[1,["57kxLOQW5Na6Y9ItXNaXTG","18jlBHvPhBZp3HCOa0DPZt","ddFbyOcNZPPqpI8LinqLyd","baWIaM7w9AI4ECBRcHzjtl"],["_textureSetter"],["cc.SpriteFrame","cc.Texture2D",["cc.AudioClip",["_name","_native","duration"],0],["cc.JsonAsset",["_name","json"],1]],[[2,0,1,2,4],[3,0,1,3]],[[[{"name":"avoid","rect":[0,0,629,640],"offset":[0,0],"originalSize":[629,640],"capInsets":[0,0,0,0]}],[0],0,[0],[0],[0]],[["0,9729,9729,33071,33071,0,0,1",-1],[1],0,[],[],[]],[[[0,"दारासमोर_गाय_उभी_होती_पक्षी_मोर",".mp3",3.768],-1],0,0,[],[],[]],[["0,9729,9729,33071,33071,0,0,1",-1],[1],0,[],[],[]],[[[1,"mr3401",{"rows":[["createsentence","1","Description","धान्य/पेरून/शेतकरी/घरी/परत/आला/फळ/पेरू","मोर","guava.png","धान्य_पेरून_शेतकरी_घरी_परत_आला_फळ_पेरू.mp3"],["createsentence","1","Description","कामाची/टाळाटाळ/करू/नये/वाद्य/टाळ","हाथ","avoid.png","कामाची_टाळाटाळ_करू_नये_वाद्य_टाळ.mp3"],["createsentence","1","Description","दारासमोर/गाय/उभी/होती/पक्षी/मोर.","पेरू","peacock.png","दारासमोर_गाय_उभी_होती_पक्षी_मोर.mp3"],["createsentence","1","Description","हातच्या/काकणाला/आरसा/कशाला/शरीर/हात","टाळ","hand.png","हातच्या_काकणाला_आरसा_कशाला_शरीर_अवयव_हात.mp3"],["quizliteracy","1","Description","image_word","पेरू","पेरू","मोर","हाथ","guava.png"],["quizliteracy","1","Description","image_word","मोर","मोर","हाथ","चंद्र","peacock.png"],["quizliteracy","1","Description","image_word","हाथ","हाथ","छत्री","मोर","hand.png"]]}]],0,0,[],[],[]],[[{"name":"hand","rect":[0,0,640,427],"offset":[0,0],"originalSize":[640,427],"capInsets":[0,0,0,0]}],[0],0,[0],[0],[1]],[[[0,"हातच्या_काकणाला_आरसा_कशाला_शरीर_अवयव_हात",".mp3",4.056],-1],0,0,[],[],[]],[[[0,"कामाची_टाळाटाळ_करू_नये_वाद्य_टाळ",".mp3",3.072],-1],0,0,[],[],[]],[["0,9729,9729,33071,33071,0,0,1",-1],[1],0,[],[],[]],[["0,9729,9729,33071,33071,0,0,1",-1],[1],0,[],[],[]],[[{"name":"peacock","rect":[0,0,640,424],"offset":[0,0],"originalSize":[640,424],"capInsets":[0,0,0,0]}],[0],0,[0],[0],[2]],[[{"name":"guava","rect":[7,174,593,386],"offset":[3.5,-67],"originalSize":[600,600],"capInsets":[0,0,0,0]}],[0],0,[0],[0],[3]],[[[0,"धान्य_पेरून_शेतकरी_घरी_परत_आला_फळ_पेरू",".mp3",4.104],-1],0,0,[],[],[]]]]