[1,["b20Z3e1lRCN63q0yMOihsd","8dby/1uKlN87BJHhvE26la","2945DNuTxE/ITB+K97vI7D","5fu137lMtGgrBbs2qPzICY","c7ly3IOblL/Js6Ndgci1Wt","b6d7aNRhtNPJkGON1Ss40i"],["_textureSetter"],["cc.SpriteFrame","cc.Texture2D",["cc.AudioClip",["_name","_native","duration"],0],["cc.JsonAsset",["_name","json"],1]],[[2,0,1,2,4],[3,0,1,3]],[[[{"name":"chick","rect":[0,0,512,341],"offset":[0,0],"originalSize":[512,341],"capInsets":[0,0,0,0]}],[0],0,[0],[0],[0]],[[[0,"ಬಿತ್ತು.",".mp3",0.72],-1],0,0,[],[],[]],[[[0,"ಊರು.",".mp3",0.672],-1],0,0,[],[],[]],[[[0,"ಒಂದು",".mp3",0.96],-1],0,0,[],[],[]],[["0,9729,9729,33071,33071,0,0,1",-1],[1],0,[],[],[]],[[{"name":"one","rect":[0,0,512,335],"offset":[0,0],"originalSize":[512,335],"capInsets":[0,0,0,0]}],[0],0,[0],[0],[1]],[[{"name":"help","rect":[0,0,410,512],"offset":[0,0],"originalSize":[410,512],"capInsets":[0,0,0,0]}],[0],0,[0],[0],[2]],[[{"name":"ground","rect":[0,0,512,308],"offset":[0,0],"originalSize":[512,308],"capInsets":[0,0,0,0]}],[0],0,[0],[0],[3]],[[[0,"ಬಿತ್ತು",".mp3",0.744],-1],0,0,[],[],[]],[[[0,"ಸಹಾಯ",".mp3",0.864],-1],0,0,[],[],[]],[[[0,"ಊರು",".mp3",0.696],-1],0,0,[],[],[]],[["0,9729,9729,33071,33071,0,0,1",-1],[1],0,[],[],[]],[[[1,"kn3003",{"rows":[["spelldoor","1","Description","ಒಂದು","**","0","0","one.png","ಒಂದು.mp3"],["spelldoor","1","Description","ಊರು","**","0","0","village.png","ಊರು.mp3"],["spelldoor","1","Description","ಮರಿ","**","0","0","chick.png","ಮರಿ.mp3"],["spelldoor","1","Description","ನೆಲ","**","0","0","ground.png","ನೆಲ.mp3"],["spelldoor","1","Description","ಬಿ,ತ್ತು","**","0","0","sow.png","ಬಿತ್ತು.mp3"],["spelldoor","1","Description","ಸಹಾಯ","***","0","0","help.png","ಸಹಾಯ.mp3"],["quizliteracy","1","Description","word_word","ಹಾಯ","ಹಾಯ","ನ್ಮಾನ","ಲಹೆ","","ಸ______","ಸಹಾಯ.mp3"],["quizliteracy","1","Description","image_word","ಊರು","ಒಂದು","ಊರು","ಮರಿ","village.png"],["quizliteracy","1","Description","soundonly_word","ಬಿತ್ತು","ಮರಿ","ನೆಲ","ಬಿತ್ತು","","","ಬಿತ್ತು.mp3"]]}]],0,0,[],[],[]],[["0,9729,9729,33071,33071,0,0,1",-1],[1],0,[],[],[]],[[[0,"ಸಹಾಯ.",".mp3",0.864],-1],0,0,[],[],[]],[["0,9729,9729,33071,33071,0,0,1",-1],[1],0,[],[],[]],[["0,9729,9729,33071,33071,0,0,1",-1],[1],0,[],[],[]],[[{"name":"sow","rect":[0,0,512,341],"offset":[0,0],"originalSize":[512,341],"capInsets":[0,0,0,0]}],[0],0,[0],[0],[4]],[["0,9729,9729,33071,33071,0,0,1",-1],[1],0,[],[],[]],[[[0,"ಮರಿ.",".mp3",0.6],-1],0,0,[],[],[]],[[[0,"ಮರಿ",".mp3",0.6],-1],0,0,[],[],[]],[[[0,"ನೆಲ",".mp3",0.624],-1],0,0,[],[],[]],[[[0,"ನೆಲ.",".mp3",0.6],-1],0,0,[],[],[]],[[{"name":"village","rect":[0,0,500,332],"offset":[0,0],"originalSize":[500,332],"capInsets":[0,0,0,0]}],[0],0,[0],[0],[5]]]]