[1,["55QJkNmLdL4JXXDbmCpbN4","d47R8mksFGP4ACBJQr1yNd","8eln7xWFtA2aHTzzphuMlk","faV1z5Od9BL5C9EuLz0AiI","d7T1NEBptNmZhpHwMMfp5v","664RXSnnNLtpVHsgYVdsjo","fauY95mmNF9Y6iVQggQ4ML","b6N5CkbBFH5Ij6vWtzBTq7","79z1URoC5Mt6VhVHt/hgeP","fczqQAeKNDc4t1lZ25Eziu"],["_textureSetter"],["cc.SpriteFrame","cc.Texture2D",["cc.JsonAsset",["_name","json"],1]],[[2,0,1,3]],[[[{"name":"findthematch_lv3_9","rect":[25,27,125,173],"offset":[3.5,-1.5],"originalSize":[168,224],"capInsets":[0,0,0,0]}],[0],0,[0],[0],[0]],[[{"name":"findthematch_lv3_6","rect":[15,25,123,170],"offset":[-7.5,2],"originalSize":[168,224],"capInsets":[0,0,0,0]}],[0],0,[0],[0],[1]],[[{"name":"findthematch_lv3_10","rect":[27,27,118,168],"offset":[2,1],"originalSize":[168,224],"capInsets":[0,0,0,0]}],[0],0,[0],[0],[2]],[["0,9729,9729,33071,33071,0,0,1",-1],[1],0,[],[],[]],[[{"name":"findthematch_lv3_4","rect":[24,25,124,183],"offset":[2,-4.5],"originalSize":[168,224],"capInsets":[0,0,0,0]}],[0],0,[0],[0],[3]],[[{"name":"findthematch_lv3_8","rect":[32,31,99,167],"offset":[-2.5,-2.5],"originalSize":[168,224],"capInsets":[0,0,0,0]}],[0],0,[0],[0],[4]],[["0,9729,9729,33071,33071,0,0,1",-1],[1],0,[],[],[]],[["0,9729,9729,33071,33071,0,0,1",-1],[1],0,[],[],[]],[[{"name":"findthematch_lv3_5","rect":[23,21,127,171],"offset":[2.5,5.5],"originalSize":[168,224],"capInsets":[0,0,0,0]}],[0],0,[0],[0],[5]],[[{"name":"findthematch_lv3_7","rect":[14,19,149,181],"offset":[4.5,2.5],"originalSize":[168,224],"capInsets":[0,0,0,0]}],[0],0,[0],[0],[6]],[["0,9729,9729,33071,33071,0,0,1",-1],[1],0,[],[],[]],[[{"name":"findthematch_lv3_3","rect":[13,15,136,184],"offset":[-3,5],"originalSize":[168,224],"capInsets":[0,0,0,0]}],[0],0,[0],[0],[7]],[["0,9729,9729,33071,33071,0,0,1",-1],[1],0,[],[],[]],[[[0,"matchingcard0003",{"rows":[["matchingcard","1","Description","3","findthematch_lv3_3.png","findthematch_lv3_7.png","findthematch_lv3_4.png",""],["matchingcard","1","Description","3","findthematch_lv3_6.png","findthematch_lv3_2.png","findthematch_lv3_13.png",""],["matchingcard","1","Description","3","findthematch_lv3_6.png","findthematch_lv3_8.png","findthematch_lv3_13.png",""],["matchingcard","1","Description","3","findthematch_lv3_9.png","findthematch_lv3_3.png","findthematch_lv3_2.png",""],["matchingcard","1","Description","3","findthematch_lv3_8.png","findthematch_lv3_6.png","findthematch_lv3_13.png",""]]}]],0,0,[],[],[]],[[{"name":"findthematch_lv3_13","rect":[19,21,140,196],"offset":[5,-7],"originalSize":[168,224],"capInsets":[0,0,0,0]}],[0],0,[0],[0],[8]],[["0,9729,9729,33071,33071,0,0,1",-1],[1],0,[],[],[]],[["0,9729,9729,33071,33071,0,0,1",-1],[1],0,[],[],[]],[[{"name":"findthematch_lv3_2","rect":[18,26,123,178],"offset":[-4.5,-3],"originalSize":[168,224],"capInsets":[0,0,0,0]}],[0],0,[0],[0],[9]],[["0,9729,9729,33071,33071,0,0,1",-1],[1],0,[],[],[]],[["0,9729,9729,33071,33071,0,0,1",-1],[1],0,[],[],[]],[["0,9729,9729,33071,33071,0,0,1",-1],[1],0,[],[],[]]]]