[1,["864sMrAPFI4Lj6ZOGGIRk6","7aqd/tApFPY6lBZcE3EIAM","e1nH9whl1DQLF6VAnjU9e1"],["_textureSetter"],["cc.SpriteFrame","cc.Texture2D",["cc.AudioClip",["_name","_native","duration"],0],["cc.JsonAsset",["_name","json"],1]],[[2,0,1,2,4],[3,0,1,3]],[[[{"name":"jar","rect":[0,0,400,333],"offset":[0,0],"originalSize":[400,333],"capInsets":[0,0,0,0]}],[0],0,[0],[0],[0]],[[[0,"j",".mp3",0.984],-1],0,0,[],[],[]],[[[0,"jar",".mp3",0.936],-1],0,0,[],[],[]],[[{"name":"jug","rect":[0,0,500,750],"offset":[0,0],"originalSize":[500,750],"capInsets":[0,0,0,0]}],[0],0,[0],[0],[1]],[["0,9729,9729,33071,33071,0,0,1",-1],[1],0,[],[],[]],[["0,9729,9729,33071,33071,0,0,1",-1],[1],0,[],[],[]],[[[1,"en0103",{"rows":[["balloonpop","1","Description","2","j","5","j,i,h","j.mp3"],["writeletter","1","Description","j","-"],["writecard","1","Description","j","jam","jam.png","jam.mp3","jar","jar.png","jar.mp3","jug","jug.png","jug.mp3"],["quizliteracy","1","Description","soundonly_word","j","j","g","z","","","j.mp3"],["quizliteracy","1","Description","word_word","j","j","y","k","","j"],["quizliteracy","1","Description","soundonly_word","j","c","k","j","","","j.mp3"]]}]],0,0,[],[],[]],[[[0,"jam",".mp3",1.08],-1],0,0,[],[],[]],[["0,9729,9729,33071,33071,0,0,1",-1],[1],0,[],[],[]],[[{"name":"jam","rect":[0,0,500,750],"offset":[0,0],"originalSize":[500,750],"capInsets":[0,0,0,0]}],[0],0,[0],[0],[2]],[[[0,"jug",".mp3",1.08],-1],0,0,[],[],[]]]]