[1,["d77gt6YP5NKb1wyaP/39VZ","3fpGDjfxtBJbV+kE7nTr2g","72zbAKEpVC56Wq91WsyH+w","3aUR4ELwpBpYDx7C2cbeWr","ffo9frOZtBQKVGsiPZM/I9","05vUAF3QNC942oHHhGbpNp","ebtGxgBhRJEKIvZIzY1Rti","e1cfBDg3JN56DNcESgHvZx","beX1MOQrFAfpDhtN86BcTa","00C+tS/9BI8Z+B/tI8gTPe"],["_textureSetter"],["cc.Texture2D","cc.SpriteFrame",["cc.AudioClip",["_name","_native","duration"],0],["cc.JsonAsset",["_name","json"],1]],[[2,0,1,2,4],[3,0,1,3]],[[["0,9729,9729,33071,33071,0,0,1",-1],[0],0,[],[],[]],[["0,9729,9729,33071,33071,0,0,1",-1],[0],0,[],[],[]],[[[0,"पीठ",".mp3",0.548571],-1],0,0,[],[],[]],[[[0,"पंजा",".mp3",0.757551],-1],0,0,[],[],[]],[[[0,"गाय",".mp3",0.626939],-1],0,0,[],[],[]],[[[0,"एंटीना",".mp3",0.705306],-1],0,0,[],[],[]],[[[0,"टांग",".mp3",0.548571],-1],0,0,[],[],[]],[[[0,"मधुमक्खी",".mp3",1.17551],-1],0,0,[],[],[]],[[{"name":"image_9_3","rect":[0,0,845,695],"offset":[0,0],"originalSize":[845,695],"capInsets":[0,0,0,0]}],[1],0,[0],[0],[0]],[[[0,"संज्ञा_शब्द_चुनें",".mp3",2.592],-1],0,0,[],[],[]],[["0,9729,9729,33071,33071,0,0,1",-1],[0],0,[],[],[]],[["1,9729,9729,33071,33071,0,0,1",-1],[0],0,[],[],[]],[[[0,"बिल्ली",".mp3",0.653061],-1],0,0,[],[],[]],[[[0,"मूंछ",".mp3",0.731429],-1],0,0,[],[],[]],[[{"name":"image_9_4","rect":[0,0,845,695],"offset":[0,0],"originalSize":[845,695],"capInsets":[0,0,0,0]}],[1],0,[0],[0],[1]],[[[0,"पैर",".mp3",0.444082],-1],0,0,[],[],[]],[[[0,"कीडा",".mp3",0.653061],-1],0,0,[],[],[]],[[[0,"सूँढ",".mp3",0.626939],-1],0,0,[],[],[]],[[[0,"चूहा",".mp3",0.705306],-1],0,0,[],[],[]],[[[0,"कुत्ता",".mp3",0.705306],-1],0,0,[],[],[]],[[[0,"हाथी",".mp3",0.835918],-1],0,0,[],[],[]],[[{"name":"बिल्ली","rect":[0,0,140,140],"offset":[0,0],"originalSize":[140,140],"capInsets":[0,0,0,0]}],[1],0,[0],[0],[2]],[["0,9729,9729,33071,33071,0,0,1",-1],[0],0,[],[],[]],[[{"name":"कुत्ता","rect":[0,0,140,140],"offset":[0,0],"originalSize":[140,140],"capInsets":[0,0,0,0]}],[1],0,[0],[0],[3]],[[[0,"केश",".mp3",0.626939],-1],0,0,[],[],[]],[[{"name":"image_9_1","rect":[0,0,845,695],"offset":[0,0],"originalSize":[845,695],"capInsets":[0,0,0,0]}],[1],0,[0],[0],[4]],[[[0,"मुर्गी",".mp3",0.679184],-1],0,0,[],[],[]],[[{"name":"कीडा","rect":[0,0,140,140],"offset":[0,0],"originalSize":[140,140],"capInsets":[0,0,0,0]}],[1],0,[0],[0],[5]],[[{"name":"image_9_2","rect":[0,0,845,695],"offset":[0,0],"originalSize":[845,695],"capInsets":[0,0,0,0]}],[1],0,[0],[0],[6]],[[{"name":"मुर्गी","rect":[0,0,140,140],"offset":[0,0],"originalSize":[140,140],"capInsets":[0,0,0,0]}],[1],0,[0],[0],[7]],[[[0,"सिर",".mp3",0.574694],-1],0,0,[],[],[]],[[{"name":"गाय","rect":[0,0,140,105],"offset":[0,0],"originalSize":[140,105],"capInsets":[0,0,0,0]}],[1],0,[0],[0],[8]],[[[0,"रोवां",".mp3",0.783673],-1],0,0,[],[],[]],[["0,9729,9729,33071,33071,0,0,1",-1],[0],0,[],[],[]],[[[0,"पूंछ",".mp3",0.653061],-1],0,0,[],[],[]],[[{"name":"मेढक","rect":[0,0,140,140],"offset":[0,0],"originalSize":[140,140],"capInsets":[0,0,0,0]}],[1],0,[0],[0],[9]],[[[0,"कान",".mp3",0.548571],-1],0,0,[],[],[]],[[[0,"दांत",".mp3",0.679184],-1],0,0,[],[],[]],[[[0,"मेढक",".mp3",0.835918],-1],0,0,[],[],[]],[[[0,"शेर",".mp3",0.626939],-1],0,0,[],[],[]],[["1,9729,9729,33071,33071,0,0,1",-1],[0],0,[],[],[]],[[[1,"hi1400",{"rows":[["tag","1","Description","image_9_1.jpg","शेर","1106.-1477","शेर.mp3","दाँत","1128.-805","दांत.mp3","केश","468.-1291","केश.mp3","पैर","776.-569","पैर.mp3"],["tag","1","Description","image_9_2.jpg","चूहा","1066.-1437","चूहा.mp3","पूँछ","368.-449","पूंछ.mp3","मूँछ","1214.-1085","मूंछ.mp3","रोवां","425.-1085","रोवां.mp3","पंजा","1214.-449","पंजा.mp3"],["tag","1","Description","image_9_3.jpg","मधुमक्खी","1095.-1442","मधुमक्खी.mp3","पंख","1231.-871","पंख.mp3","एंटीना","249.-808","एंटीना.mp3","सिर","354.-1171","सिर.mp3","टाँग","909.-569","टांग.mp3"],["tag","1","Description","image_9_4.jpg","हाथी","298.-1535","हाथी.mp3","सूँढ","1209.-1244","सूँढ.mp3","दाँत","1302.-674","दांत.mp3","पीठ","354.-1171","पीठ.mp3","कान","575.-674","कान.mp3"],["letterpair","1","Description","image","image","कीडा.png","कीडा.png","कीडा.mp3","कुत्ता.png","कुत्ता.png","कुत्ता.mp3","गाय.png","गाय.png","गाय.mp3","बिल्ली.png","बिल्ली.png","बिल्ली.mp3","मुर्गी.png","मुर्गी.png","मुर्गी.mp3","मेढक.png","मेढक.png","मेढक.mp3"],["quizliteracy","1","Description","sentence_sentence","शेर","शेर","धूसर","हरा","","संज्ञा शब्द चुनें","संज्ञा_शब्द_चुनें.mp3"],["quizliteracy","1","Description","sentence_sentence","चूहा","खतरा","चूहा","गहरा","","संज्ञा शब्द चुनें","संज्ञा_शब्द_चुनें.mp3"],["quizliteracy","1","Description","sentence_sentence","मधुमक्खी","नीला","सफ़ेद","मधुमक्खी","","संज्ञा शब्द चुनें","संज्ञा_शब्द_चुनें.mp3"],["quizliteracy","1","Description","sentence_sentence","हाथी","हाथी","आकार","बड़ा","","संज्ञा शब्द चुनें","संज्ञा_शब्द_चुनें.mp3"]]}]],0,0,[],[],[]],[[[0,"पंख",".mp3",0.574694],-1],0,0,[],[],[]],[["0,9729,9729,33071,33071,0,0,1",-1],[0],0,[],[],[]],[["1,9729,9729,33071,33071,0,0,1",-1],[0],0,[],[],[]],[["1,9729,9729,33071,33071,0,0,1",-1],[0],0,[],[],[]]]]