[1,["64Xt4TaTJNj7+mTbdRFSFE","e9VKIJVEhP7KYSXshrF137","e2lR/pJ7ZB676VnoCxLvsg","ca6WN2NzFDIKpQBN9qf7bb","d3tMOdbxZLUYN1N2sK9ayG","82U3OtjupNW7/xgJ40xiIp","08koESTZBHvZzyomHzLZRl"],["_textureSetter"],["cc.Texture2D","cc.SpriteFrame",["cc.AudioClip",["_name","_native","duration"],0],["cc.JsonAsset",["_name","json"],1]],[[2,0,1,2,4],[3,0,1,3]],[[["0,9729,9729,33071,33071,0,0,1",-1],[0],0,[],[],[]],[[{"name":"मेघ","rect":[0,0,370,273],"offset":[0,0],"originalSize":[370,273],"capInsets":[0,0,0,0]}],[1],0,[0],[0],[0]],[[{"name":"गेंदा","rect":[0,0,370,273],"offset":[0,0],"originalSize":[370,273],"capInsets":[0,0,0,0]}],[1],0,[0],[0],[1]],[[[0,"मूंछे",".mp3",0.992653],-1],0,0,[],[],[]],[[[0,"मे",".mp3",0.626939],-1],0,0,[],[],[]],[[[0,"पेट",".mp3",0.809796],-1],0,0,[],[],[]],[[[1,"hi0709",{"rows":[["spelldoor","1","Description","मेघ","*घ","0","1","मेघ.png","मेघ.mp3"],["spelldoor","1","Description","गेंदा","गें*","0","1","गेंदा.png","गेंदा.mp3"],["spelldoor","1","Description","मूंछे","मूं*","0","1","मूंछे.png","मूंछे.mp3"],["openwindow","1","Description","LEGIT","रे,त","रेत1.png","अंगूर.png","रेत.mp3","ज,ग,न,ल,फ,छा,ता,र,थ,व,न,घ,ट्र,क,घो,ड़ा,हा,थी,आ,म,स"],["rocket","1","Description","पेट","पे,ट","पे,ट","पेट.mp3","पेट.png","false ","false "],["rocket","1","Description","रेत","रे,त","रे,त","रेत.mp3","रेत.png","false ","false "],["phonictractor","1","Description","5","मेघ","मेघ.mp3","मे","मे.mp3","घ","घ.mp3"],["quizliteracy","1","Description","soundonly_word","मेघ","मेघ","मूंछे","गेंदा","","","मेघ.mp3"],["quizliteracy","1","Description","image_word","गेंदा","मूंछे","गेंदा","मेघ","गेंदा.png"],["quizliteracy","1","Description","soundonly_word","मूंछे","गेंदा","मेघ","मूंछे","","","मूंछे.mp3"]]}]],0,0,[],[],[]],[["0,9729,9729,33071,33071,0,0,1",-1],[0],0,[],[],[]],[[{"name":"रेत1","rect":[0,0,193,153],"offset":[0,0],"originalSize":[193,153],"capInsets":[0,0,0,0]}],[1],0,[0],[0],[2]],[[[0,"गेंदा",".mp3",0.809796],-1],0,0,[],[],[]],[[[0,"घ",".mp3",0.70525],-1],0,0,[],[],[]],[["0,9729,9729,33071,33071,0,0,1",-1],[0],0,[],[],[]],[[{"name":"पेट","rect":[0,0,271,271],"offset":[0,0],"originalSize":[271,271],"capInsets":[0,0,0,0]}],[1],0,[0],[0],[3]],[[{"name":"रेत","rect":[0,0,640,640],"offset":[0,0],"originalSize":[640,640],"capInsets":[0,0,0,0]}],[1],0,[0],[0],[4]],[[[0,"मेघ",".mp3",0.783673],-1],0,0,[],[],[]],[[{"name":"अंगूर","rect":[0,0,193,153],"offset":[0,0],"originalSize":[193,153],"capInsets":[0,0,0,0]}],[1],0,[0],[0],[5]],[["0,9729,9729,33071,33071,0,0,1",-1],[0],0,[],[],[]],[["0,9729,9729,33071,33071,0,0,1",-1],[0],0,[],[],[]],[[[0,"रेत",".mp3",0.653061],-1],0,0,[],[],[]],[["0,9729,9729,33071,33071,0,0,1",-1],[0],0,[],[],[]],[["0,9729,9729,33071,33071,0,0,1",-1],[0],0,[],[],[]],[[{"name":"मूंछे","rect":[0,84,370,125],"offset":[0,-10],"originalSize":[370,273],"capInsets":[0,0,0,0]}],[1],0,[0],[0],[6]]]]