[1,["a7yXtvyK9HwKZse4KEVJsl","cbdw733YNNE7mOjvynyHeD","66O6f/vA1BsLm0UA6yrR65"],["_textureSetter"],["cc.Texture2D","cc.SpriteFrame",["cc.AudioClip",["_name","_native","duration"],0],["cc.JsonAsset",["_name","json"],1]],[[2,0,1,2,4],[3,0,1,3]],[[[[0,"ठसा",".mp3",0.914286],-1],0,0,[],[],[]],[[[1,"mr0111",{"rows":[["balloonpop","1","Description","2","ठ","3","झ,ठ,ट","ठ.mp3"],["phonictractor","1","Description","5","ठ","ठ.mp3","ठ","ठ.mp3"],["writeletter","1","Description","ठ","ठसा"],["writecard","1","Description","ठ","ठसा","stamp.png","ठसा.mp3","ठळक","boldfont.png","ठळक.mp3","मठ","monastery.png","मठ.mp3"],["quizliteracy","1","Description","soundonly_word","ठ","छ","ठ","प","","","ठ.mp3"],["quizliteracy","1","Description","word_word","ठ","ठ","छ","आ","","ठ"],["quizliteracy","1","Description","soundonly_word","ठ","छ","ठ","प","","","ठ.mp3"]]}]],0,0,[],[],[]],[[[0,"ठळक",".mp3",0.783673],-1],0,0,[],[],[]],[[[0,"ठ",".mp3",0.835918],-1],0,0,[],[],[]],[["0,9729,9729,33071,33071,0,0,1",-1],[0],0,[],[],[]],[[{"name":"monastery","rect":[0,0,640,480],"offset":[0,0],"originalSize":[640,480],"capInsets":[0,0,0,0]}],[1],0,[0],[0],[0]],[[{"name":"stamp","rect":[0,0,640,480],"offset":[0,0],"originalSize":[640,480],"capInsets":[0,0,0,0]}],[1],0,[0],[0],[1]],[[[0,"मठ",".mp3",0.888163],-1],0,0,[],[],[]],[["0,9729,9729,33071,33071,0,0,1",-1],[0],0,[],[],[]],[["0,9729,9729,33071,33071,0,0,1",-1],[0],0,[],[],[]],[[{"name":"boldfont","rect":[0,0,512,502],"offset":[0,0],"originalSize":[512,502],"capInsets":[0,0,0,0]}],[1],0,[0],[0],[2]]]]