[1,["b6aTyVjHdDrbkzc+3clwyX","93d2NfY8pCyLW6IQ4BVZFy","favH6x9mROw4yB5fshD44W","3cvn9HnjFO4Y97tSstipid","6dCT424TtOOKdmaJyGB5Ku","19/Gpki0FPDpVeJ+iSO+PQ","e4oKk54/xKxJCyEoML0Nwj","772QlFR9BBvrf6VjpNdDJ0","e3Sfzmn19GBIiR86dkesGi"],["_textureSetter"],["cc.SpriteFrame","cc.Texture2D",["cc.AudioClip",["_name","_native","duration"],0],["cc.JsonAsset",["_name","json"],1]],[[2,0,1,2,4],[3,0,1,3]],[[[[0,"we_eat_lunch_in_the_afternoon",".mp3",2.35102],-1],0,0,[],[],[]],[[{"name":"park_evening","rect":[0,0,378,212],"offset":[0,0],"originalSize":[378,212],"capInsets":[0,0,0,0]}],[0],0,[0],[0],[0]],[["0,9729,9729,33071,33071,0,0,1",-1],[1],0,[],[],[]],[[[0,"They_had_their_dinner_at_night",".mp3",2.324898],-1],0,0,[],[],[]],[[{"name":"shadow_morning","rect":[0,0,259,194],"offset":[0,0],"originalSize":[259,194],"capInsets":[0,0,0,0]}],[0],0,[0],[0],[1]],[[{"name":"dinner","rect":[0,0,868,689],"offset":[0,0],"originalSize":[868,689],"capInsets":[0,0,0,0]}],[0],0,[0],[0],[2]],[[{"name":"lunch","rect":[0,0,868,689],"offset":[0,0],"originalSize":[868,689],"capInsets":[0,0,0,0]}],[0],0,[0],[0],[3]],[[[0,"The_sun_shines_bright_at_noon",".mp3",2.298776],-1],0,0,[],[],[]],[["0,9729,9729,33071,33071,0,0,1",-1],[1],0,[],[],[]],[[[1,"sl_en3600",{"rows":[["picturemeaning","1","Description","S","We go to school during day","school_day.png","we_go_to_school_during_day.mp3","We play in park in the evening.","park_evening.png","We_play_in_park_in_evening.mp3","We watch stars at night.","stars.png","we_watch_stars_at_night.mp3"],["picturemeaning","1","Description","S","My shadow is tall in the morning/evening","shadow_morning.png","My_shadow_is_tall_in_the_morning.mp3","My shadow is short at noon","shadow_noon.png","my_shadow_is_short_at_noon.mp3","I have no shadow at night","night_shadow.png","I_have_no_shadow_at_night.mp3"],["createsentence","1","Description","We/eat/lunch/in/the/afternoon","","lunch.png","we_eat_lunch_in_the_afternoon.mp3"],["createsentence","1","Description","They/had/their/dinner/at/night","","dinner.png","They_had_their_dinner_at_night.mp3"],["createsentence","1","Description","The/sun/shines/bright/at/noon","","noon.png","The_sun_shines_bright_at_noon.mp3"],["quizliteracy","1","Description","image_word","Morning Shadow","Noon Shadow","Night Shadow","Morning Shadow","shadow_morning.png"],["quizliteracy","1","Description","soundonly_image","stars.png","stars.png","park_evening.png","school_day.png","","","we_watch_stars_at_night.mp3"],["quizliteracy","1","Description","sentence_sentence","lunch","breakfast","lunch","dinner","","We eat _____ in the afternoon.","we_eat_lunch_in_the_afternoon.mp3"]]}]],0,0,[],[],[]],[["0,9729,9729,33071,33071,0,0,1",-1],[1],0,[],[],[]],[[{"name":"shadow_noon","rect":[0,0,960,640],"offset":[0,0],"originalSize":[960,640],"capInsets":[0,0,0,0]}],[0],0,[0],[0],[4]],[["0,9729,9729,33071,33071,0,0,1",-1],[1],0,[],[],[]],[[{"name":"school_day","rect":[0,0,378,252],"offset":[0,0],"originalSize":[378,252],"capInsets":[0,0,0,0]}],[0],0,[0],[0],[5]],[[{"name":"noon","rect":[0,0,2576,1932],"offset":[0,0],"originalSize":[2576,1932],"capInsets":[0,0,0,0]}],[0],0,[0],[0],[6]],[[[0,"I_have_no_shadow_at_night",".mp3",1.959184],-1],0,0,[],[],[]],[[[0,"my_shadow_is_short_at_noon",".mp3",2.507755],-1],0,0,[],[],[]],[[[0,"we_watch_stars_at_night",".mp3",2.037551],-1],0,0,[],[],[]],[["0,9729,9729,33071,33071,0,0,1",-1],[1],0,[],[],[]],[[{"name":"night_shadow","rect":[0,0,500,609],"offset":[0,0],"originalSize":[500,609],"capInsets":[0,0,0,0]}],[0],0,[0],[0],[7]],[[[0,"My_shadow_is_tall_in_the_morning",".mp3",2.586122],-1],0,0,[],[],[]],[["0,9729,9729,33071,33071,0,0,1",-1],[1],0,[],[],[]],[[{"name":"stars","rect":[0,0,694,500],"offset":[0,0],"originalSize":[694,500],"capInsets":[0,0,0,0]}],[0],0,[0],[0],[8]],[[[0,"We_play_in_park_in_evening",".mp3",2.533878],-1],0,0,[],[],[]],[[[0,"we_go_to_school_during_day",".mp3",2.298776],-1],0,0,[],[],[]],[["0,9729,9729,33071,33071,0,0,1",-1],[1],0,[],[],[]],[["0,9729,9729,33071,33071,0,0,1",-1],[1],0,[],[],[]],[["0,9729,9729,33071,33071,0,0,1",-1],[1],0,[],[],[]]]]