[1,["9clgWJ70pOfIIGgfedze7x","08t/EpeJVI15hC6BV9ulfY","5a4ILQ4FRHz56o1h9gpAF4","acxnteHRhBVZ0AQi2ITyFk"],["_textureSetter"],["cc.Texture2D","cc.SpriteFrame",["cc.AudioClip",["_name","_native","duration"],0],["cc.JsonAsset",["_name","json"],1]],[[2,0,1,2,4],[3,0,1,3]],[[["0,9729,9729,33071,33071,0,0,1",-1],[0],0,[],[],[]],[[[0,"ಳ",".mp3",0.504],-1],0,0,[],[],[]],[[{"name":"pat_dog","rect":[0,0,800,533],"offset":[0,0],"originalSize":[800,533],"capInsets":[0,0,0,0]}],[1],0,[0],[0],[0]],[[[0,"ಡು",".mp3",0.528],-1],0,0,[],[],[]],[[[0,"ಆಡಿಸು",".mp3",0.864],-1],0,0,[],[],[]],[[[0,"ಸೋಮ",".mp3",0.72],-1],0,0,[],[],[]],[[{"name":"write","rect":[0,0,800,600],"offset":[0,0],"originalSize":[800,600],"capInsets":[0,0,0,0]}],[1],0,[0],[0],[1]],[["0,9729,9729,33071,33071,0,0,1",-1],[0],0,[],[],[]],[[[0,"ಒ",".mp3",0.48],-1],0,0,[],[],[]],[[[0,"ದ",".mp3",0.504],-1],0,0,[],[],[]],[[[0,"ಒಳಗೆ",".mp3",0.72],-1],0,0,[],[],[]],[[{"name":"boy","rect":[0,0,800,532],"offset":[0,0],"originalSize":[800,532],"capInsets":[0,0,0,0]}],[1],0,[0],[0],[2]],[[[1,"kn2603",{"rows":[["spelldoor","1","Description","ಆಡಿಸು","***","0","0","play.png","ಆಡಿಸು.mp3"],["phonictractor","1","Description","4","ತೆರೆದ","ತೆರೆದ.mp3","ತೆ","ತೆ.mp3","ರೆ","ರೆ.mp3","ದ","ದ.mp3"],["phonictractor","1","Description","4","ಒಳಗೆ","ಒಳಗೆ.mp3","ಒ","ಒ.mp3","ಳ","ಳ.mp3","ಗೆ","ಗೆ.mp3"],["rocket","1","Description","ಸೋಮ","ಸೋ,ಮ","ಸೋ,ಮ","ಸೋಮ.mp3","boy.png","False","False"],["openwindow","1","Description","LEGIT","ಸ,ವ,ರು","pat_dog.png","write.png","ಸವರು.mp3","ಸ,ವ,ರು"],["phonictractor","1","Description","4","ಕಂಡು","ಕಂಡು.mp3","ಕಂ","ಕಂ.mp3","ಡು","ಡು.mp3"],["quizliteracy","1","Description","word_word","ರೆದ","ರೆದ","ತಡ","ನಡ","","ತೆ___","ತೆರೆದ.mp3"],["quizliteracy","1","Description","image_word","ಆಡಿಸು","ತೆರೆದ","ಆಡಿಸು","ಸೋಮ","play.png"],["quizliteracy","1","Description","soundonly_word","ಕಂಡು","ಆಡಿಸು","ಸೋಮ","ಕಂಡು","","","ಕಂಡು.mp3"]]}]],0,0,[],[],[]],[[[0,"ರೆ",".mp3",0.528],-1],0,0,[],[],[]],[[{"name":"play","rect":[0,0,500,346],"offset":[0,0],"originalSize":[500,346],"capInsets":[0,0,0,0]}],[1],0,[0],[0],[3]],[["0,9729,9729,33071,33071,0,0,1",-1],[0],0,[],[],[]],[["0,9729,9729,33071,33071,0,0,1",-1],[0],0,[],[],[]],[[[0,"ಗೆ",".mp3",0.576],-1],0,0,[],[],[]],[[[0,"ಕಂಡು",".mp3",0.72],-1],0,0,[],[],[]],[[[0,"ತೆರೆದ",".mp3",0.72],-1],0,0,[],[],[]],[[[0,"ಸವರು",".mp3",0.792],-1],0,0,[],[],[]],[[[0,"ತೆ",".mp3",0.528],-1],0,0,[],[],[]],[[[0,"ಕಂ",".mp3",0.528],-1],0,0,[],[],[]]]]