[1,["e9BzCIAktLxa+SbAkOGLOr","22b+Y2Aa1McoX2f6kCOakZ","21cLs6YhRC9K+hbPv+LpxI"],["_textureSetter"],["cc.Texture2D","cc.SpriteFrame",["cc.AudioClip",["_name","_native","duration"],0],["cc.JsonAsset",["_name","json"],1]],[[2,0,1,2,4],[3,0,1,3]],[[["0,9729,9729,33071,33071,0,0,1",-1],[0],0,[],[],[]],[["0,9729,9729,33071,33071,0,0,1",-1],[0],0,[],[],[]],[[[0,"झबला",".mp3",1.28],-1],0,0,[],[],[]],[[[0,"झरा",".mp3",0.992653],-1],0,0,[],[],[]],[[{"name":"frock","rect":[0,0,427,640],"offset":[0,0],"originalSize":[427,640],"capInsets":[0,0,0,0]}],[1],0,[0],[0],[0]],[[{"name":"gown","rect":[0,0,427,640],"offset":[0,0],"originalSize":[427,640],"capInsets":[0,0,0,0]}],[1],0,[0],[0],[1]],[[[0,"झगा",".mp3",0.966531],-1],0,0,[],[],[]],[[{"name":"waterfalls","rect":[0,0,640,426],"offset":[0,0],"originalSize":[640,426],"capInsets":[0,0,0,0]}],[1],0,[0],[0],[2]],[[[0,"झ",".mp3",1.07102],-1],0,0,[],[],[]],[["0,9729,9729,33071,33071,0,0,1",-1],[0],0,[],[],[]],[[[1,"mr0108",{"rows":[["balloonpop","1","Description","2","झ","3","झ,ज,छ","झ.mp3"],["phonictractor","1","Description","5","झ","झ.mp3","झ","झ.mp3"],["writeletter","1","Description","झ","झबला"],["writecard","1","Description","झ","झबला","gown.png","झबला.mp3","झरा","waterfalls.png","झरा.mp3","झगा","frock.png","झगा.mp3"],["quizliteracy","1","Description","soundonly_word","झ","झ","ओ","इ","","","झ.mp3"],["quizliteracy","1","Description","word_word","झ","इ","अं","झ","","झ"],["quizliteracy","1","Description","soundonly_word","झ","झ","ओ","इ","","","झ.mp3"]]}]],0,0,[],[],[]]]]