[1,["53t2kTFqJNOIx+Twsno4Zd","85xCcSI9NByJ0RTVZr2L+o","f6YNaFjNhDNqxRjg9jjt+u","b5WTaXcb5EnqKwcVUxh8r5","9fVvqIAc5MWp1dnYum+5yI","4dDDnScwFICab4LIUxAXqv","04YD3iTr1CtIifH8UYj4Be","01SMlatphFEIgSZ5YJYzG/","86awdmuFNNnZViYjQwQisE","3ewTc8rz9M1ocAWWwIeFmq"],["_textureSetter"],["cc.SpriteFrame","cc.Texture2D",["cc.AudioClip",["_name","_native","duration"],0],["cc.JsonAsset",["_name","json"],1]],[[2,0,1,2,4],[3,0,1,3]],[[[{"name":"park","rect":[0,0,482,482],"offset":[0,0],"originalSize":[482,482],"capInsets":[0,0,0,0]}],[0],0,[0],[0],[0]],[["0,9729,9729,33071,33071,0,0,1",-1],[1],0,[],[],[]],[[{"name":"window","rect":[10,3,287,251],"offset":[0,-0.5],"originalSize":[307,256],"capInsets":[0,0,0,0]}],[0],0,[0],[0],[1]],[["0,9729,9729,33071,33071,0,0,1",-1],[1],0,[],[],[]],[[{"name":"blouse","rect":[0,0,800,683],"offset":[0,0],"originalSize":[800,683],"capInsets":[0,0,0,0]}],[0],0,[0],[0],[2]],[[{"name":"bank","rect":[0,0,322,382],"offset":[0,0],"originalSize":[322,382],"capInsets":[0,0,0,0]}],[0],0,[0],[0],[3]],[[[0,"blouse",".mp3",0.731429],-1],0,0,[],[],[]],[["0,9729,9729,33071,33071,0,0,1",-1],[1],0,[],[],[]],[[[0,"bank",".mp3",0.548571],-1],0,0,[],[],[]],[["0,9729,9729,33071,33071,0,0,1",-1],[1],0,[],[],[]],[["0,9729,9729,33071,33071,0,0,1",-1],[1],0,[],[],[]],[[[0,"brown",".mp3",0.626939],-1],0,0,[],[],[]],[[{"name":"shampoo","rect":[166,14,270,581],"offset":[1,-4.5],"originalSize":[600,600],"capInsets":[0,0,0,0]}],[0],0,[0],[0],[4]],[[[0,"pink",".mp3",0.574694],-1],0,0,[],[],[]],[[{"name":"brown","rect":[0,0,1200,675],"offset":[0,0],"originalSize":[1200,675],"capInsets":[0,0,0,0]}],[0],0,[0],[0],[5]],[[[1,"sl_en1008",{"rows":[["rocket","1","Description","window","win,dow","win,dow","window.mp3","window.png","false","false"],["rocket","1","Description","brown","br,own","br,own","brown.mp3","brown.png","false","false"],["rocket","1","Description","flower","fl,ower","fl,ower","flower.mp3","flower.png","false","false"],["rocket","1","Description","blouse","bl,ouse","bl,ouse","blouse.mp3","blouse.jpg","false","false"],["rocket","1","Description","shampoo","sham,poo","sham,poo","shampoo.mp3","shampoo.png","false","false"],["rocket","1","Description","phone","ph,one","ph,one","phone.mp3","phone.png","false","false"],["rocket","1","Description","pink","p,ink","p,ink","pink.mp3","pink.png","false","false"],["rocket","1","Description","bank","b,ank","b,ank","bank.mp3","bank.png","false","false"],["rocket","1","Description","farm","f,arm","f,arm","farm.mp3","farm.png","false","false"],["rocket","1","Description","park","p,ark","p,ark","park.mp3","park.png","false","false"],["quizliteracy","1","Description","soundonly_word","window","window","bathroom","door","","","window.mp3"],["quizliteracy","1","Description","soundonly_word","farm","cane","fish","farm","","","farm.mp3"],["quizliteracy","1","Description","soundonly_word","brown","sweet","green","brown","","","brown.mp3"],["quizliteracy","1","Description","image_word","bank","zebra","bank","phone","bank.png"],["quizliteracy","1","Description","image_word","flower","basket","toilet","flower","flower.png"]]}]],0,0,[],[],[]],[["0,9729,9729,33071,33071,0,0,1",-1],[1],0,[],[],[]],[["0,9729,9729,33071,33071,0,0,1",-1],[1],0,[],[],[]],[[[0,"flower",".mp3",0.835918],-1],0,0,[],[],[]],[["0,9729,9729,33071,33071,0,0,1",-1],[1],0,[],[],[]],[[[0,"window",".mp3",0.862041],-1],0,0,[],[],[]],[["0,9729,9729,33071,33071,0,0,1",-1],[1],0,[],[],[]],[[[0,"phone",".mp3",0.835918],-1],0,0,[],[],[]],[[{"name":"flower","rect":[0,0,400,290],"offset":[0,0],"originalSize":[400,290],"capInsets":[0,0,0,0]}],[0],0,[0],[0],[6]],[[{"name":"phone","rect":[0,0,670,670],"offset":[0,0],"originalSize":[670,670],"capInsets":[0,0,0,0]}],[0],0,[0],[0],[7]],[[[0,"park",".mp3",0.679184],-1],0,0,[],[],[]],[[{"name":"farm","rect":[0,0,512,321],"offset":[0,0],"originalSize":[512,321],"capInsets":[0,0,0,0]}],[0],0,[0],[0],[8]],[[{"name":"pink","rect":[0,0,619,588],"offset":[0,0],"originalSize":[619,588],"capInsets":[0,0,0,0]}],[0],0,[0],[0],[9]],[["1,9729,9729,33071,33071,0,0,1",-1],[1],0,[],[],[]],[[[0,"shampoo",".mp3",0.914286],-1],0,0,[],[],[]],[[[0,"farm",".mp3",0.783673],-1],0,0,[],[],[]]]]