[1,["72LO9xLJNM/KXmBqk7R5vs","24J4KW/B5KDaQbVCfNRWLJ","92HenJN7lHjYWAVyr7Q5uA","02bygYyUBP8okkGS2+U4n5","a8paT79qpH1olkP+Q2V5al"],["_textureSetter"],["cc.Texture2D","cc.SpriteFrame",["cc.AudioClip",["_name","_native","duration"],0],["cc.JsonAsset",["_name","json"],1]],[[2,0,1,2,4],[3,0,1,3]],[[["0,9729,9729,33071,33071,0,0,1",-1],[0],0,[],[],[]],[[[0,"t",".mp3",0.816],-1],0,0,[],[],[]],[[{"name":"snake","rect":[0,0,400,333],"offset":[0,0],"originalSize":[400,333],"capInsets":[0,0,0,0]}],[1],0,[0],[0],[0]],[["0,9729,9729,33071,33071,0,0,1",-1],[0],0,[],[],[]],[[[0,"sky",".mp3",1.056],-1],0,0,[],[],[]],[[{"name":"soap","rect":[0,0,400,333],"offset":[0,0],"originalSize":[400,333],"capInsets":[0,0,0,0]}],[1],0,[0],[0],[1]],[[{"name":"pillow","rect":[17,13,156,119],"offset":[-1.5,4],"originalSize":[193,153],"capInsets":[0,0,0,0]}],[1],0,[0],[0],[2]],[[{"name":"basket","rect":[43,21,102,110],"offset":[-2.5,0.5],"originalSize":[193,153],"capInsets":[0,0,0,0]}],[1],0,[0],[0],[3]],[["0,9729,9729,33071,33071,0,0,1",-1],[0],0,[],[],[]],[[{"name":"sky","rect":[0,0,400,333],"offset":[0,0],"originalSize":[400,333],"capInsets":[0,0,0,0]}],[1],0,[0],[0],[4]],[[[0,"skirt",".mp3",1.224],-1],0,0,[],[],[]],[[[0,"soap",".mp3",1.08],-1],0,0,[],[],[]],[["0,9729,9729,33071,33071,0,0,1",-1],[0],0,[],[],[]],[[[1,"en1704",{"rows":[["openwindow","1","Description","LEGIT","basket","basket.png","pillow.png","basket.mp3","abcdefghijklmnopqrstuvwxyz"],["phonictractor","1","Description","5","skirt","skirt.mp3","sk","sk.mp3","ir","ir.mp3","t","t.mp3"],["writecard","1","Description","s","sky","sky.png","sky.mp3","soap","soap.png","soap.mp3","snake","snake.png","snake.mp3"],["quizliteracy","1","Description","image_word","basket","pillow","basket","lemon","basket.png"],["quizliteracy","1","Description","image_word","sky","skirt","sky","soap","sky.png"],["quizliteracy","1","Description","soundonly_word","skirt","basket","skirt","snake","","","skirt.mp3"],["quizliteracy","1","Description","soundonly_word","sky","skirt","soap","sky","","","sky.mp3"]]}]],0,0,[],[],[]],[["0,9729,9729,33071,33071,0,0,1",-1],[0],0,[],[],[]],[[[0,"sk",".mp3",1.104],-1],0,0,[],[],[]],[[[0,"snake",".mp3",1.152],-1],0,0,[],[],[]],[[[0,"basket",".mp3",1.368],-1],0,0,[],[],[]],[[[0,"ir",".mp3",1.128],-1],0,0,[],[],[]]]]