[1,["f6wtW7GHxM+qDkbepqXrys","85cSR/wAdFna8ycVyV5O1h","4c87+22pxM1qJEn5JK2chb","12T2MkO8BOK7VnJMV4CY1s","2cRDxN0ddJ+rY+D5QSfNPA","1fpXMkwGRMX5fAKLa+2Fa4","37D0KgI/pIm4QJgBbVOLqZ","d1m+zkcyNA+Zo3oVLIXSQm","3dkI0dzONIt6fRln19XtJG"],["_textureSetter"],["cc.Texture2D","cc.SpriteFrame",["cc.AudioClip",["_name","_native","duration"],0],["cc.JsonAsset",["_name","json"],1]],[[2,0,1,2,4],[3,0,1,3]],[[["0,9729,9729,33071,33071,0,0,1",-1],[0],0,[],[],[]],[[[0,"साथी",".mp3",0.940408],-1],0,0,[],[],[]],[[{"name":"सीधा","rect":[0,0,370,273],"offset":[0,0],"originalSize":[370,273],"capInsets":[0,0,0,0]}],[1],0,[0],[0],[0]],[["0,9729,9729,33071,33071,0,0,1",-1],[0],0,[],[],[]],[[{"name":"घंटी","rect":[0,0,271,271],"offset":[0,0],"originalSize":[271,271],"capInsets":[0,0,0,0]}],[1],0,[0],[0],[1]],[["0,9729,9729,33071,33071,0,0,1",-1],[0],0,[],[],[]],[[[0,"घंटी",".mp3",0.966531],-1],0,0,[],[],[]],[["0,9729,9729,33071,33071,0,0,1",-1],[0],0,[],[],[]],[[[0,"पंछी",".mp3",1.464],-1],0,0,[],[],[]],[["0,9729,9729,33071,33071,0,0,1",-1],[0],0,[],[],[]],[[{"name":"पानी","rect":[0,0,370,273],"offset":[0,0],"originalSize":[370,273],"capInsets":[0,0,0,0]}],[1],0,[0],[0],[2]],[["0,9729,9729,33071,33071,0,0,1",-1],[0],0,[],[],[]],[[[0,"तीन",".mp3",0.600816],-1],0,0,[],[],[]],[[[0,"नीला",".mp3",0.679184],-1],0,0,[],[],[]],[["0,9729,9729,33071,33071,0,0,1",-1],[0],0,[],[],[]],[[[1,"hi0605",{"rows":[["rocket","1","Description","घंटी","घं,टी","घं,टी","घंटी.mp3","घंटी.png","true ","false "],["rocket","1","Description","पंछी","पं,छी","पं,छी","पंछी.mp3","पंछी.png","false ","true "],["spelldoor","1","Description","खीरा","*रा","0","1","खीरा.png","खीरा.mp3"],["spelldoor","1","Description","झील","*ल","0","1","झील.png","झील.mp3"],["spelldoor","1","Description","पानी","प*","0","1","पानी.png","पानी.mp3"],["spelldoor","1","Description","नीला","*ला","0","1","नीला.png","नीला.mp3"],["spelldoor","1","Description","सीधा","*धा","0","1","सीधा.png","सीधा.mp3"],["spelldoor","1","Description","साथी","*थी","0","1","साथी.png","साथी.mp3"],["spelldoor","1","Description","तीन","*न","0","1","तीन.png","तीन.mp3"],["quizliteracy","1","Description","soundonly_word","सीधा","सीधा","खीरा","घंटी","","","सीधा.mp3"],["quizliteracy","1","Description","image_word","खीरा","खीरा","घंटी","सीधा","खीरा.png"],["quizliteracy","1","Description","soundonly_word","घंटी","घंटी","सीधा","खीरा","","","घंटी.mp3"]]}]],0,0,[],[],[]],[[{"name":"झील","rect":[0,0,370,273],"offset":[0,0],"originalSize":[370,273],"capInsets":[0,0,0,0]}],[1],0,[0],[0],[3]],[[[0,"झील",".mp3",0.757551],-1],0,0,[],[],[]],[[[0,"पानी",".mp3",0.705306],-1],0,0,[],[],[]],[[{"name":"खीरा","rect":[0,0,370,273],"offset":[0,0],"originalSize":[370,273],"capInsets":[0,0,0,0]}],[1],0,[0],[0],[4]],[[[0,"खीरा",".mp3",0.600816],-1],0,0,[],[],[]],[[{"name":"नीला","rect":[0,0,370,273],"offset":[0,0],"originalSize":[370,273],"capInsets":[0,0,0,0]}],[1],0,[0],[0],[5]],[[{"name":"तीन","rect":[106,0,159,272],"offset":[0.5,0.5],"originalSize":[370,273],"capInsets":[0,0,0,0]}],[1],0,[0],[0],[6]],[["0,9729,9729,33071,33071,0,0,1",-1],[0],0,[],[],[]],[[{"name":"साथी","rect":[0,0,370,273],"offset":[0,0],"originalSize":[370,273],"capInsets":[0,0,0,0]}],[1],0,[0],[0],[7]],[[[0,"सीधा",".mp3",0.940408],-1],0,0,[],[],[]],[["0,9729,9729,33071,33071,0,0,1",-1],[0],0,[],[],[]],[[{"name":"पंछी","rect":[0,0,271,271],"offset":[0,0],"originalSize":[271,271],"capInsets":[0,0,0,0]}],[1],0,[0],[0],[8]]]]