[1,["4dKn30iu5PvLnSSdJ8W2i/","f68vGuMlxO3bR9zYKCqRiR","d3+xbpa4dMib50/r/V+I1P","5cyW0U2vxNuZ51+BHHm4x2","dcZN4Xs+xNbqqeOzJcl3W8","e3/dTTjdZO/ZexOEhnYzeS","6ayYMX0fdLUajIBlTAImK5"],["_textureSetter"],["cc.SpriteFrame","cc.Texture2D",["cc.AudioClip",["_name","_native","duration"],0],["cc.JsonAsset",["_name","json"],1]],[[2,0,1,2,4],[3,0,1,3]],[[[[0,"It_is_crawling_slowly",".mp3",1.92],-1],0,0,[],[],[]],[[{"name":"angry","rect":[0,0,443,512],"offset":[0,0],"originalSize":[443,512],"capInsets":[0,0,0,0]}],[0],0,[0],[0],[0]],[[{"name":"loudly","rect":[0,0,443,512],"offset":[0,0],"originalSize":[443,512],"capInsets":[0,0,0,0]}],[0],0,[0],[0],[1]],[[[0,"loudly",".mp3",1.104],-1],0,0,[],[],[]],[[[0,"hard",".mp3",0.912],-1],0,0,[],[],[]],[["0,9729,9729,33071,33071,0,0,1",-1],[1],0,[],[],[]],[["0,9729,9729,33071,33071,0,0,1",-1],[1],0,[],[],[]],[["0,9729,9729,33071,33071,0,0,1",-1],[1],0,[],[],[]],[[[0,"fast",".mp3",1.032],-1],0,0,[],[],[]],[[[1,"en2704",{"rows":[["spelldoor","1","Description","slowly","**owly","0","1","slowly.png","slowly.mp3"],["spelldoor","1","Description","fast","*ast","0","1","fast.png","fast.mp3"],["spelldoor","1","Description","quickly","***ckly","4","1","quickly.png","quickly.mp3"],["spelldoor","1","Description","hard","ha**","4","2","hard.png","hard.mp3"],["spelldoor","1","Description","loudly","loud**","0","2","loudly.png","loudly.mp3"],["createsentence","1","Description","He/is/shouting/angrily.","","angry.png","He_is_shouting_angrily.mp3"],["createsentence","1","Description","He/is/singing/happily.","","singing.png","He_is_singing_happily.mp3"],["createsentence","1","Description","It/is/crawling/slowly.","","snail.png","It_is_crawling_slowly.mp3"],["quizliteracy","1","Description","sentence_sentence","angrily","slowly","quickly","angrily","","He is shouting _______.","He_is_shouting_angrily.mp3"],["quizliteracy","1","Description","image_sentence","quickly","fastly","slowly","loudly","quickly.png","","quickly.mp3"],["quizliteracy","1","Description","image_sentence","slowly","slowly","fast","quickly","","","slowly.mp3"]]}]],0,0,[],[],[]],[[[0,"quickly",".mp3",1.008],-1],0,0,[],[],[]],[[{"name":"quickly","rect":[0,0,512,285],"offset":[0,0],"originalSize":[512,285],"capInsets":[0,0,0,0]}],[0],0,[0],[0],[2]],[[[0,"slowly",".mp3",1.056],-1],0,0,[],[],[]],[[{"name":"hard","rect":[0,0,395,512],"offset":[0,0],"originalSize":[395,512],"capInsets":[0,0,0,0]}],[0],0,[0],[0],[3]],[[[0,"He_is_singing_happily",".mp3",2.064],-1],0,0,[],[],[]],[["0,9729,9729,33071,33071,0,0,1",-1],[1],0,[],[],[]],[[[0,"He_is_shouting_angrily",".mp3",2.208],-1],0,0,[],[],[]],[["0,9729,9729,33071,33071,0,0,1",-1],[1],0,[],[],[]],[[{"name":"snail","rect":[0,0,512,320],"offset":[0,0],"originalSize":[512,320],"capInsets":[0,0,0,0]}],[0],0,[0],[0],[4]],[["0,9729,9729,33071,33071,0,0,1",-1],[1],0,[],[],[]],[[{"name":"singing","rect":[0,0,512,321],"offset":[0,0],"originalSize":[512,321],"capInsets":[0,0,0,0]}],[0],0,[0],[0],[5]],[[{"name":"fast","rect":[0,0,512,382],"offset":[0,0],"originalSize":[512,382],"capInsets":[0,0,0,0]}],[0],0,[0],[0],[6]],[["0,9729,9729,33071,33071,0,0,1",-1],[1],0,[],[],[]]]]