[1,["ce9HXj2YxCBJg1vv2tUlOu","ccj9bfhxpOp7gpxJOByhhG","ff0aOyas1KIJxmcyK6WtDX","25aqKz+cNBMoykVhvW2Iaa"],["_textureSetter"],["cc.SpriteFrame","cc.Texture2D",["cc.AudioClip",["_name","_native","duration"],0],["cc.JsonAsset",["_name","json"],1]],[[2,0,1,2,4],[3,0,1,3]],[[[{"name":"image_22_1","rect":[0,0,845,695],"offset":[0,0],"originalSize":[845,695],"capInsets":[0,0,0,0]}],[0],0,[0],[0],[0]],[[[0,"नाखून",".mp3",0.731429],-1],0,0,[],[],[]],[[[0,"ठोडी",".mp3",0.626939],-1],0,0,[],[],[]],[[[0,"संज्ञा_शब्द_चुनें",".mp3",2.592],-1],0,0,[],[],[]],[[[0,"सिर",".mp3",0.574694],-1],0,0,[],[],[]],[[[0,"पाँव",".mp3",0.522449],-1],0,0,[],[],[]],[["1,9729,9729,33071,33071,0,0,1",-1],[1],0,[],[],[]],[[[0,"हथेली",".mp3",0.940408],-1],0,0,[],[],[]],[[[0,"कंधों",".mp3",0.679184],-1],0,0,[],[],[]],[[[0,"उंगली",".mp3",0.679184],-1],0,0,[],[],[]],[[[0,"यह_मेरा_मुंह_है",".mp3",1.28],-1],0,0,[],[],[]],[[[0,"कलाई",".mp3",0.783673],-1],0,0,[],[],[]],[[[1,"hi1410",{"rows":[["tag","1","Description","image_22_1.jpg","चेहरा","280.-1520","चेहरा.mp3","आंख","258.-1037","आंख.mp3","नाक","1239.-906","नाक.mp3","मुंह","298.-699","मुंह.mp3"],["tag","1","Description","image_22_2.jpg","चेहरा","280.-1520","चेहरा.mp3","माथा","1323.-1343","माथा.mp3","गाल","457.-1027","गाल.mp3","ठोड़ी","1311.-710","ठोडी.mp3"],["tag","1","Description","image_22_3.jpg","तन","280.-1520","तन.mp3","सिर","942.-1307","सिर.mp3","कंधों","1055.-1064","कंधों.mp3","घुटने","1139.-803","घुटने.mp3","पाँव","1157.-540","पाँव.mp3"],["tag","1","Description","image_22_4.jpg","हाथ","280.-1520","हाथ.mp3","हथेली","1015.-538","हथेली.mp3","उंगली","365.-975","उंगली.mp3","नाखून","1211.-1029","नाखून.mp3","कलाई","1127.-1241","कलाई.mp3"],["fillblank","1","Description","यह मेरा [मुंह] है।","यह_मेरा_मुंह_है.mp3","ठोड़ी","नाक","आंख","10"],["fillblank","1","Description","ये मेरे [कान] हैं।","ये_मेरे_कान_हैं.mp3","आंख","गाल","सिर","10"],["fillblank","1","Description","अपने [माथे] को स्पर्श करें।","अपने_माथे_को_स्पर्श_करें.mp3","नाक","सिर","चेहरा","10"],["quizliteracy","1","Description","sentence_sentence","फल","फल","वह","तू","","संज्ञा शब्द चुनें","संज्ञा_शब्द_चुनें.mp3"],["quizliteracy","1","Description","sentence_sentence","पपीता","पपीता","मैंने","आप","","संज्ञा शब्द चुनें","संज्ञा_शब्द_चुनें.mp3"],["quizliteracy","1","Description","sentence_sentence","मछली","वह","मछली","बंसी","","संज्ञा शब्द चुनें","संज्ञा_शब्द_चुनें.mp3"],["quizliteracy","1","Description","sentence_sentence","बैंगन","उसे","क्या","बैंगन","","संज्ञा शब्द चुनें","संज्ञा_शब्द_चुनें.mp3"]]}]],0,0,[],[],[]],[[[0,"गाल",".mp3",0.731429],-1],0,0,[],[],[]],[[[0,"नाक",".mp3",0.600816],-1],0,0,[],[],[]],[[[0,"हाथ",".mp3",0.626939],-1],0,0,[],[],[]],[[[0,"माथा",".mp3",0.862041],-1],0,0,[],[],[]],[[[0,"ये_मेरे_कान_हैं",".mp3",1.593469],-1],0,0,[],[],[]],[[[0,"आंख",".mp3",0.600816],-1],0,0,[],[],[]],[[{"name":"image_22_4","rect":[0,0,845,695],"offset":[0,0],"originalSize":[845,695],"capInsets":[0,0,0,0]}],[0],0,[0],[0],[1]],[[[0,"अपने_माथे_को_स्पर्श_करें",".mp3",2.220408],-1],0,0,[],[],[]],[[{"name":"image_22_3","rect":[0,0,845,695],"offset":[0,0],"originalSize":[845,695],"capInsets":[0,0,0,0]}],[0],0,[0],[0],[2]],[[[0,"तन",".mp3",0.417959],-1],0,0,[],[],[]],[[[0,"मुंह",".mp3",0.522449],-1],0,0,[],[],[]],[["1,9729,9729,33071,33071,0,0,1",-1],[1],0,[],[],[]],[["1,9729,9729,33071,33071,0,0,1",-1],[1],0,[],[],[]],[[[0,"चेहरा",".mp3",0.731429],-1],0,0,[],[],[]],[[[0,"घुटने",".mp3",0.679184],-1],0,0,[],[],[]],[[{"name":"image_22_2","rect":[0,0,845,695],"offset":[0,0],"originalSize":[845,695],"capInsets":[0,0,0,0]}],[0],0,[0],[0],[3]],[["1,9729,9729,33071,33071,0,0,1",-1],[1],0,[],[],[]]]]