[1,["f2+QGuKQ9Lt7fFeqPhqBhj","4bpHZtUaRC7K1Fz1XE142X"],["_textureSetter"],["cc.SpriteFrame","cc.Texture2D",["cc.AudioClip",["_name","_native","duration"],0],["cc.JsonAsset",["_name","json"],1]],[[2,0,1,2,4],[3,0,1,3]],[[[{"name":"चाकू","rect":[0,0,271,271],"offset":[0,0],"originalSize":[271,271],"capInsets":[0,0,0,0]}],[0],0,[0],[0],[0]],[[[0,"चीकू",".mp3",0.731429],-1],0,0,[],[],[]],[["0,9729,9729,33071,33071,0,0,1",-1],[1],0,[],[],[]],[[{"name":"चीकू","rect":[0,0,370,273],"offset":[0,0],"originalSize":[370,273],"capInsets":[0,0,0,0]}],[0],0,[0],[0],[1]],[[[1,"hi0908",{"rows":[["rocket","1","Description","चाकू","चा,कू","चा,कू","चाकू.mp3","चाकू.png","false ","false "],["spelldoor","1","Description","चीकू","*कू","0","2","चीकू.png","चीकू.mp3"],["bubbletype","1","Description","10","6","क का कि की कु कू","","","","","","क का कि की कु कू"],["quizliteracy","1","Description","soundonly_word","चीकू","चीकू","भालू","चाकू","","","चीकू.mp3"],["quizliteracy","1","Description","image_word","चाकू","भालू","चाकू","चाकू","चाकू.png"],["quizliteracy","1","Description","word_word","कू","ल","कू","की","","कू"]]}]],0,0,[],[],[]],[[[0,"चाकू",".mp3",1.149388],-1],0,0,[],[],[]],[["0,9729,9729,33071,33071,0,0,1",-1],[1],0,[],[],[]]]]