[1,["654PJfB/VJ/ow7RYXNOwtg","a0Gd1I/cpNbYYjOuHqPsEp"],["_textureSetter"],["cc.SpriteFrame","cc.Texture2D",["cc.JsonAsset",["_name","json"],1],["cc.AudioClip",["_name","_native","duration"],0]],[[3,0,1,2,4],[2,0,1,3]],[[[{"name":"Jayeats","rect":[0,0,1073,577],"offset":[0,0],"originalSize":[1073,577],"capInsets":[0,0,0,0]}],[0],0,[0],[0],[0]],[[[1,"sl_en2505",{"rows":[["createsentence","1","Description","I/am/happy","sad","the_girl_has_a_purple_dress.png","I_am_happy.mp3"],["createsentence","1","Description","I/eat","","Jayeats.jpg","I_eat.mp3"],["createsentence","1","Description","I/eat","play","I_eat_(girl).jpg","I_eat.mp3"],["createsentence","1","Description","I/have/many/friends","","Ihavemanyfriends.jpg","i_have_many_friends.mp3"],["createsentence","1","Description","I/have/many/friends","friend","Ihavemanyfriends.jpg","i_have_many_friends.mp3"],["quizliteracy","1","Description","soundonly_sentence","I am happy.","I am tall.","I am happy.","He is sad.","","","I_am_happy.mp3"],["quizliteracy","1","Description","soundonly_sentence","I eat.","She eat.","He eat.","I eat.","","","I_eat.mp3"],["quizliteracy","1","Description","sentence_sentence","I","His","Him","I","","____ have many friends.","Choose_the_right_one.mp3"],["quizliteracy","1","Description","sentence_sentence","I","It","I","Him","","__ am happy.","I_am_happy.mp3"],["quizliteracy","1","Description","soundonly_sentence","I was angry.","I was angry.","Rama was angry.","The Dog was angry.","","Choose the sentence with pronoun.","i_was_angry.mp3"]]}]],0,0,[],[],[]],[[[0,"i_have_many_friends",".mp3",1.645714],-1],0,0,[],[],[]],[[[0,"I_eat",".mp3",0.966531],-1],0,0,[],[],[]],[[[0,"i_was_angry",".mp3",1.044898],-1],0,0,[],[],[]],[["1,9729,9729,33071,33071,0,0,1",-1],[1],0,[],[],[]],[["0,9729,9729,33071,33071,0,0,1",-1],[1],0,[],[],[]],[[{"name":"the_girl_has_a_purple_dress","rect":[0,0,680,620],"offset":[0,0],"originalSize":[680,620],"capInsets":[0,0,0,0]}],[0],0,[0],[0],[1]],[[[0,"I_am_happy",".mp3",1.17551],-1],0,0,[],[],[]],[[[0,"Choose_the_right_one",".mp3",1.38449],-1],0,0,[],[],[]]]]