[1,["d4azyCUi1A454ztP/W1CKb","c9Q0LClwRM4pkXIbNke1zi","baX0nOWnJJkZwea25jMCeF","5eYEOdGmVFXp07+64K+6kQ","f4hoEw1JZEsakL3DC0dfW2","fcl4rF4WlNtJf26VGyTgk/","45Vk3y4TxPzJPeEUiKtP/+"],["_textureSetter"],["cc.SpriteFrame","cc.Texture2D",["cc.JsonAsset",["_name","json"],1],["cc.AudioClip",["_name","_native","duration"],0]],[[3,0,1,2,4],[2,0,1,3]],[[[[1,"en2300",{"rows":[["spelldoor","1","Description","dad","***","2","1","spelling_dad.png","dad.mp3"],["spelldoor","1","Description","bed","***","2","1","spelling_bed.png","bed.mp3"],["spelldoor","1","Description","pig","***","2","1","spelling_pig.png","pig.mp3"],["spelldoor","1","Description","red","***","2","1","spelling_red.png","red.mp3"],["spelldoor","1","Description","hen","***","2","1","spelling_hen.png","hen.mp3"],["spelldoor","1","Description","box","***","2","1","spelling_box.png","box.mp3"],["spelldoor","1","Description","mom","***","4","1","spelling_mom.png","mom.mp3"],["quizliteracy","1","Description","word_word","ad","at","ed","ad","","d__","dad.mp3"],["quizliteracy","1","Description","word_word","ed","ed","er","as","","b__","bed.mp3"],["quizliteracy","1","Description","word_word","p","c","h","p","","_ig","pig.mp3"],["quizliteracy","1","Description","word_word","h","c","h","m","","_en","hen.mp3"],["quizliteracy","1","Description","word_word","ox","ot","on","ox","","b__","box.mp3"]]}]],0,0,[],[],[]],[[[0,"box",".mp3",1.152],-1],0,0,[],[],[]],[[{"name":"spelling_hen","rect":[0,0,370,273],"offset":[0,0],"originalSize":[370,273],"capInsets":[0,0,0,0]}],[0],0,[0],[0],[0]],[[{"name":"spelling_red","rect":[0,0,370,273],"offset":[0,0],"originalSize":[370,273],"capInsets":[0,0,0,0]}],[0],0,[0],[0],[1]],[["0,9729,9729,33071,33071,0,0,1",-1],[1],0,[],[],[]],[["0,9729,9729,33071,33071,0,0,1",-1],[1],0,[],[],[]],[[{"name":"spelling_mom","rect":[0,0,370,273],"offset":[0,0],"originalSize":[370,273],"capInsets":[0,0,0,0]}],[0],0,[0],[0],[2]],[[{"name":"spelling_dad","rect":[0,0,370,273],"offset":[0,0],"originalSize":[370,273],"capInsets":[0,0,0,0]}],[0],0,[0],[0],[3]],[[[0,"bed",".mp3",0.888],-1],0,0,[],[],[]],[[[0,"hen",".mp3",0.84],-1],0,0,[],[],[]],[[[0,"red",".mp3",0.936],-1],0,0,[],[],[]],[[[0,"pig",".mp3",0.768],-1],0,0,[],[],[]],[[{"name":"spelling_pig","rect":[0,0,370,273],"offset":[0,0],"originalSize":[370,273],"capInsets":[0,0,0,0]}],[0],0,[0],[0],[4]],[["0,9729,9729,33071,33071,0,0,1",-1],[1],0,[],[],[]],[["0,9729,9729,33071,33071,0,0,1",-1],[1],0,[],[],[]],[[[0,"dad",".mp3",0.888],-1],0,0,[],[],[]],[["0,9729,9729,33071,33071,0,0,1",-1],[1],0,[],[],[]],[[{"name":"spelling_box","rect":[0,0,370,273],"offset":[0,0],"originalSize":[370,273],"capInsets":[0,0,0,0]}],[0],0,[0],[0],[5]],[[{"name":"spelling_bed","rect":[0,0,370,273],"offset":[0,0],"originalSize":[370,273],"capInsets":[0,0,0,0]}],[0],0,[0],[0],[6]],[["0,9729,9729,33071,33071,0,0,1",-1],[1],0,[],[],[]],[["0,9729,9729,33071,33071,0,0,1",-1],[1],0,[],[],[]],[[[0,"mom",".mp3",0.864],-1],0,0,[],[],[]]]]