[1,["c6NZ81tGZNmbbb3NpAzTVo","20JEJK0WhG1J6KKAUtDNy1","1aL2st0QVF84PtbfZaj0ID","8f6BRpRm5DAazfkLmAq6tU","219gcA6BFB4qyiX1r9pqjZ","a8rZhrsYxF971eQpbO/NyQ"],["_textureSetter"],["cc.Texture2D","cc.SpriteFrame",["cc.AudioClip",["_name","_native","duration"],0],["cc.JsonAsset",["_name","json"],1]],[[2,0,1,2,4],[3,0,1,3]],[[["0,9729,9729,33071,33071,0,0,1",-1],[0],0,[],[],[]],[["0,9729,9729,33071,33071,0,0,1",-1],[0],0,[],[],[]],[["0,9729,9729,33071,33071,0,0,1",-1],[0],0,[],[],[]],[[[0,"लिंबू",".mp3",0.966531],-1],0,0,[],[],[]],[[{"name":"needle","rect":[3,6,618,499],"offset":[-8,11],"originalSize":[640,533],"capInsets":[0,0,0,0]}],[1],0,[0],[0],[0]],[[[0,"सुई",".mp3",0.862041],-1],0,0,[],[],[]],[[[1,"mr0902",{"rows":[["rocket","1","Description","लिंबू","लिं,बू","लिं,बू","लिंबू.mp3","lemon.png","False","False"],["spelldoor","1","Description","लसूण","*सूण","0","0","garlic.png","लसूण.mp3"],["rocket","1","Description","सुई","सु,ई","सु,ई","सुई.mp3","needle.png","False","False"],["spelldoor","1","Description","पुरी","*री","0","0","poori.png","पुरी.mp3"],["rocket","1","Description","सूर","सू,र","सू,र","सूर.mp3","melodious.png","False","False"],["spelldoor","1","Description","सूप","सू*","0","0","soup.png","सूप.mp3"],["quizliteracy","1","Description","word_word","ल","ल","प","पु","","_सूण","लसूण.mp3"],["quizliteracy","1","Description","word_word","पु","पु","ल","प","","_री","पुरी.mp3"],["quizliteracy","1","Description","word_word","प","प","पु","ल","","सू_","सूप.mp3"]]}]],0,0,[],[],[]],[[[0,"सूप",".mp3",0.757551],-1],0,0,[],[],[]],[["0,9729,9729,33071,33071,0,0,1",-1],[0],0,[],[],[]],[[{"name":"melodious","rect":[0,39,600,521],"offset":[0,0.5],"originalSize":[600,600],"capInsets":[0,0,0,0]}],[1],0,[0],[0],[1]],[["0,9729,9729,33071,33071,0,0,1",-1],[0],0,[],[],[]],[[[0,"लसूण",".mp3",0.992653],-1],0,0,[],[],[]],[[{"name":"garlic","rect":[0,0,640,480],"offset":[0,0],"originalSize":[640,480],"capInsets":[0,0,0,0]}],[1],0,[0],[0],[2]],[["0,9729,9729,33071,33071,0,0,1",-1],[0],0,[],[],[]],[[{"name":"lemon","rect":[0,0,640,427],"offset":[0,0],"originalSize":[640,427],"capInsets":[0,0,0,0]}],[1],0,[0],[0],[3]],[[{"name":"poori","rect":[0,0,635,640],"offset":[0,0],"originalSize":[635,640],"capInsets":[0,0,0,0]}],[1],0,[0],[0],[4]],[[{"name":"soup","rect":[0,0,640,549],"offset":[0,0],"originalSize":[640,549],"capInsets":[0,0,0,0]}],[1],0,[0],[0],[5]],[[[0,"सूर",".mp3",0.914286],-1],0,0,[],[],[]],[[[0,"पुरी",".mp3",0.757551],-1],0,0,[],[],[]]]]