[1,["a0GWvhBclG8a+jdI8FkxQA","b39vxI2YhHyJtOkmMliGeY","41OzmwWiZAE6ppTxJgElEf"],["_textureSetter"],["cc.SpriteFrame","cc.Texture2D",["cc.AudioClip",["_name","_native","duration"],0],["cc.JsonAsset",["_name","json"],1]],[[2,0,1,2,4],[3,0,1,3]],[[[[0,"red",".mp3",0.936],-1],0,0,[],[],[]],[[{"name":"red","rect":[0,0,750,500],"offset":[0,0],"originalSize":[750,500],"capInsets":[0,0,0,0]}],[0],0,[0],[0],[0]],[[{"name":"rose","rect":[0,0,500,752],"offset":[0,0],"originalSize":[500,752],"capInsets":[0,0,0,0]}],[0],0,[0],[0],[1]],[["0,9729,9729,33071,33071,0,0,1",-1],[1],0,[],[],[]],[[[0,"r",".mp3",0.84],-1],0,0,[],[],[]],[["0,9729,9729,33071,33071,0,0,1",-1],[1],0,[],[],[]],[["0,9729,9729,33071,33071,0,0,1",-1],[1],0,[],[],[]],[[{"name":"rat","rect":[0,0,1880,1253],"offset":[0,0],"originalSize":[1880,1253],"capInsets":[0,0,0,0]}],[0],0,[0],[0],[2]],[[[0,"rat",".mp3",0.912],-1],0,0,[],[],[]],[[[0,"rose",".mp3",1.08],-1],0,0,[],[],[]],[[[1,"en0205",{"rows":[["balloonpop","1","Description","2","r","5","r,q,p","r.mp3"],["writeletter","1","Description","r","-"],["writecard","1","Description","r","rat","rat.png","rat.mp3","red","red.png","red.mp3","rose","rose.png","rose.mp3"],["quizliteracy","1","Description","soundonly_word","r","l","r","u","","","r.mp3"],["quizliteracy","1","Description","word_word","r","r","s","t","","r"],["quizliteracy","1","Description","soundonly_word","r","r","b","l","","","r.mp3"]]}]],0,0,[],[],[]]]]