[1,["e40XQB0bBFc5PDPdT4MUlj","f0EqPBisdNGoqoGO70Eki3","91icZcGlxHq494gNoY97h0","c4YJcWVRVLEY3VJFZEVa3L","abd3mWavZJmp6MRsGCBJPD","c39PpQ+jxDBL5nQbLpU09k","5bdhLHmphKNahzAgqu2Kdq","29Ngd3MgBE+JO7DFEkQX4J"],["_textureSetter"],["cc.Texture2D","cc.SpriteFrame",["cc.AudioClip",["_name","_native","duration"],0],["cc.JsonAsset",["_name","json"],1]],[[2,0,1,2,4],[3,0,1,3]],[[[[0,"she_is_curious",".mp3",1.752],-1],0,0,[],[],[]],[[[1,"en3104",{"rows":[["createsentence","1","Description","I/feel/so/happy/today.","","happy.png","I_feel_so_happy_today.mp3"],["createsentence","1","Description","I/am/sad.","","sad.png","I_am_sad.mp3"],["createsentence","1","Description","He/is/angry.","","angry_boy.png","he_is_angry.mp3"],["createsentence","1","Description","She/is/curious.","","curious_girl.png","she_is_curious.mp3"],["createsentence","1","Description","I/feel/tired.","","tired.png","I_feel_tired.mp3"],["createsentence","1","Description","I/feel/shy.","","shy.png","I_feel_shy.mp3"],["createsentence","1","Description","I/am/afraid.","","afraid.png","I_am_afraid.mp3"],["createsentence","1","Description","I/feel/so/bored.","","bored.png","I_feel_so_bored.mp3"],["quizliteracy","1","Description","sentence_sentence","sad","afraid","bored","sad","","I am ___.","I_am_sad.mp3"],["quizliteracy","1","Description","sentence_sentence","afraid","sad","afraid","shy","","I am ______.","I_am_afraid.mp3"],["quizliteracy","1","Description","sentence_sentence","bored","bored","tired","happy","","I feel so _____.","I_feel_so_bored.mp3"]]}]],0,0,[],[],[]],[[[0,"I_am_sad",".mp3",1.296],-1],0,0,[],[],[]],[["0,9729,9729,33071,33071,0,0,1",-1],[0],0,[],[],[]],[[{"name":"curious_girl","rect":[0,0,379,512],"offset":[0,0],"originalSize":[379,512],"capInsets":[0,0,0,0]}],[1],0,[0],[0],[0]],[[{"name":"tired","rect":[0,0,325,512],"offset":[0,0],"originalSize":[325,512],"capInsets":[0,0,0,0]}],[1],0,[0],[0],[1]],[[{"name":"shy","rect":[0,0,512,512],"offset":[0,0],"originalSize":[512,512],"capInsets":[0,0,0,0]}],[1],0,[0],[0],[2]],[[{"name":"happy","rect":[0,0,466,512],"offset":[0,0],"originalSize":[466,512],"capInsets":[0,0,0,0]}],[1],0,[0],[0],[3]],[[{"name":"afraid","rect":[0,0,321,512],"offset":[0,0],"originalSize":[321,512],"capInsets":[0,0,0,0]}],[1],0,[0],[0],[4]],[[[0,"I_feel_tired",".mp3",1.608],-1],0,0,[],[],[]],[["0,9729,9729,33071,33071,0,0,1",-1],[0],0,[],[],[]],[[{"name":"angry_boy","rect":[0,0,379,512],"offset":[0,0],"originalSize":[379,512],"capInsets":[0,0,0,0]}],[1],0,[0],[0],[5]],[[{"name":"bored","rect":[0,0,483,512],"offset":[0,0],"originalSize":[483,512],"capInsets":[0,0,0,0]}],[1],0,[0],[0],[6]],[[[0,"I_feel_so_happy_today",".mp3",2.352],-1],0,0,[],[],[]],[[[0,"I_feel_so_bored",".mp3",1.728],-1],0,0,[],[],[]],[[[0,"I_feel_shy",".mp3",1.512],-1],0,0,[],[],[]],[["0,9729,9729,33071,33071,0,0,1",-1],[0],0,[],[],[]],[[[0,"he_is_angry",".mp3",1.464],-1],0,0,[],[],[]],[[{"name":"sad","rect":[0,0,389,512],"offset":[0,0],"originalSize":[389,512],"capInsets":[0,0,0,0]}],[1],0,[0],[0],[7]],[["0,9729,9729,33071,33071,0,0,1",-1],[0],0,[],[],[]],[["0,9729,9729,33071,33071,0,0,1",-1],[0],0,[],[],[]],[["0,9729,9729,33071,33071,0,0,1",-1],[0],0,[],[],[]],[[[0,"I_am_afraid",".mp3",1.392],-1],0,0,[],[],[]],[["0,9729,9729,33071,33071,0,0,1",-1],[0],0,[],[],[]],[["0,9729,9729,33071,33071,0,0,1",-1],[0],0,[],[],[]]]]