[1,["196+VBTg9Hh7Dg2/6U728C","b5hgsZVNZPCKUOf/hPaPtT","02Df93kSxGXKH70bElpgjr","b2np0CFdxByItc9/fn2MwJ","03jCeCXvBEyIfyuYLeakL2","2efPmSniFBAKes8hcDb0qA"],["_textureSetter"],["cc.Texture2D","cc.SpriteFrame",["cc.JsonAsset",["_name","json"],1],["cc.AudioClip",["_name","_native","duration"],0]],[[3,0,1,2,4],[2,0,1,3]],[[["0,9729,9729,33071,33071,0,0,1",-1],[0],0,[],[],[]],[["0,9729,9729,33071,33071,0,0,1",-1],[0],0,[],[],[]],[[[1,"kn4309",{"rows":[["spelldoor","1","Description","ಮಾರಾಟ ","***","0","0","sale.png","ಮಾರಾಟ.mp3"],["spelldoor","1","Description","ಚಿಲಕ ","***","0","0","latch.png","ಚಿಲಕ.mp3"],["spelldoor","1","Description","ಹುಳು ","**","0","0","worm.png","ಹುಳು.mp3"],["spelldoor","1","Description","ಬೀಗ ","ಬೀ*","0","0","lock.png","ಬೀಗ.mp3"],["spelldoor","1","Description","ತೂರಾಟ ","***","0","0","rush.png","ತೂರಾಟ.mp3"],["spelldoor","1","Description","ಯುಗಾದಿ ","***","0","0","yugadi.png","ಯುಗಾದಿ.mp3"]]}]],0,0,[],[],[]],[["0,9729,9729,33071,33071,0,0,1",-1],[0],0,[],[],[]],[[[0,"ತೂರಾಟ",".mp3",0.864],-1],0,0,[],[],[]],[[{"name":"rush","rect":[0,0,800,600],"offset":[0,0],"originalSize":[800,600],"capInsets":[0,0,0,0]}],[1],0,[0],[0],[0]],[["0,9729,9729,33071,33071,0,0,1",-1],[0],0,[],[],[]],[[[0,"ಚಿಲಕ",".mp3",0.768],-1],0,0,[],[],[]],[[[0,"ಮಾರಾಟ",".mp3",0.864],-1],0,0,[],[],[]],[[[0,"ಯುಗಾದಿ",".mp3",0.864],-1],0,0,[],[],[]],[[{"name":"worm","rect":[0,0,500,333],"offset":[0,0],"originalSize":[500,333],"capInsets":[0,0,0,0]}],[1],0,[0],[0],[1]],[[{"name":"lock","rect":[0,0,800,533],"offset":[0,0],"originalSize":[800,533],"capInsets":[0,0,0,0]}],[1],0,[0],[0],[2]],[["0,9729,9729,33071,33071,0,0,1",-1],[0],0,[],[],[]],[["0,9729,9729,33071,33071,0,0,1",-1],[0],0,[],[],[]],[[{"name":"latch","rect":[0,0,800,532],"offset":[0,0],"originalSize":[800,532],"capInsets":[0,0,0,0]}],[1],0,[0],[0],[3]],[[{"name":"sale","rect":[0,0,800,529],"offset":[0,0],"originalSize":[800,529],"capInsets":[0,0,0,0]}],[1],0,[0],[0],[4]],[[[0,"ಬೀಗ",".mp3",0.696],-1],0,0,[],[],[]],[[{"name":"yugadi","rect":[0,0,600,800],"offset":[0,0],"originalSize":[600,800],"capInsets":[0,0,0,0]}],[1],0,[0],[0],[5]],[[[0,"ಹುಳು",".mp3",0.648],-1],0,0,[],[],[]]]]