[1,["58ebFY5/tA4ZU3OdweMBbk","73jUE8/VNFI5LaJcNcW2C9","25ZEKYZrhMdYWYCdMGhHGp","87yTbzV8FApa7p/yvZxxMe","47/TknyQtFG6hnnN0jTAHE","22AeYCEFhE+pQAh2wAT6ic","feLCMiZ35IebUoYzwAbS5A","127DKqwANMt6mZANUPQgD+","962S6r945Lhpz8MDJl5K2N"],["_textureSetter"],["cc.SpriteFrame","cc.Texture2D",["cc.AudioClip",["_name","_native","duration"],0],["cc.JsonAsset",["_name","json"],1]],[[2,0,1,2,4],[3,0,1,3]],[[[{"name":"pigeon","rect":[0,0,337,338],"offset":[0,0],"originalSize":[337,338],"capInsets":[0,0,0,0]}],[0],0,[0],[0],[0]],[["0,9729,9729,33071,33071,0,0,1",-1],[1],0,[],[],[]],[["0,9729,9729,33071,33071,0,0,1",-1],[1],0,[],[],[]],[["0,9729,9729,33071,33071,0,0,1",-1],[1],0,[],[],[]],[[[0,"pigeon",".mp3",0.626939],-1],0,0,[],[],[]],[[{"name":"crow","rect":[0,0,512,492],"offset":[0,0],"originalSize":[512,492],"capInsets":[0,0,0,0]}],[0],0,[0],[0],[1]],[["0,9729,9729,33071,33071,0,0,1",-1],[1],0,[],[],[]],[[{"name":"sparrow","rect":[0,0,446,326],"offset":[0,0],"originalSize":[446,326],"capInsets":[0,0,0,0]}],[0],0,[0],[0],[2]],[["0,9729,9729,33071,33071,0,0,1",-1],[1],0,[],[],[]],[[[0,"crow",".mp3",0.626939],-1],0,0,[],[],[]],[[[0,"peacock",".mp3",1.854694],-1],0,0,[],[],[]],[[[0,"pelican",".mp3",0.626939],-1],0,0,[],[],[]],[["0,9729,9729,33071,33071,0,0,1",-1],[1],0,[],[],[]],[[{"name":"peacock","rect":[0,0,251,201],"offset":[0,0],"originalSize":[251,201],"capInsets":[0,0,0,0]}],[0],0,[0],[0],[3]],[[[0,"eagle",".mp3",0.653061],-1],0,0,[],[],[]],[["0,9729,9729,33071,33071,0,0,1",-1],[1],0,[],[],[]],[[{"name":"pelican","rect":[0,0,512,432],"offset":[0,0],"originalSize":[512,432],"capInsets":[0,0,0,0]}],[0],0,[0],[0],[4]],[["0,9729,9729,33071,33071,0,0,1",-1],[1],0,[],[],[]],[[[0,"hen",".mp3",0.600816],-1],0,0,[],[],[]],[[[0,"parrot",".mp3",0.548571],-1],0,0,[],[],[]],[[{"name":"parrot","rect":[0,0,360,480],"offset":[0,0],"originalSize":[360,480],"capInsets":[0,0,0,0]}],[0],0,[0],[0],[5]],[[[0,"sparrow",".mp3",0.731429],-1],0,0,[],[],[]],[[{"name":"hen","rect":[0,0,512,491],"offset":[0,0],"originalSize":[512,491],"capInsets":[0,0,0,0]}],[0],0,[0],[0],[6]],[[{"name":"goldfish","rect":[0,0,512,456],"offset":[0,0],"originalSize":[512,456],"capInsets":[0,0,0,0]}],[0],0,[0],[0],[7]],[[{"name":"eagle","rect":[197,62,268,534],"offset":[-3.5,-0.5],"originalSize":[669,657],"capInsets":[0,0,0,0]}],[0],0,[0],[0],[8]],[[[1,"sl_en1806",{"rows":[["openwindow1","1","Description","LEGIT","crow","crow.png","sparrow.png","crow.mp3","abcdefghijklmnopqrstuvwxyz"],["openwindow1","1","Description","LEGIT","pigeon","pigeon.png","parrot.png","pigeon.mp3","abcdefghijklmnopqrstuvwxyz"],["openwindow1","1","Description","LEGIT","eagle","eagle.png","crow.png","eagle.mp3","abcdefghijklmnopqrstuvwxyz"],["openwindow1","1","Description","LEGIT","sparrow","sparrow.png","pelican.png","sparrow.mp3","abcdefghijklmnopqrstuvwxyz"],["openwindow1","1","Description","LEGIT","parrot","parrot.png","peacock.png","parrot.mp3","abcdefghijklmnopqrstuvwxyz"],["openwindow1","1","Description","LEGIT","pelican","pelican.png","hen.png","pelican.mp3","abcdefghijklmnopqrstuvwxyz"],["openwindow1","1","Description","LEGIT","hen","hen.png","eagle.png","hen.mp3","abcdefghijklmnopqrstuvwxyz"],["openwindow1","1","Description","LEGIT","peacock","peacock.png","pigeon.png","peacock.mp3","abcdefghijklmnopqrstuvwxyz"],["quizliteracy","1","Description","image_sentence","crow","pigeon","crow","hen","crow.png","","crow.mp3"],["quizliteracy","1","Description","soundonly_image","eagle.png","crow.png","sparrow.png","eagle.png","","","eagle.mp3"],["quizliteracy","1","Description","image_sentence","hen","hen","pigeon","crow","hen.png","","hen.mp3"]]}]],0,0,[],[],[]],[["0,9729,9729,33071,33071,0,0,1",-1],[1],0,[],[],[]]]]