[1,["6dP9zfwb5PH6COFsu/3yj5","05FUDV5uhNILXzCUpTKtEZ","6ehrJbA1tN2IMRmUYKJglu","2eDlhigOJKM6SVpzF7T2jo"],["_textureSetter"],["cc.Texture2D","cc.SpriteFrame",["cc.AudioClip",["_name","_native","duration"],0],["cc.JsonAsset",["_name","json"],1]],[[2,0,1,2,4],[3,0,1,3]],[[[[0,"जानवर",".mp3",0.809796],-1],0,0,[],[],[]],[["1,9729,9729,33071,33071,0,0,1",-1],[0],0,[],[],[]],[[{"name":"image_18_4","rect":[0,0,845,695],"offset":[0,0],"originalSize":[845,695],"capInsets":[0,0,0,0]}],[1],0,[0],[0],[0]],[[[0,"पांच",".mp3",0.705306],-1],0,0,[],[],[]],[[{"name":"image_18_3","rect":[0,0,845,695],"offset":[0,0],"originalSize":[845,695],"capInsets":[0,0,0,0]}],[1],0,[0],[0],[1]],[["1,9729,9729,33071,33071,0,0,1",-1],[0],0,[],[],[]],[[[0,"चार",".mp3",0.574694],-1],0,0,[],[],[]],[[[1,"hi1414",{"rows":[["tag","1","Description","image_18_1.jpg","संख्या","704.-1519","संख्या.mp3","एक","1035.-466","एक.mp3","दो","303.-970","दो.mp3","तीन","502.-466","तीन.mp3","चार","781.-969","चार.mp3","पांच","1282.-972","पांच.mp3"],["tag","1","Description","image_18_2.jpg","संख्या","704.-1519","संख्या.mp3","छह","1282.-972","छह.mp3","सात","303.-970","सात.mp3","आठ","781.-969","आठ.mp3","नौ","1035.-466","नौ.mp3","दस","502.-466","दस.mp3"],["tag","1","Description","image_18_3.jpg","दौड़","280.-1520","दौड़.mp3","प्रथम","1335.-881","प्रथम.mp3","दूसरा","748.-1165","दूसरा.mp3","तीसरा","860.-481","तीसरा.mp3","चौथा","249.-1203","चौथा.mp3"],["tag","1","Description","image_18_4.jpg","जानवर","280.-1520","जानवर.mp3","मछली","1358.-1312","मछली.mp3","साँप","764.-1259","साँप.mp3","राजहंस","905.-496","राजहंस.mp3","बत्तख","1352.-414","बत्तख.mp3","बिल्ली का बच्चा","182.-957","बिल्ली_का_बच्चा.mp3","जिराफ़","573.-750","जिराफ़.mp3"],["quizliteracy","1","Description","sentence_sentence","फल","फल","दो","तू","","संज्ञा शब्द चुनें","संज्ञा_शब्द_चुनें.mp3"],["quizliteracy","1","Description","sentence_sentence","सात","सात","मैंने","आप","","संज्ञा शब्द चुनें","संज्ञा_शब्द_चुनें.mp3"],["quizliteracy","1","Description","sentence_sentence","प्रथम","वह","मछली","प्रथम","","संज्ञा शब्द चुनें","संज्ञा_शब्द_चुनें.mp3"],["quizliteracy","1","Description","sentence_sentence","मछली","उसे","क्या","मछली","","संज्ञा शब्द चुनें","संज्ञा_शब्द_चुनें.mp3"]]}]],0,0,[],[],[]],[[[0,"संख्या",".mp3",0.914286],-1],0,0,[],[],[]],[[[0,"बत्तख",".mp3",0.731429],-1],0,0,[],[],[]],[[{"name":"image_18_1","rect":[0,0,845,695],"offset":[0,0],"originalSize":[845,695],"capInsets":[0,0,0,0]}],[1],0,[0],[0],[2]],[[[0,"दौड़",".mp3",2.951837],-1],0,0,[],[],[]],[["1,9729,9729,33071,33071,0,0,1",-1],[0],0,[],[],[]],[["1,9729,9729,33071,33071,0,0,1",-1],[0],0,[],[],[]],[[[0,"एक",".mp3",0.496327],-1],0,0,[],[],[]],[[[0,"तीन",".mp3",0.496327],-1],0,0,[],[],[]],[[[0,"प्रथम",".mp3",0.757551],-1],0,0,[],[],[]],[[[0,"दूसरा",".mp3",0.809796],-1],0,0,[],[],[]],[[[0,"मछली",".mp3",0.757551],-1],0,0,[],[],[]],[[[0,"जिराफ़",".mp3",0.705306],-1],0,0,[],[],[]],[[[0,"तीसरा",".mp3",0.731429],-1],0,0,[],[],[]],[[[0,"चौथा",".mp3",0.783673],-1],0,0,[],[],[]],[[[0,"दस",".mp3",0.653061],-1],0,0,[],[],[]],[[[0,"आठ",".mp3",0.574694],-1],0,0,[],[],[]],[[[0,"छह",".mp3",0.496327],-1],0,0,[],[],[]],[[[0,"संज्ञा_शब्द_चुनें",".mp3",2.592],-1],0,0,[],[],[]],[[[0,"साँप",".mp3",0.626939],-1],0,0,[],[],[]],[[[0,"राजहंस",".mp3",1.018776],-1],0,0,[],[],[]],[[{"name":"image_18_2","rect":[0,0,845,695],"offset":[0,0],"originalSize":[845,695],"capInsets":[0,0,0,0]}],[1],0,[0],[0],[3]],[[[0,"सात",".mp3",0.653061],-1],0,0,[],[],[]],[[[0,"नौ",".mp3",0.600816],-1],0,0,[],[],[]],[[[0,"दो",".mp3",0.574694],-1],0,0,[],[],[]],[[[0,"बिल्ली_का_बच्चा",".mp3",1.541224],-1],0,0,[],[],[]]]]