[1,["9crNnd1gJP0aI6uzk+NyOa","9aY0/v4HxIfYPYnaLjDvvW","503xCI0ntHXpnb0GBqa3Ui","47Dpq550JHGawrrpPm/Wzo","13/MZwQrZCrZY3rZjjc4x4","92OyWwTPFPA7LLqlpk6Yle"],["_textureSetter"],["cc.Texture2D","cc.SpriteFrame",["cc.JsonAsset",["_name","json"],1]],[[2,0,1,3]],[[["0,9729,9729,33071,33071,0,0,1",-1],[0],0,[],[],[]],[[{"name":"bulldozer_part1","rect":[0,0,82,127],"offset":[0,0],"originalSize":[82,127],"capInsets":[0,0,0,0]}],[1],0,[0],[0],[0]],[[{"name":"bulldozer_part2","rect":[0,0,180,180],"offset":[0,0],"originalSize":[180,180],"capInsets":[0,0,0,0]}],[1],0,[0],[0],[1]],[["0,9729,9729,33071,33071,0,0,1",-1],[0],0,[],[],[]],[["0,9729,9729,33071,33071,0,0,1",-1],[0],0,[],[],[]],[[{"name":"bulldozer_part5","rect":[0,0,510,363],"offset":[0,0],"originalSize":[510,363],"capInsets":[0,0,0,0]}],[1],0,[0],[0],[2]],[[{"name":"bulldozer_main","rect":[0,0,513,445],"offset":[0,0],"originalSize":[513,445],"capInsets":[0,0,0,0]}],[1],0,[0],[0],[3]],[["0,9729,9729,33071,33071,0,0,1",-1],[0],0,[],[],[]],[["0,9729,9729,33071,33071,0,0,1",-1],[0],0,[],[],[]],[["0,9729,9729,33071,33071,0,0,1",-1],[0],0,[],[],[]],[[[0,"stickerbook0000",{"rows":[["stickerbook","1","Description","bulldozer","bulldozer_main.png","5","bulldozer.mp3","bulldozer_part1.png","8","101","810","0","true","false","bulldozer_part2.png","118","229","1000","0","true","false","bulldozer_part3.png","566","10","800","100","true","false","bulldozer_part4.png","183","55","980","310","true","false","bulldozer_part5.png","411","97","890","65","true","false"]]}]],0,0,[],[],[]],[[{"name":"bulldozer_part4","rect":[0,0,248,190],"offset":[0,0],"originalSize":[248,190],"capInsets":[0,0,0,0]}],[1],0,[0],[0],[4]],[[{"name":"bulldozer_part3","rect":[0,0,204,204],"offset":[0,0],"originalSize":[204,204],"capInsets":[0,0,0,0]}],[1],0,[0],[0],[5]]]]