[1,["baoZLW+wpCi7fNJPpwXkBO","87HnAv4rRGSpvGN1natNeC","1eyoc3TsxKUpU6cADjBRWe","e0tg2o2ZxGfoe5bufdQHWt","33ys4114dCxauZiAHbj8uq","0c/atsOexHyZ0Ehuen1Gwt"],["_textureSetter"],["cc.Texture2D","cc.SpriteFrame",["cc.JsonAsset",["_name","json"],1],["cc.AudioClip",["_name","_native","duration"],0]],[[3,0,1,2,4],[2,0,1,3]],[[["0,9729,9729,33071,33071,0,0,1",-1],[0],0,[],[],[]],[["0,9729,9729,33071,33071,0,0,1",-1],[0],0,[],[],[]],[[[1,"kn2709",{"rows":[["spelldoor","1","Description","ಅ,ಣ್ಣ","**","0","0","brother.png","ಅಣ್ಣ.mp3"],["spelldoor","1","Description","ಹ,ಬ್ಬ","**","0","0","festival.png","ಹಬ್ಬ.mp3"],["spelldoor","1","Description","ಬೆ,ಟ್ಟ","**","0","0","hill.png","ಬೆಟ್ಟ.mp3"],["rocket","1","Description","ಕಬ್ಬಿಣ","ಕ,ಬ್ಬಿ,ಣ","ಕ,ಬ್ಬಿ,ಣ","ಕಬ್ಬಿಣ.mp3","iron(metal).png","False","False"],["phonictractor","1","Description","4","ಮಜ್ಜನ","ಮಜ್ಜನ.mp3","ಮ","ಮ.mp3","ಜ್ಜ","ಜ.mp3","ನ","ನ.mp3"],["openwindow","1","Description","LEGIT","ಅ,ಕ್ಕ","sister.png","brother.png","ಅಕ್ಕ.mp3","ಅ,ಕ್ಕ"],["spelldoor","1","Description","ಪ,ಕ್ಕ","ಪ*","0","0","next_to.png","ಪಕ್ಕ.mp3"],["quizliteracy","1","Description","image_word","ಅಣ್ಣ","ಅಣ್ಣ","ಹಬ್ಬ","ಬೆಟ್ಟ","brother.png"],["quizliteracy","1","Description","image_word","ಬೆಟ್ಟ","ಕಬ್ಬಿಣ","ಬೆಟ್ಟ","ಮಜ್ಜನ","hill.png"],["quizliteracy","1","Description","soundonly_word","ಅಕ್ಕ","ಹಬ್ಬ","ಬೆಟ್ಟ","ಅಕ್ಕ","","","ಅಕ್ಕ.mp3"]]}]],0,0,[],[],[]],[["0,9729,9729,33071,33071,0,0,1",-1],[0],0,[],[],[]],[[{"name":"iron(metal)","rect":[0,0,384,512],"offset":[0,0],"originalSize":[384,512],"capInsets":[0,0,0,0]}],[1],0,[0],[0],[0]],[[{"name":"festival","rect":[0,0,512,384],"offset":[0,0],"originalSize":[512,384],"capInsets":[0,0,0,0]}],[1],0,[0],[0],[1]],[[[0,"ಅಣ್ಣ",".mp3",0.624],-1],0,0,[],[],[]],[[[0,"ಮ",".mp3",0.48],-1],0,0,[],[],[]],[[{"name":"hill","rect":[0,0,512,288],"offset":[0,0],"originalSize":[512,288],"capInsets":[0,0,0,0]}],[1],0,[0],[0],[2]],[[[0,"ಬೆಟ್ಟ",".mp3",0.696],-1],0,0,[],[],[]],[[[0,"ಹಬ್ಬ",".mp3",0.672],-1],0,0,[],[],[]],[["0,9729,9729,33071,33071,0,0,1",-1],[0],0,[],[],[]],[[[0,"ಜ",".mp3",0.696],-1],0,0,[],[],[]],[[[0,"ಪಕ್ಕ",".mp3",0.672],-1],0,0,[],[],[]],[[[0,"ನ",".mp3",0.48],-1],0,0,[],[],[]],[["0,9729,9729,33071,33071,0,0,1",-1],[0],0,[],[],[]],[[[0,"ಅಕ್ಕ",".mp3",0.648],-1],0,0,[],[],[]],[[{"name":"sister","rect":[0,0,322,500],"offset":[0,0],"originalSize":[322,500],"capInsets":[0,0,0,0]}],[1],0,[0],[0],[3]],[[{"name":"brother","rect":[0,0,500,334],"offset":[0,0],"originalSize":[500,334],"capInsets":[0,0,0,0]}],[1],0,[0],[0],[4]],[[[0,"ಜ್ಜ",".mp3",0.72],-1],0,0,[],[],[]],[[[0,"ಕಬ್ಬಿಣ",".mp3",0.792],-1],0,0,[],[],[]],[[[0,"ಮಜ್ಜನ",".mp3",0.792],-1],0,0,[],[],[]],[["0,9729,9729,33071,33071,0,0,1",-1],[0],0,[],[],[]],[[{"name":"next_to","rect":[0,0,512,341],"offset":[0,0],"originalSize":[512,341],"capInsets":[0,0,0,0]}],[1],0,[0],[0],[5]]]]