[1,["2c87+Xp8JObpKrbrVWKYp7","05DhvyvXtF4YdkOdf6xDe2","e3nRbpH2dLaqwpCQPu2IBe","0fE9c/0PpFr6GafYmLQlgj","07DsHqXVJMYZk3KvkU6ztn","6edEMwNNlHD6sfPvWDZw6U","96GUlTQ4tOXYKVipnzyczO","e35+SmXGtHNqD0x3dgWfs1","ceTyvPBHhICKzG5BxeTR+o","b5yCEyxetIlrcYXb3Aym0w","d0/yaZsr1Imaj+sAGsLtrC","11rYiWH29L4psrM1IJeMS5"],["_textureSetter"],["cc.Texture2D","cc.SpriteFrame",["cc.AudioClip",["_name","_native","duration"],0],["cc.JsonAsset",["_name","json"],1]],[[2,0,1,2,4],[3,0,1,3]],[[["1,9729,9729,33071,33071,0,0,1",-1],[0],0,[],[],[]],[[[0,"सभी_गुलाबी_गुब्बारे_उड_रहे_हैं।",".mp3",2.847347],-1],0,0,[],[],[]],[["0,9729,9729,33071,33071,0,0,1",-1],[0],0,[],[],[]],[["0,9729,9729,33071,33071,0,0,1",-1],[0],0,[],[],[]],[[[0,"बूढ़ा_आदमी_कुर्सी_को_सफेद_रंग_में_रंग_रहा_है।",".mp3",4.231837],-1],0,0,[],[],[]],[[[0,"जवान_लडका_मेज_को_नीला_रंग_में_रंग_रहा_है।",".mp3",4.075102],-1],0,0,[],[],[]],[["0,9729,9729,33071,33071,0,0,1",-1],[0],0,[],[],[]],[[[0,"वे_बक्से_से_महल_बना_रहे_हैं।",".mp3",2.638367],-1],0,0,[],[],[]],[[[0,"वे_साथ_में_दूध_बेचते_हैं",".mp3",2.638367],-1],0,0,[],[],[]],[["0,9729,9729,33071,33071,0,0,1",-1],[0],0,[],[],[]],[[[0,"आम_अच्छे_दिख_रहे_हैं",".mp3",1.880816],-1],0,0,[],[],[]],[[{"name":"l17_youngmanpaintingdesk","rect":[0,0,868,689],"offset":[0,0],"originalSize":[868,689],"capInsets":[0,0,0,0]}],[1],0,[0],[0],[0]],[[[0,"सभी_पीले_गुब्बारे_उड_रहे_हैं।",".mp3",2.873469],-1],0,0,[],[],[]],[["0,9729,9729,33071,33071,0,0,1",-1],[0],0,[],[],[]],[[[0,"सभी_नीले_गुब्बारे_उड_रहे_हैं।",".mp3",2.795102],-1],0,0,[],[],[]],[[{"name":"The_treegrowsoranges","rect":[0,0,1073,1543],"offset":[0,0],"originalSize":[1073,1543],"capInsets":[0,0,0,0]}],[1],0,[0],[0],[1]],[[{"name":"l17_theymakingblock","rect":[0,0,868,689],"offset":[0,0],"originalSize":[868,689],"capInsets":[0,0,0,0]}],[1],0,[0],[0],[2]],[[{"name":"l2_yellowballoons","rect":[0,0,868,689],"offset":[0,0],"originalSize":[868,689],"capInsets":[0,0,0,0]}],[1],0,[0],[0],[3]],[[{"name":"l17_oldmanpaintingchair","rect":[0,0,868,689],"offset":[0,0],"originalSize":[868,689],"capInsets":[0,0,0,0]}],[1],0,[0],[0],[4]],[["1,9729,9729,33071,33071,0,0,1",-1],[0],0,[],[],[]],[[[0,"वह_कुछ_केले_खरीदेगी",".mp3",2.272653],-1],0,0,[],[],[]],[[{"name":"l2_pinkballoons","rect":[0,0,868,689],"offset":[0,0],"originalSize":[868,689],"capInsets":[0,0,0,0]}],[1],0,[0],[0],[5]],[[{"name":"The_cowmakesmilk","rect":[0,0,1073,770],"offset":[0,0],"originalSize":[1073,770],"capInsets":[0,0,0,0]}],[1],0,[0],[0],[6]],[["1,9729,9729,33071,33071,0,0,1",-1],[0],0,[],[],[]],[[{"name":"l2_blueballoons","rect":[0,0,868,689],"offset":[0,0],"originalSize":[868,689],"capInsets":[0,0,0,0]}],[1],0,[0],[0],[7]],[[{"name":"l17_theymakingsand","rect":[0,0,868,689],"offset":[0,0],"originalSize":[868,689],"capInsets":[0,0,0,0]}],[1],0,[0],[0],[8]],[["0,9729,9729,33071,33071,0,0,1",-1],[0],0,[],[],[]],[["0,9729,9729,33071,33071,0,0,1",-1],[0],0,[],[],[]],[[{"name":"The_milkisdelicious","rect":[0,0,1073,1157],"offset":[0,0],"originalSize":[1073,1157],"capInsets":[0,0,0,0]}],[1],0,[0],[0],[9]],[[[0,"वे_ब्लॉक_के_साथ_एक_महल_बना_रहे_हैं।",".mp3",3.448163],-1],0,0,[],[],[]],[[[0,"रमेश_रोज_दूध_पीता_है",".mp3",2.377143],-1],0,0,[],[],[]],[[{"name":"l17_oldmanpaintingdesk","rect":[0,0,868,689],"offset":[0,0],"originalSize":[868,689],"capInsets":[0,0,0,0]}],[1],0,[0],[0],[10]],[[[0,"वे_रेत_से_महल_बना_रहे_हैं।",".mp3",2.612245],-1],0,0,[],[],[]],[["0,9729,9729,33071,33071,0,0,1",-1],[0],0,[],[],[]],[["0,9729,9729,33071,33071,0,0,1",-1],[0],0,[],[],[]],[[[1,"hi1609",{"rows":[["fillblank","1","Description","आम अच्छे [दिख] रहे हैं।","आम_अच्छे_दिख_रहे_हैं.mp3","लग ","पक","उग","10"],["fillblank","1","Description","वह कुछ केले [खरीदेगी]।","वह_कुछ_केले_खरीदेगी.mp3","देखेगी ","खाएगी  ","फेकेगी ","15"],["createsentence","1","Description","पेड़ पर/संतरे/उगते है","","The_treegrowsoranges.jpg","पेड_पर_संतरे_उगते_है.mp3"],["createsentence","1","Description","वे/साथ में/दूध/बेचते हैं","","The_cowmakesmilk.jpg","वे_साथ_में_दूध_बेचते_हैं.mp3"],["createsentence","1","Description","रमेश/रोज/दूध/पीता है","","The_milkisdelicious.jpg","रमेश_रोज_दूध_पीता_है.mp3"],["fillblank","1","Description","वह तेजी से [भाग] सकता है।","वह_तेजी_से_भाग_सकता_है.mp3","चल","कूद","तैर","10"],["picturemeaning","1","Description","P","बूढ़ा आदमी मेज को सफेद रंग में रंग रहा है।","l17_oldmanpaintingdesk.png","बूढ़ा_आदमी_मेज_को_सफेद_रंग_में_रंग_रहा_है।.mp3","बूढ़ा आदमी कुर्सी को सफेद रंग में रंग रहा है।","l17_oldmanpaintingchair.png","बूढ़ा_आदमी_कुर्सी_को_सफेद_रंग_में_रंग_रहा_है।.mp3","जवान लडका मेज को नीला रंग में रंग रहा है।","l17_youngmanpaintingdesk.png","जवान_लडका_मेज_को_नीला_रंग_में_रंग_रहा_है।.mp3"],["picturemeaning","1","Description","P","वे रेत से महल बना रहे हैं।","l17_theymakingsand.png","वे_रेत_से_महल_बना_रहे_हैं।.mp3","वे बक्से से महल बना रहे हैं।","l17_theymakingbox.png","वे_बक्से_से_महल_बना_रहे_हैं।.mp3","वे ब्लॉक के साथ एक महल बना रहे हैं।","l17_theymakingblock.png","वे_ब्लॉक_के_साथ_एक_महल_बना_रहे_हैं।.mp3"],["picturemeaning","1","Description","P","सभी नीले गुब्बारे उड़ रहे हैं।","l2_blueballoons.png","सभी_नीले_गुब्बारे_उड_रहे_हैं।.mp3","सभी पीले गुब्बारे उड़ रहे हैं।","l2_yellowballoons.png","सभी_पीले_गुब्बारे_उड_रहे_हैं।.mp3","सभी गुलाबी गुब्बारे उड़ रहे हैं।","l2_pinkballoons.png","सभी_गुलाबी_गुब्बारे_उड_रहे_हैं।.mp3"],["quizliteracy","1","Description","sentence_sentence","दिख रहे हैं","उड़ रहे हैं","उगते है","दिख रहे हैं","","आम अच्छे __ __ _।","आम_अच्छे_दिख_रहे_हैं.mp3"],["quizliteracy","1","Description","sentence_sentence","उगते है","दिख रहे हैं","उड़ रहे हैं","उगते है","","पेड़ पर संतरे ___ _","पेड_पर_संतरे_उगते_है.mp3"],["quizliteracy","1","Description","sentence_sentence","भाग सकता है","भागेंगे","भाग सकता है","भाग रहे हैं","","वह तेजी से __ __ _।","वह_तेजी_से_भाग_सकता_है.mp3"]]}]],0,0,[],[],[]],[[{"name":"l17_theymakingbox","rect":[0,0,868,689],"offset":[0,0],"originalSize":[868,689],"capInsets":[0,0,0,0]}],[1],0,[0],[0],[11]],[[[0,"वह_तेजी_से_भाग_सकता_है",".mp3",2.45551],-1],0,0,[],[],[]],[[[0,"बूढ़ा_आदमी_मेज_को_सफेद_रंग_में_रंग_रहा_है।",".mp3",4.153469],-1],0,0,[],[],[]],[[[0,"पेड_पर_संतरे_उगते_है",".mp3",2.507755],-1],0,0,[],[],[]]]]