[1,["7cXrnGEBVJlYI4WhiQBkkJ","25PsoOCs9AfbRd5WpV426C","9bpzLoFbhN/5L+yUrfxugH","f9PSLrMF5HJYr01R2twx2D","b6NxmNbTdB04aujnCsSBJk"],["_textureSetter"],["cc.SpriteFrame","cc.Texture2D",["cc.AudioClip",["_name","_native","duration"],0],["cc.JsonAsset",["_name","json"],1]],[[2,0,1,2,4],[3,0,1,3]],[[[{"name":"agile","rect":[0,0,341,512],"offset":[0,0],"originalSize":[341,512],"capInsets":[0,0,0,0]}],[0],0,[0],[0],[0]],[["0,9729,9729,33071,33071,0,0,1",-1],[1],0,[],[],[]],[[[0,"ಚುರುಕು",".mp3",0.816],-1],0,0,[],[],[]],[[{"name":"puffed_rice","rect":[0,0,500,333],"offset":[0,0],"originalSize":[500,333],"capInsets":[0,0,0,0]}],[0],0,[0],[0],[1]],[[{"name":"temple","rect":[0,0,512,400],"offset":[0,0],"originalSize":[512,400],"capInsets":[0,0,0,0]}],[0],0,[0],[0],[2]],[["0,9729,9729,33071,33071,0,0,1",-1],[1],0,[],[],[]],[["0,9729,9729,33071,33071,0,0,1",-1],[1],0,[],[],[]],[[[0,"ನುಣುಪು",".mp3",0.768],-1],0,0,[],[],[]],[["0,9729,9729,33071,33071,0,0,1",-1],[1],0,[],[],[]],[[[0,"ಚುರುಮುರಿ",".mp3",0.864],-1],0,0,[],[],[]],[[[0,"ಗುಡಿ",".mp3",0.696],-1],0,0,[],[],[]],[[[0,"ಕುರಿ",".mp3",0.6],-1],0,0,[],[],[]],[[{"name":"smooth","rect":[0,0,512,319],"offset":[0,0],"originalSize":[512,319],"capInsets":[0,0,0,0]}],[0],0,[0],[0],[3]],[[{"name":"sheep","rect":[0,0,385,512],"offset":[0,0],"originalSize":[385,512],"capInsets":[0,0,0,0]}],[0],0,[0],[0],[4]],[["0,9729,9729,33071,33071,0,0,1",-1],[1],0,[],[],[]],[[[1,"kn4107",{"rows":[["spelldoor","1","Description","ನುಣುಪು","*ಣುಪು","0","0","smooth.png","ನುಣುಪು.mp3"],["spelldoor","1","Description","ಚುರುಕು","ಚು*ಕು","0","0","agile.png","ಚುರುಕು.mp3"],["spelldoor","1","Description","ಕುರಿ","*ರಿ","0","0","sheep.png","ಕುರಿ.mp3"],["spelldoor","1","Description","ಗುಡಿ","*ಡಿ","0","0","temple.png","ಗುಡಿ.mp3"],["spelldoor","1","Description","ಚುರುಮುರಿ","ಚುರು*ರಿ","0","0","puffed_rice.png","ಚುರುಮುರಿ.mp3"],["quizliteracy","1","Description","word_word","ಮುರಿ","ಮುರಿ","ಗಿರಿ","ಕಾಗು","","ಚುರು_____","ಚುರುಮುರಿ.mp3"],["quizliteracy","1","Description","image_word","ಕುರಿ","ಗುಡಿ","ಕುರಿ","ಚುರುಕು","sheep.png"],["quizliteracy","1","Description","soundonly_word","ನುಣುಪು","ಚುರುಕು","ಗುಡಿ","ನುಣುಪು","","","ನುಣುಪು.mp3"]]}]],0,0,[],[],[]]]]