[1,["1aaBC+2u1GvKTcxHUzgwod","7dOqMkjIxNxoswTZhv3XXK","95xZVaaxJJ3Y/kqm0RAgzA","622vHlbMxN8ZsGVMfzKrdo","d79ZfZSz1LXoIldtyxT0fk","57QTKnsrRIqaMMNUz+1vhe","50sDVKQsxFKLjzP1UP87dP","023Vfb7eBOm7er5/k74HU7","7eSEI9QUxFUIO1spzvxqC2"],["_textureSetter"],["cc.Texture2D","cc.SpriteFrame",["cc.JsonAsset",["_name","json"],1],["cc.AudioClip",["_name","_native","duration"],0]],[[3,0,1,2,4],[2,0,1,3]],[[["0,9729,9729,33071,33071,0,0,1",-1],[0],0,[],[],[]],[[{"name":"आम","rect":[0,0,193,153],"offset":[0,0],"originalSize":[193,153],"capInsets":[0,0,0,0]}],[1],0,[0],[0],[0]],[["0,9729,9729,33071,33071,0,0,1",-1],[0],0,[],[],[]],[[{"name":"पेड","rect":[0,0,193,153],"offset":[0,0],"originalSize":[193,153],"capInsets":[0,0,0,0]}],[1],0,[0],[0],[1]],[[[1,"hi0805",{"rows":[["phonictractor","1","Description","5","पौधा","पौधा.mp3","पौ","पौ.mp3","धा","धा.mp3"],["openwindow","1","Description","LEGIT","लौ,की","लौकी.png","आम.png","लौकी.mp3","ज,ग,न,ल,फ,छा,ता,र,थ,व,न,घ,ट्र,क,घो,ड़ा,हा,थी,आ,म,स"],["openwindow","1","Description","LEGIT","पौ,धा","पौधा.png","पेड.png","पौधा.mp3","ज,ग,न,ल,फ,छा,ता,र,थ,व,न,घ,ट्र,क,घो,ड़ा,हा,थी,आ,म,स"],["openwindow","1","Description","LEGIT","औ,र,त","औरत.png","बच्चा.png","औरत.mp3","ज,ग,न,ल,फ,छा,ता,र,थ,व,न,घ,ट्र,क,घो,ड़ा,हा,थी,आ,म,स"],["rocket","1","Description","औरत","औ,र,त","औ,र,त","औरत.mp3","औरत1.png","false ","true "],["rocket","1","Description","औषध","औ,ष,ध","औ,ष,ध","औषध.mp3","औषध.png","false ","true "],["spelldoor","1","Description","खिलौना","*लौना","2","1","खिलौना.png","खिलौना.mp3"],["grid","1","Description","हौ,सौ,मै,पै","दा"],["quizliteracy","1","Description","soundonly_word","पौधा","लौकी","पौधा","खिलौना","","","पौधा.mp3"],["quizliteracy","1","Description","image_word","लौकी","पौधा","खिलौना","लौकी","लौकी.png"],["quizliteracy","1","Description","soundonly_word","खिलौना","खिलौना","लौकी","पौधा","","","खिलौना.mp3"]]}]],0,0,[],[],[]],[[{"name":"पौधा","rect":[0,0,193,153],"offset":[0,0],"originalSize":[193,153],"capInsets":[0,0,0,0]}],[1],0,[0],[0],[2]],[["0,9729,9729,33071,33071,0,0,1",-1],[0],0,[],[],[]],[["0,9729,9729,33071,33071,0,0,1",-1],[0],0,[],[],[]],[[{"name":"बच्चा","rect":[0,0,193,153],"offset":[0,0],"originalSize":[193,153],"capInsets":[0,0,0,0]}],[1],0,[0],[0],[3]],[[[0,"खिलौना",".mp3",0.809796],-1],0,0,[],[],[]],[["0,9729,9729,33071,33071,0,0,1",-1],[0],0,[],[],[]],[[[0,"पौधा",".mp3",0.914286],-1],0,0,[],[],[]],[[{"name":"खिलौना","rect":[0,0,370,273],"offset":[0,0],"originalSize":[370,273],"capInsets":[0,0,0,0]}],[1],0,[0],[0],[4]],[["0,9729,9729,33071,33071,0,0,1",-1],[0],0,[],[],[]],[["0,9729,9729,33071,33071,0,0,1",-1],[0],0,[],[],[]],[[{"name":"लौकी","rect":[0,0,193,153],"offset":[0,0],"originalSize":[193,153],"capInsets":[0,0,0,0]}],[1],0,[0],[0],[5]],[["0,9729,9729,33071,33071,0,0,1",-1],[0],0,[],[],[]],[[[0,"पौ",".mp3",0.574694],-1],0,0,[],[],[]],[[{"name":"औरत1","rect":[0,0,400,333],"offset":[0,0],"originalSize":[400,333],"capInsets":[0,0,0,0]}],[1],0,[0],[0],[6]],[["0,9729,9729,33071,33071,0,0,1",-1],[0],0,[],[],[]],[[[0,"औरत",".mp3",0.653061],-1],0,0,[],[],[]],[[[0,"धा",".mp3",0.600816],-1],0,0,[],[],[]],[[[0,"लौकी",".mp3",0.914286],-1],0,0,[],[],[]],[[[0,"औषध",".mp3",1.018776],-1],0,0,[],[],[]],[[{"name":"औरत","rect":[0,0,193,193],"offset":[0,0],"originalSize":[193,193],"capInsets":[0,0,0,0]}],[1],0,[0],[0],[7]],[[{"name":"औषध","rect":[0,0,271,271],"offset":[0,0],"originalSize":[271,271],"capInsets":[0,0,0,0]}],[1],0,[0],[0],[8]]]]