[1,["e0WbZPA7FFO62CllbddNoN","8fDejG9CVD/pso2bMR9Xl9"],["_textureSetter"],["cc.SpriteFrame","cc.Texture2D",["cc.JsonAsset",["_name","json"],1]],[[2,0,1,3]],[[[[0,"heart-outline-tutorial-json",[[{"x":511,"y":58.5},{"x":508,"y":61.5},{"x":507,"y":64.5},{"x":503,"y":65.5},{"x":500,"y":70.5},{"x":497,"y":73.5},{"x":492,"y":75.5},{"x":491,"y":78.5},{"x":487,"y":80.5},{"x":481,"y":86.5},{"x":478,"y":89.5},{"x":475,"y":91.5},{"x":474,"y":94.5},{"x":471,"y":95.5},{"x":466,"y":99.5},{"x":464,"y":103.5},{"x":459,"y":107.5},{"x":458,"y":110.5},{"x":454,"y":111.5},{"x":452,"y":114.5},{"x":447,"y":117.5},{"x":445,"y":120.5},{"x":441,"y":124.5},{"x":437,"y":126.5},{"x":433,"y":130.5},{"x":429,"y":134.5},{"x":425,"y":135.5},{"x":420,"y":139.5},{"x":417,"y":141.5},{"x":416,"y":144.5},{"x":410,"y":152.5},{"x":407,"y":157.5},{"x":403,"y":162.5},{"x":400,"y":164.5},{"x":397,"y":166.5},{"x":391,"y":169.5},{"x":384,"y":175.5},{"x":380,"y":178.5},{"x":378,"y":181.5},{"x":377,"y":184.5},{"x":370,"y":188.5},{"x":367,"y":190.5},{"x":364,"y":192.5},{"x":363,"y":196.5},{"x":359,"y":199.5},{"x":352,"y":206.5},{"x":349,"y":209.5},{"x":348,"y":212.5},{"x":342,"y":217.5},{"x":342,"y":221.5},{"x":338,"y":221.5},{"x":333,"y":224.5},{"x":330,"y":229.5},{"x":319,"y":238.5},{"x":317,"y":244.5},{"x":314,"y":246.5},{"x":309,"y":253.5},{"x":304,"y":258.5},{"x":303,"y":261.5},{"x":301,"y":264.5},{"x":297,"y":266.5},{"x":293,"y":271.5},{"x":287,"y":276.5},{"x":286,"y":279.5},{"x":284,"y":282.5},{"x":281,"y":284.5},{"x":278,"y":289.5},{"x":276,"y":292.5},{"x":274,"y":299.5},{"x":270,"y":303.5},{"x":269,"y":306.5},{"x":269,"y":311.5},{"x":267,"y":316.5},{"x":266,"y":321.5},{"x":264,"y":328.5},{"x":263,"y":331.5},{"x":261,"y":335.5},{"x":260,"y":339.5},{"x":257,"y":338.5},{"x":256,"y":343.5},{"x":256,"y":347.5},{"x":254,"y":351.5},{"x":254,"y":357.5},{"x":254,"y":361.5},{"x":254,"y":369.5},{"x":254,"y":373.5},{"x":254,"y":377.5},{"x":254,"y":381.5},{"x":254,"y":385.5},{"x":254,"y":389.5},{"x":254,"y":393.5},{"x":256,"y":398.5},{"x":255,"y":402.5},{"x":257,"y":408.5},{"x":258,"y":417.5},{"x":260,"y":420.5},{"x":259,"y":423.5},{"x":262,"y":428.5},{"x":266,"y":434.5},{"x":267,"y":437.5},{"x":270,"y":442.5},{"x":273,"y":445.5},{"x":274,"y":449.5},{"x":277,"y":451.5},{"x":279,"y":454.5},{"x":282,"y":457.5},{"x":283,"y":460.5},{"x":287,"y":461.5},{"x":290,"y":465.5},{"x":291,"y":468.5},{"x":294,"y":469.5},{"x":297,"y":470.5},{"x":301,"y":473.5},{"x":303,"y":476.5},{"x":307,"y":477.5},{"x":309,"y":480.5},{"x":312,"y":482.5},{"x":315,"y":484.5},{"x":318,"y":485.5},{"x":320,"y":488.5},{"x":324,"y":490.5},{"x":329,"y":492.5},{"x":337,"y":497.5},{"x":342,"y":498.5},{"x":345,"y":501.5},{"x":348,"y":503.5},{"x":352,"y":505.5},{"x":357,"y":506.5},{"x":360,"y":505.5},{"x":363,"y":506.5},{"x":365,"y":509.5},{"x":368,"y":508.5},{"x":371,"y":509.5},{"x":375,"y":509.5},{"x":379,"y":511.5},{"x":382,"y":510.5},{"x":386,"y":510.5},{"x":392,"y":510.5},{"x":399,"y":510.5},{"x":403,"y":509.5},{"x":407,"y":508.5},{"x":412,"y":508.5},{"x":416,"y":506.5},{"x":419,"y":507.5},{"x":423,"y":507.5},{"x":426,"y":505.5},{"x":429,"y":504.5},{"x":432,"y":505.5},{"x":437,"y":502.5},{"x":441,"y":499.5},{"x":444,"y":495.5},{"x":448,"y":490.5},{"x":452,"y":489.5},{"x":457,"y":483.5},{"x":460,"y":482.5},{"x":464,"y":480.5},{"x":468,"y":479.5},{"x":469,"y":474.5},{"x":472,"y":472.5},{"x":476,"y":471.5},{"x":478,"y":468.5},{"x":483,"y":465.5},{"x":483,"y":461.5},{"x":485,"y":457.5},{"x":488,"y":452.5},{"x":491,"y":450.5},{"x":493,"y":446.5},{"x":496,"y":442.5},{"x":499,"y":440.5},{"x":502,"y":437.5},{"x":503,"y":434.5},{"x":506,"y":432.5},{"x":507,"y":429.5},{"x":507,"y":425.5},{"x":510,"y":424.5},{"x":511,"y":419.5},{"x":510,"y":415.5},{"x":513,"y":414.5},{"x":512,"y":411.5},{"x":513,"y":416.5},{"x":513,"y":420.5},{"x":515,"y":427.5},{"x":516,"y":431.5},{"x":517,"y":434.5},{"x":520,"y":436.5},{"x":521,"y":441.5},{"x":526,"y":447.5},{"x":529,"y":450.5},{"x":533,"y":454.5},{"x":536,"y":457.5},{"x":539,"y":459.5},{"x":540,"y":463.5},{"x":544,"y":465.5},{"x":548,"y":469.5},{"x":551,"y":470.5},{"x":554,"y":474.5},{"x":557,"y":475.5},{"x":561,"y":479.5},{"x":565,"y":481.5},{"x":568,"y":483.5},{"x":571,"y":486.5},{"x":574,"y":487.5},{"x":575,"y":490.5},{"x":578,"y":492.5},{"x":581,"y":493.5},{"x":585,"y":494.5},{"x":591,"y":499.5},{"x":596,"y":501.5},{"x":600,"y":501.5},{"x":603,"y":504.5},{"x":607,"y":504.5},{"x":613,"y":505.5},{"x":618,"y":507.5},{"x":623,"y":506.5},{"x":630,"y":509.5},{"x":637,"y":508.5},{"x":645,"y":510.5},{"x":650,"y":509.5},{"x":655,"y":509.5},{"x":659,"y":509.5},{"x":665,"y":509.5},{"x":668,"y":507.5},{"x":673,"y":506.5},{"x":677,"y":505.5},{"x":679,"y":502.5},{"x":682,"y":500.5},{"x":686,"y":499.5},{"x":690,"y":497.5},{"x":696,"y":495.5},{"x":698,"y":492.5},{"x":701,"y":490.5},{"x":704,"y":489.5},{"x":708,"y":485.5},{"x":714,"y":481.5},{"x":716,"y":477.5},{"x":717,"y":474.5},{"x":722,"y":470.5},{"x":724,"y":466.5},{"x":728,"y":463.5},{"x":729,"y":460.5},{"x":731,"y":457.5},{"x":738,"y":449.5},{"x":739,"y":445.5},{"x":743,"y":443.5},{"x":744,"y":438.5},{"x":747,"y":432.5},{"x":751,"y":430.5},{"x":752,"y":425.5},{"x":756,"y":419.5},{"x":758,"y":413.5},{"x":757,"y":409.5},{"x":761,"y":406.5},{"x":763,"y":397.5},{"x":764,"y":393.5},{"x":764,"y":389.5},{"x":764,"y":383.5},{"x":764,"y":376.5},{"x":764,"y":371.5},{"x":762,"y":366.5},{"x":761,"y":361.5},{"x":761,"y":357.5},{"x":760,"y":352.5},{"x":760,"y":346.5},{"x":760,"y":340.5},{"x":760,"y":335.5},{"x":760,"y":330.5},{"x":760,"y":326.5},{"x":758,"y":323.5},{"x":757,"y":316.5},{"x":756,"y":309.5},{"x":753,"y":304.5},{"x":755,"y":299.5},{"x":753,"y":296.5},{"x":751,"y":293.5},{"x":746,"y":290.5},{"x":742,"y":282.5},{"x":736,"y":275.5},{"x":733,"y":272.5},{"x":729,"y":272.5},{"x":725,"y":268.5},{"x":724,"y":264.5},{"x":720,"y":263.5},{"x":715,"y":259.5},{"x":711,"y":256.5},{"x":709,"y":253.5},{"x":702,"y":247.5},{"x":697,"y":242.5},{"x":693,"y":238.5},{"x":687,"y":228.5},{"x":684,"y":229.5},{"x":682,"y":226.5},{"x":679,"y":224.5},{"x":674,"y":217.5},{"x":669,"y":213.5},{"x":664,"y":206.5},{"x":660,"y":204.5},{"x":651,"y":199.5},{"x":641,"y":191.5},{"x":634,"y":184.5},{"x":631,"y":180.5},{"x":626,"y":175.5},{"x":625,"y":172.5},{"x":622,"y":170.5},{"x":619,"y":165.5},{"x":615,"y":161.5},{"x":613,"y":156.5},{"x":610,"y":155.5},{"x":607,"y":151.5},{"x":601,"y":145.5},{"x":598,"y":142.5},{"x":593,"y":137.5},{"x":585,"y":131.5},{"x":581,"y":126.5},{"x":577,"y":126.5},{"x":575,"y":122.5},{"x":571,"y":118.5},{"x":568,"y":115.5},{"x":565,"y":110.5},{"x":562,"y":108.5},{"x":557,"y":104.5},{"x":551,"y":100.5},{"x":545,"y":95.5},{"x":542,"y":91.5},{"x":539,"y":86.5},{"x":537,"y":83.5},{"x":532,"y":81.5},{"x":529,"y":76.5},{"x":525,"y":72.5},{"x":523,"y":69.5},{"x":520,"y":67.5},{"x":517,"y":64.5},{"x":516,"y":61.5},{"x":512,"y":59.5},{"x":510,"y":58.5}]]]],0,0,[],[],[]],[[[0,"drawshape0004",{"rows":[["drawshape","1","Description","heart-outline-tutorial.png"]]}]],0,0,[],[],[]],[[{"name":"heart-outline","rect":[163,10,671,590],"offset":[-1.5,1],"originalSize":[1000,612],"capInsets":[0,0,0,0]}],[0],0,[0],[0],[0]],[["0,9729,9729,33071,33071,0,0,1",-1],[1],0,[],[],[]],[[{"name":"heart-outline-tutorial","rect":[153,0,691,612],"offset":[-1.5,0],"originalSize":[1000,612],"capInsets":[0,0,0,0]}],[0],0,[0],[0],[1]],[["0,9729,9729,33071,33071,0,0,1",-1],[1],0,[],[],[]]]]