[1,["48+/GEwaFM86Oz7Qp0R6Ff","39/f68dL9EtoxdzUWWf3U/","25gUMTLO9AuJiPD714vsdD","f0JfT5xu9NwLlzfU/WazcL","24ktEZNq5P8ar9fl7zyNyW","efkdwvGxZMEZXtayCdkNDV","1cKzrpU8BJUrzCz60Z3O/I","c7QjTb2UJKf7uNX2cMfDqJ","fdhWpnL0FPB7V7jBAowcgp","45qB0fTChHoImTLTx63X5B","5aNiliEBNBja+sFFsTpYEB","55kTkcYJlLBr1WLNU5Ly2F","92oMAAov9ErKvqaszlZdAF","32CbzJVItE6qBUm9K1JO9P","e3kOhSy15Oh5xlg6+/ZIvI","264YumA4lPzLovhP73xa9+"],["_textureSetter"],["cc.Texture2D","cc.SpriteFrame",["cc.AudioClip",["_name","_native","duration"],0],["cc.JsonAsset",["_name","json"],1]],[[2,0,1,2,4],[3,0,1,3]],[[[[0,"I_have_no_shadow_at_night",".mp3",2.856],-1],0,0,[],[],[]],[["0,9729,9729,33071,33071,0,0,1",-1],[0],0,[],[],[]],[["0,9729,9729,33071,33071,0,0,1",-1],[0],0,[],[],[]],[["0,9729,9729,33071,33071,0,0,1",-1],[0],0,[],[],[]],[["0,9729,9729,33071,33071,0,0,1",-1],[0],0,[],[],[]],[[{"name":"breakfast","rect":[0,0,1280,853],"offset":[0,0],"originalSize":[1280,853],"capInsets":[0,0,0,0]}],[1],0,[0],[0],[0]],[[{"name":"shadow_noon","rect":[0,0,960,640],"offset":[0,0],"originalSize":[960,640],"capInsets":[0,0,0,0]}],[1],0,[0],[0],[1]],[["0,9729,9729,33071,33071,0,0,1",-1],[0],0,[],[],[]],[[{"name":"evening","rect":[0,0,299,169],"offset":[0,0],"originalSize":[299,169],"capInsets":[0,0,0,0]}],[1],0,[0],[0],[2]],[["0,9729,9729,33071,33071,0,0,1",-1],[0],0,[],[],[]],[["0,9729,9729,33071,33071,0,0,1",-1],[0],0,[],[],[]],[["0,9729,9729,33071,33071,0,0,1",-1],[0],0,[],[],[]],[[[0,"They_had_their_dinner_at_night",".mp3",2.592],-1],0,0,[],[],[]],[[{"name":"noon","rect":[0,0,2576,1932],"offset":[0,0],"originalSize":[2576,1932],"capInsets":[0,0,0,0]}],[1],0,[0],[0],[3]],[["0,9729,9729,33071,33071,0,0,1",-1],[0],0,[],[],[]],[["0,9729,9729,33071,33071,0,0,1",-1],[0],0,[],[],[]],[[{"name":"dinner","rect":[0,0,1024,683],"offset":[0,0],"originalSize":[1024,683],"capInsets":[0,0,0,0]}],[1],0,[0],[0],[4]],[[{"name":"morning","rect":[0,0,960,617],"offset":[0,0],"originalSize":[960,617],"capInsets":[0,0,0,0]}],[1],0,[0],[0],[5]],[[{"name":"park_evening","rect":[0,0,1024,574],"offset":[0,0],"originalSize":[1024,574],"capInsets":[0,0,0,0]}],[1],0,[0],[0],[6]],[[[0,"My_shadow_is_tall_in_the_morning",".mp3",3.144],-1],0,0,[],[],[]],[[[0,"we_watch_stars_at_night",".mp3",2.592],-1],0,0,[],[],[]],[[[0,"my_shadow_is_short_at_noon",".mp3",2.976],-1],0,0,[],[],[]],[[[0,"We_play_in_park_in_evening",".mp3",2.688],-1],0,0,[],[],[]],[[{"name":"night_shadow","rect":[0,0,500,609],"offset":[0,0],"originalSize":[500,609],"capInsets":[0,0,0,0]}],[1],0,[0],[0],[7]],[["0,9729,9729,33071,33071,0,0,1",-1],[0],0,[],[],[]],[[[0,"The_sun_shines_bright_at_noon",".mp3",3.168],-1],0,0,[],[],[]],[[{"name":"wake_up","rect":[0,0,700,500],"offset":[0,0],"originalSize":[700,500],"capInsets":[0,0,0,0]}],[1],0,[0],[0],[8]],[[[0,"we_go_to_school_during_day",".mp3",2.736],-1],0,0,[],[],[]],[[{"name":"sleep","rect":[0,0,750,500],"offset":[0,0],"originalSize":[750,500],"capInsets":[0,0,0,0]}],[1],0,[0],[0],[9]],[[[0,"we_eat_lunch_in_the_afternoon",".mp3",2.928],-1],0,0,[],[],[]],[[{"name":"shadow_morning","rect":[0,0,259,194],"offset":[0,0],"originalSize":[259,194],"capInsets":[0,0,0,0]}],[1],0,[0],[0],[10]],[["0,9729,9729,33071,33071,0,0,1",-1],[0],0,[],[],[]],[[[1,"en3400",{"rows":[["picturemeaning","1","Description","S","We go to school during day","school_day.png","we_go_to_school_during_day.mp3","We play in park in the evening.","park_evening.png","We_play_in_park_in_evening.mp3","We watch stars at night.","stars.png","we_watch_stars_at_night.mp3"],["picturemeaning","1","Description","S","My shadow is tall in the morning/evening","shadow_morning.png","My_shadow_is_tall_in_the_morning.mp3","My shadow is short at noon","shadow_noon.png","my_shadow_is_short_at_noon.mp3","I have no shadow at night","night_shadow.png","I_have_no_shadow_at_night.mp3"],["createsentence","1","Description","We/eat/lunch/in/the/afternoon","","lunch.png","we_eat_lunch_in_the_afternoon.mp3"],["createsentence","1","Description","They/had/their/dinner/at/night","","dinner.png","They_had_their_dinner_at_night.mp3"],["createsentence","1","Description","The/sun/shines/bright/at/noon","","noon.png","The_sun_shines_bright_at_noon.mp3"],["quizliteracy","1","Description","image_word","Morning Shadow","Noon Shadow","Night Shadow","Morning Shadow","shadow_morning.png"],["quizliteracy","1","Description","soundonly_image","stars.png","stars.png","park_evening.png","school_day.png","","","we_watch_stars_at_night.mp3"],["quizliteracy","1","Description","sentence_sentence","lunch","breakfast","lunch","dinner","","We eat _____ in the afternoon.","we_eat_lunch_in_the_afternoon.mp3"]]}]],0,0,[],[],[]],[["0,9729,9729,33071,33071,0,0,1",-1],[0],0,[],[],[]],[[{"name":"school","rect":[0,0,1024,768],"offset":[0,0],"originalSize":[1024,768],"capInsets":[0,0,0,0]}],[1],0,[0],[0],[11]],[["0,9729,9729,33071,33071,0,0,1",-1],[0],0,[],[],[]],[["0,9729,9729,33071,33071,0,0,1",-1],[0],0,[],[],[]],[[{"name":"lunch","rect":[0,0,910,607],"offset":[0,0],"originalSize":[910,607],"capInsets":[0,0,0,0]}],[1],0,[0],[0],[12]],[[{"name":"night","rect":[0,0,615,410],"offset":[0,0],"originalSize":[615,410],"capInsets":[0,0,0,0]}],[1],0,[0],[0],[13]],[["0,9729,9729,33071,33071,0,0,1",-1],[0],0,[],[],[]],[[{"name":"stars","rect":[0,0,694,500],"offset":[0,0],"originalSize":[694,500],"capInsets":[0,0,0,0]}],[1],0,[0],[0],[14]],[[{"name":"school_day","rect":[0,0,1280,853],"offset":[0,0],"originalSize":[1280,853],"capInsets":[0,0,0,0]}],[1],0,[0],[0],[15]]]]