[1,["39ZQXJ1g9ATJz+hVv3ZIZP","92ccMdrGBHVaPk1NAXP3wR","584auMfFJMi5tl9rKhSd2z","cf9Xicz0hMmLVXWA/Dj/Hf","b2X+aHZrtCFKXojyrmWNNP","9dsdQYQydCtoMOdPlM8qcA","bcCFEYYllAQ4O9L0cpJ9Rl","9aXoNKgqdBw7Y31SEjVTj/","77XCQcLtJM/ogjGKDCihLT"],["_textureSetter"],["cc.SpriteFrame","cc.Texture2D",["cc.AudioClip",["_name","_native","duration"],0],["cc.JsonAsset",["_name","json"],1]],[[2,0,1,2,4],[3,0,1,3]],[[[[0,"हात-पाय_स्वच्छ_धुवायचे",".mp3",2.220408],-1],0,0,[],[],[]],[[[0,"दररोज_अभ्यास_करायचा",".mp3",2.298776],-1],0,0,[],[],[]],[[[0,"सकाळी_लवकर_उठायचे",".mp3",2.194286],-1],0,0,[],[],[]],[[{"name":"backpack","rect":[0,0,640,582],"offset":[0,0],"originalSize":[640,582],"capInsets":[0,0,0,0]}],[0],0,[0],[0],[0]],[["0,9729,9729,33071,33071,0,0,1",-1],[1],0,[],[],[]],[[[0,"केस_विंचरायचे",".mp3",1.567347],-1],0,0,[],[],[]],[[{"name":"wash_hands","rect":[43,0,514,600],"offset":[0,0],"originalSize":[600,600],"capInsets":[0,0,0,0]}],[0],0,[0],[0],[1]],[["0,9729,9729,33071,33071,0,0,1",-1],[1],0,[],[],[]],[[[0,"दप्तर_नीट_भरायचे",".mp3",2.063673],-1],0,0,[],[],[]],[["0,9729,9729,33071,33071,0,0,1",-1],[1],0,[],[],[]],[[{"name":"wakeup","rect":[0,0,640,626],"offset":[0,0],"originalSize":[640,626],"capInsets":[0,0,0,0]}],[0],0,[0],[0],[2]],[[{"name":"having_bath","rect":[0,0,640,427],"offset":[0,0],"originalSize":[640,427],"capInsets":[0,0,0,0]}],[0],0,[0],[0],[3]],[[[0,"दात_घासायचे",".mp3",1.48898],-1],0,0,[],[],[]],[["0,9729,9729,33071,33071,0,0,1",-1],[1],0,[],[],[]],[[[0,"शौचास_जाऊन_यायचे",".mp3",2.063673],-1],0,0,[],[],[]],[["0,9729,9729,33071,33071,0,0,1",-1],[1],0,[],[],[]],[["0,9729,9729,33071,33071,0,0,1",-1],[1],0,[],[],[]],[[[0,"स्वच्छ_कपडे_घालायचे",".mp3",2.115918],-1],0,0,[],[],[]],[[{"name":"comb","rect":[0,157,1200,286],"offset":[0,0],"originalSize":[1200,600],"capInsets":[0,0,0,0]}],[0],0,[0],[0],[4]],[[{"name":"study","rect":[0,0,640,428],"offset":[0,0],"originalSize":[640,428],"capInsets":[0,0,0,0]}],[0],0,[0],[0],[5]],[["0,9729,9729,33071,33071,0,0,1",-1],[1],0,[],[],[]],[["0,9729,9729,33071,33071,0,0,1",-1],[1],0,[],[],[]],[[[1,"mr3101",{"rows":[["createsentence","1","Description","सकाळी/लवकर/उठायचे","","wakeup.png","सकाळी_लवकर_उठायचे.mp3"],["createsentence","1","Description","शौचास/जाऊन/यायचे","","toilet.png","शौचास_जाऊन_यायचे.mp3"],["createsentence","1","Description","हात-पाय/स्वच्छ/धुवायचे","","wash_hands.png","हात-पाय_स्वच्छ_धुवायचे.mp3"],["createsentence","1","Description","दात/घासायचे","","brushteeth.png","दात_घासायचे.mp3"],["createsentence","1","Description","अंघोळ/करायची","","having_bath.png","अंघोळ_करायची.mp3"],["createsentence","1","Description","स्वच्छ/कपडे/घालायचे","","wear_clothes.png","स्वच्छ_कपडे_घालायचे.mp3"],["createsentence","1","Description","केस/विंचरायचे","","comb.png","केस_विंचरायचे.mp3"],["createsentence","1","Description","दप्तर/नीट/भरायचे","","backpack.png","दप्तर_नीट_भरायचे.mp3"],["createsentence","1","Description","दररोज/अभ्यास/करायचा","","study.png","दररोज_अभ्यास_करायचा.mp3"],["quizliteracy","1","Description","sentence_sentence","सकाळी लवकर उठायचे","लवकर उठू नका","उशिरापर्यंत झोपा","सकाळी लवकर उठायचे","","योग्य वाक्य निवडा","योग्य_वाक्य_निवडा.mp3"],["quizliteracy","1","Description","sentence_sentence","दात घासायचे","दात घासू नका","दात घासायचे","ब्रश न करता खा","","योग्य वाक्य निवडा","योग्य_वाक्य_निवडा.mp3"],["quizliteracy","1","Description","sentence_sentence","केस विंचरायचे","केस विंचरायचे","केसांना कंघी करू नका","केस अस्वच्छ ठेवा","","योग्य वाक्य निवडा","योग्य_वाक्य_निवडा.mp3"]]}]],0,0,[],[],[]],[[[0,"अंघोळ_करायची",".mp3",1.48898],-1],0,0,[],[],[]],[["0,9729,9729,33071,33071,0,0,1",-1],[1],0,[],[],[]],[[{"name":"brushteeth","rect":[0,0,800,686],"offset":[0,0],"originalSize":[800,686],"capInsets":[0,0,0,0]}],[0],0,[0],[0],[6]],[[{"name":"toilet","rect":[0,0,640,512],"offset":[0,0],"originalSize":[640,512],"capInsets":[0,0,0,0]}],[0],0,[0],[0],[7]],[[[0,"योग्य_वाक्य_निवडा",".mp3",1.8],-1],0,0,[],[],[]],[[{"name":"wear_clothes","rect":[0,56,600,488],"offset":[0,0],"originalSize":[600,600],"capInsets":[0,0,0,0]}],[0],0,[0],[0],[8]]]]