[1,["ddmkFlkO1DvbOytDr/V6dW","47Ls9kl3tOTZectCs00TXa","72T/OnjhZFSIAVo+/YuJTB","244cXTM8NK1q5A10ukesyb","09zX/BWLFK1YO2dSmsYaMz","9fAAI5WDpNpajTd48ByW6B","b8fKjRshZEDKmA4j8IsW2M"],["_textureSetter"],["cc.Texture2D","cc.SpriteFrame",["cc.AudioClip",["_name","_native","duration"],0],["cc.JsonAsset",["_name","json"],1]],[[2,0,1,2,4],[3,0,1,3]],[[[[0,"खसखस",".mp3",0.940408],-1],0,0,[],[],[]],[["0,9729,9729,33071,33071,0,0,1",-1],[0],0,[],[],[]],[[[0,"दिवस",".mp3",0.888163],-1],0,0,[],[],[]],[[{"name":"goat","rect":[0,0,640,478],"offset":[0,0],"originalSize":[640,478],"capInsets":[0,0,0,0]}],[1],0,[0],[0],[0]],[[[0,"मशाल",".mp3",1.097143],-1],0,0,[],[],[]],[[{"name":"mashaal","rect":[90,0,140,640],"offset":[0,0],"originalSize":[320,640],"capInsets":[0,0,0,0]}],[1],0,[0],[0],[1]],[[[0,"षटकार",".mp3",0.888163],-1],0,0,[],[],[]],[["0,9729,9729,33071,33071,0,0,1",-1],[0],0,[],[],[]],[[[0,"स",".mp3",0.888163],-1],0,0,[],[],[]],[[[0,"व",".mp3",0.835918],-1],0,0,[],[],[]],[["0,9729,9729,33071,33071,0,0,1",-1],[0],0,[],[],[]],[[[0,"ष",".mp3",0.679184],-1],0,0,[],[],[]],[[[0,"माशी",".mp3",0.783673],-1],0,0,[],[],[]],[[[0,"दि",".mp3",0.679184],-1],0,0,[],[],[]],[[[0,"शे",".mp3",0.888163],-1],0,0,[],[],[]],[[[1,"mr2601",{"rows":[["phonictractor","1","Description","4","शतक","शतक.mp3","श","श.mp3","त","त.mp3","क","क.mp3"],["writecard","1","Description","श","शेळी","goat.png","शेळी.mp3","मशाल","mashaal.png","मशाल.mp3","माशी","fly.png","माशी.mp3"],["phonictractor","1","Description","4","विशेष","विशेष.mp3","वि","वि.mp3","शे","शे.mp3","ष","ष.mp3"],["writecard","1","Description","ष","षटक","hexagon.png","षटक.mp3","षटकार","hexagon.png","षटकार.mp3","षटकोन","hexagon.png","षटकोन.mp3"],["phonictractor","1","Description","4","दिवस","दिवस.mp3","दि","दि.mp3","व","व.mp3","स","स.mp3"],["writecard","1","Description","अ","ससा","rabbit.png","ससा.mp3","कासव","turtle.png","कासव.mp3","खसखस","poppy.png","खसखस.mp3"],["quizliteracy","1","Description","word_word","श","न","चा","श","","__तक","शतक.mp3"],["quizliteracy","1","Description","word_word","ष","ष","शे","न","","__टक","षटक.mp3"],["quizliteracy","1","Description","word_word","स","डी","स","झा","","__सा","ससा.mp3"]]}]],0,0,[],[],[]],[["0,9729,9729,33071,33071,0,0,1",-1],[0],0,[],[],[]],[[[0,"विशेष",".mp3",1.018776],-1],0,0,[],[],[]],[[[0,"ससा",".mp3",1.07102],-1],0,0,[],[],[]],[[[0,"कासव",".mp3",0.835918],-1],0,0,[],[],[]],[[{"name":"fly","rect":[0,0,640,495],"offset":[0,0],"originalSize":[640,495],"capInsets":[0,0,0,0]}],[1],0,[0],[0],[2]],[["0,9729,9729,33071,33071,0,0,1",-1],[0],0,[],[],[]],[[[0,"त",".mp3",0.705306],-1],0,0,[],[],[]],[[{"name":"rabbit","rect":[0,0,640,480],"offset":[0,0],"originalSize":[640,480],"capInsets":[0,0,0,0]}],[1],0,[0],[0],[3]],[[[0,"श",".mp3",0.809796],-1],0,0,[],[],[]],[["0,9729,9729,33071,33071,0,0,1",-1],[0],0,[],[],[]],[[{"name":"poppy","rect":[0,0,640,427],"offset":[0,0],"originalSize":[640,427],"capInsets":[0,0,0,0]}],[1],0,[0],[0],[4]],[[[0,"शतक",".mp3",0.835918],-1],0,0,[],[],[]],[[[0,"शेळी",".mp3",0.835918],-1],0,0,[],[],[]],[[[0,"षटक",".mp3",0.653061],-1],0,0,[],[],[]],[["0,9729,9729,33071,33071,0,0,1",-1],[0],0,[],[],[]],[[[0,"षटकोन",".mp3",1.201633],-1],0,0,[],[],[]],[[[0,"क",".mp3",0.783673],-1],0,0,[],[],[]],[[{"name":"hexagon","rect":[3,3,634,550],"offset":[0,0],"originalSize":[640,556],"capInsets":[0,0,0,0]}],[1],0,[0],[0],[5]],[[{"name":"turtle","rect":[0,0,640,427],"offset":[0,0],"originalSize":[640,427],"capInsets":[0,0,0,0]}],[1],0,[0],[0],[6]],[[[0,"वि",".mp3",0.574694],-1],0,0,[],[],[]]]]