[1,["16I5k5vcJEX6J/WbkemmpV","66p7eVkWxI0IhKMZQFTsKN","adwdERpY5B6poXmI0sHkl0"],["_textureSetter"],["cc.Texture2D","cc.SpriteFrame",["cc.AudioClip",["_name","_native","duration"],0],["cc.JsonAsset",["_name","json"],1]],[[2,0,1,2,4],[3,0,1,3]],[[[[0,"ಡೆ",".mp3",0.528],-1],0,0,[],[],[]],[["0,9729,9729,33071,33071,0,0,1",-1],[0],0,[],[],[]],[[{"name":"body","rect":[0,0,341,512],"offset":[0,0],"originalSize":[341,512],"capInsets":[0,0,0,0]}],[1],0,[0],[0],[0]],[[[0,"ಯ",".mp3",0.528],-1],0,0,[],[],[]],[[[0,"ರು",".mp3",0.528],-1],0,0,[],[],[]],[[[0,"ಮಗು",".mp3",0.648],-1],0,0,[],[],[]],[[{"name":"baby","rect":[0,0,512,378],"offset":[0,0],"originalSize":[512,378],"capInsets":[0,0,0,0]}],[1],0,[0],[0],[1]],[[[0,"ಒಳ್ಳೆಯ",".mp3",0.744],-1],0,0,[],[],[]],[[[0,"ಒ",".mp3",0.48],-1],0,0,[],[],[]],[[[0,"ಳ್ಳೆ",".mp3",0.648],-1],0,0,[],[],[]],[["0,9729,9729,33071,33071,0,0,1",-1],[0],0,[],[],[]],[[[0,"ಹಲವಾರು",".mp3",0.936],-1],0,0,[],[],[]],[[[0,"ಹಲ",".mp3",0.6],-1],0,0,[],[],[]],[[[1,"kn3201",{"rows":[["spelldoor","1","Description","ಮಂದಿ","**","0","0","people.png","ಮಂದಿ.mp3"],["phonictractor","1","Description","4","ನಡೆ","ನಡೆ.mp3","ನ","ನ.mp3","ಡೆ","ಡೆ.mp3"],["spelldoor","1","Description","ದೇಹ","**","0","0","body.png","ದೇಹ.mp3"],["phonictractor","1","Description","4","ಒಳ್ಳೆಯ","ಒಳ್ಳೆಯ.mp3","ಒ","ಒ.mp3","ಳ್ಳೆ","ಳ್ಳೆ.mp3","ಯ","ಯ.mp3"],["spelldoor","1","Description","ಮಗು","**","0","0","baby.png","ಮಗು.mp3"],["phonictractor","1","Description","4","ಹಲವಾರು","ಹಲವಾರು.mp3","ಹಲ","ಹಲ.mp3","ವಾ","ವಾ.mp3","ರು","ರು.mp3"],["quizliteracy","1","Description","word_word","ಹಲ","ಹಲ","ಗಿಡ","ಪುಟ","","____ವಾರು","ಹಲವಾರು.mp3"],["quizliteracy","1","Description","image_word","ಮಗು","ನಡೆ","ಮಂದಿ","ಮಗು","baby.png"],["quizliteracy","1","Description","soundonly_word","ದೇಹ","ಒಳ್ಳೆಯ","ದೇಹ","ನಡೆ","","","ದೇಹ.mp3"]]}]],0,0,[],[],[]],[[[0,"ನ",".mp3",0.48],-1],0,0,[],[],[]],[[[0,"ವಾ",".mp3",0.528],-1],0,0,[],[],[]],[["0,9729,9729,33071,33071,0,0,1",-1],[0],0,[],[],[]],[[[0,"ಮಂದಿ",".mp3",0.696],-1],0,0,[],[],[]],[[{"name":"people","rect":[0,0,512,337],"offset":[0,0],"originalSize":[512,337],"capInsets":[0,0,0,0]}],[1],0,[0],[0],[2]],[[[0,"ನಡೆ",".mp3",0.648],-1],0,0,[],[],[]],[[[0,"ದೇಹ",".mp3",0.672],-1],0,0,[],[],[]]]]