[1,["cdFgLyAVpJa7g49v2OOxcV","588EPd4mhNuoFlJMApn3BZ","4aFE49FERBYYjQqi1UgJbv","c0H5CXf0BETaTcghirv8Sq","b5sf3QLh5HypH64Q41ZDbA"],["_textureSetter"],["cc.Texture2D","cc.SpriteFrame",["cc.AudioClip",["_name","_native","duration"],0],["cc.JsonAsset",["_name","json"],1]],[[2,0,1,2,4],[3,0,1,3]],[[[[0,"ಹೊಲ",".mp3",0.624],-1],0,0,[],[],[]],[[[0,"ರಸ್ತೆ",".mp3",0.792],-1],0,0,[],[],[]],[[[0,"ರೈತ",".mp3",0.768],-1],0,0,[],[],[]],[["0,9729,9729,33071,33071,0,0,1",-1],[0],0,[],[],[]],[[[1,"kn2_1100",{"rows":[["tag","1","Description","image_23_3.jpg","ಹಳ್ಳಿ","280.-1520","ಹಳ್ಳಿ.mp3","ಮನೆ","262.-1205","ಮನೆ.mp3","ರಸ್ತೆ","884.-571","ರಸ್ತೆ.mp3","ಬೆಟ್ಟ","1008.-1074","ಬೆಟ್ಟ.mp3","ಮರ","1264.-827","ಮರ.mp3"],["tag","1","Description","image_23_4.jpg","ಹೊಲ","280.-1520","ಹೊಲ.mp3","ರೈತ","1053.-1178","ರೈತ.mp3","ದನ","242.-838","ದನ.mp3","ಹಾಲು","1381.-823","ಹಾಲು.mp3","ಬಾಲ್ದಿ","416.-420","ಬಾಲ್ದಿ.mp3"],["quizliteracy","1","Description","image_word","ಮನೆ","ಮರ","ಮನೆ","ದನ","house.png"],["quizliteracy","1","Description","image_word","ಮರ","ಮನೆ","ದನ","ಮರ","tree.png"],["quizliteracy","1","Description","image_word","ದನ","ದನ","ಮರ","ಮನೆ","cow.png"]]}]],0,0,[],[],[]],[[[0,"ಹಳ್ಳಿ",".mp3",0.72],-1],0,0,[],[],[]],[["1,9729,9729,33071,33071,0,0,1",-1],[0],0,[],[],[]],[[[0,"ಹಾಲು",".mp3",0.816],-1],0,0,[],[],[]],[[[0,"ಬೆಟ್ಟ",".mp3",0.72],-1],0,0,[],[],[]],[[[0,"ಮನೆ",".mp3",0.648],-1],0,0,[],[],[]],[[[0,"ದನ",".mp3",0.624],-1],0,0,[],[],[]],[[[0,"ಮರ",".mp3",0.6],-1],0,0,[],[],[]],[[{"name":"cow","rect":[0,0,400,400],"offset":[0,0],"originalSize":[400,400],"capInsets":[0,0,0,0]}],[1],0,[0],[0],[0]],[["1,9729,9729,33071,33071,0,0,1",-1],[0],0,[],[],[]],[["0,9729,9729,33071,33071,0,0,1",-1],[0],0,[],[],[]],[[{"name":"image_23_3","rect":[0,0,845,695],"offset":[0,0],"originalSize":[845,695],"capInsets":[0,0,0,0]}],[1],0,[0],[0],[1]],[["0,9729,9729,33071,33071,0,0,1",-1],[0],0,[],[],[]],[[{"name":"tree","rect":[0,0,400,400],"offset":[0,0],"originalSize":[400,400],"capInsets":[0,0,0,0]}],[1],0,[0],[0],[2]],[[{"name":"house","rect":[0,0,400,400],"offset":[0,0],"originalSize":[400,400],"capInsets":[0,0,0,0]}],[1],0,[0],[0],[3]],[[[0,"ಬಾಲ್ದಿ",".mp3",0.816],-1],0,0,[],[],[]],[[{"name":"image_23_4","rect":[0,0,845,695],"offset":[0,0],"originalSize":[845,695],"capInsets":[0,0,0,0]}],[1],0,[0],[0],[4]]]]