[1,["a1x164R0xJhJ73EWh1MLuP","65KPGXWLxKtLeOKpipk9Ih","c47IhEBLRLXoZ1i9ZScf8n","32jq3DGxVIk5ffDzpOj23S","1b4lWTpp9CoJD9VcoHBbe6"],["_textureSetter"],["cc.Texture2D","cc.SpriteFrame",["cc.AudioClip",["_name","_native","duration"],0],["cc.JsonAsset",["_name","json"],1]],[[2,0,1,2,4],[3,0,1,3]],[[["0,9729,9729,33071,33071,0,0,1",-1],[0],0,[],[],[]],[[{"name":"4","rect":[0,0,512,502],"offset":[0,0],"originalSize":[512,502],"capInsets":[0,0,0,0]}],[1],0,[0],[0],[0]],[["0,9729,9729,33071,33071,0,0,1",-1],[0],0,[],[],[]],[[{"name":"2","rect":[0,0,900,566],"offset":[0,0],"originalSize":[900,566],"capInsets":[0,0,0,0]}],[1],0,[0],[0],[1]],[["0,9729,9729,33071,33071,0,0,1",-1],[0],0,[],[],[]],[[{"name":"3","rect":[0,0,512,503],"offset":[0,0],"originalSize":[512,503],"capInsets":[0,0,0,0]}],[1],0,[0],[0],[2]],[[{"name":"5","rect":[0,0,512,503],"offset":[0,0],"originalSize":[512,503],"capInsets":[0,0,0,0]}],[1],0,[0],[0],[3]],[[[0,"4",".mp3",0.705306],-1],0,0,[],[],[]],[[[0,"1",".mp3",0.757551],-1],0,0,[],[],[]],[[{"name":"1","rect":[0,0,900,566],"offset":[0,0],"originalSize":[900,566],"capInsets":[0,0,0,0]}],[1],0,[0],[0],[4]],[[[1,"sl_en3509",{"rows":[["openwindow1","1","Description","LEGIT","one","1.png","2.png","1.mp3","abcdefghijklmnopqrstuvwxyz"],["openwindow1","1","Description","LEGIT","three","3.png","5.png","3.mp3","abcdefghijklmnopqrstuvwxyz"],["openwindow1","1","Description","LEGIT","four","4.png","3.png","4.mp3","abcdefghijklmnopqrstuvwxyz"],["openwindow1","1","Description","LEGIT","two","2.png","1.png","2.mp3","abcdefghijklmnopqrstuvwxyz"],["openwindow1","1","Description","LEGIT","five","5.png","3.png","5.mp3","abcdefghijklmnopqrstuvwxyz"],["openwindow1","1","Description","LEGIT","two","2.png","4.png","2.mp3","abcdefghijklmnopqrstuvwxyz"],["openwindow1","1","Description","LEGIT","four","5.png","2.png","4.mp3","abcdefghijklmnopqrstuvwxyz"],["openwindow1","1","Description","LEGIT","three","3.png","5.png","3.mp3","abcdefghijklmnopqrstuvwxyz"],["quizliteracy","1","Description","image_sentence","one","one","thirteen","six","1.png","","1.mp3"],["quizliteracy","1","Description","image_sentence","five","nine","five","seven","5.png","","5.mp3"],["quizliteracy","1","Description","image_sentence","three","four","two","three","3.png","","3.mp3"]]}]],0,0,[],[],[]],[["0,9729,9729,33071,33071,0,0,1",-1],[0],0,[],[],[]],[[[0,"2",".mp3",0.731429],-1],0,0,[],[],[]],[[[0,"5",".mp3",0.783673],-1],0,0,[],[],[]],[["0,9729,9729,33071,33071,0,0,1",-1],[0],0,[],[],[]],[[[0,"3",".mp3",0.731429],-1],0,0,[],[],[]]]]