[1,["61V4+mn9BHYrCQVvOpJjUK","f5Z22M+z5KQ6EHb3XpGBrB","f1/LenqbBFBo4wi3QlyTJG"],["_textureSetter"],["cc.Texture2D","cc.SpriteFrame",["cc.AudioClip",["_name","_native","duration"],0],["cc.JsonAsset",["_name","json"],1]],[[2,0,1,2,4],[3,0,1,3]],[[[[0,"a",".mp3",0.679184],-1],0,0,[],[],[]],[["0,9729,9729,33071,33071,0,0,1",-1],[0],0,[],[],[]],[[{"name":"apple","rect":[0,0,400,333],"offset":[0,0],"originalSize":[400,333],"capInsets":[0,0,0,0]}],[1],0,[0],[0],[0]],[[[0,"axe",".mp3",1.008],-1],0,0,[],[],[]],[[[1,"en0000",{"rows":[["balloonpop","1","Description","2","a","5","a","a.mp3"],["writeletter","1","Description","a","-"],["writecard","1","Description","a","ant","ant.png","ant.mp3","axe","axe.png","axe.mp3","apple","apple.png","apple.mp3"],["quizliteracy","1","Description","soundonly_word","a","e","a","o","","","a.mp3"],["quizliteracy","1","Description","word_word","a","p","e","a","","a"],["quizliteracy","1","Description","soundonly_word","a","e","a","h","","","a.mp3"]]}]],0,0,[],[],[]],[[[0,"ant",".mp3",1.008],-1],0,0,[],[],[]],[[{"name":"axe","rect":[0,0,400,333],"offset":[0,0],"originalSize":[400,333],"capInsets":[0,0,0,0]}],[1],0,[0],[0],[1]],[[[0,"apple",".mp3",0.912],-1],0,0,[],[],[]],[[{"name":"ant","rect":[0,0,575,434],"offset":[0,0],"originalSize":[575,434],"capInsets":[0,0,0,0]}],[1],0,[0],[0],[2]],[["0,9729,9729,33071,33071,0,0,1",-1],[0],0,[],[],[]],[["0,9729,9729,33071,33071,0,0,1",-1],[0],0,[],[],[]]]]