[1,["1333/sbqVAQajy3ODUmyu7","5ae+oQWCFFAa/PqlqEDBx9","b6rpHUwYJLlKIAzc40hn/R","cc5BaLA/BCBZwGU83PQJvy","9cy7FX2t1I8pz/GTwjGstQ","61paAJ9Z9Ll6ot9jnci5Mc","d24A0gVZ9OTL5wn2C34RCH","c13T6f2JVPTqyJ8zoDr/7X","b4U4T1l0ZMF6qzPiMY6go7","c8ay73+JJBZ70etrEdlYsk","aeO68KQKZFlrG5GYxLg4fv"],["_textureSetter"],["cc.SpriteFrame","cc.Texture2D",["cc.AudioClip",["_name","_native","duration"],0],["cc.JsonAsset",["_name","json"],1]],[[2,0,1,2,4],[3,0,1,3]],[[[[0,"cut",".mp3",0.626939],-1],0,0,[],[],[]],[[{"name":"bus","rect":[67,152,446,181],"offset":[0,-12.5],"originalSize":[580,460],"capInsets":[0,0,0,0]}],[0],0,[0],[0],[0]],[["0,9729,9729,33071,33071,0,0,1",-1],[1],0,[],[],[]],[[{"name":"bug","rect":[36,36,846,594],"offset":[0,0],"originalSize":[918,666],"capInsets":[0,0,0,0]}],[0],0,[0],[0],[1]],[[{"name":"cat","rect":[0,0,494,512],"offset":[0,0],"originalSize":[494,512],"capInsets":[0,0,0,0]}],[0],0,[0],[0],[2]],[[[0,"hat",".mp3",0.679184],-1],0,0,[],[],[]],[[[0,"mad",".mp3",0.731429],-1],0,0,[],[],[]],[[[0,"bug",".mp3",0.626939],-1],0,0,[],[],[]],[[{"name":"man","rect":[0,0,512,512],"offset":[0,0],"originalSize":[512,512],"capInsets":[0,0,0,0]}],[0],0,[0],[0],[3]],[[[0,"cat",".mp3",0.835918],-1],0,0,[],[],[]],[[[0,"bat",".mp3",0.600816],-1],0,0,[],[],[]],[["0,9729,9729,33071,33071,0,0,1",-1],[1],0,[],[],[]],[["0,9729,9729,33071,33071,0,0,1",-1],[1],0,[],[],[]],[[{"name":"bug1","rect":[0,0,193,153],"offset":[0,0],"originalSize":[193,153],"capInsets":[0,0,0,0]}],[0],0,[0],[0],[4]],[[{"name":"bat","rect":[0,0,512,435],"offset":[0,0],"originalSize":[512,435],"capInsets":[0,0,0,0]}],[0],0,[0],[0],[5]],[[{"name":"top","rect":[0,0,608,516],"offset":[0,0],"originalSize":[608,516],"capInsets":[0,0,0,0]}],[0],0,[0],[0],[6]],[[[0,"bed",".mp3",0.600816],-1],0,0,[],[],[]],[[{"name":"box","rect":[0,7,140,127],"offset":[0,-0.5],"originalSize":[140,140],"capInsets":[0,0,0,0]}],[0],0,[0],[0],[7]],[["0,9729,9729,33071,33071,0,0,1",-1],[1],0,[],[],[]],[["0,9729,9729,33071,33071,0,0,1",-1],[1],0,[],[],[]],[["0,9729,9729,33071,33071,0,0,1",-1],[1],0,[],[],[]],[["0,9729,9729,33071,33071,0,0,1",-1],[1],0,[],[],[]],[[[0,"can",".mp3",0.835918],-1],0,0,[],[],[]],[["0,9729,9729,33071,33071,0,0,1",-1],[1],0,[],[],[]],[[[1,"sl_en1000",{"rows":[["openwindow","1","Description","LEGIT","bed","bed.png","mom.png","bed.mp3","abcdefghijklmnopqrstuvwxyz"],["openwindow","1","Description","LEGIT","bat","bat.png","cat.png","bat.mp3","abcdefghijklmnopqrstuvwxyz"],["openwindow","1","Description","LEGIT","bug","bug1.png","man.png","bug.mp3","abcdefghijklmnopqrstuvwxyz"],["openwindow","1","Description","LEGIT","mom","mom.png","bat.png","mom.mp3","abcdefghijklmnopqrstuvwxyz"],["rocket","1","Description","top","a,b,c,d,e,f,g,h,i,j,k,l,m,n,o,p,q,r,s,t,u,v,w,x,y,z","t,o,p","top.mp3","top.png","true","false"],["rocket","1","Description","cut","a,b,c,d,e,f,g,h,i,j,k,l,m,n,o,p,q,r,s,t,u,v,w,x,y,z","c,u,t","cut.mp3","cut.png","true","false"],["rocket","1","Description","bug","a,b,c,d,e,f,g,h,i,j,k,l,m,n,o,p,q,r,s,t,u,v,w,x,y,z","b,u,g","bug.mp3","bug.png","true","false"],["grid","1","Description","c","at,an"],["grid","1","Description","m","ad,an"],["grid","1","Description","h","am,at"],["quizliteracy","1","Description","soundonly_image","bed.png","bus.png","bed.png","box.png","","","bed.mp3"],["quizliteracy","1","Description","soundonly_word","bug","bug","hug","dog","","","bug.mp3"],["quizliteracy","1","Description","soundonly_image","top.png","top.png","bed.png","box.png","","","top.mp3"],["quizliteracy","1","Description","soundonly_word","mom","dad","mom","baby","","","mom.mp3"],["quizliteracy","1","Description","image_word","bat","grape","apple","bat","bat.png"]]}]],0,0,[],[],[]],[["0,9729,9729,33071,33071,0,0,1",-1],[1],0,[],[],[]],[["0,9729,9729,33071,33071,0,0,1",-1],[1],0,[],[],[]],[[[0,"mom",".mp3",0.574694],-1],0,0,[],[],[]],[[{"name":"mom","rect":[0,3,326,509],"offset":[-1,-1.5],"originalSize":[328,512],"capInsets":[0,0,0,0]}],[0],0,[0],[0],[8]],[[{"name":"bed","rect":[0,0,512,384],"offset":[0,0],"originalSize":[512,384],"capInsets":[0,0,0,0]}],[0],0,[0],[0],[9]],[["0,9729,9729,33071,33071,0,0,1",-1],[1],0,[],[],[]],[[[0,"top",".mp3",0.548571],-1],0,0,[],[],[]],[[[0,"ham",".mp3",0.653061],-1],0,0,[],[],[]],[[{"name":"cut","rect":[0,0,640,461],"offset":[0,0],"originalSize":[640,461],"capInsets":[0,0,0,0]}],[0],0,[0],[0],[10]],[[[0,"man",".mp3",0.731429],-1],0,0,[],[],[]]]]