[1,["f35DXezHdGB447o2UUlfMA","3efQ7rKJxJWIm9IfM/EMcT","b0EjhrVjFHXICyPl6jbVu3","06JvSYRPRB7LNzPbumk6vT","2eeJwx86BLZbff2zXLZpjp","e7FxH84upDPKpTx5Um9u34","4cDqDlpOlFOoVrTlQvXIH/","bckY0dB2pEv4t6Csy2Ts8y","ddIu1QQrxEZLLYmPAiS6E2","2cviC75i1KrK5ZIAXD7e8c","b5/9Paq99DK5oJSuqlhL11","a9Ro+VdVtK9IqaT7/mLOtC","6aXpLsXYBIqLof08KXru7l","4cTK4mRzJK+ryr3Y7795JB","13GNVqmolAp6wcIXBNQ+W1","792TlTOqFDfYzoV2ovh7Yn","a3X5JHI1JFIaYU2cRr5IUU","65q898pPROA76/N4QFO2wU","fekMTb7PJJRKv8FotHFO+U","7dL9jrxrFPuY0PKxYhJOUe","60oFhnVbxKGoBeOyrgLkg2","e8NDoWxaxFW59fZ9RK0cEq","82SXDAlRtFZ5w54Zdzmqg7","bfJJy/nuhN8IXAWBWkRvne","9f5UB75n9MQojtjBc7+/Jq","c2Opm8KJdBd5ytK3/tvBLN","38jeb3cMxJz595FCWEqU2S"],["_textureSetter"],["cc.Texture2D","cc.SpriteFrame",["cc.AudioClip",["_name","_native","duration"],0],["cc.JsonAsset",["_name","json"],1]],[[2,0,1,2,4],[3,0,1,3]],[[["0,9729,9729,33071,33071,0,0,1",-1],[0],0,[],[],[]],[[{"name":"l14_theyxsalad","rect":[0,0,868,689],"offset":[0,0],"originalSize":[868,689],"capInsets":[0,0,0,0]}],[1],0,[0],[0],[0]],[[[0,"He_doesn't_like_dogs",".mp3",2.136],-1],0,0,[],[],[]],[[{"name":"l12_hecantcookwell","rect":[0,0,868,689],"offset":[0,0],"originalSize":[868,689],"capInsets":[0,0,0,0]}],[1],0,[0],[0],[1]],[["0,9729,9729,33071,33071,0,0,1",-1],[0],0,[],[],[]],[[[0,"She_doesn't_like_cats",".mp3",2.208],-1],0,0,[],[],[]],[[[0,"The_boy_doesn't_read_a_book",".mp3",2.712],-1],0,0,[],[],[]],[[{"name":"l14_theyfish","rect":[0,0,868,689],"offset":[0,0],"originalSize":[868,689],"capInsets":[0,0,0,0]}],[1],0,[0],[0],[2]],[["0,9729,9729,33071,33071,0,0,1",-1],[0],0,[],[],[]],[["0,9729,9729,33071,33071,0,0,1",-1],[0],0,[],[],[]],[[[0,"The_boy_cannot_eat_now",".mp3",2.496],-1],0,0,[],[],[]],[[{"name":"l14_theyxfish","rect":[0,0,868,689],"offset":[0,0],"originalSize":[868,689],"capInsets":[0,0,0,0]}],[1],0,[0],[0],[3]],[[[0,"They_cannot_cook_well",".mp3",2.04],-1],0,0,[],[],[]],[["0,9729,9729,33071,33071,0,0,1",-1],[0],0,[],[],[]],[[[0,"They_don't_eat_salad",".mp3",2.064],-1],0,0,[],[],[]],[["0,9729,9729,33071,33071,0,0,1",-1],[0],0,[],[],[]],[[[0,"He_can't_cook_well",".mp3",1.848],-1],0,0,[],[],[]],[[{"name":"l14_lionsxcarrots","rect":[0,0,868,689],"offset":[0,0],"originalSize":[868,689],"capInsets":[0,0,0,0]}],[1],0,[0],[0],[4]],[[[0,"She_doesn't_like_dogs",".mp3",2.28],-1],0,0,[],[],[]],[["0,9729,9729,33071,33071,0,0,1",-1],[0],0,[],[],[]],[["0,9729,9729,33071,33071,0,0,1",-1],[0],0,[],[],[]],[[[0,"She_can't_jump_high",".mp3",2.136],-1],0,0,[],[],[]],[[{"name":"l12_shecancookwell","rect":[0,0,868,689],"offset":[0,0],"originalSize":[868,689],"capInsets":[0,0,0,0]}],[1],0,[0],[0],[5]],[[[0,"They_don't_eat_fish",".mp3",1.992],-1],0,0,[],[],[]],[[[0,"The_girl_cannot_walk_now",".mp3",2.64],-1],0,0,[],[],[]],[[{"name":"l14_shexlikecat","rect":[0,0,868,689],"offset":[0,0],"originalSize":[868,689],"capInsets":[0,0,0,0]}],[1],0,[0],[0],[6]],[["0,9729,9729,33071,33071,0,0,1",-1],[0],0,[],[],[]],[[[0,"He_can't_jump_high",".mp3",2.04],-1],0,0,[],[],[]],[[[0,"He_can_jump_high",".mp3",1.92],-1],0,0,[],[],[]],[["0,9729,9729,33071,33071,0,0,1",-1],[0],0,[],[],[]],[[{"name":"l14_boyreadsbook","rect":[0,0,868,689],"offset":[0,0],"originalSize":[868,689],"capInsets":[0,0,0,0]}],[1],0,[0],[0],[7]],[[{"name":"l14_shexlikedog","rect":[0,0,868,689],"offset":[0,0],"originalSize":[868,689],"capInsets":[0,0,0,0]}],[1],0,[0],[0],[8]],[["0,9729,9729,33071,33071,0,0,1",-1],[0],0,[],[],[]],[[{"name":"l14_zebrascarrots","rect":[0,0,868,689],"offset":[0,0],"originalSize":[868,689],"capInsets":[0,0,0,0]}],[1],0,[0],[0],[9]],[[{"name":"l14_hexlikedog","rect":[0,0,868,689],"offset":[0,0],"originalSize":[868,689],"capInsets":[0,0,0,0]}],[1],0,[0],[0],[10]],[[{"name":"l12_girlcannotwalk","rect":[0,0,868,689],"offset":[0,0],"originalSize":[868,689],"capInsets":[0,0,0,0]}],[1],0,[0],[0],[11]],[["0,9729,9729,33071,33071,0,0,1",-1],[0],0,[],[],[]],[["0,9729,9729,33071,33071,0,0,1",-1],[0],0,[],[],[]],[[{"name":"l12_hecanrunfast","rect":[0,0,868,689],"offset":[0,0],"originalSize":[868,689],"capInsets":[0,0,0,0]}],[1],0,[0],[0],[12]],[[[0,"The_boy_reads_a_book",".mp3",2.328],-1],0,0,[],[],[]],[["0,9729,9729,33071,33071,0,0,1",-1],[0],0,[],[],[]],[[[0,"Choose_the_right_one",".mp3",2.064],-1],0,0,[],[],[]],[[[0,"The_boy_cannot_walk_now",".mp3",2.592],-1],0,0,[],[],[]],[[{"name":"l12_hecannotreadwell","rect":[0,0,868,689],"offset":[0,0],"originalSize":[868,689],"capInsets":[0,0,0,0]}],[1],0,[0],[0],[13]],[[{"name":"l14_rabibitcarrots","rect":[0,0,868,689],"offset":[0,0],"originalSize":[868,689],"capInsets":[0,0,0,0]}],[1],0,[0],[0],[14]],[[[0,"The_girl_doesn't_read_a_book",".mp3",2.712],-1],0,0,[],[],[]],[[[0,"She_cannot_run_fast",".mp3",2.376],-1],0,0,[],[],[]],[[[1,"en3302",{"rows":[["picturemeaning","1","Description","S","He cannot run fast.","l12_hecannotrunfast.png","He_cannot_run_fast.mp3","She cannot run fast.","l12_shecannotrunfast.png","She_cannot_run_fast.mp3","He can run fast.","l12_hecanrunfast.png","He_can_run_fast.mp3"],["picturemeaning","1","Description","S","She cannot read well.","l12_shecannotreadwell.png","She_cannot_read_well.mp3","She cannot write well.","l12_shecannotwritewell.png","She_cannot_write_well.mp3","He cannot read well.","l12_hecannotreadwell.png","He_cannot_read_well.mp3"],["picturemeaning","1","Description","S","The boy cannot walk now.","l12_boycannotwalk.png","The_boy_cannot_walk_now.mp3","The boy cannot eat now.","l12_boycannoteat.png","The_boy_cannot_eat_now.mp3","The girl cannot walk now.","l12_girlcannotwalk.png","The_girl_cannot_walk_now.mp3"],["picturemeaning","1","Description","P","They cannot cook well.","l12_theycannotcookwell.png","They_cannot_cook_well.mp3","She can cook well.","l12_shecancookwell.png","She_can_cook_well.mp3","He can't cook well.","l12_hecantcookwell.png","He_can't_cook_well.mp3"],["picturemeaning","1","Description","P","He can't jump high.","l12_hecantjumphigh.png","He_can't_jump_high.mp3","She can't jump high.","l12_shecantjumphigh.png","She_can't_jump_high.mp3","He can jump high.","l12_hecanjumphigh.png","He_can_jump_high.mp3"],["picturemeaning","1","Description","S","They don't eat fish.","l14_theyxfish.png","They_don't_eat_fish.mp3","They don't eat salad.","l14_theyxsalad.png","They_don't_eat_salad.mp3","They eat fish.","l14_theyfish.png","They_eat_fish.mp3"],["picturemeaning","1","Description","P","Lions don't eat carrots.","l14_lionsxcarrots.png","Lions_don't_eat_carrots.mp3","Rabbits eat carrots.","l14_rabibitcarrots.png","Rabbits_eat_carrots.mp3","Zebras eat carrots.","l14_zebrascarrots.png","Zebras_eat_carrots.mp3"],["picturemeaning","1","Description","S","She doesn't like dogs.","l14_shexlikedog.png","She_doesn't_like_dogs.mp3","He doesn't like dogs.","l14_hexlikedog.png","He_doesn't_like_dogs.mp3","She doesn't like cats.","l14_shexlikecat.png","She_doesn't_like_cats.mp3"],["picturemeaning","1","Description","S","The boy doesn't read a book.","l14_boyxreadbook.png","The_boy_doesn't_read_a_book.mp3","The girl doesn't read a book.","l14_girlxreadbook.png","The_girl_doesn't_read_a_book.mp3","The boy reads a book.","l14_boyreadsbook.png","The_boy_reads_a_book.mp3"],["quizliteracy","1","Description","sentence_sentence","Lions don't eat carrots.","Lions don't eat carrots.","Lions doesn't eating carrots.","Lions not eat carrots.","","choose the right one","Choose_the_right_one.mp3"],["quizliteracy","1","Description","sentence_sentence","She cannot read well.","She cannot read well.","She cannotread well.","She cannot reading well.","","choose the right one","Choose_the_right_one.mp3"],["quizliteracy","1","Description","soundonly_image","l12_hecantcookwell.png","l12_shecancookwell.png","l12_theycannotcookwell.png","l12_hecantcookwell.png","","","He_can't_cook_well.mp3"],["quizliteracy","1","Description","soundonly_sentence","She doesn't like cats.","She doesn't like cats.","She likes cats.","She doesn't have dogs.","","","she_doesnt_like_cats.mp3"],["quizliteracy","1","Description","image_sentence","The boy cannot walk now.","The boy cannot eat now. ","The boy cannot run now. ","The boy cannot walk now.","l12_boycannotwalk.png","","The_boy_cannot_walk_now.mp3"]]}]],0,0,[],[],[]],[[{"name":"l12_shecantjumphigh","rect":[0,0,868,689],"offset":[0,0],"originalSize":[868,689],"capInsets":[0,0,0,0]}],[1],0,[0],[0],[15]],[[[0,"Rabbits_eat_carrots",".mp3",2.328],-1],0,0,[],[],[]],[[{"name":"l14_girlxreadbook","rect":[0,0,868,689],"offset":[0,0],"originalSize":[868,689],"capInsets":[0,0,0,0]}],[1],0,[0],[0],[16]],[["0,9729,9729,33071,33071,0,0,1",-1],[0],0,[],[],[]],[[{"name":"l12_shecannotreadwell","rect":[0,0,868,689],"offset":[0,0],"originalSize":[868,689],"capInsets":[0,0,0,0]}],[1],0,[0],[0],[17]],[["0,9729,9729,33071,33071,0,0,1",-1],[0],0,[],[],[]],[[{"name":"l12_shecannotwritewell","rect":[0,0,868,689],"offset":[0,0],"originalSize":[868,689],"capInsets":[0,0,0,0]}],[1],0,[0],[0],[18]],[["0,9729,9729,33071,33071,0,0,1",-1],[0],0,[],[],[]],[[{"name":"l14_boyxreadbook","rect":[0,0,868,689],"offset":[0,0],"originalSize":[868,689],"capInsets":[0,0,0,0]}],[1],0,[0],[0],[19]],[["0,9729,9729,33071,33071,0,0,1",-1],[0],0,[],[],[]],[[{"name":"l12_hecannotrunfast","rect":[0,0,868,689],"offset":[0,0],"originalSize":[868,689],"capInsets":[0,0,0,0]}],[1],0,[0],[0],[20]],[["0,9729,9729,33071,33071,0,0,1",-1],[0],0,[],[],[]],[[[0,"She_cannot_read_well",".mp3",2.112],-1],0,0,[],[],[]],[["0,9729,9729,33071,33071,0,0,1",-1],[0],0,[],[],[]],[["0,9729,9729,33071,33071,0,0,1",-1],[0],0,[],[],[]],[[{"name":"l12_hecanjumphigh","rect":[0,0,868,689],"offset":[0,0],"originalSize":[868,689],"capInsets":[0,0,0,0]}],[1],0,[0],[0],[21]],[["0,9729,9729,33071,33071,0,0,1",-1],[0],0,[],[],[]],[[[0,"Lions_don't_eat_carrots",".mp3",2.496],-1],0,0,[],[],[]],[[[0,"He_can_run_fast",".mp3",2.016],-1],0,0,[],[],[]],[[[0,"He_cannot_run_fast",".mp3",2.28],-1],0,0,[],[],[]],[[{"name":"l12_theycannotcookwell","rect":[0,0,868,689],"offset":[0,0],"originalSize":[868,689],"capInsets":[0,0,0,0]}],[1],0,[0],[0],[22]],[[[0,"Zebras_eat_carrots",".mp3",2.016],-1],0,0,[],[],[]],[[{"name":"l12_shecannotrunfast","rect":[0,0,868,689],"offset":[0,0],"originalSize":[868,689],"capInsets":[0,0,0,0]}],[1],0,[0],[0],[23]],[[{"name":"l12_boycannotwalk","rect":[0,0,868,689],"offset":[0,0],"originalSize":[868,689],"capInsets":[0,0,0,0]}],[1],0,[0],[0],[24]],[["0,9729,9729,33071,33071,0,0,1",-1],[0],0,[],[],[]],[[[0,"She_can_cook_well",".mp3",1.8],-1],0,0,[],[],[]],[[{"name":"l12_boycannoteat","rect":[0,0,868,689],"offset":[0,0],"originalSize":[868,689],"capInsets":[0,0,0,0]}],[1],0,[0],[0],[25]],[["0,9729,9729,33071,33071,0,0,1",-1],[0],0,[],[],[]],[[{"name":"l12_hecantjumphigh","rect":[0,0,868,689],"offset":[0,0],"originalSize":[868,689],"capInsets":[0,0,0,0]}],[1],0,[0],[0],[26]],[[[0,"They_eat_fish",".mp3",1.728],-1],0,0,[],[],[]],[["0,9729,9729,33071,33071,0,0,1",-1],[0],0,[],[],[]],[["0,9729,9729,33071,33071,0,0,1",-1],[0],0,[],[],[]],[[[0,"He_cannot_read_well",".mp3",2.016],-1],0,0,[],[],[]],[[[0,"She_cannot_write_well",".mp3",2.184],-1],0,0,[],[],[]],[[[0,"she_doesnt_like_cats",".mp3",2.232],-1],0,0,[],[],[]],[["0,9729,9729,33071,33071,0,0,1",-1],[0],0,[],[],[]]]]