[1,["e2kKlZUalOD4L8LDlUgTt6","08wGGxi2lKFY/NsELfbvQB","8bnWeEHVNHiYyWOAG4EFfI"],["_textureSetter"],["cc.Texture2D","cc.SpriteFrame",["cc.AudioClip",["_name","_native","duration"],0],["cc.JsonAsset",["_name","json"],1]],[[2,0,1,2,4],[3,0,1,3]],[[["0,9729,9729,33071,33071,0,0,1",-1],[0],0,[],[],[]],[[[0,"स",".mp3",2.0619],-1],0,0,[],[],[]],[[[0,"समई",".mp3",1.17551],-1],0,0,[],[],[]],[[{"name":"saraswathi","rect":[0,0,456,640],"offset":[0,0],"originalSize":[456,640],"capInsets":[0,0,0,0]}],[1],0,[0],[0],[0]],[[[1,"mr0131",{"rows":[["balloonpop","1","Description","2","स","3","स,ष,व","स.mp3"],["phonictractor","1","Description","5","स","स.mp3","स","स.mp3"],["writeletter","1","Description","स","ससा"],["writecard","1","Description","स","ससा","rabbit.png","ससा.mp3","समई","lamp.png","समई.mp3","सरस्वती","saraswathi.png","सरस्वती.mp3"],["quizliteracy","1","Description","soundonly_word","स","ष","श","स","","","स.mp3"],["quizliteracy","1","Description","word_word","स","श","स","ष","","स"],["quizliteracy","1","Description","soundonly_word","स","ष","श","स","","","स.mp3"]]}]],0,0,[],[],[]],[[[0,"ससा",".mp3",1.07102],-1],0,0,[],[],[]],[[{"name":"rabbit","rect":[0,0,640,480],"offset":[0,0],"originalSize":[640,480],"capInsets":[0,0,0,0]}],[1],0,[0],[0],[1]],[["0,9729,9729,33071,33071,0,0,1",-1],[0],0,[],[],[]],[[[0,"सरस्वती",".mp3",1.253878],-1],0,0,[],[],[]],[["0,9729,9729,33071,33071,0,0,1",-1],[0],0,[],[],[]],[[{"name":"lamp","rect":[163,0,274,600],"offset":[0,0],"originalSize":[600,600],"capInsets":[0,0,0,0]}],[1],0,[0],[0],[2]]]]