[1,["92ZSdZFNFKWJd9fg/8urtZ","85TONjZjpO4ZKvkFah8J7H"],["_textureSetter"],["cc.SpriteFrame","cc.Texture2D",["cc.AudioClip",["_name","_native","duration"],0],["cc.JsonAsset",["_name","json"],1]],[[2,0,1,2,4],[3,0,1,3]],[[[{"name":"bride_groom","rect":[0,0,512,410],"offset":[0,0],"originalSize":[512,410],"capInsets":[0,0,0,0]}],[0],0,[0],[0],[0]],[[[0,"ಭಾರತದ ಬಾವುಟ ಹಾರಾಡುವ ಬಾವುಟ",".mp3",2.328],-1],0,0,[],[],[]],[["0,9729,9729,33071,33071,0,0,1",-1],[1],0,[],[],[]],[[[1,"kn4505",{"rows":[["createsentence","1","Description","ಭಾರತದ/ಬಾವುಟ/ಹಾರಾಡುವ/ಬಾವುಟ","","Indianflag.png","ಭಾರತದ ಬಾವುಟ ಹಾರಾಡುವ ಬಾವುಟ.mp3"],["createsentence","1","Description","ವದು/ವರರ/ಮದುವೆಯ/ಆಭರಣ/ಫಳಫಳ","","bride_groom.png","ವದು ವರರ ಮದುವೆಯ ಆಭರಣ ಫಳಫಳ.mp3"],["quizliteracy","1","Description","image_sentence","ಭಾರತದ ಬಾವುಟ ಹಾರಾಡುವ ಬಾವುಟ","ವದು ವರರ ಮದುವೆಯ ಆಭರಣ ಫಳಫಳ","ಭಾರತದ ಬಾವುಟ ಹಾರಾಡುವ ಬಾವುಟ","ಬಡಗಿ ಒಣಮರದಿ ನೇಗಿಲು ಮಾಡುವನು","Indianflag.png","","ಭಾರತದ ಬಾವುಟ ಹಾರಾಡುವ ಬಾವುಟ.mp3"],["quizliteracy","1","Description","sentence_sentence","ವದು ವರರ ಮದುವೆಯ ಆಭರಣ ಫಳಫಳ","ವದು ವರರ ಮದುವೆಯ ಆಭರಣ ಅಮಅಮ","ವದು ವರರ ಮದುವೆಯ ಆಭರಣ ಫಳಫಳ","ವದು ವರರ ಮದುವೆಯ ಆಭರಣ ಕಿಲಕಿಲ","","ಸರಿಯಾದದನ್ನು ಆರಿಸಿ","ವದು ವರರ ಮದುವೆಯ ಆಭರಣ ಫಳಫಳ.mp3"],["quizliteracy","1","Description","soundonly_sentence","ಭಾರತದ ಬಾವುಟ ಹಾರಾಡುವ ಬಾವುಟ","ವದು ವರರ ಮದುವೆಯ ಆಭರಣ ಫಳಫಳ","ಬಡಗಿ ಒಣಮರದಿ ನೇಗಿಲು ಮಾಡುವನು","ಭಾರತದ ಬಾವುಟ ಹಾರಾಡುವ ಬಾವುಟ","","","ಭಾರತದ ಬಾವುಟ ಹಾರಾಡುವ ಬಾವುಟ.mp3"]]}]],0,0,[],[],[]],[["0,9729,9729,33071,33071,0,0,1",-1],[1],0,[],[],[]],[[[0,"ವದು ವರರ ಮದುವೆಯ ಆಭರಣ ಫಳಫಳ",".mp3",2.472],-1],0,0,[],[],[]],[[{"name":"Indianflag","rect":[0,0,512,362],"offset":[0,0],"originalSize":[512,362],"capInsets":[0,0,0,0]}],[0],0,[0],[0],[1]]]]