[1,["c2PWnwpzBJnLxZSqdqllex","3cZnJT/NZAxKILUIwUO/wZ","25aW7narVD5KN1S2NO3JaP","30j5Pr0chDX6B969NAl2zH","3b2geATCJEA6DGy0eCZWg+","1dvsJaDvBMQqFWZSaPDvAM","5eQY8aw+ZOcIgGHG/bhOVe","dcYCAPBt1GVI9o1QPvTCLS","e4TWeRiadPmIbshqcZQPAe"],["_textureSetter"],["cc.SpriteFrame","cc.Texture2D",["cc.JsonAsset",["_name","json"],1],["cc.AudioClip",["_name","_native","duration"],0]],[[3,0,1,2,4],[2,0,1,3]],[[[{"name":"ap_puzzle9_monkey3_puzzle","rect":[5,7,135,179],"offset":[1,3.5],"originalSize":[143,200],"capInsets":[0,0,0,0]}],[0],0,[0],[0],[0]],[[{"name":"ap2_puzzle12_zebra2_puzzle","rect":[2,2,243,326],"offset":[0,4],"originalSize":[247,338],"capInsets":[0,0,0,0]}],[0],0,[0],[0],[1]],[[{"name":"ap_puzzle9_background","rect":[0,0,802,432],"offset":[0,0],"originalSize":[802,432],"capInsets":[0,0,0,0]}],[0],0,[0],[0],[2]],[[{"name":"ap2_puzzle12_zebra1_puzzle","rect":[2,2,200,332],"offset":[-1.5,4.5],"originalSize":[207,345],"capInsets":[0,0,0,0]}],[0],0,[0],[0],[3]],[["1,9729,9729,33071,33071,0,0,1",-1],[1],0,[],[],[]],[["1,9729,9729,33071,33071,0,0,1",-1],[1],0,[],[],[]],[["0,9729,9729,33071,33071,0,0,1",-1],[1],0,[],[],[]],[["0,9729,9729,33071,33071,0,0,1",-1],[1],0,[],[],[]],[["0,9729,9729,33071,33071,0,0,1",-1],[1],0,[],[],[]],[[{"name":"ap_puzzle9_monkey4_puzzle","rect":[4,11,89,184],"offset":[-0.5,1],"originalSize":[98,208],"capInsets":[0,0,0,0]}],[0],0,[0],[0],[4]],[[[1,"pictureboard0020",{"rows":[["pictureboard","1","Description","Monkeys and Crocodile","ap_puzzle9_background.jpg","5","","monkeys_and_crocodile.mp3","ap_puzzle9_crocodile_puzzle.png","710","0","","ap_puzzle9_monkey1_puzzle.png","474","530","","ap_puzzle9_monkey2_puzzle.png","654","616","","ap_puzzle9_monkey3_puzzle.png","1510","442","","ap_puzzle9_monkey4_puzzle.png","1966","672"]]}]],0,0,[],[],[]],[[{"name":"ap2_puzzle12_background","rect":[0,0,802,432],"offset":[0,0],"originalSize":[802,432],"capInsets":[0,0,0,0]}],[0],0,[0],[0],[5]],[["0,9729,9729,33071,33071,0,0,1",-1],[1],0,[],[],[]],[[{"name":"ap_puzzle9_monkey1_puzzle","rect":[3,2,68,123],"offset":[1,4.5],"originalSize":[72,136],"capInsets":[0,0,0,0]}],[0],0,[0],[0],[6]],[["0,9729,9729,33071,33071,0,0,1",-1],[1],0,[],[],[]],[[{"name":"ap_puzzle9_monkey2_puzzle","rect":[2,1,48,100],"offset":[0.5,5],"originalSize":[51,112],"capInsets":[0,0,0,0]}],[0],0,[0],[0],[7]],[[{"name":"ap_puzzle9_crocodile_puzzle","rect":[3,3,345,115],"offset":[0,7.5],"originalSize":[351,136],"capInsets":[0,0,0,0]}],[0],0,[0],[0],[8]],[["0,9729,9729,33071,33071,0,0,1",-1],[1],0,[],[],[]],[[[0,"monkeys_and_crocodile",".mp3",3.36975],-1],0,0,[],[],[]],[["0,9729,9729,33071,33071,0,0,1",-1],[1],0,[],[],[]],[[[0,"zebra",".mp3",0.9665],-1],0,0,[],[],[]]]]