[1,["b3zJJG4eJJVqCUjqWb9P1q","a17Qm7i4pIxLFes8hO20Da","95LiVMzPlCrJEMyfq/RKWa","4aeALQU3lPbYfLpCf07EiG"],["_textureSetter"],["cc.SpriteFrame","cc.Texture2D",["cc.AudioClip",["_name","_native","duration"],0],["cc.JsonAsset",["_name","json"],1]],[[2,0,1,2,4],[3,0,1,3]],[[[{"name":"eashwarchandra_vidyasagar","rect":[0,0,400,400],"offset":[0,0],"originalSize":[400,400],"capInsets":[0,0,0,0]}],[0],0,[0],[0],[0]],[[{"name":"elderly_people","rect":[0,0,400,400],"offset":[0,0],"originalSize":[400,400],"capInsets":[0,0,0,0]}],[0],0,[0],[0],[1]],[[[0,"ಅನೇಕ_ಹಿರಿಯರನ್ನು_ಅಲ್ಲಿಗೆ_ಆಮಂತ್ರಿಸಲಾಗಿತ್ತು",".mp3",3.456],-1],0,0,[],[],[]],[["0,9729,9729,33071,33071,0,0,1",-1],[1],0,[],[],[]],[[[0,"ಅವರಿಗೆ_ಸಮಾಧಾನ_ಮಾಡಿ_ಶುಭಕೋರಿ_ಮನೆಗೆ_ಮರಳಿದರು",".mp3",4.104],-1],0,0,[],[],[]],[[[0,"ಗಣ್ಯವ್ಯಕ್ತಿಯು_ಸರಳ_ಉಡುಗೊರೆ_ಧರಿಸಿ_ಕಾಲ್ನಡಿಗೆಯಲ್ಲಿ_ಬಂದರು",".mp3",4.512],-1],0,0,[],[],[]],[[[0,"ಈಶ್ವರಚಂದ್ರ_ವಿದ್ಯಾಸಾಗರರನ್ನು_ಸನ್ಮಾನಿಸಲಾಯಿತು",".mp3",3.936],-1],0,0,[],[],[]],[[[1,"kn2_1604",{"rows":[["createsentence","1","Description","ಅದು/ಗಣ್ಯವ್ಯಕ್ತಿಯೊಬ್ಬರನ್ನು/ಗೌರವಿಸುವ/ಸಮಾರಂಭವಾಗಿತ್ತು.","","function.png","ಅದು_ಗಣ್ಯವ್ಯಕ್ತಿಯೊಬ್ಬರನ್ನು_ಗೌರವಿಸುವ_ಸಮಾರಂಭವಾಗಿತ್ತು.mp3"],["createsentence","1","Description","ಗಣ್ಯವ್ಯಕ್ತಿಯು/ಸರಳ/ಉಡುಗೊರೆ/ಧರಿಸಿ/ಕಾಲ್ನಡಿಗೆಯಲ್ಲಿ/ಬಂದರು.","","eashwarchandra_vidyasagar.png","ಗಣ್ಯವ್ಯಕ್ತಿಯು_ಸರಳ_ಉಡುಗೊರೆ_ಧರಿಸಿ_ಕಾಲ್ನಡಿಗೆಯಲ್ಲಿ_ಬಂದರು.mp3"],["createsentence","1","Description","ಈಶ್ವರಚಂದ್ರ/ವಿದ್ಯಾಸಾಗರರನ್ನು/ಸನ್ಮಾನಿಸಲಾಯಿತು.","","eashwarchandra_vidyasagar.png","ಈಶ್ವರಚಂದ್ರ_ವಿದ್ಯಾಸಾಗರರನ್ನು_ಸನ್ಮಾನಿಸಲಾಯಿತು.mp3"],["fillblank","1","Description","ಸಮಾರಂಭಕ್ಕೆ ಬರುತ್ತಿದ್ದವರನ್ನು [ಗೌರವದಿಂದ] ಬರಮಾಡಿಕೊಳ್ಳುತ್ತಿದ್ದರು.","ಗೌರವದಿಂದ.mp3","ಅಗೌರವದಿಂದ","ಮೌನದಿಂದ","ಆನಂದದಿಂದ","15"],["fillblank","1","Description","ಹಾರ ತುರಾಯಿಗಳೊಂದಿಗೆ ಶಾಲು ಹೊದಿಸಿ [ಸನ್ಮಾನಿಸಿದರು].","ಸನ್ಮಾನಿಸಿದರು.mp3","ಆಹ್ವಾನಿಸಿದರು","ಕಳುಸಿದರು","ಕರೆದರೂ","10"],["fillblank","1","Description","ಕಾವಲುಗಾರರಿಂದ ಆದ [ತಪ್ಪಿಗೆ] ಕ್ಷಮೆ ಕೋರಿದರು.","ತಪ್ಪಿಗೆ.mp3","ತುಪ್ಪಿಗೆ","ತಪ್ಪುಗೆ","ಉಪ್ಪಿಗೆ","15"],["createsentence","1","Description","ಅನೇಕ/ಹಿರಿಯರನ್ನು/ಅಲ್ಲಿಗೆ/ಆಮಂತ್ರಿಸಲಾಗಿತ್ತು.","","elderly_people.png","ಅನೇಕ_ಹಿರಿಯರನ್ನು_ಅಲ್ಲಿಗೆ_ಆಮಂತ್ರಿಸಲಾಗಿತ್ತು.mp3"],["createsentence","1","Description","ಸಾಲಾಗಿ/ಬರುತ್ತಿದ್ದವರ/ಮೇಲೆ/ಬೀಳುವಂತಾದರೂ.","","people_queue.png","ಸಾಲಾಗಿ_ಬರುತ್ತಿದ್ದವರ_ಮೇಲೆ_ಬೀಳುವಂತಾದರೂ.mp3"],["createsentence","1","Description","ಅವರಿಗೆ/ಸಮಾಧಾನ/ಮಾಡಿ/ಶುಭಕೋರಿ/ಮನೆಗೆ/ಮರಳಿದರು.","","eashwarchandra_vidyasagar.png","ಅವರಿಗೆ_ಸಮಾಧಾನ_ಮಾಡಿ_ಶುಭಕೋರಿ_ಮನೆಗೆ_ಮರಳಿದರು.mp3"],["quizliteracy","1","Description","soundonly_sentence","ಈಶ್ವರಚಂದ್ರ ವಿದ್ಯಾಸಾಗರರನ್ನು ಸನ್ಮಾನಿಸಲಾಯಿತು .","ಗಾಂಧೀಜಿಯವರನ್ನು ಸನ್ಮಾನಿಸಲಾಯಿತು","ಗುರುಗಳನ್ನು ಸನ್ಮಾನಿಸಲಾಯಿತು.","ಈಶ್ವರಚಂದ್ರ ವಿದ್ಯಾಸಾಗರರನ್ನು ಸನ್ಮಾನಿಸಲಾಯಿತು .","","","ಈಶ್ವರಚಂದ್ರ_ವಿದ್ಯಾಸಾಗರರನ್ನು_ಸನ್ಮಾನಿಸಲಾಯಿತು.mp3"],["quizliteracy","1","Description","sentence_sentence","ಸನ್ಮಾನಿಸಿದರು","ಆಹ್ವಾನಿಸಿದರು","ಸನ್ಮಾನಿಸಿದರು","ಕರೆದರೂ","","ಹಾರ ತುರಾಯಿಗಳೊಂದಿಗೆ ಶಾಲು ಹೊದಿಸಿ __________ .","ಹಾರ_ತುರಾಯಿಗಳೊಂದಿಗೆ_ಶಾಲು_ಹೊದಿಸಿ_ಸನ್ಮಾನಿಸಿದರು.mp3"],["quizliteracy","1","Description","sentence_sentence","ತಪ್ಪಿಗೆ","ತಪ್ಪಿಗೆ","ತಪ್ಪುಗೆ","ಉಪ್ಪಿಗೆ","","ಕಾವಲುಗಾರರಿಂದ ಆದ _______ ಕ್ಷಮೆ ಕೋರಿದರು .","ಕಾವಲುಗಾರರಿಂದ_ಆದ_ತಪ್ಪಿಗೆ_ಕ್ಷಮೆ_ಕೋರಿದರು.mp3"]]}]],0,0,[],[],[]],[[{"name":"function","rect":[0,0,512,489],"offset":[0,0],"originalSize":[512,489],"capInsets":[0,0,0,0]}],[0],0,[0],[0],[2]],[[[0,"ಸನ್ಮಾನಿಸಿದರು",".mp3",1.56],-1],0,0,[],[],[]],[["0,9729,9729,33071,33071,0,0,1",-1],[1],0,[],[],[]],[["0,9729,9729,33071,33071,0,0,1",-1],[1],0,[],[],[]],[[[0,"ಅದು_ಗಣ್ಯವ್ಯಕ್ತಿಯೊಬ್ಬರನ್ನು_ಗೌರವಿಸುವ_ಸಮಾರಂಭವಾಗಿತ್ತು",".mp3",4.248],-1],0,0,[],[],[]],[["0,9729,9729,33071,33071,0,0,1",-1],[1],0,[],[],[]],[[[0,"ತಪ್ಪಿಗೆ",".mp3",0.888],-1],0,0,[],[],[]],[[[0,"ಸಾಲಾಗಿ_ಬರುತ್ತಿದ್ದವರ_ಮೇಲೆ_ಬೀಳುವಂತಾದರೂ",".mp3",3.456],-1],0,0,[],[],[]],[[[0,"ಹಾರ_ತುರಾಯಿಗಳೊಂದಿಗೆ_ಶಾಲು_ಹೊದಿಸಿ_ಸನ್ಮಾನಿಸಿದರು",".mp3",4.032],-1],0,0,[],[],[]],[[[0,"ಕಾವಲುಗಾರರಿಂದ_ಆದ_ತಪ್ಪಿಗೆ_ಕ್ಷಮೆ_ಕೋರಿದರು",".mp3",3.744],-1],0,0,[],[],[]],[[[0,"ಗೌರವದಿಂದ",".mp3",1.32],-1],0,0,[],[],[]],[[{"name":"people_queue","rect":[0,0,400,400],"offset":[0,0],"originalSize":[400,400],"capInsets":[0,0,0,0]}],[0],0,[0],[0],[3]]]]