[1,["83tVjqqNNEyI15TG1OS0oj","c4JGH1pbxH6qEK/SjIberi","10Jyi+PoJKqYM1iSLkGBWK","de8c02Ze1A87IPyXrxjnQ+","16gndqh/JIjoVwuJsb7MHI","86X9B9MLpNQIKboQ8rJWRJ","b2H9/vCzZMw4t+pHVfO/ME"],["_textureSetter"],["cc.Texture2D","cc.SpriteFrame",["cc.JsonAsset",["_name","json"],1],["cc.AudioClip",["_name","_native","duration"],0]],[[3,0,1,2,4],[2,0,1,3]],[[[[1,"sl_en3608",{"rows":[["rocket","1","Description","Friday","a,b,c,d,e,f,g,h,i,j,k,l,m,n,o,p,q,r,s,t,u,v,w,x,y,z","F,r,i,d,a,y","Friday.mp3","Friday.png","false","true"],["rocket","1","Description","Sunday","a,b,c,d,e,f,g,h,i,j,k,l,m,n,o,p,q,r,s,t,u,v,w,x,y,z","S,u,n,d,a,y","Sunday.mp3","Sunday.png","false","true"],["rocket","1","Description","Thursday","a,b,c,d,e,f,g,h,i,j,k,l,m,n,o,p,q,r,s,t,u,v,w,x,y,z","T,h,u,r,s,d,a,y","Thursday.mp3","Thursday.png","false","true"],["rocket","1","Description","Monday","a,b,c,d,e,f,g,h,i,j,k,l,m,n,o,p,q,r,s,t,u,v,w,x,y,z","M,o,n,d,a,y","Monday.mp3","Monday.png","false","true"],["rocket","1","Description","Tuesday","a,b,c,d,e,f,g,h,i,j,k,l,m,n,o,p,q,r,s,t,u,v,w,x,y,z","T,u,e,s,d,a,y","Tuesday.mp3","Tuesday.png","false","true"],["rocket","1","Description","Saturday","a,b,c,d,e,f,g,h,i,j,k,l,m,n,o,p,q,r,s,t,u,v,w,x,y,z","S,a,t,u,r,d,a,y","Saturday.mp3","Saturday.png","false","true"],["rocket","1","Description","Wednesday","a,b,c,d,e,f,g,h,i,j,k,l,m,n,o,p,q,r,s,t,u,v,w,x,y,z","W,e,d,n,e,s,d,a,y","Wednesday.mp3","Wednesday.png","false","true"],["quizliteracy","1","Description","word_word","Fri","Mon","Wed","Fri","","___day","Friday.mp3"],["quizliteracy","1","Description","soundonly_word","Thursday","Sunday","Thursday","Tuesday","","","Thursday.mp3"],["quizliteracy","1","Description","word_word","Sat","Sat","Thu","Sun","","___urday","Saturday.mp3"]]}]],0,0,[],[],[]],[["0,9729,9729,33071,33071,0,0,1",-1],[0],0,[],[],[]],[["0,9729,9729,33071,33071,0,0,1",-1],[0],0,[],[],[]],[[[0,"Friday",".mp3",0.679184],-1],0,0,[],[],[]],[[[0,"Saturday",".mp3",0.679184],-1],0,0,[],[],[]],[[{"name":"Wednesday","rect":[0,0,1060,837],"offset":[0,0],"originalSize":[1060,837],"capInsets":[0,0,0,0]}],[1],0,[0],[0],[0]],[[[0,"Thursday",".mp3",0.783673],-1],0,0,[],[],[]],[[{"name":"Sunday","rect":[0,0,512,404],"offset":[0,0],"originalSize":[512,404],"capInsets":[0,0,0,0]}],[1],0,[0],[0],[1]],[[[0,"Wednesday",".mp3",0.809796],-1],0,0,[],[],[]],[["0,9729,9729,33071,33071,0,0,1",-1],[0],0,[],[],[]],[["0,9729,9729,33071,33071,0,0,1",-1],[0],0,[],[],[]],[[[0,"Sunday",".mp3",0.731429],-1],0,0,[],[],[]],[[{"name":"Saturday","rect":[0,0,512,404],"offset":[0,0],"originalSize":[512,404],"capInsets":[0,0,0,0]}],[1],0,[0],[0],[2]],[[[0,"Monday",".mp3",0.731429],-1],0,0,[],[],[]],[["0,9729,9729,33071,33071,0,0,1",-1],[0],0,[],[],[]],[["0,9729,9729,33071,33071,0,0,1",-1],[0],0,[],[],[]],[[{"name":"Thursday","rect":[0,0,512,404],"offset":[0,0],"originalSize":[512,404],"capInsets":[0,0,0,0]}],[1],0,[0],[0],[3]],[[{"name":"Friday","rect":[0,0,512,404],"offset":[0,0],"originalSize":[512,404],"capInsets":[0,0,0,0]}],[1],0,[0],[0],[4]],[[{"name":"Tuesday","rect":[0,0,1060,837],"offset":[0,0],"originalSize":[1060,837],"capInsets":[0,0,0,0]}],[1],0,[0],[0],[5]],[[[0,"Tuesday",".mp3",0.731429],-1],0,0,[],[],[]],[["0,9729,9729,33071,33071,0,0,1",-1],[0],0,[],[],[]],[[{"name":"Monday","rect":[0,0,512,404],"offset":[0,0],"originalSize":[512,404],"capInsets":[0,0,0,0]}],[1],0,[0],[0],[6]]]]