[1,["20lzQflBlClqXPbrtTkis5","f76YL5fxtBl5NZr/F4lJhy","f9ZI/l5HlKZLlJWN7SU5ru"],["_textureSetter"],["cc.Texture2D","cc.SpriteFrame",["cc.JsonAsset",["_name","json"],1],["cc.AudioClip",["_name","_native","duration"],0]],[[3,0,1,2,4],[2,0,1,3]],[[["0,9729,9729,33071,33071,0,0,1",-1],[0],0,[],[],[]],[[[1,"mr0133",{"rows":[["balloonpop","1","Description","2","ळ","3","ळ,ष,ह","ळ.mp3"],["phonictractor","1","Description","5","ळ","ळ.mp3","ळ","ळ.mp3"],["writeletter","1","Description","ळ","कमळ"],["writecard","1","Description","ळ","कमळ","lotus.png","कमळ.mp3","वळण","turn.png","वळण.mp3","नळ","tap.png","नळ.mp3"],["quizliteracy","1","Description","soundonly_word","ळ","प","श","ळ","","","ळ.mp3"],["quizliteracy","1","Description","word_word","ळ","ळ","स","ष","","ळ"],["quizliteracy","1","Description","soundonly_word","ळ","प","श","ळ","","","ळ.mp3"]]}]],0,0,[],[],[]],[[{"name":"turn","rect":[1,0,598,600],"offset":[0,0],"originalSize":[600,600],"capInsets":[0,0,0,0]}],[1],0,[0],[0],[0]],[[[0,"कमळ",".mp3",0.992653],-1],0,0,[],[],[]],[[[0,"ळ",".mp3",0.862041],-1],0,0,[],[],[]],[[{"name":"lotus","rect":[0,0,640,427],"offset":[0,0],"originalSize":[640,427],"capInsets":[0,0,0,0]}],[1],0,[0],[0],[1]],[[[0,"वळण",".mp3",1.018776],-1],0,0,[],[],[]],[[[0,"नळ",".mp3",1.018776],-1],0,0,[],[],[]],[[{"name":"tap","rect":[0,14,437,626],"offset":[-11,-7],"originalSize":[459,640],"capInsets":[0,0,0,0]}],[1],0,[0],[0],[2]],[["0,9729,9729,33071,33071,0,0,1",-1],[0],0,[],[],[]],[["0,9729,9729,33071,33071,0,0,1",-1],[0],0,[],[],[]]]]