[1,["d2y0dqtOlIOov+kH5zEOQ7","dco1JqJo9F36OWuq8wsb4i","68aWvv4iFLHrGVBE0mxChi","cfuB3nAcxPfb2P8u/UCEuf","11NW91LpxBiLcDDRdJUu3c","c6x3Kdwf9Mf60R5hCih1rk","70C0GDOcZOMYsEQlfsJK+b","ecc1aUlIJGp6Y1Dr66FpHe","cdgJAEnWVMDZ4FzOAKAyRo","7empk9FhpBWbrEsRtXC5Fq","1a9EgtI8VBW7KXJeiiAXuO","00HbikDllPX6zDgD2t8jv7","13jhH9N15BWoUARZIyYzS5","cc45PzIK9Pcby1z+6iAuT2","8dkUMRCcREY7Ud7iOhSp6W","26w+vjf6RMRp+2Unetmj3s","83YyDD8flCxaTmS8MM6gl0","bfXEwo5wBG95+TYXbcKxRs"],["_textureSetter"],["cc.Texture2D","cc.SpriteFrame",["cc.AudioClip",["_name","_native","duration"],0],["cc.JsonAsset",["_name","json"],1]],[[2,0,1,2,4],[3,0,1,3]],[[["0,9729,9729,33071,33071,0,0,1",-1],[0],0,[],[],[]],[[[0,"ಭರತ",".mp3",0.72],-1],0,0,[],[],[]],[[{"name":"happy","rect":[0,0,500,333],"offset":[0,0],"originalSize":[500,333],"capInsets":[0,0,0,0]}],[1],0,[0],[0],[0]],[["0,9729,9729,33071,33071,0,0,1",-1],[0],0,[],[],[]],[["0,9729,9729,33071,33071,0,0,1",-1],[0],0,[],[],[]],[["0,9729,9729,33071,33071,0,0,1",-1],[0],0,[],[],[]],[["0,9729,9729,33071,33071,0,0,1",-1],[0],0,[],[],[]],[[[0,"ಭಜನ",".mp3",0.72],-1],0,0,[],[],[]],[[{"name":"singlepetal","rect":[0,0,500,335],"offset":[0,0],"originalSize":[500,335],"capInsets":[0,0,0,0]}],[1],0,[0],[0],[1]],[[{"name":"flute","rect":[0,0,512,341],"offset":[0,0],"originalSize":[512,341],"capInsets":[0,0,0,0]}],[1],0,[0],[0],[2]],[["0,9729,9729,33071,33071,0,0,1",-1],[0],0,[],[],[]],[["0,9729,9729,33071,33071,0,0,1",-1],[0],0,[],[],[]],[[{"name":"flowers","rect":[0,0,356,512],"offset":[0,0],"originalSize":[356,512],"capInsets":[0,0,0,0]}],[1],0,[0],[0],[3]],[[{"name":"dhavana","rect":[0,0,491,512],"offset":[0,0],"originalSize":[491,512],"capInsets":[0,0,0,0]}],[1],0,[0],[0],[4]],[["0,9729,9729,33071,33071,0,0,1",-1],[0],0,[],[],[]],[["0,9729,9729,33071,33071,0,0,1",-1],[0],0,[],[],[]],[[{"name":"lotus","rect":[0,0,500,333],"offset":[0,0],"originalSize":[500,333],"capInsets":[0,0,0,0]}],[1],0,[0],[0],[5]],[[{"name":"path","rect":[0,0,512,384],"offset":[0,0],"originalSize":[512,384],"capInsets":[0,0,0,0]}],[1],0,[0],[0],[6]],[["0,9729,9729,33071,33071,0,0,1",-1],[0],0,[],[],[]],[[{"name":"usa","rect":[0,0,411,512],"offset":[0,0],"originalSize":[411,512],"capInsets":[0,0,0,0]}],[1],0,[0],[0],[7]],[[[0,"ಧನ",".mp3",0.6],-1],0,0,[],[],[]],[[[0,"ಧವನ",".mp3",0.72],-1],0,0,[],[],[]],[[{"name":"money","rect":[0,0,512,337],"offset":[0,0],"originalSize":[512,337],"capInsets":[0,0,0,0]}],[1],0,[0],[0],[8]],[[[0,"ಮಥನ",".mp3",0.72],-1],0,0,[],[],[]],[["0,9729,9729,33071,33071,0,0,1",-1],[0],0,[],[],[]],[[[0,"ಢಣಢಣ",".mp3",0.792],-1],0,0,[],[],[]],[["0,9729,9729,33071,33071,0,0,1",-1],[0],0,[],[],[]],[[{"name":"churn","rect":[0,0,512,384],"offset":[0,0],"originalSize":[512,384],"capInsets":[0,0,0,0]}],[1],0,[0],[0],[9]],[[{"name":"india","rect":[0,0,418,500],"offset":[0,0],"originalSize":[418,500],"capInsets":[0,0,0,0]}],[1],0,[0],[0],[10]],[[{"name":"fear","rect":[0,0,512,341],"offset":[0,0],"originalSize":[512,341],"capInsets":[0,0,0,0]}],[1],0,[0],[0],[11]],[[{"name":"hit","rect":[0,0,341,512],"offset":[0,0],"originalSize":[341,512],"capInsets":[0,0,0,0]}],[1],0,[0],[0],[12]],[[[0,"ಏಕದಳ",".mp3",1.32],-1],0,0,[],[],[]],[["0,9729,9729,33071,33071,0,0,1",-1],[0],0,[],[],[]],[["0,9729,9729,33071,33071,0,0,1",-1],[0],0,[],[],[]],[["0,9729,9729,33071,33071,0,0,1",-1],[0],0,[],[],[]],[["0,9729,9729,33071,33071,0,0,1",-1],[0],0,[],[],[]],[[{"name":"dirty","rect":[0,0,512,341],"offset":[0,0],"originalSize":[512,341],"capInsets":[0,0,0,0]}],[1],0,[0],[0],[13]],[[{"name":"Bhajan","rect":[0,0,512,315],"offset":[0,0],"originalSize":[512,315],"capInsets":[0,0,0,0]}],[1],0,[0],[0],[14]],[["0,9729,9729,33071,33071,0,0,1",-1],[0],0,[],[],[]],[[{"name":"bell","rect":[0,0,341,512],"offset":[0,0],"originalSize":[341,512],"capInsets":[0,0,0,0]}],[1],0,[0],[0],[15]],[[[0,"ಭಯ",".mp3",0.624],-1],0,0,[],[],[]],[[{"name":"river","rect":[0,0,512,378],"offset":[0,0],"originalSize":[512,378],"capInsets":[0,0,0,0]}],[1],0,[0],[0],[16]],[[[0,"ಪಥ",".mp3",0.648],-1],0,0,[],[],[]],[["0,9729,9729,33071,33071,0,0,1",-1],[0],0,[],[],[]],[[{"name":"dancing","rect":[0,0,341,512],"offset":[0,0],"originalSize":[341,512],"capInsets":[0,0,0,0]}],[1],0,[0],[0],[17]],[[[1,"kn0803",{"rows":[["openwindow","1","Description","LEGIT","ಭ,ಯ","fear.png","happy.png","ಭಯ.mp3","ಭ,ಯ"],["openwindow","1","Description","LEGIT","ಮ,ಥ,ನ","churn.png","hit.png","ಮಥನ.mp3","ಮ,ಥ,ನ"],["openwindow","1","Description","LEGIT","ಢ,ಣ,ಢ,ಣ","bell.png","flute.png","ಢಣಢಣ.mp3","ಢ,ಣ,ಢ,ಣ"],["openwindow","1","Description","LEGIT","ಭ,ರ,ತ","india.png","usa.png","ಭರತ.mp3","ಭ,ರ,ತ"],["openwindow","1","Description","LEGIT","ಪ,ಥ","path.png","river.png","ಪಥ.mp3","ಪ,ಥ"],["openwindow","1","Description","LEGIT","ಏ,ಕ,ದ,ಳ","singlepetal.png","lotus.png","ಏಕದಳ.mp3","ಏ,ಕ,ದ,ಳ"],["openwindow","1","Description","LEGIT","ಭ,ಜ,ನ","Bhajan.png","dancing.png","ಭಜನ.mp3","ಭ,ಜ,ನ"],["openwindow","1","Description","LEGIT","ಧ,ವ,ನ","dhavana.png","dirty.png","ಧವನ.mp3","ಧ,ವ,ನ"],["openwindow","1","Description","LEGIT","ಧ,ನ","money.png","flowers.png","ಧನ.mp3","ಧ,ನ"],["quizliteracy","1","Description","image_word","ಭರತ","ಧವನ","ಭರತ","ಭಜನ","india.png"],["quizliteracy","1","Description","image_word","ಭಜನ","ಭಜನ","ಏಕದಳ","ಭರತ","Bhajan.png"],["quizliteracy","1","Description","image_word","ಧನ","ಭರತ","ಭಜನ","ಧನ","money.png"]]}]],0,0,[],[],[]]]]