[1,["4eDDUPVuNOcIBzmes7pm4J","ffnwixwn5GT5ZFwGI0xJpO","55/v1ZTNNC148akz+lZqrq","5fC2LJGsFEWr79wmx4MKcL","369Fmm621Ae5MS0Qye/+K8","4fIwgxDqNMpJ6cF4MIFPjm","38kJiL5ZpAlpaGy4BkmCjg","36rM9KqPhMnK9vdENdIpoE","692pl5kNxHLK3SF2C9Tra5","f4D2sda7tNTZe/D2r2QlR4"],["_textureSetter"],["cc.SpriteFrame","cc.Texture2D",["cc.AudioClip",["_name","_native","duration"],0],["cc.JsonAsset",["_name","json"],1]],[[2,0,1,2,4],[3,0,1,3]],[[[{"name":"run","rect":[3,66,2395,2274],"offset":[0.5,-3],"originalSize":[2400,2400],"capInsets":[0,0,0,0]}],[0],0,[0],[0],[0]],[[[0,"run",".mp3",0.864],-1],0,0,[],[],[]],[[[0,"kit",".mp3",0.84],-1],0,0,[],[],[]],[[{"name":"man","rect":[0,0,512,512],"offset":[0,0],"originalSize":[512,512],"capInsets":[0,0,0,0]}],[0],0,[0],[0],[1]],[[[0,"big",".mp3",0.864],-1],0,0,[],[],[]],[[[1,"en0902",{"rows":[["rocket","1","Description","dog","d,og","d,og","dog.mp3","dog.png","false","false"],["rocket","1","Description","run","a,b,c,d,e,f,g,h,i,j,k,l,m,n,o,p,q,r,s,t,u,v,w,x,y,z","r,u,n","run.mp3","run.png","true","false"],["rocket","1","Description","big","a,b,c,d,e,f,g,h,i,j,k,l,m,n,o,p,q,r,s,t,u,v,w,x,y,z","b,i,g","big.mp3","big.jpg","true","false"],["rocket","1","Description","sun","a,b,c,d,e,f,g,h,i,j,k,l,m,n,o,p,q,r,s,t,u,v,w,x,y,z","s,u,n","sun.mp3","sun.png","true","false"],["rocket","1","Description","pin","a,b,c,d,e,f,g,h,i,j,k,l,m,n,o,p,q,r,s,t,u,v,w,x,y,z","p,i,n","pin.mp3","pin.png","true","false"],["rocket","1","Description","log","l,og","l,og","log.mp3","log.png","false","false"],["rocket","1","Description","bag","b,ag","b,ag","bag.mp3","bag.png","false","false"],["grid","1","Description","k","id,it"],["grid","1","Description","p","in,ig"],["grid","1","Description","h","it,ip"],["quizliteracy","1","Description","soundonly_image","dog.png","bus.png","dog.png","box.png","","","dog.mp3"],["quizliteracy","1","Description","soundonly_word","run","pin","run","can","","","run.mp3"],["quizliteracy","1","Description","soundonly_image","bag.png","man.png","bag.png","box.png","","","bag.mp3"],["quizliteracy","1","Description","soundonly_word","sun","van","sun","dog","","","sun.mp3"],["quizliteracy","1","Description","image_word","log","cat","big","log","log.png"]]}]],0,0,[],[],[]],[["0,9729,9729,33071,33071,0,0,1",-1],[1],0,[],[],[]],[["0,9729,9729,33071,33071,0,0,1",-1],[1],0,[],[],[]],[["0,9729,9729,33071,33071,0,0,1",-1],[1],0,[],[],[]],[[[0,"sun",".mp3",0.96],-1],0,0,[],[],[]],[[[0,"kid",".mp3",0.72],-1],0,0,[],[],[]],[[[0,"hit",".mp3",0.84],-1],0,0,[],[],[]],[["0,9729,9729,33071,33071,0,0,1",-1],[1],0,[],[],[]],[["0,9729,9729,33071,33071,0,0,1",-1],[1],0,[],[],[]],[[{"name":"big","rect":[0,0,800,533],"offset":[0,0],"originalSize":[800,533],"capInsets":[0,0,0,0]}],[0],0,[0],[0],[2]],[["1,9729,9729,33071,33071,0,0,1",-1],[1],0,[],[],[]],[["0,9729,9729,33071,33071,0,0,1",-1],[1],0,[],[],[]],[["0,9729,9729,33071,33071,0,0,1",-1],[1],0,[],[],[]],[[[0,"bag",".mp3",1.032],-1],0,0,[],[],[]],[[{"name":"sun","rect":[0,0,322,382],"offset":[0,0],"originalSize":[322,382],"capInsets":[0,0,0,0]}],[0],0,[0],[0],[3]],[[{"name":"box","rect":[76,92,451,289],"offset":[11.5,-6.5],"originalSize":[580,460],"capInsets":[0,0,0,0]}],[0],0,[0],[0],[4]],[[[0,"dog",".mp3",0.96],-1],0,0,[],[],[]],[[[0,"pig",".mp3",0.768],-1],0,0,[],[],[]],[[[0,"hip",".mp3",0.744],-1],0,0,[],[],[]],[[{"name":"bag","rect":[0,0,322,382],"offset":[0,0],"originalSize":[322,382],"capInsets":[0,0,0,0]}],[0],0,[0],[0],[5]],[[[0,"pin",".mp3",0.744],-1],0,0,[],[],[]],[[{"name":"dog","rect":[0,0,499,512],"offset":[0,0],"originalSize":[499,512],"capInsets":[0,0,0,0]}],[0],0,[0],[0],[6]],[[{"name":"bus","rect":[67,152,446,181],"offset":[0,-12.5],"originalSize":[580,460],"capInsets":[0,0,0,0]}],[0],0,[0],[0],[7]],[[[0,"log",".mp3",0.912],-1],0,0,[],[],[]],[[{"name":"pin","rect":[0,0,512,339],"offset":[0,0],"originalSize":[512,339],"capInsets":[0,0,0,0]}],[0],0,[0],[0],[8]],[["0,9729,9729,33071,33071,0,0,1",-1],[1],0,[],[],[]],[[{"name":"log","rect":[0,0,322,382],"offset":[0,0],"originalSize":[322,382],"capInsets":[0,0,0,0]}],[0],0,[0],[0],[9]],[["0,9729,9729,33071,33071,0,0,1",-1],[1],0,[],[],[]]]]