[1,["edeim6A2JBLYZ2e9M2hyLs","68uBkj8GNG2bkhWqksfRvR","c52QBDkhhHO4dn5EonG3X5","87+9MSqvFOlJEc+1YCEfWm","32l6e4DYpIHrYKT0NW0o9n","e0OAsdFLtIcrcO7hf3d7RI"],["_textureSetter"],["cc.SpriteFrame","cc.Texture2D",["cc.AudioClip",["_name","_native","duration"],0],["cc.JsonAsset",["_name","json"],1]],[[2,0,1,2,4],[3,0,1,3]],[[[[0,"ಡು",".mp3",0.528],-1],0,0,[],[],[]],[[{"name":"baby_rabbit","rect":[0,0,512,406],"offset":[0,0],"originalSize":[512,406],"capInsets":[0,0,0,0]}],[0],0,[0],[0],[0]],[["0,9729,9729,33071,33071,0,0,1",-1],[1],0,[],[],[]],[[{"name":"jump","rect":[0,0,512,341],"offset":[0,0],"originalSize":[512,341],"capInsets":[0,0,0,0]}],[0],0,[0],[0],[1]],[[[0,"ಮರಿ",".mp3",0.6],-1],0,0,[],[],[]],[[[0,"ಮೊಲ",".mp3",0.6],-1],0,0,[],[],[]],[[[0,"ಪು",".mp3",0.528],-1],0,0,[],[],[]],[[[1,"kn3600",{"rows":[["spelldoor","1","Description","ಮೊಲ","**","0","0","rabbit.png","ಮೊಲ.mp3"],["rocket","1","Description","ಮರಿ","ಮ,ರಿ","ಮ,ರಿ","ಮರಿ.mp3","baby_rabbit.png","False","False"],["phonictractor","1","Description","4","ಆಡು","ಆಡು.mp3","ಆ","ಆ.mp3","ಡು","ಡು.mp3"],["phonictractor","1","Description","4","ಚುಪುಕೆ","ಚುಪುಕೆ.mp3","ಚು","ಚು.mp3","ಪು","ಪು.mp3","ಕೆ","ಕೆ.mp3"],["openwindow","1","Description","LEGIT","ನೆ,ಗೆ,ದು","jump.png","sit.png","ನೆಗೆದು.mp3","ನೆ,ಗೆ,ದು"],["spelldoor","1","Description","ಗಿಡ","*ಡ","0","0","plant.png","ಗಿಡ.mp3"],["spelldoor","1","Description","ಚಿಗುರು","***","0","0","sprout.png","ಚಿಗುರು.mp3"],["phonictractor","1","Description","4","ಬಾರೆ","ಬಾರೆ.mp3","ಬಾ","ಬಾ.mp3","ರೆ","ರೆ.mp3"],["quizliteracy","1","Description","word_word","ಗುರು","ಗುರು","ರತೆ","ಕ್ಕಮ್ಮ","","ಚಿ_____","ಚಿಗುರು.mp3"],["quizliteracy","1","Description","image_word","ಗಿಡ","ಮರಿ","ಗಿಡ","ಮೊಲ","plant.png"],["quizliteracy","1","Description","soundonly_word","ನೆಗೆದು","ಚುಪುಕೆ","ನೆಗೆದು","ಗಿಡ","","","ನೆಗೆದು.mp3"]]}]],0,0,[],[],[]],[[[0,"ಗಿಡ",".mp3",0.624],-1],0,0,[],[],[]],[[[0,"ಚುಪುಕೆ",".mp3",0.816],-1],0,0,[],[],[]],[["0,9729,9729,33071,33071,0,0,1",-1],[1],0,[],[],[]],[[{"name":"rabbit","rect":[0,0,512,426],"offset":[0,0],"originalSize":[512,426],"capInsets":[0,0,0,0]}],[0],0,[0],[0],[2]],[[[0,"ಆಡು",".mp3",0.672],-1],0,0,[],[],[]],[[[0,"ಚು",".mp3",0.576],-1],0,0,[],[],[]],[[[0,"ಬಾ",".mp3",0.552],-1],0,0,[],[],[]],[[[0,"ರೆ",".mp3",0.528],-1],0,0,[],[],[]],[[[0,"ನೆಗೆದು",".mp3",0.768],-1],0,0,[],[],[]],[["0,9729,9729,33071,33071,0,0,1",-1],[1],0,[],[],[]],[[{"name":"plant","rect":[0,0,341,512],"offset":[0,0],"originalSize":[341,512],"capInsets":[0,0,0,0]}],[0],0,[0],[0],[3]],[[[0,"ಕೆ",".mp3",0.552],-1],0,0,[],[],[]],[[[0,"ಬಾರೆ",".mp3",0.72],-1],0,0,[],[],[]],[[{"name":"sprout","rect":[0,0,384,512],"offset":[0,0],"originalSize":[384,512],"capInsets":[0,0,0,0]}],[0],0,[0],[0],[4]],[[[0,"ಆ",".mp3",0.504],-1],0,0,[],[],[]],[["0,9729,9729,33071,33071,0,0,1",-1],[1],0,[],[],[]],[[[0,"ಚಿಗುರು",".mp3",0.792],-1],0,0,[],[],[]],[[{"name":"sit","rect":[0,0,500,335],"offset":[0,0],"originalSize":[500,335],"capInsets":[0,0,0,0]}],[0],0,[0],[0],[5]],[["0,9729,9729,33071,33071,0,0,1",-1],[1],0,[],[],[]],[["0,9729,9729,33071,33071,0,0,1",-1],[1],0,[],[],[]]]]