[1,["c8nxyeKuNErI9+VkA2m5b9","22aHXu1PBCrbyrIWDkRK6F","23KlUlt0tG1bpux0KEtS3k","f7wOkx4cZAQoVePPSXNZub"],["_textureSetter"],["cc.SpriteFrame","cc.Texture2D",["cc.AudioClip",["_name","_native","duration"],0],["cc.JsonAsset",["_name","json"],1]],[[2,0,1,2,4],[3,0,1,3]],[[[[0,"ಸಂತೆಯಲ್ಲಿ_ಹಗಲುವೇಷ_ಆಟ_ಆಡುತ್ತಿದ್ದರು",".mp3",3.216],-1],0,0,[],[],[]],[[{"name":"sante","rect":[0,0,400,400],"offset":[0,0],"originalSize":[400,400],"capInsets":[0,0,0,0]}],[0],0,[0],[0],[0]],[[{"name":"dustbin","rect":[0,0,400,400],"offset":[0,0],"originalSize":[400,400],"capInsets":[0,0,0,0]}],[0],0,[0],[0],[1]],[[[0,"ಸಂತೆಯಲ್ಲಿ_ಹಾಳಾಗಿರುವ_ಬೀಗ_ಹಾಗು_ಕೊಡೆ_ರಿಪೇರಿ_ಮಾಡುತ್ತಿದ್ದರು",".mp3",4.752],-1],0,0,[],[],[]],[["0,9729,9729,33071,33071,0,0,1",-1],[1],0,[],[],[]],[["0,9729,9729,33071,33071,0,0,1",-1],[1],0,[],[],[]],[[[0,"ಮಕ್ಕಳು_ಬಾಳೆಹಣ್ಣಿನ_ಸಿಪ್ಪೆಯನ್ನು_ಕಸದ ಬುಟ್ಟಿಗೆ_ ಹಾಕಿದರು",".mp3",4.296],-1],0,0,[],[],[]],[[{"name":"lock_umbrella_repair","rect":[0,0,400,400],"offset":[0,0],"originalSize":[400,400],"capInsets":[0,0,0,0]}],[0],0,[0],[0],[2]],[[{"name":"hagaluvesha","rect":[0,0,400,400],"offset":[0,0],"originalSize":[400,400],"capInsets":[0,0,0,0]}],[0],0,[0],[0],[3]],[[[1,"kn2_0905",{"rows":[["createsentence","1","Description","ಗೆಳೆಯರೆಲ್ಲರೂ/ಕೂಡಿ/ಸಂತೆಗೆ/ಹೋದರು.","","sante.png","ಗೆಳೆಯರೆಲ್ಲರೂ_ಕೂಡಿ_ಸಂತೆಗೆ_ಹೋದರು.mp3"],["createsentence","1","Description","ಸಂತೆಯಲ್ಲಿ/ಹಾಳಾಗಿರುವ/ಬೀಗ/ಹಾಗು/ಕೊಡೆ/ರಿಪೇರಿ/ಮಾಡುತ್ತಿದ್ದರು.","","lock_umbrella_repair.png","ಸಂತೆಯಲ್ಲಿ_ಹಾಳಾಗಿರುವ_ಬೀಗ_ಹಾಗು_ಕೊಡೆ_ರಿಪೇರಿ_ಮಾಡುತ್ತಿದ್ದರು.mp3"],["createsentence","1","Description","ಸಂತೆಯಲ್ಲಿ/ಹಗಲುವೇಷ/ಆಟ/ಆಡುತ್ತಿದ್ದರು.","","hagaluvesha.png","ಸಂತೆಯಲ್ಲಿ_ಹಗಲುವೇಷ_ಆಟ_ಆಡುತ್ತಿದ್ದರು.mp3"],["createsentence","1","Description","ಮಕ್ಕಳು/ಬಾಳೆಹಣ್ಣಿನ/ಸಿಪ್ಪೆಯನ್ನು/ಕಸದ ಬುಟ್ಟಿಗೆ/ ಹಾಕಿದರು.","","dustbin.png","ಮಕ್ಕಳು_ಬಾಳೆಹಣ್ಣಿನ_ಸಿಪ್ಪೆಯನ್ನು_ಕಸದ ಬುಟ್ಟಿಗೆ_ ಹಾಕಿದರು.mp3"],["quizliteracy","1","Description","sentence_sentence","ಸಂತೆಗೆ","ಸಂತೆಗೆ","ಹಗಲುವೇಷ","ಕಸದ ಬುಟ್ಟಿಗೆ","","ಗೆಳೆಯರೆಲ್ಲರೂ ಕೂಡಿ _____ ಹೋದರು.","ಗೆಳೆಯರೆಲ್ಲರೂ_ಕೂಡಿ_ಸಂತೆಗೆ_ಹೋದರು.mp3"],["quizliteracy","1","Description","sentence_sentence","ಹಗಲುವೇಷ","ಕಸದ ಬುಟ್ಟಿಗೆ","ಸಂತೆಗೆ","ಹಗಲುವೇಷ","","ಸಂತೆಯಲ್ಲಿ ______ ಆಟ ಆಡುತ್ತಿದ್ದರು.","ಸಂತೆಯಲ್ಲಿ_ಹಗಲುವೇಷ_ಆಟ_ಆಡುತ್ತಿದ್ದರು.mp3"],["quizliteracy","1","Description","sentence_sentence","ಕಸದ ಬುಟ್ಟಿಗೆ","ಹಗಲುವೇಷ","ಕಸದ ಬುಟ್ಟಿಗೆ","ಸಂತೆಗೆ","","ಮಕ್ಕಳು ಬಾಳೆಹಣ್ಣಿನ ಸಿಪ್ಪೆಯನ್ನು __________  ಹಾಕಿದರು.","ಮಕ್ಕಳು_ಬಾಳೆಹಣ್ಣಿನ_ಸಿಪ್ಪೆಯನ್ನು_ಕಸದ ಬುಟ್ಟಿಗೆ_ ಹಾಕಿದರು.mp3"]]}]],0,0,[],[],[]],[["0,9729,9729,33071,33071,0,0,1",-1],[1],0,[],[],[]],[[[0,"ಗೆಳೆಯರೆಲ್ಲರೂ_ಕೂಡಿ_ಸಂತೆಗೆ_ಹೋದರು",".mp3",2.856],-1],0,0,[],[],[]],[["0,9729,9729,33071,33071,0,0,1",-1],[1],0,[],[],[]]]]