[1,["15qzZ62axEfrt+fRKYYPoh"],["_textureSetter"],["cc.Texture2D","cc.SpriteFrame",["cc.JsonAsset",["_name","json"],1],["cc.AudioClip",["_name","_native","duration"],0]],[[2,0,1,3],[3,0,1,2,4]],[[["0,9729,9729,33071,33071,0,0,1",-1],[0],0,[],[],[]],[[{"name":"जहाज","rect":[0,38,400,256],"offset":[0,0.5],"originalSize":[400,333],"capInsets":[0,0,0,0]}],[1],0,[0],[0],[0]],[[[0,"hi0107",{"rows":[["phonictractor","1","Description","5","ज","ज.mp3","ज","ज.mp3"],["writeletter","1","Description","ज","जहाज"],["quizliteracy","1","Description","soundonly_word","ज","इ","ज","ऋ","","","ज.mp3"],["quizliteracy","1","Description","word_word","ज","ज","ऐ","ऊ","","ज"],["quizliteracy","1","Description","soundonly_word","ज","ऋ","इ","ज","","","ज.mp3"]]}]],0,0,[],[],[]],[[[1,"ज",".mp3",0.49625],-1],0,0,[],[],[]]]]