[1,["c94Ah4BVNDgbbojzIrynJT","0f2JiAAShKnJPTLPCPEl0j","ffZB+uUoNHOIvjfkIWBvLg","cchd+YbUpEE5SXM6Kr5phB","01TJvi3ZZJ2akA+exTLkna","8dwzL6hbJPBp8EWyrQHMBw","9abO/7zkpBjp+JPw7qyP2C","6e6Uxl1gpADq1iXr+Tc5Ie"],["_textureSetter"],["cc.Texture2D","cc.SpriteFrame",["cc.AudioClip",["_name","_native","duration"],0],["cc.JsonAsset",["_name","json"],1]],[[2,0,1,2,4],[3,0,1,3]],[[["0,9729,9729,33071,33071,0,0,1",-1],[0],0,[],[],[]],[[{"name":"mat","rect":[0,0,640,262],"offset":[0,0],"originalSize":[640,262],"capInsets":[0,0,0,0]}],[1],0,[0],[0],[0]],[["0,9729,9729,33071,33071,0,0,1",-1],[0],0,[],[],[]],[[{"name":"quilt","rect":[83,0,433,600],"offset":[-0.5,0],"originalSize":[600,600],"capInsets":[0,0,0,0]}],[1],0,[0],[0],[1]],[[[0,"सरबत",".mp3",0.992653],-1],0,0,[],[],[]],[[[0,"घमघम",".mp3",1.018776],-1],0,0,[],[],[]],[[{"name":"bus","rect":[0,0,640,480],"offset":[0,0],"originalSize":[640,480],"capInsets":[0,0,0,0]}],[1],0,[0],[0],[2]],[[[0,"बस",".mp3",0.914286],-1],0,0,[],[],[]],[[[0,"चटई",".mp3",1.097143],-1],0,0,[],[],[]],[[{"name":"वरण","rect":[0,0,640,480],"offset":[0,0],"originalSize":[640,480],"capInsets":[0,0,0,0]}],[1],0,[0],[0],[3]],[["0,9729,9729,33071,33071,0,0,1",-1],[0],0,[],[],[]],[[[0,"वरण",".mp3",0.914286],-1],0,0,[],[],[]],[["0,9729,9729,33071,33071,0,0,1",-1],[0],0,[],[],[]],[["0,9729,9729,33071,33071,0,0,1",-1],[0],0,[],[],[]],[[[0,"घर",".mp3",0.862041],-1],0,0,[],[],[]],[[[0,"रजई",".mp3",0.966531],-1],0,0,[],[],[]],[["0,9729,9729,33071,33071,0,0,1",-1],[0],0,[],[],[]],[["0,9729,9729,33071,33071,0,0,1",-1],[0],0,[],[],[]],[[{"name":"house","rect":[0,0,640,512],"offset":[0,0],"originalSize":[640,512],"capInsets":[0,0,0,0]}],[1],0,[0],[0],[4]],[[{"name":"duck","rect":[0,0,640,527],"offset":[0,0],"originalSize":[640,527],"capInsets":[0,0,0,0]}],[1],0,[0],[0],[5]],[[[1,"mr0710",{"rows":[["writeword","1","Description","घर","house.png","घर.mp3"],["writeword","1","Description","घमघम","fast.png","घमघम.mp3"],["writeword","1","Description","रजई","quilt.png","रजई.mp3"],["writeword","1","Description","वरण","वरण.png","वरण.mp3"],["writeword","1","Description","चटई","mat.png","चटई.mp3"],["writeword","1","Description","बदक","duck.png","बदक.mp3"],["writeword","1","Description","बस","bus.png","बस.mp3"],["writeword","1","Description","सरबत","sherbat.png","सरबत.mp3"],["quizliteracy","1","Description","image_word","चटई","बस","चटई","बदक","mat.png"],["quizliteracy","1","Description","image_word","बदक","चटई","बदक","बस","duck.png"],["quizliteracy","1","Description","image_word","बस","बदक","बस","चटई","bus.png"]]}]],0,0,[],[],[]],[[{"name":"sherbat","rect":[0,0,640,425],"offset":[0,0],"originalSize":[640,425],"capInsets":[0,0,0,0]}],[1],0,[0],[0],[6]],[[{"name":"fast","rect":[0,65,617,326],"offset":[-11.5,-15.5],"originalSize":[640,425],"capInsets":[0,0,0,0]}],[1],0,[0],[0],[7]],[[[0,"बदक",".mp3",0.914286],-1],0,0,[],[],[]],[["0,9729,9729,33071,33071,0,0,1",-1],[0],0,[],[],[]]]]