[1,["5coNxnC5hKiKZTy8CETVdb","c47aH3REpC+6V6WJS1NrFc","a6kAbjXJ5KRpRaT1pvMSY6","d96twEAnJOBajEjm4NOrC8"],["_textureSetter"],["cc.SpriteFrame","cc.Texture2D",["cc.AudioClip",["_name","_native","duration"],0],["cc.JsonAsset",["_name","json"],1]],[[2,0,1,2,4],[3,0,1,3]],[[[[0,"उदबत्ती",".mp3",1.344],-1],0,0,[],[],[]],[[{"name":"Incensesticks","rect":[0,0,626,626],"offset":[0,0],"originalSize":[626,626],"capInsets":[0,0,0,0]}],[0],0,[0],[0],[0]],[[{"name":"dawn","rect":[0,0,640,359],"offset":[0,0],"originalSize":[640,359],"capInsets":[0,0,0,0]}],[0],0,[0],[0],[1]],[[[0,"ऊस",".mp3",0.862041],-1],0,0,[],[],[]],[["0,9729,9729,33071,33071,0,0,1",-1],[1],0,[],[],[]],[[{"name":"sugarcane","rect":[0,0,640,480],"offset":[0,0],"originalSize":[640,480],"capInsets":[0,0,0,0]}],[0],0,[0],[0],[2]],[["0,9729,9729,33071,33071,0,0,1",-1],[1],0,[],[],[]],[[[0,"ऊन",".mp3",0.862041],-1],0,0,[],[],[]],[[[0,"ऊषा",".mp3",0.914286],-1],0,0,[],[],[]],[[[0,"ऊ",".mp3",0.757551],-1],0,0,[],[],[]],[["0,9729,9729,33071,33071,0,0,1",-1],[1],0,[],[],[]],[[{"name":"wool","rect":[0,0,640,480],"offset":[0,0],"originalSize":[640,480],"capInsets":[0,0,0,0]}],[0],0,[0],[0],[3]],[["0,9729,9729,33071,33071,0,0,1",-1],[1],0,[],[],[]],[[[1,"mr0005",{"rows":[["balloonpop","1","Description","2","ऊ","3","उ,ऊ,ई","ऊ.mp3"],["phonictractor","1","Description","5","ऊ","ऊ.mp3","ऊ","ऊ.mp3"],["writeletter","1","Description","ऊ","ऊस"],["writecard","1","Description","ऊ","ऊस","sugarcane.png","ऊस.mp3","उदबत्ती","Incensesticks.png","उदबत्ती.mp3","ऊषा","dawn.png","ऊषा.mp3"],["quizliteracy","1","Description","soundonly_word","ऊ","ऊ","आ","उ","","","ऊ.mp3"],["quizliteracy","1","Description","word_word","ऊ","इ","ऊ","आ","","ऊ"],["quizliteracy","1","Description","soundonly_word","ऊ","ऊ","आ","उ","","","ऊ.mp3"]]}]],0,0,[],[],[]]]]