[1,["52M7b0p9FOg44GFi/StYyf","b0Oedu2/FOaLn7UDAi6YJU","74N0eDZj1DT5tF3vFp4eGu","7bgC+wwOlDdIg+SsV5EuKt","4dmI62TJlGbZ9Ljytu7Zws","bdCqdk3CVGdJAq/qsOn/n8","a2rdvOUt1AMYnXIS/INChQ","c1yR0urlFGVYDv0DEbOAyT","14C7cur2hNOYI0KyYYGFPh","d4NgG653ZCF5FD/qDNgfQO","d8eJHkkqpMXprwzBR8HbHV","fd127EOZNGhbRGmZnJ4ESS","6amoNttTRAn5cMZXreqfFP","60INymWitNAJ43CdClsM37","a0AEHODLBGq5oyVm1A4IsO","0fYyRLYOpP6r6bQ5py6BX8","5eRZPjuXFMEbhPO02/Y8Zr","38Sx9fpPVLGaDoJolTvqwr","74kvzJVPZDsp4Wr+pVKCS0","5dRb5TwNRBN5Fhm7ZD/hbO","afxgt6+SVIb5a/CX9STrPp","e41ADNwK1BJ57FtlqmS4Ga","36HUrqR3lK84Z2UF7dfzsq","15YEOgdflG9LA5A5cQXAKI","5dyyF/6YtDK5zRWuUVolHQ","57WSMZ9wBIfbPu7J4b6xUx"],["_textureSetter"],["cc.SpriteFrame","cc.Texture2D",["cc.AudioClip",["_name","_native","duration"],0],["cc.JsonAsset",["_name","json"],1]],[[2,0,1,2,4],[3,0,1,3]],[[[{"name":"image_18_2","rect":[0,0,845,695],"offset":[0,0],"originalSize":[845,695],"capInsets":[0,0,0,0]}],[0],0,[0],[0],[0]],[[{"name":"l1_mango","rect":[0,0,868,689],"offset":[0,0],"originalSize":[868,689],"capInsets":[0,0,0,0]}],[0],0,[0],[0],[1]],[[[0,"एक_नारंगी_पोशाक।",".mp3",1.802449],-1],0,0,[],[],[]],[[[1,"hi1507",{"rows":[["picturemeaning","1","Description","S","एक पीला आम।","l1_mango.png","एक_पीला_आम।.mp3","एक पीली चिड़िया।","l1_bird.png","एक_पीली_चिडिया।.mp3","एक पीले रंग का जूता।","l1_shoe.png","एक_पीले_रंग_का_जूता।.mp3"],["picturemeaning","1","Description","S","दो शेर।","l1_2lions.png","दो_शेर।.mp3","तीन पक्षी।","l1_3birds.png","तीन_पक्षी।.mp3","चार मेंढक।","l1_4frogs.png","चार_मेंढक।.mp3"],["picturemeaning","1","Description","S","एक लंबा लड़का।","l1_tallboy.png","एक_लंबा_लडका।.mp3","एक लम्बी लड़की।","l1_tallgirl.png","एक_लम्बी_लडकी।.mp3","एक लंबा आदमी।","l1_tallman.png","एक_लंबा_आदमी।.mp3"],["picturemeaning","1","Description","P","एक छोटी बिल्ली।","l1_littlecat.png","एक_छोटी_बिल्ली।.mp3","एक छोटा चूहा।","l1_littlemouse.png","एक_छोटा_चूहा।.mp3","एक छोटी चींटी।","l1_littleant.png","एक_छोटी_चींटी।.mp3"],["picturemeaning","1","Description","P","एक नारंगी टोपी।","l1_orangehat.png","एक_नारंगी_टोपी।.mp3","एक नारंगी शर्ट।","l1_orangeshirt.png","एक_नारंगी_शर्ट।.mp3","एक नारंगी पोशाक।","l1_orangedress.png","एक_नारंगी_पोशाक।.mp3"],["picturemeaning","1","Description","P","एक भूरा भालू।","l2_brownbear.png","एक_भूरा_भालू।.mp3","एक काला भालू।","l2_blackbear.png","एक_काला_भालू।.mp3","एक सफेद भालू।","l2_whitebear.png","एक_सफेद_भालू।.mp3"],["picturemeaning","1","Description","P","एक बैंगनी वृत्त।","l2_purplecircle.png","एक_बैंगनी_वृत्त।.mp3","एक हरा तारा।","l2_greenstar.png","एक_हरा_तारा।.mp3","एक बैंगनी वर्ग।","l3_purplesquare.png","एक_बैंगनी_वर्ग।.mp3"],["picturemeaning","1","Description","P","तीन गाड़ियाँ।","l3_3cars.png","तीन_गाडियाँ।.mp3","दो गाड़ियाँ।","l3_2cars.png","दो_गाडियाँ।.mp3","एक गाड़ि।","l3_car.png","एक_गाडि।.mp3"],["tag","1","Description","image_18_1.jpg","संख्या","704.-1519","संख्या.mp3","एक","1035.-466","एक.mp3","दो","303.-970","दो.mp3","तीन","502.-466","तीन.mp3","चार","781.-969","चार.mp3","पांच","1282.-972","पांच.mp3"],["tag","1","Description","image_18_2.jpg","संख्या","704.-1519","संख्या.mp3","छह","1282.-972","छह.mp3","सात","303.-970","सात.mp3","आठ","781.-969","आठ.mp3","नौ","1035.-466","नौ.mp3","दस","502.-466","दस.mp3"],["quizliteracy","1","Description","soundonly_word","एक","छह","एक","तीन","","","एक.mp3"],["quizliteracy","1","Description","soundonly_word","छह","एक","तीन","छह","","","छह.mp3"],["quizliteracy","1","Description","soundonly_word","तीन","तीन","छह","एक","","","तीन.mp3"]]}]],0,0,[],[],[]],[[{"name":"l1_littleant","rect":[0,0,868,689],"offset":[0,0],"originalSize":[868,689],"capInsets":[0,0,0,0]}],[0],0,[0],[0],[2]],[["0,9729,9729,33071,33071,0,0,1",-1],[1],0,[],[],[]],[[{"name":"l1_littlecat","rect":[0,0,868,689],"offset":[0,0],"originalSize":[868,689],"capInsets":[0,0,0,0]}],[0],0,[0],[0],[3]],[["0,9729,9729,33071,33071,0,0,1",-1],[1],0,[],[],[]],[["0,9729,9729,33071,33071,0,0,1",-1],[1],0,[],[],[]],[[[0,"नौ",".mp3",0.600816],-1],0,0,[],[],[]],[[[0,"दो",".mp3",0.574694],-1],0,0,[],[],[]],[[[0,"एक_हरा_तारा।",".mp3",1.462857],-1],0,0,[],[],[]],[[[0,"एक_गाडि।",".mp3",0.940408],-1],0,0,[],[],[]],[[{"name":"l1_orangeshirt","rect":[0,0,868,689],"offset":[0,0],"originalSize":[868,689],"capInsets":[0,0,0,0]}],[0],0,[0],[0],[4]],[[[0,"तीन_पक्षी।",".mp3",1.227755],-1],0,0,[],[],[]],[[[0,"एक_लम्बी_लडकी।",".mp3",1.593469],-1],0,0,[],[],[]],[[{"name":"l1_orangedress","rect":[0,0,868,689],"offset":[0,0],"originalSize":[868,689],"capInsets":[0,0,0,0]}],[0],0,[0],[0],[5]],[[{"name":"l1_shoe","rect":[0,0,868,689],"offset":[0,0],"originalSize":[868,689],"capInsets":[0,0,0,0]}],[0],0,[0],[0],[6]],[["0,9729,9729,33071,33071,0,0,1",-1],[1],0,[],[],[]],[["0,9729,9729,33071,33071,0,0,1",-1],[1],0,[],[],[]],[[[0,"आठ",".mp3",0.574694],-1],0,0,[],[],[]],[[{"name":"l2_blackbear","rect":[0,0,868,689],"offset":[0,0],"originalSize":[868,689],"capInsets":[0,0,0,0]}],[0],0,[0],[0],[7]],[[{"name":"l1_orangehat","rect":[0,0,868,689],"offset":[0,0],"originalSize":[868,689],"capInsets":[0,0,0,0]}],[0],0,[0],[0],[8]],[[{"name":"l1_tallman","rect":[0,0,868,689],"offset":[0,0],"originalSize":[868,689],"capInsets":[0,0,0,0]}],[0],0,[0],[0],[9]],[["0,9729,9729,33071,33071,0,0,1",-1],[1],0,[],[],[]],[[{"name":"l1_littlemouse","rect":[0,0,868,689],"offset":[0,0],"originalSize":[868,689],"capInsets":[0,0,0,0]}],[0],0,[0],[0],[10]],[["1,9729,9729,33071,33071,0,0,1",-1],[1],0,[],[],[]],[[{"name":"l1_2lions","rect":[0,0,868,689],"offset":[0,0],"originalSize":[868,689],"capInsets":[0,0,0,0]}],[0],0,[0],[0],[11]],[["0,9729,9729,33071,33071,0,0,1",-1],[1],0,[],[],[]],[["0,9729,9729,33071,33071,0,0,1",-1],[1],0,[],[],[]],[["0,9729,9729,33071,33071,0,0,1",-1],[1],0,[],[],[]],[["0,9729,9729,33071,33071,0,0,1",-1],[1],0,[],[],[]],[["0,9729,9729,33071,33071,0,0,1",-1],[1],0,[],[],[]],[[{"name":"l1_4frogs","rect":[0,0,868,689],"offset":[0,0],"originalSize":[868,689],"capInsets":[0,0,0,0]}],[0],0,[0],[0],[12]],[[[0,"दो_शेर।",".mp3",0.809796],-1],0,0,[],[],[]],[[[0,"एक_पीली_चिडिया।",".mp3",1.436735],-1],0,0,[],[],[]],[["0,9729,9729,33071,33071,0,0,1",-1],[1],0,[],[],[]],[["0,9729,9729,33071,33071,0,0,1",-1],[1],0,[],[],[]],[[[0,"एक_सफेद_भालू।",".mp3",1.541224],-1],0,0,[],[],[]],[["0,9729,9729,33071,33071,0,0,1",-1],[1],0,[],[],[]],[[[0,"दस",".mp3",0.653061],-1],0,0,[],[],[]],[[[0,"एक_छोटी_चींटी।",".mp3",1.567347],-1],0,0,[],[],[]],[["0,9729,9729,33071,33071,0,0,1",-1],[1],0,[],[],[]],[[[0,"पांच",".mp3",0.705306],-1],0,0,[],[],[]],[[[0,"संख्या",".mp3",0.914286],-1],0,0,[],[],[]],[[{"name":"l3_3cars","rect":[0,0,868,689],"offset":[0,0],"originalSize":[868,689],"capInsets":[0,0,0,0]}],[0],0,[0],[0],[13]],[[{"name":"image_18_1","rect":[0,0,845,695],"offset":[0,0],"originalSize":[845,695],"capInsets":[0,0,0,0]}],[0],0,[0],[0],[14]],[[[0,"चार_मेंढक।",".mp3",1.07102],-1],0,0,[],[],[]],[["1,9729,9729,33071,33071,0,0,1",-1],[1],0,[],[],[]],[[{"name":"l2_purplecircle","rect":[0,0,868,689],"offset":[0,0],"originalSize":[868,689],"capInsets":[0,0,0,0]}],[0],0,[0],[0],[15]],[["0,9729,9729,33071,33071,0,0,1",-1],[1],0,[],[],[]],[[[0,"एक_पीले_रंग_का_जूता।",".mp3",2.089796],-1],0,0,[],[],[]],[[[0,"एक_लंबा_लडका।",".mp3",1.593469],-1],0,0,[],[],[]],[[{"name":"l2_greenstar","rect":[0,0,868,689],"offset":[0,0],"originalSize":[868,689],"capInsets":[0,0,0,0]}],[0],0,[0],[0],[16]],[["0,9729,9729,33071,33071,0,0,1",-1],[1],0,[],[],[]],[["0,9729,9729,33071,33071,0,0,1",-1],[1],0,[],[],[]],[[[0,"चार",".mp3",0.574694],-1],0,0,[],[],[]],[[[0,"एक_पीला_आम।",".mp3",1.436735],-1],0,0,[],[],[]],[[{"name":"l1_3birds","rect":[0,0,868,689],"offset":[0,0],"originalSize":[868,689],"capInsets":[0,0,0,0]}],[0],0,[0],[0],[17]],[["0,9729,9729,33071,33071,0,0,1",-1],[1],0,[],[],[]],[[[0,"एक_लंबा_आदमी।",".mp3",1.750204],-1],0,0,[],[],[]],[["0,9729,9729,33071,33071,0,0,1",-1],[1],0,[],[],[]],[[{"name":"l2_whitebear","rect":[0,0,868,689],"offset":[0,0],"originalSize":[868,689],"capInsets":[0,0,0,0]}],[0],0,[0],[0],[18]],[[[0,"एक_बैंगनी_वृत्त।",".mp3",1.48898],-1],0,0,[],[],[]],[[[0,"दो_गाडियाँ।",".mp3",1.123265],-1],0,0,[],[],[]],[[{"name":"l3_car","rect":[0,0,868,689],"offset":[0,0],"originalSize":[868,689],"capInsets":[0,0,0,0]}],[0],0,[0],[0],[19]],[[[0,"एक_नारंगी_टोपी।",".mp3",1.724082],-1],0,0,[],[],[]],[[[0,"तीन_गाडियाँ।",".mp3",1.097143],-1],0,0,[],[],[]],[["0,9729,9729,33071,33071,0,0,1",-1],[1],0,[],[],[]],[[{"name":"l1_tallboy","rect":[0,0,868,689],"offset":[0,0],"originalSize":[868,689],"capInsets":[0,0,0,0]}],[0],0,[0],[0],[20]],[[[0,"एक_नारंगी_शर्ट।",".mp3",1.802449],-1],0,0,[],[],[]],[["0,9729,9729,33071,33071,0,0,1",-1],[1],0,[],[],[]],[[{"name":"l1_bird","rect":[0,0,868,689],"offset":[0,0],"originalSize":[868,689],"capInsets":[0,0,0,0]}],[0],0,[0],[0],[21]],[[{"name":"l2_brownbear","rect":[0,0,868,689],"offset":[0,0],"originalSize":[868,689],"capInsets":[0,0,0,0]}],[0],0,[0],[0],[22]],[[[0,"एक_काला_भालू।",".mp3",1.515102],-1],0,0,[],[],[]],[[[0,"एक_भूरा_भालू।",".mp3",1.567347],-1],0,0,[],[],[]],[[[0,"छह",".mp3",0.496327],-1],0,0,[],[],[]],[[[0,"एक_बैंगनी_वर्ग।",".mp3",1.541224],-1],0,0,[],[],[]],[[{"name":"l1_tallgirl","rect":[0,0,868,689],"offset":[0,0],"originalSize":[868,689],"capInsets":[0,0,0,0]}],[0],0,[0],[0],[23]],[[[0,"तीन",".mp3",0.496327],-1],0,0,[],[],[]],[["0,9729,9729,33071,33071,0,0,1",-1],[1],0,[],[],[]],[[[0,"एक_छोटी_बिल्ली।",".mp3",1.48898],-1],0,0,[],[],[]],[[{"name":"l3_2cars","rect":[0,0,868,689],"offset":[0,0],"originalSize":[868,689],"capInsets":[0,0,0,0]}],[0],0,[0],[0],[24]],[[{"name":"l3_purplesquare","rect":[0,0,868,689],"offset":[0,0],"originalSize":[868,689],"capInsets":[0,0,0,0]}],[0],0,[0],[0],[25]],[[[0,"सात",".mp3",0.653061],-1],0,0,[],[],[]],[[[0,"एक",".mp3",0.496327],-1],0,0,[],[],[]],[["0,9729,9729,33071,33071,0,0,1",-1],[1],0,[],[],[]],[[[0,"एक_छोटा_चूहा।",".mp3",1.48898],-1],0,0,[],[],[]]]]