[1,["ebp4DOLstPD6r8lEl+XeP6"],["_textureSetter"],["cc.Texture2D","cc.SpriteFrame",["cc.AudioClip",["_name","_native","duration"],0],["cc.JsonAsset",["_name","json"],1]],[[2,0,1,2,4],[3,0,1,3]],[[[[0,"काकी_घरी_आली",".mp3",1.724082],-1],0,0,[],[],[]],[[[0,"काका_घरी_आला",".mp3",1.593469],-1],0,0,[],[],[]],[[[1,"mr0711",{"rows":[["createsentence","1","Description","काका/घरी/आला.","","family.png","काका_घरी_आला.mp3"],["createsentence","1","Description","मामा/घर/बघ.","","family.png","मामा_घर_बघ.mp3"],["createsentence","1","Description","काकी/घरी/आली.","","family.png","काकी_घरी_आली.mp3"],["createsentence","1","Description","मामा/घरी/आला.","","family.png","मामा_घरी_आला.mp3"],["quizliteracy","1","Description","soundonly_sentence","मामा घर बघ.","मामा घर बघ.","काकी घरी आली.","मामा घरी आला.","","","मामा_घर_बघ.mp3"],["quizliteracy","1","Description","sentence_sentence","काकी घरी आली.","मामा घरी आला.","मामा घर बघ.","काकी घरी आली.","","योग्य निवडा","काकी_घरी_आली.mp3"],["quizliteracy","1","Description","image_sentence","मामा घरी आला.","काकी घरी आली.","मामा घरी आला.","मामा घर बघ.","family.png","","मामा_घरी_आला.mp3"]]}]],0,0,[],[],[]],[[[0,"मामा_घरी_आला",".mp3",1.697959],-1],0,0,[],[],[]],[[[0,"मामा_घर_बघ",".mp3",1.541224],-1],0,0,[],[],[]],[["0,9729,9729,33071,33071,0,0,1",-1],[0],0,[],[],[]],[[{"name":"family","rect":[0,0,192,256],"offset":[0,0],"originalSize":[192,256],"capInsets":[0,0,0,0]}],[1],0,[0],[0],[0]]]]