[1,["e4ImjKEhZNGpWQyhtg4eHC","ceCrnhUPxCUKW8XXxu07/a","a1PeRdrDxBb6bMFUW/JlOg","65iMP1UDBG+I4XJ3+x8rU4","33vpU7I8lEqY20lEoXXyxS","1d9K7vm0VM+KnXhfnnGqIw","9dPGtVA+BA4JMHC4/kNCvp","d6N4EUpGZOIJIvQPDQX6OJ"],["_textureSetter"],["cc.SpriteFrame","cc.Texture2D",["cc.AudioClip",["_name","_native","duration"],0],["cc.JsonAsset",["_name","json"],1]],[[2,0,1,2,4],[3,0,1,3]],[[[{"name":"water","rect":[0,0,400,333],"offset":[0,0],"originalSize":[400,333],"capInsets":[0,0,0,0]}],[0],0,[0],[0],[0]],[["0,9729,9729,33071,33071,0,0,1",-1],[1],0,[],[],[]],[[[0,"light",".mp3",1.056],-1],0,0,[],[],[]],[[{"name":"light","rect":[0,0,400,267],"offset":[0,0],"originalSize":[400,267],"capInsets":[0,0,0,0]}],[0],0,[0],[0],[1]],[[{"name":"quail","rect":[0,0,400,363],"offset":[0,0],"originalSize":[400,363],"capInsets":[0,0,0,0]}],[0],0,[0],[0],[2]],[["0,9729,9729,33071,33071,0,0,1",-1],[1],0,[],[],[]],[["0,9729,9729,33071,33071,0,0,1",-1],[1],0,[],[],[]],[[{"name":"snake","rect":[0,0,512,196],"offset":[0,0],"originalSize":[512,196],"capInsets":[0,0,0,0]}],[0],0,[0],[0],[3]],[[{"name":"chair","rect":[64,16,74,117],"offset":[4.5,2],"originalSize":[193,153],"capInsets":[0,0,0,0]}],[0],0,[0],[0],[4]],[[{"name":"river","rect":[0,0,512,341],"offset":[0,0],"originalSize":[512,341],"capInsets":[0,0,0,0]}],[0],0,[0],[0],[5]],[[[0,"quail",".mp3",0.936],-1],0,0,[],[],[]],[["0,9729,9729,33071,33071,0,0,1",-1],[1],0,[],[],[]],[["0,9729,9729,33071,33071,0,0,1",-1],[1],0,[],[],[]],[[[0,"snake",".mp3",1.152],-1],0,0,[],[],[]],[[[1,"en2102",{"rows":[["writeword","1","Description","clock","clock.png","clock.mp3"],["writeword","1","Description","light","light.jpg","light.mp3"],["writeword","1","Description","quail","quail.png","quail.mp3"],["writeword","1","Description","snake","snake.png","snake.mp3"],["writeword","1","Description","river","river.png","river.mp3"],["writeword","1","Description","chair","chair.png","chair.mp3"],["writeword","1","Description","woman","woman.png","woman.mp3"],["writeword","1","Description","water","water.png","water.mp3"],["quizliteracy","1","Description","image_word","clock","river","light","clock","clock.png"],["quizliteracy","1","Description","soundonly_word","snake","stop","snail","snake","","","snake.mp3"],["quizliteracy","1","Description","image_word","river","light","clock","river","river.png"],["quizliteracy","1","Description","soundonly_word","chair","shop","church","chair","","","chair.mp3"],["quizliteracy","1","Description","image_word","water","soap","net","water","water.png"]]}]],0,0,[],[],[]],[[{"name":"woman","rect":[0,0,900,1235],"offset":[0,0],"originalSize":[900,1235],"capInsets":[0,0,0,0]}],[0],0,[0],[0],[6]],[[{"name":"clock","rect":[0,0,511,512],"offset":[0,0],"originalSize":[511,512],"capInsets":[0,0,0,0]}],[0],0,[0],[0],[7]],[[[0,"woman",".mp3",1.008],-1],0,0,[],[],[]],[["1,9729,9729,33071,33071,0,0,1",-1],[1],0,[],[],[]],[[[0,"chair",".mp3",0.888],-1],0,0,[],[],[]],[[[0,"water",".mp3",1.032],-1],0,0,[],[],[]],[["0,9729,9729,33071,33071,0,0,1",-1],[1],0,[],[],[]],[[[0,"river",".mp3",0.936],-1],0,0,[],[],[]],[["0,9729,9729,33071,33071,0,0,1",-1],[1],0,[],[],[]],[[[0,"clock",".mp3",0.888],-1],0,0,[],[],[]]]]