[1,["cbwYb7YvNGF5aDbY6TTOAO","09YxDM9vxJ7pO7SGPJLNwc","c1gj5lmzxIdLk97g6v7wuD","c2voCxxrVMxruD2tbGJIgX","53/h/VHrFHu6N4fhwGYPNe","fe7gLBtlVK9JXaTJnycVFY","bdVPvzmsZJlKUQfrWgZP9E"],["_textureSetter"],["cc.Texture2D","cc.SpriteFrame",["cc.AudioClip",["_name","_native","duration"],0],["cc.JsonAsset",["_name","json"],1]],[[2,0,1,2,4],[3,0,1,3]],[[["0,9729,9729,33071,33071,0,0,1",-1],[0],0,[],[],[]],[[{"name":"Friday","rect":[0,0,512,404],"offset":[0,0],"originalSize":[512,404],"capInsets":[0,0,0,0]}],[1],0,[0],[0],[0]],[[[0,"Sunday",".mp3",1.008],-1],0,0,[],[],[]],[[[0,"Saturday",".mp3",1.2],-1],0,0,[],[],[]],[[[0,"Tuesday",".mp3",1.104],-1],0,0,[],[],[]],[[{"name":"Tuesday","rect":[0,0,1060,837],"offset":[0,0],"originalSize":[1060,837],"capInsets":[0,0,0,0]}],[1],0,[0],[0],[1]],[[[0,"Monday",".mp3",0.984],-1],0,0,[],[],[]],[[{"name":"Wednesday","rect":[0,0,1060,837],"offset":[0,0],"originalSize":[1060,837],"capInsets":[0,0,0,0]}],[1],0,[0],[0],[2]],[["0,9729,9729,33071,33071,0,0,1",-1],[0],0,[],[],[]],[[[0,"Wednesday",".mp3",1.104],-1],0,0,[],[],[]],[[{"name":"Thursday","rect":[0,0,512,404],"offset":[0,0],"originalSize":[512,404],"capInsets":[0,0,0,0]}],[1],0,[0],[0],[3]],[[[0,"Friday",".mp3",1.056],-1],0,0,[],[],[]],[[{"name":"Monday","rect":[0,0,512,404],"offset":[0,0],"originalSize":[512,404],"capInsets":[0,0,0,0]}],[1],0,[0],[0],[4]],[[{"name":"Saturday","rect":[0,0,512,404],"offset":[0,0],"originalSize":[512,404],"capInsets":[0,0,0,0]}],[1],0,[0],[0],[5]],[["0,9729,9729,33071,33071,0,0,1",-1],[0],0,[],[],[]],[["0,9729,9729,33071,33071,0,0,1",-1],[0],0,[],[],[]],[["0,9729,9729,33071,33071,0,0,1",-1],[0],0,[],[],[]],[["0,9729,9729,33071,33071,0,0,1",-1],[0],0,[],[],[]],[[[1,"en3406",{"rows":[["writeword","1","Description","Sunday","Sunday.png","Sunday.mp3"],["writeword","1","Description","Monday","Monday.png","Monday.mp3"],["writeword","1","Description","Tuesday","Tuesday.png","Tuesday.mp3"],["writeword","1","Description","Wednesday","Wednesday.png","Wednesday.mp3"],["writeword","1","Description","Thursday","Thursday.png","Thursday.mp3"],["writeword","1","Description","Friday","Friday.png","Friday.mp3"],["writeword","1","Description","Saturday","Saturday.png","Saturday.mp3"],["quizliteracy","1","Description","word_word","Wed","Mon","Wed","Fri","","___nesday","Wednesday.mp3"],["quizliteracy","1","Description","soundonly_word","Sunday","Sunday","Thursday","Tuesday","","","Sunday.mp3"],["quizliteracy","1","Description","word_word","Sat","Tue","Wed","Sun","","___tuday","Saturday.mp3"]]}]],0,0,[],[],[]],[[[0,"Thursday",".mp3",1.104],-1],0,0,[],[],[]],[[{"name":"Sunday","rect":[0,0,512,404],"offset":[0,0],"originalSize":[512,404],"capInsets":[0,0,0,0]}],[1],0,[0],[0],[6]],[["0,9729,9729,33071,33071,0,0,1",-1],[0],0,[],[],[]]]]