[1,["cfRhDo2+9Hn4fLOJdvOxJw","0b8dSlMzJKtI5oBk3OLdJR","3aq0aAHi9HrLJQXRQ/yPhb","6034ci2epIZrHqf2mA2UZV","f3e+MdKQ1KxZi/8gwloLEA","24y4MNi29NOJOCrCLGMdeL","0cYGxsMOhH66HuSInL+ULC","39oQAVBWZNf5qHue3zUJUy"],["_textureSetter"],["cc.Texture2D","cc.SpriteFrame",["cc.AudioClip",["_name","_native","duration"],0],["cc.JsonAsset",["_name","json"],1]],[[2,0,1,2,4],[3,0,1,3]],[[[[0,"त",".mp3",0.444],-1],0,0,[],[],[]],[[[0,"पचपन",".mp3",0.940408],-1],0,0,[],[],[]],[["0,9729,9729,33071,33071,0,0,1",-1],[0],0,[],[],[]],[["0,9729,9729,33071,33071,0,0,1",-1],[0],0,[],[],[]],[[{"name":"बरतन","rect":[0,0,271,271],"offset":[0,0],"originalSize":[271,271],"capInsets":[0,0,0,0]}],[1],0,[0],[0],[0]],[[[0,"कटहल",".mp3",0.966531],-1],0,0,[],[],[]],[[[0,"अजगर",".mp3",0.809796],-1],0,0,[],[],[]],[[[0,"तज",".mp3",0.888],-1],0,0,[],[],[]],[["0,9729,9729,33071,33071,0,0,1",-1],[0],0,[],[],[]],[[[0,"सब",".mp3",0.816],-1],0,0,[],[],[]],[[[0,"तट",".mp3",0.72],-1],0,0,[],[],[]],[[{"name":"पचपन","rect":[0,0,271,271],"offset":[0,0],"originalSize":[271,271],"capInsets":[0,0,0,0]}],[1],0,[0],[0],[1]],[["0,9729,9729,33071,33071,0,0,1",-1],[0],0,[],[],[]],[["0,9729,9729,33071,33071,0,0,1",-1],[0],0,[],[],[]],[[[0,"सर",".mp3",0.816],-1],0,0,[],[],[]],[[[0,"सज",".mp3",0.96],-1],0,0,[],[],[]],[["0,9729,9729,33071,33071,0,0,1",-1],[0],0,[],[],[]],[[{"name":"अजगर","rect":[0,0,271,271],"offset":[0,0],"originalSize":[271,271],"capInsets":[0,0,0,0]}],[1],0,[0],[0],[2]],[[[0,"तखत",".mp3",0.653061],-1],0,0,[],[],[]],[[{"name":"शरबत","rect":[0,0,271,271],"offset":[0,0],"originalSize":[271,271],"capInsets":[0,0,0,0]}],[1],0,[0],[0],[3]],[[{"name":"कटहल","rect":[0,0,271,271],"offset":[0,0],"originalSize":[271,271],"capInsets":[0,0,0,0]}],[1],0,[0],[0],[4]],[[[0,"बरतन",".mp3",0.940408],-1],0,0,[],[],[]],[[[0,"ख",".mp3",0.5225],-1],0,0,[],[],[]],[[[0,"गरदन",".mp3",0.992653],-1],0,0,[],[],[]],[[{"name":"खटमल","rect":[0,0,271,271],"offset":[0,0],"originalSize":[271,271],"capInsets":[0,0,0,0]}],[1],0,[0],[0],[5]],[[[0,"शरबत",".mp3",0.757551],-1],0,0,[],[],[]],[[[0,"अदरक",".mp3",0.679184],-1],0,0,[],[],[]],[["0,9729,9729,33071,33071,0,0,1",-1],[0],0,[],[],[]],[[[0,"खटमल",".mp3",0.809796],-1],0,0,[],[],[]],[[[0,"तन",".mp3",0.816],-1],0,0,[],[],[]],[[[1,"hi0404",{"rows":[["phonictractor","1","Description","6","तखत","तखत.mp3","त","त.mp3","ख","ख.mp3","त","त.mp3"],["grid","1","Description","त","ज,न,ट"],["grid","1","Description","स","ज,र,ब"],["rocket","1","Description","पचपन","प,च,प,न","प,च,प,न","पचपन.mp3","पचपन.png","false ","true "],["rocket","1","Description","कटहल","क,ट,ह,ल","क,ट,ह,ल","कटहल.mp3","कटहल.png","false ","true "],["rocket","1","Description","खटमल","ख,ट,म,ल","ख,ट,म,ल","खटमल.mp3","खटमल.png","false ","true "],["rocket","1","Description","बरतन","ब,र,त,न","ब,र,त,न","बरतन.mp3","बरतन.png","false ","true "],["rocket","1","Description","अजगर","अ,ज,ग,र","अ,ज,ग,र","अजगर.mp3","अजगर.png","false ","true "],["rocket","1","Description","शरबत","श,र,ब,त","श,र,ब,त","शरबत.mp3","शरबत.png","false ","true "],["rocket","1","Description","अदरक","अ,द,र,क","अ,द,र,क","अदरक.mp3","अदरक.png","false ","true "],["rocket","1","Description","गरदन","ग,र,द,न","ग,र,द,न","गरदन.mp3","गरदन.png","false ","true "],["quizliteracy","1","Description","soundonly_word","पचपन","पचपन","अजगर","गरदन","","","पचपन.mp3"],["quizliteracy","1","Description","image_word","अजगर","गरदन","पचपन","अजगर","अजगर.png"],["quizliteracy","1","Description","soundonly_word","गरदन","अजगर","गरदन","पचपन","","","गरदन.mp3"]]}]],0,0,[],[],[]],[[{"name":"अदरक","rect":[0,0,271,271],"offset":[0,0],"originalSize":[271,271],"capInsets":[0,0,0,0]}],[1],0,[0],[0],[6]],[["0,9729,9729,33071,33071,0,0,1",-1],[0],0,[],[],[]],[[{"name":"गरदन","rect":[0,0,271,271],"offset":[0,0],"originalSize":[271,271],"capInsets":[0,0,0,0]}],[1],0,[0],[0],[7]]]]