[1,["2eBfMcW1lDeauNw930hE44","b1kMQa8s1G4bKUrxY4kL3f","9a3SsYc4ROAq8BXq79/BUT","b2kQ3+zthMjarvDEF3kq8s","e8Awku0sVAEp/wrHjb9XfY","69GKSooF9Iroev2bBTPApp","520lRlsqRMRojagw2z4uPY","b93dTCJgtBXZi70Jr5P7pt","a0A896PkZJ+ZrS/xnuUZMo","d7Wb/IlQRJhavFvFp1tw+o","2ffo82ExlG7Lu2uMBr6j2v","1cn6+GGBNOBop8aQAibSWS","03bNWOSmBIxqydXbuiBryD","90L0s9H71CVLlSeWCBaf7O","753wM2qxJHgqgNjgf5ZZF5","efhpKTAu9HdKlXw73XiMAv","6bpS3QO0VC9abJkVimNd21","56lIX9PhVB/Iv5OawkrAD0","a5q95ZCSNDxpxT8oNvT28n","66YUqpIIxM76dAR4akt2aP","b6/wP8r9hLr4Uxkhw6hhOX","dfbvoMH7tI351FP6EXy2Zx","876Ne/gTVIu77HznvbVdWz","e5p6CmWrBMBquCFaqwGMXF","039vEDpqVCx79UTWFeAbCQ","bchvXdNqZGsoesDG86hKdE","10pToAAeJLu5di1rH3Crkm","eezSd8uNZEKpannWxToqvV","dcUO6BTPRE87jAmsJpKEC/","4dukq6QdNFy6nbM0Ny09rY","8bzbhJBatBRJ85sQRbwNMN","e4ywVsJItCzJSqn2zgcfN6","65ukYsBfVMcJKfyFdkme0h"],["_textureSetter"],["cc.SpriteFrame","cc.Texture2D",["cc.JsonAsset",["_name","json"],1]],[[2,0,1,3]],[[[{"name":"matchinggame_parallelogram_1_large","rect":[6,34,178,84],"offset":[0,-1],"originalSize":[190,150],"capInsets":[0,0,0,0]}],[0],0,[0],[0],[0]],[["0,9729,9729,33071,33071,0,0,1",-1],[1],0,[],[],[]],[["0,9729,9729,33071,33071,0,0,1",-1],[1],0,[],[],[]],[["0,9729,9729,33071,33071,0,0,1",-1],[1],0,[],[],[]],[[{"name":"longcube_diagonal","rect":[0,0,355,325],"offset":[0,0],"originalSize":[355,325],"capInsets":[0,0,0,0]}],[0],0,[0],[0],[1]],[[{"name":"cone_blue","rect":[0,2,254,283],"offset":[0,-1],"originalSize":[254,285],"capInsets":[0,0,0,0]}],[0],0,[0],[0],[2]],[[{"name":"matchinggame_rhombus_2_large","rect":[23,3,144,144],"offset":[0,0],"originalSize":[190,150],"capInsets":[0,0,0,0]}],[0],0,[0],[0],[3]],[[{"name":"cylinder_diagonal","rect":[0,0,330,330],"offset":[0,0],"originalSize":[330,330],"capInsets":[0,0,0,0]}],[0],0,[0],[0],[4]],[["0,9729,9729,33071,33071,0,0,1",-1],[1],0,[],[],[]],[[{"name":"matchinggame_oval_2_small","rect":[66,39,59,72],"offset":[0.5,0],"originalSize":[190,150],"capInsets":[0,0,0,0]}],[0],0,[0],[0],[5]],[[{"name":"cube_blue","rect":[0,0,282,291],"offset":[0,0],"originalSize":[282,291],"capInsets":[0,0,0,0]}],[0],0,[0],[0],[6]],[[{"name":"matchinggame_hexagon_2_medium","rect":[36,28,117,102],"offset":[-0.5,-4],"originalSize":[190,150],"capInsets":[0,0,0,0]}],[0],0,[0],[0],[7]],[[{"name":"matchinggame_hexagon_2_large","rect":[16,7,158,137],"offset":[0,-0.5],"originalSize":[190,150],"capInsets":[0,0,0,0]}],[0],0,[0],[0],[8]],[["0,9729,9729,33071,33071,0,0,1",-1],[1],0,[],[],[]],[["0,9729,9729,33071,33071,0,0,1",-1],[1],0,[],[],[]],[[{"name":"matchinggame_parallelogram_2_small","rect":[42,52,104,52],"offset":[-1,-3],"originalSize":[190,150],"capInsets":[0,0,0,0]}],[0],0,[0],[0],[9]],[[{"name":"matchinggame_oval_1_medium","rect":[55,22,80,106],"offset":[0,0],"originalSize":[190,150],"capInsets":[0,0,0,0]}],[0],0,[0],[0],[10]],[[{"name":"cap","rect":[20,3,250,312],"offset":[1,1],"originalSize":[288,320],"capInsets":[0,0,0,0]}],[0],0,[0],[0],[11]],[[{"name":"matchinggame_rhombus_1_large","rect":[24,4,142,142],"offset":[0,0],"originalSize":[190,150],"capInsets":[0,0,0,0]}],[0],0,[0],[0],[12]],[[{"name":"matchinggame_parallelogram_2_medium","rect":[26,47,134,62],"offset":[-2,-3],"originalSize":[190,150],"capInsets":[0,0,0,0]}],[0],0,[0],[0],[13]],[[{"name":"battery","rect":[2,5,208,314],"offset":[-1,-2],"originalSize":[214,320],"capInsets":[0,0,0,0]}],[0],0,[0],[0],[14]],[["0,9729,9729,33071,33071,0,0,1",-1],[1],0,[],[],[]],[[{"name":"matchinggame_oval_2_medium","rect":[54,22,82,106],"offset":[0,0],"originalSize":[190,150],"capInsets":[0,0,0,0]}],[0],0,[0],[0],[15]],[["0,9729,9729,33071,33071,0,0,1",-1],[1],0,[],[],[]],[["0,9729,9729,33071,33071,0,0,1",-1],[1],0,[],[],[]],[[{"name":"matchinggame_rhombus_2_small","rect":[58,41,75,72],"offset":[0.5,-2],"originalSize":[190,150],"capInsets":[0,0,0,0]}],[0],0,[0],[0],[16]],[[{"name":"matchinggame_hexagon_2_small","rect":[56,44,77,71],"offset":[-0.5,-4.5],"originalSize":[190,150],"capInsets":[0,0,0,0]}],[0],0,[0],[0],[17]],[["0,9729,9729,33071,33071,0,0,1",-1],[1],0,[],[],[]],[["0,9729,9729,33071,33071,0,0,1",-1],[1],0,[],[],[]],[[{"name":"sphere_blue","rect":[0,0,300,300],"offset":[0,0],"originalSize":[300,300],"capInsets":[0,0,0,0]}],[0],0,[0],[0],[18]],[[{"name":"matchinggame_oval_2_large","rect":[40,3,110,145],"offset":[0,-0.5],"originalSize":[190,150],"capInsets":[0,0,0,0]}],[0],0,[0],[0],[19]],[[{"name":"matchinggame_parallelogram_2_large","rect":[5,34,180,84],"offset":[0,-1],"originalSize":[190,150],"capInsets":[0,0,0,0]}],[0],0,[0],[0],[20]],[["0,9729,9729,33071,33071,0,0,1",-1],[1],0,[],[],[]],[["0,9729,9729,33071,33071,0,0,1",-1],[1],0,[],[],[]],[[{"name":"longcube_purple","rect":[0,0,254,343],"offset":[0,0],"originalSize":[254,343],"capInsets":[0,0,0,0]}],[0],0,[0],[0],[21]],[["0,9729,9729,33071,33071,0,0,1",-1],[1],0,[],[],[]],[["0,9729,9729,33071,33071,0,0,1",-1],[1],0,[],[],[]],[[{"name":"star_purple","rect":[0,0,203,279],"offset":[0,0],"originalSize":[203,279],"capInsets":[0,0,0,0]}],[0],0,[0],[0],[22]],[["0,9729,9729,33071,33071,0,0,1",-1],[1],0,[],[],[]],[[{"name":"cone_purple","rect":[0,2,254,283],"offset":[0,-1],"originalSize":[254,285],"capInsets":[0,0,0,0]}],[0],0,[0],[0],[23]],[["0,9729,9729,33071,33071,0,0,1",-1],[1],0,[],[],[]],[["0,9729,9729,33071,33071,0,0,1",-1],[1],0,[],[],[]],[["0,9729,9729,33071,33071,0,0,1",-1],[1],0,[],[],[]],[["0,9729,9729,33071,33071,0,0,1",-1],[1],0,[],[],[]],[[{"name":"matchinggame_rhombus_2_medium","rect":[36,18,119,118],"offset":[0.5,-2],"originalSize":[190,150],"capInsets":[0,0,0,0]}],[0],0,[0],[0],[24]],[[{"name":"matchinggame_hexagon_1_large","rect":[13,4,164,143],"offset":[0,-0.5],"originalSize":[190,150],"capInsets":[0,0,0,0]}],[0],0,[0],[0],[25]],[["0,9729,9729,33071,33071,0,0,1",-1],[1],0,[],[],[]],[["0,9729,9729,33071,33071,0,0,1",-1],[1],0,[],[],[]],[["0,9729,9729,33071,33071,0,0,1",-1],[1],0,[],[],[]],[["0,9729,9729,33071,33071,0,0,1",-1],[1],0,[],[],[]],[["0,9729,9729,33071,33071,0,0,1",-1],[1],0,[],[],[]],[[{"name":"cone_diagonal","rect":[0,0,289,289],"offset":[-0.5,0.5],"originalSize":[290,290],"capInsets":[0,0,0,0]}],[0],0,[0],[0],[26]],[[{"name":"orange","rect":[0,0,400,333],"offset":[0,0],"originalSize":[400,333],"capInsets":[0,0,0,0]}],[0],0,[0],[0],[27]],[[{"name":"star_diagonal","rect":[0,0,333,332],"offset":[0,0],"originalSize":[333,332],"capInsets":[0,0,0,0]}],[0],0,[0],[0],[28]],[[{"name":"cylinder_purple","rect":[0,0,213,320],"offset":[0,0],"originalSize":[213,320],"capInsets":[0,0,0,0]}],[0],0,[0],[0],[29]],[[{"name":"cylinder_blue","rect":[0,0,210,314],"offset":[0,0],"originalSize":[210,314],"capInsets":[0,0,0,0]}],[0],0,[0],[0],[30]],[[[0,"maths1311",{"rows":[["shapepair","1","Description","image","image","matchinggame_hexagon_1_large.png","matchinggame_hexagon_2_medium.png","hexagon.mp3","matchinggame_parallelogram_1_large.png","matchinggame_parallelogram_2_medium.png","parallelogram.mp3","matchinggame_rhombus_1_large.png","matchinggame_rhombus_2_medium.png","rhombus.mp3","matchinggame_oval_1_large.png","matchinggame_oval_2_medium.png","oval.mp3"],["matchbox","1","Description","8","cone_blue.png","cube_blue.png","cylinder_blue.png","sphere_blue.png","cap.png","present.png","battery.png","orange.png"],["matchbox","1","Description","8","cylinder_purple.png","cone_purple.png","longcube_purple.png","star_purple.png","cylinder_diagonal.png","cone_diagonal.png","longcube_diagonal.png","star_diagonal.png"],["shapepair","1","Description","image","image","matchinggame_rhombus_1_large.png","matchinggame_rhombus_2_medium.png","rhombus.mp3","matchinggame_parallelogram_1_large.png","matchinggame_parallelogram_2_medium.png","parallelogram.mp3","matchinggame_hexagon_1_large.png","matchinggame_hexagon_1_large.png","hexagon.mp3","matchinggame_oval_1_medium.png","matchinggame_oval_2_medium.png","oval.mp3"],["quizmaths","1","Description","shapes","trapezoid","pentagon","hexagon","parallelogram","trapezoid","which","which_is_a_trapezoid.mp3","Which is a trapezoid?"],["quizmaths","1","Description","shapes","pentagon","hexagon","parallelogram","trapezoid","pentagon","what","what_is_this_shape.mp3","What is this shape?"],["quizmaths","1","Description","shapes","circle","square","triangle","rectangle","circle","what","what_is_this_shape.mp3","What is this shape?"]]}]],0,0,[],[],[]],[["0,9729,9729,33071,33071,0,0,1",-1],[1],0,[],[],[]],[[{"name":"present","rect":[8,22,263,252],"offset":[-1.5,-6],"originalSize":[282,284],"capInsets":[0,0,0,0]}],[0],0,[0],[0],[31]],[["0,9729,9729,33071,33071,0,0,1",-1],[1],0,[],[],[]],[[{"name":"matchinggame_oval_1_large","rect":[40,4,110,143],"offset":[0,-0.5],"originalSize":[190,150],"capInsets":[0,0,0,0]}],[0],0,[0],[0],[32]],[["0,9729,9729,33071,33071,0,0,1",-1],[1],0,[],[],[]],[["0,9729,9729,33071,33071,0,0,1",-1],[1],0,[],[],[]],[["0,9729,9729,33071,33071,0,0,1",-1],[1],0,[],[],[]],[["0,9729,9729,33071,33071,0,0,1",-1],[1],0,[],[],[]],[["0,9729,9729,33071,33071,0,0,1",-1],[1],0,[],[],[]],[["0,9729,9729,33071,33071,0,0,1",-1],[1],0,[],[],[]]]]