[1,["ab0ElQ445MXr5m4rdLmS2T"],["_textureSetter"],["cc.SpriteFrame","cc.Texture2D",["cc.AudioClip",["_name","_native","duration"],0],["cc.JsonAsset",["_name","json"],1]],[[2,0,1,2,4],[3,0,1,3]],[[[[0,"पहले_आप_एक_बलवान_लडके_थे",".mp3",4.032],-1],0,0,[],[],[]],[[[0,"प्रतीक_ने_तब_दरवाज़ा_खोला",".mp3",2.568],-1],0,0,[],[],[]],[[[1,"hi1607",{"rows":[["createsentence","1","Description","मगरमच्छ/तैर/गया।","","The_crocodileswims.jpg","मगरमच्छ_तैर_गया.mp3"],["fillblank","1","Description","दिशा ने पिछले हफ़्ते अपने पिता की [मदद] की।","दिशा_ने_पिछले_हफ्ते_अपने_पिता_की_मदद_की.mp3","पूजा  ","छलना","चित्रकारी","15"],["fillblank","1","Description","वह तब एक डॉक्टर [थे]।","वह_तब_एक_डॉक्टर_थे.mp3","है","था ","रहे","10"],["fillblank","1","Description","कल कमरे में गेंद [थी]।","कल_कमरे_में_गेंद_थी.mp3","था ","है","रहा  ","15"],["fillblank","1","Description","मेरा कुत्ता पिछले साल बहुत छोटा [था]।","मेरा_कुत्ता_पिछले_साल_बहुत_छोटा_था.mp3","है","थी ","रहा  ","15"],["fillblank","1","Description","पहले  आप एक  बलवान लड़के [थे]।","पहले_आप_एक_बलवान_लडके_थे.mp3","थी","है","था","15"],["fillblank","1","Description","वह पिछले साल एक शिक्षिका [थी]।","वह_पिछले_साल_एक_शिक्षिका_थी.mp3","है","थे","था","15"],["fillblank","1","Description","पिछले हफ़्ते केला हरा [था]।","पिछले_हफ्ते_केला_हरा_था.mp3","है","थे","थी","15"],["fillblank","1","Description","मेरे परिवार ने कल घर की [सफ़ाई] की।","मेरे_परिवार_ने_कल_घर_की_सफाई_की.mp3","धुलाई ","पूजा ","मरम्मत","15"],["fillblank","1","Description","प्रतीक ने तब दरवाज़ा [खोला]।","प्रतीक_ने_तब_दरवाज़ा_खोला.mp3","देखा  ","पकड़ा","छुआ","15"],["fillblank","1","Description","उस आदमी ने कल अपनी कार [धो] दी।","उस_आदमी_ने_कल_अपनी_कार_धो_दी.mp3","बेच  ","तोड़","रख","15"],["fillblank","1","Description","अखिल कल डरा हुआ [दिख] रहा था।","अखिल_कल_डरा_हुआ_दिख_रहा_था.mp3","सो ","रो","भाग","15"],["quizliteracy","1","Description","sentence_sentence","थे","रहे","हैं","थे","","वह तब एक डॉक्टर ___।","वह_तब_एक_डॉक्टर_थे.mp3"],["quizliteracy","1","Description","sentence_sentence","था","था","थी ","हैं","","मेरा कुत्ता पिछले साल बहुत छोटा __।","मेरा_कुत्ता_पिछले_साल_बहुत_छोटा_था.mp3"],["quizliteracy","1","Description","sentence_sentence","खोला","पकड़ा","खोला","भाग","","प्रतीक ने तब दरवाज़ा ____।","प्रतीक_ने_तब_दरवाज़ा_खोला.mp3"]]}]],0,0,[],[],[]],[[[0,"वह_पिछले_साल_एक_शिक्षिका_थी",".mp3",2.481633],-1],0,0,[],[],[]],[[[0,"उस_आदमी_ने_कल_अपनी_कार_धो_दी",".mp3",3.160816],-1],0,0,[],[],[]],[[[0,"प्रतिक_ने_तब_दरवाजा_खोला",".mp3",2.324898],-1],0,0,[],[],[]],[[[0,"कल_कमरे_में_गेंद_थी",".mp3",2.064],-1],0,0,[],[],[]],[[{"name":"The_crocodileswims","rect":[0,0,1073,770],"offset":[0,0],"originalSize":[1073,770],"capInsets":[0,0,0,0]}],[0],0,[0],[0],[0]],[[[0,"वह_तब_एक_डॉक्टर_थे",".mp3",2.142041],-1],0,0,[],[],[]],[[[0,"दिशा_ने_पिछले_हफ्ते_अपने_पिता_की_मदद_की",".mp3",4.075102],-1],0,0,[],[],[]],[["1,9729,9729,33071,33071,0,0,1",-1],[1],0,[],[],[]],[[[0,"मेरे_परिवार_ने_कल_घर_की_सफाई_की",".mp3",3.500408],-1],0,0,[],[],[]],[[[0,"अखिल_कल_डरा_हुआ_दिख_रहा_था",".mp3",2.507755],-1],0,0,[],[],[]],[[[0,"मेरा_कुत्ता_पिछले_साल_बहुत_छोटा_था",".mp3",3.317551],-1],0,0,[],[],[]],[[[0,"पिछले_हफ्ते_केला_हरा_था",".mp3",2.142041],-1],0,0,[],[],[]],[[[0,"मगरमच्छ_तैर_गया",".mp3",1.462857],-1],0,0,[],[],[]],[[[0,"कल_कमरे_में_गेंद_थे",".mp3",2.011429],-1],0,0,[],[],[]]]]