[1,["76NMmBPkJDH4seGHjYFzpC","d51gr3yJFMd4YSoPvQ1JbM","feGAjgmURAhqDuaiEGEeQ7","54vNG9/MNElJnaw0e6maG9"],["_textureSetter"],["cc.SpriteFrame","cc.Texture2D",["cc.AudioClip",["_name","_native","duration"],0],["cc.JsonAsset",["_name","json"],1]],[[2,0,1,2,4],[3,0,1,3]],[[[{"name":"sawcutting","rect":[0,0,800,450],"offset":[0,0],"originalSize":[800,450],"capInsets":[0,0,0,0]}],[0],0,[0],[0],[0]],[[[0,"ಗರಗಸದ ಗರಗರ",".mp3",1.44],-1],0,0,[],[],[]],[[{"name":"citypeople","rect":[0,0,800,532],"offset":[0,0],"originalSize":[800,532],"capInsets":[0,0,0,0]}],[0],0,[0],[0],[1]],[[[0,"ವನದ ಮರ",".mp3",0.936],-1],0,0,[],[],[]],[[[0,"ನಗರದ ಜನ",".mp3",1.104],-1],0,0,[],[],[]],[[[1,"kn0108",{"rows":[["createsentence","1","Description","ಅರಸರ/ದಸರ","","dasara.png","ಅರಸರ ದಸರ.mp3"],["createsentence","1","Description","ಗರಗಸದ/ಗರಗರ","","sawcutting.png","ಗರಗಸದ ಗರಗರ.mp3"],["createsentence","1","Description","ನಗರದ/ಜನ","","citypeople.png","ನಗರದ ಜನ.mp3"],["createsentence","1","Description","ವನದ/ಮರ","","bigtree.png","ವನದ ಮರ.mp3"],["quizliteracy","1","Description","soundonly_sentence","ಅರಸರ ದಸರ","ಅರಸರ ದಸರ","ವನದ ಮರ","ಗರಗಸದ ಗರಗರ","","","ಅರಸರ ದಸರ.mp3"],["quizliteracy","1","Description","sentence_sentence","ನಗರದ ಜನ","ನಜರಜ ರನ","ಜಜನದ ನಮ","ನಗರದ ಜನ","","ಸರಿಯಾದದನ್ನು ಆರಿಸಿ","ನಗರದ ಜನ.mp3"],["quizliteracy","1","Description","image_sentence","ವನದ ಮರ","ನಗರದ ಜನ","ವನದ ಮರ","ಗರಗಸದ ಗರಗರ","bigtree.png","","ವನದ ಮರ.mp3"]]}]],0,0,[],[],[]],[["0,9729,9729,33071,33071,0,0,1",-1],[1],0,[],[],[]],[[{"name":"dasara","rect":[0,0,800,533],"offset":[0,0],"originalSize":[800,533],"capInsets":[0,0,0,0]}],[0],0,[0],[0],[2]],[[[0,"ಅರಸರ ದಸರ",".mp3",1.2],-1],0,0,[],[],[]],[[[0,"ಸರಿಯಾದದನ್ನು ಆರಿಸಿ",".mp3",1.704],-1],0,0,[],[],[]],[["0,9729,9729,33071,33071,0,0,1",-1],[1],0,[],[],[]],[["0,9729,9729,33071,33071,0,0,1",-1],[1],0,[],[],[]],[[{"name":"bigtree","rect":[0,0,600,800],"offset":[0,0],"originalSize":[600,800],"capInsets":[0,0,0,0]}],[0],0,[0],[0],[3]],[["0,9729,9729,33071,33071,0,0,1",-1],[1],0,[],[],[]]]]