[1,["69+yARz0FJQ7eu6MglGbzz","db5I+QcndCz5eTxmjOB63F","932NUoYy5HKbqVtv++HeJC","d9Dqm8QcNE/I8UWdy6OFhN","74JP+DcHxJTaeBQNT67kye","7aiy24CkpL7p+2uoTbPV7S","5fFAgKHOVHIpAse7pWM3/R","b7/i3elSFGn5F5XdIOOB5V"],["_textureSetter"],["cc.SpriteFrame","cc.Texture2D",["cc.AudioClip",["_name","_native","duration"],0],["cc.JsonAsset",["_name","json"],1]],[[2,0,1,2,4],[3,0,1,3]],[[[{"name":"ap2_puzzle8_rabbit_puzzle","rect":[4,1,210,379],"offset":[0,4],"originalSize":[218,389],"capInsets":[0,0,0,0]}],[0],0,[0],[0],[0]],[[{"name":"ap2_puzzle8_background","rect":[0,0,802,432],"offset":[0,0],"originalSize":[802,432],"capInsets":[0,0,0,0]}],[0],0,[0],[0],[1]],[["0,9729,9729,33071,33071,0,0,1",-1],[1],0,[],[],[]],[[[0,"cow",".mp3",0.7315],-1],0,0,[],[],[]],[["0,9729,9729,33071,33071,0,0,1",-1],[1],0,[],[],[]],[[{"name":"ap2_puzzle8_flower_puzzle","rect":[3,3,125,266],"offset":[-0.5,3.5],"originalSize":[132,279],"capInsets":[0,0,0,0]}],[0],0,[0],[0],[2]],[["1,9729,9729,33071,33071,0,0,1",-1],[1],0,[],[],[]],[["0,9729,9729,33071,33071,0,0,1",-1],[1],0,[],[],[]],[["0,9729,9729,33071,33071,0,0,1",-1],[1],0,[],[],[]],[[{"name":"ap_puzzle7_cow2_puzzle","rect":[4,4,191,239],"offset":[0.5,3],"originalSize":[198,253],"capInsets":[0,0,0,0]}],[0],0,[0],[0],[3]],[[[1,"pictureboard0018",{"rows":[["pictureboard","1","Description","Cow","ap_puzzle7_background.jpg","4","_ap_puzzle7_mask","cow.mp3","ap_puzzle7_cow1_puzzle.png","436","580","","ap_puzzle7_cow2_puzzle.png","760","22","","ap_puzzle7_cow3_puzzle.png","1184","580","","ap_puzzle7_cow4_puzzle.png","1302","72"]]}]],0,0,[],[],[]],[[{"name":"ap_puzzle7_background","rect":[0,0,802,432],"offset":[0,0],"originalSize":[802,432],"capInsets":[0,0,0,0]}],[0],0,[0],[0],[4]],[["0,9729,9729,33071,33071,0,0,1",-1],[1],0,[],[],[]],[[[0,"rabbit_and_flower",".mp3",2.56],-1],0,0,[],[],[]],[[{"name":"ap_puzzle7_cow1_puzzle","rect":[3,4,269,184],"offset":[0.5,4],"originalSize":[274,200],"capInsets":[0,0,0,0]}],[0],0,[0],[0],[5]],[["0,9729,9729,33071,33071,0,0,1",-1],[1],0,[],[],[]],[["1,9729,9729,33071,33071,0,0,1",-1],[1],0,[],[],[]],[[{"name":"ap_puzzle7_cow3_puzzle","rect":[2,7,193,141],"offset":[-1,2.5],"originalSize":[199,160],"capInsets":[0,0,0,0]}],[0],0,[0],[0],[6]],[[{"name":"ap_puzzle7_cow4_puzzle","rect":[4,1,192,217],"offset":[0.5,4.5],"originalSize":[199,228],"capInsets":[0,0,0,0]}],[0],0,[0],[0],[7]]]]