[1,["1cmcLE1rpGM4043RrthdxJ","95BY2X7hFOhIFLTEvR221w"],["_textureSetter"],["cc.Texture2D","cc.SpriteFrame",["cc.AudioClip",["_name","_native","duration"],0],["cc.JsonAsset",["_name","json"],1]],[[2,0,1,2,4],[3,0,1,3]],[[["0,9729,9729,33071,33071,0,0,1",-1],[0],0,[],[],[]],[[[0,"ಇರುವೆಗಳ ಪಯಣ ಗೂಡಿನ ಕಡೆಗೆ",".mp3",2.088],-1],0,0,[],[],[]],[[[0,"ಈ ದಿನ ವಿಮಲೆಯ ಶಾಲೆಗೇ ರಜೆ ಇದೆ",".mp3",2.424],-1],0,0,[],[],[]],[["0,9729,9729,33071,33071,0,0,1",-1],[0],0,[],[],[]],[[{"name":"school_holiday","rect":[0,0,800,530],"offset":[0,0],"originalSize":[800,530],"capInsets":[0,0,0,0]}],[1],0,[0],[0],[0]],[[{"name":"ants","rect":[0,0,800,533],"offset":[0,0],"originalSize":[800,533],"capInsets":[0,0,0,0]}],[1],0,[0],[0],[1]],[[[1,"kn4306",{"rows":[["createsentence","1","Description","ಈ/ದಿನ/ವಿಮಲೆಯ/ಶಾಲೆಗೆ/ರಜೆ/ಇದೆ","","school_holiday.png","ಈ ದಿನ ವಿಮಲೆಯ ಶಾಲೆಗೇ ರಜೆ ಇದೆ.mp3"],["createsentence","1","Description","ಇರುವೆಗಳ/ಪಯಣ/ಗೂಡಿನ/ಕಡೆಗೆ","","ants.png","ಇರುವೆಗಳ ಪಯಣ ಗೂಡಿನ ಕಡೆಗೆ.mp3"],["quizliteracy","1","Description","image_sentence","ಈ ದಿನ ವಿಮಲೆಯ ಶಾಲೆಗೆ ರಜೆ ಇದೆ","ನದಿಯ ಬಳಿ ಋಷಿಯ ಕುಟೀರ","ಇರುವೆಗಳ ಪಯಣ ಗೂಡಿನ ಕಡೆಗೆ","ಈ ದಿನ ವಿಮಲೆಯ ಶಾಲೆಗೆ ರಜೆ ಇದೆ","school_holiday.png","","ಈ ದಿನ ವಿಮಲೆಯ ಶಾಲೆಗೇ ರಜೆ ಇದೆ.mp3"],["quizliteracy","1","Description","sentence_sentence","ಇರುವೆಗಳ ಪಯಣ ಗೂಡಿನ ಕಡೆಗೆ","ಇರುವೆಗಳ ಪಯಣ ಗೂಡಿನ ಕಡೆಗೆ","ಇರುವೆಗಳ ಗೂಡಿನ ಪಯಣ ಕಡೆಗೆ","ಕಡೆಗೆ ಗೂಡಿನ ಪಯಣ ಇರುವೆಗಳ","","ಸರಿಯಾದದನ್ನು ಆರಿಸಿ","ಇರುವೆಗಳ ಪಯಣ ಗೂಡಿನ ಕಡೆಗೆ.mp3"],["quizliteracy","1","Description","soundonly_sentence","ಇರುವೆಗಳ ಪಯಣ ಗೂಡಿನ ಕಡೆಗೆ","ನದಿಯ ಬಳಿ ಋಷಿಯ ಕುಟೀರ","ಇರುವೆಗಳ ಪಯಣ ಗೂಡಿನ ಕಡೆಗೆ","ಈ ದಿನ ವಿಮಲೆಯ ಶಾಲೆಗೆ ರಜೆ ಇದೆ","","","ಇರುವೆಗಳ ಪಯಣ ಗೂಡಿನ ಕಡೆಗೆ.mp3"]]}]],0,0,[],[],[]]]]