[1,["a36hrQb+dAALYFC3cz+vtI","298Eg/bexLhrkasNOUFsIg","61qb5QusVGTJA2XdyoUXHv","f0LxjT5k5PHqBy2CuB5Xyg","39KYDHabVIf7fSHcOnYBl5","d1dUpeQ/dA1oZptHLwMp1a","d5fCBUudJDx56yYGu/xsjy","9fWcvMXdlIkacw6CfGba0C","10phQw5ZNBhZZrjVYmPGOt","1165yCh2RD2KIqyahuJPoi","afQIzgiH1GfqewEHovgXQs","32ZDwqFmBK5L32gBdlXQ+x"],["_textureSetter"],["cc.SpriteFrame","cc.Texture2D",["cc.JsonAsset",["_name","json"],1]],[[2,0,1,3]],[[[{"name":"star_purple","rect":[0,1,297,282],"offset":[0,-0.5],"originalSize":[297,283],"capInsets":[0,0,0,0]}],[0],0,[0],[0],[0]],[["0,9729,9729,33071,33071,0,0,1",-1],[1],0,[],[],[]],[["0,9729,9729,33071,33071,0,0,1",-1],[1],0,[],[],[]],[[{"name":"packman_purple","rect":[0,0,266,307],"offset":[0,0],"originalSize":[266,307],"capInsets":[0,0,0,0]}],[0],0,[0],[0],[1]],[[{"name":"packman_zigzag1","rect":[15,1,251,223],"offset":[7.5,41],"originalSize":[266,307],"capInsets":[0,0,0,0]}],[0],0,[0],[0],[2]],[["0,9729,9729,33071,33071,0,0,1",-1],[1],0,[],[],[]],[["0,9729,9729,33071,33071,0,0,1",-1],[1],0,[],[],[]],[["0,9729,9729,33071,33071,0,0,1",-1],[1],0,[],[],[]],[[{"name":"packman_zigzag2","rect":[1,88,265,219],"offset":[0.5,-44],"originalSize":[266,307],"capInsets":[0,0,0,0]}],[0],0,[0],[0],[3]],[["0,9729,9729,33071,33071,0,0,1",-1],[1],0,[],[],[]],[[{"name":"butterfly_zigzag1","rect":[1,5,304,127],"offset":[0,49],"originalSize":[306,235],"capInsets":[0,0,0,0]}],[0],0,[0],[0],[4]],[[{"name":"arrow_zigzag1","rect":[0,1,206,231],"offset":[-21.5,26],"originalSize":[249,285],"capInsets":[0,0,0,0]}],[0],0,[0],[0],[5]],[["0,9729,9729,33071,33071,0,0,1",-1],[1],0,[],[],[]],[[{"name":"arrow_purple","rect":[0,2,249,280],"offset":[0,0.5],"originalSize":[249,285],"capInsets":[0,0,0,0]}],[0],0,[0],[0],[6]],[["0,9729,9729,33071,33071,0,0,1",-1],[1],0,[],[],[]],[[[0,"puzzle0011",{"rows":[["matchbox","1","Description","8.0","arrow_zigzag1.png","butterfly_zigzag1.png","star_zigzag1.png","packman_zigzag1.png","arrow_purple.png","butterfly_purple.png","star_purple.png","packman_purple.png"],["matchbox","1","Description","8.0","arrow_purple.png","butterfly_purple.png","star_purple.png","packman_purple.png","arrow_zigzag2.png","butterfly_zigzag2.png","star_zigzag2.png","packman_zigzag2.png"]]}]],0,0,[],[],[]],[[{"name":"star_zigzag2","rect":[9,118,279,165],"offset":[0,-59],"originalSize":[297,283],"capInsets":[0,0,0,0]}],[0],0,[0],[0],[7]],[["0,9729,9729,33071,33071,0,0,1",-1],[1],0,[],[],[]],[[{"name":"butterfly_purple","rect":[1,5,304,225],"offset":[0,0],"originalSize":[306,235],"capInsets":[0,0,0,0]}],[0],0,[0],[0],[8]],[[{"name":"butterfly_zigzag2","rect":[37,107,233,121],"offset":[0.5,-50],"originalSize":[306,235],"capInsets":[0,0,0,0]}],[0],0,[0],[0],[9]],[[{"name":"arrow_zigzag2","rect":[55,84,194,198],"offset":[27.5,-40.5],"originalSize":[249,285],"capInsets":[0,0,0,0]}],[0],0,[0],[0],[10]],[["0,9729,9729,33071,33071,0,0,1",-1],[1],0,[],[],[]],[["0,9729,9729,33071,33071,0,0,1",-1],[1],0,[],[],[]],[[{"name":"star_zigzag1","rect":[0,1,297,149],"offset":[0,66],"originalSize":[297,283],"capInsets":[0,0,0,0]}],[0],0,[0],[0],[11]],[["0,9729,9729,33071,33071,0,0,1",-1],[1],0,[],[],[]]]]