[1,["3ckXmzoD5AZKKf8byNOddQ","bcdNuWmtpDEJ+Jn4cNZNEH"],["_textureSetter"],["cc.SpriteFrame","cc.Texture2D",["cc.AudioClip",["_name","_native","duration"],0],["cc.JsonAsset",["_name","json"],1]],[[2,0,1,2,4],[3,0,1,3]],[[[[0,"गुळ_गोड_आहे",".mp3",1.880816],-1],0,0,[],[],[]],[[[0,"खु",".mp3",0.783673],-1],0,0,[],[],[]],[[[1,"mr3904",{"rows":[["phonictractor","1","Description","5","खुर्ची","खुर्ची.mp3","खु","खु.mp3","र्ची","र्ची.mp3"],["phonictractor","1","Description","5","लहान","लहान.mp3","ल","ल.mp3","हान","हान.mp3"],["createsentence","1","Description","खुर्ची/कशी/आहे?","","smallchair.png","खुर्ची_कशी_आहे.mp3"],["createsentence","1","Description","खुर्ची/लहान/आहे","","smallchair.png","खुर्ची_लहान_आहे.mp3"],["createsentence","1","Description","लहान/काय/आहे?","","smallchair.png","लहान_काय_आहे.mp3"],["createsentence","1","Description","खुर्ची/लहान/आहे","","smallchair.png","खुर्ची_लहान_आहे.mp3"],["phonictractor","1","Description","5","गूळ","गूळ.mp3","गू","गू.mp3","ळ","ळ.mp3"],["phonictractor","1","Description","5","गोड","गोड.mp3","गो","गो.mp3","ड","ड.mp3"],["createsentence","1","Description","गुळाची/चव/कशी/आहे?","","jaggery.png","गुळाची_चव_कशी_आहे.mp3"],["createsentence","1","Description","गुळ/गोड/आहे","","jaggery.png","गुळ_गोड_आहे.mp3"],["createsentence","1","Description","गोड/काय/आहे?","","jaggery.png","गोड_काय_आहे.mp3"],["createsentence","1","Description","गुळ/गोड/आहे","","jaggery.png","गुळ_गोड_आहे.mp3"],["quizliteracy","1","Description","sentence_sentence","कशी","लहान","कशी","काय","","खुर्ची ___ आहे?","खुर्ची_कशी_आहे.mp3"],["quizliteracy","1","Description","sentence_sentence","लहान","कशी","लहान","गोड","","___ काय आहे?","खुर्ची_लहान_आहे.mp3"],["quizliteracy","1","Description","sentence_sentence","गोड","लहान","गोड","कशी","","गुळ ___ आहे","गुळ_गोड_आहे.mp3"]]}]],0,0,[],[],[]],[[{"name":"jaggery","rect":[0,0,640,360],"offset":[0,0],"originalSize":[640,360],"capInsets":[0,0,0,0]}],[0],0,[0],[0],[0]],[["0,9729,9729,33071,33071,0,0,1",-1],[1],0,[],[],[]],[[[0,"खुर्ची_लहान_आहे",".mp3",2.011429],-1],0,0,[],[],[]],[[[0,"गुळाची_चव_कशी_आहे",".mp3",2.45551],-1],0,0,[],[],[]],[[[0,"खुर्ची",".mp3",0.914286],-1],0,0,[],[],[]],[[[0,"गू",".mp3",0.914286],-1],0,0,[],[],[]],[[[0,"गोड",".mp3",0.888163],-1],0,0,[],[],[]],[[[0,"गोड_काय_आहे",".mp3",2.011429],-1],0,0,[],[],[]],[[[0,"खुर्ची_कशी_आहे",".mp3",2.115918],-1],0,0,[],[],[]],[[[0,"लहान_काय_आहे",".mp3",2.011429],-1],0,0,[],[],[]],[[[0,"ल",".mp3",0.940408],-1],0,0,[],[],[]],[[[0,"लहान",".mp3",1.17551],-1],0,0,[],[],[]],[[[0,"ड",".mp3",0.914286],-1],0,0,[],[],[]],[["0,9729,9729,33071,33071,0,0,1",-1],[1],0,[],[],[]],[[[0,"र्ची",".mp3",1.123265],-1],0,0,[],[],[]],[[[0,"ळ",".mp3",0.862041],-1],0,0,[],[],[]],[[{"name":"smallchair","rect":[0,0,544,640],"offset":[0,0],"originalSize":[544,640],"capInsets":[0,0,0,0]}],[0],0,[0],[0],[1]],[[[0,"गो",".mp3",0.783673],-1],0,0,[],[],[]],[[[0,"हान",".mp3",0.731429],-1],0,0,[],[],[]],[[[0,"गूळ",".mp3",1.018776],-1],0,0,[],[],[]]]]