[1,["91FoyNOHhGCI4V8Dd4eFpg","8dnahQ8bpJKZqCOVjI7XR9","32UsTcNMlJ47+s8bqrdfGm"],["_textureSetter"],["cc.Texture2D","cc.SpriteFrame",["cc.AudioClip",["_name","_native","duration"],0],["cc.JsonAsset",["_name","json"],1]],[[2,0,1,2,4],[3,0,1,3]],[[[[0,"fishing",".mp3",1.104],-1],0,0,[],[],[]],[[[0,"fishingrod",".mp3",1.536],-1],0,0,[],[],[]],[[[0,"brush",".mp3",1.176],-1],0,0,[],[],[]],[["1,9729,9729,33071,33071,0,0,1",-1],[0],0,[],[],[]],[[[0,"painter",".mp3",1.008],-1],0,0,[],[],[]],[[{"name":"image_19_4","rect":[0,0,845,695],"offset":[0,0],"originalSize":[845,695],"capInsets":[0,0,0,0]}],[1],0,[0],[0],[0]],[[[0,"painting",".mp3",1.104],-1],0,0,[],[],[]],[[[0,"paint",".mp3",1.008],-1],0,0,[],[],[]],[[[0,"washing",".mp3",1.224],-1],0,0,[],[],[]],[[[1,"en1910",{"rows":[["tag","1","Description","image_10_2.jpg","painting","719.-1488","painting.mp3","paint","1251.-733","paint.mp3","brush","306.-733","brush.mp3","roller","367.-1090","roller.mp3","painter","1175.-1082","painter.mp3"],["tag","1","Description","image_10_3.jpg","fishing","1073.-497","fishing.mp3","fish","1162.-772","fish.mp3","fishing rod","1226.-1296","fishingrod.mp3","pail","309.-1150","pail.mp3","fisher","477.-882","fisher.mp3"],["tag","1","Description","image_19_4.jpg","washing","280.-1520","washing.mp3","washing machine","1217.-776","washing_machine.mp3","basket","273.-594","basket.mp3","laundry","436.-1026","laundry.mp3"],["quizliteracy","1","Description","soundonly_word","painting","painting","washing","fishing","","","painting.mp3"],["quizliteracy","1","Description","soundonly_word","fishing","washing","fishing","painting","","","fishing.mp3"],["quizliteracy","1","Description","soundonly_word","washing","fishing","painting","washing","","","washing.mp3"]]}]],0,0,[],[],[]],[[{"name":"image_10_2","rect":[0,0,845,731],"offset":[0,0],"originalSize":[845,731],"capInsets":[0,0,0,0]}],[1],0,[0],[0],[1]],[[[0,"washing_machine",".mp3",1.752],-1],0,0,[],[],[]],[["1,9729,9729,33071,33071,0,0,1",-1],[0],0,[],[],[]],[["1,9729,9729,33071,33071,0,0,1",-1],[0],0,[],[],[]],[[[0,"pail",".mp3",0.864],-1],0,0,[],[],[]],[[[0,"fisher",".mp3",0.984],-1],0,0,[],[],[]],[[[0,"roller",".mp3",1.008],-1],0,0,[],[],[]],[[[0,"fish",".mp3",0.936],-1],0,0,[],[],[]],[[[0,"laundry",".mp3",1.248],-1],0,0,[],[],[]],[[[0,"basket",".mp3",1.368],-1],0,0,[],[],[]],[[{"name":"image_10_3","rect":[0,0,845,731],"offset":[0,0],"originalSize":[845,731],"capInsets":[0,0,0,0]}],[1],0,[0],[0],[2]]]]