[1,["a5EM+y8k5IKrfh74c1tgLW","d2F94S9uxK5piq1E/sEOeM","66PFZzIOBB6pW0bSlQYHO3","e80kIOVuRB36yMoYfLNEab"],["_textureSetter"],["cc.SpriteFrame","cc.Texture2D",["cc.JsonAsset",["_name","json"],1],["cc.AudioClip",["_name","_native","duration"],0]],[[3,0,1,2,4],[2,0,1,3]],[[[[1,"kn1806",{"rows":[["spelldoor","1","Description","ನೂರು","**","0","0","hundred.png","ನೂರು.mp3"],["spelldoor","1","Description","ಪೂರಿ","**","0","0","poori.png","ಪೂರಿ.mp3"],["rocket","1","Description","ತೂತು","ತೂ,ತು","ತೂ,ತು","ತೂತು.mp3","hole.png","False","False"],["phonictractor","1","Description","4","ಲೂನ","ಲೂನ.mp3","ಲೂ","ಲೂ.mp3","ನ","ನ.mp3"],["spelldoor","1","Description","ದೂರು","**","0","0","complaint.png","ದೂರು.mp3"],["quizliteracy","1","Description","word_word","ನೂ","ದೂ","ನೂ","ಕೂ","","__ರು","ನೂರು.mp3"],["quizliteracy","1","Description","image_word","ಪೂರಿ","ತೂತು","ನೂರು","ಪೂರಿ","poori.png"],["quizliteracy","1","Description","soundonly_word","ದೂರು","ದೂರು","ಮೂರು","ತೂತು","","","ದೂರು.mp3"]]}]],0,0,[],[],[]],[[[0,"ತೂತು",".mp3",0.696],-1],0,0,[],[],[]],[[[0,"ಲೂ",".mp3",0.576],-1],0,0,[],[],[]],[[{"name":"poori","rect":[0,0,512,366],"offset":[0,0],"originalSize":[512,366],"capInsets":[0,0,0,0]}],[0],0,[0],[0],[0]],[["0,9729,9729,33071,33071,0,0,1",-1],[1],0,[],[],[]],[[[0,"ನೂರು",".mp3",0.696],-1],0,0,[],[],[]],[[[0,"ಪೂರಿ",".mp3",0.672],-1],0,0,[],[],[]],[[{"name":"hundred","rect":[0,0,512,342],"offset":[0,0],"originalSize":[512,342],"capInsets":[0,0,0,0]}],[0],0,[0],[0],[1]],[["0,9729,9729,33071,33071,0,0,1",-1],[1],0,[],[],[]],[[{"name":"complaint","rect":[0,0,512,331],"offset":[0,0],"originalSize":[512,331],"capInsets":[0,0,0,0]}],[0],0,[0],[0],[2]],[[{"name":"hole","rect":[0,0,512,384],"offset":[0,0],"originalSize":[512,384],"capInsets":[0,0,0,0]}],[0],0,[0],[0],[3]],[["0,9729,9729,33071,33071,0,0,1",-1],[1],0,[],[],[]],[[[0,"ನ",".mp3",0.48],-1],0,0,[],[],[]],[[[0,"ದೂರು",".mp3",0.72],-1],0,0,[],[],[]],[["0,9729,9729,33071,33071,0,0,1",-1],[1],0,[],[],[]],[[[0,"ಲೂನ",".mp3",0.672],-1],0,0,[],[],[]]]]