[1,["7cH7E5cgRMG6VpaY+2aDc1"],["_textureSetter"],["cc.Texture2D","cc.SpriteFrame",["cc.AudioClip",["_name","_native","duration"],0],["cc.JsonAsset",["_name","json"],1]],[[2,0,1,2,4],[3,0,1,3]],[[[[0,"tap",".mp3",0.496327],-1],0,0,[],[],[]],[[[0,"suck",".mp3",0.653061],-1],0,0,[],[],[]],[[[0,"tuck",".mp3",0.731429],-1],0,0,[],[],[]],[[[0,"tig",".mp3",0.574694],-1],0,0,[],[],[]],[[[0,"bap",".mp3",0.548571],-1],0,0,[],[],[]],[[[0,"lot",".mp3",0.757551],-1],0,0,[],[],[]],[[[0,"make",".mp3",0.757551],-1],0,0,[],[],[]],[[[0,"damp",".mp3",0.809796],-1],0,0,[],[],[]],[[[0,"mime",".mp3",0.809796],-1],0,0,[],[],[]],[[[0,"dot",".mp3",0.626939],-1],0,0,[],[],[]],[[[0,"rime",".mp3",0.835918],-1],0,0,[],[],[]],[[[0,"duck",".mp3",0.626939],-1],0,0,[],[],[]],[[[0,"tank",".mp3",0.835918],-1],0,0,[],[],[]],[[[0,"dean",".mp3",0.757551],-1],0,0,[],[],[]],[[[0,"big",".mp3",0.496327],-1],0,0,[],[],[]],[[[0,"lamp",".mp3",0.548571],-1],0,0,[],[],[]],[[[0,"tip",".mp3",0.470204],-1],0,0,[],[],[]],[[[0,"love",".mp3",0.783673],-1],0,0,[],[],[]],[["0,9729,9729,33071,33071,0,0,1",-1],[0],0,[],[],[]],[[[0,"jump",".mp3",0.679184],-1],0,0,[],[],[]],[[[0,"mail",".mp3",0.679184],-1],0,0,[],[],[]],[[{"name":"bank","rect":[0,0,322,382],"offset":[0,0],"originalSize":[322,382],"capInsets":[0,0,0,0]}],[1],0,[0],[0],[0]],[[[0,"dank",".mp3",0.809796],-1],0,0,[],[],[]],[[[0,"sip",".mp3",0.600816],-1],0,0,[],[],[]],[[[0,"down",".mp3",0.653061],-1],0,0,[],[],[]],[[[0,"gank",".mp3",0.705306],-1],0,0,[],[],[]],[[[0,"sank",".mp3",0.888163],-1],0,0,[],[],[]],[[[0,"bank",".mp3",0.548571],-1],0,0,[],[],[]],[[[1,"sl_en1112",{"rows":[["grid","1","Description","d,l","ot,amp,ean"],["speakingpet","1","Description","j_phonic.mp3","l_phonic.mp3","jump","jump.mp3","A","1","jam","jam.mp3","A","1","lamp","lamp.mp3","B","1","love","love.mp3","B","1"],["grid","1","Description","s,t,d","ip,ank,uck"],["grid","1","Description","t,b,g","ig,ap,ank"],["grid","1","Description","t,d","own,ank,ip"],["rocket","1","Description","bank","b,ank","b,ank","bank.mp3","bank.png","false","false"],["grid","1","Description","m,r","ail,ake,ime"],["quizliteracy","1","Description","word_word","amp","amp","ace","ert","","l___","lamp.mp3"],["quizliteracy","1","Description","word_word","ank","ime","omg","ank","","b___","bank.mp3"],["quizliteracy","1","Description","word_word","ank","ank","ase","ain","","t___","tank.mp3"],["quizliteracy","1","Description","word_word","ail","apr","ave","ail","","r___","rail.mp3"],["quizliteracy","1","Description","word_word","ail","ake","ail","org","","m___","mail.mp3"]]}]],0,0,[],[],[]],[[[0,"jam",".mp3",0.679184],-1],0,0,[],[],[]],[[[0,"j_phonic",".mp3",0.470204],-1],0,0,[],[],[]],[[[0,"gap",".mp3",0.365714],-1],0,0,[],[],[]],[[[0,"town",".mp3",0.966531],-1],0,0,[],[],[]],[[[0,"rake",".mp3",0.783673],-1],0,0,[],[],[]],[[[0,"lean",".mp3",0.809796],-1],0,0,[],[],[]],[[[0,"dip",".mp3",0.470204],-1],0,0,[],[],[]],[[[0,"rail",".mp3",0.679184],-1],0,0,[],[],[]],[[[0,"gig",".mp3",0.679184],-1],0,0,[],[],[]],[[[0,"l_phonic",".mp3",0.496327],-1],0,0,[],[],[]]]]