[1,["4aLJQq7zpKfLLCzFf96oY6","33x4zUij5OS4eoGSVzW8pO","e35W2JPH5OlJmyr97j+Nmv"],["_textureSetter"],["cc.SpriteFrame","cc.Texture2D",["cc.JsonAsset",["_name","json"],1],["cc.AudioClip",["_name","_native","duration"],0]],[[3,0,1,2,4],[2,0,1,3]],[[[{"name":"रंग","rect":[0,0,400,333],"offset":[0,0],"originalSize":[400,333],"capInsets":[0,0,0,0]}],[0],0,[0],[0],[0]],[["0,9729,9729,33071,33071,0,0,1",-1],[1],0,[],[],[]],[["0,9729,9729,33071,33071,0,0,1",-1],[1],0,[],[],[]],[[[1,"hi0126",{"rows":[["balloonpop","1","Description","2","र","5","र","र.mp3"],["phonictractor","1","Description","5","र","र.mp3","र","र.mp3"],["writeletter","1","Description","र","रंग"],["writecard","1","Description","र","रंग","रंग.png","रंग.mp3","रात","रात.png","रात.mp3","रोटी","रोटी.png","रोटी.mp3"],["quizliteracy","1","Description","soundonly_word","र","म","य","र","","","र.mp3"],["quizliteracy","1","Description","word_word","र","य","र","म","","र"],["quizliteracy","1","Description","soundonly_word","र","र","म","य","","","र.mp3"]]}]],0,0,[],[],[]],[[[0,"रंग",".mp3",0.496327],-1],0,0,[],[],[]],[[{"name":"रात","rect":[0,0,400,333],"offset":[0,0],"originalSize":[400,333],"capInsets":[0,0,0,0]}],[0],0,[0],[0],[1]],[[[0,"र",".mp3",0.47025],-1],0,0,[],[],[]],[[[0,"रोटी",".mp3",0.705306],-1],0,0,[],[],[]],[[{"name":"रोटी","rect":[0,0,400,333],"offset":[0,0],"originalSize":[400,333],"capInsets":[0,0,0,0]}],[0],0,[0],[0],[2]],[["0,9729,9729,33071,33071,0,0,1",-1],[1],0,[],[],[]],[[[0,"रात",".mp3",0.731429],-1],0,0,[],[],[]]]]