[1,["c1bljQT/pCwYFF4MxU+TwK","28W87vt71GI79fYtdQ5wD1","d9kIYBdutBeocIPQ+RbKV1","6berIm/wNIWIYu4nqXobdR","70om7ZuDlKaKgInTOpe0Zi"],["_textureSetter"],["cc.SpriteFrame","cc.Texture2D",["cc.AudioClip",["_name","_native","duration"],0],["cc.JsonAsset",["_name","json"],1]],[[2,0,1,2,4],[3,0,1,3]],[[[{"name":"beautiful","rect":[0,0,512,341],"offset":[0,0],"originalSize":[512,341],"capInsets":[0,0,0,0]}],[0],0,[0],[0],[0]],[[[0,"ಜೀ",".mp3",0.576],-1],0,0,[],[],[]],[["0,9729,9729,33071,33071,0,0,1",-1],[1],0,[],[],[]],[[[0,"ಜೀಕು",".mp3",0.744],-1],0,0,[],[],[]],[[{"name":"swing","rect":[0,0,500,348],"offset":[0,0],"originalSize":[500,348],"capInsets":[0,0,0,0]}],[0],0,[0],[0],[1]],[[[0,"ಎ",".mp3",0.504],-1],0,0,[],[],[]],[[[0,"ಜೋಕಾಲಿ",".mp3",0.888],-1],0,0,[],[],[]],[[{"name":"think","rect":[0,0,500,332],"offset":[0,0],"originalSize":[500,332],"capInsets":[0,0,0,0]}],[0],0,[0],[0],[2]],[[{"name":"cry","rect":[0,0,512,341],"offset":[0,0],"originalSize":[512,341],"capInsets":[0,0,0,0]}],[0],0,[0],[0],[3]],[["0,9729,9729,33071,33071,0,0,1",-1],[1],0,[],[],[]],[[[1,"kn3401",{"rows":[["phonictractor","1","Description","4","ಎಷ್ಟು","ಎಷ್ಟು.mp3","ಎ","ಎ.mp3","ಷ್ಟು","ಷ್ಟು.mp3"],["spelldoor","1","Description","ಜೋಕಾಲಿ","***","0","0","swing.png","ಜೋಕಾಲಿ.mp3"],["rocket","1","Description","ಚಂದ","ಚಂ,ದ","ಚಂ,ದ","ಚಂದ.mp3","beautiful.png","False","False"],["openwindow1","1","Description","LEGIT","ಯೋಚಿಸು","think.png","cry.png","ಯೋಚಿಸು.mp3","ಯೋ,ಚಿ,ಸು"],["phonictractor","1","Description","4","ಜೀಕು","ಜೀಕು.mp3","ಜೀ","ಜೀ.mp3","ಕು","ಕು.mp3"],["spelldoor","1","Description","ಕೆಳಗೆ","*ಳಗೆ","0","0","under.png","ಕೆಳಗೆ.mp3"],["quizliteracy","1","Description","word_word","ಚಿಸು","ಚಿಸು","ಗಪಟು","ಜನೆ","","ಯೋ_____","ಯೋಚಿಸು.mp3"],["quizliteracy","1","Description","image_word","ಜೋಕಾಲಿ","ಚಂದ","ಜೋಕಾಲಿ","ಕೆಳಗೆ","swing.png"],["quizliteracy","1","Description","soundonly_word","ಕೆಳಗೆ","ಎಷ್ಟು","ಜೀಕು","ಕೆಳಗೆ","","","ಕೆಳಗೆ.mp3"]]}]],0,0,[],[],[]],[["0,9729,9729,33071,33071,0,0,1",-1],[1],0,[],[],[]],[[{"name":"under","rect":[0,0,685,312],"offset":[0,0],"originalSize":[685,312],"capInsets":[0,0,0,0]}],[0],0,[0],[0],[4]],[[[0,"ಕು",".mp3",0.528],-1],0,0,[],[],[]],[[[0,"ಚಂದ",".mp3",0.744],-1],0,0,[],[],[]],[[[0,"ಯೋಚಿಸು",".mp3",0.912],-1],0,0,[],[],[]],[["0,9729,9729,33071,33071,0,0,1",-1],[1],0,[],[],[]],[[[0,"ಎಷ್ಟು",".mp3",0.744],-1],0,0,[],[],[]],[[[0,"ಷ್ಟು",".mp3",0.744],-1],0,0,[],[],[]],[["0,9729,9729,33071,33071,0,0,1",-1],[1],0,[],[],[]],[[[0,"ಕೆಳಗೆ",".mp3",0.744],-1],0,0,[],[],[]]]]