[1,["45sB13f/dIH5kKrpI1z/RZ","75giisbg5M8IbljrcHb+ep","07Q1GCrzVMo60w/i/Ud2Df","b0S99MXrNMZ76sQoqNUkeH","0fKiG2weJEz46QBQVDnXO3","09bSR/3JhJTJ0Cd+3O2ik+","25xerxtQhMcJkVP6nnJT4Q","4f/4wIIqtOa6QAn7jNqCdr"],["_textureSetter"],["cc.SpriteFrame","cc.Texture2D",["cc.AudioClip",["_name","_native","duration"],0],["cc.JsonAsset",["_name","json"],1]],[[2,0,1,2,4],[3,0,1,3]],[[[{"name":"nine_pens","rect":[15,148,640,373],"offset":[0.5,-6],"originalSize":[669,657],"capInsets":[0,0,0,0]}],[0],0,[0],[0],[0]],[[[0,"nine_pens",".mp3",1.44],-1],0,0,[],[],[]],[["0,9729,9729,33071,33071,0,0,1",-1],[1],0,[],[],[]],[["0,9729,9729,33071,33071,0,0,1",-1],[1],0,[],[],[]],[["0,9729,9729,33071,33071,0,0,1",-1],[1],0,[],[],[]],[[[0,"one_cow",".mp3",1.2],-1],0,0,[],[],[]],[[[0,"four_erasers",".mp3",1.704],-1],0,0,[],[],[]],[["0,9729,9729,33071,33071,0,0,1",-1],[1],0,[],[],[]],[[{"name":"eight_crows","rect":[7,95,656,406],"offset":[0.5,30.5],"originalSize":[669,657],"capInsets":[0,0,0,0]}],[0],0,[0],[0],[1]],[[{"name":"seven_apples","rect":[73,38,513,594],"offset":[-5,-6.5],"originalSize":[669,657],"capInsets":[0,0,0,0]}],[0],0,[0],[0],[2]],[[[0,"eight_crows",".mp3",1.296],-1],0,0,[],[],[]],[[[1,"en4000",{"rows":[["createsentence","1","Description","Seven/apples","Six","seven_apples.png","seven_apples.mp3"],["createsentence","1","Description","Two/girls","Three","two_girls.png","two_girls.mp3"],["createsentence","1","Description","Six/cats","Five","six_cats.png","six_cats.mp3"],["createsentence","1","Description","Eight/crows","Seven","eight_crows.png","eight_crows.mp3"],["createsentence","1","Description","One/cow","Two","one_cow.png","one_cow.mp3"],["createsentence","1","Description","Nine/pens","Eight","nine_pens.png","nine_pens.mp3"],["createsentence","1","Description","Four/erasers","Five","four_erasers.png","four_erasers.mp3"],["createsentence","1","Description","Three/books","Four","three_books.png","three_books.mp3"],["quizliteracy","1","Description","image_sentence","Two girls.","One girl.","Three girls.","Two girls.","two_girls.png","","two_girls.mp3"],["quizliteracy","1","Description","image_sentence","Eight crows.","Seven crows.","Eight crows.","Nine crows.","eight_crows.png","","eight_crows.mp3"],["quizliteracy","1","Description","image_sentence","Four erasers.","Four erasers.","Three erasers.","Five erasers.","four_erasers.png","","four_erasers.mp3"]]}]],0,0,[],[],[]],[["0,9729,9729,33071,33071,0,0,1",-1],[1],0,[],[],[]],[[{"name":"four_erasers","rect":[39,55,590,551],"offset":[-0.5,-2],"originalSize":[669,657],"capInsets":[0,0,0,0]}],[0],0,[0],[0],[3]],[["0,9729,9729,33071,33071,0,0,1",-1],[1],0,[],[],[]],[[{"name":"six_cats","rect":[13,123,642,411],"offset":[-0.5,0],"originalSize":[669,657],"capInsets":[0,0,0,0]}],[0],0,[0],[0],[4]],[[[0,"two_girls",".mp3",1.272],-1],0,0,[],[],[]],[[{"name":"one_cow","rect":[30,85,466,335],"offset":[7,-1],"originalSize":[512,503],"capInsets":[0,0,0,0]}],[0],0,[0],[0],[5]],[["0,9729,9729,33071,33071,0,0,1",-1],[1],0,[],[],[]],[[[0,"three_books",".mp3",1.296],-1],0,0,[],[],[]],[[[0,"seven_apples",".mp3",1.656],-1],0,0,[],[],[]],[["0,9729,9729,33071,33071,0,0,1",-1],[1],0,[],[],[]],[[{"name":"three_books","rect":[22,62,624,528],"offset":[-0.5,2.5],"originalSize":[669,657],"capInsets":[0,0,0,0]}],[0],0,[0],[0],[6]],[[[0,"six_cats",".mp3",1.464],-1],0,0,[],[],[]],[[{"name":"two_girls","rect":[51,82,567,459],"offset":[0,17],"originalSize":[669,657],"capInsets":[0,0,0,0]}],[0],0,[0],[0],[7]]]]