[1,["db430RMUNNnLXQxNWz+u3o","da/nK938pLQo9DmxDoF3TC","3clTB+e8dCEpMlicKoMqlM","ec2rP5QDBBla/1fHLVyPQg","ecUtKXjSNMf6rD+xo5BEG/"],["_textureSetter"],["cc.SpriteFrame","cc.Texture2D",["cc.AudioClip",["_name","_native","duration"],0],["cc.JsonAsset",["_name","json"],1]],[[2,0,1,2,4],[3,0,1,3]],[[[{"name":"bee","rect":[0,0,800,569],"offset":[0,0],"originalSize":[800,569],"capInsets":[0,0,0,0]}],[0],0,[0],[0],[0]],[[[0,"ಗಣೇಶ",".mp3",0.864],-1],0,0,[],[],[]],[["0,9729,9729,33071,33071,0,0,1",-1],[1],0,[],[],[]],[[[0,"ನೇಗಿಲು",".mp3",0.816],-1],0,0,[],[],[]],[[{"name":"ganapathi","rect":[0,0,800,534],"offset":[0,0],"originalSize":[800,534],"capInsets":[0,0,0,0]}],[0],0,[0],[0],[1]],[[[0,"ಜೇನುಹುಳು",".mp3",0.984],-1],0,0,[],[],[]],[[[0,"ದೇವಾಲಯ",".mp3",0.984],-1],0,0,[],[],[]],[["0,9729,9729,33071,33071,0,0,1",-1],[1],0,[],[],[]],[["0,9729,9729,33071,33071,0,0,1",-1],[1],0,[],[],[]],[[[1,"kn4407",{"rows":[["spelldoor","1","Description","ಗಣೇಶ","ಗ*ಶ","0","0","ganapathi.png","ಗಣೇಶ.mp3"],["spelldoor","1","Description","ನೇಗಿಲು","*ಗಿಲು","0","0","plow.png","ನೇಗಿಲು.mp3"],["spelldoor","1","Description","ದೇವಾಲಯ","*ವಾಲಯ","0","0","temple.png","ದೇವಾಲಯ.mp3"],["spelldoor","1","Description","ಬೇರು","*ರು","0","0","root.png","ಬೇರು.mp3"],["spelldoor","1","Description","ಜೇನುಹುಳು","*ನುಹುಳು","0","0","bee.png","ಜೇನುಹುಳು.mp3"],["quizliteracy","1","Description","word_word","ಣೇ","ಮಾ","ಳೋ","ಣೇ","","ಗ___ಶ","ಗಣೇಶ.mp3"],["quizliteracy","1","Description","image_word","ದೇವಾಲಯ","ದೇವಾಲಯ","ಜೇನುಹುಳು","ನೇಗಿಲು","temple.png"],["quizliteracy","1","Description","soundonly_word","ಜೇನುಹುಳು","ನೇಗಿಲು","ಜೇನುಹುಳು","ಬೇರು","","","ಜೇನುಹುಳು.mp3"]]}]],0,0,[],[],[]],[[{"name":"root","rect":[0,0,450,800],"offset":[0,0],"originalSize":[450,800],"capInsets":[0,0,0,0]}],[0],0,[0],[0],[2]],[[[0,"ಬೇರು",".mp3",0.744],-1],0,0,[],[],[]],[[{"name":"temple","rect":[0,0,800,625],"offset":[0,0],"originalSize":[800,625],"capInsets":[0,0,0,0]}],[0],0,[0],[0],[3]],[["0,9729,9729,33071,33071,0,0,1",-1],[1],0,[],[],[]],[["0,9729,9729,33071,33071,0,0,1",-1],[1],0,[],[],[]],[[{"name":"plow","rect":[0,0,500,333],"offset":[0,0],"originalSize":[500,333],"capInsets":[0,0,0,0]}],[0],0,[0],[0],[4]]]]