[1,["36GeVuvjNCYLVc4GMs3IiH","45hjZahgJNEIYTqofLCTuQ","0dMSyiLj1Kob4CGlxUckCP","6bAC1MvI9LhLB1wKKIcq28","1caNc1Ri5M9oZZBBA5iMVg","5eeBp4dntIiYXXAWrHX94E","2e/LsKZflHE6JeLeFfg4gX","83OWwN3DxIbrEXx6GbPPE2"],["_textureSetter"],["cc.Texture2D","cc.SpriteFrame",["cc.AudioClip",["_name","_native","duration"],0],["cc.JsonAsset",["_name","json"],1]],[[2,0,1,2,4],[3,0,1,3]],[[["0,9729,9729,33071,33071,0,0,1",-1],[0],0,[],[],[]],[[[0,"ಕಾದಾಟ",".mp3",0.888],-1],0,0,[],[],[]],[["0,9729,9729,33071,33071,0,0,1",-1],[0],0,[],[],[]],[[[0,"ಹಾರಾಟ",".mp3",0.864],-1],0,0,[],[],[]],[["0,9729,9729,33071,33071,0,0,1",-1],[0],0,[],[],[]],[["0,9729,9729,33071,33071,0,0,1",-1],[0],0,[],[],[]],[[[0,"ನಾಟಕ",".mp3",0.816],-1],0,0,[],[],[]],[["0,9729,9729,33071,33071,0,0,1",-1],[0],0,[],[],[]],[[{"name":"sale","rect":[0,0,800,529],"offset":[0,0],"originalSize":[800,529],"capInsets":[0,0,0,0]}],[1],0,[0],[0],[0]],[["0,9729,9729,33071,33071,0,0,1",-1],[0],0,[],[],[]],[[[0,"ಮಾರಾಟ",".mp3",0.864],-1],0,0,[],[],[]],[["0,9729,9729,33071,33071,0,0,1",-1],[0],0,[],[],[]],[[[0,"ಜಾಣ",".mp3",0.72],-1],0,0,[],[],[]],[[{"name":"drama","rect":[0,0,800,450],"offset":[0,0],"originalSize":[800,450],"capInsets":[0,0,0,0]}],[1],0,[0],[0],[1]],[[{"name":"laga","rect":[0,0,640,800],"offset":[0,0],"originalSize":[640,800],"capInsets":[0,0,0,0]}],[1],0,[0],[0],[2]],[[{"name":"smart_boy","rect":[0,0,800,533],"offset":[0,0],"originalSize":[800,533],"capInsets":[0,0,0,0]}],[1],0,[0],[0],[3]],[[{"name":"fight","rect":[0,0,800,600],"offset":[0,0],"originalSize":[800,600],"capInsets":[0,0,0,0]}],[1],0,[0],[0],[4]],[["0,9729,9729,33071,33071,0,0,1",-1],[0],0,[],[],[]],[[{"name":"shadow","rect":[0,0,800,450],"offset":[0,0],"originalSize":[800,450],"capInsets":[0,0,0,0]}],[1],0,[0],[0],[5]],[[{"name":"flight","rect":[0,0,800,533],"offset":[0,0],"originalSize":[800,533],"capInsets":[0,0,0,0]}],[1],0,[0],[0],[6]],[[[0,"ಲಾಗ",".mp3",0.696],-1],0,0,[],[],[]],[[[1,"kn3804",{"rows":[["spelldoor","1","Description","ಜಾಣ","**","0","0","smart_boy.png","ಜಾಣ.mp3"],["spelldoor","1","Description","ರಾಗ","**","0","0","song.png","ರಾಗ.mp3"],["spelldoor","1","Description","ಲಾಗ","**","0","0","laga.png","ಲಾಗ.mp3"],["spelldoor","1","Description","ಛಾಯ","**","0","0","shadow.png","ಛಾಯ.mp3"],["spelldoor","1","Description","ಕಾದಾಟ","***","0","0","fight.png","ಕಾದಾಟ.mp3"],["spelldoor","1","Description","ಹಾರಾಟ","***","0","0","flight.png","ಹಾರಾಟ.mp3"],["spelldoor","1","Description","ನಾಟಕ","***","0","0","drama.png","ನಾಟಕ.mp3"],["spelldoor","1","Description","ಮಾರಾಟ","***","0","0","sale.png","ಮಾರಾಟ.mp3"],["quizliteracy","1","Description","word_word","ರಾಟ","ರಿಸು","ರಾಟ","ದಿಯು","","ಹಾ_____","ಹಾರಾಟ.mp3"],["quizliteracy","1","Description","image_word","ನಾಟಕ","ನಾಟಕ","ಮಾರಾಟ","ಕಾದಾಟ","drama.png"],["quizliteracy","1","Description","soundonly_word","ಛಾಯ","ಜಾಣ","ರಾಗ","ಛಾಯ","","","ಛಾಯ.mp3"]]}]],0,0,[],[],[]],[[[0,"ಛಾಯ",".mp3",0.744],-1],0,0,[],[],[]],[[[0,"ರಾಗ",".mp3",0.696],-1],0,0,[],[],[]],[[{"name":"song","rect":[65,90,669,475],"offset":[-0.5,-10.5],"originalSize":[800,634],"capInsets":[0,0,0,0]}],[1],0,[0],[0],[7]]]]