[1,["41a+qu6ixLeKkslVZuYJ85","d6U0U7XvhJmYNH2/UXtyMF","bdo0xcQT1Npa8M4Rt0ZegJ","5fX+Qakk5NC4Cf9ZOZCDC1","5bNu1b3IREO4JtsaD4yqZg","50kcvO4WVPQKKmklQDLHq5","1cFyDUeHxA7LaX1vb7qlVJ"],["_textureSetter"],["cc.SpriteFrame","cc.Texture2D",["cc.AudioClip",["_name","_native","duration"],0],["cc.JsonAsset",["_name","json"],1]],[[2,0,1,2,4],[3,0,1,3]],[[[[0,"zip",".mp3",0.912],-1],0,0,[],[],[]],[[{"name":"spelling_box","rect":[0,0,370,273],"offset":[0,0],"originalSize":[370,273],"capInsets":[0,0,0,0]}],[0],0,[0],[0],[0]],[[{"name":"spelling_red","rect":[0,0,370,273],"offset":[0,0],"originalSize":[370,273],"capInsets":[0,0,0,0]}],[0],0,[0],[0],[1]],[[[0,"pink",".mp3",0.84],-1],0,0,[],[],[]],[[[0,"baby",".mp3",1.128],-1],0,0,[],[],[]],[[[0,"box",".mp3",1.152],-1],0,0,[],[],[]],[["0,9729,9729,33071,33071,0,0,1",-1],[1],0,[],[],[]],[[[0,"dad",".mp3",0.888],-1],0,0,[],[],[]],[[[0,"hen",".mp3",0.84],-1],0,0,[],[],[]],[[[0,"s_phonic",".mp3",1.985306],-1],0,0,[],[],[]],[[[0,"bed",".mp3",0.888],-1],0,0,[],[],[]],[["0,9729,9729,33071,33071,0,0,1",-1],[1],0,[],[],[]],[[[0,"p_phonic",".mp3",1.567347],-1],0,0,[],[],[]],[["0,9729,9729,33071,33071,0,0,1",-1],[1],0,[],[],[]],[[[0,"rat",".mp3",0.912],-1],0,0,[],[],[]],[[[0,"bone",".mp3",0.96],-1],0,0,[],[],[]],[["0,9729,9729,33071,33071,0,0,1",-1],[1],0,[],[],[]],[[{"name":"spelling_pig","rect":[0,0,370,273],"offset":[0,0],"originalSize":[370,273],"capInsets":[0,0,0,0]}],[0],0,[0],[0],[2]],[["0,9729,9729,33071,33071,0,0,1",-1],[1],0,[],[],[]],[[[0,"pan",".mp3",0.816],-1],0,0,[],[],[]],[[[0,"b_phonic",".mp3",1.985306],-1],0,0,[],[],[]],[[{"name":"spelling_bed","rect":[0,0,370,273],"offset":[0,0],"originalSize":[370,273],"capInsets":[0,0,0,0]}],[0],0,[0],[0],[3]],[[[0,"z_phonic",".mp3",2.115918],-1],0,0,[],[],[]],[[[0,"salad",".mp3",1.152],-1],0,0,[],[],[]],[[[0,"son",".mp3",1.032],-1],0,0,[],[],[]],[["0,9729,9729,33071,33071,0,0,1",-1],[1],0,[],[],[]],[[[0,"red",".mp3",0.936],-1],0,0,[],[],[]],[[{"name":"spelling_dad","rect":[0,0,370,273],"offset":[0,0],"originalSize":[370,273],"capInsets":[0,0,0,0]}],[0],0,[0],[0],[4]],[[{"name":"spelling_hen","rect":[0,0,370,273],"offset":[0,0],"originalSize":[370,273],"capInsets":[0,0,0,0]}],[0],0,[0],[0],[5]],[[[0,"zero",".mp3",1.08],-1],0,0,[],[],[]],[["0,9729,9729,33071,33071,0,0,1",-1],[1],0,[],[],[]],[[[1,"en0800",{"rows":[["speakingpet","1","Description","b_phonic.mp3","p_phonic.mp3","baby","baby.mp3","A","1","bone","bone.mp3","A","1","pan","pan.mp3","B","1","pink","pink.mp3","B","1"],["spelldoor","1","Description","dad","*ad","1","0","spelling_dad.png","dad.mp3"],["spelldoor","1","Description","bed","*ed","1","0","spelling_bed.png","bed.mp3"],["spelldoor","1","Description","rat","*at","1","0","spelling_rat.png","rat.mp3"],["spelldoor","1","Description","pig","*ig","1","0","spelling_pig.png","pig.mp3"],["spelldoor","1","Description","red","*ed","1","0","spelling_red.png","red.mp3"],["spelldoor","1","Description","hen","*en","1","0","spelling_hen.png","hen.mp3"],["spelldoor","1","Description","box","*ox","1","0","spelling_box.png","box.mp3"],["speakingpet","1","Description","z_phonic.mp3","s_phonic.mp3","zip","zip.mp3","A","1","zero","zero.mp3","A","1","son","son.mp3","B","1","salad","salad.mp3","B","1"],["speakingpet","1","Description","b_phonic.mp3","p_phonic.mp3","baby","baby.mp3","A","1","bone","bone.mp3","A","1","pan","pan.mp3","B","1","pink","pink.mp3","B","1"],["quizliteracy","1","Description","word_word","d","d","e","f","","_ad","dad.mp3"],["quizliteracy","1","Description","word_word","b","b","c","h","","_ed","bed.mp3"],["quizliteracy","1","Description","word_word","r","c","r","b","","_at","rat.mp3"],["quizliteracy","1","Description","word_word","p","n","o","p","","_ig","pig.mp3"],["quizliteracy","1","Description","word_word","h","d","e","h","","_en","hen.mp3"],["quizliteracy","1","Description","word_word","b","d","f","b","","_ox","box.mp3"]]}]],0,0,[],[],[]],[[[0,"pig",".mp3",0.768],-1],0,0,[],[],[]],[[{"name":"spelling_rat","rect":[0,0,370,273],"offset":[0,0],"originalSize":[370,273],"capInsets":[0,0,0,0]}],[0],0,[0],[0],[6]]]]