[1,["3428RBC7ZBWLyR8TYo/1zL","802xEMrXdHKpbfDJlGqqcL","b7xqE6NRRCm4SFbje9ln/6","3dyWc95JpPrbiqwdeO53cX","bfFpVz4aFFcLnW1MmCnyOc","01uWfvIaVMC7wNal9nrmG9","135teTFNFGUpOwLQRY7Spe"],["_textureSetter"],["cc.Texture2D","cc.SpriteFrame",["cc.AudioClip",["_name","_native","duration"],0],["cc.JsonAsset",["_name","json"],1]],[[2,0,1,2,4],[3,0,1,3]],[[["0,9729,9729,33071,33071,0,0,1",-1],[0],0,[],[],[]],[[{"name":"well","rect":[0,0,512,354],"offset":[0,0],"originalSize":[512,354],"capInsets":[0,0,0,0]}],[1],0,[0],[0],[0]],[["0,9729,9729,33071,33071,0,0,1",-1],[0],0,[],[],[]],[[{"name":"lake","rect":[0,0,512,284],"offset":[0,0],"originalSize":[512,284],"capInsets":[0,0,0,0]}],[1],0,[0],[0],[1]],[["0,9729,9729,33071,33071,0,0,1",-1],[0],0,[],[],[]],[[[0,"less",".mp3",1.17551],-1],0,0,[],[],[]],[[{"name":"bucket","rect":[0,0,495,512],"offset":[0,0],"originalSize":[495,512],"capInsets":[0,0,0,0]}],[1],0,[0],[0],[2]],[["0,9729,9729,33071,33071,0,0,1",-1],[0],0,[],[],[]],[[[0,"more",".mp3",1.201633],-1],0,0,[],[],[]],[["0,9729,9729,33071,33071,0,0,1",-1],[0],0,[],[],[]],[[{"name":"tank","rect":[0,0,512,512],"offset":[0,0],"originalSize":[512,512],"capInsets":[0,0,0,0]}],[1],0,[0],[0],[3]],[[{"name":"pot","rect":[0,0,800,535],"offset":[0,0],"originalSize":[800,535],"capInsets":[0,0,0,0]}],[1],0,[0],[0],[4]],[[{"name":"cup","rect":[0,80,512,352],"offset":[0,0],"originalSize":[512,512],"capInsets":[0,0,0,0]}],[1],0,[0],[0],[5]],[["0,9729,9729,33071,33071,0,0,1",-1],[0],0,[],[],[]],[["0,9729,9729,33071,33071,0,0,1",-1],[0],0,[],[],[]],[[{"name":"tub","rect":[0,0,512,357],"offset":[0,0],"originalSize":[512,357],"capInsets":[0,0,0,0]}],[1],0,[0],[0],[6]],[[[1,"sl_en3807",{"rows":[["openwindow1","1","Description","LEGIT","more","bigbowl.png","smallbowl.png","more.mp3","abcdefghijklmnopqrstuvwxyz"],["openwindow1","1","Description","LEGIT","more","pot.png","cup.png","more.mp3","abcdefghijklmnopqrstuvwxyz"],["openwindow1","1","Description","LEGIT","less","well.png","lake.png","less.mp3","abcdefghijklmnopqrstuvwxyz"],["openwindow1","1","Description","LEGIT","more","tank.png","bucket.png","more.mp3","abcdefghijklmnopqrstuvwxyz"],["openwindow1","1","Description","LEGIT","more","bigglass.png","smallglass.png","more.mp3","abcdefghijklmnopqrstuvwxyz"],["openwindow1","1","Description","LEGIT","less","smallcan.png","bigcan.png","less.mp3","abcdefghijklmnopqrstuvwxyz"],["openwindow1","1","Description","LEGIT","less","smallpopcorn.png","bigpopcorn.png","less.mp3","abcdefghijklmnopqrstuvwxyz"],["quizliteracy","1","Description","soundonly_image","cup.png","tub.png","pot.png","cup.png","","","less.mp3"],["quizliteracy","1","Description","soundonly_image","bucket.png","tank.png","well.png","bucket.png","","","less.mp3"],["quizliteracy","1","Description","soundonly_image","smallcan.png","smallcan.png","bigcan.png","tank.png","","","more.mp3"]]}]],0,0,[],[],[]]]]