[1,["3aGgga4SBGRKjMhNGMjnkj","85Mx2e6+RMnJ6aMPn2HJpV","9dek2EbjpHvY9WwmtciEWR","e8pPUd3A1Ep46XQWbxu/eM","4c82l+bNNIXaBk33ZtCV25","00jLYbyCJJA6SXKWZf0Xp0","47G0Lh7rZLE7F2YFMk+gb4"],["_textureSetter"],["cc.Texture2D","cc.SpriteFrame",["cc.AudioClip",["_name","_native","duration"],0],["cc.JsonAsset",["_name","json"],1]],[[2,0,1,2,4],[3,0,1,3]],[[["0,9729,9729,33071,33071,0,0,1",-1],[0],0,[],[],[]],[[[0,"eat",".mp3",0.653061],-1],0,0,[],[],[]],[[[0,"We_do_not_cook_at_home",".mp3",1.985306],-1],0,0,[],[],[]],[[[0,"run",".mp3",0.731429],-1],0,0,[],[],[]],[[[0,"taste",".mp3",0.783673],-1],0,0,[],[],[]],[[[0,"sing",".mp3",0.940408],-1],0,0,[],[],[]],[[[0,"The_students_are_not_strong",".mp3",2.011429],-1],0,0,[],[],[]],[[{"name":"image_20_3","rect":[0,0,845,695],"offset":[0,0],"originalSize":[845,695],"capInsets":[0,0,0,0]}],[1],0,[0],[0],[0]],[["1,9729,9729,33071,33071,0,0,1",-1],[0],0,[],[],[]],[["1,9729,9729,33071,33071,0,0,1",-1],[0],0,[],[],[]],[[[0,"sam_eats",".mp3",1.306122],-1],0,0,[],[],[]],[["0,9729,9729,33071,33071,0,0,1",-1],[0],0,[],[],[]],[[[0,"see",".mp3",0.731429],-1],0,0,[],[],[]],[[{"name":"like_5","rect":[0,0,1000,795],"offset":[0,0],"originalSize":[1000,795],"capInsets":[0,0,0,0]}],[1],0,[0],[0],[1]],[[[0,"write",".mp3",0.757551],-1],0,0,[],[],[]],[["0,9729,9729,33071,33071,0,0,1",-1],[0],0,[],[],[]],[[[0,"he_is_eating_salad",".mp3",1.567347],-1],0,0,[],[],[]],[[[0,"swim",".mp3",0.809796],-1],0,0,[],[],[]],[[{"name":"image_8_2","rect":[0,0,845,695],"offset":[0,0],"originalSize":[845,695],"capInsets":[0,0,0,0]}],[1],0,[0],[0],[2]],[[[0,"actions",".mp3",0.888163],-1],0,0,[],[],[]],[[[1,"sl_en2601",{"rows":[["tag","1","Description","image_8_1.jpg","actions","320.-1489","actions.mp3","read","553.-501","read.mp3","write","266.-1184","write.mp3","sing","1134.-501","sing.mp3","run","1260.-1213","run.mp3"],["tag","1","Description","image_8_2.jpg","actions","320.-1489","actions.mp3","eat","245.-972","eat.mp3","swim","271.-540","swim.mp3","kick","1347.-586","kick.mp3","play","1105.-1392","play.mp3"],["tag","1","Description","image_20_3.jpg","senses","280.-1520","senses.mp3","see","1098.-1245","see.mp3","hear","1327.-850","hear.mp3","smell","1270.-577","smell.mp3","taste","301.-1133","taste.mp3","touch","296.-698","touch.mp3"],["fillblank","1","Description","Idris [doesn't] want to fish.","Idris_doesn't_want_to_fish.mp3","don't","isn't","can't","15"],["fillblank","1","Description","The students [are not] strong.","The_students_are_not_strong.mp3","is not","does not","cannot","15"],["fillblank","1","Description","The students [aren't] strong.","The_students_aren_t_strong.mp3","don't","can't","isn't","15"],["fillblank","1","Description","Their parents [are] kind.","Their_parents_are_kind.mp3","do","am","is","10"],["fillblank","1","Description","We [do not] cook at home.","We_do_not_cook_at_home.mp3","are not","does not","is not","10"],["quizliteracy","1","Description","image_sentence","Sam eats.","Sam eats.","Mac plays.","The plant grows.","like_5.png","","sam_eats.mp3"],["quizliteracy","1","Description","image_sentence","He is eating salad.","He is jumping.","He is reading a book.","He is eating salad.","l8_heeatingsalad.png","","he_is_eating_salad.mp3"],["quizliteracy","1","Description","image_word","read","read","sing","swim","l8_boyreading.png"],["quizliteracy","1","Description","image_word","swim","read","sing","swim","l8_heswimming.png"],["quizliteracy","1","Description","soundonly_word","play","fly","clay","play","","","play.mp3"]]}]],0,0,[],[],[]],[["1,9729,9729,33071,33071,0,0,1",-1],[0],0,[],[],[]],[[[0,"senses",".mp3",0.992653],-1],0,0,[],[],[]],[[[0,"read",".mp3",0.731429],-1],0,0,[],[],[]],[[{"name":"l8_heswimming","rect":[0,0,868,689],"offset":[0,0],"originalSize":[868,689],"capInsets":[0,0,0,0]}],[1],0,[0],[0],[3]],[[{"name":"l8_heeatingsalad","rect":[0,0,868,689],"offset":[0,0],"originalSize":[868,689],"capInsets":[0,0,0,0]}],[1],0,[0],[0],[4]],[[[0,"Idris_doesn't_want_to_fish",".mp3",2.037551],-1],0,0,[],[],[]],[[[0,"Their_parents_are_kind",".mp3",2.011429],-1],0,0,[],[],[]],[[[0,"kick",".mp3",0.731429],-1],0,0,[],[],[]],[[[0,"The_students_aren_t_strong",".mp3",1.828571],-1],0,0,[],[],[]],[[{"name":"l8_boyreading","rect":[0,0,868,689],"offset":[0,0],"originalSize":[868,689],"capInsets":[0,0,0,0]}],[1],0,[0],[0],[5]],[[[0,"hear",".mp3",0.600816],-1],0,0,[],[],[]],[[[0,"play",".mp3",0.809796],-1],0,0,[],[],[]],[["0,9729,9729,33071,33071,0,0,1",-1],[0],0,[],[],[]],[[[0,"smell",".mp3",0.862041],-1],0,0,[],[],[]],[[{"name":"image_8_1","rect":[0,0,845,695],"offset":[0,0],"originalSize":[845,695],"capInsets":[0,0,0,0]}],[1],0,[0],[0],[6]],[[[0,"touch",".mp3",0.835918],-1],0,0,[],[],[]]]]