[1,["64W7UaObxMuakgXwjm7cSJ","0cqwMeTmdEj5HH4omkHIj6"],["_textureSetter"],["cc.Texture2D","cc.SpriteFrame",["cc.JsonAsset",["_name","json"],1]],[[2,0,1,3]],[[["0,9729,9729,33071,33071,0,0,1",-1],[0],0,[],[],[]],[[{"name":"house-outline-tutorial","rect":[213,0,564,608],"offset":[-5,2],"originalSize":[1000,612],"capInsets":[0,0,0,0]}],[1],0,[0],[0],[0]],[[{"name":"house-outline","rect":[242,12,505,585],"offset":[-5.5,1.5],"originalSize":[1000,612],"capInsets":[0,0,0,0]}],[1],0,[0],[0],[1]],[["0,9729,9729,33071,33071,0,0,1",-1],[0],0,[],[],[]],[[[0,"house-outline-tutorial-json",[[{"x":304,"y":350.5},{"x":308,"y":350.5},{"x":310,"y":353.5},{"x":313,"y":352.5},{"x":315,"y":355.5},{"x":318,"y":357.5},{"x":320,"y":360.5},{"x":323,"y":361.5},{"x":326,"y":365.5},{"x":329,"y":366.5},{"x":333,"y":371.5},{"x":336,"y":372.5},{"x":338,"y":375.5},{"x":341,"y":376.5},{"x":342,"y":379.5},{"x":351,"y":384.5},{"x":355,"y":388.5},{"x":359,"y":392.5},{"x":364,"y":397.5},{"x":367,"y":398.5},{"x":368,"y":401.5},{"x":371,"y":402.5},{"x":374,"y":404.5},{"x":376,"y":407.5},{"x":380,"y":411.5},{"x":387,"y":415.5},{"x":392,"y":420.5},{"x":395,"y":421.5},{"x":400,"y":426.5},{"x":399,"y":423.5},{"x":402,"y":427.5},{"x":405,"y":429.5},{"x":409,"y":431.5},{"x":412,"y":433.5},{"x":415,"y":435.5},{"x":418,"y":439.5},{"x":426,"y":444.5},{"x":431,"y":447.5},{"x":434,"y":449.5},{"x":437,"y":451.5},{"x":439,"y":454.5},{"x":443,"y":456.5},{"x":446,"y":458.5},{"x":448,"y":461.5},{"x":451,"y":462.5},{"x":454,"y":464.5},{"x":456,"y":467.5},{"x":459,"y":470.5},{"x":462,"y":473.5},{"x":465,"y":475.5},{"x":467,"y":478.5},{"x":470,"y":480.5},{"x":473,"y":483.5},{"x":476,"y":484.5},{"x":478,"y":487.5},{"x":483,"y":490.5},{"x":485,"y":493.5},{"x":488,"y":496.5},{"x":491,"y":497.5},{"x":493,"y":500.5},{"x":497,"y":502.5},{"x":501,"y":506.5},{"x":504,"y":507.5},{"x":508,"y":508.5},{"x":511,"y":505.5},{"x":514,"y":502.5},{"x":517,"y":499.5},{"x":520,"y":496.5},{"x":524,"y":494.5},{"x":527,"y":492.5},{"x":531,"y":489.5},{"x":534,"y":487.5},{"x":539,"y":484.5},{"x":541,"y":481.5},{"x":545,"y":479.5},{"x":548,"y":477.5},{"x":552,"y":474.5},{"x":554,"y":471.5},{"x":558,"y":470.5},{"x":560,"y":466.5},{"x":565,"y":466.5},{"x":569,"y":463.5},{"x":573,"y":461.5},{"x":577,"y":459.5},{"x":581,"y":453.5},{"x":587,"y":448.5},{"x":592,"y":445.5},{"x":595,"y":441.5},{"x":599,"y":435.5},{"x":603,"y":433.5},{"x":607,"y":430.5},{"x":613,"y":424.5},{"x":619,"y":423.5},{"x":624,"y":420.5},{"x":632,"y":414.5},{"x":635,"y":411.5},{"x":639,"y":410.5},{"x":644,"y":404.5},{"x":651,"y":399.5},{"x":658,"y":391.5},{"x":661,"y":387.5},{"x":665,"y":386.5},{"x":668,"y":382.5},{"x":676,"y":376.5},{"x":678,"y":373.5},{"x":681,"y":372.5},{"x":685,"y":367.5},{"x":690,"y":362.5},{"x":693,"y":360.5},{"x":697,"y":358.5},{"x":701,"y":356.5},{"x":704,"y":352.5},{"x":708,"y":351.5},{"x":711,"y":348.5},{"x":703,"y":350.5},{"x":700,"y":351.5},{"x":697,"y":350.5},{"x":688,"y":354.5},{"x":685,"y":356.5},{"x":682,"y":357.5},{"x":679,"y":356.5},{"x":674,"y":356.5},{"x":670,"y":356.5},{"x":666,"y":356.5},{"x":662,"y":356.5},{"x":658,"y":356.5},{"x":653,"y":356.5},{"x":647,"y":356.5},{"x":642,"y":356.5},{"x":638,"y":356.5},{"x":633,"y":356.5},{"x":630,"y":354.5},{"x":627,"y":355.5},{"x":623,"y":355.5},{"x":619,"y":355.5},{"x":614,"y":355.5},{"x":607,"y":355.5},{"x":603,"y":353.5},{"x":599,"y":354.5},{"x":595,"y":354.5},{"x":587,"y":354.5},{"x":583,"y":354.5},{"x":577,"y":354.5},{"x":570,"y":352.5},{"x":566,"y":353.5},{"x":557,"y":353.5},{"x":548,"y":353.5},{"x":541,"y":353.5},{"x":537,"y":353.5},{"x":530,"y":353.5},{"x":526,"y":353.5},{"x":519,"y":352.5},{"x":509,"y":352.5},{"x":500,"y":352.5},{"x":497,"y":354.5},{"x":493,"y":353.5},{"x":486,"y":353.5},{"x":479,"y":353.5},{"x":475,"y":353.5},{"x":470,"y":353.5},{"x":462,"y":353.5},{"x":457,"y":353.5},{"x":453,"y":353.5},{"x":441,"y":353.5},{"x":437,"y":353.5},{"x":429,"y":353.5},{"x":425,"y":353.5},{"x":420,"y":353.5},{"x":414,"y":353.5},{"x":410,"y":353.5},{"x":406,"y":353.5},{"x":402,"y":353.5},{"x":396,"y":353.5},{"x":387,"y":353.5},{"x":383,"y":353.5},{"x":379,"y":353.5},{"x":374,"y":353.5},{"x":369,"y":353.5},{"x":363,"y":353.5},{"x":358,"y":353.5},{"x":351,"y":353.5},{"x":347,"y":353.5},{"x":342,"y":353.5},{"x":338,"y":353.5},{"x":334,"y":353.5},{"x":328,"y":353.5},{"x":324,"y":353.5},{"x":320,"y":353.5},{"x":316,"y":353.5},{"x":312,"y":353.5},{"x":308,"y":353.5},{"x":304,"y":351.5},{"x":303,"y":352.5}],[{"x":326,"y":347.5},{"x":326,"y":343.5},{"x":326,"y":338.5},{"x":326,"y":333.5},{"x":326,"y":329.5},{"x":326,"y":324.5},{"x":326,"y":320.5},{"x":324,"y":312.5},{"x":325,"y":305.5},{"x":325,"y":301.5},{"x":323,"y":298.5},{"x":324,"y":295.5},{"x":324,"y":290.5},{"x":324,"y":283.5},{"x":322,"y":275.5},{"x":323,"y":267.5},{"x":323,"y":263.5},{"x":323,"y":259.5},{"x":323,"y":255.5},{"x":323,"y":248.5},{"x":323,"y":244.5},{"x":323,"y":235.5},{"x":323,"y":228.5},{"x":323,"y":224.5},{"x":323,"y":218.5},{"x":321,"y":214.5},{"x":322,"y":210.5},{"x":322,"y":206.5},{"x":322,"y":201.5},{"x":323,"y":195.5},{"x":323,"y":190.5},{"x":323,"y":183.5},{"x":321,"y":174.5},{"x":322,"y":171.5},{"x":322,"y":166.5},{"x":322,"y":161.5},{"x":322,"y":157.5},{"x":324,"y":153.5},{"x":323,"y":150.5},{"x":323,"y":144.5},{"x":324,"y":141.5},{"x":324,"y":137.5},{"x":324,"y":133.5},{"x":324,"y":129.5},{"x":324,"y":123.5},{"x":324,"y":116.5},{"x":324,"y":108.5},{"x":324,"y":104.5},{"x":324,"y":100.5},{"x":324,"y":96.5},{"x":323,"y":93.5},{"x":323,"y":88.5},{"x":323,"y":84.5},{"x":323,"y":79.5},{"x":323,"y":75.5},{"x":323,"y":71.5},{"x":323,"y":67.5},{"x":323,"y":63.5},{"x":326,"y":64.5},{"x":331,"y":64.5},{"x":335,"y":64.5},{"x":339,"y":64.5},{"x":343,"y":64.5},{"x":349,"y":64.5},{"x":353,"y":61.5},{"x":356,"y":62.5},{"x":360,"y":62.5},{"x":365,"y":62.5},{"x":369,"y":62.5},{"x":374,"y":62.5},{"x":377,"y":60.5},{"x":381,"y":61.5},{"x":385,"y":61.5},{"x":390,"y":61.5},{"x":398,"y":61.5},{"x":402,"y":61.5},{"x":406,"y":61.5},{"x":410,"y":61.5},{"x":414,"y":61.5},{"x":418,"y":61.5},{"x":422,"y":63.5},{"x":425,"y":62.5},{"x":430,"y":62.5},{"x":435,"y":62.5},{"x":439,"y":62.5},{"x":445,"y":62.5},{"x":450,"y":62.5},{"x":454,"y":62.5},{"x":458,"y":62.5},{"x":463,"y":62.5},{"x":467,"y":62.5},{"x":474,"y":62.5},{"x":479,"y":62.5},{"x":483,"y":62.5},{"x":489,"y":62.5},{"x":497,"y":62.5},{"x":501,"y":60.5},{"x":508,"y":61.5},{"x":513,"y":61.5},{"x":521,"y":61.5},{"x":525,"y":59.5},{"x":530,"y":60.5},{"x":535,"y":60.5},{"x":541,"y":60.5},{"x":548,"y":58.5},{"x":559,"y":57.5},{"x":562,"y":58.5},{"x":568,"y":58.5},{"x":574,"y":58.5},{"x":581,"y":58.5},{"x":589,"y":62.5},{"x":592,"y":63.5},{"x":597,"y":64.5},{"x":602,"y":64.5},{"x":605,"y":61.5},{"x":609,"y":62.5},{"x":612,"y":61.5},{"x":616,"y":61.5},{"x":620,"y":61.5},{"x":628,"y":61.5},{"x":633,"y":59.5},{"x":636,"y":60.5},{"x":642,"y":60.5},{"x":646,"y":60.5},{"x":655,"y":60.5},{"x":662,"y":60.5},{"x":665,"y":62.5},{"x":668,"y":61.5},{"x":672,"y":61.5},{"x":676,"y":61.5},{"x":682,"y":61.5},{"x":686,"y":61.5},{"x":690,"y":63.5},{"x":693,"y":62.5},{"x":692,"y":65.5},{"x":692,"y":69.5},{"x":692,"y":75.5},{"x":690,"y":82.5},{"x":691,"y":85.5},{"x":691,"y":89.5},{"x":691,"y":95.5},{"x":691,"y":101.5},{"x":691,"y":107.5},{"x":691,"y":112.5},{"x":691,"y":118.5},{"x":693,"y":122.5},{"x":692,"y":126.5},{"x":693,"y":129.5},{"x":693,"y":136.5},{"x":693,"y":141.5},{"x":693,"y":147.5},{"x":693,"y":151.5},{"x":693,"y":157.5},{"x":693,"y":167.5},{"x":693,"y":171.5},{"x":691,"y":178.5},{"x":692,"y":181.5},{"x":692,"y":188.5},{"x":691,"y":193.5},{"x":690,"y":196.5},{"x":689,"y":205.5},{"x":691,"y":211.5},{"x":691,"y":219.5},{"x":692,"y":223.5},{"x":692,"y":227.5},{"x":692,"y":231.5},{"x":692,"y":236.5},{"x":692,"y":240.5},{"x":692,"y":245.5},{"x":690,"y":253.5},{"x":691,"y":257.5},{"x":691,"y":264.5},{"x":689,"y":267.5},{"x":690,"y":270.5},{"x":688,"y":275.5},{"x":689,"y":278.5},{"x":689,"y":282.5},{"x":689,"y":288.5},{"x":689,"y":292.5},{"x":689,"y":300.5},{"x":690,"y":305.5},{"x":690,"y":310.5},{"x":690,"y":316.5},{"x":690,"y":320.5},{"x":690,"y":326.5},{"x":690,"y":331.5},{"x":690,"y":337.5},{"x":690,"y":342.5},{"x":690,"y":346.5},{"x":690,"y":350.5},{"x":690,"y":352.5}]]]],0,0,[],[],[]],[[[0,"drawshape0005",{"rows":[["drawshape","1","Description","house-outline-tutorial.png"]]}]],0,0,[],[],[]]]]