[1,["f7NnqS9D9Jy6sxF1DLHzMV","dbElSULIVHkopoABUyXrtS","c8hxTeSVxI7503L6ob8No+","91Txf+4Q9ERLbXuoIepRAY"],["_textureSetter"],["cc.SpriteFrame","cc.Texture2D",["cc.AudioClip",["_name","_native","duration"],0],["cc.JsonAsset",["_name","json"],1]],[[2,0,1,2,4],[3,0,1,3]],[[[[0,"ತ",".mp3",0.504],-1],0,0,[],[],[]],[[[0,"ಅಪ್ಪುಗೆ",".mp3",0.792],-1],0,0,[],[],[]],[[[0,"ಬೆ",".mp3",0.552],-1],0,0,[],[],[]],[[{"name":"garlic","rect":[0,0,800,666],"offset":[0,0],"originalSize":[800,666],"capInsets":[0,0,0,0]}],[0],0,[0],[0],[0]],[[{"name":"bus","rect":[0,0,500,299],"offset":[0,0],"originalSize":[500,299],"capInsets":[0,0,0,0]}],[0],0,[0],[0],[1]],[[{"name":"scissors","rect":[0,0,533,800],"offset":[0,0],"originalSize":[533,800],"capInsets":[0,0,0,0]}],[0],0,[0],[0],[2]],[[[0,"ಪ",".mp3",0.504],-1],0,0,[],[],[]],[[[0,"ಅ",".mp3",0.456],-1],0,0,[],[],[]],[[[0,"ಹ",".mp3",0.504],-1],0,0,[],[],[]],[[{"name":"dad","rect":[0,0,500,333],"offset":[0,0],"originalSize":[500,333],"capInsets":[0,0,0,0]}],[0],0,[0],[0],[3]],[[[0,"ತಪಸ್ಸು",".mp3",0.888],-1],0,0,[],[],[]],[[[0,"ಕತ್ತರಿ",".mp3",0.792],-1],0,0,[],[],[]],[[[0,"ಸ್ಸು",".mp3",0.72],-1],0,0,[],[],[]],[[[0,"ಬಸ್ಸು",".mp3",0.792],-1],0,0,[],[],[]],[[[0,"ಬೆಳುಳ್ಳಿ",".mp3",0.792],-1],0,0,[],[],[]],[[[0,"ಹಳ್ಳ",".mp3",0.672],-1],0,0,[],[],[]],[[[0,"ಳ್ಳ",".mp3",0.624],-1],0,0,[],[],[]],[[[0,"ಗೆ",".mp3",0.576],-1],0,0,[],[],[]],[["0,9729,9729,33071,33071,0,0,1",-1],[1],0,[],[],[]],[[[0,"ಪ್ಪು",".mp3",0.696],-1],0,0,[],[],[]],[[[1,"kn2711",{"rows":[["spelldoor","1","Description","ಅ,ಪ್ಪ","**","0","0","dad.png","ಅಪ್ಪ.mp3"],["phonictractor","1","Description","4","ಅಪ್ಪುಗೆ","ಅಪ್ಪುಗೆ.mp3","ಅ","ಅ.mp3","ಪ್ಪು","ಪ್ಪು.mp3","ಗೆ","ಗೆ.mp3"],["spelldoor","1","Description","ಬ,ಸ್ಸು","**","0","0","bus.png","ಬಸ್ಸು.mp3"],["phonictractor","1","Description","4","ತಪಸ್ಸು","ತಪಸ್ಸು.mp3","ತ","ತ.mp3","ಪ","ಪ.mp3","ಸ್ಸು","ಸ್ಸು.mp3"],["spelldoor","1","Description","ಬೆ,ಳು,ಳ್ಳಿ","***","0","0","garlic.png","ಬೆಳುಳ್ಳಿ.mp3"],["phonictractor","1","Description","4","ಹಳ್ಳ","ಹಳ್ಳ.mp3","ಹ","ಹ.mp3","ಳ್ಳ","ಳ್ಳ.mp3"],["spelldoor","1","Description","ಕ,ತ್ತ,ರಿ","***","0","0","scissors.png","ಕತ್ತರಿ.mp3"],["phonictractor","1","Description","4","ಬೆತ್ತ","ಬೆತ್ತ.mp3","ಬೆ","ಬೆ.mp3","ತ್ತ","ತ್ತ.mp3"],["quizliteracy","1","Description","word_word","ಳುಳ್ಳಿ","ಳುಳ್ಳಿ","ಲ್ಲ","ವರು","","ಬೆ_____","ಬೆಳುಳ್ಳಿ.mp3"],["quizliteracy","1","Description","image_word","ಕತ್ತರಿ","ತಪಸ್ಸು","ಕತ್ತರಿ","ಅಪ್ಪುಗೆ","scissors.png"],["quizliteracy","1","Description","soundonly_word","ಬಸ್ಸು","ಹಳ್ಳ","ಬೆತ್ತ","ಬಸ್ಸು","","","ಬಸ್ಸು.mp3"]]}]],0,0,[],[],[]],[["0,9729,9729,33071,33071,0,0,1",-1],[1],0,[],[],[]],[["0,9729,9729,33071,33071,0,0,1",-1],[1],0,[],[],[]],[[[0,"ಅಪ್ಪ",".mp3",0.648],-1],0,0,[],[],[]],[[[0,"ಬೆತ್ತ",".mp3",0.696],-1],0,0,[],[],[]],[[[0,"ತ್ತ",".mp3",0.648],-1],0,0,[],[],[]],[["0,9729,9729,33071,33071,0,0,1",-1],[1],0,[],[],[]]]]