[1,["3b4Y1nkgxOMr2LRgxypJpf","e1nCJhXxBFXpsITGRFR3+X","caJrEh1PJBs6H/EoRRTPl3"],["_textureSetter"],["cc.SpriteFrame","cc.Texture2D",["cc.JsonAsset",["_name","json"],1],["cc.AudioClip",["_name","_native","duration"],0]],[[3,0,1,2,4],[2,0,1,3]],[[[{"name":"goat","rect":[0,0,640,478],"offset":[0,0],"originalSize":[640,478],"capInsets":[0,0,0,0]}],[0],0,[0],[0],[0]],[[[1,"mr0007",{"rows":[["balloonpop","1","Description","2","ए","3","ए,ऊ,ऋ","ए.mp3"],["phonictractor","1","Description","5","ए","ए.mp3","ए","ए.mp3"],["writeletter","1","Description","ए","एक"],["writecard","1","Description","ए","एक","one.png","एक.mp3","एडका","goat.png","एडका.mp3","एरंड","castor.png","एरंड.mp3"],["quizliteracy","1","Description","soundonly_word","ए","ए","ऊ","इ","","","ए.mp3"],["quizliteracy","1","Description","word_word","ए","इ","आ","ए","","ए"],["quizliteracy","1","Description","soundonly_word","ए","ए","ऊ","इ","","","ए.mp3"]]}]],0,0,[],[],[]],[["0,9729,9729,33071,33071,0,0,1",-1],[1],0,[],[],[]],[[{"name":"castor","rect":[0,0,640,427],"offset":[0,0],"originalSize":[640,427],"capInsets":[0,0,0,0]}],[0],0,[0],[0],[1]],[[[0,"ए",".mp3",0.783673],-1],0,0,[],[],[]],[[[0,"एडका",".mp3",0.992653],-1],0,0,[],[],[]],[["0,9729,9729,33071,33071,0,0,1",-1],[1],0,[],[],[]],[[{"name":"one","rect":[0,0,640,640],"offset":[0,0],"originalSize":[640,640],"capInsets":[0,0,0,0]}],[0],0,[0],[0],[2]],[[[0,"एक",".mp3",0.757551],-1],0,0,[],[],[]],[[[0,"एरंड",".mp3",0.966531],-1],0,0,[],[],[]],[["0,9729,9729,33071,33071,0,0,1",-1],[1],0,[],[],[]]]]