[1,["11h8RLpKtCFaXsj+Voomx2","fdHbwBc9VPVJdeFrM8/jFL","15HSDv/IVLJ7QoN9xEX9rx","6dYkYLDt9CDYYD3QhHwxrz","52f7n5amFFyaYh1v+pHq4d","08WCA5kD1HCYP5zlNpqBJW","2bcYzbimVOU5Zt9KzX3Hs7","59zSzkuC9BAYJyNybZMb8H","e7ifuxNHRO1obP/1hwlpd7","70m8id2EZM8r9Jva/NIlms","19r66gisFO55JIvV0J+N0F","f4/DvypFVANJVDNpz2t7ix","cd8WLaQYFLgrOBNLs9VUYH","560N0NLLJN046M7MAO6CMJ","c5rMj4tJ9ObbpVV3N0LGES","2cm5QZKOBFbbIB+dXCynMO","20QyCslzBIvpR8A2bENSLH","7e9b2JG2dCQZ6mvJPFqBvB","49HX7CqxtJwZHr+uCVK0/g","a8PULMSSNPRZ3XFVLQVbH8","9050u3qZtDPrMvLeZSgh+1","260smZTiZNkZjWDgXr0wYN","c1sKNatopOnrR7wSo1OO7Z","505K4t15dLWrVirDn+4rV9","55a6oN8mVNIIm+GWFN+RiC","970+v9pipFhYNEaciGL1A/"],["_textureSetter"],["cc.SpriteFrame","cc.Texture2D",["cc.AudioClip",["_name","_native","duration"],0],["cc.JsonAsset",["_name","json"],1]],[[2,0,1,2,4],[3,0,1,3]],[[[{"name":"l15_housebtwtrees","rect":[0,0,868,689],"offset":[0,0],"originalSize":[868,689],"capInsets":[0,0,0,0]}],[0],0,[0],[0],[0]],[["0,9729,9729,33071,33071,0,0,1",-1],[1],0,[],[],[]],[[{"name":"l13_oldmanbtwboys","rect":[0,0,868,689],"offset":[0,0],"originalSize":[868,689],"capInsets":[0,0,0,0]}],[0],0,[0],[0],[1]],[[[0,"The_old_man_is_in_front_of_the_girl",".mp3",3.096],-1],0,0,[],[],[]],[[{"name":"l13_oldmanfrontgirl","rect":[0,0,868,689],"offset":[0,0],"originalSize":[868,689],"capInsets":[0,0,0,0]}],[0],0,[0],[0],[2]],[[[0,"The_boy_is_standing_next_to_the_chair",".mp3",3.432],-1],0,0,[],[],[]],[[[0,"The_lion_is_behind_the_tree",".mp3",2.808],-1],0,0,[],[],[]],[["0,9729,9729,33071,33071,0,0,1",-1],[1],0,[],[],[]],[["0,9729,9729,33071,33071,0,0,1",-1],[1],0,[],[],[]],[["0,9729,9729,33071,33071,0,0,1",-1],[1],0,[],[],[]],[[[0,"The_goat_is_between_the_cow_and_the_dog",".mp3",3.528],-1],0,0,[],[],[]],[[{"name":"l15_boystandbhdchair","rect":[0,0,868,689],"offset":[0,0],"originalSize":[868,689],"capInsets":[0,0,0,0]}],[0],0,[0],[0],[3]],[[[0,"The_school_is_in_front_of_the_park",".mp3",2.976],-1],0,0,[],[],[]],[[{"name":"l15_manwalkingtobstop","rect":[0,0,868,689],"offset":[0,0],"originalSize":[868,689],"capInsets":[0,0,0,0]}],[0],0,[0],[0],[4]],[["0,9729,9729,33071,33071,0,0,1",-1],[1],0,[],[],[]],[[{"name":"l15_shereadundertree","rect":[0,0,868,689],"offset":[0,0],"originalSize":[868,689],"capInsets":[0,0,0,0]}],[0],0,[0],[0],[5]],[["0,9729,9729,33071,33071,0,0,1",-1],[1],0,[],[],[]],[[[0,"The_old_man_is_between_the_boys",".mp3",3.12],-1],0,0,[],[],[]],[["0,9729,9729,33071,33071,0,0,1",-1],[1],0,[],[],[]],[["0,9729,9729,33071,33071,0,0,1",-1],[1],0,[],[],[]],[[[0,"The_boy_is_standing_behind_the_chiar",".mp3",3.36],-1],0,0,[],[],[]],[[{"name":"l15_orangesinbox","rect":[0,0,868,689],"offset":[0,0],"originalSize":[868,689],"capInsets":[0,0,0,0]}],[0],0,[0],[0],[6]],[[[0,"She_is_reading_on_the_table",".mp3",2.496],-1],0,0,[],[],[]],[[[0,"The_frog_is_on_the_leaf",".mp3",2.424],-1],0,0,[],[],[]],[[{"name":"l15_mansittingatbstop","rect":[0,0,868,689],"offset":[0,0],"originalSize":[868,689],"capInsets":[0,0,0,0]}],[0],0,[0],[0],[7]],[[{"name":"l13_oldmanbehindgirl","rect":[0,0,868,689],"offset":[0,0],"originalSize":[868,689],"capInsets":[0,0,0,0]}],[0],0,[0],[0],[8]],[["0,9729,9729,33071,33071,0,0,1",-1],[1],0,[],[],[]],[["0,9729,9729,33071,33071,0,0,1",-1],[1],0,[],[],[]],[["0,9729,9729,33071,33071,0,0,1",-1],[1],0,[],[],[]],[["0,9729,9729,33071,33071,0,0,1",-1],[1],0,[],[],[]],[["0,9729,9729,33071,33071,0,0,1",-1],[1],0,[],[],[]],[[[0,"There_is_a_tree_between_the_houses",".mp3",3.144],-1],0,0,[],[],[]],[["0,9729,9729,33071,33071,0,0,1",-1],[1],0,[],[],[]],[[{"name":"l15_boystandnextchair","rect":[0,0,868,689],"offset":[0,0],"originalSize":[868,689],"capInsets":[0,0,0,0]}],[0],0,[0],[0],[9]],[[{"name":"l15_treebtwhouses","rect":[0,0,868,689],"offset":[0,0],"originalSize":[868,689],"capInsets":[0,0,0,0]}],[0],0,[0],[0],[10]],[[[0,"The_bus_stop_is_behind_the_park",".mp3",3.048],-1],0,0,[],[],[]],[["0,9729,9729,33071,33071,0,0,1",-1],[1],0,[],[],[]],[["0,9729,9729,33071,33071,0,0,1",-1],[1],0,[],[],[]],[[{"name":"l15_shereadundertable","rect":[0,0,868,689],"offset":[0,0],"originalSize":[868,689],"capInsets":[0,0,0,0]}],[0],0,[0],[0],[11]],[[[0,"The_school_is_next_to_the_park",".mp3",2.832],-1],0,0,[],[],[]],[[{"name":"l15_mangoesinbasket","rect":[0,0,868,689],"offset":[0,0],"originalSize":[868,689],"capInsets":[0,0,0,0]}],[0],0,[0],[0],[12]],[[[0,"There_are_oranges_on_the_box",".mp3",2.376],-1],0,0,[],[],[]],[[{"name":"l13_busstopfrontschool","rect":[0,0,868,689],"offset":[0,0],"originalSize":[868,689],"capInsets":[0,0,0,0]}],[0],0,[0],[0],[13]],[["0,9729,9729,33071,33071,0,0,1",-1],[1],0,[],[],[]],[[[0,"The_boy_is_under_the_table",".mp3",2.472],-1],0,0,[],[],[]],[[[0,"She_is_reading_under_the_table",".mp3",2.64],-1],0,0,[],[],[]],[[[0,"The_boy_is_standing_between_the_chairs",".mp3",3.528],-1],0,0,[],[],[]],[[{"name":"l15_shereadontable","rect":[0,0,868,689],"offset":[0,0],"originalSize":[868,689],"capInsets":[0,0,0,0]}],[0],0,[0],[0],[14]],[["0,9729,9729,33071,33071,0,0,1",-1],[1],0,[],[],[]],[[[0,"The_bus_stop_is_in_front_of_the_school",".mp3",3.312],-1],0,0,[],[],[]],[[[0,"The_man_is_walking_to_the_bus_stop",".mp3",3.144],-1],0,0,[],[],[]],[[{"name":"l15_boystandbtwchairs","rect":[0,0,868,689],"offset":[0,0],"originalSize":[868,689],"capInsets":[0,0,0,0]}],[0],0,[0],[0],[15]],[["0,9729,9729,33071,33071,0,0,1",-1],[1],0,[],[],[]],[[{"name":"l13_goatbtwcow_dog","rect":[0,0,868,689],"offset":[0,0],"originalSize":[868,689],"capInsets":[0,0,0,0]}],[0],0,[0],[0],[16]],[["0,9729,9729,33071,33071,0,0,1",-1],[1],0,[],[],[]],[[[0,"There_are_mangoes_in_the_basket",".mp3",2.952],-1],0,0,[],[],[]],[[[0,"She_is_reading_under_the_tree",".mp3",2.664],-1],0,0,[],[],[]],[[{"name":"l15_manstandbybstop","rect":[0,0,868,689],"offset":[0,0],"originalSize":[868,689],"capInsets":[0,0,0,0]}],[0],0,[0],[0],[17]],[[[0,"There_is_a_house_between_the_trees",".mp3",3.048],-1],0,0,[],[],[]],[[{"name":"l15_orangesonbox","rect":[0,0,864,685],"offset":[0,0],"originalSize":[864,685],"capInsets":[0,0,0,0]}],[0],0,[0],[0],[18]],[[[0,"Many_books_are_on_the_desk",".mp3",2.544],-1],0,0,[],[],[]],[[[0,"The_dog_is_between_the_goat_and_the_sheep",".mp3",3.504],-1],0,0,[],[],[]],[[{"name":"l13_dogbtwcow_goat","rect":[0,0,868,689],"offset":[0,0],"originalSize":[868,689],"capInsets":[0,0,0,0]}],[0],0,[0],[0],[19]],[[[0,"The_boy_is_between_Dev_and_Lily",".mp3",3.24],-1],0,0,[],[],[]],[[[0,"The_ball_is_under_the_desk",".mp3",2.496],-1],0,0,[],[],[]],[[[0,"There_is_a_house_next_to_the_tree",".mp3",2.928],-1],0,0,[],[],[]],[["0,9729,9729,33071,33071,0,0,1",-1],[1],0,[],[],[]],[[{"name":"l10_ballunderdesk","rect":[0,0,868,689],"offset":[0,0],"originalSize":[868,689],"capInsets":[0,0,0,0]}],[0],0,[0],[0],[20]],[[[0,"The_dog_is_between_the_cow_and_the_goat",".mp3",3.432],-1],0,0,[],[],[]],[["0,9729,9729,33071,33071,0,0,1",-1],[1],0,[],[],[]],[["0,9729,9729,33071,33071,0,0,1",-1],[1],0,[],[],[]],[[[0,"The_man_is_standing_by_the_bus_stop",".mp3",3.288],-1],0,0,[],[],[]],[[{"name":"l13_schoolnextpark","rect":[0,0,868,689],"offset":[0,0],"originalSize":[868,689],"capInsets":[0,0,0,0]}],[0],0,[0],[0],[21]],[[[1,"en2903",{"rows":[["fillblank","1","Description","The boy is [under] the table.","The_boy_is_under_the_table.mp3","on","in","next to","15"],["fillblank","1","Description","The bus stop is [behind] the park.","The_bus_stop_is_behind_the_park.mp3","next to","between","in front of","15"],["picturemeaning","1","Description","P","The school is in front of the park.","l13_schoolfrontpark.png","The_school_is_in_front_of_the_park.mp3","The school is next to the park.","l13_schoolnextpark.png","The_school_is_next_to_the_park.mp3","The bus stop is in front of the school.","l13_busstopfrontschool.png","The_bus_stop_is_in_front_of_the_school.mp3"],["picturemeaning","1","Description","P","The dog is between the goat and the sheep.","l13_dogbtwgoat_sheep.png","The_dog_is_between_the_goat_and_the_sheep.mp3","The dog is between the cow and the goat.","l13_dogbtwcow_goat.png","The_dog_is_between_the_cow_and_the_goat.mp3","The goat is between the cow and the dog.","l13_goatbtwcow_dog.png","The_goat_is_between_the_cow_and_the_dog.mp3"],["picturemeaning","1","Description","P","The old man is between the boys.","l13_oldmanbtwboys.png","The_old_man_is_between_the_boys.mp3","The old man is in front of the girl.","l13_oldmanfrontgirl.png","The_old_man_is_in_front_of_the_girl.mp3","The old man is behind the girl.","l13_oldmanbehindgirl.png","The_old_man_is_behind_the_girl.mp3"],["picturemeaning","1","Description","S","She is reading under the tree.","l15_shereadundertree.png","She_is_reading_under_the_tree.mp3","She is reading under the table.","l15_shereadundertable.png","She_is_reading_under_the_table.mp3","She is reading on the table.","l15_shereadontable.png","She_is_reading_on_the_table.mp3"],["picturemeaning","1","Description","S","The boy is standing between the chairs.","l15_boystandbtwchairs.png","The_boy_is_standing_between_the_chairs.mp3","The boy is standing behind the chiar.","l15_boystandbhdchair.png","The_boy_is_standing_behind_the_chiar.mp3","The boy is standing next to the chair.","l15_boystandnextchair.png","The_boy_is_standing_next_to_the_chair.mp3"],["picturemeaning","1","Description","P","The man is standing by the bus stop.","l15_manstandbybstop.png","The_man_is_standing_by_the_bus_stop.mp3","The man is walking to the bus stop.","l15_manwalkingtobstop.png","The_man_is_walking_to_the_bus_stop.mp3","The man is sitting at the bus stop.","l15_mansittingatbstop.png","The_man_is_sitting_at_the_bus_stop.mp3"],["picturemeaning","1","Description","P","There is a house next to the tree.","l15_housenexttree.png","There_is_a_house_next_to_the_tree.mp3","There is a house between the trees.","l15_housebtwtrees.png","There_is_a_house_between_the_trees.mp3","There is a tree between the houses.","l15_treebtwhouses.png","There_is_a_tree_between_the_houses.mp3"],["picturemeaning","1","Description","P","There are oranges in the box.","l15_orangesinbox.png","There_are_oranges_in_the_box.mp3","There are mangoes in the basket.","l15_mangoesinbasket.png","There_are_mangoes_in_the_basket.mp3","There are oranges on the box.","l15_orangesonbox.png","There_are_oranges_on_the_box.mp3"],["quizliteracy","1","Description","image_sentence","The ball is under the desk.","The ball is on the desk. ","The ball is in the desk.","The ball is under the desk.","l10_ballunderdesk.png","","The_ball_is_under_the_desk.mp3"],["quizliteracy","1","Description","image_sentence","The frog is on the leaf.","The frog is on the leaf.","The frog in under the leaf,","The frog is in the water.","l10_frogonleaf.png","","The_frog_is_on_the_leaf.mp3"],["quizliteracy","1","Description","sentence_sentence","on","under","next to","on","","Many books are ___ the desk.","Many_books_are_on_the_desk.mp3"],["quizliteracy","1","Description","sentence_sentence","between","next to","between","in front of","","The boy is _______ Dev and Lily.","The_boy_is_between_Dev_and_Lily.mp3"],["quizliteracy","1","Description","sentence_sentence","behind","behind","on","under","","The lion is ______ the tree.","The_lion_is_behind_the_tree.mp3"]]}]],0,0,[],[],[]],[[{"name":"l13_dogbtwgoat_sheep","rect":[0,0,868,689],"offset":[0,0],"originalSize":[868,689],"capInsets":[0,0,0,0]}],[0],0,[0],[0],[22]],[[{"name":"l15_housenexttree","rect":[0,0,868,689],"offset":[0,0],"originalSize":[868,689],"capInsets":[0,0,0,0]}],[0],0,[0],[0],[23]],[[[0,"The_man_is_sitting_at_the_bus_stop",".mp3",3],-1],0,0,[],[],[]],[["0,9729,9729,33071,33071,0,0,1",-1],[1],0,[],[],[]],[[[0,"There_are_oranges_in_the_box",".mp3",2.352],-1],0,0,[],[],[]],[["0,9729,9729,33071,33071,0,0,1",-1],[1],0,[],[],[]],[[[0,"The_old_man_is_behind_the_girl",".mp3",2.952],-1],0,0,[],[],[]],[["0,9729,9729,33071,33071,0,0,1",-1],[1],0,[],[],[]],[[{"name":"l13_schoolfrontpark","rect":[0,0,868,689],"offset":[0,0],"originalSize":[868,689],"capInsets":[0,0,0,0]}],[0],0,[0],[0],[24]],[[{"name":"l10_frogonleaf","rect":[0,0,869,689],"offset":[0,0],"originalSize":[869,689],"capInsets":[0,0,0,0]}],[0],0,[0],[0],[25]]]]