[1,["42pAQBHK1L9Kl8t3Mau33f","62B4bODzBMuImQZ6XDJRV9","9cqXm5P7ZDla0gPhaF+FfC","ecLa3cxOpCypjwAD8p2s8u","e7EmrAppVE1oRf2hxR0uxL","3arKFCKHpNJY80VYiQGbEJ","45BTm53zNKx5+AVPFdoVKy","660YLtZStI+Ib4zChnjlWu","d4nj6VKyZD05WEfE67fs9R","a0DZVVD/ZD+7mYXNy3Ijj4","156XtOOepB7pLe7GMdlhbu","1a3Q4o9zFFbb7zuOlvFc1X","70Cbcj4dhGC4LHCgLNmC38","79zK3AntVHCbwpVin7EPyU"],["_textureSetter"],["cc.SpriteFrame","cc.Texture2D",["cc.AudioClip",["_name","_native","duration"],0],["cc.JsonAsset",["_name","json"],1]],[[2,0,1,2,4],[3,0,1,3]],[[[[0,"पेड",".mp3",0.548571],-1],0,0,[],[],[]],[[[0,"सिंक",".mp3",0.574694],-1],0,0,[],[],[]],[[[0,"भोजन",".mp3",0.835918],-1],0,0,[],[],[]],[[[0,"बाथटब",".mp3",0.783673],-1],0,0,[],[],[]],[[[0,"खिडकी",".mp3",0.783673],-1],0,0,[],[],[]],[[[0,"केक",".mp3",0.522449],-1],0,0,[],[],[]],[[[0,"संज्ञा_शब्द_चुनें",".mp3",2.592],-1],0,0,[],[],[]],[[[0,"छात्र",".mp3",0.783673],-1],0,0,[],[],[]],[[{"name":"फूल","rect":[0,0,140,140],"offset":[0,0],"originalSize":[140,140],"capInsets":[0,0,0,0]}],[0],0,[0],[0],[0]],[["1,9729,9729,33071,33071,0,0,1",-1],[1],0,[],[],[]],[["0,9729,9729,33071,33071,0,0,1",-1],[1],0,[],[],[]],[[[0,"बाड़",".mp3",2.716735],-1],0,0,[],[],[]],[[[0,"गुसलखाना",".mp3",1.17551],-1],0,0,[],[],[]],[[[0,"टोपी",".mp3",0.783673],-1],0,0,[],[],[]],[[[0,"कप",".mp3",0.470204],-1],0,0,[],[],[]],[[[0,"सोफ़ा",".mp3",0.783673],-1],0,0,[],[],[]],[[[0,"जाया_रसोई-घर_में_है",".mp3",1.854694],-1],0,0,[],[],[]],[[{"name":"image_15_4","rect":[0,0,845,695],"offset":[0,0],"originalSize":[845,695],"capInsets":[0,0,0,0]}],[0],0,[0],[0],[1]],[[[0,"तारा",".mp3",0.574694],-1],0,0,[],[],[]],[["0,9729,9729,33071,33071,0,0,1",-1],[1],0,[],[],[]],[[{"name":"image_11_4","rect":[0,0,845,695],"offset":[0,0],"originalSize":[845,695],"capInsets":[0,0,0,0]}],[0],0,[0],[0],[2]],[[{"name":"सूरज","rect":[0,0,140,140],"offset":[0,0],"originalSize":[140,140],"capInsets":[0,0,0,0]}],[0],0,[0],[0],[3]],[["0,9729,9729,33071,33071,0,0,1",-1],[1],0,[],[],[]],[[{"name":"image_15_3","rect":[0,0,845,695],"offset":[0,0],"originalSize":[845,695],"capInsets":[0,0,0,0]}],[0],0,[0],[0],[4]],[[[0,"टेलीविजन",".mp3",0.888163],-1],0,0,[],[],[]],[["1,9729,9729,33071,33071,0,0,1",-1],[1],0,[],[],[]],[[[0,"मेज",".mp3",0.679184],-1],0,0,[],[],[]],[[[0,"दीपक",".mp3",0.809796],-1],0,0,[],[],[]],[[{"name":"आग","rect":[0,0,140,140],"offset":[0,0],"originalSize":[140,140],"capInsets":[0,0,0,0]}],[0],0,[0],[0],[5]],[[[0,"तौलिया",".mp3",0.626939],-1],0,0,[],[],[]],[["1,9729,9729,33071,33071,0,0,1",-1],[1],0,[],[],[]],[[[0,"उपहार",".mp3",0.783673],-1],0,0,[],[],[]],[["1,9729,9729,33071,33071,0,0,1",-1],[1],0,[],[],[]],[[[0,"यार्ड",".mp3",0.600816],-1],0,0,[],[],[]],[[[0,"साबुन",".mp3",0.731429],-1],0,0,[],[],[]],[[{"name":"image_15_2","rect":[0,0,845,695],"offset":[0,0],"originalSize":[845,695],"capInsets":[0,0,0,0]}],[0],0,[0],[0],[6]],[["0,9729,9729,33071,33071,0,0,1",-1],[1],0,[],[],[]],[[[0,"कक्षा",".mp3",0.705306],-1],0,0,[],[],[]],[[{"name":"image_11_3","rect":[0,0,845,695],"offset":[0,0],"originalSize":[845,695],"capInsets":[0,0,0,0]}],[0],0,[0],[0],[7]],[[[0,"पानी",".mp3",0.626939],-1],0,0,[],[],[]],[[{"name":"image_11_1","rect":[0,0,845,695],"offset":[0,0],"originalSize":[845,695],"capInsets":[0,0,0,0]}],[0],0,[0],[0],[8]],[[{"name":"पेड","rect":[0,0,140,140],"offset":[0,0],"originalSize":[140,140],"capInsets":[0,0,0,0]}],[0],0,[0],[0],[9]],[["1,9729,9729,33071,33071,0,0,1",-1],[1],0,[],[],[]],[[[1,"hi1415",{"rows":[["tag","1","Description","image_11_1.jpg"," घर ","1112.-1504","घर.mp3","खिड़की","1245.-1120","खिडकी.mp3","दरवाजा","1130.-580","दरवाजा.mp3","छत","492.-1242","छत.mp3","यार्ड","430.-606","यार्ड.mp3"],["tag","1","Description","image_11_2.jpg","आँगन ","319.-1488","आँगन.mp3","पेड़","1256.-1272","पेड़.mp3","फूल","680.-986","फूल.mp3","बाड़","1256.-745","बाड़.mp3","तंबू","627.-554","तंबू.mp3"],["tag","1","Description","image_11_3.jpg","ड्राइंग-रूम","319.-1488","ड्राइंग-रूम.mp3","मेज","1143.-627","मेज.mp3","सोफ़ा","395.-609","सोफ़ा.mp3","दीपक","654.-1168","दीपक.mp3","टेलीविजन","1281.-967","टेलीविजन.mp3"],["tag","1","Description","image_11_4.jpg","गुसलखाना","280.-1520","गुसलखाना.mp3","बाथटब","434.-605","बाथटब.mp3","सिंक","934.-690","सिंक.mp3","साबुन","1094.-1035","साबुन.mp3","बुलबुले","306.-963","बुलबुले.mp3","तौलिया","838.-1213","तौलिया.mp3"],["letterpair","1","Description","image","image","आग.png","आग.png","आग.mp3","तारा.png","तारा.png","तारा.mp3","पानी.png","पानी.png","पानी.mp3","पेड.png","पेड.png","पेड.mp3","फूल.png","फूल.png","फूल.mp3","सूरज.png","सूरज.png","सूरज.mp3"],["fillblank","1","Description","यहाँ तीन [बिस्तर] हैं।","यहाँ_तीन_बिस्तर_हैं.mp3","कप","टेबल","प्लेट","10"],["fillblank","1","Description","हमें एक [दीया] चाहिए।","हमें_एक_दीयाचाहिए.mp3","टेबल","बिस्तर","कुरसी","10"],["fillblank","1","Description","जाया [रसोई-घर] में है।","जाया_रसोई-घर_में_है.mp3","बाथरूम","मैदान","कक्षा ","10"],["fillblank","1","Description","डेस्क पर [किताबें] हैं।","डेस्क_पर_किताबें_हैं.mp3","कुसि॔यां","डेस्क","कलम","15"],["fillblank","1","Description","उसके पास [कलम] नहीं है।","उसके_पास_कलम_नहीं_है.mp3","डेस्क","रबड़","कागज़","10"],["fillblank","1","Description","आपका [बैग] कहां है?","आपका_बैग_कहां_है.mp3","किताब","डेस्क","गोंद","10"],["tag","1","Description","image_15_1.jpg","कक्षा","297.-1520","कक्षा.mp3","छात्र","1223.-540","छात्र.mp3","शिक्षक","682.-852","शिक्षक.mp3","ब्लैकबोर्ड","1003.-1303","ब्लैकबोर्ड.mp3"],["tag","1","Description","image_15_2.jpg","कक्षा","1098.-1508","कक्षा.mp3","डेस्क","1280.-567","डेस्क.mp3","कुरसी","751.-640","कुरसी.mp3","किताब","363.-1162","किताब.mp3"],["tag","1","Description","image_15_3.jpg","भोजन","1118.-1373","भोजन.mp3","थाली","839.-522","थाली.mp3","चावल","458.-787","चावल.mp3","चम्मच","1093.-986","चम्मच.mp3","कप","532.-1187","कप.mp3"],["tag","1","Description","image_15_4.jpg","पार्टी","694.-1427","पार्टी.mp3","केक","1141.-568","केक.mp3","उपहार","381.-585","उपहार.mp3","टोपी","310.-1043","टोपी.mp3","गुब्बारा","751.-972","गुब्बारा.mp3"],["quizliteracy","1","Description","sentence_sentence","फल","फल","वह","तू","","संज्ञा शब्द चुनें","संज्ञा_शब्द_चुनें.mp3"],["quizliteracy","1","Description","sentence_sentence","मैना","पपीता","मैना","आप","","संज्ञा शब्द चुनें","संज्ञा_शब्द_चुनें.mp3"],["quizliteracy","1","Description","sentence_sentence","बंसी","वह","मछली","बंसी","","संज्ञा शब्द चुनें","संज्ञा_शब्द_चुनें.mp3"],["quizliteracy","1","Description","sentence_sentence","बैंगन","उसे","क्या","बैंगन","","संज्ञा शब्द चुनें","संज्ञा_शब्द_चुनें.mp3"],["quizliteracy","1","Description","sentence_sentence","फल","फल","वह","तू","","संज्ञा शब्द चुनें","संज्ञा_शब्द_चुनें.mp3"]]}]],0,0,[],[],[]],[[[0,"चम्मच",".mp3",0.992653],-1],0,0,[],[],[]],[[[0,"बुलबुले",".mp3",0.888163],-1],0,0,[],[],[]],[[[0,"किताब",".mp3",0.679184],-1],0,0,[],[],[]],[[[0,"गुब्बारा",".mp3",0.940408],-1],0,0,[],[],[]],[[[0,"थाली",".mp3",0.809796],-1],0,0,[],[],[]],[[[0,"शिक्षक",".mp3",0.888163],-1],0,0,[],[],[]],[[[0,"तंबू",".mp3",0.626939],-1],0,0,[],[],[]],[[[0,"छत",".mp3",0.522449],-1],0,0,[],[],[]],[[[0,"पेड़",".mp3",2.638367],-1],0,0,[],[],[]],[["1,9729,9729,33071,33071,0,0,1",-1],[1],0,[],[],[]],[["0,9729,9729,33071,33071,0,0,1",-1],[1],0,[],[],[]],[[[0,"घर",".mp3",0.626939],-1],0,0,[],[],[]],[[[0,"डेस्क_पर_किताबें_हैं",".mp3",1.880816],-1],0,0,[],[],[]],[[[0,"दरवाजा",".mp3",1.044898],-1],0,0,[],[],[]],[[[0,"आग",".mp3",0.574694],-1],0,0,[],[],[]],[[[0,"कुरसी",".mp3",0.783673],-1],0,0,[],[],[]],[[[0,"आपका_बैग_कहां_है",".mp3",1.671837],-1],0,0,[],[],[]],[[[0,"फूल",".mp3",0.600816],-1],0,0,[],[],[]],[[[0,"चावल",".mp3",0.809796],-1],0,0,[],[],[]],[[[0,"आँगन",".mp3",0.757551],-1],0,0,[],[],[]],[[[0,"डेस्क",".mp3",0.574694],-1],0,0,[],[],[]],[[[0,"ब्लैकबोर्ड",".mp3",0.835918],-1],0,0,[],[],[]],[[[0,"पार्टी",".mp3",0.705306],-1],0,0,[],[],[]],[[{"name":"image_15_1","rect":[0,0,845,695],"offset":[0,0],"originalSize":[845,695],"capInsets":[0,0,0,0]}],[0],0,[0],[0],[10]],[[{"name":"पानी","rect":[0,0,140,140],"offset":[0,0],"originalSize":[140,140],"capInsets":[0,0,0,0]}],[0],0,[0],[0],[11]],[[[0,"सूरज",".mp3",0.809796],-1],0,0,[],[],[]],[[{"name":"तारा","rect":[0,0,140,140],"offset":[0,0],"originalSize":[140,140],"capInsets":[0,0,0,0]}],[0],0,[0],[0],[12]],[["1,9729,9729,33071,33071,0,0,1",-1],[1],0,[],[],[]],[[[0,"ड्राइंग-रूम",".mp3",0.992653],-1],0,0,[],[],[]],[[[0,"उसके_पास_कलम_नहीं_है",".mp3",2.246531],-1],0,0,[],[],[]],[["1,9729,9729,33071,33071,0,0,1",-1],[1],0,[],[],[]],[["0,9729,9729,33071,33071,0,0,1",-1],[1],0,[],[],[]],[[[0,"यहाँ_तीन_बिस्तर_हैं",".mp3",1.750204],-1],0,0,[],[],[]],[[[0,"हमें_एक_दीयाचाहिए",".mp3",2.28],-1],0,0,[],[],[]],[[{"name":"image_11_2","rect":[0,0,845,695],"offset":[0,0],"originalSize":[845,695],"capInsets":[0,0,0,0]}],[0],0,[0],[0],[13]]]]