[1,["29VqwIMt9EarBchdahmTbj","21uwddrxlOEZ0abUfl+bN1","11LxRPNm5BTbX0VgKXBS2L","45AvN1cL5GLocEmNtKkYAR","eeotH7wPhCsJ/Wjw0PW1Pn"],["_textureSetter"],["cc.Texture2D","cc.SpriteFrame",["cc.JsonAsset",["_name","json"],1],["cc.AudioClip",["_name","_native","duration"],0]],[[3,0,1,2,4],[2,0,1,3]],[[["0,9729,9729,33071,33071,0,0,1",-1],[0],0,[],[],[]],[[{"name":"Sculptor","rect":[0,0,400,400],"offset":[0,0],"originalSize":[400,400],"capInsets":[0,0,0,0]}],[1],0,[0],[0],[0]],[["0,9729,9729,33071,33071,0,0,1",-1],[0],0,[],[],[]],[["0,9729,9729,33071,33071,0,0,1",-1],[0],0,[],[],[]],[[[1,"kn2_0703",{"rows":[["rocket","1","Description","   ಕಾಡುಗಳು","ಕಾ,ಡು,ಗ,ಳು","ಕಾ,ಡು,ಗ,ಳು","ಕಾಡುಗಳು.mp3","forest.png","False","False"],["rocket","1","Description","  ಹಳ್ಳಿಗಳು","ಹ,ಳ್ಳಿ,ಗ,ಳು","ಹ,ಳ್ಳಿ,ಗ,ಳು","ಹಳ್ಳಿಗಳು.mp3","village.png","False","False"],["rocket","1","Description","  ಮರಗಳು","ಮ,ರ,ಗ,ಳು","ಮ,ರ,ಗ,ಳು","ಮರಗಳು.mp3","trees.png","False","False"],["rocket","1","Description","  ಶಿಲ್ಪಿಗಳು","ಶಿ,ಲ್ಪಿ,ಗ,ಳು","ಶಿ,ಲ್ಪಿ,ಗ,ಳು","ಶಿಲ್ಪಿಗಳು.mp3","Sculptor.png","False","False"],["rocket","1","Description","  ಕೆರೆಗಳು","ಕೆ,ರೆ,ಗ,ಳು","ಕೆ,ರೆ,ಗ,ಳು","ಕೆರೆಗಳು.mp3","rivers.png","False","False"],["quizliteracy","1","Description","word_word","ಗಳು","ಗಳು","ಗನು","ಗುಳು","","ಕಾಡು__","ಕಾಡುಗಳು.mp3"],["quizliteracy","1","Description","word_word","ಗಳು","ಗಿಳಿ","ಗಳು","ವರು","","ಮರ__","ಮರಗಳು.mp3"],["quizliteracy","1","Description","word_word","ಗಳು","ಗನು","ಗಿಲು","ಗಳು","","ಕೆರೆ__","ಕೆರೆಗಳು.mp3"]]}]],0,0,[],[],[]],[["0,9729,9729,33071,33071,0,0,1",-1],[0],0,[],[],[]],[[{"name":"trees","rect":[0,0,400,400],"offset":[0,0],"originalSize":[400,400],"capInsets":[0,0,0,0]}],[1],0,[0],[0],[1]],[[{"name":"forest","rect":[0,0,400,400],"offset":[0,0],"originalSize":[400,400],"capInsets":[0,0,0,0]}],[1],0,[0],[0],[2]],[[[0,"ಕಾಡುಗಳು",".mp3",1.032],-1],0,0,[],[],[]],[[{"name":"rivers","rect":[0,0,400,400],"offset":[0,0],"originalSize":[400,400],"capInsets":[0,0,0,0]}],[1],0,[0],[0],[3]],[[{"name":"village","rect":[0,0,400,400],"offset":[0,0],"originalSize":[400,400],"capInsets":[0,0,0,0]}],[1],0,[0],[0],[4]],[[[0,"ಮರಗಳು",".mp3",0.936],-1],0,0,[],[],[]],[[[0,"ಶಿಲ್ಪಿಗಳು.mp3",".mp3",1.104],-1],0,0,[],[],[]],[[[0,"ಹಳ್ಳಿಗಳು.mp3",".mp3",1.032],-1],0,0,[],[],[]],[[[0,"ಕೆರೆಗಳು",".mp3",0.936],-1],0,0,[],[],[]],[["0,9729,9729,33071,33071,0,0,1",-1],[0],0,[],[],[]]]]