[1,["81kL5EBppLZK9mkyyTkHHK","99RtVnSbRFf4pDuRtKYxeu","a9G7aaEPtKn5kdmpQX0U5/"],["_textureSetter"],["cc.SpriteFrame","cc.Texture2D",["cc.AudioClip",["_name","_native","duration"],0],["cc.JsonAsset",["_name","json"],1]],[[2,0,1,2,4],[3,0,1,3]],[[[[0,"eyes",".mp3",0.835918],-1],0,0,[],[],[]],[[[1,"sl_en2403",{"rows":[["openwindow","1","Description","LEGIT","fingers","fingers.png","eyes.png","fingers.mp3","abcdefghijklmnopqrstuvwxyz"],["openwindow","1","Description","LEGIT","toes","toes.png","ears.png","toes.mp3","abcdefghijklmnopqrstuvwxyz"],["openwindow","1","Description","LEGIT","hair","hair.png","nose.png","hair.mp3","abcdefghijklmnopqrstuvwxyz"],["openwindow","1","Description","LEGIT","eyes","eyes.png","cheeks.png","eyes.mp3","abcdefghijklmnopqrstuvwxyz"],["openwindow","1","Description","LEGIT","nose","nose.png","chin.png","nose.mp3","abcdefghijklmnopqrstuvwxyz"],["openwindow","1","Description","LEGIT","cheeks","cheeks.png","ankle.png","cheeks.mp3","abcdefghijklmnopqrstuvwxyz"],["openwindow","1","Description","LEGIT","chin","chin.png","fingers.png","chin.mp3","abcdefghijklmnopqrstuvwxyz"],["openwindow","1","Description","LEGIT","ears","ears.png","toes.png","ears.mp3","abcdefghijklmnopqrstuvwxyz"],["openwindow","1","Description","LEGIT","ankle","ankle.png","hair.png","ankle.mp3","abcdefghijklmnopqrstuvwxyz"],["quizliteracy","1","Description","soundonly_image","hair.png","chin.png","hair.png","fingers.png","","","hair.mp3"],["quizliteracy","1","Description","soundonly_image","cheeks.png","ankle.png","hands.png","cheeks.png","","","cheeks.mp3"],["quizliteracy","1","Description","soundonly_image","ears.png","ears.png","ankle.png","chin.png","","","ears.mp3"]]}]],0,0,[],[],[]],[[{"name":"hands","rect":[0,0,1534,1096],"offset":[0,0],"originalSize":[1534,1096],"capInsets":[0,0,0,0]}],[0],0,[0],[0],[0]],[[{"name":"chin","rect":[62,39,903,1057],"offset":[-253.5,-19.5],"originalSize":[1534,1096],"capInsets":[0,0,0,0]}],[0],0,[0],[0],[1]],[[[0,"nose",".mp3",0.809796],-1],0,0,[],[],[]],[["0,9729,9729,33071,33071,0,0,1",-1],[1],0,[],[],[]],[[[0,"chin",".mp3",0.653061],-1],0,0,[],[],[]],[["0,9729,9729,33071,33071,0,0,1",-1],[1],0,[],[],[]],[["0,9729,9729,33071,33071,0,0,1",-1],[1],0,[],[],[]],[[[0,"hair",".mp3",0.653061],-1],0,0,[],[],[]],[[{"name":"nose","rect":[0,39,1427,1057],"offset":[-53.5,-19.5],"originalSize":[1534,1096],"capInsets":[0,0,0,0]}],[0],0,[0],[0],[2]]]]