[1,["a9YRpS62ZDIqLhOIi5ap8i","acXWkSaWZLuZ6ywqqqNmbD","8dPsz7QaFBQIzLetmyk86+","fegAorXcZPKKF7danyZ6EW","84Y6guGjRCSoGba7lj7M/A","fa12/xk7JNH5okk+WGUytd","c5tskalbpBxoMOr+SdV/Ni"],["_textureSetter"],["cc.SpriteFrame","cc.Texture2D",["cc.AudioClip",["_name","_native","duration"],0],["cc.JsonAsset",["_name","json"],1]],[[2,0,1,2,4],[3,0,1,3]],[[[[0,"दू",".mp3",0.679184],-1],0,0,[],[],[]],[[{"name":"आलू","rect":[0,0,271,271],"offset":[0,0],"originalSize":[271,271],"capInsets":[0,0,0,0]}],[0],0,[0],[0],[0]],[[[0,"दूध",".mp3",0.626939],-1],0,0,[],[],[]],[[{"name":"बाघ","rect":[2,0,191,153],"offset":[1,0],"originalSize":[193,153],"capInsets":[0,0,0,0]}],[0],0,[0],[0],[1]],[[{"name":"भालू","rect":[0,0,271,271],"offset":[0,0],"originalSize":[271,271],"capInsets":[0,0,0,0]}],[0],0,[0],[0],[2]],[[[0,"आलू",".mp3",0.862041],-1],0,0,[],[],[]],[[[0,"भालू",".mp3",0.757551],-1],0,0,[],[],[]],[["0,9729,9729,33071,33071,0,0,1",-1],[1],0,[],[],[]],[["0,9729,9729,33071,33071,0,0,1",-1],[1],0,[],[],[]],[[{"name":"चूहा","rect":[0,0,193,153],"offset":[0,0],"originalSize":[193,153],"capInsets":[0,0,0,0]}],[0],0,[0],[0],[3]],[["0,9729,9729,33071,33071,0,0,1",-1],[1],0,[],[],[]],[["0,9729,9729,33071,33071,0,0,1",-1],[1],0,[],[],[]],[[[1,"hi0702",{"rows":[["spelldoor","1","Description","आलू","आ*","0","1","आलू.png","आलू.mp3"],["spelldoor","1","Description","जूता","*ता","0","1","जूता.png","जूता.mp3"],["spelldoor","1","Description","भालू","*लू","0","1","भालू.png","भालू.mp3"],["phonictractor","1","Description","5","दूध","दूध.mp3","दू","दू.mp3","ध","ध.mp3"],["openwindow","1","Description","LEGIT","भा,लू","भालू.png","बाघ.png","भालू.mp3","ज,ग,न,ल,फ,छा,ता,र,थ,व,न,घ,ट्र,क,घो,ड़ा,हा,थी,आ,म,स"],["openwindow","1","Description","LEGIT","चू,हा","चूहा.png","साँप.png","चूहा.mp3","ज,ग,न,ल,फ,छा,ता,र,थ,व,न,घ,ट्र,क,घो,ड़ा,हा,थी,आ,म,स"],["rocket","1","Description","आलू","आ,लू","आ,लू","आलू.mp3","आलू.png","false ","false "],["rocket","1","Description","भालू","भा,लू","भा,लू","भालू.mp3","भालू.png","false ","false "],["quizliteracy","1","Description","soundonly_word","दूध","चूहा","आलू","दूध","","","दूध.mp3"],["quizliteracy","1","Description","image_word","आलू","आलू","दूध","चूहा","आलू.png"],["quizliteracy","1","Description","soundonly_word","चूहा","दूध","चूहा","आलू","","","चूहा.mp3"]]}]],0,0,[],[],[]],[["0,9729,9729,33071,33071,0,0,1",-1],[1],0,[],[],[]],[[[0,"ध",".mp3",0.47025],-1],0,0,[],[],[]],[[{"name":"जूता","rect":[0,0,370,273],"offset":[0,0],"originalSize":[370,273],"capInsets":[0,0,0,0]}],[0],0,[0],[0],[4]],[[{"name":"साँप","rect":[0,0,193,153],"offset":[0,0],"originalSize":[193,153],"capInsets":[0,0,0,0]}],[0],0,[0],[0],[5]],[[[0,"चूहा",".mp3",1.018776],-1],0,0,[],[],[]],[[[0,"जूता",".mp3",0.809796],-1],0,0,[],[],[]],[[{"name":"भालू1","rect":[0,0,193,153],"offset":[0,0],"originalSize":[193,153],"capInsets":[0,0,0,0]}],[0],0,[0],[0],[6]],[["0,9729,9729,33071,33071,0,0,1",-1],[1],0,[],[],[]],[["0,9729,9729,33071,33071,0,0,1",-1],[1],0,[],[],[]]]]