[1,["5akFO2/KlK57CwGJo6TSvD","aepLQ0lSFDW4OzdZ+IthUG","8eHqaMXbBG26mU18dnlorq"],["_textureSetter"],["cc.Texture2D","cc.SpriteFrame",["cc.AudioClip",["_name","_native","duration"],0],["cc.JsonAsset",["_name","json"],1]],[[2,0,1,2,4],[3,0,1,3]],[[[[0,"शेर",".mp3",0.626939],-1],0,0,[],[],[]],[[[0,"श",".mp3",0.49625],-1],0,0,[],[],[]],[["0,9729,9729,33071,33071,0,0,1",-1],[0],0,[],[],[]],[[[0,"शक्तिशाली",".mp3",1.944],-1],0,0,[],[],[]],[["0,9729,9729,33071,33071,0,0,1",-1],[0],0,[],[],[]],[[{"name":"शहद","rect":[0,0,400,333],"offset":[0,0],"originalSize":[400,333],"capInsets":[0,0,0,0]}],[1],0,[0],[0],[0]],[["0,9729,9729,33071,33071,0,0,1",-1],[0],0,[],[],[]],[[{"name":"शक्तिशाली","rect":[0,0,215,235],"offset":[0,0],"originalSize":[215,235],"capInsets":[0,0,0,0]}],[1],0,[0],[0],[1]],[[{"name":"शेर","rect":[0,0,400,333],"offset":[0,0],"originalSize":[400,333],"capInsets":[0,0,0,0]}],[1],0,[0],[0],[2]],[[[0,"शहद",".mp3",0.679184],-1],0,0,[],[],[]],[[[1,"hi0129",{"rows":[["balloonpop","1","Description","2","श","5","श","श.mp3"],["phonictractor","1","Description","5","श","श.mp3","श","श.mp3"],["writeletter","1","Description","श","शहद"],["writecard","1","Description","श","शहद","शहद.png","शहद.mp3","शेर","शेर.png","शेर.mp3","शक्तिशाली","शक्तिशाली.png","शक्तिशाली.mp3"],["quizliteracy","1","Description","soundonly_word","श","व","श","प","","","श.mp3"],["quizliteracy","1","Description","word_word","श","श","र","व","","श"],["quizliteracy","1","Description","soundonly_word","श","प","व","श","","","श.mp3"]]}]],0,0,[],[],[]]]]