[1,["7dJEsXJYRPMbbI2lleyoPD","d3/1sgrgVK/5kO43vi4vmc","c0TdPwgbhGtr5n/5fV+anx"],["_textureSetter"],["cc.SpriteFrame","cc.Texture2D",["cc.AudioClip",["_name","_native","duration"],0],["cc.JsonAsset",["_name","json"],1]],[[2,0,1,2,4],[3,0,1,3]],[[[[0,"मित्र",".mp3",0.757551],-1],0,0,[],[],[]],[[[0,"द्वीप",".mp3",0.731429],-1],0,0,[],[],[]],[[[0,"प्य",".mp3",0.339592],-1],0,0,[],[],[]],[[[0,"न्हा",".mp3",0.626939],-1],0,0,[],[],[]],[[[0,"स्स",".mp3",0.417959],-1],0,0,[],[],[]],[[[0,"स्त",".mp3",0.496327],-1],0,0,[],[],[]],[[[0,"ष्ट",".mp3",1.854694],-1],0,0,[],[],[]],[[[0,"अभ्यास",".mp3",0.966531],-1],0,0,[],[],[]],[[[0,"भ्य",".mp3",0.574694],-1],0,0,[],[],[]],[[[0,"म्यान",".mp3",0.835918],-1],0,0,[],[],[]],[[[0,"हिस्सा",".mp3",0.496327],-1],0,0,[],[],[]],[[[0,"द्व",".mp3",0.600816],-1],0,0,[],[],[]],[[[0,"व्यय",".mp3",0.757551],-1],0,0,[],[],[]],[[[0,"ब्ब",".mp3",0.261224],-1],0,0,[],[],[]],[[{"name":"हड्डी","rect":[0,7,370,249],"offset":[0,5],"originalSize":[370,273],"capInsets":[0,0,0,0]}],[0],0,[0],[0],[0]],[[[0,"न्य",".mp3",0.626939],-1],0,0,[],[],[]],[[[0,"नन्हा",".mp3",0.757551],-1],0,0,[],[],[]],[[[0,"हिम्मत",".mp3",0.705306],-1],0,0,[],[],[]],[[[0,"चम्मच",".mp3",0.809796],-1],0,0,[],[],[]],[[[0,"नमस्ते",".mp3",0.914286],-1],0,0,[],[],[]],[[[0,"नष्ट",".mp3",0.626939],-1],0,0,[],[],[]],[[[0,"रस्सी",".mp3",0.653061],-1],0,0,[],[],[]],[[[0,"वास्तव",".mp3",0.835918],-1],0,0,[],[],[]],[[[0,"प्याज",".mp3",0.653061],-1],0,0,[],[],[]],[[[0,"मिर्च",".mp3",0.783673],-1],0,0,[],[],[]],[[[0,"सौम्य",".mp3",0.705306],-1],0,0,[],[],[]],[[[0,"म्य",".mp3",0.548571],-1],0,0,[],[],[]],[[[0,"कान्हा",".mp3",0.757551],-1],0,0,[],[],[]],[[[0,"डिब्बा",".mp3",2.742857],-1],0,0,[],[],[]],[[[0,"स्व",".mp3",0.626939],-1],0,0,[],[],[]],[[[0,"द्वारा",".mp3",0.679184],-1],0,0,[],[],[]],[[{"name":"मिर्च","rect":[0,0,370,273],"offset":[0,0],"originalSize":[370,273],"capInsets":[0,0,0,0]}],[0],0,[0],[0],[1]],[["0,9729,9729,33071,33071,0,0,1",-1],[1],0,[],[],[]],[[[0,"प्यास",".mp3",0.679184],-1],0,0,[],[],[]],[[[0,"कन्या",".mp3",0.653061],-1],0,0,[],[],[]],[[[0,"धब्बा",".mp3",0.783673],-1],0,0,[],[],[]],[[[0,"स्वाति",".mp3",0.888163],-1],0,0,[],[],[]],[[[0,"हड्डी",".mp3",0.679184],-1],0,0,[],[],[]],[[[0,"व्य",".mp3",0.548571],-1],0,0,[],[],[]],[[[0,"सभ्य",".mp3",0.757551],-1],0,0,[],[],[]],[["0,9729,9729,33071,33071,0,0,1",-1],[1],0,[],[],[]],[[[0,"व्यापार",".mp3",0.862041],-1],0,0,[],[],[]],[[[0,"प्प",".mp3",0.261224],-1],0,0,[],[],[]],[[[0,"पप्पू",".mp3",0.626939],-1],0,0,[],[],[]],[[[0,"म्म",".mp3",0.496327],-1],0,0,[],[],[]],[["0,9729,9729,33071,33071,0,0,1",-1],[1],0,[],[],[]],[[[0,"न्याय",".mp3",0.835918],-1],0,0,[],[],[]],[[[0,"न्ह",".mp3",1.645714],-1],0,0,[],[],[]],[[[0,"कष्ट",".mp3",0.574694],-1],0,0,[],[],[]],[[[0,"स्वदेश",".mp3",0.966531],-1],0,0,[],[],[]],[[[0,"गोलगप्पा",".mp3",0.914286],-1],0,0,[],[],[]],[[{"name":"मित्र","rect":[0,0,370,273],"offset":[0,0],"originalSize":[370,273],"capInsets":[0,0,0,0]}],[0],0,[0],[0],[2]],[[[1,"hi1001",{"rows":[["speakingpet","1","Description","न्हा.mp3","न्य.mp3","नन्हा","नन्हा.mp3","A","2,3","कान्हा","कान्हा.mp3","B","2,3","न्याय","न्याय.mp3","B","1,2","कन्या","कन्या.mp3","B","2,3"],["speakingpet","1","Description","प्प.mp3","प्य.mp3","पप्पू","पप्पू.mp3","A","2,3","गोलगप्पा","गोलगप्पा.mp3","A","4,5","प्याज़","प्याज़.mp3","B","1,2","प्यास","प्यास.mp3","B","1,2"],["speakingpet","1","Description","ष्ट.mp3","स्स.mp3","कष्ट","कष्ट.mp3","A","2,3","नष्ट","नष्ट.mp3","A","2,3","रस्सी","रस्सी.mp3","B","2,3","हिस्सा","हिस्सा.mp3","B","2,3"],["speakingpet","1","Description","स्त.mp3","स्व.mp3","नमस्ते","नमस्ते.mp3","A","3","वास्तव","वास्तव.mp3","A","2","स्वदेश","स्वदेश.mp3","B","3","स्वाति","स्वाति.mp3","B","3"],["speakingpet","1","Description","ब्ब.mp3","भ्य.mp3","डिब्बा","डिब्बा.mp3","A","2,3","धब्बा","धब्बा.mp3","A","2,3","सभ्य","सभ्य.mp3","B","2,3","अभ्यास","अभ्यास.mp3","B","2,3"],["speakingpet","1","Description","म्य.mp3","द्व.mp3","सौम्य","सौम्य.mp3","A","2,3","म्यान","म्यान.mp3","A","1,2","द्वारा","द्वारा.mp3","B","1,2","द्वीप","द्वीप.mp3","B","1,2"],["speakingpet","1","Description","म्म.mp3","व्य.mp3","हिम्मत","हिम्मत.mp3","A","2,3","चम्मच","चम्मच.mp3","A","2,3","व्यापार","व्यापार.mp3","B","1,2","व्यय","व्यय.mp3","B","1,2"],["spelldoor","1","Description","मि,र्च","*र्च","0","1","मिर्च.png","मिर्च.mp3"],["spelldoor","1","Description","ह,ड्डी","ह*","0","1","हड्डी.png","हड्डी.mp3"],["spelldoor","1","Description","मि,त्र","*त्र","0","1","मित्र.png","मित्र.mp3"],["quizliteracy","1","Description","soundonly_word","नन्हा","डिब्बा","नन्हा","क्या","","","नन्हा.mp3"],["quizliteracy","1","Description","image_word","मिर्च","नमस्ते","कुत्ता","मिर्च","मिर्च.png"],["quizliteracy","1","Description","soundonly_word","नमस्ते","मग्न","डिब्बा","नमस्ते","","","नमस्ते.mp3"]]}]],0,0,[],[],[]]]]