[1,["3fxi6q6LJMNJfVrjj9wOKI","ddjGl2z0hPhbUPR0IQFwGC","a20c6YMD5FOaRx/FT78V52","c7fK62409Ewa6F2tbNrrqd","b9EGzJxK1C9YtGj5rIZQCB","de9xJAgMRIkLoLRsid2fVm","05AFE0HZ1KKKlfh/xX8niL"],["_textureSetter"],["cc.Texture2D","cc.SpriteFrame",["cc.AudioClip",["_name","_native","duration"],0],["cc.JsonAsset",["_name","json"],1]],[[2,0,1,2,4],[3,0,1,3]],[[[[0,"ಕ",".mp3",0.528],-1],0,0,[],[],[]],[["0,9729,9729,33071,33071,0,0,1",-1],[0],0,[],[],[]],[[{"name":"cookedrice","rect":[0,0,400,400],"offset":[0,0],"originalSize":[400,400],"capInsets":[0,0,0,0]}],[1],0,[0],[0],[0]],[[{"name":"garlic","rect":[0,0,400,400],"offset":[0,0],"originalSize":[400,400],"capInsets":[0,0,0,0]}],[1],0,[0],[0],[1]],[[[0,"ಬೆಟ್ಟ",".mp3",0.72],-1],0,0,[],[],[]],[[[0,"ನ್ನ",".mp3",0.504],-1],0,0,[],[],[]],[[[0,"ಹಳ್ಳ",".mp3",0.696],-1],0,0,[],[],[]],[[{"name":"loom","rect":[0,0,400,400],"offset":[0,0],"originalSize":[400,400],"capInsets":[0,0,0,0]}],[1],0,[0],[0],[2]],[["0,9729,9729,33071,33071,0,0,1",-1],[0],0,[],[],[]],[[[0,"ಹದ್ದು",".mp3",0.768],-1],0,0,[],[],[]],[[[0,"ಉಯ್ಯಾಲೆ",".mp3",0.912],-1],0,0,[],[],[]],[[[0,"ಬೆಳುಳ್ಳಿ",".mp3",0.864],-1],0,0,[],[],[]],[[[0,"ಕನ್ನಡ",".mp3",0.84],-1],0,0,[],[],[]],[[[0,"ತಪಸ್ಸು",".mp3",0.936],-1],0,0,[],[],[]],[[[0,"ಳ್ಳ",".mp3",0.648],-1],0,0,[],[],[]],[[[0,"ಸ್ಸು",".mp3",0.696],-1],0,0,[],[],[]],[[[0,"ಡ",".mp3",0.552],-1],0,0,[],[],[]],[[[1,"kn2_0605",{"rows":[["spelldoor","1","Description","ಹ,ದ್ದು","**","0","0","eagle.png","ಹದ್ದು.mp3"],["spelldoor","1","Description","ಕ,ನ್ನ,ಡಿ","***","0","0","mirror.png","ಕನ್ನಡಿ.mp3"],["spelldoor","1","Description","ಬೆ,ಟ್ಟ","**","0","0","hill.png","ಬೆಟ್ಟ.mp3"],["spelldoor","1","Description","ಮ,ಗ್ಗ","**","0","0","loom.png","ಮಗ್ಗ.mp3"],["phonictractor","1","Description","4","ತಪಸ್ಸು","ತಪಸ್ಸು.mp3","ತ","ತ.mp3","ಪ","ಪ.mp3","ಸ್ಸು","ಸ್ಸು.mp3"],["spelldoor","1","Description","ಬೆ,ಳು,ಳ್ಳಿ","***","0","0","garlic.png","ಬೆಳುಳ್ಳಿ.mp3"],["phonictractor","1","Description","4","ಹಳ್ಳ","ಹಳ್ಳ.mp3","ಹ","ಹ.mp3","ಳ್ಳ","ಳ್ಳ.mp3"],["spelldoor","1","Description","ಅ,ನ್ನ","**","0","0","cookedrice.png","ಅನ್ನ.mp3"],["phonictractor","1","Description","4","ಕನ್ನಡ","ಕನ್ನಡ.mp3","ಕ","ಕ.mp3","ನ್ನ","ನ್ನ.mp3","ಡ","ಡ.mp3"],["spelldoor","1","Description","ಉ,ಯ್ಯಾ,ಲೆ","***","0","0","swing.png","ಉಯ್ಯಾಲೆ.mp3"],["quizliteracy","1","Description","word_word","ಳುಳ್ಳಿ","ಳುಳ್ಳಿ","ಲ್ಲ","ವರು","","ಬೆ_____","ಬೆಳುಳ್ಳಿ.mp3"],["quizliteracy","1","Description","image_word","ಕನ್ನಡಿ","ತಪಸ್ಸು","ಕನ್ನಡಿ","ಅಪ್ಪುಗೆ","mirror.png"],["quizliteracy","1","Description","soundonly_word","ಅನ್ನ","ಹಳ್ಳ","ಅನ್ನ","ಬಸ್ಸು","","","ಅನ್ನ.mp3"]]}]],0,0,[],[],[]],[[[0,"ಹ",".mp3",0.48],-1],0,0,[],[],[]],[[{"name":"hill","rect":[0,0,400,400],"offset":[0,0],"originalSize":[400,400],"capInsets":[0,0,0,0]}],[1],0,[0],[0],[3]],[[{"name":"mirror","rect":[0,0,400,400],"offset":[0,0],"originalSize":[400,400],"capInsets":[0,0,0,0]}],[1],0,[0],[0],[4]],[["0,9729,9729,33071,33071,0,0,1",-1],[0],0,[],[],[]],[[[0,"ಪ",".mp3",0.552],-1],0,0,[],[],[]],[[[0,"ಅನ್ನ",".mp3",0.648],-1],0,0,[],[],[]],[[{"name":"eagle","rect":[0,0,400,400],"offset":[0,0],"originalSize":[400,400],"capInsets":[0,0,0,0]}],[1],0,[0],[0],[5]],[["0,9729,9729,33071,33071,0,0,1",-1],[0],0,[],[],[]],[["0,9729,9729,33071,33071,0,0,1",-1],[0],0,[],[],[]],[[[0,"ಮಗ್ಗ",".mp3",0.696],-1],0,0,[],[],[]],[[[0,"ಕನ್ನಡಿ",".mp3",0.864],-1],0,0,[],[],[]],[["0,9729,9729,33071,33071,0,0,1",-1],[0],0,[],[],[]],[[{"name":"swing","rect":[0,0,400,400],"offset":[0,0],"originalSize":[400,400],"capInsets":[0,0,0,0]}],[1],0,[0],[0],[6]],[["0,9729,9729,33071,33071,0,0,1",-1],[0],0,[],[],[]],[[[0,"ತ",".mp3",0.528],-1],0,0,[],[],[]]]]