[1,["61tdwTEgVH/Y8wh5zOI5UJ","51KGhA4+RExaCEK7lSKoZ9","15MYzoC/VIs5oDyB9B/TaQ","98nXPnIYZBcK7j2X/VlkDF","266PI//AJDXoIpM2iEVAMg"],["_textureSetter"],["cc.Texture2D","cc.SpriteFrame",["cc.AudioClip",["_name","_native","duration"],0],["cc.JsonAsset",["_name","json"],1]],[[2,0,1,2,4],[3,0,1,3]],[[["0,9729,9729,33071,33071,0,0,1",-1],[0],0,[],[],[]],[[[0,"ನೇಗಿಲನ್ನು_ಮರ_ಮತ್ತು_ಕಬ್ಬಿಣದಿಂದ_ತಯಾರಿಸುತ್ತಾರೆ",".mp3",3.864],-1],0,0,[],[],[]],[[[0,"ಗಣೇಶನು_ಅಪ್ಪನೊಡನೆ_ಹೊಲಕ್ಕೆ_ಹೋದನು",".mp3",2.928],-1],0,0,[],[],[]],[["0,9729,9729,33071,33071,0,0,1",-1],[0],0,[],[],[]],[[{"name":"boy_dad","rect":[0,0,400,400],"offset":[0,0],"originalSize":[400,400],"capInsets":[0,0,0,0]}],[1],0,[0],[0],[0]],[["0,9729,9729,33071,33071,0,0,1",-1],[0],0,[],[],[]],[["0,9729,9729,33071,33071,0,0,1",-1],[0],0,[],[],[]],[[{"name":"farmer_tools","rect":[0,0,512,512],"offset":[0,0],"originalSize":[512,512],"capInsets":[0,0,0,0]}],[1],0,[0],[0],[1]],[["0,9729,9729,33071,33071,0,0,1",-1],[0],0,[],[],[]],[[[0,"ಸರಿಯಾದುದ್ದನ್ನ_ಆರಿಸಿ",".mp3",1.992],-1],0,0,[],[],[]],[[[0,"ನೇಗಿಲು_ಹೊಲಗದ್ದೆಗಳ_ಮಣ್ಣನು_ಸೀಳುತ್ತದೆ",".mp3",3.024],-1],0,0,[],[],[]],[[{"name":"farmer_rake","rect":[0,0,512,384],"offset":[0,0],"originalSize":[512,384],"capInsets":[0,0,0,0]}],[1],0,[0],[0],[2]],[[{"name":"farmer","rect":[0,0,512,366],"offset":[0,0],"originalSize":[512,366],"capInsets":[0,0,0,0]}],[1],0,[0],[0],[3]],[[[0,"ಹೊಲ_ಉಳಲು_ಸಲಕರೆಣೆಗಳನ್ನು_ಜೋಡಿಸಿದನು",".mp3",3.048],-1],0,0,[],[],[]],[[{"name":"ನೇಗಿಲು_ಹೊಲಗದ್ದೆಗಳ_ಮಣ್ಣನು_ಸೀಳುತ್ತದೆ","rect":[0,0,512,366],"offset":[0,0],"originalSize":[512,366],"capInsets":[0,0,0,0]}],[1],0,[0],[0],[4]],[[[0,"ರಾಮಣ್ಣ_ಉತ್ತಮ_ಬೇಸಾಯಗಾರ",".mp3",2.352],-1],0,0,[],[],[]],[[[1,"kn2_1504",{"rows":[["createsentence","1","Description","ಗಣೇಶನು/ಅಪ್ಪನೊಡನೆ/ಹೊಲಕ್ಕೆ/ಹೋದನು./","","boy_dad.png","ಗಣೇಶನು_ಅಪ್ಪನೊಡನೆ_ಹೊಲಕ್ಕೆ_ಹೋದನು.mp3"],["createsentence","1","Description","ನೇಗಿಲನ್ನು/ಮರ/ಮತ್ತು/ಕಬ್ಬಿಣದಿಂದ/ತಯಾರಿಸುತ್ತಾರೆ./","","farmer_rake.png","ನೇಗಿಲನ್ನು_ಮರ_ಮತ್ತು_ಕಬ್ಬಿಣದಿಂದ_ತಯಾರಿಸುತ್ತಾರೆ.mp3"],["createsentence","1","Description","ರಾಮಣ್ಣ/ಉತ್ತಮ/ಬೇಸಾಯಗಾರ./","","farmer.png","ರಾಮಣ್ಣ_ಉತ್ತಮ_ಬೇಸಾಯಗಾರ.mp3"],["createsentence","1","Description","ಹೊಲ/ಉಳಲು/ಸಲಕರೆಣೆಗಳನ್ನು/ಜೋಡಿಸಿದನು./","","farmer_tools.png","ಹೊಲ_ಉಳಲು_ಸಲಕರೆಣೆಗಳನ್ನು_ಜೋಡಿಸಿದನು.mp3"],["createsentence","1","Description","ನೇಗಿಲು/ಹೊಲಗದ್ದೆಗಳ/ಮಣ್ಣನು/ಸೀಳುತ್ತದೆ./","","ನೇಗಿಲು_ಹೊಲಗದ್ದೆಗಳ_ಮಣ್ಣನು_ಸೀಳುತ್ತದೆ.png","ನೇಗಿಲು_ಹೊಲಗದ್ದೆಗಳ_ಮಣ್ಣನು_ಸೀಳುತ್ತದೆ.mp3"],["quizliteracy","1","Description","sentence_sentence","ರಾಮಣ್ಣ ಉತ್ತಮ ಬೇಸಾಯಗಾರ","ರಾಮಣ್ಣ ಶಾಲೆಯ ಮೇಸ್ಟ್ರು","ರಾಮಣ್ಣ ಒಳ್ಳೆಯ ವೈದ್ಯ","ರಾಮಣ್ಣ ಉತ್ತಮ ಬೇಸಾಯಗಾರ","","ಸರಿಯಾದುದ್ದನ್ನ ಆರಿಸಿ","ಸರಿಯಾದುದ್ದನ್ನ_ಆರಿಸಿ.mp3"],["quizliteracy","1","Description","sentence_sentence","ನೇಗಿಲು ಹೊಲಗದ್ದೆಗಳ ಮಣ್ಣನ್ನು ಸೀಳುತ್ತದೆ.","ಹಾರೆ ಹೊಲಗದ್ದೆಗಳ ಮಣ್ಣನ್ನು ಸೀಳುತ್ತದೆ.","ನೇಗಿಲು ಹೊಲಗದ್ದೆಗಳ ಮಣ್ಣನ್ನು ಸೀಳುತ್ತದೆ.","ಗುದ್ದಲಿ ಹೊಲಗದ್ದೆಗಳ ಮಣ್ಣನ್ನು ಸೀಳುತ್ತದೆ.","","ಸರಿಯಾದುದ್ದನ್ನ ಆರಿಸಿ","ಸರಿಯಾದುದ್ದನ್ನ_ಆರಿಸಿ.mp3"],["quizliteracy","1","Description","sentence_sentence","ಗಣೇಶನು ಅಪ್ಪನೊಡನೆ ಹೊಲಕ್ಕೆ ಹೋದನು.","ಗಣೇಶನು ಅಪ್ಪನೊಡನೆ ಹೊಲಕ್ಕೆ ಹೋದನು.","ಗಣೇಶನು ಅಪ್ಪನೊಡೊನೆ ಶಾಲೆಗೆ ಹೋದನು.","ಸರಿತಾ ಅಪ್ಪನೊಡನೆ ಹೊಲಕ್ಕೆ ಹೋದಳು.","","ಸರಿಯಾದುದ್ದನ್ನ ಆರಿಸಿ","ಸರಿಯಾದುದ್ದನ್ನ_ಆರಿಸಿ.mp3"]]}]],0,0,[],[],[]]]]