[1,["76l6LwDkpLPaX+opOvjhK+"],["_textureSetter"],["cc.SpriteFrame","cc.Texture2D",["cc.AudioClip",["_name","_native","duration"],0],["cc.JsonAsset",["_name","json"],1]],[[2,0,1,2,4],[3,0,1,3]],[[[[0,"Ram_is_tall",".mp3",1.536],-1],0,0,[],[],[]],[[[0,"Rahim_is_a_boy",".mp3",1.584],-1],0,0,[],[],[]],[[[1,"sl_en3305",{"rows":[["createsentence","1","Description","Aarthi/is/a girl","","aartiisa_girl.jpg","Aarthi_is_a_girl.mp3"],["createsentence","1","Description","Manju/is/a student","","Jerryreadsa_bookat_school.jpg","Manju_is_a_student.mp3"],["createsentence","1","Description","Ram/is/tall","","Chrisisa_tallboy.jpg","Ram_is_tall.mp3"],["createsentence","1","Description","Rita/has/a sister","","Pruvahsister.jpg","Rita_has_a_sister.mp3"],["createsentence","1","Description","Rahim/is/a boy","","Johnisa_boy.jpg","Rahim_is_a_boy.mp3"],["quizliteracy","1","Description","sentence_sentence","Aarthi","Aarthi","Rita","Ram","","____ is a girl.","Aarthi_is_a_girl.mp3"],["quizliteracy","1","Description","sentence_sentence","Manju","Rita","Aarthi","Manju","","__ is a student.","Manju_is_a_student.mp3"],["quizliteracy","1","Description","sentence_sentence","Ram","Rita","Ram","Aarthi","","____ is tall.","Ram_is_tall.mp3"],["quizliteracy","1","Description","image_sentence","Rita has a sister.","Ram is tall.","Aarthi is a girl.","Rita has a sister.","Pruvahsister.jpg","","Rita_has_a_sister.mp3"],["quizliteracy","1","Description","image_sentence","Rahim is a boy.","Rahim is a boy.","Rita is a sister.","Ram is tall.","Johnisa_boy.jpg","","Rahim_is_a_boy.mp3"]]}]],0,0,[],[],[]],[[[0,"Aarthi_is_a_girl",".mp3",1.515102],-1],0,0,[],[],[]],[[{"name":"Natashaisa_helpfulfriend","rect":[0,0,1073,1157],"offset":[0,0],"originalSize":[1073,1157],"capInsets":[0,0,0,0]}],[0],0,[0],[0],[0]],[["1,9729,9729,33071,33071,0,0,1",-1],[1],0,[],[],[]],[[[0,"Rita_has_a_sister",".mp3",1.872],-1],0,0,[],[],[]],[[[0,"Manju_is_a_student",".mp3",1.992],-1],0,0,[],[],[]]]]