[1,["72wfdPPspDOq64GgTkWo/3","e9b8Yu/WNJTI7e3ywN0BSc","05+pr+UodK77o0yXM9zQ4o","f7rRLIJv9IjaIGtu4xKaou","241QsxMUVGnLrHXmHnqniR"],["_textureSetter"],["cc.Texture2D","cc.SpriteFrame",["cc.AudioClip",["_name","_native","duration"],0],["cc.JsonAsset",["_name","json"],1]],[[2,0,1,2,4],[3,0,1,3]],[[["1,9729,9729,33071,33071,0,0,1",-1],[0],0,[],[],[]],[[{"name":"ap2_puzzle5_ball_puzzle","rect":[3,1,189,189],"offset":[0,4.5],"originalSize":[195,200],"capInsets":[0,0,0,0]}],[1],0,[0],[0],[0]],[["0,9729,9729,33071,33071,0,0,1",-1],[0],0,[],[],[]],[[{"name":"ap2_puzzle5_dog_puzzle","rect":[5,5,467,330],"offset":[1,3.5],"originalSize":[475,347],"capInsets":[0,0,0,0]}],[1],0,[0],[0],[1]],[[[0,"bird",".mp3",0.70525],-1],0,0,[],[],[]],[[{"name":"ap2_puzzle1_background","rect":[0,0,802,432],"offset":[0,0],"originalSize":[802,432],"capInsets":[0,0,0,0]}],[1],0,[0],[0],[2]],[["0,9729,9729,33071,33071,0,0,1",-1],[0],0,[],[],[]],[[{"name":"ap2_puzzle5_background","rect":[0,0,802,432],"offset":[0,0],"originalSize":[802,432],"capInsets":[0,0,0,0]}],[1],0,[0],[0],[3]],[[[0,"ball_and_dog",".mp3",2.142],-1],0,0,[],[],[]],[[{"name":"ap2_puzzle1_bird_puzzle","rect":[2,2,378,317],"offset":[0,4.5],"originalSize":[382,330],"capInsets":[0,0,0,0]}],[1],0,[0],[0],[4]],[["0,9729,9729,33071,33071,0,0,1",-1],[0],0,[],[],[]],[[[1,"pictureboard0000",{"rows":[["pictureboard","1","Description","Bird","ap2_puzzle1_background.jpg","1","","bird.mp3","ap2_puzzle1_bird_puzzle.png","825","95"]]}]],0,0,[],[],[]],[["1,9729,9729,33071,33071,0,0,1",-1],[0],0,[],[],[]]]]