[1,["97FXrs9jNNBJhHDqadZhLe"],["_textureSetter"],["cc.Texture2D","cc.SpriteFrame",["cc.AudioClip",["_name","_native","duration"],0],["cc.JsonAsset",["_name","json"],1]],[[2,0,1,2,4],[3,0,1,3]],[[[[0,"dad",".mp3",0.600816],-1],0,0,[],[],[]],[[[0,"bun",".mp3",0.731429],-1],0,0,[],[],[]],[[[0,"mug",".mp3",0.653061],-1],0,0,[],[],[]],[[[0,"mad",".mp3",0.731429],-1],0,0,[],[],[]],[[[0,"chad",".mp3",0.757551],-1],0,0,[],[],[]],[[[0,"chop",".mp3",0.444082],-1],0,0,[],[],[]],[[[0,"dop",".mp3",0.444082],-1],0,0,[],[],[]],[[[0,"sug",".mp3",0.809796],-1],0,0,[],[],[]],[["0,9729,9729,33071,33071,0,0,1",-1],[0],0,[],[],[]],[[[1,"sl_en1100",{"rows":[["spelldoor","1","Description","dad","*ad","1","0","spelling_dad.png","dad.mp3"],["grid","1","Description","m","ad,an"],["grid","1","Description","s","ip,ad,un"],["grid","1","Description","p,b","ad,un"],["grid","1","Description","s,b","ad,un"],["grid","1","Description","m,d,s","ad,ug"],["grid","1","Description","m,d,ch","ad,ug,op"],["quizliteracy","1","Description","word_word","ad","an","ad","as","","s__","sad.mp3"],["quizliteracy","1","Description","word_word","ad","eb","od","ad","","m__","mad.mp3"],["quizliteracy","1","Description","word_word","ad","od","ad","ed","","d__","dad.mp3"]]}]],0,0,[],[],[]],[[[0,"chug",".mp3",0.626939],-1],0,0,[],[],[]],[[{"name":"spelling_dad","rect":[0,0,370,273],"offset":[0,0],"originalSize":[370,273],"capInsets":[0,0,0,0]}],[1],0,[0],[0],[0]],[[[0,"man",".mp3",0.731429],-1],0,0,[],[],[]],[[[0,"pun",".mp3",0.679184],-1],0,0,[],[],[]],[[[0,"mop",".mp3",0.574694],-1],0,0,[],[],[]],[[[0,"sad",".mp3",0.835918],-1],0,0,[],[],[]],[[[0,"sip",".mp3",0.600816],-1],0,0,[],[],[]],[[[0,"pad",".mp3",0.548571],-1],0,0,[],[],[]],[[[0,"sun",".mp3",0.679184],-1],0,0,[],[],[]],[[[0,"bad",".mp3",0.809796],-1],0,0,[],[],[]],[[[0,"dug",".mp3",0.548571],-1],0,0,[],[],[]]]]