[1,["d9bTv5dAxIS4gMhyQhJtxO","90KyOBxp1EOKjS0pM1sdv+","72IELY4AlBDbPYDK1vsPqy","b0mgRtRKZDk49sXo/u5lKt","669gEpbB5PzZhMtl5d2d6+","a8BLAA175C2JtWRNktPAnz","51AoXzfeZOm59AWbKiuFge","61mBjJ6W5Dy5opdEAZJ2/u","ecvc4CXOtFRJSuQkJq8z+I"],["_textureSetter"],["cc.SpriteFrame","cc.Texture2D",["cc.AudioClip",["_name","_native","duration"],0],["cc.JsonAsset",["_name","json"],1]],[[2,0,1,2,4],[3,0,1,3]],[[[{"name":"grandma","rect":[0,0,450,512],"offset":[0,0],"originalSize":[450,512],"capInsets":[0,0,0,0]}],[0],0,[0],[0],[0]],[[[0,"mother",".mp3",0.626939],-1],0,0,[],[],[]],[[{"name":"sister","rect":[0,0,493,512],"offset":[0,0],"originalSize":[493,512],"capInsets":[0,0,0,0]}],[0],0,[0],[0],[1]],[[{"name":"water","rect":[0,0,400,333],"offset":[0,0],"originalSize":[400,333],"capInsets":[0,0,0,0]}],[0],0,[0],[0],[2]],[[[0,"sister",".mp3",1.123265],-1],0,0,[],[],[]],[[{"name":"brother","rect":[0,0,508,512],"offset":[0,0],"originalSize":[508,512],"capInsets":[0,0,0,0]}],[0],0,[0],[0],[3]],[["0,9729,9729,33071,33071,0,0,1",-1],[1],0,[],[],[]],[[[0,"number",".mp3",0.757551],-1],0,0,[],[],[]],[["0,9729,9729,33071,33071,0,0,1",-1],[1],0,[],[],[]],[["0,9729,9729,33071,33071,0,0,1",-1],[1],0,[],[],[]],[[[0,"brother",".mp3",0.600816],-1],0,0,[],[],[]],[[{"name":"number","rect":[25,15,140,112],"offset":[-1.5,5.5],"originalSize":[193,153],"capInsets":[0,0,0,0]}],[0],0,[0],[0],[4]],[["0,9729,9729,33071,33071,0,0,1",-1],[1],0,[],[],[]],[[[0,"elephant",".mp3",0.862041],-1],0,0,[],[],[]],[[{"name":"elephant","rect":[0,0,512,342],"offset":[0,0],"originalSize":[512,342],"capInsets":[0,0,0,0]}],[0],0,[0],[0],[5]],[[{"name":"teacher","rect":[0,0,512,315],"offset":[0,0],"originalSize":[512,315],"capInsets":[0,0,0,0]}],[0],0,[0],[0],[6]],[[[0,"father",".mp3",0.888163],-1],0,0,[],[],[]],[["0,9729,9729,33071,33071,0,0,1",-1],[1],0,[],[],[]],[[[0,"grandma",".mp3",0.835918],-1],0,0,[],[],[]],[[{"name":"father","rect":[0,0,402,512],"offset":[0,0],"originalSize":[402,512],"capInsets":[0,0,0,0]}],[0],0,[0],[0],[7]],[["0,9729,9729,33071,33071,0,0,1",-1],[1],0,[],[],[]],[["0,9729,9729,33071,33071,0,0,1",-1],[1],0,[],[],[]],[[{"name":"mother","rect":[0,0,488,512],"offset":[0,0],"originalSize":[488,512],"capInsets":[0,0,0,0]}],[0],0,[0],[0],[8]],[[[0,"teacher",".mp3",0.705306],-1],0,0,[],[],[]],[[[0,"water",".mp3",0.809796],-1],0,0,[],[],[]],[["0,9729,9729,33071,33071,0,0,1",-1],[1],0,[],[],[]],[["0,9729,9729,33071,33071,0,0,1",-1],[1],0,[],[],[]],[[[1,"sl_en1009",{"rows":[["rocket","1","Description","brother","a,b,c,d,e,f,g,h,i,j,k,l,m,n,o,p,q,r,s,t,u,v,w,x,y,z","b,r,o,t,h,e,r","brother.mp3","brother.png","true","false"],["rocket","1","Description","mother","a,b,c,d,e,f,g,h,i,j,k,l,m,n,o,p,q,r,s,t,u,v,w,x,y,z","m,o,t,h,e,r","mother.mp3","mother.png","true","false"],["rocket","1","Description","father","a,b,c,d,e,f,g,h,i,j,k,l,m,n,o,p,q,r,s,t,u,v,w,x,y,z","f,a,t,h,e,r","father.mp3","father.png","true","false"],["rocket","1","Description","sister","a,b,c,d,e,f,g,h,i,j,k,l,m,n,o,p,q,r,s,t,u,v,w,x,y,z","s,i,s,t,e,r","sister.mp3","sister.png","true","false"],["rocket","1","Description","grandma","a,b,c,d,e,f,g,h,i,j,k,l,m,n,o,p,q,r,s,t,u,v,w,x,y,z","g,r,a,n,d,m,a","grandma.mp3","grandma.png","true","false"],["rocket","1","Description","elephant","a,b,c,d,e,f,g,h,i,j,k,l,m,n,o,p,q,r,s,t,u,v,w,x,y,z","e,l,e,p,h,a,n,t","elephant.mp3","elephant.png","true","false"],["rocket","1","Description","teacher","a,b,c,d,e,f,g,h,i,j,k,l,m,n,o,p,q,r,s,t,u,v,w,x,y,z","t,e,a,c,h,e,r","teacher.mp3","teacher.png","true","false"],["rocket","1","Description","water","a,b,c,d,e,f,g,h,i,j,k,l,m,n,o,p,q,r,s,t,u,v,w,x,y,z","w,a,t,e,r","water.mp3","water.png","true","false"],["rocket","1","Description","number","a,b,c,d,e,f,g,h,i,j,k,l,m,n,o,p,q,r,s,t,u,v,w,x,y,z","n,u,m,b,e,r","number.mp3","number.png","true","false"],["quizliteracy","1","Description","soundonly_word","brother","father","mother","brother","","","brother.mp3"],["quizliteracy","1","Description","soundonly_word","father","father","mother","brother","","","father.mp3"],["quizliteracy","1","Description","soundonly_image","sister.png","sister.png","brother.png","father.png","","","sister.mp3"],["quizliteracy","1","Description","soundonly_word","teacher","teacher","student","classroom","","","teacher.mp3"],["quizliteracy","1","Description","soundonly_image","mother.png","father.png","mother.png","brother.png","","","mother.mp3"]]}]],0,0,[],[],[]]]]