[1,["02v85tlmVBRrLkXwzzLcjB","90QEeDWP5LM7cvWD9b5bUc","4asVfbsYRD0L67J+8Yz8Z9","4arks1LktHDKIhQapeAl8c","07MKZOoNRPi5ZHI7GbG3xt","39Q8wPnSFH8qsTf3yjFSIJ","b5vZVcQyhHspw67VIlBsoC","bbAlVoSEVG0KG3M9o9qgjW","83OD12bvNAe7CkJvcXe432","1bAtp6pKBKMqaMmsh1FgBR","3bREegtdtIHb+fwnGiiA0Y","e91MHU4BBCq6s8aUFegLWk","08rvCM19ZD3aXvAlxslnxZ","96dtDCuEdJ4JvrQdXtaoc8","fePIFN9CZAnbh4zdHu2C84","b1XIBuQtNIPaeFvyHkZuF7","756ahVi1hNoKIh7Ijxec+T"],["_textureSetter"],["cc.Texture2D","cc.SpriteFrame",["cc.AudioClip",["_name","_native","duration"],0],["cc.JsonAsset",["_name","json"],1]],[[2,0,1,2,4],[3,0,1,3]],[[[[0,"ಈಗ_ಉದಯದ_ಸಮಯ",".mp3",1.656],-1],0,0,[],[],[]],[["0,9729,9729,33071,33071,0,0,1",-1],[0],0,[],[],[]],[[[0,"ಅಮರ",".mp3",0.936],-1],0,0,[],[],[]],[["0,9729,9729,33071,33071,0,0,1",-1],[0],0,[],[],[]],[["0,9729,9729,33071,33071,0,0,1",-1],[0],0,[],[],[]],[["0,9729,9729,33071,33071,0,0,1",-1],[0],0,[],[],[]],[[{"name":"sunrise","rect":[0,0,410,512],"offset":[0,0],"originalSize":[410,512],"capInsets":[0,0,0,0]}],[1],0,[0],[0],[0]],[[{"name":"mind","rect":[0,0,512,384],"offset":[0,0],"originalSize":[512,384],"capInsets":[0,0,0,0]}],[1],0,[0],[0],[1]],[[[0,"ಜನ",".mp3",0.696],-1],0,0,[],[],[]],[["0,9729,9729,33071,33071,0,0,1",-1],[0],0,[],[],[]],[[[0,"ಮನ",".mp3",0.576],-1],0,0,[],[],[]],[["0,9729,9729,33071,33071,0,0,1",-1],[0],0,[],[],[]],[[[0,"ಕಂ",".mp3",0.528],-1],0,0,[],[],[]],[["0,9729,9729,33071,33071,0,0,1",-1],[0],0,[],[],[]],[["0,9729,9729,33071,33071,0,0,1",-1],[0],0,[],[],[]],[[[0,"ಚಂದ",".mp3",0.744],-1],0,0,[],[],[]],[[{"name":"people","rect":[0,0,400,400],"offset":[0,0],"originalSize":[400,400],"capInsets":[0,0,0,0]}],[1],0,[0],[0],[2]],[[[1,"kn1104",{"rows":[["writeword","1","Description","ಬಸವ","bull.png","ಬಸವ.mp3"],["openwindow","1","Description","LEGIT","ಬ,ಸ,ವ","bull.png","elephant.png","ಬಸವ.mp3","ಬ,ಸ,ವ"],["rocket","1","Description","ಮಗ","ಮ,ಗ","ಮ,ಗ","ಮಗ.mp3","son.png","False","False"],["phonictractor","1","Description","4","ಅಮರ","ಅಮರ.mp3","ಅ","ಅ.mp3","ಮ","ಮ.mp3","ರ","ರ.mp3"],["phonictractor","1","Description","4","ಗಗನ","ಗಗನ.mp3","ಗ","ಗ.mp3","ಗ","ಗ.mp3","ನ","ನ.mp3"],["writeword","1","Description","ಜನ","people.png","ಜನ.mp3"],["openwindow","1","Description","LEGIT","ಉ,ದ,ಯ","sunrise.png","ocean.png","ಉದಯ.mp3","ಉ,ದ,ಯ"],["writeword","1","Description","ಸಮಯ","time.png","ಸಮಯ.mp3"],["writecard","1","Description","ಮ","ಮನ","mind.png","ಮನ.mp3","ಜನ","people.png","ಜನ.mp3","ಮಗ","son.png","ಮಗ.mp3"],["spelldoor","1","Description","ಚಂದ","**","0","0","beautiful.png","ಚಂದ.mp3"],["spelldoor","1","Description","ಸಂತಸ","***","0","0","happy.png","ಸಂತಸ.mp3"],["phonictractor","1","Description","4","ಕಂಡ","ಕಂಡ.mp3","ಕಂ","ಕಂ.mp3","ಡ","ಡ.mp3"],["createsentence","1","Description","ಬಸವನ/ಮಗ/ಅಮರ","","father_son.png","ಬಸವನ ಮಗ ಅಮರ.mp3"],["createsentence","1","Description","ಗಗನ/ಕಂಡ","","sunrise_sky.png","ಗಗನ ಕಂಡ.mp3"],["createsentence","1","Description","ಈಗ/ಉದಯದ/ಸಮಯ","","sunrise_sky.png","ಈಗ_ಉದಯದ_ಸಮಯ.mp3"],["createsentence","1","Description","ಗಗನ/ಚಂದ","","sunrise_sky.png","ಗಗನ ಚಂದ.mp3"],["createsentence","1","Description","ಅಮರ/ಕಂಡ/ಗಗನ/ಚಂದ","","boy_watching_sunrise.png","ಅಮರ ಕಂಡ ಗಗನ ಚಂದ.mp3"],["createsentence","1","Description","ಅಮರನ/ಮನ/ಸಂತಸ","","happyboy.png","ಅಮರನ ಮನ ಸಂತಸ.mp3"],["createsentence","1","Description","ಜಗದ/ಜನ/ಕಂಡ/ಗಗನ/ಚಂದ","","people_watch_sunrise.png","ಜಗದ ಜನ ಕಂಡ ಗಗನ ಚಂದ.mp3"],["createsentence","1","Description","ಜನ/ಮನ/ಸಂತಸ","","happy_people.png","ಜನ ಮನ ಸಂತಸ.mp3"],["quizliteracy","1","Description","image_word","ಗಗನ","ನಯನ","ಗಗನ","ಮನ","sky.png"],["quizliteracy","1","Description","word_word","ಚಂ","ಕಂ","ಅಂ","ಚಂ","","_ದ","ಚಂದ.mp3"],["quizliteracy","1","Description","soundonly_sentence","ಬಸವನ ಮಗ ಅಮರ","ಗಗನ ಕಂಡ","ಜನ ಮನ ಸಂತಸ","ಬಸವನ ಮಗ ಅಮರ","","","ಬಸವನ ಮಗ ಅಮರ.mp3"]]}]],0,0,[],[],[]],[[{"name":"people_watch_sunrise","rect":[0,0,512,341],"offset":[0,0],"originalSize":[512,341],"capInsets":[0,0,0,0]}],[1],0,[0],[0],[3]],[[[0,"ಉದಯ",".mp3",1.056],-1],0,0,[],[],[]],[[{"name":"bull","rect":[0,0,512,288],"offset":[0,0],"originalSize":[512,288],"capInsets":[0,0,0,0]}],[1],0,[0],[0],[4]],[[[0,"ಜನ ಮನ ಸಂತಸ",".mp3",1.416],-1],0,0,[],[],[]],[[[0,"ಜಗದ ಜನ ಕಂಡ ಗಗನ ಚಂದ",".mp3",2.208],-1],0,0,[],[],[]],[[{"name":"time","rect":[0,0,512,341],"offset":[0,0],"originalSize":[512,341],"capInsets":[0,0,0,0]}],[1],0,[0],[0],[5]],[[[0,"ರ",".mp3",0.48],-1],0,0,[],[],[]],[[{"name":"father_son","rect":[0,0,512,287],"offset":[0,0],"originalSize":[512,287],"capInsets":[0,0,0,0]}],[1],0,[0],[0],[6]],[[{"name":"beautiful","rect":[0,0,512,341],"offset":[0,0],"originalSize":[512,341],"capInsets":[0,0,0,0]}],[1],0,[0],[0],[7]],[["0,9729,9729,33071,33071,0,0,1",-1],[0],0,[],[],[]],[[{"name":"sky","rect":[0,0,500,332],"offset":[0,0],"originalSize":[500,332],"capInsets":[0,0,0,0]}],[1],0,[0],[0],[8]],[[{"name":"happyboy","rect":[0,0,512,341],"offset":[0,0],"originalSize":[512,341],"capInsets":[0,0,0,0]}],[1],0,[0],[0],[9]],[[[0,"ನ",".mp3",0.48],-1],0,0,[],[],[]],[["0,9729,9729,33071,33071,0,0,1",-1],[0],0,[],[],[]],[[{"name":"happy","rect":[0,0,500,333],"offset":[0,0],"originalSize":[500,333],"capInsets":[0,0,0,0]}],[1],0,[0],[0],[10]],[[[0,"ಮಗ",".mp3",0.6],-1],0,0,[],[],[]],[[[0,"ಅಮರನ ಮನ ಸಂತಸ",".mp3",1.536],-1],0,0,[],[],[]],[[[0,"ಬಸವನ ಮಗ ಅಮರ",".mp3",1.44],-1],0,0,[],[],[]],[["0,9729,9729,33071,33071,0,0,1",-1],[0],0,[],[],[]],[[{"name":"sunrise_sky","rect":[0,0,512,512],"offset":[0,0],"originalSize":[512,512],"capInsets":[0,0,0,0]}],[1],0,[0],[0],[11]],[["0,9729,9729,33071,33071,0,0,1",-1],[0],0,[],[],[]],[[{"name":"elephant","rect":[0,0,332,500],"offset":[0,0],"originalSize":[332,500],"capInsets":[0,0,0,0]}],[1],0,[0],[0],[12]],[[{"name":"ocean","rect":[0,0,512,340],"offset":[0,0],"originalSize":[512,340],"capInsets":[0,0,0,0]}],[1],0,[0],[0],[13]],[[[0,"ಗಗನ ಚಂದ",".mp3",1.128],-1],0,0,[],[],[]],[["0,9729,9729,33071,33071,0,0,1",-1],[0],0,[],[],[]],[[[0,"ಸಂತಸ",".mp3",0.912],-1],0,0,[],[],[]],[["0,9729,9729,33071,33071,0,0,1",-1],[0],0,[],[],[]],[[[0,"ಗ",".mp3",0.528],-1],0,0,[],[],[]],[[[0,"ಗಗನ ಕಂಡ",".mp3",1.104],-1],0,0,[],[],[]],[[[0,"ಡ",".mp3",0.504],-1],0,0,[],[],[]],[["0,9729,9729,33071,33071,0,0,1",-1],[0],0,[],[],[]],[[[0,"ಕಂಡ",".mp3",0.696],-1],0,0,[],[],[]],[[{"name":"son","rect":[0,0,341,512],"offset":[0,0],"originalSize":[341,512],"capInsets":[0,0,0,0]}],[1],0,[0],[0],[14]],[[[0,"ಅಮರ ಕಂಡ ಗಗನ ಚಂದ",".mp3",1.68],-1],0,0,[],[],[]],[[[0,"ಸಮಯ",".mp3",0.768],-1],0,0,[],[],[]],[[[0,"ಗಗನ",".mp3",0.72],-1],0,0,[],[],[]],[[{"name":"boy_watching_sunrise","rect":[0,0,384,512],"offset":[0,0],"originalSize":[384,512],"capInsets":[0,0,0,0]}],[1],0,[0],[0],[15]],[[[0,"ಮ",".mp3",0.48],-1],0,0,[],[],[]],[["0,9729,9729,33071,33071,0,0,1",-1],[0],0,[],[],[]],[[[0,"ಅ",".mp3",0.456],-1],0,0,[],[],[]],[[[0,"ಬಸವ",".mp3",0.744],-1],0,0,[],[],[]],[[{"name":"happy_people","rect":[0,0,512,342],"offset":[0,0],"originalSize":[512,342],"capInsets":[0,0,0,0]}],[1],0,[0],[0],[16]],[["0,9729,9729,33071,33071,0,0,1",-1],[0],0,[],[],[]]]]