[1,["b2ak/D83BOs6NHJkZSn+0m","28JpVT7NNGLaCh60NpaiJJ","9f2GQ3qBZDFbghDL0t7Pee","a6brv+SxZEaJ5Uys+a+0dx","a8c7elF0pEL6pLW3ogndcs","ffdalP1IlE6ajirB+WtSbw","5dzpbGJ19O6q2rxspzs212","71uymEVIRJk668y+Ew3BFS","8bmixWGp9FYY554j118IDq","ec8t0R0YlGSqhQi9FIv8Oo"],["_textureSetter"],["cc.Texture2D","cc.SpriteFrame",["cc.AudioClip",["_name","_native","duration"],0],["cc.JsonAsset",["_name","json"],1]],[[2,0,1,2,4],[3,0,1,3]],[[["0,9729,9729,33071,33071,0,0,1",-1],[0],0,[],[],[]],[[{"name":"door","rect":[0,0,400,400],"offset":[0,0],"originalSize":[400,400],"capInsets":[0,0,0,0]}],[1],0,[0],[0],[0]],[[[0,"ಗೋಡೆ",".mp3",0.84],-1],0,0,[],[],[]],[[{"name":"doctor","rect":[0,0,400,400],"offset":[0,0],"originalSize":[400,400],"capInsets":[0,0,0,0]}],[1],0,[0],[0],[1]],[[{"name":"sword","rect":[0,0,400,400],"offset":[0,0],"originalSize":[400,400],"capInsets":[0,0,0,0]}],[1],0,[0],[0],[2]],[["0,9729,9729,33071,33071,0,0,1",-1],[0],0,[],[],[]],[[{"name":"farmer","rect":[0,0,400,400],"offset":[0,0],"originalSize":[400,400],"capInsets":[0,0,0,0]}],[1],0,[0],[0],[3]],[[{"name":"crow","rect":[0,0,400,400],"offset":[0,0],"originalSize":[400,400],"capInsets":[0,0,0,0]}],[1],0,[0],[0],[4]],[[{"name":"coin","rect":[0,0,400,400],"offset":[0,0],"originalSize":[400,400],"capInsets":[0,0,0,0]}],[1],0,[0],[0],[5]],[["0,9729,9729,33071,33071,0,0,1",-1],[0],0,[],[],[]],[[[1,"kn2_0200",{"rows":[["openwindow1","1","Description","LEGIT","ಹದ್ದು","eagle.png","crow.png","ಹದ್ದು.mp3","ಹದ್ದು"],["openwindow1","1","Description","LEGIT","ರೈತ","farmer.png","doctor.png","ರೈತ.mp3","ರೈತ"],["openwindow1","1","Description","LEGIT","ಬಲೆ","net.png","sword.png","ಬಲೆ.mp3","ಬಲೆ"],["openwindow1","1","Description","LEGIT","ಗೋಡೆ","wall.png","door.png","ಗೋಡೆ.mp3","ಗೋಡೆ"],["openwindow1","1","Description","LEGIT","ನಾಣ್ಯ","coin.png","stone.png","ನಾಣ್ಯ.mp3","ನಾಣ್ಯ"],["quizliteracy","1","Description","image_word","ಬಲೆ","ಬಲೆ","ಹದ್ದು","ರೈತ","net.png"],["quizliteracy","1","Description","image_word","ಗೋಡೆ","ಗೋಡೆ","ರೈತ","ಬಲೆ","wall.png"],["quizliteracy","1","Description","image_word","ನಾಣ್ಯ","ನಾಣ್ಯ","ಗೋಡೆ","ಹದ್ದು","coin.png"]]}]],0,0,[],[],[]],[[{"name":"net","rect":[0,0,400,400],"offset":[0,0],"originalSize":[400,400],"capInsets":[0,0,0,0]}],[1],0,[0],[0],[6]],[["0,9729,9729,33071,33071,0,0,1",-1],[0],0,[],[],[]],[[[0,"ಹದ್ದು",".mp3",0.768],-1],0,0,[],[],[]],[[[0,"ರೈತ",".mp3",0.768],-1],0,0,[],[],[]],[["0,9729,9729,33071,33071,0,0,1",-1],[0],0,[],[],[]],[["0,9729,9729,33071,33071,0,0,1",-1],[0],0,[],[],[]],[["0,9729,9729,33071,33071,0,0,1",-1],[0],0,[],[],[]],[["0,9729,9729,33071,33071,0,0,1",-1],[0],0,[],[],[]],[[{"name":"stone","rect":[0,0,400,400],"offset":[0,0],"originalSize":[400,400],"capInsets":[0,0,0,0]}],[1],0,[0],[0],[7]],[[{"name":"eagle","rect":[0,0,400,400],"offset":[0,0],"originalSize":[400,400],"capInsets":[0,0,0,0]}],[1],0,[0],[0],[8]],[[[0,"ನಾಣ್ಯ",".mp3",0.768],-1],0,0,[],[],[]],[[{"name":"wall","rect":[0,0,400,400],"offset":[0,0],"originalSize":[400,400],"capInsets":[0,0,0,0]}],[1],0,[0],[0],[9]],[["0,9729,9729,33071,33071,0,0,1",-1],[0],0,[],[],[]],[[[0,"ಬಲೆ",".mp3",0.672],-1],0,0,[],[],[]],[["0,9729,9729,33071,33071,0,0,1",-1],[0],0,[],[],[]]]]