[1,["e55/W0CHtHPpjrMFrusxgO","87JyfsyF1FuoUzOiOIA/uo","35AbDJfd5DGrcD/uqWBdtn"],["_textureSetter"],["cc.Texture2D","cc.SpriteFrame",["cc.AudioClip",["_name","_native","duration"],0],["cc.JsonAsset",["_name","json"],1]],[[2,0,1,2,4],[3,0,1,3]],[[[[0,"मटका",".mp3",0.731429],-1],0,0,[],[],[]],[["0,9729,9729,33071,33071,0,0,1",-1],[0],0,[],[],[]],[[{"name":"मटका","rect":[0,0,400,333],"offset":[0,0],"originalSize":[400,333],"capInsets":[0,0,0,0]}],[1],0,[0],[0],[0]],[[[0,"मटर",".mp3",0.600816],-1],0,0,[],[],[]],[[{"name":"मटर","rect":[0,0,400,333],"offset":[0,0],"originalSize":[400,333],"capInsets":[0,0,0,0]}],[1],0,[0],[0],[1]],[[[1,"hi0124",{"rows":[["phonictractor","1","Description","5","म","म.mp3","म","म.mp3"],["writeletter","1","Description","म","मटका"],["writecard","1","Description","म","मटका","मटका.png","मटका.mp3","मछली","मछली.png","मछली.mp3","मटर","मटर.png","मटर.mp3"],["quizliteracy","1","Description","soundonly_word","म","म","ट","न","","","म.mp3"],["quizliteracy","1","Description","word_word","म","ट","न","म","","म"],["quizliteracy","1","Description","soundonly_word","म","न","म","द","","","म.mp3"]]}]],0,0,[],[],[]],[["0,9729,9729,33071,33071,0,0,1",-1],[0],0,[],[],[]],[[{"name":"मछली","rect":[0,0,400,333],"offset":[0,0],"originalSize":[400,333],"capInsets":[0,0,0,0]}],[1],0,[0],[0],[2]],[[[0,"मछली",".mp3",0.757551],-1],0,0,[],[],[]],[["0,9729,9729,33071,33071,0,0,1",-1],[0],0,[],[],[]],[[[0,"म",".mp3",0.5225],-1],0,0,[],[],[]]]]