[1,["d5Zd2y+LhFM4nLsoeeKXre","73PxWg3PBJAK82XJV6cZf4","53NBUbOVJOw6cLwgpQn+dr","75tvymDPRPhYdjQyi0ZK4W","77HrWEizZLQ7otS+mXM5t8","83b+8xI/xBEIJq144hi2O7","1exbCfwyhP3I3Lq7A0zBJh","53cfkz4S1Lf6Eb0d0hHuTA"],["_textureSetter"],["cc.Texture2D","cc.SpriteFrame",["cc.AudioClip",["_name","_native","duration"],0],["cc.JsonAsset",["_name","json"],1]],[[2,0,1,2,4],[3,0,1,3]],[[[[0,"loud",".mp3",1.008],-1],0,0,[],[],[]],[[[0,"sour",".mp3",0.984],-1],0,0,[],[],[]],[[[0,"bl",".mp3",0.552],-1],0,0,[],[],[]],[[[0,"kid",".mp3",0.72],-1],0,0,[],[],[]],[[[0,"ou",".mp3",0.48],-1],0,0,[],[],[]],[["0,9729,9729,33071,33071,0,0,1",-1],[0],0,[],[],[]],[[[0,"count",".mp3",1.056],-1],0,0,[],[],[]],[[[0,"blouse",".mp3",1.128],-1],0,0,[],[],[]],[[{"name":"spelling_house","rect":[0,0,370,273],"offset":[0,0],"originalSize":[370,273],"capInsets":[0,0,0,0]}],[1],0,[0],[0],[0]],[[[0,"blot",".mp3",1.08],-1],0,0,[],[],[]],[[[0,"ai",".mp3",0.696],-1],0,0,[],[],[]],[[[0,"hand",".mp3",1.056],-1],0,0,[],[],[]],[[[0,"shoulder",".mp3",1.152],-1],0,0,[],[],[]],[[[0,"fl",".mp3",0.48],-1],0,0,[],[],[]],[[[0,"flour",".mp3",0.888],-1],0,0,[],[],[]],[[{"name":"shoulder","rect":[0,0,640,571],"offset":[0,0],"originalSize":[640,571],"capInsets":[0,0,0,0]}],[1],0,[0],[0],[1]],[[[0,"sound",".mp3",1.056],-1],0,0,[],[],[]],[[{"name":"touch","rect":[24,0,268,630],"offset":[0.5,0],"originalSize":[315,630],"capInsets":[0,0,0,0]}],[1],0,[0],[0],[2]],[["0,9729,9729,33071,33071,0,0,1",-1],[0],0,[],[],[]],[["0,9729,9729,33071,33071,0,0,1",-1],[0],0,[],[],[]],[[[0,"mouse",".mp3",0.984],-1],0,0,[],[],[]],[[{"name":"blouse","rect":[0,0,800,683],"offset":[0,0],"originalSize":[800,683],"capInsets":[0,0,0,0]}],[1],0,[0],[0],[3]],[[[0,"house",".mp3",0.96],-1],0,0,[],[],[]],[[[0,"louse",".mp3",0.96],-1],0,0,[],[],[]],[[[0,"kiss",".mp3",0.912],-1],0,0,[],[],[]],[[[0,"d_phonic",".mp3",1.619592],-1],0,0,[],[],[]],[[[0,"round",".mp3",1.008],-1],0,0,[],[],[]],[[{"name":"radio","rect":[35,16,116,110],"offset":[-3.5,5.5],"originalSize":[193,153],"capInsets":[0,0,0,0]}],[1],0,[0],[0],[4]],[["0,9729,9729,33071,33071,0,0,1",-1],[0],0,[],[],[]],[[[0,"our",".mp3",0.672],-1],0,0,[],[],[]],[[[0,"hot",".mp3",0.888],-1],0,0,[],[],[]],[["1,9729,9729,33071,33071,0,0,1",-1],[0],0,[],[],[]],[[[0,"t_phonic",".mp3",1.17551],-1],0,0,[],[],[]],[["0,9729,9729,33071,33071,0,0,1",-1],[0],0,[],[],[]],[[[0,"flag",".mp3",1.128],-1],0,0,[],[],[]],[["0,9729,9729,33071,33071,0,0,1",-1],[0],0,[],[],[]],[[{"name":"feet","rect":[0,0,1534,1096],"offset":[0,0],"originalSize":[1534,1096],"capInsets":[0,0,0,0]}],[1],0,[0],[0],[5]],[[{"name":"house","rect":[18,43,159,79],"offset":[1,-6],"originalSize":[193,153],"capInsets":[0,0,0,0]}],[1],0,[0],[0],[6]],[[[0,"touch",".mp3",0.96],-1],0,0,[],[],[]],[[[0,"rain",".mp3",0.96],-1],0,0,[],[],[]],[[[0,"floor",".mp3",0.936],-1],0,0,[],[],[]],[[[0,"paint",".mp3",1.008],-1],0,0,[],[],[]],[[[0,"shoulders",".mp3",1.44],-1],0,0,[],[],[]],[[[0,"fly",".mp3",0.96],-1],0,0,[],[],[]],[[[0,"black",".mp3",1.008],-1],0,0,[],[],[]],[[[0,"king",".mp3",0.888],-1],0,0,[],[],[]],[[[0,"hound",".mp3",1.008],-1],0,0,[],[],[]],[[[0,"out",".mp3",0.816],-1],0,0,[],[],[]],[[{"name":"hands","rect":[0,0,1534,1096],"offset":[0,0],"originalSize":[1534,1096],"capInsets":[0,0,0,0]}],[1],0,[0],[0],[7]],[["0,9729,9729,33071,33071,0,0,1",-1],[0],0,[],[],[]],[[[0,"ouch",".mp3",0.84],-1],0,0,[],[],[]],[[[0,"boat",".mp3",0.936],-1],0,0,[],[],[]],[[[0,"hour",".mp3",0.768],-1],0,0,[],[],[]],[[[0,"hack",".mp3",0.912],-1],0,0,[],[],[]],[[[1,"en1806",{"rows":[["grid","1","Description","ou","r,t,ch"],["grid","1","Description","h,s,fl","our"],["grid","1","Description","h,m,l","ouse"],["grid","1","Description","r,s,h","ound"],["grid","1","Description","h,bl","ouse,ack,ot"],["openwindow","1","Description","LEGIT","house","house.png","radio.png","house.mp3","abcdefghijklmnopqrstuvwxyz"],["rocket","1","Description","blouse","bl,ouse","bl,ouse","blouse.mp3","blouse.png","false","false"],["rocket","1","Description","touch","a,b,c,d,e,f,g,h,i,j,k,l,m,n,o,p,q,r,s,t,u,v,w,x,y,z","t,o,u,c,h","touch.mp3","touch.png","false","true"],["speakingpet","1","Description","ou.mp3","ai.mp3","mouse","mouse.mp3","A","2,3","count","count.mp3","A","2,3","paint","paint.mp3","B","2,3","rain","rain.mp3","B","2,3"],["speakingpet","1","Description","t_phonic.mp3","d_phonic.mp3","pet","pet.mp3","A","3","boat","boat.mp3","A","4","kid","kid.mp3","B","3","loud","loud.mp3","B","4"],["spelldoor","1","Description","house","h**se","2","2","spelling_house.png","house.mp3"],["quizliteracy","1","Description","soundonly_word","house","happy","road","house","","","house.mp3"],["quizliteracy","1","Description","soundonly_word","blouse","flower","yellow","blouse","","","blouse.mp3"],["quizliteracy","1","Description","soundonly_image","shoulder.png","feet.png","hands.png","shoulders.png","","","shoulder.mp3"],["quizliteracy","1","Description","soundonly_word","count","mouse","count","house","","","count.mp3"],["quizliteracy","1","Description","soundonly_word","mouse","mouse","blouse","house","","","mouse.mp3"]]}]],0,0,[],[],[]],[[[0,"pet",".mp3",0.84],-1],0,0,[],[],[]]]]