[1,["1cHFvBfPJAfpJG25ut1/KV","98zkgsivhDILZcLVIfw11D","09YAmcnIFNMocVGoaUpuGB","7afrARwGZBkbXxdeNaReAi","878G1ppGxL4IOPTIrIpZCO","9fufLrOaVBdoLH4kMTuJTo","cf34kosDZAZbDG3m1Je12C","3dDQ+QfP5PBYh0sdsv98lV","965GsRcUlDb5zrPUDhlGj8"],["_textureSetter"],["cc.Texture2D","cc.SpriteFrame",["cc.AudioClip",["_name","_native","duration"],0],["cc.JsonAsset",["_name","json"],1]],[[2,0,1,2,4],[3,0,1,3]],[[[[0,"8",".mp3",0.626939],-1],0,0,[],[],[]],[["0,9729,9729,33071,33071,0,0,1",-1],[0],0,[],[],[]],[[[0,"5",".mp3",0.783673],-1],0,0,[],[],[]],[[{"name":"6","rect":[0,0,512,503],"offset":[0,0],"originalSize":[512,503],"capInsets":[0,0,0,0]}],[1],0,[0],[0],[0]],[["0,9729,9729,33071,33071,0,0,1",-1],[0],0,[],[],[]],[[[0,"1",".mp3",0.757551],-1],0,0,[],[],[]],[["0,9729,9729,33071,33071,0,0,1",-1],[0],0,[],[],[]],[[[0,"6",".mp3",0.835918],-1],0,0,[],[],[]],[[[0,"2",".mp3",0.731429],-1],0,0,[],[],[]],[["0,9729,9729,33071,33071,0,0,1",-1],[0],0,[],[],[]],[["0,9729,9729,33071,33071,0,0,1",-1],[0],0,[],[],[]],[["0,9729,9729,33071,33071,0,0,1",-1],[0],0,[],[],[]],[["0,9729,9729,33071,33071,0,0,1",-1],[0],0,[],[],[]],[[{"name":"4","rect":[0,0,512,502],"offset":[0,0],"originalSize":[512,502],"capInsets":[0,0,0,0]}],[1],0,[0],[0],[1]],[["0,9729,9729,33071,33071,0,0,1",-1],[0],0,[],[],[]],[[{"name":"3","rect":[0,0,512,503],"offset":[0,0],"originalSize":[512,503],"capInsets":[0,0,0,0]}],[1],0,[0],[0],[2]],[[{"name":"8","rect":[0,0,512,503],"offset":[0,0],"originalSize":[512,503],"capInsets":[0,0,0,0]}],[1],0,[0],[0],[3]],[[[0,"9",".mp3",0.757551],-1],0,0,[],[],[]],[[{"name":"2","rect":[0,0,900,566],"offset":[0,0],"originalSize":[900,566],"capInsets":[0,0,0,0]}],[1],0,[0],[0],[4]],[["0,9729,9729,33071,33071,0,0,1",-1],[0],0,[],[],[]],[[[0,"3",".mp3",0.731429],-1],0,0,[],[],[]],[[{"name":"1","rect":[0,0,900,566],"offset":[0,0],"originalSize":[900,566],"capInsets":[0,0,0,0]}],[1],0,[0],[0],[5]],[[{"name":"7","rect":[0,0,512,503],"offset":[0,0],"originalSize":[512,503],"capInsets":[0,0,0,0]}],[1],0,[0],[0],[6]],[[[0,"7",".mp3",0.809796],-1],0,0,[],[],[]],[[{"name":"5","rect":[0,0,512,503],"offset":[0,0],"originalSize":[512,503],"capInsets":[0,0,0,0]}],[1],0,[0],[0],[7]],[[[1,"sl_en3511",{"rows":[["openwindow1","1","Description","LEGIT","one","1.png","3.png","1.mp3","abcdefghijklmnopqrstuvwxyz"],["openwindow1","1","Description","LEGIT","eight","8.png","7.png","8.mp3","abcdefghijklmnopqrstuvwxyz"],["openwindow1","1","Description","LEGIT","five","5.png","4.png","5.mp3","abcdefghijklmnopqrstuvwxyz"],["openwindow1","1","Description","LEGIT","seven","7.png","8.png","7.mp3","abcdefghijklmnopqrstuvwxyz"],["openwindow1","1","Description","LEGIT","six","6.png","5.png","6.mp3","abcdefghijklmnopqrstuvwxyz"],["openwindow1","1","Description","LEGIT","nine","9.png","7.png","9.mp3","abcdefghijklmnopqrstuvwxyz"],["openwindow1","1","Description","LEGIT","eight","2.png","5.png","2.mp3","abcdefghijklmnopqrstuvwxyz"],["openwindow1","1","Description","LEGIT","seven","3.png","6.png","3.mp3","abcdefghijklmnopqrstuvwxyz"],["quizliteracy","1","Description","image_sentence","eight","eight","nine","seven","8.png","","8.mp3"],["quizliteracy","1","Description","image_sentence","six","nine","three","six","5.png","","5.mp3"],["quizliteracy","1","Description","image_sentence","nine","seven","nine","eight","9.png","","9.mp3"]]}]],0,0,[],[],[]],[[{"name":"9","rect":[0,0,512,503],"offset":[0,0],"originalSize":[512,503],"capInsets":[0,0,0,0]}],[1],0,[0],[0],[8]]]]