[1,["b4FAGLCV9EOJcpzuhNPvwI"],["_textureSetter"],["cc.SpriteFrame","cc.Texture2D",["cc.AudioClip",["_name","_native","duration"],0],["cc.JsonAsset",["_name","json"],1]],[[2,0,1,2,4],[3,0,1,3]],[[[[0,"r_phonic",".mp3",2.037551],-1],0,0,[],[],[]],[[[0,"nice",".mp3",1.104],-1],0,0,[],[],[]],[[[0,"q_phonic",".mp3",0.496327],-1],0,0,[],[],[]],[[[0,"red",".mp3",0.936],-1],0,0,[],[],[]],[[[0,"l_phonic",".mp3",2.142041],-1],0,0,[],[],[]],[[[1,"en0803",{"rows":[["speakingpet","1","Description","l_phonic.mp3","n_phonic.mp3","lion","lion.mp3","A","1","lip","lip.mp3","A","1","neck","neck.mp3","B","1","name","name.mp3","B","1"],["spelldoor","1","Description","book","*ook","2","0","spelling_book.png","book.mp3"],["speakingpet","1","Description","m_phonic.mp3","p_phonic.mp3","man","man.mp3","A","1","map","map.mp3","A","1","pen","pen.mp3","B","1","pop","pop.mp3","B","1"],["speakingpet","1","Description","m_phonic.mp3","r_phonic.mp3","mat","mat.mp3","A","1","miss","miss.mp3","A","1","red","red.mp3","B","1","room","room.mp3","B","1"],["speakingpet","1","Description","p_phonic.mp3","f_phonic.mp3","park","park.mp3","A","1","fan","fan.mp3","B","1","phone","phone.mp3","B","1,2","far","far.mp3","B","1"],["speakingpet","1","Description","q_phonic.mp3","p_phonic.mp3","quiz","quiz.mp3","A","1","pass","pass.mp3","B","1","pot","pot.mp3","B","1","pin","pin.mp3","B","1"],["speakingpet","1","Description","r_phonic.mp3","n_phonic.mp3","run","run.mp3","A","1","rat","rat.mp3","A","1","net","net.mp3","B","1","nice","nice.mp3","B","1"],["speakingpet","1","Description","s_phonic.mp3","k_phonic.mp3","sit","sit.mp3","A","1","soap","soap.mp3","A","1","key","key.mp3","B","1","kick","kick.mp3","B","1"],["speakingpet","1","Description","s_phonic.mp3","sh.mp3","sing","sing.mp3","A","1","sheep","sheep.mp3","B","1,2","she","she.mp3","B","1,2","show","show.mp3","B","1,2"],["quizliteracy","1","Description","word_word","l","p","l","s","","_ion","lion.mp3"],["quizliteracy","1","Description","word_word","p","d","p","a","","_ark","park.mp3"],["quizliteracy","1","Description","word_word","r","v","i","r","","_un","run.mp3"],["quizliteracy","1","Description","word_word","s","c","s","b","","_it","sit.mp3"],["quizliteracy","1","Description","word_word","m","w","x","m","","_an","man.mp3"],["quizliteracy","1","Description","word_word","n","h","u","n","","_et","net.mp3"]]}]],0,0,[],[],[]],[[[0,"fan",".mp3",0.912],-1],0,0,[],[],[]],[[[0,"map",".mp3",0.84],-1],0,0,[],[],[]],[[[0,"p_phonic",".mp3",1.567347],-1],0,0,[],[],[]],[[[0,"neck",".mp3",0.888],-1],0,0,[],[],[]],[[[0,"pass",".mp3",0.984],-1],0,0,[],[],[]],[[[0,"lion",".mp3",1.032],-1],0,0,[],[],[]],[[[0,"man",".mp3",0.888],-1],0,0,[],[],[]],[[[0,"room",".mp3",0.912],-1],0,0,[],[],[]],[[[0,"sheep",".mp3",0.912],-1],0,0,[],[],[]],[[{"name":"spelling_book","rect":[0,0,370,273],"offset":[0,0],"originalSize":[370,273],"capInsets":[0,0,0,0]}],[0],0,[0],[0],[0]],[[[0,"sh",".mp3",0.528],-1],0,0,[],[],[]],[[[0,"park",".mp3",0.864],-1],0,0,[],[],[]],[[[0,"pot",".mp3",0.84],-1],0,0,[],[],[]],[[[0,"k_phonic",".mp3",1.306122],-1],0,0,[],[],[]],[[[0,"key",".mp3",0.768],-1],0,0,[],[],[]],[[[0,"pin",".mp3",0.744],-1],0,0,[],[],[]],[[[0,"rat",".mp3",0.912],-1],0,0,[],[],[]],[[[0,"lip",".mp3",0.744],-1],0,0,[],[],[]],[[[0,"far",".mp3",0.792],-1],0,0,[],[],[]],[[[0,"soap",".mp3",1.08],-1],0,0,[],[],[]],[[[0,"s_phonic",".mp3",1.985306],-1],0,0,[],[],[]],[[[0,"quiz",".mp3",1.008],-1],0,0,[],[],[]],[[[0,"net",".mp3",0.888],-1],0,0,[],[],[]],[[[0,"book",".mp3",0.864],-1],0,0,[],[],[]],[[[0,"pen",".mp3",0.768],-1],0,0,[],[],[]],[[[0,"phone",".mp3",1.032],-1],0,0,[],[],[]],[[[0,"m_phonic",".mp3",2.246531],-1],0,0,[],[],[]],[[[0,"kick",".mp3",0.816],-1],0,0,[],[],[]],[["0,9729,9729,33071,33071,0,0,1",-1],[1],0,[],[],[]],[[[0,"show",".mp3",0.912],-1],0,0,[],[],[]],[[[0,"sing",".mp3",0.936],-1],0,0,[],[],[]],[[[0,"name",".mp3",0.936],-1],0,0,[],[],[]],[[[0,"she",".mp3",0.816],-1],0,0,[],[],[]],[[[0,"sit",".mp3",0.936],-1],0,0,[],[],[]],[[[0,"mat",".mp3",0.984],-1],0,0,[],[],[]],[[[0,"n_phonic",".mp3",1.619592],-1],0,0,[],[],[]],[[[0,"f_phonic",".mp3",3.108571],-1],0,0,[],[],[]],[[[0,"run",".mp3",0.864],-1],0,0,[],[],[]],[[[0,"pop",".mp3",0.744],-1],0,0,[],[],[]],[[[0,"miss",".mp3",0.984],-1],0,0,[],[],[]]]]