[1,["08HYMzGh1Lc745eq6J83Lg","1c1vpNfvxKspAVNpnkqfCP","aaawXOAnFEV5s+/+33XI9f","45pfevXhNDl53e+8qs5tTq"],["_textureSetter"],["cc.Texture2D","cc.SpriteFrame",["cc.AudioClip",["_name","_native","duration"],0],["cc.JsonAsset",["_name","json"],1]],[[2,0,1,2,4],[3,0,1,3]],[[["1,9729,9729,33071,33071,0,0,1",-1],[0],0,[],[],[]],[[[0,"Binta_is_a_girl",".mp3",1.697959],-1],0,0,[],[],[]],[["1,9729,9729,33071,33071,0,0,1",-1],[0],0,[],[],[]],[[[0,"Anand_is_a_good_farmer",".mp3",2.184],-1],0,0,[],[],[]],[[[0,"Anand_is_a_boy",".mp3",1.584],-1],0,0,[],[],[]],[[{"name":"Salma_and_Rita_are_students","rect":[0,0,800,595],"offset":[0,0],"originalSize":[800,595],"capInsets":[0,0,0,0]}],[1],0,[0],[0],[0]],[[[0,"Anand_is_a_farmer",".mp3",1.752],-1],0,0,[],[],[]],[["1,9729,9729,33071,33071,0,0,1",-1],[0],0,[],[],[]],[[{"name":"Nitaisa_fastswimmer","rect":[0,0,1920,957],"offset":[0,0],"originalSize":[1920,957],"capInsets":[0,0,0,0]}],[1],0,[0],[0],[1]],[[[0,"They_are_students",".mp3",1.462857],-1],0,0,[],[],[]],[[[1,"sl_en2303",{"rows":[["createsentence","1","Description","Binta/is/a girl","a boy","aartiisa_girl.jpg","Binta_is_a_girl.mp3"],["createsentence","1","Description","Anand/is/a boy","a girl","Johnisa_boy.jpg","Anand_is_a_boy.mp3"],["createsentence","1","Description","Salma and Rita/are/students","doctors","Salma_and_Rita_are_students.jpg","Salma_and_Rita_are_students.mp3"],["createsentence","1","Description","They/are/students","doctors","They_are_students.jpg","They_are_students.mp3"],["createsentence","1","Description","Anand/is/a farmer","a lion","Gopiisa_goodfarmer.jpg","Anand_is_a_farmer.mp3"],["createsentence","1","Description","Binta/is/a smart/kid","","Malaisa_smartkid.jpg","Binta_is_a_smart_kid.mp3"],["createsentence","1","Description","Salma/is/a helpful/friend","","Hinaisa_helpfulfriend.jpg","Salma_is_a_helpful_friend.mp3"],["createsentence","1","Description","Anand/is/a tall/boy","","Chrisisa_tallboy.jpg","Anand_is_a_tall_boy.mp3"],["createsentence","1","Description","Nita/is/a fast/swimmer","","Nitaisa_fastswimmer.jpg","Nita_is_a_fast_swimmer.mp3"],["createsentence","1","Description","Anand/is/a good/farmer","","Gopiisa_goodfarmer.jpg","Anand_is_a_good_farmer.mp3"],["quizliteracy","1","Description","image_sentence","Anand is a boy.","Anand is a boy.","Anand is a girl.","Anand is a man.","Johnisa_boy.jpg","","Anand_is_a_boy.mp3"],["quizliteracy","1","Description","image_sentence","Salma and Rita are students.","Salma and Rita are doctors.","Salma and Rita are students.","Salma and Rita are farmers.","Salma_and_Rita_are_students.jpg","","Salma_and_Rita_are_students.mp3"],["quizliteracy","1","Description","image_sentence","Binta is a smart kid.","Binta is a smart kid.","Smart kid is Binta.","Kid Binta is smart.","Malaisa_smartkid.jpg","","Binta_is_a_smart_kid.mp3"],["quizliteracy","1","Description","image_sentence","Nita is a fast swimmer.","Fast swimmer is Nita.","Swimmer fast is Nita.","Nita is a fast swimmer.","Nitaisa_fastswimmer.jpg","","Nita_is_a_fast_swimmer.mp3"],["quizliteracy","1","Description","image_sentence","Anand is a tall boy.","Anand is a tall boy.","Tall boy is Anand.","Boy tall is Anand.","Chrisisa_tallboy.jpg","","Anand_is_a_tall_boy.mp3"]]}]],0,0,[],[],[]],[[{"name":"They_are_students","rect":[0,0,800,533],"offset":[0,0],"originalSize":[800,533],"capInsets":[0,0,0,0]}],[1],0,[0],[0],[2]],[[[0,"Salma_is_a_helpful_friend",".mp3",2.616],-1],0,0,[],[],[]],[[[0,"Anand_is_a_tall_boy",".mp3",2.112],-1],0,0,[],[],[]],[["1,9729,9729,33071,33071,0,0,1",-1],[0],0,[],[],[]],[[[0,"Nita_is_a_fast_swimmer",".mp3",2.376],-1],0,0,[],[],[]],[[{"name":"Malaisa_smartkid","rect":[0,0,1073,578],"offset":[0,0],"originalSize":[1073,578],"capInsets":[0,0,0,0]}],[1],0,[0],[0],[3]],[[[0,"Salma_and_Rita_are_students",".mp3",2.976],-1],0,0,[],[],[]],[[[0,"Binta_is_a_smart_kid",".mp3",2.246531],-1],0,0,[],[],[]]]]