[1,["acBI4OcHJFXpAyora2WEIH","25p1vafGhPApGQDep99wHf","31lYUDgxRCXZ5+CLmfsFcL","36cSZ7ZAJNoId79gtsvqvX"],["_textureSetter"],["cc.SpriteFrame","cc.Texture2D",["cc.AudioClip",["_name","_native","duration"],0],["cc.JsonAsset",["_name","json"],1]],[[2,0,1,2,4],[3,0,1,3]],[[[{"name":"mouse","rect":[0,0,640,425],"offset":[0,0],"originalSize":[640,425],"capInsets":[0,0,0,0]}],[0],0,[0],[0],[0]],[[[0,"रि",".mp3",0.914286],-1],0,0,[],[],[]],[[{"name":"poor","rect":[0,0,190,266],"offset":[0,0],"originalSize":[190,266],"capInsets":[0,0,0,0]}],[0],0,[0],[0],[1]],[[[0,"बी",".mp3",0.626939],-1],0,0,[],[],[]],[["0,9729,9729,33071,33071,0,0,1",-1],[1],0,[],[],[]],[[[0,"म",".mp3",0.888163],-1],0,0,[],[],[]],[[[0,"वि",".mp3",0.574694],-1],0,0,[],[],[]],[["0,9729,9729,33071,33071,0,0,1",-1],[1],0,[],[],[]],[[[0,"माहिती",".mp3",0.940408],-1],0,0,[],[],[]],[[[0,"ही",".mp3",0.626939],-1],0,0,[],[],[]],[["0,9729,9729,33071,33071,0,0,1",-1],[1],0,[],[],[]],[[[1,"mr3405",{"rows":[["phonictractor","1","Description","4","माहिती","माहिती.mp3","मा","मा.mp3","हि","ही.mp3","ती","ती.mp3"],["spelldoor","1","Description","मंदिर","मंदि*","0","0","temple.png","मंदिर.mp3"],["openwindow","1","Description","LEGIT","उंदीर","mouse.png","cat.png","उंदीर.mp3","उंदीर"],["rocket","1","Description","गरीब","ग,री,ब","ग,री,ब","गरीब.mp3","poor.png","False","False"],["phonictractor","1","Description","5","गरिबी","गरिबी.mp3","ग","ग.mp3","रि","रि.mp3","बी","बी.mp3"],["phonictractor","1","Description","5","विनंती","विनंती.mp3","वि","वि.mp3","नं","नं.mp3","ती","ती.mp3"],["phonictractor","1","Description","5","बारीक","बारीक.mp3","बा","ब.mp3","री","री.mp3","क","क.mp3"],["phonictractor","1","Description","5","किती","किती.mp3","कि","कि.mp3","ती","ती.mp3"],["phonictractor","1","Description","5","चिमणी","चिमणी.mp3","चि","चि.mp3","म","म.mp3","णी","णी.mp3"],["quizliteracy","1","Description","word_word","र","प","र","क","","मंदि__","मंदिर.mp3"],["quizliteracy","1","Description","soundonly_word","गरिबी","किती","चिमणी","गरिबी","","","गरिबी.mp3"],["quizliteracy","1","Description","image_word","उंदीर","उंदीर","बारीक","माहिती","mouse.png"]]}]],0,0,[],[],[]],[[[0,"गरिबी",".mp3",0.862041],-1],0,0,[],[],[]],[[[0,"कि",".mp3",0.809796],-1],0,0,[],[],[]],[[{"name":"temple","rect":[0,0,640,527],"offset":[0,0],"originalSize":[640,527],"capInsets":[0,0,0,0]}],[0],0,[0],[0],[2]],[[[0,"क",".mp3",0.783673],-1],0,0,[],[],[]],[[[0,"उंदीर",".mp3",0.992653],-1],0,0,[],[],[]],[[[0,"किती",".mp3",0.626939],-1],0,0,[],[],[]],[[[0,"ब",".mp3",0.783673],-1],0,0,[],[],[]],[[[0,"गरीब",".mp3",0.679184],-1],0,0,[],[],[]],[["0,9729,9729,33071,33071,0,0,1",-1],[1],0,[],[],[]],[[[0,"मा",".mp3",0.757551],-1],0,0,[],[],[]],[[[0,"मंदिर",".mp3",0.731429],-1],0,0,[],[],[]],[[[0,"विनंती",".mp3",0.966531],-1],0,0,[],[],[]],[[[0,"ग",".mp3",0.940408],-1],0,0,[],[],[]],[[[0,"बारीक",".mp3",0.731429],-1],0,0,[],[],[]],[[[0,"ती",".mp3",0.757551],-1],0,0,[],[],[]],[[[0,"णी",".mp3",0.862041],-1],0,0,[],[],[]],[[[0,"चिमणी",".mp3",0.992653],-1],0,0,[],[],[]],[[[0,"चि",".mp3",0.705306],-1],0,0,[],[],[]],[[{"name":"cat","rect":[0,0,640,403],"offset":[0,0],"originalSize":[640,403],"capInsets":[0,0,0,0]}],[0],0,[0],[0],[3]],[[[0,"नं",".mp3",0.574694],-1],0,0,[],[],[]],[[[0,"री",".mp3",0.914286],-1],0,0,[],[],[]]]]