[1,["8e5KnOdhVEo5+vDr/CrSh9"],["_textureSetter"],["cc.Texture2D","cc.SpriteFrame",["cc.AudioClip",["_name","_native","duration"],0],["cc.JsonAsset",["_name","json"],1]],[[2,0,1,2,4],[3,0,1,3]],[[[[0,"आजोबा",".mp3",0.835918],-1],0,0,[],[],[]],[[[0,"आजी",".mp3",0.940408],-1],0,0,[],[],[]],[[[0,"हे_झेंडू_चे_फूल_आहे",".mp3",1.724082],-1],0,0,[],[],[]],[[[1,"mr2501",{"rows":[["tag","1","Description","image_3_2.png","कुटुंब","280.-1520","कुटुंब.mp3","आजी","1108.-928","आजी.mp3","आजोबा","1304.-1259","आजोबा.mp3","आई","899.-732","आई.mp3","वडील","608.-1285","वडील.mp3"],["fillblank","1","Description","हे  [झेंडू] चे फूल आहे","हे_झेंडू_चे_फूल_आहे.mp3","सिंह","वाघ","विहीर","10"],["fillblank","1","Description","बाबा सणाच्या दिवशी झेंडूचे [तोरण] दारावर लावतात.","बाबा_सणाच्या_दिवशी_झेंडूचे_तोरण_दारावर_लावतात.mp3","पपई","खुर्ची","उशी","10"],["fillblank","1","Description","दादा [दारावर] समोर रांगोळी काढता","दादा_दारावर_समोर_रांगोळी_काढता.mp3","पार्क","दुकान","मेज","10"],["fillblank","1","Description","ही माझी [बॅग] आहे. बॅगेत वही, पेन आहे.","ही_माझी_बॅग_आहे_बॅगेत_वही,_पेन_आहे.mp3","विहीर","ससा","झाड","10"],["fillblank","1","Description","दादाने [जेवण ]मांडली","दादाने _जेवण _मांडली.mp3","गाडी","रस्ता","दार","10"],["quizliteracy","1","Description","sentence_sentence","झेंडू","झेंडू","सिंह","वाघ","","हे ___ चे फूल आहे","हे_झेंडू_चे_फूल_आहे.mp3"],["quizliteracy","1","Description","sentence_sentence","दारावर","खुर्ची","दारावर","उशी","","दादा _____ समोर रांगोळी काढता","दादा_दारावर_समोर_रांगोळी_काढता.mp3"],["quizliteracy","1","Description","sentence_sentence","जेवण","गाडी","रस्ता","जेवण","","दादाने ____ मांडली","दादाने _जेवण _मांडली.mp3"]]}]],0,0,[],[],[]],[[[0,"ही_माझी_बॅग_आहे_बॅगेत_वही,_पेन_आहे",".mp3",3.866122],-1],0,0,[],[],[]],[[[0,"दादाने _जेवण _मांडली",".mp3",1.880816],-1],0,0,[],[],[]],[["0,9729,9729,33071,33071,0,0,1",-1],[0],0,[],[],[]],[[{"name":"image_3_2","rect":[0,0,640,526],"offset":[0,0],"originalSize":[640,526],"capInsets":[0,0,0,0]}],[1],0,[0],[0],[0]],[[[0,"बाबा_सणाच्या_दिवशी_झेंडूचे_तोरण_दारावर_लावतात",".mp3",3.970612],-1],0,0,[],[],[]],[[[0,"दादा_दारावर_समोर_रांगोळी_काढता",".mp3",2.638367],-1],0,0,[],[],[]],[[[0,"आई",".mp3",0.783673],-1],0,0,[],[],[]],[[[0,"वडील",".mp3",0.757551],-1],0,0,[],[],[]],[[[0,"कुटुंब",".mp3",1.018776],-1],0,0,[],[],[]]]]