[1,["feLCMiZ35IebUoYzwAbS5A"],["_textureSetter"],["cc.SpriteFrame","cc.Texture2D",["cc.AudioClip",["_name","_native","duration"],0],["cc.JsonAsset",["_name","json"],1]],[[2,0,1,2,4],[3,0,1,3]],[[[[0,"crow",".mp3",0.626939],-1],0,0,[],[],[]],[[[0,"eagle",".mp3",0.653061],-1],0,0,[],[],[]],[[[0,"hen",".mp3",0.600816],-1],0,0,[],[],[]],[[{"name":"hen","rect":[0,0,500,334],"offset":[0,0],"originalSize":[500,334],"capInsets":[0,0,0,0]}],[0],0,[0],[0],[0]],[[[1,"sl_en1806",{"rows":[["openwindow","1","Description","LEGIT","crow","crow.png","sparrow.png","crow.mp3","abcdefghijklmnopqrstuvwxyz"],["openwindow","1","Description","LEGIT","pigeon","pigeon.png","parrot.png","pigeon.mp3","abcdefghijklmnopqrstuvwxyz"],["openwindow","1","Description","LEGIT","eagle","eagle.png","crow.png","eagle.mp3","abcdefghijklmnopqrstuvwxyz"],["openwindow","1","Description","LEGIT","sparrow","sparrow.png","pelican.png","sparrow.mp3","abcdefghijklmnopqrstuvwxyz"],["openwindow","1","Description","LEGIT","parrot","parrot.png","peacock.png","parrot.mp3","abcdefghijklmnopqrstuvwxyz"],["openwindow","1","Description","LEGIT","pelican","pelican.png","hen.png","pelican.mp3","abcdefghijklmnopqrstuvwxyz"],["openwindow","1","Description","LEGIT","hen","hen.png","eagle.png","hen.mp3","abcdefghijklmnopqrstuvwxyz"],["openwindow","1","Description","LEGIT","peacock","peacock.png","pigeon.png","peacock.mp3","abcdefghijklmnopqrstuvwxyz"],["quizliteracy","1","Description","image_sentence","crow","pigeon","crow","hen","goldfish.png","","crow.mp3"],["quizliteracy","1","Description","soundonly_image","eagle.png","crow.png","sparrow.png","eagle.png","","","eagle.mp3"],["quizliteracy","1","Description","image_sentence","hen","hen","pigeon","crow","parrot.png","","hen.mp3"]]}]],0,0,[],[],[]],[["0,9729,9729,33071,33071,0,0,1",-1],[1],0,[],[],[]]]]