[1,["4bEOeaKU5C2pK8sv5S0dob","c8Dg0BK75GVofdW5q0xgEb","f1Hi0QvhxKhZUoM7/X4NUv","70dvFZVCZKo4gexagaQ+rZ","1evxOls29OKLARDND+Xzel","4c8NsanppGN5ibBpDIHSm0","d0X2d5wH5MLqM2Jj0IponH","efXgWH46BKEZLird+JfH7l","d9bOSzy/RKvY1lPWyATbmU","267eeSeXlPubTQGwYq5L5V","fa32VsfD5AAarwYkxl3neN","d6qk8Bdj9DkaNP6vxPIIgE","51pl1TCOBNtZAjgW3jHYnB"],["_textureSetter"],["cc.SpriteFrame","cc.Texture2D",["cc.AudioClip",["_name","_native","duration"],0],["cc.JsonAsset",["_name","json"],1]],[[2,0,1,2,4],[3,0,1,3]],[[[{"name":"tub","rect":[0,0,512,357],"offset":[0,0],"originalSize":[512,357],"capInsets":[0,0,0,0]}],[0],0,[0],[0],[0]],[[[0,"heavy",".mp3",0.574694],-1],0,0,[],[],[]],[["0,9729,9729,33071,33071,0,0,1",-1],[1],0,[],[],[]],[["0,9729,9729,33071,33071,0,0,1",-1],[1],0,[],[],[]],[[[1,"sl_en3821",{"rows":[["openwindow1","1","Description","LEGIT","Heavy","man.png","girl.png","heavy.mp3","abcdefghijklmnopqrstuvwxyz"],["openwindow1","1","Description","LEGIT","Light","boy.png","woman.png","light.mp3","abcdefghijklmnopqrstuvwxyz"],["openwindow1","1","Description","LEGIT","Heavy","tub.png","mug.png","heavy.mp3","abcdefghijklmnopqrstuvwxyz"],["openwindow1","1","Description","LEGIT","Heavy","4book.png","2books.png","heavy.mp3","abcdefghijklmnopqrstuvwxyz"],["openwindow1","1","Description","LEGIT","Light","rabbit.png","hippo.png","light.mp3","abcdefghijklmnopqrstuvwxyz"],["openwindow1","1","Description","LEGIT","Heavy","bigbasket.png","smallbasket.png","heavy.mp3","abcdefghijklmnopqrstuvwxyz"],["openwindow1","1","Description","LEGIT","Light","pencil.png","book.png","light.mp3","abcdefghijklmnopqrstuvwxyz"],["openwindow1","1","Description","LEGIT","Heavy","cow.png","cat.png","heavy.mp3","abcdefghijklmnopqrstuvwxyz"],["quizliteracy","1","Description","soundonly_image","boy.png","boy.png","woman.png","man.png","","","light.mp3"],["quizliteracy","1","Description","soundonly_image","cow.png","cat.png","mouse.png","cow.png","","","heavy.mp3"],["quizliteracy","1","Description","soundonly_image","pencil.png","tub.png","pencil.png","book.png","","","light.mp3"]]}]],0,0,[],[],[]],[["0,9729,9729,33071,33071,0,0,1",-1],[1],0,[],[],[]],[["0,9729,9729,33071,33071,0,0,1",-1],[1],0,[],[],[]],[["0,9729,9729,33071,33071,0,0,1",-1],[1],0,[],[],[]],[[{"name":"man","rect":[0,0,512,512],"offset":[0,0],"originalSize":[512,512],"capInsets":[0,0,0,0]}],[0],0,[0],[0],[1]],[[[0,"light",".mp3",0.731429],-1],0,0,[],[],[]],[[{"name":"mug","rect":[0,0,500,333],"offset":[0,0],"originalSize":[500,333],"capInsets":[0,0,0,0]}],[0],0,[0],[0],[2]],[[{"name":"boy","rect":[0,0,512,512],"offset":[0,0],"originalSize":[512,512],"capInsets":[0,0,0,0]}],[0],0,[0],[0],[3]],[["0,9729,9729,33071,33071,0,0,1",-1],[1],0,[],[],[]],[[{"name":"cow","rect":[0,0,512,512],"offset":[0,0],"originalSize":[512,512],"capInsets":[0,0,0,0]}],[0],0,[0],[0],[4]],[[{"name":"rabbit","rect":[0,0,512,502],"offset":[0,0],"originalSize":[512,502],"capInsets":[0,0,0,0]}],[0],0,[0],[0],[5]],[[{"name":"mouse","rect":[0,0,444,512],"offset":[0,0],"originalSize":[444,512],"capInsets":[0,0,0,0]}],[0],0,[0],[0],[6]],[[{"name":"girl","rect":[0,0,433,512],"offset":[0,0],"originalSize":[433,512],"capInsets":[0,0,0,0]}],[0],0,[0],[0],[7]],[[{"name":"woman","rect":[0,0,900,1235],"offset":[0,0],"originalSize":[900,1235],"capInsets":[0,0,0,0]}],[0],0,[0],[0],[8]],[[{"name":"pencil","rect":[0,0,493,512],"offset":[0,0],"originalSize":[493,512],"capInsets":[0,0,0,0]}],[0],0,[0],[0],[9]],[["0,9729,9729,33071,33071,0,0,1",-1],[1],0,[],[],[]],[[{"name":"cat","rect":[0,0,494,512],"offset":[0,0],"originalSize":[494,512],"capInsets":[0,0,0,0]}],[0],0,[0],[0],[10]],[["0,9729,9729,33071,33071,0,0,1",-1],[1],0,[],[],[]],[[{"name":"hippo","rect":[0,0,512,377],"offset":[0,0],"originalSize":[512,377],"capInsets":[0,0,0,0]}],[0],0,[0],[0],[11]],[[{"name":"book","rect":[0,0,512,495],"offset":[0,0],"originalSize":[512,495],"capInsets":[0,0,0,0]}],[0],0,[0],[0],[12]],[["0,9729,9729,33071,33071,0,0,1",-1],[1],0,[],[],[]],[["0,9729,9729,33071,33071,0,0,1",-1],[1],0,[],[],[]],[["0,9729,9729,33071,33071,0,0,1",-1],[1],0,[],[],[]],[["0,9729,9729,33071,33071,0,0,1",-1],[1],0,[],[],[]],[["0,9729,9729,33071,33071,0,0,1",-1],[1],0,[],[],[]]]]