<root>

<lido-container lang="en" disable-speak="true" visible="true" template-id="pictureWordMatchSingleImage" id="lido-container" objective="dog" bg-image="template-assets/bg-images/file-ryopkkmu.png" onInCorrect="lido-avatar.avatarAnimate='Fail';this.sleep='2000';" onCorrect="lido-avatar.avatarAnimate='Success';this.sleep='2300';" is-continue-on-correct="false" is-allow-only-correct="false" onEntry="inst.speak='true';" speaker-button-url="template-assets/buttons/file-q0o21qup.png" next-button-url="template-assets/buttons/file-qiipkxti.png" prev-button-url="template-assets/buttons/file-mdokvsxg.png" exit-button-url="template-assets/buttons/file-bb8qz7zb.png">

    
    <lido-cell layout="pos" id="pos1" disable-edit="true" value="pos2" height="landscape.344px,portrait.402px" width="landscape.296px,portrait.398px" x="landscape.84%, portrait.28%" y="landscape.61%, portrait.77%" aria-hidden="true" z="1" bg-color="transparent" visible="true">
        <lido-avatar id="lido-avatar" disable-edit="true" visible="true" height="100%" width="100%" src="template-assets/images/file-h3p02s5k.riv" alt-text="">
        </lido-avatar>
    </lido-cell>

 

    <lido-cell visible="true" layout="col" height="85%" width="98%" bg-color="transparent" margin="61px 0px -58px 0px">
        <lido-cell layout="row" visible="true" height="335px" width="90%" bg-color="transparent">
            <lido-image visible="true" height="330px" width="330px" src="game-assets/images/file-bt2vzshu.jpg" />
            </lido-cell>
        <lido-cell layout="row" visible="true" height="270px" width="90%" bg-color="transparent">
            
            <lido-text type="drop" is-allow-only-one-drop="true" value="dog" tab-index="8" id="drop1" visible="true" height="122px" width="225px" onEntry="this.lineHeight='1.2';this.border-radius='16px';" />
            
        </lido-cell>
        <lido-cell layout="row" visible="true" height="270px" width="81%" bg-color="transparent" onEntry="this.lineHeight='1.2';this.align-items='center';this.justify-content='space-around';this.position='relative';" x="-34px">
            
                
                <lido-text visible="true" disable-speak="true" height="122px" width="225px" type="drag" id="drag1" tab-index="2" string="boy" value="boy" font-family="'Baloo Bhai 2'" font-color="black" font-size="80px" bg-color="#FFAC4C" onEntry="this.lineHeight='1.2';this.font-weight='700';this.border-radius='16px';" />

                

                
                <lido-text visible="true" disable-speak="true" height="122px" width="225px" type="drag" id="drag2" tab-index="3" string="dog" value="dog" font-family="'Baloo Bhai 2'" font-color="black" font-size="80px" bg-color="#FFAC4C" onEntry="this.lineHeight='1.2';this.font-weight='700';this.border-radius='16px';" />

                

                
                <lido-text visible="true" disable-speak="true" height="122px" width="225px" type="drag" id="drag3" tab-index="4" string="cat" value="cat" font-family="'Baloo Bhai 2'" font-color="black" font-size="80px" bg-color="#FFAC4C" onEntry="this.lineHeight='1.2';this.font-weight='700';this.border-radius='16px';" />

                

                
                <lido-text visible="true" disable-speak="true" height="122px" width="225px" type="drag" id="drag4" tab-index="5" string="bag" value="bag" font-family="'Baloo Bhai 2'" font-color="black" font-size="80px" bg-color="#FFAC4C" onEntry="this.lineHeight='1.2';this.font-weight='700';this.border-radius='16px';" />

                

                
                <lido-text visible="true" disable-speak="true" height="122px" width="225px" type="drag" id="drag5" tab-index="6" string="rat" value="rat" font-family="'Baloo Bhai 2'" font-color="black" font-size="80px" bg-color="#FFAC4C" onEntry="this.lineHeight='1.2';this.font-weight='700';this.border-radius='16px';" />

                
        </lido-cell>
    </lido-cell>

</lido-container>
        
<lido-container lang="en" disable-speak="true" visible="true" template-id="pictureWordMatchSingleImage" id="lido-container" objective="cat" bg-image="template-assets/bg-images/file-ryopkkmu.png" onInCorrect="lido-avatar.avatarAnimate='Fail';this.sleep='2000';" onCorrect="lido-avatar.avatarAnimate='Success';this.sleep='2300';" is-continue-on-correct="false" is-allow-only-correct="false" onEntry="inst.speak='true';" speaker-button-url="template-assets/buttons/file-q0o21qup.png" next-button-url="template-assets/buttons/file-qiipkxti.png" prev-button-url="template-assets/buttons/file-mdokvsxg.png" exit-button-url="template-assets/buttons/file-bb8qz7zb.png">

    
    <lido-cell layout="pos" id="pos1" disable-edit="true" value="pos2" height="landscape.344px,portrait.402px" width="landscape.296px,portrait.398px" x="landscape.84%, portrait.28%" y="landscape.61%, portrait.77%" aria-hidden="true" z="1" bg-color="transparent" visible="true">
        <lido-avatar id="lido-avatar" disable-edit="true" visible="true" height="100%" width="100%" src="template-assets/images/file-h3p02s5k.riv" alt-text="">
        </lido-avatar>
    </lido-cell>

 

    <lido-cell visible="true" layout="col" height="85%" width="98%" bg-color="transparent" margin="61px 0px -58px 0px">
        <lido-cell layout="row" visible="true" height="335px" width="90%" bg-color="transparent">
            <lido-image visible="true" height="330px" width="330px" src="game-assets/images/file-gmeqbppc.jpg" />
            </lido-cell>
        <lido-cell layout="row" visible="true" height="270px" width="90%" bg-color="transparent">
            
            <lido-text type="drop" is-allow-only-one-drop="true" value="cat" tab-index="8" id="drop1" visible="true" height="122px" width="225px" onEntry="this.lineHeight='1.2';this.border-radius='16px';" />
            
        </lido-cell>
        <lido-cell layout="row" visible="true" height="270px" width="81%" bg-color="transparent" onEntry="this.lineHeight='1.2';this.align-items='center';this.justify-content='space-around';this.position='relative';" x="-34px">
            
                
                <lido-text visible="true" disable-speak="true" height="122px" width="225px" type="drag" id="drag1" tab-index="2" string="bag" value="bag" font-family="'Baloo Bhai 2'" font-color="black" font-size="80px" bg-color="#FFAC4C" onEntry="this.lineHeight='1.2';this.font-weight='700';this.border-radius='16px';" />

                

                
                <lido-text visible="true" disable-speak="true" height="122px" width="225px" type="drag" id="drag2" tab-index="3" string="pen" value="pen" font-family="'Baloo Bhai 2'" font-color="black" font-size="80px" bg-color="#FFAC4C" onEntry="this.lineHeight='1.2';this.font-weight='700';this.border-radius='16px';" />

                

                
                <lido-text visible="true" disable-speak="true" height="122px" width="225px" type="drag" id="drag3" tab-index="4" string="cat" value="cat" font-family="'Baloo Bhai 2'" font-color="black" font-size="80px" bg-color="#FFAC4C" onEntry="this.lineHeight='1.2';this.font-weight='700';this.border-radius='16px';" />

                

                
                <lido-text visible="true" disable-speak="true" height="122px" width="225px" type="drag" id="drag4" tab-index="5" string="sun" value="sun" font-family="'Baloo Bhai 2'" font-color="black" font-size="80px" bg-color="#FFAC4C" onEntry="this.lineHeight='1.2';this.font-weight='700';this.border-radius='16px';" />

                

                
                <lido-text visible="true" disable-speak="true" height="122px" width="225px" type="drag" id="drag5" tab-index="6" string="mat" value="mat" font-family="'Baloo Bhai 2'" font-color="black" font-size="80px" bg-color="#FFAC4C" onEntry="this.lineHeight='1.2';this.font-weight='700';this.border-radius='16px';" />

                
        </lido-cell>
    </lido-cell>

</lido-container>
        
<lido-container lang="en" disable-speak="true" visible="true" template-id="pictureWordMatchSingleImage" id="lido-container" objective="pen" bg-image="template-assets/bg-images/file-ryopkkmu.png" onInCorrect="lido-avatar.avatarAnimate='Fail';this.sleep='2000';" onCorrect="lido-avatar.avatarAnimate='Success';this.sleep='2300';" is-continue-on-correct="false" is-allow-only-correct="false" onEntry="inst.speak='true';" speaker-button-url="template-assets/buttons/file-q0o21qup.png" next-button-url="template-assets/buttons/file-qiipkxti.png" prev-button-url="template-assets/buttons/file-mdokvsxg.png" exit-button-url="template-assets/buttons/file-bb8qz7zb.png">

    
    <lido-cell layout="pos" id="pos1" disable-edit="true" value="pos2" height="landscape.344px,portrait.402px" width="landscape.296px,portrait.398px" x="landscape.84%, portrait.28%" y="landscape.61%, portrait.77%" aria-hidden="true" z="1" bg-color="transparent" visible="true">
        <lido-avatar id="lido-avatar" disable-edit="true" visible="true" height="100%" width="100%" src="template-assets/images/file-h3p02s5k.riv" alt-text="">
        </lido-avatar>
    </lido-cell>

 

    <lido-cell visible="true" layout="col" height="85%" width="98%" bg-color="transparent" margin="61px 0px -58px 0px">
        <lido-cell layout="row" visible="true" height="335px" width="90%" bg-color="transparent">
            <lido-image visible="true" height="330px" width="330px" src="game-assets/images/file-6xz6v894.jpg" />
            </lido-cell>
        <lido-cell layout="row" visible="true" height="270px" width="90%" bg-color="transparent">
            
            <lido-text type="drop" is-allow-only-one-drop="true" value="pen" tab-index="8" id="drop1" visible="true" height="122px" width="225px" onEntry="this.lineHeight='1.2';this.border-radius='16px';" />
            
        </lido-cell>
        <lido-cell layout="row" visible="true" height="270px" width="81%" bg-color="transparent" onEntry="this.lineHeight='1.2';this.align-items='center';this.justify-content='space-around';this.position='relative';" x="-34px">
            
                
                <lido-text visible="true" disable-speak="true" height="122px" width="225px" type="drag" id="drag1" tab-index="2" string="bed" value="bed" font-family="'Baloo Bhai 2'" font-color="black" font-size="80px" bg-color="#FFAC4C" onEntry="this.lineHeight='1.2';this.font-weight='700';this.border-radius='16px';" />

                

                
                <lido-text visible="true" disable-speak="true" height="122px" width="225px" type="drag" id="drag2" tab-index="3" string="pen" value="pen" font-family="'Baloo Bhai 2'" font-color="black" font-size="80px" bg-color="#FFAC4C" onEntry="this.lineHeight='1.2';this.font-weight='700';this.border-radius='16px';" />

                

                
                <lido-text visible="true" disable-speak="true" height="122px" width="225px" type="drag" id="drag3" tab-index="4" string="car" value="car" font-family="'Baloo Bhai 2'" font-color="black" font-size="80px" bg-color="#FFAC4C" onEntry="this.lineHeight='1.2';this.font-weight='700';this.border-radius='16px';" />

                

                
                <lido-text visible="true" disable-speak="true" height="122px" width="225px" type="drag" id="drag4" tab-index="5" string="cow" value="cow" font-family="'Baloo Bhai 2'" font-color="black" font-size="80px" bg-color="#FFAC4C" onEntry="this.lineHeight='1.2';this.font-weight='700';this.border-radius='16px';" />

                

                
                <lido-text visible="true" disable-speak="true" height="122px" width="225px" type="drag" id="drag5" tab-index="6" string="ten" value="ten" font-family="'Baloo Bhai 2'" font-color="black" font-size="80px" bg-color="#FFAC4C" onEntry="this.lineHeight='1.2';this.font-weight='700';this.border-radius='16px';" />

                
        </lido-cell>
    </lido-cell>

</lido-container>
        
<lido-container lang="en" disable-speak="true" visible="true" template-id="pictureWordMatchSingleImage" id="lido-container" objective="cup" bg-image="template-assets/bg-images/file-ryopkkmu.png" onInCorrect="lido-avatar.avatarAnimate='Fail';this.sleep='2000';" onCorrect="lido-avatar.avatarAnimate='Success';this.sleep='2300';" is-continue-on-correct="false" is-allow-only-correct="false" onEntry="inst.speak='true';" speaker-button-url="template-assets/buttons/file-q0o21qup.png" next-button-url="template-assets/buttons/file-qiipkxti.png" prev-button-url="template-assets/buttons/file-mdokvsxg.png" exit-button-url="template-assets/buttons/file-bb8qz7zb.png">

    
    <lido-cell layout="pos" id="pos1" disable-edit="true" value="pos2" height="landscape.344px,portrait.402px" width="landscape.296px,portrait.398px" x="landscape.84%, portrait.28%" y="landscape.61%, portrait.77%" aria-hidden="true" z="1" bg-color="transparent" visible="true">
        <lido-avatar id="lido-avatar" disable-edit="true" visible="true" height="100%" width="100%" src="template-assets/images/file-h3p02s5k.riv" alt-text="">
        </lido-avatar>
    </lido-cell>

 

    <lido-cell visible="true" layout="col" height="85%" width="98%" bg-color="transparent" margin="61px 0px -58px 0px">
        <lido-cell layout="row" visible="true" height="335px" width="90%" bg-color="transparent">
            <lido-image visible="true" height="330px" width="330px" src="game-assets/images/file-yvy89z8e.jpg" />
            </lido-cell>
        <lido-cell layout="row" visible="true" height="270px" width="90%" bg-color="transparent">
            
            <lido-text type="drop" is-allow-only-one-drop="true" value="cup" tab-index="8" id="drop1" visible="true" height="122px" width="225px" onEntry="this.lineHeight='1.2';this.border-radius='16px';" />
            
        </lido-cell>
        <lido-cell layout="row" visible="true" height="270px" width="81%" bg-color="transparent" onEntry="this.lineHeight='1.2';this.align-items='center';this.justify-content='space-around';this.position='relative';" x="-34px">
            
                
                <lido-text visible="true" disable-speak="true" height="122px" width="225px" type="drag" id="drag1" tab-index="2" string="mug" value="mug" font-family="'Baloo Bhai 2'" font-color="black" font-size="80px" bg-color="#FFAC4C" onEntry="this.lineHeight='1.2';this.font-weight='700';this.border-radius='16px';" />

                

                
                <lido-text visible="true" disable-speak="true" height="122px" width="225px" type="drag" id="drag2" tab-index="3" string="cup" value="cup" font-family="'Baloo Bhai 2'" font-color="black" font-size="80px" bg-color="#FFAC4C" onEntry="this.lineHeight='1.2';this.font-weight='700';this.border-radius='16px';" />

                

                
                <lido-text visible="true" disable-speak="true" height="122px" width="225px" type="drag" id="drag3" tab-index="4" string="leg" value="leg" font-family="'Baloo Bhai 2'" font-color="black" font-size="80px" bg-color="#FFAC4C" onEntry="this.lineHeight='1.2';this.font-weight='700';this.border-radius='16px';" />

                

                
                <lido-text visible="true" disable-speak="true" height="122px" width="225px" type="drag" id="drag4" tab-index="5" string="cap" value="cap" font-family="'Baloo Bhai 2'" font-color="black" font-size="80px" bg-color="#FFAC4C" onEntry="this.lineHeight='1.2';this.font-weight='700';this.border-radius='16px';" />

                

                
                <lido-text visible="true" disable-speak="true" height="122px" width="225px" type="drag" id="drag5" tab-index="6" string="jug" value="jug" font-family="'Baloo Bhai 2'" font-color="black" font-size="80px" bg-color="#FFAC4C" onEntry="this.lineHeight='1.2';this.font-weight='700';this.border-radius='16px';" />

                
        </lido-cell>
    </lido-cell>

</lido-container>
        
<lido-container lang="en" disable-speak="true" visible="true" template-id="pictureWordMatchSingleImage" id="lido-container" objective="bed" bg-image="template-assets/bg-images/file-ryopkkmu.png" onInCorrect="lido-avatar.avatarAnimate='Fail';this.sleep='2000';" onCorrect="lido-avatar.avatarAnimate='Success';this.sleep='2300';" is-continue-on-correct="false" is-allow-only-correct="false" onEntry="inst.speak='true';" speaker-button-url="template-assets/buttons/file-q0o21qup.png" next-button-url="template-assets/buttons/file-qiipkxti.png" prev-button-url="template-assets/buttons/file-mdokvsxg.png" exit-button-url="template-assets/buttons/file-bb8qz7zb.png">

    
    <lido-cell layout="pos" id="pos1" disable-edit="true" value="pos2" height="landscape.344px,portrait.402px" width="landscape.296px,portrait.398px" x="landscape.84%, portrait.28%" y="landscape.61%, portrait.77%" aria-hidden="true" z="1" bg-color="transparent" visible="true">
        <lido-avatar id="lido-avatar" disable-edit="true" visible="true" height="100%" width="100%" src="template-assets/images/file-h3p02s5k.riv" alt-text="">
        </lido-avatar>
    </lido-cell>

 

    <lido-cell visible="true" layout="col" height="85%" width="98%" bg-color="transparent" margin="61px 0px -58px 0px">
        <lido-cell layout="row" visible="true" height="335px" width="90%" bg-color="transparent">
            <lido-image visible="true" height="330px" width="330px" src="game-assets/images/file-1n4d3fs7.jpg" />
            </lido-cell>
        <lido-cell layout="row" visible="true" height="270px" width="90%" bg-color="transparent">
            
            <lido-text type="drop" is-allow-only-one-drop="true" value="bed" tab-index="8" id="drop1" visible="true" height="122px" width="225px" onEntry="this.lineHeight='1.2';this.border-radius='16px';" />
            
        </lido-cell>
        <lido-cell layout="row" visible="true" height="270px" width="81%" bg-color="transparent" onEntry="this.lineHeight='1.2';this.align-items='center';this.justify-content='space-around';this.position='relative';" x="-34px">
            
                
                <lido-text visible="true" disable-speak="true" height="122px" width="225px" type="drag" id="drag1" tab-index="2" string="deb" value="deb" font-family="'Baloo Bhai 2'" font-color="black" font-size="80px" bg-color="#FFAC4C" onEntry="this.lineHeight='1.2';this.font-weight='700';this.border-radius='16px';" />

                

                
                <lido-text visible="true" disable-speak="true" height="122px" width="225px" type="drag" id="drag2" tab-index="3" string="ped" value="ped" font-family="'Baloo Bhai 2'" font-color="black" font-size="80px" bg-color="#FFAC4C" onEntry="this.lineHeight='1.2';this.font-weight='700';this.border-radius='16px';" />

                

                
                <lido-text visible="true" disable-speak="true" height="122px" width="225px" type="drag" id="drag3" tab-index="4" string="bed" value="bed" font-family="'Baloo Bhai 2'" font-color="black" font-size="80px" bg-color="#FFAC4C" onEntry="this.lineHeight='1.2';this.font-weight='700';this.border-radius='16px';" />

                

                
                <lido-text visible="true" disable-speak="true" height="122px" width="225px" type="drag" id="drag4" tab-index="5" string="mud" value="mud" font-family="'Baloo Bhai 2'" font-color="black" font-size="80px" bg-color="#FFAC4C" onEntry="this.lineHeight='1.2';this.font-weight='700';this.border-radius='16px';" />

                

                
                <lido-text visible="true" disable-speak="true" height="122px" width="225px" type="drag" id="drag5" tab-index="6" string="ted" value="ted" font-family="'Baloo Bhai 2'" font-color="black" font-size="80px" bg-color="#FFAC4C" onEntry="this.lineHeight='1.2';this.font-weight='700';this.border-radius='16px';" />

                
        </lido-cell>
    </lido-cell>

</lido-container>
        
<main>
    <lido-container disable-speak="true" id="lido-container" lang="en" objective="is" is-continue-on-correct="false" template-id="palLetterIdentification" bg-image="template-assets/bg-images/file-dxdibym7.png" onCorrect="lido-avatar.avatarAnimate='Success'; this.sleep='2000';" onInCorrect="lido-avatar.avatarAnimate='Fail';" onEntry="questionText.speak='true';" custom-style="#audioCell:active {   box-shadow: 0px 0px 0px !important;   transform: translateY(10px); }" speaker-button-url="template-assets/buttons/file-q0o21qup.png" next-button-url="template-assets/buttons/file-qiipkxti.png" prev-button-url="template-assets/buttons/file-mdokvsxg.png" exit-button-url="template-assets/buttons/file-bb8qz7zb.png">
        <lido-col visible="true" width="100%" height="80%" bg-color="transparent" onEntry="this.lineHeight='1.2';this.alignItems='center'; this.justifyContent='center';">
            
            
            <lido-cell layout="pos" id="pos1" disable-edit="true" value="pos2" height="landscape.400px,portrait.402px" width="landscape.350px,portrait.398px" x="landscape.60%, portrait.28%" y="landscape.50px, portrait.77%" aria-hidden="true" z="1" bg-color="transparent" visible="true">
                <lido-avatar id="lido-avatar" disable-edit="true" visible="true" height="100%" width="100%" src="template-assets/images/file-h3p02s5k.riv">
                </lido-avatar>
                <lido-image id="image" disableEdit="true" value="image" visible="true" src="template-assets/images/file-rg3izwzm.png" bgColor="transparent" width="inherit" height="27px" x="0" y="330px">
                </lido-image>
            </lido-cell>

            
            <lido-text visible="false" id="questionText" width="405px" height="250px" tab-index="1" bg-color="#fff5bb" audio="game-assets/audio/file-hocl9ujc.mp3" string="is" font-size="120px" border-radius="20px" font-color="black" onEntry="this.lineHeight='1.2';this.fontWeight='700'; this.border='#ffac4c 2px solid';">
            </lido-text>
            
            <lido-cell visible="true" id="audioCell" onTouch="questionText.speak='true';" layout="row" width="300px" height="300px" bg-color="white" border-radius="130px" onEntry="this.border='#ffac4c 2px solid'; this.boxShadow='0px 10.88px 0px #f34d08;';">
                <lido-image visible="true" bg-color="transparent" width="200px" height="200px" src="template-assets/images/file-y2ywcdyp.png" />
            </lido-cell>

            
            <lido-cell layout="col" visible="true" width="90%" height="50%" bg-color="transparent" padding="0" onEntry="this.lineHeight='1.2';this.justifyContent='center'; this.alignItems='center'; this.marginTop='20px';">
                <lido-cell layout="row" visible="true" width="70%" height="50%" bg-color="transparent" onEntry="this.lineHeight='1.2';this.justifyContent='space-around';this.gap='16px';">
                    
                    <lido-text visible="true" width="511px" height="136px" disable-speak="true" type="click" value="is" string="is" font-size="80px" border-radius="20px" font-color="black" onEntry="this.lineHeight='1.2';this.fontWeight='700';">
                    </lido-text>
                    <lido-text visible="true" width="511px" height="136px" disable-speak="true" type="click" value="to" string="to" font-size="80px" border-radius="20px" font-color="black" onEntry="this.lineHeight='1.2';this.fontWeight='700';">
                    </lido-text>
                </lido-cell>
                <lido-cell layout="row" margin="0px 104px 0px 0px" visible="true" width="100%" height="50%" bg-color="transparent" onEntry="this.lineHeight='1.2';this.justifyContent='space-around';this.gap='16px';">
                    
                    <lido-text visible="true" width="511px" height="136px" disable-speak="true" type="click" value="on" string="on" font-size="80px" border-radius="20px" font-color="black" onEntry="this.lineHeight='1.2';this.fontWeight='700';">
                    </lido-text>
                    <lido-text visible="true" width="511px" height="136px" disable-speak="true" type="click" value="at" string="at" font-size="80px" border-radius="20px" font-color="black" onEntry="this.lineHeight='1.2';this.fontWeight='700';">
                    </lido-text>
                    <lido-text visible="true" width="511px" height="136px" disable-speak="true" type="click" value="for" string="for" font-size="80px" border-radius="20px" font-color="black" onEntry="this.lineHeight='1.2';this.fontWeight='700';">
                    </lido-text>
                </lido-cell>
            </lido-cell>

        </lido-col>
    </lido-container>
</main>
<main>
    <lido-container disable-speak="true" id="lido-container" lang="en" objective="the" is-continue-on-correct="false" template-id="palLetterIdentification" bg-image="template-assets/bg-images/file-dxdibym7.png" onCorrect="lido-avatar.avatarAnimate='Success'; this.sleep='2000';" onInCorrect="lido-avatar.avatarAnimate='Fail';" onEntry="questionText.speak='true';" custom-style="#audioCell:active {   box-shadow: 0px 0px 0px !important;   transform: translateY(10px); }" speaker-button-url="template-assets/buttons/file-q0o21qup.png" next-button-url="template-assets/buttons/file-qiipkxti.png" prev-button-url="template-assets/buttons/file-mdokvsxg.png" exit-button-url="template-assets/buttons/file-bb8qz7zb.png">
        <lido-col visible="true" width="100%" height="80%" bg-color="transparent" onEntry="this.lineHeight='1.2';this.alignItems='center'; this.justifyContent='center';">
            
            
            <lido-cell layout="pos" id="pos1" disable-edit="true" value="pos2" height="landscape.400px,portrait.402px" width="landscape.350px,portrait.398px" x="landscape.60%, portrait.28%" y="landscape.50px, portrait.77%" aria-hidden="true" z="1" bg-color="transparent" visible="true">
                <lido-avatar id="lido-avatar" disable-edit="true" visible="true" height="100%" width="100%" src="template-assets/images/file-h3p02s5k.riv">
                </lido-avatar>
                <lido-image id="image" disableEdit="true" value="image" visible="true" src="template-assets/images/file-rg3izwzm.png" bgColor="transparent" width="inherit" height="27px" x="0" y="330px">
                </lido-image>
            </lido-cell>

            
            <lido-text visible="false" id="questionText" width="405px" height="250px" tab-index="1" bg-color="#fff5bb" audio="game-assets/audio/file-inmmi8r1.mp3" string="the" font-size="120px" border-radius="20px" font-color="black" onEntry="this.lineHeight='1.2';this.fontWeight='700'; this.border='#ffac4c 2px solid';">
            </lido-text>
            
            <lido-cell visible="true" id="audioCell" onTouch="questionText.speak='true';" layout="row" width="300px" height="300px" bg-color="white" border-radius="130px" onEntry="this.border='#ffac4c 2px solid'; this.boxShadow='0px 10.88px 0px #f34d08;';">
                <lido-image visible="true" bg-color="transparent" width="200px" height="200px" src="template-assets/images/file-y2ywcdyp.png" />
            </lido-cell>

            
            <lido-cell layout="col" visible="true" width="90%" height="50%" bg-color="transparent" padding="0" onEntry="this.lineHeight='1.2';this.justifyContent='center'; this.alignItems='center'; this.marginTop='20px';">
                <lido-cell layout="row" visible="true" width="70%" height="50%" bg-color="transparent" onEntry="this.lineHeight='1.2';this.justifyContent='space-around';this.gap='16px';">
                    
                    <lido-text visible="true" width="511px" height="136px" disable-speak="true" type="click" value="in" string="in" font-size="80px" border-radius="20px" font-color="black" onEntry="this.lineHeight='1.2';this.fontWeight='700';">
                    </lido-text>
                    <lido-text visible="true" width="511px" height="136px" disable-speak="true" type="click" value="it" string="it" font-size="80px" border-radius="20px" font-color="black" onEntry="this.lineHeight='1.2';this.fontWeight='700';">
                    </lido-text>
                </lido-cell>
                <lido-cell layout="row" margin="0px 104px 0px 0px" visible="true" width="100%" height="50%" bg-color="transparent" onEntry="this.lineHeight='1.2';this.justifyContent='space-around';this.gap='16px';">
                    
                    <lido-text visible="true" width="511px" height="136px" disable-speak="true" type="click" value="is" string="is" font-size="80px" border-radius="20px" font-color="black" onEntry="this.lineHeight='1.2';this.fontWeight='700';">
                    </lido-text>
                    <lido-text visible="true" width="511px" height="136px" disable-speak="true" type="click" value="and" string="and" font-size="80px" border-radius="20px" font-color="black" onEntry="this.lineHeight='1.2';this.fontWeight='700';">
                    </lido-text>
                    <lido-text visible="true" width="511px" height="136px" disable-speak="true" type="click" value="the" string="the" font-size="80px" border-radius="20px" font-color="black" onEntry="this.lineHeight='1.2';this.fontWeight='700';">
                    </lido-text>
                </lido-cell>
            </lido-cell>

        </lido-col>
    </lido-container>
</main>
<main>
    <lido-container disable-speak="true" id="lido-container" lang="en" objective="you" is-continue-on-correct="false" template-id="palLetterIdentification" bg-image="template-assets/bg-images/file-dxdibym7.png" onCorrect="lido-avatar.avatarAnimate='Success'; this.sleep='2000';" onInCorrect="lido-avatar.avatarAnimate='Fail';" onEntry="questionText.speak='true';" custom-style="#audioCell:active {   box-shadow: 0px 0px 0px !important;   transform: translateY(10px); }" speaker-button-url="template-assets/buttons/file-q0o21qup.png" next-button-url="template-assets/buttons/file-qiipkxti.png" prev-button-url="template-assets/buttons/file-mdokvsxg.png" exit-button-url="template-assets/buttons/file-bb8qz7zb.png">
        <lido-col visible="true" width="100%" height="80%" bg-color="transparent" onEntry="this.lineHeight='1.2';this.alignItems='center'; this.justifyContent='center';">
            
            
            <lido-cell layout="pos" id="pos1" disable-edit="true" value="pos2" height="landscape.400px,portrait.402px" width="landscape.350px,portrait.398px" x="landscape.60%, portrait.28%" y="landscape.50px, portrait.77%" aria-hidden="true" z="1" bg-color="transparent" visible="true">
                <lido-avatar id="lido-avatar" disable-edit="true" visible="true" height="100%" width="100%" src="template-assets/images/file-h3p02s5k.riv">
                </lido-avatar>
                <lido-image id="image" disableEdit="true" value="image" visible="true" src="template-assets/images/file-rg3izwzm.png" bgColor="transparent" width="inherit" height="27px" x="0" y="330px">
                </lido-image>
            </lido-cell>

            
            <lido-text visible="false" id="questionText" width="405px" height="250px" tab-index="1" bg-color="#fff5bb" audio="game-assets/audio/file-6f4bnhiz.mp3" string="you" font-size="120px" border-radius="20px" font-color="black" onEntry="this.lineHeight='1.2';this.fontWeight='700'; this.border='#ffac4c 2px solid';">
            </lido-text>
            
            <lido-cell visible="true" id="audioCell" onTouch="questionText.speak='true';" layout="row" width="300px" height="300px" bg-color="white" border-radius="130px" onEntry="this.border='#ffac4c 2px solid'; this.boxShadow='0px 10.88px 0px #f34d08;';">
                <lido-image visible="true" bg-color="transparent" width="200px" height="200px" src="template-assets/images/file-y2ywcdyp.png" />
            </lido-cell>

            
            <lido-cell layout="col" visible="true" width="90%" height="50%" bg-color="transparent" padding="0" onEntry="this.lineHeight='1.2';this.justifyContent='center'; this.alignItems='center'; this.marginTop='20px';">
                <lido-cell layout="row" visible="true" width="70%" height="50%" bg-color="transparent" onEntry="this.lineHeight='1.2';this.justifyContent='space-around';this.gap='16px';">
                    
                    <lido-text visible="true" width="511px" height="136px" disable-speak="true" type="click" value="their" string="their" font-size="80px" border-radius="20px" font-color="black" onEntry="this.lineHeight='1.2';this.fontWeight='700';">
                    </lido-text>
                    <lido-text visible="true" width="511px" height="136px" disable-speak="true" type="click" value="with" string="with" font-size="80px" border-radius="20px" font-color="black" onEntry="this.lineHeight='1.2';this.fontWeight='700';">
                    </lido-text>
                </lido-cell>
                <lido-cell layout="row" margin="0px 104px 0px 0px" visible="true" width="100%" height="50%" bg-color="transparent" onEntry="this.lineHeight='1.2';this.justifyContent='space-around';this.gap='16px';">
                    
                    <lido-text visible="true" width="511px" height="136px" disable-speak="true" type="click" value="you" string="you" font-size="80px" border-radius="20px" font-color="black" onEntry="this.lineHeight='1.2';this.fontWeight='700';">
                    </lido-text>
                    <lido-text visible="true" width="511px" height="136px" disable-speak="true" type="click" value="this" string="this" font-size="80px" border-radius="20px" font-color="black" onEntry="this.lineHeight='1.2';this.fontWeight='700';">
                    </lido-text>
                    <lido-text visible="true" width="511px" height="136px" disable-speak="true" type="click" value="from" string="from" font-size="80px" border-radius="20px" font-color="black" onEntry="this.lineHeight='1.2';this.fontWeight='700';">
                    </lido-text>
                </lido-cell>
            </lido-cell>

        </lido-col>
    </lido-container>
</main>
<main>
    <lido-container disable-speak="true" id="lido-container" lang="en" objective="they" is-continue-on-correct="false" template-id="palLetterIdentification" bg-image="template-assets/bg-images/file-dxdibym7.png" onCorrect="lido-avatar.avatarAnimate='Success'; this.sleep='2000';" onInCorrect="lido-avatar.avatarAnimate='Fail';" onEntry="questionText.speak='true';" custom-style="#audioCell:active {   box-shadow: 0px 0px 0px !important;   transform: translateY(10px); }" speaker-button-url="template-assets/buttons/file-q0o21qup.png" next-button-url="template-assets/buttons/file-qiipkxti.png" prev-button-url="template-assets/buttons/file-mdokvsxg.png" exit-button-url="template-assets/buttons/file-bb8qz7zb.png">
        <lido-col visible="true" width="100%" height="80%" bg-color="transparent" onEntry="this.lineHeight='1.2';this.alignItems='center'; this.justifyContent='center';">
            
            
            <lido-cell layout="pos" id="pos1" disable-edit="true" value="pos2" height="landscape.400px,portrait.402px" width="landscape.350px,portrait.398px" x="landscape.60%, portrait.28%" y="landscape.50px, portrait.77%" aria-hidden="true" z="1" bg-color="transparent" visible="true">
                <lido-avatar id="lido-avatar" disable-edit="true" visible="true" height="100%" width="100%" src="template-assets/images/file-h3p02s5k.riv">
                </lido-avatar>
                <lido-image id="image" disableEdit="true" value="image" visible="true" src="template-assets/images/file-rg3izwzm.png" bgColor="transparent" width="inherit" height="27px" x="0" y="330px">
                </lido-image>
            </lido-cell>

            
            <lido-text visible="false" id="questionText" width="405px" height="250px" tab-index="1" bg-color="#fff5bb" audio="game-assets/audio/file-wvwj406o.mp3" string="they" font-size="120px" border-radius="20px" font-color="black" onEntry="this.lineHeight='1.2';this.fontWeight='700'; this.border='#ffac4c 2px solid';">
            </lido-text>
            
            <lido-cell visible="true" id="audioCell" onTouch="questionText.speak='true';" layout="row" width="300px" height="300px" bg-color="white" border-radius="130px" onEntry="this.border='#ffac4c 2px solid'; this.boxShadow='0px 10.88px 0px #f34d08;';">
                <lido-image visible="true" bg-color="transparent" width="200px" height="200px" src="template-assets/images/file-y2ywcdyp.png" />
            </lido-cell>

            
            <lido-cell layout="col" visible="true" width="90%" height="50%" bg-color="transparent" padding="0" onEntry="this.lineHeight='1.2';this.justifyContent='center'; this.alignItems='center'; this.marginTop='20px';">
                <lido-cell layout="row" visible="true" width="70%" height="50%" bg-color="transparent" onEntry="this.lineHeight='1.2';this.justifyContent='space-around';this.gap='16px';">
                    
                    <lido-text visible="true" width="511px" height="136px" disable-speak="true" type="click" value="their" string="their" font-size="80px" border-radius="20px" font-color="black" onEntry="this.lineHeight='1.2';this.fontWeight='700';">
                    </lido-text>
                    <lido-text visible="true" width="511px" height="136px" disable-speak="true" type="click" value="them" string="them" font-size="80px" border-radius="20px" font-color="black" onEntry="this.lineHeight='1.2';this.fontWeight='700';">
                    </lido-text>
                </lido-cell>
                <lido-cell layout="row" margin="0px 104px 0px 0px" visible="true" width="100%" height="50%" bg-color="transparent" onEntry="this.lineHeight='1.2';this.justifyContent='space-around';this.gap='16px';">
                    
                    <lido-text visible="true" width="511px" height="136px" disable-speak="true" type="click" value="there" string="there" font-size="80px" border-radius="20px" font-color="black" onEntry="this.lineHeight='1.2';this.fontWeight='700';">
                    </lido-text>
                    <lido-text visible="true" width="511px" height="136px" disable-speak="true" type="click" value="three" string="three" font-size="80px" border-radius="20px" font-color="black" onEntry="this.lineHeight='1.2';this.fontWeight='700';">
                    </lido-text>
                    <lido-text visible="true" width="511px" height="136px" disable-speak="true" type="click" value="they" string="they" font-size="80px" border-radius="20px" font-color="black" onEntry="this.lineHeight='1.2';this.fontWeight='700';">
                    </lido-text>
                </lido-cell>
            </lido-cell>

        </lido-col>
    </lido-container>
</main>
<main>
    <lido-container disable-speak="true" id="lido-container" lang="en" objective="with" is-continue-on-correct="false" template-id="palLetterIdentification" bg-image="template-assets/bg-images/file-dxdibym7.png" onCorrect="lido-avatar.avatarAnimate='Success'; this.sleep='2000';" onInCorrect="lido-avatar.avatarAnimate='Fail';" onEntry="questionText.speak='true';" custom-style="#audioCell:active {   box-shadow: 0px 0px 0px !important;   transform: translateY(10px); }" speaker-button-url="template-assets/buttons/file-q0o21qup.png" next-button-url="template-assets/buttons/file-qiipkxti.png" prev-button-url="template-assets/buttons/file-mdokvsxg.png" exit-button-url="template-assets/buttons/file-bb8qz7zb.png">
        <lido-col visible="true" width="100%" height="80%" bg-color="transparent" onEntry="this.lineHeight='1.2';this.alignItems='center'; this.justifyContent='center';">
            
            
            <lido-cell layout="pos" id="pos1" disable-edit="true" value="pos2" height="landscape.400px,portrait.402px" width="landscape.350px,portrait.398px" x="landscape.60%, portrait.28%" y="landscape.50px, portrait.77%" aria-hidden="true" z="1" bg-color="transparent" visible="true">
                <lido-avatar id="lido-avatar" disable-edit="true" visible="true" height="100%" width="100%" src="template-assets/images/file-h3p02s5k.riv">
                </lido-avatar>
                <lido-image id="image" disableEdit="true" value="image" visible="true" src="template-assets/images/file-rg3izwzm.png" bgColor="transparent" width="inherit" height="27px" x="0" y="330px">
                </lido-image>
            </lido-cell>

            
            <lido-text visible="false" id="questionText" width="405px" height="250px" tab-index="1" bg-color="#fff5bb" audio="game-assets/audio/file-b46em6vx.mp3" string="with" font-size="120px" border-radius="20px" font-color="black" onEntry="this.lineHeight='1.2';this.fontWeight='700'; this.border='#ffac4c 2px solid';">
            </lido-text>
            
            <lido-cell visible="true" id="audioCell" onTouch="questionText.speak='true';" layout="row" width="300px" height="300px" bg-color="white" border-radius="130px" onEntry="this.border='#ffac4c 2px solid'; this.boxShadow='0px 10.88px 0px #f34d08;';">
                <lido-image visible="true" bg-color="transparent" width="200px" height="200px" src="template-assets/images/file-y2ywcdyp.png" />
            </lido-cell>

            
            <lido-cell layout="col" visible="true" width="90%" height="50%" bg-color="transparent" padding="0" onEntry="this.lineHeight='1.2';this.justifyContent='center'; this.alignItems='center'; this.marginTop='20px';">
                <lido-cell layout="row" visible="true" width="70%" height="50%" bg-color="transparent" onEntry="this.lineHeight='1.2';this.justifyContent='space-around';this.gap='16px';">
                    
                    <lido-text visible="true" width="511px" height="136px" disable-speak="true" type="click" value="that" string="that" font-size="80px" border-radius="20px" font-color="black" onEntry="this.lineHeight='1.2';this.fontWeight='700';">
                    </lido-text>
                    <lido-text visible="true" width="511px" height="136px" disable-speak="true" type="click" value="with" string="with" font-size="80px" border-radius="20px" font-color="black" onEntry="this.lineHeight='1.2';this.fontWeight='700';">
                    </lido-text>
                </lido-cell>
                <lido-cell layout="row" margin="0px 104px 0px 0px" visible="true" width="100%" height="50%" bg-color="transparent" onEntry="this.lineHeight='1.2';this.justifyContent='space-around';this.gap='16px';">
                    
                    <lido-text visible="true" width="511px" height="136px" disable-speak="true" type="click" value="which" string="which" font-size="80px" border-radius="20px" font-color="black" onEntry="this.lineHeight='1.2';this.fontWeight='700';">
                    </lido-text>
                    <lido-text visible="true" width="511px" height="136px" disable-speak="true" type="click" value="then" string="then" font-size="80px" border-radius="20px" font-color="black" onEntry="this.lineHeight='1.2';this.fontWeight='700';">
                    </lido-text>
                    <lido-text visible="true" width="511px" height="136px" disable-speak="true" type="click" value="from" string="from" font-size="80px" border-radius="20px" font-color="black" onEntry="this.lineHeight='1.2';this.fontWeight='700';">
                    </lido-text>
                </lido-cell>
            </lido-cell>

        </lido-col>
    </lido-container>
</main>
<lido-container lang="en" disable-speak="true" visible="true" template-id="pictureWordMatchMultipleImages" id="lido-container" objective="apple,grape,onion,tiger,eagle" bg-image="template-assets/bg-images/file-ryopkkmu.png" onInCorrect="lido-avatar.avatarAnimate='Fail';this.sleep='2000';" onCorrect="lido-avatar.avatarAnimate='Success';this.sleep='2300';" is-continue-on-correct="false" is-allow-only-correct="false" onEntry="inst.speak='true';" speaker-button-url="template-assets/buttons/file-q0o21qup.png" next-button-url="template-assets/buttons/file-qiipkxti.png" prev-button-url="template-assets/buttons/file-mdokvsxg.png" exit-button-url="template-assets/buttons/file-bb8qz7zb.png">

    
    <lido-cell layout="pos" id="pos1" disable-edit="true" value="pos2" height="landscape.344px,portrait.402px" width="landscape.296px,portrait.398px" x="landscape.84%, portrait.28%" y="landscape.61%, portrait.77%" aria-hidden="true" z="1" bg-color="transparent" visible="true">
        <lido-avatar id="lido-avatar" disable-edit="true" visible="true" height="100%" width="100%" src="template-assets/images/file-h3p02s5k.riv" alt-text="">
        </lido-avatar>
    </lido-cell>

 

    <lido-cell visible="true" layout="col" height="85%" width="98%" bg-color="transparent" margin="61px 0px -58px 0px">
        <lido-cell layout="row" visible="true" height="270px" width="90%" bg-color="transparent">
            
                    <lido-image visible="true" height="261px" width="260px" src="game-assets/images/file-xggxjg26.jpg" />
                

                    <lido-image visible="true" height="261px" width="260px" src="game-assets/images/file-1xy3h0kr.jpg" />
                

                    <lido-image visible="true" height="261px" width="260px" src="game-assets/images/file-rpz2bt6m.jpg" />
                

                    <lido-image visible="true" height="261px" width="260px" src="game-assets/images/file-nkbf2glo.jpg" />
                

                    <lido-image visible="true" height="261px" width="260px" src="game-assets/images/file-9pii2ukg.jpg" />
                
            </lido-cell>
        <lido-cell layout="row" visible="true" height="270px" width="90%" bg-color="transparent">
            
                <lido-text type="drop" is-allow-only-one-drop="true" value="apple" tab-index="8" id="drop1" visible="true" height="122px" width="225px" onEntry="this.lineHeight='1.2';this.border-radius='16px';" />
                

                <lido-text type="drop" is-allow-only-one-drop="true" value="grape" tab-index="9" id="drop2" visible="true" height="122px" width="225px" onEntry="this.lineHeight='1.2';this.border-radius='16px';" />
                

                <lido-text type="drop" is-allow-only-one-drop="true" value="onion" tab-index="10" id="drop3" visible="true" height="122px" width="225px" onEntry="this.lineHeight='1.2';this.border-radius='16px';" />
                

                <lido-text type="drop" is-allow-only-one-drop="true" value="tiger" tab-index="11" id="drop4" visible="true" height="122px" width="225px" onEntry="this.lineHeight='1.2';this.border-radius='16px';" />
                

                <lido-text type="drop" is-allow-only-one-drop="true" value="eagle" tab-index="12" id="drop5" visible="true" height="122px" width="225px" onEntry="this.lineHeight='1.2';this.border-radius='16px';" />
                
        </lido-cell>
        <lido-cell layout="row" visible="true" height="270px" width="81%" bg-color="transparent" onEntry="this.lineHeight='1.2';this.align-items='center';this.justify-content='space-around';this.position='relative';" x="-34px">
            
                
                <lido-text visible="true" height="122px" width="225px" type="drag" id="drag1" tab-index="2" string="grape" value="grape" font-family="'Baloo Bhai 2'" font-color="black" font-size="80px" bg-color="#FFAC4C" onEntry="this.lineHeight='1.2';this.font-weight='700';this.border-radius='16px';" />
   
                

                
                <lido-text visible="true" height="122px" width="225px" type="drag" id="drag2" tab-index="3" string="eagle" value="eagle" font-family="'Baloo Bhai 2'" font-color="black" font-size="80px" bg-color="#FFAC4C" onEntry="this.lineHeight='1.2';this.font-weight='700';this.border-radius='16px';" />
   
                

                
                <lido-text visible="true" height="122px" width="225px" type="drag" id="drag3" tab-index="4" string="apple" value="apple" font-family="'Baloo Bhai 2'" font-color="black" font-size="80px" bg-color="#FFAC4C" onEntry="this.lineHeight='1.2';this.font-weight='700';this.border-radius='16px';" />
   
                

                
                <lido-text visible="true" height="122px" width="225px" type="drag" id="drag4" tab-index="5" string="onion" value="onion" font-family="'Baloo Bhai 2'" font-color="black" font-size="80px" bg-color="#FFAC4C" onEntry="this.lineHeight='1.2';this.font-weight='700';this.border-radius='16px';" />
   
                

                
                <lido-text visible="true" height="122px" width="225px" type="drag" id="drag5" tab-index="6" string="tiger" value="tiger" font-family="'Baloo Bhai 2'" font-color="black" font-size="80px" bg-color="#FFAC4C" onEntry="this.lineHeight='1.2';this.font-weight='700';this.border-radius='16px';" />
   
                
        </lido-cell>
    </lido-cell>

</lido-container>
        
<lido-container lang="en" disable-speak="true" visible="true" template-id="pictureWordMatchSingleImage" id="lido-container" objective="zebra" bg-image="template-assets/bg-images/file-ryopkkmu.png" onInCorrect="lido-avatar.avatarAnimate='Fail';this.sleep='2000';" onCorrect="lido-avatar.avatarAnimate='Success';this.sleep='2300';" is-continue-on-correct="false" is-allow-only-correct="false" onEntry="inst.speak='true';" speaker-button-url="template-assets/buttons/file-q0o21qup.png" next-button-url="template-assets/buttons/file-qiipkxti.png" prev-button-url="template-assets/buttons/file-mdokvsxg.png" exit-button-url="template-assets/buttons/file-bb8qz7zb.png">

    
    <lido-cell layout="pos" id="pos1" disable-edit="true" value="pos2" height="landscape.344px,portrait.402px" width="landscape.296px,portrait.398px" x="landscape.84%, portrait.28%" y="landscape.61%, portrait.77%" aria-hidden="true" z="1" bg-color="transparent" visible="true">
        <lido-avatar id="lido-avatar" disable-edit="true" visible="true" height="100%" width="100%" src="template-assets/images/file-h3p02s5k.riv" alt-text="">
        </lido-avatar>
    </lido-cell>

 

    <lido-cell visible="true" layout="col" height="85%" width="98%" bg-color="transparent" margin="61px 0px -58px 0px">
        <lido-cell layout="row" visible="true" height="335px" width="90%" bg-color="transparent">
            <lido-image visible="true" height="330px" width="330px" src="game-assets/images/file-v2jptb3t.jpg" />
            </lido-cell>
        <lido-cell layout="row" visible="true" height="270px" width="90%" bg-color="transparent">
            
            <lido-text type="drop" is-allow-only-one-drop="true" value="Zebra" tab-index="8" id="drop1" visible="true" height="122px" width="225px" onEntry="this.lineHeight='1.2';this.border-radius='16px';" />
            
        </lido-cell>
        <lido-cell layout="row" visible="true" height="270px" width="81%" bg-color="transparent" onEntry="this.lineHeight='1.2';this.align-items='center';this.justify-content='space-around';this.position='relative';" x="-34px">
            
                
                <lido-text visible="true" disable-speak="true" height="122px" width="225px" type="drag" id="drag1" tab-index="2" string="Sheep" value="Sheep" font-family="'Baloo Bhai 2'" font-color="black" font-size="80px" bg-color="#FFAC4C" onEntry="this.lineHeight='1.2';this.font-weight='700';this.border-radius='16px';" />

                

                
                <lido-text visible="true" disable-speak="true" height="122px" width="225px" type="drag" id="drag2" tab-index="3" string="Lion" value="Lion" font-family="'Baloo Bhai 2'" font-color="black" font-size="80px" bg-color="#FFAC4C" onEntry="this.lineHeight='1.2';this.font-weight='700';this.border-radius='16px';" />

                

                
                <lido-text visible="true" disable-speak="true" height="122px" width="225px" type="drag" id="drag3" tab-index="4" string="Tiger" value="Tiger" font-family="'Baloo Bhai 2'" font-color="black" font-size="80px" bg-color="#FFAC4C" onEntry="this.lineHeight='1.2';this.font-weight='700';this.border-radius='16px';" />

                

                
                <lido-text visible="true" disable-speak="true" height="122px" width="225px" type="drag" id="drag4" tab-index="5" string="Zebra" value="Zebra" font-family="'Baloo Bhai 2'" font-color="black" font-size="80px" bg-color="#FFAC4C" onEntry="this.lineHeight='1.2';this.font-weight='700';this.border-radius='16px';" />

                

                
                <lido-text visible="true" disable-speak="true" height="122px" width="225px" type="drag" id="drag5" tab-index="6" string="Horse" value="Horse" font-family="'Baloo Bhai 2'" font-color="black" font-size="80px" bg-color="#FFAC4C" onEntry="this.lineHeight='1.2';this.font-weight='700';this.border-radius='16px';" />

                
        </lido-cell>
    </lido-cell>

</lido-container>
        
<lido-container lang="en" disable-speak="true" visible="true" template-id="pictureWordMatchSingleImage" id="lido-container" objective="grass" bg-image="template-assets/bg-images/file-ryopkkmu.png" onInCorrect="lido-avatar.avatarAnimate='Fail';this.sleep='2000';" onCorrect="lido-avatar.avatarAnimate='Success';this.sleep='2300';" is-continue-on-correct="false" is-allow-only-correct="false" onEntry="inst.speak='true';" speaker-button-url="template-assets/buttons/file-q0o21qup.png" next-button-url="template-assets/buttons/file-qiipkxti.png" prev-button-url="template-assets/buttons/file-mdokvsxg.png" exit-button-url="template-assets/buttons/file-bb8qz7zb.png">

    
    <lido-cell layout="pos" id="pos1" disable-edit="true" value="pos2" height="landscape.344px,portrait.402px" width="landscape.296px,portrait.398px" x="landscape.84%, portrait.28%" y="landscape.61%, portrait.77%" aria-hidden="true" z="1" bg-color="transparent" visible="true">
        <lido-avatar id="lido-avatar" disable-edit="true" visible="true" height="100%" width="100%" src="template-assets/images/file-h3p02s5k.riv" alt-text="">
        </lido-avatar>
    </lido-cell>

 

    <lido-cell visible="true" layout="col" height="85%" width="98%" bg-color="transparent" margin="61px 0px -58px 0px">
        <lido-cell layout="row" visible="true" height="335px" width="90%" bg-color="transparent">
            <lido-image visible="true" height="330px" width="330px" src="game-assets/images/file-mdf10zi0.jpg" />
            </lido-cell>
        <lido-cell layout="row" visible="true" height="270px" width="90%" bg-color="transparent">
            
            <lido-text type="drop" is-allow-only-one-drop="true" value="Grass" tab-index="8" id="drop1" visible="true" height="122px" width="225px" onEntry="this.lineHeight='1.2';this.border-radius='16px';" />
            
        </lido-cell>
        <lido-cell layout="row" visible="true" height="270px" width="81%" bg-color="transparent" onEntry="this.lineHeight='1.2';this.align-items='center';this.justify-content='space-around';this.position='relative';" x="-34px">
            
                
                <lido-text visible="true" disable-speak="true" height="122px" width="225px" type="drag" id="drag1" tab-index="2" string="Grass" value="Grass" font-family="'Baloo Bhai 2'" font-color="black" font-size="80px" bg-color="#FFAC4C" onEntry="this.lineHeight='1.2';this.font-weight='700';this.border-radius='16px';" />

                

                
                <lido-text visible="true" disable-speak="true" height="122px" width="225px" type="drag" id="drag2" tab-index="3" string="Cloud" value="Cloud" font-family="'Baloo Bhai 2'" font-color="black" font-size="80px" bg-color="#FFAC4C" onEntry="this.lineHeight='1.2';this.font-weight='700';this.border-radius='16px';" />

                

                
                <lido-text visible="true" disable-speak="true" height="122px" width="225px" type="drag" id="drag3" tab-index="4" string="Planet" value="Planet" font-family="'Baloo Bhai 2'" font-color="black" font-size="80px" bg-color="#FFAC4C" onEntry="this.lineHeight='1.2';this.font-weight='700';this.border-radius='16px';" />

                

                
                <lido-text visible="true" disable-speak="true" height="122px" width="225px" type="drag" id="drag4" tab-index="5" string="Water" value="Water" font-family="'Baloo Bhai 2'" font-color="black" font-size="80px" bg-color="#FFAC4C" onEntry="this.lineHeight='1.2';this.font-weight='700';this.border-radius='16px';" />

                

                
                <lido-text visible="true" disable-speak="true" height="122px" width="225px" type="drag" id="drag5" tab-index="6" string="Stone" value="Stone" font-family="'Baloo Bhai 2'" font-color="black" font-size="80px" bg-color="#FFAC4C" onEntry="this.lineHeight='1.2';this.font-weight='700';this.border-radius='16px';" />

                
        </lido-cell>
    </lido-cell>

</lido-container>
        
<lido-container lang="en" disable-speak="true" visible="true" template-id="pictureWordMatchSingleImage" id="lido-container" objective="table" bg-image="template-assets/bg-images/file-ryopkkmu.png" onInCorrect="lido-avatar.avatarAnimate='Fail';this.sleep='2000';" onCorrect="lido-avatar.avatarAnimate='Success';this.sleep='2300';" is-continue-on-correct="false" is-allow-only-correct="false" onEntry="inst.speak='true';" speaker-button-url="template-assets/buttons/file-q0o21qup.png" next-button-url="template-assets/buttons/file-qiipkxti.png" prev-button-url="template-assets/buttons/file-mdokvsxg.png" exit-button-url="template-assets/buttons/file-bb8qz7zb.png">

    
    <lido-cell layout="pos" id="pos1" disable-edit="true" value="pos2" height="landscape.344px,portrait.402px" width="landscape.296px,portrait.398px" x="landscape.84%, portrait.28%" y="landscape.61%, portrait.77%" aria-hidden="true" z="1" bg-color="transparent" visible="true">
        <lido-avatar id="lido-avatar" disable-edit="true" visible="true" height="100%" width="100%" src="template-assets/images/file-h3p02s5k.riv" alt-text="">
        </lido-avatar>
    </lido-cell>

 

    <lido-cell visible="true" layout="col" height="85%" width="98%" bg-color="transparent" margin="61px 0px -58px 0px">
        <lido-cell layout="row" visible="true" height="335px" width="90%" bg-color="transparent">
            <lido-image visible="true" height="330px" width="330px" src="game-assets/images/file-98ncfdsm.jpg" />
            </lido-cell>
        <lido-cell layout="row" visible="true" height="270px" width="90%" bg-color="transparent">
            
            <lido-text type="drop" is-allow-only-one-drop="true" value="Table" tab-index="8" id="drop1" visible="true" height="122px" width="225px" onEntry="this.lineHeight='1.2';this.border-radius='16px';" />
            
        </lido-cell>
        <lido-cell layout="row" visible="true" height="270px" width="81%" bg-color="transparent" onEntry="this.lineHeight='1.2';this.align-items='center';this.justify-content='space-around';this.position='relative';" x="-34px">
            
                
                <lido-text visible="true" disable-speak="true" height="122px" width="225px" type="drag" id="drag1" tab-index="2" string="Table" value="Table" font-family="'Baloo Bhai 2'" font-color="black" font-size="80px" bg-color="#FFAC4C" onEntry="this.lineHeight='1.2';this.font-weight='700';this.border-radius='16px';" />

                

                
                <lido-text visible="true" disable-speak="true" height="122px" width="225px" type="drag" id="drag2" tab-index="3" string="Clock" value="Clock" font-family="'Baloo Bhai 2'" font-color="black" font-size="80px" bg-color="#FFAC4C" onEntry="this.lineHeight='1.2';this.font-weight='700';this.border-radius='16px';" />

                

                
                <lido-text visible="true" disable-speak="true" height="122px" width="225px" type="drag" id="drag3" tab-index="4" string="Chair" value="Chair" font-family="'Baloo Bhai 2'" font-color="black" font-size="80px" bg-color="#FFAC4C" onEntry="this.lineHeight='1.2';this.font-weight='700';this.border-radius='16px';" />

                

                
                <lido-text visible="true" disable-speak="true" height="122px" width="225px" type="drag" id="drag4" tab-index="5" string="Slide" value="Slide" font-family="'Baloo Bhai 2'" font-color="black" font-size="80px" bg-color="#FFAC4C" onEntry="this.lineHeight='1.2';this.font-weight='700';this.border-radius='16px';" />

                

                
                <lido-text visible="true" disable-speak="true" height="122px" width="225px" type="drag" id="drag5" tab-index="6" string="Phone" value="Phone" font-family="'Baloo Bhai 2'" font-color="black" font-size="80px" bg-color="#FFAC4C" onEntry="this.lineHeight='1.2';this.font-weight='700';this.border-radius='16px';" />

                
        </lido-cell>
    </lido-cell>

</lido-container>
        
<lido-container lang="en" disable-speak="true" visible="true" template-id="pictureWordMatchSingleImage" id="lido-container" objective="guava" bg-image="template-assets/bg-images/file-ryopkkmu.png" onInCorrect="lido-avatar.avatarAnimate='Fail';this.sleep='2000';" onCorrect="lido-avatar.avatarAnimate='Success';this.sleep='2300';" is-continue-on-correct="false" is-allow-only-correct="false" onEntry="inst.speak='true';" speaker-button-url="template-assets/buttons/file-q0o21qup.png" next-button-url="template-assets/buttons/file-qiipkxti.png" prev-button-url="template-assets/buttons/file-mdokvsxg.png" exit-button-url="template-assets/buttons/file-bb8qz7zb.png">

    
    <lido-cell layout="pos" id="pos1" disable-edit="true" value="pos2" height="landscape.344px,portrait.402px" width="landscape.296px,portrait.398px" x="landscape.84%, portrait.28%" y="landscape.61%, portrait.77%" aria-hidden="true" z="1" bg-color="transparent" visible="true">
        <lido-avatar id="lido-avatar" disable-edit="true" visible="true" height="100%" width="100%" src="template-assets/images/file-h3p02s5k.riv" alt-text="">
        </lido-avatar>
    </lido-cell>

 

    <lido-cell visible="true" layout="col" height="85%" width="98%" bg-color="transparent" margin="61px 0px -58px 0px">
        <lido-cell layout="row" visible="true" height="335px" width="90%" bg-color="transparent">
            <lido-image visible="true" height="330px" width="330px" src="game-assets/images/file-8v48dtqs.jpg" />
            </lido-cell>
        <lido-cell layout="row" visible="true" height="270px" width="90%" bg-color="transparent">
            
            <lido-text type="drop" is-allow-only-one-drop="true" value="Guava" tab-index="8" id="drop1" visible="true" height="122px" width="225px" onEntry="this.lineHeight='1.2';this.border-radius='16px';" />
            
        </lido-cell>
        <lido-cell layout="row" visible="true" height="270px" width="81%" bg-color="transparent" onEntry="this.lineHeight='1.2';this.align-items='center';this.justify-content='space-around';this.position='relative';" x="-34px">
            
                
                <lido-text visible="true" disable-speak="true" height="122px" width="225px" type="drag" id="drag1" tab-index="2" string="Mango" value="Mango" font-family="'Baloo Bhai 2'" font-color="black" font-size="80px" bg-color="#FFAC4C" onEntry="this.lineHeight='1.2';this.font-weight='700';this.border-radius='16px';" />

                

                
                <lido-text visible="true" disable-speak="true" height="122px" width="225px" type="drag" id="drag2" tab-index="3" string="Candy" value="Candy" font-family="'Baloo Bhai 2'" font-color="black" font-size="80px" bg-color="#FFAC4C" onEntry="this.lineHeight='1.2';this.font-weight='700';this.border-radius='16px';" />

                

                
                <lido-text visible="true" disable-speak="true" height="122px" width="225px" type="drag" id="drag3" tab-index="4" string="Bread" value="Bread" font-family="'Baloo Bhai 2'" font-color="black" font-size="80px" bg-color="#FFAC4C" onEntry="this.lineHeight='1.2';this.font-weight='700';this.border-radius='16px';" />

                

                
                <lido-text visible="true" disable-speak="true" height="122px" width="225px" type="drag" id="drag4" tab-index="5" string="Apple" value="Apple" font-family="'Baloo Bhai 2'" font-color="black" font-size="80px" bg-color="#FFAC4C" onEntry="this.lineHeight='1.2';this.font-weight='700';this.border-radius='16px';" />

                

                
                <lido-text visible="true" disable-speak="true" height="122px" width="225px" type="drag" id="drag5" tab-index="6" string="Guava" value="Guava" font-family="'Baloo Bhai 2'" font-color="black" font-size="80px" bg-color="#FFAC4C" onEntry="this.lineHeight='1.2';this.font-weight='700';this.border-radius='16px';" />

                
        </lido-cell>
    </lido-cell>

</lido-container>
        
<lido-container lang="en" disable-speak="true" visible="true" template-id="pictureWordMatchSingleImage" id="lido-container" objective="nurse" bg-image="template-assets/bg-images/file-ryopkkmu.png" onInCorrect="lido-avatar.avatarAnimate='Fail';this.sleep='2000';" onCorrect="lido-avatar.avatarAnimate='Success';this.sleep='2300';" is-continue-on-correct="false" is-allow-only-correct="false" onEntry="inst.speak='true';" speaker-button-url="template-assets/buttons/file-q0o21qup.png" next-button-url="template-assets/buttons/file-qiipkxti.png" prev-button-url="template-assets/buttons/file-mdokvsxg.png" exit-button-url="template-assets/buttons/file-bb8qz7zb.png">

    
    <lido-cell layout="pos" id="pos1" disable-edit="true" value="pos2" height="landscape.344px,portrait.402px" width="landscape.296px,portrait.398px" x="landscape.84%, portrait.28%" y="landscape.61%, portrait.77%" aria-hidden="true" z="1" bg-color="transparent" visible="true">
        <lido-avatar id="lido-avatar" disable-edit="true" visible="true" height="100%" width="100%" src="template-assets/images/file-h3p02s5k.riv" alt-text="">
        </lido-avatar>
    </lido-cell>

 

    <lido-cell visible="true" layout="col" height="85%" width="98%" bg-color="transparent" margin="61px 0px -58px 0px">
        <lido-cell layout="row" visible="true" height="335px" width="90%" bg-color="transparent">
            <lido-image visible="true" height="330px" width="330px" src="game-assets/images/file-w3pk6h7b.jpg" />
            </lido-cell>
        <lido-cell layout="row" visible="true" height="270px" width="90%" bg-color="transparent">
            
            <lido-text type="drop" is-allow-only-one-drop="true" value="Nurse" tab-index="8" id="drop1" visible="true" height="122px" width="225px" onEntry="this.lineHeight='1.2';this.border-radius='16px';" />
            
        </lido-cell>
        <lido-cell layout="row" visible="true" height="270px" width="81%" bg-color="transparent" onEntry="this.lineHeight='1.2';this.align-items='center';this.justify-content='space-around';this.position='relative';" x="-34px">
            
                
                <lido-text visible="true" disable-speak="true" height="122px" width="225px" type="drag" id="drag1" tab-index="2" string="Mason" value="Mason" font-family="'Baloo Bhai 2'" font-color="black" font-size="80px" bg-color="#FFAC4C" onEntry="this.lineHeight='1.2';this.font-weight='700';this.border-radius='16px';" />

                

                
                <lido-text visible="true" disable-speak="true" height="122px" width="225px" type="drag" id="drag2" tab-index="3" string="Judge" value="Judge" font-family="'Baloo Bhai 2'" font-color="black" font-size="80px" bg-color="#FFAC4C" onEntry="this.lineHeight='1.2';this.font-weight='700';this.border-radius='16px';" />

                

                
                <lido-text visible="true" disable-speak="true" height="122px" width="225px" type="drag" id="drag3" tab-index="4" string="Pilot" value="Pilot" font-family="'Baloo Bhai 2'" font-color="black" font-size="80px" bg-color="#FFAC4C" onEntry="this.lineHeight='1.2';this.font-weight='700';this.border-radius='16px';" />

                

                
                <lido-text visible="true" disable-speak="true" height="122px" width="225px" type="drag" id="drag4" tab-index="5" string="Baker" value="Baker" font-family="'Baloo Bhai 2'" font-color="black" font-size="80px" bg-color="#FFAC4C" onEntry="this.lineHeight='1.2';this.font-weight='700';this.border-radius='16px';" />

                

                
                <lido-text visible="true" disable-speak="true" height="122px" width="225px" type="drag" id="drag5" tab-index="6" string="Nurse" value="Nurse" font-family="'Baloo Bhai 2'" font-color="black" font-size="80px" bg-color="#FFAC4C" onEntry="this.lineHeight='1.2';this.font-weight='700';this.border-radius='16px';" />

                
        </lido-cell>
    </lido-cell>

</lido-container>
        
<main>
    <lido-container disable-speak="true" id="lido-container" lang="en" objective="butterfly" is-continue-on-correct="false" template-id="palLetterIdentification" bg-image="template-assets/bg-images/file-dxdibym7.png" onCorrect="lido-avatar.avatarAnimate='Success'; this.sleep='2000';" onInCorrect="lido-avatar.avatarAnimate='Fail';" onEntry="questionText.speak='true';" custom-style="#audioCell:active {   box-shadow: 0px 0px 0px !important;   transform: translateY(10px); }" speaker-button-url="template-assets/buttons/file-q0o21qup.png" next-button-url="template-assets/buttons/file-qiipkxti.png" prev-button-url="template-assets/buttons/file-mdokvsxg.png" exit-button-url="template-assets/buttons/file-bb8qz7zb.png">
        <lido-col visible="true" width="100%" height="80%" bg-color="transparent" onEntry="this.lineHeight='1.2';this.alignItems='center'; this.justifyContent='center';">
            
            
            <lido-cell layout="pos" id="pos1" disable-edit="true" value="pos2" height="landscape.400px,portrait.402px" width="landscape.350px,portrait.398px" x="landscape.60%, portrait.28%" y="landscape.50px, portrait.77%" aria-hidden="true" z="1" bg-color="transparent" visible="true">
                <lido-avatar id="lido-avatar" disable-edit="true" visible="true" height="100%" width="100%" src="template-assets/images/file-h3p02s5k.riv">
                </lido-avatar>
                <lido-image id="image" disableEdit="true" value="image" visible="true" src="template-assets/images/file-rg3izwzm.png" bgColor="transparent" width="inherit" height="27px" x="0" y="330px">
                </lido-image>
            </lido-cell>

            
            <lido-text visible="false" id="questionText" width="405px" height="250px" tab-index="1" bg-color="#fff5bb" audio="game-assets/audio/file-807o8rud.mp3" string="butterfly" font-size="120px" border-radius="20px" font-color="black" onEntry="this.lineHeight='1.2';this.fontWeight='700'; this.border='#ffac4c 2px solid';">
            </lido-text>
            
            <lido-cell visible="true" id="audioCell" onTouch="questionText.speak='true';" layout="row" width="300px" height="300px" bg-color="white" border-radius="130px" onEntry="this.border='#ffac4c 2px solid'; this.boxShadow='0px 10.88px 0px #f34d08;';">
                <lido-image visible="true" bg-color="transparent" width="200px" height="200px" src="template-assets/images/file-y2ywcdyp.png" />
            </lido-cell>

            
            <lido-cell layout="col" visible="true" width="90%" height="50%" bg-color="transparent" padding="0" onEntry="this.lineHeight='1.2';this.justifyContent='center'; this.alignItems='center'; this.marginTop='20px';">
                <lido-cell layout="row" visible="true" width="70%" height="50%" bg-color="transparent" onEntry="this.lineHeight='1.2';this.justifyContent='space-around';this.gap='16px';">
                    
                    <lido-text visible="true" width="511px" height="136px" disable-speak="true" type="click" value="butterfly" string="butterfly" font-size="80px" border-radius="20px" font-color="black" onEntry="this.lineHeight='1.2';this.fontWeight='700';">
                    </lido-text>
                    <lido-text visible="true" width="511px" height="136px" disable-speak="true" type="click" value="rainbow" string="rainbow" font-size="80px" border-radius="20px" font-color="black" onEntry="this.lineHeight='1.2';this.fontWeight='700';">
                    </lido-text>
                </lido-cell>
                <lido-cell layout="row" margin="0px 104px 0px 0px" visible="true" width="100%" height="50%" bg-color="transparent" onEntry="this.lineHeight='1.2';this.justifyContent='space-around';this.gap='16px';">
                    
                    <lido-text visible="true" width="511px" height="136px" disable-speak="true" type="click" value="playground" string="playground" font-size="80px" border-radius="20px" font-color="black" onEntry="this.lineHeight='1.2';this.fontWeight='700';">
                    </lido-text>
                    <lido-text visible="true" width="511px" height="136px" disable-speak="true" type="click" value="sandcastle" string="sandcastle" font-size="80px" border-radius="20px" font-color="black" onEntry="this.lineHeight='1.2';this.fontWeight='700';">
                    </lido-text>
                    <lido-text visible="true" width="511px" height="136px" disable-speak="true" type="click" value="sunflower" string="sunflower" font-size="80px" border-radius="20px" font-color="black" onEntry="this.lineHeight='1.2';this.fontWeight='700';">
                    </lido-text>
                </lido-cell>
            </lido-cell>

        </lido-col>
    </lido-container>
</main>
<main>
    <lido-container disable-speak="true" id="lido-container" lang="en" objective="toothbrush" is-continue-on-correct="false" template-id="palLetterIdentification" bg-image="template-assets/bg-images/file-dxdibym7.png" onCorrect="lido-avatar.avatarAnimate='Success'; this.sleep='2000';" onInCorrect="lido-avatar.avatarAnimate='Fail';" onEntry="questionText.speak='true';" custom-style="#audioCell:active {   box-shadow: 0px 0px 0px !important;   transform: translateY(10px); }" speaker-button-url="template-assets/buttons/file-q0o21qup.png" next-button-url="template-assets/buttons/file-qiipkxti.png" prev-button-url="template-assets/buttons/file-mdokvsxg.png" exit-button-url="template-assets/buttons/file-bb8qz7zb.png">
        <lido-col visible="true" width="100%" height="80%" bg-color="transparent" onEntry="this.lineHeight='1.2';this.alignItems='center'; this.justifyContent='center';">
            
            
            <lido-cell layout="pos" id="pos1" disable-edit="true" value="pos2" height="landscape.400px,portrait.402px" width="landscape.350px,portrait.398px" x="landscape.60%, portrait.28%" y="landscape.50px, portrait.77%" aria-hidden="true" z="1" bg-color="transparent" visible="true">
                <lido-avatar id="lido-avatar" disable-edit="true" visible="true" height="100%" width="100%" src="template-assets/images/file-h3p02s5k.riv">
                </lido-avatar>
                <lido-image id="image" disableEdit="true" value="image" visible="true" src="template-assets/images/file-rg3izwzm.png" bgColor="transparent" width="inherit" height="27px" x="0" y="330px">
                </lido-image>
            </lido-cell>

            
            <lido-text visible="false" id="questionText" width="405px" height="250px" tab-index="1" bg-color="#fff5bb" audio="game-assets/audio/file-987369ls.mp3" string="toothbrush" font-size="120px" border-radius="20px" font-color="black" onEntry="this.lineHeight='1.2';this.fontWeight='700'; this.border='#ffac4c 2px solid';">
            </lido-text>
            
            <lido-cell visible="true" id="audioCell" onTouch="questionText.speak='true';" layout="row" width="300px" height="300px" bg-color="white" border-radius="130px" onEntry="this.border='#ffac4c 2px solid'; this.boxShadow='0px 10.88px 0px #f34d08;';">
                <lido-image visible="true" bg-color="transparent" width="200px" height="200px" src="template-assets/images/file-y2ywcdyp.png" />
            </lido-cell>

            
            <lido-cell layout="col" visible="true" width="90%" height="50%" bg-color="transparent" padding="0" onEntry="this.lineHeight='1.2';this.justifyContent='center'; this.alignItems='center'; this.marginTop='20px';">
                <lido-cell layout="row" visible="true" width="70%" height="50%" bg-color="transparent" onEntry="this.lineHeight='1.2';this.justifyContent='space-around';this.gap='16px';">
                    
                    <lido-text visible="true" width="511px" height="136px" disable-speak="true" type="click" value="football" string="football" font-size="80px" border-radius="20px" font-color="black" onEntry="this.lineHeight='1.2';this.fontWeight='700';">
                    </lido-text>
                    <lido-text visible="true" width="511px" height="136px" disable-speak="true" type="click" value="homework" string="homework" font-size="80px" border-radius="20px" font-color="black" onEntry="this.lineHeight='1.2';this.fontWeight='700';">
                    </lido-text>
                </lido-cell>
                <lido-cell layout="row" margin="0px 104px 0px 0px" visible="true" width="100%" height="50%" bg-color="transparent" onEntry="this.lineHeight='1.2';this.justifyContent='space-around';this.gap='16px';">
                    
                    <lido-text visible="true" width="511px" height="136px" disable-speak="true" type="click" value="classroom" string="classroom" font-size="80px" border-radius="20px" font-color="black" onEntry="this.lineHeight='1.2';this.fontWeight='700';">
                    </lido-text>
                    <lido-text visible="true" width="511px" height="136px" disable-speak="true" type="click" value="bookcase" string="bookcase" font-size="80px" border-radius="20px" font-color="black" onEntry="this.lineHeight='1.2';this.fontWeight='700';">
                    </lido-text>
                    <lido-text visible="true" width="511px" height="136px" disable-speak="true" type="click" value="toothbrush" string="toothbrush" font-size="80px" border-radius="20px" font-color="black" onEntry="this.lineHeight='1.2';this.fontWeight='700';">
                    </lido-text>
                </lido-cell>
            </lido-cell>

        </lido-col>
    </lido-container>
</main>
<main>
    <lido-container disable-speak="true" id="lido-container" lang="en" objective="popcorn" is-continue-on-correct="false" template-id="palLetterIdentification" bg-image="template-assets/bg-images/file-dxdibym7.png" onCorrect="lido-avatar.avatarAnimate='Success'; this.sleep='2000';" onInCorrect="lido-avatar.avatarAnimate='Fail';" onEntry="questionText.speak='true';" custom-style="#audioCell:active {   box-shadow: 0px 0px 0px !important;   transform: translateY(10px); }" speaker-button-url="template-assets/buttons/file-q0o21qup.png" next-button-url="template-assets/buttons/file-qiipkxti.png" prev-button-url="template-assets/buttons/file-mdokvsxg.png" exit-button-url="template-assets/buttons/file-bb8qz7zb.png">
        <lido-col visible="true" width="100%" height="80%" bg-color="transparent" onEntry="this.lineHeight='1.2';this.alignItems='center'; this.justifyContent='center';">
            
            
            <lido-cell layout="pos" id="pos1" disable-edit="true" value="pos2" height="landscape.400px,portrait.402px" width="landscape.350px,portrait.398px" x="landscape.60%, portrait.28%" y="landscape.50px, portrait.77%" aria-hidden="true" z="1" bg-color="transparent" visible="true">
                <lido-avatar id="lido-avatar" disable-edit="true" visible="true" height="100%" width="100%" src="template-assets/images/file-h3p02s5k.riv">
                </lido-avatar>
                <lido-image id="image" disableEdit="true" value="image" visible="true" src="template-assets/images/file-rg3izwzm.png" bgColor="transparent" width="inherit" height="27px" x="0" y="330px">
                </lido-image>
            </lido-cell>

            
            <lido-text visible="false" id="questionText" width="405px" height="250px" tab-index="1" bg-color="#fff5bb" audio="game-assets/audio/file-3v53h3zy.mp3" string="popcorn" font-size="120px" border-radius="20px" font-color="black" onEntry="this.lineHeight='1.2';this.fontWeight='700'; this.border='#ffac4c 2px solid';">
            </lido-text>
            
            <lido-cell visible="true" id="audioCell" onTouch="questionText.speak='true';" layout="row" width="300px" height="300px" bg-color="white" border-radius="130px" onEntry="this.border='#ffac4c 2px solid'; this.boxShadow='0px 10.88px 0px #f34d08;';">
                <lido-image visible="true" bg-color="transparent" width="200px" height="200px" src="template-assets/images/file-y2ywcdyp.png" />
            </lido-cell>

            
            <lido-cell layout="col" visible="true" width="90%" height="50%" bg-color="transparent" padding="0" onEntry="this.lineHeight='1.2';this.justifyContent='center'; this.alignItems='center'; this.marginTop='20px';">
                <lido-cell layout="row" visible="true" width="70%" height="50%" bg-color="transparent" onEntry="this.lineHeight='1.2';this.justifyContent='space-around';this.gap='16px';">
                    
                    <lido-text visible="true" width="511px" height="136px" disable-speak="true" type="click" value="mailbox" string="mailbox" font-size="80px" border-radius="20px" font-color="black" onEntry="this.lineHeight='1.2';this.fontWeight='700';">
                    </lido-text>
                    <lido-text visible="true" width="511px" height="136px" disable-speak="true" type="click" value="firefly" string="firefly" font-size="80px" border-radius="20px" font-color="black" onEntry="this.lineHeight='1.2';this.fontWeight='700';">
                    </lido-text>
                </lido-cell>
                <lido-cell layout="row" margin="0px 104px 0px 0px" visible="true" width="100%" height="50%" bg-color="transparent" onEntry="this.lineHeight='1.2';this.justifyContent='space-around';this.gap='16px';">
                    
                    <lido-text visible="true" width="511px" height="136px" disable-speak="true" type="click" value="birthday" string="birthday" font-size="80px" border-radius="20px" font-color="black" onEntry="this.lineHeight='1.2';this.fontWeight='700';">
                    </lido-text>
                    <lido-text visible="true" width="511px" height="136px" disable-speak="true" type="click" value="popcorn" string="popcorn" font-size="80px" border-radius="20px" font-color="black" onEntry="this.lineHeight='1.2';this.fontWeight='700';">
                    </lido-text>
                    <lido-text visible="true" width="511px" height="136px" disable-speak="true" type="click" value="notebook" string="notebook" font-size="80px" border-radius="20px" font-color="black" onEntry="this.lineHeight='1.2';this.fontWeight='700';">
                    </lido-text>
                </lido-cell>
            </lido-cell>

        </lido-col>
    </lido-container>
</main>
<main>
    <lido-container disable-speak="true" id="lido-container" lang="en" objective="dustbin" is-continue-on-correct="false" template-id="palLetterIdentification" bg-image="template-assets/bg-images/file-dxdibym7.png" onCorrect="lido-avatar.avatarAnimate='Success'; this.sleep='2000';" onInCorrect="lido-avatar.avatarAnimate='Fail';" onEntry="questionText.speak='true';" custom-style="#audioCell:active {   box-shadow: 0px 0px 0px !important;   transform: translateY(10px); }" speaker-button-url="template-assets/buttons/file-q0o21qup.png" next-button-url="template-assets/buttons/file-qiipkxti.png" prev-button-url="template-assets/buttons/file-mdokvsxg.png" exit-button-url="template-assets/buttons/file-bb8qz7zb.png">
        <lido-col visible="true" width="100%" height="80%" bg-color="transparent" onEntry="this.lineHeight='1.2';this.alignItems='center'; this.justifyContent='center';">
            
            
            <lido-cell layout="pos" id="pos1" disable-edit="true" value="pos2" height="landscape.400px,portrait.402px" width="landscape.350px,portrait.398px" x="landscape.60%, portrait.28%" y="landscape.50px, portrait.77%" aria-hidden="true" z="1" bg-color="transparent" visible="true">
                <lido-avatar id="lido-avatar" disable-edit="true" visible="true" height="100%" width="100%" src="template-assets/images/file-h3p02s5k.riv">
                </lido-avatar>
                <lido-image id="image" disableEdit="true" value="image" visible="true" src="template-assets/images/file-rg3izwzm.png" bgColor="transparent" width="inherit" height="27px" x="0" y="330px">
                </lido-image>
            </lido-cell>

            
            <lido-text visible="false" id="questionText" width="405px" height="250px" tab-index="1" bg-color="#fff5bb" audio="game-assets/audio/file-fhlhtae9.mp3" string="dustbin" font-size="120px" border-radius="20px" font-color="black" onEntry="this.lineHeight='1.2';this.fontWeight='700'; this.border='#ffac4c 2px solid';">
            </lido-text>
            
            <lido-cell visible="true" id="audioCell" onTouch="questionText.speak='true';" layout="row" width="300px" height="300px" bg-color="white" border-radius="130px" onEntry="this.border='#ffac4c 2px solid'; this.boxShadow='0px 10.88px 0px #f34d08;';">
                <lido-image visible="true" bg-color="transparent" width="200px" height="200px" src="template-assets/images/file-y2ywcdyp.png" />
            </lido-cell>

            
            <lido-cell layout="col" visible="true" width="90%" height="50%" bg-color="transparent" padding="0" onEntry="this.lineHeight='1.2';this.justifyContent='center'; this.alignItems='center'; this.marginTop='20px';">
                <lido-cell layout="row" visible="true" width="70%" height="50%" bg-color="transparent" onEntry="this.lineHeight='1.2';this.justifyContent='space-around';this.gap='16px';">
                    
                    <lido-text visible="true" width="511px" height="136px" disable-speak="true" type="click" value="dustbin" string="dustbin" font-size="80px" border-radius="20px" font-color="black" onEntry="this.lineHeight='1.2';this.fontWeight='700';">
                    </lido-text>
                    <lido-text visible="true" width="511px" height="136px" disable-speak="true" type="click" value="bathroom" string="bathroom" font-size="80px" border-radius="20px" font-color="black" onEntry="this.lineHeight='1.2';this.fontWeight='700';">
                    </lido-text>
                </lido-cell>
                <lido-cell layout="row" margin="0px 104px 0px 0px" visible="true" width="100%" height="50%" bg-color="transparent" onEntry="this.lineHeight='1.2';this.justifyContent='space-around';this.gap='16px';">
                    
                    <lido-text visible="true" width="511px" height="136px" disable-speak="true" type="click" value="teacup" string="teacup" font-size="80px" border-radius="20px" font-color="black" onEntry="this.lineHeight='1.2';this.fontWeight='700';">
                    </lido-text>
                    <lido-text visible="true" width="511px" height="136px" disable-speak="true" type="click" value="bedroom" string="bedroom" font-size="80px" border-radius="20px" font-color="black" onEntry="this.lineHeight='1.2';this.fontWeight='700';">
                    </lido-text>
                    <lido-text visible="true" width="511px" height="136px" disable-speak="true" type="click" value="sidewalk" string="sidewalk" font-size="80px" border-radius="20px" font-color="black" onEntry="this.lineHeight='1.2';this.fontWeight='700';">
                    </lido-text>
                </lido-cell>
            </lido-cell>

        </lido-col>
    </lido-container>
</main>
<main>
    <lido-container disable-speak="true" id="lido-container" lang="en" objective="railway" is-continue-on-correct="false" template-id="palLetterIdentification" bg-image="template-assets/bg-images/file-dxdibym7.png" onCorrect="lido-avatar.avatarAnimate='Success'; this.sleep='2000';" onInCorrect="lido-avatar.avatarAnimate='Fail';" onEntry="questionText.speak='true';" custom-style="#audioCell:active {   box-shadow: 0px 0px 0px !important;   transform: translateY(10px); }" speaker-button-url="template-assets/buttons/file-q0o21qup.png" next-button-url="template-assets/buttons/file-qiipkxti.png" prev-button-url="template-assets/buttons/file-mdokvsxg.png" exit-button-url="template-assets/buttons/file-bb8qz7zb.png">
        <lido-col visible="true" width="100%" height="80%" bg-color="transparent" onEntry="this.lineHeight='1.2';this.alignItems='center'; this.justifyContent='center';">
            
            
            <lido-cell layout="pos" id="pos1" disable-edit="true" value="pos2" height="landscape.400px,portrait.402px" width="landscape.350px,portrait.398px" x="landscape.60%, portrait.28%" y="landscape.50px, portrait.77%" aria-hidden="true" z="1" bg-color="transparent" visible="true">
                <lido-avatar id="lido-avatar" disable-edit="true" visible="true" height="100%" width="100%" src="template-assets/images/file-h3p02s5k.riv">
                </lido-avatar>
                <lido-image id="image" disableEdit="true" value="image" visible="true" src="template-assets/images/file-rg3izwzm.png" bgColor="transparent" width="inherit" height="27px" x="0" y="330px">
                </lido-image>
            </lido-cell>

            
            <lido-text visible="false" id="questionText" width="405px" height="250px" tab-index="1" bg-color="#fff5bb" audio="game-assets/audio/file-jumcicxb.mp3" string="railway" font-size="120px" border-radius="20px" font-color="black" onEntry="this.lineHeight='1.2';this.fontWeight='700'; this.border='#ffac4c 2px solid';">
            </lido-text>
            
            <lido-cell visible="true" id="audioCell" onTouch="questionText.speak='true';" layout="row" width="300px" height="300px" bg-color="white" border-radius="130px" onEntry="this.border='#ffac4c 2px solid'; this.boxShadow='0px 10.88px 0px #f34d08;';">
                <lido-image visible="true" bg-color="transparent" width="200px" height="200px" src="template-assets/images/file-y2ywcdyp.png" />
            </lido-cell>

            
            <lido-cell layout="col" visible="true" width="90%" height="50%" bg-color="transparent" padding="0" onEntry="this.lineHeight='1.2';this.justifyContent='center'; this.alignItems='center'; this.marginTop='20px';">
                <lido-cell layout="row" visible="true" width="70%" height="50%" bg-color="transparent" onEntry="this.lineHeight='1.2';this.justifyContent='space-around';this.gap='16px';">
                    
                    <lido-text visible="true" width="511px" height="136px" disable-speak="true" type="click" value="lunchbox" string="lunchbox" font-size="80px" border-radius="20px" font-color="black" onEntry="this.lineHeight='1.2';this.fontWeight='700';">
                    </lido-text>
                    <lido-text visible="true" width="511px" height="136px" disable-speak="true" type="click" value="storybook" string="storybook" font-size="80px" border-radius="20px" font-color="black" onEntry="this.lineHeight='1.2';this.fontWeight='700';">
                    </lido-text>
                </lido-cell>
                <lido-cell layout="row" margin="0px 104px 0px 0px" visible="true" width="100%" height="50%" bg-color="transparent" onEntry="this.lineHeight='1.2';this.justifyContent='space-around';this.gap='16px';">
                    
                    <lido-text visible="true" width="511px" height="136px" disable-speak="true" type="click" value="airport" string="airport" font-size="80px" border-radius="20px" font-color="black" onEntry="this.lineHeight='1.2';this.fontWeight='700';">
                    </lido-text>
                    <lido-text visible="true" width="511px" height="136px" disable-speak="true" type="click" value="railway" string="railway" font-size="80px" border-radius="20px" font-color="black" onEntry="this.lineHeight='1.2';this.fontWeight='700';">
                    </lido-text>
                    <lido-text visible="true" width="511px" height="136px" disable-speak="true" type="click" value="seashore" string="seashore" font-size="80px" border-radius="20px" font-color="black" onEntry="this.lineHeight='1.2';this.fontWeight='700';">
                    </lido-text>
                </lido-cell>
            </lido-cell>

        </lido-col>
    </lido-container>
</main>
</root>