<root>

<lido-container lang="en" disable-speak="true" visible="true" template-id="pictureWordMatchSingleImage" id="lido-container" objective="dog" bg-image="template-assets/bg-images/file-itswrec9.png" onInCorrect="lido-avatar.avatarAnimate='Fail';this.sleep='2000';" onCorrect="lido-avatar.avatarAnimate='Success';this.sleep='2300';" is-continue-on-correct="false" is-allow-only-correct="false" onEntry="inst.speak='true';">

    
    <lido-cell layout="pos" id="pos1" disable-edit="true" value="pos2" height="landscape.344px,portrait.402px" width="landscape.296px,portrait.398px" x="landscape.84%, portrait.28%" y="landscape.61%, portrait.77%" aria-hidden="true" z="1" bg-color="transparent" visible="true">
        <lido-avatar id="lido-avatar" disable-edit="true" visible="true" height="100%" width="100%" src="template-assets/images/file-f0k5dl7w.riv" alt-text="">
        </lido-avatar>
    </lido-cell>

 

    <lido-cell visible="true" layout="col" height="85%" width="98%" bg-color="transparent" margin="61px 0px -58px 0px">
        <lido-cell layout="row" visible="true" height="335px" width="90%" bg-color="transparent">
            <lido-image visible="true" height="330px" width="330px" src="game-assets/images/file-zisricvj.jpg" />
            </lido-cell>
        <lido-cell layout="row" visible="true" height="270px" width="90%" bg-color="transparent">
            
            <lido-text type="drop" is-allow-only-one-drop="true" value="dog" tab-index="8" id="drop1" visible="true" height="122px" width="225px" onEntry="this.lineHeight='1.2';this.border-radius='16px';" />
            
        </lido-cell>
        <lido-cell layout="row" visible="true" height="270px" width="81%" bg-color="transparent" onEntry="this.lineHeight='1.2';this.align-items='center';this.justify-content='space-around';this.position='relative';" x="-34px">
            
                
                <lido-text visible="true" disable-speak="true" height="122px" width="225px" type="drag" id="drag1" tab-index="2" string="dog" value="dog" font-family="'Baloo Bhai 2'" font-color="black" font-size="80px" bg-color="#FFAC4C" onEntry="this.lineHeight='1.2';this.font-weight='700';this.border-radius='16px';" />

                

                
                <lido-text visible="true" disable-speak="true" height="122px" width="225px" type="drag" id="drag2" tab-index="3" string="rat" value="rat" font-family="'Baloo Bhai 2'" font-color="black" font-size="80px" bg-color="#FFAC4C" onEntry="this.lineHeight='1.2';this.font-weight='700';this.border-radius='16px';" />

                

                
                <lido-text visible="true" disable-speak="true" height="122px" width="225px" type="drag" id="drag3" tab-index="4" string="boy" value="boy" font-family="'Baloo Bhai 2'" font-color="black" font-size="80px" bg-color="#FFAC4C" onEntry="this.lineHeight='1.2';this.font-weight='700';this.border-radius='16px';" />

                

                
                <lido-text visible="true" disable-speak="true" height="122px" width="225px" type="drag" id="drag4" tab-index="5" string="bag" value="bag" font-family="'Baloo Bhai 2'" font-color="black" font-size="80px" bg-color="#FFAC4C" onEntry="this.lineHeight='1.2';this.font-weight='700';this.border-radius='16px';" />

                

                
                <lido-text visible="true" disable-speak="true" height="122px" width="225px" type="drag" id="drag5" tab-index="6" string="cat" value="cat" font-family="'Baloo Bhai 2'" font-color="black" font-size="80px" bg-color="#FFAC4C" onEntry="this.lineHeight='1.2';this.font-weight='700';this.border-radius='16px';" />

                
        </lido-cell>
    </lido-cell>

</lido-container>
        
<lido-container lang="en" disable-speak="true" visible="true" template-id="pictureWordMatchSingleImage" id="lido-container" objective="cat" bg-image="template-assets/bg-images/file-itswrec9.png" onInCorrect="lido-avatar.avatarAnimate='Fail';this.sleep='2000';" onCorrect="lido-avatar.avatarAnimate='Success';this.sleep='2300';" is-continue-on-correct="false" is-allow-only-correct="false" onEntry="inst.speak='true';">

    
    <lido-cell layout="pos" id="pos1" disable-edit="true" value="pos2" height="landscape.344px,portrait.402px" width="landscape.296px,portrait.398px" x="landscape.84%, portrait.28%" y="landscape.61%, portrait.77%" aria-hidden="true" z="1" bg-color="transparent" visible="true">
        <lido-avatar id="lido-avatar" disable-edit="true" visible="true" height="100%" width="100%" src="template-assets/images/file-f0k5dl7w.riv" alt-text="">
        </lido-avatar>
    </lido-cell>

 

    <lido-cell visible="true" layout="col" height="85%" width="98%" bg-color="transparent" margin="61px 0px -58px 0px">
        <lido-cell layout="row" visible="true" height="335px" width="90%" bg-color="transparent">
            <lido-image visible="true" height="330px" width="330px" src="game-assets/images/file-nuvxd2v9.jpg" />
            </lido-cell>
        <lido-cell layout="row" visible="true" height="270px" width="90%" bg-color="transparent">
            
            <lido-text type="drop" is-allow-only-one-drop="true" value="cat" tab-index="8" id="drop1" visible="true" height="122px" width="225px" onEntry="this.lineHeight='1.2';this.border-radius='16px';" />
            
        </lido-cell>
        <lido-cell layout="row" visible="true" height="270px" width="81%" bg-color="transparent" onEntry="this.lineHeight='1.2';this.align-items='center';this.justify-content='space-around';this.position='relative';" x="-34px">
            
                
                <lido-text visible="true" disable-speak="true" height="122px" width="225px" type="drag" id="drag1" tab-index="2" string="pen" value="pen" font-family="'Baloo Bhai 2'" font-color="black" font-size="80px" bg-color="#FFAC4C" onEntry="this.lineHeight='1.2';this.font-weight='700';this.border-radius='16px';" />

                

                
                <lido-text visible="true" disable-speak="true" height="122px" width="225px" type="drag" id="drag2" tab-index="3" string="cat" value="cat" font-family="'Baloo Bhai 2'" font-color="black" font-size="80px" bg-color="#FFAC4C" onEntry="this.lineHeight='1.2';this.font-weight='700';this.border-radius='16px';" />

                

                
                <lido-text visible="true" disable-speak="true" height="122px" width="225px" type="drag" id="drag3" tab-index="4" string="mat" value="mat" font-family="'Baloo Bhai 2'" font-color="black" font-size="80px" bg-color="#FFAC4C" onEntry="this.lineHeight='1.2';this.font-weight='700';this.border-radius='16px';" />

                

                
                <lido-text visible="true" disable-speak="true" height="122px" width="225px" type="drag" id="drag4" tab-index="5" string="sun" value="sun" font-family="'Baloo Bhai 2'" font-color="black" font-size="80px" bg-color="#FFAC4C" onEntry="this.lineHeight='1.2';this.font-weight='700';this.border-radius='16px';" />

                

                
                <lido-text visible="true" disable-speak="true" height="122px" width="225px" type="drag" id="drag5" tab-index="6" string="bag" value="bag" font-family="'Baloo Bhai 2'" font-color="black" font-size="80px" bg-color="#FFAC4C" onEntry="this.lineHeight='1.2';this.font-weight='700';this.border-radius='16px';" />

                
        </lido-cell>
    </lido-cell>

</lido-container>
        
<lido-container lang="en" disable-speak="true" visible="true" template-id="pictureWordMatchSingleImage" id="lido-container" objective="pen" bg-image="template-assets/bg-images/file-itswrec9.png" onInCorrect="lido-avatar.avatarAnimate='Fail';this.sleep='2000';" onCorrect="lido-avatar.avatarAnimate='Success';this.sleep='2300';" is-continue-on-correct="false" is-allow-only-correct="false" onEntry="inst.speak='true';">

    
    <lido-cell layout="pos" id="pos1" disable-edit="true" value="pos2" height="landscape.344px,portrait.402px" width="landscape.296px,portrait.398px" x="landscape.84%, portrait.28%" y="landscape.61%, portrait.77%" aria-hidden="true" z="1" bg-color="transparent" visible="true">
        <lido-avatar id="lido-avatar" disable-edit="true" visible="true" height="100%" width="100%" src="template-assets/images/file-f0k5dl7w.riv" alt-text="">
        </lido-avatar>
    </lido-cell>

 

    <lido-cell visible="true" layout="col" height="85%" width="98%" bg-color="transparent" margin="61px 0px -58px 0px">
        <lido-cell layout="row" visible="true" height="335px" width="90%" bg-color="transparent">
            <lido-image visible="true" height="330px" width="330px" src="game-assets/images/file-dfh0egut.jpg" />
            </lido-cell>
        <lido-cell layout="row" visible="true" height="270px" width="90%" bg-color="transparent">
            
            <lido-text type="drop" is-allow-only-one-drop="true" value="pen" tab-index="8" id="drop1" visible="true" height="122px" width="225px" onEntry="this.lineHeight='1.2';this.border-radius='16px';" />
            
        </lido-cell>
        <lido-cell layout="row" visible="true" height="270px" width="81%" bg-color="transparent" onEntry="this.lineHeight='1.2';this.align-items='center';this.justify-content='space-around';this.position='relative';" x="-34px">
            
                
                <lido-text visible="true" disable-speak="true" height="122px" width="225px" type="drag" id="drag1" tab-index="2" string="pen" value="pen" font-family="'Baloo Bhai 2'" font-color="black" font-size="80px" bg-color="#FFAC4C" onEntry="this.lineHeight='1.2';this.font-weight='700';this.border-radius='16px';" />

                

                
                <lido-text visible="true" disable-speak="true" height="122px" width="225px" type="drag" id="drag2" tab-index="3" string="pen" value="pen" font-family="'Baloo Bhai 2'" font-color="black" font-size="80px" bg-color="#FFAC4C" onEntry="this.lineHeight='1.2';this.font-weight='700';this.border-radius='16px';" />

                

                
                <lido-text visible="true" disable-speak="true" height="122px" width="225px" type="drag" id="drag3" tab-index="4" string="cow" value="cow" font-family="'Baloo Bhai 2'" font-color="black" font-size="80px" bg-color="#FFAC4C" onEntry="this.lineHeight='1.2';this.font-weight='700';this.border-radius='16px';" />

                

                
                <lido-text visible="true" disable-speak="true" height="122px" width="225px" type="drag" id="drag4" tab-index="5" string="car" value="car" font-family="'Baloo Bhai 2'" font-color="black" font-size="80px" bg-color="#FFAC4C" onEntry="this.lineHeight='1.2';this.font-weight='700';this.border-radius='16px';" />

                

                
                <lido-text visible="true" disable-speak="true" height="122px" width="225px" type="drag" id="drag5" tab-index="6" string="bed" value="bed" font-family="'Baloo Bhai 2'" font-color="black" font-size="80px" bg-color="#FFAC4C" onEntry="this.lineHeight='1.2';this.font-weight='700';this.border-radius='16px';" />

                
        </lido-cell>
    </lido-cell>

</lido-container>
        
<lido-container lang="en" disable-speak="true" visible="true" template-id="pictureWordMatchSingleImage" id="lido-container" objective="cup" bg-image="template-assets/bg-images/file-itswrec9.png" onInCorrect="lido-avatar.avatarAnimate='Fail';this.sleep='2000';" onCorrect="lido-avatar.avatarAnimate='Success';this.sleep='2300';" is-continue-on-correct="false" is-allow-only-correct="false" onEntry="inst.speak='true';">

    
    <lido-cell layout="pos" id="pos1" disable-edit="true" value="pos2" height="landscape.344px,portrait.402px" width="landscape.296px,portrait.398px" x="landscape.84%, portrait.28%" y="landscape.61%, portrait.77%" aria-hidden="true" z="1" bg-color="transparent" visible="true">
        <lido-avatar id="lido-avatar" disable-edit="true" visible="true" height="100%" width="100%" src="template-assets/images/file-f0k5dl7w.riv" alt-text="">
        </lido-avatar>
    </lido-cell>

 

    <lido-cell visible="true" layout="col" height="85%" width="98%" bg-color="transparent" margin="61px 0px -58px 0px">
        <lido-cell layout="row" visible="true" height="335px" width="90%" bg-color="transparent">
            <lido-image visible="true" height="330px" width="330px" src="game-assets/images/file-9tq3yp1z.jpg" />
            </lido-cell>
        <lido-cell layout="row" visible="true" height="270px" width="90%" bg-color="transparent">
            
            <lido-text type="drop" is-allow-only-one-drop="true" value="cup" tab-index="8" id="drop1" visible="true" height="122px" width="225px" onEntry="this.lineHeight='1.2';this.border-radius='16px';" />
            
        </lido-cell>
        <lido-cell layout="row" visible="true" height="270px" width="81%" bg-color="transparent" onEntry="this.lineHeight='1.2';this.align-items='center';this.justify-content='space-around';this.position='relative';" x="-34px">
            
                
                <lido-text visible="true" disable-speak="true" height="122px" width="225px" type="drag" id="drag1" tab-index="2" string="cup" value="cup" font-family="'Baloo Bhai 2'" font-color="black" font-size="80px" bg-color="#FFAC4C" onEntry="this.lineHeight='1.2';this.font-weight='700';this.border-radius='16px';" />

                

                
                <lido-text visible="true" disable-speak="true" height="122px" width="225px" type="drag" id="drag2" tab-index="3" string="cap" value="cap" font-family="'Baloo Bhai 2'" font-color="black" font-size="80px" bg-color="#FFAC4C" onEntry="this.lineHeight='1.2';this.font-weight='700';this.border-radius='16px';" />

                

                
                <lido-text visible="true" disable-speak="true" height="122px" width="225px" type="drag" id="drag3" tab-index="4" string="cup" value="cup" font-family="'Baloo Bhai 2'" font-color="black" font-size="80px" bg-color="#FFAC4C" onEntry="this.lineHeight='1.2';this.font-weight='700';this.border-radius='16px';" />

                

                
                <lido-text visible="true" disable-speak="true" height="122px" width="225px" type="drag" id="drag4" tab-index="5" string="jug" value="jug" font-family="'Baloo Bhai 2'" font-color="black" font-size="80px" bg-color="#FFAC4C" onEntry="this.lineHeight='1.2';this.font-weight='700';this.border-radius='16px';" />

                

                
                <lido-text visible="true" disable-speak="true" height="122px" width="225px" type="drag" id="drag5" tab-index="6" string="mug" value="mug" font-family="'Baloo Bhai 2'" font-color="black" font-size="80px" bg-color="#FFAC4C" onEntry="this.lineHeight='1.2';this.font-weight='700';this.border-radius='16px';" />

                
        </lido-cell>
    </lido-cell>

</lido-container>
        
<lido-container lang="en" disable-speak="true" visible="true" template-id="pictureWordMatchSingleImage" id="lido-container" objective="bed" bg-image="template-assets/bg-images/file-itswrec9.png" onInCorrect="lido-avatar.avatarAnimate='Fail';this.sleep='2000';" onCorrect="lido-avatar.avatarAnimate='Success';this.sleep='2300';" is-continue-on-correct="false" is-allow-only-correct="false" onEntry="inst.speak='true';">

    
    <lido-cell layout="pos" id="pos1" disable-edit="true" value="pos2" height="landscape.344px,portrait.402px" width="landscape.296px,portrait.398px" x="landscape.84%, portrait.28%" y="landscape.61%, portrait.77%" aria-hidden="true" z="1" bg-color="transparent" visible="true">
        <lido-avatar id="lido-avatar" disable-edit="true" visible="true" height="100%" width="100%" src="template-assets/images/file-f0k5dl7w.riv" alt-text="">
        </lido-avatar>
    </lido-cell>

 

    <lido-cell visible="true" layout="col" height="85%" width="98%" bg-color="transparent" margin="61px 0px -58px 0px">
        <lido-cell layout="row" visible="true" height="335px" width="90%" bg-color="transparent">
            <lido-image visible="true" height="330px" width="330px" src="game-assets/images/file-d4hjvavo.jpg" />
            </lido-cell>
        <lido-cell layout="row" visible="true" height="270px" width="90%" bg-color="transparent">
            
            <lido-text type="drop" is-allow-only-one-drop="true" value="bed" tab-index="8" id="drop1" visible="true" height="122px" width="225px" onEntry="this.lineHeight='1.2';this.border-radius='16px';" />
            
        </lido-cell>
        <lido-cell layout="row" visible="true" height="270px" width="81%" bg-color="transparent" onEntry="this.lineHeight='1.2';this.align-items='center';this.justify-content='space-around';this.position='relative';" x="-34px">
            
                
                <lido-text visible="true" disable-speak="true" height="122px" width="225px" type="drag" id="drag1" tab-index="2" string="bed" value="bed" font-family="'Baloo Bhai 2'" font-color="black" font-size="80px" bg-color="#FFAC4C" onEntry="this.lineHeight='1.2';this.font-weight='700';this.border-radius='16px';" />

                

                
                <lido-text visible="true" disable-speak="true" height="122px" width="225px" type="drag" id="drag2" tab-index="3" string="ped" value="ped" font-family="'Baloo Bhai 2'" font-color="black" font-size="80px" bg-color="#FFAC4C" onEntry="this.lineHeight='1.2';this.font-weight='700';this.border-radius='16px';" />

                

                
                <lido-text visible="true" disable-speak="true" height="122px" width="225px" type="drag" id="drag3" tab-index="4" string="bed" value="bed" font-family="'Baloo Bhai 2'" font-color="black" font-size="80px" bg-color="#FFAC4C" onEntry="this.lineHeight='1.2';this.font-weight='700';this.border-radius='16px';" />

                

                
                <lido-text visible="true" disable-speak="true" height="122px" width="225px" type="drag" id="drag4" tab-index="5" string="ted" value="ted" font-family="'Baloo Bhai 2'" font-color="black" font-size="80px" bg-color="#FFAC4C" onEntry="this.lineHeight='1.2';this.font-weight='700';this.border-radius='16px';" />

                

                
                <lido-text visible="true" disable-speak="true" height="122px" width="225px" type="drag" id="drag5" tab-index="6" string="deb" value="deb" font-family="'Baloo Bhai 2'" font-color="black" font-size="80px" bg-color="#FFAC4C" onEntry="this.lineHeight='1.2';this.font-weight='700';this.border-radius='16px';" />

                
        </lido-cell>
    </lido-cell>

</lido-container>
        
<main>
    <lido-container disable-speak="true" id="lido-container" lang="en" objective="is" is-continue-on-correct="false" template-id="palLetterIdentification" bg-image="template-assets/bg-images/file-lryqqur3.png" onCorrect="lido-avatar.avatarAnimate='Success'; this.sleep='2000';" onInCorrect="lido-avatar.avatarAnimate='Fail';" onEntry="questionText.speak='true';" custom-style="#audioCell:active {   box-shadow: 0px 0px 0px !important;   transform: translateY(10px); }">
        <lido-col visible="true" width="100%" height="80%" bg-color="transparent" onEntry="this.lineHeight='1.2';this.alignItems='center'; this.justifyContent='center';">
            
            
            <lido-cell layout="pos" id="pos1" disable-edit="true" value="pos2" height="landscape.400px,portrait.402px" width="landscape.350px,portrait.398px" x="landscape.60%, portrait.28%" y="landscape.50px, portrait.77%" aria-hidden="true" z="1" bg-color="transparent" visible="true">
                <lido-avatar id="lido-avatar" disable-edit="true" visible="true" height="100%" width="100%" src="template-assets/images/file-f0k5dl7w.riv">
                </lido-avatar>
                <lido-image id="image" disableEdit="true" value="image" visible="true" src="template-assets/images/file-b3gpj1o6.png" bgColor="transparent" width="inherit" height="27px" x="0" y="330px">
                </lido-image>
            </lido-cell>

            
            <lido-text visible="true" id="questionText" width="405px" height="250px" tab-index="1" bg-color="#fff5bb" audio="game-assets/audio/file-r1tmiper.mp3" string="is" font-size="120px" border-radius="20px" font-color="black" onEntry="this.lineHeight='1.2';this.fontWeight='700'; this.border='#ffac4c 2px solid';">
            </lido-text>
            
            <lido-cell visible="false" id="audioCell" onTouch="questionText.speak='true';" layout="row" width="300px" height="300px" bg-color="white" border-radius="130px" onEntry="this.border='#ffac4c 2px solid'; this.boxShadow='0px 10.88px 0px #f34d08;';">
                <lido-image visible="true" bg-color="transparent" width="200px" height="200px" src="template-assets/images/file-6jjja41y.png" />
            </lido-cell>

            
            <lido-cell layout="col" visible="true" width="90%" height="50%" bg-color="transparent" padding="0" onEntry="this.lineHeight='1.2';this.justifyContent='center'; this.alignItems='center'; this.marginTop='20px';">
                <lido-cell layout="row" visible="true" width="70%" height="50%" bg-color="transparent" onEntry="this.lineHeight='1.2';this.justifyContent='space-around';">
                    
                    <lido-text visible="true" width="400px" height="136px" disable-speak="true" type="click" value="to" string="to" font-size="110px" border-radius="20px" font-color="black" onEntry="this.lineHeight='1.2';this.fontWeight='700';">
                    </lido-text>
                    <lido-text visible="true" width="400px" height="136px" disable-speak="true" type="click" value="is" string="is" font-size="110px" border-radius="20px" font-color="black" onEntry="this.lineHeight='1.2';this.fontWeight='700';">
                    </lido-text>
                </lido-cell>
                <lido-cell layout="row" visible="true" width="100%" height="50%" bg-color="transparent" onEntry="this.lineHeight='1.2';this.justifyContent='space-around';">
                    
                    <lido-text visible="true" width="400px" height="136px" disable-speak="true" type="click" value="at" string="at" font-size="110px" border-radius="20px" font-color="black" onEntry="this.lineHeight='1.2';this.fontWeight='700';">
                    </lido-text>
                    <lido-text visible="true" width="400px" height="136px" disable-speak="true" type="click" value="on" string="on" font-size="110px" border-radius="20px" font-color="black" onEntry="this.lineHeight='1.2';this.fontWeight='700';">
                    </lido-text>
                    <lido-text visible="true" width="400px" height="136px" disable-speak="true" type="click" value="for" string="for" font-size="110px" border-radius="20px" font-color="black" onEntry="this.lineHeight='1.2';this.fontWeight='700';">
                    </lido-text>
                </lido-cell>
            </lido-cell>

        </lido-col>
    </lido-container>
</main>
<main>
    <lido-container disable-speak="true" id="lido-container" lang="en" objective="the" is-continue-on-correct="false" template-id="palLetterIdentification" bg-image="template-assets/bg-images/file-lryqqur3.png" onCorrect="lido-avatar.avatarAnimate='Success'; this.sleep='2000';" onInCorrect="lido-avatar.avatarAnimate='Fail';" onEntry="questionText.speak='true';" custom-style="#audioCell:active {   box-shadow: 0px 0px 0px !important;   transform: translateY(10px); }">
        <lido-col visible="true" width="100%" height="80%" bg-color="transparent" onEntry="this.lineHeight='1.2';this.alignItems='center'; this.justifyContent='center';">
            
            
            <lido-cell layout="pos" id="pos1" disable-edit="true" value="pos2" height="landscape.400px,portrait.402px" width="landscape.350px,portrait.398px" x="landscape.60%, portrait.28%" y="landscape.50px, portrait.77%" aria-hidden="true" z="1" bg-color="transparent" visible="true">
                <lido-avatar id="lido-avatar" disable-edit="true" visible="true" height="100%" width="100%" src="template-assets/images/file-f0k5dl7w.riv">
                </lido-avatar>
                <lido-image id="image" disableEdit="true" value="image" visible="true" src="template-assets/images/file-b3gpj1o6.png" bgColor="transparent" width="inherit" height="27px" x="0" y="330px">
                </lido-image>
            </lido-cell>

            
            <lido-text visible="true" id="questionText" width="405px" height="250px" tab-index="1" bg-color="#fff5bb" audio="game-assets/audio/file-c908bsf9.mp3" string="the" font-size="120px" border-radius="20px" font-color="black" onEntry="this.lineHeight='1.2';this.fontWeight='700'; this.border='#ffac4c 2px solid';">
            </lido-text>
            
            <lido-cell visible="false" id="audioCell" onTouch="questionText.speak='true';" layout="row" width="300px" height="300px" bg-color="white" border-radius="130px" onEntry="this.border='#ffac4c 2px solid'; this.boxShadow='0px 10.88px 0px #f34d08;';">
                <lido-image visible="true" bg-color="transparent" width="200px" height="200px" src="template-assets/images/file-6jjja41y.png" />
            </lido-cell>

            
            <lido-cell layout="col" visible="true" width="90%" height="50%" bg-color="transparent" padding="0" onEntry="this.lineHeight='1.2';this.justifyContent='center'; this.alignItems='center'; this.marginTop='20px';">
                <lido-cell layout="row" visible="true" width="70%" height="50%" bg-color="transparent" onEntry="this.lineHeight='1.2';this.justifyContent='space-around';">
                    
                    <lido-text visible="true" width="400px" height="136px" disable-speak="true" type="click" value="the" string="the" font-size="110px" border-radius="20px" font-color="black" onEntry="this.lineHeight='1.2';this.fontWeight='700';">
                    </lido-text>
                    <lido-text visible="true" width="400px" height="136px" disable-speak="true" type="click" value="in" string="in" font-size="110px" border-radius="20px" font-color="black" onEntry="this.lineHeight='1.2';this.fontWeight='700';">
                    </lido-text>
                </lido-cell>
                <lido-cell layout="row" visible="true" width="100%" height="50%" bg-color="transparent" onEntry="this.lineHeight='1.2';this.justifyContent='space-around';">
                    
                    <lido-text visible="true" width="400px" height="136px" disable-speak="true" type="click" value="it" string="it" font-size="110px" border-radius="20px" font-color="black" onEntry="this.lineHeight='1.2';this.fontWeight='700';">
                    </lido-text>
                    <lido-text visible="true" width="400px" height="136px" disable-speak="true" type="click" value="and" string="and" font-size="110px" border-radius="20px" font-color="black" onEntry="this.lineHeight='1.2';this.fontWeight='700';">
                    </lido-text>
                    <lido-text visible="true" width="400px" height="136px" disable-speak="true" type="click" value="is" string="is" font-size="110px" border-radius="20px" font-color="black" onEntry="this.lineHeight='1.2';this.fontWeight='700';">
                    </lido-text>
                </lido-cell>
            </lido-cell>

        </lido-col>
    </lido-container>
</main>
<main>
    <lido-container disable-speak="true" id="lido-container" lang="en" objective="you" is-continue-on-correct="false" template-id="palLetterIdentification" bg-image="template-assets/bg-images/file-lryqqur3.png" onCorrect="lido-avatar.avatarAnimate='Success'; this.sleep='2000';" onInCorrect="lido-avatar.avatarAnimate='Fail';" onEntry="questionText.speak='true';" custom-style="#audioCell:active {   box-shadow: 0px 0px 0px !important;   transform: translateY(10px); }">
        <lido-col visible="true" width="100%" height="80%" bg-color="transparent" onEntry="this.lineHeight='1.2';this.alignItems='center'; this.justifyContent='center';">
            
            
            <lido-cell layout="pos" id="pos1" disable-edit="true" value="pos2" height="landscape.400px,portrait.402px" width="landscape.350px,portrait.398px" x="landscape.60%, portrait.28%" y="landscape.50px, portrait.77%" aria-hidden="true" z="1" bg-color="transparent" visible="true">
                <lido-avatar id="lido-avatar" disable-edit="true" visible="true" height="100%" width="100%" src="template-assets/images/file-f0k5dl7w.riv">
                </lido-avatar>
                <lido-image id="image" disableEdit="true" value="image" visible="true" src="template-assets/images/file-b3gpj1o6.png" bgColor="transparent" width="inherit" height="27px" x="0" y="330px">
                </lido-image>
            </lido-cell>

            
            <lido-text visible="true" id="questionText" width="405px" height="250px" tab-index="1" bg-color="#fff5bb" audio="game-assets/audio/file-lv9kjwaf.mp3" string="you" font-size="120px" border-radius="20px" font-color="black" onEntry="this.lineHeight='1.2';this.fontWeight='700'; this.border='#ffac4c 2px solid';">
            </lido-text>
            
            <lido-cell visible="false" id="audioCell" onTouch="questionText.speak='true';" layout="row" width="300px" height="300px" bg-color="white" border-radius="130px" onEntry="this.border='#ffac4c 2px solid'; this.boxShadow='0px 10.88px 0px #f34d08;';">
                <lido-image visible="true" bg-color="transparent" width="200px" height="200px" src="template-assets/images/file-6jjja41y.png" />
            </lido-cell>

            
            <lido-cell layout="col" visible="true" width="90%" height="50%" bg-color="transparent" padding="0" onEntry="this.lineHeight='1.2';this.justifyContent='center'; this.alignItems='center'; this.marginTop='20px';">
                <lido-cell layout="row" visible="true" width="70%" height="50%" bg-color="transparent" onEntry="this.lineHeight='1.2';this.justifyContent='space-around';">
                    
                    <lido-text visible="true" width="400px" height="136px" disable-speak="true" type="click" value="you" string="you" font-size="110px" border-radius="20px" font-color="black" onEntry="this.lineHeight='1.2';this.fontWeight='700';">
                    </lido-text>
                    <lido-text visible="true" width="400px" height="136px" disable-speak="true" type="click" value="their" string="their" font-size="110px" border-radius="20px" font-color="black" onEntry="this.lineHeight='1.2';this.fontWeight='700';">
                    </lido-text>
                </lido-cell>
                <lido-cell layout="row" visible="true" width="100%" height="50%" bg-color="transparent" onEntry="this.lineHeight='1.2';this.justifyContent='space-around';">
                    
                    <lido-text visible="true" width="400px" height="136px" disable-speak="true" type="click" value="from" string="from" font-size="110px" border-radius="20px" font-color="black" onEntry="this.lineHeight='1.2';this.fontWeight='700';">
                    </lido-text>
                    <lido-text visible="true" width="400px" height="136px" disable-speak="true" type="click" value="this" string="this" font-size="110px" border-radius="20px" font-color="black" onEntry="this.lineHeight='1.2';this.fontWeight='700';">
                    </lido-text>
                    <lido-text visible="true" width="400px" height="136px" disable-speak="true" type="click" value="with" string="with" font-size="110px" border-radius="20px" font-color="black" onEntry="this.lineHeight='1.2';this.fontWeight='700';">
                    </lido-text>
                </lido-cell>
            </lido-cell>

        </lido-col>
    </lido-container>
</main>
<main>
    <lido-container disable-speak="true" id="lido-container" lang="en" objective="they" is-continue-on-correct="false" template-id="palLetterIdentification" bg-image="template-assets/bg-images/file-lryqqur3.png" onCorrect="lido-avatar.avatarAnimate='Success'; this.sleep='2000';" onInCorrect="lido-avatar.avatarAnimate='Fail';" onEntry="questionText.speak='true';" custom-style="#audioCell:active {   box-shadow: 0px 0px 0px !important;   transform: translateY(10px); }">
        <lido-col visible="true" width="100%" height="80%" bg-color="transparent" onEntry="this.lineHeight='1.2';this.alignItems='center'; this.justifyContent='center';">
            
            
            <lido-cell layout="pos" id="pos1" disable-edit="true" value="pos2" height="landscape.400px,portrait.402px" width="landscape.350px,portrait.398px" x="landscape.60%, portrait.28%" y="landscape.50px, portrait.77%" aria-hidden="true" z="1" bg-color="transparent" visible="true">
                <lido-avatar id="lido-avatar" disable-edit="true" visible="true" height="100%" width="100%" src="template-assets/images/file-f0k5dl7w.riv">
                </lido-avatar>
                <lido-image id="image" disableEdit="true" value="image" visible="true" src="template-assets/images/file-b3gpj1o6.png" bgColor="transparent" width="inherit" height="27px" x="0" y="330px">
                </lido-image>
            </lido-cell>

            
            <lido-text visible="true" id="questionText" width="405px" height="250px" tab-index="1" bg-color="#fff5bb" audio="game-assets/audio/file-1gx31bjf.mp3" string="they" font-size="120px" border-radius="20px" font-color="black" onEntry="this.lineHeight='1.2';this.fontWeight='700'; this.border='#ffac4c 2px solid';">
            </lido-text>
            
            <lido-cell visible="false" id="audioCell" onTouch="questionText.speak='true';" layout="row" width="300px" height="300px" bg-color="white" border-radius="130px" onEntry="this.border='#ffac4c 2px solid'; this.boxShadow='0px 10.88px 0px #f34d08;';">
                <lido-image visible="true" bg-color="transparent" width="200px" height="200px" src="template-assets/images/file-6jjja41y.png" />
            </lido-cell>

            
            <lido-cell layout="col" visible="true" width="90%" height="50%" bg-color="transparent" padding="0" onEntry="this.lineHeight='1.2';this.justifyContent='center'; this.alignItems='center'; this.marginTop='20px';">
                <lido-cell layout="row" visible="true" width="70%" height="50%" bg-color="transparent" onEntry="this.lineHeight='1.2';this.justifyContent='space-around';">
                    
                    <lido-text visible="true" width="400px" height="136px" disable-speak="true" type="click" value="they" string="they" font-size="110px" border-radius="20px" font-color="black" onEntry="this.lineHeight='1.2';this.fontWeight='700';">
                    </lido-text>
                    <lido-text visible="true" width="400px" height="136px" disable-speak="true" type="click" value="there" string="there" font-size="110px" border-radius="20px" font-color="black" onEntry="this.lineHeight='1.2';this.fontWeight='700';">
                    </lido-text>
                </lido-cell>
                <lido-cell layout="row" visible="true" width="100%" height="50%" bg-color="transparent" onEntry="this.lineHeight='1.2';this.justifyContent='space-around';">
                    
                    <lido-text visible="true" width="400px" height="136px" disable-speak="true" type="click" value="them" string="them" font-size="110px" border-radius="20px" font-color="black" onEntry="this.lineHeight='1.2';this.fontWeight='700';">
                    </lido-text>
                    <lido-text visible="true" width="400px" height="136px" disable-speak="true" type="click" value="their" string="their" font-size="110px" border-radius="20px" font-color="black" onEntry="this.lineHeight='1.2';this.fontWeight='700';">
                    </lido-text>
                    <lido-text visible="true" width="400px" height="136px" disable-speak="true" type="click" value="three" string="three" font-size="110px" border-radius="20px" font-color="black" onEntry="this.lineHeight='1.2';this.fontWeight='700';">
                    </lido-text>
                </lido-cell>
            </lido-cell>

        </lido-col>
    </lido-container>
</main>
<main>
    <lido-container disable-speak="true" id="lido-container" lang="en" objective="with" is-continue-on-correct="false" template-id="palLetterIdentification" bg-image="template-assets/bg-images/file-lryqqur3.png" onCorrect="lido-avatar.avatarAnimate='Success'; this.sleep='2000';" onInCorrect="lido-avatar.avatarAnimate='Fail';" onEntry="questionText.speak='true';" custom-style="#audioCell:active {   box-shadow: 0px 0px 0px !important;   transform: translateY(10px); }">
        <lido-col visible="true" width="100%" height="80%" bg-color="transparent" onEntry="this.lineHeight='1.2';this.alignItems='center'; this.justifyContent='center';">
            
            
            <lido-cell layout="pos" id="pos1" disable-edit="true" value="pos2" height="landscape.400px,portrait.402px" width="landscape.350px,portrait.398px" x="landscape.60%, portrait.28%" y="landscape.50px, portrait.77%" aria-hidden="true" z="1" bg-color="transparent" visible="true">
                <lido-avatar id="lido-avatar" disable-edit="true" visible="true" height="100%" width="100%" src="template-assets/images/file-f0k5dl7w.riv">
                </lido-avatar>
                <lido-image id="image" disableEdit="true" value="image" visible="true" src="template-assets/images/file-b3gpj1o6.png" bgColor="transparent" width="inherit" height="27px" x="0" y="330px">
                </lido-image>
            </lido-cell>

            
            <lido-text visible="true" id="questionText" width="405px" height="250px" tab-index="1" bg-color="#fff5bb" audio="game-assets/audio/file-dm3itzyr.mp3" string="with" font-size="120px" border-radius="20px" font-color="black" onEntry="this.lineHeight='1.2';this.fontWeight='700'; this.border='#ffac4c 2px solid';">
            </lido-text>
            
            <lido-cell visible="false" id="audioCell" onTouch="questionText.speak='true';" layout="row" width="300px" height="300px" bg-color="white" border-radius="130px" onEntry="this.border='#ffac4c 2px solid'; this.boxShadow='0px 10.88px 0px #f34d08;';">
                <lido-image visible="true" bg-color="transparent" width="200px" height="200px" src="template-assets/images/file-6jjja41y.png" />
            </lido-cell>

            
            <lido-cell layout="col" visible="true" width="90%" height="50%" bg-color="transparent" padding="0" onEntry="this.lineHeight='1.2';this.justifyContent='center'; this.alignItems='center'; this.marginTop='20px';">
                <lido-cell layout="row" visible="true" width="70%" height="50%" bg-color="transparent" onEntry="this.lineHeight='1.2';this.justifyContent='space-around';">
                    
                    <lido-text visible="true" width="400px" height="136px" disable-speak="true" type="click" value="then" string="then" font-size="110px" border-radius="20px" font-color="black" onEntry="this.lineHeight='1.2';this.fontWeight='700';">
                    </lido-text>
                    <lido-text visible="true" width="400px" height="136px" disable-speak="true" type="click" value="which" string="which" font-size="110px" border-radius="20px" font-color="black" onEntry="this.lineHeight='1.2';this.fontWeight='700';">
                    </lido-text>
                </lido-cell>
                <lido-cell layout="row" visible="true" width="100%" height="50%" bg-color="transparent" onEntry="this.lineHeight='1.2';this.justifyContent='space-around';">
                    
                    <lido-text visible="true" width="400px" height="136px" disable-speak="true" type="click" value="with" string="with" font-size="110px" border-radius="20px" font-color="black" onEntry="this.lineHeight='1.2';this.fontWeight='700';">
                    </lido-text>
                    <lido-text visible="true" width="400px" height="136px" disable-speak="true" type="click" value="that" string="that" font-size="110px" border-radius="20px" font-color="black" onEntry="this.lineHeight='1.2';this.fontWeight='700';">
                    </lido-text>
                    <lido-text visible="true" width="400px" height="136px" disable-speak="true" type="click" value="from" string="from" font-size="110px" border-radius="20px" font-color="black" onEntry="this.lineHeight='1.2';this.fontWeight='700';">
                    </lido-text>
                </lido-cell>
            </lido-cell>

        </lido-col>
    </lido-container>
</main>
<lido-container lang="en" disable-speak="true" visible="true" template-id="pictureWordMatchMultipleImages" id="lido-container" objective="apple,grape,onion,tiger,eagle" bg-image="template-assets/bg-images/file-itswrec9.png" onInCorrect="lido-avatar.avatarAnimate='Fail';this.sleep='2000';" onCorrect="lido-avatar.avatarAnimate='Success';this.sleep='2300';" is-continue-on-correct="false" is-allow-only-correct="false" onEntry="inst.speak='true';">

    
    <lido-cell layout="pos" id="pos1" disable-edit="true" value="pos2" height="landscape.344px,portrait.402px" width="landscape.296px,portrait.398px" x="landscape.84%, portrait.28%" y="landscape.61%, portrait.77%" aria-hidden="true" z="1" bg-color="transparent" visible="true">
        <lido-avatar id="lido-avatar" disable-edit="true" visible="true" height="100%" width="100%" src="template-assets/images/file-f0k5dl7w.riv" alt-text="">
        </lido-avatar>
    </lido-cell>

 

    <lido-cell visible="true" layout="col" height="85%" width="98%" bg-color="transparent" margin="61px 0px -58px 0px">
        <lido-cell layout="row" visible="true" height="270px" width="90%" bg-color="transparent">
            
                    <lido-image visible="true" height="261px" width="260px" src="game-assets/images/file-84qcwe0n.jpg" />
                

                    <lido-image visible="true" height="261px" width="260px" src="game-assets/images/file-c3hwfdrz.jpg" />
                

                    <lido-image visible="true" height="261px" width="260px" src="game-assets/images/file-8ayuikxs.jpg" />
                

                    <lido-image visible="true" height="261px" width="260px" src="game-assets/images/file-b0a564d7.jpg" />
                

                    <lido-image visible="true" height="261px" width="260px" src="game-assets/images/file-91xrv5z7.jpg" />
                
            </lido-cell>
        <lido-cell layout="row" visible="true" height="270px" width="90%" bg-color="transparent">
            
                <lido-text type="drop" is-allow-only-one-drop="true" value="apple" tab-index="8" id="drop1" visible="true" height="122px" width="225px" onEntry="this.lineHeight='1.2';this.border-radius='16px';" />
                

                <lido-text type="drop" is-allow-only-one-drop="true" value="grape" tab-index="9" id="drop2" visible="true" height="122px" width="225px" onEntry="this.lineHeight='1.2';this.border-radius='16px';" />
                

                <lido-text type="drop" is-allow-only-one-drop="true" value="onion" tab-index="10" id="drop3" visible="true" height="122px" width="225px" onEntry="this.lineHeight='1.2';this.border-radius='16px';" />
                

                <lido-text type="drop" is-allow-only-one-drop="true" value="tiger" tab-index="11" id="drop4" visible="true" height="122px" width="225px" onEntry="this.lineHeight='1.2';this.border-radius='16px';" />
                

                <lido-text type="drop" is-allow-only-one-drop="true" value="eagle" tab-index="12" id="drop5" visible="true" height="122px" width="225px" onEntry="this.lineHeight='1.2';this.border-radius='16px';" />
                
        </lido-cell>
        <lido-cell layout="row" visible="true" height="270px" width="81%" bg-color="transparent" onEntry="this.lineHeight='1.2';this.align-items='center';this.justify-content='space-around';this.position='relative';" x="-34px">
            
                
                <lido-text visible="true" height="122px" width="225px" type="drag" id="drag1" tab-index="2" string="tiger" value="tiger" font-family="'Baloo Bhai 2'" font-color="black" font-size="80px" bg-color="#FFAC4C" onEntry="this.lineHeight='1.2';this.font-weight='700';this.border-radius='16px';" />
   
                

                
                <lido-text visible="true" height="122px" width="225px" type="drag" id="drag2" tab-index="3" string="apple" value="apple" font-family="'Baloo Bhai 2'" font-color="black" font-size="80px" bg-color="#FFAC4C" onEntry="this.lineHeight='1.2';this.font-weight='700';this.border-radius='16px';" />
   
                

                
                <lido-text visible="true" height="122px" width="225px" type="drag" id="drag3" tab-index="4" string="eagle" value="eagle" font-family="'Baloo Bhai 2'" font-color="black" font-size="80px" bg-color="#FFAC4C" onEntry="this.lineHeight='1.2';this.font-weight='700';this.border-radius='16px';" />
   
                

                
                <lido-text visible="true" height="122px" width="225px" type="drag" id="drag4" tab-index="5" string="grape" value="grape" font-family="'Baloo Bhai 2'" font-color="black" font-size="80px" bg-color="#FFAC4C" onEntry="this.lineHeight='1.2';this.font-weight='700';this.border-radius='16px';" />
   
                

                
                <lido-text visible="true" height="122px" width="225px" type="drag" id="drag5" tab-index="6" string="onion" value="onion" font-family="'Baloo Bhai 2'" font-color="black" font-size="80px" bg-color="#FFAC4C" onEntry="this.lineHeight='1.2';this.font-weight='700';this.border-radius='16px';" />
   
                
        </lido-cell>
    </lido-cell>

</lido-container>
        
<lido-container lang="en" disable-speak="true" visible="true" template-id="pictureWordMatchSingleImage" id="lido-container" objective="school" bg-image="template-assets/bg-images/file-itswrec9.png" onInCorrect="lido-avatar.avatarAnimate='Fail';this.sleep='2000';" onCorrect="lido-avatar.avatarAnimate='Success';this.sleep='2300';" is-continue-on-correct="false" is-allow-only-correct="false" onEntry="inst.speak='true';">

    
    <lido-cell layout="pos" id="pos1" disable-edit="true" value="pos2" height="landscape.344px,portrait.402px" width="landscape.296px,portrait.398px" x="landscape.84%, portrait.28%" y="landscape.61%, portrait.77%" aria-hidden="true" z="1" bg-color="transparent" visible="true">
        <lido-avatar id="lido-avatar" disable-edit="true" visible="true" height="100%" width="100%" src="template-assets/images/file-f0k5dl7w.riv" alt-text="">
        </lido-avatar>
    </lido-cell>

 

    <lido-cell visible="true" layout="col" height="85%" width="98%" bg-color="transparent" margin="61px 0px -58px 0px">
        <lido-cell layout="row" visible="true" height="335px" width="90%" bg-color="transparent">
            <lido-image visible="true" height="330px" width="330px" src="game-assets/images/file-gjfumila.jpg" />
            </lido-cell>
        <lido-cell layout="row" visible="true" height="270px" width="90%" bg-color="transparent">
            
            <lido-text type="drop" is-allow-only-one-drop="true" value="school" tab-index="8" id="drop1" visible="true" height="122px" width="225px" onEntry="this.lineHeight='1.2';this.border-radius='16px';" />
            
        </lido-cell>
        <lido-cell layout="row" visible="true" height="270px" width="81%" bg-color="transparent" onEntry="this.lineHeight='1.2';this.align-items='center';this.justify-content='space-around';this.position='relative';" x="-34px">
            
                
                <lido-text visible="true" disable-speak="true" height="122px" width="225px" type="drag" id="drag1" tab-index="2" string="school" value="school" font-family="'Baloo Bhai 2'" font-color="black" font-size="80px" bg-color="#FFAC4C" onEntry="this.lineHeight='1.2';this.font-weight='700';this.border-radius='16px';" />

                

                
                <lido-text visible="true" disable-speak="true" height="122px" width="225px" type="drag" id="drag2" tab-index="3" string="teacher" value="teacher" font-family="'Baloo Bhai 2'" font-color="black" font-size="80px" bg-color="#FFAC4C" onEntry="this.lineHeight='1.2';this.font-weight='700';this.border-radius='16px';" />

                

                
                <lido-text visible="true" disable-speak="true" height="122px" width="225px" type="drag" id="drag3" tab-index="4" string="family" value="family" font-family="'Baloo Bhai 2'" font-color="black" font-size="80px" bg-color="#FFAC4C" onEntry="this.lineHeight='1.2';this.font-weight='700';this.border-radius='16px';" />

                

                
                <lido-text visible="true" disable-speak="true" height="122px" width="225px" type="drag" id="drag4" tab-index="5" string="house" value="house" font-family="'Baloo Bhai 2'" font-color="black" font-size="80px" bg-color="#FFAC4C" onEntry="this.lineHeight='1.2';this.font-weight='700';this.border-radius='16px';" />

                

                
                <lido-text visible="true" disable-speak="true" height="122px" width="225px" type="drag" id="drag5" tab-index="6" string="friend" value="friend" font-family="'Baloo Bhai 2'" font-color="black" font-size="80px" bg-color="#FFAC4C" onEntry="this.lineHeight='1.2';this.font-weight='700';this.border-radius='16px';" />

                
        </lido-cell>
    </lido-cell>

</lido-container>
        
<lido-container lang="en" disable-speak="true" visible="true" template-id="pictureWordMatchSingleImage" id="lido-container" objective="mother" bg-image="template-assets/bg-images/file-itswrec9.png" onInCorrect="lido-avatar.avatarAnimate='Fail';this.sleep='2000';" onCorrect="lido-avatar.avatarAnimate='Success';this.sleep='2300';" is-continue-on-correct="false" is-allow-only-correct="false" onEntry="inst.speak='true';">

    
    <lido-cell layout="pos" id="pos1" disable-edit="true" value="pos2" height="landscape.344px,portrait.402px" width="landscape.296px,portrait.398px" x="landscape.84%, portrait.28%" y="landscape.61%, portrait.77%" aria-hidden="true" z="1" bg-color="transparent" visible="true">
        <lido-avatar id="lido-avatar" disable-edit="true" visible="true" height="100%" width="100%" src="template-assets/images/file-f0k5dl7w.riv" alt-text="">
        </lido-avatar>
    </lido-cell>

 

    <lido-cell visible="true" layout="col" height="85%" width="98%" bg-color="transparent" margin="61px 0px -58px 0px">
        <lido-cell layout="row" visible="true" height="335px" width="90%" bg-color="transparent">
            <lido-image visible="true" height="330px" width="330px" src="game-assets/images/file-pe1xp1xc.jpg" />
            </lido-cell>
        <lido-cell layout="row" visible="true" height="270px" width="90%" bg-color="transparent">
            
            <lido-text type="drop" is-allow-only-one-drop="true" value="mother" tab-index="8" id="drop1" visible="true" height="122px" width="225px" onEntry="this.lineHeight='1.2';this.border-radius='16px';" />
            
        </lido-cell>
        <lido-cell layout="row" visible="true" height="270px" width="81%" bg-color="transparent" onEntry="this.lineHeight='1.2';this.align-items='center';this.justify-content='space-around';this.position='relative';" x="-34px">
            
                
                <lido-text visible="true" disable-speak="true" height="122px" width="225px" type="drag" id="drag1" tab-index="2" string="brother" value="brother" font-family="'Baloo Bhai 2'" font-color="black" font-size="80px" bg-color="#FFAC4C" onEntry="this.lineHeight='1.2';this.font-weight='700';this.border-radius='16px';" />

                

                
                <lido-text visible="true" disable-speak="true" height="122px" width="225px" type="drag" id="drag2" tab-index="3" string="father" value="father" font-family="'Baloo Bhai 2'" font-color="black" font-size="80px" bg-color="#FFAC4C" onEntry="this.lineHeight='1.2';this.font-weight='700';this.border-radius='16px';" />

                

                
                <lido-text visible="true" disable-speak="true" height="122px" width="225px" type="drag" id="drag3" tab-index="4" string="mother" value="mother" font-family="'Baloo Bhai 2'" font-color="black" font-size="80px" bg-color="#FFAC4C" onEntry="this.lineHeight='1.2';this.font-weight='700';this.border-radius='16px';" />

                

                
                <lido-text visible="true" disable-speak="true" height="122px" width="225px" type="drag" id="drag4" tab-index="5" string="uncle" value="uncle" font-family="'Baloo Bhai 2'" font-color="black" font-size="80px" bg-color="#FFAC4C" onEntry="this.lineHeight='1.2';this.font-weight='700';this.border-radius='16px';" />

                

                
                <lido-text visible="true" disable-speak="true" height="122px" width="225px" type="drag" id="drag5" tab-index="6" string="freind" value="freind" font-family="'Baloo Bhai 2'" font-color="black" font-size="80px" bg-color="#FFAC4C" onEntry="this.lineHeight='1.2';this.font-weight='700';this.border-radius='16px';" />

                
        </lido-cell>
    </lido-cell>

</lido-container>
        
<lido-container lang="en" disable-speak="true" visible="true" template-id="pictureWordMatchSingleImage" id="lido-container" objective="pencil" bg-image="template-assets/bg-images/file-itswrec9.png" onInCorrect="lido-avatar.avatarAnimate='Fail';this.sleep='2000';" onCorrect="lido-avatar.avatarAnimate='Success';this.sleep='2300';" is-continue-on-correct="false" is-allow-only-correct="false" onEntry="inst.speak='true';">

    
    <lido-cell layout="pos" id="pos1" disable-edit="true" value="pos2" height="landscape.344px,portrait.402px" width="landscape.296px,portrait.398px" x="landscape.84%, portrait.28%" y="landscape.61%, portrait.77%" aria-hidden="true" z="1" bg-color="transparent" visible="true">
        <lido-avatar id="lido-avatar" disable-edit="true" visible="true" height="100%" width="100%" src="template-assets/images/file-f0k5dl7w.riv" alt-text="">
        </lido-avatar>
    </lido-cell>

 

    <lido-cell visible="true" layout="col" height="85%" width="98%" bg-color="transparent" margin="61px 0px -58px 0px">
        <lido-cell layout="row" visible="true" height="335px" width="90%" bg-color="transparent">
            <lido-image visible="true" height="330px" width="330px" src="game-assets/images/file-4obzvw4w.jpg" />
            </lido-cell>
        <lido-cell layout="row" visible="true" height="270px" width="90%" bg-color="transparent">
            
            <lido-text type="drop" is-allow-only-one-drop="true" value="pencil" tab-index="8" id="drop1" visible="true" height="122px" width="225px" onEntry="this.lineHeight='1.2';this.border-radius='16px';" />
            
        </lido-cell>
        <lido-cell layout="row" visible="true" height="270px" width="81%" bg-color="transparent" onEntry="this.lineHeight='1.2';this.align-items='center';this.justify-content='space-around';this.position='relative';" x="-34px">
            
                
                <lido-text visible="true" disable-speak="true" height="122px" width="225px" type="drag" id="drag1" tab-index="2" string="evening" value="evening" font-family="'Baloo Bhai 2'" font-color="black" font-size="80px" bg-color="#FFAC4C" onEntry="this.lineHeight='1.2';this.font-weight='700';this.border-radius='16px';" />

                

                
                <lido-text visible="true" disable-speak="true" height="122px" width="225px" type="drag" id="drag2" tab-index="3" string="school" value="school" font-family="'Baloo Bhai 2'" font-color="black" font-size="80px" bg-color="#FFAC4C" onEntry="this.lineHeight='1.2';this.font-weight='700';this.border-radius='16px';" />

                

                
                <lido-text visible="true" disable-speak="true" height="122px" width="225px" type="drag" id="drag3" tab-index="4" string="eraser" value="eraser" font-family="'Baloo Bhai 2'" font-color="black" font-size="80px" bg-color="#FFAC4C" onEntry="this.lineHeight='1.2';this.font-weight='700';this.border-radius='16px';" />

                

                
                <lido-text visible="true" disable-speak="true" height="122px" width="225px" type="drag" id="drag4" tab-index="5" string="pencil" value="pencil" font-family="'Baloo Bhai 2'" font-color="black" font-size="80px" bg-color="#FFAC4C" onEntry="this.lineHeight='1.2';this.font-weight='700';this.border-radius='16px';" />

                

                
                <lido-text visible="true" disable-speak="true" height="122px" width="225px" type="drag" id="drag5" tab-index="6" string="morning" value="morning" font-family="'Baloo Bhai 2'" font-color="black" font-size="80px" bg-color="#FFAC4C" onEntry="this.lineHeight='1.2';this.font-weight='700';this.border-radius='16px';" />

                
        </lido-cell>
    </lido-cell>

</lido-container>
        
<lido-container lang="en" disable-speak="true" visible="true" template-id="pictureWordMatchSingleImage" id="lido-container" objective="elephant" bg-image="template-assets/bg-images/file-itswrec9.png" onInCorrect="lido-avatar.avatarAnimate='Fail';this.sleep='2000';" onCorrect="lido-avatar.avatarAnimate='Success';this.sleep='2300';" is-continue-on-correct="false" is-allow-only-correct="false" onEntry="inst.speak='true';">

    
    <lido-cell layout="pos" id="pos1" disable-edit="true" value="pos2" height="landscape.344px,portrait.402px" width="landscape.296px,portrait.398px" x="landscape.84%, portrait.28%" y="landscape.61%, portrait.77%" aria-hidden="true" z="1" bg-color="transparent" visible="true">
        <lido-avatar id="lido-avatar" disable-edit="true" visible="true" height="100%" width="100%" src="template-assets/images/file-f0k5dl7w.riv" alt-text="">
        </lido-avatar>
    </lido-cell>

 

    <lido-cell visible="true" layout="col" height="85%" width="98%" bg-color="transparent" margin="61px 0px -58px 0px">
        <lido-cell layout="row" visible="true" height="335px" width="90%" bg-color="transparent">
            <lido-image visible="true" height="330px" width="330px" src="game-assets/images/file-2wkkiop8.jpg" />
            </lido-cell>
        <lido-cell layout="row" visible="true" height="270px" width="90%" bg-color="transparent">
            
            <lido-text type="drop" is-allow-only-one-drop="true" value="elephant" tab-index="8" id="drop1" visible="true" height="122px" width="225px" onEntry="this.lineHeight='1.2';this.border-radius='16px';" />
            
        </lido-cell>
        <lido-cell layout="row" visible="true" height="270px" width="81%" bg-color="transparent" onEntry="this.lineHeight='1.2';this.align-items='center';this.justify-content='space-around';this.position='relative';" x="-34px">
            
                
                <lido-text visible="true" disable-speak="true" height="122px" width="225px" type="drag" id="drag1" tab-index="2" string="mango" value="mango" font-family="'Baloo Bhai 2'" font-color="black" font-size="80px" bg-color="#FFAC4C" onEntry="this.lineHeight='1.2';this.font-weight='700';this.border-radius='16px';" />

                

                
                <lido-text visible="true" disable-speak="true" height="122px" width="225px" type="drag" id="drag2" tab-index="3" string="fruit" value="fruit" font-family="'Baloo Bhai 2'" font-color="black" font-size="80px" bg-color="#FFAC4C" onEntry="this.lineHeight='1.2';this.font-weight='700';this.border-radius='16px';" />

                

                
                <lido-text visible="true" disable-speak="true" height="122px" width="225px" type="drag" id="drag3" tab-index="4" string="apple" value="apple" font-family="'Baloo Bhai 2'" font-color="black" font-size="80px" bg-color="#FFAC4C" onEntry="this.lineHeight='1.2';this.font-weight='700';this.border-radius='16px';" />

                

                
                <lido-text visible="true" disable-speak="true" height="122px" width="225px" type="drag" id="drag4" tab-index="5" string="flower" value="flower" font-family="'Baloo Bhai 2'" font-color="black" font-size="80px" bg-color="#FFAC4C" onEntry="this.lineHeight='1.2';this.font-weight='700';this.border-radius='16px';" />

                

                
                <lido-text visible="true" disable-speak="true" height="122px" width="225px" type="drag" id="drag5" tab-index="6" string="elephant" value="elephant" font-family="'Baloo Bhai 2'" font-color="black" font-size="80px" bg-color="#FFAC4C" onEntry="this.lineHeight='1.2';this.font-weight='700';this.border-radius='16px';" />

                
        </lido-cell>
    </lido-cell>

</lido-container>
        
<lido-container lang="en" disable-speak="true" visible="true" template-id="pictureWordMatchSingleImage" id="lido-container" objective="teacher" bg-image="template-assets/bg-images/file-itswrec9.png" onInCorrect="lido-avatar.avatarAnimate='Fail';this.sleep='2000';" onCorrect="lido-avatar.avatarAnimate='Success';this.sleep='2300';" is-continue-on-correct="false" is-allow-only-correct="false" onEntry="inst.speak='true';">

    
    <lido-cell layout="pos" id="pos1" disable-edit="true" value="pos2" height="landscape.344px,portrait.402px" width="landscape.296px,portrait.398px" x="landscape.84%, portrait.28%" y="landscape.61%, portrait.77%" aria-hidden="true" z="1" bg-color="transparent" visible="true">
        <lido-avatar id="lido-avatar" disable-edit="true" visible="true" height="100%" width="100%" src="template-assets/images/file-f0k5dl7w.riv" alt-text="">
        </lido-avatar>
    </lido-cell>

 

    <lido-cell visible="true" layout="col" height="85%" width="98%" bg-color="transparent" margin="61px 0px -58px 0px">
        <lido-cell layout="row" visible="true" height="335px" width="90%" bg-color="transparent">
            <lido-image visible="true" height="330px" width="330px" src="game-assets/images/file-lypxzm04.jpg" />
            </lido-cell>
        <lido-cell layout="row" visible="true" height="270px" width="90%" bg-color="transparent">
            
            <lido-text type="drop" is-allow-only-one-drop="true" value="teacher" tab-index="8" id="drop1" visible="true" height="122px" width="225px" onEntry="this.lineHeight='1.2';this.border-radius='16px';" />
            
        </lido-cell>
        <lido-cell layout="row" visible="true" height="270px" width="81%" bg-color="transparent" onEntry="this.lineHeight='1.2';this.align-items='center';this.justify-content='space-around';this.position='relative';" x="-34px">
            
                
                <lido-text visible="true" disable-speak="true" height="122px" width="225px" type="drag" id="drag1" tab-index="2" string="farmer" value="farmer" font-family="'Baloo Bhai 2'" font-color="black" font-size="80px" bg-color="#FFAC4C" onEntry="this.lineHeight='1.2';this.font-weight='700';this.border-radius='16px';" />

                

                
                <lido-text visible="true" disable-speak="true" height="122px" width="225px" type="drag" id="drag2" tab-index="3" string="teacher" value="teacher" font-family="'Baloo Bhai 2'" font-color="black" font-size="80px" bg-color="#FFAC4C" onEntry="this.lineHeight='1.2';this.font-weight='700';this.border-radius='16px';" />

                

                
                <lido-text visible="true" disable-speak="true" height="122px" width="225px" type="drag" id="drag3" tab-index="4" string="children" value="children" font-family="'Baloo Bhai 2'" font-color="black" font-size="80px" bg-color="#FFAC4C" onEntry="this.lineHeight='1.2';this.font-weight='700';this.border-radius='16px';" />

                

                
                <lido-text visible="true" disable-speak="true" height="122px" width="225px" type="drag" id="drag4" tab-index="5" string="cricket" value="cricket" font-family="'Baloo Bhai 2'" font-color="black" font-size="80px" bg-color="#FFAC4C" onEntry="this.lineHeight='1.2';this.font-weight='700';this.border-radius='16px';" />

                

                
                <lido-text visible="true" disable-speak="true" height="122px" width="225px" type="drag" id="drag5" tab-index="6" string="bullock" value="bullock" font-family="'Baloo Bhai 2'" font-color="black" font-size="80px" bg-color="#FFAC4C" onEntry="this.lineHeight='1.2';this.font-weight='700';this.border-radius='16px';" />

                
        </lido-cell>
    </lido-cell>

</lido-container>
        
<main>
    <lido-container disable-speak="true" id="lido-container" lang="en" objective="butterfly" is-continue-on-correct="false" template-id="palLetterIdentification" bg-image="template-assets/bg-images/file-lryqqur3.png" onCorrect="lido-avatar.avatarAnimate='Success'; this.sleep='2000';" onInCorrect="lido-avatar.avatarAnimate='Fail';" onEntry="questionText.speak='true';" custom-style="#audioCell:active {   box-shadow: 0px 0px 0px !important;   transform: translateY(10px); }">
        <lido-col visible="true" width="100%" height="80%" bg-color="transparent" onEntry="this.lineHeight='1.2';this.alignItems='center'; this.justifyContent='center';">
            
            
            <lido-cell layout="pos" id="pos1" disable-edit="true" value="pos2" height="landscape.400px,portrait.402px" width="landscape.350px,portrait.398px" x="landscape.60%, portrait.28%" y="landscape.50px, portrait.77%" aria-hidden="true" z="1" bg-color="transparent" visible="true">
                <lido-avatar id="lido-avatar" disable-edit="true" visible="true" height="100%" width="100%" src="template-assets/images/file-f0k5dl7w.riv">
                </lido-avatar>
                <lido-image id="image" disableEdit="true" value="image" visible="true" src="template-assets/images/file-b3gpj1o6.png" bgColor="transparent" width="inherit" height="27px" x="0" y="330px">
                </lido-image>
            </lido-cell>

            
            <lido-text visible="true" id="questionText" width="405px" height="250px" tab-index="1" bg-color="#fff5bb" audio="game-assets/audio/file-yhsl1e9n.mp3" string="butterfly" font-size="120px" border-radius="20px" font-color="black" onEntry="this.lineHeight='1.2';this.fontWeight='700'; this.border='#ffac4c 2px solid';">
            </lido-text>
            
            <lido-cell visible="false" id="audioCell" onTouch="questionText.speak='true';" layout="row" width="300px" height="300px" bg-color="white" border-radius="130px" onEntry="this.border='#ffac4c 2px solid'; this.boxShadow='0px 10.88px 0px #f34d08;';">
                <lido-image visible="true" bg-color="transparent" width="200px" height="200px" src="template-assets/images/file-6jjja41y.png" />
            </lido-cell>

            
            <lido-cell layout="col" visible="true" width="90%" height="50%" bg-color="transparent" padding="0" onEntry="this.lineHeight='1.2';this.justifyContent='center'; this.alignItems='center'; this.marginTop='20px';">
                <lido-cell layout="row" visible="true" width="70%" height="50%" bg-color="transparent" onEntry="this.lineHeight='1.2';this.justifyContent='space-around';">
                    
                    <lido-text visible="true" width="400px" height="136px" disable-speak="true" type="click" value="rainbow" string="rainbow" font-size="110px" border-radius="20px" font-color="black" onEntry="this.lineHeight='1.2';this.fontWeight='700';">
                    </lido-text>
                    <lido-text visible="true" width="400px" height="136px" disable-speak="true" type="click" value="sunflower" string="sunflower" font-size="110px" border-radius="20px" font-color="black" onEntry="this.lineHeight='1.2';this.fontWeight='700';">
                    </lido-text>
                </lido-cell>
                <lido-cell layout="row" visible="true" width="100%" height="50%" bg-color="transparent" onEntry="this.lineHeight='1.2';this.justifyContent='space-around';">
                    
                    <lido-text visible="true" width="400px" height="136px" disable-speak="true" type="click" value="butterfly" string="butterfly" font-size="110px" border-radius="20px" font-color="black" onEntry="this.lineHeight='1.2';this.fontWeight='700';">
                    </lido-text>
                    <lido-text visible="true" width="400px" height="136px" disable-speak="true" type="click" value="sandcastle" string="sandcastle" font-size="110px" border-radius="20px" font-color="black" onEntry="this.lineHeight='1.2';this.fontWeight='700';">
                    </lido-text>
                    <lido-text visible="true" width="400px" height="136px" disable-speak="true" type="click" value="playground" string="playground" font-size="110px" border-radius="20px" font-color="black" onEntry="this.lineHeight='1.2';this.fontWeight='700';">
                    </lido-text>
                </lido-cell>
            </lido-cell>

        </lido-col>
    </lido-container>
</main>
<main>
    <lido-container disable-speak="true" id="lido-container" lang="en" objective="toothbrush" is-continue-on-correct="false" template-id="palLetterIdentification" bg-image="template-assets/bg-images/file-lryqqur3.png" onCorrect="lido-avatar.avatarAnimate='Success'; this.sleep='2000';" onInCorrect="lido-avatar.avatarAnimate='Fail';" onEntry="questionText.speak='true';" custom-style="#audioCell:active {   box-shadow: 0px 0px 0px !important;   transform: translateY(10px); }">
        <lido-col visible="true" width="100%" height="80%" bg-color="transparent" onEntry="this.lineHeight='1.2';this.alignItems='center'; this.justifyContent='center';">
            
            
            <lido-cell layout="pos" id="pos1" disable-edit="true" value="pos2" height="landscape.400px,portrait.402px" width="landscape.350px,portrait.398px" x="landscape.60%, portrait.28%" y="landscape.50px, portrait.77%" aria-hidden="true" z="1" bg-color="transparent" visible="true">
                <lido-avatar id="lido-avatar" disable-edit="true" visible="true" height="100%" width="100%" src="template-assets/images/file-f0k5dl7w.riv">
                </lido-avatar>
                <lido-image id="image" disableEdit="true" value="image" visible="true" src="template-assets/images/file-b3gpj1o6.png" bgColor="transparent" width="inherit" height="27px" x="0" y="330px">
                </lido-image>
            </lido-cell>

            
            <lido-text visible="true" id="questionText" width="405px" height="250px" tab-index="1" bg-color="#fff5bb" audio="game-assets/audio/file-a9hnbd2p.mp3" string="toothbrush" font-size="120px" border-radius="20px" font-color="black" onEntry="this.lineHeight='1.2';this.fontWeight='700'; this.border='#ffac4c 2px solid';">
            </lido-text>
            
            <lido-cell visible="false" id="audioCell" onTouch="questionText.speak='true';" layout="row" width="300px" height="300px" bg-color="white" border-radius="130px" onEntry="this.border='#ffac4c 2px solid'; this.boxShadow='0px 10.88px 0px #f34d08;';">
                <lido-image visible="true" bg-color="transparent" width="200px" height="200px" src="template-assets/images/file-6jjja41y.png" />
            </lido-cell>

            
            <lido-cell layout="col" visible="true" width="90%" height="50%" bg-color="transparent" padding="0" onEntry="this.lineHeight='1.2';this.justifyContent='center'; this.alignItems='center'; this.marginTop='20px';">
                <lido-cell layout="row" visible="true" width="70%" height="50%" bg-color="transparent" onEntry="this.lineHeight='1.2';this.justifyContent='space-around';">
                    
                    <lido-text visible="true" width="400px" height="136px" disable-speak="true" type="click" value="toothbrush" string="toothbrush" font-size="110px" border-radius="20px" font-color="black" onEntry="this.lineHeight='1.2';this.fontWeight='700';">
                    </lido-text>
                    <lido-text visible="true" width="400px" height="136px" disable-speak="true" type="click" value="football" string="football" font-size="110px" border-radius="20px" font-color="black" onEntry="this.lineHeight='1.2';this.fontWeight='700';">
                    </lido-text>
                </lido-cell>
                <lido-cell layout="row" visible="true" width="100%" height="50%" bg-color="transparent" onEntry="this.lineHeight='1.2';this.justifyContent='space-around';">
                    
                    <lido-text visible="true" width="400px" height="136px" disable-speak="true" type="click" value="homework" string="homework" font-size="110px" border-radius="20px" font-color="black" onEntry="this.lineHeight='1.2';this.fontWeight='700';">
                    </lido-text>
                    <lido-text visible="true" width="400px" height="136px" disable-speak="true" type="click" value="classroom" string="classroom" font-size="110px" border-radius="20px" font-color="black" onEntry="this.lineHeight='1.2';this.fontWeight='700';">
                    </lido-text>
                    <lido-text visible="true" width="400px" height="136px" disable-speak="true" type="click" value="bookcase" string="bookcase" font-size="110px" border-radius="20px" font-color="black" onEntry="this.lineHeight='1.2';this.fontWeight='700';">
                    </lido-text>
                </lido-cell>
            </lido-cell>

        </lido-col>
    </lido-container>
</main>
<main>
    <lido-container disable-speak="true" id="lido-container" lang="en" objective="popcorn" is-continue-on-correct="false" template-id="palLetterIdentification" bg-image="template-assets/bg-images/file-lryqqur3.png" onCorrect="lido-avatar.avatarAnimate='Success'; this.sleep='2000';" onInCorrect="lido-avatar.avatarAnimate='Fail';" onEntry="questionText.speak='true';" custom-style="#audioCell:active {   box-shadow: 0px 0px 0px !important;   transform: translateY(10px); }">
        <lido-col visible="true" width="100%" height="80%" bg-color="transparent" onEntry="this.lineHeight='1.2';this.alignItems='center'; this.justifyContent='center';">
            
            
            <lido-cell layout="pos" id="pos1" disable-edit="true" value="pos2" height="landscape.400px,portrait.402px" width="landscape.350px,portrait.398px" x="landscape.60%, portrait.28%" y="landscape.50px, portrait.77%" aria-hidden="true" z="1" bg-color="transparent" visible="true">
                <lido-avatar id="lido-avatar" disable-edit="true" visible="true" height="100%" width="100%" src="template-assets/images/file-f0k5dl7w.riv">
                </lido-avatar>
                <lido-image id="image" disableEdit="true" value="image" visible="true" src="template-assets/images/file-b3gpj1o6.png" bgColor="transparent" width="inherit" height="27px" x="0" y="330px">
                </lido-image>
            </lido-cell>

            
            <lido-text visible="true" id="questionText" width="405px" height="250px" tab-index="1" bg-color="#fff5bb" audio="game-assets/audio/file-o84wwhic.mp3" string="popcorn" font-size="120px" border-radius="20px" font-color="black" onEntry="this.lineHeight='1.2';this.fontWeight='700'; this.border='#ffac4c 2px solid';">
            </lido-text>
            
            <lido-cell visible="false" id="audioCell" onTouch="questionText.speak='true';" layout="row" width="300px" height="300px" bg-color="white" border-radius="130px" onEntry="this.border='#ffac4c 2px solid'; this.boxShadow='0px 10.88px 0px #f34d08;';">
                <lido-image visible="true" bg-color="transparent" width="200px" height="200px" src="template-assets/images/file-6jjja41y.png" />
            </lido-cell>

            
            <lido-cell layout="col" visible="true" width="90%" height="50%" bg-color="transparent" padding="0" onEntry="this.lineHeight='1.2';this.justifyContent='center'; this.alignItems='center'; this.marginTop='20px';">
                <lido-cell layout="row" visible="true" width="70%" height="50%" bg-color="transparent" onEntry="this.lineHeight='1.2';this.justifyContent='space-around';">
                    
                    <lido-text visible="true" width="400px" height="136px" disable-speak="true" type="click" value="popcorn" string="popcorn" font-size="110px" border-radius="20px" font-color="black" onEntry="this.lineHeight='1.2';this.fontWeight='700';">
                    </lido-text>
                    <lido-text visible="true" width="400px" height="136px" disable-speak="true" type="click" value="notebook" string="notebook" font-size="110px" border-radius="20px" font-color="black" onEntry="this.lineHeight='1.2';this.fontWeight='700';">
                    </lido-text>
                </lido-cell>
                <lido-cell layout="row" visible="true" width="100%" height="50%" bg-color="transparent" onEntry="this.lineHeight='1.2';this.justifyContent='space-around';">
                    
                    <lido-text visible="true" width="400px" height="136px" disable-speak="true" type="click" value="mailbox" string="mailbox" font-size="110px" border-radius="20px" font-color="black" onEntry="this.lineHeight='1.2';this.fontWeight='700';">
                    </lido-text>
                    <lido-text visible="true" width="400px" height="136px" disable-speak="true" type="click" value="firefly" string="firefly" font-size="110px" border-radius="20px" font-color="black" onEntry="this.lineHeight='1.2';this.fontWeight='700';">
                    </lido-text>
                    <lido-text visible="true" width="400px" height="136px" disable-speak="true" type="click" value="birthday" string="birthday" font-size="110px" border-radius="20px" font-color="black" onEntry="this.lineHeight='1.2';this.fontWeight='700';">
                    </lido-text>
                </lido-cell>
            </lido-cell>

        </lido-col>
    </lido-container>
</main>
<main>
    <lido-container disable-speak="true" id="lido-container" lang="en" objective="dustbin" is-continue-on-correct="false" template-id="palLetterIdentification" bg-image="template-assets/bg-images/file-lryqqur3.png" onCorrect="lido-avatar.avatarAnimate='Success'; this.sleep='2000';" onInCorrect="lido-avatar.avatarAnimate='Fail';" onEntry="questionText.speak='true';" custom-style="#audioCell:active {   box-shadow: 0px 0px 0px !important;   transform: translateY(10px); }">
        <lido-col visible="true" width="100%" height="80%" bg-color="transparent" onEntry="this.lineHeight='1.2';this.alignItems='center'; this.justifyContent='center';">
            
            
            <lido-cell layout="pos" id="pos1" disable-edit="true" value="pos2" height="landscape.400px,portrait.402px" width="landscape.350px,portrait.398px" x="landscape.60%, portrait.28%" y="landscape.50px, portrait.77%" aria-hidden="true" z="1" bg-color="transparent" visible="true">
                <lido-avatar id="lido-avatar" disable-edit="true" visible="true" height="100%" width="100%" src="template-assets/images/file-f0k5dl7w.riv">
                </lido-avatar>
                <lido-image id="image" disableEdit="true" value="image" visible="true" src="template-assets/images/file-b3gpj1o6.png" bgColor="transparent" width="inherit" height="27px" x="0" y="330px">
                </lido-image>
            </lido-cell>

            
            <lido-text visible="true" id="questionText" width="405px" height="250px" tab-index="1" bg-color="#fff5bb" audio="game-assets/audio/file-7bgsiwor.mp3" string="dustbin" font-size="120px" border-radius="20px" font-color="black" onEntry="this.lineHeight='1.2';this.fontWeight='700'; this.border='#ffac4c 2px solid';">
            </lido-text>
            
            <lido-cell visible="false" id="audioCell" onTouch="questionText.speak='true';" layout="row" width="300px" height="300px" bg-color="white" border-radius="130px" onEntry="this.border='#ffac4c 2px solid'; this.boxShadow='0px 10.88px 0px #f34d08;';">
                <lido-image visible="true" bg-color="transparent" width="200px" height="200px" src="template-assets/images/file-6jjja41y.png" />
            </lido-cell>

            
            <lido-cell layout="col" visible="true" width="90%" height="50%" bg-color="transparent" padding="0" onEntry="this.lineHeight='1.2';this.justifyContent='center'; this.alignItems='center'; this.marginTop='20px';">
                <lido-cell layout="row" visible="true" width="70%" height="50%" bg-color="transparent" onEntry="this.lineHeight='1.2';this.justifyContent='space-around';">
                    
                    <lido-text visible="true" width="400px" height="136px" disable-speak="true" type="click" value="bedroom" string="bedroom" font-size="110px" border-radius="20px" font-color="black" onEntry="this.lineHeight='1.2';this.fontWeight='700';">
                    </lido-text>
                    <lido-text visible="true" width="400px" height="136px" disable-speak="true" type="click" value="bathroom" string="bathroom" font-size="110px" border-radius="20px" font-color="black" onEntry="this.lineHeight='1.2';this.fontWeight='700';">
                    </lido-text>
                </lido-cell>
                <lido-cell layout="row" visible="true" width="100%" height="50%" bg-color="transparent" onEntry="this.lineHeight='1.2';this.justifyContent='space-around';">
                    
                    <lido-text visible="true" width="400px" height="136px" disable-speak="true" type="click" value="dustbin" string="dustbin" font-size="110px" border-radius="20px" font-color="black" onEntry="this.lineHeight='1.2';this.fontWeight='700';">
                    </lido-text>
                    <lido-text visible="true" width="400px" height="136px" disable-speak="true" type="click" value="teacup" string="teacup" font-size="110px" border-radius="20px" font-color="black" onEntry="this.lineHeight='1.2';this.fontWeight='700';">
                    </lido-text>
                    <lido-text visible="true" width="400px" height="136px" disable-speak="true" type="click" value="sidewalk" string="sidewalk" font-size="110px" border-radius="20px" font-color="black" onEntry="this.lineHeight='1.2';this.fontWeight='700';">
                    </lido-text>
                </lido-cell>
            </lido-cell>

        </lido-col>
    </lido-container>
</main>
<main>
    <lido-container disable-speak="true" id="lido-container" lang="en" objective="railway" is-continue-on-correct="false" template-id="palLetterIdentification" bg-image="template-assets/bg-images/file-lryqqur3.png" onCorrect="lido-avatar.avatarAnimate='Success'; this.sleep='2000';" onInCorrect="lido-avatar.avatarAnimate='Fail';" onEntry="questionText.speak='true';" custom-style="#audioCell:active {   box-shadow: 0px 0px 0px !important;   transform: translateY(10px); }">
        <lido-col visible="true" width="100%" height="80%" bg-color="transparent" onEntry="this.lineHeight='1.2';this.alignItems='center'; this.justifyContent='center';">
            
            
            <lido-cell layout="pos" id="pos1" disable-edit="true" value="pos2" height="landscape.400px,portrait.402px" width="landscape.350px,portrait.398px" x="landscape.60%, portrait.28%" y="landscape.50px, portrait.77%" aria-hidden="true" z="1" bg-color="transparent" visible="true">
                <lido-avatar id="lido-avatar" disable-edit="true" visible="true" height="100%" width="100%" src="template-assets/images/file-f0k5dl7w.riv">
                </lido-avatar>
                <lido-image id="image" disableEdit="true" value="image" visible="true" src="template-assets/images/file-b3gpj1o6.png" bgColor="transparent" width="inherit" height="27px" x="0" y="330px">
                </lido-image>
            </lido-cell>

            
            <lido-text visible="true" id="questionText" width="405px" height="250px" tab-index="1" bg-color="#fff5bb" audio="game-assets/audio/file-ru7dhx1w.mp3" string="railway" font-size="120px" border-radius="20px" font-color="black" onEntry="this.lineHeight='1.2';this.fontWeight='700'; this.border='#ffac4c 2px solid';">
            </lido-text>
            
            <lido-cell visible="false" id="audioCell" onTouch="questionText.speak='true';" layout="row" width="300px" height="300px" bg-color="white" border-radius="130px" onEntry="this.border='#ffac4c 2px solid'; this.boxShadow='0px 10.88px 0px #f34d08;';">
                <lido-image visible="true" bg-color="transparent" width="200px" height="200px" src="template-assets/images/file-6jjja41y.png" />
            </lido-cell>

            
            <lido-cell layout="col" visible="true" width="90%" height="50%" bg-color="transparent" padding="0" onEntry="this.lineHeight='1.2';this.justifyContent='center'; this.alignItems='center'; this.marginTop='20px';">
                <lido-cell layout="row" visible="true" width="70%" height="50%" bg-color="transparent" onEntry="this.lineHeight='1.2';this.justifyContent='space-around';">
                    
                    <lido-text visible="true" width="400px" height="136px" disable-speak="true" type="click" value="storybook" string="storybook" font-size="110px" border-radius="20px" font-color="black" onEntry="this.lineHeight='1.2';this.fontWeight='700';">
                    </lido-text>
                    <lido-text visible="true" width="400px" height="136px" disable-speak="true" type="click" value="airport" string="airport" font-size="110px" border-radius="20px" font-color="black" onEntry="this.lineHeight='1.2';this.fontWeight='700';">
                    </lido-text>
                </lido-cell>
                <lido-cell layout="row" visible="true" width="100%" height="50%" bg-color="transparent" onEntry="this.lineHeight='1.2';this.justifyContent='space-around';">
                    
                    <lido-text visible="true" width="400px" height="136px" disable-speak="true" type="click" value="lunchbox" string="lunchbox" font-size="110px" border-radius="20px" font-color="black" onEntry="this.lineHeight='1.2';this.fontWeight='700';">
                    </lido-text>
                    <lido-text visible="true" width="400px" height="136px" disable-speak="true" type="click" value="railway" string="railway" font-size="110px" border-radius="20px" font-color="black" onEntry="this.lineHeight='1.2';this.fontWeight='700';">
                    </lido-text>
                    <lido-text visible="true" width="400px" height="136px" disable-speak="true" type="click" value="seashore" string="seashore" font-size="110px" border-radius="20px" font-color="black" onEntry="this.lineHeight='1.2';this.fontWeight='700';">
                    </lido-text>
                </lido-cell>
            </lido-cell>

        </lido-col>
    </lido-container>
</main>
</root>