[1,["aejX9O661A+JlgWJnwUBXc","e6eR8AnZxIWowDirb0R0fL","d9W3fUJrRC76uH6iH2ILu3"],["_textureSetter"],["cc.SpriteFrame","cc.Texture2D",["cc.AudioClip",["_name","_native","duration"],0],["cc.JsonAsset",["_name","json"],1]],[[2,0,1,2,4],[3,0,1,3]],[[[[0,"म",".mp3",0.5225],-1],0,0,[],[],[]],[[[0,"ए",".mp3",0.47025],-1],0,0,[],[],[]],[[{"name":"नल","rect":[0,0,193,153],"offset":[0,0],"originalSize":[193,153],"capInsets":[0,0,0,0]}],[0],0,[0],[0],[0]],[[[1,"hi0303",{"rows":[["grid","1","Description","ज","ग,न"],["grid","1","Description","म","ग,र"],["openwindow","1","Description","LEGIT","ज,ल","जल.png","नल.png","जल.mp3","ज,ग,न,फ,छा,ता,र,थ,व,न,घ,ट्र,क,घो,ड़ा,हा,थी,आ,म,स"],["phonictractor","1","Description","5","मत","मत.mp3","म","म.mp3","त","त.mp3"],["phonictractor","1","Description","5","एक","एक.mp3","ए","ए.mp3","क","क.mp3"],["rocket","1","Description","फल","फ,ल","फ,ल","फल.mp3","फल.png","false ","false "],["rocket","1","Description","जल","ज,ल","ज,ल","जल.mp3","जल.png","false ","false "],["quizliteracy","1","Description","soundonly_word","मत","फल","जल","मत","","","मत.mp3"],["quizliteracy","1","Description","image_word","फल","जल","फल","मत","फल.png"],["quizliteracy","1","Description","soundonly_word","जल","मत","जल","फल","","","जल.mp3"]]}]],0,0,[],[],[]],[[[0,"त",".mp3",0.444],-1],0,0,[],[],[]],[[[0,"क",".mp3",0.418],-1],0,0,[],[],[]],[[[0,"मत",".mp3",0.574694],-1],0,0,[],[],[]],[[{"name":"जल","rect":[0,0,193,153],"offset":[0,0],"originalSize":[193,153],"capInsets":[0,0,0,0]}],[0],0,[0],[0],[1]],[[[0,"फल",".mp3",0.757551],-1],0,0,[],[],[]],[["0,9729,9729,33071,33071,0,0,1",-1],[1],0,[],[],[]],[[[0,"एक",".mp3",0.600816],-1],0,0,[],[],[]],[["0,9729,9729,33071,33071,0,0,1",-1],[1],0,[],[],[]],[["0,9729,9729,33071,33071,0,0,1",-1],[1],0,[],[],[]],[[{"name":"फल","rect":[0,0,480,480],"offset":[0,0],"originalSize":[480,480],"capInsets":[0,0,0,0]}],[0],0,[0],[0],[2]],[[[0,"जल",".mp3",0.705306],-1],0,0,[],[],[]]]]