[1,["bcPoOVih1MF5S6du4GbUD5","e6wMEZ9n9NgrJRECEtsxJk","22k49kKkNEPKN+gqF2ZM2f","6fK9LpHepHRapl1ccd0Cwe","6fIYzgtFFO+YAKiL7/5ZpC","7dUhPNMHFHRJMYw9u9tqWa","cbvlZ0WfdHw66REjz67Psq","5eubA9S/dKM4TwkLsoEV3r","06tOoCSjNJ96NOPQZKUyQg"],["_textureSetter"],["cc.SpriteFrame","cc.Texture2D",["cc.AudioClip",["_name","_native","duration"],0],["cc.JsonAsset",["_name","json"],1]],[[2,0,1,2,4],[3,0,1,3]],[[[[0,"ಶಪಥ",".mp3",0.84],-1],0,0,[],[],[]],[[{"name":"soldier","rect":[0,0,500,333],"offset":[0,0],"originalSize":[500,333],"capInsets":[0,0,0,0]}],[0],0,[0],[0],[0]],[["0,9729,9729,33071,33071,0,0,1",-1],[1],0,[],[],[]],[[{"name":"bell","rect":[0,0,533,800],"offset":[0,0],"originalSize":[533,800],"capInsets":[0,0,0,0]}],[0],0,[0],[0],[1]],[[{"name":"fire","rect":[0,0,800,590],"offset":[0,0],"originalSize":[800,590],"capInsets":[0,0,0,0]}],[0],0,[0],[0],[2]],[[[0,"ಪಥ",".mp3",0.648],-1],0,0,[],[],[]],[["0,9729,9729,33071,33071,0,0,1",-1],[1],0,[],[],[]],[[{"name":"rath","rect":[0,0,600,800],"offset":[0,0],"originalSize":[600,800],"capInsets":[0,0,0,0]}],[0],0,[0],[0],[3]],[[{"name":"money","rect":[0,0,800,590],"offset":[0,0],"originalSize":[800,590],"capInsets":[0,0,0,0]}],[0],0,[0],[0],[4]],[["0,9729,9729,33071,33071,0,0,1",-1],[1],0,[],[],[]],[["0,9729,9729,33071,33071,0,0,1",-1],[1],0,[],[],[]],[["0,9729,9729,33071,33071,0,0,1",-1],[1],0,[],[],[]],[["0,9729,9729,33071,33071,0,0,1",-1],[1],0,[],[],[]],[[[0,"ಭಯ",".mp3",0.624],-1],0,0,[],[],[]],[[[0,"ಢಣಢಣ",".mp3",0.792],-1],0,0,[],[],[]],[[[1,"kn0805",{"rows":[["rocket","1","Description","ಧನ","ಧ,ನ","ಧ,ನ","ಧನ.mp3","money.png","False","False"],["spelldoor","1","Description","ಶಪಥ","ಶಪ*","0","0","oath.png","ಶಪಥ.mp3"],["rocket","1","Description","ಢಣಢಣ","ಢ,ಣ,ಢ,ಣ","ಢ,ಣ,ಢ,ಣ","ಢಣಢಣ.mp3","bell.png","False","False"],["spelldoor","1","Description","ಪಥ","ಪ*","0","0","path.png","ಪಥ.mp3"],["rocket","1","Description","ಭಟ","ಭ,ಟ","ಭ,ಟ","ಭಟ.mp3","soldier.png","False","False"],["spelldoor","1","Description","ಧಗಧಗ","*ಗಧಗ","0","0","fire.png","ಧಗಧಗ.mp3"],["rocket","1","Description","ರಥ","ರ,ಥ","ರ,ಥ","ರಥ.mp3","rath.png","False","False"],["spelldoor","1","Description","ಭಯ","*ಯ","0","0","fear.png","ಭಯ.mp3"],["rocket","1","Description","ಭವ","ಭ,ವ","ಭ,ವ","ಭವ.mp3","shiva.png","False","False"],["quizliteracy","1","Description","word_word","ಥ","ಭ","ಥ","ಧ","","ರ_","ರಥ.mp3"],["quizliteracy","1","Description","word_word","ಭ","ಥ","ಧ","ಭ","","_ಟ","ಭಟ.mp3"],["quizliteracy","1","Description","word_word","ಧ","ಧ","ಭ","ಥ","","_ನ","ಧನ.mp3"]]}]],0,0,[],[],[]],[[{"name":"oath","rect":[0,0,800,600],"offset":[0,0],"originalSize":[800,600],"capInsets":[0,0,0,0]}],[0],0,[0],[0],[5]],[["0,9729,9729,33071,33071,0,0,1",-1],[1],0,[],[],[]],[[[0,"ಭಟ",".mp3",0.624],-1],0,0,[],[],[]],[["0,9729,9729,33071,33071,0,0,1",-1],[1],0,[],[],[]],[[[0,"ರಥ",".mp3",0.648],-1],0,0,[],[],[]],[[{"name":"shiva","rect":[0,0,599,800],"offset":[0,0],"originalSize":[599,800],"capInsets":[0,0,0,0]}],[0],0,[0],[0],[6]],[[[0,"ಧಗಧಗ",".mp3",0.888],-1],0,0,[],[],[]],[["0,9729,9729,33071,33071,0,0,1",-1],[1],0,[],[],[]],[[[0,"ಭವ",".mp3",0.6],-1],0,0,[],[],[]],[[[0,"ಧನ",".mp3",0.6],-1],0,0,[],[],[]],[[{"name":"fear","rect":[0,0,800,533],"offset":[0,0],"originalSize":[800,533],"capInsets":[0,0,0,0]}],[0],0,[0],[0],[7]],[[{"name":"path","rect":[0,0,800,600],"offset":[0,0],"originalSize":[800,600],"capInsets":[0,0,0,0]}],[0],0,[0],[0],[8]]]]