[1,["a2J5SSuYlCo6r97rC6f057","95pVJBZUBOQoZkh/Vf8RSk"],["_textureSetter"],["cc.SpriteFrame","cc.Texture2D",["cc.JsonAsset",["_name","json"],1]],[[2,0,1,3]],[[[{"name":"box-outline-tutorial","rect":[181,0,614,612],"offset":[-12,0],"originalSize":[1000,612],"capInsets":[0,0,0,0]}],[0],0,[0],[0],[0]],[[[0,"box-outline-tutorial-json",[[{"x":276,"y":509.5},{"x":281,"y":509.5},{"x":285,"y":509.5},{"x":290,"y":509.5},{"x":295,"y":509.5},{"x":299,"y":509.5},{"x":303,"y":509.5},{"x":308,"y":509.5},{"x":312,"y":509.5},{"x":316,"y":509.5},{"x":321,"y":509.5},{"x":326,"y":509.5},{"x":331,"y":509.5},{"x":335,"y":509.5},{"x":339,"y":509.5},{"x":343,"y":509.5},{"x":350,"y":509.5},{"x":357,"y":509.5},{"x":365,"y":509.5},{"x":369,"y":509.5},{"x":373,"y":509.5},{"x":377,"y":509.5},{"x":384,"y":509.5},{"x":391,"y":509.5},{"x":398,"y":509.5},{"x":402,"y":509.5},{"x":407,"y":509.5},{"x":413,"y":509.5},{"x":417,"y":509.5},{"x":424,"y":509.5},{"x":430,"y":509.5},{"x":437,"y":509.5},{"x":443,"y":509.5},{"x":449,"y":509.5},{"x":453,"y":509.5},{"x":458,"y":509.5},{"x":463,"y":509.5},{"x":467,"y":509.5},{"x":470,"y":511.5},{"x":475,"y":510.5},{"x":478,"y":512.5},{"x":481,"y":511.5},{"x":488,"y":511.5},{"x":497,"y":511.5},{"x":506,"y":511.5},{"x":509,"y":513.5},{"x":513,"y":512.5},{"x":520,"y":512.5},{"x":527,"y":512.5},{"x":536,"y":512.5},{"x":545,"y":512.5},{"x":549,"y":512.5},{"x":554,"y":512.5},{"x":561,"y":512.5},{"x":571,"y":512.5},{"x":578,"y":512.5},{"x":582,"y":512.5},{"x":587,"y":512.5},{"x":591,"y":512.5},{"x":595,"y":512.5},{"x":601,"y":512.5},{"x":613,"y":512.5},{"x":620,"y":512.5},{"x":627,"y":512.5},{"x":634,"y":512.5},{"x":639,"y":512.5},{"x":647,"y":512.5},{"x":653,"y":512.5},{"x":658,"y":512.5},{"x":665,"y":512.5},{"x":671,"y":512.5},{"x":675,"y":512.5},{"x":680,"y":512.5},{"x":686,"y":512.5},{"x":691,"y":512.5},{"x":697,"y":512.5},{"x":702,"y":512.5},{"x":708,"y":512.5},{"x":714,"y":512.5},{"x":718,"y":512.5},{"x":721,"y":514.5},{"x":725,"y":513.5},{"x":729,"y":513.5},{"x":733,"y":513.5},{"x":733,"y":508.5},{"x":733,"y":502.5},{"x":733,"y":494.5},{"x":733,"y":490.5},{"x":733,"y":486.5},{"x":733,"y":482.5},{"x":731,"y":475.5},{"x":732,"y":472.5},{"x":731,"y":467.5},{"x":730,"y":464.5},{"x":730,"y":460.5},{"x":730,"y":454.5},{"x":730,"y":448.5},{"x":730,"y":444.5},{"x":730,"y":436.5},{"x":730,"y":429.5},{"x":730,"y":424.5},{"x":730,"y":420.5},{"x":730,"y":415.5},{"x":730,"y":410.5},{"x":730,"y":406.5},{"x":730,"y":400.5},{"x":730,"y":396.5},{"x":730,"y":388.5},{"x":730,"y":384.5},{"x":730,"y":379.5},{"x":730,"y":369.5},{"x":730,"y":358.5},{"x":730,"y":351.5},{"x":730,"y":347.5},{"x":730,"y":343.5},{"x":728,"y":335.5},{"x":729,"y":331.5},{"x":729,"y":327.5},{"x":729,"y":322.5},{"x":729,"y":318.5},{"x":729,"y":313.5},{"x":729,"y":309.5},{"x":729,"y":305.5},{"x":729,"y":298.5},{"x":729,"y":293.5},{"x":729,"y":287.5},{"x":729,"y":282.5},{"x":729,"y":277.5},{"x":729,"y":269.5},{"x":729,"y":265.5},{"x":729,"y":261.5},{"x":729,"y":257.5},{"x":729,"y":253.5},{"x":729,"y":249.5},{"x":729,"y":243.5},{"x":729,"y":238.5},{"x":729,"y":234.5},{"x":729,"y":223.5},{"x":729,"y":219.5},{"x":729,"y":212.5},{"x":729,"y":207.5},{"x":729,"y":200.5},{"x":729,"y":196.5},{"x":729,"y":190.5},{"x":731,"y":175.5},{"x":732,"y":179.5},{"x":731,"y":176.5},{"x":731,"y":167.5},{"x":731,"y":163.5},{"x":731,"y":158.5},{"x":731,"y":145.5},{"x":731,"y":141.5},{"x":733,"y":134.5},{"x":732,"y":129.5},{"x":732,"y":124.5},{"x":732,"y":117.5},{"x":732,"y":113.5},{"x":732,"y":109.5},{"x":733,"y":103.5},{"x":733,"y":97.5},{"x":733,"y":91.5},{"x":733,"y":83.5},{"x":733,"y":76.5},{"x":733,"y":72.5},{"x":733,"y":68.5},{"x":731,"y":64.5},{"x":732,"y":61.5},{"x":729,"y":59.5},{"x":726,"y":60.5},{"x":722,"y":58.5},{"x":715,"y":57.5},{"x":710,"y":58.5},{"x":706,"y":56.5},{"x":695,"y":57.5},{"x":690,"y":57.5},{"x":680,"y":57.5},{"x":676,"y":56.5},{"x":669,"y":56.5},{"x":663,"y":56.5},{"x":654,"y":56.5},{"x":650,"y":56.5},{"x":646,"y":56.5},{"x":642,"y":56.5},{"x":638,"y":56.5},{"x":630,"y":58.5},{"x":624,"y":57.5},{"x":619,"y":57.5},{"x":610,"y":57.5},{"x":601,"y":57.5},{"x":594,"y":57.5},{"x":590,"y":57.5},{"x":585,"y":57.5},{"x":579,"y":55.5},{"x":576,"y":56.5},{"x":572,"y":56.5},{"x":567,"y":56.5},{"x":561,"y":56.5},{"x":557,"y":54.5},{"x":552,"y":55.5},{"x":546,"y":55.5},{"x":541,"y":55.5},{"x":534,"y":55.5},{"x":527,"y":55.5},{"x":519,"y":55.5},{"x":515,"y":55.5},{"x":508,"y":55.5},{"x":503,"y":55.5},{"x":497,"y":55.5},{"x":493,"y":55.5},{"x":482,"y":55.5},{"x":478,"y":55.5},{"x":472,"y":56.5},{"x":466,"y":56.5},{"x":461,"y":56.5},{"x":452,"y":58.5},{"x":448,"y":57.5},{"x":443,"y":58.5},{"x":436,"y":58.5},{"x":431,"y":58.5},{"x":421,"y":58.5},{"x":417,"y":58.5},{"x":411,"y":58.5},{"x":404,"y":58.5},{"x":398,"y":56.5},{"x":395,"y":57.5},{"x":391,"y":57.5},{"x":380,"y":56.5},{"x":373,"y":56.5},{"x":364,"y":56.5},{"x":359,"y":56.5},{"x":355,"y":57.5},{"x":351,"y":57.5},{"x":343,"y":57.5},{"x":339,"y":57.5},{"x":335,"y":57.5},{"x":326,"y":57.5},{"x":321,"y":57.5},{"x":317,"y":57.5},{"x":307,"y":57.5},{"x":301,"y":57.5},{"x":295,"y":57.5},{"x":291,"y":57.5},{"x":287,"y":57.5},{"x":282,"y":57.5},{"x":278,"y":57.5},{"x":276,"y":60.5},{"x":277,"y":63.5},{"x":277,"y":68.5},{"x":277,"y":73.5},{"x":278,"y":80.5},{"x":276,"y":86.5},{"x":277,"y":93.5},{"x":274,"y":97.5},{"x":274,"y":103.5},{"x":274,"y":109.5},{"x":274,"y":116.5},{"x":274,"y":123.5},{"x":274,"y":127.5},{"x":274,"y":131.5},{"x":276,"y":135.5},{"x":275,"y":140.5},{"x":275,"y":144.5},{"x":277,"y":148.5},{"x":276,"y":152.5},{"x":276,"y":156.5},{"x":276,"y":161.5},{"x":276,"y":168.5},{"x":276,"y":175.5},{"x":276,"y":179.5},{"x":275,"y":186.5},{"x":275,"y":193.5},{"x":275,"y":202.5},{"x":275,"y":207.5},{"x":275,"y":215.5},{"x":275,"y":222.5},{"x":277,"y":227.5},{"x":276,"y":238.5},{"x":276,"y":234.5},{"x":276,"y":238.5},{"x":274,"y":235.5},{"x":275,"y":238.5},{"x":275,"y":243.5},{"x":275,"y":249.5},{"x":274,"y":253.5},{"x":274,"y":257.5},{"x":274,"y":265.5},{"x":274,"y":271.5},{"x":274,"y":275.5},{"x":274,"y":279.5},{"x":276,"y":283.5},{"x":275,"y":288.5},{"x":277,"y":292.5},{"x":276,"y":295.5},{"x":276,"y":301.5},{"x":276,"y":305.5},{"x":274,"y":308.5},{"x":274,"y":313.5},{"x":274,"y":319.5},{"x":276,"y":327.5},{"x":278,"y":330.5},{"x":277,"y":333.5},{"x":277,"y":339.5},{"x":277,"y":343.5},{"x":277,"y":347.5},{"x":279,"y":351.5},{"x":278,"y":355.5},{"x":278,"y":361.5},{"x":278,"y":371.5},{"x":277,"y":374.5},{"x":277,"y":381.5},{"x":277,"y":385.5},{"x":277,"y":393.5},{"x":277,"y":398.5},{"x":276,"y":401.5},{"x":276,"y":405.5},{"x":276,"y":411.5},{"x":276,"y":416.5},{"x":274,"y":422.5},{"x":274,"y":429.5},{"x":274,"y":434.5},{"x":274,"y":441.5},{"x":272,"y":446.5},{"x":273,"y":450.5},{"x":275,"y":456.5},{"x":274,"y":459.5},{"x":274,"y":465.5},{"x":274,"y":470.5},{"x":275,"y":479.5},{"x":275,"y":485.5},{"x":275,"y":490.5},{"x":276,"y":494.5},{"x":277,"y":497.5},{"x":277,"y":504.5},{"x":279,"y":510.5},{"x":278,"y":510.5}]]]],0,0,[],[],[]],[[{"name":"box-outline","rect":[191,11,594,593],"offset":[-12,-1.5],"originalSize":[1000,612],"capInsets":[0,0,0,0]}],[0],0,[0],[0],[1]],[["0,9729,9729,33071,33071,0,0,1",-1],[1],0,[],[],[]],[["0,9729,9729,33071,33071,0,0,1",-1],[1],0,[],[],[]],[[[0,"drawshape0001",{"rows":[["drawshape","1","Description","box-outline-tutorial.png"]]}]],0,0,[],[],[]]]]