[1,["090rkKkbpFFKOCeJOBMb++","c2rrpMR7FLxJM5Ffc1OMt2","29qfw5OspIFIk1pbtebUNm","b7rH5CKmFOQImqp9OHxXBn","9dqRQNb5JMmr71nBN5Edr1"],["_textureSetter"],["cc.Texture2D","cc.SpriteFrame",["cc.AudioClip",["_name","_native","duration"],0],["cc.JsonAsset",["_name","json"],1]],[[2,0,1,2,4],[3,0,1,3]],[[["0,9729,9729,33071,33071,0,0,1",-1],[0],0,[],[],[]],[["0,9729,9729,33071,33071,0,0,1",-1],[0],0,[],[],[]],[[[0,"ಮೇಕೆ",".mp3",0.72],-1],0,0,[],[],[]],[[[1,"kn4406",{"rows":[["spelldoor","1","Description","ಚೇಳು","*ಳು","0","0","scorpion.png","ಚೇಳು.mp3"],["spelldoor","1","Description","ಮೇಜು","*ಜು","0","0","desk.png","ಮೇಜು.mp3"],["spelldoor","1","Description","ಮೇಕೆ","ಮೇ*","0","0","goat.png","ಮೇಕೆ.mp3"],["spelldoor","1","Description","ಸೇಬು","ಸೇ*","0","0","apple.png","ಸೇಬು.mp3"],["spelldoor","1","Description","ತೇರು","*ರು","0","0","rath.png","ತೇರು.mp3"],["quizliteracy","1","Description","word_word","ಚೇ","ಏ","ಆ","ಚೇ","","___ಳು","ಚೇಳು.mp3"],["quizliteracy","1","Description","image_word","ಮೇಕೆ","ಮೇಕೆ","ಸೇಬು","ಮೇಜು","goat.png"],["quizliteracy","1","Description","soundonly_word","ಸೇಬು","ತೇರು","ಸೇಬು","ಮೇಜು","","","ಸೇಬು.mp3"]]}]],0,0,[],[],[]],[[[0,"ಸೇಬು",".mp3",0.744],-1],0,0,[],[],[]],[[{"name":"apple","rect":[0,0,800,666],"offset":[0,0],"originalSize":[800,666],"capInsets":[0,0,0,0]}],[1],0,[0],[0],[0]],[[{"name":"rath","rect":[0,0,600,800],"offset":[0,0],"originalSize":[600,800],"capInsets":[0,0,0,0]}],[1],0,[0],[0],[1]],[["0,9729,9729,33071,33071,0,0,1",-1],[0],0,[],[],[]],[[{"name":"scorpion","rect":[0,0,800,510],"offset":[0,0],"originalSize":[800,510],"capInsets":[0,0,0,0]}],[1],0,[0],[0],[2]],[[{"name":"goat","rect":[0,0,333,500],"offset":[0,0],"originalSize":[333,500],"capInsets":[0,0,0,0]}],[1],0,[0],[0],[3]],[[[0,"ಚೇಳು",".mp3",0.72],-1],0,0,[],[],[]],[["0,9729,9729,33071,33071,0,0,1",-1],[0],0,[],[],[]],[["0,9729,9729,33071,33071,0,0,1",-1],[0],0,[],[],[]],[[[0,"ತೇರು",".mp3",0.672],-1],0,0,[],[],[]],[[[0,"ಮೇಜು",".mp3",0.72],-1],0,0,[],[],[]],[[{"name":"desk","rect":[0,0,557,800],"offset":[0,0],"originalSize":[557,800],"capInsets":[0,0,0,0]}],[1],0,[0],[0],[4]]]]