[1,["cckVwc9flEd6xziSU3YPHY","8eYbT/ui1Hj7TbUNBKQ2g/","99uwG/9dVC4ZewT3b7ggsj","b2pdhMDuVLNKIyAXHvKz9g","bbnd9qZttCzqq9MtraSal+","f0ozTiKQJGLriKVdKmHEjF","9bBT8hYqtO87xz69BAjBv8","5eS0QDMTRAC54Fd2UoXg0B","ebBLWNW9tG3KMOHvHW+uG4"],["_textureSetter"],["cc.SpriteFrame","cc.Texture2D",["cc.AudioClip",["_name","_native","duration"],0],["cc.JsonAsset",["_name","json"],1]],[[2,0,1,2,4],[3,0,1,3]],[[[{"name":"hands","rect":[0,0,640,427],"offset":[0,0],"originalSize":[640,427],"capInsets":[0,0,0,0]}],[0],0,[0],[0],[0]],[[{"name":"turmeric","rect":[0,0,640,427],"offset":[0,0],"originalSize":[640,427],"capInsets":[0,0,0,0]}],[0],0,[0],[0],[1]],[[{"name":"black","rect":[0,0,640,427],"offset":[0,0],"originalSize":[640,427],"capInsets":[0,0,0,0]}],[0],0,[0],[0],[2]],[[[0,"पिवळी_हळद",".mp3",1.018776],-1],0,0,[],[],[]],[[[0,"पांढरे_दूध",".mp3",1.123265],-1],0,0,[],[],[]],[["0,9729,9729,33071,33071,0,0,1",-1],[1],0,[],[],[]],[["0,9729,9729,33071,33071,0,0,1",-1],[1],0,[],[],[]],[[{"name":"milk","rect":[0,0,640,480],"offset":[0,0],"originalSize":[640,480],"capInsets":[0,0,0,0]}],[0],0,[0],[0],[3]],[["0,9729,9729,33071,33071,0,0,1",-1],[1],0,[],[],[]],[["0,9729,9729,33071,33071,0,0,1",-1],[1],0,[],[],[]],[[{"name":"sky","rect":[0,0,640,480],"offset":[0,0],"originalSize":[640,480],"capInsets":[0,0,0,0]}],[0],0,[0],[0],[4]],[[[0,"पांढरे-दूध",".mp3",1.149388],-1],0,0,[],[],[]],[[[0,"लाल_गुलाब",".mp3",1.17551],-1],0,0,[],[],[]],[[{"name":"cat","rect":[0,0,640,403],"offset":[0,0],"originalSize":[640,403],"capInsets":[0,0,0,0]}],[0],0,[0],[0],[5]],[["0,9729,9729,33071,33071,0,0,1",-1],[1],0,[],[],[]],[[{"name":"leaf","rect":[0,0,640,435],"offset":[0,0],"originalSize":[640,435],"capInsets":[0,0,0,0]}],[0],0,[0],[0],[6]],[[{"name":"crow","rect":[0,0,640,427],"offset":[0,0],"originalSize":[640,427],"capInsets":[0,0,0,0]}],[0],0,[0],[0],[7]],[["0,9729,9729,33071,33071,0,0,1",-1],[1],0,[],[],[]],[[[0,"काळा_कावळा",".mp3",1.17551],-1],0,0,[],[],[]],[[{"name":"redrose","rect":[4,4,636,408],"offset":[2,2],"originalSize":[640,420],"capInsets":[0,0,0,0]}],[0],0,[0],[0],[8]],[["0,9729,9729,33071,33071,0,0,1",-1],[1],0,[],[],[]],[[[1,"mr2700",{"rows":[["openwindow1","1","Description","LEGIT","निळे आकाश","sky.png","crow.png","निळे_आकाश.mp3","निळे आकाश"],["openwindow1","1","Description","LEGIT","हिरवे पान","leaf.png","turmeric.png","हिरवे_पान.mp3","हिरवे पान"],["openwindow1","1","Description","LEGIT","पिवळी हळद","turmeric.png","milk.png","पिवळी_हळद.mp3","पिवळी हळद"],["openwindow1","1","Description","LEGIT","लाल गुलाब","redrose.png","cat.png","लाल_गुलाब.mp3","लाल गुलाब"],["openwindow1","1","Description","LEGIT","पांढरे दूध","milk.png","sky.png","पांढरे-दूध.mp3","पांढरे दूध"],["openwindow1","1","Description","LEGIT","काळा कावळा","crow.png","redrose.png","काळा_कावळा.mp3","काळा कावळा"],["quizliteracy","1","Description","soundonly_image","sky.png","crow.png","sky.png","black.png","","","निळे_आकाश.mp3"],["quizliteracy","1","Description","soundonly_image","turmeric.png","redrose.png","hands.png","turmeric.png","","","पिवळी_हळद.mp3"],["quizliteracy","1","Description","soundonly_image","milk.png","milk.png","hands.png","crow.png","","","पांढरे_दूध.mp3"]]}]],0,0,[],[],[]],[[[0,"निळे_आकाश",".mp3",1.227755],-1],0,0,[],[],[]],[["0,9729,9729,33071,33071,0,0,1",-1],[1],0,[],[],[]],[["0,9729,9729,33071,33071,0,0,1",-1],[1],0,[],[],[]],[[[0,"हिरवे_पान",".mp3",1.044898],-1],0,0,[],[],[]]]]