[1,["09htzDAo1H2ocb8KvpCy+0","67LocOLedMhrHoWfz9lIwV","7eZ263K0ZF9pOPr9vyqwGw","64IXtXFXhF25drH778PnO0","31Gnzgih5MM4jIXqG3VIiZ","d3lnOvCGNFoKjanqci40ks","8fdYJLHPdG64gdUPWNqJfK","2dzN1vDCdNVoFxFf2gDmKK","9deOI67hRBLZQ+NvOGpnG9","88jso9+O1P/50bV4h2/7qJ","c9+i7UU59Nq7xH0AtHfXUl","8ew9n+1oRFO4j8pxK8NIy0","32PCy1EdZHOqpAHhXWOZYk","46zZlEKvlO44vR3GfH+Zhb","027UwPEEdEra9IP8JRl96k"],["_textureSetter"],["cc.SpriteFrame","cc.Texture2D",["cc.JsonAsset",["_name","json"],1],["cc.AudioClip",["_name","_native","duration"],0]],[[3,0,1,2,4],[2,0,1,3]],[[[{"name":"l4_catbird","rect":[0,0,868,689],"offset":[0,0],"originalSize":[868,689],"capInsets":[0,0,0,0]}],[0],0,[0],[0],[0]],[["0,9729,9729,33071,33071,0,0,1",-1],[1],0,[],[],[]],[[{"name":"l4_2lemons2tomatos","rect":[0,0,868,689],"offset":[0,0],"originalSize":[868,689],"capInsets":[0,0,0,0]}],[0],0,[0],[0],[1]],[[{"name":"l4_1lime2tomatos","rect":[0,0,868,689],"offset":[0,0],"originalSize":[868,689],"capInsets":[0,0,0,0]}],[0],0,[0],[0],[2]],[["0,9729,9729,33071,33071,0,0,1",-1],[1],0,[],[],[]],[["0,9729,9729,33071,33071,0,0,1",-1],[1],0,[],[],[]],[["0,9729,9729,33071,33071,0,0,1",-1],[1],0,[],[],[]],[["0,9729,9729,33071,33071,0,0,1",-1],[1],0,[],[],[]],[[{"name":"l4_1boy1chair","rect":[0,0,868,689],"offset":[0,0],"originalSize":[868,689],"capInsets":[0,0,0,0]}],[0],0,[0],[0],[3]],[["0,9729,9729,33071,33071,0,0,1",-1],[1],0,[],[],[]],[[[1,"en2702",{"rows":[["fillblank","1","Description","Jay [and] Meera like milk.","Jay_and_Meera_like_milk.mp3","an","end","are","10"],["picturemeaning","1","Description","P","A boy and two chairs.","l4_1boy2chairs.png","A_boy_and_two_chairs.mp3","A boy and a chair.","l4_1boy1chair.png","A_boy_and_a_chair.mp3","Two boys and a chair.","l4_2boys1chair.png","Two_boys_and_a_chair.mp3"],["picturemeaning","1","Description","P","A spoon and two forks.","l4_1spoon2forks.png","A_spoon_and_two_forks.mp3","Two spoons and two forks.","l4_2spoons2forks.png","Two_spoons_and_two_forks.mp3","Two spoons and a fork.","l4_2spoons1fork.png","Two_spoons_and_a_fork.mp3"],["picturemeaning","1","Description","P","Three circles and a square.","l4_3circles1square.png","Three_circles_and_a_square.mp3","Two circles and two squares.","l4_2circles2squares.png","Two_circles_and_two_squares.mp3","Three squares and a circle.","l4_1circle3squares.png","Three_squares_and_a_circle.mp3"],["picturemeaning","1","Description","S","A dog and a cat.","l4_dogcat.png","A_dog_and_a_cat.mp3","A dog and a bird.","l4_dogbird.png","A_dog_and_a_bird.mp3","A cat and a bird.","l4_catbird.png","A_cat_and_a_bird.mp3"],["picturemeaning","1","Description","S","Two lemons and a tomato.","l4_2lemons1tomato.png","Two_lemons_and_a_tomato.mp3","A lemon and two tomatoes.","l4_1lime2tomatos.png","A_lemon_and_two_tomatoes.mp3","Two lemons and two tomataoes.","l4_2lemons2tomatos.png","Two_lemons_and_two_tomataoes.mp3"],["quizliteracy","1","Description","image_sentence","A boy and two chairs.","A boy and two chairs.","A spoon and two forks.","Two lemons and a tomato.","l4_1boy2chairs.png","","A_boy_and_two_chairs.mp3"],["quizliteracy","1","Description","image_sentence","A spoon and two forks.","A boy and two chairs.","A spoon and two forks.","Two lemons and a tomato.","l4_1spoon2forks.png","","A_spoon_and_two_forks.mp3"],["quizliteracy","1","Description","image_sentence","Two lemons and a tomato.","A boy and two chairs.","A spoon and two forks.","Two lemons and a tomato.","l4_2lemons1tomato.png","","two_lemons_and_a_tomato.mp3"],["quizliteracy","1","Description","sentence_sentence","and","and  ","or ","but","","A dog ____ a cat.","A_dog_and_a_cat.mp3"],["quizliteracy","1","Description","sentence_sentence","and","but ","or ","and","","Three circles ____ a square.","Three_circles_and_a_square.mp3"]]}]],0,0,[],[],[]],[[[0,"A_cat_and_a_bird",".mp3",2.04],-1],0,0,[],[],[]],[[{"name":"l4_dogbird","rect":[0,0,868,689],"offset":[0,0],"originalSize":[868,689],"capInsets":[0,0,0,0]}],[0],0,[0],[0],[4]],[[[0,"A_spoon_and_two_forks",".mp3",2.544],-1],0,0,[],[],[]],[[[0,"A_dog_and_a_bird",".mp3",2.04],-1],0,0,[],[],[]],[[[0,"Two_lemons_and_a_tomato",".mp3",2.544],-1],0,0,[],[],[]],[[{"name":"l4_2spoons1fork","rect":[0,0,868,689],"offset":[0,0],"originalSize":[868,689],"capInsets":[0,0,0,0]}],[0],0,[0],[0],[5]],[["0,9729,9729,33071,33071,0,0,1",-1],[1],0,[],[],[]],[[[0,"A_dog_and_a_cat",".mp3",2.064],-1],0,0,[],[],[]],[["0,9729,9729,33071,33071,0,0,1",-1],[1],0,[],[],[]],[[{"name":"l4_1boy2chairs","rect":[0,0,868,689],"offset":[0,0],"originalSize":[868,689],"capInsets":[0,0,0,0]}],[0],0,[0],[0],[6]],[[[0,"A_boy_and_two_chairs",".mp3",2.232],-1],0,0,[],[],[]],[[[0,"Two_lemons_and_two_tomataoes",".mp3",3.12],-1],0,0,[],[],[]],[[{"name":"l4_1spoon2forks","rect":[0,0,868,689],"offset":[0,0],"originalSize":[868,689],"capInsets":[0,0,0,0]}],[0],0,[0],[0],[7]],[[[0,"Two_spoons_and_two_forks",".mp3",2.76],-1],0,0,[],[],[]],[["0,9729,9729,33071,33071,0,0,1",-1],[1],0,[],[],[]],[["0,9729,9729,33071,33071,0,0,1",-1],[1],0,[],[],[]],[[{"name":"l4_3circles1square","rect":[0,0,868,689],"offset":[0,0],"originalSize":[868,689],"capInsets":[0,0,0,0]}],[0],0,[0],[0],[8]],[[[0,"Three_squares_and_a_circle",".mp3",2.64],-1],0,0,[],[],[]],[["0,9729,9729,33071,33071,0,0,1",-1],[1],0,[],[],[]],[["0,9729,9729,33071,33071,0,0,1",-1],[1],0,[],[],[]],[[{"name":"l4_2spoons2forks","rect":[0,0,868,689],"offset":[0,0],"originalSize":[868,689],"capInsets":[0,0,0,0]}],[0],0,[0],[0],[9]],[["0,9729,9729,33071,33071,0,0,1",-1],[1],0,[],[],[]],[[[0,"Three_circles_and_a_square",".mp3",2.568],-1],0,0,[],[],[]],[[[0,"Two_spoons_and_a_fork",".mp3",2.328],-1],0,0,[],[],[]],[[[0,"Jay_and_Meera_like_milk",".mp3",2.808],-1],0,0,[],[],[]],[[{"name":"l4_dogcat","rect":[0,0,878,689],"offset":[0,0],"originalSize":[878,689],"capInsets":[0,0,0,0]}],[0],0,[0],[0],[10]],[[{"name":"l4_2boys1chair","rect":[0,0,868,689],"offset":[0,0],"originalSize":[868,689],"capInsets":[0,0,0,0]}],[0],0,[0],[0],[11]],[["0,9729,9729,33071,33071,0,0,1",-1],[1],0,[],[],[]],[[[0,"Two_boys_and_a_chair",".mp3",2.256],-1],0,0,[],[],[]],[["0,9729,9729,33071,33071,0,0,1",-1],[1],0,[],[],[]],[[{"name":"l4_2circles2squares","rect":[0,0,868,689],"offset":[0,0],"originalSize":[868,689],"capInsets":[0,0,0,0]}],[0],0,[0],[0],[12]],[[[0,"A_lemon_and_two_tomatoes",".mp3",2.808],-1],0,0,[],[],[]],[[[0,"A_boy_and_a_chair",".mp3",1.92],-1],0,0,[],[],[]],[[[0,"Two_circles_and_two_squares",".mp3",2.88],-1],0,0,[],[],[]],[[{"name":"l4_2lemons1tomato","rect":[0,0,868,689],"offset":[0,0],"originalSize":[868,689],"capInsets":[0,0,0,0]}],[0],0,[0],[0],[13]],[[{"name":"l4_1circle3squares","rect":[0,0,868,689],"offset":[0,0],"originalSize":[868,689],"capInsets":[0,0,0,0]}],[0],0,[0],[0],[14]]]]