[1,["22MdrzOIFJ4bu3vSe6h/TR","2cx8VdrHFPtJzJZKVaF9W3","52Gnu6yK1KC6njmzVkmUbK","10XSlZ/m9OjorInf0O/EhQ","cdzCPjo8FAIoRc5y8+GyyF","2bKpvHXehAEIMKCaeK4VWT","9cvqpFi0RKX4F4WeZL8IqH","41/pExW6pFN5wbUupX8Dhd","0f5u4BHnVE0LcQRA12MUK+","60tjwq62hNjYEfxVny8cad","87MX0EO8RBkY52fqCAn6Gb","08jq44d2FF0qpM1d3tEMjs","3dC+g4pXRHroBCt7KmPceZ","deKcVe7nlGlpwfJ59+H8mJ","2etxFpbidDZ7tcp0PKCsKZ","652aqllQNKl5Z5LzAM7qh2"],["_textureSetter"],["cc.Texture2D","cc.SpriteFrame",["cc.AudioClip",["_name","_native","duration"],0],["cc.JsonAsset",["_name","json"],1]],[[2,0,1,2,4],[3,0,1,3]],[[["0,9729,9729,33071,33071,0,0,1",-1],[0],0,[],[],[]],[["0,9729,9729,33071,33071,0,0,1",-1],[0],0,[],[],[]],[["0,9729,9729,33071,33071,0,0,1",-1],[0],0,[],[],[]],[[{"name":"matchinggame_rectangle_2_large","rect":[61,25,68,100],"offset":[0,0],"originalSize":[190,150],"capInsets":[0,0,0,0]}],[1],0,[0],[0],[0]],[["0,9729,9729,33071,33071,0,0,1",-1],[0],0,[],[],[]],[["0,9729,9729,33071,33071,0,0,1",-1],[0],0,[],[],[]],[["0,9729,9729,33071,33071,0,0,1",-1],[0],0,[],[],[]],[["0,9729,9729,33071,33071,0,0,1",-1],[0],0,[],[],[]],[["0,9729,9729,33071,33071,0,0,1",-1],[0],0,[],[],[]],[["0,9729,9729,33071,33071,0,0,1",-1],[0],0,[],[],[]],[[{"name":"matchinggame_triangle_object","rect":[52,17,96,118],"offset":[5,-1],"originalSize":[190,150],"capInsets":[0,0,0,0]}],[1],0,[0],[0],[1]],[[[0,"rectangle",".mp3",1.227755],-1],0,0,[],[],[]],[[{"name":"matchinggame_rectangle_1_medium","rect":[72,41,46,68],"offset":[0,0],"originalSize":[190,150],"capInsets":[0,0,0,0]}],[1],0,[0],[0],[2]],[[{"name":"matchinggame_triangle_2_large","rect":[41,26,109,94],"offset":[0.5,2],"originalSize":[190,150],"capInsets":[0,0,0,0]}],[1],0,[0],[0],[3]],[[{"name":"matchinggame_rectangle_object","rect":[60,20,73,114],"offset":[1.5,-2],"originalSize":[190,150],"capInsets":[0,0,0,0]}],[1],0,[0],[0],[4]],[["0,9729,9729,33071,33071,0,0,1",-1],[0],0,[],[],[]],[[[0,"circle",".mp3",1.123265],-1],0,0,[],[],[]],[[{"name":"matchinggame_square_2_large","rect":[49,29,92,92],"offset":[0,0],"originalSize":[190,150],"capInsets":[0,0,0,0]}],[1],0,[0],[0],[5]],[["0,9729,9729,33071,33071,0,0,1",-1],[0],0,[],[],[]],[[{"name":"matchinggame_circle_1_large","rect":[45,26,101,101],"offset":[0.5,-1.5],"originalSize":[190,150],"capInsets":[0,0,0,0]}],[1],0,[0],[0],[6]],[["0,9729,9729,33071,33071,0,0,1",-1],[0],0,[],[],[]],[[{"name":"matchinggame_triangle_1_large","rect":[41,26,109,94],"offset":[0.5,2],"originalSize":[190,150],"capInsets":[0,0,0,0]}],[1],0,[0],[0],[7]],[[{"name":"matchinggame_rectangle_1_large","rect":[61,25,68,100],"offset":[0,0],"originalSize":[190,150],"capInsets":[0,0,0,0]}],[1],0,[0],[0],[8]],[["0,9729,9729,33071,33071,0,0,1",-1],[0],0,[],[],[]],[[{"name":"matchinggame_circle_1_medium","rect":[61,41,67,67],"offset":[-0.5,0.5],"originalSize":[190,150],"capInsets":[0,0,0,0]}],[1],0,[0],[0],[9]],[[{"name":"matchinggame_triangle_1_medium","rect":[62,49,66,57],"offset":[0,-2.5],"originalSize":[190,150],"capInsets":[0,0,0,0]}],[1],0,[0],[0],[10]],[["0,9729,9729,33071,33071,0,0,1",-1],[0],0,[],[],[]],[[{"name":"matchinggame_square_1_large","rect":[49,29,92,92],"offset":[0,0],"originalSize":[190,150],"capInsets":[0,0,0,0]}],[1],0,[0],[0],[11]],[[{"name":"matchinggame_circle_object","rect":[27,41,95,97],"offset":[-0.5,5.5],"originalSize":[150,190],"capInsets":[0,0,0,0]}],[1],0,[0],[0],[12]],[[{"name":"matchinggame_square_object","rect":[49,32,96,88],"offset":[2,-1],"originalSize":[190,150],"capInsets":[0,0,0,0]}],[1],0,[0],[0],[13]],[["0,9729,9729,33071,33071,0,0,1",-1],[0],0,[],[],[]],[[[1,"sl_maths0502",{"rows":[["shapepair","1","Description","image","image","matchinggame_circle_2_large.png","matchinggame_circle_object.png","circle.mp3","matchinggame_rectangle_2_large.png","matchinggame_rectangle_object.png","rectangle.mp3","matchinggame_square_2_large.png","matchinggame_square_object.png","square.mp3","matchinggame_triangle_2_large.png","matchinggame_triangle_object.png","triangle.mp3"],["shapepair","1","Description","image","image","matchinggame_circle_1_medium.png","matchinggame_circle_object.png","circle.mp3","matchinggame_rectangle_1_medium.png","matchinggame_rectangle_object.png","rectangle.mp3","matchinggame_square_1_medium.png","matchinggame_square_object.png","square.mp3","matchinggame_triangle_1_medium.png","matchinggame_triangle_object.png","triangle.mp3"],["shapepair","1","Description","image","image","matchinggame_circle_2_large.png","matchinggame_circle_object.png","circle.mp3","matchinggame_rectangle_2_large.png","matchinggame_rectangle_object.png","rectangle.mp3","matchinggame_square_2_large.png","matchinggame_square_object.png","square.mp3","matchinggame_triangle_2_large.png","matchinggame_triangle_object.png","triangle.mp3"],["shapepair","1","Description","image","image","matchinggame_circle_1_large.png","matchinggame_circle_object.png","circle.mp3","matchinggame_rectangle_1_large.png","matchinggame_rectangle_object.png","rectangle.mp3","matchinggame_square_1_large.png","matchinggame_square_object.png","square.mp3","matchinggame_triangle_1_large.png","matchinggame_triangle_object.png","triangle.mp3"],["quizmaths","1","Description","shapes","rectangle","circle","square","triangle","rectangle","which","which_is_a_rectangle","Which is a rectangle?"],["quizmaths","1","Description","shapes","triangle","circle","square","triangle","rectangle","which","which_is_a_triangle","Which is a triangle?"],["quizmaths","1","Description","shapes","square","circle","square","triangle","rectangle","which","which_is_a_square","Which is a square?"]]}]],0,0,[],[],[]],[[{"name":"matchinggame_square_1_medium","rect":[64,44,62,63],"offset":[0,-0.5],"originalSize":[190,150],"capInsets":[0,0,0,0]}],[1],0,[0],[0],[14]],[[[0,"triangle",".mp3",0.888163],-1],0,0,[],[],[]],[["0,9729,9729,33071,33071,0,0,1",-1],[0],0,[],[],[]],[[[0,"square",".mp3",0.966531],-1],0,0,[],[],[]],[[{"name":"matchinggame_circle_2_large","rect":[45,26,101,101],"offset":[0.5,-1.5],"originalSize":[190,150],"capInsets":[0,0,0,0]}],[1],0,[0],[0],[15]]]]