[1,["66JmmxkHlAYqvdkLhaV71e","875+kd6L5NRL23lIYNw609","7fdP7wPlRKibEmJpeBISIr","aePxevtytD+o/M9JtEsjST","8aUjQCtHpIAp8zV+SiA8oY","f8ZX8f+tBARrwe+acHanW8"],["_textureSetter"],["cc.SpriteFrame","cc.Texture2D",["cc.AudioClip",["_name","_native","duration"],0],["cc.JsonAsset",["_name","json"],1]],[[2,0,1,2,4],[3,0,1,3]],[[[[0,"ती_नाचते",".mp3",1.201633],-1],0,0,[],[],[]],[[[1,"mr3601",{"rows":[["picturemeaning","1","Description","P","तो धावतो","he_runs.png","तो_धावतो.mp3","ती नाचते","she_dances.png","ती_नाचते.mp3","तो पुस्तक वाचतो","he_reads.png","तो_पुस्तक_वाचतो.mp3","तो धावतो"],["picturemeaning","1","Description","P","ती नाचते","she_dances.png","ती_नाचते.mp3","ती धावते","she_runs.png","ती_धावते.mp3","तो नाचतो","he_dances.png","तो_नाचतो.mp3"],["picturemeaning","1","Description","P","तो पुस्तक वाचतो","he_reads.png","तो_पुस्तक_वाचतो.mp3","तो धावतो","he_runs.png","तो_धावतो.mp3","ती पुस्तक वाचते","she_reads.png","ती_पुस्तक_वाचते.mp3"],["picturemeaning","1","Description","P","ती धावते","she_runs.png","ती_धावते.mp3","तो नाचतो","he_dances.png","तो_नाचतो.mp3","ती नाचते","she_dances.png","ती_नाचते.mp3"],["picturemeaning","1","Description","P","तो नाचतो","he_dances.png","तो_नाचतो.mp3","ती पुस्तक वाचते","she_reads.png","ती_पुस्तक_वाचते.mp3","ती धावते","she_runs.png","ती_धावते.mp3"],["picturemeaning","1","Description","P","ती पुस्तक वाचते","she_reads.png","ती_पुस्तक_वाचते.mp3","तो पुस्तक वाचतो","he_reads.png","तो_पुस्तक_वाचतो.mp3","तो धावतो","he_runs.png","तो_धावतो.mp3"],["quizliteracy","1","Description","image_sentence","ती नाचते","ती नाचते","तो धावतो","ती पुस्तक वाचते","she_dances.png","","ती_नाचते.mp3"],["quizliteracy","1","Description","image_sentence","तो धावतो","ती पुस्तक वाचते","ती नाचते","तो धावतो","he_runs.png","","तो_धावतो.mp3"],["quizliteracy","1","Description","image_sentence","ती पुस्तक वाचते","तो धावतो","ती पुस्तक वाचते","ती नाचते","she_reads.png","","ती_पुस्तक_वाचते.mp3"]]}]],0,0,[],[],[]],[[[0,"तो_धावतो",".mp3",1.149388],-1],0,0,[],[],[]],[[{"name":"she_reads","rect":[0,0,465,799],"offset":[0,0],"originalSize":[465,799],"capInsets":[0,0,0,0]}],[0],0,[0],[0],[0]],[[{"name":"he_runs","rect":[0,0,640,639],"offset":[0,0],"originalSize":[640,639],"capInsets":[0,0,0,0]}],[0],0,[0],[0],[1]],[[[0,"तो_नाचतो",".mp3",1.28],-1],0,0,[],[],[]],[["0,9729,9729,33071,33071,0,0,1",-1],[1],0,[],[],[]],[[[0,"तो_पुस्तक_वाचतो",".mp3",1.750204],-1],0,0,[],[],[]],[[{"name":"she_dances","rect":[138,0,324,600],"offset":[0,0],"originalSize":[600,600],"capInsets":[0,0,0,0]}],[0],0,[0],[0],[2]],[[{"name":"he_reads","rect":[0,0,640,381],"offset":[0,0],"originalSize":[640,381],"capInsets":[0,0,0,0]}],[0],0,[0],[0],[3]],[["0,9729,9729,33071,33071,0,0,1",-1],[1],0,[],[],[]],[["0,9729,9729,33071,33071,0,0,1",-1],[1],0,[],[],[]],[["0,9729,9729,33071,33071,0,0,1",-1],[1],0,[],[],[]],[["0,9729,9729,33071,33071,0,0,1",-1],[1],0,[],[],[]],[[{"name":"she_runs","rect":[0,15,600,571],"offset":[0,-0.5],"originalSize":[600,600],"capInsets":[0,0,0,0]}],[0],0,[0],[0],[4]],[[[0,"ती_पुस्तक_वाचते",".mp3",1.619592],-1],0,0,[],[],[]],[[{"name":"he_dances","rect":[174,0,251,600],"offset":[-0.5,0],"originalSize":[600,600],"capInsets":[0,0,0,0]}],[0],0,[0],[0],[5]],[["0,9729,9729,33071,33071,0,0,1",-1],[1],0,[],[],[]],[[[0,"ती_धावते",".mp3",1.149388],-1],0,0,[],[],[]]]]