[1,["5cAI914CRDvoyIAD73rt1W","b8/H8MrBxCMpkxleXaZhnA","0fZcZCsKBDHq73pblqjLze","a4CMqpjfJKnJaf6JQ6DmfO","e90BOVCChDiLnAfGjHMe3m","7b6LV2qkVEebrF3Oj9EFWW","053iX2+6FFlZTB7AMTUguM","60Livf8YJLcoSruVNP8x07","f9ENFWFB5DipYHZtGawdST","d6ejrns59OQpHRMLyfP9AJ","55QVQuFClGV7TqW62gbfmf","63+oR8WZ5LSoZJsHCo5MLb"],["_textureSetter"],["cc.Texture2D","cc.SpriteFrame",["cc.JsonAsset",["_name","json"],1]],[[2,0,1,3]],[[["0,9729,9729,33071,33071,0,0,1",-1],[0],0,[],[],[]],[["0,9729,9729,33071,33071,0,0,1",-1],[0],0,[],[],[]],[[{"name":"matchinggame_square_level1_large","rect":[49,29,92,92],"offset":[0,0],"originalSize":[190,150],"capInsets":[0,0,0,0]}],[1],0,[0],[0],[0]],[[{"name":"matchinggame_rectangle_level1_small","rect":[82,55,26,40],"offset":[0,0],"originalSize":[190,150],"capInsets":[0,0,0,0]}],[1],0,[0],[0],[1]],[[{"name":"matchinggame_triangle_level1_large","rect":[41,26,109,94],"offset":[0.5,2],"originalSize":[190,150],"capInsets":[0,0,0,0]}],[1],0,[0],[0],[2]],[[{"name":"matchinggame_square_level1_small","rect":[76,56,38,38],"offset":[0,0],"originalSize":[190,150],"capInsets":[0,0,0,0]}],[1],0,[0],[0],[3]],[["0,9729,9729,33071,33071,0,0,1",-1],[0],0,[],[],[]],[["0,9729,9729,33071,33071,0,0,1",-1],[0],0,[],[],[]],[["0,9729,9729,33071,33071,0,0,1",-1],[0],0,[],[],[]],[["0,9729,9729,33071,33071,0,0,1",-1],[0],0,[],[],[]],[["0,9729,9729,33071,33071,0,0,1",-1],[0],0,[],[],[]],[[[0,"maths0400",{"rows":[["shapepair","1","Description","image","image","matchinggame_circle_level1_large.png","matchinggame_circle_level1_large.png","circle.mp3","matchinggame_rectangle_level1_large.png","matchinggame_rectangle_level1_large.png","rectangle.mp3","matchinggame_square_level1_large.png","matchinggame_square_level1_large.png","square.mp3","matchinggame_triangle_level1_large.png","matchinggame_triangle_level1_large.png","triangle.mp3"],["shapepair","1","Description","image","image","matchinggame_circle_level1_large.png","matchinggame_circle_level1_medium.png","circle.mp3","matchinggame_rectangle_level1_large.png","matchinggame_rectangle_level1_medium.png","rectangle.mp3","matchinggame_square_level1_large.png","matchinggame_square_level1_medium.png","square.mp3","matchinggame_triangle_level1_large.png","matchinggame_triangle_level1_medium.png","triangle.mp3"],["shapepair","1","Description","image","image","matchinggame_circle_level1_large.png","matchinggame_circle_level1_small.png","circle.mp3","matchinggame_rectangle_level1_large.png","matchinggame_rectangle_level1_small.png","rectangle.mp3","matchinggame_square_level1_large.png","matchinggame_square_level1_small.png","square.mp3","matchinggame_triangle_level1_large.png","matchinggame_triangle_level1_small.png","triangle.mp3"],["quizmaths","1","Description","shapes","square","circle","square","triangle","rectangle","which","which_is_a_square","Which is a square?"],["quizmaths","1","Description","shapes","triangle","circle","square","triangle","rectangle","which","which_is_a_triangle","Which is a triangle?"],["quizmaths","1","Description","shapes","rectangle","circle","square","triangle","rectangle","which","which_is_a_rectangle","Which is a rectangle?"]]}]],0,0,[],[],[]],[["0,9729,9729,33071,33071,0,0,1",-1],[0],0,[],[],[]],[[{"name":"matchinggame_rectangle_level1_medium","rect":[72,41,46,68],"offset":[0,0],"originalSize":[190,150],"capInsets":[0,0,0,0]}],[1],0,[0],[0],[4]],[[{"name":"matchinggame_rectangle_level1_large","rect":[61,25,68,100],"offset":[0,0],"originalSize":[190,150],"capInsets":[0,0,0,0]}],[1],0,[0],[0],[5]],[["0,9729,9729,33071,33071,0,0,1",-1],[0],0,[],[],[]],[[{"name":"matchinggame_circle_level1_small","rect":[77,57,35,35],"offset":[-0.5,0.5],"originalSize":[190,150],"capInsets":[0,0,0,0]}],[1],0,[0],[0],[6]],[[{"name":"matchinggame_circle_level1_medium","rect":[61,41,67,67],"offset":[-0.5,0.5],"originalSize":[190,150],"capInsets":[0,0,0,0]}],[1],0,[0],[0],[7]],[["0,9729,9729,33071,33071,0,0,1",-1],[0],0,[],[],[]],[[{"name":"matchinggame_square_level1_medium","rect":[64,44,63,63],"offset":[0.5,-0.5],"originalSize":[190,150],"capInsets":[0,0,0,0]}],[1],0,[0],[0],[8]],[[{"name":"matchinggame_triangle_level1_medium","rect":[62,49,66,57],"offset":[0,-2.5],"originalSize":[190,150],"capInsets":[0,0,0,0]}],[1],0,[0],[0],[9]],[["0,9729,9729,33071,33071,0,0,1",-1],[0],0,[],[],[]],[[{"name":"matchinggame_triangle_level1_small","rect":[78,66,34,30],"offset":[0,-6],"originalSize":[190,150],"capInsets":[0,0,0,0]}],[1],0,[0],[0],[10]],[[{"name":"matchinggame_circle_level1_large","rect":[45,26,101,101],"offset":[0.5,-1.5],"originalSize":[190,150],"capInsets":[0,0,0,0]}],[1],0,[0],[0],[11]],[["0,9729,9729,33071,33071,0,0,1",-1],[0],0,[],[],[]]]]