[1,["fa6W3+E9dEfbQsi0yQvkEs","a1TwhuV1tA36bPoBaVa2Jb","411cEN1+RFBLTte4PTvuhL","ff9vp+nztPGrHqysSTTn6B","8feOcAdB9IQZFKJ4/hMb0P","47x7/ZUcREeI8MlJ3vRh1p","59T5d5yKFHYqXQ9bXfi58T","e7aYVvpttLq5YSNdr4n6/x"],["_textureSetter"],["cc.SpriteFrame","cc.Texture2D",["cc.AudioClip",["_name","_native","duration"],0],["cc.JsonAsset",["_name","json"],1]],[[2,0,1,2,4],[3,0,1,3]],[[[{"name":"सर","rect":[0,0,370,273],"offset":[0,0],"originalSize":[370,273],"capInsets":[0,0,0,0]}],[0],0,[0],[0],[0]],[[{"name":"बतख","rect":[0,0,400,333],"offset":[0,0],"originalSize":[400,333],"capInsets":[0,0,0,0]}],[0],0,[0],[0],[1]],[[{"name":"मटर","rect":[0,0,500,500],"offset":[0,0],"originalSize":[500,500],"capInsets":[0,0,0,0]}],[0],0,[0],[0],[2]],[["0,9729,9729,33071,33071,0,0,1",-1],[1],0,[],[],[]],[[[0,"वन",".mp3",0.548571],-1],0,0,[],[],[]],[["0,9729,9729,33071,33071,0,0,1",-1],[1],0,[],[],[]],[[{"name":"कमल","rect":[0,0,400,333],"offset":[0,0],"originalSize":[400,333],"capInsets":[0,0,0,0]}],[0],0,[0],[0],[3]],[["0,9729,9729,33071,33071,0,0,1",-1],[1],0,[],[],[]],[[{"name":"घर","rect":[0,0,400,333],"offset":[0,0],"originalSize":[400,333],"capInsets":[0,0,0,0]}],[0],0,[0],[0],[4]],[[[1,"hi1201",{"rows":[["writeword","1","Description","सर","सर.png","सर.mp3"],["writeword","1","Description","वन","वन.png","वन.mp3"],["writeword","1","Description","घर","घर.png","घर.mp3"],["writeword","1","Description","ऐनक","ऐनक.png","ऐनक.mp3"],["writeword","1","Description","कमल","कमल.png","कमल.mp3"],["writeword","1","Description","मटर","मटर.png","मटर.mp3"],["writeword","1","Description","कलम","कलम.png","कलम.mp3"],["quizliteracy","1","Description","soundonly_word","सर","मटर","ऐनक","सर","","","सर.mp3"],["quizliteracy","1","Description","image_word","ऐनक","ऐनक","सर","मटर","ऐनक.png"],["quizliteracy","1","Description","image_word","मटर","सर","बतख","ऐनक","मटर.png"]]}]],0,0,[],[],[]],[[{"name":"ऐनक","rect":[0,0,400,333],"offset":[0,0],"originalSize":[400,333],"capInsets":[0,0,0,0]}],[0],0,[0],[0],[5]],[[{"name":"कलम","rect":[115,17,130,256],"offset":[-5,-8.5],"originalSize":[370,273],"capInsets":[0,0,0,0]}],[0],0,[0],[0],[6]],[["0,9729,9729,33071,33071,0,0,1",-1],[1],0,[],[],[]],[[{"name":"वन","rect":[0,0,400,333],"offset":[0,0],"originalSize":[400,333],"capInsets":[0,0,0,0]}],[0],0,[0],[0],[7]],[["0,9729,9729,33071,33071,0,0,1",-1],[1],0,[],[],[]],[[[0,"ऐनक",".mp3",0.731429],-1],0,0,[],[],[]],[[[0,"घर",".mp3",0.653061],-1],0,0,[],[],[]],[[[0,"सर",".mp3",0.574694],-1],0,0,[],[],[]],[[[0,"बतख",".mp3",0.731429],-1],0,0,[],[],[]],[["0,9729,9729,33071,33071,0,0,1",-1],[1],0,[],[],[]],[[[0,"कमल",".mp3",0.574694],-1],0,0,[],[],[]],[[[0,"मटर",".mp3",0.888],-1],0,0,[],[],[]],[["0,9729,9729,33071,33071,0,0,1",-1],[1],0,[],[],[]],[["0,9729,9729,33071,33071,0,0,1",-1],[1],0,[],[],[]]]]