[1,["865QDaJxtPa5q3UYl5DQM2","fdNmuAVZhGMJFHCC98HK/w","26aGvazHFP4q+4DzlIhvMf","29J6B/UNNK+5EqXD95e3A2","1bfBpxsslB1IptEY7gi0lA"],["_textureSetter"],["cc.SpriteFrame","cc.Texture2D",["cc.AudioClip",["_name","_native","duration"],0],["cc.JsonAsset",["_name","json"],1]],[[2,0,1,2,4],[3,0,1,3]],[[[[0,"gain",".mp3",0.679184],-1],0,0,[],[],[]],[[{"name":"spelling_rain","rect":[0,0,370,273],"offset":[0,0],"originalSize":[370,273],"capInsets":[0,0,0,0]}],[0],0,[0],[0],[0]],[[[0,"geese",".mp3",0.679184],-1],0,0,[],[],[]],[[[0,"sh",".mp3",0.809796],-1],0,0,[],[],[]],[[[0,"gap",".mp3",0.365714],-1],0,0,[],[],[]],[["0,9729,9729,33071,33071,0,0,1",-1],[1],0,[],[],[]],[[[0,"chair",".mp3",0.705306],-1],0,0,[],[],[]],[["0,9729,9729,33071,33071,0,0,1",-1],[1],0,[],[],[]],[["0,9729,9729,33071,33071,0,0,1",-1],[1],0,[],[],[]],[[{"name":"face","rect":[0,0,512,425],"offset":[0,0],"originalSize":[512,425],"capInsets":[0,0,0,0]}],[0],0,[0],[0],[1]],[[{"name":"train","rect":[59,52,476,280],"offset":[7,38],"originalSize":[580,460],"capInsets":[0,0,0,0]}],[0],0,[0],[0],[2]],[[[0,"chain",".mp3",0.992653],-1],0,0,[],[],[]],[[[0,"rain",".mp3",0.757551],-1],0,0,[],[],[]],[[[0,"chart",".mp3",0.984],-1],0,0,[],[],[]],[[[0,"share",".mp3",0.653061],-1],0,0,[],[],[]],[["0,9729,9729,33071,33071,0,0,1",-1],[1],0,[],[],[]],[[[0,"chap",".mp3",0.653061],-1],0,0,[],[],[]],[[[0,"ch",".mp3",0.365714],-1],0,0,[],[],[]],[[[0,"ship",".mp3",0.626939],-1],0,0,[],[],[]],[[[1,"sl_en1106",{"rows":[["grid","1","Description","ch","ain,air,art"],["grid","1","Description","ch,g","ap,ain,eese"],["openwindow","1","Description","LEGIT","rain","rain.png","face.png","rain.mp3","abcdefghijklmnopqrstuvwxyz"],["openwindow","1","Description","LEGIT","train","train.png","color.png","train.mp3","abcdefghijklmnopqrstuvwxyz"],["speakingpet","1","Description","ch.mp3","sh.mp3","chap","chap.mp3","A","1,2","chain","chain.mp3","A","1,2","share","share.mp3","B","1,2","ship","ship.mp3","B","1,2"],["spelldoor","1","Description","rain","****","4","2","spelling_rain.png","rain.mp3"],["quizliteracy","1","Description","word_word","ain","air","ain","art","","r___","rain.mp3"],["quizliteracy","1","Description","word_word","ain","ese","ape","ain","","tr___","train.mp3"],["quizliteracy","1","Description","word_word","ain","ain","est","air","","ch___","chain.mp3"]]}]],0,0,[],[],[]],[[[0,"cheese",".mp3",0.914286],-1],0,0,[],[],[]],[[{"name":"rain","rect":[0,0,512,512],"offset":[0,0],"originalSize":[512,512],"capInsets":[0,0,0,0]}],[0],0,[0],[0],[3]],[[{"name":"color","rect":[22,16,148,119],"offset":[-0.5,1],"originalSize":[193,153],"capInsets":[0,0,0,0]}],[0],0,[0],[0],[4]],[[[0,"train",".mp3",0.835918],-1],0,0,[],[],[]],[["0,9729,9729,33071,33071,0,0,1",-1],[1],0,[],[],[]]]]