[1,["92GQoceh1MyKx98q1aO6wW","09KhUAafpCt7IGh5O365Bb","77vhMHXB5FUaCl8cgZldaA","4fLU51TP9AF6rLiB6errne","ffhVjlNYND5pzhvV0/wQPA"],["_textureSetter"],["cc.Texture2D","cc.SpriteFrame",["cc.AudioClip",["_name","_native","duration"],0],["cc.JsonAsset",["_name","json"],1]],[[2,0,1,2,4],[3,0,1,3]],[[["0,9729,9729,33071,33071,0,0,1",-1],[0],0,[],[],[]],[[[0,"ಅಗೌರವ",".mp3",0.96],-1],0,0,[],[],[]],[[[0,"ಅವ್ಯವಸ್ಥೆ",".mp3",1.08],-1],0,0,[],[],[]],[[[0,"ಅಸಮಾಧಾನ",".mp3",1.272],-1],0,0,[],[],[]],[["0,9729,9729,33071,33071,0,0,1",-1],[0],0,[],[],[]],[["0,9729,9729,33071,33071,0,0,1",-1],[0],0,[],[],[]],[[[1,"kn2_1605",{"rows":[["spelldoor","1","Description","ಅಗೌರವ","*ಗೌರವ","4","4","insult.png","ಅಗೌರವ.mp3"],["spelldoor","1","Description","ಅವ್ಯವಸ್ಥೆ","*ವ್ಯವಸ್ಥೆ","4","4","disorganized.png","ಅವ್ಯವಸ್ಥೆ.mp3"],["spelldoor","1","Description","ಅವಿನಯ","*ವಿನಯ","4","4","rude.png","ಅವಿನಯ.mp3"],["spelldoor","1","Description","ಅಸಮಾಧಾನ","*ಸಮಾಧಾನ","4","4","irritated.png","ಅಸಮಾಧಾನ.mp3"],["spelldoor","1","Description","ಅಶುಭ","*ಶುಭ","4","4","unfortunate.png","ಅಶುಭ.mp3"],["quizliteracy","1","Description","word_word","ಅ","ಅ","ಆ","ಹ","","_ವ್ಯವಸ್ಥೆ","ಅವ್ಯವಸ್ಥೆ.mp3"],["quizliteracy","1","Description","word_word","ಅ","ಹ","ಅ","ಆ","","_ವಿನಯ","ಅವಿನಯ.mp3"],["quizliteracy","1","Description","word_word","ಅ","ಆ","ಹ","ಅ","","_ಸಮಾಧಾನ","ಅಸಮಾಧಾನ.mp3"]]}]],0,0,[],[],[]],[[{"name":"insult","rect":[0,0,401,397],"offset":[0,0],"originalSize":[401,397],"capInsets":[0,0,0,0]}],[1],0,[0],[0],[0]],[[{"name":"irritated","rect":[0,0,400,400],"offset":[0,0],"originalSize":[400,400],"capInsets":[0,0,0,0]}],[1],0,[0],[0],[1]],[[[0,"ಅವಿನಯ",".mp3",0.84],-1],0,0,[],[],[]],[[{"name":"unfortunate","rect":[0,0,400,400],"offset":[0,0],"originalSize":[400,400],"capInsets":[0,0,0,0]}],[1],0,[0],[0],[2]],[["0,9729,9729,33071,33071,0,0,1",-1],[0],0,[],[],[]],[[[0,"ಅಶುಭ",".mp3",0.744],-1],0,0,[],[],[]],[[{"name":"disorganized","rect":[0,0,400,267],"offset":[0,0],"originalSize":[400,267],"capInsets":[0,0,0,0]}],[1],0,[0],[0],[3]],[[{"name":"rude","rect":[0,0,400,400],"offset":[0,0],"originalSize":[400,400],"capInsets":[0,0,0,0]}],[1],0,[0],[0],[4]],[["0,9729,9729,33071,33071,0,0,1",-1],[0],0,[],[],[]]]]