[1,["3cM4+5K+ZIU725mMV/MMBQ","55q+scPNBAV4QvC1ENauPz","8bnr80SJ1BMJUqowajQr1D","aaLnCRWRVEaIvF9kZURO9u","b4ShH9OXJOlq5C75WutRpp"],["_textureSetter"],["cc.SpriteFrame","cc.Texture2D",["cc.AudioClip",["_name","_native","duration"],0],["cc.JsonAsset",["_name","json"],1]],[[2,0,1,2,4],[3,0,1,3]],[[[{"name":"birdsontree","rect":[0,0,640,480],"offset":[0,0],"originalSize":[640,480],"capInsets":[0,0,0,0]}],[0],0,[0],[0],[0]],[["0,9729,9729,33071,33071,0,0,1",-1],[1],0,[],[],[]],[["0,9729,9729,33071,33071,0,0,1",-1],[1],0,[],[],[]],[[{"name":"birds_chirping","rect":[0,0,640,427],"offset":[0,0],"originalSize":[640,427],"capInsets":[0,0,0,0]}],[0],0,[0],[0],[1]],[["0,9729,9729,33071,33071,0,0,1",-1],[1],0,[],[],[]],[[[0,"पाखरे_दूर_निघून_गेली",".mp3",1.985306],-1],0,0,[],[],[]],[["0,9729,9729,33071,33071,0,0,1",-1],[1],0,[],[],[]],[["0,9729,9729,33071,33071,0,0,1",-1],[1],0,[],[],[]],[[[0,"वडेश_पिलांवर_रागवायचा",".mp3",2.45551],-1],0,0,[],[],[]],[[[0,"पाखरांची_पिले_दंगा_करायची",".mp3",2.925714],-1],0,0,[],[],[]],[[[1,"mr2904",{"rows":[["createsentence","1","Description","पाखरांची/पिले/दंगा/करायची","","birds_chirping.png","पाखरांची_पिले_दंगा_करायची.mp3"],["createsentence","1","Description","वडेश/पिलांवर/रागवायचा","","big_tree.png","वडेश_पिलांवर_रागवायचा.mp3"],["createsentence","1","Description","पाखरांना/वडेशचा/राग/आला","","Birds.png","पाखरांना_वडेशचा_राग_आला.mp3"],["createsentence","1","Description","पाखरे/दूर/निघून/गेली","","birds_flying.png","पाखरे_दूर_निघून_गेली.mp3"],["quizliteracy","1","Description","image_sentence","वडेश पिलांवर रागवायचा","पाखरे दूर निघून गेली","पाखरांना वडेशचा राग आला","वडेश पिलांवर रागवायचा","big_tree.png","","वडेश_पिलांवर_रागवायचा.mp3"],["quizliteracy","1","Description","image_sentence","पाखरांना वडेशचा राग आला","पाखरांना वडेशचा राग आला","वडेश पिलांवर रागवायचा","पाखरे दूर निघून गेली","birdsontree.png","","पाखरांना_वडेशचा_राग_आला.mp3"],["quizliteracy","1","Description","image_sentence","पाखरे दूर निघून गेली","वडेश पिलांवर रागवायचा","पाखरे दूर निघून गेली","पाखरांना वडेशचा राग आला","birds_flying.png","","पाखरे_दूर_निघून_गेली.mp3"]]}]],0,0,[],[],[]],[[{"name":"big_tree","rect":[0,0,640,480],"offset":[0,0],"originalSize":[640,480],"capInsets":[0,0,0,0]}],[0],0,[0],[0],[2]],[[[0,"पाखरांना_वडेशचा_राग_आला",".mp3",2.56],-1],0,0,[],[],[]],[[{"name":"birds_flying","rect":[0,0,640,427],"offset":[0,0],"originalSize":[640,427],"capInsets":[0,0,0,0]}],[0],0,[0],[0],[3]],[[{"name":"Birds","rect":[0,0,640,427],"offset":[0,0],"originalSize":[640,427],"capInsets":[0,0,0,0]}],[0],0,[0],[0],[4]]]]