[1,["79oQnAImdMO4nXMfzsE+Fz","15wHuRNvlBbKSNlYBDX2TK","f0zznO/9ZMEb8j4+2oi/Pi","a8T3ucFYVDDrCCMvmln+nw","587AeN7u1KgKBw95uePgkL","5bMDrbhdFDoYUjb7iGZfgE","ce5aRm2/pCxbo1aHKl3+LQ"],["_textureSetter"],["cc.SpriteFrame","cc.Texture2D",["cc.AudioClip",["_name","_native","duration"],0],["cc.JsonAsset",["_name","json"],1]],[[2,0,1,2,4],[3,0,1,3]],[[[[0,"elephants",".mp3",1.22775],-1],0,0,[],[],[]],[[{"name":"ap_puzzle4_elephant1_puzzle","rect":[5,4,289,340],"offset":[0.5,3],"originalSize":[298,354],"capInsets":[0,0,0,0]}],[0],0,[0],[0],[0]],[["0,9729,9729,33071,33071,0,0,1",-1],[1],0,[],[],[]],[[{"name":"ap2_puzzle8_flower_puzzle","rect":[3,3,125,266],"offset":[-0.5,3.5],"originalSize":[132,279],"capInsets":[0,0,0,0]}],[0],0,[0],[0],[1]],[[{"name":"ap2_puzzle8_rabbit_puzzle","rect":[4,1,210,379],"offset":[0,4],"originalSize":[218,389],"capInsets":[0,0,0,0]}],[0],0,[0],[0],[2]],[[[0,"rabbit_and_flower",".mp3",2.56],-1],0,0,[],[],[]],[[{"name":"ap_puzzle4_elephant2_puzzle","rect":[4,5,241,328],"offset":[0.5,4],"originalSize":[248,346],"capInsets":[0,0,0,0]}],[0],0,[0],[0],[3]],[["0,9729,9729,33071,33071,0,0,1",-1],[1],0,[],[],[]],[["1,9729,9729,33071,33071,0,0,1",-1],[1],0,[],[],[]],[[{"name":"ap_puzzle4_elephant3_puzzle","rect":[3,5,153,182],"offset":[0.5,2],"originalSize":[158,196],"capInsets":[0,0,0,0]}],[0],0,[0],[0],[4]],[["0,9729,9729,33071,33071,0,0,1",-1],[1],0,[],[],[]],[[{"name":"ap_puzzle4_background","rect":[0,0,802,432],"offset":[0,0],"originalSize":[802,432],"capInsets":[0,0,0,0]}],[0],0,[0],[0],[5]],[[[1,"pictureboard0009",{"rows":[["pictureboard","1","Description","Rabbit and Flower","ap2_puzzle8_background.jpg","2","","rabbit_and_flower.mp3","ap2_puzzle8_flower_puzzle.png","572","106","","ap2_puzzle8_rabbit_puzzle.png","1228","66"]]}]],0,0,[],[],[]],[["0,9729,9729,33071,33071,0,0,1",-1],[1],0,[],[],[]],[[{"name":"ap2_puzzle8_background","rect":[0,0,802,432],"offset":[0,0],"originalSize":[802,432],"capInsets":[0,0,0,0]}],[0],0,[0],[0],[6]],[["1,9729,9729,33071,33071,0,0,1",-1],[1],0,[],[],[]],[["0,9729,9729,33071,33071,0,0,1",-1],[1],0,[],[],[]]]]