[1,["9bKwT2O7NPooBJPXxyBDB8","ebC5HLO1BB9JWL6BEngoYA","f0orJI7uFDm5uXcsRWu3q5","31Xi8WwfZEy4Fhg+xzFjUd","25UINfSrxMjbIyYuaAC5Cz"],["_textureSetter"],["cc.Texture2D","cc.SpriteFrame",["cc.AudioClip",["_name","_native","duration"],0],["cc.JsonAsset",["_name","json"],1]],[[2,0,1,2,4],[3,0,1,3]],[[["0,9729,9729,33071,33071,0,0,1",-1],[0],0,[],[],[]],[[[0,"ನ",".mp3",0.48],-1],0,0,[],[],[]],[[{"name":"rath","rect":[0,0,384,512],"offset":[0,0],"originalSize":[384,512],"capInsets":[0,0,0,0]}],[1],0,[0],[0],[0]],[[[0,"ರಥ",".mp3",0.648],-1],0,0,[],[],[]],[["0,9729,9729,33071,33071,0,0,1",-1],[0],0,[],[],[]],[[[0,"ಖಗ",".mp3",0.648],-1],0,0,[],[],[]],[[[1,"kn1601",{"rows":[["rocket","1","Description","ರಥ","ರ,ಥ","ರ,ಥ","ರಥ.mp3","rath.png","False","False"],["spelldoor","1","Description","ತಡ","*ಡ","0","1","impede.png","ತಡ.mp3"],["rocket","1","Description","ಖಗ","ಖ,ಗ","ಖ,ಗ","ಖಗ.mp3","vulture.png","False","False"],["phonictractor","1","Description","4","ಘನ","ಘನ.mp3","ಘ","ಘ.mp3","ನ","ನ.mp3"],["writeword","1","Description","ಧನ","wealth.png","ಧನ.mp3"],["phonictractor","1","Description","5","ಕರ","ಕರ.mp3","ಕ","ಕ.mp3","ರ","ರ.mp3"],["spelldoor","1","Description","ಛಂದ","**","0","0","beautiful.png","ಛಂದ.mp3"],["quizliteracy","1","Description","soundonly_word","ರಥ","ರಥ","ತಡ","ಧನ","","","ರಥ.mp3"],["quizliteracy","1","Description","image_word","ಧನ","ಕರ","ರಥ","ಧನ","wealth.png"],["quizliteracy","1","Description","word_word","ರ","ಪ","ರ","ಬ","","ಕ___","ಕರ.mp3"]]}]],0,0,[],[],[]],[[[0,"ತಡ",".mp3",0.6],-1],0,0,[],[],[]],[[[0,"ಘ",".mp3",0.528],-1],0,0,[],[],[]],[[[0,"ಕರ",".mp3",0.576],-1],0,0,[],[],[]],[[[0,"ಛಂದ",".mp3",0.744],-1],0,0,[],[],[]],[["0,9729,9729,33071,33071,0,0,1",-1],[0],0,[],[],[]],[[[0,"ರ",".mp3",0.48],-1],0,0,[],[],[]],[[[0,"ಧನ",".mp3",0.6],-1],0,0,[],[],[]],[[[0,"ಕ",".mp3",0.504],-1],0,0,[],[],[]],[[[0,"ಘನ",".mp3",0.6],-1],0,0,[],[],[]],[[{"name":"impede","rect":[0,0,322,512],"offset":[0,0],"originalSize":[322,512],"capInsets":[0,0,0,0]}],[1],0,[0],[0],[1]],[[{"name":"vulture","rect":[0,0,512,426],"offset":[0,0],"originalSize":[512,426],"capInsets":[0,0,0,0]}],[1],0,[0],[0],[2]],[[{"name":"beautiful","rect":[0,0,512,341],"offset":[0,0],"originalSize":[512,341],"capInsets":[0,0,0,0]}],[1],0,[0],[0],[3]],[["0,9729,9729,33071,33071,0,0,1",-1],[0],0,[],[],[]],[["0,9729,9729,33071,33071,0,0,1",-1],[0],0,[],[],[]],[[{"name":"wealth","rect":[0,0,512,341],"offset":[0,0],"originalSize":[512,341],"capInsets":[0,0,0,0]}],[1],0,[0],[0],[4]]]]