[1,["a7SX9Om7xNnbaRZkrfoTPQ","0bMkn83qdEAIcMDQQd6BqJ","58cmUOAmZFi6Rim08z44Qn","89YQiq/xFCG6Ea+Oqz0twh"],["_textureSetter"],["cc.Texture2D","cc.SpriteFrame",["cc.AudioClip",["_name","_native","duration"],0],["cc.JsonAsset",["_name","json"],1]],[[2,0,1,2,4],[3,0,1,3]],[[["0,9729,9729,33071,33071,0,0,1",-1],[0],0,[],[],[]],[[{"name":"horse","rect":[0,0,400,400],"offset":[0,0],"originalSize":[400,400],"capInsets":[0,0,0,0]}],[1],0,[0],[0],[0]],[[[0,"ಹುಡುಕು",".mp3",0.84],-1],0,0,[],[],[]],[["0,9729,9729,33071,33071,0,0,1",-1],[0],0,[],[],[]],[[[0,"ಕುದುರೆ",".mp3",0.792],-1],0,0,[],[],[]],[[{"name":"advise","rect":[0,0,400,400],"offset":[0,0],"originalSize":[400,400],"capInsets":[0,0,0,0]}],[1],0,[0],[0],[1]],[[[0,"ಸಲಹೆ",".mp3",0.888],-1],0,0,[],[],[]],[["0,9729,9729,33071,33071,0,0,1",-1],[0],0,[],[],[]],[[{"name":"good","rect":[0,0,400,400],"offset":[0,0],"originalSize":[400,400],"capInsets":[0,0,0,0]}],[1],0,[0],[0],[2]],[[[0,"ಒಳ್ಳೆಯ",".mp3",0.792],-1],0,0,[],[],[]],[["0,9729,9729,33071,33071,0,0,1",-1],[0],0,[],[],[]],[[[1,"kn2_0608",{"rows":[["rocket","1","Description","  ಕುದುರೆ","ಕು,ದು,ರೆ","ಕು,ದು,ರೆ","ಕುದುರೆ.mp3","horse.png","False","False"],["rocket","1","Description","  ಸಲಹೆ","ಸ,ಲ,ಹೆ","ಸ,ಲ,ಹೆ","ಸಲಹೆ.mp3","advise.png","False","False"],["rocket","1","Description","  ಹುಡುಕು","ಹು,ಡು,ಕು","ಹು,ಡು,ಕು","ಹುಡುಕು.mp3","search.png","False","False"],["rocket","1","Description","  ಒಳ್ಳೆಯ","ಒ,ಳ್ಳೆ,ಯ","ಒ,ಳ್ಳೆ,ಯ","ಒಳ್ಳೆಯ.mp3","good.png","False","False"],["quizliteracy","1","Description","soundonly_word","ಕುದುರೆ","ಕುದುರೆ","ಸಲಹೆ","ಹುಡುಕು","","","ಕುದುರೆ.mp3"],["quizliteracy","1","Description","soundonly_word","ಸಲಹೆ","ಹುಡುಕು","ಕುದುರೆ","ಸಲಹೆ","","","ಸಲಹೆ.mp3"],["quizliteracy","1","Description","soundonly_word","ಹುಡುಕು","ಸಲಹೆ","ಹುಡುಕು","ಕುದುರೆ","","","ಹುಡುಕು.mp3"]]}]],0,0,[],[],[]],[[{"name":"search","rect":[0,0,400,400],"offset":[0,0],"originalSize":[400,400],"capInsets":[0,0,0,0]}],[1],0,[0],[0],[3]]]]