[1,["5eHhq28DRK8IcwAjeaqRLw","49glgp1JpCPYJ2nb51z17f","25UAWCHWhBmoB0Xq2S3cxv","1fFnkPgFtCcIWHaZds2isM","d3BqptzgtE6Z72L0HkGEqf","3bYJIFEHFI25yVLs3+QPJI","e5e7BHpN1BYaX4ZwLtZAAs","ffONW8MNRH9o0PLHOWKWTY","a9+XC+9VxBNbUkYrivDWeJ","25Lm0NhQZP4rdpPXr30nin","e8avRhQOBH361l9IEGx8R5","ffMAkTQo5E16adtfeed0bh","96wCWfx1ZBnb4g48IABGqL","33FVBUo7hCHZP6QHDzSmA+","fbg2fcWtlPc6TXDXiQnNNx","00vXReHZdA66gUDo8GVybc","d3KKb+MvpGZ5AUjiHpshHz","31Yv/wfhRH4abWztFZyZ7O"],["_textureSetter"],["cc.Texture2D","cc.SpriteFrame",["cc.AudioClip",["_name","_native","duration"],0],["cc.JsonAsset",["_name","json"],1]],[[2,0,1,2,4],[3,0,1,3]],[[["0,9729,9729,33071,33071,0,0,1",-1],[0],0,[],[],[]],[[{"name":"l11_zebrastripes","rect":[0,0,868,689],"offset":[0,0],"originalSize":[868,689],"capInsets":[0,0,0,0]}],[1],0,[0],[0],[0]],[["0,9729,9729,33071,33071,0,0,1",-1],[0],0,[],[],[]],[[{"name":"l11_theyhaveoranges","rect":[0,0,868,689],"offset":[0,0],"originalSize":[868,689],"capInsets":[0,0,0,0]}],[1],0,[0],[0],[1]],[["0,9729,9729,33071,33071,0,0,1",-1],[0],0,[],[],[]],[["0,9729,9729,33071,33071,0,0,1",-1],[0],0,[],[],[]],[["0,9729,9729,33071,33071,0,0,1",-1],[0],0,[],[],[]],[[{"name":"l11_hehasball","rect":[0,20,868,689],"offset":[0,-10],"originalSize":[868,709],"capInsets":[0,0,0,0]}],[1],0,[0],[0],[2]],[[[0,"The_man_has_goats",".mp3",1.462857],-1],0,0,[],[],[]],[["0,9729,9729,33071,33071,0,0,1",-1],[0],0,[],[],[]],[["0,9729,9729,33071,33071,0,0,1",-1],[0],0,[],[],[]],[[[0,"She_likes_the_yellow_shoes",".mp3",1.906939],-1],0,0,[],[],[]],[[[0,"The_zebra_has_stripes",".mp3",2.011429],-1],0,0,[],[],[]],[[[0,"She_has_a_balloon",".mp3",1.436735],-1],0,0,[],[],[]],[["0,9729,9729,33071,33071,0,0,1",-1],[0],0,[],[],[]],[[{"name":"l11_shelikespinkshoes","rect":[0,0,868,689],"offset":[0,0],"originalSize":[868,689],"capInsets":[0,0,0,0]}],[1],0,[0],[0],[3]],[[{"name":"l11_shehasball","rect":[0,0,868,689],"offset":[0,0],"originalSize":[868,689],"capInsets":[0,0,0,0]}],[1],0,[0],[0],[4]],[[[0,"He_has_a_ball",".mp3",1.227755],-1],0,0,[],[],[]],[[{"name":"l5_rainy","rect":[0,0,868,689],"offset":[0,0],"originalSize":[868,689],"capInsets":[0,0,0,0]}],[1],0,[0],[0],[5]],[["0,9729,9729,33071,33071,0,0,1",-1],[0],0,[],[],[]],[[{"name":"l14_manhasgoats","rect":[0,0,868,689],"offset":[0,0],"originalSize":[868,689],"capInsets":[0,0,0,0]}],[1],0,[0],[0],[6]],[[[0,"They_have_mangoes",".mp3",1.436735],-1],0,0,[],[],[]],[[[0,"She_likes_the_pink_hat",".mp3",1.802449],-1],0,0,[],[],[]],[[[0,"The_cat_has_stripes",".mp3",1.854694],-1],0,0,[],[],[]],[[[0,"It_is_cloudy",".mp3",1.227755],-1],0,0,[],[],[]],[[{"name":"l11_shelikesyellowshoes","rect":[0,0,868,689],"offset":[0,0],"originalSize":[868,689],"capInsets":[0,0,0,0]}],[1],0,[0],[0],[7]],[[{"name":"l5_cloudy","rect":[0,0,868,689],"offset":[0,0],"originalSize":[868,689],"capInsets":[0,0,0,0]}],[1],0,[0],[0],[8]],[[{"name":"l11_shehasballoon","rect":[0,0,868,689],"offset":[0,0],"originalSize":[868,689],"capInsets":[0,0,0,0]}],[1],0,[0],[0],[9]],[["0,9729,9729,33071,33071,0,0,1",-1],[0],0,[],[],[]],[[{"name":"l11_catshavestripes","rect":[0,0,868,689],"offset":[0,0],"originalSize":[868,689],"capInsets":[0,0,0,0]}],[1],0,[0],[0],[10]],[[[0,"They_have_oranges",".mp3",1.567347],-1],0,0,[],[],[]],[[[0,"She_has_a_ball",".mp3",1.28],-1],0,0,[],[],[]],[["0,9729,9729,33071,33071,0,0,1",-1],[0],0,[],[],[]],[[[0,"It_is_sunny",".mp3",1.07102],-1],0,0,[],[],[]],[[[0,"The_woman_has_goats",".mp3",1.776327],-1],0,0,[],[],[]],[[[0,"The_man_doesn't_have_goats",".mp3",2.52],-1],0,0,[],[],[]],[[{"name":"l14_womanhasgoat","rect":[0,0,868,689],"offset":[0,0],"originalSize":[868,689],"capInsets":[0,0,0,0]}],[1],0,[0],[0],[11]],[[{"name":"l5_sunny","rect":[0,0,868,689],"offset":[0,0],"originalSize":[868,689],"capInsets":[0,0,0,0]}],[1],0,[0],[0],[12]],[["0,9729,9729,33071,33071,0,0,1",-1],[0],0,[],[],[]],[["0,9729,9729,33071,33071,0,0,1",-1],[0],0,[],[],[]],[[[0,"They_have_eggplants",".mp3",1.48898],-1],0,0,[],[],[]],[[[0,"It_is_rainy",".mp3",1.018776],-1],0,0,[],[],[]],[[{"name":"l11_cathasstripes","rect":[0,0,868,689],"offset":[0,0],"originalSize":[868,689],"capInsets":[0,0,0,0]}],[1],0,[0],[0],[13]],[["0,9729,9729,33071,33071,0,0,1",-1],[0],0,[],[],[]],[[{"name":"l11_theyhaveeggplants","rect":[0,0,868,689],"offset":[0,0],"originalSize":[868,689],"capInsets":[0,0,0,0]}],[1],0,[0],[0],[14]],[["0,9729,9729,33071,33071,0,0,1",-1],[0],0,[],[],[]],[[[0,"She_likes_the_pink_shoes",".mp3",2.011429],-1],0,0,[],[],[]],[[{"name":"l11_theyhavemangoes","rect":[0,0,868,689],"offset":[0,0],"originalSize":[868,689],"capInsets":[0,0,0,0]}],[1],0,[0],[0],[15]],[[{"name":"l14_manhasxgoat","rect":[0,0,868,689],"offset":[0,0],"originalSize":[868,689],"capInsets":[0,0,0,0]}],[1],0,[0],[0],[16]],[[{"name":"l11_shelikespinkhat","rect":[0,0,868,689],"offset":[0,0],"originalSize":[868,689],"capInsets":[0,0,0,0]}],[1],0,[0],[0],[17]],[[[1,"sl_en1909",{"rows":[["picturemeaning","1","Description","P","It is sunny.","l5_sunny.png","It_is_sunny.mp3","It is cloudy.","l5_cloudy.png","It_is_cloudy.mp3","It is rainy.","l5_rainy.png","It_is_rainy.mp3"],["picturemeaning","1","Description","S","They have mangoes.","l11_theyhavemangoes.png","They_have_mangoes.mp3","They have oranges.","l11_theyhaveoranges.png","They_have_oranges.mp3","They have eggplants.","l11_theyhaveeggplants.png","They_have_eggplants.mp3"],["picturemeaning","1","Description","S","She has a ball.","l11_shehasball.png","She_has_a_ball.mp3","He has a ball.","l11_hehasball.png","He_has_a_ball.mp3","She has a balloon.","l11_shehasballoon.png","She_has_a_balloon.mp3"],["picturemeaning","1","Description","P","She likes the pink shoes.","l11_shelikespinkshoes.png","She_likes_the_pink_shoes.mp3","She likes the yellow shoes.","l11_shelikesyellowshoes.png","She_likes_the_yellow_shoes.mp3","She likes the pink hat.","l11_shelikespinkhat.png","She_likes_the_pink_hat.mp3"],["picturemeaning","1","Description","P","The cat has stripes.","l11_cathasstripes.png","The_cat_has_stripes.mp3","The zebra has stripes.","l11_zebrastripes.png","The_zebra_has_stripes.mp3","The cats have stripes.","l11_catshavestripes.png","The_cats_have_stripes.mp3"],["picturemeaning","1","Description","S","The man has goats.","l14_manhasgoats.png","The_man_has_goats.mp3","The woman has goats.","l14_womanhasgoat.png","The_woman_has_goats.mp3","The man doesn't have goats.","l14_manhasxgoat.png","The_man_doesn't_have_goats.mp3"],["quizliteracy","1","Description","image_sentence","It is sunny.","It is cloudy.","It is sunny.","It is rainy.","l5_sunny.png","","It_is_sunny.mp3"],["quizliteracy","1","Description","image_sentence","They have mangoes.","They have mangoes.","They have oranges.","They have eggplants.","l11_theyhavemangoes.png","","They_have_mangoes.mp3"],["quizliteracy","1","Description","image_sentence","She has a ball.","He has a ball.","She has a balloon.","She has a ball.","l11_shehasball.png","","She_has_a_ball.mp3"],["quizliteracy","1","Description","image_sentence","She likes the pink shoes.","She likes the pink hat.","She likes the yellow shoes.","She likes the pink shoes.","l11_shelikespinkshoes.png","","She_likes_the_pink_shoes.mp3"],["quizliteracy","1","Description","image_sentence","The cat has stripes.","The cat has stripes.","The zebra has stripes.","The cats have stripes.","l11_cathasstripes.png","","The_cat_has_stripes.mp3"]]}]],0,0,[],[],[]],[[[0,"The_cats_have_stripes",".mp3",2.063673],-1],0,0,[],[],[]],[["0,9729,9729,33071,33071,0,0,1",-1],[0],0,[],[],[]],[["0,9729,9729,33071,33071,0,0,1",-1],[0],0,[],[],[]],[["0,9729,9729,33071,33071,0,0,1",-1],[0],0,[],[],[]]]]