[1,["1cw8vT271NtZvc5STw/+4+","a5/5B/YutDt5QEA8s5m5R2","a7egVjvKdDybwMQDSi4mfc","5cZk3f0FNE7ot9D9QMZ1TG"],["_textureSetter"],["cc.SpriteFrame","cc.Texture2D",["cc.AudioClip",["_name","_native","duration"],0],["cc.JsonAsset",["_name","json"],1]],[[2,0,1,2,4],[3,0,1,3]],[[[{"name":"Rita_swims","rect":[0,0,800,398],"offset":[0,0],"originalSize":[800,398],"capInsets":[0,0,0,0]}],[0],0,[0],[0],[0]],[[[0,"Aarthi_reads",".mp3",1.515102],-1],0,0,[],[],[]],[[[0,"Ram_eats",".mp3",1.344],-1],0,0,[],[],[]],[[[1,"sl_en2300",{"rows":[["jumpsentence","1","Description","[We] [jump.]","We_jump.mp3","y","unlocked"],["jumpsentence","1","Description","[She] [runs.]","She_runs.mp3","y","unlocked"],["jumpsentence","1","Description","[He] [reads.]","He_reads.mp3","y","unlocked"],["createsentence","1","Description","Ram/eats","","I_eat.jpg","Ram_eats.mp3"],["createsentence","1","Description","Aarthi/reads","","Ranireadsmanybooks.jpg","Aarthi_reads.mp3"],["createsentence","1","Description","Manju/plays","","Manju_plays.png","Manju_plays.mp3"],["createsentence","1","Description","Rita/swims","","Rita_swims.jpg","Rita_swims.mp3"],["createsentence","1","Description","Salma/walks","","komalwalks.jpg","Salma_walks.mp3"],["createsentence","1","Description","Birds/fly","","Birdsfly.jpg","Birds_fly.mp3"],["quizliteracy","1","Description","sentence_sentence","Birds fly.","Birds fly.","birds fly.","biRds flY.","","choose the correct sentence","Choose_the_correct_sentence.mp3"],["quizliteracy","1","Description","soundonly_sentence","We jump.","We jump.","We run.","We swim.","","","We_jump.mp3"],["quizliteracy","1","Description","soundonly_sentence","He reads.","He eats.","He jumps.","He reads.","","","He_reads.mp3"],["quizliteracy","1","Description","image_sentence","Aarthi reads.","Aarthi sings.","Aarthi reads.","Aarthi runs.","Ranireadsmanybooks.jpg","","Aarthi_reads.mp3"],["quizliteracy","1","Description","image_sentence","Ram eats.","Ram eats.","Ram jumps.","Ram reads.","I_eat.jpg","","Ram_eats.mp3"]]}]],0,0,[],[],[]],[[[0,"Birds_fly",".mp3",1.07102],-1],0,0,[],[],[]],[["1,9729,9729,33071,33071,0,0,1",-1],[1],0,[],[],[]],[[{"name":"Birdsfly","rect":[0,0,1631,1080],"offset":[0,0],"originalSize":[1631,1080],"capInsets":[0,0,0,0]}],[0],0,[0],[0],[1]],[[[0,"Manju_plays",".mp3",1.56],-1],0,0,[],[],[]],[[[0,"He_reads",".mp3",1.044898],-1],0,0,[],[],[]],[["1,9729,9729,33071,33071,0,0,1",-1],[1],0,[],[],[]],[[[0,"She_runs",".mp3",1.07102],-1],0,0,[],[],[]],[[{"name":"Manju_plays","rect":[0,95,2364,2210],"offset":[-18,0],"originalSize":[2400,2400],"capInsets":[0,0,0,0]}],[0],0,[0],[0],[2]],[[[0,"Salma_walks",".mp3",1.608],-1],0,0,[],[],[]],[[[0,"Choose_the_correct_sentence",".mp3",1.854694],-1],0,0,[],[],[]],[["1,9729,9729,33071,33071,0,0,1",-1],[1],0,[],[],[]],[[[0,"Rita_swims",".mp3",1.608],-1],0,0,[],[],[]],[["0,9729,9729,33071,33071,0,0,1",-1],[1],0,[],[],[]],[[{"name":"Ranireadsmanybooks","rect":[0,0,1073,514],"offset":[0,0],"originalSize":[1073,514],"capInsets":[0,0,0,0]}],[0],0,[0],[0],[3]],[[[0,"We_jump",".mp3",0.809796],-1],0,0,[],[],[]]]]