[1,["71zP7wemhH+Y11vQf9sdpe","b3b478q65KWJphMjzvRaF5","96x5+7wylKxr83BGWstVFi","32tTk6HS1D47IN0JDVuqrI","b0EO87lYBAPIZveGnpI6ZR","70FsDf7zdPJ4zD5JoNV5mJ","79W4VBF8NDY7kIewU8J/Tu"],["_textureSetter"],["cc.SpriteFrame","cc.Texture2D",["cc.JsonAsset",["_name","json"],1]],[[2,0,1,3]],[[[{"name":"Thursday","rect":[0,0,512,404],"offset":[0,0],"originalSize":[512,404],"capInsets":[0,0,0,0]}],[0],0,[0],[0],[0]],[[[0,"sl_en3606",{"rows":[["writeword","1","Description","Sunday","Sunday.png","Sunday.mp3"],["writeword","1","Description","Monday","Monday.png","Monday.mp3"],["writeword","1","Description","Tuesday","Tuesday.png","Tuesday.mp3"],["writeword","1","Description","Wednesday","Wednesday.png","Wednesday.mp3"],["writeword","1","Description","Thursday","Thursday.png","Thursday.mp3"],["writeword","1","Description","Friday","Friday.png","Friday.mp3"],["writeword","1","Description","Saturday","Saturday.png","Saturday.mp3"],["quizliteracy","1","Description","word_word","Wed","Mon","Wed","Fri","","___nesday","Wednesday.mp3"],["quizliteracy","1","Description","soundonly_word","Sunday","Sunday","Thursday","Tuesday","","","Sunday.mp3"],["quizliteracy","1","Description","word_word","Sat","Tue","Wed","Sun","","___tuday","Saturday.mp3"]]}]],0,0,[],[],[]],[["0,9729,9729,33071,33071,0,0,1",-1],[1],0,[],[],[]],[[{"name":"Sunday","rect":[0,0,512,404],"offset":[0,0],"originalSize":[512,404],"capInsets":[0,0,0,0]}],[0],0,[0],[0],[1]],[["0,9729,9729,33071,33071,0,0,1",-1],[1],0,[],[],[]],[["0,9729,9729,33071,33071,0,0,1",-1],[1],0,[],[],[]],[["0,9729,9729,33071,33071,0,0,1",-1],[1],0,[],[],[]],[["0,9729,9729,33071,33071,0,0,1",-1],[1],0,[],[],[]],[[{"name":"Friday","rect":[0,0,512,404],"offset":[0,0],"originalSize":[512,404],"capInsets":[0,0,0,0]}],[0],0,[0],[0],[2]],[[{"name":"Wednesday","rect":[0,0,1060,837],"offset":[0,0],"originalSize":[1060,837],"capInsets":[0,0,0,0]}],[0],0,[0],[0],[3]],[[{"name":"Monday","rect":[0,0,512,404],"offset":[0,0],"originalSize":[512,404],"capInsets":[0,0,0,0]}],[0],0,[0],[0],[4]],[["0,9729,9729,33071,33071,0,0,1",-1],[1],0,[],[],[]],[["0,9729,9729,33071,33071,0,0,1",-1],[1],0,[],[],[]],[[{"name":"Tuesday","rect":[0,0,1060,837],"offset":[0,0],"originalSize":[1060,837],"capInsets":[0,0,0,0]}],[0],0,[0],[0],[5]],[[{"name":"Saturday","rect":[0,0,512,404],"offset":[0,0],"originalSize":[512,404],"capInsets":[0,0,0,0]}],[0],0,[0],[0],[6]]]]