[1,["bdgE10NCRMW5hSOLjdpFg0","abDeAk6P5P/r9xdJ7dqDia","a1h9jWud5CUZzOevD8MvWi","cfR2pYd0dEFKPSoP2JDfst","61PIh//xdBAKoONWCoV77t","8cERVB/11DnaKbDvM5wJZF","cdw1uZqvpEE62XuyE5NyfQ"],["_textureSetter"],["cc.SpriteFrame","cc.Texture2D",["cc.AudioClip",["_name","_native","duration"],0],["cc.JsonAsset",["_name","json"],1]],[[2,0,1,2,4],[3,0,1,3]],[[[[0,"जाहाज",".mp3",0.888163],-1],0,0,[],[],[]],[[[1,"hi0507",{"rows":[["rocket","1","Description","अनार","अ,ना,र","अ,ना,र","अनार.mp3","अनार.png","false ","true "],["rocket","1","Description","बाजार","बा,जा,र","बा,जा,र","बाजार.mp3","बाजार.png","false ","true "],["rocket","1","Description","टमाटर","ट,मा,टर","ट,मा,टर","टमाटर.mp3","टमाटर.png","false ","true "],["spelldoor","1","Description","गाजर","*जर","2","0","गाजर.png","गाजर.mp3"],["spelldoor","1","Description","जाहाज","**ज","2","0","जाहाज.png","जाहाज.mp3"],["spelldoor","1","Description","झरना","झर*","2","0","झरना.png","झरना.mp3"],["spelldoor","1","Description","बारह","*रह","2","0","बारह.png","बारह.mp3"],["speakingpet","1","Description","राब.mp3","यब.mp3","खराब","खराब.mp3","A","2,3","शराब","शराब.mp3","A","2,3","गायब","गायब.mp3","B","2,3","नायब","नायब.mp3","B","2,3"],["quizliteracy","1","Description","soundonly_word","अनार","अनार","बारह","टमाटर","","","अनार.mp3"],["quizliteracy","1","Description","image_word","टमाटर","बारह","टमाटर","अनार","टमाटर.png"],["quizliteracy","1","Description","soundonly_word","कागज","टमाटर","बारह","अनार","","","बारह.mp3"]]}]],0,0,[],[],[]],[[{"name":"गाजर","rect":[0,0,370,273],"offset":[0,0],"originalSize":[370,273],"capInsets":[0,0,0,0]}],[0],0,[0],[0],[0]],[[[0,"शराब",".mp3",0.731429],-1],0,0,[],[],[]],[[[0,"यब",".mp3",0.574694],-1],0,0,[],[],[]],[[[0,"टमाटर",".mp3",0.966531],-1],0,0,[],[],[]],[[{"name":"झरना","rect":[0,0,370,273],"offset":[0,0],"originalSize":[370,273],"capInsets":[0,0,0,0]}],[0],0,[0],[0],[1]],[["0,9729,9729,33071,33071,0,0,1",-1],[1],0,[],[],[]],[[[0,"झरना",".mp3",0.783673],-1],0,0,[],[],[]],[[{"name":"बाजार","rect":[0,0,271,271],"offset":[0,0],"originalSize":[271,271],"capInsets":[0,0,0,0]}],[0],0,[0],[0],[2]],[[[0,"बाजार",".mp3",0.992653],-1],0,0,[],[],[]],[[{"name":"टमाटर","rect":[0,0,271,271],"offset":[0,0],"originalSize":[271,271],"capInsets":[0,0,0,0]}],[0],0,[0],[0],[3]],[[[0,"खराब",".mp3",0.679184],-1],0,0,[],[],[]],[["0,9729,9729,33071,33071,0,0,1",-1],[1],0,[],[],[]],[[{"name":"बारह","rect":[7,0,356,273],"offset":[0,0],"originalSize":[370,273],"capInsets":[0,0,0,0]}],[0],0,[0],[0],[4]],[["0,9729,9729,33071,33071,0,0,1",-1],[1],0,[],[],[]],[["0,9729,9729,33071,33071,0,0,1",-1],[1],0,[],[],[]],[[[0,"बारह",".mp3",0.809796],-1],0,0,[],[],[]],[[[0,"नायब",".mp3",0.731429],-1],0,0,[],[],[]],[[{"name":"जाहाज","rect":[0,0,370,273],"offset":[0,0],"originalSize":[370,273],"capInsets":[0,0,0,0]}],[0],0,[0],[0],[5]],[[[0,"गाजर",".mp3",0.809796],-1],0,0,[],[],[]],[["0,9729,9729,33071,33071,0,0,1",-1],[1],0,[],[],[]],[["0,9729,9729,33071,33071,0,0,1",-1],[1],0,[],[],[]],[["0,9729,9729,33071,33071,0,0,1",-1],[1],0,[],[],[]],[[[0,"गायब",".mp3",0.783673],-1],0,0,[],[],[]],[[[0,"राब",".mp3",0.653061],-1],0,0,[],[],[]],[[[0,"अनार",".mp3",0.809796],-1],0,0,[],[],[]],[[{"name":"अनार","rect":[0,0,271,271],"offset":[0,0],"originalSize":[271,271],"capInsets":[0,0,0,0]}],[0],0,[0],[0],[6]]]]