[1,["136kIrBKRIgZzQ04qaPslS","57KeeT6nZFpL3dnpokawke"],["_textureSetter"],["cc.Texture2D","cc.SpriteFrame",["cc.AudioClip",["_name","_native","duration"],0],["cc.JsonAsset",["_name","json"],1]],[[2,0,1,2,4],[3,0,1,3]],[[[[0,"र",".mp3",0.47025],-1],0,0,[],[],[]],[["0,9729,9729,33071,33071,0,0,1",-1],[0],0,[],[],[]],[[[0,"सडक",".mp3",0.731429],-1],0,0,[],[],[]],[[[0,"गज",".mp3",0.936],-1],0,0,[],[],[]],[[{"name":"सडक","rect":[0,0,271,271],"offset":[0,0],"originalSize":[271,271],"capInsets":[0,0,0,0]}],[1],0,[0],[0],[0]],[[[0,"महल",".mp3",0.679184],-1],0,0,[],[],[]],[[{"name":"महल","rect":[0,0,271,271],"offset":[0,0],"originalSize":[271,271],"capInsets":[0,0,0,0]}],[1],0,[0],[0],[1]],[["0,9729,9729,33071,33071,0,0,1",-1],[0],0,[],[],[]],[[[0,"अ",".mp3",0.418],-1],0,0,[],[],[]],[[[0,"मगर",".mp3",0.653061],-1],0,0,[],[],[]],[[[0,"म",".mp3",0.5225],-1],0,0,[],[],[]],[[[0,"ड",".mp3",0.496327],-1],0,0,[],[],[]],[[[0,"गल",".mp3",0.864],-1],0,0,[],[],[]],[[[0,"गम",".mp3",0.888],-1],0,0,[],[],[]],[[[0,"अगर",".mp3",0.600816],-1],0,0,[],[],[]],[[[0,"गर",".mp3",0.522449],-1],0,0,[],[],[]],[[[0,"ग",".mp3",0.627],-1],0,0,[],[],[]],[[[1,"hi0402",{"rows":[["grid","1","Description","ग","ज,म,ल"],["phonictractor","1","Description","6","मगर","मगर.mp3","म","म.mp3","ग","ग.mp3","र","र.mp3"],["phonictractor","1","Description","6","अगर","अगर.mp3","अ","अ.mp3","ग","ग.mp3","र","र.mp3"],["phonictractor","1","Description","6","डगर","डगर.mp3","ड","ड.mp3","गर","गर.mp3"],["rocket","1","Description","महल","म,ह,ल","म,ह,ल","महल.mp3","महल.png","true ","false "],["rocket","1","Description","सड़क","स,ड़,क","स,ड़,क","सडक.mp3","सडक.png","false ","true "],["quizliteracy","1","Description","soundonly_word","मगर","सड़क","मगर","डगर","","","मगर.mp3"],["quizliteracy","1","Description","image_word","सड़क","मगर","डगर","सड़क","सडक.png"],["quizliteracy","1","Description","soundonly_word","डगर","डगर","सड़क","मगर","","","डगर.mp3"]]}]],0,0,[],[],[]],[[[0,"डगर",".mp3",0.705306],-1],0,0,[],[],[]]]]