[1,["5d5TbDQPVDnbwiUpwtc49g","1bwks6qONN57gYJ7c2nQHg","fenlzBdQBDxovCTv3wbCI5"],["_textureSetter"],["cc.Texture2D","cc.SpriteFrame",["cc.AudioClip",["_name","_native","duration"],0],["cc.JsonAsset",["_name","json"],1]],[[2,0,1,2,4],[3,0,1,3]],[[[[0,"whale",".mp3",0.783673],-1],0,0,[],[],[]],[[[0,"whiz",".mp3",0.705306],-1],0,0,[],[],[]],[[[0,"what",".mp3",0.626939],-1],0,0,[],[],[]],[[[0,"whom",".mp3",0.548571],-1],0,0,[],[],[]],[[[0,"when",".mp3",0.653061],-1],0,0,[],[],[]],[["0,9729,9729,33071,33071,0,0,1",-1],[0],0,[],[],[]],[[[0,"wh",".mp3",1.201633],-1],0,0,[],[],[]],[[[0,"n_phonic",".mp3",0.496327],-1],0,0,[],[],[]],[[{"name":"hands","rect":[0,0,737,707],"offset":[0,0],"originalSize":[737,707],"capInsets":[0,0,0,0]}],[1],0,[0],[0],[0]],[[[0,"choose",".mp3",0.809796],-1],0,0,[],[],[]],[[[0,"i_phonic",".mp3",0.522449],-1],0,0,[],[],[]],[["0,9729,9729,33071,33071,0,0,1",-1],[0],0,[],[],[]],[[[0,"which",".mp3",0.783673],-1],0,0,[],[],[]],[[[0,"wheel",".mp3",0.653061],-1],0,0,[],[],[]],[[[0,"whip",".mp3",0.705306],-1],0,0,[],[],[]],[[{"name":"white","rect":[0,0,619,588],"offset":[0,0],"originalSize":[619,588],"capInsets":[0,0,0,0]}],[1],0,[0],[0],[1]],[[[0,"a_phonic",".mp3",0.574694],-1],0,0,[],[],[]],[[[0,"ch",".mp3",0.365714],-1],0,0,[],[],[]],[[[0,"p_phonic",".mp3",0.417959],-1],0,0,[],[],[]],[[[0,"white",".mp3",0.783673],-1],0,0,[],[],[]],[[[0,"z_phonic",".mp3",0.600816],-1],0,0,[],[],[]],[[[0,"who",".mp3",0.496327],-1],0,0,[],[],[]],[[[0,"where",".mp3",0.757551],-1],0,0,[],[],[]],[[[0,"e_phonic",".mp3",0.600816],-1],0,0,[],[],[]],[[[0,"wheat",".mp3",0.757551],-1],0,0,[],[],[]],[[[0,"whole",".mp3",0.574694],-1],0,0,[],[],[]],[[[0,"why",".mp3",0.653061],-1],0,0,[],[],[]],[[[0,"t_phonic",".mp3",0.391837],-1],0,0,[],[],[]],[[{"name":"clock","rect":[0,0,511,512],"offset":[0,0],"originalSize":[511,512],"capInsets":[0,0,0,0]}],[1],0,[0],[0],[2]],[[[0,"chick",".mp3",0.600816],-1],0,0,[],[],[]],[[[1,"sl_en1607",{"rows":[["phonictractor","1","Description","4","wh","wh.mp3","wh","wh.mp3"],["phonictractor","1","Description","4","what","what.mp3","wh","wh.mp3","a","a_phonic.mp3","t","t_phonic.mp3"],["phonictractor","1","Description","4","when","when.mp3","wh","wh.mp3","e","e_phonic.mp3","n","n_phonic.mp3"],["phonictractor","1","Description","4","whip","whip.mp3","wh","wh.mp3","i","i_phonic.mp3","p","p_phonic.mp3"],["phonictractor","1","Description","4","whiz","whiz.mp3","wh","wh.mp3","i","i_phonic.mp3","z","z_phonic.mp3"],["grid","1","Description","wh","o,y,om,ich"],["grid","1","Description","wh","en,at,ere"],["grid","1","Description","wh","ole,eat,eel"],["speakingpet","1","Description","wh.mp3","ch.mp3","whale","whale.mp3","A","1,2","why","why.mp3","A","1,2","choose","choose.mp3","B","1,2","chick","chick.mp3","B","1,2"],["quizliteracy","1","Description","soundonly_word","what","what","whale","white","","","what.mp3"],["quizliteracy","1","Description","soundonly_image","white.png","clock.png","hands.png","white.png","","","white.mp3"],["quizliteracy","1","Description","word_word","wh","sh","wh","th","","__en","when.mp3"],["quizliteracy","1","Description","soundonly_word","whip","whip","what","when","","","whip.mp3"],["quizliteracy","1","Description","word_word","wh","th","wh","sh","","__iz","whiz.mp3"]]}]],0,0,[],[],[]],[["0,9729,9729,33071,33071,0,0,1",-1],[0],0,[],[],[]]]]