[1,["04rHKUpcdMQb9qtv+oIKtP","42hrgxxBBB+4jxgLakc9xU","f20lmdcahAj4qVIgNEM+Ki","66RJ4VKxdOVb0V828kq+za","e6Zd0TycFKqLizZ3nm8kGu","268LcCbPNENaF22rmStm7t","bf7Hgg82RAS6XJGQzpwP6p","41NOR4FhVIgIj5IP0kx+1Y","cexost/79F3atawyYBNLPb","98JE4rC6pFSYtItNBbZVA7","74oWd0exFEWaVIRrzJriL7","2a1ytV19lOaLap9EpiV507","73+Mlz5jZIgq1XpVFwEr/I","fc/8MUQkRM9LpArdK6Kgay","d8ayVBHk1OIYiDBl81C2wW","962x3+aLBKNJ6RJw4F2qZJ","15jmktrWtFu5v5+eLLvdYC","31haL+ikdEIpLtJk6C2lYV","4fz6j7wkBODK7CFr079XlI","5aq38Yw41KPJlGoZFz2356","7fsVkpzBxBqKSRiC/apbU0","1f/ag8NkRDUbfBE6OSG1a0","acgk29vaREuZgagj9nTMuP","46sutbMB5OOKkXNjiq6HkZ","36QfM0TqxNkIU52eJosIyo","75ptZHouJKeY8V6Q9LaOnw","9dcfAMyetDq6XhCX2mDXvE","f0j96lcgJL46yb7xSWmQJB","f0mArTOudJaZZXeT2LgDWl","e6QhIF8MBCrrDdePENVoLj"],["_textureSetter"],["cc.SpriteFrame","cc.Texture2D",["cc.AudioClip",["_name","_native","duration"],0],["cc.JsonAsset",["_name","json"],1]],[[2,0,1,2,4],[3,0,1,3]],[[[{"name":"eat","rect":[12,40,486,408],"offset":[-1,7.5],"originalSize":[512,503],"capInsets":[0,0,0,0]}],[0],0,[0],[0],[0]],[["0,9729,9729,33071,33071,0,0,1",-1],[1],0,[],[],[]],[[{"name":"open","rect":[0,0,392,512],"offset":[0,0],"originalSize":[392,512],"capInsets":[0,0,0,0]}],[0],0,[0],[0],[1]],[[[0,"ocean",".mp3",0.757551],-1],0,0,[],[],[]],[[{"name":"universe","rect":[0,0,826,619],"offset":[0,0],"originalSize":[826,619],"capInsets":[0,0,0,0]}],[0],0,[0],[0],[2]],[[{"name":"unity","rect":[0,0,800,533],"offset":[0,0],"originalSize":[800,533],"capInsets":[0,0,0,0]}],[0],0,[0],[0],[3]],[[[0,"east",".mp3",0.653061],-1],0,0,[],[],[]],[[[0,"aim",".mp3",0.365714],-1],0,0,[],[],[]],[["0,9729,9729,33071,33071,0,0,1",-1],[1],0,[],[],[]],[[[0,"ivy",".mp3",0.574694],-1],0,0,[],[],[]],[[{"name":"oats","rect":[0,0,3264,2448],"offset":[0,0],"originalSize":[3264,2448],"capInsets":[0,0,0,0]}],[0],0,[0],[0],[4]],[[{"name":"use","rect":[0,0,644,720],"offset":[0,0],"originalSize":[644,720],"capInsets":[0,0,0,0]}],[0],0,[0],[0],[5]],[[{"name":"unicorn","rect":[0,0,1232,1280],"offset":[0,0],"originalSize":[1232,1280],"capInsets":[0,0,0,0]}],[0],0,[0],[0],[6]],[["0,9729,9729,33071,33071,0,0,1",-1],[1],0,[],[],[]],[[[0,"island",".mp3",0.470204],-1],0,0,[],[],[]],[[{"name":"ape","rect":[55,75,535,543],"offset":[-12,-18],"originalSize":[669,657],"capInsets":[0,0,0,0]}],[0],0,[0],[0],[7]],[[{"name":"oar","rect":[0,0,786,879],"offset":[0,0],"originalSize":[786,879],"capInsets":[0,0,0,0]}],[0],0,[0],[0],[8]],[["0,9729,9729,33071,33071,0,0,1",-1],[1],0,[],[],[]],[[{"name":"angel","rect":[85,25,464,597],"offset":[-17.5,5],"originalSize":[669,657],"capInsets":[0,0,0,0]}],[0],0,[0],[0],[9]],[[{"name":"aim","rect":[0,33,669,578],"offset":[0,6.5],"originalSize":[669,657],"capInsets":[0,0,0,0]}],[0],0,[0],[0],[10]],[[[0,"eagle",".mp3",0.653061],-1],0,0,[],[],[]],[["0,9729,9729,33071,33071,0,0,1",-1],[1],0,[],[],[]],[["0,9729,9729,33071,33071,0,0,1",-1],[1],0,[],[],[]],[[{"name":"oak","rect":[16,132,636,424],"offset":[-0.5,-15.5],"originalSize":[669,657],"capInsets":[0,0,0,0]}],[0],0,[0],[0],[11]],[[[0,"unity",".mp3",0.626939],-1],0,0,[],[],[]],[[[0,"unicorn",".mp3",1.044898],-1],0,0,[],[],[]],[["0,9729,9729,33071,33071,0,0,1",-1],[1],0,[],[],[]],[[{"name":"idol","rect":[0,0,800,800],"offset":[0,0],"originalSize":[800,800],"capInsets":[0,0,0,0]}],[0],0,[0],[0],[12]],[[[0,"oak",".mp3",0.809796],-1],0,0,[],[],[]],[["0,9729,9729,33071,33071,0,0,1",-1],[1],0,[],[],[]],[["0,9729,9729,33071,33071,0,0,1",-1],[1],0,[],[],[]],[[{"name":"ivy","rect":[59,68,565,549],"offset":[7,-14],"originalSize":[669,657],"capInsets":[0,0,0,0]}],[0],0,[0],[0],[13]],[[{"name":"alien","rect":[0,0,360,661],"offset":[0,0],"originalSize":[360,661],"capInsets":[0,0,0,0]}],[0],0,[0],[0],[14]],[[[0,"even",".mp3",0.522449],-1],0,0,[],[],[]],[["0,9729,9729,33071,33071,0,0,1",-1],[1],0,[],[],[]],[[[0,"acorn",".mp3",0.548571],-1],0,0,[],[],[]],[[{"name":"ivory","rect":[78,71,512,514],"offset":[-0.5,0.5],"originalSize":[669,657],"capInsets":[0,0,0,0]}],[0],0,[0],[0],[15]],[[[0,"open",".mp3",0.992653],-1],0,0,[],[],[]],[["0,9729,9729,33071,33071,0,0,1",-1],[1],0,[],[],[]],[[[0,"oats",".mp3",1.07102],-1],0,0,[],[],[]],[["0,9729,9729,33071,33071,0,0,1",-1],[1],0,[],[],[]],[[{"name":"even","rect":[0,0,445,512],"offset":[0,0],"originalSize":[445,512],"capInsets":[0,0,0,0]}],[0],0,[0],[0],[16]],[[{"name":"acorn","rect":[96,20,499,617],"offset":[11,0],"originalSize":[669,657],"capInsets":[0,0,0,0]}],[0],0,[0],[0],[17]],[[{"name":"iron","rect":[44,122,580,413],"offset":[-0.5,0],"originalSize":[669,657],"capInsets":[0,0,0,0]}],[0],0,[0],[0],[18]],[[{"name":"east","rect":[0,0,626,572],"offset":[0,0],"originalSize":[626,572],"capInsets":[0,0,0,0]}],[0],0,[0],[0],[19]],[["0,9729,9729,33071,33071,0,0,1",-1],[1],0,[],[],[]],[[[0,"use",".mp3",0.600816],-1],0,0,[],[],[]],[[[0,"eel",".mp3",0.444082],-1],0,0,[],[],[]],[["0,9729,9729,33071,33071,0,0,1",-1],[1],0,[],[],[]],[[{"name":"old","rect":[0,0,512,507],"offset":[0,0],"originalSize":[512,507],"capInsets":[0,0,0,0]}],[0],0,[0],[0],[20]],[["0,9729,9729,33071,33071,0,0,1",-1],[1],0,[],[],[]],[["0,9729,9729,33071,33071,0,0,1",-1],[1],0,[],[],[]],[[[0,"angel",".mp3",0.574694],-1],0,0,[],[],[]],[[[0,"ear",".mp3",0.600816],-1],0,0,[],[],[]],[["0,9729,9729,33071,33071,0,0,1",-1],[1],0,[],[],[]],[[[0,"unit",".mp3",1.38449],-1],0,0,[],[],[]],[[{"name":"unit","rect":[0,0,1280,879],"offset":[0,0],"originalSize":[1280,879],"capInsets":[0,0,0,0]}],[0],0,[0],[0],[21]],[[[0,"apron",".mp3",0.548571],-1],0,0,[],[],[]],[[[0,"uniform",".mp3",0.653061],-1],0,0,[],[],[]],[[{"name":"eel","rect":[0,0,800,594],"offset":[0,0],"originalSize":[800,594],"capInsets":[0,0,0,0]}],[0],0,[0],[0],[22]],[["0,9729,9729,33071,33071,0,0,1",-1],[1],0,[],[],[]],[["0,9729,9729,33071,33071,0,0,1",-1],[1],0,[],[],[]],[["0,9729,9729,33071,33071,0,0,1",-1],[1],0,[],[],[]],[[{"name":"ocean","rect":[3,0,666,655],"offset":[1.5,1],"originalSize":[669,657],"capInsets":[0,0,0,0]}],[0],0,[0],[0],[23]],[[[0,"idol",".mp3",0.548571],-1],0,0,[],[],[]],[["0,9729,9729,33071,33071,0,0,1",-1],[1],0,[],[],[]],[[[0,"ice",".mp3",0.679184],-1],0,0,[],[],[]],[[{"name":"ear","rect":[0,0,512,427],"offset":[0,0],"originalSize":[512,427],"capInsets":[0,0,0,0]}],[0],0,[0],[0],[24]],[[{"name":"island","rect":[0,0,669,657],"offset":[0,0],"originalSize":[669,657],"capInsets":[0,0,0,0]}],[0],0,[0],[0],[25]],[[[0,"oar",".mp3",0.679184],-1],0,0,[],[],[]],[["0,9729,9729,33071,33071,0,0,1",-1],[1],0,[],[],[]],[[[0,"ape",".mp3",0.261224],-1],0,0,[],[],[]],[[[0,"eat",".mp3",0.653061],-1],0,0,[],[],[]],[[{"name":"apron","rect":[11,128,646,383],"offset":[-0.5,9],"originalSize":[669,657],"capInsets":[0,0,0,0]}],[0],0,[0],[0],[26]],[[[0,"ivory",".mp3",0.626939],-1],0,0,[],[],[]],[["0,9729,9729,33071,33071,0,0,1",-1],[1],0,[],[],[]],[[{"name":"uniform","rect":[0,0,418,800],"offset":[0,0],"originalSize":[418,800],"capInsets":[0,0,0,0]}],[0],0,[0],[0],[27]],[[[0,"alien",".mp3",0.496327],-1],0,0,[],[],[]],[["0,9729,9729,33071,33071,0,0,1",-1],[1],0,[],[],[]],[[[0,"old",".mp3",0.653061],-1],0,0,[],[],[]],[[{"name":"ice","rect":[116,91,436,475],"offset":[-0.5,0],"originalSize":[669,657],"capInsets":[0,0,0,0]}],[0],0,[0],[0],[28]],[["0,9729,9729,33071,33071,0,0,1",-1],[1],0,[],[],[]],[["0,9729,9729,33071,33071,0,0,1",-1],[1],0,[],[],[]],[["0,9729,9729,33071,33071,0,0,1",-1],[1],0,[],[],[]],[["0,9729,9729,33071,33071,0,0,1",-1],[1],0,[],[],[]],[[[0,"universe",".mp3",1.38449],-1],0,0,[],[],[]],[[{"name":"eagle","rect":[197,62,268,534],"offset":[-3.5,-0.5],"originalSize":[669,657],"capInsets":[0,0,0,0]}],[0],0,[0],[0],[29]],[["0,9729,9729,33071,33071,0,0,1",-1],[1],0,[],[],[]],[[[1,"sl_en0705",{"rows":[["writecard","1","Description","a","ape","ape.png","ape.mp3","alien","alien.png","alien.mp3","apron","apron.png","apron.mp3"],["writecard","1","Description","a","aim","aim.png","aim.mp3","acorn","acorn.png","acorn.mp3","angel","angel.png","angel.mp3"],["writecard","1","Description","e","eagle","eagle.png","eagle.mp3","even","even.png","even.mp3","eel","eel.png","eel.mp3"],["writecard","1","Description","e","eat","eat.png","eat.mp3","ear","ear.png","ear.mp3","east","east.png","east.mp3"],["writecard","1","Description","i","iron","iron.png","iron.mp3","ice","ice.png","ice.mp3","idol","idol.png","idol.mp3"],["writecard","1","Description","i","island","island.png","island.mp3","ivy","ivy.png","ivy.mp3","ivory","ivory.png","ivory.mp3"],["writecard","1","Description","o","oar","oar.png","oar.mp3","oats","oats.png","oats.mp3","old","old.png","old.mp3"],["writecard","1","Description","u","open","open.png","open.mp3","ocean","ocean.png","ocean.mp3","oak","oak.png","oak.mp3"],["writecard","1","Description","u","unity","unity.png","unity.mp3","unicorn","unicorn.png","unicorn.mp3","use","use.png","use.mp3"],["writecard","1","Description","u","uniform","uniform.png","uniform.mp3","universe","universe.png","universe.mp3","unit","unit.png","unit.mp3"],["quizliteracy","1","Description","image_sentence","ape","eagle","ape","iron","ape.png","","ape.mp3"],["quizliteracy","1","Description","image_sentence","ivory","eel","oats","ivory","ivory.png","","ivory.mp3"],["quizliteracy","1","Description","image_sentence","unicorn","unicorn","ocean","angel","unicorn.png","","unicorn.mp3"]]}]],0,0,[],[],[]],[["0,9729,9729,33071,33071,0,0,1",-1],[1],0,[],[],[]],[[[0,"iron",".mp3",0.705306],-1],0,0,[],[],[]]]]