[1,["72lRQ81PREgqW+4JTvs2iB","aeM4+cVPdJeIVnCpRu9BUx","538/XTo1JPeoQzn7LZiV1Y","edgA568Q5AkaOfh6lPbuLC","89wzyu945P1YFyDxh53v5+","a4eS8fnNFFRZctdGFaeBjr","a8beLQ4IVC8b9Wwj/wBxD9","5bTynKxZNJH4Yhne8BxTBY","7423ISCeFDMpqV2nD5Pfh6","39M6YzQXNHyo4eoRAObt9r"],["_textureSetter"],["cc.Texture2D","cc.SpriteFrame",["cc.AudioClip",["_name","_native","duration"],0],["cc.JsonAsset",["_name","json"],1]],[[2,0,1,2,4],[3,0,1,3]],[[[[0,"ಹದಿನೈದು",".mp3",1.128],-1],0,0,[],[],[]],[[[0,"ಹತ್ತೊಂಬತ್ತು",".mp3",1.272],-1],0,0,[],[],[]],[[[0,"ಹನ್ನೊಂದು",".mp3",1.056],-1],0,0,[],[],[]],[[[0,"ಇಪ್ಪತ್ತು",".mp3",0.936],-1],0,0,[],[],[]],[[[0,"ಹದಿನಾರು",".mp3",1.056],-1],0,0,[],[],[]],[["0,9729,9729,33071,33071,0,0,1",-1],[0],0,[],[],[]],[[[0,"ಹನ್ನೆರಡು",".mp3",1.032],-1],0,0,[],[],[]],[["0,9729,9729,33071,33071,0,0,1",-1],[0],0,[],[],[]],[["0,9729,9729,33071,33071,0,0,1",-1],[0],0,[],[],[]],[["0,9729,9729,33071,33071,0,0,1",-1],[0],0,[],[],[]],[["0,9729,9729,33071,33071,0,0,1",-1],[0],0,[],[],[]],[[{"name":"13","rect":[0,0,820,665],"offset":[0,0],"originalSize":[820,665],"capInsets":[0,0,0,0]}],[1],0,[0],[0],[0]],[["0,9729,9729,33071,33071,0,0,1",-1],[0],0,[],[],[]],[[{"name":"16","rect":[0,0,853,622],"offset":[0,0],"originalSize":[853,622],"capInsets":[0,0,0,0]}],[1],0,[0],[0],[1]],[[{"name":"15","rect":[0,0,853,622],"offset":[0,0],"originalSize":[853,622],"capInsets":[0,0,0,0]}],[1],0,[0],[0],[2]],[[[0,"ಹದಿನಾಲ್ಕು",".mp3",1.128],-1],0,0,[],[],[]],[[[0,"ಹದಿನೆಂಟು",".mp3",1.08],-1],0,0,[],[],[]],[["0,9729,9729,33071,33071,0,0,1",-1],[0],0,[],[],[]],[["0,9729,9729,33071,33071,0,0,1",-1],[0],0,[],[],[]],[["0,9729,9729,33071,33071,0,0,1",-1],[0],0,[],[],[]],[[{"name":"20","rect":[0,0,819,549],"offset":[0,0],"originalSize":[819,549],"capInsets":[0,0,0,0]}],[1],0,[0],[0],[3]],[[[0,"ಹದಿಮೂರು",".mp3",1.08],-1],0,0,[],[],[]],[[{"name":"11","rect":[0,0,820,665],"offset":[0,0],"originalSize":[820,665],"capInsets":[0,0,0,0]}],[1],0,[0],[0],[4]],[[{"name":"17","rect":[0,0,512,340],"offset":[0,0],"originalSize":[512,340],"capInsets":[0,0,0,0]}],[1],0,[0],[0],[5]],[[{"name":"14","rect":[0,0,820,665],"offset":[0,0],"originalSize":[820,665],"capInsets":[0,0,0,0]}],[1],0,[0],[0],[6]],[[{"name":"12","rect":[0,0,820,665],"offset":[0,0],"originalSize":[820,665],"capInsets":[0,0,0,0]}],[1],0,[0],[0],[7]],[[{"name":"18","rect":[0,0,512,340],"offset":[0,0],"originalSize":[512,340],"capInsets":[0,0,0,0]}],[1],0,[0],[0],[8]],[[{"name":"19","rect":[0,0,512,311],"offset":[0,0],"originalSize":[512,311],"capInsets":[0,0,0,0]}],[1],0,[0],[0],[9]],[["0,9729,9729,33071,33071,0,0,1",-1],[0],0,[],[],[]],[[[0,"ಹದಿನೇಳು",".mp3",1.008],-1],0,0,[],[],[]],[[[1,"kn2_0319",{"rows":[["writeword","1","Description","೧೧","11.png","ಹನ್ನೊಂದು.mp3"],["writeword","1","Description","೧೨","12.png","ಹನ್ನೆರಡು.mp3"],["writeword","1","Description","೧೩","13.png","ಹದಿಮೂರು.mp3"],["writeword","1","Description","೧೪","14.png","ಹದಿನಾಲ್ಕು.mp3"],["writeword","1","Description","೧೫","15.png","ಹದಿನೈದು.mp3"],["writeword","1","Description","೧೬","16.png","ಹದಿನಾರು.mp3"],["writeword","1","Description","೧೭","17.png","ಹದಿನೇಳು.mp3"],["writeword","1","Description","೧೮","18.png","ಹದಿನೆಂಟು.mp3"],["writeword","1","Description","೧೯","19.png","ಹತ್ತೊಂಬತ್ತು.mp3"],["writeword","1","Description","೨೦","20.png","ಇಪ್ಪತ್ತು.mp3"],["quizliteracy","1","Description","image_word","೧೧","೧೭","೧೧","೧೪","11.png"],["quizliteracy","1","Description","image_word","೧೫","೧೮","೧೨","೧೫","15.png"],["quizliteracy","1","Description","image_word","೧೯","೧೯","೧೩","೧೫","19.png"]]}]],0,0,[],[],[]]]]