[1,["e9Vd29/N5I9JmYxk1o/K/v","4eVRftSMNPT4PT37fmqXdi","73hKChzS1Iy5kxrm7so8pO","ba1iwkt8pDYojGfAzRflBC","9cE+fyM9hOM4X1/U6B/gvJ","eaaiQOqgNN8ZYCCUtMK8vs","84jXYX9GpPCrGEPeO2/quz","2afrFDOuJLr5YRARO4peCD","d5qaSiOgxM546AHfgl4drD","7e1LzhpoRJa6PLsd8dhyew","6b7AOOIENK+bTEhRxcqcFB"],["_textureSetter"],["cc.Texture2D","cc.SpriteFrame",["cc.AudioClip",["_name","_native","duration"],0],["cc.JsonAsset",["_name","json"],1]],[[2,0,1,2,4],[3,0,1,3]],[[[[0,"leaf",".mp3",0.809796],-1],0,0,[],[],[]],[[[0,"milk",".mp3",0.679184],-1],0,0,[],[],[]],[["0,9729,9729,33071,33071,0,0,1",-1],[0],0,[],[],[]],[[[0,"tap",".mp3",0.496327],-1],0,0,[],[],[]],[[[0,"tree",".mp3",0.731429],-1],0,0,[],[],[]],[[{"name":"cat","rect":[0,0,494,512],"offset":[0,0],"originalSize":[494,512],"capInsets":[0,0,0,0]}],[1],0,[0],[0],[0]],[["0,9729,9729,33071,33071,0,0,1",-1],[0],0,[],[],[]],[[{"name":"spelling_fire","rect":[0,0,370,273],"offset":[0,0],"originalSize":[370,273],"capInsets":[0,0,0,0]}],[1],0,[0],[0],[1]],[[[0,"top",".mp3",0.548571],-1],0,0,[],[],[]],[[[0,"duck",".mp3",0.626939],-1],0,0,[],[],[]],[["0,9729,9729,33071,33071,0,0,1",-1],[0],0,[],[],[]],[[{"name":"spelling_duck","rect":[0,0,370,273],"offset":[0,0],"originalSize":[370,273],"capInsets":[0,0,0,0]}],[1],0,[0],[0],[2]],[["0,9729,9729,33071,33071,0,0,1",-1],[0],0,[],[],[]],[[{"name":"spelling_leaf","rect":[0,0,370,273],"offset":[0,0],"originalSize":[370,273],"capInsets":[0,0,0,0]}],[1],0,[0],[0],[3]],[[{"name":"duck","rect":[0,0,800,533],"offset":[0,0],"originalSize":[800,533],"capInsets":[0,0,0,0]}],[1],0,[0],[0],[4]],[["0,9729,9729,33071,33071,0,0,1",-1],[0],0,[],[],[]],[[[0,"cake",".mp3",0.679184],-1],0,0,[],[],[]],[[{"name":"spelling_cake","rect":[0,0,370,273],"offset":[0,0],"originalSize":[370,273],"capInsets":[0,0,0,0]}],[1],0,[0],[0],[5]],[["0,9729,9729,33071,33071,0,0,1",-1],[0],0,[],[],[]],[[[0,"lion",".mp3",0.783673],-1],0,0,[],[],[]],[[[1,"sl_en0810",{"rows":[["spelldoor","1","Description","tree","tr*e","0","2","spelling_tree.png","tree.mp3"],["spelldoor","1","Description","lion","l*on","0","2","spelling_lion.png","lion.mp3"],["spelldoor","1","Description","duck","d*ck","0","2","spelling_duck.png","duck.mp3"],["spelldoor","1","Description","leaf","l*af","0","2","spelling_leaf.png","leaf.mp3"],["spelldoor","1","Description","cake","c*ke","0","2","spelling_cake.png","cake.mp3"],["spelldoor","1","Description","milk","m*lk","0","2","spelling_milk.png","milk.mp3"],["spelldoor","1","Description","fire","f*re","0","2","spelling_fire.png","fire.mp3"],["speakingpet","1","Description","a_phonic.mp3","o_phonic.mp3","top","top.mp3","B","2","pot","pot.mp3","B","2","tap","tap.mp3","A","2","mat","mat.mp3","A","2"],["quizliteracy","1","Description","word_word","e","e","i","o","","tr_e","tree.mp3"],["quizliteracy","1","Description","soundonly_image","duck.jpg","cat.png","duck.jpg","hen.png","","","duck.mp3"],["quizliteracy","1","Description","image_word","milk","milk","cherry","bread","milk.png"],["quizliteracy","1","Description","soundonly_word","lion","lion","frog","duck","","","lion.mp3"],["quizliteracy","1","Description","word_word","a","u","a","r","","c_ke","cake.mp3"],["quizliteracy","1","Description","word_word","e","e","b","m","","l_af","leaf.mp3"],["quizliteracy","1","Description","word_word","i","c","g","i","","m_lk","milk.mp3"],["quizliteracy","1","Description","word_word","i","i","s","k","","l_on","lion.mp3"]]}]],0,0,[],[],[]],[[{"name":"hen","rect":[0,0,512,491],"offset":[0,0],"originalSize":[512,491],"capInsets":[0,0,0,0]}],[1],0,[0],[0],[6]],[["1,9729,9729,33071,33071,0,0,1",-1],[0],0,[],[],[]],[[[0,"pot",".mp3",0.548571],-1],0,0,[],[],[]],[[[0,"fire",".mp3",0.679184],-1],0,0,[],[],[]],[[[0,"a_phonic",".mp3",2.142041],-1],0,0,[],[],[]],[[{"name":"spelling_tree","rect":[0,0,370,273],"offset":[0,0],"originalSize":[370,273],"capInsets":[0,0,0,0]}],[1],0,[0],[0],[7]],[["0,9729,9729,33071,33071,0,0,1",-1],[0],0,[],[],[]],[[{"name":"spelling_milk","rect":[0,0,370,273],"offset":[0,0],"originalSize":[370,273],"capInsets":[0,0,0,0]}],[1],0,[0],[0],[8]],[[[0,"mat",".mp3",0.809796],-1],0,0,[],[],[]],[["0,9729,9729,33071,33071,0,0,1",-1],[0],0,[],[],[]],[["0,9729,9729,33071,33071,0,0,1",-1],[0],0,[],[],[]],[["0,9729,9729,33071,33071,0,0,1",-1],[0],0,[],[],[]],[[[0,"o_phonic",".mp3",2.220408],-1],0,0,[],[],[]],[[{"name":"spelling_lion","rect":[0,0,370,273],"offset":[0,0],"originalSize":[370,273],"capInsets":[0,0,0,0]}],[1],0,[0],[0],[9]],[[{"name":"milk","rect":[13,1,114,139],"offset":[0,-0.5],"originalSize":[140,140],"capInsets":[0,0,0,0]}],[1],0,[0],[0],[10]]]]