[1,["fdDvP/eVRO3Le3tESLoSiE","60m4kA9VNFDogTFxeOKF+h","0cFl4FnjZH/o1IdTHsITpX","d1dq2Fu0RJz6CO29qWYHUN","9eQe6hOk5ME5CH9/XncO4U","e8i0mQpvNDfYsYpyjlBwpE","d8T63DeyxJ/aJku/zH8cau","79kxJoBuNGK6R3xZFH+w68","92M7Z60DZN57DajX4Xd8oY"],["_textureSetter"],["cc.Texture2D","cc.SpriteFrame",["cc.AudioClip",["_name","_native","duration"],0],["cc.JsonAsset",["_name","json"],1]],[[2,0,1,2,4],[3,0,1,3]],[[[[0,"u_phonic",".mp3",0.626939],-1],0,0,[],[],[]],[["0,9729,9729,33071,33071,0,0,1",-1],[0],0,[],[],[]],[[[0,"s_phonic",".mp3",0.653061],-1],0,0,[],[],[]],[[{"name":"tomato","rect":[81,68,431,321],"offset":[6.5,1.5],"originalSize":[580,460],"capInsets":[0,0,0,0]}],[1],0,[0],[0],[0]],[[{"name":"shoes","rect":[0,0,512,507],"offset":[0,0],"originalSize":[512,507],"capInsets":[0,0,0,0]}],[1],0,[0],[0],[1]],[[[0,"train",".mp3",0.835918],-1],0,0,[],[],[]],[[{"name":"rocket","rect":[19,20,148,120],"offset":[-3.5,-3.5],"originalSize":[193,153],"capInsets":[0,0,0,0]}],[1],0,[0],[0],[2]],[[[0,"g_phonic",".mp3",0.548571],-1],0,0,[],[],[]],[[[0,"ch",".mp3",0.365714],-1],0,0,[],[],[]],[[{"name":"dog","rect":[0,0,499,512],"offset":[0,0],"originalSize":[499,512],"capInsets":[0,0,0,0]}],[1],0,[0],[0],[3]],[[[0,"ck",".mp3",0.783673],-1],0,0,[],[],[]],[["0,9729,9729,33071,33071,0,0,1",-1],[0],0,[],[],[]],[[{"name":"basket","rect":[128,64,308,329],"offset":[-8,1.5],"originalSize":[580,460],"capInsets":[0,0,0,0]}],[1],0,[0],[0],[4]],[[[1,"sl_en1007",{"rows":[["phonictractor","1","Description","5","rush","rush.mp3","r","r_phonic.mp3","u","u_phonic.mp3","sh","sh.mp3"],["openwindow","1","Description","LEGIT","train","train.png","color.png","train.mp3","abcdefghijklmnopqrstuvwxyz"],["openwindow","1","Description","LEGIT","shoes","shoes.png","hippo.png","shoes.mp3","abcdefghijklmnopqrstuvwxyz"],["openwindow","1","Description","LEGIT","square","square.png","rocket.png","square.mp3","abcdefghijklmnopqrstuvwxyz"],["openwindow","1","Description","LEGIT","tomato","tomato.png","basket.png","tomato.mp3","abcdefghijklmnopqrstuvwxyz"],["phonictractor","1","Description","5","duck","duck.mp3","d","d_phonic.mp3","u","u_phonic.mp3","ck","ck.mp3"],["phonictractor","1","Description","5","such","such.mp3","s","s_phonic.mp3","u","u_phonic.mp3","ch","ch.mp3"],["phonictractor","1","Description","5","much","much.mp3","m","m_phonic.mp3","u","u_phonic.mp3","ch","ch.mp3"],["phonictractor","1","Description","5","gosh","gosh.mp3","g","g_phonic.mp3","o","o_phonic.mp3","sh","sh.mp3"],["quizliteracy","1","Description","soundonly_image","tomato.png","tomato.png","dog.png","rocket.png","","","tomato.mp3"],["quizliteracy","1","Description","soundonly_word","train","colour","train","tree","","","train.mp3"],["quizliteracy","1","Description","soundonly_image","shoes.png","hippo.png","shoes.png","basket.png","","","shoes.mp3"],["quizliteracy","1","Description","soundonly_word","duck","hen","lion","duck","","","duck.mp3"],["quizliteracy","1","Description","image_word","square","rocket","square","shoes","square.png"]]}]],0,0,[],[],[]],[[[0,"o_phonic",".mp3",0.313469],-1],0,0,[],[],[]],[[[0,"sh",".mp3",0.809796],-1],0,0,[],[],[]],[[{"name":"square","rect":[50,31,89,90],"offset":[-2,0.5],"originalSize":[193,153],"capInsets":[0,0,0,0]}],[1],0,[0],[0],[5]],[["0,9729,9729,33071,33071,0,0,1",-1],[0],0,[],[],[]],[[[0,"duck",".mp3",0.626939],-1],0,0,[],[],[]],[[[0,"shoes",".mp3",0.835918],-1],0,0,[],[],[]],[[[0,"r_phonic",".mp3",0.600816],-1],0,0,[],[],[]],[["0,9729,9729,33071,33071,0,0,1",-1],[0],0,[],[],[]],[[{"name":"color","rect":[22,16,148,119],"offset":[-0.5,1],"originalSize":[193,153],"capInsets":[0,0,0,0]}],[1],0,[0],[0],[6]],[["0,9729,9729,33071,33071,0,0,1",-1],[0],0,[],[],[]],[[[0,"tomato",".mp3",0.966531],-1],0,0,[],[],[]],[[{"name":"hippo","rect":[0,0,193,153],"offset":[0,0],"originalSize":[193,153],"capInsets":[0,0,0,0]}],[1],0,[0],[0],[7]],[[{"name":"train","rect":[59,52,476,280],"offset":[7,38],"originalSize":[580,460],"capInsets":[0,0,0,0]}],[1],0,[0],[0],[8]],[["0,9729,9729,33071,33071,0,0,1",-1],[0],0,[],[],[]],[[[0,"gosh",".mp3",0.626939],-1],0,0,[],[],[]],[["0,9729,9729,33071,33071,0,0,1",-1],[0],0,[],[],[]],[[[0,"rush",".mp3",0.731429],-1],0,0,[],[],[]],[[[0,"such",".mp3",0.862041],-1],0,0,[],[],[]],[[[0,"much",".mp3",0.757551],-1],0,0,[],[],[]],[[[0,"d_phonic",".mp3",0.522449],-1],0,0,[],[],[]],[[[0,"square",".mp3",0.835918],-1],0,0,[],[],[]],[["0,9729,9729,33071,33071,0,0,1",-1],[0],0,[],[],[]],[[[0,"m_phonic",".mp3",0.444082],-1],0,0,[],[],[]],[["0,9729,9729,33071,33071,0,0,1",-1],[0],0,[],[],[]]]]