[1,["19bpPfu4lM87A6TQlfl1IB","306HsyrcxM4bZIIRZgYe3B","7cUBEv3YdDxYTIYnpfgp4l","0fIxEOichNDoNpxVq6cD7K","5dls7MwYdBrp5AvTiw8L7k","7cUClBSR5PX7a/XvmB8Fqh"],["_textureSetter"],["cc.Texture2D","cc.SpriteFrame",["cc.AudioClip",["_name","_native","duration"],0],["cc.JsonAsset",["_name","json"],1]],[[2,0,1,2,4],[3,0,1,3]],[[[[0,"ಬ",".mp3",0.504],-1],0,0,[],[],[]],[[[0,"ಹ",".mp3",0.504],-1],0,0,[],[],[]],[["0,9729,9729,33071,33071,0,0,1",-1],[0],0,[],[],[]],[[{"name":"write","rect":[0,0,512,384],"offset":[0,0],"originalSize":[512,384],"capInsets":[0,0,0,0]}],[1],0,[0],[0],[0]],[["0,9729,9729,33071,33071,0,0,1",-1],[0],0,[],[],[]],[["0,9729,9729,33071,33071,0,0,1",-1],[0],0,[],[],[]],[[{"name":"play","rect":[0,0,500,346],"offset":[0,0],"originalSize":[500,346],"capInsets":[0,0,0,0]}],[1],0,[0],[0],[1]],[[{"name":"runningrace","rect":[0,0,512,341],"offset":[0,0],"originalSize":[512,341],"capInsets":[0,0,0,0]}],[1],0,[0],[0],[2]],[[[0,"ರ",".mp3",0.48],-1],0,0,[],[],[]],[["0,9729,9729,33071,33071,0,0,1",-1],[0],0,[],[],[]],[[[1,"kn1102",{"rows":[["openwindow","1","Description","LEGIT","ಆ,ಟ","play.png","write.png","ಆಟ.mp3","ಆ,ಟ"],["rocket","1","Description","ಆಟ","ಆ,ಟ","ಆ,ಟ","ಆಟ.mp3","play.png","False","False"],["spelldoor","1","Description","ಆಟ","**","0","0","play.png","ಆಟ.mp3"],["rocket","1","Description","ಓಟ","ಓ,ಟ","ಓ,ಟ","ಓಟ.mp3","running.png","False","False"],["writeword","1","Description","ಓಟ","running.png","ಓಟ.mp3"],["phonictractor","1","Description","4","ಈಗ","ಈಗ.mp3","ಈ","ಈ.mp3","ಗ","ಗ.mp3"],["writeword","1","Description","ಸಮಯ","time.png","ಸಮಯ.mp3"],["phonictractor","1","Description","4","ಅಮರ","ಅಮರ.mp3","ಅ","ಅ.mp3","ಮ","ಮ.mp3","ರ","ರ.mp3"],["phonictractor","1","Description","4","ಬಹಳ","ಬಹಳ.mp3","ಬ","ಬ.mp3","ಹ","ಹ.mp3","ಳ","ಳ.mp3"],["phonictractor","1","Description","4","ಮಜ","ಮಜ.mp3","ಮ","ಮ.mp3","ಜ","ಜ.mp3"],["createsentence","1","Description","ಓಟದ/ಆಟ","","running.png","ಓಟದ ಆಟ.mp3"],["createsentence","1","Description","ಈಗ/ಆಟದ/ಸಮಯ","","runningrace.png","ಈಗ ಆಟದ ಸಮಯ.mp3"],["createsentence","1","Description","ಅಮರನ/ಆಟ/ಓಟದ/ಆಟ","","boyrunning.png","ಅಮರನ ಆಟ ಓಟದ ಆಟ.mp3"],["createsentence","1","Description","ಓಟದ/ಆಟ/ಬಹಳ/ಮಜ","","runningrace.png","ಓಟದ ಆಟ ಬಹಳ ಮಜ.mp3"],["quizliteracy","1","Description","image_word","ಆಟ","ಪಾಠ","ಆಟ","ಊಟ","play.png"],["quizliteracy","1","Description","word_word","ಈ","ಹ","ಸ","ಈ","","_ಗ","ಈಗ.mp3"],["quizliteracy","1","Description","soundonly_sentence","ಓಟದ ಆಟ","ಓಟದ ಆಟ","ಪಾಠದ ಸಮಯ","ಅವಳ ಸರ","","","ಓಟದ ಆಟ.mp3"]]}]],0,0,[],[],[]],[[[0,"ಆಟ",".mp3",1.056],-1],0,0,[],[],[]],[[[0,"ಮ",".mp3",0.48],-1],0,0,[],[],[]],[[[0,"ಓಟ",".mp3",1.008],-1],0,0,[],[],[]],[[[0,"ಈಗ",".mp3",1.44],-1],0,0,[],[],[]],[["0,9729,9729,33071,33071,0,0,1",-1],[0],0,[],[],[]],[["0,9729,9729,33071,33071,0,0,1",-1],[0],0,[],[],[]],[[[0,"ಈಗ ಆಟದ ಸಮಯ",".mp3",1.464],-1],0,0,[],[],[]],[[[0,"ಓಟದ ಆಟ",".mp3",1.08],-1],0,0,[],[],[]],[[[0,"ಗ",".mp3",0.528],-1],0,0,[],[],[]],[[[0,"ಈ",".mp3",0.504],-1],0,0,[],[],[]],[[[0,"ಅ",".mp3",0.456],-1],0,0,[],[],[]],[[[0,"ಓಟದ ಆಟ ಬಹಳ ಮಜ",".mp3",1.656],-1],0,0,[],[],[]],[[[0,"ಮಜ",".mp3",0.624],-1],0,0,[],[],[]],[[{"name":"running","rect":[0,0,512,342],"offset":[0,0],"originalSize":[512,342],"capInsets":[0,0,0,0]}],[1],0,[0],[0],[3]],[[[0,"ಬಹಳ",".mp3",0.696],-1],0,0,[],[],[]],[[[0,"ಅಮರ",".mp3",0.936],-1],0,0,[],[],[]],[[[0,"ಸಮಯ",".mp3",0.768],-1],0,0,[],[],[]],[[[0,"ಜ",".mp3",0.528],-1],0,0,[],[],[]],[[[0,"ಅಮರನ ಆಟ ಓಟದ ಆಟ",".mp3",1.776],-1],0,0,[],[],[]],[[{"name":"boyrunning","rect":[0,0,512,341],"offset":[0,0],"originalSize":[512,341],"capInsets":[0,0,0,0]}],[1],0,[0],[0],[4]],[[[0,"ಳ",".mp3",0.504],-1],0,0,[],[],[]],[[{"name":"time","rect":[0,0,512,341],"offset":[0,0],"originalSize":[512,341],"capInsets":[0,0,0,0]}],[1],0,[0],[0],[5]]]]