[1,["55Z5PBL+ZL6qtPWvAbn82E","41d9Z7eWpAwJu1axfs1V/1","13AYLqH+NOmKhwFRM3lJNN","5dcj6hT29HipDHNnMx1ZCA","eeaqBP26ZM4LxilCAll990","59bZ+x9i5OvoSE4gniUAdU","63r2G8809C3IC7kDXZf0wH","7dadCQ9RxLvYkbeCiAyiVo","8f2wZRO5VL+YQBj+CJJ9kq"],["_textureSetter"],["cc.SpriteFrame","cc.Texture2D",["cc.AudioClip",["_name","_native","duration"],0],["cc.JsonAsset",["_name","json"],1]],[[2,0,1,2,4],[3,0,1,3]],[[[{"name":"चीकू","rect":[0,0,360,360],"offset":[0,0],"originalSize":[360,360],"capInsets":[0,0,0,0]}],[0],0,[0],[0],[0]],[["0,9729,9729,33071,33071,0,0,1",-1],[1],0,[],[],[]],[[{"name":"केसर","rect":[0,0,360,302],"offset":[0,0],"originalSize":[360,302],"capInsets":[0,0,0,0]}],[0],0,[0],[0],[1]],[[[0,"केला",".mp3",0.757551],-1],0,0,[],[],[]],[["0,9729,9729,33071,33071,0,0,1",-1],[1],0,[],[],[]],[[[0,"केसर",".mp3",1.248],-1],0,0,[],[],[]],[["0,9729,9729,33071,33071,0,0,1",-1],[1],0,[],[],[]],[["0,9729,9729,33071,33071,0,0,1",-1],[1],0,[],[],[]],[[{"name":"हाथ","rect":[0,0,400,398],"offset":[0,0],"originalSize":[400,398],"capInsets":[0,0,0,0]}],[0],0,[0],[0],[2]],[["0,9729,9729,33071,33071,0,0,1",-1],[1],0,[],[],[]],[["0,9729,9729,33071,33071,0,0,1",-1],[1],0,[],[],[]],[[[0,"केकड़ा",".mp3",1.464],-1],0,0,[],[],[]],[[{"name":"केला","rect":[0,0,193,153],"offset":[0,0],"originalSize":[193,153],"capInsets":[0,0,0,0]}],[0],0,[0],[0],[3]],[["0,9729,9729,33071,33071,0,0,1",-1],[1],0,[],[],[]],[["0,9729,9729,33071,33071,0,0,1",-1],[1],0,[],[],[]],[[[1,"hi0910",{"rows":[["openwindow","1","Description","LEGIT","के,ला","केला.png","नाक.png","केला.mp3","ज,ग,न,ल,फ,छा,ता,र,थ,व,न,घ,ट्र,क,घो,ड़ा,हा,थी,आ,म,स"],["openwindow","1","Description","LEGIT","के,स,र","केसर.png","चीकू.png","केसर.mp3","के,स,र"],["openwindow","1","Description","LEGIT","के,श","केश.png","हाथ.png","केश.mp3","के,श"],["openwindow","1","Description","LEGIT","के,क,ड़ा","केकड़ा.png","बिल्ली.png","केकड़ा.mp3","के,क,ड़ा"],["bubbletype","1","Description","10","6","के कै को कौ कं कः","","","","","","के कै को कौ कं कः"],["quizliteracy","1","Description","soundonly_word","केला","मेघ","केला","रेत","","","केला.mp3"],["quizliteracy","1","Description","image_word","केसर","रेत","मेघ","केला","केसर.png"],["quizliteracy","1","Description","word_word","केश","केश","केला","केसर","","केश"]]}]],0,0,[],[],[]],[[{"name":"nose","rect":[0,0,400,400],"offset":[0,0],"originalSize":[400,400],"capInsets":[0,0,0,0]}],[0],0,[0],[0],[4]],[[{"name":"बिल्ली","rect":[0,0,512,455],"offset":[0,0],"originalSize":[512,455],"capInsets":[0,0,0,0]}],[0],0,[0],[0],[5]],[[[0,"केश",".mp3",1.248],-1],0,0,[],[],[]],[[{"name":"केश","rect":[0,0,1120,1892],"offset":[0,0],"originalSize":[1120,1892],"capInsets":[0,0,0,0]}],[0],0,[0],[0],[6]],[[{"name":"नाक","rect":[25,6,146,136],"offset":[1.5,2.5],"originalSize":[193,153],"capInsets":[0,0,0,0]}],[0],0,[0],[0],[7]],[["0,9729,9729,33071,33071,0,0,1",-1],[1],0,[],[],[]],[[{"name":"केकड़ा","rect":[0,0,400,400],"offset":[0,0],"originalSize":[400,400],"capInsets":[0,0,0,0]}],[0],0,[0],[0],[8]]]]