[1,["b8dMN5OvRDw5tDU28isYbU","3fvgq6ys1G/Y07YQNgKKwQ","edYv+PaIFJDK3r9bmuaAq+","ceiIaU+pZJKpG44ZrzOLzA","b4Qqv4SR5GPpaVvUfyYKqe","ff1bpR6uhF5Zxzp8T172NW"],["_textureSetter"],["cc.SpriteFrame","cc.Texture2D",["cc.AudioClip",["_name","_native","duration"],0],["cc.JsonAsset",["_name","json"],1]],[[2,0,1,2,4],[3,0,1,3]],[[[[0,"ತೇರು",".mp3",0.672],-1],0,0,[],[],[]],[[{"name":"spider","rect":[0,0,512,384],"offset":[0,0],"originalSize":[512,384],"capInsets":[0,0,0,0]}],[0],0,[0],[0],[0]],[[{"name":"cashew","rect":[0,0,340,512],"offset":[0,0],"originalSize":[340,512],"capInsets":[0,0,0,0]}],[0],0,[0],[0],[1]],[[[0,"ಚೇಳು",".mp3",0.72],-1],0,0,[],[],[]],[[{"name":"tape","rect":[0,0,512,340],"offset":[0,0],"originalSize":[512,340],"capInsets":[0,0,0,0]}],[0],0,[0],[0],[2]],[[[0,"ಗೇರು",".mp3",0.696],-1],0,0,[],[],[]],[["0,9729,9729,33071,33071,0,0,1",-1],[1],0,[],[],[]],[[[0,"ತೇ",".mp3",0.552],-1],0,0,[],[],[]],[[{"name":"scorpion","rect":[0,0,512,326],"offset":[0,0],"originalSize":[512,326],"capInsets":[0,0,0,0]}],[0],0,[0],[0],[3]],[[[0,"ಜೇಡ",".mp3",0.696],-1],0,0,[],[],[]],[[[1,"kn2006",{"rows":[["spelldoor","1","Description","ಚೇಳು","**","0","0","scorpion.png","ಚೇಳು.mp3"],["spelldoor","1","Description","ಗೇರು","**","0","0","cashew.png","ಗೇರು.mp3"],["spelldoor","1","Description","ಜೇಡ","**","0","0","spider.png","ಜೇಡ.mp3"],["rocket","1","Description","ಟೇಪು","ಟೇ,ಪು","ಟೇ,ಪು","ಟೇಪು.mp3","tape.png","False","False"],["openwindow","1","Description","LEGIT","ಡೇ,ರೆ","tent.png","house.png","ಡೇರೆ.mp3","ಡೇ,ರೆ"],["phonictractor","1","Description","4","ತೇರು","ತೇರು.mp3","ತೇ","ತೇ.mp3","ರು","ರು.mp3"],["quizliteracy","1","Description","word_word","ಟೇ","ಬೇ","ಟೇ","ಚೇ","","__ಪು","ಟೇಪು.mp3"],["quizliteracy","1","Description","image_word","ಚೇಳು","ಟೇಪು","ಚೇಳು","ಗೇರು","scorpion.png"],["quizliteracy","1","Description","soundonly_word","ಜೇಡ","ಜೇಡ","ಗೇರು","ಟೇಪು","","","ಜೇಡ.mp3"]]}]],0,0,[],[],[]],[[{"name":"house","rect":[0,0,512,378],"offset":[0,0],"originalSize":[512,378],"capInsets":[0,0,0,0]}],[0],0,[0],[0],[4]],[[[0,"ರು",".mp3",0.528],-1],0,0,[],[],[]],[["0,9729,9729,33071,33071,0,0,1",-1],[1],0,[],[],[]],[["0,9729,9729,33071,33071,0,0,1",-1],[1],0,[],[],[]],[[[0,"ಡೇರೆ",".mp3",0.72],-1],0,0,[],[],[]],[["0,9729,9729,33071,33071,0,0,1",-1],[1],0,[],[],[]],[[{"name":"tent","rect":[0,0,384,512],"offset":[0,0],"originalSize":[384,512],"capInsets":[0,0,0,0]}],[0],0,[0],[0],[5]],[[[0,"ಟೇಪು",".mp3",0.72],-1],0,0,[],[],[]],[["0,9729,9729,33071,33071,0,0,1",-1],[1],0,[],[],[]],[["0,9729,9729,33071,33071,0,0,1",-1],[1],0,[],[],[]]]]