[1,["bbcLQIuLVE57++nwHunV90","72E/g/PctAgKn9do6Yfh8I","1eLwWij75Ffbu34r3UGJva","59VLaoyVNFz68zyNs7oOkC","eexV0TGcJG+I2zwCiT1+UU","65o3pCVGBId5gc1rGAnHni","49nzXDvHtJmpcYQhqbg29n","a5LQqxZ71DWbEtxTrwnPYD","04HKJUu0RG4rqSSEUb8LMx","e4O5/hA7FJj5NcXTk/0jE/"],["_textureSetter"],["cc.Texture2D","cc.SpriteFrame",["cc.AudioClip",["_name","_native","duration"],0],["cc.JsonAsset",["_name","json"],1]],[[2,0,1,2,4],[3,0,1,3]],[[[[0,"news",".mp3",0.835918],-1],0,0,[],[],[]],[["0,9729,9729,33071,33071,0,0,1",-1],[0],0,[],[],[]],[[[0,"bug",".mp3",0.626939],-1],0,0,[],[],[]],[["0,9729,9729,33071,33071,0,0,1",-1],[0],0,[],[],[]],[[{"name":"news","rect":[18,28,151,99],"offset":[-3,-1],"originalSize":[193,153],"capInsets":[0,0,0,0]}],[1],0,[0],[0],[0]],[[{"name":"face","rect":[0,0,134,140],"offset":[-3,0],"originalSize":[140,140],"capInsets":[0,0,0,0]}],[1],0,[0],[0],[1]],[[{"name":"donkey","rect":[4,0,131,140],"offset":[-0.5,0],"originalSize":[140,140],"capInsets":[0,0,0,0]}],[1],0,[0],[0],[2]],[["0,9729,9729,33071,33071,0,0,1",-1],[0],0,[],[],[]],[[[0,"rabbit",".mp3",0.835918],-1],0,0,[],[],[]],[[{"name":"rain","rect":[36,13,131,123],"offset":[5,2],"originalSize":[193,153],"capInsets":[0,0,0,0]}],[1],0,[0],[0],[3]],[["0,9729,9729,33071,33071,0,0,1",-1],[0],0,[],[],[]],[[[0,"bed",".mp3",0.600816],-1],0,0,[],[],[]],[[{"name":"tree","rect":[36,36,846,594],"offset":[0,0],"originalSize":[918,666],"capInsets":[0,0,0,0]}],[1],0,[0],[0],[4]],[["0,9729,9729,33071,33071,0,0,1",-1],[0],0,[],[],[]],[["0,9729,9729,33071,33071,0,0,1",-1],[0],0,[],[],[]],[[[1,"sl_en1004",{"rows":[["openwindow","1","Description","LEGIT","ball","ball.png","lion.png","ball.mp3","abcdefghijklmnopqrstuvwxyz"],["openwindow","1","Description","LEGIT","face","face.png","rain.png","face.mp3","abcdefghijklmnopqrstuvwxyz"],["openwindow","1","Description","LEGIT","farm","farm.png","rain.png","farm.mp3","abcdefghijklmnopqrstuvwxyz"],["openwindow","1","Description","LEGIT","news","news.png","fish.png","news.mp3","abcdefghijklmnopqrstuvwxyz"],["openwindow","1","Description","LEGIT","rabbit","rabbit.png","donkey.png","rabbit.mp3","abcdefghijklmnopqrstuvwxyz"],["openwindow","1","Description","LEGIT","tree","tree.png","song.png","tree.mp3","abcdefghijklmnopqrstuvwxyz"],["grid","1","Description","s","ip,ad,un"],["grid","1","Description","m","ud,et,om"],["grid","1","Description","b","ed,ug,at"],["quizliteracy","1","Description","soundonly_image","ball.png","lion.png","fish.png","ball.png","","","ball.mp3"],["quizliteracy","1","Description","soundonly_word","farm","dog","farm","hen","","","farm.mp3"],["quizliteracy","1","Description","soundonly_image","face.png","baby.png","face.png","rain.png","","","face.mp3"],["quizliteracy","1","Description","soundonly_word","tree","rain","face","tree","","","tree.mp3"],["quizliteracy","1","Description","image_word","rabbit","rabbit","tree","lion","rabbit.png"]]}]],0,0,[],[],[]],[[[0,"tree",".mp3",0.731429],-1],0,0,[],[],[]],[[[0,"mom",".mp3",0.574694],-1],0,0,[],[],[]],[[{"name":"fish","rect":[16,16,368,258],"offset":[0,0],"originalSize":[400,290],"capInsets":[0,0,0,0]}],[1],0,[0],[0],[5]],[[[0,"ball",".mp3",0.444082],-1],0,0,[],[],[]],[[{"name":"rabbit","rect":[0,0,1200,1000],"offset":[0,0],"originalSize":[1200,1000],"capInsets":[0,0,0,0]}],[1],0,[0],[0],[6]],[["0,9729,9729,33071,33071,0,0,1",-1],[0],0,[],[],[]],[[{"name":"ball","rect":[0,0,500,333],"offset":[0,0],"originalSize":[500,333],"capInsets":[0,0,0,0]}],[1],0,[0],[0],[7]],[[[0,"face",".mp3",0.809796],-1],0,0,[],[],[]],[["0,9729,9729,33071,33071,0,0,1",-1],[0],0,[],[],[]],[[{"name":"song","rect":[49,68,481,339],"offset":[-0.5,-7.5],"originalSize":[580,460],"capInsets":[0,0,0,0]}],[1],0,[0],[0],[8]],[[{"name":"lion","rect":[16,16,368,258],"offset":[0,0],"originalSize":[400,290],"capInsets":[0,0,0,0]}],[1],0,[0],[0],[9]],[[[0,"sad",".mp3",0.835918],-1],0,0,[],[],[]],[[[0,"farm",".mp3",0.783673],-1],0,0,[],[],[]],[["0,9729,9729,33071,33071,0,0,1",-1],[0],0,[],[],[]],[["0,9729,9729,33071,33071,0,0,1",-1],[0],0,[],[],[]],[[[0,"bat",".mp3",0.600816],-1],0,0,[],[],[]],[[[0,"sun",".mp3",0.679184],-1],0,0,[],[],[]]]]