[1,["1e70hgNk5HVKTfUuJ7IgBj","2eauwGChBHpKi0B5EgFSCl","4eqGti9MZJfrkAQp0b7zJo","88RaSgwXJKcYbACAdNxOKZ","35P/sTF7xKkapiWEl3O4lg","94jHDnJkhKrpeeFU8Nefsh","b6vwkkz5pCxLD+niXKsH1C","e0kwrt6FhG96knT8zEv07g"],["_textureSetter"],["cc.SpriteFrame","cc.Texture2D",["cc.AudioClip",["_name","_native","duration"],0],["cc.JsonAsset",["_name","json"],1]],[[2,0,1,2,4],[3,0,1,3]],[[[{"name":"mangoes","rect":[0,0,640,640],"offset":[0,0],"originalSize":[640,640],"capInsets":[0,0,0,0]}],[0],0,[0],[0],[0]],[[{"name":"flower","rect":[0,0,480,640],"offset":[0,0],"originalSize":[480,640],"capInsets":[0,0,0,0]}],[0],0,[0],[0],[1]],[["0,9729,9729,33071,33071,0,0,1",-1],[1],0,[],[],[]],[["0,9729,9729,33071,33071,0,0,1",-1],[1],0,[],[],[]],[[{"name":"ball","rect":[0,0,640,640],"offset":[0,0],"originalSize":[640,640],"capInsets":[0,0,0,0]}],[0],0,[0],[0],[2]],[["0,9729,9729,33071,33071,0,0,1",-1],[1],0,[],[],[]],[[[0,"पुस्तके",".mp3",0.96],-1],0,0,[],[],[]],[[{"name":"flowers","rect":[0,0,640,480],"offset":[0,0],"originalSize":[640,480],"capInsets":[0,0,0,0]}],[0],0,[0],[0],[3]],[["0,9729,9729,33071,33071,0,0,1",-1],[1],0,[],[],[]],[[{"name":"balls","rect":[0,0,640,427],"offset":[0,0],"originalSize":[640,427],"capInsets":[0,0,0,0]}],[0],0,[0],[0],[4]],[[[0,"पुस्तक",".mp3",0.757551],-1],0,0,[],[],[]],[["0,9729,9729,33071,33071,0,0,1",-1],[1],0,[],[],[]],[[[1,"mr3700",{"rows":[["openwindow","1","Description","LEGIT","पुस्तक","book.png","books.png","पुस्तक.mp3","पुस्तक"],["openwindow","1","Description","LEGIT","पुस्तके","books.png","book.png","पुस्तके.mp3","पुस्तके"],["openwindow","1","Description","LEGIT","आंबा","mango.png","mangoes.png","आंबा.mp3","आंबा"],["openwindow","1","Description","LEGIT","आंबे","mangoes.png","mango.png","आंबे.mp3","आंबे"],["openwindow","1","Description","LEGIT","फुल","flower.png","flowers.png","फुल.mp3","फुल"],["openwindow","1","Description","LEGIT","फुले","flowers.png","flower.png","फुले.mp3","फुले"],["openwindow","1","Description","LEGIT","चेंडू","ball.png","balls.png","चेंडू.mp3","चेंडू"],["openwindow","1","Description","LEGIT","चेंडू","balls.png","ball.png","चेंडू.mp3","चेंडू"],["quizliteracy","1","Description","image_word","पुस्तक","आंबे","पुस्तक","पुस्तके","book.png"],["quizliteracy","1","Description","image_word","आंबे","आंबा","फुल","आंबे","mangoes.png"],["quizliteracy","1","Description","image_word","फुल","फुल","फुले","पुस्तक","flower.png"]]}]],0,0,[],[],[]],[["0,9729,9729,33071,33071,0,0,1",-1],[1],0,[],[],[]],[[{"name":"mango","rect":[0,0,640,530],"offset":[0,0],"originalSize":[640,530],"capInsets":[0,0,0,0]}],[0],0,[0],[0],[5]],[["0,9729,9729,33071,33071,0,0,1",-1],[1],0,[],[],[]],[[[0,"फुल",".mp3",0.626939],-1],0,0,[],[],[]],[[[0,"आंबा",".mp3",0.862041],-1],0,0,[],[],[]],[[[0,"फुले",".mp3",0.648],-1],0,0,[],[],[]],[[{"name":"books","rect":[15,21,610,598],"offset":[0,0],"originalSize":[640,640],"capInsets":[0,0,0,0]}],[0],0,[0],[0],[6]],[["0,9729,9729,33071,33071,0,0,1",-1],[1],0,[],[],[]],[[{"name":"book","rect":[0,0,640,360],"offset":[0,0],"originalSize":[640,360],"capInsets":[0,0,0,0]}],[0],0,[0],[0],[7]],[[[0,"आंबे",".mp3",0.648],-1],0,0,[],[],[]],[[[0,"चेंडू",".mp3",0.696],-1],0,0,[],[],[]]]]