[1,["d887gSjQBOL4UKWMIZY008","9cOdAA0oZLKoHm7+pqOwqv","12XYVqDHFDfohVGm5hoMeB","c7uCGqkrFGAK9/VtmIwPFU","a3czkm1SNMTJFa1vo5sgiB","02x8sbV5JAbZDxfOxuBq3R"],["_textureSetter"],["cc.Texture2D","cc.SpriteFrame",["cc.AudioClip",["_name","_native","duration"],0],["cc.JsonAsset",["_name","json"],1]],[[2,0,1,2,4],[3,0,1,3]],[[[[0,"ಉರಗ",".mp3",1.152],-1],0,0,[],[],[]],[["0,9729,9729,33071,33071,0,0,1",-1],[0],0,[],[],[]],[["0,9729,9729,33071,33071,0,0,1",-1],[0],0,[],[],[]],[[{"name":"sitting","rect":[0,0,800,533],"offset":[0,0],"originalSize":[800,533],"capInsets":[0,0,0,0]}],[1],0,[0],[0],[0]],[[{"name":"running","rect":[0,0,800,534],"offset":[0,0],"originalSize":[800,534],"capInsets":[0,0,0,0]}],[1],0,[0],[0],[1]],[[[1,"kn1100",{"rows":[["openwindow","1","Description","LEGIT","ಉ,ರ,ಗ","snake.png","dog.png","ಉರಗ.mp3","ಉ,ರ,ಗ"],["spelldoor","1","Description","ಉರಗ","*ರಗ","0","0","snake.png","ಉರಗ.mp3"],["openwindow","1","Description","LEGIT","ಸ,ರ,ಸ,ರ","snake running.png","bird flying.png","ಸರಸರ.mp3","ಸ,ರ,ಸ,ರ"],["openwindow","1","Description","LEGIT","ಓ,ಟ","running.png","sitting.png","ಓಟ.mp3","ಓ,ಟ"],["writeword","1","Description","ಓಟ","running.png","ಓಟ.mp3"],["createsentence","1","Description","ಉರಗದ/ಓಟ","","snake.png","ಉರಗದ ಓಟ.mp3"],["createsentence","1","Description","ಉರಗದ ಓಟ ಸರಸರ","","snake.png","ಉರಗದ ಓಟ ಸರಸರ.mp3"],["quizliteracy","1","Description","image_word","ಉರಗ","ರಸ","ಉರಗ","ಚಮಚ","snake.png"],["quizliteracy","1","Description","word_word","ಓ","ಓ","ಏ","ಬಾ","","_ಟ","ಓಟ.mp3"],["quizliteracy","1","Description","soundonly_sentence","ಉರಗದ ಓಟ","ಗಣಪನ ಆಲಯ","ಉರಗದ ಓಟ","ಅವನ ಪಟ","","","ಉರಗದ ಓಟ.mp3"]]}]],0,0,[],[],[]],[[{"name":"snake running","rect":[0,0,600,800],"offset":[0,0],"originalSize":[600,800],"capInsets":[0,0,0,0]}],[1],0,[0],[0],[2]],[[[0,"ಉರಗದ ಓಟ ಸರಸರ",".mp3",1.584],-1],0,0,[],[],[]],[[{"name":"bird flying","rect":[0,0,536,800],"offset":[0,0],"originalSize":[536,800],"capInsets":[0,0,0,0]}],[1],0,[0],[0],[3]],[["0,9729,9729,33071,33071,0,0,1",-1],[0],0,[],[],[]],[[[0,"ಓಟ",".mp3",1.008],-1],0,0,[],[],[]],[[[0,"ಉರಗದ ಓಟ",".mp3",1.104],-1],0,0,[],[],[]],[["0,9729,9729,33071,33071,0,0,1",-1],[0],0,[],[],[]],[[{"name":"dog","rect":[0,0,800,590],"offset":[0,0],"originalSize":[800,590],"capInsets":[0,0,0,0]}],[1],0,[0],[0],[4]],[[[0,"ಸರಸರ",".mp3",0.888],-1],0,0,[],[],[]],[["0,9729,9729,33071,33071,0,0,1",-1],[0],0,[],[],[]],[["0,9729,9729,33071,33071,0,0,1",-1],[0],0,[],[],[]],[[{"name":"snake","rect":[0,0,800,535],"offset":[0,0],"originalSize":[800,535],"capInsets":[0,0,0,0]}],[1],0,[0],[0],[5]]]]