[1,["80nE/iCq1Jl5PuLk0RpDKm","9dKgQkmxBKPZYELThMOWYI"],["_textureSetter"],["cc.SpriteFrame","cc.Texture2D",["cc.AudioClip",["_name","_native","duration"],0],["cc.JsonAsset",["_name","json"],1]],[[2,0,1,2,4],[3,0,1,3]],[[[[0,"ಖೂಳು",".mp3",0.72],-1],0,0,[],[],[]],[[[0,"ಧೂ",".mp3",0.576],-1],0,0,[],[],[]],[[[0,"ಲಿ",".mp3",0.528],-1],0,0,[],[],[]],[[[0,"ಹೂ",".mp3",0.552],-1],0,0,[],[],[]],[[[0,"ಧೂಪ",".mp3",0.696],-1],0,0,[],[],[]],[[[0,"ಜೂಲಿ",".mp3",0.72],-1],0,0,[],[],[]],[[[0,"ಪ",".mp3",0.504],-1],0,0,[],[],[]],[[[0,"ಖೂ",".mp3",0.576],-1],0,0,[],[],[]],[[[0,"ಭೂ",".mp3",0.576],-1],0,0,[],[],[]],[[[0,"ಡು",".mp3",0.528],-1],0,0,[],[],[]],[[[0,"ಶೂರ",".mp3",0.72],-1],0,0,[],[],[]],[[[0,"ಹೂಡು",".mp3",0.696],-1],0,0,[],[],[]],[[{"name":"brave","rect":[0,0,512,341],"offset":[0,0],"originalSize":[512,341],"capInsets":[0,0,0,0]}],[0],0,[0],[0],[0]],[["0,9729,9729,33071,33071,0,0,1",-1],[1],0,[],[],[]],[["0,9729,9729,33071,33071,0,0,1",-1],[1],0,[],[],[]],[[[0,"ಭೂಮ",".mp3",0.672],-1],0,0,[],[],[]],[[[0,"ಮ",".mp3",0.48],-1],0,0,[],[],[]],[[[0,"ಳು",".mp3",0.528],-1],0,0,[],[],[]],[[[1,"kn1902",{"rows":[["phonictractor","1","Description","4","ಹೂಡು","ಹೂಡು.mp3","ಹೂ","ಹೂ.mp3","ಡು","ಡು.mp3"],["phonictractor","1","Description","4","ಖೂಳು","ಖೂಳು.mp3","ಖೂ","ಖೂ.mp3","ಳು","ಳು.mp3"],["spelldoor","1","Description","ಶೂರ","**","0","0","brave.png","ಶೂರ.mp3"],["spelldoor","1","Description","ಕೂಪ","**","0","0","well.png","ಕೂಪ.mp3"],["phonictractor","1","Description","4","ಜೂಲಿ","ಜೂಲಿ.mp3","ಜೂ","ಜೂ.mp3","ಲಿ","ಲಿ.mp3"],["phonictractor","1","Description","4","ಧೂಪ","ಧೂಪ.mp3","ಧೂ","ಧೂ.mp3","ಪ","ಪ.mp3"],["phonictractor","1","Description","4","ಭೂಮ","ಭೂಮ.mp3","ಭೂ","ಭೂ.mp3","ಮ","ಮ.mp3"],["quizliteracy","1","Description","word_word","ಹೂ","ಹೂ","ಕೂ","ಲೂ","","__ಡು","ಹೂಡು.mp3"],["quizliteracy","1","Description","image_word","ಕೂಪ","ಜೂಲಿ","ಶೂರ","ಕೂಪ","well.png"],["quizliteracy","1","Description","soundonly_word","ಭೂಮ","ನೂರು","ಬೂಟು","ಭೂಮ","","","ಭೂಮ.mp3"]]}]],0,0,[],[],[]],[[{"name":"well","rect":[0,0,512,342],"offset":[0,0],"originalSize":[512,342],"capInsets":[0,0,0,0]}],[0],0,[0],[0],[1]],[[[0,"ಜೂ",".mp3",0.6],-1],0,0,[],[],[]],[[[0,"ಕೂಪ",".mp3",0.672],-1],0,0,[],[],[]]]]