[1,["2f+ZSYCIxGsKDpHJR5UVIa","54nfszc0BCUZyJzu/DOGH/","02osMSr8hH36bpOWeoPWpD","1cAifM/zVOKKp4kZr8ku4V","2aSY5nT05Nn6y5y3j5E2Us","97n8UL4SJMKKKCkcuaudOf","0bSugdat9FaJScYq8U9Dfq","a7VBa0+8BM4YmMRJLrhjaF"],["_textureSetter"],["cc.Texture2D","cc.SpriteFrame",["cc.AudioClip",["_name","_native","duration"],0],["cc.JsonAsset",["_name","json"],1]],[[2,0,1,2,4],[3,0,1,3]],[[["0,9729,9729,33071,33071,0,0,1",-1],[0],0,[],[],[]],[["0,9729,9729,33071,33071,0,0,1",-1],[0],0,[],[],[]],[[[0,"ಕೋತಿ",".mp3",0.72],-1],0,0,[],[],[]],[["0,9729,9729,33071,33071,0,0,1",-1],[0],0,[],[],[]],[[[0,"ಮರ",".mp3",0.576],-1],0,0,[],[],[]],[["0,9729,9729,33071,33071,0,0,1",-1],[0],0,[],[],[]],[["0,9729,9729,33071,33071,0,0,1",-1],[0],0,[],[],[]],[[{"name":"squirrel","rect":[0,0,500,356],"offset":[0,0],"originalSize":[500,356],"capInsets":[0,0,0,0]}],[1],0,[0],[0],[0]],[[[0,"ಅಳಿಲು",".mp3",0.72],-1],0,0,[],[],[]],[["0,9729,9729,33071,33071,0,0,1",-1],[0],0,[],[],[]],[[[0,"ಜೋಕಾಲಿ",".mp3",0.888],-1],0,0,[],[],[]],[[{"name":"tree","rect":[0,0,800,590],"offset":[0,0],"originalSize":[800,590],"capInsets":[0,0,0,0]}],[1],0,[0],[0],[1]],[[{"name":"slide","rect":[0,0,800,599],"offset":[0,0],"originalSize":[800,599],"capInsets":[0,0,0,0]}],[1],0,[0],[0],[2]],[[{"name":"swing","rect":[0,0,500,348],"offset":[0,0],"originalSize":[500,348],"capInsets":[0,0,0,0]}],[1],0,[0],[0],[3]],[["0,9729,9729,33071,33071,0,0,1",-1],[0],0,[],[],[]],[[{"name":"river","rect":[0,0,800,590],"offset":[0,0],"originalSize":[800,590],"capInsets":[0,0,0,0]}],[1],0,[0],[0],[4]],[["0,9729,9729,33071,33071,0,0,1",-1],[0],0,[],[],[]],[[{"name":"cat","rect":[0,0,800,590],"offset":[0,0],"originalSize":[800,590],"capInsets":[0,0,0,0]}],[1],0,[0],[0],[5]],[[{"name":"monkey","rect":[0,0,800,533],"offset":[0,0],"originalSize":[800,533],"capInsets":[0,0,0,0]}],[1],0,[0],[0],[6]],[[{"name":"snake","rect":[0,0,800,535],"offset":[0,0],"originalSize":[800,535],"capInsets":[0,0,0,0]}],[1],0,[0],[0],[7]],[[[1,"kn3400",{"rows":[["openwindow","1","Description","LEGIT","ಕೋ,ತಿ","monkey.png","cat.png","ಕೋತಿ.mp3","ಕೋ,ತಿ"],["openwindow","1","Description","LEGIT","ಅ,ಳಿ,ಲು","squirrel.png","snake.png","ಅಳಿಲು.mp3","ಅ,ಳಿ,ಲು"],["openwindow","1","Description","LEGIT","ಮ,ರ","tree.png","river.png","ಮರ.mp3","ಮ,ರ"],["openwindow","1","Description","LEGIT","ಜೋ,ಕಾ,ಲಿ","swing.png","slide.png","ಜೋಕಾಲಿ.mp3","ಜೋ,ಕಾ,ಲಿ"],["quizliteracy","1","Description","word_word","ಕಾಲಿ","ಕಾಲಿ","ಮಾರಿ","ಜೀತಾ","","ಜೋ____","ಜೋಕಾಲಿ.mp3"],["quizliteracy","1","Description","image_word","ಕೋತಿ","ಮರ","ಅಳಿಲು","ಕೋತಿ","monkey.png"],["quizliteracy","1","Description","soundonly_word","ಅಳಿಲು","ಮರ","ಕೋತಿ","ಅಳಿಲು","","","ಅಳಿಲು.mp3"]]}]],0,0,[],[],[]]]]