[1,["dclmT+UNZOsJ9YM4ganMc0","3eRdGd1+FNabEWvuxa9mDk","48aXCeLJpHErnwryCymCwT","1ahRWzZ/VIzYo8XCpiq2HB"],["_textureSetter"],["cc.Texture2D","cc.SpriteFrame",["cc.AudioClip",["_name","_native","duration"],0],["cc.JsonAsset",["_name","json"],1]],[[2,0,1,2,4],[3,0,1,3]],[[[[0,"chest",".mp3",0.757551],-1],0,0,[],[],[]],[[[0,"ripe",".mp3",0.522449],-1],0,0,[],[],[]],[["0,9729,9729,33071,33071,0,0,1",-1],[0],0,[],[],[]],[[[0,"mom",".mp3",0.574694],-1],0,0,[],[],[]],[[[0,"ride",".mp3",0.809796],-1],0,0,[],[],[]],[[{"name":"spelling_gift","rect":[0,0,370,273],"offset":[0,0],"originalSize":[370,273],"capInsets":[0,0,0,0]}],[1],0,[0],[0],[0]],[[[0,"meat",".mp3",0.679184],-1],0,0,[],[],[]],[["0,9729,9729,33071,33071,0,0,1",-1],[0],0,[],[],[]],[[[0,"ch",".mp3",0.576],-1],0,0,[],[],[]],[["0,9729,9729,33071,33071,0,0,1",-1],[0],0,[],[],[]],[[[0,"l_phonic",".mp3",2.142041],-1],0,0,[],[],[]],[[[0,"card",".mp3",0.862041],-1],0,0,[],[],[]],[[[0,"g_phonic",".mp3",2.45551],-1],0,0,[],[],[]],[[{"name":"spelling_city","rect":[0,0,370,273],"offset":[0,0],"originalSize":[370,273],"capInsets":[0,0,0,0]}],[1],0,[0],[0],[1]],[[[0,"coat",".mp3",0.705306],-1],0,0,[],[],[]],[[[0,"sand",".mp3",0.809796],-1],0,0,[],[],[]],[[[0,"get",".mp3",0.783673],-1],0,0,[],[],[]],[[[0,"sun",".mp3",0.679184],-1],0,0,[],[],[]],[[[0,"color",".mp3",0.574694],-1],0,0,[],[],[]],[[[0,"say",".mp3",0.679184],-1],0,0,[],[],[]],[[[0,"m_phonic",".mp3",2.246531],-1],0,0,[],[],[]],[[{"name":"spelling_meat","rect":[0,0,370,273],"offset":[0,0],"originalSize":[370,273],"capInsets":[0,0,0,0]}],[1],0,[0],[0],[2]],[[[0,"come",".mp3",0.548571],-1],0,0,[],[],[]],[[[0,"check",".mp3",0.600816],-1],0,0,[],[],[]],[[[0,"cake",".mp3",0.679184],-1],0,0,[],[],[]],[[[0,"mad",".mp3",0.731429],-1],0,0,[],[],[]],[[[0,"save",".mp3",0.835918],-1],0,0,[],[],[]],[[{"name":"spelling_duck","rect":[0,0,370,273],"offset":[0,0],"originalSize":[370,273],"capInsets":[0,0,0,0]}],[1],0,[0],[0],[3]],[[[0,"rice",".mp3",0.757551],-1],0,0,[],[],[]],[[[0,"chop",".mp3",0.444082],-1],0,0,[],[],[]],[[[0,"duck",".mp3",0.626939],-1],0,0,[],[],[]],[[[1,"sl_en0902",{"rows":[["speakingpet","1","Description","k_phonic.mp3","ch.mp3","coat","coat.mp3","A","1","check","check.mp3","B","1","chest","chest.mp3","B","1,2","chop","chop.mp3","B","1,2"],["speakingpet","1","Description","k_phonic.mp3","g_phonic.mp3","color","color.mp3","A","1","come","come.mp3","A","1","get","get.mp3","B","1","good","good.mp3","B","1"],["spelldoor","1","Description","gift","*ift","2","0","spelling_gift.png","gift.mp3"],["spelldoor","1","Description","duck","*uck","2","0","spelling_duck.png","duck.mp3"],["speakingpet","1","Description","k_phonic.mp3","s_phonic.mp3","card","card.mp3","A","1","circle","circle.mp3","B","1","sun","sun.mp3","B","1","save","save.mp3","B","1"],["speakingpet","1","Description","k_phonic.mp3","s_phonic.mp3","cup","cup.mp3","A","1","cake","cake.mp3","A","1","say","say.mp3","B","1","sand","sand.mp3","B","1"],["grid","1","Description","r","ice,ide,ipe"],["speakingpet","1","Description","l_phonic.mp3","m_phonic.mp3","leg","leg.mp3","A","1","mad","mad.mp3","B","1","mom","mom.mp3","B","1","map","map.mp3","B","1"],["spelldoor","1","Description","meat","*eat","2","0","spelling_meat.png","meat.mp3"],["spelldoor","1","Description","city","*ity","2","0","spelling_city.png","city.mp3"],["quizliteracy","1","Description","word_word","c","b","c","k","","_ake","cake.mp3"],["quizliteracy","1","Description","word_word","c","l","c","h","","_oat","coat.mp3"],["quizliteracy","1","Description","word_word","d","m","s","d","","_uck","duck.mp3"],["quizliteracy","1","Description","word_word","l","m","s","l","","_eg","leg.mp3"],["quizliteracy","1","Description","word_word","c","c","f","g","","_up","cup.mp3"],["quizliteracy","1","Description","word_word","m","w","x","m","","_ad","mad.mp3"]]}]],0,0,[],[],[]],[["0,9729,9729,33071,33071,0,0,1",-1],[0],0,[],[],[]],[[[0,"leg",".mp3",0.548571],-1],0,0,[],[],[]],[[[0,"cup",".mp3",0.574694],-1],0,0,[],[],[]],[[[0,"good",".mp3",0.731429],-1],0,0,[],[],[]],[[[0,"circle",".mp3",0.705306],-1],0,0,[],[],[]],[[[0,"k_phonic",".mp3",1.306122],-1],0,0,[],[],[]],[[[0,"s_phonic",".mp3",1.985306],-1],0,0,[],[],[]],[[[0,"gift",".mp3",0.835918],-1],0,0,[],[],[]],[[[0,"map",".mp3",0.574694],-1],0,0,[],[],[]],[[[0,"city",".mp3",0.757551],-1],0,0,[],[],[]]]]