[1,["e8VO5EYbNCrb+w0mCF64p2","beI8g8amtCRaAbR/5nQDj4","a5Gz0aLuVK6aopFPar5kB1","6f2vvVHUJAr5KSJL3cQkP/","adVcfa72BImKKPzq+mD0ij","ffuUm95QtB8ogMrUgaQFb1","afzwW+g4dHDpHWm4CxmtXr","fegzelxX9DzreLZiOarZjd"],["_textureSetter"],["cc.SpriteFrame","cc.Texture2D",["cc.AudioClip",["_name","_native","duration"],0],["cc.JsonAsset",["_name","json"],1]],[[2,0,1,2,4],[3,0,1,3]],[[[[0,"2000_Leones",".mp3",1.906939],-1],0,0,[],[],[]],[[[0,"20_Leones",".mp3",1.985306],-1],0,0,[],[],[]],[[{"name":"5x10","rect":[0,0,595,440],"offset":[0,0],"originalSize":[595,440],"capInsets":[0,0,0,0]}],[0],0,[0],[0],[0]],[[{"name":"2x100","rect":[0,0,2732,1994],"offset":[0,0],"originalSize":[2732,1994],"capInsets":[0,0,0,0]}],[0],0,[0],[0],[1]],[[{"name":"4x50","rect":[0,0,2241,1166],"offset":[0,0],"originalSize":[2241,1166],"capInsets":[0,0,0,0]}],[0],0,[0],[0],[2]],[[[0,"100_Leones",".mp3",1.906939],-1],0,0,[],[],[]],[[{"name":"20note","rect":[0,0,472,435],"offset":[0,0],"originalSize":[472,435],"capInsets":[0,0,0,0]}],[0],0,[0],[0],[3]],[[[0,"4_50_ notes_ is_ equal_to_1_[200]_note",".mp3",4.153469],-1],0,0,[],[],[]],[["0,9729,9729,33071,33071,0,0,1",-1],[1],0,[],[],[]],[["0,9729,9729,33071,33071,0,0,1",-1],[1],0,[],[],[]],[["0,9729,9729,33071,33071,0,0,1",-1],[1],0,[],[],[]],[["0,9729,9729,33071,33071,0,0,1",-1],[1],0,[],[],[]],[["0,9729,9729,33071,33071,0,0,1",-1],[1],0,[],[],[]],[[[0,"200_Leones",".mp3",1.880816],-1],0,0,[],[],[]],[[[1,"sl_en3703",{"rows":[["createsentence","1","Description","1","Description","Leones/2000","","4x500.png","2000_Leones.mp3"],["createsentence","1","Description","1","Description","Leones/50","","5x10.png","50_Leones.mp3"],["createsentence","1","Description","1","Description","200/Leones","","4x50.png","200_Leones.mp3"],["createsentence","1","Description","1","Description","100/Leones","","2x50.png","100_Leones.mp3"],["createsentence","1","Description","1","Description","200/Leones","","2x100.png","200_Leones.mp3"],["quizliteracy","1","Description","1","Description","soundonly_image","20note.png","500note.png","20note.png","100note.png","","","20_Leones.mp3"],["quizliteracy","1","Description","1","Description","image_word","Le100","Le100","Le50","Le20","100note.png"],["quizliteracy","1","Description","1","Description","sentence_sentence","Le200","Le2000","Le200","Le400","","4 Le50 notes is equal to 1 _____ note","4_50_ notes_ is_ equal_to_1_[200]_note.mp3"]]}]],0,0,[],[],[]],[[{"name":"2x50","rect":[0,0,1681,1094],"offset":[0,0],"originalSize":[1681,1094],"capInsets":[0,0,0,0]}],[0],0,[0],[0],[4]],[[{"name":"100note","rect":[0,0,600,552],"offset":[0,0],"originalSize":[600,552],"capInsets":[0,0,0,0]}],[0],0,[0],[0],[5]],[[{"name":"500note","rect":[0,0,223,226],"offset":[0,0],"originalSize":[223,226],"capInsets":[0,0,0,0]}],[0],0,[0],[0],[6]],[["0,9729,9729,33071,33071,0,0,1",-1],[1],0,[],[],[]],[[{"name":"4x500","rect":[0,0,2674,1304],"offset":[0,0],"originalSize":[2674,1304],"capInsets":[0,0,0,0]}],[0],0,[0],[0],[7]],[[[0,"50_Leones",".mp3",1.593469],-1],0,0,[],[],[]],[["0,9729,9729,33071,33071,0,0,1",-1],[1],0,[],[],[]],[["0,9729,9729,33071,33071,0,0,1",-1],[1],0,[],[],[]]]]