[1,["67mhqH/l1MH7/WMm/7Vpsu","4bJrs0rZlAzZ6GG95EFVQX","c1383kvt9EWpuFinx2dye4","f0I0xAefxLCI6UjEUDSN+G","b0d86pEWpAMrZO5vmfV/jf","93VrE5l7xLP7Ir1CLp6ZID","4cgGOPYaNPtLwxWALBe9sg"],["_textureSetter"],["cc.SpriteFrame","cc.Texture2D",["cc.AudioClip",["_name","_native","duration"],0],["cc.JsonAsset",["_name","json"],1]],[[2,0,1,2,4],[3,0,1,3]],[[[{"name":"child","rect":[60,13,74,124],"offset":[0.5,1.5],"originalSize":[193,153],"capInsets":[0,0,0,0]}],[0],0,[0],[0],[0]],[[{"name":"pin","rect":[0,0,322,382],"offset":[0,0],"originalSize":[322,382],"capInsets":[0,0,0,0]}],[0],0,[0],[0],[1]],[[{"name":"tree","rect":[36,36,846,594],"offset":[0,0],"originalSize":[918,666],"capInsets":[0,0,0,0]}],[0],0,[0],[0],[2]],[["0,9729,9729,33071,33071,0,0,1",-1],[1],0,[],[],[]],[["0,9729,9729,33071,33071,0,0,1",-1],[1],0,[],[],[]],[[[0,"bat",".mp3",0.600816],-1],0,0,[],[],[]],[["0,9729,9729,33071,33071,0,0,1",-1],[1],0,[],[],[]],[[{"name":"bat","rect":[10,48,170,64],"offset":[-1.5,-3.5],"originalSize":[193,153],"capInsets":[0,0,0,0]}],[0],0,[0],[0],[3]],[[{"name":"zebra","rect":[0,0,1200,1000],"offset":[0,0],"originalSize":[1200,1000],"capInsets":[0,0,0,0]}],[0],0,[0],[0],[4]],[[[1,"sl_en3200",{"rows":[["openwindow","1","Description","LEGIT","baby","baby.png","babies.png","baby.mp3","abcdefghijklmnopqrstuvwxyz"],["openwindow","1","Description","LEGIT","zebras","zebras.png","zebra.png","zebras.mp3","abcdefghijklmnopqrstuvwxyz"],["openwindow","1","Description","LEGIT","pins","pins.png","pin.png","pins.mp3","abcdefghijklmnopqrstuvwxyz"],["openwindow","1","Description","LEGIT","bat","bat.png","bats.png","bat.mp3","abcdefghijklmnopqrstuvwxyz"],["openwindow","1","Description","LEGIT","girl","girl.png","girls.png","girl.mp3","abcdefghijklmnopqrstuvwxyz"],["openwindow","1","Description","LEGIT","children","children.png","child.png","children.mp3","abcdefghijklmnopqrstuvwxyz"],["openwindow","1","Description","LEGIT","trees","trees.png","tree.png","trees.mp3","abcdefghijklmnopqrstuvwxyz"],["openwindow","1","Description","LEGIT","mangoes","mangoes.png","mango.png","mangoes.mp3","abcdefghijklmnopqrstuvwxyz"],["openwindow","1","Description","LEGIT","cow","cow.png","cows.png","cow.mp3","abcdefghijklmnopqrstuvwxyz"],["quizliteracy","1","Description","word_word","s","s","es","ies","","zebra_","zebras.mp3"],["quizliteracy","1","Description","word_word","s","ies","es","s","","tree_","trees.mp3"],["quizliteracy","1","Description","word_word","es","ies","es","s","","mango__","mangoes.mp3"]]}]],0,0,[],[],[]],[["0,9729,9729,33071,33071,0,0,1",-1],[1],0,[],[],[]],[["0,9729,9729,33071,33071,0,0,1",-1],[1],0,[],[],[]],[[[0,"cow",".mp3",0.653061],-1],0,0,[],[],[]],[["0,9729,9729,33071,33071,0,0,1",-1],[1],0,[],[],[]],[[{"name":"girl","rect":[0,0,868,689],"offset":[0,0],"originalSize":[868,689],"capInsets":[0,0,0,0]}],[0],0,[0],[0],[5]],[[[0,"girl",".mp3",0.783673],-1],0,0,[],[],[]],[[[0,"baby",".mp3",0.653061],-1],0,0,[],[],[]],[["0,9729,9729,33071,33071,0,0,1",-1],[1],0,[],[],[]],[[{"name":"mango","rect":[36,36,846,594],"offset":[0,0],"originalSize":[918,666],"capInsets":[0,0,0,0]}],[0],0,[0],[0],[6]]]]