[1,["44+cboglJH25QSR6Upjf9s","9ce7WnbghH47ZAIX9QSrqQ","125AoyXfRDsLXviJHznTYg","6fLmtuwcFK87ZnivAL/hzT"],["_textureSetter"],["cc.Texture2D","cc.SpriteFrame",["cc.AudioClip",["_name","_native","duration"],0],["cc.JsonAsset",["_name","json"],1]],[[2,0,1,2,4],[3,0,1,3]],[[[[0,"ಏನು",".mp3",0.648],-1],0,0,[],[],[]],[["0,9729,9729,33071,33071,0,0,1",-1],[0],0,[],[],[]],[[[0,"ತಂಗಿ",".mp3",0.72],-1],0,0,[],[],[]],[[{"name":"tickle","rect":[0,0,800,600],"offset":[0,0],"originalSize":[800,600],"capInsets":[0,0,0,0]}],[1],0,[0],[0],[0]],[[[0,"ಆ",".mp3",0.504],-1],0,0,[],[],[]],[[[0,"ನಗು",".mp3",0.648],-1],0,0,[],[],[]],[[{"name":"sister","rect":[0,0,322,500],"offset":[0,0],"originalSize":[322,500],"capInsets":[0,0,0,0]}],[1],0,[0],[0],[1]],[["0,9729,9729,33071,33071,0,0,1",-1],[0],0,[],[],[]],[[[0,"ಯಿ",".mp3",0.528],-1],0,0,[],[],[]],[[{"name":"borther","rect":[0,0,599,800],"offset":[0,0],"originalSize":[599,800],"capInsets":[0,0,0,0]}],[1],0,[0],[0],[2]],[[[0,"ಕಚಗುಳಿ",".mp3",0.888],-1],0,0,[],[],[]],[[[0,"ಹೇ",".mp3",0.552],-1],0,0,[],[],[]],[[[0,"ಳು",".mp3",0.528],-1],0,0,[],[],[]],[["0,9729,9729,33071,33071,0,0,1",-1],[0],0,[],[],[]],[[[0,"ಗಾನ",".mp3",0.696],-1],0,0,[],[],[]],[[[0,"ಆಯಿತು",".mp3",0.792],-1],0,0,[],[],[]],[[[0,"ಏ",".mp3",0.528],-1],0,0,[],[],[]],[["0,9729,9729,33071,33071,0,0,1",-1],[0],0,[],[],[]],[[[1,"kn3402",{"rows":[["spelldoor","1","Description","ಕಚಗುಳಿ","****","0","0","tickle.png","ಕಚಗುಳಿ.mp3"],["phonictractor","1","Description","4","ಆಯಿತು","ಆಯಿತು.mp3","ಆ","ಆ.mp3","ಯಿ","ಯಿ.mp3","ತು","ಗಾನ.mp3"],["phonictractor","1","Description","4","ಹೇಳು","ಹೇಳು.mp3","ಹೇ","ಹೇ.mp3","ಳು","ಳು.mp3"],["rocket","1","Description","ನಗು","ನ,ಗು","ನ,ಗು","ನಗು.mp3","laughter.png","False","False"],["openwindow","1","Description","LEGIT","ತಂ,ಗಿ","sister.png","borther.png","ತಂಗಿ.mp3","ತಂ,ಗಿ"],["phonictractor","1","Description","4","ಏನು","ಏನು.mp3","ಏ","ಏ.mp3","ನು","ನು.mp3"],["quizliteracy","1","Description","word_word","ಕಚ","ಮರ","ಕಚ","ಗಮ","","____ಗುಳಿ","ಕಚಗುಳಿ.mp3"],["quizliteracy","1","Description","image_word","ನಗು","ನಗು","ಹೇಳು","ಏನು","laughter.png"],["quizliteracy","1","Description","soundonly_word","ತಂಗಿ","ಆಯಿತು","ಏನು","ತಂಗಿ","","","ತಂಗಿ.mp3"]]}]],0,0,[],[],[]],[[{"name":"laughter","rect":[0,0,800,534],"offset":[0,0],"originalSize":[800,534],"capInsets":[0,0,0,0]}],[1],0,[0],[0],[3]],[[[0,"ನು",".mp3",0.504],-1],0,0,[],[],[]],[[[0,"ಹೇಳು",".mp3",0.672],-1],0,0,[],[],[]]]]