[1,["5dxGjbkHpDPqj8LJUSEACu","5dHQYt9UdCIbUc1rScpSYH","96K0vmYIBNzpo9eWO3lqh0","2eN8KfrpNKha6deToJcb0L","e331Rfe3JPhoskCJQxGihc","9dsVJvMgNM6ovqYuFHGtLn","cdgiiQJA9OpK+BsZcJKAmh","c9n6P3bS9M+ob7rvNDgsV0","41tJCCZvBCD5805zKfhJn6","aeiUBjanhMKL952WzZ1XSK","cfuBAGTtFL4ojAp1Gi2HUt","119vX1PDRLM64ccf7DMihf","2aAoJ/9fpN9rWXP17vN44G","8cdq/e2rdDt7CU/T/bUVzC"],["_textureSetter"],["cc.Texture2D","cc.SpriteFrame",["cc.AudioClip",["_name","_native","duration"],0],["cc.JsonAsset",["_name","json"],1]],[[2,0,1,2,4],[3,0,1,3]],[[[[0,"The_boy_is_thin",".mp3",1.671837],-1],0,0,[],[],[]],[["0,9729,9729,33071,33071,0,0,1",-1],[0],0,[],[],[]],[[[0,"The_feather_is_lighter_than_a_pen",".mp3",2.533878],-1],0,0,[],[],[]],[[{"name":"giraffe_lion","rect":[0,0,1011,663],"offset":[0,0],"originalSize":[1011,663],"capInsets":[0,0,0,0]}],[1],0,[0],[0],[0]],[[[0,"A_cat_is_bigger_than_a_bird",".mp3",2.481633],-1],0,0,[],[],[]],[["0,9729,9729,33071,33071,0,0,1",-1],[0],0,[],[],[]],[["0,9729,9729,33071,33071,0,0,1",-1],[0],0,[],[],[]],[[[0,"The_giraffe_is_taller_than_the_elephant",".mp3",2.76898],-1],0,0,[],[],[]],[[{"name":"l4_catbird","rect":[0,0,902,744],"offset":[0,0],"originalSize":[902,744],"capInsets":[0,0,0,0]}],[1],0,[0],[0],[1]],[["0,9729,9729,33071,33071,0,0,1",-1],[0],0,[],[],[]],[[[0,"A_caterpillar_is_shorter_than_a_rope",".mp3",2.586122],-1],0,0,[],[],[]],[[{"name":"rope_snake","rect":[0,0,520,287],"offset":[0,0],"originalSize":[520,287],"capInsets":[0,0,0,0]}],[1],0,[0],[0],[2]],[["0,9729,9729,33071,33071,0,0,1",-1],[0],0,[],[],[]],[["0,9729,9729,33071,33071,0,0,1",-1],[0],0,[],[],[]],[[{"name":"thin_boy","rect":[0,0,959,1280],"offset":[0,0],"originalSize":[959,1280],"capInsets":[0,0,0,0]}],[1],0,[0],[0],[3]],[[{"name":"elephant_lion","rect":[0,0,2039,1511],"offset":[0,0],"originalSize":[2039,1511],"capInsets":[0,0,0,0]}],[1],0,[0],[0],[4]],[[{"name":"book_pen","rect":[0,0,1280,844],"offset":[0,0],"originalSize":[1280,844],"capInsets":[0,0,0,0]}],[1],0,[0],[0],[5]],[[[0,"the_elephant_is_taller_than_the_lion",".mp3",2.76898],-1],0,0,[],[],[]],[[[0,"The_rope_is_longer_than_the_snake",".mp3",2.429388],-1],0,0,[],[],[]],[[[0,"The_lion_is_shorter_than_the_giraffe",".mp3",2.638367],-1],0,0,[],[],[]],[[{"name":"elephant_giraffe","rect":[0,0,685,675],"offset":[0,0],"originalSize":[685,675],"capInsets":[0,0,0,0]}],[1],0,[0],[0],[6]],[["0,9729,9729,33071,33071,0,0,1",-1],[0],0,[],[],[]],[[[0,"The_book_is_heavier_than_the_pen",".mp3",2.586122],-1],0,0,[],[],[]],[[{"name":"l4_dogcat","rect":[0,0,1280,1017],"offset":[0,0],"originalSize":[1280,1017],"capInsets":[0,0,0,0]}],[1],0,[0],[0],[7]],[["0,9729,9729,33071,33071,0,0,1",-1],[0],0,[],[],[]],[[[0,"A_dog_is_bigger_than_a_cat",".mp3",2.403265],-1],0,0,[],[],[]],[["0,9729,9729,33071,33071,0,0,1",-1],[0],0,[],[],[]],[[{"name":"snake_caterpillar","rect":[0,0,769,518],"offset":[0,0],"originalSize":[769,518],"capInsets":[0,0,0,0]}],[1],0,[0],[0],[8]],[["0,9729,9729,33071,33071,0,0,1",-1],[0],0,[],[],[]],[[[0,"A_snake_is_longer_than_ a_caterpillar",".mp3",2.56],-1],0,0,[],[],[]],[[{"name":"fat_man","rect":[349,57,581,1166],"offset":[-0.5,0],"originalSize":[1280,1280],"capInsets":[0,0,0,0]}],[1],0,[0],[0],[9]],[[{"name":"l4_dogbird","rect":[0,0,1078,934],"offset":[0,0],"originalSize":[1078,934],"capInsets":[0,0,0,0]}],[1],0,[0],[0],[10]],[[[0,"A_dog_is_bigger_than_a_bird",".mp3",2.35102],-1],0,0,[],[],[]],[["0,9729,9729,33071,33071,0,0,1",-1],[0],0,[],[],[]],[[{"name":"feather_pen","rect":[0,0,1251,1333],"offset":[0,0],"originalSize":[1251,1333],"capInsets":[0,0,0,0]}],[1],0,[0],[0],[11]],[["0,9729,9729,33071,33071,0,0,1",-1],[0],0,[],[],[]],[["0,9729,9729,33071,33071,0,0,1",-1],[0],0,[],[],[]],[[[0,"The_girl_is_short",".mp3",1.48898],-1],0,0,[],[],[]],[[[0,"The_man_is_fat",".mp3",1.253878],-1],0,0,[],[],[]],[[[1,"sl_en3801",{"rows":[["picturemeaning","1","Description","P","The elephant is taller than the lion","elephant_lion.png","the_elephant_is_taller_than_the_lion.mp3","The giraffe is taller than the elephant","elephant_giraffe.png","The_giraffe_is_taller_than_the_elephant.mp3","The lion is shorter than the giraffe","giraffe_lion.png","The_lion_is_shorter_than_the_giraffe.mp3"],["picturemeaning","1","Description","S","The man is fat","fat_man.png","The_man_is_fat.mp3","The boy is thin","thin_boy.png","The_boy_is_thin.mp3","The girl is short","short_girl.png","The_girl_is_short.mp3"],["picturemeaning","1","Description","P","The feather is lighter than a pen","feather_pen.png","The_feather_is_lighter_than_a_pen.mp3","The book is heavier than the pen","book_pen.png","The_book_is_heavier_than_the_pen.mp3","The pen is heavier than the feather","feather_pen.png","The_pen_is_heavier_than_the_feather.mp3"],["picturemeaning","1","Description","S","A dog is bigger than a cat.","l4_dogcat.png","A_dog_is_bigger_than_a_cat.mp3","A dog bigger than a bird.","l4_dogbird.png","A_dog_is_bigger_than_a_bird.mp3","A cat is bigger than a bird.","l4_catbird.png","A_cat_is_bigger_than_a_bird.mp3"],["picturemeaning","1","Description","P","A snake is longer than a caterpillar","snake_caterpillar.png","A_snake_is_longer_than_ a_caterpillar.mp3","The rope is longer than the snake","rope_snake.png","The_rope_is_longer_than_the_snake.mp3","A caterpillar is shorter than a rope","caterpillar_rope.png","A_caterpillar_is_shorter_than_a_rope.mp3"],["quizliteracy","1","Description","image_word","Thin boy","Fat man","Short girl","Thin boy","thin_boy.png"],["quizliteracy","1","Description","soundonly_image","elephant_lion.png","elephant_lion.png","elephant_giraffe.png","giraffe_lion.png","","","the_elephant_is_taller_than_the_lion.mp3"],["quizliteracy","1","Description","sentence_sentence","heavier","lighter","heavier","smaller","","The book is _______ than the pen.","The_book_is_heavier_than_the_pen.mp3"]]}]],0,0,[],[],[]],[["0,9729,9729,33071,33071,0,0,1",-1],[0],0,[],[],[]],[[{"name":"caterpillar_rope","rect":[0,0,769,600],"offset":[0,0],"originalSize":[769,600],"capInsets":[0,0,0,0]}],[1],0,[0],[0],[12]],[[{"name":"short_girl","rect":[0,0,540,720],"offset":[0,0],"originalSize":[540,720],"capInsets":[0,0,0,0]}],[1],0,[0],[0],[13]],[[[0,"The_pen_is_heavier_than_the_feather",".mp3",2.324898],-1],0,0,[],[],[]]]]