[1,["c1j3YrvV9JaLCx4m7V/kHf","24NxKZSOpA/YxgXgKEbtRL","05u3iq0j1BFZwFFy+vEmv0"],["_textureSetter"],["cc.Texture2D","cc.SpriteFrame",["cc.AudioClip",["_name","_native","duration"],0],["cc.JsonAsset",["_name","json"],1]],[[2,0,1,2,4],[3,0,1,3]],[[["0,9729,9729,33071,33071,0,0,1",-1],[0],0,[],[],[]],[[[0,"ಸಮಯ",".mp3",0.768],-1],0,0,[],[],[]],[[[0,"ಸಂಜೆ",".mp3",0.816],-1],0,0,[],[],[]],[[[0,"ಸಂ",".mp3",0.6],-1],0,0,[],[],[]],[[[0,"ತ",".mp3",0.504],-1],0,0,[],[],[]],[["0,9729,9729,33071,33071,0,0,1",-1],[0],0,[],[],[]],[[{"name":"evening","rect":[0,0,512,341],"offset":[0,0],"originalSize":[512,341],"capInsets":[0,0,0,0]}],[1],0,[0],[0],[0]],[[[0,"ಳ",".mp3",0.504],-1],0,0,[],[],[]],[[[0,"ಯ",".mp3",0.528],-1],0,0,[],[],[]],[[[0,"ಸಂತಸ",".mp3",0.912],-1],0,0,[],[],[]],[[{"name":"drink","rect":[0,0,341,512],"offset":[0,0],"originalSize":[341,512],"capInsets":[0,0,0,0]}],[1],0,[0],[0],[1]],[[[0,"ಸ",".mp3",0.576],-1],0,0,[],[],[]],[[[0,"ಒ",".mp3",0.48],-1],0,0,[],[],[]],[[[0,"ಒಳಗೆ",".mp3",0.72],-1],0,0,[],[],[]],[[[0,"ಮ",".mp3",0.48],-1],0,0,[],[],[]],[[[0,"ಚಿಕ್ಕಪ್ಪ",".mp3",0.864],-1],0,0,[],[],[]],[["0,9729,9729,33071,33071,0,0,1",-1],[0],0,[],[],[]],[[{"name":"man","rect":[0,0,400,500],"offset":[0,0],"originalSize":[400,500],"capInsets":[0,0,0,0]}],[1],0,[0],[0],[2]],[[[0,"ಕುಡಿ",".mp3",0.624],-1],0,0,[],[],[]],[[[1,"kn3700",{"rows":[["phonictractor","1","Description","4","ಸಮಯ","ಸಮಯ.mp3","ಸ","ಸ.mp3","ಮ","ಮ.mp3","ಯ","ಯ.mp3"],["spelldoor","1","Description","ಚಿ,ಕ್ಕ,ಪ್ಪ","***","0","0","man.png","ಚಿಕ್ಕಪ್ಪ.mp3"],["phonictractor","1","Description","4","ಒಳಗೆ","ಒಳಗೆ.mp3","ಒ","ಒ.mp3","ಳ","ಳ.mp3","ಗೆ","ಗೆ.mp3"],["spelldoor","1","Description","ಸಂಜೆ","**","0","0","evening.png","ಸಂಜೆ.mp3"],["phonictractor","1","Description","4","ಸಂತಸ","ಸಂತಸ.mp3","ಸಂ","ಸಂ.mp3","ತ","ತ.mp3","ಸ","ಸ.mp3"],["spelldoor","1","Description","ಕುಡಿ","**","0","0","drink.png","ಕುಡಿ.mp3"],["quizliteracy","1","Description","word_word","ಚಿಕ್ಕ","ಚಿಕ್ಕ","ರಾಟ","ದಿಯು","","_____ಪ್ಪ","ಚಿಕ್ಕಪ್ಪ.mp3"],["quizliteracy","1","Description","image_word","ಕುಡಿ","ಸಂಜೆ","ಕುಡಿ","ಸಂತಸ","drink.png"],["quizliteracy","1","Description","soundonly_word","ಸಂತಸ","ಸಂತಸ","ಒಳಗೆ","ಸಮಯ","","","ಸಂತಸ.mp3"]]}]],0,0,[],[],[]],[[[0,"ಗೆ",".mp3",0.576],-1],0,0,[],[],[]]]]