[1,["c3Ay/7mHlCspPmMOYY7BtM","d1c0UAFZVF+6/rWWRGBKuc","260q7uZ45BOJS8MnkFm8is"],["_textureSetter"],["cc.SpriteFrame","cc.Texture2D",["cc.AudioClip",["_name","_native","duration"],0],["cc.JsonAsset",["_name","json"],1]],[[2,0,1,2,4],[3,0,1,3]],[[[[0,"dark",".mp3",0.522449],-1],0,0,[],[],[]],[[[0,"bark",".mp3",0.835918],-1],0,0,[],[],[]],[[[0,"tint",".mp3",0.679184],-1],0,0,[],[],[]],[[[0,"tall",".mp3",0.600816],-1],0,0,[],[],[]],[[{"name":"ball","rect":[0,0,500,333],"offset":[0,0],"originalSize":[500,333],"capInsets":[0,0,0,0]}],[0],0,[0],[0],[0]],[["0,9729,9729,33071,33071,0,0,1",-1],[1],0,[],[],[]],[[[0,"boom",".mp3",0.600816],-1],0,0,[],[],[]],[[[0,"meat",".mp3",0.679184],-1],0,0,[],[],[]],[[[0,"hall",".mp3",0.757551],-1],0,0,[],[],[]],[[[0,"dug",".mp3",0.548571],-1],0,0,[],[],[]],[[[0,"doom",".mp3",0.862041],-1],0,0,[],[],[]],[[[0,"bug",".mp3",0.626939],-1],0,0,[],[],[]],[[[1,"sl_en1113",{"rows":[["grid","1","Description","d,b","ark,ug,oom"],["rocket","1","Description","park","p,ark","p,ark","park.mp3","park.png","false","false"],["speakingpet","1","Description","g_phonic.mp3","p_phonic.mp3","game","game.mp3","A","1","gift","gift.mp3","A","1","paper","paper.mp3","B","1","park","park.mp3","B","1"],["grid","1","Description","m,h,t","int,eat,all"],["openwindow","1","Description","LEGIT","ball","ball.png","lion.png","ball.mp3","abcdefghijklmnopqrstuvwxyz"],["quizliteracy","1","Description","word_word","ark","ime","oom","ark","","p___","park.mp3"],["quizliteracy","1","Description","word_word","ark","ark","int","eat","","d___","dark.mp3"],["quizliteracy","1","Description","word_word","all","apr","ave","all","","b___","ball.mp3"],["quizliteracy","1","Description","word_word","all","ake","all","orm","","t___","tall.mp3"]]}]],0,0,[],[],[]],[[[0,"g_phonic",".mp3",2.45551],-1],0,0,[],[],[]],[[{"name":"park","rect":[0,0,482,482],"offset":[0,0],"originalSize":[482,482],"capInsets":[0,0,0,0]}],[0],0,[0],[0],[1]],[[[0,"heat",".mp3",0.705306],-1],0,0,[],[],[]],[[[0,"ball",".mp3",0.444082],-1],0,0,[],[],[]],[[[0,"hint",".mp3",0.626939],-1],0,0,[],[],[]],[[[0,"p_phonic",".mp3",1.567347],-1],0,0,[],[],[]],[[[0,"mall",".mp3",0.731429],-1],0,0,[],[],[]],[[[0,"teat",".mp3",0.809796],-1],0,0,[],[],[]],[[[0,"paper",".mp3",0.653061],-1],0,0,[],[],[]],[[[0,"mint",".mp3",0.809796],-1],0,0,[],[],[]],[["0,9729,9729,33071,33071,0,0,1",-1],[1],0,[],[],[]],[["0,9729,9729,33071,33071,0,0,1",-1],[1],0,[],[],[]],[[{"name":"lion","rect":[0,0,512,457],"offset":[0,0],"originalSize":[512,457],"capInsets":[0,0,0,0]}],[0],0,[0],[0],[2]],[[[0,"game",".mp3",0.862041],-1],0,0,[],[],[]],[[[0,"gift",".mp3",0.835918],-1],0,0,[],[],[]],[[[0,"park",".mp3",0.679184],-1],0,0,[],[],[]]]]