<root>

        <lido-container disable-speak="true" lang="en" visible="true" id="lido-container" template-id="numberIdentificationWithoutImage" onInCorrect="lido-avatar.avatarAnimate='Fail';this.sleep='2000';" onCorrect="lido-avatar.avatarAnimate='Success';this.sleep='2000';" bg-image="template-assets/bg-images/file-vu1hq7a5.png" objective="3" is-continue-on-correct="false" is-allow-only-correct="false" onEntry="this.lineHeight='1.2';question.speak='true';text1.speak='true';text2.speak='true';text3.speak='true';text4.speak='true';">
             
	<lido-cell layout="pos" id="pos1" disable-edit="true" value="pos2" height="landscape.344px,portrait.402px" width="landscape.296px,portrait.398px" x="landscape.83%, portrait.28%" y="landscape.64%, portrait.77%" aria-hidden="true" z="1" bg-color="transparent" visible="true" onEntry="this.lineHeight='1.2';">
		<lido-avatar id="lido-avatar" disable-edit="true" visible="true" height="100%" width="100%" src="template-assets/images/file-x9ad1bu6.riv" alt-text="">
		</lido-avatar>
	</lido-cell>
            
            
           <lido-cell layout="row" visible="true" margin="landscape.26px 0px 155px 0px, portrait.-170px 0px 0px 0px" height="290px" width="landscape.1476px,portrait.100%" bg-color="#FFF5BB" onEntry="this.justifyContent='center';this.border='2px solid #FFA500'; this.borderRadius='16px';">
			<lido-text id="question" audio="game-assets/audio/file-dv7mukas.mp3" tab-index="1" visible="true" string="Choose the BIGGER number" font-family="'Baloo Bhai 2'" font-color="black" font-size="landscape.80px, portrait.84px" bg-color="transparent" onEntry="this.fontWeight='700';">
            </lido-text>

			
		</lido-cell>
            

            
            <lido-cell layout="landscape.row, portrait.col" visible="true" margin="landscape.-65px 0px -101px -94px,portrait.0" onEntry="this.lineHeight='1.2';this.border-radius='26px';" height="landscape.390px,portrait.46%" width="landscape.76%,portrait.100%" bg-color="transparent">
                
            <lido-cell layout="row" visible="true" margin="" onEntry="this.lineHeight='1.2';this.border-radius='24px';" height="228px" width="landscape.280px,portrait.300px" bg-color="orange" type="click" value="1">
                <lido-text id="text1" disable-speak="true" tab-index="2" visible="true" string="1" font-family="'Baloo Bhai 2'" font-color="black" font-size="landscape.140px, portrait.100px" bg-color="orange" onEntry="this.lineHeight='1.2';this.fontWeight='700';">
                </lido-text>
            </lido-cell>
            
            <lido-cell layout="row" visible="true" margin="" onEntry="this.lineHeight='1.2';this.border-radius='24px';" height="228px" width="landscape.280px,portrait.300px" bg-color="orange" type="click" value="2">
                <lido-text id="text2" disable-speak="true" tab-index="3" visible="true" string="2" font-family="'Baloo Bhai 2'" font-color="black" font-size="landscape.140px, portrait.100px" bg-color="orange" onEntry="this.lineHeight='1.2';this.fontWeight='700';">
                </lido-text>
            </lido-cell>
            
            <lido-cell layout="row" visible="true" margin="" onEntry="this.lineHeight='1.2';this.border-radius='24px';" height="228px" width="landscape.280px,portrait.300px" bg-color="orange" type="click" value="3">
                <lido-text id="text3" disable-speak="true" tab-index="4" visible="true" string="3" font-family="'Baloo Bhai 2'" font-color="black" font-size="landscape.140px, portrait.100px" bg-color="orange" onEntry="this.lineHeight='1.2';this.fontWeight='700';">
                </lido-text>
            </lido-cell>
            
            <lido-cell layout="row" visible="true" margin="" onEntry="this.lineHeight='1.2';this.border-radius='24px';" height="228px" width="landscape.280px,portrait.300px" bg-color="orange" type="click" value="0">
                <lido-text id="text4" disable-speak="true" tab-index="5" visible="true" string="0" font-family="'Baloo Bhai 2'" font-color="black" font-size="landscape.140px, portrait.100px" bg-color="orange" onEntry="this.lineHeight='1.2';this.fontWeight='700';">
                </lido-text>
            </lido-cell>
            
            </lido-cell>

        </lido-container>
        
        <lido-container disable-speak="true" lang="en" visible="true" id="lido-container" template-id="numberIdentificationWithoutImage" onInCorrect="lido-avatar.avatarAnimate='Fail';this.sleep='2000';" onCorrect="lido-avatar.avatarAnimate='Success';this.sleep='2000';" bg-image="template-assets/bg-images/file-vu1hq7a5.png" objective="5" is-continue-on-correct="false" is-allow-only-correct="false" onEntry="this.lineHeight='1.2';question.speak='true';text1.speak='true';text2.speak='true';text3.speak='true';text4.speak='true';">
             
	<lido-cell layout="pos" id="pos1" disable-edit="true" value="pos2" height="landscape.344px,portrait.402px" width="landscape.296px,portrait.398px" x="landscape.83%, portrait.28%" y="landscape.64%, portrait.77%" aria-hidden="true" z="1" bg-color="transparent" visible="true" onEntry="this.lineHeight='1.2';">
		<lido-avatar id="lido-avatar" disable-edit="true" visible="true" height="100%" width="100%" src="template-assets/images/file-x9ad1bu6.riv" alt-text="">
		</lido-avatar>
	</lido-cell>
            
            
           <lido-cell layout="row" visible="true" margin="landscape.26px 0px 155px 0px, portrait.-170px 0px 0px 0px" height="290px" width="landscape.1476px,portrait.100%" bg-color="#FFF5BB" onEntry="this.justifyContent='center';this.border='2px solid #FFA500'; this.borderRadius='16px';">
			<lido-text id="question" audio="game-assets/audio/file-dv7mukas.mp3" tab-index="1" visible="true" string="Choose the BIGGER number" font-family="'Baloo Bhai 2'" font-color="black" font-size="landscape.80px, portrait.84px" bg-color="transparent" onEntry="this.fontWeight='700';">
            </lido-text>

			
		</lido-cell>
            

            
            <lido-cell layout="landscape.row, portrait.col" visible="true" margin="landscape.-65px 0px -101px -94px,portrait.0" onEntry="this.lineHeight='1.2';this.border-radius='26px';" height="landscape.390px,portrait.46%" width="landscape.76%,portrait.100%" bg-color="transparent">
                
            <lido-cell layout="row" visible="true" margin="" onEntry="this.lineHeight='1.2';this.border-radius='24px';" height="228px" width="landscape.280px,portrait.300px" bg-color="orange" type="click" value="2">
                <lido-text id="text1" disable-speak="true" tab-index="2" visible="true" string="2" font-family="'Baloo Bhai 2'" font-color="black" font-size="landscape.140px, portrait.100px" bg-color="orange" onEntry="this.lineHeight='1.2';this.fontWeight='700';">
                </lido-text>
            </lido-cell>
            
            <lido-cell layout="row" visible="true" margin="" onEntry="this.lineHeight='1.2';this.border-radius='24px';" height="228px" width="landscape.280px,portrait.300px" bg-color="orange" type="click" value="1">
                <lido-text id="text2" disable-speak="true" tab-index="3" visible="true" string="1" font-family="'Baloo Bhai 2'" font-color="black" font-size="landscape.140px, portrait.100px" bg-color="orange" onEntry="this.lineHeight='1.2';this.fontWeight='700';">
                </lido-text>
            </lido-cell>
            
            <lido-cell layout="row" visible="true" margin="" onEntry="this.lineHeight='1.2';this.border-radius='24px';" height="228px" width="landscape.280px,portrait.300px" bg-color="orange" type="click" value="5">
                <lido-text id="text3" disable-speak="true" tab-index="4" visible="true" string="5" font-family="'Baloo Bhai 2'" font-color="black" font-size="landscape.140px, portrait.100px" bg-color="orange" onEntry="this.lineHeight='1.2';this.fontWeight='700';">
                </lido-text>
            </lido-cell>
            
            <lido-cell layout="row" visible="true" margin="" onEntry="this.lineHeight='1.2';this.border-radius='24px';" height="228px" width="landscape.280px,portrait.300px" bg-color="orange" type="click" value="3">
                <lido-text id="text4" disable-speak="true" tab-index="5" visible="true" string="3" font-family="'Baloo Bhai 2'" font-color="black" font-size="landscape.140px, portrait.100px" bg-color="orange" onEntry="this.lineHeight='1.2';this.fontWeight='700';">
                </lido-text>
            </lido-cell>
            
            </lido-cell>

        </lido-container>
        
        <lido-container disable-speak="true" lang="en" visible="true" id="lido-container" template-id="numberIdentificationWithoutImage" onInCorrect="lido-avatar.avatarAnimate='Fail';this.sleep='2000';" onCorrect="lido-avatar.avatarAnimate='Success';this.sleep='2000';" bg-image="template-assets/bg-images/file-vu1hq7a5.png" objective="5" is-continue-on-correct="false" is-allow-only-correct="false" onEntry="this.lineHeight='1.2';question.speak='true';text1.speak='true';text2.speak='true';text3.speak='true';text4.speak='true';">
             
	<lido-cell layout="pos" id="pos1" disable-edit="true" value="pos2" height="landscape.344px,portrait.402px" width="landscape.296px,portrait.398px" x="landscape.83%, portrait.28%" y="landscape.64%, portrait.77%" aria-hidden="true" z="1" bg-color="transparent" visible="true" onEntry="this.lineHeight='1.2';">
		<lido-avatar id="lido-avatar" disable-edit="true" visible="true" height="100%" width="100%" src="template-assets/images/file-x9ad1bu6.riv" alt-text="">
		</lido-avatar>
	</lido-cell>
            
            
           <lido-cell layout="row" visible="true" margin="landscape.26px 0px 155px 0px, portrait.-170px 0px 0px 0px" height="290px" width="landscape.1476px,portrait.100%" bg-color="#FFF5BB" onEntry="this.justifyContent='center';this.border='2px solid #FFA500'; this.borderRadius='16px';">
			<lido-text id="question" audio="game-assets/audio/file-her4lis6.mp3" tab-index="1" visible="true" string="Choose the SMALLER number" font-family="'Baloo Bhai 2'" font-color="black" font-size="landscape.80px, portrait.84px" bg-color="transparent" onEntry="this.fontWeight='700';">
            </lido-text>

			
		</lido-cell>
            

            
            <lido-cell layout="landscape.row, portrait.col" visible="true" margin="landscape.-65px 0px -101px -94px,portrait.0" onEntry="this.lineHeight='1.2';this.border-radius='26px';" height="landscape.390px,portrait.46%" width="landscape.76%,portrait.100%" bg-color="transparent">
                
            <lido-cell layout="row" visible="true" margin="" onEntry="this.lineHeight='1.2';this.border-radius='24px';" height="228px" width="landscape.280px,portrait.300px" bg-color="orange" type="click" value="5">
                <lido-text id="text1" disable-speak="true" tab-index="2" visible="true" string="5" font-family="'Baloo Bhai 2'" font-color="black" font-size="landscape.140px, portrait.100px" bg-color="orange" onEntry="this.lineHeight='1.2';this.fontWeight='700';">
                </lido-text>
            </lido-cell>
            
            <lido-cell layout="row" visible="true" margin="" onEntry="this.lineHeight='1.2';this.border-radius='24px';" height="228px" width="landscape.280px,portrait.300px" bg-color="orange" type="click" value="7">
                <lido-text id="text2" disable-speak="true" tab-index="3" visible="true" string="7" font-family="'Baloo Bhai 2'" font-color="black" font-size="landscape.140px, portrait.100px" bg-color="orange" onEntry="this.lineHeight='1.2';this.fontWeight='700';">
                </lido-text>
            </lido-cell>
            
            <lido-cell layout="row" visible="true" margin="" onEntry="this.lineHeight='1.2';this.border-radius='24px';" height="228px" width="landscape.280px,portrait.300px" bg-color="orange" type="click" value="6">
                <lido-text id="text3" disable-speak="true" tab-index="4" visible="true" string="6" font-family="'Baloo Bhai 2'" font-color="black" font-size="landscape.140px, portrait.100px" bg-color="orange" onEntry="this.lineHeight='1.2';this.fontWeight='700';">
                </lido-text>
            </lido-cell>
            
            <lido-cell layout="row" visible="true" margin="" onEntry="this.lineHeight='1.2';this.border-radius='24px';" height="228px" width="landscape.280px,portrait.300px" bg-color="orange" type="click" value="8">
                <lido-text id="text4" disable-speak="true" tab-index="5" visible="true" string="8" font-family="'Baloo Bhai 2'" font-color="black" font-size="landscape.140px, portrait.100px" bg-color="orange" onEntry="this.lineHeight='1.2';this.fontWeight='700';">
                </lido-text>
            </lido-cell>
            
            </lido-cell>

        </lido-container>
        
        <lido-container disable-speak="true" lang="en" visible="true" id="lido-container" template-id="numberIdentificationWithoutImage" onInCorrect="lido-avatar.avatarAnimate='Fail';this.sleep='2000';" onCorrect="lido-avatar.avatarAnimate='Success';this.sleep='2000';" bg-image="template-assets/bg-images/file-vu1hq7a5.png" objective="9" is-continue-on-correct="false" is-allow-only-correct="false" onEntry="this.lineHeight='1.2';question.speak='true';text1.speak='true';text2.speak='true';text3.speak='true';text4.speak='true';">
             
	<lido-cell layout="pos" id="pos1" disable-edit="true" value="pos2" height="landscape.344px,portrait.402px" width="landscape.296px,portrait.398px" x="landscape.83%, portrait.28%" y="landscape.64%, portrait.77%" aria-hidden="true" z="1" bg-color="transparent" visible="true" onEntry="this.lineHeight='1.2';">
		<lido-avatar id="lido-avatar" disable-edit="true" visible="true" height="100%" width="100%" src="template-assets/images/file-x9ad1bu6.riv" alt-text="">
		</lido-avatar>
	</lido-cell>
            
            
           <lido-cell layout="row" visible="true" margin="landscape.26px 0px 155px 0px, portrait.-170px 0px 0px 0px" height="290px" width="landscape.1476px,portrait.100%" bg-color="#FFF5BB" onEntry="this.justifyContent='center';this.border='2px solid #FFA500'; this.borderRadius='16px';">
			<lido-text id="question" audio="game-assets/audio/file-dv7mukas.mp3" tab-index="1" visible="true" string="Choose the BIGGER number" font-family="'Baloo Bhai 2'" font-color="black" font-size="landscape.80px, portrait.84px" bg-color="transparent" onEntry="this.fontWeight='700';">
            </lido-text>

			
		</lido-cell>
            

            
            <lido-cell layout="landscape.row, portrait.col" visible="true" margin="landscape.-65px 0px -101px -94px,portrait.0" onEntry="this.lineHeight='1.2';this.border-radius='26px';" height="landscape.390px,portrait.46%" width="landscape.76%,portrait.100%" bg-color="transparent">
                
            <lido-cell layout="row" visible="true" margin="" onEntry="this.lineHeight='1.2';this.border-radius='24px';" height="228px" width="landscape.280px,portrait.300px" bg-color="orange" type="click" value="5">
                <lido-text id="text1" disable-speak="true" tab-index="2" visible="true" string="5" font-family="'Baloo Bhai 2'" font-color="black" font-size="landscape.140px, portrait.100px" bg-color="orange" onEntry="this.lineHeight='1.2';this.fontWeight='700';">
                </lido-text>
            </lido-cell>
            
            <lido-cell layout="row" visible="true" margin="" onEntry="this.lineHeight='1.2';this.border-radius='24px';" height="228px" width="landscape.280px,portrait.300px" bg-color="orange" type="click" value="8">
                <lido-text id="text2" disable-speak="true" tab-index="3" visible="true" string="8" font-family="'Baloo Bhai 2'" font-color="black" font-size="landscape.140px, portrait.100px" bg-color="orange" onEntry="this.lineHeight='1.2';this.fontWeight='700';">
                </lido-text>
            </lido-cell>
            
            <lido-cell layout="row" visible="true" margin="" onEntry="this.lineHeight='1.2';this.border-radius='24px';" height="228px" width="landscape.280px,portrait.300px" bg-color="orange" type="click" value="4">
                <lido-text id="text3" disable-speak="true" tab-index="4" visible="true" string="4" font-family="'Baloo Bhai 2'" font-color="black" font-size="landscape.140px, portrait.100px" bg-color="orange" onEntry="this.lineHeight='1.2';this.fontWeight='700';">
                </lido-text>
            </lido-cell>
            
            <lido-cell layout="row" visible="true" margin="" onEntry="this.lineHeight='1.2';this.border-radius='24px';" height="228px" width="landscape.280px,portrait.300px" bg-color="orange" type="click" value="9">
                <lido-text id="text4" disable-speak="true" tab-index="5" visible="true" string="9" font-family="'Baloo Bhai 2'" font-color="black" font-size="landscape.140px, portrait.100px" bg-color="orange" onEntry="this.lineHeight='1.2';this.fontWeight='700';">
                </lido-text>
            </lido-cell>
            
            </lido-cell>

        </lido-container>
        
        <lido-container disable-speak="true" lang="en" visible="true" id="lido-container" template-id="numberIdentificationWithoutImage" onInCorrect="lido-avatar.avatarAnimate='Fail';this.sleep='2000';" onCorrect="lido-avatar.avatarAnimate='Success';this.sleep='2000';" bg-image="template-assets/bg-images/file-vu1hq7a5.png" objective="18" is-continue-on-correct="false" is-allow-only-correct="false" onEntry="this.lineHeight='1.2';question.speak='true';text1.speak='true';text2.speak='true';text3.speak='true';text4.speak='true';">
             
	<lido-cell layout="pos" id="pos1" disable-edit="true" value="pos2" height="landscape.344px,portrait.402px" width="landscape.296px,portrait.398px" x="landscape.83%, portrait.28%" y="landscape.64%, portrait.77%" aria-hidden="true" z="1" bg-color="transparent" visible="true" onEntry="this.lineHeight='1.2';">
		<lido-avatar id="lido-avatar" disable-edit="true" visible="true" height="100%" width="100%" src="template-assets/images/file-x9ad1bu6.riv" alt-text="">
		</lido-avatar>
	</lido-cell>
            
            
           <lido-cell layout="row" visible="true" margin="landscape.26px 0px 155px 0px, portrait.-170px 0px 0px 0px" height="290px" width="landscape.1476px,portrait.100%" bg-color="#FFF5BB" onEntry="this.justifyContent='center';this.border='2px solid #FFA500'; this.borderRadius='16px';">
			<lido-text id="question" audio="game-assets/audio/file-dv7mukas.mp3" tab-index="1" visible="true" string="Choose the BIGGER number" font-family="'Baloo Bhai 2'" font-color="black" font-size="landscape.80px, portrait.84px" bg-color="transparent" onEntry="this.fontWeight='700';">
            </lido-text>

			
		</lido-cell>
            

            
            <lido-cell layout="landscape.row, portrait.col" visible="true" margin="landscape.-65px 0px -101px -94px,portrait.0" onEntry="this.lineHeight='1.2';this.border-radius='26px';" height="landscape.390px,portrait.46%" width="landscape.76%,portrait.100%" bg-color="transparent">
                
            <lido-cell layout="row" visible="true" margin="" onEntry="this.lineHeight='1.2';this.border-radius='24px';" height="228px" width="landscape.280px,portrait.300px" bg-color="orange" type="click" value="17">
                <lido-text id="text1" disable-speak="true" tab-index="2" visible="true" string="17" font-family="'Baloo Bhai 2'" font-color="black" font-size="landscape.140px, portrait.100px" bg-color="orange" onEntry="this.lineHeight='1.2';this.fontWeight='700';">
                </lido-text>
            </lido-cell>
            
            <lido-cell layout="row" visible="true" margin="" onEntry="this.lineHeight='1.2';this.border-radius='24px';" height="228px" width="landscape.280px,portrait.300px" bg-color="orange" type="click" value="13">
                <lido-text id="text2" disable-speak="true" tab-index="3" visible="true" string="13" font-family="'Baloo Bhai 2'" font-color="black" font-size="landscape.140px, portrait.100px" bg-color="orange" onEntry="this.lineHeight='1.2';this.fontWeight='700';">
                </lido-text>
            </lido-cell>
            
            <lido-cell layout="row" visible="true" margin="" onEntry="this.lineHeight='1.2';this.border-radius='24px';" height="228px" width="landscape.280px,portrait.300px" bg-color="orange" type="click" value="18">
                <lido-text id="text3" disable-speak="true" tab-index="4" visible="true" string="18" font-family="'Baloo Bhai 2'" font-color="black" font-size="landscape.140px, portrait.100px" bg-color="orange" onEntry="this.lineHeight='1.2';this.fontWeight='700';">
                </lido-text>
            </lido-cell>
            
            <lido-cell layout="row" visible="true" margin="" onEntry="this.lineHeight='1.2';this.border-radius='24px';" height="228px" width="landscape.280px,portrait.300px" bg-color="orange" type="click" value="15">
                <lido-text id="text4" disable-speak="true" tab-index="5" visible="true" string="15" font-family="'Baloo Bhai 2'" font-color="black" font-size="landscape.140px, portrait.100px" bg-color="orange" onEntry="this.lineHeight='1.2';this.fontWeight='700';">
                </lido-text>
            </lido-cell>
            
            </lido-cell>

        </lido-container>
        
        <lido-container disable-speak="true" lang="en" visible="true" id="lido-container" template-id="numberIdentificationWithoutImage" onInCorrect="lido-avatar.avatarAnimate='Fail';this.sleep='2000';" onCorrect="lido-avatar.avatarAnimate='Success';this.sleep='2000';" bg-image="template-assets/bg-images/file-vu1hq7a5.png" objective="65" is-continue-on-correct="false" is-allow-only-correct="false" onEntry="this.lineHeight='1.2';question.speak='true';text1.speak='true';text2.speak='true';text3.speak='true';text4.speak='true';">
             
	<lido-cell layout="pos" id="pos1" disable-edit="true" value="pos2" height="landscape.344px,portrait.402px" width="landscape.296px,portrait.398px" x="landscape.83%, portrait.28%" y="landscape.64%, portrait.77%" aria-hidden="true" z="1" bg-color="transparent" visible="true" onEntry="this.lineHeight='1.2';">
		<lido-avatar id="lido-avatar" disable-edit="true" visible="true" height="100%" width="100%" src="template-assets/images/file-x9ad1bu6.riv" alt-text="">
		</lido-avatar>
	</lido-cell>
            
            
           <lido-cell layout="row" visible="true" margin="landscape.26px 0px 155px 0px, portrait.-170px 0px 0px 0px" height="290px" width="landscape.1476px,portrait.100%" bg-color="#FFF5BB" onEntry="this.justifyContent='center';this.border='2px solid #FFA500'; this.borderRadius='16px';">
			<lido-text id="question" audio="game-assets/audio/file-her4lis6.mp3" tab-index="1" visible="true" string="Choose the SMALLER number" font-family="'Baloo Bhai 2'" font-color="black" font-size="landscape.80px, portrait.84px" bg-color="transparent" onEntry="this.fontWeight='700';">
            </lido-text>

			
		</lido-cell>
            

            
            <lido-cell layout="landscape.row, portrait.col" visible="true" margin="landscape.-65px 0px -101px -94px,portrait.0" onEntry="this.lineHeight='1.2';this.border-radius='26px';" height="landscape.390px,portrait.46%" width="landscape.76%,portrait.100%" bg-color="transparent">
                
            <lido-cell layout="row" visible="true" margin="" onEntry="this.lineHeight='1.2';this.border-radius='24px';" height="228px" width="landscape.280px,portrait.300px" bg-color="orange" type="click" value="65">
                <lido-text id="text1" disable-speak="true" tab-index="2" visible="true" string="65" font-family="'Baloo Bhai 2'" font-color="black" font-size="landscape.140px, portrait.100px" bg-color="orange" onEntry="this.lineHeight='1.2';this.fontWeight='700';">
                </lido-text>
            </lido-cell>
            
            <lido-cell layout="row" visible="true" margin="" onEntry="this.lineHeight='1.2';this.border-radius='24px';" height="228px" width="landscape.280px,portrait.300px" bg-color="orange" type="click" value="67">
                <lido-text id="text2" disable-speak="true" tab-index="3" visible="true" string="67" font-family="'Baloo Bhai 2'" font-color="black" font-size="landscape.140px, portrait.100px" bg-color="orange" onEntry="this.lineHeight='1.2';this.fontWeight='700';">
                </lido-text>
            </lido-cell>
            
            <lido-cell layout="row" visible="true" margin="" onEntry="this.lineHeight='1.2';this.border-radius='24px';" height="228px" width="landscape.280px,portrait.300px" bg-color="orange" type="click" value="69">
                <lido-text id="text3" disable-speak="true" tab-index="4" visible="true" string="69" font-family="'Baloo Bhai 2'" font-color="black" font-size="landscape.140px, portrait.100px" bg-color="orange" onEntry="this.lineHeight='1.2';this.fontWeight='700';">
                </lido-text>
            </lido-cell>
            
            <lido-cell layout="row" visible="true" margin="" onEntry="this.lineHeight='1.2';this.border-radius='24px';" height="228px" width="landscape.280px,portrait.300px" bg-color="orange" type="click" value="66">
                <lido-text id="text4" disable-speak="true" tab-index="5" visible="true" string="66" font-family="'Baloo Bhai 2'" font-color="black" font-size="landscape.140px, portrait.100px" bg-color="orange" onEntry="this.lineHeight='1.2';this.fontWeight='700';">
                </lido-text>
            </lido-cell>
            
            </lido-cell>

        </lido-container>
        
        <lido-container disable-speak="true" lang="en" visible="true" id="lido-container" template-id="numberIdentificationWithoutImage" onInCorrect="lido-avatar.avatarAnimate='Fail';this.sleep='2000';" onCorrect="lido-avatar.avatarAnimate='Success';this.sleep='2000';" bg-image="template-assets/bg-images/file-vu1hq7a5.png" objective="94" is-continue-on-correct="false" is-allow-only-correct="false" onEntry="this.lineHeight='1.2';question.speak='true';text1.speak='true';text2.speak='true';text3.speak='true';text4.speak='true';">
             
	<lido-cell layout="pos" id="pos1" disable-edit="true" value="pos2" height="landscape.344px,portrait.402px" width="landscape.296px,portrait.398px" x="landscape.83%, portrait.28%" y="landscape.64%, portrait.77%" aria-hidden="true" z="1" bg-color="transparent" visible="true" onEntry="this.lineHeight='1.2';">
		<lido-avatar id="lido-avatar" disable-edit="true" visible="true" height="100%" width="100%" src="template-assets/images/file-x9ad1bu6.riv" alt-text="">
		</lido-avatar>
	</lido-cell>
            
            
           <lido-cell layout="row" visible="true" margin="landscape.26px 0px 155px 0px, portrait.-170px 0px 0px 0px" height="290px" width="landscape.1476px,portrait.100%" bg-color="#FFF5BB" onEntry="this.justifyContent='center';this.border='2px solid #FFA500'; this.borderRadius='16px';">
			<lido-text id="question" audio="game-assets/audio/file-dv7mukas.mp3" tab-index="1" visible="true" string="Choose the BIGGER number" font-family="'Baloo Bhai 2'" font-color="black" font-size="landscape.80px, portrait.84px" bg-color="transparent" onEntry="this.fontWeight='700';">
            </lido-text>

			
		</lido-cell>
            

            
            <lido-cell layout="landscape.row, portrait.col" visible="true" margin="landscape.-65px 0px -101px -94px,portrait.0" onEntry="this.lineHeight='1.2';this.border-radius='26px';" height="landscape.390px,portrait.46%" width="landscape.76%,portrait.100%" bg-color="transparent">
                
            <lido-cell layout="row" visible="true" margin="" onEntry="this.lineHeight='1.2';this.border-radius='24px';" height="228px" width="landscape.280px,portrait.300px" bg-color="orange" type="click" value="78">
                <lido-text id="text1" disable-speak="true" tab-index="2" visible="true" string="78" font-family="'Baloo Bhai 2'" font-color="black" font-size="landscape.140px, portrait.100px" bg-color="orange" onEntry="this.lineHeight='1.2';this.fontWeight='700';">
                </lido-text>
            </lido-cell>
            
            <lido-cell layout="row" visible="true" margin="" onEntry="this.lineHeight='1.2';this.border-radius='24px';" height="228px" width="landscape.280px,portrait.300px" bg-color="orange" type="click" value="94">
                <lido-text id="text2" disable-speak="true" tab-index="3" visible="true" string="94" font-family="'Baloo Bhai 2'" font-color="black" font-size="landscape.140px, portrait.100px" bg-color="orange" onEntry="this.lineHeight='1.2';this.fontWeight='700';">
                </lido-text>
            </lido-cell>
            
            <lido-cell layout="row" visible="true" margin="" onEntry="this.lineHeight='1.2';this.border-radius='24px';" height="228px" width="landscape.280px,portrait.300px" bg-color="orange" type="click" value="84">
                <lido-text id="text3" disable-speak="true" tab-index="4" visible="true" string="84" font-family="'Baloo Bhai 2'" font-color="black" font-size="landscape.140px, portrait.100px" bg-color="orange" onEntry="this.lineHeight='1.2';this.fontWeight='700';">
                </lido-text>
            </lido-cell>
            
            <lido-cell layout="row" visible="true" margin="" onEntry="this.lineHeight='1.2';this.border-radius='24px';" height="228px" width="landscape.280px,portrait.300px" bg-color="orange" type="click" value="91">
                <lido-text id="text4" disable-speak="true" tab-index="5" visible="true" string="91" font-family="'Baloo Bhai 2'" font-color="black" font-size="landscape.140px, portrait.100px" bg-color="orange" onEntry="this.lineHeight='1.2';this.fontWeight='700';">
                </lido-text>
            </lido-cell>
            
            </lido-cell>

        </lido-container>
        
        <lido-container disable-speak="true" lang="en" visible="true" id="lido-container" template-id="numberIdentificationWithoutImage" onInCorrect="lido-avatar.avatarAnimate='Fail';this.sleep='2000';" onCorrect="lido-avatar.avatarAnimate='Success';this.sleep='2000';" bg-image="template-assets/bg-images/file-vu1hq7a5.png" objective="867" is-continue-on-correct="false" is-allow-only-correct="false" onEntry="this.lineHeight='1.2';question.speak='true';text1.speak='true';text2.speak='true';text3.speak='true';text4.speak='true';">
             
	<lido-cell layout="pos" id="pos1" disable-edit="true" value="pos2" height="landscape.344px,portrait.402px" width="landscape.296px,portrait.398px" x="landscape.83%, portrait.28%" y="landscape.64%, portrait.77%" aria-hidden="true" z="1" bg-color="transparent" visible="true" onEntry="this.lineHeight='1.2';">
		<lido-avatar id="lido-avatar" disable-edit="true" visible="true" height="100%" width="100%" src="template-assets/images/file-x9ad1bu6.riv" alt-text="">
		</lido-avatar>
	</lido-cell>
            
            
           <lido-cell layout="row" visible="true" margin="landscape.26px 0px 155px 0px, portrait.-170px 0px 0px 0px" height="290px" width="landscape.1476px,portrait.100%" bg-color="#FFF5BB" onEntry="this.justifyContent='center';this.border='2px solid #FFA500'; this.borderRadius='16px';">
			<lido-text id="question" audio="game-assets/audio/file-her4lis6.mp3" tab-index="1" visible="true" string="Choose the SMALLER number" font-family="'Baloo Bhai 2'" font-color="black" font-size="landscape.80px, portrait.84px" bg-color="transparent" onEntry="this.fontWeight='700';">
            </lido-text>

			
		</lido-cell>
            

            
            <lido-cell layout="landscape.row, portrait.col" visible="true" margin="landscape.-65px 0px -101px -94px,portrait.0" onEntry="this.lineHeight='1.2';this.border-radius='26px';" height="landscape.390px,portrait.46%" width="landscape.76%,portrait.100%" bg-color="transparent">
                
            <lido-cell layout="row" visible="true" margin="" onEntry="this.lineHeight='1.2';this.border-radius='24px';" height="228px" width="landscape.280px,portrait.300px" bg-color="orange" type="click" value="867">
                <lido-text id="text1" disable-speak="true" tab-index="2" visible="true" string="867" font-family="'Baloo Bhai 2'" font-color="black" font-size="landscape.140px, portrait.100px" bg-color="orange" onEntry="this.lineHeight='1.2';this.fontWeight='700';">
                </lido-text>
            </lido-cell>
            
            <lido-cell layout="row" visible="true" margin="" onEntry="this.lineHeight='1.2';this.border-radius='24px';" height="228px" width="landscape.280px,portrait.300px" bg-color="orange" type="click" value="965">
                <lido-text id="text2" disable-speak="true" tab-index="3" visible="true" string="965" font-family="'Baloo Bhai 2'" font-color="black" font-size="landscape.140px, portrait.100px" bg-color="orange" onEntry="this.lineHeight='1.2';this.fontWeight='700';">
                </lido-text>
            </lido-cell>
            
            <lido-cell layout="row" visible="true" margin="" onEntry="this.lineHeight='1.2';this.border-radius='24px';" height="228px" width="landscape.280px,portrait.300px" bg-color="orange" type="click" value="956">
                <lido-text id="text3" disable-speak="true" tab-index="4" visible="true" string="956" font-family="'Baloo Bhai 2'" font-color="black" font-size="landscape.140px, portrait.100px" bg-color="orange" onEntry="this.lineHeight='1.2';this.fontWeight='700';">
                </lido-text>
            </lido-cell>
            
            <lido-cell layout="row" visible="true" margin="" onEntry="this.lineHeight='1.2';this.border-radius='24px';" height="228px" width="landscape.280px,portrait.300px" bg-color="orange" type="click" value="869">
                <lido-text id="text4" disable-speak="true" tab-index="5" visible="true" string="869" font-family="'Baloo Bhai 2'" font-color="black" font-size="landscape.140px, portrait.100px" bg-color="orange" onEntry="this.lineHeight='1.2';this.fontWeight='700';">
                </lido-text>
            </lido-cell>
            
            </lido-cell>

        </lido-container>
        
        <lido-container disable-speak="true" lang="en" visible="true" id="lido-container" template-id="numberIdentificationWithoutImage" onInCorrect="lido-avatar.avatarAnimate='Fail';this.sleep='2000';" onCorrect="lido-avatar.avatarAnimate='Success';this.sleep='2000';" bg-image="template-assets/bg-images/file-vu1hq7a5.png" objective="965" is-continue-on-correct="false" is-allow-only-correct="false" onEntry="this.lineHeight='1.2';question.speak='true';text1.speak='true';text2.speak='true';text3.speak='true';text4.speak='true';">
             
	<lido-cell layout="pos" id="pos1" disable-edit="true" value="pos2" height="landscape.344px,portrait.402px" width="landscape.296px,portrait.398px" x="landscape.83%, portrait.28%" y="landscape.64%, portrait.77%" aria-hidden="true" z="1" bg-color="transparent" visible="true" onEntry="this.lineHeight='1.2';">
		<lido-avatar id="lido-avatar" disable-edit="true" visible="true" height="100%" width="100%" src="template-assets/images/file-x9ad1bu6.riv" alt-text="">
		</lido-avatar>
	</lido-cell>
            
            
           <lido-cell layout="row" visible="true" margin="landscape.26px 0px 155px 0px, portrait.-170px 0px 0px 0px" height="290px" width="landscape.1476px,portrait.100%" bg-color="#FFF5BB" onEntry="this.justifyContent='center';this.border='2px solid #FFA500'; this.borderRadius='16px';">
			<lido-text id="question" audio="game-assets/audio/file-dv7mukas.mp3" tab-index="1" visible="true" string="Choose the BIGGER number" font-family="'Baloo Bhai 2'" font-color="black" font-size="landscape.80px, portrait.84px" bg-color="transparent" onEntry="this.fontWeight='700';">
            </lido-text>

			
		</lido-cell>
            

            
            <lido-cell layout="landscape.row, portrait.col" visible="true" margin="landscape.-65px 0px -101px -94px,portrait.0" onEntry="this.lineHeight='1.2';this.border-radius='26px';" height="landscape.390px,portrait.46%" width="landscape.76%,portrait.100%" bg-color="transparent">
                
            <lido-cell layout="row" visible="true" margin="" onEntry="this.lineHeight='1.2';this.border-radius='24px';" height="228px" width="landscape.280px,portrait.300px" bg-color="orange" type="click" value="867">
                <lido-text id="text1" disable-speak="true" tab-index="2" visible="true" string="867" font-family="'Baloo Bhai 2'" font-color="black" font-size="landscape.140px, portrait.100px" bg-color="orange" onEntry="this.lineHeight='1.2';this.fontWeight='700';">
                </lido-text>
            </lido-cell>
            
            <lido-cell layout="row" visible="true" margin="" onEntry="this.lineHeight='1.2';this.border-radius='24px';" height="228px" width="landscape.280px,portrait.300px" bg-color="orange" type="click" value="965">
                <lido-text id="text2" disable-speak="true" tab-index="3" visible="true" string="965" font-family="'Baloo Bhai 2'" font-color="black" font-size="landscape.140px, portrait.100px" bg-color="orange" onEntry="this.lineHeight='1.2';this.fontWeight='700';">
                </lido-text>
            </lido-cell>
            
            <lido-cell layout="row" visible="true" margin="" onEntry="this.lineHeight='1.2';this.border-radius='24px';" height="228px" width="landscape.280px,portrait.300px" bg-color="orange" type="click" value="956">
                <lido-text id="text3" disable-speak="true" tab-index="4" visible="true" string="956" font-family="'Baloo Bhai 2'" font-color="black" font-size="landscape.140px, portrait.100px" bg-color="orange" onEntry="this.lineHeight='1.2';this.fontWeight='700';">
                </lido-text>
            </lido-cell>
            
            <lido-cell layout="row" visible="true" margin="" onEntry="this.lineHeight='1.2';this.border-radius='24px';" height="228px" width="landscape.280px,portrait.300px" bg-color="orange" type="click" value="869">
                <lido-text id="text4" disable-speak="true" tab-index="5" visible="true" string="869" font-family="'Baloo Bhai 2'" font-color="black" font-size="landscape.140px, portrait.100px" bg-color="orange" onEntry="this.lineHeight='1.2';this.fontWeight='700';">
                </lido-text>
            </lido-cell>
            
            </lido-cell>

        </lido-container>
        
</root>