[1,["2bWKboMVNAIKhnnzVH7xdV","a5c8OT1HdKz5gaVrnyAbCK","c6jQwWw4RLUosD5OUhPuRM"],["_textureSetter"],["cc.SpriteFrame","cc.Texture2D",["cc.AudioClip",["_name","_native","duration"],0],["cc.JsonAsset",["_name","json"],1]],[[2,0,1,2,4],[3,0,1,3]],[[[[0,"gate",".mp3",0.757551],-1],0,0,[],[],[]],[[{"name":"goat","rect":[0,0,456,512],"offset":[0,0],"originalSize":[456,512],"capInsets":[0,0,0,0]}],[0],0,[0],[0],[0]],[["0,9729,9729,33071,33071,0,0,1",-1],[1],0,[],[],[]],[[[0,"goat",".mp3",0.757551],-1],0,0,[],[],[]],[[{"name":"gate","rect":[0,0,500,750],"offset":[0,0],"originalSize":[500,750],"capInsets":[0,0,0,0]}],[0],0,[0],[0],[1]],[[[1,"sl_en0200",{"rows":[["balloonpop","1","Description","2","g","5","g,e,f","g.mp3"],["writeletter","1","Description","g","-"],["writecard","1","Description","g","girl","girl.png","girl.mp3","goat","goat.png","goat.mp3","gate","gate.png","gate.mp3"],["quizliteracy","1","Description","soundonly_word","g","g","y","s","","","g.mp3"],["quizliteracy","1","Description","word_word","g","h","g","q","","g"],["quizliteracy","1","Description","soundonly_word","g","g","a","e","","","g.mp3"]]}]],0,0,[],[],[]],[[{"name":"girl","rect":[0,0,433,512],"offset":[0,0],"originalSize":[433,512],"capInsets":[0,0,0,0]}],[0],0,[0],[0],[2]],[["0,9729,9729,33071,33071,0,0,1",-1],[1],0,[],[],[]],[["0,9729,9729,33071,33071,0,0,1",-1],[1],0,[],[],[]],[[[0,"g",".mp3",0.626939],-1],0,0,[],[],[]],[[[0,"girl",".mp3",0.783673],-1],0,0,[],[],[]]]]