[1,["6bPqmj2opKWrlKvmxBEyt8","5e0AJNpS5KF5PwiWkQlFGO","0bRxigvuBCWYP8G5HC28fX","b9lJydEyNME4/51Y5yU8t3","689yULGd5Mn5/G7AVttLc/","de4N4ZyF9DQqflNd736NTI","65hg4m+4xKorgXvAQl+Prk","343WDoDP9PJpM51BpyOUJj"],["_textureSetter"],["cc.Texture2D","cc.SpriteFrame",["cc.AudioClip",["_name","_native","duration"],0],["cc.JsonAsset",["_name","json"],1]],[[2,0,1,2,4],[3,0,1,3]],[[["0,9729,9729,33071,33071,0,0,1",-1],[0],0,[],[],[]],[[[0,"lizard",".mp3",0.757551],-1],0,0,[],[],[]],[[{"name":"python","rect":[49,52,428,306],"offset":[7,-13],"originalSize":[512,384],"capInsets":[0,0,0,0]}],[1],0,[0],[0],[0]],[["0,9729,9729,33071,33071,0,0,1",-1],[0],0,[],[],[]],[[[1,"sl_en1808",{"rows":[["openwindow","1","Description","LEGIT","tortoise","tortoise.png","lizard.png","tortoise.mp3","abcdefghijklmnopqrstuvwxyz"],["openwindow","1","Description","LEGIT","cobra","cobra.png","iguana.png","cobra.mp3","abcdefghijklmnopqrstuvwxyz"],["openwindow","1","Description","LEGIT","alligator","alligator.png","python.png","alligator.mp3","abcdefghijklmnopqrstuvwxyz"],["openwindow","1","Description","LEGIT","chamaleon","chamaleon.png","mamba.png","chamaleon.mp3","abcdefghijklmnopqrstuvwxyz"],["openwindow","1","Description","LEGIT","lizard","lizard.png","tortoise.png","lizard.mp3","abcdefghijklmnopqrstuvwxyz"],["openwindow","1","Description","LEGIT","iguana","iguana.png","cobra.png","iguana.mp3","abcdefghijklmnopqrstuvwxyz"],["openwindow","1","Description","LEGIT","python","python.png","alligator.png","python.mp3","abcdefghijklmnopqrstuvwxyz"],["openwindow","1","Description","LEGIT","mamba","mamba.png","tortoise","mamba.mp3","abcdefghijklmnopqrstuvwxyz"],["quizliteracy","1","Description","image_sentence","tortoise","cobra","butterfly","chamaleon","tortoise.png","","tortoise.mp3"],["quizliteracy","1","Description","soundonly_image","iguana.png","chamaleon.png","mamba.png","iguana.png","","","iguana.mp3"],["quizliteracy","1","Description","image_sentence","mamba","mamba","cobra","python","mamba.png","","mamba.mp3"]]}]],0,0,[],[],[]],[[{"name":"alligator","rect":[0,0,512,316],"offset":[0,0],"originalSize":[512,316],"capInsets":[0,0,0,0]}],[1],0,[0],[0],[1]],[["0,9729,9729,33071,33071,0,0,1",-1],[0],0,[],[],[]],[["0,9729,9729,33071,33071,0,0,1",-1],[0],0,[],[],[]],[["0,9729,9729,33071,33071,0,0,1",-1],[0],0,[],[],[]],[["0,9729,9729,33071,33071,0,0,1",-1],[0],0,[],[],[]],[[{"name":"cobra","rect":[0,0,512,275],"offset":[0,0],"originalSize":[512,275],"capInsets":[0,0,0,0]}],[1],0,[0],[0],[2]],[[{"name":"lizard","rect":[0,0,512,222],"offset":[0,0],"originalSize":[512,222],"capInsets":[0,0,0,0]}],[1],0,[0],[0],[3]],[[{"name":"mamba","rect":[0,0,512,380],"offset":[0,0],"originalSize":[512,380],"capInsets":[0,0,0,0]}],[1],0,[0],[0],[4]],[[{"name":"tortoise","rect":[0,0,1380,759],"offset":[0,0],"originalSize":[1380,759],"capInsets":[0,0,0,0]}],[1],0,[0],[0],[5]],[["0,9729,9729,33071,33071,0,0,1",-1],[0],0,[],[],[]],[[{"name":"chamaleon","rect":[0,0,512,432],"offset":[0,0],"originalSize":[512,432],"capInsets":[0,0,0,0]}],[1],0,[0],[0],[6]],[[[0,"iguana",".mp3",0.862041],-1],0,0,[],[],[]],[["0,9729,9729,33071,33071,0,0,1",-1],[0],0,[],[],[]],[[{"name":"iguana","rect":[0,0,400,333],"offset":[0,0],"originalSize":[400,333],"capInsets":[0,0,0,0]}],[1],0,[0],[0],[7]]]]