[1,["ccHVTSZ3pKzIeQ/uOrfMox","c4yNICAepHRpaA8UP7IZrM","75xVWV7pVEyImlRhEtZaEY","c6hYaEse5JA7e2504pu/iE","cdCTj2B1FMzZkcFPtHnKR+"],["_textureSetter"],["cc.SpriteFrame","cc.Texture2D",["cc.AudioClip",["_name","_native","duration"],0],["cc.JsonAsset",["_name","json"],1]],[[2,0,1,2,4],[3,0,1,3]],[[[[0,"पहाड",".mp3",0.705306],-1],0,0,[],[],[]],[[{"name":"अखबार","rect":[0,0,271,271],"offset":[0,0],"originalSize":[271,271],"capInsets":[0,0,0,0]}],[0],0,[0],[0],[0]],[[[0,"अखबार",".mp3",0.940408],-1],0,0,[],[],[]],[[[0,"पालक",".mp3",0.757551],-1],0,0,[],[],[]],[["0,9729,9729,33071,33071,0,0,1",-1],[1],0,[],[],[]],[[[0,"बछडा",".mp3",0.835918],-1],0,0,[],[],[]],[[{"name":"बछडा","rect":[0,0,370,273],"offset":[0,0],"originalSize":[370,273],"capInsets":[0,0,0,0]}],[0],0,[0],[0],[1]],[[[0,"गजरा",".mp3",0.705306],-1],0,0,[],[],[]],[[{"name":"पालक","rect":[0,0,370,273],"offset":[0,0],"originalSize":[370,273],"capInsets":[0,0,0,0]}],[0],0,[0],[0],[2]],[[[1,"hi0508",{"rows":[["rocket","1","Description","अखबार","अ,ख,बा,र","अ,ख,बा,र","अखबार.mp3","अखबार.png","false ","true "],["rocket","1","Description","पालक","पा,ल,क","पा,ल,क","पालक.mp3","पालक.png","false ","true "],["spelldoor","1","Description","पहाड़","प*ड़","2","0","पहाड.png","पहाड.mp3"],["spelldoor","1","Description","बछड़ा","बछ*","2","0","बछडा.png","बछडा.mp3"],["spelldoor","1","Description","गजरा","गज*","2","0","गजरा.png","गजरा.mp3"],["quizliteracy","1","Description","soundonly_word","अखबार","अखबार","बछड़ा","पहाड़","","","अखबार.mp3"],["quizliteracy","1","Description","image_word","बछड़ा","पहाड़","अखबार","बछड़ा","बछडा.png"],["quizliteracy","1","Description","soundonly_word","पहाड़","बछड़ा","पहाड़","अखबार","","","पहाड.mp3"]]}]],0,0,[],[],[]],[["0,9729,9729,33071,33071,0,0,1",-1],[1],0,[],[],[]],[["0,9729,9729,33071,33071,0,0,1",-1],[1],0,[],[],[]],[["0,9729,9729,33071,33071,0,0,1",-1],[1],0,[],[],[]],[["0,9729,9729,33071,33071,0,0,1",-1],[1],0,[],[],[]],[[{"name":"पहाड","rect":[0,0,370,273],"offset":[0,0],"originalSize":[370,273],"capInsets":[0,0,0,0]}],[0],0,[0],[0],[3]],[[{"name":"गजरा","rect":[0,0,370,273],"offset":[0,0],"originalSize":[370,273],"capInsets":[0,0,0,0]}],[0],0,[0],[0],[4]]]]