<root>
<lido-container id="lido-container" exit-button-url="template-assets/buttons/file-cuqkerfa.svg" prev-button-url="template-assets/buttons/file-hgo7puxl.svg" next-button-url="template-assets/buttons/file-pvzmxv99.svg" speaker-button-url="template-assets/buttons/file-k7wgpdxl.svg" show-next-button="true" show-drop-border="false" tabIndex="0" value="mainContainer1" bg-Color="#FFF" height="100%" width="100%" visible="true" objective="(opt_0|opt_1),(opt_2|opt_3)" show-Check="false" is-Continue-On-Correct="true" after-Drop="false" onCorrect="lido-avatar.avatarAnimate='Success'; this.sleep='2000';" onInCorrect="lido-avatar.avatarAnimate='Fail'; this.sleep='2000';" is-allow-only-correct="false"> 
		<lido-cell layout="col" visible="true" height="100%" width="98%" bgColor="transparent" margin="landscape.83px 0px 0px 0px, portrait.36px 0px -49px 0px">
			<lido-cell layout="pos" id="pos1" disableEdit="true" value="pos2" height="landscape.205px,portrait.195px" width="landscape.209px,portrait.209px" x="landscape.12px,portrait.-17px" y="landscape.68px,portrait.146px" ariaHidden="true" bgColor="transparent" visible="true" onEntry="">
				<lido-avatar id="lido-avatar" disableEdit="true" visible="true" height="100%" width="100%" src="template-assets/images/file-pvddavg9.riv" altText="{chimpleCharacterRive}">
				</lido-avatar>
			</lido-cell>
            
			<lido-text id="heading" tabIndex="2" width="1400px" audio="game-assets/audio/file-gy1vhhwt.wav" visible="true" string="अच्छी स्क्रीन आदतें और बुरी स्क्रीन आदतें अलग करो।" font-family="'Baloo Bhai 2'" fontColor="#323232" font-size="landscape.44px,portrait.32px" bg-Color="transparent" onEntry="this.padding='0px 47px'; this.line-height='45px'; this.fontWeight='400';" margin="landscape.26px 0px -25px 0px, portrait.80px 0px -62px">
            </lido-text>


			<lido-cell layout="row" visible="true" onEntry="head1.speak='true'; head2.speak='true'" height="landscape.38%,portrait.41%" width="100%" bg-Color="transparent" margin="landscape.7px 0px 0px 0px,portrait.55px 0px -73px 0px">
				<lido-cell id="cate1" z="100" visible="true" audio="game-assets/audio/file-ctj9dxrw.wav" width="landscape.48%,portrait.30%" height="100%" bg-Color="#E3F5FC" onEntry="this.border-radius='6px';this.border=' 2px dashed #326B80';this.display='flex';this.flex-direction='column';this.align-items='center';" onTouch="this.addClass='highlight-element'; cate2.removeClass='highlight-element';">
    <lido-text visible="true" id="head1" audio="game-assets/audio/file-ctj9dxrw.wav" font-family="'Baloo Bhai 2'" font-size="landscape.32px,portrait.32px" string="अच्छी स्क्रीन आदतें" bg-Color="transparent" onEntry="this.padding='10px 47px'; this.line-height='26px'; this.fontWeight='600';" z="1" />
    <lido-cell layout="landscape.wrap,portrait.col" id="category1" scrollbar-width="14px" visible="true" value="opt_0,opt_1" tab-index="3" type="category" height="1000px" width="100%" bg-color="#E3F5FC" onEntry="this.padding='23px';this.overflow=' hidden'; this.justify-items='center';  this.grid-template-columns=' repeat(2, 1fr)'; this.gap=' 10px'; this.overflow-y=' auto';" margin="landscape.-15px 0px 0px 0px,portrait.0px" />
</lido-cell>
				<lido-cell id="cate2" z="100" visible="true" audio="game-assets/audio/file-c2wc1is8.wav" width="landscape.48%,portrait.30%" height="100%" bg-Color="#F2EAFC" onEntry="this.border-radius='6px';this.border=' 2px dashed #67428F';this.display='flex';this.flex-direction='column';this.align-items='center';" onTouch="this.addClass='highlight-element'; cate1.removeClass='highlight-element';">
    <lido-text visible="true" id="head2" audio="game-assets/audio/file-c2wc1is8.wav" font-family="'Baloo Bhai 2'" font-size="landscape.32px,portrait.32px" string="खराब स्क्रीन आदतें" bg-Color="transparent" onEntry="this.padding='10px 47px'; this.line-height='26px'; this.fontWeight='600';" z="1" />
    <lido-cell layout="landscape.wrap,portrait.col" id="category2" scrollbar-width="14px" visible="true" value="opt_2,opt_3" tab-index="4" type="category" height="1000px" width="100%" bg-color="#F2EAFC" onEntry="this.padding='23px';this.overflow=' hidden'; this.justify-items='center';  this.grid-template-columns=' repeat(2, 1fr)'; this.gap=' 10px'; this.overflow-y=' auto';" margin="landscape.-15px 0px 0px 0px,portrait.0px" />
</lido-cell>
			</lido-cell>
			<lido-cell layout="landscape.row,portrait.wrap" z="0" visible="true" type="optionArea" height="landscape.32%,portrait.38%" width="landscape.99%,portrait.98%" bg-Color="#FEEDE6" margin="landscape.-33px 0px 32px 0px, portrait.23px 0px 18px 0px" onEntry=" this.border='1px solid #FAB89C';this.overflow=' hidden'; this.gap='25px'; this.align-items='center'; this.justify-content='center';this.border-radius='6px';">
				 <lido-cell layout="col" onTouch="" z="1" audio="game-assets/audio/file-c50bvx99.wav" x="29px" y="-221px" visible="true" type="option" tab-index="5" id="i1" value="opt_2" height="240px" width="166px" bg-Color="white" onEntry="this.padding='0px';this.flex-shrink='0';this.box-sizing='unset';this.align-items='center';this.justify-content='center';this.border-radius='6px';this. box-shadow=' 0px 8px 0px -2px rgba(0, 0, 0, 0.1)'"> <lido-text visible="true" onTouch="" height="31px" width="145px" string="पूरी रात खेलना" font-family="'Baloo Bhai 2'" font-size="32px" margin="17px 0px 0px 0px" onEntry="this.pointer-events=' none';this.border-radius='0px'; this.line-height='30px'; this.fontWeight='500';" bg-Color="white" /></lido-cell>
				 <lido-cell layout="col" onTouch="" z="1" audio="game-assets/audio/file-i2rv3mp6.wav" x="29px" y="-221px" visible="true" type="option" tab-index="6" id="i2" value="opt_0" height="240px" width="166px" bg-Color="white" onEntry="this.padding='0px';this.flex-shrink='0';this.box-sizing='unset';this.align-items='center';this.justify-content='center';this.border-radius='6px';this. box-shadow=' 0px 8px 0px -2px rgba(0, 0, 0, 0.1)'"> <lido-text visible="true" onTouch="" height="31px" width="145px" string="अंतराल लेना" font-family="'Baloo Bhai 2'" font-size="32px" margin="17px 0px 0px 0px" onEntry="this.pointer-events=' none';this.border-radius='0px'; this.line-height='30px'; this.fontWeight='500';" bg-Color="white" /></lido-cell>
				 <lido-cell layout="col" onTouch="" z="1" audio="game-assets/audio/file-04exxhum.wav" x="29px" y="-221px" visible="true" type="option" tab-index="7" id="i3" value="opt_3" height="240px" width="166px" bg-Color="white" onEntry="this.padding='0px';this.flex-shrink='0';this.box-sizing='unset';this.align-items='center';this.justify-content='center';this.border-radius='6px';this. box-shadow=' 0px 8px 0px -2px rgba(0, 0, 0, 0.1)'"> <lido-text visible="true" onTouch="" height="31px" width="145px" string="नियमों की अनदेखी करना" font-family="'Baloo Bhai 2'" font-size="32px" margin="17px 0px 0px 0px" onEntry="this.pointer-events=' none';this.border-radius='0px'; this.line-height='30px'; this.fontWeight='500';" bg-Color="white" /></lido-cell>
				 <lido-cell layout="col" onTouch="" z="1" audio="game-assets/audio/file-rdbrctdx.wav" x="29px" y="-221px" visible="true" type="option" tab-index="8" id="i4" value="opt_1" height="240px" width="166px" bg-Color="white" onEntry="this.padding='0px';this.flex-shrink='0';this.box-sizing='unset';this.align-items='center';this.justify-content='center';this.border-radius='6px';this. box-shadow=' 0px 8px 0px -2px rgba(0, 0, 0, 0.1)'"> <lido-text visible="true" onTouch="" height="31px" width="145px" string="सीखने के लिए उपयोग करना" font-family="'Baloo Bhai 2'" font-size="32px" margin="17px 0px 0px 0px" onEntry="this.pointer-events=' none';this.border-radius='0px'; this.line-height='30px'; this.fontWeight='500';" bg-Color="white" /></lido-cell>
			</lido-cell>
		</lido-cell>
</lido-container><lido-container id="lido-container" exit-button-url="template-assets/buttons/file-cuqkerfa.svg" prev-button-url="template-assets/buttons/file-hgo7puxl.svg" next-button-url="template-assets/buttons/file-pvzmxv99.svg" speaker-button-url="template-assets/buttons/file-k7wgpdxl.svg" show-next-button="true" show-drop-border="false" tabIndex="0" value="mainContainer1" bg-Color="#FFF" height="100%" width="100%" visible="true" objective="(opt_0|opt_1),(opt_2|opt_3)" show-Check="false" is-Continue-On-Correct="true" after-Drop="false" onCorrect="lido-avatar.avatarAnimate='Success'; this.sleep='2000';" onInCorrect="lido-avatar.avatarAnimate='Fail'; this.sleep='2000';" is-allow-only-correct="false"> 
		<lido-cell layout="col" visible="true" height="100%" width="98%" bgColor="transparent" margin="landscape.83px 0px 0px 0px, portrait.36px 0px -49px 0px">
			<lido-cell layout="pos" id="pos1" disableEdit="true" value="pos2" height="landscape.205px,portrait.195px" width="landscape.209px,portrait.209px" x="landscape.12px,portrait.-17px" y="landscape.68px,portrait.146px" ariaHidden="true" bgColor="transparent" visible="true" onEntry="">
				<lido-avatar id="lido-avatar" disableEdit="true" visible="true" height="100%" width="100%" src="template-assets/images/file-pvddavg9.riv" altText="{chimpleCharacterRive}">
				</lido-avatar>
			</lido-cell>
            
			<lido-text id="heading" tabIndex="2" width="1400px" audio="game-assets/audio/file-orjbe8ce.wav" visible="true" string="डिजिटल उपकरण और गैर-डिजिटल उपकरण अलग करो।" font-family="'Baloo Bhai 2'" fontColor="#323232" font-size="landscape.44px,portrait.32px" bg-Color="transparent" onEntry="this.padding='0px 47px'; this.line-height='45px'; this.fontWeight='400';" margin="landscape.26px 0px -25px 0px, portrait.80px 0px -62px">
            </lido-text>


			<lido-cell layout="row" visible="true" onEntry="head1.speak='true'; head2.speak='true'" height="landscape.38%,portrait.41%" width="100%" bg-Color="transparent" margin="landscape.7px 0px 0px 0px,portrait.55px 0px -73px 0px">
				<lido-cell id="cate1" z="100" visible="true" audio="game-assets/audio/file-j4rwskyr.wav" width="landscape.48%,portrait.30%" height="100%" bg-Color="#E3F5FC" onEntry="this.border-radius='6px';this.border=' 2px dashed #326B80';this.display='flex';this.flex-direction='column';this.align-items='center';" onTouch="this.addClass='highlight-element'; cate2.removeClass='highlight-element';">
    <lido-text visible="true" id="head1" audio="game-assets/audio/file-j4rwskyr.wav" font-family="'Baloo Bhai 2'" font-size="landscape.32px,portrait.32px" string="डिजिटल उपकरण" bg-Color="transparent" onEntry="this.padding='10px 47px'; this.line-height='26px'; this.fontWeight='600';" z="1" />
    <lido-cell layout="landscape.wrap,portrait.col" id="category1" scrollbar-width="14px" visible="true" value="opt_0,opt_1" tab-index="3" type="category" height="1000px" width="100%" bg-color="#E3F5FC" onEntry="this.padding='23px';this.overflow=' hidden'; this.justify-items='center';  this.grid-template-columns=' repeat(2, 1fr)'; this.gap=' 10px'; this.overflow-y=' auto';" margin="landscape.-15px 0px 0px 0px,portrait.0px" />
</lido-cell>
				<lido-cell id="cate2" z="100" visible="true" audio="game-assets/audio/file-ushe0wiz.wav" width="landscape.48%,portrait.30%" height="100%" bg-Color="#F2EAFC" onEntry="this.border-radius='6px';this.border=' 2px dashed #67428F';this.display='flex';this.flex-direction='column';this.align-items='center';" onTouch="this.addClass='highlight-element'; cate1.removeClass='highlight-element';">
    <lido-text visible="true" id="head2" audio="game-assets/audio/file-ushe0wiz.wav" font-family="'Baloo Bhai 2'" font-size="landscape.32px,portrait.32px" string="गैर-डिजिटल उपकरण" bg-Color="transparent" onEntry="this.padding='10px 47px'; this.line-height='26px'; this.fontWeight='600';" z="1" />
    <lido-cell layout="landscape.wrap,portrait.col" id="category2" scrollbar-width="14px" visible="true" value="opt_2,opt_3" tab-index="4" type="category" height="1000px" width="100%" bg-color="#F2EAFC" onEntry="this.padding='23px';this.overflow=' hidden'; this.justify-items='center';  this.grid-template-columns=' repeat(2, 1fr)'; this.gap=' 10px'; this.overflow-y=' auto';" margin="landscape.-15px 0px 0px 0px,portrait.0px" />
</lido-cell>
			</lido-cell>
			<lido-cell layout="landscape.row,portrait.wrap" z="0" visible="true" type="optionArea" height="landscape.32%,portrait.38%" width="landscape.99%,portrait.98%" bg-Color="#FEEDE6" margin="landscape.-33px 0px 32px 0px, portrait.23px 0px 18px 0px" onEntry=" this.border='1px solid #FAB89C';this.overflow=' hidden'; this.gap='25px'; this.align-items='center'; this.justify-content='center';this.border-radius='6px';">
				 <lido-cell layout="col" onTouch="" z="1" audio="game-assets/audio/file-m6j6d4yt.wav" x="29px" y="-221px" visible="true" type="option" tab-index="5" id="i1" value="opt_1" height="240px" width="166px" bg-Color="white" onEntry="this.padding='0px';this.flex-shrink='0';this.box-sizing='unset';this.align-items='center';this.justify-content='center';this.border-radius='6px';this. box-shadow=' 0px 8px 0px -2px rgba(0, 0, 0, 0.1)'"> <lido-text visible="true" onTouch="" height="31px" width="145px" string="टैबलेट" font-family="'Baloo Bhai 2'" font-size="32px" margin="17px 0px 0px 0px" onEntry="this.pointer-events=' none';this.border-radius='0px'; this.line-height='30px'; this.fontWeight='500';" bg-Color="white" /></lido-cell>
				 <lido-cell layout="col" onTouch="" z="1" audio="game-assets/audio/file-28s2e4q0.wav" x="29px" y="-221px" visible="true" type="option" tab-index="6" id="i2" value="opt_3" height="240px" width="166px" bg-Color="white" onEntry="this.padding='0px';this.flex-shrink='0';this.box-sizing='unset';this.align-items='center';this.justify-content='center';this.border-radius='6px';this. box-shadow=' 0px 8px 0px -2px rgba(0, 0, 0, 0.1)'"> <lido-text visible="true" onTouch="" height="31px" width="145px" string="कलम" font-family="'Baloo Bhai 2'" font-size="32px" margin="17px 0px 0px 0px" onEntry="this.pointer-events=' none';this.border-radius='0px'; this.line-height='30px'; this.fontWeight='500';" bg-Color="white" /></lido-cell>
				 <lido-cell layout="col" onTouch="" z="1" audio="game-assets/audio/file-qrkr7dzz.wav" x="29px" y="-221px" visible="true" type="option" tab-index="7" id="i3" value="opt_2" height="240px" width="166px" bg-Color="white" onEntry="this.padding='0px';this.flex-shrink='0';this.box-sizing='unset';this.align-items='center';this.justify-content='center';this.border-radius='6px';this. box-shadow=' 0px 8px 0px -2px rgba(0, 0, 0, 0.1)'"> <lido-text visible="true" onTouch="" height="31px" width="145px" string="पुस्तक" font-family="'Baloo Bhai 2'" font-size="32px" margin="17px 0px 0px 0px" onEntry="this.pointer-events=' none';this.border-radius='0px'; this.line-height='30px'; this.fontWeight='500';" bg-Color="white" /></lido-cell>
				 <lido-cell layout="col" onTouch="" z="1" audio="game-assets/audio/file-jn49fztr.wav" x="29px" y="-221px" visible="true" type="option" tab-index="8" id="i4" value="opt_0" height="240px" width="166px" bg-Color="white" onEntry="this.padding='0px';this.flex-shrink='0';this.box-sizing='unset';this.align-items='center';this.justify-content='center';this.border-radius='6px';this. box-shadow=' 0px 8px 0px -2px rgba(0, 0, 0, 0.1)'"> <lido-text visible="true" onTouch="" height="31px" width="145px" string="कंप्यूटर" font-family="'Baloo Bhai 2'" font-size="32px" margin="17px 0px 0px 0px" onEntry="this.pointer-events=' none';this.border-radius='0px'; this.line-height='30px'; this.fontWeight='500';" bg-Color="white" /></lido-cell>
			</lido-cell>
		</lido-cell>
</lido-container>
    <lido-container visible="true" objective="option_1,option_2,option_3,option_4" is-continue-on-correct="true" bg-image="template-assets/bg-images/file-pvqem3k4.png" onCorrect="lido-avatar.avatarAnimate='Success'; this.sleep='2000';" onEntry="this.sleep='1000'; this.slideAnimation='true';" exit-button-url="template-assets/buttons/file-cuqkerfa.svg" prev-button-url="template-assets/buttons/file-hgo7puxl.svg" next-button-url="template-assets/buttons/file-pvzmxv99.svg" speaker-button-url="template-assets/buttons/file-k7wgpdxl.svg">
        <lido-cell layout="pos" id="pos1" disable-edit="true" value="pos1" height="250px" width="250px" x="landscape.0, portrait.670px" y="landscape.51px, portrait.1315px" aria-hidden="true" z="2" bg-color="transparent" visible="true">
            <lido-avatar id="lido-avatar" disable-edit="true" visible="true" height="100%" width="100%" src="template-assets/images/file-pvddavg9.riv" alt-text="" />
        </lido-cell>
        <lido-cell visible="true" layout="col" width="100%" height="100%" bg-color="transparent">
            <lido-text visible="true" width="70%" height="landscape.10%, portrait.5%" bg-color="transparent" />
            <lido-text tab-index="1" audio="game-assets/audio/file-wtpt20vj.wav" visible="true" width="landscape.70%, portrait.62%" height="10%" string="ऑनलाइन सुरक्षित रहने के कदम।" font-size="42px" onEntry=" this.padding='0px 45px';this.fontWeight='600'; " bg-color="transparent" />
            <lido-cell visible="true" layout="landscape.col, portrait.row" flex-direction="landscape., portrait.row-reverse" align-items="landscape.center, portrait.start" width="100%" height="80%" bg-color="transparent">
                
                <lido-cell visible="true" layout="landscape.row, portrait.col" width="landscape.95%, portrait.26%" height="landscape.65%, portrait.90%" bg-color="#FBCAB5" border-radius="landscape.16px 16px 0 0, portrait.0 16px 16px 0" onEntry="this.flex-shrink='0';this.padding='60px 40px';this.gap='37px'; this.boxSizing='content-box';">
                    <lido-cell tab-index="2" audio="game-assets/audio/file-kldqhn3t.wav" visible="true" layout="col" bg-color="white" width="landscape.302px, portrait.154px" height="landscape.100%, portrait.17%" value="option_1" type="slide" onTouch="" border-radius="6px" onEntry="this.flex-shrink='0'; this.border='2px solid #CACACA'; this.paddingTop='50px'; this.boxSizing='content-box';">
    <lido-cell visible="true" layout="pos" width="48px" height="48px" z="1">
        <lido-image visible="true" src="template-assets/images/file-32peo7ki.png" />
    </lido-cell>
    
    <lido-text visible="true" string="क्लिक करने से पहले सोचें" font-size="42px" onEntry="this.fontWeight='800'; this.textAlign='left'; this.lineHeight='38px';" />
</lido-cell><lido-cell tab-index="3" audio="game-assets/audio/file-shzsrjsc.wav" visible="true" layout="col" bg-color="white" width="landscape.302px, portrait.154px" height="landscape.100%, portrait.17%" value="option_3" type="slide" onTouch="" border-radius="6px" onEntry="this.flex-shrink='0'; this.border='2px solid #CACACA'; this.paddingTop='50px'; this.boxSizing='content-box';">
    <lido-cell visible="true" layout="pos" width="48px" height="48px" z="1">
        <lido-image visible="true" src="template-assets/images/file-32peo7ki.png" />
    </lido-cell>
    
    <lido-text visible="true" string="जानकारी गोपनीय रखें" font-size="42px" onEntry="this.fontWeight='800'; this.textAlign='left'; this.lineHeight='38px';" />
</lido-cell><lido-cell tab-index="4" audio="game-assets/audio/file-m742mwux.wav" visible="true" layout="col" bg-color="white" width="landscape.302px, portrait.154px" height="landscape.100%, portrait.17%" value="option_4" type="slide" onTouch="" border-radius="6px" onEntry="this.flex-shrink='0'; this.border='2px solid #CACACA'; this.paddingTop='50px'; this.boxSizing='content-box';">
    <lido-cell visible="true" layout="pos" width="48px" height="48px" z="1">
        <lido-image visible="true" src="template-assets/images/file-32peo7ki.png" />
    </lido-cell>
    
    <lido-text visible="true" string="दयालु शब्दों का उपयोग करें" font-size="42px" onEntry="this.fontWeight='800'; this.textAlign='left'; this.lineHeight='38px';" />
</lido-cell><lido-cell tab-index="5" audio="game-assets/audio/file-6v6kmdwf.wav" visible="true" layout="col" bg-color="white" width="landscape.302px, portrait.154px" height="landscape.100%, portrait.17%" value="option_2" type="slide" onTouch="" border-radius="6px" onEntry="this.flex-shrink='0'; this.border='2px solid #CACACA'; this.paddingTop='50px'; this.boxSizing='content-box';">
    <lido-cell visible="true" layout="pos" width="48px" height="48px" z="1">
        <lido-image visible="true" src="template-assets/images/file-32peo7ki.png" />
    </lido-cell>
    
    <lido-text visible="true" string="किसी बड़े से पूछें" font-size="42px" onEntry="this.fontWeight='800'; this.textAlign='left'; this.lineHeight='38px';" />
</lido-cell>
                </lido-cell>
            </lido-cell>
        </lido-cell>
    </lido-container>
    
    <lido-container visible="true" objective="option_1,option_2,option_3,option_4" is-continue-on-correct="true" bg-image="template-assets/bg-images/file-pvqem3k4.png" onCorrect="lido-avatar.avatarAnimate='Success'; this.sleep='2000';" onEntry="this.sleep='1000'; this.slideAnimation='true';" exit-button-url="template-assets/buttons/file-cuqkerfa.svg" prev-button-url="template-assets/buttons/file-hgo7puxl.svg" next-button-url="template-assets/buttons/file-pvzmxv99.svg" speaker-button-url="template-assets/buttons/file-k7wgpdxl.svg">
        <lido-cell layout="pos" id="pos1" disable-edit="true" value="pos1" height="250px" width="250px" x="landscape.0, portrait.670px" y="landscape.51px, portrait.1315px" aria-hidden="true" z="2" bg-color="transparent" visible="true">
            <lido-avatar id="lido-avatar" disable-edit="true" visible="true" height="100%" width="100%" src="template-assets/images/file-pvddavg9.riv" alt-text="" />
        </lido-cell>
        <lido-cell visible="true" layout="col" width="100%" height="100%" bg-color="transparent">
            <lido-text visible="true" width="70%" height="landscape.10%, portrait.5%" bg-color="transparent" />
            <lido-text tab-index="1" audio="game-assets/audio/file-o2eo1mqc.wav" visible="true" width="landscape.70%, portrait.62%" height="10%" string="क्रम में लगाओ: स्वस्थ स्क्रीन ब्रेक कैसे लें।" font-size="42px" onEntry=" this.padding='0px 45px';this.fontWeight='600'; " bg-color="transparent" />
            <lido-cell visible="true" layout="landscape.col, portrait.row" flex-direction="landscape., portrait.row-reverse" align-items="landscape.center, portrait.start" width="100%" height="80%" bg-color="transparent">
                
                <lido-cell visible="true" layout="landscape.row, portrait.col" width="landscape.95%, portrait.26%" height="landscape.65%, portrait.90%" bg-color="#FBCAB5" border-radius="landscape.16px 16px 0 0, portrait.0 16px 16px 0" onEntry="this.flex-shrink='0';this.padding='60px 40px';this.gap='37px'; this.boxSizing='content-box';">
                    <lido-cell tab-index="2" audio="game-assets/audio/file-cma0xe5s.wav" visible="true" layout="col" bg-color="white" width="landscape.302px, portrait.154px" height="landscape.100%, portrait.17%" value="option_1" type="slide" onTouch="" border-radius="6px" onEntry="this.flex-shrink='0'; this.border='2px solid #CACACA'; this.paddingTop='50px'; this.boxSizing='content-box';">
    <lido-cell visible="true" layout="pos" width="48px" height="48px" z="1">
        <lido-image visible="true" src="template-assets/images/file-32peo7ki.png" />
    </lido-cell>
    
    <lido-text visible="true" string="उपकरण का उपयोग रोकें" font-size="42px" onEntry="this.fontWeight='800'; this.textAlign='left'; this.lineHeight='38px';" />
</lido-cell><lido-cell tab-index="3" audio="game-assets/audio/file-lt3xvnm7.wav" visible="true" layout="col" bg-color="white" width="landscape.302px, portrait.154px" height="landscape.100%, portrait.17%" value="option_2" type="slide" onTouch="" border-radius="6px" onEntry="this.flex-shrink='0'; this.border='2px solid #CACACA'; this.paddingTop='50px'; this.boxSizing='content-box';">
    <lido-cell visible="true" layout="pos" width="48px" height="48px" z="1">
        <lido-image visible="true" src="template-assets/images/file-32peo7ki.png" />
    </lido-cell>
    
    <lido-text visible="true" string="स्ट्रेच करें और हिलें-डुलें" font-size="42px" onEntry="this.fontWeight='800'; this.textAlign='left'; this.lineHeight='38px';" />
</lido-cell><lido-cell tab-index="4" audio="game-assets/audio/file-bgkwushg.wav" visible="true" layout="col" bg-color="white" width="landscape.302px, portrait.154px" height="landscape.100%, portrait.17%" value="option_4" type="slide" onTouch="" border-radius="6px" onEntry="this.flex-shrink='0'; this.border='2px solid #CACACA'; this.paddingTop='50px'; this.boxSizing='content-box';">
    <lido-cell visible="true" layout="pos" width="48px" height="48px" z="1">
        <lido-image visible="true" src="template-assets/images/file-32peo7ki.png" />
    </lido-cell>
    
    <lido-text visible="true" string="बाहर जाएँ" font-size="42px" onEntry="this.fontWeight='800'; this.textAlign='left'; this.lineHeight='38px';" />
</lido-cell><lido-cell tab-index="5" audio="game-assets/audio/file-6ul8ucf0.wav" visible="true" layout="col" bg-color="white" width="landscape.302px, portrait.154px" height="landscape.100%, portrait.17%" value="option_3" type="slide" onTouch="" border-radius="6px" onEntry="this.flex-shrink='0'; this.border='2px solid #CACACA'; this.paddingTop='50px'; this.boxSizing='content-box';">
    <lido-cell visible="true" layout="pos" width="48px" height="48px" z="1">
        <lido-image visible="true" src="template-assets/images/file-32peo7ki.png" />
    </lido-cell>
    
    <lido-text visible="true" string="आँखों को आराम दें" font-size="42px" onEntry="this.fontWeight='800'; this.textAlign='left'; this.lineHeight='38px';" />
</lido-cell>
                </lido-cell>
            </lido-cell>
        </lido-cell>
    </lido-container>
    
    <lido-container visible="true" objective="option_1,option_2,option_3,option_4" is-continue-on-correct="true" bg-image="template-assets/bg-images/file-pvqem3k4.png" onCorrect="lido-avatar.avatarAnimate='Success'; this.sleep='2000';" onEntry="this.sleep='1000'; this.slideAnimation='true';" exit-button-url="template-assets/buttons/file-cuqkerfa.svg" prev-button-url="template-assets/buttons/file-hgo7puxl.svg" next-button-url="template-assets/buttons/file-pvzmxv99.svg" speaker-button-url="template-assets/buttons/file-k7wgpdxl.svg">
        <lido-cell layout="pos" id="pos1" disable-edit="true" value="pos1" height="250px" width="250px" x="landscape.0, portrait.670px" y="landscape.51px, portrait.1315px" aria-hidden="true" z="2" bg-color="transparent" visible="true">
            <lido-avatar id="lido-avatar" disable-edit="true" visible="true" height="100%" width="100%" src="template-assets/images/file-pvddavg9.riv" alt-text="" />
        </lido-cell>
        <lido-cell visible="true" layout="col" width="100%" height="100%" bg-color="transparent">
            <lido-text visible="true" width="70%" height="landscape.10%, portrait.5%" bg-color="transparent" />
            <lido-text tab-index="1" audio="game-assets/audio/file-v941c1p5.wav" visible="true" width="landscape.70%, portrait.62%" height="10%" string="कदमों को क्रम में लगाओ: जब ऑनलाइन कुछ परेशान करने वाला दिखे तो क्या करें।" font-size="42px" onEntry=" this.padding='0px 45px';this.fontWeight='600'; " bg-color="transparent" />
            <lido-cell visible="true" layout="landscape.col, portrait.row" flex-direction="landscape., portrait.row-reverse" align-items="landscape.center, portrait.start" width="100%" height="80%" bg-color="transparent">
                
                <lido-cell visible="true" layout="landscape.row, portrait.col" width="landscape.95%, portrait.26%" height="landscape.65%, portrait.90%" bg-color="#FBCAB5" border-radius="landscape.16px 16px 0 0, portrait.0 16px 16px 0" onEntry="this.flex-shrink='0';this.padding='60px 40px';this.gap='37px'; this.boxSizing='content-box';">
                    <lido-cell tab-index="2" audio="game-assets/audio/file-ovdowsgf.wav" visible="true" layout="col" bg-color="white" width="landscape.302px, portrait.154px" height="landscape.100%, portrait.17%" value="option_3" type="slide" onTouch="" border-radius="6px" onEntry="this.flex-shrink='0'; this.border='2px solid #CACACA'; this.paddingTop='50px'; this.boxSizing='content-box';">
    <lido-cell visible="true" layout="pos" width="48px" height="48px" z="1">
        <lido-image visible="true" src="template-assets/images/file-32peo7ki.png" />
    </lido-cell>
    
    <lido-text visible="true" string="शांत रहें" font-size="42px" onEntry="this.fontWeight='800'; this.textAlign='left'; this.lineHeight='38px';" />
</lido-cell><lido-cell tab-index="3" audio="game-assets/audio/file-pqj1wlhw.wav" visible="true" layout="col" bg-color="white" width="landscape.302px, portrait.154px" height="landscape.100%, portrait.17%" value="option_1" type="slide" onTouch="" border-radius="6px" onEntry="this.flex-shrink='0'; this.border='2px solid #CACACA'; this.paddingTop='50px'; this.boxSizing='content-box';">
    <lido-cell visible="true" layout="pos" width="48px" height="48px" z="1">
        <lido-image visible="true" src="template-assets/images/file-32peo7ki.png" />
    </lido-cell>
    
    <lido-text visible="true" string="इसका उपयोग बंद करें" font-size="42px" onEntry="this.fontWeight='800'; this.textAlign='left'; this.lineHeight='38px';" />
</lido-cell><lido-cell tab-index="4" audio="game-assets/audio/file-g7vfaz7w.wav" visible="true" layout="col" bg-color="white" width="landscape.302px, portrait.154px" height="landscape.100%, portrait.17%" value="option_2" type="slide" onTouch="" border-radius="6px" onEntry="this.flex-shrink='0'; this.border='2px solid #CACACA'; this.paddingTop='50px'; this.boxSizing='content-box';">
    <lido-cell visible="true" layout="pos" width="48px" height="48px" z="1">
        <lido-image visible="true" src="template-assets/images/file-32peo7ki.png" />
    </lido-cell>
    
    <lido-text visible="true" string="किसी बड़े को बताएं" font-size="42px" onEntry="this.fontWeight='800'; this.textAlign='left'; this.lineHeight='38px';" />
</lido-cell><lido-cell tab-index="5" audio="game-assets/audio/file-88id99x0.wav" visible="true" layout="col" bg-color="white" width="landscape.302px, portrait.154px" height="landscape.100%, portrait.17%" value="option_4" type="slide" onTouch="" border-radius="6px" onEntry="this.flex-shrink='0'; this.border='2px solid #CACACA'; this.paddingTop='50px'; this.boxSizing='content-box';">
    <lido-cell visible="true" layout="pos" width="48px" height="48px" z="1">
        <lido-image visible="true" src="template-assets/images/file-32peo7ki.png" />
    </lido-cell>
    
    <lido-text visible="true" string="इसे साझा न करें" font-size="42px" onEntry="this.fontWeight='800'; this.textAlign='left'; this.lineHeight='38px';" />
</lido-cell>
                </lido-cell>
            </lido-cell>
        </lido-cell>
    </lido-container>
    
	<lido-container id="lido-container" exit-button-url="template-assets/buttons/file-cuqkerfa.svg" prev-button-url="template-assets/buttons/file-hgo7puxl.svg" next-button-url="template-assets/buttons/file-pvzmxv99.svg" speaker-button-url="template-assets/buttons/file-k7wgpdxl.svg" is-allow-only-correct="true" value="maincontainer" objective="मैं,इंटरनेट,का उपयोग,करती हूँ,तो,सुरक्षित,रहती,हूँI" x="0" y="0" z="0" bg-color="transparent" bg-image="template-assets/bg-images/file-wynj45sc.png" visible="true" onCorrect="lido-avatar.avatarAnimate='Success';qustionAudio.speak='true'; pos2.animation='placeToLeft 2.5s linear'; this.sleep='2000';" onEntry="" onInCorrect="lido-avatar.avatarAnimate='Fail'; this.sleep='2000';" show-check="false" is-continue-on-correct="false" appendToDropOnCompletion="true">
		<lido-cell visible="false" id="speak-con">
			<lido-text id="sentenceText" audio="" string="मैं इंटरनेट का उपयोग करती हूँ तो सुरक्षित रहती हूँI" />
		</lido-cell>
		<lido-cell id="row1" layout="col" height="100%" width="100%" visible="true" bg-Color="transparent">
            
			<lido-text tab-index="1" id="qustionAudio" margin="60px 0px -139px 0px" visible="true" bg-color="transparent" y="landscape.30px, portrait.79px" onEntry="this.padding='0px 45px'; this.fontWeight='600'; this.speak='true'" audio="game-assets/audio/file-mmvvbqq7.wav" width="auto" height="5%" string="इन शब्दों से वाक्य बनाओ।" font-family="'Baloo 2', serif" font-size="36px" z="2" />
			<lido-cell id="col" layout="col" disable-edit="true" value="pos" aria-hidden="true" x="0" y="0" z="0" bg-color="transparent" type="" visible="true" onTouch="" onCorrect="" width="100%" height="100%" onEntry="">
				<lido-cell id="pos2" layout="pos" disable-edit="true" value="pos" aria-hidden="true" x="0" y="landscape.29px,portrait.0px" z="0" bg-color="transparent" type="" visible="true" onTouch="" width="100%" height="100%" onEntry="this.animation='rightToPlace 2.5s linear'; this.sleep='2000';">
					<lido-image width="landscape.122%, portrait.145%" height="landscape.173%, portrait.70%" y="landscape.-32%, portrait.26%" x="landscape.-22%, portrait.-39%" id="image1" disable-edit="true" visible="true" src="template-assets/images/file-5u2vejy7.png" onEntry="" />
					<lido-image width="landscape.16%, portrait.32%" y="landscape.17%, portrait.26%" x="landscape.40%, portrait.35%" z="2" id="image2" margin="-48px 0px 0px 0px" disable-edit="true" visible="true" src="game-assets/images/file-a5fko2km.jpg" onEntry="" />
					<lido-cell layout="wrap" height="29%" visible="true" width="landscape.80%, portrait.88%" margin="-76px 0px 0px 0px" y="landscape.50%, portrait.48%" x="landscape.11%,portrait.7%" z="2" onEntry="this.gridTemplateColumns = 'repeat(4, 1fr)'; this.position='relative';this.gap='7px';" bg-color="transparent">
                        <lido-text id="drop_zone_1" drop-attr="stretch" value="मैं" tab-index="2" is-allow-only-one-drop="true" visible="true" onEntry="this.background='transparent'; this.borderRadius='15px';" width="300px" height="80px" type="drop" />
						<lido-text id="drop_zone_2" drop-attr="stretch" value="इंटरनेट" tab-index="3" is-allow-only-one-drop="true" visible="true" onEntry="this.background='transparent'; this.borderRadius='15px';" width="300px" height="80px" type="drop" />
						<lido-text id="drop_zone_3" drop-attr="stretch" value="का उपयोग" tab-index="4" is-allow-only-one-drop="true" visible="true" onEntry="this.background='transparent'; this.borderRadius='15px';" width="300px" height="80px" type="drop" />
						<lido-text id="drop_zone_4" drop-attr="stretch" value="करती हूँ" tab-index="5" is-allow-only-one-drop="true" visible="true" onEntry="this.background='transparent'; this.borderRadius='15px';" width="300px" height="80px" type="drop" />
						<lido-text id="drop_zone_5" drop-attr="stretch" value="तो" tab-index="6" is-allow-only-one-drop="true" visible="true" onEntry="this.background='transparent'; this.borderRadius='15px';" width="300px" height="80px" type="drop" />
						<lido-text id="drop_zone_6" drop-attr="stretch" value="सुरक्षित" tab-index="7" is-allow-only-one-drop="true" visible="true" onEntry="this.background='transparent'; this.borderRadius='15px';" width="300px" height="80px" type="drop" />
						<lido-text id="drop_zone_7" drop-attr="stretch" value="रहती" tab-index="8" is-allow-only-one-drop="true" visible="true" onEntry="this.background='transparent'; this.borderRadius='15px';" width="300px" height="80px" type="drop" />
						<lido-text id="drop_zone_8" drop-attr="stretch" value="हूँI" tab-index="9" is-allow-only-one-drop="true" visible="true" onEntry="this.background='transparent'; this.borderRadius='15px';" width="300px" height="80px" type="drop" />
                    </lido-cell>
				</lido-cell>
				<lido-cell layout="wrap" height="230px" delay-visible="2650" visible="true" margin="-78px 0px 0px -113px" width="landscape.80%, portrait.88%" y="landscape.65%, portrait.62%" x="landscape.4%,portrait.0px" z="2" onEntry="this.gridTemplateColumns = 'repeat(4, 1fr)';this.position='relative';this.gap='26px';">
                    <lido-text id="option_item_1" audio="game-assets/audio/file-tgdhi6h4.wav" value="मैं" tab-index="10" visible="true" bg-color="#FCF3B1" onEntry="this.padding='0px 40px';this.borderRadius='25px'; this.boxShadow='unset'; this.fontWeight='800';" width="auto" height="84px" string="मैं" font-family="'Baloo 2', serif" font-size="24px" z="2" type="drag" />
					<lido-text id="option_item_2" audio="game-assets/audio/file-5vnye5w4.wav" value="रहती" tab-index="11" visible="true" bg-color="#FCF3B1" onEntry="this.padding='0px 40px';this.borderRadius='25px'; this.boxShadow='unset'; this.fontWeight='800';" width="auto" height="84px" string="रहती" font-family="'Baloo 2', serif" font-size="24px" z="2" type="drag" />
					<lido-text id="option_item_3" audio="game-assets/audio/file-9cmht1gd.wav" value="करती हूँ" tab-index="12" visible="true" bg-color="#FCF3B1" onEntry="this.padding='0px 40px';this.borderRadius='25px'; this.boxShadow='unset'; this.fontWeight='800';" width="auto" height="84px" string="करती हूँ" font-family="'Baloo 2', serif" font-size="24px" z="2" type="drag" />
					<lido-text id="option_item_4" audio="game-assets/audio/file-q5l9xb7f.wav" value="इंटरनेट" tab-index="13" visible="true" bg-color="#FCF3B1" onEntry="this.padding='0px 40px';this.borderRadius='25px'; this.boxShadow='unset'; this.fontWeight='800';" width="auto" height="84px" string="इंटरनेट" font-family="'Baloo 2', serif" font-size="24px" z="2" type="drag" />
					<lido-text id="option_item_5" audio="game-assets/audio/file-yqm0ejfs.wav" value="हूँI" tab-index="14" visible="true" bg-color="#FCF3B1" onEntry="this.padding='0px 40px';this.borderRadius='25px'; this.boxShadow='unset'; this.fontWeight='800';" width="auto" height="84px" string="हूँI" font-family="'Baloo 2', serif" font-size="24px" z="2" type="drag" />
					<lido-text id="option_item_6" audio="game-assets/audio/file-sa5qvp45.wav" value="तो" tab-index="15" visible="true" bg-color="#FCF3B1" onEntry="this.padding='0px 40px';this.borderRadius='25px'; this.boxShadow='unset'; this.fontWeight='800';" width="auto" height="84px" string="तो" font-family="'Baloo 2', serif" font-size="24px" z="2" type="drag" />
					<lido-text id="option_item_7" audio="game-assets/audio/file-1qh1re3w.wav" value="सुरक्षित" tab-index="16" visible="true" bg-color="#FCF3B1" onEntry="this.padding='0px 40px';this.borderRadius='25px'; this.boxShadow='unset'; this.fontWeight='800';" width="auto" height="84px" string="सुरक्षित" font-family="'Baloo 2', serif" font-size="24px" z="2" type="drag" />
					<lido-text id="option_item_8" audio="game-assets/audio/file-dz18cfmw.wav" value="का उपयोग" tab-index="17" visible="true" bg-color="#FCF3B1" onEntry="this.padding='0px 40px';this.borderRadius='25px'; this.boxShadow='unset'; this.fontWeight='800';" width="auto" height="84px" string="का उपयोग" font-family="'Baloo 2', serif" font-size="24px" z="2" type="drag" />
				</lido-cell>
				<lido-cell layout="row" visible="true" width="landscape.70%, portrait.88%" y="landscape.21%, portrait.42%" x="0%" z="2" onEntry="this.position='relative'" />
			</lido-cell>
			<lido-cell layout="pos" id="pos1" disable-edit="true" value="pos2" height="landscape.408px,portrait.327px" width="landscape.311px,portrait.294px" x="landscape.85%, portrait.640px" y="landscape.75%, portrait.172px" aria-hidden="true" bg-color="transparent" visible="true" onEntry="this.animation='rightToPlace 2.5s linear';">
				<lido-avatar id="lido-avatar" disable-edit="true" visible="true" height="100%" width="100%" src="template-assets/images/file-pvddavg9.riv" alt-text="" />
			</lido-cell>
		</lido-cell>
	</lido-container>	

	<lido-container id="lido-container" exit-button-url="template-assets/buttons/file-cuqkerfa.svg" prev-button-url="template-assets/buttons/file-hgo7puxl.svg" next-button-url="template-assets/buttons/file-pvzmxv99.svg" speaker-button-url="template-assets/buttons/file-k7wgpdxl.svg" is-allow-only-correct="true" value="maincontainer" objective="कुछ भी,डाउनलोड,करने से,पहले,हमेशा,किसी बड़े,से,पूछो।" x="0" y="0" z="0" bg-color="transparent" bg-image="template-assets/bg-images/file-wynj45sc.png" visible="true" onCorrect="lido-avatar.avatarAnimate='Success';qustionAudio.speak='true'; pos2.animation='placeToLeft 2.5s linear'; this.sleep='2000';" onEntry="" onInCorrect="lido-avatar.avatarAnimate='Fail'; this.sleep='2000';" show-check="false" is-continue-on-correct="false" appendToDropOnCompletion="true">
		<lido-cell visible="false" id="speak-con">
			<lido-text id="sentenceText" audio="" string="कुछ भी डाउनलोड करने से पहले हमेशा किसी बड़े से पूछो।" />
		</lido-cell>
		<lido-cell id="row1" layout="col" height="100%" width="100%" visible="true" bg-Color="transparent">
            
			<lido-text tab-index="1" id="qustionAudio" margin="60px 0px -139px 0px" visible="true" bg-color="transparent" y="landscape.30px, portrait.79px" onEntry="this.padding='0px 45px'; this.fontWeight='600'; this.speak='true'" audio="game-assets/audio/file-xf15200i.wav" width="auto" height="5%" string="इन शब्दों को मिलाकर एक वाक्य बनाओ।" font-family="'Baloo 2', serif" font-size="36px" z="2" />
			<lido-cell id="col" layout="col" disable-edit="true" value="pos" aria-hidden="true" x="0" y="0" z="0" bg-color="transparent" type="" visible="true" onTouch="" onCorrect="" width="100%" height="100%" onEntry="">
				<lido-cell id="pos2" layout="pos" disable-edit="true" value="pos" aria-hidden="true" x="0" y="landscape.29px,portrait.0px" z="0" bg-color="transparent" type="" visible="true" onTouch="" width="100%" height="100%" onEntry="this.animation='rightToPlace 2.5s linear'; this.sleep='2000';">
					<lido-image width="landscape.122%, portrait.145%" height="landscape.173%, portrait.70%" y="landscape.-32%, portrait.26%" x="landscape.-22%, portrait.-39%" id="image1" disable-edit="true" visible="true" src="template-assets/images/file-5u2vejy7.png" onEntry="" />
					<lido-image width="landscape.16%, portrait.32%" y="landscape.17%, portrait.26%" x="landscape.40%, portrait.35%" z="2" id="image2" margin="-48px 0px 0px 0px" disable-edit="true" visible="true" src="game-assets/images/file-a5fko2km.jpg" onEntry="" />
					<lido-cell layout="wrap" height="29%" visible="true" width="landscape.80%, portrait.88%" margin="-76px 0px 0px 0px" y="landscape.50%, portrait.48%" x="landscape.11%,portrait.7%" z="2" onEntry="this.gridTemplateColumns = 'repeat(4, 1fr)'; this.position='relative';this.gap='7px';" bg-color="transparent">
                        <lido-text id="drop_zone_1" drop-attr="stretch" value="कुछ भी" tab-index="2" is-allow-only-one-drop="true" visible="true" onEntry="this.background='transparent'; this.borderRadius='15px';" width="300px" height="80px" type="drop" />
						<lido-text id="drop_zone_2" drop-attr="stretch" value="डाउनलोड" tab-index="3" is-allow-only-one-drop="true" visible="true" onEntry="this.background='transparent'; this.borderRadius='15px';" width="300px" height="80px" type="drop" />
						<lido-text id="drop_zone_3" drop-attr="stretch" value="करने से" tab-index="4" is-allow-only-one-drop="true" visible="true" onEntry="this.background='transparent'; this.borderRadius='15px';" width="300px" height="80px" type="drop" />
						<lido-text id="drop_zone_4" drop-attr="stretch" value="पहले" tab-index="5" is-allow-only-one-drop="true" visible="true" onEntry="this.background='transparent'; this.borderRadius='15px';" width="300px" height="80px" type="drop" />
						<lido-text id="drop_zone_5" drop-attr="stretch" value="हमेशा" tab-index="6" is-allow-only-one-drop="true" visible="true" onEntry="this.background='transparent'; this.borderRadius='15px';" width="300px" height="80px" type="drop" />
						<lido-text id="drop_zone_6" drop-attr="stretch" value="किसी बड़े" tab-index="7" is-allow-only-one-drop="true" visible="true" onEntry="this.background='transparent'; this.borderRadius='15px';" width="300px" height="80px" type="drop" />
						<lido-text id="drop_zone_7" drop-attr="stretch" value="से" tab-index="8" is-allow-only-one-drop="true" visible="true" onEntry="this.background='transparent'; this.borderRadius='15px';" width="300px" height="80px" type="drop" />
						<lido-text id="drop_zone_8" drop-attr="stretch" value="पूछो।" tab-index="9" is-allow-only-one-drop="true" visible="true" onEntry="this.background='transparent'; this.borderRadius='15px';" width="300px" height="80px" type="drop" />
                    </lido-cell>
				</lido-cell>
				<lido-cell layout="wrap" height="230px" delay-visible="2650" visible="true" margin="-78px 0px 0px -113px" width="landscape.80%, portrait.88%" y="landscape.65%, portrait.62%" x="landscape.4%,portrait.0px" z="2" onEntry="this.gridTemplateColumns = 'repeat(4, 1fr)';this.position='relative';this.gap='26px';">
                    <lido-text id="option_item_1" audio="game-assets/audio/file-komir1jo.wav" value="करने से" tab-index="10" visible="true" bg-color="#FCF3B1" onEntry="this.padding='0px 40px';this.borderRadius='25px'; this.boxShadow='unset'; this.fontWeight='800';" width="auto" height="84px" string="करने से" font-family="'Baloo 2', serif" font-size="24px" z="2" type="drag" />
					<lido-text id="option_item_2" audio="game-assets/audio/file-vhhvlemr.wav" value="पहले" tab-index="11" visible="true" bg-color="#FCF3B1" onEntry="this.padding='0px 40px';this.borderRadius='25px'; this.boxShadow='unset'; this.fontWeight='800';" width="auto" height="84px" string="पहले" font-family="'Baloo 2', serif" font-size="24px" z="2" type="drag" />
					<lido-text id="option_item_3" audio="game-assets/audio/file-sy8hfuhg.wav" value="पूछो।" tab-index="12" visible="true" bg-color="#FCF3B1" onEntry="this.padding='0px 40px';this.borderRadius='25px'; this.boxShadow='unset'; this.fontWeight='800';" width="auto" height="84px" string="पूछो।" font-family="'Baloo 2', serif" font-size="24px" z="2" type="drag" />
					<lido-text id="option_item_4" audio="game-assets/audio/file-wlbtwcq8.wav" value="से" tab-index="13" visible="true" bg-color="#FCF3B1" onEntry="this.padding='0px 40px';this.borderRadius='25px'; this.boxShadow='unset'; this.fontWeight='800';" width="auto" height="84px" string="से" font-family="'Baloo 2', serif" font-size="24px" z="2" type="drag" />
					<lido-text id="option_item_5" audio="game-assets/audio/file-lajbqzmf.wav" value="डाउनलोड" tab-index="14" visible="true" bg-color="#FCF3B1" onEntry="this.padding='0px 40px';this.borderRadius='25px'; this.boxShadow='unset'; this.fontWeight='800';" width="auto" height="84px" string="डाउनलोड" font-family="'Baloo 2', serif" font-size="24px" z="2" type="drag" />
					<lido-text id="option_item_6" audio="game-assets/audio/file-depnv6op.wav" value="किसी बड़े" tab-index="15" visible="true" bg-color="#FCF3B1" onEntry="this.padding='0px 40px';this.borderRadius='25px'; this.boxShadow='unset'; this.fontWeight='800';" width="auto" height="84px" string="किसी बड़े" font-family="'Baloo 2', serif" font-size="24px" z="2" type="drag" />
					<lido-text id="option_item_7" audio="game-assets/audio/file-9xvvyag1.wav" value="कुछ भी" tab-index="16" visible="true" bg-color="#FCF3B1" onEntry="this.padding='0px 40px';this.borderRadius='25px'; this.boxShadow='unset'; this.fontWeight='800';" width="auto" height="84px" string="कुछ भी" font-family="'Baloo 2', serif" font-size="24px" z="2" type="drag" />
					<lido-text id="option_item_8" audio="game-assets/audio/file-erzzmwi6.wav" value="हमेशा" tab-index="17" visible="true" bg-color="#FCF3B1" onEntry="this.padding='0px 40px';this.borderRadius='25px'; this.boxShadow='unset'; this.fontWeight='800';" width="auto" height="84px" string="हमेशा" font-family="'Baloo 2', serif" font-size="24px" z="2" type="drag" />
				</lido-cell>
				<lido-cell layout="row" visible="true" width="landscape.70%, portrait.88%" y="landscape.21%, portrait.42%" x="0%" z="2" onEntry="this.position='relative'" />
			</lido-cell>
			<lido-cell layout="pos" id="pos1" disable-edit="true" value="pos2" height="landscape.408px,portrait.327px" width="landscape.311px,portrait.294px" x="landscape.85%, portrait.640px" y="landscape.75%, portrait.172px" aria-hidden="true" bg-color="transparent" visible="true" onEntry="this.animation='rightToPlace 2.5s linear';">
				<lido-avatar id="lido-avatar" disable-edit="true" visible="true" height="100%" width="100%" src="template-assets/images/file-pvddavg9.riv" alt-text="" />
			</lido-cell>
		</lido-cell>
	</lido-container>	

	<lido-container id="lido-container" exit-button-url="template-assets/buttons/file-cuqkerfa.svg" prev-button-url="template-assets/buttons/file-hgo7puxl.svg" next-button-url="template-assets/buttons/file-pvzmxv99.svg" speaker-button-url="template-assets/buttons/file-k7wgpdxl.svg" is-allow-only-correct="true" value="maincontainer" objective="ऑनलाइन,बात,करते,समय,दयालु,और,सम्मानजनक,रहो।" x="0" y="0" z="0" bg-color="transparent" bg-image="template-assets/bg-images/file-wynj45sc.png" visible="true" onCorrect="lido-avatar.avatarAnimate='Success';qustionAudio.speak='true'; pos2.animation='placeToLeft 2.5s linear'; this.sleep='2000';" onEntry="" onInCorrect="lido-avatar.avatarAnimate='Fail'; this.sleep='2000';" show-check="false" is-continue-on-correct="false" appendToDropOnCompletion="true">
		<lido-cell visible="false" id="speak-con">
			<lido-text id="sentenceText" audio="" string="ऑनलाइन बात करते समय दयालु और सम्मानजनक रहो।" />
		</lido-cell>
		<lido-cell id="row1" layout="col" height="100%" width="100%" visible="true" bg-Color="transparent">
            
			<lido-text tab-index="1" id="qustionAudio" margin="60px 0px -139px 0px" visible="true" bg-color="transparent" y="landscape.30px, portrait.79px" onEntry="this.padding='0px 45px'; this.fontWeight='600'; this.speak='true'" audio="game-assets/audio/file-fwwaq8av.wav" width="auto" height="5%" string="इन शब्दों का उपयोग करके एक वाक्य बनाओ।" font-family="'Baloo 2', serif" font-size="36px" z="2" />
			<lido-cell id="col" layout="col" disable-edit="true" value="pos" aria-hidden="true" x="0" y="0" z="0" bg-color="transparent" type="" visible="true" onTouch="" onCorrect="" width="100%" height="100%" onEntry="">
				<lido-cell id="pos2" layout="pos" disable-edit="true" value="pos" aria-hidden="true" x="0" y="landscape.29px,portrait.0px" z="0" bg-color="transparent" type="" visible="true" onTouch="" width="100%" height="100%" onEntry="this.animation='rightToPlace 2.5s linear'; this.sleep='2000';">
					<lido-image width="landscape.122%, portrait.145%" height="landscape.173%, portrait.70%" y="landscape.-32%, portrait.26%" x="landscape.-22%, portrait.-39%" id="image1" disable-edit="true" visible="true" src="template-assets/images/file-5u2vejy7.png" onEntry="" />
					<lido-image width="landscape.16%, portrait.32%" y="landscape.17%, portrait.26%" x="landscape.40%, portrait.35%" z="2" id="image2" margin="-48px 0px 0px 0px" disable-edit="true" visible="true" src="game-assets/images/file-a5fko2km.jpg" onEntry="" />
					<lido-cell layout="wrap" height="29%" visible="true" width="landscape.80%, portrait.88%" margin="-76px 0px 0px 0px" y="landscape.50%, portrait.48%" x="landscape.11%,portrait.7%" z="2" onEntry="this.gridTemplateColumns = 'repeat(4, 1fr)'; this.position='relative';this.gap='7px';" bg-color="transparent">
                        <lido-text id="drop_zone_1" drop-attr="stretch" value="ऑनलाइन" tab-index="2" is-allow-only-one-drop="true" visible="true" onEntry="this.background='transparent'; this.borderRadius='15px';" width="300px" height="80px" type="drop" />
						<lido-text id="drop_zone_2" drop-attr="stretch" value="बात" tab-index="3" is-allow-only-one-drop="true" visible="true" onEntry="this.background='transparent'; this.borderRadius='15px';" width="300px" height="80px" type="drop" />
						<lido-text id="drop_zone_3" drop-attr="stretch" value="करते" tab-index="4" is-allow-only-one-drop="true" visible="true" onEntry="this.background='transparent'; this.borderRadius='15px';" width="300px" height="80px" type="drop" />
						<lido-text id="drop_zone_4" drop-attr="stretch" value="समय" tab-index="5" is-allow-only-one-drop="true" visible="true" onEntry="this.background='transparent'; this.borderRadius='15px';" width="300px" height="80px" type="drop" />
						<lido-text id="drop_zone_5" drop-attr="stretch" value="दयालु" tab-index="6" is-allow-only-one-drop="true" visible="true" onEntry="this.background='transparent'; this.borderRadius='15px';" width="300px" height="80px" type="drop" />
						<lido-text id="drop_zone_6" drop-attr="stretch" value="और" tab-index="7" is-allow-only-one-drop="true" visible="true" onEntry="this.background='transparent'; this.borderRadius='15px';" width="300px" height="80px" type="drop" />
						<lido-text id="drop_zone_7" drop-attr="stretch" value="सम्मानजनक" tab-index="8" is-allow-only-one-drop="true" visible="true" onEntry="this.background='transparent'; this.borderRadius='15px';" width="300px" height="80px" type="drop" />
						<lido-text id="drop_zone_8" drop-attr="stretch" value="रहो।" tab-index="9" is-allow-only-one-drop="true" visible="true" onEntry="this.background='transparent'; this.borderRadius='15px';" width="300px" height="80px" type="drop" />
                    </lido-cell>
				</lido-cell>
				<lido-cell layout="wrap" height="230px" delay-visible="2650" visible="true" margin="-78px 0px 0px -113px" width="landscape.80%, portrait.88%" y="landscape.65%, portrait.62%" x="landscape.4%,portrait.0px" z="2" onEntry="this.gridTemplateColumns = 'repeat(4, 1fr)';this.position='relative';this.gap='26px';">
                    <lido-text id="option_item_1" audio="game-assets/audio/file-nm1ya1wn.wav" value="सम्मानजनक" tab-index="10" visible="true" bg-color="#FCF3B1" onEntry="this.padding='0px 40px';this.borderRadius='25px'; this.boxShadow='unset'; this.fontWeight='800';" width="auto" height="84px" string="सम्मानजनक" font-family="'Baloo 2', serif" font-size="24px" z="2" type="drag" />
					<lido-text id="option_item_2" audio="game-assets/audio/file-nnbmwgw7.wav" value="बात" tab-index="11" visible="true" bg-color="#FCF3B1" onEntry="this.padding='0px 40px';this.borderRadius='25px'; this.boxShadow='unset'; this.fontWeight='800';" width="auto" height="84px" string="बात" font-family="'Baloo 2', serif" font-size="24px" z="2" type="drag" />
					<lido-text id="option_item_3" audio="game-assets/audio/file-e8x3bpd3.wav" value="दयालु" tab-index="12" visible="true" bg-color="#FCF3B1" onEntry="this.padding='0px 40px';this.borderRadius='25px'; this.boxShadow='unset'; this.fontWeight='800';" width="auto" height="84px" string="दयालु" font-family="'Baloo 2', serif" font-size="24px" z="2" type="drag" />
					<lido-text id="option_item_4" audio="game-assets/audio/file-gp0ely3f.wav" value="और" tab-index="13" visible="true" bg-color="#FCF3B1" onEntry="this.padding='0px 40px';this.borderRadius='25px'; this.boxShadow='unset'; this.fontWeight='800';" width="auto" height="84px" string="और" font-family="'Baloo 2', serif" font-size="24px" z="2" type="drag" />
					<lido-text id="option_item_5" audio="game-assets/audio/file-m1s9r012.wav" value="समय" tab-index="14" visible="true" bg-color="#FCF3B1" onEntry="this.padding='0px 40px';this.borderRadius='25px'; this.boxShadow='unset'; this.fontWeight='800';" width="auto" height="84px" string="समय" font-family="'Baloo 2', serif" font-size="24px" z="2" type="drag" />
					<lido-text id="option_item_6" audio="game-assets/audio/file-emqro3yx.wav" value="करते" tab-index="15" visible="true" bg-color="#FCF3B1" onEntry="this.padding='0px 40px';this.borderRadius='25px'; this.boxShadow='unset'; this.fontWeight='800';" width="auto" height="84px" string="करते" font-family="'Baloo 2', serif" font-size="24px" z="2" type="drag" />
					<lido-text id="option_item_7" audio="game-assets/audio/file-qgttwuve.wav" value="रहो।" tab-index="16" visible="true" bg-color="#FCF3B1" onEntry="this.padding='0px 40px';this.borderRadius='25px'; this.boxShadow='unset'; this.fontWeight='800';" width="auto" height="84px" string="रहो।" font-family="'Baloo 2', serif" font-size="24px" z="2" type="drag" />
					<lido-text id="option_item_8" audio="game-assets/audio/file-rnj24f6j.wav" value="ऑनलाइन" tab-index="17" visible="true" bg-color="#FCF3B1" onEntry="this.padding='0px 40px';this.borderRadius='25px'; this.boxShadow='unset'; this.fontWeight='800';" width="auto" height="84px" string="ऑनलाइन" font-family="'Baloo 2', serif" font-size="24px" z="2" type="drag" />
				</lido-cell>
				<lido-cell layout="row" visible="true" width="landscape.70%, portrait.88%" y="landscape.21%, portrait.42%" x="0%" z="2" onEntry="this.position='relative'" />
			</lido-cell>
			<lido-cell layout="pos" id="pos1" disable-edit="true" value="pos2" height="landscape.408px,portrait.327px" width="landscape.311px,portrait.294px" x="landscape.85%, portrait.640px" y="landscape.75%, portrait.172px" aria-hidden="true" bg-color="transparent" visible="true" onEntry="this.animation='rightToPlace 2.5s linear';">
				<lido-avatar id="lido-avatar" disable-edit="true" visible="true" height="100%" width="100%" src="template-assets/images/file-pvddavg9.riv" alt-text="" />
			</lido-cell>
		</lido-cell>
	</lido-container>	

            <lido-container id="lido-container" objective="" tab-index="1" value="mainContainer1" bg-image="template-assets/bg-images/file-m0vykhtm.png" height="1600px" width="900px" bg-color="transparent" visible="true" onCorrect="lido-avatar.avatarAnimate='Success'; this.sleep='2000';" onEntry="this.justifyContent='space-around';" onInCorrect="lido-avatar.avatarAnimate='Fail'; this.sleep='2000';" show-check="false" is-continue-on-correct="true" after-drop="false" show-next-button="true" exit-button-url="template-assets/buttons/file-cuqkerfa.svg" prev-button-url="template-assets/buttons/file-hgo7puxl.svg" next-button-url="template-assets/buttons/file-pvzmxv99.svg" speaker-button-url="template-assets/buttons/file-k7wgpdxl.svg">

                
                <lido-cell layout="pos" id="pos1" disable-edit="true" value="pos1" height="landscape.600px, portrait.700px" width="landscape.393px, portrait.485px" x="landscape.-24px, portrait.465px" y="landscape.385px, portrait.983px" aria-hidden="true" z="1" bg-color="transparent" visible="true" onEntry="this.flex-shrink='0';">
                    <lido-avatar id="lido-avatar" disable-edit="true" visible="true" height="inherit" width="inherit" src="template-assets/images/file-pvddavg9.riv" alt-text="" onEntry="">
                    </lido-avatar>
                </lido-cell>

                
                <lido-cell layout="pos" id="pos2" disable-edit="true" value="pos2" width="landscape.594px, portrait.754px" height="landscape.725px, portrait.925px" x="landscape.519px, portrait.73px" y="landscape.127px, portrait.172px" aria-hidden="true" z="1" bg-color="transparent" visible="true" onEntry="this.flex-shrink='0';">
                    <lido-flash-card x="50" y="100" width="landscape.594px, portrait.754px" height="landscape.725px, portrait.925px" bg-color="transparent" onEntry="this.border-radius='32px';" onTouch="">
                        <lido-cell layout="col" id="col1" audio="game-assets/audio/file-iyxmhstq.wav" slot="front" disable-edit="true" visible="true" width="landscape.594px, portrait.754px" height="landscape.910px, portrait.925px" bg-color="white" type="" tab-index="2" dropAttr="diagonal" onEntry="this.border-radius=32px; this.padding='8px 8px 16px 8px';" y="landscape.5px,portrait.10px">
                            <lido-text id="txt1" width="553px" height="217px" display="flex" onEntry="this.textAlign='center'; this.flexDirection='column'; this.justifyContent='center'; this.alignItems='center'; this.flexShrink='0';" font-family="'Baloo Bhai 2'" font-size="52px" z="1" font-color="black" font-weight="500" color="#303030" string="इंटरनेट सुरक्षा" visible="true" y="landscape.15px, portrait.15px" bg-color="white" margin="landscape.45px 0px 45px 0px, portrait.45px 0px 45px 0px" />
                        </lido-cell>
                        <lido-cell layout="col" tab-index="3" audio="game-assets/audio/file-rolkvo6l.wav" id="col2" slot="back" disable-edit="true" visible="true" width="landscape.594px, portrait.754px" height="landscape.910px, portrait.925px" bg-color="white" type="" dropAttr="diagonal" onEntry="this.border-radius=32px; this.padding='8px 8px 16px 8px';" y="landscape.,portrait.">
                            <lido-text id="txt2" height="480px" width="495px" display="flex" onEntry="this.textAlign='left'; this.lineHeight='1.5';" font-family="'Baloo Bhai 2'" font-size="52px" z="1" font-color="black" font-weight="500" color="#000000" string="अपनी निजी जानकारी छुपाकर ऑनलाइन सुरक्षित रहें।" visible="true" y="landscape.35px, portrait.15px" bg-color="white" margin="landscape.45px 0px 45px 0px, portrait.45px 0px 45px 0px" />
                        </lido-cell>
                    </lido-flash-card>
                </lido-cell>
            </lido-container>
        
            <lido-container id="lido-container" objective="" tab-index="1" value="mainContainer1" bg-image="template-assets/bg-images/file-m0vykhtm.png" height="1600px" width="900px" bg-color="transparent" visible="true" onCorrect="lido-avatar.avatarAnimate='Success'; this.sleep='2000';" onEntry="this.justifyContent='space-around';" onInCorrect="lido-avatar.avatarAnimate='Fail'; this.sleep='2000';" show-check="false" is-continue-on-correct="true" after-drop="false" show-next-button="true" exit-button-url="template-assets/buttons/file-cuqkerfa.svg" prev-button-url="template-assets/buttons/file-hgo7puxl.svg" next-button-url="template-assets/buttons/file-pvzmxv99.svg" speaker-button-url="template-assets/buttons/file-k7wgpdxl.svg">

                
                <lido-cell layout="pos" id="pos1" disable-edit="true" value="pos1" height="landscape.600px, portrait.700px" width="landscape.393px, portrait.485px" x="landscape.-24px, portrait.465px" y="landscape.385px, portrait.983px" aria-hidden="true" z="1" bg-color="transparent" visible="true" onEntry="this.flex-shrink='0';">
                    <lido-avatar id="lido-avatar" disable-edit="true" visible="true" height="inherit" width="inherit" src="template-assets/images/file-pvddavg9.riv" alt-text="" onEntry="">
                    </lido-avatar>
                </lido-cell>

                
                <lido-cell layout="pos" id="pos2" disable-edit="true" value="pos2" width="landscape.594px, portrait.754px" height="landscape.725px, portrait.925px" x="landscape.519px, portrait.73px" y="landscape.127px, portrait.172px" aria-hidden="true" z="1" bg-color="transparent" visible="true" onEntry="this.flex-shrink='0';">
                    <lido-flash-card x="50" y="100" width="landscape.594px, portrait.754px" height="landscape.725px, portrait.925px" bg-color="transparent" onEntry="this.border-radius='32px';" onTouch="">
                        <lido-cell layout="col" id="col1" audio="game-assets/audio/file-brbec22n.wav" slot="front" disable-edit="true" visible="true" width="landscape.594px, portrait.754px" height="landscape.910px, portrait.925px" bg-color="white" type="" tab-index="2" dropAttr="diagonal" onEntry="this.border-radius=32px; this.padding='8px 8px 16px 8px';" y="landscape.5px,portrait.10px">
                            <lido-text id="txt1" width="553px" height="217px" display="flex" onEntry="this.textAlign='center'; this.flexDirection='column'; this.justifyContent='center'; this.alignItems='center'; this.flexShrink='0';" font-family="'Baloo Bhai 2'" font-size="52px" z="1" font-color="black" font-weight="500" color="#303030" string="स्क्रीन टाइम" visible="true" y="landscape.15px, portrait.15px" bg-color="white" margin="landscape.45px 0px 45px 0px, portrait.45px 0px 45px 0px" />
                        </lido-cell>
                        <lido-cell layout="col" tab-index="3" audio="game-assets/audio/file-c28qsig8.wav" id="col2" slot="back" disable-edit="true" visible="true" width="landscape.594px, portrait.754px" height="landscape.910px, portrait.925px" bg-color="white" type="" dropAttr="diagonal" onEntry="this.border-radius=32px; this.padding='8px 8px 16px 8px';" y="landscape.,portrait.">
                            <lido-text id="txt2" height="480px" width="495px" display="flex" onEntry="this.textAlign='left'; this.lineHeight='1.5';" font-family="'Baloo Bhai 2'" font-size="52px" z="1" font-color="black" font-weight="500" color="#000000" string="अपनी आँखों और शरीर की सुरक्षा के लिए बीच-बीच में विराम लें।" visible="true" y="landscape.35px, portrait.15px" bg-color="white" margin="landscape.45px 0px 45px 0px, portrait.45px 0px 45px 0px" />
                        </lido-cell>
                    </lido-flash-card>
                </lido-cell>
            </lido-container>
        
            <lido-container id="lido-container" objective="" tab-index="1" value="mainContainer1" bg-image="template-assets/bg-images/file-m0vykhtm.png" height="1600px" width="900px" bg-color="transparent" visible="true" onCorrect="lido-avatar.avatarAnimate='Success'; this.sleep='2000';" onEntry="this.justifyContent='space-around';" onInCorrect="lido-avatar.avatarAnimate='Fail'; this.sleep='2000';" show-check="false" is-continue-on-correct="true" after-drop="false" show-next-button="true" exit-button-url="template-assets/buttons/file-cuqkerfa.svg" prev-button-url="template-assets/buttons/file-hgo7puxl.svg" next-button-url="template-assets/buttons/file-pvzmxv99.svg" speaker-button-url="template-assets/buttons/file-k7wgpdxl.svg">

                
                <lido-cell layout="pos" id="pos1" disable-edit="true" value="pos1" height="landscape.600px, portrait.700px" width="landscape.393px, portrait.485px" x="landscape.-24px, portrait.465px" y="landscape.385px, portrait.983px" aria-hidden="true" z="1" bg-color="transparent" visible="true" onEntry="this.flex-shrink='0';">
                    <lido-avatar id="lido-avatar" disable-edit="true" visible="true" height="inherit" width="inherit" src="template-assets/images/file-pvddavg9.riv" alt-text="" onEntry="">
                    </lido-avatar>
                </lido-cell>

                
                <lido-cell layout="pos" id="pos2" disable-edit="true" value="pos2" width="landscape.594px, portrait.754px" height="landscape.725px, portrait.925px" x="landscape.519px, portrait.73px" y="landscape.127px, portrait.172px" aria-hidden="true" z="1" bg-color="transparent" visible="true" onEntry="this.flex-shrink='0';">
                    <lido-flash-card x="50" y="100" width="landscape.594px, portrait.754px" height="landscape.725px, portrait.925px" bg-color="transparent" onEntry="this.border-radius='32px';" onTouch="">
                        <lido-cell layout="col" id="col1" audio="game-assets/audio/file-k90fdso5.wav" slot="front" disable-edit="true" visible="true" width="landscape.594px, portrait.754px" height="landscape.910px, portrait.925px" bg-color="white" type="" tab-index="2" dropAttr="diagonal" onEntry="this.border-radius=32px; this.padding='8px 8px 16px 8px';" y="landscape.5px,portrait.10px">
                            <lido-text id="txt1" width="553px" height="217px" display="flex" onEntry="this.textAlign='center'; this.flexDirection='column'; this.justifyContent='center'; this.alignItems='center'; this.flexShrink='0';" font-family="'Baloo Bhai 2'" font-size="52px" z="1" font-color="black" font-weight="500" color="#303030" string="ऑनलाइन सम्मान" visible="true" y="landscape.15px, portrait.15px" bg-color="white" margin="landscape.45px 0px 45px 0px, portrait.45px 0px 45px 0px" />
                        </lido-cell>
                        <lido-cell layout="col" tab-index="3" audio="game-assets/audio/file-km3io6h4.wav" id="col2" slot="back" disable-edit="true" visible="true" width="landscape.594px, portrait.754px" height="landscape.910px, portrait.925px" bg-color="white" type="" dropAttr="diagonal" onEntry="this.border-radius=32px; this.padding='8px 8px 16px 8px';" y="landscape.,portrait.">
                            <lido-text id="txt2" height="480px" width="495px" display="flex" onEntry="this.textAlign='left'; this.lineHeight='1.5';" font-family="'Baloo Bhai 2'" font-size="52px" z="1" font-color="black" font-weight="500" color="#000000" string="ऑनलाइन अच्छे शब्दों का उपयोग करें और दूसरों का सम्मान करें।" visible="true" y="landscape.35px, portrait.15px" bg-color="white" margin="landscape.45px 0px 45px 0px, portrait.45px 0px 45px 0px" />
                        </lido-cell>
                    </lido-flash-card>
                </lido-cell>
            </lido-container>
        <lido-container show-prev-button="false" show-next-button="true" id="lido-container" bg-image="" height="1600px" width="900px" value="mainContainer4" objective="" visible="true" onInCorrect="lido-avatar.avatarAnimate='Fail'; this.sleep='2000';" show-check="false" is-continue-on-correct="true" exit-button-url="template-assets/buttons/file-cuqkerfa.svg" prev-button-url="template-assets/buttons/file-hgo7puxl.svg" next-button-url="template-assets/buttons/file-pvzmxv99.svg" speaker-button-url="template-assets/buttons/file-k7wgpdxl.svg">
    <lido-cell id="cell1" margin="landscape.140px 0px 0px 0px,portrait.170px 0px 0px 0px" visible="true" layout="landscape.row,portrait.col" disable-edit="true" value="cell1" width="landscape.100%,portrait.86%" height="landscape.100%,portrait.80%" x="50px" y="50px" bg-color="white" onEntry="this.justifyContent='space-evenly'; this.borderRadius='6px'">
        <lido-image id="image1" disable-edit="true" margin="landscape.0px 0px 0px 0px,portrait.-20px 0px 0px 0px" value="image1" visible="true" src="game-assets/images/file-lwkp9coc.jpg" width="landscape.704px,portrait.744px" height="landscape.704px,portrait.707px" bg-color="transparent" alt-text="" onEntry="" />
        <lido-text id="text1" tab-index="1" audio="game-assets/audio/file-rxiv6qcr.wav" disable-edit="true" margin="landscape.0px 0px 0px 27px,portrait.0px 0px 60px 0px" value="text1" visible="true" width="landscape.47%,portrait.90%" height="100%" bg-color="transparent" font-family="'Baloo 2', serif" font-size="44px" font-color="#000" string="हमेशा इसे सुरक्षित और सावधानी से उपयोग करें।" onEntry="this.fontWeight='500'; this.boxShadow='unset'; this.textAlign='start'; this.speak='true';" />
    </lido-cell>
    <lido-pos id="pos1" disable-edit="true" value="pos1" height="350px" width="350px" x="landscape.1300px, portrait.580px" y="landscape.670px, portrait.1350px" aria-hidden="true" z="1" bg-color="transparent" visible="true">
        <lido-avatar id="lido-avatar" disable-edit="true" visible="true" height="350px" width="350px" src="template-assets/images/file-pvddavg9.riv" alt-text="chimpleCharacterRive" />
    </lido-pos>
</lido-container><lido-container show-prev-button="false" show-next-button="true" id="lido-container" bg-image="" height="1600px" width="900px" value="mainContainer4" objective="" visible="true" onInCorrect="lido-avatar.avatarAnimate='Fail'; this.sleep='2000';" show-check="false" is-continue-on-correct="true" exit-button-url="template-assets/buttons/file-cuqkerfa.svg" prev-button-url="template-assets/buttons/file-hgo7puxl.svg" next-button-url="template-assets/buttons/file-pvzmxv99.svg" speaker-button-url="template-assets/buttons/file-k7wgpdxl.svg">
    <lido-cell id="cell1" margin="landscape.140px 0px 0px 0px,portrait.170px 0px 0px 0px" visible="true" layout="landscape.row,portrait.col" disable-edit="true" value="cell1" width="landscape.100%,portrait.86%" height="landscape.100%,portrait.80%" x="50px" y="50px" bg-color="white" onEntry="this.justifyContent='space-evenly'; this.borderRadius='6px'">
        <lido-image id="image1" disable-edit="true" margin="landscape.0px 0px 0px 0px,portrait.-20px 0px 0px 0px" value="image1" visible="true" src="game-assets/images/file-ewlcfpzn.jpg" width="landscape.704px,portrait.744px" height="landscape.704px,portrait.707px" bg-color="transparent" alt-text="" onEntry="" />
        <lido-text id="text1" tab-index="1" audio="game-assets/audio/file-v7kr98o8.wav" disable-edit="true" margin="landscape.0px 0px 0px 27px,portrait.0px 0px 60px 0px" value="text1" visible="true" width="landscape.47%,portrait.90%" height="100%" bg-color="transparent" font-family="'Baloo 2', serif" font-size="44px" font-color="#000" string="एक बार कुछ ऑनलाइन चला जाए, तो वह हमेशा रह सकता है।" onEntry="this.fontWeight='500'; this.boxShadow='unset'; this.textAlign='start'; this.speak='true';" />
    </lido-cell>
    <lido-pos id="pos1" disable-edit="true" value="pos1" height="350px" width="350px" x="landscape.1300px, portrait.580px" y="landscape.670px, portrait.1350px" aria-hidden="true" z="1" bg-color="transparent" visible="true">
        <lido-avatar id="lido-avatar" disable-edit="true" visible="true" height="350px" width="350px" src="template-assets/images/file-pvddavg9.riv" alt-text="chimpleCharacterRive" />
    </lido-pos>
</lido-container><lido-container show-prev-button="false" show-next-button="true" id="lido-container" bg-image="" height="1600px" width="900px" value="mainContainer4" objective="" visible="true" onInCorrect="lido-avatar.avatarAnimate='Fail'; this.sleep='2000';" show-check="false" is-continue-on-correct="true" exit-button-url="template-assets/buttons/file-cuqkerfa.svg" prev-button-url="template-assets/buttons/file-hgo7puxl.svg" next-button-url="template-assets/buttons/file-pvzmxv99.svg" speaker-button-url="template-assets/buttons/file-k7wgpdxl.svg">
    <lido-cell id="cell1" margin="landscape.140px 0px 0px 0px,portrait.170px 0px 0px 0px" visible="true" layout="landscape.row,portrait.col" disable-edit="true" value="cell1" width="landscape.100%,portrait.86%" height="landscape.100%,portrait.80%" x="50px" y="50px" bg-color="white" onEntry="this.justifyContent='space-evenly'; this.borderRadius='6px'">
        <lido-image id="image1" disable-edit="true" margin="landscape.0px 0px 0px 0px,portrait.-20px 0px 0px 0px" value="image1" visible="true" src="game-assets/images/file-i67mxh2m.jpg" width="landscape.704px,portrait.744px" height="landscape.704px,portrait.707px" bg-color="transparent" alt-text="" onEntry="" />
        <lido-text id="text1" tab-index="1" audio="game-assets/audio/file-n9uuyruc.wav" disable-edit="true" margin="landscape.0px 0px 0px 27px,portrait.0px 0px 60px 0px" value="text1" visible="true" width="landscape.47%,portrait.90%" height="100%" bg-color="transparent" font-family="'Baloo 2', serif" font-size="44px" font-color="#000" string="सम्मान, सुरक्षा और ईमानदारी हमें अच्छे डिजिटल नागरिक बनाते हैं।" onEntry="this.fontWeight='500'; this.boxShadow='unset'; this.textAlign='start'; this.speak='true';" />
    </lido-cell>
    <lido-pos id="pos1" disable-edit="true" value="pos1" height="350px" width="350px" x="landscape.1300px, portrait.580px" y="landscape.670px, portrait.1350px" aria-hidden="true" z="1" bg-color="transparent" visible="true">
        <lido-avatar id="lido-avatar" disable-edit="true" visible="true" height="350px" width="350px" src="template-assets/images/file-pvddavg9.riv" alt-text="chimpleCharacterRive" />
    </lido-pos>
</lido-container>
</root>