<main><lido-container id="lido-container" exit-button-url="template-assets/buttons/file-bx1vsi8d.svg" prev-button-url="template-assets/buttons/file-6slpf2lq.svg" next-button-url="template-assets/buttons/file-3g0xv5t1.svg" speaker-button-url="template-assets/buttons/file-nuix1mxi.svg" show-next-button="true" show-drop-border="false" tabIndex="0" value="mainContainer1" bg-Color="#FFF" height="100%" width="100%" visible="true" objective="(opt_0|opt_1),(opt_2|opt_3)" show-Check="false" is-Continue-On-Correct="true" after-Drop="false" onCorrect="lido-avatar.avatarAnimate='Success'; this.sleep='2000';" onInCorrect="lido-avatar.avatarAnimate='Fail'; this.sleep='2000';" is-allow-only-correct="false"> 
		<lido-cell layout="col" visible="true" height="100%" width="98%" bgColor="transparent" margin="landscape.83px 0px 0px 0px, portrait.36px 0px -49px 0px">
			<lido-cell layout="pos" id="pos1" disableEdit="true" value="pos2" height="landscape.205px,portrait.195px" width="landscape.209px,portrait.209px" x="landscape.12px,portrait.-17px" y="landscape.68px,portrait.146px" ariaHidden="true" bgColor="transparent" visible="true" onEntry="">
				<lido-avatar id="lido-avatar" disableEdit="true" visible="true" height="100%" width="100%" src="template-assets/images/file-bzj1n5sc.riv" altText="{chimpleCharacterRive}">
				</lido-avatar>
			</lido-cell>
            
			<lido-text id="heading" tabIndex="2" width="1400px" audio="game-assets/audio/file-dxmd6fwc.wav" visible="true" string="Sort into Good Screen Habits vs. Bad Screen Habits." font-family="'Baloo Bhai 2'" fontColor="#323232" font-size="landscape.44px,portrait.32px" bg-Color="transparent" onEntry="this.padding='0px 47px'; this.line-height='45px'; this.fontWeight='400';" margin="landscape.26px 0px -25px 0px, portrait.80px 0px -62px">
            </lido-text>


			<lido-cell layout="row" visible="true" onEntry="head1.speak='true'; head2.speak='true'" height="landscape.38%,portrait.41%" width="100%" bg-Color="transparent" margin="landscape.7px 0px 0px 0px,portrait.55px 0px -73px 0px">
				<lido-cell id="cate1" z="100" visible="true" audio="game-assets/audio/file-tulli5dq.wav" width="landscape.48%,portrait.30%" height="100%" bg-Color="#E3F5FC" onEntry="this.border-radius='6px';this.border=' 2px dashed #326B80';this.display='flex';this.flex-direction='column';this.align-items='center';" onTouch="this.addClass='highlight-element'; cate2.removeClass='highlight-element';">
    <lido-text visible="true" id="head1" audio="game-assets/audio/file-tulli5dq.wav" font-family="'Baloo Bhai 2'" font-size="landscape.32px,portrait.32px" string="Good Screen Habits " bg-Color="transparent" onEntry="this.padding='10px 47px'; this.line-height='26px'; this.fontWeight='600';" z="1" />
    <lido-cell layout="landscape.wrap,portrait.col" id="category1" scrollbar-width="14px" visible="true" value="opt_0,opt_1" tab-index="3" type="category" height="1000px" width="100%" bg-color="#E3F5FC" onEntry="this.padding='23px';this.overflow=' hidden'; this.justify-items='center';  this.grid-template-columns=' repeat(2, 1fr)'; this.gap=' 10px'; this.overflow-y=' auto';" margin="landscape.-15px 0px 0px 0px,portrait.0px" />
</lido-cell>
				<lido-cell id="cate2" z="100" visible="true" audio="game-assets/audio/file-41o6zvmy.wav" width="landscape.48%,portrait.30%" height="100%" bg-Color="#F2EAFC" onEntry="this.border-radius='6px';this.border=' 2px dashed #67428F';this.display='flex';this.flex-direction='column';this.align-items='center';" onTouch="this.addClass='highlight-element'; cate1.removeClass='highlight-element';">
    <lido-text visible="true" id="head2" audio="game-assets/audio/file-41o6zvmy.wav" font-family="'Baloo Bhai 2'" font-size="landscape.32px,portrait.32px" string="Bad Screen Habits " bg-Color="transparent" onEntry="this.padding='10px 47px'; this.line-height='26px'; this.fontWeight='600';" z="1" />
    <lido-cell layout="landscape.wrap,portrait.col" id="category2" scrollbar-width="14px" visible="true" value="opt_2,opt_3" tab-index="4" type="category" height="1000px" width="100%" bg-color="#F2EAFC" onEntry="this.padding='23px';this.overflow=' hidden'; this.justify-items='center';  this.grid-template-columns=' repeat(2, 1fr)'; this.gap=' 10px'; this.overflow-y=' auto';" margin="landscape.-15px 0px 0px 0px,portrait.0px" />
</lido-cell>
			</lido-cell>
			<lido-cell layout="landscape.row,portrait.wrap" z="0" visible="true" type="optionArea" height="landscape.32%,portrait.38%" width="landscape.99%,portrait.98%" bg-Color="#FEEDE6" margin="landscape.-33px 0px 32px 0px, portrait.23px 0px 18px 0px" onEntry=" this.border='1px solid #FAB89C';this.overflow=' hidden'; this.gap='25px'; this.align-items='center'; this.justify-content='center';this.border-radius='6px';">
				 <lido-cell layout="col" onTouch="" z="1" audio="game-assets/audio/file-f74xuku6.wav" x="29px" y="-221px" visible="true" type="option" tab-index="5" id="i1" value="opt_1" height="240px" width="166px" bg-Color="white" onEntry="this.padding='0px';this.flex-shrink='0';this.box-sizing='unset';this.align-items='center';this.justify-content='center';this.border-radius='6px';this. box-shadow=' 0px 8px 0px -2px rgba(0, 0, 0, 0.1)'"> <lido-text visible="true" onTouch="" height="31px" width="145px" string="Using for learning" font-family="'Baloo Bhai 2'" font-size="32px" margin="17px 0px 0px 0px" onEntry="this.pointer-events=' none';this.border-radius='0px'; this.line-height='30px'; this.fontWeight='500';" bg-Color="white" /></lido-cell>
				 <lido-cell layout="col" onTouch="" z="1" audio="game-assets/audio/file-qwrup9be.wav" x="29px" y="-221px" visible="true" type="option" tab-index="6" id="i2" value="opt_2" height="240px" width="166px" bg-Color="white" onEntry="this.padding='0px';this.flex-shrink='0';this.box-sizing='unset';this.align-items='center';this.justify-content='center';this.border-radius='6px';this. box-shadow=' 0px 8px 0px -2px rgba(0, 0, 0, 0.1)'"> <lido-text visible="true" onTouch="" height="31px" width="145px" string="Playing all night" font-family="'Baloo Bhai 2'" font-size="32px" margin="17px 0px 0px 0px" onEntry="this.pointer-events=' none';this.border-radius='0px'; this.line-height='30px'; this.fontWeight='500';" bg-Color="white" /></lido-cell>
				 <lido-cell layout="col" onTouch="" z="1" audio="game-assets/audio/file-m2bqtpeq.wav" x="29px" y="-221px" visible="true" type="option" tab-index="7" id="i3" value="opt_3" height="240px" width="166px" bg-Color="white" onEntry="this.padding='0px';this.flex-shrink='0';this.box-sizing='unset';this.align-items='center';this.justify-content='center';this.border-radius='6px';this. box-shadow=' 0px 8px 0px -2px rgba(0, 0, 0, 0.1)'"> <lido-text visible="true" onTouch="" height="31px" width="145px" string="Ignoring rules" font-family="'Baloo Bhai 2'" font-size="32px" margin="17px 0px 0px 0px" onEntry="this.pointer-events=' none';this.border-radius='0px'; this.line-height='30px'; this.fontWeight='500';" bg-Color="white" /></lido-cell>
				 <lido-cell layout="col" onTouch="" z="1" audio="game-assets/audio/file-56e3yf0g.wav" x="29px" y="-221px" visible="true" type="option" tab-index="8" id="i4" value="opt_0" height="240px" width="166px" bg-Color="white" onEntry="this.padding='0px';this.flex-shrink='0';this.box-sizing='unset';this.align-items='center';this.justify-content='center';this.border-radius='6px';this. box-shadow=' 0px 8px 0px -2px rgba(0, 0, 0, 0.1)'"> <lido-text visible="true" onTouch="" height="31px" width="145px" string="Taking breaks" font-family="'Baloo Bhai 2'" font-size="32px" margin="17px 0px 0px 0px" onEntry="this.pointer-events=' none';this.border-radius='0px'; this.line-height='30px'; this.fontWeight='500';" bg-Color="white" /></lido-cell>
			</lido-cell>
		</lido-cell>
</lido-container>
    <lido-container visible="true" objective="option_1,option_2,option_3,option_4" is-continue-on-correct="true" bg-image="template-assets/bg-images/file-s9yusjfk.png" onCorrect="lido-avatar.avatarAnimate='Success'; this.sleep='2000';" onEntry="this.sleep='1000'; this.slideAnimation='true';" exit-button-url="template-assets/buttons/file-bx1vsi8d.svg" prev-button-url="template-assets/buttons/file-6slpf2lq.svg" next-button-url="template-assets/buttons/file-3g0xv5t1.svg" speaker-button-url="template-assets/buttons/file-nuix1mxi.svg">
        <lido-cell layout="pos" id="pos1" disable-edit="true" value="pos1" height="250px" width="250px" x="landscape.0, portrait.670px" y="landscape.51px, portrait.1315px" aria-hidden="true" z="2" bg-color="transparent" visible="true">
            <lido-avatar id="lido-avatar" disable-edit="true" visible="true" height="100%" width="100%" src="template-assets/images/file-bzj1n5sc.riv" alt-text="" />
        </lido-cell>
        <lido-cell visible="true" layout="col" width="100%" height="100%" bg-color="transparent">
            <lido-text visible="true" width="70%" height="landscape.10%, portrait.5%" bg-color="transparent" />
            <lido-text tab-index="1" audio="game-assets/audio/file-3k920nlc.wav" visible="true" width="landscape.70%, portrait.62%" height="10%" string="Put these in order: How to take a healthy screen break." font-size="42px" onEntry=" this.padding='0px 45px';this.fontWeight='600'; " bg-color="transparent" />
            <lido-cell visible="true" layout="landscape.col, portrait.row" flex-direction="landscape., portrait.row-reverse" align-items="landscape.center, portrait.start" width="100%" height="80%" bg-color="transparent">
                
                <lido-cell visible="true" layout="landscape.row, portrait.col" width="landscape.95%, portrait.26%" height="landscape.65%, portrait.90%" bg-color="#FBCAB5" border-radius="landscape.16px 16px 0 0, portrait.0 16px 16px 0" onEntry="this.flex-shrink='0';this.padding='60px 40px';this.gap='37px'; this.boxSizing='content-box';">
                    <lido-cell tab-index="2" audio="game-assets/audio/file-fkqultlz.wav" visible="true" layout="col" bg-color="white" width="landscape.302px, portrait.154px" height="landscape.100%, portrait.17%" value="option_4" type="slide" onTouch="" border-radius="6px" onEntry="this.flex-shrink='0'; this.border='2px solid #CACACA'; this.paddingTop='50px'; this.boxSizing='content-box';">
    <lido-cell visible="true" layout="pos" width="48px" height="48px" z="1">
        <lido-image visible="true" src="template-assets/images/file-3whwvam6.png" />
    </lido-cell>
    
    <lido-text visible="true" string="Go outside" font-size="42px" onEntry="this.fontWeight='800'; this.textAlign='left'; this.lineHeight='38px';" />
</lido-cell><lido-cell tab-index="3" audio="game-assets/audio/file-uitnobuj.wav" visible="true" layout="col" bg-color="white" width="landscape.302px, portrait.154px" height="landscape.100%, portrait.17%" value="option_2" type="slide" onTouch="" border-radius="6px" onEntry="this.flex-shrink='0'; this.border='2px solid #CACACA'; this.paddingTop='50px'; this.boxSizing='content-box';">
    <lido-cell visible="true" layout="pos" width="48px" height="48px" z="1">
        <lido-image visible="true" src="template-assets/images/file-3whwvam6.png" />
    </lido-cell>
    
    <lido-text visible="true" string="Stretch and move" font-size="42px" onEntry="this.fontWeight='800'; this.textAlign='left'; this.lineHeight='38px';" />
</lido-cell><lido-cell tab-index="4" audio="game-assets/audio/file-tou490kg.wav" visible="true" layout="col" bg-color="white" width="landscape.302px, portrait.154px" height="landscape.100%, portrait.17%" value="option_1" type="slide" onTouch="" border-radius="6px" onEntry="this.flex-shrink='0'; this.border='2px solid #CACACA'; this.paddingTop='50px'; this.boxSizing='content-box';">
    <lido-cell visible="true" layout="pos" width="48px" height="48px" z="1">
        <lido-image visible="true" src="template-assets/images/file-3whwvam6.png" />
    </lido-cell>
    
    <lido-text visible="true" string="Stop using device" font-size="42px" onEntry="this.fontWeight='800'; this.textAlign='left'; this.lineHeight='38px';" />
</lido-cell><lido-cell tab-index="5" audio="game-assets/audio/file-gzwfnuv4.wav" visible="true" layout="col" bg-color="white" width="landscape.302px, portrait.154px" height="landscape.100%, portrait.17%" value="option_3" type="slide" onTouch="" border-radius="6px" onEntry="this.flex-shrink='0'; this.border='2px solid #CACACA'; this.paddingTop='50px'; this.boxSizing='content-box';">
    <lido-cell visible="true" layout="pos" width="48px" height="48px" z="1">
        <lido-image visible="true" src="template-assets/images/file-3whwvam6.png" />
    </lido-cell>
    
    <lido-text visible="true" string="Rest eyes" font-size="42px" onEntry="this.fontWeight='800'; this.textAlign='left'; this.lineHeight='38px';" />
</lido-cell>
                </lido-cell>
            </lido-cell>
        </lido-cell>
    </lido-container>
    
    <lido-container visible="true" objective="option_1,option_2,option_3,option_4" is-continue-on-correct="true" bg-image="template-assets/bg-images/file-s9yusjfk.png" onCorrect="lido-avatar.avatarAnimate='Success'; this.sleep='2000';" onEntry="this.sleep='1000'; this.slideAnimation='true';" exit-button-url="template-assets/buttons/file-bx1vsi8d.svg" prev-button-url="template-assets/buttons/file-6slpf2lq.svg" next-button-url="template-assets/buttons/file-3g0xv5t1.svg" speaker-button-url="template-assets/buttons/file-nuix1mxi.svg">
        <lido-cell layout="pos" id="pos1" disable-edit="true" value="pos1" height="250px" width="250px" x="landscape.0, portrait.670px" y="landscape.51px, portrait.1315px" aria-hidden="true" z="2" bg-color="transparent" visible="true">
            <lido-avatar id="lido-avatar" disable-edit="true" visible="true" height="100%" width="100%" src="template-assets/images/file-bzj1n5sc.riv" alt-text="" />
        </lido-cell>
        <lido-cell visible="true" layout="col" width="100%" height="100%" bg-color="transparent">
            <lido-text visible="true" width="70%" height="landscape.10%, portrait.5%" bg-color="transparent" />
            <lido-text tab-index="1" audio="game-assets/audio/file-vtqj3ykg.wav" visible="true" width="landscape.70%, portrait.62%" height="10%" string="Steps to stay safe online." font-size="42px" onEntry=" this.padding='0px 45px';this.fontWeight='600'; " bg-color="transparent" />
            <lido-cell visible="true" layout="landscape.col, portrait.row" flex-direction="landscape., portrait.row-reverse" align-items="landscape.center, portrait.start" width="100%" height="80%" bg-color="transparent">
                
                <lido-cell visible="true" layout="landscape.row, portrait.col" width="landscape.95%, portrait.26%" height="landscape.65%, portrait.90%" bg-color="#FBCAB5" border-radius="landscape.16px 16px 0 0, portrait.0 16px 16px 0" onEntry="this.flex-shrink='0';this.padding='60px 40px';this.gap='37px'; this.boxSizing='content-box';">
                    <lido-cell tab-index="2" audio="game-assets/audio/file-3w9h6dgs.wav" visible="true" layout="col" bg-color="white" width="landscape.302px, portrait.154px" height="landscape.100%, portrait.17%" value="option_4" type="slide" onTouch="" border-radius="6px" onEntry="this.flex-shrink='0'; this.border='2px solid #CACACA'; this.paddingTop='50px'; this.boxSizing='content-box';">
    <lido-cell visible="true" layout="pos" width="48px" height="48px" z="1">
        <lido-image visible="true" src="template-assets/images/file-3whwvam6.png" />
    </lido-cell>
    
    <lido-text visible="true" string="Use kind words" font-size="42px" onEntry="this.fontWeight='800'; this.textAlign='left'; this.lineHeight='38px';" />
</lido-cell><lido-cell tab-index="3" audio="game-assets/audio/file-gf8kfvbs.wav" visible="true" layout="col" bg-color="white" width="landscape.302px, portrait.154px" height="landscape.100%, portrait.17%" value="option_2" type="slide" onTouch="" border-radius="6px" onEntry="this.flex-shrink='0'; this.border='2px solid #CACACA'; this.paddingTop='50px'; this.boxSizing='content-box';">
    <lido-cell visible="true" layout="pos" width="48px" height="48px" z="1">
        <lido-image visible="true" src="template-assets/images/file-3whwvam6.png" />
    </lido-cell>
    
    <lido-text visible="true" string="Ask an adult" font-size="42px" onEntry="this.fontWeight='800'; this.textAlign='left'; this.lineHeight='38px';" />
</lido-cell><lido-cell tab-index="4" audio="game-assets/audio/file-yan21gps.wav" visible="true" layout="col" bg-color="white" width="landscape.302px, portrait.154px" height="landscape.100%, portrait.17%" value="option_1" type="slide" onTouch="" border-radius="6px" onEntry="this.flex-shrink='0'; this.border='2px solid #CACACA'; this.paddingTop='50px'; this.boxSizing='content-box';">
    <lido-cell visible="true" layout="pos" width="48px" height="48px" z="1">
        <lido-image visible="true" src="template-assets/images/file-3whwvam6.png" />
    </lido-cell>
    
    <lido-text visible="true" string="Think before clicking" font-size="42px" onEntry="this.fontWeight='800'; this.textAlign='left'; this.lineHeight='38px';" />
</lido-cell><lido-cell tab-index="5" audio="game-assets/audio/file-0j5rb8wl.wav" visible="true" layout="col" bg-color="white" width="landscape.302px, portrait.154px" height="landscape.100%, portrait.17%" value="option_3" type="slide" onTouch="" border-radius="6px" onEntry="this.flex-shrink='0'; this.border='2px solid #CACACA'; this.paddingTop='50px'; this.boxSizing='content-box';">
    <lido-cell visible="true" layout="pos" width="48px" height="48px" z="1">
        <lido-image visible="true" src="template-assets/images/file-3whwvam6.png" />
    </lido-cell>
    
    <lido-text visible="true" string="Keep info private" font-size="42px" onEntry="this.fontWeight='800'; this.textAlign='left'; this.lineHeight='38px';" />
</lido-cell>
                </lido-cell>
            </lido-cell>
        </lido-cell>
    </lido-container>
    <lido-container id="lido-container" exit-button-url="template-assets/buttons/file-bx1vsi8d.svg" prev-button-url="template-assets/buttons/file-6slpf2lq.svg" next-button-url="template-assets/buttons/file-3g0xv5t1.svg" speaker-button-url="template-assets/buttons/file-nuix1mxi.svg" show-next-button="true" show-drop-border="false" tabIndex="0" value="mainContainer1" bg-Color="#FFF" height="100%" width="100%" visible="true" objective="(opt_0|opt_1),(opt_2|opt_3)" show-Check="false" is-Continue-On-Correct="true" after-Drop="false" onCorrect="lido-avatar.avatarAnimate='Success'; this.sleep='2000';" onInCorrect="lido-avatar.avatarAnimate='Fail'; this.sleep='2000';" is-allow-only-correct="false"> 
		<lido-cell layout="col" visible="true" height="100%" width="98%" bgColor="transparent" margin="landscape.83px 0px 0px 0px, portrait.36px 0px -49px 0px">
			<lido-cell layout="pos" id="pos1" disableEdit="true" value="pos2" height="landscape.205px,portrait.195px" width="landscape.209px,portrait.209px" x="landscape.12px,portrait.-17px" y="landscape.68px,portrait.146px" ariaHidden="true" bgColor="transparent" visible="true" onEntry="">
				<lido-avatar id="lido-avatar" disableEdit="true" visible="true" height="100%" width="100%" src="template-assets/images/file-bzj1n5sc.riv" altText="{chimpleCharacterRive}">
				</lido-avatar>
			</lido-cell>
            
			<lido-text id="heading" tabIndex="2" width="1400px" audio="game-assets/audio/file-pa0ydlu2.wav" visible="true" string="Sort into Digital Tools vs. Non-Digital Tools." font-family="'Baloo Bhai 2'" fontColor="#323232" font-size="landscape.44px,portrait.32px" bg-Color="transparent" onEntry="this.padding='0px 47px'; this.line-height='45px'; this.fontWeight='400';" margin="landscape.26px 0px -25px 0px, portrait.80px 0px -62px">
            </lido-text>


			<lido-cell layout="row" visible="true" onEntry="head1.speak='true'; head2.speak='true'" height="landscape.38%,portrait.41%" width="100%" bg-Color="transparent" margin="landscape.7px 0px 0px 0px,portrait.55px 0px -73px 0px">
				<lido-cell id="cate1" z="100" visible="true" audio="game-assets/audio/file-pum6w199.wav" width="landscape.48%,portrait.30%" height="100%" bg-Color="#E3F5FC" onEntry="this.border-radius='6px';this.border=' 2px dashed #326B80';this.display='flex';this.flex-direction='column';this.align-items='center';" onTouch="this.addClass='highlight-element'; cate2.removeClass='highlight-element';">
    <lido-text visible="true" id="head1" audio="game-assets/audio/file-pum6w199.wav" font-family="'Baloo Bhai 2'" font-size="landscape.32px,portrait.32px" string="Digital Tools" bg-Color="transparent" onEntry="this.padding='10px 47px'; this.line-height='26px'; this.fontWeight='600';" z="1" />
    <lido-cell layout="landscape.wrap,portrait.col" id="category1" scrollbar-width="14px" visible="true" value="opt_0,opt_1" tab-index="3" type="category" height="1000px" width="100%" bg-color="#E3F5FC" onEntry="this.padding='23px';this.overflow=' hidden'; this.justify-items='center';  this.grid-template-columns=' repeat(2, 1fr)'; this.gap=' 10px'; this.overflow-y=' auto';" margin="landscape.-15px 0px 0px 0px,portrait.0px" />
</lido-cell>
				<lido-cell id="cate2" z="100" visible="true" audio="game-assets/audio/file-zkgzgb8i.wav" width="landscape.48%,portrait.30%" height="100%" bg-Color="#F2EAFC" onEntry="this.border-radius='6px';this.border=' 2px dashed #67428F';this.display='flex';this.flex-direction='column';this.align-items='center';" onTouch="this.addClass='highlight-element'; cate1.removeClass='highlight-element';">
    <lido-text visible="true" id="head2" audio="game-assets/audio/file-zkgzgb8i.wav" font-family="'Baloo Bhai 2'" font-size="landscape.32px,portrait.32px" string="Non-Digital Tools" bg-Color="transparent" onEntry="this.padding='10px 47px'; this.line-height='26px'; this.fontWeight='600';" z="1" />
    <lido-cell layout="landscape.wrap,portrait.col" id="category2" scrollbar-width="14px" visible="true" value="opt_2,opt_3" tab-index="4" type="category" height="1000px" width="100%" bg-color="#F2EAFC" onEntry="this.padding='23px';this.overflow=' hidden'; this.justify-items='center';  this.grid-template-columns=' repeat(2, 1fr)'; this.gap=' 10px'; this.overflow-y=' auto';" margin="landscape.-15px 0px 0px 0px,portrait.0px" />
</lido-cell>
			</lido-cell>
			<lido-cell layout="landscape.row,portrait.wrap" z="0" visible="true" type="optionArea" height="landscape.32%,portrait.38%" width="landscape.99%,portrait.98%" bg-Color="#FEEDE6" margin="landscape.-33px 0px 32px 0px, portrait.23px 0px 18px 0px" onEntry=" this.border='1px solid #FAB89C';this.overflow=' hidden'; this.gap='25px'; this.align-items='center'; this.justify-content='center';this.border-radius='6px';">
				 <lido-cell layout="col" onTouch="" z="1" audio="game-assets/audio/file-oxzfqy4a.wav" x="29px" y="-221px" visible="true" type="option" tab-index="5" id="i1" value="opt_3" height="240px" width="166px" bg-Color="white" onEntry="this.padding='0px';this.flex-shrink='0';this.box-sizing='unset';this.align-items='center';this.justify-content='center';this.border-radius='6px';this. box-shadow=' 0px 8px 0px -2px rgba(0, 0, 0, 0.1)'"> <lido-text visible="true" onTouch="" height="31px" width="145px" string="Pen" font-family="'Baloo Bhai 2'" font-size="32px" margin="17px 0px 0px 0px" onEntry="this.pointer-events=' none';this.border-radius='0px'; this.line-height='30px'; this.fontWeight='500';" bg-Color="white" /></lido-cell>
				 <lido-cell layout="col" onTouch="" z="1" audio="game-assets/audio/file-2ps0a92d.wav" x="29px" y="-221px" visible="true" type="option" tab-index="6" id="i2" value="opt_1" height="240px" width="166px" bg-Color="white" onEntry="this.padding='0px';this.flex-shrink='0';this.box-sizing='unset';this.align-items='center';this.justify-content='center';this.border-radius='6px';this. box-shadow=' 0px 8px 0px -2px rgba(0, 0, 0, 0.1)'"> <lido-text visible="true" onTouch="" height="31px" width="145px" string="Tablet" font-family="'Baloo Bhai 2'" font-size="32px" margin="17px 0px 0px 0px" onEntry="this.pointer-events=' none';this.border-radius='0px'; this.line-height='30px'; this.fontWeight='500';" bg-Color="white" /></lido-cell>
				 <lido-cell layout="col" onTouch="" z="1" audio="game-assets/audio/file-cjbzo3m5.wav" x="29px" y="-221px" visible="true" type="option" tab-index="7" id="i3" value="opt_0" height="240px" width="166px" bg-Color="white" onEntry="this.padding='0px';this.flex-shrink='0';this.box-sizing='unset';this.align-items='center';this.justify-content='center';this.border-radius='6px';this. box-shadow=' 0px 8px 0px -2px rgba(0, 0, 0, 0.1)'"> <lido-text visible="true" onTouch="" height="31px" width="145px" string="Computer" font-family="'Baloo Bhai 2'" font-size="32px" margin="17px 0px 0px 0px" onEntry="this.pointer-events=' none';this.border-radius='0px'; this.line-height='30px'; this.fontWeight='500';" bg-Color="white" /></lido-cell>
				 <lido-cell layout="col" onTouch="" z="1" audio="game-assets/audio/file-4b5uivg4.wav" x="29px" y="-221px" visible="true" type="option" tab-index="8" id="i4" value="opt_2" height="240px" width="166px" bg-Color="white" onEntry="this.padding='0px';this.flex-shrink='0';this.box-sizing='unset';this.align-items='center';this.justify-content='center';this.border-radius='6px';this. box-shadow=' 0px 8px 0px -2px rgba(0, 0, 0, 0.1)'"> <lido-text visible="true" onTouch="" height="31px" width="145px" string="Book" font-family="'Baloo Bhai 2'" font-size="32px" margin="17px 0px 0px 0px" onEntry="this.pointer-events=' none';this.border-radius='0px'; this.line-height='30px'; this.fontWeight='500';" bg-Color="white" /></lido-cell>
			</lido-cell>
		</lido-cell>
</lido-container>
    <lido-container visible="true" objective="option_1,option_2,option_3,option_4" is-continue-on-correct="true" bg-image="template-assets/bg-images/file-s9yusjfk.png" onCorrect="lido-avatar.avatarAnimate='Success'; this.sleep='2000';" onEntry="this.sleep='1000'; this.slideAnimation='true';" exit-button-url="template-assets/buttons/file-bx1vsi8d.svg" prev-button-url="template-assets/buttons/file-6slpf2lq.svg" next-button-url="template-assets/buttons/file-3g0xv5t1.svg" speaker-button-url="template-assets/buttons/file-nuix1mxi.svg">
        <lido-cell layout="pos" id="pos1" disable-edit="true" value="pos1" height="250px" width="250px" x="landscape.0, portrait.670px" y="landscape.51px, portrait.1315px" aria-hidden="true" z="2" bg-color="transparent" visible="true">
            <lido-avatar id="lido-avatar" disable-edit="true" visible="true" height="100%" width="100%" src="template-assets/images/file-bzj1n5sc.riv" alt-text="" />
        </lido-cell>
        <lido-cell visible="true" layout="col" width="100%" height="100%" bg-color="transparent">
            <lido-text visible="true" width="70%" height="landscape.10%, portrait.5%" bg-color="transparent" />
            <lido-text tab-index="1" audio="game-assets/audio/file-0qe0zvk2.wav" visible="true" width="landscape.70%, portrait.62%" height="10%" string="Arrange steps: What to do when you see something upsetting online." font-size="42px" onEntry=" this.padding='0px 45px';this.fontWeight='600'; " bg-color="transparent" />
            <lido-cell visible="true" layout="landscape.col, portrait.row" flex-direction="landscape., portrait.row-reverse" align-items="landscape.center, portrait.start" width="100%" height="80%" bg-color="transparent">
                
                <lido-cell visible="true" layout="landscape.row, portrait.col" width="landscape.95%, portrait.26%" height="landscape.65%, portrait.90%" bg-color="#FBCAB5" border-radius="landscape.16px 16px 0 0, portrait.0 16px 16px 0" onEntry="this.flex-shrink='0';this.padding='60px 40px';this.gap='37px'; this.boxSizing='content-box';">
                    <lido-cell tab-index="2" audio="game-assets/audio/file-j7b1u1fw.wav" visible="true" layout="col" bg-color="white" width="landscape.302px, portrait.154px" height="landscape.100%, portrait.17%" value="option_1" type="slide" onTouch="" border-radius="6px" onEntry="this.flex-shrink='0'; this.border='2px solid #CACACA'; this.paddingTop='50px'; this.boxSizing='content-box';">
    <lido-cell visible="true" layout="pos" width="48px" height="48px" z="1">
        <lido-image visible="true" src="template-assets/images/file-3whwvam6.png" />
    </lido-cell>
    
    <lido-text visible="true" string="Stop using it" font-size="42px" onEntry="this.fontWeight='800'; this.textAlign='left'; this.lineHeight='38px';" />
</lido-cell><lido-cell tab-index="3" audio="game-assets/audio/file-ag0um6gu.wav" visible="true" layout="col" bg-color="white" width="landscape.302px, portrait.154px" height="landscape.100%, portrait.17%" value="option_2" type="slide" onTouch="" border-radius="6px" onEntry="this.flex-shrink='0'; this.border='2px solid #CACACA'; this.paddingTop='50px'; this.boxSizing='content-box';">
    <lido-cell visible="true" layout="pos" width="48px" height="48px" z="1">
        <lido-image visible="true" src="template-assets/images/file-3whwvam6.png" />
    </lido-cell>
    
    <lido-text visible="true" string="Tell an adult" font-size="42px" onEntry="this.fontWeight='800'; this.textAlign='left'; this.lineHeight='38px';" />
</lido-cell><lido-cell tab-index="4" audio="game-assets/audio/file-y241mbtu.wav" visible="true" layout="col" bg-color="white" width="landscape.302px, portrait.154px" height="landscape.100%, portrait.17%" value="option_3" type="slide" onTouch="" border-radius="6px" onEntry="this.flex-shrink='0'; this.border='2px solid #CACACA'; this.paddingTop='50px'; this.boxSizing='content-box';">
    <lido-cell visible="true" layout="pos" width="48px" height="48px" z="1">
        <lido-image visible="true" src="template-assets/images/file-3whwvam6.png" />
    </lido-cell>
    
    <lido-text visible="true" string="Stay calm" font-size="42px" onEntry="this.fontWeight='800'; this.textAlign='left'; this.lineHeight='38px';" />
</lido-cell><lido-cell tab-index="5" audio="game-assets/audio/file-55kgvlyv.wav" visible="true" layout="col" bg-color="white" width="landscape.302px, portrait.154px" height="landscape.100%, portrait.17%" value="option_4" type="slide" onTouch="" border-radius="6px" onEntry="this.flex-shrink='0'; this.border='2px solid #CACACA'; this.paddingTop='50px'; this.boxSizing='content-box';">
    <lido-cell visible="true" layout="pos" width="48px" height="48px" z="1">
        <lido-image visible="true" src="template-assets/images/file-3whwvam6.png" />
    </lido-cell>
    
    <lido-text visible="true" string="Don’t share it" font-size="42px" onEntry="this.fontWeight='800'; this.textAlign='left'; this.lineHeight='38px';" />
</lido-cell>
                </lido-cell>
            </lido-cell>
        </lido-cell>
    </lido-container>
    
	<lido-container id="lido-container" exit-button-url="template-assets/buttons/file-bx1vsi8d.svg" prev-button-url="template-assets/buttons/file-6slpf2lq.svg" next-button-url="template-assets/buttons/file-3g0xv5t1.svg" speaker-button-url="template-assets/buttons/file-nuix1mxi.svg" is-allow-only-correct="true" value="maincontainer" objective="I,stay,safe,when,I,use,the,internet." x="0" y="0" z="0" bg-color="transparent" bg-image="template-assets/bg-images/file-k3l4yd2k.png" visible="true" onCorrect="lido-avatar.avatarAnimate='Success';qustionAudio.speak='true'; pos2.animation='placeToLeft 2.5s linear'; this.sleep='2000';" onEntry="" onInCorrect="lido-avatar.avatarAnimate='Fail'; this.sleep='2000';" show-check="false" is-continue-on-correct="false" appendToDropOnCompletion="true">
		<lido-cell visible="false" id="speak-con">
			<lido-text id="sentenceText" audio="" string="I stay safe when I use the internet." />
		</lido-cell>
		<lido-cell id="row1" layout="col" height="100%" width="100%" visible="true" bg-Color="transparent">
            
			<lido-text tab-index="1" id="qustionAudio" margin="60px 0px -139px 0px" visible="true" bg-color="transparent" y="landscape.30px, portrait.79px" onEntry="this.padding='0px 45px'; this.fontWeight='600'; this.speak='true'" audio="game-assets/audio/file-c0yck1c9.wav" width="auto" height="5%" string="Make a sentence with these words." font-family="'Baloo 2', serif" font-size="36px" z="2" />
			<lido-cell id="col" layout="col" disable-edit="true" value="pos" aria-hidden="true" x="0" y="0" z="0" bg-color="transparent" type="" visible="true" onTouch="" onCorrect="" width="100%" height="100%" onEntry="">
				<lido-cell id="pos2" layout="pos" disable-edit="true" value="pos" aria-hidden="true" x="0" y="landscape.29px,portrait.0px" z="0" bg-color="transparent" type="" visible="true" onTouch="" width="100%" height="100%" onEntry="this.animation='rightToPlace 2.5s linear'; this.sleep='2000';">
					<lido-image width="landscape.122%, portrait.145%" height="landscape.173%, portrait.70%" y="landscape.-32%, portrait.26%" x="landscape.-22%, portrait.-39%" id="image1" disable-edit="true" visible="true" src="template-assets/images/file-ttsg0ifl.png" onEntry="" />
					<lido-image width="landscape.16%, portrait.32%" y="landscape.17%, portrait.26%" x="landscape.40%, portrait.35%" z="2" id="image2" margin="-48px 0px 0px 0px" disable-edit="true" visible="true" src="game-assets/images/file-z7nu8cgl.jpg" onEntry="" />
					<lido-cell layout="wrap" height="29%" visible="true" width="landscape.80%, portrait.88%" margin="-76px 0px 0px 0px" y="landscape.50%, portrait.48%" x="landscape.11%,portrait.7%" z="2" onEntry="this.gridTemplateColumns = 'repeat(4, 1fr)'; this.position='relative';this.gap='7px';" bg-color="transparent">
                        <lido-text id="drop_zone_1" drop-attr="stretch" value="I" tab-index="2" is-allow-only-one-drop="true" visible="true" onEntry="this.background='transparent'; this.borderRadius='15px';" width="300px" height="80px" type="drop" />
						<lido-text id="drop_zone_2" drop-attr="stretch" value="stay" tab-index="3" is-allow-only-one-drop="true" visible="true" onEntry="this.background='transparent'; this.borderRadius='15px';" width="300px" height="80px" type="drop" />
						<lido-text id="drop_zone_3" drop-attr="stretch" value="safe" tab-index="4" is-allow-only-one-drop="true" visible="true" onEntry="this.background='transparent'; this.borderRadius='15px';" width="300px" height="80px" type="drop" />
						<lido-text id="drop_zone_4" drop-attr="stretch" value="when" tab-index="5" is-allow-only-one-drop="true" visible="true" onEntry="this.background='transparent'; this.borderRadius='15px';" width="300px" height="80px" type="drop" />
						<lido-text id="drop_zone_5" drop-attr="stretch" value="I" tab-index="6" is-allow-only-one-drop="true" visible="true" onEntry="this.background='transparent'; this.borderRadius='15px';" width="300px" height="80px" type="drop" />
						<lido-text id="drop_zone_6" drop-attr="stretch" value="use" tab-index="7" is-allow-only-one-drop="true" visible="true" onEntry="this.background='transparent'; this.borderRadius='15px';" width="300px" height="80px" type="drop" />
						<lido-text id="drop_zone_7" drop-attr="stretch" value="the" tab-index="8" is-allow-only-one-drop="true" visible="true" onEntry="this.background='transparent'; this.borderRadius='15px';" width="300px" height="80px" type="drop" />
						<lido-text id="drop_zone_8" drop-attr="stretch" value="internet." tab-index="9" is-allow-only-one-drop="true" visible="true" onEntry="this.background='transparent'; this.borderRadius='15px';" width="300px" height="80px" type="drop" />
                    </lido-cell>
				</lido-cell>
				<lido-cell layout="wrap" height="230px" delay-visible="2650" visible="true" margin="-78px 0px 0px -113px" width="landscape.80%, portrait.88%" y="landscape.65%, portrait.62%" x="landscape.4%,portrait.0px" z="2" onEntry="this.gridTemplateColumns = 'repeat(4, 1fr)';this.position='relative';this.gap='26px';">
                    <lido-text id="option_item_1" audio="game-assets/audio/file-9bkilc5z.wav" value="use" tab-index="10" visible="true" bg-color="#FCF3B1" onEntry="this.padding='0px 40px';this.borderRadius='25px'; this.boxShadow='unset'; this.fontWeight='800';" width="auto" height="84px" string="use" font-family="'Baloo 2', serif" font-size="24px" z="2" type="drag" />
					<lido-text id="option_item_2" audio="game-assets/audio/file-kffy4z05.wav" value="when" tab-index="11" visible="true" bg-color="#FCF3B1" onEntry="this.padding='0px 40px';this.borderRadius='25px'; this.boxShadow='unset'; this.fontWeight='800';" width="auto" height="84px" string="when" font-family="'Baloo 2', serif" font-size="24px" z="2" type="drag" />
					<lido-text id="option_item_3" audio="game-assets/audio/file-b658s6ub.wav" value="internet." tab-index="12" visible="true" bg-color="#FCF3B1" onEntry="this.padding='0px 40px';this.borderRadius='25px'; this.boxShadow='unset'; this.fontWeight='800';" width="auto" height="84px" string="internet." font-family="'Baloo 2', serif" font-size="24px" z="2" type="drag" />
					<lido-text id="option_item_4" audio="game-assets/audio/file-iv6zc63z.wav" value="stay" tab-index="13" visible="true" bg-color="#FCF3B1" onEntry="this.padding='0px 40px';this.borderRadius='25px'; this.boxShadow='unset'; this.fontWeight='800';" width="auto" height="84px" string="stay" font-family="'Baloo 2', serif" font-size="24px" z="2" type="drag" />
					<lido-text id="option_item_5" audio="game-assets/audio/file-ve9vunav.wav" value="safe" tab-index="14" visible="true" bg-color="#FCF3B1" onEntry="this.padding='0px 40px';this.borderRadius='25px'; this.boxShadow='unset'; this.fontWeight='800';" width="auto" height="84px" string="safe" font-family="'Baloo 2', serif" font-size="24px" z="2" type="drag" />
					<lido-text id="option_item_6" audio="template-assets/audio/file-ksru1rl2.wav" value="I" tab-index="15" visible="true" bg-color="#FCF3B1" onEntry="this.padding='0px 40px';this.borderRadius='25px'; this.boxShadow='unset'; this.fontWeight='800';" width="auto" height="84px" string="I" font-family="'Baloo 2', serif" font-size="24px" z="2" type="drag" />
					<lido-text id="option_item_7" audio="template-assets/audio/file-ksru1rl2.wav" value="I" tab-index="16" visible="true" bg-color="#FCF3B1" onEntry="this.padding='0px 40px';this.borderRadius='25px'; this.boxShadow='unset'; this.fontWeight='800';" width="auto" height="84px" string="I" font-family="'Baloo 2', serif" font-size="24px" z="2" type="drag" />
					<lido-text id="option_item_8" audio="game-assets/audio/file-9uxw0bn5.wav" value="the" tab-index="17" visible="true" bg-color="#FCF3B1" onEntry="this.padding='0px 40px';this.borderRadius='25px'; this.boxShadow='unset'; this.fontWeight='800';" width="auto" height="84px" string="the" font-family="'Baloo 2', serif" font-size="24px" z="2" type="drag" />
				</lido-cell>
				<lido-cell layout="row" visible="true" width="landscape.70%, portrait.88%" y="landscape.21%, portrait.42%" x="0%" z="2" onEntry="this.position='relative'" />
			</lido-cell>
			<lido-cell layout="pos" id="pos1" disable-edit="true" value="pos2" height="landscape.408px,portrait.327px" width="landscape.311px,portrait.294px" x="landscape.85%, portrait.640px" y="landscape.75%, portrait.172px" aria-hidden="true" bg-color="transparent" visible="true" onEntry="this.animation='rightToPlace 2.5s linear';">
				<lido-avatar id="lido-avatar" disable-edit="true" visible="true" height="100%" width="100%" src="template-assets/images/file-bzj1n5sc.riv" alt-text="" />
			</lido-cell>
		</lido-cell>
	</lido-container>	

	<lido-container id="lido-container" exit-button-url="template-assets/buttons/file-bx1vsi8d.svg" prev-button-url="template-assets/buttons/file-6slpf2lq.svg" next-button-url="template-assets/buttons/file-3g0xv5t1.svg" speaker-button-url="template-assets/buttons/file-nuix1mxi.svg" is-allow-only-correct="true" value="maincontainer" objective="Always,ask,an,adult,before,you,download,anything." x="0" y="0" z="0" bg-color="transparent" bg-image="template-assets/bg-images/file-k3l4yd2k.png" visible="true" onCorrect="lido-avatar.avatarAnimate='Success';qustionAudio.speak='true'; pos2.animation='placeToLeft 2.5s linear'; this.sleep='2000';" onEntry="" onInCorrect="lido-avatar.avatarAnimate='Fail'; this.sleep='2000';" show-check="false" is-continue-on-correct="false" appendToDropOnCompletion="true">
		<lido-cell visible="false" id="speak-con">
			<lido-text id="sentenceText" audio="" string="Always ask an adult before you download anything." />
		</lido-cell>
		<lido-cell id="row1" layout="col" height="100%" width="100%" visible="true" bg-Color="transparent">
            
			<lido-text tab-index="1" id="qustionAudio" margin="60px 0px -139px 0px" visible="true" bg-color="transparent" y="landscape.30px, portrait.79px" onEntry="this.padding='0px 45px'; this.fontWeight='600'; this.speak='true'" audio="game-assets/audio/file-qdov5q2r.wav" width="auto" height="5%" string="Arrange these words to make a sentence." font-family="'Baloo 2', serif" font-size="36px" z="2" />
			<lido-cell id="col" layout="col" disable-edit="true" value="pos" aria-hidden="true" x="0" y="0" z="0" bg-color="transparent" type="" visible="true" onTouch="" onCorrect="" width="100%" height="100%" onEntry="">
				<lido-cell id="pos2" layout="pos" disable-edit="true" value="pos" aria-hidden="true" x="0" y="landscape.29px,portrait.0px" z="0" bg-color="transparent" type="" visible="true" onTouch="" width="100%" height="100%" onEntry="this.animation='rightToPlace 2.5s linear'; this.sleep='2000';">
					<lido-image width="landscape.122%, portrait.145%" height="landscape.173%, portrait.70%" y="landscape.-32%, portrait.26%" x="landscape.-22%, portrait.-39%" id="image1" disable-edit="true" visible="true" src="template-assets/images/file-ttsg0ifl.png" onEntry="" />
					<lido-image width="landscape.16%, portrait.32%" y="landscape.17%, portrait.26%" x="landscape.40%, portrait.35%" z="2" id="image2" margin="-48px 0px 0px 0px" disable-edit="true" visible="true" src="game-assets/images/file-z7nu8cgl.jpg" onEntry="" />
					<lido-cell layout="wrap" height="29%" visible="true" width="landscape.80%, portrait.88%" margin="-76px 0px 0px 0px" y="landscape.50%, portrait.48%" x="landscape.11%,portrait.7%" z="2" onEntry="this.gridTemplateColumns = 'repeat(4, 1fr)'; this.position='relative';this.gap='7px';" bg-color="transparent">
                        <lido-text id="drop_zone_1" drop-attr="stretch" value="Always" tab-index="2" is-allow-only-one-drop="true" visible="true" onEntry="this.background='transparent'; this.borderRadius='15px';" width="300px" height="80px" type="drop" />
						<lido-text id="drop_zone_2" drop-attr="stretch" value="ask" tab-index="3" is-allow-only-one-drop="true" visible="true" onEntry="this.background='transparent'; this.borderRadius='15px';" width="300px" height="80px" type="drop" />
						<lido-text id="drop_zone_3" drop-attr="stretch" value="an" tab-index="4" is-allow-only-one-drop="true" visible="true" onEntry="this.background='transparent'; this.borderRadius='15px';" width="300px" height="80px" type="drop" />
						<lido-text id="drop_zone_4" drop-attr="stretch" value="adult" tab-index="5" is-allow-only-one-drop="true" visible="true" onEntry="this.background='transparent'; this.borderRadius='15px';" width="300px" height="80px" type="drop" />
						<lido-text id="drop_zone_5" drop-attr="stretch" value="before" tab-index="6" is-allow-only-one-drop="true" visible="true" onEntry="this.background='transparent'; this.borderRadius='15px';" width="300px" height="80px" type="drop" />
						<lido-text id="drop_zone_6" drop-attr="stretch" value="you" tab-index="7" is-allow-only-one-drop="true" visible="true" onEntry="this.background='transparent'; this.borderRadius='15px';" width="300px" height="80px" type="drop" />
						<lido-text id="drop_zone_7" drop-attr="stretch" value="download" tab-index="8" is-allow-only-one-drop="true" visible="true" onEntry="this.background='transparent'; this.borderRadius='15px';" width="300px" height="80px" type="drop" />
						<lido-text id="drop_zone_8" drop-attr="stretch" value="anything." tab-index="9" is-allow-only-one-drop="true" visible="true" onEntry="this.background='transparent'; this.borderRadius='15px';" width="300px" height="80px" type="drop" />
                    </lido-cell>
				</lido-cell>
				<lido-cell layout="wrap" height="230px" delay-visible="2650" visible="true" margin="-78px 0px 0px -113px" width="landscape.80%, portrait.88%" y="landscape.65%, portrait.62%" x="landscape.4%,portrait.0px" z="2" onEntry="this.gridTemplateColumns = 'repeat(4, 1fr)';this.position='relative';this.gap='26px';">
                    <lido-text id="option_item_1" audio="game-assets/audio/file-ivw5uuub.wav" value="before" tab-index="10" visible="true" bg-color="#FCF3B1" onEntry="this.padding='0px 40px';this.borderRadius='25px'; this.boxShadow='unset'; this.fontWeight='800';" width="auto" height="84px" string="before" font-family="'Baloo 2', serif" font-size="24px" z="2" type="drag" />
					<lido-text id="option_item_2" audio="game-assets/audio/file-p5ojup32.wav" value="an" tab-index="11" visible="true" bg-color="#FCF3B1" onEntry="this.padding='0px 40px';this.borderRadius='25px'; this.boxShadow='unset'; this.fontWeight='800';" width="auto" height="84px" string="an" font-family="'Baloo 2', serif" font-size="24px" z="2" type="drag" />
					<lido-text id="option_item_3" audio="game-assets/audio/file-lndccb14.wav" value="adult" tab-index="12" visible="true" bg-color="#FCF3B1" onEntry="this.padding='0px 40px';this.borderRadius='25px'; this.boxShadow='unset'; this.fontWeight='800';" width="auto" height="84px" string="adult" font-family="'Baloo 2', serif" font-size="24px" z="2" type="drag" />
					<lido-text id="option_item_4" audio="game-assets/audio/file-mj7sdlmp.wav" value="anything." tab-index="13" visible="true" bg-color="#FCF3B1" onEntry="this.padding='0px 40px';this.borderRadius='25px'; this.boxShadow='unset'; this.fontWeight='800';" width="auto" height="84px" string="anything." font-family="'Baloo 2', serif" font-size="24px" z="2" type="drag" />
					<lido-text id="option_item_5" audio="game-assets/audio/file-efou2muy.wav" value="ask" tab-index="14" visible="true" bg-color="#FCF3B1" onEntry="this.padding='0px 40px';this.borderRadius='25px'; this.boxShadow='unset'; this.fontWeight='800';" width="auto" height="84px" string="ask" font-family="'Baloo 2', serif" font-size="24px" z="2" type="drag" />
					<lido-text id="option_item_6" audio="game-assets/audio/file-iooyjhes.wav" value="you" tab-index="15" visible="true" bg-color="#FCF3B1" onEntry="this.padding='0px 40px';this.borderRadius='25px'; this.boxShadow='unset'; this.fontWeight='800';" width="auto" height="84px" string="you" font-family="'Baloo 2', serif" font-size="24px" z="2" type="drag" />
					<lido-text id="option_item_7" audio="game-assets/audio/file-sem2qzpq.wav" value="download" tab-index="16" visible="true" bg-color="#FCF3B1" onEntry="this.padding='0px 40px';this.borderRadius='25px'; this.boxShadow='unset'; this.fontWeight='800';" width="auto" height="84px" string="download" font-family="'Baloo 2', serif" font-size="24px" z="2" type="drag" />
					<lido-text id="option_item_8" audio="game-assets/audio/file-7n38l5gx.wav" value="Always" tab-index="17" visible="true" bg-color="#FCF3B1" onEntry="this.padding='0px 40px';this.borderRadius='25px'; this.boxShadow='unset'; this.fontWeight='800';" width="auto" height="84px" string="Always" font-family="'Baloo 2', serif" font-size="24px" z="2" type="drag" />
				</lido-cell>
				<lido-cell layout="row" visible="true" width="landscape.70%, portrait.88%" y="landscape.21%, portrait.42%" x="0%" z="2" onEntry="this.position='relative'" />
			</lido-cell>
			<lido-cell layout="pos" id="pos1" disable-edit="true" value="pos2" height="landscape.408px,portrait.327px" width="landscape.311px,portrait.294px" x="landscape.85%, portrait.640px" y="landscape.75%, portrait.172px" aria-hidden="true" bg-color="transparent" visible="true" onEntry="this.animation='rightToPlace 2.5s linear';">
				<lido-avatar id="lido-avatar" disable-edit="true" visible="true" height="100%" width="100%" src="template-assets/images/file-bzj1n5sc.riv" alt-text="" />
			</lido-cell>
		</lido-cell>
	</lido-container>	

	<lido-container id="lido-container" exit-button-url="template-assets/buttons/file-bx1vsi8d.svg" prev-button-url="template-assets/buttons/file-6slpf2lq.svg" next-button-url="template-assets/buttons/file-3g0xv5t1.svg" speaker-button-url="template-assets/buttons/file-nuix1mxi.svg" is-allow-only-correct="true" value="maincontainer" objective="Be,kind,and,respectful,when,you,talk,online." x="0" y="0" z="0" bg-color="transparent" bg-image="template-assets/bg-images/file-k3l4yd2k.png" visible="true" onCorrect="lido-avatar.avatarAnimate='Success';qustionAudio.speak='true'; pos2.animation='placeToLeft 2.5s linear'; this.sleep='2000';" onEntry="" onInCorrect="lido-avatar.avatarAnimate='Fail'; this.sleep='2000';" show-check="false" is-continue-on-correct="false" appendToDropOnCompletion="true">
		<lido-cell visible="false" id="speak-con">
			<lido-text id="sentenceText" audio="" string="Be kind and respectful when you talk online." />
		</lido-cell>
		<lido-cell id="row1" layout="col" height="100%" width="100%" visible="true" bg-Color="transparent">
            
			<lido-text tab-index="1" id="qustionAudio" margin="60px 0px -139px 0px" visible="true" bg-color="transparent" y="landscape.30px, portrait.79px" onEntry="this.padding='0px 45px'; this.fontWeight='600'; this.speak='true'" audio="game-assets/audio/file-9w71kn9w.wav" width="auto" height="5%" string="Create a sentence using these words." font-family="'Baloo 2', serif" font-size="36px" z="2" />
			<lido-cell id="col" layout="col" disable-edit="true" value="pos" aria-hidden="true" x="0" y="0" z="0" bg-color="transparent" type="" visible="true" onTouch="" onCorrect="" width="100%" height="100%" onEntry="">
				<lido-cell id="pos2" layout="pos" disable-edit="true" value="pos" aria-hidden="true" x="0" y="landscape.29px,portrait.0px" z="0" bg-color="transparent" type="" visible="true" onTouch="" width="100%" height="100%" onEntry="this.animation='rightToPlace 2.5s linear'; this.sleep='2000';">
					<lido-image width="landscape.122%, portrait.145%" height="landscape.173%, portrait.70%" y="landscape.-32%, portrait.26%" x="landscape.-22%, portrait.-39%" id="image1" disable-edit="true" visible="true" src="template-assets/images/file-ttsg0ifl.png" onEntry="" />
					<lido-image width="landscape.16%, portrait.32%" y="landscape.17%, portrait.26%" x="landscape.40%, portrait.35%" z="2" id="image2" margin="-48px 0px 0px 0px" disable-edit="true" visible="true" src="game-assets/images/file-z7nu8cgl.jpg" onEntry="" />
					<lido-cell layout="wrap" height="29%" visible="true" width="landscape.80%, portrait.88%" margin="-76px 0px 0px 0px" y="landscape.50%, portrait.48%" x="landscape.11%,portrait.7%" z="2" onEntry="this.gridTemplateColumns = 'repeat(4, 1fr)'; this.position='relative';this.gap='7px';" bg-color="transparent">
                        <lido-text id="drop_zone_1" drop-attr="stretch" value="Be" tab-index="2" is-allow-only-one-drop="true" visible="true" onEntry="this.background='transparent'; this.borderRadius='15px';" width="300px" height="80px" type="drop" />
						<lido-text id="drop_zone_2" drop-attr="stretch" value="kind" tab-index="3" is-allow-only-one-drop="true" visible="true" onEntry="this.background='transparent'; this.borderRadius='15px';" width="300px" height="80px" type="drop" />
						<lido-text id="drop_zone_3" drop-attr="stretch" value="and" tab-index="4" is-allow-only-one-drop="true" visible="true" onEntry="this.background='transparent'; this.borderRadius='15px';" width="300px" height="80px" type="drop" />
						<lido-text id="drop_zone_4" drop-attr="stretch" value="respectful" tab-index="5" is-allow-only-one-drop="true" visible="true" onEntry="this.background='transparent'; this.borderRadius='15px';" width="300px" height="80px" type="drop" />
						<lido-text id="drop_zone_5" drop-attr="stretch" value="when" tab-index="6" is-allow-only-one-drop="true" visible="true" onEntry="this.background='transparent'; this.borderRadius='15px';" width="300px" height="80px" type="drop" />
						<lido-text id="drop_zone_6" drop-attr="stretch" value="you" tab-index="7" is-allow-only-one-drop="true" visible="true" onEntry="this.background='transparent'; this.borderRadius='15px';" width="300px" height="80px" type="drop" />
						<lido-text id="drop_zone_7" drop-attr="stretch" value="talk" tab-index="8" is-allow-only-one-drop="true" visible="true" onEntry="this.background='transparent'; this.borderRadius='15px';" width="300px" height="80px" type="drop" />
						<lido-text id="drop_zone_8" drop-attr="stretch" value="online." tab-index="9" is-allow-only-one-drop="true" visible="true" onEntry="this.background='transparent'; this.borderRadius='15px';" width="300px" height="80px" type="drop" />
                    </lido-cell>
				</lido-cell>
				<lido-cell layout="wrap" height="230px" delay-visible="2650" visible="true" margin="-78px 0px 0px -113px" width="landscape.80%, portrait.88%" y="landscape.65%, portrait.62%" x="landscape.4%,portrait.0px" z="2" onEntry="this.gridTemplateColumns = 'repeat(4, 1fr)';this.position='relative';this.gap='26px';">
                    <lido-text id="option_item_1" audio="game-assets/audio/file-wyp22dn3.wav" value="Be" tab-index="10" visible="true" bg-color="#FCF3B1" onEntry="this.padding='0px 40px';this.borderRadius='25px'; this.boxShadow='unset'; this.fontWeight='800';" width="auto" height="84px" string="Be" font-family="'Baloo 2', serif" font-size="24px" z="2" type="drag" />
					<lido-text id="option_item_2" audio="game-assets/audio/file-fosdhtls.wav" value="kind" tab-index="11" visible="true" bg-color="#FCF3B1" onEntry="this.padding='0px 40px';this.borderRadius='25px'; this.boxShadow='unset'; this.fontWeight='800';" width="auto" height="84px" string="kind" font-family="'Baloo 2', serif" font-size="24px" z="2" type="drag" />
					<lido-text id="option_item_3" audio="game-assets/audio/file-d7g0jgu3.wav" value="and" tab-index="12" visible="true" bg-color="#FCF3B1" onEntry="this.padding='0px 40px';this.borderRadius='25px'; this.boxShadow='unset'; this.fontWeight='800';" width="auto" height="84px" string="and" font-family="'Baloo 2', serif" font-size="24px" z="2" type="drag" />
					<lido-text id="option_item_4" audio="game-assets/audio/file-iooyjhes.wav" value="you" tab-index="13" visible="true" bg-color="#FCF3B1" onEntry="this.padding='0px 40px';this.borderRadius='25px'; this.boxShadow='unset'; this.fontWeight='800';" width="auto" height="84px" string="you" font-family="'Baloo 2', serif" font-size="24px" z="2" type="drag" />
					<lido-text id="option_item_5" audio="game-assets/audio/file-ozg9c26h.wav" value="talk" tab-index="14" visible="true" bg-color="#FCF3B1" onEntry="this.padding='0px 40px';this.borderRadius='25px'; this.boxShadow='unset'; this.fontWeight='800';" width="auto" height="84px" string="talk" font-family="'Baloo 2', serif" font-size="24px" z="2" type="drag" />
					<lido-text id="option_item_6" audio="game-assets/audio/file-kr3jn8zh.wav" value="online." tab-index="15" visible="true" bg-color="#FCF3B1" onEntry="this.padding='0px 40px';this.borderRadius='25px'; this.boxShadow='unset'; this.fontWeight='800';" width="auto" height="84px" string="online." font-family="'Baloo 2', serif" font-size="24px" z="2" type="drag" />
					<lido-text id="option_item_7" audio="game-assets/audio/file-kffy4z05.wav" value="when" tab-index="16" visible="true" bg-color="#FCF3B1" onEntry="this.padding='0px 40px';this.borderRadius='25px'; this.boxShadow='unset'; this.fontWeight='800';" width="auto" height="84px" string="when" font-family="'Baloo 2', serif" font-size="24px" z="2" type="drag" />
					<lido-text id="option_item_8" audio="game-assets/audio/file-xrfyvx7f.wav" value="respectful" tab-index="17" visible="true" bg-color="#FCF3B1" onEntry="this.padding='0px 40px';this.borderRadius='25px'; this.boxShadow='unset'; this.fontWeight='800';" width="auto" height="84px" string="respectful" font-family="'Baloo 2', serif" font-size="24px" z="2" type="drag" />
				</lido-cell>
				<lido-cell layout="row" visible="true" width="landscape.70%, portrait.88%" y="landscape.21%, portrait.42%" x="0%" z="2" onEntry="this.position='relative'" />
			</lido-cell>
			<lido-cell layout="pos" id="pos1" disable-edit="true" value="pos2" height="landscape.408px,portrait.327px" width="landscape.311px,portrait.294px" x="landscape.85%, portrait.640px" y="landscape.75%, portrait.172px" aria-hidden="true" bg-color="transparent" visible="true" onEntry="this.animation='rightToPlace 2.5s linear';">
				<lido-avatar id="lido-avatar" disable-edit="true" visible="true" height="100%" width="100%" src="template-assets/images/file-bzj1n5sc.riv" alt-text="" />
			</lido-cell>
		</lido-cell>
	</lido-container>	

            <lido-container id="lido-container" objective="" tab-index="1" value="mainContainer1" bg-image="template-assets/bg-images/file-uh2xwr8h.png" height="1600px" width="900px" bg-color="transparent" visible="true" onCorrect="lido-avatar.avatarAnimate='Success'; this.sleep='2000';" onEntry="this.justifyContent='space-around';" onInCorrect="lido-avatar.avatarAnimate='Fail'; this.sleep='2000';" show-check="false" is-continue-on-correct="true" after-drop="false" show-next-button="true" exit-button-url="template-assets/buttons/file-bx1vsi8d.svg" prev-button-url="template-assets/buttons/file-6slpf2lq.svg" next-button-url="template-assets/buttons/file-3g0xv5t1.svg" speaker-button-url="template-assets/buttons/file-nuix1mxi.svg">

                
                <lido-cell layout="pos" id="pos1" disable-edit="true" value="pos1" height="landscape.600px, portrait.700px" width="landscape.393px, portrait.485px" x="landscape.-24px, portrait.465px" y="landscape.385px, portrait.983px" aria-hidden="true" z="1" bg-color="transparent" visible="true" onEntry="this.flex-shrink='0';">
                    <lido-avatar id="lido-avatar" disable-edit="true" visible="true" height="inherit" width="inherit" src="template-assets/images/file-bzj1n5sc.riv" alt-text="" onEntry="">
                    </lido-avatar>
                </lido-cell>

                
                <lido-cell layout="pos" id="pos2" disable-edit="true" value="pos2" width="landscape.594px, portrait.754px" height="landscape.725px, portrait.925px" x="landscape.519px, portrait.73px" y="landscape.127px, portrait.172px" aria-hidden="true" z="1" bg-color="transparent" visible="true" onEntry="this.flex-shrink='0';">
                    <lido-flash-card x="50" y="100" width="landscape.594px, portrait.754px" height="landscape.725px, portrait.925px" bg-color="transparent" onEntry="this.border-radius='32px';" onTouch="">
                        <lido-cell layout="col" id="col1" audio="game-assets/audio/file-98wny0ir.wav" slot="front" disable-edit="true" visible="true" width="landscape.594px, portrait.754px" height="landscape.910px, portrait.925px" bg-color="white" type="" tab-index="2" dropAttr="diagonal" onEntry="this.border-radius=32px; this.padding='8px 8px 16px 8px';" y="landscape.5px,portrait.10px">
                            <lido-text id="txt1" width="553px" height="217px" display="flex" onEntry="this.textAlign='center'; this.flexDirection='column'; this.justifyContent='center'; this.alignItems='center'; this.flexShrink='0';" font-family="'Baloo Bhai 2'" font-size="52px" z="1" font-color="black" font-weight="500" color="#303030" string="Internet Safety" visible="true" y="landscape.15px, portrait.15px" bg-color="white" margin="landscape.45px 0px 45px 0px, portrait.45px 0px 45px 0px" />
                        </lido-cell>
                        <lido-cell layout="col" tab-index="3" audio="game-assets/audio/file-ac3aj7zk.wav" id="col2" slot="back" disable-edit="true" visible="true" width="landscape.594px, portrait.754px" height="landscape.910px, portrait.925px" bg-color="white" type="" dropAttr="diagonal" onEntry="this.border-radius=32px; this.padding='8px 8px 16px 8px';" y="landscape.,portrait.">
                            <lido-text id="txt2" height="480px" width="495px" display="flex" onEntry="this.textAlign='left'; this.lineHeight='1.5';" font-family="'Baloo Bhai 2'" font-size="52px" z="1" font-color="black" font-weight="500" color="#000000" string="Stay safe online by keeping personal information private." visible="true" y="landscape.35px, portrait.15px" bg-color="white" margin="landscape.45px 0px 45px 0px, portrait.45px 0px 45px 0px" />
                        </lido-cell>
                    </lido-flash-card>
                </lido-cell>
            </lido-container>
        
            <lido-container id="lido-container" objective="" tab-index="1" value="mainContainer1" bg-image="template-assets/bg-images/file-uh2xwr8h.png" height="1600px" width="900px" bg-color="transparent" visible="true" onCorrect="lido-avatar.avatarAnimate='Success'; this.sleep='2000';" onEntry="this.justifyContent='space-around';" onInCorrect="lido-avatar.avatarAnimate='Fail'; this.sleep='2000';" show-check="false" is-continue-on-correct="true" after-drop="false" show-next-button="true" exit-button-url="template-assets/buttons/file-bx1vsi8d.svg" prev-button-url="template-assets/buttons/file-6slpf2lq.svg" next-button-url="template-assets/buttons/file-3g0xv5t1.svg" speaker-button-url="template-assets/buttons/file-nuix1mxi.svg">

                
                <lido-cell layout="pos" id="pos1" disable-edit="true" value="pos1" height="landscape.600px, portrait.700px" width="landscape.393px, portrait.485px" x="landscape.-24px, portrait.465px" y="landscape.385px, portrait.983px" aria-hidden="true" z="1" bg-color="transparent" visible="true" onEntry="this.flex-shrink='0';">
                    <lido-avatar id="lido-avatar" disable-edit="true" visible="true" height="inherit" width="inherit" src="template-assets/images/file-bzj1n5sc.riv" alt-text="" onEntry="">
                    </lido-avatar>
                </lido-cell>

                
                <lido-cell layout="pos" id="pos2" disable-edit="true" value="pos2" width="landscape.594px, portrait.754px" height="landscape.725px, portrait.925px" x="landscape.519px, portrait.73px" y="landscape.127px, portrait.172px" aria-hidden="true" z="1" bg-color="transparent" visible="true" onEntry="this.flex-shrink='0';">
                    <lido-flash-card x="50" y="100" width="landscape.594px, portrait.754px" height="landscape.725px, portrait.925px" bg-color="transparent" onEntry="this.border-radius='32px';" onTouch="">
                        <lido-cell layout="col" id="col1" audio="game-assets/audio/file-woduu5ny.wav" slot="front" disable-edit="true" visible="true" width="landscape.594px, portrait.754px" height="landscape.910px, portrait.925px" bg-color="white" type="" tab-index="2" dropAttr="diagonal" onEntry="this.border-radius=32px; this.padding='8px 8px 16px 8px';" y="landscape.5px,portrait.10px">
                            <lido-text id="txt1" width="553px" height="217px" display="flex" onEntry="this.textAlign='center'; this.flexDirection='column'; this.justifyContent='center'; this.alignItems='center'; this.flexShrink='0';" font-family="'Baloo Bhai 2'" font-size="52px" z="1" font-color="black" font-weight="500" color="#303030" string="Screen Time" visible="true" y="landscape.15px, portrait.15px" bg-color="white" margin="landscape.45px 0px 45px 0px, portrait.45px 0px 45px 0px" />
                        </lido-cell>
                        <lido-cell layout="col" tab-index="3" audio="game-assets/audio/file-3x69qebm.wav" id="col2" slot="back" disable-edit="true" visible="true" width="landscape.594px, portrait.754px" height="landscape.910px, portrait.925px" bg-color="white" type="" dropAttr="diagonal" onEntry="this.border-radius=32px; this.padding='8px 8px 16px 8px';" y="landscape.,portrait.">
                            <lido-text id="txt2" height="480px" width="495px" display="flex" onEntry="this.textAlign='left'; this.lineHeight='1.5';" font-family="'Baloo Bhai 2'" font-size="52px" z="1" font-color="black" font-weight="500" color="#000000" string="Take breaks to protect your eyes and body." visible="true" y="landscape.35px, portrait.15px" bg-color="white" margin="landscape.45px 0px 45px 0px, portrait.45px 0px 45px 0px" />
                        </lido-cell>
                    </lido-flash-card>
                </lido-cell>
            </lido-container>
        
            <lido-container id="lido-container" objective="" tab-index="1" value="mainContainer1" bg-image="template-assets/bg-images/file-uh2xwr8h.png" height="1600px" width="900px" bg-color="transparent" visible="true" onCorrect="lido-avatar.avatarAnimate='Success'; this.sleep='2000';" onEntry="this.justifyContent='space-around';" onInCorrect="lido-avatar.avatarAnimate='Fail'; this.sleep='2000';" show-check="false" is-continue-on-correct="true" after-drop="false" show-next-button="true" exit-button-url="template-assets/buttons/file-bx1vsi8d.svg" prev-button-url="template-assets/buttons/file-6slpf2lq.svg" next-button-url="template-assets/buttons/file-3g0xv5t1.svg" speaker-button-url="template-assets/buttons/file-nuix1mxi.svg">

                
                <lido-cell layout="pos" id="pos1" disable-edit="true" value="pos1" height="landscape.600px, portrait.700px" width="landscape.393px, portrait.485px" x="landscape.-24px, portrait.465px" y="landscape.385px, portrait.983px" aria-hidden="true" z="1" bg-color="transparent" visible="true" onEntry="this.flex-shrink='0';">
                    <lido-avatar id="lido-avatar" disable-edit="true" visible="true" height="inherit" width="inherit" src="template-assets/images/file-bzj1n5sc.riv" alt-text="" onEntry="">
                    </lido-avatar>
                </lido-cell>

                
                <lido-cell layout="pos" id="pos2" disable-edit="true" value="pos2" width="landscape.594px, portrait.754px" height="landscape.725px, portrait.925px" x="landscape.519px, portrait.73px" y="landscape.127px, portrait.172px" aria-hidden="true" z="1" bg-color="transparent" visible="true" onEntry="this.flex-shrink='0';">
                    <lido-flash-card x="50" y="100" width="landscape.594px, portrait.754px" height="landscape.725px, portrait.925px" bg-color="transparent" onEntry="this.border-radius='32px';" onTouch="">
                        <lido-cell layout="col" id="col1" audio="game-assets/audio/file-8yh3xpsm.wav" slot="front" disable-edit="true" visible="true" width="landscape.594px, portrait.754px" height="landscape.910px, portrait.925px" bg-color="white" type="" tab-index="2" dropAttr="diagonal" onEntry="this.border-radius=32px; this.padding='8px 8px 16px 8px';" y="landscape.5px,portrait.10px">
                            <lido-text id="txt1" width="553px" height="217px" display="flex" onEntry="this.textAlign='center'; this.flexDirection='column'; this.justifyContent='center'; this.alignItems='center'; this.flexShrink='0';" font-family="'Baloo Bhai 2'" font-size="52px" z="1" font-color="black" font-weight="500" color="#303030" string="Respect Online" visible="true" y="landscape.15px, portrait.15px" bg-color="white" margin="landscape.45px 0px 45px 0px, portrait.45px 0px 45px 0px" />
                        </lido-cell>
                        <lido-cell layout="col" tab-index="3" audio="game-assets/audio/file-t46lbqi7.wav" id="col2" slot="back" disable-edit="true" visible="true" width="landscape.594px, portrait.754px" height="landscape.910px, portrait.925px" bg-color="white" type="" dropAttr="diagonal" onEntry="this.border-radius=32px; this.padding='8px 8px 16px 8px';" y="landscape.,portrait.">
                            <lido-text id="txt2" height="480px" width="495px" display="flex" onEntry="this.textAlign='left'; this.lineHeight='1.5';" font-family="'Baloo Bhai 2'" font-size="52px" z="1" font-color="black" font-weight="500" color="#000000" string="Use kind words and respect others online." visible="true" y="landscape.35px, portrait.15px" bg-color="white" margin="landscape.45px 0px 45px 0px, portrait.45px 0px 45px 0px" />
                        </lido-cell>
                    </lido-flash-card>
                </lido-cell>
            </lido-container>
        <lido-container show-prev-button="false" show-next-button="true" id="lido-container" bg-image="" height="1600px" width="900px" value="mainContainer4" objective="" visible="true" onInCorrect="lido-avatar.avatarAnimate='Fail'; this.sleep='2000';" show-check="false" is-continue-on-correct="true" exit-button-url="template-assets/buttons/file-bx1vsi8d.svg" prev-button-url="template-assets/buttons/file-6slpf2lq.svg" next-button-url="template-assets/buttons/file-3g0xv5t1.svg" speaker-button-url="template-assets/buttons/file-nuix1mxi.svg">
    <lido-cell id="cell1" margin="landscape.140px 0px 0px 0px,portrait.170px 0px 0px 0px" visible="true" layout="landscape.row,portrait.col" disable-edit="true" value="cell1" width="landscape.100%,portrait.86%" height="landscape.100%,portrait.80%" x="50px" y="50px" bg-color="white" onEntry="this.justifyContent='space-evenly'; this.borderRadius='6px'">
        <lido-image id="image1" disable-edit="true" margin="landscape.0px 0px 0px 0px,portrait.-20px 0px 0px 0px" value="image1" visible="true" src="game-assets/images/file-36eg8xeg.jpg" width="landscape.704px,portrait.744px" height="landscape.704px,portrait.707px" bg-color="transparent" alt-text="" onEntry="" />
        <lido-text id="text1" tab-index="1" audio="game-assets/audio/file-bwj0fuys.wav" disable-edit="true" margin="landscape.0px 0px 0px 27px,portrait.0px 0px 60px 0px" value="text1" visible="true" width="landscape.47%,portrait.90%" height="100%" bg-color="transparent" font-family="'Baloo 2', serif" font-size="44px" font-color="#000" string="Always use it safely and with care." onEntry="this.fontWeight='500'; this.boxShadow='unset'; this.textAlign='start'; this.speak='true';" />
    </lido-cell>
    <lido-pos id="pos1" disable-edit="true" value="pos1" height="350px" width="350px" x="landscape.1300px, portrait.580px" y="landscape.670px, portrait.1350px" aria-hidden="true" z="1" bg-color="transparent" visible="true">
        <lido-avatar id="lido-avatar" disable-edit="true" visible="true" height="350px" width="350px" src="template-assets/images/file-bzj1n5sc.riv" alt-text="chimpleCharacterRive" />
    </lido-pos>
</lido-container><lido-container show-prev-button="false" show-next-button="true" id="lido-container" bg-image="" height="1600px" width="900px" value="mainContainer4" objective="" visible="true" onInCorrect="lido-avatar.avatarAnimate='Fail'; this.sleep='2000';" show-check="false" is-continue-on-correct="true" exit-button-url="template-assets/buttons/file-bx1vsi8d.svg" prev-button-url="template-assets/buttons/file-6slpf2lq.svg" next-button-url="template-assets/buttons/file-3g0xv5t1.svg" speaker-button-url="template-assets/buttons/file-nuix1mxi.svg">
    <lido-cell id="cell1" margin="landscape.140px 0px 0px 0px,portrait.170px 0px 0px 0px" visible="true" layout="landscape.row,portrait.col" disable-edit="true" value="cell1" width="landscape.100%,portrait.86%" height="landscape.100%,portrait.80%" x="50px" y="50px" bg-color="white" onEntry="this.justifyContent='space-evenly'; this.borderRadius='6px'">
        <lido-image id="image1" disable-edit="true" margin="landscape.0px 0px 0px 0px,portrait.-20px 0px 0px 0px" value="image1" visible="true" src="game-assets/images/file-ii28jhxc.jpg" width="landscape.704px,portrait.744px" height="landscape.704px,portrait.707px" bg-color="transparent" alt-text="" onEntry="" />
        <lido-text id="text1" tab-index="1" audio="game-assets/audio/file-fjecx04t.wav" disable-edit="true" margin="landscape.0px 0px 0px 27px,portrait.0px 0px 60px 0px" value="text1" visible="true" width="landscape.47%,portrait.90%" height="100%" bg-color="transparent" font-family="'Baloo 2', serif" font-size="44px" font-color="#000" string="Once something is online, it can stay forever." onEntry="this.fontWeight='500'; this.boxShadow='unset'; this.textAlign='start'; this.speak='true';" />
    </lido-cell>
    <lido-pos id="pos1" disable-edit="true" value="pos1" height="350px" width="350px" x="landscape.1300px, portrait.580px" y="landscape.670px, portrait.1350px" aria-hidden="true" z="1" bg-color="transparent" visible="true">
        <lido-avatar id="lido-avatar" disable-edit="true" visible="true" height="350px" width="350px" src="template-assets/images/file-bzj1n5sc.riv" alt-text="chimpleCharacterRive" />
    </lido-pos>
</lido-container><lido-container show-prev-button="false" show-next-button="true" id="lido-container" bg-image="" height="1600px" width="900px" value="mainContainer4" objective="" visible="true" onInCorrect="lido-avatar.avatarAnimate='Fail'; this.sleep='2000';" show-check="false" is-continue-on-correct="true" exit-button-url="template-assets/buttons/file-bx1vsi8d.svg" prev-button-url="template-assets/buttons/file-6slpf2lq.svg" next-button-url="template-assets/buttons/file-3g0xv5t1.svg" speaker-button-url="template-assets/buttons/file-nuix1mxi.svg">
    <lido-cell id="cell1" margin="landscape.140px 0px 0px 0px,portrait.170px 0px 0px 0px" visible="true" layout="landscape.row,portrait.col" disable-edit="true" value="cell1" width="landscape.100%,portrait.86%" height="landscape.100%,portrait.80%" x="50px" y="50px" bg-color="white" onEntry="this.justifyContent='space-evenly'; this.borderRadius='6px'">
        <lido-image id="image1" disable-edit="true" margin="landscape.0px 0px 0px 0px,portrait.-20px 0px 0px 0px" value="image1" visible="true" src="game-assets/images/file-17aae1ou.jpg" width="landscape.704px,portrait.744px" height="landscape.704px,portrait.707px" bg-color="transparent" alt-text="" onEntry="" />
        <lido-text id="text1" tab-index="1" audio="game-assets/audio/file-7drb76y1.wav" disable-edit="true" margin="landscape.0px 0px 0px 27px,portrait.0px 0px 60px 0px" value="text1" visible="true" width="landscape.47%,portrait.90%" height="100%" bg-color="transparent" font-family="'Baloo 2', serif" font-size="44px" font-color="#000" string="Respect, safety, and honesty make us good digital citizens." onEntry="this.fontWeight='500'; this.boxShadow='unset'; this.textAlign='start'; this.speak='true';" />
    </lido-cell>
    <lido-pos id="pos1" disable-edit="true" value="pos1" height="350px" width="350px" x="landscape.1300px, portrait.580px" y="landscape.670px, portrait.1350px" aria-hidden="true" z="1" bg-color="transparent" visible="true">
        <lido-avatar id="lido-avatar" disable-edit="true" visible="true" height="350px" width="350px" src="template-assets/images/file-bzj1n5sc.riv" alt-text="chimpleCharacterRive" />
    </lido-pos>
</lido-container></main>