[1,["42U1BKvklC5o/IQUf0GnpY","00+Ix+XydNVbg02wKXGHdY","7d98iyI6FFjJcPsuZGdeeF","c5b+dEl8JORZqddPvxYEm1","9e2kBqBmpDRobe4YW7BB1Q","b9Xhcx7uRLIL6E9nDO3FaU","dcsqhcyeVJP7d8VtUCzgs5","0eSolLlU1LzoUxLSc9igMk","39KQ+4aolBkKst0TwITrCL","76D8jmo4xCOJRk5EdeCpRa","7ffevulFNP466p6Sa0cFv5","640tpOAKpB87mu3/uO2r6c","66Iq2hC09IHbo+dn5sqKqF","36iDIKqW5KfIaIMcc9tirD","f6MAZLbJVPL7viJyhX52NQ"],["_textureSetter"],["cc.SpriteFrame","cc.Texture2D",["cc.AudioClip",["_name","_native","duration"],0],["cc.JsonAsset",["_name","json"],1]],[[2,0,1,2,4],[3,0,1,3]],[[[{"name":"egg","rect":[0,0,400,333],"offset":[0,0],"originalSize":[400,333],"capInsets":[0,0,0,0]}],[0],0,[0],[0],[0]],[["0,9729,9729,33071,33071,0,0,1",-1],[1],0,[],[],[]],[[{"name":"up","rect":[0,0,400,333],"offset":[0,0],"originalSize":[400,333],"capInsets":[0,0,0,0]}],[0],0,[0],[0],[1]],[["0,9729,9729,33071,33071,0,0,1",-1],[1],0,[],[],[]],[[{"name":"animals","rect":[0,0,400,333],"offset":[0,0],"originalSize":[400,333],"capInsets":[0,0,0,0]}],[0],0,[0],[0],[2]],[[{"name":"apple","rect":[0,0,400,333],"offset":[0,0],"originalSize":[400,333],"capInsets":[0,0,0,0]}],[0],0,[0],[0],[3]],[[[0,"orange",".mp3",1.176],-1],0,0,[],[],[]],[[[0,"elephant",".mp3",1.272],-1],0,0,[],[],[]],[[[0,"unicorn",".mp3",1.344],-1],0,0,[],[],[]],[[[0,"office",".mp3",1.176],-1],0,0,[],[],[]],[[[0,"octopus",".mp3",1.488],-1],0,0,[],[],[]],[[{"name":"axe","rect":[0,0,400,333],"offset":[0,0],"originalSize":[400,333],"capInsets":[0,0,0,0]}],[0],0,[0],[0],[4]],[[[0,"ear",".mp3",0.768],-1],0,0,[],[],[]],[["0,9729,9729,33071,33071,0,0,1",-1],[1],0,[],[],[]],[["0,9729,9729,33071,33071,0,0,1",-1],[1],0,[],[],[]],[["0,9729,9729,33071,33071,0,0,1",-1],[1],0,[],[],[]],[[{"name":"octopus","rect":[0,0,400,333],"offset":[0,0],"originalSize":[400,333],"capInsets":[0,0,0,0]}],[0],0,[0],[0],[5]],[[[0,"animals",".mp3",1.296],-1],0,0,[],[],[]],[[{"name":"ear","rect":[0,0,400,333],"offset":[0,0],"originalSize":[400,333],"capInsets":[0,0,0,0]}],[0],0,[0],[0],[6]],[[{"name":"orange","rect":[0,0,400,333],"offset":[0,0],"originalSize":[400,333],"capInsets":[0,0,0,0]}],[0],0,[0],[0],[7]],[[[0,"iguana",".mp3",1.224],-1],0,0,[],[],[]],[["0,9729,9729,33071,33071,0,0,1",-1],[1],0,[],[],[]],[[[0,"axe",".mp3",1.008],-1],0,0,[],[],[]],[["0,9729,9729,33071,33071,0,0,1",-1],[1],0,[],[],[]],[[[0,"up",".mp3",0.696],-1],0,0,[],[],[]],[[{"name":"office","rect":[0,0,400,333],"offset":[0,0],"originalSize":[400,333],"capInsets":[0,0,0,0]}],[0],0,[0],[0],[8]],[["0,9729,9729,33071,33071,0,0,1",-1],[1],0,[],[],[]],[["0,9729,9729,33071,33071,0,0,1",-1],[1],0,[],[],[]],[["0,9729,9729,33071,33071,0,0,1",-1],[1],0,[],[],[]],[[[0,"iron",".mp3",0.936],-1],0,0,[],[],[]],[[[1,"en0502",{"rows":[["writecard","1","Description","a","animals","animals.png","animals.mp3","axe","axe.png","axe.mp3","apple","apple.png","apple.mp3"],["writecard","1","Description","e","egg","egg.png","egg.mp3","ear","ear.png","ear.mp3","elephant","elephant.png","elephant.mp3"],["writecard","1","Description","i","impala","impala.png","impala.mp3","iguana","iguana.png","iguana.mp3","iron","iron.png","iron.mp3"],["writecard","1","Description","o","office","office.png","office.mp3","octopus","octopus.png","octopus.mp3","orange","orange.png","orange.mp3"],["writecard","1","Description","u","umbrella","umbrella.png","umbrella.mp3","unicorn","unicorn.png","unicorn.mp3","up","up.png","up.mp3"],["quizliteracy","1","Description","soundonly_word","ear","knee","head","ear","","","ear.mp3"],["quizliteracy","1","Description","soundonly_word","egg","egg","sea","dad","","","egg.mp3"],["quizliteracy","1","Description","image_word","apple","apple","fish","mango","apple.png"]]}]],0,0,[],[],[]],[[[0,"egg",".mp3",0.792],-1],0,0,[],[],[]],[[{"name":"iron","rect":[0,0,400,333],"offset":[0,0],"originalSize":[400,333],"capInsets":[0,0,0,0]}],[0],0,[0],[0],[9]],[[[0,"impala",".mp3",1.176],-1],0,0,[],[],[]],[["0,9729,9729,33071,33071,0,0,1",-1],[1],0,[],[],[]],[[{"name":"iguana","rect":[0,0,400,333],"offset":[0,0],"originalSize":[400,333],"capInsets":[0,0,0,0]}],[0],0,[0],[0],[10]],[["0,9729,9729,33071,33071,0,0,1",-1],[1],0,[],[],[]],[[{"name":"umbrella","rect":[0,0,400,333],"offset":[0,0],"originalSize":[400,333],"capInsets":[0,0,0,0]}],[0],0,[0],[0],[11]],[["0,9729,9729,33071,33071,0,0,1",-1],[1],0,[],[],[]],[[{"name":"elephant","rect":[0,0,400,333],"offset":[0,0],"originalSize":[400,333],"capInsets":[0,0,0,0]}],[0],0,[0],[0],[12]],[[[0,"apple",".mp3",0.912],-1],0,0,[],[],[]],[[{"name":"unicorn","rect":[0,0,400,333],"offset":[0,0],"originalSize":[400,333],"capInsets":[0,0,0,0]}],[0],0,[0],[0],[13]],[["0,9729,9729,33071,33071,0,0,1",-1],[1],0,[],[],[]],[[{"name":"impala","rect":[0,0,400,333],"offset":[0,0],"originalSize":[400,333],"capInsets":[0,0,0,0]}],[0],0,[0],[0],[14]],[[[0,"umbrella",".mp3",1.2],-1],0,0,[],[],[]],[["0,9729,9729,33071,33071,0,0,1",-1],[1],0,[],[],[]]]]