[1,["beSdFECihJJKH6vEzYq3AQ","39eEN8gLhKEKL2RgpCwp4R","5fgwbwguJBSYOocYSdvMEv","bfiaPt8ORCmJ3XY1qkPpl5","641s8YlwRIfZxpVQcFr0c4","83rvUIocFEdqXAkoL5wYIz","0bJwlB9DhOLq6/BwacBNPz"],["_textureSetter"],["cc.Texture2D","cc.SpriteFrame",["cc.AudioClip",["_name","_native","duration"],0],["cc.JsonAsset",["_name","json"],1]],[[2,0,1,2,4],[3,0,1,3]],[[["0,9729,9729,33071,33071,0,0,1",-1],[0],0,[],[],[]],[[[0,"eleven",".mp3",1.08],-1],0,0,[],[],[]],[[{"name":"fifteen","rect":[0,0,512,503],"offset":[0,0],"originalSize":[512,503],"capInsets":[0,0,0,0]}],[1],0,[0],[0],[0]],[[{"name":"twelve","rect":[0,0,2109,2070],"offset":[0,0],"originalSize":[2109,2070],"capInsets":[0,0,0,0]}],[1],0,[0],[0],[1]],[[{"name":"eleven","rect":[0,0,512,503],"offset":[0,0],"originalSize":[512,503],"capInsets":[0,0,0,0]}],[1],0,[0],[0],[2]],[[[1,"en3901",{"rows":[["writeword","1","Description","nine","nine.png","nine.mp3"],["writeword","1","Description","ten","ten.png","ten.mp3"],["writeword","1","Description","eleven","eleven.png","eleven.mp3"],["writeword","1","Description","twelve","twelve.png","twelve.mp3"],["writeword","1","Description","thirteen","thirteen.png","thirteen.mp3"],["writeword","1","Description","fourteen","fourteen.png","fourteen.mp3"],["writeword","1","Description","fifteen","fifteen.png","fifteen.mp3"],["quizliteracy","1","Description","image_word","ten","nine","two","ten","ten.png"],["quizliteracy","1","Description","soundonly_word","twelve","twelve","eleven","nine","","","twelve.mp3"],["quizliteracy","1","Description","image_word","fourteen","eleven","fourteen","twelve","fourteen.png"]]}]],0,0,[],[],[]],[[[0,"ten",".mp3",0.792],-1],0,0,[],[],[]],[["0,9729,9729,33071,33071,0,0,1",-1],[0],0,[],[],[]],[["0,9729,9729,33071,33071,0,0,1",-1],[0],0,[],[],[]],[["0,9729,9729,33071,33071,0,0,1",-1],[0],0,[],[],[]],[[[0,"fourteen",".mp3",1.176],-1],0,0,[],[],[]],[["0,9729,9729,33071,33071,0,0,1",-1],[0],0,[],[],[]],[[[0,"nine",".mp3",0.936],-1],0,0,[],[],[]],[[{"name":"fourteen","rect":[0,0,512,503],"offset":[0,0],"originalSize":[512,503],"capInsets":[0,0,0,0]}],[1],0,[0],[0],[3]],[[{"name":"ten","rect":[0,0,512,503],"offset":[0,0],"originalSize":[512,503],"capInsets":[0,0,0,0]}],[1],0,[0],[0],[4]],[[[0,"twelve",".mp3",0.888],-1],0,0,[],[],[]],[["0,9729,9729,33071,33071,0,0,1",-1],[0],0,[],[],[]],[["0,9729,9729,33071,33071,0,0,1",-1],[0],0,[],[],[]],[[{"name":"thirteen","rect":[0,0,512,503],"offset":[0,0],"originalSize":[512,503],"capInsets":[0,0,0,0]}],[1],0,[0],[0],[5]],[[[0,"thirteen",".mp3",1.152],-1],0,0,[],[],[]],[[[0,"fifteen",".mp3",1.176],-1],0,0,[],[],[]],[[{"name":"nine","rect":[0,0,512,503],"offset":[0,0],"originalSize":[512,503],"capInsets":[0,0,0,0]}],[1],0,[0],[0],[6]]]]