[1,["06yZ5XRzxPxoNPGajvnDqH","90hW8LKdhFGJrV/I5WLjz9","fft5qSUEZELbycUkPXP4Q8"],["_textureSetter"],["cc.Texture2D","cc.SpriteFrame",["cc.JsonAsset",["_name","json"],1],["cc.AudioClip",["_name","_native","duration"],0]],[[3,0,1,2,4],[2,0,1,3]],[[[[1,"mr0011",{"rows":[["balloonpop","1","Description","2","अं","3","औ,अं,ओ","अं.mp3"],["phonictractor","1","Description","5","अं","अं.mp3","अं","अं.mp3"],["writeletter","1","Description","अं","अंगठी"],["writecard","1","Description","अं","अंगठी","ring.png","अंगठी.mp3","अंगठा","thumb.png","अंगठा.mp3","अंजीर","fig.png","अंजीर.mp3"],["quizliteracy","1","Description","soundonly_word","अं","अं","ओ","इ","","","अं.mp3"],["quizliteracy","1","Description","word_word","अं","इ","अं","ओ","","अं"],["quizliteracy","1","Description","soundonly_word","अं","अं","ओ","इ","","","अं.mp3"]]}]],0,0,[],[],[]],[["0,9729,9729,33071,33071,0,0,1",-1],[0],0,[],[],[]],[[[0,"अंजीर",".mp3",1.044898],-1],0,0,[],[],[]],[[{"name":"ring","rect":[0,0,640,425],"offset":[0,0],"originalSize":[640,425],"capInsets":[0,0,0,0]}],[1],0,[0],[0],[0]],[["0,9729,9729,33071,33071,0,0,1",-1],[0],0,[],[],[]],[[[0,"अंगठा",".mp3",1.07102],-1],0,0,[],[],[]],[[[0,"अं",".mp3",0.783673],-1],0,0,[],[],[]],[[{"name":"fig","rect":[0,0,640,532],"offset":[0,0],"originalSize":[640,532],"capInsets":[0,0,0,0]}],[1],0,[0],[0],[1]],[[[0,"अंगठी",".mp3",1.07102],-1],0,0,[],[],[]],[[{"name":"thumb","rect":[0,0,640,640],"offset":[0,0],"originalSize":[640,640],"capInsets":[0,0,0,0]}],[1],0,[0],[0],[2]],[["0,9729,9729,33071,33071,0,0,1",-1],[0],0,[],[],[]]]]