[1,["78lndRdN1PUbTqrg9IckzS","cbGCVzZBVHhoxZ6f1PAF37","61Ex4ub0lO+pIJ4SCFtnAA","47z641rWRESab3u/FTIIdz","06G6U61yVFj6vuXFllwU6O","5dk8B/BTxE65UVfVz0V56Y","0c2n6WIsFCXLvIVSm48DIW","d58mn1iC5GA7TQpq/grzvj","5cMAYWoSNOfYbLg4Xuvv1g","80mAxK931O/6O3FcFKwzni","1d8EkSWDhOU7XWL+2jClgE","efjhlnjpJDpIwrD2UDgwBM","c9ZswmrjdP/YAWKnIkvz/Q"],["_textureSetter"],["cc.Texture2D","cc.SpriteFrame",["cc.AudioClip",["_name","_native","duration"],0],["cc.JsonAsset",["_name","json"],1]],[[2,0,1,2,4],[3,0,1,3]],[[["0,9729,9729,33071,33071,0,0,1",-1],[0],0,[],[],[]],[["0,9729,9729,33071,33071,0,0,1",-1],[0],0,[],[],[]],[[{"name":"girl","rect":[0,0,500,400],"offset":[0,0],"originalSize":[500,400],"capInsets":[0,0,0,0]}],[1],0,[0],[0],[0]],[[[0,"girl",".mp3",0.96],-1],0,0,[],[],[]],[["0,9729,9729,33071,33071,0,0,1",-1],[0],0,[],[],[]],[[{"name":"river","rect":[36,36,846,594],"offset":[0,0],"originalSize":[918,666],"capInsets":[0,0,0,0]}],[1],0,[0],[0],[1]],[[[0,"bird",".mp3",1.056],-1],0,0,[],[],[]],[[{"name":"bird","rect":[0,0,868,689],"offset":[0,0],"originalSize":[868,689],"capInsets":[0,0,0,0]}],[1],0,[0],[0],[2]],[[{"name":"woman","rect":[46,15,108,124],"offset":[3.5,-0.5],"originalSize":[193,153],"capInsets":[0,0,0,0]}],[1],0,[0],[0],[3]],[["0,9729,9729,33071,33071,0,0,1",-1],[0],0,[],[],[]],[[[0,"news",".mp3",1.2],-1],0,0,[],[],[]],[["0,9729,9729,33071,33071,0,0,1",-1],[0],0,[],[],[]],[["0,9729,9729,33071,33071,0,0,1",-1],[0],0,[],[],[]],[["0,9729,9729,33071,33071,0,0,1",-1],[0],0,[],[],[]],[[[0,"police",".mp3",1.176],-1],0,0,[],[],[]],[[[0,"river",".mp3",0.936],-1],0,0,[],[],[]],[["0,9729,9729,33071,33071,0,0,1",-1],[0],0,[],[],[]],[[{"name":"forest","rect":[36,101,506,257],"offset":[-1,0.5],"originalSize":[580,460],"capInsets":[0,0,0,0]}],[1],0,[0],[0],[4]],[[{"name":"river1","rect":[0,0,193,153],"offset":[0,0],"originalSize":[193,153],"capInsets":[0,0,0,0]}],[1],0,[0],[0],[5]],[["0,9729,9729,33071,33071,0,0,1",-1],[0],0,[],[],[]],[[{"name":"news","rect":[18,28,151,99],"offset":[-3,-1],"originalSize":[193,153],"capInsets":[0,0,0,0]}],[1],0,[0],[0],[6]],[[[1,"en0906",{"rows":[["openwindow","1","Description","LEGIT","news","news.png","fish.png","news.mp3","abcdefghijklmnopqrstuvwxyz"],["openwindow","1","Description","LEGIT","police","police.jpg","family.png","police.mp3","abcdefghijklmnopqrstuvwxyz"],["openwindow","1","Description","LEGIT","radio","radio.png","woman.png","radio.mp3","abcdefghijklmnopqrstuvwxyz"],["openwindow","1","Description","LEGIT","river","river1.png","shoes.png","river.mp3","abcdefghijklmnopqrstuvwxyz"],["rocket","1","Description","bird","a,b,c,d,e,f,g,h,i,j,k,l,m,n,o,p,q,r,s,t,u,v,w,x,y,z","b,i,r,d","bird.mp3","bird.png","true","false"],["rocket","1","Description","river","a,b,c,d,e,f,g,h,i,j,k,l,m,n,o,p,q,r,s,t,u,v,w,x,y,z","r,i,v,e,r","river.mp3","river.png","true","false"],["rocket","1","Description","girl","a,b,c,d,e,f,g,h,i,j,k,l,m,n,o,p,q,r,s,t,u,v,w,x,y,z","g,i,r,l","girl.mp3","girl.png","true","false"],["grid","1","Description","l,h,t","ut,op,ip"],["grid","1","Description","f,d,j","og,am,ug"],["grid","1","Description","d,r,m","id,ot,an"],["quizliteracy","1","Description","soundonly_image","bird.png","girl.png","fish.png","bird.png","","","bird.mp3"],["quizliteracy","1","Description","soundonly_word","girl","boy","girl","rain","","","girl.mp3"],["quizliteracy","1","Description","soundonly_image","river.png","river.png","forest.png","market.png","","","river.mp3"],["quizliteracy","1","Description","soundonly_word","police","radio","police","woman","","","police.mp3"],["quizliteracy","1","Description","image_word","radio","baby","forest","radio","radio.png"]]}]],0,0,[],[],[]],[[{"name":"family","rect":[10,25,170,99],"offset":[-1.5,2],"originalSize":[193,153],"capInsets":[0,0,0,0]}],[1],0,[0],[0],[7]],[[{"name":"shoes","rect":[0,0,193,153],"offset":[0,0],"originalSize":[193,153],"capInsets":[0,0,0,0]}],[1],0,[0],[0],[8]],[["0,9729,9729,33071,33071,0,0,1",-1],[0],0,[],[],[]],[["0,9729,9729,33071,33071,0,0,1",-1],[0],0,[],[],[]],[[{"name":"radio","rect":[35,16,116,110],"offset":[-3.5,5.5],"originalSize":[193,153],"capInsets":[0,0,0,0]}],[1],0,[0],[0],[9]],[[{"name":"market","rect":[0,37,541,375],"offset":[-19.5,5.5],"originalSize":[580,460],"capInsets":[0,0,0,0]}],[1],0,[0],[0],[10]],[["0,9729,9729,33071,33071,0,0,1",-1],[0],0,[],[],[]],[[{"name":"police","rect":[0,0,500,375],"offset":[0,0],"originalSize":[500,375],"capInsets":[0,0,0,0]}],[1],0,[0],[0],[11]],[["1,9729,9729,33071,33071,0,0,1",-1],[0],0,[],[],[]],[[[0,"radio",".mp3",1.2],-1],0,0,[],[],[]],[[{"name":"fish","rect":[0,0,193,153],"offset":[0,0],"originalSize":[193,153],"capInsets":[0,0,0,0]}],[1],0,[0],[0],[12]]]]