[1,["63J0vaF+JFqpRO6mulc9vx","4fhVlu+3xISKmkmN7hmf9B","63jM6yaBtJiIK/mKN0t5xD","b3NdC9tyZGs4kNJZa6j7MK","b1H7CEtppCL530vsGSuGhz","59JbdeusJA67wVzYVPHsl+","eeEF8Z4lJPuZSkAxJ/EHIM"],["_textureSetter"],["cc.SpriteFrame","cc.Texture2D",["cc.AudioClip",["_name","_native","duration"],0],["cc.JsonAsset",["_name","json"],1]],[[2,0,1,2,4],[3,0,1,3]],[[[[0,"sixteen",".mp3",1.248],-1],0,0,[],[],[]],[[{"name":"sixteen","rect":[0,0,512,503],"offset":[0,0],"originalSize":[512,503],"capInsets":[0,0,0,0]}],[0],0,[0],[0],[0]],[[{"name":"nine","rect":[0,0,512,503],"offset":[0,0],"originalSize":[512,503],"capInsets":[0,0,0,0]}],[0],0,[0],[0],[1]],[["0,9729,9729,33071,33071,0,0,1",-1],[1],0,[],[],[]],[["0,9729,9729,33071,33071,0,0,1",-1],[1],0,[],[],[]],[["0,9729,9729,33071,33071,0,0,1",-1],[1],0,[],[],[]],[["0,9729,9729,33071,33071,0,0,1",-1],[1],0,[],[],[]],[[[0,"nine",".mp3",0.936],-1],0,0,[],[],[]],[[[0,"fifteen",".mp3",1.176],-1],0,0,[],[],[]],[[{"name":"twelve","rect":[0,0,2109,2070],"offset":[0,0],"originalSize":[2109,2070],"capInsets":[0,0,0,0]}],[0],0,[0],[0],[2]],[[[0,"eleven",".mp3",1.08],-1],0,0,[],[],[]],[[{"name":"eleven","rect":[0,0,512,503],"offset":[0,0],"originalSize":[512,503],"capInsets":[0,0,0,0]}],[0],0,[0],[0],[3]],[[[0,"three",".mp3",0.84],-1],0,0,[],[],[]],[["0,9729,9729,33071,33071,0,0,1",-1],[1],0,[],[],[]],[["0,9729,9729,33071,33071,0,0,1",-1],[1],0,[],[],[]],[[{"name":"fifty","rect":[0,0,512,503],"offset":[0,0],"originalSize":[512,503],"capInsets":[0,0,0,0]}],[0],0,[0],[0],[4]],[[[0,"fifty",".mp3",1.008],-1],0,0,[],[],[]],[[{"name":"three","rect":[0,0,512,503],"offset":[0,0],"originalSize":[512,503],"capInsets":[0,0,0,0]}],[0],0,[0],[0],[5]],[[[0,"twelve",".mp3",0.888],-1],0,0,[],[],[]],[[[1,"en3905",{"rows":[["spelldoor","1","Description","nine","****","4","4","nine.png","nine.mp3"],["spelldoor","1","Description","eleven","******","4","4","eleven.png","eleven.mp3"],["spelldoor","1","Description","fifty","*****","4","4","fifty.png","fifty.mp3"],["spelldoor","1","Description","twelve","*we**e","4","4","twelve.png","twelve.mp3"],["spelldoor","1","Description","fifteen","*****en","4","4","fifteen.png","fifteen.mp3"],["spelldoor","1","Description","sixteen","***teen","4","4","sixteen.png","sixteen.mp3"],["spelldoor","1","Description","three","****e","4","4","three.png","three.mp3"],["quizliteracy","1","Description","word_word","ven","our","rty","ven","","ele___","eleven.mp3"],["quizliteracy","1","Description","soundonly_word","twelve","twelve","nine","fifteen","","","twelve.mp3"],["quizliteracy","1","Description","image_word","three","nine","fifteen","three","three.png"]]}]],0,0,[],[],[]],[["0,9729,9729,33071,33071,0,0,1",-1],[1],0,[],[],[]],[[{"name":"fifteen","rect":[0,0,512,503],"offset":[0,0],"originalSize":[512,503],"capInsets":[0,0,0,0]}],[0],0,[0],[0],[6]]]]