[1,["0b3i5JJ0lMdaz2iuejZr5P","46EoSW78FBjJqFaJmWUn8y","6fxfsGJSRKCYZ4FdnL37p0","868Ez0GCJKY5pRSkOZSo6d","beFuv9R4hKwKB1/UEyagLc","9cxM2AMMBEPIO/TpDmuZNW","beBe94l+pG1rIZZULY3yVX","a1rvnYf/BESqmVeBg/AQdK"],["_textureSetter"],["cc.Texture2D","cc.SpriteFrame",["cc.AudioClip",["_name","_native","duration"],0],["cc.JsonAsset",["_name","json"],1]],[[2,0,1,2,4],[3,0,1,3]],[[["0,9729,9729,33071,33071,0,0,1",-1],[0],0,[],[],[]],[[{"name":"little","rect":[0,0,1044,1203],"offset":[0,0],"originalSize":[1044,1203],"capInsets":[0,0,0,0]}],[1],0,[0],[0],[0]],[[{"name":"snake","rect":[0,0,512,196],"offset":[0,0],"originalSize":[512,196],"capInsets":[0,0,0,0]}],[1],0,[0],[0],[1]],[[[0,"A_black_car",".mp3",1.416],-1],0,0,[],[],[]],[[[0,"A_round_plate",".mp3",1.56],-1],0,0,[],[],[]],[[{"name":"busy_street","rect":[0,0,512,384],"offset":[0,0],"originalSize":[512,384],"capInsets":[0,0,0,0]}],[1],0,[0],[0],[2]],[["0,9729,9729,33071,33071,0,0,1",-1],[0],0,[],[],[]],[[{"name":"broken_bottle","rect":[0,0,500,500],"offset":[0,0],"originalSize":[500,500],"capInsets":[0,0,0,0]}],[1],0,[0],[0],[3]],[[[0,"A_busy_street",".mp3",1.632],-1],0,0,[],[],[]],[[{"name":"wet_cat","rect":[0,0,307,337],"offset":[0,0],"originalSize":[307,337],"capInsets":[0,0,0,0]}],[1],0,[0],[0],[4]],[[[0,"A_long_snake",".mp3",1.536],-1],0,0,[],[],[]],[["0,9729,9729,33071,33071,0,0,1",-1],[0],0,[],[],[]],[[{"name":"black_car","rect":[0,0,512,384],"offset":[0,0],"originalSize":[512,384],"capInsets":[0,0,0,0]}],[1],0,[0],[0],[5]],[[{"name":"huge","rect":[0,0,996,684],"offset":[0,0],"originalSize":[996,684],"capInsets":[0,0,0,0]}],[1],0,[0],[0],[6]],[["0,9729,9729,33071,33071,0,0,1",-1],[0],0,[],[],[]],[["0,9729,9729,33071,33071,0,0,1",-1],[0],0,[],[],[]],[[[0,"A_wet_cat",".mp3",1.416],-1],0,0,[],[],[]],[["0,9729,9729,33071,33071,0,0,1",-1],[0],0,[],[],[]],[["0,9729,9729,33071,33071,0,0,1",-1],[0],0,[],[],[]],[["0,9729,9729,33071,33071,0,0,1",-1],[0],0,[],[],[]],[[[0,"A_little_mouse",".mp3",1.536],-1],0,0,[],[],[]],[[[1,"en3105",{"rows":[["createsentence","1","Description","A/broken/bottle.","","broken_bottle.png","a_broken_bottle.mp3"],["createsentence","1","Description","A/busy/street.","","busy_street.png","A_busy_street.mp3"],["createsentence","1","Description","A/round/plate.","","round_plate.png","A_round_plate.mp3"],["createsentence","1","Description","A/huge/elephant.","","huge.png","a_huge_elephant.mp3"],["createsentence","1","Description","A/little/mouse.","","little.png","A_little_mouse.mp3"],["createsentence","1","Description","A/long/snake.","","snake.png","A_long_snake.mp3"],["createsentence","1","Description","A/black/car.","","black_car.png","A_black_car.mp3"],["createsentence","1","Description","A/wet/cat.","","wet_cat.png","A_wet_cat.mp3"],["quizliteracy","1","Description","sentence_sentence","busy","busy","round","little","","A ____street.","A_busy_street.mp3"],["quizliteracy","1","Description","sentence_sentence","huge","broken","huge","black","","A ____ elelphant.","a_huge_elephant.mp3"],["quizliteracy","1","Description","sentence_sentence","black","red","blue","black","","A _____ car.","A_black_car.mp3"]]}]],0,0,[],[],[]],[[{"name":"round_plate","rect":[0,0,512,512],"offset":[0,0],"originalSize":[512,512],"capInsets":[0,0,0,0]}],[1],0,[0],[0],[7]],[[[0,"a_broken_bottle",".mp3",1.728],-1],0,0,[],[],[]],[[[0,"a_huge_elephant",".mp3",1.896],-1],0,0,[],[],[]]]]