[1,["d4DwswYR1L3rm476VHaAbg","7c3McT51lHUZW4b6p5Ha3j","00z61YI9VM4oUqSPIrGTEv","14OYy+K8VMyY3aLYNjUnoo","f5ol4e0ddEBZXiuJF8KDEz","027HRbls5G36To08jlB1S8","e0XrZBe+1H76lUFd0hF6Rv","3aUbO5Pi1I0qG6Lq7RUqKm","6b6EhK2z5JlLCuJGybPFH4","a0pKxQdvZMT666QuT38Phz","7cgK1iiMRNL4gfuo3bGPrW","48rSoBEQhME6DJyBhCuQ7N","baHe8GxGBP8o5X5opK0sDH","448Q80psdJTo5aUCgORgGd","24ppWtEmNCdLAWnjtHXfiR","3bevrOaq1FQ4JoKKelRr5c","c39rDKdnpHtpMrMadxrqV3","e9t/2aMO9INaeTyvpbKZQc","c4x2H0JAdGloVfHYgoEP5J","c1qscDLnZCuYQoc/LO2VAv","d34UuJ7M1IoLu5o27DxJhU","e28lUrZs5EU7UWvOYjUiG9","97Rr43JA9FoqDnQ/X2mJCU","ebTppWe4hGZbwY7BWVJopU","7aR95JIYBMwrJTwim2GlZL","b875bawCxH063Zw5XpgQOy","7eMdEokzRHNL25JVCt5ird","44yMZqNGpFjI/bWXPxJZ4g","15jiFJdC1NpbluJJ51B3/u","08haMuR7lADrv014R4IJB4","16v5TtgQRNpYLw4ctbYaUY","d6c6AEHl1AK52oFqaRtsCi","6cDOLue59BKKwdTM9Xpnld","f6RgREyApBL6JICf9j4Ucb","8ejZ+7fWBBBaY7YvlqtWWR","7chiKEAKlC6q8RKvRBvzI0","b1XLHOk0FIqaKxGbzA4l5u","67+c31TEJOErBnnCiIcsR9"],["_textureSetter"],["cc.Texture2D","cc.SpriteFrame",["cc.AudioClip",["_name","_native","duration"],0],["cc.JsonAsset",["_name","json"],1]],[[2,0,1,2,4],[3,0,1,3]],[[["0,9729,9729,33071,33071,0,0,1",-1],[0],0,[],[],[]],[["1,9729,9729,33071,33071,0,0,1",-1],[0],0,[],[],[]],[[{"name":"ap2_puzzle1_background","rect":[0,0,802,432],"offset":[0,0],"originalSize":[802,432],"capInsets":[0,0,0,0]}],[1],0,[0],[0],[0]],[[[0,"eagle",".mp3",0.96],-1],0,0,[],[],[]],[[{"name":"ap2_puzzle7_cat_puzzle","rect":[3,2,316,341],"offset":[0.5,4],"originalSize":[321,353],"capInsets":[0,0,0,0]}],[1],0,[0],[0],[1]],[["0,9729,9729,33071,33071,0,0,1",-1],[0],0,[],[],[]],[[{"name":"ap_puzzle5_eagle1_puzzle","rect":[3,2,341,144],"offset":[1.5,4],"originalSize":[344,156],"capInsets":[0,0,0,0]}],[1],0,[0],[0],[2]],[[{"name":"cow","rect":[0,0,512,512],"offset":[0,0],"originalSize":[512,512],"capInsets":[0,0,0,0]}],[1],0,[0],[0],[3]],[["0,9729,9729,33071,33071,0,0,1",-1],[0],0,[],[],[]],[["0,9729,9729,33071,33071,0,0,1",-1],[0],0,[],[],[]],[[{"name":"ap_puzzle4_elephant2_puzzle","rect":[4,5,241,328],"offset":[0.5,4],"originalSize":[248,346],"capInsets":[0,0,0,0]}],[1],0,[0],[0],[4]],[["0,9729,9729,33071,33071,0,0,1",-1],[0],0,[],[],[]],[[{"name":"ap_puzzle5_background","rect":[0,0,802,432],"offset":[0,0],"originalSize":[802,432],"capInsets":[0,0,0,0]}],[1],0,[0],[0],[5]],[[{"name":"ap2_puzzle5_dog_puzzle","rect":[5,4,467,331],"offset":[1,4],"originalSize":[475,347],"capInsets":[0,0,0,0]}],[1],0,[0],[0],[6]],[[{"name":"ap2_puzzle11_background","rect":[0,0,802,432],"offset":[0,0],"originalSize":[802,432],"capInsets":[0,0,0,0]}],[1],0,[0],[0],[7]],[["0,9729,9729,33071,33071,0,0,1",-1],[0],0,[],[],[]],[[{"name":"ap2_puzzle11_gazelle1_puzzle","rect":[2,2,309,222],"offset":[0,4.5],"originalSize":[313,235],"capInsets":[0,0,0,0]}],[1],0,[0],[0],[8]],[[{"name":"ap_puzzle4_background","rect":[0,0,802,432],"offset":[0,0],"originalSize":[802,432],"capInsets":[0,0,0,0]}],[1],0,[0],[0],[9]],[[{"name":"ap2_puzzle10_goat1_puzzle","rect":[4,1,247,325],"offset":[2,5],"originalSize":[251,337],"capInsets":[0,0,0,0]}],[1],0,[0],[0],[10]],[[[0,"cow",".mp3",0.768],-1],0,0,[],[],[]],[[{"name":"ap_puzzle3_bird2_puzzle","rect":[3,3,118,286],"offset":[0.5,4],"originalSize":[123,300],"capInsets":[0,0,0,0]}],[1],0,[0],[0],[11]],[[[0,"bugs",".mp3",1.2],-1],0,0,[],[],[]],[[[0,"birds",".mp3",1.272],-1],0,0,[],[],[]],[[{"name":"ap_puzzle7_cow1_puzzle","rect":[3,4,269,184],"offset":[0.5,4],"originalSize":[274,200],"capInsets":[0,0,0,0]}],[1],0,[0],[0],[12]],[["1,9729,9729,33071,33071,0,0,1",-1],[0],0,[],[],[]],[["0,9729,9729,33071,33071,0,0,1",-1],[0],0,[],[],[]],[[[0,"gazelle",".mp3",1.104],-1],0,0,[],[],[]],[[{"name":"ap2_puzzle5_background","rect":[0,0,802,432],"offset":[0,0],"originalSize":[802,432],"capInsets":[0,0,0,0]}],[1],0,[0],[0],[13]],[["0,9729,9729,33071,33071,0,0,1",-1],[0],0,[],[],[]],[["1,9729,9729,33071,33071,0,0,1",-1],[0],0,[],[],[]],[["0,9729,9729,33071,33071,0,0,1",-1],[0],0,[],[],[]],[[{"name":"ap_puzzle2_ladybug1_puzzle","rect":[3,1,380,220],"offset":[1,5],"originalSize":[384,232],"capInsets":[0,0,0,0]}],[1],0,[0],[0],[14]],[[{"name":"elephant","rect":[0,0,512,342],"offset":[0,0],"originalSize":[512,342],"capInsets":[0,0,0,0]}],[1],0,[0],[0],[15]],[[{"name":"ap2_puzzle5_ball_puzzle","rect":[3,1,189,189],"offset":[0,4.5],"originalSize":[195,200],"capInsets":[0,0,0,0]}],[1],0,[0],[0],[16]],[[{"name":"ap_puzzle3_bird3_puzzle","rect":[4,7,133,238],"offset":[1.5,1.5],"originalSize":[138,255],"capInsets":[0,0,0,0]}],[1],0,[0],[0],[17]],[[{"name":"ap2_puzzle10_background","rect":[0,0,802,432],"offset":[0,0],"originalSize":[802,432],"capInsets":[0,0,0,0]}],[1],0,[0],[0],[18]],[[{"name":"ap_puzzle5_eagle2_puzzle","rect":[4,6,355,192],"offset":[0,3],"originalSize":[363,210],"capInsets":[0,0,0,0]}],[1],0,[0],[0],[19]],[["1,9729,9729,33071,33071,0,0,1",-1],[0],0,[],[],[]],[["0,9729,9729,33071,33071,0,0,1",-1],[0],0,[],[],[]],[["0,9729,9729,33071,33071,0,0,1",-1],[0],0,[],[],[]],[[[0,"cat_and_butterfly",".mp3",2.016],-1],0,0,[],[],[]],[[{"name":"ap_puzzle7_cow3_puzzle","rect":[2,7,193,141],"offset":[-1,2.5],"originalSize":[199,160],"capInsets":[0,0,0,0]}],[1],0,[0],[0],[20]],[["1,9729,9729,33071,33071,0,0,1",-1],[0],0,[],[],[]],[["0,9729,9729,33071,33071,0,0,1",-1],[0],0,[],[],[]],[["0,9729,9729,33071,33071,0,0,1",-1],[0],0,[],[],[]],[["0,9729,9729,33071,33071,0,0,1",-1],[0],0,[],[],[]],[["0,9729,9729,33071,33071,0,0,1",-1],[0],0,[],[],[]],[[{"name":"ap2_puzzle10_goat2_puzzle","rect":[0,2,224,280],"offset":[-1,4.5],"originalSize":[226,293],"capInsets":[0,0,0,0]}],[1],0,[0],[0],[21]],[["1,9729,9729,33071,33071,0,0,1",-1],[0],0,[],[],[]],[[{"name":"ap_puzzle2_ladybug2_puzzle","rect":[3,2,230,151],"offset":[-2.5,4],"originalSize":[241,163],"capInsets":[0,0,0,0]}],[1],0,[0],[0],[22]],[[[0,"bird",".mp3",1.056],-1],0,0,[],[],[]],[[{"name":"ap_puzzle4_elephant3_puzzle","rect":[3,5,153,182],"offset":[0.5,2],"originalSize":[158,196],"capInsets":[0,0,0,0]}],[1],0,[0],[0],[23]],[["0,9729,9729,33071,33071,0,0,1",-1],[0],0,[],[],[]],[[{"name":"ap_puzzle2_background","rect":[0,0,802,432],"offset":[0,0],"originalSize":[802,432],"capInsets":[0,0,0,0]}],[1],0,[0],[0],[24]],[[{"name":"dog","rect":[0,0,499,512],"offset":[0,0],"originalSize":[499,512],"capInsets":[0,0,0,0]}],[1],0,[0],[0],[25]],[["1,9729,9729,33071,33071,0,0,1",-1],[0],0,[],[],[]],[[{"name":"ap_puzzle7_cow2_puzzle","rect":[4,4,191,239],"offset":[0.5,3],"originalSize":[198,253],"capInsets":[0,0,0,0]}],[1],0,[0],[0],[26]],[[{"name":"ap2_puzzle1_bird_puzzle","rect":[2,2,379,317],"offset":[0.5,4.5],"originalSize":[382,330],"capInsets":[0,0,0,0]}],[1],0,[0],[0],[27]],[[{"name":"ap_puzzle3_bird1_puzzle","rect":[4,3,115,297],"offset":[1.5,3.5],"originalSize":[120,310],"capInsets":[0,0,0,0]}],[1],0,[0],[0],[28]],[[{"name":"ap_puzzle7_cow4_puzzle","rect":[4,1,192,217],"offset":[0.5,4.5],"originalSize":[199,228],"capInsets":[0,0,0,0]}],[1],0,[0],[0],[29]],[[[1,"en1900",{"rows":[["pictureboard","1","Description","Ball and Dog","ap2_puzzle5_background.jpg","2","","ball_and_dog.mp3","ap2_puzzle5_ball_puzzle.png","154","78","","ap2_puzzle5_dog_puzzle.png","906","78"],["pictureboard","1","Description","Bird","ap2_puzzle1_background.jpg","1","","bird.mp3","ap2_puzzle1_bird_puzzle.png","825","95"],["pictureboard","1","Description","Birds","ap_puzzle3_background.jpg","3","","birds.mp3","ap_puzzle3_bird1_puzzle.png","405","28","","ap_puzzle3_bird2_puzzle.png","973","356","","ap_puzzle3_bird3_puzzle.png","1829","-35"],["pictureboard","1","Description","Bugs","ap_puzzle2_background.jpg","2","","bugs.mp3","ap_puzzle2_ladybug1_puzzle.png","250","424","","ap_puzzle2_ladybug2_puzzle.png","1390","188"],["pictureboard","1","Description","Cat and Butterfly","ap2_puzzle7_background.jpg","2","","cat_and_butterfly.mp3","ap2_puzzle7_butterfly_puzzle.png","1280","698","","ap2_puzzle7_cat_puzzle.png","72","54"],["pictureboard","1","Description","Cow","ap_puzzle7_background.jpg","4","_ap_puzzle7_mask","cow.mp3","ap_puzzle7_cow1_puzzle.png","436","580","","ap_puzzle7_cow2_puzzle.png","760","22","","ap_puzzle7_cow3_puzzle.png","1184","580","","ap_puzzle7_cow4_puzzle.png","1302","72"],["pictureboard","1","Description","Eagle","ap_puzzle5_background.jpg","3","","eagle.mp3","ap_puzzle5_eagle1_puzzle.png","106","236","","ap_puzzle5_eagle2_puzzle.png","730","166","","ap_puzzle5_eagle3_puzzle.png","1115","530"],["pictureboard","1","Description","Elephants","ap_puzzle4_background.jpg","3","","elephants.mp3","ap_puzzle4_elephant1_puzzle.png","146","96","","ap_puzzle4_elephant2_puzzle.png","1056","173","","ap_puzzle4_elephant3_puzzle.png","1736","96"],["pictureboard","1","Description","Gazelle","ap2_puzzle11_background.jpg","2","","gazelle.mp3","ap2_puzzle11_gazelle1_puzzle.png","726","566","","ap2_puzzle11_gazelle2_puzzle.png","690","0"],["pictureboard","1","Description","Goat","ap2_puzzle10_background.jpg","2","","goat.mp3","ap2_puzzle10_goat1_puzzle.png","590","154","","ap2_puzzle10_goat2_puzzle.png","1345","110"],["quizliteracy","1","Description","image_word","Elephant","Elephant","Cow","Horse","elephant.png"],["quizliteracy","1","Description","image_word","Bug","Bug","Birds","Dog","bug.png"],["quizliteracy","1","Description","image_word","cow","cat","frog","cow","cow.png"],["quizliteracy","1","Description","image_word","dog","dot","dog","dad","dog.png"],["quizliteracy","1","Description","soundonly_word","goat","gift","boat","goat","","","goat.mp3"]]}]],0,0,[],[],[]],[[{"name":"ap2_puzzle11_gazelle2_puzzle","rect":[1,1,266,206],"offset":[-0.5,5.5],"originalSize":[269,219],"capInsets":[0,0,0,0]}],[1],0,[0],[0],[30]],[["0,9729,9729,33071,33071,0,0,1",-1],[0],0,[],[],[]],[[{"name":"bug","rect":[36,36,846,594],"offset":[0,0],"originalSize":[918,666],"capInsets":[0,0,0,0]}],[1],0,[0],[0],[31]],[["0,9729,9729,33071,33071,0,0,1",-1],[0],0,[],[],[]],[["0,9729,9729,33071,33071,0,0,1",-1],[0],0,[],[],[]],[[{"name":"ap_puzzle4_elephant1_puzzle","rect":[5,4,289,341],"offset":[0.5,2.5],"originalSize":[298,354],"capInsets":[0,0,0,0]}],[1],0,[0],[0],[32]],[["0,9729,9729,33071,33071,0,0,1",-1],[0],0,[],[],[]],[["0,9729,9729,33071,33071,0,0,1",-1],[0],0,[],[],[]],[["1,9729,9729,33071,33071,0,0,1",-1],[0],0,[],[],[]],[["0,9729,9729,33071,33071,0,0,1",-1],[0],0,[],[],[]],[["1,9729,9729,33071,33071,0,0,1",-1],[0],0,[],[],[]],[["0,9729,9729,33071,33071,0,0,1",-1],[0],0,[],[],[]],[[{"name":"ap_puzzle7_background","rect":[0,0,802,432],"offset":[0,0],"originalSize":[802,432],"capInsets":[0,0,0,0]}],[1],0,[0],[0],[33]],[[[0,"ball_and_dog",".mp3",1.896],-1],0,0,[],[],[]],[[{"name":"ap2_puzzle7_background","rect":[0,0,802,432],"offset":[0,0],"originalSize":[802,432],"capInsets":[0,0,0,0]}],[1],0,[0],[0],[34]],[["0,9729,9729,33071,33071,0,0,1",-1],[0],0,[],[],[]],[["0,9729,9729,33071,33071,0,0,1",-1],[0],0,[],[],[]],[[[0,"elephants",".mp3",1.44],-1],0,0,[],[],[]],[[[0,"goat",".mp3",0.984],-1],0,0,[],[],[]],[[{"name":"ap_puzzle5_eagle3_puzzle","rect":[5,5,368,212],"offset":[0,3],"originalSize":[378,228],"capInsets":[0,0,0,0]}],[1],0,[0],[0],[35]],[["0,9729,9729,33071,33071,0,0,1",-1],[0],0,[],[],[]],[["0,9729,9729,33071,33071,0,0,1",-1],[0],0,[],[],[]],[[{"name":"ap2_puzzle7_butterfly_puzzle","rect":[2,3,129,151],"offset":[0.5,4.5],"originalSize":[132,166],"capInsets":[0,0,0,0]}],[1],0,[0],[0],[36]],[["0,9729,9729,33071,33071,0,0,1",-1],[0],0,[],[],[]],[["1,9729,9729,33071,33071,0,0,1",-1],[0],0,[],[],[]],[[{"name":"ap_puzzle3_background","rect":[0,0,802,432],"offset":[0,0],"originalSize":[802,432],"capInsets":[0,0,0,0]}],[1],0,[0],[0],[37]]]]