[1,["5bvhLzojtBt4nOR97Qwrn+","27h7deJQFLI4DscBjnnSju","97OadFHylDDoQZWrJy2Lkv","b76PmFjGpKoIQQ7MWgOESY","46DkQdwWlETY9dSXCpYa7I","fbUZNIq8pCTZivCCZLUvKb","05fUtatghFsJG/CmIbC8Jr","49m7fN27lPdLtS/SyRr9Uf","79bE6EUq1BnpXvAOX+i4gf","42z/ErUm5Dm4DRbgtjWe44","e9eP6JZj1Ce6Sl8OvmRszi"],["_textureSetter"],["cc.Texture2D","cc.SpriteFrame",["cc.AudioClip",["_name","_native","duration"],0],["cc.JsonAsset",["_name","json"],1]],[[2,0,1,2,4],[3,0,1,3]],[[["0,9729,9729,33071,33071,0,0,1",-1],[0],0,[],[],[]],[[[0,"एक_काली_किताब।",".mp3",1.48898],-1],0,0,[],[],[]],[[[0,"एक_नारंगी_शर्ट।",".mp3",1.802449],-1],0,0,[],[],[]],[["0,9729,9729,33071,33071,0,0,1",-1],[0],0,[],[],[]],[[[0,"सफेद",".mp3",0.783673],-1],0,0,[],[],[]],[[{"name":"l2_greenbook","rect":[0,0,868,689],"offset":[0,0],"originalSize":[868,689],"capInsets":[0,0,0,0]}],[1],0,[0],[0],[0]],[["0,9729,9729,33071,33071,0,0,1",-1],[0],0,[],[],[]],[["0,9729,9729,33071,33071,0,0,1",-1],[0],0,[],[],[]],[[[0,"एक_हरी_किताब।",".mp3",1.410612],-1],0,0,[],[],[]],[["0,9729,9729,33071,33071,0,0,1",-1],[0],0,[],[],[]],[[{"name":"l1_orangeshirt","rect":[0,0,868,689],"offset":[0,0],"originalSize":[868,689],"capInsets":[0,0,0,0]}],[1],0,[0],[0],[1]],[["0,9729,9729,33071,33071,0,0,1",-1],[0],0,[],[],[]],[[{"name":"l1_orangedress","rect":[0,0,868,689],"offset":[0,0],"originalSize":[868,689],"capInsets":[0,0,0,0]}],[1],0,[0],[0],[2]],[[{"name":"l2_blueball","rect":[0,0,868,689],"offset":[0,0],"originalSize":[868,689],"capInsets":[0,0,0,0]}],[1],0,[0],[0],[3]],[[[0,"रंग",".mp3",0.626939],-1],0,0,[],[],[]],[[{"name":"l2_pinkbook","rect":[0,0,868,689],"offset":[0,0],"originalSize":[868,689],"capInsets":[0,0,0,0]}],[1],0,[0],[0],[4]],[[{"name":"l2_blackbook","rect":[0,0,868,689],"offset":[0,0],"originalSize":[868,689],"capInsets":[0,0,0,0]}],[1],0,[0],[0],[5]],[["1,9729,9729,33071,33071,0,0,1",-1],[0],0,[],[],[]],[[[0,"हरा",".mp3",0.653061],-1],0,0,[],[],[]],[[[0,"नीला",".mp3",0.809796],-1],0,0,[],[],[]],[[[0,"एक_लाल_गेंद।",".mp3",1.410612],-1],0,0,[],[],[]],[[[0,"एक_गुलाबी_किताब।",".mp3",1.697959],-1],0,0,[],[],[]],[[[0,"आसमान_नीला_है",".mp3",1.541224],-1],0,0,[],[],[]],[["0,9729,9729,33071,33071,0,0,1",-1],[0],0,[],[],[]],[[[0,"यह_गेंद_नारंगी_हैं",".mp3",1.776327],-1],0,0,[],[],[]],[[[0,"लाल",".mp3",0.679184],-1],0,0,[],[],[]],[[[1,"hi1502",{"rows":[["fillblank","1","Description","बिल्लियाँ [काली] हैं।","बिल्लियाँ_काली_हैं.mp3","हरी ","नारंगी","नीली  ","10"],["fillblank","1","Description","आसमान [नीला] है।","आसमान_नीला_है.mp3","हरा","पीला","काला","10"],["fillblank","1","Description","यह गेंद [नारंगी] हैं।","यह_गेंद_नारंगी_हैं.mp3","पीला","नीला","काला","10"],["picturemeaning","1","Description","P","एक नारंगी टोपी।","l1_orangehat.png","एक_नारंगी_टोपी।.mp3","एक नारंगी शर्ट।","l1_orangeshirt.png","एक_नारंगी_शर्ट।.mp3","एक नारंगी पोशाक।","l1_orangedress.png","एक_नारंगी_पोशाक।.mp3"],["picturemeaning","1","Description","S","एक लाल गेंद","l2_redball.png","एक_लाल_गेंद।.mp3","एक नीली गेंद","l2_blueball.png","एक_नीली_गेंद।.mp3","एक पीली गेंद","l2_yellowball.png","एक_पीली_गेंद।.mp3"],["picturemeaning","1","Description","S","एक हरी किताब","l2_greenbook.png","एक_हरी_किताब।.mp3","एक गुलाबी किताब","l2_pinkbook.png","एक_गुलाबी_किताब।.mp3","एक काली किताब","l2_blackbook.png","एक_काली_किताब।.mp3"],["tag","1","Description","image_12_4.jpg","रंग ","1134.-1520","रंग.mp3","लाल","849.-917","लाल.mp3","नीला","408.-1231","नीला.mp3","हरा","608.-448","हरा.mp3","पीला","1134.-709","पीला.mp3"],["tag","1","Description","image_13_4.jpg","रंग ","719.-1520","रंग.mp3","काला","1155.-1147","काला.mp3","सफ़ेद","628.-631","सफेद.mp3","गुलाबी","408.-1147","गुलाबी.mp3","नारंगी","1257.-528","नारंगी.mp3"],["quizliteracy","1","Description","sentence_sentence","काली","काली","नारंगी","हरी","","बिल्लियाँ ----- हैं।","बिल्लियाँ_काली_हैं.mp3"],["quizliteracy","1","Description","sentence_sentence","नारंगी","हरी","काली","नारंगी","","एक ______ टोपी","एक_नारंगी_टोपी।.mp3"],["quizliteracy","1","Description","sentence_sentence","हरी","नारंगी","हरी","काली","","एक ____ किताब","एक_हरी_किताब।.mp3"]]}]],0,0,[],[],[]],[[{"name":"l1_orangehat","rect":[0,0,868,689],"offset":[0,0],"originalSize":[868,689],"capInsets":[0,0,0,0]}],[1],0,[0],[0],[6]],[[[0,"गुलाबी",".mp3",1.632],-1],0,0,[],[],[]],[[[0,"बैंगनी",".mp3",0.914286],-1],0,0,[],[],[]],[[[0,"एक_नारंगी_पोशाक।",".mp3",1.802449],-1],0,0,[],[],[]],[[[0,"काली",".mp3",0.705306],-1],0,0,[],[],[]],[["0,9729,9729,33071,33071,0,0,1",-1],[0],0,[],[],[]],[[[0,"पीला",".mp3",0.600816],-1],0,0,[],[],[]],[[[0,"नारंगी",".mp3",0.940408],-1],0,0,[],[],[]],[[[0,"एक_नीली_गेंद।",".mp3",1.462857],-1],0,0,[],[],[]],[[[0,"एक_नारंगी_टोपी।",".mp3",1.724082],-1],0,0,[],[],[]],[[[0,"काला",".mp3",0.888],-1],0,0,[],[],[]],[[{"name":"l2_yellowball","rect":[0,0,868,689],"offset":[0,0],"originalSize":[868,689],"capInsets":[0,0,0,0]}],[1],0,[0],[0],[7]],[[[0,"बिल्लियाँ_काली_हैं",".mp3",1.38449],-1],0,0,[],[],[]],[[{"name":"image_13_4","rect":[0,0,845,695],"offset":[0,0],"originalSize":[845,695],"capInsets":[0,0,0,0]}],[1],0,[0],[0],[8]],[["1,9729,9729,33071,33071,0,0,1",-1],[0],0,[],[],[]],[[[0,"एक_पीली_गेंद।",".mp3",1.515102],-1],0,0,[],[],[]],[[{"name":"l2_redball","rect":[0,0,868,689],"offset":[0,0],"originalSize":[868,689],"capInsets":[0,0,0,0]}],[1],0,[0],[0],[9]],[[{"name":"image_12_4","rect":[0,0,845,695],"offset":[0,0],"originalSize":[845,695],"capInsets":[0,0,0,0]}],[1],0,[0],[0],[10]],[["0,9729,9729,33071,33071,0,0,1",-1],[0],0,[],[],[]]]]