[1,["c4lt6z2l1LHY+Cuc8M6CVX","b5Ak+9M29Duaez9L8/KTet"],["_textureSetter"],["cc.SpriteFrame","cc.Texture2D",["cc.AudioClip",["_name","_native","duration"],0],["cc.JsonAsset",["_name","json"],1]],[[2,0,1,2,4],[3,0,1,3]],[[[{"name":"श्रमिक","rect":[0,0,400,333],"offset":[0,0],"originalSize":[400,333],"capInsets":[0,0,0,0]}],[0],0,[0],[0],[0]],[[[0,"श्रमिक",".mp3",0.809796],-1],0,0,[],[],[]],[[[0,"श्रवण",".mp3",0.731429],-1],0,0,[],[],[]],[[{"name":"श्रवण","rect":[0,0,400,333],"offset":[0,0],"originalSize":[400,333],"capInsets":[0,0,0,0]}],[0],0,[0],[0],[1]],[["0,9729,9729,33071,33071,0,0,1",-1],[1],0,[],[],[]],[["0,9729,9729,33071,33071,0,0,1",-1],[1],0,[],[],[]],[[[1,"hi0136",{"rows":[["phonictractor","1","Description","5","श्र","श्र.mp3","श्र","श्र.mp3"],["writeletter","1","Description","श्र","श्रमिक"],["writecard","1","Description","श्र","श्रमिक","श्रमिक.png","श्रमिक.mp3","श्रवण","श्रवण.png","श्रवण.mp3","श्रदांजलि","श्रदांजलि.png","श्रदांजलि.mp3"],["quizliteracy","1","Description","soundonly_word","श्र","श्र","ज्ञ","ह","","","श्र.mp3"],["quizliteracy","1","Description","word_word","श्र","ज्ञ","श्र","त्र","","श्र"],["quizliteracy","1","Description","soundonly_word","श्र","क्ष","त्र","श्र","","","श्र.mp3"]]}]],0,0,[],[],[]],[[[0,"श्रदांजलि",".mp3",1.149388],-1],0,0,[],[],[]],[[[0,"श्र",".mp3",0.626939],-1],0,0,[],[],[]]]]