[1,["47mfJ2cMJByojTDaYqMtHb","5e4hDZvDpMSZT/VatJx5Mw","d9OPVEVi1J6pf0qnZh9n4S","80FEvYbWFAtreMEtVUljRp","8e5aXhZSlPVqJB4ZWEh8rQ"],["_textureSetter"],["cc.Texture2D","cc.SpriteFrame",["cc.AudioClip",["_name","_native","duration"],0],["cc.JsonAsset",["_name","json"],1]],[[2,0,1,2,4],[3,0,1,3]],[[[[0,"I_am_fast",".mp3",1.38449],-1],0,0,[],[],[]],[["1,9729,9729,33071,33071,0,0,1",-1],[0],0,[],[],[]],[["0,9729,9729,33071,33071,0,0,1",-1],[0],0,[],[],[]],[[[1,"sl_en2301",{"rows":[["jumpsentence","1","Description","[You] [are] [kind.]","You_are_kind.mp3","y","unlocked"],["jumpsentence","1","Description","[She] [is] [short.]","She_is_short.mp3","y","unlocked"],["jumpsentence","1","Description","[I] [am] [fast.]","I_am_fast.mp3","y","unlocked"],["createsentence","1","Description","The plant/grows","","The_plantgrows.jpg","The_plant_grows.mp3"],["createsentence","1","Description","The ball/bounces","","The_ballbounces.jpg","The_ball_bounces.mp3"],["createsentence","1","Description","The cow/eats","","Iteats.jpg","The_cow_eats.mp3"],["createsentence","1","Description","Massa/drinks/milk","","Massa_drinks_milk.png","Massa_drinks_milk.mp3"],["quizliteracy","1","Description","image_sentence","The ball bounces.","The ball flies.","The ball bounces.","The ball falls.","The_ballbounces.jpg","","The_ball_bounces.mp3"],["quizliteracy","1","Description","image_sentence","The plant grows.","The plant dries.","The plant is short.","The plant grows.","The_plantgrows.jpg","","The_plant_grows.mp3"],["quizliteracy","1","Description","image_sentence","Megan reads.","Megan sings.","Megan reads.","Megan runs.","Komalreadsa_book.jpg","","Megan_reads.mp3"],["quizliteracy","1","Description","image_sentence","The cow eats.","Edward eats.","The cow eats.","Massa eats.","Iteats.jpg","","The_cow_eats.mp3"],["quizliteracy","1","Description","image_sentence","Massa drinks milk.","Massa drinks milk.","Massa eats salad.","Massa runs fast.","Massa_drinks_milk.png","","Massa_drinks_milk.mp3"]]}]],0,0,[],[],[]],[["1,9729,9729,33071,33071,0,0,1",-1],[0],0,[],[],[]],[[[0,"She_is_short",".mp3",1.123265],-1],0,0,[],[],[]],[[[0,"You_are_kind",".mp3",1.410612],-1],0,0,[],[],[]],[[[0,"The_plant_grows",".mp3",1.48898],-1],0,0,[],[],[]],[["1,9729,9729,33071,33071,0,0,1",-1],[0],0,[],[],[]],[[{"name":"Komalreadsa_book","rect":[0,0,1073,1157],"offset":[0,0],"originalSize":[1073,1157],"capInsets":[0,0,0,0]}],[1],0,[0],[0],[0]],[[{"name":"Massa_drinks_milk","rect":[0,0,290,384],"offset":[0,0],"originalSize":[290,384],"capInsets":[0,0,0,0]}],[1],0,[0],[0],[1]],[[[0,"The_cow_eats",".mp3",1.332245],-1],0,0,[],[],[]],[[{"name":"Iteats","rect":[0,0,1073,1157],"offset":[0,0],"originalSize":[1073,1157],"capInsets":[0,0,0,0]}],[1],0,[0],[0],[2]],[[[0,"The_ball_bounces",".mp3",1.436735],-1],0,0,[],[],[]],[["1,9729,9729,33071,33071,0,0,1",-1],[0],0,[],[],[]],[[[0,"Massa_drinks_milk.mp3",".mp3",1.828571],-1],0,0,[],[],[]],[[{"name":"The_ballbounces","rect":[0,0,1073,772],"offset":[0,0],"originalSize":[1073,772],"capInsets":[0,0,0,0]}],[1],0,[0],[0],[3]],[[{"name":"The_plantgrows","rect":[0,0,800,536],"offset":[0,0],"originalSize":[800,536],"capInsets":[0,0,0,0]}],[1],0,[0],[0],[4]],[[[0,"Megan_reads.mp3",".mp3",1.671837],-1],0,0,[],[],[]]]]