[1,["01EWa6UXdB+qaQa2fZFJKV","1dLXEnaqRGzL8JmF8iVtIx"],["_textureSetter"],["cc.Texture2D","cc.SpriteFrame",["cc.JsonAsset",["_name","json"],1]],[[2,0,1,3]],[[["0,9729,9729,33071,33071,0,0,1",-1],[0],0,[],[],[]],[["0,9729,9729,33071,33071,0,0,1",-1],[0],0,[],[],[]],[[{"name":"flower-outline-tutorial","rect":[187,2,640,608],"offset":[7,0],"originalSize":[1000,612],"capInsets":[0,0,0,0]}],[1],0,[0],[0],[0]],[[{"name":"flower-outline","rect":[195,10,626,596],"offset":[8,-2],"originalSize":[1000,612],"capInsets":[0,0,0,0]}],[1],0,[0],[0],[1]],[[[0,"drawshape0003",{"rows":[["drawshape","1","Description","flower-outline-tutorial.png"]]}]],0,0,[],[],[]],[[[0,"flower-outline-tutorial-json",[[{"x":478,"y":469.5},{"x":482,"y":472.5},{"x":485,"y":475.5},{"x":487,"y":478.5},{"x":491,"y":480.5},{"x":494,"y":482.5},{"x":497,"y":485.5},{"x":502,"y":486.5},{"x":504,"y":489.5},{"x":508,"y":489.5},{"x":511,"y":492.5},{"x":515,"y":494.5},{"x":520,"y":494.5},{"x":522,"y":497.5},{"x":525,"y":496.5},{"x":528,"y":497.5},{"x":529,"y":500.5},{"x":533,"y":499.5},{"x":537,"y":499.5},{"x":544,"y":501.5},{"x":548,"y":502.5},{"x":552,"y":503.5},{"x":556,"y":504.5},{"x":560,"y":505.5},{"x":564,"y":506.5},{"x":568,"y":507.5},{"x":573,"y":509.5},{"x":576,"y":510.5},{"x":581,"y":509.5},{"x":585,"y":509.5},{"x":590,"y":509.5},{"x":595,"y":509.5},{"x":600,"y":509.5},{"x":604,"y":507.5},{"x":608,"y":506.5},{"x":613,"y":504.5},{"x":618,"y":502.5},{"x":620,"y":499.5},{"x":626,"y":496.5},{"x":629,"y":494.5},{"x":631,"y":491.5},{"x":632,"y":487.5},{"x":635,"y":485.5},{"x":638,"y":480.5},{"x":643,"y":478.5},{"x":646,"y":476.5},{"x":648,"y":473.5},{"x":648,"y":467.5},{"x":648,"y":463.5},{"x":649,"y":459.5},{"x":650,"y":455.5},{"x":651,"y":450.5},{"x":652,"y":446.5},{"x":653,"y":443.5},{"x":656,"y":440.5},{"x":657,"y":436.5},{"x":659,"y":431.5},{"x":660,"y":425.5},{"x":663,"y":418.5},{"x":665,"y":414.5},{"x":667,"y":411.5},{"x":675,"y":411.5},{"x":676,"y":407.5},{"x":680,"y":407.5},{"x":685,"y":403.5},{"x":689,"y":400.5},{"x":693,"y":398.5},{"x":700,"y":390.5},{"x":703,"y":389.5},{"x":704,"y":385.5},{"x":712,"y":380.5},{"x":714,"y":377.5},{"x":721,"y":370.5},{"x":724,"y":367.5},{"x":732,"y":359.5},{"x":728,"y":363.5},{"x":731,"y":358.5},{"x":732,"y":353.5},{"x":735,"y":352.5},{"x":735,"y":348.5},{"x":738,"y":345.5},{"x":738,"y":340.5},{"x":743,"y":336.5},{"x":744,"y":332.5},{"x":746,"y":328.5},{"x":748,"y":324.5},{"x":750,"y":317.5},{"x":753,"y":315.5},{"x":753,"y":310.5},{"x":753,"y":306.5},{"x":753,"y":302.5},{"x":751,"y":299.5},{"x":752,"y":296.5},{"x":752,"y":289.5},{"x":752,"y":285.5},{"x":752,"y":280.5},{"x":752,"y":274.5},{"x":750,"y":270.5},{"x":749,"y":266.5},{"x":745,"y":261.5},{"x":742,"y":259.5},{"x":740,"y":255.5},{"x":738,"y":252.5},{"x":734,"y":248.5},{"x":733,"y":245.5},{"x":729,"y":241.5},{"x":726,"y":238.5},{"x":721,"y":235.5},{"x":720,"y":231.5},{"x":717,"y":228.5},{"x":714,"y":225.5},{"x":715,"y":222.5},{"x":712,"y":221.5},{"x":710,"y":218.5},{"x":707,"y":215.5},{"x":704,"y":212.5},{"x":701,"y":209.5},{"x":700,"y":203.5},{"x":700,"y":198.5},{"x":698,"y":191.5},{"x":699,"y":187.5},{"x":699,"y":181.5},{"x":699,"y":175.5},{"x":697,"y":171.5},{"x":696,"y":166.5},{"x":697,"y":163.5},{"x":697,"y":158.5},{"x":696,"y":154.5},{"x":694,"y":151.5},{"x":695,"y":148.5},{"x":694,"y":145.5},{"x":693,"y":141.5},{"x":691,"y":137.5},{"x":690,"y":134.5},{"x":689,"y":131.5},{"x":686,"y":124.5},{"x":684,"y":121.5},{"x":681,"y":119.5},{"x":679,"y":116.5},{"x":676,"y":113.5},{"x":673,"y":110.5},{"x":669,"y":106.5},{"x":666,"y":101.5},{"x":662,"y":100.5},{"x":660,"y":95.5},{"x":652,"y":95.5},{"x":647,"y":91.5},{"x":642,"y":91.5},{"x":638,"y":90.5},{"x":633,"y":88.5},{"x":628,"y":86.5},{"x":624,"y":86.5},{"x":619,"y":84.5},{"x":616,"y":82.5},{"x":613,"y":81.5},{"x":609,"y":80.5},{"x":606,"y":79.5},{"x":602,"y":80.5},{"x":598,"y":79.5},{"x":595,"y":77.5},{"x":590,"y":78.5},{"x":586,"y":78.5},{"x":580,"y":78.5},{"x":575,"y":80.5},{"x":571,"y":79.5},{"x":568,"y":80.5},{"x":565,"y":81.5},{"x":562,"y":83.5},{"x":557,"y":85.5},{"x":554,"y":88.5},{"x":551,"y":89.5},{"x":548,"y":90.5},{"x":545,"y":89.5},{"x":544,"y":92.5},{"x":540,"y":91.5},{"x":535,"y":88.5},{"x":531,"y":85.5},{"x":529,"y":82.5},{"x":526,"y":79.5},{"x":521,"y":74.5},{"x":518,"y":75.5},{"x":515,"y":74.5},{"x":509,"y":71.5},{"x":506,"y":70.5},{"x":503,"y":69.5},{"x":496,"y":68.5},{"x":493,"y":67.5},{"x":487,"y":66.5},{"x":483,"y":66.5},{"x":480,"y":64.5},{"x":476,"y":65.5},{"x":472,"y":65.5},{"x":467,"y":65.5},{"x":461,"y":65.5},{"x":457,"y":65.5},{"x":452,"y":65.5},{"x":447,"y":64.5},{"x":443,"y":64.5},{"x":439,"y":64.5},{"x":435,"y":64.5},{"x":431,"y":64.5},{"x":424,"y":66.5},{"x":420,"y":69.5},{"x":414,"y":73.5},{"x":408,"y":75.5},{"x":404,"y":77.5},{"x":400,"y":80.5},{"x":397,"y":82.5},{"x":394,"y":85.5},{"x":391,"y":88.5},{"x":388,"y":91.5},{"x":384,"y":97.5},{"x":380,"y":104.5},{"x":377,"y":107.5},{"x":375,"y":110.5},{"x":373,"y":113.5},{"x":372,"y":117.5},{"x":371,"y":121.5},{"x":368,"y":124.5},{"x":366,"y":127.5},{"x":364,"y":131.5},{"x":365,"y":135.5},{"x":364,"y":142.5},{"x":364,"y":147.5},{"x":364,"y":152.5},{"x":364,"y":156.5},{"x":362,"y":160.5},{"x":362,"y":164.5},{"x":361,"y":168.5},{"x":358,"y":167.5},{"x":351,"y":169.5},{"x":348,"y":170.5},{"x":345,"y":173.5},{"x":339,"y":176.5},{"x":335,"y":176.5},{"x":331,"y":178.5},{"x":330,"y":181.5},{"x":322,"y":184.5},{"x":320,"y":188.5},{"x":314,"y":189.5},{"x":311,"y":190.5},{"x":310,"y":193.5},{"x":305,"y":198.5},{"x":301,"y":200.5},{"x":300,"y":203.5},{"x":299,"y":212.5},{"x":295,"y":218.5},{"x":293,"y":222.5},{"x":291,"y":229.5},{"x":290,"y":235.5},{"x":287,"y":240.5},{"x":284,"y":243.5},{"x":281,"y":245.5},{"x":282,"y":248.5},{"x":281,"y":254.5},{"x":281,"y":262.5},{"x":281,"y":268.5},{"x":280,"y":274.5},{"x":280,"y":278.5},{"x":280,"y":283.5},{"x":282,"y":291.5},{"x":283,"y":296.5},{"x":284,"y":299.5},{"x":285,"y":303.5},{"x":286,"y":306.5},{"x":288,"y":312.5},{"x":290,"y":316.5},{"x":293,"y":317.5},{"x":292,"y":322.5},{"x":296,"y":324.5},{"x":297,"y":328.5},{"x":300,"y":332.5},{"x":302,"y":335.5},{"x":305,"y":338.5},{"x":308,"y":341.5},{"x":309,"y":344.5},{"x":312,"y":345.5},{"x":315,"y":348.5},{"x":316,"y":353.5},{"x":315,"y":357.5},{"x":313,"y":361.5},{"x":314,"y":364.5},{"x":314,"y":369.5},{"x":314,"y":377.5},{"x":314,"y":386.5},{"x":316,"y":389.5},{"x":315,"y":393.5},{"x":315,"y":397.5},{"x":315,"y":402.5},{"x":315,"y":407.5},{"x":315,"y":414.5},{"x":317,"y":417.5},{"x":316,"y":420.5},{"x":319,"y":422.5},{"x":318,"y":425.5},{"x":319,"y":428.5},{"x":321,"y":432.5},{"x":324,"y":437.5},{"x":329,"y":441.5},{"x":330,"y":445.5},{"x":331,"y":448.5},{"x":335,"y":451.5},{"x":340,"y":459.5},{"x":343,"y":461.5},{"x":346,"y":464.5},{"x":349,"y":467.5},{"x":354,"y":468.5},{"x":358,"y":472.5},{"x":364,"y":473.5},{"x":367,"y":474.5},{"x":370,"y":475.5},{"x":374,"y":477.5},{"x":378,"y":476.5},{"x":381,"y":477.5},{"x":384,"y":478.5},{"x":387,"y":479.5},{"x":390,"y":482.5},{"x":393,"y":481.5},{"x":396,"y":483.5},{"x":401,"y":485.5},{"x":404,"y":484.5},{"x":409,"y":486.5},{"x":414,"y":490.5},{"x":418,"y":490.5},{"x":423,"y":490.5},{"x":427,"y":490.5},{"x":430,"y":488.5},{"x":433,"y":489.5},{"x":436,"y":487.5},{"x":440,"y":486.5},{"x":443,"y":487.5},{"x":448,"y":485.5},{"x":454,"y":483.5},{"x":457,"y":481.5},{"x":461,"y":481.5},{"x":464,"y":478.5},{"x":467,"y":475.5},{"x":471,"y":474.5},{"x":473,"y":471.5},{"x":476,"y":470.5},{"x":476,"y":469.5}]]]],0,0,[],[],[]]]]