[1,["fed7sIqY5LNIcx3lYs5H8G","b4E0olUidOI5b0FqAsITjC","7ahtLGtKBBQIR+pwBexNUJ","60QoOpp19DLLjJEY/ysH1P","62MeWonz9FmawPatHgxGU6","17RWgFopJBGYoM3oKpf0nl","e7/g6rJHVL0LafzcYM5hcW"],["_textureSetter"],["cc.SpriteFrame","cc.Texture2D",["cc.JsonAsset",["_name","json"],1]],[[2,0,1,3]],[[[{"name":"farmer","rect":[0,0,512,331],"offset":[0,0],"originalSize":[512,331],"capInsets":[0,0,0,0]}],[0],0,[0],[0],[0]],[[{"name":"teacher","rect":[0,0,868,689],"offset":[0,0],"originalSize":[868,689],"capInsets":[0,0,0,0]}],[0],0,[0],[0],[1]],[[{"name":"doctor","rect":[183,18,234,570],"offset":[0,-3],"originalSize":[600,600],"capInsets":[0,0,0,0]}],[0],0,[0],[0],[2]],[["0,9729,9729,33071,33071,0,0,1",-1],[1],0,[],[],[]],[[{"name":"barber","rect":[0,0,506,512],"offset":[0,0],"originalSize":[506,512],"capInsets":[0,0,0,0]}],[0],0,[0],[0],[3]],[["0,9729,9729,33071,33071,0,0,1",-1],[1],0,[],[],[]],[["0,9729,9729,33071,33071,0,0,1",-1],[1],0,[],[],[]],[[{"name":"chef","rect":[0,0,512,427],"offset":[0,0],"originalSize":[512,427],"capInsets":[0,0,0,0]}],[0],0,[0],[0],[4]],[["0,9729,9729,33071,33071,0,0,1",-1],[1],0,[],[],[]],[[{"name":"police","rect":[0,0,477,512],"offset":[0,0],"originalSize":[477,512],"capInsets":[0,0,0,0]}],[0],0,[0],[0],[5]],[["0,9729,9729,33071,33071,0,0,1",-1],[1],0,[],[],[]],[[[0,"sl_en1904",{"rows":[["createsentence","1","Description","The/chef/prepares/delicious/food.","","chef.png","The_chef_prepares_delicious_food.mp3"],["createsentence","1","Description","The/Police/keeps/us/safe.","","police.png","The_Police_keeps_us_safe.mp3"],["createsentence","1","Description","The/tailor/sews/our/clothes.","","tailor.png","The_tailor_sews_our_clothes.mp3"],["createsentence","1","Description","The/doctor/treats/us/when/we/are/sick.","","doctor.png","The_doctor_treats_us_when_we_are_sick.mp3"],["createsentence","1","Description","The/farmer/grows/our/food.","","farmer.png","The_farmer_grows_our_food.mp3"],["createsentence","1","Description","The/teacher/educates/children.","","teacher.png","The_teacher_educates_children.mp3"],["createsentence","1","Description","The/barber/styles/our/hair.","","barber.png","The_barber_styles_our_hair.mp3"],["createsentence","1","Description","The/carpenter/makes/wooden/furniture.","","carpenter.png","The_carpenter_makes_wooden_furniture.mp3"],["quizliteracy","1","Description","1","Description","sentence_sentence","police","chef","police","tailor","","The ______keeps us safe.","The_Police_keeps_us_safe.mp3"],["quizliteracy","1","Description","1","Description","sentence_sentence","farmer","farmer","doctor","teacher","","The ______grows our food.","The_farmer_grows_our_food.mp3"],["quizliteracy","1","Description","1","Description","sentence_sentence","barber","tailor","chef","barber","","The ______ styles our hair.","The_barber_styles_our_hair.mp3"]]}]],0,0,[],[],[]],[[{"name":"carpenter","rect":[0,0,512,428],"offset":[0,0],"originalSize":[512,428],"capInsets":[0,0,0,0]}],[0],0,[0],[0],[6]],[["0,9729,9729,33071,33071,0,0,1",-1],[1],0,[],[],[]],[["0,9729,9729,33071,33071,0,0,1",-1],[1],0,[],[],[]]]]