[1,["33YMJT/UlNk4K8JMfQkjoK","a5qSYhplpLLr2UHP8LYUmw","18y22pDktHaqOG/5OqjUEj","ad6/hlFupDbbzPmRUUg5pG","c5lxy7aFBMhqdUcMAmKWKd","bcK3zFA4dMq6MQlA8alyra","33v8D/DThLNY3EjfvBFN7F","eeaCHSUDdNNZlvdCYgG5Xc","4dYM7lxRpKvL0ZNY08z52z","ea3GQ09TJDOpVvhxYbqbLa","6079lfoYBFBJQKkmlUK0NM","9eRIzRAWZGO6kqraIM+GVI","f4burfJ5VIoZmLB/wDMYpr","8eQJYOoNdJSYoEVRpVH0gq","7629jLQ6xF7a0/HQcvyAnD","d4IiNrzwRHabd37nJV1v4u","5d3mG9U9JDOI3dz/aq4qxP"],["_textureSetter"],["cc.SpriteFrame","cc.Texture2D",["cc.AudioClip",["_name","_native","duration"],0],["cc.JsonAsset",["_name","json"],1]],[[2,0,1,2,4],[3,0,1,3]],[[[{"name":"bottom","rect":[0,0,500,334],"offset":[0,0],"originalSize":[500,334],"capInsets":[0,0,0,0]}],[0],0,[0],[0],[0]],[[{"name":"Banyan","rect":[0,0,512,341],"offset":[0,0],"originalSize":[512,341],"capInsets":[0,0,0,0]}],[0],0,[0],[0],[1]],[[{"name":"ಇ","rect":[0,0,732,800],"offset":[0,0],"originalSize":[732,800],"capInsets":[0,0,0,0]}],[0],0,[0],[0],[2]],[[[0,"ತಬಲ",".mp3",0.72],-1],0,0,[],[],[]],[["0,9729,9729,33071,33071,0,0,1",-1],[1],0,[],[],[]],[[[0,"ಏಕದಳ",".mp3",1.32],-1],0,0,[],[],[]],[[{"name":"son","rect":[0,0,341,512],"offset":[0,0],"originalSize":[341,512],"capInsets":[0,0,0,0]}],[0],0,[0],[0],[3]],[[{"name":"left right","rect":[0,0,512,341],"offset":[0,0],"originalSize":[512,341],"capInsets":[0,0,0,0]}],[0],0,[0],[0],[4]],[["0,9729,9729,33071,33071,0,0,1",-1],[1],0,[],[],[]],[["0,9729,9729,33071,33071,0,0,1",-1],[1],0,[],[],[]],[[[0,"ಎಡಬಲ",".mp3",0.816],-1],0,0,[],[],[]],[[[1,"kn0402",{"rows":[["writecard","1","Description","ಎ","ಎರಕ","mould.png","ಎರಕ.mp3","ಎಡ","left.png","ಎಡ.mp3","ಎಡಬಲ","left right.png","ಎಡಬಲ.mp3"],["writecard","1","Description","ಏ","ಏತ","waterpulley.png","ಏತ.mp3","ಏಕದಳ","singlepetal.png","ಏಕದಳ.mp3","ಏ","ಏ.png","ಏ.mp3"],["writecard","1","Description","ಇ","ಇನ","sun.png","ಇನ.mp3","ಇ","ಇ.png","ಇ.mp3","ಇ","ಇ.png","ಇ.mp3"],["writecard","1","Description","ಆ","ಆಲ","Banyan.png","ಆಲ.mp3","ಆಗಸ","sky.png","ಆಗಸ.mp3","ಆಟ","play.png","ಆಟ.mp3"],["writecard","1","Description","ತ","ತಬಲ","Tabla.png","ತಬಲ.mp3","ತವಕ","eager.png","ತವಕ.mp3","ತನಯ","son.png","ತನಯ.mp3"],["writecard","1","Description","ಳ","ನಳ","tap.png","ನಳ.mp3","ಆಳ","depth.png","ಆಳ.mp3","ತಳ","bottom.png","ತಳ.mp3"],["quizliteracy","1","Description","soundonly_image","sun.png","sun.png","Tabla.png","Banyan.png","","","ಇನ.mp3"],["quizliteracy","1","Description","soundonly_image","Banyan.png","Tabla.png","sun.png","Banyan.png","","","ಆಲ.mp3"],["quizliteracy","1","Description","soundonly_image","Tabla.png","sun.png","Banyan.png","Tabla.png","","","ತಬಲ.mp3"]]}]],0,0,[],[],[]],[[[0,"ಏತ",".mp3",0.96],-1],0,0,[],[],[]],[[{"name":"sky","rect":[0,0,500,332],"offset":[0,0],"originalSize":[500,332],"capInsets":[0,0,0,0]}],[0],0,[0],[0],[5]],[[[0,"ಆಗಸ",".mp3",1.344],-1],0,0,[],[],[]],[["0,9729,9729,33071,33071,0,0,1",-1],[1],0,[],[],[]],[["0,9729,9729,33071,33071,0,0,1",-1],[1],0,[],[],[]],[["0,9729,9729,33071,33071,0,0,1",-1],[1],0,[],[],[]],[[{"name":"mould","rect":[0,0,512,340],"offset":[0,0],"originalSize":[512,340],"capInsets":[0,0,0,0]}],[0],0,[0],[0],[6]],[[[0,"ಇ",".mp3",0.456],-1],0,0,[],[],[]],[[[0,"ಎಡ",".mp3",0.912],-1],0,0,[],[],[]],[["0,9729,9729,33071,33071,0,0,1",-1],[1],0,[],[],[]],[[{"name":"left","rect":[0,0,512,341],"offset":[0,0],"originalSize":[512,341],"capInsets":[0,0,0,0]}],[0],0,[0],[0],[7]],[[[0,"ಇನ",".mp3",0.84],-1],0,0,[],[],[]],[[[0,"ನಳ",".mp3",0.576],-1],0,0,[],[],[]],[[{"name":"depth","rect":[0,0,341,512],"offset":[0,0],"originalSize":[341,512],"capInsets":[0,0,0,0]}],[0],0,[0],[0],[8]],[["0,9729,9729,33071,33071,0,0,1",-1],[1],0,[],[],[]],[[{"name":"eager","rect":[0,0,512,341],"offset":[0,0],"originalSize":[512,341],"capInsets":[0,0,0,0]}],[0],0,[0],[0],[9]],[[{"name":"waterpulley","rect":[0,0,512,340],"offset":[0,0],"originalSize":[512,340],"capInsets":[0,0,0,0]}],[0],0,[0],[0],[10]],[[[0,"ಏ",".mp3",0.528],-1],0,0,[],[],[]],[[{"name":"Tabla","rect":[0,0,512,341],"offset":[0,0],"originalSize":[512,341],"capInsets":[0,0,0,0]}],[0],0,[0],[0],[11]],[[[0,"ತವಕ",".mp3",0.744],-1],0,0,[],[],[]],[["0,9729,9729,33071,33071,0,0,1",-1],[1],0,[],[],[]],[["0,9729,9729,33071,33071,0,0,1",-1],[1],0,[],[],[]],[[{"name":"sun","rect":[13,0,499,512],"offset":[6.5,0],"originalSize":[512,512],"capInsets":[0,0,0,0]}],[0],0,[0],[0],[12]],[["0,9729,9729,33071,33071,0,0,1",-1],[1],0,[],[],[]],[["0,9729,9729,33071,33071,0,0,1",-1],[1],0,[],[],[]],[[[0,"ತನಯ",".mp3",0.696],-1],0,0,[],[],[]],[[[0,"ಎರಕ",".mp3",0.888],-1],0,0,[],[],[]],[[[0,"ಆಟ",".mp3",1.056],-1],0,0,[],[],[]],[[{"name":"singlepetal","rect":[0,0,500,335],"offset":[0,0],"originalSize":[500,335],"capInsets":[0,0,0,0]}],[0],0,[0],[0],[13]],[["0,9729,9729,33071,33071,0,0,1",-1],[1],0,[],[],[]],[["0,9729,9729,33071,33071,0,0,1",-1],[1],0,[],[],[]],[[[0,"ಆಲ",".mp3",1.08],-1],0,0,[],[],[]],[[[0,"ಆಳ",".mp3",1.224],-1],0,0,[],[],[]],[[{"name":"play","rect":[0,0,500,346],"offset":[0,0],"originalSize":[500,346],"capInsets":[0,0,0,0]}],[0],0,[0],[0],[14]],[["0,9729,9729,33071,33071,0,0,1",-1],[1],0,[],[],[]],[[{"name":"tap","rect":[0,0,500,333],"offset":[0,0],"originalSize":[500,333],"capInsets":[0,0,0,0]}],[0],0,[0],[0],[15]],[[[0,"ತಳ",".mp3",0.576],-1],0,0,[],[],[]],[["0,9729,9729,33071,33071,0,0,1",-1],[1],0,[],[],[]],[["0,9729,9729,33071,33071,0,0,1",-1],[1],0,[],[],[]],[[{"name":"ಏ","rect":[0,0,795,800],"offset":[0,0],"originalSize":[795,800],"capInsets":[0,0,0,0]}],[0],0,[0],[0],[16]]]]