[1,["d0KUzGdjtOWq+RRJkYF4Jn","59XFHiLbdBS7s2At01YJac","ba9JsMyI9KLLdReS62L/PH","d131pnJK5KZreFD/3RJqKj","88rXZWxulPPY67wSksyy0v","b27oWc+vFOuI83zOntxn1l","b7+dr0kspPnq29NAY+0wRF"],["_textureSetter"],["cc.SpriteFrame","cc.Texture2D",["cc.AudioClip",["_name","_native","duration"],0],["cc.JsonAsset",["_name","json"],1]],[[2,0,1,2,4],[3,0,1,3]],[[[{"name":"image_24_4","rect":[0,0,845,695],"offset":[0,0],"originalSize":[845,695],"capInsets":[0,0,0,0]}],[0],0,[0],[0],[0]],[[[0,"ear",".mp3",0.600816],-1],0,0,[],[],[]],[[[0,"eyes",".mp3",0.835918],-1],0,0,[],[],[]],[[{"name":"image_26_1","rect":[0,0,845,695],"offset":[0,0],"originalSize":[845,695],"capInsets":[0,0,0,0]}],[0],0,[0],[0],[1]],[[[0,"black",".mp3",0.626939],-1],0,0,[],[],[]],[[[0,"hair",".mp3",0.653061],-1],0,0,[],[],[]],[[[0,"shoes",".mp3",0.835918],-1],0,0,[],[],[]],[[[0,"senses",".mp3",0.992653],-1],0,0,[],[],[]],[[[0,"shirt",".mp3",0.757551],-1],0,0,[],[],[]],[[{"name":"eye","rect":[0,38,1367,1058],"offset":[-83.5,-19],"originalSize":[1534,1096],"capInsets":[0,0,0,0]}],[0],0,[0],[0],[2]],[[[0,"long",".mp3",0.757551],-1],0,0,[],[],[]],[[[0,"taste",".mp3",0.783673],-1],0,0,[],[],[]],[[{"name":"image_26_3","rect":[0,0,845,695],"offset":[0,0],"originalSize":[845,695],"capInsets":[0,0,0,0]}],[0],0,[0],[0],[3]],[[[0,"see",".mp3",0.731429],-1],0,0,[],[],[]],[[[0,"short",".mp3",0.835918],-1],0,0,[],[],[]],[["1,9729,9729,33071,33071,0,0,1",-1],[1],0,[],[],[]],[[[0,"pants",".mp3",0.757551],-1],0,0,[],[],[]],[[{"name":"image_19_2","rect":[0,0,845,695],"offset":[0,0],"originalSize":[845,695],"capInsets":[0,0,0,0]}],[0],0,[0],[0],[4]],[[[1,"sl_en1821",{"rows":[["tag","1","Description","image_19_1.jpg","clothes","280.-1520","clothes.mp3","pants","519.-906","pants.mp3","shorts","1022.-1165","shorts.mp3","skirt","1120.-420","skirt.mp3","dress","252.-620","dress.mp3"],["tag","1","Description","image_19_2.jpg","clothes","280.-1520","clothes.mp3","hat","774.-734","hat.mp3","shoes","1351.-410","shoes.mp3","shirt","205.-1116","shirt.mp3","jacket","1342.-1050","jacket.mp3"],["tag","1","Description","image_24_3.jpg","letter","718.-1324","letter.mp3","envelope","358.-1038","envelope.mp3","stamp","1267.-1008","stamp.mp3","address","884.-686","address.mp3"],["tag","1","Description","image_24_4.jpg","mail","280.-1520","mail.mp3","letter","1023.-1312","letter.mp3","postcard","544.-986","postcard.mp3","package","251.-592","package.mp3"],["tag","1","Description","image_26_1.jpg","senses","280.-1520","senses.mp3","eyes","1213.-990","eyes.mp3","see","1224.-1438","see.mp3","nose","332.-749","nose.mp3","smell","264.-1218","smell.mp3","tongue","868.-539","tongue.mp3","taste","1295.-833","taste.mp3"],["tag","1","Description","image_26_3.jpg","hair","280.-1520","hair.mp3","straight","1337.-542","straight.mp3","curly","856.-537","curly.mp3","long","487.-714","long.mp3","short","176.-1143","short.mp3","black","597.-1297","black.mp3","brown","1338.-1350","brown.mp3"],["quizliteracy","1","Description","soundonly_word","shoes","pants","shoes","shorts","","","shoes.mp3"],["quizliteracy","1","Description","soundonly_word","pants","pants","boots","shorts","","","pants.mp3"],["quizliteracy","1","Description","soundonly_word","shorts","pants","boots","shorts","","","shorts.mp3"],["quizliteracy","1","Description","image_word","eye","eye","cheek","nose","eye.png"],["quizliteracy","1","Description","soundonly_word","ear","knee","head","ear","","","ear.mp3"]]}]],0,0,[],[],[]],[[{"name":"image_24_3","rect":[0,0,845,695],"offset":[0,0],"originalSize":[845,695],"capInsets":[0,0,0,0]}],[0],0,[0],[0],[5]],[[[0,"package",".mp3",0.888163],-1],0,0,[],[],[]],[["1,9729,9729,33071,33071,0,0,1",-1],[1],0,[],[],[]],[[[0,"brown",".mp3",0.626939],-1],0,0,[],[],[]],[[[0,"postcard",".mp3",0.940408],-1],0,0,[],[],[]],[[[0,"mail",".mp3",0.679184],-1],0,0,[],[],[]],[[[0,"letter",".mp3",0.653061],-1],0,0,[],[],[]],[[[0,"stamp",".mp3",0.679184],-1],0,0,[],[],[]],[["1,9729,9729,33071,33071,0,0,1",-1],[1],0,[],[],[]],[[[0,"dress",".mp3",0.783673],-1],0,0,[],[],[]],[[[0,"address",".mp3",0.835918],-1],0,0,[],[],[]],[["1,9729,9729,33071,33071,0,0,1",-1],[1],0,[],[],[]],[[{"name":"image_19_1","rect":[0,0,845,695],"offset":[0,0],"originalSize":[845,695],"capInsets":[0,0,0,0]}],[0],0,[0],[0],[6]],[["0,9729,9729,33071,33071,0,0,1",-1],[1],0,[],[],[]],[[[0,"jacket",".mp3",0.757551],-1],0,0,[],[],[]],[[[0,"straight",".mp3",0.862041],-1],0,0,[],[],[]],[["1,9729,9729,33071,33071,0,0,1",-1],[1],0,[],[],[]],[["1,9729,9729,33071,33071,0,0,1",-1],[1],0,[],[],[]],[[[0,"envelope",".mp3",0.862041],-1],0,0,[],[],[]],[[[0,"tongue",".mp3",0.783673],-1],0,0,[],[],[]],[[[0,"curly",".mp3",0.653061],-1],0,0,[],[],[]],[[[0,"hat",".mp3",0.679184],-1],0,0,[],[],[]],[[[0,"smell",".mp3",0.862041],-1],0,0,[],[],[]],[[[0,"shorts",".mp3",0.888163],-1],0,0,[],[],[]],[[[0,"nose",".mp3",0.809796],-1],0,0,[],[],[]],[[[0,"clothes",".mp3",0.914286],-1],0,0,[],[],[]],[[[0,"skirt",".mp3",0.888163],-1],0,0,[],[],[]]]]