[1,["e603rclSBNQYQYAA51+Mmy"],["_textureSetter"],["cc.SpriteFrame","cc.Texture2D",["cc.AudioClip",["_name","_native","duration"],0],["cc.JsonAsset",["_name","json"],1]],[[2,0,1,2,4],[3,0,1,3]],[[[[0,"arm",".mp3",0.84],-1],0,0,[],[],[]],[[[1,"en0707",{"rows":[["speakingpet","1","Description","e.mp3","i.mp3","egg","egg.mp3","A","1","elf","elf.mp3","A","1","ice","ice.mp3","B","1","idea","idea.mp3","B","1"],["speakingpet","1","Description","u.mp3","e.mp3","under","under.mp3","A","1","ugly","ugly.mp3","A","1","elf","elf.mp3","B","1","enter","enter.mp3","B","1"],["speakingpet","1","Description","ar.mp3","oa.mp3","arm","arm.mp3","A","1","art","art.mp3","A","1","only","only.mp3","B","1","old","old.mp3","B","1"],["quizliteracy","1","Description","image_word","egg","grape","apple","egg","egg.png"],["quizliteracy","1","Description","soundonly_word","arm","arm","bat","hen","","","arm.mp3"],["quizliteracy","1","Description","soundonly_word","under","lion","frog","under","","","under.mp3"],["quizliteracy","1","Description","word_word","a","u","a ","r","","_rm","arm.mp3"],["quizliteracy","1","Description","word_word","e","e","b","m","","_gg","egg.mp3"],["quizliteracy","1","Description","word_word","u","c","u","i","","_nder","under.mp3"]]}]],0,0,[],[],[]],[[[0,"only",".mp3",1.032],-1],0,0,[],[],[]],[[[0,"enter",".mp3",0.912],-1],0,0,[],[],[]],[[[0,"ice",".mp3",0.984],-1],0,0,[],[],[]],[[[0,"ar",".mp3",0.696],-1],0,0,[],[],[]],[[[0,"e",".mp3",0.696],-1],0,0,[],[],[]],[[[0,"art",".mp3",0.912],-1],0,0,[],[],[]],[[[0,"idea",".mp3",1.032],-1],0,0,[],[],[]],[[[0,"under",".mp3",0.912],-1],0,0,[],[],[]],[[[0,"old",".mp3",0.888],-1],0,0,[],[],[]],[[{"name":"egg","rect":[36,36,846,594],"offset":[0,0],"originalSize":[918,666],"capInsets":[0,0,0,0]}],[0],0,[0],[0],[0]],[[[0,"egg",".mp3",0.792],-1],0,0,[],[],[]],[[[0,"i",".mp3",0.72],-1],0,0,[],[],[]],[[[0,"elf",".mp3",0.936],-1],0,0,[],[],[]],[["0,9729,9729,33071,33071,0,0,1",-1],[1],0,[],[],[]],[[[0,"ugly",".mp3",1.056],-1],0,0,[],[],[]],[[[0,"oa",".mp3",0.864],-1],0,0,[],[],[]],[[[0,"u",".mp3",0.936],-1],0,0,[],[],[]]]]