[1,["e1JR1b/AZBpaG0DE+2Vppm","72W0vB39FFerJE1c+sRauI","45E0QmbApC27MFrzRlL4z0","21+RNDcDdI7rUyhJizMm/A","3dkLqOmVJPbpipjtEeFQqu","d5ai7JuBJJ8bsEi0wtl70Y","12+hDkJQ9MtJb0Tajhk1J5","a1iTc9hfZLralE6lD69R8S"],["_textureSetter"],["cc.Texture2D","cc.SpriteFrame",["cc.JsonAsset",["_name","json"],1],["cc.AudioClip",["_name","_native","duration"],0]],[[3,0,1,2,4],[2,0,1,3]],[[["0,9729,9729,33071,33071,0,0,1",-1],[0],0,[],[],[]],[[[1,"pictureboard0008",{"rows":[["pictureboard","1","Description","Penguin","ap2_puzzle6_background.jpg","2","","mom_penguin_and_baby_penguin.mp3","ap2_puzzle6_baby_puzzle.png","1444","88","","ap2_puzzle6_mom_puzzle.png","374","30"]]}]],0,0,[],[],[]],[["1,9729,9729,33071,33071,0,0,1",-1],[0],0,[],[],[]],[[{"name":"ap_puzzle7_cow4_puzzle","rect":[4,1,192,217],"offset":[0.5,4.5],"originalSize":[199,228],"capInsets":[0,0,0,0]}],[1],0,[0],[0],[0]],[["0,9729,9729,33071,33071,0,0,1",-1],[0],0,[],[],[]],[["1,9729,9729,33071,33071,0,0,1",-1],[0],0,[],[],[]],[[{"name":"ap2_puzzle6_baby_puzzle","rect":[3,3,143,178],"offset":[0.5,3.5],"originalSize":[148,191],"capInsets":[0,0,0,0]}],[1],0,[0],[0],[1]],[[{"name":"ap_puzzle7_background","rect":[0,0,802,432],"offset":[0,0],"originalSize":[802,432],"capInsets":[0,0,0,0]}],[1],0,[0],[0],[2]],[["0,9729,9729,33071,33071,0,0,1",-1],[0],0,[],[],[]],[[[0,"mom_penguin_and_baby_penguin",".mp3",3.605],-1],0,0,[],[],[]],[[{"name":"ap2_puzzle6_background","rect":[0,0,802,432],"offset":[0,0],"originalSize":[802,432],"capInsets":[0,0,0,0]}],[1],0,[0],[0],[3]],[["0,9729,9729,33071,33071,0,0,1",-1],[0],0,[],[],[]],[[{"name":"ap_puzzle7_cow3_puzzle","rect":[2,7,193,141],"offset":[-1,2.5],"originalSize":[199,160],"capInsets":[0,0,0,0]}],[1],0,[0],[0],[4]],[[{"name":"ap_puzzle7_cow1_puzzle","rect":[3,4,269,184],"offset":[0.5,4],"originalSize":[274,200],"capInsets":[0,0,0,0]}],[1],0,[0],[0],[5]],[["0,9729,9729,33071,33071,0,0,1",-1],[0],0,[],[],[]],[["0,9729,9729,33071,33071,0,0,1",-1],[0],0,[],[],[]],[[[0,"cow",".mp3",0.7315],-1],0,0,[],[],[]],[[{"name":"ap_puzzle7_cow2_puzzle","rect":[4,4,191,239],"offset":[0.5,3],"originalSize":[198,253],"capInsets":[0,0,0,0]}],[1],0,[0],[0],[6]],[[{"name":"ap2_puzzle6_mom_puzzle","rect":[2,3,247,376],"offset":[-0.5,4],"originalSize":[252,390],"capInsets":[0,0,0,0]}],[1],0,[0],[0],[7]]]]