[1,["07df7Itd5FKZX5ftBHwf+u","7a/2RGvrNBkq/vSbU+K13m","86+l1kVD9KLqlBlG+HmhVz","3cz+USZJhJnLze6li1oOOp","32r4tZOgdAfr6V240KNT60","0fLI7wY+pEYaj9kzxc6zV8","f2FWS4vSRItZJp+PM85Q2A","c8bZfnwWlLu599IoC25jon"],["_textureSetter"],["cc.Texture2D","cc.SpriteFrame",["cc.AudioClip",["_name","_native","duration"],0],["cc.JsonAsset",["_name","json"],1]],[[2,0,1,2,4],[3,0,1,3]],[[["0,9729,9729,33071,33071,0,0,1",-1],[0],0,[],[],[]],[[{"name":"barber","rect":[0,0,341,512],"offset":[0,0],"originalSize":[341,512],"capInsets":[0,0,0,0]}],[1],0,[0],[0],[0]],[[[0,"ಅವ್ವ",".mp3",0.6],-1],0,0,[],[],[]],[["0,9729,9729,33071,33071,0,0,1",-1],[0],0,[],[],[]],[[[0,"ಕಪ್ಪೆ",".mp3",0.72],-1],0,0,[],[],[]],[[[0,"ಕಬ್ಬು",".mp3",0.72],-1],0,0,[],[],[]],[["0,9729,9729,33071,33071,0,0,1",-1],[0],0,[],[],[]],[[{"name":"frog","rect":[0,0,500,346],"offset":[0,0],"originalSize":[500,346],"capInsets":[0,0,0,0]}],[1],0,[0],[0],[1]],[[[0,"ಟ",".mp3",0.504],-1],0,0,[],[],[]],[["0,9729,9729,33071,33071,0,0,1",-1],[0],0,[],[],[]],[[{"name":"mirror","rect":[0,0,512,378],"offset":[0,0],"originalSize":[512,378],"capInsets":[0,0,0,0]}],[1],0,[0],[0],[2]],[[[0,"ಸಣ್ಣಾಟ",".mp3",0.912],-1],0,0,[],[],[]],[[{"name":"mom","rect":[0,0,500,333],"offset":[0,0],"originalSize":[500,333],"capInsets":[0,0,0,0]}],[1],0,[0],[0],[3]],[["0,9729,9729,33071,33071,0,0,1",-1],[0],0,[],[],[]],[[[0,"ಣ್ಣಾ",".mp3",0.648],-1],0,0,[],[],[]],[["0,9729,9729,33071,33071,0,0,1",-1],[0],0,[],[],[]],[[{"name":"kammara","rect":[0,0,400,400],"offset":[0,0],"originalSize":[400,400],"capInsets":[0,0,0,0]}],[1],0,[0],[0],[4]],[[[1,"kn2708",{"rows":[["spelldoor","1","Description","ಹ,ದ್ದು","**","0","0","eagle.png","ಹದ್ದು.mp3"],["spelldoor","1","Description","ಕ,ನ್ನ,ಡಿ","***","0","0","mirror.png","ಕನ್ನಡಿ.mp3"],["spelldoor","1","Description","ಕ,ಪ್ಪೆ","**","0","0","frog.png","ಕಪ್ಪೆ.mp3"],["rocket","1","Description","ಕ,ಬ್ಬು","ಕ,ಬ್ಬು","ಕ,ಬ್ಬು","ಕಬ್ಬು.mp3","sugarcane.png","False","False"],["openwindow","1","Description","LEGIT","ಕ,ಮ್ಮಾ,ರ","kammara.png","barber.png","ಕಮ್ಮಾರ.mp3","ಕ,ಮ್ಮಾ,ರ"],["phonictractor","1","Description","4","ಸಣ್ಣಾಟ","ಸಣ್ಣಾಟ.mp3","ಸ","ಸ.mp3","ಣ್ಣಾ","ಣ.mp3","ಟ","ಟ.mp3"],["spelldoor","1","Description","ಅ,ವ್ವ","ಅ*","0","0","mom.png","ಅವ್ವ.mp3"],["quizliteracy","1","Description","word_word","ನ್ನಡಿ","ರಗ","ನ್ನಡಿ","ಮಲ","","ಕ_____","ಕನ್ನಡಿ.mp3"],["quizliteracy","1","Description","image_word","ಕಬ್ಬು","ಕಬ್ಬು","ಕನ್ನಡಿ","ಕಪ್ಪೆ","sugarcane.png"],["quizliteracy","1","Description","soundonly_word","ಅವ್ವ","ಸಣ್ಣಾಟ","ಹದ್ದು","ಅವ್ವ","","","ಅವ್ವ.mp3"]]}]],0,0,[],[],[]],[[{"name":"eagle","rect":[0,0,339,512],"offset":[0,0],"originalSize":[339,512],"capInsets":[0,0,0,0]}],[1],0,[0],[0],[5]],[[[0,"ಕಮ್ಮಾರ",".mp3",0.84],-1],0,0,[],[],[]],[["0,9729,9729,33071,33071,0,0,1",-1],[0],0,[],[],[]],[[{"name":"sugarcane","rect":[0,0,512,341],"offset":[0,0],"originalSize":[512,341],"capInsets":[0,0,0,0]}],[1],0,[0],[0],[6]],[[{"name":"potter","rect":[0,0,512,341],"offset":[0,0],"originalSize":[512,341],"capInsets":[0,0,0,0]}],[1],0,[0],[0],[7]],[[[0,"ಸ",".mp3",0.576],-1],0,0,[],[],[]],[[[0,"ಣ",".mp3",0.552],-1],0,0,[],[],[]],[[[0,"ಹದ್ದು",".mp3",0.72],-1],0,0,[],[],[]],[[[0,"ಕನ್ನಡಿ",".mp3",0.816],-1],0,0,[],[],[]],[["0,9729,9729,33071,33071,0,0,1",-1],[0],0,[],[],[]]]]