[1,["66mT/ZVs9BwZUCXpL5Tl1A","4beF9nQS9B97h0UVs+qjxz","efC1oYmIhC0bv8wkDl5HRs","6aC2ZNaH9CAZQ6dsGVM5fJ","dfbDYogRJJnr/PG0C6A1IE","941sahFfxCPbxlUQ/UFc/R","3bh5P3q/tGq4RCi7RyueVI","5cbo/RbyBJkoE6KzvDyTBY","33bH/jz+BH0b2ZC4XeFeo5","e7eCaiIPtFdLea7h3s9iXT","ea8OIBAe5K+ZEGaW0rkvyi","b0AG7SnJ5K2rEHlaNf5C18"],["_textureSetter"],["cc.SpriteFrame","cc.Texture2D",["cc.JsonAsset",["_name","json"],1]],[[2,0,1,3]],[[[{"name":"6","rect":[0,0,512,503],"offset":[0,0],"originalSize":[512,503],"capInsets":[0,0,0,0]}],[0],0,[0],[0],[0]],[[{"name":"9","rect":[0,0,512,503],"offset":[0,0],"originalSize":[512,503],"capInsets":[0,0,0,0]}],[0],0,[0],[0],[1]],[[{"name":"8","rect":[0,0,512,503],"offset":[0,0],"originalSize":[512,503],"capInsets":[0,0,0,0]}],[0],0,[0],[0],[2]],[[{"name":"2","rect":[0,0,900,566],"offset":[0,0],"originalSize":[900,566],"capInsets":[0,0,0,0]}],[0],0,[0],[0],[3]],[[{"name":"15","rect":[0,0,143,512],"offset":[0,0],"originalSize":[143,512],"capInsets":[0,0,0,0]}],[0],0,[0],[0],[4]],[["0,9729,9729,33071,33071,0,0,1",-1],[1],0,[],[],[]],[["0,9729,9729,33071,33071,0,0,1",-1],[1],0,[],[],[]],[[[0,"sl_en3503",{"rows":[["openwindow","1","Description","LEGIT","four","4.png","12.png","4.mp3","abcdefghijklmnopqrstuvwxyz"],["openwindow","1","Description","LEGIT","ten","10.png","6.png","10.mp3","abcdefghijklmnopqrstuvwxyz"],["openwindow","1","Description","LEGIT","two","2.png","3.png","2.mp3","abcdefghijklmnopqrstuvwxyz"],["openwindow","1","Description","LEGIT","nine","9.png","15.png","9.mp3","abcdefghijklmnopqrstuvwxyz"],["openwindow","1","Description","LEGIT","eleven","11.png","7.png","11.mp3","abcdefghijklmnopqrstuvwxyz"],["openwindow","1","Description","LEGIT","eight","8.png","10.png","8.mp3","abcdefghijklmnopqrstuvwxyz"],["openwindow","1","Description","LEGIT","fourteen","14.png","2.png","14.mp3","abcdefghijklmnopqrstuvwxyz"],["quizliteracy","1","Description","image_sentence","ten","one","ten","six","10.png","","10.mp3"],["quizliteracy","1","Description","image_sentence","nine","nine","five","seven","9.png","","9.mp3"],["quizliteracy","1","Description","image_sentence","eight","four","two","eight","8.png","","8.mp3"]]}]],0,0,[],[],[]],[[{"name":"7","rect":[0,0,512,503],"offset":[0,0],"originalSize":[512,503],"capInsets":[0,0,0,0]}],[0],0,[0],[0],[5]],[["0,9729,9729,33071,33071,0,0,1",-1],[1],0,[],[],[]],[["0,9729,9729,33071,33071,0,0,1",-1],[1],0,[],[],[]],[[{"name":"4","rect":[0,0,512,502],"offset":[0,0],"originalSize":[512,502],"capInsets":[0,0,0,0]}],[0],0,[0],[0],[6]],[["0,9729,9729,33071,33071,0,0,1",-1],[1],0,[],[],[]],[["0,9729,9729,33071,33071,0,0,1",-1],[1],0,[],[],[]],[[{"name":"12","rect":[0,0,143,512],"offset":[0,0],"originalSize":[143,512],"capInsets":[0,0,0,0]}],[0],0,[0],[0],[7]],[[{"name":"11","rect":[0,0,143,512],"offset":[0,0],"originalSize":[143,512],"capInsets":[0,0,0,0]}],[0],0,[0],[0],[8]],[["0,9729,9729,33071,33071,0,0,1",-1],[1],0,[],[],[]],[[{"name":"3","rect":[0,0,512,503],"offset":[0,0],"originalSize":[512,503],"capInsets":[0,0,0,0]}],[0],0,[0],[0],[9]],[["0,9729,9729,33071,33071,0,0,1",-1],[1],0,[],[],[]],[[{"name":"14","rect":[0,0,143,512],"offset":[0,0],"originalSize":[143,512],"capInsets":[0,0,0,0]}],[0],0,[0],[0],[10]],[["0,9729,9729,33071,33071,0,0,1",-1],[1],0,[],[],[]],[["0,9729,9729,33071,33071,0,0,1",-1],[1],0,[],[],[]],[["0,9729,9729,33071,33071,0,0,1",-1],[1],0,[],[],[]],[["0,9729,9729,33071,33071,0,0,1",-1],[1],0,[],[],[]],[[{"name":"10","rect":[0,0,143,512],"offset":[0,0],"originalSize":[143,512],"capInsets":[0,0,0,0]}],[0],0,[0],[0],[11]]]]