[1,["748fZExj9P9ZwqGZ/nPtdv","c9/EHTgj9EmpyoBItfYMAB","e6FAN6chJDbavIpph6AA3X","12hxrJd2tN1Y3b9xMfZN8Q","40SMQDJWxP+ZFmGoIzu+gT","585WuJWw5M3YxNH1QXI3Jc","61iXKij7VDoZlOmTTmRtPr","548uj1LexHXoZFn01zmDwk","0bsH1NXiJG8riCZUXIub5T","dbbsoBYgxCerbism4PeNzP","365el7PlJABKziBrH4odAD","carrg0ZcBCDaNrGFgiV3NP","19EASa7ENGG6zDHUtTuazp","04ORb1z/RAP7crghdHk5y/","05TV0YnF1MLJK/b0HNZOFo","2eOqPyP71ErYp24cCoIvZG"],["_textureSetter"],["cc.SpriteFrame","cc.Texture2D",["cc.AudioClip",["_name","_native","duration"],0],["cc.JsonAsset",["_name","json"],1]],[[2,0,1,2,4],[3,0,1,3]],[[[{"name":"l9_shebathroom","rect":[0,0,868,689],"offset":[0,0],"originalSize":[868,689],"capInsets":[0,0,0,0]}],[0],0,[0],[0],[0]],[[{"name":"l17_shegivingmilk","rect":[0,0,868,689],"offset":[0,0],"originalSize":[868,689],"capInsets":[0,0,0,0]}],[0],0,[0],[0],[1]],[["1,9729,9729,33071,33071,0,0,1",-1],[1],0,[],[],[]],[[[0,"घोंसला_तीन_पीले_पक्षियों_से_भरा_है।",".mp3",3.291429],-1],0,0,[],[],[]],[["0,9729,9729,33071,33071,0,0,1",-1],[1],0,[],[],[]],[["0,9729,9729,33071,33071,0,0,1",-1],[1],0,[],[],[]],[["0,9729,9729,33071,33071,0,0,1",-1],[1],0,[],[],[]],[[{"name":"l10_birdsinnest","rect":[0,0,868,689],"offset":[0,0],"originalSize":[868,689],"capInsets":[0,0,0,0]}],[0],0,[0],[0],[2]],[["1,9729,9729,33071,33071,0,0,1",-1],[1],0,[],[],[]],[[{"name":"l13_dogbtwcow_goat","rect":[0,0,868,689],"offset":[0,0],"originalSize":[868,689],"capInsets":[0,0,0,0]}],[0],0,[0],[0],[3]],[[{"name":"l13_oldmanbtwboys","rect":[0,0,868,689],"offset":[0,0],"originalSize":[868,689],"capInsets":[0,0,0,0]}],[0],0,[0],[0],[4]],[[[0,"रानी_कई_किताबें_पढ़ती_हैं",".mp3",2.35102],-1],0,0,[],[],[]],[[{"name":"l9_shebedroom","rect":[0,0,868,689],"offset":[0,0],"originalSize":[868,689],"capInsets":[0,0,0,0]}],[0],0,[0],[0],[5]],[[{"name":"Maryeatsan_appleevery_day","rect":[0,0,1073,1157],"offset":[0,0],"originalSize":[1073,1157],"capInsets":[0,0,0,0]}],[0],0,[0],[0],[6]],[["0,9729,9729,33071,33071,0,0,1",-1],[1],0,[],[],[]],[[{"name":"l4_2boys1chair","rect":[0,0,868,689],"offset":[0,0],"originalSize":[868,689],"capInsets":[0,0,0,0]}],[0],0,[0],[0],[7]],[["0,9729,9729,33071,33071,0,0,1",-1],[1],0,[],[],[]],[[{"name":"l9_shekitchen","rect":[0,0,868,689],"offset":[0,0],"originalSize":[868,689],"capInsets":[0,0,0,0]}],[0],0,[0],[0],[8]],[["0,9729,9729,33071,33071,0,0,1",-1],[1],0,[],[],[]],[[[0,"रानी_कई_किताबें_पढ़ती_है",".mp3",2.592],-1],0,0,[],[],[]],[[[0,"महिला_रसोई_में_खाना_बना_रही_है।",".mp3",3.082449],-1],0,0,[],[],[]],[["0,9729,9729,33071,33071,0,0,1",-1],[1],0,[],[],[]],[["0,9729,9729,33071,33071,0,0,1",-1],[1],0,[],[],[]],[[[0,"वर्गों_की_तुलना_में_अधिक_वृत्त_हैं।",".mp3",2.977959],-1],0,0,[],[],[]],[[[0,"शिक्षक_सबसे_लंबा_है।",".mp3",2.063673],-1],0,0,[],[],[]],[[[0,"साँप_धीरे-धीरे_चलता_है",".mp3",2.424],-1],0,0,[],[],[]],[["1,9729,9729,33071,33071,0,0,1",-1],[1],0,[],[],[]],[[[0,"महिला_सोने_के_कमरे_में_सो_रही_है",".mp3",3.024],-1],0,0,[],[],[]],[[[0,"मैरी_तीन_सेब_खाती_है",".mp3",2.142041],-1],0,0,[],[],[]],[[[0,"कुर्सियों_की_तुलना_में_अधिक_लडके_हैं।",".mp3",3.604898],-1],0,0,[],[],[]],[["0,9729,9729,33071,33071,0,0,1",-1],[1],0,[],[],[]],[[[0,"पेड_पर_कई_संतरे_हैं",".mp3",2.246531],-1],0,0,[],[],[]],[[[0,"महिला_सोने_के_कमरे_में_हाथ_धो_रही_है",".mp3",3.408],-1],0,0,[],[],[]],[[[0,"महिला_रसोई_में_खाना_बना_रही_है",".mp3",3],-1],0,0,[],[],[]],[[[0,"सांप_धीरे-धीरे_चलता_है",".mp3",2.403265],-1],0,0,[],[],[]],[[{"name":"l10_grapesinbasket","rect":[0,0,868,689],"offset":[0,0],"originalSize":[868,689],"capInsets":[0,0,0,0]}],[0],0,[0],[0],[9]],[[[0,"महिला_बेडरूम_में_सो_रही_है।",".mp3",2.220408],-1],0,0,[],[],[]],[[{"name":"l4_3circles1square","rect":[0,0,868,689],"offset":[0,0],"originalSize":[868,689],"capInsets":[0,0,0,0]}],[0],0,[0],[0],[10]],[[{"name":"The_treegrowsoranges","rect":[0,0,1073,1543],"offset":[0,0],"originalSize":[1073,1543],"capInsets":[0,0,0,0]}],[0],0,[0],[0],[11]],[[[0,"लडकों_की_तुलना_में_अधिक_कुर्सियां_​​हैं।",".mp3",3.082449],-1],0,0,[],[],[]],[[{"name":"Thesnakemovesslowly","rect":[0,0,1073,514],"offset":[0,0],"originalSize":[1073,514],"capInsets":[0,0,0,0]}],[0],0,[0],[0],[12]],[[{"name":"Ranireadsmanybooks","rect":[0,0,1073,514],"offset":[0,0],"originalSize":[1073,514],"capInsets":[0,0,0,0]}],[0],0,[0],[0],[13]],[[{"name":"l10_applesinbasket","rect":[0,0,868,689],"offset":[0,0],"originalSize":[868,689],"capInsets":[0,0,0,0]}],[0],0,[0],[0],[14]],[["0,9729,9729,33071,33071,0,0,1",-1],[1],0,[],[],[]],[["1,9729,9729,33071,33071,0,0,1",-1],[1],0,[],[],[]],[[[0,"महिला_बाथरूम_में_हाथ_धो_रही_है।",".mp3",2.76898],-1],0,0,[],[],[]],[[[0,"मैरी_कई_सेब_खाती_है",".mp3",2.352],-1],0,0,[],[],[]],[[[0,"गाय_तीनों_में_सबसे_बडी_है।",".mp3",2.586122],-1],0,0,[],[],[]],[[[0,"टोकरी_सेब_से_भरी_है।",".mp3",1.959184],-1],0,0,[],[],[]],[["0,9729,9729,33071,33071,0,0,1",-1],[1],0,[],[],[]],[[[1,"hi1903",{"rows":[["createsentence","1","Description","साँप/धीरे-धीरे/चलता है","तेज ","Thesnakemovesslowly.jpg","साँप_धीरे-धीरे_चलता_है.mp3"],["createsentence","1","Description","मैरी/कई/सेब/खाती है","हम ","Maryeatsan_appleevery_day.jpg","मैरी_कई_सेब_खाती_है.mp3"],["createsentence","1","Description","मैरी/तीन/सेब/खाती है","यह","Maryeatsan_appleevery_day.jpg","मैरी_तीन_सेब_खाती_है.mp3"],["createsentence","1","Description","रानी/कई/किताबें/पढ़ती है","पढ़ रही है ","Ranireadsmanybooks.jpg","रानी_कई_किताबें_पढ़ती_है.mp3"],["createsentence","1","Description","पेड़/पर/कई/संतरे/हैं","होगा","The_treegrowsoranges.jpg","पेड_पर_कई_संतरे_हैं.mp3"],["picturemeaning","1","Description","S","गाय तीनों में सबसे बड़ी है।","l13_dogbtwcow_goat.png","गाय_तीनों_में_सबसे_बडी_है।.mp3","आदमी तीनों में सबसे बूढ़ा है।","l13_oldmanbtwboys.png","आदमी_तीनों_में_सबसे_बूढ़ा_है।.mp3","शिक्षक सबसे लंबा है।","l17_shegivingmilk.png","शिक्षक_सबसे_लंबा_है।.mp3"],["picturemeaning","1","Description","P","महिला सोने के कमरे में हाथ धो रही है।","l9_shebathroom.png","महिला_सोने_के_कमरे_में_हाथ_धो_रही_है.mp3","महिला सोने के कमरे में सो रही है।","l9_shebedroom.png","महिला_सोने_के_कमरे_में_सो_रही_है.mp3","महिला रसोई में खाना बना रही है।","l9_shekitchen.png","महिला_रसोई_में_खाना_बना_रही_है.mp3"],["picturemeaning","1","Description","P","घोंसला तीन पीले पक्षियों से भरा है।","l10_birdsinnest.png","घोंसला_तीन_पीले_पक्षियों_से_भरा_है।.mp3","टोकरी सेब से भरी है।","l10_applesinbasket.png","टोकरी_सेब_से_भरी_है।.mp3","टोकरी अंगूर के गुच्छों से भरी है।","l10_grapesinbasket.png","टोकरी_अंगूर_के_गुच्छों_से_भरी_है।.mp3"],["picturemeaning","1","Description","S","लड़कों की तुलना में अधिक कुर्सियां ​​हैं।","l4_1boy2chairs.png","लडकों_की_तुलना_में_अधिक_कुर्सियां_​​हैं।.mp3","कुर्सियों की तुलना में अधिक लड़के हैं।","l4_2boys1chair.png","कुर्सियों_की_तुलना_में_अधिक_लडके_हैं।.mp3","वर्गों की तुलना में अधिक वृत्त हैं।","l4_3circles1square.png","वर्गों_की_तुलना_में_अधिक_वृत्त_हैं।.mp3"],["quizliteracy","1","Description","image_sentence","सांप धीरे-धीरे चलता है","गाय तीनों में सबसे बड़ी है।","लड़कों की तुलना में अधिक कुर्सियां ​​हैं।","सांप धीरे-धीरे चलता है","Thesnakemovesslowly.jpg","","सांप_धीरे-धीरे_चलता_है.mp3"],["quizliteracy","1","Description","sentence_sentence","महिला बाथरूम में हाथ धो रही है।","महिला बाथरूम में हाथ धो रही है।","गाय तीनों में सबसे बड़ी है।","लड़कों की तुलना में अधिक कुर्सियां ​​हैं।","","सही उत्तर चुने","महिला_बाथरूम_में_हाथ_धो_रही_है।.mp3"],["quizliteracy","1","Description","soundonly_image","l13_oldmanbtwboys.png","l17_shegivingmilk.png","l13_oldmanbtwboys.png","l10_applesinbasket.png","","","आदमी_तीनों_में_सबसे_बूढ़ा_है।.mp3"]]}]],0,0,[],[],[]],[["0,9729,9729,33071,33071,0,0,1",-1],[1],0,[],[],[]],[[{"name":"l4_1boy2chairs","rect":[0,0,868,689],"offset":[0,0],"originalSize":[868,689],"capInsets":[0,0,0,0]}],[0],0,[0],[0],[15]],[[[0,"टोकरी_अंगूर_के_गुच्छों_से_भरी_है।",".mp3",2.925714],-1],0,0,[],[],[]],[[[0,"आदमी_तीनों_में_सबसे_बूढ़ा_है।",".mp3",3.004082],-1],0,0,[],[],[]],[[[0,"मैरी_कई_सेब_खाती_हैं",".mp3",2.142041],-1],0,0,[],[],[]]]]