[1,["9cQ1XS8aJEro/of92y4JM+","57VRulEXxEsIlZbYuTD0Oc","eb9hfL35tGcp/gIr6NeFvC"],["_textureSetter"],["cc.SpriteFrame","cc.Texture2D",["cc.AudioClip",["_name","_native","duration"],0],["cc.JsonAsset",["_name","json"],1]],[[2,0,1,2,4],[3,0,1,3]],[[[{"name":"हलगी","rect":[0,0,565,466],"offset":[0,0],"originalSize":[565,466],"capInsets":[0,0,0,0]}],[0],0,[0],[0],[0]],[["0,9729,9729,33071,33071,0,0,1",-1],[1],0,[],[],[]],[[[0,"ह",".mp3",0.783673],-1],0,0,[],[],[]],[[[0,"हरीण",".mp3",0.862041],-1],0,0,[],[],[]],[[[0,"हत्ती",".mp3",0.992653],-1],0,0,[],[],[]],[["0,9729,9729,33071,33071,0,0,1",-1],[1],0,[],[],[]],[[{"name":"deer","rect":[0,0,640,393],"offset":[0,0],"originalSize":[640,393],"capInsets":[0,0,0,0]}],[0],0,[0],[0],[1]],[[[1,"mr0132",{"rows":[["balloonpop","1","Description","2","ह","3","श,ष,ह","ह.mp3"],["phonictractor","1","Description","5","ह","ह.mp3","ह","ह.mp3"],["writeletter","1","Description","ह","हत्ती"],["writecard","1","Description","ह","हत्ती","elephant.png","हत्ती.mp3","हरीण","deer.png","हरीण.mp3","हलगी","हलगी.png","हलगी.mp3"],["quizliteracy","1","Description","soundonly_word","ह","प","श","ह","","","ह.mp3"],["quizliteracy","1","Description","word_word","ह","ह","स","ष","","ह"],["quizliteracy","1","Description","soundonly_word","ह","प","श","ह","","","ह.mp3"]]}]],0,0,[],[],[]],[[{"name":"elephant","rect":[0,0,640,480],"offset":[0,0],"originalSize":[640,480],"capInsets":[0,0,0,0]}],[0],0,[0],[0],[2]],[[[0,"हलगी",".mp3",0.966531],-1],0,0,[],[],[]],[["0,9729,9729,33071,33071,0,0,1",-1],[1],0,[],[],[]]]]