[1,["d1r8GemstIoK7KkeiUlqKH","786jIp79VIUbQlE4zptUWT","97bIJR8AJJtY7k3acY0b4n","01N6+7O69IUqxiTdf0Axeq","53DIvLvsRHHY4HxZpwbFSP"],["_textureSetter"],["cc.Texture2D","cc.SpriteFrame",["cc.AudioClip",["_name","_native","duration"],0],["cc.JsonAsset",["_name","json"],1]],[[2,0,1,2,4],[3,0,1,3]],[[["0,9729,9729,33071,33071,0,0,1",-1],[0],0,[],[],[]],[[[0,"ತೆ",".mp3",0.528],-1],0,0,[],[],[]],[[{"name":"door","rect":[0,0,375,500],"offset":[0,0],"originalSize":[375,500],"capInsets":[0,0,0,0]}],[1],0,[0],[0],[0]],[[[0,"ಮ",".mp3",0.48],-1],0,0,[],[],[]],[[[0,"ಬಾಗಿಲು",".mp3",0.84],-1],0,0,[],[],[]],[[[0,"ಆಚೆ",".mp3",0.72],-1],0,0,[],[],[]],[[[0,"ಮಮತೆ",".mp3",0.744],-1],0,0,[],[],[]],[[[0,"ದೋಸೆ",".mp3",0.792],-1],0,0,[],[],[]],[["0,9729,9729,33071,33071,0,0,1",-1],[0],0,[],[],[]],[["0,9729,9729,33071,33071,0,0,1",-1],[0],0,[],[],[]],[[{"name":"dosa","rect":[0,0,390,512],"offset":[0,0],"originalSize":[390,512],"capInsets":[0,0,0,0]}],[1],0,[0],[0],[1]],[[{"name":"house","rect":[0,0,512,378],"offset":[0,0],"originalSize":[512,378],"capInsets":[0,0,0,0]}],[1],0,[0],[0],[2]],[[[0,"ಆಚೆ ಈಚೆ",".mp3",1.08],-1],0,0,[],[],[]],[[[0,"ಸುರಿ",".mp3",0.696],-1],0,0,[],[],[]],[[{"name":"pour","rect":[0,0,410,512],"offset":[0,0],"originalSize":[410,512],"capInsets":[0,0,0,0]}],[1],0,[0],[0],[3]],[["0,9729,9729,33071,33071,0,0,1",-1],[0],0,[],[],[]],[[{"name":"book","rect":[0,0,512,378],"offset":[0,0],"originalSize":[512,378],"capInsets":[0,0,0,0]}],[1],0,[0],[0],[4]],[["0,9729,9729,33071,33071,0,0,1",-1],[0],0,[],[],[]],[[[0,"ಮನೆ",".mp3",0.624],-1],0,0,[],[],[]],[[[1,"kn2602",{"rows":[["phonictractor","1","Description","4","ಮಮತೆ","ಮಮತೆ.mp3","ಮ","ಮ.mp3","ಮ","ಮ.mp3","ತೆ","ತೆ.mp3"],["spelldoor","1","Description","ಮನೆ","**","0","0","house.png","ಮನೆ.mp3"],["rocket","1","Description","ಬಾಗಿಲು","ಬಾ,ಗಿ,ಲು","ಬಾ,ಗಿ,ಲು","ಬಾಗಿಲು.mp3","door.png","False","False"],["openwindow","1","Description","LEGIT","ದೋ,ಸೆ","dosa.png","book.png","ದೋಸೆ.mp3","ದೋ,ಸೆ"],["phonictractor","1","Description","4","ಆಚೆ ಈಚೆ","ಆಚೆ ಈಚೆ.mp3","ಆಚೆ","ಆಚೆ.mp3","ಈಚೆ","ಈಚೆ.mp3"],["spelldoor","1","Description","ಸುರಿ","ಸು*","0","0","pour.png","ಸುರಿ.mp3"],["quizliteracy","1","Description","word_word","ರಿ","ಟಿ","ರಿ","ಪಿ","","ಸು__","ಸುರಿ.mp3"],["quizliteracy","1","Description","image_word","ಮನೆ","ಸುರಿ","ಕಾಯಿ","ಮನೆ","house.png"],["quizliteracy","1","Description","soundonly_word","ಬಾಗಿಲು","ಮನೆ","ಬಾಗಿಲು","ಮಮತೆ","","","ಬಾಗಿಲು.mp3"]]}]],0,0,[],[],[]],[[[0,"ಈಚೆ",".mp3",0.72],-1],0,0,[],[],[]]]]