[1,["e4uHFJ2a9Fz5Yh4XfynrFF","5dklyUcw9MKalGPv/aZbUk","e19N9adN5KvrP3N0F+bxKn","5e8qWuIxdBFJnvdIfukc1B","14aM6zGgJAHI4Z5fPbHhMm","92yyUL2S5KTpqSbubfAqYK","65GlteMWlNm7tN5bg95s82","2b0iKImJ5JN72IErdLyMH9"],["_textureSetter"],["cc.SpriteFrame","cc.Texture2D",["cc.AudioClip",["_name","_native","duration"],0],["cc.JsonAsset",["_name","json"],1]],[[2,0,1,2,4],[3,0,1,3]],[[[{"name":"latch","rect":[0,0,512,340],"offset":[0,0],"originalSize":[512,340],"capInsets":[0,0,0,0]}],[0],0,[0],[0],[0]],[["0,9729,9729,33071,33071,0,0,1",-1],[1],0,[],[],[]],[["0,9729,9729,33071,33071,0,0,1",-1],[1],0,[],[],[]],[[[0,"ಮಸಿ",".mp3",0.696],-1],0,0,[],[],[]],[[[1,"kn3904",{"rows":[["spelldoor","1","Description","ತಾಯಿ","","","","mom.png","ತಾಯಿ.mp3"],["spelldoor","1","Description","ಮರಿ","","","","babyanimal.png","ಮರಿ.mp3"],["spelldoor","1","Description","ಗಿರಾಕಿ","","","","buyer.png","ಗಿರಾಕಿ.mp3"],["spelldoor","1","Description","ತರಕಾರಿ","","","","vegetables.png","ತರಕಾರಿ.mp3"],["spelldoor","1","Description","ಮಸಿ","**","0","0","sooth.jpg","ಮಸಿ.mp3"],["spelldoor","1","Description","ಏರಿ","**","0","0","bund.png","ಏರಿ.mp3"],["spelldoor","1","Description","ಚಿಲಕ","***","0","0","latch.png","ಚಿಲಕ.mp3"],["spelldoor","1","Description","ಶನಿವಾರ","****","0","0","saturday.png","ಶನಿವಾರ.mp3"],["quizliteracy","1","Description","word_word","ವಾರ","ಕಾಟ","ವಾರ","ಹನಿ","","ಶನಿ_____","ಶನಿವಾರ.mp3"],["quizliteracy","1","Description","image_word","ತಾಯಿ","ತಾಯಿ","ತರಕಾರಿ","ಏರಿ","mom.png"],["quizliteracy","1","Description","soundonly_word","ತರಕಾರಿ","ಗಿರಾಕಿ","ತರಕಾರಿ","ಚಿಲಕ","","","ತರಕಾರಿ.mp3"]]}]],0,0,[],[],[]],[[[0,"ಮರಿ",".mp3",0.6],-1],0,0,[],[],[]],[[[0,"ಚಿಲಕ",".mp3",0.768],-1],0,0,[],[],[]],[["0,9729,9729,33071,33071,0,0,1",-1],[1],0,[],[],[]],[["1,9729,9729,33071,33071,0,0,1",-1],[1],0,[],[],[]],[["0,9729,9729,33071,33071,0,0,1",-1],[1],0,[],[],[]],[[[0,"ಶನಿವಾರ",".mp3",0.936],-1],0,0,[],[],[]],[["0,9729,9729,33071,33071,0,0,1",-1],[1],0,[],[],[]],[[[0,"ಗಿರಾಕಿ",".mp3",0.84],-1],0,0,[],[],[]],[[{"name":"bund","rect":[0,0,500,445],"offset":[0,0],"originalSize":[500,445],"capInsets":[0,0,0,0]}],[0],0,[0],[0],[1]],[[{"name":"babyanimal","rect":[0,0,512,268],"offset":[0,0],"originalSize":[512,268],"capInsets":[0,0,0,0]}],[0],0,[0],[0],[2]],[[{"name":"sooth","rect":[0,0,388,400],"offset":[0,0],"originalSize":[388,400],"capInsets":[0,0,0,0]}],[0],0,[0],[0],[3]],[[{"name":"vegetables","rect":[0,0,512,341],"offset":[0,0],"originalSize":[512,341],"capInsets":[0,0,0,0]}],[0],0,[0],[0],[4]],[["0,9729,9729,33071,33071,0,0,1",-1],[1],0,[],[],[]],[["0,9729,9729,33071,33071,0,0,1",-1],[1],0,[],[],[]],[[[0,"ತಾಯಿ",".mp3",0.696],-1],0,0,[],[],[]],[[[0,"ತರಕಾರಿ",".mp3",0.888],-1],0,0,[],[],[]],[[{"name":"mom","rect":[0,0,500,333],"offset":[0,0],"originalSize":[500,333],"capInsets":[0,0,0,0]}],[0],0,[0],[0],[5]],[[{"name":"saturday","rect":[0,0,1060,837],"offset":[0,0],"originalSize":[1060,837],"capInsets":[0,0,0,0]}],[0],0,[0],[0],[6]],[[[0,"ಏರಿ",".mp3",0.672],-1],0,0,[],[],[]],[[{"name":"buyer","rect":[0,0,1600,900],"offset":[0,0],"originalSize":[1600,900],"capInsets":[0,0,0,0]}],[0],0,[0],[0],[7]]]]