[1,["52wDUyl5RHwoXtJ0Bq0SOL","0027Y3XyhGq4iUOEX0WUDg","e3IPA9419Dy5yshpXEOBJ5","02Bkm3Xo5HYKA8z3u8r/V6","96XX7BtyFIEp9feMNvsLv/","cdqG9O4/xEb4+I47LFVcZc","07KTWVUmZMObqr63jQejIm","dcvxHaePhC3qkI7aXLzR6T","4cEpBUoZJDf76DAprgPQm5","68OFAO/hhPVISaa3DvzyN0","22eB9n+kZBj5d0sEWtQZcP","afadST14hKF5hdntc2+awq"],["_textureSetter"],["cc.Texture2D","cc.SpriteFrame",["cc.AudioClip",["_name","_native","duration"],0],["cc.JsonAsset",["_name","json"],1]],[[2,0,1,2,4],[3,0,1,3]],[[["0,9729,9729,33071,33071,0,0,1",-1],[0],0,[],[],[]],[["0,9729,9729,33071,33071,0,0,1",-1],[0],0,[],[],[]],[["0,9729,9729,33071,33071,0,0,1",-1],[0],0,[],[],[]],[[{"name":"l15_boystandbhdchair","rect":[0,0,868,689],"offset":[0,0],"originalSize":[868,689],"capInsets":[0,0,0,0]}],[1],0,[0],[0],[0]],[["0,9729,9729,33071,33071,0,0,1",-1],[0],0,[],[],[]],[[[0,"अस्पताल_बैंक_के_बगल_में_है",".mp3",2.403265],-1],0,0,[],[],[]],[[[0,"छात्र_कक्षा_में_हैं",".mp3",1.619592],-1],0,0,[],[],[]],[[[0,"वह_लडका_कुर्सियों_के_पीछे_खडा_है।",".mp3",3.265306],-1],0,0,[],[],[]],[["0,9729,9729,33071,33071,0,0,1",-1],[0],0,[],[],[]],[[[0,"पेडों_के_बीच_में_एक_घर_है।",".mp3",2.246531],-1],0,0,[],[],[]],[["0,9729,9729,33071,33071,0,0,1",-1],[0],0,[],[],[]],[[{"name":"l15_boystandbtwchairs","rect":[0,0,868,689],"offset":[0,0],"originalSize":[868,689],"capInsets":[0,0,0,0]}],[1],0,[0],[0],[1]],[[[0,"कई_किताबें_डेस्क_पर_हैं",".mp3",1.854694],-1],0,0,[],[],[]],[[[0,"आदमी_बस_स्टॉप_के_पास_खडा_है।",".mp3",2.925714],-1],0,0,[],[],[]],[[[0,"वह_लडका_कुर्सियों_के_बगल_में_खडा_है।",".mp3",3.317551],-1],0,0,[],[],[]],[["0,9729,9729,33071,33071,0,0,1",-1],[0],0,[],[],[]],[[[0,"लडका_देव_और_लीला_के_बीच_है",".mp3",2.784],-1],0,0,[],[],[]],[[[0,"पेडों_के_बीच_एक_घर_है।",".mp3",2.142041],-1],0,0,[],[],[]],[[{"name":"l15_boystandnextchair","rect":[0,0,868,689],"offset":[0,0],"originalSize":[868,689],"capInsets":[0,0,0,0]}],[1],0,[0],[0],[2]],[[{"name":"l15_housebtwtrees","rect":[0,0,868,689],"offset":[0,0],"originalSize":[868,689],"capInsets":[0,0,0,0]}],[1],0,[0],[0],[3]],[[[0,"आदमी_बस_स्टॉप_की_तरफ_चल_रहा_है।",".mp3",3.239184],-1],0,0,[],[],[]],[["0,9729,9729,33071,33071,0,0,1",-1],[0],0,[],[],[]],[[[0,"बूढ़ा_आदमी_लडकी_के_सामने_है।",".mp3",2.66449],-1],0,0,[],[],[]],[[[0,"लडका_देव_और_लिली_के_बीच_है",".mp3",2.925714],-1],0,0,[],[],[]],[[{"name":"l15_housenexttree","rect":[0,0,868,689],"offset":[0,0],"originalSize":[868,689],"capInsets":[0,0,0,0]}],[1],0,[0],[0],[4]],[[[1,"hi1703",{"rows":[["fillblank","1","Description","छात्र कक्षा [में] हैं।","छात्र_कक्षा_में_हैं.mp3","पर","के","के अंदर ","15"],["fillblank","1","Description","कई किताबें डेस्क [पर] हैं।","कई_किताबें_डेस्क_पर_हैं.mp3","में","के अंदर ","के पास","15"],["fillblank","1","Description","लड़का देव और लीला के [बीच] है।","लडका_देव_और_लीला_के_बीच_है.mp3","पीछे","पास","सामने","15"],["fillblank","1","Description","अस्पताल बैंक के [बगल] में है।","अस्पताल_बैंक_के_बगल_में_है.mp3","बीच","पीछे","अंदर","15"],["picturemeaning","1","Description","P","बूढ़ा आदमी लड़कों के बीच है।","l13_oldmanbtwboys.png","बूढ़ा_आदमी_लडकों_के_बीच_है।.mp3","बूढ़ा आदमी लड़की के सामने है।","l13_oldmanfrontgirl.png","बूढ़ा_आदमी_लडकी_के_सामने_है।.mp3","लड़की बूढ़े आदमी के सामने है।","l13_oldmanbehindgirl.png","लडकी_बूढ़े_आदमी_के_सामने_है।.mp3"],["picturemeaning","1","Description","S","वह लड़का कुर्सियों के बीच खड़ा है।","l15_boystandbtwchairs.png","वह_लडका_कुर्सियों_के_बीच_खडा_है।.mp3","वह लड़का कुर्सियों के पीछे खड़ा है।","l15_boystandbhdchair.png","वह_लडका_कुर्सियों_के_पीछे_खडा_है।.mp3","वह लड़का कुर्सियों के बगल में खड़ा है।","l15_boystandnextchair.png","वह_लडका_कुर्सियों_के_बगल_में_खडा_है।.mp3"],["picturemeaning","1","Description","P","आदमी बस स्टॉप के पास खड़ा है।","l15_manstandbybstop.png","आदमी_बस_स्टॉप_के_पास_खडा_है।.mp3","आदमी बस स्टॉप की तरफ चल रहा है।","l15_manwalkingtobstop.png","आदमी_बस_स्टॉप_की_तरफ_चल_रहा_है।.mp3","आदमी बस स्टॉप पर बैठा है।","l15_mansittingatbstop.png","आदमी_बस_स्टॉप_पर_बैठा_है।.mp3"],["picturemeaning","1","Description","P","पेड़ के बगल में एक घर है।","l15_housenexttree.png","पेड_के_बगल_में_एक_घर_है।.mp3","पेड़ों के बीच में एक घर है।","l15_housebtwtrees.png","पेडों_के_बीच_में_एक_घर_है।.mp3","पेड़ों के बीच एक घर है।","l15_treebtwhouses.png","पेडों_के_बीच_एक_घर_है।.mp3"],["quizliteracy","1","Description","sentence_sentence","पर","पर","सामने","में","","कई किताबें डेस्क __ हैं।","कई_किताबें_डेस्क_पर_हैं.mp3"],["quizliteracy","1","Description","sentence_sentence","बगल","में","बगल","पीछे","","अस्पताल बैंक के ___ में है।","अस्पताल_बैंक_के_बगल_में_है.mp3"],["quizliteracy","1","Description","sentence_sentence","बीच","नीचे","में","बीच","","बूढ़ा आदमी लड़कों के __ है।","बूढ़ा_आदमी_लडकों_के_बीच_है।.mp3"]]}]],0,0,[],[],[]],[["0,9729,9729,33071,33071,0,0,1",-1],[0],0,[],[],[]],[[[0,"वह_लडका_कुर्सियों_के_बीच_खडा_है।",".mp3",2.899592],-1],0,0,[],[],[]],[[{"name":"l13_oldmanbtwboys","rect":[0,0,868,689],"offset":[0,0],"originalSize":[868,689],"capInsets":[0,0,0,0]}],[1],0,[0],[0],[5]],[[[0,"लडकी_बूढ़े_आदमी_के_सामने_है।",".mp3",3.030204],-1],0,0,[],[],[]],[[[0,"बूढ़ा_आदमी_लडकों_के_बीच_है।",".mp3",2.45551],-1],0,0,[],[],[]],[[{"name":"l13_oldmanfrontgirl","rect":[0,0,868,689],"offset":[0,0],"originalSize":[868,689],"capInsets":[0,0,0,0]}],[1],0,[0],[0],[6]],[[{"name":"l13_oldmanbehindgirl","rect":[0,0,868,689],"offset":[0,0],"originalSize":[868,689],"capInsets":[0,0,0,0]}],[1],0,[0],[0],[7]],[[{"name":"l15_treebtwhouses","rect":[0,0,868,689],"offset":[0,0],"originalSize":[868,689],"capInsets":[0,0,0,0]}],[1],0,[0],[0],[8]],[[[0,"पेड_के_बगल_में_एक_घर_है।",".mp3",2.298776],-1],0,0,[],[],[]],[["0,9729,9729,33071,33071,0,0,1",-1],[0],0,[],[],[]],[[{"name":"l15_mansittingatbstop","rect":[0,0,868,689],"offset":[0,0],"originalSize":[868,689],"capInsets":[0,0,0,0]}],[1],0,[0],[0],[9]],[[[0,"आदमी_बस_स्टॉप_पर_बैठा_है।",".mp3",2.716735],-1],0,0,[],[],[]],[["0,9729,9729,33071,33071,0,0,1",-1],[0],0,[],[],[]],[["0,9729,9729,33071,33071,0,0,1",-1],[0],0,[],[],[]],[[{"name":"l15_manstandbybstop","rect":[0,0,868,689],"offset":[0,0],"originalSize":[868,689],"capInsets":[0,0,0,0]}],[1],0,[0],[0],[10]],[[{"name":"l15_manwalkingtobstop","rect":[0,0,868,689],"offset":[0,0],"originalSize":[868,689],"capInsets":[0,0,0,0]}],[1],0,[0],[0],[11]]]]