<root>
<lido-container lang="hi" show-prev-button="false" show-next-button="true" id="lido-container" bg-image="" height="1600px" width="900px" value="mainContainer4" objective="" visible="true" onInCorrect="lido-avatar.avatarAnimate='Fail'; this.sleep='2000';" show-check="false" is-continue-on-correct="false" exit-button-url="template-assets/buttons/file-ci81v85b.png" prev-button-url="template-assets/buttons/file-raqrondv.png" next-button-url="template-assets/buttons/file-camylajm.png" speaker-button-url="template-assets/buttons/file-mxyqweze.png">
    <lido-cell id="cell1" margin="landscape.140px 0px 0px 0px,portrait.170px 0px 0px 0px" visible="true" layout="landscape.row,portrait.col" disable-edit="true" value="cell1" width="landscape.100%,portrait.86%" height="landscape.100%,portrait.80%" x="50px" y="50px" bg-color="white" onEntry="this.justifyContent='space-evenly'; this.borderRadius='6px'">
        <lido-image id="image1" disable-edit="true" margin="landscape.0px 0px 0px 0px,portrait.-20px 0px 0px 0px" value="image1" visible="true" src="game-assets/images/file-68zfx6e4.jpg" width="landscape.704px,portrait.744px" height="landscape.704px,portrait.707px" bg-color="transparent" alt-text="" onEntry="" />
        <lido-text id="text1" tab-index="1" audio="game-assets/audio/file-kyqpm156.mp3" disable-edit="true" margin="landscape.0px 0px 0px 27px,portrait.0px 0px 60px 0px" value="text1" visible="true" width="landscape.47%,portrait.90%" height="100%" bg-color="transparent" font-family="'Baloo 2', serif" font-size="44px" font-color="#000" string="अजय आज स्कूल में उदास था। कुछ बच्चे उसके फटे बैग को देखकर हँसे और उसका मज़ाक उड़ाया।" onEntry="this.fontWeight='500'; this.boxShadow='unset'; this.textAlign='start'; this.speak='true';" />
    </lido-cell>
    <lido-pos id="pos1" disable-edit="true" value="pos1" height="350px" width="350px" x="landscape.1300px, portrait.580px" y="landscape.670px, portrait.1350px" aria-hidden="true" z="1" bg-color="transparent" visible="true">
        <lido-avatar id="lido-avatar" disable-edit="true" visible="true" height="350px" width="350px" src="template-assets/images/file-cj9cy3fn.riv" alt-text="chimpleCharacterRive" />
    </lido-pos>
</lido-container><lido-container lang="hi" show-prev-button="false" show-next-button="true" id="lido-container" bg-image="" height="1600px" width="900px" value="mainContainer4" objective="" visible="true" onInCorrect="lido-avatar.avatarAnimate='Fail'; this.sleep='2000';" show-check="false" is-continue-on-correct="false" exit-button-url="template-assets/buttons/file-ci81v85b.png" prev-button-url="template-assets/buttons/file-raqrondv.png" next-button-url="template-assets/buttons/file-camylajm.png" speaker-button-url="template-assets/buttons/file-mxyqweze.png">
    <lido-cell id="cell1" margin="landscape.140px 0px 0px 0px,portrait.170px 0px 0px 0px" visible="true" layout="landscape.row,portrait.col" disable-edit="true" value="cell1" width="landscape.100%,portrait.86%" height="landscape.100%,portrait.80%" x="50px" y="50px" bg-color="white" onEntry="this.justifyContent='space-evenly'; this.borderRadius='6px'">
        <lido-image id="image1" disable-edit="true" margin="landscape.0px 0px 0px 0px,portrait.-20px 0px 0px 0px" value="image1" visible="true" src="game-assets/images/file-r80m6m0m.jpg" width="landscape.704px,portrait.744px" height="landscape.704px,portrait.707px" bg-color="transparent" alt-text="" onEntry="" />
        <lido-text id="text1" tab-index="1" audio="game-assets/audio/file-ihg9jw26.mp3" disable-edit="true" margin="landscape.0px 0px 0px 27px,portrait.0px 0px 60px 0px" value="text1" visible="true" width="landscape.47%,portrait.90%" height="100%" bg-color="transparent" font-family="'Baloo 2', serif" font-size="44px" font-color="#000" string="अजय समझ नहीं पा रहा था कि क्या करे। चिढ़ाए जाने से वह अकेला महसूस कर रहा था|" onEntry="this.fontWeight='500'; this.boxShadow='unset'; this.textAlign='start'; this.speak='true';" />
    </lido-cell>
    <lido-pos id="pos1" disable-edit="true" value="pos1" height="350px" width="350px" x="landscape.1300px, portrait.580px" y="landscape.670px, portrait.1350px" aria-hidden="true" z="1" bg-color="transparent" visible="true">
        <lido-avatar id="lido-avatar" disable-edit="true" visible="true" height="350px" width="350px" src="template-assets/images/file-cj9cy3fn.riv" alt-text="chimpleCharacterRive" />
    </lido-pos>
</lido-container><lido-container lang="hi" show-prev-button="false" show-next-button="true" id="lido-container" bg-image="" height="1600px" width="900px" value="mainContainer4" objective="" visible="true" onInCorrect="lido-avatar.avatarAnimate='Fail'; this.sleep='2000';" show-check="false" is-continue-on-correct="false" exit-button-url="template-assets/buttons/file-ci81v85b.png" prev-button-url="template-assets/buttons/file-raqrondv.png" next-button-url="template-assets/buttons/file-camylajm.png" speaker-button-url="template-assets/buttons/file-mxyqweze.png">
    <lido-cell id="cell1" margin="landscape.140px 0px 0px 0px,portrait.170px 0px 0px 0px" visible="true" layout="landscape.row,portrait.col" disable-edit="true" value="cell1" width="landscape.100%,portrait.86%" height="landscape.100%,portrait.80%" x="50px" y="50px" bg-color="white" onEntry="this.justifyContent='space-evenly'; this.borderRadius='6px'">
        <lido-image id="image1" disable-edit="true" margin="landscape.0px 0px 0px 0px,portrait.-20px 0px 0px 0px" value="image1" visible="true" src="game-assets/images/file-et2ogf9l.jpg" width="landscape.704px,portrait.744px" height="landscape.704px,portrait.707px" bg-color="transparent" alt-text="" onEntry="" />
        <lido-text id="text1" tab-index="1" audio="game-assets/audio/file-ufqyqrbs.mp3" disable-edit="true" margin="landscape.0px 0px 0px 27px,portrait.0px 0px 60px 0px" value="text1" visible="true" width="landscape.47%,portrait.90%" height="100%" bg-color="transparent" font-family="'Baloo 2', serif" font-size="44px" font-color="#000" string="लीना ने देखा कि अजय परेशान है। वह धीरे से उसके पास गई और पूछा कि वह ठीक है या नहीं|" onEntry="this.fontWeight='500'; this.boxShadow='unset'; this.textAlign='start'; this.speak='true';" />
    </lido-cell>
    <lido-pos id="pos1" disable-edit="true" value="pos1" height="350px" width="350px" x="landscape.1300px, portrait.580px" y="landscape.670px, portrait.1350px" aria-hidden="true" z="1" bg-color="transparent" visible="true">
        <lido-avatar id="lido-avatar" disable-edit="true" visible="true" height="350px" width="350px" src="template-assets/images/file-cj9cy3fn.riv" alt-text="chimpleCharacterRive" />
    </lido-pos>
</lido-container><lido-container lang="hi" show-prev-button="false" show-next-button="true" id="lido-container" bg-image="" height="1600px" width="900px" value="mainContainer4" objective="" visible="true" onInCorrect="lido-avatar.avatarAnimate='Fail'; this.sleep='2000';" show-check="false" is-continue-on-correct="false" exit-button-url="template-assets/buttons/file-ci81v85b.png" prev-button-url="template-assets/buttons/file-raqrondv.png" next-button-url="template-assets/buttons/file-camylajm.png" speaker-button-url="template-assets/buttons/file-mxyqweze.png">
    <lido-cell id="cell1" margin="landscape.140px 0px 0px 0px,portrait.170px 0px 0px 0px" visible="true" layout="landscape.row,portrait.col" disable-edit="true" value="cell1" width="landscape.100%,portrait.86%" height="landscape.100%,portrait.80%" x="50px" y="50px" bg-color="white" onEntry="this.justifyContent='space-evenly'; this.borderRadius='6px'">
        <lido-image id="image1" disable-edit="true" margin="landscape.0px 0px 0px 0px,portrait.-20px 0px 0px 0px" value="image1" visible="true" src="game-assets/images/file-w2lv00iu.jpg" width="landscape.704px,portrait.744px" height="landscape.704px,portrait.707px" bg-color="transparent" alt-text="" onEntry="" />
        <lido-text id="text1" tab-index="1" audio="game-assets/audio/file-65pgjigz.mp3" disable-edit="true" margin="landscape.0px 0px 0px 27px,portrait.0px 0px 60px 0px" value="text1" visible="true" width="landscape.47%,portrait.90%" height="100%" bg-color="transparent" font-family="'Baloo 2', serif" font-size="44px" font-color="#000" string="अजय ने लीना को चिढ़ाए जाने की बात बताई। लीना ने ध्यान से सुना और उसका साथ दिया|" onEntry="this.fontWeight='500'; this.boxShadow='unset'; this.textAlign='start'; this.speak='true';" />
    </lido-cell>
    <lido-pos id="pos1" disable-edit="true" value="pos1" height="350px" width="350px" x="landscape.1300px, portrait.580px" y="landscape.670px, portrait.1350px" aria-hidden="true" z="1" bg-color="transparent" visible="true">
        <lido-avatar id="lido-avatar" disable-edit="true" visible="true" height="350px" width="350px" src="template-assets/images/file-cj9cy3fn.riv" alt-text="chimpleCharacterRive" />
    </lido-pos>
</lido-container><lido-container lang="hi" show-prev-button="false" show-next-button="true" id="lido-container" bg-image="" height="1600px" width="900px" value="mainContainer4" objective="" visible="true" onInCorrect="lido-avatar.avatarAnimate='Fail'; this.sleep='2000';" show-check="false" is-continue-on-correct="false" exit-button-url="template-assets/buttons/file-ci81v85b.png" prev-button-url="template-assets/buttons/file-raqrondv.png" next-button-url="template-assets/buttons/file-camylajm.png" speaker-button-url="template-assets/buttons/file-mxyqweze.png">
    <lido-cell id="cell1" margin="landscape.140px 0px 0px 0px,portrait.170px 0px 0px 0px" visible="true" layout="landscape.row,portrait.col" disable-edit="true" value="cell1" width="landscape.100%,portrait.86%" height="landscape.100%,portrait.80%" x="50px" y="50px" bg-color="white" onEntry="this.justifyContent='space-evenly'; this.borderRadius='6px'">
        <lido-image id="image1" disable-edit="true" margin="landscape.0px 0px 0px 0px,portrait.-20px 0px 0px 0px" value="image1" visible="true" src="game-assets/images/file-t2xw3j13.jpg" width="landscape.704px,portrait.744px" height="landscape.704px,portrait.707px" bg-color="transparent" alt-text="" onEntry="" />
        <lido-text id="text1" tab-index="1" audio="game-assets/audio/file-5bk46jkp.mp3" disable-edit="true" margin="landscape.0px 0px 0px 27px,portrait.0px 0px 60px 0px" value="text1" visible="true" width="landscape.47%,portrait.90%" height="100%" bg-color="transparent" font-family="'Baloo 2', serif" font-size="44px" font-color="#000" string="दोनों ने मिलकर शिक्षक को सारी बात बताई। शिक्षक ने समझाया कि बुरा व्यवहार क्यों गलत है|" onEntry="this.fontWeight='500'; this.boxShadow='unset'; this.textAlign='start'; this.speak='true';" />
    </lido-cell>
    <lido-pos id="pos1" disable-edit="true" value="pos1" height="350px" width="350px" x="landscape.1300px, portrait.580px" y="landscape.670px, portrait.1350px" aria-hidden="true" z="1" bg-color="transparent" visible="true">
        <lido-avatar id="lido-avatar" disable-edit="true" visible="true" height="350px" width="350px" src="template-assets/images/file-cj9cy3fn.riv" alt-text="chimpleCharacterRive" />
    </lido-pos>
</lido-container><lido-container lang="hi" show-prev-button="false" show-next-button="true" id="lido-container" bg-image="" height="1600px" width="900px" value="mainContainer4" objective="" visible="true" onInCorrect="lido-avatar.avatarAnimate='Fail'; this.sleep='2000';" show-check="false" is-continue-on-correct="false" exit-button-url="template-assets/buttons/file-ci81v85b.png" prev-button-url="template-assets/buttons/file-raqrondv.png" next-button-url="template-assets/buttons/file-camylajm.png" speaker-button-url="template-assets/buttons/file-mxyqweze.png">
    <lido-cell id="cell1" margin="landscape.140px 0px 0px 0px,portrait.170px 0px 0px 0px" visible="true" layout="landscape.row,portrait.col" disable-edit="true" value="cell1" width="landscape.100%,portrait.86%" height="landscape.100%,portrait.80%" x="50px" y="50px" bg-color="white" onEntry="this.justifyContent='space-evenly'; this.borderRadius='6px'">
        <lido-image id="image1" disable-edit="true" margin="landscape.0px 0px 0px 0px,portrait.-20px 0px 0px 0px" value="image1" visible="true" src="game-assets/images/file-1hckrzum.jpg" width="landscape.704px,portrait.744px" height="landscape.704px,portrait.707px" bg-color="transparent" alt-text="" onEntry="" />
        <lido-text id="text1" tab-index="1" audio="game-assets/audio/file-u8xuir2z.mp3" disable-edit="true" margin="landscape.0px 0px 0px 27px,portrait.0px 0px 60px 0px" value="text1" visible="true" width="landscape.47%,portrait.90%" height="100%" bg-color="transparent" font-family="'Baloo 2', serif" font-size="44px" font-color="#000" string="बाकी बच्चों ने अजय से माफ़ी माँगी, और वह फिर से शामिल महसूस करने लगा|" onEntry="this.fontWeight='500'; this.boxShadow='unset'; this.textAlign='start'; this.speak='true';" />
    </lido-cell>
    <lido-pos id="pos1" disable-edit="true" value="pos1" height="350px" width="350px" x="landscape.1300px, portrait.580px" y="landscape.670px, portrait.1350px" aria-hidden="true" z="1" bg-color="transparent" visible="true">
        <lido-avatar id="lido-avatar" disable-edit="true" visible="true" height="350px" width="350px" src="template-assets/images/file-cj9cy3fn.riv" alt-text="chimpleCharacterRive" />
    </lido-pos>
</lido-container><lido-container lang="hi" show-prev-button="false" show-next-button="true" id="lido-container" bg-image="" height="1600px" width="900px" value="mainContainer4" objective="" visible="true" onInCorrect="lido-avatar.avatarAnimate='Fail'; this.sleep='2000';" show-check="false" is-continue-on-correct="false" exit-button-url="template-assets/buttons/file-ci81v85b.png" prev-button-url="template-assets/buttons/file-raqrondv.png" next-button-url="template-assets/buttons/file-camylajm.png" speaker-button-url="template-assets/buttons/file-mxyqweze.png">
    <lido-cell id="cell1" margin="landscape.140px 0px 0px 0px,portrait.170px 0px 0px 0px" visible="true" layout="landscape.row,portrait.col" disable-edit="true" value="cell1" width="landscape.100%,portrait.86%" height="landscape.100%,portrait.80%" x="50px" y="50px" bg-color="white" onEntry="this.justifyContent='space-evenly'; this.borderRadius='6px'">
        <lido-image id="image1" disable-edit="true" margin="landscape.0px 0px 0px 0px,portrait.-20px 0px 0px 0px" value="image1" visible="true" src="game-assets/images/file-trytvbjp.jpg" width="landscape.704px,portrait.744px" height="landscape.704px,portrait.707px" bg-color="transparent" alt-text="" onEntry="" />
        <lido-text id="text1" tab-index="1" audio="game-assets/audio/file-dixew1ns.mp3" disable-edit="true" margin="landscape.0px 0px 0px 27px,portrait.0px 0px 60px 0px" value="text1" visible="true" width="landscape.47%,portrait.90%" height="100%" bg-color="transparent" font-family="'Baloo 2', serif" font-size="44px" font-color="#000" string="अजय ने सीखा कि आवाज उठाना और दूसरों का खयाल रखना स्कूल को सबके लिए सुरक्षित और खुशहाल बनाता है|" onEntry="this.fontWeight='500'; this.boxShadow='unset'; this.textAlign='start'; this.speak='true';" />
    </lido-cell>
    <lido-pos id="pos1" disable-edit="true" value="pos1" height="350px" width="350px" x="landscape.1300px, portrait.580px" y="landscape.670px, portrait.1350px" aria-hidden="true" z="1" bg-color="transparent" visible="true">
        <lido-avatar id="lido-avatar" disable-edit="true" visible="true" height="350px" width="350px" src="template-assets/images/file-cj9cy3fn.riv" alt-text="chimpleCharacterRive" />
    </lido-pos>
</lido-container>
    <lido-container lang="hi" id="lido-container" value="maincontainer" objective="option_3" aria-label="This is a multiple-option question. Select one option from the list." height="100vh" width="100vw" x="0" y="0" z="0" bg-color="transparent" bg-image="template-assets/bg-images/file-lylvqfdy.png" visible="true" onCorrect="lido-avatar.avatarAnimate='Success'; this.sleep='2000';" onInCorrect="lido-avatar.avatarAnimate='Fail'; this.sleep='2000';" show-check="false" is-continue-on-correct="false" onEntry="" exit-button-url="template-assets/buttons/file-ci81v85b.png" prev-button-url="template-assets/buttons/file-raqrondv.png" next-button-url="template-assets/buttons/file-camylajm.png" speaker-button-url="template-assets/buttons/file-mxyqweze.png">

    
    <lido-cell layout="pos" id="pos1" disable-edit="true" value="pos1" height="300px" width="300px" x="landscape.-20px, portrait.-20px" y="landscape.100px, portrait.400px" aria-hidden="true" z="2" bg-color="transparent" visible="true">

      <lido-avatar id="lido-avatar" disable-edit="true" visible="true" height="100%" width="100%" src="template-assets/images/file-cj9cy3fn.riv" alt-text="" bg-color="transparent">
      </lido-avatar>

      <lido-image id="shadow1" disable-edit="true" value="image1" visible="true" src="template-assets/images/file-eacdsjq5.png" bg-color="transparent" width="186px" height="40px" x="55px" y="248px" alt-text="">
      </lido-image>
    </lido-cell>

    <lido-cell visible="true" layout="col" width="100%" height="100%" bg-color="transparent">
      <lido-text visible="true" width="80%" height="10%" bg-color="transparent" />

      <lido-text tab-index="1" audio="game-assets/audio/file-j1lvv2ax.mp3" visible="true" id="lido-question" width="landscape.65%, portrait.80%" height="auto" bg-color="#FFF5BB" string="अगर कोई आपको परेशान करे तो आपको क्या करना चाहिए?" border-radius="16px" onEntry="this.border='1px solid black'; this.fontWeight='500'; this.padding='20px';" font-size="36px">
      </lido-text>

      <lido-cell visible="true" width="100%" height="landscape.68%, portrait.100%" bg-color="transparent" layout="landscape.row, portrait.col" margin="landscape.0, portrait.-108px 0 0 0">

        

        <lido-cell visible="true" layout="wrap" width="landscape.70%, portrait.80%" height="landscape.97%, portrait.auto" bg-color="transparent" gap="40px" onEntry="this.gridTemplateColumns='1fr 1fr';" margin="landscape.0, portrait.-195px 0 0 0">

          
          
          <lido-cell tab-index="2" visible="true" layout="col" width="100%" type="click" audio="game-assets/audio/file-jsdjrkxq.mp3" value="option_3" height="landscape.250px, portrait.270px" onEntry="this.borderRadius='25px'; this.padding='0';" onCorrect="this.cellBorderAnimate='#65BC46';" onInCorrect="this.vibrate='horizontal-shake';" onTouch="">
                
            <lido-text visible="true" font-size="36px" font-color="black" string="किसी भरोसेमंद बड़े को बताएं" width="fit-content" bg-color="transparent" onEntry="this.fontWeight='500'; this.padding='0 20px';">
            </lido-text>
          </lido-cell>
					
          
          <lido-cell tab-index="3" visible="true" layout="col" width="100%" type="click" audio="game-assets/audio/file-qyk59pl5.mp3" value="option_2" height="landscape.250px, portrait.270px" onEntry="this.borderRadius='25px'; this.padding='0';" onCorrect="this.cellBorderAnimate='#65BC46';" onInCorrect="this.vibrate='horizontal-shake';" onTouch="">
                
            <lido-text visible="true" font-size="36px" font-color="black" string="जवाब दें" width="fit-content" bg-color="transparent" onEntry="this.fontWeight='500'; this.padding='0 20px';">
            </lido-text>
          </lido-cell>
					
          
          <lido-cell tab-index="4" visible="true" layout="col" width="100%" type="click" audio="game-assets/audio/file-9t6kb87d.mp3" value="option_1" height="landscape.250px, portrait.270px" onEntry="this.borderRadius='25px'; this.padding='0';" onCorrect="this.cellBorderAnimate='#65BC46';" onInCorrect="this.vibrate='horizontal-shake';" onTouch="">
                
            <lido-text visible="true" font-size="36px" font-color="black" string="चुप रहें" width="fit-content" bg-color="transparent" onEntry="this.fontWeight='500'; this.padding='0 20px';">
            </lido-text>
          </lido-cell>
					
          
          <lido-cell tab-index="5" visible="true" layout="col" width="100%" type="click" audio="game-assets/audio/file-187j6pf4.mp3" value="option_4" height="landscape.250px, portrait.270px" onEntry="this.borderRadius='25px'; this.padding='0';" onCorrect="this.cellBorderAnimate='#65BC46';" onInCorrect="this.vibrate='horizontal-shake';" onTouch="">
                
            <lido-text visible="true" font-size="36px" font-color="black" string="उन्हें भी परेशान करें" width="fit-content" bg-color="transparent" onEntry="this.fontWeight='500'; this.padding='0 20px';">
            </lido-text>
          </lido-cell>

        </lido-cell>
      </lido-cell>
    </lido-cell>
  </lido-container>
    <lido-container lang="hi" id="lido-container" value="maincontainer" objective="option_3" aria-label="This is a multiple-option question. Select one option from the list." height="100vh" width="100vw" x="0" y="0" z="0" bg-color="transparent" bg-image="template-assets/bg-images/file-lylvqfdy.png" visible="true" onCorrect="lido-avatar.avatarAnimate='Success'; this.sleep='2000';" onInCorrect="lido-avatar.avatarAnimate='Fail'; this.sleep='2000';" show-check="false" is-continue-on-correct="false" onEntry="" exit-button-url="template-assets/buttons/file-ci81v85b.png" prev-button-url="template-assets/buttons/file-raqrondv.png" next-button-url="template-assets/buttons/file-camylajm.png" speaker-button-url="template-assets/buttons/file-mxyqweze.png">

    
    <lido-cell layout="pos" id="pos1" disable-edit="true" value="pos1" height="300px" width="300px" x="landscape.-20px, portrait.-20px" y="landscape.100px, portrait.400px" aria-hidden="true" z="2" bg-color="transparent" visible="true">

      <lido-avatar id="lido-avatar" disable-edit="true" visible="true" height="100%" width="100%" src="template-assets/images/file-cj9cy3fn.riv" alt-text="" bg-color="transparent">
      </lido-avatar>

      <lido-image id="shadow1" disable-edit="true" value="image1" visible="true" src="template-assets/images/file-eacdsjq5.png" bg-color="transparent" width="186px" height="40px" x="55px" y="248px" alt-text="">
      </lido-image>
    </lido-cell>

    <lido-cell visible="true" layout="col" width="100%" height="100%" bg-color="transparent">
      <lido-text visible="true" width="80%" height="10%" bg-color="transparent" />

      <lido-text tab-index="1" audio="game-assets/audio/file-wi6qr85q.mp3" visible="true" id="lido-question" width="landscape.65%, portrait.80%" height="auto" bg-color="#FFF5BB" string="आप किसी ऐसे व्यक्ति की मदद कैसे कर सकते हैं जिसे धमकाया या परेशान किया जा रहा हो?" border-radius="16px" onEntry="this.border='1px solid black'; this.fontWeight='500'; this.padding='20px';" font-size="36px">
      </lido-text>

      <lido-cell visible="true" width="100%" height="landscape.68%, portrait.100%" bg-color="transparent" layout="landscape.row, portrait.col" margin="landscape.0, portrait.-108px 0 0 0">

        

        <lido-cell visible="true" layout="wrap" width="landscape.70%, portrait.80%" height="landscape.97%, portrait.auto" bg-color="transparent" gap="40px" onEntry="this.gridTemplateColumns='1fr 1fr';" margin="landscape.0, portrait.-195px 0 0 0">

          
          
          <lido-cell tab-index="2" visible="true" layout="col" width="100%" type="click" audio="game-assets/audio/file-krm831oz.mp3" value="option_4" height="landscape.250px, portrait.270px" onEntry="this.borderRadius='25px'; this.padding='0';" onCorrect="this.cellBorderAnimate='#65BC46';" onInCorrect="this.vibrate='horizontal-shake';" onTouch="">
                
            <lido-text visible="true" font-size="36px" font-color="black" string="उन्हें भी चिढ़ाओ" width="fit-content" bg-color="transparent" onEntry="this.fontWeight='500'; this.padding='0 20px';">
            </lido-text>
          </lido-cell>
					
          
          <lido-cell tab-index="3" visible="true" layout="col" width="100%" type="click" audio="game-assets/audio/file-ywdrsf4d.mp3" value="option_2" height="landscape.250px, portrait.270px" onEntry="this.borderRadius='25px'; this.padding='0';" onCorrect="this.cellBorderAnimate='#65BC46';" onInCorrect="this.vibrate='horizontal-shake';" onTouch="">
                
            <lido-text visible="true" font-size="36px" font-color="black" string="उन्हें नज़रअंदाज़ करो" width="fit-content" bg-color="transparent" onEntry="this.fontWeight='500'; this.padding='0 20px';">
            </lido-text>
          </lido-cell>
					
          
          <lido-cell tab-index="4" visible="true" layout="col" width="100%" type="click" audio="game-assets/audio/file-zn7a4m0e.mp3" value="option_3" height="landscape.250px, portrait.270px" onEntry="this.borderRadius='25px'; this.padding='0';" onCorrect="this.cellBorderAnimate='#65BC46';" onInCorrect="this.vibrate='horizontal-shake';" onTouch="">
                
            <lido-text visible="true" font-size="36px" font-color="black" string="उनके साथ खड़े रहो और प्यार से बात करो" width="fit-content" bg-color="transparent" onEntry="this.fontWeight='500'; this.padding='0 20px';">
            </lido-text>
          </lido-cell>
					
          
          <lido-cell tab-index="5" visible="true" layout="col" width="100%" type="click" audio="game-assets/audio/file-0krze5pl.mp3" value="option_1" height="landscape.250px, portrait.270px" onEntry="this.borderRadius='25px'; this.padding='0';" onCorrect="this.cellBorderAnimate='#65BC46';" onInCorrect="this.vibrate='horizontal-shake';" onTouch="">
                
            <lido-text visible="true" font-size="36px" font-color="black" string="दूसरों के साथ हँसना" width="fit-content" bg-color="transparent" onEntry="this.fontWeight='500'; this.padding='0 20px';">
            </lido-text>
          </lido-cell>

        </lido-cell>
      </lido-cell>
    </lido-cell>
  </lido-container>

        <lido-container lang="hi" id="lido-container" exit-button-url="template-assets/buttons/file-ci81v85b.png" prev-button-url="template-assets/buttons/file-raqrondv.png" next-button-url="template-assets/buttons/file-camylajm.png" speaker-button-url="template-assets/buttons/file-mxyqweze.png" is-allow-only-correct="true" value="mainContainer1" bg-image="template-assets/bg-images/file-edmarvu2.png" objective="बहुत कम" height="100%" width="100%" bg-color="transparent" visible="true" onCorrect="lido-avatar.avatarAnimate='Success';fullSentence.speak='true';this.sleep='2000';" onEntry="this.justifyContent='space-around'; heading.speak='true'; question_text.speak='true'; option_1.speak='true'; option_2.speak='true'; option_3.speak='true'" onInCorrect="lido-avatar.avatarAnimate='Fail'; this.sleep='2000';" show-check="false" is-continue-on-correct="true" after-drop="false">
            <lido-text id="fullSentence" visible="false" onEntry="this.display='none';" string="बुरा व्यवहार तब होती है जब कोई बार-बहुत कम दूसरों को चोट पहुँचाता है|" />
            
            <lido-cell layout="pos" id="pos1" disable-edit="true" value="pos2" height="landscape.448px,portrait.402px" width="landscape.350px,portrait.398px" x="landscape.-227px, portrait.541px" y="landscape.470px, portrait.1304px" aria-hidden="true" z="1" bg-color="transparent" visible="true" onEntry="this.animation='leftToPlace 2.5s linear';">
                <lido-avatar id="lido-avatar" disable-edit="true" visible="true" height="100%" width="100%" src="template-assets/images/file-cj9cy3fn.riv" alt-text="Chimple Character">
                </lido-avatar>
            </lido-cell>
            
		    <lido-cell layout="col" visible="true" width="100%" height="100%" bg-color="transparent" margin="landscape.0,portrait.-90px 0px 0px 0px">
			
			<lido-cell visible="true" margin="landscape.12px 0px -17px 0px, portrait.0px 0px 0px;">
				<lido-text id="heading" tab-index="1" width="landscape.770px,portrait.433px" visible="true" audio="template-assets/audio/file-c0cmo7pq.mp3" string="रिक्त स्थान भरें" font-family="'Baloo Bhai 2'" fontColor="black" font-size="landscape.45px, portrait.45px" bg-color="transparent" onEntry=" this.fontWeight='700';" margin="landscape.32px 0px 4px 0px,portrait.18px 0px 0px 0px">
                </lido-text>
			</lido-cell>
			
                 <lido-cell audio="game-assets/audio/file-19pjjr4l.mp3" layout="landscape.row, portrait.col" visible="true" width="landscape.90%, portrait.100%" height="landscape.70%, portrait.80%" bg-color="white" onEntry="this.borderRadius='10px'; this.padding='8px';" margin="landscape.0 , portrait.-18px 0px 0px 0px">

                      
                    <lido-image id="image1" disable-edit="true" visible="true" src="game-assets/images/file-z19cg9rp.jpg" width="landscape.542px, portrait.100%" height="landscape.100%, portrait.62%" margin="landscape.0px 0px 0px 0px , portrait. 0" />
                    
                    <lido-cell layout="flex" bg-Color="transparent" visible="true" height="landscape.100%,portrait.80%" width="landscape.754px, portrait.100%" onEntry="this.align-content='center'; this.gap='32px';this.display='ruby';" margin="landscape.21px 0px 0px 61px, portrait.45px 6px 0px 64px">
  
                         <lido-text id="question_text" font-family="'Baloo Bhai 2'" tab-index="21" audio="game-assets/audio/file-19pjjr4l.mp3" visible="true" font-size="landscape.46px,portrait.45px" y="-10px" string="बुरा व्यवहार तब होती है जब कोई बार-" bg-color="transparent" onEntry="this.position='relative'; this.fontWeight='600';this.display='inline'; this.padding='0px 20px 0px 0px';" /> 
<lido-text tab-index="3" drop-attr="stretch" id="drop_1" disable-edit="true" visible="true" width="164px" height="landscape.73px,portrait.77px" value="बहुत कम" type="drop" is-allow-only-one-drop="true" drop-Attr="stretch" onEntry="this.border-radius='10px';this.box-shoadow='';this.fontWeight='600'; this.margin-right='35px';" />
<lido-text id="question_text" font-family="'Baloo Bhai 2'" tab-index="41" audio="game-assets/audio/file-19pjjr4l.mp3" visible="true" font-size="landscape.46px,portrait.45px" y="-10px" string=" दूसरों को चोट पहुँचाता है|" bg-color="transparent" onEntry="this.position='relative'; this.fontWeight='600';this.display='inline'; this.padding='0px 20px 0px 0px';" /> 
                    </lido-cell>
                </lido-cell>
              <lido-cell layout="landscape.row, portrait.wrap" childElementsLength="4" onEntry="this.gap='28px';    this.gridTemplateColumns = 'repeat(2, 1fr)';  this.gridTemplateRows = 'repeat(2, 1fr)';" visible="true" margin="landscape.6px 0px 74px 0px, portrait.34px 128px 0px 130px">
				<lido-text font-family="'Baloo Bhai 2'" audio="game-assets/audio/file-h8to2ob2.mp3" id="option_2" value="दयालुता से" tab-index="6" visible="true" bg-color="#fcf3b1" onEntry="this.padding='0px 48px'; this.borderRadius='24px'; this.line-height='34px'; this.fontWeight='600';" width="auto" height="landscape.87px, portrait.91px" string="दयालुता से" fontColor="black" font-size="landscape.46px,portrait.45px" type="drag"> </lido-text>
<lido-text font-family="'Baloo Bhai 2'" audio="game-assets/audio/file-4hbr3b4m.mp3" id="option_3" value="फिर से" tab-index="7" visible="true" bg-color="#fcf3b1" onEntry="this.padding='0px 48px'; this.borderRadius='24px'; this.line-height='34px'; this.fontWeight='600';" width="auto" height="landscape.87px, portrait.91px" string="फिर से" fontColor="black" font-size="landscape.46px,portrait.45px" type="drag"> </lido-text>
<lido-text font-family="'Baloo Bhai 2'" audio="game-assets/audio/file-0j9kohb8.mp3" id="option_1" value="बहुत कम" tab-index="5" visible="true" bg-color="#fcf3b1" onEntry="this.padding='0px 48px'; this.borderRadius='24px'; this.line-height='34px'; this.fontWeight='600';" width="auto" height="landscape.87px, portrait.91px" string="बहुत कम" fontColor="black" font-size="landscape.46px,portrait.45px" type="drag"> </lido-text>
                </lido-cell>
            </lido-cell>
        </lido-container>
        

        <lido-container lang="hi" id="lido-container" exit-button-url="template-assets/buttons/file-ci81v85b.png" prev-button-url="template-assets/buttons/file-raqrondv.png" next-button-url="template-assets/buttons/file-camylajm.png" speaker-button-url="template-assets/buttons/file-mxyqweze.png" is-allow-only-correct="true" value="mainContainer1" bg-image="template-assets/bg-images/file-edmarvu2.png" objective="भरोसेमंद" height="100%" width="100%" bg-color="transparent" visible="true" onCorrect="lido-avatar.avatarAnimate='Success';fullSentence.speak='true';this.sleep='2000';" onEntry="this.justifyContent='space-around'; heading.speak='true'; question_text.speak='true'; option_1.speak='true'; option_2.speak='true'; option_3.speak='true'" onInCorrect="lido-avatar.avatarAnimate='Fail'; this.sleep='2000';" show-check="false" is-continue-on-correct="true" after-drop="false">
            <lido-text id="fullSentence" visible="false" onEntry="this.display='none';" string="अगर हम बुरा व्यवहार देखें, तो हमें किसी भरोसेमंद बड़े को बताना चाहिए|" />
            
            <lido-cell layout="pos" id="pos1" disable-edit="true" value="pos2" height="landscape.448px,portrait.402px" width="landscape.350px,portrait.398px" x="landscape.-227px, portrait.541px" y="landscape.470px, portrait.1304px" aria-hidden="true" z="1" bg-color="transparent" visible="true" onEntry="this.animation='leftToPlace 2.5s linear';">
                <lido-avatar id="lido-avatar" disable-edit="true" visible="true" height="100%" width="100%" src="template-assets/images/file-cj9cy3fn.riv" alt-text="Chimple Character">
                </lido-avatar>
            </lido-cell>
            
		    <lido-cell layout="col" visible="true" width="100%" height="100%" bg-color="transparent" margin="landscape.0,portrait.-90px 0px 0px 0px">
			
			<lido-cell visible="true" margin="landscape.12px 0px -17px 0px, portrait.0px 0px 0px;">
				<lido-text id="heading" tab-index="1" width="landscape.770px,portrait.433px" visible="true" audio="template-assets/audio/file-c0cmo7pq.mp3" string="रिक्त स्थान भरें" font-family="'Baloo Bhai 2'" fontColor="black" font-size="landscape.45px, portrait.45px" bg-color="transparent" onEntry=" this.fontWeight='700';" margin="landscape.32px 0px 4px 0px,portrait.18px 0px 0px 0px">
                </lido-text>
			</lido-cell>
			
                 <lido-cell audio="game-assets/audio/file-vsz9u0rm.mp3" layout="landscape.row, portrait.col" visible="true" width="landscape.90%, portrait.100%" height="landscape.70%, portrait.80%" bg-color="white" onEntry="this.borderRadius='10px'; this.padding='8px';" margin="landscape.0 , portrait.-18px 0px 0px 0px">

                      
                    <lido-image id="image1" disable-edit="true" visible="true" src="game-assets/images/file-z19cg9rp.jpg" width="landscape.542px, portrait.100%" height="landscape.100%, portrait.62%" margin="landscape.0px 0px 0px 0px , portrait. 0" />
                    
                    <lido-cell layout="flex" bg-Color="transparent" visible="true" height="landscape.100%,portrait.80%" width="landscape.754px, portrait.100%" onEntry="this.align-content='center'; this.gap='32px';this.display='ruby';" margin="landscape.21px 0px 0px 61px, portrait.45px 6px 0px 64px">
  
                         <lido-text id="question_text" font-family="'Baloo Bhai 2'" tab-index="21" audio="game-assets/audio/file-vsz9u0rm.mp3" visible="true" font-size="landscape.46px,portrait.45px" y="-10px" string="अगर हम बुरा व्यवहार देखें, तो हमें किसी " bg-color="transparent" onEntry="this.position='relative'; this.fontWeight='600';this.display='inline'; this.padding='0px 20px 0px 0px';" /> 
<lido-text tab-index="3" drop-attr="stretch" id="drop_1" disable-edit="true" visible="true" width="164px" height="landscape.73px,portrait.77px" value="भरोसेमंद" type="drop" is-allow-only-one-drop="true" drop-Attr="stretch" onEntry="this.border-radius='10px';this.box-shoadow='';this.fontWeight='600'; this.margin-right='35px';" />
<lido-text id="question_text" font-family="'Baloo Bhai 2'" tab-index="41" audio="game-assets/audio/file-vsz9u0rm.mp3" visible="true" font-size="landscape.46px,portrait.45px" y="-10px" string=" बड़े को बताना चाहिए|" bg-color="transparent" onEntry="this.position='relative'; this.fontWeight='600';this.display='inline'; this.padding='0px 20px 0px 0px';" /> 
                    </lido-cell>
                </lido-cell>
              <lido-cell layout="landscape.row, portrait.wrap" childElementsLength="4" onEntry="this.gap='28px';    this.gridTemplateColumns = 'repeat(2, 1fr)';  this.gridTemplateRows = 'repeat(2, 1fr)';" visible="true" margin="landscape.6px 0px 74px 0px, portrait.34px 128px 0px 130px">
				<lido-text font-family="'Baloo Bhai 2'" audio="game-assets/audio/file-bnztszat.mp3" id="option_1" value="भरोसेमंद" tab-index="5" visible="true" bg-color="#fcf3b1" onEntry="this.padding='0px 48px'; this.borderRadius='24px'; this.line-height='34px'; this.fontWeight='600';" width="auto" height="landscape.87px, portrait.91px" string="भरोसेमंद" fontColor="black" font-size="landscape.46px,portrait.45px" type="drag"> </lido-text>
<lido-text font-family="'Baloo Bhai 2'" audio="game-assets/audio/file-qgjwcw3u.mp3" id="option_2" value="मज़ेदार" tab-index="6" visible="true" bg-color="#fcf3b1" onEntry="this.padding='0px 48px'; this.borderRadius='24px'; this.line-height='34px'; this.fontWeight='600';" width="auto" height="landscape.87px, portrait.91px" string="मज़ेदार" fontColor="black" font-size="landscape.46px,portrait.45px" type="drag"> </lido-text>
                </lido-cell>
            </lido-cell>
        </lido-container>
        

        <lido-container lang="hi" id="lido-container" exit-button-url="template-assets/buttons/file-ci81v85b.png" prev-button-url="template-assets/buttons/file-raqrondv.png" next-button-url="template-assets/buttons/file-camylajm.png" speaker-button-url="template-assets/buttons/file-mxyqweze.png" is-allow-only-correct="true" value="mainContainer1" bg-image="template-assets/bg-images/file-edmarvu2.png" objective="हँसी" height="100%" width="100%" bg-color="transparent" visible="true" onCorrect="lido-avatar.avatarAnimate='Success';fullSentence.speak='true';this.sleep='2000';" onEntry="this.justifyContent='space-around'; heading.speak='true'; question_text.speak='true'; option_1.speak='true'; option_2.speak='true'; option_3.speak='true'" onInCorrect="lido-avatar.avatarAnimate='Fail'; this.sleep='2000';" show-check="false" is-continue-on-correct="true" after-drop="false">
            <lido-text id="fullSentence" visible="false" onEntry="this.display='none';" string="अच्छे शब्दों का इस्तेमाल हँसी रोकने में मदद करता है|" />
            
            <lido-cell layout="pos" id="pos1" disable-edit="true" value="pos2" height="landscape.448px,portrait.402px" width="landscape.350px,portrait.398px" x="landscape.-227px, portrait.541px" y="landscape.470px, portrait.1304px" aria-hidden="true" z="1" bg-color="transparent" visible="true" onEntry="this.animation='leftToPlace 2.5s linear';">
                <lido-avatar id="lido-avatar" disable-edit="true" visible="true" height="100%" width="100%" src="template-assets/images/file-cj9cy3fn.riv" alt-text="Chimple Character">
                </lido-avatar>
            </lido-cell>
            
		    <lido-cell layout="col" visible="true" width="100%" height="100%" bg-color="transparent" margin="landscape.0,portrait.-90px 0px 0px 0px">
			
			<lido-cell visible="true" margin="landscape.12px 0px -17px 0px, portrait.0px 0px 0px;">
				<lido-text id="heading" tab-index="1" width="landscape.770px,portrait.433px" visible="true" audio="template-assets/audio/file-c0cmo7pq.mp3" string="रिक्त स्थान भरें" font-family="'Baloo Bhai 2'" fontColor="black" font-size="landscape.45px, portrait.45px" bg-color="transparent" onEntry=" this.fontWeight='700';" margin="landscape.32px 0px 4px 0px,portrait.18px 0px 0px 0px">
                </lido-text>
			</lido-cell>
			
                 <lido-cell audio="game-assets/audio/file-dhvo2zvj.mp3" layout="landscape.row, portrait.col" visible="true" width="landscape.90%, portrait.100%" height="landscape.70%, portrait.80%" bg-color="white" onEntry="this.borderRadius='10px'; this.padding='8px';" margin="landscape.0 , portrait.-18px 0px 0px 0px">

                      
                    <lido-image id="image1" disable-edit="true" visible="true" src="game-assets/images/file-z19cg9rp.jpg" width="landscape.542px, portrait.100%" height="landscape.100%, portrait.62%" margin="landscape.0px 0px 0px 0px , portrait. 0" />
                    
                    <lido-cell layout="flex" bg-Color="transparent" visible="true" height="landscape.100%,portrait.80%" width="landscape.754px, portrait.100%" onEntry="this.align-content='center'; this.gap='32px';this.display='ruby';" margin="landscape.21px 0px 0px 61px, portrait.45px 6px 0px 64px">
  
                         <lido-text id="question_text" font-family="'Baloo Bhai 2'" tab-index="21" audio="game-assets/audio/file-dhvo2zvj.mp3" visible="true" font-size="landscape.46px,portrait.45px" y="-10px" string="अच्छे शब्दों का इस्तेमाल " bg-color="transparent" onEntry="this.position='relative'; this.fontWeight='600';this.display='inline'; this.padding='0px 20px 0px 0px';" /> 
<lido-text tab-index="3" drop-attr="stretch" id="drop_1" disable-edit="true" visible="true" width="164px" height="landscape.73px,portrait.77px" value="हँसी" type="drop" is-allow-only-one-drop="true" drop-Attr="stretch" onEntry="this.border-radius='10px';this.box-shoadow='';this.fontWeight='600'; this.margin-right='35px';" />
<lido-text id="question_text" font-family="'Baloo Bhai 2'" tab-index="41" audio="game-assets/audio/file-dhvo2zvj.mp3" visible="true" font-size="landscape.46px,portrait.45px" y="-10px" string=" रोकने में मदद करता है|" bg-color="transparent" onEntry="this.position='relative'; this.fontWeight='600';this.display='inline'; this.padding='0px 20px 0px 0px';" /> 
                    </lido-cell>
                </lido-cell>
              <lido-cell layout="landscape.row, portrait.wrap" childElementsLength="4" onEntry="this.gap='28px';    this.gridTemplateColumns = 'repeat(2, 1fr)';  this.gridTemplateRows = 'repeat(2, 1fr)';" visible="true" margin="landscape.6px 0px 74px 0px, portrait.34px 128px 0px 130px">
				<lido-text font-family="'Baloo Bhai 2'" audio="game-assets/audio/file-rb4e4ozd.mp3" id="option_1" value="हँसी" tab-index="5" visible="true" bg-color="#fcf3b1" onEntry="this.padding='0px 48px'; this.borderRadius='24px'; this.line-height='34px'; this.fontWeight='600';" width="auto" height="landscape.87px, portrait.91px" string="हँसी" fontColor="black" font-size="landscape.46px,portrait.45px" type="drag"> </lido-text>
<lido-text font-family="'Baloo Bhai 2'" audio="game-assets/audio/file-22hev1ou.mp3" id="option_2" value="खेल" tab-index="6" visible="true" bg-color="#fcf3b1" onEntry="this.padding='0px 48px'; this.borderRadius='24px'; this.line-height='34px'; this.fontWeight='600';" width="auto" height="landscape.87px, portrait.91px" string="खेल" fontColor="black" font-size="landscape.46px,portrait.45px" type="drag"> </lido-text>
                </lido-cell>
            </lido-cell>
        </lido-container>
        
</root>