[1,["09jKbpIJ9Ms5XRYcWI5J/g","48KkAPF/NAnbm0bHI7DssL","81s+cOH/ZJAp4/NYPuGubP","5aADFSjEBKrrLqdcZF7OsQ","bewAiyiVxKjIosxTfnj2pO","5fs4IriHpPOaDMEvaAdzeJ","96jEhkqlNGRoTgjxI3J73P","44vGc5Rt5M0rgoT4BQE8H1","09AAb+HkdFaIBZ97hDVqgE","f89bDr8xhPmY9gQPZ3+LDF","9fM7xcF8VKx6lqXrbom/rJ"],["_textureSetter"],["cc.SpriteFrame","cc.Texture2D",["cc.JsonAsset",["_name","json"],1]],[[2,0,1,3]],[[[{"name":"robot_green","rect":[18,33,227,244],"offset":[0.5,-8],"originalSize":[262,294],"capInsets":[0,0,0,0]}],[0],0,[0],[0],[0]],[["0,9729,9729,33071,33071,0,0,1",-1],[1],0,[],[],[]],[["0,9729,9729,33071,33071,0,0,1",-1],[1],0,[],[],[]],[[{"name":"socks_green","rect":[0,0,209,293],"offset":[0,0],"originalSize":[209,293],"capInsets":[0,0,0,0]}],[0],0,[0],[0],[1]],[[{"name":"socks_blue","rect":[0,0,209,293],"offset":[0,0],"originalSize":[209,293],"capInsets":[0,0,0,0]}],[0],0,[0],[0],[2]],[[{"name":"glove_blue","rect":[0,0,256,292],"offset":[-0.5,0],"originalSize":[257,292],"capInsets":[0,0,0,0]}],[0],0,[0],[0],[3]],[[{"name":"car_yellow","rect":[1,19,291,181],"offset":[0.5,-4],"originalSize":[292,211],"capInsets":[0,0,0,0]}],[0],0,[0],[0],[4]],[["0,9729,9729,33071,33071,0,0,1",-1],[1],0,[],[],[]],[[{"name":"button_blue","rect":[2,3,244,244],"offset":[0,-1],"originalSize":[248,248],"capInsets":[0,0,0,0]}],[0],0,[0],[0],[5]],[["0,9729,9729,33071,33071,0,0,1",-1],[1],0,[],[],[]],[[{"name":"horse_yellow","rect":[0,0,293,252],"offset":[0,0],"originalSize":[293,252],"capInsets":[0,0,0,0]}],[0],0,[0],[0],[6]],[["0,9729,9729,33071,33071,0,0,1",-1],[1],0,[],[],[]],[["0,9729,9729,33071,33071,0,0,1",-1],[1],0,[],[],[]],[[[0,"puzzle0002",{"rows":[["matchbox","1","Description","8.0","cup_blue.png","button_blue.png","horse_blue.png","glove_blue.png","cup_blue.png","button_blue.png","horse_blue.png","glove_blue.png"],["matchbox","1","Description","8.0","horse_blue.png","socks_green.png","car_yellow.png","robot_orange.png","horse_yellow.png","socks_blue.png","car_orange.png","robot_green.png"]]}]],0,0,[],[],[]],[[{"name":"robot_orange","rect":[18,33,227,244],"offset":[0.5,-8],"originalSize":[262,294],"capInsets":[0,0,0,0]}],[0],0,[0],[0],[7]],[["0,9729,9729,33071,33071,0,0,1",-1],[1],0,[],[],[]],[[{"name":"car_orange","rect":[1,19,291,181],"offset":[0.5,-4],"originalSize":[292,211],"capInsets":[0,0,0,0]}],[0],0,[0],[0],[8]],[["0,9729,9729,33071,33071,0,0,1",-1],[1],0,[],[],[]],[["0,9729,9729,33071,33071,0,0,1",-1],[1],0,[],[],[]],[["0,9729,9729,33071,33071,0,0,1",-1],[1],0,[],[],[]],[[{"name":"cup_blue","rect":[21,2,199,199],"offset":[10.5,-1],"originalSize":[220,201],"capInsets":[0,0,0,0]}],[0],0,[0],[0],[9]],[[{"name":"horse_blue","rect":[0,0,293,252],"offset":[0,0],"originalSize":[293,252],"capInsets":[0,0,0,0]}],[0],0,[0],[0],[10]],[["0,9729,9729,33071,33071,0,0,1",-1],[1],0,[],[],[]]]]