[1,["c40TWwwO9C57AxO3zZYX0i","78s1Ta6zxLyIWlA8lhYthL","a4YiSnWelD8bbsWuDndO5w","c1gUUrFQBNVYlBVz3doXrS"],["_textureSetter"],["cc.SpriteFrame","cc.Texture2D",["cc.AudioClip",["_name","_native","duration"],0],["cc.JsonAsset",["_name","json"],1]],[[2,0,1,2,4],[3,0,1,3]],[[[{"name":"lotus","rect":[0,0,500,333],"offset":[0,0],"originalSize":[500,333],"capInsets":[0,0,0,0]}],[0],0,[0],[0],[0]],[[[0,"ೀ",".mp3",0.504],-1],0,0,[],[],[]],[[[0,"ಿ",".mp3",0.456],-1],0,0,[],[],[]],[[[0,"ಕೀ",".mp3",0.576],-1],0,0,[],[],[]],[[[0,"ಕಾ",".mp3",0.528],-1],0,0,[],[],[]],[[{"name":"window","rect":[0,0,500,417],"offset":[0,0],"originalSize":[500,417],"capInsets":[0,0,0,0]}],[0],0,[0],[0],[1]],[[[0,"ಕೀಟ",".mp3",0.672],-1],0,0,[],[],[]],[[[0,"ಕಿ",".mp3",0.528],-1],0,0,[],[],[]],[["0,9729,9729,33071,33071,0,0,1",-1],[1],0,[],[],[]],[[[0,"ಕಾಗೆ",".mp3",0.72],-1],0,0,[],[],[]],[[[0,"ಕಿಟಕಿ",".mp3",0.744],-1],0,0,[],[],[]],[["0,9729,9729,33071,33071,0,0,1",-1],[1],0,[],[],[]],[[[0,"ಕ",".mp3",0.504],-1],0,0,[],[],[]],[["0,9729,9729,33071,33071,0,0,1",-1],[1],0,[],[],[]],[["0,9729,9729,33071,33071,0,0,1",-1],[1],0,[],[],[]],[[{"name":"insect","rect":[0,0,512,342],"offset":[0,0],"originalSize":[512,342],"capInsets":[0,0,0,0]}],[0],0,[0],[0],[2]],[[[0,"ಕಮಲ",".mp3",0.72],-1],0,0,[],[],[]],[[{"name":"crow","rect":[0,0,512,395],"offset":[0,0],"originalSize":[512,395],"capInsets":[0,0,0,0]}],[0],0,[0],[0],[3]],[[[0,"ಾ",".mp3",0.504],-1],0,0,[],[],[]],[[[1,"kn1500",{"rows":[["phonictractor","1","Description","6","ಕ","ಕ.mp3","ಕ","ಕ.mp3"],["writeword","1","Description","ಕಮಲ","lotus.png","ಕಮಲ.mp3"],["phonictractor","1","Description","6","ಕಾ","ಕಾ.mp3","ಕ","ಕ.mp3","ಾ","ಾ.mp3"],["spelldoor","1","Description","ಕಾಗೆ","**","0","0","crow.png","ಕಾಗೆ.mp3"],["phonictractor","1","Description","6","ಕಿ","ಕಿ.mp3","ಕ","ಕ.mp3","ಿ","ಿ.mp3"],["spelldoor","1","Description","ಕಿಟಕಿ","***","0","0","window.png","ಕಿಟಕಿ.mp3"],["phonictractor","1","Description","6","ಕೀ","ಕೀ.mp3","ಕ","ಕ.mp3","ೀ","ೀ.mp3"],["spelldoor","1","Description","ಕೀಟ","**","0","0","insect.png","ಕೀಟ.mp3"],["quizliteracy","1","Description","soundonly_word","ಕಾ","ಕಿ","ಕೀ","ಕಾ","","","ಕಾ.mp3"],["quizliteracy","1","Description","soundonly_word","ಕಾಗೆ","ಕಾಗೆ","ಕಿಟಕಿ","ಕಮಲಾ","","","ಕಾಗೆ.mp3"],["quizliteracy","1","Description","word_word","ಕೀ","ಕೀ","ಕಾ","ಮ","","_ಟ","ಕೀಟ.mp3"]]}]],0,0,[],[],[]]]]