[1,["e10y1WDIZNK5P5Lzqk88Ef","cap8wOpEpDRrkPkQAncvmt","2c3WYgY/lFIrKT2pwhiZxI","bcL42d0QdPhpdOinJ2GPcb"],["_textureSetter"],["cc.Texture2D","cc.SpriteFrame",["cc.AudioClip",["_name","_native","duration"],0],["cc.JsonAsset",["_name","json"],1]],[[2,0,1,2,4],[3,0,1,3]],[[["0,9729,9729,33071,33071,0,0,1",-1],[0],0,[],[],[]],[[{"name":"crow","rect":[0,0,400,400],"offset":[0,0],"originalSize":[400,400],"capInsets":[0,0,0,0]}],[1],0,[0],[0],[0]],[[{"name":"insect","rect":[0,0,400,400],"offset":[0,0],"originalSize":[400,400],"capInsets":[0,0,0,0]}],[1],0,[0],[0],[1]],[[[0,"ಕಮಲ",".mp3",0.768],-1],0,0,[],[],[]],[[[0,"ಕಾ",".mp3",0.528],-1],0,0,[],[],[]],[[[0,"ಕ",".mp3",0.528],-1],0,0,[],[],[]],[[[0,"ಕಿ",".mp3",0.528],-1],0,0,[],[],[]],[[[0,"ಕೀ",".mp3",0.552],-1],0,0,[],[],[]],[[[0,"ಾ",".mp3",0.504],-1],0,0,[],[],[]],[[[0,"ಕೀಟ",".mp3",0.696],-1],0,0,[],[],[]],[[[0,"ೀ",".mp3",0.504],-1],0,0,[],[],[]],[[[0,"ಿ",".mp3",0.48],-1],0,0,[],[],[]],[["0,9729,9729,33071,33071,0,0,1",-1],[0],0,[],[],[]],[[[1,"kn2_0310",{"rows":[["phonictractor","1","Description","6","ಕ","ಕ.mp3","ಕ","ಕ.mp3"],["writeword","1","Description","ಕಮಲ","lotus.png","ಕಮಲ.mp3"],["phonictractor","1","Description","6","ಕಾ","ಕಾ.mp3","ಕ","ಕ.mp3","ಾ","ಾ.mp3"],["spelldoor","1","Description","ಕಾಗೆ","**","0","0","crow.png","ಕಾಗೆ.mp3"],["phonictractor","1","Description","6","ಕಿ","ಕಿ.mp3","ಕ","ಕ.mp3","ಿ","ಿ.mp3"],["spelldoor","1","Description","ಕಿಟಕಿ","***","0","0","window.png","ಕಿಟಕಿ.mp3"],["phonictractor","1","Description","6","ಕೀ","ಕೀ.mp3","ಕ","ಕ.mp3","ೀ","ೀ.mp3"],["spelldoor","1","Description","ಕೀಟ","**","0","0","insect.png","ಕೀಟ.mp3"],["quizliteracy","1","Description","soundonly_word","ಕಾ","ಕಿ","ಕೀ","ಕಾ","","","ಕಾ.mp3"],["quizliteracy","1","Description","soundonly_word","ಕಾಗೆ","ಕಾಗೆ","ಕಿಟಕಿ","ಕಮಲಾ","","","ಕಾಗೆ.mp3"],["quizliteracy","1","Description","word_word","ಕೀ","ಕೀ","ಕಾ","ಮ","","_ಟ","ಕೀಟ.mp3"]]}]],0,0,[],[],[]],[[{"name":"window","rect":[0,0,400,400],"offset":[0,0],"originalSize":[400,400],"capInsets":[0,0,0,0]}],[1],0,[0],[0],[2]],[["0,9729,9729,33071,33071,0,0,1",-1],[0],0,[],[],[]],[[{"name":"lotus","rect":[0,0,400,400],"offset":[0,0],"originalSize":[400,400],"capInsets":[0,0,0,0]}],[1],0,[0],[0],[3]],[[[0,"ಕಿಟಕಿ",".mp3",0.768],-1],0,0,[],[],[]],[["0,9729,9729,33071,33071,0,0,1",-1],[0],0,[],[],[]],[[[0,"ಕಾಗೆ",".mp3",0.768],-1],0,0,[],[],[]]]]