[1,["a4FX68ietOkZ8LEtjr8/hp"],["_textureSetter"],["cc.SpriteFrame","cc.Texture2D",["cc.AudioClip",["_name","_native","duration"],0],["cc.JsonAsset",["_name","json"],1]],[[2,0,1,2,4],[3,0,1,3]],[[[[0,"cream",".mp3",0.705306],-1],0,0,[],[],[]],[[{"name":"cross","rect":[0,0,640,435],"offset":[0,0],"originalSize":[640,435],"capInsets":[0,0,0,0]}],[0],0,[0],[0],[0]],[[[0,"class",".mp3",0.809796],-1],0,0,[],[],[]],[[[0,"duck",".mp3",0.626939],-1],0,0,[],[],[]],[[[0,"drive",".mp3",0.731429],-1],0,0,[],[],[]],[[[0,"crab",".mp3",0.600816],-1],0,0,[],[],[]],[[[0,"cross",".mp3",0.653061],-1],0,0,[],[],[]],[[[0,"clock",".mp3",0.653061],-1],0,0,[],[],[]],[[[0,"cry",".mp3",0.626939],-1],0,0,[],[],[]],[[[0,"dress",".mp3",0.783673],-1],0,0,[],[],[]],[["0,9729,9729,33071,33071,0,0,1",-1],[1],0,[],[],[]],[[[0,"cr",".mp3",1.436735],-1],0,0,[],[],[]],[[[0,"sky",".mp3",0.783673],-1],0,0,[],[],[]],[[[0,"crib",".mp3",0.522449],-1],0,0,[],[],[]],[[[0,"kick",".mp3",0.731429],-1],0,0,[],[],[]],[[[0,"dr",".mp3",1.104],-1],0,0,[],[],[]],[[[0,"cl",".mp3",0.862041],-1],0,0,[],[],[]],[[[0,"ck",".mp3",0.783673],-1],0,0,[],[],[]],[[[1,"sl_en1611",{"rows":[["grid","1","Description","cr","ab,op,ib"],["grid","1","Description","cr","ane,ew,oss"],["phonictractor","1","Description","5","crab","crab.mp3","cr","cr.mp3","a","a_phonic.mp3","b","b_phonic.mp3"],["phonictractor","1","Description","5","crib","crib.mp3","cr","cr.mp3","i","i_phonic.mp3","b","b_phonic.mp3"],["rocket","1","Description","cross","a,b,c,d,e,f,g,h,i,j,k,l,m,n,o,p,q,r,s,t,u,v,w,x,y,z","c,r,o,s","cross.mp3","cross.png","true","false"],["rocket","1","Description","cross","a,b,c,d,e,f,g,h,i,j,k,l,m,n,o,p,q,r,s,t,u,v,w,x,y,z","c,r,o,s,s","cross.mp3","cross.png","false","true"],["speakingpet","1","Description","ck.mp3","i_phonic.mp3","kick","kick.mp3","A","3,4","duck","duck.mp3","A","3,4","sky","sky.mp3","B","3","cry","cry.mp3","B","3"],["speakingpet","1","Description","cr.mp3","cl.mp3","crab","crab.mp3","A","1,2","cream","cream.mp3","A","1,2","clock","clock.mp3","B","1,2","class","class.mp3","B","1,2"],["speakingpet","1","Description","dr.mp3","cr.mp3","dress","dress.mp3","A","1,2","drive","drive.mp3","A","1,2","crab","crab.mp3","B","1,2","cross","cross.mp3","B","1,2"],["quizliteracy","1","Description","soundonly_word","crab","duck","crab","nest","","","crab.mp3"],["quizliteracy","1","Description","soundonly_word","cream","crown","cream","cloud","","","cream.mp3"],["quizliteracy","1","Description","image_word","cross","cross","grass","cream","cross.png"]]}]],0,0,[],[],[]]]]