[1,["40pJEqUHFG7JyZfkb7CNRv","a8Ihv3UStL25iQmwLDwBDH","538qPxsF1Gjq04seDTjzx1","eb5X/rtZFMvIP/GJ0w8nyo","cfOPJolt1NzboRGr5EG3K0"],["_textureSetter"],["cc.SpriteFrame","cc.Texture2D",["cc.AudioClip",["_name","_native","duration"],0],["cc.JsonAsset",["_name","json"],1]],[[2,0,1,2,4],[3,0,1,3]],[[[{"name":"The_plantgrows","rect":[0,0,800,536],"offset":[0,0],"originalSize":[800,536],"capInsets":[0,0,0,0]}],[0],0,[0],[0],[0]],[[[0,"You_are_kind",".mp3",1.632],-1],0,0,[],[],[]],[[{"name":"Iteats","rect":[0,0,1073,1157],"offset":[0,0],"originalSize":[1073,1157],"capInsets":[0,0,0,0]}],[0],0,[0],[0],[1]],[[[0,"The_ball_bounces",".mp3",2.184],-1],0,0,[],[],[]],[["1,9729,9729,33071,33071,0,0,1",-1],[1],0,[],[],[]],[[[0,"The_plant_grows",".mp3",1.992],-1],0,0,[],[],[]],[["1,9729,9729,33071,33071,0,0,1",-1],[1],0,[],[],[]],[[[0,"Salma_drinks_milk",".mp3",2.4],-1],0,0,[],[],[]],[[[0,"She_is_short",".mp3",1.632],-1],0,0,[],[],[]],[[{"name":"Salma_drinks_milk","rect":[0,0,800,533],"offset":[0,0],"originalSize":[800,533],"capInsets":[0,0,0,0]}],[0],0,[0],[0],[2]],[[{"name":"Komalreadsa_book","rect":[0,0,1073,1157],"offset":[0,0],"originalSize":[1073,1157],"capInsets":[0,0,0,0]}],[0],0,[0],[0],[3]],[["1,9729,9729,33071,33071,0,0,1",-1],[1],0,[],[],[]],[[[0,"The_cow_eats",".mp3",1.704],-1],0,0,[],[],[]],[[{"name":"The_ballbounces","rect":[0,0,1073,772],"offset":[0,0],"originalSize":[1073,772],"capInsets":[0,0,0,0]}],[0],0,[0],[0],[4]],[[[1,"en3201",{"rows":[["jumpsentence","1","Description","[You] [are] [kind.]","You_are_kind.mp3","y","unlocked"],["jumpsentence","1","Description","[She] [is] [short.]","She_is_short.mp3","y","unlocked"],["jumpsentence","1","Description","[I] [am] [fast.]","I_am_fast.mp3","y","unlocked"],["createsentence","1","Description","The plant/grows","","The_plantgrows.jpg","The_plant_grows.mp3"],["createsentence","1","Description","The ball/bounces","","The_ballbounces.jpg","The_ball_bounces.mp3"],["createsentence","1","Description","The cow/eats","","Iteats.jpg","The_cow_eats.mp3"],["createsentence","1","Description","Salma/drinks/milk","","Salma_drinks_milk.jpg","Salma_drinks_milk.mp3"],["quizliteracy","1","Description","image_sentence","The ball bounces. ","The ball flies.","The ball bounces. ","The ball falls.","The_ballbounces.jpg","","The_ball_bounces.mp3"],["quizliteracy","1","Description","image_sentence","The plant grows. ","The plant dries. ","The plant is short. ","The plant grows. ","The_plantgrows.jpg","","The_plant_grows.mp3"],["quizliteracy","1","Description","image_sentence","Aarthi reads. ","Aarthi sings. ","Aarthi reads. ","Aarthi runs. ","Komalreadsa_book.jpg","","Aarthi_reads.mp3"],["quizliteracy","1","Description","image_sentence","The cow eats. ","Ram eats. ","The cow eats. ","Salma eats. ","Iteats.jpg","","The_cow_eats.mp3"],["quizliteracy","1","Description","image_sentence","Salma drinks milk. ","Salma drinks milk. ","Salma eats salad. ","Salma runs fast. ","The_milkisdelicious.jpg","","Salma_drinks_milk.mp3"]]}]],0,0,[],[],[]],[[[0,"I_am_fast",".mp3",1.656],-1],0,0,[],[],[]],[["1,9729,9729,33071,33071,0,0,1",-1],[1],0,[],[],[]],[[[0,"Aarthi_reads",".mp3",1.704],-1],0,0,[],[],[]],[["1,9729,9729,33071,33071,0,0,1",-1],[1],0,[],[],[]]]]