[1,["04NYvXFcBEbINLKFYbQZgP","658/xWwxVKrKrogmrPMxlj","e4RRyEEuNLJ7SCEcRaPLOv","b6DRIqfQVMorDOS8m/glKK","f07puRSIZIKIfLhR0uBJAq","5aq7yGr01JS6EVJpzVslqW"],["_textureSetter"],["cc.Texture2D","cc.SpriteFrame",["cc.AudioClip",["_name","_native","duration"],0],["cc.JsonAsset",["_name","json"],1]],[[2,0,1,2,4],[3,0,1,3]],[[["0,9729,9729,33071,33071,0,0,1",-1],[0],0,[],[],[]],[[[0,"ಅಂಗಳ",".mp3",1.032],-1],0,0,[],[],[]],[[[0,"ಙ",".mp3",0.504],-1],0,0,[],[],[]],[[[0,"ಅಂಧ",".mp3",1.032],-1],0,0,[],[],[]],[[{"name":"beautiful","rect":[0,0,512,341],"offset":[0,0],"originalSize":[512,341],"capInsets":[0,0,0,0]}],[1],0,[0],[0],[0]],[["0,9729,9729,33071,33071,0,0,1",-1],[0],0,[],[],[]],[["0,9729,9729,33071,33071,0,0,1",-1],[0],0,[],[],[]],[[{"name":"blind","rect":[0,0,512,342],"offset":[0,0],"originalSize":[512,342],"capInsets":[0,0,0,0]}],[1],0,[0],[0],[1]],[[{"name":"ಞ","rect":[0,0,800,660],"offset":[0,0],"originalSize":[800,660],"capInsets":[0,0,0,0]}],[1],0,[0],[0],[2]],[[[1,"kn1002",{"rows":[["writecard","1","Description","ಅಂ","ಅಂದ","beautiful.png","ಅಂದ.mp3","ಅಂಗಳ","yard.png","ಅಂಗಳ.mp3","ಅಂಧ","blind.png","ಅಂಧ.mp3"],["writecard","1","Description","ಅಃ","ಅಃ","ಅಃ.png","ಅಃ.mp3","ಅಃ","ಅಃ.png","ಅಃ.mp3","ಅಃ","ಅಃ.png","ಅಃ.mp3"],["writecard","1","Description","ಙ","ಙ","ಙ.png","ಙ.mp3","ಙ","ಙ.png","ಙ.mp3","ಙ","ಙ.png","ಙ.mp3"],["writecard","1","Description","ಞ","ಞ","ಞ.png","ಞ.mp3","ಞ","ಞ.png","ಞ.mp3","ಞ","ಞ.png","ಞ.mp3"],["quizliteracy","1","Description","soundonly_image","beautiful.png","beautiful.png","ಞ.png","ಅಃ.png","","","ಅಂದ.mp3"],["quizliteracy","1","Description","soundonly_image","blind.png","ಅಃ.png","ಞ.png","blind.png","","","ಅಂಧ.mp3"],["quizliteracy","1","Description","soundonly_image","ಅಃ.png","blind.png","ಅಃ.png","beautiful.png","","","ಅಃ.mp3"]]}]],0,0,[],[],[]],[[{"name":"ಅಃ","rect":[0,0,800,660],"offset":[0,0],"originalSize":[800,660],"capInsets":[0,0,0,0]}],[1],0,[0],[0],[3]],[[[0,"ಞ",".mp3",0.528],-1],0,0,[],[],[]],[["0,9729,9729,33071,33071,0,0,1",-1],[0],0,[],[],[]],[[[0,"ಅಃ",".mp3",0.576],-1],0,0,[],[],[]],[[{"name":"yard","rect":[0,0,341,512],"offset":[0,0],"originalSize":[341,512],"capInsets":[0,0,0,0]}],[1],0,[0],[0],[4]],[[[0,"ಅಂದ",".mp3",0.672],-1],0,0,[],[],[]],[["0,9729,9729,33071,33071,0,0,1",-1],[0],0,[],[],[]],[[{"name":"ಙ","rect":[0,0,800,660],"offset":[0,0],"originalSize":[800,660],"capInsets":[0,0,0,0]}],[1],0,[0],[0],[5]],[["0,9729,9729,33071,33071,0,0,1",-1],[0],0,[],[],[]]]]