[1,["4e1vOINUJL2pt7XhNBckTq","8bm7zzQvxIF5v53H9KY/D3","12MVvorAxIqJQ+d012aeYA","9b8buYrr1Nt60jQoTxw1FA","67PpXjQvdNFrf3Zek85VTk","beMm42hL5DA4OFAHurctOR","73h+ajPMlBcqBlL8D7b03K","2eIxjr/ltLqq7eRpbXHli5","34bSGjR4lBL6tInjPeOxJx","438xoM1W1C9JrggYcFZwuT","13ZnSdBOBD/L8OwLc+KWSP","92hs6b0TRMvY4Xy4GbRBfc"],["_textureSetter"],["cc.Texture2D","cc.SpriteFrame",["cc.AudioClip",["_name","_native","duration"],0],["cc.JsonAsset",["_name","json"],1]],[[2,0,1,2,4],[3,0,1,3]],[[[[0,"क",".mp3",0.783673],-1],0,0,[],[],[]],[[[0,"छान",".mp3",0.679184],-1],0,0,[],[],[]],[["0,9729,9729,33071,33071,0,0,1",-1],[0],0,[],[],[]],[["0,9729,9729,33071,33071,0,0,1",-1],[0],0,[],[],[]],[[[0,"छा",".mp3",0.783673],-1],0,0,[],[],[]],[[{"name":"spoon","rect":[0,0,640,420],"offset":[0,0],"originalSize":[640,420],"capInsets":[0,0,0,0]}],[1],0,[0],[0],[0]],[["0,9729,9729,33071,33071,0,0,1",-1],[0],0,[],[],[]],[["0,9729,9729,33071,33071,0,0,1",-1],[0],0,[],[],[]],[[{"name":"chamcham","rect":[0,0,398,599],"offset":[0,0],"originalSize":[398,599],"capInsets":[0,0,0,0]}],[1],0,[0],[0],[1]],[[[0,"झुरळ",".mp3",0.992653],-1],0,0,[],[],[]],[[{"name":"shadow","rect":[0,0,259,194],"offset":[0,0],"originalSize":[259,194],"capInsets":[0,0,0,0]}],[1],0,[0],[0],[2]],[[[0,"छमछम",".mp3",0.966531],-1],0,0,[],[],[]],[["0,9729,9729,33071,33071,0,0,1",-1],[0],0,[],[],[]],[[[0,"चमचा",".mp3",1.097143],-1],0,0,[],[],[]],[["0,9729,9729,33071,33071,0,0,1",-1],[0],0,[],[],[]],[[[0,"चाक",".mp3",0.705306],-1],0,0,[],[],[]],[[[0,"चा",".mp3",0.783673],-1],0,0,[],[],[]],[[{"name":"cockroach","rect":[0,0,640,387],"offset":[0,0],"originalSize":[640,387],"capInsets":[0,0,0,0]}],[1],0,[0],[0],[3]],[[[0,"झबला",".mp3",1.28],-1],0,0,[],[],[]],[[[0,"छाया",".mp3",0.809796],-1],0,0,[],[],[]],[[[0,"छकुला",".mp3",0.914286],-1],0,0,[],[],[]],[["0,9729,9729,33071,33071,0,0,1",-1],[0],0,[],[],[]],[[[0,"चार",".mp3",0.653061],-1],0,0,[],[],[]],[["0,9729,9729,33071,33071,0,0,1",-1],[0],0,[],[],[]],[[[0,"झाकण",".mp3",1.044898],-1],0,0,[],[],[]],[[{"name":"wheel","rect":[36,15,562,555],"offset":[-3,-2],"originalSize":[640,581],"capInsets":[0,0,0,0]}],[1],0,[0],[0],[4]],[[[0,"झाड",".mp3",0.888163],-1],0,0,[],[],[]],[["0,9729,9729,33071,33071,0,0,1",-1],[0],0,[],[],[]],[[[0,"ण",".mp3",0.783673],-1],0,0,[],[],[]],[["0,9729,9729,33071,33071,0,0,1",-1],[0],0,[],[],[]],[["0,9729,9729,33071,33071,0,0,1",-1],[0],0,[],[],[]],[[[0,"ळी",".mp3",0.731429],-1],0,0,[],[],[]],[[{"name":"janata","rect":[0,0,640,427],"offset":[0,0],"originalSize":[640,427],"capInsets":[0,0,0,0]}],[1],0,[0],[0],[5]],[[{"name":"ship","rect":[0,0,640,426],"offset":[0,0],"originalSize":[640,426],"capInsets":[0,0,0,0]}],[1],0,[0],[0],[6]],[[[0,"स",".mp3",0.888163],-1],0,0,[],[],[]],[["0,9729,9729,33071,33071,0,0,1",-1],[0],0,[],[],[]],[[{"name":"meal","rect":[0,0,640,480],"offset":[0,0],"originalSize":[640,480],"capInsets":[0,0,0,0]}],[1],0,[0],[0],[7]],[[[0,"जहाज",".mp3",0.809796],-1],0,0,[],[],[]],[[[0,"चाळीस",".mp3",0.966531],-1],0,0,[],[],[]],[[[0,"झा",".mp3",0.914286],-1],0,0,[],[],[]],[[[0,"न",".mp3",0.966531],-1],0,0,[],[],[]],[[[1,"mr2600",{"rows":[["phonictractor","1","Description","4","चाळीस","चाळीस.mp3","चा","चा.mp3","ळी","ळी.mp3","स","स.mp3"],["writecard","1","Description","च","चमचा","spoon.png","चमचा.mp3","चार","four.png","चार.mp3","चाक","wheel.png","चाक.mp3"],["phonictractor","1","Description","4","छान","छान.mp3","छा","छा.mp3","न","न.mp3"],["writecard","1","Description","छ","छकुला","छकुला.png","छकुला.mp3","छमछम","chamcham.png","छमछम.mp3","छाया","shadow.png","छाया.mp3"],["phonictractor","1","Description","4","जोडी","जोडी.mp3","जो","जो.mp3","डी","डी.mp3"],["writecard","1","Description","ज","जहाज","ship.png","जहाज.mp3","जेवण","meal.png","जेवण.mp3","जनता","janata.png","जनता.mp3"],["phonictractor","1","Description","4","झाकण","झाकण.mp3","झा","झा.mp3","क","क.mp3","ण","ण.mp3"],["writecard","1","Description","झ","झबला","gown.png","झबला.mp3","झाड","tree.png","झाड.mp3","झुरळ","cockroach.png","झुरळ.mp3"],["quizliteracy","1","Description","word_word","चा","न","चा","स","","__ळीस","चाळीस.mp3"],["quizliteracy","1","Description","word_word","छ","छ","स","न","","__कुला","छकुला.png"],["quizliteracy","1","Description","word_word","झा","डी","ण","झा","","__कण","झाकण.mp3"]]}]],0,0,[],[],[]],[[[0,"जो",".mp3",0.914286],-1],0,0,[],[],[]],[[{"name":"छकुला","rect":[0,0,1920,1536],"offset":[0,0],"originalSize":[1920,1536],"capInsets":[0,0,0,0]}],[1],0,[0],[0],[8]],[[{"name":"gown","rect":[0,0,427,640],"offset":[0,0],"originalSize":[427,640],"capInsets":[0,0,0,0]}],[1],0,[0],[0],[9]],[[{"name":"tree","rect":[0,0,561,640],"offset":[-7.5,0],"originalSize":[576,640],"capInsets":[0,0,0,0]}],[1],0,[0],[0],[10]],[[[0,"डी",".mp3",0.940408],-1],0,0,[],[],[]],[[[0,"जोडी",".mp3",0.992653],-1],0,0,[],[],[]],[[{"name":"four","rect":[0,0,225,225],"offset":[0,0],"originalSize":[225,225],"capInsets":[0,0,0,0]}],[1],0,[0],[0],[11]],[[[0,"जेवण",".mp3",0.783673],-1],0,0,[],[],[]],[[[0,"जनता",".mp3",0.992653],-1],0,0,[],[],[]]]]