[1,["37G/rrCc9KEaLgmmDK1Wgr","79ovyRr4FH2rScLxdhVa/s","5enqalFuxGfpd0uYmqvwVw"],["_textureSetter"],["cc.Texture2D","cc.SpriteFrame",["cc.AudioClip",["_name","_native","duration"],0],["cc.JsonAsset",["_name","json"],1]],[[2,0,1,2,4],[3,0,1,3]],[[[[0,"चहा",".mp3",0.914286],-1],0,0,[],[],[]],[[[0,"च",".mp3",0.365714],-1],0,0,[],[],[]],[["0,9729,9729,33071,33071,0,0,1",-1],[0],0,[],[],[]],[["0,9729,9729,33071,33071,0,0,1",-1],[0],0,[],[],[]],[[{"name":"chai","rect":[0,0,612,612],"offset":[0,0],"originalSize":[612,612],"capInsets":[0,0,0,0]}],[1],0,[0],[0],[0]],[[{"name":"spoon","rect":[0,0,640,420],"offset":[0,0],"originalSize":[640,420],"capInsets":[0,0,0,0]}],[1],0,[0],[0],[1]],[[[0,"चमचा",".mp3",1.097143],-1],0,0,[],[],[]],[["0,9729,9729,33071,33071,0,0,1",-1],[0],0,[],[],[]],[[{"name":"mat","rect":[0,0,640,262],"offset":[0,0],"originalSize":[640,262],"capInsets":[0,0,0,0]}],[1],0,[0],[0],[2]],[[[1,"mr0105",{"rows":[["balloonpop","1","Description","2","च","3","च,ङ,घ","च.mp3"],["phonictractor","1","Description","5","च","च.mp3","च","च.mp3"],["writeletter","1","Description","च","चमचा"],["writecard","1","Description","च","चमचा","spoon.png","चमचा.mp3","चहा","chai.png","चहा.mp3","चटई","mat.png","चटई.mp3"],["quizliteracy","1","Description","soundonly_word","च","आ","च","प","","","च.mp3"],["quizliteracy","1","Description","word_word","च","च","प","आ","","च"],["quizliteracy","1","Description","soundonly_word","च","आ","च","प","","","च.mp3"]]}]],0,0,[],[],[]],[[[0,"चटई",".mp3",1.097143],-1],0,0,[],[],[]]]]