[1,["e1FpnTZ5BC1ZXDjpGT01dh","53RxyTqxZC45qu9sKXgfRy","79agkwudNACIAhEGxui5vR","a881onoaVPOrxXcPlJRo7W","91Y/ed1+xK16QMfeKp6zSy"],["_textureSetter"],["cc.SpriteFrame","cc.Texture2D",["cc.AudioClip",["_name","_native","duration"],0],["cc.JsonAsset",["_name","json"],1]],[[2,0,1,2,4],[3,0,1,3]],[[[[0,"ಕಾವೇರಿ_ನದಿ_ತಲಕಾವೇರಿಯಲ್ಲಿ_ಹುಟ್ಟುತ್ತದೆ",".mp3",3.12],-1],0,0,[],[],[]],[[[1,"kn2_1904",{"rows":[["createsentence","1","Description","ಕನ್ನಡ/ನಾಡಿನ/ಜೀವನದಿ/ಕಾವೇರಿ.","","kaveri.png","ಕನ್ನಡ_ನಾಡಿನ_ಜೀವನದಿ_ಕಾವೇರಿ.mp3"],["createsentence","1","Description","ಕಾವೇರಿ/ನದಿ/ತಲಕಾವೇರಿಯಲ್ಲಿ/ಹುಟ್ಟುತ್ತದೆ.","","talakaveri.png","ಕಾವೇರಿ_ನದಿ_ತಲಕಾವೇರಿಯಲ್ಲಿ_ಹುಟ್ಟುತ್ತದೆ.mp3"],["createsentence","1","Description","ಕಾವೇರಿಯ/ಅಣೆಕಟ್ಟುಗಳಲ್ಲಿ/ಕೃಷ್ಣರಾಜಸಾಗರ/ಮೊದಲನೆಯದು.","","krs_dam.png","ಕಾವೇರಿಯ_ಅಣೆಕಟ್ಟುಗಳಲ್ಲಿ_ಕೃಷ್ಣರಾಜಸಾಗರ_ಮೊದಲನೆಯದು.mp3"],["createsentence","1","Description","ಶಿವನಸಮುದ್ರವು/ಏಷ್ಯಾಖಂಡದಲ್ಲಿಯೇ/ಪ್ರಥಮ/ವಿದ್ಯುತ್/ಉತ್ಪಾದನಾ/ಕೇಂದ್ರ.","","shivanasamudra.png","ಶಿವನಸಮುದ್ರವು_ಏಷ್ಯಾಖಂಡದಲ್ಲಿಯೇ_ಪ್ರಥಮ_ವಿದ್ಯುತ್_ಉತ್ಪಾದನಾ_ಕೇಂದ್ರ.mp3"],["createsentence","1","Description","ಕಾವೇರಿ/ನದಿ/ಕೊನೆಗೆ/ಬಂಗಾಳಕೊಲ್ಲಿ/ಸೇರುತ್ತದೆ.","","bayofbengal.png","ಕಾವೇರಿ_ನದಿ_ಕೊನೆಗೆ_ಬಂಗಾಳಕೊಲ್ಲಿ_ಸೇರುತ್ತದೆ.mp3"],["quizliteracy","1","Description","sentence_sentence","ಕಾವೇರಿ","ಕಾವೇರಿ","ತಲಕಾವೇರಿ","ಗಂಗಾ","","ಕನ್ನಡ ನಾಡಿನ ಜೀವನದಿ _____.","ಕನ್ನಡ_ನಾಡಿನ_ಜೀವನದಿ_ಕಾವೇರಿ.mp3"],["quizliteracy","1","Description","sentence_sentence","ತಲಕಾವೇರಿಯಲ್ಲಿ","ಹಿಮಾಲಯದಲ್ಲಿ","ಸಹ್ಯಾದ್ರಿಯಲ್ಲಿ","ತಲಕಾವೇರಿಯಲ್ಲಿ","","ಕಾವೇರಿ ನದಿ _________ ಹುಟ್ಟುತ್ತದೆ.","ಕಾವೇರಿ_ನದಿ_ತಲಕಾವೇರಿಯಲ್ಲಿ_ಹುಟ್ಟುತ್ತದೆ.mp3"],["quizliteracy","1","Description","sentence_sentence","ಬಂಗಾಳಕೊಲ್ಲಿ","ಹಿಂದೂ ಮಹಾಸಾಗರ","ಅರೇಬಿಯನ್ ಸಮುದ್ರ","ಬಂಗಾಳಕೊಲ್ಲಿ","","ಕಾವೇರಿ ನದಿ ಕೊನೆಗೆ _________ ಸೇರುತ್ತದೆ.","ಕಾವೇರಿ_ನದಿ_ಕೊನೆಗೆ_ಬಂಗಾಳಕೊಲ್ಲಿ_ಸೇರುತ್ತದೆ.mp3"]]}]],0,0,[],[],[]],[[[0,"ಕಾವೇರಿ_ನದಿ_ಕೊನೆಗೆ_ಬಂಗಾಳಕೊಲ್ಲಿ_ಸೇರುತ್ತದೆ",".mp3",3.6],-1],0,0,[],[],[]],[[{"name":"krs_dam","rect":[0,0,400,400],"offset":[0,0],"originalSize":[400,400],"capInsets":[0,0,0,0]}],[0],0,[0],[0],[0]],[[[0,"ಕನ್ನಡ_ನಾಡಿನ_ಜೀವನದಿ_ಕಾವೇರಿ",".mp3",2.592],-1],0,0,[],[],[]],[[{"name":"talakaveri","rect":[0,0,400,400],"offset":[0,0],"originalSize":[400,400],"capInsets":[0,0,0,0]}],[0],0,[0],[0],[1]],[["0,9729,9729,33071,33071,0,0,1",-1],[1],0,[],[],[]],[[[0,"ಕಾವೇರಿಯ_ಅಣೆಕಟ್ಟುಗಳಲ್ಲಿ_ಕೃಷ್ಣರಾಜಸಾಗರ_ಮೊದಲನೆಯದು",".mp3",4.32],-1],0,0,[],[],[]],[["0,9729,9729,33071,33071,0,0,1",-1],[1],0,[],[],[]],[[[0,"ಶಿವನಸಮುದ್ರವು_ಏಷ್ಯಾಖಂಡದಲ್ಲಿಯೇ_ಪ್ರಥಮ_ವಿದ್ಯುತ್_ಉತ್ಪಾದನಾ_ಕೇಂದ್ರ",".mp3",5.232],-1],0,0,[],[],[]],[["0,9729,9729,33071,33071,0,0,1",-1],[1],0,[],[],[]],[[{"name":"kaveri","rect":[0,0,400,400],"offset":[0,0],"originalSize":[400,400],"capInsets":[0,0,0,0]}],[0],0,[0],[0],[2]],[["0,9729,9729,33071,33071,0,0,1",-1],[1],0,[],[],[]],[[{"name":"shivanasamudra","rect":[0,0,400,400],"offset":[0,0],"originalSize":[400,400],"capInsets":[0,0,0,0]}],[0],0,[0],[0],[3]],[[{"name":"bayofbengal","rect":[0,0,400,400],"offset":[0,0],"originalSize":[400,400],"capInsets":[0,0,0,0]}],[0],0,[0],[0],[4]],[["0,9729,9729,33071,33071,0,0,1",-1],[1],0,[],[],[]]]]