[1,["42a5wee8tK+4F5ViYgQj3/","7cnLbCSzRMtq+KbB08FzKg","6323bNXkxLva4FUVyn5VdI"],["_textureSetter"],["cc.SpriteFrame","cc.Texture2D",["cc.AudioClip",["_name","_native","duration"],0],["cc.JsonAsset",["_name","json"],1]],[[2,0,1,2,4],[3,0,1,3]],[[[[0,"ಸೀಸ",".mp3",0.792],-1],0,0,[],[],[]],[[{"name":"lock","rect":[0,0,512,341],"offset":[0,0],"originalSize":[512,341],"capInsets":[0,0,0,0]}],[0],0,[0],[0],[0]],[[[0,"ರೀ",".mp3",0.528],-1],0,0,[],[],[]],[[[0,"ಕೀಟ",".mp3",0.672],-1],0,0,[],[],[]],[[[0,"ಲ",".mp3",0.504],-1],0,0,[],[],[]],[[[0,"ವೀ",".mp3",0.528],-1],0,0,[],[],[]],[["0,9729,9729,33071,33071,0,0,1",-1],[1],0,[],[],[]],[[[0,"ಲೀ",".mp3",0.552],-1],0,0,[],[],[]],[[{"name":"insect","rect":[0,0,512,342],"offset":[0,0],"originalSize":[512,342],"capInsets":[0,0,0,0]}],[0],0,[0],[0],[1]],[[[0,"ರ",".mp3",0.48],-1],0,0,[],[],[]],[["0,9729,9729,33071,33071,0,0,1",-1],[1],0,[],[],[]],[[[0,"ಸೀ",".mp3",0.648],-1],0,0,[],[],[]],[[[0,"ರೀತಿ",".mp3",0.72],-1],0,0,[],[],[]],[[[0,"ತಿ",".mp3",0.504],-1],0,0,[],[],[]],[["0,9729,9729,33071,33071,0,0,1",-1],[1],0,[],[],[]],[[[0,"ಸ",".mp3",0.576],-1],0,0,[],[],[]],[[{"name":"riverbank","rect":[0,0,500,283],"offset":[0,0],"originalSize":[500,283],"capInsets":[0,0,0,0]}],[0],0,[0],[0],[2]],[[[1,"kn1703",{"rows":[["phonictractor","1","Description","4","ರೀತಿ","ರೀತಿ.mp3","ರೀ","ರೀ.mp3","ತಿ","ತಿ.mp3"],["spelldoor","1","Description","ಕೀಟ","**","0","0","insect.png","ಕೀಟ.mp3"],["spelldoor","1","Description","ತೀರ","**","0","0","riverbank.png","ತೀರ.mp3"],["phonictractor","1","Description","4","ಲೀಲ","ಲೀಲ.mp3","ಲೀ","ಲೀ.mp3","ಲ","ಲ.mp3"],["spelldoor","1","Description","ಬೀಗ","*ಗ","0","0","lock.png","ಬೀಗ.mp3"],["phonictractor","1","Description","4","ಶೀತ","ಶೀತ.mp3","ಶೀ","ಶೀ.mp3","ತ","ತ.mp3"],["phonictractor","1","Description","4","ವೀರ","ವೀರ.mp3","ವೀ","ವೀ.mp3","ರ","ರ.mp3"],["phonictractor","1","Description","4","ಸೀಸ","ಸೀಸ.mp3","ಸೀ","ಸೀ.mp3","ಸ","ಸ.mp3"],["quizliteracy","1","Description","word_word","ರೀ","ಲೀ","ಸೀ","ರೀ","","__ತಿ","ರೀತಿ.mp3"],["quizliteracy","1","Description","soundonly_word","ಲೀಲ","ಲೀಲ","ಶೀತ","ಬೀಗ","","","ಲೀಲ.mp3"],["quizliteracy","1","Description","image_word","ಬೀಗ","ವೀರ","ಬೀಗ","ಸೀಸ","lock.png"]]}]],0,0,[],[],[]],[[[0,"ಶೀತ",".mp3",0.744],-1],0,0,[],[],[]],[[[0,"ತ",".mp3",0.504],-1],0,0,[],[],[]],[[[0,"ವೀರ",".mp3",0.648],-1],0,0,[],[],[]],[[[0,"ತೀರ",".mp3",0.648],-1],0,0,[],[],[]],[[[0,"ಶೀ",".mp3",0.648],-1],0,0,[],[],[]],[[[0,"ಲೀಲ",".mp3",0.672],-1],0,0,[],[],[]],[[[0,"ಬೀಗ",".mp3",0.696],-1],0,0,[],[],[]]]]