[1,["17mgccnnVM7Jcx3GBP7wD1","4dttnmZoBLdIRfobAQFRHK"],["_textureSetter"],["cc.Texture2D","cc.SpriteFrame",["cc.AudioClip",["_name","_native","duration"],0],["cc.JsonAsset",["_name","json"],1]],[[2,0,1,2,4],[3,0,1,3]],[[[[0,"bun",".mp3",0.731429],-1],0,0,[],[],[]],[[[0,"bad",".mp3",0.809796],-1],0,0,[],[],[]],[[[0,"sad",".mp3",0.835918],-1],0,0,[],[],[]],[["0,9729,9729,33071,33071,0,0,1",-1],[0],0,[],[],[]],[[[0,"fog",".mp3",0.626939],-1],0,0,[],[],[]],[[[0,"sip",".mp3",0.600816],-1],0,0,[],[],[]],[[[0,"fun",".mp3",0.653061],-1],0,0,[],[],[]],[["0,9729,9729,33071,33071,0,0,1",-1],[0],0,[],[],[]],[[[0,"u_phonic",".mp3",1.176],-1],0,0,[],[],[]],[[[0,"f_phonic",".mp3",3.108571],-1],0,0,[],[],[]],[[[1,"sl_en1500",{"rows":[["grid","1","Description","b","un,us"],["grid","1","Description","f","og,ix,un,ace"],["grid","1","Description","f,r","an,un"],["grid","1","Description","r","un,ut"],["grid","1","Description","s","ip,ad,un"],["grid","1","Description","s,b","ad,un"],["phonictractor","1","Description","5","fun","fun.mp3","f","f_phonic.mp3","u","u_phonic.mp3","n","n_phonic.mp3"],["phonictractor","1","Description","5","run","run.mp3","r","r_phonic.mp3","u","u_phonic.mp3","n","n_phonic.mp3"],["rocket","1","Description","run","a,b,c,d,e,f,g,h,i,j,k,l,m,n,o,p,q,r,s,t,u,v,w,x,y,z","r,u,n","run.mp3","run.png","true","false"],["rocket","1","Description","sun","a,b,c,d,e,f,g,h,i,j,k,l,m,n,o,p,q,r,s,t,u,v,w,x,y,z","s,u,n","sun.mp3","sun.png","false","true"],["quizliteracy","1","Description","word_word","un","ir","un","et","","f__","fun.mp3"],["quizliteracy","1","Description","word_word","un","et","in","un","","r__","run.mp3"],["quizliteracy","1","Description","word_word","un","un","am","sn","","s__","sun.mp3"]]}]],0,0,[],[],[]],[[[0,"face",".mp3",0.809796],-1],0,0,[],[],[]],[[{"name":"sun","rect":[0,0,500,333],"offset":[0,0],"originalSize":[500,333],"capInsets":[0,0,0,0]}],[1],0,[0],[0],[0]],[[[0,"run",".mp3",0.731429],-1],0,0,[],[],[]],[[[0,"rut",".mp3",0.809796],-1],0,0,[],[],[]],[[[0,"bus",".mp3",0.548571],-1],0,0,[],[],[]],[[[0,"fan",".mp3",0.809796],-1],0,0,[],[],[]],[[[0,"fix",".mp3",0.888163],-1],0,0,[],[],[]],[[[0,"sun",".mp3",0.679184],-1],0,0,[],[],[]],[[[0,"n_phonic",".mp3",1.619592],-1],0,0,[],[],[]],[[[0,"ran",".mp3",0.626939],-1],0,0,[],[],[]],[[[0,"r_phonic",".mp3",2.037551],-1],0,0,[],[],[]],[[{"name":"run","rect":[139,13,577,605],"offset":[-12.5,-5.5],"originalSize":[880,620],"capInsets":[0,0,0,0]}],[1],0,[0],[0],[1]]]]