[1,["3cPCL7PcNIgoj3fZDd283d","bfLS+p5phM9ZtQ4Zep8Hzb","0fnPEgJyxHEqyUfyvm/QXP","11Q9fp78pOSISsWs9CPSLY","bbre0aMgNPQq87TOEyyQNp"],["_textureSetter"],["cc.Texture2D","cc.SpriteFrame",["cc.AudioClip",["_name","_native","duration"],0],["cc.JsonAsset",["_name","json"],1]],[[2,0,1,2,4],[3,0,1,3]],[[["0,9729,9729,33071,33071,0,0,1",-1],[0],0,[],[],[]],[["0,9729,9729,33071,33071,0,0,1",-1],[0],0,[],[],[]],[[{"name":"four coconuts","rect":[0,0,500,280],"offset":[0,0],"originalSize":[500,280],"capInsets":[0,0,0,0]}],[1],0,[0],[0],[0]],[[[0,"ಎರಡು ಸೇಬು",".mp3",1.104],-1],0,0,[],[],[]],[["0,9729,9729,33071,33071,0,0,1",-1],[0],0,[],[],[]],[[[1,"kn3104",{"rows":[["createsentence","1","Description","ಒಂದು/ಮಾವಿನ/ಹಣ್ಣು","","one mango.png","ಒಂದು ಮಾವಿನ ಹಣ್ಣು.mp3"],["createsentence","1","Description","ಎರಡು/ಸೇಬು","","two apples.png","ಎರಡು ಸೇಬು.mp3"],["createsentence","1","Description","ಮೂರು/ಬಾಳೆಹಣ್ಣು","","three bananas.png","ಮೂರು ಬಾಳೆಹಣ್ಣು.mp3"],["createsentence","1","Description","ನಾಲ್ಕು/ತೆಂಗಿನಕಾಯಿ","","four coconuts.png","ನಾಲ್ಕು ತೆಂಗಿನಕಾಯಿ.mp3"],["createsentence","1","Description","ಐದು/ಬೆಂಡೆಕಾಯಿ","","five okras.png","ಐದು ಬೆಂಡೆಕಾಯಿ.mp3"],["quizliteracy","1","Description","image_sentence","ಒಂದು ಮಾವಿನ ಹಣ್ಣು","ಮೂರು ಮಾವಿನ ಹಣ್ಣು","ಒಂದು ಬಾಳೆ ಹಣ್ಣು","ಒಂದು ಮಾವಿನ ಹಣ್ಣು","one mango.png","","ಒಂದು ಮಾವಿನ ಹಣ್ಣು.mp3"],["quizliteracy","1","Description","image_sentence","ಎರಡು ಸೇಬು","ಎರಡು ಸೇಬು","ಐದು ಸೇಬು","ಎರಡು ತೆಂಗಿನಕಾಯಿ","two apples.png","","ಎರಡು ಸೇಬು.mp3"],["quizliteracy","1","Description","image_sentence","ಮೂರು ಬಾಳೆಹಣ್ಣು","ಐದು ಬೆಂಡೆಕಾಯಿ","ಮೂರು ಬಾಳೆಹಣ್ಣು","ಎರಡು ಸೇಬು","three bananas.png","","ಮೂರು ಬಾಳೆಹಣ್ಣು.mp3"]]}]],0,0,[],[],[]],[[[0,"ಒಂದು ಮಾವಿನ ಹಣ್ಣು",".mp3",1.416],-1],0,0,[],[],[]],[[[0,"ಮೂರು ಬಾಳೆಹಣ್ಣು",".mp3",1.344],-1],0,0,[],[],[]],[[{"name":"two apples","rect":[0,0,500,302],"offset":[0,0],"originalSize":[500,302],"capInsets":[0,0,0,0]}],[1],0,[0],[0],[1]],[["0,9729,9729,33071,33071,0,0,1",-1],[0],0,[],[],[]],[[[0,"ನಾಲ್ಕು ತೆಂಗಿನಕಾಯಿ",".mp3",1.536],-1],0,0,[],[],[]],[["0,9729,9729,33071,33071,0,0,1",-1],[0],0,[],[],[]],[[{"name":"five okras","rect":[0,0,500,375],"offset":[0,0],"originalSize":[500,375],"capInsets":[0,0,0,0]}],[1],0,[0],[0],[2]],[[{"name":"three bananas","rect":[0,0,333,500],"offset":[0,0],"originalSize":[333,500],"capInsets":[0,0,0,0]}],[1],0,[0],[0],[3]],[[{"name":"one mango","rect":[0,0,478,500],"offset":[0,0],"originalSize":[478,500],"capInsets":[0,0,0,0]}],[1],0,[0],[0],[4]],[[[0,"ಐದು ಬೆಂಡೆಕಾಯಿ",".mp3",1.296],-1],0,0,[],[],[]]]]