[1,["49isX+1ytF+pnd+zEBD59x","7ePlHarBpFMJs2PAk4mYwm","a3rig5PTFHEIO+ZPk7Nh4F","4ekjf4jNhLDLHtxKU8rigC","f2nmavJfVCeJPuLdX4o8VH"],["_textureSetter"],["cc.SpriteFrame","cc.Texture2D",["cc.AudioClip",["_name","_native","duration"],0],["cc.JsonAsset",["_name","json"],1]],[[2,0,1,2,4],[3,0,1,3]],[[[[0,"छक",".mp3",0.522449],-1],0,0,[],[],[]],[[[0,"बालक",".mp3",0.783673],-1],0,0,[],[],[]],[[[0,"झ",".mp3",0.627],-1],0,0,[],[],[]],[[{"name":"चावल","rect":[0,0,370,273],"offset":[0,0],"originalSize":[370,273],"capInsets":[0,0,0,0]}],[0],0,[0],[0],[0]],[[[0,"गमला",".mp3",0.809796],-1],0,0,[],[],[]],[[[0,"र",".mp3",0.47025],-1],0,0,[],[],[]],[[[0,"क",".mp3",0.417959],-1],0,0,[],[],[]],[[[0,"झक",".mp3",0.626939],-1],0,0,[],[],[]],[[[0,"झरना",".mp3",0.835918],-1],0,0,[],[],[]],[["0,9729,9729,33071,33071,0,0,1",-1],[1],0,[],[],[]],[["0,9729,9729,33071,33071,0,0,1",-1],[1],0,[],[],[]],[[[0,"ना",".mp3",0.574694],-1],0,0,[],[],[]],[[[0,"आज",".mp3",0.600816],-1],0,0,[],[],[]],[["0,9729,9729,33071,33071,0,0,1",-1],[1],0,[],[],[]],[[[0,"प",".mp3",0.49625],-1],0,0,[],[],[]],[[{"name":"बालक","rect":[0,0,370,273],"offset":[0,0],"originalSize":[370,273],"capInsets":[0,0,0,0]}],[0],0,[0],[0],[1]],[[{"name":"बादल","rect":[0,0,271,271],"offset":[0,0],"originalSize":[271,271],"capInsets":[0,0,0,0]}],[0],0,[0],[0],[2]],[[[0,"अ",".mp3",0.418],-1],0,0,[],[],[]],[["0,9729,9729,33071,33071,0,0,1",-1],[1],0,[],[],[]],[[[1,"hi0505",{"rows":[["phonictractor","1","Description","6","अपना","अपना.mp3","अ","अ.mp3","प","प.mp3","ना","ना.mp3"],["phonictractor","1","Description","6","झरना","झरना.mp3","झ","झ.mp3","र","र.mp3","ना","ना.mp3"],["rocket","1","Description","बालक","बा,ल,क","बा,ल,क","बालक.mp3","बालक.png","false ","true "],["rocket","1","Description","बादल","बा,द,ल","बा,द,ल","बादल.mp3","बादल.png","false ","true "],["speakingpet","1","Description","आज.mp3","क.mp3","काज","काज.mp3","A","2","बाज","बाज.mp3","A","2","छक","छक.mp3","B","2","झक","झक.mp3","B","2"],["rocket","1","Description","गमला","ग,म,ला","ग,म,ला","गमला.mp3","गमला.png","false ","true "],["spelldoor","1","Description","सागर","*गर","2","0","सागर.png","सागर.mp3"],["spelldoor","1","Description","चावल","*वल","2","0","चावल.png","चावल.mp3"],["spelldoor","1","Description","बालक","*लक","2","0","बालक.png","बालक.mp3"],["quizliteracy","1","Description","soundonly_word","अपना","अपना","गमला","बालक","","","अपना.mp3"],["quizliteracy","1","Description","image_word","गमला","बालक","अपना","गमला","गमला.png"],["quizliteracy","1","Description","soundonly_word","बालक","गमला","बालक","अपना","","","बालक.mp3"]]}]],0,0,[],[],[]],[[[0,"बादल",".mp3",0.940408],-1],0,0,[],[],[]],[[[0,"बाज",".mp3",0.835918],-1],0,0,[],[],[]],[[{"name":"गमला","rect":[0,0,271,271],"offset":[0,0],"originalSize":[271,271],"capInsets":[0,0,0,0]}],[0],0,[0],[0],[3]],[[[0,"सागर",".mp3",0.914286],-1],0,0,[],[],[]],[[[0,"काज",".mp3",0.574694],-1],0,0,[],[],[]],[[{"name":"सागर","rect":[0,0,370,273],"offset":[0,0],"originalSize":[370,273],"capInsets":[0,0,0,0]}],[0],0,[0],[0],[4]],[["0,9729,9729,33071,33071,0,0,1",-1],[1],0,[],[],[]],[[[0,"अपना",".mp3",0.731429],-1],0,0,[],[],[]],[[[0,"चावल",".mp3",0.835918],-1],0,0,[],[],[]]]]