[1,["7d+19U9FNLibdq5WrkFypI"],["_textureSetter"],["cc.Texture2D","cc.SpriteFrame",["cc.AudioClip",["_name","_native","duration"],0],["cc.JsonAsset",["_name","json"],1]],[[2,0,1,2,4],[3,0,1,3]],[[[[0,"t",".mp3",0.816],-1],0,0,[],[],[]],[[[0,"brother",".mp3",1.056],-1],0,0,[],[],[]],[[[0,"s",".mp3",0.912],-1],0,0,[],[],[]],[[[0,"i",".mp3",0.72],-1],0,0,[],[],[]],[[[0,"them",".mp3",0.936],-1],0,0,[],[],[]],[[[0,"that",".mp3",0.984],-1],0,0,[],[],[]],[[[0,"they",".mp3",0.864],-1],0,0,[],[],[]],[["0,9729,9729,33071,33071,0,0,1",-1],[0],0,[],[],[]],[[[0,"chain",".mp3",1.008],-1],0,0,[],[],[]],[[[0,"m",".mp3",0.816],-1],0,0,[],[],[]],[[[0,"e",".mp3",0.696],-1],0,0,[],[],[]],[[[1,"en1602",{"rows":[["grid","1","Description","th","ick,in,ing"],["phonictractor","1","Description","4","th","th.mp3","th","th.mp3"],["phonictractor","1","Description","5","that","that.mp3","th","th.mp3","a","a.mp3","t","t.mp3"],["phonictractor","1","Description","5","them","them.mp3","th","th.mp3","e","e.mp3","m","m.mp3"],["phonictractor","1","Description","5","then","then.mp3","th","th.mp3","e","e.mp3","n","n.mp3"],["phonictractor","1","Description","5","they","they.mp3","th","th.mp3","e","e.mp3","y","y.mp3"],["phonictractor","1","Description","5","this","this.mp3","th","th.mp3","i","i.mp3","s","s.mp3"],["rocket","1","Description","brother","a,b,c,d,e,f,g,h,i,j,k,l,m,n,o,p,q,r,s,t,u,v,w,x,y,z","b,r,o,t,h,e","brother.mp3","brother.png","true","false"],["quizliteracy","1","Description","soundonly_word","brother","father","mother","brother","","","brother.mp3"],["quizliteracy","1","Description","word_word","th","sh","ch","th","","__at","that.mp3"],["quizliteracy","1","Description","word_word","th","th","wh","sh","","__em","them.mp3"],["quizliteracy","1","Description","soundonly_word","this","this","ship","they","","","this.mp3"],["quizliteracy","1","Description","soundonly_word","chain","they","chain","this","","","chain.mp3"]]}]],0,0,[],[],[]],[[[0,"a",".mp3",0.72],-1],0,0,[],[],[]],[[{"name":"brother","rect":[247,371,1881,1660],"offset":[-12.5,-1],"originalSize":[2400,2400],"capInsets":[0,0,0,0]}],[1],0,[0],[0],[0]],[[[0,"then",".mp3",0.96],-1],0,0,[],[],[]],[[[0,"n",".mp3",0.84],-1],0,0,[],[],[]],[[[0,"this",".mp3",1.032],-1],0,0,[],[],[]],[[[0,"y",".mp3",1.008],-1],0,0,[],[],[]],[[[0,"th",".mp3",1.152],-1],0,0,[],[],[]]]]