[1,["52r1EH5mFLb70GmOF5NEAI","83b0aqv1ZLKYH6cinPIsDl","c9B/Y7r8NFkbpUwrH6wXo8","daQF6euRpAs7e4fKkT2WzF","c1fcCbKBtLTIkPTQ9zlWEI","2ccttLiUJMlZo8A8QfvtDs","7dSN9AkYNEwbqLWPbNnzXI","0b0o5dGuxHI4zvp1RYLGb4"],["_textureSetter"],["cc.SpriteFrame","cc.Texture2D",["cc.AudioClip",["_name","_native","duration"],0],["cc.JsonAsset",["_name","json"],1]],[[2,0,1,2,4],[3,0,1,3]],[[[{"name":"Maryeatsan_appleevery_day","rect":[0,0,1073,1157],"offset":[0,0],"originalSize":[1073,1157],"capInsets":[0,0,0,0]}],[0],0,[0],[0],[0]],[[[0,"पेड_पर_संतरे_उगते_है",".mp3",2.507755],-1],0,0,[],[],[]],[["1,9729,9729,33071,33071,0,0,1",-1],[1],0,[],[],[]],[[{"name":"Whereisthe_cat","rect":[0,0,1073,577],"offset":[0,0],"originalSize":[1073,577],"capInsets":[0,0,0,0]}],[0],0,[0],[0],[1]],[[[0,"बिल्ली_कहाँ_है",".mp3",1.149388],-1],0,0,[],[],[]],[[[0,"गाय_दूध_देती_है",".mp3",1.828571],-1],0,0,[],[],[]],[[[0,"बैट_कहां_है",".mp3",1.201633],-1],0,0,[],[],[]],[["1,9729,9729,33071,33071,0,0,1",-1],[1],0,[],[],[]],[[[0,"ट्रक_सामान_ले_जाता_है",".mp3",2.063673],-1],0,0,[],[],[]],[["1,9729,9729,33071,33071,0,0,1",-1],[1],0,[],[],[]],[[[0,"ट्रक_सामान_ले_जाता_हैं",".mp3",2.232],-1],0,0,[],[],[]],[[{"name":"The_truckcarriesthings","rect":[0,0,1073,1157],"offset":[0,0],"originalSize":[1073,1157],"capInsets":[0,0,0,0]}],[0],0,[0],[0],[2]],[[{"name":"The_orange_treehasmanyoranges","rect":[0,0,1073,1543],"offset":[0,0],"originalSize":[1073,1543],"capInsets":[0,0,0,0]}],[0],0,[0],[0],[3]],[[[1,"hi1306",{"rows":[["createsentence","1","Description","पेड़/लंबा/बढ़ जाता है","","The_orange_treehasmanyoranges.jpg","पेड_लंबा_बढ़_जाता_है.mp3"],["createsentence","1","Description","गाय/दूध/देती है","","The_cowmakesmilk.jpg","गाय_दूध_देती_है.mp3"],["createsentence","1","Description","डाक घर/पत्रों को/मेल करता है","","The_Post_Officemailsletters.jpg","डाक_घर_पत्रों_को_मेल_करता_है.mp3"],["createsentence","1","Description","ट्रक/सामान/ले जाता हैं","","The_truckcarriesthings.jpg","ट्रक_सामान_ले_जाता_हैं.mp3"],["createsentence","1","Description","पेड़ पर/संतरे/उगते है","","The_treegrowsoranges.jpg","पेड_पर_संतरे_उगते_है.mp3"],["createsentence","1","Description","बल्ला/कहाँ/है?","","Whereisthe_bat.jpg","बल्ला_कहाँ_है.mp3"],["createsentence","1","Description","बिल्ली/कहाँ/है?","","Whereisthe_cat.jpg","बिल्ली_कहाँ_है.mp3"],["createsentence","1","Description","मैरी/हर दिन/एक सेब/खाती हैं","","Maryeatsan_appleevery_day.jpg","मैरी_हर_दिन_एक_सेब_खाती_हैं.mp3"],["quizliteracy","1","Description","image_sentence","पेड़ लंबा बढ़ जाता है","बिल्ली कहाँ है?","गाय दूध देती है","पेड़ लंबा बढ़ जाता है","The_orange_treehasmanyoranges.jpg","","पेड_लंबा_बढ़_जाता_है.mp3"],["quizliteracy","1","Description","sentence_sentence","गाय दूध देती है","गाय दूध देती है","पेड़ लंबा बढ़ जाता है","बिल्ली कहाँ है?","","सही चुनें","गाय_दूध_देती_है.mp3"],["quizliteracy","1","Description","soundonly_image","The_Post_Officemailsletters.jpg","The_Post_Officemailsletters.jpg","The_truckcarriesthings.jpg","Whereisthe_bat.jpg","","","डाक_घर_पत्रों_को_मेल_करता_है.mp3"],["quizliteracy","1","Description","soundonly_sentence","बिल्ली कहाँ है?","गाय दूध देती है","बिल्ली कहाँ है?","पेड़ लंबा बढ़ जाता है","","","बिल्ली_कहाँ_है.mp3"]]}]],0,0,[],[],[]],[[[0,"डाक_घर_पत्रों_को_मेल_करता_है",".mp3",2.977959],-1],0,0,[],[],[]],[["1,9729,9729,33071,33071,0,0,1",-1],[1],0,[],[],[]],[[{"name":"The_Post_Officemailsletters","rect":[0,0,1073,513],"offset":[0,0],"originalSize":[1073,513],"capInsets":[0,0,0,0]}],[0],0,[0],[0],[4]],[["1,9729,9729,33071,33071,0,0,1",-1],[1],0,[],[],[]],[[{"name":"The_treegrowsoranges","rect":[0,0,1073,1543],"offset":[0,0],"originalSize":[1073,1543],"capInsets":[0,0,0,0]}],[0],0,[0],[0],[5]],[[[0,"रक_सामान_ले_जाता_हैं",".mp3",2.28],-1],0,0,[],[],[]],[[[0,"पेड_लंबा_बढ़_जाता_है",".mp3",2.533878],-1],0,0,[],[],[]],[["1,9729,9729,33071,33071,0,0,1",-1],[1],0,[],[],[]],[[[0,"बल्ला_कहाँ_है",".mp3",1.512],-1],0,0,[],[],[]],[["1,9729,9729,33071,33071,0,0,1",-1],[1],0,[],[],[]],[[{"name":"The_cowmakesmilk","rect":[0,0,1073,770],"offset":[0,0],"originalSize":[1073,770],"capInsets":[0,0,0,0]}],[0],0,[0],[0],[6]],[[{"name":"Whereisthe_bat","rect":[0,0,1073,770],"offset":[0,0],"originalSize":[1073,770],"capInsets":[0,0,0,0]}],[0],0,[0],[0],[7]],[["1,9729,9729,33071,33071,0,0,1",-1],[1],0,[],[],[]],[[[0,"मैरी_हर_दिन_एक_सेब_खाती_हैं",".mp3",2.832],-1],0,0,[],[],[]]]]