[1,["a0HuARDdlAGaAGOKaezFZV","c5u48fcCJEQ5eQYO7HXEV9","103rT76PpE/qSjjNN28hBy","19F5oKBWhIcJDJzHvQ6Mc4","93ZDJO38xFiq3sF6j6iCrI","2eVS1w9/pMrbUHTpxashJe","6248RfGOFJfLA9vwSofRda","a8c7YYRF1MMLir0XK0iL8a","c5QEYo7qhLCLtCyUX37i+g","149mTtFj5Nn7pCJ7t4g2IE","74JN1FICZEkZUoSm0NxHhb","77DYYBmKdHgIJ/a07T+dTZ"],["_textureSetter"],["cc.SpriteFrame","cc.Texture2D",["cc.AudioClip",["_name","_native","duration"],0],["cc.JsonAsset",["_name","json"],1]],[[2,0,1,2,4],[3,0,1,3]],[[[{"name":"sky","rect":[0,0,500,332],"offset":[0,0],"originalSize":[500,332],"capInsets":[0,0,0,0]}],[0],0,[0],[0],[0]],[["0,9729,9729,33071,33071,0,0,1",-1],[1],0,[],[],[]],[["0,9729,9729,33071,33071,0,0,1",-1],[1],0,[],[],[]],[["0,9729,9729,33071,33071,0,0,1",-1],[1],0,[],[],[]],[[{"name":"depth","rect":[0,0,341,512],"offset":[0,0],"originalSize":[341,512],"capInsets":[0,0,0,0]}],[0],0,[0],[0],[1]],[[[0,"ಆಳ",".mp3",1.224],-1],0,0,[],[],[]],[[{"name":"sun","rect":[13,0,499,512],"offset":[6.5,0],"originalSize":[512,512],"capInsets":[0,0,0,0]}],[0],0,[0],[0],[2]],[[{"name":"eager","rect":[0,0,512,341],"offset":[0,0],"originalSize":[512,341],"capInsets":[0,0,0,0]}],[0],0,[0],[0],[3]],[[[0,"ಇನ",".mp3",0.84],-1],0,0,[],[],[]],[["0,9729,9729,33071,33071,0,0,1",-1],[1],0,[],[],[]],[[[0,"ಎರಕ",".mp3",0.888],-1],0,0,[],[],[]],[[{"name":"bottom","rect":[0,0,500,334],"offset":[0,0],"originalSize":[500,334],"capInsets":[0,0,0,0]}],[0],0,[0],[0],[4]],[[{"name":"son","rect":[0,0,341,512],"offset":[0,0],"originalSize":[341,512],"capInsets":[0,0,0,0]}],[0],0,[0],[0],[5]],[[[0,"ತಬಲ",".mp3",0.72],-1],0,0,[],[],[]],[[{"name":"Banyan","rect":[0,0,512,341],"offset":[0,0],"originalSize":[512,341],"capInsets":[0,0,0,0]}],[0],0,[0],[0],[6]],[[[0,"ಆಗಸ",".mp3",1.344],-1],0,0,[],[],[]],[["0,9729,9729,33071,33071,0,0,1",-1],[1],0,[],[],[]],[[[0,"ತನಯ",".mp3",0.696],-1],0,0,[],[],[]],[[{"name":"play","rect":[0,0,500,346],"offset":[0,0],"originalSize":[500,346],"capInsets":[0,0,0,0]}],[0],0,[0],[0],[7]],[[[0,"ಆಟ",".mp3",1.056],-1],0,0,[],[],[]],[["0,9729,9729,33071,33071,0,0,1",-1],[1],0,[],[],[]],[["0,9729,9729,33071,33071,0,0,1",-1],[1],0,[],[],[]],[[[1,"kn0407",{"rows":[["writeword","1","Description","ಎರಕ","mould.png","ಎರಕ.mp3"],["writeword","1","Description","ಏತ","waterpulley.png","ಏತ.mp3"],["writeword","1","Description","ಇನ","sun.png","ಇನ.mp3"],["writeword","1","Description","ಆಲ","Banyan.png","ಆಲ.mp3"],["writeword","1","Description","ತಬಲ","Tabla.png","ತಬಲ.mp3"],["writeword","1","Description","ನಳ","tap.png","ನಳ.mp3"],["writeword","1","Description","ಆಗಸ","sky.png","ಆಗಸ.mp3"],["writeword","1","Description","ತವಕ","eager.png","ತವಕ.mp3"],["writeword","1","Description","ಆಳ","depth.png","ಆಳ.mp3"],["writeword","1","Description","ಆಟ","play.png","ಆಟ.mp3"],["writeword","1","Description","ತನಯ","son.png","ತನಯ.mp3"],["writeword","1","Description","ತಳ","bottom.png","ತಳ.mp3"],["quizliteracy","1","Description","image_word","ನಳ","ಆಗಸ","ತವಕ","ನಳ","tap.png"],["quizliteracy","1","Description","image_word","ಆಗಸ","ತವಕ","ನಳ","ಆಗಸ","sky.png"],["quizliteracy","1","Description","image_word","ತವಕ","ನಳ","ಆಗಸ","ತವಕ","eager.png"]]}]],0,0,[],[],[]],[[[0,"ತಳ",".mp3",0.576],-1],0,0,[],[],[]],[[[0,"ತವಕ",".mp3",0.744],-1],0,0,[],[],[]],[["0,9729,9729,33071,33071,0,0,1",-1],[1],0,[],[],[]],[[{"name":"tap","rect":[0,0,500,333],"offset":[0,0],"originalSize":[500,333],"capInsets":[0,0,0,0]}],[0],0,[0],[0],[8]],[["0,9729,9729,33071,33071,0,0,1",-1],[1],0,[],[],[]],[["0,9729,9729,33071,33071,0,0,1",-1],[1],0,[],[],[]],[[{"name":"Tabla","rect":[0,0,512,341],"offset":[0,0],"originalSize":[512,341],"capInsets":[0,0,0,0]}],[0],0,[0],[0],[9]],[[{"name":"waterpulley","rect":[0,0,512,340],"offset":[0,0],"originalSize":[512,340],"capInsets":[0,0,0,0]}],[0],0,[0],[0],[10]],[["0,9729,9729,33071,33071,0,0,1",-1],[1],0,[],[],[]],[["0,9729,9729,33071,33071,0,0,1",-1],[1],0,[],[],[]],[[[0,"ನಳ",".mp3",0.576],-1],0,0,[],[],[]],[[{"name":"mould","rect":[0,0,512,340],"offset":[0,0],"originalSize":[512,340],"capInsets":[0,0,0,0]}],[0],0,[0],[0],[11]],[[[0,"ಏತ",".mp3",0.96],-1],0,0,[],[],[]],[[[0,"ಆಲ",".mp3",1.08],-1],0,0,[],[],[]]]]