[1,["a7KPyqQR1GtaIBrO5D9r9U","90T08cQtBIh6xMjydjISY2","b2pNRd8KpF0oAIX+Uazh9G","9eVBfBkCZE1Y12Ji0W4ZB3","832/3fA+BIz5m0K0HpZjAd","acyPRYZNlJTpP7Mk6f1hWd","d0M8pWxjtOF42BkUQJkjRX","0e8YoNqepJiobkThl3TraI","d9E4sO6T9KiaqB3MczoOke","c2q36B4dVH/aOPe805IfvO","d6OqkhJttKdIROBqKGrmyn","31B0ip6zlDFJYjOkypyyBV","742DzzV/RL6Z8614++aG4F","bexSbZVQ9McIcswh07BHlI","2ahFW6eohLgo6/K/yH4Fmo"],["_textureSetter"],["cc.Texture2D","cc.SpriteFrame",["cc.AudioClip",["_name","_native","duration"],0],["cc.JsonAsset",["_name","json"],1]],[[2,0,1,2,4],[3,0,1,3]],[[[[0,"बाळ",".mp3",0.783673],-1],0,0,[],[],[]],[["0,9729,9729,33071,33071,0,0,1",-1],[0],0,[],[],[]],[[[0,"झाडू",".mp3",0.992653],-1],0,0,[],[],[]],[[[0,"एडका",".mp3",0.992653],-1],0,0,[],[],[]],[["0,9729,9729,33071,33071,0,0,1",-1],[0],0,[],[],[]],[[{"name":"broom","rect":[0,0,500,500],"offset":[0,0],"originalSize":[500,500],"capInsets":[0,0,0,0]}],[1],0,[0],[0],[0]],[["0,9729,9729,33071,33071,0,0,1",-1],[0],0,[],[],[]],[[[1,"mr1003",{"rows":[["writecard","1","Description","ए","एक","one.png","एक.mp3","एडका","ram.png","एडका.mp3","एरंड","castor.png","एरंड.mp3"],["writecard","1","Description","च","चमचा","spoon.png","चमचा.mp3","चाक","wheel.png","चाक.mp3","चरखा","charaka.png","चरखा.mp3"],["writecard","1","Description","ळ","बाळ","baby.png","बाळ.mp3","माळ","necklace.png","माळ.mp3","विळी","विळी.png","विळी.mp3"],["writecard","1","Description","ह","हरिण","deer.png","हरिण.mp3","होडी","paperboat.png","होडी.mp3","हत्ती","elephant.png","हत्ती.mp3"],["writecard","1","Description","झ","झाड","tree.png","झाड.mp3","झाडू","broom.png","झाडू.mp3","झुरळ","cockroach.png","झुरळ.mp3"],["quizliteracy","1","Description","soundonly_image","cockroach.png","spoon.png","cockroach.png","deer.png","","","झुरळ.mp3"],["quizliteracy","1","Description","soundonly_image","spoon.png","cockroach.png","deer.png","spoon.png","","","चमचा.mp3"],["quizliteracy","1","Description","soundonly_image","deer.png","deer.png","spoon.png","cockroach.png","","","हरिण.mp3"]]}]],0,0,[],[],[]],[[{"name":"one","rect":[0,0,640,640],"offset":[0,0],"originalSize":[640,640],"capInsets":[0,0,0,0]}],[1],0,[0],[0],[1]],[[{"name":"spoon","rect":[0,0,640,420],"offset":[0,0],"originalSize":[640,420],"capInsets":[0,0,0,0]}],[1],0,[0],[0],[2]],[[[0,"चरखा",".mp3",0.966531],-1],0,0,[],[],[]],[[{"name":"paperboat","rect":[0,0,640,425],"offset":[0,0],"originalSize":[640,425],"capInsets":[0,0,0,0]}],[1],0,[0],[0],[3]],[[{"name":"cockroach","rect":[0,0,640,387],"offset":[0,0],"originalSize":[640,387],"capInsets":[0,0,0,0]}],[1],0,[0],[0],[4]],[[{"name":"necklace","rect":[0,0,480,640],"offset":[0,0],"originalSize":[480,640],"capInsets":[0,0,0,0]}],[1],0,[0],[0],[5]],[[[0,"एरंड",".mp3",0.966531],-1],0,0,[],[],[]],[[[0,"एक",".mp3",0.757551],-1],0,0,[],[],[]],[[[0,"हत्ती",".mp3",0.992653],-1],0,0,[],[],[]],[[[0,"माळ",".mp3",0.783673],-1],0,0,[],[],[]],[["0,9729,9729,33071,33071,0,0,1",-1],[0],0,[],[],[]],[[[0,"झुरळ",".mp3",0.992653],-1],0,0,[],[],[]],[["0,9729,9729,33071,33071,0,0,1",-1],[0],0,[],[],[]],[[{"name":"baby","rect":[0,0,640,427],"offset":[0,0],"originalSize":[640,427],"capInsets":[0,0,0,0]}],[1],0,[0],[0],[6]],[["0,9729,9729,33071,33071,0,0,1",-1],[0],0,[],[],[]],[["0,9729,9729,33071,33071,0,0,1",-1],[0],0,[],[],[]],[[[0,"चाक",".mp3",0.705306],-1],0,0,[],[],[]],[[[0,"हरिण",".mp3",0.888163],-1],0,0,[],[],[]],[["0,9729,9729,33071,33071,0,0,1",-1],[0],0,[],[],[]],[[{"name":"ram","rect":[0,0,640,427],"offset":[0,0],"originalSize":[640,427],"capInsets":[0,0,0,0]}],[1],0,[0],[0],[7]],[[{"name":"tree","rect":[0,0,561,640],"offset":[-7.5,0],"originalSize":[576,640],"capInsets":[0,0,0,0]}],[1],0,[0],[0],[8]],[["0,9729,9729,33071,33071,0,0,1",-1],[0],0,[],[],[]],[["0,9729,9729,33071,33071,0,0,1",-1],[0],0,[],[],[]],[[{"name":"castor","rect":[0,0,640,427],"offset":[0,0],"originalSize":[640,427],"capInsets":[0,0,0,0]}],[1],0,[0],[0],[9]],[[{"name":"deer","rect":[0,0,640,393],"offset":[0,0],"originalSize":[640,393],"capInsets":[0,0,0,0]}],[1],0,[0],[0],[10]],[["0,9729,9729,33071,33071,0,0,1",-1],[0],0,[],[],[]],[[[0,"चमचा",".mp3",1.097143],-1],0,0,[],[],[]],[["0,9729,9729,33071,33071,0,0,1",-1],[0],0,[],[],[]],[[[0,"विळी",".mp3",0.862041],-1],0,0,[],[],[]],[["0,9729,9729,33071,33071,0,0,1",-1],[0],0,[],[],[]],[["0,9729,9729,33071,33071,0,0,1",-1],[0],0,[],[],[]],[[{"name":"wheel","rect":[36,15,562,555],"offset":[-3,-2],"originalSize":[640,581],"capInsets":[0,0,0,0]}],[1],0,[0],[0],[11]],[["0,9729,9729,33071,33071,0,0,1",-1],[0],0,[],[],[]],[[{"name":"charaka","rect":[0,0,640,480],"offset":[0,0],"originalSize":[640,480],"capInsets":[0,0,0,0]}],[1],0,[0],[0],[12]],[[{"name":"विळी","rect":[0,0,250,188],"offset":[0,0],"originalSize":[250,188],"capInsets":[0,0,0,0]}],[1],0,[0],[0],[13]],[[{"name":"elephant","rect":[0,0,640,480],"offset":[0,0],"originalSize":[640,480],"capInsets":[0,0,0,0]}],[1],0,[0],[0],[14]],[[[0,"होडी",".mp3",0.888163],-1],0,0,[],[],[]],[[[0,"झाड",".mp3",0.888163],-1],0,0,[],[],[]]]]