[1,["eenevQ6LlNvIGuWHDZW02p","f6yidkGZhCH6/bX5h7JKzC","3cKbxm0fVHro7hqwv+DTjF","5faram8h1M+rzmbN2pmDPr","e4hspfbwhPwYUvPUo9aaE3","6euDuaOq5ONJLpScKUHr7r","a1UU/2MyBKeY47ca+eAbDm","6a+qskym5AmZXNqJNfC6oG","c7anBelslLcp3QhidsDveM","66JtBxtMBCD7dA4aDgSF89","196qO6IeJI5LQXvM9g3pea","a88hd1wDVC9ayzWWRSwuuX","95nuAzJNVNMYi74iCt/HuO","cf+knqImRKm5ePLzhwFV2I","1874N/w+NO3L9E49URyGYp","c9U1e6+KtJr4Ki+B0c7Ht4","6aCTMo2DJH6p4YrDWWfCym","35s9fFHV1L+rLPI5CYpOLC","70MFWGA8ZD96E8TkFeUqr2","b2MF69aTdDMaCbFs/B25lU","eeIPr5RppBsrJFHzcxyvyv","84qN0mmURPVZRBUGKIlJjB","4azBOYT5BAsLOoIF1HEcIs","76kUS9KdxNK7RkykoT5YeG","60mHUmv3pNv5lp2U7blk6P","eewlzql+tCFZSs6ubgWeWt","58gFI5wzhOsZsUxBKGuD2R"],["_textureSetter"],["cc.SpriteFrame","cc.Texture2D",["cc.AudioClip",["_name","_native","duration"],0],["cc.JsonAsset",["_name","json"],1]],[[2,0,1,2,4],[3,0,1,3]],[[[{"name":"heavy_bottle","rect":[0,0,256,217],"offset":[0,0],"originalSize":[256,217],"capInsets":[0,0,0,0]}],[0],0,[0],[0],[0]],[[{"name":"light_bundle","rect":[0,0,256,145],"offset":[0,0],"originalSize":[256,145],"capInsets":[0,0,0,0]}],[0],0,[0],[0],[1]],[[{"name":"light_bundle ","rect":[0,0,512,291],"offset":[0,0],"originalSize":[512,291],"capInsets":[0,0,0,0]}],[0],0,[0],[0],[2]],[[{"name":"light_bowl","rect":[0,0,256,217],"offset":[0,0],"originalSize":[256,217],"capInsets":[0,0,0,0]}],[0],0,[0],[0],[3]],[["0,9729,9729,33071,33071,0,0,1",-1],[1],0,[],[],[]],[["0,9729,9729,33071,33071,0,0,1",-1],[1],0,[],[],[]],[[{"name":"seesawdown","rect":[0,0,255,256],"offset":[0,0],"originalSize":[255,256],"capInsets":[0,0,0,0]}],[0],0,[0],[0],[4]],[[{"name":"heavy_bundle","rect":[0,0,256,177],"offset":[0,0],"originalSize":[256,177],"capInsets":[0,0,0,0]}],[0],0,[0],[0],[5]],[[{"name":"light_bottle","rect":[0,0,256,256],"offset":[0,0],"originalSize":[256,256],"capInsets":[0,0,0,0]}],[0],0,[0],[0],[6]],[["0,9729,9729,33071,33071,0,0,1",-1],[1],0,[],[],[]],[[{"name":"heavy_bowl","rect":[0,0,256,217],"offset":[0,0],"originalSize":[256,217],"capInsets":[0,0,0,0]}],[0],0,[0],[0],[7]],[["0,9729,9729,33071,33071,0,0,1",-1],[1],0,[],[],[]],[[{"name":"This_glass_is_empty","rect":[0,0,962,1081],"offset":[0,0],"originalSize":[962,1081],"capInsets":[0,0,0,0]}],[0],0,[0],[0],[8]],[["0,9729,9729,33071,33071,0,0,1",-1],[1],0,[],[],[]],[[{"name":"girl","rect":[0,0,217,256],"offset":[0,0],"originalSize":[217,256],"capInsets":[0,0,0,0]}],[0],0,[0],[0],[9]],[[{"name":"heavy_basket","rect":[0,0,218,256],"offset":[0,0],"originalSize":[218,256],"capInsets":[0,0,0,0]}],[0],0,[0],[0],[10]],[[[0,"light",".mp3",0.731429],-1],0,0,[],[],[]],[["0,9729,9729,33071,33071,0,0,1",-1],[1],0,[],[],[]],[[{"name":"seesaw_down","rect":[0,0,251,256],"offset":[0,0],"originalSize":[251,256],"capInsets":[0,0,0,0]}],[0],0,[0],[0],[11]],[["0,9729,9729,33071,33071,0,0,1",-1],[1],0,[],[],[]],[["0,9729,9729,33071,33071,0,0,1",-1],[1],0,[],[],[]],[["0,9729,9729,33071,33071,0,0,1",-1],[1],0,[],[],[]],[["0,9729,9729,33071,33071,0,0,1",-1],[1],0,[],[],[]],[["0,9729,9729,33071,33071,0,0,1",-1],[1],0,[],[],[]],[["0,9729,9729,33071,33071,0,0,1",-1],[1],0,[],[],[]],[["0,9729,9729,33071,33071,0,0,1",-1],[1],0,[],[],[]],[[{"name":"seesaw_up","rect":[0,0,206,256],"offset":[0,0],"originalSize":[206,256],"capInsets":[0,0,0,0]}],[0],0,[0],[0],[12]],[["0,9729,9729,33071,33071,0,0,1",-1],[1],0,[],[],[]],[[{"name":"heavy_woman","rect":[0,0,163,256],"offset":[0,0],"originalSize":[163,256],"capInsets":[0,0,0,0]}],[0],0,[0],[0],[13]],[[{"name":"2heavy_bundle","rect":[0,0,256,174],"offset":[0,0],"originalSize":[256,174],"capInsets":[0,0,0,0]}],[0],0,[0],[0],[14]],[["0,9729,9729,33071,33071,0,0,1",-1],[1],0,[],[],[]],[[{"name":"half_glass","rect":[0,0,456,512],"offset":[0,0],"originalSize":[456,512],"capInsets":[0,0,0,0]}],[0],0,[0],[0],[15]],[["0,9729,9729,33071,33071,0,0,1",-1],[1],0,[],[],[]],[["0,9729,9729,33071,33071,0,0,1",-1],[1],0,[],[],[]],[[{"name":"seesaw_up ","rect":[0,0,1251,1554],"offset":[0,0],"originalSize":[1251,1554],"capInsets":[0,0,0,0]}],[0],0,[0],[0],[16]],[["0,9729,9729,33071,33071,0,0,1",-1],[1],0,[],[],[]],[[{"name":"light_woman","rect":[0,0,145,256],"offset":[0,0],"originalSize":[145,256],"capInsets":[0,0,0,0]}],[0],0,[0],[0],[17]],[["0,9729,9729,33071,33071,0,0,1",-1],[1],0,[],[],[]],[["0,9729,9729,33071,33071,0,0,1",-1],[1],0,[],[],[]],[["0,9729,9729,33071,33071,0,0,1",-1],[1],0,[],[],[]],[[{"name":"light_basket","rect":[0,0,256,243],"offset":[0,0],"originalSize":[256,243],"capInsets":[0,0,0,0]}],[0],0,[0],[0],[18]],[[{"name":"heavy_bottle ","rect":[0,0,512,433],"offset":[0,0],"originalSize":[512,433],"capInsets":[0,0,0,0]}],[0],0,[0],[0],[19]],[["0,9729,9729,33071,33071,0,0,1",-1],[1],0,[],[],[]],[[{"name":"10kg","rect":[0,0,256,223],"offset":[0,0],"originalSize":[256,223],"capInsets":[0,0,0,0]}],[0],0,[0],[0],[20]],[[{"name":"heavy_woman ","rect":[0,0,326,512],"offset":[0,0],"originalSize":[326,512],"capInsets":[0,0,0,0]}],[0],0,[0],[0],[21]],[[{"name":"5kg","rect":[0,0,241,256],"offset":[0,0],"originalSize":[241,256],"capInsets":[0,0,0,0]}],[0],0,[0],[0],[22]],[[[1,"sl_en3822",{"rows":[["openwindow1","1","Description","LEGIT","Light","light_bundle.png","heavy_bundle.png","light.mp3","abcdefghijklmnopqrstuvwxyz"],["openwindow1","1","Description","LEGIT","Heavy","heavy_basket.png","light_basket.png","heavy.mp3","abcdefghijklmnopqrstuvwxyz"],["openwindow1","1","Description","LEGIT","Heavy","heavy_bottle.png","light_bottle.png","heavy.mp3","abcdefghijklmnopqrstuvwxyz"],["openwindow1","1","Description","LEGIT","Light","5kg.png","10kg.png","light.mp3","abcdefghijklmnopqrstuvwxyz"],["openwindow1","1","Description","LEGIT","Light","light_bowl.png","heavy_bowl.png","light.mp3","abcdefghijklmnopqrstuvwxyz"],["openwindow1","1","Description","LEGIT","Heavy","heavy_woman.png","light_woman.png","heavy.mp3","abcdefghijklmnopqrstuvwxyz"],["openwindow1","1","Description","LEGIT","Light","seesawup.png","seesaw_down.png","light.mp3","abcdefghijklmnopqrstuvwxyz"],["openwindow1","1","Description","LEGIT","Heavy","seesaw_down.png","seesawup.png","heavy.mp3","abcdefghijklmnopqrstuvwxyz"],["quizliteracy","1","Description","soundonly_image","light_bundle.png","light_bundle.png","heavy_bundle.png","2heavy_bundle.png","","","light.mp3"],["quizliteracy","1","Description","soundonly_image","heavy_woman.png","light_woman.png","heavy_woman.png","girl.png","","","heavy.mp3"],["quizliteracy","1","Description","soundonly_image","heavy_bottle.png","light_bottle.png","half_glass.png","heavy_bottle.png","","","heavy.mp3"]]}]],0,0,[],[],[]],[["0,9729,9729,33071,33071,0,0,1",-1],[1],0,[],[],[]],[[{"name":"heavy_basket ","rect":[0,0,435,512],"offset":[0,0],"originalSize":[435,512],"capInsets":[0,0,0,0]}],[0],0,[0],[0],[23]],[[{"name":"seesawup","rect":[0,0,212,256],"offset":[0,0],"originalSize":[212,256],"capInsets":[0,0,0,0]}],[0],0,[0],[0],[24]],[["0,9729,9729,33071,33071,0,0,1",-1],[1],0,[],[],[]],[["0,9729,9729,33071,33071,0,0,1",-1],[1],0,[],[],[]],[["0,9729,9729,33071,33071,0,0,1",-1],[1],0,[],[],[]],[["0,9729,9729,33071,33071,0,0,1",-1],[1],0,[],[],[]],[[[0,"heavy",".mp3",0.574694],-1],0,0,[],[],[]],[[{"name":"2heavy_bundle ","rect":[0,0,6918,4703],"offset":[0,0],"originalSize":[6918,4703],"capInsets":[0,0,0,0]}],[0],0,[0],[0],[25]],[[{"name":"glass","rect":[0,0,425,573],"offset":[0,0],"originalSize":[425,573],"capInsets":[0,0,0,0]}],[0],0,[0],[0],[26]]]]