[1,["00zr4cNzxClpexlOu3SYHI","41MXKmVWxC34VOrSEivkWm","95sOETzGBGfod2pFZMcN4l"],["_textureSetter"],["cc.Texture2D","cc.SpriteFrame",["cc.JsonAsset",["_name","json"],1],["cc.AudioClip",["_name","_native","duration"],0]],[[3,0,1,2,4],[2,0,1,3]],[[["0,9729,9729,33071,33071,0,0,1",-1],[0],0,[],[],[]],[[{"name":"van","rect":[0,0,500,331],"offset":[0,0],"originalSize":[500,331],"capInsets":[0,0,0,0]}],[1],0,[0],[0],[0]],[[[1,"sl_en0402",{"rows":[["balloonpop","1","Description","2","v","5","v,u,s","v.mp3"],["writeletter","1","Description","v","-"],["writecard","1","Description","v","van","van.png","van.mp3","vase","vase.png","vase.mp3","vest","vest.png","vest.mp3"],["quizliteracy","1","Description","soundonly_word","v","u","y","v","","","v.mp3"],["quizliteracy","1","Description","word_word","v","v","r","u","","v"],["quizliteracy","1","Description","soundonly_word","v","v","f","z","","","v.mp3"]]}]],0,0,[],[],[]],[["0,9729,9729,33071,33071,0,0,1",-1],[0],0,[],[],[]],[[[0,"v",".mp3",0.783673],-1],0,0,[],[],[]],[[[0,"vest",".mp3",0.888163],-1],0,0,[],[],[]],[[{"name":"vest","rect":[0,0,400,333],"offset":[0,0],"originalSize":[400,333],"capInsets":[0,0,0,0]}],[1],0,[0],[0],[1]],[[[0,"vase",".mp3",0.914286],-1],0,0,[],[],[]],[["0,9729,9729,33071,33071,0,0,1",-1],[0],0,[],[],[]],[[{"name":"vase","rect":[0,0,400,333],"offset":[0,0],"originalSize":[400,333],"capInsets":[0,0,0,0]}],[1],0,[0],[0],[2]],[[[0,"van",".mp3",0.809796],-1],0,0,[],[],[]]]]