[1,["43abCZKjtJEbrbTgkcpRRA","51xWADuu9Mq4FFP2LsXle1","62hxd0N1FG+6J44QCmQXcy"],["_textureSetter"],["cc.Texture2D","cc.SpriteFrame",["cc.AudioClip",["_name","_native","duration"],0],["cc.JsonAsset",["_name","json"],1]],[[2,0,1,2,4],[3,0,1,3]],[[[[0,"bug",".mp3",0.936],-1],0,0,[],[],[]],[[[0,"paper",".mp3",0.912],-1],0,0,[],[],[]],[[[0,"game",".mp3",0.984],-1],0,0,[],[],[]],[[[0,"teat",".mp3",0.84],-1],0,0,[],[],[]],[[[0,"doom",".mp3",0.936],-1],0,0,[],[],[]],[[[0,"p_phonic",".mp3",1.567347],-1],0,0,[],[],[]],[[[0,"hint",".mp3",0.912],-1],0,0,[],[],[]],[["0,9729,9729,33071,33071,0,0,1",-1],[0],0,[],[],[]],[[[0,"ball",".mp3",0.96],-1],0,0,[],[],[]],[["0,9729,9729,33071,33071,0,0,1",-1],[0],0,[],[],[]],[["0,9729,9729,33071,33071,0,0,1",-1],[0],0,[],[],[]],[[[0,"tall",".mp3",0.768],-1],0,0,[],[],[]],[[[0,"hall",".mp3",0.816],-1],0,0,[],[],[]],[[[0,"boom",".mp3",0.864],-1],0,0,[],[],[]],[[[0,"heat",".mp3",0.864],-1],0,0,[],[],[]],[[[0,"dug",".mp3",0.96],-1],0,0,[],[],[]],[[[0,"mint",".mp3",0.912],-1],0,0,[],[],[]],[[[0,"tint",".mp3",0.888],-1],0,0,[],[],[]],[[[0,"g_phonic",".mp3",2.45551],-1],0,0,[],[],[]],[[{"name":"lion","rect":[0,0,512,457],"offset":[0,0],"originalSize":[512,457],"capInsets":[0,0,0,0]}],[1],0,[0],[0],[0]],[[[0,"mall",".mp3",0.816],-1],0,0,[],[],[]],[[[0,"park",".mp3",0.864],-1],0,0,[],[],[]],[[{"name":"park","rect":[0,0,322,382],"offset":[0,0],"originalSize":[322,382],"capInsets":[0,0,0,0]}],[1],0,[0],[0],[1]],[[{"name":"ball","rect":[41,26,109,110],"offset":[-1,-4.5],"originalSize":[193,153],"capInsets":[0,0,0,0]}],[1],0,[0],[0],[2]],[[[0,"meat",".mp3",0.888],-1],0,0,[],[],[]],[[[1,"en1107",{"rows":[["grid","1","Description","d,b","ark,ug,oom"],["rocket","1","Description","park","p,ark","p,ark","park.mp3","park.png","false","false"],["speakingpet","1","Description","g_phonic.mp3","p_phonic.mp3","game","game.mp3","A","1","gift","gift.mp3","A","1","paper","paper.mp3","B","1","park","park.mp3","B","1"],["grid","1","Description","m,h,t","int,eat,all"],["openwindow","1","Description","LEGIT","ball","ball.png","lion.png","ball.mp3","abcdefghijklmnopqrstuvwxyz"],["quizliteracy","1","Description","word_word","ark","ime","oom","ark","","p___","park.mp3"],["quizliteracy","1","Description","word_word","ark","ark","int","eat","","d___","dark.mp3"],["quizliteracy","1","Description","word_word","all","apr","ave","all","","b___","ball.mp3"],["quizliteracy","1","Description","word_word","all","ake","all","orm","","t___","tall.mp3"]]}]],0,0,[],[],[]],[[[0,"bark",".mp3",0.912],-1],0,0,[],[],[]],[[[0,"dark",".mp3",0.96],-1],0,0,[],[],[]],[[[0,"gift",".mp3",1.08],-1],0,0,[],[],[]]]]