[1,["98gZWt9RlI3Yk04gjcdeLx","5ds8zxn1RDdo86tI7nCYNy","abNaoehFxJOrcCkeJ1GQKQ"],["_textureSetter"],["cc.SpriteFrame","cc.Texture2D",["cc.AudioClip",["_name","_native","duration"],0],["cc.JsonAsset",["_name","json"],1]],[[2,0,1,2,4],[3,0,1,3]],[[[[0,"ढब",".mp3",0.862041],-1],0,0,[],[],[]],[[[0,"ढग",".mp3",0.888163],-1],0,0,[],[],[]],[[{"name":"push","rect":[0,0,640,624],"offset":[0,0],"originalSize":[640,624],"capInsets":[0,0,0,0]}],[0],0,[0],[0],[0]],[[[0,"ढ़",".mp3",0.864],-1],0,0,[],[],[]],[["0,9729,9729,33071,33071,0,0,1",-1],[1],0,[],[],[]],[[[0,"ज्ञ",".mp3",0.809796],-1],0,0,[],[],[]],[[[0,"ढकलणे",".mp3",1.253878],-1],0,0,[],[],[]],[["0,9729,9729,33071,33071,0,0,1",-1],[1],0,[],[],[]],[[{"name":"huge","rect":[0,0,512,342],"offset":[0,0],"originalSize":[512,342],"capInsets":[0,0,0,0]}],[0],0,[0],[0],[1]],[[[0,"ढ",".mp3",0.783673],-1],0,0,[],[],[]],[["0,9729,9729,33071,33071,0,0,1",-1],[1],0,[],[],[]],[[{"name":"cloud","rect":[0,0,640,480],"offset":[0,0],"originalSize":[640,480],"capInsets":[0,0,0,0]}],[0],0,[0],[0],[2]],[[[1,"mr0113",{"rows":[["balloonpop","1","Description","2","ढ","3","ड,ठ,ढ","ढ.mp3"],["phonictractor","1","Description","5","ढ","ढ.mp3","ढ","ढ.mp3"],["writeletter","1","Description","ढ","ढग"],["writecard","1","Description","ढ","ढग","cloud.png","ढग.mp3","ढकलणे","push.png","ढकलणे.mp3","ढब","huge.png","ढब.mp3"],["quizliteracy","1","Description","soundonly_word","ढ","ञ","ढ","प","","","ढ.mp3"],["quizliteracy","1","Description","word_word","ढ","ढ","प","ञ","","ढ"],["quizliteracy","1","Description","soundonly_word","ढ","ञ","ढ","प","","","ढ.mp3"]]}]],0,0,[],[],[]]]]