[1,["2cp+ZlWZ9H/YrZsLT0OUF/","4bCBGCtM5DarFcb6XxX23D"],["_textureSetter"],["cc.Texture2D","cc.SpriteFrame",["cc.AudioClip",["_name","_native","duration"],0],["cc.JsonAsset",["_name","json"],1]],[[2,0,1,2,4],[3,0,1,3]],[[[[0,"lion",".mp3",1.032],-1],0,0,[],[],[]],[[[0,"wet",".mp3",0.912],-1],0,0,[],[],[]],[["0,9729,9729,33071,33071,0,0,1",-1],[0],0,[],[],[]],[[[0,"egg",".mp3",0.792],-1],0,0,[],[],[]],[["0,9729,9729,33071,33071,0,0,1",-1],[0],0,[],[],[]],[[{"name":"tree","rect":[0,0,1801,1830],"offset":[0,0],"originalSize":[1801,1830],"capInsets":[0,0,0,0]}],[1],0,[0],[0],[0]],[[[0,"ta",".mp3",0.744],-1],0,0,[],[],[]],[[[0,"mu",".mp3",0.912],-1],0,0,[],[],[]],[[[0,"milk",".mp3",0.984],-1],0,0,[],[],[]],[[[0,"pig",".mp3",0.768],-1],0,0,[],[],[]],[[{"name":"bug","rect":[36,36,846,594],"offset":[0,0],"originalSize":[918,666],"capInsets":[0,0,0,0]}],[1],0,[0],[0],[1]],[[[1,"en_quiz0001",{"rows":[["quizliteracy","1","Description","soundonly_word","t+a","t+a","b+a","r+a","","","ta.mp3"],["quizliteracy","1","Description","word_word","y+a","y+a","z+o","m+u","","ya"],["quizliteracy","1","Description","soundonly_word","mu","pu","du","mu","","","mu.mp3"],["quizliteracy","1","Description","word_word","e","i","e","k","","w_t","wet.mp3"],["quizliteracy","1","Description","word_word","i","c","g","i","","m_lk","milk.mp3"],["quizliteracy","1","Description","word_word","e","e","b","m","","_gg","egg.mp3"],["quizliteracy","1","Description","word_word","p","n","o","p","","_ig","pig.mp3"],["quizliteracy","1","Description","soundonly_word","lion","lion","frog","duck","","","lion.mp3"],["quizliteracy","1","Description","image_word","bug","bug","bus","bat","bug.png"],["quizliteracy","1","Description","image_word","tree","house","car","tree","tree.png"]]}]],0,0,[],[],[]]]]