[1,["c0sRQY3tpDBYelxPfIl32N","fekk+s9WdA5rHqQd2BrCTR","0dBtehEMlLUpS50324K9Kc","02aGwy2/xFaKANX1rZOkMF","528DbGbCxIjpElR+UuE1aL","48KuOHKvNL4bILVD2HwVYc","36wfcNSYNDsIMcT5GoinlC"],["_textureSetter"],["cc.Texture2D","cc.SpriteFrame",["cc.AudioClip",["_name","_native","duration"],0],["cc.JsonAsset",["_name","json"],1]],[[2,0,1,2,4],[3,0,1,3]],[[["0,9729,9729,33071,33071,0,0,1",-1],[0],0,[],[],[]],[["0,9729,9729,33071,33071,0,0,1",-1],[0],0,[],[],[]],[[{"name":"color","rect":[22,16,148,119],"offset":[-0.5,1],"originalSize":[193,153],"capInsets":[0,0,0,0]}],[1],0,[0],[0],[0]],[[[0,"child",".mp3",1.008],-1],0,0,[],[],[]],[[{"name":"spelling_tree","rect":[0,0,370,273],"offset":[0,0],"originalSize":[370,273],"capInsets":[0,0,0,0]}],[1],0,[0],[0],[1]],[[{"name":"truck","rect":[0,0,1200,1000],"offset":[0,0],"originalSize":[1200,1000],"capInsets":[0,0,0,0]}],[1],0,[0],[0],[2]],[["0,9729,9729,33071,33071,0,0,1",-1],[0],0,[],[],[]],[[{"name":"song","rect":[16,22,161,114],"offset":[0,-2.5],"originalSize":[193,153],"capInsets":[0,0,0,0]}],[1],0,[0],[0],[3]],[["0,9729,9729,33071,33071,0,0,1",-1],[0],0,[],[],[]],[[[0,"trail",".mp3",0.84],-1],0,0,[],[],[]],[["0,9729,9729,33071,33071,0,0,1",-1],[0],0,[],[],[]],[[[0,"fresh",".mp3",1.224],-1],0,0,[],[],[]],[[[0,"tree",".mp3",0.816],-1],0,0,[],[],[]],[[[0,"tr",".mp3",0.70525],-1],0,0,[],[],[]],[[[0,"trip",".mp3",0.792],-1],0,0,[],[],[]],[[[0,"rock",".mp3",1.008],-1],0,0,[],[],[]],[[[0,"trot",".mp3",0.936],-1],0,0,[],[],[]],[[{"name":"tree","rect":[8,8,177,124],"offset":[0,0],"originalSize":[193,140],"capInsets":[0,0,0,0]}],[1],0,[0],[0],[4]],[[[0,"push",".mp3",0.912],-1],0,0,[],[],[]],[["0,9729,9729,33071,33071,0,0,1",-1],[0],0,[],[],[]],[[[0,"trash",".mp3",0.984],-1],0,0,[],[],[]],[[[0,"ay",".mp3",0.67925],-1],0,0,[],[],[]],[[[0,"sh",".mp3",0.528],-1],0,0,[],[],[]],[[{"name":"train","rect":[19,17,159,95],"offset":[2,12],"originalSize":[193,153],"capInsets":[0,0,0,0]}],[1],0,[0],[0],[5]],[[[0,"tray",".mp3",0.768],-1],0,0,[],[],[]],[[[0,"truck",".mp3",0.84],-1],0,0,[],[],[]],[[[0,"train",".mp3",0.888],-1],0,0,[],[],[]],[[[0,"ch",".mp3",0.504],-1],0,0,[],[],[]],[[{"name":"spelling_train","rect":[0,0,370,273],"offset":[0,0],"originalSize":[370,273],"capInsets":[0,0,0,0]}],[1],0,[0],[0],[6]],[[[0,"trim",".mp3",0.792],-1],0,0,[],[],[]],[[[0,"cheek",".mp3",1.008],-1],0,0,[],[],[]],[[[0,"ck",".mp3",0.26125],-1],0,0,[],[],[]],[[[1,"en1703",{"rows":[["grid","1","Description","tr","ee,ip,ot"],["grid","1","Description","tr","ay,uck,im"],["grid","1","Description","tr","ain,ail,ash"],["openwindow","1","Description","LEGIT","train","train.png","color.png","train.mp3","abcdefghijklmnopqrstuvwxyz"],["openwindow","1","Description","LEGIT","tree","tree.png","song.png","tree.mp3","abcdefghijklmnopqrstuvwxyz"],["phonictractor","1","Description","5","tray","tray.mp3","tr","tr.mp3","ay","ay.mp3"],["speakingpet","1","Description","tr.mp3","ch.mp3","truck","truck.mp3","A","1,2","tree","tree.mp3","A","1,2","cheek","cheek.mp3","B","1,2","child","child.mp3","B","1,2"],["spelldoor","1","Description","train","*r*in","2","1","spelling_train.png","train.mp3"],["spelldoor","1","Description","tree","tr*e","0","2","spelling_tree.png","tree.mp3"],["quizliteracy","1","Description","image_word","truck","truck","key","lemon","truck.png"],["quizliteracy","1","Description","image_word","tree","tree","there","tire","tree.png"],["quizliteracy","1","Description","soundonly_word","train","train","clay","truck","","","train.mp3"],["quizliteracy","1","Description","soundonly_word","tray","truck","tray","train","","","tray.mp3"]]}]],0,0,[],[],[]],[["0,9729,9729,33071,33071,0,0,1",-1],[0],0,[],[],[]]]]