[1,["4fL04IgRFG2ouJunTk4kaO","a3QO9ZrzhB3LeN2Tmn+95I","6bBgWJ/K9KiYxR7nWd9h04"],["_textureSetter"],["cc.Texture2D","cc.SpriteFrame",["cc.AudioClip",["_name","_native","duration"],0],["cc.JsonAsset",["_name","json"],1]],[[2,0,1,2,4],[3,0,1,3]],[[[[0,"ग",".mp3",0.627],-1],0,0,[],[],[]],[["0,9729,9729,33071,33071,0,0,1",-1],[0],0,[],[],[]],[[{"name":"गमला","rect":[0,0,400,333],"offset":[0,0],"originalSize":[400,333],"capInsets":[0,0,0,0]}],[1],0,[0],[0],[0]],[[[0,"गधा",".mp3",0.705306],-1],0,0,[],[],[]],[["0,9729,9729,33071,33071,0,0,1",-1],[0],0,[],[],[]],[[[1,"hi0102",{"rows":[["phonictractor","1","Description","5","ग","ग.mp3","ग","ग.mp3"],["writeletter","1","Description","ग","गधा"],["writecard","1","Description","ग","गधा","गधा.png","गधा.mp3","गमला","गमला.png","गमला.mp3","गहना","गहना.png","गहना.mp3"],["quizliteracy","1","Description","soundonly_word","ग","ख","इ","ग","","","ग.mp3"],["quizliteracy","1","Description","word_word","ग","ऊ","ग","इ","","ग"],["quizliteracy","1","Description","soundonly_word","ग","ग","इ","ख","","","ग.mp3"]]}]],0,0,[],[],[]],[[{"name":"गधा","rect":[0,0,400,333],"offset":[0,0],"originalSize":[400,333],"capInsets":[0,0,0,0]}],[1],0,[0],[0],[1]],[["0,9729,9729,33071,33071,0,0,1",-1],[0],0,[],[],[]],[[[0,"गहना",".mp3",0.984],-1],0,0,[],[],[]],[[{"name":"गहना","rect":[0,0,400,333],"offset":[0,0],"originalSize":[400,333],"capInsets":[0,0,0,0]}],[1],0,[0],[0],[2]],[[[0,"गमला",".mp3",0.757551],-1],0,0,[],[],[]]]]