[1,["2bCrwV63pAvoukdB+mAdKR","72G/SieXBOyKWJAfCgRa1v","bcIGuTTaRP/5e7Dx7tqhZF","20mduOwbxKI6busBzkAbmP","05ku1K4oZLMIvodGYgwtbp","4cIbCWJKNPwrjLCLUlmj4q","cdlLvU2rZOMaIOPgbSMoQz","b41BZD5AdOYY+aaM8b0c8Z","2bcofwbnJMRpuxmpwNkEls","55zF5KnRtA7JvE1SSnO+yA","17Zk1DF5tD+Z+5Txly9yc6","9eZqRJOBRDErbFr/kNIgdt","d36moBpdxNY4deW5MelbCt"],["_textureSetter"],["cc.Texture2D","cc.SpriteFrame",["cc.JsonAsset",["_name","json"],1]],[[2,0,1,3]],[[["0,9729,9729,33071,33071,0,0,1",-1],[0],0,[],[],[]],[["0,9729,9729,33071,33071,0,0,1",-1],[0],0,[],[],[]],[[{"name":"findthematch_lv5_30","rect":[16,29,125,167],"offset":[-5.5,-0.5],"originalSize":[168,224],"capInsets":[0,0,0,0]}],[1],0,[0],[0],[0]],[["0,9729,9729,33071,33071,0,0,1",-1],[0],0,[],[],[]],[[{"name":"findthematch_lv5_7","rect":[26,22,119,173],"offset":[1.5,3.5],"originalSize":[168,224],"capInsets":[0,0,0,0]}],[1],0,[0],[0],[1]],[["0,9729,9729,33071,33071,0,0,1",-1],[0],0,[],[],[]],[["0,9729,9729,33071,33071,0,0,1",-1],[0],0,[],[],[]],[["0,9729,9729,33071,33071,0,0,1",-1],[0],0,[],[],[]],[["0,9729,9729,33071,33071,0,0,1",-1],[0],0,[],[],[]],[[{"name":"findthematch_lv5_6","rect":[28,23,118,168],"offset":[3,5],"originalSize":[168,224],"capInsets":[0,0,0,0]}],[1],0,[0],[0],[2]],[[{"name":"findthematch_lv5_10","rect":[23,22,118,166],"offset":[-2,7],"originalSize":[168,224],"capInsets":[0,0,0,0]}],[1],0,[0],[0],[3]],[[{"name":"findthematch_lv5_28","rect":[27,32,119,157],"offset":[2.5,1.5],"originalSize":[168,224],"capInsets":[0,0,0,0]}],[1],0,[0],[0],[4]],[["0,9729,9729,33071,33071,0,0,1",-1],[0],0,[],[],[]],[[[0,"matchingcard0005",{"rows":[["matchingcard","1","Description","3","findthematch_lv5_12.png","findthematch_lv5_4.png","findthematch_lv5_22.png",""],["matchingcard","1","Description","3","findthematch_lv5_17.png","findthematch_lv5_13.png","findthematch_lv5_6.png",""],["matchingcard","1","Description","3","findthematch_lv5_17.png","findthematch_lv5_22.png","findthematch_lv5_6.png",""],["matchingcard","1","Description","3","findthematch_lv5_20.png","findthematch_lv5_1.png","findthematch_lv5_30.png",""],["matchingcard","1","Description","3","findthematch_lv5_22.png","findthematch_lv5_20.png","findthematch_lv5_7.png",""],["matchingcard","1","Description","3","findthematch_lv5_28.png","findthematch_lv5_27.png","findthematch_lv5_10.png",""]]}]],0,0,[],[],[]],[[{"name":"findthematch_lv5_12","rect":[22,25,122,160],"offset":[-1,7],"originalSize":[168,224],"capInsets":[0,0,0,0]}],[1],0,[0],[0],[5]],[[{"name":"findthematch_lv5_4","rect":[29,17,115,180],"offset":[2.5,5],"originalSize":[168,224],"capInsets":[0,0,0,0]}],[1],0,[0],[0],[6]],[["0,9729,9729,33071,33071,0,0,1",-1],[0],0,[],[],[]],[["0,9729,9729,33071,33071,0,0,1",-1],[0],0,[],[],[]],[["0,9729,9729,33071,33071,0,0,1",-1],[0],0,[],[],[]],[["0,9729,9729,33071,33071,0,0,1",-1],[0],0,[],[],[]],[[{"name":"findthematch_lv5_27","rect":[30,32,117,155],"offset":[4.5,2.5],"originalSize":[168,224],"capInsets":[0,0,0,0]}],[1],0,[0],[0],[7]],[["0,9729,9729,33071,33071,0,0,1",-1],[0],0,[],[],[]],[[{"name":"findthematch_lv5_13","rect":[28,30,117,160],"offset":[2.5,2],"originalSize":[168,224],"capInsets":[0,0,0,0]}],[1],0,[0],[0],[8]],[[{"name":"findthematch_lv5_1","rect":[26,40,119,153],"offset":[1.5,-4.5],"originalSize":[168,224],"capInsets":[0,0,0,0]}],[1],0,[0],[0],[9]],[[{"name":"findthematch_lv5_20","rect":[19,33,136,150],"offset":[3,4],"originalSize":[168,224],"capInsets":[0,0,0,0]}],[1],0,[0],[0],[10]],[[{"name":"findthematch_lv5_17","rect":[25,24,108,167],"offset":[-5,4.5],"originalSize":[168,224],"capInsets":[0,0,0,0]}],[1],0,[0],[0],[11]],[[{"name":"findthematch_lv5_22","rect":[27,24,121,174],"offset":[3.5,1],"originalSize":[168,224],"capInsets":[0,0,0,0]}],[1],0,[0],[0],[12]]]]