[1,["40SS9/yLxJWZbRYhPiKXVl"],["_textureSetter"],["cc.Texture2D","cc.SpriteFrame",["cc.AudioClip",["_name","_native","duration"],0],["cc.JsonAsset",["_name","json"],1]],[[2,0,1,2,4],[3,0,1,3]],[[[[0,"drink",".mp3",0.96],-1],0,0,[],[],[]],[[[0,"drum",".mp3",0.984],-1],0,0,[],[],[]],[[[0,"dr",".mp3",0.48],-1],0,0,[],[],[]],[[[0,"drop",".mp3",0.96],-1],0,0,[],[],[]],[[[0,"dry",".mp3",0.912],-1],0,0,[],[],[]],[[[0,"draw",".mp3",0.864],-1],0,0,[],[],[]],[["0,9729,9729,33071,33071,0,0,1",-1],[0],0,[],[],[]],[[[0,"drive",".mp3",0.984],-1],0,0,[],[],[]],[[[1,"en1709",{"rows":[["grid","1","Description","dr","y,aw,ip"],["grid","1","Description","dr","op,ub,ew"],["grid","1","Description","dr","ive,ink,eam"],["rocket","1","Description","drum","d,r,u,m","d,r,u,m","drum.mp3","drum.png","false","false"],["speakingpet","1","Description","dr.mp3","cr.mp3","dress","dress.mp3","A","1,2","drive","drive.mp3","A","1,2","crab","crab.mp3","B","1,2","cross","cross.mp3","B","1,2"],["quizliteracy","1","Description","image_word","drum","drum","dress","farm","drum.png"],["quizliteracy","1","Description","soundonly_word","dress","farm","drum","dress","","","dress.mp3"],["quizliteracy","1","Description","soundonly_word","drive","drive","dress","crab","","","drive.mp3"],["quizliteracy","1","Description","soundonly_word","drum","dress","drum","farm","","","drum.mp3"]]}]],0,0,[],[],[]],[[[0,"drew",".mp3",0.888],-1],0,0,[],[],[]],[[[0,"cross",".mp3",0.96],-1],0,0,[],[],[]],[[[0,"drip",".mp3",0.888],-1],0,0,[],[],[]],[[[0,"cr",".mp3",0.504],-1],0,0,[],[],[]],[[[0,"dress",".mp3",1.176],-1],0,0,[],[],[]],[[[0,"crab",".mp3",0.864],-1],0,0,[],[],[]],[[[0,"dream",".mp3",0.96],-1],0,0,[],[],[]],[[[0,"drub",".mp3",0.96],-1],0,0,[],[],[]],[[{"name":"drum","rect":[0,0,630,525],"offset":[0,0],"originalSize":[630,525],"capInsets":[0,0,0,0]}],[1],0,[0],[0],[0]]]]