[1,["ebGWmGj5hJtYB6lr1fu9lM","c9uf/PvbJAIaHnoux6NY9v","98LWhvoIZA7YGmUIDnUz2P"],["_textureSetter"],["cc.SpriteFrame","cc.Texture2D",["cc.AudioClip",["_name","_native","duration"],0],["cc.JsonAsset",["_name","json"],1]],[[2,0,1,2,4],[3,0,1,3]],[[[[0,"l",".mp3",0.496327],-1],0,0,[],[],[]],[[{"name":"lion1","rect":[15,18,370,297],"offset":[0,0],"originalSize":[400,333],"capInsets":[0,0,0,0]}],[0],0,[0],[0],[0]],[[[0,"lion",".mp3",0.783673],-1],0,0,[],[],[]],[[{"name":"leg","rect":[243,1,950,1279],"offset":[121.5,-0.5],"originalSize":[1193,1280],"capInsets":[0,0,0,0]}],[0],0,[0],[0],[1]],[[[0,"lamp",".mp3",0.548571],-1],0,0,[],[],[]],[[[1,"sl_en0205",{"rows":[["balloonpop","1","Description","2","l","5","l,k,j","l.mp3"],["writeletter","1","Description","l","-"],["writecard","1","Description","l","lamp","lamp.png","lamp.mp3","leg","leg.png","leg.mp3","lion","lion1.png","lion.mp3"],["quizliteracy","1","Description","soundonly_word","l","l","m","q","","","l.mp3"],["quizliteracy","1","Description","word_word","l","l","t","a","","l"],["quizliteracy","1","Description","soundonly_word","l","l","g","b","","","l.mp3"]]}]],0,0,[],[],[]],[["0,9729,9729,33071,33071,0,0,1",-1],[1],0,[],[],[]],[["0,9729,9729,33071,33071,0,0,1",-1],[1],0,[],[],[]],[[[0,"leg",".mp3",0.548571],-1],0,0,[],[],[]],[["0,9729,9729,33071,33071,0,0,1",-1],[1],0,[],[],[]],[[{"name":"lamp","rect":[0,0,500,625],"offset":[0,0],"originalSize":[500,625],"capInsets":[0,0,0,0]}],[0],0,[0],[0],[2]]]]