[1,["4bDbPmK69Ag73lIw7c+ydF","77K/srnxRLLbGnqm29771z","d5fSvvMhdHgYXDVV26hnhF","e8Nk4TUvpEcYRjOSJovKmx","23drrJK45OEahvpDT9ATDf","e3hTnUlpFLUbzDVmL58rLw"],["_textureSetter"],["cc.SpriteFrame","cc.Texture2D",["cc.AudioClip",["_name","_native","duration"],0],["cc.JsonAsset",["_name","json"],1]],[[2,0,1,2,4],[3,0,1,3]],[[[{"name":"heart","rect":[0,0,193,161],"offset":[0,0],"originalSize":[193,161],"capInsets":[0,0,0,0]}],[0],0,[0],[0],[0]],[[[0,"pan",".mp3",0.783673],-1],0,0,[],[],[]],[["0,9729,9729,33071,33071,0,0,1",-1],[1],0,[],[],[]],[[[0,"tide",".mp3",0.757551],-1],0,0,[],[],[]],[["0,9729,9729,33071,33071,0,0,1",-1],[1],0,[],[],[]],[[[0,"heart",".mp3",0.653061],-1],0,0,[],[],[]],[[[0,"teacher",".mp3",0.705306],-1],0,0,[],[],[]],[[{"name":"teacher","rect":[0,0,868,689],"offset":[0,0],"originalSize":[868,689],"capInsets":[0,0,0,0]}],[0],0,[0],[0],[1]],[[[0,"sea",".mp3",0.783673],-1],0,0,[],[],[]],[[[0,"eat",".mp3",0.653061],-1],0,0,[],[],[]],[["0,9729,9729,33071,33071,0,0,1",-1],[1],0,[],[],[]],[[{"name":"river","rect":[16,16,368,258],"offset":[0,0],"originalSize":[400,290],"capInsets":[0,0,0,0]}],[0],0,[0],[0],[2]],[[{"name":"fire","rect":[20,0,98,140],"offset":[-1,0],"originalSize":[140,140],"capInsets":[0,0,0,0]}],[0],0,[0],[0],[3]],[[[0,"leaf",".mp3",0.809796],-1],0,0,[],[],[]],[[[0,"ear",".mp3",0.600816],-1],0,0,[],[],[]],[[[1,"sl_en1711",{"rows":[["grid","1","Description","ea","r,t,st"],["grid","1","Description","ea","ch,rn,se"],["grid","1","Description","ar,id,pl","ea"],["grid","1","Description","t,s,p","ea,ide,an"],["openwindow","1","Description","LEGIT","heart","heart.png","river.png","heart.mp3","abcdefghijklmnopqrstuvwxyz"],["rocket","1","Description","leaf","l,ea,f","l,ea,f","leaf.mp3","leaf.png","false","false"],["rocket","1","Description","teacher","a,b,c,d,e,f,g,h,i,j,k,l,m,n,o,p,q,r,s,t,u,v,w,x,y,z","t,e,a,c,h,e,r","teacher.mp3","teacher.png","false","true"],["quizliteracy","1","Description","soundonly_word","teacher","teacher","student","classroom","","","teacher.mp3"],["quizliteracy","1","Description","soundonly_word","sea","egg","sea","dad","","","sea.mp3"],["quizliteracy","1","Description","soundonly_image","leaf.png","baby.png","leaf.png","fire.png","","","leaf.mp3"]]}]],0,0,[],[],[]],[[{"name":"leaf","rect":[15,1,105,137],"offset":[-2.5,0.5],"originalSize":[140,140],"capInsets":[0,0,0,0]}],[0],0,[0],[0],[4]],[["0,9729,9729,33071,33071,0,0,1",-1],[1],0,[],[],[]],[[[0,"idea",".mp3",0.757551],-1],0,0,[],[],[]],[[{"name":"baby","rect":[0,0,512,339],"offset":[0,0],"originalSize":[512,339],"capInsets":[0,0,0,0]}],[0],0,[0],[0],[5]],[["0,9729,9729,33071,33071,0,0,1",-1],[1],0,[],[],[]],[["0,9729,9729,33071,33071,0,0,1",-1],[1],0,[],[],[]]]]