[1,["ec9fTrIQdLLpyImLmFMDJs","05rYxNLuRAhLwp6dSI0UTh","e0p7xcZmJMhrwuOmoJ1HEP","9fn2PNaChHuJI+PSyfTLUL","12YBDLIi9ETLrzEgDosPuv","5aB8BhUFRNHbxTTc+i7HJv","37BGi19/VNhZB6Qz9Stwfh","f7i4hNwb5Ksp9OJa1fxcd9","13UcQEw/9IYIX0knIvFrCt","c8TADDB+VOjJCcP2tLi3y5","77qBjkDx9NoqiNOHXFtrJY","6ecBn4t9lH4aglwWzwL5zH","6d3uliVWpDpaZ4IEfs0SKn","a4xo2d3qZJ1JMO+8zTyvse","b3BepmWttBU72/V51SfhkW","464/aXf8FNDr6DXbQ69oe7","3al4GVPsdOcrHdWqgvLxEm","c8A74gDJdJloRSs/TclelN","84h9g1bsFOxYN7kbUGqea0","6aRw5jueJI5Znf/o2uT2x6","cf55t9pvVLQb/LiUyJjdAZ"],["_textureSetter"],["cc.Texture2D","cc.SpriteFrame",["cc.AudioClip",["_name","_native","duration"],0],["cc.JsonAsset",["_name","json"],1]],[[2,0,1,2,4],[3,0,1,3]],[[["1,9729,9729,33071,33071,0,0,1",-1],[0],0,[],[],[]],[[[0,"सुखद",".mp3",0.731429],-1],0,0,[],[],[]],[["1,9729,9729,33071,33071,0,0,1",-1],[0],0,[],[],[]],[["1,9729,9729,33071,33071,0,0,1",-1],[0],0,[],[],[]],[[[0,"झील",".mp3",0.757551],-1],0,0,[],[],[]],[[[0,"त",".mp3",0.444],-1],0,0,[],[],[]],[[{"name":"Thesnakemovesslowly","rect":[0,0,1073,514],"offset":[0,0],"originalSize":[1073,514],"capInsets":[0,0,0,0]}],[1],0,[0],[0],[0]],[[[0,"आठ",".mp3",0.731429],-1],0,0,[],[],[]],[[[1,"hi_PreQuiz",{"rows":[["quizliteracy","1","Description","soundonly_word","अ","अ","इ ","उ ","","","अ.mp3"],["quizliteracy","1","Description","soundonly_word","ख","ऐ","ख","क","","","ख.mp3"],["quizliteracy","1","Description","word_word","घ","ग","इ","घ","","घ"],["quizliteracy","1","Description","soundonly_word","च","प","आ","च","","","च.mp3"],["quizliteracy","1","Description","soundonly_word","त","त","ड","ण","","","त.mp3"],["quizliteracy","1","Description","word_word","य","य","न","म","","य"],["quizliteracy","1","Description","soundonly_word","ह","स","ह","प","","","ह.mp3"],["quizliteracy","1","Description","soundonly_word","छत","खत","छत","नल","","","छत.mp3"],["quizliteracy","1","Description","image_word","फल","जल","फल","मत","फल.png"],["quizliteracy","1","Description","soundonly_word","जट","सर","घर","जट","","","जट.mp3"],["quizliteracy","1","Description","soundonly_word","ठि","डि","ठि","ढि","","","ठि.mp3"],["quizliteracy","1","Description","soundonly_word","बु","मु","बु","भु","","","बु.mp3"],["quizliteracy","1","Description","soundonly_word","गृ","गृ","मृ","फृ","","","गृ.mp3"],["quizliteracy","1","Description","soundonly_word","शे","वे","शे","ले","","","शे.mp3"],["quizliteracy","1","Description","soundonly_word","लो","जो","लो","गो","","","लो.mp3"],["quizliteracy","1","Description","image_word","पैर","पैर","मैं","कैमरा","पैर.png"],["quizliteracy","1","Description","soundonly_word","लोमड़ी","मोगरा","रोशनी","लोमड़ी","","","लोमडी.mp3"],["quizliteracy","1","Description","image_word","मित्र","दिल","छिला","मित्र","मित्र.png"],["quizliteracy","1","Description","soundonly_word","झील","पीला","पीठ","झील","","","झील.mp3"],["quizliteracy","1","Description","soundonly_word","पर्वत","पर्वत","प्रश्न","प्रकाश","","","पर्वत.mp3"],["quizliteracy","1","Description","soundonly_word","सुखद","सुखद","तुरग","उरग","","","सुखद.mp3"],["quizliteracy","1","Description","image_word","अंतरिक्ष","अंतरिक्ष","वैज्ञानिक","इलाइची","अंतरिक्ष.png"],["quizliteracy","1","Description","image_sentence","जय खाता है","जय खाता है","जय पीता है","जय सो रहा है","I_eat.jpg","","जय_खाता_है.mp3"],["quizliteracy","1","Description","soundonly_image","Komalreadsa_book.jpg","Komalreadsa_book.jpg","Birdsfly.jpg","The_crocodileswims.jpg","","","वो_पढ़ती_है.mp3"],["quizliteracy","1","Description","image_sentence","रवि लंबा लडका है ","जय खाता है","राधा एक बहन है","रवि लंबा लडका है ","Chrisisa_tallboy.jpg","","रवि_लंबा_है.mp3"],["quizliteracy","1","Description","soundonly_image","Ranireadsmanybooks.jpg","Birdsfly.jpg","Mirasingsa_song.jpg","Ranireadsmanybooks.jpg","","","कोमल_एक_किताब_पढ़ी.mp3"],["quizliteracy","1","Description","image_sentence","पेड़ लंबा बढ़ जाता है","बिल्ली कहाँ है?","गाय दूध देती है","पेड़ लंबा बढ़ जाता है","The_orange_treehasmanyoranges.jpg","","पेड_लंबा_बढ़_जाता_है.mp3"],["quizliteracy","1","Description","image_sentence","बिल्ली कहाँ है?","बैट कहां है?","क्या आपको केले पसंद हैं ?","बिल्ली कहाँ है?","Whereisthe_cat.jpg","","बिल्ली_कहाँ_है.mp3"],["quizliteracy","1","Description","soundonly_sentence","क्या तुमने अपने दाँत माँजे?","बैट कहां है?","क्या तुमने अपने दाँत माँजे?","क्या वह तेज़ है?","","","क्या_तुमने_अपने_दाँत_माँजे.mp3"],["quizliteracy","1","Description","soundonly_image","Jerryreadsa_bookat_school_(2).jpg","Raviplaysa_gamealone.jpg","Jerryreadsa_bookat_school_(2).jpg","Thefrogsmakenoiseevery_night.jpg","","","जया_स्कूल_में_एक_किताब_पढ़ती_है.mp3"],["quizliteracy","1","Description","sentence_sentence","शेर","शेर","धूसर","हरा","","संज्ञा शब्द चुनें","संज्ञा_शब्द_चुनें.mp3"],["quizliteracy","1","Description","soundonly_word","आठ","आठ","पीला","सीधा","","","आठ.mp3"],["quizliteracy","1","Description","sentence_sentence","काली","काली","नारंगी","हरी","","बिल्लियाँ ----- हैं।","बिल्लियाँ_काली_हैं.mp3"],["quizliteracy","1","Description","sentence_sentence","शर्मीली","अच्छा","शर्मीली","निचला","","लड़कियां ______  लगती हैं।","लडकियां_शर्मीली_लगती_हैं.mp3"],["quizliteracy","1","Description","soundonly_word","दो चम्मच और दो कांटे।","तीन वृत्त और एक वर्ग।","दो चम्मच और दो कांटे।","चार बाल्टियाँ।","","","दो_चम्मच_और_दो_कांटे।.mp3"],["quizliteracy","1","Description","sentence_sentence","चलना ","चलना ","जग","ख़त","","क्रिया शब्द चुनें","क्रिया_शब्द_चुनें.m4a"],["quizliteracy","1","Description","sentence_sentence","थे","रहे","हैं","थे","","वह तब एक डॉक्टर ___।","वह_तब_एक_डॉक्टर_थे.mp3"],["quizliteracy","1","Description","soundonly_image","l17_theyrunschool.png","l17_theyrunschool.png","l16_girlwantsairplane.png","l17_shegivingmilk.png","","","वे_बारिश_में_स्कूल_भाग_रहे_हैं।.mp3"],["quizliteracy","1","Description","image_sentence","रमेश रोज दूध पीता हैl","वह अपनी माँ को कपडे सूखने में मदद कर रही है।","रमेश रोज दूध पीता हैl","वे रेत से महल बना रहे हैं।","The_milkisdelicious.jpg","","रमेश_रोज_दूध_पीता_है.mp3"],["quizliteracy","1","Description","image_sentence","सांप धीरे-धीरे चलता है","गाय तीनों में सबसे बड़ी है।","लड़कों की तुलना में अधिक कुर्सियां ​​हैं।","सांप धीरे-धीरे चलता है","Thesnakemovesslowly.jpg","","सांप_धीरे-धीरे_चलता_है.mp3"]]}]],0,0,[],[],[]],[[[0,"क्रिया_शब्द_चुनें",".mp3",2.424],-1],0,0,[],[],[]],[[[0,"लडकियां_शर्मीली_लगती_हैं",".mp3",2.272653],-1],0,0,[],[],[]],[["1,9729,9729,33071,33071,0,0,1",-1],[0],0,[],[],[]],[["0,9729,9729,33071,33071,0,0,1",-1],[0],0,[],[],[]],[[{"name":"Raviplaysa_gamealone","rect":[0,0,1073,1157],"offset":[0,0],"originalSize":[1073,1157],"capInsets":[0,0,0,0]}],[1],0,[0],[0],[1]],[[{"name":"l17_theyrunschool","rect":[0,0,868,689],"offset":[0,0],"originalSize":[868,689],"capInsets":[0,0,0,0]}],[1],0,[0],[0],[2]],[[{"name":"Chrisisa_tallboy","rect":[0,0,1073,1157],"offset":[0,0],"originalSize":[1073,1157],"capInsets":[0,0,0,0]}],[1],0,[0],[0],[3]],[[[0,"क्या_तुमने_अपने_दाँत_माँजे",".mp3",2.246531],-1],0,0,[],[],[]],[[[0,"बिल्ली_कहाँ_है",".mp3",1.149388],-1],0,0,[],[],[]],[[[0,"च",".mp3",0.49625],-1],0,0,[],[],[]],[[[0,"जय_खाता_है",".mp3",1.227755],-1],0,0,[],[],[]],[["0,9729,9729,33071,33071,0,0,1",-1],[0],0,[],[],[]],[[[0,"ठि",".mp3",0.731429],-1],0,0,[],[],[]],[[{"name":"Ranireadsmanybooks","rect":[0,0,1073,514],"offset":[0,0],"originalSize":[1073,514],"capInsets":[0,0,0,0]}],[1],0,[0],[0],[4]],[[[0,"पर्वत",".mp3",0.705306],-1],0,0,[],[],[]],[[[0,"संज्ञा_शब्द_चुनें",".mp3",2.592],-1],0,0,[],[],[]],[[{"name":"Birdsfly","rect":[0,0,1073,770],"offset":[0,0],"originalSize":[1073,770],"capInsets":[0,0,0,0]}],[1],0,[0],[0],[5]],[["1,9729,9729,33071,33071,0,0,1",-1],[0],0,[],[],[]],[[[0,"दो_चम्मच_और_दो_कांटे।",".mp3",2.168163],-1],0,0,[],[],[]],[[[0,"बिल्लियाँ_काली_हैं",".mp3",1.38449],-1],0,0,[],[],[]],[[{"name":"Whereisthe_cat","rect":[0,0,1073,577],"offset":[0,0],"originalSize":[1073,577],"capInsets":[0,0,0,0]}],[1],0,[0],[0],[6]],[[{"name":"Komalreadsa_book","rect":[0,0,1073,1157],"offset":[0,0],"originalSize":[1073,1157],"capInsets":[0,0,0,0]}],[1],0,[0],[0],[7]],[["0,9729,9729,33071,33071,0,0,1",-1],[0],0,[],[],[]],[["1,9729,9729,33071,33071,0,0,1",-1],[0],0,[],[],[]],[["1,9729,9729,33071,33071,0,0,1",-1],[0],0,[],[],[]],[["1,9729,9729,33071,33071,0,0,1",-1],[0],0,[],[],[]],[[{"name":"The_milkisdelicious","rect":[0,0,1073,1157],"offset":[0,0],"originalSize":[1073,1157],"capInsets":[0,0,0,0]}],[1],0,[0],[0],[8]],[[[0,"रवि_लंबा_है",".mp3",1.985306],-1],0,0,[],[],[]],[[[0,"कोमल_एक_किताब_पढ़ी",".mp3",1.906939],-1],0,0,[],[],[]],[["0,9729,9729,33071,33071,0,0,1",-1],[0],0,[],[],[]],[[[0,"जया_स्कूल_में_एक_किताब_पढ़ती_है",".mp3",3.108571],-1],0,0,[],[],[]],[[{"name":"अंतरिक्ष","rect":[0,0,271,271],"offset":[0,0],"originalSize":[271,271],"capInsets":[0,0,0,0]}],[1],0,[0],[0],[9]],[[[0,"ह",".mp3",0.600816],-1],0,0,[],[],[]],[[[0,"छत",".mp3",0.626939],-1],0,0,[],[],[]],[[[0,"रमेश_रोज_दूध_पीता_है",".mp3",2.377143],-1],0,0,[],[],[]],[["1,9729,9729,33071,33071,0,0,1",-1],[0],0,[],[],[]],[[{"name":"Jerryreadsa_bookat_school_(2)","rect":[0,0,1073,1156],"offset":[0,0],"originalSize":[1073,1156],"capInsets":[0,0,0,0]}],[1],0,[0],[0],[10]],[[{"name":"Mirasingsa_song","rect":[0,0,1073,1188],"offset":[0,0],"originalSize":[1073,1188],"capInsets":[0,0,0,0]}],[1],0,[0],[0],[11]],[["0,9729,9729,33071,33071,0,0,1",-1],[0],0,[],[],[]],[[[0,"शे",".mp3",0.679184],-1],0,0,[],[],[]],[["1,9729,9729,33071,33071,0,0,1",-1],[0],0,[],[],[]],[[[0,"अ",".mp3",0.418],-1],0,0,[],[],[]],[[{"name":"Thefrogsmakenoiseevery_night","rect":[0,0,1073,1157],"offset":[0,0],"originalSize":[1073,1157],"capInsets":[0,0,0,0]}],[1],0,[0],[0],[12]],[[[0,"सांप_धीरे-धीरे_चलता_है",".mp3",2.403265],-1],0,0,[],[],[]],[[[0,"वे_बारिश_में_स्कूल_भाग_रहे_हैं।",".mp3",2.76898],-1],0,0,[],[],[]],[[{"name":"l16_girlwantsairplane","rect":[0,0,868,689],"offset":[0,0],"originalSize":[868,689],"capInsets":[0,0,0,0]}],[1],0,[0],[0],[13]],[[{"name":"The_crocodileswims","rect":[0,0,1073,770],"offset":[0,0],"originalSize":[1073,770],"capInsets":[0,0,0,0]}],[1],0,[0],[0],[14]],[[[0,"गृ",".mp3",0.548571],-1],0,0,[],[],[]],[[[0,"लो",".mp3",0.679184],-1],0,0,[],[],[]],[["1,9729,9729,33071,33071,0,0,1",-1],[0],0,[],[],[]],[["0,9729,9729,33071,33071,0,0,1",-1],[0],0,[],[],[]],[[{"name":"फल","rect":[0,0,480,480],"offset":[0,0],"originalSize":[480,480],"capInsets":[0,0,0,0]}],[1],0,[0],[0],[15]],[["1,9729,9729,33071,33071,0,0,1",-1],[0],0,[],[],[]],[[{"name":"l17_shegivingmilk","rect":[0,0,868,689],"offset":[0,0],"originalSize":[868,689],"capInsets":[0,0,0,0]}],[1],0,[0],[0],[16]],[[[0,"लोमडी",".mp3",0.992653],-1],0,0,[],[],[]],[["0,9729,9729,33071,33071,0,0,1",-1],[0],0,[],[],[]],[[[0,"पेड_लंबा_बढ़_जाता_है",".mp3",2.533878],-1],0,0,[],[],[]],[[[0,"ख",".mp3",0.5225],-1],0,0,[],[],[]],[[[0,"वह_तब_एक_डॉक्टर_थे",".mp3",2.142041],-1],0,0,[],[],[]],[[{"name":"I_eat","rect":[0,0,1073,577],"offset":[0,0],"originalSize":[1073,577],"capInsets":[0,0,0,0]}],[1],0,[0],[0],[17]],[["1,9729,9729,33071,33071,0,0,1",-1],[0],0,[],[],[]],[[{"name":"पैर","rect":[0,0,193,153],"offset":[0,0],"originalSize":[193,153],"capInsets":[0,0,0,0]}],[1],0,[0],[0],[18]],[["1,9729,9729,33071,33071,0,0,1",-1],[0],0,[],[],[]],[[[0,"बु",".mp3",0.705306],-1],0,0,[],[],[]],[[{"name":"मित्र","rect":[0,0,193,153],"offset":[0,0],"originalSize":[193,153],"capInsets":[0,0,0,0]}],[1],0,[0],[0],[19]],[[{"name":"The_orange_treehasmanyoranges","rect":[0,0,1073,1543],"offset":[0,0],"originalSize":[1073,1543],"capInsets":[0,0,0,0]}],[1],0,[0],[0],[20]],[[[0,"जट",".mp3",0.574694],-1],0,0,[],[],[]]]]