[1,["f0aswZ2r1HdZZ3nX2MFMpR","a0Tth4o15Jv6A6yu4qAVFY","37ojlCkWdE9qip/NtJCEzk"],["_textureSetter"],["cc.Texture2D","cc.SpriteFrame",["cc.AudioClip",["_name","_native","duration"],0],["cc.JsonAsset",["_name","json"],1]],[[2,0,1,2,4],[3,0,1,3]],[[[[0,"कीडा",".mp3",0.888163],-1],0,0,[],[],[]],[["0,9729,9729,33071,33071,0,0,1",-1],[0],0,[],[],[]],[[[0,"काकी",".mp3",0.679184],-1],0,0,[],[],[]],[[{"name":"कीचड","rect":[0,0,370,273],"offset":[0,0],"originalSize":[370,273],"capInsets":[0,0,0,0]}],[1],0,[0],[0],[0]],[[[0,"कीचड",".mp3",0.653061],-1],0,0,[],[],[]],[[{"name":"काकी","rect":[0,0,370,273],"offset":[0,0],"originalSize":[370,273],"capInsets":[0,0,0,0]}],[1],0,[0],[0],[1]],[[[1,"hi0906",{"rows":[["rocket","1","Description","कीड़ा","की,ड़ा","की,ड़ा","कीडा.mp3","कीडा.png","false ","false "],["rocket","1","Description","कीचड़","की,च,ड़","की,च,ड़","कीचड.mp3","कीचड.png","false ","true "],["spelldoor","1","Description","कीचड़","की*ड़","2","0","कीचड.png","कीचड.mp3"],["bubbletype","1","Description","10","6","क का कि की कु कू","","","","","","क का कि की कु कू"],["quizliteracy","1","Description","soundonly_word","कीचड़","किरण","कीचड़","कीड़ा","","","कीचड.mp3"],["quizliteracy","1","Description","image_word","कीड़ा","कीड़ा","कलश","किरण","कीडा.png"],["quizliteracy","1","Description","word_word","काकी","किरण","कीड़ा","काकी","","काकी"]]}]],0,0,[],[],[]],[["0,9729,9729,33071,33071,0,0,1",-1],[0],0,[],[],[]],[[{"name":"कीडा","rect":[0,0,271,271],"offset":[0,0],"originalSize":[271,271],"capInsets":[0,0,0,0]}],[1],0,[0],[0],[2]],[["0,9729,9729,33071,33071,0,0,1",-1],[0],0,[],[],[]]]]