[1,["0cUdGAPflANpo0Sy8DrQ46"],["_textureSetter"],["cc.Texture2D","cc.SpriteFrame",["cc.AudioClip",["_name","_native","duration"],0],["cc.JsonAsset",["_name","json"],1]],[[2,0,1,2,4],[3,0,1,3]],[[["0,9729,9729,33071,33071,0,0,1",-1],[0],0,[],[],[]],[[[0,"mail",".mp3",0.888],-1],0,0,[],[],[]],[[[0,"l",".mp3",0.768],-1],0,0,[],[],[]],[[[0,"lamp",".mp3",0.984],-1],0,0,[],[],[]],[[[0,"love",".mp3",0.912],-1],0,0,[],[],[]],[[[0,"bank",".mp3",1.08],-1],0,0,[],[],[]],[[[0,"j",".mp3",0.984],-1],0,0,[],[],[]],[[[0,"jam",".mp3",1.08],-1],0,0,[],[],[]],[[[1,"en1106",{"rows":[["grid","1","Description","d,l","ot,amp,ean"],["speakingpet","1","Description","j.mp3","l.mp3","jump","jump.mp3","A","1","jam","jam.mp3","A","1","lamp","lamp.mp3","B","1","love","love.mp3","B","1"],["grid","1","Description","s,t,d","ip,ank,uck"],["grid","1","Description","t,b,g","ig,ap,ank"],["grid","1","Description","t,d","own,ank,ip"],["rocket","1","Description","bank","b,ank","b,ank","bank.mp3","bank.png","false","false"],["grid","1","Description","m,r","ail,ake,ime"],["quizliteracy","1","Description","word_word","amp","amp","ace","ert","","l___","lamp.mp3"],["quizliteracy","1","Description","word_word","ank","ime","omg","ank","","b___","bank.mp3"],["quizliteracy","1","Description","word_word","ank","ank","ase","ain","","t___","tank.mp3"],["quizliteracy","1","Description","word_word","ail","apr","ave","ail","","r___","rail.mp3"],["quizliteracy","1","Description","word_word","ail","ake","ail","org","","m___","mail.mp3"]]}]],0,0,[],[],[]],[[[0,"jump",".mp3",1.08],-1],0,0,[],[],[]],[[{"name":"bank","rect":[0,0,322,382],"offset":[0,0],"originalSize":[322,382],"capInsets":[0,0,0,0]}],[1],0,[0],[0],[0]],[[[0,"rail",".mp3",0.936],-1],0,0,[],[],[]],[[[0,"tank",".mp3",1.008],-1],0,0,[],[],[]]]]