[1,["a3JOEJO6pDHb+Fc4HBk6nT","d6Arh4vOxH7qUR46pOf5lJ","e9uwBj+M1PJpYO4f3D55jJ","5bZmZWBwBGjZEkgAuq//B8","9eP8b8thRGYZWixlju+ArB","78HXSXBldJ1aC5csrZ/wIR","57o9ypnBlDcpUU7JjC/vi8","150sXKKNROy6vHhujOx1SF","42UpLp/jlMeJIBQO+A8q9o","32XDi+/apIibfPcLEEo96/"],["_textureSetter"],["cc.SpriteFrame","cc.Texture2D",["cc.AudioClip",["_name","_native","duration"],0],["cc.JsonAsset",["_name","json"],1]],[[2,0,1,2,4],[3,0,1,3]],[[[{"name":"ap_puzzle9_crocodile_puzzle","rect":[3,3,345,115],"offset":[0,7.5],"originalSize":[351,136],"capInsets":[0,0,0,0]}],[0],0,[0],[0],[0]],[["0,9729,9729,33071,33071,0,0,1",-1],[1],0,[],[],[]],[["0,9729,9729,33071,33071,0,0,1",-1],[1],0,[],[],[]],[[[0,"monkeys_and_crocodile",".mp3",3.36975],-1],0,0,[],[],[]],[["0,9729,9729,33071,33071,0,0,1",-1],[1],0,[],[],[]],[[{"name":"ap_puzzle4_elephant1_puzzle","rect":[5,4,289,340],"offset":[0.5,3],"originalSize":[298,354],"capInsets":[0,0,0,0]}],[0],0,[0],[0],[1]],[[{"name":"ap_puzzle4_elephant2_puzzle","rect":[4,5,241,328],"offset":[0.5,4],"originalSize":[248,346],"capInsets":[0,0,0,0]}],[0],0,[0],[0],[2]],[[{"name":"ap_puzzle9_background","rect":[0,0,802,432],"offset":[0,0],"originalSize":[802,432],"capInsets":[0,0,0,0]}],[0],0,[0],[0],[3]],[["0,9729,9729,33071,33071,0,0,1",-1],[1],0,[],[],[]],[["1,9729,9729,33071,33071,0,0,1",-1],[1],0,[],[],[]],[[{"name":"ap_puzzle9_monkey1_puzzle","rect":[3,2,68,123],"offset":[1,4.5],"originalSize":[72,136],"capInsets":[0,0,0,0]}],[0],0,[0],[0],[4]],[["1,9729,9729,33071,33071,0,0,1",-1],[1],0,[],[],[]],[["0,9729,9729,33071,33071,0,0,1",-1],[1],0,[],[],[]],[["0,9729,9729,33071,33071,0,0,1",-1],[1],0,[],[],[]],[[{"name":"ap_puzzle4_background","rect":[0,0,802,432],"offset":[0,0],"originalSize":[802,432],"capInsets":[0,0,0,0]}],[0],0,[0],[0],[5]],[[{"name":"ap_puzzle9_monkey2_puzzle","rect":[2,1,48,100],"offset":[0.5,5],"originalSize":[51,112],"capInsets":[0,0,0,0]}],[0],0,[0],[0],[6]],[["0,9729,9729,33071,33071,0,0,1",-1],[1],0,[],[],[]],[[{"name":"ap_puzzle9_monkey3_puzzle","rect":[5,7,135,179],"offset":[1,3.5],"originalSize":[143,200],"capInsets":[0,0,0,0]}],[0],0,[0],[0],[7]],[[{"name":"ap_puzzle9_monkey4_puzzle","rect":[4,11,89,184],"offset":[-0.5,1],"originalSize":[98,208],"capInsets":[0,0,0,0]}],[0],0,[0],[0],[8]],[["0,9729,9729,33071,33071,0,0,1",-1],[1],0,[],[],[]],[[{"name":"ap_puzzle4_elephant3_puzzle","rect":[3,5,153,182],"offset":[0.5,2],"originalSize":[158,196],"capInsets":[0,0,0,0]}],[0],0,[0],[0],[9]],[[[0,"elephants",".mp3",1.22775],-1],0,0,[],[],[]],[[[1,"pictureboard0015",{"rows":[["pictureboard","1","Description","Elephants","ap_puzzle4_background.jpg","3","","elephants.mp3","ap_puzzle4_elephant1_puzzle.png","146","96","","ap_puzzle4_elephant2_puzzle.png","1056","173","","ap_puzzle4_elephant3_puzzle.png","1736","96"]]}]],0,0,[],[],[]]]]