[1,["8aiTGxmpZNHoMN2Wxtf1xC","6dokx1ytNN4aoGkr2IG0q3","7dy8Nm7R9HcadVZBEcSVid","9ab+19RoZE0L6uBkc1Smac","57Qb6DoXRLJ4HQN6OIVcPL","3e+KIjsHJF6bvZoByWcONZ","3fH6UkRWNOr57oQL8frXT3","dcaT4R08tI8ZR1EfCbVFtf"],["_textureSetter"],["cc.SpriteFrame","cc.Texture2D",["cc.AudioClip",["_name","_native","duration"],0],["cc.JsonAsset",["_name","json"],1]],[[2,0,1,2,4],[3,0,1,3]],[[[{"name":"six","rect":[0,0,512,503],"offset":[0,0],"originalSize":[512,503],"capInsets":[0,0,0,0]}],[0],0,[0],[0],[0]],[["0,9729,9729,33071,33071,0,0,1",-1],[1],0,[],[],[]],[["0,9729,9729,33071,33071,0,0,1",-1],[1],0,[],[],[]],[[{"name":"one","rect":[0,0,512,503],"offset":[0,0],"originalSize":[512,503],"capInsets":[0,0,0,0]}],[0],0,[0],[0],[1]],[["0,9729,9729,33071,33071,0,0,1",-1],[1],0,[],[],[]],[["0,9729,9729,33071,33071,0,0,1",-1],[1],0,[],[],[]],[[[0,"one",".mp3",0.864],-1],0,0,[],[],[]],[[{"name":"four","rect":[0,0,512,503],"offset":[0,0],"originalSize":[512,503],"capInsets":[0,0,0,0]}],[0],0,[0],[0],[2]],[["0,9729,9729,33071,33071,0,0,1",-1],[1],0,[],[],[]],[["0,9729,9729,33071,33071,0,0,1",-1],[1],0,[],[],[]],[[{"name":"three","rect":[0,0,512,503],"offset":[0,0],"originalSize":[512,503],"capInsets":[0,0,0,0]}],[0],0,[0],[0],[3]],[[[0,"eight",".mp3",0.792],-1],0,0,[],[],[]],[[[0,"seven",".mp3",1.032],-1],0,0,[],[],[]],[["0,9729,9729,33071,33071,0,0,1",-1],[1],0,[],[],[]],[[{"name":"seven","rect":[0,0,512,503],"offset":[0,0],"originalSize":[512,503],"capInsets":[0,0,0,0]}],[0],0,[0],[0],[4]],[[[0,"six",".mp3",0.96],-1],0,0,[],[],[]],[[{"name":"five","rect":[0,0,512,503],"offset":[0,0],"originalSize":[512,503],"capInsets":[0,0,0,0]}],[0],0,[0],[0],[5]],[[[0,"four",".mp3",0.864],-1],0,0,[],[],[]],[[{"name":"eight","rect":[0,0,512,503],"offset":[0,0],"originalSize":[512,503],"capInsets":[0,0,0,0]}],[0],0,[0],[0],[6]],[[[0,"three",".mp3",0.84],-1],0,0,[],[],[]],[[[0,"five",".mp3",0.864],-1],0,0,[],[],[]],[["0,9729,9729,33071,33071,0,0,1",-1],[1],0,[],[],[]],[[{"name":"two","rect":[0,0,2109,2070],"offset":[0,0],"originalSize":[2109,2070],"capInsets":[0,0,0,0]}],[0],0,[0],[0],[7]],[[[0,"two",".mp3",0.744],-1],0,0,[],[],[]],[[[1,"en3900",{"rows":[["writeword","1","Description","one","one.png","one.mp3"],["writeword","1","Description","two","two.png","two.mp3"],["writeword","1","Description","three","three.png","three.mp3"],["writeword","1","Description","four","four.png","four.mp3"],["writeword","1","Description","five","five.png","five.mp3"],["writeword","1","Description","six","six.png","six.mp3"],["writeword","1","Description","seven","seven.png","seven.mp3"],["writeword","1","Description","eight","eight.png","eight.mp3"],["quizliteracy","1","Description","image_word","two","six","two","three","two.png"],["quizliteracy","1","Description","soundonly_word","six","two","eight","six","","","six.mp3"],["quizliteracy","1","Description","image_word","eight","eight","three","two","eight.png"]]}]],0,0,[],[],[]]]]