[1,["35AqsK+9RFYbo0OPZJF+F9","3aQZpxiMhFa4YfoH6R0q8E","bdcrBTcZRLKoBEwx2U6e01"],["_textureSetter"],["cc.Texture2D","cc.SpriteFrame",["cc.AudioClip",["_name","_native","duration"],0],["cc.JsonAsset",["_name","json"],1]],[[2,0,1,2,4],[3,0,1,3]],[[[[0,"मगर",".mp3",1.097143],-1],0,0,[],[],[]],[["0,9729,9729,33071,33071,0,0,1",-1],[0],0,[],[],[]],[["0,9729,9729,33071,33071,0,0,1",-1],[0],0,[],[],[]],[[{"name":"crocodile","rect":[6,3,633,170],"offset":[2.5,2.5],"originalSize":[640,181],"capInsets":[0,0,0,0]}],[1],0,[0],[0],[0]],[[{"name":"pot","rect":[0,0,438,640],"offset":[0,0],"originalSize":[438,640],"capInsets":[0,0,0,0]}],[1],0,[0],[0],[1]],[[[0,"मडकं",".mp3",1.07102],-1],0,0,[],[],[]],[[[1,"mr0124",{"rows":[["balloonpop","1","Description","2","म","3","म,भ,ब","म.mp3"],["phonictractor","1","Description","5","म","म.mp3","म","म.mp3"],["writeletter","1","Description","म","मडकं"],["writecard","1","Description","म","मडकं","pot.png","मडकं.mp3","मगर","crocodile.png","मगर.mp3","मशाल","mashaal.png","मशाल.mp3"],["quizliteracy","1","Description","soundonly_word","म","म","ट","न","","","म.mp3"],["quizliteracy","1","Description","word_word","म","ट","न","म","","म"],["quizliteracy","1","Description","soundonly_word","म","म","ट","न","","","म.mp3"]]}]],0,0,[],[],[]],[["0,9729,9729,33071,33071,0,0,1",-1],[0],0,[],[],[]],[[[0,"मशाल",".mp3",1.097143],-1],0,0,[],[],[]],[[[0,"म",".mp3",0.888163],-1],0,0,[],[],[]],[[{"name":"mashaal","rect":[90,0,140,640],"offset":[0,0],"originalSize":[320,640],"capInsets":[0,0,0,0]}],[1],0,[0],[0],[2]]]]