[1,["87QkOR9ehCDLmvgiEj1jOH","06qSXZ49pMmb35oY3dAH41"],["_textureSetter"],["cc.Texture2D","cc.SpriteFrame",["cc.JsonAsset",["_name","json"],1]],[[2,0,1,3]],[[["0,9729,9729,33071,33071,0,0,1",-1],[0],0,[],[],[]],[[{"name":"egg-outline-tutorial","rect":[268,7,454,598],"offset":[-5,0],"originalSize":[1000,612],"capInsets":[0,0,0,0]}],[1],0,[0],[0],[0]],[[[0,"egg-outline-tutorial-json",[[{"x":510,"y":503.5},{"x":504,"y":503.5},{"x":499,"y":503.5},{"x":493,"y":503.5},{"x":489,"y":502.5},{"x":486,"y":501.5},{"x":483,"y":500.5},{"x":480,"y":498.5},{"x":476,"y":497.5},{"x":473,"y":496.5},{"x":470,"y":497.5},{"x":467,"y":494.5},{"x":463,"y":493.5},{"x":460,"y":492.5},{"x":455,"y":490.5},{"x":450,"y":489.5},{"x":447,"y":486.5},{"x":441,"y":484.5},{"x":437,"y":482.5},{"x":434,"y":480.5},{"x":431,"y":479.5},{"x":427,"y":476.5},{"x":425,"y":473.5},{"x":422,"y":471.5},{"x":419,"y":470.5},{"x":415,"y":468.5},{"x":412,"y":465.5},{"x":409,"y":462.5},{"x":408,"y":459.5},{"x":403,"y":455.5},{"x":402,"y":452.5},{"x":400,"y":449.5},{"x":394,"y":443.5},{"x":392,"y":440.5},{"x":390,"y":436.5},{"x":387,"y":433.5},{"x":384,"y":431.5},{"x":382,"y":427.5},{"x":376,"y":422.5},{"x":372,"y":416.5},{"x":370,"y":412.5},{"x":368,"y":409.5},{"x":366,"y":406.5},{"x":364,"y":403.5},{"x":362,"y":400.5},{"x":360,"y":397.5},{"x":358,"y":394.5},{"x":359,"y":391.5},{"x":358,"y":388.5},{"x":356,"y":385.5},{"x":354,"y":382.5},{"x":351,"y":376.5},{"x":348,"y":370.5},{"x":346,"y":365.5},{"x":346,"y":361.5},{"x":342,"y":355.5},{"x":342,"y":351.5},{"x":340,"y":348.5},{"x":339,"y":345.5},{"x":338,"y":342.5},{"x":338,"y":337.5},{"x":337,"y":332.5},{"x":337,"y":327.5},{"x":337,"y":323.5},{"x":337,"y":317.5},{"x":337,"y":313.5},{"x":337,"y":306.5},{"x":335,"y":301.5},{"x":336,"y":297.5},{"x":334,"y":293.5},{"x":334,"y":286.5},{"x":334,"y":281.5},{"x":334,"y":276.5},{"x":333,"y":273.5},{"x":333,"y":269.5},{"x":333,"y":265.5},{"x":333,"y":260.5},{"x":335,"y":255.5},{"x":336,"y":252.5},{"x":338,"y":246.5},{"x":338,"y":242.5},{"x":340,"y":237.5},{"x":341,"y":233.5},{"x":340,"y":230.5},{"x":342,"y":227.5},{"x":342,"y":222.5},{"x":345,"y":219.5},{"x":346,"y":215.5},{"x":348,"y":212.5},{"x":350,"y":208.5},{"x":352,"y":204.5},{"x":354,"y":200.5},{"x":356,"y":196.5},{"x":358,"y":193.5},{"x":358,"y":188.5},{"x":358,"y":184.5},{"x":360,"y":178.5},{"x":359,"y":175.5},{"x":361,"y":172.5},{"x":362,"y":167.5},{"x":362,"y":162.5},{"x":365,"y":159.5},{"x":365,"y":155.5},{"x":369,"y":149.5},{"x":373,"y":144.5},{"x":377,"y":143.5},{"x":380,"y":139.5},{"x":381,"y":136.5},{"x":385,"y":133.5},{"x":388,"y":130.5},{"x":392,"y":127.5},{"x":391,"y":124.5},{"x":395,"y":120.5},{"x":397,"y":116.5},{"x":401,"y":113.5},{"x":402,"y":110.5},{"x":406,"y":109.5},{"x":408,"y":106.5},{"x":413,"y":101.5},{"x":414,"y":98.5},{"x":419,"y":95.5},{"x":423,"y":93.5},{"x":426,"y":91.5},{"x":430,"y":88.5},{"x":434,"y":88.5},{"x":435,"y":85.5},{"x":442,"y":81.5},{"x":448,"y":78.5},{"x":454,"y":75.5},{"x":459,"y":74.5},{"x":462,"y":71.5},{"x":467,"y":72.5},{"x":471,"y":71.5},{"x":475,"y":70.5},{"x":479,"y":68.5},{"x":483,"y":68.5},{"x":486,"y":65.5},{"x":490,"y":66.5},{"x":493,"y":65.5},{"x":497,"y":63.5},{"x":501,"y":64.5},{"x":508,"y":64.5},{"x":513,"y":64.5},{"x":517,"y":64.5},{"x":522,"y":65.5},{"x":527,"y":67.5},{"x":532,"y":66.5},{"x":535,"y":67.5},{"x":539,"y":69.5},{"x":543,"y":68.5},{"x":546,"y":69.5},{"x":550,"y":71.5},{"x":555,"y":73.5},{"x":558,"y":74.5},{"x":560,"y":77.5},{"x":564,"y":79.5},{"x":568,"y":81.5},{"x":571,"y":83.5},{"x":575,"y":85.5},{"x":579,"y":87.5},{"x":581,"y":90.5},{"x":585,"y":90.5},{"x":586,"y":93.5},{"x":590,"y":93.5},{"x":593,"y":95.5},{"x":596,"y":97.5},{"x":600,"y":99.5},{"x":604,"y":100.5},{"x":606,"y":104.5},{"x":609,"y":107.5},{"x":612,"y":110.5},{"x":614,"y":113.5},{"x":617,"y":114.5},{"x":618,"y":118.5},{"x":621,"y":119.5},{"x":623,"y":122.5},{"x":625,"y":126.5},{"x":626,"y":129.5},{"x":631,"y":138.5},{"x":633,"y":141.5},{"x":634,"y":144.5},{"x":635,"y":149.5},{"x":638,"y":150.5},{"x":641,"y":153.5},{"x":644,"y":156.5},{"x":646,"y":159.5},{"x":650,"y":165.5},{"x":651,"y":169.5},{"x":652,"y":173.5},{"x":656,"y":178.5},{"x":657,"y":184.5},{"x":658,"y":189.5},{"x":661,"y":190.5},{"x":661,"y":195.5},{"x":661,"y":201.5},{"x":662,"y":208.5},{"x":663,"y":211.5},{"x":665,"y":215.5},{"x":667,"y":218.5},{"x":666,"y":221.5},{"x":666,"y":226.5},{"x":668,"y":231.5},{"x":669,"y":237.5},{"x":672,"y":240.5},{"x":673,"y":246.5},{"x":672,"y":249.5},{"x":672,"y":256.5},{"x":672,"y":263.5},{"x":672,"y":269.5},{"x":672,"y":274.5},{"x":672,"y":280.5},{"x":674,"y":288.5},{"x":673,"y":291.5},{"x":675,"y":295.5},{"x":674,"y":301.5},{"x":674,"y":305.5},{"x":674,"y":309.5},{"x":674,"y":314.5},{"x":674,"y":324.5},{"x":673,"y":330.5},{"x":672,"y":334.5},{"x":670,"y":339.5},{"x":668,"y":345.5},{"x":667,"y":349.5},{"x":666,"y":353.5},{"x":665,"y":357.5},{"x":664,"y":362.5},{"x":663,"y":368.5},{"x":661,"y":371.5},{"x":660,"y":376.5},{"x":657,"y":381.5},{"x":656,"y":384.5},{"x":655,"y":387.5},{"x":653,"y":393.5},{"x":652,"y":399.5},{"x":651,"y":402.5},{"x":648,"y":408.5},{"x":646,"y":411.5},{"x":644,"y":414.5},{"x":641,"y":418.5},{"x":639,"y":423.5},{"x":635,"y":426.5},{"x":633,"y":430.5},{"x":628,"y":436.5},{"x":624,"y":441.5},{"x":618,"y":444.5},{"x":616,"y":447.5},{"x":612,"y":454.5},{"x":610,"y":459.5},{"x":606,"y":461.5},{"x":603,"y":464.5},{"x":601,"y":467.5},{"x":600,"y":471.5},{"x":597,"y":474.5},{"x":593,"y":479.5},{"x":590,"y":483.5},{"x":585,"y":487.5},{"x":582,"y":486.5},{"x":578,"y":490.5},{"x":573,"y":492.5},{"x":568,"y":494.5},{"x":565,"y":497.5},{"x":560,"y":498.5},{"x":555,"y":497.5},{"x":550,"y":500.5},{"x":547,"y":501.5},{"x":543,"y":502.5},{"x":538,"y":504.5},{"x":534,"y":505.5},{"x":528,"y":504.5},{"x":520,"y":504.5},{"x":517,"y":505.5},{"x":512,"y":505.5},{"x":507,"y":505.5},{"x":503,"y":503.5},{"x":499,"y":504.5},{"x":500,"y":502.5}]]]],0,0,[],[],[]],[["0,9729,9729,33071,33071,0,0,1",-1],[0],0,[],[],[]],[[[0,"drawshape0002",{"rows":[["drawshape","1","Description","egg-outline-tutorial.png"]]}]],0,0,[],[],[]],[[{"name":"egg-outline","rect":[278,17,435,578],"offset":[-4.5,0],"originalSize":[1000,612],"capInsets":[0,0,0,0]}],[1],0,[0],[0],[1]]]]