[1,["5ctmg0APBLIr+2wt8NRVQF","0bUirpy9VJUqAZZI/g0Jmf","f6rJgvmm9CU7Cuukdc8O6K","83gnYFM1BJkJcxyUCS4NrN"],["_textureSetter"],["cc.Texture2D","cc.SpriteFrame",["cc.AudioClip",["_name","_native","duration"],0],["cc.JsonAsset",["_name","json"],1]],[[2,0,1,2,4],[3,0,1,3]],[[[[0,"ಕೊಡ",".mp3",0.624],-1],0,0,[],[],[]],[["0,9729,9729,33071,33071,0,0,1",-1],[0],0,[],[],[]],[[[0,"ಕ",".mp3",0.504],-1],0,0,[],[],[]],[[[0,"ೈ",".mp3",0.576],-1],0,0,[],[],[]],[[[0,"ಕೋತಿ",".mp3",0.72],-1],0,0,[],[],[]],[[[0,"ೊ",".mp3",0.48],-1],0,0,[],[],[]],[[{"name":"lion","rect":[0,0,512,378],"offset":[0,0],"originalSize":[512,378],"capInsets":[0,0,0,0]}],[1],0,[0],[0],[0]],[[[0,"ಕೈ",".mp3",0.6],-1],0,0,[],[],[]],[["0,9729,9729,33071,33071,0,0,1",-1],[0],0,[],[],[]],[[{"name":"pot","rect":[0,0,467,500],"offset":[0,0],"originalSize":[467,500],"capInsets":[0,0,0,0]}],[1],0,[0],[0],[1]],[[{"name":"monkey","rect":[0,0,512,341],"offset":[0,0],"originalSize":[512,341],"capInsets":[0,0,0,0]}],[1],0,[0],[0],[2]],[["0,9729,9729,33071,33071,0,0,1",-1],[0],0,[],[],[]],[[[0,"ಕೇ",".mp3",0.576],-1],0,0,[],[],[]],[[[0,"ೇ",".mp3",0.528],-1],0,0,[],[],[]],[[[0,"ಕೊ",".mp3",0.552],-1],0,0,[],[],[]],[[[0,"ಕೋ",".mp3",0.552],-1],0,0,[],[],[]],[[[0,"ೋ",".mp3",0.528],-1],0,0,[],[],[]],[[[1,"kn1502",{"rows":[["phonictractor","1","Description","6","ಕೇ","ಕೇ.mp3","ಕ","ಕ.mp3","ೇ","ೇ.mp3"],["spelldoor","1","Description","ಕೇಸರಿ","***","0","0","lion.png","ಕೇಸರಿ.mp3"],["phonictractor","1","Description","6","ಕೈ","ಕೈ.mp3","ಕ","ಕ.mp3","ೈ","ೈ.mp3"],["spelldoor","1","Description","ಕೈ","*","0","0","hand.png","ಕೈ.mp3"],["phonictractor","1","Description","6","ಕೊ","ಕೊ.mp3","ಕ","ಕ.mp3","ೊ","ೊ.mp3"],["spelldoor","1","Description","ಕೊಡ","***","0","0","pot.png","ಕೊಡ.mp3"],["phonictractor","1","Description","6","ಕೋ","ಕೋ.mp3","ಕ","ಕ.mp3","ೋ","ೋ.mp3"],["spelldoor","1","Description","ಕೋತಿ","**","0","0","monkey.png","ಕೋತಿ.mp3"],["quizliteracy","1","Description","soundonly_word","ಕೊ","ಕೆ","ಕೊ","ಕೈ","","","ಕೊ.mp3"],["quizliteracy","1","Description","soundonly_word","ಕೊಡ","ಕೇಸರಿ","ಕೊಡ","ಕೋತಿ","","","ಕೊಡ.mp3"],["quizliteracy","1","Description","word_word","ಕೇ","ಕೈ","ಕೇ","ಕೋ","","_ಸರಿ","ಕೇಸರಿ.mp3"]]}]],0,0,[],[],[]],[[[0,"ಕೇಸರಿ",".mp3",0.792],-1],0,0,[],[],[]],[[{"name":"hand","rect":[0,0,500,500],"offset":[0,0],"originalSize":[500,500],"capInsets":[0,0,0,0]}],[1],0,[0],[0],[3]],[["0,9729,9729,33071,33071,0,0,1",-1],[0],0,[],[],[]]]]