[1,["e4lmHBC0dO6JQnAtQ1OAo4","caK6p0LSZG8ZprsALNNt4S","09ZBC8uNpLT5F3siGFa+vD","ddSuJNpERCU7l/Cutjo/cr","a0HFUZ0yJExLTSkhZzLX3f","5ftPJwTBtHDrCbNHcYEDLE","37ngNIZRhCOKhZD8yExmG6"],["_textureSetter"],["cc.Texture2D","cc.SpriteFrame",["cc.JsonAsset",["_name","json"],1],["cc.AudioClip",["_name","_native","duration"],0]],[[3,0,1,2,4],[2,0,1,3]],[[["0,9729,9729,33071,33071,0,0,1",-1],[0],0,[],[],[]],[[{"name":"heart","rect":[47,36,111,91],"offset":[6,-5],"originalSize":[193,153],"capInsets":[0,0,0,0]}],[1],0,[0],[0],[0]],[[[1,"en1804",{"rows":[["grid","1","Description","t,s,p","ea,ide,an"],["openwindow","1","Description","LEGIT","heart","heart.png","river.png","heart.mp3","abcdefghijklmnopqrstuvwxyz"],["rocket","1","Description","leaf","l,ea,f","l,ea,f","leaf.mp3","leaf1.png","false","false"],["rocket","1","Description","teacher","a,b,c,d,e,f,g,h,i,j,k,l,m,n,o,p,q,r,s,t,u,v,w,x,y,z","t,e,a,c,h,e,r","teacher.mp3","teacher.png","false","true"],["quizliteracy","1","Description","soundonly_word","teacher","teacher","student","classroom","","","teacher.mp3"],["quizliteracy","1","Description","soundonly_word","sea","egg","sea","dad","","","sea.mp3"],["quizliteracy","1","Description","soundonly_image","leaf.png","baby.png","leaf.png","fire.png","","","leaf.mp3"]]}]],0,0,[],[],[]],[[{"name":"teacher","rect":[0,0,640,448],"offset":[0,0],"originalSize":[640,448],"capInsets":[0,0,0,0]}],[1],0,[0],[0],[1]],[[{"name":"leaf1","rect":[0,0,640,448],"offset":[0,0],"originalSize":[640,448],"capInsets":[0,0,0,0]}],[1],0,[0],[0],[2]],[[{"name":"fire","rect":[36,36,846,594],"offset":[0,0],"originalSize":[918,666],"capInsets":[0,0,0,0]}],[1],0,[0],[0],[3]],[["0,9729,9729,33071,33071,0,0,1",-1],[0],0,[],[],[]],[[[0,"teacher",".mp3",0.984],-1],0,0,[],[],[]],[[[0,"leaf",".mp3",1.008],-1],0,0,[],[],[]],[["0,9729,9729,33071,33071,0,0,1",-1],[0],0,[],[],[]],[[{"name":"baby","rect":[0,0,370,273],"offset":[0,0],"originalSize":[370,273],"capInsets":[0,0,0,0]}],[1],0,[0],[0],[4]],[["0,9729,9729,33071,33071,0,0,1",-1],[0],0,[],[],[]],[[{"name":"river","rect":[12,24,168,116],"offset":[-0.5,-5.5],"originalSize":[193,153],"capInsets":[0,0,0,0]}],[1],0,[0],[0],[5]],[[{"name":"leaf","rect":[0,0,1200,1000],"offset":[0,0],"originalSize":[1200,1000],"capInsets":[0,0,0,0]}],[1],0,[0],[0],[6]],[["0,9729,9729,33071,33071,0,0,1",-1],[0],0,[],[],[]],[[[0,"sea",".mp3",1.008],-1],0,0,[],[],[]],[["0,9729,9729,33071,33071,0,0,1",-1],[0],0,[],[],[]],[["0,9729,9729,33071,33071,0,0,1",-1],[0],0,[],[],[]],[[[0,"heart",".mp3",1.032],-1],0,0,[],[],[]]]]