[1,["0f5uL7Nz9Bur1d4CE5Rwyq","berzQ7yXZCtaCB+UKHGilI","edd7VtRKRC7rc4XYVr6rEV","4djMKdcaRHfa7CNkPE89y1","36XD/PAB1PFYDly8K7ft5U","f9Fgb/keRAl7CQM9IobWQc","41A3dCorFBVoJkrzQ/UPyv","69/FRlL3hNQ4eJflZMfmfT","b1b6m0ZkVIGo3ZWJaVl/qD","3cenD56QBLbLWSTAawzm+G","1504TVwmRKg50Mw1jxGRKe","01jyDWJGBJ/6hLZBy/HKwJ"],["_textureSetter"],["cc.SpriteFrame","cc.Texture2D",["cc.AudioClip",["_name","_native","duration"],0],["cc.JsonAsset",["_name","json"],1]],[[2,0,1,2,4],[3,0,1,3]],[[[{"name":"meditate","rect":[0,0,440,512],"offset":[0,0],"originalSize":[440,512],"capInsets":[0,0,0,0]}],[0],0,[0],[0],[0]],[["0,9729,9729,33071,33071,0,0,1",-1],[1],0,[],[],[]],[["0,9729,9729,33071,33071,0,0,1",-1],[1],0,[],[],[]],[[{"name":"kite","rect":[0,0,512,383],"offset":[0,0],"originalSize":[512,383],"capInsets":[0,0,0,0]}],[0],0,[0],[0],[1]],[["0,9729,9729,33071,33071,0,0,1",-1],[1],0,[],[],[]],[[[0,"ಜಯ",".mp3",0.648],-1],0,0,[],[],[]],[[{"name":"snake","rect":[0,0,512,342],"offset":[0,0],"originalSize":[512,342],"capInsets":[0,0,0,0]}],[0],0,[0],[0],[2]],[[[0,"ಚಮಚ",".mp3",0.792],-1],0,0,[],[],[]],[[{"name":"onionlayer","rect":[0,0,384,512],"offset":[0,0],"originalSize":[384,512],"capInsets":[0,0,0,0]}],[0],0,[0],[0],[3]],[[{"name":"eye","rect":[0,13,457,352],"offset":[-27.5,-6.5],"originalSize":[512,365],"capInsets":[0,0,0,0]}],[0],0,[0],[0],[4]],[[[0,"ಉರಗ",".mp3",1.152],-1],0,0,[],[],[]],[["0,9729,9729,33071,33071,0,0,1",-1],[1],0,[],[],[]],[[[0,"ನಯನ",".mp3",0.696],-1],0,0,[],[],[]],[["0,9729,9729,33071,33071,0,0,1",-1],[1],0,[],[],[]],[[[0,"ಪದರ",".mp3",0.696],-1],0,0,[],[],[]],[["0,9729,9729,33071,33071,0,0,1",-1],[1],0,[],[],[]],[[{"name":"riverbank","rect":[0,0,500,283],"offset":[0,0],"originalSize":[500,283],"capInsets":[0,0,0,0]}],[0],0,[0],[0],[5]],[["0,9729,9729,33071,33071,0,0,1",-1],[1],0,[],[],[]],[[{"name":"yama","rect":[0,0,358,512],"offset":[0,0],"originalSize":[358,512],"capInsets":[0,0,0,0]}],[0],0,[0],[0],[6]],[[[0,"ಯಮ",".mp3",0.6],-1],0,0,[],[],[]],[[{"name":"actor","rect":[0,0,340,512],"offset":[0,0],"originalSize":[340,512],"capInsets":[0,0,0,0]}],[0],0,[0],[0],[7]],[["0,9729,9729,33071,33071,0,0,1",-1],[1],0,[],[],[]],[[[0,"ನಟ",".mp3",0.624],-1],0,0,[],[],[]],[[[1,"kn0605",{"rows":[["writeword","1","Description","ಪಟ","kite.png","ಪಟ.mp3"],["writeword","1","Description","ಪದರ","onionlayer.png","ಪದರ.mp3"],["writeword","1","Description","ಜಪ","meditate.png","ಜಪ.mp3"],["writeword","1","Description","ಯಮ","yama.png","ಯಮ.mp3"],["writeword","1","Description","ಜಯ","victory.png","ಜಯ.mp3"],["writeword","1","Description","ನಟ","actor.png","ನಟ.mp3"],["writeword","1","Description","ದಡ","riverbank.png","ದಡ.mp3"],["writeword","1","Description","ಉಡ","monitorlizard.png","ಉಡ.mp3"],["writeword","1","Description","ಉರಗ","snake.png","ಉರಗ.mp3"],["writeword","1","Description","ನಯನ","eye.png","ನಯನ.mp3"],["writeword","1","Description","ಚಮಚ","spoon.png","ಚಮಚ.mp3"],["writeword","1","Description","ವಚನ","promise.png","ವಚನ.mp3"],["quizliteracy","1","Description","image_word","ಪಟ","ಪಟ","ನಯನ","ಚಮಚ","kite.png"],["quizliteracy","1","Description","image_word","ನಯನ","ಚಮಚ","ಪಟ","ನಯನ","eye.png"],["quizliteracy","1","Description","image_word","ಚಮಚ","ನಯನ","ಚಮಚ","ಪಟ","spoon.png"]]}]],0,0,[],[],[]],[[{"name":"promise","rect":[0,0,512,341],"offset":[0,0],"originalSize":[512,341],"capInsets":[0,0,0,0]}],[0],0,[0],[0],[8]],[[[0,"ಜಪ",".mp3",0.648],-1],0,0,[],[],[]],[[[0,"ವಚನ",".mp3",0.72],-1],0,0,[],[],[]],[[{"name":"spoon","rect":[0,0,341,512],"offset":[0,0],"originalSize":[341,512],"capInsets":[0,0,0,0]}],[0],0,[0],[0],[9]],[[[0,"ಉಡ",".mp3",0.984],-1],0,0,[],[],[]],[["0,9729,9729,33071,33071,0,0,1",-1],[1],0,[],[],[]],[["0,9729,9729,33071,33071,0,0,1",-1],[1],0,[],[],[]],[[{"name":"victory","rect":[0,0,512,294],"offset":[0,0],"originalSize":[512,294],"capInsets":[0,0,0,0]}],[0],0,[0],[0],[10]],[[[0,"ದಡ",".mp3",0.624],-1],0,0,[],[],[]],[[{"name":"monitorlizard","rect":[0,0,512,362],"offset":[0,0],"originalSize":[512,362],"capInsets":[0,0,0,0]}],[0],0,[0],[0],[11]],[[[0,"ಪಟ",".mp3",0.6],-1],0,0,[],[],[]],[["0,9729,9729,33071,33071,0,0,1",-1],[1],0,[],[],[]],[["0,9729,9729,33071,33071,0,0,1",-1],[1],0,[],[],[]]]]