[1,["64XrVqjnhAbLBUywGwOQ/z","2cYeyWtAJDPalPHc8jNNlU","404hAlu4lGsLbDrh2s4zXj","f7qrEWtx1CPobTP03A7ynr"],["_textureSetter"],["cc.SpriteFrame","cc.Texture2D",["cc.AudioClip",["_name","_native","duration"],0],["cc.JsonAsset",["_name","json"],1]],[[2,0,1,2,4],[3,0,1,3]],[[[{"name":"girl","rect":[0,0,500,333],"offset":[0,0],"originalSize":[500,333],"capInsets":[0,0,0,0]}],[0],0,[0],[0],[0]],[["0,9729,9729,33071,33071,0,0,1",-1],[1],0,[],[],[]],[[{"name":"feeding dog","rect":[0,0,500,333],"offset":[0,0],"originalSize":[500,333],"capInsets":[0,0,0,0]}],[0],0,[0],[0],[1]],[["0,9729,9729,33071,33071,0,0,1",-1],[1],0,[],[],[]],[[{"name":"dog","rect":[0,0,800,590],"offset":[0,0],"originalSize":[800,590],"capInsets":[0,0,0,0]}],[0],0,[0],[0],[2]],[["0,9729,9729,33071,33071,0,0,1",-1],[1],0,[],[],[]],[[[0,"ದೋಸೆ ನೋಡಿದಾಗ ನಾಯಿಯ ಬಾಯಿಯಿಂದ ನೀರು ಸುರಿಯಿತು",".mp3",3.288],-1],0,0,[],[],[]],[[{"name":"boy with dog","rect":[0,0,500,323],"offset":[0,0],"originalSize":[500,323],"capInsets":[0,0,0,0]}],[0],0,[0],[0],[3]],[[[1,"kn2608",{"rows":[["createsentence","1","Description","ಸೋಮನ/ಮಮತೆಯ/ನಾಯಿಯ/ಹೆಸರು/ಟಾಮಿ","","boy with dog.png","ಸೋಮನ ಮಮತೆಯ ನಾಯಿಯ ಹೆಸರು ಟಾಮಿ.mp3"],["createsentence","1","Description","ದೋಸೆ/ನೋಡಿದಾಗ/ನಾಯಿಯ/ಬಾಯಿಯಿಂದ/ನೀರು/ಸುರಿಯಿತು","","dog.png","ದೋಸೆ ನೋಡಿದಾಗ ನಾಯಿಯ ಬಾಯಿಯಿಂದ ನೀರು ಸುರಿಯಿತು.mp3"],["createsentence","1","Description","ನಾಯಿ/ಕಂಡ/ಸೋಮ/ದೋಸೆ/ತಂದನು","","feeding dog.png","ನಾಯಿ ಕಂಡ ಸೋಮ ದೋಸೆ ತಂದನು.mp3"],["createsentence","1","Description","ಸೋಮನ/ತಂಗಿಯ/ಹೆಸರು/ವನಜ","","girl.png","ಸೋಮನ ತಂಗಿಯ ಹೆಸರು ವನಜ.mp3"]]}]],0,0,[],[],[]],[[[0,"ಸೋಮನ ತಂಗಿಯ ಹೆಸರು ವನಜ",".mp3",1.968],-1],0,0,[],[],[]],[[[0,"ಸೋಮನ ಮಮತೆಯ ನಾಯಿಯ ಹೆಸರು ಟಾಮಿ",".mp3",2.52],-1],0,0,[],[],[]],[[[0,"ನಾಯಿ ಕಂಡ ಸೋಮ ದೋಸೆ ತಂದನು",".mp3",2.28],-1],0,0,[],[],[]],[["0,9729,9729,33071,33071,0,0,1",-1],[1],0,[],[],[]]]]