[1,["63fZB71zZKsYUBWgx7NlWq","ffXsHoTlVFqaPuxVdeoRBf","1ae9mNVUtJFqXhbOnhY0KX","eaY7yKhr9OyagTGmCSEw46"],["_textureSetter"],["cc.Texture2D","cc.SpriteFrame",["cc.AudioClip",["_name","_native","duration"],0],["cc.JsonAsset",["_name","json"],1]],[[2,0,1,2,4],[3,0,1,3]],[[[[0,"मुर्गी_घोंसले_में_है",".mp3",1.802449],-1],0,0,[],[],[]],[["1,9729,9729,33071,33071,0,0,1",-1],[0],0,[],[],[]],[[[1,"hi1413",{"rows":[["tag","1","Description","image_5_1.jpg","जंगली बिल्लियाँ","725.-1520","जंगली_बिल्लियाँ.mp3","तेंदुआ","298.-944","तेंदुआ.mp3","शेर","1250.-1115","शेर.mp3","बाघ","989.-441","बाघ.mp3"],["tag","1","Description","image_5_2.jpg","पक्षियाँ","719.-914","पक्षियां.mp3","मुर्गा","1250.-368","मुर्गा.mp3","कौआ","299.-1479","कौआ.mp3","उल्लू","1250.-1479","उल्लू.mp3","बत्तख","299.-368","बत्तख.mp3"],["tag","1","Description","image_5_3.jpg","कीड़े","694.-442","कीडे.mp3","मधुमक्खी","1274.-832","मधुमक्खी.mp3","मक्खी","394.-1478","मक्खी.mp3","सोनपंखी","617.-802","सोनपंखी.mp3","तितली","1249.-1359","तितली.mp3"],["tag","1","Description","image_5_4.jpg","जंगल ","1075.-413","जंगल.mp3","गिलहरी","299.-1074","गिलहरी.mp3","साँप","322.-472","साँप.mp3","मेंढक","1243.-704","मेढक.mp3","टूकेन","1295.-1178","टूकेन.mp3"],["fillblank","1","Description","[शेर] पेड़ के बगल में बैठे हैं।","शेर_पेड_के_बगल_में_बैठे_हैं.mp3","बकरी","कुत्ता","बिल्ली","15"],["fillblank","1","Description","[चिड़िया] घोंसले में है।","चिड़िया_घोंसले_में_है.mp3","मुर्गी","शेर","ज़ेबरा","15"],["fillblank","1","Description","[बकरियाँ] पेड़ के सामने हैं।","बकरियाँ_पेड_के_सामने_हैं.mp3","भेड़","शेर","मेंढक","15"],["jumpsentence","1","Description","यह एक [बत्तख] है।","यह_एक_बतख_है.mp3","n","unlocked"],["quizliteracy","1","Description","sentence_sentence","शेर","शेर","वह","यह","","संज्ञा शब्द चुनें","संज्ञा_शब्द_चुनें.mp3"],["quizliteracy","1","Description","sentence_sentence","कौआ","बिल्ली","शेर","कौआ","","संज्ञा शब्द चुनें","संज्ञा_शब्द_चुनें.mp3"],["quizliteracy","1","Description","sentence_sentence","बिल्ली","कौआ","बिल्ली","शेर","","संज्ञा शब्द चुनें","संज्ञा_शब्द_चुनें.mp3"],["quizliteracy","1","Description","sentence_sentence","बत्तक","बत्तक","गाय","बिल्ली ","","संज्ञा शब्द चुनें","संज्ञा_शब्द_चुनें.mp3"]]}]],0,0,[],[],[]],[[[0,"शेर_पेड_के_बगल_में_बैठे_हैं",".mp3",2.66449],-1],0,0,[],[],[]],[[{"name":"image_5_1","rect":[0,0,845,695],"offset":[0,0],"originalSize":[845,695],"capInsets":[0,0,0,0]}],[1],0,[0],[0],[0]],[[[0,"जंगली_बिल्लियाँ",".mp3",1.17551],-1],0,0,[],[],[]],[[[0,"पक्षियां",".mp3",0.835918],-1],0,0,[],[],[]],[[{"name":"image_5_3","rect":[0,0,845,695],"offset":[0,0],"originalSize":[845,695],"capInsets":[0,0,0,0]}],[1],0,[0],[0],[1]],[[[0,"चिड़िया_घोंसले_में_है",".mp3",1.992],-1],0,0,[],[],[]],[[[0,"मुर्गा",".mp3",0.757551],-1],0,0,[],[],[]],[[[0,"साँप",".mp3",0.626939],-1],0,0,[],[],[]],[[[0,"उल्लू",".mp3",0.705306],-1],0,0,[],[],[]],[[[0,"कीडे",".mp3",0.705306],-1],0,0,[],[],[]],[["1,9729,9729,33071,33071,0,0,1",-1],[0],0,[],[],[]],[[{"name":"image_5_4","rect":[0,0,845,695],"offset":[0,0],"originalSize":[845,695],"capInsets":[0,0,0,0]}],[1],0,[0],[0],[2]],[[[0,"यह_एक_बतख_है",".mp3",1.567347],-1],0,0,[],[],[]],[[[0,"बकरियाँ_पेड_के_सामने_हैं",".mp3",2.507755],-1],0,0,[],[],[]],[[[0,"शेर",".mp3",0.626939],-1],0,0,[],[],[]],[[[0,"गिलहरी",".mp3",0.835918],-1],0,0,[],[],[]],[[[0,"मधुमक्खी",".mp3",1.17551],-1],0,0,[],[],[]],[[[0,"कौआ",".mp3",0.548571],-1],0,0,[],[],[]],[[[0,"तेंदुआ",".mp3",0.731429],-1],0,0,[],[],[]],[[[0,"तितली",".mp3",0.679184],-1],0,0,[],[],[]],[[[0,"सोनपंखी",".mp3",1.32],-1],0,0,[],[],[]],[[[0,"संज्ञा_शब्द_चुनें",".mp3",2.592],-1],0,0,[],[],[]],[[{"name":"image_5_2","rect":[0,0,845,695],"offset":[0,0],"originalSize":[845,695],"capInsets":[0,0,0,0]}],[1],0,[0],[0],[3]],[[[0,"कीडा",".mp3",0.679184],-1],0,0,[],[],[]],[[[0,"मेढक",".mp3",0.809796],-1],0,0,[],[],[]],[[[0,"टूकेन",".mp3",0.705306],-1],0,0,[],[],[]],[[[0,"जंगल",".mp3",0.862041],-1],0,0,[],[],[]],[[[0,"मक्खी",".mp3",1.032],-1],0,0,[],[],[]],[[[0,"बाघ",".mp3",0.600816],-1],0,0,[],[],[]],[["1,9729,9729,33071,33071,0,0,1",-1],[0],0,[],[],[]],[[[0,"उडना",".mp3",0.862041],-1],0,0,[],[],[]],[[[0,"बत्तख",".mp3",0.731429],-1],0,0,[],[],[]],[["1,9729,9729,33071,33071,0,0,1",-1],[0],0,[],[],[]]]]