[1,["f0Nl+n0L1ODbFBYwNr5FWV","e5qCq+4fpNjI2JCHCHKDQj","05In00BChGsap3gP2ADBQS","65rbnQnNxH7bX5vMIO60kF","d8AIljoeNCwa1LCC6tZQ/l","396LMMGVtHgIP/oJO5dkv7","ecr1T6hwBJpaBPo4QVVtlO","64NGyev+VFQ5Khd19gk5Yc"],["_textureSetter"],["cc.SpriteFrame","cc.Texture2D",["cc.JsonAsset",["_name","json"],1],["cc.AudioClip",["_name","_native","duration"],0]],[[3,0,1,2,4],[2,0,1,3]],[[[{"name":"ap_puzzle8_hyena3_puzzle","rect":[5,7,178,237],"offset":[0.5,4],"originalSize":[187,259],"capInsets":[0,0,0,0]}],[0],0,[0],[0],[0]],[["0,9729,9729,33071,33071,0,0,1",-1],[1],0,[],[],[]],[["0,9729,9729,33071,33071,0,0,1",-1],[1],0,[],[],[]],[[{"name":"ap2_puzzle9_pig1_puzzle","rect":[2,1,250,272],"offset":[0.5,4],"originalSize":[253,282],"capInsets":[0,0,0,0]}],[0],0,[0],[0],[1]],[["0,9729,9729,33071,33071,0,0,1",-1],[1],0,[],[],[]],[["1,9729,9729,33071,33071,0,0,1",-1],[1],0,[],[],[]],[[{"name":"ap_puzzle8_hyena4_puzzle","rect":[3,3,202,214],"offset":[-1,5],"originalSize":[210,230],"capInsets":[0,0,0,0]}],[0],0,[0],[0],[2]],[[[1,"pictureboard0017",{"rows":[["pictureboard","1","Description","Hyena","ap_puzzle8_background.jpg","4","","hyena.mp3","ap_puzzle8_hyena1_puzzle.png","394","668","","ap_puzzle8_hyena2_puzzle.png","930","572","","ap_puzzle8_hyena3_puzzle.png","394","58","","ap_puzzle8_hyena4_puzzle.png","791","30"]]}]],0,0,[],[],[]],[[{"name":"ap2_puzzle9_background","rect":[0,0,802,432],"offset":[0,0],"originalSize":[802,432],"capInsets":[0,0,0,0]}],[0],0,[0],[0],[3]],[[{"name":"ap_puzzle8_background","rect":[0,0,802,432],"offset":[0,0],"originalSize":[802,432],"capInsets":[0,0,0,0]}],[0],0,[0],[0],[4]],[[{"name":"ap_puzzle8_hyena1_puzzle","rect":[11,3,220,103],"offset":[2.5,5],"originalSize":[237,119],"capInsets":[0,0,0,0]}],[0],0,[0],[0],[5]],[[{"name":"ap_puzzle8_hyena2_puzzle","rect":[3,8,245,207],"offset":[-1.5,1.5],"originalSize":[254,226],"capInsets":[0,0,0,0]}],[0],0,[0],[0],[6]],[[[0,"hyena",".mp3",1.071],-1],0,0,[],[],[]],[[{"name":"ap2_puzzle9_pig2_puzzle","rect":[2,1,281,307],"offset":[0,4.5],"originalSize":[285,318],"capInsets":[0,0,0,0]}],[0],0,[0],[0],[7]],[[[0,"pig",".mp3",0.67925],-1],0,0,[],[],[]],[["1,9729,9729,33071,33071,0,0,1",-1],[1],0,[],[],[]],[["0,9729,9729,33071,33071,0,0,1",-1],[1],0,[],[],[]],[["0,9729,9729,33071,33071,0,0,1",-1],[1],0,[],[],[]],[["0,9729,9729,33071,33071,0,0,1",-1],[1],0,[],[],[]]]]