[1,["54kQy5d5VBXJB5uqOxLXR8","9aPy2DzitPy47yUJN9O8eb","68UpJ6NyRFP4tUvZlkBGoK","90vd2g/8VGgJqrLf+YR1hk","2f+atMvrdJ0JAws5PxLF6Y"],["_textureSetter"],["cc.Texture2D","cc.SpriteFrame",["cc.JsonAsset",["_name","json"],1],["cc.AudioClip",["_name","_native","duration"],0]],[[3,0,1,2,4],[2,0,1,3]],[[[[1,"kn3906",{"rows":[["spelldoor","1","Description","ರಾಜ ","*ಜ ","0","0","king.png","ರಾಜ.mp3"],["spelldoor","1","Description","ವಾನರ ","*ನರ ","0","0","monkey.png","ವಾನರ.mp3"],["spelldoor","1","Description","ಬಾಲಕ ","*ಲಕ ","0","0","boy.png","ಬಾಲಕ.mp3"],["spelldoor","1","Description","ವಾಹನ ","*ಹನ ","0","0","lorry.png","ವಾಹನ.mp3"],["spelldoor","1","Description","ಹಾರ ","*ರ ","0","0","garland.png","ಹಾರ.mp3"]]}]],0,0,[],[],[]],[[[0,"ಹಾರ",".mp3",0.648],-1],0,0,[],[],[]],[["0,9729,9729,33071,33071,0,0,1",-1],[0],0,[],[],[]],[["0,9729,9729,33071,33071,0,0,1",-1],[0],0,[],[],[]],[["0,9729,9729,33071,33071,0,0,1",-1],[0],0,[],[],[]],[[[0,"ವಾನರ",".mp3",0.744],-1],0,0,[],[],[]],[["0,9729,9729,33071,33071,0,0,1",-1],[0],0,[],[],[]],[[{"name":"boy","rect":[0,0,800,532],"offset":[0,0],"originalSize":[800,532],"capInsets":[0,0,0,0]}],[1],0,[0],[0],[0]],[[[0,"ವಾಹನ",".mp3",0.744],-1],0,0,[],[],[]],[["0,9729,9729,33071,33071,0,0,1",-1],[0],0,[],[],[]],[[{"name":"garland","rect":[0,0,800,600],"offset":[0,0],"originalSize":[800,600],"capInsets":[0,0,0,0]}],[1],0,[0],[0],[1]],[[{"name":"monkey","rect":[0,0,800,533],"offset":[0,0],"originalSize":[800,533],"capInsets":[0,0,0,0]}],[1],0,[0],[0],[2]],[[[0,"ರಾಜ",".mp3",0.72],-1],0,0,[],[],[]],[[{"name":"king","rect":[0,0,600,800],"offset":[0,0],"originalSize":[600,800],"capInsets":[0,0,0,0]}],[1],0,[0],[0],[3]],[[{"name":"lorry","rect":[0,0,533,800],"offset":[0,0],"originalSize":[533,800],"capInsets":[0,0,0,0]}],[1],0,[0],[0],[4]],[[[0,"ಬಾಲಕ",".mp3",0.84],-1],0,0,[],[],[]]]]