[1,["f4n/TAT5tLhqF399WZcpuL","35C7MNrYhJa4ygNJVELMvd","edlp7iXq5Fr7Jy0Qx/atEC"],["_textureSetter"],["cc.SpriteFrame","cc.Texture2D",["cc.AudioClip",["_name","_native","duration"],0],["cc.JsonAsset",["_name","json"],1]],[[2,0,1,2,4],[3,0,1,3]],[[[{"name":"क्षत","rect":[0,0,225,225],"offset":[0,0],"originalSize":[225,225],"capInsets":[0,0,0,0]}],[0],0,[0],[0],[0]],[[[0,"क्ष",".mp3",0.574694],-1],0,0,[],[],[]],[["0,9729,9729,33071,33071,0,0,1",-1],[1],0,[],[],[]],[[{"name":"क्षति","rect":[0,0,400,333],"offset":[0,0],"originalSize":[400,333],"capInsets":[0,0,0,0]}],[0],0,[0],[0],[1]],[[[0,"क्षति",".mp3",0.679184],-1],0,0,[],[],[]],[[[1,"hi0133",{"rows":[["balloonpop","1","Description","2","क्ष","5","क्ष","क्ष.mp3"],["phonictractor","1","Description","5","क्ष","क्ष.mp3","क्ष","क्ष.mp3"],["writeletter","1","Description","क्ष","क्षति"],["writecard","1","Description","क्ष","क्षति","क्षति.png","क्षति.mp3","क्षत्रिय","क्षत्रिय.png","क्षत्रिय.mp3","क्षत","क्षत.png","क्षत.mp3"],["quizliteracy","1","Description","soundonly_word","क्ष","प","क्ष","ह","","","क्ष.mp3"],["quizliteracy","1","Description","word_word","क्ष","ह","स","क्ष","","क्ष"],["quizliteracy","1","Description","soundonly_word","क्ष","क्ष","ह","प","","","क्ष.mp3"]]}]],0,0,[],[],[]],[[{"name":"क्षत्रिय","rect":[64,15,308,293],"offset":[18,5],"originalSize":[400,333],"capInsets":[0,0,0,0]}],[0],0,[0],[0],[2]],[[[0,"क्षत",".mp3",0.653061],-1],0,0,[],[],[]],[[[0,"क्षत्रिय",".mp3",0.862041],-1],0,0,[],[],[]],[["0,9729,9729,33071,33071,0,0,1",-1],[1],0,[],[],[]],[["0,9729,9729,33071,33071,0,0,1",-1],[1],0,[],[],[]]]]