[1,["5exbGEYZtCNIZe3e6k8/B7","3aWz/iZehMCraijPOx39/k","bdSi6AP69D5KMm+vVAa6V5","6bDSdvqVBP0qUe2XJF6WTw","cda99NDUJPYqhzSjQlR0/D","8anvJp/MNHTaNSesWMh5A9","8as+PpsoxEhqRe6W3XrBpP","77RVJrDSJFsIrXcii4XyRN","13OzkQHRtI4bZ7HeUaI1w0","6dSSHggdZJ7pqCGEqyK0nM","ee8T14lR1L+6BxbDIWfHqJ","c7Fk1A5/NFsoTZZinWGavg","69mB8mytlLgIrXSBzIVyhn","33GMUR3/VOV7MSB5d3nsGh","4cpnZDaJRHYK2hNlhmljq6","71SZb4fVZPELbIgGVj+hPu","1cNxwMTHdNYI+MsSBAWQ/d","44X19kMcdAtL7GOulM5bOC"],["_textureSetter"],["cc.Texture2D","cc.SpriteFrame",["cc.AudioClip",["_name","_native","duration"],0],["cc.JsonAsset",["_name","json"],1]],[[2,0,1,2,4],[3,0,1,3]],[[["0,9729,9729,33071,33071,0,0,1",-1],[0],0,[],[],[]],[[[0,"pens",".mp3",0.626939],-1],0,0,[],[],[]],[["0,9729,9729,33071,33071,0,0,1",-1],[0],0,[],[],[]],[[{"name":"pen","rect":[0,0,512,428],"offset":[0,0],"originalSize":[512,428],"capInsets":[0,0,0,0]}],[1],0,[0],[0],[0]],[[{"name":"calf","rect":[0,0,512,497],"offset":[0,0],"originalSize":[512,497],"capInsets":[0,0,0,0]}],[1],0,[0],[0],[1]],[[[0,"foxes",".mp3",1.933061],-1],0,0,[],[],[]],[[{"name":"knives","rect":[0,0,512,475],"offset":[0,0],"originalSize":[512,475],"capInsets":[0,0,0,0]}],[1],0,[0],[0],[2]],[["0,9729,9729,33071,33071,0,0,1",-1],[0],0,[],[],[]],[["0,9729,9729,33071,33071,0,0,1",-1],[0],0,[],[],[]],[[{"name":"flies","rect":[0,0,512,471],"offset":[0,0],"originalSize":[512,471],"capInsets":[0,0,0,0]}],[1],0,[0],[0],[3]],[["0,9729,9729,33071,33071,0,0,1",-1],[0],0,[],[],[]],[[{"name":"mice","rect":[0,0,512,475],"offset":[0,0],"originalSize":[512,475],"capInsets":[0,0,0,0]}],[1],0,[0],[0],[4]],[["0,9729,9729,33071,33071,0,0,1",-1],[0],0,[],[],[]],[[[0,"ring",".mp3",0.992653],-1],0,0,[],[],[]],[["0,9729,9729,33071,33071,0,0,1",-1],[0],0,[],[],[]],[[{"name":"mouse","rect":[0,0,444,512],"offset":[0,0],"originalSize":[444,512],"capInsets":[0,0,0,0]}],[1],0,[0],[0],[5]],[["0,9729,9729,33071,33071,0,0,1",-1],[0],0,[],[],[]],[["0,9729,9729,33071,33071,0,0,1",-1],[0],0,[],[],[]],[[{"name":"fly","rect":[0,0,497,512],"offset":[0,0],"originalSize":[497,512],"capInsets":[0,0,0,0]}],[1],0,[0],[0],[6]],[["0,9729,9729,33071,33071,0,0,1",-1],[0],0,[],[],[]],[[{"name":"calves","rect":[0,0,512,338],"offset":[0,0],"originalSize":[512,338],"capInsets":[0,0,0,0]}],[1],0,[0],[0],[7]],[["0,9729,9729,33071,33071,0,0,1",-1],[0],0,[],[],[]],[["0,9729,9729,33071,33071,0,0,1",-1],[0],0,[],[],[]],[[[0,"calves",".mp3",1.593469],-1],0,0,[],[],[]],[[[0,"houses",".mp3",0.809796],-1],0,0,[],[],[]],[[{"name":"house","rect":[0,0,512,365],"offset":[0,0],"originalSize":[512,365],"capInsets":[0,0,0,0]}],[1],0,[0],[0],[8]],[[[1,"sl_en3201",{"rows":[["openwindow1","1","Description","LEGIT","calves","calves.png","calf.png","calves.mp3","abcdefghijklmnopqrstuvwxyz"],["openwindow1","1","Description","LEGIT","flies","flies.png","fly.png","flies.mp3","abcdefghijklmnopqrstuvwxyz"],["openwindow1","1","Description","LEGIT","ring","ring.png","rings.png","ring.mp3","abcdefghijklmnopqrstuvwxyz"],["openwindow1","1","Description","LEGIT","houses","houses.png","house.png","houses.mp3","abcdefghijklmnopqrstuvwxyz"],["openwindow1","1","Description","LEGIT","bed","bed.png","beds.png","bed.mp3","abcdefghijklmnopqrstuvwxyz"],["openwindow1","1","Description","LEGIT","pens","pens.png","pen.png","pens.mp3","abcdefghijklmnopqrstuvwxyz"],["openwindow1","1","Description","LEGIT","mice","mice.png","mouse.png","mice.mp3","abcdefghijklmnopqrstuvwxyz"],["openwindow1","1","Description","LEGIT","knives","knives.png","knife.png","knives.mp3","abcdefghijklmnopqrstuvwxyz"],["openwindow1","1","Description","LEGIT","foxes","foxes.png","fox.png","foxes.mp3","abcdefghijklmnopqrstuvwxyz"],["quizliteracy","1","Description","word_word","ves","s","es","ves","","cal___","calves.mp3"],["quizliteracy","1","Description","word_word","ies","ies","es","s","","fl___","flies.mp3"],["quizliteracy","1","Description","word_word","s","es","s","ies","","house_","houses.mp3"]]}]],0,0,[],[],[]],[["0,9729,9729,33071,33071,0,0,1",-1],[0],0,[],[],[]],[["0,9729,9729,33071,33071,0,0,1",-1],[0],0,[],[],[]],[[[0,"mice",".mp3",0.809796],-1],0,0,[],[],[]],[[{"name":"fox","rect":[0,0,512,512],"offset":[0,0],"originalSize":[512,512],"capInsets":[0,0,0,0]}],[1],0,[0],[0],[9]],[[{"name":"houses","rect":[0,0,512,388],"offset":[0,0],"originalSize":[512,388],"capInsets":[0,0,0,0]}],[1],0,[0],[0],[10]],[[[0,"flies",".mp3",1.671837],-1],0,0,[],[],[]],[[[0,"bed",".mp3",0.600816],-1],0,0,[],[],[]],[[{"name":"ring","rect":[0,0,512,471],"offset":[0,0],"originalSize":[512,471],"capInsets":[0,0,0,0]}],[1],0,[0],[0],[11]],[[{"name":"bed","rect":[0,0,512,384],"offset":[0,0],"originalSize":[512,384],"capInsets":[0,0,0,0]}],[1],0,[0],[0],[12]],[["0,9729,9729,33071,33071,0,0,1",-1],[0],0,[],[],[]],[["0,9729,9729,33071,33071,0,0,1",-1],[0],0,[],[],[]],[["0,9729,9729,33071,33071,0,0,1",-1],[0],0,[],[],[]],[[{"name":"rings","rect":[0,0,512,509],"offset":[0,0],"originalSize":[512,509],"capInsets":[0,0,0,0]}],[1],0,[0],[0],[13]],[[{"name":"pens","rect":[0,0,512,384],"offset":[0,0],"originalSize":[512,384],"capInsets":[0,0,0,0]}],[1],0,[0],[0],[14]],[[[0,"knives",".mp3",1.462857],-1],0,0,[],[],[]],[[{"name":"beds","rect":[0,0,512,298],"offset":[0,0],"originalSize":[512,298],"capInsets":[0,0,0,0]}],[1],0,[0],[0],[15]],[["0,9729,9729,33071,33071,0,0,1",-1],[0],0,[],[],[]],[[{"name":"foxes","rect":[0,0,512,431],"offset":[0,0],"originalSize":[512,431],"capInsets":[0,0,0,0]}],[1],0,[0],[0],[16]],[[{"name":"knife","rect":[0,0,447,512],"offset":[0,0],"originalSize":[447,512],"capInsets":[0,0,0,0]}],[1],0,[0],[0],[17]]]]