[1,["19kjnpeo5AM5S+8NHYYs3j","853eA2DINN7L35xhcTaiAp","f90PY47aNBoJuiIpEgokj1"],["_textureSetter"],["cc.Texture2D","cc.SpriteFrame",["cc.AudioClip",["_name","_native","duration"],0],["cc.JsonAsset",["_name","json"],1]],[[2,0,1,2,4],[3,0,1,3]],[[["0,9729,9729,33071,33071,0,0,1",-1],[0],0,[],[],[]],[[[0,"ख",".mp3",0.5225],-1],0,0,[],[],[]],[[[0,"खजूर",".mp3",0.757551],-1],0,0,[],[],[]],[[[0,"खरबूज",".mp3",0.940408],-1],0,0,[],[],[]],[[{"name":"खरगोश","rect":[0,0,400,333],"offset":[0,0],"originalSize":[400,333],"capInsets":[0,0,0,0]}],[1],0,[0],[0],[0]],[[{"name":"खजूर","rect":[0,0,400,333],"offset":[0,0],"originalSize":[400,333],"capInsets":[0,0,0,0]}],[1],0,[0],[0],[1]],[["0,9729,9729,33071,33071,0,0,1",-1],[0],0,[],[],[]],[[[1,"hi0101",{"rows":[["balloonpop","1","Description","2","ख","5","ख","ख.mp3"],["phonictractor","1","Description","5","ख","ख.mp3","ख","ख.mp3"],["writeletter","1","Description","ख","खरबूज"],["writecard","1","Description","ख","खरगोश","खरगोश.png","खरगोश.mp3","खजूर","खजूर.png","खजूर.mp3","खरबूज","खरबूज.png","खरबूज.mp3"],["quizliteracy","1","Description","soundonly_word","ख","ऐ","ख","क","","","ख.mp3"],["quizliteracy","1","Description","word_word","ख","ख","क","ऐ","","ख"],["quizliteracy","1","Description","soundonly_word","ख","क","इ","ख","","","ख.mp3"]]}]],0,0,[],[],[]],[[[0,"खरगोश",".mp3",0.940408],-1],0,0,[],[],[]],[[{"name":"खरबूज","rect":[0,0,400,333],"offset":[0,0],"originalSize":[400,333],"capInsets":[0,0,0,0]}],[1],0,[0],[0],[2]],[["0,9729,9729,33071,33071,0,0,1",-1],[0],0,[],[],[]]]]