[1,["a0jIBVvXxOx4xau90fYCEK","8exixxO71JZq/H9eKM+Rtg","7bseo6ga1P9qy993swe+5+"],["_textureSetter"],["cc.SpriteFrame","cc.Texture2D",["cc.AudioClip",["_name","_native","duration"],0],["cc.JsonAsset",["_name","json"],1]],[[2,0,1,2,4],[3,0,1,3]],[[[[0,"कपाट",".mp3",0.783673],-1],0,0,[],[],[]],[[[0,"कमळ",".mp3",0.992653],-1],0,0,[],[],[]],[[[0,"क",".mp3",0.783673],-1],0,0,[],[],[]],[[{"name":"lotus","rect":[0,0,640,427],"offset":[0,0],"originalSize":[640,427],"capInsets":[0,0,0,0]}],[0],0,[0],[0],[0]],[[[1,"mr0100",{"rows":[["balloonpop","1","Description","2","क","3","क,ऊ,इ","क.mp3"],["phonictractor","1","Description","5","क","क.mp3","क","क.mp3"],["writeletter","1","Description","क","कमळ"],["writecard","1","Description","क","कमळ","lotus.png","कमळ.mp3","कढई","cauldron.png","कढई.mp3","कपाट","cupboard.png","कपाट.mp3"],["quizliteracy","1","Description","soundonly_word","क","क","इ","अः","","","क.mp3"],["quizliteracy","1","Description","word_word","क","इ","ऐ","क","","क"],["quizliteracy","1","Description","soundonly_word","क","क","इ","अः","","","क.mp3"]]}]],0,0,[],[],[]],[["0,9729,9729,33071,33071,0,0,1",-1],[1],0,[],[],[]],[["0,9729,9729,33071,33071,0,0,1",-1],[1],0,[],[],[]],[["0,9729,9729,33071,33071,0,0,1",-1],[1],0,[],[],[]],[[{"name":"cupboard","rect":[14,26,590,444],"offset":[-11,-3.5],"originalSize":[640,489],"capInsets":[0,0,0,0]}],[0],0,[0],[0],[1]],[[{"name":"cauldron","rect":[127,190,384,327],"offset":[-1,-33.5],"originalSize":[640,640],"capInsets":[0,0,0,0]}],[0],0,[0],[0],[2]],[[[0,"कढई",".mp3",1.018776],-1],0,0,[],[],[]]]]