[1,["04gL9qhEFPH4hH5mO837V5","04eoKTF6JOQIrpWsnxJeXB","08NE0Vaf5OkIs9K/kvkQOj","7dFt2CcDRAHLb860y3CKWv","9fKitZdsBPY7RPFZI2f+tA"],["_textureSetter"],["cc.SpriteFrame","cc.Texture2D",["cc.AudioClip",["_name","_native","duration"],0],["cc.JsonAsset",["_name","json"],1]],[[2,0,1,2,4],[3,0,1,3]],[[[{"name":"ट्रक","rect":[0,0,193,153],"offset":[0,0],"originalSize":[193,153],"capInsets":[0,0,0,0]}],[0],0,[0],[0],[0]],[["0,9729,9729,33071,33071,0,0,1",-1],[1],0,[],[],[]],[["0,9729,9729,33071,33071,0,0,1",-1],[1],0,[],[],[]],[["0,9729,9729,33071,33071,0,0,1",-1],[1],0,[],[],[]],[[[0,"वन",".mp3",0.705306],-1],0,0,[],[],[]],[[{"name":"ख़त","rect":[0,0,271,271],"offset":[0,0],"originalSize":[271,271],"capInsets":[0,0,0,0]}],[0],0,[0],[0],[1]],[[[0,"ध",".mp3",0.47025],-1],0,0,[],[],[]],[[{"name":"रथ","rect":[0,0,193,153],"offset":[0,0],"originalSize":[193,153],"capInsets":[0,0,0,0]}],[0],0,[0],[0],[2]],[[[1,"hi0304",{"rows":[["grid","1","Description","ख","ग,त"],["grid","1","Description","प","ग,ल"],["openwindow","1","Description","LEGIT","र,थ","रथ.png","ट्रक.png","रथ.mp3","ज,ग,न,ल,फ,छा,ता,र,व,न,घ,ट्र,क,घो,ड़ा,हा,थी,आ,म,स"],["openwindow","1","Description","LEGIT","व,न","वन.png","सूरज.png","वन.mp3","ज,ग,न,ल,फ,छा,ता,र,थ,न,घ,ट्र,क,घो,ड़ा,हा,थी,आ,म,स"],["phonictractor","1","Description","5","शक","शक.mp3","श","श.mp3","क","क.mp3"],["phonictractor","1","Description","5","धक","धक.mp3","ध","ध.mp3","क","क.mp3"],["rocket","1","Description","ख़त","ख़,त","ख़,त","ख़त.mp3","ख़त.png","false ","false "],["rocket","1","Description","रथ","र,थ","र,थ","रथ.mp3","रथ.png","false ","false "],["quizliteracy","1","Description","soundonly_word","रथ","रथ","ख़त","धक","","","रथ.mp3"],["quizliteracy","1","Description","image_word","ख़त","धक","रथ","ख़त","ख़त.png"],["quizliteracy","1","Description","soundonly_word","धक","ख़त","धक","रथ","","","धक.mp3"]]}]],0,0,[],[],[]],[[[0,"क",".mp3",0.418],-1],0,0,[],[],[]],[["0,9729,9729,33071,33071,0,0,1",-1],[1],0,[],[],[]],[[[0,"रथ",".mp3",0.522449],-1],0,0,[],[],[]],[[[0,"श",".mp3",0.49625],-1],0,0,[],[],[]],[["0,9729,9729,33071,33071,0,0,1",-1],[1],0,[],[],[]],[[[0,"धक",".mp3",0.600816],-1],0,0,[],[],[]],[[{"name":"सूरज","rect":[0,0,193,153],"offset":[0,0],"originalSize":[193,153],"capInsets":[0,0,0,0]}],[0],0,[0],[0],[3]],[[[0,"ख़त",".mp3",0.417959],-1],0,0,[],[],[]],[[[0,"शक",".mp3",0.574694],-1],0,0,[],[],[]],[[{"name":"वन","rect":[0,0,193,153],"offset":[0,0],"originalSize":[193,153],"capInsets":[0,0,0,0]}],[0],0,[0],[0],[4]]]]