<root>

            <lido-container disable-speak="true" lang="hi" id="lido-container" tab-index="1" value="maincontainer" template-id="palegramcqimages" objective="दूध" aria-label="This is a multiple-option question. Select one option from the list." height="100vh" width="100vw" x="0" y="0" z="0" bg-color="transparent" bg-image="template-assets/bg-images/file-t4zxhpes.png" visible="true" audio="background1.mp3" onTouch="" onCorrect="lido-avatar.avatarAnimate='Success'; this.sleep='2000';" onEntry="" onInCorrect="lido-avatar.avatarAnimate='Fail'; this.sleep='2000';" show-check="false" is-continue-on-correct="false" is-allow-only-correct="false">

                
                <lido-cell layout="pos" id="pos1" disable-edit="true" value="pos1" height="350px" width="350px" x="landscape.1228px, portrait.273px" y="landscape.125px, portrait.1200px" aria-hidden="true" z="2" bg-color="transparent" type="" visible="true" audio="" onTouch="" onCorrect="" onEntry="this.lineHeight='1.2';this.animation='leftToPlace 1.5s linear';">
                    <lido-avatar id="lido-avatar" disable-edit="true" visible="true" height="350px" width="350px" src="template-assets/images/file-h39ikgbp.riv" alt-text="{chimpleCharacterRive}" bg-color="transparent">
                    </lido-avatar>
                    <lido-image id="image1" disable-edit="true" value="image1" visible="true" src="template-assets/images/file-8ukgswca.png" bg-color="transparent" width="186px" height="40px" x="77px" y="302px" alt-text="{shadowImgae}">
                    </lido-image>
                </lido-cell>


                <lido-cell visible="true" layout="col" width="100%" height="100%" bg-color="transparent">
                    
                    <lido-cell layout="flex" visible="true" width="518px" height="landscape.198px, portrait.25%" bg-color="#FFF5BB" onEntry="this.lineHeight='1.2';this.justifyContent='center'; this.borderRadius='16px'; this.alignContent='center'; this.animation='topToPlace 0.5s linear';" margin="landscape.75px 0px 0px 0px, portrait.0px 0px 0px 0px">
                        <lido-text id="textA" value="दूध" visible="true" width="1000px" height="100px" onEntry="this.lineHeight='1.2';this.boxShadow='unset'; this.fontWeight='700';" string="दूध" font-family="'Baloo 2', serif" font-size="90px" font-color="black" bg-color="transparent" z="0" x="25px" y="20px" onTouch="this.speak='true';" />
                    </lido-cell>
                    
                    
                    <lido-cell layout="flex" visible="true" width="116%" height="90%" bg-color="transparent" onEntry="this.lineHeight='1.2';this.justifyContent='center'; this.alignContent='center'; this.animation='bottomToPlace 1s linear';" margin="landscape.-60px 0px -210px 0px, portrait.0px 0px 0px 0px">
                        <lido-cell visible="true" layout="landscape.row, portrait.wrap" width="landscape.85%, portrait.73%" height="landscape.100%, portrait.auto" bg-color="transparent" gap="landscape.30px, portrait.55px" onEntry="this.lineHeight='1.2';">
                            <lido-cell type="click" disable-speak="true" visible="true" layout="col" width="landscape.25%, portrait.100%" value="बाग" height="50%" onEntry="this.lineHeight='1.2';this.borderRadius='25px'; this.padding='9px';" onTouch="this.speak='true';">
                                <lido-image visible="true" src="game-assets/images/file-v3lv5l1f.jpg" width="90%" height="auto" border-radius="25px" onEntry="this.lineHeight='1.2';this.marginTop='10px';" />
                            </lido-cell>
                            <lido-cell type="click" disable-speak="true" visible="true" layout="col" width="landscape.25%, portrait.100%" value="$मछली" height="50%" onEntry="this.lineHeight='1.2';this.borderRadius='25px'; this.padding='9px';" onTouch="this.speak='true';">
                                <lido-image visible="true" src="game-assets/images/file-pikbbck2.jpg" width="90%" height="auto" border-radius="25px" onEntry="this.lineHeight='1.2';this.marginTop='10px';" />
                            </lido-cell>
                            <lido-cell type="click" disable-speak="true" visible="true" layout="col" width="landscape.25%, portrait.100%" value="दूध" height="50%" onEntry="this.lineHeight='1.2';this.borderRadius='25px'; this.padding='9px';" margin="landscape.0, portrait.20px 0 0 0" onTouch="this.speak='true';">
                                <lido-image visible="true" src="game-assets/images/file-tsjfeyon.jpg" width="90%" height="auto" border-radius="25px" onEntry="this.lineHeight='1.2';this.marginTop='10px';" />
                            </lido-cell>
                            <lido-cell type="click" disable-speak="true" visible="true" layout="col" width="landscape.25%, portrait.100%" value="तोता" height="50%" onEntry="this.lineHeight='1.2';this.borderRadius='25px'; this.padding='9px';" margin="landscape.0, portrait.20px 0 0 0" onTouch="this.speak='true';">
                                <lido-image visible="true" src="game-assets/images/file-2mvq58cz.jpg" width="90%" height="auto" border-radius="25px" onEntry="this.lineHeight='1.2';this.marginTop='10px';" />
                            </lido-cell>
                        </lido-cell>
                    </lido-cell>
                    
                    <lido-cell layout="flex" height="30%" width="100%" x="landscape.-50px, portrait.100px" y="507px" z="2" bg-color="transparent" visible="landscape.false, portrait.true" onEntry="this.lineHeight='1.2';this.justifyContent='center'; this.alignContent='center'; this.animation='leftToPlace 1.5s linear'; ">
                        
                    </lido-cell>

                </lido-cell>
            </lido-container>
        
            <lido-container disable-speak="true" lang="hi" id="lido-container" tab-index="1" value="maincontainer" template-id="palegramcqimages" objective="गाजर" aria-label="This is a multiple-option question. Select one option from the list." height="100vh" width="100vw" x="0" y="0" z="0" bg-color="transparent" bg-image="template-assets/bg-images/file-t4zxhpes.png" visible="true" audio="background1.mp3" onTouch="" onCorrect="lido-avatar.avatarAnimate='Success'; this.sleep='2000';" onEntry="" onInCorrect="lido-avatar.avatarAnimate='Fail'; this.sleep='2000';" show-check="false" is-continue-on-correct="false" is-allow-only-correct="false">

                
                <lido-cell layout="pos" id="pos1" disable-edit="true" value="pos1" height="350px" width="350px" x="landscape.1228px, portrait.273px" y="landscape.125px, portrait.1200px" aria-hidden="true" z="2" bg-color="transparent" type="" visible="true" audio="" onTouch="" onCorrect="" onEntry="this.lineHeight='1.2';this.animation='leftToPlace 1.5s linear';">
                    <lido-avatar id="lido-avatar" disable-edit="true" visible="true" height="350px" width="350px" src="template-assets/images/file-h39ikgbp.riv" alt-text="{chimpleCharacterRive}" bg-color="transparent">
                    </lido-avatar>
                    <lido-image id="image1" disable-edit="true" value="image1" visible="true" src="template-assets/images/file-8ukgswca.png" bg-color="transparent" width="186px" height="40px" x="77px" y="302px" alt-text="{shadowImgae}">
                    </lido-image>
                </lido-cell>


                <lido-cell visible="true" layout="col" width="100%" height="100%" bg-color="transparent">
                    
                    <lido-cell layout="flex" visible="true" width="518px" height="landscape.198px, portrait.25%" bg-color="#FFF5BB" onEntry="this.lineHeight='1.2';this.justifyContent='center'; this.borderRadius='16px'; this.alignContent='center'; this.animation='topToPlace 0.5s linear';" margin="landscape.75px 0px 0px 0px, portrait.0px 0px 0px 0px">
                        <lido-text id="textA" value="गाजर" visible="true" width="1000px" height="100px" onEntry="this.lineHeight='1.2';this.boxShadow='unset'; this.fontWeight='700';" string="गाजर" font-family="'Baloo 2', serif" font-size="90px" font-color="black" bg-color="transparent" z="0" x="25px" y="20px" onTouch="this.speak='true';" />
                    </lido-cell>
                    
                    
                    <lido-cell layout="flex" visible="true" width="116%" height="90%" bg-color="transparent" onEntry="this.lineHeight='1.2';this.justifyContent='center'; this.alignContent='center'; this.animation='bottomToPlace 1s linear';" margin="landscape.-60px 0px -210px 0px, portrait.0px 0px 0px 0px">
                        <lido-cell visible="true" layout="landscape.row, portrait.wrap" width="landscape.85%, portrait.73%" height="landscape.100%, portrait.auto" bg-color="transparent" gap="landscape.30px, portrait.55px" onEntry="this.lineHeight='1.2';">
                            <lido-cell type="click" disable-speak="true" visible="true" layout="col" width="landscape.25%, portrait.100%" value="पतंग" height="50%" onEntry="this.lineHeight='1.2';this.borderRadius='25px'; this.padding='9px';" onTouch="this.speak='true';">
                                <lido-image visible="true" src="game-assets/images/file-xyp446bm.jpg" width="90%" height="auto" border-radius="25px" onEntry="this.lineHeight='1.2';this.marginTop='10px';" />
                            </lido-cell>
                            <lido-cell type="click" disable-speak="true" visible="true" layout="col" width="landscape.25%, portrait.100%" value="$गाजर" height="50%" onEntry="this.lineHeight='1.2';this.borderRadius='25px'; this.padding='9px';" onTouch="this.speak='true';">
                                <lido-image visible="true" src="game-assets/images/file-2z29da5z.jpg" width="90%" height="auto" border-radius="25px" onEntry="this.lineHeight='1.2';this.marginTop='10px';" />
                            </lido-cell>
                            <lido-cell type="click" disable-speak="true" visible="true" layout="col" width="landscape.25%, portrait.100%" value="टोपी" height="50%" onEntry="this.lineHeight='1.2';this.borderRadius='25px'; this.padding='9px';" margin="landscape.0, portrait.20px 0 0 0" onTouch="this.speak='true';">
                                <lido-image visible="true" src="game-assets/images/file-6ywp1i8a.jpg" width="90%" height="auto" border-radius="25px" onEntry="this.lineHeight='1.2';this.marginTop='10px';" />
                            </lido-cell>
                            <lido-cell type="click" disable-speak="true" visible="true" layout="col" width="landscape.25%, portrait.100%" value="किताब" height="50%" onEntry="this.lineHeight='1.2';this.borderRadius='25px'; this.padding='9px';" margin="landscape.0, portrait.20px 0 0 0" onTouch="this.speak='true';">
                                <lido-image visible="true" src="game-assets/images/file-b3dfv2fj.jpg" width="90%" height="auto" border-radius="25px" onEntry="this.lineHeight='1.2';this.marginTop='10px';" />
                            </lido-cell>
                        </lido-cell>
                    </lido-cell>
                    
                    <lido-cell layout="flex" height="30%" width="100%" x="landscape.-50px, portrait.100px" y="507px" z="2" bg-color="transparent" visible="landscape.false, portrait.true" onEntry="this.lineHeight='1.2';this.justifyContent='center'; this.alignContent='center'; this.animation='leftToPlace 1.5s linear'; ">
                        
                    </lido-cell>

                </lido-cell>
            </lido-container>
        
            <lido-container disable-speak="true" lang="hi" id="lido-container" tab-index="1" value="maincontainer" template-id="palegramcqimages" objective="कबूतर" aria-label="This is a multiple-option question. Select one option from the list." height="100vh" width="100vw" x="0" y="0" z="0" bg-color="transparent" bg-image="template-assets/bg-images/file-t4zxhpes.png" visible="true" audio="background1.mp3" onTouch="" onCorrect="lido-avatar.avatarAnimate='Success'; this.sleep='2000';" onEntry="" onInCorrect="lido-avatar.avatarAnimate='Fail'; this.sleep='2000';" show-check="false" is-continue-on-correct="false" is-allow-only-correct="false">

                
                <lido-cell layout="pos" id="pos1" disable-edit="true" value="pos1" height="350px" width="350px" x="landscape.1228px, portrait.273px" y="landscape.125px, portrait.1200px" aria-hidden="true" z="2" bg-color="transparent" type="" visible="true" audio="" onTouch="" onCorrect="" onEntry="this.lineHeight='1.2';this.animation='leftToPlace 1.5s linear';">
                    <lido-avatar id="lido-avatar" disable-edit="true" visible="true" height="350px" width="350px" src="template-assets/images/file-h39ikgbp.riv" alt-text="{chimpleCharacterRive}" bg-color="transparent">
                    </lido-avatar>
                    <lido-image id="image1" disable-edit="true" value="image1" visible="true" src="template-assets/images/file-8ukgswca.png" bg-color="transparent" width="186px" height="40px" x="77px" y="302px" alt-text="{shadowImgae}">
                    </lido-image>
                </lido-cell>


                <lido-cell visible="true" layout="col" width="100%" height="100%" bg-color="transparent">
                    
                    <lido-cell layout="flex" visible="true" width="518px" height="landscape.198px, portrait.25%" bg-color="#FFF5BB" onEntry="this.lineHeight='1.2';this.justifyContent='center'; this.borderRadius='16px'; this.alignContent='center'; this.animation='topToPlace 0.5s linear';" margin="landscape.75px 0px 0px 0px, portrait.0px 0px 0px 0px">
                        <lido-text id="textA" value="कबूतर" visible="true" width="1000px" height="100px" onEntry="this.lineHeight='1.2';this.boxShadow='unset'; this.fontWeight='700';" string="कबूतर" font-family="'Baloo 2', serif" font-size="90px" font-color="black" bg-color="transparent" z="0" x="25px" y="20px" onTouch="this.speak='true';" />
                    </lido-cell>
                    
                    
                    <lido-cell layout="flex" visible="true" width="116%" height="90%" bg-color="transparent" onEntry="this.lineHeight='1.2';this.justifyContent='center'; this.alignContent='center'; this.animation='bottomToPlace 1s linear';" margin="landscape.-60px 0px -210px 0px, portrait.0px 0px 0px 0px">
                        <lido-cell visible="true" layout="landscape.row, portrait.wrap" width="landscape.85%, portrait.73%" height="landscape.100%, portrait.auto" bg-color="transparent" gap="landscape.30px, portrait.55px" onEntry="this.lineHeight='1.2';">
                            <lido-cell type="click" disable-speak="true" visible="true" layout="col" width="landscape.25%, portrait.100%" value="खरगोश" height="50%" onEntry="this.lineHeight='1.2';this.borderRadius='25px'; this.padding='9px';" onTouch="this.speak='true';">
                                <lido-image visible="true" src="game-assets/images/file-ou9b9ujr.jpg" width="90%" height="auto" border-radius="25px" onEntry="this.lineHeight='1.2';this.marginTop='10px';" />
                            </lido-cell>
                            <lido-cell type="click" disable-speak="true" visible="true" layout="col" width="landscape.25%, portrait.100%" value="$कबूतर" height="50%" onEntry="this.lineHeight='1.2';this.borderRadius='25px'; this.padding='9px';" onTouch="this.speak='true';">
                                <lido-image visible="true" src="game-assets/images/file-7macvuqe.jpg" width="90%" height="auto" border-radius="25px" onEntry="this.lineHeight='1.2';this.marginTop='10px';" />
                            </lido-cell>
                            <lido-cell type="click" disable-speak="true" visible="true" layout="col" width="landscape.25%, portrait.100%" value="छतरी" height="50%" onEntry="this.lineHeight='1.2';this.borderRadius='25px'; this.padding='9px';" margin="landscape.0, portrait.20px 0 0 0" onTouch="this.speak='true';">
                                <lido-image visible="true" src="game-assets/images/file-7epu1ih1.jpg" width="90%" height="auto" border-radius="25px" onEntry="this.lineHeight='1.2';this.marginTop='10px';" />
                            </lido-cell>
                            <lido-cell type="click" disable-speak="true" visible="true" layout="col" width="landscape.25%, portrait.100%" value="कंबल" height="50%" onEntry="this.lineHeight='1.2';this.borderRadius='25px'; this.padding='9px';" margin="landscape.0, portrait.20px 0 0 0" onTouch="this.speak='true';">
                                <lido-image visible="true" src="game-assets/images/file-8cecd9pl.jpg" width="90%" height="auto" border-radius="25px" onEntry="this.lineHeight='1.2';this.marginTop='10px';" />
                            </lido-cell>
                        </lido-cell>
                    </lido-cell>
                    
                    <lido-cell layout="flex" height="30%" width="100%" x="landscape.-50px, portrait.100px" y="507px" z="2" bg-color="transparent" visible="landscape.false, portrait.true" onEntry="this.lineHeight='1.2';this.justifyContent='center'; this.alignContent='center'; this.animation='leftToPlace 1.5s linear'; ">
                        
                    </lido-cell>

                </lido-cell>
            </lido-container>
        
            <lido-container disable-speak="true" lang="hi" id="lido-container" tab-index="1" value="maincontainer" template-id="palegramcqimages" objective="तराजू" aria-label="This is a multiple-option question. Select one option from the list." height="100vh" width="100vw" x="0" y="0" z="0" bg-color="transparent" bg-image="template-assets/bg-images/file-t4zxhpes.png" visible="true" audio="background1.mp3" onTouch="" onCorrect="lido-avatar.avatarAnimate='Success'; this.sleep='2000';" onEntry="" onInCorrect="lido-avatar.avatarAnimate='Fail'; this.sleep='2000';" show-check="false" is-continue-on-correct="false" is-allow-only-correct="false">

                
                <lido-cell layout="pos" id="pos1" disable-edit="true" value="pos1" height="350px" width="350px" x="landscape.1228px, portrait.273px" y="landscape.125px, portrait.1200px" aria-hidden="true" z="2" bg-color="transparent" type="" visible="true" audio="" onTouch="" onCorrect="" onEntry="this.lineHeight='1.2';this.animation='leftToPlace 1.5s linear';">
                    <lido-avatar id="lido-avatar" disable-edit="true" visible="true" height="350px" width="350px" src="template-assets/images/file-h39ikgbp.riv" alt-text="{chimpleCharacterRive}" bg-color="transparent">
                    </lido-avatar>
                    <lido-image id="image1" disable-edit="true" value="image1" visible="true" src="template-assets/images/file-8ukgswca.png" bg-color="transparent" width="186px" height="40px" x="77px" y="302px" alt-text="{shadowImgae}">
                    </lido-image>
                </lido-cell>


                <lido-cell visible="true" layout="col" width="100%" height="100%" bg-color="transparent">
                    
                    <lido-cell layout="flex" visible="true" width="518px" height="landscape.198px, portrait.25%" bg-color="#FFF5BB" onEntry="this.lineHeight='1.2';this.justifyContent='center'; this.borderRadius='16px'; this.alignContent='center'; this.animation='topToPlace 0.5s linear';" margin="landscape.75px 0px 0px 0px, portrait.0px 0px 0px 0px">
                        <lido-text id="textA" value="तराजू" visible="true" width="1000px" height="100px" onEntry="this.lineHeight='1.2';this.boxShadow='unset'; this.fontWeight='700';" string="तराजू" font-family="'Baloo 2', serif" font-size="90px" font-color="black" bg-color="transparent" z="0" x="25px" y="20px" onTouch="this.speak='true';" />
                    </lido-cell>
                    
                    
                    <lido-cell layout="flex" visible="true" width="116%" height="90%" bg-color="transparent" onEntry="this.lineHeight='1.2';this.justifyContent='center'; this.alignContent='center'; this.animation='bottomToPlace 1s linear';" margin="landscape.-60px 0px -210px 0px, portrait.0px 0px 0px 0px">
                        <lido-cell visible="true" layout="landscape.row, portrait.wrap" width="landscape.85%, portrait.73%" height="landscape.100%, portrait.auto" bg-color="transparent" gap="landscape.30px, portrait.55px" onEntry="this.lineHeight='1.2';">
                            <lido-cell type="click" disable-speak="true" visible="true" layout="col" width="landscape.25%, portrait.100%" value="अमरूद" height="50%" onEntry="this.lineHeight='1.2';this.borderRadius='25px'; this.padding='9px';" onTouch="this.speak='true';">
                                <lido-image visible="true" src="game-assets/images/file-rfbgo145.jpg" width="90%" height="auto" border-radius="25px" onEntry="this.lineHeight='1.2';this.marginTop='10px';" />
                            </lido-cell>
                            <lido-cell type="click" disable-speak="true" visible="true" layout="col" width="landscape.25%, portrait.100%" value="$तराजू" height="50%" onEntry="this.lineHeight='1.2';this.borderRadius='25px'; this.padding='9px';" onTouch="this.speak='true';">
                                <lido-image visible="true" src="game-assets/images/file-57dfw8av.jpg" width="90%" height="auto" border-radius="25px" onEntry="this.lineHeight='1.2';this.marginTop='10px';" />
                            </lido-cell>
                            <lido-cell type="click" disable-speak="true" visible="true" layout="col" width="landscape.25%, portrait.100%" value="चश्मा" height="50%" onEntry="this.lineHeight='1.2';this.borderRadius='25px'; this.padding='9px';" margin="landscape.0, portrait.20px 0 0 0" onTouch="this.speak='true';">
                                <lido-image visible="true" src="game-assets/images/file-i6xypggt.jpg" width="90%" height="auto" border-radius="25px" onEntry="this.lineHeight='1.2';this.marginTop='10px';" />
                            </lido-cell>
                            <lido-cell type="click" disable-speak="true" visible="true" layout="col" width="landscape.25%, portrait.100%" value="पाठशाला" height="50%" onEntry="this.lineHeight='1.2';this.borderRadius='25px'; this.padding='9px';" margin="landscape.0, portrait.20px 0 0 0" onTouch="this.speak='true';">
                                <lido-image visible="true" src="game-assets/images/file-9z71svoe.jpg" width="90%" height="auto" border-radius="25px" onEntry="this.lineHeight='1.2';this.marginTop='10px';" />
                            </lido-cell>
                        </lido-cell>
                    </lido-cell>
                    
                    <lido-cell layout="flex" height="30%" width="100%" x="landscape.-50px, portrait.100px" y="507px" z="2" bg-color="transparent" visible="landscape.false, portrait.true" onEntry="this.lineHeight='1.2';this.justifyContent='center'; this.alignContent='center'; this.animation='leftToPlace 1.5s linear'; ">
                        
                    </lido-cell>

                </lido-cell>
            </lido-container>
        
            <lido-container disable-speak="true" lang="hi" id="lido-container" tab-index="1" value="maincontainer" template-id="palegramcqimages" objective="साइकिल" aria-label="This is a multiple-option question. Select one option from the list." height="100vh" width="100vw" x="0" y="0" z="0" bg-color="transparent" bg-image="template-assets/bg-images/file-t4zxhpes.png" visible="true" audio="background1.mp3" onTouch="" onCorrect="lido-avatar.avatarAnimate='Success'; this.sleep='2000';" onEntry="" onInCorrect="lido-avatar.avatarAnimate='Fail'; this.sleep='2000';" show-check="false" is-continue-on-correct="false" is-allow-only-correct="false">

                
                <lido-cell layout="pos" id="pos1" disable-edit="true" value="pos1" height="350px" width="350px" x="landscape.1228px, portrait.273px" y="landscape.125px, portrait.1200px" aria-hidden="true" z="2" bg-color="transparent" type="" visible="true" audio="" onTouch="" onCorrect="" onEntry="this.lineHeight='1.2';this.animation='leftToPlace 1.5s linear';">
                    <lido-avatar id="lido-avatar" disable-edit="true" visible="true" height="350px" width="350px" src="template-assets/images/file-h39ikgbp.riv" alt-text="{chimpleCharacterRive}" bg-color="transparent">
                    </lido-avatar>
                    <lido-image id="image1" disable-edit="true" value="image1" visible="true" src="template-assets/images/file-8ukgswca.png" bg-color="transparent" width="186px" height="40px" x="77px" y="302px" alt-text="{shadowImgae}">
                    </lido-image>
                </lido-cell>


                <lido-cell visible="true" layout="col" width="100%" height="100%" bg-color="transparent">
                    
                    <lido-cell layout="flex" visible="true" width="518px" height="landscape.198px, portrait.25%" bg-color="#FFF5BB" onEntry="this.lineHeight='1.2';this.justifyContent='center'; this.borderRadius='16px'; this.alignContent='center'; this.animation='topToPlace 0.5s linear';" margin="landscape.75px 0px 0px 0px, portrait.0px 0px 0px 0px">
                        <lido-text id="textA" value="साइकिल" visible="true" width="1000px" height="100px" onEntry="this.lineHeight='1.2';this.boxShadow='unset'; this.fontWeight='700';" string="साइकिल" font-family="'Baloo 2', serif" font-size="90px" font-color="black" bg-color="transparent" z="0" x="25px" y="20px" onTouch="this.speak='true';" />
                    </lido-cell>
                    
                    
                    <lido-cell layout="flex" visible="true" width="116%" height="90%" bg-color="transparent" onEntry="this.lineHeight='1.2';this.justifyContent='center'; this.alignContent='center'; this.animation='bottomToPlace 1s linear';" margin="landscape.-60px 0px -210px 0px, portrait.0px 0px 0px 0px">
                        <lido-cell visible="true" layout="landscape.row, portrait.wrap" width="landscape.85%, portrait.73%" height="landscape.100%, portrait.auto" bg-color="transparent" gap="landscape.30px, portrait.55px" onEntry="this.lineHeight='1.2';">
                            <lido-cell type="click" disable-speak="true" visible="true" layout="col" width="landscape.25%, portrait.100%" value="साइकिल" height="50%" onEntry="this.lineHeight='1.2';this.borderRadius='25px'; this.padding='9px';" onTouch="this.speak='true';">
                                <lido-image visible="true" src="game-assets/images/file-ypidm05b.jpg" width="90%" height="auto" border-radius="25px" onEntry="this.lineHeight='1.2';this.marginTop='10px';" />
                            </lido-cell>
                            <lido-cell type="click" disable-speak="true" visible="true" layout="col" width="landscape.25%, portrait.100%" value="$फुटबॉल" height="50%" onEntry="this.lineHeight='1.2';this.borderRadius='25px'; this.padding='9px';" onTouch="this.speak='true';">
                                <lido-image visible="true" src="game-assets/images/file-d2un1bda.jpg" width="90%" height="auto" border-radius="25px" onEntry="this.lineHeight='1.2';this.marginTop='10px';" />
                            </lido-cell>
                            <lido-cell type="click" disable-speak="true" visible="true" layout="col" width="landscape.25%, portrait.100%" value="आसमान" height="50%" onEntry="this.lineHeight='1.2';this.borderRadius='25px'; this.padding='9px';" margin="landscape.0, portrait.20px 0 0 0" onTouch="this.speak='true';">
                                <lido-image visible="true" src="game-assets/images/file-dky036g8.jpg" width="90%" height="auto" border-radius="25px" onEntry="this.lineHeight='1.2';this.marginTop='10px';" />
                            </lido-cell>
                            <lido-cell type="click" disable-speak="true" visible="true" layout="col" width="landscape.25%, portrait.100%" value="गिरगिट" height="50%" onEntry="this.lineHeight='1.2';this.borderRadius='25px'; this.padding='9px';" margin="landscape.0, portrait.20px 0 0 0" onTouch="this.speak='true';">
                                <lido-image visible="true" src="game-assets/images/file-zim0kxxi.jpg" width="90%" height="auto" border-radius="25px" onEntry="this.lineHeight='1.2';this.marginTop='10px';" />
                            </lido-cell>
                        </lido-cell>
                    </lido-cell>
                    
                    <lido-cell layout="flex" height="30%" width="100%" x="landscape.-50px, portrait.100px" y="507px" z="2" bg-color="transparent" visible="landscape.false, portrait.true" onEntry="this.lineHeight='1.2';this.justifyContent='center'; this.alignContent='center'; this.animation='leftToPlace 1.5s linear'; ">
                        
                    </lido-cell>

                </lido-cell>
            </lido-container>
        
        <lido-container lang="hi" disable-speak="true" template-id="pictureClues" visible="true" id="lido-container" objective="किताब" bg-image="template-assets/bg-images/file-3d573bcy.png" onInCorrect="lido-avatar.avatarAnimate='Fail';this.sleep='2000';" onCorrect="lido-avatar.avatarAnimate='Success';this.sleep='2000';" is-continue-on-correct="false" is-allow-only-correct="false" onEntry="xy.speak='true';">

    
    <lido-cell layout="pos" id="pos1" disable-edit="true" value="pos2" height="landscape.344px,portrait.402px" width="landscape.296px,portrait.398px" x="landscape.85%, portrait.28%" y="landscape.21%, portrait.77%" aria-hidden="true" z="1" bg-color="transparent" visible="true">
        <lido-avatar id="lido-avatar" disable-edit="true" visible="true" height="100%" width="100%" src="template-assets/images/file-kizblp80.riv" alt-text="">
        </lido-avatar>
    </lido-cell>

    
   
    <lido-cell visible="true" layout="col" height="85%" width="98%" bg-color="transparent" margin="61px 0px -58px 0px">
        <lido-cell layout="row" visible="true" height="330px" width="330px" bg-color="transparent">
            <lido-image tab-index="8" visible="true" height="auto" width="auto" src="game-assets/images/file-il5yzyra.jpg" />
    
            </lido-cell>
        <lido-cell layout="row" audio="game-assets/audio/file-o2r6f06b.mp3" id="xy" tabindex="111" visible="true" height="270px" width="auto" bg-color="transparent">
         <lido-text visible="true" audio="game-assets/audio/file-l7tutxhx.mp3" height="100px" tab-index="121" width="auto" id="text1" string="पाठशाला जाकर" font-family="'Baloo Bhai 2'" font-color="black" font-size="80px" bg-color="transparent" onEntry="this.lineHeight='1.2';   this.font-weight='700'; this.border-radius='16px'; this.margin-right='40px';   " />
    <lido-text type="drop" is-allow-only-one-drop="true" audio="game-assets/audio/file-nx82uenm.mp3" drop-attr="stretch" tab-index="122" value="किताब" id="answer" visible="true" height="136px" width="200px" onEntry="this.lineHeight='1.2'; this.margin-right='40px';    this.border-radius='16px';  " />
    <lido-text visible="true" audio="game-assets/audio/file-npqskv9m.mp3" height="100px" tab-index="123" width="auto" id="text2" string="पढ़।" font-family="'Baloo Bhai 2'" font-color="black" font-size="80px" bg-color="transparent" onEntry="this.lineHeight='1.2';    this.font-weight='700';   this.border-radius='16px'; this.margin-right='40px'; " />
        </lido-cell>
        <lido-cell layout="row" visible="true" height="270px" width="100%" bg-color="transparent" onEntry="this.lineHeight='1.2';this.align-items='center';this.justify-content='space-around';">
           
            <lido-text visible="true" audio="https://aeakbcdznktpsbrfsgys.supabase.co/storage/v1/object/public/template-assets/fill-upAudio.mp3" height="136px" width="auto" disable-speak="true" type="drag" id="drag1" tab-index="2" string="किताब" value="किताब" font-family="'Baloo Bhai 2'" font-color="black" font-size="80px" bg-color="#FFAC4C" onEntry="this.lineHeight='1.2';this.font-weight='700';this.padding='10px 45px';this.border-radius='16px';" />
            
            <lido-text visible="true" audio="https://aeakbcdznktpsbrfsgys.supabase.co/storage/v1/object/public/template-assets/fill-upAudio.mp3" height="136px" width="auto" disable-speak="true" type="drag" id="drag2" tab-index="3" string="जूता" value="जूता" font-family="'Baloo Bhai 2'" font-color="black" font-size="80px" bg-color="#FFAC4C" onEntry="this.lineHeight='1.2';this.font-weight='700';this.padding='10px 45px';this.border-radius='16px';" />
            
            <lido-text visible="true" audio="https://aeakbcdznktpsbrfsgys.supabase.co/storage/v1/object/public/template-assets/fill-upAudio.mp3" height="136px" width="auto" disable-speak="true" type="drag" id="drag3" tab-index="4" string="गेंद" value="गेंद" font-family="'Baloo Bhai 2'" font-color="black" font-size="80px" bg-color="#FFAC4C" onEntry="this.lineHeight='1.2';this.font-weight='700';this.padding='10px 45px';this.border-radius='16px';" />
            
            <lido-text visible="true" audio="https://aeakbcdznktpsbrfsgys.supabase.co/storage/v1/object/public/template-assets/fill-upAudio.mp3" height="136px" width="auto" disable-speak="true" type="drag" id="drag4" tab-index="5" string="चम्मच" value="चम्मच" font-family="'Baloo Bhai 2'" font-color="black" font-size="80px" bg-color="#FFAC4C" onEntry="this.lineHeight='1.2';this.font-weight='700';this.padding='10px 45px';this.border-radius='16px';" />
            
            <lido-text visible="true" audio="https://aeakbcdznktpsbrfsgys.supabase.co/storage/v1/object/public/template-assets/fill-upAudio.mp3" height="136px" width="auto" disable-speak="true" type="drag" id="drag5" tab-index="6" string="पंखा" value="पंखा" font-family="'Baloo Bhai 2'" font-color="black" font-size="80px" bg-color="#FFAC4C" onEntry="this.lineHeight='1.2';this.font-weight='700';this.padding='10px 45px';this.border-radius='16px';" />
            
        </lido-cell>
    </lido-cell>

</lido-container>
        
        <lido-container lang="hi" disable-speak="true" template-id="pictureClues" visible="true" id="lido-container" objective="खाना" bg-image="template-assets/bg-images/file-3d573bcy.png" onInCorrect="lido-avatar.avatarAnimate='Fail';this.sleep='2000';" onCorrect="lido-avatar.avatarAnimate='Success';this.sleep='2000';" is-continue-on-correct="false" is-allow-only-correct="false" onEntry="xy.speak='true';">

    
    <lido-cell layout="pos" id="pos1" disable-edit="true" value="pos2" height="landscape.344px,portrait.402px" width="landscape.296px,portrait.398px" x="landscape.85%, portrait.28%" y="landscape.21%, portrait.77%" aria-hidden="true" z="1" bg-color="transparent" visible="true">
        <lido-avatar id="lido-avatar" disable-edit="true" visible="true" height="100%" width="100%" src="template-assets/images/file-kizblp80.riv" alt-text="">
        </lido-avatar>
    </lido-cell>

    
   
    <lido-cell visible="true" layout="col" height="85%" width="98%" bg-color="transparent" margin="61px 0px -58px 0px">
        <lido-cell layout="row" visible="true" height="330px" width="330px" bg-color="transparent">
            <lido-image tab-index="8" visible="true" height="auto" width="auto" src="game-assets/images/file-8vs9dvda.jpg" />
    
            </lido-cell>
        <lido-cell layout="row" audio="game-assets/audio/file-5eq8q6z5.mp3" id="xy" tabindex="111" visible="true" height="270px" width="auto" bg-color="transparent">
         <lido-text visible="true" audio="game-assets/audio/file-khj8o8b3.mp3" height="100px" tab-index="121" width="auto" id="text1" string="घर चल कर" font-family="'Baloo Bhai 2'" font-color="black" font-size="80px" bg-color="transparent" onEntry="this.lineHeight='1.2';   this.font-weight='700'; this.border-radius='16px'; this.margin-right='40px';   " />
    <lido-text type="drop" is-allow-only-one-drop="true" audio="game-assets/audio/file-nx82uenm.mp3" drop-attr="stretch" tab-index="122" value="खाना" id="answer" visible="true" height="136px" width="200px" onEntry="this.lineHeight='1.2'; this.margin-right='40px';    this.border-radius='16px';  " />
    <lido-text visible="true" audio="game-assets/audio/file-t2dfmjjk.mp3" height="100px" tab-index="123" width="auto" id="text2" string="खा।" font-family="'Baloo Bhai 2'" font-color="black" font-size="80px" bg-color="transparent" onEntry="this.lineHeight='1.2';    this.font-weight='700';   this.border-radius='16px'; this.margin-right='40px'; " />
        </lido-cell>
        <lido-cell layout="row" visible="true" height="270px" width="100%" bg-color="transparent" onEntry="this.lineHeight='1.2';this.align-items='center';this.justify-content='space-around';">
           
            <lido-text visible="true" audio="https://aeakbcdznktpsbrfsgys.supabase.co/storage/v1/object/public/template-assets/fill-upAudio.mp3" height="136px" width="auto" disable-speak="true" type="drag" id="drag1" tab-index="2" string="गेंद" value="गेंद" font-family="'Baloo Bhai 2'" font-color="black" font-size="80px" bg-color="#FFAC4C" onEntry="this.lineHeight='1.2';this.font-weight='700';this.padding='10px 45px';this.border-radius='16px';" />
            
            <lido-text visible="true" audio="https://aeakbcdznktpsbrfsgys.supabase.co/storage/v1/object/public/template-assets/fill-upAudio.mp3" height="136px" width="auto" disable-speak="true" type="drag" id="drag2" tab-index="3" string="पतंग" value="पतंग" font-family="'Baloo Bhai 2'" font-color="black" font-size="80px" bg-color="#FFAC4C" onEntry="this.lineHeight='1.2';this.font-weight='700';this.padding='10px 45px';this.border-radius='16px';" />
            
            <lido-text visible="true" audio="https://aeakbcdznktpsbrfsgys.supabase.co/storage/v1/object/public/template-assets/fill-upAudio.mp3" height="136px" width="auto" disable-speak="true" type="drag" id="drag3" tab-index="4" string="कुर्सी" value="कुर्सी" font-family="'Baloo Bhai 2'" font-color="black" font-size="80px" bg-color="#FFAC4C" onEntry="this.lineHeight='1.2';this.font-weight='700';this.padding='10px 45px';this.border-radius='16px';" />
            
            <lido-text visible="true" audio="https://aeakbcdznktpsbrfsgys.supabase.co/storage/v1/object/public/template-assets/fill-upAudio.mp3" height="136px" width="auto" disable-speak="true" type="drag" id="drag4" tab-index="5" string="किताब" value="किताब" font-family="'Baloo Bhai 2'" font-color="black" font-size="80px" bg-color="#FFAC4C" onEntry="this.lineHeight='1.2';this.font-weight='700';this.padding='10px 45px';this.border-radius='16px';" />
            
            <lido-text visible="true" audio="https://aeakbcdznktpsbrfsgys.supabase.co/storage/v1/object/public/template-assets/fill-upAudio.mp3" height="136px" width="auto" disable-speak="true" type="drag" id="drag5" tab-index="6" string="खाना" value="खाना" font-family="'Baloo Bhai 2'" font-color="black" font-size="80px" bg-color="#FFAC4C" onEntry="this.lineHeight='1.2';this.font-weight='700';this.padding='10px 45px';this.border-radius='16px';" />
            
        </lido-cell>
    </lido-cell>

</lido-container>
        
        <lido-container lang="hi" disable-speak="true" template-id="pictureClues" visible="true" id="lido-container" objective="चिड़ियाँ" bg-image="template-assets/bg-images/file-3d573bcy.png" onInCorrect="lido-avatar.avatarAnimate='Fail';this.sleep='2000';" onCorrect="lido-avatar.avatarAnimate='Success';this.sleep='2000';" is-continue-on-correct="false" is-allow-only-correct="false" onEntry="xy.speak='true';">

    
    <lido-cell layout="pos" id="pos1" disable-edit="true" value="pos2" height="landscape.344px,portrait.402px" width="landscape.296px,portrait.398px" x="landscape.85%, portrait.28%" y="landscape.21%, portrait.77%" aria-hidden="true" z="1" bg-color="transparent" visible="true">
        <lido-avatar id="lido-avatar" disable-edit="true" visible="true" height="100%" width="100%" src="template-assets/images/file-kizblp80.riv" alt-text="">
        </lido-avatar>
    </lido-cell>

    
   
    <lido-cell visible="true" layout="col" height="85%" width="98%" bg-color="transparent" margin="61px 0px -58px 0px">
        <lido-cell layout="row" visible="true" height="330px" width="330px" bg-color="transparent">
            <lido-image tab-index="8" visible="true" height="auto" width="auto" src="game-assets/images/file-8lgazud8.jpg" />
    
            </lido-cell>
        <lido-cell layout="row" audio="game-assets/audio/file-8h6jw5iw.mp3" id="xy" tabindex="111" visible="true" height="270px" width="auto" bg-color="transparent">
         <lido-text visible="true" audio="game-assets/audio/file-fywcnggz.mp3" height="100px" tab-index="121" width="auto" id="text1" string="आसमान में" font-family="'Baloo Bhai 2'" font-color="black" font-size="80px" bg-color="transparent" onEntry="this.lineHeight='1.2';   this.font-weight='700'; this.border-radius='16px'; this.margin-right='40px';   " />
    <lido-text type="drop" is-allow-only-one-drop="true" audio="game-assets/audio/file-nx82uenm.mp3" drop-attr="stretch" tab-index="122" value="चिड़ियाँ" id="answer" visible="true" height="136px" width="200px" onEntry="this.lineHeight='1.2'; this.margin-right='40px';    this.border-radius='16px';  " />
    <lido-text visible="true" audio="game-assets/audio/file-fxlz4wd0.mp3" height="100px" tab-index="123" width="auto" id="text2" string="उड़ रही हैं।" font-family="'Baloo Bhai 2'" font-color="black" font-size="80px" bg-color="transparent" onEntry="this.lineHeight='1.2';    this.font-weight='700';   this.border-radius='16px'; this.margin-right='40px'; " />
        </lido-cell>
        <lido-cell layout="row" visible="true" height="270px" width="100%" bg-color="transparent" onEntry="this.lineHeight='1.2';this.align-items='center';this.justify-content='space-around';">
           
            <lido-text visible="true" audio="https://aeakbcdznktpsbrfsgys.supabase.co/storage/v1/object/public/template-assets/fill-upAudio.mp3" height="136px" width="auto" disable-speak="true" type="drag" id="drag1" tab-index="2" string="मछलियाँ" value="मछलियाँ" font-family="'Baloo Bhai 2'" font-color="black" font-size="80px" bg-color="#FFAC4C" onEntry="this.lineHeight='1.2';this.font-weight='700';this.padding='10px 45px';this.border-radius='16px';" />
            
            <lido-text visible="true" audio="https://aeakbcdznktpsbrfsgys.supabase.co/storage/v1/object/public/template-assets/fill-upAudio.mp3" height="136px" width="auto" disable-speak="true" type="drag" id="drag2" tab-index="3" string="किताब" value="किताब" font-family="'Baloo Bhai 2'" font-color="black" font-size="80px" bg-color="#FFAC4C" onEntry="this.lineHeight='1.2';this.font-weight='700';this.padding='10px 45px';this.border-radius='16px';" />
            
            <lido-text visible="true" audio="https://aeakbcdznktpsbrfsgys.supabase.co/storage/v1/object/public/template-assets/fill-upAudio.mp3" height="136px" width="auto" disable-speak="true" type="drag" id="drag3" tab-index="4" string="चिड़ियाँ" value="चिड़ियाँ" font-family="'Baloo Bhai 2'" font-color="black" font-size="80px" bg-color="#FFAC4C" onEntry="this.lineHeight='1.2';this.font-weight='700';this.padding='10px 45px';this.border-radius='16px';" />
            
            <lido-text visible="true" audio="https://aeakbcdznktpsbrfsgys.supabase.co/storage/v1/object/public/template-assets/fill-upAudio.mp3" height="136px" width="auto" disable-speak="true" type="drag" id="drag4" tab-index="5" string="हाथी" value="हाथी" font-family="'Baloo Bhai 2'" font-color="black" font-size="80px" bg-color="#FFAC4C" onEntry="this.lineHeight='1.2';this.font-weight='700';this.padding='10px 45px';this.border-radius='16px';" />
            
            <lido-text visible="true" audio="https://aeakbcdznktpsbrfsgys.supabase.co/storage/v1/object/public/template-assets/fill-upAudio.mp3" height="136px" width="auto" disable-speak="true" type="drag" id="drag5" tab-index="6" string="बिल्ली" value="बिल्ली" font-family="'Baloo Bhai 2'" font-color="black" font-size="80px" bg-color="#FFAC4C" onEntry="this.lineHeight='1.2';this.font-weight='700';this.padding='10px 45px';this.border-radius='16px';" />
            
        </lido-cell>
    </lido-cell>

</lido-container>
        
        <lido-container lang="hi" disable-speak="true" template-id="pictureClues" visible="true" id="lido-container" objective="चाँदमामा" bg-image="template-assets/bg-images/file-3d573bcy.png" onInCorrect="lido-avatar.avatarAnimate='Fail';this.sleep='2000';" onCorrect="lido-avatar.avatarAnimate='Success';this.sleep='2000';" is-continue-on-correct="false" is-allow-only-correct="false" onEntry="xy.speak='true';">

    
    <lido-cell layout="pos" id="pos1" disable-edit="true" value="pos2" height="landscape.344px,portrait.402px" width="landscape.296px,portrait.398px" x="landscape.85%, portrait.28%" y="landscape.21%, portrait.77%" aria-hidden="true" z="1" bg-color="transparent" visible="true">
        <lido-avatar id="lido-avatar" disable-edit="true" visible="true" height="100%" width="100%" src="template-assets/images/file-kizblp80.riv" alt-text="">
        </lido-avatar>
    </lido-cell>

    
   
    <lido-cell visible="true" layout="col" height="85%" width="98%" bg-color="transparent" margin="61px 0px -58px 0px">
        <lido-cell layout="row" visible="true" height="330px" width="330px" bg-color="transparent">
            <lido-image tab-index="8" visible="true" height="auto" width="auto" src="game-assets/images/file-ga5bz8of.jpg" />
    
            </lido-cell>
        <lido-cell layout="row" audio="game-assets/audio/file-7couafve.mp3" id="xy" tabindex="111" visible="true" height="270px" width="auto" bg-color="transparent">
         <lido-text visible="true" audio="game-assets/audio/file-aev96e78.mp3" height="100px" tab-index="121" width="auto" id="text1" string="खिड़की से" font-family="'Baloo Bhai 2'" font-color="black" font-size="80px" bg-color="transparent" onEntry="this.lineHeight='1.2';   this.font-weight='700'; this.border-radius='16px'; this.margin-right='40px';   " />
    <lido-text type="drop" is-allow-only-one-drop="true" audio="game-assets/audio/file-nx82uenm.mp3" drop-attr="stretch" tab-index="122" value="चाँदमामा" id="answer" visible="true" height="136px" width="200px" onEntry="this.lineHeight='1.2'; this.margin-right='40px';    this.border-radius='16px';  " />
    <lido-text visible="true" audio="game-assets/audio/file-y1lrz46c.mp3" height="100px" tab-index="123" width="auto" id="text2" string="दिख रहा है।" font-family="'Baloo Bhai 2'" font-color="black" font-size="80px" bg-color="transparent" onEntry="this.lineHeight='1.2';    this.font-weight='700';   this.border-radius='16px'; this.margin-right='40px'; " />
        </lido-cell>
        <lido-cell layout="row" visible="true" height="270px" width="100%" bg-color="transparent" onEntry="this.lineHeight='1.2';this.align-items='center';this.justify-content='space-around';">
           
            <lido-text visible="true" audio="https://aeakbcdznktpsbrfsgys.supabase.co/storage/v1/object/public/template-assets/fill-upAudio.mp3" height="136px" width="auto" disable-speak="true" type="drag" id="drag1" tab-index="2" string="जूता" value="जूता" font-family="'Baloo Bhai 2'" font-color="black" font-size="80px" bg-color="#FFAC4C" onEntry="this.lineHeight='1.2';this.font-weight='700';this.padding='10px 45px';this.border-radius='16px';" />
            
            <lido-text visible="true" audio="https://aeakbcdznktpsbrfsgys.supabase.co/storage/v1/object/public/template-assets/fill-upAudio.mp3" height="136px" width="auto" disable-speak="true" type="drag" id="drag2" tab-index="3" string="पानी" value="पानी" font-family="'Baloo Bhai 2'" font-color="black" font-size="80px" bg-color="#FFAC4C" onEntry="this.lineHeight='1.2';this.font-weight='700';this.padding='10px 45px';this.border-radius='16px';" />
            
            <lido-text visible="true" audio="https://aeakbcdznktpsbrfsgys.supabase.co/storage/v1/object/public/template-assets/fill-upAudio.mp3" height="136px" width="auto" disable-speak="true" type="drag" id="drag3" tab-index="4" string="कुर्सी" value="कुर्सी" font-family="'Baloo Bhai 2'" font-color="black" font-size="80px" bg-color="#FFAC4C" onEntry="this.lineHeight='1.2';this.font-weight='700';this.padding='10px 45px';this.border-radius='16px';" />
            
            <lido-text visible="true" audio="https://aeakbcdznktpsbrfsgys.supabase.co/storage/v1/object/public/template-assets/fill-upAudio.mp3" height="136px" width="auto" disable-speak="true" type="drag" id="drag4" tab-index="5" string="केला" value="केला" font-family="'Baloo Bhai 2'" font-color="black" font-size="80px" bg-color="#FFAC4C" onEntry="this.lineHeight='1.2';this.font-weight='700';this.padding='10px 45px';this.border-radius='16px';" />
            
            <lido-text visible="true" audio="https://aeakbcdznktpsbrfsgys.supabase.co/storage/v1/object/public/template-assets/fill-upAudio.mp3" height="136px" width="auto" disable-speak="true" type="drag" id="drag5" tab-index="6" string="चाँदमामा" value="चाँदमामा" font-family="'Baloo Bhai 2'" font-color="black" font-size="80px" bg-color="#FFAC4C" onEntry="this.lineHeight='1.2';this.font-weight='700';this.padding='10px 45px';this.border-radius='16px';" />
            
        </lido-cell>
    </lido-cell>

</lido-container>
        
        <lido-container lang="hi" disable-speak="true" template-id="pictureClues" visible="true" id="lido-container" objective="तितलियाँ" bg-image="template-assets/bg-images/file-3d573bcy.png" onInCorrect="lido-avatar.avatarAnimate='Fail';this.sleep='2000';" onCorrect="lido-avatar.avatarAnimate='Success';this.sleep='2000';" is-continue-on-correct="false" is-allow-only-correct="false" onEntry="xy.speak='true';">

    
    <lido-cell layout="pos" id="pos1" disable-edit="true" value="pos2" height="landscape.344px,portrait.402px" width="landscape.296px,portrait.398px" x="landscape.85%, portrait.28%" y="landscape.21%, portrait.77%" aria-hidden="true" z="1" bg-color="transparent" visible="true">
        <lido-avatar id="lido-avatar" disable-edit="true" visible="true" height="100%" width="100%" src="template-assets/images/file-kizblp80.riv" alt-text="">
        </lido-avatar>
    </lido-cell>

    
   
    <lido-cell visible="true" layout="col" height="85%" width="98%" bg-color="transparent" margin="61px 0px -58px 0px">
        <lido-cell layout="row" visible="true" height="330px" width="330px" bg-color="transparent">
            <lido-image tab-index="8" visible="true" height="auto" width="auto" src="game-assets/images/file-t0dmkkqs.jpg" />
    
            </lido-cell>
        <lido-cell layout="row" audio="game-assets/audio/file-49qvkc9a.mp3" id="xy" tabindex="111" visible="true" height="270px" width="auto" bg-color="transparent">
         <lido-text visible="true" audio="game-assets/audio/file-85eo9y8z.mp3" height="100px" tab-index="121" width="auto" id="text1" string="फूल के आस-पास रंग-बिरंगी" font-family="'Baloo Bhai 2'" font-color="black" font-size="80px" bg-color="transparent" onEntry="this.lineHeight='1.2';   this.font-weight='700'; this.border-radius='16px'; this.margin-right='40px';   " />
    <lido-text type="drop" is-allow-only-one-drop="true" audio="game-assets/audio/file-nx82uenm.mp3" drop-attr="stretch" tab-index="122" value="तितलियाँ" id="answer" visible="true" height="136px" width="200px" onEntry="this.lineHeight='1.2'; this.margin-right='40px';    this.border-radius='16px';  " />
    <lido-text visible="true" audio="game-assets/audio/file-fxlz4wd0.mp3" height="100px" tab-index="123" width="auto" id="text2" string="उड़ रही हैं।" font-family="'Baloo Bhai 2'" font-color="black" font-size="80px" bg-color="transparent" onEntry="this.lineHeight='1.2';    this.font-weight='700';   this.border-radius='16px'; this.margin-right='40px'; " />
        </lido-cell>
        <lido-cell layout="row" visible="true" height="270px" width="100%" bg-color="transparent" onEntry="this.lineHeight='1.2';this.align-items='center';this.justify-content='space-around';">
           
            <lido-text visible="true" audio="https://aeakbcdznktpsbrfsgys.supabase.co/storage/v1/object/public/template-assets/fill-upAudio.mp3" height="136px" width="auto" disable-speak="true" type="drag" id="drag1" tab-index="2" string="किताब" value="किताब" font-family="'Baloo Bhai 2'" font-color="black" font-size="80px" bg-color="#FFAC4C" onEntry="this.lineHeight='1.2';this.font-weight='700';this.padding='10px 45px';this.border-radius='16px';" />
            
            <lido-text visible="true" audio="https://aeakbcdznktpsbrfsgys.supabase.co/storage/v1/object/public/template-assets/fill-upAudio.mp3" height="136px" width="auto" disable-speak="true" type="drag" id="drag2" tab-index="3" string="बिस्तर" value="बिस्तर" font-family="'Baloo Bhai 2'" font-color="black" font-size="80px" bg-color="#FFAC4C" onEntry="this.lineHeight='1.2';this.font-weight='700';this.padding='10px 45px';this.border-radius='16px';" />
            
            <lido-text visible="true" audio="https://aeakbcdznktpsbrfsgys.supabase.co/storage/v1/object/public/template-assets/fill-upAudio.mp3" height="136px" width="auto" disable-speak="true" type="drag" id="drag3" tab-index="4" string="गाड़ी" value="गाड़ी" font-family="'Baloo Bhai 2'" font-color="black" font-size="80px" bg-color="#FFAC4C" onEntry="this.lineHeight='1.2';this.font-weight='700';this.padding='10px 45px';this.border-radius='16px';" />
            
            <lido-text visible="true" audio="https://aeakbcdznktpsbrfsgys.supabase.co/storage/v1/object/public/template-assets/fill-upAudio.mp3" height="136px" width="auto" disable-speak="true" type="drag" id="drag4" tab-index="5" string="हाथी" value="हाथी" font-family="'Baloo Bhai 2'" font-color="black" font-size="80px" bg-color="#FFAC4C" onEntry="this.lineHeight='1.2';this.font-weight='700';this.padding='10px 45px';this.border-radius='16px';" />
            
            <lido-text visible="true" audio="https://aeakbcdznktpsbrfsgys.supabase.co/storage/v1/object/public/template-assets/fill-upAudio.mp3" height="136px" width="auto" disable-speak="true" type="drag" id="drag5" tab-index="6" string="तितलियाँ" value="तितलियाँ" font-family="'Baloo Bhai 2'" font-color="black" font-size="80px" bg-color="#FFAC4C" onEntry="this.lineHeight='1.2';this.font-weight='700';this.padding='10px 45px';this.border-radius='16px';" />
            
        </lido-cell>
    </lido-cell>

</lido-container>
        
<main>
    <lido-container disable-speak="true" id="lido-container" lang="hi" is-continue-on-correct="false" template-id="palStoryMaking" is-allow-only-correct="false" objective="रोहन अपनी परीक्षा के लिए नियमित रूप से पढ़ाई करता है।,वह कक्षा में अपने शिक्षक की बात ध्यान से सुनता है।,वह परीक्षा अच्छे से लिखता है।,रोहन को अच्छे अंक मिलते हैं और वह बहुत खुश होता है।" onCorrect="lido-avatar.avatarAnimate='Success'; this.sleep='2000';" onInCorrect="lido-avatar.avatarAnimate='Fail'; this.sleep='2000';" bg-image="template-assets/bg-images/file-t0u2trya.png">

	
	<lido-cell layout="pos" id="pos1" disable-edit="true" value="pos2" height="landscape.300px,portrait.402px" width="landscape.250px,portrait.398px" x="landscape.68%, portrait.28%" y="landscape.600px, portrait.77%" aria-hidden="true" z="1" bg-color="transparent" visible="true" onEntry="this.lineHeight='1.2';">
		<lido-avatar id="lido-avatar" disable-edit="true" visible="true" height="100%" width="100%" src="template-assets/images/file-kizblp80.riv">
		</lido-avatar>
		<lido-image id="image" disableEdit="true" value="image" visible="true" src="template-assets/images/file-bb1e9p8q.png" bgColor="transparent" width="150px" height="27px" x="45px" y="235px">
		</lido-image>
	</lido-cell>
	
	<lido-cell visible="true" layout="row" width="97%" height="87%" bg-color="transparent" margin="70px 0 0 0">
		
		<lido-cell visible="true" layout="col" width="53%" height="100%" padding="0" bg-color="transparent">
            
			<lido-cell visible="true" layout="row" width="100%" height="22%" bg-color="transparent">
				<lido-image visible="true" width="160px" height="160px" bg-color="white" src="game-assets/images/file-hhaey6th.jpg" />
				<lido-text visible="true" value="रोहन अपनी परीक्षा के लिए नियमित रूप से पढ़ाई करता है।" id="drop1" tab-index="1" disable-speak="true" type="drop" is-allow-only-one-drop="true" width="630px" height="100px" bg-color="white" border-radius="16px" onCorrect="lido-avatar.avatarAnimate='Success';" />
			</lido-cell>
			<lido-cell visible="true" layout="row" width="100%" height="22%" bg-color="transparent">
				<lido-image visible="true" width="160px" height="160px" bg-color="white" src="game-assets/images/file-kurnuo6w.jpg" />
				<lido-text visible="true" value="वह कक्षा में अपने शिक्षक की बात ध्यान से सुनता है।" id="drop2" tab-index="2" disable-speak="true" type="drop" is-allow-only-one-drop="true" width="630px" height="100px" bg-color="white" border-radius="16px" onCorrect="lido-avatar.avatarAnimate='Success';" />
			</lido-cell>
			<lido-cell visible="true" layout="row" width="100%" height="22%" bg-color="transparent">
				<lido-image visible="true" width="160px" height="160px" bg-color="white" src="game-assets/images/file-qbhlzuht.jpg" />
				<lido-text visible="true" value="वह परीक्षा अच्छे से लिखता है।" id="drop3" tab-index="3" disable-speak="true" type="drop" is-allow-only-one-drop="true" width="630px" height="100px" bg-color="white" border-radius="16px" onCorrect="lido-avatar.avatarAnimate='Success';" />
			</lido-cell>
			<lido-cell visible="true" layout="row" width="100%" height="22%" bg-color="transparent">
				<lido-image visible="true" width="160px" height="160px" bg-color="white" src="template-assets/images/file-0lr7k0ig.png" />
				<lido-text visible="true" value="रोहन को अच्छे अंक मिलते हैं और वह बहुत खुश होता है।" id="drop4" tab-index="4" disable-speak="true" type="drop" is-allow-only-one-drop="true" width="630px" height="100px" bg-color="white" border-radius="16px" onCorrect="lido-avatar.avatarAnimate='Success';" />
			</lido-cell>
		</lido-cell>

		
		<lido-cell visible="true" layout="col" width="42%" height="100%" bg-color="transparent">
			<lido-cell visible="true" layout="col" width="100%" height="70%" bg-color="transparent">
                
				<lido-text id="drag1" visible="true" audio="https://aeakbcdznktpsbrfsgys.supabase.co/storage/v1/object/public/template-assets/fill-upAudio.mp3" value="वह कक्षा में अपने शिक्षक की बात ध्यान से सुनता है।" disable-speak="true" type="drag" width="630px" height="100px" bg-color="#FFAC4C" font-size="50px" font-color="black" string="वह कक्षा में अपने शिक्षक की बात ध्यान से सुनता है।" border-radius="16px" onEntry="this.lineHeight='1.2';this.fontWeight='600';" />
				<lido-text id="drag2" visible="true" audio="https://aeakbcdznktpsbrfsgys.supabase.co/storage/v1/object/public/template-assets/fill-upAudio.mp3" value="वह परीक्षा अच्छे से लिखता है।" disable-speak="true" type="drag" width="630px" height="100px" bg-color="#FFAC4C" font-size="50px" font-color="black" string="वह परीक्षा अच्छे से लिखता है।" border-radius="16px" onEntry="this.lineHeight='1.2';this.fontWeight='600';" />
				<lido-text id="drag3" visible="true" audio="https://aeakbcdznktpsbrfsgys.supabase.co/storage/v1/object/public/template-assets/fill-upAudio.mp3" value="रोहन को अच्छे अंक मिलते हैं और वह बहुत खुश होता है।" disable-speak="true" type="drag" width="630px" height="100px" bg-color="#FFAC4C" font-size="50px" font-color="black" string="रोहन को अच्छे अंक मिलते हैं और वह बहुत खुश होता है।" border-radius="16px" onEntry="this.lineHeight='1.2';this.fontWeight='600';" />
				<lido-text id="drag4" visible="true" audio="https://aeakbcdznktpsbrfsgys.supabase.co/storage/v1/object/public/template-assets/fill-upAudio.mp3" value="रोहन अपनी परीक्षा के लिए नियमित रूप से पढ़ाई करता है।" disable-speak="true" type="drag" width="630px" height="100px" bg-color="#FFAC4C" font-size="50px" font-color="black" string="रोहन अपनी परीक्षा के लिए नियमित रूप से पढ़ाई करता है।" border-radius="16px" onEntry="this.lineHeight='1.2';this.fontWeight='600';" />
			</lido-cell>
			<lido-cell visible="true" height="30%" />
		</lido-cell>
	</lido-cell>
</lido-container>
</main>
             
              <lido-container disable-speak="true" template-id="palStoryTale" lang="hi" show-prev-button="false" show-next-button="true" id="lido-container" bg-image="template-assets/bg-images/file-t0u2trya.png" height="1600px" width="900px" value="mainContainer4" objective="" aria-label="" x="0" y="0" z="0" visible="true" audio="" onTouch="" onCorrect="" onEntry="" onInCorrect="lido-avatar.avatarAnimate='Fail'; this.sleep='2000';" show-check="false" is-continue-on-correct="false">
		<lido-cell layout="row" id="cell1" visible="true" margin="99px 164px 0px 0px" value="cell1" width="landscape.87%,portrait.86%" height="landscape.76%,portrait.80%" x="50px" y="50px" bg-color="transparent" onEntry="">
				
			<lido-text id="text1" tab-index="1" audio="game-assets/audio/file-5kj8l0n2.mp3" value="text1" visible="true" width="landscape.100%,portrait.90%" height="100%" bg-color="#FFF5BB" font-family="Baloo Bhai 2" font-size="60px" font-color="#000" string="एक छोटा सा इल्ली नदी में बह रही थी और किनारे तक नहीं पहुँच पा रही थी। उसने कई बार कोशिश की, लेकिन पानी का बहाव बहुत तेज़ था। पेड़ पर बैठा एक पक्षी ने इल्ली को मुश्किल में देखा। पक्षी ने नदी में एक पत्ता गिराया और इल्ली उस पर चढ़कर किनारे तक पहुँच गई। इल्ली ने उसकी मदद करने के लिए पक्षी को धन्यवाद दिया।" onEntry="this.lineHeight='1.2';this.border='2px solid #FFB612'; this.fontWeight='600';this.padding='20px 28px'; this.boxShadow='unset'; this.border-radius='16px'; this.textAlign='start'; this.speak='true';">
			</lido-text>
		</lido-cell>
			
		
            
			<lido-cell layout="pos" id="pos1" disable-edit="true" value="pos1" height="landscape.373px,portrait.401px" width="landscape.344px,portrait.401px" x="landscape.82%, portrait.24%" y="landscape.59%, portrait.83%" aria-hidden="true" z="2" bg-color="transparent" type="" visible="true" audio="" onTouch="" onCorrect="">
		<lido-avatar id="lido-avatar" disable-edit="true" visible="true" height="100%" width="100%" src="template-assets/images/file-h39ikgbp.riv" alt-text="" bg-color="transparent">
		</lido-avatar>
		<lido-image id="image1" disable-edit="true" value="image1" visible="true" src="template-assets/images/file-8ukgswca.png" bg-color="transparent" width="203px" height="32px" x="landscape.73px,portrait.111px" y="landscape.302px,portrait.344px" alt-text="">
		</lido-image>
	</lido-cell>
	</lido-container>
        

         <lido-container lang="hi" disable-speak="true" id="lido-container" value="maincontainer" visible="true" objective="nan" template-id="sentenceMatch" bg-image="template-assets/bg-images/file-6xyit0fw.png" onEntry="text1.speak='true';" is-continue-on-correct="false" onInCorrect="lido-avatar.avatarAnimate='Fail'; this.sleep='2000';" onCorrect="lido-avatar.avatarAnimate='Success'; this.sleep='2000';">
	<lido-cell layout="pos" id="pos1" disable-edit="true" value="pos1" height="landscape.375px,portrait.401px" width="landscape.338px,portrait.401px" x="landscape.1323px, portrait.24%" y="landscape.57%, portrait.83%" aria-hidden="true" z="2" bg-color="transparent" type="" visible="true" audio="" onTouch="" onCorrect="">
		<lido-avatar id="lido-avatar" disable-edit="true" visible="true" height="100%" width="100%" src="template-assets/images/file-h39ikgbp.riv" alt-text="" bg-color="transparent">
		</lido-avatar>
		<lido-image id="image1" disable-edit="true" value="image1" visible="true" src="template-assets/images/file-8ukgswca.png" bg-color="transparent" width="203px" height="32px" x="landscape.74px,portrait.111px" y="landscape.309px,portrait.344px" alt-text="">
		</lido-image>
	</lido-cell>

  
    <lido-cell layout="col" visible="true" bg-Color="transparent" width="landscape.100%,portrait.90%" height="68%" margin="landscape.0px,portrait.-107px 0px 0px 0px">

    
          
			<lido-text id="text1" tab-index="1" disable-edit="true" margin="landscape.0px 0px 0px 0px,portrait.0px 0px 60px 0px" audio="game-assets/audio/file-v5kbeedl.mp3" value="text1" visible="true" width="landscape.94%,portrait.90%" height="35%" bg-color="#FFF5BB" font-family="'Baloo 2', serif" font-size="60px" font-color="#000" string="नदी में कौन था?" y="-14%" onEntry="this.lineHeight='1.2';this.position='relative';this.fontWeight='500';this.padding='20px';this.border='2px solid #FFB612'; this.boxShadow='unset';this.border-radius='16px'; this.textAlign='start'; ">
			</lido-text>
		  
    <lido-cell layout="col" visible="true" width="landscape.53%,portrait.108%" height="216px" bg-Color="transparent" margin="landscape.0px 0px 0px 0px,portrait.0px 0px 0px 0px" x="-5%" onEntry="this.lineHeight='1.2';this.align-items='center'; this.justify-content='center';this.position='relative'; this.gap='25px';">
            <lido-text visible="true" audio="game-assets/audio/file-pkuo09n5.mp3" disable-speak="true" id="option1" font-family="'Baloo Bhai 2'" tab-index="2" font-size="62px" border-radius="12px" font-color="black" height="113px" width="1244px" string="एक पक्षी नदी में था।" value="एक पक्षी नदी में था।" type="click" onEntry="this.lineHeight='1.2';this.font-weight='500';this.padding='0px 64px 0px 64px';">
            </lido-text>
			<lido-text visible="true" audio="game-assets/audio/file-poe5ut1x.mp3" disable-speak="true" id="option2" font-family="'Baloo Bhai 2'" tab-index="3" font-size="62px" border-radius="12px" font-color="black" height="113px" width="1244px" string="एक इल्ली नदी में थी।" value="एक इल्ली नदी में थी।" type="click" onEntry="this.lineHeight='1.2';this.font-weight='500';this.padding='0px 64px 0px 64px';">
            </lido-text>
			<lido-text visible="true" audio="game-assets/audio/file-osym9g6x.mp3" disable-speak="true" id="option3" font-family="'Baloo Bhai 2'" tab-index="4" font-size="62px" border-radius="12px" font-color="black" height="113px" width="1244px" string="एक हाथी नदी में था।" value="एक हाथी नदी में था।" type="click" onEntry="this.lineHeight='1.2';this.font-weight='500';this.padding='0px 64px 0px 64px';">
            </lido-text>
			<lido-text visible="true" audio="game-assets/audio/file-f3j0zz5b.mp3" disable-speak="true" id="option4" font-family="'Baloo Bhai 2'" tab-index="5" font-size="62px" border-radius="12px" font-color="black" height="113px" width="1244px" string="एक पतंग नदी में थी।" value="एक पतंग नदी में थी।" type="click" onEntry="this.lineHeight='1.2';this.font-weight='500';this.padding='0px 64px 0px 64px';">
            </lido-text>
		</lido-cell>
	</lido-cell>

</lido-container>
        

         <lido-container lang="hi" disable-speak="true" id="lido-container" value="maincontainer" visible="true" objective="nan" template-id="sentenceMatch" bg-image="template-assets/bg-images/file-6xyit0fw.png" onEntry="text1.speak='true';" is-continue-on-correct="false" onInCorrect="lido-avatar.avatarAnimate='Fail'; this.sleep='2000';" onCorrect="lido-avatar.avatarAnimate='Success'; this.sleep='2000';">
	<lido-cell layout="pos" id="pos1" disable-edit="true" value="pos1" height="landscape.375px,portrait.401px" width="landscape.338px,portrait.401px" x="landscape.1323px, portrait.24%" y="landscape.57%, portrait.83%" aria-hidden="true" z="2" bg-color="transparent" type="" visible="true" audio="" onTouch="" onCorrect="">
		<lido-avatar id="lido-avatar" disable-edit="true" visible="true" height="100%" width="100%" src="template-assets/images/file-h39ikgbp.riv" alt-text="" bg-color="transparent">
		</lido-avatar>
		<lido-image id="image1" disable-edit="true" value="image1" visible="true" src="template-assets/images/file-8ukgswca.png" bg-color="transparent" width="203px" height="32px" x="landscape.74px,portrait.111px" y="landscape.309px,portrait.344px" alt-text="">
		</lido-image>
	</lido-cell>

  
    <lido-cell layout="col" visible="true" bg-Color="transparent" width="landscape.100%,portrait.90%" height="68%" margin="landscape.0px,portrait.-107px 0px 0px 0px">

    
          
			<lido-text id="text1" tab-index="1" disable-edit="true" margin="landscape.0px 0px 0px 0px,portrait.0px 0px 60px 0px" audio="game-assets/audio/file-17ug9i4a.mp3" value="text1" visible="true" width="landscape.94%,portrait.90%" height="35%" bg-color="#FFF5BB" font-family="'Baloo 2', serif" font-size="60px" font-color="#000" string="इल्ली किनारे तक क्यों नहीं पहुँच पाई?" y="-14%" onEntry="this.lineHeight='1.2';this.position='relative';this.fontWeight='500';this.padding='20px';this.border='2px solid #FFB612'; this.boxShadow='unset';this.border-radius='16px'; this.textAlign='start'; ">
			</lido-text>
		  
    <lido-cell layout="col" visible="true" width="landscape.53%,portrait.108%" height="216px" bg-Color="transparent" margin="landscape.0px 0px 0px 0px,portrait.0px 0px 0px 0px" x="-5%" onEntry="this.lineHeight='1.2';this.align-items='center'; this.justify-content='center';this.position='relative'; this.gap='25px';">
            <lido-text visible="true" audio="game-assets/audio/file-8b59atnm.mp3" disable-speak="true" id="option1" font-family="'Baloo Bhai 2'" tab-index="2" font-size="62px" border-radius="12px" font-color="black" height="113px" width="1244px" string="पानी का बहाव बहुत तेज़ था।" value="पानी का बहाव बहुत तेज़ था।" type="click" onEntry="this.lineHeight='1.2';this.font-weight='500';this.padding='0px 64px 0px 64px';">
            </lido-text>
			<lido-text visible="true" audio="game-assets/audio/file-1q84wphg.mp3" disable-speak="true" id="option2" font-family="'Baloo Bhai 2'" tab-index="3" font-size="62px" border-radius="12px" font-color="black" height="113px" width="1244px" string="नदी गंदी थी।" value="नदी गंदी थी।" type="click" onEntry="this.lineHeight='1.2';this.font-weight='500';this.padding='0px 64px 0px 64px';">
            </lido-text>
			<lido-text visible="true" audio="game-assets/audio/file-dgz2ztoe.mp3" disable-speak="true" id="option3" font-family="'Baloo Bhai 2'" tab-index="4" font-size="62px" border-radius="12px" font-color="black" height="113px" width="1244px" string="वह सो रही थी।" value="वह सो रही थी।" type="click" onEntry="this.lineHeight='1.2';this.font-weight='500';this.padding='0px 64px 0px 64px';">
            </lido-text>
			<lido-text visible="true" audio="game-assets/audio/file-cnz65z75.mp3" disable-speak="true" id="option4" font-family="'Baloo Bhai 2'" tab-index="5" font-size="62px" border-radius="12px" font-color="black" height="113px" width="1244px" string="वह घायल थी।" value="वह घायल थी।" type="click" onEntry="this.lineHeight='1.2';this.font-weight='500';this.padding='0px 64px 0px 64px';">
            </lido-text>
		</lido-cell>
	</lido-cell>

</lido-container>
        

         <lido-container lang="hi" disable-speak="true" id="lido-container" value="maincontainer" visible="true" objective="nan" template-id="sentenceMatch" bg-image="template-assets/bg-images/file-6xyit0fw.png" onEntry="text1.speak='true';" is-continue-on-correct="false" onInCorrect="lido-avatar.avatarAnimate='Fail'; this.sleep='2000';" onCorrect="lido-avatar.avatarAnimate='Success'; this.sleep='2000';">
	<lido-cell layout="pos" id="pos1" disable-edit="true" value="pos1" height="landscape.375px,portrait.401px" width="landscape.338px,portrait.401px" x="landscape.1323px, portrait.24%" y="landscape.57%, portrait.83%" aria-hidden="true" z="2" bg-color="transparent" type="" visible="true" audio="" onTouch="" onCorrect="">
		<lido-avatar id="lido-avatar" disable-edit="true" visible="true" height="100%" width="100%" src="template-assets/images/file-h39ikgbp.riv" alt-text="" bg-color="transparent">
		</lido-avatar>
		<lido-image id="image1" disable-edit="true" value="image1" visible="true" src="template-assets/images/file-8ukgswca.png" bg-color="transparent" width="203px" height="32px" x="landscape.74px,portrait.111px" y="landscape.309px,portrait.344px" alt-text="">
		</lido-image>
	</lido-cell>

  
    <lido-cell layout="col" visible="true" bg-Color="transparent" width="landscape.100%,portrait.90%" height="68%" margin="landscape.0px,portrait.-107px 0px 0px 0px">

    
          
			<lido-text id="text1" tab-index="1" disable-edit="true" margin="landscape.0px 0px 0px 0px,portrait.0px 0px 60px 0px" audio="game-assets/audio/file-1v2qxihy.mp3" value="text1" visible="true" width="landscape.94%,portrait.90%" height="35%" bg-color="#FFF5BB" font-family="'Baloo 2', serif" font-size="60px" font-color="#000" string="इल्ली को मुश्किल में किसने देखा?" y="-14%" onEntry="this.lineHeight='1.2';this.position='relative';this.fontWeight='500';this.padding='20px';this.border='2px solid #FFB612'; this.boxShadow='unset';this.border-radius='16px'; this.textAlign='start'; ">
			</lido-text>
		  
    <lido-cell layout="col" visible="true" width="landscape.53%,portrait.108%" height="216px" bg-Color="transparent" margin="landscape.0px 0px 0px 0px,portrait.0px 0px 0px 0px" x="-5%" onEntry="this.lineHeight='1.2';this.align-items='center'; this.justify-content='center';this.position='relative'; this.gap='25px';">
            <lido-text visible="true" audio="game-assets/audio/file-ws9jl7k8.mp3" disable-speak="true" id="option1" font-family="'Baloo Bhai 2'" tab-index="2" font-size="62px" border-radius="12px" font-color="black" height="113px" width="1244px" string="एक कुत्ते ने इल्ली को मुश्किल में देखा।" value="एक कुत्ते ने इल्ली को मुश्किल में देखा।" type="click" onEntry="this.lineHeight='1.2';this.font-weight='500';this.padding='0px 64px 0px 64px';">
            </lido-text>
			<lido-text visible="true" audio="game-assets/audio/file-6153baoa.mp3" disable-speak="true" id="option2" font-family="'Baloo Bhai 2'" tab-index="3" font-size="62px" border-radius="12px" font-color="black" height="113px" width="1244px" string="एक गाय ने इल्ली को मुश्किल में देखा।" value="एक गाय ने इल्ली को मुश्किल में देखा।" type="click" onEntry="this.lineHeight='1.2';this.font-weight='500';this.padding='0px 64px 0px 64px';">
            </lido-text>
			<lido-text visible="true" audio="game-assets/audio/file-2x8amw9v.mp3" disable-speak="true" id="option3" font-family="'Baloo Bhai 2'" tab-index="4" font-size="62px" border-radius="12px" font-color="black" height="113px" width="1244px" string="एक बिल्ली ने इल्ली को मुश्किल में देखा।" value="एक बिल्ली ने इल्ली को मुश्किल में देखा।" type="click" onEntry="this.lineHeight='1.2';this.font-weight='500';this.padding='0px 64px 0px 64px';">
            </lido-text>
			<lido-text visible="true" audio="game-assets/audio/file-k9e03b3h.mp3" disable-speak="true" id="option4" font-family="'Baloo Bhai 2'" tab-index="5" font-size="62px" border-radius="12px" font-color="black" height="113px" width="1244px" string="एक पक्षी ने इल्ली को मुश्किल में देखा।" value="एक पक्षी ने इल्ली को मुश्किल में देखा।" type="click" onEntry="this.lineHeight='1.2';this.font-weight='500';this.padding='0px 64px 0px 64px';">
            </lido-text>
		</lido-cell>
	</lido-cell>

</lido-container>
        

         <lido-container lang="hi" disable-speak="true" id="lido-container" value="maincontainer" visible="true" objective="nan" template-id="sentenceMatch" bg-image="template-assets/bg-images/file-6xyit0fw.png" onEntry="text1.speak='true';" is-continue-on-correct="false" onInCorrect="lido-avatar.avatarAnimate='Fail'; this.sleep='2000';" onCorrect="lido-avatar.avatarAnimate='Success'; this.sleep='2000';">
	<lido-cell layout="pos" id="pos1" disable-edit="true" value="pos1" height="landscape.375px,portrait.401px" width="landscape.338px,portrait.401px" x="landscape.1323px, portrait.24%" y="landscape.57%, portrait.83%" aria-hidden="true" z="2" bg-color="transparent" type="" visible="true" audio="" onTouch="" onCorrect="">
		<lido-avatar id="lido-avatar" disable-edit="true" visible="true" height="100%" width="100%" src="template-assets/images/file-h39ikgbp.riv" alt-text="" bg-color="transparent">
		</lido-avatar>
		<lido-image id="image1" disable-edit="true" value="image1" visible="true" src="template-assets/images/file-8ukgswca.png" bg-color="transparent" width="203px" height="32px" x="landscape.74px,portrait.111px" y="landscape.309px,portrait.344px" alt-text="">
		</lido-image>
	</lido-cell>

  
    <lido-cell layout="col" visible="true" bg-Color="transparent" width="landscape.100%,portrait.90%" height="68%" margin="landscape.0px,portrait.-107px 0px 0px 0px">

    
          
			<lido-text id="text1" tab-index="1" disable-edit="true" margin="landscape.0px 0px 0px 0px,portrait.0px 0px 60px 0px" audio="game-assets/audio/file-9g59idfz.mp3" value="text1" visible="true" width="landscape.94%,portrait.90%" height="35%" bg-color="#FFF5BB" font-family="'Baloo 2', serif" font-size="60px" font-color="#000" string="पक्षी ने नदी में क्या गिराया?" y="-14%" onEntry="this.lineHeight='1.2';this.position='relative';this.fontWeight='500';this.padding='20px';this.border='2px solid #FFB612'; this.boxShadow='unset';this.border-radius='16px'; this.textAlign='start'; ">
			</lido-text>
		  
    <lido-cell layout="col" visible="true" width="landscape.53%,portrait.108%" height="216px" bg-Color="transparent" margin="landscape.0px 0px 0px 0px,portrait.0px 0px 0px 0px" x="-5%" onEntry="this.lineHeight='1.2';this.align-items='center'; this.justify-content='center';this.position='relative'; this.gap='25px';">
            <lido-text visible="true" audio="game-assets/audio/file-txsb31ud.mp3" disable-speak="true" id="option1" font-family="'Baloo Bhai 2'" tab-index="2" font-size="62px" border-radius="12px" font-color="black" height="113px" width="1244px" string="पक्षी ने नदी में पत्थर गिराया।" value="पक्षी ने नदी में पत्थर गिराया।" type="click" onEntry="this.lineHeight='1.2';this.font-weight='500';this.padding='0px 64px 0px 64px';">
            </lido-text>
			<lido-text visible="true" audio="game-assets/audio/file-bvabh0fh.mp3" disable-speak="true" id="option2" font-family="'Baloo Bhai 2'" tab-index="3" font-size="62px" border-radius="12px" font-color="black" height="113px" width="1244px" string="पक्षी ने नदी में लकड़ी गिराई।" value="पक्षी ने नदी में लकड़ी गिराई।" type="click" onEntry="this.lineHeight='1.2';this.font-weight='500';this.padding='0px 64px 0px 64px';">
            </lido-text>
			<lido-text visible="true" audio="game-assets/audio/file-tmj5m4bq.mp3" disable-speak="true" id="option3" font-family="'Baloo Bhai 2'" tab-index="4" font-size="62px" border-radius="12px" font-color="black" height="113px" width="1244px" string="पक्षी ने नदी में पत्ता गिराया।" value="पक्षी ने नदी में पत्ता गिराया।" type="click" onEntry="this.lineHeight='1.2';this.font-weight='500';this.padding='0px 64px 0px 64px';">
            </lido-text>
			<lido-text visible="true" audio="game-assets/audio/file-m6orkf6d.mp3" disable-speak="true" id="option4" font-family="'Baloo Bhai 2'" tab-index="5" font-size="62px" border-radius="12px" font-color="black" height="113px" width="1244px" string="पक्षी ने नदी में रस्सी गिराई।" value="पक्षी ने नदी में रस्सी गिराई।" type="click" onEntry="this.lineHeight='1.2';this.font-weight='500';this.padding='0px 64px 0px 64px';">
            </lido-text>
		</lido-cell>
	</lido-cell>

</lido-container>
        

         <lido-container lang="hi" disable-speak="true" id="lido-container" value="maincontainer" visible="true" objective="nan" template-id="sentenceMatch" bg-image="template-assets/bg-images/file-6xyit0fw.png" onEntry="text1.speak='true';" is-continue-on-correct="false" onInCorrect="lido-avatar.avatarAnimate='Fail'; this.sleep='2000';" onCorrect="lido-avatar.avatarAnimate='Success'; this.sleep='2000';">
	<lido-cell layout="pos" id="pos1" disable-edit="true" value="pos1" height="landscape.375px,portrait.401px" width="landscape.338px,portrait.401px" x="landscape.1323px, portrait.24%" y="landscape.57%, portrait.83%" aria-hidden="true" z="2" bg-color="transparent" type="" visible="true" audio="" onTouch="" onCorrect="">
		<lido-avatar id="lido-avatar" disable-edit="true" visible="true" height="100%" width="100%" src="template-assets/images/file-h39ikgbp.riv" alt-text="" bg-color="transparent">
		</lido-avatar>
		<lido-image id="image1" disable-edit="true" value="image1" visible="true" src="template-assets/images/file-8ukgswca.png" bg-color="transparent" width="203px" height="32px" x="landscape.74px,portrait.111px" y="landscape.309px,portrait.344px" alt-text="">
		</lido-image>
	</lido-cell>

  
    <lido-cell layout="col" visible="true" bg-Color="transparent" width="landscape.100%,portrait.90%" height="68%" margin="landscape.0px,portrait.-107px 0px 0px 0px">

    
          
			<lido-text id="text1" tab-index="1" disable-edit="true" margin="landscape.0px 0px 0px 0px,portrait.0px 0px 60px 0px" audio="game-assets/audio/file-lsgh77kz.mp3" value="text1" visible="true" width="landscape.94%,portrait.90%" height="35%" bg-color="#FFF5BB" font-family="'Baloo 2', serif" font-size="60px" font-color="#000" string="अंत में इल्ली ने क्या किया?" y="-14%" onEntry="this.lineHeight='1.2';this.position='relative';this.fontWeight='500';this.padding='20px';this.border='2px solid #FFB612'; this.boxShadow='unset';this.border-radius='16px'; this.textAlign='start'; ">
			</lido-text>
		  
    <lido-cell layout="col" visible="true" width="landscape.53%,portrait.108%" height="216px" bg-Color="transparent" margin="landscape.0px 0px 0px 0px,portrait.0px 0px 0px 0px" x="-5%" onEntry="this.lineHeight='1.2';this.align-items='center'; this.justify-content='center';this.position='relative'; this.gap='25px';">
            <lido-text visible="true" audio="game-assets/audio/file-y38gvftq.mp3" disable-speak="true" id="option1" font-family="'Baloo Bhai 2'" tab-index="2" font-size="62px" border-radius="12px" font-color="black" height="113px" width="1244px" string="इल्ली चली गई।" value="इल्ली चली गई।" type="click" onEntry="this.lineHeight='1.2';this.font-weight='500';this.padding='0px 64px 0px 64px';">
            </lido-text>
			<lido-text visible="true" audio="game-assets/audio/file-d5rxblb9.mp3" disable-speak="true" id="option2" font-family="'Baloo Bhai 2'" tab-index="3" font-size="62px" border-radius="12px" font-color="black" height="113px" width="1244px" string="इल्ली सो गई।" value="इल्ली सो गई।" type="click" onEntry="this.lineHeight='1.2';this.font-weight='500';this.padding='0px 64px 0px 64px';">
            </lido-text>
			<lido-text visible="true" audio="game-assets/audio/file-jkp2d9ll.mp3" disable-speak="true" id="option3" font-family="'Baloo Bhai 2'" tab-index="4" font-size="62px" border-radius="12px" font-color="black" height="113px" width="1244px" string="इल्ली उड़ गई।" value="इल्ली उड़ गई।" type="click" onEntry="this.lineHeight='1.2';this.font-weight='500';this.padding='0px 64px 0px 64px';">
            </lido-text>
			<lido-text visible="true" audio="game-assets/audio/file-evpfdv58.mp3" disable-speak="true" id="option4" font-family="'Baloo Bhai 2'" tab-index="5" font-size="62px" border-radius="12px" font-color="black" height="113px" width="1244px" string="इल्ली ने पक्षी को धन्यवाद दिया।" value="इल्ली ने पक्षी को धन्यवाद दिया।" type="click" onEntry="this.lineHeight='1.2';this.font-weight='500';this.padding='0px 64px 0px 64px';">
            </lido-text>
		</lido-cell>
	</lido-cell>

</lido-container>
        
</root>