[1,["282iN1HhlA/onUPNApe033","4aCQSKtQ5FrogcG5iTJJSv","2eXDveccpPkLzaWx0IT8fB","19ieIOq8ZNOZ5UQdEd8jfR","24trBQQP5OarO30i/dGhYW","5d+PvgSqxLspo041BasqO2","7aP7kN72hLPYxYHW0ACP0w","admIBaCoxJQ5wMZ2xX+hi6"],["_textureSetter"],["cc.Texture2D","cc.SpriteFrame",["cc.AudioClip",["_name","_native","duration"],0],["cc.JsonAsset",["_name","json"],1]],[[2,0,1,2,4],[3,0,1,3]],[[["0,9729,9729,33071,33071,0,0,1",-1],[0],0,[],[],[]],[[{"name":"Greenplank","rect":[0,0,512,387],"offset":[0,0],"originalSize":[512,387],"capInsets":[0,0,0,0]}],[1],0,[0],[0],[0]],[["0,9729,9729,33071,33071,0,0,1",-1],[0],0,[],[],[]],[[[0,"The_green_snake_is_the_longest",".mp3",3.030204],-1],0,0,[],[],[]],[["0,9729,9729,33071,33071,0,0,1",-1],[0],0,[],[],[]],[["0,9729,9729,33071,33071,0,0,1",-1],[0],0,[],[],[]],[[[1,"en3614",{"rows":[["createsentence","1","Description","The/green/pole/is/the/longest.","red","blue_pole_shortest.png","The_green_pole_is_the_longest.mp3"],["createsentence","1","Description","The/boat/with/blue/dot/is/the/longtest.","green","boats_length.png","The_boat_with_blue_dot_is_the_longtest.mp3"],["createsentence","1","Description","The/green/ribbon/is/the/shortest.","blue","blue_ribbon_longest.png","The_green_ribbon_is_the_shortest.mp3"],["createsentence","1","Description","The/boy/is/the/shortest.","man","boy-shortest.png","The_boy_is_the_shortest.mp3"],["createsentence","1","Description","The/green/snake/is/the/longest.","brown","green_snake.png","The_green_snake_is_the_longest.mp3"],["createsentence","1","Description","The/red/plank/is/the/shortest.","blue","Greenplank.png","The_red_plank_is_the_shortest.mp3"],["createsentence","1","Description","The/girl/in/green/is/the/shortest.","pink","pink_tallest.png","The_girl_in_green_is_the_shortest.mp3"],["createsentence","1","Description","The/pink/feather/is/the/shortest.","orange","white-feather.png","The_pink_feather_is_the_shortest.mp3"],["quizliteracy","1","Description","soundonly_image","blue_ribbon_longest.png","Greenplank.png","blue_pole_shortest.png","blue_ribbon_longest.png","","","The_green_ribbon_is_the_shortest.mp3"],["quizliteracy","1","Description","soundonly_image","boy-shortest.png","boy-shortest.png","pink_tallest.png","blue_pole_shortest.png","","","The_boy_is_the_shortest.mp3"],["quizliteracy","1","Description","soundonly_image","blue_pole_shortest.png","blue_pole_shortest.png","boy-shortest.png","Greenplank.png","","","The_green_pole_is_the_longest.mp3"]]}]],0,0,[],[],[]],[[{"name":"blue_pole_shortest","rect":[0,0,512,308],"offset":[0,0],"originalSize":[512,308],"capInsets":[0,0,0,0]}],[1],0,[0],[0],[1]],[[[0,"The_boat_with_blue_dot_is_the_longtest",".mp3",3.63102],-1],0,0,[],[],[]],[[[0,"The_girl_in_green_is_the_shortest",".mp3",2.586122],-1],0,0,[],[],[]],[["0,9729,9729,33071,33071,0,0,1",-1],[0],0,[],[],[]],[[[0,"The_boy_is_the_shortest",".mp3",1.959184],-1],0,0,[],[],[]],[[{"name":"boats_length","rect":[0,0,460,512],"offset":[0,0],"originalSize":[460,512],"capInsets":[0,0,0,0]}],[1],0,[0],[0],[2]],[["0,9729,9729,33071,33071,0,0,1",-1],[0],0,[],[],[]],[[{"name":"blue_ribbon_longest","rect":[0,0,512,358],"offset":[0,0],"originalSize":[512,358],"capInsets":[0,0,0,0]}],[1],0,[0],[0],[3]],[[[0,"The_red_plank_is_the_shortest",".mp3",2.925714],-1],0,0,[],[],[]],[["0,9729,9729,33071,33071,0,0,1",-1],[0],0,[],[],[]],[[[0,"The_green_pole_is_the_longest",".mp3",2.246531],-1],0,0,[],[],[]],[["0,9729,9729,33071,33071,0,0,1",-1],[0],0,[],[],[]],[[{"name":"white-feather","rect":[0,0,512,497],"offset":[0,0],"originalSize":[512,497],"capInsets":[0,0,0,0]}],[1],0,[0],[0],[4]],[[{"name":"pink_tallest","rect":[0,0,512,510],"offset":[0,0],"originalSize":[512,510],"capInsets":[0,0,0,0]}],[1],0,[0],[0],[5]],[[[0,"The_pink_feather_is_the_shortest",".mp3",2.246531],-1],0,0,[],[],[]],[[{"name":"boy-shortest","rect":[0,0,483,512],"offset":[0,0],"originalSize":[483,512],"capInsets":[0,0,0,0]}],[1],0,[0],[0],[6]],[[{"name":"green_snake","rect":[0,0,512,400],"offset":[0,0],"originalSize":[512,400],"capInsets":[0,0,0,0]}],[1],0,[0],[0],[7]],[[[0,"The_green_ribbon_is_the_shortest",".mp3",2.168163],-1],0,0,[],[],[]]]]