[1,["c9+Nu1SU9KgJXRT9KpKlh1","7cmuLS3/1Agqtjw8oTXRl4","71tJUDHAJM7borpBMdAwD7"],["_textureSetter"],["cc.SpriteFrame","cc.Texture2D",["cc.AudioClip",["_name","_native","duration"],0],["cc.JsonAsset",["_name","json"],1]],[[2,0,1,2,4],[3,0,1,3]],[[[[0,"l",".mp3",0.768],-1],0,0,[],[],[]],[[[0,"lamp",".mp3",0.888],-1],0,0,[],[],[]],[[{"name":"lamp","rect":[0,0,500,625],"offset":[0,0],"originalSize":[500,625],"capInsets":[0,0,0,0]}],[0],0,[0],[0],[0]],[[[1,"en0105",{"rows":[["balloonpop","1","Description","2","l","5","l,k,j","l.mp3"],["writeletter","1","Description","l","-"],["writecard","1","Description","l","lamp","lamp.png","lamp.mp3","leg","leg.png","leg.mp3","lion","lion1.png","lion.mp3"],["quizliteracy","1","Description","soundonly_word","l","l","m","q","","","l.mp3"],["quizliteracy","1","Description","word_word","l","l","t","a","","l"],["quizliteracy","1","Description","soundonly_word","l","l","g","b","","","l.mp3"]]}]],0,0,[],[],[]],[["0,9729,9729,33071,33071,0,0,1",-1],[1],0,[],[],[]],[["0,9729,9729,33071,33071,0,0,1",-1],[1],0,[],[],[]],[[[0,"lion",".mp3",1.032],-1],0,0,[],[],[]],[[{"name":"lion1","rect":[15,18,370,297],"offset":[0,0],"originalSize":[400,333],"capInsets":[0,0,0,0]}],[0],0,[0],[0],[1]],[[{"name":"leg","rect":[97,0,380,512],"offset":[48.5,0],"originalSize":[477,512],"capInsets":[0,0,0,0]}],[0],0,[0],[0],[2]],[["0,9729,9729,33071,33071,0,0,1",-1],[1],0,[],[],[]],[[[0,"leg",".mp3",0.888],-1],0,0,[],[],[]]]]