[1,["1avletNjFCy7oX46v0GrQB","cb/o0LaVNCV7rj+8wMOQrf","97oW58THFJYK8K6iHSgpbq","b81XXXU+BAUpot9ko8G87n","80zwp2AiJEQLytWbamS1CK"],["_textureSetter"],["cc.Texture2D","cc.SpriteFrame",["cc.AudioClip",["_name","_native","duration"],0],["cc.JsonAsset",["_name","json"],1]],[[2,0,1,2,4],[3,0,1,3]],[[["0,9729,9729,33071,33071,0,0,1",-1],[0],0,[],[],[]],[[{"name":"dawn","rect":[0,0,800,533],"offset":[0,0],"originalSize":[800,533],"capInsets":[0,0,0,0]}],[1],0,[0],[0],[0]],[[[0,"ನೈದಿಲೆ",".mp3",0.816],-1],0,0,[],[],[]],[[[0,"ಪೈ",".mp3",0.6],-1],0,0,[],[],[]],[[[1,"kn2011",{"rows":[["phonictractor","1","Description","4","ಪೈರು","ಪೈರು.mp3","ಪೈ","ಪೈ.mp3","ರು","ರು.mp3"],["openwindow","1","Description","LEGIT","ತೈ,ಲ","oil.png","flower.png","ತೈಲ.mp3","ತೈ,ಲ"],["phonictractor","1","Description","4","ದೈವ","ದೈವ.mp3","ದೈ","ದೈ.mp3","ವ","ವ.mp3"],["spelldoor","1","Description","ಮೈ","*","0","0","body.png","ಮೈ.mp3"],["spelldoor","1","Description","ಬೈಗು","**","0","0","dawn.png","ಬೈಗು.mp3"],["spelldoor","1","Description","ನೈದಿಲೆ","*ದಿಲೆ","0","0","lily.png","ನೈದಿಲೆ.mp3"],["quizliteracy","1","Description","word_word","ಪೈ","ಪೈ","ಡೈ","ಮೈ","","__ರು","ಪೈರು.mp3"],["quizliteracy","1","Description","soundonly_word","ಬೈಗು","ನೈದಿಲೆ","ತೈಲ","ಬೈಗು","","","ಬೈಗು.mp3"],["quizliteracy","1","Description","soundonly_word","ನೈದಿಲೆ","ಬೈಗು","ನೈದಿಲೆ","ಪೈರು","","","ನೈದಿಲೆ.mp3"]]}]],0,0,[],[],[]],[[[0,"ತೈಲ",".mp3",0.696],-1],0,0,[],[],[]],[[[0,"ರು",".mp3",0.528],-1],0,0,[],[],[]],[[{"name":"lily","rect":[0,0,800,534],"offset":[0,0],"originalSize":[800,534],"capInsets":[0,0,0,0]}],[1],0,[0],[0],[1]],[[[0,"ಪೈರು",".mp3",0.72],-1],0,0,[],[],[]],[["0,9729,9729,33071,33071,0,0,1",-1],[0],0,[],[],[]],[[{"name":"flower","rect":[0,0,800,590],"offset":[0,0],"originalSize":[800,590],"capInsets":[0,0,0,0]}],[1],0,[0],[0],[2]],[["0,9729,9729,33071,33071,0,0,1",-1],[0],0,[],[],[]],[[{"name":"body","rect":[0,0,533,800],"offset":[0,0],"originalSize":[533,800],"capInsets":[0,0,0,0]}],[1],0,[0],[0],[3]],[[[0,"ಮೈ",".mp3",0.576],-1],0,0,[],[],[]],[["0,9729,9729,33071,33071,0,0,1",-1],[0],0,[],[],[]],[[{"name":"oil","rect":[0,0,533,800],"offset":[0,0],"originalSize":[533,800],"capInsets":[0,0,0,0]}],[1],0,[0],[0],[4]],[["0,9729,9729,33071,33071,0,0,1",-1],[0],0,[],[],[]],[[[0,"ದೈ",".mp3",0.624],-1],0,0,[],[],[]],[[[0,"ಬೈಗು",".mp3",0.768],-1],0,0,[],[],[]],[[[0,"ವ",".mp3",0.48],-1],0,0,[],[],[]],[[[0,"ದೈವ",".mp3",0.696],-1],0,0,[],[],[]]]]