[1,["5cNulyEjNGHK+lBH4P5Ca2"],["_textureSetter"],["cc.Texture2D","cc.SpriteFrame",["cc.AudioClip",["_name","_native","duration"],0],["cc.JsonAsset",["_name","json"],1]],[[2,0,1,2,4],[3,0,1,3]],[[[[0,"drive",".mp3",0.731429],-1],0,0,[],[],[]],[[[0,"cross",".mp3",0.653061],-1],0,0,[],[],[]],[[[0,"face",".mp3",0.809796],-1],0,0,[],[],[]],[[[0,"dress",".mp3",0.783673],-1],0,0,[],[],[]],[[[0,"mike",".mp3",0.757551],-1],0,0,[],[],[]],[[[1,"sl_en1307",{"rows":[["grid","1","Description","t,f","ake,ire"],["spelldoor","1","Description","fire","f*re","0","2","spelling_fire.png","fire.mp3"],["grid","1","Description","m,p","ale,ile"],["grid","1","Description","p,t","ie,ile,ool"],["grid","1","Description","f","ace,ive,ume"],["speakingpet","1","Description","dr.mp3","cr.mp3","dress","dress.mp3","A","1,2","drive","drive.mp3","A","1,2","crab","crab.mp3","B","1,2","cross","cross.mp3","B","1,2"],["grid","1","Description","l","ike,ate,ute"],["grid","1","Description","v,f,m","ase,ike"],["quizliteracy","1","Description","word_word","ire","ire","ick","ool","","f__","fire.mp3"],["quizliteracy","1","Description","word_word","ive","ick","ool","ive","","dr___","drive.mp3"],["quizliteracy","1","Description","word_word","ike","ole","ike","ill","","b___","bike.mp3"],["quizliteracy","1","Description","word_word","ike","ike","ill","ire","","m___","mike.mp3"]]}]],0,0,[],[],[]],[[[0,"five",".mp3",0.835918],-1],0,0,[],[],[]],[["0,9729,9729,33071,33071,0,0,1",-1],[0],0,[],[],[]],[[[0,"late",".mp3",0.705306],-1],0,0,[],[],[]],[[[0,"vase",".mp3",0.914286],-1],0,0,[],[],[]],[[[0,"cr",".mp3",1.436735],-1],0,0,[],[],[]],[[[0,"dr",".mp3",1.104],-1],0,0,[],[],[]],[[[0,"fire",".mp3",0.679184],-1],0,0,[],[],[]],[[{"name":"spelling_fire","rect":[0,0,370,273],"offset":[0,0],"originalSize":[370,273],"capInsets":[0,0,0,0]}],[1],0,[0],[0],[0]],[[[0,"crab",".mp3",0.600816],-1],0,0,[],[],[]],[[[0,"bike",".mp3",0.574694],-1],0,0,[],[],[]]]]