[1,["96+M/+5XZAYpwGY8MYHx+k","18FWOUwrlMHLAh8cyWEzda","59vtWP3RFDYoOR8Q2Sxwqo","ff1saR35hCWKJBsHfr0E1a","bf7S313l9P4YwZXLGCy8N/","29uqfumL5G3JJLCVSQG3yn","7dm7LCVn9PzZUsb8angesd"],["_textureSetter"],["cc.SpriteFrame","cc.Texture2D",["cc.JsonAsset",["_name","json"],1],["cc.AudioClip",["_name","_native","duration"],0]],[[3,0,1,2,4],[2,0,1,3]],[[[{"name":"fifty","rect":[0,0,512,503],"offset":[0,0],"originalSize":[512,503],"capInsets":[0,0,0,0]}],[0],0,[0],[0],[0]],[["0,9729,9729,33071,33071,0,0,1",-1],[1],0,[],[],[]],[[{"name":"fifteen","rect":[0,0,512,503],"offset":[0,0],"originalSize":[512,503],"capInsets":[0,0,0,0]}],[0],0,[0],[0],[1]],[["0,9729,9729,33071,33071,0,0,1",-1],[1],0,[],[],[]],[[[1,"sl_en3405",{"rows":[["spelldoor","1","Description","nine","****","4","4","nine.png","nine.mp3"],["spelldoor","1","Description","eleven","******","4","4","eleven.png","eleven.mp3"],["spelldoor","1","Description","fifty","*****","4","4","fifty.png","fifty.mp3"],["spelldoor","1","Description","twelve","*we**e","4","4","twelve.png","twelve.mp3"],["spelldoor","1","Description","fifteen","*****en","4","4","fifteen.png","fifteen.mp3"],["spelldoor","1","Description","sixteen","***teen","4","4","sixteen.png","sixteen.mp3"],["spelldoor","1","Description","three","****e","4","4","three.png","three.mp3"],["quizliteracy","1","Description","word_word","ven","our","rty","ven","","ele___","eleven.mp3"],["quizliteracy","1","Description","soundonly_word","twelve","twelve","nine","fifteen","","","twelve.mp3"],["quizliteracy","1","Description","image_word","three","nine","fifteen","three","three.png"]]}]],0,0,[],[],[]],[["0,9729,9729,33071,33071,0,0,1",-1],[1],0,[],[],[]],[[{"name":"three","rect":[0,0,512,503],"offset":[0,0],"originalSize":[512,503],"capInsets":[0,0,0,0]}],[0],0,[0],[0],[2]],[[{"name":"eleven","rect":[0,0,512,503],"offset":[0,0],"originalSize":[512,503],"capInsets":[0,0,0,0]}],[0],0,[0],[0],[3]],[[{"name":"nine","rect":[0,0,512,503],"offset":[0,0],"originalSize":[512,503],"capInsets":[0,0,0,0]}],[0],0,[0],[0],[4]],[["0,9729,9729,33071,33071,0,0,1",-1],[1],0,[],[],[]],[["0,9729,9729,33071,33071,0,0,1",-1],[1],0,[],[],[]],[[{"name":"twelve","rect":[0,0,2109,2070],"offset":[0,0],"originalSize":[2109,2070],"capInsets":[0,0,0,0]}],[0],0,[0],[0],[5]],[["0,9729,9729,33071,33071,0,0,1",-1],[1],0,[],[],[]],[[[0,"three",".mp3",0.653061],-1],0,0,[],[],[]],[[[0,"nine",".mp3",0.783673],-1],0,0,[],[],[]],[[{"name":"sixteen","rect":[0,0,512,503],"offset":[0,0],"originalSize":[512,503],"capInsets":[0,0,0,0]}],[0],0,[0],[0],[6]],[["0,9729,9729,33071,33071,0,0,1",-1],[1],0,[],[],[]]]]