[1,["aeIPZzhERK+IXNbmRPJAZt","f4KI+HVaxHyZkCJXEaeUb5","a2SeOK2H5CgKAEblIStBwV"],["_textureSetter"],["cc.SpriteFrame","cc.Texture2D",["cc.AudioClip",["_name","_native","duration"],0],["cc.JsonAsset",["_name","json"],1]],[[2,0,1,2,4],[3,0,1,3]],[[[{"name":"key","rect":[0,0,400,333],"offset":[0,0],"originalSize":[400,333],"capInsets":[0,0,0,0]}],[0],0,[0],[0],[0]],[[[0,"key",".mp3",0.768],-1],0,0,[],[],[]],[[{"name":"kite","rect":[0,0,500,333],"offset":[0,0],"originalSize":[500,333],"capInsets":[0,0,0,0]}],[0],0,[0],[0],[1]],[[[0,"kite",".mp3",0.912],-1],0,0,[],[],[]],[[[0,"k",".mp3",0.816],-1],0,0,[],[],[]],[[[1,"en0104",{"rows":[["balloonpop","1","Description","2","k","5","k,j,i","k.mp3"],["writeletter","1","Description","k","-"],["writecard","1","Description","k","king","king.png","king.mp3","key","key.png","key.mp3","kite","kite.png","kite.mp3"],["quizliteracy","1","Description","soundonly_word","k","k","f","p","","","k.mp3"],["quizliteracy","1","Description","word_word","k","k","j","h","","k"],["quizliteracy","1","Description","soundonly_word","k","b","j","k","","","k.mp3"]]}]],0,0,[],[],[]],[["0,9729,9729,33071,33071,0,0,1",-1],[1],0,[],[],[]],[["0,9729,9729,33071,33071,0,0,1",-1],[1],0,[],[],[]],[[[0,"king",".mp3",0.888],-1],0,0,[],[],[]],[[{"name":"king","rect":[0,0,600,800],"offset":[0,0],"originalSize":[600,800],"capInsets":[0,0,0,0]}],[0],0,[0],[0],[2]],[["0,9729,9729,33071,33071,0,0,1",-1],[1],0,[],[],[]]]]