[1,["3fKlX+h4ZHQ4AhIMxe0pFU","886eAVqxRCwJzjXl7tUD8q","faSRi6zVZHTq9xBHmZv7a3","94AXIuK7lCXrKG6YXaLmtc","f8j86liJxKR65eUl5vC9eL","05+3YSOXlIHJCIX4Su5IzJ","0dskcA4QdLn5Qbb+E5eN/O","cb7WC4vQ1Cx5UoDPbt52MX"],["_textureSetter"],["cc.SpriteFrame","cc.Texture2D",["cc.AudioClip",["_name","_native","duration"],0],["cc.JsonAsset",["_name","json"],1]],[[2,0,1,2,4],[3,0,1,3]],[[[{"name":"Ihavemanyfriends","rect":[0,0,1073,1157],"offset":[0,0],"originalSize":[1073,1157],"capInsets":[0,0,0,0]}],[0],0,[0],[0],[0]],[["1,9729,9729,33071,33071,0,0,1",-1],[1],0,[],[],[]],[["1,9729,9729,33071,33071,0,0,1",-1],[1],0,[],[],[]],[[[0,"वो_तैरती_है",".mp3",1.28],-1],0,0,[],[],[]],[[[0,"वे_छात्र_हैं",".mp3",1.436735],-1],0,0,[],[],[]],[[{"name":"Birdsfly","rect":[0,0,1073,770],"offset":[0,0],"originalSize":[1073,770],"capInsets":[0,0,0,0]}],[0],0,[0],[0],[1]],[[[0,"हम_इस_शहर_में_रहते_हैं",".mp3",2.403265],-1],0,0,[],[],[]],[[{"name":"Nehaisa_fastswimmer","rect":[0,0,1073,577],"offset":[0,0],"originalSize":[1073,577],"capInsets":[0,0,0,0]}],[0],0,[0],[0],[2]],[["1,9729,9729,33071,33071,0,0,1",-1],[1],0,[],[],[]],[[[0,"वह_उडते_हैं",".mp3",1.392],-1],0,0,[],[],[]],[[{"name":"Iteats","rect":[0,0,1073,1157],"offset":[0,0],"originalSize":[1073,1157],"capInsets":[0,0,0,0]}],[0],0,[0],[0],[3]],[[[0,"लडकी_उसकी_माँ_की_मदद_करती_है",".mp3",3.160816],-1],0,0,[],[],[]],[["1,9729,9729,33071,33071,0,0,1",-1],[1],0,[],[],[]],[["1,9729,9729,33071,33071,0,0,1",-1],[1],0,[],[],[]],[[{"name":"Itisa_largeairplane","rect":[0,0,1073,580],"offset":[0,0],"originalSize":[1073,580],"capInsets":[0,0,0,0]}],[0],0,[0],[0],[4]],[[[0,"वे_बच्चे_हैं",".mp3",1.44],-1],0,0,[],[],[]],[[{"name":"The_cowmakesmilk","rect":[0,0,1073,770],"offset":[0,0],"originalSize":[1073,770],"capInsets":[0,0,0,0]}],[0],0,[0],[0],[5]],[[[1,"hi1802",{"rows":[["createsentence","1","Description","वह/उड़ते/हैं।","","Birdsfly.jpg","वह_उडते_हैं.mp3"],["createsentence","1","Description","यह/खाता/है।","","Iteats.jpg","यह_खाता_है.mp3"],["createsentence","1","Description","वह/तैरती/है।","तैरता है।","Nehaisa_fastswimmer.jpg","वह_तैरती_है.mp3"],["createsentence","1","Description","वे/बच्चे/हैं।","डॉक्टर","Ihavemanyfriends.jpg","वे_बच्चे_हैं.mp3"],["createsentence","1","Description","हम/कल/तैरने गए थे।","गाने गए थे।","Weswamyesterday.jpg","हम_कल_तैरने_गए__थे.mp3"],["createsentence","1","Description","वे/साथ में/दूध/बेचते हैं।","","The_cowmakesmilk.jpg","वे_साथ_में_दूध_बेचते_हैं.mp3"],["createsentence","1","Description","यह/एक बड़ा/हवाई जहाज़/है।","हैं।","Itisa_largeairplane.jpg","यह_एक_बडा_हवाई_जहाज़_है.mp3"],["createsentence","1","Description","यह/एक/बलवान/शेर है।","हैं।","Itisa_stronglion.jpg","यह_एक_बलवान_शेर_है.mp3"],["fillblank","1","Description","लड़की [उसकी] माँ की मदद करती है।","लडकी_उसकी_माँ_की_मदद_करती_है.mp3","उनका ","उसका  ","उनकी ","10"],["fillblank","1","Description","हम [इस] शहर में रहते हैं।","हम_इस_शहर_में_रहते_हैं.mp3","वह ","उस  ","उनके ","10"],["quizliteracy","1","Description","image_sentence","वह उड़ते हैं।","वह तैरती है।","वह उड़ते हैं।","वे छात्र हैं।","Birdsfly.jpg","","वह_उडते_है ं.mp3"],["quizliteracy","1","Description","image_sentence","यह खाता है।","वह उड़ते हैं।","वह तैरती है।","यह खाता है।","Iteats.jpg","","यह_खाता_है.mp3"],["quizliteracy","1","Description","sentence_sentence","यह","यह","वह","आप","","__ एक बलवान शेर है।","यह_एक_बलवान_शेर_है.mp3"]]}]],0,0,[],[],[]],[[[0,"यह_खाता_है",".mp3",1.44],-1],0,0,[],[],[]],[["1,9729,9729,33071,33071,0,0,1",-1],[1],0,[],[],[]],[[[0,"हम_कल_तैरने_गए__थे",".mp3",3.072],-1],0,0,[],[],[]],[[[0,"यह_एक_बडा_हवाई_जहाज़_है",".mp3",2.736],-1],0,0,[],[],[]],[[[0,"वे_साथ_में_दूध_बेचते_हैं",".mp3",2.638367],-1],0,0,[],[],[]],[[[0,"यह_एक_बलवान_शेर_है",".mp3",2.194286],-1],0,0,[],[],[]],[[[0,"यह_एक_बडा_हवाई_जहाज_है",".mp3",2.45551],-1],0,0,[],[],[]],[[{"name":"Itisa_stronglion","rect":[0,0,1073,1157],"offset":[0,0],"originalSize":[1073,1157],"capInsets":[0,0,0,0]}],[0],0,[0],[0],[6]],[[[0,"वह_तैरती_है",".mp3",1.512],-1],0,0,[],[],[]],[[{"name":"Weswamyesterday","rect":[0,0,1073,577],"offset":[0,0],"originalSize":[1073,577],"capInsets":[0,0,0,0]}],[0],0,[0],[0],[7]],[["1,9729,9729,33071,33071,0,0,1",-1],[1],0,[],[],[]],[["1,9729,9729,33071,33071,0,0,1",-1],[1],0,[],[],[]]]]