[1,["7dcD3EnetGboxzgFHvKdB5","3cVEor8rBAtpmUlsKMt1eS","ec8mnMxXxPM7Ag3Mic44Jp","971waQHEVP4LFHI+0EV0Q3","b8RGq2jC5Fq7KSdEO5+1m1","56Lb0jw5pI2qLh6c+kRD0n","88vRwsEalAQpycjToa3r/2","0fwAoCE1BAWZTAc1+riMDG","82EfnDqhVOpbFk3VVfr+EI","60wgg4TktB7r8y4yQ5TV54","20+IwXYNlDaa9sB0g5nq50","53aja5OfpEjIuBouhuzf3D","eafccxHxRDz5ieLTfbvJRr","88N3gFACdApo/XdWeKSkZd","0atw91mZZK74AnQiI401wl"],["_textureSetter"],["cc.Texture2D","cc.SpriteFrame",["cc.AudioClip",["_name","_native","duration"],0],["cc.JsonAsset",["_name","json"],1]],[[2,0,1,2,4],[3,0,1,3]],[[["0,9729,9729,33071,33071,0,0,1",-1],[0],0,[],[],[]],[["0,9729,9729,33071,33071,0,0,1",-1],[0],0,[],[],[]],[[{"name":"l7_hecancook","rect":[0,0,868,689],"offset":[0,0],"originalSize":[868,689],"capInsets":[0,0,0,0]}],[1],0,[0],[0],[0]],[[{"name":"l13_oldmanbtwboys","rect":[0,0,868,689],"offset":[0,0],"originalSize":[868,689],"capInsets":[0,0,0,0]}],[1],0,[0],[0],[1]],[["0,9729,9729,33071,33071,0,0,1",-1],[0],0,[],[],[]],[[[0,"He_looks_happy_when_he_cooks",".mp3",2.712],-1],0,0,[],[],[]],[[{"name":"l13_dogbtwcow_goat","rect":[0,0,868,689],"offset":[0,0],"originalSize":[868,689],"capInsets":[0,0,0,0]}],[1],0,[0],[0],[2]],[[[0,"The_woman_is_cooking_in_the_kitchen",".mp3",2.856],-1],0,0,[],[],[]],[[{"name":"l10_birdsinnest","rect":[0,0,868,689],"offset":[0,0],"originalSize":[868,689],"capInsets":[0,0,0,0]}],[1],0,[0],[0],[3]],[["0,9729,9729,33071,33071,0,0,1",-1],[0],0,[],[],[]],[[[0,"The_man_is_the_oldest_of_the_three",".mp3",3.072],-1],0,0,[],[],[]],[[[0,"The_nest_is_full_of_three_yellow_birds",".mp3",3.648],-1],0,0,[],[],[]],[[[0,"The_basket_is_full_of_bunches_of_grapes",".mp3",3.984],-1],0,0,[],[],[]],[[{"name":"l17_shegivingmilk","rect":[0,0,868,689],"offset":[0,0],"originalSize":[868,689],"capInsets":[0,0,0,0]}],[1],0,[0],[0],[4]],[["0,9729,9729,33071,33071,0,0,1",-1],[0],0,[],[],[]],[["0,9729,9729,33071,33071,0,0,1",-1],[0],0,[],[],[]],[["0,9729,9729,33071,33071,0,0,1",-1],[0],0,[],[],[]],[[[0,"The_woman_is_washing_her_hands_in_the_bathroom",".mp3",3.768],-1],0,0,[],[],[]],[[[0,"He_looks_happy_when_he_drives",".mp3",2.904],-1],0,0,[],[],[]],[[[0,"The_cow_is_the_biggest_of_the_three",".mp3",3.168],-1],0,0,[],[],[]],[[{"name":"l6_hedoctor","rect":[0,0,868,689],"offset":[0,0],"originalSize":[868,689],"capInsets":[0,0,0,0]}],[1],0,[0],[0],[5]],[[[0,"The_woman_is_sleeping_in_the_bedroom",".mp3",3.12],-1],0,0,[],[],[]],[["0,9729,9729,33071,33071,0,0,1",-1],[0],0,[],[],[]],[[[0,"He_looks_happy_when_he_draws",".mp3",2.856],-1],0,0,[],[],[]],[[{"name":"l7_hecandrive","rect":[0,0,868,689],"offset":[0,0],"originalSize":[868,689],"capInsets":[0,0,0,0]}],[1],0,[0],[0],[6]],[["0,9729,9729,33071,33071,0,0,1",-1],[0],0,[],[],[]],[[{"name":"l10_applesinbasket","rect":[0,0,868,689],"offset":[0,0],"originalSize":[868,689],"capInsets":[0,0,0,0]}],[1],0,[0],[0],[7]],[["0,9729,9729,33071,33071,0,0,1",-1],[0],0,[],[],[]],[["0,9729,9729,33071,33071,0,0,1",-1],[0],0,[],[],[]],[[[0,"The_nurse_is_taking_care_of_a_baby",".mp3",3.288],-1],0,0,[],[],[]],[["0,9729,9729,33071,33071,0,0,1",-1],[0],0,[],[],[]],[[{"name":"l9_shebathroom","rect":[0,0,868,689],"offset":[0,0],"originalSize":[868,689],"capInsets":[0,0,0,0]}],[1],0,[0],[0],[8]],[[[0,"The_doctor_is_treating_a_patient",".mp3",3.168],-1],0,0,[],[],[]],[["0,9729,9729,33071,33071,0,0,1",-1],[0],0,[],[],[]],[[[0,"The_teacher_is_the_tallest_of_all",".mp3",3],-1],0,0,[],[],[]],[[{"name":"l7_hecanmake_house","rect":[0,0,868,689],"offset":[0,0],"originalSize":[868,689],"capInsets":[0,0,0,0]}],[1],0,[0],[0],[9]],[[{"name":"l9_shekitchen","rect":[0,0,868,689],"offset":[0,0],"originalSize":[868,689],"capInsets":[0,0,0,0]}],[1],0,[0],[0],[10]],[[{"name":"l9_shebedroom","rect":[0,0,868,689],"offset":[0,0],"originalSize":[868,689],"capInsets":[0,0,0,0]}],[1],0,[0],[0],[11]],[[[0,"The_basket_is_full_of_mellow_apples",".mp3",3.624],-1],0,0,[],[],[]],[[{"name":"l10_grapesinbasket","rect":[0,0,868,689],"offset":[0,0],"originalSize":[868,689],"capInsets":[0,0,0,0]}],[1],0,[0],[0],[12]],[[[1,"en3306",{"rows":[["picturemeaning","1","Description","S","He looks happy when he drives.","l7_hecandrive.png","He_looks_happy_when_he_drives.mp3","He looks happy when he draws.","l7_hecandraw.png","He_looks_happy_when_he_draws.mp3","He looks happy when he cooks.","l7_hecancook.png","He_looks_happy_when_he_cooks.mp3"],["picturemeaning","1","Description","S","The nurse is taking care of a baby.","l6_shenurse.png","The_nurse_is_taking_care_of_a_baby.mp3","The doctor is treating a patient.","l6_hedoctor.png","The_doctor_is_treating_a_patient.mp3","He is going to make a house.","l7_hecanmake_house.png","He_is_going_to_make_a_house.mp3"],["picturemeaning","1","Description","S","The cow is the biggest of the three.","l13_dogbtwcow_goat.png","The_cow_is_the_biggest_of_the_three.mp3","The man is the oldest of the three.","l13_oldmanbtwboys.png","The_man_is_the_oldest_of_the_three.mp3","The teacher is the tallest of all.","l17_shegivingmilk.png","The_teacher_is_the_tallest_of_all.mp3"],["picturemeaning","1","Description","P","The woman is washing her hands in the bathroom.","l9_shebathroom.png","The_woman_is_washing_her_hands_in_the_bathroom.mp3","The woman is sleeping in the bedroom.","l9_shebedroom.png","The_woman_is_sleeping_in_the_bedroom.mp3","The woman is cooking in the kitchen.","l9_shekitchen.png","The_woman_is_cooking_in_the_kitchen.mp3"],["picturemeaning","1","Description","P","The nest is full of three yellow birds.","l10_birdsinnest.png","The_nest_is_full_of_three_yellow_birds.mp3","The basket is full of mellow apples.","l10_applesinbasket.png","The_basket_is_full_of_mellow_apples.mp3","The basket is full of bunches of grapes.","l10_grapesinbasket.png","The_basket_is_full_of_bunches_of_grapes.mp3"],["quizliteracy","1","Description","image_sentence","He looks happy when he drives.","He looks happy when he runs. ","He looks happy when he eats.","He looks happy when he drives.","l7_hecandrive.png","","He_looks_happy_when_he_drives.mp3"],["quizliteracy","1","Description","image_sentence","The doctor is treating a patient.","The nurse is taking care of a baby.","He is going to make a house.","The doctor is treating a patient.","l6_hedoctor.png","","The_doctor_is_treating_a_patient.mp3"],["quizliteracy","1","Description","image_sentence","The man is the oldest of the three.","The cow is the biggest of the three.","The man is the oldest of the three.","The woman is cooking in the kitchen.","l13_oldmanbtwboys.png","","The_man_is_the_oldest_of_the_three.mp3"],["quizliteracy","1","Description","image_sentence","The woman is washing her hands in the bathroom.","The woman is sleeping in the bedroom.","The woman is cooking in the kitchen.","The woman is washing her hands in the bathroom.","l9_shebathroom.png","","The_woman_is_washing_her_hands_in_the_bathroom.mp3"],["quizliteracy","1","Description","image_sentence","The nest is full of three yellow birds.","The basket is full of mellow apples.","The nest is full of three yellow birds.","The basket is full of bunches of grapes.","l10_birdsinnest.png","","The_nest_is_full_of_three_yellow_birds.mp3"]]}]],0,0,[],[],[]],[[{"name":"l6_shenurse","rect":[0,0,868,689],"offset":[0,0],"originalSize":[868,689],"capInsets":[0,0,0,0]}],[1],0,[0],[0],[13]],[[{"name":"l7_hecandraw","rect":[0,0,868,689],"offset":[0,0],"originalSize":[868,689],"capInsets":[0,0,0,0]}],[1],0,[0],[0],[14]],[[[0,"He_is_going_to_make_a_house",".mp3",2.496],-1],0,0,[],[],[]],[["0,9729,9729,33071,33071,0,0,1",-1],[0],0,[],[],[]],[["0,9729,9729,33071,33071,0,0,1",-1],[0],0,[],[],[]]]]