[1,["e787fb+R5JL6cIxjzgEAp7","17ebap6SpLCqHgP5qmqFij","8e3S0BGE9MDqCAJtfMKnNy","15oSecd0hKBKCU+bAh6IYI","57muDirSJM0qm5Y7dLAYRg"],["_textureSetter"],["cc.Texture2D","cc.SpriteFrame",["cc.AudioClip",["_name","_native","duration"],0],["cc.JsonAsset",["_name","json"],1]],[[2,0,1,2,4],[3,0,1,3]],[[[[0,"ಮೇಕೆ",".mp3",0.72],-1],0,0,[],[],[]],[["0,9729,9729,33071,33071,0,0,1",-1],[0],0,[],[],[]],[["0,9729,9729,33071,33071,0,0,1",-1],[0],0,[],[],[]],[[[0,"ರ",".mp3",0.48],-1],0,0,[],[],[]],[[[1,"kn2007",{"rows":[["phonictractor","1","Description","4","ಕೇರೆ","ಕೇರೆ.mp3","ಕೇ","ಕೇ.mp3","ರೆ","ರೆ.mp3"],["openwindow","1","Description","LEGIT","ದೇ,ವಿ","goddess.png","god.png","ದೇವಿ.mp3","ದೇ,ವಿ"],["phonictractor","1","Description","4","ನೇರಳೆ","ನೇರಳೆ.mp3","ನೇ","ನೇ.mp3","ರ","ರ.mp3","ಳೆ","ಳೆ.mp3"],["spelldoor","1","Description","ಪೇಟೆ","**","0","0","city.png","ಪೇಟೆ.mp3"],["spelldoor","1","Description","ಬೇಟೆ","**","0","0","hunt.png","ಬೇಟೆ.mp3"],["spelldoor","1","Description","ಮೇಕೆ","*ಕೆ","0","0","goat.png","ಮೇಕೆ.mp3"],["quizliteracy","1","Description","word_word","ಪೇ","ಮೇ","ಪೇ","ಚೇ","","__ಟೆ","ಪೇಟೆ.mp3"],["quizliteracy","1","Description","image_word","ಮೇಕೆ","ಮೇಕೆ","ಸೇಬು","ಮೇಜು","goat.png"],["quizliteracy","1","Description","soundonly_word","ದೇವಿ","ತೇರು","ದೇವಿ","ಕೇರೆ","","","ದೇವಿ.mp3"]]}]],0,0,[],[],[]],[[[0,"ಳೆ",".mp3",0.552],-1],0,0,[],[],[]],[[{"name":"hunt","rect":[0,0,533,800],"offset":[0,0],"originalSize":[533,800],"capInsets":[0,0,0,0]}],[1],0,[0],[0],[0]],[["0,9729,9729,33071,33071,0,0,1",-1],[0],0,[],[],[]],[[[0,"ದೇವಿ",".mp3",0.696],-1],0,0,[],[],[]],[[[0,"ನೇ",".mp3",0.528],-1],0,0,[],[],[]],[[[0,"ನೇರಳೆ",".mp3",0.792],-1],0,0,[],[],[]],[[{"name":"city","rect":[0,0,800,590],"offset":[0,0],"originalSize":[800,590],"capInsets":[0,0,0,0]}],[1],0,[0],[0],[1]],[["0,9729,9729,33071,33071,0,0,1",-1],[0],0,[],[],[]],[[[0,"ಕೇ",".mp3",0.576],-1],0,0,[],[],[]],[[{"name":"goat","rect":[0,0,333,500],"offset":[0,0],"originalSize":[333,500],"capInsets":[0,0,0,0]}],[1],0,[0],[0],[2]],[[{"name":"god","rect":[0,0,608,800],"offset":[0,0],"originalSize":[608,800],"capInsets":[0,0,0,0]}],[1],0,[0],[0],[3]],[[[0,"ಕೇರೆ",".mp3",0.672],-1],0,0,[],[],[]],[[{"name":"goddess","rect":[0,0,604,800],"offset":[0,0],"originalSize":[604,800],"capInsets":[0,0,0,0]}],[1],0,[0],[0],[4]],[["0,9729,9729,33071,33071,0,0,1",-1],[0],0,[],[],[]],[[[0,"ರೆ",".mp3",0.528],-1],0,0,[],[],[]],[[[0,"ಬೇಟೆ",".mp3",0.72],-1],0,0,[],[],[]],[[[0,"ಪೇಟೆ",".mp3",0.696],-1],0,0,[],[],[]]]]