[1,["83r9NfxLRNrb04TqhIjRSc","03tipAuX9MhIl1V8rD+pDm","26zydC/JNMprO5z4RvlNog"],["_textureSetter"],["cc.Texture2D","cc.SpriteFrame",["cc.AudioClip",["_name","_native","duration"],0],["cc.JsonAsset",["_name","json"],1]],[[2,0,1,2,4],[3,0,1,3]],[[["0,9729,9729,33071,33071,0,0,1",-1],[0],0,[],[],[]],[[[0,"mother",".mp3",0.626939],-1],0,0,[],[],[]],[[[0,"three",".mp3",0.653061],-1],0,0,[],[],[]],[["0,9729,9729,33071,33071,0,0,1",-1],[0],0,[],[],[]],[[{"name":"mother","rect":[0,0,488,512],"offset":[0,0],"originalSize":[488,512],"capInsets":[0,0,0,0]}],[1],0,[0],[0],[0]],[[[0,"shape",".mp3",0.574694],-1],0,0,[],[],[]],[[[0,"th",".mp3",0.966531],-1],0,0,[],[],[]],[[[0,"chat",".mp3",0.705306],-1],0,0,[],[],[]],[[[0,"test",".mp3",0.705306],-1],0,0,[],[],[]],[[[0,"that",".mp3",0.731429],-1],0,0,[],[],[]],[[[1,"sl_en1603",{"rows":[["rocket","1","Description","father","a,b,c,d,e,f,g,h,i,j,k,l,m,n,o,p,q,r,s,t,u,v,w,x,y,z","f,a,t,h,e,r","father.mp3","father.png","true","false"],["rocket","1","Description","mother","a,b,c,d,e,f,g,h,i,j,k,l,m,n,o,p,q,r,s,t,u,v,w,x,y,z","m,o,t,h,e,r","mother.mp3","mother.png","true","false"],["speakingpet","1","Description","th.mp3","ch.mp3","there","there.mp3","A","1,2","them","them.mp3","A","1,2","chat","chat.mp3","B","1,2","chew","chew.mp3","B","1,2"],["speakingpet","1","Description","th.mp3","sh.mp3","they","they.mp3","A","1,2","them","them.mp3","A","1,2","shape","shape.mp3","B","1,2","shirt","shirt.mp3","B","1,2"],["speakingpet","1","Description","th.mp3","t_phonic.mp3","that","that.mp3","A","1,2","thick","thick.mp3","A","1,2","team","team.mp3","B","1","test","test.mp3","B","1"],["spelldoor","1","Description","three","*****","3","2","spelling_three.png","three.mp3"],["spelldoor","1","Description","three","*hree","2","0","spelling_three.png","three.mp3"],["quizliteracy","1","Description","soundonly_word","father","father","mother","brother","","","father.mp3"],["quizliteracy","1","Description","soundonly_word","mother","father","mother","brother","","","mother.mp3"],["quizliteracy","1","Description","word_word","th","th","wh","sh","","__ree","three.mp3"],["quizliteracy","1","Description","soundonly_word","there","this","there","they","","","there.mp3"],["quizliteracy","1","Description","soundonly_word","that","they","that","this","","","that.mp3"]]}]],0,0,[],[],[]],[[{"name":"spelling_three","rect":[0,0,370,273],"offset":[0,0],"originalSize":[370,273],"capInsets":[0,0,0,0]}],[1],0,[0],[0],[1]],[[[0,"father",".mp3",0.888163],-1],0,0,[],[],[]],[[[0,"then",".mp3",0.679184],-1],0,0,[],[],[]],[["0,9729,9729,33071,33071,0,0,1",-1],[0],0,[],[],[]],[[[0,"chew",".mp3",0.600816],-1],0,0,[],[],[]],[[[0,"they",".mp3",0.574694],-1],0,0,[],[],[]],[[[0,"shirt",".mp3",0.757551],-1],0,0,[],[],[]],[[[0,"thick",".mp3",0.679184],-1],0,0,[],[],[]],[[[0,"t_phonic",".mp3",0.391837],-1],0,0,[],[],[]],[[[0,"there",".mp3",0.600816],-1],0,0,[],[],[]],[[[0,"sh",".mp3",0.809796],-1],0,0,[],[],[]],[[[0,"ch",".mp3",0.365714],-1],0,0,[],[],[]],[[[0,"them",".mp3",0.653061],-1],0,0,[],[],[]],[[[0,"team",".mp3",0.731429],-1],0,0,[],[],[]],[[{"name":"father","rect":[0,0,402,512],"offset":[0,0],"originalSize":[402,512],"capInsets":[0,0,0,0]}],[1],0,[0],[0],[2]]]]