[1,["8b39jzGoZC+Y+opModg4mf","b6jKU4pU5Pj6RxN+2L65OK","f2uUDZ2nNHwYOdFX9/yLHr","7bTCaKYzBLpZwHsuz2JGV4","3fHWobG9FGFqB1/hsUszt5","7d2H4Dto1LXq9YO4qR0NLS","e0dCJzk85H5rMMeJTE2vrD","b3RV4CHVtH1I7/ARf0trhZ","0etRZNUNpIkbg81Le8UJRx","936AonP7VODKHxRQR9JioL","7eVNkzA5FMLYO5MpBsw3YA"],["_textureSetter"],["cc.Texture2D","cc.SpriteFrame",["cc.JsonAsset",["_name","json"],1],["cc.AudioClip",["_name","_native","duration"],0]],[[3,0,1,2,4],[2,0,1,3]],[[[[1,"kn0505",{"rows":[["rocket","1","Description","ಶರ","ಶ,ರ","ಶ,ರ","ಶರ.mp3","arrow.png","False","False"],["spelldoor","1","Description","ಶಯನ","*ಯನ","0","0","layingdown.png","ಶಯನ.mp3"],["rocket","1","Description","ಹಯ","ಹ,ಯ","ಹ,ಯ","ಹಯ.mp3","horse.png","False","False"],["spelldoor","1","Description","ಓಲಗ","*ಲಗ","0","0","shahanyi.png","ಓಲಗ.mp3"],["rocket","1","Description","ಔಡಲ","ಔ,ಡ,ಲ","ಔ,ಡ,ಲ","ಔಡಲ.mp3","castoroilplant.png","False","False"],["spelldoor","1","Description","ಹವಳ","*ವಳ","0","0","coral.png","ಹವಳ.mp3"],["rocket","1","Description","ಓಟ","ಓ,ಟ","ಓ,ಟ","ಓಟ.mp3","running.png","False","False"],["spelldoor","1","Description","ಶಬರ","*ಬರ","0","0","tirbal.png","ಶಬರ.mp3"],["rocket","1","Description","ಉಷ","ಉ,ಷ","ಉ,ಷ","ಉಷ.mp3","lightrays.png","False","False"],["spelldoor","1","Description","ಓಟ","*ಟ","0","0","run.png","ಓಟ.mp3"],["rocket","1","Description","ಔಷದ","ಔ,ಷ,ದ","ಔ,ಷ,ದ","ಔಷದ.mp3","medicine.png","False","False"],["quizliteracy","1","Description","word_word","ಶ","ಔ","ಶ","ಷ","","_ಯನ","ಶಯನ.mp3"],["quizliteracy","1","Description","word_word","ಔ","ಶ","ಷ","ಔ","","_ಡಲ","ಔಡಲ.mp3"],["quizliteracy","1","Description","word_word","ಷ","ಷ","ಔ","ಶ","","ಉ_","ಉಷ.mp3"]]}]],0,0,[],[],[]],[["0,9729,9729,33071,33071,0,0,1",-1],[0],0,[],[],[]],[[{"name":"lightrays","rect":[0,0,533,800],"offset":[0,0],"originalSize":[533,800],"capInsets":[0,0,0,0]}],[1],0,[0],[0],[0]],[[[0,"ಹಯ",".mp3",0.624],-1],0,0,[],[],[]],[[[0,"ಓಟ",".mp3",1.008],-1],0,0,[],[],[]],[[{"name":"shahanyi","rect":[0,0,800,600],"offset":[0,0],"originalSize":[800,600],"capInsets":[0,0,0,0]}],[1],0,[0],[0],[1]],[[{"name":"medicine","rect":[0,0,500,403],"offset":[0,0],"originalSize":[500,403],"capInsets":[0,0,0,0]}],[1],0,[0],[0],[2]],[[[0,"ಔಷದ",".mp3",0.816],-1],0,0,[],[],[]],[["0,9729,9729,33071,33071,0,0,1",-1],[0],0,[],[],[]],[[{"name":"run","rect":[0,0,800,493],"offset":[0,0],"originalSize":[800,493],"capInsets":[0,0,0,0]}],[1],0,[0],[0],[3]],[[{"name":"tirbal","rect":[0,0,800,457],"offset":[0,0],"originalSize":[800,457],"capInsets":[0,0,0,0]}],[1],0,[0],[0],[4]],[[{"name":"castoroilplant","rect":[0,0,500,333],"offset":[0,0],"originalSize":[500,333],"capInsets":[0,0,0,0]}],[1],0,[0],[0],[5]],[[{"name":"arrow","rect":[0,0,500,500],"offset":[0,0],"originalSize":[500,500],"capInsets":[0,0,0,0]}],[1],0,[0],[0],[6]],[["0,9729,9729,33071,33071,0,0,1",-1],[0],0,[],[],[]],[["0,9729,9729,33071,33071,0,0,1",-1],[0],0,[],[],[]],[["0,9729,9729,33071,33071,0,0,1",-1],[0],0,[],[],[]],[[[0,"ಶರ",".mp3",0.648],-1],0,0,[],[],[]],[[[0,"ಔಡಲ",".mp3",1.08],-1],0,0,[],[],[]],[["0,9729,9729,33071,33071,0,0,1",-1],[0],0,[],[],[]],[["0,9729,9729,33071,33071,0,0,1",-1],[0],0,[],[],[]],[[[0,"ಓಲಗ",".mp3",1.08],-1],0,0,[],[],[]],[[[0,"ಶಬರ",".mp3",0.744],-1],0,0,[],[],[]],[[{"name":"horse","rect":[0,0,527,800],"offset":[0,0],"originalSize":[527,800],"capInsets":[0,0,0,0]}],[1],0,[0],[0],[7]],[["0,9729,9729,33071,33071,0,0,1",-1],[0],0,[],[],[]],[["0,9729,9729,33071,33071,0,0,1",-1],[0],0,[],[],[]],[[[0,"ಶಯನ",".mp3",0.768],-1],0,0,[],[],[]],[[{"name":"layingdown","rect":[0,0,800,444],"offset":[0,0],"originalSize":[800,444],"capInsets":[0,0,0,0]}],[1],0,[0],[0],[8]],[[[0,"ಉಷ",".mp3",0.984],-1],0,0,[],[],[]],[["0,9729,9729,33071,33071,0,0,1",-1],[0],0,[],[],[]],[[{"name":"running","rect":[0,0,800,534],"offset":[0,0],"originalSize":[800,534],"capInsets":[0,0,0,0]}],[1],0,[0],[0],[9]],[[{"name":"coral","rect":[0,0,500,333],"offset":[0,0],"originalSize":[500,333],"capInsets":[0,0,0,0]}],[1],0,[0],[0],[10]],[["0,9729,9729,33071,33071,0,0,1",-1],[0],0,[],[],[]],[[[0,"ಹವಳ",".mp3",0.696],-1],0,0,[],[],[]]]]