[1,["bdjudedktPDJFAgEkLFJS/","2cuIGxV2FBaLx+JJvWOSTG","68qAVjrHZObIb2zgndcolj","40id7Go5RCcrxfeFPXPOMQ"],["_textureSetter"],["cc.SpriteFrame","cc.Texture2D",["cc.AudioClip",["_name","_native","duration"],0],["cc.JsonAsset",["_name","json"],1]],[[2,0,1,2,4],[3,0,1,3]],[[[{"name":"papaya","rect":[0,0,500,332],"offset":[0,0],"originalSize":[500,332],"capInsets":[0,0,0,0]}],[0],0,[0],[0],[0]],[["0,9729,9729,33071,33071,0,0,1",-1],[1],0,[],[],[]],[[[0,"ಸೀಬೆ ಹಣ್ಣಿನ ಬೆಲೆ ಮೂರು ರೂಪಾಯಿ",".mp3",2.424],-1],0,0,[],[],[]],[[{"name":"gauval","rect":[0,0,500,375],"offset":[0,0],"originalSize":[500,375],"capInsets":[0,0,0,0]}],[0],0,[0],[0],[1]],[["0,9729,9729,33071,33071,0,0,1",-1],[1],0,[],[],[]],[["0,9729,9729,33071,33071,0,0,1",-1],[1],0,[],[],[]],[["0,9729,9729,33071,33071,0,0,1",-1],[1],0,[],[],[]],[[{"name":"girl","rect":[0,0,500,333],"offset":[0,0],"originalSize":[500,333],"capInsets":[0,0,0,0]}],[0],0,[0],[0],[2]],[[[0,"ಶಂಕರಣ್ಣ ಚೆನ್ನಗಿರುವ ಹಣ್ಣುಗಳನ್ನು ಕೇಳಿದ",".mp3",2.688],-1],0,0,[],[],[]],[[[1,"kn3502",{"rows":[["createsentence","1","Description","ಶಂಕರಣ್ಣನ/ಮಗಳ/ಹೆಸರು/ಗೌರಿ","","girl.png","ಶಂಕರಣ್ಣನ ಮಗಳ ಹೆಸರು ಗೌರಿ.mp3"],["createsentence","1","Description","ಒಂದು ಪರಂಗಿ/ಹಣ್ಣಿನ ಬೆಲೆ/ಇಪ್ಪತ್ತು/ರೂಪಾಯಿ","","papaya.png","ಒಂದು ಪರಂಗಿ ಹಣ್ಣಿನ ಬೆಲೆ ಇಪ್ಪತ್ತು ರೂಪಾಯಿ.mp3"],["createsentence","1","Description","ಸೀಬೆ/ಹಣ್ಣಿನ/ಬೆಲೆ/ಮೂರು/ರೂಪಾಯಿ","","gauval.png","ಸೀಬೆ ಹಣ್ಣಿನ ಬೆಲೆ ಮೂರು ರೂಪಾಯಿ.mp3"],["createsentence","1","Description","ಶಂಕರಣ್ಣ/ಚೆನ್ನಗಿರುವ/ಹಣ್ಣುಗಳನ್ನು/ಕೇಳಿದ","","fruits.png","ಶಂಕರಣ್ಣ ಚೆನ್ನಗಿರುವ ಹಣ್ಣುಗಳನ್ನು ಕೇಳಿದ.mp3"],["quizliteracy","1","Description","image_sentence","ಶಂಕರಣ್ಣನ ಮಗಳ ಹೆಸರು ಗೌರಿ","ಒಂದು ಪರಂಗಿ ಹಣ್ಣಿನ ಬೆಲೆ ಇಪ್ಪತ್ತು ರೂಪಾಯಿ","ಶಂಕರಣ್ಣ ಚೆನ್ನಗಿರುವ ಹಣ್ಣುಗಳನ್ನು ಕೇಳಿದ","ಶಂಕರಣ್ಣನ ಮಗಳ ಹೆಸರು ಗೌರಿ","girl.png","","ಶಂಕರಣ್ಣನ ಮಗಳ ಹೆಸರು ಗೌರಿ.mp3"],["quizliteracy","1","Description","sentence_sentence","ಒಂದು ಪರಂಗಿ ಹಣ್ಣಿನ ಬೆಲೆ ಇಪ್ಪತ್ತು ರೂಪಾಯಿ","ಒಂದು ಪರಂಗಿ ಹಣ್ಣಿನ ಬೆಲೆ ಇಪ್ಪತ್ತು ರೂಪಾಯಿ","ಒಂದು ಹಣ್ಣಿನ ಪರಂಗಿ ಇಪ್ಪತ್ತು ಬೆಲೆ ರೂಪಾಯಿ","ರೂಪಾಯಿ ಪರಂಗಿ ಬೆಲೆ ಒಂದು ಹಣ್ಣಿನ ಇಪ್ಪತ್ತು","","ಸರಿಯಾದದನ್ನು ಆರಿಸಿ","ಒಂದು ಪರಂಗಿ ಹಣ್ಣಿನ ಬೆಲೆ ಇಪ್ಪತ್ತು ರೂಪಾಯಿ.mp3"],["quizliteracy","1","Description","soundonly_sentence","ಸೀಬೆ ಹಣ್ಣಿನ ಬೆಲೆ ಮೂರು ರೂಪಾಯಿ","ಒಂದು ಪರಂಗಿ ಹಣ್ಣಿನ ಬೆಲೆ ಇಪ್ಪತ್ತು ರೂಪಾಯಿ","ಸೀಬೆ ಹಣ್ಣಿನ ಬೆಲೆ ಮೂರು ರೂಪಾಯಿ","ಶಂಕರಣ್ಣ ಚೆನ್ನಗಿರುವ ಹಣ್ಣುಗಳನ್ನು ಕೇಳಿದ","","","ಸೀಬೆ ಹಣ್ಣಿನ ಬೆಲೆ ಮೂರು ರೂಪಾಯಿ.mp3"]]}]],0,0,[],[],[]],[[{"name":"fruits","rect":[0,0,500,333],"offset":[0,0],"originalSize":[500,333],"capInsets":[0,0,0,0]}],[0],0,[0],[0],[3]],[[[0,"ಶಂಕರಣ್ಣನ ಮಗಳ ಹೆಸರು ಗೌರಿ",".mp3",2.184],-1],0,0,[],[],[]],[[[0,"ಒಂದು ಪರಂಗಿ ಹಣ್ಣಿನ ಬೆಲೆ ಇಪ್ಪತ್ತು ರೂಪಾಯಿ",".mp3",2.808],-1],0,0,[],[],[]]]]