[1,["cdmjd2vctLgbl8Y7wRoRQG","04AuDXQy5FaZGodYhNmQOd","928/NIs1BAmZvPhKB0tUqY","e9XXrP8/VChqG0BduSthuQ","57wa7V2j9JMJ+X0KzmHuTW","56cT4FzrlPHbH5bFL48MKL","ceGkMM0pBBC6T8vm8NDE4y","95aUcWmfdPzreQb40c+Ntw","66s4/QO5ZOOaboJ1c8pyc+"],["_textureSetter"],["cc.SpriteFrame","cc.Texture2D",["cc.AudioClip",["_name","_native","duration"],0],["cc.JsonAsset",["_name","json"],1]],[[2,0,1,2,4],[3,0,1,3]],[[[{"name":"mantri","rect":[0,0,400,400],"offset":[0,0],"originalSize":[400,400],"capInsets":[0,0,0,0]}],[0],0,[0],[0],[0]],[["0,9729,9729,33071,33071,0,0,1",-1],[1],0,[],[],[]],[[[0,"ಹೊಲಿ",".mp3",0.648],-1],0,0,[],[],[]],[[{"name":"doll1","rect":[0,0,400,400],"offset":[0,0],"originalSize":[400,400],"capInsets":[0,0,0,0]}],[0],0,[0],[0],[1]],[[[0,"ಅಂಗಿ",".mp3",0.696],-1],0,0,[],[],[]],[[{"name":"marriage","rect":[0,0,400,400],"offset":[0,0],"originalSize":[400,400],"capInsets":[0,0,0,0]}],[0],0,[0],[0],[2]],[[[0,"ಗೊಂಬೆ",".mp3",0.792],-1],0,0,[],[],[]],[[[0,"ದರ್ಜಿ",".mp3",0.792],-1],0,0,[],[],[]],[["0,9729,9729,33071,33071,0,0,1",-1],[1],0,[],[],[]],[[{"name":"stitch","rect":[0,0,400,400],"offset":[0,0],"originalSize":[400,400],"capInsets":[0,0,0,0]}],[0],0,[0],[0],[3]],[["0,9729,9729,33071,33071,0,0,1",-1],[1],0,[],[],[]],[["0,9729,9729,33071,33071,0,0,1",-1],[1],0,[],[],[]],[[[0,"ಗುಂಡಿ",".mp3",0.768],-1],0,0,[],[],[]],[[{"name":"frock","rect":[0,0,400,400],"offset":[0,0],"originalSize":[400,400],"capInsets":[0,0,0,0]}],[0],0,[0],[0],[4]],[[{"name":"raja","rect":[0,0,400,400],"offset":[0,0],"originalSize":[400,400],"capInsets":[0,0,0,0]}],[0],0,[0],[0],[5]],[["0,9729,9729,33071,33071,0,0,1",-1],[1],0,[],[],[]],[["0,9729,9729,33071,33071,0,0,1",-1],[1],0,[],[],[]],[[[0,"ಮಗಳು",".mp3",0.816],-1],0,0,[],[],[]],[[{"name":"button","rect":[0,0,400,400],"offset":[0,0],"originalSize":[400,400],"capInsets":[0,0,0,0]}],[0],0,[0],[0],[6]],[[{"name":"tailor","rect":[0,0,400,400],"offset":[0,0],"originalSize":[400,400],"capInsets":[0,0,0,0]}],[0],0,[0],[0],[7]],[["0,9729,9729,33071,33071,0,0,1",-1],[1],0,[],[],[]],[["0,9729,9729,33071,33071,0,0,1",-1],[1],0,[],[],[]],[[[1,"kn2_0500",{"rows":[["openwindow1","1","Description","LEGIT","ರಾಜ","raja.png","frock.png","ರಾಜ.mp3","ರಾಜ"],["openwindow1","1","Description","LEGIT","ಮಂತ್ರಿ","mantri.png","button.png","ಮಂತ್ರಿ.mp3","ಮಂತ್ರಿ"],["openwindow1","1","Description","LEGIT","ಮಗಳು","daughter1.png","tailor.png","ಮಗಳು.mp3","ಮಗಳು"],["openwindow1","1","Description","LEGIT","ಗೊಂಬೆ","doll1.png","stitch.png","ಗೊಂಬೆ.mp3","ಗೊಂಬೆ"],["openwindow1","1","Description","LEGIT","ಅಂಗಿ","frock.png","marriage.png","ಅಂಗಿ.mp3","ಅಂಗಿ"],["openwindow1","1","Description","LEGIT","ಗುಂಡಿ","button.png","raja.png","ಗುಂಡಿ.mp3","ಗುಂಡಿ"],["openwindow1","1","Description","LEGIT","ದರ್ಜಿ","tailor.png","mantri.png","ದರ್ಜಿ.mp3","ದರ್ಜಿ"],["openwindow1","1","Description","LEGIT","ಹೊಲಿ","stitch.png","daughter1.png","ಹೊಲಿ.mp3","ಹೊಲಿ"],["openwindow1","1","Description","LEGIT","ಮದುವೆ","marriage.png","doll1.png","ಮದುವೆ.mp3","ಮದುವೆ"],["quizliteracy","1","Description","soundonly_image","raja.png","raja.png","doll1.png","button.png","","","ರಾಜ.mp3"],["quizliteracy","1","Description","soundonly_image","doll1.png","button.png","raja.png","doll1.png","","","ಗೊಂಬೆ.mp3"],["quizliteracy","1","Description","soundonly_image","button.png","doll1.png","button.png","raja.png","","","ಗುಂಡಿ.mp3"]]}]],0,0,[],[],[]],[[{"name":"daughter1","rect":[0,0,400,400],"offset":[0,0],"originalSize":[400,400],"capInsets":[0,0,0,0]}],[0],0,[0],[0],[8]],[[[0,"ಮಂತ್ರಿ",".mp3",0.768],-1],0,0,[],[],[]],[["0,9729,9729,33071,33071,0,0,1",-1],[1],0,[],[],[]],[[[0,"ರಾಜ",".mp3",0.768],-1],0,0,[],[],[]],[[[0,"ಮದುವೆ",".mp3",0.84],-1],0,0,[],[],[]]]]