[1,["32jBEJtUVKn4Axb4e7C2Mz","8bUBR6/F9HNprnw05LrE8Q","7aozsl2NlMPoWW/da6zC4K","15OYUzGzlB15IaOS+De86h","8dwxolMpZLq4BRTm1V4j2l","f8e6ClUzVMUI4Gsc6nd5ZH","baJyA4WLhKZKZvtnH3PaVT","3d3vjgk2dHRrV983uEyt6q","33TQW5D9lFIZTMlZ/z8VAt","97UC+4R6tHb5qTC5Pz6Jty","45ffZL9PFCOpsa88B9TYby","bfCBoJZalIUaDP81kyblwy","b5C6Jl/c1FD47y9Yv6Lyvr","62MaTPRtVB+akWgTo1OwPr","50w5Ien0dDrIeCnlKOicIR","4cSO4S29ZLbY6OjePuxtpu","0e38FeaiNKR6yxAEuNJDAq","c3kU5SDfBAb6vlMmadYoIb","e1V4u2dI1I4bkQW4iFs5V4","65TtIo7EFCmYPtUhksoEnQ"],["_textureSetter"],["cc.SpriteFrame","cc.Texture2D",["cc.JsonAsset",["_name","json"],1]],[[2,0,1,3]],[[[{"name":"findthematch_lv7_4_4","rect":[25,38,119,148],"offset":[0.5,0],"originalSize":[168,224],"capInsets":[0,0,0,0]}],[0],0,[0],[0],[0]],[[{"name":"findthematch_lv7_3_2","rect":[37,44,95,136],"offset":[0.5,0],"originalSize":[168,224],"capInsets":[0,0,0,0]}],[0],0,[0],[0],[1]],[["0,9729,9729,33071,33071,0,0,1",-1],[1],0,[],[],[]],[["0,9729,9729,33071,33071,0,0,1",-1],[1],0,[],[],[]],[[{"name":"findthematch_lv7_2_4","rect":[41,40,87,145],"offset":[0.5,-0.5],"originalSize":[168,224],"capInsets":[0,0,0,0]}],[0],0,[0],[0],[2]],[[{"name":"findthematch_lv7_5_3","rect":[29,38,111,148],"offset":[0.5,0],"originalSize":[168,224],"capInsets":[0,0,0,0]}],[0],0,[0],[0],[3]],[[{"name":"findthematch_lv7_1_1","rect":[30,63,107,104],"offset":[-0.5,-3],"originalSize":[168,224],"capInsets":[0,0,0,0]}],[0],0,[0],[0],[4]],[["0,9729,9729,33071,33071,0,0,1",-1],[1],0,[],[],[]],[[{"name":"findthematch_lv7_5_4","rect":[29,38,111,148],"offset":[0.5,0],"originalSize":[168,224],"capInsets":[0,0,0,0]}],[0],0,[0],[0],[5]],[["0,9729,9729,33071,33071,0,0,1",-1],[1],0,[],[],[]],[["0,9729,9729,33071,33071,0,0,1",-1],[1],0,[],[],[]],[["0,9729,9729,33071,33071,0,0,1",-1],[1],0,[],[],[]],[["0,9729,9729,33071,33071,0,0,1",-1],[1],0,[],[],[]],[["0,9729,9729,33071,33071,0,0,1",-1],[1],0,[],[],[]],[[{"name":"findthematch_lv7_4_1","rect":[52,52,64,120],"offset":[0,0],"originalSize":[168,224],"capInsets":[0,0,0,0]}],[0],0,[0],[0],[6]],[[{"name":"findthematch_lv7_5_1","rect":[28,38,112,148],"offset":[0,0],"originalSize":[168,224],"capInsets":[0,0,0,0]}],[0],0,[0],[0],[7]],[["0,9729,9729,33071,33071,0,0,1",-1],[1],0,[],[],[]],[["0,9729,9729,33071,33071,0,0,1",-1],[1],0,[],[],[]],[[{"name":"findthematch_lv7_2_3","rect":[41,40,87,145],"offset":[0.5,-0.5],"originalSize":[168,224],"capInsets":[0,0,0,0]}],[0],0,[0],[0],[8]],[["0,9729,9729,33071,33071,0,0,1",-1],[1],0,[],[],[]],[[{"name":"findthematch_lv7_3_3","rect":[31,44,107,137],"offset":[0.5,-0.5],"originalSize":[168,224],"capInsets":[0,0,0,0]}],[0],0,[0],[0],[9]],[["0,9729,9729,33071,33071,0,0,1",-1],[1],0,[],[],[]],[["0,9729,9729,33071,33071,0,0,1",-1],[1],0,[],[],[]],[[{"name":"findthematch_lv7_3_1","rect":[27,40,114,144],"offset":[0,0],"originalSize":[168,224],"capInsets":[0,0,0,0]}],[0],0,[0],[0],[10]],[["0,9729,9729,33071,33071,0,0,1",-1],[1],0,[],[],[]],[[{"name":"findthematch_lv7_5_2","rect":[29,39,111,147],"offset":[0.5,-0.5],"originalSize":[168,224],"capInsets":[0,0,0,0]}],[0],0,[0],[0],[11]],[[{"name":"findthematch_lv7_1_3","rect":[30,63,108,104],"offset":[0,-3],"originalSize":[168,224],"capInsets":[0,0,0,0]}],[0],0,[0],[0],[12]],[[{"name":"findthematch_lv7_1_2","rect":[31,64,107,102],"offset":[0.5,-3],"originalSize":[168,224],"capInsets":[0,0,0,0]}],[0],0,[0],[0],[13]],[["0,9729,9729,33071,33071,0,0,1",-1],[1],0,[],[],[]],[["0,9729,9729,33071,33071,0,0,1",-1],[1],0,[],[],[]],[["0,9729,9729,33071,33071,0,0,1",-1],[1],0,[],[],[]],[["0,9729,9729,33071,33071,0,0,1",-1],[1],0,[],[],[]],[[{"name":"findthematch_lv7_4_2","rect":[29,38,110,148],"offset":[0,0],"originalSize":[168,224],"capInsets":[0,0,0,0]}],[0],0,[0],[0],[14]],[[[0,"matchingcard0006",{"rows":[["matchingcard","1","Description","4","findthematch_lv7_1_4.png","findthematch_lv7_1_1.png","findthematch_lv7_1_2.png","findthematch_lv7_1_3.png",""],["matchingcard","1","Description","4","findthematch_lv7_2_4.png","findthematch_lv7_2_3.png","findthematch_lv7_2_1.png","findthematch_lv7_2_2.png",""],["matchingcard","1","Description","4","findthematch_lv7_3_3.png","findthematch_lv7_3_2.png","findthematch_lv7_3_4.png","findthematch_lv7_3_1.png",""],["matchingcard","1","Description","4","findthematch_lv7_4_3.png","findthematch_lv7_4_2.png","findthematch_lv7_4_1.png","findthematch_lv7_4_4.png",""],["matchingcard","1","Description","4","findthematch_lv7_5_1.png","findthematch_lv7_5_4.png","findthematch_lv7_5_2.png","findthematch_lv7_5_3.png",""]]}]],0,0,[],[],[]],[[{"name":"findthematch_lv7_3_4","rect":[25,31,118,162],"offset":[0,0],"originalSize":[168,224],"capInsets":[0,0,0,0]}],[0],0,[0],[0],[15]],[["0,9729,9729,33071,33071,0,0,1",-1],[1],0,[],[],[]],[[{"name":"findthematch_lv7_2_2","rect":[41,40,87,144],"offset":[0.5,0],"originalSize":[168,224],"capInsets":[0,0,0,0]}],[0],0,[0],[0],[16]],[[{"name":"findthematch_lv7_1_4","rect":[31,63,107,104],"offset":[0.5,-3],"originalSize":[168,224],"capInsets":[0,0,0,0]}],[0],0,[0],[0],[17]],[[{"name":"findthematch_lv7_2_1","rect":[41,40,86,145],"offset":[0,-0.5],"originalSize":[168,224],"capInsets":[0,0,0,0]}],[0],0,[0],[0],[18]],[["0,9729,9729,33071,33071,0,0,1",-1],[1],0,[],[],[]],[[{"name":"findthematch_lv7_4_3","rect":[28,41,112,142],"offset":[0,0],"originalSize":[168,224],"capInsets":[0,0,0,0]}],[0],0,[0],[0],[19]]]]