[1,["52b60G7wpBkaa8L8r92MA/","08i4GNNQtIeLRCSjzHQKY1","e9EvtlXeRCdLBZcHbvyfZ2"],["_textureSetter"],["cc.Texture2D","cc.SpriteFrame",["cc.AudioClip",["_name","_native","duration"],0],["cc.JsonAsset",["_name","json"],1]],[[2,0,1,2,4],[3,0,1,3]],[[["0,9729,9729,33071,33071,0,0,1",-1],[0],0,[],[],[]],[[[0,"ತು",".mp3",0.504],-1],0,0,[],[],[]],[[[0,"ಹಸಿವು",".mp3",0.816],-1],0,0,[],[],[]],[[[0,"ತಿ",".mp3",0.504],-1],0,0,[],[],[]],[[[0,"ನಗುತ್ತಾ",".mp3",0.816],-1],0,0,[],[],[]],[["0,9729,9729,33071,33071,0,0,1",-1],[0],0,[],[],[]],[[[0,"ನ್ನ",".mp3",0.48],-1],0,0,[],[],[]],[[[0,"ವು",".mp3",0.528],-1],0,0,[],[],[]],[[[0,"ತಿನ್ನಲು",".mp3",0.816],-1],0,0,[],[],[]],[[[0,"ಹ",".mp3",0.504],-1],0,0,[],[],[]],[[{"name":"evening","rect":[0,0,800,533],"offset":[0,0],"originalSize":[800,533],"capInsets":[0,0,0,0]}],[1],0,[0],[0],[0]],[[[0,"ಶಾಲೆ",".mp3",0.792],-1],0,0,[],[],[]],[[[0,"ಆಯಿತು",".mp3",0.792],-1],0,0,[],[],[]],[[{"name":"smiling","rect":[0,0,800,532],"offset":[0,0],"originalSize":[800,532],"capInsets":[0,0,0,0]}],[1],0,[0],[0],[1]],[[{"name":"school","rect":[0,0,500,281],"offset":[0,0],"originalSize":[500,281],"capInsets":[0,0,0,0]}],[1],0,[0],[0],[2]],[[[0,"ಸಿ",".mp3",0.6],-1],0,0,[],[],[]],[[[0,"ಆ",".mp3",0.504],-1],0,0,[],[],[]],[[[0,"ಯಿ",".mp3",0.528],-1],0,0,[],[],[]],[["0,9729,9729,33071,33071,0,0,1",-1],[0],0,[],[],[]],[[[0,"ಸಂಜೆ",".mp3",0.816],-1],0,0,[],[],[]],[[[0,"ಲು",".mp3",0.528],-1],0,0,[],[],[]],[[[1,"kn3706",{"rows":[["spelldoor","1","Description","ನ,ಗು,ತ್ತಾ","***","0","0","smiling.png","ನಗುತ್ತಾ.mp3"],["phonictractor","1","Description","4","ಆಯಿತು","ಆಯಿತು.mp3","ಆ","ಆ.mp3","ಯಿ","ಯಿ.mp3","ತು","ತು.mp3"],["spelldoor","1","Description","ಸಂಜೆ","**","0","0","evening.png","ಸಂಜೆ.mp3"],["phonictractor","1","Description","4","ತಿನ್ನಲು","ತಿನ್ನಲು.mp3","ತಿ","ತಿ.mp3","ನ್ನ","ನ್ನ.mp3","ಲು","ಲು.mp3"],["spelldoor","1","Description","ಶಾಲೆ","**","0","0","school.png","ಶಾಲೆ.mp3"],["phonictractor","1","Description","4","ಹಸಿವು","ಹಸಿವು.mp3","ಹ","ಹ.mp3","ಸಿ","ಸಿ.mp3","ವು","ವು.mp3"],["quizliteracy","1","Description","word_word","ನಗು","ಹಾರು","ನಗು","ಹೇಳು","","____ತ್ತಾ","ನಗುತ್ತಾ.mp3"],["quizliteracy","1","Description","image_word","ಶಾಲೆ","ಶಾಲೆ","ಸಂಜೆ","ಹಸಿವು","school.png"],["quizliteracy","1","Description","soundonly_word","ಹಸಿವು","ತಿನ್ನಲು","ಆಯಿತು","ಹಸಿವು","","","ಹಸಿವು.mp3"]]}]],0,0,[],[],[]]]]