[1,["4dNTFxyKpIIIakc9iEKoH+","b2qN9UtrtNy5fKLJM7HW+E","93vVK137JHUK11XMUec2jp","83q0+In+xGj4Hb4Ay742l9","37mBuuAzpPEYOganjho367","8aDkCHVpJGlK2CvWDEVD6Q","86BhXvf59IkreeV/JigTHI","fd1AdmgHpP4r3w7+/gpTns"],["_textureSetter"],["cc.SpriteFrame","cc.Texture2D",["cc.AudioClip",["_name","_native","duration"],0],["cc.JsonAsset",["_name","json"],1]],[[2,0,1,2,4],[3,0,1,3]],[[[{"name":"cap","rect":[0,0,512,384],"offset":[0,0],"originalSize":[512,384],"capInsets":[0,0,0,0]}],[0],0,[0],[0],[0]],[[{"name":"shorts","rect":[0,0,512,470],"offset":[0,0],"originalSize":[512,470],"capInsets":[0,0,0,0]}],[0],0,[0],[0],[1]],[[{"name":"hat","rect":[0,0,489,454],"offset":[0,0],"originalSize":[489,454],"capInsets":[0,0,0,0]}],[0],0,[0],[0],[2]],[["0,9729,9729,33071,33071,0,0,1",-1],[1],0,[],[],[]],[[[0,"shorts",".mp3",0.888163],-1],0,0,[],[],[]],[[{"name":"raincoat","rect":[0,0,479,512],"offset":[0,0],"originalSize":[479,512],"capInsets":[0,0,0,0]}],[0],0,[0],[0],[3]],[["0,9729,9729,33071,33071,0,0,1",-1],[1],0,[],[],[]],[[{"name":"frock","rect":[0,0,360,469],"offset":[0,0],"originalSize":[360,469],"capInsets":[0,0,0,0]}],[0],0,[0],[0],[4]],[["0,9729,9729,33071,33071,0,0,1",-1],[1],0,[],[],[]],[["0,9729,9729,33071,33071,0,0,1",-1],[1],0,[],[],[]],[["0,9729,9729,33071,33071,0,0,1",-1],[1],0,[],[],[]],[[{"name":"shoes","rect":[0,0,512,507],"offset":[0,0],"originalSize":[512,507],"capInsets":[0,0,0,0]}],[0],0,[0],[0],[5]],[["0,9729,9729,33071,33071,0,0,1",-1],[1],0,[],[],[]],[[{"name":"mittens","rect":[0,0,512,512],"offset":[0,0],"originalSize":[512,512],"capInsets":[0,0,0,0]}],[0],0,[0],[0],[6]],[["0,9729,9729,33071,33071,0,0,1",-1],[1],0,[],[],[]],[[[1,"sl_en1810",{"rows":[["spelldoor","1","Description","mittens","****ens","4","2","mittens.png","mittens.mp3"],["spelldoor","1","Description","cap","***","4","4","cap.png","cap.mp3"],["spelldoor","1","Description","hat","***","2","1","hat.png","hat.mp3"],["spelldoor","1","Description","shoes","sh***","4","1","shoes.png","shoes.mp3"],["spelldoor","1","Description","shorts","***rts","1","0","shorts.png","shorts.mp3"],["spelldoor","1","Description","frock","fr*ck","0","1","frock.png","frock.mp3"],["spelldoor","1","Description","gown","g***","0","2","gown.png","gown.mp3"],["spelldoor","1","Description","raincoat","rainc***","0","1","raincoat.png","raincoat.mp3"],["quizliteracy","1","Description","image_sentence","cap","cap","mittens","shirt","cap.png","","cap.mp3"],["quizliteracy","1","Description","soundonly_image","hat.png","shoes.png","hat.png","frock.png","","","hat.mp3"],["quizliteracy","1","Description","image_sentence","frock","mittens","gown","frock","frock.png","","frock.mp3"]]}]],0,0,[],[],[]],[[[0,"hat",".mp3",0.679184],-1],0,0,[],[],[]],[[{"name":"gown","rect":[0,0,263,480],"offset":[0,0],"originalSize":[263,480],"capInsets":[0,0,0,0]}],[0],0,[0],[0],[7]],[[[0,"shoes",".mp3",0.835918],-1],0,0,[],[],[]],[["0,9729,9729,33071,33071,0,0,1",-1],[1],0,[],[],[]]]]