[1,["b3ExNDxRpKDrB2ZS6kcZMX","11ILRRfChLsapWO7++yn35","d0IuCkOl9ENoQI4Vu8FEl5","37Yg7Q9E9Cbpx6vljkZ833","d84J2E4UNBSo5QDUKlUoFK","a3oX6WwLJDdqhGaie2hV4t","e3YIBDs2lKr4XWRdS8oHVC","230omWmSNORbF/5raRT20G","64wGwsWPtJG5gHf76pUZWg","81MTck67hPErcG2a1/0ZYN","b4qAXGtixG+YRz2bdCrC6f"],["_textureSetter"],["cc.SpriteFrame","cc.Texture2D",["cc.AudioClip",["_name","_native","duration"],0],["cc.JsonAsset",["_name","json"],1]],[[2,0,1,2,4],[3,0,1,3]],[[[[0,"news",".mp3",1.2],-1],0,0,[],[],[]],[[{"name":"duck","rect":[0,0,800,533],"offset":[0,0],"originalSize":[800,533],"capInsets":[0,0,0,0]}],[0],0,[0],[0],[0]],[["0,9729,9729,33071,33071,0,0,1",-1],[1],0,[],[],[]],[[[0,"fire",".mp3",1.056],-1],0,0,[],[],[]],[[{"name":"lion","rect":[16,16,368,258],"offset":[0,0],"originalSize":[400,290],"capInsets":[0,0,0,0]}],[0],0,[0],[0],[1]],[[{"name":"book","rect":[83,84,413,286],"offset":[-0.5,3],"originalSize":[580,460],"capInsets":[0,0,0,0]}],[0],0,[0],[0],[2]],[["0,9729,9729,33071,33071,0,0,1",-1],[1],0,[],[],[]],[[[1,"en2101",{"rows":[["writeword","1","Description","nest","nest.png","nest.mp3"],["writeword","1","Description","fish","fish.png","fish.mp3"],["writeword","1","Description","lion","lion.png","lion.mp3"],["writeword","1","Description","duck","duck.jpg","duck.mp3"],["writeword","1","Description","book","book.png","book.mp3"],["writeword","1","Description","fire","fire.png","fire.mp3"],["writeword","1","Description","news","news.png","news.mp3"],["writeword","1","Description","farm","farm.png","farm.mp3"],["quizliteracy","1","Description","soundonly_image","nest.png","fish.png","nest.png","sun.png","","","nest.mp3"],["quizliteracy","1","Description","soundonly_word","fish","dish","fish","farm","","","fish.mp3"],["quizliteracy","1","Description","image_word","lion","lion","tiger","bear","lion.png"],["quizliteracy","1","Description","soundonly_image","duck.png","cat.png","duck.png","hen.png","","","duck.mp3"],["quizliteracy","1","Description","image_word","book","book","lion","fire","book.png"]]}]],0,0,[],[],[]],[["0,9729,9729,33071,33071,0,0,1",-1],[1],0,[],[],[]],[[[0,"farm",".mp3",0.96],-1],0,0,[],[],[]],[[[0,"duck",".mp3",1.032],-1],0,0,[],[],[]],[[[0,"fish",".mp3",1.032],-1],0,0,[],[],[]],[[{"name":"cat","rect":[0,0,1111,820],"offset":[0,0],"originalSize":[1111,820],"capInsets":[0,0,0,0]}],[0],0,[0],[0],[3]],[["0,9729,9729,33071,33071,0,0,1",-1],[1],0,[],[],[]],[[{"name":"fire","rect":[46,17,102,118],"offset":[0.5,0.5],"originalSize":[193,153],"capInsets":[0,0,0,0]}],[0],0,[0],[0],[4]],[[{"name":"sun","rect":[36,36,846,594],"offset":[0,0],"originalSize":[918,666],"capInsets":[0,0,0,0]}],[0],0,[0],[0],[5]],[[{"name":"nest","rect":[0,0,600,500],"offset":[0,0],"originalSize":[600,500],"capInsets":[0,0,0,0]}],[0],0,[0],[0],[6]],[["0,9729,9729,33071,33071,0,0,1",-1],[1],0,[],[],[]],[[{"name":"news","rect":[18,28,151,99],"offset":[-3,-1],"originalSize":[193,153],"capInsets":[0,0,0,0]}],[0],0,[0],[0],[7]],[[{"name":"hen","rect":[36,36,846,594],"offset":[0,0],"originalSize":[918,666],"capInsets":[0,0,0,0]}],[0],0,[0],[0],[8]],[["0,9729,9729,33071,33071,0,0,1",-1],[1],0,[],[],[]],[[[0,"book",".mp3",0.864],-1],0,0,[],[],[]],[[[0,"lion",".mp3",1.032],-1],0,0,[],[],[]],[["1,9729,9729,33071,33071,0,0,1",-1],[1],0,[],[],[]],[["0,9729,9729,33071,33071,0,0,1",-1],[1],0,[],[],[]],[[{"name":"farm","rect":[12,47,172,69],"offset":[1.5,-5],"originalSize":[193,153],"capInsets":[0,0,0,0]}],[0],0,[0],[0],[9]],[["0,9729,9729,33071,33071,0,0,1",-1],[1],0,[],[],[]],[["0,9729,9729,33071,33071,0,0,1",-1],[1],0,[],[],[]],[["0,9729,9729,33071,33071,0,0,1",-1],[1],0,[],[],[]],[[{"name":"fish","rect":[16,16,368,258],"offset":[0,0],"originalSize":[400,290],"capInsets":[0,0,0,0]}],[0],0,[0],[0],[10]],[[[0,"nest",".mp3",1.128],-1],0,0,[],[],[]]]]