[1,["682o6xzeBAj7RmX34E7/zB","a8tyBNN9xJQ5hY+DQqLq9a","5biQT171dMiK7mSRXAj/FJ"],["_textureSetter"],["cc.Texture2D","cc.SpriteFrame",["cc.AudioClip",["_name","_native","duration"],0],["cc.JsonAsset",["_name","json"],1]],[[2,0,1,2,4],[3,0,1,3]],[[[[0,"एक",".mp3",0.626939],-1],0,0,[],[],[]],[[[0,"भ",".mp3",0.57475],-1],0,0,[],[],[]],[[[0,"सर",".mp3",0.940408],-1],0,0,[],[],[]],[["0,9729,9729,33071,33071,0,0,1",-1],[0],0,[],[],[]],[["0,9729,9729,33071,33071,0,0,1",-1],[0],0,[],[],[]],[[{"name":"सर","rect":[0,0,271,271],"offset":[0,0],"originalSize":[271,271],"capInsets":[0,0,0,0]}],[1],0,[0],[0],[0]],[[{"name":"एक","rect":[28,29,212,213],"offset":[-1.5,0],"originalSize":[271,271],"capInsets":[0,0,0,0]}],[1],0,[0],[0],[1]],[[[0,"स",".mp3",0.627],-1],0,0,[],[],[]],[[[0,"भज",".mp3",0.705306],-1],0,0,[],[],[]],[[[0,"लट",".mp3",0.757551],-1],0,0,[],[],[]],[[[1,"hi0307",{"rows":[["grid","1","Description","ब","ल,म"],["grid","1","Description","क","ल,र"],["grid","1","Description","थ","ल,क"],["grid","1","Description","ड","र,म"],["phonictractor","1","Description","5","भज","भज.mp3","भ","भ.mp3","ज","ज.mp3"],["phonictractor","1","Description","5","सज","सज.mp3","स","स.mp3","ज","ज.mp3"],["rocket","1","Description","लट","ल,ट","ल,ट","लट.mp3","लट.png","false ","false "],["rocket","1","Description","एक","ए,क","ए,क","एक.mp3","एक.png","false ","false "],["rocket","1","Description","सर","स,र","स,र","सर.mp3","सर.png","false ","false "],["quizliteracy","1","Description","soundonly_word","भज","मग","भज","सज","","","भज.mp3"],["quizliteracy","1","Description","image_word","सर","सर","सज","भज","सर.png"],["quizliteracy","1","Description","soundonly_word","सज","भज","सज","सर","","","सज.mp3"]]}]],0,0,[],[],[]],[[[0,"सज",".mp3",0.679184],-1],0,0,[],[],[]],[[[0,"ज",".mp3",0.49625],-1],0,0,[],[],[]],[["0,9729,9729,33071,33071,0,0,1",-1],[0],0,[],[],[]],[[{"name":"लट","rect":[4,41,267,193],"offset":[2,-2],"originalSize":[271,271],"capInsets":[0,0,0,0]}],[1],0,[0],[0],[2]]]]