[1,["ccdLRvNIJBQIkAePKCvcsU","1cw7y0APdGM5j3Xo2Difds","aawSAN0SpLd5Jto42OBuW9","49Xkuve55ERYg/c8wnOQdI","f9QadzPChME6TO5ZHJou1p","6caLubuPRPBZdhS+NHkpX3","080PfZdOhA4qUxIbPWcvTu","96fS759HRHPbqYmPgc9NsD","30RbJSQvpEOpbSBljcFdMg","3578vdvdpGL7TXOW/qAiLE","8b57qa5RlAz79khfQ6V+wl","8a+juLcrFHCYuVEm+bAXGn","e11+waLqxHvaYehUluP7Zf","cdG9pIbh1FpJFcgo/PfaeY","c9VvgXKn9HXbMf8ldVZxpk","f0Ea2S3BxFF7crvK0fOcIR","36IRr5QERENbc6UhvggOjb","e7LMfOLzVJyrYnt5ihIaoo","50thTdGglDUYDbDDvugm2M","31fpiKEbNEy5T8AWHX2aU9","0fJaYFJjJIBpUcdrCQtd1e","cacSIrP2JLspea8FweuYR+","0dlHN3/eZOa7L3ttPFYW0c","b8N1N5gXhCereOgFelBZyG","97jk25inNJ3aVT7L3oKpCf"],["_textureSetter"],["cc.SpriteFrame","cc.Texture2D",["cc.AudioClip",["_name","_native","duration"],0],["cc.JsonAsset",["_name","json"],1]],[[2,0,1,2,4],[3,0,1,3]],[[[{"name":"l2_pinkbook","rect":[0,0,868,689],"offset":[0,0],"originalSize":[868,689],"capInsets":[0,0,0,0]}],[0],0,[0],[0],[0]],[["0,9729,9729,33071,33071,0,0,1",-1],[1],0,[],[],[]],[["0,9729,9729,33071,33071,0,0,1",-1],[1],0,[],[],[]],[["0,9729,9729,33071,33071,0,0,1",-1],[1],0,[],[],[]],[[{"name":"l11_girlshavegreenbananas","rect":[0,0,868,689],"offset":[0,0],"originalSize":[868,689],"capInsets":[0,0,0,0]}],[0],0,[0],[0],[1]],[[{"name":"l1_bird","rect":[0,0,868,689],"offset":[0,0],"originalSize":[868,689],"capInsets":[0,0,0,0]}],[0],0,[0],[0],[2]],[[[0,"Pink_balloons",".mp3",1.17551],-1],0,0,[],[],[]],[["0,9729,9729,33071,33071,0,0,1",-1],[1],0,[],[],[]],[[[0,"An_orange_dress",".mp3",1.306122],-1],0,0,[],[],[]],[[{"name":"l2_greenbook","rect":[0,0,868,689],"offset":[0,0],"originalSize":[868,689],"capInsets":[0,0,0,0]}],[0],0,[0],[0],[3]],[["0,9729,9729,33071,33071,0,0,1",-1],[1],0,[],[],[]],[["0,9729,9729,33071,33071,0,0,1",-1],[1],0,[],[],[]],[[[0,"A_black_bear",".mp3",1.253878],-1],0,0,[],[],[]],[[[0,"A_yellow_shoe",".mp3",1.227755],-1],0,0,[],[],[]],[["0,9729,9729,33071,33071,0,0,1",-1],[1],0,[],[],[]],[["0,9729,9729,33071,33071,0,0,1",-1],[1],0,[],[],[]],[[[0,"A_purple_square",".mp3",1.28],-1],0,0,[],[],[]],[[[0,"A_green_book",".mp3",1.07102],-1],0,0,[],[],[]],[[{"name":"l3_purplesquare","rect":[0,0,868,689],"offset":[0,0],"originalSize":[868,689],"capInsets":[0,0,0,0]}],[0],0,[0],[0],[4]],[["0,9729,9729,33071,33071,0,0,1",-1],[1],0,[],[],[]],[[[0,"The_girls_have_green_bananas",".mp3",2.142041],-1],0,0,[],[],[]],[[[0,"A_brown_bear",".mp3",1.149388],-1],0,0,[],[],[]],[["0,9729,9729,33071,33071,0,0,1",-1],[1],0,[],[],[]],[[{"name":"yellow","rect":[0,0,615,588],"offset":[0,0],"originalSize":[615,588],"capInsets":[0,0,0,0]}],[0],0,[0],[0],[5]],[[[0,"The_girl_has_green_mangoes",".mp3",2.115918],-1],0,0,[],[],[]],[[[0,"A_green_star",".mp3",1.201633],-1],0,0,[],[],[]],[[{"name":"l2_blackbook","rect":[0,0,868,689],"offset":[0,0],"originalSize":[868,689],"capInsets":[0,0,0,0]}],[0],0,[0],[0],[6]],[[{"name":"l1_orangedress","rect":[0,0,868,689],"offset":[0,0],"originalSize":[868,689],"capInsets":[0,0,0,0]}],[0],0,[0],[0],[7]],[[{"name":"l2_greenstar","rect":[0,0,868,689],"offset":[0,0],"originalSize":[868,689],"capInsets":[0,0,0,0]}],[0],0,[0],[0],[8]],[["0,9729,9729,33071,33071,0,0,1",-1],[1],0,[],[],[]],[[{"name":"l11_girlhasgreenbananas","rect":[0,0,868,689],"offset":[0,0],"originalSize":[868,689],"capInsets":[0,0,0,0]}],[0],0,[0],[0],[9]],[[{"name":"l2_pinkballoons","rect":[0,0,868,689],"offset":[0,0],"originalSize":[868,689],"capInsets":[0,0,0,0]}],[0],0,[0],[0],[10]],[[{"name":"l2_brownbear","rect":[0,0,868,689],"offset":[0,0],"originalSize":[868,689],"capInsets":[0,0,0,0]}],[0],0,[0],[0],[11]],[[[0,"A_yellow_ball",".mp3",1.097143],-1],0,0,[],[],[]],[[[0,"A_red_ball",".mp3",1.123265],-1],0,0,[],[],[]],[[{"name":"l1_orangeshirt","rect":[0,0,868,689],"offset":[0,0],"originalSize":[868,689],"capInsets":[0,0,0,0]}],[0],0,[0],[0],[12]],[[[0,"A_purple_circle",".mp3",1.332245],-1],0,0,[],[],[]],[["0,9729,9729,33071,33071,0,0,1",-1],[1],0,[],[],[]],[["0,9729,9729,33071,33071,0,0,1",-1],[1],0,[],[],[]],[[{"name":"l2_blueballoons","rect":[0,0,868,689],"offset":[0,0],"originalSize":[868,689],"capInsets":[0,0,0,0]}],[0],0,[0],[0],[13]],[["0,9729,9729,33071,33071,0,0,1",-1],[1],0,[],[],[]],[["0,9729,9729,33071,33071,0,0,1",-1],[1],0,[],[],[]],[[{"name":"l2_yellowballoons","rect":[0,0,868,689],"offset":[0,0],"originalSize":[868,689],"capInsets":[0,0,0,0]}],[0],0,[0],[0],[14]],[[[0,"green",".mp3",0.731429],-1],0,0,[],[],[]],[["0,9729,9729,33071,33071,0,0,1",-1],[1],0,[],[],[]],[[{"name":"l2_redball","rect":[0,0,868,689],"offset":[0,0],"originalSize":[868,689],"capInsets":[0,0,0,0]}],[0],0,[0],[0],[15]],[[{"name":"l2_blueball","rect":[0,0,868,689],"offset":[0,0],"originalSize":[868,689],"capInsets":[0,0,0,0]}],[0],0,[0],[0],[16]],[["0,9729,9729,33071,33071,0,0,1",-1],[1],0,[],[],[]],[[[0,"Blue_balloons",".mp3",1.253878],-1],0,0,[],[],[]],[[{"name":"l1_orangehat","rect":[0,0,868,689],"offset":[0,0],"originalSize":[868,689],"capInsets":[0,0,0,0]}],[0],0,[0],[0],[17]],[[{"name":"l2_yellowball","rect":[0,0,868,689],"offset":[0,0],"originalSize":[868,689],"capInsets":[0,0,0,0]}],[0],0,[0],[0],[18]],[[[0,"A_blue_ball",".mp3",1.253878],-1],0,0,[],[],[]],[["0,9729,9729,33071,33071,0,0,1",-1],[1],0,[],[],[]],[[[0,"An_orange_hat",".mp3",1.253878],-1],0,0,[],[],[]],[["0,9729,9729,33071,33071,0,0,1",-1],[1],0,[],[],[]],[["0,9729,9729,33071,33071,0,0,1",-1],[1],0,[],[],[]],[["0,9729,9729,33071,33071,0,0,1",-1],[1],0,[],[],[]],[[{"name":"l1_mango","rect":[0,0,868,689],"offset":[0,0],"originalSize":[868,689],"capInsets":[0,0,0,0]}],[0],0,[0],[0],[19]],[[[0,"A_black_book",".mp3",1.436735],-1],0,0,[],[],[]],[[[0,"A_yellow_mango",".mp3",1.253878],-1],0,0,[],[],[]],[[[0,"A_pink_book",".mp3",1.253878],-1],0,0,[],[],[]],[["0,9729,9729,33071,33071,0,0,1",-1],[1],0,[],[],[]],[[[0,"A_yellow_bird",".mp3",1.201633],-1],0,0,[],[],[]],[["0,9729,9729,33071,33071,0,0,1",-1],[1],0,[],[],[]],[[[0,"A_white_bear",".mp3",1.018776],-1],0,0,[],[],[]],[[[0,"The_girl_has_green_bananas",".mp3",2.115918],-1],0,0,[],[],[]],[[[0,"Yellow_balloons",".mp3",1.306122],-1],0,0,[],[],[]],[[[1,"sl_en1901",{"rows":[["picturemeaning","1","Description","P","An orange hat.","l1_orangehat.png","An_orange_hat.mp3","An orange shirt.","l1_orangeshirt.png","An_orange_shirt.mp3","An orange dress.","l1_orangedress.png","An_orange_dress.mp3"],["picturemeaning","1","Description","S","A red ball.","l2_redball.png","A_red_ball.mp3","A blue ball.","l2_blueball.png","A_blue_ball.mp3","A yellow ball.","l2_yellowball.png","A_yellow_ball.mp3"],["picturemeaning","1","Description","S","A green book.","l2_greenbook.png","A_green_book.mp3","A pink book.","l2_pinkbook.png","A_pink_book.mp3","A black book.","l2_blackbook.png","A_black_book.mp3"],["picturemeaning","1","Description","P","A brown bear.","l2_brownbear.png","A_brown_bear.mp3","A black bear.","l2_blackbear.png","A_black_bear.mp3","A white bear.","l2_whitebear.png","A_white_bear.mp3"],["picturemeaning","1","Description","P","A purple circle.","l2_purplecircle.png","A_purple_circle.mp3","A green star.","l2_greenstar.png","A_green_star.mp3","A purple square.","l3_purplesquare.png","A_purple_square.mp3"],["picturemeaning","1","Description","P","Pink balloons.","l2_pinkballoons.png","Pink_balloons.mp3","Blue balloons.","l2_blueballoons.png","Blue_balloons.mp3","Yellow balloons.","l2_yellowballoons.png","Yellow_balloons.mp3"],["picturemeaning","1","Description","S","A yellow mango.","l1_mango.png","A_yellow_mango.mp3","A yellow bird.","l1_bird.png","A_yellow_bird.mp3","A yellow shoe.","l1_shoe.png","A_yellow_shoe.mp3"],["picturemeaning","1","Description","P","The girl has green bananas.","l11_girlhasgreenbananas.png","The_girl_has_green_bananas.mp3","The girl has green mangoes.","l11_girlhasgreenmangoes.png","The_girl_has_green_mangoes.mp3","The girls have green bananas.","l11_girlshavegreenbananas.png","The_girls_have_green_bananas.mp3"],["quizliteracy","1","Description","image_sentence","An orange hat.","An orange shirt.","An orange hat.","An orange orange.","l1_orangehat.png","","An_orange_hat.mp3"],["quizliteracy","1","Description","image_sentence","A red ball.","A red ball.","An orange hat.","A yellow ball.","l2_redball.png","","A_red_ball.mp3"],["quizliteracy","1","Description","soundonly_word","green","red","green","brown","","","green.mp3"],["quizliteracy","1","Description","image_word","yellow","white","black","yellow","yellow.png"],["quizliteracy","1","Description","image_sentence","A brown bear.","A brown bear.","A black boot.","A black dog.","l2_brownbear.png","","A_brown_bear.mp3"]]}]],0,0,[],[],[]],[[{"name":"l2_whitebear","rect":[0,0,868,689],"offset":[0,0],"originalSize":[868,689],"capInsets":[0,0,0,0]}],[0],0,[0],[0],[20]],[["0,9729,9729,33071,33071,0,0,1",-1],[1],0,[],[],[]],[[{"name":"l2_purplecircle","rect":[0,0,868,689],"offset":[0,0],"originalSize":[868,689],"capInsets":[0,0,0,0]}],[0],0,[0],[0],[21]],[[{"name":"l11_girlhasgreenmangoes","rect":[0,0,868,689],"offset":[0,0],"originalSize":[868,689],"capInsets":[0,0,0,0]}],[0],0,[0],[0],[22]],[["0,9729,9729,33071,33071,0,0,1",-1],[1],0,[],[],[]],[[{"name":"l1_shoe","rect":[0,0,868,689],"offset":[0,0],"originalSize":[868,689],"capInsets":[0,0,0,0]}],[0],0,[0],[0],[23]],[[{"name":"l2_blackbear","rect":[0,0,868,689],"offset":[0,0],"originalSize":[868,689],"capInsets":[0,0,0,0]}],[0],0,[0],[0],[24]],[[[0,"An_orange_shirt",".mp3",1.332245],-1],0,0,[],[],[]]]]