[1,["343WDoDP9PJpM51BpyOUJj"],["_textureSetter"],["cc.Texture2D","cc.SpriteFrame",["cc.AudioClip",["_name","_native","duration"],0],["cc.JsonAsset",["_name","json"],1]],[[2,0,1,2,4],[3,0,1,3]],[[[[0,"lizard",".mp3",0.757551],-1],0,0,[],[],[]],[["0,9729,9729,33071,33071,0,0,1",-1],[0],0,[],[],[]],[[[1,"sl_en1808",{"rows":[["openwindow","1","Description","LEGIT","tortoise","tortoise.png","lizard.png","tortoise.mp3","abcdefghijklmnopqrstuvwxyz"],["openwindow","1","Description","LEGIT","cobra","cobra.png","iguana.png","cobra.mp3","abcdefghijklmnopqrstuvwxyz"],["openwindow","1","Description","LEGIT","alligator","alligator.png","python.png","alligator.mp3","abcdefghijklmnopqrstuvwxyz"],["openwindow","1","Description","LEGIT","chamaleon","chamaleon.png","mamba.png","chamaleon.mp3","abcdefghijklmnopqrstuvwxyz"],["openwindow","1","Description","LEGIT","lizard","lizard.png","tortoise.png","lizard.mp3","abcdefghijklmnopqrstuvwxyz"],["openwindow","1","Description","LEGIT","iguana","iguana.png","cobra.png","iguana.mp3","abcdefghijklmnopqrstuvwxyz"],["openwindow","1","Description","LEGIT","python","python.png","alligator.png","python.mp3","abcdefghijklmnopqrstuvwxyz"],["openwindow","1","Description","LEGIT","mamba","mamba.png","tortoise","mamba.mp3","abcdefghijklmnopqrstuvwxyz"],["quizliteracy","1","Description","image_sentence","tortoise","cobra","butterfly","chamaleon","tortoise.png","","tortoise.mp3"],["quizliteracy","1","Description","soundonly_image","iguana.png","chamaleon.png","mamba.png","iguana.png","","","iguana.mp3"],["quizliteracy","1","Description","image_sentence","mamba","mamba","cobra","python","mamba.png","","mamba.mp3"]]}]],0,0,[],[],[]],[[[0,"iguana",".mp3",0.862041],-1],0,0,[],[],[]],[[{"name":"iguana","rect":[0,0,400,333],"offset":[0,0],"originalSize":[400,333],"capInsets":[0,0,0,0]}],[1],0,[0],[0],[0]]]]