<root>
<lido-container lang="hi" id="lido-container" exit-button-url="template-assets/buttons/file-xr52tpdw.png" prev-button-url="template-assets/buttons/file-t8onoeuj.png" next-button-url="template-assets/buttons/file-cbzs3mt5.png" speaker-button-url="template-assets/buttons/file-389gakha.png" show-next-button="true" show-drop-border="false" tabIndex="0" value="mainContainer1" bg-Color="#FFF" height="100%" width="100%" visible="true" objective="(opt_0|opt_1),(opt_2|opt_3)" show-Check="false" is-continue-on-correct="true" after-Drop="false" onCorrect="lido-avatar.avatarAnimate='Success'; this.sleep='2000';" onInCorrect="lido-avatar.avatarAnimate='Fail'; this.sleep='2000';" is-allow-only-correct="false"> 
		<lido-cell layout="col" visible="true" height="100%" width="98%" bgColor="transparent" margin="landscape.83px 0px 0px 0px, portrait.36px 0px -49px 0px">
			<lido-cell layout="pos" id="pos1" disableEdit="true" value="pos2" height="landscape.205px,portrait.195px" width="landscape.209px,portrait.209px" x="landscape.12px,portrait.-17px" y="landscape.68px,portrait.146px" ariaHidden="true" bgColor="transparent" visible="true" onEntry="">
				<lido-avatar id="lido-avatar" disableEdit="true" visible="true" height="100%" width="100%" src="template-assets/images/file-b20qh10f.riv" altText="{chimpleCharacterRive}">
				</lido-avatar>
			</lido-cell>
            
			<lido-text id="heading" tabIndex="2" width="1400px" audio="game-assets/audio/file-cmbc8iak.mp3" visible="true" string="हावभाव छांटें: खुश बनाम गुस्सा" font-family="'Baloo Bhai 2'" fontColor="#323232" font-size="landscape.44px,portrait.32px" bg-Color="transparent" onEntry="this.padding='0px 47px'; this.line-height='45px'; this.fontWeight='400';" margin="landscape.26px 0px -25px 0px, portrait.80px 0px -62px">
            </lido-text>


			<lido-cell layout="row" visible="true" onEntry="head1.speak='true'; head2.speak='true'" height="landscape.38%,portrait.41%" width="100%" bg-Color="transparent" margin="landscape.7px 0px 0px 0px,portrait.55px 0px -73px 0px">
				<lido-cell id="cate1" z="100" visible="true" audio="game-assets/audio/file-980lcokn.mp3" width="landscape.48%,portrait.30%" height="100%" bg-Color="#E3F5FC" onEntry="this.border-radius='6px';this.border=' 2px dashed #326B80';this.display='flex';this.flex-direction='column';this.align-items='center';" onTouch="this.addClass='highlight-element'; cate2.removeClass='highlight-element';">
    <lido-text visible="true" id="head1" audio="game-assets/audio/file-980lcokn.mp3" font-family="'Baloo Bhai 2'" font-size="landscape.32px,portrait.32px" string="खुश" bg-Color="transparent" onEntry="this.padding='10px 47px'; this.line-height='26px'; this.fontWeight='600';" z="1" />
    <lido-cell layout="landscape.wrap,portrait.col" id="category1" scrollbar-width="14px" visible="true" value="opt_0,opt_1" tab-index="3" type="category" height="1000px" width="100%" bg-color="#E3F5FC" onEntry="this.padding='23px';this.overflow=' hidden'; this.justify-items='center';  this.grid-template-columns=' repeat(2, 1fr)'; this.gap=' 10px'; this.overflow-y=' auto';" margin="landscape.-15px 0px 0px 0px,portrait.0px" />
</lido-cell>
				<lido-cell id="cate2" z="100" visible="true" audio="game-assets/audio/file-ar0y3f9x.mp3" width="landscape.48%,portrait.30%" height="100%" bg-Color="#F2EAFC" onEntry="this.border-radius='6px';this.border=' 2px dashed #67428F';this.display='flex';this.flex-direction='column';this.align-items='center';" onTouch="this.addClass='highlight-element'; cate1.removeClass='highlight-element';">
    <lido-text visible="true" id="head2" audio="game-assets/audio/file-ar0y3f9x.mp3" font-family="'Baloo Bhai 2'" font-size="landscape.32px,portrait.32px" string="गुस्सा" bg-Color="transparent" onEntry="this.padding='10px 47px'; this.line-height='26px'; this.fontWeight='600';" z="1" />
    <lido-cell layout="landscape.wrap,portrait.col" id="category2" scrollbar-width="14px" visible="true" value="opt_2,opt_3" tab-index="4" type="category" height="1000px" width="100%" bg-color="#F2EAFC" onEntry="this.padding='23px';this.overflow=' hidden'; this.justify-items='center';  this.grid-template-columns=' repeat(2, 1fr)'; this.gap=' 10px'; this.overflow-y=' auto';" margin="landscape.-15px 0px 0px 0px,portrait.0px" />
</lido-cell>
			</lido-cell>
			<lido-cell layout="landscape.row,portrait.wrap" z="0" visible="true" type="optionArea" height="landscape.32%,portrait.38%" width="landscape.99%,portrait.98%" bg-Color="#FEEDE6" margin="landscape.-33px 0px 32px 0px, portrait.23px 0px 18px 0px" onEntry=" this.border='1px solid #FAB89C';this.overflow=' hidden'; this.gap='25px'; this.align-items='center'; this.justify-content='center';this.border-radius='6px';">
				 <lido-cell layout="col" onTouch="" z="1" audio="game-assets/audio/file-g0crd9hi.mp3" x="29px" y="-221px" visible="true" type="option" tab-index="5" id="i1" value="opt_1" height="240px" width="166px" bg-Color="white" onEntry="this.padding='0px';this.flex-shrink='0';this.box-sizing='unset';this.align-items='center';this.justify-content='center';this.border-radius='6px';this. box-shadow=' 0px 8px 0px -2px rgba(0, 0, 0, 0.1)'"> <lido-text visible="true" onTouch="" height="31px" width="145px" string="चिल्लाना" font-family="'Baloo Bhai 2'" font-size="32px" margin="17px 0px 0px 0px" onEntry="this.pointer-events=' none';this.border-radius='0px'; this.line-height='30px'; this.fontWeight='500';" bg-Color="white" /></lido-cell>
				 <lido-cell layout="col" onTouch="" z="1" audio="game-assets/audio/file-726uolg8.mp3" x="29px" y="-221px" visible="true" type="option" tab-index="6" id="i2" value="opt_2" height="240px" width="166px" bg-Color="white" onEntry="this.padding='0px';this.flex-shrink='0';this.box-sizing='unset';this.align-items='center';this.justify-content='center';this.border-radius='6px';this. box-shadow=' 0px 8px 0px -2px rgba(0, 0, 0, 0.1)'"> <lido-text visible="true" onTouch="" height="31px" width="145px" string="मुस्कुराना" font-family="'Baloo Bhai 2'" font-size="32px" margin="17px 0px 0px 0px" onEntry="this.pointer-events=' none';this.border-radius='0px'; this.line-height='30px'; this.fontWeight='500';" bg-Color="white" /></lido-cell>
				 <lido-cell layout="col" onTouch="" z="1" audio="game-assets/audio/file-dr77xjdy.mp3" x="29px" y="-221px" visible="true" type="option" tab-index="7" id="i3" value="opt_0" height="240px" width="166px" bg-Color="white" onEntry="this.padding='0px';this.flex-shrink='0';this.box-sizing='unset';this.align-items='center';this.justify-content='center';this.border-radius='6px';this. box-shadow=' 0px 8px 0px -2px rgba(0, 0, 0, 0.1)'"> <lido-text visible="true" onTouch="" height="31px" width="145px" string="हँसना" font-family="'Baloo Bhai 2'" font-size="32px" margin="17px 0px 0px 0px" onEntry="this.pointer-events=' none';this.border-radius='0px'; this.line-height='30px'; this.fontWeight='500';" bg-Color="white" /></lido-cell>
				 <lido-cell layout="col" onTouch="" z="1" audio="game-assets/audio/file-i80q4fmv.mp3" x="29px" y="-221px" visible="true" type="option" tab-index="8" id="i4" value="opt_3" height="240px" width="166px" bg-Color="white" onEntry="this.padding='0px';this.flex-shrink='0';this.box-sizing='unset';this.align-items='center';this.justify-content='center';this.border-radius='6px';this. box-shadow=' 0px 8px 0px -2px rgba(0, 0, 0, 0.1)'"> <lido-text visible="true" onTouch="" height="31px" width="145px" string="त्योरी चढ़ाना" font-family="'Baloo Bhai 2'" font-size="32px" margin="17px 0px 0px 0px" onEntry="this.pointer-events=' none';this.border-radius='0px'; this.line-height='30px'; this.fontWeight='500';" bg-Color="white" /></lido-cell>
			</lido-cell>
		</lido-cell>
</lido-container><lido-container lang="hi" id="lido-container" exit-button-url="template-assets/buttons/file-xr52tpdw.png" prev-button-url="template-assets/buttons/file-t8onoeuj.png" next-button-url="template-assets/buttons/file-cbzs3mt5.png" speaker-button-url="template-assets/buttons/file-389gakha.png" show-next-button="true" show-drop-border="false" tabIndex="0" value="mainContainer1" bg-Color="#FFF" height="100%" width="100%" visible="true" objective="(opt_0|opt_1),(opt_2|opt_3)" show-Check="false" is-continue-on-correct="true" after-Drop="false" onCorrect="lido-avatar.avatarAnimate='Success'; this.sleep='2000';" onInCorrect="lido-avatar.avatarAnimate='Fail'; this.sleep='2000';" is-allow-only-correct="false"> 
		<lido-cell layout="col" visible="true" height="100%" width="98%" bgColor="transparent" margin="landscape.83px 0px 0px 0px, portrait.36px 0px -49px 0px">
			<lido-cell layout="pos" id="pos1" disableEdit="true" value="pos2" height="landscape.205px,portrait.195px" width="landscape.209px,portrait.209px" x="landscape.12px,portrait.-17px" y="landscape.68px,portrait.146px" ariaHidden="true" bgColor="transparent" visible="true" onEntry="">
				<lido-avatar id="lido-avatar" disableEdit="true" visible="true" height="100%" width="100%" src="template-assets/images/file-b20qh10f.riv" altText="{chimpleCharacterRive}">
				</lido-avatar>
			</lido-cell>
            
			<lido-text id="heading" tabIndex="2" width="1400px" audio="game-assets/audio/file-1oj5jnjz.mp3" visible="true" string="बोलने के तरीके छांटें: शांत बनाम रूखे" font-family="'Baloo Bhai 2'" fontColor="#323232" font-size="landscape.44px,portrait.32px" bg-Color="transparent" onEntry="this.padding='0px 47px'; this.line-height='45px'; this.fontWeight='400';" margin="landscape.26px 0px -25px 0px, portrait.80px 0px -62px">
            </lido-text>


			<lido-cell layout="row" visible="true" onEntry="head1.speak='true'; head2.speak='true'" height="landscape.38%,portrait.41%" width="100%" bg-Color="transparent" margin="landscape.7px 0px 0px 0px,portrait.55px 0px -73px 0px">
				<lido-cell id="cate1" z="100" visible="true" audio="game-assets/audio/file-fdhrn8zg.mp3" width="landscape.48%,portrait.30%" height="100%" bg-Color="#E3F5FC" onEntry="this.border-radius='6px';this.border=' 2px dashed #326B80';this.display='flex';this.flex-direction='column';this.align-items='center';" onTouch="this.addClass='highlight-element'; cate2.removeClass='highlight-element';">
    <lido-text visible="true" id="head1" audio="game-assets/audio/file-fdhrn8zg.mp3" font-family="'Baloo Bhai 2'" font-size="landscape.32px,portrait.32px" string="शांत" bg-Color="transparent" onEntry="this.padding='10px 47px'; this.line-height='26px'; this.fontWeight='600';" z="1" />
    <lido-cell layout="landscape.wrap,portrait.col" id="category1" scrollbar-width="14px" visible="true" value="opt_0,opt_1" tab-index="3" type="category" height="1000px" width="100%" bg-color="#E3F5FC" onEntry="this.padding='23px';this.overflow=' hidden'; this.justify-items='center';  this.grid-template-columns=' repeat(2, 1fr)'; this.gap=' 10px'; this.overflow-y=' auto';" margin="landscape.-15px 0px 0px 0px,portrait.0px" />
</lido-cell>
				<lido-cell id="cate2" z="100" visible="true" audio="game-assets/audio/file-0iya0f6l.mp3" width="landscape.48%,portrait.30%" height="100%" bg-Color="#F2EAFC" onEntry="this.border-radius='6px';this.border=' 2px dashed #67428F';this.display='flex';this.flex-direction='column';this.align-items='center';" onTouch="this.addClass='highlight-element'; cate1.removeClass='highlight-element';">
    <lido-text visible="true" id="head2" audio="game-assets/audio/file-0iya0f6l.mp3" font-family="'Baloo Bhai 2'" font-size="landscape.32px,portrait.32px" string="रूखा" bg-Color="transparent" onEntry="this.padding='10px 47px'; this.line-height='26px'; this.fontWeight='600';" z="1" />
    <lido-cell layout="landscape.wrap,portrait.col" id="category2" scrollbar-width="14px" visible="true" value="opt_2,opt_3" tab-index="4" type="category" height="1000px" width="100%" bg-color="#F2EAFC" onEntry="this.padding='23px';this.overflow=' hidden'; this.justify-items='center';  this.grid-template-columns=' repeat(2, 1fr)'; this.gap=' 10px'; this.overflow-y=' auto';" margin="landscape.-15px 0px 0px 0px,portrait.0px" />
</lido-cell>
			</lido-cell>
			<lido-cell layout="landscape.row,portrait.wrap" z="0" visible="true" type="optionArea" height="landscape.32%,portrait.38%" width="landscape.99%,portrait.98%" bg-Color="#FEEDE6" margin="landscape.-33px 0px 32px 0px, portrait.23px 0px 18px 0px" onEntry=" this.border='1px solid #FAB89C';this.overflow=' hidden'; this.gap='25px'; this.align-items='center'; this.justify-content='center';this.border-radius='6px';">
				 <lido-cell layout="col" onTouch="" z="1" audio="game-assets/audio/file-o6rkwms1.mp3" x="29px" y="-221px" visible="true" type="option" tab-index="5" id="i1" value="opt_1" height="240px" width="166px" bg-Color="white" onEntry="this.padding='0px';this.flex-shrink='0';this.box-sizing='unset';this.align-items='center';this.justify-content='center';this.border-radius='6px';this. box-shadow=' 0px 8px 0px -2px rgba(0, 0, 0, 0.1)'"> <lido-text visible="true" onTouch="" height="31px" width="145px" string="विनम्र शब्दों का उपयोग करना" font-family="'Baloo Bhai 2'" font-size="32px" margin="17px 0px 0px 0px" onEntry="this.pointer-events=' none';this.border-radius='0px'; this.line-height='30px'; this.fontWeight='500';" bg-Color="white" /></lido-cell>
				 <lido-cell layout="col" onTouch="" z="1" audio="game-assets/audio/file-g0crd9hi.mp3" x="29px" y="-221px" visible="true" type="option" tab-index="6" id="i2" value="opt_2" height="240px" width="166px" bg-Color="white" onEntry="this.padding='0px';this.flex-shrink='0';this.box-sizing='unset';this.align-items='center';this.justify-content='center';this.border-radius='6px';this. box-shadow=' 0px 8px 0px -2px rgba(0, 0, 0, 0.1)'"> <lido-text visible="true" onTouch="" height="31px" width="145px" string="चिल्लाना" font-family="'Baloo Bhai 2'" font-size="32px" margin="17px 0px 0px 0px" onEntry="this.pointer-events=' none';this.border-radius='0px'; this.line-height='30px'; this.fontWeight='500';" bg-Color="white" /></lido-cell>
				 <lido-cell layout="col" onTouch="" z="1" audio="game-assets/audio/file-hdj2n6e9.mp3" x="29px" y="-221px" visible="true" type="option" tab-index="7" id="i3" value="opt_0" height="240px" width="166px" bg-Color="white" onEntry="this.padding='0px';this.flex-shrink='0';this.box-sizing='unset';this.align-items='center';this.justify-content='center';this.border-radius='6px';this. box-shadow=' 0px 8px 0px -2px rgba(0, 0, 0, 0.1)'"> <lido-text visible="true" onTouch="" height="31px" width="145px" string="धीरे और विनम्रता से फुसफुसाना" font-family="'Baloo Bhai 2'" font-size="32px" margin="17px 0px 0px 0px" onEntry="this.pointer-events=' none';this.border-radius='0px'; this.line-height='30px'; this.fontWeight='500';" bg-Color="white" /></lido-cell>
				 <lido-cell layout="col" onTouch="" z="1" audio="game-assets/audio/file-jz7nau32.mp3" x="29px" y="-221px" visible="true" type="option" tab-index="8" id="i4" value="opt_3" height="240px" width="166px" bg-Color="white" onEntry="this.padding='0px';this.flex-shrink='0';this.box-sizing='unset';this.align-items='center';this.justify-content='center';this.border-radius='6px';this. box-shadow=' 0px 8px 0px -2px rgba(0, 0, 0, 0.1)'"> <lido-text visible="true" onTouch="" height="31px" width="145px" string="बीच में टोकना" font-family="'Baloo Bhai 2'" font-size="32px" margin="17px 0px 0px 0px" onEntry="this.pointer-events=' none';this.border-radius='0px'; this.line-height='30px'; this.fontWeight='500';" bg-Color="white" /></lido-cell>
			</lido-cell>
		</lido-cell>
</lido-container><lido-container lang="hi" id="lido-container" exit-button-url="template-assets/buttons/file-xr52tpdw.png" prev-button-url="template-assets/buttons/file-t8onoeuj.png" next-button-url="template-assets/buttons/file-cbzs3mt5.png" speaker-button-url="template-assets/buttons/file-389gakha.png" show-next-button="true" show-drop-border="false" tabIndex="0" value="mainContainer1" bg-Color="#FFF" height="100%" width="100%" visible="true" objective="(opt_0|opt_1),(opt_2|opt_3)" show-Check="false" is-continue-on-correct="true" after-Drop="false" onCorrect="lido-avatar.avatarAnimate='Success'; this.sleep='2000';" onInCorrect="lido-avatar.avatarAnimate='Fail'; this.sleep='2000';" is-allow-only-correct="false"> 
		<lido-cell layout="col" visible="true" height="100%" width="98%" bgColor="transparent" margin="landscape.83px 0px 0px 0px, portrait.36px 0px -49px 0px">
			<lido-cell layout="pos" id="pos1" disableEdit="true" value="pos2" height="landscape.205px,portrait.195px" width="landscape.209px,portrait.209px" x="landscape.12px,portrait.-17px" y="landscape.68px,portrait.146px" ariaHidden="true" bgColor="transparent" visible="true" onEntry="">
				<lido-avatar id="lido-avatar" disableEdit="true" visible="true" height="100%" width="100%" src="template-assets/images/file-b20qh10f.riv" altText="{chimpleCharacterRive}">
				</lido-avatar>
			</lido-cell>
            
			<lido-text id="heading" tabIndex="2" width="1400px" audio="game-assets/audio/file-8c8ob1tp.mp3" visible="true" string="गतिविधियाँ छांटें: मौखिक बनाम लिखित" font-family="'Baloo Bhai 2'" fontColor="#323232" font-size="landscape.44px,portrait.32px" bg-Color="transparent" onEntry="this.padding='0px 47px'; this.line-height='45px'; this.fontWeight='400';" margin="landscape.26px 0px -25px 0px, portrait.80px 0px -62px">
            </lido-text>


			<lido-cell layout="row" visible="true" onEntry="head1.speak='true'; head2.speak='true'" height="landscape.38%,portrait.41%" width="100%" bg-Color="transparent" margin="landscape.7px 0px 0px 0px,portrait.55px 0px -73px 0px">
				<lido-cell id="cate1" z="100" visible="true" audio="game-assets/audio/file-zec9qrpv.mp3" width="landscape.48%,portrait.30%" height="100%" bg-Color="#E3F5FC" onEntry="this.border-radius='6px';this.border=' 2px dashed #326B80';this.display='flex';this.flex-direction='column';this.align-items='center';" onTouch="this.addClass='highlight-element'; cate2.removeClass='highlight-element';">
    <lido-text visible="true" id="head1" audio="game-assets/audio/file-zec9qrpv.mp3" font-family="'Baloo Bhai 2'" font-size="landscape.32px,portrait.32px" string="मौखिक" bg-Color="transparent" onEntry="this.padding='10px 47px'; this.line-height='26px'; this.fontWeight='600';" z="1" />
    <lido-cell layout="landscape.wrap,portrait.col" id="category1" scrollbar-width="14px" visible="true" value="opt_0,opt_1" tab-index="3" type="category" height="1000px" width="100%" bg-color="#E3F5FC" onEntry="this.padding='23px';this.overflow=' hidden'; this.justify-items='center';  this.grid-template-columns=' repeat(2, 1fr)'; this.gap=' 10px'; this.overflow-y=' auto';" margin="landscape.-15px 0px 0px 0px,portrait.0px" />
</lido-cell>
				<lido-cell id="cate2" z="100" visible="true" audio="game-assets/audio/file-svxy4jv9.mp3" width="landscape.48%,portrait.30%" height="100%" bg-Color="#F2EAFC" onEntry="this.border-radius='6px';this.border=' 2px dashed #67428F';this.display='flex';this.flex-direction='column';this.align-items='center';" onTouch="this.addClass='highlight-element'; cate1.removeClass='highlight-element';">
    <lido-text visible="true" id="head2" audio="game-assets/audio/file-svxy4jv9.mp3" font-family="'Baloo Bhai 2'" font-size="landscape.32px,portrait.32px" string="लिखित" bg-Color="transparent" onEntry="this.padding='10px 47px'; this.line-height='26px'; this.fontWeight='600';" z="1" />
    <lido-cell layout="landscape.wrap,portrait.col" id="category2" scrollbar-width="14px" visible="true" value="opt_2,opt_3" tab-index="4" type="category" height="1000px" width="100%" bg-color="#F2EAFC" onEntry="this.padding='23px';this.overflow=' hidden'; this.justify-items='center';  this.grid-template-columns=' repeat(2, 1fr)'; this.gap=' 10px'; this.overflow-y=' auto';" margin="landscape.-15px 0px 0px 0px,portrait.0px" />
</lido-cell>
			</lido-cell>
			<lido-cell layout="landscape.row,portrait.wrap" z="0" visible="true" type="optionArea" height="landscape.32%,portrait.38%" width="landscape.99%,portrait.98%" bg-Color="#FEEDE6" margin="landscape.-33px 0px 32px 0px, portrait.23px 0px 18px 0px" onEntry=" this.border='1px solid #FAB89C';this.overflow=' hidden'; this.gap='25px'; this.align-items='center'; this.justify-content='center';this.border-radius='6px';">
				 <lido-cell layout="col" onTouch="" z="1" audio="game-assets/audio/file-fojp6cgo.mp3" x="29px" y="-221px" visible="true" type="option" tab-index="5" id="i1" value="opt_0" height="240px" width="166px" bg-Color="white" onEntry="this.padding='0px';this.flex-shrink='0';this.box-sizing='unset';this.align-items='center';this.justify-content='center';this.border-radius='6px';this. box-shadow=' 0px 8px 0px -2px rgba(0, 0, 0, 0.1)'"> <lido-text visible="true" onTouch="" height="31px" width="145px" string="बात करना" font-family="'Baloo Bhai 2'" font-size="32px" margin="17px 0px 0px 0px" onEntry="this.pointer-events=' none';this.border-radius='0px'; this.line-height='30px'; this.fontWeight='500';" bg-Color="white" /></lido-cell>
				 <lido-cell layout="col" onTouch="" z="1" audio="game-assets/audio/file-p01x4zxp.mp3" x="29px" y="-221px" visible="true" type="option" tab-index="6" id="i2" value="opt_1" height="240px" width="166px" bg-Color="white" onEntry="this.padding='0px';this.flex-shrink='0';this.box-sizing='unset';this.align-items='center';this.justify-content='center';this.border-radius='6px';this. box-shadow=' 0px 8px 0px -2px rgba(0, 0, 0, 0.1)'"> <lido-text visible="true" onTouch="" height="31px" width="145px" string="पढ़ना" font-family="'Baloo Bhai 2'" font-size="32px" margin="17px 0px 0px 0px" onEntry="this.pointer-events=' none';this.border-radius='0px'; this.line-height='30px'; this.fontWeight='500';" bg-Color="white" /></lido-cell>
				 <lido-cell layout="col" onTouch="" z="1" audio="game-assets/audio/file-35psofc3.mp3" x="29px" y="-221px" visible="true" type="option" tab-index="7" id="i3" value="opt_2" height="240px" width="166px" bg-Color="white" onEntry="this.padding='0px';this.flex-shrink='0';this.box-sizing='unset';this.align-items='center';this.justify-content='center';this.border-radius='6px';this. box-shadow=' 0px 8px 0px -2px rgba(0, 0, 0, 0.1)'"> <lido-text visible="true" onTouch="" height="31px" width="145px" string="चित्र बनाना" font-family="'Baloo Bhai 2'" font-size="32px" margin="17px 0px 0px 0px" onEntry="this.pointer-events=' none';this.border-radius='0px'; this.line-height='30px'; this.fontWeight='500';" bg-Color="white" /></lido-cell>
				 <lido-cell layout="col" onTouch="" z="1" audio="game-assets/audio/file-yx2he7b2.mp3" x="29px" y="-221px" visible="true" type="option" tab-index="8" id="i4" value="opt_3" height="240px" width="166px" bg-Color="white" onEntry="this.padding='0px';this.flex-shrink='0';this.box-sizing='unset';this.align-items='center';this.justify-content='center';this.border-radius='6px';this. box-shadow=' 0px 8px 0px -2px rgba(0, 0, 0, 0.1)'"> <lido-text visible="true" onTouch="" height="31px" width="145px" string="गाना" font-family="'Baloo Bhai 2'" font-size="32px" margin="17px 0px 0px 0px" onEntry="this.pointer-events=' none';this.border-radius='0px'; this.line-height='30px'; this.fontWeight='500';" bg-Color="white" /></lido-cell>
			</lido-cell>
		</lido-cell>
</lido-container><lido-container lang="hi" id="lido-container" exit-button-url="template-assets/buttons/file-xr52tpdw.png" prev-button-url="template-assets/buttons/file-t8onoeuj.png" next-button-url="template-assets/buttons/file-cbzs3mt5.png" speaker-button-url="template-assets/buttons/file-389gakha.png" show-next-button="true" show-drop-border="false" tabIndex="0" value="mainContainer1" bg-Color="#FFF" height="100%" width="100%" visible="true" objective="(opt_0|opt_1),(opt_2|opt_3)" show-Check="false" is-continue-on-correct="true" after-Drop="false" onCorrect="lido-avatar.avatarAnimate='Success'; this.sleep='2000';" onInCorrect="lido-avatar.avatarAnimate='Fail'; this.sleep='2000';" is-allow-only-correct="false"> 
		<lido-cell layout="col" visible="true" height="100%" width="98%" bgColor="transparent" margin="landscape.83px 0px 0px 0px, portrait.36px 0px -49px 0px">
			<lido-cell layout="pos" id="pos1" disableEdit="true" value="pos2" height="landscape.205px,portrait.195px" width="landscape.209px,portrait.209px" x="landscape.12px,portrait.-17px" y="landscape.68px,portrait.146px" ariaHidden="true" bgColor="transparent" visible="true" onEntry="">
				<lido-avatar id="lido-avatar" disableEdit="true" visible="true" height="100%" width="100%" src="template-assets/images/file-b20qh10f.riv" altText="{chimpleCharacterRive}">
				</lido-avatar>
			</lido-cell>
            
			<lido-text id="heading" tabIndex="2" width="1400px" audio="game-assets/audio/file-9psuhcvs.mp3" visible="true" string="आत्मविश्वासी बनाम शर्मीले संचार में छांटें" font-family="'Baloo Bhai 2'" fontColor="#323232" font-size="landscape.44px,portrait.32px" bg-Color="transparent" onEntry="this.padding='0px 47px'; this.line-height='45px'; this.fontWeight='400';" margin="landscape.26px 0px -25px 0px, portrait.80px 0px -62px">
            </lido-text>


			<lido-cell layout="row" visible="true" onEntry="head1.speak='true'; head2.speak='true'" height="landscape.38%,portrait.41%" width="100%" bg-Color="transparent" margin="landscape.7px 0px 0px 0px,portrait.55px 0px -73px 0px">
				<lido-cell id="cate1" z="100" visible="true" audio="game-assets/audio/file-6m5az826.mp3" width="landscape.48%,portrait.30%" height="100%" bg-Color="#E3F5FC" onEntry="this.border-radius='6px';this.border=' 2px dashed #326B80';this.display='flex';this.flex-direction='column';this.align-items='center';" onTouch="this.addClass='highlight-element'; cate2.removeClass='highlight-element';">
    <lido-text visible="true" id="head1" audio="game-assets/audio/file-6m5az826.mp3" font-family="'Baloo Bhai 2'" font-size="landscape.32px,portrait.32px" string="आत्मविश्वासी" bg-Color="transparent" onEntry="this.padding='10px 47px'; this.line-height='26px'; this.fontWeight='600';" z="1" />
    <lido-cell layout="landscape.wrap,portrait.col" id="category1" scrollbar-width="14px" visible="true" value="opt_0,opt_1" tab-index="3" type="category" height="1000px" width="100%" bg-color="#E3F5FC" onEntry="this.padding='23px';this.overflow=' hidden'; this.justify-items='center';  this.grid-template-columns=' repeat(2, 1fr)'; this.gap=' 10px'; this.overflow-y=' auto';" margin="landscape.-15px 0px 0px 0px,portrait.0px" />
</lido-cell>
				<lido-cell id="cate2" z="100" visible="true" audio="game-assets/audio/file-2kj1mif5.mp3" width="landscape.48%,portrait.30%" height="100%" bg-Color="#F2EAFC" onEntry="this.border-radius='6px';this.border=' 2px dashed #67428F';this.display='flex';this.flex-direction='column';this.align-items='center';" onTouch="this.addClass='highlight-element'; cate1.removeClass='highlight-element';">
    <lido-text visible="true" id="head2" audio="game-assets/audio/file-2kj1mif5.mp3" font-family="'Baloo Bhai 2'" font-size="landscape.32px,portrait.32px" string="शर्मीला" bg-Color="transparent" onEntry="this.padding='10px 47px'; this.line-height='26px'; this.fontWeight='600';" z="1" />
    <lido-cell layout="landscape.wrap,portrait.col" id="category2" scrollbar-width="14px" visible="true" value="opt_2,opt_3" tab-index="4" type="category" height="1000px" width="100%" bg-color="#F2EAFC" onEntry="this.padding='23px';this.overflow=' hidden'; this.justify-items='center';  this.grid-template-columns=' repeat(2, 1fr)'; this.gap=' 10px'; this.overflow-y=' auto';" margin="landscape.-15px 0px 0px 0px,portrait.0px" />
</lido-cell>
			</lido-cell>
			<lido-cell layout="landscape.row,portrait.wrap" z="0" visible="true" type="optionArea" height="landscape.32%,portrait.38%" width="landscape.99%,portrait.98%" bg-Color="#FEEDE6" margin="landscape.-33px 0px 32px 0px, portrait.23px 0px 18px 0px" onEntry=" this.border='1px solid #FAB89C';this.overflow=' hidden'; this.gap='25px'; this.align-items='center'; this.justify-content='center';this.border-radius='6px';">
				 <lido-cell layout="col" onTouch="" z="1" audio="game-assets/audio/file-726uolg8.mp3" x="29px" y="-221px" visible="true" type="option" tab-index="5" id="i1" value="opt_1" height="240px" width="166px" bg-Color="white" onEntry="this.padding='0px';this.flex-shrink='0';this.box-sizing='unset';this.align-items='center';this.justify-content='center';this.border-radius='6px';this. box-shadow=' 0px 8px 0px -2px rgba(0, 0, 0, 0.1)'"> <lido-text visible="true" onTouch="" height="31px" width="145px" string="मुस्कुराना" font-family="'Baloo Bhai 2'" font-size="32px" margin="17px 0px 0px 0px" onEntry="this.pointer-events=' none';this.border-radius='0px'; this.line-height='30px'; this.fontWeight='500';" bg-Color="white" /></lido-cell>
				 <lido-cell layout="col" onTouch="" z="1" audio="game-assets/audio/file-tdjv5t4n.mp3" x="29px" y="-221px" visible="true" type="option" tab-index="6" id="i2" value="opt_3" height="240px" width="166px" bg-Color="white" onEntry="this.padding='0px';this.flex-shrink='0';this.box-sizing='unset';this.align-items='center';this.justify-content='center';this.border-radius='6px';this. box-shadow=' 0px 8px 0px -2px rgba(0, 0, 0, 0.1)'"> <lido-text visible="true" onTouch="" height="31px" width="145px" string="चेहरा छुपाना" font-family="'Baloo Bhai 2'" font-size="32px" margin="17px 0px 0px 0px" onEntry="this.pointer-events=' none';this.border-radius='0px'; this.line-height='30px'; this.fontWeight='500';" bg-Color="white" /></lido-cell>
				 <lido-cell layout="col" onTouch="" z="1" audio="game-assets/audio/file-qtc74bh7.mp3" x="29px" y="-221px" visible="true" type="option" tab-index="7" id="i3" value="opt_0" height="240px" width="166px" bg-Color="white" onEntry="this.padding='0px';this.flex-shrink='0';this.box-sizing='unset';this.align-items='center';this.justify-content='center';this.border-radius='6px';this. box-shadow=' 0px 8px 0px -2px rgba(0, 0, 0, 0.1)'"> <lido-text visible="true" onTouch="" height="31px" width="145px" string="ऊपर देखना" font-family="'Baloo Bhai 2'" font-size="32px" margin="17px 0px 0px 0px" onEntry="this.pointer-events=' none';this.border-radius='0px'; this.line-height='30px'; this.fontWeight='500';" bg-Color="white" /></lido-cell>
				 <lido-cell layout="col" onTouch="" z="1" audio="game-assets/audio/file-c7uuhvr6.mp3" x="29px" y="-221px" visible="true" type="option" tab-index="8" id="i4" value="opt_2" height="240px" width="166px" bg-Color="white" onEntry="this.padding='0px';this.flex-shrink='0';this.box-sizing='unset';this.align-items='center';this.justify-content='center';this.border-radius='6px';this. box-shadow=' 0px 8px 0px -2px rgba(0, 0, 0, 0.1)'"> <lido-text visible="true" onTouch="" height="31px" width="145px" string="नीचे देखना" font-family="'Baloo Bhai 2'" font-size="32px" margin="17px 0px 0px 0px" onEntry="this.pointer-events=' none';this.border-radius='0px'; this.line-height='30px'; this.fontWeight='500';" bg-Color="white" /></lido-cell>
			</lido-cell>
		</lido-cell>
</lido-container>
    <lido-container lang="hi" visible="true" objective="option_1,option_2,option_3,option_4" show-next-button="true" is-continue-on-correct="true" bg-image="template-assets/bg-images/file-if4y54ya.png" onCorrect="lido-avatar.avatarAnimate='Success'; this.sleep='2000';" onInCorrect="lido-avatar.avatarAnimate='Fail'; this.sleep='2000';" onEntry="this.sleep='1000'; this.slideAnimation='true';" exit-button-url="template-assets/buttons/file-xr52tpdw.png" prev-button-url="template-assets/buttons/file-t8onoeuj.png" next-button-url="template-assets/buttons/file-cbzs3mt5.png" speaker-button-url="template-assets/buttons/file-389gakha.png">
        <lido-cell layout="pos" id="pos1" disable-edit="true" value="pos1" height="250px" width="250px" x="landscape.0, portrait.670px" y="landscape.51px, portrait.1315px" aria-hidden="true" z="2" bg-color="transparent" visible="true">
            <lido-avatar id="lido-avatar" disable-edit="true" visible="true" height="100%" width="100%" src="template-assets/images/file-b20qh10f.riv" alt-text="" />
        </lido-cell>
        <lido-cell visible="true" layout="col" width="100%" height="100%" bg-color="transparent">
            <lido-text visible="true" width="70%" height="landscape.10%, portrait.5%" bg-color="transparent" />
            <lido-text tab-index="1" audio="game-assets/audio/file-5zsoxydq.mp3" visible="true" width="landscape.70%, portrait.62%" height="10%" string="अच्छी बातचीत करने के चरण व्यवस्थित करें" font-size="42px" onEntry=" this.padding='0px 45px';this.fontWeight='600'; " bg-color="transparent" />
            <lido-cell visible="true" layout="landscape.col, portrait.row" flex-direction="landscape., portrait.row-reverse" align-items="landscape.center, portrait.start" width="100%" height="80%" bg-color="transparent">
                
                <lido-cell visible="true" layout="landscape.row, portrait.col" width="landscape.95%, portrait.26%" height="landscape.65%, portrait.90%" bg-color="#FBCAB5" border-radius="landscape.16px 16px 0 0, portrait.0 16px 16px 0" onEntry="this.flex-shrink='0';this.padding='60px 40px';this.gap='37px'; this.boxSizing='content-box';">
                    <lido-cell tab-index="2" audio="game-assets/audio/file-x3t1x8ra.mp3" visible="true" layout="col" bg-color="white" width="landscape.302px, portrait.154px" height="landscape.100%, portrait.17%" value="option_3" type="slide" onTouch="" border-radius="6px" onEntry="this.flex-shrink='0'; this.border='2px solid #CACACA'; this.paddingTop='50px'; this.boxSizing='content-box';">
    <lido-cell visible="true" layout="pos" width="48px" height="48px" z="1" bg-color="#ff5500" border-radius="5px" onEntry="this.display='flex'; this.alignItems='center';">
        <lido-image visible="true" src="template-assets/images/file-22du90y8.png" />
    </lido-cell>
    
    <lido-text visible="true" string="अपनी बारी का इंतज़ार करना" font-size="42px" onEntry="this.fontWeight='800'; this.textAlign='left'; this.lineHeight='38px';" />
</lido-cell><lido-cell tab-index="3" audio="game-assets/audio/file-5z3wezes.mp3" visible="true" layout="col" bg-color="white" width="landscape.302px, portrait.154px" height="landscape.100%, portrait.17%" value="option_2" type="slide" onTouch="" border-radius="6px" onEntry="this.flex-shrink='0'; this.border='2px solid #CACACA'; this.paddingTop='50px'; this.boxSizing='content-box';">
    <lido-cell visible="true" layout="pos" width="48px" height="48px" z="1" bg-color="#ff5500" border-radius="5px" onEntry="this.display='flex'; this.alignItems='center';">
        <lido-image visible="true" src="template-assets/images/file-22du90y8.png" />
    </lido-cell>
    
    <lido-text visible="true" string="स्पष्ट बोलना" font-size="42px" onEntry="this.fontWeight='800'; this.textAlign='left'; this.lineHeight='38px';" />
</lido-cell><lido-cell tab-index="4" audio="game-assets/audio/file-e59kf8ib.mp3" visible="true" layout="col" bg-color="white" width="landscape.302px, portrait.154px" height="landscape.100%, portrait.17%" value="option_4" type="slide" onTouch="" border-radius="6px" onEntry="this.flex-shrink='0'; this.border='2px solid #CACACA'; this.paddingTop='50px'; this.boxSizing='content-box';">
    <lido-cell visible="true" layout="pos" width="48px" height="48px" z="1" bg-color="#ff5500" border-radius="5px" onEntry="this.display='flex'; this.alignItems='center';">
        <lido-image visible="true" src="template-assets/images/file-22du90y8.png" />
    </lido-cell>
    
    <lido-text visible="true" string="दयालु शब्द कहना" font-size="42px" onEntry="this.fontWeight='800'; this.textAlign='left'; this.lineHeight='38px';" />
</lido-cell><lido-cell tab-index="5" audio="game-assets/audio/file-ema0wzh1.mp3" visible="true" layout="col" bg-color="white" width="landscape.302px, portrait.154px" height="landscape.100%, portrait.17%" value="option_1" type="slide" onTouch="" border-radius="6px" onEntry="this.flex-shrink='0'; this.border='2px solid #CACACA'; this.paddingTop='50px'; this.boxSizing='content-box';">
    <lido-cell visible="true" layout="pos" width="48px" height="48px" z="1" bg-color="#ff5500" border-radius="5px" onEntry="this.display='flex'; this.alignItems='center';">
        <lido-image visible="true" src="template-assets/images/file-22du90y8.png" />
    </lido-cell>
    
    <lido-text visible="true" string="पहले सुनना" font-size="42px" onEntry="this.fontWeight='800'; this.textAlign='left'; this.lineHeight='38px';" />
</lido-cell>
                </lido-cell>
            </lido-cell>
        </lido-cell>
    </lido-container>
    
    <lido-container lang="hi" visible="true" objective="option_1,option_2,option_3,option_4" show-next-button="true" is-continue-on-correct="true" bg-image="template-assets/bg-images/file-if4y54ya.png" onCorrect="lido-avatar.avatarAnimate='Success'; this.sleep='2000';" onInCorrect="lido-avatar.avatarAnimate='Fail'; this.sleep='2000';" onEntry="this.sleep='1000'; this.slideAnimation='true';" exit-button-url="template-assets/buttons/file-xr52tpdw.png" prev-button-url="template-assets/buttons/file-t8onoeuj.png" next-button-url="template-assets/buttons/file-cbzs3mt5.png" speaker-button-url="template-assets/buttons/file-389gakha.png">
        <lido-cell layout="pos" id="pos1" disable-edit="true" value="pos1" height="250px" width="250px" x="landscape.0, portrait.670px" y="landscape.51px, portrait.1315px" aria-hidden="true" z="2" bg-color="transparent" visible="true">
            <lido-avatar id="lido-avatar" disable-edit="true" visible="true" height="100%" width="100%" src="template-assets/images/file-b20qh10f.riv" alt-text="" />
        </lido-cell>
        <lido-cell visible="true" layout="col" width="100%" height="100%" bg-color="transparent">
            <lido-text visible="true" width="70%" height="landscape.10%, portrait.5%" bg-color="transparent" />
            <lido-text tab-index="1" audio="game-assets/audio/file-z4l4d82d.mp3" visible="true" width="landscape.70%, portrait.62%" height="10%" string="जब आपको कुछ समझ न आए तो आपको क्या करना चाहिए" font-size="42px" onEntry=" this.padding='0px 45px';this.fontWeight='600'; " bg-color="transparent" />
            <lido-cell visible="true" layout="landscape.col, portrait.row" flex-direction="landscape., portrait.row-reverse" align-items="landscape.center, portrait.start" width="100%" height="80%" bg-color="transparent">
                
                <lido-cell visible="true" layout="landscape.row, portrait.col" width="landscape.95%, portrait.26%" height="landscape.65%, portrait.90%" bg-color="#FBCAB5" border-radius="landscape.16px 16px 0 0, portrait.0 16px 16px 0" onEntry="this.flex-shrink='0';this.padding='60px 40px';this.gap='37px'; this.boxSizing='content-box';">
                    <lido-cell tab-index="2" audio="game-assets/audio/file-txqmv05n.mp3" visible="true" layout="col" bg-color="white" width="landscape.302px, portrait.154px" height="landscape.100%, portrait.17%" value="option_3" type="slide" onTouch="" border-radius="6px" onEntry="this.flex-shrink='0'; this.border='2px solid #CACACA'; this.paddingTop='50px'; this.boxSizing='content-box';">
    <lido-cell visible="true" layout="pos" width="48px" height="48px" z="1" bg-color="#ff5500" border-radius="5px" onEntry="this.display='flex'; this.alignItems='center';">
        <lido-image visible="true" src="template-assets/images/file-22du90y8.png" />
    </lido-cell>
    
    <lido-text visible="true" string="व्यक्ति को धन्यवाद देना" font-size="42px" onEntry="this.fontWeight='800'; this.textAlign='left'; this.lineHeight='38px';" />
</lido-cell><lido-cell tab-index="3" audio="game-assets/audio/file-wrlrd9o1.mp3" visible="true" layout="col" bg-color="white" width="landscape.302px, portrait.154px" height="landscape.100%, portrait.17%" value="option_4" type="slide" onTouch="" border-radius="6px" onEntry="this.flex-shrink='0'; this.border='2px solid #CACACA'; this.paddingTop='50px'; this.boxSizing='content-box';">
    <lido-cell visible="true" layout="pos" width="48px" height="48px" z="1" bg-color="#ff5500" border-radius="5px" onEntry="this.display='flex'; this.alignItems='center';">
        <lido-image visible="true" src="template-assets/images/file-22du90y8.png" />
    </lido-cell>
    
    <lido-text visible="true" string="फिर से प्रयास करना" font-size="42px" onEntry="this.fontWeight='800'; this.textAlign='left'; this.lineHeight='38px';" />
</lido-cell><lido-cell tab-index="4" audio="game-assets/audio/file-n52oeapi.mp3" visible="true" layout="col" bg-color="white" width="landscape.302px, portrait.154px" height="landscape.100%, portrait.17%" value="option_1" type="slide" onTouch="" border-radius="6px" onEntry="this.flex-shrink='0'; this.border='2px solid #CACACA'; this.paddingTop='50px'; this.boxSizing='content-box';">
    <lido-cell visible="true" layout="pos" width="48px" height="48px" z="1" bg-color="#ff5500" border-radius="5px" onEntry="this.display='flex'; this.alignItems='center';">
        <lido-image visible="true" src="template-assets/images/file-22du90y8.png" />
    </lido-cell>
    
    <lido-text visible="true" string="ध्यान से सुनना" font-size="42px" onEntry="this.fontWeight='800'; this.textAlign='left'; this.lineHeight='38px';" />
</lido-cell><lido-cell tab-index="5" audio="game-assets/audio/file-06rohk1v.mp3" visible="true" layout="col" bg-color="white" width="landscape.302px, portrait.154px" height="landscape.100%, portrait.17%" value="option_2" type="slide" onTouch="" border-radius="6px" onEntry="this.flex-shrink='0'; this.border='2px solid #CACACA'; this.paddingTop='50px'; this.boxSizing='content-box';">
    <lido-cell visible="true" layout="pos" width="48px" height="48px" z="1" bg-color="#ff5500" border-radius="5px" onEntry="this.display='flex'; this.alignItems='center';">
        <lido-image visible="true" src="template-assets/images/file-22du90y8.png" />
    </lido-cell>
    
    <lido-text visible="true" string="विनम्रता से पूछना" font-size="42px" onEntry="this.fontWeight='800'; this.textAlign='left'; this.lineHeight='38px';" />
</lido-cell>
                </lido-cell>
            </lido-cell>
        </lido-cell>
    </lido-container>
    
    <lido-container lang="hi" visible="true" objective="option_1,option_2,option_3,option_4" show-next-button="true" is-continue-on-correct="true" bg-image="template-assets/bg-images/file-if4y54ya.png" onCorrect="lido-avatar.avatarAnimate='Success'; this.sleep='2000';" onInCorrect="lido-avatar.avatarAnimate='Fail'; this.sleep='2000';" onEntry="this.sleep='1000'; this.slideAnimation='true';" exit-button-url="template-assets/buttons/file-xr52tpdw.png" prev-button-url="template-assets/buttons/file-t8onoeuj.png" next-button-url="template-assets/buttons/file-cbzs3mt5.png" speaker-button-url="template-assets/buttons/file-389gakha.png">
        <lido-cell layout="pos" id="pos1" disable-edit="true" value="pos1" height="250px" width="250px" x="landscape.0, portrait.670px" y="landscape.51px, portrait.1315px" aria-hidden="true" z="2" bg-color="transparent" visible="true">
            <lido-avatar id="lido-avatar" disable-edit="true" visible="true" height="100%" width="100%" src="template-assets/images/file-b20qh10f.riv" alt-text="" />
        </lido-cell>
        <lido-cell visible="true" layout="col" width="100%" height="100%" bg-color="transparent">
            <lido-text visible="true" width="70%" height="landscape.10%, portrait.5%" bg-color="transparent" />
            <lido-text tab-index="1" audio="game-assets/audio/file-ewwuc2py.mp3" visible="true" width="landscape.70%, portrait.62%" height="10%" string="क्रम में रखें: नए मित्र का अभिवादन कैसे करें" font-size="42px" onEntry=" this.padding='0px 45px';this.fontWeight='600'; " bg-color="transparent" />
            <lido-cell visible="true" layout="landscape.col, portrait.row" flex-direction="landscape., portrait.row-reverse" align-items="landscape.center, portrait.start" width="100%" height="80%" bg-color="transparent">
                
                <lido-cell visible="true" layout="landscape.row, portrait.col" width="landscape.95%, portrait.26%" height="landscape.65%, portrait.90%" bg-color="#FBCAB5" border-radius="landscape.16px 16px 0 0, portrait.0 16px 16px 0" onEntry="this.flex-shrink='0';this.padding='60px 40px';this.gap='37px'; this.boxSizing='content-box';">
                    <lido-cell tab-index="2" audio="game-assets/audio/file-suu01opt.mp3" visible="true" layout="col" bg-color="white" width="landscape.302px, portrait.154px" height="landscape.100%, portrait.17%" value="option_3" type="slide" onTouch="" border-radius="6px" onEntry="this.flex-shrink='0'; this.border='2px solid #CACACA'; this.paddingTop='50px'; this.boxSizing='content-box';">
    <lido-cell visible="true" layout="pos" width="48px" height="48px" z="1" bg-color="#ff5500" border-radius="5px" onEntry="this.display='flex'; this.alignItems='center';">
        <lido-image visible="true" src="template-assets/images/file-22du90y8.png" />
    </lido-cell>
    
    <lido-text visible="true" string="उनका नाम पूछना" font-size="42px" onEntry="this.fontWeight='800'; this.textAlign='left'; this.lineHeight='38px';" />
</lido-cell><lido-cell tab-index="3" audio="game-assets/audio/file-g4vyer85.mp3" visible="true" layout="col" bg-color="white" width="landscape.302px, portrait.154px" height="landscape.100%, portrait.17%" value="option_4" type="slide" onTouch="" border-radius="6px" onEntry="this.flex-shrink='0'; this.border='2px solid #CACACA'; this.paddingTop='50px'; this.boxSizing='content-box';">
    <lido-cell visible="true" layout="pos" width="48px" height="48px" z="1" bg-color="#ff5500" border-radius="5px" onEntry="this.display='flex'; this.alignItems='center';">
        <lido-image visible="true" src="template-assets/images/file-22du90y8.png" />
    </lido-cell>
    
    <lido-text visible="true" string="विनम्रता से बात करना" font-size="42px" onEntry="this.fontWeight='800'; this.textAlign='left'; this.lineHeight='38px';" />
</lido-cell><lido-cell tab-index="4" audio="game-assets/audio/file-726uolg8.mp3" visible="true" layout="col" bg-color="white" width="landscape.302px, portrait.154px" height="landscape.100%, portrait.17%" value="option_1" type="slide" onTouch="" border-radius="6px" onEntry="this.flex-shrink='0'; this.border='2px solid #CACACA'; this.paddingTop='50px'; this.boxSizing='content-box';">
    <lido-cell visible="true" layout="pos" width="48px" height="48px" z="1" bg-color="#ff5500" border-radius="5px" onEntry="this.display='flex'; this.alignItems='center';">
        <lido-image visible="true" src="template-assets/images/file-22du90y8.png" />
    </lido-cell>
    
    <lido-text visible="true" string="मुस्कुराना" font-size="42px" onEntry="this.fontWeight='800'; this.textAlign='left'; this.lineHeight='38px';" />
</lido-cell><lido-cell tab-index="5" audio="game-assets/audio/file-w8g9vgfx.mp3" visible="true" layout="col" bg-color="white" width="landscape.302px, portrait.154px" height="landscape.100%, portrait.17%" value="option_2" type="slide" onTouch="" border-radius="6px" onEntry="this.flex-shrink='0'; this.border='2px solid #CACACA'; this.paddingTop='50px'; this.boxSizing='content-box';">
    <lido-cell visible="true" layout="pos" width="48px" height="48px" z="1" bg-color="#ff5500" border-radius="5px" onEntry="this.display='flex'; this.alignItems='center';">
        <lido-image visible="true" src="template-assets/images/file-22du90y8.png" />
    </lido-cell>
    
    <lido-text visible="true" string="नमस्ते कहना" font-size="42px" onEntry="this.fontWeight='800'; this.textAlign='left'; this.lineHeight='38px';" />
</lido-cell>
                </lido-cell>
            </lido-cell>
        </lido-cell>
    </lido-container>
    
    <lido-container lang="hi" visible="true" objective="option_1,option_2,option_3,option_4" show-next-button="true" is-continue-on-correct="true" bg-image="template-assets/bg-images/file-if4y54ya.png" onCorrect="lido-avatar.avatarAnimate='Success'; this.sleep='2000';" onInCorrect="lido-avatar.avatarAnimate='Fail'; this.sleep='2000';" onEntry="this.sleep='1000'; this.slideAnimation='true';" exit-button-url="template-assets/buttons/file-xr52tpdw.png" prev-button-url="template-assets/buttons/file-t8onoeuj.png" next-button-url="template-assets/buttons/file-cbzs3mt5.png" speaker-button-url="template-assets/buttons/file-389gakha.png">
        <lido-cell layout="pos" id="pos1" disable-edit="true" value="pos1" height="250px" width="250px" x="landscape.0, portrait.670px" y="landscape.51px, portrait.1315px" aria-hidden="true" z="2" bg-color="transparent" visible="true">
            <lido-avatar id="lido-avatar" disable-edit="true" visible="true" height="100%" width="100%" src="template-assets/images/file-b20qh10f.riv" alt-text="" />
        </lido-cell>
        <lido-cell visible="true" layout="col" width="100%" height="100%" bg-color="transparent">
            <lido-text visible="true" width="70%" height="landscape.10%, portrait.5%" bg-color="transparent" />
            <lido-text tab-index="1" audio="game-assets/audio/file-oswksogp.mp3" visible="true" width="landscape.70%, portrait.62%" height="10%" string="साथ मिलकर समस्या हल करने के चरण" font-size="42px" onEntry=" this.padding='0px 45px';this.fontWeight='600'; " bg-color="transparent" />
            <lido-cell visible="true" layout="landscape.col, portrait.row" flex-direction="landscape., portrait.row-reverse" align-items="landscape.center, portrait.start" width="100%" height="80%" bg-color="transparent">
                
                <lido-cell visible="true" layout="landscape.row, portrait.col" width="landscape.95%, portrait.26%" height="landscape.65%, portrait.90%" bg-color="#FBCAB5" border-radius="landscape.16px 16px 0 0, portrait.0 16px 16px 0" onEntry="this.flex-shrink='0';this.padding='60px 40px';this.gap='37px'; this.boxSizing='content-box';">
                    <lido-cell tab-index="2" audio="game-assets/audio/file-zgs7ctvv.mp3" visible="true" layout="col" bg-color="white" width="landscape.302px, portrait.154px" height="landscape.100%, portrait.17%" value="option_1" type="slide" onTouch="" border-radius="6px" onEntry="this.flex-shrink='0'; this.border='2px solid #CACACA'; this.paddingTop='50px'; this.boxSizing='content-box';">
    <lido-cell visible="true" layout="pos" width="48px" height="48px" z="1" bg-color="#ff5500" border-radius="5px" onEntry="this.display='flex'; this.alignItems='center';">
        <lido-image visible="true" src="template-assets/images/file-22du90y8.png" />
    </lido-cell>
    
    <lido-text visible="true" string="एक दूसरे की बात सुनना" font-size="42px" onEntry="this.fontWeight='800'; this.textAlign='left'; this.lineHeight='38px';" />
</lido-cell><lido-cell tab-index="3" audio="game-assets/audio/file-a35zz575.mp3" visible="true" layout="col" bg-color="white" width="landscape.302px, portrait.154px" height="landscape.100%, portrait.17%" value="option_2" type="slide" onTouch="" border-radius="6px" onEntry="this.flex-shrink='0'; this.border='2px solid #CACACA'; this.paddingTop='50px'; this.boxSizing='content-box';">
    <lido-cell visible="true" layout="pos" width="48px" height="48px" z="1" bg-color="#ff5500" border-radius="5px" onEntry="this.display='flex'; this.alignItems='center';">
        <lido-image visible="true" src="template-assets/images/file-22du90y8.png" />
    </lido-cell>
    
    <lido-text visible="true" string="विचार साझा करना" font-size="42px" onEntry="this.fontWeight='800'; this.textAlign='left'; this.lineHeight='38px';" />
</lido-cell><lido-cell tab-index="4" audio="game-assets/audio/file-8kwp789w.mp3" visible="true" layout="col" bg-color="white" width="landscape.302px, portrait.154px" height="landscape.100%, portrait.17%" value="option_4" type="slide" onTouch="" border-radius="6px" onEntry="this.flex-shrink='0'; this.border='2px solid #CACACA'; this.paddingTop='50px'; this.boxSizing='content-box';">
    <lido-cell visible="true" layout="pos" width="48px" height="48px" z="1" bg-color="#ff5500" border-radius="5px" onEntry="this.display='flex'; this.alignItems='center';">
        <lido-image visible="true" src="template-assets/images/file-22du90y8.png" />
    </lido-cell>
    
    <lido-text visible="true" string="समाधान ढूँढना" font-size="42px" onEntry="this.fontWeight='800'; this.textAlign='left'; this.lineHeight='38px';" />
</lido-cell><lido-cell tab-index="5" audio="game-assets/audio/file-3bhgqj4e.mp3" visible="true" layout="col" bg-color="white" width="landscape.302px, portrait.154px" height="landscape.100%, portrait.17%" value="option_3" type="slide" onTouch="" border-radius="6px" onEntry="this.flex-shrink='0'; this.border='2px solid #CACACA'; this.paddingTop='50px'; this.boxSizing='content-box';">
    <lido-cell visible="true" layout="pos" width="48px" height="48px" z="1" bg-color="#ff5500" border-radius="5px" onEntry="this.display='flex'; this.alignItems='center';">
        <lido-image visible="true" src="template-assets/images/file-22du90y8.png" />
    </lido-cell>
    
    <lido-text visible="true" string="शांत रहना" font-size="42px" onEntry="this.fontWeight='800'; this.textAlign='left'; this.lineHeight='38px';" />
</lido-cell>
                </lido-cell>
            </lido-cell>
        </lido-cell>
    </lido-container>
    
    <lido-container lang="hi" visible="true" objective="option_1,option_2,option_3,option_4" show-next-button="true" is-continue-on-correct="true" bg-image="template-assets/bg-images/file-if4y54ya.png" onCorrect="lido-avatar.avatarAnimate='Success'; this.sleep='2000';" onInCorrect="lido-avatar.avatarAnimate='Fail'; this.sleep='2000';" onEntry="this.sleep='1000'; this.slideAnimation='true';" exit-button-url="template-assets/buttons/file-xr52tpdw.png" prev-button-url="template-assets/buttons/file-t8onoeuj.png" next-button-url="template-assets/buttons/file-cbzs3mt5.png" speaker-button-url="template-assets/buttons/file-389gakha.png">
        <lido-cell layout="pos" id="pos1" disable-edit="true" value="pos1" height="250px" width="250px" x="landscape.0, portrait.670px" y="landscape.51px, portrait.1315px" aria-hidden="true" z="2" bg-color="transparent" visible="true">
            <lido-avatar id="lido-avatar" disable-edit="true" visible="true" height="100%" width="100%" src="template-assets/images/file-b20qh10f.riv" alt-text="" />
        </lido-cell>
        <lido-cell visible="true" layout="col" width="100%" height="100%" bg-color="transparent">
            <lido-text visible="true" width="70%" height="landscape.10%, portrait.5%" bg-color="transparent" />
            <lido-text tab-index="1" audio="game-assets/audio/file-lr9768hq.mp3" visible="true" width="landscape.70%, portrait.62%" height="10%" string="कक्षा में सम्मान दिखाने के तरीके" font-size="42px" onEntry=" this.padding='0px 45px';this.fontWeight='600'; " bg-color="transparent" />
            <lido-cell visible="true" layout="landscape.col, portrait.row" flex-direction="landscape., portrait.row-reverse" align-items="landscape.center, portrait.start" width="100%" height="80%" bg-color="transparent">
                
                <lido-cell visible="true" layout="landscape.row, portrait.col" width="landscape.95%, portrait.26%" height="landscape.65%, portrait.90%" bg-color="#FBCAB5" border-radius="landscape.16px 16px 0 0, portrait.0 16px 16px 0" onEntry="this.flex-shrink='0';this.padding='60px 40px';this.gap='37px'; this.boxSizing='content-box';">
                    <lido-cell tab-index="2" audio="game-assets/audio/file-gqdsxlrh.mp3" visible="true" layout="col" bg-color="white" width="landscape.302px, portrait.154px" height="landscape.100%, portrait.17%" value="option_1" type="slide" onTouch="" border-radius="6px" onEntry="this.flex-shrink='0'; this.border='2px solid #CACACA'; this.paddingTop='50px'; this.boxSizing='content-box';">
    <lido-cell visible="true" layout="pos" width="48px" height="48px" z="1" bg-color="#ff5500" border-radius="5px" onEntry="this.display='flex'; this.alignItems='center';">
        <lido-image visible="true" src="template-assets/images/file-22du90y8.png" />
    </lido-cell>
    
    <lido-text visible="true" string="शिक्षक की ओर देखना" font-size="42px" onEntry="this.fontWeight='800'; this.textAlign='left'; this.lineHeight='38px';" />
</lido-cell><lido-cell tab-index="3" audio="game-assets/audio/file-kqin6vd1.mp3" visible="true" layout="col" bg-color="white" width="landscape.302px, portrait.154px" height="landscape.100%, portrait.17%" value="option_4" type="slide" onTouch="" border-radius="6px" onEntry="this.flex-shrink='0'; this.border='2px solid #CACACA'; this.paddingTop='50px'; this.boxSizing='content-box';">
    <lido-cell visible="true" layout="pos" width="48px" height="48px" z="1" bg-color="#ff5500" border-radius="5px" onEntry="this.display='flex'; this.alignItems='center';">
        <lido-image visible="true" src="template-assets/images/file-22du90y8.png" />
    </lido-cell>
    
    <lido-text visible="true" string="विनम्रता से बोलना" font-size="42px" onEntry="this.fontWeight='800'; this.textAlign='left'; this.lineHeight='38px';" />
</lido-cell><lido-cell tab-index="4" audio="game-assets/audio/file-426omvye.mp3" visible="true" layout="col" bg-color="white" width="landscape.302px, portrait.154px" height="landscape.100%, portrait.17%" value="option_2" type="slide" onTouch="" border-radius="6px" onEntry="this.flex-shrink='0'; this.border='2px solid #CACACA'; this.paddingTop='50px'; this.boxSizing='content-box';">
    <lido-cell visible="true" layout="pos" width="48px" height="48px" z="1" bg-color="#ff5500" border-radius="5px" onEntry="this.display='flex'; this.alignItems='center';">
        <lido-image visible="true" src="template-assets/images/file-22du90y8.png" />
    </lido-cell>
    
    <lido-text visible="true" string="चुपचाप सुनना" font-size="42px" onEntry="this.fontWeight='800'; this.textAlign='left'; this.lineHeight='38px';" />
</lido-cell><lido-cell tab-index="5" audio="game-assets/audio/file-07wtlij9.mp3" visible="true" layout="col" bg-color="white" width="landscape.302px, portrait.154px" height="landscape.100%, portrait.17%" value="option_3" type="slide" onTouch="" border-radius="6px" onEntry="this.flex-shrink='0'; this.border='2px solid #CACACA'; this.paddingTop='50px'; this.boxSizing='content-box';">
    <lido-cell visible="true" layout="pos" width="48px" height="48px" z="1" bg-color="#ff5500" border-radius="5px" onEntry="this.display='flex'; this.alignItems='center';">
        <lido-image visible="true" src="template-assets/images/file-22du90y8.png" />
    </lido-cell>
    
    <lido-text visible="true" string="अपना हाथ उठाना" font-size="42px" onEntry="this.fontWeight='800'; this.textAlign='left'; this.lineHeight='38px';" />
</lido-cell>
                </lido-cell>
            </lido-cell>
        </lido-cell>
    </lido-container>
    
    <lido-container lang="hi" visible="true" objective="option_1,option_2,option_3,option_4" show-next-button="true" is-continue-on-correct="true" bg-image="template-assets/bg-images/file-if4y54ya.png" onCorrect="lido-avatar.avatarAnimate='Success'; this.sleep='2000';" onInCorrect="lido-avatar.avatarAnimate='Fail'; this.sleep='2000';" onEntry="this.sleep='1000'; this.slideAnimation='true';" exit-button-url="template-assets/buttons/file-xr52tpdw.png" prev-button-url="template-assets/buttons/file-t8onoeuj.png" next-button-url="template-assets/buttons/file-cbzs3mt5.png" speaker-button-url="template-assets/buttons/file-389gakha.png">
        <lido-cell layout="pos" id="pos1" disable-edit="true" value="pos1" height="250px" width="250px" x="landscape.0, portrait.670px" y="landscape.51px, portrait.1315px" aria-hidden="true" z="2" bg-color="transparent" visible="true">
            <lido-avatar id="lido-avatar" disable-edit="true" visible="true" height="100%" width="100%" src="template-assets/images/file-b20qh10f.riv" alt-text="" />
        </lido-cell>
        <lido-cell visible="true" layout="col" width="100%" height="100%" bg-color="transparent">
            <lido-text visible="true" width="70%" height="landscape.10%, portrait.5%" bg-color="transparent" />
            <lido-text tab-index="1" audio="game-assets/audio/file-edsdz0wm.mp3" visible="true" width="landscape.70%, portrait.62%" height="10%" string="माफ़ी माँगने के चरण" font-size="42px" onEntry=" this.padding='0px 45px';this.fontWeight='600'; " bg-color="transparent" />
            <lido-cell visible="true" layout="landscape.col, portrait.row" flex-direction="landscape., portrait.row-reverse" align-items="landscape.center, portrait.start" width="100%" height="80%" bg-color="transparent">
                
                <lido-cell visible="true" layout="landscape.row, portrait.col" width="landscape.95%, portrait.26%" height="landscape.65%, portrait.90%" bg-color="#FBCAB5" border-radius="landscape.16px 16px 0 0, portrait.0 16px 16px 0" onEntry="this.flex-shrink='0';this.padding='60px 40px';this.gap='37px'; this.boxSizing='content-box';">
                    <lido-cell tab-index="2" audio="game-assets/audio/file-u5kag3jp.mp3" visible="true" layout="col" bg-color="white" width="landscape.302px, portrait.154px" height="landscape.100%, portrait.17%" value="option_1" type="slide" onTouch="" border-radius="6px" onEntry="this.flex-shrink='0'; this.border='2px solid #CACACA'; this.paddingTop='50px'; this.boxSizing='content-box';">
    <lido-cell visible="true" layout="pos" width="48px" height="48px" z="1" bg-color="#ff5500" border-radius="5px" onEntry="this.display='flex'; this.alignItems='center';">
        <lido-image visible="true" src="template-assets/images/file-22du90y8.png" />
    </lido-cell>
    
    <lido-text visible="true" string="गलती समझना" font-size="42px" onEntry="this.fontWeight='800'; this.textAlign='left'; this.lineHeight='38px';" />
</lido-cell><lido-cell tab-index="3" audio="game-assets/audio/file-tnb811r4.mp3" visible="true" layout="col" bg-color="white" width="landscape.302px, portrait.154px" height="landscape.100%, portrait.17%" value="option_3" type="slide" onTouch="" border-radius="6px" onEntry="this.flex-shrink='0'; this.border='2px solid #CACACA'; this.paddingTop='50px'; this.boxSizing='content-box';">
    <lido-cell visible="true" layout="pos" width="48px" height="48px" z="1" bg-color="#ff5500" border-radius="5px" onEntry="this.display='flex'; this.alignItems='center';">
        <lido-image visible="true" src="template-assets/images/file-22du90y8.png" />
    </lido-cell>
    
    <lido-text visible="true" string="समस्या को ठीक करना" font-size="42px" onEntry="this.fontWeight='800'; this.textAlign='left'; this.lineHeight='38px';" />
</lido-cell><lido-cell tab-index="4" audio="game-assets/audio/file-7gbmc7co.mp3" visible="true" layout="col" bg-color="white" width="landscape.302px, portrait.154px" height="landscape.100%, portrait.17%" value="option_2" type="slide" onTouch="" border-radius="6px" onEntry="this.flex-shrink='0'; this.border='2px solid #CACACA'; this.paddingTop='50px'; this.boxSizing='content-box';">
    <lido-cell visible="true" layout="pos" width="48px" height="48px" z="1" bg-color="#ff5500" border-radius="5px" onEntry="this.display='flex'; this.alignItems='center';">
        <lido-image visible="true" src="template-assets/images/file-22du90y8.png" />
    </lido-cell>
    
    <lido-text visible="true" string="माफ़ी माँगना" font-size="42px" onEntry="this.fontWeight='800'; this.textAlign='left'; this.lineHeight='38px';" />
</lido-cell><lido-cell tab-index="5" audio="game-assets/audio/file-gkc22szm.mp3" visible="true" layout="col" bg-color="white" width="landscape.302px, portrait.154px" height="landscape.100%, portrait.17%" value="option_4" type="slide" onTouch="" border-radius="6px" onEntry="this.flex-shrink='0'; this.border='2px solid #CACACA'; this.paddingTop='50px'; this.boxSizing='content-box';">
    <lido-cell visible="true" layout="pos" width="48px" height="48px" z="1" bg-color="#ff5500" border-radius="5px" onEntry="this.display='flex'; this.alignItems='center';">
        <lido-image visible="true" src="template-assets/images/file-22du90y8.png" />
    </lido-cell>
    
    <lido-text visible="true" string="फिर से दयालु बनना" font-size="42px" onEntry="this.fontWeight='800'; this.textAlign='left'; this.lineHeight='38px';" />
</lido-cell>
                </lido-cell>
            </lido-cell>
        </lido-cell>
    </lido-container>
    
    <lido-container lang="hi" visible="true" objective="option_1,option_2,option_3,option_4" show-next-button="true" is-continue-on-correct="true" bg-image="template-assets/bg-images/file-if4y54ya.png" onCorrect="lido-avatar.avatarAnimate='Success'; this.sleep='2000';" onInCorrect="lido-avatar.avatarAnimate='Fail'; this.sleep='2000';" onEntry="this.sleep='1000'; this.slideAnimation='true';" exit-button-url="template-assets/buttons/file-xr52tpdw.png" prev-button-url="template-assets/buttons/file-t8onoeuj.png" next-button-url="template-assets/buttons/file-cbzs3mt5.png" speaker-button-url="template-assets/buttons/file-389gakha.png">
        <lido-cell layout="pos" id="pos1" disable-edit="true" value="pos1" height="250px" width="250px" x="landscape.0, portrait.670px" y="landscape.51px, portrait.1315px" aria-hidden="true" z="2" bg-color="transparent" visible="true">
            <lido-avatar id="lido-avatar" disable-edit="true" visible="true" height="100%" width="100%" src="template-assets/images/file-b20qh10f.riv" alt-text="" />
        </lido-cell>
        <lido-cell visible="true" layout="col" width="100%" height="100%" bg-color="transparent">
            <lido-text visible="true" width="70%" height="landscape.10%, portrait.5%" bg-color="transparent" />
            <lido-text tab-index="1" audio="game-assets/audio/file-m6fiiyxg.mp3" visible="true" width="landscape.70%, portrait.62%" height="10%" string="मदद माँगने के तरीके" font-size="42px" onEntry=" this.padding='0px 45px';this.fontWeight='600'; " bg-color="transparent" />
            <lido-cell visible="true" layout="landscape.col, portrait.row" flex-direction="landscape., portrait.row-reverse" align-items="landscape.center, portrait.start" width="100%" height="80%" bg-color="transparent">
                
                <lido-cell visible="true" layout="landscape.row, portrait.col" width="landscape.95%, portrait.26%" height="landscape.65%, portrait.90%" bg-color="#FBCAB5" border-radius="landscape.16px 16px 0 0, portrait.0 16px 16px 0" onEntry="this.flex-shrink='0';this.padding='60px 40px';this.gap='37px'; this.boxSizing='content-box';">
                    <lido-cell tab-index="2" audio="game-assets/audio/file-3bhgqj4e.mp3" visible="true" layout="col" bg-color="white" width="landscape.302px, portrait.154px" height="landscape.100%, portrait.17%" value="option_1" type="slide" onTouch="" border-radius="6px" onEntry="this.flex-shrink='0'; this.border='2px solid #CACACA'; this.paddingTop='50px'; this.boxSizing='content-box';">
    <lido-cell visible="true" layout="pos" width="48px" height="48px" z="1" bg-color="#ff5500" border-radius="5px" onEntry="this.display='flex'; this.alignItems='center';">
        <lido-image visible="true" src="template-assets/images/file-22du90y8.png" />
    </lido-cell>
    
    <lido-text visible="true" string="शांत रहना" font-size="42px" onEntry="this.fontWeight='800'; this.textAlign='left'; this.lineHeight='38px';" />
</lido-cell><lido-cell tab-index="3" audio="game-assets/audio/file-txqmv05n.mp3" visible="true" layout="col" bg-color="white" width="landscape.302px, portrait.154px" height="landscape.100%, portrait.17%" value="option_4" type="slide" onTouch="" border-radius="6px" onEntry="this.flex-shrink='0'; this.border='2px solid #CACACA'; this.paddingTop='50px'; this.boxSizing='content-box';">
    <lido-cell visible="true" layout="pos" width="48px" height="48px" z="1" bg-color="#ff5500" border-radius="5px" onEntry="this.display='flex'; this.alignItems='center';">
        <lido-image visible="true" src="template-assets/images/file-22du90y8.png" />
    </lido-cell>
    
    <lido-text visible="true" string="व्यक्ति को धन्यवाद देना" font-size="42px" onEntry="this.fontWeight='800'; this.textAlign='left'; this.lineHeight='38px';" />
</lido-cell><lido-cell tab-index="4" audio="game-assets/audio/file-06rohk1v.mp3" visible="true" layout="col" bg-color="white" width="landscape.302px, portrait.154px" height="landscape.100%, portrait.17%" value="option_2" type="slide" onTouch="" border-radius="6px" onEntry="this.flex-shrink='0'; this.border='2px solid #CACACA'; this.paddingTop='50px'; this.boxSizing='content-box';">
    <lido-cell visible="true" layout="pos" width="48px" height="48px" z="1" bg-color="#ff5500" border-radius="5px" onEntry="this.display='flex'; this.alignItems='center';">
        <lido-image visible="true" src="template-assets/images/file-22du90y8.png" />
    </lido-cell>
    
    <lido-text visible="true" string="विनम्रता से पूछना" font-size="42px" onEntry="this.fontWeight='800'; this.textAlign='left'; this.lineHeight='38px';" />
</lido-cell><lido-cell tab-index="5" audio="game-assets/audio/file-lyjmuvul.mp3" visible="true" layout="col" bg-color="white" width="landscape.302px, portrait.154px" height="landscape.100%, portrait.17%" value="option_3" type="slide" onTouch="" border-radius="6px" onEntry="this.flex-shrink='0'; this.border='2px solid #CACACA'; this.paddingTop='50px'; this.boxSizing='content-box';">
    <lido-cell visible="true" layout="pos" width="48px" height="48px" z="1" bg-color="#ff5500" border-radius="5px" onEntry="this.display='flex'; this.alignItems='center';">
        <lido-image visible="true" src="template-assets/images/file-22du90y8.png" />
    </lido-cell>
    
    <lido-text visible="true" string="सलाह सुनना" font-size="42px" onEntry="this.fontWeight='800'; this.textAlign='left'; this.lineHeight='38px';" />
</lido-cell>
                </lido-cell>
            </lido-cell>
        </lido-cell>
    </lido-container>
    
    <lido-container lang="hi" visible="true" objective="option_1,option_2,option_3,option_4" show-next-button="true" is-continue-on-correct="true" bg-image="template-assets/bg-images/file-if4y54ya.png" onCorrect="lido-avatar.avatarAnimate='Success'; this.sleep='2000';" onInCorrect="lido-avatar.avatarAnimate='Fail'; this.sleep='2000';" onEntry="this.sleep='1000'; this.slideAnimation='true';" exit-button-url="template-assets/buttons/file-xr52tpdw.png" prev-button-url="template-assets/buttons/file-t8onoeuj.png" next-button-url="template-assets/buttons/file-cbzs3mt5.png" speaker-button-url="template-assets/buttons/file-389gakha.png">
        <lido-cell layout="pos" id="pos1" disable-edit="true" value="pos1" height="250px" width="250px" x="landscape.0, portrait.670px" y="landscape.51px, portrait.1315px" aria-hidden="true" z="2" bg-color="transparent" visible="true">
            <lido-avatar id="lido-avatar" disable-edit="true" visible="true" height="100%" width="100%" src="template-assets/images/file-b20qh10f.riv" alt-text="" />
        </lido-cell>
        <lido-cell visible="true" layout="col" width="100%" height="100%" bg-color="transparent">
            <lido-text visible="true" width="70%" height="landscape.10%, portrait.5%" bg-color="transparent" />
            <lido-text tab-index="1" audio="game-assets/audio/file-u300s61n.mp3" visible="true" width="landscape.70%, portrait.62%" height="10%" string="विनम्रता से प्रतिक्रिया देने के चरण" font-size="42px" onEntry=" this.padding='0px 45px';this.fontWeight='600'; " bg-color="transparent" />
            <lido-cell visible="true" layout="landscape.col, portrait.row" flex-direction="landscape., portrait.row-reverse" align-items="landscape.center, portrait.start" width="100%" height="80%" bg-color="transparent">
                
                <lido-cell visible="true" layout="landscape.row, portrait.col" width="landscape.95%, portrait.26%" height="landscape.65%, portrait.90%" bg-color="#FBCAB5" border-radius="landscape.16px 16px 0 0, portrait.0 16px 16px 0" onEntry="this.flex-shrink='0';this.padding='60px 40px';this.gap='37px'; this.boxSizing='content-box';">
                    <lido-cell tab-index="2" audio="game-assets/audio/file-eejq7flp.mp3" visible="true" layout="col" bg-color="white" width="landscape.302px, portrait.154px" height="landscape.100%, portrait.17%" value="option_2" type="slide" onTouch="" border-radius="6px" onEntry="this.flex-shrink='0'; this.border='2px solid #CACACA'; this.paddingTop='50px'; this.boxSizing='content-box';">
    <lido-cell visible="true" layout="pos" width="48px" height="48px" z="1" bg-color="#ff5500" border-radius="5px" onEntry="this.display='flex'; this.alignItems='center';">
        <lido-image visible="true" src="template-assets/images/file-22du90y8.png" />
    </lido-cell>
    
    <lido-text visible="true" string="धीरे से बोलना" font-size="42px" onEntry="this.fontWeight='800'; this.textAlign='left'; this.lineHeight='38px';" />
</lido-cell><lido-cell tab-index="3" audio="game-assets/audio/file-shgzlp71.mp3" visible="true" layout="col" bg-color="white" width="landscape.302px, portrait.154px" height="landscape.100%, portrait.17%" value="option_4" type="slide" onTouch="" border-radius="6px" onEntry="this.flex-shrink='0'; this.border='2px solid #CACACA'; this.paddingTop='50px'; this.boxSizing='content-box';">
    <lido-cell visible="true" layout="pos" width="48px" height="48px" z="1" bg-color="#ff5500" border-radius="5px" onEntry="this.display='flex'; this.alignItems='center';">
        <lido-image visible="true" src="template-assets/images/file-22du90y8.png" />
    </lido-cell>
    
    <lido-text visible="true" string="धन्यवाद के साथ समाप्त करना" font-size="42px" onEntry="this.fontWeight='800'; this.textAlign='left'; this.lineHeight='38px';" />
</lido-cell><lido-cell tab-index="4" audio="game-assets/audio/file-g7fu2gw8.mp3" visible="true" layout="col" bg-color="white" width="landscape.302px, portrait.154px" height="landscape.100%, portrait.17%" value="option_3" type="slide" onTouch="" border-radius="6px" onEntry="this.flex-shrink='0'; this.border='2px solid #CACACA'; this.paddingTop='50px'; this.boxSizing='content-box';">
    <lido-cell visible="true" layout="pos" width="48px" height="48px" z="1" bg-color="#ff5500" border-radius="5px" onEntry="this.display='flex'; this.alignItems='center';">
        <lido-image visible="true" src="template-assets/images/file-22du90y8.png" />
    </lido-cell>
    
    <lido-text visible="true" string="सुझाव देना" font-size="42px" onEntry="this.fontWeight='800'; this.textAlign='left'; this.lineHeight='38px';" />
</lido-cell><lido-cell tab-index="5" audio="game-assets/audio/file-ema0wzh1.mp3" visible="true" layout="col" bg-color="white" width="landscape.302px, portrait.154px" height="landscape.100%, portrait.17%" value="option_1" type="slide" onTouch="" border-radius="6px" onEntry="this.flex-shrink='0'; this.border='2px solid #CACACA'; this.paddingTop='50px'; this.boxSizing='content-box';">
    <lido-cell visible="true" layout="pos" width="48px" height="48px" z="1" bg-color="#ff5500" border-radius="5px" onEntry="this.display='flex'; this.alignItems='center';">
        <lido-image visible="true" src="template-assets/images/file-22du90y8.png" />
    </lido-cell>
    
    <lido-text visible="true" string="पहले सुनना" font-size="42px" onEntry="this.fontWeight='800'; this.textAlign='left'; this.lineHeight='38px';" />
</lido-cell>
                </lido-cell>
            </lido-cell>
        </lido-cell>
    </lido-container>
    
    <lido-container lang="hi" visible="true" objective="option_1,option_2,option_3,option_4" show-next-button="true" is-continue-on-correct="true" bg-image="template-assets/bg-images/file-if4y54ya.png" onCorrect="lido-avatar.avatarAnimate='Success'; this.sleep='2000';" onInCorrect="lido-avatar.avatarAnimate='Fail'; this.sleep='2000';" onEntry="this.sleep='1000'; this.slideAnimation='true';" exit-button-url="template-assets/buttons/file-xr52tpdw.png" prev-button-url="template-assets/buttons/file-t8onoeuj.png" next-button-url="template-assets/buttons/file-cbzs3mt5.png" speaker-button-url="template-assets/buttons/file-389gakha.png">
        <lido-cell layout="pos" id="pos1" disable-edit="true" value="pos1" height="250px" width="250px" x="landscape.0, portrait.670px" y="landscape.51px, portrait.1315px" aria-hidden="true" z="2" bg-color="transparent" visible="true">
            <lido-avatar id="lido-avatar" disable-edit="true" visible="true" height="100%" width="100%" src="template-assets/images/file-b20qh10f.riv" alt-text="" />
        </lido-cell>
        <lido-cell visible="true" layout="col" width="100%" height="100%" bg-color="transparent">
            <lido-text visible="true" width="70%" height="landscape.10%, portrait.5%" bg-color="transparent" />
            <lido-text tab-index="1" audio="game-assets/audio/file-5a7ptqkv.mp3" visible="true" width="landscape.70%, portrait.62%" height="10%" string="दयालु संदेश कैसे लिखें" font-size="42px" onEntry=" this.padding='0px 45px';this.fontWeight='600'; " bg-color="transparent" />
            <lido-cell visible="true" layout="landscape.col, portrait.row" flex-direction="landscape., portrait.row-reverse" align-items="landscape.center, portrait.start" width="100%" height="80%" bg-color="transparent">
                
                <lido-cell visible="true" layout="landscape.row, portrait.col" width="landscape.95%, portrait.26%" height="landscape.65%, portrait.90%" bg-color="#FBCAB5" border-radius="landscape.16px 16px 0 0, portrait.0 16px 16px 0" onEntry="this.flex-shrink='0';this.padding='60px 40px';this.gap='37px'; this.boxSizing='content-box';">
                    <lido-cell tab-index="2" audio="game-assets/audio/file-9i864jpy.mp3" visible="true" layout="col" bg-color="white" width="landscape.302px, portrait.154px" height="landscape.100%, portrait.17%" value="option_4" type="slide" onTouch="" border-radius="6px" onEntry="this.flex-shrink='0'; this.border='2px solid #CACACA'; this.paddingTop='50px'; this.boxSizing='content-box';">
    <lido-cell visible="true" layout="pos" width="48px" height="48px" z="1" bg-color="#ff5500" border-radius="5px" onEntry="this.display='flex'; this.alignItems='center';">
        <lido-image visible="true" src="template-assets/images/file-22du90y8.png" />
    </lido-cell>
    
    <lido-text visible="true" string="खुशी से भेजना" font-size="42px" onEntry="this.fontWeight='800'; this.textAlign='left'; this.lineHeight='38px';" />
</lido-cell><lido-cell tab-index="3" audio="game-assets/audio/file-o6rkwms1.mp3" visible="true" layout="col" bg-color="white" width="landscape.302px, portrait.154px" height="landscape.100%, portrait.17%" value="option_2" type="slide" onTouch="" border-radius="6px" onEntry="this.flex-shrink='0'; this.border='2px solid #CACACA'; this.paddingTop='50px'; this.boxSizing='content-box';">
    <lido-cell visible="true" layout="pos" width="48px" height="48px" z="1" bg-color="#ff5500" border-radius="5px" onEntry="this.display='flex'; this.alignItems='center';">
        <lido-image visible="true" src="template-assets/images/file-22du90y8.png" />
    </lido-cell>
    
    <lido-text visible="true" string="विनम्र शब्दों का उपयोग करना" font-size="42px" onEntry="this.fontWeight='800'; this.textAlign='left'; this.lineHeight='38px';" />
</lido-cell><lido-cell tab-index="4" audio="game-assets/audio/file-hje0mtfg.mp3" visible="true" layout="col" bg-color="white" width="landscape.302px, portrait.154px" height="landscape.100%, portrait.17%" value="option_1" type="slide" onTouch="" border-radius="6px" onEntry="this.flex-shrink='0'; this.border='2px solid #CACACA'; this.paddingTop='50px'; this.boxSizing='content-box';">
    <lido-cell visible="true" layout="pos" width="48px" height="48px" z="1" bg-color="#ff5500" border-radius="5px" onEntry="this.display='flex'; this.alignItems='center';">
        <lido-image visible="true" src="template-assets/images/file-22du90y8.png" />
    </lido-cell>
    
    <lido-text visible="true" string="लिखने से पहले सोचें" font-size="42px" onEntry="this.fontWeight='800'; this.textAlign='left'; this.lineHeight='38px';" />
</lido-cell><lido-cell tab-index="5" audio="game-assets/audio/file-9ruwojsd.mp3" visible="true" layout="col" bg-color="white" width="landscape.302px, portrait.154px" height="landscape.100%, portrait.17%" value="option_3" type="slide" onTouch="" border-radius="6px" onEntry="this.flex-shrink='0'; this.border='2px solid #CACACA'; this.paddingTop='50px'; this.boxSizing='content-box';">
    <lido-cell visible="true" layout="pos" width="48px" height="48px" z="1" bg-color="#ff5500" border-radius="5px" onEntry="this.display='flex'; this.alignItems='center';">
        <lido-image visible="true" src="template-assets/images/file-22du90y8.png" />
    </lido-cell>
    
    <lido-text visible="true" string="स्माइली या धन्यवाद जोड़ना" font-size="42px" onEntry="this.fontWeight='800'; this.textAlign='left'; this.lineHeight='38px';" />
</lido-cell>
                </lido-cell>
            </lido-cell>
        </lido-cell>
    </lido-container>
    
    <lido-container lang="hi" visible="true" objective="option_1,option_2,option_3,option_4" show-next-button="true" is-continue-on-correct="true" bg-image="template-assets/bg-images/file-if4y54ya.png" onCorrect="lido-avatar.avatarAnimate='Success'; this.sleep='2000';" onInCorrect="lido-avatar.avatarAnimate='Fail'; this.sleep='2000';" onEntry="this.sleep='1000'; this.slideAnimation='true';" exit-button-url="template-assets/buttons/file-xr52tpdw.png" prev-button-url="template-assets/buttons/file-t8onoeuj.png" next-button-url="template-assets/buttons/file-cbzs3mt5.png" speaker-button-url="template-assets/buttons/file-389gakha.png">
        <lido-cell layout="pos" id="pos1" disable-edit="true" value="pos1" height="250px" width="250px" x="landscape.0, portrait.670px" y="landscape.51px, portrait.1315px" aria-hidden="true" z="2" bg-color="transparent" visible="true">
            <lido-avatar id="lido-avatar" disable-edit="true" visible="true" height="100%" width="100%" src="template-assets/images/file-b20qh10f.riv" alt-text="" />
        </lido-cell>
        <lido-cell visible="true" layout="col" width="100%" height="100%" bg-color="transparent">
            <lido-text visible="true" width="70%" height="landscape.10%, portrait.5%" bg-color="transparent" />
            <lido-text tab-index="1" audio="game-assets/audio/file-ovx8i9uo.mp3" visible="true" width="landscape.70%, portrait.62%" height="10%" string="अपना परिचय देने के चरण" font-size="42px" onEntry=" this.padding='0px 45px';this.fontWeight='600'; " bg-color="transparent" />
            <lido-cell visible="true" layout="landscape.col, portrait.row" flex-direction="landscape., portrait.row-reverse" align-items="landscape.center, portrait.start" width="100%" height="80%" bg-color="transparent">
                
                <lido-cell visible="true" layout="landscape.row, portrait.col" width="landscape.95%, portrait.26%" height="landscape.65%, portrait.90%" bg-color="#FBCAB5" border-radius="landscape.16px 16px 0 0, portrait.0 16px 16px 0" onEntry="this.flex-shrink='0';this.padding='60px 40px';this.gap='37px'; this.boxSizing='content-box';">
                    <lido-cell tab-index="2" audio="game-assets/audio/file-712192ml.mp3" visible="true" layout="col" bg-color="white" width="landscape.302px, portrait.154px" height="landscape.100%, portrait.17%" value="option_2" type="slide" onTouch="" border-radius="6px" onEntry="this.flex-shrink='0'; this.border='2px solid #CACACA'; this.paddingTop='50px'; this.boxSizing='content-box';">
    <lido-cell visible="true" layout="pos" width="48px" height="48px" z="1" bg-color="#ff5500" border-radius="5px" onEntry="this.display='flex'; this.alignItems='center';">
        <lido-image visible="true" src="template-assets/images/file-22du90y8.png" />
    </lido-cell>
    
    <lido-text visible="true" string="अपना नाम बताना" font-size="42px" onEntry="this.fontWeight='800'; this.textAlign='left'; this.lineHeight='38px';" />
</lido-cell><lido-cell tab-index="3" audio="game-assets/audio/file-726uolg8.mp3" visible="true" layout="col" bg-color="white" width="landscape.302px, portrait.154px" height="landscape.100%, portrait.17%" value="option_1" type="slide" onTouch="" border-radius="6px" onEntry="this.flex-shrink='0'; this.border='2px solid #CACACA'; this.paddingTop='50px'; this.boxSizing='content-box';">
    <lido-cell visible="true" layout="pos" width="48px" height="48px" z="1" bg-color="#ff5500" border-radius="5px" onEntry="this.display='flex'; this.alignItems='center';">
        <lido-image visible="true" src="template-assets/images/file-22du90y8.png" />
    </lido-cell>
    
    <lido-text visible="true" string="मुस्कुराना" font-size="42px" onEntry="this.fontWeight='800'; this.textAlign='left'; this.lineHeight='38px';" />
</lido-cell><lido-cell tab-index="4" audio="game-assets/audio/file-suu01opt.mp3" visible="true" layout="col" bg-color="white" width="landscape.302px, portrait.154px" height="landscape.100%, portrait.17%" value="option_3" type="slide" onTouch="" border-radius="6px" onEntry="this.flex-shrink='0'; this.border='2px solid #CACACA'; this.paddingTop='50px'; this.boxSizing='content-box';">
    <lido-cell visible="true" layout="pos" width="48px" height="48px" z="1" bg-color="#ff5500" border-radius="5px" onEntry="this.display='flex'; this.alignItems='center';">
        <lido-image visible="true" src="template-assets/images/file-22du90y8.png" />
    </lido-cell>
    
    <lido-text visible="true" string="उनका नाम पूछना" font-size="42px" onEntry="this.fontWeight='800'; this.textAlign='left'; this.lineHeight='38px';" />
</lido-cell><lido-cell tab-index="5" audio="game-assets/audio/file-g4vyer85.mp3" visible="true" layout="col" bg-color="white" width="landscape.302px, portrait.154px" height="landscape.100%, portrait.17%" value="option_4" type="slide" onTouch="" border-radius="6px" onEntry="this.flex-shrink='0'; this.border='2px solid #CACACA'; this.paddingTop='50px'; this.boxSizing='content-box';">
    <lido-cell visible="true" layout="pos" width="48px" height="48px" z="1" bg-color="#ff5500" border-radius="5px" onEntry="this.display='flex'; this.alignItems='center';">
        <lido-image visible="true" src="template-assets/images/file-22du90y8.png" />
    </lido-cell>
    
    <lido-text visible="true" string="विनम्रता से बात करना" font-size="42px" onEntry="this.fontWeight='800'; this.textAlign='left'; this.lineHeight='38px';" />
</lido-cell>
                </lido-cell>
            </lido-cell>
        </lido-cell>
    </lido-container>
    
</root>