[1,["4bDYHCEcNDW4jQTNwQxkDF","06YgnHzExNSKElZlydIEXK","19pZJ3JopEkJRabD9UIE+U"],["_textureSetter"],["cc.Texture2D","cc.SpriteFrame",["cc.AudioClip",["_name","_native","duration"],0],["cc.JsonAsset",["_name","json"],1]],[[2,0,1,2,4],[3,0,1,3]],[[[[0,"ೂ",".mp3",0.528],-1],0,0,[],[],[]],[["0,9729,9729,33071,33071,0,0,1",-1],[0],0,[],[],[]],[[[0,"ಕುರಿ",".mp3",0.6],-1],0,0,[],[],[]],[[[0,"ು",".mp3",0.48],-1],0,0,[],[],[]],[[{"name":"grace","rect":[0,0,329,512],"offset":[0,0],"originalSize":[329,512],"capInsets":[0,0,0,0]}],[1],0,[0],[0],[0]],[[[1,"kn2403",{"rows":[["phonictractor","1","Description","6","ಕು","ಕು.mp3","ಕ","ಕ.mp3","ು","ು.mp3"],["spelldoor","1","Description","ಕುರಿ","**","0","0","lamb.png","ಕುರಿ.mp3"],["phonictractor","1","Description","6","ಕೂ","ಕೂ.mp3","ಕ","ಕ.mp3","ೂ","ೂ.mp3"],["spelldoor","1","Description","ಕೂಸು","**","0","0","baby.png","ಕೂಸು.mp3"],["phonictractor","1","Description","6","ಕೃ","ಕೃ.mp3","ಕ","ಕ.mp3","ೃ","ೃ.mp3"],["spelldoor","1","Description","ಕೃಪ","**","0","0","grace.png","ಕೃಪ.mp3"],["grid","1","Description","ಕ","ಉ,ಊ,ಋ","ು,ೂ,ೃ"],["quizliteracy","1","Description","soundonly_word","ಕು","ಕು","ಕೀ","ಕಾ","","","ಕು.mp3"],["quizliteracy","1","Description","soundonly_word","ಕೂಸು","ಕೃಷಿ","ಕೂಸು","ಕೆರೆ","","","ಕೂಸು.mp3"],["quizliteracy","1","Description","word_word","ಕು","ಕು","ಕೃ","ಕೆ","","_ರಿ","ಕುರಿ.mp3"]]}]],0,0,[],[],[]],[["0,9729,9729,33071,33071,0,0,1",-1],[0],0,[],[],[]],[[[0,"ಕೂ",".mp3",0.552],-1],0,0,[],[],[]],[["0,9729,9729,33071,33071,0,0,1",-1],[0],0,[],[],[]],[[[0,"ಕ",".mp3",0.504],-1],0,0,[],[],[]],[[[0,"ಕೃ",".mp3",0.6],-1],0,0,[],[],[]],[[{"name":"baby","rect":[0,0,512,378],"offset":[0,0],"originalSize":[512,378],"capInsets":[0,0,0,0]}],[1],0,[0],[0],[1]],[[[0,"ಕು",".mp3",0.528],-1],0,0,[],[],[]],[[[0,"ಕೃಪ",".mp3",0.672],-1],0,0,[],[],[]],[[[0,"ೃ",".mp3",0.528],-1],0,0,[],[],[]],[[[0,"ಕೂಸು",".mp3",0.744],-1],0,0,[],[],[]],[[{"name":"lamb","rect":[0,0,512,340],"offset":[0,0],"originalSize":[512,340],"capInsets":[0,0,0,0]}],[1],0,[0],[0],[2]]]]