[1,["f31PzHAJ9ISYZpXAaTA09F","66VINU0qFKt5cHZ+xH1X9U","2abnwm4ghL3oteJYxaHR7k","00quZoUytJ962YfRcgMeUA","8dsRAn2UNPoZkCCT1ve78j","06hNt/vzRExLuSJlmo504O"],["_textureSetter"],["cc.Texture2D","cc.SpriteFrame",["cc.AudioClip",["_name","_native","duration"],0],["cc.JsonAsset",["_name","json"],1]],[[2,0,1,2,4],[3,0,1,3]],[[["0,9729,9729,33071,33071,0,0,1",-1],[0],0,[],[],[]],[["0,9729,9729,33071,33071,0,0,1",-1],[0],0,[],[],[]],[["0,9729,9729,33071,33071,0,0,1",-1],[0],0,[],[],[]],[[[0,"ನಾಚು",".mp3",0.768],-1],0,0,[],[],[]],[["0,9729,9729,33071,33071,0,0,1",-1],[0],0,[],[],[]],[[{"name":"together","rect":[0,0,512,383],"offset":[0,0],"originalSize":[512,383],"capInsets":[0,0,0,0]}],[1],0,[0],[0],[0]],[[{"name":"gather","rect":[0,0,512,341],"offset":[0,0],"originalSize":[512,341],"capInsets":[0,0,0,0]}],[1],0,[0],[0],[1]],[[{"name":"hang down head","rect":[0,0,383,512],"offset":[0,0],"originalSize":[383,512],"capInsets":[0,0,0,0]}],[1],0,[0],[0],[2]],[[[0,"ಕೂಡಿ.",".mp3",0.696],-1],0,0,[],[],[]],[["0,9729,9729,33071,33071,0,0,1",-1],[0],0,[],[],[]],[[[0,"ತಲೆತಗ್ಗಿಸು",".mp3",1.128],-1],0,0,[],[],[]],[[[0,"ಹಸಿವು",".mp3",0.816],-1],0,0,[],[],[]],[[[0,"ಸಂಗ್ರಹಿಸು",".mp3",1.104],-1],0,0,[],[],[]],[[[0,"ಸಂಗ್ರಹಿಸು.",".mp3",1.08],-1],0,0,[],[],[]],[[{"name":"wrong","rect":[0,0,512,269],"offset":[0,0],"originalSize":[512,269],"capInsets":[0,0,0,0]}],[1],0,[0],[0],[3]],[[{"name":"shy","rect":[0,0,512,340],"offset":[0,0],"originalSize":[512,340],"capInsets":[0,0,0,0]}],[1],0,[0],[0],[4]],[[{"name":"hungry","rect":[0,0,512,384],"offset":[0,0],"originalSize":[512,384],"capInsets":[0,0,0,0]}],[1],0,[0],[0],[5]],[[[0,"ಕೂಡಿ",".mp3",0.72],-1],0,0,[],[],[]],[[[0,"ತಪ್ಪು",".mp3",0.72],-1],0,0,[],[],[]],[[[1,"kn3004",{"rows":[["spelldoor","1","Description","ಕೂಡಿ","**","0","0","together.png","ಕೂಡಿ.mp3"],["spelldoor","1","Description","ಸಂ,ಗ್ರ,ಹಿ,ಸು","***","0","0","gather.png","ಸಂಗ್ರಹಿಸು.mp3"],["spelldoor","1","Description","ಹಸಿವು","***","0","0","hungry.png","ಹಸಿವು.mp3"],["spelldoor","1","Description","ನಾಚು","**","0","0","shy.png","ನಾಚು.mp3"],["spelldoor","1","Description","ತ,ಲೆ,ತ,ಗ್ಗಿ,ಸು","*****","0","0","hang down head.png","ತಲೆತಗ್ಗಿಸು.mp3"],["spelldoor","1","Description","ತ,ಪ್ಪು","**","0","0","wrong.png","ತಪ್ಪು.mp3"],["quizliteracy","1","Description","word_word","ತಲೆ","ಕಾಲು","ಪಾದ","ತಲೆ","","____ತಗ್ಗಿಸು","ತಲೆತಗ್ಗಿಸು.mp3"],["quizliteracy","1","Description","image_word","ಕೂಡಿ","ಕೂಡಿ","ನಾಚು","ಹಸಿವು","together.png"],["quizliteracy","1","Description","soundonly_word","ತಪ್ಪು","ತಪ್ಪು","ನಾಚು","ಕೂಡಿ","","","ತಪ್ಪು.mp3"]]}]],0,0,[],[],[]],[["0,9729,9729,33071,33071,0,0,1",-1],[0],0,[],[],[]]]]