[1,["003rlk9+5P2IlZ0ZtPpVRU","7d+19U9FNLibdq5WrkFypI"],["_textureSetter"],["cc.Texture2D","cc.SpriteFrame",["cc.AudioClip",["_name","_native","duration"],0],["cc.JsonAsset",["_name","json"],1]],[[2,0,1,2,4],[3,0,1,3]],[[["0,9729,9729,33071,33071,0,0,1",-1],[0],0,[],[],[]],[[[0,"t_phonic",".mp3",1.17551],-1],0,0,[],[],[]],[[[0,"i_phonic",".mp3",2.168163],-1],0,0,[],[],[]],[[[0,"thank",".mp3",0.888],-1],0,0,[],[],[]],[[[0,"brother",".mp3",1.056],-1],0,0,[],[],[]],[[[0,"s_phonic",".mp3",1.985306],-1],0,0,[],[],[]],[[[0,"thing",".mp3",0.792],-1],0,0,[],[],[]],[[[0,"thick",".mp3",0.84],-1],0,0,[],[],[]],[[[0,"y_phonic",".mp3",1.828571],-1],0,0,[],[],[]],[[{"name":"fourth","rect":[0,0,1552,1080],"offset":[0,0],"originalSize":[1552,1080],"capInsets":[0,0,0,0]}],[1],0,[0],[0],[0]],[[[0,"them",".mp3",0.936],-1],0,0,[],[],[]],[[[0,"that",".mp3",0.912],-1],0,0,[],[],[]],[[[0,"e_phonic",".mp3",2.089796],-1],0,0,[],[],[]],[[[0,"they",".mp3",0.864],-1],0,0,[],[],[]],[[[0,"chop",".mp3",0.888],-1],0,0,[],[],[]],[["0,9729,9729,33071,33071,0,0,1",-1],[0],0,[],[],[]],[[[0,"chain",".mp3",0.912],-1],0,0,[],[],[]],[[[0,"tooth",".mp3",0.84],-1],0,0,[],[],[]],[[[1,"en1602",{"rows":[["phonictractor","1","Description","4","th","th.mp3","th","th.mp3"],["phonictractor","1","Description","5","that","that.mp3","th","th.mp3","a","a_phonic.mp3","t","t_phonic.mp3"],["phonictractor","1","Description","5","them","them.mp3","th","th.mp3","e","e_phonic.mp3","m","m_phonic.mp3"],["phonictractor","1","Description","5","then","then.mp3","th","th.mp3","e","e_phonic.mp3","n","n_phonic.mp3"],["phonictractor","1","Description","5","they","they.mp3","th","th.mp3","e","e_phonic.mp3","y","y_phonic.mp3"],["phonictractor","1","Description","5","this","this.mp3","th","th.mp3","i","i_phonic.mp3","s","s_phonic.mp3"],["grid","1","Description","th","ick,in,ing"],["grid","1","Description","th","an,ank,at"],["grid","1","Description","fou,ear,too","th"],["rocket","1","Description","fourth","a,b,c,d,e,f,g,h,i,j,k,l,m,n,o,p,q,r,s,t,u,v,w,x,y,z","f,o,u,r,t,h","fourth.mp3","fourth.png","true","false"],["quizliteracy","1","Description","soundonly_word","fourth","first","fifth","fourth","","","fourth.mp3"],["quizliteracy","1","Description","word_word","th","sh","ch","th","","__at","that.mp3"],["quizliteracy","1","Description","word_word","th","th","wh","sh","","__em","them.mp3"],["quizliteracy","1","Description","soundonly_word","this","this","ship","they","","","this.mp3"],["quizliteracy","1","Description","soundonly_word","they","they","chain","this","","","they.mp3"]]}]],0,0,[],[],[]],[[{"name":"brother","rect":[247,371,1881,1660],"offset":[-12.5,-1],"originalSize":[2400,2400],"capInsets":[0,0,0,0]}],[1],0,[0],[0],[1]],[[[0,"then",".mp3",0.888],-1],0,0,[],[],[]],[[[0,"earth",".mp3",0.816],-1],0,0,[],[],[]],[[[0,"fouth",".mp3",0.984],-1],0,0,[],[],[]],[[[0,"a_phonic",".mp3",2.142041],-1],0,0,[],[],[]],[[[0,"fourth",".mp3",1.032],-1],0,0,[],[],[]],[[[0,"n_phonic",".mp3",1.619592],-1],0,0,[],[],[]],[[[0,"than",".mp3",0.936],-1],0,0,[],[],[]],[[[0,"thin",".mp3",0.864],-1],0,0,[],[],[]],[[[0,"this",".mp3",1.032],-1],0,0,[],[],[]],[[[0,"th",".mp3",0.6],-1],0,0,[],[],[]],[[[0,"m_phonic",".mp3",2.246531],-1],0,0,[],[],[]]]]