[1,["5eEuZwLoxHe7YnQ1EKwmHG","62vObo9NNCkqa1R4spV3OQ","df28H9Jh5Fgpevr9vwSOVk","2aEc/Swa1PKpRo1RcRufeO","8dVMmtMflGOJvX1N9JuUsj","5aUOG5ovNEcbAMVsY46prS","dfYcIZLR9Bh5rcWx8f7jnE"],["_textureSetter"],["cc.Texture2D","cc.SpriteFrame",["cc.AudioClip",["_name","_native","duration"],0],["cc.JsonAsset",["_name","json"],1]],[[2,0,1,2,4],[3,0,1,3]],[[[[0,"Friday",".mp3",1.056],-1],0,0,[],[],[]],[["0,9729,9729,33071,33071,0,0,1",-1],[0],0,[],[],[]],[[{"name":"Wednesday","rect":[0,0,1060,837],"offset":[0,0],"originalSize":[1060,837],"capInsets":[0,0,0,0]}],[1],0,[0],[0],[0]],[[[0,"Wednesday",".mp3",1.104],-1],0,0,[],[],[]],[["0,9729,9729,33071,33071,0,0,1",-1],[0],0,[],[],[]],[["0,9729,9729,33071,33071,0,0,1",-1],[0],0,[],[],[]],[["0,9729,9729,33071,33071,0,0,1",-1],[0],0,[],[],[]],[[{"name":"Monday","rect":[0,0,512,404],"offset":[0,0],"originalSize":[512,404],"capInsets":[0,0,0,0]}],[1],0,[0],[0],[1]],[["0,9729,9729,33071,33071,0,0,1",-1],[0],0,[],[],[]],[[{"name":"Saturday","rect":[0,0,512,404],"offset":[0,0],"originalSize":[512,404],"capInsets":[0,0,0,0]}],[1],0,[0],[0],[2]],[[{"name":"Sunday","rect":[0,0,512,404],"offset":[0,0],"originalSize":[512,404],"capInsets":[0,0,0,0]}],[1],0,[0],[0],[3]],[[[0,"Saturday",".mp3",1.2],-1],0,0,[],[],[]],[[[0,"Monday",".mp3",0.984],-1],0,0,[],[],[]],[[[0,"Sunday",".mp3",1.008],-1],0,0,[],[],[]],[["0,9729,9729,33071,33071,0,0,1",-1],[0],0,[],[],[]],[["0,9729,9729,33071,33071,0,0,1",-1],[0],0,[],[],[]],[[[1,"en3408",{"rows":[["rocket","1","Description","Friday","F,r,i,d,a,y","F,r,i,d,a,y","Friday.mp3","Friday.png","False","True"],["rocket","1","Description","Sunday","S,u,n,d,a,y","S,u,n,d,a,y","Sunday.mp3","Sunday.png","False","True"],["rocket","1","Description","Thursday","T,h,u,r,s,d,a,y","T,h,u,r,s,d,a,y","Thursday.mp3","Thursday.png","False","True"],["rocket","1","Description","Monday","M,o,n,d,a,y","M,o,n,d,a,y","Monday.mp3","Monday.png","False","True"],["rocket","1","Description","Tuesday","T,u,e,s,d,a,y","T,u,e,s,d,a,y","Tuesday.mp3","Tuesday.png","False","True"],["rocket","1","Description","Saturday","S,a,t,u,r,d,a,y","S,a,t,u,r,d,a,y","Saturday.mp3","Saturday.png","False","True"],["rocket","1","Description","Wednesday","W,e,d,n,e,s,d,a,y","W,e,d,n,e,s,d,a,y","Wednesday.mp3","Wednesday.png","False","True"],["quizliteracy","1","Description","word_word","Fri","Mon","Wed","Fri","","___day","Friday.mp3"],["quizliteracy","1","Description","soundonly_word","Thursday","Sunday","Thursday","Tuesday","","","Thursday.mp3"],["quizliteracy","1","Description","word_word","Sat","Sat","Thu","Sun","","___urday","Saturday.mp3"]]}]],0,0,[],[],[]],[[{"name":"Friday","rect":[0,0,512,404],"offset":[0,0],"originalSize":[512,404],"capInsets":[0,0,0,0]}],[1],0,[0],[0],[4]],[[{"name":"Thursday","rect":[0,0,512,404],"offset":[0,0],"originalSize":[512,404],"capInsets":[0,0,0,0]}],[1],0,[0],[0],[5]],[[[0,"Tuesday",".mp3",1.104],-1],0,0,[],[],[]],[[[0,"Thursday",".mp3",1.104],-1],0,0,[],[],[]],[[{"name":"Tuesday","rect":[0,0,1060,837],"offset":[0,0],"originalSize":[1060,837],"capInsets":[0,0,0,0]}],[1],0,[0],[0],[6]]]]