[1,["f8jEktosBLhpFNeVKUOjMx"],["_textureSetter"],["cc.SpriteFrame","cc.Texture2D",["cc.AudioClip",["_name","_native","duration"],0],["cc.JsonAsset",["_name","json"],1]],[[2,0,1,2,4],[3,0,1,3]],[[[[0,"read",".mp3",0.731429],-1],0,0,[],[],[]],[[[0,"soar",".mp3",0.809796],-1],0,0,[],[],[]],[[[0,"high",".mp3",0.653061],-1],0,0,[],[],[]],[[[1,"sl_en1710",{"rows":[["grid","1","Description","oa","r,t,k"],["grid","1","Description","c,b,g","oat"],["grid","1","Description","s,r","oar"],["speakingpet","1","Description","ar.mp3","oa.mp3","arm","arm.mp3","A","1,2","art","art.mp3","A","1,2","boat","boat.mp3","B","2,3","goat","goat.mp3","B","2,3"],["speakingpet","1","Description","h_phonic.mp3","b_phonic.mp3","have","have.mp3","A","1","high","high.mp3","A","1","ball","ball.mp3","B","1","boat","boat.mp3","B","1"],["speakingpet","1","Description","k_phonic.mp3","ch.mp3","coat","coat.mp3","A","1","check","check.mp3","B","1","chest","chest.mp3","B","1,2","chop","chop.mp3","B","1,2"],["speakingpet","1","Description","oa.mp3","ea.mp3","boat","boat.mp3","A","2,3","goat","goat.mp3","A","2,3","meal","meal.mp3","B","2,3","read","read.mp3","B","2,3"],["speakingpet","1","Description","s_phonic.mp3","k_phonic.mp3","sit","sit.mp3","A","1","soap","soap.mp3","A","1","key","key.mp3","B","1","kick","kick.mp3","B","1"],["speakingpet","1","Description","t_phonic.mp3","d_phonic.mp3","pet","pet.mp3","A","3","boat","boat.mp3","A","4","kid","kid.mp3","B","3","loud","loud.mp3","B","4"],["quizliteracy","1","Description","soundonly_word","goat","gift","pet","goat","","","goat.mp3"],["quizliteracy","1","Description","soundonly_word","boat","boat","lunch","have","","","boat.mp3"],["quizliteracy","1","Description","image_word","soap","soap","net","water","soap.png"]]}]],0,0,[],[],[]],[[[0,"goat",".mp3",0.757551],-1],0,0,[],[],[]],[[[0,"sit",".mp3",0.757551],-1],0,0,[],[],[]],[[[0,"kid",".mp3",0.653061],-1],0,0,[],[],[]],[[[0,"h_phonic",".mp3",2.481633],-1],0,0,[],[],[]],[[[0,"art",".mp3",0.757551],-1],0,0,[],[],[]],[[[0,"ea",".mp3",0.444082],-1],0,0,[],[],[]],[[[0,"arm",".mp3",0.626939],-1],0,0,[],[],[]],[[[0,"oa",".mp3",0.522449],-1],0,0,[],[],[]],[[[0,"meal",".mp3",0.679184],-1],0,0,[],[],[]],[[{"name":"soap","rect":[0,0,1200,1000],"offset":[0,0],"originalSize":[1200,1000],"capInsets":[0,0,0,0]}],[0],0,[0],[0],[0]],[[[0,"ball",".mp3",0.444082],-1],0,0,[],[],[]],[[[0,"oat",".mp3",0.653061],-1],0,0,[],[],[]],[[[0,"b_phonic",".mp3",1.985306],-1],0,0,[],[],[]],[[[0,"oak",".mp3",0.809796],-1],0,0,[],[],[]],[[[0,"ch",".mp3",0.576],-1],0,0,[],[],[]],[[[0,"have",".mp3",0.600816],-1],0,0,[],[],[]],[[[0,"t_phonic",".mp3",1.17551],-1],0,0,[],[],[]],[[[0,"roar",".mp3",0.731429],-1],0,0,[],[],[]],[[[0,"kick",".mp3",0.731429],-1],0,0,[],[],[]],[[[0,"d_phonic",".mp3",1.619592],-1],0,0,[],[],[]],[[[0,"chest",".mp3",0.757551],-1],0,0,[],[],[]],[[[0,"k_phonic",".mp3",1.306122],-1],0,0,[],[],[]],[[[0,"loud",".mp3",0.757551],-1],0,0,[],[],[]],[[[0,"soap",".mp3",0.757551],-1],0,0,[],[],[]],[[[0,"chop",".mp3",0.444082],-1],0,0,[],[],[]],[[[0,"boat",".mp3",0.653061],-1],0,0,[],[],[]],[[[0,"ar",".mp3",0.757551],-1],0,0,[],[],[]],[[[0,"check",".mp3",0.600816],-1],0,0,[],[],[]],[[[0,"coat",".mp3",0.705306],-1],0,0,[],[],[]],[[[0,"oar",".mp3",0.679184],-1],0,0,[],[],[]],[[[0,"s_phonic",".mp3",1.985306],-1],0,0,[],[],[]],[[[0,"key",".mp3",0.626939],-1],0,0,[],[],[]],[[[0,"pet",".mp3",0.626939],-1],0,0,[],[],[]],[["0,9729,9729,33071,33071,0,0,1",-1],[1],0,[],[],[]]]]