[1,["ca/qkXXC5K3IHrU2QBSvBV","eaazxNphZJ96VJTq/wHMsf","ae1BVHNwVHHri/gL4o7/Dw"],["_textureSetter"],["cc.SpriteFrame","cc.Texture2D",["cc.AudioClip",["_name","_native","duration"],0],["cc.JsonAsset",["_name","json"],1]],[[2,0,1,2,4],[3,0,1,3]],[[[{"name":"It_is_a_red_ball","rect":[97,0,606,799],"offset":[0,0.5],"originalSize":[800,800],"capInsets":[0,0,0,0]}],[0],0,[0],[0],[0]],[[[0,"It_is_a_red_ball",".mp3",2.016],-1],0,0,[],[],[]],[[[0,"where_is_the_bat",".mp3",1.8],-1],0,0,[],[],[]],[[[1,"en3205",{"rows":[["createsentence","1","Description","It/is/a red/ball","","It_is_a_red_ball.png","It_is_a_red_ball.mp3"],["createsentence","1","Description","It/is/a large/airplane","","Itisa_largeairplane.png","It_is_a_large_airplane.mp3"],["createsentence","1","Description","Where/is/the bat?","","Whereisthe_bat.jpg","where_is_the_bat.mp3"],["quizliteracy","1","Description","image_sentence","It is a red ball. ","It is a blue bat. ","It is a red ball. ","It is a red car. ","It_is_a_red_ball.png","","It_is_a_red_ball.mp3"],["quizliteracy","1","Description","image_sentence","It is a large airplane. ","It is a large airplane. ","Large airplane it is. ","Airplane large it is. ","Itisa_largeairplane.jpg","","It_is_a_large_airplane.mp3"],["quizliteracy","1","Description","image_sentence","Where is the bat? ","Where is the cow?","Where is the bus?","Where is the bat? ","Whereisthe_bat.jpg","","where_is_the_bat.mp3"]]}]],0,0,[],[],[]],[["0,9729,9729,33071,33071,0,0,1",-1],[1],0,[],[],[]],[[[0,"It_is_a_large_airplane",".mp3",2.544],-1],0,0,[],[],[]],[[{"name":"Whereisthe_bat","rect":[0,0,1073,770],"offset":[0,0],"originalSize":[1073,770],"capInsets":[0,0,0,0]}],[0],0,[0],[0],[1]],[["0,9729,9729,33071,33071,0,0,1",-1],[1],0,[],[],[]],[["1,9729,9729,33071,33071,0,0,1",-1],[1],0,[],[],[]],[[{"name":"Itisa_largeairplane","rect":[33,139,734,255],"offset":[0,0],"originalSize":[800,533],"capInsets":[0,0,0,0]}],[0],0,[0],[0],[2]]]]