[1,["40diXyGnFJ9rLUwCiNAlXM","3dTFTIo5ZEUrkcHNyQkil0","80wxcfyx5LB5tb2PgdlKVM","b2gxWIv75H9r0BnfmQlYX1","449W5+r2VHtr0KR1sD4/Ee","72Pgmx+lVHgaB4Qoj1kh+G","9easxJU3VGCJfcMONgxAPy","e4cYNAx05Dv6zs/oyayyAC","18Lx8oM7xN3rZuVeNGdKJb","cdCIGNP8VGaZmJLgIFDi5k","e0Tjpx0ZhJcpdUXWzhYybb","90Jv4m1l9KOLL5hr8uouV2","6aObHVUmdPe440Kdqdj2xZ","1a53wHnldFQLg5ODO1wj2H","22mT39WB9HcKRS97T0DRr4","eaPkn5OvdGFZVIXXgRXBA3","35L5fFdIhG3K2WoZQtEcqf","3cgNMXk7BOGJ67Jvr1WTu2","5aQZaUtUZPOoiKGm/lDUXT","03nWOMzbtKf7eI49v/cqzZ","5dLv6+oV5PrYoWp9zEI+Pm","adNEme+DJOjb5H1gNeEdym","55b76rZz9AXJskillG49UX","580IrO6xBIdrNRGHujYl+a","01Hx7lVv1FELLaUxO/2biy","b1vzjEgP1GrIxUDR1SMvF1"],["_textureSetter"],["cc.Texture2D","cc.SpriteFrame",["cc.AudioClip",["_name","_native","duration"],0],["cc.JsonAsset",["_name","json"],1]],[[2,0,1,2,4],[3,0,1,3]],[[["0,9729,9729,33071,33071,0,0,1",-1],[0],0,[],[],[]],[[[0,"लडका_चित्र_बना_रहा_है।",".mp3",2.220408],-1],0,0,[],[],[]],[["0,9729,9729,33071,33071,0,0,1",-1],[0],0,[],[],[]],[[[0,"वह_तैर_सकती_है।",".mp3",1.697959],-1],0,0,[],[],[]],[[{"name":"l7_theyjump","rect":[0,0,868,689],"offset":[0,0],"originalSize":[868,689],"capInsets":[0,0,0,0]}],[1],0,[0],[0],[0]],[["0,9729,9729,33071,33071,0,0,1",-1],[0],0,[],[],[]],[[{"name":"l7_theycook","rect":[0,0,868,689],"offset":[0,0],"originalSize":[868,689],"capInsets":[0,0,0,0]}],[1],0,[0],[0],[1]],[["0,9729,9729,33071,33071,0,0,1",-1],[0],0,[],[],[]],[["0,9729,9729,33071,33071,0,0,1",-1],[0],0,[],[],[]],[[[0,"वह_भाग_रहा_है।",".mp3",1.567347],-1],0,0,[],[],[]],[[{"name":"l7_shecanswim","rect":[0,0,868,689],"offset":[0,0],"originalSize":[868,689],"capInsets":[0,0,0,0]}],[1],0,[0],[0],[2]],[[[1,"hi1603",{"rows":[["createsentence","1","Description","वैन/सड़क से नीचे/उतर गई।","सड़क नीचे","Thevandrivesdown_the_road.jpg","वैन_सडक_से_नीचे_उतर_गई.mp3"],["picturemeaning","1","Description","P","वह कूद सकती है।","l7_shecanjump.png","वह_कूद_सकती_है।.mp3","वह तैर सकती है।","l7_shecanswim.png","वह_तैर_सकती_है।.mp3","वह दौड़ सकती है।","l7_shecanrun.png","वह_दौड_सकती_है।.mp3"],["picturemeaning","1","Description","P","मेंढक तैर सकते हैं।","l7_frogcanswim.png","मेंढक_तैर_सकते_हैं।.mp3","मछली तैर सकती है।","l7_fishcanswim.png","मछली_तैर_सकती_है।.mp3","बत्तखें तैर सकती हैं।","l7_duckcanswim.png","बत्तखें_तैर_सकती_हैं।.mp3"],["picturemeaning","1","Description","S","वे ऊँची छलांग लगा सकते हैं।","l7_theyjump.png","वे_ऊंची_छलांग_लगा_सकते_हैं।.mp3","वे तेज दौड़ सकते हैं।","l7_theyrun.png","वे_तेज_दौड_सकते_हैं।.mp3","वे अच्छी तरह से खाना पका सकते हैं।","l7_theycook.png","वे_अच्छी_तरह_से_खाना_पका_सकते_हैं।.mp3"],["picturemeaning","1","Description","S","वह एक नाव बना सकता है।","l7_hecanmake_boat.png","वह_एक_नाव_बना_सकता_है।.mp3","वह एक मेज बना सकता है।","l7_hecanmake_desk.png","वह_एक_मेज_बना_सकता_है।.mp3","वह एक घर बना सकता है।","l7_hecanmake_house.png","वह_एक_घर_बना_सकता_है।.mp3"],["picturemeaning","1","Description","S","वह खाना पका रही है।","l8_shecooking.png","वह_खाना_पका_रही_है।.mp3","वह सो रही है।","l8_shesleeping.png","वह_सो_रही_है।.mp3","वह हाथ धो रही है।","l8_shewashinghand.png","वह_हाथ_धो_रही_है।.mp3"],["picturemeaning","1","Description","S","वह भाग रहा है।","l8_herunning.png","वह_भाग_रहा_है।.mp3","वो चल रहा है।","l8_hewalking.png","वो_चल_रहा_है।.mp3","वो कूद रहा है।","l8_hejumping.png","वो_कूद_रहा_है।.mp3"],["picturemeaning","1","Description","S","लड़का चित्र बना रहा है।","l8_boydrawing.png","लडका_चित्र_बना_रहा_है।.mp3","लड़का खा रहा है।","l8_heeatingsalad.png","लडका_खा_रहा_है।.mp3","लड़का पढ़ रहा है।","l8_boyreading.png","लडका_पढ़_रहा_है।.mp3"],["picturemeaning","1","Description","P","वह तैर रहा है।","l8_heswimming.png","वह_तैर_रहा_है।.mp3","वह तैर रही है।","l8_sheswimmig.png","वह_तैर_रही_है।.mp3","वो कूद रहा है।","l8_hejumping.png","वो_कूद_रहा_है।.mp3"],["picturemeaning","1","Description","P","वह सलाद खा रहा है।","l8_heeatingsalad.png","वह_सलाद_खा_रहा_है।.mp3","वह डोनट खा रहा है।","l8_heeatingdonut.png","वह_डोनट_खा_रहा_है।.mp3","वह मछली खा रहा है।","l8_heeatingfish.png","वह_मछली_खा_रहा_है।.mp3"],["quizliteracy","1","Description","sentence_sentence","कूद","कूद","तैर","दौड़","","वह __ सकती है।","वह_कूद_सकती_है।.mp3"],["quizliteracy","1","Description","sentence_sentence","तैर","गा","तैर","कूद","","मेंढक__ सकते हैं।","मेंढक_तैर_सकते_हैं।.mp3"],["quizliteracy","1","Description","sentence_sentence","पका","तैर","पका","गा","","वह खाना ___ रही है।","वह_खाना_पका_रही_है।.mp3"]]}]],0,0,[],[],[]],[[{"name":"l7_hecanmake_boat","rect":[0,0,868,689],"offset":[0,0],"originalSize":[868,689],"capInsets":[0,0,0,0]}],[1],0,[0],[0],[3]],[["0,9729,9729,33071,33071,0,0,1",-1],[0],0,[],[],[]],[[{"name":"l8_shewashinghand","rect":[0,0,868,689],"offset":[0,0],"originalSize":[868,689],"capInsets":[0,0,0,0]}],[1],0,[0],[0],[4]],[[[0,"वे_ऊंची_छलांग_लगा_सकते_हैं।",".mp3",2.977959],-1],0,0,[],[],[]],[[[0,"वैन_सडक_से_नीचे_उतर_गई",".mp3",3.24],-1],0,0,[],[],[]],[["0,9729,9729,33071,33071,0,0,1",-1],[0],0,[],[],[]],[["0,9729,9729,33071,33071,0,0,1",-1],[0],0,[],[],[]],[[{"name":"l8_hewalking","rect":[0,0,868,689],"offset":[0,0],"originalSize":[868,689],"capInsets":[0,0,0,0]}],[1],0,[0],[0],[5]],[[{"name":"l8_heeatingsalad","rect":[0,0,868,689],"offset":[0,0],"originalSize":[868,689],"capInsets":[0,0,0,0]}],[1],0,[0],[0],[6]],[["0,9729,9729,33071,33071,0,0,1",-1],[0],0,[],[],[]],[[{"name":"l8_boyreading","rect":[0,0,868,689],"offset":[0,0],"originalSize":[868,689],"capInsets":[0,0,0,0]}],[1],0,[0],[0],[7]],[[{"name":"l8_herunning","rect":[0,0,868,689],"offset":[0,0],"originalSize":[868,689],"capInsets":[0,0,0,0]}],[1],0,[0],[0],[8]],[["0,9729,9729,33071,33071,0,0,1",-1],[0],0,[],[],[]],[[{"name":"l7_duckcanswim","rect":[0,0,868,689],"offset":[0,0],"originalSize":[868,689],"capInsets":[0,0,0,0]}],[1],0,[0],[0],[9]],[[[0,"वह_तैर_रही_है।",".mp3",1.48898],-1],0,0,[],[],[]],[[[0,"वो_चल_रहा_है।",".mp3",1.38449],-1],0,0,[],[],[]],[[[0,"वह_दौड_सकती_है।",".mp3",1.645714],-1],0,0,[],[],[]],[[{"name":"l8_hejumping","rect":[0,0,868,689],"offset":[0,0],"originalSize":[868,689],"capInsets":[0,0,0,0]}],[1],0,[0],[0],[10]],[[[0,"वह_खाना_पका_रही_है।",".mp3",2.115918],-1],0,0,[],[],[]],[[[0,"लडका_पढ़_रहा_है।",".mp3",1.776327],-1],0,0,[],[],[]],[[[0,"लडका_खा_रहा_है।",".mp3",1.697959],-1],0,0,[],[],[]],[["0,9729,9729,33071,33071,0,0,1",-1],[0],0,[],[],[]],[["0,9729,9729,33071,33071,0,0,1",-1],[0],0,[],[],[]],[["0,9729,9729,33071,33071,0,0,1",-1],[0],0,[],[],[]],[[{"name":"Thevandrivesdown_the_road","rect":[0,0,1073,1157],"offset":[0,0],"originalSize":[1073,1157],"capInsets":[0,0,0,0]}],[1],0,[0],[0],[11]],[["0,9729,9729,33071,33071,0,0,1",-1],[0],0,[],[],[]],[[{"name":"l8_sheswimmig","rect":[0,0,868,689],"offset":[0,0],"originalSize":[868,689],"capInsets":[0,0,0,0]}],[1],0,[0],[0],[12]],[[{"name":"l8_heeatingfish","rect":[0,0,868,689],"offset":[0,0],"originalSize":[868,689],"capInsets":[0,0,0,0]}],[1],0,[0],[0],[13]],[[{"name":"l8_heswimming","rect":[0,0,868,689],"offset":[0,0],"originalSize":[868,689],"capInsets":[0,0,0,0]}],[1],0,[0],[0],[14]],[[[0,"वह_डोनट_खा_रहा_है।",".mp3",2.037551],-1],0,0,[],[],[]],[["0,9729,9729,33071,33071,0,0,1",-1],[0],0,[],[],[]],[["0,9729,9729,33071,33071,0,0,1",-1],[0],0,[],[],[]],[[[0,"वह_एक_घर_बना_सकता_है।",".mp3",2.272653],-1],0,0,[],[],[]],[[[0,"वह_तैर_रहा_है।",".mp3",1.48898],-1],0,0,[],[],[]],[["0,9729,9729,33071,33071,0,0,1",-1],[0],0,[],[],[]],[[[0,"वो_कूद_रहा_है।",".mp3",1.462857],-1],0,0,[],[],[]],[[[0,"वह_एक_मेज_बना_सकता_है।",".mp3",2.586122],-1],0,0,[],[],[]],[[{"name":"l8_shesleeping","rect":[0,0,868,689],"offset":[0,0],"originalSize":[868,689],"capInsets":[0,0,0,0]}],[1],0,[0],[0],[15]],[["1,9729,9729,33071,33071,0,0,1",-1],[0],0,[],[],[]],[[[0,"वह_मछली_खा_रहा_है।",".mp3",2.142041],-1],0,0,[],[],[]],[[[0,"वह_सलाद_खा_रहा_है।",".mp3",2.168163],-1],0,0,[],[],[]],[["0,9729,9729,33071,33071,0,0,1",-1],[0],0,[],[],[]],[[[0,"वह_एक_नाव_बना_सकता_है।",".mp3",2.403265],-1],0,0,[],[],[]],[[[0,"मेंढक_तैर_सकते_हैं।",".mp3",1.671837],-1],0,0,[],[],[]],[[{"name":"l7_shecanrun","rect":[0,0,868,689],"offset":[0,0],"originalSize":[868,689],"capInsets":[0,0,0,0]}],[1],0,[0],[0],[16]],[[{"name":"l8_shecooking","rect":[0,0,868,689],"offset":[0,0],"originalSize":[868,689],"capInsets":[0,0,0,0]}],[1],0,[0],[0],[17]],[[[0,"बत्तखें_तैर_सकती_हैं।",".mp3",1.880816],-1],0,0,[],[],[]],[[[0,"वे_तेज_दौड_सकते_हैं।",".mp3",2.037551],-1],0,0,[],[],[]],[[{"name":"l8_heeatingdonut","rect":[0,0,868,689],"offset":[0,0],"originalSize":[868,689],"capInsets":[0,0,0,0]}],[1],0,[0],[0],[18]],[["0,9729,9729,33071,33071,0,0,1",-1],[0],0,[],[],[]],[["0,9729,9729,33071,33071,0,0,1",-1],[0],0,[],[],[]],[["0,9729,9729,33071,33071,0,0,1",-1],[0],0,[],[],[]],[[{"name":"l8_boydrawing","rect":[0,0,868,689],"offset":[0,0],"originalSize":[868,689],"capInsets":[0,0,0,0]}],[1],0,[0],[0],[19]],[[[0,"वह_हाथ_धो_रही_है।",".mp3",2.35102],-1],0,0,[],[],[]],[["0,9729,9729,33071,33071,0,0,1",-1],[0],0,[],[],[]],[[{"name":"l7_fishcanswim","rect":[0,0,868,689],"offset":[0,0],"originalSize":[868,689],"capInsets":[0,0,0,0]}],[1],0,[0],[0],[20]],[[[0,"वे_अच्छी_तरह_से_खाना_पका_सकते_हैं।",".mp3",3.343673],-1],0,0,[],[],[]],[[[0,"वह_कूद_सकती_है।",".mp3",1.697959],-1],0,0,[],[],[]],[["0,9729,9729,33071,33071,0,0,1",-1],[0],0,[],[],[]],[["0,9729,9729,33071,33071,0,0,1",-1],[0],0,[],[],[]],[["0,9729,9729,33071,33071,0,0,1",-1],[0],0,[],[],[]],[[{"name":"l7_hecanmake_house","rect":[0,0,868,689],"offset":[0,0],"originalSize":[868,689],"capInsets":[0,0,0,0]}],[1],0,[0],[0],[21]],[[{"name":"l7_shecanjump","rect":[0,0,868,689],"offset":[0,0],"originalSize":[868,689],"capInsets":[0,0,0,0]}],[1],0,[0],[0],[22]],[[{"name":"l7_theyrun","rect":[0,0,868,689],"offset":[0,0],"originalSize":[868,689],"capInsets":[0,0,0,0]}],[1],0,[0],[0],[23]],[[[0,"वह_सो_रही_है।",".mp3",1.48898],-1],0,0,[],[],[]],[[{"name":"l7_frogcanswim","rect":[0,0,868,689],"offset":[0,0],"originalSize":[868,689],"capInsets":[0,0,0,0]}],[1],0,[0],[0],[24]],[[{"name":"l7_hecanmake_desk","rect":[0,0,868,689],"offset":[0,0],"originalSize":[868,689],"capInsets":[0,0,0,0]}],[1],0,[0],[0],[25]],[[[0,"मछली_तैर_सकती_है।",".mp3",1.724082],-1],0,0,[],[],[]]]]