[1,["19PHi0YQBGbIB1jM/KFyCo","34jcieJmJLipzEBfA2V3ec","6d3h9A6qNC/Zw/9W5ifLhU","13/HwNlXBHHZ+pG7j/1S2b"],["_textureSetter"],["cc.Texture2D","cc.SpriteFrame",["cc.AudioClip",["_name","_native","duration"],0],["cc.JsonAsset",["_name","json"],1]],[[2,0,1,2,4],[3,0,1,3]],[[[[0,"ow",".mp3",0.744],-1],0,0,[],[],[]],[["0,9729,9729,33071,33071,0,0,1",-1],[0],0,[],[],[]],[["0,9729,9729,33071,33071,0,0,1",-1],[0],0,[],[],[]],[[[0,"flower",".mp3",1.08],-1],0,0,[],[],[]],[[[0,"show",".mp3",0.912],-1],0,0,[],[],[]],[[[0,"sheep",".mp3",0.984],-1],0,0,[],[],[]],[[[1,"en1706",{"rows":[["speakingpet","1","Description","ow.mp3","ue.mp3","grow","grow.mp3","A","3,4","slow","slow.mp3","A","3,4","blue","blue.mp3","B","3,4","glue","glue.mp3","B","3,4"],["speakingpet","1","Description","s.mp3","sh.mp3","sing","sing.mp3","A","1","sheep","sheep.mp3","B","1,2","she","she.mp3","B","1,2","show","show.mp3","B","1,2"],["spelldoor","1","Description","flower","******","4","4","spelling_flower.png","flower.mp3"],["writeword","1","Description","flower","flower.png","flower.mp3"],["writeletter","1","Description","y","yellow"],["writeword","1","Description","cow","cow.png","cow.mp3"],["writeword","1","Description","yellow","yellow.png","yellow.mp3"],["quizliteracy","1","Description","image_word","cow","cow","grow","slow","cow.png"],["quizliteracy","1","Description","image_word","flower","flower","yellow","slow","flower.png"],["quizliteracy","1","Description","image_word","yellow","white","black","yellow","yellow.png"],["quizliteracy","1","Description","soundonly_word","grow","slow","grow","flower","","","grow.mp3"],["quizliteracy","1","Description","soundonly_word","slow","flower","yellow","slow","","","slow.mp3"]]}]],0,0,[],[],[]],[[{"name":"spelling_flower","rect":[0,0,370,273],"offset":[0,0],"originalSize":[370,273],"capInsets":[0,0,0,0]}],[1],0,[0],[0],[0]],[[[0,"s",".mp3",0.912],-1],0,0,[],[],[]],[["0,9729,9729,33071,33071,0,0,1",-1],[0],0,[],[],[]],[[[0,"glue",".mp3",0.96],-1],0,0,[],[],[]],[[[0,"blue",".mp3",1.008],-1],0,0,[],[],[]],[[[0,"sing",".mp3",1.032],-1],0,0,[],[],[]],[[[0,"she",".mp3",0.912],-1],0,0,[],[],[]],[[[0,"sh",".mp3",1.224],-1],0,0,[],[],[]],[[{"name":"flower","rect":[0,0,400,290],"offset":[0,0],"originalSize":[400,290],"capInsets":[0,0,0,0]}],[1],0,[0],[0],[1]],[[[0,"grow",".mp3",0.936],-1],0,0,[],[],[]],[["0,9729,9729,33071,33071,0,0,1",-1],[0],0,[],[],[]],[[[0,"ue",".mp3",1.176],-1],0,0,[],[],[]],[[[0,"slow",".mp3",0.984],-1],0,0,[],[],[]],[[[0,"cow",".mp3",0.84],-1],0,0,[],[],[]],[[{"name":"cow","rect":[0,0,700,432],"offset":[0,0],"originalSize":[700,432],"capInsets":[0,0,0,0]}],[1],0,[0],[0],[2]],[[[0,"yellow",".mp3",1.032],-1],0,0,[],[],[]],[[{"name":"yellow","rect":[16,16,368,258],"offset":[0,0],"originalSize":[400,290],"capInsets":[0,0,0,0]}],[1],0,[0],[0],[3]]]]