[1,["fcLUWUBhtK94FSNu9dgY5J","c2PiE+ODdODYobIm6j2VVd","a3YPtVjTlB1KCbAGSuVjUF"],["_textureSetter"],["cc.Texture2D","cc.SpriteFrame",["cc.AudioClip",["_name","_native","duration"],0],["cc.JsonAsset",["_name","json"],1]],[[2,0,1,2,4],[3,0,1,3]],[[[[0,"ತೂಗುವ ಗೂಡಲಿ ಮರಿಗಳ ಬೀಡು",".mp3",2.04],-1],0,0,[],[],[]],[[[0,"ನದಿಯ ಬಳಿ ಋಷಿಯ ಕುಟೀರ",".mp3",1.776],-1],0,0,[],[],[]],[[[1,"kn4311",{"rows":[["createsentence","1","Description","ಗೀತಳ/ಪೀಪಿ/ತಗಡಿನ/ಪೀಪಿ","","long_whistle.png","ಗೀತಳ ಪೀಪಿ ತಗಡಿನ ಪೀಪಿ.mp3 "],["createsentence","1","Description","ನದಿಯ/ಬಳಿ/ಋಷಿಯ/ಕುಟೀರ","","rushi.png","ನದಿಯ ಬಳಿ ಋಷಿಯ ಕುಟೀರ.mp3"],["createsentence","1","Description","ತೂಗುವ/ಗೂಡಲಿ/ಮರಿಗಳ/ಬೀಡು","","bird_chicks.png","ತೂಗುವ ಗೂಡಲಿ ಮರಿಗಳ ಬೀಡು.mp3"]]}]],0,0,[],[],[]],[["0,9729,9729,33071,33071,0,0,1",-1],[0],0,[],[],[]],[[{"name":"long_whistle","rect":[0,0,512,408],"offset":[0,0],"originalSize":[512,408],"capInsets":[0,0,0,0]}],[1],0,[0],[0],[0]],[[{"name":"bird_chicks","rect":[0,0,512,339],"offset":[0,0],"originalSize":[512,339],"capInsets":[0,0,0,0]}],[1],0,[0],[0],[1]],[["0,9729,9729,33071,33071,0,0,1",-1],[0],0,[],[],[]],[[{"name":"rushi","rect":[0,0,340,512],"offset":[0,0],"originalSize":[340,512],"capInsets":[0,0,0,0]}],[1],0,[0],[0],[2]],[["0,9729,9729,33071,33071,0,0,1",-1],[0],0,[],[],[]]]]