[1,["5e30MnOaRDtIq2YReb3IAO","40j08tqStLkIjB4eKhAR4B","a0FAg/mTlAPrsfXcnwzg1M"],["_textureSetter"],["cc.SpriteFrame","cc.Texture2D",["cc.AudioClip",["_name","_native","duration"],0],["cc.JsonAsset",["_name","json"],1]],[[2,0,1,2,4],[3,0,1,3]],[[[{"name":"birds_animals","rect":[0,0,400,400],"offset":[0,0],"originalSize":[400,400],"capInsets":[0,0,0,0]}],[0],0,[0],[0],[0]],[[[0,"ಬಾಳೆಹಣ್ಣನ್ನು",".mp3",1.32],-1],0,0,[],[],[]],[[{"name":"king","rect":[0,0,400,400],"offset":[0,0],"originalSize":[400,400],"capInsets":[0,0,0,0]}],[0],0,[0],[0],[1]],[[[0,"ಅಜ್ಜಿಯು_ಒಣಕಟ್ಟಿಗೆಯನ್ನು_ಆರಿಸುತ್ತ_ಬಂದಳು",".mp3",3.192],-1],0,0,[],[],[]],[[[0,"ಸರಿಯಾದದನ್ನು_ಆರಿಸಿ",".mp3",1.968],-1],0,0,[],[],[]],[["0,9729,9729,33071,33071,0,0,1",-1],[1],0,[],[],[]],[[[0,"ಅವನು_ಕಾಡು_ನೋಡಲು_ಹೋಗುತ್ತಾನೆ",".mp3",2.4],-1],0,0,[],[],[]],[["0,9729,9729,33071,33071,0,0,1",-1],[1],0,[],[],[]],[[[0,"ಅವರು_ಕಾಡು_ನೋಡಲು_ಹೋಗುತ್ತಾರೆ",".mp3",2.4],-1],0,0,[],[],[]],[[[0,"ಅಜ್ಜಿಯು_ಪಾಣಿಪಕ್ಷಿಗಳೊಡನೆ_ ಮಾತನಾಡಿ_ಸಂತೋಷ_ಪಡುತ್ತಿದ್ದಳು",".mp3",4.584],-1],0,0,[],[],[]],[[[1,"kn2_1806",{"rows":[["createsentence","1","Description","ಅಜ್ಜಿಯು/ಒಣಕಟ್ಟಿಗೆಯನ್ನು/ಆರಿಸುತ್ತ/ಬಂದಳು.","","drywood.png","ಅಜ್ಜಿಯು_ಒಣಕಟ್ಟಿಗೆಯನ್ನು_ಆರಿಸುತ್ತ_ಬಂದಳು.mp3"],["createsentence","1","Description","ಅಜ್ಜಿಯು/ಪಾಣಿಪಕ್ಷಿಗಳೊಡನೆ/ ಮಾತನಾಡಿ/ಸಂತೋಷ/ಪಡುತ್ತಿದ್ದಳು.","","birds_animals.png","ಅಜ್ಜಿಯು_ಪಾಣಿಪಕ್ಷಿಗಳೊಡನೆ_ ಮಾತನಾಡಿ_ಸಂತೋಷ_ಪಡುತ್ತಿದ್ದಳು.mp3"],["createsentence","1","Description","ಸೇವಕರು/ಅರಸರಿಗೆ/ಸುದ್ದಿಯನ್ನು/ತಿಳಿಸಿದರು.","","king.png","ಸೇವಕರು_ಅರಸರಿಗೆ_ಸುದ್ದಿಯನ್ನು_ತಿಳಿಸಿದರು.mp3"],["fillblank","1","Description","ಆಅಜ್ಜಿಯು ಕೋತಿಗಳಿಗೆ [ಬಾಳೆಹಣ್ಣನ್ನು] ನೀಡಿದಳು.","ಬಾಳೆಹಣ್ಣನ್ನು.mp3","ಸೇಬಿನ ಹಣ್ಣನ್ನು","ದ್ರಾಕ್ಷಿಯನ್ನು","ಇಡ್ಲಿಯನ್ನು","15"],["fillblank","1","Description","ನಾನು ಕಾಡು ನೋಡಲು [ಹೋಗುತ್ತೇನೆ].","ನಾನು_ಕಾಡು_ನೋಡಲು_ಹೋಗುತ್ತೇನೆ.mp3","ಹೋಗುತ್ತೀಯ","ಹೋಗುತ್ತಾಳೆ","ಹೋಗುತ್ತಾನೆ","10"],["fillblank","1","Description","ನೀನು ಕಾಡು ನೋಡಲು [ಹೋಗುತ್ತೀಯ].","ನೀನು_ಕಾಡು_ನೋಡಲು_ಹೋಗುತ್ತೀಯ.mp3","ಹೋಗುತ್ತೇನೆ","ಹೋಗುತ್ತಾನೆ","ಹೋಗುತ್ತಾಳೆ","15"],["fillblank","1","Description","ಅವನು ಕಾಡು ನೋಡಲು [ಹೋಗುತ್ತಾನೆ].","ಅವನು_ಕಾಡು_ನೋಡಲು_ಹೋಗುತ್ತಾನೆ.mp3","ಹೋಗುತ್ತಾಳೆ","ಹೋಗುತ್ತೇನೆ","ಹೋಗುತ್ತೀಯ","15"],["fillblank","1","Description","ಅವಳು ಕಾಡು ನೋಡಲು [ಹೋಗುತ್ತಾಳೆ].","ಅವಳು_ಕಾಡು_ನೋಡಲು_ಹೋಗುತ್ತಾಳೆ.mp3","ಹೋಗುತ್ತಾರೆ","ಹೋಗುತ್ತೀಯ","ಹೋಗುತ್ತಾನೆ","10"],["fillblank","1","Description","ಅವರು ಕಾಡು ನೋಡಲು [ಹೋಗುತ್ತಾರೆ].","ಅವರು_ಕಾಡು_ನೋಡಲು_ಹೋಗುತ್ತಾರೆ.mp3","ಹೋಗುತ್ತಾನೆ","ಹೋಗುತ್ತಾಳೆ","ಹೋಗುತ್ತೇನೆ","15"],["quizliteracy","1","Description","sentence_sentence","ಒಣಕಟ್ಟಿಗೆ","ಖಜಾನೆ","ಚಿನ್ನ","ಒಣಕಟ್ಟಿಗೆ","","ಅಜ್ಜಿಯು ______ ಯನ್ನು ಆರಿಸುತ್ತ ಬಂದಳು.","ಅಜ್ಜಿಯು_ಒಣಕಟ್ಟಿಗೆಯನ್ನು_ಆರಿಸುತ್ತ_ಬಂದಳು.mp3"],["quizliteracy","1","Description","soundonly_sentence","ಅವರು ಕಾಡು ನೋಡಲು ಹೋಗುತ್ತಾರೆ.","ಅವರು ಕಾಡು ನೋಡಲು ಹೋಗುತ್ತಾರೆ.","ನಾನು ಕಾಡು ನೋಡಲು ಹೋಗುತ್ತೇನೆ.","ಅವಳು ಕಾಡು ನೋಡಲು ಹೋಗುತ್ತಾಳೆ.","","","ಅವರು_ಕಾಡು_ನೋಡಲು_ಹೋಗುತ್ತಾರೆ.mp3"],["quizliteracy","1","Description","sentence_sentence","ಅವನು ಕಾಡು ನೋಡಲು ಹೋಗುತ್ತಾನೆ.","ಅವನು ಕಾಡು ನೋಡಲು ಹೋಗುತ್ತಾಳೆ.","ಅವನು ಕಾಡು ನೋಡಲು ಹೋಗುತ್ತಾನೆ.","ಅವನು ಕಾಡು ನೋಡಲು ಹೋಗುತ್ತಾರೆ.","","ಸರಿಯಾದದನ್ನು ಆರಿಸಿ","ಸರಿಯಾದದನ್ನು_ಆರಿಸಿ.mp3"]]}]],0,0,[],[],[]],[[[0,"ಸೇವಕರು_ಅರಸರಿಗೆ_ಸುದ್ದಿಯನ್ನು_ತಿಳಿಸಿದರು",".mp3",3.216],-1],0,0,[],[],[]],[["0,9729,9729,33071,33071,0,0,1",-1],[1],0,[],[],[]],[[[0,"ನಾನು_ಕಾಡು_ನೋಡಲು_ಹೋಗುತ್ತೇನೆ",".mp3",2.376],-1],0,0,[],[],[]],[[[0,"ಅವಳು_ಕಾಡು_ನೋಡಲು_ಹೋಗುತ್ತಾಳೆ",".mp3",2.4],-1],0,0,[],[],[]],[[[0,"ನೀನು_ಕಾಡು_ನೋಡಲು_ಹೋಗುತ್ತೀಯ",".mp3",2.304],-1],0,0,[],[],[]],[[{"name":"drywood","rect":[0,0,400,400],"offset":[0,0],"originalSize":[400,400],"capInsets":[0,0,0,0]}],[0],0,[0],[0],[2]]]]