[1,["d2BH20p+1Ft4O4H+eghrwr","52RgaFAVZAKpHD3Vt7OsFT","652tCPgB5Lb6Qj03k/nCWs","9aUjHfF4pJ/b2K5B/bMXFS","472xf+ZzJCCb/vuj48WW5T","3bZ/UWXJ5CTKN1s5ec3/gG","b5q/0mtixGh7ijB9uDPWjl","89D8dTmNROFKe9acogkelY","54TABGCWxLQKI6SsXyOzDg","97m76JBARCGpfff0gFiSWd","20vwWPXlpHkpFEqa9XbC/W","6eOt8MBp9E7aDYMfMhyuhj"],["_textureSetter"],["cc.SpriteFrame","cc.Texture2D",["cc.AudioClip",["_name","_native","duration"],0],["cc.JsonAsset",["_name","json"],1]],[[2,0,1,2,4],[3,0,1,3]],[[[[0,"ಶಪಥ",".mp3",0.84],-1],0,0,[],[],[]],[[{"name":"shining","rect":[0,0,512,341],"offset":[0,0],"originalSize":[512,341],"capInsets":[0,0,0,0]}],[0],0,[0],[0],[0]],[["0,9729,9729,33071,33071,0,0,1",-1],[1],0,[],[],[]],[[[0,"ಥಳಥಳ",".mp3",0.84],-1],0,0,[],[],[]],[[{"name":"oath","rect":[0,0,512,384],"offset":[0,0],"originalSize":[512,384],"capInsets":[0,0,0,0]}],[0],0,[0],[0],[1]],[[[0,"ಧಗಧಗ",".mp3",0.888],-1],0,0,[],[],[]],[[[0,"ರಥ",".mp3",0.648],-1],0,0,[],[],[]],[[{"name":"castoroilplant","rect":[0,0,341,512],"offset":[0,0],"originalSize":[341,512],"capInsets":[0,0,0,0]}],[0],0,[0],[0],[2]],[["0,9729,9729,33071,33071,0,0,1",-1],[1],0,[],[],[]],[["0,9729,9729,33071,33071,0,0,1",-1],[1],0,[],[],[]],[[[0,"ಧನ",".mp3",0.6],-1],0,0,[],[],[]],[[[0,"ಭವ",".mp3",0.6],-1],0,0,[],[],[]],[[{"name":"wealth","rect":[0,0,512,341],"offset":[0,0],"originalSize":[512,341],"capInsets":[0,0,0,0]}],[0],0,[0],[0],[3]],[["0,9729,9729,33071,33071,0,0,1",-1],[1],0,[],[],[]],[["0,9729,9729,33071,33071,0,0,1",-1],[1],0,[],[],[]],[[{"name":"Shiva","rect":[0,0,383,512],"offset":[0,0],"originalSize":[383,512],"capInsets":[0,0,0,0]}],[0],0,[0],[0],[4]],[[{"name":"flames","rect":[0,0,512,341],"offset":[0,0],"originalSize":[512,341],"capInsets":[0,0,0,0]}],[0],0,[0],[0],[5]],[[{"name":"spotlesswhite","rect":[0,0,333,512],"offset":[0,0],"originalSize":[333,512],"capInsets":[0,0,0,0]}],[0],0,[0],[0],[6]],[["0,9729,9729,33071,33071,0,0,1",-1],[1],0,[],[],[]],[[{"name":"rath","rect":[0,0,384,512],"offset":[0,0],"originalSize":[384,512],"capInsets":[0,0,0,0]}],[0],0,[0],[0],[7]],[["0,9729,9729,33071,33071,0,0,1",-1],[1],0,[],[],[]],[[{"name":"palace","rect":[0,0,387,512],"offset":[0,0],"originalSize":[387,512],"capInsets":[0,0,0,0]}],[0],0,[0],[0],[8]],[[{"name":"soldier","rect":[0,0,500,333],"offset":[0,0],"originalSize":[500,333],"capInsets":[0,0,0,0]}],[0],0,[0],[0],[9]],[["0,9729,9729,33071,33071,0,0,1",-1],[1],0,[],[],[]],[[[0,"ಢಣ",".mp3",0.624],-1],0,0,[],[],[]],[[[0,"ಧವಳ",".mp3",0.72],-1],0,0,[],[],[]],[["0,9729,9729,33071,33071,0,0,1",-1],[1],0,[],[],[]],[[[0,"ಭಟ",".mp3",0.624],-1],0,0,[],[],[]],[["0,9729,9729,33071,33071,0,0,1",-1],[1],0,[],[],[]],[[[0,"ಢಣಢಣ",".mp3",0.792],-1],0,0,[],[],[]],[[[0,"ಭರತ",".mp3",0.72],-1],0,0,[],[],[]],[[[1,"kn0807",{"rows":[["writeword","1","Description","ಧನ","wealth.png","ಧನ.mp3"],["writeword","1","Description","ರಥ","rath.png","ರಥ.mp3"],["writeword","1","Description","ಢಣ","bellringing.png","ಢಣ.mp3"],["writeword","1","Description","ಭಟ","soldier.png","ಭಟ.mp3"],["writeword","1","Description","ಧವಳ","spotlesswhite.png","ಧವಳ.mp3"],["writeword","1","Description","ಥಳಥಳ","shining.png","ಥಳಥಳ.mp3"],["writeword","1","Description","ಭವ","Shiva.png","ಭವ.mp3"],["writeword","1","Description","ಧಗಧಗ","flames.png","ಧಗಧಗ.mp3"],["writeword","1","Description","ಶಪಥ","oath.png","ಶಪಥ.mp3"],["writeword","1","Description","ಭವನ","palace.png","ಭವನ.mp3"],["writeword","1","Description","ಭರತ","India.png","ಭರತ.mp3"],["quizliteracy","1","Description","image_word","ಶಪಥ","ಶಪಥ","ಭರತ","ಥಳಥಳ","oath.png"],["quizliteracy","1","Description","image_word","ಭವ","ರಥ","ಢಣ","ಭವ","Shiva.png"],["quizliteracy","1","Description","image_word","ಥಳಥಳ","ಧಗಧಗ","ಥಳಥಳ","ಶಪಥ","shining.png"]]}]],0,0,[],[],[]],[["0,9729,9729,33071,33071,0,0,1",-1],[1],0,[],[],[]],[[[0,"ಭವನ",".mp3",0.696],-1],0,0,[],[],[]],[["0,9729,9729,33071,33071,0,0,1",-1],[1],0,[],[],[]],[[{"name":"India","rect":[0,0,418,500],"offset":[0,0],"originalSize":[418,500],"capInsets":[0,0,0,0]}],[0],0,[0],[0],[10]],[[{"name":"bellringing","rect":[0,0,512,341],"offset":[0,0],"originalSize":[512,341],"capInsets":[0,0,0,0]}],[0],0,[0],[0],[11]],[[[0,"ಔಡಲ",".mp3",1.08],-1],0,0,[],[],[]]]]