[1,["26BWHZ7ABGPoPaBzLCWhxR","0amQClIq5HOrwU/z4b7zR4","87koFq43ZB2Y3m3uuNCpsq","64Coq5G9NLFINpIF/4cqiF","cdgnk8sdZAMaYdThdwXttD"],["_textureSetter"],["cc.Texture2D","cc.SpriteFrame",["cc.AudioClip",["_name","_native","duration"],0],["cc.JsonAsset",["_name","json"],1]],[[2,0,1,2,4],[3,0,1,3]],[[[[0,"ಕೌ",".mp3",0.624],-1],0,0,[],[],[]],[[[1,"kn2301",{"rows":[["phonictractor","1","Description","4","ಯೋಜನ","ಯೋಜನ.mp3","ಯೋ","ಯೋ.mp3","ಜ","ಜ.mp3","ನ","ನ.mp3"],["spelldoor","1","Description","ಹೋತ","**","0","0","male_goat.png","ಹೋತ.mp3"],["phonictractor","1","Description","4","ತೊಲೆ","ತೊಲೆ.mp3","ತೊ","ತೊ.mp3","ಲೆ","ಲೆ.mp3"],["rocket","1","Description","ಗೌರಿ","ಗೌ,ರಿ","ಗೌ,ರಿ","ಗೌರಿ.mp3","goddess_parvati.png","False","False"],["phonictractor","1","Description","4","ಕೌತುಕ","ಕೌತುಕ.mp3","ಕೌ","ಕೌ.mp3","ತು","ತು.mp3","ಕ","ಕ.mp3"],["phonictractor","1","Description","4","ಪೌಳಿ","ಪೌಳಿ.mp3","ಪೌ","ಪೌ.mp3","ಳಿ","ಳಿ.mp3"],["phonictractor","1","Description","4","ಗೋವು","ಗೋವು.mp3","ಗೋ","ಗೋ.mp3","ವು","ವು.mp3"],["spelldoor","1","Description","ಸೌತೆ","**","0","0","cucumber.png","ಸೌತೆ.mp3"],["quizliteracy","1","Description","word_word","ಯೋ","ಹೋ","ಯೋ","ಡೊ","","__ಜನ","ಯೋಜನ.mp3"],["quizliteracy","1","Description","soundonly_word","ಸೌತೆ","ಸೌತೆ","ಪೌಳಿ","ತೊಲೆ","","","ಸೌತೆ.mp3"],["quizliteracy","1","Description","image_word","ಹೋತ","ಗೋವು","ಗೌರಿ","ಹೋತ","male_goat.png"]]}]],0,0,[],[],[]],[["0,9729,9729,33071,33071,0,0,1",-1],[0],0,[],[],[]],[[{"name":"five","rect":[0,0,533,800],"offset":[0,0],"originalSize":[533,800],"capInsets":[0,0,0,0]}],[1],0,[0],[0],[0]],[[[0,"ಘೇ",".mp3",0.6],-1],0,0,[],[],[]],[[[0,"ಥ",".mp3",0.504],-1],0,0,[],[],[]],[[[0,"ಹೆ",".mp3",0.552],-1],0,0,[],[],[]],[["0,9729,9729,33071,33071,0,0,1",-1],[0],0,[],[],[]],[[[0,"ಗೋವು",".mp3",0.768],-1],0,0,[],[],[]],[[[0,"ಕೌತುಕ",".mp3",0.864],-1],0,0,[],[],[]],[[[0,"ರ",".mp3",0.48],-1],0,0,[],[],[]],[[[0,"ಳಿ",".mp3",0.528],-1],0,0,[],[],[]],[[[0,"ಹೇ",".mp3",0.552],-1],0,0,[],[],[]],[[[0,"ಪೌ",".mp3",0.624],-1],0,0,[],[],[]],[[[0,"ಥೈ",".mp3",0.624],-1],0,0,[],[],[]],[[[0,"ತೊ",".mp3",0.528],-1],0,0,[],[],[]],[[[0,"ಯೋಜನ",".mp3",0.816],-1],0,0,[],[],[]],[[{"name":"goddess_parvati","rect":[0,0,500,500],"offset":[0,0],"originalSize":[500,500],"capInsets":[0,0,0,0]}],[1],0,[0],[0],[1]],[[[0,"ಸೌತೆ",".mp3",0.84],-1],0,0,[],[],[]],[[[0,"ಜ",".mp3",0.528],-1],0,0,[],[],[]],[[[0,"ಪೌಳಿ",".mp3",0.72],-1],0,0,[],[],[]],[[[0,"ಗೋ",".mp3",0.576],-1],0,0,[],[],[]],[[[0,"ಉಘೇ",".mp3",1.104],-1],0,0,[],[],[]],[["0,9729,9729,33071,33071,0,0,1",-1],[0],0,[],[],[]],[[[0,"ಲೆ",".mp3",0.552],-1],0,0,[],[],[]],[[{"name":"statue","rect":[0,0,554,800],"offset":[0,0],"originalSize":[554,800],"capInsets":[0,0,0,0]}],[1],0,[0],[0],[2]],[[[0,"ಹೇಮ",".mp3",0.648],-1],0,0,[],[],[]],[["0,9729,9729,33071,33071,0,0,1",-1],[0],0,[],[],[]],[[[0,"ವು",".mp3",0.528],-1],0,0,[],[],[]],[[[0,"ಥೈಥಕ",".mp3",0.864],-1],0,0,[],[],[]],[[[0,"ತೊಲೆ",".mp3",0.624],-1],0,0,[],[],[]],[[[0,"ನ",".mp3",0.48],-1],0,0,[],[],[]],[[[0,"ಕ",".mp3",0.504],-1],0,0,[],[],[]],[[[0,"ಕೇಳು",".mp3",0.672],-1],0,0,[],[],[]],[[[0,"ಗೇಟು",".mp3",0.72],-1],0,0,[],[],[]],[[[0,"ಕೇ",".mp3",0.576],-1],0,0,[],[],[]],[[{"name":"cucumber","rect":[0,0,500,333],"offset":[0,0],"originalSize":[500,333],"capInsets":[0,0,0,0]}],[1],0,[0],[0],[3]],[[[0,"ಮ",".mp3",0.48],-1],0,0,[],[],[]],[[[0,"ಯೋ",".mp3",0.576],-1],0,0,[],[],[]],[["0,9729,9729,33071,33071,0,0,1",-1],[0],0,[],[],[]],[[[0,"ಹೆರಳು",".mp3",0.72],-1],0,0,[],[],[]],[[[0,"ತು",".mp3",0.504],-1],0,0,[],[],[]],[[[0,"ಗೌರಿ",".mp3",0.744],-1],0,0,[],[],[]],[[[0,"ಐದು",".mp3",0.888],-1],0,0,[],[],[]],[[[0,"ಉ",".mp3",0.48],-1],0,0,[],[],[]],[[[0,"ಳು",".mp3",0.528],-1],0,0,[],[],[]],[[[0,"ಹೋತ",".mp3",0.696],-1],0,0,[],[],[]],[[{"name":"male_goat","rect":[0,0,500,391],"offset":[0,0],"originalSize":[500,391],"capInsets":[0,0,0,0]}],[1],0,[0],[0],[4]]]]