[1,["9e9I8cvzxDyLs8j7E8bisy","1bX5RoieNPYZHRx7Wd0s7k","7bp4LyTJ1Gc6giEnKUTOje","d4AuJEPDBDY7TrSk/5EiiB","649tQgjHVPuqzo2VqQPLN2","eagVB/5BxJfKeKLapCd/cR","72GFnIK+tAuby2w2OrpUEP"],["_textureSetter"],["cc.SpriteFrame","cc.Texture2D",["cc.JsonAsset",["_name","json"],1],["cc.AudioClip",["_name","_native","duration"],0]],[[3,0,1,2,4],[2,0,1,3]],[[[[1,"kn2407",{"rows":[["spelldoor","1","Description","ಆಕಳು","***","0","0","cow.png","ಆಕಳು.mp3"],["spelldoor","1","Description","ಇಣಚಿ","***","0","0","squirrel.png","ಇಣಚಿ.mp3"],["spelldoor","1","Description","ಉಂಗುರ","***","0","0","ring.png","ಉಂಗುರ.mp3"],["writeword","1","Description","ಅರಸ","king.png","ಅರಸ.mp3"],["spelldoor","1","Description","ಎಲೆ","**","0","0","leaf.png","ಎಲೆ.mp3"],["writeword","1","Description","ಮರ","tree.png","ಮರ.mp3"],["spelldoor","1","Description","ಇಲಿ","**","0","0","mouse.png","ಇಲಿ.mp3"],["quizliteracy","1","Description","word_word","ಆ","ಆ","ಈ","ಪ","","__ಕಳು","ಆಕಳು.mp3"],["quizliteracy","1","Description","image_word","ಉಂಗುರ","ಅರಸ","ಉಂಗುರ","ಎಲೆ","ring.png","","ಉಂಗುರ.mp3"],["quizliteracy","1","Description","soundonly_word","ಇಲಿ","ಉಂಗುರ","ಎಲೆ","ಇಲಿ","","","ಇಲಿ.mp3"]]}]],0,0,[],[],[]],[[{"name":"tree","rect":[0,0,800,590],"offset":[0,0],"originalSize":[800,590],"capInsets":[0,0,0,0]}],[0],0,[0],[0],[0]],[["0,9729,9729,33071,33071,0,0,1",-1],[1],0,[],[],[]],[[[0,"ಆಕಳು",".mp3",0.744],-1],0,0,[],[],[]],[[[0,"ಮರ",".mp3",0.576],-1],0,0,[],[],[]],[["0,9729,9729,33071,33071,0,0,1",-1],[1],0,[],[],[]],[[[0,"ಅರಸ",".mp3",1.08],-1],0,0,[],[],[]],[["0,9729,9729,33071,33071,0,0,1",-1],[1],0,[],[],[]],[[{"name":"squirrel","rect":[0,0,500,356],"offset":[0,0],"originalSize":[500,356],"capInsets":[0,0,0,0]}],[0],0,[0],[0],[1]],[["0,9729,9729,33071,33071,0,0,1",-1],[1],0,[],[],[]],[[{"name":"cow","rect":[0,0,800,493],"offset":[0,0],"originalSize":[800,493],"capInsets":[0,0,0,0]}],[0],0,[0],[0],[2]],[[{"name":"ring","rect":[0,0,800,533],"offset":[0,0],"originalSize":[800,533],"capInsets":[0,0,0,0]}],[0],0,[0],[0],[3]],[[[0,"ಇಣಚಿ",".mp3",0.744],-1],0,0,[],[],[]],[[{"name":"leaf","rect":[0,0,800,590],"offset":[0,0],"originalSize":[800,590],"capInsets":[0,0,0,0]}],[0],0,[0],[0],[4]],[[{"name":"king","rect":[0,0,600,800],"offset":[0,0],"originalSize":[600,800],"capInsets":[0,0,0,0]}],[0],0,[0],[0],[5]],[[[0,"ಎಲೆ",".mp3",0.624],-1],0,0,[],[],[]],[["0,9729,9729,33071,33071,0,0,1",-1],[1],0,[],[],[]],[[{"name":"mouse","rect":[0,0,500,375],"offset":[0,0],"originalSize":[500,375],"capInsets":[0,0,0,0]}],[0],0,[0],[0],[6]],[[[0,"ಇಲಿ",".mp3",0.6],-1],0,0,[],[],[]],[["0,9729,9729,33071,33071,0,0,1",-1],[1],0,[],[],[]],[["0,9729,9729,33071,33071,0,0,1",-1],[1],0,[],[],[]],[[[0,"ಉಂಗುರ",".mp3",0.744],-1],0,0,[],[],[]]]]