[1,["edKqxHovxBvaFrHW5AXSd4","8ai+2lqtBCspAsPJaUGOAn"],["_textureSetter"],["cc.Texture2D","cc.SpriteFrame",["cc.AudioClip",["_name","_native","duration"],0],["cc.JsonAsset",["_name","json"],1]],[[2,0,1,2,4],[3,0,1,3]],[[[[0,"ಬಾಯಿ",".mp3",0.72],-1],0,0,[],[],[]],[[[0,"ಮುಖ",".mp3",0.672],-1],0,0,[],[],[]],[[[0,"ಮೊಣಕಾಲು",".mp3",0.936],-1],0,0,[],[],[]],[[[1,"kn3705",{"rows":[["tag","1","Description","image_22_3.jpg","ದೇಹ","280.-1520","ದೇಹ.mp3","ತಲೆ","942.-1307","ತಲೆ.mp3","ಭುಜ","1055.-1064","ಭುಜ.mp3","ಮೊಣಕಾಲು","1139.-803","ಮೊಣಕಾಲು.mp3","ಕಾಲು","1157.-540","ಕಾಲು.mp3"],["tag","1","Description","image_22_1.jpg","ಮುಖ","280.-1520","ಮುಖ.mp3","ಕಣ್ಣು","258.-1037","ಕಣ್ಣು.mp3","ಮೂಗು","1239.-906","ಮೂಗು.mp3","ಬಾಯಿ","298.-699","ಬಾಯಿ.mp3"],["quizliteracy","1","Description","word_word","ಣ್ಣು","ಡ್ಡಿ","ಣ್ಣು","ಸ","","ಕ___","ಕಣ್ಣು.mp3"],["quizliteracy","1","Description","soundonly_word","ಮುಖ","ಮುಖ","ದೇಹ","ತಲೆ","","","ಮುಖ.mp3"],["quizliteracy","1","Description","soundonly_word","ಮೂಗು","ಭುಜ","ಬಾಯಿ","ಮೂಗು","","","ಮೂಗು.mp3"]]}]],0,0,[],[],[]],[[[0,"ತಲೆ",".mp3",0.624],-1],0,0,[],[],[]],[["1,9729,9729,33071,33071,0,0,1",-1],[0],0,[],[],[]],[[[0,"ಮೂಗು",".mp3",0.72],-1],0,0,[],[],[]],[[{"name":"image_22_3","rect":[0,0,512,421],"offset":[0,0],"originalSize":[512,421],"capInsets":[0,0,0,0]}],[1],0,[0],[0],[0]],[[[0,"ಕಣ್ಣು",".mp3",0.696],-1],0,0,[],[],[]],[[[0,"ಭುಜ",".mp3",0.672],-1],0,0,[],[],[]],[[[0,"ಕಾಲು",".mp3",0.72],-1],0,0,[],[],[]],[[{"name":"image_22_1","rect":[0,0,512,421],"offset":[0,0],"originalSize":[512,421],"capInsets":[0,0,0,0]}],[1],0,[0],[0],[1]],[["1,9729,9729,33071,33071,0,0,1",-1],[0],0,[],[],[]],[[[0,"ದೇಹ",".mp3",0.672],-1],0,0,[],[],[]]]]