[1,["41AwmHEYlHtazcWnq6ydPX","94sPOp1j9CYJZArasQiNYO","67No7r8QJG/L879Ox81/S5","2cHzntAppP4a13HhuKhDF0","50rDyz7a9Ok7yvqX9hDtk1","efcnXbRAFOWL3X5BoqWRKp"],["_textureSetter"],["cc.Texture2D","cc.SpriteFrame",["cc.AudioClip",["_name","_native","duration"],0],["cc.JsonAsset",["_name","json"],1]],[[2,0,1,2,4],[3,0,1,3]],[[[[0,"ಫ",".mp3",0.528],-1],0,0,[],[],[]],[["0,9729,9729,33071,33071,0,0,1",-1],[0],0,[],[],[]],[[[0,"ಸರ",".mp3",0.648],-1],0,0,[],[],[]],[["0,9729,9729,33071,33071,0,0,1",-1],[0],0,[],[],[]],[[{"name":"desk","rect":[0,0,356,512],"offset":[0,0],"originalSize":[356,512],"capInsets":[0,0,0,0]}],[1],0,[0],[0],[0]],[[{"name":"eye","rect":[0,13,457,352],"offset":[-27.5,-6.5],"originalSize":[512,365],"capInsets":[0,0,0,0]}],[1],0,[0],[0],[1]],[[[0,"ನಯನ",".mp3",0.696],-1],0,0,[],[],[]],[["0,9729,9729,33071,33071,0,0,1",-1],[0],0,[],[],[]],[[{"name":"shining","rect":[0,0,512,341],"offset":[0,0],"originalSize":[512,341],"capInsets":[0,0,0,0]}],[1],0,[0],[0],[2]],[["0,9729,9729,33071,33071,0,0,1",-1],[0],0,[],[],[]],[[[1,"kn1101",{"rows":[["writeword","1","Description","ನಯನ","eye.png","ನಯನ.mp3"],["rocket","1","Description","ನಯನ","ನ,ಯ,ನ","ನ,ಯ,ನ","ನಯನ.mp3","eye.png","False","False"],["openwindow","1","Description","LEGIT","ಸ,ರ","chain.png","desk.png","ಸರ.mp3","ಸ,ರ"],["writecard","1","Description","ಸ","ಸರ","necklace.png","ಸರ.mp3","ಸರ","necklace.png","ಸರ.mp3","ಸರ","necklace.png","ಸರ.mp3"],["phonictractor","1","Description","4","ಫಳಫಳ","ಫಳಫಳ.mp3","ಫಳ","ಫಳ.mp3","ಫ","ಫ.mp3","ಳ","ಳ.mp3"],["writeword","1","Description","ಫಳಫಳ","shining.png","ಫಳಫಳ.mp3"],["createsentence","1","Description","ನಯನಳ/ಸರ","","girlnecklace.png","ನಯನಳ ಸರ.mp3"],["createsentence","1","Description","ನಯನಳ/ಸರ/ಫಳಫಳ","","girlnecklace.png","ನಯನ ಸರ ಫಳಫಳ.mp3"],["quizliteracy","1","Description","image_word","ನಯನ","ಸರ","ನಯನ","ಮರ","eye.png"],["quizliteracy","1","Description","word_word","ಸ","ಉ","ಸ","ಮ","","_ರ","ಸರ.mp3"],["quizliteracy","1","Description","soundonly_sentence","ನಯನಳ ಸರ","ಅವರ ಊಟ","ಉರಗದ ಓಟ","ನಯನಳ ಸರ","","","ನಯನಳ ಸರ.mp3"]]}]],0,0,[],[],[]],[[[0,"ಳ",".mp3",0.504],-1],0,0,[],[],[]],[[[0,"ನಯನಳ ಸರ",".mp3",1.056],-1],0,0,[],[],[]],[[{"name":"girlnecklace","rect":[0,0,512,340],"offset":[0,0],"originalSize":[512,340],"capInsets":[0,0,0,0]}],[1],0,[0],[0],[3]],[["0,9729,9729,33071,33071,0,0,1",-1],[0],0,[],[],[]],[[[0,"ನಯನ ಸರ ಫಳಫಳ",".mp3",1.44],-1],0,0,[],[],[]],[[{"name":"necklace","rect":[0,0,512,325],"offset":[0,0],"originalSize":[512,325],"capInsets":[0,0,0,0]}],[1],0,[0],[0],[4]],[[{"name":"chain","rect":[0,0,512,341],"offset":[0,0],"originalSize":[512,341],"capInsets":[0,0,0,0]}],[1],0,[0],[0],[5]],[["0,9729,9729,33071,33071,0,0,1",-1],[0],0,[],[],[]],[[[0,"ಫಳ",".mp3",0.6],-1],0,0,[],[],[]],[[[0,"ಫಳಫಳ",".mp3",0.84],-1],0,0,[],[],[]]]]