[1,["83JKSSvshAnY+jT6e2tntV","16Pbk7FYxOurZXd++IWRsC","1c8ziD1ENO4qbWV4Kg+7um","8aPwPAEElPp7VKnH3ogKhw","1dKgDfmoZGz4MHtYYG4Ueq","77JE8JQUZE/rOjPICpgMc3"],["_textureSetter"],["cc.SpriteFrame","cc.Texture2D",["cc.AudioClip",["_name","_native","duration"],0],["cc.JsonAsset",["_name","json"],1]],[[2,0,1,2,4],[3,0,1,3]],[[[{"name":"cow","rect":[0,0,740,740],"offset":[0,0],"originalSize":[740,740],"capInsets":[0,0,0,0]}],[0],0,[0],[0],[0]],[["0,9729,9729,33071,33071,0,0,1",-1],[1],0,[],[],[]],[["0,9729,9729,33071,33071,0,0,1",-1],[1],0,[],[],[]],[["1,9729,9729,33071,33071,0,0,1",-1],[1],0,[],[],[]],[[[0,"The_tree_grows_oranges",".mp3",1.854694],-1],0,0,[],[],[]],[[[1,"sl_en2609",{"rows":[["createsentence","1","Description","The tree/grows/tall","","The_orange_treehasmanyoranges.jpg","The_tree_grows_tall.mp3"],["createsentence","1","Description","The cow/makes/milk","","cow.png","The_cow_makes_milk.mp3"],["createsentence","1","Description","The Post Office/mails/letters","","post.png","The_Post_Office_mails_letters.mp3"],["createsentence","1","Description","The truck/carries/things","","The_truckcarriesthings.jpg","The_truck_carries_things.mp3"],["createsentence","1","Description","The tree/grows/oranges","","The_treegrowsoranges.jpg","The_tree_grows_oranges.mp3"],["createsentence","1","Description","The girl/has/a purple/dress","","the_girl_has_a_purple_dress.png","the_girl_has_a_purple_dress.mp3"],["quizliteracy","1","Description","image_sentence","The tree grows tall.","The tree is short.","The tree is cut.","The tree grows tall.","The_orange_treehasmanyoranges.jpg","","The_tree_grows_tall.mp3"],["quizliteracy","1","Description","image_sentence","The cow makes milk.","The cow makes eggs.","The hen makes milk.","The cow makes milk.","cow.png","","The_cow_makes_milk.mp3"],["quizliteracy","1","Description","image_sentence","The post office mails letters.","The post office mails letters.","The post office mails food.","The hotel mails letters.","post.png","","The_Post_Office_mails_letters.mp3"],["quizliteracy","1","Description","sentence_sentence","grows","builds","buys","grows","","The tree _____ oranges.","The_tree_grows_oranges.mp3"],["quizliteracy","1","Description","sentence_sentence","carries","carries","gives","sold","","The truck _______ things.","The_truck_carries_things.mp3"]]}]],0,0,[],[],[]],[[[0,"the_girl_has_a_purple_dress",".mp3",2.063673],-1],0,0,[],[],[]],[[{"name":"the_girl_has_a_purple_dress","rect":[0,0,680,620],"offset":[0,0],"originalSize":[680,620],"capInsets":[0,0,0,0]}],[0],0,[0],[0],[1]],[[{"name":"post","rect":[0,0,626,417],"offset":[0,0],"originalSize":[626,417],"capInsets":[0,0,0,0]}],[0],0,[0],[0],[2]],[["1,9729,9729,33071,33071,0,0,1",-1],[1],0,[],[],[]],[[{"name":"The_treegrowsoranges","rect":[0,0,1073,1543],"offset":[0,0],"originalSize":[1073,1543],"capInsets":[0,0,0,0]}],[0],0,[0],[0],[3]],[["0,9729,9729,33071,33071,0,0,1",-1],[1],0,[],[],[]],[[[0,"The_tree_grows_tall",".mp3",1.567347],-1],0,0,[],[],[]],[["1,9729,9729,33071,33071,0,0,1",-1],[1],0,[],[],[]],[[{"name":"The_truckcarriesthings","rect":[0,0,1073,1157],"offset":[0,0],"originalSize":[1073,1157],"capInsets":[0,0,0,0]}],[0],0,[0],[0],[4]],[[[0,"The_Post_Office_mails_letters",".mp3",2.298776],-1],0,0,[],[],[]],[[[0,"The_truck_carries_things",".mp3",2.063673],-1],0,0,[],[],[]],[[[0,"The_cow_makes_milk",".mp3",1.671837],-1],0,0,[],[],[]],[[{"name":"The_orange_treehasmanyoranges","rect":[0,0,1073,1543],"offset":[0,0],"originalSize":[1073,1543],"capInsets":[0,0,0,0]}],[0],0,[0],[0],[5]]]]