[1,["83DcqBW8RKqaMZ24aNqzDk","676Yirih5NRIR2aLHAo9Tn","d6rVPzpwhHXpicNnQyQMP+"],["_textureSetter"],["cc.SpriteFrame","cc.Texture2D",["cc.AudioClip",["_name","_native","duration"],0],["cc.JsonAsset",["_name","json"],1]],[[2,0,1,2,4],[3,0,1,3]],[[[[0,"टरबूज",".mp3",1.07102],-1],0,0,[],[],[]],[[{"name":"watermelon","rect":[0,0,640,360],"offset":[0,0],"originalSize":[640,360],"capInsets":[0,0,0,0]}],[0],0,[0],[0],[0]],[["0,9729,9729,33071,33071,0,0,1",-1],[1],0,[],[],[]],[[{"name":"husk","rect":[0,0,500,500],"offset":[0,0],"originalSize":[500,500],"capInsets":[0,0,0,0]}],[0],0,[0],[0],[1]],[["0,9729,9729,33071,33071,0,0,1",-1],[1],0,[],[],[]],[[[0,"ट",".mp3",0.731429],-1],0,0,[],[],[]],[[[0,"टरफल",".mp3",1.17551],-1],0,0,[],[],[]],[[[0,"टपालपेटी",".mp3",1.410612],-1],0,0,[],[],[]],[[{"name":"tapalpeti","rect":[143,6,343,628],"offset":[-5.5,0],"originalSize":[640,640],"capInsets":[0,0,0,0]}],[0],0,[0],[0],[2]],[["0,9729,9729,33071,33071,0,0,1",-1],[1],0,[],[],[]],[[[1,"mr0110",{"rows":[["balloonpop","1","Description","2","ट","3","झ,ज,ट","ट.mp3"],["phonictractor","1","Description","5","ट","ट.mp3","ट","ट.mp3"],["writeletter","1","Description","ट","टरबूज"],["writecard","1","Description","ट","टरबूज","watermelon.png","टरबूज.mp3","टरफल","husk.png","टरफल.mp3","टपालपेटी","tapalpeti.png","टपालपेटी.mp3"],["quizliteracy","1","Description","soundonly_word","ट","प","ट","ऐ","","","ट.mp3"],["quizliteracy","1","Description","word_word","ट","ट","ऐ","प","","ट"],["quizliteracy","1","Description","soundonly_word","ट","प","ट","ऐ","","","ट.mp3"]]}]],0,0,[],[],[]]]]