[1,["8fe8l14TVPOriLhovmapgC","1fM9flM/FJi782NH675jAa","5fE/ZY/d1MjrpJQKPPRy7F","66ri4WqDBOI71igxNKY9Eo"],["_textureSetter"],["cc.Texture2D","cc.SpriteFrame",["cc.AudioClip",["_name","_native","duration"],0],["cc.JsonAsset",["_name","json"],1]],[[2,0,1,2,4],[3,0,1,3]],[[[[0,"glue",".mp3",0.96],-1],0,0,[],[],[]],[[[0,"slow",".mp3",0.984],-1],0,0,[],[],[]],[[[0,"gr",".mp3",0.5225],-1],0,0,[],[],[]],[[[1,"en1610",{"rows":[["grid","1","Description","gr","ab,ay,ill"],["grid","1","Description","gr","ain,in,ass"],["phonictractor","1","Description","5","grow","grow.mp3","gr","gr.mp3","ow","ow.mp3"],["rocket","1","Description","grandma","a,b,c,d,e,f,g,h,i,j,k,l,m,n,o,p,q,r,s,t,u,v,w,x,y,z","g,r,a,n,d,m","grandma.mp3","grandma.png","true","false"],["rocket","1","Description","grandma","a,b,c,d,e,f,g,h,i,j,k,l,m,n,o,p,q,r,s,t,u,v,w,x,y,z","g,r,a,n,d,m,a","grandma.mp3","grandma.png","false","true"],["rocket","1","Description","green","g,r,ee,n","g,r,ee,n","green.mp3","green.png","false","false"],["rocket","1","Description","green","gr,een","gr,een","green.mp3","green.png","false","false"],["spelldoor","1","Description","grass","*****","4","3","spelling_grass.png","grass.mp3"],["spelldoor","1","Description","green","*****","4","3","spelling_green.png","green.mp3"],["quizliteracy","1","Description","word_word","gr","pr","gr","bl","","__een","green.mp3"],["quizliteracy","1","Description","image_word","grandma","grandma","grass","stick","grandma.png"],["quizliteracy","1","Description","soundonly_word","grow","green","grow","grandma","","","grow.mp3"],["quizliteracy","1","Description","soundonly_word","gr","hr","gr","er","","","grass.mp3"]]}]],0,0,[],[],[]],[["0,9729,9729,33071,33071,0,0,1",-1],[0],0,[],[],[]],[[[0,"grin",".mp3",0.96],-1],0,0,[],[],[]],[[{"name":"spelling_green","rect":[0,0,370,273],"offset":[0,0],"originalSize":[370,273],"capInsets":[0,0,0,0]}],[1],0,[0],[0],[0]],[[[0,"grass",".mp3",1.104],-1],0,0,[],[],[]],[["0,9729,9729,33071,33071,0,0,1",-1],[0],0,[],[],[]],[["0,9729,9729,33071,33071,0,0,1",-1],[0],0,[],[],[]],[[[0,"grill",".mp3",0.864],-1],0,0,[],[],[]],[[[0,"grandma",".mp3",1.272],-1],0,0,[],[],[]],[["0,9729,9729,33071,33071,0,0,1",-1],[0],0,[],[],[]],[[[0,"blue",".mp3",1.008],-1],0,0,[],[],[]],[[[0,"grain",".mp3",1.008],-1],0,0,[],[],[]],[[{"name":"spelling_grass","rect":[0,0,370,273],"offset":[0,0],"originalSize":[370,273],"capInsets":[0,0,0,0]}],[1],0,[0],[0],[1]],[[[0,"grow",".mp3",0.864],-1],0,0,[],[],[]],[[{"name":"grandma","rect":[0,0,322,382],"offset":[0,0],"originalSize":[322,382],"capInsets":[0,0,0,0]}],[1],0,[0],[0],[2]],[[[0,"ue",".mp3",1.176],-1],0,0,[],[],[]],[[[0,"grab",".mp3",0.936],-1],0,0,[],[],[]],[[{"name":"green","rect":[0,0,322,382],"offset":[0,0],"originalSize":[322,382],"capInsets":[0,0,0,0]}],[1],0,[0],[0],[3]],[[[0,"green",".mp3",1.104],-1],0,0,[],[],[]],[[[0,"ow",".mp3",0.7575],-1],0,0,[],[],[]],[[[0,"gray",".mp3",0.912],-1],0,0,[],[],[]]]]