[1,["968oYAj2tPsZ+tg7gY9J/5","3eDh7hvS9DTqse08soVs6q","23NqT4F9JDOptbPmuxWpAE","e1RV8h4NNBK41oAR8/0Rjz","feED/aa5VLP5C487Yee6n7","a033APOwZMD4gyWlBFELtb","7co4eoIU9GFZQg48c6kO8K"],["_textureSetter"],["cc.Texture2D","cc.SpriteFrame",["cc.AudioClip",["_name","_native","duration"],0],["cc.JsonAsset",["_name","json"],1]],[[2,0,1,2,4],[3,0,1,3]],[[[[0,"ರೆ",".mp3",0.528],-1],0,0,[],[],[]],[[[0,"ದೋರೆ",".mp3",0.696],-1],0,0,[],[],[]],[[[0,"ಟೋಪಿ",".mp3",0.696],-1],0,0,[],[],[]],[["0,9729,9729,33071,33071,0,0,1",-1],[0],0,[],[],[]],[[{"name":"cap","rect":[0,0,500,333],"offset":[0,0],"originalSize":[500,333],"capInsets":[0,0,0,0]}],[1],0,[0],[0],[0]],[["0,9729,9729,33071,33071,0,0,1",-1],[0],0,[],[],[]],[[[0,"ಚೋಟು",".mp3",0.768],-1],0,0,[],[],[]],[[{"name":"wall","rect":[0,0,500,333],"offset":[0,0],"originalSize":[500,333],"capInsets":[0,0,0,0]}],[1],0,[0],[0],[1]],[[[0,"ದೋ",".mp3",0.576],-1],0,0,[],[],[]],[[{"name":"canineteeth","rect":[0,0,800,533],"offset":[0,0],"originalSize":[800,533],"capInsets":[0,0,0,0]}],[1],0,[0],[0],[2]],[["0,9729,9729,33071,33071,0,0,1",-1],[0],0,[],[],[]],[["0,9729,9729,33071,33071,0,0,1",-1],[0],0,[],[],[]],[["0,9729,9729,33071,33071,0,0,1",-1],[0],0,[],[],[]],[[{"name":"plantation","rect":[0,0,500,375],"offset":[0,0],"originalSize":[500,375],"capInsets":[0,0,0,0]}],[1],0,[0],[0],[3]],[[[0,"ಗೋಡೆ",".mp3",0.72],-1],0,0,[],[],[]],[[[0,"ಕೋರೆ",".mp3",0.672],-1],0,0,[],[],[]],[[{"name":"house","rect":[0,0,800,590],"offset":[0,0],"originalSize":[800,590],"capInsets":[0,0,0,0]}],[1],0,[0],[0],[4]],[[{"name":"dwarf","rect":[0,0,800,532],"offset":[0,0],"originalSize":[800,532],"capInsets":[0,0,0,0]}],[1],0,[0],[0],[5]],[[{"name":"tent","rect":[0,0,600,800],"offset":[0,0],"originalSize":[600,800],"capInsets":[0,0,0,0]}],[1],0,[0],[0],[6]],[["0,9729,9729,33071,33071,0,0,1",-1],[0],0,[],[],[]],[[[0,"ತೋಟ",".mp3",0.672],-1],0,0,[],[],[]],[["0,9729,9729,33071,33071,0,0,1",-1],[0],0,[],[],[]],[[[1,"kn2206",{"rows":[["spelldoor","1","Description","ಕೋರೆ","**","0","0","canineteeth.png","ಕೋರೆ.mp3"],["spelldoor","1","Description","ಗೋಡೆ","**","0","0","wall.png","ಗೋಡೆ.mp3"],["spelldoor","1","Description","ಚೋಟು","**","0","0","dwarf.png","ಚೋಟು.mp3"],["rocket","1","Description","ಟೋಪಿ","ಟೋ,ಪಿ","ಟೋ,ಪಿ","ಟೋಪಿ.mp3","cap.png","False","False"],["openwindow","1","Description","LEGIT","ತೋ,ಟ","plantation.png","house.png","ತೋಟ.mp3","ತೋ,ಟ"],["phonictractor","1","Description","4","ದೋರೆ","ದೋರೆ.mp3","ದೋ","ದೋ.mp3","ರೆ","ರೆ.mp3"],["quizliteracy","1","Description","word_word","ಚೋ","ದೋ","ಚೋ","ಪೋ","","__ಟು","ಚೋಟು.mp3"],["quizliteracy","1","Description","image_word","ಟೋಪಿ","ಟೋಪಿ","ಗೋಡೆ","ಚೋಟು","cap.png"],["quizliteracy","1","Description","soundonly_word","ಗೋಡೆ","ಗೋಡೆ","ತೋಟ","ದೋರೆ","","","ಗೋಡೆ.mp3"]]}]],0,0,[],[],[]]]]