[1,["b38tJrKdpCJbnQgap+2kn+","276hhnQlRGEbKb+1sotyxc","b0bxANRLJCfomcxTF48dco","97FWo41eZK8LYOKhnWJ0G+","74nsSEjgxKv5wSFGjoFT1R","b4JGvj3W9Ja54A/wjwDUne","cc17r3wrlHXr9Hxj9XIQKm","2abbyEKeJGrIltZSX/iHml","acR78m+H1L84C4H1rtsydt","35jTnnh2RCSY9OBf0QNYd2","12tttwGfpPWYUyY1AGNXID","0f/JDWQFpHFbB/E8x6wbAK","bfXP1hHshDOaDNnFE2k3Cu","d6aMGbPSdEBZCEwug06szu","1c8NYB1pRBuL+DlGdvUqkK","6dvSZrZfZLVK0r0Aq4vMM1","e4yLWpK8tGV7Ms2aJh5eFP","66ZgbsWNlMla71pMs9Mbhs"],["_textureSetter"],["cc.SpriteFrame","cc.Texture2D",["cc.AudioClip",["_name","_native","duration"],0],["cc.JsonAsset",["_name","json"],1]],[[2,0,1,2,4],[3,0,1,3]],[[[[0,"flies",".mp3",1.08],-1],0,0,[],[],[]],[[[0,"houses",".mp3",1.152],-1],0,0,[],[],[]],[[{"name":"bed","rect":[0,0,512,384],"offset":[0,0],"originalSize":[512,384],"capInsets":[0,0,0,0]}],[0],0,[0],[0],[0]],[["0,9729,9729,33071,33071,0,0,1",-1],[1],0,[],[],[]],[["0,9729,9729,33071,33071,0,0,1",-1],[1],0,[],[],[]],[[[0,"foxes",".mp3",1.272],-1],0,0,[],[],[]],[["0,9729,9729,33071,33071,0,0,1",-1],[1],0,[],[],[]],[["0,9729,9729,33071,33071,0,0,1",-1],[1],0,[],[],[]],[["0,9729,9729,33071,33071,0,0,1",-1],[1],0,[],[],[]],[[[0,"ring",".mp3",0.816],-1],0,0,[],[],[]],[[{"name":"houses","rect":[0,0,512,388],"offset":[0,0],"originalSize":[512,388],"capInsets":[0,0,0,0]}],[0],0,[0],[0],[1]],[[[0,"mice",".mp3",0.936],-1],0,0,[],[],[]],[[{"name":"rings","rect":[0,0,512,509],"offset":[0,0],"originalSize":[512,509],"capInsets":[0,0,0,0]}],[0],0,[0],[0],[2]],[[{"name":"mice","rect":[0,0,512,475],"offset":[0,0],"originalSize":[512,475],"capInsets":[0,0,0,0]}],[0],0,[0],[0],[3]],[["0,9729,9729,33071,33071,0,0,1",-1],[1],0,[],[],[]],[[{"name":"calf","rect":[0,0,512,497],"offset":[0,0],"originalSize":[512,497],"capInsets":[0,0,0,0]}],[0],0,[0],[0],[4]],[[{"name":"mouse","rect":[0,0,444,512],"offset":[0,0],"originalSize":[444,512],"capInsets":[0,0,0,0]}],[0],0,[0],[0],[5]],[[{"name":"flies","rect":[0,0,512,471],"offset":[0,0],"originalSize":[512,471],"capInsets":[0,0,0,0]}],[0],0,[0],[0],[6]],[[{"name":"knives","rect":[0,0,512,475],"offset":[0,0],"originalSize":[512,475],"capInsets":[0,0,0,0]}],[0],0,[0],[0],[7]],[[{"name":"ring","rect":[0,0,512,471],"offset":[0,0],"originalSize":[512,471],"capInsets":[0,0,0,0]}],[0],0,[0],[0],[8]],[["0,9729,9729,33071,33071,0,0,1",-1],[1],0,[],[],[]],[["0,9729,9729,33071,33071,0,0,1",-1],[1],0,[],[],[]],[["0,9729,9729,33071,33071,0,0,1",-1],[1],0,[],[],[]],[[{"name":"calves","rect":[0,0,512,338],"offset":[0,0],"originalSize":[512,338],"capInsets":[0,0,0,0]}],[0],0,[0],[0],[9]],[[[0,"bed",".mp3",0.84],-1],0,0,[],[],[]],[[{"name":"fox","rect":[0,0,512,512],"offset":[0,0],"originalSize":[512,512],"capInsets":[0,0,0,0]}],[0],0,[0],[0],[10]],[["0,9729,9729,33071,33071,0,0,1",-1],[1],0,[],[],[]],[[[1,"en3801",{"rows":[["openwindow","1","Description","LEGIT","calves","calves.png","calf.png","calves.mp3","abcdefghijklmnopqrstuvwxyz"],["openwindow","1","Description","LEGIT","flies","flies.png","fly.png","flies.mp3","abcdefghijklmnopqrstuvwxyz"],["openwindow","1","Description","LEGIT","ring","ring.png","rings.png","ring.mp3","abcdefghijklmnopqrstuvwxyz"],["openwindow","1","Description","LEGIT","houses","houses.png","house.png","houses.mp3","abcdefghijklmnopqrstuvwxyz"],["openwindow","1","Description","LEGIT","bed","bed.png","beds.png","bed.mp3","abcdefghijklmnopqrstuvwxyz"],["openwindow","1","Description","LEGIT","pens","pens.png","pen.png","pens.mp3","abcdefghijklmnopqrstuvwxyz"],["openwindow","1","Description","LEGIT","mice","mice.png","mouse.png","mice.mp3","abcdefghijklmnopqrstuvwxyz"],["openwindow","1","Description","LEGIT","knives","knives.png","knife.png","knives.mp3","abcdefghijklmnopqrstuvwxyz"],["openwindow","1","Description","LEGIT","foxes","foxes.png","fox.png","foxes.mp3","abcdefghijklmnopqrstuvwxyz"],["quizliteracy","1","Description","word_word","ves","s","es","ves","","cal___","calves.mp3"],["quizliteracy","1","Description","word_word","ies","ies","es","s","","fl___","flies.mp3"],["quizliteracy","1","Description","word_word","s","es","s","ies","","house_","houses.mp3"]]}]],0,0,[],[],[]],[["0,9729,9729,33071,33071,0,0,1",-1],[1],0,[],[],[]],[["0,9729,9729,33071,33071,0,0,1",-1],[1],0,[],[],[]],[[{"name":"pen","rect":[0,0,512,428],"offset":[0,0],"originalSize":[512,428],"capInsets":[0,0,0,0]}],[0],0,[0],[0],[11]],[["0,9729,9729,33071,33071,0,0,1",-1],[1],0,[],[],[]],[["0,9729,9729,33071,33071,0,0,1",-1],[1],0,[],[],[]],[[{"name":"beds","rect":[0,0,512,298],"offset":[0,0],"originalSize":[512,298],"capInsets":[0,0,0,0]}],[0],0,[0],[0],[12]],[[{"name":"house","rect":[0,0,512,365],"offset":[0,0],"originalSize":[512,365],"capInsets":[0,0,0,0]}],[0],0,[0],[0],[13]],[[[0,"pens",".mp3",0.936],-1],0,0,[],[],[]],[["0,9729,9729,33071,33071,0,0,1",-1],[1],0,[],[],[]],[[{"name":"knife","rect":[0,0,447,512],"offset":[0,0],"originalSize":[447,512],"capInsets":[0,0,0,0]}],[0],0,[0],[0],[14]],[[{"name":"foxes","rect":[0,0,512,431],"offset":[0,0],"originalSize":[512,431],"capInsets":[0,0,0,0]}],[0],0,[0],[0],[15]],[["0,9729,9729,33071,33071,0,0,1",-1],[1],0,[],[],[]],[[{"name":"pens","rect":[0,0,512,384],"offset":[0,0],"originalSize":[512,384],"capInsets":[0,0,0,0]}],[0],0,[0],[0],[16]],[["0,9729,9729,33071,33071,0,0,1",-1],[1],0,[],[],[]],[[[0,"knives",".mp3",1.08],-1],0,0,[],[],[]],[["0,9729,9729,33071,33071,0,0,1",-1],[1],0,[],[],[]],[[{"name":"fly","rect":[0,0,497,512],"offset":[0,0],"originalSize":[497,512],"capInsets":[0,0,0,0]}],[0],0,[0],[0],[17]],[[[0,"calves",".mp3",1.104],-1],0,0,[],[],[]]]]