[1,["2dRWk30FRJeYOy/pAznmkU","99Z1C3Z7dDK7Jj4F2x6nHO","c96Rks4e1OBLG2C9L0iAl3"],["_textureSetter"],["cc.Texture2D","cc.SpriteFrame",["cc.AudioClip",["_name","_native","duration"],0],["cc.JsonAsset",["_name","json"],1]],[[2,0,1,2,4],[3,0,1,3]],[[[[0,"विज्ञान",".mp3",1.28],-1],0,0,[],[],[]],[["0,9729,9729,33071,33071,0,0,1",-1],[0],0,[],[],[]],[[[0,"ज्ञ",".mp3",0.809796],-1],0,0,[],[],[]],[[{"name":"jnaneshwar","rect":[0,0,476,600],"offset":[0,0],"originalSize":[476,600],"capInsets":[0,0,0,0]}],[1],0,[0],[0],[0]],[[[0,"ज्ञानेश्वर",".mp3",1.306122],-1],0,0,[],[],[]],[[{"name":"digital","rect":[0,0,640,362],"offset":[0,0],"originalSize":[640,362],"capInsets":[0,0,0,0]}],[1],0,[0],[0],[1]],[[[0,"तंत्रज्ञान",".mp3",1.358367],-1],0,0,[],[],[]],[["0,9729,9729,33071,33071,0,0,1",-1],[0],0,[],[],[]],[["0,9729,9729,33071,33071,0,0,1",-1],[0],0,[],[],[]],[[[1,"mr0136",{"rows":[["balloonpop","1","Description","2","ज्ञ","3","क्ष,ज्ञ,त्र","ज्ञ.mp3"],["phonictractor","1","Description","5","ज्ञ","ज्ञ.mp3","ज्ञ","ज्ञ.mp3"],["writeletter","1","Description","ज्ञ","ज्ञानेश्वर"],["writecard","1","Description","ज्ञ","ज्ञानेश्वर","jnaneshwar.png","ज्ञानेश्वर.mp3","तंत्रज्ञान","digital.png","तंत्रज्ञान.mp3","विज्ञान","science.png","विज्ञान.mp3"],["quizliteracy","1","Description","soundonly_word","ज्ञ","त्र","ज्ञ","ह","","","ज्ञ.mp3"],["quizliteracy","1","Description","word_word","ज्ञ","ज्ञ","स","त्र","","ज्ञ"],["quizliteracy","1","Description","soundonly_word","ज्ञ","त्र","ज्ञ","ह","","","ज्ञ.mp3"]]}]],0,0,[],[],[]],[[{"name":"science","rect":[0,0,640,640],"offset":[0,0],"originalSize":[640,640],"capInsets":[0,0,0,0]}],[1],0,[0],[0],[2]]]]