[1,["06CBxXyU1NDaX4jfuguNat","32K8KKvxRHTKdxJbOvWm5P","eey/a8I3JGVJFDlc1jfHGV","b33gn4D95Bd6OEci1Aw3p2","a0fh5zwj1IiY8/5J9Y/RnL"],["_textureSetter"],["cc.Texture2D","cc.SpriteFrame",["cc.AudioClip",["_name","_native","duration"],0],["cc.JsonAsset",["_name","json"],1]],[[2,0,1,2,4],[3,0,1,3]],[[["0,9729,9729,33071,33071,0,0,1",-1],[0],0,[],[],[]],[["0,9729,9729,33071,33071,0,0,1",-1],[0],0,[],[],[]],[[{"name":"boy","rect":[0,0,512,340],"offset":[0,0],"originalSize":[512,340],"capInsets":[0,0,0,0]}],[1],0,[0],[0],[0]],[[{"name":"king","rect":[0,0,384,512],"offset":[0,0],"originalSize":[384,512],"capInsets":[0,0,0,0]}],[1],0,[0],[0],[1]],[[{"name":"monkey","rect":[0,0,512,341],"offset":[0,0],"originalSize":[512,341],"capInsets":[0,0,0,0]}],[1],0,[0],[0],[2]],[[[0,"ರಾಜ",".mp3",0.72],-1],0,0,[],[],[]],[[{"name":"garland","rect":[0,0,512,384],"offset":[0,0],"originalSize":[512,384],"capInsets":[0,0,0,0]}],[1],0,[0],[0],[3]],[[[0,"ವಾನರ",".mp3",0.744],-1],0,0,[],[],[]],[["0,9729,9729,33071,33071,0,0,1",-1],[0],0,[],[],[]],[["0,9729,9729,33071,33071,0,0,1",-1],[0],0,[],[],[]],[[[0,"ವಾಹನ",".mp3",0.744],-1],0,0,[],[],[]],[[[0,"ಹಾರ",".mp3",0.648],-1],0,0,[],[],[]],[[[1,"kn3806",{"rows":[["spelldoor","1","Description","ರಾಜ","*ಜ","0","0","king.png","ರಾಜ.mp3"],["spelldoor","1","Description","ವಾನರ","*ನರ","0","0","monkey.png","ವಾನರ.mp3"],["spelldoor","1","Description","ಬಾಲಕ","*ಲಕ","0","0","boy.png","ಬಾಲಕ.mp3"],["spelldoor","1","Description","ವಾಹನ","*ಹನ","0","0","lorry.png","ವಾಹನ.mp3"],["spelldoor","1","Description","ಹಾರ","*ರ","0","0","garland.png","ಹಾರ.mp3"],["quizliteracy","1","Description","word_word","ನರ","ನರ","ದಿಸು","ಹನ","","ವಾ____","ವಾನರ.mp3"],["quizliteracy","1","Description","image_word","ಬಾಲಕ","ವಾಹನ","ಬಾಲಕ","ಹಾರ","boy.png"],["quizliteracy","1","Description","soundonly_word","ರಾಜ","ಬಾಲಕ","ರಾಜ","ಹಾರ","","","ರಾಜ.mp3"]]}]],0,0,[],[],[]],[[{"name":"lorry","rect":[0,0,341,512],"offset":[0,0],"originalSize":[341,512],"capInsets":[0,0,0,0]}],[1],0,[0],[0],[4]],[[[0,"ಬಾಲಕ",".mp3",0.84],-1],0,0,[],[],[]],[["0,9729,9729,33071,33071,0,0,1",-1],[0],0,[],[],[]]]]