[1,["d5GQZmhrhNNaaFnqc2dQ5r","ddTnbwe1VIh4pbDS2qYEgv","96jXIHvZ9Nv71vlfe3ICK5"],["_textureSetter"],["cc.SpriteFrame","cc.Texture2D",["cc.JsonAsset",["_name","json"],1],["cc.AudioClip",["_name","_native","duration"],0]],[[3,0,1,2,4],[2,0,1,3]],[[[{"name":"कौआ","rect":[0,0,514,520],"offset":[0,0],"originalSize":[514,520],"capInsets":[0,0,0,0]}],[0],0,[0],[0],[0]],[[{"name":"मोर","rect":[0,0,161,148],"offset":[0,0],"originalSize":[161,148],"capInsets":[0,0,0,0]}],[0],0,[0],[0],[1]],[["0,9729,9729,33071,33071,0,0,1",-1],[1],0,[],[],[]],[[[1,"hi0913",{"rows":[["openwindow","1","Description","LEGIT","कौ,आ","कौआ.png","मोर.png","कौआ.mp3","कौ,आ"],["openwindow","1","Description","LEGIT","कौ,ड़ी","कौड़ी.png","पत्तर.png","कौड़ी.mp3","कौ,ड़ी"],["phonictractor","1","Description","5","कौम","कौम.mp3","को","को.mp3","म","म.mp3","ल","ल.mp3"],["phonictractor","1","Description","5","कौशल","कौशल.mp3","कौ","कौ.mp3","श","श.mp3","ल","ल.mp3"],["phonictractor","1","Description","5","कौशिक","कौशिक.mp3","कौ","कौ.mp3","शि","शि.mp3","क","क.mp3"],["phonictractor","1","Description","5","कौतुक","कौतुक.mp3","कौ","कौ.mp3","तु","तु.mp3","क","क.mp3"],["grid","1","Description","कौ","न, आ"],["bubbletype","1","Description","10","6","के कै को कौ कं कः","","","","","","के कै को कौ कं कः"],["quizliteracy","1","Description","word_word","कौ","कौ","कू","कृ","","कौ"],["quizliteracy","1","Description","word_word","कौन","कान","कौआ","कौन","","कौन"],["quizliteracy","1","Description","word_word","कौआ","कौआ","कौन","कान","","कौआ"]]}]],0,0,[],[],[]],[["0,9729,9729,33071,33071,0,0,1",-1],[1],0,[],[],[]],[["0,9729,9729,33071,33071,0,0,1",-1],[1],0,[],[],[]],[[[0,"कौआ",".mp3",0.936],-1],0,0,[],[],[]],[[[0,"कौन",".mp3",0.84],-1],0,0,[],[],[]],[[{"name":"कोयल","rect":[0,0,148,148],"offset":[0,0],"originalSize":[148,148],"capInsets":[0,0,0,0]}],[0],0,[0],[0],[2]]]]