[1,["48st0G1aVPUZQQhBo8za1a","d6h6u46SlLLpNPPXtqE8gH","c805NE/jhO74qJHtZe3ODD","15l6rKrKROf5g3hphgTcLc","68bTnSfNZME4omZ2+21tKv","6cavkS8FhDXpCv7MhZ6CP1","2fo4bdDK9NuZzGTbuwWhQG","cdlzWPt/FHOpOKCG7+ck4g","e6RiJ/jlZGgqJZYvOzoYFJ","519n1yQkRN8odVL/B1uXW2","c9VdSkVE1JuYl8f3Kys8ZY","7cQkNvzMJLM4XgFWTAeZN4"],["_textureSetter"],["cc.SpriteFrame","cc.Texture2D",["cc.AudioClip",["_name","_native","duration"],0],["cc.JsonAsset",["_name","json"],1]],[[2,0,1,2,4],[3,0,1,3]],[[[{"name":"l17_theyrunschool","rect":[0,0,868,689],"offset":[0,0],"originalSize":[868,689],"capInsets":[0,0,0,0]}],[0],0,[0],[0],[0]],[[[0,"वे_बारिश_में_स्कूल_भाग_रहे_हैं।",".mp3",2.76898],-1],0,0,[],[],[]],[[[0,"मैरी_हर_दिन_एक_सेब_खाती_हैं",".mp3",2.832],-1],0,0,[],[],[]],[[[0,"वे_बारिश_में_कूद_रहे_हैं।",".mp3",2.142041],-1],0,0,[],[],[]],[[[0,"लडकी_साइकिल_चलाना_चाहती_है।",".mp3",3.72],-1],0,0,[],[],[]],[["0,9729,9729,33071,33071,0,0,1",-1],[1],0,[],[],[]],[[{"name":"Maryeatsan_appleevery_day","rect":[0,0,1073,1157],"offset":[0,0],"originalSize":[1073,1157],"capInsets":[0,0,0,0]}],[0],0,[0],[0],[1]],[[[0,"जेरी_स्कूल_में_एक_किताब_पढ़ता_है",".mp3",3.134694],-1],0,0,[],[],[]],[[[0,"लडकी_हवाई_जहाज_में_उडना_चाहती_है।",".mp3",4.884898],-1],0,0,[],[],[]],[["0,9729,9729,33071,33071,0,0,1",-1],[1],0,[],[],[]],[[[1,"hi1900",{"rows":[["createsentence","1","Description","मैरी/हर दिन/एक सेब/खाती हैं।","वे","Maryeatsan_appleevery_day.jpg","मैरी_हर_दिन_एक_सेब_खाती_हैं.mp3"],["createsentence","1","Description","जेरी/स्कूल में/एक किताब/पढ़ता है।","यह","Jerryreadsa_bookat_school_(2).jpg","जेरी_स्कूल_में_एक_किताब_पढ़ता_है.mp3"],["createsentence","1","Description","रवि/एक खेल/अकेले/खेलता है।","खेलते  हैं","Raviplaysa_gamealone.jpg","रवि_एक_खेल_अकेले_खेलता_है.mp3"],["fillblank","1","Description","पहले आप एक बलवान लड़के [थे]।","पहले_आप_एक_बलवान_लडके_थे.mp3","थी ","है","था","15"],["fillblank","1","Description","वह पिछले साल एक शिक्षिका [थी]।","वह_पिछले_साल_एक_शिक्षिका_थी.mp3","है","थे","था","15"],["fillblank","1","Description","पिछले हफ़्ते केला हरा [था]।","पिछले_हफ़्ते_केला_हरा_था.mp3","है","थे","ता","15"],["picturemeaning","1","Description","P","लड़की सोना चाहती है।","l16_girlwantsbed.png","लडकी_सोना_चाहती_है।.mp3","लड़की हवाई जहाज़ में उड़ना चाहती है।","l16_girlwantsairplane.png","लडकी_हवाई_जहाज_में_उडना_चाहती_है।.mp3","लड़की साइकिल चलाना चाहती है।","l16_girlwantbicycle.png","लडकी_साइकिल_चलाना_चाहती_है।.mp3"],["picturemeaning","1","Description","S","वह लड़कों को रोटी दे रही है।","l17_shegivingbread.png","वह_लडकों_को_रोटी_दे_रही_है।.mp3","वह लड़कों को दूध पिला रही है।","l17_shegivingmilk.png","वह_लडकों_को_दूध_पिला_रही_है।.mp3","वह गायों को पानी दे रही है।","l17_shegivingwater.png","वह_गायों_को_पानी_दे_रही_है।.mp3"],["picturemeaning","1","Description","S","वे बारिश में स्कूल भाग रहे हैं।","l17_theyrunschool.png","वे_बारिश_में_स्कूल_भाग_रहे_हैं।.mp3","वे बारिश में फुटबॉल खेल रहे हैं।","l17_theyplayfootball.png","वे_बारिश_में_फुटबॉल_खेल_रहे_हैं।.mp3","वे बारिश में कूद रहे हैं।","l17_theyjumpingrain.png","वे_बारिश_में_कूद_रहे_हैं।.mp3"],["quizliteracy","1","Description","image_sentence","लड़की सोना चाहती है।","मैरी हर दिन एक सेब खाती हैं।","लड़की सोना चाहती है।","वे बारिश में स्कूल भाग रहे हैं।","l16_girlwantsbed.png","","लडकी_सोना_चाहती_है।.mp3"],["quizliteracy","1","Description","sentence_sentence","मैरी हर दिन एक सेब खाती हैं।","लड़की सोना चाहती हैं।","वे बारिश में स्कूल भाग रहे हैं।","मैरी हर दिन एक सेब खाती हैं।","","सही उत्तर चुने।","मैरी_हर_दिन_एक_सेब_खाती_हैं.mp3"],["quizliteracy","1","Description","soundonly_image","l17_theyrunschool.png","l17_theyrunschool.png","l16_girlwantsairplane.png","l17_shegivingmilk.png","","","वे_बारिश_में_स्कूल_भाग_रहे_हैं।.mp3"]]}]],0,0,[],[],[]],[[[0,"पिछले_हफ्ते_केला_हरा_था",".mp3",2.142041],-1],0,0,[],[],[]],[["0,9729,9729,33071,33071,0,0,1",-1],[1],0,[],[],[]],[["0,9729,9729,33071,33071,0,0,1",-1],[1],0,[],[],[]],[[{"name":"Jerryreadsa_bookat_school_(2)","rect":[0,0,1073,1156],"offset":[0,0],"originalSize":[1073,1156],"capInsets":[0,0,0,0]}],[0],0,[0],[0],[2]],[[[0,"रवि_एक_खेल_अकेले_खेलता_है",".mp3",2.688],-1],0,0,[],[],[]],[[[0,"वह_गायों_को_पानी_दे_रही_है।",".mp3",2.795102],-1],0,0,[],[],[]],[["0,9729,9729,33071,33071,0,0,1",-1],[1],0,[],[],[]],[["0,9729,9729,33071,33071,0,0,1",-1],[1],0,[],[],[]],[[[0,"रवि_एक_गेम_अकेले_खेलता_है",".mp3",2.795102],-1],0,0,[],[],[]],[[{"name":"l16_girlwantsbed","rect":[0,0,868,689],"offset":[0,48.5],"originalSize":[868,786],"capInsets":[0,0,0,0]}],[0],0,[0],[0],[3]],[[{"name":"l17_shegivingmilk","rect":[0,0,868,689],"offset":[0,0],"originalSize":[868,689],"capInsets":[0,0,0,0]}],[0],0,[0],[0],[4]],[[[0,"वे_बारिश_में_फुटबॉल_खेल_रहे_हैं।",".mp3",2.821224],-1],0,0,[],[],[]],[["0,9729,9729,33071,33071,0,0,1",-1],[1],0,[],[],[]],[[{"name":"l16_girlwantbicycle","rect":[0,0,868,689],"offset":[0,0],"originalSize":[868,689],"capInsets":[0,0,0,0]}],[0],0,[0],[0],[5]],[[{"name":"l16_girlwantsairplane","rect":[0,0,868,689],"offset":[0,0],"originalSize":[868,689],"capInsets":[0,0,0,0]}],[0],0,[0],[0],[6]],[[[0,"वह_पिछले_साल_एक_शिक्षिका_थी",".mp3",2.481633],-1],0,0,[],[],[]],[[[0,"पिछले_हफ़्ते_केला_हरा_था",".mp3",2.544],-1],0,0,[],[],[]],[[{"name":"l17_shegivingbread","rect":[0,0,868,689],"offset":[0,0],"originalSize":[868,689],"capInsets":[0,0,0,0]}],[0],0,[0],[0],[7]],[[{"name":"Raviplaysa_gamealone","rect":[0,0,1073,1157],"offset":[0,0],"originalSize":[1073,1157],"capInsets":[0,0,0,0]}],[0],0,[0],[0],[8]],[[[0,"वह_लडकों_को_रोटी_दे_रही_है।",".mp3",2.612245],-1],0,0,[],[],[]],[[{"name":"l17_theyplayfootball","rect":[0,0,868,689],"offset":[0,0],"originalSize":[868,689],"capInsets":[0,0,0,0]}],[0],0,[0],[0],[9]],[["1,9729,9729,33071,33071,0,0,1",-1],[1],0,[],[],[]],[["0,9729,9729,33071,33071,0,0,1",-1],[1],0,[],[],[]],[[{"name":"l17_theyjumpingrain","rect":[0,0,868,689],"offset":[0,0],"originalSize":[868,689],"capInsets":[0,0,0,0]}],[0],0,[0],[0],[10]],[["0,9729,9729,33071,33071,0,0,1",-1],[1],0,[],[],[]],[["1,9729,9729,33071,33071,0,0,1",-1],[1],0,[],[],[]],[[[0,"पहले_आप_एक_बलवान_लडके_थे",".mp3",4.032],-1],0,0,[],[],[]],[[[0,"लडकी_सोना_चाहती_है।",".mp3",1.750204],-1],0,0,[],[],[]],[["1,9729,9729,33071,33071,0,0,1",-1],[1],0,[],[],[]],[[{"name":"l17_shegivingwater","rect":[0,0,868,689],"offset":[0,0],"originalSize":[868,689],"capInsets":[0,0,0,0]}],[0],0,[0],[0],[11]],[[[0,"वह_लडकों_को_दूध_पिला_रही_है।",".mp3",2.481633],-1],0,0,[],[],[]]]]