[1,["85d3WPt1NIS7ghjX3Lc/aS","67LcBj/UNMvqx7CCM4HYv7","ed7vEH1mFKOYg91xRyYdWD","06yVKtxd5EULCllRnS7hVz","63ceGTfRhBM6hwA1BEwNBv","efUDMlMdBI3ZRKYEqHmskZ","18zoocmbVF45MT99V2GCmB"],["_textureSetter"],["cc.Texture2D","cc.SpriteFrame",["cc.AudioClip",["_name","_native","duration"],0],["cc.JsonAsset",["_name","json"],1]],[[2,0,1,2,4],[3,0,1,3]],[[["0,9729,9729,33071,33071,0,0,1",-1],[0],0,[],[],[]],[[{"name":"image_20_1","rect":[0,0,845,695],"offset":[0,0],"originalSize":[845,695],"capInsets":[0,0,0,0]}],[1],0,[0],[0],[0]],[[[0,"ठंडा",".mp3",0.757551],-1],0,0,[],[],[]],[[[0,"गीला",".mp3",0.757551],-1],0,0,[],[],[]],[["0,9729,9729,33071,33071,0,0,1",-1],[0],0,[],[],[]],[[[0,"आश्चर्य_चकित",".mp3",1.332245],-1],0,0,[],[],[]],[[{"name":"image_26_3","rect":[0,0,845,695],"offset":[0,0],"originalSize":[845,695],"capInsets":[0,0,0,0]}],[1],0,[0],[0],[1]],[[[0,"भूरा",".mp3",0.888163],-1],0,0,[],[],[]],[[{"name":"पीला","rect":[0,14,370,242],"offset":[0,1.5],"originalSize":[370,273],"capInsets":[0,0,0,0]}],[1],0,[0],[0],[2]],[[[0,"पीला",".mp3",0.574694],-1],0,0,[],[],[]],[[[0,"भयभीत",".mp3",0.992653],-1],0,0,[],[],[]],[[{"name":"काला","rect":[78,0,214,273],"offset":[0,0],"originalSize":[370,273],"capInsets":[0,0,0,0]}],[1],0,[0],[0],[3]],[[[0,"गरम",".mp3",0.705306],-1],0,0,[],[],[]],[[[0,"उत्साहित",".mp3",0.940408],-1],0,0,[],[],[]],[["1,9729,9729,33071,33071,0,0,1",-1],[0],0,[],[],[]],[["1,9729,9729,33071,33071,0,0,1",-1],[0],0,[],[],[]],[[[0,"बाल",".mp3",0.679184],-1],0,0,[],[],[]],[[[0,"निद्रालु",".mp3",1.018776],-1],0,0,[],[],[]],[[{"name":"image_20_2","rect":[0,0,845,695],"offset":[0,0],"originalSize":[845,695],"capInsets":[0,0,0,0]}],[1],0,[0],[0],[4]],[["1,9729,9729,33071,33071,0,0,1",-1],[0],0,[],[],[]],[[[0,"भावना",".mp3",3.317551],-1],0,0,[],[],[]],[[[0,"उदास",".mp3",0.888163],-1],0,0,[],[],[]],[[[0,"घुंघराले",".mp3",0.940408],-1],0,0,[],[],[]],[[[0,"भाव",".mp3",0.783673],-1],0,0,[],[],[]],[[[0,"विपरीत",".mp3",0.966531],-1],0,0,[],[],[]],[[[0,"काला",".mp3",0.653061],-1],0,0,[],[],[]],[[[0,"अंधेरा",".mp3",1.018776],-1],0,0,[],[],[]],[[[0,"खुश",".mp3",0.653061],-1],0,0,[],[],[]],[[[0,"बुरा",".mp3",0.914286],-1],0,0,[],[],[]],[[[0,"छोटा",".mp3",0.757551],-1],0,0,[],[],[]],[[[0,"सूखा",".mp3",0.809796],-1],0,0,[],[],[]],[[{"name":"image_25_2","rect":[0,0,845,695],"offset":[0,0],"originalSize":[845,695],"capInsets":[0,0,0,0]}],[1],0,[0],[0],[5]],[[[0,"गुस्सा",".mp3",0.888163],-1],0,0,[],[],[]],[[[0,"सीधा",".mp3",0.757551],-1],0,0,[],[],[]],[[{"name":"बुरा","rect":[0,0,638,640],"offset":[-1,0],"originalSize":[640,640],"capInsets":[0,0,0,0]}],[1],0,[0],[0],[6]],[["0,9729,9729,33071,33071,0,0,1",-1],[0],0,[],[],[]],[["1,9729,9729,33071,33071,0,0,1",-1],[0],0,[],[],[]],[[[0,"उज्ज्वल",".mp3",0.783673],-1],0,0,[],[],[]],[[[0,"लंबा",".mp3",0.757551],-1],0,0,[],[],[]],[[[1,"hi1501",{"rows":[["rocket","1","Description","बुरा","बु,रा","बु,रा","बुरा.mp3","बुरा.png","false ","false "],["spelldoor","1","Description","काला","**","4","2","काला.png","काला.mp3"],["spelldoor","1","Description","पीला","**","4","2","पीला.png","पीला.mp3"],["tag","1","Description","image_20_1.jpg","भावना","280.-1520","भावना.mp3","खुश","223.-1010","खुश.mp3","उदास","219.-520","उदास.mp3","गुस्सा","1304.-1294","गुस्सा.mp3","आश्चर्य चकित","1321.-829","आश्चर्य_चकित.mp3"],["tag","1","Description","image_20_2.jpg","भाव","280.-1520","भाव.mp3","भयभीत","219.-520","भयभीत.mp3","उदास","1321.-829","उदास.mp3","उत्साहित","223.-1010","उत्साहित.mp3","निद्रालु","1304.-1294","निद्रालु.mp3"],["tag","1","Description","image_25_2.jpg","विपरीत","280.-1520","विपरीत.mp3","ठंडा ","729.-1290","ठंडा.mp3","गरम","232.-1292","गरम.mp3","गीला ","1288.-1277","गीला.mp3","सूखा","1290.-454","सूखा.mp3","उज्ज्वल","721.-718","उज्ज्वल.mp3","अंधेरा","341.-479","अंधेरा.mp3"],["tag","1","Description","image_26_3.jpg","बाल","280.-1520","बाल.mp3","सीधा ","1337.-542","सीधा.mp3","घुंघराले","856.-537","घुंघराले.mp3","लंबा","487.-714","लंबा.mp3","छोटा","176.-1143","छोटा.mp3","काला","597.-1297","काला.mp3","भूरा","1338.-1350","भूरा.mp3"],["quizliteracy","1","Description","soundonly_word","भयभीत","ठंडा ","भयभीत","बुरा","","","भयभीत.mp3"],["quizliteracy","1","Description","soundonly_word","बुरा","भयभीत","बुरा","ठंडा ","","","बुरा.mp3"],["quizliteracy","1","Description","soundonly_word","ठंडा ","बुरा","ठंडा ","भयभीत","","","ठंडा.mp3"]]}]],0,0,[],[],[]],[[[0,"कला",".mp3",0.600816],-1],0,0,[],[],[]]]]