[1,["14pj+yy/NIi7KosolcZ5tL","06DXYya+xPbZcffqvdGA0S","fa7D7CDH9H3ZdnKT4vjOjm","5fmyhZwDhBG7sRwmaGWWD2"],["_textureSetter"],["cc.Texture2D","cc.SpriteFrame",["cc.AudioClip",["_name","_native","duration"],0],["cc.JsonAsset",["_name","json"],1]],[[2,0,1,2,4],[3,0,1,3]],[[["0,9729,9729,33071,33071,0,0,1",-1],[0],0,[],[],[]],[[[0,"नल",".mp3",0.496327],-1],0,0,[],[],[]],[[[0,"फल",".mp3",0.816],-1],0,0,[],[],[]],[["0,9729,9729,33071,33071,0,0,1",-1],[0],0,[],[],[]],[[[0,"जग",".mp3",0.679184],-1],0,0,[],[],[]],[[[0,"अर",".mp3",0.391837],-1],0,0,[],[],[]],[[[0,"अल",".mp3",0.417959],-1],0,0,[],[],[]],[[{"name":"जल","rect":[0,0,193,153],"offset":[0,0],"originalSize":[193,153],"capInsets":[0,0,0,0]}],[1],0,[0],[0],[0]],[[[1,"hi0302",{"rows":[["phonictractor","1","Description","5","छत","छत.mp3","छ","छ.mp3","त","त.mp3"],["phonictractor","1","Description","5","खत","खत.mp3","ख","ख.mp3","त","त.mp3"],["openwindow","1","Description","LEGIT","ज,ग","जग.png","मग.png","जग.mp3","न,ल,फ,छा,ता,र,थ,व,न,घ,ट्र,क,घो,ड़ा,हा,थी,आ,म,स"],["openwindow","1","Description","LEGIT","न,ल","नल.png","जल.png","नल.mp3","ज,ग,ल,फ,छा,ता,र,थ,व,न,घ,ट्र,क,घो,ड़ा,हा,थी,आ,म,स"],["speakingpet","1","Description","अल.mp3","अर.mp3","नल","नल.mp3","A","1","चल","चल.mp3","A","1","घर","घर.mp3","B","1","सर","सर.mp3","B","1"],["grid","1","Description","फ","ल,ट"],["grid","1","Description","द","ल,स"],["grid","1","Description","न","ल,र"],["quizliteracy","1","Description","soundonly_word","छत","खत","छत","नल","","","छत.mp3"],["quizliteracy","1","Description","image_word","नल","नल","खत","छत","नल.png"],["quizliteracy","1","Description","soundonly_word","खत","छत","नल","खत","","","खत.mp3"]]}]],0,0,[],[],[]],[[[0,"त",".mp3",0.444],-1],0,0,[],[],[]],[[[0,"नर",".mp3",0.768],-1],0,0,[],[],[]],[["0,9729,9729,33071,33071,0,0,1",-1],[0],0,[],[],[]],[[{"name":"नल","rect":[0,0,193,153],"offset":[0,0],"originalSize":[193,153],"capInsets":[0,0,0,0]}],[1],0,[0],[0],[1]],[[[0,"सर",".mp3",0.548571],-1],0,0,[],[],[]],[[[0,"छत",".mp3",0.626939],-1],0,0,[],[],[]],[[{"name":"जग","rect":[0,0,193,153],"offset":[0,0],"originalSize":[193,153],"capInsets":[0,0,0,0]}],[1],0,[0],[0],[2]],[[[0,"दस",".mp3",0.888],-1],0,0,[],[],[]],[[[0,"चल",".mp3",0.705306],-1],0,0,[],[],[]],[[[0,"फट",".mp3",0.816],-1],0,0,[],[],[]],[[[0,"ख",".mp3",0.5225],-1],0,0,[],[],[]],[[[0,"खत",".mp3",0.600816],-1],0,0,[],[],[]],[[[0,"दल",".mp3",0.816],-1],0,0,[],[],[]],[[[0,"घर",".mp3",0.679184],-1],0,0,[],[],[]],[[[0,"छ",".mp3",0.653],-1],0,0,[],[],[]],[["0,9729,9729,33071,33071,0,0,1",-1],[0],0,[],[],[]],[[{"name":"मग","rect":[0,0,193,153],"offset":[0,0],"originalSize":[193,153],"capInsets":[0,0,0,0]}],[1],0,[0],[0],[3]]]]