[1,["16DGY1e3xMlocQP/wQ/RlE","d5J4H/gc9EcpVn54Wocrjf","0a5psxTppPGbaz0O1pFDNR","53gZ30iUdCDI/BHsSIk//n","3cEbfm7BJOQZoo+659T5+9","a35DOTqI1LCJXuD/gBb53+","c5gE5KQw1HGruWtuwrqIky","6c/W1SUiRN4YHXQyQKCUzi","edlroGnSRPjb7o27S7tNtM","9cCC2z0XNDyJwxBqKwPfpN","75ZBrpsslCzJLRm96Iyhr9"],["_textureSetter"],["cc.SpriteFrame","cc.Texture2D",["cc.AudioClip",["_name","_native","duration"],0],["cc.JsonAsset",["_name","json"],1]],[[2,0,1,2,4],[3,0,1,3]],[[[{"name":"hand","rect":[0,0,500,500],"offset":[0,0],"originalSize":[500,500],"capInsets":[0,0,0,0]}],[0],0,[0],[0],[0]],[[{"name":"karagafestival","rect":[0,0,800,533],"offset":[0,0],"originalSize":[800,533],"capInsets":[0,0,0,0]}],[0],0,[0],[0],[1]],[["0,9729,9729,33071,33071,0,0,1",-1],[1],0,[],[],[]],[[[0,"ಲಕಲಕ",".mp3",0.864],-1],0,0,[],[],[]],[["0,9729,9729,33071,33071,0,0,1",-1],[1],0,[],[],[]],[[[0,"ಅಗಲ",".mp3",1.176],-1],0,0,[],[],[]],[["0,9729,9729,33071,33071,0,0,1",-1],[1],0,[],[],[]],[[[0,"ಕರಗ",".mp3",0.72],-1],0,0,[],[],[]],[["0,9729,9729,33071,33071,0,0,1",-1],[1],0,[],[],[]],[[{"name":"eatingmeals","rect":[0,0,800,533],"offset":[0,0],"originalSize":[800,533],"capInsets":[0,0,0,0]}],[0],0,[0],[0],[2]],[["0,9729,9729,33071,33071,0,0,1",-1],[1],0,[],[],[]],[["0,9729,9729,33071,33071,0,0,1",-1],[1],0,[],[],[]],[[[1,"kn0307",{"rows":[["writeword","1","Description","ಕರ","hand.png","ಕರ.mp3"],["writeword","1","Description","ಕದ","door.png","ಕದ.mp3"],["writeword","1","Description","ಊಟ","eatingmeals.png","ಊಟ.mp3"],["writeword","1","Description","ಕರಗ","karagafestival.png","ಕರಗ.mp3"],["writeword","1","Description","ಕದನ","fight_battle.png","ಕದನ.mp3"],["writeword","1","Description","ಅಗಲ","width.png","ಅಗಲ.mp3"],["writeword","1","Description","ಕಮಲ","lotus.png","ಕಮಲ.mp3"],["writeword","1","Description","ಈಚಲ","palm.png","ಈಚಲ.mp3"],["writeword","1","Description","ಕರಟ","coconutshell.png","ಕರಟ.mp3"],["writeword","1","Description","ಲಕಲಕ","shining.png","ಲಕಲಕ.mp3"],["writeword","1","Description","ಕಲರವ","birdschirping.png","ಕಲರವ.mp3"],["quizliteracy","1","Description","image_word","ಕದನ","ಕರಗ","ಕದನ","ಕದ","fight_battle.png"],["quizliteracy","1","Description","image_word","ಕದ","ಕದನ","ಕರಗ","ಕದ","door.png"],["quizliteracy","1","Description","image_word","ಕರಗ","ಕದನ","ಕದ","ಕರಗ","karagafestival.png"]]}]],0,0,[],[],[]],[[[0,"ಕದ",".mp3",0.624],-1],0,0,[],[],[]],[[{"name":"lotus","rect":[0,0,500,333],"offset":[0,0],"originalSize":[500,333],"capInsets":[0,0,0,0]}],[0],0,[0],[0],[3]],[[{"name":"fight_battle","rect":[0,0,800,672],"offset":[0,0],"originalSize":[800,672],"capInsets":[0,0,0,0]}],[0],0,[0],[0],[4]],[[[0,"ಕಮಲ",".mp3",0.72],-1],0,0,[],[],[]],[["0,9729,9729,33071,33071,0,0,1",-1],[1],0,[],[],[]],[[[0,"ಕಲರವ",".mp3",0.816],-1],0,0,[],[],[]],[["0,9729,9729,33071,33071,0,0,1",-1],[1],0,[],[],[]],[[{"name":"birdschirping","rect":[0,0,674,800],"offset":[0,0],"originalSize":[674,800],"capInsets":[0,0,0,0]}],[0],0,[0],[0],[5]],[[[0,"ಈಚಲ",".mp3",1.008],-1],0,0,[],[],[]],[[{"name":"coconutshell","rect":[0,0,800,643],"offset":[0,0],"originalSize":[800,643],"capInsets":[0,0,0,0]}],[0],0,[0],[0],[6]],[[{"name":"door","rect":[0,0,375,500],"offset":[0,0],"originalSize":[375,500],"capInsets":[0,0,0,0]}],[0],0,[0],[0],[7]],[[{"name":"width","rect":[0,0,596,800],"offset":[0,0],"originalSize":[596,800],"capInsets":[0,0,0,0]}],[0],0,[0],[0],[8]],[["0,9729,9729,33071,33071,0,0,1",-1],[1],0,[],[],[]],[["0,9729,9729,33071,33071,0,0,1",-1],[1],0,[],[],[]],[[[0,"ಊಟ",".mp3",1.128],-1],0,0,[],[],[]],[[{"name":"palm","rect":[0,0,500,333],"offset":[0,0],"originalSize":[500,333],"capInsets":[0,0,0,0]}],[0],0,[0],[0],[9]],[[[0,"ಕರ",".mp3",0.576],-1],0,0,[],[],[]],[[[0,"ಕರಟ",".mp3",0.72],-1],0,0,[],[],[]],[[[0,"ಕದನ",".mp3",0.696],-1],0,0,[],[],[]],[["0,9729,9729,33071,33071,0,0,1",-1],[1],0,[],[],[]],[[{"name":"shining","rect":[0,0,800,533],"offset":[0,0],"originalSize":[800,533],"capInsets":[0,0,0,0]}],[0],0,[0],[0],[10]]]]