[1,["9fLic1+bBIgL6wZ8GLW2kV","0cCwkUUQlOaKVIFWnOlyFd","3btfOPPpdKrJrYLEkGFyMb","feoOwqFptLzL6yzYLwT7UR","69GDpPBaxFIbgaYrFtaWJq"],["_textureSetter"],["cc.Texture2D","cc.SpriteFrame",["cc.AudioClip",["_name","_native","duration"],0],["cc.JsonAsset",["_name","json"],1]],[[2,0,1,2,4],[3,0,1,3]],[[["0,9729,9729,33071,33071,0,0,1",-1],[0],0,[],[],[]],[[{"name":"ukhal","rect":[0,0,640,480],"offset":[0,0],"originalSize":[640,480],"capInsets":[0,0,0,0]}],[1],0,[0],[0],[0]],[[{"name":"nine","rect":[108,42,387,549],"offset":[-18.5,3.5],"originalSize":[640,640],"capInsets":[0,0,0,0]}],[1],0,[0],[0],[1]],[[[0,"उखळ",".mp3",0.940408],-1],0,0,[],[],[]],[["0,9729,9729,33071,33071,0,0,1",-1],[0],0,[],[],[]],[[[0,"नऊ",".mp3",1.018776],-1],0,0,[],[],[]],[["0,9729,9729,33071,33071,0,0,1",-1],[0],0,[],[],[]],[[[1,"mr0904",{"rows":[["writeword","1","Description","नळ","tap.png","नळ.mp3"],["writeword","1","Description","उखळ","ukhal.png","उखळ.mp3"],["writeword","1","Description","ऊस","cane.png","ऊस.mp3"],["writeword","1","Description","नऊ","nine.png","नऊ.mp3"],["writeword","1","Description","पपई","papaya.png","पपई.mp3"],["quizliteracy","1","Description","image_word","नळ","नळ","पपई","नऊ","tap.png"],["quizliteracy","1","Description","image_word","नऊ","पपई","नऊ","नळ","nine.png"],["quizliteracy","1","Description","image_word","पपई","नऊ","नळ","पपई","papaya.png"]]}]],0,0,[],[],[]],[["0,9729,9729,33071,33071,0,0,1",-1],[0],0,[],[],[]],[[[0,"नळ",".mp3",1.018776],-1],0,0,[],[],[]],[[{"name":"papaya","rect":[0,0,500,515],"offset":[0,0],"originalSize":[500,515],"capInsets":[0,0,0,0]}],[1],0,[0],[0],[2]],[[[0,"पपई",".mp3",0.992653],-1],0,0,[],[],[]],[[[0,"ऊस",".mp3",0.862041],-1],0,0,[],[],[]],[[{"name":"tap","rect":[0,14,437,626],"offset":[-11,-7],"originalSize":[459,640],"capInsets":[0,0,0,0]}],[1],0,[0],[0],[3]],[[{"name":"cane","rect":[0,0,640,427],"offset":[0,0],"originalSize":[640,427],"capInsets":[0,0,0,0]}],[1],0,[0],[0],[4]],[["0,9729,9729,33071,33071,0,0,1",-1],[0],0,[],[],[]]]]