[1,["8agxSZtrpF/LpYCHumMxtt","8fH8ouURdIt5fch5f+FULf"],["_textureSetter"],["cc.Texture2D","cc.SpriteFrame",["cc.AudioClip",["_name","_native","duration"],0],["cc.JsonAsset",["_name","json"],1]],[[2,0,1,2,4],[3,0,1,3]],[[[[0,"ಈಗ ಊಟದ ಸಮಯ",".mp3",1.464],-1],0,0,[],[],[]],[["0,9729,9729,33071,33071,0,0,1",-1],[0],0,[],[],[]],[["0,9729,9729,33071,33071,0,0,1",-1],[0],0,[],[],[]],[[[0,"ಉದಯ ಕಮಲರ ಊಟ",".mp3",1.464],-1],0,0,[],[],[]],[[[0,"ಅವರ ಊಟ ರಸಮಯ ಊಟ",".mp3",1.752],-1],0,0,[],[],[]],[[{"name":"eatingmeals","rect":[0,0,800,533],"offset":[0,0],"originalSize":[800,533],"capInsets":[0,0,0,0]}],[1],0,[0],[0],[0]],[[[1,"kn0308",{"rows":[["createsentence","1","Description","ಈಗ/ಊಟದ/ಸಮಯ","","eatingmeals.png","ಈಗ ಊಟದ ಸಮಯ.mp3"],["createsentence","1","Description","ಉದಯ/ಕಮಲರ/ಊಟ","","boygirleatingmeals.png","ಉದಯ ಕಮಲರ ಊಟ.mp3"],["createsentence","1","Description","ಅವರ/ಊಟ/ರಸಮಯ/ಊಟ","","boygirleatingmeals.png","ಅವರ ಊಟ ರಸಮಯ ಊಟ.mp3"],["quizliteracy","1","Description","soundonly_sentence","ಈಗ ಊಟದ ಸಮಯ","ಈಗ ಊಟದ ಸಮಯ","ಉದಯ ಕಮಲರ ಊಟ","ಅವರ ಊಟ ರಸಮಯ ಊಟ","","","ಈಗ ಊಟದ ಸಮಯ.mp3"],["quizliteracy","1","Description","soundonly_sentence","ಉದಯ ಕಮಲರ ಊಟ","ಅವರ ಊಟ ರಸಮಯ ಊಟ","ಈಗ ಊಟದ ಸಮಯ","ಉದಯ ಕಮಲರ ಊಟ","","","ಉದಯ ಕಮಲರ ಊಟ.mp3"],["quizliteracy","1","Description","image_sentence","ಅವರ ಊಟ ರಸಮಯ ಊಟ","ಉದಯ ಕಮಲರ ಊಟ","ಅವರ ಊಟ ರಸಮಯ ಊಟ","ಈಗ ಊಟದ ಸಮಯ","boygirleatingmeals.png","","ಅವರ ಊಟ ರಸಮಯ ಊಟ.mp3"]]}]],0,0,[],[],[]],[[{"name":"boygirleatingmeals","rect":[0,0,800,533],"offset":[0,0],"originalSize":[800,533],"capInsets":[0,0,0,0]}],[1],0,[0],[0],[1]]]]