[1,["a1C7tYrTlAVatTRgg5B43M","03uBWrh1VMgJg8U74/AsAs","c8iA6eoy5DxJxucdUiBOqz","8cSyd1i75FU7X3McpGAP+b","2caGrwSWpGoJF2BtpclRnR","d4gNKBvKVNcICf+88Cg7Du","98cWXlq9xH55tZZ9rwA9YF"],["_textureSetter"],["cc.Texture2D","cc.SpriteFrame",["cc.JsonAsset",["_name","json"],1],["cc.AudioClip",["_name","_native","duration"],0]],[[3,0,1,2,4],[2,0,1,3]],[[["1,9729,9729,33071,33071,0,0,1",-1],[0],0,[],[],[]],[[{"name":"Weswamyesterday","rect":[0,0,1073,577],"offset":[0,0],"originalSize":[1073,577],"capInsets":[0,0,0,0]}],[1],0,[0],[0],[0]],[[[1,"hi1301",{"rows":[["createsentence","1","Description","मगरमच्छ/तैर/गया","","The_crocodileswims.jpg","मगरमच्छ_तैर_गया.mp3"],["createsentence","1","Description","चिड़िया/उड़ती/है","","Birdsfly.jpg","चिड़िया_उड़ती_है.mp3"],["createsentence","1","Description","गाय/खाती/है","","Iteats.jpg","गाय_खाती_है.mp3"],["createsentence","1","Description","मैं/खाता/हूँ","","Jayeats.jpg","मैं_खाता_हूँ.mp3"],["createsentence","1","Description","वो/पढ़ती/है","","Komalreadsa_book.jpg","वो_पढ़ती_है.mp3"],["createsentence","1","Description","वह/खेलता/है","","Sumanplaysa_game.jpg","वह_खेलता_है.mp3"],["createsentence","1","Description","वो/तैरती/है","","Weswamyesterday.jpg","वो_तैरती_है.mp3"],["quizliteracy","1","Description","image_sentence","मगरमच्छ तैर गया","चिड़िया उड़ती है","मगरमच्छ तैर गया","गाय खाती है","The_crocodileswims.jpg","","मगरमच्छ_तैर_गया.mp3"],["quizliteracy","1","Description","sentence_sentence","चिड़िया उड़ती है","मगरमच्छ तैर गया","चिड़िया उड़ती है","गाय खाती है","","सही चुनें","चिड़िया_उड़ती_है.mp3"],["quizliteracy","1","Description","soundonly_image","Komalreadsa_book.jpg","Komalreadsa_book.jpg","Birdsfly.jpg","The_crocodileswims.jpg","","","वो_पढ़ती_है.mp3"],["quizliteracy","1","Description","soundonly_sentence","गाय खाती है","गाय खाती है","मगरमच्छ तैर गया","चिड़िया उड़ती है","","","गाय_खाती_है.mp3"]]}]],0,0,[],[],[]],[[{"name":"Komalreadsa_book","rect":[0,0,1073,1157],"offset":[0,0],"originalSize":[1073,1157],"capInsets":[0,0,0,0]}],[1],0,[0],[0],[1]],[["1,9729,9729,33071,33071,0,0,1",-1],[0],0,[],[],[]],[[[0,"गाय_खाती_है",".mp3",1.619592],-1],0,0,[],[],[]],[[{"name":"The_crocodileswims","rect":[0,0,1073,770],"offset":[0,0],"originalSize":[1073,770],"capInsets":[0,0,0,0]}],[1],0,[0],[0],[2]],[[[0,"मैं_खाता_हूँ",".mp3",1.28],-1],0,0,[],[],[]],[[[0,"वो_पढ़ती_है",".mp3",1.38449],-1],0,0,[],[],[]],[["1,9729,9729,33071,33071,0,0,1",-1],[0],0,[],[],[]],[["1,9729,9729,33071,33071,0,0,1",-1],[0],0,[],[],[]],[[{"name":"Jayeats","rect":[0,0,1073,577],"offset":[0,0],"originalSize":[1073,577],"capInsets":[0,0,0,0]}],[1],0,[0],[0],[3]],[["1,9729,9729,33071,33071,0,0,1",-1],[0],0,[],[],[]],[[[0,"मगरमच्छ_तैर_गया",".mp3",1.462857],-1],0,0,[],[],[]],[[{"name":"Sumanplaysa_game","rect":[0,0,1073,514],"offset":[0,0],"originalSize":[1073,514],"capInsets":[0,0,0,0]}],[1],0,[0],[0],[4]],[[[0,"वो_तैरती_है",".mp3",1.28],-1],0,0,[],[],[]],[[[0,"चिड़िया_उड़ती_है",".mp3",2.424],-1],0,0,[],[],[]],[[[0,"वह_खेलता_है",".mp3",1.253878],-1],0,0,[],[],[]],[["1,9729,9729,33071,33071,0,0,1",-1],[0],0,[],[],[]],[["1,9729,9729,33071,33071,0,0,1",-1],[0],0,[],[],[]],[[{"name":"Iteats","rect":[0,0,1073,1157],"offset":[0,0],"originalSize":[1073,1157],"capInsets":[0,0,0,0]}],[1],0,[0],[0],[5]],[[{"name":"Birdsfly","rect":[0,0,1073,770],"offset":[0,0],"originalSize":[1073,770],"capInsets":[0,0,0,0]}],[1],0,[0],[0],[6]]]]