[1,["7eYNHjjpRNBpv3tzpaRx/G","bbsmj18slEa5OH1DUPpQSt","4fNNdT1OhG4rkaqO4eZmGD","d4FCDPCZFC9b6oxc35e1z/","14HIzHkSxF666v2tpIO6vt"],["_textureSetter"],["cc.Texture2D","cc.SpriteFrame",["cc.AudioClip",["_name","_native","duration"],0],["cc.JsonAsset",["_name","json"],1]],[[2,0,1,2,4],[3,0,1,3]],[[[[0,"ಟು",".mp3",0.528],-1],0,0,[],[],[]],[["0,9729,9729,33071,33071,0,0,1",-1],[0],0,[],[],[]],[[[0,"ಚೂಪು",".mp3",0.744],-1],0,0,[],[],[]],[[[0,"ತುರುಸು",".mp3",0.792],-1],0,0,[],[],[]],[[[0,"ಸು",".mp3",0.624],-1],0,0,[],[],[]],[[[0,"ತೂರು",".mp3",0.672],-1],0,0,[],[],[]],[[[0,"ತು",".mp3",0.504],-1],0,0,[],[],[]],[[[0,"ಮೂರುತಿ",".mp3",0.792],-1],0,0,[],[],[]],[[{"name":"sharp_point","rect":[0,0,341,512],"offset":[0,0],"originalSize":[341,512],"capInsets":[0,0,0,0]}],[1],0,[0],[0],[0]],[[[0,"ಕು",".mp3",0.528],-1],0,0,[],[],[]],[["0,9729,9729,33071,33071,0,0,1",-1],[0],0,[],[],[]],[[[0,"ದೂರ",".mp3",0.672],-1],0,0,[],[],[]],[[[0,"ರು",".mp3",0.528],-1],0,0,[],[],[]],[[[0,"ರೂಮು",".mp3",0.696],-1],0,0,[],[],[]],[["0,9729,9729,33071,33071,0,0,1",-1],[0],0,[],[],[]],[[[0,"ಡುರುಕಿ",".mp3",0.768],-1],0,0,[],[],[]],[[{"name":"far","rect":[0,0,383,512],"offset":[0,0],"originalSize":[383,512],"capInsets":[0,0,0,0]}],[1],0,[0],[0],[1]],[[[0,"ಕುಟುಕು",".mp3",0.816],-1],0,0,[],[],[]],[[[0,"ಡು",".mp3",0.528],-1],0,0,[],[],[]],[[{"name":"statue","rect":[0,0,355,512],"offset":[0,0],"originalSize":[355,512],"capInsets":[0,0,0,0]}],[1],0,[0],[0],[2]],[[{"name":"near","rect":[0,0,512,288],"offset":[0,0],"originalSize":[512,288],"capInsets":[0,0,0,0]}],[1],0,[0],[0],[3]],[["0,9729,9729,33071,33071,0,0,1",-1],[0],0,[],[],[]],[[[0,"ಕಿ",".mp3",0.528],-1],0,0,[],[],[]],[[{"name":"room","rect":[0,0,512,341],"offset":[0,0],"originalSize":[512,341],"capInsets":[0,0,0,0]}],[1],0,[0],[0],[4]],[[[0,"ತೂ",".mp3",0.552],-1],0,0,[],[],[]],[[[1,"kn1901",{"rows":[["phonictractor","1","Description","4","ಕುಟುಕು","ಕುಟುಕು.mp3","ಕು","ಕು.mp3","ಟು","ಟು.mp3","ಕು","ಕು.mp3"],["spelldoor","1","Description","ಚೂಪು","**","0","0","sharp_point.png","ಚೂಪು.mp3"],["openwindow","1","Description","LEGIT","ದೂ,ರ","far.png","near.png","ದೂರ.mp3","ದೂ,ರ"],["rocket","1","Description","ಮೂರುತಿ","ಮೂ,ರು,ತಿ","ಮೂ,ರು,ತಿ","ಮೂರುತಿ.mp3","statue.png","False","False"],["spelldoor","1","Description","ರೂಮು","*ಮು","0","0","room.png","ರೂಮು.mp3"],["phonictractor","1","Description","4","ಡುರುಕಿ","ಡುರುಕಿ.mp3","ಡು","ಡು.mp3","ರು","ರು.mp3","ಕಿ","ಕಿ.mp3"],["phonictractor","1","Description","4","ತುರುಸು","ತುರುಸು.mp3","ತು","ತು.mp3","ರು","ರು.mp3","ಸು","ಸು.mp3"],["phonictractor","1","Description","4","ತೂರು","ತೂರು.mp3","ತೂ","ತೂ.mp3","ರು","ರು.mp3"],["quizliteracy","1","Description","word_word","ಕು","ಮು","ಕು","ಗು","","__ಟುಕು","ಕುಟುಕು.mp3"],["quizliteracy","1","Description","image_word","ಮೂರುತಿ","ರೂಮು","ದೂರ","ಮೂರುತಿ","statue.png"],["quizliteracy","1","Description","soundonly_word","ತೂರು","ತೂರು","ದೂರು","ಚೂಪು","","","ತೂರು.mp3"]]}]],0,0,[],[],[]],[["0,9729,9729,33071,33071,0,0,1",-1],[0],0,[],[],[]]]]