[1,["ceORI8WTdAl48qe62prkkP","eeWvG+9iBIUagawwbshImX","afbW5LAGROBoiweL+QtXAh","1dRowmdHdL26fVu/NJ4o9N","66ZbHEYOBDhL9o0lOy5aoF"],["_textureSetter"],["cc.SpriteFrame","cc.Texture2D",["cc.AudioClip",["_name","_native","duration"],0],["cc.JsonAsset",["_name","json"],1]],[[2,0,1,2,4],[3,0,1,3]],[[[[0,"what",".mp3",0.912],-1],0,0,[],[],[]],[[{"name":"white","rect":[0,0,322,382],"offset":[0,0],"originalSize":[322,382],"capInsets":[0,0,0,0]}],[0],0,[0],[0],[0]],[[{"name":"purple","rect":[0,0,400,333],"offset":[0,0],"originalSize":[400,333],"capInsets":[0,0,0,0]}],[0],0,[0],[0],[1]],[["0,9729,9729,33071,33071,0,0,1",-1],[1],0,[],[],[]],[[{"name":"black","rect":[0,0,382,322],"offset":[0,0],"originalSize":[382,322],"capInsets":[0,0,0,0]}],[0],0,[0],[0],[2]],[[{"name":"clock","rect":[36,36,846,594],"offset":[0,0],"originalSize":[918,666],"capInsets":[0,0,0,0]}],[0],0,[0],[0],[3]],[[[1,"en1607",{"rows":[["phonictractor","1","Description","4","wh","wh.mp3","wh","wh.mp3"],["phonictractor","1","Description","4","what","what.mp3","wh","wh.mp3","a","a.mp3","t","t.mp3"],["phonictractor","1","Description","4","when","when.mp3","wh","wh.mp3","e","e.mp3","n","n.mp3"],["phonictractor","1","Description","4","whip","whip.mp3","wh","wh.mp3","i","i.mp3","p","p.mp3"],["phonictractor","1","Description","4","whiz","whiz.mp3","wh","wh.mp3","i","i.mp3","z","z.mp3"],["rocket","1","Description","white","wh,i,t,e","wh,i,t,e","white.mp3","white.png","false","false"],["speakingpet","1","Description","wh.mp3","ch.mp3","whale","whale.mp3","A","1,2","why","why.mp3","A","1,2","choose","choose.mp3","B","1,2","chick","chick.mp3","B","1,2"],["quizliteracy","1","Description","soundonly_word","what","what","whale","white","","","what.mp3"],["quizliteracy","1","Description","soundonly_image","white.png","white.png","purple.png","black.png","","","white.mp3"],["quizliteracy","1","Description","word_word","wh","sh","wh","th","","__en","when.mp3"],["quizliteracy","1","Description","soundonly_word","whip","whip","what","when","","","whip.mp3"],["quizliteracy","1","Description","word_word","wh","th","wh","sh","","__iz","whiz.mp3"]]}]],0,0,[],[],[]],[[[0,"choose",".mp3",1.08],-1],0,0,[],[],[]],[[[0,"why",".mp3",0.864],-1],0,0,[],[],[]],[["0,9729,9729,33071,33071,0,0,1",-1],[1],0,[],[],[]],[[[0,"z",".mp3",1.032],-1],0,0,[],[],[]],[[[0,"a",".mp3",0.72],-1],0,0,[],[],[]],[[[0,"e",".mp3",0.696],-1],0,0,[],[],[]],[[[0,"whiz",".mp3",1.032],-1],0,0,[],[],[]],[[[0,"whale",".mp3",0.936],-1],0,0,[],[],[]],[[[0,"wh",".mp3",1.656],-1],0,0,[],[],[]],[[{"name":"hands","rect":[0,0,1534,1096],"offset":[0,0],"originalSize":[1534,1096],"capInsets":[0,0,0,0]}],[0],0,[0],[0],[4]],[["0,9729,9729,33071,33071,0,0,1",-1],[1],0,[],[],[]],[[[0,"n",".mp3",0.84],-1],0,0,[],[],[]],[[[0,"t",".mp3",0.816],-1],0,0,[],[],[]],[[[0,"p",".mp3",0.768],-1],0,0,[],[],[]],[["0,9729,9729,33071,33071,0,0,1",-1],[1],0,[],[],[]],[[[0,"ch",".mp3",1.32],-1],0,0,[],[],[]],[[[0,"i",".mp3",0.72],-1],0,0,[],[],[]],[[[0,"chick",".mp3",0.936],-1],0,0,[],[],[]],[[[0,"whip",".mp3",0.912],-1],0,0,[],[],[]],[["0,9729,9729,33071,33071,0,0,1",-1],[1],0,[],[],[]],[[[0,"when",".mp3",0.888],-1],0,0,[],[],[]],[[[0,"white",".mp3",1.08],-1],0,0,[],[],[]]]]