[1,["74Y7qzTglPIrEurbauXNub","c7yM2bjdxB/5jOjQUeYvuw"],["_textureSetter"],["cc.SpriteFrame","cc.Texture2D",["cc.JsonAsset",["_name","json"],1]],[[2,0,1,3]],[[[{"name":"moon-outline","rect":[18,106,964,482],"offset":[0,-41],"originalSize":[1000,612],"capInsets":[0,0,0,0]}],[0],0,[0],[0],[0]],[[{"name":"moon-outline-tutorial","rect":[8,85,984,513],"offset":[0,-35.5],"originalSize":[1000,612],"capInsets":[0,0,0,0]}],[0],0,[0],[0],[1]],[[[0,"moon-outline-tutorial-json",[[{"x":146,"y":443.5},{"x":148,"y":440.5},{"x":150,"y":437.5},{"x":153,"y":435.5},{"x":154,"y":432.5},{"x":157,"y":431.5},{"x":160,"y":430.5},{"x":161,"y":427.5},{"x":166,"y":424.5},{"x":169,"y":422.5},{"x":174,"y":420.5},{"x":178,"y":417.5},{"x":182,"y":416.5},{"x":188,"y":414.5},{"x":191,"y":411.5},{"x":194,"y":409.5},{"x":199,"y":408.5},{"x":200,"y":405.5},{"x":205,"y":404.5},{"x":210,"y":401.5},{"x":213,"y":400.5},{"x":214,"y":396.5},{"x":218,"y":393.5},{"x":220,"y":389.5},{"x":223,"y":388.5},{"x":226,"y":387.5},{"x":229,"y":384.5},{"x":232,"y":382.5},{"x":235,"y":381.5},{"x":241,"y":377.5},{"x":244,"y":376.5},{"x":248,"y":375.5},{"x":252,"y":373.5},{"x":256,"y":371.5},{"x":263,"y":368.5},{"x":266,"y":366.5},{"x":269,"y":365.5},{"x":274,"y":363.5},{"x":279,"y":360.5},{"x":281,"y":357.5},{"x":284,"y":356.5},{"x":289,"y":353.5},{"x":292,"y":351.5},{"x":297,"y":347.5},{"x":300,"y":344.5},{"x":304,"y":344.5},{"x":308,"y":341.5},{"x":311,"y":340.5},{"x":315,"y":338.5},{"x":322,"y":335.5},{"x":326,"y":332.5},{"x":329,"y":333.5},{"x":331,"y":329.5},{"x":335,"y":330.5},{"x":339,"y":328.5},{"x":343,"y":326.5},{"x":346,"y":323.5},{"x":349,"y":322.5},{"x":355,"y":322.5},{"x":359,"y":322.5},{"x":366,"y":319.5},{"x":371,"y":318.5},{"x":375,"y":318.5},{"x":380,"y":318.5},{"x":385,"y":318.5},{"x":394,"y":315.5},{"x":397,"y":314.5},{"x":401,"y":314.5},{"x":406,"y":314.5},{"x":412,"y":312.5},{"x":416,"y":311.5},{"x":419,"y":312.5},{"x":422,"y":311.5},{"x":430,"y":309.5},{"x":433,"y":310.5},{"x":438,"y":308.5},{"x":443,"y":308.5},{"x":446,"y":307.5},{"x":450,"y":305.5},{"x":453,"y":306.5},{"x":456,"y":305.5},{"x":460,"y":305.5},{"x":464,"y":303.5},{"x":469,"y":304.5},{"x":475,"y":304.5},{"x":479,"y":304.5},{"x":485,"y":303.5},{"x":489,"y":302.5},{"x":495,"y":302.5},{"x":500,"y":302.5},{"x":504,"y":302.5},{"x":508,"y":302.5},{"x":512,"y":302.5},{"x":519,"y":302.5},{"x":524,"y":302.5},{"x":528,"y":302.5},{"x":533,"y":302.5},{"x":539,"y":302.5},{"x":544,"y":300.5},{"x":550,"y":299.5},{"x":553,"y":300.5},{"x":557,"y":300.5},{"x":561,"y":300.5},{"x":568,"y":300.5},{"x":572,"y":300.5},{"x":578,"y":302.5},{"x":583,"y":301.5},{"x":587,"y":305.5},{"x":592,"y":305.5},{"x":599,"y":305.5},{"x":602,"y":306.5},{"x":606,"y":307.5},{"x":612,"y":309.5},{"x":616,"y":312.5},{"x":622,"y":314.5},{"x":627,"y":316.5},{"x":634,"y":319.5},{"x":638,"y":319.5},{"x":643,"y":323.5},{"x":648,"y":322.5},{"x":652,"y":322.5},{"x":657,"y":323.5},{"x":663,"y":323.5},{"x":666,"y":325.5},{"x":669,"y":326.5},{"x":673,"y":327.5},{"x":676,"y":330.5},{"x":681,"y":331.5},{"x":686,"y":335.5},{"x":694,"y":335.5},{"x":699,"y":337.5},{"x":708,"y":341.5},{"x":714,"y":343.5},{"x":717,"y":344.5},{"x":720,"y":347.5},{"x":725,"y":347.5},{"x":728,"y":351.5},{"x":732,"y":351.5},{"x":738,"y":352.5},{"x":743,"y":355.5},{"x":748,"y":360.5},{"x":751,"y":362.5},{"x":754,"y":363.5},{"x":758,"y":365.5},{"x":762,"y":367.5},{"x":766,"y":370.5},{"x":769,"y":371.5},{"x":773,"y":372.5},{"x":779,"y":373.5},{"x":784,"y":376.5},{"x":788,"y":378.5},{"x":792,"y":380.5},{"x":796,"y":383.5},{"x":799,"y":384.5},{"x":802,"y":386.5},{"x":806,"y":388.5},{"x":811,"y":390.5},{"x":812,"y":393.5},{"x":816,"y":394.5},{"x":821,"y":397.5},{"x":824,"y":400.5},{"x":827,"y":399.5},{"x":827,"y":403.5},{"x":830,"y":404.5},{"x":833,"y":405.5},{"x":835,"y":408.5},{"x":838,"y":409.5},{"x":840,"y":412.5},{"x":843,"y":415.5},{"x":847,"y":416.5},{"x":848,"y":419.5},{"x":852,"y":419.5},{"x":854,"y":422.5},{"x":857,"y":423.5},{"x":859,"y":426.5},{"x":862,"y":428.5},{"x":865,"y":431.5},{"x":867,"y":434.5},{"x":870,"y":437.5},{"x":873,"y":440.5},{"x":875,"y":443.5},{"x":878,"y":446.5},{"x":878,"y":442.5},{"x":878,"y":438.5},{"x":878,"y":434.5},{"x":878,"y":430.5},{"x":879,"y":425.5},{"x":879,"y":419.5},{"x":879,"y":415.5},{"x":879,"y":411.5},{"x":878,"y":408.5},{"x":877,"y":405.5},{"x":875,"y":402.5},{"x":875,"y":396.5},{"x":873,"y":392.5},{"x":872,"y":389.5},{"x":871,"y":385.5},{"x":870,"y":382.5},{"x":871,"y":378.5},{"x":870,"y":372.5},{"x":870,"y":367.5},{"x":867,"y":365.5},{"x":867,"y":361.5},{"x":866,"y":358.5},{"x":864,"y":352.5},{"x":863,"y":349.5},{"x":862,"y":344.5},{"x":860,"y":339.5},{"x":858,"y":336.5},{"x":857,"y":332.5},{"x":856,"y":329.5},{"x":857,"y":326.5},{"x":856,"y":323.5},{"x":854,"y":320.5},{"x":855,"y":317.5},{"x":854,"y":310.5},{"x":852,"y":307.5},{"x":853,"y":304.5},{"x":851,"y":301.5},{"x":850,"y":298.5},{"x":847,"y":296.5},{"x":848,"y":292.5},{"x":847,"y":286.5},{"x":844,"y":283.5},{"x":842,"y":278.5},{"x":841,"y":272.5},{"x":838,"y":269.5},{"x":836,"y":262.5},{"x":833,"y":260.5},{"x":835,"y":263.5},{"x":834,"y":260.5},{"x":832,"y":255.5},{"x":829,"y":251.5},{"x":827,"y":247.5},{"x":826,"y":244.5},{"x":824,"y":240.5},{"x":821,"y":237.5},{"x":820,"y":234.5},{"x":818,"y":231.5},{"x":817,"y":228.5},{"x":811,"y":222.5},{"x":810,"y":219.5},{"x":807,"y":217.5},{"x":806,"y":214.5},{"x":802,"y":210.5},{"x":800,"y":207.5},{"x":798,"y":202.5},{"x":793,"y":197.5},{"x":790,"y":195.5},{"x":787,"y":192.5},{"x":783,"y":188.5},{"x":782,"y":185.5},{"x":777,"y":180.5},{"x":775,"y":177.5},{"x":772,"y":176.5},{"x":774,"y":173.5},{"x":769,"y":172.5},{"x":765,"y":171.5},{"x":762,"y":166.5},{"x":759,"y":165.5},{"x":756,"y":162.5},{"x":754,"y":159.5},{"x":750,"y":155.5},{"x":747,"y":154.5},{"x":741,"y":149.5},{"x":738,"y":145.5},{"x":734,"y":144.5},{"x":729,"y":137.5},{"x":726,"y":134.5},{"x":723,"y":133.5},{"x":716,"y":129.5},{"x":711,"y":125.5},{"x":705,"y":123.5},{"x":701,"y":120.5},{"x":696,"y":118.5},{"x":689,"y":116.5},{"x":686,"y":113.5},{"x":683,"y":111.5},{"x":678,"y":109.5},{"x":673,"y":105.5},{"x":670,"y":104.5},{"x":665,"y":102.5},{"x":659,"y":100.5},{"x":656,"y":97.5},{"x":650,"y":95.5},{"x":648,"y":92.5},{"x":644,"y":92.5},{"x":641,"y":91.5},{"x":638,"y":90.5},{"x":632,"y":88.5},{"x":626,"y":87.5},{"x":624,"y":84.5},{"x":618,"y":84.5},{"x":611,"y":82.5},{"x":607,"y":82.5},{"x":603,"y":77.5},{"x":599,"y":74.5},{"x":593,"y":74.5},{"x":589,"y":74.5},{"x":584,"y":72.5},{"x":580,"y":73.5},{"x":575,"y":72.5},{"x":569,"y":72.5},{"x":564,"y":70.5},{"x":559,"y":69.5},{"x":555,"y":70.5},{"x":552,"y":69.5},{"x":548,"y":69.5},{"x":540,"y":69.5},{"x":534,"y":69.5},{"x":530,"y":69.5},{"x":525,"y":69.5},{"x":521,"y":69.5},{"x":517,"y":69.5},{"x":513,"y":69.5},{"x":507,"y":69.5},{"x":496,"y":69.5},{"x":491,"y":69.5},{"x":487,"y":69.5},{"x":480,"y":69.5},{"x":476,"y":69.5},{"x":469,"y":69.5},{"x":465,"y":69.5},{"x":460,"y":71.5},{"x":453,"y":70.5},{"x":448,"y":72.5},{"x":451,"y":71.5},{"x":444,"y":72.5},{"x":438,"y":74.5},{"x":435,"y":76.5},{"x":431,"y":76.5},{"x":423,"y":76.5},{"x":419,"y":77.5},{"x":413,"y":77.5},{"x":408,"y":78.5},{"x":404,"y":81.5},{"x":400,"y":83.5},{"x":396,"y":84.5},{"x":399,"y":83.5},{"x":393,"y":83.5},{"x":390,"y":85.5},{"x":387,"y":86.5},{"x":383,"y":87.5},{"x":378,"y":87.5},{"x":377,"y":91.5},{"x":369,"y":93.5},{"x":365,"y":95.5},{"x":362,"y":94.5},{"x":358,"y":98.5},{"x":353,"y":99.5},{"x":346,"y":102.5},{"x":345,"y":105.5},{"x":341,"y":104.5},{"x":338,"y":108.5},{"x":334,"y":109.5},{"x":329,"y":111.5},{"x":326,"y":114.5},{"x":320,"y":117.5},{"x":316,"y":118.5},{"x":311,"y":122.5},{"x":307,"y":125.5},{"x":303,"y":127.5},{"x":299,"y":130.5},{"x":295,"y":134.5},{"x":291,"y":136.5},{"x":284,"y":142.5},{"x":280,"y":145.5},{"x":276,"y":150.5},{"x":273,"y":153.5},{"x":266,"y":156.5},{"x":266,"y":160.5},{"x":259,"y":165.5},{"x":258,"y":168.5},{"x":254,"y":169.5},{"x":251,"y":173.5},{"x":246,"y":176.5},{"x":245,"y":179.5},{"x":241,"y":182.5},{"x":239,"y":186.5},{"x":237,"y":189.5},{"x":235,"y":192.5},{"x":231,"y":193.5},{"x":229,"y":196.5},{"x":230,"y":200.5},{"x":226,"y":204.5},{"x":225,"y":210.5},{"x":222,"y":211.5},{"x":221,"y":215.5},{"x":220,"y":219.5},{"x":216,"y":222.5},{"x":212,"y":226.5},{"x":207,"y":233.5},{"x":205,"y":236.5},{"x":202,"y":235.5},{"x":197,"y":242.5},{"x":196,"y":245.5},{"x":193,"y":247.5},{"x":194,"y":250.5},{"x":189,"y":256.5},{"x":187,"y":259.5},{"x":185,"y":264.5},{"x":181,"y":271.5},{"x":177,"y":280.5},{"x":175,"y":284.5},{"x":173,"y":290.5},{"x":172,"y":297.5},{"x":170,"y":300.5},{"x":171,"y":306.5},{"x":169,"y":311.5},{"x":168,"y":319.5},{"x":164,"y":333.5},{"x":163,"y":337.5},{"x":161,"y":343.5},{"x":161,"y":348.5},{"x":157,"y":353.5},{"x":156,"y":356.5},{"x":155,"y":363.5},{"x":154,"y":370.5},{"x":153,"y":373.5},{"x":151,"y":378.5},{"x":149,"y":381.5},{"x":147,"y":390.5},{"x":146,"y":394.5},{"x":143,"y":398.5},{"x":143,"y":403.5},{"x":142,"y":406.5},{"x":142,"y":412.5},{"x":142,"y":418.5},{"x":142,"y":423.5},{"x":142,"y":428.5},{"x":142,"y":432.5},{"x":142,"y":437.5},{"x":142,"y":441.5},{"x":142,"y":446.5},{"x":143,"y":449.5},{"x":143,"y":450.5}]]]],0,0,[],[],[]],[["0,9729,9729,33071,33071,0,0,1",-1],[1],0,[],[],[]],[[[0,"drawshape0007",{"rows":[["drawshape","1","Description","moon-outline-tutorial.png"]]}]],0,0,[],[],[]],[["0,9729,9729,33071,33071,0,0,1",-1],[1],0,[],[],[]]]]