[1,["8fR06JdcdIkaeTUQNxvjsP","05yPG/edxJT4yt4RfZI7eI","7aVQhh4NVE/pZ9tLMNukEm","eeelx6qnJGD7jv/lwjf5K0","b2R8HVLWdIt4G5YUnq4eIQ","b3HPJD3cFPfYtkFTTMdkxI","22uT15Ve1Bc74UHsdPE8u3","98vLWB935LBIAXx5tUKndV","23SsnguA9D6L+NG+pOLq65","c9/76F73lPeoX7nQoGpCbU","4b09xXfk9KLp7mJUtQq6KQ","8dwDBgsiJExbJxN9mof0z9"],["_textureSetter"],["cc.Texture2D","cc.SpriteFrame",["cc.AudioClip",["_name","_native","duration"],0],["cc.JsonAsset",["_name","json"],1]],[[2,0,1,2,4],[3,0,1,3]],[[[[0,"ಗುಬ್ಬಚ್ಚಿ",".mp3",0.96],-1],0,0,[],[],[]],[[[0,"ಕೋಳಿ",".mp3",0.696],-1],0,0,[],[],[]],[["0,9729,9729,33071,33071,0,0,1",-1],[0],0,[],[],[]],[[{"name":"pigeon","rect":[0,0,533,800],"offset":[0,0],"originalSize":[533,800],"capInsets":[0,0,0,0]}],[1],0,[0],[0],[0]],[[[0,"ಗುಟುಕು",".mp3",0.816],-1],0,0,[],[],[]],[["0,9729,9729,33071,33071,0,0,1",-1],[0],0,[],[],[]],[["0,9729,9729,33071,33071,0,0,1",-1],[0],0,[],[],[]],[[{"name":"cat","rect":[0,0,800,590],"offset":[0,0],"originalSize":[800,590],"capInsets":[0,0,0,0]}],[1],0,[0],[0],[1]],[[{"name":"dog","rect":[0,0,800,590],"offset":[0,0],"originalSize":[800,590],"capInsets":[0,0,0,0]}],[1],0,[0],[0],[2]],[[{"name":"fruitgarden","rect":[0,0,800,533],"offset":[0,0],"originalSize":[800,533],"capInsets":[0,0,0,0]}],[1],0,[0],[0],[3]],[[{"name":"fish","rect":[0,0,800,590],"offset":[0,0],"originalSize":[800,590],"capInsets":[0,0,0,0]}],[1],0,[0],[0],[4]],[["0,9729,9729,33071,33071,0,0,1",-1],[0],0,[],[],[]],[[{"name":"mangotree","rect":[0,0,500,281],"offset":[0,0],"originalSize":[500,281],"capInsets":[0,0,0,0]}],[1],0,[0],[0],[5]],[[[0,"ಪಾರಿವಾಳ",".mp3",0.96],-1],0,0,[],[],[]],[[{"name":"ragicrop","rect":[0,0,500,333],"offset":[0,0],"originalSize":[500,333],"capInsets":[0,0,0,0]}],[1],0,[0],[0],[6]],[["0,9729,9729,33071,33071,0,0,1",-1],[0],0,[],[],[]],[[{"name":"birdfeedingbabies","rect":[0,0,800,533],"offset":[0,0],"originalSize":[800,533],"capInsets":[0,0,0,0]}],[1],0,[0],[0],[7]],[[[1,"kn3000",{"rows":[["openwindow","1","Description","LEGIT","ಕೋ,ಳಿ","hen.png","dog.png","ಕೋಳಿ.mp3","ಕೋ,ಳಿ"],["openwindow","1","Description","LEGIT","ಪಾ,ರಿ,ವಾ,ಳ","pigeon.png","cat.png","ಪಾರಿವಾಳ.mp3","ಪಾ,ರಿ,ವಾ,ಳ"],["openwindow","1","Description","LEGIT","ಗು,ಬ್ಬ,ಚ್ಚಿ","bird.png","hammer.png","ಗುಬ್ಬಚ್ಚಿ.mp3","ಗು,ಬ್ಬ,ಚ್ಚಿ"],["openwindow","1","Description","LEGIT","ತೋ,ಟ","fruitgarden.png","park.png","ತೋಟ.mp3","ತೋ,ಟ"],["openwindow","1","Description","LEGIT","ರಾ,ಗಿ,ತೆ,ನೆ","ragicrop.png","mangotree.png","ರಾಗಿತೆನೆ.mp3","ರಾ,ಗಿ,ತೆ,ನೆ"],["openwindow","1","Description","LEGIT","ಗು,ಟು,ಕು","birdfeedingbabies.png","fish.png","ಗುಟುಕು.mp3","ಗು,ಟು,ಕು"],["quizliteracy","1","Description","word_word","ಗುಬ್ಬ","ಗುಬ್ಬ","ಪಾಪ","ಅಕ್ಕ","","_____ಚ್ಚಿ","ಗುಬ್ಬಚ್ಚಿ.mp3"],["quizliteracy","1","Description","image_word","ಕೋಳಿ","ಗುಟುಕು","ಕೋಳಿ","ತೋಟ","hen.png"],["quizliteracy","1","Description","soundonly_word","ಪಾರಿವಾಳ","ಗುಟುಕು","ರಾಗಿತೆನೆ","ಪಾರಿವಾಳ","","","ಪಾರಿವಾಳ.mp3"]]}]],0,0,[],[],[]],[[[0,"ರಾಗಿತೆನೆ",".mp3",0.936],-1],0,0,[],[],[]],[["0,9729,9729,33071,33071,0,0,1",-1],[0],0,[],[],[]],[["0,9729,9729,33071,33071,0,0,1",-1],[0],0,[],[],[]],[["0,9729,9729,33071,33071,0,0,1",-1],[0],0,[],[],[]],[[[0,"ತೋಟ",".mp3",0.672],-1],0,0,[],[],[]],[[{"name":"hammer","rect":[0,0,600,800],"offset":[0,0],"originalSize":[600,800],"capInsets":[0,0,0,0]}],[1],0,[0],[0],[8]],[["0,9729,9729,33071,33071,0,0,1",-1],[0],0,[],[],[]],[["0,9729,9729,33071,33071,0,0,1",-1],[0],0,[],[],[]],[[{"name":"park","rect":[0,0,800,800],"offset":[0,0],"originalSize":[800,800],"capInsets":[0,0,0,0]}],[1],0,[0],[0],[9]],[["0,9729,9729,33071,33071,0,0,1",-1],[0],0,[],[],[]],[[{"name":"bird","rect":[0,0,800,635],"offset":[0,0],"originalSize":[800,635],"capInsets":[0,0,0,0]}],[1],0,[0],[0],[10]],[["0,9729,9729,33071,33071,0,0,1",-1],[0],0,[],[],[]],[[{"name":"hen","rect":[0,0,494,500],"offset":[0,0],"originalSize":[494,500],"capInsets":[0,0,0,0]}],[1],0,[0],[0],[11]]]]