[1,["d6ifslbUlJ8IL3ToukaQUY","4dTZsguElEZaKnv5IGfK+2","0fEfl20lFA0Z1F/If4Unz0"],["_textureSetter"],["cc.Texture2D","cc.SpriteFrame",["cc.AudioClip",["_name","_native","duration"],0],["cc.JsonAsset",["_name","json"],1]],[[2,0,1,2,4],[3,0,1,3]],[[["0,9729,9729,33071,33071,0,0,1",-1],[0],0,[],[],[]],[[{"name":"नम","rect":[111,36,378,522],"offset":[0,3],"originalSize":[600,600],"capInsets":[0,0,0,0]}],[1],0,[0],[0],[0]],[[[0,"अः",".mp3",0.235],-1],0,0,[],[],[]],[[[0,"छ",".mp3",2.429388],-1],0,0,[],[],[]],[["0,9729,9729,33071,33071,0,0,1",-1],[0],0,[],[],[]],[[[0,"नम",".mp3",2.533878],-1],0,0,[],[],[]],[[{"name":"छ","rect":[0,0,188,268],"offset":[0,0],"originalSize":[188,268],"capInsets":[0,0,0,0]}],[1],0,[0],[0],[1]],[["0,9729,9729,33071,33071,0,0,1",-1],[0],0,[],[],[]],[[[0,"प्रात",".mp3",2.168163],-1],0,0,[],[],[]],[[[1,"hi0012",{"rows":[["phonictractor","1","Description","5","अः","अः.mp3","अः","अः.mp3"],["writeletter","1","Description","अः","प्रात:"],["writecard","1","Description","अः","प्रात:","प्रात.png","प्रात.mp3","छ:","छ.png","छ.mp3","नम:","नम.png","नम.mp3"],["quizliteracy","1","Description","soundonly_word","अः","इ","अः","ऐ","","","अः.mp3"],["quizliteracy","1","Description","word_word","अः","अः","ऐ","इ","","अः"],["quizliteracy","1","Description","soundonly_word","अः","इ","ओ","अः","","","अः.mp3"]]}]],0,0,[],[],[]],[[{"name":"प्रात","rect":[0,0,400,265],"offset":[0,0],"originalSize":[400,265],"capInsets":[0,0,0,0]}],[1],0,[0],[0],[2]]]]