[1,["cbdMHrgEBAt51alCT+M1So","66Yf7vXPZNA5yJtCRm9u9t","0cVMBx/q5CtL1fa0WZ/8LD","77A683wxJL3bVRB5Gp70jI","465RPX+/ZM/o0tpPyuy1Xj"],["_textureSetter"],["cc.Texture2D","cc.SpriteFrame",["cc.JsonAsset",["_name","json"],1],["cc.AudioClip",["_name","_native","duration"],0]],[[3,0,1,2,4],[2,0,1,3]],[[[[1,"kn3907",{"rows":[["spelldoor","1","Description","ತಾತ","*ತ","0","0","grandfatrher.png","ತಾತ.mp3"],["spelldoor","1","Description","ದಾರ ","*ರ ","0","0","thread.png","ದಾರ.mp3"],["spelldoor","1","Description","ನಾಗರ ","*ಗರ ","0","0","cobra.png","ನಾಗರ.mp3"],["spelldoor","1","Description","ಗಜಾನನಾ ","ಗ*ನನಾ ","0","0","ganapathi.png","ಗಜಾನನಾ.mp3"],["spelldoor","1","Description","ಪಾದ ","*ದ ","0","0","foot.png","ಪಾದ.mp3"]]}]],0,0,[],[],[]],[["0,9729,9729,33071,33071,0,0,1",-1],[0],0,[],[],[]],[[{"name":"cobra","rect":[0,0,640,800],"offset":[0,0],"originalSize":[640,800],"capInsets":[0,0,0,0]}],[1],0,[0],[0],[0]],[[[0,"ಪಾದ",".mp3",0.696],-1],0,0,[],[],[]],[["0,9729,9729,33071,33071,0,0,1",-1],[0],0,[],[],[]],[[[0,"ತಾತ",".mp3",0.696],-1],0,0,[],[],[]],[[[0,"ನಾಗರ",".mp3",0.768],-1],0,0,[],[],[]],[["0,9729,9729,33071,33071,0,0,1",-1],[0],0,[],[],[]],[["0,9729,9729,33071,33071,0,0,1",-1],[0],0,[],[],[]],[[[0,"ಗಜಾನನಾ",".mp3",0.936],-1],0,0,[],[],[]],[[{"name":"foot","rect":[0,0,533,800],"offset":[0,0],"originalSize":[533,800],"capInsets":[0,0,0,0]}],[1],0,[0],[0],[1]],[[[0,"ದಾರ",".mp3",0.696],-1],0,0,[],[],[]],[[{"name":"ganapathi","rect":[0,0,800,534],"offset":[0,0],"originalSize":[800,534],"capInsets":[0,0,0,0]}],[1],0,[0],[0],[2]],[[{"name":"grandfatrher","rect":[0,0,500,406],"offset":[0,0],"originalSize":[500,406],"capInsets":[0,0,0,0]}],[1],0,[0],[0],[3]],[["0,9729,9729,33071,33071,0,0,1",-1],[0],0,[],[],[]],[[{"name":"thread","rect":[0,0,800,800],"offset":[0,0],"originalSize":[800,800],"capInsets":[0,0,0,0]}],[1],0,[0],[0],[4]]]]