[1,["87YcBL6BlFsYVKQu+cjH56","0by1v9GLpIsYmfcB5Dt9Ht","369/535OVFtY2SBgEsj/UD"],["_textureSetter"],["cc.Texture2D","cc.SpriteFrame",["cc.AudioClip",["_name","_native","duration"],0],["cc.JsonAsset",["_name","json"],1]],[[2,0,1,2,4],[3,0,1,3]],[[["0,9729,9729,33071,33071,0,0,1",-1],[0],0,[],[],[]],[[[0,"रत्न",".mp3",1.097143],-1],0,0,[],[],[]],[[[0,"रवी",".mp3",0.966531],-1],0,0,[],[],[]],[[[0,"र",".mp3",0.809796],-1],0,0,[],[],[]],[["0,9729,9729,33071,33071,0,0,1",-1],[0],0,[],[],[]],[[{"name":"sun","rect":[0,0,640,427],"offset":[0,0],"originalSize":[640,427],"capInsets":[0,0,0,0]}],[1],0,[0],[0],[0]],[[[0,"रबर",".mp3",0.940408],-1],0,0,[],[],[]],[[[1,"mr0126",{"rows":[["balloonpop","1","Description","2","र","3","र,भ,य","र.mp3"],["phonictractor","1","Description","5","र","र.mp3","र","र.mp3"],["writeletter","1","Description","र","रत्न"],["writecard","1","Description","र","रत्न","gemstone.png","रत्न.mp3","रवी","sun.png","रवी.mp3","रबर","rubber.png","रबर.mp3"],["quizliteracy","1","Description","soundonly_word","र","म","य","र","","","र.mp3"],["quizliteracy","1","Description","word_word","र","य","र","म","","र"],["quizliteracy","1","Description","soundonly_word","र","म","य","र","","","र.mp3"]]}]],0,0,[],[],[]],[["0,9729,9729,33071,33071,0,0,1",-1],[0],0,[],[],[]],[[{"name":"gemstone","rect":[0,0,640,345],"offset":[0,0],"originalSize":[640,345],"capInsets":[0,0,0,0]}],[1],0,[0],[0],[1]],[[{"name":"rubber","rect":[0,0,640,424],"offset":[0,0],"originalSize":[640,424],"capInsets":[0,0,0,0]}],[1],0,[0],[0],[2]]]]