[1,["a0DXko7TRDQbMEGxf0oSDP","e9pOafg8RBVbehiXvG5bOH","45XyH3tQRO2JSd65Sfx+jL"],["_textureSetter"],["cc.SpriteFrame","cc.Texture2D",["cc.JsonAsset",["_name","json"],1],["cc.AudioClip",["_name","_native","duration"],0]],[[3,0,1,2,4],[2,0,1,3]],[[[{"name":"भालू","rect":[0,0,400,333],"offset":[0,0],"originalSize":[400,333],"capInsets":[0,0,0,0]}],[0],0,[0],[0],[0]],[[[1,"hi0123",{"rows":[["balloonpop","1","Description","2","भ","5","भ","भ.mp3"],["phonictractor","1","Description","5","भ","भ.mp3","भ","भ.mp3"],["writeletter","1","Description","भ","भालू"],["writecard","1","Description","भ","भालू","भालू.png","भालू.mp3","भाई","भाई.png","भाई.mp3","भाप","भाप.png","भाप.mp3"],["quizliteracy","1","Description","soundonly_word","भ","न","भ","ऐ","","","भ.mp3"],["quizliteracy","1","Description","word_word","भ","भ","द","न","","भ"],["quizliteracy","1","Description","soundonly_word","भ","न","प","भ","","","भ.mp3"]]}]],0,0,[],[],[]],[["0,9729,9729,33071,33071,0,0,1",-1],[1],0,[],[],[]],[[[0,"भाई",".mp3",0.731429],-1],0,0,[],[],[]],[[[0,"भ",".mp3",0.57475],-1],0,0,[],[],[]],[[[0,"भाप",".mp3",0.679184],-1],0,0,[],[],[]],[["0,9729,9729,33071,33071,0,0,1",-1],[1],0,[],[],[]],[[[0,"भालू",".mp3",0.679184],-1],0,0,[],[],[]],[[{"name":"भाई","rect":[0,0,400,333],"offset":[0,0],"originalSize":[400,333],"capInsets":[0,0,0,0]}],[0],0,[0],[0],[1]],[[{"name":"भाप","rect":[0,0,400,333],"offset":[0,0],"originalSize":[400,333],"capInsets":[0,0,0,0]}],[0],0,[0],[0],[2]],[["0,9729,9729,33071,33071,0,0,1",-1],[1],0,[],[],[]]]]