[1,["ca5WSC7dBDi63gLowZJE+v","07+pHP91JMFb6fcsF86CPS","7djFKa08ZHrKGOEqZ3T86t"],["_textureSetter"],["cc.Texture2D","cc.SpriteFrame",["cc.AudioClip",["_name","_native","duration"],0],["cc.JsonAsset",["_name","json"],1]],[[2,0,1,2,4],[3,0,1,3]],[[["0,9729,9729,33071,33071,0,0,1",-1],[0],0,[],[],[]],[[[0,"ಅಮ್ಮ ತಿಂಡಿ ಹಾಲು ಕೊಟ್ಟರು",".mp3",1.752],-1],0,0,[],[],[]],[[{"name":"mom_giving_food","rect":[0,0,500,312],"offset":[0,0],"originalSize":[500,312],"capInsets":[0,0,0,0]}],[1],0,[0],[0],[0]],[[[0,"ತಿಂಡಿ ತಿನ್ನುವ ಮೊದಲು ಕೈ ತೊಳೆಯಬೇಕು",".mp3",2.496],-1],0,0,[],[],[]],[["0,9729,9729,33071,33071,0,0,1",-1],[0],0,[],[],[]],[[[1,"kn3709",{"rows":[["createsentence","1","Description","ತಿಂಡಿ/ತಿನ್ನುವ/ಮೊದಲು/ಕೈ/ತೊಳೆಯಬೇಕು","","wash_hand.png","ತಿಂಡಿ ತಿನ್ನುವ ಮೊದಲು ಕೈ ತೊಳೆಯಬೇಕು.mp3"],["createsentence","1","Description","ಕೊಳಕಾದ/ಕೈಯಿಂದ/ತಿಂದರೆ/ಆರೋಗ್ಯ/ಕೆಡುತ್ತದೆ","","dirty_hand.png","ಕೊಳಕಾದ ಕೈಯಿಂದ ತಿಂದರೆ ಆರೋಗ್ಯ ಕೆಡುತ್ತದೆ.mp3"],["createsentence","1","Description","ಅಮ್ಮ/ತಿಂಡಿ/ಹಾಲು/ಕೊಟ್ಟರು","","mom_giving_food.png","ಅಮ್ಮ ತಿಂಡಿ ಹಾಲು ಕೊಟ್ಟರು.mp3"],["quizliteracy","1","Description","image_sentence","ತಿಂಡಿ ತಿನ್ನುವ ಮೊದಲು ಕೈ ತೊಳೆಯಬೇಕು","ಅಮ್ಮ ತಿಂಡಿ ಹಾಲು ಕೊಟ್ಟರು","ಕೊಳಕಾದ ಕೈಯಿಂದ ತಿಂದರೆ ಆರೋಗ್ಯ ಕೆಡುತ್ತದೆ","ತಿಂಡಿ ತಿನ್ನುವ ಮೊದಲು ಕೈ ತೊಳೆಯಬೇಕು","wash_hand.png","","ತಿಂಡಿ ತಿನ್ನುವ ಮೊದಲು ಕೈ ತೊಳೆಯಬೇಕು.mp3"],["quizliteracy","1","Description","sentence_sentence","ಕೊಳಕಾದ ಕೈಯಿಂದ ತಿಂದರೆ ಆರೋಗ್ಯ ಕೆಡುತ್ತದೆ","ಕೊಳಕಾದ ಕೈಯಿಂದ ತಿಂದರೆ ಆರೋಗ್ಯ ಕೆಡುತ್ತದೆ","ಕೊಳಕಾದ ತಿಂದರೆ ಕೈಯಿಂದ ಆರೋಗ್ಯ ಕೆಡುತ್ತದೆ","ಕೊಳಕಾದ ಕೈಯಿಂದ ಆರೋಗ್ಯ ತಿಂದರೆ ಕೆಡುತ್ತದೆ","","ಸರಿಯಾದದನ್ನು ಆರಿಸಿ","ಕೊಳಕಾದ ಕೈಯಿಂದ ತಿಂದರೆ ಆರೋಗ್ಯ ಕೆಡುತ್ತದೆ.mp3"],["quizliteracy","1","Description","soundonly_sentence","ಅಮ್ಮ ತಿಂಡಿ ಹಾಲು ಕೊಟ್ಟರು","ತಿಂಡಿ ತಿನ್ನುವ ಮೊದಲು ಕೈ ತೊಳೆಯಬೇಕು","ಅಮ್ಮ ತಿಂಡಿ ಹಾಲು ಕೊಟ್ಟರು","ಕೊಳಕಾದ ಕೈಯಿಂದ ತಿಂದರೆ ಆರೋಗ್ಯ ಕೆಡುತ್ತದೆ","","","ಅಮ್ಮ ತಿಂಡಿ ಹಾಲು ಕೊಟ್ಟರು.mp3"]]}]],0,0,[],[],[]],[[{"name":"wash_hand","rect":[0,0,500,333],"offset":[0,0],"originalSize":[500,333],"capInsets":[0,0,0,0]}],[1],0,[0],[0],[1]],[[[0,"ಕೊಳಕಾದ ಕೈಯಿಂದ ತಿಂದರೆ ಆರೋಗ್ಯ ಕೆಡುತ್ತದೆ",".mp3",3.024],-1],0,0,[],[],[]],[["0,9729,9729,33071,33071,0,0,1",-1],[0],0,[],[],[]],[[{"name":"dirty_hand","rect":[0,0,478,453],"offset":[-11,2],"originalSize":[500,457],"capInsets":[0,0,0,0]}],[1],0,[0],[0],[2]]]]