[1,["3es4YURRJJMJHI/AzM0y0Z"],["_textureSetter"],["cc.Texture2D","cc.SpriteFrame",["cc.AudioClip",["_name","_native","duration"],0],["cc.JsonAsset",["_name","json"],1]],[[2,0,1,2,4],[3,0,1,3]],[[[[0,"ಸಿದ್ಧ",".mp3",0.744],-1],0,0,[],[],[]],[[[0,"ಸಿದ್ಧರಾಗು",".mp3",1.056],-1],0,0,[],[],[]],[[[0,"ಸ್ವ",".mp3",0.648],-1],0,0,[],[],[]],[["0,9729,9729,33071,33071,0,0,1",-1],[0],0,[],[],[]],[[[0,"ಸ್ವಲ್ಪ",".mp3",0.816],-1],0,0,[],[],[]],[[{"name":"namaste","rect":[0,0,311,512],"offset":[0,0],"originalSize":[311,512],"capInsets":[0,0,0,0]}],[1],0,[0],[0],[0]],[[[0,"ಅಲ್ಲೇ",".mp3",0.648],-1],0,0,[],[],[]],[[[0,"ಮರೆ",".mp3",0.6],-1],0,0,[],[],[]],[[[0,"ಅ",".mp3",0.456],-1],0,0,[],[],[]],[[[0,"ಮ",".mp3",0.48],-1],0,0,[],[],[]],[[[0,"ಇ",".mp3",0.456],-1],0,0,[],[],[]],[[[0,"ನಮಸ್ಕಾರ",".mp3",0.984],-1],0,0,[],[],[]],[[[1,"kn3702",{"rows":[["phonictractor","1","Description","4","ಸ್ವಲ್ಪ","ಸ್ವಲ್ಪ.mp3","ಸ್ವ","ಸ್ವ.mp3","ಲ್ಪ","ಲ್ಪ.mp3"],["phonictractor","1","Description","4","ಹೊತ್ತು","ಹೊತ್ತು.mp3","ಹೊ","ಹೊ.mp3","ತ್ತು","ತ್ತು.mp3"],["phonictractor","1","Description","4","ಅಲ್ಲೇ","ಅಲ್ಲೇ.mp3","ಅ","ಅ.mp3","ಲ್ಲೇ","ಲ್ಲೇ.mp3"],["phonictractor","1","Description","4","ಸಿದ್ಧರಾಗು","ಸಿದ್ಧರಾಗು.mp3","ಸಿದ್ಧ","ಸಿದ್ಧ.mp3","ರಾಗು","ರಾಗು.mp3"],["spelldoor","1","Description","ನ,ಮ,ಸ್ಕಾ,ರ","****","0","0","namaste.png","ನಮಸ್ಕಾರ.mp3"],["phonictractor","1","Description","4","ಮರೆ","ಮರೆ.mp3","ಮ","ಮ.mp3","ರೆ","ರೆ.mp3"],["phonictractor","1","Description","4","ಇನ್ನೊಮ್ಮೆ","ಇನ್ನೊಮ್ಮೆ.mp3","ಇ","ಇ.mp3","ನ್ನೊ","ನ್ನೊ.mp3","ಮ್ಮೆ","ಮ್ಮೆ.mp3"],["quizliteracy","1","Description","word_word","ರಾಗು","ಮಾಡು","ರಾಗು","ನೊಬ್ಬ","","ಸಿದ್ಧ_____","ಸಿದ್ಧರಾಗು.mp3"],["quizliteracy","1","Description","image_word","ನಮಸ್ಕಾರ","ನಮಸ್ಕಾರ","ಸಿದ್ಧರಾಗು","ಇನ್ನೊಮ್ಮೆ","namaste.png"],["quizliteracy","1","Description","soundonly_word","ಸ್ವಲ್ಪ","ಅಲ್ಲೇ","ಮರೆ","ಸ್ವಲ್ಪ","","","ಸ್ವಲ್ಪ.mp3"]]}]],0,0,[],[],[]],[[[0,"ನ್ನೊ",".mp3",0.6],-1],0,0,[],[],[]],[[[0,"ಹೊ",".mp3",0.528],-1],0,0,[],[],[]],[[[0,"ಲ್ಲೇ",".mp3",0.648],-1],0,0,[],[],[]],[[[0,"ಇನ್ನೊಮ್ಮೆ",".mp3",0.84],-1],0,0,[],[],[]],[[[0,"ಮ್ಮೆ",".mp3",0.672],-1],0,0,[],[],[]],[[[0,"ತ್ತು",".mp3",0.672],-1],0,0,[],[],[]],[[[0,"ರೆ",".mp3",0.528],-1],0,0,[],[],[]],[[[0,"ಲ್ಪ",".mp3",0.648],-1],0,0,[],[],[]],[[[0,"ಹೊತ್ತು",".mp3",0.72],-1],0,0,[],[],[]],[[[0,"ರಾಗು",".mp3",0.72],-1],0,0,[],[],[]]]]