[1,["edaYORPuFF4LvbzyKOFVgy","dd8lAjS51DAqonEeU3+7dF","2cXxC2bVVJTq01EDia5BZx","aad44Rni1O2LYm5GIwtbxm","ffCLc2D9ZERpu8n/CKaZ0K","c38jovI35CZpQgDLc+dUbN","4c66sq2/1KrYKjorP0M00K","87UQy6BwlG4qmKeguSn8g0","26S2dVpIFM5Iv7zQniHcK1"],["_textureSetter"],["cc.SpriteFrame","cc.Texture2D",["cc.AudioClip",["_name","_native","duration"],0],["cc.JsonAsset",["_name","json"],1]],[[2,0,1,2,4],[3,0,1,3]],[[[[0,"टमाटर",".mp3",0.862041],-1],0,0,[],[],[]],[[[0,"अनार",".mp3",0.679184],-1],0,0,[],[],[]],[[[0,"दूध",".mp3",0.548571],-1],0,0,[],[],[]],[[[0,"प्याज",".mp3",0.653061],-1],0,0,[],[],[]],[[{"name":"image_1_2","rect":[0,0,845,695],"offset":[0,0],"originalSize":[845,695],"capInsets":[0,0,0,0]}],[0],0,[0],[0],[0]],[[[0,"चेरी",".mp3",0.626939],-1],0,0,[],[],[]],[["1,9729,9729,33071,33071,0,0,1",-1],[1],0,[],[],[]],[[[0,"मिर्च",".mp3",0.731429],-1],0,0,[],[],[]],[[[0,"सब्जियां",".mp3",0.862041],-1],0,0,[],[],[]],[["1,9729,9729,33071,33071,0,0,1",-1],[1],0,[],[],[]],[[{"name":"image_1_3","rect":[0,0,845,695],"offset":[0,0],"originalSize":[845,695],"capInsets":[0,0,0,0]}],[0],0,[0],[0],[1]],[[[0,"फल",".mp3",0.548571],-1],0,0,[],[],[]],[[[0,"आलू",".mp3",0.679184],-1],0,0,[],[],[]],[[[0,"संतरा",".mp3",0.809796],-1],0,0,[],[],[]],[[{"name":"image_2_3","rect":[0,0,845,695],"offset":[0,0],"originalSize":[845,695],"capInsets":[0,0,0,0]}],[0],0,[0],[0],[2]],[[[0,"आम",".mp3",0.522449],-1],0,0,[],[],[]],[[[0,"ब्रोकोली",".mp3",0.731429],-1],0,0,[],[],[]],[[[0,"अनाज",".mp3",0.835918],-1],0,0,[],[],[]],[[[0,"अमरूद",".mp3",0.653061],-1],0,0,[],[],[]],[["1,9729,9729,33071,33071,0,0,1",-1],[1],0,[],[],[]],[[[0,"पानी",".mp3",0.679184],-1],0,0,[],[],[]],[[{"name":"image_21_2","rect":[0,0,845,695],"offset":[0,0],"originalSize":[845,695],"capInsets":[0,0,0,0]}],[0],0,[0],[0],[3]],[[{"name":"image_2_4","rect":[0,0,845,695],"offset":[0,0],"originalSize":[845,695],"capInsets":[0,0,0,0]}],[0],0,[0],[0],[4]],[[[0,"अंगूर",".mp3",0.783673],-1],0,0,[],[],[]],[[[0,"रस",".mp3",0.679184],-1],0,0,[],[],[]],[[[0,"सोडा",".mp3",1.056],-1],0,0,[],[],[]],[[[0,"खोल",".mp3",0.653061],-1],0,0,[],[],[]],[[[0,"बीज",".mp3",0.757551],-1],0,0,[],[],[]],[["1,9729,9729,33071,33071,0,0,1",-1],[1],0,[],[],[]],[[[0,"पेय_पदार्थ",".mp3",3.317551],-1],0,0,[],[],[]],[[[0,"आहार",".mp3",0.731429],-1],0,0,[],[],[]],[[[0,"नारियल",".mp3",0.888163],-1],0,0,[],[],[]],[[[0,"केला",".mp3",0.757551],-1],0,0,[],[],[]],[[[1,"hi1402",{"rows":[["tag","1","Description","image_1_3.jpg","फल","280.-1520","फल.mp3","केला","1247.-753","केला.mp3","संतरा","253.-899","संतरा.mp3","चेरी","806.-1198","चेरी.mp3"],["tag","1","Description","image_1_4.jpg","फल","280.-1520","फल.mp4","आम","1188.-1172","आम.mp3","अनानास","531.-1265","अनानास.mp3","नारियल","531.-463","नारियल.mp3"],["tag","1","Description","image_21_3.jpg","फल","280.-1520","फल.mp3","अनार","520.-1263","अनार.mp3","पपीता","1325.-1082","पपीता.mp3","कटहल","1176.-475","कटहल.mp3","अमरूद","403.-424","अमरूद.mp3"],["tag","1","Description","image_2_1.jpg","फल","280.-1520","फल.mp3","सेब","1116.-1019","सेब.mp3","पपीता","373.-577","पपीता.mp3","अंगूर","1305.-448","अंगूर.mp3","आड़ू","814.-1200","आड़ू.mp3"],["tag","1","Description","image_2_2.jpg","फल","280.-1520","फल.mp3","नारियल","313.-692","नारियल.mp3","खोल","313.-457","खोल.mp3","पपीता","1239.-1282","पपीता.mp3","बीज","1239.-1028","बीज.mp3"],["tag","1","Description","image_1_2.jpg","सब्ज़ियाँ","280.-1520","सब्जियां.mp3","टमाटर","292.-607","टमाटर.mp3","आलू","1298.-740","आलू.mp3","प्याज","1078.-1243","प्याज.mp3"],["tag","1","Description","image_21_2.jpg","सब्ज़ियाँ","280.-1520","सब्जियां.mp3","गाजर","1296.-1025","गाजर.mp3","बैंगन","405.-592","बैंगन.mp3","मिर्च","247.-1197","मिर्च.mp3","ब्रोकोली","962.-1295","ब्रोकोली.mp3"],["tag","1","Description","image_2_3.jpg","पेय पदार्थ","746.-944","पेय_पदार्थ.mp3","पानी","255.-446","पानी.mp3","दूध","1333.-385","दूध.mp3","रस","1307.-1392","रस.mp3","कॉफ़ी","476.-1538","कॉफ़ी.mp3","सोडा","774.-312","सोडा.mp3"],["tag","1","Description","image_2_4.jpg","आहार","280.-1520","आहार.mp3","फल","416.-1169","फल.mp3","सब्ज़ियाँ","1220.-518","सब्जियां.mp3","मांस","423.-664","मांस.mp3","अनाज","1161.-1190","अनाज.mp3"],["quizliteracy","1","Description","sentence_sentence","अनार","मैं","अनार","तू","","संज्ञा शब्द चुनें","संज्ञा_शब्द_चुनें.mp3"],["quizliteracy","1","Description","sentence_sentence","संतरा","संतरा","हम","आप","","संज्ञा शब्द चुनें","संज्ञा_शब्द_चुनें.mp3"],["quizliteracy","1","Description","sentence_sentence","टमाटर","टमाटर","वह","तू","","संज्ञा शब्द चुनें","संज्ञा_शब्द_चुनें.mp3"],["quizliteracy","1","Description","sentence_sentence","नारियल","नारियल","मैंने","आप","","संज्ञा शब्द चुनें","संज्ञा_शब्द_चुनें.mp3"],["quizliteracy","1","Description","sentence_sentence","दूध","वह","दूध","क्या","","संज्ञा शब्द चुनें","संज्ञा_शब्द_चुनें.mp3"],["quizliteracy","1","Description","sentence_sentence","अमरूद","उसे","क्या","अमरूद","","संज्ञा शब्द चुनें","संज्ञा_शब्द_चुनें.mp3"]]}]],0,0,[],[],[]],[["1,9729,9729,33071,33071,0,0,1",-1],[1],0,[],[],[]],[[[0,"कॉफ़ी",".mp3",0.731429],-1],0,0,[],[],[]],[[{"name":"image_1_4","rect":[0,0,845,695],"offset":[0,0],"originalSize":[845,695],"capInsets":[0,0,0,0]}],[0],0,[0],[0],[5]],[[[0,"आड़ू",".mp3",0.679184],-1],0,0,[],[],[]],[["1,9729,9729,33071,33071,0,0,1",-1],[1],0,[],[],[]],[[[0,"मांस",".mp3",0.862041],-1],0,0,[],[],[]],[[{"name":"image_2_1","rect":[0,0,845,695],"offset":[0,0],"originalSize":[845,695],"capInsets":[0,0,0,0]}],[0],0,[0],[0],[6]],[[[0,"अनानास",".mp3",1.272],-1],0,0,[],[],[]],[[[0,"सेब",".mp3",0.653061],-1],0,0,[],[],[]],[[{"name":"image_21_3","rect":[0,0,845,695],"offset":[0,0],"originalSize":[845,695],"capInsets":[0,0,0,0]}],[0],0,[0],[0],[7]],[[[0,"पपीता",".mp3",0.731429],-1],0,0,[],[],[]],[["1,9729,9729,33071,33071,0,0,1",-1],[1],0,[],[],[]],[[[0,"गाजर",".mp3",0.783673],-1],0,0,[],[],[]],[[{"name":"image_2_2","rect":[0,0,845,695],"offset":[0,0],"originalSize":[845,695],"capInsets":[0,0,0,0]}],[0],0,[0],[0],[8]],[[[0,"बैंगन",".mp3",0.809796],-1],0,0,[],[],[]],[["1,9729,9729,33071,33071,0,0,1",-1],[1],0,[],[],[]],[[[0,"कटहल",".mp3",0.600816],-1],0,0,[],[],[]],[[[0,"संज्ञा_शब्द_चुनें",".mp3",2.592],-1],0,0,[],[],[]],[["1,9729,9729,33071,33071,0,0,1",-1],[1],0,[],[],[]]]]