[1,["72QEIday5PnKVyUHeLZcq9","e7AqEu+Z9Jv6rToirP9Fkr","0c9S9EQ9BH9JbMm7XvsPv0","d50gsTIeJE4600Ym9dBGfz","d38ShkvGlP+6GOSpaarDvU","fflwUURbFGC4oUyhehfHnF","15b5hndztHMo/fTOFpm8gW","85HWmPtdxJWrI5YhPgsk5g","50JVyYsjVKD6COu8bVZNeG","39VaGw7kdJdocduWwUi5fD","50DSP1sGtBwojgiz+KEWgg","5fTLUDdsNGz5BkL9sV7vrF"],["_textureSetter"],["cc.Texture2D","cc.SpriteFrame",["cc.JsonAsset",["_name","json"],1]],[[2,0,1,3]],[[["0,9729,9729,33071,33071,0,0,1",-1],[0],0,[],[],[]],[["0,9729,9729,33071,33071,0,0,1",-1],[0],0,[],[],[]],[[{"name":"triangle_halfleft","rect":[0,1,143,248],"offset":[-71,-0.5],"originalSize":[285,249],"capInsets":[0,0,0,0]}],[1],0,[0],[0],[0]],[["0,9729,9729,33071,33071,0,0,1",-1],[0],0,[],[],[]],[["0,9729,9729,33071,33071,0,0,1",-1],[0],0,[],[],[]],[["0,9729,9729,33071,33071,0,0,1",-1],[0],0,[],[],[]],[["0,9729,9729,33071,33071,0,0,1",-1],[0],0,[],[],[]],[[{"name":"snowman_halfleft","rect":[0,1,104,330],"offset":[-52.5,-0.5],"originalSize":[209,331],"capInsets":[0,0,0,0]}],[1],0,[0],[0],[1]],[["0,9729,9729,33071,33071,0,0,1",-1],[0],0,[],[],[]],[[{"name":"addition_blue","rect":[0,0,282,282],"offset":[0,0],"originalSize":[282,282],"capInsets":[0,0,0,0]}],[1],0,[0],[0],[2]],[[{"name":"triangle_blue","rect":[0,0,285,249],"offset":[0,0],"originalSize":[285,249],"capInsets":[0,0,0,0]}],[1],0,[0],[0],[3]],[["0,9729,9729,33071,33071,0,0,1",-1],[0],0,[],[],[]],[[{"name":"star_blue","rect":[0,0,297,283],"offset":[0,0],"originalSize":[297,283],"capInsets":[0,0,0,0]}],[1],0,[0],[0],[4]],[[{"name":"snowman_blue","rect":[0,0,209,331],"offset":[0,0],"originalSize":[209,331],"capInsets":[0,0,0,0]}],[1],0,[0],[0],[5]],[[[0,"puzzle0010",{"rows":[["matchbox","1","Description","8.0","triangle_halfleft.png","star_halfleft.png","snowman_halfleft.png","addition_halfleft.png","triangle_blue.png","star_blue.png","snowman_blue.png","addition_blue.png"],["matchbox","1","Description","8.0","triangle_blue.png","star_blue.png","snowman_blue.png","addition_blue.png","triangle_halfright.png","star_halfright.png","snowman_halfright.png","addition_halfright.png"]]}]],0,0,[],[],[]],[[{"name":"addition_halfright","rect":[142,0,140,282],"offset":[71,0],"originalSize":[282,282],"capInsets":[0,0,0,0]}],[1],0,[0],[0],[6]],[[{"name":"addition_halfleft","rect":[0,0,142,282],"offset":[-70,0],"originalSize":[282,282],"capInsets":[0,0,0,0]}],[1],0,[0],[0],[7]],[["0,9729,9729,33071,33071,0,0,1",-1],[0],0,[],[],[]],[["0,9729,9729,33071,33071,0,0,1",-1],[0],0,[],[],[]],[[{"name":"star_halfleft","rect":[0,1,149,282],"offset":[-74,-0.5],"originalSize":[297,283],"capInsets":[0,0,0,0]}],[1],0,[0],[0],[8]],[[{"name":"snowman_halfright","rect":[104,1,104,330],"offset":[51.5,-0.5],"originalSize":[209,331],"capInsets":[0,0,0,0]}],[1],0,[0],[0],[9]],[[{"name":"triangle_halfright","rect":[143,2,142,247],"offset":[71.5,-1],"originalSize":[285,249],"capInsets":[0,0,0,0]}],[1],0,[0],[0],[10]],[["0,9729,9729,33071,33071,0,0,1",-1],[0],0,[],[],[]],[[{"name":"star_halfright","rect":[149,1,148,282],"offset":[74.5,-0.5],"originalSize":[297,283],"capInsets":[0,0,0,0]}],[1],0,[0],[0],[11]],[["0,9729,9729,33071,33071,0,0,1",-1],[0],0,[],[],[]]]]