[1,["c2SD5UW1hGraYM/9Taz8bq","1bit65F2xJgoP0x0kYOQol","27K/L3TftJjq5M1Hz/xlUW","07J8tPvRtCj7yn+EjymUSp","f3/jjjhGJF6IwMO7zC+Pwp","5eIdGFF11HkpUA/YVEuOuD","3cZf/JEc1LGoKileu+OI0Z","60POpVuitOxZLWIwqPVqKn","74IOsfKedBMoL7MxxpNzwR","cdS5BtCehF94cxXrnZ+qqz"],["_textureSetter"],["cc.SpriteFrame","cc.Texture2D",["cc.AudioClip",["_name","_native","duration"],0],["cc.JsonAsset",["_name","json"],1]],[[2,0,1,2,4],[3,0,1,3]],[[[{"name":"मेंढक","rect":[0,0,271,271],"offset":[0,0],"originalSize":[271,271],"capInsets":[0,0,0,0]}],[0],0,[0],[0],[0]],[["0,9729,9729,33071,33071,0,0,1",-1],[1],0,[],[],[]],[[[0,"गेंदा",".mp3",0.888163],-1],0,0,[],[],[]],[[{"name":"चाय","rect":[0,0,193,153],"offset":[0,0],"originalSize":[193,153],"capInsets":[0,0,0,0]}],[0],0,[0],[0],[1]],[[[0,"पेड",".mp3",0.757551],-1],0,0,[],[],[]],[["0,9729,9729,33071,33071,0,0,1",-1],[1],0,[],[],[]],[[[0,"जलेबी",".mp3",1.07102],-1],0,0,[],[],[]],[["0,9729,9729,33071,33071,0,0,1",-1],[1],0,[],[],[]],[["0,9729,9729,33071,33071,0,0,1",-1],[1],0,[],[],[]],[[{"name":"चिंपांज़ी","rect":[0,0,193,153],"offset":[0,0],"originalSize":[193,153],"capInsets":[0,0,0,0]}],[0],0,[0],[0],[2]],[[{"name":"गेंदा","rect":[0,0,193,153],"offset":[0,0],"originalSize":[193,153],"capInsets":[0,0,0,0]}],[0],0,[0],[0],[3]],[[[0,"शेर",".mp3",0.966531],-1],0,0,[],[],[]],[["0,9729,9729,33071,33071,0,0,1",-1],[1],0,[],[],[]],[[{"name":"सफ़ेद","rect":[0,0,370,273],"offset":[0,0],"originalSize":[370,273],"capInsets":[0,0,0,0]}],[0],0,[0],[0],[4]],[["0,9729,9729,33071,33071,0,0,1",-1],[1],0,[],[],[]],[[{"name":"शेर","rect":[0,0,193,153],"offset":[0,0],"originalSize":[193,153],"capInsets":[0,0,0,0]}],[0],0,[0],[0],[5]],[["0,9729,9729,33071,33071,0,0,1",-1],[1],0,[],[],[]],[[{"name":"फूल","rect":[0,0,193,153],"offset":[0,0],"originalSize":[193,153],"capInsets":[0,0,0,0]}],[0],0,[0],[0],[6]],[[[1,"hi0710",{"rows":[["spelldoor","1","Description","पेड़","**","4","2","पेड.png","पेड.mp3"],["spelldoor","1","Description","सफ़ेद","स*द","2","0","सफ़ेद.png","सफ़ेद.mp3"],["openwindow","1","Description","LEGIT","पे,ड़","पेड.png","फूल.png","पेड.mp3","ज,ग,न,ल,फ,छा,ता,र,थ,व,न,घ,ट्र,क,घो,ड़ा,हा,थी,आ,म,स"],["openwindow","1","Description","LEGIT","गें,दा","गेंदा.png","सूरजमुखी.png","गेंदा.mp3","ज,ग,न,ल,फ,छा,ता,र,थ,व,न,घ,ट्र,क,घो,ड़ा,हा,थी,आ,म,स"],["openwindow","1","Description","LEGIT","शे,र","शेर.png","चाय.png","शेर.mp3","ज,ग,न,ल,फ,छा,ता,र,थ,व,न,घ,ट्र,क,घो,ड़ा,हा,थी,आ,म,स"],["openwindow","1","Description","LEGIT","ज,ले,बी","जलेबी.png","चिंपांज़ी.png","जलेबी.mp3","ज,ग,न,ल,फ,छा,ता,र,थ,व,न,घ,ट्र,क,घो,ड़ा,हा,थी,आ,म,स"],["rocket","1","Description","मेंढक","में,ढ,क","में,ढ,क","मेंढक.mp3","मेंढक.png","false ","true "],["quizliteracy","1","Description","soundonly_word","सफ़ेद","शेर","सफ़ेद","जलेबी","","","सफ़ेद.mp3"],["quizliteracy","1","Description","image_word","शेर","सफ़ेद","जलेबी","शेर","शेर.png"],["quizliteracy","1","Description","soundonly_word","जलेबी","जलेबी","शेर","सफ़ेद","","","जलेबी.mp3"]]}]],0,0,[],[],[]],[["0,9729,9729,33071,33071,0,0,1",-1],[1],0,[],[],[]],[["0,9729,9729,33071,33071,0,0,1",-1],[1],0,[],[],[]],[[[0,"मेंढक",".mp3",0.914286],-1],0,0,[],[],[]],[[{"name":"जलेबी","rect":[0,0,193,153],"offset":[0,0],"originalSize":[193,153],"capInsets":[0,0,0,0]}],[0],0,[0],[0],[7]],[[{"name":"पेड","rect":[0,0,193,153],"offset":[0,0],"originalSize":[193,153],"capInsets":[0,0,0,0]}],[0],0,[0],[0],[8]],[[{"name":"सूरजमुखी","rect":[0,0,193,153],"offset":[0,0],"originalSize":[193,153],"capInsets":[0,0,0,0]}],[0],0,[0],[0],[9]],[["0,9729,9729,33071,33071,0,0,1",-1],[1],0,[],[],[]],[[[0,"सफ़ेद",".mp3",0.966531],-1],0,0,[],[],[]]]]