[1,["feZK0ai6tAPYIm+/5UPqij","6e/lZ4XsxDjqgxbkEQ1wqq","16Vxgz/oVHQKTbDmiVNoJc"],["_textureSetter"],["cc.Texture2D","cc.SpriteFrame",["cc.AudioClip",["_name","_native","duration"],0],["cc.JsonAsset",["_name","json"],1]],[[2,0,1,2,4],[3,0,1,3]],[[[[0,"ತಿ",".mp3",0.504],-1],0,0,[],[],[]],[[[0,"ದೃಷ್ಟಿ",".mp3",0.816],-1],0,0,[],[],[]],[["0,9729,9729,33071,33071,0,0,1",-1],[0],0,[],[],[]],[[[0,"ವ",".mp3",0.48],-1],0,0,[],[],[]],[[[0,"ದ್",".mp3",0.504],-1],0,0,[],[],[]],[[[0,"ವಜ್ರ",".mp3",0.696],-1],0,0,[],[],[]],[[{"name":"diamong","rect":[0,0,512,287],"offset":[0,0],"originalSize":[512,287],"capInsets":[0,0,0,0]}],[1],0,[0],[0],[0]],[[[0,"ಧ್",".mp3",0.552],-1],0,0,[],[],[]],[[[0,"ಜ್ರ",".mp3",0.6],-1],0,0,[],[],[]],[[[0,"ಪ್ರತಿಭೆ",".mp3",0.792],-1],0,0,[],[],[]],[[[0,"ರಾ",".mp3",0.504],-1],0,0,[],[],[]],[[[0,"ಕ್ಷಿ",".mp3",0.6],-1],0,0,[],[],[]],[["0,9729,9729,33071,33071,0,0,1",-1],[0],0,[],[],[]],[[[0,"ಭೆ",".mp3",0.552],-1],0,0,[],[],[]],[[[0,"ರ",".mp3",0.48],-1],0,0,[],[],[]],[[[0,"ಪ್",".mp3",0.504],-1],0,0,[],[],[]],[[{"name":"vision","rect":[0,0,400,308],"offset":[0,0],"originalSize":[400,308],"capInsets":[0,0,0,0]}],[1],0,[0],[0],[1]],[[[0,"ಜ್",".mp3",0.576],-1],0,0,[],[],[]],[[[1,"kn2808",{"rows":[["phonictractor","1","Description","6","ಪ್ರ","ಪ್ರ.mp3","ಪ್","ಪ್.mp3","ರ","ರ.mp3"],["phonictractor","1","Description","6","ಪ್ರತಿಭೆ","ಪ್ರತಿಭೆ.mp3","ಪ್ರ","ಪ್ರ.mp3","ತಿ","ತಿ.mp3","ಭೆ","ಭೆ.mp3"],["phonictractor","1","Description","6","ಧ್ರು","ಧ್ರು.mp3","ಧ್","ಧ್.mp3","ರು","ರು.mp3"],["phonictractor","1","Description","6","ಧ್ರುವ","ಧ್ರುವ.mp3","ಧ್ರು","ಧ್ರು.mp3","ವ","ವ.mp3"],["spelldoor","1","Description","ದೃ,ಷ್ಟಿ","**","0","0","vision.png","ದೃಷ್ಟಿ.mp3"],["phonictractor","1","Description","6","ಜ್ರ","ಜ್ರ.mp3","ಜ್","ಜ್.mp3","ರ","ರ.mp3"],["spelldoor","1","Description","ವ,ಜ್ರ","**","0","0","diamong.png","ವಜ್ರ.mp3"],["phonictractor","1","Description","6","ದ್ರಾಕ್ಷಿ","ದ್ರಾಕ್ಷಿ.mp3","ದ್ರಾ","ದ್ರಾ.mp3","ಕ್ಷಿ","ಕ್ಷಿ.mp3"],["spelldoor","1","Description","ದ್ರಾ,ಕ್ಷಿ","**","0","0","grapes.png","ದ್ರಾಕ್ಷಿ.mp3"],["quizliteracy","1","Description","word_word","ತಿಭೆ","ಣವ","ಸಾದ","ತಿಭೆ","","ಪ್ರ____","ಪ್ರತಿಭೆ.mp3"],["quizliteracy","1","Description","image_word","ವಜ್ರ","ವಜ್ರ","ದ್ರಾಕ್ಷಿ","ಧ್ರುವ","diamong.png"],["quizliteracy","1","Description","soundonly_word","ಧ್ರುವ","ದೃಷ್ಟಿ","ಧ್ರುವ","ದ್ರಾಕ್ಷಿ","","","ಧ್ರುವ.mp3"]]}]],0,0,[],[],[]],[[[0,"ರು",".mp3",0.528],-1],0,0,[],[],[]],[[[0,"ದ್ರಾ",".mp3",0.6],-1],0,0,[],[],[]],[[{"name":"grapes","rect":[0,0,512,341],"offset":[0,0],"originalSize":[512,341],"capInsets":[0,0,0,0]}],[1],0,[0],[0],[2]],[[[0,"ದ್ರಾಕ್ಷಿ",".mp3",0.864],-1],0,0,[],[],[]],[[[0,"ಪ್ರ",".mp3",0.528],-1],0,0,[],[],[]],[[[0,"ಧ್ರುವ",".mp3",0.672],-1],0,0,[],[],[]],[[[0,"ಧ್ರು",".mp3",0.6],-1],0,0,[],[],[]],[["0,9729,9729,33071,33071,0,0,1",-1],[0],0,[],[],[]]]]