[1,["b82wHjbExECohO9EcdyGHn","c1uTtHD9BPYLllUWzuLUTP","4cAoKLSW9AsLthCU0qGOf5","f3dCVqcDBAobXa0e+KvvKa","1fQkNWEWNMQKUJfqntqV43","79cY1eXepBUIMs6d/m4HSl"],["_textureSetter"],["cc.SpriteFrame","cc.Texture2D",["cc.AudioClip",["_name","_native","duration"],0],["cc.JsonAsset",["_name","json"],1]],[[2,0,1,2,4],[3,0,1,3]],[[[[0,"ಮೂಗುತಿ",".mp3",0.864],-1],0,0,[],[],[]],[[{"name":"boot","rect":[0,0,384,512],"offset":[0,0],"originalSize":[384,512],"capInsets":[0,0,0,0]}],[0],0,[0],[0],[0]],[["0,9729,9729,33071,33071,0,0,1",-1],[1],0,[],[],[]],[[{"name":"needle","rect":[0,0,512,358],"offset":[0,0],"originalSize":[512,358],"capInsets":[0,0,0,0]}],[0],0,[0],[0],[1]],[[{"name":"nosepin","rect":[0,0,512,340],"offset":[0,0],"originalSize":[512,340],"capInsets":[0,0,0,0]}],[0],0,[0],[0],[2]],[["0,9729,9729,33071,33071,0,0,1",-1],[1],0,[],[],[]],[[{"name":"flower","rect":[0,0,512,378],"offset":[0,0],"originalSize":[512,378],"capInsets":[0,0,0,0]}],[0],0,[0],[0],[3]],[[[0,"ಸೂಜಿ",".mp3",0.816],-1],0,0,[],[],[]],[[[0,"ಹೂವು",".mp3",0.696],-1],0,0,[],[],[]],[["0,9729,9729,33071,33071,0,0,1",-1],[1],0,[],[],[]],[[{"name":"nose","rect":[0,0,512,378],"offset":[0,0],"originalSize":[512,378],"capInsets":[0,0,0,0]}],[0],0,[0],[0],[4]],[[{"name":"longneckedjug","rect":[0,0,500,500],"offset":[0,0],"originalSize":[500,500],"capInsets":[0,0,0,0]}],[0],0,[0],[0],[5]],[[[1,"kn4206",{"rows":[["spelldoor","1","Description","ಮೂಗು","*ಗು","0","0","nose.png","ಮೂಗು.mp3"],["spelldoor","1","Description","ಹೂಜಿ","*ಜಿ","0","0","longneckedjug.png","ಹೂಜಿ.mp3"],["spelldoor","1","Description","ಬೂಟು","*ಟು","0","0","boot.png","ಬೂಟು.mp3"],["spelldoor","1","Description","ಹೂವು","*ವು","0","0","flower.png","ಹೂವು.mp3"],["spelldoor","1","Description","ಸೂಜಿ","*ಜಿ","0","0","needle.png","ಸೂಜಿ.mp3"],["spelldoor","1","Description","ಮೂಗುತಿ","*ಗುತಿ","0","0","nosepin.png","ಮೂಗುತಿ.mp3"],["quizliteracy","1","Description","word_word","ಗುತಿ","ಷಿಕ","ಲಕ","ಗುತಿ","","ಮೂ","ಮೂಗುತಿ.mp3"],["quizliteracy","1","Description","image_word","ಮೂಗು","ಮೂಗು","ಹೂವು","ಸೂಜಿ","nose.png"],["quizliteracy","1","Description","soundonly_word","ಸೂಜಿ","ಬೂಟು","ಸೂಜಿ","ಮೂಗು","","","ಸೂಜಿ.mp3"]]}]],0,0,[],[],[]],[["0,9729,9729,33071,33071,0,0,1",-1],[1],0,[],[],[]],[["0,9729,9729,33071,33071,0,0,1",-1],[1],0,[],[],[]],[[[0,"ಮೂಗು",".mp3",0.72],-1],0,0,[],[],[]],[[[0,"ಬೂಟು",".mp3",0.768],-1],0,0,[],[],[]],[["0,9729,9729,33071,33071,0,0,1",-1],[1],0,[],[],[]],[[[0,"ಹೂಜಿ",".mp3",0.72],-1],0,0,[],[],[]]]]