[1,["7etxQhR4pIW5/J8S5eKu0C","ed9X25XVlPuaJMC4ziwrBS","3bd8MJqtJBErWEB9uRTWuD","bdzb5MpnJNJYtPsvkWbIRj","01JgFKPZhMdLiReI/sfs/k","4b5QLSLztGm5BnH1Eh14KJ","eb7HR18e5CRp2/PV0jIIZ7"],["_textureSetter"],["cc.Texture2D","cc.SpriteFrame",["cc.AudioClip",["_name","_native","duration"],0],["cc.JsonAsset",["_name","json"],1]],[[2,0,1,2,4],[3,0,1,3]],[[[[0,"fifteenth",".mp3",1.128],-1],0,0,[],[],[]],[["0,9729,9729,33071,33071,0,0,1",-1],[0],0,[],[],[]],[[{"name":"fifteenth","rect":[0,0,512,319],"offset":[0,0],"originalSize":[512,319],"capInsets":[0,0,0,0]}],[1],0,[0],[0],[0]],[[{"name":"seventeenth","rect":[0,0,512,319],"offset":[0,0],"originalSize":[512,319],"capInsets":[0,0,0,0]}],[1],0,[0],[0],[1]],[[[0,"eighteenth",".mp3",1.008],-1],0,0,[],[],[]],[[{"name":"thirtieth","rect":[0,0,512,368],"offset":[0,0],"originalSize":[512,368],"capInsets":[0,0,0,0]}],[1],0,[0],[0],[2]],[[{"name":"nineteenth","rect":[0,0,512,368],"offset":[0,0],"originalSize":[512,368],"capInsets":[0,0,0,0]}],[1],0,[0],[0],[3]],[[[1,"sl_en3506",{"rows":[["openwindow1","1","Description","LEGIT","fifteenth","fifteenth.png","twentieth.png","fifteenth.mp3",""],["openwindow1","1","Description","LEGIT","sixteenth","sixteenth.png","nineteenth.png","sixteenth.mp3",""],["openwindow1","1","Description","LEGIT","seventeenth","seventeenth.png","fifteenth.png","seventeenth.mp3",""],["openwindow1","1","Description","LEGIT","eighteenth","eighteenth.png","nineteenth.png","eighteenth.mp3",""],["openwindow1","1","Description","LEGIT","nineteenth","nineteenth.png","thirtieth.png","nineteenth.mp3",""],["openwindow1","1","Description","LEGIT","twentieth","twentieth.png","sixteenth.png","twentieth.mp3",""],["openwindow1","1","Description","LEGIT","thirtieth","thirtieth.png","fifteenth.png","thirtieth.mp3",""],["quizliteracy","1","Description","image_sentence","sixteenth","fifteenth","sixteenth","twentieth","sixteenth.png","","sixteenth.mp3"],["quizliteracy","1","Description","image_sentence","twentieth","eleventh","twentieth","thirtieth","twentieth.png","","twentieth.mp3"],["quizliteracy","1","Description","image_sentence","thirtieth","thirtieth","twelfth","fifteenth","thirtieth.png","","thirtieth.mp3"]]}]],0,0,[],[],[]],[["0,9729,9729,33071,33071,0,0,1",-1],[0],0,[],[],[]],[["0,9729,9729,33071,33071,0,0,1",-1],[0],0,[],[],[]],[[[0,"thirtieth",".mp3",0.96],-1],0,0,[],[],[]],[["0,9729,9729,33071,33071,0,0,1",-1],[0],0,[],[],[]],[[[0,"twentieth",".mp3",0.984],-1],0,0,[],[],[]],[[[0,"sixteenth",".mp3",1.224],-1],0,0,[],[],[]],[[{"name":"twentieth","rect":[0,0,683,491],"offset":[0,0],"originalSize":[683,491],"capInsets":[0,0,0,0]}],[1],0,[0],[0],[4]],[[{"name":"sixteenth","rect":[0,0,512,319],"offset":[0,0],"originalSize":[512,319],"capInsets":[0,0,0,0]}],[1],0,[0],[0],[5]],[["0,9729,9729,33071,33071,0,0,1",-1],[0],0,[],[],[]],[[{"name":"eighteenth","rect":[0,0,512,368],"offset":[0,0],"originalSize":[512,368],"capInsets":[0,0,0,0]}],[1],0,[0],[0],[6]],[[[0,"nineteenth",".mp3",1.152],-1],0,0,[],[],[]],[["0,9729,9729,33071,33071,0,0,1",-1],[0],0,[],[],[]],[["0,9729,9729,33071,33071,0,0,1",-1],[0],0,[],[],[]],[[[0,"seventeenth",".mp3",1.272],-1],0,0,[],[],[]]]]