[1,["23QveNmh5MI7LRvT/ZG2Az","8cQJcRMvNPMIB6ugHL3Onl","69L8mlddRLpZ8opEiZYrYP","3arMLGY1xH7rgK5ELcyNGq","d2TzEG84FKs4tB7eOl/XlE","deacHip+NPNb+c5QClO419","b29tc5nZNDX5Wbz2NNPTwk","b3vWoe3E1Ka4Rq4eBTfUj2"],["_textureSetter"],["cc.SpriteFrame","cc.Texture2D",["cc.AudioClip",["_name","_native","duration"],0],["cc.JsonAsset",["_name","json"],1]],[[2,0,1,2,4],[3,0,1,3]],[[[[0,"डोरी",".mp3",0.936],-1],0,0,[],[],[]],[[{"name":"खाना","rect":[0,0,656,604],"offset":[0,0],"originalSize":[656,604],"capInsets":[0,0,0,0]}],[0],0,[0],[0],[0]],[[[0,"ओदा",".mp3",0.816],-1],0,0,[],[],[]],[[{"name":"तोता","rect":[0,0,657,693],"offset":[0,0],"originalSize":[657,693],"capInsets":[0,0,0,0]}],[0],0,[0],[0],[1]],[[[1,"hi0801",{"rows":[["grid","1","Description","ओ,बो,खो,वो","दा"],["openwindow","1","Description","LEGIT","गो,ल","गोल.png","त्रिकोण.png","गोल.mp3","ज,ग,न,ल,फ,छा,ता,र,थ,व,न,घ,ट्र,क,घो,ड़ा,हा,थी,आ,म,स"],["openwindow","1","Description","LEGIT","ख,र,गो,श","खरगोश.png","तरबूज.png","खरगोश.mp3","ज,ग,न,ल,फ,छा,ता,र,थ,व,न,घ,ट्र,क,घो,ड़ा,हा,थी,आ,म,स"],["rocket","1","Description","तोता","तो,ता","तो,ता","तोता.mp3","तोता.png","false ","false "],["rocket","1","Description","रोटी","रो,टी","रो,टी","रोटी.mp3","रोटी.png","true ","false "],["spelldoor","1","Description","डोरी","*री","0","1","डोरी.png","डोरी.mp3"],["spelldoor","1","Description","भोजन","*जन","0","2","खाना.png","भोजन.mp3"],["quizliteracy","1","Description","soundonly_word","गोल","खरगोश","रोटी","गोल","","","गोल.mp3"],["quizliteracy","1","Description","image_word","रोटी","रोटी","गोल","खरगोश","रोटी.png"],["quizliteracy","1","Description","soundonly_word","खरगोश","गोल","खरगोश","रोटी","","","खरगोश.mp3"]]}]],0,0,[],[],[]],[[[0,"खोदा",".mp3",0.984],-1],0,0,[],[],[]],[["0,9729,9729,33071,33071,0,0,1",-1],[1],0,[],[],[]],[[{"name":"त्रिकोण","rect":[0,0,193,153],"offset":[0,0],"originalSize":[193,153],"capInsets":[0,0,0,0]}],[0],0,[0],[0],[2]],[[[0,"खरगोश",".mp3",0.966531],-1],0,0,[],[],[]],[["0,9729,9729,33071,33071,0,0,1",-1],[1],0,[],[],[]],[[[0,"रोटी",".mp3",0.731429],-1],0,0,[],[],[]],[["0,9729,9729,33071,33071,0,0,1",-1],[1],0,[],[],[]],[[{"name":"तरबूज","rect":[0,0,193,153],"offset":[0,0],"originalSize":[193,153],"capInsets":[0,0,0,0]}],[0],0,[0],[0],[3]],[[{"name":"रोटी","rect":[0,0,370,273],"offset":[0,0],"originalSize":[370,273],"capInsets":[0,0,0,0]}],[0],0,[0],[0],[4]],[[{"name":"डोरी","rect":[0,0,516,516],"offset":[0,0],"originalSize":[516,516],"capInsets":[0,0,0,0]}],[0],0,[0],[0],[5]],[["0,9729,9729,33071,33071,0,0,1",-1],[1],0,[],[],[]],[[[0,"तोता",".mp3",0.984],-1],0,0,[],[],[]],[[[0,"वोदा",".mp3",0.96],-1],0,0,[],[],[]],[["0,9729,9729,33071,33071,0,0,1",-1],[1],0,[],[],[]],[["0,9729,9729,33071,33071,0,0,1",-1],[1],0,[],[],[]],[[[0,"गोल",".mp3",0.757551],-1],0,0,[],[],[]],[[[0,"भोजन",".mp3",1.056],-1],0,0,[],[],[]],[["0,9729,9729,33071,33071,0,0,1",-1],[1],0,[],[],[]],[[{"name":"खरगोश","rect":[0,0,193,153],"offset":[0,0],"originalSize":[193,153],"capInsets":[0,0,0,0]}],[0],0,[0],[0],[6]],[["0,9729,9729,33071,33071,0,0,1",-1],[1],0,[],[],[]],[[{"name":"गोल","rect":[0,0,370,273],"offset":[0,0],"originalSize":[370,273],"capInsets":[0,0,0,0]}],[0],0,[0],[0],[7]],[[[0,"बोदा",".mp3",0.936],-1],0,0,[],[],[]]]]