[1,["6e1j4/KVhKu7xxCSC7opS0","02CRACLe5L7qQcydlQY7VF","95A+XJ4pdFCYx1qTMt2ZvC","0a/XhpzMZOEZO3uYPg0630","c4Ngos7hlAV6lupedU11uw","580FAyH0tJ8aytZljBmjYz","aaxq7qCLJOGqcezTn2Z04e","fewtFubYVPzqITKsdmK1V6"],["_textureSetter"],["cc.Texture2D","cc.SpriteFrame",["cc.AudioClip",["_name","_native","duration"],0],["cc.JsonAsset",["_name","json"],1]],[[2,0,1,2,4],[3,0,1,3]],[[["0,9729,9729,33071,33071,0,0,1",-1],[0],0,[],[],[]],[[{"name":"shoes","rect":[0,0,512,507],"offset":[0,0],"originalSize":[512,507],"capInsets":[0,0,0,0]}],[1],0,[0],[0],[0]],[["0,9729,9729,33071,33071,0,0,1",-1],[0],0,[],[],[]],[[[0,"mittens",".mp3",1.176],-1],0,0,[],[],[]],[[{"name":"frock","rect":[0,0,360,469],"offset":[0,0],"originalSize":[360,469],"capInsets":[0,0,0,0]}],[1],0,[0],[0],[1]],[[{"name":"cap","rect":[0,0,512,384],"offset":[0,0],"originalSize":[512,384],"capInsets":[0,0,0,0]}],[1],0,[0],[0],[2]],[[[0,"cap",".mp3",0.792],-1],0,0,[],[],[]],[[{"name":"gown","rect":[0,0,263,480],"offset":[0,0],"originalSize":[263,480],"capInsets":[0,0,0,0]}],[1],0,[0],[0],[3]],[["0,9729,9729,33071,33071,0,0,1",-1],[0],0,[],[],[]],[[[0,"gown",".mp3",0.96],-1],0,0,[],[],[]],[["0,9729,9729,33071,33071,0,0,1",-1],[0],0,[],[],[]],[[[0,"raincoat",".mp3",1.224],-1],0,0,[],[],[]],[[{"name":"raincoat","rect":[0,0,479,512],"offset":[0,0],"originalSize":[479,512],"capInsets":[0,0,0,0]}],[1],0,[0],[0],[4]],[[[1,"en1921",{"rows":[["spelldoor","1","Description","mittens","****ens","4","2","mittens.png","mittens.mp3"],["spelldoor","1","Description","cap","***","4","4","cap.png","cap.mp3"],["spelldoor","1","Description","hat","***","2","1","hat.png","hat.mp3"],["spelldoor","1","Description","shoes","sh***","4","1","shoes.png","shoes.mp3"],["spelldoor","1","Description","shorts","***rts","1","0","shorts.png","shorts.mp3"],["spelldoor","1","Description","frock","fr*ck","0","1","frock.png","frock.mp3"],["spelldoor","1","Description","gown","g***","0","2","gown.png","gown.mp3"],["spelldoor","1","Description","raincoat","rainc***","0","1","raincoat.png","raincoat.mp3"],["quizliteracy","1","Description","image_sentence","cap","cap","mittens","shirt","cap.png","","cap.mp3"],["quizliteracy","1","Description","soundonly_image","hat.png","shoes.png","hat.png","frock.png","","","hat.mp3"],["quizliteracy","1","Description","image_sentence","frock","mittens","gown","frock","frock.png","","frock.mp3"]]}]],0,0,[],[],[]],[[[0,"shorts",".mp3",1.128],-1],0,0,[],[],[]],[["0,9729,9729,33071,33071,0,0,1",-1],[0],0,[],[],[]],[[{"name":"shorts","rect":[0,0,512,470],"offset":[0,0],"originalSize":[512,470],"capInsets":[0,0,0,0]}],[1],0,[0],[0],[5]],[["0,9729,9729,33071,33071,0,0,1",-1],[0],0,[],[],[]],[[[0,"shoes",".mp3",1.056],-1],0,0,[],[],[]],[[[0,"hat",".mp3",0.888],-1],0,0,[],[],[]],[["0,9729,9729,33071,33071,0,0,1",-1],[0],0,[],[],[]],[[{"name":"hat","rect":[0,0,489,454],"offset":[0,0],"originalSize":[489,454],"capInsets":[0,0,0,0]}],[1],0,[0],[0],[6]],[[[0,"frock",".mp3",0.96],-1],0,0,[],[],[]],[[{"name":"mittens","rect":[0,0,512,512],"offset":[0,0],"originalSize":[512,512],"capInsets":[0,0,0,0]}],[1],0,[0],[0],[7]],[["0,9729,9729,33071,33071,0,0,1",-1],[0],0,[],[],[]]]]