[1,["4f8ileq79N7IIqeBcnrf2N","6eEz/Ww5REfJ6QwbMZelej","90KzGkYXVLaYeoD1Z5gJeH","16ZJkt8PJHe6mYNm1vTfHO"],["_textureSetter"],["cc.SpriteFrame","cc.Texture2D",["cc.AudioClip",["_name","_native","duration"],0],["cc.JsonAsset",["_name","json"],1]],[[2,0,1,2,4],[3,0,1,3]],[[[{"name":"tiger","rect":[0,0,800,542],"offset":[0,0],"originalSize":[800,542],"capInsets":[0,0,0,0]}],[0],0,[0],[0],[0]],[[[0,"ತು",".mp3",0.504],-1],0,0,[],[],[]],[["0,9729,9729,33071,33071,0,0,1",-1],[1],0,[],[],[]],[[[0,"ಗೃಹ",".mp3",0.696],-1],0,0,[],[],[]],[[[0,"ರೀ",".mp3",0.528],-1],0,0,[],[],[]],[[[0,"ರಿ",".mp3",0.504],-1],0,0,[],[],[]],[[[0,"ಣ",".mp3",0.504],-1],0,0,[],[],[]],[[[0,"ಚುಟುಕು",".mp3",0.84],-1],0,0,[],[],[]],[[[0,"ಕು",".mp3",0.528],-1],0,0,[],[],[]],[["0,9729,9729,33071,33071,0,0,1",-1],[1],0,[],[],[]],[[[0,"ಗುರು",".mp3",0.648],-1],0,0,[],[],[]],[[[0,"ಹೂಜಿ",".mp3",0.72],-1],0,0,[],[],[]],[[[0,"ಸು",".mp3",0.624],-1],0,0,[],[],[]],[[[0,"ಚು",".mp3",0.576],-1],0,0,[],[],[]],[[{"name":"narrow necked jug","rect":[0,0,533,800],"offset":[0,0],"originalSize":[533,800],"capInsets":[0,0,0,0]}],[0],0,[0],[0],[1]],[[[0,"ಹುಲಿ",".mp3",0.624],-1],0,0,[],[],[]],[["0,9729,9729,33071,33071,0,0,1",-1],[1],0,[],[],[]],[[[0,"ತುರುಬು",".mp3",0.72],-1],0,0,[],[],[]],[["0,9729,9729,33071,33071,0,0,1",-1],[1],0,[],[],[]],[[[0,"ಧುರೀಣ",".mp3",0.792],-1],0,0,[],[],[]],[[{"name":"guru","rect":[0,0,533,800],"offset":[0,0],"originalSize":[533,800],"capInsets":[0,0,0,0]}],[0],0,[0],[0],[2]],[[[0,"ಕುಸುರಿ",".mp3",0.768],-1],0,0,[],[],[]],[[[0,"ಗ್ರಹ",".mp3",0.672],-1],0,0,[],[],[]],[[[1,"kn1802",{"rows":[["spelldoor","1","Description","ಹುಲಿ","**","0","0","tiger.png","ಹುಲಿ.mp3"],["spelldoor","1","Description","ಹೂಜಿ","**","0","0","narrow necked jug.png","ಹೂಜಿ.mp3"],["spelldoor","1","Description","ಗೃ,ಹ","**","0","0","house.png","ಗೃಹ.mp3"],["spelldoor","1","Description","ಗುರು","**","0","0","guru.png","ಗುರು.mp3"],["phonictractor","1","Description","4","ಕುಸುರಿ","ಕುಸುರಿ.mp3","ಕು","ಕು.mp3","ಸು","ಸು.mp3","ರಿ","ರಿ.mp3"],["phonictractor","1","Description","4","ಚುಟುಕು","ಚುಟುಕು.mp3","ಚು","ಚು.mp3","ಟು","ಟು.mp3","ಕು","ಕು.mp3"],["phonictractor","1","Description","4","ತುರುಬು","ತುರುಬು.mp3","ತು","ತು.mp3","ರು","ರು.mp3","ಬು","ಬು.mp3"],["phonictractor","1","Description","4","ಧುರೀಣ","ಧುರೀಣ.mp3","ಧು","ಧು.mp3","ರೀ","ರೀ.mp3","ಣ","ಣ.mp3"],["quizliteracy","1","Description","word_word","ಹು","ಹು","ಡು","ಬು","","___ಲಿ","ಹುಲಿ.mp3"],["quizliteracy","1","Description","image_word","ಹೂಜಿ","ಗುರು","ಹೂಜಿ","ಹುಲಿ","narrow necked jug.png"],["quizliteracy","1","Description","soundonly_word","ಗುರು","ಹೂಜಿ","ಶುಚಿ","ಗುರು","","","ಗುರು.mp3"]]}]],0,0,[],[],[]],[[[0,"ಬು",".mp3",0.528],-1],0,0,[],[],[]],[[[0,"ಟು",".mp3",0.528],-1],0,0,[],[],[]],[[[0,"ರು",".mp3",0.528],-1],0,0,[],[],[]],[[[0,"ಧು",".mp3",0.552],-1],0,0,[],[],[]],[[{"name":"house","rect":[0,0,800,590],"offset":[0,0],"originalSize":[800,590],"capInsets":[0,0,0,0]}],[0],0,[0],[0],[3]]]]