[1,["2cGJUzv6NA7rbPK5+KbYg9","17v+jp7GFC5rXy2ek9HlBg","acojIRZtRA44Ill3X/5Xu2","0czhNYsl1Gcp8riCXy5Ame","babJ0wXNdPabjyA14uuzwd","05t5ztOrtBKKcvZu8CG9Kk","6byspbn2lMIZKGVbx1Ha/+"],["_textureSetter"],["cc.Texture2D","cc.SpriteFrame",["cc.AudioClip",["_name","_native","duration"],0],["cc.JsonAsset",["_name","json"],1]],[[2,0,1,2,4],[3,0,1,3]],[[["0,9729,9729,33071,33071,0,0,1",-1],[0],0,[],[],[]],[["0,9729,9729,33071,33071,0,0,1",-1],[0],0,[],[],[]],[[[0,"blue",".mp3",0.864],-1],0,0,[],[],[]],[[[0,"indigo",".mp3",1.08],-1],0,0,[],[],[]],[["0,9729,9729,33071,33071,0,0,1",-1],[0],0,[],[],[]],[[[0,"orange",".mp3",1.152],-1],0,0,[],[],[]],[[{"name":"green","rect":[0,0,512,490],"offset":[0,0],"originalSize":[512,490],"capInsets":[0,0,0,0]}],[1],0,[0],[0],[0]],[["0,9729,9729,33071,33071,0,0,1",-1],[0],0,[],[],[]],[[{"name":"yellow","rect":[0,0,615,588],"offset":[0,0],"originalSize":[615,588],"capInsets":[0,0,0,0]}],[1],0,[0],[0],[1]],[[{"name":"orange","rect":[0,0,615,588],"offset":[0,0],"originalSize":[615,588],"capInsets":[0,0,0,0]}],[1],0,[0],[0],[2]],[[[0,"violet",".mp3",1.2],-1],0,0,[],[],[]],[["0,9729,9729,33071,33071,0,0,1",-1],[0],0,[],[],[]],[[[1,"en3702",{"rows":[["writeword","1","Description","violet","violet.png","violet.mp3"],["writeword","1","Description","indigo","indigo.png","indigo.mp3"],["writeword","1","Description","blue","blue.png","blue.mp3"],["writeword","1","Description","green","green.png","green.mp3"],["writeword","1","Description","yellow","yellow.png","yellow.mp3"],["writeword","1","Description","orange","orange.png","orange.mp3"],["writeword","1","Description","red","red.png","red.mp3"],["quizliteracy","1","Description","image_word","violet","blue","indigo","violet","violet.png"],["quizliteracy","1","Description","image_word","green","indigo","green","blue","green.png"],["quizliteracy","1","Description","image_word","red","red","blue","yellow","red.png"]]}]],0,0,[],[],[]],[[{"name":"violet","rect":[0,0,619,588],"offset":[0,0],"originalSize":[619,588],"capInsets":[0,0,0,0]}],[1],0,[0],[0],[3]],[[{"name":"red","rect":[0,0,512,490],"offset":[0,0],"originalSize":[512,490],"capInsets":[0,0,0,0]}],[1],0,[0],[0],[4]],[[[0,"red",".mp3",0.864],-1],0,0,[],[],[]],[["0,9729,9729,33071,33071,0,0,1",-1],[0],0,[],[],[]],[["0,9729,9729,33071,33071,0,0,1",-1],[0],0,[],[],[]],[[[0,"yellow",".mp3",0.912],-1],0,0,[],[],[]],[[{"name":"blue","rect":[0,0,615,588],"offset":[0,0],"originalSize":[615,588],"capInsets":[0,0,0,0]}],[1],0,[0],[0],[5]],[[[0,"green",".mp3",1.032],-1],0,0,[],[],[]],[[{"name":"indigo","rect":[0,0,615,588],"offset":[0,0],"originalSize":[615,588],"capInsets":[0,0,0,0]}],[1],0,[0],[0],[6]]]]