[1,["65DIEZWFFK8b3db3S1TPsB","5fVL+q1rFOjJAluOmUpNkf"],["_textureSetter"],["cc.Texture2D","cc.SpriteFrame",["cc.AudioClip",["_name","_native","duration"],0],["cc.JsonAsset",["_name","json"],1]],[[2,0,1,2,4],[3,0,1,3]],[[[[0,"ಕೋ",".mp3",0.552],-1],0,0,[],[],[]],[[[0,"ಕ",".mp3",0.504],-1],0,0,[],[],[]],[["0,9729,9729,33071,33071,0,0,1",-1],[0],0,[],[],[]],[["0,9729,9729,33071,33071,0,0,1",-1],[0],0,[],[],[]],[[[0,"ೊ",".mp3",0.48],-1],0,0,[],[],[]],[[{"name":"hen","rect":[0,0,494,500],"offset":[0,0],"originalSize":[494,500],"capInsets":[0,0,0,0]}],[1],0,[0],[0],[0]],[[[0,"ಕೋಳಿ",".mp3",0.696],-1],0,0,[],[],[]],[[[0,"ಕೊ",".mp3",0.552],-1],0,0,[],[],[]],[[[1,"kn2405",{"rows":[["phonictractor","1","Description","6","ಕೊ","ಕೊ.mp3","ಕ","ಕ.mp3","ೊ","ೊ.mp3"],["spelldoor","1","Description","ಕೊಡೆ","**","0","0","umbrella.png","ಕೊಡೆ.mp3"],["phonictractor","1","Description","6","ಕೋ","ಕೋ.mp3","ಕ","ಕ.mp3","ೋ","ೋ.mp3"],["spelldoor","1","Description","ಕೋಳಿ","**","0","0","hen.png","ಕೋಳಿ.mp3"],["grid","1","Description","ಕ","ಒ,ಓ","ೊ,ೋ"],["quizliteracy","1","Description","soundonly_word","ಕೊ","ಕೆ","ಕೊ","ಕೈ","","","ಕೊ.mp3"],["quizliteracy","1","Description","soundonly_word","ಕೊಡೆ.mp3","ಕೋಳಿ","ಕೊಡೆ.mp3","ಕೋತಿ","","","ಕೊಡೆ.mp3"],["quizliteracy","1","Description","soundonly_word","ಕೋ","ಕೋ","ಕೆ","ಕು","","","ಕೋ.mp3"]]}]],0,0,[],[],[]],[[{"name":"umbrella","rect":[0,0,800,666],"offset":[0,0],"originalSize":[800,666],"capInsets":[0,0,0,0]}],[1],0,[0],[0],[1]],[[[0,"ಕೊಡೆ",".mp3",0.648],-1],0,0,[],[],[]],[[[0,"ೋ",".mp3",0.528],-1],0,0,[],[],[]]]]