[1,["93U+1J0f9LabTXG8s+4BK4","73Vf47ndZC1bqW5qADfqSZ","2bsWBAq85LrpHNc1tTBcJl","24xpQyk8xIypSxits/mzkL","a27ZatFZtGTLhuGw8lJRxF","67NsDuzjpE15bzdOFwgNoa","b3CZKc8JJAlrD+NmrLTxWo","4c1i1ynmJKn42ouD2ZDZ1v","b9Yx7RN3RGtbZajQIh5G80","d4woNA9blCVJcRC2qGB4em","7dW4K0BhNHfKYoozgsTOgg","7eDBa2OFNI/LtOPTFr+s1q","28ePafoRhH6KhiYTX+8Dht","d7x9adnxZFXq+B5wZJkI5o","bdWwQye29DMKlBKT8p7FH+","89mMhdAeFHs42PquU1Ch7J","d3wLXzzlRJ04PsdenyaYO4","7apfPt/W9GIqlEYEEO9hSz","9ak0350rZEpo/TBqVbp0F8","7fCapaQ91EHausvYrDhtG5","878SjFghNP559nVsKWX/7m","bdYSQ4tF5P2LrOa7wA4N9b","cd3OcZELJMZ4bpzlXm0GUy","94yPa95mJGpK/7LgsBaM9G","20Sm3ooWtGLZl4wusXbKMv","0eyTih9LxLfKHCW3i6XB9p","aemBE4VctMk6gyiq963NlK","b3z66o2gpN3oRB6fhpm90T","b9ZswKHVpEz6wm+Q27FRVb","2614dn3u9LipnqqcVxthf6","c9OnDY5whP1IN8TYjGnKcW","60k2qWMONPuZULq58ubR19"],["_textureSetter"],["cc.SpriteFrame","cc.Texture2D",["cc.JsonAsset",["_name","json"],1],["cc.AudioClip",["_name","_native","duration"],0]],[[3,0,1,2,4],[2,0,1,3]],[[[{"name":"kid","rect":[28,1,86,139],"offset":[1,-0.5],"originalSize":[140,140],"capInsets":[0,0,0,0]}],[0],0,[0],[0],[0]],[[{"name":"hat","rect":[0,23,140,94],"offset":[0,0],"originalSize":[140,140],"capInsets":[0,0,0,0]}],[0],0,[0],[0],[1]],[[[1,"sl_en2400",{"rows":[["letterpair","1","Description","image","image","cat.png","cat.png","cat.mp3","dog.png","dog.png","dog.mp3","bug.png","bug.png","bug.mp3","bed.png","bed.png","bed.mp3","hen.png","hen.png","hen.mp3","sun.png","sun.png","sun.mp3"],["letterpair","1","Description","image","image","duck.png","duck.png","duck.mp3","chicken.png","chicken.png","chicken.mp3","dog.png","dog.png","dog.mp3","cow.png","cow.png","cow.mp3","cat.png","cat.png","cat.mp3","donkey.png","donkey.png","donkey.mp3"],["letterpair","1","Description","image","image","duck.png","duck.png","duck.mp3","leaf.png","leaf.png","leaf.mp3","frog.png","frog.png","frog.mp3","star.png","star.png","star.mp3","baby.png","baby.png","baby.mp3","milk.png","milk.png","milk.mp3"],["letterpair","1","Description","image","image","father.png","father.png","father.mp3","mother.png","mother.png","mother.mp3","grandfather.png","grandfather.png","grandpa.mp3","grandmother.png","grandmother.png","grandma.mp3","sister.png","sister.png","sister.mp3","brother.png","brother.png","brother.mp3"],["letterpair","1","Description","image","image","pig.png","pig.png","pig.mp3","toy.png","toy.png","toy.mp3","kid.png","kid.png","kid.mp3","hat.png","hat.png","hat.mp3","cow.png","cow.png","cow.mp3","box.png","box.png","box.mp3"],["letterpair","1","Description","image","image","tree.png","tree.png","tree.mp3","drum.png","drum.png","drum.mp3","face.png","face.png","face.mp3","fire.png","fire.png","fire.mp3","cake.png","cake.png","cake.mp3","book.png","book.png","book.mp3"],["quizliteracy","1","Description","sentence_sentence","duck","run","laugh","duck","","Choose the Noun","Choose_the_right_one.mp3"],["quizliteracy","1","Description","sentence_sentence","cat","eat","sad","cat","","Choose the Noun","Choose_the_right_one.mp3"],["quizliteracy","1","Description","sentence_sentence","frog","frog","happy","write","","Choose the Noun","Choose_the_right_one.mp3"],["quizliteracy","1","Description","sentence_sentence","drum","cry","drum","cook","","Choose the Noun","Choose_the_right_one.mp3"],["quizliteracy","1","Description","sentence_sentence","leaf","leaf","live","see","","Choose the Noun","Choose_the_right_one.mp3"]]}]],0,0,[],[],[]],[["0,9729,9729,33071,33071,0,0,1",-1],[1],0,[],[],[]],[[{"name":"toy","rect":[0,0,500,335],"offset":[0,0],"originalSize":[500,335],"capInsets":[0,0,0,0]}],[0],0,[0],[0],[2]],[[[0,"brother",".mp3",0.600816],-1],0,0,[],[],[]],[[[0,"leaf",".mp3",0.809796],-1],0,0,[],[],[]],[[{"name":"fire","rect":[20,0,98,140],"offset":[-1,0],"originalSize":[140,140],"capInsets":[0,0,0,0]}],[0],0,[0],[0],[3]],[[{"name":"tree","rect":[36,36,846,594],"offset":[0,0],"originalSize":[918,666],"capInsets":[0,0,0,0]}],[0],0,[0],[0],[4]],[["0,9729,9729,33071,33071,0,0,1",-1],[1],0,[],[],[]],[[[0,"father",".mp3",0.888163],-1],0,0,[],[],[]],[["0,9729,9729,33071,33071,0,0,1",-1],[1],0,[],[],[]],[["0,9729,9729,33071,33071,0,0,1",-1],[1],0,[],[],[]],[[[0,"fire",".mp3",0.679184],-1],0,0,[],[],[]],[[{"name":"mother","rect":[0,0,1200,1000],"offset":[0,0],"originalSize":[1200,1000],"capInsets":[0,0,0,0]}],[0],0,[0],[0],[5]],[["0,9729,9729,33071,33071,0,0,1",-1],[1],0,[],[],[]],[[[0,"box",".mp3",0.705306],-1],0,0,[],[],[]],[["0,9729,9729,33071,33071,0,0,1",-1],[1],0,[],[],[]],[[[0,"grandpa",".mp3",1.044898],-1],0,0,[],[],[]],[[{"name":"grandfather","rect":[0,0,430,512],"offset":[0,0],"originalSize":[430,512],"capInsets":[0,0,0,0]}],[0],0,[0],[0],[6]],[[[0,"frog",".mp3",0.653061],-1],0,0,[],[],[]],[[[0,"drum",".mp3",0.679184],-1],0,0,[],[],[]],[[{"name":"dog","rect":[0,20,140,99],"offset":[0,0.5],"originalSize":[140,140],"capInsets":[0,0,0,0]}],[0],0,[0],[0],[7]],[[{"name":"leaf","rect":[15,1,105,137],"offset":[-2.5,0.5],"originalSize":[140,140],"capInsets":[0,0,0,0]}],[0],0,[0],[0],[8]],[[[0,"cat",".mp3",0.835918],-1],0,0,[],[],[]],[[{"name":"chicken","rect":[23,5,93,131],"offset":[-0.5,-0.5],"originalSize":[140,140],"capInsets":[0,0,0,0]}],[0],0,[0],[0],[9]],[[{"name":"brother","rect":[247,371,1881,1660],"offset":[-12.5,-1],"originalSize":[2400,2400],"capInsets":[0,0,0,0]}],[0],0,[0],[0],[10]],[[{"name":"sun","rect":[0,0,500,333],"offset":[0,0],"originalSize":[500,333],"capInsets":[0,0,0,0]}],[0],0,[0],[0],[11]],[[[0,"pig",".mp3",0.548571],-1],0,0,[],[],[]],[["0,9729,9729,33071,33071,0,0,1",-1],[1],0,[],[],[]],[[{"name":"donkey","rect":[4,0,131,140],"offset":[-0.5,0],"originalSize":[140,140],"capInsets":[0,0,0,0]}],[0],0,[0],[0],[12]],[[[0,"tree",".mp3",0.731429],-1],0,0,[],[],[]],[[{"name":"baby","rect":[0,0,512,339],"offset":[0,0],"originalSize":[512,339],"capInsets":[0,0,0,0]}],[0],0,[0],[0],[13]],[["0,9729,9729,33071,33071,0,0,1",-1],[1],0,[],[],[]],[[[0,"star",".mp3",0.731429],-1],0,0,[],[],[]],[["0,9729,9729,33071,33071,0,0,1",-1],[1],0,[],[],[]],[[[0,"grandma",".mp3",0.835918],-1],0,0,[],[],[]],[[[0,"milk",".mp3",0.679184],-1],0,0,[],[],[]],[[{"name":"hen","rect":[0,0,500,334],"offset":[0,0],"originalSize":[500,334],"capInsets":[0,0,0,0]}],[0],0,[0],[0],[14]],[[[0,"bed",".mp3",0.600816],-1],0,0,[],[],[]],[[{"name":"grandmother","rect":[0,0,450,512],"offset":[0,0],"originalSize":[450,512],"capInsets":[0,0,0,0]}],[0],0,[0],[0],[15]],[[[0,"book",".mp3",0.574694],-1],0,0,[],[],[]],[["0,9729,9729,33071,33071,0,0,1",-1],[1],0,[],[],[]],[[{"name":"cat","rect":[0,0,1111,820],"offset":[0,0],"originalSize":[1111,820],"capInsets":[0,0,0,0]}],[0],0,[0],[0],[16]],[["0,9729,9729,33071,33071,0,0,1",-1],[1],0,[],[],[]],[["0,9729,9729,33071,33071,0,0,1",-1],[1],0,[],[],[]],[["0,9729,9729,33071,33071,0,0,1",-1],[1],0,[],[],[]],[["0,9729,9729,33071,33071,0,0,1",-1],[1],0,[],[],[]],[[{"name":"sister","rect":[0,0,1200,1000],"offset":[0,0],"originalSize":[1200,1000],"capInsets":[0,0,0,0]}],[0],0,[0],[0],[17]],[[{"name":"cake","rect":[0,6,140,128],"offset":[0,0],"originalSize":[140,140],"capInsets":[0,0,0,0]}],[0],0,[0],[0],[18]],[[{"name":"drum","rect":[0,0,1200,1000],"offset":[0,0],"originalSize":[1200,1000],"capInsets":[0,0,0,0]}],[0],0,[0],[0],[19]],[["0,9729,9729,33071,33071,0,0,1",-1],[1],0,[],[],[]],[["0,9729,9729,33071,33071,0,0,1",-1],[1],0,[],[],[]],[[{"name":"cow","rect":[0,0,512,512],"offset":[0,0],"originalSize":[512,512],"capInsets":[0,0,0,0]}],[0],0,[0],[0],[20]],[[{"name":"star","rect":[1,22,139,104],"offset":[0.5,-4],"originalSize":[140,140],"capInsets":[0,0,0,0]}],[0],0,[0],[0],[21]],[[[0,"dog",".mp3",0.574694],-1],0,0,[],[],[]],[[[0,"bug",".mp3",0.626939],-1],0,0,[],[],[]],[[[0,"cake",".mp3",0.679184],-1],0,0,[],[],[]],[["0,9729,9729,33071,33071,0,0,1",-1],[1],0,[],[],[]],[["0,9729,9729,33071,33071,0,0,1",-1],[1],0,[],[],[]],[[{"name":"bug","rect":[36,36,846,594],"offset":[0,0],"originalSize":[918,666],"capInsets":[0,0,0,0]}],[0],0,[0],[0],[22]],[["0,9729,9729,33071,33071,0,0,1",-1],[1],0,[],[],[]],[[{"name":"bed","rect":[0,31,140,79],"offset":[0,-0.5],"originalSize":[140,140],"capInsets":[0,0,0,0]}],[0],0,[0],[0],[23]],[["0,9729,9729,33071,33071,0,0,1",-1],[1],0,[],[],[]],[[[0,"chicken",".mp3",0.653061],-1],0,0,[],[],[]],[[[0,"donkey",".mp3",0.757551],-1],0,0,[],[],[]],[["0,9729,9729,33071,33071,0,0,1",-1],[1],0,[],[],[]],[["0,9729,9729,33071,33071,0,0,1",-1],[1],0,[],[],[]],[["0,9729,9729,33071,33071,0,0,1",-1],[1],0,[],[],[]],[[[0,"hen",".mp3",0.600816],-1],0,0,[],[],[]],[[[0,"baby",".mp3",0.653061],-1],0,0,[],[],[]],[[[0,"sister",".mp3",1.123265],-1],0,0,[],[],[]],[[{"name":"milk","rect":[13,1,114,139],"offset":[0,-0.5],"originalSize":[140,140],"capInsets":[0,0,0,0]}],[0],0,[0],[0],[24]],[["0,9729,9729,33071,33071,0,0,1",-1],[1],0,[],[],[]],[["0,9729,9729,33071,33071,0,0,1",-1],[1],0,[],[],[]],[[{"name":"box","rect":[0,7,140,127],"offset":[0,-0.5],"originalSize":[140,140],"capInsets":[0,0,0,0]}],[0],0,[0],[0],[25]],[[[0,"hat",".mp3",0.679184],-1],0,0,[],[],[]],[[{"name":"book","rect":[0,37,140,68],"offset":[0,-1],"originalSize":[140,140],"capInsets":[0,0,0,0]}],[0],0,[0],[0],[26]],[["0,9729,9729,33071,33071,0,0,1",-1],[1],0,[],[],[]],[["0,9729,9729,33071,33071,0,0,1",-1],[1],0,[],[],[]],[[{"name":"frog","rect":[0,0,140,139],"offset":[0,0.5],"originalSize":[140,140],"capInsets":[0,0,0,0]}],[0],0,[0],[0],[27]],[[[0,"Choose_the_right_one",".mp3",1.38449],-1],0,0,[],[],[]],[[{"name":"father","rect":[36,36,846,594],"offset":[0,0],"originalSize":[918,666],"capInsets":[0,0,0,0]}],[0],0,[0],[0],[28]],[["0,9729,9729,33071,33071,0,0,1",-1],[1],0,[],[],[]],[[{"name":"duck","rect":[0,2,140,135],"offset":[0,0.5],"originalSize":[140,140],"capInsets":[0,0,0,0]}],[0],0,[0],[0],[29]],[[{"name":"face","rect":[0,0,134,140],"offset":[-3,0],"originalSize":[140,140],"capInsets":[0,0,0,0]}],[0],0,[0],[0],[30]],[["0,9729,9729,33071,33071,0,0,1",-1],[1],0,[],[],[]],[[[0,"face",".mp3",0.809796],-1],0,0,[],[],[]],[["0,9729,9729,33071,33071,0,0,1",-1],[1],0,[],[],[]],[["0,9729,9729,33071,33071,0,0,1",-1],[1],0,[],[],[]],[["0,9729,9729,33071,33071,0,0,1",-1],[1],0,[],[],[]],[[[0,"sun",".mp3",0.679184],-1],0,0,[],[],[]],[[[0,"mother",".mp3",0.626939],-1],0,0,[],[],[]],[[{"name":"pig","rect":[0,0,1301,1300],"offset":[0,0],"originalSize":[1301,1300],"capInsets":[0,0,0,0]}],[0],0,[0],[0],[31]],[[[0,"toy",".mp3",0.679184],-1],0,0,[],[],[]],[[[0,"duck",".mp3",0.626939],-1],0,0,[],[],[]],[[[0,"cow",".mp3",0.653061],-1],0,0,[],[],[]],[[[0,"kid",".mp3",0.653061],-1],0,0,[],[],[]]]]