[1,["daNmhcxItI0Y47EsXgoJkB","c94fFYq8lEkLsmpo3uu2Uv","4fkvJubDFEfI65gGdNcyvk","7cDdL+W4lNZ720skSreAqN"],["_textureSetter"],["cc.Texture2D","cc.SpriteFrame",["cc.AudioClip",["_name","_native","duration"],0],["cc.JsonAsset",["_name","json"],1]],[[2,0,1,2,4],[3,0,1,3]],[[[[0,"red",".mp3",0.626939],-1],0,0,[],[],[]],[[[0,"green",".mp3",0.731429],-1],0,0,[],[],[]],[[[1,"sl_en3100",{"rows":[["spelldoor","1","Description","red","re*","4","2","red.png","red.mp3"],["spelldoor","1","Description","green","**een","4","4","green.png","green.mp3"],["spelldoor","1","Description","blue","bl*e","2","1","blue.png","blue.mp3"],["spelldoor","1","Description","indigo","indi**","4","1","indigo.png","indigo.mp3"],["spelldoor","1","Description","orange","*range","1","0","orange.png","orange.mp3"],["spelldoor","1","Description","yellow","ye***w","0","1","yellow.png","yellow.mp3"],["spelldoor","1","Description","violet","**olet","0","2","violet.png","violet.mp3"],["quizliteracy","1","Description","image_word","green","green","red","blue","green.png"],["quizliteracy","1","Description","image_word","orange","red","blue","orange","orange.png"],["quizliteracy","1","Description","image_word","violet","yellow","violet","red","violet.png"]]}]],0,0,[],[],[]],[["0,9729,9729,33071,33071,0,0,1",-1],[0],0,[],[],[]],[[[0,"yellow",".mp3",0.888163],-1],0,0,[],[],[]],[[{"name":"red","rect":[0,0,750,500],"offset":[0,0],"originalSize":[750,500],"capInsets":[0,0,0,0]}],[1],0,[0],[0],[0]],[["0,9729,9729,33071,33071,0,0,1",-1],[0],0,[],[],[]],[[[0,"blue",".mp3",0.522449],-1],0,0,[],[],[]],[["0,9729,9729,33071,33071,0,0,1",-1],[0],0,[],[],[]],[[{"name":"orange","rect":[0,0,400,333],"offset":[0,0],"originalSize":[400,333],"capInsets":[0,0,0,0]}],[1],0,[0],[0],[1]],[[{"name":"yellow","rect":[36,36,846,594],"offset":[0,0],"originalSize":[918,666],"capInsets":[0,0,0,0]}],[1],0,[0],[0],[2]],[["0,9729,9729,33071,33071,0,0,1",-1],[0],0,[],[],[]],[[[0,"orange",".mp3",0.862041],-1],0,0,[],[],[]],[[{"name":"green","rect":[0,0,322,382],"offset":[0,0],"originalSize":[322,382],"capInsets":[0,0,0,0]}],[1],0,[0],[0],[3]]]]