[1,["6fHLRbgXlFua7ivwsELpwd"],["_textureSetter"],["cc.Texture2D","cc.SpriteFrame",["cc.JsonAsset",["_name","json"],1],["cc.AudioClip",["_name","_native","duration"],0]],[[2,0,1,3],[3,0,1,2,4]],[[["0,9729,9729,33071,33071,0,0,1",-1],[0],0,[],[],[]],[[[0,"kn2_0318",{"rows":[["writeletter","1","Description","೧"],["writeletter","1","Description","೨"],["writeletter","1","Description","೩"],["writeletter","1","Description","೪"],["writeletter","1","Description","೫"],["writeletter","1","Description","೬"],["writeletter","1","Description","೭"],["writeletter","1","Description","೮"],["writeletter","1","Description","೯"],["writeword","1","Description","೧೦","10.png","ಹತ್ತು.mp3"],["quizliteracy","1","Description","word_word","೧","೬","೧","೪","","೧"],["quizliteracy","1","Description","word_word","೫","೨","೬","೫","","೫"],["quizliteracy","1","Description","image_word","೧೦","೧೦","೮","೪","10.png"]]}]],0,0,[],[],[]],[[[1,"ಹತ್ತು",".mp3",0.768],-1],0,0,[],[],[]],[[{"name":"10","rect":[0,0,400,390],"offset":[0,0],"originalSize":[400,390],"capInsets":[0,0,0,0]}],[1],0,[0],[0],[0]]]]