[1,["9837ej3uFCka/WlsSqmsfj"],["_textureSetter"],["cc.Texture2D","cc.SpriteFrame",["cc.AudioClip",["_name","_native","duration"],0],["cc.JsonAsset",["_name","json"],1]],[[2,0,1,2,4],[3,0,1,3]],[[[[0,"किताब",".mp3",1.008],-1],0,0,[],[],[]],[[[1,"hi0905",{"rows":[["spelldoor","1","Description","किरण","***","3","1","किरण.png","किरण.mp3"],["rocket","1","Description","किरण","कि,र,ण","कि,र,ण","किरण.mp3","किरण.png","false ","true "],["grid","1","Description","कि","न्तु,ताब,रण,राए"],["bubbletype","1","Description","10","6","क का कि की कु","","","","","","क का कि की कु"],["quizliteracy","1","Description","soundonly_word","किरण","किरण","कान","कागज","","","किरण.mp3"],["quizliteracy","1","Description","image_word","किरण","कमल","कलश","किरण","किरण.png"],["quizliteracy","1","Description","word_word","कि","कि","पी","दि","","कि"]]}]],0,0,[],[],[]],[[[0,"किराए",".mp3",0.912],-1],0,0,[],[],[]],[[[0,"किरण",".mp3",0.96],-1],0,0,[],[],[]],[[[0,"किन्तु",".mp3",0.912],-1],0,0,[],[],[]],[["0,9729,9729,33071,33071,0,0,1",-1],[0],0,[],[],[]],[[{"name":"किरण","rect":[0,0,271,271],"offset":[0,0],"originalSize":[271,271],"capInsets":[0,0,0,0]}],[1],0,[0],[0],[0]],[[[0,"किरे",".mp3",0.792],-1],0,0,[],[],[]],[[[0,"कीरण",".mp3",0.936],-1],0,0,[],[],[]]]]