[1,["19eRMNmrNHQKEWto/KB6fg","6evgjxX41K1ojf0kP47voC","f6qO7TgbJNeooSOfli5bLX","0dgyrRcelDhJaU67tEkZGl"],["_textureSetter"],["cc.Texture2D","cc.SpriteFrame",["cc.AudioClip",["_name","_native","duration"],0],["cc.JsonAsset",["_name","json"],1]],[[2,0,1,2,4],[3,0,1,3]],[[["0,9729,9729,33071,33071,0,0,1",-1],[0],0,[],[],[]],[["0,9729,9729,33071,33071,0,0,1",-1],[0],0,[],[],[]],[[{"name":"glass_of_water","rect":[0,0,500,333],"offset":[0,0],"originalSize":[500,333],"capInsets":[0,0,0,0]}],[1],0,[0],[0],[0]],[[{"name":"girl","rect":[0,0,500,333],"offset":[0,0],"originalSize":[500,333],"capInsets":[0,0,0,0]}],[1],0,[0],[0],[1]],[[[0,"ಚಿಕ್ಕಪ್ಪನಿಗೆ ಕುಡಿಯಲು ನೀರು ತಂದುಕೊಟ್ಟಳು",".mp3",2.568],-1],0,0,[],[],[]],[[[0,"ವೀಣಾಳ ಮಾತುಗಳನ್ನು ಕೇಳಿ ಚಿಕ್ಕಪ್ಪನಿಗೆ ಸಂತೋಷವಾಯಿತು",".mp3",3.648],-1],0,0,[],[],[]],[["0,9729,9729,33071,33071,0,0,1",-1],[0],0,[],[],[]],[[{"name":"mom_son","rect":[0,0,500,333],"offset":[0,0],"originalSize":[500,333],"capInsets":[0,0,0,0]}],[1],0,[0],[0],[2]],[[[0,"ವೀಣಾ ಚಿಕ್ಕಪನನ್ನು ನೋಡಿ ಸಂತಸಗೊಂಡಳು",".mp3",2.592],-1],0,0,[],[],[]],[[{"name":"man","rect":[0,0,400,500],"offset":[0,0],"originalSize":[400,500],"capInsets":[0,0,0,0]}],[1],0,[0],[0],[3]],[[[1,"kn3703",{"rows":[["createsentence","1","Description","ವೀಣಾ/ಚಿಕ್ಕಪನನ್ನು/ನೋಡಿ/ಸಂತಸಗೊಂಡಳು","","man.png","ವೀಣಾ ಚಿಕ್ಕಪನನ್ನು ನೋಡಿ ಸಂತಸಗೊಂಡಳು.mp3"],["createsentence","1","Description","ಚಿಕ್ಕಪ್ಪನಿಗೆ/ಕುಡಿಯಲು/ನೀರು/ತಂದುಕೊಟ್ಟಳು","","glass_of_water.png","ಚಿಕ್ಕಪ್ಪನಿಗೆ ಕುಡಿಯಲು ನೀರು ತಂದುಕೊಟ್ಟಳು.mp3"],["createsentence","1","Description","ವೀಣಾಳ/ಮಾತುಗಳನ್ನು/ಕೇಳಿ/ಚಿಕ್ಕಪ್ಪನಿಗೆ/ಸಂತೋಷವಾಯಿತು","","girl.png","ವೀಣಾಳ ಮಾತುಗಳನ್ನು ಕೇಳಿ ಚಿಕ್ಕಪ್ಪನಿಗೆ ಸಂತೋಷವಾಯಿತು.mp3"],["createsentence","1","Description","ಚಿಕ್ಕಮ್ಮ/ಮತ್ತು/ತಮ್ಮ","","mom_son.png","ಚಿಕ್ಕಮ್ಮ ಮತ್ತು ತಮ್ಮ.mp3"],["quizliteracy","1","Description","image_sentence","ವೀಣಾ ಚಿಕ್ಕಪನನ್ನು ನೋಡಿ ಸಂತಸಗೊಂಡಳು","ಚಿಕ್ಕಪ್ಪನಿಗೆ ಕುಡಿಯಲು ನೀರು ತಂದುಕೊಟ್ಟಳು","ಚಿಕ್ಕಮ್ಮ ಮತ್ತು ತಮ್ಮ","ವೀಣಾ ಚಿಕ್ಕಪನನ್ನು ನೋಡಿ ಸಂತಸಗೊಂಡಳು","man.png","","ವೀಣಾ ಚಿಕ್ಕಪನನ್ನು ನೋಡಿ ಸಂತಸಗೊಂಡಳು.mp3"],["quizliteracy","1","Description","sentence_sentence","ವೀಣಾಳ ಮಾತುಗಳನ್ನು ಕೇಳಿ ಚಿಕ್ಕಪ್ಪನಿಗೆ ಸಂತೋಷವಾಯಿತು","ಮಾತುಗಳನ್ನು ಸಂತೋಷವಾಯಿತು ವೀಣಾಳ ಕೇಳಿ ಚಿಕ್ಕಪ್ಪನಿಗೆ","ಚಿಕ್ಕಪ್ಪನಿಗೆ ಮಾತುಗಳನ್ನು ವೀಣಾಳ ಕೇಳಿ ಸಂತೋಷವಾಯಿತು","ವೀಣಾಳ ಮಾತುಗಳನ್ನು ಕೇಳಿ ಚಿಕ್ಕಪ್ಪನಿಗೆ ಸಂತೋಷವಾಯಿತು","","ಸರಿಯಾದದನ್ನು ಆರಿಸಿ","ವೀಣಾಳ ಮಾತುಗಳನ್ನು ಕೇಳಿ ಚಿಕ್ಕಪ್ಪನಿಗೆ ಸಂತೋಷವಾಯಿತು.mp3"],["quizliteracy","1","Description","soundonly_sentence","ಚಿಕ್ಕಮ್ಮ ಮತ್ತು ತಮ್ಮ","ಚಿಕ್ಕಮ್ಮ ಮತ್ತು ತಮ್ಮ","ವೀಣಾಳ ಮಾತುಗಳನ್ನು ಕೇಳಿ ಚಿಕ್ಕಪ್ಪನಿಗೆ ಸಂತೋಷವಾಯಿತು","ಚಿಕ್ಕಪ್ಪನಿಗೆ ಕುಡಿಯಲು ನೀರು ತಂದುಕೊಟ್ಟಳು","","","ಚಿಕ್ಕಮ್ಮ ಮತ್ತು ತಮ್ಮ.mp3"]]}]],0,0,[],[],[]],[[[0,"ಚಿಕ್ಕಮ್ಮ ಮತ್ತು ತಮ್ಮ",".mp3",1.488],-1],0,0,[],[],[]],[["0,9729,9729,33071,33071,0,0,1",-1],[0],0,[],[],[]]]]