[1,["25+EzRzAhAO4fOTz/G8gAZ","92I7pqzXdJfI3pcHfl9Cyu","b54VFt+a5M9LlP5OnhJF9A","bcnz5AfNpIua6mP9GWS7+F"],["_textureSetter"],["cc.SpriteFrame","cc.Texture2D",["cc.AudioClip",["_name","_native","duration"],0],["cc.JsonAsset",["_name","json"],1]],[[2,0,1,2,4],[3,0,1,3]],[[[{"name":"flower","rect":[0,0,400,290],"offset":[0,0],"originalSize":[400,290],"capInsets":[0,0,0,0]}],[0],0,[0],[0],[0]],[[[0,"ow",".mp3",0.626939],-1],0,0,[],[],[]],[[{"name":"yellow","rect":[0,0,615,588],"offset":[0,0],"originalSize":[615,588],"capInsets":[0,0,0,0]}],[0],0,[0],[0],[1]],[["0,9729,9729,33071,33071,0,0,1",-1],[1],0,[],[],[]],[[{"name":"spelling_flower","rect":[0,0,370,273],"offset":[0,0],"originalSize":[370,273],"capInsets":[0,0,0,0]}],[0],0,[0],[0],[2]],[[[0,"cow",".mp3",0.653061],-1],0,0,[],[],[]],[[[1,"sl_en1703",{"rows":[["grid","1","Description","ow","n,l,e"],["grid","1","Description","c,h,n","ow"],["grid","1","Description","kn,gr,pl","ow"],["speakingpet","1","Description","ow.mp3","ue.mp3","grow","grow.mp3","A","3,4","slow","slow.mp3","A","3,4","blue","blue.mp3","B","3,4","glue","glue.mp3","B","3,4"],["spelldoor","1","Description","flower","******","4","4","spelling_flower.png","flower.mp3"],["writeword","1","Description","cow","cow.png","cow.mp3"],["writeword","1","Description","yellow","yellow.png","yellow.mp3"],["quizliteracy","1","Description","image_word","cow","cow","grow","slow","cow.png"],["quizliteracy","1","Description","image_word","flower","flower","yellow","slow","flower.png"],["quizliteracy","1","Description","image_word","yellow","white","black","yellow","yellow.png"],["quizliteracy","1","Description","soundonly_word","grow","slow","grow","flower","","","grow.mp3"],["quizliteracy","1","Description","soundonly_word","slow","flower","yellow","slow","","","slow.mp3"]]}]],0,0,[],[],[]],[[[0,"ue",".mp3",0.835918],-1],0,0,[],[],[]],[[[0,"blue",".mp3",0.522449],-1],0,0,[],[],[]],[[[0,"owl",".mp3",0.705306],-1],0,0,[],[],[]],[[[0,"yellow",".mp3",0.888163],-1],0,0,[],[],[]],[["0,9729,9729,33071,33071,0,0,1",-1],[1],0,[],[],[]],[["0,9729,9729,33071,33071,0,0,1",-1],[1],0,[],[],[]],[[[0,"grow",".mp3",0.626939],-1],0,0,[],[],[]],[["0,9729,9729,33071,33071,0,0,1",-1],[1],0,[],[],[]],[[[0,"slow",".mp3",0.940408],-1],0,0,[],[],[]],[[{"name":"cow","rect":[0,0,512,512],"offset":[0,0],"originalSize":[512,512],"capInsets":[0,0,0,0]}],[0],0,[0],[0],[3]],[[[0,"glue",".mp3",0.731429],-1],0,0,[],[],[]],[[[0,"flower",".mp3",0.835918],-1],0,0,[],[],[]]]]