[1,["aaVQWznQRDdoganGoGSy6I","59RLq6gb9ItJRj4RAi8HIr","f7tKuQDz9GF4dqRaSbe4ad","e1NHKAApVJErY72IJyc6gj","a6CZB/CThCuba93/2D2PtV","faID8JU2FB2IAKZtlJCu3H","41bRofoEJKRatN7GvL/60/","56K2w/hnpHlLg8BInAdxvE","646/HR+edD4bpEtmkTt70w"],["_textureSetter"],["cc.SpriteFrame","cc.Texture2D",["cc.AudioClip",["_name","_native","duration"],0],["cc.JsonAsset",["_name","json"],1]],[[2,0,1,2,4],[3,0,1,3]],[[[{"name":"जीभ","rect":[0,0,370,273],"offset":[0,0],"originalSize":[370,273],"capInsets":[0,0,0,0]}],[0],0,[0],[0],[0]],[[[0,"पानी",".mp3",0.888163],-1],0,0,[],[],[]],[[{"name":"झील","rect":[0,0,450,450],"offset":[0,0],"originalSize":[450,450],"capInsets":[0,0,0,0]}],[0],0,[0],[0],[1]],[[[0,"जीब",".mp3",0.936],-1],0,0,[],[],[]],[["0,9729,9729,33071,33071,0,0,1",-1],[1],0,[],[],[]],[["0,9729,9729,33071,33071,0,0,1",-1],[1],0,[],[],[]],[["0,9729,9729,33071,33071,0,0,1",-1],[1],0,[],[],[]],[["0,9729,9729,33071,33071,0,0,1",-1],[1],0,[],[],[]],[[[0,"ली",".mp3",0.679184],-1],0,0,[],[],[]],[[[0,"झील",".mp3",0.731429],-1],0,0,[],[],[]],[["0,9729,9729,33071,33071,0,0,1",-1],[1],0,[],[],[]],[[[0,"बीज",".mp3",0.757551],-1],0,0,[],[],[]],[["0,9729,9729,33071,33071,0,0,1",-1],[1],0,[],[],[]],[[{"name":"बीज","rect":[0,0,271,271],"offset":[0,0],"originalSize":[271,271],"capInsets":[0,0,0,0]}],[0],0,[0],[0],[2]],[[{"name":"झील1","rect":[0,0,193,153],"offset":[0,0],"originalSize":[193,153],"capInsets":[0,0,0,0]}],[0],0,[0],[0],[3]],[[{"name":"ऊंट","rect":[0,0,193,153],"offset":[0,0],"originalSize":[193,153],"capInsets":[0,0,0,0]}],[0],0,[0],[0],[4]],[[[0,"तीन",".mp3",0.600816],-1],0,0,[],[],[]],[[{"name":"कीडा","rect":[0,0,370,273],"offset":[0,0],"originalSize":[370,273],"capInsets":[0,0,0,0]}],[0],0,[0],[0],[5]],[[{"name":"पानी","rect":[0,0,193,153],"offset":[0,0],"originalSize":[193,153],"capInsets":[0,0,0,0]}],[0],0,[0],[0],[6]],[["0,9729,9729,33071,33071,0,0,1",-1],[1],0,[],[],[]],[[[1,"hi0601",{"rows":[["phonictractor","1","Description","5","नीली","नीली.mp3","नी","नी.mp3","ली","ली.mp3"],["spelldoor","1","Description","तीन","*न","1","0","तीन.png","तीन.mp3"],["spelldoor","1","Description","कीड़ा","*ड़ा","1","0","कीडा.png","कीडा.mp3"],["spelldoor","1","Description","जीभ","*भ","1","0","जीभ.png","जीभ.mp3"],["openwindow","1","Description","LEGIT","झी,ल","झील1.png","ऊंट.png","झील.mp3","ज,ग,न,ल,फ,छा,ता,र,थ,व,न,घ,ट्र,क,घो,ड़ा,हा,थी,आ,म,स"],["openwindow","1","Description","LEGIT","पा,नी","पानी.png","आग.png","पानी.mp3","ज,ग,न,ल,फ,छा,ता,र,थ,व,न,घ,ट्र,क,घो,ड़ा,हा,थी,आ,म,स"],["rocket","1","Description","बीज","बी,ज","बी,ज","बीज.mp3","बीज.png","false ","false "],["rocket","1","Description","झील","झी,ल","झी,ल","झील.mp3","झील.png","false ","false "],["quizliteracy","1","Description","soundonly_word","नीली","नीली","कीड़ा","तीन","","","नीली.mp3"],["quizliteracy","1","Description","image_word","कीड़ा","तीन","नीली","कीड़ा","कीडा.png"],["quizliteracy","1","Description","soundonly_word","तीन","कीड़ा","तीन","नीली","","","तीन.mp3"]]}]],0,0,[],[],[]],[[[0,"नी",".mp3",0.679184],-1],0,0,[],[],[]],[[{"name":"तीन","rect":[106,0,159,272],"offset":[0.5,0.5],"originalSize":[370,273],"capInsets":[0,0,0,0]}],[0],0,[0],[0],[7]],[[[0,"कीडा",".mp3",0.679184],-1],0,0,[],[],[]],[[[0,"नीली",".mp3",0.835918],-1],0,0,[],[],[]],[["0,9729,9729,33071,33071,0,0,1",-1],[1],0,[],[],[]],[["0,9729,9729,33071,33071,0,0,1",-1],[1],0,[],[],[]],[[{"name":"आग","rect":[0,0,193,153],"offset":[0,0],"originalSize":[193,153],"capInsets":[0,0,0,0]}],[0],0,[0],[0],[8]]]]