[1,["667RcA9cRE0IjQ6FAPATQy","65vaVVxWNFiqrX7QBIUkhd","a7r25MlhFF5b8uMbk4/Mqf"],["_textureSetter"],["cc.SpriteFrame","cc.Texture2D",["cc.AudioClip",["_name","_native","duration"],0],["cc.JsonAsset",["_name","json"],1]],[[2,0,1,2,4],[3,0,1,3]],[[[[0,"लसुण",".mp3",1.201633],-1],0,0,[],[],[]],[[[0,"लगोरी",".mp3",1.149388],-1],0,0,[],[],[]],[[{"name":"garlic","rect":[0,0,640,480],"offset":[0,0],"originalSize":[640,480],"capInsets":[0,0,0,0]}],[0],0,[0],[0],[0]],[["0,9729,9729,33071,33071,0,0,1",-1],[1],0,[],[],[]],[["0,9729,9729,33071,33071,0,0,1",-1],[1],0,[],[],[]],[[[0,"लग्न",".mp3",0.992653],-1],0,0,[],[],[]],[[[1,"mr0127",{"rows":[["balloonpop","1","Description","2","ल","3","र,ल,य","ल.mp3"],["phonictractor","1","Description","5","ल","ल.mp3","ल","ल.mp3"],["writeletter","1","Description","ल","लसुण"],["writecard","1","Description","ल","लसुण","garlic.png","लसुण.mp3","लगोरी","lagori.png","लगोरी.mp3","लग्न","marriage.png","लग्न.mp3"],["quizliteracy","1","Description","soundonly_word","ल","म","ल","र","","","ल.mp3"],["quizliteracy","1","Description","word_word","ल","ल","र","म","","ल"],["quizliteracy","1","Description","soundonly_word","ल","म","ल","र","","","ल.mp3"]]}]],0,0,[],[],[]],[[{"name":"marriage","rect":[0,0,640,427],"offset":[0,0],"originalSize":[640,427],"capInsets":[0,0,0,0]}],[0],0,[0],[0],[1]],[["0,9729,9729,33071,33071,0,0,1",-1],[1],0,[],[],[]],[[[0,"ल",".mp3",0.940408],-1],0,0,[],[],[]],[[{"name":"lagori","rect":[0,0,640,425],"offset":[0,0],"originalSize":[640,425],"capInsets":[0,0,0,0]}],[0],0,[0],[0],[2]]]]