[1,["347x7HHZNLR75XE6xKNEqQ","51VinvaA9Ntq3V0ZDjINzQ"],["_textureSetter"],["cc.Texture2D","cc.SpriteFrame",["cc.AudioClip",["_name","_native","duration"],0],["cc.JsonAsset",["_name","json"],1]],[[2,0,1,2,4],[3,0,1,3]],[[[[0,"ज",".mp3",0.49625],-1],0,0,[],[],[]],[[[0,"कान",".mp3",0.705306],-1],0,0,[],[],[]],[[[0,"ग",".mp3",0.627],-1],0,0,[],[],[]],[["0,9729,9729,33071,33071,0,0,1",-1],[0],0,[],[],[]],[["0,9729,9729,33071,33071,0,0,1",-1],[0],0,[],[],[]],[[[1,"hi0904",{"rows":[["phonictractor","1","Description","6","कागज","कागज.mp3","का","का.mp3","ग","ग.mp3","ज","ज.mp3"],["rocket","1","Description","कान","का,न","का,न","कान.mp3","कान.png","false ","false "],["rocket","1","Description","काला","का,ला","का,ला","काला.mp3","काला.png","false ","false "],["bubbletype","1","Description","10","6","क का कि की कु","","","","","","क का कि की कु"],["quizliteracy","1","Description","soundonly_word","का","जा","का","रा","","","का.mp3"],["quizliteracy","1","Description","image_word","कान","कान","काला","माता","कान.png"],["quizliteracy","1","Description","word_word","काला","रात","शाम","काला","","काला"]]}]],0,0,[],[],[]],[[[0,"का",".mp3",0.417959],-1],0,0,[],[],[]],[[[0,"काला",".mp3",0.731429],-1],0,0,[],[],[]],[[{"name":"कान","rect":[0,0,271,271],"offset":[0,0],"originalSize":[271,271],"capInsets":[0,0,0,0]}],[1],0,[0],[0],[0]],[[{"name":"काला","rect":[0,0,271,271],"offset":[0,0],"originalSize":[271,271],"capInsets":[0,0,0,0]}],[1],0,[0],[0],[1]],[[[0,"कागज",".mp3",0.679184],-1],0,0,[],[],[]]]]