[1,["1dO2eoVoxFa4ahwi/0mFUp","44I4+r6+dPQ6qLCrtnpjFz","099wYxLiNJM7RteV2LkaST","b6NlexEHVPor/cpwH4ntIb","491JxkuLZO/a5HOZt7odQv","5cFrNNq9RJcqhMsksyfhzh"],["_textureSetter"],["cc.Texture2D","cc.SpriteFrame",["cc.AudioClip",["_name","_native","duration"],0],["cc.JsonAsset",["_name","json"],1]],[[2,0,1,2,4],[3,0,1,3]],[[["0,9729,9729,33071,33071,0,0,1",-1],[0],0,[],[],[]],[["0,9729,9729,33071,33071,0,0,1",-1],[0],0,[],[],[]],[[[0,"March",".mp3",1.332245],-1],0,0,[],[],[]],[[{"name":"June","rect":[0,0,512,377],"offset":[0,0],"originalSize":[512,377],"capInsets":[0,0,0,0]}],[1],0,[0],[0],[0]],[["0,9729,9729,33071,33071,0,0,1",-1],[0],0,[],[],[]],[["0,9729,9729,33071,33071,0,0,1",-1],[0],0,[],[],[]],[["0,9729,9729,33071,33071,0,0,1",-1],[0],0,[],[],[]],[[{"name":"January","rect":[0,0,512,377],"offset":[0,0],"originalSize":[512,377],"capInsets":[0,0,0,0]}],[1],0,[0],[0],[1]],[[[0,"May",".mp3",1.854694],-1],0,0,[],[],[]],[[{"name":"May","rect":[0,0,512,377],"offset":[0,0],"originalSize":[512,377],"capInsets":[0,0,0,0]}],[1],0,[0],[0],[2]],[[[0,"June",".mp3",0.417959],-1],0,0,[],[],[]],[[{"name":"April","rect":[0,0,512,377],"offset":[0,0],"originalSize":[512,377],"capInsets":[0,0,0,0]}],[1],0,[0],[0],[3]],[[[0,"April",".mp3",1.933061],-1],0,0,[],[],[]],[[[1,"sl_en3610",{"rows":[["writeword","1","Description","January","January.png","January.mp3"],["writeword","1","Description","February","February.png","February.mp3"],["writeword","1","Description","March","March.png","March.mp3"],["writeword","1","Description","April","April.png","April.mp3"],["writeword","1","Description","May","May.png","May.mp3"],["writeword","1","Description","June","June.png","June.mp3"],["quizliteracy","1","Description","soundonly_word","January","June","April","January","","","January.mp3"],["quizliteracy","1","Description","soundonly_word","March","March","January","April","","","March.mp3"],["quizliteracy","1","Description","soundonly_word","June","January","June","March","","","June.mp3"]]}]],0,0,[],[],[]],[["0,9729,9729,33071,33071,0,0,1",-1],[0],0,[],[],[]],[[[0,"February",".mp3",1.332245],-1],0,0,[],[],[]],[[[0,"January",".mp3",1.410612],-1],0,0,[],[],[]],[[{"name":"March","rect":[0,0,512,377],"offset":[0,0],"originalSize":[512,377],"capInsets":[0,0,0,0]}],[1],0,[0],[0],[4]],[[{"name":"February","rect":[0,0,512,377],"offset":[0,0],"originalSize":[512,377],"capInsets":[0,0,0,0]}],[1],0,[0],[0],[5]]]]