[1,["8bf09TFe9EtrUWMLZbJn9B","73zaPd6n1D2rklzUzf0yIz","ebePRSOE9E7aVlNWXrbNm6","darieILKZJIJ8v2YEkYeko"],["_textureSetter"],["cc.SpriteFrame","cc.Texture2D",["cc.JsonAsset",["_name","json"],1],["cc.AudioClip",["_name","_native","duration"],0]],[[3,0,1,2,4],[2,0,1,3]],[[[[1,"hi0713",{"rows":[["spelldoor","1","Description","पैर","*र","1","0","पैर.png","पैर.mp3"],["rocket","1","Description","मैं","मैं","मैं","मैं.mp3","मैं.png","false ","false "],["rocket","1","Description","कैमरा","कै,म,रा","कै,म,रा","कैमरा.mp3","कैमरा.png","false ","true "],["openwindow","1","Description","LEGIT","पै,र","पैर.png","गेंद.png","पैर.mp3","ज,ग,न,ल,फ,ता,र,थ,व,न,घ,ट्र,क,घो,ड़ा,हा,थी,आ,म,स"],["quizliteracy","1","Description","soundonly_word","मैं","कैमरा","पैर","मैं","","","मैं.mp3"],["quizliteracy","1","Description","image_word","पैर","पैर","मैं","कैमरा","पैर.png"],["quizliteracy","1","Description","soundonly_word","कैमरा","मैं","कैमरा","पैर","","","कैमरा.mp3"]]}]],0,0,[],[],[]],[[{"name":"मैं","rect":[0,0,271,271],"offset":[0,0],"originalSize":[271,271],"capInsets":[0,0,0,0]}],[0],0,[0],[0],[0]],[[[0,"कैमरा",".mp3",3.186939],-1],0,0,[],[],[]],[[{"name":"गेंद","rect":[0,0,193,153],"offset":[0,0],"originalSize":[193,153],"capInsets":[0,0,0,0]}],[0],0,[0],[0],[1]],[[{"name":"कैमरा","rect":[0,0,615,461],"offset":[0,0],"originalSize":[615,461],"capInsets":[0,0,0,0]}],[0],0,[0],[0],[2]],[["0,9729,9729,33071,33071,0,0,1",-1],[1],0,[],[],[]],[["0,9729,9729,33071,33071,0,0,1",-1],[1],0,[],[],[]],[[[0,"मैं",".mp3",0.731429],-1],0,0,[],[],[]],[[{"name":"पैर","rect":[0,0,193,153],"offset":[0,0],"originalSize":[193,153],"capInsets":[0,0,0,0]}],[0],0,[0],[0],[3]],[["0,9729,9729,33071,33071,0,0,1",-1],[1],0,[],[],[]],[[[0,"पैर",".mp3",0.835918],-1],0,0,[],[],[]],[["0,9729,9729,33071,33071,0,0,1",-1],[1],0,[],[],[]]]]