[1,["70l/AwxiVNGKjqnd2T3MIL","a5Z/JXuXxIxb5BiPCGEHl4","f4M8Xh4YhF0aNSNgN2MquR","7eJahL8slC5a9JxejJ8Now","5dfqh05mFEE7Y2EHNDXrOz","2242Os/11EMI+haBvdMFWE","7b6tO5HqNKSJSdqc9mWADN","12uWvr+qtB4r/0qwmYsvqA","e8v/AuXK5NDJMAxoE5Jk7T","fexYzhv1lA+a10dXRAo5Em","1aYPpbSAJOd4BrENP1N3NK","4fjJk7JxpN5beto8MsdOZc"],["_textureSetter"],["cc.Texture2D","cc.SpriteFrame",["cc.AudioClip",["_name","_native","duration"],0],["cc.JsonAsset",["_name","json"],1]],[[2,0,1,2,4],[3,0,1,3]],[[[[0,"बैग_बिस्तर_के_बगल_में_है।",".mp3",2.324898],-1],0,0,[],[],[]],[["0,9729,9729,33071,33071,0,0,1",-1],[0],0,[],[],[]],[["0,9729,9729,33071,33071,0,0,1",-1],[0],0,[],[],[]],[[[0,"बस्ता_बिस्तर_के_नीचे_है।",".mp3",2.424],-1],0,0,[],[],[]],[["0,9729,9729,33071,33071,0,0,1",-1],[0],0,[],[],[]],[[{"name":"l10_birdsinsky","rect":[0,0,868,689],"offset":[0,0],"originalSize":[868,689],"capInsets":[0,0,0,0]}],[1],0,[0],[0],[0]],[[{"name":"l10_frogunderleaf","rect":[0,0,868,689],"offset":[0,0],"originalSize":[868,689],"capInsets":[0,0,0,0]}],[1],0,[0],[0],[1]],[[[0,"बकरी_गाय_और_कुत्ते_के_बीच_है।",".mp3",2.821224],-1],0,0,[],[],[]],[[[0,"बैग_बिस्तर_पर_है।",".mp3",1.671837],-1],0,0,[],[],[]],[[[1,"hi1702",{"rows":[["fillblank","1","Description","बकरियाँ पेड़ के [सामने] हैं।","बकरियाँ_पेड_के_सामने_हैं.mp3","बीच","पीछे","पास","15"],["fillblank","1","Description","पार्क के [पीछे] बस स्टॉप है।","पार्क_के_पीछे_बस_स्टॉप_है.mp3","पास","बीच","सामने","15"],["fillblank","1","Description","चट्टान [पर] मेंढकों को देखो।","चट्टान_पर_मेंढकों_को_देखो.mp3","में","के नीचे","के पास","15"],["picturemeaning","1","Description","S","मेंढक पत्ती पर है।","l10_frogonleaf.png","मेंढक_पत्ती_पर_है।.mp3","मेंढक पत्ती के नीचे है।","l10_frogunderleaf.png","मेंढक_पत्ती_के_नीचे_है।.mp3","मेंढक पानी में है।","l10_froginwater.png","मेंढक_पानी_में_है।.mp3"],["picturemeaning","1","Description","S","बस्ता बिस्तर के नीचे है।","l10_bagunderbed.png","बस्ता_बिस्तर_के_नीचे_है।.mp3","बस्ता बिस्तर पर है।","l10_bagonbed.png","बस्ता_बिस्तर_पर_है.mp3","बस्ता बिस्तर के बगल में है।","l10_bagnextbed.png","बस्ता_बिस्तर_के_बगल_में_है।.mp3"],["picturemeaning","1","Description","S","पक्षी आकाश में हैं।","l10_birdsinsky.png","पक्षी_आकाश_में_हैं।.mp3","पक्षी छत पर हैं।","l10_birdsonroof.png","पक्षी_छत_पर_हैं।.mp3","पक्षी घोंसले में हैं।","l10_birdsinnest.png","पक्षी_घोंसले_में_हैं।.mp3"],["picturemeaning","1","Description","P","कुत्ता बकरी और भेड़ के बीच है।","l13_dogbtwgoat_sheep.png","कुत्ता_बकरी_और_भेड_के_बीच_है।.mp3","कुत्ता गाय और बकरी के बीच है।","l13_dogbtwcow_goat.png","कुत्ता_गाय_और_बकरी_के_बीच_है।.mp3","बकरी गाय और कुत्ते के बीच है।","l13_goatbtwcow_dog.png","बकरी_गाय_और_कुत्ते_के_बीच_है।.mp3"],["quizliteracy","1","Description","sentence_sentence","सामने","पर","सामने","में","","बकरियाँ पेड़ के ___ हैं।","बकरियाँ_पेड_के_सामने_हैं.mp3"],["quizliteracy","1","Description","sentence_sentence","पीछे","में","पर","पीछे","","पार्क के ___ बस स्टॉप है।","पार्क_के_पीछे_बस_स्टॉप_है.mp3"],["quizliteracy","1","Description","sentence_sentence","पर","नीचे","में","पर","","चट्टान ___ मेंढकों को देखो।","चट्टान_पर_मेंढकों_को_देखो.mp3"]]}]],0,0,[],[],[]],[[{"name":"l10_frogonleaf","rect":[0,0,869,689],"offset":[0,0],"originalSize":[869,689],"capInsets":[0,0,0,0]}],[1],0,[0],[0],[2]],[[{"name":"l13_dogbtwgoat_sheep","rect":[0,0,868,689],"offset":[0,0],"originalSize":[868,689],"capInsets":[0,0,0,0]}],[1],0,[0],[0],[3]],[["0,9729,9729,33071,33071,0,0,1",-1],[0],0,[],[],[]],[[[0,"कुत्ता_गाय_और_बकरी_के_बीच_है।",".mp3",2.638367],-1],0,0,[],[],[]],[[{"name":"l10_froginwater","rect":[0,0,868,689],"offset":[0,0],"originalSize":[868,689],"capInsets":[0,0,0,0]}],[1],0,[0],[0],[4]],[["0,9729,9729,33071,33071,0,0,1",-1],[0],0,[],[],[]],[[[0,"पक्षी_घोंसले_में_हैं।",".mp3",1.776327],-1],0,0,[],[],[]],[[[0,"बस्ता_बिस्तर_के_बगल_में_है।",".mp3",2.568],-1],0,0,[],[],[]],[[{"name":"l10_birdsonroof","rect":[0,0,868,689],"offset":[0,0],"originalSize":[868,689],"capInsets":[0,0,0,0]}],[1],0,[0],[0],[5]],[["0,9729,9729,33071,33071,0,0,1",-1],[0],0,[],[],[]],[[[0,"बस्ता_बिस्तर_पर_है",".mp3",1.968],-1],0,0,[],[],[]],[["0,9729,9729,33071,33071,0,0,1",-1],[0],0,[],[],[]],[["0,9729,9729,33071,33071,0,0,1",-1],[0],0,[],[],[]],[[{"name":"l13_dogbtwcow_goat","rect":[0,0,868,689],"offset":[0,0],"originalSize":[868,689],"capInsets":[0,0,0,0]}],[1],0,[0],[0],[6]],[[{"name":"l10_birdsinnest","rect":[0,0,868,689],"offset":[0,0],"originalSize":[868,689],"capInsets":[0,0,0,0]}],[1],0,[0],[0],[7]],[[{"name":"l10_bagunderbed","rect":[0,0,868,689],"offset":[0,0],"originalSize":[868,689],"capInsets":[0,0,0,0]}],[1],0,[0],[0],[8]],[[[0,"मेंढक_पत्ती_के_नीचे_है।",".mp3",2.063673],-1],0,0,[],[],[]],[[[0,"पार्क_के_पीछे_बस_स्टॉप_है",".mp3",2.037551],-1],0,0,[],[],[]],[["0,9729,9729,33071,33071,0,0,1",-1],[0],0,[],[],[]],[[[0,"मेंढक_पानी_में_है।",".mp3",1.645714],-1],0,0,[],[],[]],[[{"name":"l10_bagnextbed","rect":[0,0,868,689],"offset":[0,0],"originalSize":[868,689],"capInsets":[0,0,0,0]}],[1],0,[0],[0],[9]],[[[0,"मेंढक_पत्ती_पर_है।",".mp3",1.802449],-1],0,0,[],[],[]],[[{"name":"l10_bagonbed","rect":[0,0,868,689],"offset":[0,0],"originalSize":[868,689],"capInsets":[0,0,0,0]}],[1],0,[0],[0],[10]],[[[0,"पक्षी_आकाश_में_हैं।",".mp3",1.671837],-1],0,0,[],[],[]],[[[0,"कुत्ता_बकरी_और_भेड_के_बीच_है।",".mp3",2.716735],-1],0,0,[],[],[]],[[{"name":"l13_goatbtwcow_dog","rect":[0,0,868,689],"offset":[0,0],"originalSize":[868,689],"capInsets":[0,0,0,0]}],[1],0,[0],[0],[11]],[[[0,"बकरियाँ_पेड_के_सामने_हैं",".mp3",2.448],-1],0,0,[],[],[]],[[[0,"चट्टान_पर_मेंढकों_को_देखो",".mp3",2.35102],-1],0,0,[],[],[]],[[[0,"बैग_बिस्तर_के_नीचे_है।",".mp3",2.35102],-1],0,0,[],[],[]],[[[0,"बकरियां_पेड_के_सामने_हैं",".mp3",2.429388],-1],0,0,[],[],[]],[["0,9729,9729,33071,33071,0,0,1",-1],[0],0,[],[],[]],[["0,9729,9729,33071,33071,0,0,1",-1],[0],0,[],[],[]],[[[0,"पक्षी_छत_पर_हैं।",".mp3",1.462857],-1],0,0,[],[],[]],[["0,9729,9729,33071,33071,0,0,1",-1],[0],0,[],[],[]]]]