[1,["9cFFgDMpFFz7lWfgPQET1J","f1It9tyMZK34JiH/9lWfhy","20YiCQ8WdOE7rJGB006zuh","68NfQJDy9CzLgvLy4yWjRt","8aS0vSsg5AdqvUhuY81T3n"],["_textureSetter"],["cc.Texture2D","cc.SpriteFrame",["cc.AudioClip",["_name","_native","duration"],0],["cc.JsonAsset",["_name","json"],1]],[[2,0,1,2,4],[3,0,1,3]],[[[[0,"ಶಾಲೆಯಲ್ಲಿ ನೆಹರು ಅವರ ಜನುಮದಿನದ ಆಚರಣೆ  ನಡೆಯಿತು",".mp3",3.504],-1],0,0,[],[],[]],[["0,9729,9729,33071,33071,0,0,1",-1],[0],0,[],[],[]],[[[1,"kn2507",{"rows":[["createsentence","1","Description","ಶಾಲೆಯಲ್ಲಿ/ನೆಹರು/ಅವರ/ಜನುಮದಿನದ/ಆಚರಣೆ/ನಡೆಯಿತು","","function in school.png","ಶಾಲೆಯಲ್ಲಿ ನೆಹರು ಅವರ ಜನುಮದಿನದ ಆಚರಣೆ  ನಡೆಯಿತು.mp3"],["createsentence","1","Description","ರಾಜನು/ಮಾಲೆ/ಮಾಡಿದನು","","boy with garland.png","ರಾಜನು ಮಾಲೆ ಮಾಡಿದನು.mp3"],["createsentence","1","Description","ನಾರಯಣ/ಗುರುಗಳು/ದೀಪ/ಬೆಳಗಿದರು","","man lighting lamp.png","ನಾರಯಣ ಗುರುಗಳು ದೀಪ ಬೆಳಗಿದರು.mp3"],["createsentence","1","Description","ಪೀಟರ್ /ವಂದಿಸಿದನು","","boy salutation.png","ಪೀಟರ್ ವಂದಿಸಿದನು.mp3"],["createsentence","1","Description","ಸಿಹಿ/ತಿಂಡಿಯನ್ನು/ಮಾನಸ/ಹಂಚಿದಳು","","girl distributing sweets.png","ಸಿಹಿ ತಿಂಡಿಯನ್ನು ಮಾನಸ ಹಂಚಿದಳು.mp3"],["quizliteracy","1","Description","soundonly_sentence","ರಾಜನು ಮಾಲೆ ಮಾಡಿದನು","ನಾರಯಣ ಗುರುಗಳು ದೀಪ ಬೆಳಗಿದರು","ರಾಜನು ಮಾಲೆ ಮಾಡಿದನು","ಪೀಟರ್ ವಂದಿಸಿದನು","","","ರಾಜನು ಮಾಲೆ ಮಾಡಿದನು.mp3"],["quizliteracy","1","Description","soundonly_sentence","ನಾರಯಣ ಗುರುಗಳು ದೀಪ ಬೆಳಗಿದರು","ರಾಜನು ಮಾಲೆ ಮಾಡಿದನು","ಪೀಟರ್ ವಂದಿಸಿದನು","ನಾರಯಣ ಗುರುಗಳು ದೀಪ ಬೆಳಗಿದರು","","","ನಾರಯಣ ಗುರುಗಳು ದೀಪ ಬೆಳಗಿದರು.mp3"],["quizliteracy","1","Description","soundonly_sentence","ಪೀಟರ್ ವಂದಿಸಿದನು","ಪೀಟರ್ ವಂದಿಸಿದನು","ನಾರಯಣ ಗುರುಗಳು ದೀಪ ಬೆಳಗಿದರು","ರಾಜನು ಮಾಲೆ ಮಾಡಿದನು","","","ಪೀಟರ್ ವಂದಿಸಿದನು.mp3"]]}]],0,0,[],[],[]],[[[0,"ನಾರಯಣ ಗುರುಗಳು ದೀಪ ಬೆಳಗಿದರು",".mp3",2.208],-1],0,0,[],[],[]],[[[0,"ರಾಜನು ಮಾಲೆ ಮಾಡಿದನು",".mp3",1.704],-1],0,0,[],[],[]],[["0,9729,9729,33071,33071,0,0,1",-1],[0],0,[],[],[]],[[{"name":"man lighting lamp","rect":[0,0,800,448],"offset":[0,0],"originalSize":[800,448],"capInsets":[0,0,0,0]}],[1],0,[0],[0],[0]],[[{"name":"girl distributing sweets","rect":[0,0,800,450],"offset":[0,0],"originalSize":[800,450],"capInsets":[0,0,0,0]}],[1],0,[0],[0],[1]],[["0,9729,9729,33071,33071,0,0,1",-1],[0],0,[],[],[]],[[[0,"ಪೀಟರ್ ವಂದಿಸಿದನು",".mp3",1.44],-1],0,0,[],[],[]],[["0,9729,9729,33071,33071,0,0,1",-1],[0],0,[],[],[]],[[{"name":"function in school","rect":[0,0,800,509],"offset":[0,0],"originalSize":[800,509],"capInsets":[0,0,0,0]}],[1],0,[0],[0],[2]],[[{"name":"boy salutation","rect":[0,0,571,800],"offset":[0,0],"originalSize":[571,800],"capInsets":[0,0,0,0]}],[1],0,[0],[0],[3]],[[[0,"ಸಿಹಿ ತಿಂಡಿಯನ್ನು ಮಾನಸ ಹಂಚಿದಳು",".mp3",2.28],-1],0,0,[],[],[]],[["0,9729,9729,33071,33071,0,0,1",-1],[0],0,[],[],[]],[[{"name":"boy with garland","rect":[0,0,536,800],"offset":[0,0],"originalSize":[536,800],"capInsets":[0,0,0,0]}],[1],0,[0],[0],[4]]]]