[1,["8aaJG40FBNB6zDhpAuFiO/","dcIUP2D8RAf4lXRYYno/Fo","3a3BureU1Prp0+wUINTuY0","078yIerTBKLIYKIZrLyOuE","88E46aoMRGAqJLEL61F52D","cecVU9DPZDJZznsY/RHFOO","dcK6exAqpAd45rN68GY3xk","78pazUFL5BCoGMpY5SHLtH","7cJsIE+TFErKMTF+0cS4yg","f3br+xMpRKwodjk1qBT/VL","bbv5uEOvlORaSLMhr5huqA","afZtlcRzZO4olyULoOFCk6"],["_textureSetter"],["cc.Texture2D","cc.SpriteFrame",["cc.AudioClip",["_name","_native","duration"],0],["cc.JsonAsset",["_name","json"],1]],[[2,0,1,2,4],[3,0,1,3]],[[["0,9729,9729,33071,33071,0,0,1",-1],[0],0,[],[],[]],[[{"name":"day2","rect":[0,0,512,505],"offset":[0,0],"originalSize":[512,505],"capInsets":[0,0,0,0]}],[1],0,[0],[0],[0]],[[{"name":"day4","rect":[0,0,512,512],"offset":[0,0],"originalSize":[512,512],"capInsets":[0,0,0,0]}],[1],0,[0],[0],[1]],[["0,9729,9729,33071,33071,0,0,1",-1],[0],0,[],[],[]],[[{"name":"night5","rect":[0,0,512,341],"offset":[0,0],"originalSize":[512,341],"capInsets":[0,0,0,0]}],[1],0,[0],[0],[2]],[[{"name":"day3","rect":[0,0,512,512],"offset":[0,0],"originalSize":[512,512],"capInsets":[0,0,0,0]}],[1],0,[0],[0],[3]],[[{"name":"night2","rect":[0,0,512,451],"offset":[0,0],"originalSize":[512,451],"capInsets":[0,0,0,0]}],[1],0,[0],[0],[4]],[["0,9729,9729,33071,33071,0,0,1",-1],[0],0,[],[],[]],[[[0,"day",".mp3",0.600816],-1],0,0,[],[],[]],[[{"name":"night4","rect":[0,0,454,512],"offset":[0,0],"originalSize":[454,512],"capInsets":[0,0,0,0]}],[1],0,[0],[0],[5]],[["0,9729,9729,33071,33071,0,0,1",-1],[0],0,[],[],[]],[["0,9729,9729,33071,33071,0,0,1",-1],[0],0,[],[],[]],[["0,9729,9729,33071,33071,0,0,1",-1],[0],0,[],[],[]],[[[0,"night",".mp3",0.679184],-1],0,0,[],[],[]],[["0,9729,9729,33071,33071,0,0,1",-1],[0],0,[],[],[]],[["0,9729,9729,33071,33071,0,0,1",-1],[0],0,[],[],[]],[[{"name":"day6","rect":[0,0,512,290],"offset":[0,0],"originalSize":[512,290],"capInsets":[0,0,0,0]}],[1],0,[0],[0],[6]],[[{"name":"night1","rect":[0,0,512,392],"offset":[0,0],"originalSize":[512,392],"capInsets":[0,0,0,0]}],[1],0,[0],[0],[7]],[["0,9729,9729,33071,33071,0,0,1",-1],[0],0,[],[],[]],[[{"name":"day5","rect":[0,0,512,341],"offset":[0,0],"originalSize":[512,341],"capInsets":[0,0,0,0]}],[1],0,[0],[0],[8]],[["0,9729,9729,33071,33071,0,0,1",-1],[0],0,[],[],[]],[["0,9729,9729,33071,33071,0,0,1",-1],[0],0,[],[],[]],[[{"name":"day7","rect":[0,0,512,362],"offset":[0,0],"originalSize":[512,362],"capInsets":[0,0,0,0]}],[1],0,[0],[0],[9]],[[{"name":"night3","rect":[0,0,512,379],"offset":[0,0],"originalSize":[512,379],"capInsets":[0,0,0,0]}],[1],0,[0],[0],[10]],[[{"name":"night6","rect":[0,0,512,512],"offset":[0,0],"originalSize":[512,512],"capInsets":[0,0,0,0]}],[1],0,[0],[0],[11]],[["0,9729,9729,33071,33071,0,0,1",-1],[0],0,[],[],[]],[[[1,"sl_en3620",{"rows":[["openwindow1","1","Description","LEGIT","day","day1png","night1.png","day.mp3","abcdefghijklmnopqrstuvwxyz"],["openwindow1","1","Description","LEGIT","night","night1.png","day1png","night.mp3","abcdefghijklmnopqrstuvwxyz"],["openwindow1","1","Description","LEGIT","night","night2.png","day2.png","night.mp3","abcdefghijklmnopqrstuvwxyz"],["openwindow1","1","Description","LEGIT","day","day3.png","night3.png","day.mp3","abcdefghijklmnopqrstuvwxyz"],["openwindow1","1","Description","LEGIT","night","night4.png","day4.png","night.mp3","abcdefghijklmnopqrstuvwxyz"],["openwindow1","1","Description","LEGIT","day","day5.png","night5.png","day.mp3","abcdefghijklmnopqrstuvwxyz"],["openwindow1","1","Description","LEGIT","day","day6.png","night6.png","day.mp3","abcdefghijklmnopqrstuvwxyz"],["openwindow1","1","Description","LEGIT","night","night7.png","day7.png","night.mp3","abcdefghijklmnopqrstuvwxyz"],["quizliteracy","1","Description","soundonly_image","day1png","day1png","night6.png","night2.png","","","day.mp3"],["quizliteracy","1","Description","soundonly_image","night2.png","day3.png","night2.png","day5.png","","","night.mp3"],["quizliteracy","1","Description","soundonly_image","day6.png","night5.png","day6.png","night1.png","","","day.mp3"]]}]],0,0,[],[],[]]]]