[1,["8fEEWLYR9AvpoC9gl0kvjq","75ZZgiC3BJ8KLez5TXHX58"],["_textureSetter"],["cc.SpriteFrame","cc.Texture2D",["cc.JsonAsset",["_name","json"],1]],[[2,0,1,3]],[[[{"name":"lamp-outline-tutorial","rect":[78,7,424,605],"offset":[1,-3.5],"originalSize":[578,612],"capInsets":[0,0,0,0]}],[0],0,[0],[0],[0]],[[[0,"lamp-outline-tutorial-json",[[{"x":516,"y":388.5},{"x":516,"y":392.5},{"x":516,"y":396.5},{"x":515,"y":399.5},{"x":514,"y":402.5},{"x":514,"y":406.5},{"x":513,"y":409.5},{"x":512,"y":412.5},{"x":509,"y":415.5},{"x":509,"y":419.5},{"x":508,"y":422.5},{"x":505,"y":424.5},{"x":503,"y":427.5},{"x":501,"y":430.5},{"x":500,"y":433.5},{"x":498,"y":436.5},{"x":496,"y":440.5},{"x":494,"y":444.5},{"x":493,"y":448.5},{"x":492,"y":451.5},{"x":494,"y":448.5},{"x":497,"y":446.5},{"x":500,"y":444.5},{"x":503,"y":443.5},{"x":507,"y":442.5},{"x":511,"y":442.5},{"x":515,"y":439.5},{"x":518,"y":440.5},{"x":522,"y":439.5},{"x":526,"y":438.5},{"x":530,"y":438.5},{"x":535,"y":438.5},{"x":539,"y":438.5},{"x":543,"y":437.5},{"x":547,"y":435.5},{"x":550,"y":436.5},{"x":553,"y":435.5},{"x":557,"y":435.5},{"x":560,"y":433.5},{"x":563,"y":432.5},{"x":566,"y":431.5},{"x":569,"y":429.5},{"x":573,"y":428.5},{"x":575,"y":425.5},{"x":578,"y":424.5},{"x":581,"y":423.5},{"x":584,"y":421.5},{"x":589,"y":421.5},{"x":592,"y":420.5},{"x":594,"y":417.5},{"x":597,"y":416.5},{"x":600,"y":414.5},{"x":602,"y":411.5},{"x":606,"y":411.5},{"x":608,"y":408.5},{"x":610,"y":404.5},{"x":613,"y":401.5},{"x":616,"y":398.5},{"x":620,"y":396.5},{"x":624,"y":394.5},{"x":628,"y":394.5},{"x":631,"y":393.5},{"x":634,"y":391.5},{"x":637,"y":392.5},{"x":640,"y":390.5},{"x":644,"y":391.5},{"x":648,"y":388.5},{"x":651,"y":387.5},{"x":656,"y":384.5},{"x":659,"y":382.5},{"x":662,"y":380.5},{"x":665,"y":379.5},{"x":668,"y":377.5},{"x":672,"y":376.5},{"x":677,"y":374.5},{"x":681,"y":371.5},{"x":684,"y":369.5},{"x":687,"y":368.5},{"x":692,"y":368.5},{"x":695,"y":365.5},{"x":698,"y":362.5},{"x":701,"y":359.5},{"x":709,"y":353.5},{"x":707,"y":356.5},{"x":710,"y":354.5},{"x":714,"y":350.5},{"x":718,"y":349.5},{"x":723,"y":345.5},{"x":726,"y":344.5},{"x":729,"y":343.5},{"x":732,"y":342.5},{"x":733,"y":339.5},{"x":736,"y":340.5},{"x":739,"y":339.5},{"x":742,"y":338.5},{"x":745,"y":337.5},{"x":748,"y":336.5},{"x":751,"y":333.5},{"x":756,"y":331.5},{"x":761,"y":327.5},{"x":764,"y":325.5},{"x":767,"y":322.5},{"x":770,"y":321.5},{"x":776,"y":315.5},{"x":779,"y":312.5},{"x":782,"y":309.5},{"x":782,"y":305.5},{"x":784,"y":300.5},{"x":786,"y":297.5},{"x":787,"y":292.5},{"x":790,"y":289.5},{"x":791,"y":285.5},{"x":792,"y":282.5},{"x":793,"y":279.5},{"x":796,"y":278.5},{"x":795,"y":275.5},{"x":795,"y":271.5},{"x":794,"y":267.5},{"x":791,"y":264.5},{"x":788,"y":261.5},{"x":785,"y":260.5},{"x":784,"y":256.5},{"x":780,"y":254.5},{"x":778,"y":251.5},{"x":775,"y":250.5},{"x":773,"y":246.5},{"x":770,"y":245.5},{"x":769,"y":241.5},{"x":766,"y":239.5},{"x":763,"y":237.5},{"x":762,"y":234.5},{"x":758,"y":233.5},{"x":756,"y":230.5},{"x":755,"y":227.5},{"x":751,"y":225.5},{"x":748,"y":222.5},{"x":745,"y":220.5},{"x":742,"y":219.5},{"x":739,"y":217.5},{"x":732,"y":214.5},{"x":729,"y":212.5},{"x":726,"y":210.5},{"x":723,"y":209.5},{"x":720,"y":208.5},{"x":719,"y":205.5},{"x":716,"y":206.5},{"x":713,"y":205.5},{"x":708,"y":202.5},{"x":703,"y":200.5},{"x":698,"y":197.5},{"x":693,"y":194.5},{"x":690,"y":192.5},{"x":686,"y":190.5},{"x":682,"y":188.5},{"x":679,"y":189.5},{"x":676,"y":188.5},{"x":675,"y":185.5},{"x":671,"y":183.5},{"x":669,"y":180.5},{"x":666,"y":179.5},{"x":663,"y":176.5},{"x":658,"y":176.5},{"x":655,"y":175.5},{"x":653,"y":172.5},{"x":650,"y":171.5},{"x":647,"y":169.5},{"x":646,"y":166.5},{"x":642,"y":163.5},{"x":640,"y":160.5},{"x":639,"y":157.5},{"x":636,"y":155.5},{"x":633,"y":152.5},{"x":630,"y":151.5},{"x":629,"y":148.5},{"x":628,"y":145.5},{"x":623,"y":143.5},{"x":621,"y":140.5},{"x":618,"y":137.5},{"x":615,"y":135.5},{"x":612,"y":134.5},{"x":608,"y":134.5},{"x":607,"y":131.5},{"x":604,"y":132.5},{"x":600,"y":132.5},{"x":596,"y":132.5},{"x":594,"y":135.5},{"x":594,"y":141.5},{"x":595,"y":145.5},{"x":596,"y":148.5},{"x":599,"y":151.5},{"x":599,"y":155.5},{"x":602,"y":157.5},{"x":603,"y":161.5},{"x":606,"y":162.5},{"x":605,"y":165.5},{"x":608,"y":166.5},{"x":608,"y":170.5},{"x":611,"y":171.5},{"x":608,"y":172.5},{"x":603,"y":175.5},{"x":600,"y":176.5},{"x":594,"y":175.5},{"x":591,"y":177.5},{"x":584,"y":176.5},{"x":574,"y":176.5},{"x":569,"y":176.5},{"x":562,"y":176.5},{"x":558,"y":178.5},{"x":553,"y":177.5},{"x":548,"y":179.5},{"x":543,"y":178.5},{"x":540,"y":179.5},{"x":536,"y":179.5},{"x":532,"y":181.5},{"x":527,"y":182.5},{"x":522,"y":183.5},{"x":515,"y":184.5},{"x":511,"y":184.5},{"x":507,"y":185.5},{"x":503,"y":188.5},{"x":499,"y":188.5},{"x":496,"y":191.5},{"x":493,"y":193.5},{"x":490,"y":194.5},{"x":487,"y":195.5},{"x":484,"y":196.5},{"x":480,"y":196.5},{"x":477,"y":198.5},{"x":472,"y":201.5},{"x":468,"y":203.5},{"x":464,"y":204.5},{"x":461,"y":208.5},{"x":458,"y":209.5},{"x":455,"y":211.5},{"x":452,"y":212.5},{"x":449,"y":213.5},{"x":446,"y":214.5},{"x":443,"y":217.5},{"x":440,"y":218.5},{"x":436,"y":220.5},{"x":432,"y":221.5},{"x":427,"y":223.5},{"x":424,"y":225.5},{"x":420,"y":227.5},{"x":417,"y":228.5},{"x":414,"y":229.5},{"x":411,"y":230.5},{"x":407,"y":230.5},{"x":404,"y":231.5},{"x":400,"y":231.5},{"x":396,"y":231.5},{"x":392,"y":232.5},{"x":386,"y":232.5},{"x":381,"y":232.5},{"x":377,"y":232.5},{"x":373,"y":232.5},{"x":369,"y":232.5},{"x":366,"y":231.5},{"x":362,"y":230.5},{"x":359,"y":229.5},{"x":358,"y":226.5},{"x":355,"y":221.5},{"x":351,"y":220.5},{"x":350,"y":217.5},{"x":346,"y":215.5},{"x":344,"y":212.5},{"x":341,"y":210.5},{"x":340,"y":207.5},{"x":338,"y":203.5},{"x":335,"y":201.5},{"x":334,"y":198.5},{"x":332,"y":195.5},{"x":329,"y":194.5},{"x":326,"y":191.5},{"x":323,"y":189.5},{"x":322,"y":186.5},{"x":319,"y":185.5},{"x":316,"y":180.5},{"x":313,"y":178.5},{"x":310,"y":175.5},{"x":308,"y":170.5},{"x":305,"y":167.5},{"x":305,"y":163.5},{"x":303,"y":160.5},{"x":301,"y":157.5},{"x":300,"y":154.5},{"x":298,"y":150.5},{"x":296,"y":146.5},{"x":295,"y":143.5},{"x":292,"y":140.5},{"x":290,"y":137.5},{"x":288,"y":134.5},{"x":287,"y":131.5},{"x":284,"y":129.5},{"x":283,"y":126.5},{"x":280,"y":124.5},{"x":279,"y":121.5},{"x":278,"y":124.5},{"x":278,"y":128.5},{"x":276,"y":131.5},{"x":277,"y":135.5},{"x":277,"y":139.5},{"x":277,"y":145.5},{"x":277,"y":149.5},{"x":277,"y":153.5},{"x":277,"y":157.5},{"x":279,"y":163.5},{"x":279,"y":167.5},{"x":279,"y":172.5},{"x":277,"y":175.5},{"x":278,"y":178.5},{"x":277,"y":183.5},{"x":275,"y":191.5},{"x":276,"y":195.5},{"x":274,"y":204.5},{"x":275,"y":207.5},{"x":275,"y":211.5},{"x":275,"y":215.5},{"x":275,"y":219.5},{"x":275,"y":223.5},{"x":275,"y":229.5},{"x":275,"y":233.5},{"x":275,"y":238.5},{"x":273,"y":242.5},{"x":274,"y":245.5},{"x":272,"y":249.5},{"x":271,"y":254.5},{"x":272,"y":257.5},{"x":272,"y":261.5},{"x":272,"y":265.5},{"x":270,"y":268.5},{"x":271,"y":271.5},{"x":271,"y":275.5},{"x":269,"y":280.5},{"x":269,"y":284.5},{"x":266,"y":288.5},{"x":265,"y":292.5},{"x":265,"y":296.5},{"x":262,"y":298.5},{"x":263,"y":301.5},{"x":260,"y":303.5},{"x":261,"y":306.5},{"x":258,"y":310.5},{"x":258,"y":314.5},{"x":257,"y":317.5},{"x":255,"y":320.5},{"x":253,"y":323.5},{"x":253,"y":327.5},{"x":251,"y":330.5},{"x":250,"y":334.5},{"x":249,"y":339.5},{"x":245,"y":341.5},{"x":246,"y":344.5},{"x":243,"y":345.5},{"x":242,"y":348.5},{"x":240,"y":351.5},{"x":238,"y":355.5},{"x":236,"y":359.5},{"x":234,"y":363.5},{"x":234,"y":367.5},{"x":233,"y":364.5},{"x":235,"y":361.5},{"x":236,"y":358.5},{"x":238,"y":355.5},{"x":241,"y":354.5},{"x":239,"y":351.5},{"x":242,"y":350.5},{"x":243,"y":347.5},{"x":245,"y":344.5},{"x":248,"y":341.5},{"x":251,"y":340.5},{"x":254,"y":338.5},{"x":256,"y":335.5},{"x":259,"y":333.5},{"x":262,"y":331.5},{"x":265,"y":328.5},{"x":268,"y":327.5},{"x":271,"y":324.5},{"x":274,"y":323.5},{"x":277,"y":320.5},{"x":281,"y":318.5},{"x":285,"y":317.5},{"x":288,"y":316.5},{"x":291,"y":313.5},{"x":295,"y":311.5},{"x":299,"y":309.5},{"x":302,"y":307.5},{"x":304,"y":303.5},{"x":307,"y":300.5},{"x":310,"y":297.5},{"x":313,"y":295.5},{"x":317,"y":292.5},{"x":321,"y":290.5},{"x":324,"y":289.5},{"x":325,"y":286.5},{"x":328,"y":287.5},{"x":330,"y":284.5},{"x":333,"y":282.5},{"x":336,"y":283.5},{"x":337,"y":280.5},{"x":342,"y":277.5},{"x":345,"y":278.5},{"x":345,"y":274.5},{"x":348,"y":276.5},{"x":351,"y":273.5},{"x":355,"y":273.5},{"x":358,"y":272.5},{"x":363,"y":270.5},{"x":366,"y":271.5},{"x":371,"y":271.5},{"x":375,"y":271.5},{"x":379,"y":273.5},{"x":382,"y":272.5},{"x":385,"y":273.5},{"x":388,"y":274.5},{"x":391,"y":275.5},{"x":394,"y":276.5},{"x":396,"y":279.5},{"x":400,"y":279.5},{"x":401,"y":282.5},{"x":404,"y":283.5},{"x":408,"y":285.5},{"x":411,"y":287.5},{"x":416,"y":289.5},{"x":419,"y":292.5},{"x":424,"y":293.5},{"x":423,"y":296.5},{"x":426,"y":298.5},{"x":429,"y":299.5},{"x":431,"y":302.5},{"x":435,"y":306.5},{"x":438,"y":307.5},{"x":441,"y":311.5},{"x":446,"y":313.5},{"x":447,"y":317.5},{"x":450,"y":319.5},{"x":453,"y":322.5},{"x":456,"y":325.5},{"x":457,"y":328.5},{"x":460,"y":330.5},{"x":462,"y":333.5},{"x":465,"y":335.5},{"x":468,"y":338.5},{"x":471,"y":341.5},{"x":476,"y":344.5},{"x":478,"y":347.5},{"x":481,"y":350.5},{"x":483,"y":353.5},{"x":486,"y":356.5},{"x":489,"y":357.5},{"x":490,"y":360.5},{"x":493,"y":361.5},{"x":494,"y":364.5},{"x":498,"y":366.5},{"x":501,"y":368.5},{"x":504,"y":369.5},{"x":506,"y":372.5},{"x":509,"y":375.5},{"x":512,"y":378.5},{"x":515,"y":379.5},{"x":515,"y":379.5}]]]],0,0,[],[],[]],[[[0,"drawshape0006",{"rows":[["drawshape","1","Description","lamp-outline-tutorial.png"]]}]],0,0,[],[],[]],[[{"name":"lamp-outline","rect":[276,14,425,586],"offset":[-11.5,-1],"originalSize":[1000,612],"capInsets":[0,0,0,0]}],[0],0,[0],[0],[1]],[["0,9729,9729,33071,33071,0,0,1",-1],[1],0,[],[],[]],[["0,9729,9729,33071,33071,0,0,1",-1],[1],0,[],[],[]]]]