[1,["14ch3vybRH4Z0lDGWc3i4M","59Uf2XXRBGt6GF+Koasc4B","1cPvTeVmRJU7/YysjJzVsQ"],["_textureSetter"],["cc.Texture2D","cc.SpriteFrame",["cc.JsonAsset",["_name","json"],1],["cc.AudioClip",["_name","_native","duration"],0]],[[3,0,1,2,4],[2,0,1,3]],[[[[1,"kn2101",{"rows":[["phonictractor","1","Description","4","ಹೆರಳು","ಹೆರಳು.mp3","ಹೆ","ಹೆ.mp3","ರ","ರ.mp3","ಳು","ಳು.mp3"],["spelldoor","1","Description","ಐದು","**","0","0","five.png","ಐದು.mp3"],["phonictractor","1","Description","4","ಕೇಳು","ಕೇಳು.mp3","ಕೇ","ಕೇ.mp3","ಳು","ಳು.mp3"],["rocket","1","Description","ಗೇಟು","ಗೇ,ಟು","ಗೇ,ಟು","ಗೇಟು.mp3","gate.png","False","False"],["phonictractor","1","Description","4","ಥೈಥಕ","ಥೈಥಕ.mp3","ಥೈ","ಥೈ.mp3","ಥ","ಥ.mp3","ಕ","ಕ.mp3"],["phonictractor","1","Description","4","ಹೇಮ","ಹೇಮ.mp3","ಹೇ","ಹೇ.mp3","ಮ","ಮ.mp3"],["phonictractor","1","Description","4","ಉಘೇ","ಉಘೇ.mp3","ಉ","ಉ.mp3","ಘೇ","ಘೇ.mp3"],["phonictractor","1","Description","4","ಪೇಡೆ","ಪೇಡೆ.mp3","ಪೇ","ಪೇ.mp3","ಡೆ","ಡೆ.mp3"],["quizliteracy","1","Description","word_word","ಹೆ","ದೆ","ಹೆ","ಪೆ","","__ರಳು","ಹೆರಳು.mp3"],["quizliteracy","1","Description","image_word","ಐದು","ಆರು","ಒಂದು","ಐದು","five.png"],["quizliteracy","1","Description","soundonly_word","ಗೇಟು","ಗೇಟು","ಕೇಳು","ಹೇಮ","","","ಗೇಟು.mp3"]]}]],0,0,[],[],[]],[[[0,"ಹೇಮ",".mp3",0.648],-1],0,0,[],[],[]],[["0,9729,9729,33071,33071,0,0,1",-1],[0],0,[],[],[]],[["0,9729,9729,33071,33071,0,0,1",-1],[0],0,[],[],[]],[[[0,"ಐದು",".mp3",0.888],-1],0,0,[],[],[]],[[[0,"ಘೇ",".mp3",0.6],-1],0,0,[],[],[]],[[[0,"ಥೈ",".mp3",0.624],-1],0,0,[],[],[]],[[{"name":"statue","rect":[0,0,554,800],"offset":[0,0],"originalSize":[554,800],"capInsets":[0,0,0,0]}],[1],0,[0],[0],[0]],[[[0,"ಗೇಟು",".mp3",0.72],-1],0,0,[],[],[]],[[[0,"ರ",".mp3",0.48],-1],0,0,[],[],[]],[[[0,"ಕ",".mp3",0.504],-1],0,0,[],[],[]],[[[0,"ಮ",".mp3",0.48],-1],0,0,[],[],[]],[["0,9729,9729,33071,33071,0,0,1",-1],[0],0,[],[],[]],[[[0,"ಕೇಳು",".mp3",0.672],-1],0,0,[],[],[]],[[[0,"ಹೆರಳು",".mp3",0.72],-1],0,0,[],[],[]],[[[0,"ಳು",".mp3",0.528],-1],0,0,[],[],[]],[[[0,"ಥ",".mp3",0.504],-1],0,0,[],[],[]],[[[0,"ಉಘೇ",".mp3",1.104],-1],0,0,[],[],[]],[[[0,"ಪೇ",".mp3",0.576],-1],0,0,[],[],[]],[[[0,"ಥೈಥಕ",".mp3",0.864],-1],0,0,[],[],[]],[[[0,"ಡೆ",".mp3",0.528],-1],0,0,[],[],[]],[[[0,"ಹೆ",".mp3",0.552],-1],0,0,[],[],[]],[[[0,"ಪೇಡೆ",".mp3",0.696],-1],0,0,[],[],[]],[[{"name":"five","rect":[0,0,533,800],"offset":[0,0],"originalSize":[533,800],"capInsets":[0,0,0,0]}],[1],0,[0],[0],[1]],[[[0,"ಉ",".mp3",0.48],-1],0,0,[],[],[]],[[[0,"ಕೇ",".mp3",0.576],-1],0,0,[],[],[]],[[{"name":"gate","rect":[17,17,472,478],"offset":[3,-6],"originalSize":[500,500],"capInsets":[0,0,0,0]}],[1],0,[0],[0],[2]],[[[0,"ಹೇ",".mp3",0.552],-1],0,0,[],[],[]]]]