[1,["10djQ3hLhGPI5nVn9skoVb","ebf9ns+W5KvpNCPciDou6d","b7umeemcJPvJ6UZ/LGO2lJ"],["_textureSetter"],["cc.Texture2D","cc.SpriteFrame",["cc.AudioClip",["_name","_native","duration"],0],["cc.JsonAsset",["_name","json"],1]],[[2,0,1,2,4],[3,0,1,3]],[[[[0,"class",".mp3",0.809796],-1],0,0,[],[],[]],[[[0,"team",".mp3",0.731429],-1],0,0,[],[],[]],[["0,9729,9729,33071,33071,0,0,1",-1],[0],0,[],[],[]],[[[0,"crab",".mp3",0.600816],-1],0,0,[],[],[]],[[[0,"elf",".mp3",0.653061],-1],0,0,[],[],[]],[[[0,"heart",".mp3",0.653061],-1],0,0,[],[],[]],[[[0,"idea",".mp3",0.757551],-1],0,0,[],[],[]],[[[0,"meat",".mp3",0.679184],-1],0,0,[],[],[]],[[{"name":"spelling_leaf","rect":[0,0,370,273],"offset":[0,0],"originalSize":[370,273],"capInsets":[0,0,0,0]}],[1],0,[0],[0],[0]],[[[1,"sl_en1712",{"rows":[["grid","1","Description","ea","sy,rly,rth"],["grid","1","Description","y,fl,ur","ea"],["speakingpet","1","Description","cr.mp3","cl.mp3","crab","crab.mp3","A","1,2","cream","cream.mp3","A","1,2","clock","clock.mp3","B","1,2","class","class.mp3","B","1,2"],["speakingpet","1","Description","e_phonic.mp3","i_phonic.mp3","egg","egg.mp3","A","1","elf","elf.mp3","A","1","ice","ice.mp3","B","1","idea","idea.mp3","B","1"],["speakingpet","1","Description","th.mp3","t_phonic.mp3","that","that.mp3","A","1,2","tall","tall.mp3","B","1","team","team.mp3","B","1","test","test.mp3","B","1"],["spelldoor","1","Description","heart","h**rt","2","2","spelling_heart.png","heart.mp3"],["spelldoor","1","Description","leaf","l**f","2","2","spelling_leaf.png","leaf.mp3"],["spelldoor","1","Description","meat","m**t","2","2","spelling_meat.png","meat.mp3"],["quizliteracy","1","Description","soundonly_word","cream","crown","cream","cloud","","","cream.mp3"],["quizliteracy","1","Description","soundonly_word","heart","heart","head","ears","","","heart.mp3"],["quizliteracy","1","Description","soundonly_word","team","idea","team","tall","","","team.mp3"]]}]],0,0,[],[],[]],[[[0,"that",".mp3",0.731429],-1],0,0,[],[],[]],[[[0,"egg",".mp3",0.496327],-1],0,0,[],[],[]],[[{"name":"spelling_meat","rect":[0,0,370,273],"offset":[0,0],"originalSize":[370,273],"capInsets":[0,0,0,0]}],[1],0,[0],[0],[1]],[[[0,"cream",".mp3",0.705306],-1],0,0,[],[],[]],[[[0,"cr",".mp3",1.436735],-1],0,0,[],[],[]],[["0,9729,9729,33071,33071,0,0,1",-1],[0],0,[],[],[]],[[[0,"ice",".mp3",0.679184],-1],0,0,[],[],[]],[[[0,"tall",".mp3",0.600816],-1],0,0,[],[],[]],[[[0,"clock",".mp3",0.653061],-1],0,0,[],[],[]],[[{"name":"spelling_heart","rect":[0,0,370,273],"offset":[0,0],"originalSize":[370,273],"capInsets":[0,0,0,0]}],[1],0,[0],[0],[2]],[[[0,"test",".mp3",0.705306],-1],0,0,[],[],[]],[[[0,"leaf",".mp3",0.809796],-1],0,0,[],[],[]],[[[0,"th",".mp3",0.966531],-1],0,0,[],[],[]],[["0,9729,9729,33071,33071,0,0,1",-1],[0],0,[],[],[]],[[[0,"cl",".mp3",0.862041],-1],0,0,[],[],[]],[[[0,"earth",".mp3",0.653061],-1],0,0,[],[],[]]]]