[1,["dc32uDN2pG3rs6+DHuvo0B","c3Efdunn9HUIA/9jlgn4aI","7cZAcl+yxAZKtzZrR6kgll"],["_textureSetter"],["cc.SpriteFrame","cc.Texture2D",["cc.AudioClip",["_name","_native","duration"],0],["cc.JsonAsset",["_name","json"],1]],[[2,0,1,2,4],[3,0,1,3]],[[[[0,"बतक",".mp3",0.705306],-1],0,0,[],[],[]],[[{"name":"बर्तन","rect":[0,0,400,333],"offset":[0,0],"originalSize":[400,333],"capInsets":[0,0,0,0]}],[0],0,[0],[0],[0]],[[[0,"बकरी",".mp3",0.653061],-1],0,0,[],[],[]],[[{"name":"बतक","rect":[0,0,400,333],"offset":[0,0],"originalSize":[400,333],"capInsets":[0,0,0,0]}],[0],0,[0],[0],[1]],[[[0,"ब",".mp3",0.5485],-1],0,0,[],[],[]],[[{"name":"बकरी","rect":[0,0,400,333],"offset":[0,0],"originalSize":[400,333],"capInsets":[0,0,0,0]}],[0],0,[0],[0],[2]],[[[0,"बर्तन",".mp3",0.783673],-1],0,0,[],[],[]],[["0,9729,9729,33071,33071,0,0,1",-1],[1],0,[],[],[]],[[[1,"hi0122",{"rows":[["phonictractor","1","Description","5","ब","ब.mp3","ब","ब.mp3"],["writeletter","1","Description","ब","बकरी"],["writecard","1","Description","ब","बकरी","बकरी.png","बकरी.mp3","बर्तन","बर्तन.png","बर्तन.mp3","बत्तख","बतक.png","बतक.mp3"],["quizliteracy","1","Description","soundonly_word","ब","द","ब","ऐ","","","ब.mp3"],["quizliteracy","1","Description","word_word","ब","ट","द","ब","","ब"],["quizliteracy","1","Description","soundonly_word","ब","ब","प","द","","","ब.mp3"]]}]],0,0,[],[],[]],[["0,9729,9729,33071,33071,0,0,1",-1],[1],0,[],[],[]],[["0,9729,9729,33071,33071,0,0,1",-1],[1],0,[],[],[]]]]