[1,["4a8RnQVDNLsb7SlbOwPhqA","ffg4k5jBBLaIz2l115z6c1"],["_textureSetter"],["cc.SpriteFrame","cc.Texture2D",["cc.AudioClip",["_name","_native","duration"],0],["cc.JsonAsset",["_name","json"],1]],[[2,0,1,2,4],[3,0,1,3]],[[[[0,"द",".mp3",0.5225],-1],0,0,[],[],[]],[[{"name":"दस्खत","rect":[0,0,400,333],"offset":[0,0],"originalSize":[400,333],"capInsets":[0,0,0,0]}],[0],0,[0],[0],[0]],[[[0,"दरवाज़ा",".mp3",2.298776],-1],0,0,[],[],[]],[[{"name":"दुकान","rect":[0,0,400,333],"offset":[0,0],"originalSize":[400,333],"capInsets":[0,0,0,0]}],[0],0,[0],[0],[1]],[["0,9729,9729,33071,33071,0,0,1",-1],[1],0,[],[],[]],[[[1,"hi0117",{"rows":[["phonictractor","1","Description","5","द","द.mp3","द","द.mp3"],["writeletter","1","Description","द","दस्खत"],["writecard","1","Description","द","दस्खत","दस्खत.png","दस्खत.mp3","दरवाज़ा","दरवाज़ा.png","दरवाज़ा.mp3","दुकान","दुकान.png","दुकान.mp3"],["quizliteracy","1","Description","soundonly_word","द","द","ट","ऐ","","","द.mp3"],["quizliteracy","1","Description","word_word","द","ट","द","प","","द"],["quizliteracy","1","Description","soundonly_word","द","इ","प","द","","","द.mp3"]]}]],0,0,[],[],[]],[[[0,"दुकान",".mp3",0.757551],-1],0,0,[],[],[]],[[[0,"दस्खत",".mp3",0.862041],-1],0,0,[],[],[]],[["0,9729,9729,33071,33071,0,0,1",-1],[1],0,[],[],[]]]]