[1,["7eVjl1lClD15naZbYH+aSO","86zY/RAA5I3bftZ83Xjck3","d03uz0Ls1DlYX6E8AQOHne","5620qbouNHLpZSbdx/7yTc","a2WTN5xMdF9K9Ks9AtxQWX","feRVfSxLtIqor2OtJodTEC","d9apwNFnFPzJzvpDDbilf1"],["_textureSetter"],["cc.SpriteFrame","cc.Texture2D",["cc.AudioClip",["_name","_native","duration"],0],["cc.JsonAsset",["_name","json"],1]],[[2,0,1,2,4],[3,0,1,3]],[[[[0,"ಠೀವಿ",".mp3",0.72],-1],0,0,[],[],[]],[[{"name":"pride","rect":[0,0,800,532],"offset":[0,0],"originalSize":[800,532],"capInsets":[0,0,0,0]}],[0],0,[0],[0],[0]],[[[1,"kn1607",{"rows":[["phonictractor","1","Description","4","ಗೀಗೀ","ಗೀಗೀ.mp3","ಗೀ","ಗೀ.mp3","ಗೀ","ಗೀ.mp3"],["phonictractor","1","Description","4","ಸೀತಾಳ","ಸೀತಾಳ.mp3","ಸೀ","ಸೀ.mp3","ತಾ","ತಾ.mp3","ಳ","ಳ.mp3"],["spelldoor","1","Description","ಚೀಟಿ","**","0","0","chit.png","ಚೀಟಿ.mp3"],["spelldoor","1","Description","ಕೀಟ","**","0","0","insect.png","ಕೀಟ.mp3"],["spelldoor","1","Description","ತೀರ","**","0","0","riverbank.png","ತೀರ.mp3"],["openwindow","1","Description","LEGIT","ದೀ,ಪ","lamp.png","book.png","ದೀಪ.mp3","ದೀ,ಪ"],["rocket","1","Description","ಪೀಪೀ","ಪೀ,ಪೀ","ಪೀ,ಪೀ","ಪೀಪೀ.mp3","flute.png","False","False"],["spelldoor","1","Description","ಠೀವಿ","*ವಿ","0","1","pride.png","ಠೀವಿ.mp3"],["quizliteracy","1","Description","word_word","ಸೀ","ಥೀ","ಕೀ","ಸೀ","","__ತಾಳ","ಸೀತಾಳ.mp3"],["quizliteracy","1","Description","image_word","ತೀರ","ಪೀಪೀ","ತೀರ","ಚೀಟಿ","riverbank.png"],["quizliteracy","1","Description","soundonly_word","ಕೀಟ","ಕೀಟ","ಪೀಪೀ","ಠೀವಿ","","","ಕೀಟ.mp3"]]}]],0,0,[],[],[]],[[[0,"ಳ",".mp3",0.504],-1],0,0,[],[],[]],[[[0,"ಸೀತಾಳ",".mp3",0.912],-1],0,0,[],[],[]],[[{"name":"book","rect":[0,0,800,590],"offset":[0,0],"originalSize":[800,590],"capInsets":[0,0,0,0]}],[0],0,[0],[0],[1]],[["0,9729,9729,33071,33071,0,0,1",-1],[1],0,[],[],[]],[[{"name":"flute","rect":[0,0,800,533],"offset":[0,0],"originalSize":[800,533],"capInsets":[0,0,0,0]}],[0],0,[0],[0],[2]],[[[0,"ಗೀಗೀ",".mp3",0.744],-1],0,0,[],[],[]],[[[0,"ಸೀ",".mp3",0.648],-1],0,0,[],[],[]],[[[0,"ದೀಪ",".mp3",0.696],-1],0,0,[],[],[]],[["0,9729,9729,33071,33071,0,0,1",-1],[1],0,[],[],[]],[["0,9729,9729,33071,33071,0,0,1",-1],[1],0,[],[],[]],[[[0,"ತಾ",".mp3",0.528],-1],0,0,[],[],[]],[[{"name":"chit","rect":[0,0,800,533],"offset":[0,0],"originalSize":[800,533],"capInsets":[0,0,0,0]}],[0],0,[0],[0],[3]],[[[0,"ಕೀಟ",".mp3",0.672],-1],0,0,[],[],[]],[["0,9729,9729,33071,33071,0,0,1",-1],[1],0,[],[],[]],[[[0,"ಗೀ",".mp3",0.576],-1],0,0,[],[],[]],[[[0,"ಚೀಟಿ",".mp3",0.744],-1],0,0,[],[],[]],[[{"name":"lamp","rect":[0,0,500,375],"offset":[0,0],"originalSize":[500,375],"capInsets":[0,0,0,0]}],[0],0,[0],[0],[4]],[[[0,"ಪೀಪೀ",".mp3",0.72],-1],0,0,[],[],[]],[[[0,"ತೀರ",".mp3",0.648],-1],0,0,[],[],[]],[["0,9729,9729,33071,33071,0,0,1",-1],[1],0,[],[],[]],[[{"name":"insect","rect":[0,0,800,534],"offset":[0,0],"originalSize":[800,534],"capInsets":[0,0,0,0]}],[0],0,[0],[0],[5]],[["0,9729,9729,33071,33071,0,0,1",-1],[1],0,[],[],[]],[[{"name":"riverbank","rect":[0,0,500,283],"offset":[0,0],"originalSize":[500,283],"capInsets":[0,0,0,0]}],[0],0,[0],[0],[6]],[["0,9729,9729,33071,33071,0,0,1",-1],[1],0,[],[],[]]]]