[1,["f6HWR5AmRPX7/pxydZiJAv","fcxsBScsZDnYXub3tx9Hbc","c9x4+C6M9HZqAEgv9Nh/mM"],["_textureSetter"],["cc.SpriteFrame","cc.Texture2D",["cc.JsonAsset",["_name","json"],1],["cc.AudioClip",["_name","_native","duration"],0]],[[3,0,1,2,4],[2,0,1,3]],[[[[1,"en0001",{"rows":[["balloonpop","1","Description","2","b","5","b,a","b.mp3"],["writeletter","1","Description","b","-"],["writecard","1","Description","b","bag","bag.png","bag.mp3","bat","bat.png","bat.mp3","ball","ball.png","ball.mp3"],["quizliteracy","1","Description","soundonly_word","b","b","r","e","","","b.mp3"],["quizliteracy","1","Description","word_word","b","p","d","b","","b"],["quizliteracy","1","Description","soundonly_word","b","b","f","h","","","b.mp3"]]}]],0,0,[],[],[]],[[[0,"b",".mp3",0.912],-1],0,0,[],[],[]],[[{"name":"bag","rect":[0,0,500,750],"offset":[0,0],"originalSize":[500,750],"capInsets":[0,0,0,0]}],[0],0,[0],[0],[0]],[[{"name":"bat","rect":[32,149,509,186],"offset":[-3.5,-12],"originalSize":[580,460],"capInsets":[0,0,0,0]}],[0],0,[0],[0],[1]],[[{"name":"ball","rect":[0,0,500,333],"offset":[0,0],"originalSize":[500,333],"capInsets":[0,0,0,0]}],[0],0,[0],[0],[2]],[[[0,"bag",".mp3",1.032],-1],0,0,[],[],[]],[["0,9729,9729,33071,33071,0,0,1",-1],[1],0,[],[],[]],[[[0,"bat",".mp3",0.912],-1],0,0,[],[],[]],[[[0,"ball",".mp3",0.96],-1],0,0,[],[],[]],[["0,9729,9729,33071,33071,0,0,1",-1],[1],0,[],[],[]],[["0,9729,9729,33071,33071,0,0,1",-1],[1],0,[],[],[]]]]