[1,["3cIELKA1xDMoMf032j3fE/","3eaytHV7lL3ZOHqKxnpahe","975UNHz3NItJvPMSw4MvYW"],["_textureSetter"],["cc.SpriteFrame","cc.Texture2D",["cc.AudioClip",["_name","_native","duration"],0],["cc.JsonAsset",["_name","json"],1]],[[2,0,1,2,4],[3,0,1,3]],[[[[0,"girl",".mp3",0.96],-1],0,0,[],[],[]],[[{"name":"goat","rect":[0,0,500,333],"offset":[0,0],"originalSize":[500,333],"capInsets":[0,0,0,0]}],[0],0,[0],[0],[0]],[[{"name":"girl","rect":[0,0,500,400],"offset":[0,0],"originalSize":[500,400],"capInsets":[0,0,0,0]}],[0],0,[0],[0],[1]],[[[0,"g",".mp3",1.008],-1],0,0,[],[],[]],[[{"name":"gate","rect":[0,0,500,750],"offset":[0,0],"originalSize":[500,750],"capInsets":[0,0,0,0]}],[0],0,[0],[0],[2]],[[[0,"goat",".mp3",1.08],-1],0,0,[],[],[]],[["0,9729,9729,33071,33071,0,0,1",-1],[1],0,[],[],[]],[["0,9729,9729,33071,33071,0,0,1",-1],[1],0,[],[],[]],[[[0,"gate",".mp3",1.032],-1],0,0,[],[],[]],[["0,9729,9729,33071,33071,0,0,1",-1],[1],0,[],[],[]],[[[1,"en0100",{"rows":[["balloonpop","1","Description","2","g","5","g,e,f","g.mp3"],["writeletter","1","Description","g","-"],["writecard","1","Description","g","girl","girl.png","girl.mp3","goat","goat.png","goat.mp3","gate","gate.png","gate.mp3"],["quizliteracy","1","Description","soundonly_word","g","g","y","s","","","g.mp3"],["quizliteracy","1","Description","word_word","g","h","g","q","","g"],["quizliteracy","1","Description","soundonly_word","g","g","a","e","","","g.mp3"]]}]],0,0,[],[],[]]]]