[1,["f72FNUTbNHLK+VYl81Luib","c7dgoX45RL5ZTEp+m3adbG","00PmypmKFD0bmpkFWgiuV8"],["_textureSetter"],["cc.Texture2D","cc.SpriteFrame",["cc.AudioClip",["_name","_native","duration"],0],["cc.JsonAsset",["_name","json"],1]],[[2,0,1,2,4],[3,0,1,3]],[[["0,9729,9729,33071,33071,0,0,1",-1],[0],0,[],[],[]],[[{"name":"ठप्पा","rect":[0,0,400,333],"offset":[0,0],"originalSize":[400,333],"capInsets":[0,0,0,0]}],[1],0,[0],[0],[0]],[[[0,"ठंडा",".mp3",0.757551],-1],0,0,[],[],[]],[[{"name":"ठंडा","rect":[0,0,400,333],"offset":[0,0],"originalSize":[400,333],"capInsets":[0,0,0,0]}],[1],0,[0],[0],[1]],[[{"name":"ठठेरा","rect":[0,0,450,452],"offset":[0,0],"originalSize":[450,452],"capInsets":[0,0,0,0]}],[1],0,[0],[0],[2]],[[[0,"ठठेरा",".mp3",0.809796],-1],0,0,[],[],[]],[[[0,"ठ",".mp3",0.57475],-1],0,0,[],[],[]],[[[1,"hi0111",{"rows":[["balloonpop","1","Description","2","ट","5","ट","ट.mp3"],["phonictractor","1","Description","5","ठ","ठ.mp3","ठ","ठ.mp3"],["writeletter","1","Description","ठ","ठप्पा"],["writecard","1","Description","ठ","ठप्पा","ठप्पा.png","ठप्पा.mp3","ठठेरा","ठठेरा.png","ठठेरा.mp3","ठंडा","ठंडा.png","ठंडा.mp3"],["quizliteracy","1","Description","soundonly_word","ठ","छ","ठ","प","","","ठ.mp3"],["quizliteracy","1","Description","word_word","ठ","ठ","छ","आ","","ठ"],["quizliteracy","1","Description","soundonly_word","ठ","प","आ","ठ","","","ठ.mp3"]]}]],0,0,[],[],[]],[[[0,"ठप्पा",".mp3",0.757551],-1],0,0,[],[],[]],[["0,9729,9729,33071,33071,0,0,1",-1],[0],0,[],[],[]],[["0,9729,9729,33071,33071,0,0,1",-1],[0],0,[],[],[]]]]