[1,["d5bUWMYEZJC6FJXb083AZR","8aZJh5URJCuoRZ+ne6h8uG","55h3mSO4FBy6vuFsnpzT9K","eabznLgZFNoa/tDCvcqeGP","4bSQ+oJnRPg4jESh1tm2V4","aewMN6UOVGEKtJreaRPiYu","3bRwZNaIlDsZ67RLnuZ/y7","13lHrCvZtH9bQ7nNTfPw/d","d0GTYNQktA6ZW939H/xut3","08jXBKIexNmYB57G8xW+8y","ffUhSrFExCRplUWf3IbGUt"],["_textureSetter"],["cc.Texture2D","cc.SpriteFrame",["cc.AudioClip",["_name","_native","duration"],0],["cc.JsonAsset",["_name","json"],1]],[[2,0,1,2,4],[3,0,1,3]],[[["0,9729,9729,33071,33071,0,0,1",-1],[0],0,[],[],[]],[[{"name":"image_15_4","rect":[0,0,845,695],"offset":[0,0],"originalSize":[845,695],"capInsets":[0,0,0,0]}],[1],0,[0],[0],[0]],[["0,9729,9729,33071,33071,0,0,1",-1],[0],0,[],[],[]],[[[0,"plate",".mp3",0.757551],-1],0,0,[],[],[]],[[[0,"vegetables",".mp3",1.018776],-1],0,0,[],[],[]],[[[0,"butter",".mp3",0.522449],-1],0,0,[],[],[]],[[[0,"red_peper",".mp3",0.966531],-1],0,0,[],[],[]],[[[0,"food",".mp3",0.574694],-1],0,0,[],[],[]],[[[0,"cup",".mp3",0.574694],-1],0,0,[],[],[]],[[[0,"chocolate",".mp3",0.809796],-1],0,0,[],[],[]],[["0,9729,9729,33071,33071,0,0,1",-1],[0],0,[],[],[]],[[[0,"sugar",".mp3",0.679184],-1],0,0,[],[],[]],[[{"name":"image_1_1","rect":[0,0,845,695],"offset":[0,0],"originalSize":[845,695],"capInsets":[0,0,0,0]}],[1],0,[0],[0],[1]],[["1,9729,9729,33071,33071,0,0,1",-1],[0],0,[],[],[]],[[[0,"cake",".mp3",0.679184],-1],0,0,[],[],[]],[["1,9729,9729,33071,33071,0,0,1",-1],[0],0,[],[],[]],[[[0,"egg",".mp3",0.496327],-1],0,0,[],[],[]],[[{"name":"image_21_1","rect":[0,0,845,695],"offset":[0,0],"originalSize":[845,695],"capInsets":[0,0,0,0]}],[1],0,[0],[0],[2]],[[[0,"spoon",".mp3",0.862041],-1],0,0,[],[],[]],[[{"name":"image_2_4","rect":[0,0,845,695],"offset":[0,0],"originalSize":[845,695],"capInsets":[0,0,0,0]}],[1],0,[0],[0],[3]],[["1,9729,9729,33071,33071,0,0,1",-1],[0],0,[],[],[]],[[[0,"fruits",".mp3",0.940408],-1],0,0,[],[],[]],[[[0,"sweet",".mp3",0.835918],-1],0,0,[],[],[]],[[[0,"partyhat",".mp3",1.123265],-1],0,0,[],[],[]],[[[0,"small",".mp3",0.862041],-1],0,0,[],[],[]],[[[0,"sour",".mp3",0.888163],-1],0,0,[],[],[]],[[{"name":"image_10_1","rect":[0,0,845,695],"offset":[0,0],"originalSize":[845,695],"capInsets":[0,0,0,0]}],[1],0,[0],[0],[4]],[[[0,"meat",".mp3",0.679184],-1],0,0,[],[],[]],[[[0,"lemon",".mp3",0.679184],-1],0,0,[],[],[]],[[[0,"watermelon",".mp3",0.992653],-1],0,0,[],[],[]],[[[1,"sl_en1811",{"rows":[["tag","1","Description","image_10_1.jpg","cooking","713.-1513","cooking.mp3","egg","1261.-812","egg.mp3","milk","1304.-1176","milk.mp3","flour","397.-879","flour.mp3","sugar","898.-506","sugar.mp3","butter","641.-1154","butter.mp3"],["tag","1","Description","image_15_3.jpg","lunch","1118.-1373","lunch.mp3","plate","839.-522","plate.mp3","rice","458.-787","rice.mp3","spoon","1093.-986","spoon.mp3","cup","532.-1187","cup.mp3"],["tag","1","Description","image_15_4.jpg","party","694.-1427","party.mp3","cake","1141.-568","cake.mp3","present","381.-585","present.mp3","party hat","310.-1043","partyhat.mp3","balloon","751.-972","balloon.mp3"],["tag","1","Description","image_1_1.jpg","food","280.-1520","food.mp3","egg","1305.-725","egg.mp3","bread","253.-899","bread.mp3","milk","995.-1252","milk.mp3"],["tag","1","Description","image_21_1.jpg","food","280.-1520","food.mp3","red peper","1216.-777","red_peper.mp3","ice cream","332.-1244","icecream.mp3","lemon","339.-844","lemon.mp3","chocolate","1217.-1249","chocolate.mp3"],["tag","1","Description","image_26_4.jpg","foods","280.-1520","foods.mp3","lemon","1175.-616","lemon.mp3","watermelon","667.-603","watermelon.mp3","sour","1349.-1382","sour.mp3","sweet","991.-893","sweet.mp3","small","264.-819","small.mp3","big","532.-1196","big.mp3"],["tag","1","Description","image_2_4.jpg","foods","280.-1520","foods.mp3","fruits","416.-1169","fruits.mp3","vegetables","1220.-518","vegetables.mp3","meat","423.-664","meat.mp3","grains","1161.-1190","grains.mp3"],["quizliteracy","1","Description","image_word","egg","grape","apple","egg","egg.png"],["quizliteracy","1","Description","image_word","cake","cake","lake","make","cake.png"],["quizliteracy","1","Description","image_word","lemon","lemon","onion","apple","lemon.png"],["quizliteracy","1","Description","image_word","milk","milk","cherry","bread","milk.png"],["quizliteracy","1","Description","soundonly_word","rice","rice","nice","mice","","","rice.mp3"]]}]],0,0,[],[],[]],[["1,9729,9729,33071,33071,0,0,1",-1],[0],0,[],[],[]],[[{"name":"image_15_3","rect":[0,0,845,695],"offset":[0,0],"originalSize":[845,695],"capInsets":[0,0,0,0]}],[1],0,[0],[0],[5]],[[{"name":"cake","rect":[0,6,140,128],"offset":[0,0],"originalSize":[140,140],"capInsets":[0,0,0,0]}],[1],0,[0],[0],[6]],[[[0,"balloon",".mp3",0.705306],-1],0,0,[],[],[]],[[[0,"foods",".mp3",0.888163],-1],0,0,[],[],[]],[[{"name":"lemon","rect":[74,94,440,271],"offset":[4,0.5],"originalSize":[580,460],"capInsets":[0,0,0,0]}],[1],0,[0],[0],[7]],[[{"name":"milk","rect":[13,1,114,139],"offset":[0,-0.5],"originalSize":[140,140],"capInsets":[0,0,0,0]}],[1],0,[0],[0],[8]],[[[0,"icecream",".mp3",0.757551],-1],0,0,[],[],[]],[[[0,"cooking",".mp3",0.731429],-1],0,0,[],[],[]],[[{"name":"egg","rect":[0,0,400,333],"offset":[0,0],"originalSize":[400,333],"capInsets":[0,0,0,0]}],[1],0,[0],[0],[9]],[["0,9729,9729,33071,33071,0,0,1",-1],[0],0,[],[],[]],[[[0,"big",".mp3",0.496327],-1],0,0,[],[],[]],[[[0,"lunch",".mp3",0.809796],-1],0,0,[],[],[]],[["1,9729,9729,33071,33071,0,0,1",-1],[0],0,[],[],[]],[[[0,"flour",".mp3",0.862041],-1],0,0,[],[],[]],[[[0,"milk",".mp3",0.679184],-1],0,0,[],[],[]],[[[0,"present",".mp3",0.809796],-1],0,0,[],[],[]],[[{"name":"image_26_4","rect":[0,0,845,695],"offset":[0,0],"originalSize":[845,695],"capInsets":[0,0,0,0]}],[1],0,[0],[0],[10]],[[[0,"grains",".mp3",0.862041],-1],0,0,[],[],[]],[[[0,"bread",".mp3",0.653061],-1],0,0,[],[],[]],[[[0,"rice",".mp3",0.757551],-1],0,0,[],[],[]],[["1,9729,9729,33071,33071,0,0,1",-1],[0],0,[],[],[]],[[[0,"party",".mp3",0.731429],-1],0,0,[],[],[]],[["1,9729,9729,33071,33071,0,0,1",-1],[0],0,[],[],[]]]]