[1,["a0pE926QBAQ7uo1Uq0oEHH","ad9h/RnbpI0JCuH1F2qPhg","2dmw/kM5JGo4I2yYZweFuj","e215rkuNBPPrj3vOMXEx4Z","4evahWfm1M+abztXwpNTDw"],["_textureSetter"],["cc.SpriteFrame","cc.Texture2D",["cc.JsonAsset",["_name","json"],1],["cc.AudioClip",["_name","_native","duration"],0]],[[3,0,1,2,4],[2,0,1,3]],[[[[1,"sl_en1701",{"rows":[["openwindow","1","Description","LEGIT","basket","basket.png","pillow.png","basket.mp3","abcdefghijklmnopqrstuvwxyz"],["phonictractor","1","Description","5","skirt","skirt.mp3","sk","sk.mp3","ir","ir.mp3","t","t_phonic.mp3"],["writecard","1","Description","s","sky","sky.png","sky.mp3","soap","soap.png","soap.mp3","snake","snake.png","snake.mp3"],["quizliteracy","1","Description","image_word","basket","pillow","basket","lemon","basket.png"],["quizliteracy","1","Description","image_word","sky","skirt","sky","soap","sky.png"],["quizliteracy","1","Description","soundonly_word","skirt","basket","skirt","snake","","","skirt.mp3"],["quizliteracy","1","Description","soundonly_word","sky","skirt","soap","sky","","","sky.mp3"]]}]],0,0,[],[],[]],[[[0,"ir",".mp3",0.600816],-1],0,0,[],[],[]],[[{"name":"snake","rect":[0,0,512,196],"offset":[0,0],"originalSize":[512,196],"capInsets":[0,0,0,0]}],[0],0,[0],[0],[0]],[["0,9729,9729,33071,33071,0,0,1",-1],[1],0,[],[],[]],[[[0,"sk",".mp3",0.339592],-1],0,0,[],[],[]],[[[0,"t_phonic",".mp3",1.17551],-1],0,0,[],[],[]],[["0,9729,9729,33071,33071,0,0,1",-1],[1],0,[],[],[]],[[[0,"soap",".mp3",0.757551],-1],0,0,[],[],[]],[[[0,"snake",".mp3",0.783673],-1],0,0,[],[],[]],[[[0,"basket",".mp3",0.835918],-1],0,0,[],[],[]],[[{"name":"soap","rect":[0,0,1200,1000],"offset":[0,0],"originalSize":[1200,1000],"capInsets":[0,0,0,0]}],[0],0,[0],[0],[1]],[[[0,"skirt",".mp3",0.888163],-1],0,0,[],[],[]],[["0,9729,9729,33071,33071,0,0,1",-1],[1],0,[],[],[]],[[{"name":"pillow","rect":[52,43,468,350],"offset":[-4,12],"originalSize":[580,460],"capInsets":[0,0,0,0]}],[0],0,[0],[0],[2]],[[{"name":"sky","rect":[0,0,512,341],"offset":[0,0],"originalSize":[512,341],"capInsets":[0,0,0,0]}],[0],0,[0],[0],[3]],[["0,9729,9729,33071,33071,0,0,1",-1],[1],0,[],[],[]],[[{"name":"basket","rect":[128,64,308,329],"offset":[-8,1.5],"originalSize":[580,460],"capInsets":[0,0,0,0]}],[0],0,[0],[0],[4]],[["0,9729,9729,33071,33071,0,0,1",-1],[1],0,[],[],[]],[[[0,"sky",".mp3",0.783673],-1],0,0,[],[],[]]]]