[1,["15oPG8H31LtbithLmJc1t6","9aAofxXD9NX5y5kS+9U4ET","93lsSIVChO66+1V7liaq75","cebuyAt9NG45O9fUyhdCGc","b6bPYWDvdC87NjWHxPq8d0"],["_textureSetter"],["cc.Texture2D","cc.SpriteFrame",["cc.AudioClip",["_name","_native","duration"],0],["cc.JsonAsset",["_name","json"],1]],[[2,0,1,2,4],[3,0,1,3]],[[["0,9729,9729,33071,33071,0,0,1",-1],[0],0,[],[],[]],[[[0,"ಬಾಯಿ",".mp3",0.72],-1],0,0,[],[],[]],[[{"name":"path","rect":[0,0,512,384],"offset":[0,0],"originalSize":[512,384],"capInsets":[0,0,0,0]}],[1],0,[0],[0],[0]],[[[0,"ಸರದಾರ",".mp3",0.936],-1],0,0,[],[],[]],[[{"name":"mouth","rect":[0,0,341,512],"offset":[0,0],"originalSize":[341,512],"capInsets":[0,0,0,0]}],[1],0,[0],[0],[1]],[[[0,"ಲಾ",".mp3",0.552],-1],0,0,[],[],[]],[[{"name":"thousand","rect":[0,0,512,448],"offset":[0,0],"originalSize":[512,448],"capInsets":[0,0,0,0]}],[1],0,[0],[0],[2]],[[[0,"ಸಾಲ",".mp3",0.744],-1],0,0,[],[],[]],[[[0,"ಶಾಕ",".mp3",0.768],-1],0,0,[],[],[]],[[[1,"kn1701",{"rows":[["phonictractor","1","Description","4","ಲಾಲಿ","ಲಾಲಿ.mp3","ಲಾ","ಲಾ.mp3","ಲಿ","ಲಿ.mp3"],["spelldoor","1","Description","ಬಾಯಿ","**","0","0","mouth.png","ಬಾಯಿ.mp3"],["openwindow","1","Description","LEGIT","ಹಾ,ದಿ","path.png","book.png","ಹಾದಿ.mp3","ಹಾ,ದಿ"],["rocket","1","Description","ಸಾವಿರ","ಸಾ,ವಿ,ರ","ಸಾ,ವಿ,ರ","ಸಾವಿರ.mp3","thousand.png","False","False"],["spelldoor","1","Description","ಸರದಾರ","ಸರ*ರ","0","0","leader.png","ಸರದಾರ.mp3"],["phonictractor","1","Description","4","ಸಾಲ","ಸಾಲ.mp3","ಸಾ","ಸಾ.mp3","ಲ","ಲ.mp3"],["phonictractor","1","Description","4","ತಾ","ತಾ.mp3","ತಾ","ತಾ.mp3"],["phonictractor","1","Description","4","ಶಾಕ","ಶಾಕ.mp3","ಶಾ","ಶಾ.mp3","ಕ","ಕ.mp3"],["quizliteracy","1","Description","image_word","ಬಾಯಿ","ಬಾಯಿ","ಕಾಯಿ","ನಾಯಿ","mouth.png"],["quizliteracy","1","Description","word_word","ಸಾ","ತಾ","ನಾ","ಸಾ","","__ಲ","ಸಾಲ.mp3"],["quizliteracy","1","Description","soundonly_word","ಸಾವಿರ","ಲಾಲಿ","ಸಾವಿರ","ಶಾಕ","","","ಸಾವಿರ.mp3"]]}]],0,0,[],[],[]],[[{"name":"book","rect":[0,0,512,378],"offset":[0,0],"originalSize":[512,378],"capInsets":[0,0,0,0]}],[1],0,[0],[0],[3]],[[[0,"ಶಾ",".mp3",0.624],-1],0,0,[],[],[]],[["0,9729,9729,33071,33071,0,0,1",-1],[0],0,[],[],[]],[["0,9729,9729,33071,33071,0,0,1",-1],[0],0,[],[],[]],[[[0,"ಲ",".mp3",0.504],-1],0,0,[],[],[]],[[[0,"ತಾ",".mp3",0.528],-1],0,0,[],[],[]],[["0,9729,9729,33071,33071,0,0,1",-1],[0],0,[],[],[]],[[{"name":"leader","rect":[0,0,512,341],"offset":[0,0],"originalSize":[512,341],"capInsets":[0,0,0,0]}],[1],0,[0],[0],[4]],[[[0,"ಹಾದಿ",".mp3",0.696],-1],0,0,[],[],[]],[[[0,"ಸಾ",".mp3",0.624],-1],0,0,[],[],[]],[[[0,"ಸಾವಿರ",".mp3",0.84],-1],0,0,[],[],[]],[["0,9729,9729,33071,33071,0,0,1",-1],[0],0,[],[],[]],[[[0,"ಲಿ",".mp3",0.528],-1],0,0,[],[],[]],[[[0,"ಕ",".mp3",0.504],-1],0,0,[],[],[]],[[[0,"ಲಾಲಿ",".mp3",0.72],-1],0,0,[],[],[]]]]