[1,["97yi9DxMtCgoGX7iD+rdq7","fe1UZ04VpAZrmfXP3ZqBeF","e4M4xOHSxE0JR/xp3XLuYC","9bxCJBs2pI+6Xm2TxFb517","5cO7F1hzNKHbTD+lC824j4","e7mOHTdepCnqbPZROp0hBA","0aZSaupSBAtpUef49kxxt+","bfu6/NX29BgZ4ChmpEUNxD","2bczNUghtBW6LCd4avZ/yz"],["_textureSetter"],["cc.Texture2D","cc.SpriteFrame",["cc.AudioClip",["_name","_native","duration"],0],["cc.JsonAsset",["_name","json"],1]],[[2,0,1,2,4],[3,0,1,3]],[[["0,9729,9729,33071,33071,0,0,1",-1],[0],0,[],[],[]],[[[0,"father",".mp3",1.08],-1],0,0,[],[],[]],[[{"name":"elephant","rect":[0,0,512,342],"offset":[0,0],"originalSize":[512,342],"capInsets":[0,0,0,0]}],[1],0,[0],[0],[0]],[[[0,"brother",".mp3",1.056],-1],0,0,[],[],[]],[[{"name":"number","rect":[0,0,670,670],"offset":[0,0],"originalSize":[670,670],"capInsets":[0,0,0,0]}],[1],0,[0],[0],[1]],[[{"name":"father","rect":[0,0,402,512],"offset":[0,0],"originalSize":[402,512],"capInsets":[0,0,0,0]}],[1],0,[0],[0],[2]],[["0,9729,9729,33071,33071,0,0,1",-1],[0],0,[],[],[]],[[[0,"teacher",".mp3",0.984],-1],0,0,[],[],[]],[[[0,"mother",".mp3",0.96],-1],0,0,[],[],[]],[[[0,"number",".mp3",1.056],-1],0,0,[],[],[]],[["0,9729,9729,33071,33071,0,0,1",-1],[0],0,[],[],[]],[[{"name":"grandma","rect":[0,0,450,512],"offset":[0,0],"originalSize":[450,512],"capInsets":[0,0,0,0]}],[1],0,[0],[0],[3]],[[[0,"elephant",".mp3",1.272],-1],0,0,[],[],[]],[[{"name":"teacher","rect":[0,0,512,315],"offset":[0,0],"originalSize":[512,315],"capInsets":[0,0,0,0]}],[1],0,[0],[0],[4]],[["0,9729,9729,33071,33071,0,0,1",-1],[0],0,[],[],[]],[["0,9729,9729,33071,33071,0,0,1",-1],[0],0,[],[],[]],[[[1,"en0909",{"rows":[["rocket","1","Description","brother","a,b,c,d,e,f,g,h,i,j,k,l,m,n,o,p,q,r,s,t,u,v,w,x,y,z","b,r,o,t,h,e","brother.mp3","brother.png","true","false"],["rocket","1","Description","mother","a,b,c,d,e,f,g,h,i,j,k,l,m,n,o,p,q,r,s,t,u,v,w,x,y,z","m,o,t,h,e,r","mother.mp3","mother.png","true","false"],["rocket","1","Description","father","a,b,c,d,e,f,g,h,i,j,k,l,m,n,o,p,q,r,s,t,u,v,w,x,y,z","f,a,t,h,e,r","father.mp3","father.png","true","false"],["rocket","1","Description","sister","a,b,c,d,e,f,g,h,i,j,k,l,m,n,o,p,q,r,s,t,u,v,w,x,y,z","s,i,s,t,e,r","sister.mp3","sister.png","true","false"],["rocket","1","Description","grandma","a,b,c,d,e,f,g,h,i,j,k,l,m,n,o,p,q,r,s,t,u,v,w,x,y,z","g,r,a,n,d,m","grandma.mp3","grandma.png","true","false"],["rocket","1","Description","elephant","a,b,c,d,e,f,g,h,i,j,k,l,m,n,o,p,q,r,s,t,u,v,w,x,y,z","e,l,p,h,a,n,t","elephant.mp3","elephant.png","true","false"],["rocket","1","Description","teacher","a,b,c,d,e,f,g,h,i,j,k,l,m,n,o,p,q,r,s,t,u,v,w,x,y,z","t,e,a,c,h,r","teacher.mp3","teacher.png","true","false"],["rocket","1","Description","water","a,b,c,d,e,f,g,h,i,j,k,l,m,n,o,p,q,r,s,t,u,v,w,x,y,z","w,a,t,e,r","water.mp3","water.png","true","false"],["rocket","1","Description","number","a,b,c,d,e,f,g,h,i,j,k,l,m,n,o,p,q,r,s,t,u,v,w,x,y,z","n,u,m,b,e,r","number.mp3","number.png","true","false"],["quizliteracy","1","Description","soundonly_word","brother","father","mother","brother","","","brother.mp3"],["quizliteracy","1","Description","soundonly_word","father","father","mother","brother","","","father.mp3"],["quizliteracy","1","Description","soundonly_image","sister.png","sister.png","brother.png","father.png","","","sister.mp3"],["quizliteracy","1","Description","soundonly_word","teacher","teacher","student","classroom","","","teacher.mp3"],["quizliteracy","1","Description","soundonly_image","mother.png","father.png","mother.png","brother.png","","","mother.mp3"]]}]],0,0,[],[],[]],[[{"name":"sister","rect":[0,0,493,512],"offset":[0,0],"originalSize":[493,512],"capInsets":[0,0,0,0]}],[1],0,[0],[0],[5]],[["0,9729,9729,33071,33071,0,0,1",-1],[0],0,[],[],[]],[[{"name":"brother","rect":[0,0,508,512],"offset":[0,0],"originalSize":[508,512],"capInsets":[0,0,0,0]}],[1],0,[0],[0],[6]],[[[0,"grandma",".mp3",1.272],-1],0,0,[],[],[]],[["0,9729,9729,33071,33071,0,0,1",-1],[0],0,[],[],[]],[["0,9729,9729,33071,33071,0,0,1",-1],[0],0,[],[],[]],[[[0,"water",".mp3",1.032],-1],0,0,[],[],[]],[[[0,"sister",".mp3",1.2],-1],0,0,[],[],[]],[[{"name":"water","rect":[26,0,614,444],"offset":[13,0],"originalSize":[640,444],"capInsets":[0,0,0,0]}],[1],0,[0],[0],[7]],[[{"name":"mother","rect":[0,0,488,512],"offset":[0,0],"originalSize":[488,512],"capInsets":[0,0,0,0]}],[1],0,[0],[0],[8]],[["0,9729,9729,33071,33071,0,0,1",-1],[0],0,[],[],[]]]]