[1,["382vg9z51CDZIo2VCbE4Bi","6fXT8hI0tLSoE2gxIHNY4p","a3bYnTkl1B+pzgA5NTzA5F"],["_textureSetter"],["cc.Texture2D","cc.SpriteFrame",["cc.AudioClip",["_name","_native","duration"],0],["cc.JsonAsset",["_name","json"],1]],[[2,0,1,2,4],[3,0,1,3]],[[["0,9729,9729,33071,33071,0,0,1",-1],[0],0,[],[],[]],[[[0,"तराजू",".mp3",1.201633],-1],0,0,[],[],[]],[[[0,"त",".mp3",2.0619],-1],0,0,[],[],[]],[["0,9729,9729,33071,33071,0,0,1",-1],[0],0,[],[],[]],[[[0,"तलवार",".mp3",1.044898],-1],0,0,[],[],[]],[[{"name":"weighing_scale","rect":[0,0,640,282],"offset":[0,0],"originalSize":[640,282],"capInsets":[0,0,0,0]}],[1],0,[0],[0],[0]],[["0,9729,9729,33071,33071,0,0,1",-1],[0],0,[],[],[]],[[{"name":"sword","rect":[0,0,589,640],"offset":[0,0],"originalSize":[589,640],"capInsets":[0,0,0,0]}],[1],0,[0],[0],[1]],[[[0,"तबला",".mp3",1.07102],-1],0,0,[],[],[]],[[{"name":"tabla","rect":[0,0,640,399],"offset":[0,0],"originalSize":[640,399],"capInsets":[0,0,0,0]}],[1],0,[0],[0],[2]],[[[1,"mr0115",{"rows":[["balloonpop","1","Description","2","त","3","त,ण,ढ","त.mp3"],["phonictractor","1","Description","5","त","त.mp3","त","त.mp3"],["writeletter","1","Description","त","तबला"],["writecard","1","Description","त","तबला","tabla.png","तबला.mp3","तराजू","weighing_scale.png","तराजू.mp3","तलवार","sword.png","तलवार.mp3"],["quizliteracy","1","Description","soundonly_word","त","त","ड","ण","","","त.mp3"],["quizliteracy","1","Description","word_word","त","ण","ण","त","","त"],["quizliteracy","1","Description","soundonly_word","त","त","ड","ण","","","त.mp3"]]}]],0,0,[],[],[]]]]