[1,["d7R5ZA2OdAm79dzCyQtErY","98rDIchQNE7aJRfYcKVtEa","5fUCvNY99OcpxzYsJhNNeb","ce7k+gZu5NT4/kyEHkBzZt","53h50AqyZM6YD3wG/l9XRW","5fAI69nvZOeJDe8TDe6NSQ","32HczbsAZBga6jRqXVxxeV","14cE8EmxZO67Eagt+VXfQg","b6BOXLqbhOGpksYgES6bhN","28mnFbmelKBaEHHHa5wMEp","b3qJCRzcpIS6TINHnqPwnB","dbZNnC9KJE0qzxya0hCycC"],["_textureSetter"],["cc.Texture2D","cc.SpriteFrame",["cc.AudioClip",["_name","_native","duration"],0],["cc.JsonAsset",["_name","json"],1]],[[2,0,1,2,4],[3,0,1,3]],[[[[0,"ನಗರ",".mp3",0.696],-1],0,0,[],[],[]],[["0,9729,9729,33071,33071,0,0,1",-1],[0],0,[],[],[]],[[{"name":"garden","rect":[0,0,512,341],"offset":[0,0],"originalSize":[512,341],"capInsets":[0,0,0,0]}],[1],0,[0],[0],[0]],[[{"name":"man","rect":[0,0,400,500],"offset":[0,0],"originalSize":[400,500],"capInsets":[0,0,0,0]}],[1],0,[0],[0],[1]],[[{"name":"yama","rect":[0,0,358,512],"offset":[0,0],"originalSize":[358,512],"capInsets":[0,0,0,0]}],[1],0,[0],[0],[2]],[["0,9729,9729,33071,33071,0,0,1",-1],[0],0,[],[],[]],[[[0,"ಮಗ",".mp3",0.6],-1],0,0,[],[],[]],[["0,9729,9729,33071,33071,0,0,1",-1],[0],0,[],[],[]],[[{"name":"bull","rect":[0,0,512,288],"offset":[0,0],"originalSize":[512,288],"capInsets":[0,0,0,0]}],[1],0,[0],[0],[3]],[[{"name":"world","rect":[0,0,512,340],"offset":[0,0],"originalSize":[512,340],"capInsets":[0,0,0,0]}],[1],0,[0],[0],[4]],[[[0,"ವರ",".mp3",0.576],-1],0,0,[],[],[]],[[[0,"ಜನ",".mp3",0.624],-1],0,0,[],[],[]],[[[0,"ಬಸವ",".mp3",0.744],-1],0,0,[],[],[]],[[{"name":"people","rect":[0,0,512,337],"offset":[0,0],"originalSize":[512,337],"capInsets":[0,0,0,0]}],[1],0,[0],[0],[5]],[["0,9729,9729,33071,33071,0,0,1",-1],[0],0,[],[],[]],[[{"name":"city","rect":[0,0,512,378],"offset":[0,0],"originalSize":[512,378],"capInsets":[0,0,0,0]}],[1],0,[0],[0],[6]],[["0,9729,9729,33071,33071,0,0,1",-1],[0],0,[],[],[]],[["0,9729,9729,33071,33071,0,0,1",-1],[0],0,[],[],[]],[[{"name":"boon","rect":[0,0,512,342],"offset":[0,0],"originalSize":[512,342],"capInsets":[0,0,0,0]}],[1],0,[0],[0],[7]],[[[0,"ದವಸ",".mp3",0.792],-1],0,0,[],[],[]],[[{"name":"grains","rect":[0,0,512,340],"offset":[0,0],"originalSize":[512,340],"capInsets":[0,0,0,0]}],[1],0,[0],[0],[8]],[[[0,"ಅವಸರ",".mp3",1.2],-1],0,0,[],[],[]],[[[0,"ಬನ",".mp3",0.6],-1],0,0,[],[],[]],[["0,9729,9729,33071,33071,0,0,1",-1],[0],0,[],[],[]],[[[1,"kn0603",{"rows":[["writeword","1","Description","ಜನ","people.png","ಜನ.mp3"],["writeword","1","Description","ಜವ","yama.png","ಜವ.mp3"],["writeword","1","Description","ವರ","boon.png","ವರ.mp3"],["writeword","1","Description","ದವಸ","grains.png","ದವಸ.mp3"],["writeword","1","Description","ಮಗ","son.png","ಮಗ.mp3"],["writeword","1","Description","ಅವಸರ","hurry.png","ಅವಸರ.mp3"],["writeword","1","Description","ಬನ","garden.png","ಬನ.mp3"],["writeword","1","Description","ನಗರ","city.png","ನಗರ.mp3"],["writeword","1","Description","ನರ","man.png","ನರ.mp3"],["writeword","1","Description","ಬಸವ","bull.png","ಬಸವ.mp3"],["writeword","1","Description","ವನಜ","lotus.png","ವನಜ.mp3"],["writeword","1","Description","ಜಗ","world.png","ಜಗ.mp3"],["quizliteracy","1","Description","image_word","ಮಗ","ಮಗ","ಬನ","ವನಜ","son.png"],["quizliteracy","1","Description","image_word","ಬನ","ವನಜ","ಮಗ","ಬನ","garden.png"],["quizliteracy","1","Description","image_word","ವನಜ","ಬನ","ವನಜ","ಮಗ","lotus.png"]]}]],0,0,[],[],[]],[[[0,"ಜಗ",".mp3",0.672],-1],0,0,[],[],[]],[["0,9729,9729,33071,33071,0,0,1",-1],[0],0,[],[],[]],[["0,9729,9729,33071,33071,0,0,1",-1],[0],0,[],[],[]],[[[0,"ಜವ",".mp3",0.624],-1],0,0,[],[],[]],[["0,9729,9729,33071,33071,0,0,1",-1],[0],0,[],[],[]],[["0,9729,9729,33071,33071,0,0,1",-1],[0],0,[],[],[]],[[[0,"ನರ",".mp3",0.576],-1],0,0,[],[],[]],[["0,9729,9729,33071,33071,0,0,1",-1],[0],0,[],[],[]],[[{"name":"son","rect":[0,0,341,512],"offset":[0,0],"originalSize":[341,512],"capInsets":[0,0,0,0]}],[1],0,[0],[0],[9]],[[[0,"ವನಜ",".mp3",0.72],-1],0,0,[],[],[]],[[{"name":"hurry","rect":[0,0,500,333],"offset":[0,0],"originalSize":[500,333],"capInsets":[0,0,0,0]}],[1],0,[0],[0],[10]],[[{"name":"lotus","rect":[0,0,500,333],"offset":[0,0],"originalSize":[500,333],"capInsets":[0,0,0,0]}],[1],0,[0],[0],[11]]]]