[1,["b6WL19rq5DAo7apz4dqEhB","42RmRpjlJFUbv3nhVuRBPD"],["_textureSetter"],["cc.SpriteFrame","cc.Texture2D",["cc.JsonAsset",["_name","json"],1]],[[2,0,1,3]],[[[{"name":"dog-outline","rect":[164,13,717,589],"offset":[22.5,-1.5],"originalSize":[1000,612],"capInsets":[0,0,0,0]}],[0],0,[0],[0],[0]],[["0,9729,9729,33071,33071,0,0,1",-1],[1],0,[],[],[]],[[[0,"drawshape0012",{"rows":[["drawshape","1","Description","dog-outline-tutorial.png"]]}]],0,0,[],[],[]],[["0,9729,9729,33071,33071,0,0,1",-1],[1],0,[],[],[]],[[[0,"dog-outline-tutorial-json",[[{"x":410,"y":477.5},{"x":415,"y":477.5},{"x":420,"y":477.5},{"x":425,"y":477.5},{"x":430,"y":478.5},{"x":433,"y":479.5},{"x":437,"y":479.5},{"x":441,"y":479.5},{"x":446,"y":479.5},{"x":453,"y":481.5},{"x":457,"y":482.5},{"x":460,"y":481.5},{"x":465,"y":483.5},{"x":470,"y":484.5},{"x":473,"y":483.5},{"x":478,"y":484.5},{"x":481,"y":486.5},{"x":484,"y":485.5},{"x":489,"y":485.5},{"x":494,"y":485.5},{"x":498,"y":486.5},{"x":506,"y":486.5},{"x":509,"y":488.5},{"x":514,"y":487.5},{"x":522,"y":489.5},{"x":527,"y":488.5},{"x":531,"y":488.5},{"x":536,"y":488.5},{"x":540,"y":488.5},{"x":545,"y":488.5},{"x":553,"y":488.5},{"x":557,"y":488.5},{"x":561,"y":488.5},{"x":567,"y":488.5},{"x":571,"y":488.5},{"x":576,"y":488.5},{"x":582,"y":486.5},{"x":585,"y":487.5},{"x":591,"y":485.5},{"x":596,"y":486.5},{"x":600,"y":485.5},{"x":607,"y":485.5},{"x":611,"y":483.5},{"x":615,"y":482.5},{"x":620,"y":481.5},{"x":623,"y":482.5},{"x":626,"y":480.5},{"x":629,"y":479.5},{"x":633,"y":479.5},{"x":638,"y":476.5},{"x":642,"y":476.5},{"x":646,"y":474.5},{"x":651,"y":475.5},{"x":656,"y":477.5},{"x":659,"y":479.5},{"x":662,"y":483.5},{"x":664,"y":486.5},{"x":668,"y":487.5},{"x":669,"y":492.5},{"x":672,"y":495.5},{"x":675,"y":498.5},{"x":678,"y":501.5},{"x":681,"y":502.5},{"x":684,"y":505.5},{"x":687,"y":506.5},{"x":690,"y":505.5},{"x":694,"y":505.5},{"x":697,"y":503.5},{"x":700,"y":502.5},{"x":705,"y":499.5},{"x":709,"y":496.5},{"x":711,"y":491.5},{"x":716,"y":488.5},{"x":722,"y":482.5},{"x":725,"y":481.5},{"x":727,"y":478.5},{"x":732,"y":473.5},{"x":737,"y":468.5},{"x":740,"y":463.5},{"x":744,"y":459.5},{"x":746,"y":455.5},{"x":749,"y":453.5},{"x":751,"y":449.5},{"x":752,"y":446.5},{"x":755,"y":444.5},{"x":757,"y":439.5},{"x":762,"y":436.5},{"x":766,"y":432.5},{"x":771,"y":425.5},{"x":774,"y":423.5},{"x":775,"y":418.5},{"x":776,"y":415.5},{"x":780,"y":411.5},{"x":783,"y":409.5},{"x":784,"y":406.5},{"x":787,"y":405.5},{"x":788,"y":401.5},{"x":792,"y":398.5},{"x":793,"y":394.5},{"x":795,"y":391.5},{"x":795,"y":387.5},{"x":798,"y":383.5},{"x":796,"y":375.5},{"x":797,"y":372.5},{"x":793,"y":362.5},{"x":793,"y":358.5},{"x":792,"y":353.5},{"x":790,"y":348.5},{"x":789,"y":345.5},{"x":790,"y":342.5},{"x":787,"y":335.5},{"x":788,"y":339.5},{"x":788,"y":331.5},{"x":785,"y":327.5},{"x":785,"y":322.5},{"x":782,"y":320.5},{"x":781,"y":317.5},{"x":779,"y":314.5},{"x":776,"y":311.5},{"x":773,"y":310.5},{"x":768,"y":309.5},{"x":767,"y":306.5},{"x":766,"y":303.5},{"x":763,"y":300.5},{"x":760,"y":295.5},{"x":757,"y":293.5},{"x":755,"y":289.5},{"x":753,"y":286.5},{"x":749,"y":281.5},{"x":747,"y":278.5},{"x":746,"y":275.5},{"x":744,"y":272.5},{"x":742,"y":269.5},{"x":739,"y":268.5},{"x":738,"y":265.5},{"x":735,"y":264.5},{"x":731,"y":264.5},{"x":724,"y":264.5},{"x":718,"y":264.5},{"x":717,"y":267.5},{"x":715,"y":270.5},{"x":715,"y":266.5},{"x":715,"y":258.5},{"x":715,"y":253.5},{"x":715,"y":246.5},{"x":715,"y":241.5},{"x":715,"y":237.5},{"x":715,"y":231.5},{"x":714,"y":228.5},{"x":712,"y":222.5},{"x":712,"y":218.5},{"x":708,"y":216.5},{"x":707,"y":212.5},{"x":704,"y":208.5},{"x":701,"y":204.5},{"x":700,"y":198.5},{"x":699,"y":194.5},{"x":696,"y":190.5},{"x":694,"y":186.5},{"x":691,"y":185.5},{"x":690,"y":181.5},{"x":687,"y":179.5},{"x":683,"y":176.5},{"x":681,"y":173.5},{"x":678,"y":170.5},{"x":675,"y":167.5},{"x":672,"y":166.5},{"x":671,"y":163.5},{"x":668,"y":160.5},{"x":665,"y":156.5},{"x":662,"y":154.5},{"x":659,"y":153.5},{"x":657,"y":148.5},{"x":653,"y":145.5},{"x":651,"y":142.5},{"x":648,"y":141.5},{"x":645,"y":140.5},{"x":643,"y":137.5},{"x":638,"y":135.5},{"x":635,"y":132.5},{"x":632,"y":129.5},{"x":630,"y":126.5},{"x":630,"y":121.5},{"x":626,"y":113.5},{"x":624,"y":108.5},{"x":623,"y":105.5},{"x":621,"y":101.5},{"x":621,"y":96.5},{"x":618,"y":92.5},{"x":618,"y":88.5},{"x":613,"y":84.5},{"x":607,"y":81.5},{"x":606,"y":78.5},{"x":602,"y":76.5},{"x":599,"y":70.5},{"x":594,"y":68.5},{"x":590,"y":65.5},{"x":585,"y":62.5},{"x":580,"y":60.5},{"x":577,"y":58.5},{"x":573,"y":57.5},{"x":564,"y":57.5},{"x":560,"y":57.5},{"x":556,"y":57.5},{"x":551,"y":57.5},{"x":547,"y":57.5},{"x":538,"y":56.5},{"x":534,"y":56.5},{"x":528,"y":56.5},{"x":519,"y":56.5},{"x":514,"y":56.5},{"x":510,"y":56.5},{"x":506,"y":56.5},{"x":497,"y":56.5},{"x":489,"y":57.5},{"x":485,"y":58.5},{"x":482,"y":60.5},{"x":479,"y":59.5},{"x":475,"y":60.5},{"x":472,"y":62.5},{"x":465,"y":66.5},{"x":462,"y":69.5},{"x":458,"y":71.5},{"x":455,"y":73.5},{"x":452,"y":75.5},{"x":449,"y":77.5},{"x":445,"y":79.5},{"x":442,"y":82.5},{"x":441,"y":85.5},{"x":442,"y":89.5},{"x":439,"y":95.5},{"x":436,"y":98.5},{"x":437,"y":103.5},{"x":434,"y":106.5},{"x":434,"y":110.5},{"x":432,"y":114.5},{"x":431,"y":119.5},{"x":429,"y":124.5},{"x":428,"y":128.5},{"x":425,"y":129.5},{"x":424,"y":132.5},{"x":420,"y":135.5},{"x":416,"y":137.5},{"x":413,"y":140.5},{"x":406,"y":145.5},{"x":402,"y":148.5},{"x":398,"y":149.5},{"x":396,"y":155.5},{"x":391,"y":157.5},{"x":389,"y":160.5},{"x":386,"y":161.5},{"x":379,"y":167.5},{"x":373,"y":174.5},{"x":369,"y":178.5},{"x":366,"y":183.5},{"x":364,"y":186.5},{"x":362,"y":193.5},{"x":358,"y":198.5},{"x":355,"y":205.5},{"x":353,"y":209.5},{"x":352,"y":213.5},{"x":349,"y":218.5},{"x":350,"y":223.5},{"x":350,"y":227.5},{"x":350,"y":231.5},{"x":350,"y":238.5},{"x":350,"y":243.5},{"x":350,"y":248.5},{"x":349,"y":253.5},{"x":346,"y":255.5},{"x":347,"y":258.5},{"x":344,"y":260.5},{"x":343,"y":263.5},{"x":343,"y":267.5},{"x":340,"y":268.5},{"x":337,"y":267.5},{"x":335,"y":264.5},{"x":329,"y":262.5},{"x":326,"y":260.5},{"x":322,"y":260.5},{"x":318,"y":260.5},{"x":317,"y":263.5},{"x":315,"y":266.5},{"x":314,"y":270.5},{"x":309,"y":278.5},{"x":307,"y":282.5},{"x":307,"y":286.5},{"x":302,"y":290.5},{"x":298,"y":296.5},{"x":294,"y":300.5},{"x":293,"y":303.5},{"x":291,"y":306.5},{"x":289,"y":309.5},{"x":287,"y":312.5},{"x":286,"y":315.5},{"x":284,"y":318.5},{"x":282,"y":324.5},{"x":277,"y":333.5},{"x":275,"y":338.5},{"x":274,"y":343.5},{"x":272,"y":346.5},{"x":271,"y":349.5},{"x":267,"y":352.5},{"x":267,"y":356.5},{"x":264,"y":361.5},{"x":261,"y":365.5},{"x":259,"y":370.5},{"x":257,"y":376.5},{"x":255,"y":379.5},{"x":255,"y":383.5},{"x":255,"y":389.5},{"x":255,"y":393.5},{"x":257,"y":397.5},{"x":259,"y":402.5},{"x":261,"y":405.5},{"x":264,"y":408.5},{"x":269,"y":414.5},{"x":274,"y":417.5},{"x":275,"y":421.5},{"x":278,"y":425.5},{"x":281,"y":428.5},{"x":284,"y":429.5},{"x":287,"y":433.5},{"x":289,"y":437.5},{"x":293,"y":439.5},{"x":295,"y":443.5},{"x":298,"y":445.5},{"x":303,"y":450.5},{"x":309,"y":458.5},{"x":312,"y":459.5},{"x":314,"y":463.5},{"x":318,"y":464.5},{"x":323,"y":470.5},{"x":327,"y":472.5},{"x":328,"y":476.5},{"x":332,"y":479.5},{"x":335,"y":480.5},{"x":338,"y":484.5},{"x":341,"y":485.5},{"x":343,"y":488.5},{"x":346,"y":489.5},{"x":348,"y":492.5},{"x":351,"y":495.5},{"x":354,"y":497.5},{"x":357,"y":498.5},{"x":360,"y":500.5},{"x":363,"y":503.5},{"x":366,"y":504.5},{"x":371,"y":505.5},{"x":377,"y":505.5},{"x":383,"y":505.5},{"x":387,"y":505.5},{"x":390,"y":504.5},{"x":393,"y":500.5},{"x":398,"y":497.5},{"x":400,"y":493.5},{"x":402,"y":490.5},{"x":404,"y":487.5},{"x":406,"y":481.5},{"x":409,"y":480.5},{"x":410,"y":478.5}]]]],0,0,[],[],[]],[[{"name":"dog-outline-tutorial","rect":[154,3,737,609],"offset":[22.5,-1.5],"originalSize":[1000,612],"capInsets":[0,0,0,0]}],[0],0,[0],[0],[1]]]]