[1,["c2OyLF9z9Pt42iyjE7hR6H","21vleDq0VBhL/A1hnjOYNl","d6DAxGKcFCfZ9RrreKPE1b","6aT3wvK1BFaY5O8JBnOZMf","8a07scKAlP7anGGp7Ndygu"],["_textureSetter"],["cc.SpriteFrame","cc.Texture2D",["cc.AudioClip",["_name","_native","duration"],0],["cc.JsonAsset",["_name","json"],1]],[[2,0,1,2,4],[3,0,1,3]],[[[{"name":"ap2_puzzle12_zebra2_puzzle","rect":[2,2,243,326],"offset":[0,4],"originalSize":[247,338],"capInsets":[0,0,0,0]}],[0],0,[0],[0],[0]],[[[0,"zebra",".mp3",0.9665],-1],0,0,[],[],[]],[["0,9729,9729,33071,33071,0,0,1",-1],[1],0,[],[],[]],[[[0,"lizard",".mp3",0.78375],-1],0,0,[],[],[]],[[{"name":"ap2_puzzle12_zebra1_puzzle","rect":[2,2,200,332],"offset":[-1.5,4.5],"originalSize":[207,345],"capInsets":[0,0,0,0]}],[0],0,[0],[0],[1]],[[{"name":"ap2_puzzle12_background","rect":[0,0,802,432],"offset":[0,0],"originalSize":[802,432],"capInsets":[0,0,0,0]}],[0],0,[0],[0],[2]],[[{"name":"ap2_puzzle2_background","rect":[0,0,802,432],"offset":[0,0],"originalSize":[802,432],"capInsets":[0,0,0,0]}],[0],0,[0],[0],[3]],[[{"name":"ap2_puzzle2_lizard_puzzle","rect":[1,2,488,129],"offset":[-0.5,4],"originalSize":[491,141],"capInsets":[0,0,0,0]}],[0],0,[0],[0],[4]],[["1,9729,9729,33071,33071,0,0,1",-1],[1],0,[],[],[]],[["0,9729,9729,33071,33071,0,0,1",-1],[1],0,[],[],[]],[[[1,"pictureboard0013",{"rows":[["pictureboard","1","Description","Zebra","ap2_puzzle12_background.jpg","2","","zebra.mp3","ap2_puzzle12_zebra1_puzzle.png","570","98","","ap2_puzzle12_zebra2_puzzle.png","1030","98"]]}]],0,0,[],[],[]],[["0,9729,9729,33071,33071,0,0,1",-1],[1],0,[],[],[]],[["1,9729,9729,33071,33071,0,0,1",-1],[1],0,[],[],[]]]]