[1,["dcAom6Xw9GIKhJx3MPXp0+","36fdNUmNVC5KxzPBVEykf2","7cGpBJVoVBcZSPscDHeAnt","dcHVvVgClPN5KIw0sHFCe+","88LHcEJzdFXKeoi27hn6qn","14iH8ZE81Ot6XDq5QhascU","61uTH/YI5I2akHw9OILLG7","6753gpxvtB7aP+7CoIwt7D","cfAarLpQlLlJ5LvC/3n2Nr","2eSOywyRFAxqhF4mbst9pM"],["_textureSetter"],["cc.Texture2D","cc.SpriteFrame",["cc.AudioClip",["_name","_native","duration"],0],["cc.JsonAsset",["_name","json"],1]],[[2,0,1,2,4],[3,0,1,3]],[[[[0,"The_stone_is_the_heaviest",".mp3",2.76898],-1],0,0,[],[],[]],[["0,9729,9729,33071,33071,0,0,1",-1],[0],0,[],[],[]],[[{"name":"heaviest_elephant","rect":[0,0,256,187],"offset":[0,0],"originalSize":[256,187],"capInsets":[0,0,0,0]}],[1],0,[0],[0],[0]],[[{"name":"bookheaviest","rect":[0,0,256,220],"offset":[0,0],"originalSize":[256,220],"capInsets":[0,0,0,0]}],[1],0,[0],[0],[1]],[[{"name":"boy_lightest","rect":[0,0,256,256],"offset":[0,0],"originalSize":[256,256],"capInsets":[0,0,0,0]}],[1],0,[0],[0],[2]],[["0,9729,9729,33071,33071,0,0,1",-1],[0],0,[],[],[]],[["0,9729,9729,33071,33071,0,0,1",-1],[0],0,[],[],[]],[[[0,"The_goat_is_the_lighest",".mp3",2.298776],-1],0,0,[],[],[]],[[[0,"The_whale_is_the_heaviest",".mp3",2.612245],-1],0,0,[],[],[]],[[[0,"The_watermelon_is_the_heaviest",".mp3",2.194286],-1],0,0,[],[],[]],[[{"name":"heaviestwatermelon","rect":[0,0,244,256],"offset":[0,0],"originalSize":[244,256],"capInsets":[0,0,0,0]}],[1],0,[0],[0],[3]],[[[0,"The_boy_is_the_lightest",".mp3",1.724082],-1],0,0,[],[],[]],[[{"name":"whale_heaviest","rect":[0,0,256,152],"offset":[0,0],"originalSize":[256,152],"capInsets":[0,0,0,0]}],[1],0,[0],[0],[4]],[["0,9729,9729,33071,33071,0,0,1",-1],[0],0,[],[],[]],[["0,9729,9729,33071,33071,0,0,1",-1],[0],0,[],[],[]],[["0,9729,9729,33071,33071,0,0,1",-1],[0],0,[],[],[]],[[[0,"The_elephant_is_the_heaviest",".mp3",2.899592],-1],0,0,[],[],[]],[["0,9729,9729,33071,33071,0,0,1",-1],[0],0,[],[],[]],[[{"name":"heaviest_elephant ","rect":[0,0,800,583],"offset":[0,0],"originalSize":[800,583],"capInsets":[0,0,0,0]}],[1],0,[0],[0],[5]],[[{"name":"lightest_goat","rect":[0,0,256,251],"offset":[0,0],"originalSize":[256,251],"capInsets":[0,0,0,0]}],[1],0,[0],[0],[6]],[[{"name":"boy_lightest ","rect":[0,0,740,740],"offset":[0,0],"originalSize":[740,740],"capInsets":[0,0,0,0]}],[1],0,[0],[0],[7]],[["0,9729,9729,33071,33071,0,0,1",-1],[0],0,[],[],[]],[[[1,"sl_en3824",{"rows":[["createsentence","1","Description","The/elephant/is/the/heaviest.","lion","heaviest_elephant.png","The_elephant_is_the_heaviest.mp3"],["createsentence","1","Description","The/car/is/the/lightest.","bus","lightest_car.png","The_car_is_the_lightest.mp3"],["createsentence","1","Description","The/boy/is/the/lightest.","woman","boy_lightest.png","The_boy_is_the_lightest.mp3"],["createsentence","1","Description","The/watermelon/is/the/heaviest.","mango","heaviestwatermelon.png","The_watermelon_is_the_heaviest.mp3"],["createsentence","1","Description","The/stone/is/the/heaviest.","pencil","stoneheaviest.png","The_stone_is_the_heaviest.mp3"],["createsentence","1","Description","The/goat/is/the/lighest.","cow","lightest_goat.png","The_goat_is_the_lighest.mp3"],["createsentence","1","Description","The/book/is/the/heaviest.","pen","bookheaviest.png","The_book_is_the_heaviest.mp3"],["createsentence","1","Description","The/whale/is/the/heaviest.","shark","whale_heaviest.png","The_whale_is_the_heaviest.mp3"],["quizliteracy","1","Description","image_sentence","The car is the lightest.","The whale is the heaviest.","The watermelon is the heaviest.","The car is the lightest.","lightest_car.png","","The_car_is_the_lightest.mp3"],["quizliteracy","1","Description","image_sentence","The watermelon is the heaviest.","The watermelon is the heaviest.","The car is the lightest.","The whale is the heaviest.","heaviestwatermelon.png","","The_watermelon_is_the_heaviest.mp3"],["quizliteracy","1","Description","image_sentence","The whale is the heaviest.","The whale is the heaviest.","The man is the oldest of the three.","The watermelon is the heaviest.","whale_heaviest.png","","The_whale_is_the_heaviest.mp3"]]}]],0,0,[],[],[]],[[[0,"The_book_is_the_heaviest",".mp3",2.586122],-1],0,0,[],[],[]],[["0,9729,9729,33071,33071,0,0,1",-1],[0],0,[],[],[]],[["0,9729,9729,33071,33071,0,0,1",-1],[0],0,[],[],[]],[[[0,"The_car_is_the_lightest",".mp3",2.272653],-1],0,0,[],[],[]],[[{"name":"lightest_car","rect":[0,0,256,186],"offset":[0,0],"originalSize":[256,186],"capInsets":[0,0,0,0]}],[1],0,[0],[0],[8]],[[{"name":"stoneheaviest","rect":[0,0,256,216],"offset":[0,0],"originalSize":[256,216],"capInsets":[0,0,0,0]}],[1],0,[0],[0],[9]]]]