[1,["3ajuC2awFBmpJg1wsmDBRE","1fktFZkO9Px7TbgT6M1OXm","e0ich0/BBHOYMJoCymNKcV","0aGLLwOr1PsormTx8v9TvE","3aZ95LdWRIIps7Ds3Kqo8C","d0hEU+DsJFR6Dq6Or/ayYp","77yHGDIJpP7absP7uMuwav","0fAQKd8fdCFLoOLSTNN96r","2cnipdskVOPoEP0LlAHUME","a98q3QcJRM3IJOv32s8o+I","d5zoWx6JRPVJz2Hg8+Dtym","987mDG0rpHnouunS7LgfiO"],["_textureSetter"],["cc.Texture2D","cc.SpriteFrame",["cc.AudioClip",["_name","_native","duration"],0],["cc.JsonAsset",["_name","json"],1]],[[2,0,1,2,4],[3,0,1,3]],[[[[0,"ball",".mp3",0.96],-1],0,0,[],[],[]],[["0,9729,9729,33071,33071,0,0,1",-1],[0],0,[],[],[]],[["0,9729,9729,33071,33071,0,0,1",-1],[0],0,[],[],[]],[[{"name":"ball","rect":[0,0,193,153],"offset":[0,0],"originalSize":[193,153],"capInsets":[0,0,0,0]}],[1],0,[0],[0],[0]],[[[0,"sip",".mp3",0.96],-1],0,0,[],[],[]],[["0,9729,9729,33071,33071,0,0,1",-1],[0],0,[],[],[]],[[[0,"met",".mp3",0.864],-1],0,0,[],[],[]],[[{"name":"news","rect":[18,28,151,99],"offset":[-3,-1],"originalSize":[193,153],"capInsets":[0,0,0,0]}],[1],0,[0],[0],[1]],[["0,9729,9729,33071,33071,0,0,1",-1],[0],0,[],[],[]],[[[0,"mom",".mp3",0.864],-1],0,0,[],[],[]],[[[0,"farm",".mp3",0.96],-1],0,0,[],[],[]],[[{"name":"farm","rect":[12,47,172,69],"offset":[1.5,-5],"originalSize":[193,153],"capInsets":[0,0,0,0]}],[1],0,[0],[0],[2]],[["0,9729,9729,33071,33071,0,0,1",-1],[0],0,[],[],[]],[["0,9729,9729,33071,33071,0,0,1",-1],[0],0,[],[],[]],[[[0,"tree",".mp3",0.816],-1],0,0,[],[],[]],[[[0,"bed",".mp3",0.888],-1],0,0,[],[],[]],[[{"name":"face","rect":[0,0,193,153],"offset":[0,0],"originalSize":[193,153],"capInsets":[0,0,0,0]}],[1],0,[0],[0],[3]],[[{"name":"fish","rect":[0,0,193,153],"offset":[0,0],"originalSize":[193,153],"capInsets":[0,0,0,0]}],[1],0,[0],[0],[4]],[[[0,"mud",".mp3",0.864],-1],0,0,[],[],[]],[[{"name":"song","rect":[16,22,161,114],"offset":[0,-2.5],"originalSize":[193,153],"capInsets":[0,0,0,0]}],[1],0,[0],[0],[5]],[[{"name":"rabbit","rect":[0,0,193,153],"offset":[0,0],"originalSize":[193,153],"capInsets":[0,0,0,0]}],[1],0,[0],[0],[6]],[["0,9729,9729,33071,33071,0,0,1",-1],[0],0,[],[],[]],[[[0,"sun",".mp3",0.96],-1],0,0,[],[],[]],[[[0,"news",".mp3",1.2],-1],0,0,[],[],[]],[["0,9729,9729,33071,33071,0,0,1",-1],[0],0,[],[],[]],[["0,9729,9729,33071,33071,0,0,1",-1],[0],0,[],[],[]],[[{"name":"donkey","rect":[60,9,88,125],"offset":[7.5,5],"originalSize":[193,153],"capInsets":[0,0,0,0]}],[1],0,[0],[0],[7]],[[{"name":"tree","rect":[51,23,93,111],"offset":[1,-2],"originalSize":[193,153],"capInsets":[0,0,0,0]}],[1],0,[0],[0],[8]],[[{"name":"rain","rect":[0,0,193,153],"offset":[0,0],"originalSize":[193,153],"capInsets":[0,0,0,0]}],[1],0,[0],[0],[9]],[[{"name":"baby","rect":[0,0,370,273],"offset":[0,0],"originalSize":[370,273],"capInsets":[0,0,0,0]}],[1],0,[0],[0],[10]],[[{"name":"lion","rect":[0,0,193,153],"offset":[0,0],"originalSize":[193,153],"capInsets":[0,0,0,0]}],[1],0,[0],[0],[11]],[[[0,"bug",".mp3",0.936],-1],0,0,[],[],[]],[[[1,"en0904",{"rows":[["openwindow","1","Description","LEGIT","ball","ball.png","lion.png","ball.mp3","abcdefghijklmnopqrstuvwxyz"],["openwindow","1","Description","LEGIT","face","face.png","rain.png","face.mp3","abcdefghijklmnopqrstuvwxyz"],["openwindow","1","Description","LEGIT","farm","farm.png","rain.png","farm.mp3","abcdefghijklmnopqrstuvwxyz"],["openwindow","1","Description","LEGIT","news","news.png","fish.png","news.mp3","abcdefghijklmnopqrstuvwxyz"],["openwindow","1","Description","LEGIT","rabbit","rabbit.png","donkey.png","rabbit.mp3","abcdefghijklmnopqrstuvwxyz"],["openwindow","1","Description","LEGIT","tree","tree.png","song.png","tree.mp3","abcdefghijklmnopqrstuvwxyz"],["grid","1","Description","s","ip,ad,un"],["grid","1","Description","m","ud,et,om"],["grid","1","Description","b","ed,ug,at"],["quizliteracy","1","Description","soundonly_image","ball.png","lion.png","fish.png","ball.png","","","ball.mp3"],["quizliteracy","1","Description","soundonly_word","farm","dog","farm","hen","","","farm.mp3"],["quizliteracy","1","Description","soundonly_image","face.png","baby.png","face.png","rain.png","","","face.mp3"],["quizliteracy","1","Description","soundonly_word","tree","rain","face","tree","","","tree.mp3"],["quizliteracy","1","Description","image_word","rabbit","rabbit","tree","lion","rabbit.png"]]}]],0,0,[],[],[]],[[[0,"rabbit",".mp3",1.2],-1],0,0,[],[],[]],[[[0,"sad",".mp3",1.008],-1],0,0,[],[],[]],[[[0,"bat",".mp3",0.912],-1],0,0,[],[],[]],[["0,9729,9729,33071,33071,0,0,1",-1],[0],0,[],[],[]],[["0,9729,9729,33071,33071,0,0,1",-1],[0],0,[],[],[]],[["0,9729,9729,33071,33071,0,0,1",-1],[0],0,[],[],[]],[[[0,"face",".mp3",0.984],-1],0,0,[],[],[]]]]