[1,["6fl4X77wFPSrIv9zpvfvDL","b5Qb1pVIFKmbRmBZFJbn87","17Y4wpPxtMYoGVBhUuW/6k"],["_textureSetter"],["cc.SpriteFrame","cc.Texture2D",["cc.JsonAsset",["_name","json"],1],["cc.AudioClip",["_name","_native","duration"],0]],[[3,0,1,2,4],[2,0,1,3]],[[[{"name":"teacher_sing","rect":[0,0,500,322],"offset":[0,0],"originalSize":[500,322],"capInsets":[0,0,0,0]}],[0],0,[0],[0],[0]],[[{"name":"crown","rect":[0,0,782,800],"offset":[0,0],"originalSize":[782,800],"capInsets":[0,0,0,0]}],[0],0,[0],[0],[1]],[["0,9729,9729,33071,33071,0,0,1",-1],[1],0,[],[],[]],[[[1,"kn4105",{"rows":[["createsentence","1","Description","ಗುರುಗಳು/ಹಾಡನು/ಹಾಡುವರು","","teacher_sing.png","ಗುರುಗಳು ಹಾಡನು  ಹಾಡುವರು.mp3"],["createsentence","1","Description","ನದಿಯು/ಜುಳು/ಜುಳು/ಹರಿಯುವುದು","","long_whistle.png","ನದಿಯು ಜುಳು ಜುಳು ಹರಿಯುವುದು.mp3"],["quizliteracy","1","Description","image_sentence","ಗುರುಗಳು ಹಾಡನು  ಹಾಡುವರು","ನದಿಯು ಜುಳು ಜುಳು ಹರಿಯುವುದು","ಗುರುಗಳು ಹಾಡನು  ಹಾಡುವರು","ಮರದಲಿ ತೂಗುವ ಗೀಜಗನ ಗೂಡು","teacher_sing.png","","ಗುರುಗಳು ಹಾಡನು  ಹಾಡುವರು.mp3"],["quizliteracy","1","Description","sentence_sentence","ನದಿಯು ಜುಳು ಜುಳು ಹರಿಯುವುದು","ನದಿಯು ಜುಳು ಜುಳು ಹರಿಯುವುದು","ನದಿಯು ಜುಳು ಹರಿಯುವುದು ಜುಳು","ಜುಳು ಹರಿಯುವುದು ನದಿಯು ಜುಳು","","ಸರಿಯಾದದನ್ನು ಆರಿಸಿ","ನದಿಯು ಜುಳು ಜುಳು ಹರಿಯುವುದು.mp3"],["quizliteracy","1","Description","soundonly_sentence","ನದಿಯು ಜುಳು ಜುಳು ಹರಿಯುವುದು","ಗುರುಗಳು ಹಾಡನು  ಹಾಡುವರು","ಹೂವನು ದಾರೇದಿ ಬಿಗಿದು ಮಾಡಿದ ಹೂವಿನ ಹಾರ","ನದಿಯು ಜುಳು ಜುಳು ಹರಿಯುವುದು","","","ನದಿಯು ಜುಳು ಜುಳು ಹರಿಯುವುದು.mp3"]]}]],0,0,[],[],[]],[[{"name":"long_whistle","rect":[0,0,800,637],"offset":[0,0],"originalSize":[800,637],"capInsets":[0,0,0,0]}],[0],0,[0],[0],[2]],[["0,9729,9729,33071,33071,0,0,1",-1],[1],0,[],[],[]],[["0,9729,9729,33071,33071,0,0,1",-1],[1],0,[],[],[]],[[[0,"ನದಿಯು ಜುಳು ಜುಳು ಹರಿಯುವುದು",".mp3",1.872],-1],0,0,[],[],[]],[[[0,"ಗುರುಗಳು ಹಾಡನು  ಹಾಡುವರು",".mp3",1.824],-1],0,0,[],[],[]]]]