[1,["47HFw+KcpMfYkXFMTB/oLh","37wb0lIntCfrHYN3PRDC6F","1a3l7cJpZBgopKov/2DF+0","96DLGfshhHUoG5f7WyuVbl","fcvZ0wak9MV4PfHj8kPa0A"],["_textureSetter"],["cc.Texture2D","cc.SpriteFrame",["cc.AudioClip",["_name","_native","duration"],0],["cc.JsonAsset",["_name","json"],1]],[[2,0,1,2,4],[3,0,1,3]],[[[[0,"ಚೆಂಡಿನ ಆಟ ಹರುಷದ ಆಟ",".mp3",1.896],-1],0,0,[],[],[]],[[[0,"ರಂಗನ ರಂಗು ರಂಗಿನ ಅಂಗಿ",".mp3",1.824],-1],0,0,[],[],[]],[["0,9729,9729,33071,33071,0,0,1",-1],[0],0,[],[],[]],[[[0,"ದೇವರ ಗುಡಿಯಲಿ ಘಂಟೆಯ ನಾದ",".mp3",1.968],-1],0,0,[],[],[]],[[{"name":"colourful shirt","rect":[0,0,512,287],"offset":[0,0],"originalSize":[512,287],"capInsets":[0,0,0,0]}],[1],0,[0],[0],[0]],[["0,9729,9729,33071,33071,0,0,1",-1],[0],0,[],[],[]],[["0,9729,9729,33071,33071,0,0,1",-1],[0],0,[],[],[]],[[{"name":"ball_game","rect":[0,0,512,341],"offset":[0,0],"originalSize":[512,341],"capInsets":[0,0,0,0]}],[1],0,[0],[0],[1]],[["0,9729,9729,33071,33071,0,0,1",-1],[0],0,[],[],[]],[[[1,"kn4716",{"rows":[["createsentence","1","Description","ಚೆಂಡಿನ/ಆಟ/ಹರುಷದ/ಆಟ","","ball_game.png","ಚೆಂಡಿನ ಆಟ ಹರುಷದ ಆಟ.mp3"],["createsentence","1","Description","ಶಾಲೆಯ/ಘಂಟೆಯ/ನಾದ/ಕೇಳಿಸಿತು","","school_bell.png","ಶಾಲೆಯ ಘಂಟೆಯ ನಾದ ಕೇಳಿಸಿತು.mp3"],["createsentence","1","Description","ರಂಗನ/ರಂಗು/ರಂಗಿನ/ಅಂಗಿ","","colourful shirt.png","ರಂಗನ ರಂಗು ರಂಗಿನ ಅಂಗಿ.mp3"],["createsentence","1","Description","ದೇವರ/ಗುಡಿಯಲಿ/ಘಂಟೆಯ/ನಾದ","","temple bell.png","ದೇವರ ಗುಡಿಯಲಿ ಘಂಟೆಯ ನಾದ.mp3"],["createsentence","1","Description","ಏಳನೀರು/ಕುಡಿದರೆ/ಬಲು/ತಂಪು","","tendercoconut.png","ಏಳನೀರು ಕುಡಿದರೆ ಬಲು ತಂಪು.mp3"],["quizliteracy","1","Description","image_sentence","ಚೆಂಡಿನ ಆಟ ಹರುಷದ ಆಟ","ಶಾಲೆಯ ಘಂಟೆಯ ನಾದ ಕೇಳಿಸಿತು","ಚೆಂಡಿನ ಆಟ ಹರುಷದ ಆಟ","ರಂಗನ ರಂಗು ರಂಗಿನ ಅಂಗಿ","ball_game.png","","ಚೆಂಡಿನ ಆಟ ಹರುಷದ ಆಟ.mp3"],["quizliteracy","1","Description","sentence_sentence","ಏಳನೀರು ಕುಡಿದರೆ ಬಲು ತಂಪು","ಏಳನೀರು ಕುಡಿದರೆ ಬಲು ತಂಪು","ಶಾಲೆಯ ಘಂಟೆಯ ನಾದ ಕೇಳಿಸಿತು","ದೇವರ ಗುಡಿಯಲಿ ಘಂಟೆಯ ನಾದ","","ಸರಿಯಾದದನ್ನು ಆರಿಸಿ","ಏಳನೀರು ಕುಡಿದರೆ ಬಲು ತಂಪು.mp3"],["quizliteracy","1","Description","soundonly_sentence","ರಂಗನ ರಂಗು ರಂಗಿನ ಅಂಗಿ","ಚೆಂಡಿನ ಆಟ ಹರುಷದ ಆಟ","ರಂಗನ ರಂಗು ರಂಗಿನ ಅಂಗಿ","ಶಾಲೆಯ ಘಂಟೆಯ ನಾದ ಕೇಳಿಸಿತು","","","ರಂಗನ ರಂಗು ರಂಗಿನ ಅಂಗಿ.mp3"]]}]],0,0,[],[],[]],[[{"name":"temple bell","rect":[0,0,512,290],"offset":[0,0],"originalSize":[512,290],"capInsets":[0,0,0,0]}],[1],0,[0],[0],[2]],[[[0,"ಏಳನೀರು ಕುಡಿದರೆ ಬಲು ತಂಪು",".mp3",2.04],-1],0,0,[],[],[]],[[{"name":"school_bell","rect":[0,0,512,288],"offset":[0,0],"originalSize":[512,288],"capInsets":[0,0,0,0]}],[1],0,[0],[0],[3]],[[{"name":"tendercoconut","rect":[0,0,512,512],"offset":[0,0],"originalSize":[512,512],"capInsets":[0,0,0,0]}],[1],0,[0],[0],[4]],[[[0,"ಶಾಲೆಯ ಘಂಟೆಯ ನಾದ ಕೇಳಿಸಿತು",".mp3",2.184],-1],0,0,[],[],[]],[["0,9729,9729,33071,33071,0,0,1",-1],[0],0,[],[],[]]]]