<root>
<lido-container lang="hi" show-prev-button="false" show-next-button="true" id="lido-container" bg-image="" height="1600px" width="900px" value="mainContainer4" objective="" visible="true" onInCorrect="lido-avatar.avatarAnimate='Fail'; this.sleep='2000';" show-check="false" is-continue-on-correct="false" exit-button-url="template-assets/buttons/file-fbkbin6f.png" prev-button-url="template-assets/buttons/file-16tbapul.png" next-button-url="template-assets/buttons/file-w2x0s4gx.png" speaker-button-url="template-assets/buttons/file-lvdmfxi7.png">
    <lido-cell id="cell1" margin="landscape.140px 0px 0px 0px,portrait.170px 0px 0px 0px" visible="true" layout="landscape.row,portrait.col" disable-edit="true" value="cell1" width="landscape.100%,portrait.86%" height="landscape.100%,portrait.80%" x="50px" y="50px" bg-color="white" onEntry="this.justifyContent='space-evenly'; this.borderRadius='6px'">
        <lido-image id="image1" disable-edit="true" margin="landscape.0px 0px 0px 0px,portrait.-20px 0px 0px 0px" value="image1" visible="true" src="game-assets/images/file-65x2jbir.jpg" width="landscape.704px,portrait.744px" height="landscape.704px,portrait.707px" bg-color="transparent" alt-text="" onEntry="" />
        <lido-text id="text1" tab-index="1" audio="game-assets/audio/file-knmgm73h.mp3" disable-edit="true" margin="landscape.0px 0px 0px 27px,portrait.0px 0px 60px 0px" value="text1" visible="true" width="landscape.47%,portrait.90%" height="100%" bg-color="transparent" font-family="'Baloo 2', serif" font-size="44px" font-color="#000" string="भावनाएँ वो तरीके हैं जिनसे हम आसपास की चीज़ों पर प्रतिक्रिया देते हैं।" onEntry="this.fontWeight='500'; this.boxShadow='unset'; this.textAlign='start'; this.speak='true';" />
    </lido-cell>
    <lido-pos id="pos1" disable-edit="true" value="pos1" height="350px" width="350px" x="landscape.1300px, portrait.580px" y="landscape.670px, portrait.1350px" aria-hidden="true" z="1" bg-color="transparent" visible="true">
        <lido-avatar id="lido-avatar" disable-edit="true" visible="true" height="350px" width="350px" src="template-assets/images/file-2m6xn28y.riv" alt-text="chimpleCharacterRive" />
    </lido-pos>
</lido-container><lido-container lang="hi" show-prev-button="false" show-next-button="true" id="lido-container" bg-image="" height="1600px" width="900px" value="mainContainer4" objective="" visible="true" onInCorrect="lido-avatar.avatarAnimate='Fail'; this.sleep='2000';" show-check="false" is-continue-on-correct="false" exit-button-url="template-assets/buttons/file-fbkbin6f.png" prev-button-url="template-assets/buttons/file-16tbapul.png" next-button-url="template-assets/buttons/file-w2x0s4gx.png" speaker-button-url="template-assets/buttons/file-lvdmfxi7.png">
    <lido-cell id="cell1" margin="landscape.140px 0px 0px 0px,portrait.170px 0px 0px 0px" visible="true" layout="landscape.row,portrait.col" disable-edit="true" value="cell1" width="landscape.100%,portrait.86%" height="landscape.100%,portrait.80%" x="50px" y="50px" bg-color="white" onEntry="this.justifyContent='space-evenly'; this.borderRadius='6px'">
        <lido-image id="image1" disable-edit="true" margin="landscape.0px 0px 0px 0px,portrait.-20px 0px 0px 0px" value="image1" visible="true" src="game-assets/images/file-5nvoa7t4.jpg" width="landscape.704px,portrait.744px" height="landscape.704px,portrait.707px" bg-color="transparent" alt-text="" onEntry="" />
        <lido-text id="text1" tab-index="1" audio="game-assets/audio/file-riro0irr.mp3" disable-edit="true" margin="landscape.0px 0px 0px 27px,portrait.0px 0px 60px 0px" value="text1" visible="true" width="landscape.47%,portrait.90%" height="100%" bg-color="transparent" font-family="'Baloo 2', serif" font-size="44px" font-color="#000" string="कभी हम खुश होते हैं, कभी दुखी, और कभी गुस्सा या चिंतित भी।" onEntry="this.fontWeight='500'; this.boxShadow='unset'; this.textAlign='start'; this.speak='true';" />
    </lido-cell>
    <lido-pos id="pos1" disable-edit="true" value="pos1" height="350px" width="350px" x="landscape.1300px, portrait.580px" y="landscape.670px, portrait.1350px" aria-hidden="true" z="1" bg-color="transparent" visible="true">
        <lido-avatar id="lido-avatar" disable-edit="true" visible="true" height="350px" width="350px" src="template-assets/images/file-2m6xn28y.riv" alt-text="chimpleCharacterRive" />
    </lido-pos>
</lido-container><lido-container lang="hi" show-prev-button="false" show-next-button="true" id="lido-container" bg-image="" height="1600px" width="900px" value="mainContainer4" objective="" visible="true" onInCorrect="lido-avatar.avatarAnimate='Fail'; this.sleep='2000';" show-check="false" is-continue-on-correct="false" exit-button-url="template-assets/buttons/file-fbkbin6f.png" prev-button-url="template-assets/buttons/file-16tbapul.png" next-button-url="template-assets/buttons/file-w2x0s4gx.png" speaker-button-url="template-assets/buttons/file-lvdmfxi7.png">
    <lido-cell id="cell1" margin="landscape.140px 0px 0px 0px,portrait.170px 0px 0px 0px" visible="true" layout="landscape.row,portrait.col" disable-edit="true" value="cell1" width="landscape.100%,portrait.86%" height="landscape.100%,portrait.80%" x="50px" y="50px" bg-color="white" onEntry="this.justifyContent='space-evenly'; this.borderRadius='6px'">
        <lido-image id="image1" disable-edit="true" margin="landscape.0px 0px 0px 0px,portrait.-20px 0px 0px 0px" value="image1" visible="true" src="game-assets/images/file-0r2eehn9.jpg" width="landscape.704px,portrait.744px" height="landscape.704px,portrait.707px" bg-color="transparent" alt-text="" onEntry="" />
        <lido-text id="text1" tab-index="1" audio="game-assets/audio/file-diuva19a.mp3" disable-edit="true" margin="landscape.0px 0px 0px 27px,portrait.0px 0px 60px 0px" value="text1" visible="true" width="landscape.47%,portrait.90%" height="100%" bg-color="transparent" font-family="'Baloo 2', serif" font-size="44px" font-color="#000" string="अपनी भावनाओं को पहचानना ज़रूरी है।" onEntry="this.fontWeight='500'; this.boxShadow='unset'; this.textAlign='start'; this.speak='true';" />
    </lido-cell>
    <lido-pos id="pos1" disable-edit="true" value="pos1" height="350px" width="350px" x="landscape.1300px, portrait.580px" y="landscape.670px, portrait.1350px" aria-hidden="true" z="1" bg-color="transparent" visible="true">
        <lido-avatar id="lido-avatar" disable-edit="true" visible="true" height="350px" width="350px" src="template-assets/images/file-2m6xn28y.riv" alt-text="chimpleCharacterRive" />
    </lido-pos>
</lido-container><lido-container lang="hi" show-prev-button="false" show-next-button="true" id="lido-container" bg-image="" height="1600px" width="900px" value="mainContainer4" objective="" visible="true" onInCorrect="lido-avatar.avatarAnimate='Fail'; this.sleep='2000';" show-check="false" is-continue-on-correct="false" exit-button-url="template-assets/buttons/file-fbkbin6f.png" prev-button-url="template-assets/buttons/file-16tbapul.png" next-button-url="template-assets/buttons/file-w2x0s4gx.png" speaker-button-url="template-assets/buttons/file-lvdmfxi7.png">
    <lido-cell id="cell1" margin="landscape.140px 0px 0px 0px,portrait.170px 0px 0px 0px" visible="true" layout="landscape.row,portrait.col" disable-edit="true" value="cell1" width="landscape.100%,portrait.86%" height="landscape.100%,portrait.80%" x="50px" y="50px" bg-color="white" onEntry="this.justifyContent='space-evenly'; this.borderRadius='6px'">
        <lido-image id="image1" disable-edit="true" margin="landscape.0px 0px 0px 0px,portrait.-20px 0px 0px 0px" value="image1" visible="true" src="game-assets/images/file-t1iatp98.jpg" width="landscape.704px,portrait.744px" height="landscape.704px,portrait.707px" bg-color="transparent" alt-text="" onEntry="" />
        <lido-text id="text1" tab-index="1" audio="game-assets/audio/file-0a79omo7.mp3" disable-edit="true" margin="landscape.0px 0px 0px 27px,portrait.0px 0px 60px 0px" value="text1" visible="true" width="landscape.47%,portrait.90%" height="100%" bg-color="transparent" font-family="'Baloo 2', serif" font-size="44px" font-color="#000" string="यह भी ज़रूरी है कि हम समझें कि दूसरे कैसा महसूस कर रहे हैं।" onEntry="this.fontWeight='500'; this.boxShadow='unset'; this.textAlign='start'; this.speak='true';" />
    </lido-cell>
    <lido-pos id="pos1" disable-edit="true" value="pos1" height="350px" width="350px" x="landscape.1300px, portrait.580px" y="landscape.670px, portrait.1350px" aria-hidden="true" z="1" bg-color="transparent" visible="true">
        <lido-avatar id="lido-avatar" disable-edit="true" visible="true" height="350px" width="350px" src="template-assets/images/file-2m6xn28y.riv" alt-text="chimpleCharacterRive" />
    </lido-pos>
</lido-container><lido-container lang="hi" show-prev-button="false" show-next-button="true" id="lido-container" bg-image="" height="1600px" width="900px" value="mainContainer4" objective="" visible="true" onInCorrect="lido-avatar.avatarAnimate='Fail'; this.sleep='2000';" show-check="false" is-continue-on-correct="false" exit-button-url="template-assets/buttons/file-fbkbin6f.png" prev-button-url="template-assets/buttons/file-16tbapul.png" next-button-url="template-assets/buttons/file-w2x0s4gx.png" speaker-button-url="template-assets/buttons/file-lvdmfxi7.png">
    <lido-cell id="cell1" margin="landscape.140px 0px 0px 0px,portrait.170px 0px 0px 0px" visible="true" layout="landscape.row,portrait.col" disable-edit="true" value="cell1" width="landscape.100%,portrait.86%" height="landscape.100%,portrait.80%" x="50px" y="50px" bg-color="white" onEntry="this.justifyContent='space-evenly'; this.borderRadius='6px'">
        <lido-image id="image1" disable-edit="true" margin="landscape.0px 0px 0px 0px,portrait.-20px 0px 0px 0px" value="image1" visible="true" src="game-assets/images/file-j18nnq9z.jpg" width="landscape.704px,portrait.744px" height="landscape.704px,portrait.707px" bg-color="transparent" alt-text="" onEntry="" />
        <lido-text id="text1" tab-index="1" audio="game-assets/audio/file-5p334fn7.mp3" disable-edit="true" margin="landscape.0px 0px 0px 27px,portrait.0px 0px 60px 0px" value="text1" visible="true" width="landscape.47%,portrait.90%" height="100%" bg-color="transparent" font-family="'Baloo 2', serif" font-size="44px" font-color="#000" string="जब हम अपनी भावनाओं को समझते हैं, तो हम उन्हें संभालने के सुरक्षित और शांत तरीके चुन पाते हैं।" onEntry="this.fontWeight='500'; this.boxShadow='unset'; this.textAlign='start'; this.speak='true';" />
    </lido-cell>
    <lido-pos id="pos1" disable-edit="true" value="pos1" height="350px" width="350px" x="landscape.1300px, portrait.580px" y="landscape.670px, portrait.1350px" aria-hidden="true" z="1" bg-color="transparent" visible="true">
        <lido-avatar id="lido-avatar" disable-edit="true" visible="true" height="350px" width="350px" src="template-assets/images/file-2m6xn28y.riv" alt-text="chimpleCharacterRive" />
    </lido-pos>
</lido-container><lido-container lang="hi" show-prev-button="false" show-next-button="true" id="lido-container" bg-image="" height="1600px" width="900px" value="mainContainer4" objective="" visible="true" onInCorrect="lido-avatar.avatarAnimate='Fail'; this.sleep='2000';" show-check="false" is-continue-on-correct="false" exit-button-url="template-assets/buttons/file-fbkbin6f.png" prev-button-url="template-assets/buttons/file-16tbapul.png" next-button-url="template-assets/buttons/file-w2x0s4gx.png" speaker-button-url="template-assets/buttons/file-lvdmfxi7.png">
    <lido-cell id="cell1" margin="landscape.140px 0px 0px 0px,portrait.170px 0px 0px 0px" visible="true" layout="landscape.row,portrait.col" disable-edit="true" value="cell1" width="landscape.100%,portrait.86%" height="landscape.100%,portrait.80%" x="50px" y="50px" bg-color="white" onEntry="this.justifyContent='space-evenly'; this.borderRadius='6px'">
        <lido-image id="image1" disable-edit="true" margin="landscape.0px 0px 0px 0px,portrait.-20px 0px 0px 0px" value="image1" visible="true" src="game-assets/images/file-0mrmjd7g.jpg" width="landscape.704px,portrait.744px" height="landscape.704px,portrait.707px" bg-color="transparent" alt-text="" onEntry="" />
        <lido-text id="text1" tab-index="1" audio="game-assets/audio/file-f2gwbfto.mp3" disable-edit="true" margin="landscape.0px 0px 0px 27px,portrait.0px 0px 60px 0px" value="text1" visible="true" width="landscape.47%,portrait.90%" height="100%" bg-color="transparent" font-family="'Baloo 2', serif" font-size="44px" font-color="#000" string="दूसरों की भावनाओं को समझने से हम दयालु बनते हैं।" onEntry="this.fontWeight='500'; this.boxShadow='unset'; this.textAlign='start'; this.speak='true';" />
    </lido-cell>
    <lido-pos id="pos1" disable-edit="true" value="pos1" height="350px" width="350px" x="landscape.1300px, portrait.580px" y="landscape.670px, portrait.1350px" aria-hidden="true" z="1" bg-color="transparent" visible="true">
        <lido-avatar id="lido-avatar" disable-edit="true" visible="true" height="350px" width="350px" src="template-assets/images/file-2m6xn28y.riv" alt-text="chimpleCharacterRive" />
    </lido-pos>
</lido-container><lido-container lang="hi" show-prev-button="false" show-next-button="true" id="lido-container" bg-image="" height="1600px" width="900px" value="mainContainer4" objective="" visible="true" onInCorrect="lido-avatar.avatarAnimate='Fail'; this.sleep='2000';" show-check="false" is-continue-on-correct="false" exit-button-url="template-assets/buttons/file-fbkbin6f.png" prev-button-url="template-assets/buttons/file-16tbapul.png" next-button-url="template-assets/buttons/file-w2x0s4gx.png" speaker-button-url="template-assets/buttons/file-lvdmfxi7.png">
    <lido-cell id="cell1" margin="landscape.140px 0px 0px 0px,portrait.170px 0px 0px 0px" visible="true" layout="landscape.row,portrait.col" disable-edit="true" value="cell1" width="landscape.100%,portrait.86%" height="landscape.100%,portrait.80%" x="50px" y="50px" bg-color="white" onEntry="this.justifyContent='space-evenly'; this.borderRadius='6px'">
        <lido-image id="image1" disable-edit="true" margin="landscape.0px 0px 0px 0px,portrait.-20px 0px 0px 0px" value="image1" visible="true" src="game-assets/images/file-a4fupv7n.jpg" width="landscape.704px,portrait.744px" height="landscape.704px,portrait.707px" bg-color="transparent" alt-text="" onEntry="" />
        <lido-text id="text1" tab-index="1" audio="game-assets/audio/file-s8cd2p6w.mp3" disable-edit="true" margin="landscape.0px 0px 0px 27px,portrait.0px 0px 60px 0px" value="text1" visible="true" width="landscape.47%,portrait.90%" height="100%" bg-color="transparent" font-family="'Baloo 2', serif" font-size="44px" font-color="#000" string="भावनाओं का ख्याल रखना हमें मजबूत बनाता है और हमारी दोस्ती को बढ़ने में मदद करता है।" onEntry="this.fontWeight='500'; this.boxShadow='unset'; this.textAlign='start'; this.speak='true';" />
    </lido-cell>
    <lido-pos id="pos1" disable-edit="true" value="pos1" height="350px" width="350px" x="landscape.1300px, portrait.580px" y="landscape.670px, portrait.1350px" aria-hidden="true" z="1" bg-color="transparent" visible="true">
        <lido-avatar id="lido-avatar" disable-edit="true" visible="true" height="350px" width="350px" src="template-assets/images/file-2m6xn28y.riv" alt-text="chimpleCharacterRive" />
    </lido-pos>
</lido-container>
    <lido-container lang="hi" id="lido-container" value="maincontainer" objective="option_2" aria-label="This is a multiple-option question. Select one option from the list." height="100vh" width="100vw" x="0" y="0" z="0" bg-color="transparent" bg-image="template-assets/bg-images/file-sxq978vz.png" visible="true" onCorrect="lido-avatar.avatarAnimate='Success'; this.sleep='2000';" onInCorrect="lido-avatar.avatarAnimate='Fail'; this.sleep='2000';" show-check="false" is-continue-on-correct="false" onEntry="" exit-button-url="template-assets/buttons/file-fbkbin6f.png" prev-button-url="template-assets/buttons/file-16tbapul.png" next-button-url="template-assets/buttons/file-w2x0s4gx.png" speaker-button-url="template-assets/buttons/file-lvdmfxi7.png">

    
    <lido-cell layout="pos" id="pos1" disable-edit="true" value="pos1" height="300px" width="300px" x="landscape.-20px, portrait.-20px" y="landscape.100px, portrait.400px" aria-hidden="true" z="2" bg-color="transparent" visible="true">

      <lido-avatar id="lido-avatar" disable-edit="true" visible="true" height="100%" width="100%" src="template-assets/images/file-2m6xn28y.riv" alt-text="" bg-color="transparent">
      </lido-avatar>

      <lido-image id="shadow1" disable-edit="true" value="image1" visible="true" src="template-assets/images/file-jtonb7xr.png" bg-color="transparent" width="186px" height="40px" x="55px" y="248px" alt-text="">
      </lido-image>
    </lido-cell>

    <lido-cell visible="true" layout="col" width="100%" height="100%" bg-color="transparent">
      <lido-text visible="true" width="80%" height="10%" bg-color="transparent" />

      <lido-text tab-index="1" audio="game-assets/audio/file-q0z7mp06.mp3" visible="true" id="lido-question" width="landscape.65%, portrait.80%" height="auto" bg-color="#FFF5BB" string="जब कुछ दुखद होता है तो हमें कैसा महसूस हो सकता है?" border-radius="16px" onEntry="this.border='1px solid black'; this.fontWeight='500'; this.padding='20px';" font-size="36px">
      </lido-text>

      <lido-cell visible="true" width="100%" height="landscape.68%, portrait.100%" bg-color="transparent" layout="landscape.row, portrait.col" margin="landscape.0, portrait.-108px 0 0 0">

        

        <lido-cell visible="true" layout="wrap" width="landscape.70%, portrait.80%" height="landscape.97%, portrait.auto" bg-color="transparent" gap="40px" onEntry="this.gridTemplateColumns='1fr 1fr';" margin="landscape.0, portrait.-195px 0 0 0">

          
          
          <lido-cell tab-index="2" visible="true" layout="col" width="100%" type="click" audio="game-assets/audio/file-tvwb4wja.mp3" value="option_4" height="landscape.250px, portrait.270px" onEntry="this.borderRadius='25px'; this.padding='0';" onCorrect="this.cellBorderAnimate='#65BC46';" onInCorrect="this.vibrate='horizontal-shake';" onTouch="">
                
            <lido-text visible="true" font-size="36px" font-color="black" string="नींद" width="fit-content" bg-color="transparent" onEntry="this.fontWeight='500'; this.padding='0 20px';">
            </lido-text>
          </lido-cell>
					
          
          <lido-cell tab-index="3" visible="true" layout="col" width="100%" type="click" audio="game-assets/audio/file-q0phxwvx.mp3" value="option_1" height="landscape.250px, portrait.270px" onEntry="this.borderRadius='25px'; this.padding='0';" onCorrect="this.cellBorderAnimate='#65BC46';" onInCorrect="this.vibrate='horizontal-shake';" onTouch="">
                
            <lido-text visible="true" font-size="36px" font-color="black" string="खुश" width="fit-content" bg-color="transparent" onEntry="this.fontWeight='500'; this.padding='0 20px';">
            </lido-text>
          </lido-cell>
					
          
          <lido-cell tab-index="4" visible="true" layout="col" width="100%" type="click" audio="game-assets/audio/file-ayotzuvk.mp3" value="option_2" height="landscape.250px, portrait.270px" onEntry="this.borderRadius='25px'; this.padding='0';" onCorrect="this.cellBorderAnimate='#65BC46';" onInCorrect="this.vibrate='horizontal-shake';" onTouch="">
                
            <lido-text visible="true" font-size="36px" font-color="black" string="उदास" width="fit-content" bg-color="transparent" onEntry="this.fontWeight='500'; this.padding='0 20px';">
            </lido-text>
          </lido-cell>
					
          
          <lido-cell tab-index="5" visible="true" layout="col" width="100%" type="click" audio="game-assets/audio/file-xzs51kud.mp3" value="option_3" height="landscape.250px, portrait.270px" onEntry="this.borderRadius='25px'; this.padding='0';" onCorrect="this.cellBorderAnimate='#65BC46';" onInCorrect="this.vibrate='horizontal-shake';" onTouch="">
                
            <lido-text visible="true" font-size="36px" font-color="black" string="उत्साहित" width="fit-content" bg-color="transparent" onEntry="this.fontWeight='500'; this.padding='0 20px';">
            </lido-text>
          </lido-cell>

        </lido-cell>
      </lido-cell>
    </lido-cell>
  </lido-container>

        <lido-container lang="hi" id="lido-container" exit-button-url="template-assets/buttons/file-fbkbin6f.png" prev-button-url="template-assets/buttons/file-16tbapul.png" next-button-url="template-assets/buttons/file-w2x0s4gx.png" speaker-button-url="template-assets/buttons/file-lvdmfxi7.png" is-allow-only-correct="true" value="mainContainer1" bg-image="template-assets/bg-images/file-68rolf1t.png" objective="अपनी" height="100%" width="100%" bg-color="transparent" visible="true" onCorrect="lido-avatar.avatarAnimate='Success';fullSentence.speak='true';this.sleep='2000';" onEntry="this.justifyContent='space-around'; heading.speak='true'; question_text.speak='true'; option_1.speak='true'; option_2.speak='true'; option_3.speak='true'" onInCorrect="lido-avatar.avatarAnimate='Fail'; this.sleep='2000';" show-check="false" is-continue-on-correct="true" after-drop="false">
            <lido-text id="fullSentence" visible="false" onEntry="this.display='none';" string="अपनी भावनाओं पर ध्यान देना ज़रूरी है।" />
            
            <lido-cell layout="pos" id="pos1" disable-edit="true" value="pos2" height="landscape.448px,portrait.402px" width="landscape.350px,portrait.398px" x="landscape.-227px, portrait.541px" y="landscape.470px, portrait.1304px" aria-hidden="true" z="1" bg-color="transparent" visible="true" onEntry="this.animation='leftToPlace 2.5s linear';">
                <lido-avatar id="lido-avatar" disable-edit="true" visible="true" height="100%" width="100%" src="template-assets/images/file-2m6xn28y.riv" alt-text="Chimple Character">
                </lido-avatar>
            </lido-cell>
            
		    <lido-cell layout="col" visible="true" width="100%" height="100%" bg-color="transparent" margin="landscape.0,portrait.-90px 0px 0px 0px">
			
			<lido-cell visible="true" margin="landscape.12px 0px -17px 0px, portrait.0px 0px 0px;">
				<lido-text id="heading" tab-index="1" width="landscape.770px,portrait.433px" visible="true" audio="template-assets/audio/file-g5g2fzk1.mp3" string="रिक्त स्थान भरें" font-family="'Baloo Bhai 2'" fontColor="black" font-size="landscape.45px, portrait.45px" bg-color="transparent" onEntry=" this.fontWeight='700';" margin="landscape.32px 0px 4px 0px,portrait.18px 0px 0px 0px">
                </lido-text>
			</lido-cell>
			
                 <lido-cell audio="game-assets/audio/file-gppdf51u.mp3" layout="landscape.row, portrait.col" visible="true" width="landscape.90%, portrait.100%" height="landscape.70%, portrait.80%" bg-color="white" onEntry="this.borderRadius='10px'; this.padding='8px';" margin="landscape.0 , portrait.-18px 0px 0px 0px">

                      
                    <lido-image id="image1" disable-edit="true" visible="true" src="game-assets/images/file-0r2eehn9.jpg" width="landscape.542px, portrait.100%" height="landscape.100%, portrait.62%" margin="landscape.0px 0px 0px 0px , portrait. 0" />
                    
                    <lido-cell layout="flex" bg-Color="transparent" visible="true" height="landscape.100%,portrait.80%" width="landscape.754px, portrait.100%" onEntry="this.align-content='center'; this.gap='32px';this.display='ruby';" margin="landscape.21px 0px 0px 61px, portrait.45px 6px 0px 64px">
  
                         <lido-text tab-index="2" drop-attr="stretch" id="drop_1" disable-edit="true" visible="true" width="164px" height="landscape.73px,portrait.77px" value="अपनी" type="drop" is-allow-only-one-drop="true" drop-Attr="stretch" onEntry="this.border-radius='10px';this.box-shoadow='';this.fontWeight='600'; this.margin-right='35px';" />
<lido-text id="question_text" font-family="'Baloo Bhai 2'" tab-index="31" audio="game-assets/audio/file-gppdf51u.mp3" visible="true" font-size="landscape.46px,portrait.45px" y="-10px" string=" भावनाओं पर ध्यान देना ज़रूरी है।" bg-color="transparent" onEntry="this.position='relative'; this.fontWeight='600';this.display='inline'; this.padding='0px 20px 0px 0px';" /> 
                    </lido-cell>
                </lido-cell>
              <lido-cell layout="landscape.row, portrait.wrap" childElementsLength="4" onEntry="this.gap='28px';    this.gridTemplateColumns = 'repeat(2, 1fr)';  this.gridTemplateRows = 'repeat(2, 1fr)';" visible="true" margin="landscape.6px 0px 74px 0px, portrait.34px 128px 0px 130px">
				<lido-text font-family="'Baloo Bhai 2'" audio="game-assets/audio/file-cu9e9uqd.mp3" id="option_3" value="भारी" tab-index="6" visible="true" bg-color="#fcf3b1" onEntry="this.padding='0px 48px'; this.borderRadius='24px'; this.line-height='34px'; this.fontWeight='600';" width="auto" height="landscape.87px, portrait.91px" string="भारी" fontColor="black" font-size="landscape.46px,portrait.45px" type="drag"> </lido-text>
<lido-text font-family="'Baloo Bhai 2'" audio="game-assets/audio/file-p390rz7c.mp3" id="option_2" value="बड़ा" tab-index="5" visible="true" bg-color="#fcf3b1" onEntry="this.padding='0px 48px'; this.borderRadius='24px'; this.line-height='34px'; this.fontWeight='600';" width="auto" height="landscape.87px, portrait.91px" string="बड़ा" fontColor="black" font-size="landscape.46px,portrait.45px" type="drag"> </lido-text>
<lido-text font-family="'Baloo Bhai 2'" audio="game-assets/audio/file-9573wl3s.mp3" id="option_1" value="अपनी" tab-index="4" visible="true" bg-color="#fcf3b1" onEntry="this.padding='0px 48px'; this.borderRadius='24px'; this.line-height='34px'; this.fontWeight='600';" width="auto" height="landscape.87px, portrait.91px" string="अपनी" fontColor="black" font-size="landscape.46px,portrait.45px" type="drag"> </lido-text>
                </lido-cell>
            </lido-cell>
        </lido-container>
        
            <lido-container lang="hi" id="lido-container" is-continue-on-correct="true" onCorrect="lido-avatar.avatarAnimate='Success'; this.sleep='2000';" is-allow-only-correct="true" objective="खुश,उदास,गुस्सा,चिंतित" visible="true" bg-image="template-assets/bg-images/file-xpqiqgt4.png" dropAttr="EnableAnimation" exit-button-url="template-assets/buttons/file-fbkbin6f.png" prev-button-url="template-assets/buttons/file-16tbapul.png" next-button-url="template-assets/buttons/file-w2x0s4gx.png" speaker-button-url="template-assets/buttons/file-lvdmfxi7.png">

                
                <lido-cell layout="pos" id="pos1" disableEdit="true" value="pos2" height="landscape.205px,portrait.195px" width="landscape.209px,portrait.209px" x="landscape.-30px,portrait.80%" y="landscape.700px,portrait.146px" z="1" ariaHidden="true" bgColor="transparent" visible="true" onEntry="">
                    <lido-avatar id="lido-avatar" disableEdit="true" visible="true" height="100%" width="100%" src="template-assets/images/file-2m6xn28y.riv" altText="{chimpleCharacterRive}">
                    </lido-avatar>
                </lido-cell>

                
                
        <lido-text id="heading" audio="game-assets/audio/file-vs2af14h.mp3" width="landscape.80%,portrait.70%" tabIndex="20" visible="true" string="भावनाओं को उनके मतलब से मिलाएँ।" font-family="'Baloo Bhai 2'" fontColor="#323232" font-size="landscape.36px,portrait.36px" bg-Color="transparent" onEntry="this.padding='0px 45px';this.fontWeight='600';" margin="landscape.120px 0px -25px 0px, portrait.160px 0px -39px 0px">
        </lido-text>
        

                <lido-cell visible="true" flex-direction="landscape., portrait.row-reverse" bg-color="transparent" layout="portrait.row,landscape.col" width="100%" height="100%" onEntry="">
                    <lido-cell visible="true" margin="20px 0px 0px 0px" bg-color="transparent" layout="landscape.row,portrait.col" height="landscape.50%,portrait.96%" width="landscape.100%,portrait.100%" onEntry="this.gap='10px';">
                        
        <lido-cell layout="row" visible="true" bg-color="transparent" height="landscape.100%,portrait.20%" width="landscape.20%,portrait.100%">
            <lido-cell layout="row" visible="true" width="100%" height="100%" bg-color="transparent">
                
        <lido-cell id="drop_pair_1" border-radius="8px" audio="game-assets/audio/file-aapv9y34.mp3" value="खुश" tab-index="2" height="landscape.300px,portrait.240px" width="landscape.266px,portrait.260px" type="drop" layout="col" visible="true" bg-Color="white" onEntry="this.padding='0px'; this.borderRadius='8px';" onCorrect="this.speak='true'; drag_pair_1.speak='true';">
            
        <lido-text visible="true" height="100%" font-family="'Baloo Bhai 2'" font-size="40px" string="अच्छा महसूस करना" bg-Color="transparent" onEntry="this.fontWeight='600';">
        </lido-text>
        
        </lido-cell>
        
            </lido-cell>
        </lido-cell>
        
				
        <lido-cell layout="row" visible="true" bg-color="transparent" height="landscape.100%,portrait.20%" width="landscape.20%,portrait.100%">
            <lido-cell layout="row" visible="true" width="100%" height="100%" bg-color="transparent">
                
        <lido-cell id="drop_pair_2" border-radius="8px" audio="game-assets/audio/file-8kpk856s.mp3" value="उदास" tab-index="3" height="landscape.300px,portrait.240px" width="landscape.266px,portrait.260px" type="drop" layout="col" visible="true" bg-Color="white" onEntry="this.padding='0px'; this.borderRadius='8px';" onCorrect="this.speak='true'; drag_pair_2.speak='true';">
            
        <lido-text visible="true" height="100%" font-family="'Baloo Bhai 2'" font-size="40px" string="परेशान महसूस करना" bg-Color="transparent" onEntry="this.fontWeight='600';">
        </lido-text>
        
        </lido-cell>
        
            </lido-cell>
        </lido-cell>
        
				
        <lido-cell layout="row" visible="true" bg-color="transparent" height="landscape.100%,portrait.20%" width="landscape.20%,portrait.100%">
            <lido-cell layout="row" visible="true" width="100%" height="100%" bg-color="transparent">
                
        <lido-cell id="drop_pair_3" border-radius="8px" audio="game-assets/audio/file-7twz5bq9.mp3" value="गुस्सा" tab-index="4" height="landscape.300px,portrait.240px" width="landscape.266px,portrait.260px" type="drop" layout="col" visible="true" bg-Color="white" onEntry="this.padding='0px'; this.borderRadius='8px';" onCorrect="this.speak='true'; drag_pair_3.speak='true';">
            
        <lido-text visible="true" height="100%" font-family="'Baloo Bhai 2'" font-size="40px" string="क्रोध महसूस करना" bg-Color="transparent" onEntry="this.fontWeight='600';">
        </lido-text>
        
        </lido-cell>
        
            </lido-cell>
        </lido-cell>
        
				
        <lido-cell layout="row" visible="true" bg-color="transparent" height="landscape.100%,portrait.20%" width="landscape.20%,portrait.100%">
            <lido-cell layout="row" visible="true" width="100%" height="100%" bg-color="transparent">
                
        <lido-cell id="drop_pair_4" border-radius="8px" audio="game-assets/audio/file-rkhd3jng.mp3" value="चिंतित" tab-index="5" height="landscape.300px,portrait.240px" width="landscape.266px,portrait.260px" type="drop" layout="col" visible="true" bg-Color="white" onEntry="this.padding='0px'; this.borderRadius='8px';" onCorrect="this.speak='true'; drag_pair_4.speak='true';">
            
        <lido-text visible="true" height="100%" font-family="'Baloo Bhai 2'" font-size="40px" string="अनिश्चित महसूस करना" bg-Color="transparent" onEntry="this.fontWeight='600';">
        </lido-text>
        
        </lido-cell>
        
            </lido-cell>
        </lido-cell>
        
                    </lido-cell>
                    <lido-cell visible="true" margin="landscape.0px 0px 0px 0px,portrait.0px 0px 0px 0px" bg-color="#fbcab5" layout="landscape.row,portrait.col" height="landscape.50%,portrait.96%" width="95%" border-radius="10px" onEntry="">
                        
        <lido-cell layout="row" visible="true" bg-color="transparent" height="landscape.100%,portrait.20%" width="landscape.20%,portrait.100%">
            <lido-cell layout="random" visible="true" width="100%" height="100%" bg-color="transparent">
                
        <lido-cell id="drag_pair_4" border-radius="8px" audio="game-assets/audio/file-m1elxevv.mp3" value="चिंतित" tab-index="6" height="landscape.300px,portrait.240px" width="landscape.266px,portrait.260px" type="drag" layout="col" visible="true" bg-Color="white" onEntry="this.padding='0px'; this.borderRadius='8px';">
            
        <lido-text visible="true" height="100%" font-family="'Baloo Bhai 2'" font-size="landscape.52px, portrait.46px" string="चिंतित" bg-Color="transparent" onEntry="this.fontWeight='600';">
        </lido-text>
        
        </lido-cell>
        
            </lido-cell>
        </lido-cell>
        
				
        <lido-cell layout="row" visible="true" bg-color="transparent" height="landscape.100%,portrait.20%" width="landscape.20%,portrait.100%">
            <lido-cell layout="random" visible="true" width="100%" height="100%" bg-color="transparent">
                
        <lido-cell id="drag_pair_1" border-radius="8px" audio="game-assets/audio/file-q0phxwvx.mp3" value="खुश" tab-index="7" height="landscape.300px,portrait.240px" width="landscape.266px,portrait.260px" type="drag" layout="col" visible="true" bg-Color="white" onEntry="this.padding='0px'; this.borderRadius='8px';">
            
        <lido-text visible="true" height="100%" font-family="'Baloo Bhai 2'" font-size="106px" string="खुश" bg-Color="transparent" onEntry="this.fontWeight='600';">
        </lido-text>
        
        </lido-cell>
        
            </lido-cell>
        </lido-cell>
        
				
        <lido-cell layout="row" visible="true" bg-color="transparent" height="landscape.100%,portrait.20%" width="landscape.20%,portrait.100%">
            <lido-cell layout="random" visible="true" width="100%" height="100%" bg-color="transparent">
                
        <lido-cell id="drag_pair_3" border-radius="8px" audio="game-assets/audio/file-96ecihdx.mp3" value="गुस्सा" tab-index="8" height="landscape.300px,portrait.240px" width="landscape.266px,portrait.260px" type="drag" layout="col" visible="true" bg-Color="white" onEntry="this.padding='0px'; this.borderRadius='8px';">
            
        <lido-text visible="true" height="100%" font-family="'Baloo Bhai 2'" font-size="landscape.52px, portrait.46px" string="गुस्सा" bg-Color="transparent" onEntry="this.fontWeight='600';">
        </lido-text>
        
        </lido-cell>
        
            </lido-cell>
        </lido-cell>
        
				
        <lido-cell layout="row" visible="true" bg-color="transparent" height="landscape.100%,portrait.20%" width="landscape.20%,portrait.100%">
            <lido-cell layout="random" visible="true" width="100%" height="100%" bg-color="transparent">
                
        <lido-cell id="drag_pair_2" border-radius="8px" audio="game-assets/audio/file-ayotzuvk.mp3" value="उदास" tab-index="9" height="landscape.300px,portrait.240px" width="landscape.266px,portrait.260px" type="drag" layout="col" visible="true" bg-Color="white" onEntry="this.padding='0px'; this.borderRadius='8px';">
            
        <lido-text visible="true" height="100%" font-family="'Baloo Bhai 2'" font-size="58px" string="उदास" bg-Color="transparent" onEntry="this.fontWeight='600';">
        </lido-text>
        
        </lido-cell>
        
            </lido-cell>
        </lido-cell>
        
                    </lido-cell>
                </lido-cell>
            </lido-container>
        <lido-container lang="hi" id="lido-container" exit-button-url="template-assets/buttons/file-fbkbin6f.png" prev-button-url="template-assets/buttons/file-16tbapul.png" next-button-url="template-assets/buttons/file-w2x0s4gx.png" speaker-button-url="template-assets/buttons/file-lvdmfxi7.png" show-next-button="true" show-drop-border="false" tabIndex="0" value="mainContainer1" bg-Color="#FFF" height="100%" width="100%" visible="true" objective="(opt_0|opt_1|opt_2|opt_3),(opt_4|opt_5|opt_6|opt_7)" show-Check="false" is-continue-on-correct="true" after-Drop="false" onCorrect="lido-avatar.avatarAnimate='Success'; this.sleep='2000';" onInCorrect="lido-avatar.avatarAnimate='Fail'; this.sleep='2000';" is-allow-only-correct="false"> 
		<lido-cell layout="col" visible="true" height="100%" width="98%" bgColor="transparent" margin="landscape.83px 0px 0px 0px, portrait.36px 0px -49px 0px">
			<lido-cell layout="pos" id="pos1" disableEdit="true" value="pos2" height="landscape.205px,portrait.195px" width="landscape.209px,portrait.209px" x="landscape.12px,portrait.-17px" y="landscape.68px,portrait.146px" ariaHidden="true" bgColor="transparent" visible="true" onEntry="">
				<lido-avatar id="lido-avatar" disableEdit="true" visible="true" height="100%" width="100%" src="template-assets/images/file-2m6xn28y.riv" altText="{chimpleCharacterRive}">
				</lido-avatar>
			</lido-cell>
            
			<lido-text id="heading" tabIndex="2" width="1400px" audio="game-assets/audio/file-xc9swjo0.mp3" visible="true" string="भावनाओं और गैर-भावनाओं में बांटें" font-family="'Baloo Bhai 2'" fontColor="#323232" font-size="landscape.44px,portrait.32px" bg-Color="transparent" onEntry="this.padding='0px 47px'; this.line-height='45px'; this.fontWeight='400';" margin="landscape.26px 0px -25px 0px, portrait.80px 0px -62px">
            </lido-text>


			<lido-cell layout="row" visible="true" onEntry="head1.speak='true'; head2.speak='true'" height="landscape.38%,portrait.41%" width="100%" bg-Color="transparent" margin="landscape.7px 0px 0px 0px,portrait.55px 0px -73px 0px">
				<lido-cell id="cate1" z="100" visible="true" audio="game-assets/audio/file-eosg0fyg.mp3" width="landscape.48%,portrait.30%" height="100%" bg-Color="#E3F5FC" onEntry="this.border-radius='6px';this.border=' 2px dashed #326B80';this.display='flex';this.flex-direction='column';this.align-items='center';" onTouch="this.addClass='highlight-element'; cate2.removeClass='highlight-element';">
    <lido-text visible="true" id="head1" audio="game-assets/audio/file-eosg0fyg.mp3" font-family="'Baloo Bhai 2'" font-size="landscape.32px,portrait.32px" string="भावनाएँ" bg-Color="transparent" onEntry="this.padding='10px 47px'; this.line-height='26px'; this.fontWeight='600';" z="1" />
    <lido-cell layout="landscape.wrap,portrait.col" id="category1" scrollbar-width="14px" visible="true" value="opt_0,opt_1,opt_2,opt_3" tab-index="3" type="category" height="1000px" width="100%" bg-color="#E3F5FC" onEntry="this.padding='23px';this.overflow=' hidden'; this.justify-items='center';  this.grid-template-columns=' repeat(2, 1fr)'; this.gap=' 10px'; this.overflow-y=' auto';" margin="landscape.-15px 0px 0px 0px,portrait.0px" />
</lido-cell>
				<lido-cell id="cate2" z="100" visible="true" audio="game-assets/audio/file-mlydy76z.mp3" width="landscape.48%,portrait.30%" height="100%" bg-Color="#F2EAFC" onEntry="this.border-radius='6px';this.border=' 2px dashed #67428F';this.display='flex';this.flex-direction='column';this.align-items='center';" onTouch="this.addClass='highlight-element'; cate1.removeClass='highlight-element';">
    <lido-text visible="true" id="head2" audio="game-assets/audio/file-mlydy76z.mp3" font-family="'Baloo Bhai 2'" font-size="landscape.32px,portrait.32px" string="भावनाएँ नहीं है " bg-Color="transparent" onEntry="this.padding='10px 47px'; this.line-height='26px'; this.fontWeight='600';" z="1" />
    <lido-cell layout="landscape.wrap,portrait.col" id="category2" scrollbar-width="14px" visible="true" value="opt_4,opt_5,opt_6,opt_7" tab-index="4" type="category" height="1000px" width="100%" bg-color="#F2EAFC" onEntry="this.padding='23px';this.overflow=' hidden'; this.justify-items='center';  this.grid-template-columns=' repeat(2, 1fr)'; this.gap=' 10px'; this.overflow-y=' auto';" margin="landscape.-15px 0px 0px 0px,portrait.0px" />
</lido-cell>
			</lido-cell>
			<lido-cell layout="landscape.row,portrait.wrap" z="0" visible="true" type="optionArea" height="landscape.32%,portrait.38%" width="landscape.99%,portrait.98%" bg-Color="#FEEDE6" margin="landscape.-33px 0px 32px 0px, portrait.23px 0px 18px 0px" onEntry=" this.border='1px solid #FAB89C';this.overflow=' hidden'; this.gap='25px'; this.align-items='center'; this.justify-content='center';this.border-radius='6px';">
				 <lido-cell layout="col" onTouch="" z="1" audio="game-assets/audio/file-bhcr01ix.mp3" x="29px" y="-221px" visible="true" type="option" tab-index="5" id="i1" value="opt_5" height="240px" width="166px" bg-Color="white" onEntry="this.padding='0px';this.flex-shrink='0';this.box-sizing='unset';this.align-items='center';this.justify-content='center';this.border-radius='6px';this. box-shadow=' 0px 8px 0px -2px rgba(0, 0, 0, 0.1)'"> <lido-text visible="true" onTouch="" height="31px" width="145px" string="पेड़" font-family="'Baloo Bhai 2'" font-size="32px" margin="17px 0px 0px 0px" onEntry="this.pointer-events=' none';this.border-radius='0px'; this.line-height='30px'; this.fontWeight='500';" bg-Color="white" /></lido-cell>
				 <lido-cell layout="col" onTouch="" z="1" audio="game-assets/audio/file-j5ln3mg2.mp3" x="29px" y="-221px" visible="true" type="option" tab-index="6" id="i2" value="opt_6" height="240px" width="166px" bg-Color="white" onEntry="this.padding='0px';this.flex-shrink='0';this.box-sizing='unset';this.align-items='center';this.justify-content='center';this.border-radius='6px';this. box-shadow=' 0px 8px 0px -2px rgba(0, 0, 0, 0.1)'"> <lido-text visible="true" onTouch="" height="31px" width="145px" string="थैला" font-family="'Baloo Bhai 2'" font-size="32px" margin="17px 0px 0px 0px" onEntry="this.pointer-events=' none';this.border-radius='0px'; this.line-height='30px'; this.fontWeight='500';" bg-Color="white" /></lido-cell>
				 <lido-cell layout="col" onTouch="" z="1" audio="game-assets/audio/file-q0phxwvx.mp3" x="29px" y="-221px" visible="true" type="option" tab-index="7" id="i3" value="opt_0" height="240px" width="166px" bg-Color="white" onEntry="this.padding='0px';this.flex-shrink='0';this.box-sizing='unset';this.align-items='center';this.justify-content='center';this.border-radius='6px';this. box-shadow=' 0px 8px 0px -2px rgba(0, 0, 0, 0.1)'"> <lido-text visible="true" onTouch="" height="31px" width="145px" string="खुश" font-family="'Baloo Bhai 2'" font-size="32px" margin="17px 0px 0px 0px" onEntry="this.pointer-events=' none';this.border-radius='0px'; this.line-height='30px'; this.fontWeight='500';" bg-Color="white" /></lido-cell>
				 <lido-cell layout="col" onTouch="" z="1" audio="game-assets/audio/file-m1elxevv.mp3" x="29px" y="-221px" visible="true" type="option" tab-index="8" id="i4" value="opt_2" height="240px" width="166px" bg-Color="white" onEntry="this.padding='0px';this.flex-shrink='0';this.box-sizing='unset';this.align-items='center';this.justify-content='center';this.border-radius='6px';this. box-shadow=' 0px 8px 0px -2px rgba(0, 0, 0, 0.1)'"> <lido-text visible="true" onTouch="" height="31px" width="145px" string="चिंतित" font-family="'Baloo Bhai 2'" font-size="32px" margin="17px 0px 0px 0px" onEntry="this.pointer-events=' none';this.border-radius='0px'; this.line-height='30px'; this.fontWeight='500';" bg-Color="white" /></lido-cell>
				 <lido-cell layout="col" onTouch="" z="1" audio="game-assets/audio/file-kjjcbb4w.mp3" x="29px" y="-221px" visible="true" type="option" tab-index="9" id="i5" value="opt_4" height="240px" width="166px" bg-Color="white" onEntry="this.padding='0px';this.flex-shrink='0';this.box-sizing='unset';this.align-items='center';this.justify-content='center';this.border-radius='6px';this. box-shadow=' 0px 8px 0px -2px rgba(0, 0, 0, 0.1)'"> <lido-text visible="true" onTouch="" height="31px" width="145px" string="कुर्सी   " font-family="'Baloo Bhai 2'" font-size="32px" margin="17px 0px 0px 0px" onEntry="this.pointer-events=' none';this.border-radius='0px'; this.line-height='30px'; this.fontWeight='500';" bg-Color="white" /></lido-cell>
				 <lido-cell layout="col" onTouch="" z="1" audio="game-assets/audio/file-ncoosvya.mp3" x="29px" y="-221px" visible="true" type="option" tab-index="10" id="i6" value="opt_7" height="240px" width="166px" bg-Color="white" onEntry="this.padding='0px';this.flex-shrink='0';this.box-sizing='unset';this.align-items='center';this.justify-content='center';this.border-radius='6px';this. box-shadow=' 0px 8px 0px -2px rgba(0, 0, 0, 0.1)'"> <lido-text visible="true" onTouch="" height="31px" width="145px" string="प्याला" font-family="'Baloo Bhai 2'" font-size="32px" margin="17px 0px 0px 0px" onEntry="this.pointer-events=' none';this.border-radius='0px'; this.line-height='30px'; this.fontWeight='500';" bg-Color="white" /></lido-cell>
				 <lido-cell layout="col" onTouch="" z="1" audio="game-assets/audio/file-na4ruk69.mp3" x="29px" y="-221px" visible="true" type="option" tab-index="11" id="i7" value="opt_3" height="240px" width="166px" bg-Color="white" onEntry="this.padding='0px';this.flex-shrink='0';this.box-sizing='unset';this.align-items='center';this.justify-content='center';this.border-radius='6px';this. box-shadow=' 0px 8px 0px -2px rgba(0, 0, 0, 0.1)'"> <lido-text visible="true" onTouch="" height="31px" width="145px" string="दुख" font-family="'Baloo Bhai 2'" font-size="32px" margin="17px 0px 0px 0px" onEntry="this.pointer-events=' none';this.border-radius='0px'; this.line-height='30px'; this.fontWeight='500';" bg-Color="white" /></lido-cell>
				 <lido-cell layout="col" onTouch="" z="1" audio="game-assets/audio/file-xghktcmw.mp3" x="29px" y="-221px" visible="true" type="option" tab-index="12" id="i8" value="opt_1" height="240px" width="166px" bg-Color="white" onEntry="this.padding='0px';this.flex-shrink='0';this.box-sizing='unset';this.align-items='center';this.justify-content='center';this.border-radius='6px';this. box-shadow=' 0px 8px 0px -2px rgba(0, 0, 0, 0.1)'"> <lido-text visible="true" onTouch="" height="31px" width="145px" string="गुस्सा  " font-family="'Baloo Bhai 2'" font-size="32px" margin="17px 0px 0px 0px" onEntry="this.pointer-events=' none';this.border-radius='0px'; this.line-height='30px'; this.fontWeight='500';" bg-Color="white" /></lido-cell>
			</lido-cell>
		</lido-cell>
</lido-container>
            <lido-container lang="hi" id="lido-container" objective="" tab-index="1" value="mainContainer1" bg-image="template-assets/bg-images/file-d46vm78d.png" height="1600px" width="900px" bg-color="transparent" visible="true" onCorrect="lido-avatar.avatarAnimate='Success'; this.sleep='2000';" onEntry="this.justifyContent='space-around';" onInCorrect="lido-avatar.avatarAnimate='Fail'; this.sleep='2000';" show-check="false" is-continue-on-correct="false" after-drop="false" show-next-button="true" exit-button-url="template-assets/buttons/file-fbkbin6f.png" prev-button-url="template-assets/buttons/file-16tbapul.png" next-button-url="template-assets/buttons/file-w2x0s4gx.png" speaker-button-url="template-assets/buttons/file-lvdmfxi7.png">

                
                <lido-cell layout="pos" id="pos1" disable-edit="true" value="pos1" height="landscape.600px, portrait.700px" width="landscape.393px, portrait.485px" x="landscape.-24px, portrait.465px" y="landscape.385px, portrait.983px" aria-hidden="true" z="1" bg-color="transparent" visible="true" onEntry="this.flex-shrink='0';">
                    <lido-avatar id="lido-avatar" disable-edit="true" visible="true" height="inherit" width="inherit" src="template-assets/images/file-2m6xn28y.riv" alt-text="" onEntry="">
                    </lido-avatar>
                </lido-cell>

                
                <lido-cell layout="pos" id="pos2" disable-edit="true" value="pos2" width="landscape.594px, portrait.754px" height="landscape.725px, portrait.925px" x="landscape.519px, portrait.73px" y="landscape.127px, portrait.172px" aria-hidden="true" z="1" bg-color="transparent" visible="true" onEntry="this.flex-shrink='0';">
                    <lido-flash-card x="50" y="100" width="landscape.594px, portrait.754px" height="landscape.725px, portrait.925px" bg-color="transparent" onEntry="this.border-radius='32px';" onTouch="">
                        <lido-cell layout="col" id="col1" audio="game-assets/audio/file-hx97xgvh.mp3" slot="front" disable-edit="true" visible="true" width="landscape.594px, portrait.754px" height="landscape.910px, portrait.925px" bg-color="white" type="" tab-index="2" dropAttr="diagonal" onEntry="this.border-radius=32px; this.padding='8px 8px 16px 8px';" y="landscape.5px,portrait.10px">
                            <lido-text id="txt1" width="553px" height="217px" display="flex" onEntry="this.textAlign='center'; this.flexDirection='column'; this.justifyContent='center'; this.alignItems='center'; this.flexShrink='0';" font-family="'Baloo Bhai 2'" font-size="52px" z="1" font-color="black" font-weight="500" color="#303030" string="दूसरों की भावनाओं को समझना हमें" visible="true" y="landscape.15px, portrait.15px" bg-color="white" margin="landscape.45px 0px 45px 0px, portrait.45px 0px 45px 0px" />
                        </lido-cell>
                        <lido-cell layout="col" tab-index="3" audio="game-assets/audio/file-a6henju9.mp3" id="col2" slot="back" disable-edit="true" visible="true" width="landscape.594px, portrait.754px" height="landscape.910px, portrait.925px" bg-color="white" type="" dropAttr="diagonal" onEntry="this.border-radius=32px; this.padding='8px 8px 16px 8px';" y="landscape.,portrait.">
                            <lido-text id="txt2" height="480px" width="495px" display="flex" onEntry="this.textAlign='left'; this.lineHeight='1.5';" font-family="'Baloo Bhai 2'" font-size="52px" z="1" font-color="black" font-weight="500" color="#000000" string="दयालु बनाता है।" visible="true" y="landscape.35px, portrait.15px" bg-color="white" margin="landscape.45px 0px 45px 0px, portrait.45px 0px 45px 0px" />
                        </lido-cell>
                    </lido-flash-card>
                </lido-cell>
            </lido-container>
        
</root>