[1,["e7kuZwFb5Kkauws9rgzofQ","f5ARVtS79A1LEW9bZuY0WD","82vJkEI5NPxLwLAVdljcsq","73OIZUtXtPaK3+G6g1pkJe","12ksY4KDpHq7WLM8MTAZUW","d9jypHpQpC5LZ5Z/JbimY5"],["_textureSetter"],["cc.SpriteFrame","cc.Texture2D",["cc.AudioClip",["_name","_native","duration"],0],["cc.JsonAsset",["_name","json"],1]],[[2,0,1,2,4],[3,0,1,3]],[[[[0,"check",".mp3",0.888],-1],0,0,[],[],[]],[[[0,"lack",".mp3",0.864],-1],0,0,[],[],[]],[[[0,"d_phonic",".mp3",1.619592],-1],0,0,[],[],[]],[[{"name":"duck","rect":[30,21,420,470],"offset":[0,0],"originalSize":[480,512],"capInsets":[0,0,0,0]}],[0],0,[0],[0],[0]],[[[0,"ch",".mp3",0.504],-1],0,0,[],[],[]],[["0,9729,9729,33071,33071,0,0,1",-1],[1],0,[],[],[]],[[[0,"clock",".mp3",0.888],-1],0,0,[],[],[]],[[[0,"class",".mp3",1.08],-1],0,0,[],[],[]],[[[0,"tuck",".mp3",0.744],-1],0,0,[],[],[]],[[[0,"chest",".mp3",1.128],-1],0,0,[],[],[]],[[[1,"en1608",{"rows":[["phonictractor","1","Description","5","duck","duck.mp3","d","d_phonic.mp3","u","u_phonic.mp3","ck","ck.mp3"],["grid","1","Description","la,ja,wi","ck"],["grid","1","Description","pe,be,tu","ck"],["rocket","1","Description","black","bl,ack","bl,ack","black.mp3","black.png","false","false"],["rocket","1","Description","clock","cl,ock","cl,ock","clock.mp3","clock.png","false","false"],["speakingpet","1","Description","ck.mp3","i_phonic.mp3","kick","kick.mp3","A","3,4","duck","duck.mp3","A","3,4","sky","sky.mp3","B","3","cry","cry.mp3","B","3"],["quizliteracy","1","Description","soundonly_image","duck.png","cat.png","duck.png","hen.png","","","duck.mp3"],["quizliteracy","1","Description","image_word","bl","pl","fl","bl","black.png"],["quizliteracy","1","Description","image_word","cl","fl","pl","cl","clock.png"],["quizliteracy","1","Description","soundonly_word","kick","black","crab","kick","","","kick.mp3"],["quizliteracy","1","Description","soundonly_word","check","check","kick","black","","","check.mp3"]]}]],0,0,[],[],[]],[[[0,"ck",".mp3",0.26125],-1],0,0,[],[],[]],[[[0,"u_phonic",".mp3",2.220408],-1],0,0,[],[],[]],[[[0,"cry",".mp3",0.888],-1],0,0,[],[],[]],[[[0,"duck",".mp3",0.936],-1],0,0,[],[],[]],[[[0,"coat",".mp3",0.936],-1],0,0,[],[],[]],[["0,9729,9729,33071,33071,0,0,1",-1],[1],0,[],[],[]],[["0,9729,9729,33071,33071,0,0,1",-1],[1],0,[],[],[]],[[[0,"cr",".mp3",0.504],-1],0,0,[],[],[]],[[[0,"crab",".mp3",0.96],-1],0,0,[],[],[]],[[[0,"jack",".mp3",1.008],-1],0,0,[],[],[]],[[{"name":"hen","rect":[36,36,846,594],"offset":[0,0],"originalSize":[918,666],"capInsets":[0,0,0,0]}],[0],0,[0],[0],[1]],[[[0,"chop",".mp3",0.984],-1],0,0,[],[],[]],[[{"name":"black","rect":[0,0,382,322],"offset":[0,0],"originalSize":[382,322],"capInsets":[0,0,0,0]}],[0],0,[0],[0],[2]],[[{"name":"cat","rect":[0,0,1111,820],"offset":[0,0],"originalSize":[1111,820],"capInsets":[0,0,0,0]}],[0],0,[0],[0],[3]],[[[0,"cl",".mp3",0.528],-1],0,0,[],[],[]],[[{"name":"clock","rect":[36,36,846,594],"offset":[0,0],"originalSize":[918,666],"capInsets":[0,0,0,0]}],[0],0,[0],[0],[4]],[[[0,"beck",".mp3",0.888],-1],0,0,[],[],[]],[[[0,"cream",".mp3",0.912],-1],0,0,[],[],[]],[[[0,"kick",".mp3",0.816],-1],0,0,[],[],[]],[[[0,"black",".mp3",1.008],-1],0,0,[],[],[]],[[[0,"sky",".mp3",0.96],-1],0,0,[],[],[]],[["1,9729,9729,33071,33071,0,0,1",-1],[1],0,[],[],[]],[[[0,"i_phonic",".mp3",2.168163],-1],0,0,[],[],[]],[[[0,"peck",".mp3",0.768],-1],0,0,[],[],[]],[[[0,"wick",".mp3",0.84],-1],0,0,[],[],[]],[["0,9729,9729,33071,33071,0,0,1",-1],[1],0,[],[],[]],[[{"name":"duck","rect":[0,0,800,533],"offset":[0,0],"originalSize":[800,533],"capInsets":[0,0,0,0]}],[0],0,[0],[0],[5]],[["0,9729,9729,33071,33071,0,0,1",-1],[1],0,[],[],[]]]]