[1,["ebE/GilK1E7YbzcnpmD/lm","a48iMeyt1Oep8iIDXp977U","61gxqBRVlJc4GoWmQ/IxbH","e7U535HTVN3KKd9+NMXtHz","11YThRn/ZAk560CO/dYEeI","8ak+YthbNL4rBA+QF28K6e","916LVJIrVHJaDhrsp5kI1I","54RqyCXv5JP4Cj27BwlDit","b7uAaHvERHGJGykKLAM/Zz","712+efukNHMYCpqywDNUnw","05AJqh7oZKpomhxSYSst+t","faokT6hNNJioMZPhLoOPp/","b6N/f0c2BHS5bGcgye/8u9","80ccoBNT5H6YsiHX7JOfGt","b8CvyhyNlNeJk+kG3BR8Pl","bcykZtX9NG8bXFsxmSU3q0"],["_textureSetter"],["cc.Texture2D","cc.SpriteFrame",["cc.AudioClip",["_name","_native","duration"],0],["cc.JsonAsset",["_name","json"],1]],[[2,0,1,2,4],[3,0,1,3]],[[["0,9729,9729,33071,33071,0,0,1",-1],[0],0,[],[],[]],[["0,9729,9729,33071,33071,0,0,1",-1],[0],0,[],[],[]],[[{"name":"The_cowmakesmilk","rect":[0,0,1073,770],"offset":[0,0],"originalSize":[1073,770],"capInsets":[0,0,0,0]}],[1],0,[0],[0],[0]],[[[0,"वह_डोनट_खा_रहा_है।",".mp3",2.037551],-1],0,0,[],[],[]],[[[0,"वे_बारिश_में_कूद_रहे_हैं।",".mp3",2.142041],-1],0,0,[],[],[]],[[{"name":"l17_shehelpmomcook","rect":[0,0,868,689],"offset":[0,0],"originalSize":[868,689],"capInsets":[0,0,0,0]}],[1],0,[0],[0],[1]],[[[0,"वह_मछली_खा_रहा_है।",".mp3",2.142041],-1],0,0,[],[],[]],[[{"name":"l8_heeatingsalad","rect":[0,0,868,689],"offset":[0,0],"originalSize":[868,689],"capInsets":[0,0,0,0]}],[1],0,[0],[0],[2]],[[[0,"वह_अपनी_माँ_की_खाना_पकाने_में_मदद_कर_रही_है",".mp3",3.744],-1],0,0,[],[],[]],[[[0,"वे_बारिश_में_फुटबॉल_खेल_रहे_हैं।",".mp3",2.821224],-1],0,0,[],[],[]],[[{"name":"l17_theyplayfootball","rect":[0,0,868,689],"offset":[0,0],"originalSize":[868,689],"capInsets":[0,0,0,0]}],[1],0,[0],[0],[3]],[[{"name":"l8_heeatingdonut","rect":[0,0,868,689],"offset":[0,0],"originalSize":[868,689],"capInsets":[0,0,0,0]}],[1],0,[0],[0],[4]],[[[0,"ट्रक_सामान_ले_जाता_है",".mp3",2.063673],-1],0,0,[],[],[]],[["0,9729,9729,33071,33071,0,0,1",-1],[0],0,[],[],[]],[[{"name":"l17_shegivingwater","rect":[0,0,868,689],"offset":[0,0],"originalSize":[868,689],"capInsets":[0,0,0,0]}],[1],0,[0],[0],[5]],[[[0,"वह_लडकों_को_रोटी_दे_रही_है।",".mp3",2.612245],-1],0,0,[],[],[]],[[[0,"कुत्ते_जोर_से_भौंकते_हैं",".mp3",2.507755],-1],0,0,[],[],[]],[["0,9729,9729,33071,33071,0,0,1",-1],[0],0,[],[],[]],[[[1,"hi1608",{"rows":[["picturemeaning","1","Description","S","वह लड़कों को रोटी दे रही है।","l17_shegivingbread.png","वह_लडकों_को_रोटी_दे_रही_है।.mp3","वह लड़कों को दूध पिला रही है।","l17_shegivingmilk.png","वह_लडकों_को_दूध_पिला_रही_है।.mp3","वह गायों को पानी दे रही है।","l17_shegivingwater.png","वह_गायों_को_पानी_दे_रही_है।.mp3"],["picturemeaning","1","Description","S","वे बारिश में स्कूल भाग रहे हैं।","l17_theyrunschool.png","वे_बारिश_में_स्कूल_भाग_रहे_हैं।.mp3","वे बारिश में फुटबॉल खेल रहे हैं।","l17_theyplayfootball.png","वे_बारिश_में_फुटबॉल_खेल_रहे_हैं।.mp3","वे बारिश में कूद रहे हैं।","l17_theyjumpingrain.png","वे_बारिश_में_कूद_रहे_हैं।.mp3"],["createsentence","1","Description","पॉल/ज़ोर से/चिल्लाता है।","","Paulscreamsloudly.jpg","पॉल_जोर_से_चिल्लाता_है.mp3"],["createsentence","1","Description","कुत्‍ते/ज़ोर से/भौंकते हैं।","","Dogsbarkloudly.jpg","कुत्ते_जोर_से_भौंकते_हैं.mp3"],["createsentence","1","Description","गाय/दूध/देती है।","","The_cowmakesmilk.jpg","गाय_दूध_देती_है.mp3"],["picturemeaning","1","Description","P","वह सलाद खा रहा है।","l8_heeatingsalad.png","वह_सलाद_खा_रहा_है।.mp3","वह डोनट खा रहा है।","l8_heeatingdonut.png","वह_डोनट_खा_रहा_है।.mp3","वह मछली खा रहा है।","l8_heeatingfish.png","वह_मछली_खा_रहा_है।.mp3"],["picturemeaning","1","Description","P","वह अपनी माँ की कपड़े सुखाने में मदद कर रही है।","l17_shehelpmomdry.png","वह_अपनी_माँ_की_कपड़े_सुखाने_में_मदद_कर_रही_है.mp3","वह अपने पिता की बक्से उठाने में मदद कर रही हैं।","l17_shehelpdadcarry.png","वह_अपने_पिता_की_बक्से_उठाने_में_मदद_कर_रही_हैं.mp3","वह अपनी माँ की खाना पकाने में मदद कर रही है।","l17_shehelpmomcook.png","वह_अपनी_माँ_की_खाना_पकाने_में_मदद_कर_रही_है.mp3"],["createsentence","1","Description","ट्रक/सामान/ले जाता है।","","The_truckcarriesthings.jpg","ट्रक_सामान_ले_जाता_है.mp3"],["quizliteracy","1","Description","sentence_sentence","दे रही है","दे गयी","दे रही है","दे दी","","वह लड़कों को रोटी __ __ _।","वह_लडकों_को_रोटी_दे_रही_है।.mp3"],["quizliteracy","1","Description","sentence_sentence","भाग रहे हैं","भागेंगे","भाग गए","भाग रहे हैं","","वे बारिश में स्कूल __ __ _।","वे_बारिश_में_स्कूल_भाग_रहे_हैं।.mp3"],["quizliteracy","1","Description","sentence_sentence","खा रहा है","खा रहा है","खाता है","खाया","","वह सलाद __ __ _।","वह_सलाद_खा_रहा_है।.mp3"]]}]],0,0,[],[],[]],[[{"name":"Dogsbarkloudly","rect":[0,0,1073,480],"offset":[0,0],"originalSize":[1073,480],"capInsets":[0,0,0,0]}],[1],0,[0],[0],[6]],[[{"name":"l17_theyjumpingrain","rect":[0,0,868,689],"offset":[0,0],"originalSize":[868,689],"capInsets":[0,0,0,0]}],[1],0,[0],[0],[7]],[[[0,"पॉल_जोर_से_चिल्लाता_है",".mp3",2.35102],-1],0,0,[],[],[]],[["0,9729,9729,33071,33071,0,0,1",-1],[0],0,[],[],[]],[[{"name":"l17_shehelpdadcarry","rect":[0,0,868,689],"offset":[0,0],"originalSize":[868,689],"capInsets":[0,0,0,0]}],[1],0,[0],[0],[8]],[[[0,"वह_गायों_को_पानी_दे_रही_है।",".mp3",2.795102],-1],0,0,[],[],[]],[["0,9729,9729,33071,33071,0,0,1",-1],[0],0,[],[],[]],[[{"name":"l8_heeatingfish","rect":[0,0,868,689],"offset":[0,0],"originalSize":[868,689],"capInsets":[0,0,0,0]}],[1],0,[0],[0],[9]],[[[0,"गाय_दूध_देती_है",".mp3",1.828571],-1],0,0,[],[],[]],[["0,9729,9729,33071,33071,0,0,1",-1],[0],0,[],[],[]],[[{"name":"l17_shehelpmomdry","rect":[0,0,868,689],"offset":[0,0],"originalSize":[868,689],"capInsets":[0,0,0,0]}],[1],0,[0],[0],[10]],[["1,9729,9729,33071,33071,0,0,1",-1],[0],0,[],[],[]],[[{"name":"l17_shegivingbread","rect":[0,0,868,689],"offset":[0,0],"originalSize":[868,689],"capInsets":[0,0,0,0]}],[1],0,[0],[0],[11]],[[[0,"वह_अपनी_माँ_को_खाना_पकने_में_मदद_कर_रही_है।",".mp3",3.970612],-1],0,0,[],[],[]],[["0,9729,9729,33071,33071,0,0,1",-1],[0],0,[],[],[]],[["0,9729,9729,33071,33071,0,0,1",-1],[0],0,[],[],[]],[["0,9729,9729,33071,33071,0,0,1",-1],[0],0,[],[],[]],[["1,9729,9729,33071,33071,0,0,1",-1],[0],0,[],[],[]],[["1,9729,9729,33071,33071,0,0,1",-1],[0],0,[],[],[]],[[[0,"वह_अपने_पिता_को_बक्से_उठाने_में_मदद_कर_रही_हैं।",".mp3",4.597551],-1],0,0,[],[],[]],[[[0,"वह_अपनी_माँ_को_कपडे_सूखने_में_मदद_कर_रही_है।",".mp3",4.388571],-1],0,0,[],[],[]],[[{"name":"l17_shegivingmilk","rect":[0,0,868,689],"offset":[0,0],"originalSize":[868,689],"capInsets":[0,0,0,0]}],[1],0,[0],[0],[12]],[[[0,"वह_सलाद_खा_रहा_है।",".mp3",2.168163],-1],0,0,[],[],[]],[[[0,"वह_अपनी_माँ_की_कपड़े_सुखाने_में_मदद_कर_रही_है",".mp3",3.768],-1],0,0,[],[],[]],[[{"name":"l17_theyrunschool","rect":[0,0,868,689],"offset":[0,0],"originalSize":[868,689],"capInsets":[0,0,0,0]}],[1],0,[0],[0],[13]],[[[0,"वह_लडकों_को_दूध_पिला_रही_है।",".mp3",2.481633],-1],0,0,[],[],[]],[[[0,"वह_अपने_पिता_की_बक्से_उठाने_में_मदद_कर_रही_हैं",".mp3",3.816],-1],0,0,[],[],[]],[[{"name":"The_truckcarriesthings","rect":[0,0,1073,1157],"offset":[0,0],"originalSize":[1073,1157],"capInsets":[0,0,0,0]}],[1],0,[0],[0],[14]],[["0,9729,9729,33071,33071,0,0,1",-1],[0],0,[],[],[]],[[{"name":"Paulscreamsloudly","rect":[0,0,1073,861],"offset":[0,0],"originalSize":[1073,861],"capInsets":[0,0,0,0]}],[1],0,[0],[0],[15]],[["1,9729,9729,33071,33071,0,0,1",-1],[0],0,[],[],[]],[["0,9729,9729,33071,33071,0,0,1",-1],[0],0,[],[],[]],[[[0,"वे_बारिश_में_स्कूल_भाग_रहे_हैं।",".mp3",2.76898],-1],0,0,[],[],[]]]]