[1,["89wX+CZ0VHVp9po/y2sQzv"],["_textureSetter"],["cc.Texture2D","cc.SpriteFrame",["cc.AudioClip",["_name","_native","duration"],0],["cc.JsonAsset",["_name","json"],1]],[[2,0,1,2,4],[3,0,1,3]],[[[[0,"न",".mp3",0.653],-1],0,0,[],[],[]],[[[0,"ृ",".mp3",1.671837],-1],0,0,[],[],[]],[[[0,"त",".mp3",0.444],-1],0,0,[],[],[]],[[[1,"hi0901",{"rows":[["phonictractor","1","Description","5","म","म.mp3","म","म.mp3"],["phonictractor","1","Description","6","चा","चा.mp3","च","च.mp3","ा","ा.mp3"],["phonictractor","1","Description","6","ठि","ठि.mp3","ठ","ठ.mp3","ि","ि.mp3"],["phonictractor","1","Description","6","ती","ती.mp3","त","त.mp3","ी","ी.mp3"],["phonictractor","1","Description","6","मु","मु.mp3","म","म.mp3","ु","ु.mp3"],["phonictractor","1","Description","6","नू","नू.mp3","न","न.mp3","ू","ू.mp3"],["phonictractor","1","Description","6","फृ","फृ.mp3","फ","फ.mp3","ृ","ृ.mp3"],["quizliteracy","1","Description","soundonly_word","म","म","ट","न","","","म.mp3"],["quizliteracy","1","Description","image_word","था","था","छा","झा","थाली.png"],["quizliteracy","1","Description","word_word","थी","थी","ती","णी","","थी"]]}]],0,0,[],[],[]],[[[0,"ठ",".mp3",0.57475],-1],0,0,[],[],[]],[[[0,"ती",".mp3",0.574694],-1],0,0,[],[],[]],[[[0,"ी",".mp3",1.828571],-1],0,0,[],[],[]],[[[0,"ठि",".mp3",0.731429],-1],0,0,[],[],[]],[[[0,"फृ",".mp3",0.705306],-1],0,0,[],[],[]],[["0,9729,9729,33071,33071,0,0,1",-1],[0],0,[],[],[]],[[[0,"म",".mp3",0.5225],-1],0,0,[],[],[]],[[[0,"ु",".mp3",1.959184],-1],0,0,[],[],[]],[[[0,"ा",".mp3",1.880816],-1],0,0,[],[],[]],[[[0,"ू",".mp3",1.38449],-1],0,0,[],[],[]],[[[0,"फ",".mp3",0.418],-1],0,0,[],[],[]],[[[0,"मु",".mp3",0.626939],-1],0,0,[],[],[]],[[[0,"चा",".mp3",0.522449],-1],0,0,[],[],[]],[[[0,"च",".mp3",0.49625],-1],0,0,[],[],[]],[[{"name":"थाली","rect":[0,0,400,333],"offset":[0,0],"originalSize":[400,333],"capInsets":[0,0,0,0]}],[1],0,[0],[0],[0]],[[[0,"नू",".mp3",0.626939],-1],0,0,[],[],[]],[[[0,"ि",".mp3",1.776327],-1],0,0,[],[],[]]]]