[1,["0dCerW18FBU4pKTw7z0PfQ","f5G4uedmtAlqW3NGj/lFTr","36W6jXtHVE3YGy+w2QhlQc","6aSbT2xgNMBIZ06kT6XLT/","c6IvHX8LpN270ANvWiV/F2","ecqfcQApFIMYUh3YRqzSA9","83w2hXfAFEo5PTvuGKt8zP","f557CXhIZB4IzVvFIXBnER"],["_textureSetter"],["cc.SpriteFrame","cc.Texture2D",["cc.AudioClip",["_name","_native","duration"],0],["cc.JsonAsset",["_name","json"],1]],[[2,0,1,2,4],[3,0,1,3]],[[[[0,"ವೀರ",".mp3",0.648],-1],0,0,[],[],[]],[[{"name":"diwali","rect":[0,0,800,548],"offset":[0,0],"originalSize":[800,548],"capInsets":[0,0,0,0]}],[0],0,[0],[0],[0]],[[{"name":"shouting","rect":[0,0,800,533],"offset":[0,0],"originalSize":[800,533],"capInsets":[0,0,0,0]}],[0],0,[0],[0],[1]],[["0,9729,9729,33071,33071,0,0,1",-1],[1],0,[],[],[]],[[{"name":"baya_weaver","rect":[0,0,800,465],"offset":[0,0],"originalSize":[800,465],"capInsets":[0,0,0,0]}],[0],0,[0],[0],[2]],[[{"name":"bag","rect":[0,0,674,800],"offset":[0,0],"originalSize":[674,800],"capInsets":[0,0,0,0]}],[0],0,[0],[0],[3]],[["0,9729,9729,33071,33071,0,0,1",-1],[1],0,[],[],[]],[[{"name":"warrior","rect":[0,0,640,800],"offset":[0,0],"originalSize":[640,800],"capInsets":[0,0,0,0]}],[0],0,[0],[0],[4]],[[[0,"ಜೀವಾ",".mp3",0.72],-1],0,0,[],[],[]],[[[0,"ದೀಪ",".mp3",0.696],-1],0,0,[],[],[]],[[[0,"ಚೀರಾಟ",".mp3",0.888],-1],0,0,[],[],[]],[[[1,"kn4004",{"rows":[["spelldoor","1","Description","ಜೀವಾ","**","0","0","life.png","ಜೀವಾ.mp3"],["spelldoor","1","Description","ದೀಪ","**","0","0","oillamp.png","ದೀಪ.mp3"],["spelldoor","1","Description","ವೀರ","**","0","0","warrior.png","ವೀರ.mp3"],["spelldoor","1","Description","ಚೀಲ","**","0","0","bag.png","ಚೀಲ.mp3"],["spelldoor","1","Description","ಗೀಜಗ","***","0","0","baya_weaver.png","ಗೀಜಗ.mp3"],["spelldoor","1","Description","ಚೀರಾಟ","***","0","0","shouting.png","ಚೀರಾಟ.mp3"],["spelldoor","1","Description","ಲೀಲಾಜಾಲ","****","0","0","magic.png","ಲೀಲಾಜಾಲ.mp3"],["spelldoor","1","Description","ದೀಪಾವಳಿ","****","0","0","diwali.png","ದೀಪಾವಳಿ.mp3"],["quizliteracy","1","Description","word_word","ಜಾಲ","ಮಣಿ","ಜಾಲ","ವತಿ","","ಲೀಲಾ____","ಲೀಲಾಜಾಲ.mp3"],["quizliteracy","1","Description","image_word","ದೀಪಾವಳಿ","ದೀಪಾವಳಿ","ಚೀರಾಟ","ಚೀಲ","diwali.png"],["quizliteracy","1","Description","soundonly_word","ಜೀವಾ","ವೀರ","ಚೀಲ","ಜೀವಾ","","","ಜೀವಾ.mp3"]]}]],0,0,[],[],[]],[["0,9729,9729,33071,33071,0,0,1",-1],[1],0,[],[],[]],[["0,9729,9729,33071,33071,0,0,1",-1],[1],0,[],[],[]],[[{"name":"magic","rect":[0,0,600,800],"offset":[0,0],"originalSize":[600,800],"capInsets":[0,0,0,0]}],[0],0,[0],[0],[5]],[[[0,"ಲೀಲಾಜಾಲ",".mp3",1.056],-1],0,0,[],[],[]],[[[0,"ಚೀಲ",".mp3",0.696],-1],0,0,[],[],[]],[[{"name":"oillamp","rect":[0,0,505,800],"offset":[0,0],"originalSize":[505,800],"capInsets":[0,0,0,0]}],[0],0,[0],[0],[6]],[["0,9729,9729,33071,33071,0,0,1",-1],[1],0,[],[],[]],[[[0,"ಗೀಜಗ",".mp3",0.816],-1],0,0,[],[],[]],[[{"name":"life","rect":[0,0,800,450],"offset":[0,0],"originalSize":[800,450],"capInsets":[0,0,0,0]}],[0],0,[0],[0],[7]],[["0,9729,9729,33071,33071,0,0,1",-1],[1],0,[],[],[]],[[[0,"ದೀಪಾವಳಿ",".mp3",0.984],-1],0,0,[],[],[]],[["0,9729,9729,33071,33071,0,0,1",-1],[1],0,[],[],[]],[["0,9729,9729,33071,33071,0,0,1",-1],[1],0,[],[],[]]]]