[1,["a5kSjwtnRMso8eqvOCPS/s","0eC0sQQbxHJ77CuwwycZ0v","baQ6DEK1tGZ4pkpXm+4of+"],["_textureSetter"],["cc.Texture2D","cc.SpriteFrame",["cc.AudioClip",["_name","_native","duration"],0],["cc.JsonAsset",["_name","json"],1],["cc.Asset",["_name"],2]],[[2,0,1,2,4],[3,0,1,3],[4,0,2]],[[["0,9729,9729,33071,33071,0,0,1",-1],[0],0,[],[],[]],[[{"name":"tapas","rect":[0,0,426,640],"offset":[0,0],"originalSize":[426,640],"capInsets":[0,0,0,0]}],[1],0,[0],[0],[0]],[[{"name":"self","rect":[0,0,640,428],"offset":[0,0],"originalSize":[640,428],"capInsets":[0,0,0,0]}],[1],0,[0],[0],[1]],[[[0,"तपः",".mp3",0.992653],-1],0,0,[],[],[]],[[[1,"mr0012",{"rows":[["balloonpop","1","Description","2","अः","3","औ,अं,अः","अः.mp3"],["phonictractor","1","Description","5","अः","अः.mp3","अः","अः.mp3"],["writeletter","1","Description","अः","स्वतः"],["writecard","1","Description","अः","स्वतः","self.png","स्वत.mp3","तपः","tapas.png","तपः.mp3","शतशः","hundreds.png","शतशः.mp3"],["quizliteracy","1","Description","soundonly_word","अः","इ","अः","ऐ","","","अः.mp3"],["quizliteracy","1","Description","word_word","अः","अः","ऐ","इ","","अः"],["quizliteracy","1","Description","soundonly_word","अः","इ","अः","ऐ","","","अः.mp3"]]}]],0,0,[],[],[]],[[[0,"स्वत",".mp3",1.123265],-1],0,0,[],[],[]],[[[0,"अः",".mp3",0.783673],-1],0,0,[],[],[]],[["0,9729,9729,33071,33071,0,0,1",-1],[0],0,[],[],[]],[[[0,"शतशः",".mp3",1.332245],-1],0,0,[],[],[]],[["0,9729,9729,33071,33071,0,0,1",-1],[0],0,[],[],[]],[[{"name":"hundreds","rect":[0,0,640,384],"offset":[0,0],"originalSize":[640,384],"capInsets":[0,0,0,0]}],[1],0,[0],[0],[2]],[[[2,"स्वत"]],0,0,[],[],[]]]]