[1,["07capQlZtGF5RES7juixKc","9dTVCpZGJJlaRDdfjKmo4G","82NvYOpxBEs6CoePIDTvWJ"],["_textureSetter"],["cc.Texture2D","cc.SpriteFrame",["cc.JsonAsset",["_name","json"],1],["cc.AudioClip",["_name","_native","duration"],0]],[[3,0,1,2,4],[2,0,1,3]],[[["0,9729,9729,33071,33071,0,0,1",-1],[0],0,[],[],[]],[[[1,"sl_en1605",{"rows":[["phonictractor","1","Description","5","ship","ship.mp3","sh","sh.mp3","i","i_phonic.mp3","p","p_phonic.mp3"],["phonictractor","1","Description","5","shirt","shirt.mp3","sh","sh.mp3","ir","ir.mp3","t","t_phonic.mp3"],["phonictractor","1","Description","5","shop","shop.mp3","sh","sh.mp3","o","o_phonic.mp3","p","p_phonic.mp3"],["phonictractor","1","Description","5","shot","shot.mp3","sh","sh.mp3","o","o_phonic.mp3","t","t_phonic.mp3"],["phonictractor","1","Description","5","show","show.mp3","sh","sh.mp3","ow","ow.mp3"],["phonictractor","1","Description","5","shut","shut.mp3","sh","sh.mp3","u","u_phonic.mp3","t","t_phonic.mp3"],["grid","1","Description","sh","e,ack,ade"],["grid","1","Description","fi,wi,da","sh"],["rocket","1","Description","shampoo","sh,a,m,p,oo","sh,a,m,p,oo","shampoo.mp3","shampoo.png","false","false"],["rocket","1","Description","shirt","a,b,c,d,e,f,g,h,i,j,k,l,m,n,o,p,q,r,s,t,u,v,w,x,y,z","s,h,i,r,t","shirt.mp3","shirt.png","true","false"],["quizliteracy","1","Description","word_word","sh","sh","wh","th","","__ip","ship.mp3"],["quizliteracy","1","Description","soundonly_word","shirt","chin","shirt","short","","","shirt.mp3"],["quizliteracy","1","Description","soundonly_image","shampoo.png","shirt.png","shampoo.png","window.png","","","shampoo.mp3"],["quizliteracy","1","Description","soundonly_word","shut","gosh","shop","shut","","","shut.mp3"],["quizliteracy","1","Description","word_word","sh","th","wh","sh","","__ow","show.mp3"]]}]],0,0,[],[],[]],[[[0,"shot",".mp3",0.757551],-1],0,0,[],[],[]],[[[0,"sh",".mp3",0.809796],-1],0,0,[],[],[]],[[[0,"shut",".mp3",0.757551],-1],0,0,[],[],[]],[[[0,"ow",".mp3",0.626939],-1],0,0,[],[],[]],[[{"name":"shampoo","rect":[166,14,270,581],"offset":[1,-4.5],"originalSize":[600,600],"capInsets":[0,0,0,0]}],[1],0,[0],[0],[0]],[[[0,"show",".mp3",0.731429],-1],0,0,[],[],[]],[["0,9729,9729,33071,33071,0,0,1",-1],[0],0,[],[],[]],[[{"name":"shirt","rect":[0,0,785,667],"offset":[0,0],"originalSize":[785,667],"capInsets":[0,0,0,0]}],[1],0,[0],[0],[1]],[[{"name":"window","rect":[10,3,287,251],"offset":[0,-0.5],"originalSize":[307,256],"capInsets":[0,0,0,0]}],[1],0,[0],[0],[2]],[["0,9729,9729,33071,33071,0,0,1",-1],[0],0,[],[],[]],[[[0,"she",".mp3",0.653061],-1],0,0,[],[],[]],[[[0,"fish",".mp3",0.940408],-1],0,0,[],[],[]],[[[0,"shop",".mp3",0.653061],-1],0,0,[],[],[]],[[[0,"shirt",".mp3",0.757551],-1],0,0,[],[],[]],[[[0,"ship",".mp3",0.626939],-1],0,0,[],[],[]],[[[0,"shampoo",".mp3",0.914286],-1],0,0,[],[],[]]]]