[1,["5axAX3CCdMIIvvfpWuYux1","eezGP3FoVB65nLASs1FjWU","d2k4M34gpBx4xD9KhKt5i7","8fVDkgWS5FDI9KW0S28O1B","9anMvdKJVNdL22aeMPAaVd","c4j+rir9xKjbtB+k1Co8FR","8cwoo1uNBAYZRoBOn9nghk","69EhjyZdBIvoYZ3I9iwfz+","c0wKC5hItPr6Zy2RfVe5g9"],["_textureSetter"],["cc.SpriteFrame","cc.Texture2D",["cc.JsonAsset",["_name","json"],1],["cc.AudioClip",["_name","_native","duration"],0]],[[3,0,1,2,4],[2,0,1,3]],[[[[1,"sl_en_g2_PreQuiz",{"rows":[["quizliteracy","1","Description","image_word","head","head","feet","lips","head.png"],["quizliteracy","1","Description","image_sentence","He can drive.","He can drive.","She can drive.","He can draw.","l7_hecandrive.png","","hecandrive.mp3"],["quizliteracy","1","Description","image_word","eight","eight","three","two","eight.png"],["quizliteracy","1","Description","sentence_sentence","nose","fingers","ear","nose","","I smell with my _____.","I_smell_with_my_nose.mp3"],["quizliteracy","1","Description","image_sentence","This shirt is dirty.","This shirt is dirty.","These boots are clean.","These boots are dirty.","l5_shirtdirty.png","","This_shirt_is_dirty.mp3"],["quizliteracy","1","Description","image_word","fifty","sixty","fifty","ninety","fifty.png"],["quizliteracy","1","Description","sentence_sentence","mouth","eyes","mouth","head","","I eat with my  _____.","I_eat_with_my_mouth.mp3"],["quizliteracy","1","Description","sentence_sentence","January","January","December","April","","_______ is the first month of the year.","January_is_the_first_month_of_the_year.mp3"],["quizliteracy","1","Description","sentence_sentence","An","The","A","An","","It is ___ ant.","It_is_an_ant.mp3"],["quizliteracy","1","Description","sentence_sentence","small","small","big","short","","It is _____.","It_is_small.mp3"],["quizliteracy","1","Description","sentence_sentence","teeth","teeth","nails","hair","","I bite with my _____.","I_bite_with_my_teeth.mp3"],["quizliteracy","1","Description","image_sentence","The ball is under the desk.","The ball is on the desk.","The ball is in the desk.","The ball is under the desk.","l10_ballunderdesk.png","","The_ball_is_under_the_desk.mp3"],["quizliteracy","1","Description","sentence_sentence","Satuday","Thursday","Sunday","Satuday","","________ comes before Sunday.","Saturday_comes_before_Sunday.mp3"],["quizliteracy","1","Description","sentence_sentence","orange","orange","blue","yellow","","The balls are ______.","The_balls_are_orange.mp3"],["quizliteracy","1","Description","image_sentence","A green leaf.","A green leaf.","An orange carrot.","The white snow.","leaf.png","","A_green_leaf.mp3"],["quizliteracy","1","Description","image_sentence","The man is the oldest of the three.","The cow is the biggest of the three.","The man is the oldest of the three.","The woman is cooking in the kitchen.","l13_oldmanbtwboys.png","","The_man_is_the_oldest_of_the_three.mp3"],["quizliteracy","1","Description","soundonly_sentence","She walks.","She walks.","He runs.","She eats.","","","She_walks.mp3"],["quizliteracy","1","Description","sentence_sentence","Mary eats many apples.","Mary eats many apples.","Mary many apples eats.","Mary eating many apples.","","choose the right one","choosetherightone.mp3"]]}]],0,0,[],[],[]],[[{"name":"l13_oldmanbtwboys","rect":[0,0,868,689],"offset":[0,0],"originalSize":[868,689],"capInsets":[0,0,0,0]}],[0],0,[0],[0],[0]],[[[0,"She_walks",".mp3",0.992653],-1],0,0,[],[],[]],[[[0,"A_green_leaf",".mp3",1.880816],-1],0,0,[],[],[]],[[{"name":"leaf","rect":[0,0,740,740],"offset":[0,0],"originalSize":[740,740],"capInsets":[0,0,0,0]}],[0],0,[0],[0],[1]],[[{"name":"I_bite_with_my_teeth","rect":[0,0,512,270],"offset":[0,0],"originalSize":[512,270],"capInsets":[0,0,0,0]}],[0],0,[0],[0],[2]],[["0,9729,9729,33071,33071,0,0,1",-1],[1],0,[],[],[]],[[[0,"The_balls_are_orange",".mp3",1.515102],-1],0,0,[],[],[]],[[[0,"January_is_the_first_month_of_the_year",".mp3",3.213061],-1],0,0,[],[],[]],[["0,9729,9729,33071,33071,0,0,1",-1],[1],0,[],[],[]],[[{"name":"head","rect":[0,0,512,366],"offset":[0,0],"originalSize":[512,366],"capInsets":[0,0,0,0]}],[0],0,[0],[0],[3]],[[{"name":"l5_shirtdirty","rect":[0,0,868,689],"offset":[0,0],"originalSize":[868,689],"capInsets":[0,0,0,0]}],[0],0,[0],[0],[4]],[[[0,"I_eat_with_my_mouth",".mp3",1.880816],-1],0,0,[],[],[]],[[[0,"The_ball_is_under_the_desk",".mp3",2.063673],-1],0,0,[],[],[]],[[{"name":"l7_hecandrive","rect":[0,0,868,689],"offset":[0,0],"originalSize":[868,689],"capInsets":[0,0,0,0]}],[0],0,[0],[0],[5]],[[[0,"Saturday_comes_before_Sunday",".mp3",2.76898],-1],0,0,[],[],[]],[["0,9729,9729,33071,33071,0,0,1",-1],[1],0,[],[],[]],[[[0,"hecandrive",".mp3",1.358367],-1],0,0,[],[],[]],[["0,9729,9729,33071,33071,0,0,1",-1],[1],0,[],[],[]],[[{"name":"l10_ballunderdesk","rect":[0,0,868,689],"offset":[0,0],"originalSize":[868,689],"capInsets":[0,0,0,0]}],[0],0,[0],[0],[6]],[[[0,"It_is_an_ant",".mp3",1.227755],-1],0,0,[],[],[]],[["0,9729,9729,33071,33071,0,0,1",-1],[1],0,[],[],[]],[[[0,"The_man_is_the_oldest_of_the_three",".mp3",2.194286],-1],0,0,[],[],[]],[[[0,"I_bite_with_my_teeth",".mp3",1.750204],-1],0,0,[],[],[]],[[[0,"choosetherightone",".mp3",1.38449],-1],0,0,[],[],[]],[[{"name":"eight","rect":[0,0,512,503],"offset":[0,0],"originalSize":[512,503],"capInsets":[0,0,0,0]}],[0],0,[0],[0],[7]],[[{"name":"fifty","rect":[0,0,512,503],"offset":[0,0],"originalSize":[512,503],"capInsets":[0,0,0,0]}],[0],0,[0],[0],[8]],[["0,9729,9729,33071,33071,0,0,1",-1],[1],0,[],[],[]],[["0,9729,9729,33071,33071,0,0,1",-1],[1],0,[],[],[]],[["0,9729,9729,33071,33071,0,0,1",-1],[1],0,[],[],[]],[[[0,"I_smell_with_my_nose",".mp3",2.168163],-1],0,0,[],[],[]],[[[0,"This_shirt_is_dirty",".mp3",1.802449],-1],0,0,[],[],[]],[["0,9729,9729,33071,33071,0,0,1",-1],[1],0,[],[],[]],[[[0,"It_is_small",".mp3",1.097143],-1],0,0,[],[],[]]]]