[1,["fb3EYQybxGHbJUuEidBzSW","28z+uZGLBCmo8v8e+yEXx/","32cfz8XJRJs6SM+BlVGvIQ","51pbbayDZG5Y0UAjlEEbiW","bakgROLR5P0bMQiiLZZShT","cbcthEgxhP1Z4114fAkTXH","80z91UGHVCV7QzZXPjyi7h","76JK1OWxZCjK7fkxikuNtJ","55Tjp5+apDzbV70COkSRFV","80ybNkXXFB3LEfowf8AEJj","b4m8aCTvNPIL2l146bq4OM","25OocvNFdNT7YbC6w47g+n","efCj+TU7xNz7mhybQa/hlt","f8jo1pA4ROCZQe80wSwJxk","0aqckwAdBL2oHQt6Jjwl+y","8dRqMNF0dG6pL5r48qjjDp","5aQKU5ssRH24CJ0tBTa8m+","86/OZv6O5AUoZGB4HhFWAO"],["_textureSetter"],["cc.SpriteFrame","cc.Texture2D",["cc.AudioClip",["_name","_native","duration"],0],["cc.JsonAsset",["_name","json"],1]],[[2,0,1,2,4],[3,0,1,3]],[[[{"name":"bigdrum","rect":[0,0,800,599],"offset":[0,0],"originalSize":[800,599],"capInsets":[0,0,0,0]}],[0],0,[0],[0],[0]],[[{"name":"onion_layer","rect":[0,0,800,533],"offset":[0,0],"originalSize":[800,533],"capInsets":[0,0,0,0]}],[0],0,[0],[0],[1]],[["0,9729,9729,33071,33071,0,0,1",-1],[1],0,[],[],[]],[[[0,"ಪದರ",".mp3",0.696],-1],0,0,[],[],[]],[[[0,"ನಟನ",".mp3",0.696],-1],0,0,[],[],[]],[[{"name":"yama","rect":[0,0,560,800],"offset":[0,0],"originalSize":[560,800],"capInsets":[0,0,0,0]}],[0],0,[0],[0],[2]],[["0,9729,9729,33071,33071,0,0,1",-1],[1],0,[],[],[]],[["0,9729,9729,33071,33071,0,0,1",-1],[1],0,[],[],[]],[[[0,"ಡಬಡಬ",".mp3",0.84],-1],0,0,[],[],[]],[[[0,"ಪಟ",".mp3",0.6],-1],0,0,[],[],[]],[[[0,"ಯಮ",".mp3",0.6],-1],0,0,[],[],[]],[[[0,"ಉಡ",".mp3",0.984],-1],0,0,[],[],[]],[[[0,"ಪದ",".mp3",0.6],-1],0,0,[],[],[]],[["0,9729,9729,33071,33071,0,0,1",-1],[1],0,[],[],[]],[[[0,"ನಟ",".mp3",0.624],-1],0,0,[],[],[]],[[{"name":"heart","rect":[0,0,800,590],"offset":[0,0],"originalSize":[800,590],"capInsets":[0,0,0,0]}],[0],0,[0],[0],[3]],[[[0,"ಚರ",".mp3",0.624],-1],0,0,[],[],[]],[["0,9729,9729,33071,33071,0,0,1",-1],[1],0,[],[],[]],[["0,9729,9729,33071,33071,0,0,1",-1],[1],0,[],[],[]],[[[0,"ಡವ ಡವ",".mp3",0.864],-1],0,0,[],[],[]],[["0,9729,9729,33071,33071,0,0,1",-1],[1],0,[],[],[]],[[{"name":"actor","rect":[0,0,532,800],"offset":[0,0],"originalSize":[532,800],"capInsets":[0,0,0,0]}],[0],0,[0],[0],[4]],[[[0,"ನಯನ",".mp3",0.696],-1],0,0,[],[],[]],[[{"name":"dropsfalling","rect":[0,0,800,533],"offset":[0,0],"originalSize":[800,533],"capInsets":[0,0,0,0]}],[0],0,[0],[0],[5]],[["0,9729,9729,33071,33071,0,0,1",-1],[1],0,[],[],[]],[["0,9729,9729,33071,33071,0,0,1",-1],[1],0,[],[],[]],[["0,9729,9729,33071,33071,0,0,1",-1],[1],0,[],[],[]],[["0,9729,9729,33071,33071,0,0,1",-1],[1],0,[],[],[]],[[[0,"ಉರಗ",".mp3",1.152],-1],0,0,[],[],[]],[["0,9729,9729,33071,33071,0,0,1",-1],[1],0,[],[],[]],[[[0,"ಉದಯ",".mp3",1.056],-1],0,0,[],[],[]],[[[0,"ಚದರ",".mp3",0.744],-1],0,0,[],[],[]],[[{"name":"acting","rect":[0,0,800,533],"offset":[0,0],"originalSize":[800,533],"capInsets":[0,0,0,0]}],[0],0,[0],[0],[6]],[["0,9729,9729,33071,33071,0,0,1",-1],[1],0,[],[],[]],[["0,9729,9729,33071,33071,0,0,1",-1],[1],0,[],[],[]],[[{"name":"sunrise","rect":[0,0,640,800],"offset":[0,0],"originalSize":[640,800],"capInsets":[0,0,0,0]}],[0],0,[0],[0],[7]],[[{"name":"snake","rect":[0,0,800,535],"offset":[0,0],"originalSize":[800,535],"capInsets":[0,0,0,0]}],[0],0,[0],[0],[8]],[[[1,"kn0202",{"rows":[["writecard","1","Description","ಪ","ಪಟ","kite.png","ಪಟ.mp3","ಪದ","word.png","ಪದ.mp3","ಪದರ","onion_layer.png","ಪದರ.mp3"],["writecard","1","Description","ಯ","ಯಮ","yama.png","ಯಮ.mp3","ಉದಯ","sunrise.png","ಉದಯ.mp3","ನಯನ","eye.png","ನಯನ.mp3"],["writecard","1","Description","ಉ","ಉಡ","monitorlizard.png","ಉಡ.mp3","ಉರಗ","snake.png","ಉರಗ.mp3","ಉರ","heart.png","ಉರ.mp3"],["writecard","1","Description","ಡ","ಡಮಡಮ","damru.png","ಡಮಡಮ.mp3","ಡಬಡಬ","bigdrum.png","ಡಬಡಬ.mp3","ಡವ ಡವ","heartbeats.png","ಡವ ಡವ.mp3"],["writecard","1","Description","ಟ","ನಟ","actor.png","ನಟ.mp3","ನಟನ","acting.png","ನಟನ.mp3","ಟಪಟಪ","dropsfalling.png","ಟಪಟಪ.mp3"],["writecard","1","Description","ಚ","ಚಮಚ","spoon.png","ಚಮಚ.mp3","ಚರ","moving.png","ಚರ.mp3","ಚದರ","100sqfeet.png","ಚದರ.mp3"],["quizliteracy","1","Description","soundonly_image","kite.png","actor.png","kite.png","spoon.png","","","ಪಟ.mp3"],["quizliteracy","1","Description","soundonly_image","actor.png","kite.png","spoon.png","actor.png","","","ನಟ.mp3"],["quizliteracy","1","Description","soundonly_image","spoon.png","spoon.png","actor.png","kite.png","","","ಚಮಚ.mp3"]]}]],0,0,[],[],[]],[[{"name":"spoon","rect":[0,0,533,800],"offset":[0,0],"originalSize":[533,800],"capInsets":[0,0,0,0]}],[0],0,[0],[0],[9]],[["0,9729,9729,33071,33071,0,0,1",-1],[1],0,[],[],[]],[[{"name":"word","rect":[0,0,800,630],"offset":[0,0],"originalSize":[800,630],"capInsets":[0,0,0,0]}],[0],0,[0],[0],[10]],[[{"name":"100sqfeet","rect":[0,0,800,732],"offset":[0,0],"originalSize":[800,732],"capInsets":[0,0,0,0]}],[0],0,[0],[0],[11]],[[[0,"ಚಮಚ",".mp3",0.792],-1],0,0,[],[],[]],[[[0,"ಡಮಡಮ",".mp3",0.84],-1],0,0,[],[],[]],[[[0,"ಉರ",".mp3",1.032],-1],0,0,[],[],[]],[[{"name":"moving","rect":[0,0,800,500],"offset":[0,0],"originalSize":[800,500],"capInsets":[0,0,0,0]}],[0],0,[0],[0],[12]],[[{"name":"monitorlizard","rect":[0,0,800,565],"offset":[0,0],"originalSize":[800,565],"capInsets":[0,0,0,0]}],[0],0,[0],[0],[13]],[[{"name":"damru","rect":[0,0,800,533],"offset":[0,0],"originalSize":[800,533],"capInsets":[0,0,0,0]}],[0],0,[0],[0],[14]],[[{"name":"kite","rect":[0,0,800,599],"offset":[0,0],"originalSize":[800,599],"capInsets":[0,0,0,0]}],[0],0,[0],[0],[15]],[[{"name":"eye","rect":[0,20,713,551],"offset":[-43.5,-10],"originalSize":[800,571],"capInsets":[0,0,0,0]}],[0],0,[0],[0],[16]],[["0,9729,9729,33071,33071,0,0,1",-1],[1],0,[],[],[]],[[[0,"ಟಪಟಪ",".mp3",0.864],-1],0,0,[],[],[]],[[{"name":"heartbeats","rect":[0,0,800,600],"offset":[0,0],"originalSize":[800,600],"capInsets":[0,0,0,0]}],[0],0,[0],[0],[17]],[["0,9729,9729,33071,33071,0,0,1",-1],[1],0,[],[],[]],[["0,9729,9729,33071,33071,0,0,1",-1],[1],0,[],[],[]]]]