[1,["81kL5EBppLZK9mkyyTkHHK","70ik7t1nBHP5Htv8I3hEkq","322IUAlJlONIEXtM8Enh3B","99RtVnSbRFf4pDuRtKYxeu","8fLCTjArZGFLeVhf0glaib","69SAxuSatHBoXkT7hxV9xx","b302+6+bZDN726viCcAFEP","d7afkDM5ZOTaTQSkzp4Yu2","b0fvrB2bVNYZwikg9grA1B","a9G7aaEPtKn5kdmpQX0U5/"],["_textureSetter"],["cc.SpriteFrame","cc.Texture2D",["cc.AudioClip",["_name","_native","duration"],0],["cc.JsonAsset",["_name","json"],1]],[[2,0,1,2,4],[3,0,1,3]],[[[[0,"eyes",".mp3",0.835918],-1],0,0,[],[],[]],[[[1,"sl_en2403",{"rows":[["openwindow","1","Description","LEGIT","fingers","fingers.png","eyes.png","fingers.mp3","abcdefghijklmnopqrstuvwxyz"],["openwindow","1","Description","LEGIT","toes","toes.png","ears.png","toes.mp3","abcdefghijklmnopqrstuvwxyz"],["openwindow","1","Description","LEGIT","hair","hair.png","nose.png","hair.mp3","abcdefghijklmnopqrstuvwxyz"],["openwindow","1","Description","LEGIT","eyes","eyes.png","cheeks.png","eyes.mp3","abcdefghijklmnopqrstuvwxyz"],["openwindow","1","Description","LEGIT","nose","nose.png","chin.png","nose.mp3","abcdefghijklmnopqrstuvwxyz"],["openwindow","1","Description","LEGIT","cheeks","cheeks.png","ankle.png","cheeks.mp3","abcdefghijklmnopqrstuvwxyz"],["openwindow","1","Description","LEGIT","chin","chin.png","fingers.png","chin.mp3","abcdefghijklmnopqrstuvwxyz"],["openwindow","1","Description","LEGIT","ears","ears.png","toes.png","ears.mp3","abcdefghijklmnopqrstuvwxyz"],["openwindow","1","Description","LEGIT","ankle","ankle.png","hair.png","ankle.mp3","abcdefghijklmnopqrstuvwxyz"],["quizliteracy","1","Description","soundonly_image","hair.png","chin.png","hair.png","fingers.png","","","hair.mp3"],["quizliteracy","1","Description","soundonly_image","cheeks.png","ankle.png","hands.png","cheeks.png","","","cheeks.mp3"],["quizliteracy","1","Description","soundonly_image","ears.png","ears.png","ankle.png","chin.png","","","ears.mp3"]]}]],0,0,[],[],[]],[[{"name":"hands","rect":[0,0,737,707],"offset":[0,0],"originalSize":[737,707],"capInsets":[0,0,0,0]}],[0],0,[0],[0],[0]],[[[0,"toes",".mp3",1.044898],-1],0,0,[],[],[]],[[{"name":"cheeks","rect":[19,13,336,353],"offset":[-69,-6.5],"originalSize":[512,366],"capInsets":[0,0,0,0]}],[0],0,[0],[0],[1]],[["0,9729,9729,33071,33071,0,0,1",-1],[1],0,[],[],[]],[[{"name":"hair","rect":[0,0,512,512],"offset":[0,0],"originalSize":[512,512],"capInsets":[0,0,0,0]}],[0],0,[0],[0],[2]],[[{"name":"chin","rect":[19,13,305,353],"offset":[-84.5,-6.5],"originalSize":[512,366],"capInsets":[0,0,0,0]}],[0],0,[0],[0],[3]],[[[0,"cheeks",".mp3",1.018776],-1],0,0,[],[],[]],[[{"name":"ears","rect":[0,0,786,879],"offset":[0,0],"originalSize":[786,879],"capInsets":[0,0,0,0]}],[0],0,[0],[0],[4]],[[[0,"fingers",".mp3",0.835918],-1],0,0,[],[],[]],[[[0,"nose",".mp3",0.809796],-1],0,0,[],[],[]],[[[0,"ears",".mp3",0.888163],-1],0,0,[],[],[]],[["0,9729,9729,33071,33071,0,0,1",-1],[1],0,[],[],[]],[[{"name":"toes","rect":[0,0,512,329],"offset":[0,0],"originalSize":[512,329],"capInsets":[0,0,0,0]}],[0],0,[0],[0],[5]],[["0,9729,9729,33071,33071,0,0,1",-1],[1],0,[],[],[]],[["0,9729,9729,33071,33071,0,0,1",-1],[1],0,[],[],[]],[["0,9729,9729,33071,33071,0,0,1",-1],[1],0,[],[],[]],[[[0,"chin",".mp3",0.653061],-1],0,0,[],[],[]],[["0,9729,9729,33071,33071,0,0,1",-1],[1],0,[],[],[]],[["0,9729,9729,33071,33071,0,0,1",-1],[1],0,[],[],[]],[[[0,"ankle",".mp3",0.966531],-1],0,0,[],[],[]],[[{"name":"fingers","rect":[0,0,512,368],"offset":[0,0],"originalSize":[512,368],"capInsets":[0,0,0,0]}],[0],0,[0],[0],[6]],[["0,9729,9729,33071,33071,0,0,1",-1],[1],0,[],[],[]],[["0,9729,9729,33071,33071,0,0,1",-1],[1],0,[],[],[]],[[{"name":"ankle","rect":[0,0,512,512],"offset":[0,0],"originalSize":[512,512],"capInsets":[0,0,0,0]}],[0],0,[0],[0],[7]],[["0,9729,9729,33071,33071,0,0,1",-1],[1],0,[],[],[]],[[{"name":"eyes","rect":[0,13,458,353],"offset":[-27,-6.5],"originalSize":[512,366],"capInsets":[0,0,0,0]}],[0],0,[0],[0],[8]],[[[0,"hair",".mp3",0.653061],-1],0,0,[],[],[]],[[{"name":"nose","rect":[0,13,478,353],"offset":[-17,-6.5],"originalSize":[512,366],"capInsets":[0,0,0,0]}],[0],0,[0],[0],[9]]]]