[1,["b3RLMLVNtK6YEluL0zcNhS","fa0V3SSQ9K0p+959FVmORG","74sR9gqF5CyqRMulBKws1F","69u0+PSr9GRZIx+TnLR9LQ","d34sbUMw5I3r3IA6OI5JUr","31n/TMCsJBTJdBZt16kW9K","98YNLE7GxFrJQvVpNQVGUq","b6myfTOApOX5Ko8/X6eNBQ","e2s55UAOxA3Y10AGb1iTMT","50C1q4SupDVLVy744DxqIx","0ap+3WgZdEkYu3u3mEm1Vg","472iPsQcpGDrp7aYAH3sQ1"],["_textureSetter"],["cc.Texture2D","cc.SpriteFrame",["cc.AudioClip",["_name","_native","duration"],0],["cc.JsonAsset",["_name","json"],1]],[[2,0,1,2,4],[3,0,1,3]],[[[[0,"4 O'clock",".mp3",1.392],-1],0,0,[],[],[]],[[[0,"10 O'clock",".mp3",1.344],-1],0,0,[],[],[]],[["0,9729,9729,33071,33071,0,0,1",-1],[0],0,[],[],[]],[[{"name":"10oclock","rect":[0,0,225,225],"offset":[0,0],"originalSize":[225,225],"capInsets":[0,0,0,0]}],[1],0,[0],[0],[0]],[[[0,"7 O'clock",".mp3",1.536],-1],0,0,[],[],[]],[[[0,"11 O'clock",".mp3",1.536],-1],0,0,[],[],[]],[[{"name":"5oclock","rect":[34,34,536,536],"offset":[2,-2],"originalSize":[600,600],"capInsets":[0,0,0,0]}],[1],0,[0],[0],[1]],[[{"name":"8oclock","rect":[0,0,225,225],"offset":[0,0],"originalSize":[225,225],"capInsets":[0,0,0,0]}],[1],0,[0],[0],[2]],[["0,9729,9729,33071,33071,0,0,1",-1],[0],0,[],[],[]],[[[0,"5 O' clock",".mp3",1.848],-1],0,0,[],[],[]],[[[1,"en3402",{"rows":[["picturemeaning","1","Description","S","10 O'clock","10oclock.png","10 O'clock.mp3","2 O'clock","2oclock.png","2 O'clock.mp3","7 O'clock","7oclock.png","7 O'clock.mp3"],["picturemeaning","1","Description","P","5 O' clock","5oclock.png","5 O' clock.mp3","8 O'clock","8oclock.png","8 O'clock.mp3","11 O'clock","11oclock.png","11 O'clock.mp3"],["picturemeaning","1","Description","P","3 O' clock","3oclcok.png","3 O' clock.mp3","1 O'clock","1oclcok.png","1 O'clock.mp3","9 O'clock","9oclock.png","9 O'clock.mp3"],["picturemeaning","1","Description","P","2 O'clock","2oclock.png","2 O'clock.mp3","11 O'clock","11oclock.png","11 O'clock.mp3","4 O'clock","4oclock.png","4 O'clock.mp3"],["picturemeaning","1","Description","P","12 O'clock","12oclock.png","12 O'clock.mp3","3 O' clock","3oclcok.png","3 O' clock.mp3","7 O'clock","7oclock.png","7 O'clock.mp3"],["picturemeaning","1","Description","P","6 O' clock","6oclock.png","6 O' clock.mp3","9 O'clock","9oclock.png","9 O'clock.mp3","1 O'clock","1oclcok.png","1 O'clock.mp3"],["quizliteracy","1","Description","image_word","2 O'clock","10 O'clock","1 O'clock","2 O'clock","2oclock.png"],["quizliteracy","1","Description","image_word","11 O'clock","11 O'clock","10 O'clock","9 O'clock","11oclock.png"],["quizliteracy","1","Description","image_word","4 O'clock","1 O'clock","4 O'clock","10 O'clock","4oclock.png"]]}]],0,0,[],[],[]],[[[0,"2 O'clock",".mp3",1.32],-1],0,0,[],[],[]],[[[0,"12 O'clock",".mp3",1.464],-1],0,0,[],[],[]],[["0,9729,9729,33071,33071,0,0,1",-1],[0],0,[],[],[]],[["0,9729,9729,33071,33071,0,0,1",-1],[0],0,[],[],[]],[[{"name":"3oclcok","rect":[0,0,222,227],"offset":[0,0],"originalSize":[222,227],"capInsets":[0,0,0,0]}],[1],0,[0],[0],[3]],[[[0,"1 O'clock",".mp3",1.368],-1],0,0,[],[],[]],[["0,9729,9729,33071,33071,0,0,1",-1],[0],0,[],[],[]],[["0,9729,9729,33071,33071,0,0,1",-1],[0],0,[],[],[]],[[{"name":"12oclock","rect":[0,0,225,225],"offset":[0,0],"originalSize":[225,225],"capInsets":[0,0,0,0]}],[1],0,[0],[0],[4]],[[{"name":"1oclcok","rect":[0,0,400,400],"offset":[0,0],"originalSize":[400,400],"capInsets":[0,0,0,0]}],[1],0,[0],[0],[5]],[[{"name":"2oclock","rect":[1,5,598,595],"offset":[0,-2.5],"originalSize":[600,600],"capInsets":[0,0,0,0]}],[1],0,[0],[0],[6]],[["0,9729,9729,33071,33071,0,0,1",-1],[0],0,[],[],[]],[[{"name":"6oclock","rect":[0,0,225,225],"offset":[0,0],"originalSize":[225,225],"capInsets":[0,0,0,0]}],[1],0,[0],[0],[7]],[["0,9729,9729,33071,33071,0,0,1",-1],[0],0,[],[],[]],[["0,9729,9729,33071,33071,0,0,1",-1],[0],0,[],[],[]],[[{"name":"7oclock","rect":[1,5,598,595],"offset":[0,-2.5],"originalSize":[600,600],"capInsets":[0,0,0,0]}],[1],0,[0],[0],[8]],[["0,9729,9729,33071,33071,0,0,1",-1],[0],0,[],[],[]],[["0,9729,9729,33071,33071,0,0,1",-1],[0],0,[],[],[]],[[{"name":"11oclock","rect":[1,5,598,595],"offset":[0,-2.5],"originalSize":[600,600],"capInsets":[0,0,0,0]}],[1],0,[0],[0],[9]],[[{"name":"4oclock","rect":[0,0,400,400],"offset":[0,0],"originalSize":[400,400],"capInsets":[0,0,0,0]}],[1],0,[0],[0],[10]],[[[0,"8 O'clock",".mp3",1.344],-1],0,0,[],[],[]],[[[0,"6 O' clock",".mp3",1.824],-1],0,0,[],[],[]],[[[0,"9 O'clock",".mp3",1.44],-1],0,0,[],[],[]],[[[0,"3 O' clock",".mp3",1.728],-1],0,0,[],[],[]],[["0,9729,9729,33071,33071,0,0,1",-1],[0],0,[],[],[]],[[{"name":"9oclock","rect":[0,0,225,225],"offset":[0,0],"originalSize":[225,225],"capInsets":[0,0,0,0]}],[1],0,[0],[0],[11]]]]