[1,["f5af+8Z2NLCJ9/HvAnOwL9","f0jgYposRIrat6fdRYCvgg","5dyCy5G95EsLTCye1geDzW","0eEepcdY1Jl4ptYeVesXHJ","f7ChGKIbZMGoHPzRnb+res","f59Fyp7C5Fupwppy7Esqc7","d6ESpXDJNK+LCkjUtxjDqp","4a6VE2K7lFY4ir4cBLQTXN","00RCLdVdZBermXExvj15xH","b2OTd45bBCBbzNe2RCADB/","66tdY7g6ZAuIHj3EXpoZKt","67MhszRghBf5LV54+npQWE","4drtqFaVlANZRp6cEvRdUZ","32gWShPBZC/rGWlg6LKl5N","3f9o3XdhpBnpgvwJ2xWZsr","25PBZ+M5lI+6rfPnP2mMV/","01yBFjetdNprOW5l2Uauvi"],["_textureSetter"],["cc.Texture2D","cc.SpriteFrame",["cc.AudioClip",["_name","_native","duration"],0],["cc.JsonAsset",["_name","json"],1]],[[2,0,1,2,4],[3,0,1,3]],[[["0,9729,9729,33071,33071,0,0,1",-1],[0],0,[],[],[]],[["0,9729,9729,33071,33071,0,0,1",-1],[0],0,[],[],[]],[[{"name":"daughter","rect":[0,0,800,533],"offset":[0,0],"originalSize":[800,533],"capInsets":[0,0,0,0]}],[1],0,[0],[0],[0]],[["0,9729,9729,33071,33071,0,0,1",-1],[0],0,[],[],[]],[[{"name":"rainbow","rect":[0,0,800,532],"offset":[0,0],"originalSize":[800,532],"capInsets":[0,0,0,0]}],[1],0,[0],[0],[1]],[[{"name":"gun","rect":[0,0,800,532],"offset":[0,0],"originalSize":[800,532],"capInsets":[0,0,0,0]}],[1],0,[0],[0],[2]],[["0,9729,9729,33071,33071,0,0,1",-1],[0],0,[],[],[]],[["0,9729,9729,33071,33071,0,0,1",-1],[0],0,[],[],[]],[[[0,"ಮೂಷಿಕ",".mp3",0.84],-1],0,0,[],[],[]],[[{"name":"lightrays","rect":[0,0,533,800],"offset":[0,0],"originalSize":[533,800],"capInsets":[0,0,0,0]}],[1],0,[0],[0],[3]],[["0,9729,9729,33071,33071,0,0,1",-1],[0],0,[],[],[]],[[{"name":"shahanyi","rect":[0,0,800,600],"offset":[0,0],"originalSize":[800,600],"capInsets":[0,0,0,0]}],[1],0,[0],[0],[4]],[[[0,"ಹಯ",".mp3",0.624],-1],0,0,[],[],[]],[["0,9729,9729,33071,33071,0,0,1",-1],[0],0,[],[],[]],[["0,9729,9729,33071,33071,0,0,1",-1],[0],0,[],[],[]],[[{"name":"horse","rect":[0,0,527,800],"offset":[0,0],"originalSize":[527,800],"capInsets":[0,0,0,0]}],[1],0,[0],[0],[5]],[[[1,"kn0503",{"rows":[["openwindow","1","Description","LEGIT","ಓ,ಟ","running.png","sitting.png","ಓಟ.mp3","ಓ,ಟ"],["openwindow","1","Description","LEGIT","ಓ,ಲ,ಗ","shahanyi.png","drum.png","ಓಲಗ.mp3","ಓ,ಲ,ಗ"],["openwindow","1","Description","LEGIT","ಹ,ಯ","horse.png","tiger.png","ಹಯ.mp3","ಹ,ಯ"],["openwindow","1","Description","LEGIT","ಮೂ,ಷಿ,ಕ","mouse.png","daughter.png","ಮೂಷಿಕ.mp3","ಮೂ,ಷಿ,ಕ"],["openwindow","1","Description","LEGIT","ಉ,ಷ","lightrays.png","river.png","ಉಷ.mp3","ಉ,ಷ"],["openwindow","1","Description","LEGIT","ಔ,ಷ,ದ","medicine.png","water.png","ಔಷದ.mp3","ಔ,ಷ,ದ"],["openwindow","1","Description","LEGIT","ಹ,ವ,ಳ","coral.png","cat.png","ಹವಳ.mp3","ಹ,ವ,ಳ"],["openwindow","1","Description","LEGIT","ಶ,ರ","arrow.png","gun.png","ಶರ.mp3","ಶ,ರ"],["openwindow","1","Description","LEGIT","ಉ,ಷ","lightrays.png","rainbow.png","ಉಷ.mp3","ಉ,ಷ"],["quizliteracy","1","Description","image_word","ಉಷ","ಉಷ","ಔಷದ","ಹವಳ","lightrays.png"],["quizliteracy","1","Description","image_word","ಔಷದ","ಹವಳ","ಉಷ","ಔಷದ","medicine.png"],["quizliteracy","1","Description","image_word","ಹವಳ","ಔಷದ","ಹವಳ","ಉಷ","coral.png"]]}]],0,0,[],[],[]],[[[0,"ಶರ",".mp3",0.648],-1],0,0,[],[],[]],[[{"name":"coral","rect":[0,0,500,333],"offset":[0,0],"originalSize":[500,333],"capInsets":[0,0,0,0]}],[1],0,[0],[0],[6]],[["0,9729,9729,33071,33071,0,0,1",-1],[0],0,[],[],[]],[[{"name":"tiger","rect":[0,0,800,542],"offset":[0,0],"originalSize":[800,542],"capInsets":[0,0,0,0]}],[1],0,[0],[0],[7]],[["0,9729,9729,33071,33071,0,0,1",-1],[0],0,[],[],[]],[["0,9729,9729,33071,33071,0,0,1",-1],[0],0,[],[],[]],[[{"name":"sitting","rect":[0,0,800,533],"offset":[0,0],"originalSize":[800,533],"capInsets":[0,0,0,0]}],[1],0,[0],[0],[8]],[[{"name":"medicine","rect":[0,0,500,403],"offset":[0,0],"originalSize":[500,403],"capInsets":[0,0,0,0]}],[1],0,[0],[0],[9]],[[{"name":"cat","rect":[0,0,800,590],"offset":[0,0],"originalSize":[800,590],"capInsets":[0,0,0,0]}],[1],0,[0],[0],[10]],[[[0,"ಹವಳ",".mp3",0.696],-1],0,0,[],[],[]],[[{"name":"arrow","rect":[0,0,500,500],"offset":[0,0],"originalSize":[500,500],"capInsets":[0,0,0,0]}],[1],0,[0],[0],[11]],[[[0,"ಔಷದ",".mp3",0.816],-1],0,0,[],[],[]],[[{"name":"water","rect":[0,0,800,590],"offset":[0,0],"originalSize":[800,590],"capInsets":[0,0,0,0]}],[1],0,[0],[0],[12]],[[[0,"ಓಲಗ",".mp3",1.08],-1],0,0,[],[],[]],[["0,9729,9729,33071,33071,0,0,1",-1],[0],0,[],[],[]],[[[0,"ಓಟ",".mp3",1.008],-1],0,0,[],[],[]],[["0,9729,9729,33071,33071,0,0,1",-1],[0],0,[],[],[]],[[{"name":"mouse","rect":[0,0,500,375],"offset":[0,0],"originalSize":[500,375],"capInsets":[0,0,0,0]}],[1],0,[0],[0],[13]],[[{"name":"running","rect":[0,0,800,534],"offset":[0,0],"originalSize":[800,534],"capInsets":[0,0,0,0]}],[1],0,[0],[0],[14]],[[[0,"ಉಷ",".mp3",0.984],-1],0,0,[],[],[]],[[{"name":"drum","rect":[77,0,646,800],"offset":[0,0],"originalSize":[800,800],"capInsets":[0,0,0,0]}],[1],0,[0],[0],[15]],[["0,9729,9729,33071,33071,0,0,1",-1],[0],0,[],[],[]],[[{"name":"river","rect":[0,0,800,590],"offset":[0,0],"originalSize":[800,590],"capInsets":[0,0,0,0]}],[1],0,[0],[0],[16]],[["0,9729,9729,33071,33071,0,0,1",-1],[0],0,[],[],[]],[["0,9729,9729,33071,33071,0,0,1",-1],[0],0,[],[],[]],[["0,9729,9729,33071,33071,0,0,1",-1],[0],0,[],[],[]]]]