[1,["99Q8jtUkBBBL1ME9zzynvx","2dC6MfqdZCiptQx1d8hV5P","75PgZduDtMfas93pKAZriA","9bX0crvmBEj5AZVjHPubFM","7eUqlvJEhHvJvHhPPiRrvp"],["_textureSetter"],["cc.SpriteFrame","cc.Texture2D",["cc.AudioClip",["_name","_native","duration"],0],["cc.JsonAsset",["_name","json"],1]],[[2,0,1,2,4],[3,0,1,3]],[[[{"name":"jump","rect":[0,0,800,533],"offset":[0,0],"originalSize":[800,533],"capInsets":[0,0,0,0]}],[0],0,[0],[0],[0]],[["0,9729,9729,33071,33071,0,0,1",-1],[1],0,[],[],[]],[[[0,"ಕುದುರೆ",".mp3",0.72],-1],0,0,[],[],[]],[[[0,"ಮಳೆ",".mp3",0.648],-1],0,0,[],[],[]],[["0,9729,9729,33071,33071,0,0,1",-1],[1],0,[],[],[]],[[[0,"ಹಣತೆ",".mp3",0.768],-1],0,0,[],[],[]],[["0,9729,9729,33071,33071,0,0,1",-1],[1],0,[],[],[]],[["0,9729,9729,33071,33071,0,0,1",-1],[1],0,[],[],[]],[["0,9729,9729,33071,33071,0,0,1",-1],[1],0,[],[],[]],[[[1,"kn4307",{"rows":[["spelldoor","1","Description","ಮದುವೆ","ಮದು*","0","0","marriage.png","ಮದುವೆ.mp3"],["spelldoor","1","Description","ನೆಗೆದಾಟ","ನೆಗೆ*ಟ","0","0","jump.png","ನೆಗೆದಾಟ.mp3"],["spelldoor","1","Description","ಹಣತೆ","ಹಣ*","0","0","lamp.png","ಹಣತೆ.mp3"],["spelldoor","1","Description","ಕುದುರೆ","ಕುದು*","0","0","horse.png","ಕುದುರೆ.mp3"],["spelldoor","1","Description","ಮಳೆ","ಮ*","0","0","rain.png","ಮಳೆ.mp3"],["quizliteracy","1","Description","word_word","ದಾಟ","ಮಳೆ","ಹಣ","ದಾಟ","","ನೆಗೆ____","ನೆಗೆದಾಟ.mp3"],["quizliteracy","1","Description","image_word","ಕುದುರೆ","ಕುದುರೆ","ಹಣತೆ","ಮದುವೆ","horse.png"],["quizliteracy","1","Description","soundonly_word","ಮಳೆ","ಹಣತೆ","ಮಳೆ","ಮದುವೆ","","","ಮಳೆ.mp3"]]}]],0,0,[],[],[]],[[[0,"ಮದುವೆ",".mp3",0.768],-1],0,0,[],[],[]],[[{"name":"lamp","rect":[0,0,500,375],"offset":[0,0],"originalSize":[500,375],"capInsets":[0,0,0,0]}],[0],0,[0],[0],[1]],[[{"name":"rain","rect":[0,0,500,281],"offset":[0,0],"originalSize":[500,281],"capInsets":[0,0,0,0]}],[0],0,[0],[0],[2]],[[[0,"ನೆಗೆದಾಟ",".mp3",0.936],-1],0,0,[],[],[]],[[{"name":"horse","rect":[0,0,527,800],"offset":[0,0],"originalSize":[527,800],"capInsets":[0,0,0,0]}],[0],0,[0],[0],[3]],[[{"name":"marriage","rect":[0,0,800,533],"offset":[0,0],"originalSize":[800,533],"capInsets":[0,0,0,0]}],[0],0,[0],[0],[4]]]]