[1,["83h4sSDMpH2IZFzzBW5TjN","9fGJmZilZOCKrLTY98oWuR","16/+XqzCJMnqUPFpeJsN52","f6LUZ+mTBE1IU44+ISueBG","12/miOQclOFqHkv9MUw723","49avLd5qFPN5p5WSYAMH6A","1f2sJ1WWFFnrEiU9wZcv0i","522OP07ApPlIxkzI2YtrEo","5fcrKTtwlEEr/hRJQOIhcE","46a2GWKQ1KDoQsfEFBPQl4","fbvFWPTX5KXqnZbyaL5iK4","3e/z3aDqZDmIGDSnB3Z730","593dTWj2NL/ZVzskGPmP+x","2e4a4iFEFNKaka61726dFs","84QZUdia5EcKFPl0o5oIsK","5fqaejY8xKH6Mlc+Dhl7Y9","edni/O6nVDX4Mhp7NcGGyD"],["_textureSetter"],["cc.Texture2D","cc.SpriteFrame",["cc.AudioClip",["_name","_native","duration"],0],["cc.JsonAsset",["_name","json"],1]],[[2,0,1,2,4],[3,0,1,3]],[[[[0,"क्या_तुमने_अपने_दाँत_माँजे",".mp3",2.76],-1],0,0,[],[],[]],[["1,9729,9729,33071,33071,0,0,1",-1],[0],0,[],[],[]],[["1,9729,9729,33071,33071,0,0,1",-1],[0],0,[],[],[]],[[[0,"कोमल_एक_किताब_पढ़ी",".mp3",2.184],-1],0,0,[],[],[]],[[[0,"दो_चम्मच_और_दो_कांटे",".mp3",2.712],-1],0,0,[],[],[]],[["1,9729,9729,33071,33071,0,0,1",-1],[0],0,[],[],[]],[[[0,"आठ",".mp3",0.816],-1],0,0,[],[],[]],[[[0,"वह_तब_एक_डॉक्टर_थे",".mp3",2.352],-1],0,0,[],[],[]],[["1,9729,9729,33071,33071,0,0,1",-1],[0],0,[],[],[]],[[{"name":"The_milkisdelicious","rect":[0,0,400,400],"offset":[0,0],"originalSize":[400,400],"capInsets":[0,0,0,0]}],[1],0,[0],[0],[0]],[["1,9729,9729,33071,33071,0,0,1",-1],[0],0,[],[],[]],[["1,9729,9729,33071,33071,0,0,1",-1],[0],0,[],[],[]],[["1,9729,9729,33071,33071,0,0,1",-1],[0],0,[],[],[]],[[{"name":"l16_girlwantsairplane","rect":[0,0,400,400],"offset":[0,0],"originalSize":[400,400],"capInsets":[0,0,0,0]}],[1],0,[0],[0],[1]],[[[0,"पेड_लंबा_बढ़_जाता_है",".mp3",2.592],-1],0,0,[],[],[]],[["1,9729,9729,33071,33071,0,0,1",-1],[0],0,[],[],[]],[[{"name":"Ranireadsmanybooks","rect":[0,0,400,400],"offset":[0,0],"originalSize":[400,400],"capInsets":[0,0,0,0]}],[1],0,[0],[0],[2]],[["1,9729,9729,33071,33071,0,0,1",-1],[0],0,[],[],[]],[[{"name":"Komalreadsa_book","rect":[0,0,400,400],"offset":[0,0],"originalSize":[400,400],"capInsets":[0,0,0,0]}],[1],0,[0],[0],[3]],[["1,9729,9729,33071,33071,0,0,1",-1],[0],0,[],[],[]],[["1,9729,9729,33071,33071,0,0,1",-1],[0],0,[],[],[]],[[{"name":"l17_theyrunschool","rect":[0,0,400,400],"offset":[0,0],"originalSize":[400,400],"capInsets":[0,0,0,0]}],[1],0,[0],[0],[4]],[[[0,"जय_खाता_है",".mp3",1.824],-1],0,0,[],[],[]],[[[0,"सांप_धीरे-धीरे_चलता_है",".mp3",2.856],-1],0,0,[],[],[]],[[{"name":"Thefrogsmakenoiseevery_night","rect":[0,0,400,400],"offset":[0,0],"originalSize":[400,400],"capInsets":[0,0,0,0]}],[1],0,[0],[0],[5]],[[{"name":"Mirasingsa_song","rect":[0,0,400,400],"offset":[0,0],"originalSize":[400,400],"capInsets":[0,0,0,0]}],[1],0,[0],[0],[6]],[[{"name":"The_orange_treehasmanyoranges","rect":[0,0,400,400],"offset":[0,0],"originalSize":[400,400],"capInsets":[0,0,0,0]}],[1],0,[0],[0],[7]],[[[0,"बिल्लियाँ_काली_हैं",".mp3",1.92],-1],0,0,[],[],[]],[[[0,"जया_स्कूल_में_एक_किताब_पढ़ती_है",".mp3",3.456],-1],0,0,[],[],[]],[[[0,"सुखद",".mp3",1.176],-1],0,0,[],[],[]],[[[0,"लडकियां_शर्मीली_लगती_हैं",".mp3",2.616],-1],0,0,[],[],[]],[[{"name":"I_eat","rect":[0,0,400,400],"offset":[0,0],"originalSize":[400,400],"capInsets":[0,0,0,0]}],[1],0,[0],[0],[8]],[["1,9729,9729,33071,33071,0,0,1",-1],[0],0,[],[],[]],[["1,9729,9729,33071,33071,0,0,1",-1],[0],0,[],[],[]],[[{"name":"अंतरिक्ष","rect":[0,0,400,400],"offset":[0,0],"originalSize":[400,400],"capInsets":[0,0,0,0]}],[1],0,[0],[0],[9]],[[[0,"वे_बारिश_में_स्कूल_भाग_रहे_हैं",".mp3",3.12],-1],0,0,[],[],[]],[[[0,"वो_पढ़ती_है",".mp3",1.656],-1],0,0,[],[],[]],[[[0,"रमेश_रोज_दूध_पीता_है",".mp3",2.952],-1],0,0,[],[],[]],[[[1,"hi2_PreQuiz",{"rows":[["quizliteracy","1","Description","soundonly_word","सुखद","सुखद","तुरग","उरग","","","सुखद.mp3"],["quizliteracy","1","Description","image_word","अंतरिक्ष","अंतरिक्ष","वैज्ञानिक","इलाइची","अंतरिक्ष.jpg"],["quizliteracy","1","Description","image_sentence","जय खाता है","जय खाता है","जय पीता है","जय सो रहा है","I_eat.jpg","","जय_खाता_है.mp3"],["quizliteracy","1","Description","soundonly_image","Komalreadsa_book.jpg","Komalreadsa_book.jpg","Birdsfly.jpg","The_crocodileswims.jpg","","","वो_पढ़ती_है.mp3"],["quizliteracy","1","Description","image_sentence","रवि लंबा लडका है","जय खाता है","राधा एक बहन है","रवि लंबा लडका है","Chrisisa_tallboy.jpg","","रवि_लंबा_है.mp3"],["quizliteracy","1","Description","soundonly_image","Ranireadsmanybooks.jpg","Birdsfly.jpg","Mirasingsa_song.jpg","Ranireadsmanybooks.jpg","","","कोमल_एक_किताब_पढ़ी.mp3"],["quizliteracy","1","Description","image_sentence","पेड़ लंबा बढ़ जाता है","बिल्ली कहाँ है?","गाय दूध देती है","पेड़ लंबा बढ़ जाता है","The_orange_treehasmanyoranges.jpg","","पेड_लंबा_बढ़_जाता_है.mp3"],["quizliteracy","1","Description","image_sentence","बिल्ली कहाँ है?","बैट कहां है?","क्या आपको केले पसंद हैं ?","बिल्ली कहाँ है?","Whereisthe_cat.jpg","","बिल्ली_कहाँ_है.mp3"],["quizliteracy","1","Description","soundonly_sentence","क्या तुमने अपने दाँत माँजे?","बैट कहां है?","क्या तुमने अपने दाँत माँजे?","क्या वह तेज़ है?","","","क्या_तुमने_अपने_दाँत_माँजे.mp3"],["quizliteracy","1","Description","soundonly_image","Ranireadsmanybooks.jpg","Mirasingsa_song.jpg","Ranireadsmanybooks.jpg","Thefrogsmakenoiseevery_night.jpg","","","जया_स्कूल_में_एक_किताब_पढ़ती_है.mp3"],["quizliteracy","1","Description","sentence_sentence","शेर","शेर","धूसर","हरा","","संज्ञा शब्द चुनें","संज्ञा शब्द चुनें.mp3"],["quizliteracy","1","Description","soundonly_word","आठ","आठ","पीला","सीधा","","","आठ.mp3"],["quizliteracy","1","Description","sentence_sentence","काली","काली","नारंगी","हरी","","बिल्लियाँ ----- हैं।","बिल्लियाँ_काली_हैं.mp3"],["quizliteracy","1","Description","sentence_sentence","शर्मीली","अच्छा","शर्मीली","निचला","","लड़कियां ______  लगती हैं।","लडकियां_शर्मीली_लगती_हैं.mp3"],["quizliteracy","1","Description","soundonly_word","दो चम्मच और दो कांटे।","तीन वृत्त और एक वर्ग।","दो चम्मच और दो कांटे।","चार बाल्टियाँ।","","","दो_चम्मच_और_दो_कांटे।.mp3"],["quizliteracy","1","Description","sentence_sentence","चलना","चलना","जग","ख़त","","क्रिया शब्द चुनें","क्रिया शब्द चुनें.mp3"],["quizliteracy","1","Description","sentence_sentence","थे","रहे","हैं","थे","","वह तब एक डॉक्टर ___।","वह_तब_एक_डॉक्टर_थे.mp3"],["quizliteracy","1","Description","soundonly_image","l17_theyrunschool.png","l17_theyrunschool.png","l16_girlwantsairplane.png","l17_shegivingmilk.png","","","वे_बारिश_में_स्कूल_भाग_रहे_हैं।.mp3"],["quizliteracy","1","Description","image_sentence","रमेश रोज दूध पीता हैl","वह अपनी माँ को कपडे सूखने में मदद कर रही है।","रमेश रोज दूध पीता हैl","वे रेत से महल बना रहे हैं।","The_milkisdelicious.jpg","","रमेश_रोज_दूध_पीता_है.mp3"],["quizliteracy","1","Description","image_sentence","सांप धीरे-धीरे चलता है","गाय तीनों में सबसे बड़ी है।","लड़कों की तुलना में अधिक कुर्सियां ​​हैं।","सांप धीरे-धीरे चलता है","Thesnakemovesslowly.jpg","","सांप_धीरे-धीरे_चलता_है.mp3"]]}]],0,0,[],[],[]],[[{"name":"crocodile1","rect":[0,0,400,400],"offset":[0,0],"originalSize":[400,400],"capInsets":[0,0,0,0]}],[1],0,[0],[0],[10]],[[{"name":"Whereisthe_cat","rect":[0,0,400,400],"offset":[0,0],"originalSize":[400,400],"capInsets":[0,0,0,0]}],[1],0,[0],[0],[11]],[[[0,"क्रिया शब्द चुनें",".mp3",2.04],-1],0,0,[],[],[]],[["1,9729,9729,33071,33071,0,0,1",-1],[0],0,[],[],[]],[[[0,"रवि_लंबा_है",".mp3",1.776],-1],0,0,[],[],[]],[[{"name":"Raviplaysa_gamealone","rect":[0,0,400,400],"offset":[0,0],"originalSize":[400,400],"capInsets":[0,0,0,0]}],[1],0,[0],[0],[12]],[[[0,"संज्ञा शब्द चुनें",".mp3",2.136],-1],0,0,[],[],[]],[[{"name":"l17_shegivingmilk","rect":[0,0,400,400],"offset":[0,0],"originalSize":[400,400],"capInsets":[0,0,0,0]}],[1],0,[0],[0],[13]],[[{"name":"Birdsfly","rect":[0,0,400,400],"offset":[0,0],"originalSize":[400,400],"capInsets":[0,0,0,0]}],[1],0,[0],[0],[14]],[[{"name":"Chrisisa_tallboy","rect":[0,0,400,400],"offset":[0,0],"originalSize":[400,400],"capInsets":[0,0,0,0]}],[1],0,[0],[0],[15]],[["1,9729,9729,33071,33071,0,0,1",-1],[0],0,[],[],[]],[["1,9729,9729,33071,33071,0,0,1",-1],[0],0,[],[],[]],[[{"name":"Thesnakemovesslowly","rect":[0,0,400,400],"offset":[0,0],"originalSize":[400,400],"capInsets":[0,0,0,0]}],[1],0,[0],[0],[16]],[["1,9729,9729,33071,33071,0,0,1",-1],[0],0,[],[],[]],[[[0,"बिल्ली_कहाँ_है",".mp3",1.776],-1],0,0,[],[],[]]]]