[1,["a6J431cNdPK4i3T+b3RO87","62xZKMK61CiYkLbYybhVbY","d4mZVInilE+bvrjMUestCk"],["_textureSetter"],["cc.SpriteFrame","cc.Texture2D",["cc.AudioClip",["_name","_native","duration"],0],["cc.JsonAsset",["_name","json"],1]],[[2,0,1,2,4],[3,0,1,3]],[[[[0,"वन",".mp3",0.914286],-1],0,0,[],[],[]],[[[0,"व",".mp3",0.835918],-1],0,0,[],[],[]],[[{"name":"weighing_scale","rect":[0,0,640,282],"offset":[0,0],"originalSize":[640,282],"capInsets":[0,0,0,0]}],[0],0,[0],[0],[0]],[[[1,"mr0128",{"rows":[["balloonpop","1","Description","2","व","3","र,ल,व","व.mp3"],["phonictractor","1","Description","5","व","व.mp3","व","व.mp3"],["writeletter","1","Description","व","वन"],["writecard","1","Description","व","वन","forest.png","वन.mp3","वखार","timberyard.png","वखार.mp3","वजनकाटा","weighing_scale.png","वजनकाटा.mp3"],["quizliteracy","1","Description","soundonly_word","व","व","ल","र","","","व.mp3"],["quizliteracy","1","Description","word_word","व","ल","र","व","","व"],["quizliteracy","1","Description","soundonly_word","व","व","ल","र","","","व.mp3"]]}]],0,0,[],[],[]],[["0,9729,9729,33071,33071,0,0,1",-1],[1],0,[],[],[]],[[{"name":"forest","rect":[0,0,640,427],"offset":[0,0],"originalSize":[640,427],"capInsets":[0,0,0,0]}],[0],0,[0],[0],[1]],[["0,9729,9729,33071,33071,0,0,1",-1],[1],0,[],[],[]],[[{"name":"timberyard","rect":[0,0,640,427],"offset":[0,0],"originalSize":[640,427],"capInsets":[0,0,0,0]}],[0],0,[0],[0],[2]],[["0,9729,9729,33071,33071,0,0,1",-1],[1],0,[],[],[]],[[[0,"वखार",".mp3",1.07102],-1],0,0,[],[],[]],[[[0,"वजनकाटा",".mp3",1.332245],-1],0,0,[],[],[]]]]