[1,["f5yN38E11Ko6JvZs/UEdb6","a9YvBQ0fFPhL3MfnEBDJmM","b3uU1eGtZHRIBK+jdd2vRR"],["_textureSetter"],["cc.SpriteFrame","cc.Texture2D",["cc.AudioClip",["_name","_native","duration"],0],["cc.JsonAsset",["_name","json"],1]],[[2,0,1,2,4],[3,0,1,3]],[[[{"name":"umbrella","rect":[46,66,479,451],"offset":[-14.5,8.5],"originalSize":[600,600],"capInsets":[0,0,0,0]}],[0],0,[0],[0],[0]],[[{"name":"roof","rect":[0,0,640,424],"offset":[0,0],"originalSize":[640,424],"capInsets":[0,0,0,0]}],[0],0,[0],[0],[1]],[[[0,"छत्री",".mp3",1.123265],-1],0,0,[],[],[]],[[[1,"mr0106",{"rows":[["balloonpop","1","Description","2","छ","3","च,ङ,छ","छ.mp3"],["phonictractor","1","Description","5","छ","छ.mp3","छ","छ.mp3"],["writeletter","1","Description","छ","छत्री"],["writecard","1","Description","छ","छत्री","umbrella.png","छत्री.mp3","छडी","stick.png","छडी.mp3","छप्पर","roof.png","छप्पर.mp3"],["quizliteracy","1","Description","soundonly_word","छ","छ","च","प","","","छ.mp3"],["quizliteracy","1","Description","word_word","छ","च","छ","आ","","छ"],["quizliteracy","1","Description","soundonly_word","छ","छ","च","प","","","छ.mp3"]]}]],0,0,[],[],[]],[[{"name":"stick","rect":[207,4,186,593],"offset":[0,-0.5],"originalSize":[600,600],"capInsets":[0,0,0,0]}],[0],0,[0],[0],[2]],[["0,9729,9729,33071,33071,0,0,1",-1],[1],0,[],[],[]],[["0,9729,9729,33071,33071,0,0,1",-1],[1],0,[],[],[]],[[[0,"छडी",".mp3",0.940408],-1],0,0,[],[],[]],[[[0,"छ",".mp3",0.705306],-1],0,0,[],[],[]],[[[0,"छप्पर",".mp3",1.018776],-1],0,0,[],[],[]],[["0,9729,9729,33071,33071,0,0,1",-1],[1],0,[],[],[]]]]