[1,["e4MgnXb71NF7qct19+Zoij","23fTrhB1tAy5rxpf5T8zrP","b8r6luHFdEU7YaggqP8jyp"],["_textureSetter"],["cc.SpriteFrame","cc.Texture2D",["cc.AudioClip",["_name","_native","duration"],0],["cc.JsonAsset",["_name","json"],1]],[[2,0,1,2,4],[3,0,1,3]],[[[[0,"णाली",".mp3",0.783673],-1],0,0,[],[],[]],[[[0,"म्हणाली",".mp3",0.966531],-1],0,0,[],[],[]],[[{"name":"calendar","rect":[0,0,640,512],"offset":[0,0],"originalSize":[640,512],"capInsets":[0,0,0,0]}],[0],0,[0],[0],[0]],[[{"name":"run","rect":[0,0,640,639],"offset":[0,0],"originalSize":[640,639],"capInsets":[0,0,0,0]}],[0],0,[0],[0],[1]],[["0,9729,9729,33071,33071,0,0,1",-1],[1],0,[],[],[]],[[[0,"अ",".mp3",0.626939],-1],0,0,[],[],[]],[[[1,"mr3402",{"rows":[["phonictractor","1","Description","4","त्याला","त्याला.mp3","त्या","त्या.mp3","ला","ला.mp3"],["phonictractor","1","Description","4","सुद्धा","सुद्धा.mp3","सु","सु.mp3","द्धा","द्धा.mp3"],["phonictractor","1","Description","4","सत्ता","सत्ता.mp3","स","स.mp3","त्ता","त्ता.mp3"],["phonictractor","1","Description","4","म्हणाली","म्हणाली.mp3","म्ह","म्ह.mp3","णाली","णाली.mp3"],["openwindow","1","Description","LEGIT","नृत्य","dance.png","run.png","नृत्य.mp3","नृत्य"],["spelldoor","1","Description","दिनदर्शिका","*नदर्शिका","0","0","calendar.png","दिनदर्शिका.mp3"],["phonictractor","1","Description","4","अभ्यास","अभ्यास.mp3","अ","अ.mp3","भ्या","भ्या.mp3","स","स.mp3"],["quizliteracy","1","Description","word_word","त्या","त्ता","त्या","त्य","","___ला","त्याला.mp3"],["quizliteracy","1","Description","word_word","त्ता","त्या","त्य","त्ता","","स___","सत्ता.mp3"],["quizliteracy","1","Description","word_word","त्य","त्य","त्ता","त्या","","नृ___","नृत्य.mp3"]]}]],0,0,[],[],[]],[[[0,"सुद्धा",".mp3",0.914286],-1],0,0,[],[],[]],[[[0,"म्ह",".mp3",0.783673],-1],0,0,[],[],[]],[[{"name":"dance","rect":[0,0,640,427],"offset":[0,0],"originalSize":[640,427],"capInsets":[0,0,0,0]}],[0],0,[0],[0],[2]],[[[0,"त्ता",".mp3",0.496327],-1],0,0,[],[],[]],[[[0,"भ्या",".mp3",0.679184],-1],0,0,[],[],[]],[[[0,"द्धा",".mp3",0.705306],-1],0,0,[],[],[]],[[[0,"सु",".mp3",0.888163],-1],0,0,[],[],[]],[[[0,"नृत्य",".mp3",0.936],-1],0,0,[],[],[]],[[[0,"अभ्यास",".mp3",0.914286],-1],0,0,[],[],[]],[[[0,"त्या",".mp3",0.574694],-1],0,0,[],[],[]],[["0,9729,9729,33071,33071,0,0,1",-1],[1],0,[],[],[]],[[[0,"ला",".mp3",0.783673],-1],0,0,[],[],[]],[[[0,"त्याला",".mp3",0.783673],-1],0,0,[],[],[]],[["0,9729,9729,33071,33071,0,0,1",-1],[1],0,[],[],[]],[[[0,"सत्ता",".mp3",1.018776],-1],0,0,[],[],[]],[[[0,"दिनदर्शिका",".mp3",1.410612],-1],0,0,[],[],[]],[[[0,"स",".mp3",0.888163],-1],0,0,[],[],[]]]]