[1,["27uuX0V1NAUr3p/M1aw1pj","063UzcHzdFjJc+tcchND+G","47KosDD4xPtJkQehAxAabd","f8onffuOhPs7SpMWEL1FtK"],["_textureSetter"],["cc.Texture2D","cc.SpriteFrame",["cc.AudioClip",["_name","_native","duration"],0],["cc.JsonAsset",["_name","json"],1]],[[2,0,1,2,4],[3,0,1,3]],[[["0,9729,9729,33071,33071,0,0,1",-1],[0],0,[],[],[]],[[[0,"ತಂಗಿ",".mp3",0.72],-1],0,0,[],[],[]],[[[0,"ರ",".mp3",0.48],-1],0,0,[],[],[]],[["0,9729,9729,33071,33071,0,0,1",-1],[0],0,[],[],[]],[[[0,"ಲಿ",".mp3",0.528],-1],0,0,[],[],[]],[[[0,"ನಲಿ",".mp3",0.624],-1],0,0,[],[],[]],[["0,9729,9729,33071,33071,0,0,1",-1],[0],0,[],[],[]],[[{"name":"play","rect":[0,0,500,346],"offset":[0,0],"originalSize":[500,346],"capInsets":[0,0,0,0]}],[1],0,[0],[0],[0]],[[[0,"ಅದರ",".mp3",0.672],-1],0,0,[],[],[]],[[[0,"ನ",".mp3",0.48],-1],0,0,[],[],[]],[[[0,"ಆಟವಾಡು",".mp3",0.936],-1],0,0,[],[],[]],[[{"name":"playwith","rect":[0,0,512,340],"offset":[0,0],"originalSize":[512,340],"capInsets":[0,0,0,0]}],[1],0,[0],[0],[1]],[[[0,"ಗಿ",".mp3",0.552],-1],0,0,[],[],[]],[[{"name":"cooking","rect":[0,0,388,512],"offset":[0,0],"originalSize":[388,512],"capInsets":[0,0,0,0]}],[1],0,[0],[0],[2]],[[[1,"kn2604",{"rows":[["phonictractor","1","Description","4","ಅದರ","ಅದರ.mp3","ಅ","ಅ.mp3","ದ","ದ.mp3","ರ","ರ.mp3"],["phonictractor","1","Description","4","ನಲಿ","ನಲಿ.mp3","ನ","ನ.mp3","ಲಿ","ಲಿ.mp3"],["spelldoor","1","Description","ಜೊತೆ","**","0","0","together.png","ಜೊತೆ.mp3"],["phonictractor","1","Description","4","ತಂಗಿ","ತಂಗಿ.mp3","ತಂ","ತಂ.mp3","ಗಿ","ಗಿ.mp3"],["openwindow","1","Description","LEGIT","ಆ,ಟ,ವಾ,ಡು","play.png","cooking.png","ಆಟವಾಡು.mp3","ಆ,ಟ,ವಾ,ಡು"],["quizliteracy","1","Description","soundonly_word","ಅದರ","ತಂಗಿ","ನಲಿ","ಅದರ","","","ಅದರ.mp3"],["quizliteracy","1","Description","soundonly_word","ನಲಿ","ಅದರ","ತಂಗಿ","ನಲಿ","","","ನಲಿ.mp3"],["quizliteracy","1","Description","soundonly_word","ತಂಗಿ","ನಲಿ","ಅದರ","ತಂಗಿ","","","ತಂಗಿ.mp3"]]}]],0,0,[],[],[]],[[[0,"ಜೊತೆ",".mp3",0.696],-1],0,0,[],[],[]],[[[0,"ದ",".mp3",0.504],-1],0,0,[],[],[]],[[[0,"ತಂ",".mp3",0.528],-1],0,0,[],[],[]],[[{"name":"together","rect":[0,0,512,383],"offset":[0,0],"originalSize":[512,383],"capInsets":[0,0,0,0]}],[1],0,[0],[0],[3]],[[[0,"ಅ",".mp3",0.456],-1],0,0,[],[],[]],[["0,9729,9729,33071,33071,0,0,1",-1],[0],0,[],[],[]]]]