[1,["248oAm/ydCDK0a1PSccbcJ","451i9z9HBKzqdjWkXBB+JY","67xR04YkRCI6GhypGKoxUE","3cXBwo2ApLEoTe+Tghx7YY"],["_textureSetter"],["cc.Texture2D","cc.SpriteFrame",["cc.AudioClip",["_name","_native","duration"],0],["cc.JsonAsset",["_name","json"],1]],[[2,0,1,2,4],[3,0,1,3]],[[["1,9729,9729,33071,33071,0,0,1",-1],[0],0,[],[],[]],[["1,9729,9729,33071,33071,0,0,1",-1],[0],0,[],[],[]],[["1,9729,9729,33071,33071,0,0,1",-1],[0],0,[],[],[]],[[[0,"i_was_angry",".mp3",1.632],-1],0,0,[],[],[]],[[{"name":"I_eat_(girl)","rect":[0,0,1073,1188],"offset":[0,0],"originalSize":[1073,1188],"capInsets":[0,0,0,0]}],[1],0,[0],[0],[0]],[[[0,"i_have_many_friends",".mp3",2.064],-1],0,0,[],[],[]],[["0,9729,9729,33071,33071,0,0,1",-1],[0],0,[],[],[]],[[[0,"I_eat",".mp3",1.176],-1],0,0,[],[],[]],[[{"name":"Ihavemanyfriends","rect":[0,0,1073,1157],"offset":[0,0],"originalSize":[1073,1157],"capInsets":[0,0,0,0]}],[1],0,[0],[0],[1]],[[[0,"I_am_happy",".mp3",1.416],-1],0,0,[],[],[]],[[[1,"en2505",{"rows":[["createsentence","1","Description","I/am/happy","sad","the_girl_has_a_purple_dress.png","I_am_happy.mp3"],["createsentence","1","Description","I/eat","","Jayeats.jpg","I_eat.mp3"],["createsentence","1","Description","I/eat","play","I_eat_(girl).jpg","I_eat.mp3"],["createsentence","1","Description","I/have/many/friends","","Ihavemanyfriends.jpg","i_have_many_friends.mp3"],["createsentence","1","Description","I/have/many/friends","friend","Ihavemanyfriends.jpg","i_have_many_friends.mp3"],["quizliteracy","1","Description","soundonly_sentence","I am happy. ","I am tall.","I am happy. ","He is sad.","","","I_am_happy.mp3"],["quizliteracy","1","Description","soundonly_sentence","I eat.","She eat.","He eat. ","I eat.","","","I_eat.mp3"],["quizliteracy","1","Description","sentence_sentence","I","His","Him","I","","____ have many friends. ","Choose_the_right_one.mp3"],["quizliteracy","1","Description","sentence_sentence","I","It","I","Him","","__ am happy. ","I_am_happy.mp3"],["quizliteracy","1","Description","soundonly_sentence","I was angry.","I was angry.","Rama was angry.","The Dog was angry. ","","Choose the sentence with pronoun.","i_was_angry.mp3"]]}]],0,0,[],[],[]],[[{"name":"the_girl_has_a_purple_dress","rect":[0,0,676,732],"offset":[0,0],"originalSize":[676,732],"capInsets":[0,0,0,0]}],[1],0,[0],[0],[2]],[[{"name":"Jayeats","rect":[0,0,1073,577],"offset":[0,0],"originalSize":[1073,577],"capInsets":[0,0,0,0]}],[1],0,[0],[0],[3]],[[[0,"Choose_the_right_one",".mp3",2.064],-1],0,0,[],[],[]]]]