[1,["40k42xJZJBXZeCpZ//Vf4b","a8X7nFJPpCUIEfzQgYmmvS","6dNjHecERPTpIpFQiCie6r"],["_textureSetter"],["cc.Texture2D","cc.SpriteFrame",["cc.AudioClip",["_name","_native","duration"],0],["cc.JsonAsset",["_name","json"],1]],[[2,0,1,2,4],[3,0,1,3]],[[[[0,"fan",".mp3",1.032],-1],0,0,[],[],[]],[[[0,"only",".mp3",1.032],-1],0,0,[],[],[]],[[[0,"p",".mp3",0.768],-1],0,0,[],[],[]],[[[0,"farm",".mp3",0.96],-1],0,0,[],[],[]],[[[0,"f",".mp3",0.84],-1],0,0,[],[],[]],[["0,9729,9729,33071,33071,0,0,1",-1],[0],0,[],[],[]],[[[0,"art",".mp3",0.912],-1],0,0,[],[],[]],[[[0,"card",".mp3",0.912],-1],0,0,[],[],[]],[[[0,"circle",".mp3",1.104],-1],0,0,[],[],[]],[[[0,"k",".mp3",0.816],-1],0,0,[],[],[]],[["0,9729,9729,33071,33071,0,0,1",-1],[0],0,[],[],[]],[[[0,"old",".mp3",0.888],-1],0,0,[],[],[]],[[[1,"en1708",{"rows":[["rocket","1","Description","farm","f,arm","f,arm","farm.mp3","farm.png","false","false"],["rocket","1","Description","park","p,a,r,k","p,a,r,k","park.mp3","park.png","false","false"],["speakingpet","1","Description","ar.mp3","oa.mp3","arm","arm.mp3","A","1","art","art.mp3","A","1","only","only.mp3","B","1","old","old.mp3","B","1"],["speakingpet","1","Description","k.mp3","s.mp3","card","card.mp3","A","1","circle","circle.mp3","B","1","sun","sun.mp3","B","1","save","save.mp3","B","1"],["speakingpet","1","Description","p.mp3","f.mp3","park","park.mp3","A","1","fan","fan.mp3","B","1","phone","phone.mp3","B","1,2","far","far.mp3","B","1"],["spelldoor","1","Description","farm","****","4","2","spelling_farm.png","farm.mp3"],["quizliteracy","1","Description","image_word","farm ","heart","grass","farm","farm.png"],["quizliteracy","1","Description","soundonly_word","park","arm","park","card","","","park.mp3"],["quizliteracy","1","Description","soundonly_word","arm","card","arm","park","","","arm.mp3"]]}]],0,0,[],[],[]],[[[0,"ar",".mp3",0.696],-1],0,0,[],[],[]],[[[0,"park",".mp3",0.864],-1],0,0,[],[],[]],[[{"name":"spelling_farm","rect":[0,0,370,273],"offset":[0,0],"originalSize":[370,273],"capInsets":[0,0,0,0]}],[1],0,[0],[0],[0]],[[{"name":"farm","rect":[36,145,515,201],"offset":[3.5,-15.5],"originalSize":[580,460],"capInsets":[0,0,0,0]}],[1],0,[0],[0],[1]],[[[0,"far",".mp3",0.864],-1],0,0,[],[],[]],[[[0,"phone",".mp3",1.032],-1],0,0,[],[],[]],[[[0,"oa",".mp3",0.864],-1],0,0,[],[],[]],[[{"name":"park","rect":[0,0,507,630],"offset":[0,0],"originalSize":[507,630],"capInsets":[0,0,0,0]}],[1],0,[0],[0],[2]],[["0,9729,9729,33071,33071,0,0,1",-1],[0],0,[],[],[]],[[[0,"s",".mp3",0.912],-1],0,0,[],[],[]],[[[0,"sun",".mp3",1.056],-1],0,0,[],[],[]],[[[0,"save",".mp3",1.008],-1],0,0,[],[],[]],[[[0,"arm",".mp3",0.84],-1],0,0,[],[],[]]]]