[1,["2dh9ezv8REHKFuh56HVoi4","6d8AvmPqdJ4LK4NpP7WTp/","4c07ief7lBQLWw5BoDaHIs"],["_textureSetter"],["cc.SpriteFrame","cc.Texture2D",["cc.JsonAsset",["_name","json"],1],["cc.AudioClip",["_name","_native","duration"],0]],[[3,0,1,2,4],[2,0,1,3]],[[[[1,"sl_en0305",{"rows":[["balloonpop","1","Description","2","r","5","r,q,p","r.mp3"],["writeletter","1","Description","r","-"],["writecard","1","Description","r","rat","rat.png","rat.mp3","red","red.png","red.mp3","rose","rose.png","rose.mp3"],["quizliteracy","1","Description","soundonly_word","r","l","r","u","","","r.mp3"],["quizliteracy","1","Description","word_word","r","r","s","t","","r"],["quizliteracy","1","Description","soundonly_word","r","r","b","l","","","r.mp3"]]}]],0,0,[],[],[]],[[{"name":"rose","rect":[0,0,500,752],"offset":[0,0],"originalSize":[500,752],"capInsets":[0,0,0,0]}],[0],0,[0],[0],[0]],[[[0,"rose",".mp3",0.888163],-1],0,0,[],[],[]],[["0,9729,9729,33071,33071,0,0,1",-1],[1],0,[],[],[]],[[{"name":"red","rect":[0,0,750,500],"offset":[0,0],"originalSize":[750,500],"capInsets":[0,0,0,0]}],[0],0,[0],[0],[1]],[["0,9729,9729,33071,33071,0,0,1",-1],[1],0,[],[],[]],[["0,9729,9729,33071,33071,0,0,1",-1],[1],0,[],[],[]],[[{"name":"rat","rect":[0,0,1880,1253],"offset":[0,0],"originalSize":[1880,1253],"capInsets":[0,0,0,0]}],[0],0,[0],[0],[2]],[[[0,"rat",".mp3",0.757551],-1],0,0,[],[],[]],[[[0,"r",".mp3",0.574694],-1],0,0,[],[],[]],[[[0,"red",".mp3",0.626939],-1],0,0,[],[],[]]]]