[1,["b2DEMCjwJBL7mXM06s1QPu","e52ZJ05ZxMMbnGq6kD35cz","1akuuqaQREQJ10SnFIFg0F","0bMm4c125EVo2dr4n9bXix","9e3sDojTlH8qBRuLP+1Acd","59V/IhU1ZIp6bzURHiuTPC","e7+BJjFRlNVL/q6KpAUTqh","89e+A/6U9DMqAP83A3Wepn","54+UUUzNVM6aveIvDohkOW","7a3UtJp59KGquumFrhByh8","f7zKoMbp9LTr8zKBZyUgvc","c7PEJD5zhLjrS3/9JOwjRe"],["_textureSetter"],["cc.Texture2D","cc.SpriteFrame",["cc.AudioClip",["_name","_native","duration"],0],["cc.JsonAsset",["_name","json"],1]],[[2,0,1,2,4],[3,0,1,3]],[[["0,9729,9729,33071,33071,0,0,1",-1],[0],0,[],[],[]],[["0,9729,9729,33071,33071,0,0,1",-1],[0],0,[],[],[]],[[[0,"ತಳ",".mp3",0.576],-1],0,0,[],[],[]],[[[0,"ತನಯ",".mp3",0.696],-1],0,0,[],[],[]],[[{"name":"waterpulley","rect":[0,0,800,532],"offset":[0,0],"originalSize":[800,532],"capInsets":[0,0,0,0]}],[1],0,[0],[0],[0]],[[{"name":"mould","rect":[0,0,800,531],"offset":[0,0],"originalSize":[800,531],"capInsets":[0,0,0,0]}],[1],0,[0],[0],[1]],[[{"name":"sun","rect":[20,0,780,800],"offset":[10,0],"originalSize":[800,800],"capInsets":[0,0,0,0]}],[1],0,[0],[0],[2]],[[[0,"ಆಲ",".mp3",1.08],-1],0,0,[],[],[]],[[[0,"ಇನ",".mp3",0.84],-1],0,0,[],[],[]],[["0,9729,9729,33071,33071,0,0,1",-1],[0],0,[],[],[]],[["0,9729,9729,33071,33071,0,0,1",-1],[0],0,[],[],[]],[[[0,"ತಬಲ",".mp3",0.72],-1],0,0,[],[],[]],[[{"name":"Banyan","rect":[0,0,800,533],"offset":[0,0],"originalSize":[800,533],"capInsets":[0,0,0,0]}],[1],0,[0],[0],[3]],[[[0,"ನಳ",".mp3",0.576],-1],0,0,[],[],[]],[[{"name":"bottom","rect":[0,0,500,334],"offset":[0,0],"originalSize":[500,334],"capInsets":[0,0,0,0]}],[1],0,[0],[0],[4]],[[[1,"kn0609",{"rows":[["writeword","1","Description","ಎರಕ","mould.png","ಎರಕ.mp3"],["writeword","1","Description","ಏತ","waterpulley.png","ಏತ.mp3"],["writeword","1","Description","ಇನ","sun.png","ಇನ.mp3"],["writeword","1","Description","ಆಲ","Banyan.png","ಆಲ.mp3"],["writeword","1","Description","ತಬಲ","Tabla.png","ತಬಲ.mp3"],["writeword","1","Description","ನಳ","tap.png","ನಳ.mp3"],["writeword","1","Description","ಆಗಸ","sky.png","ಆಗಸ.mp3"],["writeword","1","Description","ತವಕ","eager.png","ತವಕ.mp3"],["writeword","1","Description","ಆಳ","depth.png","ಆಳ.mp3"],["writeword","1","Description","ಆಟ","play.png","ಆಟ.mp3"],["writeword","1","Description","ತನಯ","son.png","ತನಯ.mp3"],["writeword","1","Description","ತಳ","bottom.png","ತಳ.mp3"],["quizliteracy","1","Description","image_word","ಇನ","ಆಗಸ","ತವಕ","ಇನ","sun.png"],["quizliteracy","1","Description","image_word","ಆಗಸ","ತವಕ","ನಳ","ಆಗಸ","sky.png"],["quizliteracy","1","Description","image_word","ತವಕ","ನಳ","ಆಗಸ","ತವಕ","eager.png"]]}]],0,0,[],[],[]],[[{"name":"tap","rect":[0,0,500,333],"offset":[0,0],"originalSize":[500,333],"capInsets":[0,0,0,0]}],[1],0,[0],[0],[5]],[[[0,"ಏತ",".mp3",0.96],-1],0,0,[],[],[]],[["0,9729,9729,33071,33071,0,0,1",-1],[0],0,[],[],[]],[["0,9729,9729,33071,33071,0,0,1",-1],[0],0,[],[],[]],[[{"name":"sky","rect":[0,0,500,332],"offset":[0,0],"originalSize":[500,332],"capInsets":[0,0,0,0]}],[1],0,[0],[0],[6]],[[{"name":"depth","rect":[0,0,533,800],"offset":[0,0],"originalSize":[533,800],"capInsets":[0,0,0,0]}],[1],0,[0],[0],[7]],[[{"name":"play","rect":[0,0,500,346],"offset":[0,0],"originalSize":[500,346],"capInsets":[0,0,0,0]}],[1],0,[0],[0],[8]],[[{"name":"son","rect":[0,0,533,800],"offset":[0,0],"originalSize":[533,800],"capInsets":[0,0,0,0]}],[1],0,[0],[0],[9]],[["0,9729,9729,33071,33071,0,0,1",-1],[0],0,[],[],[]],[[[0,"ಆಟ",".mp3",1.056],-1],0,0,[],[],[]],[["0,9729,9729,33071,33071,0,0,1",-1],[0],0,[],[],[]],[[{"name":"Tabla","rect":[0,0,800,533],"offset":[0,0],"originalSize":[800,533],"capInsets":[0,0,0,0]}],[1],0,[0],[0],[10]],[["0,9729,9729,33071,33071,0,0,1",-1],[0],0,[],[],[]],[[[0,"ಆಳ",".mp3",1.224],-1],0,0,[],[],[]],[[[0,"ಎರಕ",".mp3",0.888],-1],0,0,[],[],[]],[[[0,"ತವಕ",".mp3",0.744],-1],0,0,[],[],[]],[[{"name":"eager","rect":[0,0,800,533],"offset":[0,0],"originalSize":[800,533],"capInsets":[0,0,0,0]}],[1],0,[0],[0],[11]],[[[0,"ಆಗಸ",".mp3",1.344],-1],0,0,[],[],[]],[["0,9729,9729,33071,33071,0,0,1",-1],[0],0,[],[],[]],[["0,9729,9729,33071,33071,0,0,1",-1],[0],0,[],[],[]],[["0,9729,9729,33071,33071,0,0,1",-1],[0],0,[],[],[]]]]