[1,["e9z27b6i5CSqKlcJevMqId","b55U0egyNPrKwJSlGAOkNJ","a6p0ZnYu1Ggr9AutY4XG7T","89EJq3WxNHmb+MLQSydoeA","3f/xV9AKlM8pwauIgprQ9g","b3TBVfgs5IC4O/LB/v4G/c","6ckE3JG/VEQK8CUgip4Jx9"],["_textureSetter"],["cc.Texture2D","cc.SpriteFrame",["cc.AudioClip",["_name","_native","duration"],0],["cc.JsonAsset",["_name","json"],1]],[[2,0,1,2,4],[3,0,1,3]],[[[[0,"thirteenth",".mp3",1.224],-1],0,0,[],[],[]],[["0,9729,9729,33071,33071,0,0,1",-1],[0],0,[],[],[]],[[[0,"ninth",".mp3",0.984],-1],0,0,[],[],[]],[[{"name":"eleventh","rect":[0,0,512,378],"offset":[0,0],"originalSize":[512,378],"capInsets":[0,0,0,0]}],[1],0,[0],[0],[0]],[[[0,"eighth",".mp3",0.792],-1],0,0,[],[],[]],[["0,9729,9729,33071,33071,0,0,1",-1],[0],0,[],[],[]],[[[0,"eleventh",".mp3",1.128],-1],0,0,[],[],[]],[["0,9729,9729,33071,33071,0,0,1",-1],[0],0,[],[],[]],[[{"name":"ninth","rect":[0,0,512,465],"offset":[0,0],"originalSize":[512,465],"capInsets":[0,0,0,0]}],[1],0,[0],[0],[1]],[[{"name":"tenth","rect":[0,0,512,378],"offset":[0,0],"originalSize":[512,378],"capInsets":[0,0,0,0]}],[1],0,[0],[0],[2]],[["0,9729,9729,33071,33071,0,0,1",-1],[0],0,[],[],[]],[[[0,"fourteenth",".mp3",1.224],-1],0,0,[],[],[]],[[[1,"en4004",{"rows":[["openwindow1","1","Description","LEGIT","eighth","eighth.png","eleventh.png","eighth.mp3","abcdefghijklmnopqrstuvwxyz"],["openwindow1","1","Description","LEGIT","ninth","ninth.png","thirteenth.png","ninth.mp3","abcdefghijklmnopqrstuvwxyz"],["openwindow1","1","Description","LEGIT","tenth","tenth.png","eighth.png","tenth.mp3","abcdefghijklmnopqrstuvwxyz"],["openwindow1","1","Description","LEGIT","eleventh","eleventh.png","fourteenth.png","eleventh.mp3","abcdefghijklmnopqrstuvwxyz"],["openwindow1","1","Description","LEGIT","twelfth","twelfth.png","eleventh.png","twelfth.mp3","abcdefghijklmnopqrstuvwxyz"],["openwindow1","1","Description","LEGIT","thirteenth","thirteenth.png","tenth.png","thirteenth.mp3","abcdefghijklmnopqrstuvwxyz"],["openwindow1","1","Description","LEGIT","fourteenth","fourteenth.png","ninth.png","fourteenth.mp3","abcdefghijklmnopqrstuvwxyz"],["quizliteracy","1","Description","image_sentence","eighth","ninth","eighth","eleventh","eighth.png","","eighth.mp3"],["quizliteracy","1","Description","image_sentence","tenth","eleventh","fourteenth","tenth","tenth.png","","tenth.mp3"],["quizliteracy","1","Description","image_sentence","thirteenth","thirteenth","twelfth","ninth","thirteenth.png","","thirteenth.mp3"]]}]],0,0,[],[],[]],[["0,9729,9729,33071,33071,0,0,1",-1],[0],0,[],[],[]],[["0,9729,9729,33071,33071,0,0,1",-1],[0],0,[],[],[]],[[{"name":"twelfth","rect":[0,0,842,606],"offset":[0,0],"originalSize":[842,606],"capInsets":[0,0,0,0]}],[1],0,[0],[0],[3]],[[{"name":"eighth","rect":[0,0,512,351],"offset":[0,0],"originalSize":[512,351],"capInsets":[0,0,0,0]}],[1],0,[0],[0],[4]],[[{"name":"thirteenth","rect":[0,0,512,368],"offset":[0,0],"originalSize":[512,368],"capInsets":[0,0,0,0]}],[1],0,[0],[0],[5]],[[{"name":"fourteenth","rect":[0,0,512,436],"offset":[0,0],"originalSize":[512,436],"capInsets":[0,0,0,0]}],[1],0,[0],[0],[6]],[[[0,"twelfth",".mp3",1.056],-1],0,0,[],[],[]],[["0,9729,9729,33071,33071,0,0,1",-1],[0],0,[],[],[]],[[[0,"tenth",".mp3",0.864],-1],0,0,[],[],[]]]]