[1,["54n9/JVftD5oU5o5Ul2alx","8076/0qOdHTLFeJ0QLaLdI","40oC26r7FE1YcL4h320yxZ","a8FwPGIudAVbSC31aetkY4","51g/4K3bBEY7JKWKyM/ARI","f51mL6Fl9M4bVGZihNSYrQ","63seL+GGZIHLnEdAtx7jFo","92fkyQDb1FTrP/4vXJH2Cq","3aMXWRgS9MULd/QHMPzzkb","a2aKJcMAdMAqWFHV2PNU5K"],["_textureSetter"],["cc.SpriteFrame","cc.Texture2D",["cc.AudioClip",["_name","_native","duration"],0],["cc.JsonAsset",["_name","json"],1]],[[2,0,1,2,4],[3,0,1,3]],[[[{"name":"spelling_city","rect":[0,0,370,273],"offset":[0,0],"originalSize":[370,273],"capInsets":[0,0,0,0]}],[0],0,[0],[0],[0]],[[[0,"city",".mp3",1.104],-1],0,0,[],[],[]],[[{"name":"spelling_book","rect":[0,0,370,273],"offset":[0,0],"originalSize":[370,273],"capInsets":[0,0,0,0]}],[0],0,[0],[0],[1]],[[[0,"rain",".mp3",0.96],-1],0,0,[],[],[]],[["0,9729,9729,33071,33071,0,0,1",-1],[1],0,[],[],[]],[["0,9729,9729,33071,33071,0,0,1",-1],[1],0,[],[],[]],[["0,9729,9729,33071,33071,0,0,1",-1],[1],0,[],[],[]],[["0,9729,9729,33071,33071,0,0,1",-1],[1],0,[],[],[]],[[{"name":"spelling_baby","rect":[0,0,370,273],"offset":[0,0],"originalSize":[370,273],"capInsets":[0,0,0,0]}],[0],0,[0],[0],[2]],[["0,9729,9729,33071,33071,0,0,1",-1],[1],0,[],[],[]],[[{"name":"spelling_money","rect":[0,0,370,273],"offset":[0,0],"originalSize":[370,273],"capInsets":[0,0,0,0]}],[0],0,[0],[0],[3]],[[{"name":"spelling_woman","rect":[0,0,370,273],"offset":[0,0],"originalSize":[370,273],"capInsets":[0,0,0,0]}],[0],0,[0],[0],[4]],[[[1,"en2303",{"rows":[["spelldoor","1","Description","meat","****","4","2","spelling_meat.png","meat.mp3"],["spelldoor","1","Description","farm","****","4","2","spelling_farm.png","farm.mp3"],["spelldoor","1","Description","city","****","4","2","spelling_city.png","city.mp3"],["spelldoor","1","Description","book","****","4","2","spelling_book.png","book.mp3"],["spelldoor","1","Description","fish","****","4","2","spelling_fish.png","fish.mp3"],["spelldoor","1","Description","rain","****","4","2","spelling_rain.png","rain.mp3"],["spelldoor","1","Description","baby","****","4","2","spelling_baby.png","baby.mp3"],["spelldoor","1","Description","money","*****","3","2","spelling_money.png","money.mp3"],["spelldoor","1","Description","woman","*****","3","2","spelling_woman.png","woman.mp3"],["spelldoor","1","Description","chair","*****","3","2","spelling_chair.png","chair.mp3"],["quizliteracy","1","Description","word_word","eat","ort","eat","rat","","m__","meat.mp3"],["quizliteracy","1","Description","word_word","ish","ish","uge","art","","f__","fish.mp3"],["quizliteracy","1","Description","word_word","ney","eat","ney","uge","","mo_____","money.mp3"],["quizliteracy","1","Description","word_word","man","eat","man","ney","","wo____","woman.mp3"],["quizliteracy","1","Description","word_word","air","ney","air","eat","","ch___","chair.mp3"]]}]],0,0,[],[],[]],[[[0,"woman",".mp3",1.008],-1],0,0,[],[],[]],[["0,9729,9729,33071,33071,0,0,1",-1],[1],0,[],[],[]],[["0,9729,9729,33071,33071,0,0,1",-1],[1],0,[],[],[]],[[[0,"meat",".mp3",0.984],-1],0,0,[],[],[]],[["0,9729,9729,33071,33071,0,0,1",-1],[1],0,[],[],[]],[[[0,"chair",".mp3",0.984],-1],0,0,[],[],[]],[["0,9729,9729,33071,33071,0,0,1",-1],[1],0,[],[],[]],[[{"name":"spelling_fish","rect":[0,0,370,273],"offset":[0,0],"originalSize":[370,273],"capInsets":[0,0,0,0]}],[0],0,[0],[0],[5]],[[{"name":"spelling_chair","rect":[0,0,370,273],"offset":[0,0],"originalSize":[370,273],"capInsets":[0,0,0,0]}],[0],0,[0],[0],[6]],[[[0,"book",".mp3",0.864],-1],0,0,[],[],[]],[[[0,"money",".mp3",1.008],-1],0,0,[],[],[]],[[{"name":"spelling_rain","rect":[0,0,370,273],"offset":[0,0],"originalSize":[370,273],"capInsets":[0,0,0,0]}],[0],0,[0],[0],[7]],[[[0,"baby",".mp3",1.128],-1],0,0,[],[],[]],[[[0,"fish",".mp3",1.032],-1],0,0,[],[],[]],[[[0,"farm",".mp3",0.96],-1],0,0,[],[],[]],[[{"name":"spelling_farm","rect":[0,0,370,273],"offset":[0,0],"originalSize":[370,273],"capInsets":[0,0,0,0]}],[0],0,[0],[0],[8]],[[{"name":"spelling_meat","rect":[0,0,370,273],"offset":[0,0],"originalSize":[370,273],"capInsets":[0,0,0,0]}],[0],0,[0],[0],[9]],[["0,9729,9729,33071,33071,0,0,1",-1],[1],0,[],[],[]]]]