[1,["25sfPfTrJIeaUEaG4Vz9RH","90KTZH5JtCYqWqyB9xK3sa","35PaBm+apHaZD+ZpMCTqDg","44ZS8ksxdK3Ynsx5FD4ABF"],["_textureSetter"],["cc.SpriteFrame","cc.Texture2D",["cc.AudioClip",["_name","_native","duration"],0],["cc.JsonAsset",["_name","json"],1]],[[2,0,1,2,4],[3,0,1,3]],[[[[0,"ಬಡವ",".mp3",0.696],-1],0,0,[],[],[]],[[{"name":"man","rect":[0,0,400,500],"offset":[0,0],"originalSize":[400,500],"capInsets":[0,0,0,0]}],[0],0,[0],[0],[0]],[["0,9729,9729,33071,33071,0,0,1",-1],[1],0,[],[],[]],[["0,9729,9729,33071,33071,0,0,1",-1],[1],0,[],[],[]],[["0,9729,9729,33071,33071,0,0,1",-1],[1],0,[],[],[]],[[[0,"ಬಲು",".mp3",0.648],-1],0,0,[],[],[]],[[[0,"ಪುರುಷ",".mp3",0.72],-1],0,0,[],[],[]],[[[1,"kn2502",{"rows":[["spelldoor","1","Description","ಭಾರತ","***","0","0","India.png","ಭಾರತ.mp3"],["phonictractor","1","Description","4","ಗುಣಗಾನ","ಗುಣಗಾನ","ಗು","ಗು.mp3","ಣ","ಣ.mp3","ಗಾನ","ಗಾನ.mp3"],["phonictractor","1","Description","4","ಬಲು","ಬಲು.mp3","ಬ","ಬ.mp3","ಲು","ಲು.mp3"],["rocket","1","Description","ಪುರುಷ","ಪು,ರು,ಷ","ಪು,ರು,ಷ","ಪುರುಷ.mp3","man.png","False","False"],["openwindow","1","Description","LEGIT","ಬ,ಡ,ವ","poorman.png","richman.png","ಬಡವ.mp3","ಬ,ಡ,ವ"],["phonictractor","1","Description","4","ಜನುಮ","ಜನುಮ.mp3","ಜ","ಜ.mp3","ನು","ನು.mp3","ಮ","ಮ.mp3"],["quizliteracy","1","Description","image_word","ಭಾರತ","ಮಾಲೆ","ಬಡವ","ಭಾರತ","India.png","","ಭಾರತ.mp3"],["quizliteracy","1","Description","soundonly_word","ಬಡವ","ಬಡವ","ಹೂವು","ಮಾಲೆ","","","ಬಡವ.mp3"],["quizliteracy","1","Description","word_word","ಮ","ರಾ","ಮ","ಪು","","ಜನು__","ಜನುಮ.mp3"]]}]],0,0,[],[],[]],[[[0,"ಣ",".mp3",0.504],-1],0,0,[],[],[]],[[[0,"ಗಾನ",".mp3",0.696],-1],0,0,[],[],[]],[[[0,"ನು",".mp3",0.504],-1],0,0,[],[],[]],[[[0,"ಭಾರತ",".mp3",0.816],-1],0,0,[],[],[]],[[{"name":"richman","rect":[0,0,800,606],"offset":[0,0],"originalSize":[800,606],"capInsets":[0,0,0,0]}],[0],0,[0],[0],[1]],[["0,9729,9729,33071,33071,0,0,1",-1],[1],0,[],[],[]],[[[0,"ಗು",".mp3",0.552],-1],0,0,[],[],[]],[[{"name":"India","rect":[0,0,418,500],"offset":[0,0],"originalSize":[418,500],"capInsets":[0,0,0,0]}],[0],0,[0],[0],[2]],[[[0,"ಬ",".mp3",0.504],-1],0,0,[],[],[]],[[[0,"ಲು",".mp3",0.528],-1],0,0,[],[],[]],[[[0,"ಜ",".mp3",0.528],-1],0,0,[],[],[]],[[[0,"ಮ",".mp3",0.48],-1],0,0,[],[],[]],[[{"name":"poorman","rect":[0,0,533,800],"offset":[0,0],"originalSize":[533,800],"capInsets":[0,0,0,0]}],[0],0,[0],[0],[3]],[[[0,"ಜನುಮ",".mp3",0.744],-1],0,0,[],[],[]]]]