[1,["285TX1p3xKvrQJ1Q0QgXdo","b3umAxZ7NDw7le0cINo0Xn","12Ds2jGM1CkqZv+ssYmzhK","96S1dXAS5JCr+9mVxaHj8b","56GXZMzKlJGp5KHbyfGNW5"],["_textureSetter"],["cc.SpriteFrame","cc.Texture2D",["cc.AudioClip",["_name","_native","duration"],0],["cc.JsonAsset",["_name","json"],1]],[[2,0,1,2,4],[3,0,1,3]],[[[{"name":"जड","rect":[0,0,271,271],"offset":[0,0],"originalSize":[271,271],"capInsets":[0,0,0,0]}],[0],0,[0],[0],[0]],[[[0,"यह",".mp3",0.548571],-1],0,0,[],[],[]],[["0,9729,9729,33071,33071,0,0,1",-1],[1],0,[],[],[]],[[{"name":"यह","rect":[0,0,800,387],"offset":[0,0],"originalSize":[800,387],"capInsets":[0,0,0,0]}],[0],0,[0],[0],[1]],[["0,9729,9729,33071,33071,0,0,1",-1],[1],0,[],[],[]],[[[0,"ज",".mp3",0.49625],-1],0,0,[],[],[]],[[[0,"पर",".mp3",0.548571],-1],0,0,[],[],[]],[["0,9729,9729,33071,33071,0,0,1",-1],[1],0,[],[],[]],[[[0,"वन",".mp3",0.757551],-1],0,0,[],[],[]],[[{"name":"वन","rect":[0,0,271,271],"offset":[0,0],"originalSize":[271,271],"capInsets":[0,0,0,0]}],[0],0,[0],[0],[2]],[[{"name":"पर","rect":[0,0,271,271],"offset":[0,0],"originalSize":[271,271],"capInsets":[0,0,0,0]}],[0],0,[0],[0],[3]],[[[0,"गज",".mp3",0.679184],-1],0,0,[],[],[]],[["0,9729,9729,33071,33071,0,0,1",-1],[1],0,[],[],[]],[["0,9729,9729,33071,33071,0,0,1",-1],[1],0,[],[],[]],[[[0,"वह",".mp3",0.679184],-1],0,0,[],[],[]],[[[0,"ग",".mp3",0.627],-1],0,0,[],[],[]],[[{"name":"वह","rect":[0,0,800,800],"offset":[0,0],"originalSize":[800,800],"capInsets":[0,0,0,0]}],[0],0,[0],[0],[4]],[[[0,"जड",".mp3",0.653061],-1],0,0,[],[],[]],[[[1,"hi0308",{"rows":[["phonictractor","1","Description","5","गज","गज.mp3","ग","ग.mp3","ज","ज.mp3"],["rocket","1","Description","पर","प,र","प,र","पर.mp3","पर.png","false ","false "],["rocket","1","Description","यह","य,ह","य,ह","यह.mp3","यह.png","false ","false "],["rocket","1","Description","वह","व,ह","व,ह","वह.mp3","वह.png","false ","false "],["rocket","1","Description","वन","व,न","व,न","वन.mp3","वन.png","false ","false "],["rocket","1","Description","जड़","ज,ड़","ज,ड़","जड.mp3","जड.png","false ","false "],["grid","1","Description","ड","र,म"],["quizliteracy","1","Description","soundonly_word","गज","जड़","यह","गज","","","गज.mp3"],["quizliteracy","1","Description","image_word","जड़","यह","जड़","भज","जड.png"],["quizliteracy","1","Description","soundonly_word","यह","गज","यह","जड़","","","यह.mp3"]]}]],0,0,[],[],[]]]]