[1,["dfFX2i5y9JFIKHE1HOMGYm","abWvmOLr5AS5td7bXUFoqd","89wwoWnPxLEYSGEiJ8dVMQ"],["_textureSetter"],["cc.SpriteFrame","cc.Texture2D",["cc.AudioClip",["_name","_native","duration"],0],["cc.JsonAsset",["_name","json"],1]],[[2,0,1,2,4],[3,0,1,3]],[[[[0,"न",".mp3",0.966531],-1],0,0,[],[],[]],[[{"name":"nail","rect":[0,0,576,401],"offset":[0,0],"originalSize":[576,401],"capInsets":[0,0,0,0]}],[0],0,[0],[0],[0]],[[[0,"नऊ",".mp3",1.018776],-1],0,0,[],[],[]],[[{"name":"nine","rect":[108,42,387,549],"offset":[-18.5,3.5],"originalSize":[640,640],"capInsets":[0,0,0,0]}],[0],0,[0],[0],[1]],[[{"name":"tap","rect":[0,14,437,626],"offset":[-11,-7],"originalSize":[459,640],"capInsets":[0,0,0,0]}],[0],0,[0],[0],[2]],[["0,9729,9729,33071,33071,0,0,1",-1],[1],0,[],[],[]],[[[0,"नख",".mp3",0.731429],-1],0,0,[],[],[]],[["0,9729,9729,33071,33071,0,0,1",-1],[1],0,[],[],[]],[[[1,"mr0119",{"rows":[["balloonpop","1","Description","2","न","3","न,ण,ध","न.mp3"],["phonictractor","1","Description","5","न","न.mp3","न","न.mp3"],["writeletter","1","Description","न","नळ"],["writecard","1","Description","न","नळ","tap.png","नळ.mp3","नऊ","nine.png","नऊ.mp3","नख","nail.png","नख.mp3"],["quizliteracy","1","Description","soundonly_word","न","न","ध","ऐ","","","न.mp3"],["quizliteracy","1","Description","word_word","न","ध","द","न","","न"],["quizliteracy","1","Description","soundonly_word","न","न","ध","ऐ","","","न.mp3"]]}]],0,0,[],[],[]],[[[0,"नळ",".mp3",1.018776],-1],0,0,[],[],[]],[["0,9729,9729,33071,33071,0,0,1",-1],[1],0,[],[],[]]]]