[1,["5bfvaB/odG6JcJyY5q1ntM","ackWw5qG9My75kdTUp4ZV3","d8Kj7SUIVLiIQ0WYE1i9qb","93hrsOF2tJOIw6YV3LYxi1","d85pUbnIhEobuDO8iXDHFp","b8YuqB5U9GN4ARk4jNXluM","47mJNN49BPcLZYS5hb5SGU","0av8bTR1FIxrrS1BgN4UGo","8ai/XGCWVHDIO1uVogQTlO","34b0yvPLJPe5AUsKSe6bw2"],["_textureSetter"],["cc.Texture2D","cc.SpriteFrame",["cc.AudioClip",["_name","_native","duration"],0],["cc.JsonAsset",["_name","json"],1]],[[2,0,1,2,4],[3,0,1,3]],[[[[0,"आग",".mp3",0.705306],-1],0,0,[],[],[]],[["0,9729,9729,33071,33071,0,0,1",-1],[0],0,[],[],[]],[[{"name":"छाता","rect":[0,0,370,273],"offset":[0,0],"originalSize":[370,273],"capInsets":[0,0,0,0]}],[1],0,[0],[0],[0]],[[{"name":"घास","rect":[0,0,271,271],"offset":[0,0],"originalSize":[271,271],"capInsets":[0,0,0,0]}],[1],0,[0],[0],[1]],[[[0,"हाथ",".mp3",0.653061],-1],0,0,[],[],[]],[["0,9729,9729,33071,33071,0,0,1",-1],[0],0,[],[],[]],[[[0,"हारा",".mp3",0.600816],-1],0,0,[],[],[]],[["0,9729,9729,33071,33071,0,0,1",-1],[0],0,[],[],[]],[["0,9729,9729,33071,33071,0,0,1",-1],[0],0,[],[],[]],[[[0,"कान",".mp3",0.731429],-1],0,0,[],[],[]],[["0,9729,9729,33071,33071,0,0,1",-1],[0],0,[],[],[]],[[[0,"राजा",".mp3",0.783673],-1],0,0,[],[],[]],[["0,9729,9729,33071,33071,0,0,1",-1],[0],0,[],[],[]],[[{"name":"माला","rect":[0,0,370,273],"offset":[0,0],"originalSize":[370,273],"capInsets":[0,0,0,0]}],[1],0,[0],[0],[2]],[[[0,"छाता",".mp3",0.705306],-1],0,0,[],[],[]],[["0,9729,9729,33071,33071,0,0,1",-1],[0],0,[],[],[]],[[[0,"तारा",".mp3",0.679184],-1],0,0,[],[],[]],[[{"name":"राजा","rect":[0,0,271,271],"offset":[0,0],"originalSize":[271,271],"capInsets":[0,0,0,0]}],[1],0,[0],[0],[3]],[["0,9729,9729,33071,33071,0,0,1",-1],[0],0,[],[],[]],[[{"name":"तारा","rect":[0,0,370,273],"offset":[0,0],"originalSize":[370,273],"capInsets":[0,0,0,0]}],[1],0,[0],[0],[4]],[[[1,"hi0502",{"rows":[["spelldoor","1","Description","हारा","*रा","0","1","हारा.png","हारा.mp3"],["spelldoor","1","Description","छाता","*ता","0","1","छाता.png","छाता.mp3"],["spelldoor","1","Description","माला","*ला","0","1","माला.png","माला.mp3"],["spelldoor","1","Description","तारा","*रा","0","1","तारा.png","तारा.mp3"],["openwindow","1","Description","LEGIT","का,न","कान.png","नाक.png","कान.mp3","ज,ग,न,ल,फ,छा,ता,र,थ,व,न,घ,ट्र,क,घो,ड़ा,हा,थी,आ,म,स"],["openwindow","1","Description","LEGIT","ना,क","नाक.png","कान.png","नाक.mp3","ज,ग,न,ल,फ,छा,ता,र,थ,व,न,घ,ट्र,क,घो,ड़ा,हा,थी,आ,म,स"],["rocket","1","Description","आग","आ,ग","आ,ग","आग.mp3","आग.png","false ","false "],["rocket","1","Description","राजा","रा,जा","रा,जा","राजा.mp3","राजा.png","false ","false "],["rocket","1","Description","घास","घा,स","घा,स","घास.mp3","घास.png","false ","false "],["spelldoor","1","Description","हाथ","*थ","0","1","हाथ.png","हाथ.mp3"],["quizliteracy","1","Description","soundonly_word","कान","माला","कान","घास","","","कान.mp3"],["quizliteracy","1","Description","image_word","माला","कान","माला","घास","माला.png"],["quizliteracy","1","Description","soundonly_word","घास","घास","माला","कान","","","घास.mp3"]]}]],0,0,[],[],[]],[["0,9729,9729,33071,33071,0,0,1",-1],[0],0,[],[],[]],[["0,9729,9729,33071,33071,0,0,1",-1],[0],0,[],[],[]],[[{"name":"हारा","rect":[0,0,370,273],"offset":[0,0],"originalSize":[370,273],"capInsets":[0,0,0,0]}],[1],0,[0],[0],[5]],[[[0,"घास",".mp3",0.992653],-1],0,0,[],[],[]],[[[0,"माला",".mp3",0.783673],-1],0,0,[],[],[]],[[{"name":"कान","rect":[0,0,193,153],"offset":[0,0],"originalSize":[193,153],"capInsets":[0,0,0,0]}],[1],0,[0],[0],[6]],[[{"name":"आग","rect":[0,0,271,271],"offset":[0,0],"originalSize":[271,271],"capInsets":[0,0,0,0]}],[1],0,[0],[0],[7]],[[{"name":"हाथ","rect":[20,0,341,268],"offset":[5.5,2.5],"originalSize":[370,273],"capInsets":[0,0,0,0]}],[1],0,[0],[0],[8]],[[{"name":"नाक","rect":[25,6,146,136],"offset":[1.5,2.5],"originalSize":[193,153],"capInsets":[0,0,0,0]}],[1],0,[0],[0],[9]],[[[0,"नाक",".mp3",0.888163],-1],0,0,[],[],[]]]]