[1,["bcwUL63ylJd67De08qNecF","21AVLOx7dDa45a/iVv7Ntx","68VpLO0rtELryNC620gCqf","90FSllJapHGZ30FLzKy6lP","2bPcApDwhIFqeLpEcI4yab","1d1FbwolRKkrEhNzmwLh7S","9eS0grgIpHPLSnREw3uF5B"],["_textureSetter"],["cc.Texture2D","cc.SpriteFrame",["cc.AudioClip",["_name","_native","duration"],0],["cc.JsonAsset",["_name","json"],1]],[[2,0,1,2,4],[3,0,1,3]],[[["0,9729,9729,33071,33071,0,0,1",-1],[0],0,[],[],[]],[["0,9729,9729,33071,33071,0,0,1",-1],[0],0,[],[],[]],[[{"name":"eighteen","rect":[0,0,512,503],"offset":[0,0],"originalSize":[512,503],"capInsets":[0,0,0,0]}],[1],0,[0],[0],[0]],[["0,9729,9729,33071,33071,0,0,1",-1],[0],0,[],[],[]],[[[0,"hundred",".mp3",0.470204],-1],0,0,[],[],[]],[[{"name":"seventeen","rect":[0,0,512,503],"offset":[0,0],"originalSize":[512,503],"capInsets":[0,0,0,0]}],[1],0,[0],[0],[1]],[[{"name":"twenty","rect":[0,0,2109,2070],"offset":[0,0],"originalSize":[2109,2070],"capInsets":[0,0,0,0]}],[1],0,[0],[0],[2]],[["0,9729,9729,33071,33071,0,0,1",-1],[0],0,[],[],[]],[[{"name":"six","rect":[0,0,512,503],"offset":[0,0],"originalSize":[512,503],"capInsets":[0,0,0,0]}],[1],0,[0],[0],[3]],[[[0,"nineteen",".mp3",1.07102],-1],0,0,[],[],[]],[[{"name":"hundred","rect":[0,0,512,503],"offset":[0,0],"originalSize":[512,503],"capInsets":[0,0,0,0]}],[1],0,[0],[0],[4]],[[[0,"twenty",".mp3",0.862041],-1],0,0,[],[],[]],[["0,9729,9729,33071,33071,0,0,1",-1],[0],0,[],[],[]],[["0,9729,9729,33071,33071,0,0,1",-1],[0],0,[],[],[]],[[[0,"seventeen",".mp3",1.149388],-1],0,0,[],[],[]],[[[0,"six",".mp3",0.809796],-1],0,0,[],[],[]],[["0,9729,9729,33071,33071,0,0,1",-1],[0],0,[],[],[]],[[[1,"sl_en3406",{"rows":[["spelldoor","1","Description","seventeen","*****teen","4","4","seventeen.png","seventeen.mp3"],["spelldoor","1","Description","hundred","****red","4","4","hundred.png","hundred.mp3"],["spelldoor","1","Description","eighteen","***ht***","4","4","eighteen.png","eighteen.mp3"],["spelldoor","1","Description","eighty","******","4","4","eighty.png","eighty.mp3"],["spelldoor","1","Description","nineteen","****teen","4","4","nineteen.png","nineteen.mp3"],["spelldoor","1","Description","six","***","4","4","six.png","six.mp3"],["spelldoor","1","Description","twenty","******","4","4","twenty.png","twenty.mp3"],["quizliteracy","1","Description","word_word","red","red","bed","ted","","hund___","hundred.mp3"],["quizliteracy","1","Description","soundonly_word","nineteen","six","nineteen","twenty","","","nineteen.mp3"],["quizliteracy","1","Description","image_word","six","nineteen","eighty","six","six.png"]]}]],0,0,[],[],[]],[[{"name":"nineteen","rect":[0,0,512,503],"offset":[0,0],"originalSize":[512,503],"capInsets":[0,0,0,0]}],[1],0,[0],[0],[5]],[[[0,"eighty",".mp3",0.574694],-1],0,0,[],[],[]],[[[0,"eighteen",".mp3",1.018776],-1],0,0,[],[],[]],[[{"name":"eighty","rect":[0,0,512,503],"offset":[0,0],"originalSize":[512,503],"capInsets":[0,0,0,0]}],[1],0,[0],[0],[6]]]]