[1,["10Bw5QqvBKKqx4kHgifruI","85T/jSXVNJ1bxc0Yl4X1kN","712JV6BnpCY7pUi0jl3+K/"],["_textureSetter"],["cc.Texture2D","cc.SpriteFrame",["cc.AudioClip",["_name","_native","duration"],0],["cc.JsonAsset",["_name","json"],1]],[[2,0,1,2,4],[3,0,1,3]],[[["0,9729,9729,33071,33071,0,0,1",-1],[0],0,[],[],[]],[[[0,"खजिना",".mp3",1.123265],-1],0,0,[],[],[]],[[{"name":"chalk","rect":[0,0,520,473],"offset":[0,0],"originalSize":[520,473],"capInsets":[0,0,0,0]}],[1],0,[0],[0],[0]],[["0,9729,9729,33071,33071,0,0,1",-1],[0],0,[],[],[]],[["0,9729,9729,33071,33071,0,0,1",-1],[0],0,[],[],[]],[[[1,"mr0101",{"rows":[["balloonpop","1","Description","2","ख","3","क,ऊ,ख","ख.mp3"],["phonictractor","1","Description","5","ख","ख.mp3","ख","ख.mp3"],["writeletter","1","Description","ख","खडू"],["writecard","1","Description","ख","खडू","chalk.png","खडू.mp3","खजिना","treasure.png","खजिना.mp3","खराटा","broom.png","खराटा.mp3"],["quizliteracy","1","Description","soundonly_word","ख","ऐ","ख","क","","","ख.mp3"],["quizliteracy","1","Description","word_word","ख","ख","क","ऐ","","ख"],["quizliteracy","1","Description","soundonly_word","ख","ऐ","ख","क","","","ख.mp3"]]}]],0,0,[],[],[]],[[{"name":"broom","rect":[0,0,500,500],"offset":[0,0],"originalSize":[500,500],"capInsets":[0,0,0,0]}],[1],0,[0],[0],[1]],[[{"name":"treasure","rect":[1,75,597,449],"offset":[-0.5,0.5],"originalSize":[600,600],"capInsets":[0,0,0,0]}],[1],0,[0],[0],[2]],[[[0,"खडू",".mp3",0.940408],-1],0,0,[],[],[]],[[[0,"ख",".mp3",0.783673],-1],0,0,[],[],[]],[[[0,"खराटा",".mp3",1.097143],-1],0,0,[],[],[]]]]