[1,["b1yQgULtNPUbo5S48uNtVn","8dRWo3q/dNhYN9zcw+qnIM","550ZGCqxlAsZwZT4rXiF4i","6elGRpr/dNvLWWE3LoeQks","02eBZ4fiVLm6KmVFC+/FBz","d8K9J1hCFIkKyZ0uQ6dnK5","d1mChTybFOoZ+XiVzTB937","e8AGeVMCxIbL5KL70TFZqr","0dzUjvAjtAxZCcPOZT/krn"],["_textureSetter"],["cc.Texture2D","cc.SpriteFrame",["cc.AudioClip",["_name","_native","duration"],0],["cc.JsonAsset",["_name","json"],1]],[[2,0,1,2,4],[3,0,1,3]],[[["0,9729,9729,33071,33071,0,0,1",-1],[0],0,[],[],[]],[[[0,"ಕಿಟಕಿ",".mp3",0.744],-1],0,0,[],[],[]],[["0,9729,9729,33071,33071,0,0,1",-1],[0],0,[],[],[]],[[{"name":"shivagod","rect":[0,0,800,533],"offset":[0,0],"originalSize":[800,533],"capInsets":[0,0,0,0]}],[1],0,[0],[0],[0]],[[[0,"ಸಾವಿರ",".mp3",0.84],-1],0,0,[],[],[]],[[{"name":"squirrel","rect":[0,0,500,356],"offset":[0,0],"originalSize":[500,356],"capInsets":[0,0,0,0]}],[1],0,[0],[0],[1]],[[{"name":"jasmine","rect":[0,0,389,800],"offset":[0,0],"originalSize":[389,800],"capInsets":[0,0,0,0]}],[1],0,[0],[0],[2]],[[[0,"ಇಣಚಿ",".mp3",0.744],-1],0,0,[],[],[]],[[[0,"ಪಿರಿ",".mp3",0.6],-1],0,0,[],[],[]],[[[0,"ಸಿಹಿ",".mp3",0.72],-1],0,0,[],[],[]],[[[0,"ಪಿರಿಪಿರಿ",".mp3",0.816],-1],0,0,[],[],[]],[[[0,"ಹಿ",".mp3",0.528],-1],0,0,[],[],[]],[["0,9729,9729,33071,33071,0,0,1",-1],[0],0,[],[],[]],[[[0,"ದಿನ",".mp3",0.6],-1],0,0,[],[],[]],[[[0,"ಹಿಮ",".mp3",0.6],-1],0,0,[],[],[]],[[[0,"ಸಿ",".mp3",0.6],-1],0,0,[],[],[]],[["0,9729,9729,33071,33071,0,0,1",-1],[0],0,[],[],[]],[[{"name":"snow","rect":[0,0,800,572],"offset":[0,0],"originalSize":[800,572],"capInsets":[0,0,0,0]}],[1],0,[0],[0],[3]],[[[0,"ಶಿವ",".mp3",0.648],-1],0,0,[],[],[]],[["0,9729,9729,33071,33071,0,0,1",-1],[0],0,[],[],[]],[[[0,"ಗಿರಿ",".mp3",0.624],-1],0,0,[],[],[]],[[[0,"ಬಿಳಿ",".mp3",0.624],-1],0,0,[],[],[]],[[[0,"ಸಾಲ",".mp3",0.744],-1],0,0,[],[],[]],[[{"name":"mouth","rect":[0,0,533,800],"offset":[0,0],"originalSize":[533,800],"capInsets":[0,0,0,0]}],[1],0,[0],[0],[4]],[[[0,"ಜಾಜಿ",".mp3",0.768],-1],0,0,[],[],[]],[[{"name":"white","rect":[0,0,674,800],"offset":[0,0],"originalSize":[674,800],"capInsets":[0,0,0,0]}],[1],0,[0],[0],[5]],[[{"name":"tree","rect":[0,0,800,590],"offset":[0,0],"originalSize":[800,590],"capInsets":[0,0,0,0]}],[1],0,[0],[0],[6]],[["0,9729,9729,33071,33071,0,0,1",-1],[0],0,[],[],[]],[[[0,"ನ",".mp3",0.48],-1],0,0,[],[],[]],[[{"name":"hill","rect":[0,0,800,450],"offset":[0,0],"originalSize":[800,450],"capInsets":[0,0,0,0]}],[1],0,[0],[0],[7]],[[[0,"ದಿ",".mp3",0.528],-1],0,0,[],[],[]],[["0,9729,9729,33071,33071,0,0,1",-1],[0],0,[],[],[]],[["0,9729,9729,33071,33071,0,0,1",-1],[0],0,[],[],[]],[[{"name":"window","rect":[0,0,500,417],"offset":[0,0],"originalSize":[500,417],"capInsets":[0,0,0,0]}],[1],0,[0],[0],[8]],[[[1,"kn1702",{"rows":[["phonictractor","1","Description","4","ದಿನ","ದಿನ.mp3","ದಿ","ದಿ.mp3","ನ","ನ.mp3"],["phonictractor","1","Description","4","ಪಿರಿಪಿರಿ","ಪಿರಿಪಿರಿ.mp3","ಪಿ","ಪಿ.mp3","ರಿ","ರಿ.mp3","ಪಿರಿ","ಪಿರಿ.mp3"],["spelldoor","1","Description","ಜಾಜಿ","**","0","0","jasmine.png","ಜಾಜಿ.mp3"],["spelldoor","1","Description","ಇಣಚಿ","***","0","0","squirrel.png","ಇಣಚಿ.mp3"],["spelldoor","1","Description","ಕಿಟಕಿ","***","0","0","window.png","ಕಿಟಕಿ.mp3"],["spelldoor","1","Description","ಹಿಮ","**","0","0","snow.png","ಹಿಮ.mp3"],["openwindow","1","Description","LEGIT","ಗಿ,ರಿ","hill.png","tree.png","ಗಿರಿ.mp3","ಗಿ,ರಿ"],["rocket","1","Description","ಬಿಳಿ","ಬಿ,ಳಿ","ಬಿ,ಳಿ","ಬಿಳಿ.mp3","white.png","False","False"],["spelldoor","1","Description","ಶಿವ","*ವ","0","0","shivagod.png","ಶಿವ.mp3"],["phonictractor","1","Description","4","ಸಿಹಿ","ಸಿಹಿ.mp3","ಸಿ","ಸಿ.mp3","ಹಿ","ಹಿ.mp3"],["quizliteracy","1","Description","image_word","ಬಾಯಿ","ಬಾಯಿ","ಕಾಯಿ","ನಾಯಿ","mouth.png"],["quizliteracy","1","Description","word_word","ಸಾ","ತಾ","ನಾ","ಸಾ","","__ಲ","ಸಾಲ.mp3"],["quizliteracy","1","Description","soundonly_word","ಸಾವಿರ","ಲಾಲಿ","ಸಾವಿರ","ಶಾಕ","","","ಸಾವಿರ.mp3"]]}]],0,0,[],[],[]],[["0,9729,9729,33071,33071,0,0,1",-1],[0],0,[],[],[]],[[[0,"ರಿ",".mp3",0.504],-1],0,0,[],[],[]],[[[0,"ಪಿ",".mp3",0.528],-1],0,0,[],[],[]]]]