[1,["2eBfMcW1lDeauNw930hE44","b2kQ3+zthMjarvDEF3kq8s","69GKSooF9Iroev2bBTPApp","b93dTCJgtBXZi70Jr5P7pt","a0A896PkZJ+ZrS/xnuUZMo","d7Wb/IlQRJhavFvFp1tw+o","2ffo82ExlG7Lu2uMBr6j2v","03bNWOSmBIxqydXbuiBryD","90L0s9H71CVLlSeWCBaf7O","efhpKTAu9HdKlXw73XiMAv","6bpS3QO0VC9abJkVimNd21","56lIX9PhVB/Iv5OawkrAD0","66YUqpIIxM76dAR4akt2aP","b6/wP8r9hLr4Uxkhw6hhOX","039vEDpqVCx79UTWFeAbCQ","bchvXdNqZGsoesDG86hKdE","65ukYsBfVMcJKfyFdkme0h"],["_textureSetter"],["cc.SpriteFrame","cc.Texture2D",["cc.JsonAsset",["_name","json"],1]],[[2,0,1,3]],[[[{"name":"matchinggame_parallelogram_1_large","rect":[6,34,178,84],"offset":[0,-1],"originalSize":[190,150],"capInsets":[0,0,0,0]}],[0],0,[0],[0],[0]],[["0,9729,9729,33071,33071,0,0,1",-1],[1],0,[],[],[]],[["0,9729,9729,33071,33071,0,0,1",-1],[1],0,[],[],[]],[[{"name":"matchinggame_rhombus_2_large","rect":[23,3,144,144],"offset":[0,0],"originalSize":[190,150],"capInsets":[0,0,0,0]}],[0],0,[0],[0],[1]],[[{"name":"matchinggame_oval_2_small","rect":[66,39,59,72],"offset":[0.5,0],"originalSize":[190,150],"capInsets":[0,0,0,0]}],[0],0,[0],[0],[2]],[[{"name":"matchinggame_hexagon_2_medium","rect":[36,28,117,102],"offset":[-0.5,-4],"originalSize":[190,150],"capInsets":[0,0,0,0]}],[0],0,[0],[0],[3]],[[{"name":"matchinggame_hexagon_2_large","rect":[16,7,158,137],"offset":[0,-0.5],"originalSize":[190,150],"capInsets":[0,0,0,0]}],[0],0,[0],[0],[4]],[["0,9729,9729,33071,33071,0,0,1",-1],[1],0,[],[],[]],[["0,9729,9729,33071,33071,0,0,1",-1],[1],0,[],[],[]],[[{"name":"matchinggame_parallelogram_2_small","rect":[42,52,104,52],"offset":[-1,-3],"originalSize":[190,150],"capInsets":[0,0,0,0]}],[0],0,[0],[0],[5]],[[{"name":"matchinggame_oval_1_medium","rect":[55,22,80,106],"offset":[0,0],"originalSize":[190,150],"capInsets":[0,0,0,0]}],[0],0,[0],[0],[6]],[[{"name":"matchinggame_rhombus_1_large","rect":[24,4,142,142],"offset":[0,0],"originalSize":[190,150],"capInsets":[0,0,0,0]}],[0],0,[0],[0],[7]],[[{"name":"matchinggame_parallelogram_2_medium","rect":[26,47,134,62],"offset":[-2,-3],"originalSize":[190,150],"capInsets":[0,0,0,0]}],[0],0,[0],[0],[8]],[[{"name":"matchinggame_oval_2_medium","rect":[54,22,82,106],"offset":[0,0],"originalSize":[190,150],"capInsets":[0,0,0,0]}],[0],0,[0],[0],[9]],[["0,9729,9729,33071,33071,0,0,1",-1],[1],0,[],[],[]],[[{"name":"matchinggame_rhombus_2_small","rect":[58,41,75,72],"offset":[0.5,-2],"originalSize":[190,150],"capInsets":[0,0,0,0]}],[0],0,[0],[0],[10]],[[{"name":"matchinggame_hexagon_2_small","rect":[56,44,77,71],"offset":[-0.5,-4.5],"originalSize":[190,150],"capInsets":[0,0,0,0]}],[0],0,[0],[0],[11]],[["0,9729,9729,33071,33071,0,0,1",-1],[1],0,[],[],[]],[["0,9729,9729,33071,33071,0,0,1",-1],[1],0,[],[],[]],[[{"name":"matchinggame_oval_2_large","rect":[40,3,110,145],"offset":[0,-0.5],"originalSize":[190,150],"capInsets":[0,0,0,0]}],[0],0,[0],[0],[12]],[[{"name":"matchinggame_parallelogram_2_large","rect":[5,34,180,84],"offset":[0,-1],"originalSize":[190,150],"capInsets":[0,0,0,0]}],[0],0,[0],[0],[13]],[["0,9729,9729,33071,33071,0,0,1",-1],[1],0,[],[],[]],[["0,9729,9729,33071,33071,0,0,1",-1],[1],0,[],[],[]],[["0,9729,9729,33071,33071,0,0,1",-1],[1],0,[],[],[]],[["0,9729,9729,33071,33071,0,0,1",-1],[1],0,[],[],[]],[[{"name":"matchinggame_rhombus_2_medium","rect":[36,18,119,118],"offset":[0.5,-2],"originalSize":[190,150],"capInsets":[0,0,0,0]}],[0],0,[0],[0],[14]],[[{"name":"matchinggame_hexagon_1_large","rect":[13,4,164,143],"offset":[0,-0.5],"originalSize":[190,150],"capInsets":[0,0,0,0]}],[0],0,[0],[0],[15]],[["0,9729,9729,33071,33071,0,0,1",-1],[1],0,[],[],[]],[["0,9729,9729,33071,33071,0,0,1",-1],[1],0,[],[],[]],[["0,9729,9729,33071,33071,0,0,1",-1],[1],0,[],[],[]],[["0,9729,9729,33071,33071,0,0,1",-1],[1],0,[],[],[]],[[[0,"maths1311",{"rows":[["shapepair","1","Description","image","image","matchinggame_hexagon_1_large.png","matchinggame_hexagon_2_medium.png","hexagon.mp3","matchinggame_parallelogram_1_large.png","matchinggame_parallelogram_2_medium.png","parallelogram.mp3","matchinggame_rhombus_1_large.png","matchinggame_rhombus_2_medium.png","rhombus.mp3","matchinggame_oval_1_large.png","matchinggame_oval_2_medium.png","oval.mp3"],["shapepair","1","Description","image","image","matchinggame_hexagon_2_large.png","matchinggame_hexagon_2_small.png","hexagon.mp3","matchinggame_parallelogram_2_large.png","matchinggame_parallelogram_2_small.png","parallelogram.mp3","matchinggame_rhombus_2_large.png","matchinggame_rhombus_2_small.png","rhombus.mp3","matchinggame_oval_2_large.png","matchinggame_oval_2_small.png","oval.mp3"],["shapepair","1","Description","image","image","matchinggame_rhombus_1_large.png","matchinggame_rhombus_2_medium.png","rhombus.mp3","matchinggame_parallelogram_1_large.png","matchinggame_parallelogram_2_medium.png","parallelogram.mp3","matchinggame_hexagon_1_large.png","matchinggame_hexagon_1_large.png","hexagon.mp3","matchinggame_oval_1_medium.png","matchinggame_oval_2_medium.png","oval.mp3"],["quizmaths","1","Description","shapes","trapezoid","pentagon","hexagon","parallelogram","trapezoid","which","which_is_a_trapezoid.mp3","Which is a trapezoid?"],["quizmaths","1","Description","shapes","pentagon","hexagon","parallelogram","trapezoid","pentagon","what","what_is_this_shape.mp3","What is this shape?"],["quizmaths","1","Description","shapes","circle","square","triangle","rectangle","circle","what","what_is_this_shape.mp3","What is this shape?"]]}]],0,0,[],[],[]],[["0,9729,9729,33071,33071,0,0,1",-1],[1],0,[],[],[]],[[{"name":"matchinggame_oval_1_large","rect":[40,4,110,143],"offset":[0,-0.5],"originalSize":[190,150],"capInsets":[0,0,0,0]}],[0],0,[0],[0],[16]],[["0,9729,9729,33071,33071,0,0,1",-1],[1],0,[],[],[]]]]