[1,["30HLTmAUZGG4S0AQTWpyps","44Nwy4LklGN7unDWEYuKP8","ea30jaUrFHwpSGV9KC1/Hq","1fMiuvgq5GkpNfe01S2Yuc","b8UBgcCwJKEZTNNhcPZAda","e7bSVIXv1MLZvdRbWEEo+L","7ak7aZ9fdP77TUBNR5WxHF"],["_textureSetter"],["cc.SpriteFrame","cc.Texture2D",["cc.AudioClip",["_name","_native","duration"],0],["cc.JsonAsset",["_name","json"],1]],[[2,0,1,2,4],[3,0,1,3]],[[[{"name":"thirteenth","rect":[0,0,512,368],"offset":[0,0],"originalSize":[512,368],"capInsets":[0,0,0,0]}],[0],0,[0],[0],[0]],[[[0,"fourteenth",".mp3",1.152],-1],0,0,[],[],[]],[["0,9729,9729,33071,33071,0,0,1",-1],[1],0,[],[],[]],[["0,9729,9729,33071,33071,0,0,1",-1],[1],0,[],[],[]],[[[0,"eleventh",".mp3",0.984],-1],0,0,[],[],[]],[["0,9729,9729,33071,33071,0,0,1",-1],[1],0,[],[],[]],[[{"name":"tenth","rect":[0,0,512,378],"offset":[0,0],"originalSize":[512,378],"capInsets":[0,0,0,0]}],[0],0,[0],[0],[1]],[[[0,"tenth",".mp3",0.816],-1],0,0,[],[],[]],[[{"name":"twelfth","rect":[0,0,842,606],"offset":[0,0],"originalSize":[842,606],"capInsets":[0,0,0,0]}],[0],0,[0],[0],[2]],[[[0,"ninth",".mp3",0.84],-1],0,0,[],[],[]],[["0,9729,9729,33071,33071,0,0,1",-1],[1],0,[],[],[]],[[{"name":"eleventh","rect":[0,0,512,378],"offset":[0,0],"originalSize":[512,378],"capInsets":[0,0,0,0]}],[0],0,[0],[0],[3]],[[[1,"sl_en3505",{"rows":[["openwindow1","1","Description","LEGIT","eighth","eighth.png","tenth.png","eight.mp3",""],["openwindow1","1","Description","LEGIT","ninth","ninth.png","twelfth.png","ninth.mp3",""],["openwindow1","1","Description","LEGIT","tenth","tenth.png","fourteenth.png","tenth.mp3",""],["openwindow1","1","Description","LEGIT","eleventh","eleventh.png","tenth.png","eleventh.mp3",""],["openwindow1","1","Description","LEGIT","twelfth","twelfth.png","eighth.png","twelfth.mp3",""],["openwindow1","1","Description","LEGIT","thirteenth","thirteenth.png","eleventh.png","thirteenth.mp3",""],["openwindow1","1","Description","LEGIT","fourteenth","fourteenth.png","tenth.png","fourteenth.mp3",""],["quizliteracy","1","Description","image_sentence","eighth","ninth","eighth","eleventh","eighth.png","","eighth.mp3"],["quizliteracy","1","Description","image_sentence","tenth","eleventh","fourteenth","tenth","tenth.png","","tenth.mp3"],["quizliteracy","1","Description","image_sentence","thirteenth","thirteenth","twelfth","ninth","thirteenth.png","","thirteenth.mp3"]]}]],0,0,[],[],[]],[[{"name":"ninth","rect":[0,0,512,465],"offset":[0,0],"originalSize":[512,465],"capInsets":[0,0,0,0]}],[0],0,[0],[0],[4]],[[[0,"eight",".mp3",0.672],-1],0,0,[],[],[]],[["0,9729,9729,33071,33071,0,0,1",-1],[1],0,[],[],[]],[[{"name":"eighth","rect":[0,0,512,351],"offset":[0,0],"originalSize":[512,351],"capInsets":[0,0,0,0]}],[0],0,[0],[0],[5]],[[[0,"thirteenth",".mp3",1.08],-1],0,0,[],[],[]],[[{"name":"fourteenth","rect":[0,0,512,436],"offset":[0,0],"originalSize":[512,436],"capInsets":[0,0,0,0]}],[0],0,[0],[0],[6]],[["0,9729,9729,33071,33071,0,0,1",-1],[1],0,[],[],[]],[["0,9729,9729,33071,33071,0,0,1",-1],[1],0,[],[],[]],[[[0,"twelfth",".mp3",0.864],-1],0,0,[],[],[]]]]