[1,["d9zdncpHRHqJSsU3US7Stk","8e2Ui8mD5MJrrqe7LeHqh8"],["_textureSetter"],["cc.SpriteFrame","cc.Texture2D",["cc.JsonAsset",["_name","json"],1]],[[2,0,1,3]],[[[{"name":"watermelon-outline-tutorial","rect":[207,4,609,608],"offset":[11.5,-2],"originalSize":[1000,612],"capInsets":[0,0,0,0]}],[0],0,[0],[0],[0]],[[[0,"watermelon-outline-tutorial-json",[[{"x":521,"y":501.5},{"x":519,"y":497.5},{"x":520,"y":494.5},{"x":518,"y":491.5},{"x":515,"y":489.5},{"x":517,"y":485.5},{"x":513,"y":484.5},{"x":513,"y":480.5},{"x":512,"y":477.5},{"x":511,"y":474.5},{"x":506,"y":469.5},{"x":501,"y":464.5},{"x":499,"y":460.5},{"x":494,"y":456.5},{"x":495,"y":453.5},{"x":491,"y":450.5},{"x":492,"y":447.5},{"x":491,"y":444.5},{"x":487,"y":440.5},{"x":485,"y":437.5},{"x":483,"y":432.5},{"x":481,"y":428.5},{"x":477,"y":424.5},{"x":476,"y":420.5},{"x":472,"y":417.5},{"x":471,"y":414.5},{"x":470,"y":409.5},{"x":469,"y":403.5},{"x":466,"y":401.5},{"x":462,"y":394.5},{"x":461,"y":389.5},{"x":459,"y":386.5},{"x":457,"y":382.5},{"x":453,"y":377.5},{"x":454,"y":374.5},{"x":451,"y":375.5},{"x":452,"y":370.5},{"x":447,"y":362.5},{"x":447,"y":358.5},{"x":444,"y":356.5},{"x":444,"y":351.5},{"x":442,"y":347.5},{"x":441,"y":344.5},{"x":440,"y":341.5},{"x":439,"y":336.5},{"x":435,"y":331.5},{"x":433,"y":325.5},{"x":429,"y":322.5},{"x":428,"y":314.5},{"x":425,"y":313.5},{"x":422,"y":306.5},{"x":420,"y":301.5},{"x":416,"y":292.5},{"x":414,"y":287.5},{"x":412,"y":284.5},{"x":411,"y":281.5},{"x":408,"y":275.5},{"x":405,"y":270.5},{"x":401,"y":261.5},{"x":397,"y":256.5},{"x":396,"y":253.5},{"x":394,"y":250.5},{"x":391,"y":243.5},{"x":388,"y":240.5},{"x":386,"y":233.5},{"x":378,"y":224.5},{"x":375,"y":219.5},{"x":373,"y":216.5},{"x":372,"y":213.5},{"x":370,"y":208.5},{"x":367,"y":205.5},{"x":367,"y":200.5},{"x":364,"y":196.5},{"x":361,"y":193.5},{"x":361,"y":189.5},{"x":359,"y":186.5},{"x":359,"y":179.5},{"x":357,"y":176.5},{"x":356,"y":171.5},{"x":356,"y":166.5},{"x":354,"y":163.5},{"x":350,"y":158.5},{"x":347,"y":149.5},{"x":343,"y":144.5},{"x":341,"y":139.5},{"x":337,"y":134.5},{"x":336,"y":131.5},{"x":333,"y":130.5},{"x":332,"y":123.5},{"x":329,"y":118.5},{"x":325,"y":110.5},{"x":322,"y":108.5},{"x":321,"y":104.5},{"x":319,"y":100.5},{"x":315,"y":97.5},{"x":316,"y":91.5},{"x":313,"y":87.5},{"x":311,"y":84.5},{"x":310,"y":79.5},{"x":307,"y":76.5},{"x":305,"y":71.5},{"x":303,"y":67.5},{"x":303,"y":63.5},{"x":302,"y":60.5},{"x":307,"y":60.5},{"x":313,"y":60.5},{"x":316,"y":61.5},{"x":321,"y":61.5},{"x":328,"y":62.5},{"x":333,"y":62.5},{"x":337,"y":62.5},{"x":344,"y":62.5},{"x":349,"y":62.5},{"x":356,"y":60.5},{"x":359,"y":61.5},{"x":365,"y":61.5},{"x":369,"y":61.5},{"x":377,"y":61.5},{"x":381,"y":61.5},{"x":385,"y":61.5},{"x":389,"y":61.5},{"x":393,"y":61.5},{"x":400,"y":61.5},{"x":405,"y":61.5},{"x":409,"y":61.5},{"x":414,"y":61.5},{"x":422,"y":61.5},{"x":428,"y":61.5},{"x":433,"y":61.5},{"x":436,"y":60.5},{"x":448,"y":60.5},{"x":456,"y":60.5},{"x":465,"y":60.5},{"x":464,"y":57.5},{"x":467,"y":58.5},{"x":474,"y":58.5},{"x":479,"y":56.5},{"x":484,"y":57.5},{"x":492,"y":57.5},{"x":498,"y":57.5},{"x":507,"y":57.5},{"x":511,"y":57.5},{"x":520,"y":57.5},{"x":527,"y":57.5},{"x":532,"y":57.5},{"x":541,"y":57.5},{"x":550,"y":57.5},{"x":556,"y":57.5},{"x":559,"y":59.5},{"x":567,"y":58.5},{"x":563,"y":58.5},{"x":568,"y":58.5},{"x":576,"y":58.5},{"x":580,"y":58.5},{"x":583,"y":59.5},{"x":587,"y":59.5},{"x":599,"y":59.5},{"x":603,"y":59.5},{"x":609,"y":59.5},{"x":612,"y":61.5},{"x":616,"y":60.5},{"x":624,"y":60.5},{"x":627,"y":62.5},{"x":630,"y":61.5},{"x":639,"y":61.5},{"x":644,"y":61.5},{"x":649,"y":61.5},{"x":653,"y":61.5},{"x":667,"y":61.5},{"x":673,"y":62.5},{"x":678,"y":63.5},{"x":682,"y":64.5},{"x":686,"y":64.5},{"x":689,"y":62.5},{"x":694,"y":63.5},{"x":697,"y":62.5},{"x":702,"y":62.5},{"x":707,"y":62.5},{"x":713,"y":60.5},{"x":717,"y":60.5},{"x":722,"y":60.5},{"x":726,"y":60.5},{"x":731,"y":60.5},{"x":734,"y":59.5},{"x":738,"y":59.5},{"x":742,"y":59.5},{"x":746,"y":59.5},{"x":743,"y":61.5},{"x":740,"y":64.5},{"x":738,"y":68.5},{"x":736,"y":73.5},{"x":733,"y":74.5},{"x":733,"y":78.5},{"x":731,"y":83.5},{"x":730,"y":86.5},{"x":729,"y":90.5},{"x":728,"y":94.5},{"x":725,"y":96.5},{"x":723,"y":100.5},{"x":720,"y":102.5},{"x":719,"y":106.5},{"x":714,"y":113.5},{"x":713,"y":117.5},{"x":709,"y":123.5},{"x":705,"y":128.5},{"x":704,"y":131.5},{"x":704,"y":136.5},{"x":701,"y":139.5},{"x":697,"y":145.5},{"x":696,"y":148.5},{"x":694,"y":151.5},{"x":691,"y":157.5},{"x":689,"y":162.5},{"x":687,"y":166.5},{"x":685,"y":172.5},{"x":683,"y":175.5},{"x":682,"y":180.5},{"x":681,"y":184.5},{"x":676,"y":190.5},{"x":674,"y":193.5},{"x":671,"y":195.5},{"x":672,"y":198.5},{"x":667,"y":204.5},{"x":666,"y":209.5},{"x":664,"y":212.5},{"x":662,"y":215.5},{"x":661,"y":218.5},{"x":659,"y":227.5},{"x":656,"y":231.5},{"x":653,"y":237.5},{"x":650,"y":241.5},{"x":649,"y":245.5},{"x":647,"y":248.5},{"x":645,"y":251.5},{"x":642,"y":257.5},{"x":640,"y":260.5},{"x":637,"y":267.5},{"x":634,"y":272.5},{"x":635,"y":278.5},{"x":633,"y":282.5},{"x":630,"y":286.5},{"x":629,"y":291.5},{"x":622,"y":298.5},{"x":619,"y":307.5},{"x":616,"y":311.5},{"x":616,"y":315.5},{"x":613,"y":318.5},{"x":610,"y":324.5},{"x":605,"y":328.5},{"x":606,"y":331.5},{"x":604,"y":334.5},{"x":602,"y":340.5},{"x":598,"y":345.5},{"x":597,"y":349.5},{"x":594,"y":353.5},{"x":593,"y":358.5},{"x":591,"y":361.5},{"x":588,"y":368.5},{"x":586,"y":371.5},{"x":584,"y":375.5},{"x":582,"y":380.5},{"x":581,"y":383.5},{"x":579,"y":386.5},{"x":577,"y":390.5},{"x":575,"y":396.5},{"x":573,"y":401.5},{"x":570,"y":404.5},{"x":569,"y":408.5},{"x":567,"y":411.5},{"x":565,"y":416.5},{"x":564,"y":420.5},{"x":563,"y":425.5},{"x":560,"y":429.5},{"x":559,"y":433.5},{"x":556,"y":438.5},{"x":553,"y":444.5},{"x":549,"y":452.5},{"x":547,"y":457.5},{"x":544,"y":459.5},{"x":541,"y":461.5},{"x":539,"y":466.5},{"x":537,"y":469.5},{"x":538,"y":472.5},{"x":537,"y":476.5},{"x":534,"y":479.5},{"x":535,"y":483.5},{"x":531,"y":485.5},{"x":530,"y":488.5},{"x":527,"y":490.5},{"x":525,"y":494.5},{"x":523,"y":498.5},{"x":523,"y":502.5},{"x":522,"y":505.5},{"x":519,"y":506.5},{"x":520,"y":509.5},{"x":520,"y":509.5}]]]],0,0,[],[],[]],[["0,9729,9729,33071,33071,0,0,1",-1],[1],0,[],[],[]],[[[0,"drawshape0010",{"rows":[["drawshape","1","Description","watermelon-outline-tutorial.png"]]}]],0,0,[],[],[]],[[{"name":"watermelon-outline","rect":[226,31,571,570],"offset":[11.5,-10],"originalSize":[1000,612],"capInsets":[0,0,0,0]}],[0],0,[0],[0],[1]],[["0,9729,9729,33071,33071,0,0,1",-1],[1],0,[],[],[]]]]