[1,["aakHoUMrJNMa45B/p8kiGD","0bckyCLMhM6Jq+2n9UnGbQ","dfqSSfq5hCBrTR3RV1DDHh","1emq3Gf7dPgISFSHjTWwGK","a40yy1rrJMm5Qz/XnlrYT6","efmCwhTuVHSrE1LZrK0NyM"],["_textureSetter"],["cc.Texture2D","cc.SpriteFrame",["cc.JsonAsset",["_name","json"],1],["cc.AudioClip",["_name","_native","duration"],0]],[[3,0,1,2,4],[2,0,1,3]],[[[[1,"en1101",{"rows":[["grid","1","Description","ch","ain,air,art"],["openwindow","1","Description","LEGIT","heart","heart.png","river.png","heart.mp3","abcdefghijklmnopqrstuvwxyz"],["spelldoor","1","Description","heart","*e*rt","2","1","spelling_heart.png","heart.mp3"],["grid","1","Description","ch","ain,air,art"],["spelldoor","1","Description","chair","*hair","2","0","spelling_chair.png","chair.mp3"],["grid","1","Description","sp,st","ill,are"],["openwindow","1","Description","LEGIT","square","square.png","rocket.png","square.mp3","abcdefghijklmnopqrstuvwxyz"],["quizliteracy","1","Description","word_word","art","air","ain","art","","he___","heart.mp3"],["quizliteracy","1","Description","word_word","art","art","ape","ain","","ch___","chart.mp3"],["quizliteracy","1","Description","word_word","air","ain","est","air","","ch___","chair.mp3"],["quizliteracy","1","Description","word_word","are","are","ape","ain","","squ___","square.mp3"],["quizliteracy","1","Description","word_word","are","ain","are","air","","sh___","share.mp3"]]}]],0,0,[],[],[]],[["0,9729,9729,33071,33071,0,0,1",-1],[0],0,[],[],[]],[["0,9729,9729,33071,33071,0,0,1",-1],[0],0,[],[],[]],[[[0,"square",".mp3",1.056],-1],0,0,[],[],[]],[[[0,"still",".mp3",0.912],-1],0,0,[],[],[]],[[[0,"share",".mp3",0.96],-1],0,0,[],[],[]],[[{"name":"rocket","rect":[19,20,148,120],"offset":[-3.5,-3.5],"originalSize":[193,153],"capInsets":[0,0,0,0]}],[1],0,[0],[0],[0]],[[{"name":"heart","rect":[0,0,512,512],"offset":[0,0],"originalSize":[512,512],"capInsets":[0,0,0,0]}],[1],0,[0],[0],[1]],[[{"name":"spelling_heart","rect":[0,0,370,273],"offset":[0,0],"originalSize":[370,273],"capInsets":[0,0,0,0]}],[1],0,[0],[0],[2]],[[[0,"chair",".mp3",0.888],-1],0,0,[],[],[]],[[[0,"stare",".mp3",0.984],-1],0,0,[],[],[]],[[{"name":"spelling_chair","rect":[0,0,370,273],"offset":[0,0],"originalSize":[370,273],"capInsets":[0,0,0,0]}],[1],0,[0],[0],[3]],[[[0,"chain",".mp3",0.912],-1],0,0,[],[],[]],[[[0,"chart",".mp3",0.984],-1],0,0,[],[],[]],[[{"name":"square","rect":[50,31,89,90],"offset":[-2,0.5],"originalSize":[193,153],"capInsets":[0,0,0,0]}],[1],0,[0],[0],[4]],[[[0,"spill",".mp3",0.888],-1],0,0,[],[],[]],[["0,9729,9729,33071,33071,0,0,1",-1],[0],0,[],[],[]],[["0,9729,9729,33071,33071,0,0,1",-1],[0],0,[],[],[]],[[{"name":"river","rect":[0,0,512,341],"offset":[0,0],"originalSize":[512,341],"capInsets":[0,0,0,0]}],[1],0,[0],[0],[5]],[["0,9729,9729,33071,33071,0,0,1",-1],[0],0,[],[],[]],[["0,9729,9729,33071,33071,0,0,1",-1],[0],0,[],[],[]],[[[0,"heart",".mp3",1.032],-1],0,0,[],[],[]],[[[0,"spare",".mp3",0.984],-1],0,0,[],[],[]]]]