[1,["bdqjOPXWVMHpa7FGyspqQ6","14P0CoPn5KR6PeEufDJ1QV","e7i9cA48ZBZpC5R8/JKXXM"],["_textureSetter"],["cc.SpriteFrame","cc.Texture2D",["cc.AudioClip",["_name","_native","duration"],0],["cc.JsonAsset",["_name","json"],1]],[[2,0,1,2,4],[3,0,1,3]],[[[{"name":"घडा","rect":[0,0,400,333],"offset":[0,0],"originalSize":[400,333],"capInsets":[0,0,0,0]}],[0],0,[0],[0],[0]],[["0,9729,9729,33071,33071,0,0,1",-1],[1],0,[],[],[]],[[{"name":"घडी","rect":[1,0,398,333],"offset":[0,0],"originalSize":[400,333],"capInsets":[0,0,0,0]}],[0],0,[0],[0],[1]],[[[0,"घर",".mp3",0.653061],-1],0,0,[],[],[]],[[{"name":"घर","rect":[0,0,400,333],"offset":[0,0],"originalSize":[400,333],"capInsets":[0,0,0,0]}],[0],0,[0],[0],[2]],[[[1,"hi0103",{"rows":[["balloonpop","1","Description","2","घ","5","घ","घ.mp3"],["phonictractor","1","Description","5","घ","घ.mp3","घ","घ.mp3"],["writeletter","1","Description","घ","घड़ा"],["writecard","1","Description","घ","घड़ा","घडा.png","घडा.mp3","घर","घर.png","घर.mp3","घड़ी","घडी.png","घडी.mp3"],["quizliteracy","1","Description","soundonly_word","घ","घ","आ","ग","","","घ.mp3"],["quizliteracy","1","Description","word_word","घ","ग","इ","घ","","घ"],["quizliteracy","1","Description","soundonly_word","घ","आ","घ","ग","","","घ.mp3"]]}]],0,0,[],[],[]],[[[0,"घ",".mp3",0.731429],-1],0,0,[],[],[]],[[[0,"घडी",".mp3",0.731429],-1],0,0,[],[],[]],[["0,9729,9729,33071,33071,0,0,1",-1],[1],0,[],[],[]],[[[0,"ध",".mp3",0.47025],-1],0,0,[],[],[]],[[[0,"घडा",".mp3",0.835918],-1],0,0,[],[],[]],[["0,9729,9729,33071,33071,0,0,1",-1],[1],0,[],[],[]]]]