[1,["e0tBAPcW5CLqE2B/JWIUTA","f5mQpANP1NPYeAZdXSv4G0","18SbswsqpAjI1Zyf+PdNbL","99vOmNbTZJzLJGbxlDkEHS","7bCz/t8NtDW6UhM7doCKut","fcHwYD9m5HSKokIpaO64Lc","6bdaWZQzJPiqTFl6Hr0uW5","b5JKS9WxFBXqtv71PfYPJl","26s8iCAwBBiq/3yW6B8moW","54CV676fBBpIr4A0I8aRBf","978Dk0jLJCUbfxLIAx7Mo7","5cfOtN9e5Mjoyk7EZVXhuQ"],["_textureSetter"],["cc.Texture2D","cc.SpriteFrame",["cc.AudioClip",["_name","_native","duration"],0],["cc.JsonAsset",["_name","json"],1]],[[2,0,1,2,4],[3,0,1,3]],[[[[0,"ಜಗ",".mp3",0.672],-1],0,0,[],[],[]],[["0,9729,9729,33071,33071,0,0,1",-1],[0],0,[],[],[]],[[[0,"ನರ",".mp3",0.576],-1],0,0,[],[],[]],[[{"name":"world","rect":[0,0,800,532],"offset":[0,0],"originalSize":[800,532],"capInsets":[0,0,0,0]}],[1],0,[0],[0],[0]],[[{"name":"people","rect":[0,0,800,527],"offset":[0,0],"originalSize":[800,527],"capInsets":[0,0,0,0]}],[1],0,[0],[0],[1]],[[{"name":"lotus","rect":[0,0,500,333],"offset":[0,0],"originalSize":[500,333],"capInsets":[0,0,0,0]}],[1],0,[0],[0],[2]],[["0,9729,9729,33071,33071,0,0,1",-1],[0],0,[],[],[]],[[[0,"ಜವ",".mp3",0.624],-1],0,0,[],[],[]],[[{"name":"grains","rect":[0,0,800,532],"offset":[0,0],"originalSize":[800,532],"capInsets":[0,0,0,0]}],[1],0,[0],[0],[3]],[[[0,"ವರ",".mp3",0.576],-1],0,0,[],[],[]],[["0,9729,9729,33071,33071,0,0,1",-1],[0],0,[],[],[]],[["0,9729,9729,33071,33071,0,0,1",-1],[0],0,[],[],[]],[[{"name":"yama","rect":[0,0,560,800],"offset":[0,0],"originalSize":[560,800],"capInsets":[0,0,0,0]}],[1],0,[0],[0],[4]],[[{"name":"bull","rect":[0,0,800,450],"offset":[0,0],"originalSize":[800,450],"capInsets":[0,0,0,0]}],[1],0,[0],[0],[5]],[[[0,"ಮಗ",".mp3",0.6],-1],0,0,[],[],[]],[[[1,"kn0107",{"rows":[["writeword","1","Description","ಜನ","people.png","ಜನ.mp3"],["writeword","1","Description","ಜವ","yama.png","ಜವ.mp3"],["writeword","1","Description","ವರ","boon.png","ವರ.mp3"],["writeword","1","Description","ದವಸ","grains.png","ದವಸ.mp3"],["writeword","1","Description","ಮಗ","son.png","ಮಗ.mp3"],["writeword","1","Description","ಅವಸರ","hurry.png","ಅವಸರ.mp3"],["writeword","1","Description","ಬನ","garden.png","ಬನ.mp3"],["writeword","1","Description","ನಗರ","city.png","ನಗರ.mp3"],["writeword","1","Description","ನರ","man.png","ನರ.mp3"],["writeword","1","Description","ಬಸವ","bull.png","ಬಸವ.mp3"],["writeword","1","Description","ವನಜ","lotus.png","ವನಜ.mp3"],["writeword","1","Description","ಜಗ","world.png","ಜಗ.mp3"],["quizliteracy","1","Description","image_word","ದವಸ","ದವಸ","ಬನ","ವನಜ","grains.png"],["quizliteracy","1","Description","image_word","ಬನ","ವನಜ","ದವಸ","ಬನ","garden.png"],["quizliteracy","1","Description","image_word","ವನಜ","ಬನ","ವನಜ","ದವಸ","lotus.png"]]}]],0,0,[],[],[]],[["0,9729,9729,33071,33071,0,0,1",-1],[0],0,[],[],[]],[[{"name":"boon","rect":[0,0,800,535],"offset":[0,0],"originalSize":[800,535],"capInsets":[0,0,0,0]}],[1],0,[0],[0],[6]],[[[0,"ವನಜ",".mp3",0.72],-1],0,0,[],[],[]],[["0,9729,9729,33071,33071,0,0,1",-1],[0],0,[],[],[]],[[[0,"ಜನ",".mp3",0.624],-1],0,0,[],[],[]],[[{"name":"man","rect":[0,0,400,500],"offset":[0,0],"originalSize":[400,500],"capInsets":[0,0,0,0]}],[1],0,[0],[0],[7]],[[[0,"ದವಸ",".mp3",0.792],-1],0,0,[],[],[]],[[[0,"ನಗರ",".mp3",0.696],-1],0,0,[],[],[]],[["0,9729,9729,33071,33071,0,0,1",-1],[0],0,[],[],[]],[["0,9729,9729,33071,33071,0,0,1",-1],[0],0,[],[],[]],[[[0,"ಬಸವ",".mp3",0.744],-1],0,0,[],[],[]],[["0,9729,9729,33071,33071,0,0,1",-1],[0],0,[],[],[]],[[[0,"ಬನ",".mp3",0.6],-1],0,0,[],[],[]],[[{"name":"son","rect":[0,0,533,800],"offset":[0,0],"originalSize":[533,800],"capInsets":[0,0,0,0]}],[1],0,[0],[0],[8]],[[{"name":"city","rect":[0,0,800,590],"offset":[0,0],"originalSize":[800,590],"capInsets":[0,0,0,0]}],[1],0,[0],[0],[9]],[[{"name":"hurry","rect":[0,0,500,333],"offset":[0,0],"originalSize":[500,333],"capInsets":[0,0,0,0]}],[1],0,[0],[0],[10]],[[{"name":"garden","rect":[0,0,800,533],"offset":[0,0],"originalSize":[800,533],"capInsets":[0,0,0,0]}],[1],0,[0],[0],[11]],[[[0,"ಅವಸರ",".mp3",1.2],-1],0,0,[],[],[]],[["0,9729,9729,33071,33071,0,0,1",-1],[0],0,[],[],[]],[["0,9729,9729,33071,33071,0,0,1",-1],[0],0,[],[],[]],[["0,9729,9729,33071,33071,0,0,1",-1],[0],0,[],[],[]]]]