[1,["5fgDun7YJCNq9s/uVsPJSr"],["_textureSetter"],["cc.SpriteFrame","cc.Texture2D",["cc.AudioClip",["_name","_native","duration"],0],["cc.JsonAsset",["_name","json"],1]],[[2,0,1,2,4],[3,0,1,3]],[[[[0,"We_need_a_lamp",".mp3",1.68],-1],0,0,[],[],[]],[[[0,"We_swam_yesterday",".mp3",2.208],-1],0,0,[],[],[]],[[[0,"We_like_bananas",".mp3",2.136],-1],0,0,[],[],[]],[[{"name":"Weswamyesterday","rect":[0,0,1200,537],"offset":[0,0],"originalSize":[1200,537],"capInsets":[0,0,0,0]}],[0],0,[0],[0],[0]],[[[0,"Choose_the_correct_sentence",".mp3",2.592],-1],0,0,[],[],[]],[["1,9729,9729,33071,33071,0,0,1",-1],[1],0,[],[],[]],[[[0,"We_jump",".mp3",1.344],-1],0,0,[],[],[]],[[[0,"We_are_fast",".mp3",1.8],-1],0,0,[],[],[]],[[[0,"We_do_not_cook_at_home",".mp3",2.4],-1],0,0,[],[],[]],[[[0,"We_live_in_this_town",".mp3",2.184],-1],0,0,[],[],[]],[[[1,"en2506",{"rows":[["createsentence","1","Description","We/swam/yesterday","","Weswamyesterday.jpg","We_swam_yesterday.mp3"],["fillblank","1","Description","We [do not] cook at home.","We_do_not_cook_at_home.mp3","are not","does not","is not","10"],["fillblank","1","Description","We live in [this] town.","We_live_in_this_town.mp3","that","the","a","10"],["fillblank","1","Description","We need a [lamp].","We_need_a_lamp.mp3","table","bed","chair","10"],["jumpsentence","1","Description","[We] [jump.]","We_jump.mp3","y","unlocked"],["jumpsentence","1","Description","[We] are fast.","We_are_fast.mp3","y","unlocked"],["jumpsentence","1","Description","[We] like bananas[.]","We_like_bananas.mp3","y","unlocked"],["quizliteracy","1","Description","sentence_sentence","We are hungry.","We are hungry.","He are hungry","She are hungry","","","Choose_the_correct_sentence.mp3"],["quizliteracy","1","Description","sentence_sentence","We","His","Her","We","","____ swam yesterday. ","We_swam_yesterday.mp3"],["quizliteracy","1","Description","sentence_sentence","We","It","We","Him","","__ do not cook at home.  ","We_do_not_cook_at_home.mp3"],["quizliteracy","1","Description","soundonly_sentence","We live in this town.","I live in forest.","He lives in a city. ","We live in this town.","","","We_live_in_this_town.mp3"],["quizliteracy","1","Description","soundonly_sentence","We jump.","She jump. ","We jump. ","He runs. ","","","We_jump.mp3"]]}]],0,0,[],[],[]]]]