[1,["22w3b7CnpJiauuIpbiebVf","6c1vzKWFtKSrOaBtDNP05V","eeXAYxPbVLsJp7gDYbxTih","2bSU0bs19MBq167AY3TJRS","bfah00d11OW7YHmPO4V1y7","61TChd3XJF0InPhoDOfv/y","10frkvR35MY7TbHro2nT99","a3YbtcbNZIE4AcFXtMpma2","45AMLihTZB0Jr4KVrfT9WY","1d6jQD669CHIEgrIYvx7fO","14etgnksBI46QRgLGiR2TF","5bDAeeV+xCwbGCW2gZ0fgO","f1jkGpcSBMkZH72TvKZp6J","ebSmuYfKBJw7wLF+DfYbnv","a2jY294jdFJITtmrFpoR5M","dbWyTXwrFOQakdswfQSz2c"],["_textureSetter"],["cc.Texture2D","cc.SpriteFrame",["cc.AudioClip",["_name","_native","duration"],0],["cc.JsonAsset",["_name","json"],1]],[[2,0,1,2,4],[3,0,1,3]],[[[[0,"The_hospital_is_next_to_the_bank",".mp3",2.35102],-1],0,0,[],[],[]],[[[0,"She_is_in_the_bedroom",".mp3",1.462857],-1],0,0,[],[],[]],[[[0,"A_cat_is_under_the_table",".mp3",2.45551],-1],0,0,[],[],[]],[["0,9729,9729,33071,33071,0,0,1",-1],[0],0,[],[],[]],[[{"name":"l9_teachersitschair","rect":[0,0,868,689],"offset":[0,0],"originalSize":[868,689],"capInsets":[0,0,0,0]}],[1],0,[0],[0],[0]],[["0,9729,9729,33071,33071,0,0,1",-1],[0],0,[],[],[]],[[[0,"She_is_in_the_kitchen",".mp3",1.541224],-1],0,0,[],[],[]],[[{"name":"l9_catonbox","rect":[0,0,868,689],"offset":[0,0],"originalSize":[868,689],"capInsets":[0,0,0,0]}],[1],0,[0],[0],[1]],[[[0,"She_is_in_the_bathroom",".mp3",1.48898],-1],0,0,[],[],[]],[[[0,"behind",".mp3",0.914286],-1],0,0,[],[],[]],[["0,9729,9729,33071,33071,0,0,1",-1],[0],0,[],[],[]],[[{"name":"l9_catundertable","rect":[0,0,868,689],"offset":[0,0],"originalSize":[868,689],"capInsets":[0,0,0,0]}],[1],0,[0],[0],[2]],[["0,9729,9729,33071,33071,0,0,1",-1],[0],0,[],[],[]],[["0,9729,9729,33071,33071,0,0,1",-1],[0],0,[],[],[]],[[[0,"position",".mp3",0.914286],-1],0,0,[],[],[]],[[[0,"A_girl_sits_in_the_chair",".mp3",2.063673],-1],0,0,[],[],[]],[[[0,"She_stands_next_to_the_tree",".mp3",1.776327],-1],0,0,[],[],[]],[[{"name":"l9_hestandtree","rect":[0,0,868,689],"offset":[0,0],"originalSize":[868,689],"capInsets":[0,0,0,0]}],[1],0,[0],[0],[3]],[["0,9729,9729,33071,33071,0,0,1",-1],[0],0,[],[],[]],[[{"name":"l9_dogundertable","rect":[0,0,868,689],"offset":[0,0],"originalSize":[868,689],"capInsets":[0,0,0,0]}],[1],0,[0],[0],[4]],[[{"name":"l9_girlsitschair","rect":[0,0,868,689],"offset":[0,0],"originalSize":[868,689],"capInsets":[0,0,0,0]}],[1],0,[0],[0],[5]],[["0,9729,9729,33071,33071,0,0,1",-1],[0],0,[],[],[]],[["0,9729,9729,33071,33071,0,0,1",-1],[0],0,[],[],[]],[[[0,"He_stands_next_to_the_tree",".mp3",1.697959],-1],0,0,[],[],[]],[[{"name":"l9_boysitschair","rect":[0,0,868,689],"offset":[0,0],"originalSize":[868,689],"capInsets":[0,0,0,0]}],[1],0,[0],[0],[6]],[["0,9729,9729,33071,33071,0,0,1",-1],[0],0,[],[],[]],[[[0,"on",".mp3",0.626939],-1],0,0,[],[],[]],[[[0,"A_dog_is_under_the_table",".mp3",2.377143],-1],0,0,[],[],[]],[[[0,"A_teacher_sits_in_the_chair",".mp3",2.011429],-1],0,0,[],[],[]],[[[0,"A_cat_is_on_the_box",".mp3",2.246531],-1],0,0,[],[],[]],[[{"name":"l9_shestandtree","rect":[0,0,868,689],"offset":[0,0],"originalSize":[868,689],"capInsets":[0,0,0,0]}],[1],0,[0],[0],[7]],[["1,9729,9729,33071,33071,0,0,1",-1],[0],0,[],[],[]],[["0,9729,9729,33071,33071,0,0,1",-1],[0],0,[],[],[]],[[[0,"A_cat_is_under_the_box",".mp3",2.690612],-1],0,0,[],[],[]],[[{"name":"l9_catinbox","rect":[0,0,868,689],"offset":[0,0],"originalSize":[868,689],"capInsets":[0,0,0,0]}],[1],0,[0],[0],[8]],[[[0,"The_students_are_in_the_classroom",".mp3",2.011429],-1],0,0,[],[],[]],[["0,9729,9729,33071,33071,0,0,1",-1],[0],0,[],[],[]],[[[0,"A_cat_is_in_the_box",".mp3",2.063673],-1],0,0,[],[],[]],[[[0,"A_boy_sits_in_the_chair",".mp3",2.246531],-1],0,0,[],[],[]],[[[0,"in",".mp3",0.548571],-1],0,0,[],[],[]],[[{"name":"l9_shebathroom","rect":[0,0,868,689],"offset":[0,0],"originalSize":[868,689],"capInsets":[0,0,0,0]}],[1],0,[0],[0],[9]],[[[0,"A_rabbit_is_under_the_table",".mp3",2.089796],-1],0,0,[],[],[]],[[{"name":"l9_rabbitundertable","rect":[0,0,868,689],"offset":[0,0],"originalSize":[868,689],"capInsets":[0,0,0,0]}],[1],0,[0],[0],[10]],[[{"name":"l9_shekitchen","rect":[0,0,868,689],"offset":[0,0],"originalSize":[868,689],"capInsets":[0,0,0,0]}],[1],0,[0],[0],[11]],[[{"name":"l9_theystandtree","rect":[0,0,868,689],"offset":[0,0],"originalSize":[868,689],"capInsets":[0,0,0,0]}],[1],0,[0],[0],[12]],[["0,9729,9729,33071,33071,0,0,1",-1],[0],0,[],[],[]],[[[1,"sl_en2808",{"rows":[["tag","1","Description","image_24_1.jpg","position","280.-1520","position.mp3","on","1105.-513","on.mp3","under","412.-1288","under.mp3","in","409.-405","in.mp3","behind","1103.-1029","behind.mp3"],["fillblank","1","Description","The hospital is [next to] the bank.","The_hospital_is_next_to_the_bank.mp3","between","behind","under","15"],["fillblank","1","Description","The students are [in] the classroom.","The_students_are_in_the_classroom.mp3","on","behind","under","15"],["picturemeaning","1","Description","S","She is in the kitchen.","l9_shekitchen.png","She_is_in_the_kitchen.mp3","She is in the bedroom.","l9_shebedroom.png","She_is_in_the_bedroom.mp3","She is in the bathroom.","l9_shebathroom.png","She_is_in_the_bathroom.mp3"],["picturemeaning","1","Description","S","A dog is under the table.","l9_dogundertable.png","A_dog_is_under_the_table.mp3","A cat is under the table.","l9_catundertable.png","A_cat_is_under_the_table.mp3","A rabbit is under the table.","l9_rabbitundertable.png","A_rabbit_is_under_the_table.mp3"],["picturemeaning","1","Description","P","A cat is on the box.","l9_catonbox.png","A_cat_is_on_the_box.mp3","A cat is in the box.","l9_catinbox.png","A_cat_is_in_the_box.mp3","A cat is under the box.","l9_catunderbox.png","A_cat_is_under_the_box.mp3"],["picturemeaning","1","Description","P","A boy sits in the chair.","l9_boysitschair.png","A_boy_sits_in_the_chair.mp3","A girl sits in the chair.","l9_girlsitschair.png","A_girl_sits_in_the_chair.mp3","A teacher sits in the chair.","l9_teachersitschair.png","A_teacher_sits_in_the_chair.mp3"],["picturemeaning","1","Description","P","He stands next to the tree.","l9_hestandtree.png","He_stands_next_to_the_tree.mp3","She stands next to the tree.","l9_shestandtree.png","She_stands_next_to_the_tree.mp3","They stand next to the tree.","l9_theystandtree.png","They_stand_next_to_the_tree.mp3"],["quizliteracy","1","Description","image_sentence","She is in the kitchen.","She is in the park.","She is in the school.","She is in the kitchen.","l9_shekitchen.png","","She_is_in_the_kitchen.mp3"],["quizliteracy","1","Description","image_sentence","A cat is on the box.","A rabbit is on the table.","A cat is on the box.","A cat is under the table.","l9_catonbox.png","","A_cat_is_on_the_box.mp3"],["quizliteracy","1","Description","sentence_sentence","under","in","under","on","","A dog is ______ the table.","A_dog_is_under_the_table.mp3"],["quizliteracy","1","Description","sentence_sentence","next","on","in","next","","He stands ____ to the tree.","He_stands_next_to_the_tree.mp3"],["quizliteracy","1","Description","sentence_sentence","in","in","on","under","","The students are __ the classroom.","The_students_are_in_the_classroom.mp3"]]}]],0,0,[],[],[]],[[{"name":"l9_shebedroom","rect":[0,0,868,689],"offset":[0,0],"originalSize":[868,689],"capInsets":[0,0,0,0]}],[1],0,[0],[0],[13]],[[[0,"under",".mp3",0.731429],-1],0,0,[],[],[]],[[{"name":"image_24_1","rect":[0,0,845,695],"offset":[0,0],"originalSize":[845,695],"capInsets":[0,0,0,0]}],[1],0,[0],[0],[14]],[["0,9729,9729,33071,33071,0,0,1",-1],[0],0,[],[],[]],[[[0,"They_stand_next_to_the_tree",".mp3",2.115918],-1],0,0,[],[],[]],[["0,9729,9729,33071,33071,0,0,1",-1],[0],0,[],[],[]],[["0,9729,9729,33071,33071,0,0,1",-1],[0],0,[],[],[]],[[{"name":"l9_catunderbox","rect":[0,0,868,689],"offset":[0,0],"originalSize":[868,689],"capInsets":[0,0,0,0]}],[1],0,[0],[0],[15]]]]