[1,["d9LXMHD6xC4KRfye47wzWq","603CHpU/VHbbmItQ5wU6my","f4hCl18O1FhoRkbdoH2kPn","75pLSgigxImKOzxpkUsoni","ee6jIEN9JHzr5bcoQ+n9lk","44EhzKM6lAcaGJzqx5qfXe","82tUTRTPVO6Iv43DRVDMC8","a5N9ID1GRChpyyo1uOmjDn","a4V6UV7npNm52h9fs6Lhji","debxng28NCwaofK+MQO58E","61U0d9IW5BsZqEG+PuKaJ6","83fKMayyBBpIscDeWWX2qu"],["_textureSetter"],["cc.SpriteFrame","cc.Texture2D",["cc.AudioClip",["_name","_native","duration"],0],["cc.JsonAsset",["_name","json"],1]],[[2,0,1,2,4],[3,0,1,3]],[[[[0,"beg",".mp3",0.936],-1],0,0,[],[],[]],[[{"name":"mug","rect":[0,0,322,382],"offset":[0,0],"originalSize":[322,382],"capInsets":[0,0,0,0]}],[0],0,[0],[0],[0]],[[{"name":"mom","rect":[45,14,109,124],"offset":[3,0.5],"originalSize":[193,153],"capInsets":[0,0,0,0]}],[0],0,[0],[0],[1]],[[[0,"bag",".mp3",1.032],-1],0,0,[],[],[]],[[{"name":"van","rect":[0,0,322,382],"offset":[0,0],"originalSize":[322,382],"capInsets":[0,0,0,0]}],[0],0,[0],[0],[2]],[["0,9729,9729,33071,33071,0,0,1",-1],[1],0,[],[],[]],[[{"name":"man","rect":[0,0,193,153],"offset":[0,0],"originalSize":[193,153],"capInsets":[0,0,0,0]}],[0],0,[0],[0],[3]],[[[0,"pen",".mp3",0.768],-1],0,0,[],[],[]],[["0,9729,9729,33071,33071,0,0,1",-1],[1],0,[],[],[]],[["0,9729,9729,33071,33071,0,0,1",-1],[1],0,[],[],[]],[[[0,"bed",".mp3",0.888],-1],0,0,[],[],[]],[[[0,"mug",".mp3",0.864],-1],0,0,[],[],[]],[[[0,"cow",".mp3",0.768],-1],0,0,[],[],[]],[[[0,"leg",".mp3",0.888],-1],0,0,[],[],[]],[["0,9729,9729,33071,33071,0,0,1",-1],[1],0,[],[],[]],[[{"name":"bag","rect":[0,0,322,382],"offset":[0,0],"originalSize":[322,382],"capInsets":[0,0,0,0]}],[0],0,[0],[0],[4]],[[[0,"man",".mp3",0.888],-1],0,0,[],[],[]],[["0,9729,9729,33071,33071,0,0,1",-1],[1],0,[],[],[]],[["0,9729,9729,33071,33071,0,0,1",-1],[1],0,[],[],[]],[[{"name":"bat","rect":[10,48,170,64],"offset":[-1.5,-3.5],"originalSize":[193,153],"capInsets":[0,0,0,0]}],[0],0,[0],[0],[5]],[[[0,"van",".mp3",1.032],-1],0,0,[],[],[]],[[{"name":"bus","rect":[67,152,446,181],"offset":[0,-12.5],"originalSize":[580,460],"capInsets":[0,0,0,0]}],[0],0,[0],[0],[6]],[[{"name":"box","rect":[76,92,451,289],"offset":[11.5,-6.5],"originalSize":[580,460],"capInsets":[0,0,0,0]}],[0],0,[0],[0],[7]],[["0,9729,9729,33071,33071,0,0,1",-1],[1],0,[],[],[]],[["0,9729,9729,33071,33071,0,0,1",-1],[1],0,[],[],[]],[[[0,"pet",".mp3",0.84],-1],0,0,[],[],[]],[[[0,"pig",".mp3",0.768],-1],0,0,[],[],[]],[[{"name":"bug","rect":[64,20,71,115],"offset":[3,-1],"originalSize":[193,153],"capInsets":[0,0,0,0]}],[0],0,[0],[0],[8]],[[{"name":"cow","rect":[0,0,193,153],"offset":[0,0],"originalSize":[193,153],"capInsets":[0,0,0,0]}],[0],0,[0],[0],[9]],[[[1,"en0901",{"rows":[["openwindow","1","Description","LEGIT","cow","cow.png","bat.png","cow.mp3","abcdefghijklmnopqrstuvwxyz"],["openwindow","1","Description","LEGIT","pig","pig.png","bug.png","pig.mp3","abcdefghijklmnopqrstuvwxyz"],["openwindow","1","Description","LEGIT","man","man.png","mom.png","man.mp3","abcdefghijklmnopqrstuvwxyz"],["rocket","1","Description","bag","a,b,c,d,e,f,g,h,i,j,k,l,m,n,o,p,q,r,s,t,u,v,w,x,y,z","b,a,g","bag.mp3","bag.png","true","false"],["rocket","1","Description","van","a,b,c,d,e,f,g,h,i,j,k,l,m,n,o,p,q,r,s,t,u,v,w,x,y,z","v,a,n","van.mp3","van.png","true","false"],["rocket","1","Description","mug","a,b,c,d,e,f,g,h,i,j,k,l,m,n,o,p,q,r,s,t,u,v,w,x,y,z","m,u,g","mug.mp3","mug.png","true","false"],["grid","1","Description","p","en,et"],["grid","1","Description","b","eg,ed"],["grid","1","Description","l","et,eg"],["quizliteracy","1","Description","soundonly_image","cow.png","bus.png","cow.png","box.png","","","cow.mp3"],["quizliteracy","1","Description","soundonly_word","pig","pig","hug","dog","","","pig.mp3"],["quizliteracy","1","Description","soundonly_image","man.png","man.png","bed.png","box.png","","","man.mp3"],["quizliteracy","1","Description","soundonly_word","van","dad","van","baby","","","van.mp3"],["quizliteracy","1","Description","image_word","bag","grape","apple","bag","bag.png"]]}]],0,0,[],[],[]],[["0,9729,9729,33071,33071,0,0,1",-1],[1],0,[],[],[]],[[[0,"let",".mp3",0.864],-1],0,0,[],[],[]],[["0,9729,9729,33071,33071,0,0,1",-1],[1],0,[],[],[]],[[{"name":"pig","rect":[32,28,129,101],"offset":[0,-2],"originalSize":[193,153],"capInsets":[0,0,0,0]}],[0],0,[0],[0],[10]],[[{"name":"bed","rect":[53,78,470,317],"offset":[-2,-6.5],"originalSize":[580,460],"capInsets":[0,0,0,0]}],[0],0,[0],[0],[11]],[["0,9729,9729,33071,33071,0,0,1",-1],[1],0,[],[],[]],[["0,9729,9729,33071,33071,0,0,1",-1],[1],0,[],[],[]]]]