[1,["26P6S8T5BPVZ3+PEnJ6vak","0cMcPQ1f1FcoecsxQ/po7L","ddOWkYAMZJtZo9zTY7o+yj","339cWJMphIJrVz9oAEPZtZ","efxpROg/lD0Kalo5v5P/IG"],["_textureSetter"],["cc.SpriteFrame","cc.Texture2D",["cc.JsonAsset",["_name","json"],1],["cc.AudioClip",["_name","_native","duration"],0]],[[3,0,1,2,4],[2,0,1,3]],[[[[1,"kn0408",{"rows":[["createsentence","1","Description","ಜಲದ/ನಳ","","tap.png","ಜಲದ ನಳ.mp3"],["createsentence","1","Description","ನಳದ/ಜಲ/ಬಳ ಬಳ","","tapwater.png","ನಳದ ಜಲ ಬಳಬಳ.mp3"],["createsentence","1","Description","ಆಗಸದ/ಜಲ/ಪಳ ಪಳ","","rain.png","ಆಗಸದ ಜಲ ಪಳ ಪಳ.mp3"],["createsentence","1","Description","ಆಲಯದ/ಜನ/ಜನರ/ಆಗಮನ","","peopleintemple.png","ಆಲಯದ ಜನ ಜನರ ಆಗಮನ.mp3"],["createsentence","1","Description","ಜನರ/ಆಗಮನ/ತರತರದ/ನಮನ","","peoplepraying.png","ಜನರ ಆಗಮನ ತರತರದ ನಮನ.mp3"],["quizliteracy","1","Description","soundonly_sentence","ಜಲದ ನಳ","ಜಲದ ನಳ","ಉದಯದ ಸಮಯ","ಗರಗಸದ ಗರಗರ","","","ಜಲದ ನಳ.mp3"],["quizliteracy","1","Description","sentence_sentence","ಆಗಸದ ಜಲ ಪಳ ಪಳ","ಗಮರಿದ ಬಬ ಗಹಳಹ","ಅಬರ ಗಮಮ ರಮರಮ","ಆಗಸದ ಜಲ ಪಳ ಪಳ","","ಸರಿಯಾದದನ್ನು ಆರಿಸಿ","ಆಗಸದ ಜಲ ಪಳ ಪಳ.mp3"],["quizliteracy","1","Description","image_sentence","ಜನರ ಆಗಮನ ತರತರದ ನಮನ","ಆಗಸದ ಜಲ ಪಳ ಪಳ","ಜನರ ಆಗಮನ ತರತರದ ನಮನ","ಜಲದ ನಳ","peopleintemple.png","","ಜನರ ಆಗಮನ ತರತರದ ನಮನ.mp3"]]}]],0,0,[],[],[]],[[{"name":"peoplepraying","rect":[0,0,500,375],"offset":[0,0],"originalSize":[500,375],"capInsets":[0,0,0,0]}],[0],0,[0],[0],[0]],[["0,9729,9729,33071,33071,0,0,1",-1],[1],0,[],[],[]],[["0,9729,9729,33071,33071,0,0,1",-1],[1],0,[],[],[]],[[[0,"ಜನರ ಆಗಮನ ತರತರದ ನಮನ",".mp3",2.136],-1],0,0,[],[],[]],[[[0,"ಆಗಸದ ಜಲ ಪಳ ಪಳ",".mp3",1.656],-1],0,0,[],[],[]],[["0,9729,9729,33071,33071,0,0,1",-1],[1],0,[],[],[]],[[[0,"ಸರಿಯಾದದನ್ನು ಆರಿಸಿ",".mp3",1.704],-1],0,0,[],[],[]],[[{"name":"peopleintemple","rect":[0,0,500,379],"offset":[0,0],"originalSize":[500,379],"capInsets":[0,0,0,0]}],[0],0,[0],[0],[1]],[[{"name":"tap","rect":[0,0,500,333],"offset":[0,0],"originalSize":[500,333],"capInsets":[0,0,0,0]}],[0],0,[0],[0],[2]],[[[0,"ಜಲದ ನಳ",".mp3",1.008],-1],0,0,[],[],[]],[[{"name":"tapwater","rect":[0,0,500,332],"offset":[0,0],"originalSize":[500,332],"capInsets":[0,0,0,0]}],[0],0,[0],[0],[3]],[[[0,"ಆಲಯದ ಜನ ಜನರ ಆಗಮನ",".mp3",1.944],-1],0,0,[],[],[]],[[{"name":"rain","rect":[0,0,500,281],"offset":[0,0],"originalSize":[500,281],"capInsets":[0,0,0,0]}],[0],0,[0],[0],[4]],[["0,9729,9729,33071,33071,0,0,1",-1],[1],0,[],[],[]],[[[0,"ನಳದ ಜಲ ಬಳಬಳ",".mp3",1.464],-1],0,0,[],[],[]],[["0,9729,9729,33071,33071,0,0,1",-1],[1],0,[],[],[]]]]