[1,["ca+0qQ37VBUIWPpHLZ1ywz","d9oZvHQNpHUa6pyckQqNA1","24bzu7tS5HbJsJ8KnjuEEx"],["_textureSetter"],["cc.SpriteFrame","cc.Texture2D",["cc.JsonAsset",["_name","json"],1],["cc.AudioClip",["_name","_native","duration"],0]],[[3,0,1,2,4],[2,0,1,3]],[[[{"name":"nest","rect":[0,0,600,500],"offset":[0,0],"originalSize":[600,500],"capInsets":[0,0,0,0]}],[0],0,[0],[0],[0]],[["0,9729,9729,33071,33071,0,0,1",-1],[1],0,[],[],[]],[[[1,"sl_en0301",{"rows":[["balloonpop","1","Description","2","n","5","n,k,m,l","n.mp3"],["writeletter","1","Description","n","-"],["writecard","1","Description","n","nut","nut.png","nut.mp3","net","net.png","net.mp3","nest","nest.png","nest.mp3"],["quizliteracy","1","Description","soundonly_word","n","n","m","l","","","n.mp3"],["quizliteracy","1","Description","word_word","n","n","w","m","","n"],["quizliteracy","1","Description","soundonly_word","n","n","h","f","","","n.mp3"]]}]],0,0,[],[],[]],[[{"name":"net","rect":[0,0,400,333],"offset":[0,0],"originalSize":[400,333],"capInsets":[0,0,0,0]}],[0],0,[0],[0],[1]],[[[0,"n",".mp3",0.548571],-1],0,0,[],[],[]],[[{"name":"nut","rect":[0,0,500,500],"offset":[0,0],"originalSize":[500,500],"capInsets":[0,0,0,0]}],[0],0,[0],[0],[2]],[[[0,"nest",".mp3",0.757551],-1],0,0,[],[],[]],[[[0,"nut",".mp3",0.626939],-1],0,0,[],[],[]],[[[0,"net",".mp3",0.653061],-1],0,0,[],[],[]],[["0,9729,9729,33071,33071,0,0,1",-1],[1],0,[],[],[]],[["0,9729,9729,33071,33071,0,0,1",-1],[1],0,[],[],[]]]]