[1,["95wBvqlvpL56l/3+rnb1z2","c6veDH2ixOuaAFz3gnIWp8"],["_textureSetter"],["cc.Texture2D","cc.SpriteFrame",["cc.AudioClip",["_name","_native","duration"],0],["cc.JsonAsset",["_name","json"],1]],[[2,0,1,2,4],[3,0,1,3]],[[[[0,"block",".mp3",0.96],-1],0,0,[],[],[]],[[[0,"blame",".mp3",1.07102],-1],0,0,[],[],[]],[[[0,"flag",".mp3",0.835918],-1],0,0,[],[],[]],[[[0,"play",".mp3",0.809796],-1],0,0,[],[],[]],[[[0,"black",".mp3",0.626939],-1],0,0,[],[],[]],[[[0,"floor",".mp3",0.757551],-1],0,0,[],[],[]],[[[0,"slip",".mp3",0.626939],-1],0,0,[],[],[]],[[[0,"blush",".mp3",0.705306],-1],0,0,[],[],[]],[[[0,"pl",".mp3",0.816],-1],0,0,[],[],[]],[[[0,"hack",".mp3",0.600816],-1],0,0,[],[],[]],[[[0,"fly",".mp3",0.783673],-1],0,0,[],[],[]],[[[0,"blot",".mp3",0.679184],-1],0,0,[],[],[]],[[[0,"bl",".mp3",0.679184],-1],0,0,[],[],[]],[[[0,"fl",".mp3",0.992653],-1],0,0,[],[],[]],[[[0,"blew",".mp3",0.679184],-1],0,0,[],[],[]],[[[1,"sl_en1707",{"rows":[["grid","1","Description","bl","ue,ip,ew"],["grid","1","Description","bl","ock,ind,ame"],["grid","1","Description","bl","ink,ess,ush"],["grid","1","Description","bl,sl","ow,ip,ot"],["grid","1","Description","h,bl","ouse,ack,ot"],["rocket","1","Description","black","bl,ack","bl,ack","black.mp3","black.png","false","false"],["rocket","1","Description","blouse","bl,ouse","bl,ouse","blouse.mp3","blouse.png","false","false"],["speakingpet","1","Description","bl.mp3","fl.mp3","blouse","blouse.mp3","A","1,2","fly","fly.mp3","B","1,2","flag","flag.mp3","B","1,2","floor","floor.mp3","B","1,2"],["speakingpet","1","Description","bl.mp3","pl.mp3","black","black.mp3","A","1,2","blow","blow.mp3","A","1,2","play","play.mp3","B","1,2","plate","plate.mp3","B","1,2"],["quizliteracy","1","Description","word_word","bl","dl","bl","ar","","__ue","blue.mp3"],["quizliteracy","1","Description","image_word","bl","pl","fl","bl","black.png"],["quizliteracy","1","Description","soundonly_word","blouse","flower","yellow","blouse","","","blouse.mp3"],["quizliteracy","1","Description","soundonly_word","blow","bowl","blow","brown","","","blow.mp3"]]}]],0,0,[],[],[]],[[[0,"blip",".mp3",0.496327],-1],0,0,[],[],[]],[["0,9729,9729,33071,33071,0,0,1",-1],[0],0,[],[],[]],[[[0,"slow",".mp3",0.940408],-1],0,0,[],[],[]],[[[0,"blink",".mp3",0.731429],-1],0,0,[],[],[]],[[[0,"house",".mp3",0.626939],-1],0,0,[],[],[]],[["0,9729,9729,33071,33071,0,0,1",-1],[0],0,[],[],[]],[[[0,"blind",".mp3",0.940408],-1],0,0,[],[],[]],[[[0,"slot",".mp3",0.940408],-1],0,0,[],[],[]],[[[0,"hot",".mp3",0.574694],-1],0,0,[],[],[]],[[[0,"bless",".mp3",0.940408],-1],0,0,[],[],[]],[[{"name":"blouse","rect":[0,47,600,505],"offset":[0,0.5],"originalSize":[600,600],"capInsets":[0,0,0,0]}],[1],0,[0],[0],[0]],[[[0,"blow",".mp3",0.574694],-1],0,0,[],[],[]],[[[0,"plate",".mp3",0.757551],-1],0,0,[],[],[]],[[{"name":"black","rect":[0,0,512,486],"offset":[0,0],"originalSize":[512,486],"capInsets":[0,0,0,0]}],[1],0,[0],[0],[1]],[[[0,"blouse",".mp3",0.731429],-1],0,0,[],[],[]],[[[0,"blue",".mp3",0.522449],-1],0,0,[],[],[]]]]