[1,["10bAFNA7xNQZctDnMk8VL3","b49u9L0vZEHL97Hf1Wp7pj","3a+0KE47BM2IrGXTdLygOQ","2fFyfKUAtDrqNzBNA65HZi","ffbp4vyQdNvqMYFk+PWi1R","dbGpcnNQtD5LogkibLgGYc"],["_textureSetter"],["cc.Texture2D","cc.SpriteFrame",["cc.AudioClip",["_name","_native","duration"],0],["cc.JsonAsset",["_name","json"],1]],[[2,0,1,2,4],[3,0,1,3]],[[[[0,"झरना",".mp3",0.888163],-1],0,0,[],[],[]],[[[0,"का",".mp3",0.417959],-1],0,0,[],[],[]],[["0,9729,9729,33071,33071,0,0,1",-1],[0],0,[],[],[]],[[{"name":"बादल","rect":[0,0,370,273],"offset":[0,0],"originalSize":[370,273],"capInsets":[0,0,0,0]}],[1],0,[0],[0],[0]],[[{"name":"जाहाज","rect":[0,0,257,196],"offset":[0,0],"originalSize":[257,196],"capInsets":[0,0,0,0]}],[1],0,[0],[0],[1]],[["0,9729,9729,33071,33071,0,0,1",-1],[0],0,[],[],[]],[[[0,"भाग",".mp3",0.600816],-1],0,0,[],[],[]],[[[0,"जा",".mp3",0.626939],-1],0,0,[],[],[]],[["0,9729,9729,33071,33071,0,0,1",-1],[0],0,[],[],[]],[[{"name":"गाजर","rect":[0,0,271,271],"offset":[0,0],"originalSize":[271,271],"capInsets":[0,0,0,0]}],[1],0,[0],[0],[2]],[[[0,"बाग",".mp3",0.548571],-1],0,0,[],[],[]],[[{"name":"पालक","rect":[0,0,370,273],"offset":[0,0],"originalSize":[370,273],"capInsets":[0,0,0,0]}],[1],0,[0],[0],[3]],[[[0,"गमला",".mp3",0.731429],-1],0,0,[],[],[]],[[{"name":"गमला","rect":[0,0,370,273],"offset":[0,0],"originalSize":[370,273],"capInsets":[0,0,0,0]}],[1],0,[0],[0],[4]],[[[0,"गाजर",".mp3",0.888163],-1],0,0,[],[],[]],[[[1,"hi0506",{"rows":[["phonictractor","1","Description","6","आकाश","आकाश.mp3","आ","आ.mp3","का","का.mp3","श","श.mp3"],["phonictractor","1","Description","6","कागज़","कागज.mp3","का","का.mp3","ग","ग.mp3","ज़","ज.mp3"],["rocket","1","Description","पालक","पा,ल,क","पा,ल,क","पालक.mp3","पालक.png","false ","true "],["rocket","1","Description","गाजर","गा,ज,र","गा,ज,र","गाजर.mp3","गाजर.png","false ","true "],["rocket","1","Description","जाहाज","जा,हा,ज","जा,हा,ज","जाहाज.mp3","जाहाज.png","false ","true "],["speakingpet","1","Description","रद.mp3","आग.mp3","शरद","शरद.mp3","A","2,3","जरद","जरद.mp3","A","2,3","भाग","भाग.mp3","B","2","बाग","बाग.mp3","B","2"],["phonictractor","1","Description","6","जाहाज","जाहाज.mp3","जा","जा.mp3","हा","हा.mp3","ज","ज.mp3"],["rocket","1","Description","झरना","झ,र,ना","झ,र,ना","झरना.mp3","झरना.png","false ","true "],["spelldoor","1","Description","बादल","*दल","2","0","बादल.png","बादल.mp3"],["spelldoor","1","Description","गमला","गम*","2","0","गमला.png","गमला.mp3"],["spelldoor","1","Description","पालक","*लक","2","1","पालक.png","पालक.mp3"],["quizliteracy","1","Description","soundonly_word","आकाश","गाजर","आकाश","कागज़","","","आकाश.mp3"],["quizliteracy","1","Description","image_word","गाजर","आकाश","कागज़","गाजर","गाजर.png"],["quizliteracy","1","Description","soundonly_word","कागज़","कागज़","गाजर","आकाश","","","कागज.mp3"]]}]],0,0,[],[],[]],[[[0,"जाहाज",".mp3",0.783673],-1],0,0,[],[],[]],[[[0,"शरद",".mp3",0.731429],-1],0,0,[],[],[]],[[[0,"आग",".mp3",0.574694],-1],0,0,[],[],[]],[[{"name":"झरना","rect":[0,0,271,271],"offset":[0,0],"originalSize":[271,271],"capInsets":[0,0,0,0]}],[1],0,[0],[0],[5]],[[[0,"जरद",".mp3",0.653061],-1],0,0,[],[],[]],[[[0,"रद",".mp3",0.522449],-1],0,0,[],[],[]],[[[0,"कागज",".mp3",0.679184],-1],0,0,[],[],[]],[[[0,"ज",".mp3",0.49625],-1],0,0,[],[],[]],[[[0,"आ",".mp3",0.444],-1],0,0,[],[],[]],[["0,9729,9729,33071,33071,0,0,1",-1],[0],0,[],[],[]],[[[0,"पालक",".mp3",0.757551],-1],0,0,[],[],[]],[[[0,"ग",".mp3",0.627],-1],0,0,[],[],[]],[[[0,"आकाश",".mp3",0.835918],-1],0,0,[],[],[]],[[[0,"हा",".mp3",0.417959],-1],0,0,[],[],[]],[["0,9729,9729,33071,33071,0,0,1",-1],[0],0,[],[],[]],[[[0,"बादल",".mp3",0.862041],-1],0,0,[],[],[]],[[[0,"श",".mp3",0.49625],-1],0,0,[],[],[]],[["0,9729,9729,33071,33071,0,0,1",-1],[0],0,[],[],[]]]]