[1,["f4ryg5zpdD0pETlPJIx2Jn","54M5QisDpJooyJ1pwP7jK1","0bZjrWnHlMJpAtBYI9Rk9Q"],["_textureSetter"],["cc.SpriteFrame","cc.Texture2D",["cc.AudioClip",["_name","_native","duration"],0],["cc.JsonAsset",["_name","json"],1]],[[2,0,1,2,4],[3,0,1,3]],[[[{"name":"eye","rect":[0,38,1367,1058],"offset":[-83.5,-19],"originalSize":[1534,1096],"capInsets":[0,0,0,0]}],[0],0,[0],[0],[0]],[["0,9729,9729,33071,33071,0,0,1",-1],[1],0,[],[],[]],[[{"name":"egg1","rect":[15,18,370,297],"offset":[0,0],"originalSize":[400,333],"capInsets":[0,0,0,0]}],[0],0,[0],[0],[1]],[["0,9729,9729,33071,33071,0,0,1",-1],[1],0,[],[],[]],[[[0,"egg",".mp3",0.496327],-1],0,0,[],[],[]],[[[0,"ear",".mp3",0.600816],-1],0,0,[],[],[]],[[[0,"eye",".mp3",0.679184],-1],0,0,[],[],[]],[[[1,"sl_en0104",{"rows":[["balloonpop","1","Description","2","e","5","e,d,c","e.mp3"],["writeletter","1","Description","e","-"],["writecard","1","Description","e","egg","egg1.png","egg.mp3","ear","ear.png","ear.mp3","eye","eye.png","eye.mp3"],["quizliteracy","1","Description","soundonly_word","e","e","u","i","","","e.mp3"],["quizliteracy","1","Description","word_word","e","a","r","e","","e"],["quizliteracy","1","Description","soundonly_word","e","g","a","e","","","e.mp3"]]}]],0,0,[],[],[]],[[{"name":"ear","rect":[0,0,512,427],"offset":[0,0],"originalSize":[512,427],"capInsets":[0,0,0,0]}],[0],0,[0],[0],[2]],[[[0,"e",".mp3",0.470204],-1],0,0,[],[],[]],[["0,9729,9729,33071,33071,0,0,1",-1],[1],0,[],[],[]]]]