[1,["0bvOiUKB5KnKcem2A2lrsO","87plzSikVFmKyvpKjQtieb","a16WwkRR5B04oliz9u5YMN","22oASM4dhCnrDv7xV2J8dG","6bXUVLmA9G0JPIkegOFWAF","b9gLQUoLFJXoDyHyjYiAnx","1cTkKePi5Ax7vdSrjWhOBX","ebjluT1itBsZZyJuXgIBMK"],["_textureSetter"],["cc.Texture2D","cc.SpriteFrame",["cc.AudioClip",["_name","_native","duration"],0],["cc.JsonAsset",["_name","json"],1]],[[2,0,1,2,4],[3,0,1,3]],[[["0,9729,9729,33071,33071,0,0,1",-1],[0],0,[],[],[]],[["0,9729,9729,33071,33071,0,0,1",-1],[0],0,[],[],[]],[["0,9729,9729,33071,33071,0,0,1",-1],[0],0,[],[],[]],[[[0,"ಝರಿ",".mp3",0.696],-1],0,0,[],[],[]],[[{"name":"crop","rect":[0,0,800,450],"offset":[0,0],"originalSize":[800,450],"capInsets":[0,0,0,0]}],[1],0,[0],[0],[0]],[[[0,"ಫಸಲು",".mp3",0.816],-1],0,0,[],[],[]],[[[0,"ಫಲ",".mp3",0.624],-1],0,0,[],[],[]],[["0,9729,9729,33071,33071,0,0,1",-1],[0],0,[],[],[]],[[{"name":"board","rect":[0,0,800,532],"offset":[0,0],"originalSize":[800,532],"capInsets":[0,0,0,0]}],[1],0,[0],[0],[1]],[[{"name":"stream","rect":[0,0,800,533],"offset":[0,0],"originalSize":[800,533],"capInsets":[0,0,0,0]}],[1],0,[0],[0],[2]],[[[0,"ಖಗ",".mp3",0.648],-1],0,0,[],[],[]],[[[0,"ಜಿರಾಫೆ",".mp3",0.888],-1],0,0,[],[],[]],[["0,9729,9729,33071,33071,0,0,1",-1],[0],0,[],[],[]],[[[0,"ಫಲಕ",".mp3",0.744],-1],0,0,[],[],[]],[[{"name":"pot ","rect":[0,0,800,535],"offset":[0,0],"originalSize":[800,535],"capInsets":[0,0,0,0]}],[1],0,[0],[0],[3]],[["0,9729,9729,33071,33071,0,0,1",-1],[0],0,[],[],[]],[[[1,"kn4610",{"rows":[["spelldoor","1","Description","ಜಿರಾಫೆ","ಜಿರಾ*","0","0","giraffe .png","ಜಿರಾಫೆ.mp3"],["spelldoor","1","Description","ಲೇಖನಿ","ಲೇ*ನಿ","0","0","pen.png","ಲೇಖನಿ.mp3"],["spelldoor","1","Description","ಫಲ","*ಲ","0","0","fruits .png","ಫಲ.mp3"],["spelldoor","1","Description","ಫಸಲು","*ಸಲು","0","0","crop.png","ಫಸಲು.mp3"],["spelldoor","1","Description","ಫಲಕ","*ಲಕ","0","0","board.png","ಫಲಕ.mp3"],["spelldoor","1","Description","ಖಗ","*ಗ","0","0","bird_flying.png","ಖಗ.mp3"],["spelldoor","1","Description","ಘಟ","*ಟ","0","0","pot .png","ಘಟ.mp3"],["spelldoor","1","Description","ಝರಿ","*ರಿ","0","0","stream.png","ಝರಿ.mp3"],["quizliteracy","1","Description","word_word","ಫ","ಬ","ಫ","ಗ","","____ಸಲು","ಫಸಲು.mp3"],["quizliteracy","1","Description","image_word","ಲೇಖನಿ","ಫಲಕ","ಜಿರಾಫೆ","ಲೇಖನಿ","pen.png"],["quizliteracy","1","Description","soundonly_word","ಫಲಕ","ಫಲಕ","ಝರಿ","ಘಟ","","","ಫಲಕ.mp3"]]}]],0,0,[],[],[]],[["0,9729,9729,33071,33071,0,0,1",-1],[0],0,[],[],[]],[[{"name":"giraffe ","rect":[0,0,533,800],"offset":[0,0],"originalSize":[533,800],"capInsets":[0,0,0,0]}],[1],0,[0],[0],[4]],[[[0,"ಘಟ",".mp3",0.624],-1],0,0,[],[],[]],[[{"name":"fruits ","rect":[0,0,800,606],"offset":[0,0],"originalSize":[800,606],"capInsets":[0,0,0,0]}],[1],0,[0],[0],[5]],[[{"name":"bird_flying","rect":[0,0,536,800],"offset":[0,0],"originalSize":[536,800],"capInsets":[0,0,0,0]}],[1],0,[0],[0],[6]],[[[0,"ಲೇಖನಿ",".mp3",0.84],-1],0,0,[],[],[]],[["0,9729,9729,33071,33071,0,0,1",-1],[0],0,[],[],[]],[[{"name":"pen","rect":[0,0,800,533],"offset":[0,0],"originalSize":[800,533],"capInsets":[0,0,0,0]}],[1],0,[0],[0],[7]]]]