[1,["97yxaQJ2VGPJw9acvQlnpQ","f1UWXt4kFK2IQmPWRHDGl/"],["_textureSetter"],["cc.SpriteFrame","cc.Texture2D",["cc.JsonAsset",["_name","json"],1]],[[2,0,1,3]],[[[{"name":"star-outline-tutorial","rect":[164,5,636,604],"offset":[-18,-1],"originalSize":[1000,612],"capInsets":[0,0,0,0]}],[0],0,[0],[0],[0]],[[{"name":"star-outline","rect":[189,29,586,560],"offset":[-18,-3],"originalSize":[1000,612],"capInsets":[0,0,0,0]}],[0],0,[0],[0],[1]],[[[0,"drawshape0009",{"rows":[["drawshape","1","Description","star-outline-tutorial.png"]]}]],0,0,[],[],[]],[["0,9729,9729,33071,33071,0,0,1",-1],[1],0,[],[],[]],[[[0,"star-outline-tutorial-json",[[{"x":429,"y":359.5},{"x":429,"y":363.5},{"x":429,"y":367.5},{"x":431,"y":370.5},{"x":433,"y":375.5},{"x":436,"y":380.5},{"x":438,"y":383.5},{"x":441,"y":385.5},{"x":441,"y":389.5},{"x":443,"y":394.5},{"x":446,"y":397.5},{"x":447,"y":403.5},{"x":448,"y":407.5},{"x":453,"y":413.5},{"x":455,"y":418.5},{"x":457,"y":423.5},{"x":460,"y":424.5},{"x":461,"y":430.5},{"x":464,"y":433.5},{"x":465,"y":437.5},{"x":467,"y":440.5},{"x":466,"y":443.5},{"x":469,"y":446.5},{"x":469,"y":451.5},{"x":472,"y":454.5},{"x":474,"y":459.5},{"x":477,"y":463.5},{"x":480,"y":468.5},{"x":483,"y":471.5},{"x":485,"y":475.5},{"x":488,"y":477.5},{"x":487,"y":480.5},{"x":491,"y":482.5},{"x":490,"y":485.5},{"x":492,"y":488.5},{"x":494,"y":491.5},{"x":494,"y":496.5},{"x":497,"y":497.5},{"x":498,"y":503.5},{"x":499,"y":500.5},{"x":501,"y":495.5},{"x":500,"y":491.5},{"x":501,"y":487.5},{"x":502,"y":483.5},{"x":505,"y":478.5},{"x":506,"y":475.5},{"x":508,"y":472.5},{"x":507,"y":469.5},{"x":508,"y":465.5},{"x":509,"y":462.5},{"x":510,"y":459.5},{"x":513,"y":456.5},{"x":515,"y":453.5},{"x":516,"y":449.5},{"x":518,"y":446.5},{"x":520,"y":443.5},{"x":522,"y":439.5},{"x":525,"y":436.5},{"x":528,"y":434.5},{"x":530,"y":430.5},{"x":535,"y":424.5},{"x":538,"y":420.5},{"x":541,"y":416.5},{"x":543,"y":412.5},{"x":543,"y":408.5},{"x":545,"y":403.5},{"x":546,"y":399.5},{"x":547,"y":395.5},{"x":548,"y":392.5},{"x":549,"y":389.5},{"x":551,"y":385.5},{"x":553,"y":380.5},{"x":558,"y":374.5},{"x":560,"y":371.5},{"x":562,"y":368.5},{"x":563,"y":365.5},{"x":566,"y":363.5},{"x":566,"y":358.5},{"x":567,"y":355.5},{"x":573,"y":357.5},{"x":580,"y":357.5},{"x":587,"y":354.5},{"x":593,"y":353.5},{"x":596,"y":351.5},{"x":601,"y":351.5},{"x":607,"y":351.5},{"x":614,"y":349.5},{"x":620,"y":350.5},{"x":623,"y":349.5},{"x":627,"y":348.5},{"x":633,"y":348.5},{"x":638,"y":345.5},{"x":643,"y":344.5},{"x":647,"y":343.5},{"x":651,"y":342.5},{"x":656,"y":340.5},{"x":661,"y":341.5},{"x":665,"y":341.5},{"x":669,"y":340.5},{"x":677,"y":338.5},{"x":681,"y":338.5},{"x":685,"y":338.5},{"x":690,"y":338.5},{"x":695,"y":338.5},{"x":699,"y":336.5},{"x":702,"y":335.5},{"x":707,"y":336.5},{"x":713,"y":336.5},{"x":716,"y":335.5},{"x":719,"y":333.5},{"x":722,"y":334.5},{"x":726,"y":334.5},{"x":723,"y":329.5},{"x":720,"y":327.5},{"x":718,"y":324.5},{"x":715,"y":321.5},{"x":712,"y":318.5},{"x":707,"y":313.5},{"x":705,"y":310.5},{"x":702,"y":309.5},{"x":700,"y":306.5},{"x":695,"y":303.5},{"x":692,"y":300.5},{"x":690,"y":296.5},{"x":687,"y":294.5},{"x":685,"y":290.5},{"x":682,"y":289.5},{"x":681,"y":286.5},{"x":678,"y":283.5},{"x":675,"y":281.5},{"x":672,"y":280.5},{"x":669,"y":278.5},{"x":665,"y":273.5},{"x":662,"y":272.5},{"x":659,"y":270.5},{"x":656,"y":267.5},{"x":653,"y":263.5},{"x":648,"y":260.5},{"x":647,"y":256.5},{"x":643,"y":253.5},{"x":641,"y":250.5},{"x":640,"y":247.5},{"x":637,"y":245.5},{"x":635,"y":242.5},{"x":632,"y":239.5},{"x":631,"y":236.5},{"x":627,"y":233.5},{"x":623,"y":229.5},{"x":621,"y":224.5},{"x":618,"y":223.5},{"x":617,"y":220.5},{"x":616,"y":217.5},{"x":616,"y":212.5},{"x":616,"y":207.5},{"x":616,"y":203.5},{"x":616,"y":198.5},{"x":616,"y":194.5},{"x":616,"y":189.5},{"x":616,"y":183.5},{"x":616,"y":177.5},{"x":617,"y":173.5},{"x":620,"y":167.5},{"x":620,"y":163.5},{"x":621,"y":158.5},{"x":623,"y":152.5},{"x":624,"y":149.5},{"x":623,"y":146.5},{"x":626,"y":143.5},{"x":627,"y":137.5},{"x":626,"y":134.5},{"x":629,"y":132.5},{"x":628,"y":127.5},{"x":628,"y":121.5},{"x":629,"y":114.5},{"x":631,"y":110.5},{"x":630,"y":106.5},{"x":631,"y":101.5},{"x":633,"y":97.5},{"x":634,"y":93.5},{"x":633,"y":89.5},{"x":634,"y":85.5},{"x":636,"y":81.5},{"x":635,"y":77.5},{"x":635,"y":73.5},{"x":636,"y":70.5},{"x":638,"y":67.5},{"x":640,"y":63.5},{"x":632,"y":64.5},{"x":630,"y":68.5},{"x":626,"y":68.5},{"x":622,"y":71.5},{"x":618,"y":72.5},{"x":613,"y":72.5},{"x":607,"y":76.5},{"x":603,"y":78.5},{"x":600,"y":79.5},{"x":596,"y":81.5},{"x":592,"y":84.5},{"x":587,"y":86.5},{"x":583,"y":90.5},{"x":578,"y":89.5},{"x":572,"y":95.5},{"x":568,"y":94.5},{"x":566,"y":97.5},{"x":563,"y":99.5},{"x":560,"y":100.5},{"x":555,"y":102.5},{"x":552,"y":105.5},{"x":545,"y":109.5},{"x":543,"y":113.5},{"x":540,"y":112.5},{"x":541,"y":115.5},{"x":537,"y":114.5},{"x":534,"y":117.5},{"x":531,"y":118.5},{"x":526,"y":121.5},{"x":523,"y":123.5},{"x":520,"y":124.5},{"x":514,"y":126.5},{"x":509,"y":129.5},{"x":506,"y":132.5},{"x":503,"y":134.5},{"x":499,"y":134.5},{"x":498,"y":137.5},{"x":495,"y":136.5},{"x":491,"y":135.5},{"x":489,"y":132.5},{"x":486,"y":130.5},{"x":481,"y":130.5},{"x":479,"y":126.5},{"x":475,"y":124.5},{"x":470,"y":122.5},{"x":468,"y":119.5},{"x":465,"y":120.5},{"x":461,"y":117.5},{"x":457,"y":115.5},{"x":454,"y":113.5},{"x":451,"y":112.5},{"x":448,"y":110.5},{"x":442,"y":106.5},{"x":436,"y":103.5},{"x":432,"y":102.5},{"x":429,"y":100.5},{"x":422,"y":99.5},{"x":417,"y":95.5},{"x":412,"y":95.5},{"x":409,"y":93.5},{"x":406,"y":92.5},{"x":402,"y":90.5},{"x":398,"y":89.5},{"x":397,"y":86.5},{"x":393,"y":84.5},{"x":390,"y":83.5},{"x":387,"y":80.5},{"x":383,"y":78.5},{"x":378,"y":75.5},{"x":373,"y":74.5},{"x":372,"y":71.5},{"x":369,"y":70.5},{"x":365,"y":68.5},{"x":363,"y":65.5},{"x":360,"y":63.5},{"x":357,"y":62.5},{"x":356,"y":65.5},{"x":356,"y":69.5},{"x":358,"y":72.5},{"x":359,"y":75.5},{"x":360,"y":80.5},{"x":360,"y":86.5},{"x":360,"y":90.5},{"x":360,"y":95.5},{"x":362,"y":99.5},{"x":361,"y":102.5},{"x":363,"y":109.5},{"x":362,"y":112.5},{"x":364,"y":117.5},{"x":365,"y":121.5},{"x":365,"y":126.5},{"x":365,"y":132.5},{"x":367,"y":135.5},{"x":368,"y":140.5},{"x":369,"y":145.5},{"x":370,"y":148.5},{"x":370,"y":153.5},{"x":373,"y":158.5},{"x":374,"y":163.5},{"x":374,"y":167.5},{"x":374,"y":173.5},{"x":374,"y":178.5},{"x":374,"y":182.5},{"x":375,"y":186.5},{"x":375,"y":190.5},{"x":375,"y":195.5},{"x":376,"y":200.5},{"x":376,"y":205.5},{"x":377,"y":208.5},{"x":377,"y":213.5},{"x":379,"y":218.5},{"x":380,"y":221.5},{"x":381,"y":224.5},{"x":378,"y":226.5},{"x":377,"y":229.5},{"x":374,"y":230.5},{"x":371,"y":233.5},{"x":367,"y":237.5},{"x":362,"y":242.5},{"x":357,"y":246.5},{"x":353,"y":247.5},{"x":351,"y":250.5},{"x":347,"y":254.5},{"x":343,"y":256.5},{"x":339,"y":259.5},{"x":337,"y":262.5},{"x":335,"y":266.5},{"x":333,"y":269.5},{"x":330,"y":270.5},{"x":324,"y":273.5},{"x":317,"y":279.5},{"x":313,"y":283.5},{"x":313,"y":287.5},{"x":309,"y":288.5},{"x":307,"y":295.5},{"x":303,"y":295.5},{"x":302,"y":299.5},{"x":299,"y":300.5},{"x":296,"y":304.5},{"x":294,"y":308.5},{"x":292,"y":311.5},{"x":289,"y":313.5},{"x":285,"y":315.5},{"x":282,"y":318.5},{"x":281,"y":321.5},{"x":278,"y":322.5},{"x":274,"y":322.5},{"x":275,"y":325.5},{"x":272,"y":327.5},{"x":270,"y":331.5},{"x":267,"y":334.5},{"x":264,"y":336.5},{"x":269,"y":335.5},{"x":272,"y":334.5},{"x":277,"y":333.5},{"x":281,"y":333.5},{"x":285,"y":333.5},{"x":289,"y":333.5},{"x":293,"y":335.5},{"x":296,"y":338.5},{"x":299,"y":339.5},{"x":303,"y":339.5},{"x":307,"y":340.5},{"x":313,"y":340.5},{"x":319,"y":340.5},{"x":324,"y":340.5},{"x":328,"y":340.5},{"x":331,"y":342.5},{"x":336,"y":341.5},{"x":341,"y":342.5},{"x":345,"y":342.5},{"x":348,"y":343.5},{"x":355,"y":343.5},{"x":362,"y":345.5},{"x":366,"y":346.5},{"x":372,"y":346.5},{"x":377,"y":346.5},{"x":381,"y":346.5},{"x":387,"y":346.5},{"x":394,"y":346.5},{"x":399,"y":348.5},{"x":403,"y":349.5},{"x":408,"y":350.5},{"x":418,"y":354.5},{"x":421,"y":356.5},{"x":425,"y":357.5},{"x":429,"y":357.5},{"x":429,"y":358.5}]]]],0,0,[],[],[]],[["0,9729,9729,33071,33071,0,0,1",-1],[1],0,[],[],[]]]]