[1,["546rZ+g0ZIC41mdm92NxOJ","20awRQufpFpJoyYvVGTggw","e1ki8B70ZN26mFHkoCB4ZR","115vuaJCxF1remwV0PyYTs","33/HtSBLVEPbTB5MW/BwQX","55zHr/SfBK16ruhqNjjA0Q"],["_textureSetter"],["cc.Texture2D","cc.SpriteFrame",["cc.AudioClip",["_name","_native","duration"],0],["cc.JsonAsset",["_name","json"],1]],[[2,0,1,2,4],[3,0,1,3]],[[[[0,"The_Post_Office_mails_letters",".mp3",3.072],-1],0,0,[],[],[]],[["1,9729,9729,33071,33071,0,0,1",-1],[0],0,[],[],[]],[["1,9729,9729,33071,33071,0,0,1",-1],[0],0,[],[],[]],[["1,9729,9729,33071,33071,0,0,1",-1],[0],0,[],[],[]],[[[0,"The_truck_carries_things",".mp3",2.4],-1],0,0,[],[],[]],[[[0,"The_tree_grows_tall",".mp3",2.184],-1],0,0,[],[],[]],[[[0,"The_cow_makes_milk",".mp3",2.16],-1],0,0,[],[],[]],[["0,9729,9729,33071,33071,0,0,1",-1],[0],0,[],[],[]],[["1,9729,9729,33071,33071,0,0,1",-1],[0],0,[],[],[]],[[{"name":"the_girl_has_a_purple_dress","rect":[0,0,676,732],"offset":[0,0],"originalSize":[676,732],"capInsets":[0,0,0,0]}],[1],0,[0],[0],[0]],[[{"name":"The_orange_treehasmanyoranges","rect":[0,0,1073,1543],"offset":[0,0],"originalSize":[1073,1543],"capInsets":[0,0,0,0]}],[1],0,[0],[0],[1]],[[{"name":"The_truckcarriesthings","rect":[0,0,1073,1157],"offset":[0,0],"originalSize":[1073,1157],"capInsets":[0,0,0,0]}],[1],0,[0],[0],[2]],[[[0,"The_tree_grows_oranges",".mp3",2.64],-1],0,0,[],[],[]],[[{"name":"The_cowmakesmilk","rect":[0,0,1073,770],"offset":[0,0],"originalSize":[1073,770],"capInsets":[0,0,0,0]}],[1],0,[0],[0],[3]],[[[1,"en2606",{"rows":[["createsentence","1","Description","The tree/grows/tall","","The_orange_treehasmanyoranges.jpg","The_tree_grows_tall.mp3"],["createsentence","1","Description","The cow/makes/milk","","The_cowmakesmilk.jpg","The_cow_makes_milk.mp3"],["createsentence","1","Description","The Post Office/mails/letters","","The_Post_Officemailsletters.jpg","The_Post_Office_mails_letters.mp3"],["createsentence","1","Description","The truck/carries/things","","The_truckcarriesthings.jpg","The_truck_carries_things.mp3"],["createsentence","1","Description","The tree/grows/oranges","","The_treegrowsoranges.jpg","The_tree_grows_oranges.mp3"],["createsentence","1","Description","The girl/has/a purple/dress","","the_girl_has_a_purple_dress.png","the_girl_has_a_purple_dress.mp3"],["quizliteracy","1","Description","image_sentence","The tree grows tall. ","The tree is short. ","The tree is cut. ","The tree grows tall. ","The_orange_treehasmanyoranges.jpg","","The_tree_grows_tall.mp3"],["quizliteracy","1","Description","image_sentence","The cow makes milk. ","The cow makes eggs. ","The hen makes milk. ","The cow makes milk. ","The_cowmakesmilk.jpg","","The_cow_makes_milk.mp3"],["quizliteracy","1","Description","image_sentence","The post office mails letters. ","The post office mails letters. ","The post office mails food. ","The hotel mails letters. ","The_Post_Officemailsletters.jpg","","The_Post_Office_mails_letters.mp3"],["quizliteracy","1","Description","sentence_sentence","grows","builds","buys","grows","","The tree _____ oranges. ","The_tree_grows_oranges.mp3"],["quizliteracy","1","Description","sentence_sentence","carries","carries","gives","sold","","The truck _______ things. ","The_truck_carries_things.mp3"]]}]],0,0,[],[],[]],[[{"name":"The_treegrowsoranges","rect":[0,0,1073,1543],"offset":[0,0],"originalSize":[1073,1543],"capInsets":[0,0,0,0]}],[1],0,[0],[0],[4]],[["1,9729,9729,33071,33071,0,0,1",-1],[0],0,[],[],[]],[[[0,"the_girl_has_a_purple_dress",".mp3",2.856],-1],0,0,[],[],[]],[[{"name":"The_Post_Officemailsletters","rect":[0,0,1073,513],"offset":[0,0],"originalSize":[1073,513],"capInsets":[0,0,0,0]}],[1],0,[0],[0],[5]]]]