[1,["19PHi0YQBGbIB1jM/KFyCo","34jcieJmJLipzEBfA2V3ec","6d3h9A6qNC/Zw/9W5ifLhU","13/HwNlXBHHZ+pG7j/1S2b"],["_textureSetter"],["cc.Texture2D","cc.SpriteFrame",["cc.AudioClip",["_name","_native","duration"],0],["cc.JsonAsset",["_name","json"],1]],[[2,0,1,2,4],[3,0,1,3]],[[[[0,"ow",".mp3",0.7575],-1],0,0,[],[],[]],[["0,9729,9729,33071,33071,0,0,1",-1],[0],0,[],[],[]],[["0,9729,9729,33071,33071,0,0,1",-1],[0],0,[],[],[]],[[[0,"owl",".mp3",0.696],-1],0,0,[],[],[]],[[[0,"flower",".mp3",1.08],-1],0,0,[],[],[]],[[[0,"show",".mp3",0.912],-1],0,0,[],[],[]],[[[0,"sheep",".mp3",0.984],-1],0,0,[],[],[]],[[[1,"en1706",{"rows":[["grid","1","Description","ow","n,l,e"],["grid","1","Description","c,h,n","ow"],["grid","1","Description","kn,gr,pl","ow"],["speakingpet","1","Description","ow.mp3","ue.mp3","grow","grow.mp3","A","3,4","slow","slow.mp3","A","3,4","blue","blue.mp3","B","3,4","glue","glue.mp3","B","3,4"],["spelldoor","1","Description","flower","******","4","4","spelling_flower.png","flower.mp3"],["writeword","1","Description","cow","cow.png","cow.mp3"],["writeword","1","Description","yellow","yellow.png","yellow.mp3"],["quizliteracy","1","Description","image_word","cow","cow","grow","slow","cow.png"],["quizliteracy","1","Description","image_word","flower","flower","yellow","slow","flower.png"],["quizliteracy","1","Description","image_word","yellow","white","black","yellow","yellow.png"],["quizliteracy","1","Description","soundonly_word","grow","slow","grow","flower","","","grow.mp3"],["quizliteracy","1","Description","soundonly_word","slow","flower","yellow","slow","","","slow.mp3"]]}]],0,0,[],[],[]],[[{"name":"spelling_flower","rect":[0,0,370,273],"offset":[0,0],"originalSize":[370,273],"capInsets":[0,0,0,0]}],[1],0,[0],[0],[0]],[["0,9729,9729,33071,33071,0,0,1",-1],[0],0,[],[],[]],[[[0,"glue",".mp3",0.888],-1],0,0,[],[],[]],[[[0,"blue",".mp3",0.912],-1],0,0,[],[],[]],[[[0,"own",".mp3",0.768],-1],0,0,[],[],[]],[[[0,"sing",".mp3",1.032],-1],0,0,[],[],[]],[[[0,"she",".mp3",0.912],-1],0,0,[],[],[]],[[[0,"know",".mp3",0.744],-1],0,0,[],[],[]],[[{"name":"flower","rect":[0,0,400,290],"offset":[0,0],"originalSize":[400,290],"capInsets":[0,0,0,0]}],[1],0,[0],[0],[1]],[[[0,"grow",".mp3",0.864],-1],0,0,[],[],[]],[["0,9729,9729,33071,33071,0,0,1",-1],[0],0,[],[],[]],[[[0,"ue",".mp3",1.176],-1],0,0,[],[],[]],[[[0,"plow",".mp3",0.792],-1],0,0,[],[],[]],[[[0,"slow",".mp3",0.912],-1],0,0,[],[],[]],[[[0,"cow",".mp3",0.768],-1],0,0,[],[],[]],[[[0,"now",".mp3",0.792],-1],0,0,[],[],[]],[[[0,"how",".mp3",0.744],-1],0,0,[],[],[]],[[{"name":"cow","rect":[0,0,512,512],"offset":[0,0],"originalSize":[512,512],"capInsets":[0,0,0,0]}],[1],0,[0],[0],[2]],[[[0,"yellow",".mp3",1.032],-1],0,0,[],[],[]],[[{"name":"yellow","rect":[0,0,615,588],"offset":[0,0],"originalSize":[615,588],"capInsets":[0,0,0,0]}],[1],0,[0],[0],[3]],[[[0,"owe",".mp3",0.648],-1],0,0,[],[],[]]]]