[1,["44ZyQLGnhDZaVXnWs/N+VS","ced+xD4ltG6YQIuqwHX86w"],["_textureSetter"],["cc.SpriteFrame","cc.Texture2D",["cc.AudioClip",["_name","_native","duration"],0],["cc.JsonAsset",["_name","json"],1]],[[2,0,1,2,4],[3,0,1,3]],[[[[0,"ಸು",".mp3",0.624],-1],0,0,[],[],[]],[[[0,"ಆ",".mp3",0.504],-1],0,0,[],[],[]],[[[0,"ತಿ",".mp3",0.504],-1],0,0,[],[],[]],[[{"name":"scared","rect":[0,0,512,341],"offset":[0,0],"originalSize":[512,341],"capInsets":[0,0,0,0]}],[0],0,[0],[0],[0]],[[[0,"ಮಂಗಣ್ಣಾ",".mp3",0.84],-1],0,0,[],[],[]],[[[0,"ಕ್ಷ",".mp3",0.6],-1],0,0,[],[],[]],[[[0,"ಮಾಡು",".mp3",0.72],-1],0,0,[],[],[]],[[[0,"ಳಿ",".mp3",0.528],-1],0,0,[],[],[]],[["0,9729,9729,33071,33071,0,0,1",-1],[1],0,[],[],[]],[[[0,"ಗು",".mp3",0.552],-1],0,0,[],[],[]],[[[1,"kn3403",{"rows":[["phonictractor","1","Description","4","ತಿಳಿ","ತಿಳಿ.mp3","ತಿ","ತಿ.mp3","ಳಿ","ಳಿ.mp3"],["spelldoor","1","Description","ಮಂ,ಗ,ಣ್ಣಾ","*ಗಣ್ಣಾ","0","0","monkey.png","ಮಂಗಣ್ಣಾ.mp3"],["phonictractor","1","Description","4","ಮಾಡು","ಮಾಡು.mp3","ಮಾ","ಮಾ.mp3","ಡು","ಡು.mp3"],["spelldoor","1","Description","ಗಾಬರಿ","***","0","0","scared.png","ಗಾಬರಿ.mp3"],["phonictractor","1","Description","4","ಇದು","ಇದು.mp3","ಇ","ಇ.mp3","ದು","ದು.mp3"],["phonictractor","1","Description","4","ಕ್ಷಮಿಸು","ಕ್ಷಮಿಸು.mp3","ಕ್ಷ","ಕ್ಷ.mp3","ಮಿ","ಮಿ.mp3","ಸು","ಸು.mp3"],["phonictractor","1","Description","4","ಆಗು","ಆಗು.mp3","ಆ","ಆ.mp3","ಗು","ಗು.mp3"],["phonictractor","1","Description","4","ಬಿಡು","ಬಿಡು.mp3","ಬಿ","ಬಿ.mp3","ಡು","ಡು.mp3"],["quizliteracy","1","Description","word_word","ಮಂಗ","ಹುಲಿ","ಕುರಿ","ಮಂಗ","","____ಣ್ಣಾ","ಮಂಗಣ್ಣಾ.mp3"],["quizliteracy","1","Description","image_word","ಗಾಬರಿ","ಗಾಬರಿ","ಕ್ಷಮಿಸು","ಮಾಡು","scared.png"],["quizliteracy","1","Description","soundonly_word","ತಿಳಿ","ಮಾಡು","ತಿಳಿ","ಬಿಡು","","","ತಿಳಿ.mp3"]]}]],0,0,[],[],[]],[[[0,"ಮಿ",".mp3",0.504],-1],0,0,[],[],[]],[[[0,"ಬಿಡು",".mp3",0.648],-1],0,0,[],[],[]],[[[0,"ಮಾ",".mp3",0.528],-1],0,0,[],[],[]],[[[0,"ಇ",".mp3",0.456],-1],0,0,[],[],[]],[[[0,"ಗಾಬರಿ",".mp3",0.792],-1],0,0,[],[],[]],[[[0,"ಆಗು",".mp3",0.696],-1],0,0,[],[],[]],[[[0,"ದು",".mp3",0.552],-1],0,0,[],[],[]],[[[0,"ಇದು",".mp3",0.624],-1],0,0,[],[],[]],[[{"name":"monkey","rect":[0,0,512,341],"offset":[0,0],"originalSize":[512,341],"capInsets":[0,0,0,0]}],[0],0,[0],[0],[1]],[[[0,"ತಿಳಿ",".mp3",0.6],-1],0,0,[],[],[]],[[[0,"ಬಿ",".mp3",0.528],-1],0,0,[],[],[]],[[[0,"ಕ್ಷಮಿಸು",".mp3",0.888],-1],0,0,[],[],[]],[[[0,"ಡು",".mp3",0.528],-1],0,0,[],[],[]],[["0,9729,9729,33071,33071,0,0,1",-1],[1],0,[],[],[]]]]