[1,["906DAA/DVL3pzHBb1bDepW","1flvqhHhFP4pdYARBXc1Wm","1f3Z3YnvhIYrFisyIKh+5K","c0Li7tmHhHJJ5wyt0USy1c","9fksmjZUhC1bO7kVZRn5KW","403SC5qVhHfZ/+8wloot5i","7coUKmatdG3K8gPjJstJwf","11MRJnSCNBRre3bSf0eIoB","d5vI/hilxGpZbBp4u/KbQW","427jw+bPZKn7szH0Am/r4x","72rxbZWH1PMZUS1ShSgU3U","b5Zog7jL5FwoYLY3WIckVv"],["_textureSetter"],["cc.SpriteFrame","cc.Texture2D",["cc.AudioClip",["_name","_native","duration"],0],["cc.JsonAsset",["_name","json"],1]],[[2,0,1,2,4],[3,0,1,3]],[[[[0,"सेब_टोकरी_में_हैं।",".mp3",1.515102],-1],0,0,[],[],[]],[[{"name":"l9_boysitschair","rect":[0,0,868,689],"offset":[0,0],"originalSize":[868,689],"capInsets":[0,0,0,0]}],[0],0,[0],[0],[0]],[[{"name":"l10_applesinbasket","rect":[0,0,868,689],"offset":[0,0],"originalSize":[868,689],"capInsets":[0,0,0,0]}],[0],0,[0],[0],[1]],[[[0,"वे_पेड_के_बगल_में_खडे_हैं।",".mp3",2.533878],-1],0,0,[],[],[]],[[[0,"गेंद_मेज़_के_नीचे_है।",".mp3",2.115918],-1],0,0,[],[],[]],[["0,9729,9729,33071,33071,0,0,1",-1],[1],0,[],[],[]],[[[0,"सेब_टोकरी_के_नीचे_हैं।",".mp3",2.115918],-1],0,0,[],[],[]],[["0,9729,9729,33071,33071,0,0,1",-1],[1],0,[],[],[]],[["0,9729,9729,33071,33071,0,0,1",-1],[1],0,[],[],[]],[[{"name":"l9_teachersitschair","rect":[0,0,868,689],"offset":[0,0],"originalSize":[868,689],"capInsets":[0,0,0,0]}],[0],0,[0],[0],[2]],[[[0,"एक_लडकी_कुर्सी_पर_बैठती_है।",".mp3",2.56],-1],0,0,[],[],[]],[[{"name":"l10_applesunderbasket","rect":[0,0,868,689],"offset":[0,0],"originalSize":[868,689],"capInsets":[0,0,0,0]}],[0],0,[0],[0],[3]],[["0,9729,9729,33071,33071,0,0,1",-1],[1],0,[],[],[]],[[{"name":"l10_grapesinbasket","rect":[0,0,868,689],"offset":[0,0],"originalSize":[868,689],"capInsets":[0,0,0,0]}],[0],0,[0],[0],[4]],[[[0,"एक_लडका_कुर्सी_पर_बैठता_है।",".mp3",2.821224],-1],0,0,[],[],[]],[["0,9729,9729,33071,33071,0,0,1",-1],[1],0,[],[],[]],[[[0,"एक_शिक्षक_कुर्सी_पर_बैठता_है।",".mp3",2.612245],-1],0,0,[],[],[]],[[{"name":"l9_theystandtree","rect":[0,0,868,689],"offset":[0,0],"originalSize":[868,689],"capInsets":[0,0,0,0]}],[0],0,[0],[0],[5]],[["0,9729,9729,33071,33071,0,0,1",-1],[1],0,[],[],[]],[["0,9729,9729,33071,33071,0,0,1",-1],[1],0,[],[],[]],[[{"name":"l10_ballonchair","rect":[0,0,868,689],"offset":[0,0],"originalSize":[868,689],"capInsets":[0,0,0,0]}],[0],0,[0],[0],[6]],[[[0,"वह_पेड_के_बगल_में_खडा_है।",".mp3",2.586122],-1],0,0,[],[],[]],[["0,9729,9729,33071,33071,0,0,1",-1],[1],0,[],[],[]],[["0,9729,9729,33071,33071,0,0,1",-1],[1],0,[],[],[]],[[[0,"गेंद_कुर्सी_पर_है।",".mp3",1.645714],-1],0,0,[],[],[]],[[[0,"बॉल_मेज़_पर_है।",".mp3",1.541224],-1],0,0,[],[],[]],[[[0,"अंगूर_टोकरी_में_हैं।",".mp3",1.697959],-1],0,0,[],[],[]],[[[0,"वह_पेड_के_बगल_में_खडी_है।",".mp3",2.821224],-1],0,0,[],[],[]],[["0,9729,9729,33071,33071,0,0,1",-1],[1],0,[],[],[]],[["0,9729,9729,33071,33071,0,0,1",-1],[1],0,[],[],[]],[[{"name":"l10_ballondesk","rect":[0,0,868,689],"offset":[0,0],"originalSize":[868,689],"capInsets":[0,0,0,0]}],[0],0,[0],[0],[7]],[[{"name":"l9_hestandtree","rect":[0,0,868,689],"offset":[0,0],"originalSize":[868,689],"capInsets":[0,0,0,0]}],[0],0,[0],[0],[8]],[[{"name":"l9_girlsitschair","rect":[0,0,868,689],"offset":[0,0],"originalSize":[868,689],"capInsets":[0,0,0,0]}],[0],0,[0],[0],[9]],[["0,9729,9729,33071,33071,0,0,1",-1],[1],0,[],[],[]],[[[0,"बिल्ली_बॉक्स_के_पीछे_सो_रही_है",".mp3",2.899592],-1],0,0,[],[],[]],[[[0,"लडका_टेबल_के_नीचे_है",".mp3",2.089796],-1],0,0,[],[],[]],[[[1,"hi1701",{"rows":[["fillblank","1","Description","लड़का टेबल के [नीचे] है।","लडका_टेबल_के_नीचे_है.mp3","पर","में","पास","15"],["fillblank","1","Description","बिल्ली बॉक्स के [पीछे] सो रही है।","बिल्ली_बॉक्स_के_पीछे_सो_रही_है.mp3","पास","बीच","सामने","15"],["fillblank","1","Description","मुर्गी घोंसले के [बगल] में है।","मुर्गी_घोंसले_के_बगल_में_है.mp3","पीछे","बीच","सामने","15"],["picturemeaning","1","Description","P","एक लड़का कुर्सी पर बैठता है।","l9_boysitschair.png","एक_लडका_कुर्सी_पर_बैठता_है।.mp3","एक लड़की कुर्सी पर बैठती है।","l9_girlsitschair.png","एक_लडकी_कुर्सी_पर_बैठती_है।.mp3","एक शिक्षक कुर्सी पर बैठता है।","l9_teachersitschair.png","एक_शिक्षक_कुर्सी_पर_बैठता_है।.mp3"],["picturemeaning","1","Description","P","वह पेड़ के बगल में खड़ा है।","l9_hestandtree.png","वह_पेड_के_बगल_में_खडा_है।.mp3","वह पेड़ के बगल में खड़ी है।","l9_shestandtree.png","वह_पेड_के_बगल_में_खडी_है।.mp3","वे पेड़ के बगल में खड़े हैं।","l9_theystandtree.png","वे_पेड_के_बगल_में_खडे_हैं।.mp3"],["picturemeaning","1","Description","P","गेंद मेज़ के नीचे है।","l10_ballunderdesk.png","गेंद_मेज़_के_नीचे_है।.mp3","बॉल मेज़ पर है।","l10_ballondesk.png","बॉल_मेज़_पर_है।.mp3","गेंद कुर्सी पर है।","l10_ballonchair.png","गेंद_कुर्सी_पर_है।.mp3"],["picturemeaning","1","Description","P","सेब टोकरी में हैं।","l10_applesinbasket.png","सेब_टोकरी_में_हैं।.mp3","अंगूर टोकरी में हैं।","l10_grapesinbasket.png","अंगूर_टोकरी_में_हैं।.mp3","सेब टोकरी के नीचे हैं।","l10_applesunderbasket.png","सेब_टोकरी_के_नीचे_हैं।.mp3"],["quizliteracy","1","Description","sentence_sentence","नीचे","पर","नीचे","में","","लड़का टेबल के __  है।","लडका_टेबल_के_नीचे_है.mp3"],["quizliteracy","1","Description","sentence_sentence","पीछे","में","पर","पीछे","","बिल्ली बॉक्स के __  सो रही है।","बिल्ली_बॉक्स_के_पीछे_सो_रही_है.mp3"],["quizliteracy","1","Description","sentence_sentence","नीचे","नीचे","में","पर","","गेंद मेज़ के __ है।","गेंद_मेज़_के_नीचे_है।.mp3"]]}]],0,0,[],[],[]],[[[0,"मुर्गी_घोंसले_के_बगल_में_है",".mp3",2.324898],-1],0,0,[],[],[]],[[{"name":"l9_shestandtree","rect":[0,0,868,689],"offset":[0,0],"originalSize":[868,689],"capInsets":[0,0,0,0]}],[0],0,[0],[0],[10]],[[{"name":"l10_ballunderdesk","rect":[0,0,868,689],"offset":[0,0],"originalSize":[868,689],"capInsets":[0,0,0,0]}],[0],0,[0],[0],[11]]]]