[1,["07Qk4rtVxP5pQ9lydtUBVb","70AEDiy4BDC4JwmLfQlxRa","21uGuGpK1CjZQnOHdOu6a/","edeMP+43FKjLbarabkIFTK","a7ZshmO8pNs4Jl/bOdMJjE"],["_textureSetter"],["cc.Texture2D","cc.SpriteFrame",["cc.AudioClip",["_name","_native","duration"],0],["cc.JsonAsset",["_name","json"],1]],[[2,0,1,2,4],[3,0,1,3]],[[["1,9729,9729,33071,33071,0,0,1",-1],[0],0,[],[],[]],[["1,9729,9729,33071,33071,0,0,1",-1],[0],0,[],[],[]],[[{"name":"The_elephantisbig","rect":[0,0,1073,1157],"offset":[0,0],"originalSize":[1073,1157],"capInsets":[0,0,0,0]}],[1],0,[0],[0],[0]],[[{"name":"The_plant_is_green","rect":[69,9,662,782],"offset":[0,0],"originalSize":[800,800],"capInsets":[0,0,0,0]}],[1],0,[0],[0],[1]],[[{"name":"The_planeflies","rect":[0,0,1073,580],"offset":[0,0],"originalSize":[1073,580],"capInsets":[0,0,0,0]}],[1],0,[0],[0],[2]],[[[0,"The_elephant_is_big",".mp3",2.304],-1],0,0,[],[],[]],[[[1,"en2800",{"rows":[["createsentence","1","Description","The airplane/is/big","","The_planeflies.jpg","The_airplane_is_big.mp3"],["createsentence","1","Description","The plant/is/green","","The_plant_is_green.png","The_plant_is_green.mp3"],["createsentence","1","Description","The milk/is/delicious","","Rameshdrinksmilk.jpg","The_milk_is_delicious.mp3"],["createsentence","1","Description","The elephant/is/big","","The_elephantisbig.jpg","The_elephant_is_big.mp3"],["createsentence","1","Description","The lion/is/strong","","The_lionisstrong.png","The_lion_is_strong.mp3"],["quizliteracy","1","Description","image_sentence","The plant is green.","An plant is green","A plant is green.","The plant is green.","The_plant_is_green.png","","The_plant_is_green.mp3"],["quizliteracy","1","Description","image_sentence","The milk is delicious.","The milk is delicious.","A milk is delicious. ","An milk is delicious. ","Rameshdrinksmilk.jpg","","The_milk_is_delicious.mp3"],["quizliteracy","1","Description","sentence_sentence","The","A","The","An","","___ airplane is big. ","The_airplane_is_big.mp3"],["quizliteracy","1","Description","sentence_sentence","The","An","A","The","","___ elephant is big. ","The_elephant_is_big.mp3"],["quizliteracy","1","Description","sentence_sentence","The","The","A","An","","___ lion is strong. ","The_lion_is_strong.mp3"]]}]],0,0,[],[],[]],[[[0,"The_lion_is_strong",".mp3",2.352],-1],0,0,[],[],[]],[["0,9729,9729,33071,33071,0,0,1",-1],[0],0,[],[],[]],[[{"name":"The_lionisstrong","rect":[0,0,1280,1112],"offset":[0,0],"originalSize":[1280,1112],"capInsets":[0,0,0,0]}],[1],0,[0],[0],[3]],[["1,9729,9729,33071,33071,0,0,1",-1],[0],0,[],[],[]],[[{"name":"Rameshdrinksmilk","rect":[0,0,1073,1157],"offset":[0,0],"originalSize":[1073,1157],"capInsets":[0,0,0,0]}],[1],0,[0],[0],[4]],[[[0,"The_airplane_is_big",".mp3",2.4],-1],0,0,[],[],[]],[[[0,"The_milk_is_delicious",".mp3",2.328],-1],0,0,[],[],[]],[[[0,"The_plant_is_green",".mp3",2.136],-1],0,0,[],[],[]],[["0,9729,9729,33071,33071,0,0,1",-1],[0],0,[],[],[]]]]