[1,["3883rW1gFGhobgi8lMavoB","a4wfEEHTZBRZ2RKcI+YGRb","a7zBwFcTxHTYzyL9lOpb9V","967gaLjLNCMptexy1+QTM7","b0+TxYT4tHd7e8vighi8tX","f5+ZFKMadCrLxFoAaa+Yov","2f2urb24tAXq9qp/NbP1PB","35/xDhD0tChLjh0gZXDbdV","34AtRMqnNBN49K1vITxfzP","fdmZtDOfZBrJYENU7DayWP","76OIsd6AZKsJOZjMYuqBtJ"],["_textureSetter"],["cc.SpriteFrame","cc.Texture2D",["cc.AudioClip",["_name","_native","duration"],0],["cc.JsonAsset",["_name","json"],1]],[[2,0,1,2,4],[3,0,1,3]],[[[[0,"train",".mp3",0.835918],-1],0,0,[],[],[]],[[{"name":"hands","rect":[0,0,1534,1096],"offset":[0,0],"originalSize":[1534,1096],"capInsets":[0,0,0,0]}],[0],0,[0],[0],[0]],[[[0,"a",".mp3",0.648],-1],0,0,[],[],[]],[["0,9729,9729,33071,33071,0,0,1",-1],[1],0,[],[],[]],[[{"name":"l7_hecandrive","rect":[0,0,868,689],"offset":[0,0],"originalSize":[868,689],"capInsets":[0,0,0,0]}],[0],0,[0],[0],[1]],[["0,9729,9729,33071,33071,0,0,1",-1],[1],0,[],[],[]],[["0,9729,9729,33071,33071,0,0,1",-1],[1],0,[],[],[]],[["0,9729,9729,33071,33071,0,0,1",-1],[1],0,[],[],[]],[[[0,"The_ball_is_under_the_desk",".mp3",2.063673],-1],0,0,[],[],[]],[[[0,"evening",".mp3",0.862041],-1],0,0,[],[],[]],[[[0,"It_is_small",".mp3",1.097143],-1],0,0,[],[],[]],[[{"name":"rabbit","rect":[0,0,1200,1000],"offset":[0,0],"originalSize":[1200,1000],"capInsets":[0,0,0,0]}],[0],0,[0],[0],[2]],[[{"name":"l6_hedoctor","rect":[0,0,868,689],"offset":[0,0],"originalSize":[868,689],"capInsets":[0,0,0,0]}],[0],0,[0],[0],[3]],[[[0,"It_is_an_ant",".mp3",1.227755],-1],0,0,[],[],[]],[[[0,"brother",".mp3",0.600816],-1],0,0,[],[],[]],[[{"name":"l13_oldmanbtwboys","rect":[0,0,868,689],"offset":[0,0],"originalSize":[868,689],"capInsets":[0,0,0,0]}],[0],0,[0],[0],[4]],[[[0,"he_can_drive",".mp3",1.358367],-1],0,0,[],[],[]],[[{"name":"white","rect":[0,0,322,382],"offset":[0,0],"originalSize":[322,382],"capInsets":[0,0,0,0]}],[0],0,[0],[0],[5]],[[[0,"u",".mp3",0.757551],-1],0,0,[],[],[]],[["0,9729,9729,33071,33071,0,0,1",-1],[1],0,[],[],[]],[[[0,"She_walks",".mp3",0.992653],-1],0,0,[],[],[]],[[{"name":"l10_ballunderdesk","rect":[0,0,868,689],"offset":[0,0],"originalSize":[868,689],"capInsets":[0,0,0,0]}],[0],0,[0],[0],[6]],[[{"name":"l6_carrots","rect":[0,0,868,689],"offset":[0,0],"originalSize":[868,689],"capInsets":[0,0,0,0]}],[0],0,[0],[0],[7]],[[[0,"The_balls_are_orange",".mp3",1.515102],-1],0,0,[],[],[]],[[[1,"sl_en_PreQuiz",{"rows":[["quizliteracy","1","Description","word_word","w","w","u","y","","W"],["quizliteracy","1","Description","word_word","D","L","D","T","","d"],["quizliteracy","1","Description","soundonly_word","a","e","a","o","","","a.mp3"],["quizliteracy","1","Description","soundonly_word","u","e","i","u","","","u.mp3"],["quizliteracy","1","Description","word_word","t","t","s","v","","T"],["quizliteracy","1","Description","soundonly_word","k","k","f","p","","","k.mp3"],["quizliteracy","1","Description","soundonly_word","M","N","F","M","","","m.mp3"],["quizliteracy","1","Description","word_word","O","O","C","U","","o"],["quizliteracy","1","Description","soundonly_word","z","s","z","r","","","z.mp3"],["quizliteracy","1","Description","word_word","H","F","P","H","","h"],["quizliteracy","1","Description","soundonly_word","brother","father","mother","brother","","","brother.mp3"],["quizliteracy","1","Description","image_word","paper","house","paper","clock","paper.png"],["quizliteracy","1","Description","word_word","ain","ese","ape","ain","","tr___","train.mp3"],["quizliteracy","1","Description","word_word","are","are","ape","ain","","squ___","square.mp3"],["quizliteracy","1","Description","word_word","ale","ome","ale","ile","","wh___","whale.mp3"],["quizliteracy","1","Description","image_word","doctor","doctor","teacher","farmer","l6_hedoctor.png"],["quizliteracy","1","Description","image_word","rabbit","rabbit","tree","lion","rabbit.png"],["quizliteracy","1","Description","soundonly_word","evening","morning","afternoon","evening","","","evening.mp3"],["quizliteracy","1","Description","soundonly_word","sleep","boat","sleep","salad","","","sleep.mp3"],["quizliteracy","1","Description","soundonly_image","white.png","clock.png","hands.png","white.png","","","white.mp3"],["quizliteracy","1","Description","soundonly_word","brother","father","mother","brother","","","brother.mp3"],["quizliteracy","1","Description","image_word","paper","house","paper","clock","paper.png"],["quizliteracy","1","Description","word_word","ain","ese","ape","ain","","tr___","train.mp3"],["quizliteracy","1","Description","word_word","are","are","ape","ain","","squ___","square.mp3"],["quizliteracy","1","Description","word_word","ale","ome","ale","ile","","wh___","whale.mp3"],["quizliteracy","1","Description","image_word","doctor","doctor","teacher","farmer","l6_hedoctor.png"],["quizliteracy","1","Description","image_word","rabbit","rabbit","tree","lion","rabbit.png"],["quizliteracy","1","Description","soundonly_word","evening","morning","afternoon","evening","","","evening.mp3"],["quizliteracy","1","Description","soundonly_word","sleep","boat","sleep","salad","","","sleep.mp3"],["quizliteracy","1","Description","image_sentence","These are carrots.","This is not a carrot.","There are onions.","These are carrots.","l6_carrots.png","","thesearecarrots.m4a"],["quizliteracy","1","Description","soundonly_sentence","She walks.","She walks.","He runs.","She eats.","","","She_walks.mp3"],["quizliteracy","1","Description","sentence_sentence","Mary eats many apples.","Mary eats many apples.","Mary many apples eats.","Mary eating many apples.","","choose the right one","Choose_the_right_one.mp3"],["quizliteracy","1","Description","image_sentence","He can drive.","He can drive.","She can drive.","He can draw.","l7_hecandrive.png","","he_can_drive.mp3"],["quizliteracy","1","Description","image_sentence","This shirt is dirty.","This shirt is dirty.","These boots are clean.","These boots are dirty.","l5_shirtdirty.png","","This_shirt_is_dirty.mp3"],["quizliteracy","1","Description","sentence_sentence","An","The","A","An","","It is ___ ant.","It_is_an_ant.mp3"],["quizliteracy","1","Description","image_sentence","The ball is under the desk.","The ball is on the desk.","The ball is in the desk.","The ball is under the desk.","l10_ballunderdesk.png","","The_ball_is_under_the_desk.mp3"],["quizliteracy","1","Description","sentence_sentence","She walks.","Shewalks.","She walks.","She walks?","","choose the right one","Choose_the_right_one.mp3"],["quizliteracy","1","Description","sentence_sentence","orange","orange","blue","yellow","","The balls are ______.","The_balls_are_orange.mp3"],["quizliteracy","1","Description","sentence_sentence","small","small","big","short","","It is _____.","It_is_small.mp3"],["quizliteracy","1","Description","image_sentence","The man is the oldest of the three.","The cow is the biggest of the three.","The man is the oldest of the three.","The woman is cooking in the kitchen.","l13_oldmanbtwboys.png","","The_man_is_the_oldest_of_the_three.mp3"]]}]],0,0,[],[],[]],[[[0,"This_shirt_is_dirty",".mp3",1.802449],-1],0,0,[],[],[]],[[[0,"z",".mp3",0.653061],-1],0,0,[],[],[]],[[{"name":"clock","rect":[36,36,846,594],"offset":[0,0],"originalSize":[918,666],"capInsets":[0,0,0,0]}],[0],0,[0],[0],[8]],[["0,9729,9729,33071,33071,0,0,1",-1],[1],0,[],[],[]],[["0,9729,9729,33071,33071,0,0,1",-1],[1],0,[],[],[]],[[[0,"white",".mp3",0.783673],-1],0,0,[],[],[]],[["0,9729,9729,33071,33071,0,0,1",-1],[1],0,[],[],[]],[["0,9729,9729,33071,33071,0,0,1",-1],[1],0,[],[],[]],[[[0,"k",".mp3",0.600816],-1],0,0,[],[],[]],[[{"name":"paper","rect":[0,0,413,640],"offset":[0,0],"originalSize":[413,640],"capInsets":[0,0,0,0]}],[0],0,[0],[0],[9]],[[[0,"sleep",".mp3",0.574694],-1],0,0,[],[],[]],[[{"name":"l5_shirtdirty","rect":[0,0,868,689],"offset":[0,0],"originalSize":[868,689],"capInsets":[0,0,0,0]}],[0],0,[0],[0],[10]],[[[0,"square",".mp3",0.835918],-1],0,0,[],[],[]],[[[0,"whale",".mp3",0.783673],-1],0,0,[],[],[]],[[[0,"m",".mp3",0.600816],-1],0,0,[],[],[]],[[[0,"The_man_is_the_oldest_of_the_three",".mp3",2.194286],-1],0,0,[],[],[]],[["0,9729,9729,33071,33071,0,0,1",-1],[1],0,[],[],[]],[[[0,"Choose_the_right_one",".mp3",1.38449],-1],0,0,[],[],[]],[["0,9729,9729,33071,33071,0,0,1",-1],[1],0,[],[],[]]]]