[1,["4bKQlrxe9Kg5BRvZqEZc9q","11bZTEkLdEVoE/mCzMo1Ac","c1Gs39bHxJhKgxEQftafbF","5eaF9UbQBEZa2gqPOb9136","bdIB58KMVBI6ciXkTSEbob","3cZTehlfxERZdBFf2jMKnY","56cZXGAfRGJYXSfJ9My8SW","ce6RQrvtVE8q8iDFrDpvFt","b6D/dEjpZGiLsvPn/Q28cF","8c4wK6rsJK17gS/+xgG4/E","520+sXWk5JN5AYCIlFsmoB","acJVaIdhJAKqNfeJfZ5PQA","9dyp6gfIpG/JvXuzSdJHkp","24s/CjcYBEQrUVVbC18xcW","canRJQCMRLCLfI1UUEBr2v","dfczsQNXZKRriWbnYYY8ya"],["_textureSetter"],["cc.SpriteFrame","cc.Texture2D",["cc.JsonAsset",["_name","json"],1]],[[2,0,1,3]],[[[{"name":"2_object_blue","rect":[105,75,136,190],"offset":[-9,12],"originalSize":[364,364],"capInsets":[0,0,0,0]}],[0],0,[0],[0],[0]],[["0,9729,9729,33071,33071,0,0,1",-1],[1],0,[],[],[]],[["0,9729,9729,33071,33071,0,0,1",-1],[1],0,[],[],[]],[[{"name":"7_object_blue","rect":[114,78,123,188],"offset":[-6.5,10],"originalSize":[364,364],"capInsets":[0,0,0,0]}],[0],0,[0],[0],[1]],[[{"name":"5_object_blue","rect":[117,77,116,191],"offset":[-7,9.5],"originalSize":[364,364],"capInsets":[0,0,0,0]}],[0],0,[0],[0],[2]],[["0,9729,9729,33071,33071,0,0,1",-1],[1],0,[],[],[]],[[{"name":"necklace1_set","rect":[10,105,348,234],"offset":[-5,-22],"originalSize":[378,400],"capInsets":[0,0,0,0]}],[0],0,[0],[0],[3]],[[{"name":"woodblock_2","rect":[99,148,181,94],"offset":[0.5,0],"originalSize":[378,390],"capInsets":[0,0,0,0]}],[0],0,[0],[0],[4]],[[{"name":"necklace3_piece","rect":[51,60,290,264],"offset":[7,8],"originalSize":[378,400],"capInsets":[0,0,0,0]}],[0],0,[0],[0],[5]],[["0,9729,9729,33071,33071,0,0,1",-1],[1],0,[],[],[]],[[{"name":"necklace1_piece","rect":[56,49,289,273],"offset":[11.5,14.5],"originalSize":[378,400],"capInsets":[0,0,0,0]}],[0],0,[0],[0],[6]],[["0,9729,9729,33071,33071,0,0,1",-1],[1],0,[],[],[]],[["0,9729,9729,33071,33071,0,0,1",-1],[1],0,[],[],[]],[[{"name":"necklace4_set","rect":[23,105,345,218],"offset":[6.5,-14],"originalSize":[378,400],"capInsets":[0,0,0,0]}],[0],0,[0],[0],[7]],[[{"name":"necklace2_set","rect":[10,105,349,213],"offset":[-4.5,-11.5],"originalSize":[378,400],"capInsets":[0,0,0,0]}],[0],0,[0],[0],[8]],[["0,9729,9729,33071,33071,0,0,1",-1],[1],0,[],[],[]],[[[0,"puzzle0015",{"rows":[["matchbox","1","Description","8.0","necklace4_piece.png","necklace3_piece.png","necklace1_piece.png","necklace2_piece.png","necklace4_set.png","necklace3_set.png","necklace1_set.png","necklace2_set.png"],["matchbox","1","Description","8.0","woodblock_7.png","woodblock_4.png","woodblock_5.png","woodblock_2.png","7_object_blue.png","4_object_blue.png","5_object_blue.png","2_object_blue.png"]]}]],0,0,[],[],[]],[["0,9729,9729,33071,33071,0,0,1",-1],[1],0,[],[],[]],[[{"name":"woodblock_4","rect":[99,112,181,167],"offset":[0.5,-0.5],"originalSize":[378,390],"capInsets":[0,0,0,0]}],[0],0,[0],[0],[9]],[[{"name":"woodblock_5","rect":[60,111,258,168],"offset":[0,0],"originalSize":[378,390],"capInsets":[0,0,0,0]}],[0],0,[0],[0],[10]],[["0,9729,9729,33071,33071,0,0,1",-1],[1],0,[],[],[]],[[{"name":"necklace4_piece","rect":[34,43,312,279],"offset":[1,17.5],"originalSize":[378,400],"capInsets":[0,0,0,0]}],[0],0,[0],[0],[11]],[[{"name":"necklace2_piece","rect":[36,30,293,306],"offset":[-6.5,17],"originalSize":[378,400],"capInsets":[0,0,0,0]}],[0],0,[0],[0],[12]],[["0,9729,9729,33071,33071,0,0,1",-1],[1],0,[],[],[]],[["0,9729,9729,33071,33071,0,0,1",-1],[1],0,[],[],[]],[["0,9729,9729,33071,33071,0,0,1",-1],[1],0,[],[],[]],[["0,9729,9729,33071,33071,0,0,1",-1],[1],0,[],[],[]],[[{"name":"woodblock_7","rect":[61,63,257,264],"offset":[0.5,0],"originalSize":[378,390],"capInsets":[0,0,0,0]}],[0],0,[0],[0],[13]],[["0,9729,9729,33071,33071,0,0,1",-1],[1],0,[],[],[]],[["0,9729,9729,33071,33071,0,0,1",-1],[1],0,[],[],[]],[[{"name":"4_object_blue","rect":[100,76,147,189],"offset":[-8.5,11.5],"originalSize":[364,364],"capInsets":[0,0,0,0]}],[0],0,[0],[0],[14]],[["0,9729,9729,33071,33071,0,0,1",-1],[1],0,[],[],[]],[[{"name":"necklace3_set","rect":[15,105,342,226],"offset":[-3,-18],"originalSize":[378,400],"capInsets":[0,0,0,0]}],[0],0,[0],[0],[15]]]]