[1,["aaEUvNV2RCC4RMPdOn8Y5h","48ErSIhLJDWpcNmONSiI6X","9aLshvZzpDCYwM9jTChyOc","1dIXp+JZFDj4WykmeeAc72","1diItMM5ZNAaSKFQOJgiiJ","45dImWWVpMYYLSZ/06JRvy","d5829ebXVGao9uuRTXlaMS"],["_textureSetter"],["cc.SpriteFrame","cc.Texture2D",["cc.AudioClip",["_name","_native","duration"],0],["cc.JsonAsset",["_name","json"],1]],[[2,0,1,2,4],[3,0,1,3]],[[[{"name":"This_glass_is_almost_empty","rect":[0,0,456,512],"offset":[0,0],"originalSize":[456,512],"capInsets":[0,0,0,0]}],[0],0,[0],[0],[0]],[[{"name":"The_glass_is_half_full","rect":[0,0,456,512],"offset":[0,0],"originalSize":[456,512],"capInsets":[0,0,0,0]}],[0],0,[0],[0],[1]],[["0,9729,9729,33071,33071,0,0,1",-1],[1],0,[],[],[]],[[[0,"The_glass_is_quarter_full",".mp3",2.56],-1],0,0,[],[],[]],[["0,9729,9729,33071,33071,0,0,1",-1],[1],0,[],[],[]],[[{"name":"The_glass_is_quarter_full","rect":[0,0,456,512],"offset":[0,0],"originalSize":[456,512],"capInsets":[0,0,0,0]}],[0],0,[0],[0],[2]],[["0,9729,9729,33071,33071,0,0,1",-1],[1],0,[],[],[]],[["0,9729,9729,33071,33071,0,0,1",-1],[1],0,[],[],[]],[[[0,"This_glass_is_almost_full",".mp3",2.481633],-1],0,0,[],[],[]],[[{"name":"This_glass_is_empty","rect":[0,0,456,512],"offset":[0,0],"originalSize":[456,512],"capInsets":[0,0,0,0]}],[0],0,[0],[0],[3]],[[[1,"en3616",{"rows":[["createsentence","1","Description","The/glass/is/full.","","The_glass_is_full.png","The_glass_is_full.mp3"],["createsentence","1","Description","This/glass/is/empty.","","This_glass_is_empty.png","This_glass_is_empty.mp3"],["createsentence","1","Description","The/glass/is/half/full.","","The_glass_is_half_full.png","The_glass_is_half_full.mp3"],["createsentence","1","Description","This/glass/is/almost/full.","","This_glass_is_almost_full.png","This_glass_is_almost_full.mp3"],["createsentence","1","Description","The/glass/is/quarter/full.","","The_glass_is_quarter_full.png","The_glass_is_quarter_full.mp3"],["createsentence","1","Description","This/glass/is/almost/empty.","","This_glass_is_almost_empty.png","This_glass_is_almost_empty.mp3"],["createsentence","1","Description","The/glass/is/three/fourth/full.","","The_glass_is_three_fourth_full.png","The_glass_is_three_fourth_full.mp3"],["quizliteracy","1","Description","soundonly_image","The_glass_is_full.png","The_glass_is_three_fourth_full.png","This_glass_is_empty.png","The_glass_is_full.png","","","The_glass_is_full.mp3"],["quizliteracy","1","Description","soundonly_image","This_glass_is_empty.png","This_glass_is_empty.png","The_glass_is_full.png","The_glass_is_three_fourth_full.png","","","This_glass_is_empty.mp3"],["quizliteracy","1","Description","soundonly_image","The_glass_is_three_fourth_full.png","The_glass_is_full.png","The_glass_is_three_fourth_full.png","This_glass_is_empty.png","","","The_glass_is_three_fourth_full.mp3"]]}]],0,0,[],[],[]],[["0,9729,9729,33071,33071,0,0,1",-1],[1],0,[],[],[]],[[{"name":"This_glass_is_almost_full","rect":[0,0,456,512],"offset":[0,0],"originalSize":[456,512],"capInsets":[0,0,0,0]}],[0],0,[0],[0],[4]],[["0,9729,9729,33071,33071,0,0,1",-1],[1],0,[],[],[]],[[[0,"The_glass_is_three_fourth_full",".mp3",2.142041],-1],0,0,[],[],[]],[[[0,"This_glass_is_almost_empty",".mp3",2.638367],-1],0,0,[],[],[]],[["0,9729,9729,33071,33071,0,0,1",-1],[1],0,[],[],[]],[[[0,"This_glass_is_empty",".mp3",2.142041],-1],0,0,[],[],[]],[[{"name":"The_glass_is_full","rect":[0,0,456,512],"offset":[0,0],"originalSize":[456,512],"capInsets":[0,0,0,0]}],[0],0,[0],[0],[5]],[[[0,"The_glass_is_full",".mp3",2.220408],-1],0,0,[],[],[]],[[{"name":"The_glass_is_three_fourth_full","rect":[0,0,456,512],"offset":[0,0],"originalSize":[456,512],"capInsets":[0,0,0,0]}],[0],0,[0],[0],[6]],[[[0,"The_glass_is_half_full",".mp3",1.776327],-1],0,0,[],[],[]]]]