[1,["591svn3lpN1IXnAYLYHbVH","e3ZkIcEvpOE76VMIGpYQhx","68PvV0jPFO3p/1+oVyfhtH","bf72vyKv1NqpMmcfb2ssVd","4eyOeoI7pAzrSbqsgVvV0V","26dk0rcWVMJZuUk85lsF8U","50d9YHZXhDZJgvn/bQynIL","40UoU1lHJL65U8ZxcXAg9V","a394JCC7ND2ZozmLkfZuab","bfHQAPJNtG2r/YmWS3ORmr","91CY1SFUJHEZWlvE2ZaXWk","6c2dpfvKRM2pScuDkHNx5l","de3G8MqVNPgLZZDAiyvwYG","99JYseQcpIHbdZAKh6Njz2","f1J/bpKYxMcKlWV+S4Nd+6","6f1MTJZVNPIYF1Svgbs4zk","80HKCUxDBL5bUBtgQPoqxs"],["_textureSetter"],["cc.SpriteFrame","cc.Texture2D",["cc.AudioClip",["_name","_native","duration"],0],["cc.JsonAsset",["_name","json"],1]],[[2,0,1,2,4],[3,0,1,3]],[[[[0,"old",".mp3",0.864],-1],0,0,[],[],[]],[[[0,"universe",".mp3",1.272],-1],0,0,[],[],[]],[[{"name":"ape","rect":[55,75,535,543],"offset":[-12,-18],"originalSize":[669,657],"capInsets":[0,0,0,0]}],[0],0,[0],[0],[0]],[[{"name":"acorn","rect":[96,20,499,617],"offset":[11,0],"originalSize":[669,657],"capInsets":[0,0,0,0]}],[0],0,[0],[0],[1]],[[[0,"unit",".mp3",1.032],-1],0,0,[],[],[]],[[[0,"ape",".mp3",0.768],-1],0,0,[],[],[]],[[[0,"apron",".mp3",1.008],-1],0,0,[],[],[]],[[[0,"eagle",".mp3",0.912],-1],0,0,[],[],[]],[[[0,"even",".mp3",0.912],-1],0,0,[],[],[]],[[[0,"open",".mp3",0.96],-1],0,0,[],[],[]],[[{"name":"even","rect":[0,0,445,512],"offset":[0,0],"originalSize":[445,512],"capInsets":[0,0,0,0]}],[0],0,[0],[0],[2]],[["0,9729,9729,33071,33071,0,0,1",-1],[1],0,[],[],[]],[[[0,"angel",".mp3",1.008],-1],0,0,[],[],[]],[[{"name":"island","rect":[0,0,669,657],"offset":[0,0],"originalSize":[669,657],"capInsets":[0,0,0,0]}],[0],0,[0],[0],[3]],[[[0,"unity",".mp3",1.104],-1],0,0,[],[],[]],[[{"name":"old","rect":[0,0,512,507],"offset":[0,0],"originalSize":[512,507],"capInsets":[0,0,0,0]}],[0],0,[0],[0],[4]],[[{"name":"oak","rect":[16,132,636,424],"offset":[-0.5,-15.5],"originalSize":[669,657],"capInsets":[0,0,0,0]}],[0],0,[0],[0],[5]],[[[0,"oar",".mp3",0.768],-1],0,0,[],[],[]],[["0,9729,9729,33071,33071,0,0,1",-1],[1],0,[],[],[]],[[[0,"ivy",".mp3",0.912],-1],0,0,[],[],[]],[[[0,"eat",".mp3",0.792],-1],0,0,[],[],[]],[["0,9729,9729,33071,33071,0,0,1",-1],[1],0,[],[],[]],[["0,9729,9729,33071,33071,0,0,1",-1],[1],0,[],[],[]],[[[0,"eel",".mp3",0.792],-1],0,0,[],[],[]],[["0,9729,9729,33071,33071,0,0,1",-1],[1],0,[],[],[]],[[[0,"use",".mp3",0.96],-1],0,0,[],[],[]],[[[0,"ice",".mp3",0.84],-1],0,0,[],[],[]],[[[0,"ocean",".mp3",1.008],-1],0,0,[],[],[]],[["0,9729,9729,33071,33071,0,0,1",-1],[1],0,[],[],[]],[[{"name":"ice","rect":[116,91,436,475],"offset":[-0.5,0],"originalSize":[669,657],"capInsets":[0,0,0,0]}],[0],0,[0],[0],[6]],[["0,9729,9729,33071,33071,0,0,1",-1],[1],0,[],[],[]],[[[0,"iron",".mp3",0.912],-1],0,0,[],[],[]],[["0,9729,9729,33071,33071,0,0,1",-1],[1],0,[],[],[]],[[[0,"island",".mp3",1.032],-1],0,0,[],[],[]],[[{"name":"eat","rect":[12,40,486,408],"offset":[-1,7.5],"originalSize":[512,503],"capInsets":[0,0,0,0]}],[0],0,[0],[0],[7]],[[[0,"alien",".mp3",1.032],-1],0,0,[],[],[]],[[{"name":"eagle","rect":[197,62,268,534],"offset":[-3.5,-0.5],"originalSize":[669,657],"capInsets":[0,0,0,0]}],[0],0,[0],[0],[8]],[[[0,"east",".mp3",0.888],-1],0,0,[],[],[]],[[[0,"ivory",".mp3",1.056],-1],0,0,[],[],[]],[[{"name":"ocean","rect":[3,0,666,655],"offset":[1.5,1],"originalSize":[669,657],"capInsets":[0,0,0,0]}],[0],0,[0],[0],[9]],[["0,9729,9729,33071,33071,0,0,1",-1],[1],0,[],[],[]],[[[0,"oats",".mp3",0.984],-1],0,0,[],[],[]],[[[1,"en0505",{"rows":[["writecard","1","Description","a","ape","ape.png","ape.mp3","alien","alien.png","alien.mp3","apron","apron.png","apron.mp3"],["writecard","1","Description","a","aim","aim.png","aim.mp3","acorn","acorn.png","acorn.mp3","angel","angel.png","angel.mp3"],["writecard","1","Description","e","eagle","eagle.png","eagle.mp3","even","even.png","even.mp3","eel","eel.png","eel.mp3"],["writecard","1","Description","e","eat","eat.png","eat.mp3","ear","ear.png","ear.mp3","east","east.png","east.mp3"],["writecard","1","Description","i","iron","iron.png","iron.mp3","ice","ice.png","ice.mp3","idol","idol.png","idol.mp3"],["writecard","1","Description","i","island","island.png","island.mp3","ivy","ivy.png","ivy.mp3","ivory","ivory.png","ivory.mp3"],["writecard","1","Description","o","oar","oar.png","oar.mp3","oats","oats.png","oats.mp3","old","old.png","old.mp3"],["writecard","1","Description","u","open","open.png","open.mp3","ocean","ocean.png","ocean.mp3","oak","oak.png","oak.mp3"],["writecard","1","Description","u","unity","unity.png","unity.mp3","unicorn","unicorn.png","unicorn.mp3","use","use.png","use.mp3"],["writecard","1","Description","u","uniform","uniform.png","uniform.mp3","universe","universe.png","universe.mp3","unit","unit.png","unit.mp3"],["quizliteracy","1","Description","1","Description","image_sentence","ape","eagle","ape","iron","ape.png","","ape.mp3"],["quizliteracy","1","Description","1","Description","image_sentence","ivory","eel","oats","ivory","ivory.png","","ivory.mp3"],["quizliteracy","1","Description","1","Description","image_sentence","unicorn","unicorn","ocean","angel","unicorn.png","","unicorn.mp3"]]}]],0,0,[],[],[]],[[{"name":"open","rect":[0,0,392,512],"offset":[0,0],"originalSize":[392,512],"capInsets":[0,0,0,0]}],[0],0,[0],[0],[10]],[["0,9729,9729,33071,33071,0,0,1",-1],[1],0,[],[],[]],[[{"name":"iron","rect":[44,122,580,413],"offset":[-0.5,0],"originalSize":[669,657],"capInsets":[0,0,0,0]}],[0],0,[0],[0],[11]],[["0,9729,9729,33071,33071,0,0,1",-1],[1],0,[],[],[]],[[{"name":"ear","rect":[0,0,512,427],"offset":[0,0],"originalSize":[512,427],"capInsets":[0,0,0,0]}],[0],0,[0],[0],[12]],[["0,9729,9729,33071,33071,0,0,1",-1],[1],0,[],[],[]],[[[0,"ear",".mp3",0.72],-1],0,0,[],[],[]],[[{"name":"apron","rect":[11,128,646,383],"offset":[-0.5,9],"originalSize":[669,657],"capInsets":[0,0,0,0]}],[0],0,[0],[0],[13]],[[[0,"idol",".mp3",0.912],-1],0,0,[],[],[]],[["0,9729,9729,33071,33071,0,0,1",-1],[1],0,[],[],[]],[["0,9729,9729,33071,33071,0,0,1",-1],[1],0,[],[],[]],[[[0,"unicorn",".mp3",1.296],-1],0,0,[],[],[]],[[{"name":"aim","rect":[0,33,669,578],"offset":[0,6.5],"originalSize":[669,657],"capInsets":[0,0,0,0]}],[0],0,[0],[0],[14]],[[[0,"acorn",".mp3",1.128],-1],0,0,[],[],[]],[["0,9729,9729,33071,33071,0,0,1",-1],[1],0,[],[],[]],[["0,9729,9729,33071,33071,0,0,1",-1],[1],0,[],[],[]],[[[0,"uniform",".mp3",1.272],-1],0,0,[],[],[]],[[[0,"aim",".mp3",0.768],-1],0,0,[],[],[]],[["0,9729,9729,33071,33071,0,0,1",-1],[1],0,[],[],[]],[[{"name":"angel","rect":[85,25,464,597],"offset":[-17.5,5],"originalSize":[669,657],"capInsets":[0,0,0,0]}],[0],0,[0],[0],[15]],[[{"name":"unicorn","rect":[0,0,1232,1280],"offset":[0,0],"originalSize":[1232,1280],"capInsets":[0,0,0,0]}],[0],0,[0],[0],[16]],[[[0,"oak",".mp3",0.768],-1],0,0,[],[],[]]]]