[1,["6dh+ubjp1PpZ4yOL98yZuP","33v1lhJ4BIro+9zrNkxckX","b4uyoSzn5D2KfwmbAGT/zg","b7NzAjmLVNqrW5TTZb7qIa","0bA8Y1NzpJMp4smVuqimdN","89hEZaMn9CtYdrfykn1FnV","7avoJxY5RNQLgQcyg5LLZD"],["_textureSetter"],["cc.Texture2D","cc.SpriteFrame",["cc.AudioClip",["_name","_native","duration"],0],["cc.JsonAsset",["_name","json"],1]],[[2,0,1,2,4],[3,0,1,3]],[[["0,9729,9729,33071,33071,0,0,1",-1],[0],0,[],[],[]],[[{"name":"doll","rect":[0,0,640,640],"offset":[0,0],"originalSize":[640,640],"capInsets":[0,0,0,0]}],[1],0,[0],[0],[0]],[[[0,"भूगोल",".mp3",0.783673],-1],0,0,[],[],[]],[[{"name":"paalki","rect":[0,0,640,222],"offset":[0,0],"originalSize":[640,222],"capInsets":[0,0,0,0]}],[1],0,[0],[0],[1]],[[[0,"मैदान",".mp3",0.914286],-1],0,0,[],[],[]],[["0,9729,9729,33071,33071,0,0,1",-1],[0],0,[],[],[]],[[[0,"बाहुली",".mp3",1.07102],-1],0,0,[],[],[]],[[[0,"पालखी",".mp3",0.992653],-1],0,0,[],[],[]],[[{"name":"grounds","rect":[0,0,640,480],"offset":[0,0],"originalSize":[640,480],"capInsets":[0,0,0,0]}],[1],0,[0],[0],[2]],[[{"name":"geography","rect":[0,0,276,183],"offset":[0,0],"originalSize":[276,183],"capInsets":[0,0,0,0]}],[1],0,[0],[0],[3]],[["0,9729,9729,33071,33071,0,0,1",-1],[0],0,[],[],[]],[[{"name":"सामसूम","rect":[0,0,910,605],"offset":[0,0],"originalSize":[910,605],"capInsets":[0,0,0,0]}],[1],0,[0],[0],[4]],[["0,9729,9729,33071,33071,0,0,1",-1],[0],0,[],[],[]],[[[0,"सोमवार",".mp3",1.07102],-1],0,0,[],[],[]],[[{"name":"monday","rect":[0,0,640,477],"offset":[0,0],"originalSize":[640,477],"capInsets":[0,0,0,0]}],[1],0,[0],[0],[5]],[["0,9729,9729,33071,33071,0,0,1",-1],[0],0,[],[],[]],[[[1,"mr2107",{"rows":[["spelldoor","1","Description","बाहुली","बा*ली","2","0","doll.png","बाहुली.mp3"],["spelldoor","1","Description","सामसूम","साम*म","2","0","सामसूम.png","सामसूम.mp3"],["spelldoor","1","Description","सोमवार","*मवार","2","0","monday.png","सोमवार.mp3"],["spelldoor","1","Description","मैदान","*दान","2","0","grounds.png","मैदान.mp3"],["spelldoor","1","Description","पैठणी","*ठणी","2","0","पैठणी.png","पैठणी.mp3"],["spelldoor","1","Description","भूगोल","*गोल","2","0","geography.png","भूगोल.mp3"],["spelldoor","1","Description","पालखी","पाल*","2","0","paalki.png","पालखी.mp3"],["quizliteracy","1","Description","word_word","हु","हु","मै","भू","","बा_ली","बाहुली.mp3"],["quizliteracy","1","Description","word_word","मै","भू","हु","मै","","_दान","मैदान.mp3"],["quizliteracy","1","Description","word_word","भू","मै","भू","हु","","_गोल","भूगोल.mp3"]]}]],0,0,[],[],[]],[[{"name":"पैठणी","rect":[0,0,490,512],"offset":[0,0],"originalSize":[490,512],"capInsets":[0,0,0,0]}],[1],0,[0],[0],[6]],[[[0,"पैठणी",".mp3",0.940408],-1],0,0,[],[],[]],[["0,9729,9729,33071,33071,0,0,1",-1],[0],0,[],[],[]],[["0,9729,9729,33071,33071,0,0,1",-1],[0],0,[],[],[]],[[[0,"सामसूम",".mp3",1.018776],-1],0,0,[],[],[]]]]