[1,["e8JvwZMQVEPoRgsmHQ6tZT","a9/BdBvl9KIJEDaByXZU5C","d9JrYHfcFCZrna2ODuzEit","e2ehDw7TBE2IGiwTPuOAT/","65VRhl9wtAPabyBZCUqmmf","29v1Pp5YhA0bAzRZzMLEUt"],["_textureSetter"],["cc.SpriteFrame","cc.Texture2D",["cc.AudioClip",["_name","_native","duration"],0],["cc.JsonAsset",["_name","json"],1]],[[2,0,1,2,4],[3,0,1,3]],[[[[0,"दा",".mp3",0.626939],-1],0,0,[],[],[]],[[[1,"hi0501",{"rows":[["spelldoor","1","Description","काला","*ला","0","1","काला.png","काला.mp3"],["spelldoor","1","Description","बाजा","*जा","0","1","बाजा.png","बाजा.mp3"],["spelldoor","1","Description","हरा","ह*","0","1","हरा.png","हरा.mp3"],["openwindow","1","Description","LEGIT","मा,ता","माता.png","राजा.png","माता.mp3","ज,ग,न,ल,फ,छा,ता,र,थ,व,न,घ,ट्र,क,घो,ड़ा,हा,थी,आ,म,स"],["openwindow","1","Description","LEGIT","बा,प","बाप.png","माता.png","बाप.mp3","ज,ग,न,ल,फ,छा,ता,र,थ,व,न,घ,ट्र,क,घो,ड़ा,हा,थी,आ,म,स"],["phonictractor","1","Description","5","पता","पता.mp3","प","प.mp3","ता","ता.mp3"],["phonictractor","1","Description","5","तारा","तारा.mp3","ता","ता.mp3","रा","रा.mp3"],["phonictractor","1","Description","5","नारा","नारा.mp3","ना","ना.mp3","रा","रा.mp3"],["phonictractor","1","Description","5","सारा","सारा.mp3","सा","सा.mp3","रा","रा.mp3"],["phonictractor","1","Description","5","दादा","दादा.mp3","दा","दा.mp3","दा","दा.mp3"],["rocket","1","Description","माता","मा,ता","मा,ता","माता.mp3","माता.png","false ","false "],["spelldoor","1","Description","राजा","रा*","0","1","राजा.png","राजा.mp3"],["quizliteracy","1","Description","soundonly_word","बाजा","राजा","बाजा","दादा","","","बाजा.mp3"],["quizliteracy","1","Description","image_word","राजा","बाजा","दादा","राजा","राजा.png"],["quizliteracy","1","Description","soundonly_word","दादा","दादा","राजा","बाजा","","","दादा.mp3"]]}]],0,0,[],[],[]],[[{"name":"बाजा","rect":[0,0,370,273],"offset":[0,0],"originalSize":[370,273],"capInsets":[0,0,0,0]}],[0],0,[0],[0],[0]],[["0,9729,9729,33071,33071,0,0,1",-1],[1],0,[],[],[]],[[[0,"तारा",".mp3",0.679184],-1],0,0,[],[],[]],[[[0,"काला",".mp3",0.653061],-1],0,0,[],[],[]],[[{"name":"बाप","rect":[0,0,193,153],"offset":[0,0],"originalSize":[193,153],"capInsets":[0,0,0,0]}],[0],0,[0],[0],[1]],[[[0,"नारा",".mp3",0.783673],-1],0,0,[],[],[]],[[[0,"बाजा",".mp3",0.835918],-1],0,0,[],[],[]],[[[0,"पता",".mp3",0.574694],-1],0,0,[],[],[]],[[{"name":"हरा","rect":[0,0,370,273],"offset":[0,0],"originalSize":[370,273],"capInsets":[0,0,0,0]}],[0],0,[0],[0],[2]],[[[0,"दादा",".mp3",0.809796],-1],0,0,[],[],[]],[["0,9729,9729,33071,33071,0,0,1",-1],[1],0,[],[],[]],[[[0,"सा",".mp3",0.522449],-1],0,0,[],[],[]],[[[0,"रा",".mp3",0.600816],-1],0,0,[],[],[]],[[[0,"प",".mp3",0.49625],-1],0,0,[],[],[]],[["0,9729,9729,33071,33071,0,0,1",-1],[1],0,[],[],[]],[[[0,"बाप",".mp3",0.705306],-1],0,0,[],[],[]],[[[0,"हरा",".mp3",0.574694],-1],0,0,[],[],[]],[[{"name":"माता","rect":[0,0,153,153],"offset":[0,0],"originalSize":[153,153],"capInsets":[0,0,0,0]}],[0],0,[0],[0],[3]],[[[0,"राजा",".mp3",0.809796],-1],0,0,[],[],[]],[["0,9729,9729,33071,33071,0,0,1",-1],[1],0,[],[],[]],[[[0,"ता",".mp3",0.470204],-1],0,0,[],[],[]],[["0,9729,9729,33071,33071,0,0,1",-1],[1],0,[],[],[]],[[[0,"माता",".mp3",0.783673],-1],0,0,[],[],[]],[["0,9729,9729,33071,33071,0,0,1",-1],[1],0,[],[],[]],[[{"name":"काला","rect":[78,0,214,273],"offset":[0,0],"originalSize":[370,273],"capInsets":[0,0,0,0]}],[0],0,[0],[0],[4]],[[{"name":"राजा","rect":[22,0,140,134],"offset":[-4.5,4],"originalSize":[193,142],"capInsets":[0,0,0,0]}],[0],0,[0],[0],[5]],[[[0,"सारा",".mp3",0.679184],-1],0,0,[],[],[]],[[[0,"ना",".mp3",0.574694],-1],0,0,[],[],[]]]]