[1,["d9PyfiJgxLQ63EULDNhek4","c5Hfmvn4JK5bcFgu5ljWEH","a2mxgB+g9ECq3h4Ihc6Egn"],["_textureSetter"],["cc.SpriteFrame","cc.Texture2D",["cc.AudioClip",["_name","_native","duration"],0],["cc.JsonAsset",["_name","json"],1]],[[2,0,1,2,4],[3,0,1,3]],[[[[0,"लट्टू",".mp3",0.783673],-1],0,0,[],[],[]],[[{"name":"लाल","rect":[0,0,400,333],"offset":[0,0],"originalSize":[400,333],"capInsets":[0,0,0,0]}],[0],0,[0],[0],[0]],[[[0,"लडका",".mp3",0.757551],-1],0,0,[],[],[]],[[{"name":"लडका","rect":[0,0,400,333],"offset":[0,0],"originalSize":[400,333],"capInsets":[0,0,0,0]}],[0],0,[0],[0],[1]],[[[0,"लाल",".mp3",0.653061],-1],0,0,[],[],[]],[[[1,"hi0127",{"rows":[["phonictractor","1","Description","5","ल","ल.mp3","ल","ल.mp3"],["writeletter","1","Description","ल","लड़का"],["writecard","1","Description","ल","लड़का","लडका.png","लडका.mp3","लट्टू","लट्टू.png","लट्टू.mp3","लाल","लाल.png","लाल.mp3"],["quizliteracy","1","Description","soundonly_word","ल","म","ल","र","","","ल.mp3"],["quizliteracy","1","Description","word_word","ल","ल","र","म","","ल"],["quizliteracy","1","Description","soundonly_word","ल","र","म","ल","","","ल.mp3"]]}]],0,0,[],[],[]],[[[0,"ल",".mp3",0.47025],-1],0,0,[],[],[]],[["0,9729,9729,33071,33071,0,0,1",-1],[1],0,[],[],[]],[["0,9729,9729,33071,33071,0,0,1",-1],[1],0,[],[],[]],[["0,9729,9729,33071,33071,0,0,1",-1],[1],0,[],[],[]],[[{"name":"लट्टू","rect":[0,0,400,333],"offset":[0,0],"originalSize":[400,333],"capInsets":[0,0,0,0]}],[0],0,[0],[0],[2]]]]