[1,["07VtrIRHJN+pHgtUIwOy5T","a9D0nsn2pI7YZqp3eQzcWJ","6a5YjB1vFATowQN4VDGamP","053DG8q4NI25st5Ell415X"],["_textureSetter"],["cc.Texture2D","cc.SpriteFrame",["cc.AudioClip",["_name","_native","duration"],0],["cc.JsonAsset",["_name","json"],1]],[[2,0,1,2,4],[3,0,1,3]],[[["0,9729,9729,33071,33071,0,0,1",-1],[0],0,[],[],[]],[["0,9729,9729,33071,33071,0,0,1",-1],[0],0,[],[],[]],[[{"name":"spelling_green","rect":[0,0,370,273],"offset":[0,0],"originalSize":[370,273],"capInsets":[0,0,0,0]}],[1],0,[0],[0],[0]],[[{"name":"grandma","rect":[0,0,450,512],"offset":[0,0],"originalSize":[450,512],"capInsets":[0,0,0,0]}],[1],0,[0],[0],[1]],[[[0,"green",".mp3",0.731429],-1],0,0,[],[],[]],[[{"name":"spelling_grass","rect":[0,0,370,273],"offset":[0,0],"originalSize":[370,273],"capInsets":[0,0,0,0]}],[1],0,[0],[0],[2]],[["0,9729,9729,33071,33071,0,0,1",-1],[0],0,[],[],[]],[[[0,"gr",".mp3",0.757551],-1],0,0,[],[],[]],[[[0,"ow",".mp3",0.496327],-1],0,0,[],[],[]],[[[0,"grow",".mp3",0.626939],-1],0,0,[],[],[]],[[[1,"sl_en1610",{"rows":[["phonictractor","1","Description","5","grow","grow.mp3","gr","gr.mp3","ow","ow.mp3"],["rocket","1","Description","grandma","a,b,c,d,e,f,g,h,i,j,k,l,m,n,o,p,q,r,s,t,u,v,w,x,y,z","g,r,a,n,d,m","grandma.mp3","grandma.png","true","false"],["rocket","1","Description","grandma","a,b,c,d,e,f,g,h,i,j,k,l,m,n,o,p,q,r,s,t,u,v,w,x,y,z","g,r,a,n,d,m,a","grandma.mp3","grandma.png","false","true"],["rocket","1","Description","green","g,r,ee,n","g,r,ee,n","green.mp3","green.png","false","false"],["rocket","1","Description","green","gr,een","gr,een","green.mp3","green.png","false","false"],["spelldoor","1","Description","grass","*****","4","3","spelling_grass.png","grass.mp3"],["spelldoor","1","Description","green","*****","4","3","spelling_green.png","green.mp3"],["quizliteracy","1","Description","word_word","gr","pr","gr","bl","","__een","green.mp3"],["quizliteracy","1","Description","image_word","grandma","grandma","grass","stick","grandma.png"],["quizliteracy","1","Description","soundonly_word","grow","green","grow","grandma","","","grow.mp3"],["quizliteracy","1","Description","soundonly_word","gr","hr","gr","er","","","grass.mp3"]]}]],0,0,[],[],[]],[["0,9729,9729,33071,33071,0,0,1",-1],[0],0,[],[],[]],[[[0,"grass",".mp3",0.783673],-1],0,0,[],[],[]],[[{"name":"green","rect":[0,0,512,490],"offset":[0,0],"originalSize":[512,490],"capInsets":[0,0,0,0]}],[1],0,[0],[0],[3]],[[[0,"grandma",".mp3",0.835918],-1],0,0,[],[],[]]]]