[1,["3dSYYv45RB2KpG5afvZT69","2b17N5g1RAsZHIAtt/bJjv"],["_textureSetter"],["cc.SpriteFrame","cc.Texture2D",["cc.JsonAsset",["_name","json"],1],["cc.AudioClip",["_name","_native","duration"],0]],[[3,0,1,2,4],[2,0,1,3]],[[[{"name":"ganapati _temple ","rect":[0,0,450,800],"offset":[0,0],"originalSize":[450,800],"capInsets":[0,0,0,0]}],[0],0,[0],[0],[0]],[["0,9729,9729,33071,33071,0,0,1",-1],[1],0,[],[],[]],[["0,9729,9729,33071,33071,0,0,1",-1],[1],0,[],[],[]],[[[1,"kn4405",{"rows":[["createsentence","1","Description","ಬಡಗಿ/ಒಣಮರದಿ/ನೇಗಿಲು/ಮಾಡುವನು","","Carpenter.png","ಬಡಗಿ ಒಣಮರದಿ ನೇಗಿಲು ಮಾಡುವನು.mp3"],["createsentence","1","Description","ಗಣೇಶನ/ದೇವಾಲಯಕೆ/ಜನರು/ಬರುವರು","","ganapati _temple .png","ಗಣೇಶನ ದೇವಾಲಯಕೆ ಜನರು ಬರುವರು.mp3"],["quizliteracy","1","Description","image_sentence","ಬಡಗಿ ಒಣಮರದಿ ನೇಗಿಲು ಮಾಡುವನು","ಗಣೇಶನ ದೇವಾಲಯಕೆ ಜನರು ಬರುವರು","ಇರುವೆಗಳ ಪಯಣ ಗೂಡಿನ ಕಡೆಗೆ","ಬಡಗಿ ಒಣಮರದಿ ನೇಗಿಲು ಮಾಡುವನು","Carpenter.png","","ಬಡಗಿ ಒಣಮರದಿ ನೇಗಿಲು ಮಾಡುವನು.mp3"],["quizliteracy","1","Description","sentence_sentence","ಗಣೇಶನ ದೇವಾಲಯಕೆ ಜನರು ಬರುವರು","ಗಣೇಶನ ದೇವಾಲಯಕೆ ಜನರು ಹಾರುವರು","ಗಣೇಶನ ದೇವಾಲಯಕೆ ಜನರು ಬರುವರು","ಗಣೇಶನ ಬರುವರು ದೇವಾಲಯಕೆ ಜನರು","","ಸರಿಯಾದದನ್ನು ಆರಿಸಿ","ಗಣೇಶನ ದೇವಾಲಯಕೆ ಜನರು ಬರುವರು.mp3"],["quizliteracy","1","Description","soundonly_sentence","ಗಣೇಶನ ದೇವಾಲಯಕೆ ಜನರು ಬರುವರು","ಗಣೇಶನ ದೇವಾಲಯಕೆ ಜನರು ಬರುವರು","ಬಡಗಿ ಒಣಮರದಿ ನೇಗಿಲು ಮಾಡುವನು","ಭಾರತದ ಬಾವುಟ ಹಾರಾಡುವ ಬಾವುಟ","","","ಗಣೇಶನ ದೇವಾಲಯಕೆ ಜನರು ಬರುವರು.mp3"]]}]],0,0,[],[],[]],[[{"name":"Carpenter","rect":[0,0,800,450],"offset":[0,0],"originalSize":[800,450],"capInsets":[0,0,0,0]}],[0],0,[0],[0],[1]],[[[0,"ಗಣೇಶನ ದೇವಾಲಯಕೆ ಜನರು ಬರುವರು",".mp3",2.448],-1],0,0,[],[],[]],[[[0,"ಬಡಗಿ ಒಣಮರದಿ ನೇಗಿಲು ಮಾಡುವನು",".mp3",2.208],-1],0,0,[],[],[]]]]