[1,["45oC5gtjtAkKrvj3c2FL+o","c8PqD31SZEn4zLhW5Rxw+F"],["_textureSetter"],["cc.Texture2D","cc.SpriteFrame",["cc.AudioClip",["_name","_native","duration"],0],["cc.JsonAsset",["_name","json"],1]],[[2,0,1,2,4],[3,0,1,3]],[[[[0,"ಮಾವಿನ ಫಲದ ಪರಿಮಳ ಘಮಘಮ",".mp3",1.992],-1],0,0,[],[],[]],[["0,9729,9729,33071,33071,0,0,1",-1],[0],0,[],[],[]],[[[1,"kn4609",{"rows":[["createsentence","1","Description","ಘಟದ/ನೀರು/ಕುಡಿಯಲು/ಬಲು/ಖುಷಿ","","drink_water.png","ಘಟದ ನೀರು ಕುಡಿಯಲು ಬಲು ಖುಷಿ.mp3"],["createsentence","1","Description","ಮಾವಿನ/ಫಲದ/ಪರಿಮಳ/ಘಮಘಮ","","mango.png","ಮಾವಿನ ಫಲದ ಪರಿಮಳ ಘಮಘಮ.mp3"],["quizliteracy","1","Description","image_sentence","ಘಟದ ನೀರು ಕುಡಿಯಲು ಬಲು ಖುಷಿ","ಬಡಗಿ ಒಣಮರದಿ ನೇಗಿಲು ಮಾಡುವನು","ವದು ವರರ ಮದುವೆಯ ಆಭರಣ ಫಳಫಳ","ಘಟದ ನೀರು ಕುಡಿಯಲು ಬಲು ಖುಷಿ","drink_water.png","","ಘಟದ ನೀರು ಕುಡಿಯಲು ಬಲು ಖುಷಿ.mp3"],["quizliteracy","1","Description","sentence_sentence","ಮಾವಿನ ಫಲದ ಪರಿಮಳ ಘಮಘಮ","ಮಾವಿನ ಫಲದ ಪರಿಮಳ ವಮವಮ","ಮಾವಿನ ಫಲದ ಪರಿಮಳ ಘಮಘಮ","ಮಾವಿನ ಫಲದ ಸಿಹಿಯು ಘಮಘಮ","","ಸರಿಯಾದದನ್ನು ಆರಿಸಿ","ಮಾವಿನ ಫಲದ ಪರಿಮಳ ಘಮಘಮ.mp3"],["quizliteracy","1","Description","soundonly_sentence","ಘಟದ ನೀರು ಕುಡಿಯಲು ಬಲು ಖುಷಿ","ಘಟದ ನೀರು ಕುಡಿಯಲು ಬಲು ಖುಷಿ","ಮಾವಿನ ಫಲದ ಪರಿಮಳ ವಮವಮ","ಭಾರತದ ಬಾವುಟ ಹಾರಾಡುವ ಬಾವುಟ","","","ಘಟದ ನೀರು ಕುಡಿಯಲು ಬಲು ಖುಷಿ.mp3"]]}]],0,0,[],[],[]],[[[0,"ಘಟದ ನೀರು ಕುಡಿಯಲು ಬಲು ಖುಷಿ",".mp3",2.28],-1],0,0,[],[],[]],[["0,9729,9729,33071,33071,0,0,1",-1],[0],0,[],[],[]],[[{"name":"drink_water","rect":[0,0,800,495],"offset":[0,0],"originalSize":[800,495],"capInsets":[0,0,0,0]}],[1],0,[0],[0],[0]],[[{"name":"mango","rect":[31,30,738,520],"offset":[0,0],"originalSize":[800,580],"capInsets":[0,0,0,0]}],[1],0,[0],[0],[1]]]]