[1,["achuA0hXlI6rauKMyDwIcq","49QxdAhU1FarMjO8QGps8N","2bv79KAqdCZILVK5rKLFlA"],["_textureSetter"],["cc.Texture2D","cc.SpriteFrame",["cc.AudioClip",["_name","_native","duration"],0],["cc.JsonAsset",["_name","json"],1]],[[2,0,1,2,4],[3,0,1,3]],[[[[0,"shirt",".mp3",1.008],-1],0,0,[],[],[]],[[[1,"en1105",{"rows":[["grid","1","Description","f","ace,ive,ume"],["grid","1","Description","f","og,ix,un,ace"],["openwindow","1","Description","LEGIT","face","face.png","rain.png","face.mp3","abcdefghijklmnopqrstuvwxyz"],["rocket","1","Description","space","a,b,c,d,e,f,g,h,i,j,k,l,m,n,o,p,q,r,s,t,u,v,w,x,y,z","s,p,a,c,e","space.mp3","space.png","false","true"],["speakingpet","1","Description","f_phonic.mp3","v_phonic.mp3","face","face.mp3","A","1","find","find.mp3","A","1","vest","vest.mp3","B","1","visit","visit.mp3","B","1"],["grid","1","Description","v,f,m","ase,ike"],["grid","1","Description","t,m,g","ap,ape"],["grid","1","Description","t,m,l,g","ap,ape"],["speakingpet","1","Description","th.mp3","sh.mp3","they","they.mp3","A","1,2","them","them.mp3","A","1,2","shape","shape.mp3","B","1,2","shirt","shirt.mp3","B","1,2"],["quizliteracy","1","Description","word_word","ace","ome","ace","ert","","f___","face.mp3"],["quizliteracy","1","Description","word_word","ace","ace","ase","ain","","sp___","space.mp3"],["quizliteracy","1","Description","word_word","ase","ime","omg","ase","","v___","vase.mp3"],["quizliteracy","1","Description","word_word","ape","apr","ape","ase","","g___","gape.mp3"],["quizliteracy","1","Description","word_word","ape","ele","ape","org","","t___","tape.mp3"]]}]],0,0,[],[],[]],[[[0,"fike",".mp3",0.96],-1],0,0,[],[],[]],[[[0,"fase",".mp3",1.008],-1],0,0,[],[],[]],[[[0,"mike",".mp3",0.912],-1],0,0,[],[],[]],[[[0,"th",".mp3",0.6],-1],0,0,[],[],[]],[[[0,"vest",".mp3",1.128],-1],0,0,[],[],[]],[["0,9729,9729,33071,33071,0,0,1",-1],[0],0,[],[],[]],[[[0,"lape",".mp3",1.032],-1],0,0,[],[],[]],[[[0,"mase",".mp3",0.96],-1],0,0,[],[],[]],[[[0,"fun",".mp3",0.912],-1],0,0,[],[],[]],[[{"name":"space","rect":[0,0,322,382],"offset":[0,0],"originalSize":[322,382],"capInsets":[0,0,0,0]}],[1],0,[0],[0],[0]],[[[0,"tape",".mp3",0.744],-1],0,0,[],[],[]],[[[0,"find",".mp3",1.08],-1],0,0,[],[],[]],[["0,9729,9729,33071,33071,0,0,1",-1],[0],0,[],[],[]],[[[0,"sh",".mp3",0.528],-1],0,0,[],[],[]],[[[0,"vase",".mp3",1.032],-1],0,0,[],[],[]],[[[0,"face",".mp3",0.984],-1],0,0,[],[],[]],[[[0,"vike",".mp3",0.984],-1],0,0,[],[],[]],[[[0,"shape",".mp3",1.008],-1],0,0,[],[],[]],[[[0,"v_phonic",".mp3",2.533878],-1],0,0,[],[],[]],[[[0,"f_phonic",".mp3",3.108571],-1],0,0,[],[],[]],[[[0,"they",".mp3",0.864],-1],0,0,[],[],[]],[[[0,"them",".mp3",0.936],-1],0,0,[],[],[]],[[[0,"five",".mp3",0.912],-1],0,0,[],[],[]],[[[0,"map",".mp3",0.84],-1],0,0,[],[],[]],[[[0,"gape",".mp3",0.912],-1],0,0,[],[],[]],[[[0,"tap",".mp3",0.744],-1],0,0,[],[],[]],[[[0,"lap",".mp3",0.816],-1],0,0,[],[],[]],[[[0,"fog",".mp3",0.984],-1],0,0,[],[],[]],[[[0,"space",".mp3",1.224],-1],0,0,[],[],[]],[["0,9729,9729,33071,33071,0,0,1",-1],[0],0,[],[],[]],[[[0,"visit",".mp3",1.104],-1],0,0,[],[],[]],[[[0,"gap",".mp3",0.888],-1],0,0,[],[],[]],[[{"name":"face","rect":[0,0,512,425],"offset":[0,0],"originalSize":[512,425],"capInsets":[0,0,0,0]}],[1],0,[0],[0],[1]],[[[0,"fume",".mp3",0.96],-1],0,0,[],[],[]],[[[0,"mape",".mp3",1.272],-1],0,0,[],[],[]],[[[0,"fix",".mp3",0.984],-1],0,0,[],[],[]],[[{"name":"rain","rect":[0,0,512,512],"offset":[0,0],"originalSize":[512,512],"capInsets":[0,0,0,0]}],[1],0,[0],[0],[2]]]]