<root>

    <lido-container lang="hi" id="lido-container" value="maincontainer" objective="option_2" aria-label="This is a multiple-option question. Select one option from the list." height="100vh" width="100vw" x="0" y="0" z="0" bg-color="transparent" bg-image="template-assets/bg-images/file-z90tv4oi.png" visible="true" onCorrect="lido-avatar.avatarAnimate='Success'; this.sleep='2000';" onInCorrect="lido-avatar.avatarAnimate='Fail'; this.sleep='2000';" show-check="false" is-continue-on-correct="false" onEntry="" exit-button-url="template-assets/buttons/file-9hkn9zmc.png" prev-button-url="template-assets/buttons/file-5gdse8c5.png" next-button-url="template-assets/buttons/file-tvw6rjef.png" speaker-button-url="template-assets/buttons/file-qorcj5w5.png">

    
    <lido-cell layout="pos" id="pos1" disable-edit="true" value="pos1" height="300px" width="300px" x="landscape.-20px, portrait.-20px" y="landscape.100px, portrait.400px" aria-hidden="true" z="2" bg-color="transparent" visible="true">

      <lido-avatar id="lido-avatar" disable-edit="true" visible="true" height="100%" width="100%" src="template-assets/images/file-rtk7zxy5.riv" alt-text="" bg-color="transparent">
      </lido-avatar>

      <lido-image id="shadow1" disable-edit="true" value="image1" visible="true" src="template-assets/images/file-xf8xh68a.png" bg-color="transparent" width="186px" height="40px" x="55px" y="248px" alt-text="">
      </lido-image>
    </lido-cell>

    <lido-cell visible="true" layout="col" width="100%" height="100%" bg-color="transparent">
      <lido-text visible="true" width="80%" height="10%" bg-color="transparent" />

      <lido-text tab-index="1" audio="game-assets/audio/file-oe1nm4rz.mp3" visible="true" id="lido-question" width="landscape.65%, portrait.80%" height="auto" bg-color="#FFF5BB" string="जब आपको बहुत गुस्सा आए तो अपने शरीर को शांत करने का सबसे अच्छा तरीका क्या है?" border-radius="16px" onEntry="this.border='1px solid black'; this.fontWeight='500'; this.padding='20px';" font-size="36px">
      </lido-text>

      <lido-cell visible="true" width="100%" height="landscape.68%, portrait.100%" bg-color="transparent" layout="landscape.row, portrait.col" margin="landscape.0, portrait.-108px 0 0 0">

        

        <lido-cell visible="true" layout="wrap" width="landscape.70%, portrait.80%" height="landscape.97%, portrait.auto" bg-color="transparent" gap="40px" onEntry="this.gridTemplateColumns='1fr 1fr';" margin="landscape.0, portrait.-195px 0 0 0">

          
          
          <lido-cell tab-index="2" visible="true" layout="col" width="100%" type="click" audio="game-assets/audio/file-im6kvoue.mp3" value="option_1" height="landscape.250px, portrait.270px" onEntry="this.borderRadius='25px'; this.padding='0';" onCorrect="this.cellBorderAnimate='#65BC46';" onInCorrect="this.vibrate='horizontal-shake';" onTouch="">
                <lido-image visible="true" src="game-assets/images/file-qp7rqjh6.jpg" bg-color="white" height="landscape.60%, portrait.67%" border-radius="6px" onEntry="this.border='5px solid white';" />
            <lido-text visible="true" font-size="36px" font-color="black" string="चिल्लाना" width="fit-content" bg-color="transparent" onEntry="this.fontWeight='500'; this.padding='0 20px';">
            </lido-text>
          </lido-cell>
					
          
          <lido-cell tab-index="3" visible="true" layout="col" width="100%" type="click" audio="game-assets/audio/file-81x7spjd.mp3" value="option_2" height="landscape.250px, portrait.270px" onEntry="this.borderRadius='25px'; this.padding='0';" onCorrect="this.cellBorderAnimate='#65BC46';" onInCorrect="this.vibrate='horizontal-shake';" onTouch="">
                <lido-image visible="true" src="game-assets/images/file-gk0ouiko.jpg" bg-color="white" height="landscape.60%, portrait.67%" border-radius="6px" onEntry="this.border='5px solid white';" />
            <lido-text visible="true" font-size="36px" font-color="black" string="गहरी सांस लेना" width="fit-content" bg-color="transparent" onEntry="this.fontWeight='500'; this.padding='0 20px';">
            </lido-text>
          </lido-cell>
					
          
          <lido-cell tab-index="4" visible="true" layout="col" width="100%" type="click" audio="game-assets/audio/file-0v2xr05s.mp3" value="option_3" height="landscape.250px, portrait.270px" onEntry="this.borderRadius='25px'; this.padding='0';" onCorrect="this.cellBorderAnimate='#65BC46';" onInCorrect="this.vibrate='horizontal-shake';" onTouch="">
                <lido-image visible="true" src="game-assets/images/file-wz5xi6aw.jpg" bg-color="white" height="landscape.60%, portrait.67%" border-radius="6px" onEntry="this.border='5px solid white';" />
            <lido-text visible="true" font-size="36px" font-color="black" string="चीज़ें फेंकना" width="fit-content" bg-color="transparent" onEntry="this.fontWeight='500'; this.padding='0 20px';">
            </lido-text>
          </lido-cell>
					
          
          <lido-cell tab-index="5" visible="true" layout="col" width="100%" type="click" audio="game-assets/audio/file-mg9xs1wi.mp3" value="option_4" height="landscape.250px, portrait.270px" onEntry="this.borderRadius='25px'; this.padding='0';" onCorrect="this.cellBorderAnimate='#65BC46';" onInCorrect="this.vibrate='horizontal-shake';" onTouch="">
                <lido-image visible="true" src="game-assets/images/file-guliqua1.jpg" bg-color="white" height="landscape.60%, portrait.67%" border-radius="6px" onEntry="this.border='5px solid white';" />
            <lido-text visible="true" font-size="36px" font-color="black" string="मारना" width="fit-content" bg-color="transparent" onEntry="this.fontWeight='500'; this.padding='0 20px';">
            </lido-text>
          </lido-cell>

        </lido-cell>
      </lido-cell>
    </lido-cell>
  </lido-container>

        <lido-container lang="hi" id="lido-container" exit-button-url="template-assets/buttons/file-9hkn9zmc.png" prev-button-url="template-assets/buttons/file-5gdse8c5.png" next-button-url="template-assets/buttons/file-tvw6rjef.png" speaker-button-url="template-assets/buttons/file-qorcj5w5.png" is-allow-only-correct="true" value="mainContainer1" bg-image="template-assets/bg-images/file-ijp2qw4m.png" objective="सांस" height="100%" width="100%" bg-color="transparent" visible="true" onCorrect="lido-avatar.avatarAnimate='Success';fullSentence.speak='true';this.sleep='2000';" onEntry="this.justifyContent='space-around'; heading.speak='true'; question_text.speak='true'; option_1.speak='true'; option_2.speak='true'; option_3.speak='true'" onInCorrect="lido-avatar.avatarAnimate='Fail'; this.sleep='2000';" show-check="false" is-continue-on-correct="true" after-drop="false">
            <lido-text id="fullSentence" visible="false" onEntry="this.display='none';" string="मैं गहरी सांस लेकर खुद को शांत कर सकता हूँ।" />
            
            <lido-cell layout="pos" id="pos1" disable-edit="true" value="pos2" height="landscape.448px,portrait.402px" width="landscape.350px,portrait.398px" x="landscape.-227px, portrait.541px" y="landscape.470px, portrait.1304px" aria-hidden="true" z="1" bg-color="transparent" visible="true" onEntry="this.animation='leftToPlace 2.5s linear';">
                <lido-avatar id="lido-avatar" disable-edit="true" visible="true" height="100%" width="100%" src="template-assets/images/file-rtk7zxy5.riv" alt-text="Chimple Character">
                </lido-avatar>
            </lido-cell>
            
		    <lido-cell layout="col" visible="true" width="100%" height="100%" bg-color="transparent" margin="landscape.0,portrait.-90px 0px 0px 0px">
			
			<lido-cell visible="true" margin="landscape.12px 0px -17px 0px, portrait.0px 0px 0px;">
				<lido-text id="heading" tab-index="1" width="landscape.770px,portrait.433px" visible="true" audio="template-assets/audio/file-8j8vd3py.mp3" string="रिक्त स्थान भरें" font-family="'Baloo Bhai 2'" fontColor="black" font-size="landscape.45px, portrait.45px" bg-color="transparent" onEntry=" this.fontWeight='700';" margin="landscape.32px 0px 4px 0px,portrait.18px 0px 0px 0px">
                </lido-text>
			</lido-cell>
			
                 <lido-cell audio="game-assets/audio/file-7bj1nqvr.mp3" layout="landscape.row, portrait.col" visible="true" width="landscape.90%, portrait.100%" height="landscape.70%, portrait.80%" bg-color="white" onEntry="this.borderRadius='10px'; this.padding='8px';" margin="landscape.0 , portrait.-18px 0px 0px 0px">

                      
                    <lido-image id="image1" disable-edit="true" visible="true" src="game-assets/images/file-19mx3qi6.jpg" width="landscape.542px, portrait.100%" height="landscape.100%, portrait.62%" margin="landscape.0px 0px 0px 0px , portrait. 0" />
                    
                    <lido-cell layout="flex" bg-Color="transparent" visible="true" height="landscape.100%,portrait.80%" width="landscape.754px, portrait.100%" onEntry="this.align-content='center'; this.gap='32px';this.display='ruby';" margin="landscape.21px 0px 0px 61px, portrait.45px 6px 0px 64px">
  
                         <lido-text id="question_text" font-family="'Baloo Bhai 2'" tab-index="21" audio="game-assets/audio/file-7bj1nqvr.mp3" visible="true" font-size="landscape.46px,portrait.45px" y="-10px" string="मैं गहरी " bg-color="transparent" onEntry="this.position='relative'; this.fontWeight='600';this.display='inline'; this.padding='0px 20px 0px 0px';" /> 
<lido-text tab-index="3" drop-attr="stretch" id="drop_1" disable-edit="true" visible="true" width="164px" height="landscape.73px,portrait.77px" value="सांस" type="drop" is-allow-only-one-drop="true" drop-Attr="stretch" onEntry="this.border-radius='10px';this.box-shoadow='';this.fontWeight='600'; this.margin-right='35px';" />
<lido-text id="question_text" font-family="'Baloo Bhai 2'" tab-index="41" audio="game-assets/audio/file-7bj1nqvr.mp3" visible="true" font-size="landscape.46px,portrait.45px" y="-10px" string=" लेकर खुद को शांत कर सकता हूँ।" bg-color="transparent" onEntry="this.position='relative'; this.fontWeight='600';this.display='inline'; this.padding='0px 20px 0px 0px';" /> 
                    </lido-cell>
                </lido-cell>
              <lido-cell layout="landscape.row, portrait.wrap" childElementsLength="4" onEntry="this.gap='28px';    this.gridTemplateColumns = 'repeat(2, 1fr)';  this.gridTemplateRows = 'repeat(2, 1fr)';" visible="true" margin="landscape.6px 0px 74px 0px, portrait.34px 128px 0px 130px">
				<lido-text font-family="'Baloo Bhai 2'" audio="game-assets/audio/file-fywlskw2.mp3" id="option_3" value="कूदना" tab-index="7" visible="true" bg-color="#fcf3b1" onEntry="this.padding='0px 48px'; this.borderRadius='24px'; this.line-height='34px'; this.fontWeight='600';" width="auto" height="landscape.87px, portrait.91px" string="कूदना" fontColor="black" font-size="landscape.46px,portrait.45px" type="drag"> </lido-text>
<lido-text font-family="'Baloo Bhai 2'" audio="game-assets/audio/file-vfvhdfa1.mp3" id="option_2" value="चिल्लाओ" tab-index="6" visible="true" bg-color="#fcf3b1" onEntry="this.padding='0px 48px'; this.borderRadius='24px'; this.line-height='34px'; this.fontWeight='600';" width="auto" height="landscape.87px, portrait.91px" string="चिल्लाओ" fontColor="black" font-size="landscape.46px,portrait.45px" type="drag"> </lido-text>
<lido-text font-family="'Baloo Bhai 2'" audio="game-assets/audio/file-er1po7b8.mp3" id="option_1" value="सांस" tab-index="5" visible="true" bg-color="#fcf3b1" onEntry="this.padding='0px 48px'; this.borderRadius='24px'; this.line-height='34px'; this.fontWeight='600';" width="auto" height="landscape.87px, portrait.91px" string="सांस" fontColor="black" font-size="landscape.46px,portrait.45px" type="drag"> </lido-text>
                </lido-cell>
            </lido-cell>
        </lido-container>
        
            <lido-container lang="hi" id="lido-container" is-continue-on-correct="true" onCorrect="lido-avatar.avatarAnimate='Success'; this.sleep='2000';" is-allow-only-correct="true" objective="गुब्बारे जैसी सांस लेना,भुलभुलैया ट्रेसिंग,सांसें गिनना,खींचना" visible="true" bg-image="template-assets/bg-images/file-0smnwfpu.png" dropAttr="EnableAnimation" exit-button-url="template-assets/buttons/file-9hkn9zmc.png" prev-button-url="template-assets/buttons/file-5gdse8c5.png" next-button-url="template-assets/buttons/file-tvw6rjef.png" speaker-button-url="template-assets/buttons/file-qorcj5w5.png">

                
                <lido-cell layout="pos" id="pos1" disableEdit="true" value="pos2" height="landscape.205px,portrait.195px" width="landscape.209px,portrait.209px" x="landscape.-30px,portrait.80%" y="landscape.700px,portrait.146px" z="1" ariaHidden="true" bgColor="transparent" visible="true" onEntry="">
                    <lido-avatar id="lido-avatar" disableEdit="true" visible="true" height="100%" width="100%" src="template-assets/images/file-rtk7zxy5.riv" altText="{chimpleCharacterRive}">
                    </lido-avatar>
                </lido-cell>

                
                
        <lido-text id="heading" audio="game-assets/audio/file-3yb4vzrh.mp3" width="landscape.80%,portrait.70%" tabIndex="20" visible="true" string="शांत करने वाली गतिविधि को उसके विवरण से मिलाएँ।" font-family="'Baloo Bhai 2'" fontColor="#323232" font-size="landscape.36px,portrait.36px" bg-Color="transparent" onEntry="this.padding='0px 45px';this.fontWeight='600';" margin="landscape.120px 0px -25px 0px, portrait.160px 0px -39px 0px">
        </lido-text>
        

                <lido-cell visible="true" flex-direction="landscape., portrait.row-reverse" bg-color="transparent" layout="portrait.row,landscape.col" width="100%" height="100%" onEntry="">
                    <lido-cell visible="true" margin="20px 0px 0px 0px" bg-color="transparent" layout="landscape.row,portrait.col" height="landscape.50%,portrait.96%" width="landscape.100%,portrait.100%" onEntry="this.gap='10px';">
                        
        <lido-cell layout="row" visible="true" bg-color="transparent" height="landscape.100%,portrait.20%" width="landscape.20%,portrait.100%">
            <lido-cell layout="row" visible="true" width="100%" height="100%" bg-color="transparent">
                
        <lido-cell id="drop_pair_1" border-radius="8px" audio="game-assets/audio/file-9bp70qiw.mp3" value="गुब्बारे जैसी सांस लेना" tab-index="2" height="landscape.300px,portrait.240px" width="landscape.266px,portrait.260px" type="drop" layout="col" visible="true" bg-Color="white" onEntry="this.padding='0px'; this.borderRadius='8px';" onCorrect="this.speak='true'; drag_pair_1.speak='true';">
            
        <lido-text visible="true" height="100%" font-family="'Baloo Bhai 2'" font-size="40px" string="गुब्बारा फुलाने का नाटक करें" bg-Color="transparent" onEntry="this.fontWeight='600';">
        </lido-text>
        
        </lido-cell>
        
            </lido-cell>
        </lido-cell>
        
				
        <lido-cell layout="row" visible="true" bg-color="transparent" height="landscape.100%,portrait.20%" width="landscape.20%,portrait.100%">
            <lido-cell layout="row" visible="true" width="100%" height="100%" bg-color="transparent">
                
        <lido-cell id="drop_pair_2" border-radius="8px" audio="game-assets/audio/file-cgx2ohmi.mp3" value="भुलभुलैया ट्रेसिंग" tab-index="3" height="landscape.300px,portrait.240px" width="landscape.266px,portrait.260px" type="drop" layout="col" visible="true" bg-Color="white" onEntry="this.padding='0px'; this.borderRadius='8px';" onCorrect="this.speak='true'; drag_pair_2.speak='true';">
            
        <lido-text visible="true" height="100%" font-family="'Baloo Bhai 2'" font-size="40px" string="धीरे-धीरे रास्ते पर चलें" bg-Color="transparent" onEntry="this.fontWeight='600';">
        </lido-text>
        
        </lido-cell>
        
            </lido-cell>
        </lido-cell>
        
				
        <lido-cell layout="row" visible="true" bg-color="transparent" height="landscape.100%,portrait.20%" width="landscape.20%,portrait.100%">
            <lido-cell layout="row" visible="true" width="100%" height="100%" bg-color="transparent">
                
        <lido-cell id="drop_pair_3" border-radius="8px" audio="game-assets/audio/file-qhzabr30.mp3" value="सांसें गिनना" tab-index="4" height="landscape.300px,portrait.240px" width="landscape.266px,portrait.260px" type="drop" layout="col" visible="true" bg-Color="white" onEntry="this.padding='0px'; this.borderRadius='8px';" onCorrect="this.speak='true'; drag_pair_3.speak='true';">
            
        <lido-text visible="true" height="100%" font-family="'Baloo Bhai 2'" font-size="40px" string="सांस अंदर लेते समय 1 बोलें सांस छोड़ते समय 2 बोलें" bg-Color="transparent" onEntry="this.fontWeight='600';">
        </lido-text>
        
        </lido-cell>
        
            </lido-cell>
        </lido-cell>
        
				
        <lido-cell layout="row" visible="true" bg-color="transparent" height="landscape.100%,portrait.20%" width="landscape.20%,portrait.100%">
            <lido-cell layout="row" visible="true" width="100%" height="100%" bg-color="transparent">
                
        <lido-cell id="drop_pair_4" border-radius="8px" audio="game-assets/audio/file-4av3mkqv.mp3" value="खींचना" tab-index="5" height="landscape.300px,portrait.240px" width="landscape.266px,portrait.260px" type="drop" layout="col" visible="true" bg-Color="white" onEntry="this.padding='0px'; this.borderRadius='8px';" onCorrect="this.speak='true'; drag_pair_4.speak='true';">
            
        <lido-text visible="true" height="100%" font-family="'Baloo Bhai 2'" font-size="40px" string="अपनी मांसपेशियों को आराम दें" bg-Color="transparent" onEntry="this.fontWeight='600';">
        </lido-text>
        
        </lido-cell>
        
            </lido-cell>
        </lido-cell>
        
                    </lido-cell>
                    <lido-cell visible="true" margin="landscape.0px 0px 0px 0px,portrait.0px 0px 0px 0px" bg-color="#fbcab5" layout="landscape.row,portrait.col" height="landscape.50%,portrait.96%" width="95%" border-radius="10px" onEntry="">
                        
        <lido-cell layout="row" visible="true" bg-color="transparent" height="landscape.100%,portrait.20%" width="landscape.20%,portrait.100%">
            <lido-cell layout="random" visible="true" width="100%" height="100%" bg-color="transparent">
                
        <lido-cell id="drag_pair_3" border-radius="8px" audio="game-assets/audio/file-ewm17qh6.mp3" value="सांसें गिनना" tab-index="6" height="landscape.300px,portrait.240px" width="landscape.266px,portrait.260px" type="drag" layout="col" visible="true" bg-Color="white" onEntry="this.padding='0px'; this.borderRadius='8px';">
            
        <lido-image border-radius="8px 8px 0px 0px" margin="0px 0px 0px 0px" visible="true" width="landscape.202px,portrait.180px" height="landscape.200px,portrait.180px" bg-color="transparent" src="game-assets/images/file-z7ag2f2l.jpg">
        </lido-image>
        
        <lido-text visible="true" height="100%" font-family="'Baloo Bhai 2'" font-size="33px" string="सांसें गिनना" bg-Color="transparent" onEntry="this.fontWeight='600';">
        </lido-text>
        
        </lido-cell>
        
            </lido-cell>
        </lido-cell>
        
				
        <lido-cell layout="row" visible="true" bg-color="transparent" height="landscape.100%,portrait.20%" width="landscape.20%,portrait.100%">
            <lido-cell layout="random" visible="true" width="100%" height="100%" bg-color="transparent">
                
        <lido-cell id="drag_pair_1" border-radius="8px" audio="game-assets/audio/file-6sq9kqbm.mp3" value="गुब्बारे जैसी सांस लेना" tab-index="7" height="landscape.300px,portrait.240px" width="landscape.266px,portrait.260px" type="drag" layout="col" visible="true" bg-Color="white" onEntry="this.padding='0px'; this.borderRadius='8px';">
            
        <lido-text visible="true" height="100%" font-family="'Baloo Bhai 2'" font-size="40px" string="गुब्बारे जैसी सांस लेना" bg-Color="transparent" onEntry="this.fontWeight='600';">
        </lido-text>
        
        </lido-cell>
        
            </lido-cell>
        </lido-cell>
        
				
        <lido-cell layout="row" visible="true" bg-color="transparent" height="landscape.100%,portrait.20%" width="landscape.20%,portrait.100%">
            <lido-cell layout="random" visible="true" width="100%" height="100%" bg-color="transparent">
                
        <lido-cell id="drag_pair_4" border-radius="8px" audio="game-assets/audio/file-qh9rcgsn.mp3" value="खींचना" tab-index="8" height="landscape.300px,portrait.240px" width="landscape.266px,portrait.260px" type="drag" layout="col" visible="true" bg-Color="white" onEntry="this.padding='0px'; this.borderRadius='8px';">
            
        <lido-image border-radius="8px 8px 0px 0px" margin="0px 0px 0px 0px" visible="true" width="landscape.202px,portrait.180px" height="landscape.200px,portrait.180px" bg-color="transparent" src="game-assets/images/file-um6jo8xb.jpg">
        </lido-image>
        
        <lido-text visible="true" height="100%" font-family="'Baloo Bhai 2'" font-size="33px" string="खींचना" bg-Color="transparent" onEntry="this.fontWeight='600';">
        </lido-text>
        
        </lido-cell>
        
            </lido-cell>
        </lido-cell>
        
				
        <lido-cell layout="row" visible="true" bg-color="transparent" height="landscape.100%,portrait.20%" width="landscape.20%,portrait.100%">
            <lido-cell layout="random" visible="true" width="100%" height="100%" bg-color="transparent">
                
        <lido-cell id="drag_pair_2" border-radius="8px" audio="game-assets/audio/file-2hg5klar.mp3" value="भुलभुलैया ट्रेसिंग" tab-index="9" height="landscape.300px,portrait.240px" width="landscape.266px,portrait.260px" type="drag" layout="col" visible="true" bg-Color="white" onEntry="this.padding='0px'; this.borderRadius='8px';">
            
        <lido-image border-radius="8px 8px 0px 0px" margin="0px 0px 0px 0px" visible="true" width="landscape.202px,portrait.180px" height="landscape.200px,portrait.180px" bg-color="transparent" src="game-assets/images/file-zfw4o1bx.jpg">
        </lido-image>
        
        <lido-text visible="true" height="100%" font-family="'Baloo Bhai 2'" font-size="33px" string="भुलभुलैया ट्रेसिंग" bg-Color="transparent" onEntry="this.fontWeight='600';">
        </lido-text>
        
        </lido-cell>
        
            </lido-cell>
        </lido-cell>
        
                    </lido-cell>
                </lido-cell>
            </lido-container>
        <lido-container lang="hi" id="lido-container" exit-button-url="template-assets/buttons/file-9hkn9zmc.png" prev-button-url="template-assets/buttons/file-5gdse8c5.png" next-button-url="template-assets/buttons/file-tvw6rjef.png" speaker-button-url="template-assets/buttons/file-qorcj5w5.png" show-next-button="true" show-drop-border="false" tabIndex="0" value="mainContainer1" bg-Color="#FFF" height="100%" width="100%" visible="true" objective="(opt_0|opt_1),(opt_2|opt_3)" show-Check="false" is-continue-on-correct="true" after-Drop="false" onCorrect="lido-avatar.avatarAnimate='Success'; this.sleep='2000';" onInCorrect="lido-avatar.avatarAnimate='Fail'; this.sleep='2000';" is-allow-only-correct="false"> 
		<lido-cell layout="col" visible="true" height="100%" width="98%" bgColor="transparent" margin="landscape.83px 0px 0px 0px, portrait.36px 0px -49px 0px">
			<lido-cell layout="pos" id="pos1" disableEdit="true" value="pos2" height="landscape.205px,portrait.195px" width="landscape.209px,portrait.209px" x="landscape.12px,portrait.-17px" y="landscape.68px,portrait.146px" ariaHidden="true" bgColor="transparent" visible="true" onEntry="">
				<lido-avatar id="lido-avatar" disableEdit="true" visible="true" height="100%" width="100%" src="template-assets/images/file-rtk7zxy5.riv" altText="{chimpleCharacterRive}">
				</lido-avatar>
			</lido-cell>
            
			<lido-text id="heading" tabIndex="2" width="1400px" audio="game-assets/audio/file-oaqfb5hs.mp3" visible="true" string="शांत करने में मदद करता है बनाम मदद नहीं करता है में छाँटें।" font-family="'Baloo Bhai 2'" fontColor="#323232" font-size="landscape.44px,portrait.32px" bg-Color="transparent" onEntry="this.padding='0px 47px'; this.line-height='45px'; this.fontWeight='400';" margin="landscape.26px 0px -25px 0px, portrait.80px 0px -62px">
            </lido-text>


			<lido-cell layout="row" visible="true" onEntry="head1.speak='true'; head2.speak='true'" height="landscape.38%,portrait.41%" width="100%" bg-Color="transparent" margin="landscape.7px 0px 0px 0px,portrait.55px 0px -73px 0px">
				<lido-cell id="cate1" z="100" visible="true" audio="game-assets/audio/file-0603u38q.mp3" width="landscape.48%,portrait.30%" height="100%" bg-Color="#E3F5FC" onEntry="this.border-radius='6px';this.border=' 2px dashed #326B80';this.display='flex';this.flex-direction='column';this.align-items='center';" onTouch="this.addClass='highlight-element'; cate2.removeClass='highlight-element';">
    <lido-text visible="true" id="head1" audio="game-assets/audio/file-0603u38q.mp3" font-family="'Baloo Bhai 2'" font-size="landscape.32px,portrait.32px" string="शांत होने में मदद करता है" bg-Color="transparent" onEntry="this.padding='10px 47px'; this.line-height='26px'; this.fontWeight='600';" z="1" />
    <lido-cell layout="landscape.wrap,portrait.col" id="category1" scrollbar-width="14px" visible="true" value="opt_0,opt_1" tab-index="3" type="category" height="1000px" width="100%" bg-color="#E3F5FC" onEntry="this.padding='23px';this.overflow=' hidden'; this.justify-items='center';  this.grid-template-columns=' repeat(2, 1fr)'; this.gap=' 10px'; this.overflow-y=' auto';" margin="landscape.-15px 0px 0px 0px,portrait.0px" />
</lido-cell>
				<lido-cell id="cate2" z="100" visible="true" audio="game-assets/audio/file-xjrqumne.mp3" width="landscape.48%,portrait.30%" height="100%" bg-Color="#F2EAFC" onEntry="this.border-radius='6px';this.border=' 2px dashed #67428F';this.display='flex';this.flex-direction='column';this.align-items='center';" onTouch="this.addClass='highlight-element'; cate1.removeClass='highlight-element';">
    <lido-text visible="true" id="head2" audio="game-assets/audio/file-xjrqumne.mp3" font-family="'Baloo Bhai 2'" font-size="landscape.32px,portrait.32px" string="मदद नहीं करता" bg-Color="transparent" onEntry="this.padding='10px 47px'; this.line-height='26px'; this.fontWeight='600';" z="1" />
    <lido-cell layout="landscape.wrap,portrait.col" id="category2" scrollbar-width="14px" visible="true" value="opt_2,opt_3" tab-index="4" type="category" height="1000px" width="100%" bg-color="#F2EAFC" onEntry="this.padding='23px';this.overflow=' hidden'; this.justify-items='center';  this.grid-template-columns=' repeat(2, 1fr)'; this.gap=' 10px'; this.overflow-y=' auto';" margin="landscape.-15px 0px 0px 0px,portrait.0px" />
</lido-cell>
			</lido-cell>
			<lido-cell layout="landscape.row,portrait.wrap" z="0" visible="true" type="optionArea" height="landscape.32%,portrait.38%" width="landscape.99%,portrait.98%" bg-Color="#FEEDE6" margin="landscape.-33px 0px 32px 0px, portrait.23px 0px 18px 0px" onEntry=" this.border='1px solid #FAB89C';this.overflow=' hidden'; this.gap='25px'; this.align-items='center'; this.justify-content='center';this.border-radius='6px';">
				 <lido-cell layout="col" onTouch="" z="1" audio="game-assets/audio/file-3jbeor73.mp3" x="29px" y="-221px" visible="true" type="option" tab-index="5" id="i1" value="opt_3" height="240px" width="166px" bg-Color="white" onEntry="this.padding='0px';this.flex-shrink='0';this.box-sizing='unset';this.align-items='center';this.justify-content='center';this.border-radius='6px';this. box-shadow=' 0px 8px 0px -2px rgba(0, 0, 0, 0.1)'"> <lido-image visible="true" height="145px" width="145px" bgColor="transparent" src="game-assets/images/file-6xr8luy9.jpg" margin="-28px 0px 0px 0px" onEntry="this.pointer-events=' none';this.flex=' 0 0 auto'; this.boxShadow='unset';this.transition = 'transform 0.5s ease';" /><lido-text visible="true" onTouch="" height="31px" width="145px" string="चीज़ें तोड़ना" font-family="'Baloo Bhai 2'" font-size="32px" margin="17px 0px 0px 0px" onEntry="this.pointer-events=' none';this.border-radius='0px'; this.line-height='30px'; this.fontWeight='500';" bg-Color="white" /></lido-cell>
				 <lido-cell layout="col" onTouch="" z="1" audio="game-assets/audio/file-huf6qo8c.mp3" x="29px" y="-221px" visible="true" type="option" tab-index="6" id="i2" value="opt_1" height="240px" width="166px" bg-Color="white" onEntry="this.padding='0px';this.flex-shrink='0';this.box-sizing='unset';this.align-items='center';this.justify-content='center';this.border-radius='6px';this. box-shadow=' 0px 8px 0px -2px rgba(0, 0, 0, 0.1)'"> <lido-image visible="true" height="145px" width="145px" bgColor="transparent" src="game-assets/images/file-zlqockrw.jpg" margin="-28px 0px 0px 0px" onEntry="this.pointer-events=' none';this.flex=' 0 0 auto'; this.boxShadow='unset';this.transition = 'transform 0.5s ease';" /><lido-text visible="true" onTouch="" height="31px" width="145px" string="पेय जल" font-family="'Baloo Bhai 2'" font-size="32px" margin="17px 0px 0px 0px" onEntry="this.pointer-events=' none';this.border-radius='0px'; this.line-height='30px'; this.fontWeight='500';" bg-Color="white" /></lido-cell>
				 <lido-cell layout="col" onTouch="" z="1" audio="game-assets/audio/file-gm1fbbnm.mp3" x="29px" y="-221px" visible="true" type="option" tab-index="7" id="i3" value="opt_2" height="240px" width="166px" bg-Color="white" onEntry="this.padding='0px';this.flex-shrink='0';this.box-sizing='unset';this.align-items='center';this.justify-content='center';this.border-radius='6px';this. box-shadow=' 0px 8px 0px -2px rgba(0, 0, 0, 0.1)'"> <lido-image visible="true" height="145px" width="145px" bgColor="transparent" src="game-assets/images/file-y6kf8hh2.jpg" margin="-28px 0px 0px 0px" onEntry="this.pointer-events=' none';this.flex=' 0 0 auto'; this.boxShadow='unset';this.transition = 'transform 0.5s ease';" /><lido-text visible="true" onTouch="" height="31px" width="145px" string="तकिया पर मुक्का मारना" font-family="'Baloo Bhai 2'" font-size="32px" margin="17px 0px 0px 0px" onEntry="this.pointer-events=' none';this.border-radius='0px'; this.line-height='30px'; this.fontWeight='500';" bg-Color="white" /></lido-cell>
				 <lido-cell layout="col" onTouch="" z="1" audio="game-assets/audio/file-38wchyp1.mp3" x="29px" y="-221px" visible="true" type="option" tab-index="8" id="i4" value="opt_0" height="240px" width="166px" bg-Color="white" onEntry="this.padding='0px';this.flex-shrink='0';this.box-sizing='unset';this.align-items='center';this.justify-content='center';this.border-radius='6px';this. box-shadow=' 0px 8px 0px -2px rgba(0, 0, 0, 0.1)'"> <lido-image visible="true" height="145px" width="145px" bgColor="transparent" src="game-assets/images/file-sixnyywb.jpg" margin="-28px 0px 0px 0px" onEntry="this.pointer-events=' none';this.flex=' 0 0 auto'; this.boxShadow='unset';this.transition = 'transform 0.5s ease';" /><lido-text visible="true" onTouch="" height="31px" width="145px" string="धीरे-धीरे साँस लो" font-family="'Baloo Bhai 2'" font-size="32px" margin="17px 0px 0px 0px" onEntry="this.pointer-events=' none';this.border-radius='0px'; this.line-height='30px'; this.fontWeight='500';" bg-Color="white" /></lido-cell>
			</lido-cell>
		</lido-cell>
</lido-container>
    <lido-container lang="hi" visible="true" objective="option_1,option_2,option_3,option_4" show-next-button="true" is-continue-on-correct="true" bg-image="template-assets/bg-images/file-pgb0trtk.png" onCorrect="lido-avatar.avatarAnimate='Success'; this.sleep='2000';" onInCorrect="lido-avatar.avatarAnimate='Fail'; this.sleep='2000';" onEntry="this.sleep='1000'; this.slideAnimation='true';" exit-button-url="template-assets/buttons/file-9hkn9zmc.png" prev-button-url="template-assets/buttons/file-5gdse8c5.png" next-button-url="template-assets/buttons/file-tvw6rjef.png" speaker-button-url="template-assets/buttons/file-qorcj5w5.png">
        <lido-cell layout="pos" id="pos1" disable-edit="true" value="pos1" height="250px" width="250px" x="landscape.0, portrait.670px" y="landscape.51px, portrait.1315px" aria-hidden="true" z="2" bg-color="transparent" visible="true">
            <lido-avatar id="lido-avatar" disable-edit="true" visible="true" height="100%" width="100%" src="template-assets/images/file-rtk7zxy5.riv" alt-text="" />
        </lido-cell>
        <lido-cell visible="true" layout="col" width="100%" height="100%" bg-color="transparent">
            <lido-text visible="true" width="70%" height="landscape.10%, portrait.5%" bg-color="transparent" />
            <lido-text tab-index="1" audio="game-assets/audio/file-gbltzsmt.mp3" visible="true" width="landscape.70%, portrait.62%" height="10%" string="बैलून साँस लेने की प्रक्रिया के चरण सही क्रम में लगाइए।" font-size="42px" onEntry=" this.padding='0px 45px';this.fontWeight='600'; " bg-color="transparent" />
            <lido-cell visible="true" layout="landscape.col, portrait.row" flex-direction="landscape., portrait.row-reverse" align-items="landscape.center, portrait.start" width="100%" height="80%" bg-color="transparent">
                
                <lido-cell visible="true" layout="landscape.row, portrait.col" width="landscape.95%, portrait.26%" height="landscape.65%, portrait.90%" bg-color="#FBCAB5" border-radius="landscape.16px 16px 0 0, portrait.0 16px 16px 0" onEntry="this.flex-shrink='0';this.padding='60px 40px';this.gap='37px'; this.boxSizing='content-box';">
                    <lido-cell tab-index="2" audio="game-assets/audio/file-xm5lxck9.mp3" visible="true" layout="col" bg-color="white" width="landscape.302px, portrait.154px" height="landscape.100%, portrait.17%" value="option_4" type="slide" onTouch="" border-radius="6px" onEntry="this.flex-shrink='0'; this.border='2px solid #CACACA'; this.paddingTop='50px'; this.boxSizing='content-box';">
    <lido-cell visible="true" layout="pos" width="48px" height="48px" z="1" bg-color="#ff5500" border-radius="5px" onEntry="this.display='flex'; this.alignItems='center';">
        <lido-image visible="true" src="template-assets/images/file-yn8ap2i8.png" />
    </lido-cell>
    <lido-image visible="true" width="landscape., portrait.100%" src="game-assets/images/file-sixnyywb.jpg" />
    <lido-text visible="true" string="धीरे-धीरे सांस लें" font-size="42px" onEntry="this.fontWeight='800'; this.textAlign='left'; this.lineHeight='38px';" />
</lido-cell><lido-cell tab-index="3" audio="game-assets/audio/file-3rygq8i3.mp3" visible="true" layout="col" bg-color="white" width="landscape.302px, portrait.154px" height="landscape.100%, portrait.17%" value="option_2" type="slide" onTouch="" border-radius="6px" onEntry="this.flex-shrink='0'; this.border='2px solid #CACACA'; this.paddingTop='50px'; this.boxSizing='content-box';">
    <lido-cell visible="true" layout="pos" width="48px" height="48px" z="1" bg-color="#ff5500" border-radius="5px" onEntry="this.display='flex'; this.alignItems='center';">
        <lido-image visible="true" src="template-assets/images/file-yn8ap2i8.png" />
    </lido-cell>
    <lido-image visible="true" width="landscape., portrait.100%" src="game-assets/images/file-8b699gr0.jpg" />
    <lido-text visible="true" string="बंद आंखें" font-size="42px" onEntry="this.fontWeight='800'; this.textAlign='left'; this.lineHeight='38px';" />
</lido-cell><lido-cell tab-index="4" audio="game-assets/audio/file-9bp70qiw.mp3" visible="true" layout="col" bg-color="white" width="landscape.302px, portrait.154px" height="landscape.100%, portrait.17%" value="option_3" type="slide" onTouch="" border-radius="6px" onEntry="this.flex-shrink='0'; this.border='2px solid #CACACA'; this.paddingTop='50px'; this.boxSizing='content-box';">
    <lido-cell visible="true" layout="pos" width="48px" height="48px" z="1" bg-color="#ff5500" border-radius="5px" onEntry="this.display='flex'; this.alignItems='center';">
        <lido-image visible="true" src="template-assets/images/file-yn8ap2i8.png" />
    </lido-cell>
    
    <lido-text visible="true" string="गुब्बारा फुलाने का नाटक करें" font-size="42px" onEntry="this.fontWeight='800'; this.textAlign='left'; this.lineHeight='38px';" />
</lido-cell><lido-cell tab-index="5" audio="game-assets/audio/file-cv3ckwng.mp3" visible="true" layout="col" bg-color="white" width="landscape.302px, portrait.154px" height="landscape.100%, portrait.17%" value="option_1" type="slide" onTouch="" border-radius="6px" onEntry="this.flex-shrink='0'; this.border='2px solid #CACACA'; this.paddingTop='50px'; this.boxSizing='content-box';">
    <lido-cell visible="true" layout="pos" width="48px" height="48px" z="1" bg-color="#ff5500" border-radius="5px" onEntry="this.display='flex'; this.alignItems='center';">
        <lido-image visible="true" src="template-assets/images/file-yn8ap2i8.png" />
    </lido-cell>
    <lido-image visible="true" width="landscape., portrait.100%" src="game-assets/images/file-7ko4pgu4.jpg" />
    <lido-text visible="true" string="बैठ जाएं" font-size="42px" onEntry="this.fontWeight='800'; this.textAlign='left'; this.lineHeight='38px';" />
</lido-cell>
                </lido-cell>
            </lido-cell>
        </lido-cell>
    </lido-container>
    
	<lido-container lang="hi" id="lido-container" exit-button-url="template-assets/buttons/file-9hkn9zmc.png" prev-button-url="template-assets/buttons/file-5gdse8c5.png" next-button-url="template-assets/buttons/file-tvw6rjef.png" speaker-button-url="template-assets/buttons/file-qorcj5w5.png" is-allow-only-correct="false" value="maincontainer" objective="धीरे-धीरे सांस,लेने से मुझे,शांत और सुरक्षित,महसूस,करने,में,मदद,मिलती है।" x="0" y="0" z="0" bg-color="transparent" bg-image="template-assets/bg-images/file-h8zzdxtj.png" visible="true" onCorrect="lido-avatar.avatarAnimate='Success';qustionAudio.speak='true'; pos2.animation='placeToLeft 2.5s linear'; this.sleep='2000';" onEntry="" onInCorrect="lido-avatar.avatarAnimate='Fail'; this.sleep='2000';" show-check="false" is-continue-on-correct="true" appendToDropOnCompletion="true">
		<lido-cell visible="false" id="speak-con">
			<lido-text id="sentenceText" audio="" string="धीरे-धीरे सांस लेने से मुझे शांत और सुरक्षित महसूस करने में मदद मिलती है।" />
		</lido-cell>
		<lido-cell id="row1" layout="col" height="100%" width="100%" visible="true" bg-Color="transparent">
            
			<lido-text tab-index="1" id="qustionAudio" margin="60px 0px -139px 0px" visible="true" bg-color="transparent" y="landscape.30px, portrait.79px" onEntry="this.padding='0px 45px'; this.fontWeight='600'; this.speak='true'" audio="game-assets/audio/file-o3yh8ff7.mp3" width="auto" height="5%" string="इन शब्दों से एक वाक्य बनाएँ।" font-family="'Baloo 2', serif" font-size="36px" z="2" />
			<lido-cell id="col" layout="col" disable-edit="true" value="pos" aria-hidden="true" x="0" y="0" z="0" bg-color="transparent" type="" visible="true" onTouch="" onCorrect="" width="100%" height="100%" onEntry="">
				<lido-cell id="pos2" layout="pos" disable-edit="true" value="pos" aria-hidden="true" x="0" y="landscape.29px,portrait.0px" z="0" bg-color="transparent" type="" visible="true" onTouch="" width="100%" height="100%" onEntry="this.animation='rightToPlace 2.5s linear'; this.sleep='2000';">
					<lido-image width="landscape.122%, portrait.145%" height="landscape.173%, portrait.70%" y="landscape.-32%, portrait.26%" x="landscape.-22%, portrait.-39%" id="image1" disable-edit="true" visible="true" src="template-assets/images/file-sbt5cjlm.png" onEntry="" />
					<lido-image width="landscape.16%, portrait.32%" y="landscape.17%, portrait.26%" x="landscape.40%, portrait.35%" z="2" id="image2" margin="-48px 0px 0px 0px" disable-edit="true" visible="true" src="game-assets/images/file-u8at50ih.jpg" onEntry="" />
					<lido-cell layout="wrap" height="29%" visible="true" width="landscape.80%, portrait.88%" margin="-76px 0px 0px 0px" y="landscape.50%, portrait.48%" x="landscape.11%,portrait.7%" z="2" onEntry="this.gridTemplateColumns = 'repeat(4, 1fr)'; this.position='relative';this.gap='7px';" bg-color="transparent">
                        <lido-text id="drop_zone_1" drop-attr="stretch" value="धीरे-धीरे सांस" tab-index="2" is-allow-only-one-drop="true" visible="true" onEntry="this.background='transparent'; this.borderRadius='15px';" width="300px" height="80px" type="drop" />
						<lido-text id="drop_zone_2" drop-attr="stretch" value="लेने से मुझे" tab-index="3" is-allow-only-one-drop="true" visible="true" onEntry="this.background='transparent'; this.borderRadius='15px';" width="300px" height="80px" type="drop" />
						<lido-text id="drop_zone_3" drop-attr="stretch" value="शांत और सुरक्षित" tab-index="4" is-allow-only-one-drop="true" visible="true" onEntry="this.background='transparent'; this.borderRadius='15px';" width="300px" height="80px" type="drop" />
						<lido-text id="drop_zone_4" drop-attr="stretch" value="महसूस" tab-index="5" is-allow-only-one-drop="true" visible="true" onEntry="this.background='transparent'; this.borderRadius='15px';" width="300px" height="80px" type="drop" />
						<lido-text id="drop_zone_5" drop-attr="stretch" value="करने" tab-index="6" is-allow-only-one-drop="true" visible="true" onEntry="this.background='transparent'; this.borderRadius='15px';" width="300px" height="80px" type="drop" />
						<lido-text id="drop_zone_6" drop-attr="stretch" value="में" tab-index="7" is-allow-only-one-drop="true" visible="true" onEntry="this.background='transparent'; this.borderRadius='15px';" width="300px" height="80px" type="drop" />
						<lido-text id="drop_zone_7" drop-attr="stretch" value="मदद" tab-index="8" is-allow-only-one-drop="true" visible="true" onEntry="this.background='transparent'; this.borderRadius='15px';" width="300px" height="80px" type="drop" />
						<lido-text id="drop_zone_8" drop-attr="stretch" value="मिलती है।" tab-index="9" is-allow-only-one-drop="true" visible="true" onEntry="this.background='transparent'; this.borderRadius='15px';" width="300px" height="80px" type="drop" />
                    </lido-cell>
				</lido-cell>
				<lido-cell layout="wrap" height="230px" delay-visible="2650" visible="true" margin="-78px 0px 0px -113px" width="landscape.80%, portrait.88%" y="landscape.65%, portrait.62%" x="landscape.4%,portrait.0px" z="2" onEntry="this.gridTemplateColumns = 'repeat(4, 1fr)';this.position='relative';this.gap='26px';">
                    <lido-text id="option_item_1" audio="game-assets/audio/file-lhin2mdf.mp3" value="मिलती है।" tab-index="10" visible="true" bg-color="#FCF3B1" onEntry="this.padding='0px 40px';this.borderRadius='25px'; this.boxShadow='unset'; this.fontWeight='800';" width="auto" height="84px" string="मिलती है।" font-family="'Baloo 2', serif" font-size="24px" z="2" type="drag" />
					<lido-text id="option_item_2" audio="game-assets/audio/file-v488by6y.mp3" value="में" tab-index="11" visible="true" bg-color="#FCF3B1" onEntry="this.padding='0px 40px';this.borderRadius='25px'; this.boxShadow='unset'; this.fontWeight='800';" width="auto" height="84px" string="में" font-family="'Baloo 2', serif" font-size="24px" z="2" type="drag" />
					<lido-text id="option_item_3" audio="game-assets/audio/file-sq6jsvco.mp3" value="मदद" tab-index="12" visible="true" bg-color="#FCF3B1" onEntry="this.padding='0px 40px';this.borderRadius='25px'; this.boxShadow='unset'; this.fontWeight='800';" width="auto" height="84px" string="मदद" font-family="'Baloo 2', serif" font-size="24px" z="2" type="drag" />
					<lido-text id="option_item_4" audio="game-assets/audio/file-fx3pz3e3.mp3" value="धीरे-धीरे सांस" tab-index="13" visible="true" bg-color="#FCF3B1" onEntry="this.padding='0px 40px';this.borderRadius='25px'; this.boxShadow='unset'; this.fontWeight='800';" width="auto" height="84px" string="धीरे-धीरे सांस" font-family="'Baloo 2', serif" font-size="24px" z="2" type="drag" />
					<lido-text id="option_item_5" audio="game-assets/audio/file-2o7nm4ol.mp3" value="लेने से मुझे" tab-index="14" visible="true" bg-color="#FCF3B1" onEntry="this.padding='0px 40px';this.borderRadius='25px'; this.boxShadow='unset'; this.fontWeight='800';" width="auto" height="84px" string="लेने से मुझे" font-family="'Baloo 2', serif" font-size="24px" z="2" type="drag" />
					<lido-text id="option_item_6" audio="game-assets/audio/file-4yxocxd1.mp3" value="करने" tab-index="15" visible="true" bg-color="#FCF3B1" onEntry="this.padding='0px 40px';this.borderRadius='25px'; this.boxShadow='unset'; this.fontWeight='800';" width="auto" height="84px" string="करने" font-family="'Baloo 2', serif" font-size="24px" z="2" type="drag" />
					<lido-text id="option_item_7" audio="game-assets/audio/file-8dc4a6ia.mp3" value="शांत और सुरक्षित" tab-index="16" visible="true" bg-color="#FCF3B1" onEntry="this.padding='0px 40px';this.borderRadius='25px'; this.boxShadow='unset'; this.fontWeight='800';" width="auto" height="84px" string="शांत और सुरक्षित" font-family="'Baloo 2', serif" font-size="24px" z="2" type="drag" />
					<lido-text id="option_item_8" audio="game-assets/audio/file-ilk3s81x.mp3" value="महसूस" tab-index="17" visible="true" bg-color="#FCF3B1" onEntry="this.padding='0px 40px';this.borderRadius='25px'; this.boxShadow='unset'; this.fontWeight='800';" width="auto" height="84px" string="महसूस" font-family="'Baloo 2', serif" font-size="24px" z="2" type="drag" />
				</lido-cell>
				<lido-cell layout="row" visible="true" width="landscape.70%, portrait.88%" y="landscape.21%, portrait.42%" x="0%" z="2" onEntry="this.position='relative'" />
			</lido-cell>
			<lido-cell layout="pos" id="pos1" disable-edit="true" value="pos2" height="landscape.408px,portrait.327px" width="landscape.311px,portrait.294px" x="landscape.85%, portrait.640px" y="landscape.75%, portrait.172px" aria-hidden="true" bg-color="transparent" visible="true" onEntry="this.animation='rightToPlace 2.5s linear';">
				<lido-avatar id="lido-avatar" disable-edit="true" visible="true" height="100%" width="100%" src="template-assets/images/file-rtk7zxy5.riv" alt-text="" />
			</lido-cell>
		</lido-cell>
	</lido-container>	

            <lido-container lang="hi" id="lido-container" objective="" tab-index="1" value="mainContainer1" bg-image="template-assets/bg-images/file-3mwrnx4l.png" height="1600px" width="900px" bg-color="transparent" visible="true" onCorrect="lido-avatar.avatarAnimate='Success'; this.sleep='2000';" onEntry="this.justifyContent='space-around';" onInCorrect="lido-avatar.avatarAnimate='Fail'; this.sleep='2000';" show-check="false" is-continue-on-correct="false" after-drop="false" show-next-button="true" exit-button-url="template-assets/buttons/file-9hkn9zmc.png" prev-button-url="template-assets/buttons/file-5gdse8c5.png" next-button-url="template-assets/buttons/file-tvw6rjef.png" speaker-button-url="template-assets/buttons/file-qorcj5w5.png">

                
                <lido-cell layout="pos" id="pos1" disable-edit="true" value="pos1" height="landscape.600px, portrait.700px" width="landscape.393px, portrait.485px" x="landscape.-24px, portrait.465px" y="landscape.385px, portrait.983px" aria-hidden="true" z="1" bg-color="transparent" visible="true" onEntry="this.flex-shrink='0';">
                    <lido-avatar id="lido-avatar" disable-edit="true" visible="true" height="inherit" width="inherit" src="template-assets/images/file-rtk7zxy5.riv" alt-text="" onEntry="">
                    </lido-avatar>
                </lido-cell>

                
                <lido-cell layout="pos" id="pos2" disable-edit="true" value="pos2" width="landscape.594px, portrait.754px" height="landscape.725px, portrait.925px" x="landscape.519px, portrait.73px" y="landscape.127px, portrait.172px" aria-hidden="true" z="1" bg-color="transparent" visible="true" onEntry="this.flex-shrink='0';">
                    <lido-flash-card x="50" y="100" width="landscape.594px, portrait.754px" height="landscape.725px, portrait.925px" bg-color="transparent" onEntry="this.border-radius='32px';" onTouch="">
                        <lido-cell layout="col" id="col1" audio="game-assets/audio/file-81x7spjd.mp3" slot="front" disable-edit="true" visible="true" width="landscape.594px, portrait.754px" height="landscape.910px, portrait.925px" bg-color="white" type="" tab-index="2" dropAttr="diagonal" onEntry="this.border-radius=32px; this.padding='8px 8px 16px 8px';" y="landscape.5px,portrait.10px">
                            <lido-image visible="true" src="game-assets/images/file-sixnyywb.jpg" z="1" width="landscape.578px, portrait.738px" height="landscape.578px, portrait.738px" onEntry="this.flex-shrink='0';" border-radius="24px 24px 6px 6px" alt-text="" /><lido-text id="txt1" width="553px" height="217px" display="flex" onEntry="this.textAlign='center'; this.flexDirection='column'; this.justifyContent='center'; this.alignItems='center'; this.flexShrink='0';" font-family="'Baloo Bhai 2'" font-size="52px" z="1" font-color="black" font-weight="500" color="#303030" string="गहरी सांस लेना" visible="true" y="landscape.15px, portrait.15px" bg-color="white" margin="landscape.45px 0px 45px 0px, portrait.45px 0px 45px 0px" />
                        </lido-cell>
                        <lido-cell layout="col" tab-index="3" audio="game-assets/audio/file-i6giqz8g.mp3" id="col2" slot="back" disable-edit="true" visible="true" width="landscape.594px, portrait.754px" height="landscape.910px, portrait.925px" bg-color="white" type="" dropAttr="diagonal" onEntry="this.border-radius=32px; this.padding='8px 8px 16px 8px';" y="landscape.,portrait.">
                            <lido-text id="txt2" height="480px" width="495px" display="flex" onEntry="this.textAlign='left'; this.lineHeight='1.5';" font-family="'Baloo Bhai 2'" font-size="52px" z="1" font-color="black" font-weight="500" color="#000000" string="धीरे-धीरे सांस अंदर-बाहर करने से शरीर और दिमाग शांत होता है।" visible="true" y="landscape.35px, portrait.15px" bg-color="white" margin="landscape.45px 0px 45px 0px, portrait.45px 0px 45px 0px" />
                        </lido-cell>
                    </lido-flash-card>
                </lido-cell>
            </lido-container>
        
            <lido-container lang="hi" id="lido-container" objective="" tab-index="1" value="mainContainer1" bg-image="template-assets/bg-images/file-3mwrnx4l.png" height="1600px" width="900px" bg-color="transparent" visible="true" onCorrect="lido-avatar.avatarAnimate='Success'; this.sleep='2000';" onEntry="this.justifyContent='space-around';" onInCorrect="lido-avatar.avatarAnimate='Fail'; this.sleep='2000';" show-check="false" is-continue-on-correct="false" after-drop="false" show-next-button="true" exit-button-url="template-assets/buttons/file-9hkn9zmc.png" prev-button-url="template-assets/buttons/file-5gdse8c5.png" next-button-url="template-assets/buttons/file-tvw6rjef.png" speaker-button-url="template-assets/buttons/file-qorcj5w5.png">

                
                <lido-cell layout="pos" id="pos1" disable-edit="true" value="pos1" height="landscape.600px, portrait.700px" width="landscape.393px, portrait.485px" x="landscape.-24px, portrait.465px" y="landscape.385px, portrait.983px" aria-hidden="true" z="1" bg-color="transparent" visible="true" onEntry="this.flex-shrink='0';">
                    <lido-avatar id="lido-avatar" disable-edit="true" visible="true" height="inherit" width="inherit" src="template-assets/images/file-rtk7zxy5.riv" alt-text="" onEntry="">
                    </lido-avatar>
                </lido-cell>

                
                <lido-cell layout="pos" id="pos2" disable-edit="true" value="pos2" width="landscape.594px, portrait.754px" height="landscape.725px, portrait.925px" x="landscape.519px, portrait.73px" y="landscape.127px, portrait.172px" aria-hidden="true" z="1" bg-color="transparent" visible="true" onEntry="this.flex-shrink='0';">
                    <lido-flash-card x="50" y="100" width="landscape.594px, portrait.754px" height="landscape.725px, portrait.925px" bg-color="transparent" onEntry="this.border-radius='32px';" onTouch="">
                        <lido-cell layout="col" id="col1" audio="game-assets/audio/file-xsau3d1u.mp3" slot="front" disable-edit="true" visible="true" width="landscape.594px, portrait.754px" height="landscape.910px, portrait.925px" bg-color="white" type="" tab-index="2" dropAttr="diagonal" onEntry="this.border-radius=32px; this.padding='8px 8px 16px 8px';" y="landscape.5px,portrait.10px">
                            <lido-image visible="true" src="game-assets/images/file-oo40l68v.jpg" z="1" width="landscape.578px, portrait.738px" height="landscape.578px, portrait.738px" onEntry="this.flex-shrink='0';" border-radius="24px 24px 6px 6px" alt-text="" /><lido-text id="txt1" width="553px" height="217px" display="flex" onEntry="this.textAlign='center'; this.flexDirection='column'; this.justifyContent='center'; this.alignItems='center'; this.flexShrink='0';" font-family="'Baloo Bhai 2'" font-size="52px" z="1" font-color="black" font-weight="500" color="#303030" string="बैलून साँस लेने की प्रक्रिया" visible="true" y="landscape.15px, portrait.15px" bg-color="white" margin="landscape.45px 0px 45px 0px, portrait.45px 0px 45px 0px" />
                        </lido-cell>
                        <lido-cell layout="col" tab-index="3" audio="game-assets/audio/file-mbx5qyjx.mp3" id="col2" slot="back" disable-edit="true" visible="true" width="landscape.594px, portrait.754px" height="landscape.910px, portrait.925px" bg-color="white" type="" dropAttr="diagonal" onEntry="this.border-radius=32px; this.padding='8px 8px 16px 8px';" y="landscape.,portrait.">
                            <lido-text id="txt2" height="480px" width="495px" display="flex" onEntry="this.textAlign='left'; this.lineHeight='1.5';" font-family="'Baloo Bhai 2'" font-size="52px" z="1" font-color="black" font-weight="500" color="#000000" string="धीरे-धीरे गुब्बारा फुलाने का नाटक करे इससे आपको आराम मिलता है।" visible="true" y="landscape.35px, portrait.15px" bg-color="white" margin="landscape.45px 0px 45px 0px, portrait.45px 0px 45px 0px" />
                        </lido-cell>
                    </lido-flash-card>
                </lido-cell>
            </lido-container>
        
            <lido-container lang="hi" id="lido-container" objective="" tab-index="1" value="mainContainer1" bg-image="template-assets/bg-images/file-3mwrnx4l.png" height="1600px" width="900px" bg-color="transparent" visible="true" onCorrect="lido-avatar.avatarAnimate='Success'; this.sleep='2000';" onEntry="this.justifyContent='space-around';" onInCorrect="lido-avatar.avatarAnimate='Fail'; this.sleep='2000';" show-check="false" is-continue-on-correct="false" after-drop="false" show-next-button="true" exit-button-url="template-assets/buttons/file-9hkn9zmc.png" prev-button-url="template-assets/buttons/file-5gdse8c5.png" next-button-url="template-assets/buttons/file-tvw6rjef.png" speaker-button-url="template-assets/buttons/file-qorcj5w5.png">

                
                <lido-cell layout="pos" id="pos1" disable-edit="true" value="pos1" height="landscape.600px, portrait.700px" width="landscape.393px, portrait.485px" x="landscape.-24px, portrait.465px" y="landscape.385px, portrait.983px" aria-hidden="true" z="1" bg-color="transparent" visible="true" onEntry="this.flex-shrink='0';">
                    <lido-avatar id="lido-avatar" disable-edit="true" visible="true" height="inherit" width="inherit" src="template-assets/images/file-rtk7zxy5.riv" alt-text="" onEntry="">
                    </lido-avatar>
                </lido-cell>

                
                <lido-cell layout="pos" id="pos2" disable-edit="true" value="pos2" width="landscape.594px, portrait.754px" height="landscape.725px, portrait.925px" x="landscape.519px, portrait.73px" y="landscape.127px, portrait.172px" aria-hidden="true" z="1" bg-color="transparent" visible="true" onEntry="this.flex-shrink='0';">
                    <lido-flash-card x="50" y="100" width="landscape.594px, portrait.754px" height="landscape.725px, portrait.925px" bg-color="transparent" onEntry="this.border-radius='32px';" onTouch="">
                        <lido-cell layout="col" id="col1" audio="game-assets/audio/file-2hg5klar.mp3" slot="front" disable-edit="true" visible="true" width="landscape.594px, portrait.754px" height="landscape.910px, portrait.925px" bg-color="white" type="" tab-index="2" dropAttr="diagonal" onEntry="this.border-radius=32px; this.padding='8px 8px 16px 8px';" y="landscape.5px,portrait.10px">
                            <lido-image visible="true" src="game-assets/images/file-zfw4o1bx.jpg" z="1" width="landscape.578px, portrait.738px" height="landscape.578px, portrait.738px" onEntry="this.flex-shrink='0';" border-radius="24px 24px 6px 6px" alt-text="" /><lido-text id="txt1" width="553px" height="217px" display="flex" onEntry="this.textAlign='center'; this.flexDirection='column'; this.justifyContent='center'; this.alignItems='center'; this.flexShrink='0';" font-family="'Baloo Bhai 2'" font-size="52px" z="1" font-color="black" font-weight="500" color="#303030" string="भुलभुलैया ट्रेसिंग" visible="true" y="landscape.15px, portrait.15px" bg-color="white" margin="landscape.45px 0px 45px 0px, portrait.45px 0px 45px 0px" />
                        </lido-cell>
                        <lido-cell layout="col" tab-index="3" audio="game-assets/audio/file-gmma5man.mp3" id="col2" slot="back" disable-edit="true" visible="true" width="landscape.594px, portrait.754px" height="landscape.910px, portrait.925px" bg-color="white" type="" dropAttr="diagonal" onEntry="this.border-radius=32px; this.padding='8px 8px 16px 8px';" y="landscape.,portrait.">
                            <lido-text id="txt2" height="480px" width="495px" display="flex" onEntry="this.textAlign='left'; this.lineHeight='1.5';" font-family="'Baloo Bhai 2'" font-size="52px" z="1" font-color="black" font-weight="500" color="#000000" string="धीरे-धीरे रास्ता तय करने से आपका मन शांत और ध्यान केंद्रित रहता है।" visible="true" y="landscape.35px, portrait.15px" bg-color="white" margin="landscape.45px 0px 45px 0px, portrait.45px 0px 45px 0px" />
                        </lido-cell>
                    </lido-flash-card>
                </lido-cell>
            </lido-container>
        <lido-container lang="hi" show-prev-button="false" show-next-button="true" id="lido-container" bg-image="" height="1600px" width="900px" value="mainContainer4" objective="" visible="true" onInCorrect="lido-avatar.avatarAnimate='Fail'; this.sleep='2000';" show-check="false" is-continue-on-correct="false" exit-button-url="template-assets/buttons/file-9hkn9zmc.png" prev-button-url="template-assets/buttons/file-5gdse8c5.png" next-button-url="template-assets/buttons/file-tvw6rjef.png" speaker-button-url="template-assets/buttons/file-qorcj5w5.png">
    <lido-cell id="cell1" margin="landscape.140px 0px 0px 0px,portrait.170px 0px 0px 0px" visible="true" layout="landscape.row,portrait.col" disable-edit="true" value="cell1" width="landscape.100%,portrait.86%" height="landscape.100%,portrait.80%" x="50px" y="50px" bg-color="white" onEntry="this.justifyContent='space-evenly'; this.borderRadius='6px'">
        <lido-image id="image1" disable-edit="true" margin="landscape.0px 0px 0px 0px,portrait.-20px 0px 0px 0px" value="image1" visible="true" src="game-assets/images/file-zfw4o1bx.jpg" width="landscape.704px,portrait.744px" height="landscape.704px,portrait.707px" bg-color="transparent" alt-text="" onEntry="" />
        <lido-text id="text1" tab-index="1" audio="game-assets/audio/file-11hm9wcu.mp3" disable-edit="true" margin="landscape.0px 0px 0px 27px,portrait.0px 0px 60px 0px" value="text1" visible="true" width="landscape.47%,portrait.90%" height="100%" bg-color="transparent" font-family="'Baloo 2', serif" font-size="44px" font-color="#000" string="जब आप परेशान महसूस करें, तो धीरे-धीरे साँस लें या कोई रास्ता ट्रेस करें। ये शांत करने वाली गतिविधियाँ आपके मन को शांत और शरीर को आरामदायक बनाती हैं।" onEntry="this.fontWeight='500'; this.boxShadow='unset'; this.textAlign='start'; this.speak='true';" />
    </lido-cell>
    <lido-pos id="pos1" disable-edit="true" value="pos1" height="350px" width="350px" x="landscape.1300px, portrait.580px" y="landscape.670px, portrait.1350px" aria-hidden="true" z="1" bg-color="transparent" visible="true">
        <lido-avatar id="lido-avatar" disable-edit="true" visible="true" height="350px" width="350px" src="template-assets/images/file-rtk7zxy5.riv" alt-text="chimpleCharacterRive" />
    </lido-pos>
</lido-container>
</root>