[1,["95T/S8dGZFp6JHHeqsQFEj","6f/89i8+RKr6ZLK1Phxak/","54NjDGz01FB4zBfYszLDfk","ea7sMwYZpE87mtGA5m67NS","89sFVHLdxHmZbMivy89gm8","52njp68RpJKbBVyrk2d7xE","f2qI2frcdLdogjaJpNcQqW"],["_textureSetter"],["cc.SpriteFrame","cc.Texture2D",["cc.AudioClip",["_name","_native","duration"],0],["cc.JsonAsset",["_name","json"],1]],[[2,0,1,2,4],[3,0,1,3]],[[[{"name":"full_glass","rect":[0,0,456,512],"offset":[0,0],"originalSize":[456,512],"capInsets":[0,0,0,0]}],[0],0,[0],[0],[0]],[[[0,"more",".mp3",1.201633],-1],0,0,[],[],[]],[["0,9729,9729,33071,33071,0,0,1",-1],[1],0,[],[],[]],[["0,9729,9729,33071,33071,0,0,1",-1],[1],0,[],[],[]],[[{"name":"tub","rect":[0,0,512,357],"offset":[0,0],"originalSize":[512,357],"capInsets":[0,0,0,0]}],[0],0,[0],[0],[1]],[[{"name":"bucket","rect":[0,0,495,512],"offset":[0,0],"originalSize":[495,512],"capInsets":[0,0,0,0]}],[0],0,[0],[0],[2]],[["0,9729,9729,33071,33071,0,0,1",-1],[1],0,[],[],[]],[[{"name":"half_glass","rect":[0,0,456,512],"offset":[0,0],"originalSize":[456,512],"capInsets":[0,0,0,0]}],[0],0,[0],[0],[3]],[["0,9729,9729,33071,33071,0,0,1",-1],[1],0,[],[],[]],[["0,9729,9729,33071,33071,0,0,1",-1],[1],0,[],[],[]],[[{"name":"mug","rect":[0,0,500,333],"offset":[0,0],"originalSize":[500,333],"capInsets":[0,0,0,0]}],[0],0,[0],[0],[4]],[[[1,"sl_en3806",{"rows":[["openwindow1","1","Description","LEGIT","more","bucket.png","glass.png","more.mp3","abcdefghijklmnopqrstuvwxyz"],["openwindow1","1","Description","LEGIT","less","half_glass.png","full_glass.png","less.mp3","abcdefghijklmnopqrstuvwxyz"],["openwindow1","1","Description","LEGIT","more","tub.png","mug.png","more.mp3","abcdefghijklmnopqrstuvwxyz"],["openwindow1","1","Description","LEGIT","more","jar.png","glass.png","more.mp3","abcdefghijklmnopqrstuvwxyz"],["openwindow1","1","Description","LEGIT","less","smallbasket.png","bigbasket.png","less.mp3","abcdefghijklmnopqrstuvwxyz"],["openwindow1","1","Description","LEGIT","more","bigbottle.png","can.png","more.mp3","abcdefghijklmnopqrstuvwxyz"],["openwindow1","1","Description","LEGIT","less","bigbag.png","smallbag.png","less.mp3","abcdefghijklmnopqrstuvwxyz"],["quizliteracy","1","Description","soundonly_image","bucket.png","mug.png","bucket.png","glass.png","","","more.mp3"],["quizliteracy","1","Description","soundonly_image","glass.png","glass.png","tub.png","bigbottle.png","","","less.mp3"],["quizliteracy","1","Description","soundonly_image","tub.png","jar.png","half_glass.png","tub.png","","","more.mp3"]]}]],0,0,[],[],[]],[[{"name":"jar","rect":[0,0,467,512],"offset":[0,0],"originalSize":[467,512],"capInsets":[0,0,0,0]}],[0],0,[0],[0],[5]],[[{"name":"can","rect":[106,0,299,512],"offset":[-0.5,0],"originalSize":[512,512],"capInsets":[0,0,0,0]}],[0],0,[0],[0],[6]],[[[0,"less",".mp3",1.17551],-1],0,0,[],[],[]],[["0,9729,9729,33071,33071,0,0,1",-1],[1],0,[],[],[]],[["0,9729,9729,33071,33071,0,0,1",-1],[1],0,[],[],[]]]]