[1,["40jD53Fo5CJYOFMpKhq9yN","d8gXl/w5pOHowwoHIAKK0Q","47SQUQ1wpOyLTa2p2QNLJw","c5ewBna2BPTqx2J9+2CY0f","detuDPgnRHt6TMaIfPAlsi","f9Iz3koypNnr+ZalB6skAz","d1wyOINRhBKJrXkSeIR0WE","2fOQ31L9hH+6WdHcVtDneM","f3VuWLF4tKqJxd7WIb1M99","398vzGHHdAkbHsfPiQkaq8","36JkhrGaNCxq2gdenuVDON","cf5bCkSvNLpI6tr0lI5t4l","3eDZ4o9yZN07Wd/2MyWHi9","85nhAQcn1GqavY7cCyjUCx","9ffdlD9WxE1LRXWPPOmSf5","5b37O4/GhAPJ7tRMGI2r/f","72g7Bo/KpC3qL0wFTxUamN","08HcdcGuJP5bFEvIidyRNC","6aBbn/oANJXqmv1fBBBK52","98XZ4v/UdGbYkmKCNFZiKW","a5ZXK3XbVF6KqfxLDCSruU"],["_textureSetter"],["cc.Texture2D","cc.SpriteFrame",["cc.AudioClip",["_name","_native","duration"],0],["cc.JsonAsset",["_name","json"],1]],[[2,0,1,2,4],[3,0,1,3]],[[["0,9729,9729,33071,33071,0,0,1",-1],[0],0,[],[],[]],[[[0,"The_ball_is_on_the_desk",".mp3",2.304],-1],0,0,[],[],[]],[[[0,"The_bag_is_under_the_bed",".mp3",2.376],-1],0,0,[],[],[]],[[[0,"The_boy_is_between_Dev_and_Lily",".mp3",3.24],-1],0,0,[],[],[]],[[{"name":"l10_birdsinnest","rect":[0,0,868,689],"offset":[0,0],"originalSize":[868,689],"capInsets":[0,0,0,0]}],[1],0,[0],[0],[0]],[[{"name":"l10_bagnextbed","rect":[0,0,868,689],"offset":[0,0],"originalSize":[868,689],"capInsets":[0,0,0,0]}],[1],0,[0],[0],[1]],[[{"name":"l13_catbehindbox","rect":[0,0,868,689],"offset":[0,0],"originalSize":[868,689],"capInsets":[0,0,0,0]}],[1],0,[0],[0],[2]],[[[0,"The_cat_is_behind_the_box",".mp3",2.784],-1],0,0,[],[],[]],[[[0,"The_ball_is_under_the_desk",".mp3",2.496],-1],0,0,[],[],[]],[["0,9729,9729,33071,33071,0,0,1",-1],[0],0,[],[],[]],[["0,9729,9729,33071,33071,0,0,1",-1],[0],0,[],[],[]],[["0,9729,9729,33071,33071,0,0,1",-1],[0],0,[],[],[]],[["0,9729,9729,33071,33071,0,0,1",-1],[0],0,[],[],[]],[["0,9729,9729,33071,33071,0,0,1",-1],[0],0,[],[],[]],[[[0,"The_frog_is_in_the_water",".mp3",2.424],-1],0,0,[],[],[]],[[{"name":"l10_frogonleaf","rect":[0,0,869,689],"offset":[0,0],"originalSize":[869,689],"capInsets":[0,0,0,0]}],[1],0,[0],[0],[3]],[["0,9729,9729,33071,33071,0,0,1",-1],[0],0,[],[],[]],[[{"name":"l13_lionbetweentrees","rect":[0,0,868,689],"offset":[0,0],"originalSize":[868,689],"capInsets":[0,0,0,0]}],[1],0,[0],[0],[4]],[[{"name":"l10_birdsinsky","rect":[0,0,868,689],"offset":[0,0],"originalSize":[868,689],"capInsets":[0,0,0,0]}],[1],0,[0],[0],[5]],[[[0,"The_birds_are_on_the_roof",".mp3",2.448],-1],0,0,[],[],[]],[[[0,"The_ball_is_on_the_chair",".mp3",2.304],-1],0,0,[],[],[]],[[{"name":"l10_bagonbed","rect":[0,0,868,689],"offset":[0,0],"originalSize":[868,689],"capInsets":[0,0,0,0]}],[1],0,[0],[0],[6]],[["0,9729,9729,33071,33071,0,0,1",-1],[0],0,[],[],[]],[[{"name":"l10_ballunderdesk","rect":[0,0,868,689],"offset":[0,0],"originalSize":[868,689],"capInsets":[0,0,0,0]}],[1],0,[0],[0],[7]],[["0,9729,9729,33071,33071,0,0,1",-1],[0],0,[],[],[]],[[[0,"The_frog_is_on_the_leaf",".mp3",2.424],-1],0,0,[],[],[]],[[[0,"The_cat_is_between_the_boxes",".mp3",2.928],-1],0,0,[],[],[]],[[[0,"The_lion_is_next_to_the_tree",".mp3",2.904],-1],0,0,[],[],[]],[[{"name":"l10_applesinbasket","rect":[0,0,868,689],"offset":[0,0],"originalSize":[868,689],"capInsets":[0,0,0,0]}],[1],0,[0],[0],[8]],[["0,9729,9729,33071,33071,0,0,1",-1],[0],0,[],[],[]],[[[0,"The_birds_are_in_the_nest",".mp3",2.496],-1],0,0,[],[],[]],[[[0,"The_lion_is_behind_the_tree",".mp3",2.808],-1],0,0,[],[],[]],[[{"name":"l10_birdsonroof","rect":[0,0,868,689],"offset":[0,0],"originalSize":[868,689],"capInsets":[0,0,0,0]}],[1],0,[0],[0],[9]],[[[0,"Many_books_are_on_the_desk",".mp3",2.544],-1],0,0,[],[],[]],[["0,9729,9729,33071,33071,0,0,1",-1],[0],0,[],[],[]],[[{"name":"l10_applesunderbasket","rect":[0,0,868,689],"offset":[0,0],"originalSize":[868,689],"capInsets":[0,0,0,0]}],[1],0,[0],[0],[10]],[[{"name":"l13_lionnexttree","rect":[0,0,868,689],"offset":[0,0],"originalSize":[868,689],"capInsets":[0,0,0,0]}],[1],0,[0],[0],[11]],[["0,9729,9729,33071,33071,0,0,1",-1],[0],0,[],[],[]],[[[0,"The_birds_are_in_the_sky",".mp3",2.376],-1],0,0,[],[],[]],[["0,9729,9729,33071,33071,0,0,1",-1],[0],0,[],[],[]],[[{"name":"l10_grapesinbasket","rect":[0,0,868,689],"offset":[0,0],"originalSize":[868,689],"capInsets":[0,0,0,0]}],[1],0,[0],[0],[12]],[[[0,"The_apples_are_under_the_basket",".mp3",3],-1],0,0,[],[],[]],[[[0,"The_cat_is_in_front_of_the_box",".mp3",3.024],-1],0,0,[],[],[]],[["0,9729,9729,33071,33071,0,0,1",-1],[0],0,[],[],[]],[[[0,"The_lion_is_between_the_trees",".mp3",3.048],-1],0,0,[],[],[]],[[{"name":"l13_catfrontbox","rect":[0,0,868,689],"offset":[0,0],"originalSize":[868,689],"capInsets":[0,0,0,0]}],[1],0,[0],[0],[13]],[[{"name":"l10_ballondesk","rect":[0,0,868,689],"offset":[0,0],"originalSize":[868,689],"capInsets":[0,0,0,0]}],[1],0,[0],[0],[14]],[[[1,"en2902",{"rows":[["fillblank","1","Description","Many books are [on] the desk.","Many_books_are_on_the_desk.mp3","in","under","next to","15"],["fillblank","1","Description","The boy is [between] Dev and Lily.","The_boy_is_between_Dev_and_Lily.mp3","behind","next to","in front of","15"],["picturemeaning","1","Description","P","The ball is under the desk.","l10_ballunderdesk.png","The_ball_is_under_the_desk.mp3","The ball is on the desk.","l10_ballondesk.png","The_ball_is_on_the_desk.mp3","The ball is on the chair.","l10_ballonchair.png","The_ball_is_on_the_chair.mp3"],["picturemeaning","1","Description","P","The apples are in the basket.","l10_applesinbasket.png","The_apples_are_in_the_basket.mp3","The grapes are in the basket.","l10_grapesinbasket.png","The_grapes_are_in_the_basket.mp3","The apples are under the basket.","l10_applesunderbasket.png","The_apples_are_under_the_basket.mp3"],["picturemeaning","1","Description","S","The frog is on the leaf.","l10_frogonleaf.png","The_frog_is_on_the_leaf.mp3","The frog is under the leaf.","l10_frogunderleaf.png","The_frog_is_under_the_leaf.mp3","The frog is in the water.","l10_froginwater.png","The_frog_is_in_the_water.mp3"],["picturemeaning","1","Description","S","The bag is under the bed.","l10_bagunderbed.png","The_bag_is_under_the_bed.mp3","The bag is on the bed.","l10_bagonbed.png","The_bag_is_on_the_bed.mp3","The bag is next to the bed.","l10_bagnextbed.png","The_bag_is_next_to_the_bed.mp3"],["picturemeaning","1","Description","S","The birds are in the sky.","l10_birdsinsky.png","The_birds_are_in_the_sky.mp3","The birds are on the roof.","l10_birdsonroof.png","The_birds_are_on_the_roof.mp3","The birds are in the nest.","l10_birdsinnest.png","The_birds_are_in_the_nest.mp3"],["picturemeaning","1","Description","S","The cat is in front of the box.","l13_catfrontbox.png","The_cat_is_in_front_of_the_box.mp3","The cat is behind the box.","l13_catbehindbox.png","The_cat_is_behind_the_box.mp3","The cat is between the boxes.","l13_catbetweenboxes.png","The_cat_is_between_the_boxes.mp3"],["picturemeaning","1","Description","S","The lion is behind the tree.","l13_lionbehindtree.png","The_lion_is_behind_the_tree.mp3","The lion is between the trees.","l13_lionbetweentrees.png","The_lion_is_between_the_trees.mp3","The lion is next to the tree.","l13_lionnexttree.png","The_lion_is_next_to_the_tree.mp3"],["quizliteracy","1","Description","image_sentence","The ball is under the desk.","The ball is on the desk. ","The ball is in the desk.","The ball is under the desk.","l10_ballunderdesk.png","","The_ball_is_under_the_desk.mp3"],["quizliteracy","1","Description","image_sentence","The frog is on the leaf.","The frog is on the leaf.","The frog in under the leaf,","The frog is in the water.","l10_frogonleaf.png","","The_frog_is_on_the_leaf.mp3"],["quizliteracy","1","Description","sentence_sentence","on","under","next to","on","","Many books are ___ the desk.","Many_books_are_on_the_desk.mp3"],["quizliteracy","1","Description","sentence_sentence","between","next to","between","in front of","","The boy is _______ Dev and Lily.","The_boy_is_between_Dev_and_Lily.mp3"],["quizliteracy","1","Description","sentence_sentence","behind","behind","on","under","","The lion is ______ the tree.","The_lion_is_behind_the_tree.mp3"]]}]],0,0,[],[],[]],[[[0,"The_frog_is_under_the_leaf",".mp3",2.616],-1],0,0,[],[],[]],[[{"name":"l10_ballonchair","rect":[0,0,868,689],"offset":[0,0],"originalSize":[868,689],"capInsets":[0,0,0,0]}],[1],0,[0],[0],[15]],[[[0,"The_grapes_are_in_the_basket",".mp3",2.784],-1],0,0,[],[],[]],[[{"name":"l10_froginwater","rect":[0,0,868,689],"offset":[0,0],"originalSize":[868,689],"capInsets":[0,0,0,0]}],[1],0,[0],[0],[16]],[["0,9729,9729,33071,33071,0,0,1",-1],[0],0,[],[],[]],[["0,9729,9729,33071,33071,0,0,1",-1],[0],0,[],[],[]],[[[0,"The_apples_are_in_the_basket",".mp3",2.808],-1],0,0,[],[],[]],[[{"name":"l10_frogunderleaf","rect":[0,0,868,689],"offset":[0,0],"originalSize":[868,689],"capInsets":[0,0,0,0]}],[1],0,[0],[0],[17]],[["0,9729,9729,33071,33071,0,0,1",-1],[0],0,[],[],[]],[[[0,"The_bag_is_next_to_the_bed",".mp3",2.712],-1],0,0,[],[],[]],[[[0,"The_bag_is_on_the_bed",".mp3",2.16],-1],0,0,[],[],[]],[[{"name":"l13_lionbehindtree","rect":[0,0,868,689],"offset":[0,0],"originalSize":[868,689],"capInsets":[0,0,0,0]}],[1],0,[0],[0],[18]],[["0,9729,9729,33071,33071,0,0,1",-1],[0],0,[],[],[]],[["0,9729,9729,33071,33071,0,0,1",-1],[0],0,[],[],[]],[[{"name":"l10_bagunderbed","rect":[0,0,868,689],"offset":[0,0],"originalSize":[868,689],"capInsets":[0,0,0,0]}],[1],0,[0],[0],[19]],[["0,9729,9729,33071,33071,0,0,1",-1],[0],0,[],[],[]],[["0,9729,9729,33071,33071,0,0,1",-1],[0],0,[],[],[]],[[{"name":"l13_catbetweenboxes","rect":[0,0,868,689],"offset":[0,0],"originalSize":[868,689],"capInsets":[0,0,0,0]}],[1],0,[0],[0],[20]]]]