[1,["9fNgLviVVCYJwq+EF61HVl","54rsHqrulBu7bE/rl0axRw","446/e4zMpERbKFAnDeQHM/","e7+QhphEdEnKuaqKOTtWMD","67dXyqLX9OT7jLILNEjKqC","e8aPF2D/lHWqYbN4sUw16B"],["_textureSetter"],["cc.SpriteFrame","cc.Texture2D",["cc.JsonAsset",["_name","json"],1],["cc.AudioClip",["_name","_native","duration"],0]],[[3,0,1,2,4],[2,0,1,3]],[[[[1,"pictureboard0019",{"rows":[["pictureboard","1","Description","Squirrel","ap_puzzle6_background.jpg","3","","squirrel.mp3","ap_puzzle6_squirrel1_puzzle.png","780","504","","ap_puzzle6_squirrel2_puzzle.png","1016","0","","ap_puzzle6_squirrel3_puzzle.png","1492","280"]]}]],0,0,[],[],[]],[[{"name":"ap2_puzzle3_turtle_puzzle","rect":[3,2,530,206],"offset":[1,3.5],"originalSize":[534,217],"capInsets":[0,0,0,0]}],[0],0,[0],[0],[0]],[["1,9729,9729,33071,33071,0,0,1",-1],[1],0,[],[],[]],[["0,9729,9729,33071,33071,0,0,1",-1],[1],0,[],[],[]],[[{"name":"ap_puzzle6_squirrel2_puzzle","rect":[7,6,211,327],"offset":[2,3],"originalSize":[221,345],"capInsets":[0,0,0,0]}],[0],0,[0],[0],[1]],[["0,9729,9729,33071,33071,0,0,1",-1],[1],0,[],[],[]],[[{"name":"ap_puzzle6_background","rect":[0,0,802,432],"offset":[0,0],"originalSize":[802,432],"capInsets":[0,0,0,0]}],[0],0,[0],[0],[2]],[[[0,"turtle",".mp3",0.836],-1],0,0,[],[],[]],[[{"name":"ap_puzzle6_squirrel1_puzzle","rect":[5,7,182,227],"offset":[1.5,1.5],"originalSize":[189,244],"capInsets":[0,0,0,0]}],[0],0,[0],[0],[3]],[[[0,"squirrel",".mp3",1.12325],-1],0,0,[],[],[]],[["0,9729,9729,33071,33071,0,0,1",-1],[1],0,[],[],[]],[[{"name":"ap_puzzle6_squirrel3_puzzle","rect":[2,2,146,325],"offset":[-0.5,0.5],"originalSize":[151,330],"capInsets":[0,0,0,0]}],[0],0,[0],[0],[4]],[[{"name":"ap2_puzzle3_background","rect":[0,0,802,432],"offset":[0,0],"originalSize":[802,432],"capInsets":[0,0,0,0]}],[0],0,[0],[0],[5]],[["0,9729,9729,33071,33071,0,0,1",-1],[1],0,[],[],[]],[["1,9729,9729,33071,33071,0,0,1",-1],[1],0,[],[],[]]]]