[1,["7bFS02DFlOZo+LBm9ISD/J","06W5HvO7xPO4kRbyUHKwRB","8bDXHiQSJJ/JGuKbbO4ODH","12VBMGsDNDGKDcRO686f9m","72RlAoJyxMoLU762uRq9GS","d9dkD28GxJ8ptEfR6WQyrr","90ir6HeCBI14L22k4oagzK","afcu/b/MBFQqArJWTMo1Jw","baCkWnMYVCGr27UeuQ56Jd","0ca5jyEtpPOYieaXGIBm4l","77EM4L8Z9AVI2+2cN2tyMo","8fx63x559DY6Oj+FPaIWeY","21rNVZbwtCZ4YHLX/d1NOx","9f1dj0VdlPsI8qOqJhazj7"],["_textureSetter"],["cc.Texture2D","cc.SpriteFrame",["cc.AudioClip",["_name","_native","duration"],0],["cc.JsonAsset",["_name","json"],1]],[[2,0,1,2,4],[3,0,1,3]],[[["0,9729,9729,33071,33071,0,0,1",-1],[0],0,[],[],[]],[["0,9729,9729,33071,33071,0,0,1",-1],[0],0,[],[],[]],[[[0,"2_Rupee",".mp3",1.464],-1],0,0,[],[],[]],[[{"name":"25paise","rect":[0,0,500,500],"offset":[0,0],"originalSize":[500,500],"capInsets":[0,0,0,0]}],[1],0,[0],[0],[0]],[["0,9729,9729,33071,33071,0,0,1",-1],[0],0,[],[],[]],[[[0,"200_rupees",".mp3",2.016],-1],0,0,[],[],[]],[[[0,"5_Rupee_coin",".mp3",2.184],-1],0,0,[],[],[]],[["0,9729,9729,33071,33071,0,0,1",-1],[0],0,[],[],[]],[[{"name":"500note","rect":[0,0,1167,519],"offset":[0,0],"originalSize":[1167,519],"capInsets":[0,0,0,0]}],[1],0,[0],[0],[1]],[[{"name":"2000note","rect":[0,0,1200,482],"offset":[0,0],"originalSize":[1200,482],"capInsets":[0,0,0,0]}],[1],0,[0],[0],[2]],[[[1,"en3500",{"rows":[["picturemeaning","1","Description","S","₹5","5note.png","five_Rupeess.mp3","₹10","10note.png","10Rupees.mp3","₹20","20note.png","20_Rupees.mp3"],["picturemeaning","1","Description","S","₹10","10note.png","10Rupees.mp3","₹50","50note.png","50Rupees.mp3","₹100","100note.png","100_rupees.mp3"],["picturemeaning","1","Description","S","₹50","50note.png","fifty_Rupees.mp3","₹100","100note.png","100_rupees.mp3","₹200","200note.png","200_rupees.mp3"],["picturemeaning","1","Description","S","50 Paise ","50paise.png","50_paise.mp3","1 Rupee ","1rupee.png","1_Rupee.mp3","5 Rupee","5rupee.png","5_Rupee_coin.mp3"],["picturemeaning","1","Description","S","5 Rupee","5rupee.png","5_Rupee.mp3","50 Paise ","50paise.png","50_paise.mp3","2 Rupee","2rupee.png","2_Rupee.mp3"],["picturemeaning","1","Description","S","25 Paise","25paise.png","25_paise.mp3","10 Paise","10paise.png","10_paise.mp3","5 Rupee","5rupee.png","5_Rupee.mp3"],["picturemeaning","1","Description","S","₹500","500note.png","five_hundred_Rupees.mp3","₹2000","2000note.png","2000_rupees.mp3","₹100","100note.png","100_rupees.mp3"],["quizliteracy","1","Description","soundonly_image","50paise.png","25paise.png","50paise.png","10paise.png","","","50_paise.mp3","",""],["quizliteracy","1","Description","image_word","₹5","50 Paise ","₹50","₹5","5rupee.png","","","",""],["quizliteracy","1","Description","soundonly_image","100note.png","100note.png","2000note.png","10note.png","","","100_rupees.mp3","",""]]}]],0,0,[],[],[]],[[[0,"50Rupees",".mp3",1.8],-1],0,0,[],[],[]],[[{"name":"2rupee","rect":[0,0,300,299],"offset":[0,0],"originalSize":[300,299],"capInsets":[0,0,0,0]}],[1],0,[0],[0],[3]],[["0,9729,9729,33071,33071,0,0,1",-1],[0],0,[],[],[]],[["0,9729,9729,33071,33071,0,0,1",-1],[0],0,[],[],[]],[[[0,"five_Rupeess",".mp3",1.776],-1],0,0,[],[],[]],[[[0,"5_Rupee",".mp3",1.776],-1],0,0,[],[],[]],[["0,9729,9729,33071,33071,0,0,1",-1],[0],0,[],[],[]],[[[0,"25_paise",".mp3",1.92],-1],0,0,[],[],[]],[[[0,"100_rupees",".mp3",2.16],-1],0,0,[],[],[]],[[[0,"1_Rupee",".mp3",1.464],-1],0,0,[],[],[]],[[{"name":"5rupee","rect":[0,0,300,300],"offset":[0,0],"originalSize":[300,300],"capInsets":[0,0,0,0]}],[1],0,[0],[0],[4]],[["0,9729,9729,33071,33071,0,0,1",-1],[0],0,[],[],[]],[["0,9729,9729,33071,33071,0,0,1",-1],[0],0,[],[],[]],[["0,9729,9729,33071,33071,0,0,1",-1],[0],0,[],[],[]],[[{"name":"1rupee","rect":[0,0,225,225],"offset":[0,0],"originalSize":[225,225],"capInsets":[0,0,0,0]}],[1],0,[0],[0],[5]],[[[0,"50_paise",".mp3",1.656],-1],0,0,[],[],[]],[["0,9729,9729,33071,33071,0,0,1",-1],[0],0,[],[],[]],[[{"name":"20note","rect":[0,0,600,305],"offset":[0,0],"originalSize":[600,305],"capInsets":[0,0,0,0]}],[1],0,[0],[0],[6]],[[[0,"10_paise",".mp3",1.368],-1],0,0,[],[],[]],[["0,9729,9729,33071,33071,0,0,1",-1],[0],0,[],[],[]],[[{"name":"10note","rect":[0,0,1341,648],"offset":[0,0],"originalSize":[1341,648],"capInsets":[0,0,0,0]}],[1],0,[0],[0],[7]],[[{"name":"10paise","rect":[0,0,416,415],"offset":[0,0],"originalSize":[416,415],"capInsets":[0,0,0,0]}],[1],0,[0],[0],[8]],[[[0,"2000_rupees",".mp3",2.064],-1],0,0,[],[],[]],[["0,9729,9729,33071,33071,0,0,1",-1],[0],0,[],[],[]],[[{"name":"200note","rect":[0,0,1200,542],"offset":[0,0],"originalSize":[1200,542],"capInsets":[0,0,0,0]}],[1],0,[0],[0],[9]],[[[0,"five_hundred_Rupees",".mp3",2.184],-1],0,0,[],[],[]],[[[0,"fifty_Rupees",".mp3",1.8],-1],0,0,[],[],[]],[["0,9729,9729,33071,33071,0,0,1",-1],[0],0,[],[],[]],[[[0,"10Rupees",".mp3",1.56],-1],0,0,[],[],[]],[[[0,"20_Rupees",".mp3",1.776],-1],0,0,[],[],[]],[[{"name":"50paise","rect":[0,0,300,300],"offset":[0,0],"originalSize":[300,300],"capInsets":[0,0,0,0]}],[1],0,[0],[0],[10]],[[{"name":"100note","rect":[0,0,627,289],"offset":[0,0],"originalSize":[627,289],"capInsets":[0,0,0,0]}],[1],0,[0],[0],[11]],[[{"name":"50note","rect":[0,0,1059,519],"offset":[0,0],"originalSize":[1059,519],"capInsets":[0,0,0,0]}],[1],0,[0],[0],[12]],[[{"name":"5note","rect":[0,0,1280,720],"offset":[0,0],"originalSize":[1280,720],"capInsets":[0,0,0,0]}],[1],0,[0],[0],[13]]]]