[1,["16ftPpcSpMcrwoF5iZMezA","c2l9oesTlKqqtfps/hvKUY","aefC8UstBJ071CBzN/oC9i","03Klp8iU5I4IJxXznrhJM1","6bf/XJ2+JMjbCs74ayt2X6","adv1Dum8pEJp+UvhDLDjiC","36iQpVWf1MjKEHD4zgPHj8","12m7sWVupDq6x9gp+/rPMT","98pQ5Z2j9O3KeDlfZB/KYT","9eef/rGKFHHoAd2C/eAlk3","8e6M3LEUxJIpmVLQCRP+be","fdSzNrNsZJXJxkg+kph1/3"],["_textureSetter"],["cc.Texture2D","cc.SpriteFrame",["cc.AudioClip",["_name","_native","duration"],0],["cc.JsonAsset",["_name","json"],1]],[[2,0,1,2,4],[3,0,1,3]],[[["0,9729,9729,33071,33071,0,0,1",-1],[0],0,[],[],[]],[["0,9729,9729,33071,33071,0,0,1",-1],[0],0,[],[],[]],[["0,9729,9729,33071,33071,0,0,1",-1],[0],0,[],[],[]],[[[0,"बस",".mp3",0.914286],-1],0,0,[],[],[]],[["0,9729,9729,33071,33071,0,0,1",-1],[0],0,[],[],[]],[[[0,"हरिण",".mp3",0.888163],-1],0,0,[],[],[]],[[{"name":"mango","rect":[0,0,640,530],"offset":[0,0],"originalSize":[640,530],"capInsets":[0,0,0,0]}],[1],0,[0],[0],[0]],[[{"name":"deer","rect":[0,0,640,393],"offset":[0,0],"originalSize":[640,393],"capInsets":[0,0,0,0]}],[1],0,[0],[0],[1]],[["0,9729,9729,33071,33071,0,0,1",-1],[0],0,[],[],[]],[[[0,"पतंग",".mp3",1.018776],-1],0,0,[],[],[]],[[{"name":"car","rect":[0,0,640,360],"offset":[0,0],"originalSize":[640,360],"capInsets":[0,0,0,0]}],[1],0,[0],[0],[2]],[[{"name":"book","rect":[0,0,640,360],"offset":[0,0],"originalSize":[640,360],"capInsets":[0,0,0,0]}],[1],0,[0],[0],[3]],[[{"name":"bus","rect":[0,0,640,480],"offset":[0,0],"originalSize":[640,480],"capInsets":[0,0,0,0]}],[1],0,[0],[0],[4]],[["0,9729,9729,33071,33071,0,0,1",-1],[0],0,[],[],[]],[[{"name":"kite","rect":[18,23,576,442],"offset":[-14,-11.5],"originalSize":[640,465],"capInsets":[0,0,0,0]}],[1],0,[0],[0],[5]],[["0,9729,9729,33071,33071,0,0,1",-1],[0],0,[],[],[]],[["0,9729,9729,33071,33071,0,0,1",-1],[0],0,[],[],[]],[[[0,"फुल",".mp3",0.626939],-1],0,0,[],[],[]],[["0,9729,9729,33071,33071,0,0,1",-1],[0],0,[],[],[]],[["0,9729,9729,33071,33071,0,0,1",-1],[0],0,[],[],[]],[[[0,"आंबा",".mp3",0.862041],-1],0,0,[],[],[]],[[{"name":"house","rect":[0,0,640,512],"offset":[0,0],"originalSize":[640,512],"capInsets":[0,0,0,0]}],[1],0,[0],[0],[6]],[["0,9729,9729,33071,33071,0,0,1",-1],[0],0,[],[],[]],[[[1,"mr2007",{"rows":[["openwindow","1","Description","LEGIT","आंबा","mango.png","apple.png","आंबा.mp3","आं,बा"],["openwindow","1","Description","LEGIT","घर","house.png","car.png","घर.mp3","घ,र"],["openwindow","1","Description","LEGIT","बस","bus.png","bicycle.png","बस.mp3","ब,स"],["openwindow","1","Description","LEGIT","पतंग","kite.png","book.png","पतंग.mp3","प,तं,ग"],["openwindow","1","Description","LEGIT","हरिण","deer.png","tiger.png","हरिण.mp3","ह,रि,ण"],["openwindow","1","Description","LEGIT","फुल","flower.png","pencil.png","फुल.mp3","फु,ल"],["quizliteracy","1","Description","image_word","घर","पतंग","हरिण","घर","house.png"],["quizliteracy","1","Description","image_word","पतंग","घर","पतंग","हरिण","kite.png"],["quizliteracy","1","Description","image_word","हरिण","हरिण","घर","पतंग","deer.png"]]}]],0,0,[],[],[]],[[{"name":"tiger","rect":[0,0,512,279],"offset":[0,0],"originalSize":[512,279],"capInsets":[0,0,0,0]}],[1],0,[0],[0],[7]],[[{"name":"apple","rect":[112,72,414,490],"offset":[-1,3],"originalSize":[640,640],"capInsets":[0,0,0,0]}],[1],0,[0],[0],[8]],[[{"name":"bicycle","rect":[42,24,580,339],"offset":[12,-8],"originalSize":[640,371],"capInsets":[0,0,0,0]}],[1],0,[0],[0],[9]],[[{"name":"pencil","rect":[81,41,459,340],"offset":[-9.5,2.5],"originalSize":[640,427],"capInsets":[0,0,0,0]}],[1],0,[0],[0],[10]],[[[0,"घर",".mp3",0.862041],-1],0,0,[],[],[]],[[{"name":"flower","rect":[0,0,480,640],"offset":[0,0],"originalSize":[480,640],"capInsets":[0,0,0,0]}],[1],0,[0],[0],[11]],[["0,9729,9729,33071,33071,0,0,1",-1],[0],0,[],[],[]]]]