[1,["a8DRLoNI9ORLdoaka8yOhS","82kaN283xLta9wEkIJlDsn","a41nZjPklFX7hlxckJ1qLg"],["_textureSetter"],["cc.SpriteFrame","cc.Texture2D",["cc.AudioClip",["_name","_native","duration"],0],["cc.JsonAsset",["_name","json"],1]],[[2,0,1,2,4],[3,0,1,3]],[[[[0,"पट्टी",".mp3",0.600816],-1],0,0,[],[],[]],[[[0,"मिट्टी",".mp3",0.548571],-1],0,0,[],[],[]],[[[0,"कच्ची",".mp3",0.626939],-1],0,0,[],[],[]],[[[0,"हड्डी",".mp3",0.548571],-1],0,0,[],[],[]],[[[0,"कुत्ता",".mp3",0.679184],-1],0,0,[],[],[]],[[[0,"ज्ञान",".mp3",0.653061],-1],0,0,[],[],[]],[[[0,"ड्ढा",".mp3",0.339592],-1],0,0,[],[],[]],[[[0,"गड्डी",".mp3",0.679184],-1],0,0,[],[],[]],[[[0,"ज्ज",".mp3",0.444082],-1],0,0,[],[],[]],[[[0,"पथ्य",".mp3",0.470204],-1],0,0,[],[],[]],[[[0,"गड्ढा",".mp3",0.653061],-1],0,0,[],[],[]],[[[0,"खट्टा",".mp3",1.032],-1],0,0,[],[],[]],[[{"name":"खट्टा","rect":[0,0,500,500],"offset":[0,0],"originalSize":[500,500],"capInsets":[0,0,0,0]}],[0],0,[0],[0],[0]],[[[0,"ज्ञ",".mp3",0.522449],-1],0,0,[],[],[]],[[[0,"क्या",".mp3",0.417959],-1],0,0,[],[],[]],[[[0,"सत्य",".mp3",0.679184],-1],0,0,[],[],[]],[[[0,"ट्टी",".mp3",0.20898],-1],0,0,[],[],[]],[["0,9729,9729,33071,33071,0,0,1",-1],[1],0,[],[],[]],[[[0,"क्यारी",".mp3",0.731429],-1],0,0,[],[],[]],[[[0,"बच्ची",".mp3",0.679184],-1],0,0,[],[],[]],[[[0,"यज्ञ",".mp3",0.705306],-1],0,0,[],[],[]],[[[0,"सज्जा",".mp3",0.705306],-1],0,0,[],[],[]],[[[0,"पत्ता",".mp3",0.679184],-1],0,0,[],[],[]],[["0,9729,9729,33071,33071,0,0,1",-1],[1],0,[],[],[]],[["0,9729,9729,33071,33071,0,0,1",-1],[1],0,[],[],[]],[[{"name":"कुत्ता","rect":[0,0,370,273],"offset":[0,0],"originalSize":[370,273],"capInsets":[0,0,0,0]}],[0],0,[0],[0],[1]],[[[0,"ऋ",".mp3",0.391837],-1],0,0,[],[],[]],[[[0,"बुड्ढा",".mp3",0.783673],-1],0,0,[],[],[]],[[[0,"त्य",".mp3",1.17551],-1],0,0,[],[],[]],[[[0,"पक्का",".mp3",0.574694],-1],0,0,[],[],[]],[[{"name":"पत्ता","rect":[0,0,370,273],"offset":[0,0],"originalSize":[370,273],"capInsets":[0,0,0,0]}],[0],0,[0],[0],[2]],[[[0,"भग्न",".mp3",0.574694],-1],0,0,[],[],[]],[[[0,"तथ्य",".mp3",0.574694],-1],0,0,[],[],[]],[[[0,"मग्न",".mp3",0.653061],-1],0,0,[],[],[]],[[[0,"ड्डी",".mp3",2.429388],-1],0,0,[],[],[]],[[[0,"क्क",".mp3",0.261224],-1],0,0,[],[],[]],[[[0,"थ्य",".mp3",1.802449],-1],0,0,[],[],[]],[[[0,"ऋचा",".mp3",0.679184],-1],0,0,[],[],[]],[[[0,"क्य",".mp3",0.339592],-1],0,0,[],[],[]],[[[0,"ऋषि",".mp3",0.626939],-1],0,0,[],[],[]],[[[0,"त्याग",".mp3",0.391837],-1],0,0,[],[],[]],[[[0,"मक्का",".mp3",0.444082],-1],0,0,[],[],[]],[[[0,"सज्जन",".mp3",0.757551],-1],0,0,[],[],[]],[[[0,"च्ची",".mp3",0.287347],-1],0,0,[],[],[]],[[[0,"ग्न",".mp3",2.089796],-1],0,0,[],[],[]],[[[1,"hi1000",{"rows":[["speakingpet","1","Description","क्य.mp3","क्क.mp3","क्या","क्या.mp3","A","1,2","क्यारी","क्यारी.mp3","A","1,2","मक्का","मक्का.mp3","B","2,3","पक्का","पक्का.mp3","B","2,3"],["speakingpet","1","Description","ऋ.mp3","ज्ञ.mp3","ऋषि","ऋषि.mp3","A","1","ऋचा","ऋचा.mp3","A","1","यज्ञ","यज्ञ.mp3","B","2,3","ज्ञान","ज्ञान.mp3","B","1,2"],["speakingpet","1","Description","ड्डी.mp3","ट्टी.mp3","गड्डी","गड्डी.mp3","A","2,3","हड्डी","हड्डी.mp3","A","2,3","मिट्टी","मिट्टी.mp3","B","2,3","पट्टी","पट्टी.mp3","B","2,3"],["speakingpet","1","Description","च्ची.mp3","ज्ज.mp3","बच्ची","बच्ची.mp3","A","2,3","कच्ची","कच्ची.mp3","A","2,3","सज्जा","सज्जा.mp3","B","2,3","सज्जन","सज्जन.mp3","B","2,3"],["speakingpet","1","Description","ग्न.mp3","त्य.mp3","मग्न","मग्न.mp3","A","2,3","भग्न","भग्न.mp3","A","2,3","सत्य","सत्य.mp3","B","2,3","त्याग","त्याग.mp3","B","1,2"],["speakingpet","1","Description","ड्ढा.mp3","थ्य.mp3","गड्ढा","गड्ढा.mp3","A","2,3","बुड्ढा","बुड्ढा.mp3","A","2,3","पथ्य","पथ्य.mp3","B","2,3","तथ्य","तथ्य.mp3","B","2,3"],["spelldoor","1","Description","कु,त्ता","*त्ता","0","1","कुत्ता.png","कुत्ता.mp3"],["spelldoor","1","Description","ख,ट्टा","*ट्टा","0","1","खट्टा.png","खट्टा.mp3"],["spelldoor","1","Description","प,त्ता","**","2","1","पत्ता.png","पत्ता.mp3"],["quizliteracy","1","Description","soundonly_word","क्या","मग्न","गड्ढा","क्या","","","क्या.mp3"],["quizliteracy","1","Description","image_word","कुत्ता","गड्डी","कुत्ता","मग्न","कुत्ता.png"],["quizliteracy","1","Description","word_word","बच्ची","मग्न","गड्ढा","बच्ची","","बच्ची"]]}]],0,0,[],[],[]]]]