[1,["3agqe893VN+bn8EpeDNaev","1a40EhEQxFObqVYPJC/JZE","3dwq/GWvxPP7unYx7KGo3D","8e6iKW6E1OaZabZXkJN/QL","45f+B37ENLGqyFzaoaGH7z","63+nqsY/NK/KNTD1p8U2Mb","0ckJthEw1NK6HdAZoY1/T3","34Ks1VDgxGYKfe4ybW8oja","e8qZ3IRr9A16gmiKHd4gpZ","08i8Cv9FVNT6yoqSxEO/Ao","02y6WfnoZIg70MJlXnI7px","39rCfzcFBCD4Da339yMsJu","3feRDDipxHUKmfon18Hj9B","da5yRs219H3I28/7LYFZIU","ebObEKNxZNPYDHLl2uwXCL","3eQfzHHQlIqo5lJBMaUV/D"],["_textureSetter"],["cc.Texture2D","cc.SpriteFrame",["cc.AudioClip",["_name","_native","duration"],0],["cc.JsonAsset",["_name","json"],1]],[[2,0,1,2,4],[3,0,1,3]],[[[[0,"ರಥ",".mp3",0.648],-1],0,0,[],[],[]],[[[0,"ದಸರ",".mp3",0.744],-1],0,0,[],[],[]],[["0,9729,9729,33071,33071,0,0,1",-1],[0],0,[],[],[]],[["0,9729,9729,33071,33071,0,0,1",-1],[0],0,[],[],[]],[["0,9729,9729,33071,33071,0,0,1",-1],[0],0,[],[],[]],[[{"name":"sun","rect":[9,0,391,400],"offset":[4.5,0],"originalSize":[400,400],"capInsets":[0,0,0,0]}],[1],0,[0],[0],[0]],[[{"name":"washerman","rect":[0,0,512,512],"offset":[0,0],"originalSize":[512,512],"capInsets":[0,0,0,0]}],[1],0,[0],[0],[1]],[["0,9729,9729,33071,33071,0,0,1",-1],[0],0,[],[],[]],[[{"name":"king","rect":[0,0,384,512],"offset":[0,0],"originalSize":[384,512],"capInsets":[0,0,0,0]}],[1],0,[0],[0],[2]],[["0,9729,9729,33071,33071,0,0,1",-1],[0],0,[],[],[]],[[{"name":"sky","rect":[0,0,400,300],"offset":[0,0],"originalSize":[400,300],"capInsets":[0,0,0,0]}],[1],0,[0],[0],[3]],[["0,9729,9729,33071,33071,0,0,1",-1],[0],0,[],[],[]],[["0,9729,9729,33071,33071,0,0,1",-1],[0],0,[],[],[]],[["0,9729,9729,33071,33071,0,0,1",-1],[0],0,[],[],[]],[["0,9729,9729,33071,33071,0,0,1",-1],[0],0,[],[],[]],[["0,9729,9729,33071,33071,0,0,1",-1],[0],0,[],[],[]],[[{"name":"dargah","rect":[0,0,341,512],"offset":[0,0],"originalSize":[341,512],"capInsets":[0,0,0,0]}],[1],0,[0],[0],[4]],[["0,9729,9729,33071,33071,0,0,1",-1],[0],0,[],[],[]],[[{"name":"number","rect":[25,15,140,111],"offset":[-1.5,6],"originalSize":[193,153],"capInsets":[0,0,0,0]}],[1],0,[0],[0],[5]],[[{"name":"price","rect":[0,0,512,341],"offset":[0,0],"originalSize":[512,341],"capInsets":[0,0,0,0]}],[1],0,[0],[0],[6]],[["0,9729,9729,33071,33071,0,0,1",-1],[0],0,[],[],[]],[[{"name":"juice","rect":[0,0,341,512],"offset":[0,0],"originalSize":[341,512],"capInsets":[0,0,0,0]}],[1],0,[0],[0],[7]],[[{"name":"brahma","rect":[0,0,341,512],"offset":[0,0],"originalSize":[341,512],"capInsets":[0,0,0,0]}],[1],0,[0],[0],[8]],[[[0,"ಅರಸ",".mp3",1.08],-1],0,0,[],[],[]],[[[0,"ದರ",".mp3",0.6],-1],0,0,[],[],[]],[[{"name":"dasara","rect":[0,0,512,341],"offset":[0,0],"originalSize":[512,341],"capInsets":[0,0,0,0]}],[1],0,[0],[0],[9]],[[[0,"ರವಿ",".mp3",0.648],-1],0,0,[],[],[]],[[[0,"ಅಗಸ",".mp3",1.056],-1],0,0,[],[],[]],[["0,9729,9729,33071,33071,0,0,1",-1],[0],0,[],[],[]],[[{"name":"handsaw","rect":[0,0,512,332],"offset":[0,0],"originalSize":[512,332],"capInsets":[0,0,0,0]}],[1],0,[0],[0],[10]],[[[0,"ಅರ",".mp3",0.768],-1],0,0,[],[],[]],[[[0,"ಸಕ್ಕರೆ",".mp3",0.864],-1],0,0,[],[],[]],[[{"name":"saw","rect":[0,0,400,400],"offset":[0,0],"originalSize":[400,400],"capInsets":[0,0,0,0]}],[1],0,[0],[0],[11]],[[{"name":"necklace","rect":[0,0,512,325],"offset":[0,0],"originalSize":[512,325],"capInsets":[0,0,0,0]}],[1],0,[0],[0],[12]],[[[1,"kn0002",{"rows":[["writecard","1","Description","ರ","ರಸ","juice.png","ರಸ.mp3","ರಥ","Chariot.png","ರಥ.mp3","ರವಿ ","sun.png","ರವಿ.mp3"],["writecard","1","Description","ಸ","ಸರ","necklace.png","ಸರ.mp3","ಸಂಖ್ಯೆ","number.png","ಸಂಖ್ಯೆ.mp3","ಸಕ್ಕರೆ","sugar.png","ಸಕ್ಕರೆ.mp3"],["writecard","1","Description","ದ","ದರ","price.png","ದರ.mp3","ದಸರ","dasara.png","ದಸರ.mp3","ದರಗ","dargah.png","ದರಗ.mp3"],["writecard","1","Description","ಅ","ಅರ","handsaw.png","ಅರ.mp3","ಅರಸ","king.png","ಅರಸ.mp3","ಅಜ","brahma.png","ಅಜ.mp3"],["writecard","1","Description","ಗ","ಗರಗಸ","saw.png","ಗರಗಸ.mp3","ಗಣಪ","Ganesha.png","ಗಣಪ.mp3","ಗಗನ","sky.png","ಗಗನ.mp3"],["quizliteracy","1","Description","soundonly_image","washerman.png","king.png","dasara.png","washerman.png","","","ಅಗಸ.mp3"],["quizliteracy","1","Description","soundonly_image","king.png","king.png","washerman.png","dasara.png","","","ಅರಸ.mp3"],["quizliteracy","1","Description","soundonly_image","dasara.png","washerman.png","dasara.png","king.png","","","ದಸರ.mp3"]]}]],0,0,[],[],[]],[[[0,"ಅಜ",".mp3",1.056],-1],0,0,[],[],[]],[[[0,"ಸಂಖ್ಯೆ",".mp3",0.912],-1],0,0,[],[],[]],[[[0,"ಗರಗಸ",".mp3",0.912],-1],0,0,[],[],[]],[[{"name":"Chariot","rect":[0,0,400,400],"offset":[0,0],"originalSize":[400,400],"capInsets":[0,0,0,0]}],[1],0,[0],[0],[13]],[[[0,"ಸರ",".mp3",0.648],-1],0,0,[],[],[]],[["0,9729,9729,33071,33071,0,0,1",-1],[0],0,[],[],[]],[[{"name":"Ganesha","rect":[0,0,400,400],"offset":[0,0],"originalSize":[400,400],"capInsets":[0,0,0,0]}],[1],0,[0],[0],[14]],[[[0,"ಗಗನ",".mp3",0.768],-1],0,0,[],[],[]],[[[0,"ಗಣಪ",".mp3",0.84],-1],0,0,[],[],[]],[["0,9729,9729,33071,33071,0,0,1",-1],[0],0,[],[],[]],[["0,9729,9729,33071,33071,0,0,1",-1],[0],0,[],[],[]],[[{"name":"sugar","rect":[0,0,400,406],"offset":[0,0],"originalSize":[400,406],"capInsets":[0,0,0,0]}],[1],0,[0],[0],[15]],[[[0,"ರಸ",".mp3",0.696],-1],0,0,[],[],[]],[[[0,"ದರಗ",".mp3",0.744],-1],0,0,[],[],[]]]]