[1,["d4X4/RZGJPsrawGzslTq8g","15gXT/egxOhqhmFmQ4EZHC","cfnzW0OzhD/K4Jt2elhn3f"],["_textureSetter"],["cc.Texture2D","cc.SpriteFrame",["cc.AudioClip",["_name","_native","duration"],0],["cc.JsonAsset",["_name","json"],1]],[[2,0,1,2,4],[3,0,1,3]],[[["1,9729,9729,33071,33071,0,0,1",-1],[0],0,[],[],[]],[[{"name":"ap2_puzzle11_gazelle1_puzzle","rect":[2,2,309,222],"offset":[0,4.5],"originalSize":[313,235],"capInsets":[0,0,0,0]}],[1],0,[0],[0],[0]],[[{"name":"ap2_puzzle11_background","rect":[0,0,802,432],"offset":[0,0],"originalSize":[802,432],"capInsets":[0,0,0,0]}],[1],0,[0],[0],[1]],[[{"name":"ap2_puzzle11_gazelle2_puzzle","rect":[1,2,266,204],"offset":[-0.5,5.5],"originalSize":[269,219],"capInsets":[0,0,0,0]}],[1],0,[0],[0],[2]],[[[0,"gazelle",".mp3",0.9405],-1],0,0,[],[],[]],[["0,9729,9729,33071,33071,0,0,1",-1],[0],0,[],[],[]],[["0,9729,9729,33071,33071,0,0,1",-1],[0],0,[],[],[]],[[[1,"pictureboard0010",{"rows":[["pictureboard","1","Description","Gazelle","ap2_puzzle11_background.jpg","2","","gazelle.mp3","ap2_puzzle11_gazelle1_puzzle.png","726","566","","ap2_puzzle11_gazelle2_puzzle.png","690","0"]]}]],0,0,[],[],[]]]]