[1,["3a7PVnzr5OXac2uRTMgNtP","100bgx+qVPhZhzKHQqz8lS","60oO2s7sVMhrs8vj5tcZyf"],["_textureSetter"],["cc.Texture2D","cc.SpriteFrame",["cc.JsonAsset",["_name","json"],1],["cc.AudioClip",["_name","_native","duration"],0]],[[3,0,1,2,4],[2,0,1,3]],[[["0,9729,9729,33071,33071,0,0,1",-1],[0],0,[],[],[]],[[{"name":"kheer","rect":[0,0,800,800],"offset":[0,0],"originalSize":[800,800],"capInsets":[0,0,0,0]}],[1],0,[0],[0],[0]],[[[1,"kn3905",{"rows":[["createsentence","1","Description","ಶಶಿ/ಸವಿದ/ಸಿಹಿಯಾದ/ಪಾಯಸ","","kheer.png","ಶಶಿ ಸವಿದ ಸಿಹಿಯಾದ ಪಾಯಸ.mp3"],["createsentence","1","Description","ತಾತ/ಮಾರಿದ/ಹಸಿಹಸಿ/ತರಕಾರಿ","","vegetables.png","ತಾತ ಮಾರಿದ ಹಸಿಹಸಿ ತರಕಾರಿ.mp3"],["quizliteracy","1","Description","image_sentence","ಶಶಿ ಸವಿದ ಸಿಹಿಯಾದ ಪಾಯಸ","ತಾತ ಮಾರಿದ ಹಸಿಹಸಿ ತರಕಾರಿ","ಶಶಿ ಸವಿದ ಸಿಹಿಯಾದ ಪಾಯಸ","ರಾಜನ ಕಿರೀಟ ಮಣಿಗಳ ಕಿರೀಟ","kheer.png","","ಶಶಿ ಸವಿದ ಸಿಹಿಯಾದ ಪಾಯಸ.mp3"],["quizliteracy","1","Description","sentence_sentence","ತಾತ ಮಾರಿದ ಹಸಿಹಸಿ ತರಕಾರಿ","ಮಾರಿದ ಹಸಿಹಸಿ ತಾತ ತರಕಾರಿ","ತರಕಾರಿ ತಾತ ಹಸಿಹಸಿ ಮಾರಿದ","ತಾತ ಮಾರಿದ ಹಸಿಹಸಿ ತರಕಾರಿ","","ಸರಿಯಾದದನ್ನು ಆರಿಸಿ","ತಾತ ಮಾರಿದ ಹಸಿಹಸಿ ತರಕಾರಿ.mp3"],["quizliteracy","1","Description","soundonly_sentence","ಶಶಿ ಸವಿದ ಸಿಹಿಯಾದ ಪಾಯಸ","ಶಶಿ ಸವಿದ ಸಿಹಿಯಾದ ಪಾಯಸ","ಶಶಿ ಸವಿದ ಸಿಹಿಯಾದ ಪಾಯಸ","ನದಿಯು ಜುಳು ಜುಳು ಹರಿಯುವುದು","","","ಶಶಿ ಸವಿದ ಸಿಹಿಯಾದ ಪಾಯಸ.mp3"]]}]],0,0,[],[],[]],[["0,9729,9729,33071,33071,0,0,1",-1],[0],0,[],[],[]],[["0,9729,9729,33071,33071,0,0,1",-1],[0],0,[],[],[]],[[[0,"ಶಶಿ ಸವಿದ ಸಿಹಿಯಾದ ಪಾಯಸ",".mp3",2.16],-1],0,0,[],[],[]],[[[0,"ತಾತ ಮಾರಿದ ಹಸಿಹಸಿ ತರಕಾರಿ",".mp3",2.184],-1],0,0,[],[],[]],[[{"name":"girl_eat","rect":[0,0,800,533],"offset":[0,0],"originalSize":[800,533],"capInsets":[0,0,0,0]}],[1],0,[0],[0],[1]],[[{"name":"vegetables","rect":[0,0,800,533],"offset":[0,0],"originalSize":[800,533],"capInsets":[0,0,0,0]}],[1],0,[0],[0],[2]]]]