[1,["7axPB6aa9LdLjYXQXQcds3","ef9QN+dmJB95LCW9WCqO5K","b13pSuRahPEa6LHSRsebE1","0bvxmWxstADKJcykhAAdGD","8eOO1p49RHdbQnxxHg7RJq"],["_textureSetter"],["cc.SpriteFrame","cc.Texture2D",["cc.AudioClip",["_name","_native","duration"],0],["cc.JsonAsset",["_name","json"],1]],[[2,0,1,2,4],[3,0,1,3]],[[[{"name":"aartiisa_girl","rect":[0,0,1073,1542],"offset":[0,0],"originalSize":[1073,1542],"capInsets":[0,0,0,0]}],[0],0,[0],[0],[0]],[["1,9729,9729,33071,33071,0,0,1",-1],[1],0,[],[],[]],[[[0,"Ram_is_tall",".mp3",1.584],-1],0,0,[],[],[]],[[[0,"Rahim_is_a_boy",".mp3",1.848],-1],0,0,[],[],[]],[[{"name":"Chrisisa_tallboy","rect":[0,0,1073,1157],"offset":[0,0],"originalSize":[1073,1157],"capInsets":[0,0,0,0]}],[0],0,[0],[0],[1]],[[[0,"Manju_is_a_student",".mp3",2.352],-1],0,0,[],[],[]],[["1,9729,9729,33071,33071,0,0,1",-1],[1],0,[],[],[]],[[{"name":"Johnisa_boy","rect":[0,0,1073,513],"offset":[0,0],"originalSize":[1073,513],"capInsets":[0,0,0,0]}],[0],0,[0],[0],[2]],[["1,9729,9729,33071,33071,0,0,1",-1],[1],0,[],[],[]],[[[1,"en3305",{"rows":[["createsentence","1","Description","Aarthi/is/a girl","","aartiisa_girl.jpg","Aarthi_is_a_girl.mp3"],["createsentence","1","Description","Manju/is/a student","","Jerryreadsa_bookat_school.jpg","Manju_is_a_student.mp3"],["createsentence","1","Description","Ram/is/tall","","Chrisisa_tallboy.jpg","Ram_is_tall.mp3"],["createsentence","1","Description","Rita/has/a sister","","Natashaisa_helpfulfriend.jpg","Rita_has_a_sister.mp3"],["createsentence","1","Description","Rahim/is/a boy","","Johnisa_boy.jpg","Rahim_is_a_boy.mp3"],["quizliteracy","1","Description","sentence_sentence","Aarthi","Aarthi","Rita","Ram","","____ is a girl. ","Aarthi_is_a_girl.mp3"],["quizliteracy","1","Description","sentence_sentence","Manju","Rita","Aarthi","Manju","","__ is a student. ","Manju_is_a_student.mp3"],["quizliteracy","1","Description","sentence_sentence","Ram","Rita","Ram","Aarthi","","____ is tall.","Ram_is_tall.mp3"],["quizliteracy","1","Description","image_sentence","Rita has a sister. ","Ram is tall. ","Aarthi is a girl. ","Rita has a sister. ","Natashaisa_helpfulfriend.jpg","","Rita_has_a_sister.mp3"],["quizliteracy","1","Description","image_sentence","Rahim is a boy. ","Rahim is a boy. ","Rita is a sister. ","Ram is tall. ","Johnisa_boy.jpg","","Rahim_is_a_boy.mp3"]]}]],0,0,[],[],[]],[["1,9729,9729,33071,33071,0,0,1",-1],[1],0,[],[],[]],[[{"name":"Natashaisa_helpfulfriend","rect":[0,0,1073,1157],"offset":[0,0],"originalSize":[1073,1157],"capInsets":[0,0,0,0]}],[0],0,[0],[0],[3]],[[[0,"Rita_has_a_sister",".mp3",2.112],-1],0,0,[],[],[]],[[{"name":"Jerryreadsa_bookat_school","rect":[0,0,2047,1365],"offset":[0,0],"originalSize":[2047,1365],"capInsets":[0,0,0,0]}],[0],0,[0],[0],[4]],[["1,9729,9729,33071,33071,0,0,1",-1],[1],0,[],[],[]],[[[0,"Aarthi_is_a_girl",".mp3",1.776],-1],0,0,[],[],[]]]]