[1,["71iNkvwatMZpmw3SBGLdGK","c0H4jnxAZAirFaYcHHk31R","fbdNZ/EvNLiZADcurJ89dG"],["_textureSetter"],["cc.SpriteFrame","cc.Texture2D",["cc.JsonAsset",["_name","json"],1],["cc.AudioClip",["_name","_native","duration"],0]],[[3,0,1,2,4],[2,0,1,3]],[[[{"name":"ostrich","rect":[0,0,640,483],"offset":[0,0],"originalSize":[640,483],"capInsets":[0,0,0,0]}],[0],0,[0],[0],[0]],[[[1,"mr0129",{"rows":[["balloonpop","1","Description","2","श","3","श,ल,व","श.mp3"],["phonictractor","1","Description","5","श","श.mp3","श","श.mp3"],["writeletter","1","Description","श","शंख"],["writecard","1","Description","श","शंख","shell.png","शंख.mp3","शंभर","100.png","शंभर.mp3","शहामृग","ostrich.png","शहामृग.mp3"],["quizliteracy","1","Description","soundonly_word","श","व","श","प","","","श.mp3"],["quizliteracy","1","Description","word_word","श","श","र","व","","श"],["quizliteracy","1","Description","soundonly_word","श","व","श","प","","","श.mp3"]]}]],0,0,[],[],[]],[[{"name":"shell","rect":[61,52,523,308],"offset":[2.5,7.5],"originalSize":[640,427],"capInsets":[0,0,0,0]}],[0],0,[0],[0],[1]],[[[0,"शंख",".mp3",1.018776],-1],0,0,[],[],[]],[["0,9729,9729,33071,33071,0,0,1",-1],[1],0,[],[],[]],[[[0,"शंभर",".mp3",1.123265],-1],0,0,[],[],[]],[[[0,"श",".mp3",0.809796],-1],0,0,[],[],[]],[[[0,"शहामृग",".mp3",1.018776],-1],0,0,[],[],[]],[[{"name":"100","rect":[0,0,360,360],"offset":[0,0],"originalSize":[360,360],"capInsets":[0,0,0,0]}],[0],0,[0],[0],[2]],[["0,9729,9729,33071,33071,0,0,1",-1],[1],0,[],[],[]],[["0,9729,9729,33071,33071,0,0,1",-1],[1],0,[],[],[]]]]