[1,["89vWdRGsFLv6844wLxtnN6","ff6jQ6jo5GgKQVeQg+JaPG","14noRpow1PcKlk3NN43EJc","1cyEnM+7JLxI//XGdNkThn","7dQUy+9WdLyr3vOoLxYajc","c5HeATZQBKy7aRQR58ekIu","405xjkqwRP/a8N+iM2ZdZ3","c6y7iDuwhBzJsjMGu02se4","e13+2GCVhOkbz4EXIaw2XG","39FZlxUH9JOZ0LGmMTQ+Og","admCLq57VBlqz+2Db3XxRM"],["_textureSetter"],["cc.Texture2D","cc.SpriteFrame",["cc.AudioClip",["_name","_native","duration"],0],["cc.JsonAsset",["_name","json"],1]],[[2,0,1,2,4],[3,0,1,3]],[[[[0,"little",".mp3",0.653061],-1],0,0,[],[],[]],[["0,9729,9729,33071,33071,0,0,1",-1],[0],0,[],[],[]],[["0,9729,9729,33071,33071,0,0,1",-1],[0],0,[],[],[]],[[{"name":"paper","rect":[0,0,413,640],"offset":[0,0],"originalSize":[413,640],"capInsets":[0,0,0,0]}],[1],0,[0],[0],[0]],[[{"name":"shoulder","rect":[0,0,476,512],"offset":[0,0],"originalSize":[476,512],"capInsets":[0,0,0,0]}],[1],0,[0],[0],[1]],[["0,9729,9729,33071,33071,0,0,1",-1],[0],0,[],[],[]],[["0,9729,9729,33071,33071,0,0,1",-1],[0],0,[],[],[]],[[{"name":"football","rect":[0,0,1280,1280],"offset":[0,0],"originalSize":[1280,1280],"capInsets":[0,0,0,0]}],[1],0,[0],[0],[2]],[[{"name":"happy","rect":[0,0,466,512],"offset":[0,0],"originalSize":[466,512],"capInsets":[0,0,0,0]}],[1],0,[0],[0],[3]],[[[0,"paper",".mp3",0.653061],-1],0,0,[],[],[]],[["0,9729,9729,33071,33071,0,0,1",-1],[0],0,[],[],[]],[[{"name":"sleep","rect":[0,0,512,374],"offset":[0,0],"originalSize":[512,374],"capInsets":[0,0,0,0]}],[1],0,[0],[0],[4]],[[{"name":"knees","rect":[0,0,512,366],"offset":[0,0],"originalSize":[512,366],"capInsets":[0,0,0,0]}],[1],0,[0],[0],[5]],[["0,9729,9729,33071,33071,0,0,1",-1],[0],0,[],[],[]],[[{"name":"onion","rect":[1,5,1271,1275],"offset":[-3.5,-2.5],"originalSize":[1280,1280],"capInsets":[0,0,0,0]}],[1],0,[0],[0],[6]],[[[0,"sleep",".mp3",0.574694],-1],0,0,[],[],[]],[[[0,"football",".mp3",0.757551],-1],0,0,[],[],[]],[["0,9729,9729,33071,33071,0,0,1",-1],[0],0,[],[],[]],[[[0,"carrot",".mp3",0.835918],-1],0,0,[],[],[]],[[[0,"shoulder",".mp3",0.835918],-1],0,0,[],[],[]],[["0,9729,9729,33071,33071,0,0,1",-1],[0],0,[],[],[]],[[[0,"salad",".mp3",0.783673],-1],0,0,[],[],[]],[["0,9729,9729,33071,33071,0,0,1",-1],[0],0,[],[],[]],[[[0,"kitchen",".mp3",0.835918],-1],0,0,[],[],[]],[["0,9729,9729,33071,33071,0,0,1",-1],[0],0,[],[],[]],[[[0,"onion",".mp3",0.679184],-1],0,0,[],[],[]],[[{"name":"little","rect":[0,0,1044,1203],"offset":[0,0],"originalSize":[1044,1203],"capInsets":[0,0,0,0]}],[1],0,[0],[0],[7]],[[{"name":"salad","rect":[0,0,630,586],"offset":[0,0],"originalSize":[630,586],"capInsets":[0,0,0,0]}],[1],0,[0],[0],[8]],[[{"name":"hands","rect":[0,0,737,707],"offset":[0,0],"originalSize":[737,707],"capInsets":[0,0,0,0]}],[1],0,[0],[0],[9]],[[{"name":"carrot","rect":[0,0,512,512],"offset":[0,0],"originalSize":[512,512],"capInsets":[0,0,0,0]}],[1],0,[0],[0],[10]],[[[0,"happy",".mp3",0.600816],-1],0,0,[],[],[]],[[[1,"sl_en1010",{"rows":[["rocket","1","Description","paper","a,b,c,d,e,f,g,h,i,j,k,l,m,n,o,p,q,r,s,t,u,v,w,x,y,z","p,a,e,r","paper.mp3","paper.png","true","false"],["rocket","1","Description","carrot","a,b,c,d,e,f,g,h,i,j,k,l,m,n,o,p,q,r,s,t,u,v,w,x,y,z","c,a,r,o,t","carrot.mp3","carrot.png","true","false"],["rocket","1","Description","salad","a,b,c,d,e,f,g,h,i,j,k,l,m,n,o,p,q,r,s,t,u,v,w,x,y,z","s,a,l,d","salad.mp3","salad.png","true","false"],["rocket","1","Description","sleep","a,b,c,d,e,f,g,h,i,j,k,l,m,n,o,p,q,r,s,t,u,v,w,x,y,z","s,l,e,p","sleep.mp3","sleep.png","true","false"],["rocket","1","Description","happy","a,b,c,d,e,f,g,h,i,j,k,l,m,n,o,p,q,r,s,t,u,v,w,x,y,z","h,a,p,y","happy.mp3","happy.png","true","false"],["rocket","1","Description","football","a,b,c,d,e,f,g,h,i,j,k,l,m,n,o,p,q,r,s,t,u,v,w,x,y,z","f,o,t,b,a,l","football.mp3","football.png","true","false"],["rocket","1","Description","onion","a,b,c,d,e,f,g,h,i,j,k,l,m,n,o,p,q,r,s,t,u,v,w,x,y,z","o,n,i","onion.mp3","onion.png","true","false"],["rocket","1","Description","little","a,b,c,d,e,f,g,h,i,j,k,l,m,n,o,p,q,r,s,t,u,v,w,x,y,z","l,i,t,e","little.mp3","little.png","true","false"],["rocket","1","Description","shoulder","a,b,c,d,e,f,g,h,i,j,k,l,m,n,o,p,q,r,s,t,u,v,w,x,y,z","s,h,o,u,l,d,e,r","shoulder.mp3","shoulder.png","true","false"],["rocket","1","Description","kitchen","a,b,c,d,e,f,g,h,i,j,k,l,m,n,o,p,q,r,s,t,u,v,w,x,y,z","k,i,t,c,h,e,n","kitchen.mp3","kitchen.png","true","false"],["quizliteracy","1","Description","image_word","carrot","apple","fish","carrot","carrot.png"],["quizliteracy","1","Description","soundonly_word","happy","happy","road","house","","","happy.mp3"],["quizliteracy","1","Description","soundonly_word","sleep","boat","sleep","salad","","","sleep.mp3"],["quizliteracy","1","Description","image_word","paper","house","paper","clock","paper.png"],["quizliteracy","1","Description","soundonly_image","shoulder.png","knees.png","hands.png","shoulder.png","","","shoulder.mp3"]]}]],0,0,[],[],[]],[["0,9729,9729,33071,33071,0,0,1",-1],[0],0,[],[],[]]]]