[1,["fbZ7/WovdJPbOrUgl1yewA","4d+++mTFtCZKk/g9+Li0hG","36XCk160ZJm4Yq8st23xlT","80orZc5l1JmKKP3eOrhGbA","b5Jl/r/PpBAIENzCoqOvbC","45jaWZpkJOEqGQG8z8mFm6","dfjCM+upVEepo4gMNrqX6n","5a3HaOZUNJc68wlyzMokzO","ceg4orFf1KbKECXCJWmvTW","efjGVvfr5MdZJeMicoswXw","1cp7N6jJBJA5RMdagCHe5W"],["_textureSetter"],["cc.SpriteFrame","cc.Texture2D",["cc.AudioClip",["_name","_native","duration"],0],["cc.JsonAsset",["_name","json"],1]],[[2,0,1,2,4],[3,0,1,3]],[[[[0,"The_dogs_run_fast",".mp3",2.376],-1],0,0,[],[],[]],[[{"name":"I_eat","rect":[0,0,1073,577],"offset":[0,0],"originalSize":[1073,577],"capInsets":[0,0,0,0]}],[0],0,[0],[0],[0]],[[[0,"We_swam_yesterday",".mp3",2.208],-1],0,0,[],[],[]],[["1,9729,9729,33071,33071,0,0,1",-1],[1],0,[],[],[]],[["1,9729,9729,33071,33071,0,0,1",-1],[1],0,[],[],[]],[[[1,"en2701",{"rows":[["createsentence","1","Description","John/eats/fast","","I_eat.jpg","John_eats_fast.mp3"],["createsentence","1","Description","He/can/run/fast","","He_can_run_fast.png","He_can_run_fast.mp3"],["createsentence","1","Description","The dogs/run/fast","","The_dogsrunfast.jpg","The_dogs_run_fast.mp3"],["createsentence","1","Description","Rahul/screams/loudly","","Rahulscreamsloudly.jpg","Rahul_screams_loudly.mp3"],["createsentence","1","Description","We/swam/yesterday","","Weswamyesterday.jpg","We_swam_yesterday.mp3"],["createsentence","1","Description","The tree/grows/slowly","","The_plantgrows.jpg","The_tree_grows_slowly.mp3"],["createsentence","1","Description","The ball/bounces/high","","The_ballbounceshigh.jpg","The_ball_bounces_high.mp3"],["createsentence","1","Description","The elephant/runs/fast","","The_elephantrunsfast.jpg","The_elephant_runs_fast.mp3"],["createsentence","1","Description","The bird/flies/high","","Birdsfly.jpg","The_bird_flies_high.mp3"],["createsentence","1","Description","Dogs/bark/loudly","","Dogsbarkloudly.jpg","Dogs_bark_loudly.mp3"],["createsentence","1","Description","The motorbike/is/fast","slow","The_truckcarriesthings.jpg","The_motorbike_is_fast.mp3"],["quizliteracy","1","Description","image_sentence","John eats fast. ","John runs fast. ","John eats fast. ","John swims fast. ","I_eat.jpg","","John_eats_fast.mp3"],["quizliteracy","1","Description","image_sentence","The dogs run fast. ","The dogs run fast. ","The dogs eat fast. ","The dogs swims fast. ","The_dogsrunfast.jpg","","The_dogs_run_fast.mp3"],["quizliteracy","1","Description","sentence_sentence","yesterday","today","yesterday","tomorrow","","We swam _________. ","We_swam_yesterday.mp3"],["quizliteracy","1","Description","sentence_sentence","loudly","loudly","slowly","quickly","","Maya screams _______. ","Maya_screams_loudly.mp3"],["quizliteracy","1","Description","sentence_sentence","fast","slow","quick","fast","","The motorbike is ____. ","The_motorbike_is_fast.mp3"]]}]],0,0,[],[],[]],[[{"name":"The_plantgrows","rect":[0,0,1073,719],"offset":[0,0],"originalSize":[1073,719],"capInsets":[0,0,0,0]}],[0],0,[0],[0],[1]],[[[0,"The_bird_flies_high",".mp3",2.136],-1],0,0,[],[],[]],[["1,9729,9729,33071,33071,0,0,1",-1],[1],0,[],[],[]],[[{"name":"The_ballbounceshigh","rect":[0,0,1073,772],"offset":[0,0],"originalSize":[1073,772],"capInsets":[0,0,0,0]}],[0],0,[0],[0],[2]],[["1,9729,9729,33071,33071,0,0,1",-1],[1],0,[],[],[]],[["1,9729,9729,33071,33071,0,0,1",-1],[1],0,[],[],[]],[[[0,"The_motorbike_is_fast",".mp3",2.592],-1],0,0,[],[],[]],[["1,9729,9729,33071,33071,0,0,1",-1],[1],0,[],[],[]],[[{"name":"Weswamyesterday","rect":[0,0,1200,537],"offset":[0,0],"originalSize":[1200,537],"capInsets":[0,0,0,0]}],[0],0,[0],[0],[3]],[[[0,"Maya_screams_loudly",".mp3",2.664],-1],0,0,[],[],[]],[[{"name":"Rahulscreamsloudly","rect":[0,0,1073,861],"offset":[0,0],"originalSize":[1073,861],"capInsets":[0,0,0,0]}],[0],0,[0],[0],[4]],[[[0,"Dogs_bark_loudly",".mp3",2.352],-1],0,0,[],[],[]],[[[0,"The_elephant_runs_fast",".mp3",2.664],-1],0,0,[],[],[]],[["1,9729,9729,33071,33071,0,0,1",-1],[1],0,[],[],[]],[[{"name":"The_truckcarriesthings","rect":[0,0,960,640],"offset":[0,0],"originalSize":[960,640],"capInsets":[0,0,0,0]}],[0],0,[0],[0],[5]],[[[0,"The_ball_bounces_high",".mp3",2.472],-1],0,0,[],[],[]],[[{"name":"He_can_run_fast","rect":[0,0,543,800],"offset":[0,0],"originalSize":[543,800],"capInsets":[0,0,0,0]}],[0],0,[0],[0],[6]],[[{"name":"The_dogsrunfast","rect":[0,0,799,526],"offset":[0,0],"originalSize":[799,526],"capInsets":[0,0,0,0]}],[0],0,[0],[0],[7]],[[[0,"He_can_run_fast",".mp3",2.016],-1],0,0,[],[],[]],[["1,9729,9729,33071,33071,0,0,1",-1],[1],0,[],[],[]],[[{"name":"Dogsbarkloudly","rect":[0,0,1600,973],"offset":[0,0],"originalSize":[1600,973],"capInsets":[0,0,0,0]}],[0],0,[0],[0],[8]],[[[0,"John_eats_fast",".mp3",2.184],-1],0,0,[],[],[]],[[{"name":"The_elephantrunsfast","rect":[0,0,1073,1073],"offset":[0,0],"originalSize":[1073,1073],"capInsets":[0,0,0,0]}],[0],0,[0],[0],[9]],[[[0,"The_tree_grows_slowly",".mp3",2.4],-1],0,0,[],[],[]],[[{"name":"Birdsfly","rect":[0,0,768,512],"offset":[0,0],"originalSize":[768,512],"capInsets":[0,0,0,0]}],[0],0,[0],[0],[10]],[["0,9729,9729,33071,33071,0,0,1",-1],[1],0,[],[],[]],[[[0,"Rahul_screams_loudly",".mp3",2.592],-1],0,0,[],[],[]],[["1,9729,9729,33071,33071,0,0,1",-1],[1],0,[],[],[]],[["1,9729,9729,33071,33071,0,0,1",-1],[1],0,[],[],[]]]]