<root>

	<lido-container id="lido-container" exit-button-url="template-assets/buttons/file-mpu1fs4e.svg" prev-button-url="template-assets/buttons/file-1j8cgu3q.svg" next-button-url="template-assets/buttons/file-usryckwi.svg" speaker-button-url="template-assets/buttons/file-ijzlwhsa.svg" is-allow-only-correct="true" value="maincontainer" objective="अच्छी बातचीत,से हमें,नए दोस्त,बनाने,में मदद,मिलती,है।" x="0" y="0" z="0" bg-color="transparent" bg-image="template-assets/bg-images/file-um2fhb4k.png" visible="true" onCorrect="lido-avatar.avatarAnimate='Success';qustionAudio.speak='true'; pos2.animation='placeToLeft 2.5s linear'; this.sleep='2000';" onEntry="" onInCorrect="lido-avatar.avatarAnimate='Fail'; this.sleep='2000';" show-check="false" is-continue-on-correct="false" appendToDropOnCompletion="true">
		<lido-cell visible="false" id="speak-con">
			<lido-text id="sentenceText" audio="" string="अच्छी बातचीत से हमें नए दोस्त बनाने में मदद मिलती है।" />
		</lido-cell>
		<lido-cell id="row1" layout="col" height="100%" width="100%" visible="true" bg-Color="transparent">
            
			<lido-text tab-index="1" id="qustionAudio" margin="60px 0px -139px 0px" visible="true" bg-color="transparent" y="landscape.30px, portrait.79px" onEntry="this.padding='0px 45px'; this.fontWeight='600'; this.speak='true'" audio="game-assets/audio/file-g3astssu.wav" width="auto" height="5%" string="वाक्य बनाइए" font-family="'Baloo 2', serif" font-size="36px" z="2" />
			<lido-cell id="col" layout="col" disable-edit="true" value="pos" aria-hidden="true" x="0" y="0" z="0" bg-color="transparent" type="" visible="true" onTouch="" onCorrect="" width="100%" height="100%" onEntry="">
				<lido-cell id="pos2" layout="pos" disable-edit="true" value="pos" aria-hidden="true" x="0" y="landscape.29px,portrait.0px" z="0" bg-color="transparent" type="" visible="true" onTouch="" width="100%" height="100%" onEntry="this.animation='rightToPlace 2.5s linear'; this.sleep='2000';">
					<lido-image width="landscape.122%, portrait.145%" height="landscape.173%, portrait.70%" y="landscape.-32%, portrait.26%" x="landscape.-22%, portrait.-39%" id="image1" disable-edit="true" visible="true" src="template-assets/images/file-ut47nfid.png" onEntry="" />
					<lido-image width="landscape.16%, portrait.32%" y="landscape.17%, portrait.26%" x="landscape.40%, portrait.35%" z="2" id="image2" margin="-48px 0px 0px 0px" disable-edit="true" visible="true" src="game-assets/images/file-ydqrgnym.jpg" onEntry="" />
					<lido-cell layout="wrap" height="29%" visible="true" width="landscape.80%, portrait.88%" margin="-76px 0px 0px 0px" y="landscape.50%, portrait.48%" x="landscape.11%,portrait.7%" z="2" onEntry="this.gridTemplateColumns = 'repeat(4, 1fr)'; this.position='relative';this.gap='7px';" bg-color="transparent">
                        <lido-text id="drop_zone_1" drop-attr="stretch" value="अच्छी बातचीत" tab-index="2" is-allow-only-one-drop="true" visible="true" onEntry="this.background='transparent'; this.borderRadius='15px';" width="300px" height="80px" type="drop" />
						<lido-text id="drop_zone_2" drop-attr="stretch" value="से हमें" tab-index="3" is-allow-only-one-drop="true" visible="true" onEntry="this.background='transparent'; this.borderRadius='15px';" width="300px" height="80px" type="drop" />
						<lido-text id="drop_zone_3" drop-attr="stretch" value="नए दोस्त" tab-index="4" is-allow-only-one-drop="true" visible="true" onEntry="this.background='transparent'; this.borderRadius='15px';" width="300px" height="80px" type="drop" />
						<lido-text id="drop_zone_4" drop-attr="stretch" value="बनाने" tab-index="5" is-allow-only-one-drop="true" visible="true" onEntry="this.background='transparent'; this.borderRadius='15px';" width="300px" height="80px" type="drop" />
						<lido-text id="drop_zone_5" drop-attr="stretch" value="में मदद" tab-index="6" is-allow-only-one-drop="true" visible="true" onEntry="this.background='transparent'; this.borderRadius='15px';" width="300px" height="80px" type="drop" />
						<lido-text id="drop_zone_6" drop-attr="stretch" value="मिलती" tab-index="7" is-allow-only-one-drop="true" visible="true" onEntry="this.background='transparent'; this.borderRadius='15px';" width="300px" height="80px" type="drop" />
						<lido-text id="drop_zone_7" drop-attr="stretch" value="है।" tab-index="8" is-allow-only-one-drop="true" visible="true" onEntry="this.background='transparent'; this.borderRadius='15px';" width="300px" height="80px" type="drop" />
                    </lido-cell>
				</lido-cell>
				<lido-cell layout="wrap" height="230px" delay-visible="2650" visible="true" margin="-78px 0px 0px -113px" width="landscape.80%, portrait.88%" y="landscape.65%, portrait.62%" x="landscape.4%,portrait.0px" z="2" onEntry="this.gridTemplateColumns = 'repeat(4, 1fr)';this.position='relative';this.gap='26px';">
                    <lido-text id="option_item_1" audio="game-assets/audio/file-vgd6pkgs.wav" value="मिलती" tab-index="9" visible="true" bg-color="#FCF3B1" onEntry="this.padding='0px 40px';this.borderRadius='25px'; this.boxShadow='unset'; this.fontWeight='800';" width="auto" height="84px" string="मिलती" font-family="'Baloo 2', serif" font-size="24px" z="2" type="drag" />
					<lido-text id="option_item_2" audio="game-assets/audio/file-7e8z0wo8.wav" value="अच्छी बातचीत" tab-index="10" visible="true" bg-color="#FCF3B1" onEntry="this.padding='0px 40px';this.borderRadius='25px'; this.boxShadow='unset'; this.fontWeight='800';" width="auto" height="84px" string="अच्छी बातचीत" font-family="'Baloo 2', serif" font-size="24px" z="2" type="drag" />
					<lido-text id="option_item_3" audio="game-assets/audio/file-lonrg4a2.wav" value="से हमें" tab-index="11" visible="true" bg-color="#FCF3B1" onEntry="this.padding='0px 40px';this.borderRadius='25px'; this.boxShadow='unset'; this.fontWeight='800';" width="auto" height="84px" string="से हमें" font-family="'Baloo 2', serif" font-size="24px" z="2" type="drag" />
					<lido-text id="option_item_4" audio="game-assets/audio/file-98l5vcq0.wav" value="है।" tab-index="12" visible="true" bg-color="#FCF3B1" onEntry="this.padding='0px 40px';this.borderRadius='25px'; this.boxShadow='unset'; this.fontWeight='800';" width="auto" height="84px" string="है।" font-family="'Baloo 2', serif" font-size="24px" z="2" type="drag" />
					<lido-text id="option_item_5" audio="game-assets/audio/file-d4qc9s3w.wav" value="में मदद" tab-index="13" visible="true" bg-color="#FCF3B1" onEntry="this.padding='0px 40px';this.borderRadius='25px'; this.boxShadow='unset'; this.fontWeight='800';" width="auto" height="84px" string="में मदद" font-family="'Baloo 2', serif" font-size="24px" z="2" type="drag" />
					<lido-text id="option_item_6" audio="game-assets/audio/file-gwwhh6g2.wav" value="नए दोस्त" tab-index="14" visible="true" bg-color="#FCF3B1" onEntry="this.padding='0px 40px';this.borderRadius='25px'; this.boxShadow='unset'; this.fontWeight='800';" width="auto" height="84px" string="नए दोस्त" font-family="'Baloo 2', serif" font-size="24px" z="2" type="drag" />
					<lido-text id="option_item_7" audio="game-assets/audio/file-90cbfg68.wav" value="बनाने" tab-index="15" visible="true" bg-color="#FCF3B1" onEntry="this.padding='0px 40px';this.borderRadius='25px'; this.boxShadow='unset'; this.fontWeight='800';" width="auto" height="84px" string="बनाने" font-family="'Baloo 2', serif" font-size="24px" z="2" type="drag" />
				</lido-cell>
				<lido-cell layout="row" visible="true" width="landscape.70%, portrait.88%" y="landscape.21%, portrait.42%" x="0%" z="2" onEntry="this.position='relative'" />
			</lido-cell>
			<lido-cell layout="pos" id="pos1" disable-edit="true" value="pos2" height="landscape.408px,portrait.327px" width="landscape.311px,portrait.294px" x="landscape.85%, portrait.640px" y="landscape.75%, portrait.172px" aria-hidden="true" bg-color="transparent" visible="true" onEntry="this.animation='rightToPlace 2.5s linear';">
				<lido-avatar id="lido-avatar" disable-edit="true" visible="true" height="100%" width="100%" src="template-assets/images/file-mc52s5f6.riv" alt-text="" />
			</lido-cell>
		</lido-cell>
	</lido-container>	

	<lido-container id="lido-container" exit-button-url="template-assets/buttons/file-mpu1fs4e.svg" prev-button-url="template-assets/buttons/file-1j8cgu3q.svg" next-button-url="template-assets/buttons/file-usryckwi.svg" speaker-button-url="template-assets/buttons/file-ijzlwhsa.svg" is-allow-only-correct="true" value="maincontainer" objective="दूसरों से,बात करते,समय,हमेशा,अच्छे,शब्दों का,इस्तेमाल करें।" x="0" y="0" z="0" bg-color="transparent" bg-image="template-assets/bg-images/file-um2fhb4k.png" visible="true" onCorrect="lido-avatar.avatarAnimate='Success';qustionAudio.speak='true'; pos2.animation='placeToLeft 2.5s linear'; this.sleep='2000';" onEntry="" onInCorrect="lido-avatar.avatarAnimate='Fail'; this.sleep='2000';" show-check="false" is-continue-on-correct="false" appendToDropOnCompletion="true">
		<lido-cell visible="false" id="speak-con">
			<lido-text id="sentenceText" audio="" string="दूसरों से बात करते समय हमेशा अच्छे शब्दों का इस्तेमाल करें।" />
		</lido-cell>
		<lido-cell id="row1" layout="col" height="100%" width="100%" visible="true" bg-Color="transparent">
            
			<lido-text tab-index="1" id="qustionAudio" margin="60px 0px -139px 0px" visible="true" bg-color="transparent" y="landscape.30px, portrait.79px" onEntry="this.padding='0px 45px'; this.fontWeight='600'; this.speak='true'" audio="game-assets/audio/file-o31u4ll8.wav" width="auto" height="5%" string="इन शब्दों को सही क्रम में लगाइए" font-family="'Baloo 2', serif" font-size="36px" z="2" />
			<lido-cell id="col" layout="col" disable-edit="true" value="pos" aria-hidden="true" x="0" y="0" z="0" bg-color="transparent" type="" visible="true" onTouch="" onCorrect="" width="100%" height="100%" onEntry="">
				<lido-cell id="pos2" layout="pos" disable-edit="true" value="pos" aria-hidden="true" x="0" y="landscape.29px,portrait.0px" z="0" bg-color="transparent" type="" visible="true" onTouch="" width="100%" height="100%" onEntry="this.animation='rightToPlace 2.5s linear'; this.sleep='2000';">
					<lido-image width="landscape.122%, portrait.145%" height="landscape.173%, portrait.70%" y="landscape.-32%, portrait.26%" x="landscape.-22%, portrait.-39%" id="image1" disable-edit="true" visible="true" src="template-assets/images/file-ut47nfid.png" onEntry="" />
					<lido-image width="landscape.16%, portrait.32%" y="landscape.17%, portrait.26%" x="landscape.40%, portrait.35%" z="2" id="image2" margin="-48px 0px 0px 0px" disable-edit="true" visible="true" src="game-assets/images/file-ydqrgnym.jpg" onEntry="" />
					<lido-cell layout="wrap" height="29%" visible="true" width="landscape.80%, portrait.88%" margin="-76px 0px 0px 0px" y="landscape.50%, portrait.48%" x="landscape.11%,portrait.7%" z="2" onEntry="this.gridTemplateColumns = 'repeat(4, 1fr)'; this.position='relative';this.gap='7px';" bg-color="transparent">
                        <lido-text id="drop_zone_1" drop-attr="stretch" value="दूसरों से" tab-index="2" is-allow-only-one-drop="true" visible="true" onEntry="this.background='transparent'; this.borderRadius='15px';" width="300px" height="80px" type="drop" />
						<lido-text id="drop_zone_2" drop-attr="stretch" value="बात करते" tab-index="3" is-allow-only-one-drop="true" visible="true" onEntry="this.background='transparent'; this.borderRadius='15px';" width="300px" height="80px" type="drop" />
						<lido-text id="drop_zone_3" drop-attr="stretch" value="समय" tab-index="4" is-allow-only-one-drop="true" visible="true" onEntry="this.background='transparent'; this.borderRadius='15px';" width="300px" height="80px" type="drop" />
						<lido-text id="drop_zone_4" drop-attr="stretch" value="हमेशा" tab-index="5" is-allow-only-one-drop="true" visible="true" onEntry="this.background='transparent'; this.borderRadius='15px';" width="300px" height="80px" type="drop" />
						<lido-text id="drop_zone_5" drop-attr="stretch" value="अच्छे" tab-index="6" is-allow-only-one-drop="true" visible="true" onEntry="this.background='transparent'; this.borderRadius='15px';" width="300px" height="80px" type="drop" />
						<lido-text id="drop_zone_6" drop-attr="stretch" value="शब्दों का" tab-index="7" is-allow-only-one-drop="true" visible="true" onEntry="this.background='transparent'; this.borderRadius='15px';" width="300px" height="80px" type="drop" />
						<lido-text id="drop_zone_7" drop-attr="stretch" value="इस्तेमाल करें।" tab-index="8" is-allow-only-one-drop="true" visible="true" onEntry="this.background='transparent'; this.borderRadius='15px';" width="300px" height="80px" type="drop" />
                    </lido-cell>
				</lido-cell>
				<lido-cell layout="wrap" height="230px" delay-visible="2650" visible="true" margin="-78px 0px 0px -113px" width="landscape.80%, portrait.88%" y="landscape.65%, portrait.62%" x="landscape.4%,portrait.0px" z="2" onEntry="this.gridTemplateColumns = 'repeat(4, 1fr)';this.position='relative';this.gap='26px';">
                    <lido-text id="option_item_1" audio="game-assets/audio/file-zxvxnl7s.wav" value="शब्दों का" tab-index="9" visible="true" bg-color="#FCF3B1" onEntry="this.padding='0px 40px';this.borderRadius='25px'; this.boxShadow='unset'; this.fontWeight='800';" width="auto" height="84px" string="शब्दों का" font-family="'Baloo 2', serif" font-size="24px" z="2" type="drag" />
					<lido-text id="option_item_2" audio="game-assets/audio/file-5h9tklue.wav" value="दूसरों से" tab-index="10" visible="true" bg-color="#FCF3B1" onEntry="this.padding='0px 40px';this.borderRadius='25px'; this.boxShadow='unset'; this.fontWeight='800';" width="auto" height="84px" string="दूसरों से" font-family="'Baloo 2', serif" font-size="24px" z="2" type="drag" />
					<lido-text id="option_item_3" audio="game-assets/audio/file-u0kmxswt.wav" value="इस्तेमाल करें।" tab-index="11" visible="true" bg-color="#FCF3B1" onEntry="this.padding='0px 40px';this.borderRadius='25px'; this.boxShadow='unset'; this.fontWeight='800';" width="auto" height="84px" string="इस्तेमाल करें।" font-family="'Baloo 2', serif" font-size="24px" z="2" type="drag" />
					<lido-text id="option_item_4" audio="game-assets/audio/file-rs46iebn.wav" value="हमेशा" tab-index="12" visible="true" bg-color="#FCF3B1" onEntry="this.padding='0px 40px';this.borderRadius='25px'; this.boxShadow='unset'; this.fontWeight='800';" width="auto" height="84px" string="हमेशा" font-family="'Baloo 2', serif" font-size="24px" z="2" type="drag" />
					<lido-text id="option_item_5" audio="game-assets/audio/file-gmvkjf0q.wav" value="समय" tab-index="13" visible="true" bg-color="#FCF3B1" onEntry="this.padding='0px 40px';this.borderRadius='25px'; this.boxShadow='unset'; this.fontWeight='800';" width="auto" height="84px" string="समय" font-family="'Baloo 2', serif" font-size="24px" z="2" type="drag" />
					<lido-text id="option_item_6" audio="game-assets/audio/file-b3eauopy.wav" value="अच्छे" tab-index="14" visible="true" bg-color="#FCF3B1" onEntry="this.padding='0px 40px';this.borderRadius='25px'; this.boxShadow='unset'; this.fontWeight='800';" width="auto" height="84px" string="अच्छे" font-family="'Baloo 2', serif" font-size="24px" z="2" type="drag" />
					<lido-text id="option_item_7" audio="game-assets/audio/file-x1ortwqn.wav" value="बात करते" tab-index="15" visible="true" bg-color="#FCF3B1" onEntry="this.padding='0px 40px';this.borderRadius='25px'; this.boxShadow='unset'; this.fontWeight='800';" width="auto" height="84px" string="बात करते" font-family="'Baloo 2', serif" font-size="24px" z="2" type="drag" />
				</lido-cell>
				<lido-cell layout="row" visible="true" width="landscape.70%, portrait.88%" y="landscape.21%, portrait.42%" x="0%" z="2" onEntry="this.position='relative'" />
			</lido-cell>
			<lido-cell layout="pos" id="pos1" disable-edit="true" value="pos2" height="landscape.408px,portrait.327px" width="landscape.311px,portrait.294px" x="landscape.85%, portrait.640px" y="landscape.75%, portrait.172px" aria-hidden="true" bg-color="transparent" visible="true" onEntry="this.animation='rightToPlace 2.5s linear';">
				<lido-avatar id="lido-avatar" disable-edit="true" visible="true" height="100%" width="100%" src="template-assets/images/file-mc52s5f6.riv" alt-text="" />
			</lido-cell>
		</lido-cell>
	</lido-container>	

	<lido-container id="lido-container" exit-button-url="template-assets/buttons/file-mpu1fs4e.svg" prev-button-url="template-assets/buttons/file-1j8cgu3q.svg" next-button-url="template-assets/buttons/file-usryckwi.svg" speaker-button-url="template-assets/buttons/file-ijzlwhsa.svg" is-allow-only-correct="true" value="maincontainer" objective="हमें बोलने,या,जवाब,देने,से पहले,सुनना,चाहिए।" x="0" y="0" z="0" bg-color="transparent" bg-image="template-assets/bg-images/file-um2fhb4k.png" visible="true" onCorrect="lido-avatar.avatarAnimate='Success';qustionAudio.speak='true'; pos2.animation='placeToLeft 2.5s linear'; this.sleep='2000';" onEntry="" onInCorrect="lido-avatar.avatarAnimate='Fail'; this.sleep='2000';" show-check="false" is-continue-on-correct="false" appendToDropOnCompletion="true">
		<lido-cell visible="false" id="speak-con">
			<lido-text id="sentenceText" audio="" string="हमें बोलने या जवाब देने से पहले सुनना चाहिए।" />
		</lido-cell>
		<lido-cell id="row1" layout="col" height="100%" width="100%" visible="true" bg-Color="transparent">
            
			<lido-text tab-index="1" id="qustionAudio" margin="60px 0px -139px 0px" visible="true" bg-color="transparent" y="landscape.30px, portrait.79px" onEntry="this.padding='0px 45px'; this.fontWeight='600'; this.speak='true'" audio="game-assets/audio/file-gqgd1znp.wav" width="auto" height="5%" string="वाक्य लिखिए" font-family="'Baloo 2', serif" font-size="36px" z="2" />
			<lido-cell id="col" layout="col" disable-edit="true" value="pos" aria-hidden="true" x="0" y="0" z="0" bg-color="transparent" type="" visible="true" onTouch="" onCorrect="" width="100%" height="100%" onEntry="">
				<lido-cell id="pos2" layout="pos" disable-edit="true" value="pos" aria-hidden="true" x="0" y="landscape.29px,portrait.0px" z="0" bg-color="transparent" type="" visible="true" onTouch="" width="100%" height="100%" onEntry="this.animation='rightToPlace 2.5s linear'; this.sleep='2000';">
					<lido-image width="landscape.122%, portrait.145%" height="landscape.173%, portrait.70%" y="landscape.-32%, portrait.26%" x="landscape.-22%, portrait.-39%" id="image1" disable-edit="true" visible="true" src="template-assets/images/file-ut47nfid.png" onEntry="" />
					<lido-image width="landscape.16%, portrait.32%" y="landscape.17%, portrait.26%" x="landscape.40%, portrait.35%" z="2" id="image2" margin="-48px 0px 0px 0px" disable-edit="true" visible="true" src="game-assets/images/file-ydqrgnym.jpg" onEntry="" />
					<lido-cell layout="wrap" height="29%" visible="true" width="landscape.80%, portrait.88%" margin="-76px 0px 0px 0px" y="landscape.50%, portrait.48%" x="landscape.11%,portrait.7%" z="2" onEntry="this.gridTemplateColumns = 'repeat(4, 1fr)'; this.position='relative';this.gap='7px';" bg-color="transparent">
                        <lido-text id="drop_zone_1" drop-attr="stretch" value="हमें बोलने" tab-index="2" is-allow-only-one-drop="true" visible="true" onEntry="this.background='transparent'; this.borderRadius='15px';" width="300px" height="80px" type="drop" />
						<lido-text id="drop_zone_2" drop-attr="stretch" value="या" tab-index="3" is-allow-only-one-drop="true" visible="true" onEntry="this.background='transparent'; this.borderRadius='15px';" width="300px" height="80px" type="drop" />
						<lido-text id="drop_zone_3" drop-attr="stretch" value="जवाब" tab-index="4" is-allow-only-one-drop="true" visible="true" onEntry="this.background='transparent'; this.borderRadius='15px';" width="300px" height="80px" type="drop" />
						<lido-text id="drop_zone_4" drop-attr="stretch" value="देने" tab-index="5" is-allow-only-one-drop="true" visible="true" onEntry="this.background='transparent'; this.borderRadius='15px';" width="300px" height="80px" type="drop" />
						<lido-text id="drop_zone_5" drop-attr="stretch" value="से पहले" tab-index="6" is-allow-only-one-drop="true" visible="true" onEntry="this.background='transparent'; this.borderRadius='15px';" width="300px" height="80px" type="drop" />
						<lido-text id="drop_zone_6" drop-attr="stretch" value="सुनना" tab-index="7" is-allow-only-one-drop="true" visible="true" onEntry="this.background='transparent'; this.borderRadius='15px';" width="300px" height="80px" type="drop" />
						<lido-text id="drop_zone_7" drop-attr="stretch" value="चाहिए।" tab-index="8" is-allow-only-one-drop="true" visible="true" onEntry="this.background='transparent'; this.borderRadius='15px';" width="300px" height="80px" type="drop" />
                    </lido-cell>
				</lido-cell>
				<lido-cell layout="wrap" height="230px" delay-visible="2650" visible="true" margin="-78px 0px 0px -113px" width="landscape.80%, portrait.88%" y="landscape.65%, portrait.62%" x="landscape.4%,portrait.0px" z="2" onEntry="this.gridTemplateColumns = 'repeat(4, 1fr)';this.position='relative';this.gap='26px';">
                    <lido-text id="option_item_1" audio="game-assets/audio/file-kriarhgm.wav" value="से पहले" tab-index="9" visible="true" bg-color="#FCF3B1" onEntry="this.padding='0px 40px';this.borderRadius='25px'; this.boxShadow='unset'; this.fontWeight='800';" width="auto" height="84px" string="से पहले" font-family="'Baloo 2', serif" font-size="24px" z="2" type="drag" />
					<lido-text id="option_item_2" audio="game-assets/audio/file-xfskgmsh.wav" value="हमें बोलने" tab-index="10" visible="true" bg-color="#FCF3B1" onEntry="this.padding='0px 40px';this.borderRadius='25px'; this.boxShadow='unset'; this.fontWeight='800';" width="auto" height="84px" string="हमें बोलने" font-family="'Baloo 2', serif" font-size="24px" z="2" type="drag" />
					<lido-text id="option_item_3" audio="game-assets/audio/file-2yyhgfjp.wav" value="या" tab-index="11" visible="true" bg-color="#FCF3B1" onEntry="this.padding='0px 40px';this.borderRadius='25px'; this.boxShadow='unset'; this.fontWeight='800';" width="auto" height="84px" string="या" font-family="'Baloo 2', serif" font-size="24px" z="2" type="drag" />
					<lido-text id="option_item_4" audio="game-assets/audio/file-q7ty668k.wav" value="सुनना" tab-index="12" visible="true" bg-color="#FCF3B1" onEntry="this.padding='0px 40px';this.borderRadius='25px'; this.boxShadow='unset'; this.fontWeight='800';" width="auto" height="84px" string="सुनना" font-family="'Baloo 2', serif" font-size="24px" z="2" type="drag" />
					<lido-text id="option_item_5" audio="game-assets/audio/file-wnv8wcl5.wav" value="देने" tab-index="13" visible="true" bg-color="#FCF3B1" onEntry="this.padding='0px 40px';this.borderRadius='25px'; this.boxShadow='unset'; this.fontWeight='800';" width="auto" height="84px" string="देने" font-family="'Baloo 2', serif" font-size="24px" z="2" type="drag" />
					<lido-text id="option_item_6" audio="game-assets/audio/file-psa6kn5v.wav" value="चाहिए।" tab-index="14" visible="true" bg-color="#FCF3B1" onEntry="this.padding='0px 40px';this.borderRadius='25px'; this.boxShadow='unset'; this.fontWeight='800';" width="auto" height="84px" string="चाहिए।" font-family="'Baloo 2', serif" font-size="24px" z="2" type="drag" />
					<lido-text id="option_item_7" audio="game-assets/audio/file-uhoia6y8.wav" value="जवाब" tab-index="15" visible="true" bg-color="#FCF3B1" onEntry="this.padding='0px 40px';this.borderRadius='25px'; this.boxShadow='unset'; this.fontWeight='800';" width="auto" height="84px" string="जवाब" font-family="'Baloo 2', serif" font-size="24px" z="2" type="drag" />
				</lido-cell>
				<lido-cell layout="row" visible="true" width="landscape.70%, portrait.88%" y="landscape.21%, portrait.42%" x="0%" z="2" onEntry="this.position='relative'" />
			</lido-cell>
			<lido-cell layout="pos" id="pos1" disable-edit="true" value="pos2" height="landscape.408px,portrait.327px" width="landscape.311px,portrait.294px" x="landscape.85%, portrait.640px" y="landscape.75%, portrait.172px" aria-hidden="true" bg-color="transparent" visible="true" onEntry="this.animation='rightToPlace 2.5s linear';">
				<lido-avatar id="lido-avatar" disable-edit="true" visible="true" height="100%" width="100%" src="template-assets/images/file-mc52s5f6.riv" alt-text="" />
			</lido-cell>
		</lido-cell>
	</lido-container>	

	<lido-container id="lido-container" exit-button-url="template-assets/buttons/file-mpu1fs4e.svg" prev-button-url="template-assets/buttons/file-1j8cgu3q.svg" next-button-url="template-assets/buttons/file-usryckwi.svg" speaker-button-url="template-assets/buttons/file-ijzlwhsa.svg" is-allow-only-correct="true" value="maincontainer" objective="अच्छे शब्दों,से लोग,खुश होते,हैं और,उन्हें इज्ज़त,महसूस,होती है।" x="0" y="0" z="0" bg-color="transparent" bg-image="template-assets/bg-images/file-um2fhb4k.png" visible="true" onCorrect="lido-avatar.avatarAnimate='Success';qustionAudio.speak='true'; pos2.animation='placeToLeft 2.5s linear'; this.sleep='2000';" onEntry="" onInCorrect="lido-avatar.avatarAnimate='Fail'; this.sleep='2000';" show-check="false" is-continue-on-correct="false" appendToDropOnCompletion="true">
		<lido-cell visible="false" id="speak-con">
			<lido-text id="sentenceText" audio="" string="अच्छे शब्दों से लोग खुश होते हैं और उन्हें इज्ज़त महसूस होती है।" />
		</lido-cell>
		<lido-cell id="row1" layout="col" height="100%" width="100%" visible="true" bg-Color="transparent">
            
			<lido-text tab-index="1" id="qustionAudio" margin="60px 0px -139px 0px" visible="true" bg-color="transparent" y="landscape.30px, portrait.79px" onEntry="this.padding='0px 45px'; this.fontWeight='600'; this.speak='true'" audio="game-assets/audio/file-sjmqgsl5.wav" width="auto" height="5%" string="शब्दों का उपयोग करके वाक्य बनाइए" font-family="'Baloo 2', serif" font-size="36px" z="2" />
			<lido-cell id="col" layout="col" disable-edit="true" value="pos" aria-hidden="true" x="0" y="0" z="0" bg-color="transparent" type="" visible="true" onTouch="" onCorrect="" width="100%" height="100%" onEntry="">
				<lido-cell id="pos2" layout="pos" disable-edit="true" value="pos" aria-hidden="true" x="0" y="landscape.29px,portrait.0px" z="0" bg-color="transparent" type="" visible="true" onTouch="" width="100%" height="100%" onEntry="this.animation='rightToPlace 2.5s linear'; this.sleep='2000';">
					<lido-image width="landscape.122%, portrait.145%" height="landscape.173%, portrait.70%" y="landscape.-32%, portrait.26%" x="landscape.-22%, portrait.-39%" id="image1" disable-edit="true" visible="true" src="template-assets/images/file-ut47nfid.png" onEntry="" />
					<lido-image width="landscape.16%, portrait.32%" y="landscape.17%, portrait.26%" x="landscape.40%, portrait.35%" z="2" id="image2" margin="-48px 0px 0px 0px" disable-edit="true" visible="true" src="game-assets/images/file-ydqrgnym.jpg" onEntry="" />
					<lido-cell layout="wrap" height="29%" visible="true" width="landscape.80%, portrait.88%" margin="-76px 0px 0px 0px" y="landscape.50%, portrait.48%" x="landscape.11%,portrait.7%" z="2" onEntry="this.gridTemplateColumns = 'repeat(4, 1fr)'; this.position='relative';this.gap='7px';" bg-color="transparent">
                        <lido-text id="drop_zone_1" drop-attr="stretch" value="अच्छे शब्दों" tab-index="2" is-allow-only-one-drop="true" visible="true" onEntry="this.background='transparent'; this.borderRadius='15px';" width="300px" height="80px" type="drop" />
						<lido-text id="drop_zone_2" drop-attr="stretch" value="से लोग" tab-index="3" is-allow-only-one-drop="true" visible="true" onEntry="this.background='transparent'; this.borderRadius='15px';" width="300px" height="80px" type="drop" />
						<lido-text id="drop_zone_3" drop-attr="stretch" value="खुश होते" tab-index="4" is-allow-only-one-drop="true" visible="true" onEntry="this.background='transparent'; this.borderRadius='15px';" width="300px" height="80px" type="drop" />
						<lido-text id="drop_zone_4" drop-attr="stretch" value="हैं और" tab-index="5" is-allow-only-one-drop="true" visible="true" onEntry="this.background='transparent'; this.borderRadius='15px';" width="300px" height="80px" type="drop" />
						<lido-text id="drop_zone_5" drop-attr="stretch" value="उन्हें इज्ज़त" tab-index="6" is-allow-only-one-drop="true" visible="true" onEntry="this.background='transparent'; this.borderRadius='15px';" width="300px" height="80px" type="drop" />
						<lido-text id="drop_zone_6" drop-attr="stretch" value="महसूस" tab-index="7" is-allow-only-one-drop="true" visible="true" onEntry="this.background='transparent'; this.borderRadius='15px';" width="300px" height="80px" type="drop" />
						<lido-text id="drop_zone_7" drop-attr="stretch" value="होती है।" tab-index="8" is-allow-only-one-drop="true" visible="true" onEntry="this.background='transparent'; this.borderRadius='15px';" width="300px" height="80px" type="drop" />
                    </lido-cell>
				</lido-cell>
				<lido-cell layout="wrap" height="230px" delay-visible="2650" visible="true" margin="-78px 0px 0px -113px" width="landscape.80%, portrait.88%" y="landscape.65%, portrait.62%" x="landscape.4%,portrait.0px" z="2" onEntry="this.gridTemplateColumns = 'repeat(4, 1fr)';this.position='relative';this.gap='26px';">
                    <lido-text id="option_item_1" audio="game-assets/audio/file-jb1cpqft.wav" value="खुश होते" tab-index="9" visible="true" bg-color="#FCF3B1" onEntry="this.padding='0px 40px';this.borderRadius='25px'; this.boxShadow='unset'; this.fontWeight='800';" width="auto" height="84px" string="खुश होते" font-family="'Baloo 2', serif" font-size="24px" z="2" type="drag" />
					<lido-text id="option_item_2" audio="game-assets/audio/file-2ixvq45s.wav" value="से लोग" tab-index="10" visible="true" bg-color="#FCF3B1" onEntry="this.padding='0px 40px';this.borderRadius='25px'; this.boxShadow='unset'; this.fontWeight='800';" width="auto" height="84px" string="से लोग" font-family="'Baloo 2', serif" font-size="24px" z="2" type="drag" />
					<lido-text id="option_item_3" audio="game-assets/audio/file-bzi5nk8j.wav" value="हैं और" tab-index="11" visible="true" bg-color="#FCF3B1" onEntry="this.padding='0px 40px';this.borderRadius='25px'; this.boxShadow='unset'; this.fontWeight='800';" width="auto" height="84px" string="हैं और" font-family="'Baloo 2', serif" font-size="24px" z="2" type="drag" />
					<lido-text id="option_item_4" audio="game-assets/audio/file-078hk8r9.wav" value="अच्छे शब्दों" tab-index="12" visible="true" bg-color="#FCF3B1" onEntry="this.padding='0px 40px';this.borderRadius='25px'; this.boxShadow='unset'; this.fontWeight='800';" width="auto" height="84px" string="अच्छे शब्दों" font-family="'Baloo 2', serif" font-size="24px" z="2" type="drag" />
					<lido-text id="option_item_5" audio="game-assets/audio/file-nhcyb2wt.wav" value="होती है।" tab-index="13" visible="true" bg-color="#FCF3B1" onEntry="this.padding='0px 40px';this.borderRadius='25px'; this.boxShadow='unset'; this.fontWeight='800';" width="auto" height="84px" string="होती है।" font-family="'Baloo 2', serif" font-size="24px" z="2" type="drag" />
					<lido-text id="option_item_6" audio="game-assets/audio/file-6zdlafiz.wav" value="महसूस" tab-index="14" visible="true" bg-color="#FCF3B1" onEntry="this.padding='0px 40px';this.borderRadius='25px'; this.boxShadow='unset'; this.fontWeight='800';" width="auto" height="84px" string="महसूस" font-family="'Baloo 2', serif" font-size="24px" z="2" type="drag" />
					<lido-text id="option_item_7" audio="game-assets/audio/file-cgfxjlmh.wav" value="उन्हें इज्ज़त" tab-index="15" visible="true" bg-color="#FCF3B1" onEntry="this.padding='0px 40px';this.borderRadius='25px'; this.boxShadow='unset'; this.fontWeight='800';" width="auto" height="84px" string="उन्हें इज्ज़त" font-family="'Baloo 2', serif" font-size="24px" z="2" type="drag" />
				</lido-cell>
				<lido-cell layout="row" visible="true" width="landscape.70%, portrait.88%" y="landscape.21%, portrait.42%" x="0%" z="2" onEntry="this.position='relative'" />
			</lido-cell>
			<lido-cell layout="pos" id="pos1" disable-edit="true" value="pos2" height="landscape.408px,portrait.327px" width="landscape.311px,portrait.294px" x="landscape.85%, portrait.640px" y="landscape.75%, portrait.172px" aria-hidden="true" bg-color="transparent" visible="true" onEntry="this.animation='rightToPlace 2.5s linear';">
				<lido-avatar id="lido-avatar" disable-edit="true" visible="true" height="100%" width="100%" src="template-assets/images/file-mc52s5f6.riv" alt-text="" />
			</lido-cell>
		</lido-cell>
	</lido-container>	

	<lido-container id="lido-container" exit-button-url="template-assets/buttons/file-mpu1fs4e.svg" prev-button-url="template-assets/buttons/file-1j8cgu3q.svg" next-button-url="template-assets/buttons/file-usryckwi.svg" speaker-button-url="template-assets/buttons/file-ijzlwhsa.svg" is-allow-only-correct="true" value="maincontainer" objective="किसी का,दिन अच्छा,बनाने के लिए,मुस्कुराएं,और,हैलो,कहें।" x="0" y="0" z="0" bg-color="transparent" bg-image="template-assets/bg-images/file-um2fhb4k.png" visible="true" onCorrect="lido-avatar.avatarAnimate='Success';qustionAudio.speak='true'; pos2.animation='placeToLeft 2.5s linear'; this.sleep='2000';" onEntry="" onInCorrect="lido-avatar.avatarAnimate='Fail'; this.sleep='2000';" show-check="false" is-continue-on-correct="false" appendToDropOnCompletion="true">
		<lido-cell visible="false" id="speak-con">
			<lido-text id="sentenceText" audio="" string="किसी का दिन अच्छा बनाने के लिए मुस्कुराएं और हैलो कहें।" />
		</lido-cell>
		<lido-cell id="row1" layout="col" height="100%" width="100%" visible="true" bg-Color="transparent">
            
			<lido-text tab-index="1" id="qustionAudio" margin="60px 0px -139px 0px" visible="true" bg-color="transparent" y="landscape.30px, portrait.79px" onEntry="this.padding='0px 45px'; this.fontWeight='600'; this.speak='true'" audio="game-assets/audio/file-ev8x4qqd.wav" width="auto" height="5%" string="सही क्रम में व्यवस्थित करें" font-family="'Baloo 2', serif" font-size="36px" z="2" />
			<lido-cell id="col" layout="col" disable-edit="true" value="pos" aria-hidden="true" x="0" y="0" z="0" bg-color="transparent" type="" visible="true" onTouch="" onCorrect="" width="100%" height="100%" onEntry="">
				<lido-cell id="pos2" layout="pos" disable-edit="true" value="pos" aria-hidden="true" x="0" y="landscape.29px,portrait.0px" z="0" bg-color="transparent" type="" visible="true" onTouch="" width="100%" height="100%" onEntry="this.animation='rightToPlace 2.5s linear'; this.sleep='2000';">
					<lido-image width="landscape.122%, portrait.145%" height="landscape.173%, portrait.70%" y="landscape.-32%, portrait.26%" x="landscape.-22%, portrait.-39%" id="image1" disable-edit="true" visible="true" src="template-assets/images/file-ut47nfid.png" onEntry="" />
					<lido-image width="landscape.16%, portrait.32%" y="landscape.17%, portrait.26%" x="landscape.40%, portrait.35%" z="2" id="image2" margin="-48px 0px 0px 0px" disable-edit="true" visible="true" src="game-assets/images/file-ydqrgnym.jpg" onEntry="" />
					<lido-cell layout="wrap" height="29%" visible="true" width="landscape.80%, portrait.88%" margin="-76px 0px 0px 0px" y="landscape.50%, portrait.48%" x="landscape.11%,portrait.7%" z="2" onEntry="this.gridTemplateColumns = 'repeat(4, 1fr)'; this.position='relative';this.gap='7px';" bg-color="transparent">
                        <lido-text id="drop_zone_1" drop-attr="stretch" value="किसी का" tab-index="2" is-allow-only-one-drop="true" visible="true" onEntry="this.background='transparent'; this.borderRadius='15px';" width="300px" height="80px" type="drop" />
						<lido-text id="drop_zone_2" drop-attr="stretch" value="दिन अच्छा" tab-index="3" is-allow-only-one-drop="true" visible="true" onEntry="this.background='transparent'; this.borderRadius='15px';" width="300px" height="80px" type="drop" />
						<lido-text id="drop_zone_3" drop-attr="stretch" value="बनाने के लिए" tab-index="4" is-allow-only-one-drop="true" visible="true" onEntry="this.background='transparent'; this.borderRadius='15px';" width="300px" height="80px" type="drop" />
						<lido-text id="drop_zone_4" drop-attr="stretch" value="मुस्कुराएं" tab-index="5" is-allow-only-one-drop="true" visible="true" onEntry="this.background='transparent'; this.borderRadius='15px';" width="300px" height="80px" type="drop" />
						<lido-text id="drop_zone_5" drop-attr="stretch" value="और" tab-index="6" is-allow-only-one-drop="true" visible="true" onEntry="this.background='transparent'; this.borderRadius='15px';" width="300px" height="80px" type="drop" />
						<lido-text id="drop_zone_6" drop-attr="stretch" value="हैलो" tab-index="7" is-allow-only-one-drop="true" visible="true" onEntry="this.background='transparent'; this.borderRadius='15px';" width="300px" height="80px" type="drop" />
						<lido-text id="drop_zone_7" drop-attr="stretch" value="कहें।" tab-index="8" is-allow-only-one-drop="true" visible="true" onEntry="this.background='transparent'; this.borderRadius='15px';" width="300px" height="80px" type="drop" />
                    </lido-cell>
				</lido-cell>
				<lido-cell layout="wrap" height="230px" delay-visible="2650" visible="true" margin="-78px 0px 0px -113px" width="landscape.80%, portrait.88%" y="landscape.65%, portrait.62%" x="landscape.4%,portrait.0px" z="2" onEntry="this.gridTemplateColumns = 'repeat(4, 1fr)';this.position='relative';this.gap='26px';">
                    <lido-text id="option_item_1" audio="game-assets/audio/file-v1ozb2p1.wav" value="दिन अच्छा" tab-index="9" visible="true" bg-color="#FCF3B1" onEntry="this.padding='0px 40px';this.borderRadius='25px'; this.boxShadow='unset'; this.fontWeight='800';" width="auto" height="84px" string="दिन अच्छा" font-family="'Baloo 2', serif" font-size="24px" z="2" type="drag" />
					<lido-text id="option_item_2" audio="game-assets/audio/file-ssifq01t.wav" value="हैलो" tab-index="10" visible="true" bg-color="#FCF3B1" onEntry="this.padding='0px 40px';this.borderRadius='25px'; this.boxShadow='unset'; this.fontWeight='800';" width="auto" height="84px" string="हैलो" font-family="'Baloo 2', serif" font-size="24px" z="2" type="drag" />
					<lido-text id="option_item_3" audio="game-assets/audio/file-3yuubnp1.wav" value="मुस्कुराएं" tab-index="11" visible="true" bg-color="#FCF3B1" onEntry="this.padding='0px 40px';this.borderRadius='25px'; this.boxShadow='unset'; this.fontWeight='800';" width="auto" height="84px" string="मुस्कुराएं" font-family="'Baloo 2', serif" font-size="24px" z="2" type="drag" />
					<lido-text id="option_item_4" audio="game-assets/audio/file-3708k8i5.wav" value="बनाने के लिए" tab-index="12" visible="true" bg-color="#FCF3B1" onEntry="this.padding='0px 40px';this.borderRadius='25px'; this.boxShadow='unset'; this.fontWeight='800';" width="auto" height="84px" string="बनाने के लिए" font-family="'Baloo 2', serif" font-size="24px" z="2" type="drag" />
					<lido-text id="option_item_5" audio="game-assets/audio/file-ha6gdq02.wav" value="कहें।" tab-index="13" visible="true" bg-color="#FCF3B1" onEntry="this.padding='0px 40px';this.borderRadius='25px'; this.boxShadow='unset'; this.fontWeight='800';" width="auto" height="84px" string="कहें।" font-family="'Baloo 2', serif" font-size="24px" z="2" type="drag" />
					<lido-text id="option_item_6" audio="game-assets/audio/file-7lrcued2.wav" value="किसी का" tab-index="14" visible="true" bg-color="#FCF3B1" onEntry="this.padding='0px 40px';this.borderRadius='25px'; this.boxShadow='unset'; this.fontWeight='800';" width="auto" height="84px" string="किसी का" font-family="'Baloo 2', serif" font-size="24px" z="2" type="drag" />
					<lido-text id="option_item_7" audio="game-assets/audio/file-9scgdo4j.wav" value="और" tab-index="15" visible="true" bg-color="#FCF3B1" onEntry="this.padding='0px 40px';this.borderRadius='25px'; this.boxShadow='unset'; this.fontWeight='800';" width="auto" height="84px" string="और" font-family="'Baloo 2', serif" font-size="24px" z="2" type="drag" />
				</lido-cell>
				<lido-cell layout="row" visible="true" width="landscape.70%, portrait.88%" y="landscape.21%, portrait.42%" x="0%" z="2" onEntry="this.position='relative'" />
			</lido-cell>
			<lido-cell layout="pos" id="pos1" disable-edit="true" value="pos2" height="landscape.408px,portrait.327px" width="landscape.311px,portrait.294px" x="landscape.85%, portrait.640px" y="landscape.75%, portrait.172px" aria-hidden="true" bg-color="transparent" visible="true" onEntry="this.animation='rightToPlace 2.5s linear';">
				<lido-avatar id="lido-avatar" disable-edit="true" visible="true" height="100%" width="100%" src="template-assets/images/file-mc52s5f6.riv" alt-text="" />
			</lido-cell>
		</lido-cell>
	</lido-container>	

	<lido-container id="lido-container" exit-button-url="template-assets/buttons/file-mpu1fs4e.svg" prev-button-url="template-assets/buttons/file-1j8cgu3q.svg" next-button-url="template-assets/buttons/file-usryckwi.svg" speaker-button-url="template-assets/buttons/file-ijzlwhsa.svg" is-allow-only-correct="true" value="maincontainer" objective="सुनें,दूसरों,का सम्मान,करें और,अपने विचार,प्यार से,शेयर करें।" x="0" y="0" z="0" bg-color="transparent" bg-image="template-assets/bg-images/file-um2fhb4k.png" visible="true" onCorrect="lido-avatar.avatarAnimate='Success';qustionAudio.speak='true'; pos2.animation='placeToLeft 2.5s linear'; this.sleep='2000';" onEntry="" onInCorrect="lido-avatar.avatarAnimate='Fail'; this.sleep='2000';" show-check="false" is-continue-on-correct="false" appendToDropOnCompletion="true">
		<lido-cell visible="false" id="speak-con">
			<lido-text id="sentenceText" audio="" string="सुनें दूसरों का सम्मान करें और अपने विचार प्यार से शेयर करें।" />
		</lido-cell>
		<lido-cell id="row1" layout="col" height="100%" width="100%" visible="true" bg-Color="transparent">
            
			<lido-text tab-index="1" id="qustionAudio" margin="60px 0px -139px 0px" visible="true" bg-color="transparent" y="landscape.30px, portrait.79px" onEntry="this.padding='0px 45px'; this.fontWeight='600'; this.speak='true'" audio="game-assets/audio/file-1k24cxvh.wav" width="auto" height="5%" string="इन शब्दों का उपयोग करें" font-family="'Baloo 2', serif" font-size="36px" z="2" />
			<lido-cell id="col" layout="col" disable-edit="true" value="pos" aria-hidden="true" x="0" y="0" z="0" bg-color="transparent" type="" visible="true" onTouch="" onCorrect="" width="100%" height="100%" onEntry="">
				<lido-cell id="pos2" layout="pos" disable-edit="true" value="pos" aria-hidden="true" x="0" y="landscape.29px,portrait.0px" z="0" bg-color="transparent" type="" visible="true" onTouch="" width="100%" height="100%" onEntry="this.animation='rightToPlace 2.5s linear'; this.sleep='2000';">
					<lido-image width="landscape.122%, portrait.145%" height="landscape.173%, portrait.70%" y="landscape.-32%, portrait.26%" x="landscape.-22%, portrait.-39%" id="image1" disable-edit="true" visible="true" src="template-assets/images/file-ut47nfid.png" onEntry="" />
					<lido-image width="landscape.16%, portrait.32%" y="landscape.17%, portrait.26%" x="landscape.40%, portrait.35%" z="2" id="image2" margin="-48px 0px 0px 0px" disable-edit="true" visible="true" src="game-assets/images/file-ydqrgnym.jpg" onEntry="" />
					<lido-cell layout="wrap" height="29%" visible="true" width="landscape.80%, portrait.88%" margin="-76px 0px 0px 0px" y="landscape.50%, portrait.48%" x="landscape.11%,portrait.7%" z="2" onEntry="this.gridTemplateColumns = 'repeat(4, 1fr)'; this.position='relative';this.gap='7px';" bg-color="transparent">
                        <lido-text id="drop_zone_1" drop-attr="stretch" value="सुनें" tab-index="2" is-allow-only-one-drop="true" visible="true" onEntry="this.background='transparent'; this.borderRadius='15px';" width="300px" height="80px" type="drop" />
						<lido-text id="drop_zone_2" drop-attr="stretch" value="दूसरों" tab-index="3" is-allow-only-one-drop="true" visible="true" onEntry="this.background='transparent'; this.borderRadius='15px';" width="300px" height="80px" type="drop" />
						<lido-text id="drop_zone_3" drop-attr="stretch" value="का सम्मान" tab-index="4" is-allow-only-one-drop="true" visible="true" onEntry="this.background='transparent'; this.borderRadius='15px';" width="300px" height="80px" type="drop" />
						<lido-text id="drop_zone_4" drop-attr="stretch" value="करें और" tab-index="5" is-allow-only-one-drop="true" visible="true" onEntry="this.background='transparent'; this.borderRadius='15px';" width="300px" height="80px" type="drop" />
						<lido-text id="drop_zone_5" drop-attr="stretch" value="अपने विचार" tab-index="6" is-allow-only-one-drop="true" visible="true" onEntry="this.background='transparent'; this.borderRadius='15px';" width="300px" height="80px" type="drop" />
						<lido-text id="drop_zone_6" drop-attr="stretch" value="प्यार से" tab-index="7" is-allow-only-one-drop="true" visible="true" onEntry="this.background='transparent'; this.borderRadius='15px';" width="300px" height="80px" type="drop" />
						<lido-text id="drop_zone_7" drop-attr="stretch" value="शेयर करें।" tab-index="8" is-allow-only-one-drop="true" visible="true" onEntry="this.background='transparent'; this.borderRadius='15px';" width="300px" height="80px" type="drop" />
                    </lido-cell>
				</lido-cell>
				<lido-cell layout="wrap" height="230px" delay-visible="2650" visible="true" margin="-78px 0px 0px -113px" width="landscape.80%, portrait.88%" y="landscape.65%, portrait.62%" x="landscape.4%,portrait.0px" z="2" onEntry="this.gridTemplateColumns = 'repeat(4, 1fr)';this.position='relative';this.gap='26px';">
                    <lido-text id="option_item_1" audio="game-assets/audio/file-58s0rtvy.wav" value="का सम्मान" tab-index="9" visible="true" bg-color="#FCF3B1" onEntry="this.padding='0px 40px';this.borderRadius='25px'; this.boxShadow='unset'; this.fontWeight='800';" width="auto" height="84px" string="का सम्मान" font-family="'Baloo 2', serif" font-size="24px" z="2" type="drag" />
					<lido-text id="option_item_2" audio="game-assets/audio/file-fwxfjb7s.wav" value="सुनें" tab-index="10" visible="true" bg-color="#FCF3B1" onEntry="this.padding='0px 40px';this.borderRadius='25px'; this.boxShadow='unset'; this.fontWeight='800';" width="auto" height="84px" string="सुनें" font-family="'Baloo 2', serif" font-size="24px" z="2" type="drag" />
					<lido-text id="option_item_3" audio="game-assets/audio/file-cc9zsnz2.wav" value="करें और" tab-index="11" visible="true" bg-color="#FCF3B1" onEntry="this.padding='0px 40px';this.borderRadius='25px'; this.boxShadow='unset'; this.fontWeight='800';" width="auto" height="84px" string="करें और" font-family="'Baloo 2', serif" font-size="24px" z="2" type="drag" />
					<lido-text id="option_item_4" audio="game-assets/audio/file-plp2vror.wav" value="प्यार से" tab-index="12" visible="true" bg-color="#FCF3B1" onEntry="this.padding='0px 40px';this.borderRadius='25px'; this.boxShadow='unset'; this.fontWeight='800';" width="auto" height="84px" string="प्यार से" font-family="'Baloo 2', serif" font-size="24px" z="2" type="drag" />
					<lido-text id="option_item_5" audio="game-assets/audio/file-7d09m1ix.wav" value="अपने विचार" tab-index="13" visible="true" bg-color="#FCF3B1" onEntry="this.padding='0px 40px';this.borderRadius='25px'; this.boxShadow='unset'; this.fontWeight='800';" width="auto" height="84px" string="अपने विचार" font-family="'Baloo 2', serif" font-size="24px" z="2" type="drag" />
					<lido-text id="option_item_6" audio="game-assets/audio/file-u9ryh9ek.wav" value="दूसरों" tab-index="14" visible="true" bg-color="#FCF3B1" onEntry="this.padding='0px 40px';this.borderRadius='25px'; this.boxShadow='unset'; this.fontWeight='800';" width="auto" height="84px" string="दूसरों" font-family="'Baloo 2', serif" font-size="24px" z="2" type="drag" />
					<lido-text id="option_item_7" audio="game-assets/audio/file-zwrywy6k.wav" value="शेयर करें।" tab-index="15" visible="true" bg-color="#FCF3B1" onEntry="this.padding='0px 40px';this.borderRadius='25px'; this.boxShadow='unset'; this.fontWeight='800';" width="auto" height="84px" string="शेयर करें।" font-family="'Baloo 2', serif" font-size="24px" z="2" type="drag" />
				</lido-cell>
				<lido-cell layout="row" visible="true" width="landscape.70%, portrait.88%" y="landscape.21%, portrait.42%" x="0%" z="2" onEntry="this.position='relative'" />
			</lido-cell>
			<lido-cell layout="pos" id="pos1" disable-edit="true" value="pos2" height="landscape.408px,portrait.327px" width="landscape.311px,portrait.294px" x="landscape.85%, portrait.640px" y="landscape.75%, portrait.172px" aria-hidden="true" bg-color="transparent" visible="true" onEntry="this.animation='rightToPlace 2.5s linear';">
				<lido-avatar id="lido-avatar" disable-edit="true" visible="true" height="100%" width="100%" src="template-assets/images/file-mc52s5f6.riv" alt-text="" />
			</lido-cell>
		</lido-cell>
	</lido-container>	

	<lido-container id="lido-container" exit-button-url="template-assets/buttons/file-mpu1fs4e.svg" prev-button-url="template-assets/buttons/file-1j8cgu3q.svg" next-button-url="template-assets/buttons/file-usryckwi.svg" speaker-button-url="template-assets/buttons/file-ijzlwhsa.svg" is-allow-only-correct="true" value="maincontainer" objective="मैं अपने,दोस्तों,और,परिवार,से प्यार,से बात,करता हूँ।" x="0" y="0" z="0" bg-color="transparent" bg-image="template-assets/bg-images/file-um2fhb4k.png" visible="true" onCorrect="lido-avatar.avatarAnimate='Success';qustionAudio.speak='true'; pos2.animation='placeToLeft 2.5s linear'; this.sleep='2000';" onEntry="" onInCorrect="lido-avatar.avatarAnimate='Fail'; this.sleep='2000';" show-check="false" is-continue-on-correct="false" appendToDropOnCompletion="true">
		<lido-cell visible="false" id="speak-con">
			<lido-text id="sentenceText" audio="" string="मैं अपने दोस्तों और परिवार से प्यार से बात करता हूँ।" />
		</lido-cell>
		<lido-cell id="row1" layout="col" height="100%" width="100%" visible="true" bg-Color="transparent">
            
			<lido-text tab-index="1" id="qustionAudio" margin="60px 0px -139px 0px" visible="true" bg-color="transparent" y="landscape.30px, portrait.79px" onEntry="this.padding='0px 45px'; this.fontWeight='600'; this.speak='true'" audio="game-assets/audio/file-7nenc7u9.wav" width="auto" height="5%" string="वाक्य तैयार करें" font-family="'Baloo 2', serif" font-size="36px" z="2" />
			<lido-cell id="col" layout="col" disable-edit="true" value="pos" aria-hidden="true" x="0" y="0" z="0" bg-color="transparent" type="" visible="true" onTouch="" onCorrect="" width="100%" height="100%" onEntry="">
				<lido-cell id="pos2" layout="pos" disable-edit="true" value="pos" aria-hidden="true" x="0" y="landscape.29px,portrait.0px" z="0" bg-color="transparent" type="" visible="true" onTouch="" width="100%" height="100%" onEntry="this.animation='rightToPlace 2.5s linear'; this.sleep='2000';">
					<lido-image width="landscape.122%, portrait.145%" height="landscape.173%, portrait.70%" y="landscape.-32%, portrait.26%" x="landscape.-22%, portrait.-39%" id="image1" disable-edit="true" visible="true" src="template-assets/images/file-ut47nfid.png" onEntry="" />
					<lido-image width="landscape.16%, portrait.32%" y="landscape.17%, portrait.26%" x="landscape.40%, portrait.35%" z="2" id="image2" margin="-48px 0px 0px 0px" disable-edit="true" visible="true" src="game-assets/images/file-ydqrgnym.jpg" onEntry="" />
					<lido-cell layout="wrap" height="29%" visible="true" width="landscape.80%, portrait.88%" margin="-76px 0px 0px 0px" y="landscape.50%, portrait.48%" x="landscape.11%,portrait.7%" z="2" onEntry="this.gridTemplateColumns = 'repeat(4, 1fr)'; this.position='relative';this.gap='7px';" bg-color="transparent">
                        <lido-text id="drop_zone_1" drop-attr="stretch" value="मैं अपने" tab-index="2" is-allow-only-one-drop="true" visible="true" onEntry="this.background='transparent'; this.borderRadius='15px';" width="300px" height="80px" type="drop" />
						<lido-text id="drop_zone_2" drop-attr="stretch" value="दोस्तों" tab-index="3" is-allow-only-one-drop="true" visible="true" onEntry="this.background='transparent'; this.borderRadius='15px';" width="300px" height="80px" type="drop" />
						<lido-text id="drop_zone_3" drop-attr="stretch" value="और" tab-index="4" is-allow-only-one-drop="true" visible="true" onEntry="this.background='transparent'; this.borderRadius='15px';" width="300px" height="80px" type="drop" />
						<lido-text id="drop_zone_4" drop-attr="stretch" value="परिवार" tab-index="5" is-allow-only-one-drop="true" visible="true" onEntry="this.background='transparent'; this.borderRadius='15px';" width="300px" height="80px" type="drop" />
						<lido-text id="drop_zone_5" drop-attr="stretch" value="से प्यार" tab-index="6" is-allow-only-one-drop="true" visible="true" onEntry="this.background='transparent'; this.borderRadius='15px';" width="300px" height="80px" type="drop" />
						<lido-text id="drop_zone_6" drop-attr="stretch" value="से बात" tab-index="7" is-allow-only-one-drop="true" visible="true" onEntry="this.background='transparent'; this.borderRadius='15px';" width="300px" height="80px" type="drop" />
						<lido-text id="drop_zone_7" drop-attr="stretch" value="करता हूँ।" tab-index="8" is-allow-only-one-drop="true" visible="true" onEntry="this.background='transparent'; this.borderRadius='15px';" width="300px" height="80px" type="drop" />
                    </lido-cell>
				</lido-cell>
				<lido-cell layout="wrap" height="230px" delay-visible="2650" visible="true" margin="-78px 0px 0px -113px" width="landscape.80%, portrait.88%" y="landscape.65%, portrait.62%" x="landscape.4%,portrait.0px" z="2" onEntry="this.gridTemplateColumns = 'repeat(4, 1fr)';this.position='relative';this.gap='26px';">
                    <lido-text id="option_item_1" audio="game-assets/audio/file-am4gais1.wav" value="दोस्तों" tab-index="9" visible="true" bg-color="#FCF3B1" onEntry="this.padding='0px 40px';this.borderRadius='25px'; this.boxShadow='unset'; this.fontWeight='800';" width="auto" height="84px" string="दोस्तों" font-family="'Baloo 2', serif" font-size="24px" z="2" type="drag" />
					<lido-text id="option_item_2" audio="game-assets/audio/file-qkgn7kfy.wav" value="से प्यार" tab-index="10" visible="true" bg-color="#FCF3B1" onEntry="this.padding='0px 40px';this.borderRadius='25px'; this.boxShadow='unset'; this.fontWeight='800';" width="auto" height="84px" string="से प्यार" font-family="'Baloo 2', serif" font-size="24px" z="2" type="drag" />
					<lido-text id="option_item_3" audio="game-assets/audio/file-x01x6mme.wav" value="करता हूँ।" tab-index="11" visible="true" bg-color="#FCF3B1" onEntry="this.padding='0px 40px';this.borderRadius='25px'; this.boxShadow='unset'; this.fontWeight='800';" width="auto" height="84px" string="करता हूँ।" font-family="'Baloo 2', serif" font-size="24px" z="2" type="drag" />
					<lido-text id="option_item_4" audio="game-assets/audio/file-5ax43i8i.wav" value="मैं अपने" tab-index="12" visible="true" bg-color="#FCF3B1" onEntry="this.padding='0px 40px';this.borderRadius='25px'; this.boxShadow='unset'; this.fontWeight='800';" width="auto" height="84px" string="मैं अपने" font-family="'Baloo 2', serif" font-size="24px" z="2" type="drag" />
					<lido-text id="option_item_5" audio="game-assets/audio/file-q8hrigzo.wav" value="परिवार" tab-index="13" visible="true" bg-color="#FCF3B1" onEntry="this.padding='0px 40px';this.borderRadius='25px'; this.boxShadow='unset'; this.fontWeight='800';" width="auto" height="84px" string="परिवार" font-family="'Baloo 2', serif" font-size="24px" z="2" type="drag" />
					<lido-text id="option_item_6" audio="game-assets/audio/file-9scgdo4j.wav" value="और" tab-index="14" visible="true" bg-color="#FCF3B1" onEntry="this.padding='0px 40px';this.borderRadius='25px'; this.boxShadow='unset'; this.fontWeight='800';" width="auto" height="84px" string="और" font-family="'Baloo 2', serif" font-size="24px" z="2" type="drag" />
					<lido-text id="option_item_7" audio="game-assets/audio/file-6q2etn2n.wav" value="से बात" tab-index="15" visible="true" bg-color="#FCF3B1" onEntry="this.padding='0px 40px';this.borderRadius='25px'; this.boxShadow='unset'; this.fontWeight='800';" width="auto" height="84px" string="से बात" font-family="'Baloo 2', serif" font-size="24px" z="2" type="drag" />
				</lido-cell>
				<lido-cell layout="row" visible="true" width="landscape.70%, portrait.88%" y="landscape.21%, portrait.42%" x="0%" z="2" onEntry="this.position='relative'" />
			</lido-cell>
			<lido-cell layout="pos" id="pos1" disable-edit="true" value="pos2" height="landscape.408px,portrait.327px" width="landscape.311px,portrait.294px" x="landscape.85%, portrait.640px" y="landscape.75%, portrait.172px" aria-hidden="true" bg-color="transparent" visible="true" onEntry="this.animation='rightToPlace 2.5s linear';">
				<lido-avatar id="lido-avatar" disable-edit="true" visible="true" height="100%" width="100%" src="template-assets/images/file-mc52s5f6.riv" alt-text="" />
			</lido-cell>
		</lido-cell>
	</lido-container>	

	<lido-container id="lido-container" exit-button-url="template-assets/buttons/file-mpu1fs4e.svg" prev-button-url="template-assets/buttons/file-1j8cgu3q.svg" next-button-url="template-assets/buttons/file-usryckwi.svg" speaker-button-url="template-assets/buttons/file-ijzlwhsa.svg" is-allow-only-correct="true" value="maincontainer" objective="मेरे काम,में मेरी,मदद,करने के,लिए,धन्यवाद।" x="0" y="0" z="0" bg-color="transparent" bg-image="template-assets/bg-images/file-um2fhb4k.png" visible="true" onCorrect="lido-avatar.avatarAnimate='Success';qustionAudio.speak='true'; pos2.animation='placeToLeft 2.5s linear'; this.sleep='2000';" onEntry="" onInCorrect="lido-avatar.avatarAnimate='Fail'; this.sleep='2000';" show-check="false" is-continue-on-correct="false" appendToDropOnCompletion="true">
		<lido-cell visible="false" id="speak-con">
			<lido-text id="sentenceText" audio="" string="मेरे काम में मेरी मदद करने के लिए धन्यवाद।" />
		</lido-cell>
		<lido-cell id="row1" layout="col" height="100%" width="100%" visible="true" bg-Color="transparent">
            
			<lido-text tab-index="1" id="qustionAudio" margin="60px 0px -139px 0px" visible="true" bg-color="transparent" y="landscape.30px, portrait.79px" onEntry="this.padding='0px 45px'; this.fontWeight='600'; this.speak='true'" audio="game-assets/audio/file-a3x99ql0.wav" width="auto" height="5%" string="शब्दों का अर्थपूर्ण क्रम बनाइए" font-family="'Baloo 2', serif" font-size="36px" z="2" />
			<lido-cell id="col" layout="col" disable-edit="true" value="pos" aria-hidden="true" x="0" y="0" z="0" bg-color="transparent" type="" visible="true" onTouch="" onCorrect="" width="100%" height="100%" onEntry="">
				<lido-cell id="pos2" layout="pos" disable-edit="true" value="pos" aria-hidden="true" x="0" y="landscape.29px,portrait.0px" z="0" bg-color="transparent" type="" visible="true" onTouch="" width="100%" height="100%" onEntry="this.animation='rightToPlace 2.5s linear'; this.sleep='2000';">
					<lido-image width="landscape.122%, portrait.145%" height="landscape.173%, portrait.70%" y="landscape.-32%, portrait.26%" x="landscape.-22%, portrait.-39%" id="image1" disable-edit="true" visible="true" src="template-assets/images/file-ut47nfid.png" onEntry="" />
					<lido-image width="landscape.16%, portrait.32%" y="landscape.17%, portrait.26%" x="landscape.40%, portrait.35%" z="2" id="image2" margin="-48px 0px 0px 0px" disable-edit="true" visible="true" src="game-assets/images/file-ydqrgnym.jpg" onEntry="" />
					<lido-cell layout="wrap" height="29%" visible="true" width="landscape.80%, portrait.88%" margin="-76px 0px 0px 0px" y="landscape.50%, portrait.48%" x="landscape.11%,portrait.7%" z="2" onEntry="this.gridTemplateColumns = 'repeat(4, 1fr)'; this.position='relative';this.gap='7px';" bg-color="transparent">
                        <lido-text id="drop_zone_1" drop-attr="stretch" value="मेरे काम" tab-index="2" is-allow-only-one-drop="true" visible="true" onEntry="this.background='transparent'; this.borderRadius='15px';" width="300px" height="80px" type="drop" />
						<lido-text id="drop_zone_2" drop-attr="stretch" value="में मेरी" tab-index="3" is-allow-only-one-drop="true" visible="true" onEntry="this.background='transparent'; this.borderRadius='15px';" width="300px" height="80px" type="drop" />
						<lido-text id="drop_zone_3" drop-attr="stretch" value="मदद" tab-index="4" is-allow-only-one-drop="true" visible="true" onEntry="this.background='transparent'; this.borderRadius='15px';" width="300px" height="80px" type="drop" />
						<lido-text id="drop_zone_4" drop-attr="stretch" value="करने के" tab-index="5" is-allow-only-one-drop="true" visible="true" onEntry="this.background='transparent'; this.borderRadius='15px';" width="300px" height="80px" type="drop" />
						<lido-text id="drop_zone_5" drop-attr="stretch" value="लिए" tab-index="6" is-allow-only-one-drop="true" visible="true" onEntry="this.background='transparent'; this.borderRadius='15px';" width="300px" height="80px" type="drop" />
						<lido-text id="drop_zone_6" drop-attr="stretch" value="धन्यवाद।" tab-index="7" is-allow-only-one-drop="true" visible="true" onEntry="this.background='transparent'; this.borderRadius='15px';" width="300px" height="80px" type="drop" />
                    </lido-cell>
				</lido-cell>
				<lido-cell layout="wrap" height="230px" delay-visible="2650" visible="true" margin="-78px 0px 0px -113px" width="landscape.80%, portrait.88%" y="landscape.65%, portrait.62%" x="landscape.4%,portrait.0px" z="2" onEntry="this.gridTemplateColumns = 'repeat(4, 1fr)';this.position='relative';this.gap='26px';">
                    <lido-text id="option_item_1" audio="game-assets/audio/file-21yhgrnr.wav" value="लिए" tab-index="8" visible="true" bg-color="#FCF3B1" onEntry="this.padding='0px 40px';this.borderRadius='25px'; this.boxShadow='unset'; this.fontWeight='800';" width="auto" height="84px" string="लिए" font-family="'Baloo 2', serif" font-size="24px" z="2" type="drag" />
					<lido-text id="option_item_2" audio="game-assets/audio/file-6opkn0s0.wav" value="मेरे काम" tab-index="9" visible="true" bg-color="#FCF3B1" onEntry="this.padding='0px 40px';this.borderRadius='25px'; this.boxShadow='unset'; this.fontWeight='800';" width="auto" height="84px" string="मेरे काम" font-family="'Baloo 2', serif" font-size="24px" z="2" type="drag" />
					<lido-text id="option_item_3" audio="game-assets/audio/file-7j4ay0dj.wav" value="मदद" tab-index="10" visible="true" bg-color="#FCF3B1" onEntry="this.padding='0px 40px';this.borderRadius='25px'; this.boxShadow='unset'; this.fontWeight='800';" width="auto" height="84px" string="मदद" font-family="'Baloo 2', serif" font-size="24px" z="2" type="drag" />
					<lido-text id="option_item_4" audio="game-assets/audio/file-b2kn4maq.wav" value="धन्यवाद।" tab-index="11" visible="true" bg-color="#FCF3B1" onEntry="this.padding='0px 40px';this.borderRadius='25px'; this.boxShadow='unset'; this.fontWeight='800';" width="auto" height="84px" string="धन्यवाद।" font-family="'Baloo 2', serif" font-size="24px" z="2" type="drag" />
					<lido-text id="option_item_5" audio="game-assets/audio/file-8z7zh2k4.wav" value="में मेरी" tab-index="12" visible="true" bg-color="#FCF3B1" onEntry="this.padding='0px 40px';this.borderRadius='25px'; this.boxShadow='unset'; this.fontWeight='800';" width="auto" height="84px" string="में मेरी" font-family="'Baloo 2', serif" font-size="24px" z="2" type="drag" />
					<lido-text id="option_item_6" audio="game-assets/audio/file-3ag6rjth.wav" value="करने के" tab-index="13" visible="true" bg-color="#FCF3B1" onEntry="this.padding='0px 40px';this.borderRadius='25px'; this.boxShadow='unset'; this.fontWeight='800';" width="auto" height="84px" string="करने के" font-family="'Baloo 2', serif" font-size="24px" z="2" type="drag" />
				</lido-cell>
				<lido-cell layout="row" visible="true" width="landscape.70%, portrait.88%" y="landscape.21%, portrait.42%" x="0%" z="2" onEntry="this.position='relative'" />
			</lido-cell>
			<lido-cell layout="pos" id="pos1" disable-edit="true" value="pos2" height="landscape.408px,portrait.327px" width="landscape.311px,portrait.294px" x="landscape.85%, portrait.640px" y="landscape.75%, portrait.172px" aria-hidden="true" bg-color="transparent" visible="true" onEntry="this.animation='rightToPlace 2.5s linear';">
				<lido-avatar id="lido-avatar" disable-edit="true" visible="true" height="100%" width="100%" src="template-assets/images/file-mc52s5f6.riv" alt-text="" />
			</lido-cell>
		</lido-cell>
	</lido-container>	

	<lido-container id="lido-container" exit-button-url="template-assets/buttons/file-mpu1fs4e.svg" prev-button-url="template-assets/buttons/file-1j8cgu3q.svg" next-button-url="template-assets/buttons/file-usryckwi.svg" speaker-button-url="template-assets/buttons/file-ijzlwhsa.svg" is-allow-only-correct="true" value="maincontainer" objective="बॉडी लैंग्वेज,से भावनाएं,और हम,कितनी,परवाह करते,हैं,यह पता" x="0" y="0" z="0" bg-color="transparent" bg-image="template-assets/bg-images/file-um2fhb4k.png" visible="true" onCorrect="lido-avatar.avatarAnimate='Success';qustionAudio.speak='true'; pos2.animation='placeToLeft 2.5s linear'; this.sleep='2000';" onEntry="" onInCorrect="lido-avatar.avatarAnimate='Fail'; this.sleep='2000';" show-check="false" is-continue-on-correct="false" appendToDropOnCompletion="true">
		<lido-cell visible="false" id="speak-con">
			<lido-text id="sentenceText" audio="" string="बॉडी लैंग्वेज से भावनाएं और हम कितनी परवाह करते हैं यह पता" />
		</lido-cell>
		<lido-cell id="row1" layout="col" height="100%" width="100%" visible="true" bg-Color="transparent">
            
			<lido-text tab-index="1" id="qustionAudio" margin="60px 0px -139px 0px" visible="true" bg-color="transparent" y="landscape.30px, portrait.79px" onEntry="this.padding='0px 45px'; this.fontWeight='600'; this.speak='true'" audio="game-assets/audio/file-g3astssu.wav" width="auto" height="5%" string="वाक्य बनाइए" font-family="'Baloo 2', serif" font-size="36px" z="2" />
			<lido-cell id="col" layout="col" disable-edit="true" value="pos" aria-hidden="true" x="0" y="0" z="0" bg-color="transparent" type="" visible="true" onTouch="" onCorrect="" width="100%" height="100%" onEntry="">
				<lido-cell id="pos2" layout="pos" disable-edit="true" value="pos" aria-hidden="true" x="0" y="landscape.29px,portrait.0px" z="0" bg-color="transparent" type="" visible="true" onTouch="" width="100%" height="100%" onEntry="this.animation='rightToPlace 2.5s linear'; this.sleep='2000';">
					<lido-image width="landscape.122%, portrait.145%" height="landscape.173%, portrait.70%" y="landscape.-32%, portrait.26%" x="landscape.-22%, portrait.-39%" id="image1" disable-edit="true" visible="true" src="template-assets/images/file-ut47nfid.png" onEntry="" />
					<lido-image width="landscape.16%, portrait.32%" y="landscape.17%, portrait.26%" x="landscape.40%, portrait.35%" z="2" id="image2" margin="-48px 0px 0px 0px" disable-edit="true" visible="true" src="game-assets/images/file-ydqrgnym.jpg" onEntry="" />
					<lido-cell layout="wrap" height="29%" visible="true" width="landscape.80%, portrait.88%" margin="-76px 0px 0px 0px" y="landscape.50%, portrait.48%" x="landscape.11%,portrait.7%" z="2" onEntry="this.gridTemplateColumns = 'repeat(4, 1fr)'; this.position='relative';this.gap='7px';" bg-color="transparent">
                        <lido-text id="drop_zone_1" drop-attr="stretch" value="बॉडी लैंग्वेज" tab-index="2" is-allow-only-one-drop="true" visible="true" onEntry="this.background='transparent'; this.borderRadius='15px';" width="300px" height="80px" type="drop" />
						<lido-text id="drop_zone_2" drop-attr="stretch" value="से भावनाएं" tab-index="3" is-allow-only-one-drop="true" visible="true" onEntry="this.background='transparent'; this.borderRadius='15px';" width="300px" height="80px" type="drop" />
						<lido-text id="drop_zone_3" drop-attr="stretch" value="और हम" tab-index="4" is-allow-only-one-drop="true" visible="true" onEntry="this.background='transparent'; this.borderRadius='15px';" width="300px" height="80px" type="drop" />
						<lido-text id="drop_zone_4" drop-attr="stretch" value="कितनी" tab-index="5" is-allow-only-one-drop="true" visible="true" onEntry="this.background='transparent'; this.borderRadius='15px';" width="300px" height="80px" type="drop" />
						<lido-text id="drop_zone_5" drop-attr="stretch" value="परवाह करते" tab-index="6" is-allow-only-one-drop="true" visible="true" onEntry="this.background='transparent'; this.borderRadius='15px';" width="300px" height="80px" type="drop" />
						<lido-text id="drop_zone_6" drop-attr="stretch" value="हैं" tab-index="7" is-allow-only-one-drop="true" visible="true" onEntry="this.background='transparent'; this.borderRadius='15px';" width="300px" height="80px" type="drop" />
						<lido-text id="drop_zone_7" drop-attr="stretch" value="यह पता" tab-index="8" is-allow-only-one-drop="true" visible="true" onEntry="this.background='transparent'; this.borderRadius='15px';" width="300px" height="80px" type="drop" />
                    </lido-cell>
				</lido-cell>
				<lido-cell layout="wrap" height="230px" delay-visible="2650" visible="true" margin="-78px 0px 0px -113px" width="landscape.80%, portrait.88%" y="landscape.65%, portrait.62%" x="landscape.4%,portrait.0px" z="2" onEntry="this.gridTemplateColumns = 'repeat(4, 1fr)';this.position='relative';this.gap='26px';">
                    <lido-text id="option_item_1" audio="game-assets/audio/file-mz14771g.wav" value="यह पता" tab-index="9" visible="true" bg-color="#FCF3B1" onEntry="this.padding='0px 40px';this.borderRadius='25px'; this.boxShadow='unset'; this.fontWeight='800';" width="auto" height="84px" string="यह पता" font-family="'Baloo 2', serif" font-size="24px" z="2" type="drag" />
					<lido-text id="option_item_2" audio="game-assets/audio/file-fjq1c2oi.wav" value="से भावनाएं" tab-index="10" visible="true" bg-color="#FCF3B1" onEntry="this.padding='0px 40px';this.borderRadius='25px'; this.boxShadow='unset'; this.fontWeight='800';" width="auto" height="84px" string="से भावनाएं" font-family="'Baloo 2', serif" font-size="24px" z="2" type="drag" />
					<lido-text id="option_item_3" audio="game-assets/audio/file-zk140gkw.wav" value="परवाह करते" tab-index="11" visible="true" bg-color="#FCF3B1" onEntry="this.padding='0px 40px';this.borderRadius='25px'; this.boxShadow='unset'; this.fontWeight='800';" width="auto" height="84px" string="परवाह करते" font-family="'Baloo 2', serif" font-size="24px" z="2" type="drag" />
					<lido-text id="option_item_4" audio="game-assets/audio/file-nwmaei8p.wav" value="बॉडी लैंग्वेज" tab-index="12" visible="true" bg-color="#FCF3B1" onEntry="this.padding='0px 40px';this.borderRadius='25px'; this.boxShadow='unset'; this.fontWeight='800';" width="auto" height="84px" string="बॉडी लैंग्वेज" font-family="'Baloo 2', serif" font-size="24px" z="2" type="drag" />
					<lido-text id="option_item_5" audio="game-assets/audio/file-cqc0m1ln.wav" value="कितनी" tab-index="13" visible="true" bg-color="#FCF3B1" onEntry="this.padding='0px 40px';this.borderRadius='25px'; this.boxShadow='unset'; this.fontWeight='800';" width="auto" height="84px" string="कितनी" font-family="'Baloo 2', serif" font-size="24px" z="2" type="drag" />
					<lido-text id="option_item_6" audio="game-assets/audio/file-jq0hlq2t.wav" value="और हम" tab-index="14" visible="true" bg-color="#FCF3B1" onEntry="this.padding='0px 40px';this.borderRadius='25px'; this.boxShadow='unset'; this.fontWeight='800';" width="auto" height="84px" string="और हम" font-family="'Baloo 2', serif" font-size="24px" z="2" type="drag" />
					<lido-text id="option_item_7" audio="game-assets/audio/file-8u7lxwcg.wav" value="हैं" tab-index="15" visible="true" bg-color="#FCF3B1" onEntry="this.padding='0px 40px';this.borderRadius='25px'; this.boxShadow='unset'; this.fontWeight='800';" width="auto" height="84px" string="हैं" font-family="'Baloo 2', serif" font-size="24px" z="2" type="drag" />
				</lido-cell>
				<lido-cell layout="row" visible="true" width="landscape.70%, portrait.88%" y="landscape.21%, portrait.42%" x="0%" z="2" onEntry="this.position='relative'" />
			</lido-cell>
			<lido-cell layout="pos" id="pos1" disable-edit="true" value="pos2" height="landscape.408px,portrait.327px" width="landscape.311px,portrait.294px" x="landscape.85%, portrait.640px" y="landscape.75%, portrait.172px" aria-hidden="true" bg-color="transparent" visible="true" onEntry="this.animation='rightToPlace 2.5s linear';">
				<lido-avatar id="lido-avatar" disable-edit="true" visible="true" height="100%" width="100%" src="template-assets/images/file-mc52s5f6.riv" alt-text="" />
			</lido-cell>
		</lido-cell>
	</lido-container>	

            <lido-container id="lido-container" objective="" tab-index="1" value="mainContainer1" bg-image="template-assets/bg-images/file-sjlrx9gc.png" height="1600px" width="900px" bg-color="transparent" visible="true" onCorrect="lido-avatar.avatarAnimate='Success'; this.sleep='2000';" onEntry="this.justifyContent='space-around';" onInCorrect="lido-avatar.avatarAnimate='Fail'; this.sleep='2000';" show-check="false" is-continue-on-correct="true" after-drop="false" show-next-button="true" exit-button-url="template-assets/buttons/file-mpu1fs4e.svg" prev-button-url="template-assets/buttons/file-1j8cgu3q.svg" next-button-url="template-assets/buttons/file-usryckwi.svg" speaker-button-url="template-assets/buttons/file-ijzlwhsa.svg">

                
                <lido-cell layout="pos" id="pos1" disable-edit="true" value="pos1" height="landscape.600px, portrait.700px" width="landscape.393px, portrait.485px" x="landscape.-24px, portrait.465px" y="landscape.385px, portrait.983px" aria-hidden="true" z="1" bg-color="transparent" visible="true" onEntry="this.flex-shrink='0';">
                    <lido-avatar id="lido-avatar" disable-edit="true" visible="true" height="inherit" width="inherit" src="template-assets/images/file-mc52s5f6.riv" alt-text="" onEntry="">
                    </lido-avatar>
                </lido-cell>

                
                <lido-cell layout="pos" id="pos2" disable-edit="true" value="pos2" width="landscape.594px, portrait.754px" height="landscape.725px, portrait.925px" x="landscape.519px, portrait.73px" y="landscape.127px, portrait.172px" aria-hidden="true" z="1" bg-color="transparent" visible="true" onEntry="this.flex-shrink='0';">
                    <lido-flash-card x="50" y="100" width="landscape.594px, portrait.754px" height="landscape.725px, portrait.925px" bg-color="transparent" onEntry="this.border-radius='32px';" onTouch="">
                        <lido-cell layout="col" id="col1" audio="game-assets/audio/file-q7ty668k.wav" slot="front" disable-edit="true" visible="true" width="landscape.594px, portrait.754px" height="landscape.910px, portrait.925px" bg-color="white" type="" tab-index="2" dropAttr="diagonal" onEntry="this.border-radius=32px; this.padding='8px 8px 16px 8px';" y="landscape.5px,portrait.10px">
                            <lido-text id="txt1" width="553px" height="217px" display="flex" onEntry="this.textAlign='center'; this.flexDirection='column'; this.justifyContent='center'; this.alignItems='center'; this.flexShrink='0';" font-family="'Baloo Bhai 2'" font-size="52px" z="1" font-color="black" font-weight="500" color="#303030" string="सुनना" visible="true" y="landscape.15px, portrait.15px" bg-color="white" margin="landscape.45px 0px 45px 0px, portrait.45px 0px 45px 0px" />
                        </lido-cell>
                        <lido-cell layout="col" tab-index="3" id="col2" slot="back" disable-edit="true" visible="true" width="landscape.594px, portrait.754px" height="landscape.910px, portrait.925px" bg-color="white" type="" dropAttr="diagonal" onEntry="this.border-radius=32px; this.padding='8px 8px 16px 8px';" y="landscape.,portrait.">
                            <lido-image visible="true" src="game-assets/images/file-l1iu97nq.jpg" z="1" width="landscape.578px, portrait.738px" height="landscape.578px, portrait.738px" onEntry="this.flex-shrink='0';" border-radius="24px 24px 6px 6px" alt-text="" />
                        </lido-cell>
                    </lido-flash-card>
                </lido-cell>
            </lido-container>
        
            <lido-container id="lido-container" objective="" tab-index="1" value="mainContainer1" bg-image="template-assets/bg-images/file-sjlrx9gc.png" height="1600px" width="900px" bg-color="transparent" visible="true" onCorrect="lido-avatar.avatarAnimate='Success'; this.sleep='2000';" onEntry="this.justifyContent='space-around';" onInCorrect="lido-avatar.avatarAnimate='Fail'; this.sleep='2000';" show-check="false" is-continue-on-correct="true" after-drop="false" show-next-button="true" exit-button-url="template-assets/buttons/file-mpu1fs4e.svg" prev-button-url="template-assets/buttons/file-1j8cgu3q.svg" next-button-url="template-assets/buttons/file-usryckwi.svg" speaker-button-url="template-assets/buttons/file-ijzlwhsa.svg">

                
                <lido-cell layout="pos" id="pos1" disable-edit="true" value="pos1" height="landscape.600px, portrait.700px" width="landscape.393px, portrait.485px" x="landscape.-24px, portrait.465px" y="landscape.385px, portrait.983px" aria-hidden="true" z="1" bg-color="transparent" visible="true" onEntry="this.flex-shrink='0';">
                    <lido-avatar id="lido-avatar" disable-edit="true" visible="true" height="inherit" width="inherit" src="template-assets/images/file-mc52s5f6.riv" alt-text="" onEntry="">
                    </lido-avatar>
                </lido-cell>

                
                <lido-cell layout="pos" id="pos2" disable-edit="true" value="pos2" width="landscape.594px, portrait.754px" height="landscape.725px, portrait.925px" x="landscape.519px, portrait.73px" y="landscape.127px, portrait.172px" aria-hidden="true" z="1" bg-color="transparent" visible="true" onEntry="this.flex-shrink='0';">
                    <lido-flash-card x="50" y="100" width="landscape.594px, portrait.754px" height="landscape.725px, portrait.925px" bg-color="transparent" onEntry="this.border-radius='32px';" onTouch="">
                        <lido-cell layout="col" id="col1" audio="game-assets/audio/file-j0gf67dc.wav" slot="front" disable-edit="true" visible="true" width="landscape.594px, portrait.754px" height="landscape.910px, portrait.925px" bg-color="white" type="" tab-index="2" dropAttr="diagonal" onEntry="this.border-radius=32px; this.padding='8px 8px 16px 8px';" y="landscape.5px,portrait.10px">
                            <lido-text id="txt1" width="553px" height="217px" display="flex" onEntry="this.textAlign='center'; this.flexDirection='column'; this.justifyContent='center'; this.alignItems='center'; this.flexShrink='0';" font-family="'Baloo Bhai 2'" font-size="52px" z="1" font-color="black" font-weight="500" color="#303030" string="विनम्रता से बोलना" visible="true" y="landscape.15px, portrait.15px" bg-color="white" margin="landscape.45px 0px 45px 0px, portrait.45px 0px 45px 0px" />
                        </lido-cell>
                        <lido-cell layout="col" tab-index="3" id="col2" slot="back" disable-edit="true" visible="true" width="landscape.594px, portrait.754px" height="landscape.910px, portrait.925px" bg-color="white" type="" dropAttr="diagonal" onEntry="this.border-radius=32px; this.padding='8px 8px 16px 8px';" y="landscape.,portrait.">
                            <lido-image visible="true" src="game-assets/images/file-wfuqayec.jpg" z="1" width="landscape.578px, portrait.738px" height="landscape.578px, portrait.738px" onEntry="this.flex-shrink='0';" border-radius="24px 24px 6px 6px" alt-text="" />
                        </lido-cell>
                    </lido-flash-card>
                </lido-cell>
            </lido-container>
        
            <lido-container id="lido-container" objective="" tab-index="1" value="mainContainer1" bg-image="template-assets/bg-images/file-sjlrx9gc.png" height="1600px" width="900px" bg-color="transparent" visible="true" onCorrect="lido-avatar.avatarAnimate='Success'; this.sleep='2000';" onEntry="this.justifyContent='space-around';" onInCorrect="lido-avatar.avatarAnimate='Fail'; this.sleep='2000';" show-check="false" is-continue-on-correct="true" after-drop="false" show-next-button="true" exit-button-url="template-assets/buttons/file-mpu1fs4e.svg" prev-button-url="template-assets/buttons/file-1j8cgu3q.svg" next-button-url="template-assets/buttons/file-usryckwi.svg" speaker-button-url="template-assets/buttons/file-ijzlwhsa.svg">

                
                <lido-cell layout="pos" id="pos1" disable-edit="true" value="pos1" height="landscape.600px, portrait.700px" width="landscape.393px, portrait.485px" x="landscape.-24px, portrait.465px" y="landscape.385px, portrait.983px" aria-hidden="true" z="1" bg-color="transparent" visible="true" onEntry="this.flex-shrink='0';">
                    <lido-avatar id="lido-avatar" disable-edit="true" visible="true" height="inherit" width="inherit" src="template-assets/images/file-mc52s5f6.riv" alt-text="" onEntry="">
                    </lido-avatar>
                </lido-cell>

                
                <lido-cell layout="pos" id="pos2" disable-edit="true" value="pos2" width="landscape.594px, portrait.754px" height="landscape.725px, portrait.925px" x="landscape.519px, portrait.73px" y="landscape.127px, portrait.172px" aria-hidden="true" z="1" bg-color="transparent" visible="true" onEntry="this.flex-shrink='0';">
                    <lido-flash-card x="50" y="100" width="landscape.594px, portrait.754px" height="landscape.725px, portrait.925px" bg-color="transparent" onEntry="this.border-radius='32px';" onTouch="">
                        <lido-cell layout="col" id="col1" audio="game-assets/audio/file-6wpx7s4r.wav" slot="front" disable-edit="true" visible="true" width="landscape.594px, portrait.754px" height="landscape.910px, portrait.925px" bg-color="white" type="" tab-index="2" dropAttr="diagonal" onEntry="this.border-radius=32px; this.padding='8px 8px 16px 8px';" y="landscape.5px,portrait.10px">
                            <lido-text id="txt1" width="553px" height="217px" display="flex" onEntry="this.textAlign='center'; this.flexDirection='column'; this.justifyContent='center'; this.alignItems='center'; this.flexShrink='0';" font-family="'Baloo Bhai 2'" font-size="52px" z="1" font-color="black" font-weight="500" color="#303030" string="शारीरिक भाषा" visible="true" y="landscape.15px, portrait.15px" bg-color="white" margin="landscape.45px 0px 45px 0px, portrait.45px 0px 45px 0px" />
                        </lido-cell>
                        <lido-cell layout="col" tab-index="3" id="col2" slot="back" disable-edit="true" visible="true" width="landscape.594px, portrait.754px" height="landscape.910px, portrait.925px" bg-color="white" type="" dropAttr="diagonal" onEntry="this.border-radius=32px; this.padding='8px 8px 16px 8px';" y="landscape.,portrait.">
                            <lido-image visible="true" src="game-assets/images/file-qa98anw8.jpg" z="1" width="landscape.578px, portrait.738px" height="landscape.578px, portrait.738px" onEntry="this.flex-shrink='0';" border-radius="24px 24px 6px 6px" alt-text="" />
                        </lido-cell>
                    </lido-flash-card>
                </lido-cell>
            </lido-container>
        
            <lido-container id="lido-container" objective="" tab-index="1" value="mainContainer1" bg-image="template-assets/bg-images/file-sjlrx9gc.png" height="1600px" width="900px" bg-color="transparent" visible="true" onCorrect="lido-avatar.avatarAnimate='Success'; this.sleep='2000';" onEntry="this.justifyContent='space-around';" onInCorrect="lido-avatar.avatarAnimate='Fail'; this.sleep='2000';" show-check="false" is-continue-on-correct="true" after-drop="false" show-next-button="true" exit-button-url="template-assets/buttons/file-mpu1fs4e.svg" prev-button-url="template-assets/buttons/file-1j8cgu3q.svg" next-button-url="template-assets/buttons/file-usryckwi.svg" speaker-button-url="template-assets/buttons/file-ijzlwhsa.svg">

                
                <lido-cell layout="pos" id="pos1" disable-edit="true" value="pos1" height="landscape.600px, portrait.700px" width="landscape.393px, portrait.485px" x="landscape.-24px, portrait.465px" y="landscape.385px, portrait.983px" aria-hidden="true" z="1" bg-color="transparent" visible="true" onEntry="this.flex-shrink='0';">
                    <lido-avatar id="lido-avatar" disable-edit="true" visible="true" height="inherit" width="inherit" src="template-assets/images/file-mc52s5f6.riv" alt-text="" onEntry="">
                    </lido-avatar>
                </lido-cell>

                
                <lido-cell layout="pos" id="pos2" disable-edit="true" value="pos2" width="landscape.594px, portrait.754px" height="landscape.725px, portrait.925px" x="landscape.519px, portrait.73px" y="landscape.127px, portrait.172px" aria-hidden="true" z="1" bg-color="transparent" visible="true" onEntry="this.flex-shrink='0';">
                    <lido-flash-card x="50" y="100" width="landscape.594px, portrait.754px" height="landscape.725px, portrait.925px" bg-color="transparent" onEntry="this.border-radius='32px';" onTouch="">
                        <lido-cell layout="col" id="col1" audio="game-assets/audio/file-omjk64wr.wav" slot="front" disable-edit="true" visible="true" width="landscape.594px, portrait.754px" height="landscape.910px, portrait.925px" bg-color="white" type="" tab-index="2" dropAttr="diagonal" onEntry="this.border-radius=32px; this.padding='8px 8px 16px 8px';" y="landscape.5px,portrait.10px">
                            <lido-text id="txt1" width="553px" height="217px" display="flex" onEntry="this.textAlign='center'; this.flexDirection='column'; this.justifyContent='center'; this.alignItems='center'; this.flexShrink='0';" font-family="'Baloo Bhai 2'" font-size="52px" z="1" font-color="black" font-weight="500" color="#303030" string="नेत्र संपर्क" visible="true" y="landscape.15px, portrait.15px" bg-color="white" margin="landscape.45px 0px 45px 0px, portrait.45px 0px 45px 0px" />
                        </lido-cell>
                        <lido-cell layout="col" tab-index="3" id="col2" slot="back" disable-edit="true" visible="true" width="landscape.594px, portrait.754px" height="landscape.910px, portrait.925px" bg-color="white" type="" dropAttr="diagonal" onEntry="this.border-radius=32px; this.padding='8px 8px 16px 8px';" y="landscape.,portrait.">
                            <lido-image visible="true" src="game-assets/images/file-nzznmu0p.jpg" z="1" width="landscape.578px, portrait.738px" height="landscape.578px, portrait.738px" onEntry="this.flex-shrink='0';" border-radius="24px 24px 6px 6px" alt-text="" />
                        </lido-cell>
                    </lido-flash-card>
                </lido-cell>
            </lido-container>
        
            <lido-container id="lido-container" objective="" tab-index="1" value="mainContainer1" bg-image="template-assets/bg-images/file-sjlrx9gc.png" height="1600px" width="900px" bg-color="transparent" visible="true" onCorrect="lido-avatar.avatarAnimate='Success'; this.sleep='2000';" onEntry="this.justifyContent='space-around';" onInCorrect="lido-avatar.avatarAnimate='Fail'; this.sleep='2000';" show-check="false" is-continue-on-correct="true" after-drop="false" show-next-button="true" exit-button-url="template-assets/buttons/file-mpu1fs4e.svg" prev-button-url="template-assets/buttons/file-1j8cgu3q.svg" next-button-url="template-assets/buttons/file-usryckwi.svg" speaker-button-url="template-assets/buttons/file-ijzlwhsa.svg">

                
                <lido-cell layout="pos" id="pos1" disable-edit="true" value="pos1" height="landscape.600px, portrait.700px" width="landscape.393px, portrait.485px" x="landscape.-24px, portrait.465px" y="landscape.385px, portrait.983px" aria-hidden="true" z="1" bg-color="transparent" visible="true" onEntry="this.flex-shrink='0';">
                    <lido-avatar id="lido-avatar" disable-edit="true" visible="true" height="inherit" width="inherit" src="template-assets/images/file-mc52s5f6.riv" alt-text="" onEntry="">
                    </lido-avatar>
                </lido-cell>

                
                <lido-cell layout="pos" id="pos2" disable-edit="true" value="pos2" width="landscape.594px, portrait.754px" height="landscape.725px, portrait.925px" x="landscape.519px, portrait.73px" y="landscape.127px, portrait.172px" aria-hidden="true" z="1" bg-color="transparent" visible="true" onEntry="this.flex-shrink='0';">
                    <lido-flash-card x="50" y="100" width="landscape.594px, portrait.754px" height="landscape.725px, portrait.925px" bg-color="transparent" onEntry="this.border-radius='32px';" onTouch="">
                        <lido-cell layout="col" id="col1" audio="game-assets/audio/file-pnsvkpet.wav" slot="front" disable-edit="true" visible="true" width="landscape.594px, portrait.754px" height="landscape.910px, portrait.925px" bg-color="white" type="" tab-index="2" dropAttr="diagonal" onEntry="this.border-radius=32px; this.padding='8px 8px 16px 8px';" y="landscape.5px,portrait.10px">
                            <lido-text id="txt1" width="553px" height="217px" display="flex" onEntry="this.textAlign='center'; this.flexDirection='column'; this.justifyContent='center'; this.alignItems='center'; this.flexShrink='0';" font-family="'Baloo Bhai 2'" font-size="52px" z="1" font-color="black" font-weight="500" color="#303030" string="सम्मान" visible="true" y="landscape.15px, portrait.15px" bg-color="white" margin="landscape.45px 0px 45px 0px, portrait.45px 0px 45px 0px" />
                        </lido-cell>
                        <lido-cell layout="col" tab-index="3" id="col2" slot="back" disable-edit="true" visible="true" width="landscape.594px, portrait.754px" height="landscape.910px, portrait.925px" bg-color="white" type="" dropAttr="diagonal" onEntry="this.border-radius=32px; this.padding='8px 8px 16px 8px';" y="landscape.,portrait.">
                            <lido-image visible="true" src="game-assets/images/file-ajjj0a2d.jpg" z="1" width="landscape.578px, portrait.738px" height="landscape.578px, portrait.738px" onEntry="this.flex-shrink='0';" border-radius="24px 24px 6px 6px" alt-text="" />
                        </lido-cell>
                    </lido-flash-card>
                </lido-cell>
            </lido-container>
        
            <lido-container id="lido-container" objective="" tab-index="1" value="mainContainer1" bg-image="template-assets/bg-images/file-sjlrx9gc.png" height="1600px" width="900px" bg-color="transparent" visible="true" onCorrect="lido-avatar.avatarAnimate='Success'; this.sleep='2000';" onEntry="this.justifyContent='space-around';" onInCorrect="lido-avatar.avatarAnimate='Fail'; this.sleep='2000';" show-check="false" is-continue-on-correct="true" after-drop="false" show-next-button="true" exit-button-url="template-assets/buttons/file-mpu1fs4e.svg" prev-button-url="template-assets/buttons/file-1j8cgu3q.svg" next-button-url="template-assets/buttons/file-usryckwi.svg" speaker-button-url="template-assets/buttons/file-ijzlwhsa.svg">

                
                <lido-cell layout="pos" id="pos1" disable-edit="true" value="pos1" height="landscape.600px, portrait.700px" width="landscape.393px, portrait.485px" x="landscape.-24px, portrait.465px" y="landscape.385px, portrait.983px" aria-hidden="true" z="1" bg-color="transparent" visible="true" onEntry="this.flex-shrink='0';">
                    <lido-avatar id="lido-avatar" disable-edit="true" visible="true" height="inherit" width="inherit" src="template-assets/images/file-mc52s5f6.riv" alt-text="" onEntry="">
                    </lido-avatar>
                </lido-cell>

                
                <lido-cell layout="pos" id="pos2" disable-edit="true" value="pos2" width="landscape.594px, portrait.754px" height="landscape.725px, portrait.925px" x="landscape.519px, portrait.73px" y="landscape.127px, portrait.172px" aria-hidden="true" z="1" bg-color="transparent" visible="true" onEntry="this.flex-shrink='0';">
                    <lido-flash-card x="50" y="100" width="landscape.594px, portrait.754px" height="landscape.725px, portrait.925px" bg-color="transparent" onEntry="this.border-radius='32px';" onTouch="">
                        <lido-cell layout="col" id="col1" audio="game-assets/audio/file-lh1b6kc4.wav" slot="front" disable-edit="true" visible="true" width="landscape.594px, portrait.754px" height="landscape.910px, portrait.925px" bg-color="white" type="" tab-index="2" dropAttr="diagonal" onEntry="this.border-radius=32px; this.padding='8px 8px 16px 8px';" y="landscape.5px,portrait.10px">
                            <lido-text id="txt1" width="553px" height="217px" display="flex" onEntry="this.textAlign='center'; this.flexDirection='column'; this.justifyContent='center'; this.alignItems='center'; this.flexShrink='0';" font-family="'Baloo Bhai 2'" font-size="52px" z="1" font-color="black" font-weight="500" color="#303030" string="विनम्रता" visible="true" y="landscape.15px, portrait.15px" bg-color="white" margin="landscape.45px 0px 45px 0px, portrait.45px 0px 45px 0px" />
                        </lido-cell>
                        <lido-cell layout="col" tab-index="3" id="col2" slot="back" disable-edit="true" visible="true" width="landscape.594px, portrait.754px" height="landscape.910px, portrait.925px" bg-color="white" type="" dropAttr="diagonal" onEntry="this.border-radius=32px; this.padding='8px 8px 16px 8px';" y="landscape.,portrait.">
                            <lido-image visible="true" src="game-assets/images/file-vnf0b6u2.jpg" z="1" width="landscape.578px, portrait.738px" height="landscape.578px, portrait.738px" onEntry="this.flex-shrink='0';" border-radius="24px 24px 6px 6px" alt-text="" />
                        </lido-cell>
                    </lido-flash-card>
                </lido-cell>
            </lido-container>
        
</root>