[1,["3ctkL8oAVHhpkXoz4CgQdF","c4xkPl1NVF/ITdxYnsxNTU","1fm2gmOylARpvTOMo5gCHK","0ct/sX5wdCM7sCdZq4/Gvg","11hfkqBFdD2ZhC82wnzqFC","879RujQ5hMYYvyU1wo6MbQ","348LZaPhJLHoW2XYKlbb0A"],["_textureSetter"],["cc.Texture2D","cc.SpriteFrame",["cc.AudioClip",["_name","_native","duration"],0],["cc.JsonAsset",["_name","json"],1]],[[2,0,1,2,4],[3,0,1,3]],[[[[0,"पुस्तक",".mp3",0.757551],-1],0,0,[],[],[]],[["0,9729,9729,33071,33071,0,0,1",-1],[0],0,[],[],[]],[["0,9729,9729,33071,33071,0,0,1",-1],[0],0,[],[],[]],[[{"name":"page","rect":[0,59,640,522],"offset":[0,0],"originalSize":[640,640],"capInsets":[0,0,0,0]}],[1],0,[0],[0],[0]],[["0,9729,9729,33071,33071,0,0,1",-1],[0],0,[],[],[]],[[{"name":"book","rect":[0,0,640,360],"offset":[0,0],"originalSize":[640,360],"capInsets":[0,0,0,0]}],[1],0,[0],[0],[1]],[[[0,"पत्र",".mp3",0.940408],-1],0,0,[],[],[]],[["0,9729,9729,33071,33071,0,0,1",-1],[0],0,[],[],[]],[["0,9729,9729,33071,33071,0,0,1",-1],[0],0,[],[],[]],[[{"name":"flower","rect":[0,0,480,640],"offset":[0,0],"originalSize":[480,640],"capInsets":[0,0,0,0]}],[1],0,[0],[0],[2]],[[[1,"mr3501",{"rows":[["spelldoor","1","Description","पुस्तक","पुस्त*","0","0","book.png","पुस्तक.mp3"],["openwindow","1","Description","LEGIT","पान","page.png","plate.png","पान.mp3","पान"],["rocket","1","Description","पत्र","प,त्र","प,त्र","पत्र.mp3","letter.png","False","False"],["spelldoor","1","Description","केळं","*ळं","0","0","banana.png","केळं.mp3"],["openwindow","1","Description","LEGIT","गाणं","song.png","book.png","गाणं.mp3","गाणं"],["rocket","1","Description","फुल","फु,ल","फु,ल","फुल.mp3","flower.png","False","False"],["quizliteracy","1","Description","sentence_sentence","पुस्तक","हात","मित्र","पुस्तक","","ते शब्द कोणता आहे?","ते शब्द कोणता आहे.mp3"],["quizliteracy","1","Description","sentence_sentence","पत्र","चारा","पत्र","आंबा","","ते शब्द कोणता आहे?","ते शब्द कोणता आहे.mp3"],["quizliteracy","1","Description","sentence_sentence","फुल","माणूस","खेळ","फुल","","ते शब्द कोणता आहे?","ते शब्द कोणता आहे.mp3"]]}]],0,0,[],[],[]],[[[0,"फुल",".mp3",0.626939],-1],0,0,[],[],[]],[[[0,"ते शब्द कोणता आहे",".mp3",1.896],-1],0,0,[],[],[]],[["0,9729,9729,33071,33071,0,0,1",-1],[0],0,[],[],[]],[[[0,"पान",".mp3",0.835918],-1],0,0,[],[],[]],[[{"name":"plate","rect":[0,0,606,640],"offset":[0,0],"originalSize":[606,640],"capInsets":[0,0,0,0]}],[1],0,[0],[0],[3]],[["0,9729,9729,33071,33071,0,0,1",-1],[0],0,[],[],[]],[[{"name":"letter","rect":[0,0,572,640],"offset":[0,0],"originalSize":[572,640],"capInsets":[0,0,0,0]}],[1],0,[0],[0],[4]],[[{"name":"banana","rect":[0,0,640,564],"offset":[0,0],"originalSize":[640,564],"capInsets":[0,0,0,0]}],[1],0,[0],[0],[5]],[[{"name":"song","rect":[0,40,640,560],"offset":[0,0],"originalSize":[640,640],"capInsets":[0,0,0,0]}],[1],0,[0],[0],[6]],[[[0,"केळं",".mp3",0.731429],-1],0,0,[],[],[]],[[[0,"गाणं",".mp3",0.696],-1],0,0,[],[],[]]]]