[1,["ffhEQ3ZkVK4IjAVrVe3eiE","35AEe6IBBBpLG2uOJaDB3+","60tG+BcBdP0biTdHsOY5wJ","9fNLQUhNZIv5jYdUePUXVi","a9wGb9GeBBDZlSJ5FxuUYu"],["_textureSetter"],["cc.SpriteFrame","cc.Texture2D",["cc.AudioClip",["_name","_native","duration"],0],["cc.JsonAsset",["_name","json"],1]],[[2,0,1,2,4],[3,0,1,3]],[[[{"name":"nose","rect":[0,0,512,378],"offset":[0,0],"originalSize":[512,378],"capInsets":[0,0,0,0]}],[0],0,[0],[0],[0]],[[{"name":"four flowers","rect":[0,0,512,340],"offset":[0,0],"originalSize":[512,340],"capInsets":[0,0,0,0]}],[0],0,[0],[0],[1]],[["0,9729,9729,33071,33071,0,0,1",-1],[1],0,[],[],[]],[[[0,"ಮೂರು ಎಲೆಗಳು",".mp3",1.128],-1],0,0,[],[],[]],[["0,9729,9729,33071,33071,0,0,1",-1],[1],0,[],[],[]],[[{"name":"two eyes","rect":[0,0,512,287],"offset":[0,0],"originalSize":[512,287],"capInsets":[0,0,0,0]}],[0],0,[0],[0],[2]],[[[0,"ಎರಡು ಕಣ್ಣುಗಳು",".mp3",1.224],-1],0,0,[],[],[]],[["0,9729,9729,33071,33071,0,0,1",-1],[1],0,[],[],[]],[["0,9729,9729,33071,33071,0,0,1",-1],[1],0,[],[],[]],[[{"name":"three leaves","rect":[0,0,512,448],"offset":[0,0],"originalSize":[512,448],"capInsets":[0,0,0,0]}],[0],0,[0],[0],[3]],[[[0,"ಐದು ಕೈಬೆರಳುಗಳು",".mp3",1.416],-1],0,0,[],[],[]],[[[0,"ಒಂದು ಮೂಗು",".mp3",1.032],-1],0,0,[],[],[]],[[{"name":"five fingers","rect":[0,0,512,340],"offset":[0,0],"originalSize":[512,340],"capInsets":[0,0,0,0]}],[0],0,[0],[0],[4]],[[[0,"ನಾಲ್ಕು ಹೂಗಳು",".mp3",1.2],-1],0,0,[],[],[]],[[[1,"kn3100",{"rows":[["picturemeaning","1","Description","P","ಒಂದು ಮೂಗು","nose.png","ಒಂದು ಮೂಗು.mp3","ಎರಡು ಕಣ್ಣುಗಳು","two eyes.png","ಎರಡು ಕಣ್ಣುಗಳು.mp3","ಮೂರು ಎಲೆಗಳು","three leaves.png","ಮೂರು ಎಲೆಗಳು.mp3"],["picturemeaning","1","Description","P","ಎರಡು ಕಣ್ಣುಗಳು","two eyes.png","ಎರಡು ಕಣ್ಣುಗಳು.mp3","ಒಂದು ಮೂಗು","nose.png","ಒಂದು ಮೂಗು.mp3","ನಾಲ್ಕು ಹೂಗಳು","four flowers.png","ನಾಲ್ಕು ಹೂಗಳು.mp3"],["picturemeaning","1","Description","P","ಮೂರು ಎಲೆಗಳು","three leaves.png","ಮೂರು ಎಲೆಗಳು.mp3","ನಾಲ್ಕು ಹೂಗಳು","four flowers.png","ನಾಲ್ಕು ಹೂಗಳು.mp3","ಒಂದು ಮೂಗು","nose.png","ಒಂದು ಮೂಗು.mp3"],["picturemeaning","1","Description","P","ನಾಲ್ಕು ಹೂಗಳು","four flowers.png","ನಾಲ್ಕು ಹೂಗಳು.mp3","ಮೂರು ಎಲೆಗಳು","three leaves.png","ಮೂರು ಎಲೆಗಳು.mp3","ಐದು ಕೈಬೆರಳುಗಳು","five fingers.png","ಐದು ಕೈಬೆರಳುಗಳು.mp3"],["picturemeaning","1","Description","P","ಐದು ಕೈಬೆರಳುಗಳು","five fingers.png","ಐದು ಕೈಬೆರಳುಗಳು.mp3","ಮೂರು ಎಲೆಗಳು","three leaves.png","ಮೂರು ಎಲೆಗಳು.mp3","ಎರಡು ಕಣ್ಣುಗಳು","two eyes.png","ಎರಡು ಕಣ್ಣುಗಳು.mp3"],["quizliteracy","1","Description","image_sentence","ಒಂದು ಮೂಗು","ಒಂದು ಮೂಗು","ಎರಡು ಕಣ್ಣುಗಳು","ಮೂರು ಎಲೆಗಳು","nose.png","","ಒಂದು ಮೂಗು.mp3"],["quizliteracy","1","Description","image_sentence","ಎರಡು ಕಣ್ಣುಗಳು","ನಾಲ್ಕು ಹೂಗಳು","ಎರಡು ಕಣ್ಣುಗಳು","ಮೂರು ಎಲೆಗಳು","two eyes.png","","ಎರಡು ಕಣ್ಣುಗಳು.mp3"],["quizliteracy","1","Description","image_sentence","ಐದು ಕೈಬೆರಳುಗಳು","ಮೂರು ಎಲೆಗಳು","ಎರಡು ಕಣ್ಣುಗಳು","ಐದು ಕೈಬೆರಳುಗಳು","five fingers.png","","ಐದು ಕೈಬೆರಳುಗಳು.mp3"]]}]],0,0,[],[],[]],[["0,9729,9729,33071,33071,0,0,1",-1],[1],0,[],[],[]]]]