[1,["9acbcN60xEj590X8rcmUo9","2aP5ARglVNer5KXOyE5yjQ","e2RMNVI+1PRbyXroShr1yN","6bkg5t3+9KoKwLGGD1JFd1","54FeFBfSFOy4WePhlmNl12","b4uq7P4OFPrKj2vkNnF3t8","1avy1rziJPuagkSnSl7rGI","06Y6FhabpD9rxiwIKRJSJq"],["_textureSetter"],["cc.Texture2D","cc.SpriteFrame",["cc.AudioClip",["_name","_native","duration"],0],["cc.JsonAsset",["_name","json"],1]],[[2,0,1,2,4],[3,0,1,3]],[[["0,9729,9729,33071,33071,0,0,1",-1],[0],0,[],[],[]],[["0,9729,9729,33071,33071,0,0,1",-1],[0],0,[],[],[]],[[[0,"square",".mp3",1.056],-1],0,0,[],[],[]],[["0,9729,9729,33071,33071,0,0,1",-1],[0],0,[],[],[]],[[{"name":"rocket","rect":[19,20,148,120],"offset":[-3.5,-3.5],"originalSize":[193,153],"capInsets":[0,0,0,0]}],[1],0,[0],[0],[0]],[[[1,"en1707",{"rows":[["openwindow","1","Description","LEGIT","farm","farm.png","rain.png","farm.mp3","abcdefghijklmnopqrstuvwxyz"],["openwindow","1","Description","LEGIT","heart","heart.png","river.png","heart.mp3","abcdefghijklmnopqrstuvwxyz"],["openwindow","1","Description","LEGIT","square","square.png","rocket.png","square.mp3","abcdefghijklmnopqrstuvwxyz"],["rocket","1","Description","farm","f,a,r,m","f,a,r,m","farm.mp3","farm1.png","false","false"],["rocket","1","Description","carrot","a,b,c,d,e,f,g,h,i,j,k,l,m,n,o,p,q,r,s,t,u,v,w,x,y,z","c,a,r,r,o,t","carrot.mp3","carrot.png","true","false"],["quizliteracy","1","Description","soundonly_word","farm","dish","fish","farm","","","farm.mp3"],["quizliteracy","1","Description","image_word","heart","heart","grass","stick","heart.png"],["quizliteracy","1","Description","soundonly_word","carrot","farm","carrot","heart","","","carrot.mp3"]]}]],0,0,[],[],[]],[[{"name":"river","rect":[12,24,168,116],"offset":[-0.5,-5.5],"originalSize":[193,153],"capInsets":[0,0,0,0]}],[1],0,[0],[0],[1]],[[{"name":"carrot","rect":[0,0,630,533],"offset":[0,0],"originalSize":[630,533],"capInsets":[0,0,0,0]}],[1],0,[0],[0],[2]],[[{"name":"heart","rect":[0,0,193,161],"offset":[0,0],"originalSize":[193,161],"capInsets":[0,0,0,0]}],[1],0,[0],[0],[3]],[[{"name":"square","rect":[50,31,89,90],"offset":[-2,0.5],"originalSize":[193,153],"capInsets":[0,0,0,0]}],[1],0,[0],[0],[4]],[[[0,"carrot",".mp3",1.08],-1],0,0,[],[],[]],[["0,9729,9729,33071,33071,0,0,1",-1],[0],0,[],[],[]],[[{"name":"farm","rect":[12,48,171,67],"offset":[1,-5],"originalSize":[193,153],"capInsets":[0,0,0,0]}],[1],0,[0],[0],[5]],[[[0,"farm",".mp3",0.96],-1],0,0,[],[],[]],[["0,9729,9729,33071,33071,0,0,1",-1],[0],0,[],[],[]],[[{"name":"farm1","rect":[39,157,559,218],"offset":[3.5,-16.5],"originalSize":[630,499],"capInsets":[0,0,0,0]}],[1],0,[0],[0],[6]],[["0,9729,9729,33071,33071,0,0,1",-1],[0],0,[],[],[]],[["0,9729,9729,33071,33071,0,0,1",-1],[0],0,[],[],[]],[[[0,"heart",".mp3",1.032],-1],0,0,[],[],[]],[["0,9729,9729,33071,33071,0,0,1",-1],[0],0,[],[],[]],[[{"name":"rain","rect":[36,13,131,123],"offset":[5,2],"originalSize":[193,153],"capInsets":[0,0,0,0]}],[1],0,[0],[0],[7]]]]