[1,["bcJydLzEhKm6fFC8igbfGC","79JGiEXZdF9oOQp2IkDSdq","f7sVOdDw5CtqVcg1xerDSK"],["_textureSetter"],["cc.SpriteFrame","cc.Texture2D",["cc.AudioClip",["_name","_native","duration"],0],["cc.JsonAsset",["_name","json"],1]],[[2,0,1,2,4],[3,0,1,3]],[[[[0,"up",".mp3",0.548571],-1],0,0,[],[],[]],[[{"name":"under","rect":[0,0,685,312],"offset":[0,0],"originalSize":[685,312],"capInsets":[0,0,0,0]}],[0],0,[0],[0],[0]],[[{"name":"umbrella","rect":[0,0,400,333],"offset":[0,0],"originalSize":[400,333],"capInsets":[0,0,0,0]}],[0],0,[0],[0],[1]],[[[0,"under",".mp3",0.731429],-1],0,0,[],[],[]],[[{"name":"up","rect":[0,0,400,333],"offset":[0,0],"originalSize":[400,333],"capInsets":[0,0,0,0]}],[0],0,[0],[0],[2]],[["0,9729,9729,33071,33071,0,0,1",-1],[1],0,[],[],[]],[[[0,"u",".mp3",0.757551],-1],0,0,[],[],[]],[["0,9729,9729,33071,33071,0,0,1",-1],[1],0,[],[],[]],[[[0,"umbrella",".mp3",0.888163],-1],0,0,[],[],[]],[[[1,"sl_en0401",{"rows":[["balloonpop","1","Description","2","u","5","u,s,r","u.mp3"],["writeletter","1","Description","u","-"],["writecard","1","Description","u","umbrella","umbrella.png","umbrella.mp3","under","under.png","under.mp3","up","up.png","up.mp3"],["quizliteracy","1","Description","soundonly_word","u","e","i","u","","","u.mp3"],["quizliteracy","1","Description","word_word","u","u","r","c","","u"],["quizliteracy","1","Description","soundonly_word","u","c","u","z","","","u.mp3"]]}]],0,0,[],[],[]],[["0,9729,9729,33071,33071,0,0,1",-1],[1],0,[],[],[]]]]