[1,["0eHNBj7EdO0pgNOAkL9GO0","09bNahqVtG+5mhqM7eaQQ0","290Bqd8xFJULBQLnyeDgkV","b9cPzk3VVFF7vxHrlUAaYl","b4Z/sRpiNPkL4pH6Fm/pIy","abxN5+URxPcbHeUK5bwd6F","2bioSlR9BJ8adOGnc1O3Hy","9anR4600lN97OWCEghZXR0","ddfHw0fvtNVb06+YrePwhg","7frS8gMoZKVZMsWjc/EH+z","9dJbFPTXlIXrcBXS9wJPnb","eeReM14stHGosKkP2EUvtV","bcLzHC5qNM0pQcJ3DKnoCS","7axVf/kz9J7ZIPbnjtTRxo","c4QYfgPjtNToO3K9BLFZmd"],["_textureSetter"],["cc.Texture2D","cc.SpriteFrame",["cc.AudioClip",["_name","_native","duration"],0],["cc.JsonAsset",["_name","json"],1]],[[2,0,1,2,4],[3,0,1,3]],[[[[0,"जब_वह_गाड़ी_चलता_है,_तब_वह_खुश_दिखता_है।",".mp3",4.44],-1],0,0,[],[],[]],[[[1,"hi1904",{"rows":[["createsentence","1","Description","रानी/दस/किताबें/पढ़ती हैं।","पढ़ रही है।","Ranireadsmanybooks.jpg","रानी_दस_किताबें_पढ़ती_हैं.mp3"],["createsentence","1","Description","तालाब/में/कई/मेंढक हैं।","होता है।","The_pondhasmanyfrogs.jpg","तालाब_में_कई_मेंढक_हैं.mp3"],["createsentence","1","Description","पुस्तक/में/कई/पृष्ठ हैं।","ज्यादा","The_bookhasmanypages.jpg","पुस्तक_में_कई_पृष्ठ_हैं.mp3"],["createsentence","1","Description","पृथ्वी/के पास/एक चांद है।","ज्यादा","The_earthhasonemoon.jpg","पृथ्वी_के_पास_एक_चांद_है.mp3"],["createsentence","1","Description","मेरे/बहुत सारे/मित्र/हैं।","मित्रों ","Ihavemanyfriends.jpg","मेरे_बहुत_सारे_मित्र_हैं.mp3"],["createsentence","1","Description","लड़की/के पास/एक बैंगनी/पोशाक है।","पोशाकें हैं","the_girl_has_a_purple_dress.png","लडकी_के_पास_एक_बैंगनी_पोशाक_है.mp3"],["picturemeaning","1","Description","S","टमाटर और नींबू की समान संख्या है।","l4_2lemons2tomatos.png","टमाटर_और_नींबू_की_समान_संख्या_है।.mp3","टमाटर से ज्यादा नींबू हैं।","l4_2lemons1tomato.png","टमाटर_से_ज्यादा_नींबू_हैं।.mp3","चम्मच और कांटे की संख्या समान हैं।","l4_2spoons2forks.png","चम्मच_और_कांटे_की_संख्या_समान_हैं।.mp3"],["picturemeaning","1","Description","S","जब वह गाड़ी चलता है, तब वह खुश दिखता है।","l7_hecandrive.png","जब_वह_गाड़ी_चलता_है,_तब_वह_खुश_दिखता_है।.mp3","जब वह चित्र बनता है तब वह खुश दिखता है।","l7_hecandraw.png","जब_वह_चित्र_बनता_है_तब_वह_खुश_दिखता_है।.mp3","जब वह खाना पकता है तब वह खुश दिखता है।","l7_hecancook.png","जब_वह_खाना_पकता_है_तब_वह_खुश_दिखता_है।.mp3"],["picturemeaning","1","Description","S","नर्स एक बच्चे की देखभाल कर रही है।","l6_shenurse.png","नर्स_एक_बच्चे_की_देखभाल_कर_रही_है।.mp3","डॉक्टर एक मरीज का इलाज कर रहा है।","l6_hedoctor.png","डॉक्टर_एक_मरीज_का_इलाज_कर_रहा_है।.mp3","वह एक घर बनाने जा रहा है।","l7_hecanmake_house.png","वह_एक_घर_बनाने_जा_रहा_है।.mp3"],["quizliteracy","1","Description","image_sentence","रानी दस किताबें पढ़ती हैं।","टमाटर और नींबू की समान संख्या है।","रानी दस किताबें पढ़ती हैं।","नर्स एक बच्चे की देखभाल कर रही है।","Ranireadsmanybooks.jpg","","रानी_दस_किताबें_पढ़ती_हैं.mp3"],["quizliteracy","1","Description","sentence_sentence","जब वह गाड़ी चलता है, तब वह खुश दिखता है।","रानी दस किताबें पढ़ती हैं।","नर्स एक बच्चे की देखभाल कर रही है।","जब वह गाड़ी चलता है, तब वह खुश दिखता है।","","सही उत्तर चुने।","जब_वह_गाड़ी_चलता_है,_तब_वह_खुश_दिखता_है।.mp3"],["quizliteracy","1","Description","soundonly_image","l4_2lemons2tomatos.png","l4_2spoons2forks.png","l4_2lemons2tomatos.png","l4_2lemons1tomato.png","","","टमाटर_और_नींबू_की_समान_संख्या_है।.mp3"]]}]],0,0,[],[],[]],[["0,9729,9729,33071,33071,0,0,1",-1],[0],0,[],[],[]],[["1,9729,9729,33071,33071,0,0,1",-1],[0],0,[],[],[]],[[{"name":"Ihavemanyfriends","rect":[0,0,1073,1157],"offset":[0,0],"originalSize":[1073,1157],"capInsets":[0,0,0,0]}],[1],0,[0],[0],[0]],[[[0,"रानी_दस_किताबें_पढ़ती_हैं",".mp3",2.377143],-1],0,0,[],[],[]],[[{"name":"the_girl_has_a_purple_dress","rect":[0,0,676,732],"offset":[0,0],"originalSize":[676,732],"capInsets":[0,0,0,0]}],[1],0,[0],[0],[1]],[["0,9729,9729,33071,33071,0,0,1",-1],[0],0,[],[],[]],[["0,9729,9729,33071,33071,0,0,1",-1],[0],0,[],[],[]],[[{"name":"l7_hecancook","rect":[0,0,868,689],"offset":[0,0],"originalSize":[868,689],"capInsets":[0,0,0,0]}],[1],0,[0],[0],[2]],[[{"name":"Ranireadsmanybooks","rect":[0,0,1073,514],"offset":[0,0],"originalSize":[1073,514],"capInsets":[0,0,0,0]}],[1],0,[0],[0],[3]],[[{"name":"The_pondhasmanyfrogs","rect":[0,0,1073,577],"offset":[0,0],"originalSize":[1073,577],"capInsets":[0,0,0,0]}],[1],0,[0],[0],[4]],[[[0,"पुस्तक_में_कई_पृष्ठ_हैं",".mp3",2.246531],-1],0,0,[],[],[]],[[{"name":"l6_shenurse","rect":[0,0,868,689],"offset":[0,0],"originalSize":[868,689],"capInsets":[0,0,0,0]}],[1],0,[0],[0],[5]],[[[0,"तालाब_में_कई_मेंढक_हैं",".mp3",2.586122],-1],0,0,[],[],[]],[[[0,"नर्स_एक_बच्चे_की_देखभाल_कर_रही_है।",".mp3",3.265306],-1],0,0,[],[],[]],[[[0,"वह_एक_घर_बनाने_जा_रहा_है।",".mp3",2.76898],-1],0,0,[],[],[]],[[[0,"डॉक्टर_एक_मरीज_का_इलाज_कर_रहा_है।",".mp3",3.787755],-1],0,0,[],[],[]],[["0,9729,9729,33071,33071,0,0,1",-1],[0],0,[],[],[]],[["0,9729,9729,33071,33071,0,0,1",-1],[0],0,[],[],[]],[[[0,"जब_वह_चित्र_बनता_है_तब_वह_खुश_दिखता_है।",".mp3",3.866122],-1],0,0,[],[],[]],[[[0,"लडकी_के_पास_एक_बैंगनी_पोशाक_है",".mp3",3.578776],-1],0,0,[],[],[]],[[{"name":"l7_hecandrive","rect":[0,0,868,689],"offset":[0,0],"originalSize":[868,689],"capInsets":[0,0,0,0]}],[1],0,[0],[0],[6]],[["1,9729,9729,33071,33071,0,0,1",-1],[0],0,[],[],[]],[["1,9729,9729,33071,33071,0,0,1",-1],[0],0,[],[],[]],[[{"name":"The_bookhasmanypages","rect":[0,0,1073,604],"offset":[0,0],"originalSize":[1073,604],"capInsets":[0,0,0,0]}],[1],0,[0],[0],[7]],[[{"name":"l4_2spoons2forks","rect":[0,0,868,689],"offset":[0,0],"originalSize":[868,689],"capInsets":[0,0,0,0]}],[1],0,[0],[0],[8]],[["0,9729,9729,33071,33071,0,0,1",-1],[0],0,[],[],[]],[["1,9729,9729,33071,33071,0,0,1",-1],[0],0,[],[],[]],[["1,9729,9729,33071,33071,0,0,1",-1],[0],0,[],[],[]],[["0,9729,9729,33071,33071,0,0,1",-1],[0],0,[],[],[]],[[[0,"मेरे_बहुत_सारे_मित्र_हैं",".mp3",2.507755],-1],0,0,[],[],[]],[[[0,"जब_वह_खाना_पकता_है_तब_वह_खुश_दिखता_है।",".mp3",4.022857],-1],0,0,[],[],[]],[["0,9729,9729,33071,33071,0,0,1",-1],[0],0,[],[],[]],[[{"name":"l4_2lemons1tomato","rect":[0,0,868,689],"offset":[0,0],"originalSize":[868,689],"capInsets":[0,0,0,0]}],[1],0,[0],[0],[9]],[[{"name":"The_earthhasonemoon","rect":[0,0,1073,577],"offset":[0,0],"originalSize":[1073,577],"capInsets":[0,0,0,0]}],[1],0,[0],[0],[10]],[[[0,"टमाटर_और_नींबू_की_समान_संख्या_है।",".mp3",3.657143],-1],0,0,[],[],[]],[[{"name":"l7_hecandraw","rect":[0,0,868,689],"offset":[0,0],"originalSize":[868,689],"capInsets":[0,0,0,0]}],[1],0,[0],[0],[11]],[[{"name":"l6_hedoctor","rect":[0,0,868,689],"offset":[0,0],"originalSize":[868,689],"capInsets":[0,0,0,0]}],[1],0,[0],[0],[12]],[[[0,"चम्मच_और_कांटे_की_संख्या_समान_हैं।",".mp3",3.239184],-1],0,0,[],[],[]],[["0,9729,9729,33071,33071,0,0,1",-1],[0],0,[],[],[]],[[[0,"पृथ्वी_के_पास_एक_चांद_है",".mp3",2.377143],-1],0,0,[],[],[]],[[[0,"टमाटर_से_ज्यादा_नींबू_हैं।",".mp3",2.35102],-1],0,0,[],[],[]],[["0,9729,9729,33071,33071,0,0,1",-1],[0],0,[],[],[]],[[{"name":"l4_2lemons2tomatos","rect":[0,0,868,689],"offset":[0,0],"originalSize":[868,689],"capInsets":[0,0,0,0]}],[1],0,[0],[0],[13]],[[{"name":"l7_hecanmake_house","rect":[0,0,868,689],"offset":[0,0],"originalSize":[868,689],"capInsets":[0,0,0,0]}],[1],0,[0],[0],[14]]]]