[1,["625DDBeoxPdIJSWpRZYaJW","a84iR6WgVGwqOILeR8DXrv","0cDJRNyGRH1oCGkhXu056/","c18JZnd09MpaZO/TbuAogW","47Bkc40RlNv5UnXF1qQu4v","25j7b4hiRPfZ9ADz5YUdjd","e9nJhkPS9PmJtAk0vntoiU"],["_textureSetter"],["cc.SpriteFrame","cc.Texture2D",["cc.AudioClip",["_name","_native","duration"],0],["cc.JsonAsset",["_name","json"],1]],[[2,0,1,2,4],[3,0,1,3]],[[[{"name":"fifth","rect":[0,0,512,335],"offset":[0,0],"originalSize":[512,335],"capInsets":[0,0,0,0]}],[0],0,[0],[0],[0]],[["0,9729,9729,33071,33071,0,0,1",-1],[1],0,[],[],[]],[[[0,"second",".mp3",0.862041],-1],0,0,[],[],[]],[["0,9729,9729,33071,33071,0,0,1",-1],[1],0,[],[],[]],[[{"name":"first","rect":[0,0,512,346],"offset":[0,0],"originalSize":[512,346],"capInsets":[0,0,0,0]}],[0],0,[0],[0],[1]],[[{"name":"second","rect":[0,0,512,346],"offset":[0,0],"originalSize":[512,346],"capInsets":[0,0,0,0]}],[0],0,[0],[0],[2]],[[[0,"fourth",".mp3",0.966531],-1],0,0,[],[],[]],[["0,9729,9729,33071,33071,0,0,1",-1],[1],0,[],[],[]],[[[1,"sl_en3504",{"rows":[["spelldoor","1","Description","first","f***t","4","2","first.png","first.mp3"],["spelldoor","1","Description","second","**cond","4","2","second.png","second.mp3"],["spelldoor","1","Description","third","**ird","4","2","third.png","third.mp3"],["spelldoor","1","Description","fourth","**urth","4","2","fourth.png","fourth.mp3"],["spelldoor","1","Description","fifth","fi***","4","2","fifth.png","fifth.mp3"],["spelldoor","1","Description","sixth","s**th","4","2","sixth.png","sixth.mp3"],["spelldoor","1","Description","seventh","***enth","4","2","seventh.png","seventh.mp3"],["quizliteracy","1","Description","image_sentence","second","first","third","second","second.png","","second.mp3"],["quizliteracy","1","Description","image_sentence","fourth","third","fourth","fifth","fourth.png","","fourth.mp3"],["quizliteracy","1","Description","image_sentence","seventh","seventh","first","eight","seventh.png","","seventh.mp3"]]}]],0,0,[],[],[]],[[[0,"first",".mp3",0.940408],-1],0,0,[],[],[]],[["0,9729,9729,33071,33071,0,0,1",-1],[1],0,[],[],[]],[[{"name":"fourth","rect":[0,0,1552,1080],"offset":[0,0],"originalSize":[1552,1080],"capInsets":[0,0,0,0]}],[0],0,[0],[0],[3]],[[{"name":"third","rect":[0,0,512,278],"offset":[0,0],"originalSize":[512,278],"capInsets":[0,0,0,0]}],[0],0,[0],[0],[4]],[["0,9729,9729,33071,33071,0,0,1",-1],[1],0,[],[],[]],[[[0,"third",".mp3",0.731429],-1],0,0,[],[],[]],[["0,9729,9729,33071,33071,0,0,1",-1],[1],0,[],[],[]],[[{"name":"seventh","rect":[0,0,495,512],"offset":[0,0],"originalSize":[495,512],"capInsets":[0,0,0,0]}],[0],0,[0],[0],[5]],[["0,9729,9729,33071,33071,0,0,1",-1],[1],0,[],[],[]],[[{"name":"sixth","rect":[0,0,411,512],"offset":[0,0],"originalSize":[411,512],"capInsets":[0,0,0,0]}],[0],0,[0],[0],[6]]]]