[1,["3a4DGxmbBIqauSmZBy5Cxt","c0shPqukBFBpM0K3zJs2pf","caXHTpgvtLGYMG4Kndngqb","2eEVB7KBxG47/iaUgtxGtL","7baTkWUJlPfJC/t+SajGSe","b0cNAzihVHpool4DqnTtQn","4bLxTDp5JChprED2kXHnQ0","6eTNUZmDZKOanEw3ykRZ6Z","36kMofIg5Oi56nUVYKJIJc","84LuwWYj5BmKwSnP6ou8/W","7fNLOfT7JBy7KuGI/bKp6L","83hizv1uhKbq6GImD5jVnz","56wYxfOwFDP5ATs3ptu6Rf","58lXDpcCJLw7YJKJ41LcKV","2e+KaEcbNHQIn/iwA7Fa7h","f6ITd2ck1CCrzgffjQPaxv","5dQdIENfxMyZJgm+5FubCN","74YMCowTdNk4TmejsVxZsy","0ew2FxlsdI8KLwi/256kgQ","bczNZ2V7ZL4IMhTLa9gDY/","25O3ALn7VJ6qpbpWBRV56t","3eIgAizYBMnb+LsGQBYz/e","03IpfrHdJDQpznNvtfBbAq","6ajoSdw5lBk4V4Sl5iQe4A","eayOr97ulKAbu0HjOxrAAe","5cvfxknr5CI7sVmkbeMM9b","e94fKm+YtGkpNxv5qg1P8i","18qXI9SvBO7qWcbUNW3Eab","aewCK1j0JMk5ecqNDB8Vwq","85xM2G8lxNmrfPn7ERltnr","e3ZRfNur1Lw6Grt6NQ+4xI","84tStVIEZFL5/Frr+7E1XW","72EwgEmf5Ic7Yg2AX0JUQs","20FrK/VyNGmqvRYWNFdxGY","08to3Hl9RD8r7nNliaCmSz","80Zc0Qgz1GLaVDnpgsCDSC"],["_textureSetter"],["cc.Texture2D","cc.SpriteFrame",["cc.JsonAsset",["_name","json"],1],["cc.AudioClip",["_name","_native","duration"],0]],[[3,0,1,2,4],[2,0,1,3]],[[["0,9729,9729,33071,33071,0,0,1",-1],[0],0,[],[],[]],[[[1,"sl_en1800",{"rows":[["pictureboard","1","Description","Ball and Dog","ap2_puzzle5_background.jpg","2","","ball_and_dog.mp3","ap2_puzzle5_ball_puzzle.png","154","78","","ap2_puzzle5_dog_puzzle.png","906","78"],["pictureboard","1","Description","Bird","ap2_puzzle1_background.jpg","1","","bird.mp3","ap2_puzzle1_bird_puzzle.png","825","95"],["pictureboard","1","Description","Birds","ap_puzzle3_background.jpg","3","","birds.mp3","ap_puzzle3_bird1_puzzle.png","405","28","","ap_puzzle3_bird2_puzzle.png","973","356","","ap_puzzle3_bird3_puzzle.png","1829","-35"],["pictureboard","1","Description","Bugs","ap_puzzle2_background.jpg","2","","bugs.mp3","ap_puzzle2_ladybug1_puzzle.png","250","424","","ap_puzzle2_ladybug2_puzzle.png","1390","188"],["pictureboard","1","Description","Cat and Butterfly","ap2_puzzle7_background.jpg","2","","cat_and_butterfly.mp3","ap2_puzzle7_butterfly_puzzle.png","1280","698","","ap2_puzzle7_cat_puzzle.png","72","54"],["pictureboard","1","Description","Cow","ap_puzzle7_background.jpg","4","_ap_puzzle7_mask","cow.mp3","ap_puzzle7_cow1_puzzle.png","436","580","","ap_puzzle7_cow2_puzzle.png","760","22","","ap_puzzle7_cow3_puzzle.png","1184","580","","ap_puzzle7_cow4_puzzle.png","1302","72"],["pictureboard","1","Description","Eagle","ap_puzzle5_background.jpg","3","","eagle.mp3","ap_puzzle5_eagle1_puzzle.png","106","236","","ap_puzzle5_eagle2_puzzle.png","730","166","","ap_puzzle5_eagle3_puzzle.png","1115","530"],["pictureboard","1","Description","Elephants","ap_puzzle4_background.jpg","3","","elephants.mp3","ap_puzzle4_elephant1_puzzle.png","146","96","","ap_puzzle4_elephant2_puzzle.png","1056","173","","ap_puzzle4_elephant3_puzzle.png","1736","96"],["pictureboard","1","Description","Gazelle","ap2_puzzle11_background.jpg","2","","gazelle.mp3","ap2_puzzle11_gazelle1_puzzle.png","726","566","","ap2_puzzle11_gazelle2_puzzle.png","690","0"],["pictureboard","1","Description","Goat","ap2_puzzle10_background.jpg","2","","goat.mp3","ap2_puzzle10_goat1_puzzle.png","590","154","","ap2_puzzle10_goat2_puzzle.png","1345","110"],["quizliteracy","1","Description","image_word","Elephant","Elephant","Cow","Horse","elephant.png"],["quizliteracy","1","Description","image_word","Bug","Bug","Birds","Dog","bug.png"],["quizliteracy","1","Description","image_word","cow","cat","frog","cow","cow.png"],["quizliteracy","1","Description","image_word","dog","dot","dog","dad","dog.png"],["quizliteracy","1","Description","soundonly_word","goat","gift","boat","goat","","","goat.mp3"]]}]],0,0,[],[],[]],[[{"name":"ap_puzzle5_eagle1_puzzle","rect":[3,2,341,144],"offset":[1.5,4],"originalSize":[344,156],"capInsets":[0,0,0,0]}],[1],0,[0],[0],[0]],[["0,9729,9729,33071,33071,0,0,1",-1],[0],0,[],[],[]],[[{"name":"ap_puzzle4_elephant2_puzzle","rect":[4,5,241,328],"offset":[0.5,4],"originalSize":[248,346],"capInsets":[0,0,0,0]}],[1],0,[0],[0],[1]],[["0,9729,9729,33071,33071,0,0,1",-1],[0],0,[],[],[]],[[{"name":"ap_puzzle4_elephant1_puzzle","rect":[5,4,289,341],"offset":[0.5,2.5],"originalSize":[298,354],"capInsets":[0,0,0,0]}],[1],0,[0],[0],[2]],[[[0,"bird",".mp3",0.626939],-1],0,0,[],[],[]],[[[0,"gazelle",".mp3",0.757551],-1],0,0,[],[],[]],[[{"name":"ap2_puzzle11_gazelle1_puzzle","rect":[2,2,309,222],"offset":[0,4.5],"originalSize":[313,235],"capInsets":[0,0,0,0]}],[1],0,[0],[0],[3]],[["0,9729,9729,33071,33071,0,0,1",-1],[0],0,[],[],[]],[[[0,"goat",".mp3",0.757551],-1],0,0,[],[],[]],[["0,9729,9729,33071,33071,0,0,1",-1],[0],0,[],[],[]],[[{"name":"ap2_puzzle5_ball_puzzle","rect":[3,1,189,189],"offset":[0,4.5],"originalSize":[195,200],"capInsets":[0,0,0,0]}],[1],0,[0],[0],[4]],[["0,9729,9729,33071,33071,0,0,1",-1],[0],0,[],[],[]],[[{"name":"ap2_puzzle1_background","rect":[0,0,802,432],"offset":[0,0],"originalSize":[802,432],"capInsets":[0,0,0,0]}],[1],0,[0],[0],[5]],[["0,9729,9729,33071,33071,0,0,1",-1],[0],0,[],[],[]],[["0,9729,9729,33071,33071,0,0,1",-1],[0],0,[],[],[]],[["0,9729,9729,33071,33071,0,0,1",-1],[0],0,[],[],[]],[["0,9729,9729,33071,33071,0,0,1",-1],[0],0,[],[],[]],[["0,9729,9729,33071,33071,0,0,1",-1],[0],0,[],[],[]],[[{"name":"ap2_puzzle11_background","rect":[0,0,802,432],"offset":[0,0],"originalSize":[802,432],"capInsets":[0,0,0,0]}],[1],0,[0],[0],[6]],[[{"name":"ap_puzzle4_background","rect":[0,0,802,432],"offset":[0,0],"originalSize":[802,432],"capInsets":[0,0,0,0]}],[1],0,[0],[0],[7]],[["1,9729,9729,33071,33071,0,0,1",-1],[0],0,[],[],[]],[[[0,"cat_and_butterfly",".mp3",1.619592],-1],0,0,[],[],[]],[[[0,"elephants",".mp3",0.914286],-1],0,0,[],[],[]],[[{"name":"ap2_puzzle1_bird_puzzle","rect":[2,2,379,317],"offset":[0.5,4.5],"originalSize":[382,330],"capInsets":[0,0,0,0]}],[1],0,[0],[0],[8]],[[{"name":"ap2_puzzle11_gazelle2_puzzle","rect":[1,1,266,206],"offset":[-0.5,5.5],"originalSize":[269,219],"capInsets":[0,0,0,0]}],[1],0,[0],[0],[9]],[["1,9729,9729,33071,33071,0,0,1",-1],[0],0,[],[],[]],[[{"name":"ap_puzzle2_background","rect":[0,0,802,432],"offset":[0,0],"originalSize":[802,432],"capInsets":[0,0,0,0]}],[1],0,[0],[0],[10]],[["0,9729,9729,33071,33071,0,0,1",-1],[0],0,[],[],[]],[[[0,"eagle",".mp3",0.653061],-1],0,0,[],[],[]],[["0,9729,9729,33071,33071,0,0,1",-1],[0],0,[],[],[]],[["1,9729,9729,33071,33071,0,0,1",-1],[0],0,[],[],[]],[[{"name":"ap2_puzzle10_background","rect":[0,0,802,432],"offset":[0,0],"originalSize":[802,432],"capInsets":[0,0,0,0]}],[1],0,[0],[0],[11]],[[{"name":"ap_puzzle3_background","rect":[0,0,802,432],"offset":[0,0],"originalSize":[802,432],"capInsets":[0,0,0,0]}],[1],0,[0],[0],[12]],[[{"name":"ap2_puzzle10_goat1_puzzle","rect":[4,1,247,325],"offset":[2,5],"originalSize":[251,337],"capInsets":[0,0,0,0]}],[1],0,[0],[0],[13]],[[{"name":"bug","rect":[36,36,846,594],"offset":[0,0],"originalSize":[918,666],"capInsets":[0,0,0,0]}],[1],0,[0],[0],[14]],[[[0,"ball_and_dog",".mp3",1.38449],-1],0,0,[],[],[]],[[{"name":"ap_puzzle7_cow1_puzzle","rect":[3,4,269,184],"offset":[0.5,4],"originalSize":[274,200],"capInsets":[0,0,0,0]}],[1],0,[0],[0],[15]],[["1,9729,9729,33071,33071,0,0,1",-1],[0],0,[],[],[]],[[[0,"bugs",".mp3",0.653061],-1],0,0,[],[],[]],[["1,9729,9729,33071,33071,0,0,1",-1],[0],0,[],[],[]],[["1,9729,9729,33071,33071,0,0,1",-1],[0],0,[],[],[]],[["1,9729,9729,33071,33071,0,0,1",-1],[0],0,[],[],[]],[[{"name":"ap2_puzzle5_background","rect":[0,0,802,432],"offset":[0,0],"originalSize":[802,432],"capInsets":[0,0,0,0]}],[1],0,[0],[0],[16]],[[{"name":"ap2_puzzle7_background","rect":[0,0,802,432],"offset":[0,0],"originalSize":[802,432],"capInsets":[0,0,0,0]}],[1],0,[0],[0],[17]],[["0,9729,9729,33071,33071,0,0,1",-1],[0],0,[],[],[]],[["1,9729,9729,33071,33071,0,0,1",-1],[0],0,[],[],[]],[["0,9729,9729,33071,33071,0,0,1",-1],[0],0,[],[],[]],[[{"name":"dog","rect":[0,20,140,99],"offset":[0,0.5],"originalSize":[140,140],"capInsets":[0,0,0,0]}],[1],0,[0],[0],[18]],[["1,9729,9729,33071,33071,0,0,1",-1],[0],0,[],[],[]],[["0,9729,9729,33071,33071,0,0,1",-1],[0],0,[],[],[]],[["0,9729,9729,33071,33071,0,0,1",-1],[0],0,[],[],[]],[["0,9729,9729,33071,33071,0,0,1",-1],[0],0,[],[],[]],[[{"name":"ap_puzzle7_cow3_puzzle","rect":[2,7,193,141],"offset":[-1,2.5],"originalSize":[199,160],"capInsets":[0,0,0,0]}],[1],0,[0],[0],[19]],[[{"name":"ap_puzzle4_elephant3_puzzle","rect":[3,5,153,182],"offset":[0.5,2],"originalSize":[158,196],"capInsets":[0,0,0,0]}],[1],0,[0],[0],[20]],[[{"name":"ap2_puzzle5_dog_puzzle","rect":[5,4,467,331],"offset":[1,4],"originalSize":[475,347],"capInsets":[0,0,0,0]}],[1],0,[0],[0],[21]],[[{"name":"ap_puzzle3_bird2_puzzle","rect":[3,3,118,286],"offset":[0.5,4],"originalSize":[123,300],"capInsets":[0,0,0,0]}],[1],0,[0],[0],[22]],[[{"name":"ap_puzzle5_background","rect":[0,0,802,432],"offset":[0,0],"originalSize":[802,432],"capInsets":[0,0,0,0]}],[1],0,[0],[0],[23]],[["0,9729,9729,33071,33071,0,0,1",-1],[0],0,[],[],[]],[["1,9729,9729,33071,33071,0,0,1",-1],[0],0,[],[],[]],[["0,9729,9729,33071,33071,0,0,1",-1],[0],0,[],[],[]],[[{"name":"ap_puzzle7_cow2_puzzle","rect":[4,4,191,239],"offset":[0.5,3],"originalSize":[198,253],"capInsets":[0,0,0,0]}],[1],0,[0],[0],[24]],[["0,9729,9729,33071,33071,0,0,1",-1],[0],0,[],[],[]],[[{"name":"ap_puzzle5_eagle3_puzzle","rect":[5,5,368,212],"offset":[0,3],"originalSize":[378,228],"capInsets":[0,0,0,0]}],[1],0,[0],[0],[25]],[[[0,"birds",".mp3",0.679184],-1],0,0,[],[],[]],[[[0,"cow",".mp3",0.653061],-1],0,0,[],[],[]],[["0,9729,9729,33071,33071,0,0,1",-1],[0],0,[],[],[]],[[{"name":"ap_puzzle2_ladybug2_puzzle","rect":[3,2,230,151],"offset":[-2.5,4],"originalSize":[241,163],"capInsets":[0,0,0,0]}],[1],0,[0],[0],[26]],[[{"name":"ap_puzzle3_bird1_puzzle","rect":[4,3,115,297],"offset":[1.5,3.5],"originalSize":[120,310],"capInsets":[0,0,0,0]}],[1],0,[0],[0],[27]],[[{"name":"ap_puzzle2_ladybug1_puzzle","rect":[3,1,380,220],"offset":[1,5],"originalSize":[384,232],"capInsets":[0,0,0,0]}],[1],0,[0],[0],[28]],[[{"name":"ap_puzzle5_eagle2_puzzle","rect":[4,6,355,192],"offset":[0,3],"originalSize":[363,210],"capInsets":[0,0,0,0]}],[1],0,[0],[0],[29]],[["0,9729,9729,33071,33071,0,0,1",-1],[0],0,[],[],[]],[["0,9729,9729,33071,33071,0,0,1",-1],[0],0,[],[],[]],[[{"name":"ap2_puzzle10_goat2_puzzle","rect":[0,2,224,280],"offset":[-1,4.5],"originalSize":[226,293],"capInsets":[0,0,0,0]}],[1],0,[0],[0],[30]],[["0,9729,9729,33071,33071,0,0,1",-1],[0],0,[],[],[]],[[{"name":"ap_puzzle3_bird3_puzzle","rect":[4,7,133,238],"offset":[1.5,1.5],"originalSize":[138,255],"capInsets":[0,0,0,0]}],[1],0,[0],[0],[31]],[[{"name":"ap_puzzle7_background","rect":[0,0,802,432],"offset":[0,0],"originalSize":[802,432],"capInsets":[0,0,0,0]}],[1],0,[0],[0],[32]],[[{"name":"ap_puzzle7_cow4_puzzle","rect":[4,1,192,217],"offset":[0.5,4.5],"originalSize":[199,228],"capInsets":[0,0,0,0]}],[1],0,[0],[0],[33]],[["0,9729,9729,33071,33071,0,0,1",-1],[0],0,[],[],[]],[[{"name":"ap2_puzzle7_cat_puzzle","rect":[3,2,316,341],"offset":[0.5,4],"originalSize":[321,353],"capInsets":[0,0,0,0]}],[1],0,[0],[0],[34]],[[{"name":"ap2_puzzle7_butterfly_puzzle","rect":[2,3,129,151],"offset":[0.5,4.5],"originalSize":[132,166],"capInsets":[0,0,0,0]}],[1],0,[0],[0],[35]]]]