[1,["91YU5pemtLgby0SeZRNZIf","82qxSe1cBMP5rpywHL37lz","dbbhORrGpAEYNxveLnJ8h9","bbZ4MM2bNBmLWu6JsIXtZI","014ZcTfaZKNL2zA7fnHjWA","6eoAlrUh1PirXwN0B9db9T"],["_textureSetter"],["cc.Texture2D","cc.SpriteFrame",["cc.AudioClip",["_name","_native","duration"],0],["cc.JsonAsset",["_name","json"],1]],[[2,0,1,2,4],[3,0,1,3]],[[["0,9729,9729,33071,33071,0,0,1",-1],[0],0,[],[],[]],[[[0,"बहन",".mp3",0.731429],-1],0,0,[],[],[]],[[[0,"मटर",".mp3",0.600816],-1],0,0,[],[],[]],[[{"name":"नमक","rect":[0,0,370,273],"offset":[0,0],"originalSize":[370,273],"capInsets":[0,0,0,0]}],[1],0,[0],[0],[0]],[[{"name":"पवन","rect":[0,21,370,232],"offset":[0,-0.5],"originalSize":[370,273],"capInsets":[0,0,0,0]}],[1],0,[0],[0],[1]],[[{"name":"महल","rect":[0,0,370,273],"offset":[0,0],"originalSize":[370,273],"capInsets":[0,0,0,0]}],[1],0,[0],[0],[2]],[["0,9729,9729,33071,33071,0,0,1",-1],[0],0,[],[],[]],[[[0,"महल",".mp3",0.705306],-1],0,0,[],[],[]],[[[0,"नमक",".mp3",0.731429],-1],0,0,[],[],[]],[["0,9729,9729,33071,33071,0,0,1",-1],[0],0,[],[],[]],[[[0,"नहर",".mp3",1.32],-1],0,0,[],[],[]],[["0,9729,9729,33071,33071,0,0,1",-1],[0],0,[],[],[]],[[[1,"hi1202",{"rows":[["writeword","1","Description","महल","महल.png","महल.mp3"],["writeword","1","Description","नहर","नहर.png","नहर.mp3"],["writeword","1","Description","पवन","पवन.png","पवन.mp3"],["writeword","1","Description","नमक","नमक.png","नमक.mp3"],["writeword","1","Description","मटर","मटर.png","मटर.mp3"],["writeword","1","Description","बहन","बहन.png","बहन.mp3"],["quizliteracy","1","Description","soundonly_word","बहन","नमक","महल","बहन","","","बहन.mp3"],["quizliteracy","1","Description","image_word","महल","महल","नमक","बहन","महल.png"],["quizliteracy","1","Description","image_word","नमक","नमक","बहन","महल","नमक.png"]]}]],0,0,[],[],[]],[["0,9729,9729,33071,33071,0,0,1",-1],[0],0,[],[],[]],[[{"name":"मटर","rect":[0,0,400,333],"offset":[0,0],"originalSize":[400,333],"capInsets":[0,0,0,0]}],[1],0,[0],[0],[3]],[[{"name":"बहन","rect":[0,0,370,273],"offset":[0,0],"originalSize":[370,273],"capInsets":[0,0,0,0]}],[1],0,[0],[0],[4]],[[[0,"पवन",".mp3",0.600816],-1],0,0,[],[],[]],[[{"name":"नहर","rect":[0,0,370,273],"offset":[0,0],"originalSize":[370,273],"capInsets":[0,0,0,0]}],[1],0,[0],[0],[5]],[["0,9729,9729,33071,33071,0,0,1",-1],[0],0,[],[],[]]]]