[1,["cdHM5nOiBDyKwBJRr3RsF/","22BlI69ilGW4g2mPplWDbd","b5S3HNGi9H+qORBfzoz2wp","62ZCgMW7JBlYRkdDzsT5op","931gfGuwlLWZPF6pVIsWlR","57aWMOqLtDK6YUUREF10Rt","cf8Qrh9G5LSpMRC3FGBDJk","17H6fOMPVIMKwf/3XN+9ge","48lvsj6MJCwoIfe7a3KZcO","bfA9q5mVNJZqL4NVa07Fz1","99wT7FOShLR6HQYSM1WYgl","732TqLUl5FqYm65QAtLV9f","0eWZdkt5tIW7Yd8clBYMpB"],["_textureSetter"],["cc.SpriteFrame","cc.Texture2D",["cc.AudioClip",["_name","_native","duration"],0],["cc.JsonAsset",["_name","json"],1]],[[2,0,1,2,4],[3,0,1,3]],[[[{"name":"image_4_4","rect":[0,0,845,695],"offset":[0,0],"originalSize":[845,695],"capInsets":[0,0,0,0]}],[0],0,[0],[0],[0]],[[[0,"wild_cats",".mp3",1.632],-1],0,0,[],[],[]],[[[0,"chicken",".mp3",1.056],-1],0,0,[],[],[]],[["1,9729,9729,33071,33071,0,0,1",-1],[1],0,[],[],[]],[[[0,"The_goats_are_in_front_of_the_tree",".mp3",3.024],-1],0,0,[],[],[]],[["0,9729,9729,33071,33071,0,0,1",-1],[1],0,[],[],[]],[[[0,"owl",".mp3",0.744],-1],0,0,[],[],[]],[[{"name":"rabbit","rect":[0,0,1200,1000],"offset":[0,0],"originalSize":[1200,1000],"capInsets":[0,0,0,0]}],[0],0,[0],[0],[1]],[["0,9729,9729,33071,33071,0,0,1",-1],[1],0,[],[],[]],[[[0,"bee",".mp3",0.936],-1],0,0,[],[],[]],[[[0,"snake",".mp3",1.152],-1],0,0,[],[],[]],[[[0,"egg",".mp3",0.792],-1],0,0,[],[],[]],[[[0,"rooster",".mp3",1.128],-1],0,0,[],[],[]],[[[0,"insects",".mp3",1.44],-1],0,0,[],[],[]],[[{"name":"bear","rect":[0,0,1200,1000],"offset":[0,0],"originalSize":[1200,1000],"capInsets":[0,0,0,0]}],[0],0,[0],[0],[2]],[[[0,"toucan",".mp3",1.008],-1],0,0,[],[],[]],[["1,9729,9729,33071,33071,0,0,1",-1],[1],0,[],[],[]],[[[0,"frog",".mp3",1.128],-1],0,0,[],[],[]],[[{"name":"image_5_1","rect":[0,0,845,695],"offset":[0,0],"originalSize":[845,695],"capInsets":[0,0,0,0]}],[0],0,[0],[0],[3]],[["1,9729,9729,33071,33071,0,0,1",-1],[1],0,[],[],[]],[[{"name":"image_4_1","rect":[0,0,845,695],"offset":[0,0],"originalSize":[845,695],"capInsets":[0,0,0,0]}],[0],0,[0],[0],[4]],[[{"name":"image_4_3","rect":[0,0,845,695],"offset":[0,0],"originalSize":[845,695],"capInsets":[0,0,0,0]}],[0],0,[0],[0],[5]],[[{"name":"pig","rect":[0,0,1200,1000],"offset":[0,0],"originalSize":[1200,1000],"capInsets":[0,0,0,0]}],[0],0,[0],[0],[6]],[["1,9729,9729,33071,33071,0,0,1",-1],[1],0,[],[],[]],[[{"name":"dog","rect":[0,0,700,432],"offset":[0,0],"originalSize":[700,432],"capInsets":[0,0,0,0]}],[0],0,[0],[0],[7]],[[[0,"crow",".mp3",0.816],-1],0,0,[],[],[]],[[[0,"squirrel",".mp3",1.152],-1],0,0,[],[],[]],[[[0,"lion",".mp3",1.032],-1],0,0,[],[],[]],[["0,9729,9729,33071,33071,0,0,1",-1],[1],0,[],[],[]],[[[0,"fly",".mp3",0.96],-1],0,0,[],[],[]],[[[0,"pig",".mp3",0.864],-1],0,0,[],[],[]],[[[0,"tiger",".mp3",1.056],-1],0,0,[],[],[]],[[{"name":"image_4_2","rect":[0,0,845,695],"offset":[0,0],"originalSize":[845,695],"capInsets":[0,0,0,0]}],[0],0,[0],[0],[8]],[[[0,"animals",".mp3",1.296],-1],0,0,[],[],[]],[[[0,"birds",".mp3",1.272],-1],0,0,[],[],[]],[[{"name":"image_5_3","rect":[0,0,845,695],"offset":[0,0],"originalSize":[845,695],"capInsets":[0,0,0,0]}],[0],0,[0],[0],[9]],[[[0,"barn",".mp3",1.032],-1],0,0,[],[],[]],[[[0,"cow",".mp3",0.84],-1],0,0,[],[],[]],[["1,9729,9729,33071,33071,0,0,1",-1],[1],0,[],[],[]],[[[0,"hen",".mp3",0.912],-1],0,0,[],[],[]],[[[0,"ladybug",".mp3",1.416],-1],0,0,[],[],[]],[["1,9729,9729,33071,33071,0,0,1",-1],[1],0,[],[],[]],[[{"name":"image_5_4","rect":[0,0,845,695],"offset":[0,0],"originalSize":[845,695],"capInsets":[0,0,0,0]}],[0],0,[0],[0],[10]],[[{"name":"cow","rect":[0,0,700,432],"offset":[0,0],"originalSize":[700,432],"capInsets":[0,0,0,0]}],[0],0,[0],[0],[11]],[[[0,"leopard",".mp3",1.152],-1],0,0,[],[],[]],[[[0,"butterfly",".mp3",1.368],-1],0,0,[],[],[]],[[[0,"cock",".mp3",0.96],-1],0,0,[],[],[]],[[[0,"monkey",".mp3",1.152],-1],0,0,[],[],[]],[[[0,"The_chicken_is_in_the_coop",".mp3",2.352],-1],0,0,[],[],[]],[[[0,"goat",".mp3",1.08],-1],0,0,[],[],[]],[[[0,"dog",".mp3",1.08],-1],0,0,[],[],[]],[["0,9729,9729,33071,33071,0,0,1",-1],[1],0,[],[],[]],[[[0,"chick",".mp3",0.936],-1],0,0,[],[],[]],[[{"name":"image_5_2","rect":[0,0,845,695],"offset":[0,0],"originalSize":[845,695],"capInsets":[0,0,0,0]}],[0],0,[0],[0],[12]],[["1,9729,9729,33071,33071,0,0,1",-1],[1],0,[],[],[]],[[[0,"bear",".mp3",0.912],-1],0,0,[],[],[]],[[[0,"cage",".mp3",1.008],-1],0,0,[],[],[]],[["1,9729,9729,33071,33071,0,0,1",-1],[1],0,[],[],[]],[[[0,"goose",".mp3",1.176],-1],0,0,[],[],[]],[["0,9729,9729,33071,33071,0,0,1",-1],[1],0,[],[],[]],[[[0,"farm",".mp3",0.96],-1],0,0,[],[],[]],[[[0,"The_lions_are_sitting_next_to_the_tree",".mp3",3.408],-1],0,0,[],[],[]],[[[0,"forest",".mp3",1.32],-1],0,0,[],[],[]],[[[1,"en2404",{"rows":[["fillblank","1","Description","The [chicken] is in the coop.","The_chicken_is_in_the_coop.mp3","hen","lion","zebra","15"],["fillblank","1","Description","The [goats] are in front of the tree.","The_goats_are_in_front_of_the_tree.mp3","sheep","lion","frog","15"],["fillblank","1","Description","The [lions] are sitting next to the tree.","The_lions_are_sitting_next_to_the_tree.mp3","goats","dogs","cats","15"],["tag","1","Description","image_4_1.jpg","animals","758.-1520","animals.mp3","dog","1251.-1045","dog.mp3","cat","972.-373","cat.mp3","cow","297.-767","cow.mp3"],["tag","1","Description","image_4_2.jpg","animals","280.-1520","animals.mp3","bear","757.-899","bear.mp3","snake","1240.-1136","snake.mp3","monkey","751.-577","monkey.mp3"],["tag","1","Description","image_4_3.jpg","cage","280.-1520","cage.mp3","chicken","280.-989","chicken.mp3","chick","1280.-482","chick.mp3","egg","1280.-1235","egg.mp3"],["tag","1","Description","image_4_4.jpg","farm","280.-1520","farm.mp3","barn","394.-438","barn.mp3","pig","1324.-753","pig.mp3","hen","257.-889","hen.mp3","rooster","883.-1146","rooster.mp3"],["tag","1","Description","image_5_1.jpg","wild cats","725.-1520","wild_cats.mp3","leopard","298.-944","leopard.mp3","lion","1250.-1115","lion.mp3","tiger","989.-441","tiger.mp3"],["tag","1","Description","image_5_2.jpg","birds","719.-914","birds.mp3","cock","1250.-368","cock.mp3","crow","299.-1479","crow.mp3","owl","1250.-1479","owl.mp3","goose","299.-368","goose.mp3"],["tag","1","Description","image_5_3.jpg","insects","694.-442","insects.mp3","bee","1274.-832","bee.mp3","fly","394.-1478","fly.mp3","ladybug","617.-802","ladybug.mp3","butterfly","1249.-1359","butterfly.mp3"],["tag","1","Description","image_5_4.jpg","forest","1075.-413","forest.mp3","squirrel","299.-1074","squirrel.mp3","snake","322.-472","snake.mp3","frog","1243.-704","frog.mp3","toucan","1295.-1178","toucan.mp3"],["quizliteracy","1","Description","soundonly_word","goat","hen","lion","goat","","","goat.mp3"],["quizliteracy","1","Description","image_word","bear","bear","dog","cow","bear.png"],["quizliteracy","1","Description","image_word","rabbit","rabbit","bear","leopard","rabbit.png"],["quizliteracy","1","Description","soundonly_word","lion","lion","frog","duck","","","lion.mp3"],["quizliteracy","1","Description","soundonly_image","cow.png","dog.png","pig.png","cow.png","","","cow.mp3"]]}]],0,0,[],[],[]],[[[0,"cat",".mp3",0.936],-1],0,0,[],[],[]]]]