[1,["caXwt8oDxNI6uu/SH8jHq5","51fIfWCaRKsIybb9abTdoT","80iPzBlqFDhpeKwSoCerY0"],["_textureSetter"],["cc.Texture2D","cc.SpriteFrame",["cc.AudioClip",["_name","_native","duration"],0],["cc.JsonAsset",["_name","json"],1]],[[2,0,1,2,4],[3,0,1,3]],[[[[0,"सल्ला",".mp3",0.783673],-1],0,0,[],[],[]],[[[0,"होत्या",".mp3",0.862041],-1],0,0,[],[],[]],[[[0,"आत्या",".mp3",0.914286],-1],0,0,[],[],[]],[["0,9729,9729,33071,33071,0,0,1",-1],[0],0,[],[],[]],[[{"name":"पणत्या","rect":[0,0,612,612],"offset":[0,0],"originalSize":[612,612],"capInsets":[0,0,0,0]}],[1],0,[0],[0],[0]],[[[0,"त्या",".mp3",0.574694],-1],0,0,[],[],[]],[[[0,"गावाच्या",".mp3",1.07102],-1],0,0,[],[],[]],[[[1,"mr2200",{"rows":[["speakingpet","1","Description","त्या.mp3","च्या.mp3","होत्या","होत्या.mp3","A","2,3","आत्या","आत्या.mp3","A","2,3","मिरच्या","मिरच्या.mp3","B","3,4","गावाच्या","गावाच्या.mp3","B","3,4"],["speakingpet","1","Description","स्त.mp3","ल्ला.mp3","मस्तक","मस्तक.mp3","A","2,3","पुस्तक","पुस्तक.mp3","A","2,3","सल्ला","सल्ला.mp3","B","2,3","हल्ला","हल्ला.mp3","B","2,3"],["spelldoor","1","Description","पणत्या","पण*","0","1","पणत्या.png","पणत्या.mp3"],["spelldoor","1","Description","नावाच्या","नावा*","0","1","नावाच्या.png","नावाच्या.mp3"],["spelldoor","1","Description","जास्त","जा*","0","1","जास्त.png","जास्त.mp3"],["quizliteracy","1","Description","soundonly_word","पुस्तक","जास्त","होत्या","पुस्तक","","","पुस्तक.mp3"],["quizliteracy","1","Description","soundonly_word","होत्या","होत्या","पुस्तक","जास्त","","","होत्या.mp3"],["quizliteracy","1","Description","soundonly_word","जास्त","पुस्तक","जास्त","होत्या","","","जास्त.mp3"]]}]],0,0,[],[],[]],[[[0,"नावाच्या",".mp3",1.07102],-1],0,0,[],[],[]],[[{"name":"जास्त","rect":[0,0,342,512],"offset":[0,0],"originalSize":[342,512],"capInsets":[0,0,0,0]}],[1],0,[0],[0],[1]],[[[0,"च्या",".mp3",0.705306],-1],0,0,[],[],[]],[[[0,"पणत्या",".mp3",0.757551],-1],0,0,[],[],[]],[["0,9729,9729,33071,33071,0,0,1",-1],[0],0,[],[],[]],[[{"name":"नावाच्या","rect":[0,0,384,300],"offset":[0,0],"originalSize":[384,300],"capInsets":[0,0,0,0]}],[1],0,[0],[0],[2]],[[[0,"मिरच्या",".mp3",0.940408],-1],0,0,[],[],[]],[[[0,"मस्तक",".mp3",0.809796],-1],0,0,[],[],[]],[[[0,"पुस्तक",".mp3",0.757551],-1],0,0,[],[],[]],[[[0,"हल्ला",".mp3",0.653061],-1],0,0,[],[],[]],[[[0,"ल्ला",".mp3",0.600816],-1],0,0,[],[],[]],[["0,9729,9729,33071,33071,0,0,1",-1],[0],0,[],[],[]],[[[0,"जास्त",".mp3",0.992653],-1],0,0,[],[],[]],[[[0,"स्त",".mp3",0.809796],-1],0,0,[],[],[]]]]