[1,["20dQ6KKpZDh7xB0QtGK0Jf","a61nxAmrFHSLTadcc2ZXXP","78ZoIFhuNNnZDJENs1Mmv4","36sz8s1GJKzKpLliA2aycb","77wxIM35RKG7mMTXTr82Eq","57hnh2HulEC5Jjx7LLi8qb","480DoZ9L5BP67v4TPNo72m","9fPj34sZtCApsqjNPThLpo"],["_textureSetter"],["cc.Texture2D","cc.SpriteFrame",["cc.AudioClip",["_name","_native","duration"],0],["cc.JsonAsset",["_name","json"],1]],[[2,0,1,2,4],[3,0,1,3]],[[[[0,"बागेत_फुगेवाला _हे",".mp3",2.063673],-1],0,0,[],[],[]],[[[0,"बागेत_खूप_झाडे_आहेत",".mp3",2.35102],-1],0,0,[],[],[]],[["0,9729,9729,33071,33071,0,0,1",-1],[0],0,[],[],[]],[[{"name":"different_birds","rect":[0,0,640,373],"offset":[0,0],"originalSize":[640,373],"capInsets":[0,0,0,0]}],[1],0,[0],[0],[0]],[[[1,"mr4403",{"rows":[["createsentence","1","Description","बागेत/खूप/झाडे/आहेत.","","trees.png","बागेत_खूप_झाडे_आहेत.mp3"],["createsentence","1","Description","बागेत/विविध/प्रकारचे/पक्षी/आहेत.","","different_birds.png","बागेत_विविध_प्रकारचे_पक्षी_आहेत.mp3"],["createsentence","1","Description","बागेत/फुगेवाला/आहे.","","balloonman.png","बागेत_फुगेवाला _हे.mp3"],["createsentence","1","Description","बागेत/मुले/मुली/खेळत/आहेत.","","kids_park.png","बागेत_मुले_मुली_खेळत_आहेत.mp3"],["createsentence","1","Description","बागेच्या/बाहेर/कचरा/कुंडी/आहे.","","garbagebin.png","बागेच्या_बाहेर_कचरा_कुंडी_आहे.mp3"],["createsentence","1","Description","बागेतील/सी/सॉवर/मुले/खेळत/आहेत.","","kids_seasaw.png","बागेतील_सी_सॉ_वर_मुले_खेळत_आहेत.mp3"],["createsentence","1","Description","बागेत/झोपाळा/आहे.","","swingpark.png","बागेत_झोपाळा_आहे.mp3"],["createsentence","1","Description","बागेत/घसरगुंडी/आहे.","","slidepark.png","बागेत_घसरगुंडी_आहे.mp3"],["quizliteracy","1","Description","image_sentence","बागेत खूप झाडे आहेत.","बागेत घसरगुंडी आहे.","बागेत विविध प्रकारचे पक्षी आहेत.","बागेत खूप झाडे आहेत.","trees.png","","बागेत_खूप_झाडे_आहेत.mp3"],["quizliteracy","1","Description","image_sentence","बागेत झोपाळा आहे.","बागेत झोपाळा आहे.","बागेच्या बाहेर कचरा कुंडी आहे.","बागेत विविध प्रकारचे पक्षी आहेत.","swingpark.png","","बागेत_झोपाळा_आहे.mp3"],["quizliteracy","1","Description","image_sentence","बागेत घसरगुंडी आहे.","बागेत खूप झाडे आहेत.","बागेत घसरगुंडी आहे.","बागेत झोपाळा आहे.","slidepark.png","","बागेत_घसरगुंडी_आहे.mp3"]]}]],0,0,[],[],[]],[["0,9729,9729,33071,33071,0,0,1",-1],[0],0,[],[],[]],[[[0,"बागेत_घसरगुंडी_आहे",".mp3",1.933061],-1],0,0,[],[],[]],[["0,9729,9729,33071,33071,0,0,1",-1],[0],0,[],[],[]],[[{"name":"garbagebin","rect":[159,0,280,600],"offset":[-1,0],"originalSize":[600,600],"capInsets":[0,0,0,0]}],[1],0,[0],[0],[1]],[[[0,"बागेतील_सी_सॉ_वर_मुले_खेळत_आहेत",".mp3",3.186939],-1],0,0,[],[],[]],[[[0,"बागेत_झोपाळा_आहे",".mp3",1.750204],-1],0,0,[],[],[]],[[{"name":"slidepark","rect":[0,0,640,427],"offset":[0,0],"originalSize":[640,427],"capInsets":[0,0,0,0]}],[1],0,[0],[0],[2]],[["0,9729,9729,33071,33071,0,0,1",-1],[0],0,[],[],[]],[[{"name":"balloonman","rect":[0,0,640,427],"offset":[0,0],"originalSize":[640,427],"capInsets":[0,0,0,0]}],[1],0,[0],[0],[3]],[[[0,"बागेत_मुले_मुली_खेळत_आहेत",".mp3",2.66449],-1],0,0,[],[],[]],[[{"name":"trees","rect":[0,0,640,480],"offset":[0,0],"originalSize":[640,480],"capInsets":[0,0,0,0]}],[1],0,[0],[0],[4]],[["0,9729,9729,33071,33071,0,0,1",-1],[0],0,[],[],[]],[["0,9729,9729,33071,33071,0,0,1",-1],[0],0,[],[],[]],[[[0,"बागेत_विविध_प्रकारचे_पक्षी_आहेत",".mp3",3.004082],-1],0,0,[],[],[]],[["0,9729,9729,33071,33071,0,0,1",-1],[0],0,[],[],[]],[[{"name":"kids_park","rect":[0,0,640,413],"offset":[0,0],"originalSize":[640,413],"capInsets":[0,0,0,0]}],[1],0,[0],[0],[5]],[["0,9729,9729,33071,33071,0,0,1",-1],[0],0,[],[],[]],[[{"name":"kids_seasaw","rect":[35,42,538,269],"offset":[-16,-11],"originalSize":[640,331],"capInsets":[0,0,0,0]}],[1],0,[0],[0],[6]],[[[0,"बागेच्या_बाहेर_कचरा_कुंडी_आहे",".mp3",2.56],-1],0,0,[],[],[]],[[{"name":"swingpark","rect":[0,0,640,426],"offset":[0,0],"originalSize":[640,426],"capInsets":[0,0,0,0]}],[1],0,[0],[0],[7]]]]