[1,["0bXSStVa5OWYBL92UFk36D","c1HtwhQblDOJhrXlsC6lA8","af9HmwKHhA+4mK8ne/moDY","c3I2D0JJhM5rgHcyeK23ps","2eckWKcdJFdbN/S+/Too+2","f1iPHCcJlCC4z4MM3ceo5A","72idO50sRB+7r3cdLOySsT","ddBNm/C69DHpIB/bwCZQ8Z","8dUE71hDJAD7PmHS7l5g7P","50rvvfLgZC4492PP+Zd/WL","e7VcTFJBhGQ6H9TWV/21yU"],["_textureSetter"],["cc.Texture2D","cc.SpriteFrame",["cc.JsonAsset",["_name","json"],1]],[[2,0,1,3]],[[["0,9729,9729,33071,33071,0,0,1",-1],[0],0,[],[],[]],[[{"name":"findthematch_lv1_lion","rect":[30,45,118,138],"offset":[5,-2],"originalSize":[168,224],"capInsets":[0,0,0,0]}],[1],0,[0],[0],[0]],[["0,9729,9729,33071,33071,0,0,1",-1],[0],0,[],[],[]],[[{"name":"findthematch_lv1_elephant","rect":[25,35,129,156],"offset":[5.5,-1],"originalSize":[168,224],"capInsets":[0,0,0,0]}],[1],0,[0],[0],[1]],[[{"name":"findthematch_lv1_rhino","rect":[15,65,137,94],"offset":[-0.5,0],"originalSize":[168,224],"capInsets":[0,0,0,0]}],[1],0,[0],[0],[2]],[[{"name":"findthematch_lv1_meerkat","rect":[61,40,80,158],"offset":[17,-7],"originalSize":[168,224],"capInsets":[0,0,0,0]}],[1],0,[0],[0],[3]],[[{"name":"findthematch_lv1_hippo","rect":[21,68,126,96],"offset":[0,-4],"originalSize":[168,224],"capInsets":[0,0,0,0]}],[1],0,[0],[0],[4]],[["0,9729,9729,33071,33071,0,0,1",-1],[0],0,[],[],[]],[[{"name":"findthematch_lv2_bird2","rect":[11,70,141,91],"offset":[-2.5,-3.5],"originalSize":[168,224],"capInsets":[0,0,0,0]}],[1],0,[0],[0],[5]],[[{"name":"findthematch_lv2_bird3","rect":[25,69,120,99],"offset":[1,-6.5],"originalSize":[168,224],"capInsets":[0,0,0,0]}],[1],0,[0],[0],[6]],[["0,9729,9729,33071,33071,0,0,1",-1],[0],0,[],[],[]],[[[0,"matchingcard0001",{"rows":[["matchingcard","1","Description","2","findthematch_lv1_elephant.png","findthematch_lv1_girrafe.png",""],["matchingcard","1","Description","2","findthematch_lv1_frog.png","findthematch_lv1_gorilla.png",""],["matchingcard","1","Description","2","findthematch_lv1_gorilla.png","findthematch_lv1_lion.png",""],["matchingcard","1","Description","2","findthematch_lv1_meerkat.png","findthematch_lv1_hippo.png",""],["matchingcard","1","Description","2","findthematch_lv1_meerkat.png","findthematch_lv1_rhino.png",""],["matchingcard","1","Description","3","findthematch_lv2_bird3.png","findthematch_lv2_bird2.png","findthematch_lv2_bird1.png",""]]}]],0,0,[],[],[]],[["0,9729,9729,33071,33071,0,0,1",-1],[0],0,[],[],[]],[[{"name":"findthematch_lv1_gorilla","rect":[22,40,125,145],"offset":[0.5,-0.5],"originalSize":[168,224],"capInsets":[0,0,0,0]}],[1],0,[0],[0],[7]],[[{"name":"findthematch_lv2_bird1","rect":[25,59,128,115],"offset":[5,-4.5],"originalSize":[168,224],"capInsets":[0,0,0,0]}],[1],0,[0],[0],[8]],[["0,9729,9729,33071,33071,0,0,1",-1],[0],0,[],[],[]],[[{"name":"findthematch_lv1_frog","rect":[31,75,105,83],"offset":[-0.5,-4.5],"originalSize":[168,224],"capInsets":[0,0,0,0]}],[1],0,[0],[0],[9]],[["0,9729,9729,33071,33071,0,0,1",-1],[0],0,[],[],[]],[["0,9729,9729,33071,33071,0,0,1",-1],[0],0,[],[],[]],[["0,9729,9729,33071,33071,0,0,1",-1],[0],0,[],[],[]],[[{"name":"findthematch_lv1_girrafe","rect":[30,24,103,172],"offset":[-2.5,2],"originalSize":[168,224],"capInsets":[0,0,0,0]}],[1],0,[0],[0],[10]],[["0,9729,9729,33071,33071,0,0,1",-1],[0],0,[],[],[]],[["0,9729,9729,33071,33071,0,0,1",-1],[0],0,[],[],[]]]]