[1,["f35I97nTJPFbx6lxwavrUB","94pQGuVMhDOp8+SSi3/xc7","25OFe0RHxNqpEZrOjYRnox","d14BP4ZaBDu508TiqkRi7z","5fUv+Pz4JME7sk7N1/xHLB","25Hqo56gtPhLwt1ek1eQtR","d5wTgjwaxGCL7JULoPQdgX","c5D2ZYwPlLeKtIr0cgVKdq","7bhmcVDzNG1orZHBCR+5dv","4frqHdNPdBdpVSg9lq9DIh","08P6M1ymlGuIdzOJdwonPh","c3OCmQp1RC+ZAlZLeSOLNG"],["_textureSetter"],["cc.Texture2D","cc.SpriteFrame",["cc.AudioClip",["_name","_native","duration"],0],["cc.JsonAsset",["_name","json"],1]],[[2,0,1,2,4],[3,0,1,3]],[[["0,9729,9729,33071,33071,0,0,1",-1],[0],0,[],[],[]],[[[0,"पैसा",".mp3",0.768],-1],0,0,[],[],[]],[[{"name":"केरसुणी","rect":[62,125,261,344],"offset":[5,36],"originalSize":[375,666],"capInsets":[0,0,0,0]}],[1],0,[0],[0],[0]],[[{"name":"hair","rect":[0,0,379,640],"offset":[0,0],"originalSize":[379,640],"capInsets":[0,0,0,0]}],[1],0,[0],[0],[1]],[["0,9729,9729,33071,33071,0,0,1",-1],[0],0,[],[],[]],[["0,9729,9729,33071,33071,0,0,1",-1],[0],0,[],[],[]],[[{"name":"chowk","rect":[0,0,269,187],"offset":[0,0],"originalSize":[269,187],"capInsets":[0,0,0,0]}],[1],0,[0],[0],[2]],[[[0,"केस",".mp3",0.731429],-1],0,0,[],[],[]],[[{"name":"sparrow","rect":[0,0,640,411],"offset":[0,0],"originalSize":[640,411],"capInsets":[0,0,0,0]}],[1],0,[0],[0],[3]],[[[0,"चौ",".mp3",0.835918],-1],0,0,[],[],[]],[[[0,"चिवडा",".mp3",0.624],-1],0,0,[],[],[]],[[[0,"पैकडी",".mp3",0.816],-1],0,0,[],[],[]],[["0,9729,9729,33071,33071,0,0,1",-1],[0],0,[],[],[]],[[[0,"चौक",".mp3",0.72],-1],0,0,[],[],[]],[[[1,"mr2902",{"rows":[["phonictractor","1","Description","5","चि","चि.mp3","चि","चि.mp3"],["writecard","1","Description","च","चिमणी","sparrow.png","चिमणी.mp3","चित्र","picture.png","चित्र.mp3","चिवडा","chiwda.png","चिवडा.mp3"],["phonictractor","1","Description","5","के","के.mp3","के","के.mp3"],["writecard","1","Description","क","केळी","banana.png","केळी.mp3","केरसुणी","केरसुणी.png","केरसुणी.mp3","केस","hair.png","केस.mp3"],["phonictractor","1","Description","5","चौ","चौ.mp3","चौ","चौ.mp3"],["writecard","1","Description","च","चौदा","forteen.png","चौदा.mp3","चौक","chowk.png","चौक.mp3","चौकट","doorframe.png","चौकट.mp3"],["phonictractor","1","Description","5","पै","पै.mp3","पै","पै.mp3"],["writecard","1","Description","प","पैसा","money.png","पैसा.mp3","पैकडी","wheel.png","पैकडी.mp3","पैंजण","anklet.png","पैंजण.mp3"],["quizliteracy","1","Description","soundonly_word","चि","चि","के","पै","","","चि.mp3"],["quizliteracy","1","Description","soundonly_word","के","पै","चि","के","","","के.mp3"],["quizliteracy","1","Description","soundonly_word","पै","के","पै","चि","","","पै.mp3"]]}]],0,0,[],[],[]],[["0,9729,9729,33071,33071,0,0,1",-1],[0],0,[],[],[]],[[{"name":"chiwda","rect":[0,0,640,480],"offset":[0,0],"originalSize":[640,480],"capInsets":[0,0,0,0]}],[1],0,[0],[0],[4]],[[{"name":"money","rect":[0,0,640,421],"offset":[0,0],"originalSize":[640,421],"capInsets":[0,0,0,0]}],[1],0,[0],[0],[5]],[[{"name":"doorframe","rect":[129,0,341,600],"offset":[-0.5,0],"originalSize":[600,600],"capInsets":[0,0,0,0]}],[1],0,[0],[0],[6]],[["0,9729,9729,33071,33071,0,0,1",-1],[0],0,[],[],[]],[[[0,"चित्र",".mp3",0.792],-1],0,0,[],[],[]],[[[0,"केरसुणी",".mp3",0.936],-1],0,0,[],[],[]],[["0,9729,9729,33071,33071,0,0,1",-1],[0],0,[],[],[]],[[[0,"पै",".mp3",0.679184],-1],0,0,[],[],[]],[[{"name":"forteen","rect":[0,0,571,440],"offset":[0,0],"originalSize":[571,440],"capInsets":[0,0,0,0]}],[1],0,[0],[0],[7]],[[[0,"चि",".mp3",0.705306],-1],0,0,[],[],[]],[[[0,"पैंजण",".mp3",0.816],-1],0,0,[],[],[]],[[[0,"चिमणी",".mp3",0.992653],-1],0,0,[],[],[]],[[[0,"चौदा",".mp3",0.744],-1],0,0,[],[],[]],[[{"name":"anklet","rect":[0,0,640,480],"offset":[0,0],"originalSize":[640,480],"capInsets":[0,0,0,0]}],[1],0,[0],[0],[8]],[["0,9729,9729,33071,33071,0,0,1",-1],[0],0,[],[],[]],[["0,9729,9729,33071,33071,0,0,1",-1],[0],0,[],[],[]],[[{"name":"banana","rect":[0,0,640,564],"offset":[0,0],"originalSize":[640,564],"capInsets":[0,0,0,0]}],[1],0,[0],[0],[9]],[[[0,"केळी",".mp3",0.696],-1],0,0,[],[],[]],[["0,9729,9729,33071,33071,0,0,1",-1],[0],0,[],[],[]],[["0,9729,9729,33071,33071,0,0,1",-1],[0],0,[],[],[]],[[[0,"के",".mp3",0.705306],-1],0,0,[],[],[]],[[[0,"चौकट",".mp3",0.888],-1],0,0,[],[],[]],[["0,9729,9729,33071,33071,0,0,1",-1],[0],0,[],[],[]],[[{"name":"wheel","rect":[36,15,562,555],"offset":[-3,-2],"originalSize":[640,581],"capInsets":[0,0,0,0]}],[1],0,[0],[0],[10]],[[{"name":"picture","rect":[0,0,640,467],"offset":[0,0],"originalSize":[640,467],"capInsets":[0,0,0,0]}],[1],0,[0],[0],[11]]]]