[1,["12kGX1vCNOypubO8LyVwnd","86MfDkR5ZBBLM4VXSpMg7l","679hmNyp1K1Kr4FGupiyPG"],["_textureSetter"],["cc.Texture2D","cc.SpriteFrame",["cc.AudioClip",["_name","_native","duration"],0],["cc.JsonAsset",["_name","json"],1]],[[2,0,1,2,4],[3,0,1,3]],[[[[0,"आज_ठंड_नहीं_है",".mp3",1.697959],-1],0,0,[],[],[]],[[[1,"hi1504",{"rows":[["fillblank","1","Description","कुछ फल [मीठे] होते हैं।","कुछ_फल_मीठे_होते_हैं.mp3"," खट्टा","बड़े ","छोटे","10"],["fillblank","1","Description","मेरे पिता [व्यस्त] हैं।","मेरे_पिता_व्यस्त_हैं.mp3","बड़े ","लंबे ","ज्ञानी ","10"],["fillblank","1","Description","सौम्या एक [नई] बाइक चाहती है।","सौम्या_एक_नई_बाइक_चाहती_है.mp3","लंबा","बड़ी ","छोटी","10"],["fillblank","1","Description","उनके माता-पिता [दयालु] हैं।","उनके_माता-पिता_दयालु_हैं.mp3","होशियार","उदास","गुस्सा","10"],["jumpsentence","1","Description","आप [लंबे] हैं।","आप_लंबे_है.mp3","n","unlocked"],["fillblank","1","Description","आज [ठंड] नहीं है।","आज_ठंड_नहीं_है.mp3","गरम","गीला","सूखा","10"],["picturemeaning","1","Description","S","वह खुश है।","l5_shehappy.png","वह_खुश_है।.mp3","वह दुखी है।","l5_shesad.png","वह_दुखी_है।.mp3","वह गुस्सा है।","l5_sheangry.png","वह_गुस्सा_है।.mp3"],["fillblank","1","Description","छात्र [बलवान] नहीं है।","छात्र_बलवान_नहीं_हैं.mp3","लम्बे","तेज","धीमा","15"],["quizliteracy","1","Description","sentence_sentence","दयालु","दयालु","नमकीन","तीखा","","उनके माता-पिता ______  हैं।","उनके_माता-पिता_दयालु_हैं.mp3"],["quizliteracy","1","Description","sentence_sentence","लंबे","खट्टा","लंबे","चौड़ा","","आप ______ हैं।","आप_लंबे_है.mp3"],["quizliteracy","1","Description","sentence_sentence","ठंड","मोटा","सीधा","ठंड","","आज ______ नहीं है।","आज_ठंड_नहीं_है.mp3"],["quizliteracy","1","Description","sentence_sentence","बलवान","बलवान","चपटा","ऊँचा","","छात्र ______ नहीं है।","छात्र_बलवान_नहीं_हैं.mp3"],["quizliteracy","1","Description","sentence_sentence","गंदे","भारी","गंदे","बुरा","","उसके जूते ______ हैं।","उसके_जूते_गंदे_हैं.mp3"],["quizliteracy","1","Description","sentence_sentence","भारी","भारी","मीठा","खट्टा","","महिला के पास एक ______ बक्सा है।","महिला_के_पास_एक_भारी_बक्सा_है.mp3"],["quizliteracy","1","Description","sentence_sentence","खुश","नीला","काला","खुश","","आलिया______ लग रही है।","आलिया_खुश_लग_रही_है.mp3"]]}]],0,0,[],[],[]],[["0,9729,9729,33071,33071,0,0,1",-1],[0],0,[],[],[]],[[{"name":"l5_shesad","rect":[0,0,868,689],"offset":[0,0],"originalSize":[868,689],"capInsets":[0,0,0,0]}],[1],0,[0],[0],[0]],[[[0,"वह_दुखी_है।",".mp3",1.227755],-1],0,0,[],[],[]],[[[0,"वह_खुश_है।",".mp3",1.044898],-1],0,0,[],[],[]],[[[0,"छात्र_बलवान_नहीं_हैं",".mp3",2.063673],-1],0,0,[],[],[]],[[{"name":"l5_sheangry","rect":[0,0,868,689],"offset":[0,0],"originalSize":[868,689],"capInsets":[0,0,0,0]}],[1],0,[0],[0],[1]],[["0,9729,9729,33071,33071,0,0,1",-1],[0],0,[],[],[]],[["0,9729,9729,33071,33071,0,0,1",-1],[0],0,[],[],[]],[[[0,"कुछ_फल_मीठे_होते_हैं",".mp3",2.089796],-1],0,0,[],[],[]],[[[0,"उनके_माता-पिता_दयालु_हैं",".mp3",2.298776],-1],0,0,[],[],[]],[[[0,"आलिया_खुश_लग_रही_है",".mp3",1.880816],-1],0,0,[],[],[]],[[{"name":"l5_shehappy","rect":[0,0,868,689],"offset":[0,0],"originalSize":[868,689],"capInsets":[0,0,0,0]}],[1],0,[0],[0],[2]],[[[0,"उसके_जूते_गंदे_हैं",".mp3",1.854694],-1],0,0,[],[],[]],[[[0,"मेरे_पिता_व्यस्त_हैं",".mp3",1.697959],-1],0,0,[],[],[]],[[[0,"आप_लंबे_है",".mp3",1.28],-1],0,0,[],[],[]],[[[0,"सौम्या_एक_नई_बाइक_चाहती_है",".mp3",2.429388],-1],0,0,[],[],[]],[[[0,"वह_गुस्सा_है।",".mp3",1.123265],-1],0,0,[],[],[]],[[[0,"महिला_के_पास_एक_भारी_बक्सा_है",".mp3",2.847347],-1],0,0,[],[],[]]]]