[1,["a3gOqflQxHH4dFNq2p9dOs","21AIrtImFGV5EJJE9JkwU8","39+LeOjj5NEJVZgxSrzZrh","8ctTpEoopFCqo6B3LHFlvy","40mV9n9pZCQLU621MHlJGM","a2eY/t+U1KN5DEpgpOVo4f","8bMU4sxw9BLo5ScBWuaykk","feEJE/lQlJMZ9ugMh95W0f","533Q9BIBNCqoOrRTlrPvvm","7eV6itv7BC07Y/sp8B/wAI","66yNdtdLpCVKmqwQm6q0ks","a6zhLLpVRKt67neKBqpbVB","fc12ikI15JSoa+gXUcSEnp","51jLju4GlE64pKCl4ewsPq","1bxu7HTjBEc68Dw4oGmHyN","7c+W4wKGtJ97Y8yD63ZiOn"],["_textureSetter"],["cc.SpriteFrame","cc.Texture2D",["cc.AudioClip",["_name","_native","duration"],0],["cc.JsonAsset",["_name","json"],1]],[[2,0,1,2,4],[3,0,1,3]],[[[[0,"ಸರ",".mp3",0.648],-1],0,0,[],[],[]],[[{"name":"bird flying","rect":[0,0,536,800],"offset":[0,0],"originalSize":[536,800],"capInsets":[0,0,0,0]}],[0],0,[0],[0],[0]],[[[0,"ಅರಸ",".mp3",1.08],-1],0,0,[],[],[]],[[{"name":"queen","rect":[0,0,497,800],"offset":[0,0],"originalSize":[497,800],"capInsets":[0,0,0,0]}],[0],0,[0],[0],[1]],[["0,9729,9729,33071,33071,0,0,1",-1],[1],0,[],[],[]],[["0,9729,9729,33071,33071,0,0,1",-1],[1],0,[],[],[]],[[[0,"ಅರ",".mp3",0.768],-1],0,0,[],[],[]],[[{"name":"saw","rect":[0,0,800,532],"offset":[0,0],"originalSize":[800,532],"capInsets":[0,0,0,0]}],[0],0,[0],[0],[2]],[[{"name":"barber","rect":[0,0,533,800],"offset":[0,0],"originalSize":[533,800],"capInsets":[0,0,0,0]}],[0],0,[0],[0],[3]],[[{"name":"dasara","rect":[0,0,800,533],"offset":[0,0],"originalSize":[800,533],"capInsets":[0,0,0,0]}],[0],0,[0],[0],[4]],[[{"name":"juice","rect":[0,0,533,800],"offset":[0,0],"originalSize":[533,800],"capInsets":[0,0,0,0]}],[0],0,[0],[0],[5]],[[[1,"kn0003",{"rows":[["openwindow","1","Description","LEGIT","ರ,ಸ","juice.png","icecream.png","ರಸ.mp3","ರ,ಸ"],["openwindow","1","Description","LEGIT","ಸ,ರ","chain.png","desk.png","ಸರ.mp3","ಸ,ರ"],["openwindow","1","Description","LEGIT","ಅ,ರ","file.png","hammer.png","ಅರ.mp3","ಅ,ರ"],["openwindow","1","Description","LEGIT","ದ,ಸ,ರ","dasara.png","park.png","ದಸರ.mp3","ದ,ಸ,ರ"],["openwindow","1","Description","LEGIT","ಅ,ರ,ಸ","king.png","queen.png","ಅರಸ.mp3","ಅ,ರ,ಸ"],["openwindow","1","Description","LEGIT","ಅ,ಗ,ಸ","washerman.png","barber.png","ಅಗಸ.mp3","ಅ,ಗ,ಸ"],["openwindow","1","Description","LEGIT","ಸ,ರ,ಸ,ರ","snake running.png","bird flying.png","ಸರಸರ.mp3","ಸ,ರ,ಸ,ರ"],["openwindow","1","Description","LEGIT","ಗ,ರ,ಗ,ಸ","saw.png","knife.png","ಗರಗಸ.mp3","ಗ,ರ,ಗ,ಸ"],["quizliteracy","1","Description","image_word","ರಸ","ರಸ","ದರ","ಸರ","juice.png"],["quizliteracy","1","Description","image_word","ಅರ","ಸರ","ಅರ","ರಸ","file.png"],["quizliteracy","1","Description","image_word","ಗರಗಸ","ದಸರ","ಅರಸ","ಗರಗಸ","saw.png"]]}]],0,0,[],[],[]],[["0,9729,9729,33071,33071,0,0,1",-1],[1],0,[],[],[]],[["0,9729,9729,33071,33071,0,0,1",-1],[1],0,[],[],[]],[[{"name":"hammer","rect":[0,0,600,800],"offset":[0,0],"originalSize":[600,800],"capInsets":[0,0,0,0]}],[0],0,[0],[0],[6]],[[{"name":"chain","rect":[0,0,800,533],"offset":[0,0],"originalSize":[800,533],"capInsets":[0,0,0,0]}],[0],0,[0],[0],[7]],[["0,9729,9729,33071,33071,0,0,1",-1],[1],0,[],[],[]],[["0,9729,9729,33071,33071,0,0,1",-1],[1],0,[],[],[]],[[{"name":"file","rect":[0,3,500,244],"offset":[0,0],"originalSize":[500,250],"capInsets":[0,0,0,0]}],[0],0,[0],[0],[8]],[["0,9729,9729,33071,33071,0,0,1",-1],[1],0,[],[],[]],[[{"name":"washerman","rect":[0,0,800,800],"offset":[0,0],"originalSize":[800,800],"capInsets":[0,0,0,0]}],[0],0,[0],[0],[9]],[[{"name":"snake running","rect":[0,0,600,800],"offset":[0,0],"originalSize":[600,800],"capInsets":[0,0,0,0]}],[0],0,[0],[0],[10]],[[{"name":"icecream","rect":[0,0,566,800],"offset":[0,0],"originalSize":[566,800],"capInsets":[0,0,0,0]}],[0],0,[0],[0],[11]],[["0,9729,9729,33071,33071,0,0,1",-1],[1],0,[],[],[]],[["0,9729,9729,33071,33071,0,0,1",-1],[1],0,[],[],[]],[["0,9729,9729,33071,33071,0,0,1",-1],[1],0,[],[],[]],[["0,9729,9729,33071,33071,0,0,1",-1],[1],0,[],[],[]],[[{"name":"king","rect":[0,0,600,800],"offset":[0,0],"originalSize":[600,800],"capInsets":[0,0,0,0]}],[0],0,[0],[0],[12]],[[[0,"ಸರಸರ",".mp3",0.888],-1],0,0,[],[],[]],[[[0,"ಅಗಸ",".mp3",1.056],-1],0,0,[],[],[]],[["0,9729,9729,33071,33071,0,0,1",-1],[1],0,[],[],[]],[["0,9729,9729,33071,33071,0,0,1",-1],[1],0,[],[],[]],[["0,9729,9729,33071,33071,0,0,1",-1],[1],0,[],[],[]],[[[0,"ರಸ",".mp3",0.696],-1],0,0,[],[],[]],[[{"name":"desk","rect":[0,0,557,800],"offset":[0,0],"originalSize":[557,800],"capInsets":[0,0,0,0]}],[0],0,[0],[0],[13]],[[[0,"ಗರಗಸ",".mp3",0.912],-1],0,0,[],[],[]],[[{"name":"knife","rect":[0,0,533,800],"offset":[0,0],"originalSize":[533,800],"capInsets":[0,0,0,0]}],[0],0,[0],[0],[14]],[[{"name":"park","rect":[0,0,800,800],"offset":[0,0],"originalSize":[800,800],"capInsets":[0,0,0,0]}],[0],0,[0],[0],[15]],[[[0,"ದಸರ",".mp3",0.744],-1],0,0,[],[],[]],[["0,9729,9729,33071,33071,0,0,1",-1],[1],0,[],[],[]],[["0,9729,9729,33071,33071,0,0,1",-1],[1],0,[],[],[]]]]