[1,["df8FZ+9GJFvZ3DYwBnWJ9j","b9SEwfCV9ARatsxx2nG7cc","f3d4t65/VAJIEU2jQzvlOr","a7zBwFcTxHTYzyL9lOpb9V","76KL50DQFPIJuH12aLPi+A","967gaLjLNCMptexy1+QTM7","aazoplSjlEG6Xwnz9x4Oc2","54GVGG8SBNDYZl5+4fla9s"],["_textureSetter"],["cc.SpriteFrame","cc.Texture2D",["cc.AudioClip",["_name","_native","duration"],0],["cc.JsonAsset",["_name","json"],1]],[[2,0,1,2,4],[3,0,1,3]],[[[{"name":"white","rect":[0,0,619,588],"offset":[0,0],"originalSize":[619,588],"capInsets":[0,0,0,0]}],[0],0,[0],[0],[0]],[[[0,"m",".mp3",0.600816],-1],0,0,[],[],[]],[[{"name":"black","rect":[0,0,512,486],"offset":[0,0],"originalSize":[512,486],"capInsets":[0,0,0,0]}],[0],0,[0],[0],[1]],[[[0,"mu",".mp3",0.470204],-1],0,0,[],[],[]],[[{"name":"paper","rect":[0,0,413,640],"offset":[0,0],"originalSize":[413,640],"capInsets":[0,0,0,0]}],[0],0,[0],[0],[2]],[[[0,"week",".mp3",0.626939],-1],0,0,[],[],[]],[[[0,"brother",".mp3",0.600816],-1],0,0,[],[],[]],[[[0,"evening",".mp3",0.862041],-1],0,0,[],[],[]],[[{"name":"rabbit","rect":[0,0,512,502],"offset":[0,0],"originalSize":[512,502],"capInsets":[0,0,0,0]}],[0],0,[0],[0],[3]],[[{"name":"clock","rect":[0,0,511,512],"offset":[0,0],"originalSize":[511,512],"capInsets":[0,0,0,0]}],[0],0,[0],[0],[4]],[[{"name":"l6_hedoctor","rect":[0,0,868,689],"offset":[0,0],"originalSize":[868,689],"capInsets":[0,0,0,0]}],[0],0,[0],[0],[5]],[[[0,"wet",".mp3",0.757551],-1],0,0,[],[],[]],[["0,9729,9729,33071,33071,0,0,1",-1],[1],0,[],[],[]],[[{"name":"hands","rect":[0,0,737,707],"offset":[0,0],"originalSize":[737,707],"capInsets":[0,0,0,0]}],[0],0,[0],[0],[6]],[[[0,"lion",".mp3",0.783673],-1],0,0,[],[],[]],[[[1,"sl_en_g1_PreQuiz",{"rows":[["quizliteracy","1","Description","soundonly_word","M","B","F","M","","","m.mp3"],["quizliteracy","1","Description","word_word","y+a","y+a","z+o","m+u","","ya"],["quizliteracy","1","Description","soundonly_word","mu","pu","du","mu","","","mu.mp3"],["quizliteracy","1","Description","word_word","e","i","e","k","","w_t","wet.mp3"],["quizliteracy","1","Description","word_word","p","n","o","p","","_ig","pig.mp3"],["quizliteracy","1","Description","soundonly_word","lion","lion","frog","duck","","","lion.mp3"],["quizliteracy","1","Description","image_word","tree","house","car","tree","tree.png"],["quizliteracy","1","Description","soundonly_word","brother","father","mother","brother","","","brother.mp3"],["quizliteracy","1","Description","image_word","paper","house","paper","clock","paper.png"],["quizliteracy","1","Description","soundonly_word","agree","week","cheek","agree","","","agree.mp3"],["quizliteracy","1","Description","soundonly_image","white.png","clock.png","hands.png","black.png","","","white.mp3"],["quizliteracy","1","Description","word_word","ain","ese","ape","ain","","tr___","train.mp3"],["quizliteracy","1","Description","word_word","are","are","ape","ain","","squ___","square.mp3"],["quizliteracy","1","Description","word_word","ale","ome","ale","ile","","wh___","whale.mp3"],["quizliteracy","1","Description","image_word","doctor","doctor","teacher","farmer","l6_hedoctor.png"],["quizliteracy","1","Description","image_word","rabbit","rabbit","tree","lion","rabbit.png"],["quizliteracy","1","Description","soundonly_word","evening","morning","afternoon","evening","","","evening.mp3"],["quizliteracy","1","Description","soundonly_word","sleep","boat","sleep","salad","","","sleep.mp3"],["quizliteracy","1","Description","word_word","ee","ee","aa","ii","","w__k","week.mp3"],["quizliteracy","1","Description","word_word","Wed","Mon","Wed","Fri","","___nesday","Wednesday.mp3"]]}]],0,0,[],[],[]],[["0,9729,9729,33071,33071,0,0,1",-1],[1],0,[],[],[]],[[[0,"white",".mp3",0.783673],-1],0,0,[],[],[]],[["0,9729,9729,33071,33071,0,0,1",-1],[1],0,[],[],[]],[[[0,"train",".mp3",0.835918],-1],0,0,[],[],[]],[[[0,"Wednesday",".mp3",0.809796],-1],0,0,[],[],[]],[["0,9729,9729,33071,33071,0,0,1",-1],[1],0,[],[],[]],[["0,9729,9729,33071,33071,0,0,1",-1],[1],0,[],[],[]],[[[0,"pig",".mp3",0.548571],-1],0,0,[],[],[]],[["0,9729,9729,33071,33071,0,0,1",-1],[1],0,[],[],[]],[[[0,"sleep",".mp3",0.574694],-1],0,0,[],[],[]],[[[0,"square",".mp3",0.835918],-1],0,0,[],[],[]],[[{"name":"tree","rect":[0,0,1801,1830],"offset":[0,0],"originalSize":[1801,1830],"capInsets":[0,0,0,0]}],[0],0,[0],[0],[7]],[[[0,"whale",".mp3",0.783673],-1],0,0,[],[],[]],[["0,9729,9729,33071,33071,0,0,1",-1],[1],0,[],[],[]],[["0,9729,9729,33071,33071,0,0,1",-1],[1],0,[],[],[]],[[[0,"agree",".mp3",1.201633],-1],0,0,[],[],[]]]]