[1,["81zs+z+X5D05L/bWdCb/oY","e2++gAOBdAa54l86Xnhh+k","94Jh9O3/VAH7UfeoNRt7lu","afgJlM5hNBk69XcD9JnRlB","859012+zlJCoMDD6lws6sy","67U5FXDXFJtanGMz3SOPkO","d5ESa/gqVGSI6qvOT4lyA9","703hqDfttHbbxgFcQakLaY","f8M98jrWtJSqJ4PEZGnNet","8435Jv6HdFzZViGsMdxbOC","f8uvmw0GJMwqC/x2yYFAYo","08ABEO1JZCTo7ZBtsmAt/4"],["_textureSetter"],["cc.SpriteFrame","cc.Texture2D",["cc.AudioClip",["_name","_native","duration"],0],["cc.JsonAsset",["_name","json"],1]],[[2,0,1,2,4],[3,0,1,3]],[[[{"name":"door","rect":[0,0,500,750],"offset":[0,0],"originalSize":[500,750],"capInsets":[0,0,0,0]}],[0],0,[0],[0],[0]],[["0,9729,9729,33071,33071,0,0,1",-1],[1],0,[],[],[]],[[{"name":"clock","rect":[36,36,846,594],"offset":[0,0],"originalSize":[918,666],"capInsets":[0,0,0,0]}],[0],0,[0],[0],[1]],[[{"name":"color","rect":[22,16,148,119],"offset":[-0.5,1],"originalSize":[193,153],"capInsets":[0,0,0,0]}],[0],0,[0],[0],[2]],[[[0,"house",".mp3",0.626939],-1],0,0,[],[],[]],[[[0,"hen",".mp3",0.600816],-1],0,0,[],[],[]],[[{"name":"pillow","rect":[17,13,156,119],"offset":[-1.5,4],"originalSize":[193,153],"capInsets":[0,0,0,0]}],[0],0,[0],[0],[3]],[[[0,"color",".mp3",0.574694],-1],0,0,[],[],[]],[[[0,"forest",".mp3",0.966531],-1],0,0,[],[],[]],[[[0,"hug",".mp3",0.548571],-1],0,0,[],[],[]],[[[0,"sun",".mp3",0.679184],-1],0,0,[],[],[]],[["0,9729,9729,33071,33071,0,0,1",-1],[1],0,[],[],[]],[[[0,"book",".mp3",0.574694],-1],0,0,[],[],[]],[["0,9729,9729,33071,33071,0,0,1",-1],[1],0,[],[],[]],[[[0,"tree",".mp3",0.731429],-1],0,0,[],[],[]],[["0,9729,9729,33071,33071,0,0,1",-1],[1],0,[],[],[]],[[{"name":"forest","rect":[36,101,506,257],"offset":[-1,0.5],"originalSize":[580,460],"capInsets":[0,0,0,0]}],[0],0,[0],[0],[4]],[["0,9729,9729,33071,33071,0,0,1",-1],[1],0,[],[],[]],[[[0,"mug",".mp3",0.653061],-1],0,0,[],[],[]],[["0,9729,9729,33071,33071,0,0,1",-1],[1],0,[],[],[]],[[[0,"bet",".mp3",0.936],-1],0,0,[],[],[]],[[[1,"sl_en1005",{"rows":[["openwindow","1","Description","LEGIT","baby","baby.png","door.png","baby.mp3","abcdefghijklmnopqrstuvwxyz"],["openwindow","1","Description","LEGIT","basket","basket.png","pillow.png","basket.mp3","abcdefghijklmnopqrstuvwxyz"],["openwindow","1","Description","LEGIT","book","book.png","door.png","book.mp3","abcdefghijklmnopqrstuvwxyz"],["openwindow","1","Description","LEGIT","color","color.png","clock.png","color.mp3","abcdefghijklmnopqrstuvwxyz"],["openwindow","1","Description","LEGIT","forest","forest.png","market.png","forest.mp3","abcdefghijklmnopqrstuvwxyz"],["openwindow","1","Description","LEGIT","heart","heart.png","river.png","heart.mp3","abcdefghijklmnopqrstuvwxyz"],["openwindow","1","Description","LEGIT","house","house.png","radio.png","house.mp3","abcdefghijklmnopqrstuvwxyz"],["grid","1","Description","m,h","en,ug"],["grid","1","Description","b,w","in,et"],["grid","1","Description","s,b","ad,un"],["quizliteracy","1","Description","soundonly_image","house.png","forest.png","door.png","house.png","","","house.mp3"],["quizliteracy","1","Description","soundonly_word","book","book","van","cat","","","book.mp3"],["quizliteracy","1","Description","soundonly_image","forest.png","market.png","forest.png","basket.png","","","forest.mp3"],["quizliteracy","1","Description","soundonly_word","tree","rain","face","tree","","","tree.mp3"],["quizliteracy","1","Description","image_word","baby","house","door","baby","baby.png"]]}]],0,0,[],[],[]],[[[0,"basket",".mp3",0.835918],-1],0,0,[],[],[]],[[[0,"sad",".mp3",0.835918],-1],0,0,[],[],[]],[["0,9729,9729,33071,33071,0,0,1",-1],[1],0,[],[],[]],[[{"name":"book","rect":[0,37,140,68],"offset":[0,-1],"originalSize":[140,140],"capInsets":[0,0,0,0]}],[0],0,[0],[0],[5]],[[{"name":"market","rect":[0,0,557,572],"offset":[0,0],"originalSize":[557,572],"capInsets":[0,0,0,0]}],[0],0,[0],[0],[6]],[[{"name":"house","rect":[0,0,1200,1000],"offset":[0,0],"originalSize":[1200,1000],"capInsets":[0,0,0,0]}],[0],0,[0],[0],[7]],[[{"name":"heart","rect":[0,0,193,161],"offset":[0,0],"originalSize":[193,161],"capInsets":[0,0,0,0]}],[0],0,[0],[0],[8]],[["0,9729,9729,33071,33071,0,0,1",-1],[1],0,[],[],[]],[[[0,"baby",".mp3",0.653061],-1],0,0,[],[],[]],[[{"name":"basket","rect":[128,64,308,329],"offset":[-8,1.5],"originalSize":[580,460],"capInsets":[0,0,0,0]}],[0],0,[0],[0],[9]],[["0,9729,9729,33071,33071,0,0,1",-1],[1],0,[],[],[]],[[[0,"wet",".mp3",0.757551],-1],0,0,[],[],[]],[[{"name":"radio","rect":[35,16,116,110],"offset":[-3.5,5.5],"originalSize":[193,153],"capInsets":[0,0,0,0]}],[0],0,[0],[0],[10]],[["0,9729,9729,33071,33071,0,0,1",-1],[1],0,[],[],[]],[["0,9729,9729,33071,33071,0,0,1",-1],[1],0,[],[],[]],[["0,9729,9729,33071,33071,0,0,1",-1],[1],0,[],[],[]],[[[0,"heart",".mp3",0.653061],-1],0,0,[],[],[]],[[{"name":"river","rect":[16,16,368,258],"offset":[0,0],"originalSize":[400,290],"capInsets":[0,0,0,0]}],[0],0,[0],[0],[11]]]]