[1,["0390YZTfNP1IMsaH+J9Pt4","87q7X38i1HEo6EXhyNqOZd","98oOQDWXJDPIHx+qDJvShd","1bcbI/MHdDMqreeiMwx2Om","16lxjzyOxDDILwpwDXy4d0","50U06mrb9A8Zx3wj+kvTsI","b5pNcWu5tEa5gqCFi45Mxq","aci0yWPChBf43oCIVpf59b","46bcAWVilKLY3edSC57e0M","e9ZZ4BGl9KQoGDfdC22F/b","34ljYfHe5NSZehP8+5S/Hj","d8gtq/5o9NdKODFe2/5Ilv","29K1txiuNMjJtqbldcU159","48WbH/6utOo6VfVLna/bZ5"],["_textureSetter"],["cc.Texture2D","cc.SpriteFrame",["cc.AudioClip",["_name","_native","duration"],0],["cc.JsonAsset",["_name","json"],1]],[[2,0,1,2,4],[3,0,1,3]],[[["0,9729,9729,33071,33071,0,0,1",-1],[0],0,[],[],[]],[[[0,"animals",".mp3",0.809796],-1],0,0,[],[],[]],[[[0,"iron",".mp3",0.705306],-1],0,0,[],[],[]],[[[0,"up",".mp3",0.548571],-1],0,0,[],[],[]],[["0,9729,9729,33071,33071,0,0,1",-1],[0],0,[],[],[]],[["0,9729,9729,33071,33071,0,0,1",-1],[0],0,[],[],[]],[[{"name":"umbrella","rect":[0,0,400,333],"offset":[0,0],"originalSize":[400,333],"capInsets":[0,0,0,0]}],[1],0,[0],[0],[0]],[[{"name":"ear","rect":[0,0,400,333],"offset":[0,0],"originalSize":[400,333],"capInsets":[0,0,0,0]}],[1],0,[0],[0],[1]],[[{"name":"orange","rect":[0,0,400,333],"offset":[0,0],"originalSize":[400,333],"capInsets":[0,0,0,0]}],[1],0,[0],[0],[2]],[["0,9729,9729,33071,33071,0,0,1",-1],[0],0,[],[],[]],[[[0,"apple",".mp3",0.600816],-1],0,0,[],[],[]],[["0,9729,9729,33071,33071,0,0,1",-1],[0],0,[],[],[]],[[[0,"umbrella",".mp3",0.888163],-1],0,0,[],[],[]],[[{"name":"animals","rect":[0,0,400,333],"offset":[0,0],"originalSize":[400,333],"capInsets":[0,0,0,0]}],[1],0,[0],[0],[3]],[[[0,"egg",".mp3",0.496327],-1],0,0,[],[],[]],[["0,9729,9729,33071,33071,0,0,1",-1],[0],0,[],[],[]],[["0,9729,9729,33071,33071,0,0,1",-1],[0],0,[],[],[]],[[{"name":"iguana","rect":[0,0,400,333],"offset":[0,0],"originalSize":[400,333],"capInsets":[0,0,0,0]}],[1],0,[0],[0],[4]],[[{"name":"egg","rect":[0,0,400,333],"offset":[0,0],"originalSize":[400,333],"capInsets":[0,0,0,0]}],[1],0,[0],[0],[5]],[["0,9729,9729,33071,33071,0,0,1",-1],[0],0,[],[],[]],[[[0,"orange",".mp3",0.862041],-1],0,0,[],[],[]],[[[0,"ear",".mp3",0.600816],-1],0,0,[],[],[]],[[[0,"office",".mp3",0.705306],-1],0,0,[],[],[]],[["0,9729,9729,33071,33071,0,0,1",-1],[0],0,[],[],[]],[[{"name":"octopus","rect":[0,0,400,333],"offset":[0,0],"originalSize":[400,333],"capInsets":[0,0,0,0]}],[1],0,[0],[0],[6]],[[[0,"iguana",".mp3",0.862041],-1],0,0,[],[],[]],[[{"name":"impala","rect":[0,0,400,333],"offset":[0,0],"originalSize":[400,333],"capInsets":[0,0,0,0]}],[1],0,[0],[0],[7]],[["0,9729,9729,33071,33071,0,0,1",-1],[0],0,[],[],[]],[[[1,"sl_en0704",{"rows":[["writecard","1","Description","a","animals","animals.png","animals.mp3","axe","axe.png","axe.mp3","apple","apple.png","apple.mp3"],["writecard","1","Description","e","egg","egg.png","egg.mp3","ear","ear.png","ear.mp3","elephant","elephant.png","elephant.mp3"],["writecard","1","Description","i","impala","impala.png","impala.mp3","iguana","iguana.png","iguana.mp3","iron","iron.png","iron.mp3"],["writecard","1","Description","o","office","office.png","office.mp3","octopus","octopus.png","octopus.mp3","orange","orange.png","orange.mp3"],["writecard","1","Description","u","umbrella","umbrella.png","umbrella.mp3","unicorn","unicorn.png","unicorn.mp3","up","up.png","up.mp3"],["quizliteracy","1","Description","soundonly_word","ear","knee","head","ear","","","ear.mp3"],["quizliteracy","1","Description","soundonly_word","egg","egg","sea","dad","","","egg.mp3"],["quizliteracy","1","Description","image_word","apple","apple","fish","mango","apple.png"]]}]],0,0,[],[],[]],[[{"name":"office","rect":[0,0,400,333],"offset":[0,0],"originalSize":[400,333],"capInsets":[0,0,0,0]}],[1],0,[0],[0],[8]],[[[0,"octopus",".mp3",1.018776],-1],0,0,[],[],[]],[["0,9729,9729,33071,33071,0,0,1",-1],[0],0,[],[],[]],[["0,9729,9729,33071,33071,0,0,1",-1],[0],0,[],[],[]],[[{"name":"apple","rect":[0,0,238,212],"offset":[0,0],"originalSize":[238,212],"capInsets":[0,0,0,0]}],[1],0,[0],[0],[9]],[[{"name":"iron","rect":[0,0,400,333],"offset":[0,0],"originalSize":[400,333],"capInsets":[0,0,0,0]}],[1],0,[0],[0],[10]],[["0,9729,9729,33071,33071,0,0,1",-1],[0],0,[],[],[]],[[{"name":"unicorn","rect":[0,0,400,333],"offset":[0,0],"originalSize":[400,333],"capInsets":[0,0,0,0]}],[1],0,[0],[0],[11]],[[{"name":"up","rect":[0,0,400,333],"offset":[0,0],"originalSize":[400,333],"capInsets":[0,0,0,0]}],[1],0,[0],[0],[12]],[["0,9729,9729,33071,33071,0,0,1",-1],[0],0,[],[],[]],[[[0,"elephant",".mp3",0.862041],-1],0,0,[],[],[]],[[[0,"axe",".mp3",0.679184],-1],0,0,[],[],[]],[[[0,"impala",".mp3",0.862041],-1],0,0,[],[],[]],[[[0,"unicorn",".mp3",1.044898],-1],0,0,[],[],[]],[[{"name":"axe","rect":[0,0,400,333],"offset":[0,0],"originalSize":[400,333],"capInsets":[0,0,0,0]}],[1],0,[0],[0],[13]]]]