[1,["6c/3IrkeZFy7ghs3iIiyAk","abwCFOum1Ee7D5tSGlp2wg","27GiJazzxCn6gMt0RIVAkM","bbDhEzikhBPpgHCWSEpjMb","85L/q6YWZK7ZrxzVTvmq29","3aIBJtJ1dN3YPiiJgI1NvV","c57aCv/4RCErylrYzkUvJ3","5a2g8LCaJKSbULTmoNNs+n","3aDlUfdJpI6rgjzW8dfzPu","57/141AaBFXIHLDM+R3qG9","73nsDLHR1GeqRDXlVNN1op"],["_textureSetter"],["cc.SpriteFrame","cc.Texture2D",["cc.AudioClip",["_name","_native","duration"],0],["cc.JsonAsset",["_name","json"],1]],[[2,0,1,2,4],[3,0,1,3]],[[[{"name":"clock","rect":[0,0,639,640],"offset":[0,0],"originalSize":[639,640],"capInsets":[0,0,0,0]}],[0],0,[0],[0],[0]],[[{"name":"umbrella","rect":[46,66,479,451],"offset":[-14.5,8.5],"originalSize":[600,600],"capInsets":[0,0,0,0]}],[0],0,[0],[0],[1]],[[{"name":"newspaper","rect":[84,0,431,600],"offset":[-0.5,0],"originalSize":[600,600],"capInsets":[0,0,0,0]}],[0],0,[0],[0],[2]],[["0,9729,9729,33071,33071,0,0,1",-1],[1],0,[],[],[]],[["0,9729,9729,33071,33071,0,0,1",-1],[1],0,[],[],[]],[["0,9729,9729,33071,33071,0,0,1",-1],[1],0,[],[],[]],[["0,9729,9729,33071,33071,0,0,1",-1],[1],0,[],[],[]],[["0,9729,9729,33071,33071,0,0,1",-1],[1],0,[],[],[]],[["0,9729,9729,33071,33071,0,0,1",-1],[1],0,[],[],[]],[[[0,"बिस्किट",".mp3",0.757551],-1],0,0,[],[],[]],[["0,9729,9729,33071,33071,0,0,1",-1],[1],0,[],[],[]],[[{"name":"biscuit","rect":[0,0,640,588],"offset":[0,0],"originalSize":[640,588],"capInsets":[0,0,0,0]}],[0],0,[0],[0],[3]],[[[0,"कुऱ्हाड",".mp3",0.792],-1],0,0,[],[],[]],[["0,9729,9729,33071,33071,0,0,1",-1],[1],0,[],[],[]],[[[0,"किल्ला",".mp3",0.783673],-1],0,0,[],[],[]],[[{"name":"book","rect":[0,0,640,360],"offset":[0,0],"originalSize":[640,360],"capInsets":[0,0,0,0]}],[0],0,[0],[0],[4]],[[{"name":"raw_mango","rect":[0,0,541,640],"offset":[0,0],"originalSize":[541,640],"capInsets":[0,0,0,0]}],[0],0,[0],[0],[5]],[[[0,"घड्याळ",".mp3",0.648],-1],0,0,[],[],[]],[[{"name":"chair","rect":[105,0,389,600],"offset":[-0.5,0],"originalSize":[600,600],"capInsets":[0,0,0,0]}],[0],0,[0],[0],[6]],[["0,9729,9729,33071,33071,0,0,1",-1],[1],0,[],[],[]],[[{"name":"fish","rect":[0,0,615,435],"offset":[0,0],"originalSize":[615,435],"capInsets":[0,0,0,0]}],[0],0,[0],[0],[7]],[["0,9729,9729,33071,33071,0,0,1",-1],[1],0,[],[],[]],[[[0,"वर्तमानपत्र",".mp3",1.296],-1],0,0,[],[],[]],[["0,9729,9729,33071,33071,0,0,1",-1],[1],0,[],[],[]],[[[0,"आइस्क्रीम",".mp3",1.008],-1],0,0,[],[],[]],[[{"name":"ice-cream","rect":[0,0,426,640],"offset":[0,0],"originalSize":[426,640],"capInsets":[0,0,0,0]}],[0],0,[0],[0],[8]],[[{"name":"axe","rect":[24,107,592,213],"offset":[0,0],"originalSize":[640,427],"capInsets":[0,0,0,0]}],[0],0,[0],[0],[9]],[[[0,"कैऱ्या",".mp3",0.914286],-1],0,0,[],[],[]],[[[0,"खुर्ची",".mp3",0.914286],-1],0,0,[],[],[]],[[{"name":"fort","rect":[0,0,640,480],"offset":[0,0],"originalSize":[640,480],"capInsets":[0,0,0,0]}],[0],0,[0],[0],[10]],[[[1,"mr3302",{"rows":[["openwindow","1","Description","LEGIT","वर्तमानपत्र","newspaper.png","umbrella.png","वर्तमानपत्र.mp3","वर्तमानपत्र"],["spelldoor","1","Description","कैऱ्या","*ऱ्या","0","0","raw_mango.png","कैऱ्या.mp3"],["openwindow","1","Description","LEGIT","कुऱ्हाड","axe.png","fish.png","कुऱ्हाड.mp3","कुऱ्हाड"],["spelldoor","1","Description","बिस्किट","*स्किट","0","0","biscuit.png","बिस्किट.mp3"],["openwindow","1","Description","LEGIT","घड्याळ","clock.png","book.png","घड्याळ.mp3","घड्याळ"],["spelldoor","1","Description","खुर्ची","*र्ची","0","0","chair.png","खुर्ची.mp3"],["openwindow","1","Description","LEGIT","आइस्क्रीम","ice-cream.png","book.png","आइस्क्रीम.mp3","आइस्क्रीम"],["spelldoor","1","Description","किल्ला","*ल्ला","0","0","fort.png","किल्ला.mp3"],["quizliteracy","1","Description","image_word","आइस्क्रीम","वर्तमानपत्र","बिस्किट","आइस्क्रीम","ice-cream.png"],["quizliteracy","1","Description","image_word","वर्तमानपत्र","आइस्क्रीम","वर्तमानपत्र","बिस्किट","newspaper.png"],["quizliteracy","1","Description","image_word","बिस्किट","बिस्किट","आइस्क्रीम","वर्तमानपत्र","biscuit.png"]]}]],0,0,[],[],[]]]]