[1,["080Disgw5CAaAh4oiGZvpH","1b7+WT0pZPz7vaDngRJ6WA","e6yUyzsTZP063myzD1eYi3"],["_textureSetter"],["cc.Texture2D","cc.SpriteFrame",["cc.AudioClip",["_name","_native","duration"],0],["cc.JsonAsset",["_name","json"],1]],[[2,0,1,2,4],[3,0,1,3]],[[[[0,"ಣೆ",".mp3",0.552],-1],0,0,[],[],[]],[[[0,"ಮೇ",".mp3",0.552],-1],0,0,[],[],[]],[["0,9729,9729,33071,33071,0,0,1",-1],[0],0,[],[],[]],[[[0,"ನೂರು",".mp3",0.696],-1],0,0,[],[],[]],[[[1,"kn2302",{"rows":[["phonictractor","1","Description","4","ದೊಣೆ","ದೊಣೆ.mp3","ದೊ","ದೊ.mp3","ಣೆ","ಣೆ.mp3"],["phonictractor","1","Description","4","ಪೊಸತು","ಪೊಸತು.mp3","ಪೊ","ಪೊ.mp3","ಸ","ಸ.mp3","ತು","ತು.mp3"],["spelldoor","1","Description","ದೋಣಿ","**","0","0","boat.png","ದೋಣಿ.mp3"],["phonictractor","1","Description","4","ಶೋಕಿ","ಶೋಕಿ .mp3","ಶೋ","ಶೋ.mp3","ಕಿ","ಕಿ.mp3"],["phonictractor","1","Description","4","ಶೌರಿ","ಶೌರಿ.mp3","ಶೌ","ಶೌ.mp3","ರಿ","ರಿ.mp3"],["phonictractor","1","Description","4","ಹುಡುಗರು","ಹುಡುಗರು.mp3","ಹುಡು","ಹುಡು.mp3","ಗರು","ಗರು.mp3"],["phonictractor","1","Description","4","ಆಡಿದರು","ಆಡಿದರು.mp3","ಆಡಿ","ಆಡಿ.mp3","ದರು","ದರು.mp3"],["quizliteracy","1","Description","soundonly_word","ಶೋಕಿ","ಹುಡುಗರು","ದೊಣೆ","ಶೋಕಿ","","","ಶೋಕಿ .mp3"],["quizliteracy","1","Description","soundonly_word","ಶೌರಿ","ಶೌರಿ","ಪೊಸತು","ದೊಣೆ","","","ಶೌರಿ.mp3"],["quizliteracy","1","Description","soundonly_word","ಹುಡುಗರು","ಶೋಕಿ","ಹುಡುಗರು","ಶೌರಿ","","","ಹುಡುಗರು.mp3"]]}]],0,0,[],[],[]],[[[0,"ಆಡಿದರು",".mp3",0.888],-1],0,0,[],[],[]],[["0,9729,9729,33071,33071,0,0,1",-1],[0],0,[],[],[]],[[[0,"ಮೈ",".mp3",0.576],-1],0,0,[],[],[]],[[[0,"ರಂ",".mp3",0.528],-1],0,0,[],[],[]],[[{"name":"hundred","rect":[0,0,512,342],"offset":[0,0],"originalSize":[512,342],"capInsets":[0,0,0,0]}],[1],0,[0],[0],[0]],[[[0,"ಲಾ",".mp3",0.552],-1],0,0,[],[],[]],[[[0,"ಮೈಮರೆ",".mp3",0.792],-1],0,0,[],[],[]],[[[0,"ಮೇಲೆ",".mp3",0.696],-1],0,0,[],[],[]],[[[0,"ದೊ",".mp3",0.552],-1],0,0,[],[],[]],[[[0,"ರೆ",".mp3",0.528],-1],0,0,[],[],[]],[[[0,"ಲೆ",".mp3",0.552],-1],0,0,[],[],[]],[[[0,"ಶೌರಿ",".mp3",0.816],-1],0,0,[],[],[]],[[[0,"ಆಡಿ",".mp3",0.696],-1],0,0,[],[],[]],[[[0,"ಗರು",".mp3",0.672],-1],0,0,[],[],[]],[[[0,"ರಂಬೆ",".mp3",0.72],-1],0,0,[],[],[]],[[[0,"ಲೈ",".mp3",0.6],-1],0,0,[],[],[]],[[[0,"ಕಿ",".mp3",0.528],-1],0,0,[],[],[]],[[[0,"ಪೊ",".mp3",0.528],-1],0,0,[],[],[]],[[[0,"ತು",".mp3",0.504],-1],0,0,[],[],[]],[[[0,"ಸ",".mp3",0.576],-1],0,0,[],[],[]],[[[0,"ರಿ",".mp3",0.504],-1],0,0,[],[],[]],[[[0,"ಬೆ",".mp3",0.552],-1],0,0,[],[],[]],[[[0,"ಶೋ",".mp3",0.624],-1],0,0,[],[],[]],[[[0,"ಹೈ",".mp3",0.6],-1],0,0,[],[],[]],[[[0,"ದೋಣಿ",".mp3",0.744],-1],0,0,[],[],[]],[[[0,"ಸೇರು",".mp3",0.744],-1],0,0,[],[],[]],[[[0,"ಪೊಸತು",".mp3",0.816],-1],0,0,[],[],[]],[[[0,"ದರು",".mp3",0.672],-1],0,0,[],[],[]],[[{"name":"pipe","rect":[0,0,341,512],"offset":[0,0],"originalSize":[341,512],"capInsets":[0,0,0,0]}],[1],0,[0],[0],[1]],[[{"name":"boat","rect":[0,0,410,512],"offset":[0,0],"originalSize":[410,512],"capInsets":[0,0,0,0]}],[1],0,[0],[0],[2]],[[[0,"ಹುಡು",".mp3",0.648],-1],0,0,[],[],[]],[[[0,"ರು",".mp3",0.528],-1],0,0,[],[],[]],[[[0,"ಮ",".mp3",0.48],-1],0,0,[],[],[]],[[[0,"ದ",".mp3",0.504],-1],0,0,[],[],[]],[[[0,"ಲೈಲಾ",".mp3",0.744],-1],0,0,[],[],[]],[[[0,"ಹೈದರ",".mp3",0.792],-1],0,0,[],[],[]],[[[0,"ಸೇ",".mp3",0.648],-1],0,0,[],[],[]],[[[0,"ಹುಡುಗರು",".mp3",0.888],-1],0,0,[],[],[]],[["0,9729,9729,33071,33071,0,0,1",-1],[0],0,[],[],[]],[[[0,"ಶೌ",".mp3",0.72],-1],0,0,[],[],[]],[[[0,"ದೊಣೆ",".mp3",0.672],-1],0,0,[],[],[]],[[[0,"ರ",".mp3",0.48],-1],0,0,[],[],[]],[[[0,"ಶೋಕಿ ",".mp3",0.792],-1],0,0,[],[],[]],[[[0,"ಪೈಪು",".mp3",0.744],-1],0,0,[],[],[]]]]