[1,["51yz/QoCxKyaW0hWBFB4tZ","05rfq9kOBM9bveWxW4i5HT","00jkwk+0FPEJL21FlSyJIo","15/sqU26VMX6UmC5Os90v7","deGMIC2alA3rVqTIm8eWhU","25Vwi9d0dMCISQe+0QrCb8"],["_textureSetter"],["cc.Texture2D","cc.SpriteFrame",["cc.AudioClip",["_name","_native","duration"],0],["cc.JsonAsset",["_name","json"],1]],[[2,0,1,2,4],[3,0,1,3]],[[["0,9729,9729,33071,33071,0,0,1",-1],[0],0,[],[],[]],[["0,9729,9729,33071,33071,0,0,1",-1],[0],0,[],[],[]],[["0,9729,9729,33071,33071,0,0,1",-1],[0],0,[],[],[]],[[[0,"ಕುದುರೆ_ಮತ್ತು_ಒಂಟೆ_ಒಳ್ಳೆಯ_ಗೆಳೆಯರಾಗಿದ್ದರು",".mp3",3.264],-1],0,0,[],[],[]],[["0,9729,9729,33071,33071,0,0,1",-1],[0],0,[],[],[]],[[[0,"ಓಟದ_ಸ್ಪರ್ಧೆಯಲ್ಲಿ_ಮೊದಲ_ಸಲ_ಕುದುರೆ_ಬೇಗ_ಗುರಿ_ಮುಟ್ಟಿತು",".mp3",4.224],-1],0,0,[],[],[]],[[[1,"kn2_0604",{"rows":[["createsentence","1","Description","ಕುದುರೆ/ಮತ್ತು/ಒಂಟೆ/ಒಳ್ಳೆಯ/ಗೆಳೆಯರಾಗಿದ್ದರು.","","horse_camel.png","ಕುದುರೆ_ಮತ್ತು_ಒಂಟೆ_ಒಳ್ಳೆಯ_ಗೆಳೆಯರಾಗಿದ್ದರು.mp3"],["createsentence","1","Description","ಓಟದ/ಸ್ಪರ್ಧೆಗೆ/ಗೆಳೆಯರು/ಆನೆಯನ್ನು /ತೀರ್ಪುಗಾರರನ್ನಾಗಿ/ನೇಮಿಸಿದರು.","","elephant.png","ಓಟದ_ಸ್ಪರ್ಧೆಗೆ_ಗೆಳೆಯರು_ಆನೆಯನ್ನು _ತೀರ್ಪುಗಾರರನ್ನಾಗಿ_ನೇಮಿಸಿದರು.mp3"],["createsentence","1","Description","ಓಟದ/ಸ್ಪರ್ಧೆಯಲ್ಲಿ/ಮೊದಲ/ಸಲ/ಕುದುರೆ/ಬೇಗ/ಗುರಿ/ಮುಟ್ಟಿತು.","","horse.png","ಓಟದ_ಸ್ಪರ್ಧೆಯಲ್ಲಿ_ಮೊದಲ_ಸಲ_ಕುದುರೆ_ಬೇಗ_ಗುರಿ_ಮುಟ್ಟಿತು.mp3"],["createsentence","1","Description","ಆನೆಯು/ಎರಡನೇ/ಸಲ/ಮರಳಿನಲ್ಲಿ/ಸ್ಪರ್ಧೆ/ಏರ್ಪಡಿಸಿತು.","","desert.png","ಆನೆಯು_ಎರಡನೇ_ಸಲ_ಮರಳಿನಲ್ಲಿ_ಸ್ಪರ್ಧೆ_ಏರ್ಪಡಿಸಿತು.mp3"],["createsentence","1","Description","ತಾಯಿಗಿಂತ/ಬಂಧುವಿಲ್ಲ/ಉಪ್ಪಿಗಿಂತ/ರುಚಿಯಿಲ್ಲ.","","mom_salt.png","ತಾಯಿಗಿಂತ_ಬಂಧುವಿಲ್ಲ_ಉಪ್ಪಿಗಿಂತ_ರುಚಿಯಿಲ್ಲ.mp3"],["createsentence","1","Description","ಮೂರ್ತಿ/ಚಿಕ್ಕದಾದರೂ/ಕೀರ್ತಿ/ದೊಡ್ಡದು.","","small_boy.png","ಮೂರ್ತಿ_ಚಿಕ್ಕದಾದರೂ_ಕೀರ್ತಿ_ದೊಡ್ಡದು.mp3"],["quizliteracy","1","Description","sentence_sentence","ಕುದುರೆ","ದೊಡ್ಡದು","ರುಚಿಯಿಲ್ಲ","ಕುದುರೆ","","____ ಮತ್ತು ಒಂಟೆ ಒಳ್ಳೆಯ ಗೆಳೆಯರಾಗಿದ್ದರು","ಕುದುರೆ_ಮತ್ತು_ಒಂಟೆ_ಒಳ್ಳೆಯ_ಗೆಳೆಯರಾಗಿದ್ದರು.mp3"],["quizliteracy","1","Description","sentence_sentence","ರುಚಿಯಿಲ್ಲ","ರುಚಿಯಿಲ್ಲ","ಕುದುರೆ","ದೊಡ್ಡದು","","ತಾಯಿಗಿಂತ ಬಂಧುವಿಲ್ಲ, ಉಪ್ಪಿಗಿಂತ _________","ತಾಯಿಗಿಂತ_ಬಂಧುವಿಲ್ಲ_ಉಪ್ಪಿಗಿಂತ_ರುಚಿಯಿಲ್ಲ.mp3"],["quizliteracy","1","Description","sentence_sentence","ದೊಡ್ಡದು","ಕುದುರೆ","ದೊಡ್ಡದು","ರುಚಿಯಿಲ್ಲ","","ಮೂರ್ತಿ ಚಿಕ್ಕದಾದರೂ ಕೀರ್ತಿ __________","ಮೂರ್ತಿ_ಚಿಕ್ಕದಾದರೂ_ಕೀರ್ತಿ_ದೊಡ್ಡದು.mp3"]]}]],0,0,[],[],[]],[["0,9729,9729,33071,33071,0,0,1",-1],[0],0,[],[],[]],[[{"name":"horse","rect":[0,0,400,400],"offset":[0,0],"originalSize":[400,400],"capInsets":[0,0,0,0]}],[1],0,[0],[0],[0]],[[{"name":"mom_salt","rect":[0,0,400,262],"offset":[0,0],"originalSize":[400,262],"capInsets":[0,0,0,0]}],[1],0,[0],[0],[1]],[[[0,"ತಾಯಿಗಿಂತ_ಬಂಧುವಿಲ್ಲ_ಉಪ್ಪಿಗಿಂತ_ರುಚಿಯಿಲ್ಲ",".mp3",3.168],-1],0,0,[],[],[]],[[[0,"ಓಟದ_ಸ್ಪರ್ಧೆಗೆ_ಗೆಳೆಯರು_ಆನೆಯನ್ನು _ತೀರ್ಪುಗಾರರನ್ನಾಗಿ_ನೇಮಿಸಿದರು",".mp3",4.968],-1],0,0,[],[],[]],[[[0,"ಆನೆಯು_ಎರಡನೇ_ಸಲ_ಮರಳಿನಲ್ಲಿ_ಸ್ಪರ್ಧೆ_ಏರ್ಪಡಿಸಿತು",".mp3",4.032],-1],0,0,[],[],[]],[[{"name":"desert","rect":[0,0,400,400],"offset":[0,0],"originalSize":[400,400],"capInsets":[0,0,0,0]}],[1],0,[0],[0],[2]],[[{"name":"elephant","rect":[0,0,400,400],"offset":[0,0],"originalSize":[400,400],"capInsets":[0,0,0,0]}],[1],0,[0],[0],[3]],[["0,9729,9729,33071,33071,0,0,1",-1],[0],0,[],[],[]],[[{"name":"small_boy","rect":[0,0,400,400],"offset":[0,0],"originalSize":[400,400],"capInsets":[0,0,0,0]}],[1],0,[0],[0],[4]],[[{"name":"horse_camel","rect":[0,0,400,400],"offset":[0,0],"originalSize":[400,400],"capInsets":[0,0,0,0]}],[1],0,[0],[0],[5]],[[[0,"ಮೂರ್ತಿ_ಚಿಕ್ಕದಾದರೂ_ಕೀರ್ತಿ_ದೊಡ್ಡದು",".mp3",2.808],-1],0,0,[],[],[]]]]