[1,["42LNHk5UVMrbLSV3CfvVjR","a7s65JWqZFKoNqgmF3Sxy0","319OQMNJFN+pV2HIz3oivU","a1ElthgLxHHL6mYBB96vuY","5fsjyv8hNHZKAwqMV0qB50","84+zdNjNFAp6BAvIkvQgZu","84rBeGhNxGVKbchuOpCfLN","47mGtOKqRES5adRB/W9C69","e2g5Yk/i5PhKgkusHHnLLH","f0gtI/Q5ZJXZ3aYD1QJVCt","f0BXvoC1pMIY+nEl4VpnNB","d8adU8G3tB9r1eSNrstMiz","7d6i40G6JESK96TAu1AtGG","e1MCtqY8pANLigMXj1eiTz","de220QF0pKuYSG8epCbVRz","782zaZqhlNq7xDzKFnjVLX","6bjdIVomBLYrD2h4/DnnEF","c3aOEQc2BKGas0Yu8ZFrzl","9dErf+gVJJ1ZxiDduSXsjA","663BodYNpP55oXmGc4NxP+"],["_textureSetter"],["cc.SpriteFrame","cc.Texture2D",["cc.AudioClip",["_name","_native","duration"],0],["cc.JsonAsset",["_name","json"],1]],[[2,0,1,2,4],[3,0,1,3]],[[[{"name":"sky","rect":[0,0,500,332],"offset":[0,0],"originalSize":[500,332],"capInsets":[0,0,0,0]}],[0],0,[0],[0],[0]],[[{"name":"snake","rect":[0,0,800,535],"offset":[0,0],"originalSize":[800,535],"capInsets":[0,0,0,0]}],[0],0,[0],[0],[1]],[[[0,"ಚಮಚ",".mp3",0.792],-1],0,0,[],[],[]],[[{"name":"spoon","rect":[0,0,533,800],"offset":[0,0],"originalSize":[533,800],"capInsets":[0,0,0,0]}],[0],0,[0],[0],[2]],[[[0,"ಡಮಡಮ",".mp3",0.84],-1],0,0,[],[],[]],[[[0,"ಉಡ",".mp3",0.984],-1],0,0,[],[],[]],[[{"name":"eye","rect":[0,20,713,551],"offset":[-43.5,-10],"originalSize":[800,571],"capInsets":[0,0,0,0]}],[0],0,[0],[0],[3]],[[{"name":"bell","rect":[0,0,533,800],"offset":[0,0],"originalSize":[533,800],"capInsets":[0,0,0,0]}],[0],0,[0],[0],[4]],[[{"name":"doctor","rect":[0,0,500,333],"offset":[0,0],"originalSize":[500,333],"capInsets":[0,0,0,0]}],[0],0,[0],[0],[5]],[["0,9729,9729,33071,33071,0,0,1",-1],[1],0,[],[],[]],[[[0,"ಉದಯ",".mp3",1.056],-1],0,0,[],[],[]],[[{"name":"sunrise","rect":[0,0,640,800],"offset":[0,0],"originalSize":[640,800],"capInsets":[0,0,0,0]}],[0],0,[0],[0],[6]],[["0,9729,9729,33071,33071,0,0,1",-1],[1],0,[],[],[]],[["0,9729,9729,33071,33071,0,0,1",-1],[1],0,[],[],[]],[[{"name":"dog","rect":[0,0,800,590],"offset":[0,0],"originalSize":[800,590],"capInsets":[0,0,0,0]}],[0],0,[0],[0],[7]],[[[1,"kn0203",{"rows":[["openwindow","1","Description","LEGIT","ಪ,ಟ","kite.png","ball.png","ಪಟ.mp3","ಪ,ಟ"],["openwindow","1","Description","LEGIT","ಪ,ದ,ರ","onionlayer.png","apple.png","ಪದರ.mp3","ಪ,ದ,ರ"],["openwindow","1","Description","LEGIT","ಯ,ಮ","yama.png","shiva.png","ಯಮ.mp3","ಯ,ಮ"],["openwindow","1","Description","LEGIT","ಉ,ದ,ಯ","sunrise.png","sky.png","ಉದಯ.mp3","ಉ,ದ,ಯ"],["openwindow","1","Description","LEGIT","ನ,ಯ,ನ","eye.png","nose.png","ನಯನ.mp3","ನ,ಯ,ನ"],["openwindow","1","Description","LEGIT","ಉ,ಡ","monitorlizard.png","elephant.png","ಉಡ.mp3","ಉ,ಡ"],["openwindow","1","Description","LEGIT","ಉ,ರ,ಗ","snake.png","dog.png","ಉರಗ.mp3","ಉ,ರ,ಗ"],["openwindow","1","Description","LEGIT","ಡ,ಮ,ಡ,ಮ","damru.png","bell.png","ಡಮಡಮ.mp3","ಡ,ಮ,ಡ,ಮ"],["openwindow","1","Description","LEGIT","ನ,ಟ","actor.png","doctor.png","ನಟ.mp3","ನ,ಟ"],["openwindow","1","Description","LEGIT","ಚ,ಮ,ಚ","spoon.png","plate.png","ಚಮಚ.mp3","ಚ,ಮ,ಚ"],["quizliteracy","1","Description","image_word","ಪಟ","ಪಟ","ಯಮ","ನಯನ","kite.png"],["quizliteracy","1","Description","image_word","ಯಮ","ನಯನ","ಪಟ","ಯಮ","yama.png"],["quizliteracy","1","Description","image_word","ನಯನ","ಯಮ","ನಯನ","ಪಟ","eye.png"]]}]],0,0,[],[],[]],[[{"name":"kite","rect":[0,0,800,599],"offset":[0,0],"originalSize":[800,599],"capInsets":[0,0,0,0]}],[0],0,[0],[0],[8]],[[{"name":"apple","rect":[0,0,800,666],"offset":[0,0],"originalSize":[800,666],"capInsets":[0,0,0,0]}],[0],0,[0],[0],[9]],[[[0,"ಪದರ",".mp3",0.696],-1],0,0,[],[],[]],[["0,9729,9729,33071,33071,0,0,1",-1],[1],0,[],[],[]],[["0,9729,9729,33071,33071,0,0,1",-1],[1],0,[],[],[]],[["0,9729,9729,33071,33071,0,0,1",-1],[1],0,[],[],[]],[[[0,"ಯಮ",".mp3",0.6],-1],0,0,[],[],[]],[[{"name":"damru","rect":[0,0,800,533],"offset":[0,0],"originalSize":[800,533],"capInsets":[0,0,0,0]}],[0],0,[0],[0],[10]],[[[0,"ನಯನ",".mp3",0.696],-1],0,0,[],[],[]],[["0,9729,9729,33071,33071,0,0,1",-1],[1],0,[],[],[]],[["0,9729,9729,33071,33071,0,0,1",-1],[1],0,[],[],[]],[["0,9729,9729,33071,33071,0,0,1",-1],[1],0,[],[],[]],[["0,9729,9729,33071,33071,0,0,1",-1],[1],0,[],[],[]],[[[0,"ಉರಗ",".mp3",1.152],-1],0,0,[],[],[]],[[[0,"ನಟ",".mp3",0.624],-1],0,0,[],[],[]],[[{"name":"onionlayer","rect":[0,0,600,800],"offset":[0,0],"originalSize":[600,800],"capInsets":[0,0,0,0]}],[0],0,[0],[0],[11]],[["0,9729,9729,33071,33071,0,0,1",-1],[1],0,[],[],[]],[[{"name":"actor","rect":[0,0,532,800],"offset":[0,0],"originalSize":[532,800],"capInsets":[0,0,0,0]}],[0],0,[0],[0],[12]],[[{"name":"yama","rect":[0,0,560,800],"offset":[0,0],"originalSize":[560,800],"capInsets":[0,0,0,0]}],[0],0,[0],[0],[13]],[["0,9729,9729,33071,33071,0,0,1",-1],[1],0,[],[],[]],[["0,9729,9729,33071,33071,0,0,1",-1],[1],0,[],[],[]],[[{"name":"monitorlizard","rect":[0,0,800,565],"offset":[0,0],"originalSize":[800,565],"capInsets":[0,0,0,0]}],[0],0,[0],[0],[14]],[[[0,"ಪಟ",".mp3",0.6],-1],0,0,[],[],[]],[[{"name":"shiva","rect":[0,0,599,800],"offset":[0,0],"originalSize":[599,800],"capInsets":[0,0,0,0]}],[0],0,[0],[0],[15]],[[{"name":"nose","rect":[0,0,800,590],"offset":[0,0],"originalSize":[800,590],"capInsets":[0,0,0,0]}],[0],0,[0],[0],[16]],[[{"name":"plate","rect":[0,0,755,800],"offset":[0,0],"originalSize":[755,800],"capInsets":[0,0,0,0]}],[0],0,[0],[0],[17]],[["0,9729,9729,33071,33071,0,0,1",-1],[1],0,[],[],[]],[[{"name":"ball","rect":[0,0,500,500],"offset":[0,0],"originalSize":[500,500],"capInsets":[0,0,0,0]}],[0],0,[0],[0],[18]],[["0,9729,9729,33071,33071,0,0,1",-1],[1],0,[],[],[]],[["0,9729,9729,33071,33071,0,0,1",-1],[1],0,[],[],[]],[["0,9729,9729,33071,33071,0,0,1",-1],[1],0,[],[],[]],[["0,9729,9729,33071,33071,0,0,1",-1],[1],0,[],[],[]],[["0,9729,9729,33071,33071,0,0,1",-1],[1],0,[],[],[]],[["0,9729,9729,33071,33071,0,0,1",-1],[1],0,[],[],[]],[[{"name":"elephant","rect":[0,0,332,500],"offset":[0,0],"originalSize":[332,500],"capInsets":[0,0,0,0]}],[0],0,[0],[0],[19]]]]