[1,["06Du3g/0tGe6T5Rc+hbqpO","62IS4QmelE7YqRbjM1LfDn","edDxoSiMlD75ljVdX6P27T","87g+4ahuJJAbcdYiP55hdc","56DD6RteJIDpQvDbFbEGAh"],["_textureSetter"],["cc.Texture2D","cc.SpriteFrame",["cc.AudioClip",["_name","_native","duration"],0],["cc.JsonAsset",["_name","json"],1]],[[2,0,1,2,4],[3,0,1,3]],[[[[0,"ರೈತನ_ಮನೆಯ_ಗೋಡೆ_ಕುಸಿಯುವ_ಸ್ಥಿತಿಯಲ್ಲಿತ್ತು",".mp3",3.504],-1],0,0,[],[],[]],[["0,9729,9729,33071,33071,0,0,1",-1],[0],0,[],[],[]],[[[0,"ರೈತನು_ಹದ್ದನ್ನು_ಬಲೆಯಿಂದ_ಬಿಡಿಸಿದನು",".mp3",2.832],-1],0,0,[],[],[]],[[[1,"kn2_0201",{"rows":[["createsentence","1","Description","ರೈತ/ತನ್ನ/ಹೊಲದಲ್ಲಿ/ಕೆಲಸ/ಮಾಡುತ್ತಿದ್ದ.","","farmer_farming.png","ರೈತ_ತನ್ನ_ಹೊಲದಲ್ಲಿ_ಕೆಲಸ_ಮಾಡುತ್ತಿದ್ದ.mp3"],["createsentence","1","Description","ಹದ್ದು/ಬಲೆಯೊಳಗೆ/ಸಿಕ್ಕಿಕೊಂಡಿತ್ತು.","","eagle_net.png","ಹದ್ದು_ಬಲೆಯೊಳಗೆ_ಸಿಕ್ಕಿಕೊಂಡಿತ್ತು.mp3"],["createsentence","1","Description","ರೈತನು/ಹದ್ದನ್ನು/ಬಲೆಯಿಂದ/ಬಿಡಿಸಿದನು.","","eagle_free.png","ರೈತನು_ಹದ್ದನ್ನು_ಬಲೆಯಿಂದ_ಬಿಡಿಸಿದನು.mp3"],["createsentence","1","Description","ರೈತನ/ಮನೆಯ/ಗೋಡೆ/ಕುಸಿಯುವ/ಸ್ಥಿತಿಯಲ್ಲಿತ್ತು.","","broken_wall.png","ರೈತನ_ಮನೆಯ_ಗೋಡೆ_ಕುಸಿಯುವ_ಸ್ಥಿತಿಯಲ್ಲಿತ್ತು.mp3"],["createsentence","1","Description","ರೈತನು/ಹದ್ದಿನ/ಕಡೆಗೆ/ಪ್ರೀತಿಯಿಂದ/ನೋಡಿದನು.","","look_lovingly.png","ರೈತನು_ಹದ್ದಿನ_ಕಡೆಗೆ_ಪ್ರೀತಿಯಿಂದ_ನೋಡಿದನು.mp3"],["quizliteracy","1","Description","sentence_sentence","ಬಲೆಯೊಳಗೆ","ಬಲೆಯೊಳಗೆ","ಪ್ರೀತಿಯಿಂದ","ರೈತನು","","ಹದ್ದು __________ ಸಿಕ್ಕಿಕೊಂಡಿತ್ತು.","ಹದ್ದು_ಬಲೆಯೊಳಗೆ_ಸಿಕ್ಕಿಕೊಂಡಿತ್ತು.mp3"],["quizliteracy","1","Description","sentence_sentence","ರೈತನು","ಹೊಲದಲ್ಲಿ","ರೈತನು","ಬಲೆಯೊಳಗೆ","","______ ಹದ್ದನ್ನು ಬಲೆಯಿಂದ ಬಿಡಿಸಿದನು.","ರೈತನು_ಹದ್ದನ್ನು_ಬಲೆಯಿಂದ_ಬಿಡಿಸಿದನು.mp3"],["quizliteracy","1","Description","sentence_sentence","ಪ್ರೀತಿಯಿಂದ","ಕೋಪದಿಂದ","ಕರುಣೆಯಿಂದ","ಪ್ರೀತಿಯಿಂದ","","ರೈತನು ಹದ್ದಿನ ಕಡೆಗೆ __________ ನೋಡಿದನು.","ರೈತನು_ಹದ್ದಿನ_ಕಡೆಗೆ_ಪ್ರೀತಿಯಿಂದ_ನೋಡಿದನು.mp3"]]}]],0,0,[],[],[]],[[{"name":"look_lovingly","rect":[0,0,400,400],"offset":[0,0],"originalSize":[400,400],"capInsets":[0,0,0,0]}],[1],0,[0],[0],[0]],[[{"name":"eagle_net","rect":[0,0,400,400],"offset":[0,0],"originalSize":[400,400],"capInsets":[0,0,0,0]}],[1],0,[0],[0],[1]],[["0,9729,9729,33071,33071,0,0,1",-1],[0],0,[],[],[]],[["0,9729,9729,33071,33071,0,0,1",-1],[0],0,[],[],[]],[[[0,"ಹದ್ದು_ಬಲೆಯೊಳಗೆ_ಸಿಕ್ಕಿಕೊಂಡಿತ್ತು",".mp3",2.496],-1],0,0,[],[],[]],[[{"name":"broken_wall","rect":[0,0,400,400],"offset":[0,0],"originalSize":[400,400],"capInsets":[0,0,0,0]}],[1],0,[0],[0],[2]],[["0,9729,9729,33071,33071,0,0,1",-1],[0],0,[],[],[]],[[{"name":"eagle_free","rect":[0,0,400,400],"offset":[0,0],"originalSize":[400,400],"capInsets":[0,0,0,0]}],[1],0,[0],[0],[3]],[[[0,"ರೈತ_ತನ್ನ_ಹೊಲದಲ್ಲಿ_ಕೆಲಸ_ಮಾಡುತ್ತಿದ್ದ",".mp3",3.144],-1],0,0,[],[],[]],[[[0,"ರೈತನು_ಹದ್ದಿನ_ಕಡೆಗೆ_ಪ್ರೀತಿಯಿಂದ_ನೋಡಿದನು",".mp3",3.408],-1],0,0,[],[],[]],[["0,9729,9729,33071,33071,0,0,1",-1],[0],0,[],[],[]],[[{"name":"farmer_farming","rect":[0,0,400,400],"offset":[0,0],"originalSize":[400,400],"capInsets":[0,0,0,0]}],[1],0,[0],[0],[4]]]]