[1,["f49VxwNIRFnYwxPcrjcTtZ","1euLsOQ5xCe55xlBZlfWCg","d8rpG1EkpMhLaw/PXfalN2"],["_textureSetter"],["cc.Texture2D","cc.SpriteFrame",["cc.AudioClip",["_name","_native","duration"],0],["cc.JsonAsset",["_name","json"],1]],[[2,0,1,2,4],[3,0,1,3]],[[[[0,"ಕೈ",".mp3",0.6],-1],0,0,[],[],[]],[[[0,"ಕೆ",".mp3",0.552],-1],0,0,[],[],[]],[[[0,"ಕೇ",".mp3",0.576],-1],0,0,[],[],[]],[["0,9729,9729,33071,33071,0,0,1",-1],[0],0,[],[],[]],[[{"name":"hand","rect":[0,0,500,500],"offset":[0,0],"originalSize":[500,500],"capInsets":[0,0,0,0]}],[1],0,[0],[0],[0]],[[{"name":"lake","rect":[0,0,512,288],"offset":[0,0],"originalSize":[512,288],"capInsets":[0,0,0,0]}],[1],0,[0],[0],[1]],[[[0,"ೆ",".mp3",0.504],-1],0,0,[],[],[]],[[[0,"ಕೆರೆ",".mp3",0.624],-1],0,0,[],[],[]],[[[0,"ಕೇಸರಿ",".mp3",0.792],-1],0,0,[],[],[]],[[{"name":"lion","rect":[0,0,512,378],"offset":[0,0],"originalSize":[512,378],"capInsets":[0,0,0,0]}],[1],0,[0],[0],[2]],[[[0,"ೇ",".mp3",0.528],-1],0,0,[],[],[]],[[[0,"ೈ",".mp3",0.576],-1],0,0,[],[],[]],[[[0,"ಕ",".mp3",0.504],-1],0,0,[],[],[]],[[[1,"kn2404",{"rows":[["phonictractor","1","Description","6","ಕೆ","ಕೆ.mp3","ಕ","ಕ.mp3","ೆ","ೆ.mp3"],["spelldoor","1","Description","ಕೆರೆ","**","0","0","lake.png","ಕೆರೆ.mp3"],["phonictractor","1","Description","6","ಕೇ","ಕೇ.mp3","ಕ","ಕ.mp3","ೇ","ೇ.mp3"],["spelldoor","1","Description","ಕೇಸರಿ","***","0","0","lion.png","ಕೇಸರಿ.mp3"],["phonictractor","1","Description","6","ಕೈ","ಕೈ.mp3","ಕ","ಕ.mp3","ೈ","ೈ.mp3"],["spelldoor","1","Description","ಕೈ","*","0","0","hand.png","ಕೈ.mp3"],["grid","1","Description","ಕ","ಎ,ಏ,ಐ","ೆ,ೇ,ೈ"],["quizliteracy","1","Description","word_word","ಕೆ","ಕು","ಕೃ","ಕೆ","","_ರೆ","ಕೆರೆ.mp3"],["quizliteracy","1","Description","word_word","ಕೇ","ಕೈ","ಕೇ","ಕೋ","","_ಸರಿ","ಕೇಸರಿ.mp3"],["quizliteracy","1","Description","image_word","ಕೈ","ಕೇಸರಿ","ಕೆರೆ","ಕೈ","hand.png"]]}]],0,0,[],[],[]],[["0,9729,9729,33071,33071,0,0,1",-1],[0],0,[],[],[]],[["0,9729,9729,33071,33071,0,0,1",-1],[0],0,[],[],[]]]]