<root>
<lido-container show-prev-button="false" show-next-button="true" id="lido-container" bg-image="" height="1600px" width="900px" value="mainContainer4" objective="" visible="true" onInCorrect="lido-avatar.avatarAnimate='Fail'; this.sleep='2000';" show-check="false" is-continue-on-correct="true" exit-button-url="template-assets/buttons/file-oichru5i.svg" prev-button-url="template-assets/buttons/file-i652sks3.svg" next-button-url="template-assets/buttons/file-btt85m8n.svg" speaker-button-url="template-assets/buttons/file-3pqr3v99.svg">
    <lido-cell id="cell1" margin="landscape.140px 0px 0px 0px,portrait.170px 0px 0px 0px" visible="true" layout="landscape.row,portrait.col" disable-edit="true" value="cell1" width="landscape.100%,portrait.86%" height="landscape.100%,portrait.80%" x="50px" y="50px" bg-color="white" onEntry="this.justifyContent='space-evenly'; this.borderRadius='6px'">
        <lido-image id="image1" disable-edit="true" margin="landscape.0px 0px 0px 0px,portrait.-20px 0px 0px 0px" value="image1" visible="true" src="game-assets/images/file-6mloi7xk.jpg" width="landscape.704px,portrait.744px" height="landscape.704px,portrait.707px" bg-color="transparent" alt-text="" onEntry="" />
        <lido-text id="text1" tab-index="1" audio="game-assets/audio/file-y6fcsqfj.wav" disable-edit="true" margin="landscape.0px 0px 0px 27px,portrait.0px 0px 60px 0px" value="text1" visible="true" width="landscape.47%,portrait.90%" height="100%" bg-color="transparent" font-family="'Baloo 2', serif" font-size="44px" font-color="#000" string="संचार का अर्थ है कि आप अपने विचारों और भावनाओं को स्पष्टता, प्रेम और सम्मान के साथ दूसरों तक पहुँचाएँ।" onEntry="this.fontWeight='500'; this.boxShadow='unset'; this.textAlign='start'; this.speak='true';" />
    </lido-cell>
    <lido-pos id="pos1" disable-edit="true" value="pos1" height="350px" width="350px" x="landscape.1300px, portrait.580px" y="landscape.670px, portrait.1350px" aria-hidden="true" z="1" bg-color="transparent" visible="true">
        <lido-avatar id="lido-avatar" disable-edit="true" visible="true" height="350px" width="350px" src="template-assets/images/file-xfrg2xqr.riv" alt-text="chimpleCharacterRive" />
    </lido-pos>
</lido-container><lido-container show-prev-button="false" show-next-button="true" id="lido-container" bg-image="" height="1600px" width="900px" value="mainContainer4" objective="" visible="true" onInCorrect="lido-avatar.avatarAnimate='Fail'; this.sleep='2000';" show-check="false" is-continue-on-correct="true" exit-button-url="template-assets/buttons/file-oichru5i.svg" prev-button-url="template-assets/buttons/file-i652sks3.svg" next-button-url="template-assets/buttons/file-btt85m8n.svg" speaker-button-url="template-assets/buttons/file-3pqr3v99.svg">
    <lido-cell id="cell1" margin="landscape.140px 0px 0px 0px,portrait.170px 0px 0px 0px" visible="true" layout="landscape.row,portrait.col" disable-edit="true" value="cell1" width="landscape.100%,portrait.86%" height="landscape.100%,portrait.80%" x="50px" y="50px" bg-color="white" onEntry="this.justifyContent='space-evenly'; this.borderRadius='6px'">
        <lido-image id="image1" disable-edit="true" margin="landscape.0px 0px 0px 0px,portrait.-20px 0px 0px 0px" value="image1" visible="true" src="game-assets/images/file-9uzaohm7.jpg" width="landscape.704px,portrait.744px" height="landscape.704px,portrait.707px" bg-color="transparent" alt-text="" onEntry="" />
        <lido-text id="text1" tab-index="1" audio="game-assets/audio/file-x6haut1q.wav" disable-edit="true" margin="landscape.0px 0px 0px 27px,portrait.0px 0px 60px 0px" value="text1" visible="true" width="landscape.47%,portrait.90%" height="100%" bg-color="transparent" font-family="'Baloo 2', serif" font-size="44px" font-color="#000" string="हम बोलने के लिए शब्दों का, सुनने के लिए कानों का, और अपना मतलब बताने के लिए हावभाव का इस्तेमाल करते हैं।" onEntry="this.fontWeight='500'; this.boxShadow='unset'; this.textAlign='start'; this.speak='true';" />
    </lido-cell>
    <lido-pos id="pos1" disable-edit="true" value="pos1" height="350px" width="350px" x="landscape.1300px, portrait.580px" y="landscape.670px, portrait.1350px" aria-hidden="true" z="1" bg-color="transparent" visible="true">
        <lido-avatar id="lido-avatar" disable-edit="true" visible="true" height="350px" width="350px" src="template-assets/images/file-xfrg2xqr.riv" alt-text="chimpleCharacterRive" />
    </lido-pos>
</lido-container><lido-container show-prev-button="false" show-next-button="true" id="lido-container" bg-image="" height="1600px" width="900px" value="mainContainer4" objective="" visible="true" onInCorrect="lido-avatar.avatarAnimate='Fail'; this.sleep='2000';" show-check="false" is-continue-on-correct="true" exit-button-url="template-assets/buttons/file-oichru5i.svg" prev-button-url="template-assets/buttons/file-i652sks3.svg" next-button-url="template-assets/buttons/file-btt85m8n.svg" speaker-button-url="template-assets/buttons/file-3pqr3v99.svg">
    <lido-cell id="cell1" margin="landscape.140px 0px 0px 0px,portrait.170px 0px 0px 0px" visible="true" layout="landscape.row,portrait.col" disable-edit="true" value="cell1" width="landscape.100%,portrait.86%" height="landscape.100%,portrait.80%" x="50px" y="50px" bg-color="white" onEntry="this.justifyContent='space-evenly'; this.borderRadius='6px'">
        <lido-image id="image1" disable-edit="true" margin="landscape.0px 0px 0px 0px,portrait.-20px 0px 0px 0px" value="image1" visible="true" src="game-assets/images/file-dbfu309j.jpg" width="landscape.704px,portrait.744px" height="landscape.704px,portrait.707px" bg-color="transparent" alt-text="" onEntry="" />
        <lido-text id="text1" tab-index="1" audio="game-assets/audio/file-2q9gc1ms.wav" disable-edit="true" margin="landscape.0px 0px 0px 27px,portrait.0px 0px 60px 0px" value="text1" visible="true" width="landscape.47%,portrait.90%" height="100%" bg-color="transparent" font-family="'Baloo 2', serif" font-size="44px" font-color="#000" string="जब हम नम्रता से बात करते हैं, लोग हमें आसानी से समझ पाते हैं।" onEntry="this.fontWeight='500'; this.boxShadow='unset'; this.textAlign='start'; this.speak='true';" />
    </lido-cell>
    <lido-pos id="pos1" disable-edit="true" value="pos1" height="350px" width="350px" x="landscape.1300px, portrait.580px" y="landscape.670px, portrait.1350px" aria-hidden="true" z="1" bg-color="transparent" visible="true">
        <lido-avatar id="lido-avatar" disable-edit="true" visible="true" height="350px" width="350px" src="template-assets/images/file-xfrg2xqr.riv" alt-text="chimpleCharacterRive" />
    </lido-pos>
</lido-container><lido-container show-prev-button="false" show-next-button="true" id="lido-container" bg-image="" height="1600px" width="900px" value="mainContainer4" objective="" visible="true" onInCorrect="lido-avatar.avatarAnimate='Fail'; this.sleep='2000';" show-check="false" is-continue-on-correct="true" exit-button-url="template-assets/buttons/file-oichru5i.svg" prev-button-url="template-assets/buttons/file-i652sks3.svg" next-button-url="template-assets/buttons/file-btt85m8n.svg" speaker-button-url="template-assets/buttons/file-3pqr3v99.svg">
    <lido-cell id="cell1" margin="landscape.140px 0px 0px 0px,portrait.170px 0px 0px 0px" visible="true" layout="landscape.row,portrait.col" disable-edit="true" value="cell1" width="landscape.100%,portrait.86%" height="landscape.100%,portrait.80%" x="50px" y="50px" bg-color="white" onEntry="this.justifyContent='space-evenly'; this.borderRadius='6px'">
        <lido-image id="image1" disable-edit="true" margin="landscape.0px 0px 0px 0px,portrait.-20px 0px 0px 0px" value="image1" visible="true" src="game-assets/images/file-l4kk5rb7.jpg" width="landscape.704px,portrait.744px" height="landscape.704px,portrait.707px" bg-color="transparent" alt-text="" onEntry="" />
        <lido-text id="text1" tab-index="1" audio="game-assets/audio/file-aigp6vh0.wav" disable-edit="true" margin="landscape.0px 0px 0px 27px,portrait.0px 0px 60px 0px" value="text1" visible="true" width="landscape.47%,portrait.90%" height="100%" bg-color="transparent" font-family="'Baloo 2', serif" font-size="44px" font-color="#000" string="जब हम ध्यान से सुनते हैं, तो हम दूसरों को भी अच्छी तरह समझते हैं।" onEntry="this.fontWeight='500'; this.boxShadow='unset'; this.textAlign='start'; this.speak='true';" />
    </lido-cell>
    <lido-pos id="pos1" disable-edit="true" value="pos1" height="350px" width="350px" x="landscape.1300px, portrait.580px" y="landscape.670px, portrait.1350px" aria-hidden="true" z="1" bg-color="transparent" visible="true">
        <lido-avatar id="lido-avatar" disable-edit="true" visible="true" height="350px" width="350px" src="template-assets/images/file-xfrg2xqr.riv" alt-text="chimpleCharacterRive" />
    </lido-pos>
</lido-container><lido-container show-prev-button="false" show-next-button="true" id="lido-container" bg-image="" height="1600px" width="900px" value="mainContainer4" objective="" visible="true" onInCorrect="lido-avatar.avatarAnimate='Fail'; this.sleep='2000';" show-check="false" is-continue-on-correct="true" exit-button-url="template-assets/buttons/file-oichru5i.svg" prev-button-url="template-assets/buttons/file-i652sks3.svg" next-button-url="template-assets/buttons/file-btt85m8n.svg" speaker-button-url="template-assets/buttons/file-3pqr3v99.svg">
    <lido-cell id="cell1" margin="landscape.140px 0px 0px 0px,portrait.170px 0px 0px 0px" visible="true" layout="landscape.row,portrait.col" disable-edit="true" value="cell1" width="landscape.100%,portrait.86%" height="landscape.100%,portrait.80%" x="50px" y="50px" bg-color="white" onEntry="this.justifyContent='space-evenly'; this.borderRadius='6px'">
        <lido-image id="image1" disable-edit="true" margin="landscape.0px 0px 0px 0px,portrait.-20px 0px 0px 0px" value="image1" visible="true" src="game-assets/images/file-hvl4o9qm.jpg" width="landscape.704px,portrait.744px" height="landscape.704px,portrait.707px" bg-color="transparent" alt-text="" onEntry="" />
        <lido-text id="text1" tab-index="1" audio="game-assets/audio/file-vvj0bako.wav" disable-edit="true" margin="landscape.0px 0px 0px 27px,portrait.0px 0px 60px 0px" value="text1" visible="true" width="landscape.47%,portrait.90%" height="100%" bg-color="transparent" font-family="'Baloo 2', serif" font-size="44px" font-color="#000" string="अच्छा संचार हमें दोस्त बनाने में मदद करता है।" onEntry="this.fontWeight='500'; this.boxShadow='unset'; this.textAlign='start'; this.speak='true';" />
    </lido-cell>
    <lido-pos id="pos1" disable-edit="true" value="pos1" height="350px" width="350px" x="landscape.1300px, portrait.580px" y="landscape.670px, portrait.1350px" aria-hidden="true" z="1" bg-color="transparent" visible="true">
        <lido-avatar id="lido-avatar" disable-edit="true" visible="true" height="350px" width="350px" src="template-assets/images/file-xfrg2xqr.riv" alt-text="chimpleCharacterRive" />
    </lido-pos>
</lido-container><lido-container show-prev-button="false" show-next-button="true" id="lido-container" bg-image="" height="1600px" width="900px" value="mainContainer4" objective="" visible="true" onInCorrect="lido-avatar.avatarAnimate='Fail'; this.sleep='2000';" show-check="false" is-continue-on-correct="true" exit-button-url="template-assets/buttons/file-oichru5i.svg" prev-button-url="template-assets/buttons/file-i652sks3.svg" next-button-url="template-assets/buttons/file-btt85m8n.svg" speaker-button-url="template-assets/buttons/file-3pqr3v99.svg">
    <lido-cell id="cell1" margin="landscape.140px 0px 0px 0px,portrait.170px 0px 0px 0px" visible="true" layout="landscape.row,portrait.col" disable-edit="true" value="cell1" width="landscape.100%,portrait.86%" height="landscape.100%,portrait.80%" x="50px" y="50px" bg-color="white" onEntry="this.justifyContent='space-evenly'; this.borderRadius='6px'">
        <lido-image id="image1" disable-edit="true" margin="landscape.0px 0px 0px 0px,portrait.-20px 0px 0px 0px" value="image1" visible="true" src="game-assets/images/file-wz168pu2.jpg" width="landscape.704px,portrait.744px" height="landscape.704px,portrait.707px" bg-color="transparent" alt-text="" onEntry="" />
        <lido-text id="text1" tab-index="1" audio="game-assets/audio/file-gyt0t7hw.wav" disable-edit="true" margin="landscape.0px 0px 0px 27px,portrait.0px 0px 60px 0px" value="text1" visible="true" width="landscape.47%,portrait.90%" height="100%" bg-color="transparent" font-family="'Baloo 2', serif" font-size="44px" font-color="#000" string="यह समस्याएँ सुलझाने में भी मदद करता है और सबके प्रति सम्मान दिखाता है।" onEntry="this.fontWeight='500'; this.boxShadow='unset'; this.textAlign='start'; this.speak='true';" />
    </lido-cell>
    <lido-pos id="pos1" disable-edit="true" value="pos1" height="350px" width="350px" x="landscape.1300px, portrait.580px" y="landscape.670px, portrait.1350px" aria-hidden="true" z="1" bg-color="transparent" visible="true">
        <lido-avatar id="lido-avatar" disable-edit="true" visible="true" height="350px" width="350px" src="template-assets/images/file-xfrg2xqr.riv" alt-text="chimpleCharacterRive" />
    </lido-pos>
</lido-container><lido-container show-prev-button="false" show-next-button="true" id="lido-container" bg-image="" height="1600px" width="900px" value="mainContainer4" objective="" visible="true" onInCorrect="lido-avatar.avatarAnimate='Fail'; this.sleep='2000';" show-check="false" is-continue-on-correct="true" exit-button-url="template-assets/buttons/file-oichru5i.svg" prev-button-url="template-assets/buttons/file-i652sks3.svg" next-button-url="template-assets/buttons/file-btt85m8n.svg" speaker-button-url="template-assets/buttons/file-3pqr3v99.svg">
    <lido-cell id="cell1" margin="landscape.140px 0px 0px 0px,portrait.170px 0px 0px 0px" visible="true" layout="landscape.row,portrait.col" disable-edit="true" value="cell1" width="landscape.100%,portrait.86%" height="landscape.100%,portrait.80%" x="50px" y="50px" bg-color="white" onEntry="this.justifyContent='space-evenly'; this.borderRadius='6px'">
        <lido-image id="image1" disable-edit="true" margin="landscape.0px 0px 0px 0px,portrait.-20px 0px 0px 0px" value="image1" visible="true" src="game-assets/images/file-7tynzoqg.jpg" width="landscape.704px,portrait.744px" height="landscape.704px,portrait.707px" bg-color="transparent" alt-text="" onEntry="" />
        <lido-text id="text1" tab-index="1" audio="game-assets/audio/file-zfp9gj85.wav" disable-edit="true" margin="landscape.0px 0px 0px 27px,portrait.0px 0px 60px 0px" value="text1" visible="true" width="landscape.47%,portrait.90%" height="100%" bg-color="transparent" font-family="'Baloo 2', serif" font-size="44px" font-color="#000" string="साफ़, दयालु और सम्मानजनक संचार हमारी दोस्ती, हमारे रिश्तों और हमारे स्कूल—तीनों को मजबूत बनाता है।" onEntry="this.fontWeight='500'; this.boxShadow='unset'; this.textAlign='start'; this.speak='true';" />
    </lido-cell>
    <lido-pos id="pos1" disable-edit="true" value="pos1" height="350px" width="350px" x="landscape.1300px, portrait.580px" y="landscape.670px, portrait.1350px" aria-hidden="true" z="1" bg-color="transparent" visible="true">
        <lido-avatar id="lido-avatar" disable-edit="true" visible="true" height="350px" width="350px" src="template-assets/images/file-xfrg2xqr.riv" alt-text="chimpleCharacterRive" />
    </lido-pos>
</lido-container>
    <lido-container id="lido-container" value="maincontainer" objective="option_2" aria-label="This is a multiple-option question. Select one option from the list." height="100vh" width="100vw" x="0" y="0" z="0" bg-color="transparent" bg-image="template-assets/bg-images/file-92xodn92.png" visible="true" onCorrect="lido-avatar.avatarAnimate='Success'; this.sleep='2000';" onInCorrect="lido-avatar.avatarAnimate='Fail'; this.sleep='2000';" show-check="false" is-continue-on-correct="true" onEntry="" exit-button-url="template-assets/buttons/file-oichru5i.svg" prev-button-url="template-assets/buttons/file-i652sks3.svg" next-button-url="template-assets/buttons/file-btt85m8n.svg" speaker-button-url="template-assets/buttons/file-3pqr3v99.svg">

    
    <lido-cell layout="pos" id="pos1" disable-edit="true" value="pos1" height="300px" width="300px" x="landscape.-20px, portrait.-20px" y="landscape.100px, portrait.400px" aria-hidden="true" z="2" bg-color="transparent" visible="true">

      <lido-avatar id="lido-avatar" disable-edit="true" visible="true" height="100%" width="100%" src="template-assets/images/file-xfrg2xqr.riv" alt-text="" bg-color="transparent">
      </lido-avatar>

      <lido-image id="shadow1" disable-edit="true" value="image1" visible="true" src="template-assets/images/file-kew5q2zu.png" bg-color="transparent" width="186px" height="40px" x="55px" y="248px" alt-text="">
      </lido-image>
    </lido-cell>

    <lido-cell visible="true" layout="col" width="100%" height="100%" bg-color="transparent">
      <lido-text visible="true" width="80%" height="10%" bg-color="transparent" />

      <lido-text tab-index="1" audio="game-assets/audio/file-f8lr6fl4.wav" visible="true" id="lido-question" width="landscape.65%, portrait.80%" height="10%" bg-color="#FFF5BB" string="अच्छा संचार का क्या अर्थ है?" border-radius="16px" onEntry="this.border='1px solid black'; this.fontWeight='500'; this.padding='50px';" font-size="36px">
      </lido-text>

      <lido-cell visible="true" width="100%" height="landscape.68%, portrait.100%" bg-color="transparent" layout="landscape.row, portrait.col" margin="landscape.0, portrait.-108px 0 0 0">

        

        <lido-cell visible="true" layout="wrap" width="landscape.70%, portrait.80%" height="landscape.97%, portrait.auto" bg-color="transparent" gap="40px" onEntry="this.gridTemplateColumns='1fr 1fr';" margin="landscape.0, portrait.-195px 0 0 0">

          
          
          <lido-cell tab-index="2" visible="true" layout="col" width="100%" type="click" audio="game-assets/audio/file-nwuqvec5.wav" value="option_4" height="landscape.250px, portrait.270px" onEntry="this.borderRadius='25px'; this.padding='0';" onCorrect="this.cellBorderAnimate='#65BC46';" onInCorrect="this.vibrate='horizontal-shake';" onTouch="">
                
            <lido-text visible="true" font-size="36px" font-color="black" string="दूसरों को नजरअंदाज करना" width="fit-content" bg-color="transparent" onEntry="this.fontWeight='500'; this.padding='0 20px';">
            </lido-text>
          </lido-cell>
					
          
          <lido-cell tab-index="3" visible="true" layout="col" width="100%" type="click" audio="game-assets/audio/file-hl4o8m2n.wav" value="option_3" height="landscape.250px, portrait.270px" onEntry="this.borderRadius='25px'; this.padding='0';" onCorrect="this.cellBorderAnimate='#65BC46';" onInCorrect="this.vibrate='horizontal-shake';" onTouch="">
                
            <lido-text visible="true" font-size="36px" font-color="black" string="जोर से बोलना" width="fit-content" bg-color="transparent" onEntry="this.fontWeight='500'; this.padding='0 20px';">
            </lido-text>
          </lido-cell>
					
          
          <lido-cell tab-index="4" visible="true" layout="col" width="100%" type="click" audio="game-assets/audio/file-h13kskao.wav" value="option_1" height="landscape.250px, portrait.270px" onEntry="this.borderRadius='25px'; this.padding='0';" onCorrect="this.cellBorderAnimate='#65BC46';" onInCorrect="this.vibrate='horizontal-shake';" onTouch="">
                
            <lido-text visible="true" font-size="36px" font-color="black" string="बिना सुने बात करना" width="fit-content" bg-color="transparent" onEntry="this.fontWeight='500'; this.padding='0 20px';">
            </lido-text>
          </lido-cell>
					
          
          <lido-cell tab-index="5" visible="true" layout="col" width="100%" type="click" audio="game-assets/audio/file-ypdb709d.wav" value="option_2" height="landscape.250px, portrait.270px" onEntry="this.borderRadius='25px'; this.padding='0';" onCorrect="this.cellBorderAnimate='#65BC46';" onInCorrect="this.vibrate='horizontal-shake';" onTouch="">
                
            <lido-text visible="true" font-size="36px" font-color="black" string="साझा करना और सुनना" width="fit-content" bg-color="transparent" onEntry="this.fontWeight='500'; this.padding='0 20px';">
            </lido-text>
          </lido-cell>

        </lido-cell>
      </lido-cell>
    </lido-cell>
  </lido-container>
    <lido-container id="lido-container" value="maincontainer" objective="option_2" aria-label="This is a multiple-option question. Select one option from the list." height="100vh" width="100vw" x="0" y="0" z="0" bg-color="transparent" bg-image="template-assets/bg-images/file-92xodn92.png" visible="true" onCorrect="lido-avatar.avatarAnimate='Success'; this.sleep='2000';" onInCorrect="lido-avatar.avatarAnimate='Fail'; this.sleep='2000';" show-check="false" is-continue-on-correct="true" onEntry="" exit-button-url="template-assets/buttons/file-oichru5i.svg" prev-button-url="template-assets/buttons/file-i652sks3.svg" next-button-url="template-assets/buttons/file-btt85m8n.svg" speaker-button-url="template-assets/buttons/file-3pqr3v99.svg">

    
    <lido-cell layout="pos" id="pos1" disable-edit="true" value="pos1" height="300px" width="300px" x="landscape.-20px, portrait.-20px" y="landscape.100px, portrait.400px" aria-hidden="true" z="2" bg-color="transparent" visible="true">

      <lido-avatar id="lido-avatar" disable-edit="true" visible="true" height="100%" width="100%" src="template-assets/images/file-xfrg2xqr.riv" alt-text="" bg-color="transparent">
      </lido-avatar>

      <lido-image id="shadow1" disable-edit="true" value="image1" visible="true" src="template-assets/images/file-kew5q2zu.png" bg-color="transparent" width="186px" height="40px" x="55px" y="248px" alt-text="">
      </lido-image>
    </lido-cell>

    <lido-cell visible="true" layout="col" width="100%" height="100%" bg-color="transparent">
      <lido-text visible="true" width="80%" height="10%" bg-color="transparent" />

      <lido-text tab-index="1" audio="game-assets/audio/file-pf7h07uv.wav" visible="true" id="lido-question" width="landscape.65%, portrait.80%" height="10%" bg-color="#FFF5BB" string="जब कोई आपसे बात कर रहा हो तो आपको क्या करना चाहिए?" border-radius="16px" onEntry="this.border='1px solid black'; this.fontWeight='500'; this.padding='50px';" font-size="36px">
      </lido-text>

      <lido-cell visible="true" width="100%" height="landscape.68%, portrait.100%" bg-color="transparent" layout="landscape.row, portrait.col" margin="landscape.0, portrait.-108px 0 0 0">

        

        <lido-cell visible="true" layout="wrap" width="landscape.70%, portrait.80%" height="landscape.97%, portrait.auto" bg-color="transparent" gap="40px" onEntry="this.gridTemplateColumns='1fr 1fr';" margin="landscape.0, portrait.-195px 0 0 0">

          
          
          <lido-cell tab-index="2" visible="true" layout="col" width="100%" type="click" audio="game-assets/audio/file-1ownsi82.wav" value="option_2" height="landscape.250px, portrait.270px" onEntry="this.borderRadius='25px'; this.padding='0';" onCorrect="this.cellBorderAnimate='#65BC46';" onInCorrect="this.vibrate='horizontal-shake';" onTouch="">
                
            <lido-text visible="true" font-size="36px" font-color="black" string="ध्यान से सुनना" width="fit-content" bg-color="transparent" onEntry="this.fontWeight='500'; this.padding='0 20px';">
            </lido-text>
          </lido-cell>
					
          
          <lido-cell tab-index="3" visible="true" layout="col" width="100%" type="click" audio="game-assets/audio/file-62ad7853.wav" value="option_4" height="landscape.250px, portrait.270px" onEntry="this.borderRadius='25px'; this.padding='0';" onCorrect="this.cellBorderAnimate='#65BC46';" onInCorrect="this.vibrate='horizontal-shake';" onTouch="">
                
            <lido-text visible="true" font-size="36px" font-color="black" string="वहाँ से चले जाना" width="fit-content" bg-color="transparent" onEntry="this.fontWeight='500'; this.padding='0 20px';">
            </lido-text>
          </lido-cell>
					
          
          <lido-cell tab-index="4" visible="true" layout="col" width="100%" type="click" audio="game-assets/audio/file-iqtesxa6.wav" value="option_1" height="landscape.250px, portrait.270px" onEntry="this.borderRadius='25px'; this.padding='0';" onCorrect="this.cellBorderAnimate='#65BC46';" onInCorrect="this.vibrate='horizontal-shake';" onTouch="">
                
            <lido-text visible="true" font-size="36px" font-color="black" string="बीच में रोकना " width="fit-content" bg-color="transparent" onEntry="this.fontWeight='500'; this.padding='0 20px';">
            </lido-text>
          </lido-cell>
					
          
          <lido-cell tab-index="5" visible="true" layout="col" width="100%" type="click" audio="game-assets/audio/file-w9jkhxn7.wav" value="option_3" height="landscape.250px, portrait.270px" onEntry="this.borderRadius='25px'; this.padding='0';" onCorrect="this.cellBorderAnimate='#65BC46';" onInCorrect="this.vibrate='horizontal-shake';" onTouch="">
                
            <lido-text visible="true" font-size="36px" font-color="black" string="उनकी बात पर अपनी बात चढ़ा देना" width="fit-content" bg-color="transparent" onEntry="this.fontWeight='500'; this.padding='0 20px';">
            </lido-text>
          </lido-cell>

        </lido-cell>
      </lido-cell>
    </lido-cell>
  </lido-container>
    <lido-container id="lido-container" value="maincontainer" objective="option_3" aria-label="This is a multiple-option question. Select one option from the list." height="100vh" width="100vw" x="0" y="0" z="0" bg-color="transparent" bg-image="template-assets/bg-images/file-92xodn92.png" visible="true" onCorrect="lido-avatar.avatarAnimate='Success'; this.sleep='2000';" onInCorrect="lido-avatar.avatarAnimate='Fail'; this.sleep='2000';" show-check="false" is-continue-on-correct="true" onEntry="" exit-button-url="template-assets/buttons/file-oichru5i.svg" prev-button-url="template-assets/buttons/file-i652sks3.svg" next-button-url="template-assets/buttons/file-btt85m8n.svg" speaker-button-url="template-assets/buttons/file-3pqr3v99.svg">

    
    <lido-cell layout="pos" id="pos1" disable-edit="true" value="pos1" height="300px" width="300px" x="landscape.-20px, portrait.-20px" y="landscape.100px, portrait.400px" aria-hidden="true" z="2" bg-color="transparent" visible="true">

      <lido-avatar id="lido-avatar" disable-edit="true" visible="true" height="100%" width="100%" src="template-assets/images/file-xfrg2xqr.riv" alt-text="" bg-color="transparent">
      </lido-avatar>

      <lido-image id="shadow1" disable-edit="true" value="image1" visible="true" src="template-assets/images/file-kew5q2zu.png" bg-color="transparent" width="186px" height="40px" x="55px" y="248px" alt-text="">
      </lido-image>
    </lido-cell>

    <lido-cell visible="true" layout="col" width="100%" height="100%" bg-color="transparent">
      <lido-text visible="true" width="80%" height="10%" bg-color="transparent" />

      <lido-text tab-index="1" audio="game-assets/audio/file-wzjbdbgz.wav" visible="true" id="lido-question" width="landscape.65%, portrait.80%" height="10%" bg-color="#FFF5BB" string="कौन सी शारीरिक भाषा दिखाती है कि आप ध्यान से सुन रहे हैं?" border-radius="16px" onEntry="this.border='1px solid black'; this.fontWeight='500'; this.padding='50px';" font-size="36px">
      </lido-text>

      <lido-cell visible="true" width="100%" height="landscape.68%, portrait.100%" bg-color="transparent" layout="landscape.row, portrait.col" margin="landscape.0, portrait.-108px 0 0 0">

        

        <lido-cell visible="true" layout="wrap" width="landscape.70%, portrait.80%" height="landscape.97%, portrait.auto" bg-color="transparent" gap="40px" onEntry="this.gridTemplateColumns='1fr 1fr';" margin="landscape.0, portrait.-195px 0 0 0">

          
          
          <lido-cell tab-index="2" visible="true" layout="col" width="100%" type="click" audio="game-assets/audio/file-ood0j803.wav" value="option_4" height="landscape.250px, portrait.270px" onEntry="this.borderRadius='25px'; this.padding='0';" onCorrect="this.cellBorderAnimate='#65BC46';" onInCorrect="this.vibrate='horizontal-shake';" onTouch="">
                
            <lido-text visible="true" font-size="36px" font-color="black" string="खिलौनों से खेलना" width="fit-content" bg-color="transparent" onEntry="this.fontWeight='500'; this.padding='0 20px';">
            </lido-text>
          </lido-cell>
					
          
          <lido-cell tab-index="3" visible="true" layout="col" width="100%" type="click" audio="game-assets/audio/file-pmqpq8a3.wav" value="option_2" height="landscape.250px, portrait.270px" onEntry="this.borderRadius='25px'; this.padding='0';" onCorrect="this.cellBorderAnimate='#65BC46';" onInCorrect="this.vibrate='horizontal-shake';" onTouch="">
                
            <lido-text visible="true" font-size="36px" font-color="black" string="हाथ बांध लेना" width="fit-content" bg-color="transparent" onEntry="this.fontWeight='500'; this.padding='0 20px';">
            </lido-text>
          </lido-cell>
					
          
          <lido-cell tab-index="4" visible="true" layout="col" width="100%" type="click" audio="game-assets/audio/file-5hnmraw3.wav" value="option_3" height="landscape.250px, portrait.270px" onEntry="this.borderRadius='25px'; this.padding='0';" onCorrect="this.cellBorderAnimate='#65BC46';" onInCorrect="this.vibrate='horizontal-shake';" onTouch="">
                
            <lido-text visible="true" font-size="36px" font-color="black" string="वक्ता पर ध्यान दें" width="fit-content" bg-color="transparent" onEntry="this.fontWeight='500'; this.padding='0 20px';">
            </lido-text>
          </lido-cell>
					
          
          <lido-cell tab-index="5" visible="true" layout="col" width="100%" type="click" audio="game-assets/audio/file-1zlkqmqx.wav" value="option_1" height="landscape.250px, portrait.270px" onEntry="this.borderRadius='25px'; this.padding='0';" onCorrect="this.cellBorderAnimate='#65BC46';" onInCorrect="this.vibrate='horizontal-shake';" onTouch="">
                
            <lido-text visible="true" font-size="36px" font-color="black" string="दूसरी तरफ देखना" width="fit-content" bg-color="transparent" onEntry="this.fontWeight='500'; this.padding='0 20px';">
            </lido-text>
          </lido-cell>

        </lido-cell>
      </lido-cell>
    </lido-cell>
  </lido-container>
    <lido-container id="lido-container" value="maincontainer" objective="option_2" aria-label="This is a multiple-option question. Select one option from the list." height="100vh" width="100vw" x="0" y="0" z="0" bg-color="transparent" bg-image="template-assets/bg-images/file-92xodn92.png" visible="true" onCorrect="lido-avatar.avatarAnimate='Success'; this.sleep='2000';" onInCorrect="lido-avatar.avatarAnimate='Fail'; this.sleep='2000';" show-check="false" is-continue-on-correct="true" onEntry="" exit-button-url="template-assets/buttons/file-oichru5i.svg" prev-button-url="template-assets/buttons/file-i652sks3.svg" next-button-url="template-assets/buttons/file-btt85m8n.svg" speaker-button-url="template-assets/buttons/file-3pqr3v99.svg">

    
    <lido-cell layout="pos" id="pos1" disable-edit="true" value="pos1" height="300px" width="300px" x="landscape.-20px, portrait.-20px" y="landscape.100px, portrait.400px" aria-hidden="true" z="2" bg-color="transparent" visible="true">

      <lido-avatar id="lido-avatar" disable-edit="true" visible="true" height="100%" width="100%" src="template-assets/images/file-xfrg2xqr.riv" alt-text="" bg-color="transparent">
      </lido-avatar>

      <lido-image id="shadow1" disable-edit="true" value="image1" visible="true" src="template-assets/images/file-kew5q2zu.png" bg-color="transparent" width="186px" height="40px" x="55px" y="248px" alt-text="">
      </lido-image>
    </lido-cell>

    <lido-cell visible="true" layout="col" width="100%" height="100%" bg-color="transparent">
      <lido-text visible="true" width="80%" height="10%" bg-color="transparent" />

      <lido-text tab-index="1" audio="game-assets/audio/file-ai29igt7.wav" visible="true" id="lido-question" width="landscape.65%, portrait.80%" height="10%" bg-color="#FFF5BB" string="जब हम दूसरों की बात नहीं सुनते तो क्या होता है?" border-radius="16px" onEntry="this.border='1px solid black'; this.fontWeight='500'; this.padding='50px';" font-size="36px">
      </lido-text>

      <lido-cell visible="true" width="100%" height="landscape.68%, portrait.100%" bg-color="transparent" layout="landscape.row, portrait.col" margin="landscape.0, portrait.-108px 0 0 0">

        

        <lido-cell visible="true" layout="wrap" width="landscape.70%, portrait.80%" height="landscape.97%, portrait.auto" bg-color="transparent" gap="40px" onEntry="this.gridTemplateColumns='1fr 1fr';" margin="landscape.0, portrait.-195px 0 0 0">

          
          
          <lido-cell tab-index="2" visible="true" layout="col" width="100%" type="click" audio="game-assets/audio/file-8z3v5mkx.wav" value="option_4" height="landscape.250px, portrait.270px" onEntry="this.borderRadius='25px'; this.padding='0';" onCorrect="this.cellBorderAnimate='#65BC46';" onInCorrect="this.vibrate='horizontal-shake';" onTouch="">
                
            <lido-text visible="true" font-size="36px" font-color="black" string="हम दोस्त बनाते हैं" width="fit-content" bg-color="transparent" onEntry="this.fontWeight='500'; this.padding='0 20px';">
            </lido-text>
          </lido-cell>
					
          
          <lido-cell tab-index="3" visible="true" layout="col" width="100%" type="click" audio="game-assets/audio/file-sw38visa.wav" value="option_1" height="landscape.250px, portrait.270px" onEntry="this.borderRadius='25px'; this.padding='0';" onCorrect="this.cellBorderAnimate='#65BC46';" onInCorrect="this.vibrate='horizontal-shake';" onTouch="">
                
            <lido-text visible="true" font-size="36px" font-color="black" string="हम बेहतर समझते हैं" width="fit-content" bg-color="transparent" onEntry="this.fontWeight='500'; this.padding='0 20px';">
            </lido-text>
          </lido-cell>
					
          
          <lido-cell tab-index="4" visible="true" layout="col" width="100%" type="click" audio="game-assets/audio/file-ecqn3u1z.wav" value="option_3" height="landscape.250px, portrait.270px" onEntry="this.borderRadius='25px'; this.padding='0';" onCorrect="this.cellBorderAnimate='#65BC46';" onInCorrect="this.vibrate='horizontal-shake';" onTouch="">
                
            <lido-text visible="true" font-size="36px" font-color="black" string="हम और समझदार बनते हैं" width="fit-content" bg-color="transparent" onEntry="this.fontWeight='500'; this.padding='0 20px';">
            </lido-text>
          </lido-cell>
					
          
          <lido-cell tab-index="5" visible="true" layout="col" width="100%" type="click" audio="game-assets/audio/file-0qvxkoe4.wav" value="option_2" height="landscape.250px, portrait.270px" onEntry="this.borderRadius='25px'; this.padding='0';" onCorrect="this.cellBorderAnimate='#65BC46';" onInCorrect="this.vibrate='horizontal-shake';" onTouch="">
                
            <lido-text visible="true" font-size="36px" font-color="black" string="हम महत्वपूर्ण बातें चूक सकते हैं" width="fit-content" bg-color="transparent" onEntry="this.fontWeight='500'; this.padding='0 20px';">
            </lido-text>
          </lido-cell>

        </lido-cell>
      </lido-cell>
    </lido-cell>
  </lido-container>
    <lido-container id="lido-container" value="maincontainer" objective="option_2" aria-label="This is a multiple-option question. Select one option from the list." height="100vh" width="100vw" x="0" y="0" z="0" bg-color="transparent" bg-image="template-assets/bg-images/file-92xodn92.png" visible="true" onCorrect="lido-avatar.avatarAnimate='Success'; this.sleep='2000';" onInCorrect="lido-avatar.avatarAnimate='Fail'; this.sleep='2000';" show-check="false" is-continue-on-correct="true" onEntry="" exit-button-url="template-assets/buttons/file-oichru5i.svg" prev-button-url="template-assets/buttons/file-i652sks3.svg" next-button-url="template-assets/buttons/file-btt85m8n.svg" speaker-button-url="template-assets/buttons/file-3pqr3v99.svg">

    
    <lido-cell layout="pos" id="pos1" disable-edit="true" value="pos1" height="300px" width="300px" x="landscape.-20px, portrait.-20px" y="landscape.100px, portrait.400px" aria-hidden="true" z="2" bg-color="transparent" visible="true">

      <lido-avatar id="lido-avatar" disable-edit="true" visible="true" height="100%" width="100%" src="template-assets/images/file-xfrg2xqr.riv" alt-text="" bg-color="transparent">
      </lido-avatar>

      <lido-image id="shadow1" disable-edit="true" value="image1" visible="true" src="template-assets/images/file-kew5q2zu.png" bg-color="transparent" width="186px" height="40px" x="55px" y="248px" alt-text="">
      </lido-image>
    </lido-cell>

    <lido-cell visible="true" layout="col" width="100%" height="100%" bg-color="transparent">
      <lido-text visible="true" width="80%" height="10%" bg-color="transparent" />

      <lido-text tab-index="1" audio="game-assets/audio/file-tff61l96.wav" visible="true" id="lido-question" width="landscape.65%, portrait.80%" height="10%" bg-color="#FFF5BB" string="इनमें से कौन सा विनम्र तरीके से बात करने का उदाहरण है?" border-radius="16px" onEntry="this.border='1px solid black'; this.fontWeight='500'; this.padding='50px';" font-size="36px">
      </lido-text>

      <lido-cell visible="true" width="100%" height="landscape.68%, portrait.100%" bg-color="transparent" layout="landscape.row, portrait.col" margin="landscape.0, portrait.-108px 0 0 0">

        

        <lido-cell visible="true" layout="wrap" width="landscape.70%, portrait.80%" height="landscape.97%, portrait.auto" bg-color="transparent" gap="40px" onEntry="this.gridTemplateColumns='1fr 1fr';" margin="landscape.0, portrait.-195px 0 0 0">

          
          
          <lido-cell tab-index="2" visible="true" layout="col" width="100%" type="click" audio="game-assets/audio/file-vufwpu00.wav" value="option_3" height="landscape.250px, portrait.270px" onEntry="this.borderRadius='25px'; this.padding='0';" onCorrect="this.cellBorderAnimate='#65BC46';" onInCorrect="this.vibrate='horizontal-shake';" onTouch="">
                
            <lido-text visible="true" font-size="36px" font-color="black" string="अनदेखा करना" width="fit-content" bg-color="transparent" onEntry="this.fontWeight='500'; this.padding='0 20px';">
            </lido-text>
          </lido-cell>
					
          
          <lido-cell tab-index="3" visible="true" layout="col" width="100%" type="click" audio="game-assets/audio/file-pgo29sst.wav" value="option_1" height="landscape.250px, portrait.270px" onEntry="this.borderRadius='25px'; this.padding='0';" onCorrect="this.cellBorderAnimate='#65BC46';" onInCorrect="this.vibrate='horizontal-shake';" onTouch="">
                
            <lido-text visible="true" font-size="36px" font-color="black" string="चिल्लाना" width="fit-content" bg-color="transparent" onEntry="this.fontWeight='500'; this.padding='0 20px';">
            </lido-text>
          </lido-cell>
					
          
          <lido-cell tab-index="4" visible="true" layout="col" width="100%" type="click" audio="game-assets/audio/file-eq5umg34.wav" value="option_4" height="landscape.250px, portrait.270px" onEntry="this.borderRadius='25px'; this.padding='0';" onCorrect="this.cellBorderAnimate='#65BC46';" onInCorrect="this.vibrate='horizontal-shake';" onTouch="">
                
            <lido-text visible="true" font-size="36px" font-color="black" string="दूसरों की बात पर अपनी बात चढ़ा देना" width="fit-content" bg-color="transparent" onEntry="this.fontWeight='500'; this.padding='0 20px';">
            </lido-text>
          </lido-cell>
					
          
          <lido-cell tab-index="5" visible="true" layout="col" width="100%" type="click" audio="game-assets/audio/file-tzprvsjc.wav" value="option_2" height="landscape.250px, portrait.270px" onEntry="this.borderRadius='25px'; this.padding='0';" onCorrect="this.cellBorderAnimate='#65BC46';" onInCorrect="this.vibrate='horizontal-shake';" onTouch="">
                
            <lido-text visible="true" font-size="36px" font-color="black" string="&quot;कृपया&quot; कहना" width="fit-content" bg-color="transparent" onEntry="this.fontWeight='500'; this.padding='0 20px';">
            </lido-text>
          </lido-cell>

        </lido-cell>
      </lido-cell>
    </lido-cell>
  </lido-container>
    <lido-container id="lido-container" value="maincontainer" objective="option_3" aria-label="This is a multiple-option question. Select one option from the list." height="100vh" width="100vw" x="0" y="0" z="0" bg-color="transparent" bg-image="template-assets/bg-images/file-92xodn92.png" visible="true" onCorrect="lido-avatar.avatarAnimate='Success'; this.sleep='2000';" onInCorrect="lido-avatar.avatarAnimate='Fail'; this.sleep='2000';" show-check="false" is-continue-on-correct="true" onEntry="" exit-button-url="template-assets/buttons/file-oichru5i.svg" prev-button-url="template-assets/buttons/file-i652sks3.svg" next-button-url="template-assets/buttons/file-btt85m8n.svg" speaker-button-url="template-assets/buttons/file-3pqr3v99.svg">

    
    <lido-cell layout="pos" id="pos1" disable-edit="true" value="pos1" height="300px" width="300px" x="landscape.-20px, portrait.-20px" y="landscape.100px, portrait.400px" aria-hidden="true" z="2" bg-color="transparent" visible="true">

      <lido-avatar id="lido-avatar" disable-edit="true" visible="true" height="100%" width="100%" src="template-assets/images/file-xfrg2xqr.riv" alt-text="" bg-color="transparent">
      </lido-avatar>

      <lido-image id="shadow1" disable-edit="true" value="image1" visible="true" src="template-assets/images/file-kew5q2zu.png" bg-color="transparent" width="186px" height="40px" x="55px" y="248px" alt-text="">
      </lido-image>
    </lido-cell>

    <lido-cell visible="true" layout="col" width="100%" height="100%" bg-color="transparent">
      <lido-text visible="true" width="80%" height="10%" bg-color="transparent" />

      <lido-text tab-index="1" audio="game-assets/audio/file-kmta7h9n.wav" visible="true" id="lido-question" width="landscape.65%, portrait.80%" height="10%" bg-color="#FFF5BB" string="बात करते समय आप सम्मान कैसे दिखा सकते हैं?" border-radius="16px" onEntry="this.border='1px solid black'; this.fontWeight='500'; this.padding='50px';" font-size="36px">
      </lido-text>

      <lido-cell visible="true" width="100%" height="landscape.68%, portrait.100%" bg-color="transparent" layout="landscape.row, portrait.col" margin="landscape.0, portrait.-108px 0 0 0">

        

        <lido-cell visible="true" layout="wrap" width="landscape.70%, portrait.80%" height="landscape.97%, portrait.auto" bg-color="transparent" gap="40px" onEntry="this.gridTemplateColumns='1fr 1fr';" margin="landscape.0, portrait.-195px 0 0 0">

          
          
          <lido-cell tab-index="2" visible="true" layout="col" width="100%" type="click" audio="game-assets/audio/file-0trmay1x.wav" value="option_1" height="landscape.250px, portrait.270px" onEntry="this.borderRadius='25px'; this.padding='0';" onCorrect="this.cellBorderAnimate='#65BC46';" onInCorrect="this.vibrate='horizontal-shake';" onTouch="">
                
            <lido-text visible="true" font-size="36px" font-color="black" string="नज़रें फेर लेना" width="fit-content" bg-color="transparent" onEntry="this.fontWeight='500'; this.padding='0 20px';">
            </lido-text>
          </lido-cell>
					
          
          <lido-cell tab-index="3" visible="true" layout="col" width="100%" type="click" audio="game-assets/audio/file-vhiybgp2.wav" value="option_2" height="landscape.250px, portrait.270px" onEntry="this.borderRadius='25px'; this.padding='0';" onCorrect="this.cellBorderAnimate='#65BC46';" onInCorrect="this.vibrate='horizontal-shake';" onTouch="">
                
            <lido-text visible="true" font-size="36px" font-color="black" string="बीच में टोकना" width="fit-content" bg-color="transparent" onEntry="this.fontWeight='500'; this.padding='0 20px';">
            </lido-text>
          </lido-cell>
					
          
          <lido-cell tab-index="4" visible="true" layout="col" width="100%" type="click" audio="game-assets/audio/file-ptbwyi9t.wav" value="option_4" height="landscape.250px, portrait.270px" onEntry="this.borderRadius='25px'; this.padding='0';" onCorrect="this.cellBorderAnimate='#65BC46';" onInCorrect="this.vibrate='horizontal-shake';" onTouch="">
                
            <lido-text visible="true" font-size="36px" font-color="black" string="दूसरों का मजाक उड़ाना" width="fit-content" bg-color="transparent" onEntry="this.fontWeight='500'; this.padding='0 20px';">
            </lido-text>
          </lido-cell>
					
          
          <lido-cell tab-index="5" visible="true" layout="col" width="100%" type="click" audio="game-assets/audio/file-p7coakie.wav" value="option_3" height="landscape.250px, portrait.270px" onEntry="this.borderRadius='25px'; this.padding='0';" onCorrect="this.cellBorderAnimate='#65BC46';" onInCorrect="this.vibrate='horizontal-shake';" onTouch="">
                
            <lido-text visible="true" font-size="36px" font-color="black" string="सुनना और विनम्रता से जवाब देना" width="fit-content" bg-color="transparent" onEntry="this.fontWeight='500'; this.padding='0 20px';">
            </lido-text>
          </lido-cell>

        </lido-cell>
      </lido-cell>
    </lido-cell>
  </lido-container>
</root>