[1,["13hPi0rnlAP6SNXnupTnlM","b0tXd2/x5JQ4AMf+82mZaz"],["_textureSetter"],["cc.Texture2D","cc.SpriteFrame",["cc.AudioClip",["_name","_native","duration"],0],["cc.JsonAsset",["_name","json"],1]],[[2,0,1,2,4],[3,0,1,3]],[[["0,9729,9729,33071,33071,0,0,1",-1],[0],0,[],[],[]],[[[0,"लोखंड",".mp3",1.515102],-1],0,0,[],[],[]],[[[0,"का",".mp3",0.653061],-1],0,0,[],[],[]],[[[0,"जड",".mp3",1.17551],-1],0,0,[],[],[]],[[[0,"लो",".mp3",0.862041],-1],0,0,[],[],[]],[[[0,"खंड",".mp3",1.227755],-1],0,0,[],[],[]],[[[0,"कापूस_कसा_आहे",".mp3",2.011429],-1],0,0,[],[],[]],[[[0,"कापूस",".mp3",1.17551],-1],0,0,[],[],[]],[[[0,"हलका",".mp3",0.966531],-1],0,0,[],[],[]],[[[0,"लोखंड_कसे_आहे",".mp3",2.246531],-1],0,0,[],[],[]],[[[0,"ज",".mp3",0.940408],-1],0,0,[],[],[]],[[[0,"ड",".mp3",0.914286],-1],0,0,[],[],[]],[[[0,"जड_काय_आहे",".mp3",2.037551],-1],0,0,[],[],[]],[[[0,"पूस",".mp3",1.097143],-1],0,0,[],[],[]],[[[1,"mr3903",{"rows":[["phonictractor","1","Description","5","लोखंड","लोखंड.mp3","लो","लो.mp3","खंड","खंड.mp3"],["phonictractor","1","Description","5","जड","जड.mp3","ज","ज.mp3","ड","ड.mp3"],["createsentence","1","Description","लोखंड/कसे/आहे?","","ironmetal.png","लोखंड_कसे_आहे.mp3"],["createsentence","1","Description","लोखंड/जड/आहे.","","ironmetal.png","लोखंड_जड_आहे.mp3"],["createsentence","1","Description","जड/काय/आहे?","","ironmetal.png","जड_काय_आहे.mp3"],["createsentence","1","Description","लोखंड/जड/आहे","","ironmetal.png","लोखंड_जड_आहे"],["phonictractor","1","Description","5","कापूस","कापूस.mp3","का","का.mp3","पूस","पूस.mp3"],["phonictractor","1","Description","5","हलका","हलका.mp3","हल","हल.mp3","का","का.mp3"],["createsentence","1","Description","कापूस/कसा/आहे?","","cotton.png","कापूस_कसा_आहे.mp3"],["createsentence","1","Description","कापूस/हलका/आहे","","cotton.png","कापूस_हलका_आहे.mp3"],["createsentence","1","Description","हलका/काय/आहे?","","cotton.png","हलका_काय_आहे.mp3"],["createsentence","1","Description","कापूस/हलका/आहे","","cotton.png","कापूस_हलका_आहे.mp3"],["quizliteracy","1","Description","sentence_sentence","लोखंड","लोखंड","हलका","काय","","____ जड आहे.","लोखंड_जड_आहे.mp3"],["quizliteracy","1","Description","sentence_sentence","हलका","काय","लोखंड","हलका","","कापूस ____ आहे","कापूस_हलका_आहे.mp3"],["quizliteracy","1","Description","sentence_sentence","काय","हलका","काय","लोखंड","","हलका ___ आहे?","हलका_काय_आहे.mp3"]]}]],0,0,[],[],[]],[[[0,"हलका_काय_आहे",".mp3",1.724082],-1],0,0,[],[],[]],[[[0,"कापूस_हलका_आहे",".mp3",2.089796],-1],0,0,[],[],[]],[[{"name":"ironmetal","rect":[0,0,640,415],"offset":[0,0],"originalSize":[640,415],"capInsets":[0,0,0,0]}],[1],0,[0],[0],[0]],[["0,9729,9729,33071,33071,0,0,1",-1],[0],0,[],[],[]],[[[0,"हल",".mp3",0.653061],-1],0,0,[],[],[]],[[[0,"लोखंड_जड_आहे",".mp3",2.35102],-1],0,0,[],[],[]],[[{"name":"cotton","rect":[0,0,640,480],"offset":[0,0],"originalSize":[640,480],"capInsets":[0,0,0,0]}],[1],0,[0],[0],[1]]]]