[1,["2dl2/aMQxE4Ijh/2zO6B9g","bf6yyJF05PbLmb6cO/C9ff","a43uat5ONHB5VDmNP7cFwb","97z2QeeBRNP79J13+GNKlS","87Zzke1XpLzaS+sVnJvYG6","feIEaWHbdDjpRfGmbXboJ5","38hvPP++pDbJDSo9h7eBrM"],["_textureSetter"],["cc.SpriteFrame","cc.Texture2D",["cc.AudioClip",["_name","_native","duration"],0],["cc.JsonAsset",["_name","json"],1]],[[2,0,1,2,4],[3,0,1,3]],[[[[0,"फल",".mp3",0.522449],-1],0,0,[],[],[]],[[[0,"खत",".mp3",0.522449],-1],0,0,[],[],[]],[[[0,"घर",".mp3",0.574694],-1],0,0,[],[],[]],[[{"name":"घर","rect":[0,0,370,273],"offset":[0,0],"originalSize":[370,273],"capInsets":[0,0,0,0]}],[0],0,[0],[0],[0]],[[{"name":"जल","rect":[0,0,370,273],"offset":[0,0],"originalSize":[370,273],"capInsets":[0,0,0,0]}],[0],0,[0],[0],[1]],[["0,9729,9729,33071,33071,0,0,1",-1],[1],0,[],[],[]],[["0,9729,9729,33071,33071,0,0,1",-1],[1],0,[],[],[]],[[[0,"छत",".mp3",0.522449],-1],0,0,[],[],[]],[[[0,"जल",".mp3",0.653061],-1],0,0,[],[],[]],[[{"name":"छत","rect":[0,0,370,273],"offset":[0,0],"originalSize":[370,273],"capInsets":[0,0,0,0]}],[0],0,[0],[0],[2]],[[{"name":"फल","rect":[0,0,370,273],"offset":[0,0],"originalSize":[370,273],"capInsets":[0,0,0,0]}],[0],0,[0],[0],[3]],[[[0,"रथ",".mp3",0.574694],-1],0,0,[],[],[]],[["0,9729,9729,33071,33071,0,0,1",-1],[1],0,[],[],[]],[["0,9729,9729,33071,33071,0,0,1",-1],[1],0,[],[],[]],[[[0,"वन",".mp3",0.705306],-1],0,0,[],[],[]],[[{"name":"खत","rect":[0,0,370,273],"offset":[0,0],"originalSize":[370,273],"capInsets":[0,0,0,0]}],[0],0,[0],[0],[4]],[["0,9729,9729,33071,33071,0,0,1",-1],[1],0,[],[],[]],[["0,9729,9729,33071,33071,0,0,1",-1],[1],0,[],[],[]],[[[1,"hi0300",{"rows":[["spelldoor","1","Description","फल","*ल","1","0","फल.png","फल.mp3"],["spelldoor","1","Description","जल","*ल","1","0","जल.png","जल.mp3"],["spelldoor","1","Description","खत","*त","1","0","खत.png","खत.mp3"],["spelldoor","1","Description","रथ","*थ","1","0","रथ.png","रथ.mp3"],["spelldoor","1","Description","वन","*न","1","0","वन.png","वन.mp3"],["spelldoor","1","Description","घर","*र","1","0","घर.png","घर.mp3"],["spelldoor","1","Description","छत","*त","1","0","छत.png","छत.mp3"],["spelldoor","1","Description","वन","*न","1","0","वन.png","वन.mp3"],["quizliteracy","1","Description","soundonly_word","जल","जल","घर","वन","","","जल.mp3"],["quizliteracy","1","Description","image_word","वन","घर","वन","जल","वन.png"],["quizliteracy","1","Description","soundonly_word","घर","वन","जल","घर","","","घर.mp3"]]}]],0,0,[],[],[]],[[{"name":"वन","rect":[0,0,370,273],"offset":[0,0],"originalSize":[370,273],"capInsets":[0,0,0,0]}],[0],0,[0],[0],[5]],[[{"name":"रथ","rect":[0,0,370,273],"offset":[0,0],"originalSize":[370,273],"capInsets":[0,0,0,0]}],[0],0,[0],[0],[6]],[["0,9729,9729,33071,33071,0,0,1",-1],[1],0,[],[],[]]]]