[1,["dejZzlZE1N6J81bu2nFgD0","ce+0UjBzpKNq/ZeqOe2Hpw","571uWbX3lPtK2NV3WPXz9T","54CwRaUSpHPp9xgwDEevoh","f05FGZKmhOh6RTcczRoIP4","98RZp+JiJEV6vPHdTojZRN"],["_textureSetter"],["cc.Texture2D","cc.SpriteFrame",["cc.AudioClip",["_name","_native","duration"],0],["cc.JsonAsset",["_name","json"],1]],[[2,0,1,2,4],[3,0,1,3]],[[[[0,"कुछ",".mp3",0.548571],-1],0,0,[],[],[]],[[[0,"घुटना",".mp3",0.731429],-1],0,0,[],[],[]],[[[0,"शुदा",".mp3",1.008],-1],0,0,[],[],[]],[["0,9729,9729,33071,33071,0,0,1",-1],[0],0,[],[],[]],[["0,9729,9729,33071,33071,0,0,1",-1],[0],0,[],[],[]],[[[0,"खु",".mp3",0.626939],-1],0,0,[],[],[]],[[[0,"छ",".mp3",0.653],-1],0,0,[],[],[]],[[[0,"नाख़ुन",".mp3",0.966531],-1],0,0,[],[],[]],[[[0,"सुबह",".mp3",0.653061],-1],0,0,[],[],[]],[[{"name":"सुबह","rect":[0,0,370,273],"offset":[0,0],"originalSize":[370,273],"capInsets":[0,0,0,0]}],[1],0,[0],[0],[0]],[[[0,"खुदा",".mp3",0.888],-1],0,0,[],[],[]],[["0,9729,9729,33071,33071,0,0,1",-1],[0],0,[],[],[]],[[{"name":"ईख","rect":[0,0,193,153],"offset":[0,0],"originalSize":[193,153],"capInsets":[0,0,0,0]}],[1],0,[0],[0],[1]],[[[0,"खुश",".mp3",0.600816],-1],0,0,[],[],[]],[[[0,"गुलाब",".mp3",0.862041],-1],0,0,[],[],[]],[[[0,"पुराना",".mp3",0.992653],-1],0,0,[],[],[]],[[{"name":"घुटना","rect":[0,0,370,273],"offset":[0,0],"originalSize":[370,273],"capInsets":[0,0,0,0]}],[1],0,[0],[0],[2]],[[{"name":"पुराना","rect":[0,0,271,271],"offset":[0,0],"originalSize":[271,271],"capInsets":[0,0,0,0]}],[1],0,[0],[0],[3]],[[[0,"श",".mp3",0.49625],-1],0,0,[],[],[]],[[[1,"hi0611",{"rows":[["openwindow","1","Description","LEGIT","सु,ब,ह","सुबह.png","ईख.png","सुबह.mp3","ज,ग,न,ल,फ,छा,ता,र,थ,व,न,घ,ट्र,क,घो,ड़ा,हा,थी,आ,म,स"],["phonictractor","1","Description","6","कुछ","कुछ.mp3","कु","कु.mp3","छ","छ.mp3"],["phonictractor","1","Description","6","खुश","खुश.mp3","खु","खु.mp3","श","श.mp3"],["rocket","1","Description","गुलाब","गु,ला,ब","गु,ला,ब","गुलाब.mp3","गुलाब.png","false ","true "],["rocket","1","Description","पुराना","पु,रा,ना","पु,रा,ना","पुराना.mp3","पुराना.png","false ","true "],["rocket","1","Description","घुटना","घु,ट,ना","घु,ट,ना","घुटना.mp3","घुटना.png","false ","true "],["rocket","1","Description","नाखून","ना,खू,न","ना,खू,न","नाख़ुन.mp3","नाख़ुन.png","false ","true "],["spelldoor","1","Description","घुटना","*टना","2","1","घुटना.png","घुटना.mp3"],["spelldoor","1","Description","नाखून","ना*न","2","1","नाख़ुन.png","नाख़ुन.mp3"],["spelldoor","1","Description","सुबह","*बह","2","1","सुबह.png","सुबह.mp3"],["grid","1","Description","खु,शु,जु","दा"],["quizliteracy","1","Description","soundonly_word","कुछ","कुछ","पुराना","घुटना","","","कुछ.mp3"],["quizliteracy","1","Description","image_word","घुटना","पुराना","घुटना","कुछ","घुटना.png","","",""],["quizliteracy","1","Description","soundonly_word","पुराना","घुटना","कुछ","पुराना","","","पुराना.mp3"]]}]],0,0,[],[],[]],[["0,9729,9729,33071,33071,0,0,1",-1],[0],0,[],[],[]],[[[0,"जुदा",".mp3",0.912],-1],0,0,[],[],[]],[[{"name":"नाख़ुन","rect":[0,0,370,273],"offset":[0,0],"originalSize":[370,273],"capInsets":[0,0,0,0]}],[1],0,[0],[0],[4]],[["0,9729,9729,33071,33071,0,0,1",-1],[0],0,[],[],[]],[[[0,"कु",".mp3",0.444082],-1],0,0,[],[],[]],[["0,9729,9729,33071,33071,0,0,1",-1],[0],0,[],[],[]],[[{"name":"गुलाब","rect":[0,0,271,271],"offset":[0,0],"originalSize":[271,271],"capInsets":[0,0,0,0]}],[1],0,[0],[0],[5]]]]