[1,["559Ezh6DNDwZ0QsM2z4DcD","32mYmxdTtHiJcGGqLI0yGr","87Mk00iOFHbLvDulagLoyF","27znCaMkVI3oh+EgqNTQ8R"],["_textureSetter"],["cc.Texture2D","cc.SpriteFrame",["cc.AudioClip",["_name","_native","duration"],0],["cc.JsonAsset",["_name","json"],1]],[[2,0,1,2,4],[3,0,1,3]],[[[[0,"rain_boots",".mp3",1.17551],-1],0,0,[],[],[]],[[[0,"times_of_day",".mp3",1.149388],-1],0,0,[],[],[]],[[[0,"rainy_day",".mp3",1.07102],-1],0,0,[],[],[]],[[[0,"sunrise",".mp3",1.018776],-1],0,0,[],[],[]],[[[0,"snow",".mp3",0.862041],-1],0,0,[],[],[]],[[[0,"storm",".mp3",1.018776],-1],0,0,[],[],[]],[["1,9729,9729,33071,33071,0,0,1",-1],[0],0,[],[],[]],[[[0,"umbrella",".mp3",0.888163],-1],0,0,[],[],[]],[[[0,"evening",".mp3",0.862041],-1],0,0,[],[],[]],[["1,9729,9729,33071,33071,0,0,1",-1],[0],0,[],[],[]],[[[0,"night",".mp3",0.679184],-1],0,0,[],[],[]],[["1,9729,9729,33071,33071,0,0,1",-1],[0],0,[],[],[]],[[{"name":"image_13_2","rect":[0,0,845,695],"offset":[0,0],"originalSize":[845,695],"capInsets":[0,0,0,0]}],[1],0,[0],[0],[0]],[[[0,"morning",".mp3",0.757551],-1],0,0,[],[],[]],[[[0,"rain_coat",".mp3",1.097143],-1],0,0,[],[],[]],[[[0,"sunset",".mp3",0.966531],-1],0,0,[],[],[]],[["1,9729,9729,33071,33071,0,0,1",-1],[0],0,[],[],[]],[[{"name":"image_19_3","rect":[0,0,845,695],"offset":[0,0],"originalSize":[845,695],"capInsets":[0,0,0,0]}],[1],0,[0],[0],[1]],[[[0,"weather",".mp3",0.757551],-1],0,0,[],[],[]],[[{"name":"image_13_1","rect":[0,0,845,695],"offset":[0,0],"originalSize":[845,695],"capInsets":[0,0,0,0]}],[1],0,[0],[0],[2]],[[[0,"lightning",".mp3",0.705306],-1],0,0,[],[],[]],[[[0,"rain",".mp3",0.757551],-1],0,0,[],[],[]],[[{"name":"image_13_3","rect":[0,0,845,695],"offset":[0,0],"originalSize":[845,695],"capInsets":[0,0,0,0]}],[1],0,[0],[0],[3]],[[[1,"sl_en1817",{"rows":[["tag","1","Description","image_13_1.jpg","day","719.-1451","day.mp3","morning","366.-416","morning.mp3","sunrise","336.-791","sunrise.mp3","evening","1167.-416","evening.mp3","sunset","1254.-1122","sunset.mp3"],["tag","1","Description","image_13_2.jpg","times of day","194.-1011","times_of_day.mp3","morning","797.-1286","morning.mp3","afternoon","1331.-1140","afternoon.mp3","evening","577.-591","evening.mp3","night","1331.-608","night.mp3"],["tag","1","Description","image_13_3.jpg","weather","667.-934","weather.mp3","rain","1298.-409","rain.mp3","storm","484.-426","storm.mp3","snow","704.-1462","snow.mp3","lightning","1298.-1462","lightning.mp3"],["tag","1","Description","image_19_3.jpg","rainy day","280.-1520","rainy_day.mp3","rainboots","400.-517","rain_boots.mp3","raincoat","712.-851","rain_coat.mp3","umbrella","791.-1170","umbrella.mp3"],["quizliteracy","1","Description","soundonly_word","sunset","afternoon","morning","sunset","","","sunset.mp3"],["quizliteracy","1","Description","soundonly_word","morning","afternoon","evening","morning","","","morning.mp3"],["quizliteracy","1","Description","soundonly_word","evening","morning","afternoon","evening","","","evening.mp3"]]}]],0,0,[],[],[]],[[[0,"afternoon",".mp3",0.914286],-1],0,0,[],[],[]],[[[0,"day",".mp3",0.600816],-1],0,0,[],[],[]]]]