[1,["06oCPhs7JMGaihbRRHz9h0"],["_textureSetter"],["cc.Texture2D","cc.SpriteFrame",["cc.AudioClip",["_name","_native","duration"],0],["cc.JsonAsset",["_name","json"],1]],[[2,0,1,2,4],[3,0,1,3]],[[["0,9729,9729,33071,33071,0,0,1",-1],[0],0,[],[],[]],[[[0,"bee",".mp3",0.496327],-1],0,0,[],[],[]],[[[0,"butterfly",".mp3",0.809796],-1],0,0,[],[],[]],[[[0,"ladybug",".mp3",0.862041],-1],0,0,[],[],[]],[[[1,"sl_en1807",{"rows":[["openwindow","1","Description","LEGIT","ant","ant.png","house-fly.png","ant.mp3","abcdefghijklmnopqrstuvwxyz"],["openwindow","1","Description","LEGIT","butterfly","butterfly.png","ladybug.png","butterfly.mp3","abcdefghijklmnopqrstuvwxyz"],["openwindow","1","Description","LEGIT","house-fly","house-fly.png","bee.png","house-fly.mp3","abcdefghijklmnopqrstuvwxyz"],["openwindow","1","Description","LEGIT","cockroach","cockroach.png","mosquito.png","cockroach.mp3","abcdefghijklmnopqrstuvwxyz"],["openwindow","1","Description","LEGIT","ladybug","ladybug.png","ant.png","ladybug.mp3","abcdefghijklmnopqrstuvwxyz"],["openwindow","1","Description","LEGIT","bee","bee.png","wasp.png","bee.mp3","abcdefghijklmnopqrstuvwxyz"],["openwindow","1","Description","LEGIT","wasp","wasp.png","butterfly.png","wasp.mp3","abcdefghijklmnopqrstuvwxyz"],["openwindow","1","Description","LEGIT","mosquito","mosquito.png","cockroach.png","mosquito.mp3","abcdefghijklmnopqrstuvwxyz"],["quizliteracy","1","Description","image_sentence","ant","ant","butterfly","wasp","ant.png","","ant.mp3"],["quizliteracy","1","Description","soundonly_image","cockroach.png","mosquito.png","cockroach.png","wasp.png","","","cockroach.mp3"],["quizliteracy","1","Description","image_sentence","bee","butterfly","wasp","bee","bee.png","","bee.mp3"]]}]],0,0,[],[],[]],[[{"name":"ant","rect":[0,0,575,434],"offset":[0,0],"originalSize":[575,434],"capInsets":[0,0,0,0]}],[1],0,[0],[0],[0]],[[[0,"ant",".mp3",0.653061],-1],0,0,[],[],[]]]]