[1,["63wusTdQxPurz7SvoEAsMh","bc1e5dhzJFBJK/hFlDJXTt"],["_textureSetter"],["cc.SpriteFrame","cc.Texture2D",["cc.AudioClip",["_name","_native","duration"],0],["cc.JsonAsset",["_name","json"],1]],[[2,0,1,2,4],[3,0,1,3]],[[[[0,"dry",".mp3",1.008],-1],0,0,[],[],[]],[[[0,"tall",".mp3",0.864],-1],0,0,[],[],[]],[[[0,"short",".mp3",1.176],-1],0,0,[],[],[]],[[{"name":"image_25_2","rect":[0,0,845,695],"offset":[0,0],"originalSize":[845,695],"capInsets":[0,0,0,0]}],[0],0,[0],[0],[0]],[[[0,"bright",".mp3",1.152],-1],0,0,[],[],[]],[[[1,"en2703",{"rows":[["tag","1","Description","image_17_4.jpg","opposites","700.-1533","opposites.mp3","tall","1316.-952","tall.mp3","short","1313.-482","short.mp3","heavy","267.-1137","heavy.mp3","light","1215.-1311","light.mp3","same","440.-831","same.mp3","different","726.-482","different.mp3"],["tag","1","Description","image_25_2.jpg","opposites","280.-1520","opposites.mp3","cold","729.-1290","cold.mp3","hot","232.-1292","hot.mp3","wet","1288.-1277","wet.mp3","dry","1290.-454","dry.mp3","bright","721.-718","bright.mp3","dark","341.-479","dark.mp3"],["quizliteracy","1","Description","sentence_sentence","tall, short","baby, child","tall, short","round, circle","","choose pair with opposites","opposites.mp3"],["quizliteracy","1","Description","sentence_sentence","cold, hot","sun, moon","room, door","cold, hot","","choose pair with opposites","opposites.mp3"],["quizliteracy","1","Description","sentence_sentence","wet, dry","wet, dry","lake, pond","sea, river","","choose pair with opposites","opposites.mp3"]]}]],0,0,[],[],[]],[["1,9729,9729,33071,33071,0,0,1",-1],[1],0,[],[],[]],[[[0,"heavy",".mp3",1.008],-1],0,0,[],[],[]],[[[0,"same",".mp3",1.032],-1],0,0,[],[],[]],[[[0,"different",".mp3",1.248],-1],0,0,[],[],[]],[[[0,"light",".mp3",1.056],-1],0,0,[],[],[]],[[[0,"hot",".mp3",0.984],-1],0,0,[],[],[]],[[[0,"cold",".mp3",0.984],-1],0,0,[],[],[]],[["1,9729,9729,33071,33071,0,0,1",-1],[1],0,[],[],[]],[[[0,"opposites",".mp3",1.224],-1],0,0,[],[],[]],[[[0,"wet",".mp3",1.008],-1],0,0,[],[],[]],[[{"name":"image_17_4","rect":[0,0,845,695],"offset":[0,0],"originalSize":[845,695],"capInsets":[0,0,0,0]}],[0],0,[0],[0],[1]],[[[0,"dark",".mp3",1.056],-1],0,0,[],[],[]]]]