[1,["c6bMxme3NPs5vaxIy/6ueq","4eg4NRf5RE+YrFWs/MgKNY","85vVIbzyFH4b8tzZZ7M76n","02batamZ5BZqR/vyNhyE/r","2efbOQkglE+Koo3nDExqf4","d7RHBaxE1MaL6SCkppfvBC","cb9DQ15LtPGbL3z1F8TnaJ","80xltG78ZHla0uJLuJOBT5"],["_textureSetter"],["cc.Texture2D","cc.SpriteFrame",["cc.AudioClip",["_name","_native","duration"],0],["cc.JsonAsset",["_name","json"],1]],[[2,0,1,2,4],[3,0,1,3]],[[["1,9729,9729,33071,33071,0,0,1",-1],[0],0,[],[],[]],[[{"name":"The_plantisgreen","rect":[0,0,1073,824],"offset":[0,0],"originalSize":[1073,824],"capInsets":[0,0,0,0]}],[1],0,[0],[0],[0]],[[[0,"हवाई_जहाज_बडा_है",".mp3",2.011429],-1],0,0,[],[],[]],[[[0,"दूध_स्वादिष्ट_है",".mp3",1.462857],-1],0,0,[],[],[]],[["1,9729,9729,33071,33071,0,0,1",-1],[0],0,[],[],[]],[[[0,"सिंह_बलवान_है",".mp3",1.750204],-1],0,0,[],[],[]],[[[1,"hi1303",{"rows":[["createsentence","1","Description","रवि/लंबा/लड़का/है।","","Chrisisa_tallboy.jpg","रवि_लंबा_है.mp3"],["createsentence","1","Description","राधा/की/एक बहन/है।","","Natashaisa_helpfulfriend.jpg","राधा_की_एक_बहन_है.mp3"],["createsentence","1","Description","जॉन/एक लड़का/है।","","Johnisa_boy.jpg","जॉन_एक_लडका_है.mp3"],["createsentence","1","Description","हवाई जहाज/बड़ा/है।","","The_planeflies.jpg","हवाई_जहाज_बडा_है.mp3"],["createsentence","1","Description","पौधा/हरा/है।","","The_plantisgreen.jpg","पौधा_हरा_है.mp3"],["createsentence","1","Description","दूध/स्वादिष्ट/है।","","Rameshdrinksmilk.jpg","दूध_स्वादिष्ट_है.mp3"],["createsentence","1","Description","हाथी/बड़ा/है।","","The_elephantisbig.jpg","हाथी_बडा_है.mp3"],["createsentence","1","Description","सिंह/बलवान/है।","","The_lionisstrong.jpg","सिंह_बलवान_है.mp3"],["quizliteracy","1","Description","image_sentence","रवि लंबा लड़का है।","जय खाता है।","राधा एक बहन है।","रवि लंबा लड़का है।","Chrisisa_tallboy.jpg","","रवि_लंबा_है.mp3"],["quizliteracy","1","Description","sentence_sentence","राधा एक बहन है।","राधा एक बहन है।","रवि लंबा है।","रोहन रो रहा है।","","सही चुनें।","राधा_एक_बहन_है.mp3"],["quizliteracy","1","Description","soundonly_image","The_planeflies.jpg","Natashaisa_helpfulfriend.jpg","The_planeflies.jpg","The_lionisstrong.jpg","","","हवाई_जहाज_बडा_है.mp3"],["quizliteracy","1","Description","soundonly_sentence","दूध स्वादिष्ट है।","रवि लंबा है।","दूध स्वादिष्ट है।","राधा एक बहन है।","","","दूध_स्वादिष्ट_है.mp3"]]}]],0,0,[],[],[]],[[{"name":"Chrisisa_tallboy","rect":[0,0,1073,1157],"offset":[0,0],"originalSize":[1073,1157],"capInsets":[0,0,0,0]}],[1],0,[0],[0],[1]],[[[0,"पौधा_हरा_है",".mp3",1.28],-1],0,0,[],[],[]],[["1,9729,9729,33071,33071,0,0,1",-1],[0],0,[],[],[]],[[{"name":"Rameshdrinksmilk","rect":[0,0,1073,1157],"offset":[0,0],"originalSize":[1073,1157],"capInsets":[0,0,0,0]}],[1],0,[0],[0],[2]],[[[0,"राधा_की_एक_बहन_है",".mp3",2.52],-1],0,0,[],[],[]],[[[0,"हाथी_बडा_है",".mp3",1.332245],-1],0,0,[],[],[]],[[{"name":"The_lionisstrong","rect":[0,0,1073,1157],"offset":[0,0],"originalSize":[1073,1157],"capInsets":[0,0,0,0]}],[1],0,[0],[0],[3]],[["1,9729,9729,33071,33071,0,0,1",-1],[0],0,[],[],[]],[["1,9729,9729,33071,33071,0,0,1",-1],[0],0,[],[],[]],[[[0,"जॉन_एक_लडका_है",".mp3",1.776327],-1],0,0,[],[],[]],[[{"name":"The_planeflies","rect":[0,0,1073,580],"offset":[0,0],"originalSize":[1073,580],"capInsets":[0,0,0,0]}],[1],0,[0],[0],[4]],[[{"name":"Johnisa_boy","rect":[0,0,1073,513],"offset":[0,0],"originalSize":[1073,513],"capInsets":[0,0,0,0]}],[1],0,[0],[0],[5]],[[{"name":"The_elephantisbig","rect":[0,0,1073,1157],"offset":[0,0],"originalSize":[1073,1157],"capInsets":[0,0,0,0]}],[1],0,[0],[0],[6]],[["1,9729,9729,33071,33071,0,0,1",-1],[0],0,[],[],[]],[["1,9729,9729,33071,33071,0,0,1",-1],[0],0,[],[],[]],[["1,9729,9729,33071,33071,0,0,1",-1],[0],0,[],[],[]],[[{"name":"Natashaisa_helpfulfriend","rect":[0,0,1073,1157],"offset":[0,0],"originalSize":[1073,1157],"capInsets":[0,0,0,0]}],[1],0,[0],[0],[7]],[[[0,"रवि_लंबा_है",".mp3",1.985306],-1],0,0,[],[],[]]]]