[1,["37zFKELjhFE7OBi1kDd/7v","85T2rqrTFOFbnet9TNhEzC","3cB/pZviJJGb47HYzFfugS","32mK12bwZE3aEWZTpg4Ofz","4drLUtHi1Po7xGQSS3Rivl","2dhBI7exlN25sQcthUljPP","e1LV63qYxHcZmm6F0itQ1I","5dgAwroBhMVKcze/qCqjgR"],["_textureSetter"],["cc.Texture2D","cc.SpriteFrame",["cc.AudioClip",["_name","_native","duration"],0],["cc.JsonAsset",["_name","json"],1]],[[2,0,1,2,4],[3,0,1,3]],[[[[0,"motocycle",".mp3",1.512],-1],0,0,[],[],[]],[[[0,"car",".mp3",0.72],-1],0,0,[],[],[]],[[[0,"truck",".mp3",0.912],-1],0,0,[],[],[]],[[[0,"cockpit",".mp3",1.176],-1],0,0,[],[],[]],[[[0,"plane",".mp3",0.96],-1],0,0,[],[],[]],[[[0,"wing",".mp3",0.936],-1],0,0,[],[],[]],[["1,9729,9729,33071,33071,0,0,1",-1],[0],0,[],[],[]],[["1,9729,9729,33071,33071,0,0,1",-1],[0],0,[],[],[]],[["1,9729,9729,33071,33071,0,0,1",-1],[0],0,[],[],[]],[["1,9729,9729,33071,33071,0,0,1",-1],[0],0,[],[],[]],[[[0,"engine",".mp3",1.056],-1],0,0,[],[],[]],[[[0,"helicopter",".mp3",1.464],-1],0,0,[],[],[]],[[[0,"door",".mp3",0.864],-1],0,0,[],[],[]],[[[0,"control_tower",".mp3",1.776],-1],0,0,[],[],[]],[[[0,"bicycle",".mp3",1.32],-1],0,0,[],[],[]],[[[0,"airport",".mp3",1.128],-1],0,0,[],[],[]],[["0,9729,9729,33071,33071,0,0,1",-1],[0],0,[],[],[]],[[[0,"vehicles",".mp3",1.416],-1],0,0,[],[],[]],[[[0,"train",".mp3",0.984],-1],0,0,[],[],[]],[["1,9729,9729,33071,33071,0,0,1",-1],[0],0,[],[],[]],[[[0,"mirror",".mp3",0.888],-1],0,0,[],[],[]],[[{"name":"image_23_2","rect":[0,0,845,695],"offset":[0,0],"originalSize":[845,695],"capInsets":[0,0,0,0]}],[1],0,[0],[0],[0]],[["0,9729,9729,33071,33071,0,0,1",-1],[0],0,[],[],[]],[[[0,"headlight",".mp3",1.296],-1],0,0,[],[],[]],[[{"name":"truck","rect":[0,0,1200,1000],"offset":[0,0],"originalSize":[1200,1000],"capInsets":[0,0,0,0]}],[1],0,[0],[0],[1]],[[{"name":"image_16_4","rect":[0,0,845,695],"offset":[0,0],"originalSize":[845,695],"capInsets":[0,0,0,0]}],[1],0,[0],[0],[2]],[[{"name":"image_16_3","rect":[0,0,845,695],"offset":[0,0],"originalSize":[845,695],"capInsets":[0,0,0,0]}],[1],0,[0],[0],[3]],[[{"name":"train","rect":[59,52,476,280],"offset":[7,38],"originalSize":[580,460],"capInsets":[0,0,0,0]}],[1],0,[0],[0],[4]],[[[1,"en1906",{"rows":[["tag","1","Description","image_16_1.jpg","vehicles","311.-1513","vehicles.mp3","plane","531.-1250","plane.mp3","helicopter","425.-729","helicopter.mp3","truck","1318.-1317","truck.mp3","bicycle","1285.-516","bicycle.mp3"],["tag","1","Description","image_16_2.jpg","vehicles","311.-1513","vehicles.mp3","bus","1280.-514","bus.mp3","car","267.-855","car.mp3","motorcycle","1230.-993","motocycle.mp3","train","639.-1297","train.mp3"],["tag","1","Description","image_16_3.jpg","car","297.-1427","car.mp3","mirror","1184.-1084","mirror.mp3","wheel","601.-410","wheel.mp3","door","1224.-410","door.mp3","headlight","381.-926","headlight.mp3"],["tag","1","Description","image_16_4.jpg","airplane","319.-1488","airplane.mp3","engine","1280.-934","engine.mp3","wing","1083.-593","wing.mp3","cockpit","281.-999","cockpit.mp3","pilot","1004.-1263","pilot.mp3"],["tag","1","Description","image_23_2.jpg","airport","280.-1520","airport.mp3","airplane","691.-559","airplane.mp3","runway","481.-1222","runway.mp3","control tower","1058.-1162","control_tower.mp3"],["quizliteracy","1","Description","image_word","bus","bug","bus","car","bus.png"],["quizliteracy","1","Description","image_word","truck","truck","car","airplane","truck.png"],["quizliteracy","1","Description","soundonly_word","airplane","airport","airplane","engine","","","airplane.mp3"],["quizliteracy","1","Description","soundonly_word","car","car","bus","plane","","","car.mp3"],["quizliteracy","1","Description","image_word","train","truck","train","airplane","train.png"]]}]],0,0,[],[],[]],[[[0,"pilot",".mp3",1.104],-1],0,0,[],[],[]],[[[0,"runway",".mp3",1.128],-1],0,0,[],[],[]],[["0,9729,9729,33071,33071,0,0,1",-1],[0],0,[],[],[]],[[[0,"bus",".mp3",1.128],-1],0,0,[],[],[]],[[[0,"airplane",".mp3",1.152],-1],0,0,[],[],[]],[[{"name":"image_16_2","rect":[0,0,845,695],"offset":[0,0],"originalSize":[845,695],"capInsets":[0,0,0,0]}],[1],0,[0],[0],[5]],[[{"name":"bus","rect":[67,152,446,181],"offset":[0,-12.5],"originalSize":[580,460],"capInsets":[0,0,0,0]}],[1],0,[0],[0],[6]],[[{"name":"image_16_1","rect":[0,0,845,695],"offset":[0,0],"originalSize":[845,695],"capInsets":[0,0,0,0]}],[1],0,[0],[0],[7]],[[[0,"wheel",".mp3",0.936],-1],0,0,[],[],[]]]]