[1,["83Mjz/i4tGgaFj01TYREH7","a7fEvyE1JAwrTbcKh1UL2N","8fMLLOcxdDRbUBqd7LLkfn","23ck970IBOFIHLbF+QwTMb"],["_textureSetter"],["cc.Texture2D","cc.SpriteFrame",["cc.AudioClip",["_name","_native","duration"],0],["cc.JsonAsset",["_name","json"],1]],[[2,0,1,2,4],[3,0,1,3]],[[["0,9729,9729,33071,33071,0,0,1",-1],[0],0,[],[],[]],[[[0,"आपण_संगणकावर_गाणी_ऐकू_शकतो",".mp3",2.977959],-1],0,0,[],[],[]],[[[0,"आम्ही_संगणकावरून_संदेश_पाठवू_शकतो",".mp3",3.526531],-1],0,0,[],[],[]],[[[0,"संगणक_चित्रपट_दाखवतो",".mp3",2.533878],-1],0,0,[],[],[]],[[[0,"संगणक_वेगवान_काम_करणारे_यंत्र_आहे",".mp3",3.239184],-1],0,0,[],[],[]],[[[0,"संगणक_आश्चर्यकारक_आहे",".mp3",2.429388],-1],0,0,[],[],[]],[[{"name":"computer","rect":[0,0,640,523],"offset":[0,0],"originalSize":[640,523],"capInsets":[0,0,0,0]}],[1],0,[0],[0],[0]],[[{"name":"keyboard","rect":[0,0,640,223],"offset":[0,0],"originalSize":[640,223],"capInsets":[0,0,0,0]}],[1],0,[0],[0],[1]],[["0,9729,9729,33071,33071,0,0,1",-1],[0],0,[],[],[]],[["0,9729,9729,33071,33071,0,0,1",-1],[0],0,[],[],[]],[[{"name":"email","rect":[96,153,451,326],"offset":[1.5,4],"originalSize":[640,640],"capInsets":[0,0,0,0]}],[1],0,[0],[0],[2]],[[[1,"mr3600",{"rows":[["createsentence","1","Description","आम्ही/कीबोर्डने/टाइप/करतो","","keyboard.png","आम्ही_कीबोर्डने_टाइप_करतो.mp3"],["createsentence","1","Description","आपण/संगणकावर/गाणी/ऐकू/शकतो","","computer.png","आपण_संगणकावर_गाणी_ऐकू_शकतो.mp3"],["createsentence","1","Description","संगणक/चित्रपट/दाखवतो","","computer.png","संगणक_चित्रपट_दाखवतो.mp3"],["createsentence","1","Description","आम्ही/संगणकावरून/संदेश/पाठवू/शकतो","","email.png","आम्ही_संगणकावरून_संदेश_पाठवू_शकतो.mp3"],["createsentence","1","Description","संगणक/आश्चर्यकारक/आहे","","computer.png","संगणक_आश्चर्यकारक_आहे.mp3"],["createsentence","1","Description","संगणक/वेगवान/काम/करणारे/यंत्र/आहे","","computer.png","संगणक_वेगवान_काम_करणारे_यंत्र_आहे.mp3"],["quizliteracy","1","Description","image_word","कीबोर्ड","गाणी","कीबोर्ड","चित्रपट","keyboard.png"],["quizliteracy","1","Description","image_word","संगणक","संगणक","यंत्र","संदेश","computer.png"],["quizliteracy","1","Description","image_word","माऊस","चित्रपट","गाणी","माऊस","computer_mouse.png"]]}]],0,0,[],[],[]],[["0,9729,9729,33071,33071,0,0,1",-1],[0],0,[],[],[]],[[[0,"आम्ही_कीबोर्डने_टाइप_करतो",".mp3",2.403265],-1],0,0,[],[],[]],[[{"name":"computer_mouse","rect":[2,9,487,379],"offset":[-4.5,-3],"originalSize":[500,391],"capInsets":[0,0,0,0]}],[1],0,[0],[0],[3]]]]