[1,["146smj86FGKKEXpq7RXwTo","83TtIFoY5BX4ZRXt416K4v","d0PKKk0kJCd5D4EoeesmNG","47M2lO5wpPGZ5r/fESLmYD","39zTbY+FVOxLp/SbyjQKxe","bcwa5JKlpI2YhOeZpc2wpm","3f8UgMObdFzJKA4XAHFDAV","bea4ya6R5IPrHwmKhU2zhg","37fgg6OxVIw5bjdypg4luu"],["_textureSetter"],["cc.Texture2D","cc.SpriteFrame",["cc.AudioClip",["_name","_native","duration"],0],["cc.JsonAsset",["_name","json"],1]],[[2,0,1,2,4],[3,0,1,3]],[[[[0,"5_notes_of_100_is_equal_to_1_note_of_500",".mp3",4.858776],-1],0,0,[],[],[]],[["0,9729,9729,33071,33071,0,0,1",-1],[0],0,[],[],[]],[[[0,"50_Leones",".mp3",1.593469],-1],0,0,[],[],[]],[[{"name":"50note","rect":[0,0,322,156],"offset":[0,0],"originalSize":[322,156],"capInsets":[0,0,0,0]}],[1],0,[0],[0],[0]],[[{"name":"50cent","rect":[0,0,362,365],"offset":[0,0],"originalSize":[362,365],"capInsets":[0,0,0,0]}],[1],0,[0],[0],[1]],[[[0,"25_cent",".mp3",2.194286],-1],0,0,[],[],[]],[[[0,"20_Leones",".mp3",1.985306],-1],0,0,[],[],[]],[[{"name":"20note","rect":[0,0,472,435],"offset":[0,0],"originalSize":[472,435],"capInsets":[0,0,0,0]}],[1],0,[0],[0],[2]],[[{"name":"25cent","rect":[0,0,604,604],"offset":[0,0],"originalSize":[604,604],"capInsets":[0,0,0,0]}],[1],0,[0],[0],[3]],[[{"name":"10note","rect":[0,0,600,552],"offset":[0,0],"originalSize":[600,552],"capInsets":[0,0,0,0]}],[1],0,[0],[0],[4]],[["0,9729,9729,33071,33071,0,0,1",-1],[0],0,[],[],[]],[["0,9729,9729,33071,33071,0,0,1",-1],[0],0,[],[],[]],[["0,9729,9729,33071,33071,0,0,1",-1],[0],0,[],[],[]],[["0,9729,9729,33071,33071,0,0,1",-1],[0],0,[],[],[]],[[{"name":"5Leone","rect":[0,0,311,162],"offset":[0,0],"originalSize":[311,162],"capInsets":[0,0,0,0]}],[1],0,[0],[0],[5]],[[[0,"5_Leone",".mp3",0.809796],-1],0,0,[],[],[]],[["0,9729,9729,33071,33071,0,0,1",-1],[0],0,[],[],[]],[[{"name":"200note","rect":[0,0,1200,542],"offset":[0,0],"originalSize":[1200,542],"capInsets":[0,0,0,0]}],[1],0,[0],[0],[6]],[[[0,"10_cent",".mp3",1.515102],-1],0,0,[],[],[]],[[{"name":"500note","rect":[0,0,223,226],"offset":[0,0],"originalSize":[223,226],"capInsets":[0,0,0,0]}],[1],0,[0],[0],[7]],[[[1,"sl_en3702",{"rows":[["picturemeaning","1","Description","P","5 Leone","5Leone.png","5_Leone.mp3","25 cent","25cent.png","25_cent.mp3","10 cent","10cent.png","10_cent.mp3"],["picturemeaning","1","Description","P","Le50","50note.png","50_Leones.mp3","5 Leone","5Leone.png","5_Leone.mp3","50 cent","50cent.png","50_cent.mp3"],["matchbox","1","Description","8","50cent.png","25cent.png","10cent.png","5Leone.png","50cent.png","25cent.png","10cent.png","5Leone.png"],["fillblank","1","Description","2 Le100 notes is equal to 1 [Le200] note","2_100_ notes_ is_ equal_to_1_[200]_note.mp3","Le2000","Le500","Le50","10"],["fillblank","1","Description","100 cent is equal to [1] Leone.","100_cent_is_equal_to_[1]_Leone.mp3","3","5","10","10"],["fillblank","1","Description","5 notes of Le100 is equal to 1 note of [Le500].","5_notes_of_100_is_equal_to_1_note_of_500.mp3","Le200","Le2000","Le400","10"],["quizliteracy","1","Description","soundonly_image","20note.png","500note.png","20note.png","10note.png","","","20_Leones.mp3"],["quizliteracy","1","Description","image_word","Le200","Le200","Le50","Le20","200note.png"],["quizliteracy","1","Description","sentence_sentence","Le200","Le2000","Le200","Le400","","2 Le100 notes is equal to 1 _____ note","2_100_ notes_ is_ equal_to_1_[200]_note.mp3"]]}]],0,0,[],[],[]],[[[0,"2_100_ notes_ is_ equal_to_1_[200]_note",".mp3",4.597551],-1],0,0,[],[],[]],[["0,9729,9729,33071,33071,0,0,1",-1],[0],0,[],[],[]],[[[0,"100_cent_is_equal_to_[1]_Leone",".mp3",3.186939],-1],0,0,[],[],[]],[["0,9729,9729,33071,33071,0,0,1",-1],[0],0,[],[],[]],[[{"name":"10cent","rect":[0,0,2000,2000],"offset":[0,0],"originalSize":[2000,2000],"capInsets":[0,0,0,0]}],[1],0,[0],[0],[8]],[["0,9729,9729,33071,33071,0,0,1",-1],[0],0,[],[],[]],[[[0,"50_cent",".mp3",1.38449],-1],0,0,[],[],[]]]]