[1,["3ejLmIQ8FKuotpWfH10h+3","a0gdYk6X1ENIBwM5c2geem","ea+KpwXxpGYpF8ntyXMkwb"],["_textureSetter"],["cc.Texture2D","cc.SpriteFrame",["cc.AudioClip",["_name","_native","duration"],0],["cc.JsonAsset",["_name","json"],1]],[[2,0,1,2,4],[3,0,1,3]],[[[[0,"चषक",".mp3",0.835918],-1],0,0,[],[],[]],[[[1,"mr0130",{"rows":[["balloonpop","1","Description","2","ष","3","श,ष,व","ष.mp3"],["phonictractor","1","Description","5","ष","ष.mp3","ष","ष.mp3"],["writeletter","1","Description","ष","षटकोन"],["writecard","1","Description","ष","षटकोन","hexagon.png","षटकोन.mp3","चषक","trophy_cup.png","चषक.mp3","षङयंत्र","conspiracy.png","षङयंत्र.mp3"],["quizliteracy","1","Description","soundonly_word","ष","ष","श","र","","","ष.mp3"],["quizliteracy","1","Description","word_word","ष","प","र","ष","","ष"],["quizliteracy","1","Description","soundonly_word","ष","ष","श","र","","","ष.mp3"]]}]],0,0,[],[],[]],[["0,9729,9729,33071,33071,0,0,1",-1],[0],0,[],[],[]],[[[0,"षटकोन",".mp3",1.201633],-1],0,0,[],[],[]],[[[0,"षङयंत्र",".mp3",1.253878],-1],0,0,[],[],[]],[[{"name":"trophy_cup","rect":[120,41,406,556],"offset":[3,1],"originalSize":[640,640],"capInsets":[0,0,0,0]}],[1],0,[0],[0],[0]],[[[0,"ष",".mp3",0.679184],-1],0,0,[],[],[]],[[{"name":"hexagon","rect":[3,3,634,550],"offset":[0,0],"originalSize":[640,556],"capInsets":[0,0,0,0]}],[1],0,[0],[0],[1]],[["0,9729,9729,33071,33071,0,0,1",-1],[0],0,[],[],[]],[[{"name":"conspiracy","rect":[0,0,526,320],"offset":[0,0],"originalSize":[526,320],"capInsets":[0,0,0,0]}],[1],0,[0],[0],[2]],[["0,9729,9729,33071,33071,0,0,1",-1],[0],0,[],[],[]]]]