[1,["13xKMUCjVAV5unL+QgwNUW","7cWFjWpk9G6raU8J9ACh/Q","addcePjBZAe7pXEJbwaPGS","5aqYIn8V9BzIDssHwUYFa3","40okihL+dPXaLE1oWD4FQH","d3WG7xlepH67ssrGJxd0kw","5dHF7AkUpFCacJI0OYk7QT"],["_textureSetter"],["cc.Texture2D","cc.SpriteFrame",["cc.AudioClip",["_name","_native","duration"],0],["cc.JsonAsset",["_name","json"],1]],[[2,0,1,2,4],[3,0,1,3]],[[[[0,"fortieth",".mp3",1.176],-1],0,0,[],[],[]],[["0,9729,9729,33071,33071,0,0,1",-1],[0],0,[],[],[]],[[[0,"sixtieth",".mp3",1.272],-1],0,0,[],[],[]],[["0,9729,9729,33071,33071,0,0,1",-1],[0],0,[],[],[]],[[{"name":"eightieth","rect":[0,0,512,368],"offset":[0,0],"originalSize":[512,368],"capInsets":[0,0,0,0]}],[1],0,[0],[0],[0]],[["0,9729,9729,33071,33071,0,0,1",-1],[0],0,[],[],[]],[["0,9729,9729,33071,33071,0,0,1",-1],[0],0,[],[],[]],[[[0,"fiftieth",".mp3",1.224],-1],0,0,[],[],[]],[[{"name":"sixtieth","rect":[0,0,512,368],"offset":[0,0],"originalSize":[512,368],"capInsets":[0,0,0,0]}],[1],0,[0],[0],[1]],[[[1,"en4006",{"rows":[["openwindow1","1","Description","LEGIT","fortieth","fortieth.png","seventieth.png","fortieth.mp3","abcdefghijklmnopqrstuvwxyz"],["openwindow1","1","Description","LEGIT","fiftieth","fiftieth.png","hundredth.png","fiftieth.mp3","abcdefghijklmnopqrstuvwxyz"],["openwindow1","1","Description","LEGIT","sixtieth","sixtieth.png","fortieth.png","sixtieth.mp3","abcdefghijklmnopqrstuvwxyz"],["openwindow1","1","Description","LEGIT","seventieth","seventieth.png","fiftieth.png","seventieth.mp3","abcdefghijklmnopqrstuvwxyz"],["openwindow1","1","Description","LEGIT","eightieth","eightieth.png","sixtieth.png","eightieth.mp3","abcdefghijklmnopqrstuvwxyz"],["openwindow1","1","Description","LEGIT","ninetieth","ninetieth.png","seventieth.png","ninetieth.mp3","abcdefghijklmnopqrstuvwxyz"],["openwindow1","1","Description","LEGIT","hundredth","hundredth.png","eightieth.png","hundredth.mp3","abcdefghijklmnopqrstuvwxyz"],["quizliteracy","1","Description","image_sentence","fortieth","fortieth","sixtieth","hundredth","fortieth.png","","fortieth.mp3"],["quizliteracy","1","Description","image_sentence","sixtieth","hundredth","fortieth","sixtieth","sixtieth.png","","sixtieth.mp3"],["quizliteracy","1","Description","image_sentence","hundredth","sixtieth","hundredth","fortieth","hundredth.png","","hundredth.mp3"]]}]],0,0,[],[],[]],[["0,9729,9729,33071,33071,0,0,1",-1],[0],0,[],[],[]],[[[0,"ninetieth",".mp3",1.248],-1],0,0,[],[],[]],[[{"name":"ninetieth","rect":[0,0,512,368],"offset":[0,0],"originalSize":[512,368],"capInsets":[0,0,0,0]}],[1],0,[0],[0],[2]],[["0,9729,9729,33071,33071,0,0,1",-1],[0],0,[],[],[]],[[{"name":"seventieth","rect":[0,0,512,368],"offset":[0,0],"originalSize":[512,368],"capInsets":[0,0,0,0]}],[1],0,[0],[0],[3]],[[{"name":"fiftieth","rect":[0,0,512,368],"offset":[0,0],"originalSize":[512,368],"capInsets":[0,0,0,0]}],[1],0,[0],[0],[4]],[[[0,"seventieth",".mp3",1.368],-1],0,0,[],[],[]],[["0,9729,9729,33071,33071,0,0,1",-1],[0],0,[],[],[]],[[[0,"hundredth",".mp3",1.248],-1],0,0,[],[],[]],[[{"name":"fortieth","rect":[0,0,512,368],"offset":[0,0],"originalSize":[512,368],"capInsets":[0,0,0,0]}],[1],0,[0],[0],[5]],[[{"name":"hundredth","rect":[0,0,512,368],"offset":[0,0],"originalSize":[512,368],"capInsets":[0,0,0,0]}],[1],0,[0],[0],[6]],[[[0,"eightieth",".mp3",1.104],-1],0,0,[],[],[]]]]