[1,["0b4zCHN1xPXLSqui5+uUMG","4djOxhxGRNMZInCpaWEgN1","215ZDA1G9JwKkE5x7yDdec"],["_textureSetter"],["cc.SpriteFrame","cc.Texture2D",["cc.AudioClip",["_name","_native","duration"],0],["cc.JsonAsset",["_name","json"],1]],[[2,0,1,2,4],[3,0,1,3]],[[[{"name":"deep_sea","rect":[0,0,400,400],"offset":[0,0],"originalSize":[400,400],"capInsets":[0,0,0,0]}],[0],0,[0],[0],[0]],[[[0,"ಜಲಚರ",".mp3",0.984],-1],0,0,[],[],[]],[["0,9729,9729,33071,33071,0,0,1",-1],[1],0,[],[],[]],[[[0,"ಕಡಲಿನ_ತುಂಬಾ_ಜಲಚರ_ಪ್ರಾಣಿ",".mp3",2.376],-1],0,0,[],[],[]],[["0,9729,9729,33071,33071,0,0,1",-1],[1],0,[],[],[]],[["0,9729,9729,33071,33071,0,0,1",-1],[1],0,[],[],[]],[[[0,"ಕಡಲಿನ",".mp3",0.864],-1],0,0,[],[],[]],[[[0,"ಮರಳಿನ",".mp3",0.888],-1],0,0,[],[],[]],[[[0,"ಕಡಲಿನ_ತೀರದಲ್ಲಿ_ಮರಳಿನ_ರಾಶಿ_ಹರಡಿರುತ್ತದೆ",".mp3",3.648],-1],0,0,[],[],[]],[[{"name":"beach_sand","rect":[0,0,400,400],"offset":[0,0],"originalSize":[400,400],"capInsets":[0,0,0,0]}],[0],0,[0],[0],[1]],[[[0,"ಹರಿದಿದೆ",".mp3",0.984],-1],0,0,[],[],[]],[[[1,"kn2_1704",{"rows":[["createsentence","1","Description","ಕಡಲಿನ/ತೀರದ/ದ್ರಶ್ಯ/ಸುಂದರವಾಗಿದೆ.","","sea_shore.png","ಕಡಲಿನ_ತೀರದ_ದ್ರಶ್ಯ_ಸುಂದರವಾಗಿದೆ.mp3"],["createsentence","1","Description","ಕಡಲಿನ/ತೀರದಲ್ಲಿ/ಮರಳಿನ/ರಾಶಿ/ಹರಡಿರುತ್ತದೆ.","","beach_sand.png","ಕಡಲಿನ_ತೀರದಲ್ಲಿ_ಮರಳಿನ_ರಾಶಿ_ಹರಡಿರುತ್ತದೆ.mp3"],["createsentence","1","Description","ಕಡಲಿನಾಳದಲ್ಲಿ/ರತ್ನದ/ಗಣಿ/ಇದೆ.","","deep_sea.png","ಕಡಲಿನಾಳದಲ್ಲಿ_ರತ್ನದ_ಗಣಿ_ಇದೆ.mp3"],["fillblank","1","Description","ಹೋಗುವ ಬಾರ [ಕಡಲಿನ] ತೀರಕೆ.","ಕಡಲಿನ.mp3","ಮಡೀಲಿನ","ಕಾಡಿನ","ಚಿನ್ನದ","15"],["fillblank","1","Description","ತೀರದ ತುಂಬಾ [ಮರಳಿನ] ರಾಶಿ.","ಮರಳಿನ.mp3","ಹೊನ್ನಿನ","ಬೆಳ್ಳಿಯ","ಕಲ್ಲಿನ","10"],["fillblank","1","Description","ತೆರೆತೆರೆಯಾಗಿ [ಹರಿದಿದೆ] ಹೊನಲು.","ಹರಿದಿದೆ.mp3","ಮರೆತಿದೆ","ಹೊರಟಿದೆ","ಕರೆದಿದೆ","15"],["fillblank","1","Description","ಕಡಲಿನ ತುಂಬಾ [ಜಲಚರ] ಪ್ರಾಣಿ.","ಜಲಚರ.mp3","ಕಾಡಿನ","ಸಾಕು","ಹಾರುವ","15"],["quizliteracy","1","Description","sentence_sentence","ಕಡಲಿನ ತೀರದಲ್ಲಿ ಮರಳಿನ ರಾಶಿ ಹರಡಿರುತ್ತದೆ.","ಕಡಲಿನ ತೀರದಲ್ಲಿ ಹೊನ್ನಿನ ರಾಶಿ ಹರಡಿರುತ್ತದೆ.","ಕಡಲಿನ ತೀರದಲ್ಲಿ ಮರಳಿನ ರಾಶಿ ಹರಡಿರುತ್ತದೆ.","ಕಡಲಿನ ತೀರದಲ್ಲಿ ಚಿನ್ನದ ರಾಶಿ ಹರಡಿರುತ್ತದೆ.","","ಸರಿಯಾದದನ್ನು ಆರಿಸಿ","ಸರಿಯಾದದನ್ನು_ಆರಿಸಿ.mp3"],["quizliteracy","1","Description","sentence_sentence","ರತ್ನದ","ಬೆಂಕಿಯ","ಕಬ್ಬಿಣದ","ರತ್ನದ","","ಕಡಲಿನಾಳದಲ್ಲಿ _____ ಗಣಿ ಇದೆ.","ಕಡಲಿನಾಳದಲ್ಲಿ_ರತ್ನದ_ಗಣಿ_ಇದೆ.mp3"],["quizliteracy","1","Description","sentence_sentence","ಜಲಚರ","ಜಲಚರ","ಕಾಡಿನ","ಸಾಕು","","ಕಡಲಿನ ತುಂಬಾ ______ ಪ್ರಾಣಿ.","ಕಡಲಿನ_ತುಂಬಾ_ಜಲಚರ_ಪ್ರಾಣಿ.mp3"]]}]],0,0,[],[],[]],[[[0,"ಕಡಲಿನ_ತೀರದ_ದ್ರಶ್ಯ_ಸುಂದರವಾಗಿದೆ",".mp3",2.904],-1],0,0,[],[],[]],[[{"name":"sea_shore","rect":[0,0,400,400],"offset":[0,0],"originalSize":[400,400],"capInsets":[0,0,0,0]}],[0],0,[0],[0],[2]],[[[0,"ಸರಿಯಾದದನ್ನು_ಆರಿಸಿ",".mp3",1.968],-1],0,0,[],[],[]],[[[0,"ಕಡಲಿನಾಳದಲ್ಲಿ_ರತ್ನದ_ಗಣಿ_ಇದೆ",".mp3",2.688],-1],0,0,[],[],[]]]]