[1,["c5ScmsnkpJlbwywzWmaDzR","acWEpKSiBI1YTRkqMC3NzZ","3ce20Qp/5ONoST2qd4FKol"],["_textureSetter"],["cc.Texture2D","cc.SpriteFrame",["cc.JsonAsset",["_name","json"],1],["cc.AudioClip",["_name","_native","duration"],0]],[[3,0,1,2,4],[2,0,1,3]],[[["0,9729,9729,33071,33071,0,0,1",-1],[0],0,[],[],[]],[[[1,"kn2_0704",{"rows":[["createsentence","1","Description","ನಮ್ಮ/ರಾಜ್ಯದ/ರಾಜಧಾನಿ/ಬೆಂಗಳೂರು.","","Bangalore.png","ನಮ್ಮ_ರಾಜ್ಯದ_ರಾಜಧಾನಿ_ಬೆಂಗಳೂರು.mp3"],["createsentence","1","Description","ಕೆಂಪೇಗೌಡರ/ಮೊದಲ/ರಾಜಧಾನಿ/ಯಲಹಂಕ.","","kempegowda.png","ಕೆಂಪೇಗೌಡರ_ಮೊದಲ_ರಾಜಧಾನಿ_ಯಲಹಂಕ.mp3"],["createsentence","1","Description","ಕನಸಿನಲ್ಲಿ/ಕಾಣಿಸಿದ/ದೇವಿಯ/ಅಪ್ಪಣೆಯಂತೆ/ಬೆಂಗಳೂರನ್ನು/ ಕಟ್ಟಿಸಿದರು.","","devi.png","ಕನಸಿನಲ್ಲಿ_ಕಾಣಿಸಿದ_ದೇವಿಯ_ಅಪ್ಪಣೆಯಂತೆ_ಬೆಂಗಳೂರನ್ನು_ಕಟ್ಟಿಸಿದರು.mp3"],["fillblank","1","Description","ಕೆಂಪೇಗೌಡರು  [ಪ್ರಜೆಗಳನ್ನು]  ತನ್ನ                         ಮಕ್ಕಳಂತೆ ಪ್ರೀತಿಸುತ್ತಿದ್ದರು.","ಕೆಂಪೇಗೌಡರು_ಪ್ರಜೆಗಳನ್ನು_ತನ್ನ_ಮಕ್ಕಳಂತೆ_ಪ್ರೀತಿಸುತ್ತಿದ್ದರು.mp3","ಬೆಂಗಳೂರನ್ನು","ಸೈನಿಕರನ್ನು","ಮಂತ್ರಿಯನ್ನು","15"],["fillblank","1","Description","ಕಸಬುದಾರರಿಂದ   [ಕೈಗಾರಿಕೆಗಳು]                                      ಬೆಳೆದವು.","ಕಸಬುದಾರರಿಂದ_ಕೈಗಾರಿಕೆಗಳು_ಬೆಳೆದವು.mp3","ತೋಟಗಳು","ಕಾಡುಗಳು","ನಗರಗಳು","15"],["fillblank","1","Description","ಕೆಂಪೇಗೌಡರ  ತಾಯಿಯ  ಊರು                            [ಬೆಂಗಳೂರೆಂಬ] ಹಳ್ಳಿ.","ಕೆಂಪೇಗೌಡರ_ತಾಯಿಯ_ಊರು_ಬೆಂಗಳೂರೆಂಬ_ಹಳ್ಳಿ.mp3","ಶಿವಸಮುದ್ರ","ಯಲಹಂಕ","ವಿಜಯನಗರ","15"],["quizliteracy","1","Description","sentence_sentence","ಬೆಂಗಳೂರು","ಬೆಂಗಳೂರು","ಯಲಹಂಕ","ಪ್ರಜೆಗಳನ್ನು","","ನಮ್ಮ ರಾಜ್ಯದ ರಾಜಧಾನಿ _________","ನಮ್ಮ_ರಾಜ್ಯದ_ರಾಜಧಾನಿ_ಬೆಂಗಳೂರು.mp3"],["quizliteracy","1","Description","sentence_sentence","ಪ್ರಜೆಗಳನ್ನು","ಯಲಹಂಕ","ಪ್ರಜೆಗಳನ್ನು","ಬೆಂಗಳೂರು","","ಕೆಂಪೇಗೌಡರು ________ ತನ್ನ ಮಕ್ಕಳಂತೆ ಪ್ರೀತಿಸುತ್ತಿದ್ದರು.","ಕೆಂಪೇಗೌಡರು_ಪ್ರಜೆಗಳನ್ನು_ತನ್ನ_ಮಕ್ಕಳಂತೆ_ಪ್ರೀತಿಸುತ್ತಿದ್ದರು.mp3"],["quizliteracy","1","Description","sentence_sentence","ಬೆಂಗಳೂರೆಂಬ","ಶಿವಸಮುದ್ರ","ವಿಜಯನಗರ","ಬೆಂಗಳೂರೆಂಬ","","ಕೆಂಪೇಗೌಡರ ತಾಯಿಯ ಊರು _________ ಹಳ್ಳಿ.","ಕೆಂಪೇಗೌಡರ_ತಾಯಿಯ_ಊರು_ಬೆಂಗಳೂರೆಂಬ_ಹಳ್ಳಿ.mp3"]]}]],0,0,[],[],[]],[[[0,"ನಮ್ಮ_ರಾಜ್ಯದ_ರಾಜಧಾನಿ_ಬೆಂಗಳೂರು",".mp3",2.784],-1],0,0,[],[],[]],[["0,9729,9729,33071,33071,0,0,1",-1],[0],0,[],[],[]],[[[0,"ಕನಸಿನಲ್ಲಿ_ಕಾಣಿಸಿದ_ದೇವಿಯ_ಅಪ್ಪಣೆಯಂತೆ_ಬೆಂಗಳೂರನ್ನು_ಕಟ್ಟಿಸಿದರು",".mp3",5.016],-1],0,0,[],[],[]],[[[0,"ಕಸಬುದಾರರಿಂದ_ಕೈಗಾರಿಕೆಗಳು_ಬೆಳೆದವು",".mp3",3.192],-1],0,0,[],[],[]],[[[0,"ಕೆಂಪೇಗೌಡರ_ತಾಯಿಯ_ಊರು_ಬೆಂಗಳೂರೆಂಬ_ಹಳ್ಳಿ",".mp3",3.648],-1],0,0,[],[],[]],[["0,9729,9729,33071,33071,0,0,1",-1],[0],0,[],[],[]],[[{"name":"kempegowda","rect":[0,0,400,400],"offset":[0,0],"originalSize":[400,400],"capInsets":[0,0,0,0]}],[1],0,[0],[0],[0]],[[{"name":"Bangalore","rect":[0,0,400,400],"offset":[0,0],"originalSize":[400,400],"capInsets":[0,0,0,0]}],[1],0,[0],[0],[1]],[[{"name":"devi","rect":[0,0,400,400],"offset":[0,0],"originalSize":[400,400],"capInsets":[0,0,0,0]}],[1],0,[0],[0],[2]],[[[0,"ಕೆಂಪೇಗೌಡರು_ಪ್ರಜೆಗಳನ್ನು_ತನ್ನ_ಮಕ್ಕಳಂತೆ_ಪ್ರೀತಿಸುತ್ತಿದ್ದರು",".mp3",4.584],-1],0,0,[],[],[]],[[[0,"ಕೆಂಪೇಗೌಡರ_ಮೊದಲ_ರಾಜಧಾನಿ_ಯಲಹಂಕ",".mp3",3.12],-1],0,0,[],[],[]]]]