[1,["100QrnJKJMY7lKqgKjb06y","25o7x6hnFMlKUY/vLf+7sL","dcN78JSPBI8o8j0eTvByq3","b7c+R7cndIUrQKUgazBxQ1","89Q/ACq+pI9bTLvMuaWdyW","70AenmE0NJcKRHeKJSmhCf","fcf282AqZIfbsD+NcmZCVT","7f+WW4zkpBD6IBF7znEp6p"],["_textureSetter"],["cc.SpriteFrame","cc.Texture2D",["cc.AudioClip",["_name","_native","duration"],0],["cc.JsonAsset",["_name","json"],1]],[[2,0,1,2,4],[3,0,1,3]],[[[[0,"four_pens",".mp3",1.07102],-1],0,0,[],[],[]],[[{"name":"four_pens","rect":[0,0,512,512],"offset":[0,0],"originalSize":[512,512],"capInsets":[0,0,0,0]}],[0],0,[0],[0],[0]],[[{"name":"one_boy","rect":[0,0,290,512],"offset":[0,0],"originalSize":[290,512],"capInsets":[0,0,0,0]}],[0],0,[0],[0],[1]],[["0,9729,9729,33071,33071,0,0,1",-1],[1],0,[],[],[]],[[{"name":"five_almonds","rect":[0,0,512,371],"offset":[0,0],"originalSize":[512,371],"capInsets":[0,0,0,0]}],[0],0,[0],[0],[2]],[["0,9729,9729,33071,33071,0,0,1",-1],[1],0,[],[],[]],[[{"name":"two_dogs","rect":[0,0,512,512],"offset":[0,0],"originalSize":[512,512],"capInsets":[0,0,0,0]}],[0],0,[0],[0],[3]],[[[0,"five_chairs",".mp3",1.097143],-1],0,0,[],[],[]],[[{"name":"three_pots","rect":[0,0,512,439],"offset":[0,0],"originalSize":[512,439],"capInsets":[0,0,0,0]}],[0],0,[0],[0],[4]],[[[0,"one_boy",".mp3",0.940408],-1],0,0,[],[],[]],[[[0,"one_lion",".mp3",0.914286],-1],0,0,[],[],[]],[[{"name":"one_lion","rect":[0,0,349,512],"offset":[0,0],"originalSize":[349,512],"capInsets":[0,0,0,0]}],[0],0,[0],[0],[5]],[["0,9729,9729,33071,33071,0,0,1",-1],[1],0,[],[],[]],[[{"name":"two_books","rect":[0,0,512,445],"offset":[0,0],"originalSize":[512,445],"capInsets":[0,0,0,0]}],[0],0,[0],[0],[6]],[["0,9729,9729,33071,33071,0,0,1",-1],[1],0,[],[],[]],[["0,9729,9729,33071,33071,0,0,1",-1],[1],0,[],[],[]],[["0,9729,9729,33071,33071,0,0,1",-1],[1],0,[],[],[]],[[[0,"five_almonds",".mp3",2.011429],-1],0,0,[],[],[]],[[{"name":"five_chairs","rect":[0,0,512,512],"offset":[0,0],"originalSize":[512,512],"capInsets":[0,0,0,0]}],[0],0,[0],[0],[7]],[[[0,"two_dogs",".mp3",1.018776],-1],0,0,[],[],[]],[[[0,"three_pots",".mp3",1.018776],-1],0,0,[],[],[]],[[[1,"sl_en3508",{"rows":[["createsentence","1","Description","Five/almonds","Four","five_almonds.png","five_almonds.mp3"],["createsentence","1","Description","One/boy","Three","one_boy.png","one_boy.mp3"],["createsentence","1","Description","Two/dogs","One","two_dogs.png","two_dogs.mp3"],["createsentence","1","Description","Four/pens","Five","four_pens.png","four_pens.mp3"],["createsentence","1","Description","One/lion","Two","one_lion.png","one_lion.mp3","","","","","x"],["createsentence","1","Description","Three/pots","Four","three_pots.png","three_pots.mp3"],["createsentence","1","Description","Five/chairs","Three","five_chairs.png","five_chairs.mp3"],["createsentence","1","Description","Two/books","Four","two_books.png","two_books.mp3"],["quizliteracy","1","Description","image_sentence","One Boy.","One Boy","Three boys","Two boys.","one_boy.png","","one_boy.mp3"],["quizliteracy","1","Description","image_sentence","Four pens.","Three pens.","Two pens.","Four pens.","four_pens.png","","four_pens.mp3"],["quizliteracy","1","Description","image_sentence","Three pots.","Five pots.","Three pots.","Two pots.","three_pots.png","","three_pots.mp3"]]}]],0,0,[],[],[]],[["0,9729,9729,33071,33071,0,0,1",-1],[1],0,[],[],[]],[[[0,"two_books",".mp3",1.044898],-1],0,0,[],[],[]],[["0,9729,9729,33071,33071,0,0,1",-1],[1],0,[],[],[]]]]