[1,["73DYVEBuVErYWydHbG0V6R","42B3yAowJDyaNVMroGq5nR","4eHVa7MdVCRbLDDM9LhVip","30X5Yrzi1Pc6pBfE3fIhrR","90lQXQnMREmq09b6WWYpHZ","4b0UNsi1JIpYO1l5W/82d/","33Afa9gT1FzqE1nY3DtvVY","bemGzRjhxJCrLqo0Y6GDlN","c8whLClzdFYqmCMGhYcMvm"],["_textureSetter"],["cc.SpriteFrame","cc.Texture2D",["cc.AudioClip",["_name","_native","duration"],0],["cc.JsonAsset",["_name","json"],1]],[[2,0,1,2,4],[3,0,1,3]],[[[{"name":"ask","rect":[0,0,394,407],"offset":[0,0],"originalSize":[394,407],"capInsets":[0,0,0,0]}],[0],0,[0],[0],[0]],[[[0,"ದೇವ",".mp3",0.696],-1],0,0,[],[],[]],[[[0,"ಚೇತನ",".mp3",0.816],-1],0,0,[],[],[]],[[{"name":"The spirit","rect":[0,0,440,512],"offset":[0,0],"originalSize":[440,512],"capInsets":[0,0,0,0]}],[0],0,[0],[0],[1]],[[[1,"kn4404",{"rows":[["spelldoor","1","Description","ಕೇಳು","**","0","0","ask.png","ಕೇಳು.mp3"],["spelldoor","1","Description","ಚೇಳು","**","0","0","scorpion.png","ಚೇಳು.mp3"],["spelldoor","1","Description","ದೇವ","**","0","0","god.png","ದೇವ.mp3"],["spelldoor","1","Description","ದೇಶ","**","0","0","nation.png","ದೇಶ.mp3"],["spelldoor","1","Description","ಮೇಲೆ","**","0","0","upon.png","ಮೇಲೆ.mp3"],["spelldoor","1","Description","ಚೇತನ","***","0","0","The spirit.png","ಚೇತನ.mp3"],["spelldoor","1","Description","ಸೇವಿಸು","***","0","0","eat.png","ಸೇವಿಸು.mp3"],["spelldoor","1","Description","ಬೇಟೆಗಾರ","****","0","0","hunter.png","ಬೇಟೆಗಾರ.mp3"],["spelldoor","1","Description","ಜೇನುಹುಳು","****","0","0","bee.png","ಜೇನುಹುಳು.mp3"],["quizliteracy","1","Description","word_word","ಹುಳು","ಹುಳು","ಚೇತನ","ಚೇಳು","","ಜೇನು_____","ಜೇನುಹುಳು.mp3"],["quizliteracy","1","Description","image_word","ಚೇಳು","ಕೇಳು","ಚೇಳು","ದೇಶ","scorpion.png"],["quizliteracy","1","Description","soundonly_word","ಬೇಟೆಗಾರ","ಚೇತನ","ಸೇವಿಸು","ಬೇಟೆಗಾರ","","","ಬೇಟೆಗಾರ.mp3"]]}]],0,0,[],[],[]],[["0,9729,9729,33071,33071,0,0,1",-1],[1],0,[],[],[]],[[{"name":"eat","rect":[0,0,512,340],"offset":[0,0],"originalSize":[512,340],"capInsets":[0,0,0,0]}],[0],0,[0],[0],[2]],[["0,9729,9729,33071,33071,0,0,1",-1],[1],0,[],[],[]],[["0,9729,9729,33071,33071,0,0,1",-1],[1],0,[],[],[]],[["0,9729,9729,33071,33071,0,0,1",-1],[1],0,[],[],[]],[["0,9729,9729,33071,33071,0,0,1",-1],[1],0,[],[],[]],[[[0,"ದೇಶ",".mp3",0.744],-1],0,0,[],[],[]],[[[0,"ಕೇಳು",".mp3",0.672],-1],0,0,[],[],[]],[[[0,"ಮೇಲೆ",".mp3",0.696],-1],0,0,[],[],[]],[["0,9729,9729,33071,33071,0,0,1",-1],[1],0,[],[],[]],[[{"name":"upon","rect":[0,0,512,340],"offset":[0,0],"originalSize":[512,340],"capInsets":[0,0,0,0]}],[0],0,[0],[0],[3]],[["0,9729,9729,33071,33071,0,0,1",-1],[1],0,[],[],[]],[[[0,"ಬೇಟೆಗಾರ",".mp3",0.984],-1],0,0,[],[],[]],[[[0,"ಚೇಳು",".mp3",0.72],-1],0,0,[],[],[]],[[{"name":"scorpion","rect":[0,0,512,326],"offset":[0,0],"originalSize":[512,326],"capInsets":[0,0,0,0]}],[0],0,[0],[0],[4]],[[{"name":"god","rect":[0,0,389,512],"offset":[0,0],"originalSize":[389,512],"capInsets":[0,0,0,0]}],[0],0,[0],[0],[5]],[[[0,"ಸೇವಿಸು",".mp3",0.96],-1],0,0,[],[],[]],[[[0,"ಜೇನುಹುಳು",".mp3",0.984],-1],0,0,[],[],[]],[[{"name":"bee","rect":[0,0,512,364],"offset":[0,0],"originalSize":[512,364],"capInsets":[0,0,0,0]}],[0],0,[0],[0],[6]],[["0,9729,9729,33071,33071,0,0,1",-1],[1],0,[],[],[]],[[{"name":"nation","rect":[0,0,512,396],"offset":[0,0],"originalSize":[512,396],"capInsets":[0,0,0,0]}],[0],0,[0],[0],[7]],[["0,9729,9729,33071,33071,0,0,1",-1],[1],0,[],[],[]],[[{"name":"hunter","rect":[0,0,512,308],"offset":[0,0],"originalSize":[512,308],"capInsets":[0,0,0,0]}],[0],0,[0],[0],[8]]]]