[1,["9ddDxPetxPt714ezZ/CPiF","63T/fgKHBE8aifCncLWyl+","62cKb6XnBJxLT0HB9ojc07","b68VZql3ZJobZVDDTgjBtb","47sqxLzcVLRLveu0VRD26z","939ExrhgRFCb8IK3RriJ7y","2edRGUn81F1IK5O5FDkobO","feh/MU9wRO+LVOmZKYICA0"],["_textureSetter"],["cc.Texture2D","cc.SpriteFrame",["cc.JsonAsset",["_name","json"],1],["cc.AudioClip",["_name","_native","duration"],0]],[[3,0,1,2,4],[2,0,1,3]],[[[[1,"sl_en1903",{"rows":[["openwindow","1","Description","LEGIT","police","police.png","sweeper.png","police.mp3","abcdefghijklmnopqrstuvwxyz"],["openwindow","1","Description","LEGIT","doctor","doctor.png","grocer.png","doctor.mp3","abcdefghijklmnopqrstuvwxyz"],["openwindow","1","Description","LEGIT","teacher","teacher.png","nurse.png","teacher.mp3","abcdefghijklmnopqrstuvwxyz"],["openwindow","1","Description","LEGIT","barber","barber.png","police.png","barber.mp3","abcdefghijklmnopqrstuvwxyz"],["openwindow","1","Description","LEGIT","sweeper","sweeper.png","doctor.png","sweeper.mp3","abcdefghijklmnopqrstuvwxyz"],["openwindow","1","Description","LEGIT","grocer","grocer.png","teacher.png","grocer.mp3","abcdefghijklmnopqrstuvwxyz"],["openwindow","1","Description","LEGIT","nurse","nurse.png","barber.png","nurse.mp3","abcdefghijklmnopqrstuvwxyz"],["openwindow","1","Description","LEGIT","farmer","farmer.png","doctor.png","farmer.mp3","abcdefghijklmnopqrstuvwxyz"],["quizliteracy","1","Description","image_word","police","police","doctor","barber","police.png"],["quizliteracy","1","Description","image_word","barber","doctor","barber","farmer","barber.png"],["quizliteracy","1","Description","image_word","farmer","nurse","farmer","police","farmer.png"]]}]],0,0,[],[],[]],[["0,9729,9729,33071,33071,0,0,1",-1],[0],0,[],[],[]],[[[0,"nurse",".mp3",3.213061],-1],0,0,[],[],[]],[[[0,"sweeper",".mp3",1.044898],-1],0,0,[],[],[]],[["0,9729,9729,33071,33071,0,0,1",-1],[0],0,[],[],[]],[[[0,"grocer",".mp3",1.227755],-1],0,0,[],[],[]],[[{"name":"police","rect":[0,0,477,512],"offset":[0,0],"originalSize":[477,512],"capInsets":[0,0,0,0]}],[1],0,[0],[0],[0]],[["0,9729,9729,33071,33071,0,0,1",-1],[0],0,[],[],[]],[["0,9729,9729,33071,33071,0,0,1",-1],[0],0,[],[],[]],[[{"name":"farmer","rect":[0,0,512,331],"offset":[0,0],"originalSize":[512,331],"capInsets":[0,0,0,0]}],[1],0,[0],[0],[1]],[[{"name":"teacher","rect":[0,0,512,315],"offset":[0,0],"originalSize":[512,315],"capInsets":[0,0,0,0]}],[1],0,[0],[0],[2]],[[[0,"farmer",".mp3",0.731429],-1],0,0,[],[],[]],[[{"name":"grocer","rect":[0,0,512,442],"offset":[0,0],"originalSize":[512,442],"capInsets":[0,0,0,0]}],[1],0,[0],[0],[3]],[["0,9729,9729,33071,33071,0,0,1",-1],[0],0,[],[],[]],[["0,9729,9729,33071,33071,0,0,1",-1],[0],0,[],[],[]],[["0,9729,9729,33071,33071,0,0,1",-1],[0],0,[],[],[]],[[[0,"doctor",".mp3",0.757551],-1],0,0,[],[],[]],[[{"name":"nurse","rect":[0,0,512,512],"offset":[0,0],"originalSize":[512,512],"capInsets":[0,0,0,0]}],[1],0,[0],[0],[4]],[[[0,"teacher",".mp3",0.705306],-1],0,0,[],[],[]],[[[0,"police",".mp3",0.705306],-1],0,0,[],[],[]],[[{"name":"doctor","rect":[183,18,234,570],"offset":[0,-3],"originalSize":[600,600],"capInsets":[0,0,0,0]}],[1],0,[0],[0],[5]],[[{"name":"sweeper","rect":[0,0,494,512],"offset":[0,0],"originalSize":[494,512],"capInsets":[0,0,0,0]}],[1],0,[0],[0],[6]],[[[0,"barber",".mp3",1.358367],-1],0,0,[],[],[]],[[{"name":"barber","rect":[0,0,506,512],"offset":[0,0],"originalSize":[506,512],"capInsets":[0,0,0,0]}],[1],0,[0],[0],[7]],[["0,9729,9729,33071,33071,0,0,1",-1],[0],0,[],[],[]]]]