[1,["92hNkXDvVFe5Qanj3ZWP4U","2bhQsmWbpIDpVnwXYJ9ljm","44US89ffdFYY48WmtlWTb4"],["_textureSetter"],["cc.Texture2D","cc.SpriteFrame",["cc.AudioClip",["_name","_native","duration"],0],["cc.JsonAsset",["_name","json"],1]],[[2,0,1,2,4],[3,0,1,3]],[[["0,9729,9729,33071,33071,0,0,1",-1],[0],0,[],[],[]],[["1,9729,9729,33071,33071,0,0,1",-1],[0],0,[],[],[]],[[{"name":"ap2_puzzle7_butterfly_puzzle","rect":[2,3,129,150],"offset":[0.5,5],"originalSize":[132,166],"capInsets":[0,0,0,0]}],[1],0,[0],[0],[0]],[["0,9729,9729,33071,33071,0,0,1",-1],[0],0,[],[],[]],[[[0,"cat_and_butterfly",".mp3",2.82125],-1],0,0,[],[],[]],[[{"name":"ap2_puzzle7_cat_puzzle","rect":[3,2,315,341],"offset":[0,4],"originalSize":[321,353],"capInsets":[0,0,0,0]}],[1],0,[0],[0],[1]],[[[1,"pictureboard0007",{"rows":[["pictureboard","1","Description","Cat and Butterfly","ap2_puzzle7_background.jpg","2","","cat_and_butterfly.mp3","ap2_puzzle7_butterfly_puzzle.png","1280","698","","ap2_puzzle7_cat_puzzle.png","72","54"]]}]],0,0,[],[],[]],[[{"name":"ap2_puzzle7_background","rect":[0,0,802,432],"offset":[0,0],"originalSize":[802,432],"capInsets":[0,0,0,0]}],[1],0,[0],[0],[2]]]]