[1,["e5RE2lqBxC0KJpA7pzq6yL","97xlobECJODYTG4/cHQrpl","40on8B73RAwa031OryqcDO","55dUMhrA9Ff5eb4ZmhtAjW","d2IYmqJldGs7lD+Cx72LmV","4aG5fqX6hMyLLplhPkxFTk","566H0eeoBKBpMe+OWze5C6"],["_textureSetter"],["cc.SpriteFrame","cc.Texture2D",["cc.AudioClip",["_name","_native","duration"],0],["cc.JsonAsset",["_name","json"],1]],[[2,0,1,2,4],[3,0,1,3]],[[[[0,"ರಣೆ",".mp3",0.648],-1],0,0,[],[],[]],[[[0,"ಹಾಡು",".mp3",0.72],-1],0,0,[],[],[]],[[{"name":"celebration","rect":[0,0,800,533],"offset":[0,0],"originalSize":[800,533],"capInsets":[0,0,0,0]}],[0],0,[0],[0],[0]],[[[0,"ಸಮಾರಂಭ",".mp3",1.008],-1],0,0,[],[],[]],[["0,9729,9729,33071,33071,0,0,1",-1],[1],0,[],[],[]],[[[0,"ಪುಟಾಣಿ",".mp3",0.792],-1],0,0,[],[],[]],[["0,9729,9729,33071,33071,0,0,1",-1],[1],0,[],[],[]],[[[0,"ಆಚ",".mp3",0.696],-1],0,0,[],[],[]],[[[0,"ದೇಶ",".mp3",0.744],-1],0,0,[],[],[]],[["0,9729,9729,33071,33071,0,0,1",-1],[1],0,[],[],[]],[["0,9729,9729,33071,33071,0,0,1",-1],[1],0,[],[],[]],[[{"name":"affection","rect":[0,0,800,533],"offset":[0,0],"originalSize":[800,533],"capInsets":[0,0,0,0]}],[0],0,[0],[0],[1]],[["0,9729,9729,33071,33071,0,0,1",-1],[1],0,[],[],[]],[[{"name":"nation","rect":[0,0,800,618],"offset":[0,0],"originalSize":[800,618],"capInsets":[0,0,0,0]}],[0],0,[0],[0],[2]],[[{"name":"write","rect":[0,0,800,600],"offset":[0,0],"originalSize":[800,600],"capInsets":[0,0,0,0]}],[0],0,[0],[0],[3]],[[{"name":"office","rect":[0,0,800,666],"offset":[0,0],"originalSize":[800,666],"capInsets":[0,0,0,0]}],[0],0,[0],[0],[4]],[[{"name":"sing","rect":[0,0,800,450],"offset":[0,0],"originalSize":[800,450],"capInsets":[0,0,0,0]}],[0],0,[0],[0],[5]],[[{"name":"tiny","rect":[0,0,516,800],"offset":[0,0],"originalSize":[516,800],"capInsets":[0,0,0,0]}],[0],0,[0],[0],[6]],[["0,9729,9729,33071,33071,0,0,1",-1],[1],0,[],[],[]],[["0,9729,9729,33071,33071,0,0,1",-1],[1],0,[],[],[]],[[[1,"kn2503",{"rows":[["spelldoor","1","Description","ದೇಶ","ದೇ*","0","0","nation.png","ದೇಶ.mp3"],["spelldoor","1","Description","ಪುಟಾಣಿ","***","0","0","tiny.png","ಪುಟಾಣಿ.mp3"],["rocket","1","Description","ಮಮತೆ","ಮ,ಮ,ತೆ","ಮ,ಮ,ತೆ","ಮಮತೆ.mp3","affection.png","False","False"],["openwindow","1","Description","LEGIT","ಹಾ,ಡು","sing.png","write.png","ಹಾಡು.mp3","ಹಾ,ಡು"],["phonictractor","1","Description","4","ಆಚರಣೆ","ಆಚರಣೆ.mp3","ಆಚ","ಆಚ.mp3","ರಣೆ","ರಣೆ.mp3"],["openwindow","1","Description","LEGIT","ಸ,ಮಾ,ರಂ,ಭ","celebration.png","office.png","ಸಮಾರಂಭ.mp3","ಸ,ಮಾ,ರಂ,ಭ"],["quizliteracy","1","Description","image_word","ಪುಟಾಣಿ","ದೇಶ","ಪುಟಾಣಿ","ಮಮತೆ","tiny.png","","ಪುಟಾಣಿ.mp3"],["quizliteracy","1","Description","soundonly_word","ದೇಶ","ಮಮತೆ","ಹೂವು","ದೇಶ","","","ದೇಶ.mp3"],["quizliteracy","1","Description","word_word","ಹಾ","ರಾ","ಹಾ","ಪಾ","","__ಡು","ಹಾಡು.mp3"]]}]],0,0,[],[],[]],[[[0,"ಮಮತೆ",".mp3",0.744],-1],0,0,[],[],[]],[[[0,"ಆಚರಣೆ",".mp3",0.912],-1],0,0,[],[],[]]]]