[1,["68+XEYlBlMkbeRqNZim8Uf","fePB5vo6xEbZ5tmYyU/zcO","55TIR4IAVABqvKu6fJ2Uxb"],["_textureSetter"],["cc.Texture2D","cc.SpriteFrame",["cc.AudioClip",["_name","_native","duration"],0],["cc.JsonAsset",["_name","json"],1]],[[2,0,1,2,4],[3,0,1,3]],[[[[0,"umbrella",".mp3",1.2],-1],0,0,[],[],[]],[[[0,"u",".mp3",0.936],-1],0,0,[],[],[]],[["0,9729,9729,33071,33071,0,0,1",-1],[0],0,[],[],[]],[[[0,"under",".mp3",0.912],-1],0,0,[],[],[]],[["0,9729,9729,33071,33071,0,0,1",-1],[0],0,[],[],[]],[[{"name":"under","rect":[0,0,685,312],"offset":[0,0],"originalSize":[685,312],"capInsets":[0,0,0,0]}],[1],0,[0],[0],[0]],[[{"name":"up","rect":[0,0,400,333],"offset":[0,0],"originalSize":[400,333],"capInsets":[0,0,0,0]}],[1],0,[0],[0],[1]],[[[0,"up",".mp3",0.696],-1],0,0,[],[],[]],[[{"name":"umbrella","rect":[0,0,400,333],"offset":[0,0],"originalSize":[400,333],"capInsets":[0,0,0,0]}],[1],0,[0],[0],[2]],[[[1,"en0301",{"rows":[["balloonpop","1","Description","2","u","5","u,s,r","u.mp3"],["writeletter","1","Description","u","-"],["writecard","1","Description","u","umbrella","umbrella.png","umbrella.mp3","under","under.png","under.mp3","up","up.png","up.mp3"],["quizliteracy","1","Description","soundonly_word","u","e","i","u","","","u.mp3"],["quizliteracy","1","Description","word_word","u","u","r","c","","u"],["quizliteracy","1","Description","soundonly_word","u","c","u","z","","","u.mp3"]]}]],0,0,[],[],[]],[["0,9729,9729,33071,33071,0,0,1",-1],[0],0,[],[],[]]]]