[1,["b18F01osZOFrXAAsGwoR+j","29rfz6j+NLDJjT95di8P/S","46Qjb2wlJFPLPii5uV4HoM","c1xknEDfFLl7XvdfsIhTP5"],["_textureSetter"],["cc.SpriteFrame","cc.Texture2D",["cc.AudioClip",["_name","_native","duration"],0],["cc.JsonAsset",["_name","json"],1]],[[2,0,1,2,4],[3,0,1,3]],[[[{"name":"sister","rect":[0,0,1200,1000],"offset":[0,0],"originalSize":[1200,1000],"capInsets":[0,0,0,0]}],[0],0,[0],[0],[0]],[["0,9729,9729,33071,33071,0,0,1",-1],[1],0,[],[],[]],[[[0,"baby",".mp3",0.653061],-1],0,0,[],[],[]],[["0,9729,9729,33071,33071,0,0,1",-1],[1],0,[],[],[]],[[[0,"mother",".mp3",0.626939],-1],0,0,[],[],[]],[[[0,"sister",".mp3",1.123265],-1],0,0,[],[],[]],[[{"name":"brother","rect":[247,371,1881,1660],"offset":[-12.5,-1],"originalSize":[2400,2400],"capInsets":[0,0,0,0]}],[0],0,[0],[0],[1]],[[{"name":"mother","rect":[0,0,1200,1000],"offset":[0,0],"originalSize":[1200,1000],"capInsets":[0,0,0,0]}],[0],0,[0],[0],[2]],[["0,9729,9729,33071,33071,0,0,1",-1],[1],0,[],[],[]],[[[0,"grandmother",".mp3",0.992653],-1],0,0,[],[],[]],[["0,9729,9729,33071,33071,0,0,1",-1],[1],0,[],[],[]],[[[0,"father",".mp3",0.888163],-1],0,0,[],[],[]],[[[1,"sl_en2407",{"rows":[["openwindow","1","Description","LEGIT","mother","mother.png","father.png","mother.mp3","abcdefghijklmnopqrstuvwxyz"],["openwindow","1","Description","LEGIT","father","father.png","mother.png","father.mp3","abcdefghijklmnopqrstuvwxyz"],["openwindow","1","Description","LEGIT","grandmother","grandmother.png","grandfather.png","grandmother.mp3","abcdefghijklmnopqrstuvwxyz"],["openwindow","1","Description","LEGIT","grandfather","grandfather.png","grandmother.png","grandfather.mp3","abcdefghijklmnopqrstuvwxyz"],["openwindow","1","Description","LEGIT","baby","baby.png","uncle.png","baby.mp3","abcdefghijklmnopqrstuvwxyz"],["openwindow","1","Description","LEGIT","brother","brother .png","sister.png","brother .mp3","abcdefghijklmnopqrstuvwxyz"],["openwindow","1","Description","LEGIT","sister","sister.png","brother.png","sister.mp3","abcdefghijklmnopqrstuvwxyz"],["quizliteracy","1","Description","image_sentence","mother","mother","brother","baby","mother.png","","mother.mp3"],["quizliteracy","1","Description","image_sentence","baby","grandmother","baby","sister","baby.png","","baby.mp3"],["quizliteracy","1","Description","image_sentence","brother","sister","grandmother","brother","brother .png","","brother .mp3"]]}]],0,0,[],[],[]],[[{"name":"father","rect":[36,36,846,594],"offset":[0,0],"originalSize":[918,666],"capInsets":[0,0,0,0]}],[0],0,[0],[0],[3]],[[[0,"grandfather",".mp3",0.966531],-1],0,0,[],[],[]]]]