[1,["ec8JKIfIVARJnzucotaW7M","d3zhs2AKJGr6QzKX5xBZxw","6aV1s0MVtAcocL6u8x2Glx","3abI3EnFtL5LBMGE+bHUO1","26YuXBiTBPLa+ew9OdyVbf","5cAwQH/xBLSYJK57I4YzuQ"],["_textureSetter"],["cc.SpriteFrame","cc.Texture2D",["cc.JsonAsset",["_name","json"],1],["cc.AudioClip",["_name","_native","duration"],0]],[[3,0,1,2,4],[2,0,1,3]],[[[[1,"kn1603",{"rows":[["spelldoor","1","Description","ಕಾಲ","ಕಾ*","0","1","time.png","ಕಾಲ.mp3"],["spelldoor","1","Description","ತಾತಾ","*ತಾ","0","1","grandfather.png","ತಾತಾ.mp3"],["spelldoor","1","Description","ಡಾಬಾ","**","0","0","dhaba.png","ಡಾಬಾ.mp3"],["spelldoor","1","Description","ಪಾಯಸ","***","0","0","kheer.png","ಪಾಯಸ.mp3"],["phonictractor","1","Description","4","ಚಾಚಾ","ಚಾಚಾ.mp3","ಚಾ","ಚಾ.mp3","ಚಾ","ಚಾ.mp3"],["openwindow","1","Description","LEGIT","ಗಾ,ನ","sing.png","write.png","ಗಾನ.mp3","ಗಾ,ನ"],["phonictractor","1","Description","4","ಟಾಂಟಾಂ","ಟಾಂಟಾಂ.mp3","ಟಾಂ","ಟಾಂ.mp3","ಟಾಂ","ಟಾಂ.mp3"],["quizliteracy","1","Description","soundonly_word","ಡಾಬಾ","ಡಾಬಾ","ಕಾಲ","ತಾತಾ","","","ಡಾಬಾ.mp3"],["quizliteracy","1","Description","image_word","ತಾತಾ","ಕಾಲ","ತಾತಾ","ಡಾಬಾ","grandfather.png"],["quizliteracy","1","Description","word_word","ಪಾ","ರಾ","ಚಾ","ಪಾ","","__ಯಸ","ಪಾಯಸ.mp3"]]}]],0,0,[],[],[]],[[{"name":"write","rect":[0,0,512,384],"offset":[0,0],"originalSize":[512,384],"capInsets":[0,0,0,0]}],[0],0,[0],[0],[0]],[[[0,"ಡಾಬಾ",".mp3",0.72],-1],0,0,[],[],[]],[[{"name":"dhaba","rect":[0,0,512,384],"offset":[0,0],"originalSize":[512,384],"capInsets":[0,0,0,0]}],[0],0,[0],[0],[1]],[["0,9729,9729,33071,33071,0,0,1",-1],[1],0,[],[],[]],[["0,9729,9729,33071,33071,0,0,1",-1],[1],0,[],[],[]],[[[0,"ಗಾನ",".mp3",0.696],-1],0,0,[],[],[]],[[[0,"ಪಾಯಸ",".mp3",0.864],-1],0,0,[],[],[]],[[[0,"ತಾತಾ",".mp3",0.696],-1],0,0,[],[],[]],[["0,9729,9729,33071,33071,0,0,1",-1],[1],0,[],[],[]],[[{"name":"sing","rect":[0,0,395,393],"offset":[0,0],"originalSize":[395,393],"capInsets":[0,0,0,0]}],[0],0,[0],[0],[2]],[[{"name":"grandfather","rect":[0,0,500,406],"offset":[0,0],"originalSize":[500,406],"capInsets":[0,0,0,0]}],[0],0,[0],[0],[3]],[["0,9729,9729,33071,33071,0,0,1",-1],[1],0,[],[],[]],[[[0,"ಚಾ",".mp3",0.6],-1],0,0,[],[],[]],[[{"name":"time","rect":[0,0,512,341],"offset":[0,0],"originalSize":[512,341],"capInsets":[0,0,0,0]}],[0],0,[0],[0],[4]],[[[0,"ಟಾಂಟಾಂ",".mp3",0.816],-1],0,0,[],[],[]],[[[0,"ಚಾಚಾ",".mp3",0.816],-1],0,0,[],[],[]],[["0,9729,9729,33071,33071,0,0,1",-1],[1],0,[],[],[]],[[[0,"ಟಾಂ",".mp3",0.576],-1],0,0,[],[],[]],[[[0,"ಕಾಲ",".mp3",0.672],-1],0,0,[],[],[]],[[{"name":"kheer","rect":[0,0,512,512],"offset":[0,0],"originalSize":[512,512],"capInsets":[0,0,0,0]}],[0],0,[0],[0],[5]],[["0,9729,9729,33071,33071,0,0,1",-1],[1],0,[],[],[]]]]