[1,["b8dlBF+r5D+bqSuewUP/AJ","ccm/fc+pVIBYZ+lPdIFVlZ","9dDxYx4qpHG7iR654xEuv5"],["_textureSetter"],["cc.SpriteFrame","cc.Texture2D",["cc.JsonAsset",["_name","json"],1],["cc.AudioClip",["_name","_native","duration"],0]],[[3,0,1,2,4],[2,0,1,3]],[[[{"name":"toy","rect":[0,0,500,335],"offset":[0,0],"originalSize":[500,335],"capInsets":[0,0,0,0]}],[0],0,[0],[0],[0]],[[{"name":"top","rect":[0,0,300,168],"offset":[0,0],"originalSize":[300,168],"capInsets":[0,0,0,0]}],[0],0,[0],[0],[1]],[[{"name":"train","rect":[0,0,500,332],"offset":[0,0],"originalSize":[500,332],"capInsets":[0,0,0,0]}],[0],0,[0],[0],[2]],[[[1,"en0300",{"rows":[["balloonpop","1","Description","2","t","5","t,s,r","t.mp3"],["writeletter","1","Description","t","-"],["writecard","1","Description","t","toy","toy.png","toy.mp3","top","top.png","top.mp3","train","train.png","train.mp3"],["quizliteracy","1","Description","soundonly_word","t","t","s","z","","","t.mp3"],["quizliteracy","1","Description","word_word","t","t","y","d","","t"],["quizliteracy","1","Description","soundonly_word","t","t","s","v","","","t.mp3"]]}]],0,0,[],[],[]],[[[0,"train",".mp3",0.888],-1],0,0,[],[],[]],[[[0,"toy",".mp3",0.864],-1],0,0,[],[],[]],[["0,9729,9729,33071,33071,0,0,1",-1],[1],0,[],[],[]],[["0,9729,9729,33071,33071,0,0,1",-1],[1],0,[],[],[]],[[[0,"t",".mp3",0.816],-1],0,0,[],[],[]],[["0,9729,9729,33071,33071,0,0,1",-1],[1],0,[],[],[]],[[[0,"top",".mp3",0.768],-1],0,0,[],[],[]]]]