[1,["c5Am9TpAdBmpp7WzJZYxCF","cde3Rq3dhFYZ7hJz3sA65G","86XWHIF09JW7cd24fewpCV","5fVS9oK9hOYJWgIvw6pdp8","9byIZrZH5Hla/Mpkn7NLLk","1eJjTf6SZJbJJawp92xkWh","32YY2OBtpEO7Um3AILPBrP"],["_textureSetter"],["cc.SpriteFrame","cc.Texture2D",["cc.AudioClip",["_name","_native","duration"],0],["cc.JsonAsset",["_name","json"],1]],[[2,0,1,2,4],[3,0,1,3]],[[[[0,"It_is_a_large_airplane",".mp3",2.544],-1],0,0,[],[],[]],[[{"name":"Itisa_stronglion","rect":[0,0,5334,4000],"offset":[0,0],"originalSize":[5334,4000],"capInsets":[0,0,0,0]}],[0],0,[0],[0],[0]],[[[0,"It_is_a_red_ball",".mp3",2.016],-1],0,0,[],[],[]],[["0,9729,9729,33071,33071,0,0,1",-1],[1],0,[],[],[]],[["0,9729,9729,33071,33071,0,0,1",-1],[1],0,[],[],[]],[[{"name":"The_ballbounces","rect":[0,0,1073,772],"offset":[0,0],"originalSize":[1073,772],"capInsets":[0,0,0,0]}],[0],0,[0],[0],[1]],[[[0,"Choose_the_right_one",".mp3",2.064],-1],0,0,[],[],[]],[["0,9729,9729,33071,33071,0,0,1",-1],[1],0,[],[],[]],[[[1,"en2504",{"rows":[["createsentence","1","Description","It/bounces","","The_ballbounces.jpg","It_bounces.mp3"],["createsentence","1","Description","It/eats","","Iteats.jpg","It_eats.mp3"],["createsentence","1","Description","It/grows","","The_plant_is_green.png","It_grows.mp3"],["createsentence","1","Description","It/is/a large/airplane","","Itisa_largeairplane.png","It_is_a_large_airplane.mp3"],["createsentence","1","Description","It/is/a red/ball","","It_is_a_red_ball.png","It_is_a_red_ball.mp3"],["createsentence","1","Description","It/is/a strong/lion","","Itisa_stronglion.jpg","it_is_a_strong_lion.mp3"],["createsentence","1","Description","It/is/a large/airplane","are","Itisa_largeairplane.png","it_is_a_large_airplane.mp3"],["createsentence","1","Description","It/is/a strong/lion","are","Itisa_stronglion.jpg","it_is_a_strong_lion.mp3"],["createsentence","1","Description","It/is/a red/ball","They","It_is_a_red_ball.png","it_is_a_red_ball.mp3"],["createsentence","1","Description","It/swims","","It_swims.png","It_swims.mp3"],["quizliteracy","1","Description","sentence_sentence","it","here","there","it","","Choose the pronoun","Choose_the_right_one.mp3"],["quizliteracy","1","Description","sentence_sentence","It is a red ball","Ram holds the ball","It is a red ball","The cat is playing with the ball.","","Choose the sentence with pronoun.","It_is_a_red_ball.mp3"],["quizliteracy","1","Description","sentence_sentence","It","His","Him","It","","____ is a strong lion. ","it_is_a_strong_lion.mp3"],["quizliteracy","1","Description","sentence_sentence","It","It","They","Him","","____ bounces. ","It_bounces.mp3"],["quizliteracy","1","Description","sentence_sentence","It","Her","It","They","","____ is a large airplane.","It_is_a_large_airplane.mp3"]]}]],0,0,[],[],[]],[[{"name":"Iteats","rect":[0,0,1073,1157],"offset":[0,0],"originalSize":[1073,1157],"capInsets":[0,0,0,0]}],[0],0,[0],[0],[2]],[[{"name":"Itisa_largeairplane","rect":[33,139,734,255],"offset":[0,0],"originalSize":[800,533],"capInsets":[0,0,0,0]}],[0],0,[0],[0],[3]],[["1,9729,9729,33071,33071,0,0,1",-1],[1],0,[],[],[]],[[[0,"It_swims",".mp3",1.464],-1],0,0,[],[],[]],[[{"name":"It_swims","rect":[0,0,800,422],"offset":[0,0],"originalSize":[800,422],"capInsets":[0,0,0,0]}],[0],0,[0],[0],[4]],[[[0,"It_grows",".mp3",1.32],-1],0,0,[],[],[]],[["0,9729,9729,33071,33071,0,0,1",-1],[1],0,[],[],[]],[[[0,"it_is_a_strong_lion",".mp3",2.52],-1],0,0,[],[],[]],[["1,9729,9729,33071,33071,0,0,1",-1],[1],0,[],[],[]],[[[0,"It_eats",".mp3",1.224],-1],0,0,[],[],[]],[["1,9729,9729,33071,33071,0,0,1",-1],[1],0,[],[],[]],[[{"name":"The_plant_is_green","rect":[69,9,662,782],"offset":[0,0],"originalSize":[800,800],"capInsets":[0,0,0,0]}],[0],0,[0],[0],[5]],[[[0,"It_bounces",".mp3",1.704],-1],0,0,[],[],[]],[[{"name":"It_is_a_red_ball","rect":[97,0,606,799],"offset":[0,0.5],"originalSize":[800,800],"capInsets":[0,0,0,0]}],[0],0,[0],[0],[6]]]]