[1,["2bBhGlmPhPJKPom55jSnqT","f4fWRcLiNHP5l7gVLzCZfC","a47x75LjtG8ZzjKez9fIPJ","1c1tMHxB5HU4dARHP043JT","3dBLWy6W5ERokLpxjUL3nd","31wnMqMwJEFLGmTz/Ql0Wq","ea7cCJEqJGU5gULh8EwZbB","16AGGs76BGUoENdvKRn5VU"],["_textureSetter"],["cc.Texture2D","cc.SpriteFrame",["cc.AudioClip",["_name","_native","duration"],0],["cc.JsonAsset",["_name","json"],1]],[[2,0,1,2,4],[3,0,1,3]],[[[[0,"morning",".mp3",0.757551],-1],0,0,[],[],[]],[["0,9729,9729,33071,33071,0,0,1",-1],[0],0,[],[],[]],[[[0,"We_wake_up_early_in_the_morning",".mp3",2.194286],-1],0,0,[],[],[]],[["0,9729,9729,33071,33071,0,0,1",-1],[0],0,[],[],[]],[[{"name":"noon","rect":[0,0,2576,1932],"offset":[0,0],"originalSize":[2576,1932],"capInsets":[0,0,0,0]}],[1],0,[0],[0],[0]],[["0,9729,9729,33071,33071,0,0,1",-1],[0],0,[],[],[]],[["0,9729,9729,33071,33071,0,0,1",-1],[0],0,[],[],[]],[["0,9729,9729,33071,33071,0,0,1",-1],[0],0,[],[],[]],[[[0,"night",".mp3",0.679184],-1],0,0,[],[],[]],[[[1,"sl_en3601",{"rows":[["picturemeaning","1","Description","S","Morning","morning.png","morning.mp3","Noon","noon.png","noon.mp3","Night","night.png","night.mp3"],["picturemeaning","1","Description","P","We wake up early in the morning.","wake_up_early.png","We_wake_up_early_in_the_morning.mp3","We sleep at night","sleep.png","we_sleep_at_night.mp3","We go to school during day.","school.png","we_go_to_school_during_day.mp3"],["createsentence","1","Description","The/sun/rises/in/the/morning.","","morning.png","The_sun_rises_in_the_morning.mp3"],["createsentence","1","Description","The/sun/sets/in/the/evening.","","evening.png","the_sun_sets_in_the_evening.mp3"],["createsentence","1","Description","We/eat/breakfast/in/the/morning.","","breakfast.png","we_eat_breakfast_in_the_morning.mp3"],["quizliteracy","1","Description","image_word","Morning","Noon","Morning","Night","morning.png"],["quizliteracy","1","Description","soundonly_image","breakfast.png","school.png","breakfast.png","sleep.png","","","we_eat_breakfast_in_the_morning.mp3"],["quizliteracy","1","Description","sentence_sentence","wake-up","wake-up","play","go to school","","We _______ early in the morning.","We_wake_up_early_in_the_morning.mp3"]]}]],0,0,[],[],[]],[[{"name":"wake_up_early ","rect":[0,0,509,512],"offset":[0,0],"originalSize":[509,512],"capInsets":[0,0,0,0]}],[1],0,[0],[0],[1]],[[{"name":"night","rect":[0,0,474,512],"offset":[0,0],"originalSize":[474,512],"capInsets":[0,0,0,0]}],[1],0,[0],[0],[2]],[[[0,"we_go_to_school_during_day",".mp3",2.298776],-1],0,0,[],[],[]],[[[0,"The_sun_rises_in_the_morning",".mp3",1.985306],-1],0,0,[],[],[]],[[[0,"we_sleep_at_night",".mp3",1.671837],-1],0,0,[],[],[]],[[[0,"noon",".mp3",0.653061],-1],0,0,[],[],[]],[["0,9729,9729,33071,33071,0,0,1",-1],[0],0,[],[],[]],[[{"name":"school","rect":[59,64,454,304],"offset":[-4,14],"originalSize":[580,460],"capInsets":[0,0,0,0]}],[1],0,[0],[0],[3]],[[[0,"we_eat_breakfast_in_the_morning",".mp3",2.35102],-1],0,0,[],[],[]],[[{"name":"breakfast","rect":[0,0,868,689],"offset":[0,0],"originalSize":[868,689],"capInsets":[0,0,0,0]}],[1],0,[0],[0],[4]],[[[0,"the_sun_sets_in_the_evening",".mp3",2.168163],-1],0,0,[],[],[]],[[{"name":"sleep","rect":[0,0,512,374],"offset":[0,0],"originalSize":[512,374],"capInsets":[0,0,0,0]}],[1],0,[0],[0],[5]],[["0,9729,9729,33071,33071,0,0,1",-1],[0],0,[],[],[]],[["0,9729,9729,33071,33071,0,0,1",-1],[0],0,[],[],[]],[[{"name":"evening","rect":[0,0,299,169],"offset":[0,0],"originalSize":[299,169],"capInsets":[0,0,0,0]}],[1],0,[0],[0],[6]],[[{"name":"morning","rect":[0,0,378,243],"offset":[0,0],"originalSize":[378,243],"capInsets":[0,0,0,0]}],[1],0,[0],[0],[7]]]]