[1,["23dyBeLxJHHIr/i7L3iHE/","d2aD1Ph1BIQb07KMOF7Y3q","46Sn0scbdIDYmszu6DyJSu","16MvJyHrxPG7IAbmTwkm3N"],["_textureSetter"],["cc.Texture2D","cc.SpriteFrame",["cc.AudioClip",["_name","_native","duration"],0],["cc.JsonAsset",["_name","json"],1]],[[2,0,1,2,4],[3,0,1,3]],[[[[0,"ಡೂ",".mp3",0.552],-1],0,0,[],[],[]],[[[1,"kn1805",{"rows":[["phonictractor","1","Description","4","ಚೂರು","ಚೂರು.mp3","ಚೂ","ಚೂ.mp3","ರು","ರು.mp3"],["phonictractor","1","Description","4","ಕಡೂರು","ಕಡೂರು.mp3","ಕ","ಕ.mp3","ಡೂ","ಡೂ.mp3","ರು","ರು.mp3"],["openwindow","1","Description","LEGIT","ಕೂ,ಸು","baby.png","cat.png","ಕೂಸು.mp3","ಕೂ,ಸು"],["spelldoor","1","Description","ಲುಂಗಿ","*ಗಿ","0","0","lungi.png","ಲುಂಗಿ.mp3"],["spelldoor","1","Description","ಗೂಡು","**","0","0","nest.png","ಗೂಡು.mp3"],["quizliteracy","1","Description","word_word","ಚೂ","ಗೂ","ಚೂ","ಊ","","___ರು","ಚೂರು.mp3"],["quizliteracy","1","Description","image_word","ಕೂಸು","ಕೂಸು","ಚೂರು","ಕಡೂರು","baby.png"],["quizliteracy","1","Description","soundonly_word","ಗೂಡು","ಚೂರು","ಕೂಸು","ಗೂಡು","","","ಗೂಡು.mp3"]]}]],0,0,[],[],[]],[["0,9729,9729,33071,33071,0,0,1",-1],[0],0,[],[],[]],[[{"name":"cat","rect":[0,0,512,378],"offset":[0,0],"originalSize":[512,378],"capInsets":[0,0,0,0]}],[1],0,[0],[0],[0]],[["0,9729,9729,33071,33071,0,0,1",-1],[0],0,[],[],[]],[[[0,"ರು",".mp3",0.528],-1],0,0,[],[],[]],[["0,9729,9729,33071,33071,0,0,1",-1],[0],0,[],[],[]],[[[0,"ಕ",".mp3",0.504],-1],0,0,[],[],[]],[[{"name":"baby","rect":[0,0,512,378],"offset":[0,0],"originalSize":[512,378],"capInsets":[0,0,0,0]}],[1],0,[0],[0],[1]],[[[0,"ಚೂ",".mp3",0.6],-1],0,0,[],[],[]],[[[0,"ಗೂಡು",".mp3",0.72],-1],0,0,[],[],[]],[[[0,"ಕೂಸು",".mp3",0.744],-1],0,0,[],[],[]],[[[0,"ಲುಂಗಿ",".mp3",0.744],-1],0,0,[],[],[]],[[{"name":"nest","rect":[0,0,512,426],"offset":[0,0],"originalSize":[512,426],"capInsets":[0,0,0,0]}],[1],0,[0],[0],[2]],[[{"name":"lungi","rect":[0,0,400,365],"offset":[0,0],"originalSize":[400,365],"capInsets":[0,0,0,0]}],[1],0,[0],[0],[3]],[["0,9729,9729,33071,33071,0,0,1",-1],[0],0,[],[],[]],[[[0,"ಕಡೂರು",".mp3",0.816],-1],0,0,[],[],[]],[[[0,"ಚೂರು",".mp3",0.744],-1],0,0,[],[],[]]]]