[1,["0cDFHIpI9GnIXBwb8Tw1V3","dcpkjV1CdEOqQCDMcPnwsH","35D8dYp9RHhrplB3DSzfbm"],["_textureSetter"],["cc.Texture2D","cc.SpriteFrame",["cc.AudioClip",["_name","_native","duration"],0],["cc.JsonAsset",["_name","json"],1]],[[2,0,1,2,4],[3,0,1,3]],[[["0,9729,9729,33071,33071,0,0,1",-1],[0],0,[],[],[]],[[[0,"दप्तर",".mp3",1.17551],-1],0,0,[],[],[]],[[{"name":"schoolbag","rect":[0,0,558,640],"offset":[0,0],"originalSize":[558,640],"capInsets":[0,0,0,0]}],[1],0,[0],[0],[0]],[[[0,"दार",".mp3",0.862041],-1],0,0,[],[],[]],[["0,9729,9729,33071,33071,0,0,1",-1],[0],0,[],[],[]],[[[0,"द",".mp3",0.809796],-1],0,0,[],[],[]],[[[1,"mr0117",{"rows":[["balloonpop","1","Description","2","द","3","द,ण,थ","द.mp3"],["phonictractor","1","Description","5","द","द.mp3","द","द.mp3"],["writeletter","1","Description","द","दप्तर"],["writecard","1","Description","द","दप्तर","schoolbag.png","दप्तर.mp3","दार","door.png","दार.mp3","दगड","stone.png","दगड.mp3"],["quizliteracy","1","Description","soundonly_word","द","द","ट","ऐ","","","द.mp3"],["quizliteracy","1","Description","word_word","द","ट","द","प","","द"],["quizliteracy","1","Description","soundonly_word","द","द","ट","ऐ","","","द.mp3"]]}]],0,0,[],[],[]],[[{"name":"door","rect":[0,0,461,615],"offset":[0,0],"originalSize":[461,615],"capInsets":[0,0,0,0]}],[1],0,[0],[0],[1]],[[[0,"दगड",".mp3",1.044898],-1],0,0,[],[],[]],[["0,9729,9729,33071,33071,0,0,1",-1],[0],0,[],[],[]],[[{"name":"stone","rect":[0,0,640,480],"offset":[0,0],"originalSize":[640,480],"capInsets":[0,0,0,0]}],[1],0,[0],[0],[2]]]]