[1,["10qkH0jnZHfIEc25rcqUps","b69xJWV2lDCKArS5hFCXSm","e2MgVGMvRESJe5P1E8TF1n","6cJSwuEedF05Trx1jIlIIS","69PvJJva1CP5NrOmU1QCQI","22b6W9zC5G3oARlyf1+Xd4","b6xacu2YtMnYXOBHcw/KFm","fdav+38cNKFKqwZZfFUfiX"],["_textureSetter"],["cc.SpriteFrame","cc.Texture2D",["cc.AudioClip",["_name","_native","duration"],0],["cc.JsonAsset",["_name","json"],1]],[[2,0,1,2,4],[3,0,1,3]],[[[{"name":"one_cow","rect":[30,85,466,335],"offset":[7,-1],"originalSize":[512,503],"capInsets":[0,0,0,0]}],[0],0,[0],[0],[0]],[[{"name":"three_books","rect":[22,62,624,528],"offset":[-0.5,2.5],"originalSize":[669,657],"capInsets":[0,0,0,0]}],[0],0,[0],[0],[1]],[[{"name":"two_girls","rect":[51,82,567,459],"offset":[0,17],"originalSize":[669,657],"capInsets":[0,0,0,0]}],[0],0,[0],[0],[2]],[["0,9729,9729,33071,33071,0,0,1",-1],[1],0,[],[],[]],[["0,9729,9729,33071,33071,0,0,1",-1],[1],0,[],[],[]],[[[0,"eight_crows",".mp3",2.76898],-1],0,0,[],[],[]],[[[0,"two_girls",".mp3",2.377143],-1],0,0,[],[],[]],[[{"name":"seven_apples","rect":[73,38,513,594],"offset":[-5,-6.5],"originalSize":[669,657],"capInsets":[0,0,0,0]}],[0],0,[0],[0],[3]],[["0,9729,9729,33071,33071,0,0,1",-1],[1],0,[],[],[]],[["0,9729,9729,33071,33071,0,0,1",-1],[1],0,[],[],[]],[[{"name":"four_erasers","rect":[39,55,590,551],"offset":[-0.5,-2],"originalSize":[669,657],"capInsets":[0,0,0,0]}],[0],0,[0],[0],[4]],[[{"name":"nine_pens","rect":[15,148,640,373],"offset":[0.5,-6],"originalSize":[669,657],"capInsets":[0,0,0,0]}],[0],0,[0],[0],[5]],[[{"name":"six_cats","rect":[13,123,642,411],"offset":[-0.5,0],"originalSize":[669,657],"capInsets":[0,0,0,0]}],[0],0,[0],[0],[6]],[[[0,"four_erasers",".mp3",1.567347],-1],0,0,[],[],[]],[[[1,"sl_en3501",{"rows":[["createsentence","1","Description","Seven/apples","Six","seven_apples.png","seven_apples.mp3"],["createsentence","1","Description","Two/girls","Three","two_girls.png","two_girls.mp3"],["createsentence","1","Description","Six/cats","Five","six_cats.png","six_cats.mp3"],["createsentence","1","Description","Eight/crows","Seven","eight_crows.png","eight_crows.mp3"],["createsentence","1","Description","One/cow","Two","one_cow.png","one_cow.mp3"],["createsentence","1","Description","Nine/pens","Eight","nine_pens.png","nine_pens.mp3"],["createsentence","1","Description","Four/erasers","Five","four_erasers.png","four_erasers.mp3"],["createsentence","1","Description","Three/books","Four","three_books.png","three_books.mp3"],["quizliteracy","1","Description","image_sentence","Two girls.","One girl.","Three girls.","Two girls.","two_girls.png","","two_girls.mp3"],["quizliteracy","1","Description","image_sentence","Eight crows.","Seven crows.","Eight crows.","Nine crows.","eight_crows.png","","eight_crows.mp3"],["quizliteracy","1","Description","image_sentence","Four erasers.","Four erasers.","Three erasers.","Five erasers.","four_erasers.png","","four_erasers.mp3"]]}]],0,0,[],[],[]],[[[0,"three_books",".mp3",1.462857],-1],0,0,[],[],[]],[["0,9729,9729,33071,33071,0,0,1",-1],[1],0,[],[],[]],[["0,9729,9729,33071,33071,0,0,1",-1],[1],0,[],[],[]],[[[0,"seven_apples",".mp3",1.906939],-1],0,0,[],[],[]],[[{"name":"eight_crows","rect":[7,95,656,406],"offset":[0.5,30.5],"originalSize":[669,657],"capInsets":[0,0,0,0]}],[0],0,[0],[0],[7]],[[[0,"nine_pens",".mp3",2.194286],-1],0,0,[],[],[]],[["0,9729,9729,33071,33071,0,0,1",-1],[1],0,[],[],[]],[[[0,"one_cow",".mp3",1.880816],-1],0,0,[],[],[]],[[[0,"six_cats",".mp3",1.985306],-1],0,0,[],[],[]],[["0,9729,9729,33071,33071,0,0,1",-1],[1],0,[],[],[]]]]