[1,["9eL76fco5PHZfnFjehWJn2","acJF4no/JJ35w6c85p0i7b","38Rp36n35FvaZDNTJX9rpc","18AwLhOZBCXY40kZ4Y9k8Z","d8AKczII9A54WYfCIsTLR1","88DprLVm1JCqsKiFnamzHg"],["_textureSetter"],["cc.Texture2D","cc.SpriteFrame",["cc.AudioClip",["_name","_native","duration"],0],["cc.JsonAsset",["_name","json"],1]],[[2,0,1,2,4],[3,0,1,3]],[[["0,9729,9729,33071,33071,0,0,1",-1],[0],0,[],[],[]],[["0,9729,9729,33071,33071,0,0,1",-1],[0],0,[],[],[]],[[[0,"ಅವನ ಪಟ",".mp3",0.96],-1],0,0,[],[],[]],[[[0,"ಅವನ_ಪಟ",".mp3",1.464],-1],0,0,[],[],[]],[[[1,"kn0508",{"rows":[["createsentence","1","Description","ಅವಳ/ಸರ","","hernecklace.png","ಅವಳ ಸರ.mp3"],["createsentence","1","Description","ಅವಳ/ಸರ/ಹವಳದ/ಸರ","","coralnecklace.png","ಅವಳ ಸರ ಹವಳದ ಸರ.mp3"],["createsentence","1","Description","ತರತರದ_ಹವಳದ_ಸರ","","differentcoralnecklaces.png","ತರತರದ ಹವಳದ ಸರ.mp3"],["createsentence","1","Description","ಅವನ/ಪಟ","","hiskite.png","ಅವನ_ಪಟ.mp3"],["createsentence","1","Description","ಅವನ/ಪಟ/ತರತರದ/ಪಟ","","differentkites.png","ಅವನ ಪಟ ತರತರದ ಪಟ.mp3"],["createsentence","1","Description","ತರತರದ/ಪಟ/ಬಹಳ/ಅಗಲ","","broadkite.png","ತರತರದ ಪಟ ಬಹಳ ಅಗಲ.mp3"],["quizliteracy","1","Description","soundonly_sentence","ಅವಳ ಸರ","ಜಲದ ನಳ","ಅವಳ ಸರ","ಅವನ ಪಟ","","","ಅವಳ ಸರ.mp3"],["quizliteracy","1","Description","sentence_sentence","ಅವನ ಪಟ","ಅವನ ಪಟ","ಅಬರ ರಟ","ಪರಳ ಫಟಾ","","ಸರಿಯಾದದನ್ನು ಆರಿಸಿ","ಅವನ ಪಟ.mp3"],["quizliteracy","1","Description","image_sentence","ಅವಳ ಸರ ಹವಳದ ಸರ","ಅವಳ ಸರ ಹವಳದ ಸರ","ಅವನ ಪಟ","ಜಲದ ನಳ","differentcoralnecklaces.png","","ಅವಳ ಸರ ಹವಳದ ಸರ.mp3"]]}]],0,0,[],[],[]],[[[0,"ಸರಿಯಾದದನ್ನು ಆರಿಸಿ",".mp3",1.704],-1],0,0,[],[],[]],[["0,9729,9729,33071,33071,0,0,1",-1],[0],0,[],[],[]],[[[0,"ತರತರದ ಹವಳದ ಸರ",".mp3",1.632],-1],0,0,[],[],[]],[[{"name":"coralnecklace","rect":[0,0,800,533],"offset":[0,0],"originalSize":[800,533],"capInsets":[0,0,0,0]}],[1],0,[0],[0],[0]],[["0,9729,9729,33071,33071,0,0,1",-1],[0],0,[],[],[]],[[[0,"ತರತರದ ಪಟ ಬಹಳ ಅಗಲ",".mp3",1.848],-1],0,0,[],[],[]],[[{"name":"hiskite","rect":[0,0,800,533],"offset":[0,0],"originalSize":[800,533],"capInsets":[0,0,0,0]}],[1],0,[0],[0],[1]],[["0,9729,9729,33071,33071,0,0,1",-1],[0],0,[],[],[]],[[[0,"ಅವನ ಪಟ ತರತರದ ಪಟ",".mp3",1.728],-1],0,0,[],[],[]],[[{"name":"broadkite","rect":[0,0,600,800],"offset":[0,0],"originalSize":[600,800],"capInsets":[0,0,0,0]}],[1],0,[0],[0],[2]],[[{"name":"differentkites","rect":[0,0,800,600],"offset":[0,0],"originalSize":[800,600],"capInsets":[0,0,0,0]}],[1],0,[0],[0],[3]],[["0,9729,9729,33071,33071,0,0,1",-1],[0],0,[],[],[]],[[{"name":"hernecklace","rect":[0,0,533,800],"offset":[0,0],"originalSize":[533,800],"capInsets":[0,0,0,0]}],[1],0,[0],[0],[4]],[[{"name":"differentcoralnecklaces","rect":[0,0,800,533],"offset":[0,0],"originalSize":[800,533],"capInsets":[0,0,0,0]}],[1],0,[0],[0],[5]],[[[0,"ಅವಳ ಸರ",".mp3",0.912],-1],0,0,[],[],[]],[[[0,"ಅವಳ ಸರ ಹವಳದ ಸರ",".mp3",1.608],-1],0,0,[],[],[]]]]