[1,["e9S+1QZYxJH75Xgn7zSoL6","b0ezuyptdNxJ90RKeodpzn","a6sfnUoDxBV7hhtOQLl8bZ","45AORjKSJBWInANHoIXHyg","6fadOifcNOCLFP3Qcrifow","7dsgDFvC9EPbpOqh3wTzSk","49ZWiDoHFAN6wWeHDgKo9E","10bwc2XuFHo5FnpvF/xUIi"],["_textureSetter"],["cc.SpriteFrame","cc.Texture2D",["cc.AudioClip",["_name","_native","duration"],0],["cc.JsonAsset",["_name","json"],1]],[[2,0,1,2,4],[3,0,1,3]],[[[{"name":"snake","rect":[0,0,800,535],"offset":[0,0],"originalSize":[800,535],"capInsets":[0,0,0,0]}],[0],0,[0],[0],[0]],[[{"name":"tambourine","rect":[0,0,497,500],"offset":[0,0],"originalSize":[497,500],"capInsets":[0,0,0,0]}],[0],0,[0],[0],[1]],[["0,9729,9729,33071,33071,0,0,1",-1],[1],0,[],[],[]],[[{"name":"farmer","rect":[0,0,500,333],"offset":[0,0],"originalSize":[500,333],"capInsets":[0,0,0,0]}],[0],0,[0],[0],[2]],[[[0,"ನೌಕೆ",".mp3",0.744],-1],0,0,[],[],[]],[["0,9729,9729,33071,33071,0,0,1",-1],[1],0,[],[],[]],[[{"name":"boat","rect":[0,0,640,800],"offset":[0,0],"originalSize":[640,800],"capInsets":[0,0,0,0]}],[0],0,[0],[0],[3]],[["0,9729,9729,33071,33071,0,0,1",-1],[1],0,[],[],[]],[[[0,"ಕುದುರೆ",".mp3",0.72],-1],0,0,[],[],[]],[["0,9729,9729,33071,33071,0,0,1",-1],[1],0,[],[],[]],[[{"name":"monkey","rect":[0,0,800,533],"offset":[0,0],"originalSize":[800,533],"capInsets":[0,0,0,0]}],[0],0,[0],[0],[4]],[[[0,"ಶಂಖ",".mp3",0.816],-1],0,0,[],[],[]],[["0,9729,9729,33071,33071,0,0,1",-1],[1],0,[],[],[]],[["0,9729,9729,33071,33071,0,0,1",-1],[1],0,[],[],[]],[["0,9729,9729,33071,33071,0,0,1",-1],[1],0,[],[],[]],[[{"name":"ship","rect":[0,0,500,281],"offset":[0,0],"originalSize":[500,281],"capInsets":[0,0,0,0]}],[0],0,[0],[0],[5]],[[[0,"ರೈತ",".mp3",0.72],-1],0,0,[],[],[]],[[[1,"kn2409",{"rows":[["spelldoor","1","Description","ಕುದುರೆ","***","0","0","horse.png","ಕುದುರೆ.mp3"],["spelldoor","1","Description","ತಮಟೆ","***","0","0","tambourine.png","ತಮಟೆ.mp3"],["spelldoor","1","Description","ಶಂಖ","**","0","0","shell.png","ಶಂಖ.mp3"],["spelldoor","1","Description","ಹಾವು","**","0","0","snake.png","ಹಾವು.mp3"],["spelldoor","1","Description","ರೈತ","**","0","0","farmer.png","ರೈತ.mp3"],["spelldoor","1","Description","ಕೋತಿ","**","0","0","monkey.png","ಕೋತಿ.mp3"],["spelldoor","1","Description","ನೌಕೆ","**","0","0","ship.png","ನೌಕೆ.mp3"],["quizliteracy","1","Description","word_word","ಶಂ","ಅಂ","ಕಂ","ಶಂ","","__ಖ","ಶಂಖ.mp3"],["quizliteracy","1","Description","image_word","ಹಾವು","ಹಾವು","ಶಂಖ","ನೌಕೆ","snake.png","","ಹಾವು.mp3"],["quizliteracy","1","Description","soundonly_word","ರೈತ","ಶಂಖ","ನೌಕೆ","ರೈತ","","","ರೈತ.mp3"]]}]],0,0,[],[],[]],[[{"name":"shell","rect":[0,0,800,530],"offset":[0,0],"originalSize":[800,530],"capInsets":[0,0,0,0]}],[0],0,[0],[0],[6]],[[[0,"ಹಾವು",".mp3",0.72],-1],0,0,[],[],[]],[["0,9729,9729,33071,33071,0,0,1",-1],[1],0,[],[],[]],[[[0,"ಕೋತಿ",".mp3",0.72],-1],0,0,[],[],[]],[[{"name":"horse","rect":[0,0,527,800],"offset":[0,0],"originalSize":[527,800],"capInsets":[0,0,0,0]}],[0],0,[0],[0],[7]],[[[0,"ತಮಟೆ",".mp3",0.744],-1],0,0,[],[],[]]]]