[1,["0eLAUps1pBMaTRqXndF9bk"],["_textureSetter"],["cc.Texture2D","cc.SpriteFrame",["cc.AudioClip",["_name","_native","duration"],0],["cc.JsonAsset",["_name","json"],1]],[[2,0,1,2,4],[3,0,1,3]],[[[[0,"mug",".mp3",0.653061],-1],0,0,[],[],[]],[["0,9729,9729,33071,33071,0,0,1",-1],[0],0,[],[],[]],[[{"name":"drum","rect":[0,0,1200,1000],"offset":[0,0],"originalSize":[1200,1000],"capInsets":[0,0,0,0]}],[1],0,[0],[0],[0]],[[[0,"sum",".mp3",0.679184],-1],0,0,[],[],[]],[[[0,"gum",".mp3",0.600816],-1],0,0,[],[],[]],[[[0,"jug",".mp3",0.653061],-1],0,0,[],[],[]],[[[0,"drum",".mp3",0.679184],-1],0,0,[],[],[]],[[[0,"play",".mp3",0.809796],-1],0,0,[],[],[]],[[[0,"five",".mp3",0.835918],-1],0,0,[],[],[]],[[[1,"sl_en1505",{"rows":[["grid","1","Description","g","ay,um,ut"],["grid","1","Description","f","ace,ive,ume"],["grid","1","Description","pr,pl","ay,um"],["rocket","1","Description","drum","dr,um","dr,um","drum.mp3","drum.png","false","false"],["grid","1","Description","m","ule,ice,ade"],["grid","1","Description","j,m","ean,ug,ust"],["quizliteracy","1","Description","word_word","um","ub","um","ot","","g__","gum.mp3"],["quizliteracy","1","Description","word_word","um","um","ir","ub","","dr__","drum.mp3"],["quizliteracy","1","Description","word_word","um","op","ub","um","","s__","sum.mp3"]]}]],0,0,[],[],[]],[[[0,"made",".mp3",0.731429],-1],0,0,[],[],[]],[[[0,"face",".mp3",0.809796],-1],0,0,[],[],[]]]]