[1,["bbRGqoOLNHdpEssD3GY8iN","164Yhf3KRAcpAvitTXL+nG","0aktTE2gVEx660wZUrPGzB","1d0O8KTXNIB6amWWboLlJU","9bn0Mz09dAuq+QlqbsiXv4","01HCYxjUhNq7opAcB7pofS","a6TosRrnxHSK7AatyTWUKv","83kzIL0z1Am66vHdvEZjuI","cbBo85BXhJi7R+VfIs5cXD","c80Njj1JpInIVKeDBt0aj6","9aa/Wu20VMFLViPQZv/fPe","27xgVdqQNGOLU1RLd6szQS"],["_textureSetter"],["cc.Texture2D","cc.SpriteFrame",["cc.AudioClip",["_name","_native","duration"],0],["cc.JsonAsset",["_name","json"],1]],[[2,0,1,2,4],[3,0,1,3]],[[["0,9729,9729,33071,33071,0,0,1",-1],[0],0,[],[],[]],[[[0,"मंदिर",".mp3",0.731429],-1],0,0,[],[],[]],[["0,9729,9729,33071,33071,0,0,1",-1],[0],0,[],[],[]],[[[0,"कुलूप",".mp3",0.672],-1],0,0,[],[],[]],[["0,9729,9729,33071,33071,0,0,1",-1],[0],0,[],[],[]],[["0,9729,9729,33071,33071,0,0,1",-1],[0],0,[],[],[]],[[[0,"महिला",".mp3",0.96],-1],0,0,[],[],[]],[[{"name":"woman","rect":[0,0,640,640],"offset":[0,0],"originalSize":[640,640],"capInsets":[0,0,0,0]}],[1],0,[0],[0],[0]],[["0,9729,9729,33071,33071,0,0,1",-1],[0],0,[],[],[]],[[{"name":"birds","rect":[0,0,640,427],"offset":[0,0],"originalSize":[640,427],"capInsets":[0,0,0,0]}],[1],0,[0],[0],[1]],[[[0,"मुळू",".mp3",0.600816],-1],0,0,[],[],[]],[[{"name":"man","rect":[0,0,640,640],"offset":[0,0],"originalSize":[640,640],"capInsets":[0,0,0,0]}],[1],0,[0],[0],[2]],[[{"name":"dog","rect":[0,0,640,480],"offset":[0,0],"originalSize":[640,480],"capInsets":[0,0,0,0]}],[1],0,[0],[0],[3]],[[[0,"गरिबी",".mp3",0.862041],-1],0,0,[],[],[]],[[[0,"भूक",".mp3",0.600816],-1],0,0,[],[],[]],[[[1,"mr3406",{"rows":[["phonictractor","1","Description","5","हळूहळू","हळूहळू.mp3","हळू","हळू.mp3","हळू","हळू.mp3"],["phonictractor","1","Description","5","मुळूमुळू","मुळूमुळू.mp3","मुळू","मुळू.mp3","मुळू","मुळू.mp3"],["spelldoor","1","Description","कणीक","कणी*","0","0","dough.png","कणीक.mp3"],["openwindow","1","Description","LEGIT","महिला","woman.png","man.png","महिला.mp3","महिला"],["rocket","1","Description","भूक","भू,क","भू,क","भूक.mp3","hunger.png","False","False"],["spelldoor","1","Description","पूर","*र","0","0","flood.png","पूर.mp3"],["openwindow","1","Description","LEGIT","पाखरू","birds.png","dog.png","पाखरू.mp3","पाखरू"],["rocket","1","Description","अंकुर","अं,कु,र","अं,कु,र","अंकुर.mp3","sprouts.png","False","False"],["spelldoor","1","Description","हुतूतू","*तूतू","0","0","hututu.png","हुतूतू.mp3"],["openwindow","1","Description","LEGIT","कुलूप","lock.png","bird.png","कुलूप.mp3","कुलूप"],["quizliteracy","1","Description","word_word","र","प","र","क","","मंदि__","मंदिर.mp3"],["quizliteracy","1","Description","soundonly_word","गरिबी","किती","चिमणी","गरिबी","","","गरिबी.mp3"],["quizliteracy","1","Description","image_word","उंदीर","उंदीर","बारीक","माहिती","mouse.png"]]}]],0,0,[],[],[]],[[{"name":"lock","rect":[34,23,388,593],"offset":[-0.5,0.5],"originalSize":[457,640],"capInsets":[0,0,0,0]}],[1],0,[0],[0],[4]],[[{"name":"dough","rect":[0,0,640,413],"offset":[0,0],"originalSize":[640,413],"capInsets":[0,0,0,0]}],[1],0,[0],[0],[5]],[[{"name":"sprouts","rect":[0,0,640,480],"offset":[0,0],"originalSize":[640,480],"capInsets":[0,0,0,0]}],[1],0,[0],[0],[6]],[["0,9729,9729,33071,33071,0,0,1",-1],[0],0,[],[],[]],[["0,9729,9729,33071,33071,0,0,1",-1],[0],0,[],[],[]],[[{"name":"hunger","rect":[14,2,550,630],"offset":[-2,3],"originalSize":[582,640],"capInsets":[0,0,0,0]}],[1],0,[0],[0],[7]],[["0,9729,9729,33071,33071,0,0,1",-1],[0],0,[],[],[]],[[{"name":"bird","rect":[0,0,640,427],"offset":[0,0],"originalSize":[640,427],"capInsets":[0,0,0,0]}],[1],0,[0],[0],[8]],[["0,9729,9729,33071,33071,0,0,1",-1],[0],0,[],[],[]],[[[0,"पाखरू",".mp3",0.768],-1],0,0,[],[],[]],[[[0,"हुतूतू",".mp3",0.914286],-1],0,0,[],[],[]],[[[0,"कणीक",".mp3",0.600816],-1],0,0,[],[],[]],[[[0,"अंकुर",".mp3",0.888163],-1],0,0,[],[],[]],[[{"name":"hututu","rect":[0,113,600,373],"offset":[0,0.5],"originalSize":[600,600],"capInsets":[0,0,0,0]}],[1],0,[0],[0],[9]],[[{"name":"flood","rect":[0,0,640,480],"offset":[0,0],"originalSize":[640,480],"capInsets":[0,0,0,0]}],[1],0,[0],[0],[10]],[["0,9729,9729,33071,33071,0,0,1",-1],[0],0,[],[],[]],[["0,9729,9729,33071,33071,0,0,1",-1],[0],0,[],[],[]],[[[0,"मुळूमुळू",".mp3",0.992653],-1],0,0,[],[],[]],[["0,9729,9729,33071,33071,0,0,1",-1],[0],0,[],[],[]],[[[0,"हळू",".mp3",0.626939],-1],0,0,[],[],[]],[[[0,"पूर",".mp3",0.600816],-1],0,0,[],[],[]],[[[0,"हळूहळू",".mp3",0.966531],-1],0,0,[],[],[]],[[{"name":"mouse","rect":[0,0,640,425],"offset":[0,0],"originalSize":[640,425],"capInsets":[0,0,0,0]}],[1],0,[0],[0],[11]]]]