[1,["89tsfIC4dMopHlEg8eCMUz","ff+k7fLjNLg4OgKzJpED56","1d5aSpM3pE8pvsXZPJEqqL","9dckBJHalKLJxCXnQNDNp+","b36owf7bBIlJ2Ii6Fbq7cJ","faoq9nrHRFLaP9DTOf07UJ","eaLmLOTepOn7Bczc5pXP4G"],["_textureSetter"],["cc.Texture2D","cc.SpriteFrame",["cc.JsonAsset",["_name","json"],1],["cc.AudioClip",["_name","_native","duration"],0]],[[3,0,1,2,4],[2,0,1,3]],[[[[1,"sl_en2610",{"rows":[["createsentence","1","Description","Wake/up/early.","","wake_up_early.png","wake_up_early.mp3"],["createsentence","1","Description","Brush/your/teeth.","","brush_your_teeth.png","brush_your_teeth.mp3"],["createsentence","1","Description","Have/bath.","","have_bath.png","have_bath.mp3"],["createsentence","1","Description","Wear/your/clothes.","","wear_your_clothes.png","wear_your_clothes.mp3"],["createsentence","1","Description","Comb/your/hair.","","comb_your_hair.png","comb_your_hair.mp3"],["createsentence","1","Description","Eat/breakfast.","","eat_breakfast.png","eat_breakfast.mp3"],["createsentence","1","Description","Go/to/school.","","go_to_school.png","go_to_school.mp3"],["quizliteracy","1","Description","sentence_sentence","early","early","late","never","","Wake up _____","wake_up_early.mp3"],["quizliteracy","1","Description","sentence_sentence","Wear","tear","Wear","bear","","____ your clothes.","wear_your_clothes.mp3"],["quizliteracy","1","Description","sentence_sentence","Eat","drink","Eat","throw","","___ breakfast.","eat_breakfast.mp3"]]}]],0,0,[],[],[]],[["0,9729,9729,33071,33071,0,0,1",-1],[0],0,[],[],[]],[[{"name":"wake_up_early ","rect":[0,0,255,256],"offset":[0,0],"originalSize":[255,256],"capInsets":[0,0,0,0]}],[1],0,[0],[0],[0]],[[[0,"comb_your_hair",".mp3",1.906939],-1],0,0,[],[],[]],[[{"name":"go_to_school ","rect":[0,0,256,256],"offset":[0,0],"originalSize":[256,256],"capInsets":[0,0,0,0]}],[1],0,[0],[0],[1]],[[[0,"brush_your_teeth",".mp3",1.358367],-1],0,0,[],[],[]],[["0,9729,9729,33071,33071,0,0,1",-1],[0],0,[],[],[]],[[{"name":"have_bath ","rect":[0,0,250,256],"offset":[0,0],"originalSize":[250,256],"capInsets":[0,0,0,0]}],[1],0,[0],[0],[2]],[["0,9729,9729,33071,33071,0,0,1",-1],[0],0,[],[],[]],[[[0,"eat_breakfast",".mp3",1.38449],-1],0,0,[],[],[]],[["0,9729,9729,33071,33071,0,0,1",-1],[0],0,[],[],[]],[[{"name":"brush_your_teeth ","rect":[0,0,256,220],"offset":[0,0],"originalSize":[256,220],"capInsets":[0,0,0,0]}],[1],0,[0],[0],[3]],[[{"name":"comb_your_hair","rect":[0,0,262,512],"offset":[0,0],"originalSize":[262,512],"capInsets":[0,0,0,0]}],[1],0,[0],[0],[4]],[[[0,"wake_up_early",".mp3",1.07102],-1],0,0,[],[],[]],[[[0,"wear_your_clothes",".mp3",1.959184],-1],0,0,[],[],[]],[[{"name":"eat_breakfast ","rect":[0,0,234,256],"offset":[0,0],"originalSize":[234,256],"capInsets":[0,0,0,0]}],[1],0,[0],[0],[5]],[["0,9729,9729,33071,33071,0,0,1",-1],[0],0,[],[],[]],[[[0,"have_bath",".mp3",1.358367],-1],0,0,[],[],[]],[[[0,"go_to_school",".mp3",0.940408],-1],0,0,[],[],[]],[[{"name":"wear_your_clothes ","rect":[0,0,170,256],"offset":[0,0],"originalSize":[170,256],"capInsets":[0,0,0,0]}],[1],0,[0],[0],[6]],[["0,9729,9729,33071,33071,0,0,1",-1],[0],0,[],[],[]],[["0,9729,9729,33071,33071,0,0,1",-1],[0],0,[],[],[]]]]