[1,["51zPxLPxNNz7D8LzcO8INd","f0jr3sAApAobRFl/k1Acif","382TBmP/hHTalkr7XEIyy4","1aduFzUkdH1bTF93Mpf5pD","869lGkqvpHSZbWGgCE50C/","f4YvyKT0hJCaoiV6ecy0cC","00JeZnOUBPdYeDorekDaif","deEW4Y7wlGB5GuHJuvUHB4","acnbGEtgFKGYt6eL6QGb8/","femvLZDJNGKYwY3SMSrX+u","13Q3ihwApLLJY0iSWwQcrl","07PyneQcJEP5h81QBlEuP+"],["_textureSetter"],["cc.Texture2D","cc.SpriteFrame",["cc.AudioClip",["_name","_native","duration"],0],["cc.JsonAsset",["_name","json"],1]],[[2,0,1,2,4],[3,0,1,3]],[[["0,9729,9729,33071,33071,0,0,1",-1],[0],0,[],[],[]],[["0,9729,9729,33071,33071,0,0,1",-1],[0],0,[],[],[]],[[{"name":"straw_pen","rect":[0,0,1298,1121],"offset":[0,0],"originalSize":[1298,1121],"capInsets":[0,0,0,0]}],[1],0,[0],[0],[0]],[["0,9729,9729,33071,33071,0,0,1",-1],[0],0,[],[],[]],[["0,9729,9729,33071,33071,0,0,1",-1],[0],0,[],[],[]],[[{"name":"pencil_straw","rect":[0,0,708,531],"offset":[0,0],"originalSize":[708,531],"capInsets":[0,0,0,0]}],[1],0,[0],[0],[1]],[["0,9729,9729,33071,33071,0,0,1",-1],[0],0,[],[],[]],[[[0,"The_house_is_farther_than_the_tree",".mp3",2.403265],-1],0,0,[],[],[]],[[[0,"The_boy_is_taller_than_the_girl",".mp3",2.324898],-1],0,0,[],[],[]],[[[0,"Apple_is_heavier_than_strawberry",".mp3",2.481633],-1],0,0,[],[],[]],[["0,9729,9729,33071,33071,0,0,1",-1],[0],0,[],[],[]],[[[0,"The_pen_is_thicker_than_the_pencil",".mp3",2.324898],-1],0,0,[],[],[]],[[[0,"The_girl_is_shorter_than_the_man",".mp3",2.115918],-1],0,0,[],[],[]],[[[0,"The_straw_is_thinner_than_a_pen",".mp3",2.429388],-1],0,0,[],[],[]],[[[1,"sl_en3802",{"rows":[["picturemeaning","1","Description","P","Apple is heavier than strawberry","apple_strawberry.png","Apple_is_heavier_than_strawberry.mp3","Pumpkin is heavier than apple","pumpkin_apple.png","Pumpkin_is_heavier_than_apple.mp3","Strawberry is lighter than pumpkin","strawberry_pumpkin.png","Strawberry_is_lighter_than_pumpkin.mp3"],["picturemeaning","1","Description","S","A pencil is thicker than a straw","pencil_straw.png","A_pencil_is thicker_than_a_straw.mp3","The straw is thinner than a pen","straw_pen.png","The_straw_is_thinner_than_a_pen.mp3","The pen is thicker than the pencil","pen_pencil.png","The_pen_is_thicker_than_the_pencil.mp3"],["picturemeaning","1","Description","P","The house is farther than the tree","house_tree.png","The_house_is_farther_than_the_tree.mp3","The boy is farther than the car","boy_car.png","The_boy_is_farther_than_the_car.mp3","The car is nearer than the tree","car_tree.png","The_car_is_nearer_than_the_tree.mp3"],["picturemeaning","1","Description","P","The boy is taller than the girl","boy_girl.png","The_boy_is_taller_than_the_girl.mp3","The girl is shorter than the man","girl_man.png","The_girl_is_shorter_than_the_man.mp3","The man is taller than the boy","man_boy.png","The_man_is_taller_than_the_boy.mp3"],["quizliteracy","1","Description","image_word","Pumpkin is heavier than apple","Apple is heavier than strawberry","Pumpkin is heavier than apple","Strawberry is lighter than pumpkin","pumpkin_apple.png"],["quizliteracy","1","Description","soundonly_image","man_boy.png","girl_man.png","boy_girl.png","man_boy.png","","","The_man_is_taller_than_the_boy.mp3"],["quizliteracy","1","Description","sentence_sentence","thicker","thicker","softer","thinner","","A pencil is __________ than a straw","A_pencil_is thicker_than_a_straw.mp3"]]}]],0,0,[],[],[]],[[{"name":"car_tree","rect":[0,0,1824,1345],"offset":[0,0],"originalSize":[1824,1345],"capInsets":[0,0,0,0]}],[1],0,[0],[0],[2]],[[{"name":"boy_girl","rect":[0,0,688,689],"offset":[0,0],"originalSize":[688,689],"capInsets":[0,0,0,0]}],[1],0,[0],[0],[3]],[[{"name":"house_tree","rect":[0,0,765,650],"offset":[0,0],"originalSize":[765,650],"capInsets":[0,0,0,0]}],[1],0,[0],[0],[4]],[[[0,"Pumpkin_is_heavier_than_apple",".mp3",2.586122],-1],0,0,[],[],[]],[["0,9729,9729,33071,33071,0,0,1",-1],[0],0,[],[],[]],[[{"name":"man_boy","rect":[0,0,868,689],"offset":[0,0],"originalSize":[868,689],"capInsets":[0,0,0,0]}],[1],0,[0],[0],[5]],[[[0,"Strawberry_is_lighter_than_pumpkin",".mp3",2.716735],-1],0,0,[],[],[]],[["0,9729,9729,33071,33071,0,0,1",-1],[0],0,[],[],[]],[[{"name":"apple_strawberry","rect":[0,0,1343,1130],"offset":[0,0],"originalSize":[1343,1130],"capInsets":[0,0,0,0]}],[1],0,[0],[0],[6]],[[{"name":"strawberry_pumpkin","rect":[0,0,1680,1096],"offset":[0,0],"originalSize":[1680,1096],"capInsets":[0,0,0,0]}],[1],0,[0],[0],[7]],[[[0,"The_man_is_taller_than_the_boy",".mp3",2.063673],-1],0,0,[],[],[]],[[{"name":"pen_pencil","rect":[0,0,1310,640],"offset":[0,0],"originalSize":[1310,640],"capInsets":[0,0,0,0]}],[1],0,[0],[0],[8]],[[[0,"A_pencil_is thicker_than_a_straw",".mp3",2.272653],-1],0,0,[],[],[]],[[{"name":"boy_car","rect":[147,115,1363,759],"offset":[41,-57.5],"originalSize":[1575,874],"capInsets":[0,0,0,0]}],[1],0,[0],[0],[9]],[[{"name":"pumpkin_apple","rect":[0,0,1680,1096],"offset":[0,0],"originalSize":[1680,1096],"capInsets":[0,0,0,0]}],[1],0,[0],[0],[10]],[["0,9729,9729,33071,33071,0,0,1",-1],[0],0,[],[],[]],[[{"name":"girl_man","rect":[0,0,760,775],"offset":[0,0],"originalSize":[760,775],"capInsets":[0,0,0,0]}],[1],0,[0],[0],[11]],[["0,9729,9729,33071,33071,0,0,1",-1],[0],0,[],[],[]],[["0,9729,9729,33071,33071,0,0,1",-1],[0],0,[],[],[]],[[[0,"The_car_is_nearer_than_the_tree",".mp3",2.377143],-1],0,0,[],[],[]],[[[0,"The_boy_is_farther_than_the_car",".mp3",2.272653],-1],0,0,[],[],[]],[["0,9729,9729,33071,33071,0,0,1",-1],[0],0,[],[],[]]]]