[1,["0c0vLT3f9E8IeJTccHrVYs","98G+Puj61CLqLcXpBr504/","19Q5Ejma1J44tDwoTefK8/"],["_textureSetter"],["cc.Texture2D","cc.SpriteFrame",["cc.JsonAsset",["_name","json"],1],["cc.AudioClip",["_name","_native","duration"],0]],[[3,0,1,2,4],[2,0,1,3]],[[[[1,"mr0121",{"rows":[["balloonpop","1","Description","2","फ","3","न,फ,प","फ.mp3"],["phonictractor","1","Description","5","फ","फ.mp3","फ","फ.mp3"],["writeletter","1","Description","फ","फणस"],["writecard","1","Description","फ","फणस","jackfruit.png","फणस.mp3","फळा","fruit.png","फळा.mp3","फरसान","snacks.png","फरसान.mp3"],["quizliteracy","1","Description","soundonly_word","फ","न","ध","फ","","","फ.mp3"],["quizliteracy","1","Description","word_word","फ","प","फ","न","","फ"],["quizliteracy","1","Description","soundonly_word","फ","न","ध","फ","","","फ.mp3"]]}]],0,0,[],[],[]],[[[0,"फ",".mp3",0.783673],-1],0,0,[],[],[]],[["0,9729,9729,33071,33071,0,0,1",-1],[0],0,[],[],[]],[["0,9729,9729,33071,33071,0,0,1",-1],[0],0,[],[],[]],[[{"name":"fruit","rect":[0,0,640,426],"offset":[0,0],"originalSize":[640,426],"capInsets":[0,0,0,0]}],[1],0,[0],[0],[0]],[[{"name":"jackfruit","rect":[0,0,640,460],"offset":[0,0],"originalSize":[640,460],"capInsets":[0,0,0,0]}],[1],0,[0],[0],[1]],[[[0,"फणस",".mp3",1.044898],-1],0,0,[],[],[]],[["0,9729,9729,33071,33071,0,0,1",-1],[0],0,[],[],[]],[[[0,"फरसान",".mp3",1.097143],-1],0,0,[],[],[]],[[[0,"फळा",".mp3",0.835918],-1],0,0,[],[],[]],[[{"name":"snacks","rect":[0,0,640,428],"offset":[0,0],"originalSize":[640,428],"capInsets":[0,0,0,0]}],[1],0,[0],[0],[2]]]]