[1,["1fPVAStzRA259hmGBly7qq","02NHvuwDxL3pDz/GW2wcHi","b41nVGf7tOuZenqRiTqa+/","4fei/s+7VJiJUYvPQ7qbtk","c3nlQGNZRBmbedYqhfykcc","94a8dkKXhI17B5NdkZ47P2","fay0HA9whOtL7BzD1/XtFm","2fEovuGKhMebiNUl/jVaT/","0079AxtqhM9ISNCBOsPX6f","881O5egYtIQqljNusAZe5p"],["_textureSetter"],["cc.Texture2D","cc.SpriteFrame",["cc.AudioClip",["_name","_native","duration"],0],["cc.JsonAsset",["_name","json"],1]],[[2,0,1,2,4],[3,0,1,3]],[[["0,9729,9729,33071,33071,0,0,1",-1],[0],0,[],[],[]],[["0,9729,9729,33071,33071,0,0,1",-1],[0],0,[],[],[]],[[{"name":"मेघ","rect":[0,0,271,271],"offset":[0,0],"originalSize":[271,271],"capInsets":[0,0,0,0]}],[1],0,[0],[0],[0]],[["0,9729,9729,33071,33071,0,0,1",-1],[0],0,[],[],[]],[[{"name":"करेला","rect":[0,0,193,153],"offset":[0,0],"originalSize":[193,153],"capInsets":[0,0,0,0]}],[1],0,[0],[0],[1]],[[{"name":"तेंदुआ","rect":[0,0,193,153],"offset":[0,0],"originalSize":[193,153],"capInsets":[0,0,0,0]}],[1],0,[0],[0],[2]],[["0,9729,9729,33071,33071,0,0,1",-1],[0],0,[],[],[]],[[{"name":"सफ़ेद","rect":[0,0,193,153],"offset":[0,0],"originalSize":[193,153],"capInsets":[0,0,0,0]}],[1],0,[0],[0],[3]],[[[0,"मेघ",".mp3",0.888163],-1],0,0,[],[],[]],[[{"name":"ट्रंक","rect":[0,0,193,153],"offset":[0,0],"originalSize":[193,153],"capInsets":[0,0,0,0]}],[1],0,[0],[0],[4]],[[[0,"ठठेरा",".mp3",0.888163],-1],0,0,[],[],[]],[["0,9729,9729,33071,33071,0,0,1",-1],[0],0,[],[],[]],[[[0,"जागते",".mp3",1.104],-1],0,0,[],[],[]],[[{"name":"जलेबी","rect":[0,0,193,153],"offset":[0,0],"originalSize":[193,153],"capInsets":[0,0,0,0]}],[1],0,[0],[0],[5]],[["0,9729,9729,33071,33071,0,0,1",-1],[0],0,[],[],[]],[["0,9729,9729,33071,33071,0,0,1",-1],[0],0,[],[],[]],[[[0,"करेला",".mp3",0.862041],-1],0,0,[],[],[]],[["0,9729,9729,33071,33071,0,0,1",-1],[0],0,[],[],[]],[[{"name":"नीला","rect":[0,0,193,153],"offset":[0,0],"originalSize":[193,153],"capInsets":[0,0,0,0]}],[1],0,[0],[0],[6]],[[{"name":"मेंढक","rect":[0,0,193,153],"offset":[0,0],"originalSize":[193,153],"capInsets":[0,0,0,0]}],[1],0,[0],[0],[7]],[[{"name":"किताब","rect":[0,0,193,153],"offset":[0,0],"originalSize":[193,153],"capInsets":[0,0,0,0]}],[1],0,[0],[0],[8]],[[{"name":"ठठेरा","rect":[0,0,370,273],"offset":[0,0],"originalSize":[370,273],"capInsets":[0,0,0,0]}],[1],0,[0],[0],[9]],[["0,9729,9729,33071,33071,0,0,1",-1],[0],0,[],[],[]],[[[0,"तेंदुआ",".mp3",1.044898],-1],0,0,[],[],[]],[[[0,"जेा",".mp3",1.032],-1],0,0,[],[],[]],[[[0,"मेंढक",".mp3",0.783673],-1],0,0,[],[],[]],[[[0,"सफ़ेद",".mp3",0.888163],-1],0,0,[],[],[]],[[[1,"hi0711",{"rows":[["spelldoor","1","Description","जलेबी","ज*बी","2","0","जलेबी.png","जलेबी.mp3"],["spelldoor","1","Description","ठठेरा","ठ*रा","2","0","ठठेरा.png","ठठेरा.mp3"],["rocket","1","Description","सफ़ेद","स,फ़े,द","स,फ़े,द","सफ़ेद.mp3","सफ़ेद.png","false ","true "],["rocket","1","Description","मेघ","मे,घ","मे,घ","मेघ.mp3","मेघ.png","false ","false "],["openwindow","1","Description","LEGIT","तें,दु,आ","तेंदुआ.png","किताब.png","तेंदुआ.mp3","ज,ग,न,ल,फ,छा,ता,र,थ,व,न,घ,ट्र,क,घो,ड़ा,हा,थी,आ,म,स"],["openwindow","1","Description","LEGIT","में,ढ,क","मेंढक.png","जलेबी.png","मेंढक.mp3","ज,ग,न,ल,फ,छा,ता,र,थ,व,न,घ,ट्र,क,घो,ड़ा,हा,थी,आ,म,स"],["openwindow","1","Description","LEGIT","स,फ़े,द","सफ़ेद.png","नीला.png","सफ़ेद.mp3","ज,ग,न,ल,फ,छा,ता,र,थ,व,न,घ,ट्र,क,घो,ड़ा,हा,थी,आ,म,स"],["openwindow","1","Description","LEGIT","क,रे,ला","करेला.png","ट्रंक.png","करेला.mp3","ज,ग,न,ल,फ,छा,ता,र,थ,व,न,घ,ट्र,क,घो,ड़ा,हा,थी,आ,म,स"],["grid","1","Description","जा","ए,गते,ली,ति"],["quizliteracy","1","Description","soundonly_word","करेला","ठठेरा","मेंढक","करेला","","","करेला.mp3"],["quizliteracy","1","Description","image_word","मेंढक","मेंढक","करेला","ठठेरा","मेंढक.png"],["quizliteracy","1","Description","soundonly_word","ठठेरा","करेला","ठठेरा","मेंढक","","","ठठेरा.mp3"]]}]],0,0,[],[],[]],[[[0,"जलेबी",".mp3",0.888163],-1],0,0,[],[],[]],[[[0,"जाति",".mp3",1.008],-1],0,0,[],[],[]],[[[0,"जाली",".mp3",1.008],-1],0,0,[],[],[]],[["0,9729,9729,33071,33071,0,0,1",-1],[0],0,[],[],[]]]]