[1,["3b6dBy/HtNtIMmVRMdlpo0","e6okmoNNZBD5MnoaXwIzEE","del7o9DRBAJ71T/vZhZjaH","13eVmQaT1FiIIipg2KJ8dy","dc13GhkNxEiJ0W2iI3TJsg","a6tY4cDm9GnpxdL74kw9uE"],["_textureSetter"],["cc.SpriteFrame","cc.Texture2D",["cc.AudioClip",["_name","_native","duration"],0],["cc.JsonAsset",["_name","json"],1]],[[2,0,1,2,4],[3,0,1,3]],[[[[0,"These_boots_are_dirty",".mp3",2.232],-1],0,0,[],[],[]],[[[0,"this",".mp3",1.032],-1],0,0,[],[],[]],[[{"name":"l6_grapes","rect":[0,0,868,689],"offset":[0,0],"originalSize":[868,689],"capInsets":[0,0,0,0]}],[0],0,[0],[0],[0]],[[[0,"th",".mp3",0.6],-1],0,0,[],[],[]],[["0,9729,9729,33071,33071,0,0,1",-1],[1],0,[],[],[]],[[[0,"s_phonic",".mp3",1.985306],-1],0,0,[],[],[]],[[[0,"This_shirt_is_dirty",".mp3",2.184],-1],0,0,[],[],[]],[["0,9729,9729,33071,33071,0,0,1",-1],[1],0,[],[],[]],[[[0,"This_is_my_mom",".mp3",1.824],-1],0,0,[],[],[]],[[[0,"These_are_grapes",".mp3",1.872],-1],0,0,[],[],[]],[[[0,"a_phonic",".mp3",2.142041],-1],0,0,[],[],[]],[[[1,"en2700",{"rows":[["fillblank","1","Description","We live in [this] town.","We_live_in_this_town.mp3","that","the","a","10","10"],["fillblank","1","Description","This is my [dad].","This_is_my_dad.mp3","mom","sister","brother","10"],["fillblank","1","Description","This is my [mom].","This_is_my_mom.mp3","dad","baby","brother","10"],["fillblank","1","Description","This is my [mouth].","This_is_my_mouth.mp3","chin","nose","eye","10"],["phonictractor","1","Description","5","that","that.mp3","th","th.mp3","a","a_phonic.mp3","t","t_phonic.mp3"],["phonictractor","1","Description","5","this","this.mp3","th","th.mp3","i","i_phonic.mp3","s","s_phonic.mp3"],["picturemeaning","1","Description","P","These are grapes.","l6_grapes.png","These_are_grapes.mp3","These are carrots.","l6_carrots.png","These_are_carrots.mp3","These are bananas.","l6_bananas.png","These_are_bananas.mp3"],["picturemeaning","1","Description","P","These boots are dirty.","l5_bootsdirty.png","These_boots_are_dirty.mp3","These boots are clean.","l5_bootsclean.png","These_boots_are_clean.mp3","This shirt is dirty.","l5_shirtdirty.png","This_shirt_is_dirty.mp3"],["fillblank","1","Description","These are my [ears].","These_are_my_ears.mp3","eyes","cheeks","head","10"],["quizliteracy","1","Description","image_sentence","These are carrots.","This is not a carrot.","There are onions.","These are carrots.","l6_carrots.png","","These_are_carrots.mp3"],["quizliteracy","1","Description","image_sentence","These are bananas.","This are bananas.","These are bananas.","These are grapes.","l6_bananas.png","","These_are_bananas.mp3"],["quizliteracy","1","Description","image_sentence","This shirt is dirty.","This shirt is dirty.","These boots are clean.","These boots are dirty.","l5_shirtdirty.png","","This_shirt_is_dirty.mp3"],["quizliteracy","1","Description","sentence_sentence","this","they","this","those","","We live in _____ town. ","We_live_in_this_town.mp3"],["quizliteracy","1","Description","sentence_sentence","This","Those","This","They","","____ is my dad. ","This_is_my_dad.mp3"]]}]],0,0,[],[],[]],[[{"name":"l6_carrots","rect":[0,0,786,879],"offset":[0,0],"originalSize":[786,879],"capInsets":[0,0,0,0]}],[0],0,[0],[0],[1]],[[{"name":"l5_shirtdirty","rect":[0,0,868,689],"offset":[0,0],"originalSize":[868,689],"capInsets":[0,0,0,0]}],[0],0,[0],[0],[2]],[[[0,"i_phonic",".mp3",2.168163],-1],0,0,[],[],[]],[[[0,"These_are_bananas",".mp3",2.064],-1],0,0,[],[],[]],[[[0,"We_live_in_this_town",".mp3",2.184],-1],0,0,[],[],[]],[[[0,"This_is_my_dad",".mp3",1.824],-1],0,0,[],[],[]],[[{"name":"l6_bananas","rect":[0,0,868,689],"offset":[0,0],"originalSize":[868,689],"capInsets":[0,0,0,0]}],[0],0,[0],[0],[3]],[[{"name":"l5_bootsclean","rect":[0,0,868,689],"offset":[0,0],"originalSize":[868,689],"capInsets":[0,0,0,0]}],[0],0,[0],[0],[4]],[[[0,"This_is_my_mouth",".mp3",1.896],-1],0,0,[],[],[]],[["0,9729,9729,33071,33071,0,0,1",-1],[1],0,[],[],[]],[[[0,"These_are_carrots",".mp3",1.872],-1],0,0,[],[],[]],[[[0,"These_are_my_ears",".mp3",1.992],-1],0,0,[],[],[]],[[[0,"These_boots_are_clean",".mp3",2.208],-1],0,0,[],[],[]],[[[0,"that",".mp3",0.912],-1],0,0,[],[],[]],[["0,9729,9729,33071,33071,0,0,1",-1],[1],0,[],[],[]],[["0,9729,9729,33071,33071,0,0,1",-1],[1],0,[],[],[]],[[{"name":"l5_bootsdirty","rect":[0,0,868,689],"offset":[0,0],"originalSize":[868,689],"capInsets":[0,0,0,0]}],[0],0,[0],[0],[5]],[["0,9729,9729,33071,33071,0,0,1",-1],[1],0,[],[],[]],[[[0,"t_phonic",".mp3",1.17551],-1],0,0,[],[],[]]]]