[1,["8enyt0pIhERad9oa363Jdt","b9IwKDuiFFpbhDoZjm4EIJ","f068hKisVEzIUxECaLPyyb"],["_textureSetter"],["cc.SpriteFrame","cc.Texture2D",["cc.JsonAsset",["_name","json"],1],["cc.AudioClip",["_name","_native","duration"],0]],[[3,0,1,2,4],[2,0,1,3]],[[[[1,"kn2905",{"rows":[["picturemeaning","1","Description","P","ವೈದ್ಯರು ರೋಗವನ್ನು ವಾಸಿ ಮಾಡುತ್ತಿದ್ದಾರೆ","doctor.png","ವೈದ್ಯರು ರೋಗವನ್ನು ವಾಸಿ ಮಾಡುತ್ತಿದ್ದಾರೆ.mp3","ಶಿಕ್ಷಕಿ ವಿದ್ಯಾ ಬುದ್ದಿಯನ್ನು ಕಲಿಸುತ್ತಿದ್ದಾರೆ","teacher.png","ಶಿಕ್ಷಕಿ ವಿದ್ಯಾ ಬುದ್ದಿಯನ್ನು ಕಲಿಸುತ್ತಿದ್ದಾರೆ.mp3","ರೈತರು ದುಡಿಯುತಿದ್ದಾರೆ","Farmer.png","ರೈತರು ದುಡಿಯುತಿದ್ದಾರೆ.mp3"],["picturemeaning","1","Description","P","ರೈತರು ದುಡಿಯುತಿದ್ದಾರೆ","Farmer.png","ರೈತರು ದುಡಿಯುತಿದ್ದಾರೆ.mp3","ವೈದ್ಯರು ರೋಗವನ್ನು ವಾಸಿ ಮಾಡುತ್ತಿದ್ದಾರೆ","doctor.png","ವೈದ್ಯರು ರೋಗವನ್ನು ವಾಸಿ ಮಾಡುತ್ತಿದ್ದಾರೆ.mp3","ಶಿಕ್ಷಕಿ ವಿದ್ಯಾ ಬುದ್ದಿಯನ್ನು ಕಲಿಸುತ್ತಿದ್ದಾರೆ","teacher.png","ಶಿಕ್ಷಕಿ ವಿದ್ಯಾ ಬುದ್ದಿಯನ್ನು ಕಲಿಸುತ್ತಿದ್ದಾರೆ.mp3"],["picturemeaning","1","Description","P","ಶಿಕ್ಷಕಿ ವಿದ್ಯಾ ಬುದ್ದಿಯನ್ನು ಕಲಿಸುತ್ತಿದ್ದಾರೆ","teacher.png","ಶಿಕ್ಷಕಿ ವಿದ್ಯಾ ಬುದ್ದಿಯನ್ನು ಕಲಿಸುತ್ತಿದ್ದಾರೆ.mp3","ರೈತರು ದುಡಿಯುತಿದ್ದಾರೆ","Farmer.png","ರೈತರು ದುಡಿಯುತಿದ್ದಾರೆ.mp3","ವೈದ್ಯರು ರೋಗವನ್ನು ವಾಸಿ ಮಾಡುತ್ತಿದ್ದಾರೆ","doctor.png","ವೈದ್ಯರು ರೋಗವನ್ನು ವಾಸಿ ಮಾಡುತ್ತಿದ್ದಾರೆ.mp3"],["quizliteracy","1","Description","image_sentence","ವೈದ್ಯರು ರೋಗವನ್ನು ವಾಸಿ ಮಾಡುತ್ತಿದ್ದಾರೆ","ವೈದ್ಯರು ರೋಗವನ್ನು ವಾಸಿ ಮಾಡುತ್ತಿದ್ದಾರೆ","ಶಿಕ್ಷಕಿ ವಿದ್ಯಾ ಬುದ್ದಿಯನ್ನು ಕಲಿಸುತ್ತಿದ್ದಾರೆ","ರೈತರು ದುಡಿಯುತಿದ್ದಾರೆ","doctor.png","","ವೈದ್ಯರು ರೋಗವನ್ನು ವಾಸಿ ಮಾಡುತ್ತಿದ್ದಾರೆ.mp3"],["quizliteracy","1","Description","image_sentence","ರೈತರು ದುಡಿಯುತಿದ್ದಾರೆ","ಶಿಕ್ಷಕಿ ವಿದ್ಯಾ ಬುದ್ದಿಯನ್ನು ಕಲಿಸುತ್ತಿದ್ದಾರೆ","ರೈತರು ದುಡಿಯುತಿದ್ದಾರೆ","ವೈದ್ಯರು ರೋಗವನ್ನು ವಾಸಿ ಮಾಡುತ್ತಿದ್ದಾರೆ","Farmer.png","","ರೈತರು ದುಡಿಯುತಿದ್ದಾರೆ.mp3"],["quizliteracy","1","Description","image_sentence","ಶಿಕ್ಷಕಿ ವಿದ್ಯಾ ಬುದ್ದಿಯನ್ನು ಕಲಿಸುತ್ತಿದ್ದಾರೆ","ರೈತರು ದುಡಿಯುತಿದ್ದಾರೆ","ವೈದ್ಯರು ರೋಗವನ್ನು ವಾಸಿ ಮಾಡುತ್ತಿದ್ದಾರೆ","ಶಿಕ್ಷಕಿ ವಿದ್ಯಾ ಬುದ್ದಿಯನ್ನು ಕಲಿಸುತ್ತಿದ್ದಾರೆ","teacher.png","","ಶಿಕ್ಷಕಿ ವಿದ್ಯಾ ಬುದ್ದಿಯನ್ನು ಕಲಿಸುತ್ತಿದ್ದಾರೆ.mp3"]]}]],0,0,[],[],[]],[[[0,"ಶಿಕ್ಷಕಿ ವಿದ್ಯಾ ಬುದ್ದಿಯನ್ನು ಕಲಿಸುತ್ತಿದ್ದಾರೆ",".mp3",2.712],-1],0,0,[],[],[]],[[[0,"ರೈತರು ದುಡಿಯುತಿದ್ದಾರೆ",".mp3",1.608],-1],0,0,[],[],[]],[[[0,"ವೈದ್ಯರು ರೋಗವನ್ನು ವಾಸಿ ಮಾಡುತ್ತಿದ್ದಾರೆ",".mp3",2.52],-1],0,0,[],[],[]],[[{"name":"doctor","rect":[0,0,500,333],"offset":[0,0],"originalSize":[500,333],"capInsets":[0,0,0,0]}],[0],0,[0],[0],[0]],[["0,9729,9729,33071,33071,0,0,1",-1],[1],0,[],[],[]],[[{"name":"teacher","rect":[0,0,500,333],"offset":[0,0],"originalSize":[500,333],"capInsets":[0,0,0,0]}],[0],0,[0],[0],[1]],[[{"name":"Farmer","rect":[0,0,500,333],"offset":[0,0],"originalSize":[500,333],"capInsets":[0,0,0,0]}],[0],0,[0],[0],[2]],[["0,9729,9729,33071,33071,0,0,1",-1],[1],0,[],[],[]],[[[0,"ವೈದ್ಯರು ರೊಗವನ್ನು ವಾಸಿ ಮಾಡುತ್ತಿದ್ದಾರೆ",".mp3",2.472],-1],0,0,[],[],[]],[["0,9729,9729,33071,33071,0,0,1",-1],[1],0,[],[],[]]]]