[1,["b80KAcMP9EB7VvQ8mDZTpW","cafPRQcSNBz5t4cDZCB2Li","15SF+5zqFGzaVOCdzKybDe"],["_textureSetter"],["cc.SpriteFrame","cc.Texture2D",["cc.AudioClip",["_name","_native","duration"],0],["cc.JsonAsset",["_name","json"],1]],[[2,0,1,2,4],[3,0,1,3]],[[[{"name":"doll","rect":[0,0,512,341],"offset":[0,0],"originalSize":[512,341],"capInsets":[0,0,0,0]}],[0],0,[0],[0],[0]],[["0,9729,9729,33071,33071,0,0,1",-1],[1],0,[],[],[]],[[{"name":"lather","rect":[0,0,512,383],"offset":[0,0],"originalSize":[512,383],"capInsets":[0,0,0,0]}],[0],0,[0],[0],[1]],[[[0,"ಹೊರೆ",".mp3",0.624],-1],0,0,[],[],[]],[[[0,"ಬೊಂಬೆ",".mp3",0.72],-1],0,0,[],[],[]],[[[0,"ತೊರೆ",".mp3",0.6],-1],0,0,[],[],[]],[[[0,"ಮೊ",".mp3",0.528],-1],0,0,[],[],[]],[[[0,"ತೊ",".mp3",0.528],-1],0,0,[],[],[]],[[{"name":"load","rect":[0,0,500,500],"offset":[0,0],"originalSize":[500,500],"capInsets":[0,0,0,0]}],[0],0,[0],[0],[2]],[[[0,"ಪೊ",".mp3",0.528],-1],0,0,[],[],[]],[[[1,"kn2203",{"rows":[["phonictractor","1","Description","4","ಪೊರೆ","ಪೊರೆ.mp3","ಪೊ","ಪೊ.mp3","ರೆ","ರೆ.mp3"],["spelldoor","1","Description","ನೊರೆ","**","0","0","lather.png","ನೊರೆ.mp3"],["spelldoor","1","Description","ಬೊಂಬೆ","**","0","0","doll.png","ಬೊಂಬೆ.mp3"],["phonictractor","1","Description","4","ಮೊರೆ","ಮೊರೆ.mp3","ಮೊ","ಮೊ.mp3","ರೆ","ರೆ.mp3"],["spelldoor","1","Description","ಹೊರೆ","*ರೆ","0","0","load.png","ಹೊರೆ.mp3"],["phonictractor","1","Description","4","ತೊರೆ","ತೊರೆ.mp3","ತೊ","ತೊ.mp3","ರೆ","ರೆ.mp3"],["quizliteracy","1","Description","image_word","ಬೊಂಬೆ","ತೊರೆ","ಕೊಡೆ","ಬೊಂಬೆ","doll.png"],["quizliteracy","1","Description","word_word","ನೊ","ಮೊ","ರೊ","ನೊ","","__ರೆ","ನೊರೆ.mp3"],["quizliteracy","1","Description","soundonly_word","ತೊರೆ","ಹೊರೆ","ಪೊರೆ","ತೊರೆ","","","ತೊರೆ.mp3"]]}]],0,0,[],[],[]],[["0,9729,9729,33071,33071,0,0,1",-1],[1],0,[],[],[]],[[[0,"ನೊರೆ",".mp3",0.624],-1],0,0,[],[],[]],[["0,9729,9729,33071,33071,0,0,1",-1],[1],0,[],[],[]],[[[0,"ಪೊರೆ",".mp3",0.6],-1],0,0,[],[],[]],[[[0,"ರೆ",".mp3",0.528],-1],0,0,[],[],[]],[[[0,"ಮೊರೆ",".mp3",0.624],-1],0,0,[],[],[]]]]