[1,["5e5mvB4FRPfpdxxF422CXF","473o+wdKlHXq4XelxulJs0","54ExyZ++dCsbLPE+B6VmcM"],["_textureSetter"],["cc.SpriteFrame","cc.Texture2D",["cc.JsonAsset",["_name","json"],1],["cc.AudioClip",["_name","_native","duration"],0]],[[3,0,1,2,4],[2,0,1,3]],[[[{"name":"अंडा","rect":[0,0,400,333],"offset":[0,0],"originalSize":[400,333],"capInsets":[0,0,0,0]}],[0],0,[0],[0],[0]],[[[1,"hi0011",{"rows":[["balloonpop","1","Description","2","अं","5","अं","अं.mp3"],["phonictractor","1","Description","5","अं","अं.mp3","अं","अं.mp3"],["writeletter","1","Description","अं","अंगूर"],["writecard","1","Description","अं","अंगूर","अंगूर.png","अंगूर.mp3","अंडा","अंडा.png","अंडा.mp3","अंजीर","अंजीर.png","अंजीर.mp3"],["quizliteracy","1","Description","soundonly_word","अं","अं","ओ","इ","","","अं.mp3"],["quizliteracy","1","Description","word_word","अं","इ","अं","ओ","","अं"],["quizliteracy","1","Description","soundonly_word","अं","अं","इ","ऋ","","","अं.mp3"]]}]],0,0,[],[],[]],[[{"name":"अंजीर","rect":[0,0,400,333],"offset":[0,0],"originalSize":[400,333],"capInsets":[0,0,0,0]}],[0],0,[0],[0],[1]],[["0,9729,9729,33071,33071,0,0,1",-1],[1],0,[],[],[]],[["0,9729,9729,33071,33071,0,0,1",-1],[1],0,[],[],[]],[["0,9729,9729,33071,33071,0,0,1",-1],[1],0,[],[],[]],[[[0,"अंगूर",".mp3",0.705306],-1],0,0,[],[],[]],[[[0,"अं",".mp3",0.49625],-1],0,0,[],[],[]],[[{"name":"अंगूर","rect":[0,0,400,333],"offset":[0,0],"originalSize":[400,333],"capInsets":[0,0,0,0]}],[0],0,[0],[0],[2]],[[[0,"अंडा",".mp3",0.653061],-1],0,0,[],[],[]],[[[0,"अंजीर",".mp3",0.757551],-1],0,0,[],[],[]]]]