[1,["c4GpgagKZOSb7i1ERhEhdk","17a9dc4WFOv7v+AneIXYWn","a54fove95AorTU+XHuvI3I","f0r2pVGOtIiqWGs4xVwOxq","86XnqEE/NAyL32xRXERAEr","d9qYyE7sNBc618MANmSh3R","30MIe5IpNIS66K9kWXv8ex","01CMClxI5OwbxsshSxRSOs","87LxxUv+pB2qBlD4kDKSRj","b2ga6KviRBkJyqD9i8uzVr","48MKpVFiVH+oDVIti+9vQt","efWFW3wBdCZZqq4kxdfkbU","bfz07yRcpPRL71wwQphXjT","a6GCz6PWFHFIDQPWDTcR9+"],["_textureSetter"],["cc.Texture2D","cc.SpriteFrame",["cc.AudioClip",["_name","_native","duration"],0],["cc.JsonAsset",["_name","json"],1]],[[2,0,1,2,4],[3,0,1,3]],[[["0,9729,9729,33071,33071,0,0,1",-1],[0],0,[],[],[]],[[[0,"ಕಣಜ",".mp3",0.744],-1],0,0,[],[],[]],[[[1,"kn0703",{"rows":[["openwindow","1","Description","LEGIT","ಐ,ದ,ಳ","fivepetals.png","rose.png","ಐದಳ.mp3","ಐ,ದ,ಳ"],["openwindow","1","Description","LEGIT","ಋ,ಣ","debt.png","books.png","ಋಣ.mp3","ಋ,ಣ"],["openwindow","1","Description","LEGIT","ಮ,ಣ","measuringunit.png","scale.png","ಮಣ.mp3","ಮ,ಣ"],["openwindow","1","Description","LEGIT","ಒ,ಣ,ಮ,ರ","dry tree.png","greentree.png","ಒಣ ಮರ.mp3","ಒ,ಣ,ಮ,ರ"],["openwindow","1","Description","LEGIT","ಛ,ಲ","challenge.png","lose.png","ಛಲ.mp3","ಛ,ಲ"],["openwindow","1","Description","LEGIT","ಹ,ಣ","money.png","books.png","ಹಣ.mp3","ಹ,ಣ"],["openwindow","1","Description","LEGIT","ಕ,ಣ,ಜ","granary.png","bag.png","ಕಣಜ.mp3","ಕ,ಣ,ಜ"],["quizliteracy","1","Description","image_word","ಐದಳ","ಐದಳ","ಔಷದ","ಛಲ","fivepetals.png"],["quizliteracy","1","Description","image_word","ಒಣಮರ","ಛಲ","ಐದಳ","ಒಣಮರ","dry tree.png"],["quizliteracy","1","Description","image_word","ಛಲ","ಔಷದ","ಛಲ","ಐದಳ","challenge.png"]]}]],0,0,[],[],[]],[[{"name":"bag","rect":[0,0,674,800],"offset":[0,0],"originalSize":[674,800],"capInsets":[0,0,0,0]}],[1],0,[0],[0],[0]],[["0,9729,9729,33071,33071,0,0,1",-1],[0],0,[],[],[]],[[{"name":"debt","rect":[0,0,381,355],"offset":[0,0],"originalSize":[381,355],"capInsets":[0,0,0,0]}],[1],0,[0],[0],[1]],[[{"name":"fivepetals","rect":[0,0,512,512],"offset":[0,0],"originalSize":[512,512],"capInsets":[0,0,0,0]}],[1],0,[0],[0],[2]],[["0,9729,9729,33071,33071,0,0,1",-1],[0],0,[],[],[]],[[[0,"ಮಣ",".mp3",0.576],-1],0,0,[],[],[]],[["0,9729,9729,33071,33071,0,0,1",-1],[0],0,[],[],[]],[[[0,"ಒಣ ಮರ",".mp3",0.792],-1],0,0,[],[],[]],[[{"name":"rose","rect":[0,0,500,334],"offset":[0,0],"originalSize":[500,334],"capInsets":[0,0,0,0]}],[1],0,[0],[0],[3]],[[{"name":"greentree","rect":[0,0,512,342],"offset":[0,0],"originalSize":[512,342],"capInsets":[0,0,0,0]}],[1],0,[0],[0],[4]],[[[0,"ಋಣ",".mp3",0.816],-1],0,0,[],[],[]],[["0,9729,9729,33071,33071,0,0,1",-1],[0],0,[],[],[]],[["0,9729,9729,33071,33071,0,0,1",-1],[0],0,[],[],[]],[[[0,"ಐದಳ",".mp3",0.96],-1],0,0,[],[],[]],[["0,9729,9729,33071,33071,0,0,1",-1],[0],0,[],[],[]],[["0,9729,9729,33071,33071,0,0,1",-1],[0],0,[],[],[]],[["0,9729,9729,33071,33071,0,0,1",-1],[0],0,[],[],[]],[[{"name":"dry tree","rect":[0,0,512,341],"offset":[0,0],"originalSize":[512,341],"capInsets":[0,0,0,0]}],[1],0,[0],[0],[5]],[[[0,"ಹಣ",".mp3",0.6],-1],0,0,[],[],[]],[[{"name":"granary","rect":[0,0,341,512],"offset":[0,0],"originalSize":[341,512],"capInsets":[0,0,0,0]}],[1],0,[0],[0],[6]],[["0,9729,9729,33071,33071,0,0,1",-1],[0],0,[],[],[]],[["0,9729,9729,33071,33071,0,0,1",-1],[0],0,[],[],[]],[[{"name":"credit","rect":[0,0,512,340],"offset":[0,0],"originalSize":[512,340],"capInsets":[0,0,0,0]}],[1],0,[0],[0],[7]],[[{"name":"books","rect":[0,0,512,378],"offset":[0,0],"originalSize":[512,378],"capInsets":[0,0,0,0]}],[1],0,[0],[0],[8]],[["0,9729,9729,33071,33071,0,0,1",-1],[0],0,[],[],[]],[[{"name":"money","rect":[0,0,512,378],"offset":[0,0],"originalSize":[512,378],"capInsets":[0,0,0,0]}],[1],0,[0],[0],[9]],[[{"name":"challenge","rect":[0,0,512,341],"offset":[0,0],"originalSize":[512,341],"capInsets":[0,0,0,0]}],[1],0,[0],[0],[10]],[["0,9729,9729,33071,33071,0,0,1",-1],[0],0,[],[],[]],[["0,9729,9729,33071,33071,0,0,1",-1],[0],0,[],[],[]],[[[0,"ಛಲ",".mp3",0.648],-1],0,0,[],[],[]],[[{"name":"measuringunit","rect":[0,0,341,512],"offset":[0,0],"originalSize":[341,512],"capInsets":[0,0,0,0]}],[1],0,[0],[0],[11]],[[{"name":"lose","rect":[0,0,512,288],"offset":[0,0],"originalSize":[512,288],"capInsets":[0,0,0,0]}],[1],0,[0],[0],[12]],[[{"name":"scale","rect":[0,0,512,382],"offset":[0,0],"originalSize":[512,382],"capInsets":[0,0,0,0]}],[1],0,[0],[0],[13]]]]