[1,["e9e10qZU9MJ6P3jaE6TtNH","0forjW4/RFHqk22yiC6qRp","ban9MuwrhC7IRu4Fh3b/6O","3da2Rui8lJB4LaNv/BJFWa","97HXikRldEaJV6dVec73xk","dd5SiHw39LMqRdNx4rSiNj","41EyGffWRJFZThuXtmJJ4o"],["_textureSetter"],["cc.Texture2D","cc.SpriteFrame",["cc.AudioClip",["_name","_native","duration"],0],["cc.JsonAsset",["_name","json"],1]],[[2,0,1,2,4],[3,0,1,3]],[[["0,9729,9729,33071,33071,0,0,1",-1],[0],0,[],[],[]],[[[0,"त्रिकोण",".mp3",0.731429],-1],0,0,[],[],[]],[["0,9729,9729,33071,33071,0,0,1",-1],[0],0,[],[],[]],[["0,9729,9729,33071,33071,0,0,1",-1],[0],0,[],[],[]],[[{"name":"मोर","rect":[0,0,365,512],"offset":[0,0],"originalSize":[365,512],"capInsets":[0,0,0,0]}],[1],0,[0],[0],[0]],[[[0,"म",".mp3",0.696],-1],0,0,[],[],[]],[[{"name":"कोयल","rect":[0,0,360,315],"offset":[0,0],"originalSize":[360,315],"capInsets":[0,0,0,0]}],[1],0,[0],[0],[1]],[[[0,"शि",".mp3",0.84],-1],0,0,[],[],[]],[[{"name":"गोल","rect":[15,12,163,129],"offset":[0,0],"originalSize":[193,153],"capInsets":[0,0,0,0]}],[1],0,[0],[0],[2]],[[[0,"कोयल",".mp3",0.940408],-1],0,0,[],[],[]],[["0,9729,9729,33071,33071,0,0,1",-1],[0],0,[],[],[]],[[{"name":"कोहनी","rect":[0,0,360,360],"offset":[0,0],"originalSize":[360,360],"capInsets":[0,0,0,0]}],[1],0,[0],[0],[3]],[[[1,"hi0912",{"rows":[["openwindow","1","Description","LEGIT","को,य,ल","कोयल.png","मोर.png","कोयल.mp3","को,य,ल"],["openwindow","1","Description","LEGIT","को,ह,नी","कोहनी.png","कान.png","कोहनी.mp3","को,ह,नी"],["openwindow","1","Description","LEGIT","को,ह,रा","कोहरा.png","सूरज.png","कोहरा.mp3","को,ह,रा"],["openwindow","1","Description","LEGIT","त्रि,को,ण","त्रिकोण.png","गोल.png","त्रिकोण.mp3","ज,ग,न,ल,फ,छा,ता,र,थ,व,न,घ,ट्र,क,घो,ड़ा,हा,थी,आ,म,स"],["phonictractor","1","Description","6","कोमल","कोमल.mp3","को","को.mp3","म","म.mp3","ल","ल.mp3"],["phonictractor","1","Description","6","कोशिश","कोशिश.mp3","को","को.mp3","शि","शि.mp3"],["bubbletype","1","Description","10","6","के कै को कौ कं कः","","","","","","के कै को कौ कं कः"],["quizliteracy","1","Description","soundonly_word","त्रिकोण","मोगरा","गोल","त्रिकोण","","","त्रिकोण.mp3"],["quizliteracy","1","Description","soundonly_word","कोहनी","कोयल ","कोहनी","कोमल","","","कोहनी.mp3"],["quizliteracy","1","Description","word_word","कोशिश","कोशिश","कोयल","कोहरा","","कोशिश"]]}]],0,0,[],[],[]],[[[0,"कोहनी",".mp3",1.149388],-1],0,0,[],[],[]],[[[0,"ल",".mp3",0.936],-1],0,0,[],[],[]],[[{"name":"त्रिकोण","rect":[0,0,193,153],"offset":[0,0],"originalSize":[193,153],"capInsets":[0,0,0,0]}],[1],0,[0],[0],[4]],[[{"name":"कान","rect":[153,58,356,546],"offset":[-3.5,-2.5],"originalSize":[669,657],"capInsets":[0,0,0,0]}],[1],0,[0],[0],[5]],[["0,9729,9729,33071,33071,0,0,1",-1],[0],0,[],[],[]],[[[0,"को",".mp3",0.552],-1],0,0,[],[],[]],[[[0,"कोहरा",".mp3",1.097143],-1],0,0,[],[],[]],[["0,9729,9729,33071,33071,0,0,1",-1],[0],0,[],[],[]],[["0,9729,9729,33071,33071,0,0,1",-1],[0],0,[],[],[]],[[{"name":"कैंची","rect":[0,0,193,153],"offset":[0,0],"originalSize":[193,153],"capInsets":[0,0,0,0]}],[1],0,[0],[0],[6]]]]