[1,["45HY9KkLpL/qz21VZMn7Yc","a2hDUcdMBGqZ1gWKJrdOq8","cfn8rWjFRFIJx5VBzSh5iQ","45jmZU4sRMRbovz2+CjNW5","3a73kvMrBNHZGa29diZX/6","453jdMwnNO0a6K9eJKR7Al","8epc7MyRVKF4PfI2KU0UZd","cfYYoNARpP6pup7iIErt19"],["_textureSetter"],["cc.SpriteFrame","cc.Texture2D",["cc.AudioClip",["_name","_native","duration"],0],["cc.JsonAsset",["_name","json"],1]],[[2,0,1,2,4],[3,0,1,3]],[[[[0,"ten",".mp3",0.626939],-1],0,0,[],[],[]],[[{"name":"ten","rect":[0,0,512,503],"offset":[0,0],"originalSize":[512,503],"capInsets":[0,0,0,0]}],[0],0,[0],[0],[0]],[[[0,"two",".mp3",0.600816],-1],0,0,[],[],[]],[["0,9729,9729,33071,33071,0,0,1",-1],[1],0,[],[],[]],[["0,9729,9729,33071,33071,0,0,1",-1],[1],0,[],[],[]],[["0,9729,9729,33071,33071,0,0,1",-1],[1],0,[],[],[]],[["0,9729,9729,33071,33071,0,0,1",-1],[1],0,[],[],[]],[[{"name":"seventy","rect":[0,0,512,503],"offset":[0,0],"originalSize":[512,503],"capInsets":[0,0,0,0]}],[0],0,[0],[0],[1]],[[{"name":"six","rect":[0,0,512,503],"offset":[0,0],"originalSize":[512,503],"capInsets":[0,0,0,0]}],[0],0,[0],[0],[2]],[["0,9729,9729,33071,33071,0,0,1",-1],[1],0,[],[],[]],[[{"name":"fourteen","rect":[0,0,512,503],"offset":[0,0],"originalSize":[512,503],"capInsets":[0,0,0,0]}],[0],0,[0],[0],[3]],[[{"name":"sixty","rect":[0,0,512,503],"offset":[0,0],"originalSize":[512,503],"capInsets":[0,0,0,0]}],[0],0,[0],[0],[4]],[["0,9729,9729,33071,33071,0,0,1",-1],[1],0,[],[],[]],[[{"name":"forty","rect":[0,0,512,503],"offset":[0,0],"originalSize":[512,503],"capInsets":[0,0,0,0]}],[0],0,[0],[0],[5]],[[{"name":"ninety","rect":[0,0,512,503],"offset":[0,0],"originalSize":[512,503],"capInsets":[0,0,0,0]}],[0],0,[0],[0],[6]],[[{"name":"two","rect":[0,0,2109,2070],"offset":[0,0],"originalSize":[2109,2070],"capInsets":[0,0,0,0]}],[0],0,[0],[0],[7]],[["0,9729,9729,33071,33071,0,0,1",-1],[1],0,[],[],[]],[["0,9729,9729,33071,33071,0,0,1",-1],[1],0,[],[],[]],[[[1,"sl_en3407",{"rows":[["spelldoor","1","Description","forty","*****","4","4","forty.png","forty.mp3"],["spelldoor","1","Description","sixty","*****","4","4","sixty.png","sixty.mp3"],["spelldoor","1","Description","seventy","*******","4","4","seventy.png","seventy.mp3"],["spelldoor","1","Description","ninety","******","4","4","ninety.png","ninety.mp3"],["spelldoor","1","Description","two","***","4","4","two.png","two.mp3"],["spelldoor","1","Description","fourteen","****teen","4","4","fourteen.png","fourteen.mp3"],["spelldoor","1","Description","ten","***","4","4","ten.png","ten.mp3"],["quizliteracy","1","Description","word_word","red","red","bed","ted","","hund___","hundred.mp3"],["quizliteracy","1","Description","soundonly_word","nineteen","six","nineteen","twenty","","","nineteen.mp3"],["quizliteracy","1","Description","image_word","six","nineteen","eighty","six","six.png"]]}]],0,0,[],[],[]]]]