[1,["36peBuFw1K6aRHT3tVM0qB","6aemuQlXNEfJrddGx1F9kD","1ah/2rLz5E8K4zYdjAWQP+","ab4/FiJOJPZ6/tD9Y9AVMf","3da7EpEJROwbWzg6t+225j"],["_textureSetter"],["cc.Texture2D","cc.SpriteFrame",["cc.AudioClip",["_name","_native","duration"],0],["cc.JsonAsset",["_name","json"],1]],[[2,0,1,2,4],[3,0,1,3]],[[[[0,"beck",".mp3",0.365714],-1],0,0,[],[],[]],[[[0,"u_phonic",".mp3",1.176],-1],0,0,[],[],[]],[[[0,"kick",".mp3",0.731429],-1],0,0,[],[],[]],[[[0,"ck",".mp3",0.391837],-1],0,0,[],[],[]],[[[0,"clock",".mp3",0.653061],-1],0,0,[],[],[]],[[[0,"check",".mp3",0.600816],-1],0,0,[],[],[]],[["0,9729,9729,33071,33071,0,0,1",-1],[0],0,[],[],[]],[["0,9729,9729,33071,33071,0,0,1",-1],[0],0,[],[],[]],[["0,9729,9729,33071,33071,0,0,1",-1],[0],0,[],[],[]],[[[0,"cry",".mp3",0.626939],-1],0,0,[],[],[]],[[{"name":"cat","rect":[0,0,494,512],"offset":[0,0],"originalSize":[494,512],"capInsets":[0,0,0,0]}],[1],0,[0],[0],[0]],[[[0,"peck",".mp3",0.391837],-1],0,0,[],[],[]],[[[0,"tuck",".mp3",0.731429],-1],0,0,[],[],[]],[["0,9729,9729,33071,33071,0,0,1",-1],[0],0,[],[],[]],[[[0,"lack",".mp3",0.444082],-1],0,0,[],[],[]],[[{"name":"clock","rect":[0,0,511,512],"offset":[0,0],"originalSize":[511,512],"capInsets":[0,0,0,0]}],[1],0,[0],[0],[1]],[[{"name":"hen","rect":[0,0,512,491],"offset":[0,0],"originalSize":[512,491],"capInsets":[0,0,0,0]}],[1],0,[0],[0],[2]],[[[0,"sky",".mp3",0.783673],-1],0,0,[],[],[]],[["0,9729,9729,33071,33071,0,0,1",-1],[0],0,[],[],[]],[[{"name":"duck","rect":[30,21,420,470],"offset":[0,0],"originalSize":[480,512],"capInsets":[0,0,0,0]}],[1],0,[0],[0],[3]],[[{"name":"black","rect":[0,0,512,486],"offset":[0,0],"originalSize":[512,486],"capInsets":[0,0,0,0]}],[1],0,[0],[0],[4]],[[[0,"i_phonic",".mp3",2.168163],-1],0,0,[],[],[]],[[[0,"wick",".mp3",0.391837],-1],0,0,[],[],[]],[[[0,"black",".mp3",0.626939],-1],0,0,[],[],[]],[[[0,"d_phonic",".mp3",1.619592],-1],0,0,[],[],[]],[[[0,"duck",".mp3",0.626939],-1],0,0,[],[],[]],[[[1,"sl_en1608",{"rows":[["phonictractor","1","Description","5","duck","duck.mp3","d","d_phonic.mp3","u","u_phonic.mp3","ck","ck.mp3"],["grid","1","Description","la,ja,wi","ck"],["grid","1","Description","pe,be,tu","ck"],["rocket","1","Description","black","bl,ack","bl,ack","black.mp3","black.png","false","false"],["rocket","1","Description","clock","cl,ock","cl,ock","clock.mp3","clock.png","false","false"],["speakingpet","1","Description","ck.mp3","i_phonic.mp3","kick","kick.mp3","A","3,4","duck","duck.mp3","A","3,4","sky","sky.mp3","B","3","cry","cry.mp3","B","3"],["quizliteracy","1","Description","soundonly_image","duck.png","cat.png","duck.png","hen.png","","","duck.mp3"],["quizliteracy","1","Description","image_word","bl","pl","fl","bl","black.png"],["quizliteracy","1","Description","image_word","cl","fl","pl","cl","clock.png"],["quizliteracy","1","Description","soundonly_word","kick","black","crab","kick","","","kick.mp3"],["quizliteracy","1","Description","soundonly_word","check","check","kick","black","","","check.mp3"]]}]],0,0,[],[],[]],[[[0,"jack",".mp3",0.417959],-1],0,0,[],[],[]]]]