[1,["bfnxdGrSVAGq/W7odClAMV","e0cbroACtDmJ867Yeo6HUU","2403Od9LBLQaP83wTUCjtP","3cfltWo79AdqTQaH2d8zvh","2cz8DmVWBEoqfLWRGApPQM","71AefFsXBNS4obZjse5oh/","83ck+7BHJD1ZKQOtxh9j3U","fcdlTgXbpDUZ6Ythse7Psq","1c4a0D5TBI56aZCablN6q2","b40uvVwhxN+KsOuHgJ+f5l","bbTzyaOCRMlae0mvky2lz6","a5y4NQ/0hBMLGKq8NsV9eO","c4KqS0XNBM5LsVR1cMI91c","ffTLZGYelAS5vYPs4lY5D8","adYzkmyJpDxbzA5dCbP6T1","6fk17CfERIUIuTvJ5YoP6+","5cr2soq2xGGoB1o0sIN5bj"],["_textureSetter"],["cc.SpriteFrame","cc.Texture2D",["cc.AudioClip",["_name","_native","duration"],0],["cc.JsonAsset",["_name","json"],1]],[[2,0,1,2,4],[3,0,1,3]],[[[[0,"This_Chirstmas_tree_is_10_feet_high",".mp3",2.856],-1],0,0,[],[],[]],[[[0,"1_litre_bottle",".mp3",1.92],-1],0,0,[],[],[]],[[{"name":"vertical_line","rect":[0,0,222,227],"offset":[0,0],"originalSize":[222,227],"capInsets":[0,0,0,0]}],[0],0,[0],[0],[0]],[[[0,"5_litre_can",".mp3",1.944],-1],0,0,[],[],[]],[[{"name":"25ltbucket","rect":[0,0,416,410],"offset":[0,0],"originalSize":[416,410],"capInsets":[0,0,0,0]}],[0],0,[0],[0],[1]],[[{"name":"christmas_tree","rect":[0,0,765,1427],"offset":[0,70.5],"originalSize":[765,1568],"capInsets":[0,0,0,0]}],[0],0,[0],[0],[2]],[["0,9729,9729,33071,33071,0,0,1",-1],[1],0,[],[],[]],[[{"name":"cement","rect":[0,0,550,550],"offset":[0,0],"originalSize":[550,550],"capInsets":[0,0,0,0]}],[0],0,[0],[0],[3]],[["0,9729,9729,33071,33071,0,0,1",-1],[1],0,[],[],[]],[["0,9729,9729,33071,33071,0,0,1",-1],[1],0,[],[],[]],[[{"name":"sugar1kg","rect":[0,0,876,1000],"offset":[0,0],"originalSize":[876,1000],"capInsets":[0,0,0,0]}],[0],0,[0],[0],[4]],[[[0,"1span",".mp3",1.536],-1],0,0,[],[],[]],[["0,9729,9729,33071,33071,0,0,1",-1],[1],0,[],[],[]],[[{"name":"horizontal_line","rect":[0,0,237,212],"offset":[0,0],"originalSize":[237,212],"capInsets":[0,0,0,0]}],[0],0,[0],[0],[5]],[[[0,"horizontal_line",".mp3",1.896],-1],0,0,[],[],[]],[[[1,"en3600",{"rows":[["picturemeaning","1","Description","P","Straight Line","straight_line.png","straight_line.mp3","Curved Line","curved_line.png","curved_line.mp3","Slanting Line","slanting_line.png","slanting_line.mp3"],["picturemeaning","1","Description","P","Horizontal Line","horizontal_line.png","horizontal_line.mp3","Slanting Line","slanting_line.png","slanting_line.mp3","Vertical Line","vertical_line.png","vertical_line.mp3"],["picturemeaning","1","Description","S","2 spans","2spans.png","2span.mp3","1 span","1span.png","1span.mp3","3 spans","3spans.png","3span.mp3"],["picturemeaning","1","Description","S","I litre bottle","1_lt_bottle.png","1_litre_bottle.mp3","5 litre can","Oil_can.png","5_litre_can.mp3","25 litre bucket","25ltbucket.png","25_litre_bucket.mp3"],["picturemeaning","1","Description","P","1 kg sugar","sugar1kg.png","1_kg_sugar.mp3","5 kg rice","rice_bag.png","5_kg_rice.mp3","25 kg cement","cement.png","25_kg_cement.mp3"],["picturemeaning","1","Description","P","The book is 1 foot in length","1footbook.png","The_book_is_1_foot_in_length.mp3","The board is 2 feet in breadth","board.png","The_board_is_5_feet_in_breadth .mp3","This Chirstmas tree is 10 feet high","christmas_tree.png","This_Chirstmas_tree_is_10_feet_high.mp3"],["quizliteracy","1","Description","image_word","2 spans","1 span","2 spans","3 spans","2spans.png"],["quizliteracy","1","Description","soundonly_image","curved_line.png","straight_line.png","slanting_line.png","curved_line.png","","","curved_line.mp3"],["quizliteracy","1","Description","sentence_sentence","Vertical","Vertical","Horizontal","Slanting","","_______ line.","vertical_line.mp3"]]}]],0,0,[],[],[]],[[{"name":"slanting_line","rect":[0,0,225,225],"offset":[0,0],"originalSize":[225,225],"capInsets":[0,0,0,0]}],[0],0,[0],[0],[6]],[[{"name":"1footbook","rect":[0,0,314,219],"offset":[0,0],"originalSize":[314,219],"capInsets":[0,0,0,0]}],[0],0,[0],[0],[7]],[["0,9729,9729,33071,33071,0,0,1",-1],[1],0,[],[],[]],[[{"name":"1span","rect":[0,0,804,848],"offset":[0,0],"originalSize":[804,848],"capInsets":[0,0,0,0]}],[0],0,[0],[0],[8]],[[[0,"25_kg_cement",".mp3",3.048],-1],0,0,[],[],[]],[[{"name":"1_lt_bottle","rect":[0,0,500,500],"offset":[0,0],"originalSize":[500,500],"capInsets":[0,0,0,0]}],[0],0,[0],[0],[9]],[[[0,"The_book_is_1_foot_in_length",".mp3",2.928],-1],0,0,[],[],[]],[[[0,"curved_line",".mp3",1.488],-1],0,0,[],[],[]],[["0,9729,9729,33071,33071,0,0,1",-1],[1],0,[],[],[]],[["0,9729,9729,33071,33071,0,0,1",-1],[1],0,[],[],[]],[[[0,"2span",".mp3",1.344],-1],0,0,[],[],[]],[["0,9729,9729,33071,33071,0,0,1",-1],[1],0,[],[],[]],[[[0,"1_kg_sugar",".mp3",2.424],-1],0,0,[],[],[]],[[[0,"slanting_line",".mp3",1.848],-1],0,0,[],[],[]],[["0,9729,9729,33071,33071,0,0,1",-1],[1],0,[],[],[]],[["0,9729,9729,33071,33071,0,0,1",-1],[1],0,[],[],[]],[[[0,"5_kg_rice",".mp3",2.64],-1],0,0,[],[],[]],[[{"name":"3spans","rect":[0,0,2028,977],"offset":[0,0],"originalSize":[2028,977],"capInsets":[0,0,0,0]}],[0],0,[0],[0],[10]],[["0,9729,9729,33071,33071,0,0,1",-1],[1],0,[],[],[]],[["0,9729,9729,33071,33071,0,0,1",-1],[1],0,[],[],[]],[[[0,"3span",".mp3",1.488],-1],0,0,[],[],[]],[["0,9729,9729,33071,33071,0,0,1",-1],[1],0,[],[],[]],[["0,9729,9729,33071,33071,0,0,1",-1],[1],0,[],[],[]],[[[0,"The_board_is_5_feet_in_breadth ",".mp3",3.12],-1],0,0,[],[],[]],[[{"name":"board","rect":[0,0,669,467],"offset":[0,0],"originalSize":[669,467],"capInsets":[0,0,0,0]}],[0],0,[0],[0],[11]],[[{"name":"rice_bag","rect":[0,0,267,189],"offset":[0,0],"originalSize":[267,189],"capInsets":[0,0,0,0]}],[0],0,[0],[0],[12]],[[[0,"straight_line",".mp3",1.752],-1],0,0,[],[],[]],[[{"name":"curved_line","rect":[0,0,225,225],"offset":[0,0],"originalSize":[225,225],"capInsets":[0,0,0,0]}],[0],0,[0],[0],[13]],[["0,9729,9729,33071,33071,0,0,1",-1],[1],0,[],[],[]],[[{"name":"Oil_can","rect":[0,0,500,500],"offset":[0,0],"originalSize":[500,500],"capInsets":[0,0,0,0]}],[0],0,[0],[0],[14]],[[{"name":"straight_line","rect":[0,0,200,200],"offset":[0,0],"originalSize":[200,200],"capInsets":[0,0,0,0]}],[0],0,[0],[0],[15]],[[[0,"25_litre_bucket",".mp3",2.544],-1],0,0,[],[],[]],[[{"name":"2spans","rect":[0,0,1500,948],"offset":[0,0],"originalSize":[1500,948],"capInsets":[0,0,0,0]}],[0],0,[0],[0],[16]],[["0,9729,9729,33071,33071,0,0,1",-1],[1],0,[],[],[]],[[[0,"vertical_line",".mp3",1.704],-1],0,0,[],[],[]],[["0,9729,9729,33071,33071,0,0,1",-1],[1],0,[],[],[]]]]