[1,["84W3Y7hKdHFrFOLGGw+HxB","b6Bng1dlxGX6YSMKu8LuR0","d06PH+CpBFv4BuMYQQFnsw","4eraN7FA1G27f/pn005UEw","4cRgLJXRBJc5pXFbUAZKa2","9fAt5+1eVMxoVqpRltUqZM","e4bmH9DsVAW7GkPAw9In/g","bd3Jx3tQhLSqKOl+5B3Uwu","45KPjti7hB0IZwojD/XnET","9fXGxf6qhCToMcbNIOMq0n","f4H4ClzwBIMaN56lIAK8Ns","4d4K2Tf41J/rDyw+i/M78e","f0rwAnRdxMkYkwdleRxUET","b9aAKniBhE4LP8ejw7MVNN","6a5bonr2lDvaeVE+QTDnPN","0afvA1hHlJVZYfm7DMH+Si","aa/oh728xCQ77uLPP3nK6Z","e5RNAxGxNH6rX16VlJUPCy","65lcxrt2BGd5xfKzxtw+VK","a6FFFQTS5F5o+/7OZddURQ","3esj9YNpFDGoVFyliM+Da+","c9fTonLtBOZIjINY/lpzKf","7a2tPhaJFNlrBiWC8zkU1I","b9s1+0ms9HNIlLT0LGbuLy","ec/ND4TQtBJ45LJH5N9mg0","7b2MVi1EZJEooa3wisxiSv","72tRObwYtJP4gu0r96QtHL"],["_textureSetter"],["cc.SpriteFrame","cc.Texture2D",["cc.AudioClip",["_name","_native","duration"],0],["cc.JsonAsset",["_name","json"],1]],[[2,0,1,2,4],[3,0,1,3]],[[[[0,"She_can_cook_well",".mp3",1.671837],-1],0,0,[],[],[]],[[{"name":"l14_shexlikecat","rect":[0,0,868,689],"offset":[0,0],"originalSize":[868,689],"capInsets":[0,0,0,0]}],[0],0,[0],[0],[0]],[["0,9729,9729,33071,33071,0,0,1",-1],[1],0,[],[],[]],[[[0,"He_cannot_run_fast",".mp3",1.515102],-1],0,0,[],[],[]],[[[0,"Rabbits_eat_carrots",".mp3",1.802449],-1],0,0,[],[],[]],[[{"name":"l12_hecantcookwell","rect":[0,0,868,689],"offset":[0,0],"originalSize":[868,689],"capInsets":[0,0,0,0]}],[0],0,[0],[0],[1]],[[{"name":"l12_boycannoteat","rect":[0,0,868,689],"offset":[0,0],"originalSize":[868,689],"capInsets":[0,0,0,0]}],[0],0,[0],[0],[2]],[[[0,"She_cannot_read_well",".mp3",1.750204],-1],0,0,[],[],[]],[[[0,"She_doesn't_like_dogs",".mp3",1.567347],-1],0,0,[],[],[]],[[{"name":"l12_boycannotwalk","rect":[0,0,868,689],"offset":[0,0],"originalSize":[868,689],"capInsets":[0,0,0,0]}],[0],0,[0],[0],[3]],[[[0,"He_can_jump_high",".mp3",1.358367],-1],0,0,[],[],[]],[[{"name":"l14_lionsxcarrots","rect":[0,0,868,689],"offset":[0,0],"originalSize":[868,689],"capInsets":[0,0,0,0]}],[0],0,[0],[0],[4]],[[{"name":"l14_rabibitcarrots","rect":[0,0,868,689],"offset":[0,0],"originalSize":[868,689],"capInsets":[0,0,0,0]}],[0],0,[0],[0],[5]],[[{"name":"l12_hecannotreadwell","rect":[0,0,868,689],"offset":[0,0],"originalSize":[868,689],"capInsets":[0,0,0,0]}],[0],0,[0],[0],[6]],[[[0,"He_can't_cook_well",".mp3",1.541224],-1],0,0,[],[],[]],[[[0,"Lions_don't_eat_carrots",".mp3",1.959184],-1],0,0,[],[],[]],[[[0,"Choose_the_right_one",".mp3",1.38449],-1],0,0,[],[],[]],[[{"name":"l12_theycannotcookwell","rect":[0,0,868,689],"offset":[0,0],"originalSize":[868,689],"capInsets":[0,0,0,0]}],[0],0,[0],[0],[7]],[[{"name":"l12_girlcannotwalk","rect":[0,0,868,689],"offset":[0,0],"originalSize":[868,689],"capInsets":[0,0,0,0]}],[0],0,[0],[0],[8]],[["0,9729,9729,33071,33071,0,0,1",-1],[1],0,[],[],[]],[[[0,"They_cannot_cook_well",".mp3",1.645714],-1],0,0,[],[],[]],[[[0,"He_cannot_read_well",".mp3",1.38449],-1],0,0,[],[],[]],[[{"name":"l14_boyreadsbook","rect":[0,0,868,689],"offset":[0,0],"originalSize":[868,689],"capInsets":[0,0,0,0]}],[0],0,[0],[0],[9]],[["0,9729,9729,33071,33071,0,0,1",-1],[1],0,[],[],[]],[["0,9729,9729,33071,33071,0,0,1",-1],[1],0,[],[],[]],[["0,9729,9729,33071,33071,0,0,1",-1],[1],0,[],[],[]],[[{"name":"l12_hecanjumphigh","rect":[0,0,868,689],"offset":[0,0],"originalSize":[868,689],"capInsets":[0,0,0,0]}],[0],0,[0],[0],[10]],[[[0,"She_can't_jump_high",".mp3",1.541224],-1],0,0,[],[],[]],[["0,9729,9729,33071,33071,0,0,1",-1],[1],0,[],[],[]],[[[0,"The_boy_reads_a_book",".mp3",1.854694],-1],0,0,[],[],[]],[[[0,"The_boy_doesn't_read_a_book",".mp3",1.985306],-1],0,0,[],[],[]],[[[0,"They_eat_fish",".mp3",1.28],-1],0,0,[],[],[]],[[{"name":"l14_shexlikedog","rect":[0,0,868,689],"offset":[0,0],"originalSize":[868,689],"capInsets":[0,0,0,0]}],[0],0,[0],[0],[11]],[["0,9729,9729,33071,33071,0,0,1",-1],[1],0,[],[],[]],[[[1,"sl_en3302",{"rows":[["picturemeaning","1","Description","S","He cannot run fast.","l12_hecannotrunfast.png","He_cannot_run_fast.mp3","She cannot run fast.","l12_shecannotrunfast.png","She_cannot_run_fast.mp3","He can run fast.","l12_hecanrunfast.png","He_can_run_fast.mp3"],["picturemeaning","1","Description","S","She cannot read well.","l12_shecannotreadwell.png","She_cannot_read_well.mp3","She cannot write well.","l12_shecannotwritewell.png","She_cannot_write_well.mp3","He cannot read well.","l12_hecannotreadwell.png","He_cannot_read_well.mp3"],["picturemeaning","1","Description","S","The boy cannot walk now.","l12_boycannotwalk.png","The_boy_cannot_walk_now.mp3","The boy cannot eat now.","l12_boycannoteat.png","The_boy_cannot_eat_now.mp3","The girl cannot walk now.","l12_girlcannotwalk.png","The_girl_cannot_walk_now.mp3"],["picturemeaning","1","Description","P","They cannot cook well.","l12_theycannotcookwell.png","They_cannot_cook_well.mp3","She can cook well.","l12_shecancookwell.png","She_can_cook_well.mp3","He can't cook well.","l12_hecantcookwell.png","He_can't_cook_well.mp3"],["picturemeaning","1","Description","P","He can't jump high.","l12_hecantjumphigh.png","He_can't_jump_high.mp3","She can't jump high.","l12_shecantjumphigh.png","She_can't_jump_high.mp3","He can jump high.","l12_hecanjumphigh.png","He_can_jump_high.mp3"],["picturemeaning","1","Description","S","They don't eat fish.","l14_theyxfish.png","They_don't_eat_fish.mp3","They don't eat salad.","l14_theyxsalad.png","They_don't_eat_salad.mp3","They eat fish.","l14_theyfish.png","They_eat_fish.mp3"],["picturemeaning","1","Description","P","Lions don't eat carrots.","l14_lionsxcarrots.png","Lions_don't_eat_carrots.mp3","Rabbits eat carrots.","l14_rabibitcarrots.png","Rabbits_eat_carrots.mp3","Zebras eat carrots.","l14_zebrascarrots.png","Zebras_eat_carrots.mp3"],["picturemeaning","1","Description","S","She doesn't like dogs.","l14_shexlikedog.png","She_doesn't_like_dogs.mp3","He doesn't like dogs.","l14_hexlikedog.png","He_doesn't_like_dogs.mp3","She doesn't like cats.","l14_shexlikecat.png","She_doesn't_like_cats.mp3"],["picturemeaning","1","Description","S","The boy doesn't read a book.","l14_boyxreadbook.png","The_boy_doesn't_read_a_book.mp3","The girl doesn't read a book.","l14_girlxreadbook.png","The_girl_doesn't_read_a_book.mp3","The boy reads a book.","l14_boyreadsbook.png","The_boy_reads_a_book.mp3"],["quizliteracy","1","Description","sentence_sentence","Lions don't eat carrots.","Lions don't eat carrots.","Lions doesn't eating carrots.","Lions not eat carrots.","","choose the right one","Choose_the_right_one.mp3"],["quizliteracy","1","Description","sentence_sentence","She cannot read well.","She cannot read well.","She cannotread well.","She cannot reading well.","","choose the right one","Choose_the_right_one.mp3"],["quizliteracy","1","Description","soundonly_image","l12_hecantcookwell.png","l12_shecancookwell.png","l12_theycannotcookwell.png","l12_hecantcookwell.png","","","He_can't_cook_well.mp3"],["quizliteracy","1","Description","soundonly_sentence","She doesn't like cats.","She doesn't like cats.","She likes cats.","She doesn't have dogs.","","","she_doesnt_like_cats.mp3"],["quizliteracy","1","Description","image_sentence","The boy cannot walk now.","The boy cannot eat now.","The boy cannot run now.","The boy cannot walk now.","l12_boycannotwalk.png","","The_boy_cannot_walk_now.mp3"]]}]],0,0,[],[],[]],[["0,9729,9729,33071,33071,0,0,1",-1],[1],0,[],[],[]],[["0,9729,9729,33071,33071,0,0,1",-1],[1],0,[],[],[]],[[[0,"The_boy_cannot_eat_now",".mp3",1.776327],-1],0,0,[],[],[]],[["0,9729,9729,33071,33071,0,0,1",-1],[1],0,[],[],[]],[["0,9729,9729,33071,33071,0,0,1",-1],[1],0,[],[],[]],[[[0,"They_don't_eat_fish",".mp3",1.645714],-1],0,0,[],[],[]],[[[0,"She_cannot_run_fast",".mp3",1.880816],-1],0,0,[],[],[]],[[[0,"she_doesnt_like_cats",".mp3",1.541224],-1],0,0,[],[],[]],[["0,9729,9729,33071,33071,0,0,1",-1],[1],0,[],[],[]],[[{"name":"l12_shecannotreadwell","rect":[0,0,868,689],"offset":[0,0],"originalSize":[868,689],"capInsets":[0,0,0,0]}],[0],0,[0],[0],[12]],[["0,9729,9729,33071,33071,0,0,1",-1],[1],0,[],[],[]],[["0,9729,9729,33071,33071,0,0,1",-1],[1],0,[],[],[]],[["0,9729,9729,33071,33071,0,0,1",-1],[1],0,[],[],[]],[[{"name":"l14_hexlikedog","rect":[0,0,868,689],"offset":[0,0],"originalSize":[868,689],"capInsets":[0,0,0,0]}],[0],0,[0],[0],[13]],[[{"name":"l12_hecannotrunfast","rect":[0,0,868,689],"offset":[0,0],"originalSize":[868,689],"capInsets":[0,0,0,0]}],[0],0,[0],[0],[14]],[[{"name":"l12_shecannotwritewell","rect":[0,0,868,689],"offset":[0,0],"originalSize":[868,689],"capInsets":[0,0,0,0]}],[0],0,[0],[0],[15]],[[{"name":"l14_zebrascarrots","rect":[0,0,868,689],"offset":[0,0],"originalSize":[868,689],"capInsets":[0,0,0,0]}],[0],0,[0],[0],[16]],[[{"name":"l12_shecancookwell","rect":[0,0,868,689],"offset":[0,0],"originalSize":[868,689],"capInsets":[0,0,0,0]}],[0],0,[0],[0],[17]],[["0,9729,9729,33071,33071,0,0,1",-1],[1],0,[],[],[]],[[{"name":"l14_boyxreadbook","rect":[0,0,868,689],"offset":[0,0],"originalSize":[868,689],"capInsets":[0,0,0,0]}],[0],0,[0],[0],[18]],[["0,9729,9729,33071,33071,0,0,1",-1],[1],0,[],[],[]],[[[0,"She_doesn't_like_cats",".mp3",1.541224],-1],0,0,[],[],[]],[["0,9729,9729,33071,33071,0,0,1",-1],[1],0,[],[],[]],[["0,9729,9729,33071,33071,0,0,1",-1],[1],0,[],[],[]],[[{"name":"l12_hecanrunfast","rect":[0,0,868,689],"offset":[0,0],"originalSize":[868,689],"capInsets":[0,0,0,0]}],[0],0,[0],[0],[19]],[["0,9729,9729,33071,33071,0,0,1",-1],[1],0,[],[],[]],[[[0,"The_girl_doesn't_read_a_book",".mp3",1.880816],-1],0,0,[],[],[]],[[{"name":"l14_girlxreadbook","rect":[0,0,868,689],"offset":[0,0],"originalSize":[868,689],"capInsets":[0,0,0,0]}],[0],0,[0],[0],[20]],[["0,9729,9729,33071,33071,0,0,1",-1],[1],0,[],[],[]],[[[0,"The_boy_cannot_walk_now",".mp3",1.854694],-1],0,0,[],[],[]],[[[0,"The_girl_cannot_walk_now",".mp3",2.115918],-1],0,0,[],[],[]],[["0,9729,9729,33071,33071,0,0,1",-1],[1],0,[],[],[]],[[{"name":"l14_theyxsalad","rect":[0,0,868,689],"offset":[0,0],"originalSize":[868,689],"capInsets":[0,0,0,0]}],[0],0,[0],[0],[21]],[[{"name":"l12_shecantjumphigh","rect":[0,0,868,689],"offset":[0,0],"originalSize":[868,689],"capInsets":[0,0,0,0]}],[0],0,[0],[0],[22]],[[[0,"They_don't_eat_salad",".mp3",1.776327],-1],0,0,[],[],[]],[[{"name":"l14_theyxfish","rect":[0,0,868,689],"offset":[0,0],"originalSize":[868,689],"capInsets":[0,0,0,0]}],[0],0,[0],[0],[23]],[[[0,"He_can_run_fast",".mp3",1.515102],-1],0,0,[],[],[]],[[[0,"She_cannot_write_well",".mp3",1.697959],-1],0,0,[],[],[]],[[{"name":"l12_shecannotrunfast","rect":[0,0,868,689],"offset":[0,0],"originalSize":[868,689],"capInsets":[0,0,0,0]}],[0],0,[0],[0],[24]],[["0,9729,9729,33071,33071,0,0,1",-1],[1],0,[],[],[]],[["0,9729,9729,33071,33071,0,0,1",-1],[1],0,[],[],[]],[["0,9729,9729,33071,33071,0,0,1",-1],[1],0,[],[],[]],[[{"name":"l14_theyfish","rect":[0,0,868,689],"offset":[0,0],"originalSize":[868,689],"capInsets":[0,0,0,0]}],[0],0,[0],[0],[25]],[["0,9729,9729,33071,33071,0,0,1",-1],[1],0,[],[],[]],[[[0,"He_can't_jump_high",".mp3",1.358367],-1],0,0,[],[],[]],[["0,9729,9729,33071,33071,0,0,1",-1],[1],0,[],[],[]],[[[0,"He_doesn't_like_dogs",".mp3",1.671837],-1],0,0,[],[],[]],[[{"name":"l12_hecantjumphigh","rect":[0,0,868,689],"offset":[0,0],"originalSize":[868,689],"capInsets":[0,0,0,0]}],[0],0,[0],[0],[26]],[[[0,"Zebras_eat_carrots",".mp3",1.671837],-1],0,0,[],[],[]]]]