[1,["1bx3Rm3PBHiaTDbFUwrglT","ceQbC9uYZF9LJ3M0VlboaP","8eV8xkFe9Pi5xVVacoqh2v"],["_textureSetter"],["cc.Texture2D","cc.SpriteFrame",["cc.AudioClip",["_name","_native","duration"],0],["cc.JsonAsset",["_name","json"],1]],[[2,0,1,2,4],[3,0,1,3]],[[["0,9729,9729,33071,33071,0,0,1",-1],[0],0,[],[],[]],[[[0,"फल",".mp3",0.496327],-1],0,0,[],[],[]],[[[1,"hi0121",{"rows":[["balloonpop","1","Description","2","फ","5","फ","फ.mp3"],["phonictractor","1","Description","5","फ","फ.mp3","फ","फ.mp3"],["writeletter","1","Description","फ","फल"],["writecard","1","Description","फ","फल","फल.png","फल.mp3","फसल","फसल.png","फसल.mp3","फूल","फूल.png","फूल.mp3"],["quizliteracy","1","Description","soundonly_word","फ","न","ध","फ","","","फ.mp3"],["quizliteracy","1","Description","word_word","फ","प","फ","न","","फ"],["quizliteracy","1","Description","soundonly_word","फ","फ","द","प","","","फ.mp3"]]}]],0,0,[],[],[]],[[{"name":"फूल","rect":[0,0,400,333],"offset":[0,0],"originalSize":[400,333],"capInsets":[0,0,0,0]}],[1],0,[0],[0],[0]],[[[0,"फ",".mp3",0.418],-1],0,0,[],[],[]],[["0,9729,9729,33071,33071,0,0,1",-1],[0],0,[],[],[]],[[[0,"फूल",".mp3",0.574694],-1],0,0,[],[],[]],[[{"name":"फसल","rect":[0,0,400,333],"offset":[0,0],"originalSize":[400,333],"capInsets":[0,0,0,0]}],[1],0,[0],[0],[1]],[["0,9729,9729,33071,33071,0,0,1",-1],[0],0,[],[],[]],[[{"name":"फल","rect":[0,0,400,333],"offset":[0,0],"originalSize":[400,333],"capInsets":[0,0,0,0]}],[1],0,[0],[0],[2]],[[[0,"फसल",".mp3",0.574694],-1],0,0,[],[],[]]]]