[1,["87C0hHcJVH4Iorz3wixFii","82eCa5UWtMw64sd/pf/0dL","ce+bwuFpdJsrzViRTYEjGU","99GUlI3k9BDIQc1t1EQWQe"],["_textureSetter"],["cc.SpriteFrame","cc.Texture2D",["cc.AudioClip",["_name","_native","duration"],0],["cc.JsonAsset",["_name","json"],1]],[[2,0,1,2,4],[3,0,1,3]],[[[[0,"The_balls_are_orange",".mp3",2.28],-1],0,0,[],[],[]],[[[1,"en_quiz0003",{"rows":[["quizliteracy","1","Description","soundonly_sentence","She walks. ","She walks. ","He runs. ","She eats. ","","","She_walks.mp3"],["quizliteracy","1","Description","sentence_sentence","Mary eats many apples.","Mary eats many apples.","Mary many apples eats.","Mary eating many apples.","","choose the right one","Choose_the_right_one.mp3"],["quizliteracy","1","Description","image_sentence","He can drive.","He can drive.","She can drive.","He can draw.","l7_hecandrive.png","","he_can_drive.mp3"],["quizliteracy","1","Description","image_sentence","This shirt is dirty.","This shirt is dirty.","These boots are clean.","These boots are dirty.","l5_shirtdirty.png","","This_shirt_is_dirty.mp3"],["quizliteracy","1","Description","sentence_sentence","An","The","A","An","","It is ___ ant.","It_is_an_ant.mp3"],["quizliteracy","1","Description","image_sentence","The ball is under the desk.","The ball is on the desk. ","The ball is in the desk.","The ball is under the desk.","l10_ballunderdesk.png","","The_ball_is_under_the_desk.mp3"],["quizliteracy","1","Description","sentence_sentence","She walks. ","Shewalks.","She walks. ","She walks?","","choose the right one","Choose_the_right_one.mp3"],["quizliteracy","1","Description","sentence_sentence","orange","orange","blue ","yellow","","The balls are ______.","The_balls_are_orange.mp3"],["quizliteracy","1","Description","sentence_sentence","small","small","big","short","","It is _____.","It_is_small.mp3"],["quizliteracy","1","Description","image_sentence","The man is the oldest of the three.","The cow is the biggest of the three.","The man is the oldest of the three.","The woman is cooking in the kitchen.","l13_oldmanbtwboys.png","","The_man_is_the_oldest_of_the_three.mp3"]]}]],0,0,[],[],[]],[[[0,"It_is_small",".mp3",1.512],-1],0,0,[],[],[]],[[[0,"The_man_is_the_oldest_of_the_three",".mp3",3.072],-1],0,0,[],[],[]],[[{"name":"l10_ballunderdesk","rect":[0,0,868,689],"offset":[0,0],"originalSize":[868,689],"capInsets":[0,0,0,0]}],[0],0,[0],[0],[0]],[[[0,"he_can_drive",".mp3",1.488],-1],0,0,[],[],[]],[[[0,"She_walks",".mp3",1.44],-1],0,0,[],[],[]],[[{"name":"l5_shirtdirty","rect":[0,0,868,689],"offset":[0,0],"originalSize":[868,689],"capInsets":[0,0,0,0]}],[0],0,[0],[0],[1]],[["0,9729,9729,33071,33071,0,0,1",-1],[1],0,[],[],[]],[["0,9729,9729,33071,33071,0,0,1",-1],[1],0,[],[],[]],[[[0,"It_is_an_ant",".mp3",1.512],-1],0,0,[],[],[]],[["0,9729,9729,33071,33071,0,0,1",-1],[1],0,[],[],[]],[[[0,"This_shirt_is_dirty",".mp3",2.184],-1],0,0,[],[],[]],[[[0,"The_ball_is_under_the_desk",".mp3",2.496],-1],0,0,[],[],[]],[[[0,"Choose_the_right_one",".mp3",2.064],-1],0,0,[],[],[]],[[{"name":"l7_hecandrive","rect":[0,0,868,689],"offset":[0,0],"originalSize":[868,689],"capInsets":[0,0,0,0]}],[0],0,[0],[0],[2]],[["0,9729,9729,33071,33071,0,0,1",-1],[1],0,[],[],[]],[[{"name":"l13_oldmanbtwboys","rect":[0,0,868,689],"offset":[0,0],"originalSize":[868,689],"capInsets":[0,0,0,0]}],[0],0,[0],[0],[3]]]]