[1,["06eO85nHdEFZurgnUp4o+j","ebQN79gwRG0JlUAdDok1yI","d7T4ddd8tItJnjVwY30/H9","81hP+ADgpLXIhUZc2WY3sT","ddvo6Bjd5PFr4zbBcslK3/","f9vqTLZQdIW5wxHaiaQhaF"],["_textureSetter"],["cc.Texture2D","cc.SpriteFrame",["cc.AudioClip",["_name","_native","duration"],0],["cc.JsonAsset",["_name","json"],1]],[[2,0,1,2,4],[3,0,1,3]],[[[[0,"अंजीर",".mp3",0.835918],-1],0,0,[],[],[]],[["0,9729,9729,33071,33071,0,0,1",-1],[0],0,[],[],[]],[[{"name":"सूरजमुखी","rect":[0,0,193,153],"offset":[0,0],"originalSize":[193,153],"capInsets":[0,0,0,0]}],[1],0,[0],[0],[0]],[[[0,"गेंदा",".mp3",0.888163],-1],0,0,[],[],[]],[[[0,"पं",".mp3",0.522449],-1],0,0,[],[],[]],[[[0,"ख",".mp3",0.5225],-1],0,0,[],[],[]],[[[0,"ध",".mp3",0.47025],-1],0,0,[],[],[]],[[{"name":"बोतल","rect":[0,0,193,153],"offset":[0,0],"originalSize":[193,153],"capInsets":[0,0,0,0]}],[1],0,[0],[0],[1]],[[[0,"बां",".mp3",0.679184],-1],0,0,[],[],[]],[["0,9729,9729,33071,33071,0,0,1",-1],[0],0,[],[],[]],[[{"name":"तितली","rect":[0,0,193,153],"offset":[0,0],"originalSize":[193,153],"capInsets":[0,0,0,0]}],[1],0,[0],[0],[2]],[[{"name":"अंजीर","rect":[0,0,193,153],"offset":[0,0],"originalSize":[193,153],"capInsets":[0,0,0,0]}],[1],0,[0],[0],[3]],[[[0,"होंठ",".mp3",0.600816],-1],0,0,[],[],[]],[[{"name":"गेंदा","rect":[0,0,193,153],"offset":[0,0],"originalSize":[193,153],"capInsets":[0,0,0,0]}],[1],0,[0],[0],[4]],[[[0,"बांध",".mp3",0.653061],-1],0,0,[],[],[]],[[[0,"पंख",".mp3",0.705306],-1],0,0,[],[],[]],[["0,9729,9729,33071,33071,0,0,1",-1],[0],0,[],[],[]],[["0,9729,9729,33071,33071,0,0,1",-1],[0],0,[],[],[]],[["0,9729,9729,33071,33071,0,0,1",-1],[0],0,[],[],[]],[[{"name":"होंठ","rect":[0,0,193,153],"offset":[0,0],"originalSize":[193,153],"capInsets":[0,0,0,0]}],[1],0,[0],[0],[5]],[[[1,"hi0809",{"rows":[["phonictractor","1","Description","5","बांध","बांध.mp3","बां","बां.mp3","ध","ध.mp3"],["phonictractor","1","Description","5","पंख","पंख.mp3","पं","पं.mp3","ख","ख.mp3"],["grid","1","Description","मां,बूं","दा"],["grid","1","Description","चों,घों,डों","गा"],["openwindow","1","Description","LEGIT","हों,ठ","होंठ.png","बोतल.png","होंठ.mp3","ज,ग,न,ल,फ,छा,ता,र,थ,व,न,घ,ट्र,क,घो,ड़ा,हा,थी,आ,म,स"],["openwindow","1","Description","LEGIT","गें,दा","गेंदा.png","सूरजमुखी.png","गेंदा.mp3","ज,ग,न,ल,फ,छा,ता,र,थ,व,न,घ,ट्र,क,घो,ड़ा,हा,थी,आ,म,स"],["openwindow","1","Description","LEGIT","अं,जी,र","अंजीर.png","तितली.png","अंजीर.mp3","ज,ग,न,ल,फ,छा,ता,र,थ,व,न,घ,ट्र,क,घो,ड़ा,हा,थी,आ,म,स"],["quizliteracy","1","Description","soundonly_word","बांध","होंठ","बांध","पंख","","","बांध.mp3"],["quizliteracy","1","Description","image_word","होंठ","बांध","पंख","होंठ","होंठ.png"],["quizliteracy","1","Description","soundonly_word","पंख","पंख","होंठ","बांध","","","पंख.mp3"]]}]],0,0,[],[],[]],[["0,9729,9729,33071,33071,0,0,1",-1],[0],0,[],[],[]]]]