[1,["caqSMW3K1IbamkxfxJpjWT","daxJwxWnFLJ5OoqL6Bldpx","0cKzLIvDtOkJATc8Q6MChp"],["_textureSetter"],["cc.SpriteFrame","cc.Texture2D",["cc.AudioClip",["_name","_native","duration"],0],["cc.JsonAsset",["_name","json"],1]],[[2,0,1,2,4],[3,0,1,3]],[[[{"name":"water","rect":[0,0,512,378],"offset":[0,0],"originalSize":[512,378],"capInsets":[0,0,0,0]}],[0],0,[0],[0],[0]],[["0,9729,9729,33071,33071,0,0,1",-1],[1],0,[],[],[]],[[[0,"ನೀರು",".mp3",0.696],-1],0,0,[],[],[]],[[[0,"ಅರೋಗ್ಯ",".mp3",0.84],-1],0,0,[],[],[]],[[{"name":"boy","rect":[0,0,512,340],"offset":[0,0],"originalSize":[512,340],"capInsets":[0,0,0,0]}],[0],0,[0],[0],[1]],[[[0,"ರು",".mp3",0.528],-1],0,0,[],[],[]],[[[0,"ತಿ",".mp3",0.504],-1],0,0,[],[],[]],[[[0,"ಗ್ಯ",".mp3",0.576],-1],0,0,[],[],[]],[[[0,"ಹತ್ತಿರ",".mp3",0.792],-1],0,0,[],[],[]],[[{"name":"woman","rect":[0,0,512,378],"offset":[0,0],"originalSize":[512,378],"capInsets":[0,0,0,0]}],[0],0,[0],[0],[2]],[[[0,"ವ",".mp3",0.48],-1],0,0,[],[],[]],[[[0,"ಹ",".mp3",0.504],-1],0,0,[],[],[]],[[[1,"kn3701",{"rows":[["phonictractor","1","Description","4","ಹತ್ತಿರ","ಹತ್ತಿರ.mp3","ಹ","ಹ.mp3","ತ್ತಿ","ತ್ತಿ.mp3","ರ","ರ.mp3"],["spelldoor","1","Description","ನೀರು","**","0","0","water.png","ನೀರು.mp3"],["phonictractor","1","Description","4","ಪ್ರೀತಿ","ಪ್ರೀತಿ.mp3","ಪ್ರೀ","ಪ್ರೀ.mp3","ತಿ","ತಿ.mp3"],["spelldoor","1","Description","ಚಿ,ಕ್ಕ,ಮ್ಮ","***","0","0","woman.png","ಚಿಕ್ಕಮ್ಮ.mp3"],["phonictractor","1","Description","4","ಅರೋಗ್ಯ","ಅರೋಗ್ಯ.mp3","ಅ","ಅ.mp3","ರೋ","ರೋ.mp3","ಗ್ಯ","ಗ್ಯ.mp3"],["spelldoor","1","Description","ತ,ಮ್ಮ","**","0","0","boy.png","ತಮ್ಮ.mp3"],["phonictractor","1","Description","4","ಅವರು","ಅವರು.mp3","ಅ","ಅ.mp3","ವ","ವ.mp3","ರು","ರು.mp3"],["quizliteracy","1","Description","word_word","ಚಿಕ್ಕ","ದೊಡ್ಡ","ನನ್ನ","ಚಿಕ್ಕ","","____ಮ್ಮ","ಚಿಕ್ಕಮ್ಮ.mp3"],["quizliteracy","1","Description","image_word","ನೀರು","ಪ್ರೀತಿ","ನೀರು","ಅವರು","water.png"],["quizliteracy","1","Description","soundonly_word","ಅರೋಗ್ಯ","ಅರೋಗ್ಯ","ಹತ್ತಿರ","ಪ್ರೀತಿ","","","ಅರೋಗ್ಯ.mp3"]]}]],0,0,[],[],[]],[[[0,"ಪ್ರೀತಿ",".mp3",0.744],-1],0,0,[],[],[]],[[[0,"ರ",".mp3",0.48],-1],0,0,[],[],[]],[[[0,"ಅವರು",".mp3",0.672],-1],0,0,[],[],[]],[[[0,"ಪ್ರೀ",".mp3",0.576],-1],0,0,[],[],[]],[[[0,"ತ್ತಿ",".mp3",0.72],-1],0,0,[],[],[]],[[[0,"ಚಿಕ್ಕಮ್ಮ",".mp3",0.84],-1],0,0,[],[],[]],[[[0,"ರೋ",".mp3",0.552],-1],0,0,[],[],[]],[[[0,"ತಮ್ಮ",".mp3",0.648],-1],0,0,[],[],[]],[["0,9729,9729,33071,33071,0,0,1",-1],[1],0,[],[],[]],[["0,9729,9729,33071,33071,0,0,1",-1],[1],0,[],[],[]],[[[0,"ಅ",".mp3",0.456],-1],0,0,[],[],[]]]]