[1,["ecgzbZXJRNj76RXbyoRR/q"],["_textureSetter"],["cc.SpriteFrame","cc.Texture2D",["cc.AudioClip",["_name","_native","duration"],0],["cc.JsonAsset",["_name","json"],1]],[[2,0,1,2,4],[3,0,1,3]],[[[[0,"dream",".mp3",0.914286],-1],0,0,[],[],[]],[[[0,"drive",".mp3",0.731429],-1],0,0,[],[],[]],[[[0,"drum",".mp3",0.679184],-1],0,0,[],[],[]],[[[0,"cr",".mp3",1.436735],-1],0,0,[],[],[]],[[{"name":"drum","rect":[0,0,1200,1000],"offset":[0,0],"originalSize":[1200,1000],"capInsets":[0,0,0,0]}],[0],0,[0],[0],[0]],[[[0,"dress",".mp3",0.783673],-1],0,0,[],[],[]],[[[0,"drip",".mp3",0.470204],-1],0,0,[],[],[]],[[[0,"draw",".mp3",0.809796],-1],0,0,[],[],[]],[[[0,"drop",".mp3",0.522449],-1],0,0,[],[],[]],[[[0,"dry",".mp3",0.653061],-1],0,0,[],[],[]],[[[0,"dr",".mp3",1.104],-1],0,0,[],[],[]],[[[0,"cross",".mp3",0.653061],-1],0,0,[],[],[]],[[[1,"sl_en1706",{"rows":[["grid","1","Description","dr","y,aw,ip"],["grid","1","Description","dr","op,ub,ew"],["grid","1","Description","dr","ive,ink,eam"],["rocket","1","Description","drum","d,r,u,m","d,r,u,m","drum.mp3","drum.png","false","false"],["speakingpet","1","Description","dr.mp3","cr.mp3","dress","dress.mp3","A","1,2","drive","drive.mp3","A","1,2","crab","crab.mp3","B","1,2","cross","cross.mp3","B","1,2"],["quizliteracy","1","Description","image_word","drum","drum","dress","farm","drum.png"],["quizliteracy","1","Description","soundonly_word","dress","farm","drum","dress","","","dress.mp3"],["quizliteracy","1","Description","soundonly_word","drive","drive","dress","crab","","","drive.mp3"],["quizliteracy","1","Description","soundonly_word","drum","dress","drum","farm","","","drum.mp3"]]}]],0,0,[],[],[]],[[[0,"drink",".mp3",1.018776],-1],0,0,[],[],[]],[[[0,"drew",".mp3",1.227755],-1],0,0,[],[],[]],[["0,9729,9729,33071,33071,0,0,1",-1],[1],0,[],[],[]],[[[0,"crab",".mp3",0.600816],-1],0,0,[],[],[]],[[[0,"drub",".mp3",0.548571],-1],0,0,[],[],[]]]]