[1,["45wUWxtGdAVrV4fz8OnuNC","85cPSNZhlAPplOCNHlOvqh","085R5Cm0lEA4+5+ZCQjBku","ab/jDpmghCvbMGayClK0Ys","05M71NeYlKU7wBkLx9M8B+","89SnTzYqtE7oSBKLcD2XRi","77PdOJWCRAp6/ihDEBGI/8","deqwnAwaJI4IdgIkpxhDcs","723q8gfsdCr7odQxTvi28o","6dT6FSiitPgbo22bp2NN0H","06d1saQ5tBG6PHxKWcnDoS","656NO41ahIpa25VMhw1fRv","8bBP6ToxBN0Y3LF3XXMwgA","99EhZw8Q9BiKLSv7F8v5ej","557kwzT/RI9qYLyI5I6R0t","26frY8h8RJN5resvvl81Ug","18OMoL6ShEDJD+eIM1hX3Q","1c9+YjpIBD9LuMcErIyBmm","32Sn2dm0hIvZHwlfmLZvA3","02Dz7L3rxBsLGGB89p9Ly8"],["_textureSetter"],["cc.Texture2D","cc.SpriteFrame",["cc.AudioClip",["_name","_native","duration"],0],["cc.JsonAsset",["_name","json"],1]],[[2,0,1,2,4],[3,0,1,3]],[[["0,9729,9729,33071,33071,0,0,1",-1],[0],0,[],[],[]],[[[0,"ಕರಟ",".mp3",0.72],-1],0,0,[],[],[]],[["0,9729,9729,33071,33071,0,0,1",-1],[0],0,[],[],[]],[["0,9729,9729,33071,33071,0,0,1",-1],[0],0,[],[],[]],[["0,9729,9729,33071,33071,0,0,1",-1],[0],0,[],[],[]],[[{"name":"dogbarking","rect":[0,0,800,533],"offset":[0,0],"originalSize":[800,533],"capInsets":[0,0,0,0]}],[1],0,[0],[0],[0]],[["0,9729,9729,33071,33071,0,0,1",-1],[0],0,[],[],[]],[["0,9729,9729,33071,33071,0,0,1",-1],[0],0,[],[],[]],[["0,9729,9729,33071,33071,0,0,1",-1],[0],0,[],[],[]],[[[0,"ಕರ",".mp3",0.576],-1],0,0,[],[],[]],[["0,9729,9729,33071,33071,0,0,1",-1],[0],0,[],[],[]],[[{"name":"karagafestival","rect":[0,0,800,533],"offset":[0,0],"originalSize":[800,533],"capInsets":[0,0,0,0]}],[1],0,[0],[0],[1]],[[[0,"ಕಮಲ",".mp3",0.72],-1],0,0,[],[],[]],[["0,9729,9729,33071,33071,0,0,1",-1],[0],0,[],[],[]],[["0,9729,9729,33071,33071,0,0,1",-1],[0],0,[],[],[]],[["0,9729,9729,33071,33071,0,0,1",-1],[0],0,[],[],[]],[[[0,"ಲಕಲಕ",".mp3",0.864],-1],0,0,[],[],[]],[[[0,"ಊಟ",".mp3",1.128],-1],0,0,[],[],[]],[["0,9729,9729,33071,33071,0,0,1",-1],[0],0,[],[],[]],[["0,9729,9729,33071,33071,0,0,1",-1],[0],0,[],[],[]],[[[0,"ಕದನ",".mp3",0.696],-1],0,0,[],[],[]],[["0,9729,9729,33071,33071,0,0,1",-1],[0],0,[],[],[]],[[{"name":"sky","rect":[0,0,500,332],"offset":[0,0],"originalSize":[500,332],"capInsets":[0,0,0,0]}],[1],0,[0],[0],[2]],[[{"name":"coconutshell","rect":[0,0,800,643],"offset":[0,0],"originalSize":[800,643],"capInsets":[0,0,0,0]}],[1],0,[0],[0],[3]],[[{"name":"palm","rect":[0,0,500,333],"offset":[0,0],"originalSize":[500,333],"capInsets":[0,0,0,0]}],[1],0,[0],[0],[4]],[["0,9729,9729,33071,33071,0,0,1",-1],[0],0,[],[],[]],[["0,9729,9729,33071,33071,0,0,1",-1],[0],0,[],[],[]],[["0,9729,9729,33071,33071,0,0,1",-1],[0],0,[],[],[]],[[{"name":"mangotree","rect":[0,0,500,281],"offset":[0,0],"originalSize":[500,281],"capInsets":[0,0,0,0]}],[1],0,[0],[0],[5]],[[[0,"ಕರಗ",".mp3",0.72],-1],0,0,[],[],[]],[["0,9729,9729,33071,33071,0,0,1",-1],[0],0,[],[],[]],[[{"name":"shining","rect":[0,0,800,533],"offset":[0,0],"originalSize":[800,533],"capInsets":[0,0,0,0]}],[1],0,[0],[0],[6]],[[[0,"ಈಚಲ",".mp3",1.008],-1],0,0,[],[],[]],[[[1,"kn0303",{"rows":[["openwindow","1","Description","LEGIT","ಕ,ರ,ಟ","coconutshell.png","pineapple.png","ಕರಟ.mp3","ಕ,ರ,ಟ"],["openwindow","1","Description","LEGIT","ಕ,ಮ,ಲ","lotus.png","rose.png","ಕಮಲ.mp3","ಕ,ಮ,ಲ"],["openwindow","1","Description","LEGIT","ಲ,ಕ,ಲ,ಕ","shining.png","dull.png","ಲಕಲಕ.mp3","ಲ,ಕ,ಲ,ಕ"],["openwindow","1","Description","LEGIT","ಅ,ಗ,ಲ","width.png","sky.png","ಅಗಲ.mp3","ಅ,ಗ,ಲ"],["openwindow","1","Description","LEGIT","ಈ,ಚ,ಲ","palm.png","mangotree.png","ಈಚಲ.mp3","ಈ,ಚ,ಲ"],["openwindow","1","Description","LEGIT","ಊ,ಟ","eatingmeals.png","playing.png","ಊಟ.mp3","ಊ,ಟ"],["openwindow","1","Description","LEGIT","ಕ,ಲ,ರ,ವ","birdschirping.png","dogbarking.png","ಕಲರವ.mp3","ಕ,ಲ,ರ,ವ"],["openwindow","1","Description","LEGIT","ಕ,ರ","hand.png","leg.png","ಕರ.mp3","ಕ,ರ"],["openwindow","1","Description","LEGIT","ಕ,ದ,ನ","fight_battle.png","play.png","ಕದನ.mp3","ಕ,ದ,ನ"],["openwindow","1","Description","LEGIT","ಕ,ರ,ಗ","karagafestival.png","footballgame.png","ಕರಗ.mp3","ಕ,ರ,ಗ"],["quizliteracy","1","Description","image_word","ಕಮಲ","ಕಮಲ","ಕರ","ಅಗಲ","lotus.png"],["quizliteracy","1","Description","image_word","ಕರ","ಅಗಲ","ಕಮಲ","ಕರ","hand.png"],["quizliteracy","1","Description","image_word","ಅಗಲ","ಕರ","ಅಗಲ","ಕಮಲ","width.png"]]}]],0,0,[],[],[]],[["0,9729,9729,33071,33071,0,0,1",-1],[0],0,[],[],[]],[[{"name":"dull","rect":[0,0,800,533],"offset":[0,0],"originalSize":[800,533],"capInsets":[0,0,0,0]}],[1],0,[0],[0],[7]],[[{"name":"fight_battle","rect":[0,0,800,672],"offset":[0,0],"originalSize":[800,672],"capInsets":[0,0,0,0]}],[1],0,[0],[0],[8]],[[{"name":"lotus","rect":[0,0,500,333],"offset":[0,0],"originalSize":[500,333],"capInsets":[0,0,0,0]}],[1],0,[0],[0],[9]],[[{"name":"leg","rect":[0,0,500,334],"offset":[0,0],"originalSize":[500,334],"capInsets":[0,0,0,0]}],[1],0,[0],[0],[10]],[[{"name":"footballgame","rect":[0,0,618,800],"offset":[0,0],"originalSize":[618,800],"capInsets":[0,0,0,0]}],[1],0,[0],[0],[11]],[[{"name":"eatingmeals","rect":[0,0,800,533],"offset":[0,0],"originalSize":[800,533],"capInsets":[0,0,0,0]}],[1],0,[0],[0],[12]],[[[0,"ಅಗಲ",".mp3",1.176],-1],0,0,[],[],[]],[[{"name":"width","rect":[0,0,596,800],"offset":[0,0],"originalSize":[596,800],"capInsets":[0,0,0,0]}],[1],0,[0],[0],[13]],[[{"name":"rose","rect":[0,0,500,334],"offset":[0,0],"originalSize":[500,334],"capInsets":[0,0,0,0]}],[1],0,[0],[0],[14]],[[[0,"ಕಲರವ",".mp3",0.816],-1],0,0,[],[],[]],[["0,9729,9729,33071,33071,0,0,1",-1],[0],0,[],[],[]],[[{"name":"pineapple","rect":[0,0,800,590],"offset":[0,0],"originalSize":[800,590],"capInsets":[0,0,0,0]}],[1],0,[0],[0],[15]],[[{"name":"playing","rect":[0,0,800,533],"offset":[0,0],"originalSize":[800,533],"capInsets":[0,0,0,0]}],[1],0,[0],[0],[16]],[[{"name":"birdschirping","rect":[0,0,674,800],"offset":[0,0],"originalSize":[674,800],"capInsets":[0,0,0,0]}],[1],0,[0],[0],[17]],[[{"name":"play","rect":[0,0,500,346],"offset":[0,0],"originalSize":[500,346],"capInsets":[0,0,0,0]}],[1],0,[0],[0],[18]],[[{"name":"hand","rect":[0,0,500,500],"offset":[0,0],"originalSize":[500,500],"capInsets":[0,0,0,0]}],[1],0,[0],[0],[19]]]]