[1,["81d3wV4bNINY3uFuy4rcBA","e92w7FR/FK+rDKyLzLho5t","4ey4aJM7FFhZloGe2tx4cc"],["_textureSetter"],["cc.SpriteFrame","cc.Texture2D",["cc.AudioClip",["_name","_native","duration"],0],["cc.JsonAsset",["_name","json"],1]],[[2,0,1,2,4],[3,0,1,3]],[[[[0,"ड",".mp3",0.914286],-1],0,0,[],[],[]],[[{"name":"dafli","rect":[1,1,359,317],"offset":[0.5,-0.5],"originalSize":[360,318],"capInsets":[0,0,0,0]}],[0],0,[0],[0],[0]],[[[0,"डबा",".mp3",1.07102],-1],0,0,[],[],[]],[[{"name":"damru","rect":[0,0,640,640],"offset":[0,0],"originalSize":[640,640],"capInsets":[0,0,0,0]}],[0],0,[0],[0],[1]],[["0,9729,9729,33071,33071,0,0,1",-1],[1],0,[],[],[]],[[[0,"डफळी",".mp3",1.17551],-1],0,0,[],[],[]],[["0,9729,9729,33071,33071,0,0,1",-1],[1],0,[],[],[]],[[[0,"डमरू",".mp3",1.07102],-1],0,0,[],[],[]],[[{"name":"lunchbox","rect":[0,0,275,183],"offset":[0,0],"originalSize":[275,183],"capInsets":[0,0,0,0]}],[0],0,[0],[0],[2]],[[[1,"mr0112",{"rows":[["balloonpop","1","Description","2","ड","3","ड,ठ,ट","ड.mp3"],["phonictractor","1","Description","5","ड","ड.mp3","ड","ड.mp3"],["writeletter","1","Description","ड","डबा"],["writecard","1","Description","ड","डबा","lunchbox.png","डबा.mp3","डमरू","damru.png","डमरू.mp3","डफळी","dafli.png","डफळी.mp3"],["quizliteracy","1","Description","soundonly_word","ड","ठ","ड","ऋ","","","ड.mp3"],["quizliteracy","1","Description","word_word","ड","ड","ठ","ऊ","","ड"],["quizliteracy","1","Description","soundonly_word","ड","ठ","ड","ऋ","","","ड.mp3"]]}]],0,0,[],[],[]],[["0,9729,9729,33071,33071,0,0,1",-1],[1],0,[],[],[]]]]