[1,["8eZgo8sYlHu7qXDrz/TQa5","36r3YbhL9Lz7jTB+EOsFkD","0dXwAb+ftL270MSK+9JZYk"],["_textureSetter"],["cc.Texture2D","cc.SpriteFrame",["cc.AudioClip",["_name","_native","duration"],0],["cc.JsonAsset",["_name","json"],1]],[[2,0,1,2,4],[3,0,1,3]],[[[[0,"yam",".mp3",0.835918],-1],0,0,[],[],[]],[["0,9729,9729,33071,33071,0,0,1",-1],[0],0,[],[],[]],[[{"name":"yam","rect":[0,0,400,333],"offset":[0,0],"originalSize":[400,333],"capInsets":[0,0,0,0]}],[1],0,[0],[0],[0]],[["0,9729,9729,33071,33071,0,0,1",-1],[0],0,[],[],[]],[[[0,"y",".mp3",0.705306],-1],0,0,[],[],[]],[["0,9729,9729,33071,33071,0,0,1",-1],[0],0,[],[],[]],[[[0,"yellow",".mp3",0.888163],-1],0,0,[],[],[]],[[[0,"yolk",".mp3",0.653061],-1],0,0,[],[],[]],[[{"name":"yolk","rect":[0,0,400,333],"offset":[0,0],"originalSize":[400,333],"capInsets":[0,0,0,0]}],[1],0,[0],[0],[1]],[[[1,"sl_en0405",{"rows":[["balloonpop","1","Description","2","y","5","y,x,w","y.mp3"],["writeletter","1","Description","y","-"],["writecard","1","Description","y","yam","yam.png","yam.mp3","yellow","yellow.png","yellow.mp3","yolk","yolk.png","yolk.mp3"],["quizliteracy","1","Description","soundonly_word","y","s","q","y","","","y.mp3"],["quizliteracy","1","Description","word_word","y","g","y","x","","y"],["quizliteracy","1","Description","soundonly_word","y","w","b","y","","","y.mp3"]]}]],0,0,[],[],[]],[[{"name":"yellow","rect":[0,0,615,588],"offset":[0,0],"originalSize":[615,588],"capInsets":[0,0,0,0]}],[1],0,[0],[0],[2]]]]