[1,["74QhxS7ftMC6tEof8BBs2t","d1oRwh1QZF5py9YP+7CqEG","27J8SigYhEcK0oCRMDHndL","5evUc29YZJYZ3GHoZUL7rw","eae9Jp+lJI0LynAjEUHb7W","44m4V24XxI3pkxT2Jvg2j8"],["_textureSetter"],["cc.SpriteFrame","cc.Texture2D",["cc.AudioClip",["_name","_native","duration"],0],["cc.JsonAsset",["_name","json"],1]],[[2,0,1,2,4],[3,0,1,3]],[[[{"name":"बिजली","rect":[0,0,193,153],"offset":[0,0],"originalSize":[193,153],"capInsets":[0,0,0,0]}],[0],0,[0],[0],[0]],[[[0,"डी",".mp3",0.39175],-1],0,0,[],[],[]],[[[0,"म",".mp3",0.5225],-1],0,0,[],[],[]],[[{"name":"तेंदुआ","rect":[0,0,193,153],"offset":[0,0],"originalSize":[193,153],"capInsets":[0,0,0,0]}],[0],0,[0],[0],[1]],[["0,9729,9729,33071,33071,0,0,1",-1],[1],0,[],[],[]],[[[0,"क",".mp3",0.418],-1],0,0,[],[],[]],[["0,9729,9729,33071,33071,0,0,1",-1],[1],0,[],[],[]],[[[0,"खि",".mp3",0.653061],-1],0,0,[],[],[]],[[[0,"बिजली",".mp3",0.914286],-1],0,0,[],[],[]],[[[0,"आदमी",".mp3",0.862041],-1],0,0,[],[],[]],[["0,9729,9729,33071,33071,0,0,1",-1],[1],0,[],[],[]],[[[0,"छ",".mp3",0.653],-1],0,0,[],[],[]],[["0,9729,9729,33071,33071,0,0,1",-1],[1],0,[],[],[]],[[[0,"ति",".mp3",0.470204],-1],0,0,[],[],[]],[[[0,"मछली",".mp3",0.888163],-1],0,0,[],[],[]],[[{"name":"लडकी","rect":[0,0,271,271],"offset":[0,0],"originalSize":[271,271],"capInsets":[0,0,0,0]}],[0],0,[0],[0],[2]],[[{"name":"कंघी","rect":[0,0,193,153],"offset":[0,0],"originalSize":[193,153],"capInsets":[0,0,0,0]}],[0],0,[0],[0],[3]],[[[1,"hi0607",{"rows":[["phonictractor","1","Description","5","मछली","मछली.mp3","म","म.mp3","छ","छ.mp3","ली","ली.mp3"],["phonictractor","1","Description","5","तितली","तितली.mp3","ति","ति.mp3","त","त.mp3","ली","ली.mp3"],["phonictractor","1","Description","5","लकड़ी","लकडी.mp3","ल","ल.mp3","क","क.mp3","ड़ी","डी.mp3"],["phonictractor","1","Description","5","खिलाड़ी","खिलाडी.mp3","खि","खि.mp3","ला","ला.mp3","ड़ी","डी.mp3"],["rocket","1","Description","लड़की","ल,ड़,की","ल,ड़,की","लडकी.mp3","लडकी.png","false ","true "],["rocket","1","Description","मछली","म,छ,ली","म,छ,ली","मछली.mp3","मछली.png","false ","true "],["openwindow","1","Description","LEGIT","बि,ज,ली","बिजली.png","कंघी.png","बिजली.mp3","ज,ग,न,ल,फ,छा,ता,र,थ,व,न,घ,ट्र,क,घो,ड़ा,हा,थी,आ,म,स"],["openwindow","1","Description","LEGIT","आ,द,मी","आदमी.png","तेंदुआ.png","आदमी.mp3","ज,ग,न,ल,फ,छा,ता,र,थ,व,न,घ,ट्र,क,घो,ड़ा,हा,थी,आ,म,स"],["quizliteracy","1","Description","soundonly_word","बिजली","लड़की","मछली","बिजली","","","बिजली.mp3"],["quizliteracy","1","Description","image_word","लड़की","मछली","बिजली","लड़की","लडकी.png"],["quizliteracy","1","Description","soundonly_word","मछली","बिजली","लड़की","मछली","","","मछली.mp3"]]}]],0,0,[],[],[]],[[[0,"ली",".mp3",0.679184],-1],0,0,[],[],[]],[[[0,"लडकी",".mp3",0.940408],-1],0,0,[],[],[]],[[[0,"त",".mp3",0.444],-1],0,0,[],[],[]],[["0,9729,9729,33071,33071,0,0,1",-1],[1],0,[],[],[]],[[[0,"ला",".mp3",0.679184],-1],0,0,[],[],[]],[[[0,"ल",".mp3",0.47025],-1],0,0,[],[],[]],[[{"name":"मछली","rect":[0,0,271,271],"offset":[0,0],"originalSize":[271,271],"capInsets":[0,0,0,0]}],[0],0,[0],[0],[4]],[[{"name":"आदमी","rect":[0,0,193,153],"offset":[0,0],"originalSize":[193,153],"capInsets":[0,0,0,0]}],[0],0,[0],[0],[5]],[["0,9729,9729,33071,33071,0,0,1",-1],[1],0,[],[],[]],[[[0,"तितली",".mp3",0.679184],-1],0,0,[],[],[]],[[[0,"खिलाडी",".mp3",0.757551],-1],0,0,[],[],[]],[[[0,"लकडी",".mp3",0.809796],-1],0,0,[],[],[]]]]