[1,["b2ocJvpJBEkJVBgDuIdG75","80InWS9QNMoaBfXMlSTlaa","c6WTcwyBhD55oiHLAP4kHS","95/cmUe+JJYqv6fTrRlc+Z","0e3t+WTPlFhaIXqwSHNyh1"],["_textureSetter"],["cc.SpriteFrame","cc.Texture2D",["cc.AudioClip",["_name","_native","duration"],0],["cc.JsonAsset",["_name","json"],1]],[[2,0,1,2,4],[3,0,1,3]],[[[{"name":"top","rect":[0,0,500,500],"offset":[0,0],"originalSize":[500,500],"capInsets":[0,0,0,0]}],[0],0,[0],[0],[0]],[["0,9729,9729,33071,33071,0,0,1",-1],[1],0,[],[],[]],[[[0,"ಗುಲಾಬಿ",".mp3",0.816],-1],0,0,[],[],[]],[[{"name":"rose","rect":[0,0,500,334],"offset":[0,0],"originalSize":[500,334],"capInsets":[0,0,0,0]}],[0],0,[0],[0],[1]],[[{"name":"kadubu","rect":[0,0,500,374],"offset":[0,0],"originalSize":[500,374],"capInsets":[0,0,0,0]}],[0],0,[0],[0],[2]],[["0,9729,9729,33071,33071,0,0,1",-1],[1],0,[],[],[]],[[{"name":"peacock","rect":[0,0,800,520],"offset":[0,0],"originalSize":[800,520],"capInsets":[0,0,0,0]}],[0],0,[0],[0],[3]],[["0,9729,9729,33071,33071,0,0,1",-1],[1],0,[],[],[]],[[{"name":"worm","rect":[0,0,500,333],"offset":[0,0],"originalSize":[500,333],"capInsets":[0,0,0,0]}],[0],0,[0],[0],[4]],[[[0,"ಕಡುಬು",".mp3",0.768],-1],0,0,[],[],[]],[["0,9729,9729,33071,33071,0,0,1",-1],[1],0,[],[],[]],[["0,9729,9729,33071,33071,0,0,1",-1],[1],0,[],[],[]],[[[0,"ಹುಳು",".mp3",0.648],-1],0,0,[],[],[]],[[[0,"ನವಿಲು",".mp3",0.744],-1],0,0,[],[],[]],[[[0,"ಬುಗುರಿ",".mp3",0.744],-1],0,0,[],[],[]],[[[1,"kn4106",{"rows":[["spelldoor","1","Description","ಹುಳು","ಹು*","0","0","worm.png","ಹುಳು.mp3"],["spelldoor","1","Description","ಗುಲಾಬಿ","ಗು*ಬಿ","0","0","rose.png","ಗುಲಾಬಿ.mp3"],["spelldoor","1","Description","ನವಿಲು","ನವಿ*","0","0","peacock.png","ನವಿಲು.mp3"],["spelldoor","1","Description","ಕಡುಬು","ಕ*ಬು","0","0","kadubu.png","ಕಡುಬು.mp3"],["spelldoor","1","Description","ಬುಗುರಿ","ಬು*ರಿ","0","0","top.png","ಬುಗುರಿ.mp3"],["quizliteracy","1","Description","word_word","ಡುಬು","ಮಲ","ರಗ","ಡುಬು","","ಕ______","ಕಡುಬು.mp3"],["quizliteracy","1","Description","image_word","ನವಿಲು","ನವಿಲು","ಬುಗುರಿ","ಗುಲಾಬಿ","peacock.png"],["quizliteracy","1","Description","soundonly_word","ಗುಲಾಬಿ","ಬುಗುರಿ","ಗುಲಾಬಿ","ಕಡುಬು","","","ಗುಲಾಬಿ.mp3"]]}]],0,0,[],[],[]]]]