[1,["80qSxr68dOq6yFsdFfjajN","d7stG85nhKw7sqHWpWHxMt","69NuXa3a9KIo8oLLjnb6+9","93ygvxknBJhoPaM8MEx0fM","76RlvLSY1IoJjIJCqWQEWQ","c6sLidKVxN87V0Aa9QED+M","d8aZQjpjtP76hjqRfy/kjr","7d8kHR2BNFfLC8TxzWpXYc","f54EUrMi9BDLcI0yM9EFO/","4brrtfT/pCGZ23rJFf5dBJ","23ruZYsNVGQLO+29nIK6sN","06JWTdRShEgKoQJuxQmokn","b1+/eKAtpHu73dS7Czi+5i","26jnoU0+JB7qAUP6Ffy9R8","8aNHntcldHbqnSd4GfgC77","03/fP3X/hCbIgKFcVhbWI9","bb2kb6bJNKCJU1RUCTrfBy","1a4Db4kGtHIacnDchnXaDj"],["_textureSetter"],["cc.Texture2D","cc.SpriteFrame",["cc.AudioClip",["_name","_native","duration"],0],["cc.JsonAsset",["_name","json"],1]],[[2,0,1,2,4],[3,0,1,3]],[[[[0,"पान",".mp3",0.835918],-1],0,0,[],[],[]],[["0,9729,9729,33071,33071,0,0,1",-1],[0],0,[],[],[]],[[[0,"तबला",".mp3",1.07102],-1],0,0,[],[],[]],[["0,9729,9729,33071,33071,0,0,1",-1],[0],0,[],[],[]],[[[0,"ससा",".mp3",1.07102],-1],0,0,[],[],[]],[["0,9729,9729,33071,33071,0,0,1",-1],[0],0,[],[],[]],[["0,9729,9729,33071,33071,0,0,1",-1],[0],0,[],[],[]],[["0,9729,9729,33071,33071,0,0,1",-1],[0],0,[],[],[]],[[{"name":"note","rect":[0,0,640,407],"offset":[0,0],"originalSize":[640,407],"capInsets":[0,0,0,0]}],[1],0,[0],[0],[0]],[[[0,"पपई",".mp3",0.992653],-1],0,0,[],[],[]],[[[0,"तराजू",".mp3",1.201633],-1],0,0,[],[],[]],[["0,9729,9729,33071,33071,0,0,1",-1],[0],0,[],[],[]],[[{"name":"mouse","rect":[0,0,640,425],"offset":[0,0],"originalSize":[640,425],"capInsets":[0,0,0,0]}],[1],0,[0],[0],[1]],[[{"name":"cane","rect":[0,0,640,427],"offset":[0,0],"originalSize":[640,427],"capInsets":[0,0,0,0]}],[1],0,[0],[0],[2]],[[[0,"नाक",".mp3",0.626939],-1],0,0,[],[],[]],[[{"name":"bicycle","rect":[42,24,580,339],"offset":[12,-8],"originalSize":[640,371],"capInsets":[0,0,0,0]}],[1],0,[0],[0],[3]],[[{"name":"rain","rect":[0,0,602,640],"offset":[0,0],"originalSize":[602,640],"capInsets":[0,0,0,0]}],[1],0,[0],[0],[4]],[["0,9729,9729,33071,33071,0,0,1",-1],[0],0,[],[],[]],[[{"name":"nine","rect":[108,42,387,549],"offset":[-18.5,3.5],"originalSize":[640,640],"capInsets":[0,0,0,0]}],[1],0,[0],[0],[5]],[[{"name":"ukhal","rect":[0,0,640,480],"offset":[0,0],"originalSize":[640,480],"capInsets":[0,0,0,0]}],[1],0,[0],[0],[6]],[[[1,"mr0803",{"rows":[["writecard","1","Description","उ","उंदीर","mouse.png","उंदीर.mp3","उंट","camel.png","उंट.mp3","उखळ","ukhal.png","उखळ.mp3"],["writecard","1","Description","न","नळ","tap.png","नळ.mp3","नोट","note.png","नोट.mp3","नाक","nose.png","नाक.mp3"],["writecard","1","Description","स","सैनिक","Soldier.png","सैनिक.mp3","सायकल","bicycle.png","सायकल.mp3","ससा","rabbit.png","ससा.mp3"],["writecard","1","Description","प","पतंग","kite.png","पतंग.mp3","पपई","papaya.png","पपई.mp3","पान","beatleleaf.png","पान.mp3"],["writecard","1","Description","ऊ","ऊस","cane.png","ऊस.mp3","नऊ","nine.png","नऊ.mp3","पाऊस","rain.png","पाऊस.mp3"],["writecard","1","Description","त","तराजू","Scales.png","तराजू.mp3","तलवार","Sword.png","तलवार.mp3","तबला","tabla.png","तबला.mp3"],["quizliteracy","1","Description","soundonly_image","rabbit.png","Scales.png","rabbit.png","camel.png","","","ससा.mp3"],["quizliteracy","1","Description","soundonly_image","Scales.png","rabbit.png","camel.png","Scales.png","","","तराजू.mp3"],["quizliteracy","1","Description","soundonly_image","camel.png","camel.png","Scales.png","rabbit.png","","","उंट.mp3"]]}]],0,0,[],[],[]],[[{"name":"beatleleaf","rect":[0,0,640,480],"offset":[0,0],"originalSize":[640,480],"capInsets":[0,0,0,0]}],[1],0,[0],[0],[7]],[["0,9729,9729,33071,33071,0,0,1",-1],[0],0,[],[],[]],[[[0,"ऊस",".mp3",0.862041],-1],0,0,[],[],[]],[["0,9729,9729,33071,33071,0,0,1",-1],[0],0,[],[],[]],[["0,9729,9729,33071,33071,0,0,1",-1],[0],0,[],[],[]],[[{"name":"rabbit","rect":[0,0,640,480],"offset":[0,0],"originalSize":[640,480],"capInsets":[0,0,0,0]}],[1],0,[0],[0],[8]],[[{"name":"camel","rect":[0,0,640,428],"offset":[0,0],"originalSize":[640,428],"capInsets":[0,0,0,0]}],[1],0,[0],[0],[9]],[["0,9729,9729,33071,33071,0,0,1",-1],[0],0,[],[],[]],[[{"name":"Sword","rect":[0,0,589,640],"offset":[0,0],"originalSize":[589,640],"capInsets":[0,0,0,0]}],[1],0,[0],[0],[10]],[["0,9729,9729,33071,33071,0,0,1",-1],[0],0,[],[],[]],[[{"name":"tap","rect":[0,14,437,626],"offset":[-11,-7],"originalSize":[459,640],"capInsets":[0,0,0,0]}],[1],0,[0],[0],[11]],[[{"name":"Soldier","rect":[0,0,475,640],"offset":[0,0],"originalSize":[475,640],"capInsets":[0,0,0,0]}],[1],0,[0],[0],[12]],[[{"name":"papaya","rect":[0,0,500,515],"offset":[0,0],"originalSize":[500,515],"capInsets":[0,0,0,0]}],[1],0,[0],[0],[13]],[[{"name":"kite","rect":[18,23,576,442],"offset":[-14,-11.5],"originalSize":[640,465],"capInsets":[0,0,0,0]}],[1],0,[0],[0],[14]],[[[0,"उंदीर",".mp3",0.992653],-1],0,0,[],[],[]],[[[0,"नोट",".mp3",0.809796],-1],0,0,[],[],[]],[[{"name":"nose","rect":[0,0,640,456],"offset":[0,0],"originalSize":[640,456],"capInsets":[0,0,0,0]}],[1],0,[0],[0],[15]],[["0,9729,9729,33071,33071,0,0,1",-1],[0],0,[],[],[]],[[[0,"उखळ",".mp3",0.940408],-1],0,0,[],[],[]],[[[0,"सायकल",".mp3",1.149388],-1],0,0,[],[],[]],[["0,9729,9729,33071,33071,0,0,1",-1],[0],0,[],[],[]],[[[0,"नळ",".mp3",1.018776],-1],0,0,[],[],[]],[["0,9729,9729,33071,33071,0,0,1",-1],[0],0,[],[],[]],[[{"name":"tabla","rect":[0,0,640,399],"offset":[0,0],"originalSize":[640,399],"capInsets":[0,0,0,0]}],[1],0,[0],[0],[16]],[[[0,"पतंग",".mp3",1.018776],-1],0,0,[],[],[]],[[[0,"सैनिक",".mp3",0.966531],-1],0,0,[],[],[]],[["0,9729,9729,33071,33071,0,0,1",-1],[0],0,[],[],[]],[["0,9729,9729,33071,33071,0,0,1",-1],[0],0,[],[],[]],[[[0,"उंट",".mp3",0.940408],-1],0,0,[],[],[]],[[[0,"नऊ",".mp3",1.018776],-1],0,0,[],[],[]],[[[0,"पाऊस",".mp3",0.809796],-1],0,0,[],[],[]],[["0,9729,9729,33071,33071,0,0,1",-1],[0],0,[],[],[]],[[[0,"तलवार",".mp3",1.044898],-1],0,0,[],[],[]],[[{"name":"Scales","rect":[0,0,599,600],"offset":[0,0],"originalSize":[599,600],"capInsets":[0,0,0,0]}],[1],0,[0],[0],[17]]]]