[1,["96g4Lk/2ZLx4iMFqV43ERk","ac2ZORkLVGtZvCWcB3Zd46","3f+zYVflFP3Z/g4XJD/9Cs","6a46sVpv9BEIzNML3m27jB","de+CWdd5tHzJxafg4i+ezr","cdJRiHjwBEz6x8GiMtoaj+","2eK9NCmx1DioN33Du4ZBW3","f4DJkLuyxO+6ypDIwYajy9","c1uvR6xE9I6o9Et+KGQ6WN","2e0unMH0tED4h3M5fLlA4x"],["_textureSetter"],["cc.SpriteFrame","cc.Texture2D",["cc.AudioClip",["_name","_native","duration"],0],["cc.JsonAsset",["_name","json"],1]],[[2,0,1,2,4],[3,0,1,3]],[[[[0,"5_Rupee",".mp3",1.776],-1],0,0,[],[],[]],[[{"name":"20note","rect":[0,0,600,305],"offset":[0,0],"originalSize":[600,305],"capInsets":[0,0,0,0]}],[0],0,[0],[0],[0]],[[[0,"25_paise",".mp3",1.92],-1],0,0,[],[],[]],[[[0,"50_paise",".mp3",1.656],-1],0,0,[],[],[]],[["0,9729,9729,33071,33071,0,0,1",-1],[1],0,[],[],[]],[[[0,"5_notes_of_100_is_equal_to_1_note_of_500",".mp3",5.952],-1],0,0,[],[],[]],[["0,9729,9729,33071,33071,0,0,1",-1],[1],0,[],[],[]],[[{"name":"200note","rect":[0,0,1200,542],"offset":[0,0],"originalSize":[1200,542],"capInsets":[0,0,0,0]}],[0],0,[0],[0],[1]],[[{"name":"10paise","rect":[0,0,416,415],"offset":[0,0],"originalSize":[416,415],"capInsets":[0,0,0,0]}],[0],0,[0],[0],[2]],[[{"name":"25paise","rect":[0,0,500,500],"offset":[0,0],"originalSize":[500,500],"capInsets":[0,0,0,0]}],[0],0,[0],[0],[3]],[[[0,"fifty_Rupees",".mp3",1.8],-1],0,0,[],[],[]],[["0,9729,9729,33071,33071,0,0,1",-1],[1],0,[],[],[]],[[[1,"en3502",{"rows":[["picturemeaning","1","Description","P","5 Rupee","5rupee.png","5_Rupee.mp3","25 Paise","25paise.png","25_paise.mp3","10 Paise","10paise.png","10_paise.mp3"],["picturemeaning","1","Description","P","₹50","50note.png","fifty_Rupees.mp3","5 Rupee","5rupee.png","5_Rupee.mp3","50 Paise ","50paise.png","50_paise.mp3"],["matchbox","1","Description","8","50paise.png","25paise.png","10paise.png","5rupee.png","50paise.png","25paise.png","10paise.png","5rupee.png"],["fillblank","1","Description","2 ₹100 notes is equal to 1 [₹200] note","2_100_ notes_ is_ equal_to_1_[200]_note.mp3","₹2000","₹500","₹50","10","","",""],["fillblank","1","Description","100 paise is equal to [1] rupee.","100_paise_is_equal_to_[1]_rupee.mp3","3","5","10","10","",""],["fillblank","1","Description","5 notes of ₹100 is equal to 1 note of [₹500].","5_notes_of_100_is_equal_to_1_note_of_500.mp3","₹200","₹2000","₹400","10","",""],["quizliteracy","1","Description","soundonly_image","20note.png","500note.png","20note.png","10note.png","","","20_Rupees.mp3"],["quizliteracy","1","Description","image_word","₹200","₹200","₹50","₹20","200note.png"],["quizliteracy","1","Description","sentence_sentence","₹200","₹2000","₹200","₹400","","2 ₹100 notes is equal to 1 _____ note","2_100_ notes_ is_ equal_to_1_[200]_note.mp3"]]}]],0,0,[],[],[]],[[[0,"20_Rupees",".mp3",1.776],-1],0,0,[],[],[]],[[[0,"2_100_ notes_ is_ equal_to_1_[200]_note",".mp3",4.248],-1],0,0,[],[],[]],[["0,9729,9729,33071,33071,0,0,1",-1],[1],0,[],[],[]],[[{"name":"50note","rect":[0,0,1059,519],"offset":[0,0],"originalSize":[1059,519],"capInsets":[0,0,0,0]}],[0],0,[0],[0],[4]],[["0,9729,9729,33071,33071,0,0,1",-1],[1],0,[],[],[]],[[{"name":"50paise","rect":[0,0,300,300],"offset":[0,0],"originalSize":[300,300],"capInsets":[0,0,0,0]}],[0],0,[0],[0],[5]],[["0,9729,9729,33071,33071,0,0,1",-1],[1],0,[],[],[]],[["0,9729,9729,33071,33071,0,0,1",-1],[1],0,[],[],[]],[[{"name":"5rupee","rect":[0,0,225,225],"offset":[0,0],"originalSize":[225,225],"capInsets":[0,0,0,0]}],[0],0,[0],[0],[6]],[[{"name":"500note","rect":[0,0,1167,519],"offset":[0,0],"originalSize":[1167,519],"capInsets":[0,0,0,0]}],[0],0,[0],[0],[7]],[[{"name":"100note","rect":[0,0,627,289],"offset":[0,0],"originalSize":[627,289],"capInsets":[0,0,0,0]}],[0],0,[0],[0],[8]],[["0,9729,9729,33071,33071,0,0,1",-1],[1],0,[],[],[]],[["0,9729,9729,33071,33071,0,0,1",-1],[1],0,[],[],[]],[[[0,"10_paise",".mp3",1.368],-1],0,0,[],[],[]],[[{"name":"10note","rect":[0,0,1341,648],"offset":[0,0],"originalSize":[1341,648],"capInsets":[0,0,0,0]}],[0],0,[0],[0],[9]],[[[0,"100_paise_is_equal_to_[1]_rupee",".mp3",4.056],-1],0,0,[],[],[]],[["0,9729,9729,33071,33071,0,0,1",-1],[1],0,[],[],[]]]]