[1,["c2ZIIbRJBGvZkXkvwAqhTX","30XiV23rpJqYLSeW/tMU3/","8fThH85xxEYLtfdEQO+LNT","28QIwl3P9F45yDKJmXNe+C","34dJ4erXJBzq/rKC+TBsOZ","0eKVbFD49LC7GdXF0SKAQB","8b6QZssBJNBYWjnF4zaMtF","b2cug/5NNNGKijMn78vj4f","bf/va7rSVISb3EV3AyyYzw","9eMVs9HnNKL6k8nuSLcRhA","39wtNMS0tF5qYg4SEWo9Xw","f2x/jNGWlB5LvXyMdJku2z"],["_textureSetter"],["cc.SpriteFrame","cc.Texture2D",["cc.JsonAsset",["_name","json"],1]],[[2,0,1,3]],[[[{"name":"1_2","rect":[0,0,1040,1119],"offset":[0,0],"originalSize":[1040,1119],"capInsets":[0,0,0,0]}],[0],0,[0],[0],[0]],[["0,9729,9729,33071,33071,0,0,1",-1],[1],0,[],[],[]],[[{"name":"whole_circle","rect":[0,0,1133,965],"offset":[0,0],"originalSize":[1133,965],"capInsets":[0,0,0,0]}],[0],0,[0],[0],[1]],[[{"name":"One_fifth_circle","rect":[0,0,512,472],"offset":[0,0],"originalSize":[512,472],"capInsets":[0,0,0,0]}],[0],0,[0],[0],[2]],[["0,9729,9729,33071,33071,0,0,1",-1],[1],0,[],[],[]],[[{"name":"one_eighth_circle","rect":[0,0,512,472],"offset":[0,0],"originalSize":[512,472],"capInsets":[0,0,0,0]}],[0],0,[0],[0],[3]],[["0,9729,9729,33071,33071,0,0,1",-1],[1],0,[],[],[]],[["0,9729,9729,33071,33071,0,0,1",-1],[1],0,[],[],[]],[["0,9729,9729,33071,33071,0,0,1",-1],[1],0,[],[],[]],[[{"name":"1_4","rect":[0,0,1213,1119],"offset":[0,0],"originalSize":[1213,1119],"capInsets":[0,0,0,0]}],[0],0,[0],[0],[4]],[[{"name":"1_8","rect":[0,0,1213,1119],"offset":[0,0],"originalSize":[1213,1119],"capInsets":[0,0,0,0]}],[0],0,[0],[0],[5]],[[{"name":"1_5","rect":[0,0,1213,1119],"offset":[0,0],"originalSize":[1213,1119],"capInsets":[0,0,0,0]}],[0],0,[0],[0],[6]],[[{"name":"quarter_circle","rect":[0,0,512,496],"offset":[0,0],"originalSize":[512,496],"capInsets":[0,0,0,0]}],[0],0,[0],[0],[7]],[[{"name":"1_3","rect":[0,0,1213,1119],"offset":[0,0],"originalSize":[1213,1119],"capInsets":[0,0,0,0]}],[0],0,[0],[0],[8]],[["0,9729,9729,33071,33071,0,0,1",-1],[1],0,[],[],[]],[["0,9729,9729,33071,33071,0,0,1",-1],[1],0,[],[],[]],[["0,9729,9729,33071,33071,0,0,1",-1],[1],0,[],[],[]],[[{"name":"half_circle","rect":[3,0,506,251],"offset":[0,0],"originalSize":[512,251],"capInsets":[0,0,0,0]}],[0],0,[0],[0],[9]],[[[0,"sl_en3805",{"rows":[["letterpair","1","Description","image","image","1.png","whole_circle.png","whole.mp3","1_2.png","half_circle.png","half.mp3","1_3.png","onethirdcircle.png","one_third.mp3","1_4.png","quarter_circle.png","quarter.mp3","1_5.png","One_fifth_circle.png","one_fifth.mp3","1_8.png","one_eighth_circle.png","one_eighth.mp3"],["quizliteracy","1","Description","soundonly_image","half_circle.png","half_circle.png","onethirdcircle.png","quarter_circle.png","","","half.mp3"],["quizliteracy","1","Description","soundonly_image","onethirdcircle.png","quarter_circle.png","half_circle.png","onethirdcircle.png","","","one_third.mp3"],["quizliteracy","1","Description","soundonly_image","quarter_circle.png","onethirdcircle.png","quarter_circle.png","half_circle.png","","","quarter.mp3"]]}]],0,0,[],[],[]],[["0,9729,9729,33071,33071,0,0,1",-1],[1],0,[],[],[]],[["0,9729,9729,33071,33071,0,0,1",-1],[1],0,[],[],[]],[["0,9729,9729,33071,33071,0,0,1",-1],[1],0,[],[],[]],[[{"name":"onethirdcircle","rect":[0,0,512,472],"offset":[0,0],"originalSize":[512,472],"capInsets":[0,0,0,0]}],[0],0,[0],[0],[10]],[[{"name":"1","rect":[0,0,900,566],"offset":[0,0],"originalSize":[900,566],"capInsets":[0,0,0,0]}],[0],0,[0],[0],[11]],[["0,9729,9729,33071,33071,0,0,1",-1],[1],0,[],[],[]]]]