[1,["d7q4G+CkpN756HKUjM6pDY","87PsA3uQ5Dj6wPtLbn0yIT","b8f6BM6vtBWIVyfZWE/BjK","d2D2IwbvNOjoJUaBSCBbEL","43IiObdEJGH5Ng6YKIHvGW","37YUa2bAhIT69XNSCoGvav","48fZ0YyF5H1agDRDSCiIob"],["_textureSetter"],["cc.SpriteFrame","cc.Texture2D",["cc.JsonAsset",["_name","json"],1]],[[2,0,1,3]],[[[{"name":"sixtieth","rect":[0,0,512,368],"offset":[0,0],"originalSize":[512,368],"capInsets":[0,0,0,0]}],[0],0,[0],[0],[0]],[[{"name":"seventieth","rect":[0,0,512,368],"offset":[0,0],"originalSize":[512,368],"capInsets":[0,0,0,0]}],[0],0,[0],[0],[1]],[["0,9729,9729,33071,33071,0,0,1",-1],[1],0,[],[],[]],[["0,9729,9729,33071,33071,0,0,1",-1],[1],0,[],[],[]],[["0,9729,9729,33071,33071,0,0,1",-1],[1],0,[],[],[]],[[{"name":"fiftieth","rect":[0,0,512,368],"offset":[0,0],"originalSize":[512,368],"capInsets":[0,0,0,0]}],[0],0,[0],[0],[2]],[[[0,"sl_en3507",{"rows":[["spelldoor","1","Description","fortieth","***tieth","4","2","fortieth.png","fortieth.mp3"],["spelldoor","1","Description","fiftieth","***tieth","4","2","fiftieth.png","fiftieth.mp3"],["spelldoor","1","Description","sixtieth","six*****","4","2","sixtieth.png","sixtieth.mp3"],["spelldoor","1","Description","seventieth","sevent****","4","2","seventieth.png","seventieth.mp3"],["spelldoor","1","Description","eightieth","eight****","4","2","eightieth.png","eightieth.mp3"],["spelldoor","1","Description","ninetieth","****tieth","4","2","ninetieth.png","ninetieth.mp3"],["spelldoor","1","Description","hundredth","***dredth","4","2","hundredth.png","hundredth.mp3"],["quizliteracy","1","Description","image_sentence","fortieth","fortieth","sixtieth","hundredth","fortieth.png","","fortieth.mp3"],["quizliteracy","1","Description","image_sentence","sixtieth","hundredth","fortieth","sixtieth","sixtieth.png","","sixtieth.mp3"],["quizliteracy","1","Description","image_sentence","hundredth","sixtieth","hundredth","fortieth","hundredth.png","","hundredth.mp3"]]}]],0,0,[],[],[]],[[{"name":"eightieth","rect":[0,0,512,368],"offset":[0,0],"originalSize":[512,368],"capInsets":[0,0,0,0]}],[0],0,[0],[0],[3]],[["0,9729,9729,33071,33071,0,0,1",-1],[1],0,[],[],[]],[[{"name":"fortieth","rect":[0,0,512,368],"offset":[0,0],"originalSize":[512,368],"capInsets":[0,0,0,0]}],[0],0,[0],[0],[4]],[["0,9729,9729,33071,33071,0,0,1",-1],[1],0,[],[],[]],[["0,9729,9729,33071,33071,0,0,1",-1],[1],0,[],[],[]],[["0,9729,9729,33071,33071,0,0,1",-1],[1],0,[],[],[]],[[{"name":"hundredth","rect":[0,0,512,368],"offset":[0,0],"originalSize":[512,368],"capInsets":[0,0,0,0]}],[0],0,[0],[0],[5]],[[{"name":"ninetieth","rect":[0,0,512,368],"offset":[0,0],"originalSize":[512,368],"capInsets":[0,0,0,0]}],[0],0,[0],[0],[6]]]]