[1,["96s6l4Pw9LhL16XFjLjZ9d","f0Wy5jJH9O1qeLXO6iYUtZ"],["_textureSetter"],["cc.Texture2D","cc.SpriteFrame",["cc.AudioClip",["_name","_native","duration"],0],["cc.JsonAsset",["_name","json"],1]],[[2,0,1,2,4],[3,0,1,3]],[[[[0,"ನನ",".mp3",0.576],-1],0,0,[],[],[]],[[[0,"ನ",".mp3",0.48],-1],0,0,[],[],[]],[[[0,"ತ್ಖ",".mp3",0.72],-1],0,0,[],[],[]],[[[0,"ಜ",".mp3",0.528],-1],0,0,[],[],[]],[[[0,"ಕಷ್ಟ",".mp3",0.72],-1],0,0,[],[],[]],[[[0,"ಇಷ್ಟ",".mp3",0.672],-1],0,0,[],[],[]],[[[0,"ಬ್",".mp3",0.48],-1],0,0,[],[],[]],[[[0,"ಷ್ಟ",".mp3",0.696],-1],0,0,[],[],[]],[[[0,"ಉತ್ಖನನ",".mp3",0.864],-1],0,0,[],[],[]],[[[1,"kn2800",{"rows":[["phonictractor","1","Description","6","ಬ್ಜ","ಬ್ಜ.mp3","ಬ್","ಬ್.mp3","ಜ","ಜ.mp3"],["spelldoor","1","Description","ಕು,ಬ್ಜ","**","0","0","dwarf.png","ಕುಬ್ಜ.mp3"],["phonictractor","1","Description","6","ಷ್ಟ","ಷ್ಟ.mp3","ಷ್","ಷ್.mp3","ಟ","ಟ.mp3"],["phonictractor","1","Description","4","ಇಷ್ಟ","ಇಷ್ಟ.mp3","ಇ","ಇ.mp3","ಷ್ಟ","ಷ್ಟ.mp3"],["spelldoor","1","Description","ಕ,ಷ್ಟ","**","0","0","difficulty.png","ಕಷ್ಟ.mp3"],["phonictractor","1","Description","4","ನಷ್ಟ","ನಷ್ಟ.mp3","ನ","ನ.mp3","ಷ್ಟ","ಷ್ಟ.mp3"],["phonictractor","1","Description","6","ತ್ಖ","ತ್ಖ.mp3","ತ್","ತ್.mp3","ಖ","ಖ.mp3"],["phonictractor","1","Description","6","ಉತ್ಖನನ","ಉತ್ಖನನ.mp3","ಉ","ಬ್.mp3","ತ್ಖ","ತ್ಖ.mp3","ನನ","ನನ.mp3"],["quizliteracy","1","Description","image_word","ಕುಬ್ಜ","ಕುಬ್ಜ","ಇಷ್ಟ","ನಷ್ಟ","dwarf.png"],["quizliteracy","1","Description","image_word","ಕಷ್ಟ","ಇಷ್ಟ","ಕಷ್ಟ","ನಷ್ಟ","difficulty.png"],["quizliteracy","1","Description","soundonly_word","ಉತ್ಖನನ","ಕುಬ್ಜ","ಇಷ್ಟ","ಉತ್ಖನನ","","","ಉತ್ಖನನ.mp3"]]}]],0,0,[],[],[]],[[[0,"ಖ",".mp3",0.528],-1],0,0,[],[],[]],[[[0,"ಟ",".mp3",0.504],-1],0,0,[],[],[]],[["0,9729,9729,33071,33071,0,0,1",-1],[0],0,[],[],[]],[[[0,"ತ್",".mp3",0.552],-1],0,0,[],[],[]],[[[0,"ಇ",".mp3",0.456],-1],0,0,[],[],[]],[[{"name":"difficulty","rect":[0,0,512,341],"offset":[0,0],"originalSize":[512,341],"capInsets":[0,0,0,0]}],[1],0,[0],[0],[0]],[[[0,"ಕುಬ್ಜ",".mp3",0.72],-1],0,0,[],[],[]],[[[0,"ನಷ್ಟ",".mp3",0.72],-1],0,0,[],[],[]],[[[0,"ಬ್ಜ",".mp3",0.672],-1],0,0,[],[],[]],[[[0,"ಷ್",".mp3",0.6],-1],0,0,[],[],[]],[["0,9729,9729,33071,33071,0,0,1",-1],[0],0,[],[],[]],[[{"name":"dwarf","rect":[0,0,512,340],"offset":[0,0],"originalSize":[512,340],"capInsets":[0,0,0,0]}],[1],0,[0],[0],[1]]]]