[1,["5b/9jS0G9Kj6rmzEOP2/Rs","1b2ZARcldBMqLOeVbgUMgX","30iQhxa6lGy7l/hzwk0q1I","f2ek7u0rNIx5GzxiC3BQ9R","1caSxF9LBCfYY0ibZRSA3j","4alEqKP0hCFpl7RXdvl+JZ","d10TgQ0rJAt4r5h4Mulkp4","2b049F66lGFaZm8/ZesUjI","75EYgNNrVNWbyHHWN2OBCC"],["_textureSetter"],["cc.SpriteFrame","cc.Texture2D",["cc.AudioClip",["_name","_native","duration"],0],["cc.JsonAsset",["_name","json"],1]],[[2,0,1,2,4],[3,0,1,3]],[[[{"name":"mouse","rect":[0,0,400,400],"offset":[0,0],"originalSize":[400,400],"capInsets":[0,0,0,0]}],[0],0,[0],[0],[0]],[[{"name":"peacock","rect":[0,0,400,400],"offset":[0,0],"originalSize":[400,400],"capInsets":[0,0,0,0]}],[0],0,[0],[0],[1]],[[{"name":"squirrel","rect":[0,0,400,400],"offset":[0,0],"originalSize":[400,400],"capInsets":[0,0,0,0]}],[0],0,[0],[0],[2]],[["0,9729,9729,33071,33071,0,0,1",-1],[1],0,[],[],[]],[["0,9729,9729,33071,33071,0,0,1",-1],[1],0,[],[],[]],[[{"name":"cat","rect":[0,0,400,400],"offset":[0,0],"originalSize":[400,400],"capInsets":[0,0,0,0]}],[0],0,[0],[0],[3]],[[[0,"ಗುಬ್ಬಚ್ಚಿ",".mp3",1.032],-1],0,0,[],[],[]],[["0,9729,9729,33071,33071,0,0,1",-1],[1],0,[],[],[]],[["0,9729,9729,33071,33071,0,0,1",-1],[1],0,[],[],[]],[[[0,"ಮೇಕೆ",".mp3",0.768],-1],0,0,[],[],[]],[[[0,"ಇಲಿ",".mp3",0.6],-1],0,0,[],[],[]],[["0,9729,9729,33071,33071,0,0,1",-1],[1],0,[],[],[]],[["0,9729,9729,33071,33071,0,0,1",-1],[1],0,[],[],[]],[[{"name":"goat","rect":[0,0,400,400],"offset":[0,0],"originalSize":[400,400],"capInsets":[0,0,0,0]}],[0],0,[0],[0],[4]],[["0,9729,9729,33071,33071,0,0,1",-1],[1],0,[],[],[]],[[{"name":"dog","rect":[0,0,400,400],"offset":[0,0],"originalSize":[400,400],"capInsets":[0,0,0,0]}],[0],0,[0],[0],[5]],[[{"name":"sparrow","rect":[0,0,400,400],"offset":[0,0],"originalSize":[400,400],"capInsets":[0,0,0,0]}],[0],0,[0],[0],[6]],[[[1,"kn2_1000",{"rows":[["openwindow1","1","Description","LEGIT","ಅಳಿಲು","squirrel.png","mouse.png","ಅಳಿಲು.mp3","ಅಳಿಲು"],["openwindow1","1","Description","LEGIT","ನವಿಲು","peacock.png","goat.png","ನವಿಲು.mp3","ನವಿಲು"],["openwindow1","1","Description","LEGIT","ಹುಂಜ","rooster.png","tagaru.png","ಹುಂಜ.mp3","ಹುಂಜ"],["openwindow1","1","Description","LEGIT","ಬೆಕ್ಕು","cat.png","sparrow.png","ಬೆಕ್ಕು.mp3","ಬೆಕ್ಕು"],["openwindow1","1","Description","LEGIT","ಇಲಿ","mouse.png","dog.png","ಇಲಿ.mp3","ಇಲಿ"],["openwindow1","1","Description","LEGIT","ಮೇಕೆ","goat.png","squirrel.png","ಮೇಕೆ.mp3","ಮೇಕೆ"],["openwindow1","1","Description","LEGIT","ಟಗರು","tagaru.png","peacock.png","ಟಗರು.mp3","ಟಗರು"],["openwindow1","1","Description","LEGIT","ಗುಬ್ಬಚ್ಚಿ","sparrow.png","rooster.png","ಗುಬ್ಬಚ್ಚಿ.mp3","ಗುಬ್ಬಚ್ಚಿ"],["openwindow1","1","Description","LEGIT","ನಾಯಿ","dog.png","cat.png","ನಾಯಿ.mp3","ನಾಯಿ"],["quizliteracy","1","Description","soundonly_image","peacock.png","squirrel.png","peacock.png","rooster.png","","","ನವಿಲು.mp3"],["quizliteracy","1","Description","soundonly_image","mouse.png","rooster.png","squirrel.png","mouse.png","","","ಇಲಿ.mp3"],["quizliteracy","1","Description","soundonly_image","sparrow.png","sparrow.png","goat.png","dog.png","","","ಗುಬ್ಬಚ್ಚಿ.mp3"]]}]],0,0,[],[],[]],[[{"name":"tagaru","rect":[0,0,400,400],"offset":[0,0],"originalSize":[400,400],"capInsets":[0,0,0,0]}],[0],0,[0],[0],[7]],[[[0,"ನಾಯಿ",".mp3",0.696],-1],0,0,[],[],[]],[[[0,"ನವಿಲು",".mp3",0.864],-1],0,0,[],[],[]],[[[0,"ಬೆಕ್ಕು",".mp3",0.744],-1],0,0,[],[],[]],[[{"name":"rooster","rect":[0,0,400,400],"offset":[0,0],"originalSize":[400,400],"capInsets":[0,0,0,0]}],[0],0,[0],[0],[8]],[[[0,"ಟಗರು",".mp3",0.768],-1],0,0,[],[],[]],[[[0,"ಹುಂಜ",".mp3",0.768],-1],0,0,[],[],[]],[["0,9729,9729,33071,33071,0,0,1",-1],[1],0,[],[],[]],[[[0,"ಅಳಿಲು",".mp3",0.816],-1],0,0,[],[],[]],[["0,9729,9729,33071,33071,0,0,1",-1],[1],0,[],[],[]]]]