[1,["84w2sNCS9Ay7Tk/9kh4BnO","e9qiA7DUhJ+bn+AxMqe9dg","46T6phlr1FZZoUhPhzYMm/","4bYVulsw1LCKUfC2NDQAsF","1c1vpNfvxKspAVNpnkqfCP","a76IbrigtNBa7sdocdHWzU","d4gJV7LrpJVpDoijk37imG","2dTworb1BFF7NRRUGiN32M","a4Jw5QjudLXarSg8GtA6Uf","e4wWFl5KpAj6u7Cda9AX+U"],["_textureSetter"],["cc.SpriteFrame","cc.Texture2D",["cc.AudioClip",["_name","_native","duration"],0],["cc.JsonAsset",["_name","json"],1]],[[2,0,1,2,4],[3,0,1,3]],[[[{"name":"Johnisa_boy","rect":[0,0,64,51],"offset":[0,0],"originalSize":[64,51],"capInsets":[0,0,0,0]}],[0],0,[0],[0],[0]],[[[0,"Binta_is_a_girl",".mp3",1.697959],-1],0,0,[],[],[]],[[{"name":"aartiisa_girl","rect":[0,0,384,305],"offset":[0,0],"originalSize":[384,305],"capInsets":[0,0,0,0]}],[0],0,[0],[0],[1]],[[{"name":"Hinaisa_helpfulfriend","rect":[0,0,384,271],"offset":[0,0],"originalSize":[384,271],"capInsets":[0,0,0,0]}],[0],0,[0],[0],[2]],[["1,9729,9729,33071,33071,0,0,1",-1],[1],0,[],[],[]],[[[0,"Lamin_is_a_boy.mp3",".mp3",1.593469],-1],0,0,[],[],[]],[["0,9729,9729,33071,33071,0,0,1",-1],[1],0,[],[],[]],[[{"name":"Gopiisa_goodfarmer","rect":[0,0,384,305],"offset":[0,0],"originalSize":[384,305],"capInsets":[0,0,0,0]}],[0],0,[0],[0],[3]],[[[0,"Lamin_is_a_good_farmer",".mp3",1.959184],-1],0,0,[],[],[]],[["0,9729,9729,33071,33071,0,0,1",-1],[1],0,[],[],[]],[[{"name":"Nitaisa_fastswimmer","rect":[0,0,128,63],"offset":[0,0],"originalSize":[128,63],"capInsets":[0,0,0,0]}],[0],0,[0],[0],[4]],[["0,9729,9729,33071,33071,0,0,1",-1],[1],0,[],[],[]],[[[0,"They_are_students",".mp3",1.462857],-1],0,0,[],[],[]],[[[1,"sl_en2303",{"rows":[["createsentence","1","Description","Binta/is/a girl","a boy","aartiisa_girl.png","Binta_is_a_girl.mp3"],["createsentence","1","Description","Lamin/is/a boy","a girl","Johnisa_boy.jpg","Lamin_is_a_boy.mp3"],["createsentence","1","Description","Massa and Pruvah/are/students","doctors","Massa_and_Pruvah_are_students.png","Massa_and_Pruvah_are_students.mp3"],["createsentence","1","Description","They/are/students","doctors","They_are_students.png","They_are_students.mp3"],["createsentence","1","Description","Lamin/is/a farmer","a lion","Gopiisa_goodfarmer.png","Lamin_is_a_farmer.mp3"],["createsentence","1","Description","Binta/is/a smart/kid","","Malaisa_smartkid.png","Binta_is_a_smart_kid.mp3"],["createsentence","1","Description","Massa/is/a helpful/friend","","Hinaisa_helpfulfriend.png","Massa_is_a_helpful_friend.mp3"],["createsentence","1","Description","Lamin/is/a tall/boy","","Chrisisa_tallboy.png","Lamin_is_a_tall_boy.mp3"],["createsentence","1","Description","Ramatu/is/a fast/swimmer","","Ramatuisa_fastswimmer.png","Ramatu_is_a_fast_swimmer.mp3"],["createsentence","1","Description","Lamin/is/a good/farmer","","Gopiisa_goodfarmer.png","Lamin_is_a_good_farmer.mp3"],["quizliteracy","1","Description","image_sentence","Lamin is a boy.","Lamin is a boy.","Lamin is a girl.","Lamin is a man.","Johnisa_boy.png","","Lamin_is_a_boy.mp3"],["quizliteracy","1","Description","image_sentence","Massa and Pruvah are students.","Massa and Pruvah are doctors.","Massa and Pruvah are students.","Massa and Pruvah are farmers.","Massa_and_Pruvah_are_students.png","","Massa_and_Pruvah_are_students.mp3"],["quizliteracy","1","Description","image_sentence","Binta is a smart kid.","Binta is a smart kid.","Smart kid is Binta.","Kid Binta is smart.","Malaisa_smartkid.png","","Binta_is_a_smart_kid.mp3"],["quizliteracy","1","Description","image_sentence","Ramatu is a fast swimmer.","Fast swimmer is Ramatu.","Swimmer fast is Ramatu.","Ramatu is a fast swimmer.","Nitaisa_fastswimmer.jpg","","Ramatu_is_a_fast_swimmer.mp3"],["quizliteracy","1","Description","image_sentence","Lamin is a tall boy.","Lamin is a tall boy.","Tall boy is Anand.","Boy tall is Anand.","Chrisisa_tallboy.png","","Lamin_is_a_tall_boy.mp3"]]}]],0,0,[],[],[]],[[{"name":"Chrisisa_tallboy","rect":[0,0,384,305],"offset":[0,0],"originalSize":[384,305],"capInsets":[0,0,0,0]}],[0],0,[0],[0],[5]],[[[0,"Massa_and_Pruvah_are_students.mp3",".mp3",2.690612],-1],0,0,[],[],[]],[["0,9729,9729,33071,33071,0,0,1",-1],[1],0,[],[],[]],[[[0,"Massa_and_Pruvah_are_students",".mp3",2.690612],-1],0,0,[],[],[]],[["0,9729,9729,33071,33071,0,0,1",-1],[1],0,[],[],[]],[["0,9729,9729,33071,33071,0,0,1",-1],[1],0,[],[],[]],[[{"name":"Massa_and_Pruvah_are_students","rect":[0,0,384,271],"offset":[0,0],"originalSize":[384,271],"capInsets":[0,0,0,0]}],[0],0,[0],[0],[6]],[[[0,"Lamin_is_a_farmer",".mp3",1.697959],-1],0,0,[],[],[]],[[[0,"Lamin_is_a_tall_boy",".mp3",1.880816],-1],0,0,[],[],[]],[[[0,"Nita_is_a_fast_swimmer",".mp3",2.376],-1],0,0,[],[],[]],[[{"name":"Ramatuisa_fastswimmer","rect":[0,0,384,305],"offset":[0,0],"originalSize":[384,305],"capInsets":[0,0,0,0]}],[0],0,[0],[0],[7]],[[[0,"Massa_is_a_helpful_friend",".mp3",2.429388],-1],0,0,[],[],[]],[[[0,"Lamin_is_a_boy",".mp3",1.593469],-1],0,0,[],[],[]],[[[0,"Ramatu_is_a_fast_swimmer",".mp3",2.194286],-1],0,0,[],[],[]],[["0,9729,9729,33071,33071,0,0,1",-1],[1],0,[],[],[]],[[{"name":"Malaisa_smartkid","rect":[0,0,384,305],"offset":[0,0],"originalSize":[384,305],"capInsets":[0,0,0,0]}],[0],0,[0],[0],[8]],[[{"name":"They_are_students","rect":[0,0,384,384],"offset":[0,0],"originalSize":[384,384],"capInsets":[0,0,0,0]}],[0],0,[0],[0],[9]],[["0,9729,9729,33071,33071,0,0,1",-1],[1],0,[],[],[]],[["0,9729,9729,33071,33071,0,0,1",-1],[1],0,[],[],[]],[[[0,"Binta_is_a_smart_kid",".mp3",2.246531],-1],0,0,[],[],[]]]]