[1,["7cx+M/1KZAA4qh/Aud0t3A","63bHI+QmFJhpy5Ui0MNnNQ","d3aaJWl0VOp7BWpOR4YtJC"],["_textureSetter"],["cc.SpriteFrame","cc.Texture2D",["cc.JsonAsset",["_name","json"],1],["cc.AudioClip",["_name","_native","duration"],0]],[[3,0,1,2,4],[2,0,1,3]],[[[{"name":"त्रिमूर्ति","rect":[0,0,466,466],"offset":[0,0],"originalSize":[466,466],"capInsets":[0,0,0,0]}],[0],0,[0],[0],[0]],[[{"name":"त्रिशूल","rect":[196,14,210,569],"offset":[1,1.5],"originalSize":[600,600],"capInsets":[0,0,0,0]}],[0],0,[0],[0],[1]],[[[1,"hi0134",{"rows":[["phonictractor","1","Description","5","त्र","त्र.mp3","त्र","त्र.mp3"],["writeletter","1","Description","त्र","त्रिकोण"],["writecard","1","Description","त्र","त्रिकोण","त्रिकोण.png","त्रिकोण.mp3","त्रिशूल","त्रिशूल.png","त्रिशूल.mp3","त्रिमूर्ति","त्रिमूर्ति.png","त्रिमूर्ति.mp3"],["quizliteracy","1","Description","soundonly_word","त्र","त्र","क्ष","ह","","","त्र.mp3"],["quizliteracy","1","Description","word_word","त्र","ह","स","त्र","","त्र"],["quizliteracy","1","Description","soundonly_word","त्र","क्ष","त्र","प","","","त्र.mp3"]]}]],0,0,[],[],[]],[[[0,"त्रिशूल",".mp3",0.809796],-1],0,0,[],[],[]],[["0,9729,9729,33071,33071,0,0,1",-1],[1],0,[],[],[]],[["0,9729,9729,33071,33071,0,0,1",-1],[1],0,[],[],[]],[[[0,"त्रिमूर्ति",".mp3",0.888163],-1],0,0,[],[],[]],[[{"name":"त्रिकोण","rect":[0,0,400,333],"offset":[0,0],"originalSize":[400,333],"capInsets":[0,0,0,0]}],[0],0,[0],[0],[2]],[[[0,"त्रिकोण",".mp3",0.783673],-1],0,0,[],[],[]],[[[0,"त्र",".mp3",0.522449],-1],0,0,[],[],[]],[["0,9729,9729,33071,33071,0,0,1",-1],[1],0,[],[],[]]]]