[1,["91YWn0UKxLFJm35lgvqbf4","a7oChBxC9NvrxvEmrIkx9P","b36MeAMJhEvqR6EF3IdyMO","ddqFoc+UtPFKiZoykfBkn6","47vAqCDSNJq4KGtGJkqyq4","0638oM+KREZIBN7Jts/Jr3","0eBLE+qLZBZ7YrrFPIraOk","a8c65Z8JRJGbFOcK+ZCQRy","0cEVzeW+xPio3eUTWDrhlI","61y358H+BJE6y5to8bNdP0","f4DYkwpJdPXq1/gtp2VDZJ","d6s8ptumpCDaqxfTLHkLhu","6dEJunzx9APblCNFTKJsQB","f5+T/CVbdMQ6YhoRZPqmFh","1bxVM8lCdMbKw8wv73qFke","d9jGDog0NKB4F9Qlg90BqK","24LgbCO/1NqoxbPL/Cv43N","da1CPQKYNCR5vyUBS5M6jS","014mXPsoxH7IOlMNoL0aIb","2ecndvkjBN0J26Xdr2jTC1","f9tg+W9zhBdpsLICA0B87F","06qyZ34INAopXbDs/1VyYV","2b4Zq2Iy5BzJ9lSX9ITcu3","c0YdYdId1DZoS66xVryVmt"],["_textureSetter"],["cc.Texture2D","cc.SpriteFrame",["cc.JsonAsset",["_name","json"],1]],[[2,0,1,3]],[[["0,9729,9729,33071,33071,0,0,1",-1],[0],0,[],[],[]],[[{"name":"matchinggame_triangle_1_large","rect":[41,26,109,94],"offset":[0.5,2],"originalSize":[190,150],"capInsets":[0,0,0,0]}],[1],0,[0],[0],[0]],[["0,9729,9729,33071,33071,0,0,1",-1],[0],0,[],[],[]],[["0,9729,9729,33071,33071,0,0,1",-1],[0],0,[],[],[]],[["0,9729,9729,33071,33071,0,0,1",-1],[0],0,[],[],[]],[["0,9729,9729,33071,33071,0,0,1",-1],[0],0,[],[],[]],[[{"name":"matchinggame_rectangle_2_large","rect":[61,25,68,100],"offset":[0,0],"originalSize":[190,150],"capInsets":[0,0,0,0]}],[1],0,[0],[0],[1]],[["0,9729,9729,33071,33071,0,0,1",-1],[0],0,[],[],[]],[["0,9729,9729,33071,33071,0,0,1",-1],[0],0,[],[],[]],[[{"name":"matchinggame_rectangle_1_large","rect":[61,25,68,100],"offset":[0,0],"originalSize":[190,150],"capInsets":[0,0,0,0]}],[1],0,[0],[0],[2]],[["0,9729,9729,33071,33071,0,0,1",-1],[0],0,[],[],[]],[["0,9729,9729,33071,33071,0,0,1",-1],[0],0,[],[],[]],[[{"name":"matchinggame_triangle_object","rect":[52,17,96,118],"offset":[5,-1],"originalSize":[190,150],"capInsets":[0,0,0,0]}],[1],0,[0],[0],[3]],[[{"name":"circle_blue","rect":[0,0,276,276],"offset":[0,0],"originalSize":[276,276],"capInsets":[0,0,0,0]}],[1],0,[0],[0],[4]],[[{"name":"mirror","rect":[6,14,201,305],"offset":[0,-3],"originalSize":[213,327],"capInsets":[0,0,0,0]}],[1],0,[0],[0],[5]],[[{"name":"ellipse_blue","rect":[0,0,213,316],"offset":[0,0],"originalSize":[213,316],"capInsets":[0,0,0,0]}],[1],0,[0],[0],[6]],[[{"name":"matchinggame_square_object","rect":[49,32,96,88],"offset":[2,-1],"originalSize":[190,150],"capInsets":[0,0,0,0]}],[1],0,[0],[0],[7]],[[{"name":"matchinggame_rectangle_object","rect":[60,20,73,114],"offset":[1.5,-2],"originalSize":[190,150],"capInsets":[0,0,0,0]}],[1],0,[0],[0],[8]],[["0,9729,9729,33071,33071,0,0,1",-1],[0],0,[],[],[]],[[[0,"maths0403",{"rows":[["shapepair","1","Description","image","image","matchinggame_circle_1_medium.png","matchinggame_circle_object.png","circle.mp3","matchinggame_rectangle_1_medium.png","matchinggame_rectangle_object.png","rectangle.mp3","matchinggame_square_1_medium.png","matchinggame_square_object.png","square.mp3","matchinggame_triangle_1_medium.png","matchinggame_triangle_object.png","triangle.mp3"],["shapepair","1","Description","image","text","matchinggame_circle_1_large.png","circle","circle.mp3","matchinggame_rectangle_1_large.png","rectangle","rectangle.mp3","matchinggame_square_1_large.png","square","square.mp3","matchinggame_triangle_1_large.png","triangle","triangle.mp3"],["shapepair","1","Description","image","text","matchinggame_circle_2_large.png","circle","circle.mp3","matchinggame_rectangle_2_large.png","rectangle","rectangle.mp3","matchinggame_square_2_large.png","square","square.mp3","matchinggame_triangle_2_large.png","triangle","triangle.mp3"],["shapepair","1","Description","image","text","matchinggame_circle_1_medium.png","circle","circle.mp3","matchinggame_rectangle_1_medium.png","rectangle","rectangle.mp3","matchinggame_square_1_medium.png","square","square.mp3","matchinggame_triangle_1_medium.png","triangle","triangle.mp3"],["matchbox","1","Description","8","triangleruler.png","television.png","donut.png","mirror.png","triangle_blue.png","rectangle_blue.png","circle_blue.png","ellipse_blue.png"],["quizmaths","1","Description","shapes","circle","circle","square","triangle","rectangle","which","which_is_a_circle","Which is a circle?"],["quizmaths","1","Description","shapes","triangle","circle","square","triangle","rectangle","which","which_is_a_triangle","Which is a triangle?"],["quizmaths","1","Description","shapes","rectangle","circle","square","triangle","rectangle","which","which_is_a_rectangle","Which is a rectangle?"]]}]],0,0,[],[],[]],[[{"name":"matchinggame_square_2_large","rect":[49,29,92,92],"offset":[0,0],"originalSize":[190,150],"capInsets":[0,0,0,0]}],[1],0,[0],[0],[9]],[["0,9729,9729,33071,33071,0,0,1",-1],[0],0,[],[],[]],[["0,9729,9729,33071,33071,0,0,1",-1],[0],0,[],[],[]],[[{"name":"matchinggame_square_1_medium","rect":[64,44,62,63],"offset":[0,-0.5],"originalSize":[190,150],"capInsets":[0,0,0,0]}],[1],0,[0],[0],[10]],[[{"name":"triangleruler","rect":[0,0,286,232],"offset":[0,0],"originalSize":[286,232],"capInsets":[0,0,0,0]}],[1],0,[0],[0],[11]],[["0,9729,9729,33071,33071,0,0,1",-1],[0],0,[],[],[]],[[{"name":"television","rect":[10,6,288,266],"offset":[0.5,-1],"originalSize":[307,276],"capInsets":[0,0,0,0]}],[1],0,[0],[0],[12]],[["0,9729,9729,33071,33071,0,0,1",-1],[0],0,[],[],[]],[["0,9729,9729,33071,33071,0,0,1",-1],[0],0,[],[],[]],[[{"name":"matchinggame_rectangle_1_medium","rect":[72,41,46,68],"offset":[0,0],"originalSize":[190,150],"capInsets":[0,0,0,0]}],[1],0,[0],[0],[13]],[["0,9729,9729,33071,33071,0,0,1",-1],[0],0,[],[],[]],[[{"name":"matchinggame_triangle_1_medium","rect":[62,49,66,57],"offset":[0,-2.5],"originalSize":[190,150],"capInsets":[0,0,0,0]}],[1],0,[0],[0],[14]],[[{"name":"matchinggame_square_1_large","rect":[49,29,92,92],"offset":[0,0],"originalSize":[190,150],"capInsets":[0,0,0,0]}],[1],0,[0],[0],[15]],[["0,9729,9729,33071,33071,0,0,1",-1],[0],0,[],[],[]],[[{"name":"matchinggame_triangle_2_large","rect":[41,26,109,94],"offset":[0.5,2],"originalSize":[190,150],"capInsets":[0,0,0,0]}],[1],0,[0],[0],[16]],[[{"name":"matchinggame_circle_1_medium","rect":[61,41,67,67],"offset":[-0.5,0.5],"originalSize":[190,150],"capInsets":[0,0,0,0]}],[1],0,[0],[0],[17]],[[{"name":"rectangle_blue","rect":[0,0,307,256],"offset":[0,0],"originalSize":[307,256],"capInsets":[0,0,0,0]}],[1],0,[0],[0],[18]],[[{"name":"donut","rect":[0,0,249,249],"offset":[0,0],"originalSize":[249,249],"capInsets":[0,0,0,0]}],[1],0,[0],[0],[19]],[["0,9729,9729,33071,33071,0,0,1",-1],[0],0,[],[],[]],[[{"name":"triangle_blue","rect":[0,0,285,249],"offset":[0,0],"originalSize":[285,249],"capInsets":[0,0,0,0]}],[1],0,[0],[0],[20]],[["0,9729,9729,33071,33071,0,0,1",-1],[0],0,[],[],[]],[["0,9729,9729,33071,33071,0,0,1",-1],[0],0,[],[],[]],[[{"name":"matchinggame_circle_object","rect":[27,41,95,97],"offset":[-0.5,5.5],"originalSize":[150,190],"capInsets":[0,0,0,0]}],[1],0,[0],[0],[21]],[["0,9729,9729,33071,33071,0,0,1",-1],[0],0,[],[],[]],[["0,9729,9729,33071,33071,0,0,1",-1],[0],0,[],[],[]],[["0,9729,9729,33071,33071,0,0,1",-1],[0],0,[],[],[]],[[{"name":"matchinggame_circle_2_large","rect":[45,26,101,101],"offset":[0.5,-1.5],"originalSize":[190,150],"capInsets":[0,0,0,0]}],[1],0,[0],[0],[22]],[["0,9729,9729,33071,33071,0,0,1",-1],[0],0,[],[],[]],[[{"name":"matchinggame_circle_1_large","rect":[45,26,101,101],"offset":[0.5,-1.5],"originalSize":[190,150],"capInsets":[0,0,0,0]}],[1],0,[0],[0],[23]]]]