[1,["dfbiHmsztOFI4uAGDbAbx9","aawkf1bfFHWYpUQxgOQTLD","f2x5hn5YdH+KGOyAIfhUnE","76g0oDMl9JC6nOffZr8jUH","09+173OmdG9rLTtiXjbiJ0","15KNhXYL1PLK4TFn/iujbc"],["_textureSetter"],["cc.SpriteFrame","cc.Texture2D",["cc.AudioClip",["_name","_native","duration"],0],["cc.JsonAsset",["_name","json"],1]],[[2,0,1,2,4],[3,0,1,3]],[[[[0,"the_school_is_next_to_the_park",".mp3",2.832],-1],0,0,[],[],[]],[[{"name":"l13_schoolnextpark","rect":[0,0,868,689],"offset":[0,0],"originalSize":[868,689],"capInsets":[0,0,0,0]}],[0],0,[0],[0],[0]],[["0,9729,9729,33071,33071,0,0,1",-1],[1],0,[],[],[]],[["0,9729,9729,33071,33071,0,0,1",-1],[1],0,[],[],[]],[[[0,"bathroom",".mp3",1.2],-1],0,0,[],[],[]],[[[0,"park",".mp3",0.864],-1],0,0,[],[],[]],[[{"name":"park","rect":[0,0,482,482],"offset":[0,0],"originalSize":[482,482],"capInsets":[0,0,0,0]}],[0],0,[0],[0],[1]],[[{"name":"l13_dogbtwgoat_sheep","rect":[0,0,868,689],"offset":[0,0],"originalSize":[868,689],"capInsets":[0,0,0,0]}],[0],0,[0],[0],[2]],[["1,9729,9729,33071,33071,0,0,1",-1],[1],0,[],[],[]],[[{"name":"image_25_4","rect":[0,0,845,695],"offset":[0,0],"originalSize":[845,695],"capInsets":[0,0,0,0]}],[0],0,[0],[0],[3]],[[[0,"city",".mp3",1.104],-1],0,0,[],[],[]],[[{"name":"l13_oldmanbtwboys","rect":[0,0,868,689],"offset":[0,0],"originalSize":[868,689],"capInsets":[0,0,0,0]}],[0],0,[0],[0],[4]],[["0,9729,9729,33071,33071,0,0,1",-1],[1],0,[],[],[]],[[[0,"hospital",".mp3",1.296],-1],0,0,[],[],[]],[[[0,"police",".mp3",1.176],-1],0,0,[],[],[]],[[[0,"bank",".mp3",1.08],-1],0,0,[],[],[]],[[[0,"Jaya_is_in_the_kitchen",".mp3",2.352],-1],0,0,[],[],[]],[["0,9729,9729,33071,33071,0,0,1",-1],[1],0,[],[],[]],[[[0,"hotel",".mp3",0.936],-1],0,0,[],[],[]],[[[1,"en2403",{"rows":[["fillblank","1","Description","Jaya is in the [kitchen].","Jaya_is_in_the_kitchen.mp3","bathroom","bedroom","living room","10"],["tag","1","Description","image_25_4.jpg","city","280.-1520","city.mp3","hospital","535.-1317","hospital.mp3","bank","1201.-1289","bank.mp3","hotel","535.-520","hotel.mp3","police","1208.-513","police.mp3"],["rocket","1","Description","park","a,b,c,d,e,f,g,h,i,j,k,l,m,n,o,p,q,r,s,t,u,v,w,x,y,z","p,a,r,k","park.mp3","park.png","false","true"],["spelldoor","1","Description","house","*o*se","2","1","spelling_house.png","house.mp3"],["quizliteracy","1","Description","soundonly_word","bathroom","window","bathroom","door","","","bathroom.mp3"],["quizliteracy","1","Description","soundonly_image","l13_schoolnextpark.png","l13_schoolnextpark.png","l13_oldmanbtwboys.png","l13_dogbtwgoat_sheep.png","","","the_school_is_next_to_the_park.mp3"],["quizliteracy","1","Description","soundonly_word","house","happy","road","house","","","house.mp3"]]}]],0,0,[],[],[]],[[[0,"house",".mp3",1.08],-1],0,0,[],[],[]],[[{"name":"spelling_house","rect":[0,0,370,273],"offset":[0,0],"originalSize":[370,273],"capInsets":[0,0,0,0]}],[0],0,[0],[0],[5]],[["0,9729,9729,33071,33071,0,0,1",-1],[1],0,[],[],[]]]]