[1,["93E/SO8+FDtZxQzbJvHntw","1eu3FMCdJHMZrHf0FdC4wB","a51LAa0qxAy6N7xUWNrocU","e48mVReqpLmpXhhllMTzSZ","84Rl+LvalHcIy2rZl6VFgr","5dZ1seI/RAcLaXU++Lneej","9bM+EpYPRF4rMTFhh88Loa"],["_textureSetter"],["cc.SpriteFrame","cc.Texture2D",["cc.AudioClip",["_name","_native","duration"],0],["cc.JsonAsset",["_name","json"],1]],[[2,0,1,2,4],[3,0,1,3]],[[[[0,"magenta",".mp3",1.224],-1],0,0,[],[],[]],[[{"name":"magenta","rect":[0,0,619,588],"offset":[0,0],"originalSize":[619,588],"capInsets":[0,0,0,0]}],[0],0,[0],[0],[0]],[["0,9729,9729,33071,33071,0,0,1",-1],[1],0,[],[],[]],[[[0,"black",".mp3",0.984],-1],0,0,[],[],[]],[[[0,"pink",".mp3",0.816],-1],0,0,[],[],[]],[[{"name":"black","rect":[0,0,512,486],"offset":[0,0],"originalSize":[512,486],"capInsets":[0,0,0,0]}],[0],0,[0],[0],[1]],[[[0,"maroon",".mp3",1.032],-1],0,0,[],[],[]],[[[1,"en3701",{"rows":[["spelldoor","1","Description","grey","gre*","0","1","grey.png","grey.mp3"],["spelldoor","1","Description","white","w*ite","4","2","white.png","white.mp3"],["spelldoor","1","Description","black","*lack","2","0","black.png","black.mp3"],["spelldoor","1","Description","maroon","mar**n","3","2","maroon.png","maroon.mp3"],["spelldoor","1","Description","pink","*ink","3","2","pink.png","pink.mp3"],["spelldoor","1","Description","magenta","magen**","3","2","magenta.png","magenta.mp3"],["spelldoor","1","Description","cyan","*yan","3","2","cyan.png","cyan.mp3"],["quizliteracy","1","Description","image_word","black","white","black","grey","black.png"],["quizliteracy","1","Description","image_word","pink","pink","grey","white","pink.png"],["quizliteracy","1","Description","image_word","cyan","grey","maroon","cyan","cyan.png"]]}]],0,0,[],[],[]],[["0,9729,9729,33071,33071,0,0,1",-1],[1],0,[],[],[]],[[{"name":"grey","rect":[0,0,512,486],"offset":[0,0],"originalSize":[512,486],"capInsets":[0,0,0,0]}],[0],0,[0],[0],[2]],[[{"name":"white","rect":[0,0,619,588],"offset":[0,0],"originalSize":[619,588],"capInsets":[0,0,0,0]}],[0],0,[0],[0],[3]],[[[0,"cyan",".mp3",1.128],-1],0,0,[],[],[]],[["0,9729,9729,33071,33071,0,0,1",-1],[1],0,[],[],[]],[[[0,"white",".mp3",0.96],-1],0,0,[],[],[]],[["0,9729,9729,33071,33071,0,0,1",-1],[1],0,[],[],[]],[["0,9729,9729,33071,33071,0,0,1",-1],[1],0,[],[],[]],[["0,9729,9729,33071,33071,0,0,1",-1],[1],0,[],[],[]],[[{"name":"cyan","rect":[0,0,512,486],"offset":[0,0],"originalSize":[512,486],"capInsets":[0,0,0,0]}],[0],0,[0],[0],[4]],[[[0,"grey",".mp3",0.864],-1],0,0,[],[],[]],[["0,9729,9729,33071,33071,0,0,1",-1],[1],0,[],[],[]],[[{"name":"pink","rect":[0,0,619,588],"offset":[0,0],"originalSize":[619,588],"capInsets":[0,0,0,0]}],[0],0,[0],[0],[5]],[[{"name":"maroon","rect":[0,0,619,588],"offset":[0,0],"originalSize":[619,588],"capInsets":[0,0,0,0]}],[0],0,[0],[0],[6]]]]