[1,["7crw/6lYxPhJIusUL9XO08","43oN8tqD5Mfo1TD/E3kKFl","a5c03OTC5N4KixZCnVzhNG","15rbUznB1MRaYZIlqJ0Tqa","bdeROKzVVE36ANC7xHlAa6","00FKBVXXtHtbwUYfot5rIM","d2efUpaM9O3rLLqd0x7k2h","dcT5PYRyZECIvUiagnByek","9fLfJ43m1Nvr4u1aG7/xG6","75pnsD7+tFHa7VyZQFnFlv","59C5ZI7UpP9qfmiDWUIb+N","b2Sy0BqU5JgoDW5i6cAM0r","59npQaI5tBPL/46Yj0FReP","f80RNgPn9CJquVzjK8QrWl"],["_textureSetter"],["cc.Texture2D","cc.SpriteFrame",["cc.AudioClip",["_name","_native","duration"],0],["cc.JsonAsset",["_name","json"],1]],[[2,0,1,2,4],[3,0,1,3]],[[["0,9729,9729,33071,33071,0,0,1",-1],[0],0,[],[],[]],[[[0,"ಮಂಗ",".mp3",0.672],-1],0,0,[],[],[]],[[{"name":"dog","rect":[0,0,512,378],"offset":[0,0],"originalSize":[512,378],"capInsets":[0,0,0,0]}],[1],0,[0],[0],[0]],[["0,9729,9729,33071,33071,0,0,1",-1],[0],0,[],[],[]],[[{"name":"domain_ring","rect":[0,0,400,313],"offset":[0,0],"originalSize":[400,313],"capInsets":[0,0,0,0]}],[1],0,[0],[0],[1]],[[{"name":"necklace","rect":[0,0,512,325],"offset":[0,0],"originalSize":[512,325],"capInsets":[0,0,0,0]}],[1],0,[0],[0],[2]],[[{"name":"road","rect":[0,0,512,341],"offset":[0,0],"originalSize":[512,341],"capInsets":[0,0,0,0]}],[1],0,[0],[0],[3]],[[{"name":"sleeping","rect":[0,0,512,340],"offset":[0,0],"originalSize":[512,340],"capInsets":[0,0,0,0]}],[1],0,[0],[0],[4]],[["0,9729,9729,33071,33071,0,0,1",-1],[0],0,[],[],[]],[[{"name":"joined","rect":[0,0,341,512],"offset":[0,0],"originalSize":[341,512],"capInsets":[0,0,0,0]}],[1],0,[0],[0],[5]],[[[0,"ಕಂಬ",".mp3",0.672],-1],0,0,[],[],[]],[["0,9729,9729,33071,33071,0,0,1",-1],[0],0,[],[],[]],[["0,9729,9729,33071,33071,0,0,1",-1],[0],0,[],[],[]],[[[0,"ಅಂಗದ",".mp3",1.128],-1],0,0,[],[],[]],[[{"name":"throat","rect":[0,0,341,512],"offset":[0,0],"originalSize":[341,512],"capInsets":[0,0,0,0]}],[1],0,[0],[0],[6]],[["0,9729,9729,33071,33071,0,0,1",-1],[0],0,[],[],[]],[[{"name":"armlet","rect":[0,0,512,341],"offset":[0,0],"originalSize":[512,341],"capInsets":[0,0,0,0]}],[1],0,[0],[0],[7]],[["0,9729,9729,33071,33071,0,0,1",-1],[0],0,[],[],[]],[[{"name":"monkey","rect":[0,0,512,341],"offset":[0,0],"originalSize":[512,341],"capInsets":[0,0,0,0]}],[1],0,[0],[0],[8]],[[[1,"kn1003",{"rows":[["openwindow","1","Description","LEGIT","ರಂ,ಗ","domain_ring.png","tub.png","ರಂಗ.mp3","ರಂ,ಗ"],["openwindow","1","Description","LEGIT","ಕಂ,ಠ","throat.png","leg.png","ಕಂಠ.mp3","ಕಂ,ಠ"],["openwindow","1","Description","LEGIT","ಮಂ,ಗ","monkey.png","dog.png","ಮಂಗ.mp3","ಮಂ,ಗ"],["openwindow","1","Description","LEGIT","ಕಂ,ಪ,ನ","shivering.png","sleeping.png","ಕಂಪನ.mp3","ಕಂ,ಪ,ನ"],["openwindow","1","Description","LEGIT","ಕಂ,ಬ","pillar.png","road.png","ಕಂಬ.mp3","ಕಂ,ಬ"],["openwindow","1","Description","LEGIT","ಅಂ,ಗ,ದ","armlet.png","necklace.png","ಅಂಗದ.mp3","ಅಂ,ಗ,ದ"],["openwindow","1","Description","LEGIT","ಅಂ,ತ,ರ","distant.png","joined.png","ಅಂತರ.mp3","ಅಂ,ತ,ರ"],["quizliteracy","1","Description","image_word","ಕಂಠ","ಮಂಗ","ಕಂಬ","ಕಂಠ","throat.png"],["quizliteracy","1","Description","image_word","ಮಂಗ","ಕಂಬ","ಕಂಠ","ಮಂಗ","monkey.png"],["quizliteracy","1","Description","image_word","ಕಂಬ","ಕಂಠ","ಮಂಗ","ಕಂಬ","pillar.png"]]}]],0,0,[],[],[]],[[{"name":"leg","rect":[0,0,500,334],"offset":[0,0],"originalSize":[500,334],"capInsets":[0,0,0,0]}],[1],0,[0],[0],[9]],[[{"name":"pillar","rect":[0,0,341,512],"offset":[0,0],"originalSize":[341,512],"capInsets":[0,0,0,0]}],[1],0,[0],[0],[10]],[[[0,"ಕಂಠ",".mp3",0.696],-1],0,0,[],[],[]],[["0,9729,9729,33071,33071,0,0,1",-1],[0],0,[],[],[]],[["0,9729,9729,33071,33071,0,0,1",-1],[0],0,[],[],[]],[[{"name":"shivering","rect":[0,0,400,438],"offset":[0,0],"originalSize":[400,438],"capInsets":[0,0,0,0]}],[1],0,[0],[0],[11]],[["0,9729,9729,33071,33071,0,0,1",-1],[0],0,[],[],[]],[["0,9729,9729,33071,33071,0,0,1",-1],[0],0,[],[],[]],[[[0,"ಕಂಪನ",".mp3",0.792],-1],0,0,[],[],[]],[["0,9729,9729,33071,33071,0,0,1",-1],[0],0,[],[],[]],[["0,9729,9729,33071,33071,0,0,1",-1],[0],0,[],[],[]],[[{"name":"tub","rect":[0,0,512,341],"offset":[0,0],"originalSize":[512,341],"capInsets":[0,0,0,0]}],[1],0,[0],[0],[12]],[[[0,"ಅಂತರ",".mp3",0.936],-1],0,0,[],[],[]],[[[0,"ರಂಗ",".mp3",0.696],-1],0,0,[],[],[]],[["0,9729,9729,33071,33071,0,0,1",-1],[0],0,[],[],[]],[[{"name":"distant","rect":[0,0,500,333],"offset":[0,0],"originalSize":[500,333],"capInsets":[0,0,0,0]}],[1],0,[0],[0],[13]]]]