[1,["71E/CKCqhLL7Sr64R0+G68","ecu+kiMPpOUY042aF7uzBi","40BphGixFF1LnPlfvONKY0","4eHhnLOsBMEK/KQWfE1JTn","fc3GgPK+BDxrHk9zSZViMZ","61JnvWUDJIWKYLvgZCQN8p","48UzdWGdFMW4w6Ih32jTzS","19FlJtziJMMpaDJ3pivp9M","4ak7bQYRFGZYSd0Tl9KOGj","43pLNbRvpL85JfbFrFzwCb","e9BD3CQ4dByIE38hr3i4jj","68DB7rO5FF4JZ9CWVNDK4f","65FfldRrFGc7P4K3S00pXT","dfFicxk61D1Z7telw87cQj","eeIytguelCfIN3TxcnCzQz","a6hg1HJW5LyJATZ2Gaa17H"],["_textureSetter"],["cc.SpriteFrame","cc.Texture2D",["cc.JsonAsset",["_name","json"],1]],[[2,0,1,3]],[[[{"name":"dot_4","rect":[96,59,186,271],"offset":[0,0.5],"originalSize":[378,390],"capInsets":[0,0,0,0]}],[0],0,[0],[0],[0]],[["0,9729,9729,33071,33071,0,0,1",-1],[1],0,[],[],[]],[[{"name":"onecolorflower_4","rect":[31,24,294,279],"offset":[-4,18.5],"originalSize":[364,364],"capInsets":[0,0,0,0]}],[0],0,[0],[0],[1]],[["0,9729,9729,33071,33071,0,0,1",-1],[1],0,[],[],[]],[["0,9729,9729,33071,33071,0,0,1",-1],[1],0,[],[],[]],[["0,9729,9729,33071,33071,0,0,1",-1],[1],0,[],[],[]],[["0,9729,9729,33071,33071,0,0,1",-1],[1],0,[],[],[]],[[{"name":"multicolorflower_4","rect":[31,24,294,279],"offset":[-4,18.5],"originalSize":[364,364],"capInsets":[0,0,0,0]}],[0],0,[0],[0],[2]],[["0,9729,9729,33071,33071,0,0,1",-1],[1],0,[],[],[]],[[{"name":"cookie_3","rect":[28,20,333,344],"offset":[5.5,3],"originalSize":[378,390],"capInsets":[0,0,0,0]}],[0],0,[0],[0],[3]],[[{"name":"dot_3","rect":[96,128,186,202],"offset":[0,-34],"originalSize":[378,390],"capInsets":[0,0,0,0]}],[0],0,[0],[0],[4]],[["0,9729,9729,33071,33071,0,0,1",-1],[1],0,[],[],[]],[[{"name":"cookie_4","rect":[42,47,294,294],"offset":[0,1],"originalSize":[378,390],"capInsets":[0,0,0,0]}],[0],0,[0],[0],[5]],[["0,9729,9729,33071,33071,0,0,1",-1],[1],0,[],[],[]],[[{"name":"multicolorflower_3","rect":[36,30,289,273],"offset":[-1.5,15.5],"originalSize":[364,364],"capInsets":[0,0,0,0]}],[0],0,[0],[0],[6]],[["0,9729,9729,33071,33071,0,0,1",-1],[1],0,[],[],[]],[[{"name":"multicolorflower_1","rect":[62,50,226,231],"offset":[-7,16.5],"originalSize":[364,364],"capInsets":[0,0,0,0]}],[0],0,[0],[0],[7]],[["0,9729,9729,33071,33071,0,0,1",-1],[1],0,[],[],[]],[[{"name":"onecolorflower_3","rect":[36,30,289,273],"offset":[-1.5,15.5],"originalSize":[364,364],"capInsets":[0,0,0,0]}],[0],0,[0],[0],[8]],[[{"name":"multicolorflower_2","rect":[33,34,288,271],"offset":[-5,12.5],"originalSize":[364,364],"capInsets":[0,0,0,0]}],[0],0,[0],[0],[9]],[[{"name":"dot_1","rect":[96,268,186,62],"offset":[0,-104],"originalSize":[378,390],"capInsets":[0,0,0,0]}],[0],0,[0],[0],[10]],[[{"name":"onecolorflower_1","rect":[62,50,226,231],"offset":[-7,16.5],"originalSize":[364,364],"capInsets":[0,0,0,0]}],[0],0,[0],[0],[11]],[["0,9729,9729,33071,33071,0,0,1",-1],[1],0,[],[],[]],[[{"name":"dot_2","rect":[96,198,186,132],"offset":[0,-69],"originalSize":[378,390],"capInsets":[0,0,0,0]}],[0],0,[0],[0],[12]],[[{"name":"cookie_2","rect":[36,38,305,308],"offset":[-0.5,3],"originalSize":[378,390],"capInsets":[0,0,0,0]}],[0],0,[0],[0],[13]],[[{"name":"onecolorflower_2","rect":[33,34,288,271],"offset":[-5,12.5],"originalSize":[364,364],"capInsets":[0,0,0,0]}],[0],0,[0],[0],[14]],[["0,9729,9729,33071,33071,0,0,1",-1],[1],0,[],[],[]],[[[0,"puzzle0005",{"rows":[["matchbox","1","Description","8.0","onecolorflower_3.png","onecolorflower_2.png","onecolorflower_4.png","onecolorflower_1.png","dot_3.png","dot_2.png","dot_4.png","dot_1.png"],["matchbox","1","Description","8.0","multicolorflower_3.png","multicolorflower_2.png","multicolorflower_4.png","multicolorflower_1.png","cookie_3.png","cookie_2.png","cookie_4.png","cookie_1.png"]]}]],0,0,[],[],[]],[["0,9729,9729,33071,33071,0,0,1",-1],[1],0,[],[],[]],[[{"name":"cookie_1","rect":[64,70,249,249],"offset":[-0.5,0.5],"originalSize":[378,390],"capInsets":[0,0,0,0]}],[0],0,[0],[0],[15]],[["0,9729,9729,33071,33071,0,0,1",-1],[1],0,[],[],[]],[["0,9729,9729,33071,33071,0,0,1",-1],[1],0,[],[],[]],[["0,9729,9729,33071,33071,0,0,1",-1],[1],0,[],[],[]]]]