[1,["96UqY/OD5GgLuhW9SoM3KL","abPTLDDLpPVKaiz7kNaJF1","8bt+vrNnFPHr3mAhdCOKCw","efuZ0uEwpLfZ1tnM7OTGea","7cvp3OcjdASJsk46rwahsG","f64j60zsdEabahQ7zouJ5J"],["_textureSetter"],["cc.SpriteFrame","cc.Texture2D",["cc.AudioClip",["_name","_native","duration"],0],["cc.JsonAsset",["_name","json"],1]],[[2,0,1,2,4],[3,0,1,3]],[[[[0,"ಆನೆಯು_ಕೆಳಕ್ಕೆ_ಬಗ್ಗಿ_ಸೊಂಡಿಲು_ಎತ್ತಿ_ಸಲಾಮು_ಮಾಡಿತ್ತು",".mp3",3.888],-1],0,0,[],[],[]],[[[0,"ಆನೆಯ_ಕಾಲಿಗೆ_ಗೆಜ್ಜೆ_ಕಟ್ಟಲಾಗಿತ್ತು",".mp3",2.712],-1],0,0,[],[],[]],[[{"name":"house","rect":[0,0,400,400],"offset":[0,0],"originalSize":[400,400],"capInsets":[0,0,0,0]}],[0],0,[0],[0],[0]],[[{"name":"jaggery","rect":[0,0,400,400],"offset":[0,0],"originalSize":[400,400],"capInsets":[0,0,0,0]}],[0],0,[0],[0],[1]],[[[1,"kn2_0102",{"rows":[["createsentence","1","Description","ಆನೆ/ಹಬ್ಬದ/ದಿನದಂದು/ಮನೆಗೆ/ಬಂದಿತ್ತು","","elephant.png","ಆನೆ_ಹಬ್ಬದ_ದಿನದಂದು_ಮನೆಗೆ_ಬಂದಿತ್ತು.mp3"],["createsentence","1","Description","ಸುಬ್ಬನ/ಮನೆಗೆ/ಆನೆ/ಬಂದಿತ್ತು","","house.png","ಸುಬ್ಬನ_ಮನೆಗೆ_ಆನೆ_ಬಂದಿತ್ತು.mp3"],["createsentence","1","Description","ಆನೆಗೆ/ಅಮ್ಮನು/ಬೆಲ್ಲದ/ಉಂಡೆಯನ್ನು/ಕೊಟ್ಟಳು","","jaggery.png","ಆನೆಗೆ_ಅಮ್ಮನು_ಬೆಲ್ಲದ_ಉಂಡೆಯನ್ನು_ಕೊಟ್ಟಳು.mp3"],["createsentence","1","Description","ಆನೆಯ/ಕಾಲಿಗೆ/ಗೆಜ್ಜೆ/ಕಟ್ಟಲಾಗಿತ್ತು.","","anklet_leg.png","ಆನೆಯ_ಕಾಲಿಗೆ_ಗೆಜ್ಜೆ_ಕಟ್ಟಲಾಗಿತ್ತು.mp3"],["createsentence","1","Description","ಆನೆ/ಯು/ನೀರಿಗೆ/ಇಳಿದು/ಸೊಂಡಿಲು/ಬಡಿದು/ಜಳಕ/ಮಾಡಿತ್ತು.","","elephant_trunk.png","ಆನೆ_ಯು_ನೀರಿಗೆ_ಇಳಿದು_ಸೊಂಡಿಲು_ಬಡಿದು_ಜಳಕ_ಮಾಡಿತ್ತು.mp3"],["createsentence","1","Description","ಆನೆಯು/ಕೆಳಕ್ಕೆ/ಬಗ್ಗಿ/ಸೊಂಡಿಲು/ಎತ್ತಿ/ಸಲಾಮು/ಮಾಡಿತ್ತು.","","elephant.png","ಆನೆಯು_ಕೆಳಕ್ಕೆ_ಬಗ್ಗಿ_ಸೊಂಡಿಲು_ಎತ್ತಿ_ಸಲಾಮು_ಮಾಡಿತ್ತು.mp3"],["createsentence","1","Description","ಆನೆಯು/ಮಕ್ಕಳನ್ನು/ಕರೆದುಕೊಂಡು/ಸವಾರಿ/ಹೊರಟಿತ್ತು.","","children_elephant.png","ಆನೆಯು_ಮಕ್ಕಳನ್ನು_ಕರೆದುಕೊಂಡು_ಸವಾರಿ__ಹೊರಟಿತ್ತು.mp3"],["quizliteracy","1","Description","sentence_sentence","ಬೆಲ್ಲದ","ಜಳಕ","ಬೆಲ್ಲದ","ಸುಬ್ಬನ","","ಆನೆಗೆ ಅಮ್ಮನು _____ ಉಂಡೆಯನ್ನು ಕೊಟ್ಟಳು.","ಆನೆಗೆ_ಅಮ್ಮನು_ಬೆಲ್ಲದ_ಉಂಡೆಯನ್ನು_ಕೊಟ್ಟಳು.mp3"],["quizliteracy","1","Description","sentence_sentence","ಸವಾರಿ","ಸವಾರಿ","ಸುಬ್ಬನ","ಗೆಜ್ಜೆ","","ಆನೆಯು ಮಕ್ಕಳನ್ನು ಕರೆದುಕೊಂಡು _____  ಹೊರಟಿತ್ತು.","ಆನೆಯು_ಮಕ್ಕಳನ್ನು_ಕರೆದುಕೊಂಡು_ಸವಾರಿ__ಹೊರಟಿತ್ತು.mp3"],["quizliteracy","1","Description","sentence_sentence","ಹಬ್ಬದ","ಗೆಜ್ಜೆ","ಜಳಕ","ಹಬ್ಬದ","","ಆನೆ _____ ದಿನದಂದು ಮನೆಗೆ ಬಂದಿತ್ತು.","ಆನೆ_ಹಬ್ಬದ_ದಿನದಂದು_ಮನೆಗೆ_ಬಂದಿತ್ತು.mp3"]]}]],0,0,[],[],[]],[[[0,"ಆನೆ_ಯು_ನೀರಿಗೆ_ಇಳಿದು_ಸೊಂಡಿಲು_ಬಡಿದು_ಜಳಕ_ಮಾಡಿತ್ತು",".mp3",3.984],-1],0,0,[],[],[]],[[{"name":"elephant","rect":[0,0,400,400],"offset":[0,0],"originalSize":[400,400],"capInsets":[0,0,0,0]}],[0],0,[0],[0],[2]],[[{"name":"elephant_trunk","rect":[0,0,400,400],"offset":[0,0],"originalSize":[400,400],"capInsets":[0,0,0,0]}],[0],0,[0],[0],[3]],[["0,9729,9729,33071,33071,0,0,1",-1],[1],0,[],[],[]],[[[0,"ಆನೆ_ಹಬ್ಬದ_ದಿನದಂದು_ಮನೆಗೆ_ಬಂದಿತ್ತು",".mp3",3.216],-1],0,0,[],[],[]],[[{"name":"anklet_leg","rect":[0,0,400,400],"offset":[0,0],"originalSize":[400,400],"capInsets":[0,0,0,0]}],[0],0,[0],[0],[4]],[["0,9729,9729,33071,33071,0,0,1",-1],[1],0,[],[],[]],[["0,9729,9729,33071,33071,0,0,1",-1],[1],0,[],[],[]],[[[0,"ಸುಬ್ಬನ_ಮನೆಗೆ_ಆನೆ_ಬಂದಿತ್ತು",".mp3",2.424],-1],0,0,[],[],[]],[["0,9729,9729,33071,33071,0,0,1",-1],[1],0,[],[],[]],[[{"name":"children_elephant","rect":[0,0,400,400],"offset":[0,0],"originalSize":[400,400],"capInsets":[0,0,0,0]}],[0],0,[0],[0],[5]],[[[0,"ಆನೆಗೆ_ಅಮ್ಮನು_ಬೆಲ್ಲದ_ಉಂಡೆಯನ್ನು_ಕೊಟ್ಟಳು",".mp3",3.144],-1],0,0,[],[],[]],[[[0,"ಆನೆಯು_ಮಕ್ಕಳನ್ನು_ಕರೆದುಕೊಂಡು_ಸವಾರಿ__ಹೊರಟಿತ್ತು",".mp3",3.696],-1],0,0,[],[],[]],[["0,9729,9729,33071,33071,0,0,1",-1],[1],0,[],[],[]],[["0,9729,9729,33071,33071,0,0,1",-1],[1],0,[],[],[]]]]