[1,["ffFh82XClLLq2S14O12XtD","26C9VACZ1IHqvwUYyT0dfU","b2sCqBJLFLD43rgCS1GiEq"],["_textureSetter"],["cc.Texture2D","cc.SpriteFrame",["cc.AudioClip",["_name","_native","duration"],0],["cc.JsonAsset",["_name","json"],1]],[[2,0,1,2,4],[3,0,1,3]],[[[[0,"इ",".mp3",0.49625],-1],0,0,[],[],[]],[[[1,"hi0002",{"rows":[["phonictractor","1","Description","5","इ","इ.mp3","इ","इ.mp3"],["writeletter","1","Description","इ","इमली"],["writecard","1","Description","इ","इमली","इमली.png","इमली.mp3","इमारत","इमारत.png","इमारत.mp3","इडली","इडली.png","इडली.mp3"],["quizliteracy","1","Description","soundonly_word","इ","इ","आ","ए ","","","इ.mp3"],["quizliteracy","1","Description","word_word","इ","ए ","उ ","इ","","इ"],["quizliteracy","1","Description","soundonly_word","इ","आ","उ ","इ ","","","इ.mp3"]]}]],0,0,[],[],[]],[[[0,"इमली",".mp3",0.679184],-1],0,0,[],[],[]],[["0,9729,9729,33071,33071,0,0,1",-1],[0],0,[],[],[]],[[[0,"इमारत",".mp3",0.862041],-1],0,0,[],[],[]],[[[0,"इडली",".mp3",1.224],-1],0,0,[],[],[]],[[{"name":"इमारत","rect":[0,0,400,333],"offset":[0,0],"originalSize":[400,333],"capInsets":[0,0,0,0]}],[1],0,[0],[0],[0]],[[{"name":"इमली","rect":[0,0,400,333],"offset":[0,0],"originalSize":[400,333],"capInsets":[0,0,0,0]}],[1],0,[0],[0],[1]],[["0,9729,9729,33071,33071,0,0,1",-1],[0],0,[],[],[]],[[{"name":"इडली","rect":[0,0,400,333],"offset":[0,0],"originalSize":[400,333],"capInsets":[0,0,0,0]}],[1],0,[0],[0],[2]],[["0,9729,9729,33071,33071,0,0,1",-1],[0],0,[],[],[]]]]