[1,["31uJ3tKDxGpLybxvlKZb5M","47Xum6s8ZCfbTbjBGmVeMq","8f7Cub4WRCvr/+Rc0kDzvJ"],["_textureSetter"],["cc.Texture2D","cc.SpriteFrame",["cc.AudioClip",["_name","_native","duration"],0],["cc.JsonAsset",["_name","json"],1]],[[2,0,1,2,4],[3,0,1,3]],[[[[0,"c",".mp3",0.783673],-1],0,0,[],[],[]],[[[0,"car",".mp3",0.626939],-1],0,0,[],[],[]],[["0,9729,9729,33071,33071,0,0,1",-1],[0],0,[],[],[]],[["0,9729,9729,33071,33071,0,0,1",-1],[0],0,[],[],[]],[[{"name":"cat","rect":[0,0,494,512],"offset":[0,0],"originalSize":[494,512],"capInsets":[0,0,0,0]}],[1],0,[0],[0],[0]],[[[1,"sl_en0102",{"rows":[["balloonpop","1","Description","2","c","5","c,b,a","c.mp3"],["writeletter","1","Description","c","-"],["writecard","1","Description","c","car","car.png","car.mp3","cat","cat.png","cat.mp3","cow","cow1.png","cow.mp3"],["quizliteracy","1","Description","soundonly_word","c","y","d","c","","","c.mp3"],["quizliteracy","1","Description","word_word","c","c","b","a","","c"],["quizliteracy","1","Description","soundonly_word","c","c","s","z","","","c.mp3"]]}]],0,0,[],[],[]],[["0,9729,9729,33071,33071,0,0,1",-1],[0],0,[],[],[]],[[[0,"cat",".mp3",0.835918],-1],0,0,[],[],[]],[[{"name":"car","rect":[0,0,960,621],"offset":[0,0],"originalSize":[960,621],"capInsets":[0,0,0,0]}],[1],0,[0],[0],[1]],[[{"name":"cow1","rect":[0,0,400,333],"offset":[0,0],"originalSize":[400,333],"capInsets":[0,0,0,0]}],[1],0,[0],[0],[2]],[[[0,"cow",".mp3",0.653061],-1],0,0,[],[],[]]]]