[1,["9dBvkGXtpEH7eryinhRS2r","33l33FY99BfbkdNY9iqIQA","5d0V2KHJdOHqjHX7aOF4Rk","8bw8hK9ctFIJj0Roa2mv/B","4bRv7FV8dONqBdBZX20B+8","a6cpBXZ6pFR5HlvMkGXGB5","01r/4hSWFJBq8n0QUhqYZO","cdJJYF8plDN5nCF5x2/oSg","756sdkGDpKxIPPGxriIjij"],["_textureSetter"],["cc.Texture2D","cc.SpriteFrame",["cc.AudioClip",["_name","_native","duration"],0],["cc.JsonAsset",["_name","json"],1]],[[2,0,1,2,4],[3,0,1,3]],[[[[0,"ಈರುಳ್ಳಿ",".mp3",0.888],-1],0,0,[],[],[]],[["0,9729,9729,33071,33071,0,0,1",-1],[0],0,[],[],[]],[[{"name":"corn","rect":[0,0,400,400],"offset":[0,0],"originalSize":[400,400],"capInsets":[0,0,0,0]}],[1],0,[0],[0],[0]],[[{"name":"betelleaf","rect":[0,0,512,512],"offset":[0,0],"originalSize":[512,512],"capInsets":[0,0,0,0]}],[1],0,[0],[0],[1]],[["0,9729,9729,33071,33071,0,0,1",-1],[0],0,[],[],[]],[[{"name":"onion","rect":[0,0,400,400],"offset":[0,0],"originalSize":[400,400],"capInsets":[0,0,0,0]}],[1],0,[0],[0],[2]],[[[0,"ಜೋಳ",".mp3",0.768],-1],0,0,[],[],[]],[["0,9729,9729,33071,33071,0,0,1",-1],[0],0,[],[],[]],[[{"name":"tondekayi","rect":[0,0,400,400],"offset":[0,0],"originalSize":[400,400],"capInsets":[0,0,0,0]}],[1],0,[0],[0],[3]],[[{"name":"garlic","rect":[0,0,400,400],"offset":[0,0],"originalSize":[400,400],"capInsets":[0,0,0,0]}],[1],0,[0],[0],[4]],[["0,9729,9729,33071,33071,0,0,1",-1],[0],0,[],[],[]],[[[0,"ತೊಂಡೆಕಾಯಿ",".mp3",1.128],-1],0,0,[],[],[]],[[[1,"kn2_0901",{"rows":[["openwindow1","1","Description","LEGIT","ಅಕ್ಕಿ","rice.png","tondekayi.png","ಅಕ್ಕಿ.mp3","ಅಕ್ಕಿ"],["openwindow1","1","Description","LEGIT","ಜೋಳ","corn.png","toordal.png","ಜೋಳ.mp3","ಜೋಳ"],["openwindow1","1","Description","LEGIT","ಕಡಲೆ","groundnut.png","onion.png","ಕಡಲೆ.mp3","ಕಡಲೆ"],["openwindow1","1","Description","LEGIT","ಈರುಳ್ಳಿ","onion.png","chilli.png","ಈರುಳ್ಳಿ.mp3","ಈರುಳ್ಳಿ"],["openwindow1","1","Description","LEGIT","ತೊಂಡೆಕಾಯಿ","tondekayi.png","garlic.png","ತೊಂಡೆಕಾಯಿ.mp3","ತೊಂಡೆಕಾಯಿ"],["openwindow1","1","Description","LEGIT","ತೊಗರಿ","toordal.png","rice.png","ತೊಗರಿ.mp3","ತೊಗರಿ"],["openwindow1","1","Description","LEGIT","ವೀಳ್ಯದೆಲೆ","betelleaf.png","corn.png","ವೀಳ್ಯದೆಲೆ.mp3","ವೀಳ್ಯದೆಲೆ"],["openwindow1","1","Description","LEGIT","ಮೆಣಸಿನಕಾಯಿ","chilli.png","groundnut.png","ಮೆಣಸಿನಕಾಯಿ.mp3","ಮೆಣಸಿನಕಾಯಿ"],["openwindow1","1","Description","LEGIT","ಬೆಳ್ಳುಳಿ","garlic.png","onion.png","ಬೆಳ್ಳುಳಿ.mp3","ಬೆಳ್ಳುಳಿ"],["quizliteracy","1","Description","image_word","ಅಕ್ಕಿ","ಕಡಲೆ","ಅಕ್ಕಿ","ತೊಗರಿ","rice.png"],["quizliteracy","1","Description","image_word","ಕಡಲೆ","ಅಕ್ಕಿ","ವೀಳ್ಯದೆಲೆ","ಕಡಲೆ","groundnut.png"],["quizliteracy","1","Description","image_word","ವೀಳ್ಯದೆಲೆ","ವೀಳ್ಯದೆಲೆ","ತೊಗರಿ","ಜೋಳ","betelleaf.png"]]}]],0,0,[],[],[]],[["0,9729,9729,33071,33071,0,0,1",-1],[0],0,[],[],[]],[[{"name":"groundnut","rect":[0,0,400,400],"offset":[0,0],"originalSize":[400,400],"capInsets":[0,0,0,0]}],[1],0,[0],[0],[5]],[[[0,"ಬೆಳ್ಳುಳಿ",".mp3",0.864],-1],0,0,[],[],[]],[["0,9729,9729,33071,33071,0,0,1",-1],[0],0,[],[],[]],[["0,9729,9729,33071,33071,0,0,1",-1],[0],0,[],[],[]],[[{"name":"toordal","rect":[0,0,400,400],"offset":[0,0],"originalSize":[400,400],"capInsets":[0,0,0,0]}],[1],0,[0],[0],[6]],[["0,9729,9729,33071,33071,0,0,1",-1],[0],0,[],[],[]],[[{"name":"chilli","rect":[0,0,400,400],"offset":[0,0],"originalSize":[400,400],"capInsets":[0,0,0,0]}],[1],0,[0],[0],[7]],[["0,9729,9729,33071,33071,0,0,1",-1],[0],0,[],[],[]],[[[0,"ಅಕ್ಕಿ",".mp3",0.648],-1],0,0,[],[],[]],[[[0,"ಕಡಲೆ",".mp3",0.792],-1],0,0,[],[],[]],[[{"name":"rice","rect":[0,0,400,400],"offset":[0,0],"originalSize":[400,400],"capInsets":[0,0,0,0]}],[1],0,[0],[0],[8]],[[[0,"ತೊಗರಿ",".mp3",0.768],-1],0,0,[],[],[]],[[[0,"ವೀಳ್ಯದೆಲೆ",".mp3",1.104],-1],0,0,[],[],[]],[[[0,"ಮೆಣಸಿನಕಾಯಿ",".mp3",1.344],-1],0,0,[],[],[]]]]