[1,["62m0J0ihtAfp0DbzPlXhIM","6eJgu8hcNF+YPxpplHLgv7","94LdvnoM9DjpGK+C4vDkQo","bcE7W3yZVBn4i7Nh7D4adE","1dI3VcvjdLl6YduefT2tm/","79ZYV1zzlFP5Q5LI+yxhpD","02YTr/OKtLcocCtWlR58/J","c7MwP3PAZDS4yw2/wdBG+C","2feC7hS29OZ4HnIR2kAR+s","69qq322MFJG5W44L1Uz0H8","d2ofGp7YtN94Hr5EKgYkLI"],["_textureSetter"],["cc.Texture2D","cc.SpriteFrame",["cc.JsonAsset",["_name","json"],1],["cc.AudioClip",["_name","_native","duration"],0]],[[3,0,1,2,4],[2,0,1,3]],[[["0,9729,9729,33071,33071,0,0,1",-1],[0],0,[],[],[]],[[[1,"en0900",{"rows":[["openwindow","1","Description","LEGIT","bed","bed.png","mom.png","bed.mp3","abcdefghijklmnopqrstuvwxyz"],["openwindow","1","Description","LEGIT","bat","bat.png","cat.png","bat.mp3","abcdefghijklmnopqrstuvwxyz"],["openwindow","1","Description","LEGIT","bug","bug1.png","man.png","bug.mp3","abcdefghijklmnopqrstuvwxyz"],["openwindow","1","Description","LEGIT","mom","mom.png","bat.png","mom.mp3","abcdefghijklmnopqrstuvwxyz"],["rocket","1","Description","top","a,b,c,d,e,f,g,h,i,j,k,l,m,n,o,p,q,r,s,t,u,v,w,x,y,z","t,o,p","top.mp3","top.png","true","false"],["rocket","1","Description","cut","a,b,c,d,e,f,g,h,i,j,k,l,m,n,o,p,q,r,s,t,u,v,w,x,y,z","c,u,t","cut.mp3","cut.png","true","false"],["rocket","1","Description","bug","a,b,c,d,e,f,g,h,i,j,k,l,m,n,o,p,q,r,s,t,u,v,w,x,y,z","b,u,g","bug.mp3","bug.png","true","false"],["grid","1","Description","c","at,an"],["grid","1","Description","m","ad,an"],["grid","1","Description","h","am,at"],["quizliteracy","1","Description","soundonly_image","bed.png","bus.png","bed.png","box.png","","","bed.mp3"],["quizliteracy","1","Description","soundonly_word","bug","bug","hug","dog","","","bug.mp3"],["quizliteracy","1","Description","soundonly_image","top.png","top.png","bed.png","box.png","","","top.mp3"],["quizliteracy","1","Description","soundonly_word","mom","dad","mom","baby","","","mom.mp3"],["quizliteracy","1","Description","image_word","bat","grape","apple","bat","bat.png"]]}]],0,0,[],[],[]],[[{"name":"man","rect":[0,0,512,512],"offset":[0,0],"originalSize":[512,512],"capInsets":[0,0,0,0]}],[1],0,[0],[0],[0]],[[{"name":"cut","rect":[0,0,640,461],"offset":[0,0],"originalSize":[640,461],"capInsets":[0,0,0,0]}],[1],0,[0],[0],[1]],[[{"name":"box","rect":[76,92,451,289],"offset":[11.5,-6.5],"originalSize":[580,460],"capInsets":[0,0,0,0]}],[1],0,[0],[0],[2]],[["0,9729,9729,33071,33071,0,0,1",-1],[0],0,[],[],[]],[[[0,"cat",".mp3",0.864],-1],0,0,[],[],[]],[[[0,"can",".mp3",0.816],-1],0,0,[],[],[]],[["0,9729,9729,33071,33071,0,0,1",-1],[0],0,[],[],[]],[[{"name":"top","rect":[0,0,608,516],"offset":[0,0],"originalSize":[608,516],"capInsets":[0,0,0,0]}],[1],0,[0],[0],[3]],[[[0,"mad",".mp3",0.936],-1],0,0,[],[],[]],[[[0,"man",".mp3",0.888],-1],0,0,[],[],[]],[[{"name":"bat","rect":[0,0,512,435],"offset":[0,0],"originalSize":[512,435],"capInsets":[0,0,0,0]}],[1],0,[0],[0],[4]],[[[0,"mom",".mp3",0.864],-1],0,0,[],[],[]],[[{"name":"bed","rect":[0,0,512,384],"offset":[0,0],"originalSize":[512,384],"capInsets":[0,0,0,0]}],[1],0,[0],[0],[5]],[[{"name":"bug","rect":[0,0,322,382],"offset":[0,0],"originalSize":[322,382],"capInsets":[0,0,0,0]}],[1],0,[0],[0],[6]],[["0,9729,9729,33071,33071,0,0,1",-1],[0],0,[],[],[]],[["0,9729,9729,33071,33071,0,0,1",-1],[0],0,[],[],[]],[[[0,"cut",".mp3",0.864],-1],0,0,[],[],[]],[["0,9729,9729,33071,33071,0,0,1",-1],[0],0,[],[],[]],[["0,9729,9729,33071,33071,0,0,1",-1],[0],0,[],[],[]],[["0,9729,9729,33071,33071,0,0,1",-1],[0],0,[],[],[]],[[{"name":"bus","rect":[67,152,446,181],"offset":[0,-12.5],"originalSize":[580,460],"capInsets":[0,0,0,0]}],[1],0,[0],[0],[7]],[[[0,"ham",".mp3",0.84],-1],0,0,[],[],[]],[[[0,"bed",".mp3",0.888],-1],0,0,[],[],[]],[[[0,"top",".mp3",0.768],-1],0,0,[],[],[]],[[[0,"bug",".mp3",0.936],-1],0,0,[],[],[]],[["0,9729,9729,33071,33071,0,0,1",-1],[0],0,[],[],[]],[["0,9729,9729,33071,33071,0,0,1",-1],[0],0,[],[],[]],[[[0,"bat",".mp3",0.912],-1],0,0,[],[],[]],[["0,9729,9729,33071,33071,0,0,1",-1],[0],0,[],[],[]],[[{"name":"mom","rect":[0,3,326,509],"offset":[-1,-1.5],"originalSize":[328,512],"capInsets":[0,0,0,0]}],[1],0,[0],[0],[8]],[[{"name":"bug1","rect":[0,0,193,153],"offset":[0,0],"originalSize":[193,153],"capInsets":[0,0,0,0]}],[1],0,[0],[0],[9]],[[{"name":"cat","rect":[0,0,494,512],"offset":[0,0],"originalSize":[494,512],"capInsets":[0,0,0,0]}],[1],0,[0],[0],[10]],[[[0,"hat",".mp3",0.912],-1],0,0,[],[],[]]]]