[1,["d748eXAoVAmKr+6sKR+bHe","cf70pAMWxOO7Mc97yyw/sT","camUB9QgdHO5nOfHA1dGm+","a4u3zKfjpGU5sQ64zl2YHE","2aHgBC/PVGx6Hk6VJRko2n"],["_textureSetter"],["cc.Texture2D","cc.SpriteFrame",["cc.JsonAsset",["_name","json"],1],["cc.AudioClip",["_name","_native","duration"],0]],[[3,0,1,2,4],[2,0,1,3]],[[["0,9729,9729,33071,33071,0,0,1",-1],[0],0,[],[],[]],[[{"name":"ganeshatemple","rect":[0,0,288,512],"offset":[0,0],"originalSize":[288,512],"capInsets":[0,0,0,0]}],[1],0,[0],[0],[0]],[[{"name":"manwithcharaka","rect":[0,0,512,384],"offset":[0,0],"originalSize":[512,384],"capInsets":[0,0,0,0]}],[1],0,[0],[0],[1]],[["0,9729,9729,33071,33071,0,0,1",-1],[0],0,[],[],[]],[[[1,"kn0708",{"rows":[["createsentence","1","Description","ಗಣಪನ/ಆಲಯ","","ganeshatemple.png","ಗಣಪನ ಆಲಯ.mp3"],["createsentence","1","Description","ಜನರ/ಆಗಮನ","","peoplearrive.png","ಜನರ ಆಗಮನ.mp3"],["createsentence","1","Description","ಅವರ/ನಮನ","","peopleworship.png","ಅವರ ನಮನ.mp3"],["createsentence","1","Description","ಒಣ/ಮರದ/ಚರಕ","","charaka.png","ಒಣ ಮರದ ಚರಕ.mp3"],["createsentence","1","Description","ಅವನ ಚರಕ","","manwithcharaka.png","ಅವನ ಚರಕ.mp3"],["quizliteracy","1","Description","soundonly_sentence","ಗಣಪನ ಆಲಯ","ಗಣಪನ ಆಲಯ","ಅವಳ ಸರ","ಜನರ ಆಗಮನ","","","ಗಣಪನ ಆಲಯ.mp3"],["quizliteracy","1","Description","sentence_sentence","ಜನರ ಆಗಮನ","ಆಗರ ಜಗಮನ","ಜನರ ಆಗಮನ","ಮನರ ಜಗಮನ","","ಸರಿಯಾದದನ್ನು ಆರಿಸಿ","ಜನರ ಆಗಮನ.mp3"],["quizliteracy","1","Description","image_sentence","ಅವನ ಚರಕ","ಜನರ ಆಗಮನ","ಅವನ ಚರಕ","ಗಣಪನ ಆಲಯ","manwithcharaka.png","","ಅವನ ಚರಕ.mp3"]]}]],0,0,[],[],[]],[["0,9729,9729,33071,33071,0,0,1",-1],[0],0,[],[],[]],[[[0,"ಗಣಪನ ಆಲಯ",".mp3",1.272],-1],0,0,[],[],[]],[["0,9729,9729,33071,33071,0,0,1",-1],[0],0,[],[],[]],[[{"name":"peoplearrive","rect":[0,0,512,341],"offset":[0,0],"originalSize":[512,341],"capInsets":[0,0,0,0]}],[1],0,[0],[0],[2]],[[[0,"ಜನರ ಆಗಮನ",".mp3",1.272],-1],0,0,[],[],[]],[["0,9729,9729,33071,33071,0,0,1",-1],[0],0,[],[],[]],[[[0,"ಅವನ ಚರಕ",".mp3",1.08],-1],0,0,[],[],[]],[[[0,"ಒಣ ಮರದ ಚರಕ",".mp3",1.296],-1],0,0,[],[],[]],[[[0,"ಅವರ ನಮನ",".mp3",1.008],-1],0,0,[],[],[]],[[{"name":"peopleworship","rect":[0,0,512,341],"offset":[0,0],"originalSize":[512,341],"capInsets":[0,0,0,0]}],[1],0,[0],[0],[3]],[[{"name":"charaka","rect":[0,0,400,406],"offset":[0,0],"originalSize":[400,406],"capInsets":[0,0,0,0]}],[1],0,[0],[0],[4]]]]