[1,["b6RxZ806dIg7PJ8AFOkvcI","3fCH/v+ilDc5syK0cOKwfO","e6GFGwJ1dPqY1pX+K14jqA","6f9FnMYu1Ip7huS7S2GAw5","4cR7ij+llJLpmT/M6GaRag","40aBk7m2NGWI7YDQJKiQOU","19X+A7IE5Cp6GO8TACwlgw"],["_textureSetter"],["cc.Texture2D","cc.SpriteFrame",["cc.JsonAsset",["_name","json"],1],["cc.AudioClip",["_name","_native","duration"],0]],[[3,0,1,2,4],[2,0,1,3]],[[[[1,"en4005",{"rows":[["openwindow1","1","Description","LEGIT","fifteenth","fifteenth.png","seventeenth.png","fifteenth.mp3","abcdefghijklmnopqrstuvwxyz"],["openwindow1","1","Description","LEGIT","sixteenth","sixteenth.png","nineteenth.png","sixteenth.mp3","abcdefghijklmnopqrstuvwxyz"],["openwindow1","1","Description","LEGIT","seventeenth","seventeenth.png","fifteenth.png","seventeenth.mp3","abcdefghijklmnopqrstuvwxyz"],["openwindow1","1","Description","LEGIT","eighteenth","eighteenth.png","sixteenth.png","eighteenth.mp3","abcdefghijklmnopqrstuvwxyz"],["openwindow1","1","Description","LEGIT","nineteenth","nineteenth.png","seventeenth.png","nineteenth.mp3","abcdefghijklmnopqrstuvwxyz"],["openwindow1","1","Description","LEGIT","twentieth","twentieth.png","eighteenth.png","twentieth.mp3","abcdefghijklmnopqrstuvwxyz"],["openwindow1","1","Description","LEGIT","thirtieth","thirtieth.png","fifteenth.png","thirtieth.mp3","abcdefghijklmnopqrstuvwxyz"],["quizliteracy","1","Description","image_sentence","sixteenth","fifteenth","sixteenth","twentieth","sixteenth.png","","sixteenth.mp3"],["quizliteracy","1","Description","image_sentence","twentieth","eleventh","twentieth","thirtieth","twentieth.png","","twentieth.mp3"],["quizliteracy","1","Description","image_sentence","thirtieth","thirtieth","twelfth","fifteenth","thirtieth.png","","thirtieth.mp3"]]}]],0,0,[],[],[]],[["0,9729,9729,33071,33071,0,0,1",-1],[0],0,[],[],[]],[[[0,"twentieth",".mp3",1.2],-1],0,0,[],[],[]],[[[0,"eighteenth",".mp3",1.128],-1],0,0,[],[],[]],[[{"name":"sixteenth","rect":[0,0,512,319],"offset":[0,0],"originalSize":[512,319],"capInsets":[0,0,0,0]}],[1],0,[0],[0],[0]],[[{"name":"fifteenth","rect":[0,0,512,319],"offset":[0,0],"originalSize":[512,319],"capInsets":[0,0,0,0]}],[1],0,[0],[0],[1]],[[{"name":"eighteenth","rect":[0,0,512,368],"offset":[0,0],"originalSize":[512,368],"capInsets":[0,0,0,0]}],[1],0,[0],[0],[2]],[[{"name":"seventeenth","rect":[0,0,512,319],"offset":[0,0],"originalSize":[512,319],"capInsets":[0,0,0,0]}],[1],0,[0],[0],[3]],[["0,9729,9729,33071,33071,0,0,1",-1],[0],0,[],[],[]],[["0,9729,9729,33071,33071,0,0,1",-1],[0],0,[],[],[]],[[[0,"seventeenth",".mp3",1.416],-1],0,0,[],[],[]],[["0,9729,9729,33071,33071,0,0,1",-1],[0],0,[],[],[]],[[{"name":"nineteenth","rect":[0,0,512,368],"offset":[0,0],"originalSize":[512,368],"capInsets":[0,0,0,0]}],[1],0,[0],[0],[4]],[["0,9729,9729,33071,33071,0,0,1",-1],[0],0,[],[],[]],[[[0,"sixteenth",".mp3",1.32],-1],0,0,[],[],[]],[[[0,"fifteenth",".mp3",1.224],-1],0,0,[],[],[]],[["0,9729,9729,33071,33071,0,0,1",-1],[0],0,[],[],[]],[[[0,"thirtieth",".mp3",1.2],-1],0,0,[],[],[]],[[{"name":"thirtieth","rect":[0,0,512,368],"offset":[0,0],"originalSize":[512,368],"capInsets":[0,0,0,0]}],[1],0,[0],[0],[5]],[[[0,"nineteenth",".mp3",1.248],-1],0,0,[],[],[]],[[{"name":"twentieth","rect":[0,0,683,491],"offset":[0,0],"originalSize":[683,491],"capInsets":[0,0,0,0]}],[1],0,[0],[0],[6]],[["0,9729,9729,33071,33071,0,0,1",-1],[0],0,[],[],[]]]]