[1,["1aEZsww4xM6Z9XrmZO/Fg3","54bm+cWpVLHpFMeDgZKcpJ","f61s79nuFLOYMpUvXg7eJZ","500rC7AItAsL60BbbxhvNB","1eWgH+Z9hPfqeuFK1e2cPG","06PbvV2BpJ0oyjqol8p7rE","60y7x7eapJtbz/+B/Y/dCR","63F6Vz8AdMG4DSERdHP0QJ"],["_textureSetter"],["cc.Texture2D","cc.SpriteFrame",["cc.AudioClip",["_name","_native","duration"],0],["cc.JsonAsset",["_name","json"],1]],[[2,0,1,2,4],[3,0,1,3]],[[["0,9729,9729,33071,33071,0,0,1",-1],[0],0,[],[],[]],[[{"name":"make_your_bed","rect":[0,0,256,229],"offset":[0,0],"originalSize":[256,229],"capInsets":[0,0,0,0]}],[1],0,[0],[0],[0]],[[[0,"brush_your_teeth",".mp3",1.358367],-1],0,0,[],[],[]],[["0,9729,9729,33071,33071,0,0,1",-1],[0],0,[],[],[]],[[{"name":"say_your_prayer","rect":[0,0,227,256],"offset":[0,0],"originalSize":[227,256],"capInsets":[0,0,0,0]}],[1],0,[0],[0],[1]],[["0,9729,9729,33071,33071,0,0,1",-1],[0],0,[],[],[]],[["0,9729,9729,33071,33071,0,0,1",-1],[0],0,[],[],[]],[["0,9729,9729,33071,33071,0,0,1",-1],[0],0,[],[],[]],[["0,9729,9729,33071,33071,0,0,1",-1],[0],0,[],[],[]],[["0,9729,9729,33071,33071,0,0,1",-1],[0],0,[],[],[]],[[{"name":"brush_your_teeth","rect":[0,0,256,220],"offset":[0,0],"originalSize":[256,220],"capInsets":[0,0,0,0]}],[1],0,[0],[0],[2]],[[{"name":"have_your_dinner","rect":[0,0,256,171],"offset":[0,0],"originalSize":[256,171],"capInsets":[0,0,0,0]}],[1],0,[0],[0],[3]],[[{"name":"go_to_bed","rect":[0,0,256,237],"offset":[0,0],"originalSize":[256,237],"capInsets":[0,0,0,0]}],[1],0,[0],[0],[4]],[[[0,"go_to_bed",".mp3",1.410612],-1],0,0,[],[],[]],[[[0,"make_your_bed",".mp3",2.56],-1],0,0,[],[],[]],[[[1,"en2612",{"rows":[["createsentence","1","Description","Put/away/your/things.","","put_away_your_things.png","put_away_your_things.mp3"],["createsentence","1","Description","Help/your/parents.","","help_your_parents.png","help_your_parents.mp3"],["createsentence","1","Description","Have/your/dinner.","","have_your_dinner.png","have_your_dinner.mp3"],["createsentence","1","Description","Make/your/bed.","","make_your_bed.png","make_your_bed.mp3"],["createsentence","1","Description","Brush/your/teeth.","","brush_your_teeth.png","brush_your_teeth.mp3"],["createsentence","1","Description","Say/goodnight/to/your/family.","","say_goodnight_to_your_family.png","say_goodnight_to_your_family.mp3"],["createsentence","1","Description","Say/your/prayer.","","say_your_prayer.png","say_your_prayer.mp3"],["createsentence","1","Description","Go/to/bed.","","go_to_bed.png","go_to_bed.mp3"],["quizliteracy","1","Description","sentence_sentence","Help","Help","Trouble","Ignore","","____your parents.","help_your_parents.mp3"],["quizliteracy","1","Description","image_sentence","Make your bed.","Don't make your bed.","Make your bed.","Sleep without making your bed.","make_your_bed.png","","make_your_bed.mp3"],["quizliteracy","1","Description","soundonly_sentence","Say your prayer.","Say prayer your.","Prayer your say.","Say your prayer.","","","say_your_prayer.mp3"]]}]],0,0,[],[],[]],[[[0,"have_your_dinner",".mp3",2.272653],-1],0,0,[],[],[]],[[[0,"say_goodnight_to_your_family",".mp3",2.194286],-1],0,0,[],[],[]],[[[0,"put_away_your_things",".mp3",2.324898],-1],0,0,[],[],[]],[[[0,"say_your_prayer",".mp3",1.097143],-1],0,0,[],[],[]],[[{"name":"put_away_your_things","rect":[0,0,256,219],"offset":[0,0],"originalSize":[256,219],"capInsets":[0,0,0,0]}],[1],0,[0],[0],[5]],[[{"name":"help_your_parents","rect":[0,0,256,192],"offset":[0,0],"originalSize":[256,192],"capInsets":[0,0,0,0]}],[1],0,[0],[0],[6]],[[{"name":"say_goodnight_to_your_family","rect":[0,0,197,256],"offset":[0,0],"originalSize":[197,256],"capInsets":[0,0,0,0]}],[1],0,[0],[0],[7]],[["0,9729,9729,33071,33071,0,0,1",-1],[0],0,[],[],[]],[[[0,"help_your_parents",".mp3",2.533878],-1],0,0,[],[],[]]]]