[1,["30ijnmhQVAjaCGdo8DoPUR","c6QzKf3G1MYoRdRrVKceyv","9au3s1lldAPbFOqd3vnbFn","0dwm8QDVJOfK/HqTWVGwON","2dAOMAdq1Lr6FIFA4LgS9f","baGtjE9fpHRbe+djpOsoAE","d1fR4xIWFLzLnp5tBDM688","e0FLyQMQxGMa3OjLQLmlUc"],["_textureSetter"],["cc.Texture2D","cc.SpriteFrame",["cc.AudioClip",["_name","_native","duration"],0],["cc.JsonAsset",["_name","json"],1]],[[2,0,1,2,4],[3,0,1,3]],[[[[0,"farm",".mp3",0.96],-1],0,0,[],[],[]],[["0,9729,9729,33071,33071,0,0,1",-1],[0],0,[],[],[]],[[[0,"air",".mp3",0.696],-1],0,0,[],[],[]],[[[0,"sh",".mp3",0.528],-1],0,0,[],[],[]],[[[0,"pair",".mp3",0.72],-1],0,0,[],[],[]],[["0,9729,9729,33071,33071,0,0,1",-1],[0],0,[],[],[]],[["0,9729,9729,33071,33071,0,0,1",-1],[0],0,[],[],[]],[[[0,"share",".mp3",0.96],-1],0,0,[],[],[]],[[[0,"maid",".mp3",0.84],-1],0,0,[],[],[]],[[[0,"chair",".mp3",0.888],-1],0,0,[],[],[]],[[[0,"gain",".mp3",0.888],-1],0,0,[],[],[]],[[[0,"main",".mp3",0.84],-1],0,0,[],[],[]],[[[1,"en1807",{"rows":[["grid","1","Description","ai","r,d,m"],["grid","1","Description","h,p,fl","air"],["grid","1","Description","m,p,g","ain"],["grid","1","Description","s,m,p","aid"],["openwindow","1","Description","LEGIT","train","train.png","color.png","train.mp3","abcdefghijklmnopqrstuvwxyz"],["speakingpet","1","Description","ou.mp3","ai.mp3","mouse","mouse.mp3","A","2,3","count","count.mp3","A","2,3","paint","paint.mp3","B","2,3","rain","rain.mp3","B","2,3"],["spelldoor","1","Description","chair","ch**r","2","2","spelling_chair.png","chair.mp3"],["spelldoor","1","Description","rain","r**n","4","2","spelling_rain.png","rain.mp3"],["spelldoor","1","Description","train","tr**in","2","2","spelling_train.png","train.mp3"],["quizliteracy","1","Description","soundonly_word","rain","rain","storm","earth","","","rain.mp3"],["quizliteracy","1","Description","soundonly_word","chair","shop","church","chair","","","chair.mp3"],["quizliteracy","1","Description","word_word","ai","ea","ar","ai","","tr__n","train.mp3"],["quizliteracy","1","Description","word_word","ai","re","ai","ve","","ch__n","chain.mp3"],["quizliteracy","1","Description","word_word","ai","ai","sa","tu","","p__nt","paint.mp3"]]}]],0,0,[],[],[]],[[[0,"ship",".mp3",0.912],-1],0,0,[],[],[]],[[[0,"paint",".mp3",1.008],-1],0,0,[],[],[]],[[[0,"flair",".mp3",0.888],-1],0,0,[],[],[]],[[[0,"chain",".mp3",0.912],-1],0,0,[],[],[]],[[{"name":"farm","rect":[12,47,172,69],"offset":[1.5,-5],"originalSize":[193,153],"capInsets":[0,0,0,0]}],[1],0,[0],[0],[0]],[[{"name":"spelling_train","rect":[0,0,370,273],"offset":[0,0],"originalSize":[370,273],"capInsets":[0,0,0,0]}],[1],0,[0],[0],[1]],[[[0,"train",".mp3",0.888],-1],0,0,[],[],[]],[[[0,"aim",".mp3",0.696],-1],0,0,[],[],[]],[["0,9729,9729,33071,33071,0,0,1",-1],[0],0,[],[],[]],[[{"name":"train","rect":[19,17,159,95],"offset":[2,12],"originalSize":[193,153],"capInsets":[0,0,0,0]}],[1],0,[0],[0],[2]],[[[0,"hair",".mp3",0.84],-1],0,0,[],[],[]],[[[0,"said",".mp3",0.912],-1],0,0,[],[],[]],[[[0,"rain",".mp3",0.96],-1],0,0,[],[],[]],[[[0,"ai",".mp3",0.696],-1],0,0,[],[],[]],[[[0,"chap",".mp3",0.936],-1],0,0,[],[],[]],[[{"name":"spelling_rain","rect":[0,0,370,273],"offset":[0,0],"originalSize":[370,273],"capInsets":[0,0,0,0]}],[1],0,[0],[0],[3]],[["0,9729,9729,33071,33071,0,0,1",-1],[0],0,[],[],[]],[[[0,"aid",".mp3",0.768],-1],0,0,[],[],[]],[[[0,"paid",".mp3",0.816],-1],0,0,[],[],[]],[[[0,"pain",".mp3",0.792],-1],0,0,[],[],[]],[["0,9729,9729,33071,33071,0,0,1",-1],[0],0,[],[],[]],[[{"name":"rain","rect":[36,13,131,123],"offset":[5,2],"originalSize":[193,153],"capInsets":[0,0,0,0]}],[1],0,[0],[0],[4]],[[[0,"ch",".mp3",0.504],-1],0,0,[],[],[]],[[[0,"face",".mp3",1.104],-1],0,0,[],[],[]],[[[0,"mouse",".mp3",0.984],-1],0,0,[],[],[]],[[{"name":"spelling_chair","rect":[0,0,370,273],"offset":[0,0],"originalSize":[370,273],"capInsets":[0,0,0,0]}],[1],0,[0],[0],[5]],[[[0,"count",".mp3",1.056],-1],0,0,[],[],[]],[["0,9729,9729,33071,33071,0,0,1",-1],[0],0,[],[],[]],[[[0,"ou",".mp3",0.48],-1],0,0,[],[],[]],[["0,9729,9729,33071,33071,0,0,1",-1],[0],0,[],[],[]],[[{"name":"face","rect":[55,21,83,117],"offset":[0,-3],"originalSize":[193,153],"capInsets":[0,0,0,0]}],[1],0,[0],[0],[6]],[[{"name":"color","rect":[22,16,148,119],"offset":[-0.5,1],"originalSize":[193,153],"capInsets":[0,0,0,0]}],[1],0,[0],[0],[7]]]]