[1,["1cmvPeXz5Ka7GXVsJ09vKj","6bIj9BhJVB26EAv0U8yS10","3aRRczOVFK6YiJ5rZL2nZW","90pW2Q77BGZq6AXK/GsAnf","9aIJkyeRBDo6IpRUNNK9fv","0c7t8A2hNLw7eAf38Dx5f6","7d1rSbWbNHxpP4OTOfREEl","72oHUdGx5EN7Ch3WIw+VAb","d02u/Fw0ZJBZc3xFICs+PD","e6TwAL0cdNlYZP6JOsE6aP"],["_textureSetter"],["cc.Texture2D","cc.SpriteFrame",["cc.AudioClip",["_name","_native","duration"],0],["cc.JsonAsset",["_name","json"],1]],[[2,0,1,2,4],[3,0,1,3]],[[[[0,"sun",".mp3",0.679184],-1],0,0,[],[],[]],[["0,9729,9729,33071,33071,0,0,1",-1],[0],0,[],[],[]],[["0,9729,9729,33071,33071,0,0,1",-1],[0],0,[],[],[]],[[{"name":"dog","rect":[0,0,499,512],"offset":[0,0],"originalSize":[499,512],"capInsets":[0,0,0,0]}],[1],0,[0],[0],[0]],[[[0,"pin",".mp3",0.548571],-1],0,0,[],[],[]],[["0,9729,9729,33071,33071,0,0,1",-1],[0],0,[],[],[]],[[{"name":"run","rect":[139,13,577,605],"offset":[-12.5,-5.5],"originalSize":[880,620],"capInsets":[0,0,0,0]}],[1],0,[0],[0],[1]],[[[0,"big",".mp3",0.496327],-1],0,0,[],[],[]],[[{"name":"pin","rect":[0,0,512,339],"offset":[0,0],"originalSize":[512,339],"capInsets":[0,0,0,0]}],[1],0,[0],[0],[2]],[[{"name":"bus","rect":[67,152,446,181],"offset":[0,-12.5],"originalSize":[580,460],"capInsets":[0,0,0,0]}],[1],0,[0],[0],[3]],[[{"name":"sun","rect":[0,0,500,333],"offset":[0,0],"originalSize":[500,333],"capInsets":[0,0,0,0]}],[1],0,[0],[0],[4]],[["0,9729,9729,33071,33071,0,0,1",-1],[0],0,[],[],[]],[[[0,"bag",".mp3",0.548571],-1],0,0,[],[],[]],[[{"name":"log","rect":[0,0,322,382],"offset":[0,0],"originalSize":[322,382],"capInsets":[0,0,0,0]}],[1],0,[0],[0],[5]],[["0,9729,9729,33071,33071,0,0,1",-1],[0],0,[],[],[]],[[{"name":"man","rect":[0,0,512,512],"offset":[0,0],"originalSize":[512,512],"capInsets":[0,0,0,0]}],[1],0,[0],[0],[6]],[[{"name":"box","rect":[0,7,140,127],"offset":[0,-0.5],"originalSize":[140,140],"capInsets":[0,0,0,0]}],[1],0,[0],[0],[7]],[["0,9729,9729,33071,33071,0,0,1",-1],[0],0,[],[],[]],[[[0,"dog",".mp3",0.574694],-1],0,0,[],[],[]],[[[0,"run",".mp3",0.731429],-1],0,0,[],[],[]],[["0,9729,9729,33071,33071,0,0,1",-1],[0],0,[],[],[]],[["0,9729,9729,33071,33071,0,0,1",-1],[0],0,[],[],[]],[[[0,"kid",".mp3",0.653061],-1],0,0,[],[],[]],[[[0,"log",".mp3",0.626939],-1],0,0,[],[],[]],[[{"name":"bag","rect":[0,0,322,382],"offset":[0,0],"originalSize":[322,382],"capInsets":[0,0,0,0]}],[1],0,[0],[0],[8]],[["0,9729,9729,33071,33071,0,0,1",-1],[0],0,[],[],[]],[[[1,"sl_en1002",{"rows":[["rocket","1","Description","dog","d,og","d,og","dog.mp3","dog.png","false","false"],["rocket","1","Description","run","a,b,c,d,e,f,g,h,i,j,k,l,m,n,o,p,q,r,s,t,u,v,w,x,y,z","r,u,n","run.mp3","run.png","true","false"],["rocket","1","Description","big","a,b,c,d,e,f,g,h,i,j,k,l,m,n,o,p,q,r,s,t,u,v,w,x,y,z","b,i,g","big.mp3","big.jpg","true","false"],["rocket","1","Description","sun","a,b,c,d,e,f,g,h,i,j,k,l,m,n,o,p,q,r,s,t,u,v,w,x,y,z","s,u,n","sun.mp3","sun.png","true","false"],["rocket","1","Description","pin","a,b,c,d,e,f,g,h,i,j,k,l,m,n,o,p,q,r,s,t,u,v,w,x,y,z","p,i,n","pin.mp3","pin.png","true","false"],["rocket","1","Description","log","l,og","l,og","log.mp3","log.png","false","false"],["rocket","1","Description","bag","b,ag","b,ag","bag.mp3","bag.png","false","false"],["grid","1","Description","k","id,it"],["grid","1","Description","p","in,ig"],["grid","1","Description","h","it,ip"],["quizliteracy","1","Description","soundonly_image","dog.png","bus.png","dog.png","box.png","","","dog.mp3"],["quizliteracy","1","Description","soundonly_word","run","pin","run","can","","","run.mp3"],["quizliteracy","1","Description","soundonly_image","bag.png","man.png","bag.png","box.png","","","bag.mp3"],["quizliteracy","1","Description","soundonly_word","sun","van","sun","dog","","","sun.mp3"],["quizliteracy","1","Description","image_word","log","cat","big","log","log.png"]]}]],0,0,[],[],[]],[[{"name":"big","rect":[0,0,800,533],"offset":[0,0],"originalSize":[800,533],"capInsets":[0,0,0,0]}],[1],0,[0],[0],[9]],[[[0,"hit",".mp3",0.470204],-1],0,0,[],[],[]],[["1,9729,9729,33071,33071,0,0,1",-1],[0],0,[],[],[]],[[[0,"pig",".mp3",0.548571],-1],0,0,[],[],[]]]]