[1,["fe81aMsKJI5K3JCCFI3vqZ","eeOZh9Cp1JwrsAQSa99ZXz","0eSjfnr+dCeaVvtA47s730","aeHBEIMLZLTLZ3HppBbJoh","2ftXsx0npCa6PX1GPPMFSg","d6FdAle8dIz4uBoC/Be6kJ","c6hlXKvalGy7raRFMtWtLf"],["_textureSetter"],["cc.Texture2D","cc.SpriteFrame",["cc.JsonAsset",["_name","json"],1],["cc.AudioClip",["_name","_native","duration"],0]],[[3,0,1,2,4],[2,0,1,3]],[[["0,9729,9729,33071,33071,0,0,1",-1],[0],0,[],[],[]],[[{"name":"It_is_going_to_rain_tomorrow","rect":[0,0,512,512],"offset":[0,0],"originalSize":[512,512],"capInsets":[0,0,0,0]}],[1],0,[0],[0],[0]],[[[1,"en3415",{"rows":[["createsentence","1","Description","I/wrote/my/exam/yesterday.","","I_wrote_my_exam_yesterday.png","I_wrote_my_exam_yesterday.mp3"],["createsentence","1","Description","I/play/today.","","I_play_today.png","I_play_today.mp3"],["createsentence","1","Description","Tomorrow/is/a/holiday.","","Tomorrow_is_a_holiday.png","Tomorrow_is_a_holiday.mp3"],["createsentence","1","Description","Yesterday/I/fell/down.","","Yesterday_I_fell_down.png","Yesterday_I_fell_down.mp3"],["createsentence","1","Description","It/is/going/to/rain/tomorrow.","","It_is_going_to_rain_tomorrow.png","It_is_going_to_rain_tomorrow.mp3"],["createsentence","1","Description","She/is/eating/bread/today.","","She_is_eating_bread_today.png","She_is_eating_bread_today.mp3"],["createsentence","1","Description","We/will/study/tomorrow.","","We_will_study_tomorrow.png","We_will_study_tomorrow.mp3"],["createsentence","1","Description","We/played/yesterday.","","We_played_yesterday.png","We_played_yesterday.mp3"],["quizliteracy","1","Description","sentence_sentence","play","play","played","playing","","I ____ today.","I_play_today.mp3"],["quizliteracy","1","Description","sentence_sentence","fell","fall","fell","falling","","Yesterday I ____ down.","Yesterday_I_fell_down.mp3"],["quizliteracy","1","Description","sentence_sentence","played","playing","play","played","","We ______ yesterday.","We_played_yesterday.mp3"]]}]],0,0,[],[],[]],[[[0,"Yesterday_I_fell_down",".mp3",2.112],-1],0,0,[],[],[]],[["0,9729,9729,33071,33071,0,0,1",-1],[0],0,[],[],[]],[[[0,"It_is_going_to_rain_tomorrow",".mp3",2.352],-1],0,0,[],[],[]],[[[0,"Tomorrow_is_a_holiday",".mp3",1.896],-1],0,0,[],[],[]],[[{"name":"Tomorrow_is_a_holiday","rect":[0,0,512,470],"offset":[0,0],"originalSize":[512,470],"capInsets":[0,0,0,0]}],[1],0,[0],[0],[1]],[[{"name":"She_is_eating_bread_today","rect":[0,0,512,512],"offset":[0,0],"originalSize":[512,512],"capInsets":[0,0,0,0]}],[1],0,[0],[0],[2]],[[{"name":"I_wrote_my_exam_yesterday","rect":[0,0,512,512],"offset":[0,0],"originalSize":[512,512],"capInsets":[0,0,0,0]}],[1],0,[0],[0],[3]],[[{"name":"I_play_today","rect":[0,0,344,512],"offset":[0,0],"originalSize":[344,512],"capInsets":[0,0,0,0]}],[1],0,[0],[0],[4]],[[[0,"I_play_today",".mp3",1.368],-1],0,0,[],[],[]],[["0,9729,9729,33071,33071,0,0,1",-1],[0],0,[],[],[]],[[{"name":"We_played_yesterday","rect":[0,0,740,740],"offset":[0,0],"originalSize":[740,740],"capInsets":[0,0,0,0]}],[1],0,[0],[0],[5]],[[{"name":"Yesterday_I_fell_down","rect":[0,0,1133,965],"offset":[0,0],"originalSize":[1133,965],"capInsets":[0,0,0,0]}],[1],0,[0],[0],[6]],[["0,9729,9729,33071,33071,0,0,1",-1],[0],0,[],[],[]],[[[0,"We_will_study_tomorrow",".mp3",2.04],-1],0,0,[],[],[]],[[[0,"She_is_eating_bread_today",".mp3",2.376],-1],0,0,[],[],[]],[["0,9729,9729,33071,33071,0,0,1",-1],[0],0,[],[],[]],[[[0,"We_played_yesterday",".mp3",1.872],-1],0,0,[],[],[]],[["0,9729,9729,33071,33071,0,0,1",-1],[0],0,[],[],[]],[[[0,"I_wrote_my_exam_yesterday",".mp3",2.664],-1],0,0,[],[],[]],[["0,9729,9729,33071,33071,0,0,1",-1],[0],0,[],[],[]]]]