[1,["1a40EhEQxFObqVYPJC/JZE","3dwq/GWvxPP7unYx7KGo3D","45f+B37ENLGqyFzaoaGH7z","0ckJthEw1NK6HdAZoY1/T3","34Ks1VDgxGYKfe4ybW8oja","e8qZ3IRr9A16gmiKHd4gpZ","08i8Cv9FVNT6yoqSxEO/Ao","02y6WfnoZIg70MJlXnI7px","3feRDDipxHUKmfon18Hj9B","0axoxX2fdFyqYHZVS4iA+g"],["_textureSetter"],["cc.Texture2D","cc.SpriteFrame",["cc.AudioClip",["_name","_native","duration"],0],["cc.JsonAsset",["_name","json"],1]],[[2,0,1,2,4],[3,0,1,3]],[[[[0,"ದಸರ",".mp3",0.744],-1],0,0,[],[],[]],[["0,9729,9729,33071,33071,0,0,1",-1],[0],0,[],[],[]],[["0,9729,9729,33071,33071,0,0,1",-1],[0],0,[],[],[]],[["0,9729,9729,33071,33071,0,0,1",-1],[0],0,[],[],[]],[["0,9729,9729,33071,33071,0,0,1",-1],[0],0,[],[],[]],[[{"name":"washerman","rect":[0,0,800,800],"offset":[0,0],"originalSize":[800,800],"capInsets":[0,0,0,0]}],[1],0,[0],[0],[0]],[["0,9729,9729,33071,33071,0,0,1",-1],[0],0,[],[],[]],[[{"name":"king","rect":[0,0,600,800],"offset":[0,0],"originalSize":[600,800],"capInsets":[0,0,0,0]}],[1],0,[0],[0],[1]],[["0,9729,9729,33071,33071,0,0,1",-1],[0],0,[],[],[]],[["0,9729,9729,33071,33071,0,0,1",-1],[0],0,[],[],[]],[["0,9729,9729,33071,33071,0,0,1",-1],[0],0,[],[],[]],[[{"name":"dargah","rect":[0,0,533,800],"offset":[0,0],"originalSize":[533,800],"capInsets":[0,0,0,0]}],[1],0,[0],[0],[2]],[["0,9729,9729,33071,33071,0,0,1",-1],[0],0,[],[],[]],[[{"name":"price","rect":[0,0,800,533],"offset":[0,0],"originalSize":[800,533],"capInsets":[0,0,0,0]}],[1],0,[0],[0],[3]],[[{"name":"juice","rect":[0,0,533,800],"offset":[0,0],"originalSize":[533,800],"capInsets":[0,0,0,0]}],[1],0,[0],[0],[4]],[[{"name":"brahma","rect":[0,0,533,800],"offset":[0,0],"originalSize":[533,800],"capInsets":[0,0,0,0]}],[1],0,[0],[0],[5]],[[[0,"ಅರಸ",".mp3",1.08],-1],0,0,[],[],[]],[[[0,"ದರ",".mp3",0.6],-1],0,0,[],[],[]],[[{"name":"dasara","rect":[0,0,800,533],"offset":[0,0],"originalSize":[800,533],"capInsets":[0,0,0,0]}],[1],0,[0],[0],[6]],[[[0,"ಅಗಸ",".mp3",1.056],-1],0,0,[],[],[]],[[{"name":"handsaw","rect":[0,0,800,519],"offset":[0,0],"originalSize":[800,519],"capInsets":[0,0,0,0]}],[1],0,[0],[0],[7]],[[[0,"ಅರ",".mp3",0.768],-1],0,0,[],[],[]],[[{"name":"necklace","rect":[0,0,800,508],"offset":[0,0],"originalSize":[800,508],"capInsets":[0,0,0,0]}],[1],0,[0],[0],[8]],[[[1,"kn0002",{"rows":[["writecard","1","Description","ರ","ರಸ","juice.png","ರಸ.mp3","ರಸ","juice.png","ರಸ.mp3","ರಸ","juice.png","ರಸ.mp3"],["writecard","1","Description","ಸ","ಸರ","necklace.png","ಸರ.mp3","ಸರ","necklace.png","ಸರ.mp3","ಸರ","necklace.png","ಸರ.mp3"],["writecard","1","Description","ದ","ದರ","price.png","ದರ.mp3","ದಸರ","dasara.png","ದಸರ.mp3","ದರಗ","dargah.png","ದರಗ.mp3"],["writecard","1","Description","ಅ","ಅರ","handsaw.png","ಅರ.mp3","ಅರಸ","king.png","ಅರಸ.mp3","ಅಜ","brahma.png","ಅಜ.mp3"],["writecard","1","Description","ಅ","ಅಜ","brahma.png","ಅಜ.mp3","ಅರ","handsaw.png","ಅರ.mp3","ಅರಸ","king.png","ಅರಸ.mp3"],["writecard","1","Description","ಅ","ಅರಸ","king.png","ಅರಸ.mp3","ಅರ","handsaw.png","ಅರ.mp3","ಅಜ","brahma.png","ಅಜ.mp3"],["writecard","1","Description","ದ","ದಸರ","dasara.png","ದಸರ.mp3","ದರಗ","dargah.png","ದರಗ.mp3","ದರ","price.png","ದರ.mp3"],["writecard","1","Description","ಅ","ಅಗಸ","washerman.png","ಅಗಸ.mp3","ಅರ","handsaw.png","ಅರ.mp3","ಅರಸ","king.png","ಅರಸ.mp3"],["writecard","1","Description","ದ","ದರಗ","dargah.png","ದರಗ.mp3","ದಸರ","dasara.png","ದಸರ.mp3","ದರ","price.png","ದರ.mp3"],["writecard","1","Description","ಗ","ಗರಗಸ","saw.png","ಗರಗಸ.mp3","ಗರಗಸ","saw.png","ಗರಗಸ.mp3","ಗರಗಸ","saw.png","ಗರಗಸ.mp3"],["quizliteracy","1","Description","soundonly_image","washerman.png","king.png","dasara.png","washerman.png","","","ಅಗಸ.mp3"],["quizliteracy","1","Description","soundonly_image","king.png","king.png","washerman.png","dasara.png","","","ಅರಸ.mp3"],["quizliteracy","1","Description","soundonly_image","dasara.png","washerman.png","dasara.png","king.png","","","ದಸರ.mp3"]]}]],0,0,[],[],[]],[[[0,"ಅಜ",".mp3",1.056],-1],0,0,[],[],[]],[[[0,"ಗರಗಸ",".mp3",0.912],-1],0,0,[],[],[]],[[{"name":"saw","rect":[0,0,800,532],"offset":[0,0],"originalSize":[800,532],"capInsets":[0,0,0,0]}],[1],0,[0],[0],[9]],[[[0,"ಸರ",".mp3",0.648],-1],0,0,[],[],[]],[["0,9729,9729,33071,33071,0,0,1",-1],[0],0,[],[],[]],[[[0,"ರಸ",".mp3",0.696],-1],0,0,[],[],[]],[[[0,"ದರಗ",".mp3",0.744],-1],0,0,[],[],[]]]]