[1,["95MxkHQk5AAoVwF/O3OMY+","264a2icbZB646mku5UMVg6","3fz6Gu8MBN0bBm5Wra/Vb4","ee/A1MKkRN/rlhQMeZIdcP","02y6Ey5ehJQZENYlHZkCN8"],["_textureSetter"],["cc.Texture2D","cc.SpriteFrame",["cc.AudioClip",["_name","_native","duration"],0],["cc.JsonAsset",["_name","json"],1]],[[2,0,1,2,4],[3,0,1,3]],[[[[0,"ही",".mp3",0.626939],-1],0,0,[],[],[]],[["0,9729,9729,33071,33071,0,0,1",-1],[0],0,[],[],[]],[["0,9729,9729,33071,33071,0,0,1",-1],[0],0,[],[],[]],[[[0,"पाणी",".mp3",0.72],-1],0,0,[],[],[]],[["0,9729,9729,33071,33071,0,0,1",-1],[0],0,[],[],[]],[[[0,"भिंत",".mp3",0.966531],-1],0,0,[],[],[]],[[{"name":"water","rect":[0,0,640,209],"offset":[0,0],"originalSize":[640,209],"capInsets":[0,0,0,0]}],[1],0,[0],[0],[0]],[[[0,"विहीर",".mp3",0.783673],-1],0,0,[],[],[]],[[{"name":"well","rect":[0,0,544,640],"offset":[0,0],"originalSize":[544,640],"capInsets":[0,0,0,0]}],[1],0,[0],[0],[1]],[[[0,"मित्र",".mp3",0.862041],-1],0,0,[],[],[]],[[[0,"आणि",".mp3",0.835918],-1],0,0,[],[],[]],[[[0,"णि",".mp3",0.653061],-1],0,0,[],[],[]],[[[1,"mr3404",{"rows":[["phonictractor","1","Description","5","ही","ही.mp3","ही","ही.mp3"],["phonictractor","1","Description","4","लिंब","लिंब.mp3","लिं","लिं.mp3","ब","ब.mp3"],["phonictractor","1","Description","4","टिंब","टिंब.mp3","टिं","टिं.mp3","ब","ब.mp3"],["spelldoor","1","Description","भिंत","भिं*","0","0","wall.png","भिंत.mp3"],["phonictractor","1","Description","4","आणि","आणि.mp3","आ","आ.mp3","णि","णि.mp3"],["openwindow","1","Description","LEGIT","पाणी","water.png","fire.png","पाणी.mp3","पाणी"],["rocket","1","Description","मित्र","मि,त्र","मि,त्र","मित्र.mp3","friend.png","False","False"],["spelldoor","1","Description","विहीर","*हीर","0","0","well.png","विहीर.mp3"],["phonictractor","1","Description","5","माहीत","माहीत.mp3","मा","मा.mp3","ही","ही.mp3","त","त.mp3"],["quizliteracy","1","Description","word_word","मा","पा","मा","का","","__हीत","माहीत.mp3"],["quizliteracy","1","Description","soundonly_word","भिंत","लिंब","मित्र","भिंत","","","भिंत.mp3"],["quizliteracy","1","Description","image_word","पाणी","पाणी","विहीर","टिंब","water.png"]]}]],0,0,[],[],[]],[["0,9729,9729,33071,33071,0,0,1",-1],[0],0,[],[],[]],[[[0,"त",".mp3",0.705306],-1],0,0,[],[],[]],[[[0,"टिंब",".mp3",0.757551],-1],0,0,[],[],[]],[[{"name":"fire","rect":[0,0,428,640],"offset":[0,0],"originalSize":[428,640],"capInsets":[0,0,0,0]}],[1],0,[0],[0],[2]],[[[0,"लिंब",".mp3",0.862041],-1],0,0,[],[],[]],[[[0,"आ",".mp3",0.731429],-1],0,0,[],[],[]],[[[0,"लिं",".mp3",0.940408],-1],0,0,[],[],[]],[[[0,"मा",".mp3",0.757551],-1],0,0,[],[],[]],[[{"name":"wall","rect":[0,0,640,427],"offset":[0,0],"originalSize":[640,427],"capInsets":[0,0,0,0]}],[1],0,[0],[0],[3]],[[[0,"टिं",".mp3",0.548571],-1],0,0,[],[],[]],[[[0,"माहीत",".mp3",0.679184],-1],0,0,[],[],[]],[["0,9729,9729,33071,33071,0,0,1",-1],[0],0,[],[],[]],[[[0,"ब",".mp3",0.783673],-1],0,0,[],[],[]],[[{"name":"friend","rect":[0,0,640,426],"offset":[0,0],"originalSize":[640,426],"capInsets":[0,0,0,0]}],[1],0,[0],[0],[4]]]]