[1,["9dYogi4XtJaryEvuId7NK8","57ndwOy7pOlbEVJgU1bQb9","e1gidZnu1HJaLsC9/g9F51","a915/K/b9EqJq6qorGiO8q","f4tb9wsktFsKHWA2f1uCvG","68k6hN+0JLjbzngrYe9sse","f7Zod47LBEqpt7+wsoGdXD","58uuFoe5BGQ4b1Z4PYwTa4"],["_textureSetter"],["cc.Texture2D","cc.SpriteFrame",["cc.AudioClip",["_name","_native","duration"],0],["cc.JsonAsset",["_name","json"],1]],[[2,0,1,2,4],[3,0,1,3]],[[[[0,"clock",".mp3",0.653061],-1],0,0,[],[],[]],[[[0,"chair",".mp3",0.705306],-1],0,0,[],[],[]],[[[0,"river",".mp3",0.653061],-1],0,0,[],[],[]],[[[0,"light",".mp3",0.731429],-1],0,0,[],[],[]],[[[0,"woman",".mp3",0.757551],-1],0,0,[],[],[]],[[[0,"quail",".mp3",0.757551],-1],0,0,[],[],[]],[["0,9729,9729,33071,33071,0,0,1",-1],[0],0,[],[],[]],[["0,9729,9729,33071,33071,0,0,1",-1],[0],0,[],[],[]],[["0,9729,9729,33071,33071,0,0,1",-1],[0],0,[],[],[]],[[{"name":"quail","rect":[0,0,400,363],"offset":[0,0],"originalSize":[400,363],"capInsets":[0,0,0,0]}],[1],0,[0],[0],[0]],[[{"name":"chair","rect":[0,0,305,512],"offset":[0,0],"originalSize":[305,512],"capInsets":[0,0,0,0]}],[1],0,[0],[0],[1]],[["0,9729,9729,33071,33071,0,0,1",-1],[0],0,[],[],[]],[[[0,"snake",".mp3",0.783673],-1],0,0,[],[],[]],[["0,9729,9729,33071,33071,0,0,1",-1],[0],0,[],[],[]],[[[0,"water",".mp3",0.809796],-1],0,0,[],[],[]],[[{"name":"water","rect":[0,0,400,333],"offset":[0,0],"originalSize":[400,333],"capInsets":[0,0,0,0]}],[1],0,[0],[0],[2]],[[{"name":"clock","rect":[0,0,511,512],"offset":[0,0],"originalSize":[511,512],"capInsets":[0,0,0,0]}],[1],0,[0],[0],[3]],[[[1,"sl_en2002",{"rows":[["writeword","1","Description","clock","clock.png","clock.mp3"],["writeword","1","Description","light","light.jpg","light.mp3"],["writeword","1","Description","quail","quail.png","quail.mp3"],["writeword","1","Description","snake","snake.png","snake.mp3"],["writeword","1","Description","river","river.png","river.mp3"],["writeword","1","Description","chair","chair.png","chair.mp3"],["writeword","1","Description","woman","woman.png","woman.mp3"],["writeword","1","Description","water","water.png","water.mp3"],["quizliteracy","1","Description","image_word","clock","river","light","clock","clock.png"],["quizliteracy","1","Description","soundonly_word","snake","stop","snail","snake","","","snake.mp3"],["quizliteracy","1","Description","image_word","river","light","clock","river","river.png"],["quizliteracy","1","Description","soundonly_word","chair","shop","church","chair","","","chair.mp3"],["quizliteracy","1","Description","image_word","water","soap","net","water","water.png"]]}]],0,0,[],[],[]],[["0,9729,9729,33071,33071,0,0,1",-1],[0],0,[],[],[]],[[{"name":"woman","rect":[0,0,900,1235],"offset":[0,0],"originalSize":[900,1235],"capInsets":[0,0,0,0]}],[1],0,[0],[0],[4]],[[{"name":"river","rect":[0,0,512,341],"offset":[0,0],"originalSize":[512,341],"capInsets":[0,0,0,0]}],[1],0,[0],[0],[5]],[["0,9729,9729,33071,33071,0,0,1",-1],[0],0,[],[],[]],[[{"name":"light","rect":[0,0,400,267],"offset":[0,0],"originalSize":[400,267],"capInsets":[0,0,0,0]}],[1],0,[0],[0],[6]],[["1,9729,9729,33071,33071,0,0,1",-1],[0],0,[],[],[]],[[{"name":"snake","rect":[0,0,512,196],"offset":[0,0],"originalSize":[512,196],"capInsets":[0,0,0,0]}],[1],0,[0],[0],[7]]]]