[1,["cesdTHxfdJLYd1nSZlU7Yi","5cCTurHtdDz540lBCF7o8d","1fA4PoTiFDP7ov64E1QJXu","3fUIh53iNNTaNOuOUyNxe6"],["_textureSetter"],["cc.SpriteFrame","cc.Texture2D",["cc.AudioClip",["_name","_native","duration"],0],["cc.JsonAsset",["_name","json"],1]],[[2,0,1,2,4],[3,0,1,3]],[[[{"name":"spelling_clock","rect":[0,0,370,273],"offset":[0,0],"originalSize":[370,273],"capInsets":[0,0,0,0]}],[0],0,[0],[0],[0]],[[[0,"fresh",".mp3",0.809796],-1],0,0,[],[],[]],[["0,9729,9729,33071,33071,0,0,1",-1],[1],0,[],[],[]],[["0,9729,9729,33071,33071,0,0,1",-1],[1],0,[],[],[]],[[[0,"kick",".mp3",0.731429],-1],0,0,[],[],[]],[[[0,"neck",".mp3",0.653061],-1],0,0,[],[],[]],[["0,9729,9729,33071,33071,0,0,1",-1],[1],0,[],[],[]],[[[0,"push",".mp3",0.653061],-1],0,0,[],[],[]],[[[0,"sack",".mp3",0.548571],-1],0,0,[],[],[]],[[[0,"s_phonic",".mp3",1.985306],-1],0,0,[],[],[]],[[[0,"truck",".mp3",0.653061],-1],0,0,[],[],[]],[[{"name":"duck","rect":[30,21,420,470],"offset":[0,0],"originalSize":[480,512],"capInsets":[0,0,0,0]}],[0],0,[0],[0],[1]],[[[0,"sick",".mp3",0.444082],-1],0,0,[],[],[]],[[[0,"sh",".mp3",1.056],-1],0,0,[],[],[]],[[[0,"ck",".mp3",0.391837],-1],0,0,[],[],[]],[[[0,"back",".mp3",0.548571],-1],0,0,[],[],[]],[[[0,"sit",".mp3",0.757551],-1],0,0,[],[],[]],[[[1,"sl_en1609",{"rows":[["grid","1","Description","ba,ro,pa,ti","ck"],["grid","1","Description","si,sa,su,ne","ck"],["speakingpet","1","Description","s_phonic.mp3","ck.mp3","sit","sit.mp3","A","1","soap","soap.mp3","A","1","check","check","B","4,5","kick","kick.mp3","B","3,4"],["speakingpet","1","Description","sh.mp3","ck.mp3","fresh","fresh.mp3","A","4,5","push","push.mp3","A","3,4","truck","truck.mp3","B","4,5","rock","rock.mp3","B","3,4"],["spelldoor","1","Description","clock","*****","4","3","spelling_clock.png","clock.mp3"],["writeword","1","Description","duck","duck.png","duck.mp3"],["writeword","1","Description","clock","clock.png","clock.mp3"],["quizliteracy","1","Description","soundonly_word","kick","black","crab","kick","","","kick.mp3"],["quizliteracy","1","Description","image_word","duck","duck","crab","nest","duck.png"],["quizliteracy","1","Description","image_word","truck","truck","key","lemon","truck.png"],["quizliteracy","1","Description","image_word","clock","house","paper","clock","clock.png"]]}]],0,0,[],[],[]],[[{"name":"clock","rect":[0,0,511,512],"offset":[0,0],"originalSize":[511,512],"capInsets":[0,0,0,0]}],[0],0,[0],[0],[2]],[[[0,"clock",".mp3",0.653061],-1],0,0,[],[],[]],[[{"name":"truck","rect":[0,0,1200,1000],"offset":[0,0],"originalSize":[1200,1000],"capInsets":[0,0,0,0]}],[0],0,[0],[0],[3]],[[[0,"suck",".mp3",0.653061],-1],0,0,[],[],[]],[[[0,"soap",".mp3",0.757551],-1],0,0,[],[],[]],[[[0,"duck",".mp3",0.626939],-1],0,0,[],[],[]],[["0,9729,9729,33071,33071,0,0,1",-1],[1],0,[],[],[]],[[[0,"pack",".mp3",0.391837],-1],0,0,[],[],[]],[[[0,"rock",".mp3",0.653061],-1],0,0,[],[],[]],[[[0,"tick",".mp3",0.417959],-1],0,0,[],[],[]]]]