[1,["b4uBRlKxhPGaYRjDR1E04f","d4zdh1uG1D6JmxvUiW4PtK","bd4Idx4vlOb5yXaBXSpT2S","a92AwG3TJJTbPrbvng2Ejf","a1O+iFCmpPIa3zBkA1uKbe","49edida7xBXZRGSoqITc3Q"],["_textureSetter"],["cc.SpriteFrame","cc.Texture2D",["cc.AudioClip",["_name","_native","duration"],0],["cc.JsonAsset",["_name","json"],1]],[[2,0,1,2,4],[3,0,1,3]],[[[{"name":"ap_puzzle5_eagle3_puzzle","rect":[5,5,368,212],"offset":[0,3],"originalSize":[378,228],"capInsets":[0,0,0,0]}],[0],0,[0],[0],[0]],[[[0,"eagle",".mp3",0.862],-1],0,0,[],[],[]],[[{"name":"ap_puzzle5_eagle2_puzzle","rect":[5,6,353,192],"offset":[0,3],"originalSize":[363,210],"capInsets":[0,0,0,0]}],[0],0,[0],[0],[1]],[[{"name":"ap_puzzle5_background","rect":[0,0,802,432],"offset":[0,0],"originalSize":[802,432],"capInsets":[0,0,0,0]}],[0],0,[0],[0],[2]],[[[0,"lizard",".mp3",0.78375],-1],0,0,[],[],[]],[["0,9729,9729,33071,33071,0,0,1",-1],[1],0,[],[],[]],[[{"name":"ap_puzzle5_eagle1_puzzle","rect":[3,2,341,144],"offset":[1.5,4],"originalSize":[344,156],"capInsets":[0,0,0,0]}],[0],0,[0],[0],[3]],[[{"name":"ap2_puzzle2_background","rect":[0,0,802,432],"offset":[0,0],"originalSize":[802,432],"capInsets":[0,0,0,0]}],[0],0,[0],[0],[4]],[[{"name":"ap2_puzzle2_lizard_puzzle","rect":[1,2,488,129],"offset":[-0.5,4],"originalSize":[491,141],"capInsets":[0,0,0,0]}],[0],0,[0],[0],[5]],[["1,9729,9729,33071,33071,0,0,1",-1],[1],0,[],[],[]],[["0,9729,9729,33071,33071,0,0,1",-1],[1],0,[],[],[]],[["0,9729,9729,33071,33071,0,0,1",-1],[1],0,[],[],[]],[["1,9729,9729,33071,33071,0,0,1",-1],[1],0,[],[],[]],[[[1,"pictureboard0001",{"rows":[["pictureboard","1","Description","Lizard","ap2_puzzle2_background.jpg","1","","lizard.mp3","ap2_puzzle2_lizard_puzzle.png","340","250"]]}]],0,0,[],[],[]],[["0,9729,9729,33071,33071,0,0,1",-1],[1],0,[],[],[]]]]