[1,["9fhZjXbqBEf6a2pq56BW/h","bb3172kJdEz6b55r+n0D4c","06OOCKp4xHMI8hgGfT09KF","c5oD4RgXlFT7c6WrjwO2a1","aeGriSEhxAy6YPCMQPqLu1","51OSeVGmhI8aSk0joTwK07","a5LyvdejlJsoASV6FpaaRp","a2DPNnHytGNqbXeirvqp4Q"],["_textureSetter"],["cc.Texture2D","cc.SpriteFrame",["cc.AudioClip",["_name","_native","duration"],0],["cc.JsonAsset",["_name","json"],1]],[[2,0,1,2,4],[3,0,1,3]],[[["0,9729,9729,33071,33071,0,0,1",-1],[0],0,[],[],[]],[[{"name":"baby","rect":[0,0,512,339],"offset":[0,0],"originalSize":[512,339],"capInsets":[0,0,0,0]}],[1],0,[0],[0],[0]],[[[0,"son ",".mp3",0.864],-1],0,0,[],[],[]],[[{"name":"cousin","rect":[0,0,456,512],"offset":[0,0],"originalSize":[456,512],"capInsets":[0,0,0,0]}],[1],0,[0],[0],[1]],[[{"name":"niece","rect":[0,0,454,512],"offset":[0,0],"originalSize":[454,512],"capInsets":[0,0,0,0]}],[1],0,[0],[0],[2]],[[{"name":"son","rect":[0,0,512,512],"offset":[0,0],"originalSize":[512,512],"capInsets":[0,0,0,0]}],[1],0,[0],[0],[3]],[[[0,"daughter",".mp3",0.984],-1],0,0,[],[],[]],[["0,9729,9729,33071,33071,0,0,1",-1],[0],0,[],[],[]],[[[0,"nephew",".mp3",1.008],-1],0,0,[],[],[]],[[{"name":"nephew","rect":[0,0,512,512],"offset":[0,0],"originalSize":[512,512],"capInsets":[0,0,0,0]}],[1],0,[0],[0],[4]],[[{"name":"uncle","rect":[0,0,1207,1200],"offset":[0,0],"originalSize":[1207,1200],"capInsets":[0,0,0,0]}],[1],0,[0],[0],[5]],[[{"name":"aunt","rect":[0,0,512,509],"offset":[0,0],"originalSize":[512,509],"capInsets":[0,0,0,0]}],[1],0,[0],[0],[6]],[["0,9729,9729,33071,33071,0,0,1",-1],[0],0,[],[],[]],[["0,9729,9729,33071,33071,0,0,1",-1],[0],0,[],[],[]],[["0,9729,9729,33071,33071,0,0,1",-1],[0],0,[],[],[]],[[[0,"cousin",".mp3",0.984],-1],0,0,[],[],[]],[[[0,"niece",".mp3",0.912],-1],0,0,[],[],[]],[["0,9729,9729,33071,33071,0,0,1",-1],[0],0,[],[],[]],[["0,9729,9729,33071,33071,0,0,1",-1],[0],0,[],[],[]],[["0,9729,9729,33071,33071,0,0,1",-1],[0],0,[],[],[]],[[[0,"aunt",".mp3",0.84],-1],0,0,[],[],[]],[[[0,"uncle",".mp3",0.96],-1],0,0,[],[],[]],[[{"name":"daughter","rect":[0,0,512,512],"offset":[0,0],"originalSize":[512,512],"capInsets":[0,0,0,0]}],[1],0,[0],[0],[7]],[[[1,"en2413",{"rows":[["openwindow1","1","Description","LEGIT","uncle","uncle.png","baby.png","uncle.mp3","abcdefghijklmnopqrstuvwxyz"],["openwindow1","1","Description","LEGIT","aunt","aunt.png","cousin.png","aunt.mp3","abcdefghijklmnopqrstuvwxyz"],["openwindow1","1","Description","LEGIT","cousin","cousin.png","aunt.png","cousin.mp3","abcdefghijklmnopqrstuvwxyz"],["openwindow1","1","Description","LEGIT","niece","niece.png","nephew.png","niece.mp3","abcdefghijklmnopqrstuvwxyz"],["openwindow1","1","Description","LEGIT","nephew","nephew.png","niece.png","nephew.mp3","abcdefghijklmnopqrstuvwxyz"],["openwindow1","1","Description","LEGIT","son","son.png","daughter.png","son .mp3","abcdefghijklmnopqrstuvwxyz"],["openwindow1","1","Description","LEGIT","daughter","daughter.png","son.png","daughter.mp3","abcdefghijklmnopqrstuvwxyz"],["quizliteracy","1","Description","image_sentence","uncle","cousin","niece","uncle","uncle.png","","uncle.mp3"],["quizliteracy","1","Description","image_sentence","nephew","niece","nephew","son","nephew.png","","nephew.mp3"],["quizliteracy","1","Description","image_sentence","daughter","daughter","son","cousin","daughter.png","","daughter.mp3"]]}]],0,0,[],[],[]]]]