<root>

            <lido-container disable-speak="true" lang="en" id="lido-container" tab-index="1" value="maincontainer" template-id="palegramcqimages" objective="Elephant" aria-label="This is a multiple-option question. Select one option from the list." height="100vh" width="100vw" x="0" y="0" z="0" bg-color="transparent" bg-image="template-assets/bg-images/file-0lj7t8sm.png" visible="true" audio="background1.mp3" onTouch="" onCorrect="lido-avatar.avatarAnimate='Success'; this.sleep='2000';" onEntry="" onInCorrect="lido-avatar.avatarAnimate='Fail'; this.sleep='2000';" show-check="false" is-continue-on-correct="false" is-allow-only-correct="false">

                
                <lido-cell layout="pos" id="pos1" disable-edit="true" value="pos1" height="350px" width="350px" x="landscape.1228px, portrait.273px" y="landscape.125px, portrait.1200px" aria-hidden="true" z="2" bg-color="transparent" type="" visible="true" audio="" onTouch="" onCorrect="" onEntry="this.lineHeight='1.2';this.animation='leftToPlace 1.5s linear';">
                    <lido-avatar id="lido-avatar" disable-edit="true" visible="true" height="350px" width="350px" src="template-assets/images/file-i3e0pnaz.riv" alt-text="{chimpleCharacterRive}" bg-color="transparent">
                    </lido-avatar>
                    <lido-image id="image1" disable-edit="true" value="image1" visible="true" src="template-assets/images/file-rmfh65wi.png" bg-color="transparent" width="186px" height="40px" x="77px" y="302px" alt-text="{shadowImgae}">
                    </lido-image>
                </lido-cell>


                <lido-cell visible="true" layout="col" width="100%" height="100%" bg-color="transparent">
                    
                    <lido-cell layout="flex" visible="true" width="518px" height="landscape.198px, portrait.25%" bg-color="#FFF5BB" onEntry="this.lineHeight='1.2';this.justifyContent='center'; this.borderRadius='16px'; this.alignContent='center'; this.animation='topToPlace 0.5s linear';" margin="landscape.75px 0px 0px 0px, portrait.0px 0px 0px 0px">
                        <lido-text id="textA" value="Elephant" visible="true" width="1000px" height="100px" onEntry="this.lineHeight='1.2';this.boxShadow='unset'; this.fontWeight='700';" string="Elephant" font-family="'Baloo 2', serif" font-size="90px" font-color="black" bg-color="transparent" z="0" x="25px" y="20px" onTouch="this.speak='true';" />
                    </lido-cell>
                    
                    
                    <lido-cell layout="flex" visible="true" width="116%" height="90%" bg-color="transparent" onEntry="this.lineHeight='1.2';this.justifyContent='center'; this.alignContent='center'; this.animation='bottomToPlace 1s linear';" margin="landscape.-60px 0px -210px 0px, portrait.0px 0px 0px 0px">
                        <lido-cell visible="true" layout="landscape.row, portrait.wrap" width="landscape.85%, portrait.73%" height="landscape.100%, portrait.auto" bg-color="transparent" gap="landscape.30px, portrait.55px" onEntry="this.lineHeight='1.2';">
                            <lido-cell type="click" disable-speak="true" visible="true" layout="col" width="landscape.25%, portrait.100%" value="Tiger" height="50%" onEntry="this.lineHeight='1.2';this.borderRadius='25px'; this.padding='9px';" onTouch="this.speak='true';">
                                <lido-image visible="true" src="game-assets/images/file-bmqln21f.jpg" width="90%" height="auto" border-radius="25px" onEntry="this.lineHeight='1.2';this.marginTop='10px';" />
                            </lido-cell>
                            <lido-cell type="click" disable-speak="true" visible="true" layout="col" width="landscape.25%, portrait.100%" value="$Elephant" height="50%" onEntry="this.lineHeight='1.2';this.borderRadius='25px'; this.padding='9px';" onTouch="this.speak='true';">
                                <lido-image visible="true" src="game-assets/images/file-jl3m49j5.jpg" width="90%" height="auto" border-radius="25px" onEntry="this.lineHeight='1.2';this.marginTop='10px';" />
                            </lido-cell>
                            <lido-cell type="click" disable-speak="true" visible="true" layout="col" width="landscape.25%, portrait.100%" value="Lion" height="50%" onEntry="this.lineHeight='1.2';this.borderRadius='25px'; this.padding='9px';" margin="landscape.0, portrait.20px 0 0 0" onTouch="this.speak='true';">
                                <lido-image visible="true" src="game-assets/images/file-k6mux94d.jpg" width="90%" height="auto" border-radius="25px" onEntry="this.lineHeight='1.2';this.marginTop='10px';" />
                            </lido-cell>
                            <lido-cell type="click" disable-speak="true" visible="true" layout="col" width="landscape.25%, portrait.100%" value="Rhinoceros" height="50%" onEntry="this.lineHeight='1.2';this.borderRadius='25px'; this.padding='9px';" margin="landscape.0, portrait.20px 0 0 0" onTouch="this.speak='true';">
                                <lido-image visible="true" src="game-assets/images/file-qs4c0x0s.jpg" width="90%" height="auto" border-radius="25px" onEntry="this.lineHeight='1.2';this.marginTop='10px';" />
                            </lido-cell>
                        </lido-cell>
                    </lido-cell>
                    
                    <lido-cell layout="flex" height="30%" width="100%" x="landscape.-50px, portrait.100px" y="507px" z="2" bg-color="transparent" visible="landscape.false, portrait.true" onEntry="this.lineHeight='1.2';this.justifyContent='center'; this.alignContent='center'; this.animation='leftToPlace 1.5s linear'; ">
                        
                    </lido-cell>

                </lido-cell>
            </lido-container>
        
            <lido-container disable-speak="true" lang="en" id="lido-container" tab-index="1" value="maincontainer" template-id="palegramcqimages" objective="Apple" aria-label="This is a multiple-option question. Select one option from the list." height="100vh" width="100vw" x="0" y="0" z="0" bg-color="transparent" bg-image="template-assets/bg-images/file-0lj7t8sm.png" visible="true" audio="background1.mp3" onTouch="" onCorrect="lido-avatar.avatarAnimate='Success'; this.sleep='2000';" onEntry="" onInCorrect="lido-avatar.avatarAnimate='Fail'; this.sleep='2000';" show-check="false" is-continue-on-correct="false" is-allow-only-correct="false">

                
                <lido-cell layout="pos" id="pos1" disable-edit="true" value="pos1" height="350px" width="350px" x="landscape.1228px, portrait.273px" y="landscape.125px, portrait.1200px" aria-hidden="true" z="2" bg-color="transparent" type="" visible="true" audio="" onTouch="" onCorrect="" onEntry="this.lineHeight='1.2';this.animation='leftToPlace 1.5s linear';">
                    <lido-avatar id="lido-avatar" disable-edit="true" visible="true" height="350px" width="350px" src="template-assets/images/file-i3e0pnaz.riv" alt-text="{chimpleCharacterRive}" bg-color="transparent">
                    </lido-avatar>
                    <lido-image id="image1" disable-edit="true" value="image1" visible="true" src="template-assets/images/file-rmfh65wi.png" bg-color="transparent" width="186px" height="40px" x="77px" y="302px" alt-text="{shadowImgae}">
                    </lido-image>
                </lido-cell>


                <lido-cell visible="true" layout="col" width="100%" height="100%" bg-color="transparent">
                    
                    <lido-cell layout="flex" visible="true" width="518px" height="landscape.198px, portrait.25%" bg-color="#FFF5BB" onEntry="this.lineHeight='1.2';this.justifyContent='center'; this.borderRadius='16px'; this.alignContent='center'; this.animation='topToPlace 0.5s linear';" margin="landscape.75px 0px 0px 0px, portrait.0px 0px 0px 0px">
                        <lido-text id="textA" value="Apple" visible="true" width="1000px" height="100px" onEntry="this.lineHeight='1.2';this.boxShadow='unset'; this.fontWeight='700';" string="Apple" font-family="'Baloo 2', serif" font-size="90px" font-color="black" bg-color="transparent" z="0" x="25px" y="20px" onTouch="this.speak='true';" />
                    </lido-cell>
                    
                    
                    <lido-cell layout="flex" visible="true" width="116%" height="90%" bg-color="transparent" onEntry="this.lineHeight='1.2';this.justifyContent='center'; this.alignContent='center'; this.animation='bottomToPlace 1s linear';" margin="landscape.-60px 0px -210px 0px, portrait.0px 0px 0px 0px">
                        <lido-cell visible="true" layout="landscape.row, portrait.wrap" width="landscape.85%, portrait.73%" height="landscape.100%, portrait.auto" bg-color="transparent" gap="landscape.30px, portrait.55px" onEntry="this.lineHeight='1.2';">
                            <lido-cell type="click" disable-speak="true" visible="true" layout="col" width="landscape.25%, portrait.100%" value="Mango" height="50%" onEntry="this.lineHeight='1.2';this.borderRadius='25px'; this.padding='9px';" onTouch="this.speak='true';">
                                <lido-image visible="true" src="game-assets/images/file-448a6od3.jpg" width="90%" height="auto" border-radius="25px" onEntry="this.lineHeight='1.2';this.marginTop='10px';" />
                            </lido-cell>
                            <lido-cell type="click" disable-speak="true" visible="true" layout="col" width="landscape.25%, portrait.100%" value="$Apple" height="50%" onEntry="this.lineHeight='1.2';this.borderRadius='25px'; this.padding='9px';" onTouch="this.speak='true';">
                                <lido-image visible="true" src="game-assets/images/file-ahmr8fus.jpg" width="90%" height="auto" border-radius="25px" onEntry="this.lineHeight='1.2';this.marginTop='10px';" />
                            </lido-cell>
                            <lido-cell type="click" disable-speak="true" visible="true" layout="col" width="landscape.25%, portrait.100%" value="Banana" height="50%" onEntry="this.lineHeight='1.2';this.borderRadius='25px'; this.padding='9px';" margin="landscape.0, portrait.20px 0 0 0" onTouch="this.speak='true';">
                                <lido-image visible="true" src="game-assets/images/file-xuvftr55.jpg" width="90%" height="auto" border-radius="25px" onEntry="this.lineHeight='1.2';this.marginTop='10px';" />
                            </lido-cell>
                            <lido-cell type="click" disable-speak="true" visible="true" layout="col" width="landscape.25%, portrait.100%" value="Grapes" height="50%" onEntry="this.lineHeight='1.2';this.borderRadius='25px'; this.padding='9px';" margin="landscape.0, portrait.20px 0 0 0" onTouch="this.speak='true';">
                                <lido-image visible="true" src="game-assets/images/file-b6liw8ov.jpg" width="90%" height="auto" border-radius="25px" onEntry="this.lineHeight='1.2';this.marginTop='10px';" />
                            </lido-cell>
                        </lido-cell>
                    </lido-cell>
                    
                    <lido-cell layout="flex" height="30%" width="100%" x="landscape.-50px, portrait.100px" y="507px" z="2" bg-color="transparent" visible="landscape.false, portrait.true" onEntry="this.lineHeight='1.2';this.justifyContent='center'; this.alignContent='center'; this.animation='leftToPlace 1.5s linear'; ">
                        
                    </lido-cell>

                </lido-cell>
            </lido-container>
        
            <lido-container disable-speak="true" lang="en" id="lido-container" tab-index="1" value="maincontainer" template-id="palegramcqimages" objective="Pigeon" aria-label="This is a multiple-option question. Select one option from the list." height="100vh" width="100vw" x="0" y="0" z="0" bg-color="transparent" bg-image="template-assets/bg-images/file-0lj7t8sm.png" visible="true" audio="background1.mp3" onTouch="" onCorrect="lido-avatar.avatarAnimate='Success'; this.sleep='2000';" onEntry="" onInCorrect="lido-avatar.avatarAnimate='Fail'; this.sleep='2000';" show-check="false" is-continue-on-correct="false" is-allow-only-correct="false">

                
                <lido-cell layout="pos" id="pos1" disable-edit="true" value="pos1" height="350px" width="350px" x="landscape.1228px, portrait.273px" y="landscape.125px, portrait.1200px" aria-hidden="true" z="2" bg-color="transparent" type="" visible="true" audio="" onTouch="" onCorrect="" onEntry="this.lineHeight='1.2';this.animation='leftToPlace 1.5s linear';">
                    <lido-avatar id="lido-avatar" disable-edit="true" visible="true" height="350px" width="350px" src="template-assets/images/file-i3e0pnaz.riv" alt-text="{chimpleCharacterRive}" bg-color="transparent">
                    </lido-avatar>
                    <lido-image id="image1" disable-edit="true" value="image1" visible="true" src="template-assets/images/file-rmfh65wi.png" bg-color="transparent" width="186px" height="40px" x="77px" y="302px" alt-text="{shadowImgae}">
                    </lido-image>
                </lido-cell>


                <lido-cell visible="true" layout="col" width="100%" height="100%" bg-color="transparent">
                    
                    <lido-cell layout="flex" visible="true" width="518px" height="landscape.198px, portrait.25%" bg-color="#FFF5BB" onEntry="this.lineHeight='1.2';this.justifyContent='center'; this.borderRadius='16px'; this.alignContent='center'; this.animation='topToPlace 0.5s linear';" margin="landscape.75px 0px 0px 0px, portrait.0px 0px 0px 0px">
                        <lido-text id="textA" value="Pigeon" visible="true" width="1000px" height="100px" onEntry="this.lineHeight='1.2';this.boxShadow='unset'; this.fontWeight='700';" string="Pigeon" font-family="'Baloo 2', serif" font-size="90px" font-color="black" bg-color="transparent" z="0" x="25px" y="20px" onTouch="this.speak='true';" />
                    </lido-cell>
                    
                    
                    <lido-cell layout="flex" visible="true" width="116%" height="90%" bg-color="transparent" onEntry="this.lineHeight='1.2';this.justifyContent='center'; this.alignContent='center'; this.animation='bottomToPlace 1s linear';" margin="landscape.-60px 0px -210px 0px, portrait.0px 0px 0px 0px">
                        <lido-cell visible="true" layout="landscape.row, portrait.wrap" width="landscape.85%, portrait.73%" height="landscape.100%, portrait.auto" bg-color="transparent" gap="landscape.30px, portrait.55px" onEntry="this.lineHeight='1.2';">
                            <lido-cell type="click" disable-speak="true" visible="true" layout="col" width="landscape.25%, portrait.100%" value="Parrot" height="50%" onEntry="this.lineHeight='1.2';this.borderRadius='25px'; this.padding='9px';" onTouch="this.speak='true';">
                                <lido-image visible="true" src="game-assets/images/file-uyho5b9e.jpg" width="90%" height="auto" border-radius="25px" onEntry="this.lineHeight='1.2';this.marginTop='10px';" />
                            </lido-cell>
                            <lido-cell type="click" disable-speak="true" visible="true" layout="col" width="landscape.25%, portrait.100%" value="$Pigeon" height="50%" onEntry="this.lineHeight='1.2';this.borderRadius='25px'; this.padding='9px';" onTouch="this.speak='true';">
                                <lido-image visible="true" src="game-assets/images/file-89adljnn.jpg" width="90%" height="auto" border-radius="25px" onEntry="this.lineHeight='1.2';this.marginTop='10px';" />
                            </lido-cell>
                            <lido-cell type="click" disable-speak="true" visible="true" layout="col" width="landscape.25%, portrait.100%" value="Sparrow" height="50%" onEntry="this.lineHeight='1.2';this.borderRadius='25px'; this.padding='9px';" margin="landscape.0, portrait.20px 0 0 0" onTouch="this.speak='true';">
                                <lido-image visible="true" src="game-assets/images/file-no380q9v.jpg" width="90%" height="auto" border-radius="25px" onEntry="this.lineHeight='1.2';this.marginTop='10px';" />
                            </lido-cell>
                            <lido-cell type="click" disable-speak="true" visible="true" layout="col" width="landscape.25%, portrait.100%" value="Peacock" height="50%" onEntry="this.lineHeight='1.2';this.borderRadius='25px'; this.padding='9px';" margin="landscape.0, portrait.20px 0 0 0" onTouch="this.speak='true';">
                                <lido-image visible="true" src="game-assets/images/file-a5tbfsm0.jpg" width="90%" height="auto" border-radius="25px" onEntry="this.lineHeight='1.2';this.marginTop='10px';" />
                            </lido-cell>
                        </lido-cell>
                    </lido-cell>
                    
                    <lido-cell layout="flex" height="30%" width="100%" x="landscape.-50px, portrait.100px" y="507px" z="2" bg-color="transparent" visible="landscape.false, portrait.true" onEntry="this.lineHeight='1.2';this.justifyContent='center'; this.alignContent='center'; this.animation='leftToPlace 1.5s linear'; ">
                        
                    </lido-cell>

                </lido-cell>
            </lido-container>
        
            <lido-container disable-speak="true" lang="en" id="lido-container" tab-index="1" value="maincontainer" template-id="palegramcqimages" objective="Potato" aria-label="This is a multiple-option question. Select one option from the list." height="100vh" width="100vw" x="0" y="0" z="0" bg-color="transparent" bg-image="template-assets/bg-images/file-0lj7t8sm.png" visible="true" audio="background1.mp3" onTouch="" onCorrect="lido-avatar.avatarAnimate='Success'; this.sleep='2000';" onEntry="" onInCorrect="lido-avatar.avatarAnimate='Fail'; this.sleep='2000';" show-check="false" is-continue-on-correct="false" is-allow-only-correct="false">

                
                <lido-cell layout="pos" id="pos1" disable-edit="true" value="pos1" height="350px" width="350px" x="landscape.1228px, portrait.273px" y="landscape.125px, portrait.1200px" aria-hidden="true" z="2" bg-color="transparent" type="" visible="true" audio="" onTouch="" onCorrect="" onEntry="this.lineHeight='1.2';this.animation='leftToPlace 1.5s linear';">
                    <lido-avatar id="lido-avatar" disable-edit="true" visible="true" height="350px" width="350px" src="template-assets/images/file-i3e0pnaz.riv" alt-text="{chimpleCharacterRive}" bg-color="transparent">
                    </lido-avatar>
                    <lido-image id="image1" disable-edit="true" value="image1" visible="true" src="template-assets/images/file-rmfh65wi.png" bg-color="transparent" width="186px" height="40px" x="77px" y="302px" alt-text="{shadowImgae}">
                    </lido-image>
                </lido-cell>


                <lido-cell visible="true" layout="col" width="100%" height="100%" bg-color="transparent">
                    
                    <lido-cell layout="flex" visible="true" width="518px" height="landscape.198px, portrait.25%" bg-color="#FFF5BB" onEntry="this.lineHeight='1.2';this.justifyContent='center'; this.borderRadius='16px'; this.alignContent='center'; this.animation='topToPlace 0.5s linear';" margin="landscape.75px 0px 0px 0px, portrait.0px 0px 0px 0px">
                        <lido-text id="textA" value="Potato" visible="true" width="1000px" height="100px" onEntry="this.lineHeight='1.2';this.boxShadow='unset'; this.fontWeight='700';" string="Potato" font-family="'Baloo 2', serif" font-size="90px" font-color="black" bg-color="transparent" z="0" x="25px" y="20px" onTouch="this.speak='true';" />
                    </lido-cell>
                    
                    
                    <lido-cell layout="flex" visible="true" width="116%" height="90%" bg-color="transparent" onEntry="this.lineHeight='1.2';this.justifyContent='center'; this.alignContent='center'; this.animation='bottomToPlace 1s linear';" margin="landscape.-60px 0px -210px 0px, portrait.0px 0px 0px 0px">
                        <lido-cell visible="true" layout="landscape.row, portrait.wrap" width="landscape.85%, portrait.73%" height="landscape.100%, portrait.auto" bg-color="transparent" gap="landscape.30px, portrait.55px" onEntry="this.lineHeight='1.2';">
                            <lido-cell type="click" disable-speak="true" visible="true" layout="col" width="landscape.25%, portrait.100%" value="Carrot" height="50%" onEntry="this.lineHeight='1.2';this.borderRadius='25px'; this.padding='9px';" onTouch="this.speak='true';">
                                <lido-image visible="true" src="game-assets/images/file-wlx6zosc.jpg" width="90%" height="auto" border-radius="25px" onEntry="this.lineHeight='1.2';this.marginTop='10px';" />
                            </lido-cell>
                            <lido-cell type="click" disable-speak="true" visible="true" layout="col" width="landscape.25%, portrait.100%" value="$Cucumber" height="50%" onEntry="this.lineHeight='1.2';this.borderRadius='25px'; this.padding='9px';" onTouch="this.speak='true';">
                                <lido-image visible="true" src="game-assets/images/file-5u2f216r.jpg" width="90%" height="auto" border-radius="25px" onEntry="this.lineHeight='1.2';this.marginTop='10px';" />
                            </lido-cell>
                            <lido-cell type="click" disable-speak="true" visible="true" layout="col" width="landscape.25%, portrait.100%" value="Tomato" height="50%" onEntry="this.lineHeight='1.2';this.borderRadius='25px'; this.padding='9px';" margin="landscape.0, portrait.20px 0 0 0" onTouch="this.speak='true';">
                                <lido-image visible="true" src="game-assets/images/file-4c6xmlyr.jpg" width="90%" height="auto" border-radius="25px" onEntry="this.lineHeight='1.2';this.marginTop='10px';" />
                            </lido-cell>
                            <lido-cell type="click" disable-speak="true" visible="true" layout="col" width="landscape.25%, portrait.100%" value="Onion" height="50%" onEntry="this.lineHeight='1.2';this.borderRadius='25px'; this.padding='9px';" margin="landscape.0, portrait.20px 0 0 0" onTouch="this.speak='true';">
                                <lido-image visible="true" src="game-assets/images/file-z8mwrnbw.jpg" width="90%" height="auto" border-radius="25px" onEntry="this.lineHeight='1.2';this.marginTop='10px';" />
                            </lido-cell>
                        </lido-cell>
                    </lido-cell>
                    
                    <lido-cell layout="flex" height="30%" width="100%" x="landscape.-50px, portrait.100px" y="507px" z="2" bg-color="transparent" visible="landscape.false, portrait.true" onEntry="this.lineHeight='1.2';this.justifyContent='center'; this.alignContent='center'; this.animation='leftToPlace 1.5s linear'; ">
                        
                    </lido-cell>

                </lido-cell>
            </lido-container>
        
            <lido-container disable-speak="true" lang="en" id="lido-container" tab-index="1" value="maincontainer" template-id="palegramcqimages" objective="Teacher" aria-label="This is a multiple-option question. Select one option from the list." height="100vh" width="100vw" x="0" y="0" z="0" bg-color="transparent" bg-image="template-assets/bg-images/file-0lj7t8sm.png" visible="true" audio="background1.mp3" onTouch="" onCorrect="lido-avatar.avatarAnimate='Success'; this.sleep='2000';" onEntry="" onInCorrect="lido-avatar.avatarAnimate='Fail'; this.sleep='2000';" show-check="false" is-continue-on-correct="false" is-allow-only-correct="false">

                
                <lido-cell layout="pos" id="pos1" disable-edit="true" value="pos1" height="350px" width="350px" x="landscape.1228px, portrait.273px" y="landscape.125px, portrait.1200px" aria-hidden="true" z="2" bg-color="transparent" type="" visible="true" audio="" onTouch="" onCorrect="" onEntry="this.lineHeight='1.2';this.animation='leftToPlace 1.5s linear';">
                    <lido-avatar id="lido-avatar" disable-edit="true" visible="true" height="350px" width="350px" src="template-assets/images/file-i3e0pnaz.riv" alt-text="{chimpleCharacterRive}" bg-color="transparent">
                    </lido-avatar>
                    <lido-image id="image1" disable-edit="true" value="image1" visible="true" src="template-assets/images/file-rmfh65wi.png" bg-color="transparent" width="186px" height="40px" x="77px" y="302px" alt-text="{shadowImgae}">
                    </lido-image>
                </lido-cell>


                <lido-cell visible="true" layout="col" width="100%" height="100%" bg-color="transparent">
                    
                    <lido-cell layout="flex" visible="true" width="518px" height="landscape.198px, portrait.25%" bg-color="#FFF5BB" onEntry="this.lineHeight='1.2';this.justifyContent='center'; this.borderRadius='16px'; this.alignContent='center'; this.animation='topToPlace 0.5s linear';" margin="landscape.75px 0px 0px 0px, portrait.0px 0px 0px 0px">
                        <lido-text id="textA" value="Teacher" visible="true" width="1000px" height="100px" onEntry="this.lineHeight='1.2';this.boxShadow='unset'; this.fontWeight='700';" string="Teacher" font-family="'Baloo 2', serif" font-size="90px" font-color="black" bg-color="transparent" z="0" x="25px" y="20px" onTouch="this.speak='true';" />
                    </lido-cell>
                    
                    
                    <lido-cell layout="flex" visible="true" width="116%" height="90%" bg-color="transparent" onEntry="this.lineHeight='1.2';this.justifyContent='center'; this.alignContent='center'; this.animation='bottomToPlace 1s linear';" margin="landscape.-60px 0px -210px 0px, portrait.0px 0px 0px 0px">
                        <lido-cell visible="true" layout="landscape.row, portrait.wrap" width="landscape.85%, portrait.73%" height="landscape.100%, portrait.auto" bg-color="transparent" gap="landscape.30px, portrait.55px" onEntry="this.lineHeight='1.2';">
                            <lido-cell type="click" disable-speak="true" visible="true" layout="col" width="landscape.25%, portrait.100%" value="Farmer" height="50%" onEntry="this.lineHeight='1.2';this.borderRadius='25px'; this.padding='9px';" onTouch="this.speak='true';">
                                <lido-image visible="true" src="game-assets/images/file-8ji42wln.jpg" width="90%" height="auto" border-radius="25px" onEntry="this.lineHeight='1.2';this.marginTop='10px';" />
                            </lido-cell>
                            <lido-cell type="click" disable-speak="true" visible="true" layout="col" width="landscape.25%, portrait.100%" value="$Police" height="50%" onEntry="this.lineHeight='1.2';this.borderRadius='25px'; this.padding='9px';" onTouch="this.speak='true';">
                                <lido-image visible="true" src="game-assets/images/file-cyx5t6fz.jpg" width="90%" height="auto" border-radius="25px" onEntry="this.lineHeight='1.2';this.marginTop='10px';" />
                            </lido-cell>
                            <lido-cell type="click" disable-speak="true" visible="true" layout="col" width="landscape.25%, portrait.100%" value="Doctor" height="50%" onEntry="this.lineHeight='1.2';this.borderRadius='25px'; this.padding='9px';" margin="landscape.0, portrait.20px 0 0 0" onTouch="this.speak='true';">
                                <lido-image visible="true" src="game-assets/images/file-ds4x0rkm.jpg" width="90%" height="auto" border-radius="25px" onEntry="this.lineHeight='1.2';this.marginTop='10px';" />
                            </lido-cell>
                            <lido-cell type="click" disable-speak="true" visible="true" layout="col" width="landscape.25%, portrait.100%" value="Teacher" height="50%" onEntry="this.lineHeight='1.2';this.borderRadius='25px'; this.padding='9px';" margin="landscape.0, portrait.20px 0 0 0" onTouch="this.speak='true';">
                                <lido-image visible="true" src="game-assets/images/file-6d9f99ik.jpg" width="90%" height="auto" border-radius="25px" onEntry="this.lineHeight='1.2';this.marginTop='10px';" />
                            </lido-cell>
                        </lido-cell>
                    </lido-cell>
                    
                    <lido-cell layout="flex" height="30%" width="100%" x="landscape.-50px, portrait.100px" y="507px" z="2" bg-color="transparent" visible="landscape.false, portrait.true" onEntry="this.lineHeight='1.2';this.justifyContent='center'; this.alignContent='center'; this.animation='leftToPlace 1.5s linear'; ">
                        
                    </lido-cell>

                </lido-cell>
            </lido-container>
        
        <lido-container lang="en" disable-speak="true" template-id="pictureClues" visible="true" id="lido-container" objective="Horses" bg-image="template-assets/bg-images/file-yitgmreb.png" onInCorrect="lido-avatar.avatarAnimate='Fail';this.sleep='2000';" onCorrect="lido-avatar.avatarAnimate='Success';this.sleep='2000';" is-continue-on-correct="false" is-allow-only-correct="false" onEntry="xy.speak='true';">

    
    <lido-cell layout="pos" id="pos1" disable-edit="true" value="pos2" height="landscape.344px,portrait.402px" width="landscape.296px,portrait.398px" x="landscape.85%, portrait.28%" y="landscape.21%, portrait.77%" aria-hidden="true" z="1" bg-color="transparent" visible="true">
        <lido-avatar id="lido-avatar" disable-edit="true" visible="true" height="100%" width="100%" src="template-assets/images/file-i0r98h9k.riv" alt-text="">
        </lido-avatar>
    </lido-cell>

    
   
    <lido-cell visible="true" layout="col" height="85%" width="98%" bg-color="transparent" margin="61px 0px -58px 0px">
        <lido-cell layout="row" visible="true" height="330px" width="330px" bg-color="transparent">
            <lido-image tab-index="8" visible="true" height="auto" width="auto" src="game-assets/images/file-2ll3w2v2.jpg" />
    
            </lido-cell>
        <lido-cell layout="row" audio="game-assets/audio/file-e9gal7d1.mp3" id="xy" tabindex="111" visible="true" height="270px" width="auto" bg-color="transparent">
         <lido-text visible="true" audio="game-assets/audio/file-zuy4g1kh.mp3" height="100px" tab-index="121" width="auto" id="text1" string="" font-family="'Baloo Bhai 2'" font-color="black" font-size="80px" bg-color="transparent" onEntry="this.lineHeight='1.2';   this.font-weight='700'; this.border-radius='16px'; this.margin-right='40px';   " />
    <lido-text type="drop" is-allow-only-one-drop="true" audio="game-assets/audio/file-1zjou1q9.mp3" drop-attr="stretch" tab-index="122" value="Horses" id="answer" visible="true" height="136px" width="200px" onEntry="this.lineHeight='1.2'; this.margin-right='40px';    this.border-radius='16px';  " />
    <lido-text visible="true" audio="" height="100px" tab-index="123" width="auto" id="text2" string="are very fast." font-family="'Baloo Bhai 2'" font-color="black" font-size="80px" bg-color="transparent" onEntry="this.lineHeight='1.2';    this.font-weight='700';   this.border-radius='16px'; this.margin-right='40px'; " />
        </lido-cell>
        <lido-cell layout="row" visible="true" height="270px" width="100%" bg-color="transparent" onEntry="this.lineHeight='1.2';this.align-items='center';this.justify-content='space-around';">
           
            <lido-text visible="true" audio="https://aeakbcdznktpsbrfsgys.supabase.co/storage/v1/object/public/template-assets/fill-upAudio.mp3" height="136px" width="auto" disable-speak="true" type="drag" id="drag1" tab-index="2" string="She" value="She" font-family="'Baloo Bhai 2'" font-color="black" font-size="80px" bg-color="#FFAC4C" onEntry="this.lineHeight='1.2';this.font-weight='700';this.padding='10px 45px';this.border-radius='16px';" />
            
            <lido-text visible="true" audio="https://aeakbcdznktpsbrfsgys.supabase.co/storage/v1/object/public/template-assets/fill-upAudio.mp3" height="136px" width="auto" disable-speak="true" type="drag" id="drag2" tab-index="3" string="He" value="He" font-family="'Baloo Bhai 2'" font-color="black" font-size="80px" bg-color="#FFAC4C" onEntry="this.lineHeight='1.2';this.font-weight='700';this.padding='10px 45px';this.border-radius='16px';" />
            
            <lido-text visible="true" audio="https://aeakbcdznktpsbrfsgys.supabase.co/storage/v1/object/public/template-assets/fill-upAudio.mp3" height="136px" width="auto" disable-speak="true" type="drag" id="drag3" tab-index="4" string="Horse" value="Horse" font-family="'Baloo Bhai 2'" font-color="black" font-size="80px" bg-color="#FFAC4C" onEntry="this.lineHeight='1.2';this.font-weight='700';this.padding='10px 45px';this.border-radius='16px';" />
            
            <lido-text visible="true" audio="https://aeakbcdznktpsbrfsgys.supabase.co/storage/v1/object/public/template-assets/fill-upAudio.mp3" height="136px" width="auto" disable-speak="true" type="drag" id="drag4" tab-index="5" string="Dog" value="Dog" font-family="'Baloo Bhai 2'" font-color="black" font-size="80px" bg-color="#FFAC4C" onEntry="this.lineHeight='1.2';this.font-weight='700';this.padding='10px 45px';this.border-radius='16px';" />
            
            <lido-text visible="true" audio="https://aeakbcdznktpsbrfsgys.supabase.co/storage/v1/object/public/template-assets/fill-upAudio.mp3" height="136px" width="auto" disable-speak="true" type="drag" id="drag5" tab-index="6" string="Horses" value="Horses" font-family="'Baloo Bhai 2'" font-color="black" font-size="80px" bg-color="#FFAC4C" onEntry="this.lineHeight='1.2';this.font-weight='700';this.padding='10px 45px';this.border-radius='16px';" />
            
        </lido-cell>
    </lido-cell>

</lido-container>
        
        <lido-container lang="en" disable-speak="true" template-id="pictureClues" visible="true" id="lido-container" objective="Birds" bg-image="template-assets/bg-images/file-yitgmreb.png" onInCorrect="lido-avatar.avatarAnimate='Fail';this.sleep='2000';" onCorrect="lido-avatar.avatarAnimate='Success';this.sleep='2000';" is-continue-on-correct="false" is-allow-only-correct="false" onEntry="xy.speak='true';">

    
    <lido-cell layout="pos" id="pos1" disable-edit="true" value="pos2" height="landscape.344px,portrait.402px" width="landscape.296px,portrait.398px" x="landscape.85%, portrait.28%" y="landscape.21%, portrait.77%" aria-hidden="true" z="1" bg-color="transparent" visible="true">
        <lido-avatar id="lido-avatar" disable-edit="true" visible="true" height="100%" width="100%" src="template-assets/images/file-i0r98h9k.riv" alt-text="">
        </lido-avatar>
    </lido-cell>

    
   
    <lido-cell visible="true" layout="col" height="85%" width="98%" bg-color="transparent" margin="61px 0px -58px 0px">
        <lido-cell layout="row" visible="true" height="330px" width="330px" bg-color="transparent">
            <lido-image tab-index="8" visible="true" height="auto" width="auto" src="game-assets/images/file-q6l6wugl.jpg" />
    
            </lido-cell>
        <lido-cell layout="row" audio="game-assets/audio/file-gwlu185x.mp3" id="xy" tabindex="111" visible="true" height="270px" width="auto" bg-color="transparent">
         <lido-text visible="true" audio="game-assets/audio/file-ae1ay2sh.mp3" height="100px" tab-index="121" width="auto" id="text1" string="" font-family="'Baloo Bhai 2'" font-color="black" font-size="80px" bg-color="transparent" onEntry="this.lineHeight='1.2';   this.font-weight='700'; this.border-radius='16px'; this.margin-right='40px';   " />
    <lido-text type="drop" is-allow-only-one-drop="true" audio="game-assets/audio/file-1zjou1q9.mp3" drop-attr="stretch" tab-index="122" value="Birds" id="answer" visible="true" height="136px" width="200px" onEntry="this.lineHeight='1.2'; this.margin-right='40px';    this.border-radius='16px';  " />
    <lido-text visible="true" audio="" height="100px" tab-index="123" width="auto" id="text2" string="fly in the sky." font-family="'Baloo Bhai 2'" font-color="black" font-size="80px" bg-color="transparent" onEntry="this.lineHeight='1.2';    this.font-weight='700';   this.border-radius='16px'; this.margin-right='40px'; " />
        </lido-cell>
        <lido-cell layout="row" visible="true" height="270px" width="100%" bg-color="transparent" onEntry="this.lineHeight='1.2';this.align-items='center';this.justify-content='space-around';">
           
            <lido-text visible="true" audio="https://aeakbcdznktpsbrfsgys.supabase.co/storage/v1/object/public/template-assets/fill-upAudio.mp3" height="136px" width="auto" disable-speak="true" type="drag" id="drag1" tab-index="2" string="Stone" value="Stone" font-family="'Baloo Bhai 2'" font-color="black" font-size="80px" bg-color="#FFAC4C" onEntry="this.lineHeight='1.2';this.font-weight='700';this.padding='10px 45px';this.border-radius='16px';" />
            
            <lido-text visible="true" audio="https://aeakbcdznktpsbrfsgys.supabase.co/storage/v1/object/public/template-assets/fill-upAudio.mp3" height="136px" width="auto" disable-speak="true" type="drag" id="drag2" tab-index="3" string="Birds" value="Birds" font-family="'Baloo Bhai 2'" font-color="black" font-size="80px" bg-color="#FFAC4C" onEntry="this.lineHeight='1.2';this.font-weight='700';this.padding='10px 45px';this.border-radius='16px';" />
            
            <lido-text visible="true" audio="https://aeakbcdznktpsbrfsgys.supabase.co/storage/v1/object/public/template-assets/fill-upAudio.mp3" height="136px" width="auto" disable-speak="true" type="drag" id="drag3" tab-index="4" string="Ant" value="Ant" font-family="'Baloo Bhai 2'" font-color="black" font-size="80px" bg-color="#FFAC4C" onEntry="this.lineHeight='1.2';this.font-weight='700';this.padding='10px 45px';this.border-radius='16px';" />
            
            <lido-text visible="true" audio="https://aeakbcdznktpsbrfsgys.supabase.co/storage/v1/object/public/template-assets/fill-upAudio.mp3" height="136px" width="auto" disable-speak="true" type="drag" id="drag4" tab-index="5" string="Tiger" value="Tiger" font-family="'Baloo Bhai 2'" font-color="black" font-size="80px" bg-color="#FFAC4C" onEntry="this.lineHeight='1.2';this.font-weight='700';this.padding='10px 45px';this.border-radius='16px';" />
            
            <lido-text visible="true" audio="https://aeakbcdznktpsbrfsgys.supabase.co/storage/v1/object/public/template-assets/fill-upAudio.mp3" height="136px" width="auto" disable-speak="true" type="drag" id="drag5" tab-index="6" string="Elephant" value="Elephant" font-family="'Baloo Bhai 2'" font-color="black" font-size="80px" bg-color="#FFAC4C" onEntry="this.lineHeight='1.2';this.font-weight='700';this.padding='10px 45px';this.border-radius='16px';" />
            
        </lido-cell>
    </lido-cell>

</lido-container>
        
        <lido-container lang="en" disable-speak="true" template-id="pictureClues" visible="true" id="lido-container" objective="the" bg-image="template-assets/bg-images/file-yitgmreb.png" onInCorrect="lido-avatar.avatarAnimate='Fail';this.sleep='2000';" onCorrect="lido-avatar.avatarAnimate='Success';this.sleep='2000';" is-continue-on-correct="false" is-allow-only-correct="false" onEntry="xy.speak='true';">

    
    <lido-cell layout="pos" id="pos1" disable-edit="true" value="pos2" height="landscape.344px,portrait.402px" width="landscape.296px,portrait.398px" x="landscape.85%, portrait.28%" y="landscape.21%, portrait.77%" aria-hidden="true" z="1" bg-color="transparent" visible="true">
        <lido-avatar id="lido-avatar" disable-edit="true" visible="true" height="100%" width="100%" src="template-assets/images/file-i0r98h9k.riv" alt-text="">
        </lido-avatar>
    </lido-cell>

    
   
    <lido-cell visible="true" layout="col" height="85%" width="98%" bg-color="transparent" margin="61px 0px -58px 0px">
        <lido-cell layout="row" visible="true" height="330px" width="330px" bg-color="transparent">
            <lido-image tab-index="8" visible="true" height="auto" width="auto" src="game-assets/images/file-o6hg9v12.jpg" />
    
            </lido-cell>
        <lido-cell layout="row" audio="game-assets/audio/file-ykm3gomw.mp3" id="xy" tabindex="111" visible="true" height="270px" width="auto" bg-color="transparent">
         <lido-text visible="true" audio="game-assets/audio/file-wl2d6oyf.mp3" height="100px" tab-index="121" width="auto" id="text1" string="We play in" font-family="'Baloo Bhai 2'" font-color="black" font-size="80px" bg-color="transparent" onEntry="this.lineHeight='1.2';   this.font-weight='700'; this.border-radius='16px'; this.margin-right='40px';   " />
    <lido-text type="drop" is-allow-only-one-drop="true" audio="game-assets/audio/file-1zjou1q9.mp3" drop-attr="stretch" tab-index="122" value="the" id="answer" visible="true" height="136px" width="200px" onEntry="this.lineHeight='1.2'; this.margin-right='40px';    this.border-radius='16px';  " />
    <lido-text visible="true" audio="game-assets/audio/file-jboiysjw.mp3" height="100px" tab-index="123" width="auto" id="text2" string="park." font-family="'Baloo Bhai 2'" font-color="black" font-size="80px" bg-color="transparent" onEntry="this.lineHeight='1.2';    this.font-weight='700';   this.border-radius='16px'; this.margin-right='40px'; " />
        </lido-cell>
        <lido-cell layout="row" visible="true" height="270px" width="100%" bg-color="transparent" onEntry="this.lineHeight='1.2';this.align-items='center';this.justify-content='space-around';">
           
            <lido-text visible="true" audio="https://aeakbcdznktpsbrfsgys.supabase.co/storage/v1/object/public/template-assets/fill-upAudio.mp3" height="136px" width="auto" disable-speak="true" type="drag" id="drag1" tab-index="2" string="an" value="an" font-family="'Baloo Bhai 2'" font-color="black" font-size="80px" bg-color="#FFAC4C" onEntry="this.lineHeight='1.2';this.font-weight='700';this.padding='10px 45px';this.border-radius='16px';" />
            
            <lido-text visible="true" audio="https://aeakbcdznktpsbrfsgys.supabase.co/storage/v1/object/public/template-assets/fill-upAudio.mp3" height="136px" width="auto" disable-speak="true" type="drag" id="drag2" tab-index="3" string="on" value="on" font-family="'Baloo Bhai 2'" font-color="black" font-size="80px" bg-color="#FFAC4C" onEntry="this.lineHeight='1.2';this.font-weight='700';this.padding='10px 45px';this.border-radius='16px';" />
            
            <lido-text visible="true" audio="https://aeakbcdznktpsbrfsgys.supabase.co/storage/v1/object/public/template-assets/fill-upAudio.mp3" height="136px" width="auto" disable-speak="true" type="drag" id="drag3" tab-index="4" string="of" value="of" font-family="'Baloo Bhai 2'" font-color="black" font-size="80px" bg-color="#FFAC4C" onEntry="this.lineHeight='1.2';this.font-weight='700';this.padding='10px 45px';this.border-radius='16px';" />
            
            <lido-text visible="true" audio="https://aeakbcdznktpsbrfsgys.supabase.co/storage/v1/object/public/template-assets/fill-upAudio.mp3" height="136px" width="auto" disable-speak="true" type="drag" id="drag4" tab-index="5" string="the" value="the" font-family="'Baloo Bhai 2'" font-color="black" font-size="80px" bg-color="#FFAC4C" onEntry="this.lineHeight='1.2';this.font-weight='700';this.padding='10px 45px';this.border-radius='16px';" />
            
            <lido-text visible="true" audio="https://aeakbcdznktpsbrfsgys.supabase.co/storage/v1/object/public/template-assets/fill-upAudio.mp3" height="136px" width="auto" disable-speak="true" type="drag" id="drag5" tab-index="6" string="their" value="their" font-family="'Baloo Bhai 2'" font-color="black" font-size="80px" bg-color="#FFAC4C" onEntry="this.lineHeight='1.2';this.font-weight='700';this.padding='10px 45px';this.border-radius='16px';" />
            
        </lido-cell>
    </lido-cell>

</lido-container>
        
        <lido-container lang="en" disable-speak="true" template-id="pictureClues" visible="true" id="lido-container" objective="because" bg-image="template-assets/bg-images/file-yitgmreb.png" onInCorrect="lido-avatar.avatarAnimate='Fail';this.sleep='2000';" onCorrect="lido-avatar.avatarAnimate='Success';this.sleep='2000';" is-continue-on-correct="false" is-allow-only-correct="false" onEntry="xy.speak='true';">

    
    <lido-cell layout="pos" id="pos1" disable-edit="true" value="pos2" height="landscape.344px,portrait.402px" width="landscape.296px,portrait.398px" x="landscape.85%, portrait.28%" y="landscape.21%, portrait.77%" aria-hidden="true" z="1" bg-color="transparent" visible="true">
        <lido-avatar id="lido-avatar" disable-edit="true" visible="true" height="100%" width="100%" src="template-assets/images/file-i0r98h9k.riv" alt-text="">
        </lido-avatar>
    </lido-cell>

    
   
    <lido-cell visible="true" layout="col" height="85%" width="98%" bg-color="transparent" margin="61px 0px -58px 0px">
        <lido-cell layout="row" visible="true" height="330px" width="330px" bg-color="transparent">
            <lido-image tab-index="8" visible="true" height="auto" width="auto" src="game-assets/images/file-6jdk0mwp.jpg" />
    
            </lido-cell>
        <lido-cell layout="row" audio="game-assets/audio/file-v2ecsxwy.mp3" id="xy" tabindex="111" visible="true" height="270px" width="auto" bg-color="transparent">
         <lido-text visible="true" audio="game-assets/audio/file-wl4ccaiz.mp3" height="100px" tab-index="121" width="auto" id="text1" string="I ran" font-family="'Baloo Bhai 2'" font-color="black" font-size="80px" bg-color="transparent" onEntry="this.lineHeight='1.2';   this.font-weight='700'; this.border-radius='16px'; this.margin-right='40px';   " />
    <lido-text type="drop" is-allow-only-one-drop="true" audio="game-assets/audio/file-1zjou1q9.mp3" drop-attr="stretch" tab-index="122" value="because" id="answer" visible="true" height="136px" width="200px" onEntry="this.lineHeight='1.2'; this.margin-right='40px';    this.border-radius='16px';  " />
    <lido-text visible="true" audio="game-assets/audio/file-tf2ry751.mp3" height="100px" tab-index="123" width="auto" id="text2" string="it rained." font-family="'Baloo Bhai 2'" font-color="black" font-size="80px" bg-color="transparent" onEntry="this.lineHeight='1.2';    this.font-weight='700';   this.border-radius='16px'; this.margin-right='40px'; " />
        </lido-cell>
        <lido-cell layout="row" visible="true" height="270px" width="100%" bg-color="transparent" onEntry="this.lineHeight='1.2';this.align-items='center';this.justify-content='space-around';">
           
            <lido-text visible="true" audio="https://aeakbcdznktpsbrfsgys.supabase.co/storage/v1/object/public/template-assets/fill-upAudio.mp3" height="136px" width="auto" disable-speak="true" type="drag" id="drag1" tab-index="2" string="because" value="because" font-family="'Baloo Bhai 2'" font-color="black" font-size="80px" bg-color="#FFAC4C" onEntry="this.lineHeight='1.2';this.font-weight='700';this.padding='10px 45px';this.border-radius='16px';" />
            
            <lido-text visible="true" audio="https://aeakbcdznktpsbrfsgys.supabase.co/storage/v1/object/public/template-assets/fill-upAudio.mp3" height="136px" width="auto" disable-speak="true" type="drag" id="drag2" tab-index="3" string="how" value="how" font-family="'Baloo Bhai 2'" font-color="black" font-size="80px" bg-color="#FFAC4C" onEntry="this.lineHeight='1.2';this.font-weight='700';this.padding='10px 45px';this.border-radius='16px';" />
            
            <lido-text visible="true" audio="https://aeakbcdznktpsbrfsgys.supabase.co/storage/v1/object/public/template-assets/fill-upAudio.mp3" height="136px" width="auto" disable-speak="true" type="drag" id="drag3" tab-index="4" string="sorry" value="sorry" font-family="'Baloo Bhai 2'" font-color="black" font-size="80px" bg-color="#FFAC4C" onEntry="this.lineHeight='1.2';this.font-weight='700';this.padding='10px 45px';this.border-radius='16px';" />
            
            <lido-text visible="true" audio="https://aeakbcdznktpsbrfsgys.supabase.co/storage/v1/object/public/template-assets/fill-upAudio.mp3" height="136px" width="auto" disable-speak="true" type="drag" id="drag4" tab-index="5" string="anyone" value="anyone" font-family="'Baloo Bhai 2'" font-color="black" font-size="80px" bg-color="#FFAC4C" onEntry="this.lineHeight='1.2';this.font-weight='700';this.padding='10px 45px';this.border-radius='16px';" />
            
            <lido-text visible="true" audio="https://aeakbcdznktpsbrfsgys.supabase.co/storage/v1/object/public/template-assets/fill-upAudio.mp3" height="136px" width="auto" disable-speak="true" type="drag" id="drag5" tab-index="6" string="where" value="where" font-family="'Baloo Bhai 2'" font-color="black" font-size="80px" bg-color="#FFAC4C" onEntry="this.lineHeight='1.2';this.font-weight='700';this.padding='10px 45px';this.border-radius='16px';" />
            
        </lido-cell>
    </lido-cell>

</lido-container>
        
        <lido-container lang="en" disable-speak="true" template-id="pictureClues" visible="true" id="lido-container" objective="so" bg-image="template-assets/bg-images/file-yitgmreb.png" onInCorrect="lido-avatar.avatarAnimate='Fail';this.sleep='2000';" onCorrect="lido-avatar.avatarAnimate='Success';this.sleep='2000';" is-continue-on-correct="false" is-allow-only-correct="false" onEntry="xy.speak='true';">

    
    <lido-cell layout="pos" id="pos1" disable-edit="true" value="pos2" height="landscape.344px,portrait.402px" width="landscape.296px,portrait.398px" x="landscape.85%, portrait.28%" y="landscape.21%, portrait.77%" aria-hidden="true" z="1" bg-color="transparent" visible="true">
        <lido-avatar id="lido-avatar" disable-edit="true" visible="true" height="100%" width="100%" src="template-assets/images/file-i0r98h9k.riv" alt-text="">
        </lido-avatar>
    </lido-cell>

    
   
    <lido-cell visible="true" layout="col" height="85%" width="98%" bg-color="transparent" margin="61px 0px -58px 0px">
        <lido-cell layout="row" visible="true" height="330px" width="330px" bg-color="transparent">
            <lido-image tab-index="8" visible="true" height="auto" width="auto" src="game-assets/images/file-6pl8fgyj.jpg" />
    
            </lido-cell>
        <lido-cell layout="row" audio="game-assets/audio/file-lmaxtc5f.mp3" id="xy" tabindex="111" visible="true" height="270px" width="auto" bg-color="transparent">
         <lido-text visible="true" audio="game-assets/audio/file-gzek1hdi.mp3" height="100px" tab-index="121" width="auto" id="text1" string="She won," font-family="'Baloo Bhai 2'" font-color="black" font-size="80px" bg-color="transparent" onEntry="this.lineHeight='1.2';   this.font-weight='700'; this.border-radius='16px'; this.margin-right='40px';   " />
    <lido-text type="drop" is-allow-only-one-drop="true" audio="game-assets/audio/file-1zjou1q9.mp3" drop-attr="stretch" tab-index="122" value="so" id="answer" visible="true" height="136px" width="200px" onEntry="this.lineHeight='1.2'; this.margin-right='40px';    this.border-radius='16px';  " />
    <lido-text visible="true" audio="game-assets/audio/file-vszj6yp8.mp3" height="100px" tab-index="123" width="auto" id="text2" string="she's happy." font-family="'Baloo Bhai 2'" font-color="black" font-size="80px" bg-color="transparent" onEntry="this.lineHeight='1.2';    this.font-weight='700';   this.border-radius='16px'; this.margin-right='40px'; " />
        </lido-cell>
        <lido-cell layout="row" visible="true" height="270px" width="100%" bg-color="transparent" onEntry="this.lineHeight='1.2';this.align-items='center';this.justify-content='space-around';">
           
            <lido-text visible="true" audio="https://aeakbcdznktpsbrfsgys.supabase.co/storage/v1/object/public/template-assets/fill-upAudio.mp3" height="136px" width="auto" disable-speak="true" type="drag" id="drag1" tab-index="2" string="so" value="so" font-family="'Baloo Bhai 2'" font-color="black" font-size="80px" bg-color="#FFAC4C" onEntry="this.lineHeight='1.2';this.font-weight='700';this.padding='10px 45px';this.border-radius='16px';" />
            
            <lido-text visible="true" audio="https://aeakbcdznktpsbrfsgys.supabase.co/storage/v1/object/public/template-assets/fill-upAudio.mp3" height="136px" width="auto" disable-speak="true" type="drag" id="drag2" tab-index="3" string="wince" value="wince" font-family="'Baloo Bhai 2'" font-color="black" font-size="80px" bg-color="#FFAC4C" onEntry="this.lineHeight='1.2';this.font-weight='700';this.padding='10px 45px';this.border-radius='16px';" />
            
            <lido-text visible="true" audio="https://aeakbcdznktpsbrfsgys.supabase.co/storage/v1/object/public/template-assets/fill-upAudio.mp3" height="136px" width="auto" disable-speak="true" type="drag" id="drag3" tab-index="4" string="twice" value="twice" font-family="'Baloo Bhai 2'" font-color="black" font-size="80px" bg-color="#FFAC4C" onEntry="this.lineHeight='1.2';this.font-weight='700';this.padding='10px 45px';this.border-radius='16px';" />
            
            <lido-text visible="true" audio="https://aeakbcdznktpsbrfsgys.supabase.co/storage/v1/object/public/template-assets/fill-upAudio.mp3" height="136px" width="auto" disable-speak="true" type="drag" id="drag4" tab-index="5" string="who" value="who" font-family="'Baloo Bhai 2'" font-color="black" font-size="80px" bg-color="#FFAC4C" onEntry="this.lineHeight='1.2';this.font-weight='700';this.padding='10px 45px';this.border-radius='16px';" />
            
            <lido-text visible="true" audio="https://aeakbcdznktpsbrfsgys.supabase.co/storage/v1/object/public/template-assets/fill-upAudio.mp3" height="136px" width="auto" disable-speak="true" type="drag" id="drag5" tab-index="6" string="there" value="there" font-family="'Baloo Bhai 2'" font-color="black" font-size="80px" bg-color="#FFAC4C" onEntry="this.lineHeight='1.2';this.font-weight='700';this.padding='10px 45px';this.border-radius='16px';" />
            
        </lido-cell>
    </lido-cell>

</lido-container>
        
<main>
    <lido-container disable-speak="true" id="lido-container" lang="en" is-continue-on-correct="false" template-id="palStoryMaking" is-allow-only-correct="false" objective="Rohan studies regularly for his exam.,He listens to his teacher in class.,He writes the exam well.,Rohan gets an A+ and feels happy." onCorrect="lido-avatar.avatarAnimate='Success'; this.sleep='2000';" onInCorrect="lido-avatar.avatarAnimate='Fail'; this.sleep='2000';" bg-image="template-assets/bg-images/file-w4adi8hu.png">

	
	<lido-cell layout="pos" id="pos1" disable-edit="true" value="pos2" height="landscape.300px,portrait.402px" width="landscape.250px,portrait.398px" x="landscape.68%, portrait.28%" y="landscape.600px, portrait.77%" aria-hidden="true" z="1" bg-color="transparent" visible="true" onEntry="this.lineHeight='1.2';">
		<lido-avatar id="lido-avatar" disable-edit="true" visible="true" height="100%" width="100%" src="template-assets/images/file-i0r98h9k.riv">
		</lido-avatar>
		<lido-image id="image" disableEdit="true" value="image" visible="true" src="template-assets/images/file-t2qku1lo.png" bgColor="transparent" width="150px" height="27px" x="45px" y="235px">
		</lido-image>
	</lido-cell>
	
	<lido-cell visible="true" layout="row" width="97%" height="87%" bg-color="transparent" margin="70px 0 0 0">
		
		<lido-cell visible="true" layout="col" width="53%" height="100%" padding="0" bg-color="transparent">
            
			<lido-cell visible="true" layout="row" width="100%" height="22%" bg-color="transparent">
				<lido-image visible="true" width="160px" height="160px" bg-color="white" src="game-assets/images/file-1t2gfuyh.jpg" />
				<lido-text visible="true" value="Rohan studies regularly for his exam." id="drop1" tab-index="1" disable-speak="true" type="drop" is-allow-only-one-drop="true" width="630px" height="100px" bg-color="white" border-radius="16px" onCorrect="lido-avatar.avatarAnimate='Success';" />
			</lido-cell>
			<lido-cell visible="true" layout="row" width="100%" height="22%" bg-color="transparent">
				<lido-image visible="true" width="160px" height="160px" bg-color="white" src="game-assets/images/file-li6e5bup.jpg" />
				<lido-text visible="true" value="He listens to his teacher in class." id="drop2" tab-index="2" disable-speak="true" type="drop" is-allow-only-one-drop="true" width="630px" height="100px" bg-color="white" border-radius="16px" onCorrect="lido-avatar.avatarAnimate='Success';" />
			</lido-cell>
			<lido-cell visible="true" layout="row" width="100%" height="22%" bg-color="transparent">
				<lido-image visible="true" width="160px" height="160px" bg-color="white" src="game-assets/images/file-cv2tuhyd.jpg" />
				<lido-text visible="true" value="He writes the exam well." id="drop3" tab-index="3" disable-speak="true" type="drop" is-allow-only-one-drop="true" width="630px" height="100px" bg-color="white" border-radius="16px" onCorrect="lido-avatar.avatarAnimate='Success';" />
			</lido-cell>
			<lido-cell visible="true" layout="row" width="100%" height="22%" bg-color="transparent">
				<lido-image visible="true" width="160px" height="160px" bg-color="white" src="game-assets/images/file-sk73kpc9.jpg" />
				<lido-text visible="true" value="Rohan gets an A+ and feels happy." id="drop4" tab-index="4" disable-speak="true" type="drop" is-allow-only-one-drop="true" width="630px" height="100px" bg-color="white" border-radius="16px" onCorrect="lido-avatar.avatarAnimate='Success';" />
			</lido-cell>
		</lido-cell>

		
		<lido-cell visible="true" layout="col" width="42%" height="100%" bg-color="transparent">
			<lido-cell visible="true" layout="col" width="100%" height="70%" bg-color="transparent">
                
				<lido-text id="drag1" visible="true" audio="https://aeakbcdznktpsbrfsgys.supabase.co/storage/v1/object/public/template-assets/fill-upAudio.mp3" value="He writes the exam well." disable-speak="true" type="drag" width="630px" height="100px" bg-color="#FFAC4C" font-size="50px" font-color="black" string="He writes the exam well." border-radius="16px" onEntry="this.lineHeight='1.2';this.fontWeight='600';" />
				<lido-text id="drag2" visible="true" audio="https://aeakbcdznktpsbrfsgys.supabase.co/storage/v1/object/public/template-assets/fill-upAudio.mp3" value="Rohan gets an A+ and feels happy." disable-speak="true" type="drag" width="630px" height="100px" bg-color="#FFAC4C" font-size="50px" font-color="black" string="Rohan gets an A+ and feels happy." border-radius="16px" onEntry="this.lineHeight='1.2';this.fontWeight='600';" />
				<lido-text id="drag3" visible="true" audio="https://aeakbcdznktpsbrfsgys.supabase.co/storage/v1/object/public/template-assets/fill-upAudio.mp3" value="Rohan studies regularly for his exam." disable-speak="true" type="drag" width="630px" height="100px" bg-color="#FFAC4C" font-size="50px" font-color="black" string="Rohan studies regularly for his exam." border-radius="16px" onEntry="this.lineHeight='1.2';this.fontWeight='600';" />
				<lido-text id="drag4" visible="true" audio="https://aeakbcdznktpsbrfsgys.supabase.co/storage/v1/object/public/template-assets/fill-upAudio.mp3" value="He listens to his teacher in class." disable-speak="true" type="drag" width="630px" height="100px" bg-color="#FFAC4C" font-size="50px" font-color="black" string="He listens to his teacher in class." border-radius="16px" onEntry="this.lineHeight='1.2';this.fontWeight='600';" />
			</lido-cell>
			<lido-cell visible="true" height="30%" />
		</lido-cell>
	</lido-cell>
</lido-container>
</main>
    <lido-container disable-speak="true" visible="true" id="lido-container" onEntry="lido-question.speak='true';" onInCorrect="lido-avatar.avatarAnimate='Fail';this.sleep='2000';" template-id="palEgraArrangePictures" onCorrect="lido-avatar.avatarAnimate='Success';this.sleep='2300';" bg-image="template-assets/bg-images/file-mkqxzqzl.png" objective="" is-continue-on-correct="false" is-allow-only-correct="false">
	 
      <lido-cell layout="pos" id="pos1" disable-edit="true" value="pos2" height="landscape.257px,portrait.378px" width="landscape.233px,portrait.382px" x="landscape.87%, portrait.30%" y="landscape.42%, portrait.78%" aria-hidden="true" z="1" bg-color="transparent" visible="true" onEntry="this.lineHeight='1.2';">
        <lido-avatar id="lido-avatar" disable-edit="true" visible="true" height="100%" width="100%" src="template-assets/images/file-i0r98h9k.riv" alt-text="{chimpleCharacterRive}">
        </lido-avatar>
		<lido-image id="image" disableEdit="true" value="image" visible="true" src="template-assets/images/file-t2qku1lo.png" bgColor="transparent" width="inherit" height="15px" x="landscape.-1px, portrait.-7px" y="landscape.220px, portrait.535px" altText="{shadowImage}" />
      </lido-cell>

        <lido-cell layout="landscape.col, portrait.row" aria-hidden="true" visible="true" height="landscape.116%,portrait.150px" width="landscape.98%, portrait.80%" bg-Color="transparent" margin="landscape.155px 0px 0px 0px,portrait.20px 0px 0px 0px" onEntry="this.lineHeight='1.2';this.z-index='1'; this.justify-content='space-between'; this.alignItems='center';">
            				
            
            <lido-text tab-index="111" visible="true" audio="game-assets/audio/file-h9ooa452.mp3" id="lido-question" width="landscape.104%, portrait.80%" height="auto" bg-color="#FFF5BB" string="A crow is very thirsty. It sees a pot with little water. The crow drops stones into the pot. The water comes up in the pot. The crow drinks the water and flies away." border-radius="16px" onEntry="this.lineHeight='1.2';this.border='2px solid #FFB612'; this.fontWeight='700';" font-size="43px" font-color="#07004E" font-family="'Baloo Bhai 2'" padding="7px 0px 0px 0px">
      		</lido-text>
            
          

          
	      	<lido-cell layout="landscape.row, portrait.col" visible="true" margin="landscape.0px 100px 0px 0px,portrait.0" onEntry="this.lineHeight='1.2';" height="landscape.auto,portrait.35%" width="landscape.85%,portrait.100%" bg-color="transparent">			
				
			</lido-cell>


			<lido-cell layout="landscape.row, portrait.col" visible="true" margin="landscape.0px 50px 0px 0px,portrait.0" onEntry="this.lineHeight='1.2'; this.justify-content='space-evenly';" height="landscape.auto,portrait.35%" width="landscape.100%,portrait.100%" bg-color="transparent">
                
			</lido-cell>        
             
        </lido-cell>     

</lido-container>
        
             
              <lido-container disable-speak="true" template-id="palStoryTale" lang="en" show-prev-button="false" show-next-button="true" id="lido-container" bg-image="template-assets/bg-images/file-w4adi8hu.png" height="1600px" width="900px" value="mainContainer4" objective="" aria-label="" x="0" y="0" z="0" visible="true" audio="" onTouch="" onCorrect="" onEntry="" onInCorrect="lido-avatar.avatarAnimate='Fail'; this.sleep='2000';" show-check="false" is-continue-on-correct="false">
		<lido-cell layout="row" id="cell1" visible="true" margin="99px 164px 0px 0px" value="cell1" width="landscape.87%,portrait.86%" height="landscape.76%,portrait.80%" x="50px" y="50px" bg-color="transparent" onEntry="">
				
			<lido-text id="text1" tab-index="1" audio="game-assets/audio/file-93yfyxay.mp3" value="text1" visible="true" width="landscape.100%,portrait.90%" height="100%" bg-color="#FFF5BB" font-family="Baloo Bhai 2" font-size="60px" font-color="#000" string="A small caterpillar was floating in a river and could not reach the shore. It tried many times but the water was too strong. A bird sitting on a tree saw the caterpillar in trouble. The bird dropped a leaf into the river and the caterpillar climbed on it to reach the shore. The caterpillar thanked the bird for helping it." onEntry="this.lineHeight='1.2';this.border='2px solid #FFB612'; this.fontWeight='600';this.padding='20px 28px'; this.boxShadow='unset'; this.border-radius='16px'; this.textAlign='start'; this.speak='true';">
			</lido-text>
		</lido-cell>
			
		
            
			<lido-cell layout="pos" id="pos1" disable-edit="true" value="pos1" height="landscape.373px,portrait.401px" width="landscape.344px,portrait.401px" x="landscape.82%, portrait.24%" y="landscape.59%, portrait.83%" aria-hidden="true" z="2" bg-color="transparent" type="" visible="true" audio="" onTouch="" onCorrect="">
		<lido-avatar id="lido-avatar" disable-edit="true" visible="true" height="100%" width="100%" src="template-assets/images/file-i3e0pnaz.riv" alt-text="" bg-color="transparent">
		</lido-avatar>
		<lido-image id="image1" disable-edit="true" value="image1" visible="true" src="template-assets/images/file-rmfh65wi.png" bg-color="transparent" width="203px" height="32px" x="landscape.73px,portrait.111px" y="landscape.302px,portrait.344px" alt-text="">
		</lido-image>
	</lido-cell>
	</lido-container>
        

         <lido-container lang="en" disable-speak="true" id="lido-container" value="maincontainer" visible="true" objective="A caterpillar was in the river." template-id="sentenceMatch" bg-image="template-assets/bg-images/file-36kr5k5y.png" onEntry="text1.speak='true';" is-continue-on-correct="false" onInCorrect="lido-avatar.avatarAnimate='Fail'; this.sleep='2000';" onCorrect="lido-avatar.avatarAnimate='Success'; this.sleep='2000';">
	<lido-cell layout="pos" id="pos1" disable-edit="true" value="pos1" height="landscape.375px,portrait.401px" width="landscape.338px,portrait.401px" x="landscape.1323px, portrait.24%" y="landscape.57%, portrait.83%" aria-hidden="true" z="2" bg-color="transparent" type="" visible="true" audio="" onTouch="" onCorrect="">
		<lido-avatar id="lido-avatar" disable-edit="true" visible="true" height="100%" width="100%" src="template-assets/images/file-i3e0pnaz.riv" alt-text="" bg-color="transparent">
		</lido-avatar>
		<lido-image id="image1" disable-edit="true" value="image1" visible="true" src="template-assets/images/file-rmfh65wi.png" bg-color="transparent" width="203px" height="32px" x="landscape.74px,portrait.111px" y="landscape.309px,portrait.344px" alt-text="">
		</lido-image>
	</lido-cell>

  
    <lido-cell layout="col" visible="true" bg-Color="transparent" width="landscape.100%,portrait.90%" height="68%" margin="landscape.0px,portrait.-107px 0px 0px 0px">

    
          
			<lido-text id="text1" tab-index="1" disable-edit="true" margin="landscape.0px 0px 0px 0px,portrait.0px 0px 60px 0px" audio="game-assets/audio/file-w5tz1x4p.mp3" value="text1" visible="true" width="landscape.94%,portrait.90%" height="35%" bg-color="#FFF5BB" font-family="'Baloo 2', serif" font-size="60px" font-color="#000" string="Who was in the river?" y="-14%" onEntry="this.lineHeight='1.2';this.position='relative';this.fontWeight='500';this.padding='20px';this.border='2px solid #FFB612'; this.boxShadow='unset';this.border-radius='16px'; this.textAlign='start'; ">
			</lido-text>
		  
    <lido-cell layout="col" visible="true" width="landscape.53%,portrait.108%" height="216px" bg-Color="transparent" margin="landscape.0px 0px 0px 0px,portrait.0px 0px 0px 0px" x="-5%" onEntry="this.lineHeight='1.2';this.align-items='center'; this.justify-content='center';this.position='relative'; this.gap='25px';">
            <lido-text visible="true" audio="game-assets/audio/file-vgy0qv5e.mp3" disable-speak="true" id="option1" font-family="'Baloo Bhai 2'" tab-index="2" font-size="62px" border-radius="12px" font-color="black" height="113px" width="1244px" string="A bird was in the river." value="A bird was in the river." type="click" onEntry="this.lineHeight='1.2';this.font-weight='500';this.padding='0px 64px 0px 64px';">
            </lido-text>
			<lido-text visible="true" audio="game-assets/audio/file-n1x6e36v.mp3" disable-speak="true" id="option2" font-family="'Baloo Bhai 2'" tab-index="3" font-size="62px" border-radius="12px" font-color="black" height="113px" width="1244px" string="A caterpillar was in the river." value="A caterpillar was in the river." type="click" onEntry="this.lineHeight='1.2';this.font-weight='500';this.padding='0px 64px 0px 64px';">
            </lido-text>
			<lido-text visible="true" audio="game-assets/audio/file-l6k7jo9y.mp3" disable-speak="true" id="option3" font-family="'Baloo Bhai 2'" tab-index="4" font-size="62px" border-radius="12px" font-color="black" height="113px" width="1244px" string="An elephant was in the river." value="An elephant was in the river." type="click" onEntry="this.lineHeight='1.2';this.font-weight='500';this.padding='0px 64px 0px 64px';">
            </lido-text>
			<lido-text visible="true" audio="game-assets/audio/file-qszbhtnn.mp3" disable-speak="true" id="option4" font-family="'Baloo Bhai 2'" tab-index="5" font-size="62px" border-radius="12px" font-color="black" height="113px" width="1244px" string="A kite was in the river." value="A kite was in the river." type="click" onEntry="this.lineHeight='1.2';this.font-weight='500';this.padding='0px 64px 0px 64px';">
            </lido-text>
		</lido-cell>
	</lido-cell>

</lido-container>
        

         <lido-container lang="en" disable-speak="true" id="lido-container" value="maincontainer" visible="true" objective="The water was too strong" template-id="sentenceMatch" bg-image="template-assets/bg-images/file-36kr5k5y.png" onEntry="text1.speak='true';" is-continue-on-correct="false" onInCorrect="lido-avatar.avatarAnimate='Fail'; this.sleep='2000';" onCorrect="lido-avatar.avatarAnimate='Success'; this.sleep='2000';">
	<lido-cell layout="pos" id="pos1" disable-edit="true" value="pos1" height="landscape.375px,portrait.401px" width="landscape.338px,portrait.401px" x="landscape.1323px, portrait.24%" y="landscape.57%, portrait.83%" aria-hidden="true" z="2" bg-color="transparent" type="" visible="true" audio="" onTouch="" onCorrect="">
		<lido-avatar id="lido-avatar" disable-edit="true" visible="true" height="100%" width="100%" src="template-assets/images/file-i3e0pnaz.riv" alt-text="" bg-color="transparent">
		</lido-avatar>
		<lido-image id="image1" disable-edit="true" value="image1" visible="true" src="template-assets/images/file-rmfh65wi.png" bg-color="transparent" width="203px" height="32px" x="landscape.74px,portrait.111px" y="landscape.309px,portrait.344px" alt-text="">
		</lido-image>
	</lido-cell>

  
    <lido-cell layout="col" visible="true" bg-Color="transparent" width="landscape.100%,portrait.90%" height="68%" margin="landscape.0px,portrait.-107px 0px 0px 0px">

    
          
			<lido-text id="text1" tab-index="1" disable-edit="true" margin="landscape.0px 0px 0px 0px,portrait.0px 0px 60px 0px" audio="game-assets/audio/file-ogb1awcv.mp3" value="text1" visible="true" width="landscape.94%,portrait.90%" height="35%" bg-color="#FFF5BB" font-family="'Baloo 2', serif" font-size="60px" font-color="#000" string="Why could the caterpillar not reach the shore?" y="-14%" onEntry="this.lineHeight='1.2';this.position='relative';this.fontWeight='500';this.padding='20px';this.border='2px solid #FFB612'; this.boxShadow='unset';this.border-radius='16px'; this.textAlign='start'; ">
			</lido-text>
		  
    <lido-cell layout="col" visible="true" width="landscape.53%,portrait.108%" height="216px" bg-Color="transparent" margin="landscape.0px 0px 0px 0px,portrait.0px 0px 0px 0px" x="-5%" onEntry="this.lineHeight='1.2';this.align-items='center'; this.justify-content='center';this.position='relative'; this.gap='25px';">
            <lido-text visible="true" audio="game-assets/audio/file-h5uk61n1.mp3" disable-speak="true" id="option1" font-family="'Baloo Bhai 2'" tab-index="2" font-size="62px" border-radius="12px" font-color="black" height="113px" width="1244px" string="The water was too strong" value="The water was too strong" type="click" onEntry="this.lineHeight='1.2';this.font-weight='500';this.padding='0px 64px 0px 64px';">
            </lido-text>
			<lido-text visible="true" audio="game-assets/audio/file-tz9hek2n.mp3" disable-speak="true" id="option2" font-family="'Baloo Bhai 2'" tab-index="3" font-size="62px" border-radius="12px" font-color="black" height="113px" width="1244px" string="The river was dirty" value="The river was dirty" type="click" onEntry="this.lineHeight='1.2';this.font-weight='500';this.padding='0px 64px 0px 64px';">
            </lido-text>
			<lido-text visible="true" audio="game-assets/audio/file-43wc9v71.mp3" disable-speak="true" id="option3" font-family="'Baloo Bhai 2'" tab-index="4" font-size="62px" border-radius="12px" font-color="black" height="113px" width="1244px" string="It was sleeping" value="It was sleeping" type="click" onEntry="this.lineHeight='1.2';this.font-weight='500';this.padding='0px 64px 0px 64px';">
            </lido-text>
			<lido-text visible="true" audio="game-assets/audio/file-pn6fxs61.mp3" disable-speak="true" id="option4" font-family="'Baloo Bhai 2'" tab-index="5" font-size="62px" border-radius="12px" font-color="black" height="113px" width="1244px" string="It was hurt" value="It was hurt" type="click" onEntry="this.lineHeight='1.2';this.font-weight='500';this.padding='0px 64px 0px 64px';">
            </lido-text>
		</lido-cell>
	</lido-cell>

</lido-container>
        

         <lido-container lang="en" disable-speak="true" id="lido-container" value="maincontainer" visible="true" objective="A bird saw the caterpillar in trouble" template-id="sentenceMatch" bg-image="template-assets/bg-images/file-36kr5k5y.png" onEntry="text1.speak='true';" is-continue-on-correct="false" onInCorrect="lido-avatar.avatarAnimate='Fail'; this.sleep='2000';" onCorrect="lido-avatar.avatarAnimate='Success'; this.sleep='2000';">
	<lido-cell layout="pos" id="pos1" disable-edit="true" value="pos1" height="landscape.375px,portrait.401px" width="landscape.338px,portrait.401px" x="landscape.1323px, portrait.24%" y="landscape.57%, portrait.83%" aria-hidden="true" z="2" bg-color="transparent" type="" visible="true" audio="" onTouch="" onCorrect="">
		<lido-avatar id="lido-avatar" disable-edit="true" visible="true" height="100%" width="100%" src="template-assets/images/file-i3e0pnaz.riv" alt-text="" bg-color="transparent">
		</lido-avatar>
		<lido-image id="image1" disable-edit="true" value="image1" visible="true" src="template-assets/images/file-rmfh65wi.png" bg-color="transparent" width="203px" height="32px" x="landscape.74px,portrait.111px" y="landscape.309px,portrait.344px" alt-text="">
		</lido-image>
	</lido-cell>

  
    <lido-cell layout="col" visible="true" bg-Color="transparent" width="landscape.100%,portrait.90%" height="68%" margin="landscape.0px,portrait.-107px 0px 0px 0px">

    
          
			<lido-text id="text1" tab-index="1" disable-edit="true" margin="landscape.0px 0px 0px 0px,portrait.0px 0px 60px 0px" audio="game-assets/audio/file-0ku8jqgu.mp3" value="text1" visible="true" width="landscape.94%,portrait.90%" height="35%" bg-color="#FFF5BB" font-family="'Baloo 2', serif" font-size="60px" font-color="#000" string="Who saw the caterpillar in trouble?" y="-14%" onEntry="this.lineHeight='1.2';this.position='relative';this.fontWeight='500';this.padding='20px';this.border='2px solid #FFB612'; this.boxShadow='unset';this.border-radius='16px'; this.textAlign='start'; ">
			</lido-text>
		  
    <lido-cell layout="col" visible="true" width="landscape.53%,portrait.108%" height="216px" bg-Color="transparent" margin="landscape.0px 0px 0px 0px,portrait.0px 0px 0px 0px" x="-5%" onEntry="this.lineHeight='1.2';this.align-items='center'; this.justify-content='center';this.position='relative'; this.gap='25px';">
            <lido-text visible="true" audio="game-assets/audio/file-w43i9n58.mp3" disable-speak="true" id="option1" font-family="'Baloo Bhai 2'" tab-index="2" font-size="62px" border-radius="12px" font-color="black" height="113px" width="1244px" string="A dog saw the caterpillar in trouble" value="A dog saw the caterpillar in trouble" type="click" onEntry="this.lineHeight='1.2';this.font-weight='500';this.padding='0px 64px 0px 64px';">
            </lido-text>
			<lido-text visible="true" audio="game-assets/audio/file-yb9gr3ge.mp3" disable-speak="true" id="option2" font-family="'Baloo Bhai 2'" tab-index="3" font-size="62px" border-radius="12px" font-color="black" height="113px" width="1244px" string="A cow saw the caterpillar in trouble" value="A cow saw the caterpillar in trouble" type="click" onEntry="this.lineHeight='1.2';this.font-weight='500';this.padding='0px 64px 0px 64px';">
            </lido-text>
			<lido-text visible="true" audio="game-assets/audio/file-y91ix89j.mp3" disable-speak="true" id="option3" font-family="'Baloo Bhai 2'" tab-index="4" font-size="62px" border-radius="12px" font-color="black" height="113px" width="1244px" string="A cat saw the caterpillar in trouble" value="A cat saw the caterpillar in trouble" type="click" onEntry="this.lineHeight='1.2';this.font-weight='500';this.padding='0px 64px 0px 64px';">
            </lido-text>
			<lido-text visible="true" audio="game-assets/audio/file-zl4yz1wi.mp3" disable-speak="true" id="option4" font-family="'Baloo Bhai 2'" tab-index="5" font-size="62px" border-radius="12px" font-color="black" height="113px" width="1244px" string="A bird saw the caterpillar in trouble" value="A bird saw the caterpillar in trouble" type="click" onEntry="this.lineHeight='1.2';this.font-weight='500';this.padding='0px 64px 0px 64px';">
            </lido-text>
		</lido-cell>
	</lido-cell>

</lido-container>
        

         <lido-container lang="en" disable-speak="true" id="lido-container" value="maincontainer" visible="true" objective="The bird dropped a leaf into the river" template-id="sentenceMatch" bg-image="template-assets/bg-images/file-36kr5k5y.png" onEntry="text1.speak='true';" is-continue-on-correct="false" onInCorrect="lido-avatar.avatarAnimate='Fail'; this.sleep='2000';" onCorrect="lido-avatar.avatarAnimate='Success'; this.sleep='2000';">
	<lido-cell layout="pos" id="pos1" disable-edit="true" value="pos1" height="landscape.375px,portrait.401px" width="landscape.338px,portrait.401px" x="landscape.1323px, portrait.24%" y="landscape.57%, portrait.83%" aria-hidden="true" z="2" bg-color="transparent" type="" visible="true" audio="" onTouch="" onCorrect="">
		<lido-avatar id="lido-avatar" disable-edit="true" visible="true" height="100%" width="100%" src="template-assets/images/file-i3e0pnaz.riv" alt-text="" bg-color="transparent">
		</lido-avatar>
		<lido-image id="image1" disable-edit="true" value="image1" visible="true" src="template-assets/images/file-rmfh65wi.png" bg-color="transparent" width="203px" height="32px" x="landscape.74px,portrait.111px" y="landscape.309px,portrait.344px" alt-text="">
		</lido-image>
	</lido-cell>

  
    <lido-cell layout="col" visible="true" bg-Color="transparent" width="landscape.100%,portrait.90%" height="68%" margin="landscape.0px,portrait.-107px 0px 0px 0px">

    
          
			<lido-text id="text1" tab-index="1" disable-edit="true" margin="landscape.0px 0px 0px 0px,portrait.0px 0px 60px 0px" audio="game-assets/audio/file-hu3qugng.mp3" value="text1" visible="true" width="landscape.94%,portrait.90%" height="35%" bg-color="#FFF5BB" font-family="'Baloo 2', serif" font-size="60px" font-color="#000" string="What did the bird drop into the river?" y="-14%" onEntry="this.lineHeight='1.2';this.position='relative';this.fontWeight='500';this.padding='20px';this.border='2px solid #FFB612'; this.boxShadow='unset';this.border-radius='16px'; this.textAlign='start'; ">
			</lido-text>
		  
    <lido-cell layout="col" visible="true" width="landscape.53%,portrait.108%" height="216px" bg-Color="transparent" margin="landscape.0px 0px 0px 0px,portrait.0px 0px 0px 0px" x="-5%" onEntry="this.lineHeight='1.2';this.align-items='center'; this.justify-content='center';this.position='relative'; this.gap='25px';">
            <lido-text visible="true" audio="game-assets/audio/file-n679x4et.mp3" disable-speak="true" id="option1" font-family="'Baloo Bhai 2'" tab-index="2" font-size="62px" border-radius="12px" font-color="black" height="113px" width="1244px" string="The bird dropped a stone into the river" value="The bird dropped a stone into the river" type="click" onEntry="this.lineHeight='1.2';this.font-weight='500';this.padding='0px 64px 0px 64px';">
            </lido-text>
			<lido-text visible="true" audio="game-assets/audio/file-ktbjvyhc.mp3" disable-speak="true" id="option2" font-family="'Baloo Bhai 2'" tab-index="3" font-size="62px" border-radius="12px" font-color="black" height="113px" width="1244px" string="The bird dropped a stick into the river" value="The bird dropped a stick into the river" type="click" onEntry="this.lineHeight='1.2';this.font-weight='500';this.padding='0px 64px 0px 64px';">
            </lido-text>
			<lido-text visible="true" audio="game-assets/audio/file-wzkka7ek.mp3" disable-speak="true" id="option3" font-family="'Baloo Bhai 2'" tab-index="4" font-size="62px" border-radius="12px" font-color="black" height="113px" width="1244px" string="The bird dropped a leaf into the river" value="The bird dropped a leaf into the river" type="click" onEntry="this.lineHeight='1.2';this.font-weight='500';this.padding='0px 64px 0px 64px';">
            </lido-text>
			<lido-text visible="true" audio="game-assets/audio/file-xiakg87b.mp3" disable-speak="true" id="option4" font-family="'Baloo Bhai 2'" tab-index="5" font-size="62px" border-radius="12px" font-color="black" height="113px" width="1244px" string="The bird dropped a rope into the river" value="The bird dropped a rope into the river" type="click" onEntry="this.lineHeight='1.2';this.font-weight='500';this.padding='0px 64px 0px 64px';">
            </lido-text>
		</lido-cell>
	</lido-cell>

</lido-container>
        

         <lido-container lang="en" disable-speak="true" id="lido-container" value="maincontainer" visible="true" objective="The caterpillar thanked the bird" template-id="sentenceMatch" bg-image="template-assets/bg-images/file-36kr5k5y.png" onEntry="text1.speak='true';" is-continue-on-correct="false" onInCorrect="lido-avatar.avatarAnimate='Fail'; this.sleep='2000';" onCorrect="lido-avatar.avatarAnimate='Success'; this.sleep='2000';">
	<lido-cell layout="pos" id="pos1" disable-edit="true" value="pos1" height="landscape.375px,portrait.401px" width="landscape.338px,portrait.401px" x="landscape.1323px, portrait.24%" y="landscape.57%, portrait.83%" aria-hidden="true" z="2" bg-color="transparent" type="" visible="true" audio="" onTouch="" onCorrect="">
		<lido-avatar id="lido-avatar" disable-edit="true" visible="true" height="100%" width="100%" src="template-assets/images/file-i3e0pnaz.riv" alt-text="" bg-color="transparent">
		</lido-avatar>
		<lido-image id="image1" disable-edit="true" value="image1" visible="true" src="template-assets/images/file-rmfh65wi.png" bg-color="transparent" width="203px" height="32px" x="landscape.74px,portrait.111px" y="landscape.309px,portrait.344px" alt-text="">
		</lido-image>
	</lido-cell>

  
    <lido-cell layout="col" visible="true" bg-Color="transparent" width="landscape.100%,portrait.90%" height="68%" margin="landscape.0px,portrait.-107px 0px 0px 0px">

    
          
			<lido-text id="text1" tab-index="1" disable-edit="true" margin="landscape.0px 0px 0px 0px,portrait.0px 0px 60px 0px" audio="game-assets/audio/file-1it4m5ry.mp3" value="text1" visible="true" width="landscape.94%,portrait.90%" height="35%" bg-color="#FFF5BB" font-family="'Baloo 2', serif" font-size="60px" font-color="#000" string="What did the caterpillar do at the end?" y="-14%" onEntry="this.lineHeight='1.2';this.position='relative';this.fontWeight='500';this.padding='20px';this.border='2px solid #FFB612'; this.boxShadow='unset';this.border-radius='16px'; this.textAlign='start'; ">
			</lido-text>
		  
    <lido-cell layout="col" visible="true" width="landscape.53%,portrait.108%" height="216px" bg-Color="transparent" margin="landscape.0px 0px 0px 0px,portrait.0px 0px 0px 0px" x="-5%" onEntry="this.lineHeight='1.2';this.align-items='center'; this.justify-content='center';this.position='relative'; this.gap='25px';">
            <lido-text visible="true" audio="game-assets/audio/file-js5j0hg1.mp3" disable-speak="true" id="option1" font-family="'Baloo Bhai 2'" tab-index="2" font-size="62px" border-radius="12px" font-color="black" height="113px" width="1244px" string="The caterpillar went away" value="The caterpillar went away" type="click" onEntry="this.lineHeight='1.2';this.font-weight='500';this.padding='0px 64px 0px 64px';">
            </lido-text>
			<lido-text visible="true" audio="game-assets/audio/file-xkgvizzk.mp3" disable-speak="true" id="option2" font-family="'Baloo Bhai 2'" tab-index="3" font-size="62px" border-radius="12px" font-color="black" height="113px" width="1244px" string="The caterpillar slept" value="The caterpillar slept" type="click" onEntry="this.lineHeight='1.2';this.font-weight='500';this.padding='0px 64px 0px 64px';">
            </lido-text>
			<lido-text visible="true" audio="game-assets/audio/file-dhtvtoc4.mp3" disable-speak="true" id="option3" font-family="'Baloo Bhai 2'" tab-index="4" font-size="62px" border-radius="12px" font-color="black" height="113px" width="1244px" string="The caterpillar flew" value="The caterpillar flew" type="click" onEntry="this.lineHeight='1.2';this.font-weight='500';this.padding='0px 64px 0px 64px';">
            </lido-text>
			<lido-text visible="true" audio="game-assets/audio/file-46zs4wcy.mp3" disable-speak="true" id="option4" font-family="'Baloo Bhai 2'" tab-index="5" font-size="62px" border-radius="12px" font-color="black" height="113px" width="1244px" string="The caterpillar thanked the bird" value="The caterpillar thanked the bird" type="click" onEntry="this.lineHeight='1.2';this.font-weight='500';this.padding='0px 64px 0px 64px';">
            </lido-text>
		</lido-cell>
	</lido-cell>

</lido-container>
        
</root>