<root>

            <lido-container disable-speak="true" lang="en" id="lido-container" tab-index="1" value="maincontainer" template-id="palegramcqimages" objective="Elephant" aria-label="This is a multiple-option question. Select one option from the list." height="100vh" width="100vw" x="0" y="0" z="0" bg-color="transparent" bg-image="template-assets/bg-images/file-b13ns62n.png" visible="true" audio="background1.mp3" onTouch="" onCorrect="lido-avatar.avatarAnimate='Success'; this.sleep='2000';" onEntry="" onInCorrect="lido-avatar.avatarAnimate='Fail'; this.sleep='2000';" show-check="false" is-continue-on-correct="false" is-allow-only-correct="false">

                
                <lido-cell layout="pos" id="pos1" disable-edit="true" value="pos1" height="350px" width="350px" x="landscape.1228px, portrait.273px" y="landscape.125px, portrait.1200px" aria-hidden="true" z="2" bg-color="transparent" type="" visible="true" audio="" onTouch="" onCorrect="" onEntry="this.lineHeight='1.2';this.animation='leftToPlace 1.5s linear';">
                    <lido-avatar id="lido-avatar" disable-edit="true" visible="true" height="350px" width="350px" src="template-assets/images/file-ntn79pcn.riv" alt-text="{chimpleCharacterRive}" bg-color="transparent">
                    </lido-avatar>
                    <lido-image id="image1" disable-edit="true" value="image1" visible="true" src="template-assets/images/file-mpmmhhz2.png" bg-color="transparent" width="186px" height="40px" x="77px" y="302px" alt-text="{shadowImgae}">
                    </lido-image>
                </lido-cell>


                <lido-cell visible="true" layout="col" width="100%" height="100%" bg-color="transparent">
                    
                    <lido-cell layout="flex" visible="true" width="518px" height="landscape.198px, portrait.25%" bg-color="#FFF5BB" onEntry="this.lineHeight='1.2';this.justifyContent='center'; this.borderRadius='16px'; this.alignContent='center'; this.animation='topToPlace 0.5s linear';" margin="landscape.75px 0px 0px 0px, portrait.0px 0px 0px 0px">
                        <lido-text id="textA" value="Elephant" visible="true" width="1000px" height="100px" onEntry="this.lineHeight='1.2';this.boxShadow='unset'; this.fontWeight='700';" string="Elephant" font-family="'Baloo 2', serif" font-size="90px" font-color="black" bg-color="transparent" z="0" x="25px" y="20px" onTouch="this.speak='true';" />
                    </lido-cell>
                    
                    
                    <lido-cell layout="flex" visible="true" width="116%" height="90%" bg-color="transparent" onEntry="this.lineHeight='1.2';this.justifyContent='center'; this.alignContent='center'; this.animation='bottomToPlace 1s linear';" margin="landscape.-60px 0px -210px 0px, portrait.0px 0px 0px 0px">
                        <lido-cell visible="true" layout="landscape.row, portrait.wrap" width="landscape.85%, portrait.73%" height="landscape.100%, portrait.auto" bg-color="transparent" gap="landscape.30px, portrait.55px" onEntry="this.lineHeight='1.2';">
                            <lido-cell type="click" disable-speak="true" visible="true" layout="col" width="landscape.25%, portrait.100%" value="Rhinoceros" height="50%" onEntry="this.lineHeight='1.2';this.borderRadius='25px'; this.padding='9px';" onTouch="this.speak='true';">
                                <lido-image visible="true" src="game-assets/images/file-ehwnzu1b.jpg" width="90%" height="auto" border-radius="25px" onEntry="this.lineHeight='1.2';this.marginTop='10px';" />
                            </lido-cell>
                            <lido-cell type="click" disable-speak="true" visible="true" layout="col" width="landscape.25%, portrait.100%" value="$Tiger" height="50%" onEntry="this.lineHeight='1.2';this.borderRadius='25px'; this.padding='9px';" onTouch="this.speak='true';">
                                <lido-image visible="true" src="game-assets/images/file-evdyl0hl.jpg" width="90%" height="auto" border-radius="25px" onEntry="this.lineHeight='1.2';this.marginTop='10px';" />
                            </lido-cell>
                            <lido-cell type="click" disable-speak="true" visible="true" layout="col" width="landscape.25%, portrait.100%" value="Lion" height="50%" onEntry="this.lineHeight='1.2';this.borderRadius='25px'; this.padding='9px';" margin="landscape.0, portrait.20px 0 0 0" onTouch="this.speak='true';">
                                <lido-image visible="true" src="game-assets/images/file-1bqbvcv0.jpg" width="90%" height="auto" border-radius="25px" onEntry="this.lineHeight='1.2';this.marginTop='10px';" />
                            </lido-cell>
                            <lido-cell type="click" disable-speak="true" visible="true" layout="col" width="landscape.25%, portrait.100%" value="Elephant" height="50%" onEntry="this.lineHeight='1.2';this.borderRadius='25px'; this.padding='9px';" margin="landscape.0, portrait.20px 0 0 0" onTouch="this.speak='true';">
                                <lido-image visible="true" src="game-assets/images/file-7zva334t.jpg" width="90%" height="auto" border-radius="25px" onEntry="this.lineHeight='1.2';this.marginTop='10px';" />
                            </lido-cell>
                        </lido-cell>
                    </lido-cell>
                    
                    <lido-cell layout="flex" height="30%" width="100%" x="landscape.-50px, portrait.100px" y="507px" z="2" bg-color="transparent" visible="landscape.false, portrait.true" onEntry="this.lineHeight='1.2';this.justifyContent='center'; this.alignContent='center'; this.animation='leftToPlace 1.5s linear'; ">
                        
                    </lido-cell>

                </lido-cell>
            </lido-container>
        
            <lido-container disable-speak="true" lang="en" id="lido-container" tab-index="1" value="maincontainer" template-id="palegramcqimages" objective="Apple" aria-label="This is a multiple-option question. Select one option from the list." height="100vh" width="100vw" x="0" y="0" z="0" bg-color="transparent" bg-image="template-assets/bg-images/file-b13ns62n.png" visible="true" audio="background1.mp3" onTouch="" onCorrect="lido-avatar.avatarAnimate='Success'; this.sleep='2000';" onEntry="" onInCorrect="lido-avatar.avatarAnimate='Fail'; this.sleep='2000';" show-check="false" is-continue-on-correct="false" is-allow-only-correct="false">

                
                <lido-cell layout="pos" id="pos1" disable-edit="true" value="pos1" height="350px" width="350px" x="landscape.1228px, portrait.273px" y="landscape.125px, portrait.1200px" aria-hidden="true" z="2" bg-color="transparent" type="" visible="true" audio="" onTouch="" onCorrect="" onEntry="this.lineHeight='1.2';this.animation='leftToPlace 1.5s linear';">
                    <lido-avatar id="lido-avatar" disable-edit="true" visible="true" height="350px" width="350px" src="template-assets/images/file-ntn79pcn.riv" alt-text="{chimpleCharacterRive}" bg-color="transparent">
                    </lido-avatar>
                    <lido-image id="image1" disable-edit="true" value="image1" visible="true" src="template-assets/images/file-mpmmhhz2.png" bg-color="transparent" width="186px" height="40px" x="77px" y="302px" alt-text="{shadowImgae}">
                    </lido-image>
                </lido-cell>


                <lido-cell visible="true" layout="col" width="100%" height="100%" bg-color="transparent">
                    
                    <lido-cell layout="flex" visible="true" width="518px" height="landscape.198px, portrait.25%" bg-color="#FFF5BB" onEntry="this.lineHeight='1.2';this.justifyContent='center'; this.borderRadius='16px'; this.alignContent='center'; this.animation='topToPlace 0.5s linear';" margin="landscape.75px 0px 0px 0px, portrait.0px 0px 0px 0px">
                        <lido-text id="textA" value="Apple" visible="true" width="1000px" height="100px" onEntry="this.lineHeight='1.2';this.boxShadow='unset'; this.fontWeight='700';" string="Apple" font-family="'Baloo 2', serif" font-size="90px" font-color="black" bg-color="transparent" z="0" x="25px" y="20px" onTouch="this.speak='true';" />
                    </lido-cell>
                    
                    
                    <lido-cell layout="flex" visible="true" width="116%" height="90%" bg-color="transparent" onEntry="this.lineHeight='1.2';this.justifyContent='center'; this.alignContent='center'; this.animation='bottomToPlace 1s linear';" margin="landscape.-60px 0px -210px 0px, portrait.0px 0px 0px 0px">
                        <lido-cell visible="true" layout="landscape.row, portrait.wrap" width="landscape.85%, portrait.73%" height="landscape.100%, portrait.auto" bg-color="transparent" gap="landscape.30px, portrait.55px" onEntry="this.lineHeight='1.2';">
                            <lido-cell type="click" disable-speak="true" visible="true" layout="col" width="landscape.25%, portrait.100%" value="Mango" height="50%" onEntry="this.lineHeight='1.2';this.borderRadius='25px'; this.padding='9px';" onTouch="this.speak='true';">
                                <lido-image visible="true" src="game-assets/images/file-6pp910lq.jpg" width="90%" height="auto" border-radius="25px" onEntry="this.lineHeight='1.2';this.marginTop='10px';" />
                            </lido-cell>
                            <lido-cell type="click" disable-speak="true" visible="true" layout="col" width="landscape.25%, portrait.100%" value="$Grapes" height="50%" onEntry="this.lineHeight='1.2';this.borderRadius='25px'; this.padding='9px';" onTouch="this.speak='true';">
                                <lido-image visible="true" src="game-assets/images/file-zztir33d.jpg" width="90%" height="auto" border-radius="25px" onEntry="this.lineHeight='1.2';this.marginTop='10px';" />
                            </lido-cell>
                            <lido-cell type="click" disable-speak="true" visible="true" layout="col" width="landscape.25%, portrait.100%" value="Apple" height="50%" onEntry="this.lineHeight='1.2';this.borderRadius='25px'; this.padding='9px';" margin="landscape.0, portrait.20px 0 0 0" onTouch="this.speak='true';">
                                <lido-image visible="true" src="game-assets/images/file-pjxwc0af.jpg" width="90%" height="auto" border-radius="25px" onEntry="this.lineHeight='1.2';this.marginTop='10px';" />
                            </lido-cell>
                            <lido-cell type="click" disable-speak="true" visible="true" layout="col" width="landscape.25%, portrait.100%" value="Banana" height="50%" onEntry="this.lineHeight='1.2';this.borderRadius='25px'; this.padding='9px';" margin="landscape.0, portrait.20px 0 0 0" onTouch="this.speak='true';">
                                <lido-image visible="true" src="game-assets/images/file-cboyrzdh.jpg" width="90%" height="auto" border-radius="25px" onEntry="this.lineHeight='1.2';this.marginTop='10px';" />
                            </lido-cell>
                        </lido-cell>
                    </lido-cell>
                    
                    <lido-cell layout="flex" height="30%" width="100%" x="landscape.-50px, portrait.100px" y="507px" z="2" bg-color="transparent" visible="landscape.false, portrait.true" onEntry="this.lineHeight='1.2';this.justifyContent='center'; this.alignContent='center'; this.animation='leftToPlace 1.5s linear'; ">
                        
                    </lido-cell>

                </lido-cell>
            </lido-container>
        
            <lido-container disable-speak="true" lang="en" id="lido-container" tab-index="1" value="maincontainer" template-id="palegramcqimages" objective="Pigeon" aria-label="This is a multiple-option question. Select one option from the list." height="100vh" width="100vw" x="0" y="0" z="0" bg-color="transparent" bg-image="template-assets/bg-images/file-b13ns62n.png" visible="true" audio="background1.mp3" onTouch="" onCorrect="lido-avatar.avatarAnimate='Success'; this.sleep='2000';" onEntry="" onInCorrect="lido-avatar.avatarAnimate='Fail'; this.sleep='2000';" show-check="false" is-continue-on-correct="false" is-allow-only-correct="false">

                
                <lido-cell layout="pos" id="pos1" disable-edit="true" value="pos1" height="350px" width="350px" x="landscape.1228px, portrait.273px" y="landscape.125px, portrait.1200px" aria-hidden="true" z="2" bg-color="transparent" type="" visible="true" audio="" onTouch="" onCorrect="" onEntry="this.lineHeight='1.2';this.animation='leftToPlace 1.5s linear';">
                    <lido-avatar id="lido-avatar" disable-edit="true" visible="true" height="350px" width="350px" src="template-assets/images/file-ntn79pcn.riv" alt-text="{chimpleCharacterRive}" bg-color="transparent">
                    </lido-avatar>
                    <lido-image id="image1" disable-edit="true" value="image1" visible="true" src="template-assets/images/file-mpmmhhz2.png" bg-color="transparent" width="186px" height="40px" x="77px" y="302px" alt-text="{shadowImgae}">
                    </lido-image>
                </lido-cell>


                <lido-cell visible="true" layout="col" width="100%" height="100%" bg-color="transparent">
                    
                    <lido-cell layout="flex" visible="true" width="518px" height="landscape.198px, portrait.25%" bg-color="#FFF5BB" onEntry="this.lineHeight='1.2';this.justifyContent='center'; this.borderRadius='16px'; this.alignContent='center'; this.animation='topToPlace 0.5s linear';" margin="landscape.75px 0px 0px 0px, portrait.0px 0px 0px 0px">
                        <lido-text id="textA" value="Pigeon" visible="true" width="1000px" height="100px" onEntry="this.lineHeight='1.2';this.boxShadow='unset'; this.fontWeight='700';" string="Pigeon" font-family="'Baloo 2', serif" font-size="90px" font-color="black" bg-color="transparent" z="0" x="25px" y="20px" onTouch="this.speak='true';" />
                    </lido-cell>
                    
                    
                    <lido-cell layout="flex" visible="true" width="116%" height="90%" bg-color="transparent" onEntry="this.lineHeight='1.2';this.justifyContent='center'; this.alignContent='center'; this.animation='bottomToPlace 1s linear';" margin="landscape.-60px 0px -210px 0px, portrait.0px 0px 0px 0px">
                        <lido-cell visible="true" layout="landscape.row, portrait.wrap" width="landscape.85%, portrait.73%" height="landscape.100%, portrait.auto" bg-color="transparent" gap="landscape.30px, portrait.55px" onEntry="this.lineHeight='1.2';">
                            <lido-cell type="click" disable-speak="true" visible="true" layout="col" width="landscape.25%, portrait.100%" value="Parrot" height="50%" onEntry="this.lineHeight='1.2';this.borderRadius='25px'; this.padding='9px';" onTouch="this.speak='true';">
                                <lido-image visible="true" src="game-assets/images/file-it34d7ye.jpg" width="90%" height="auto" border-radius="25px" onEntry="this.lineHeight='1.2';this.marginTop='10px';" />
                            </lido-cell>
                            <lido-cell type="click" disable-speak="true" visible="true" layout="col" width="landscape.25%, portrait.100%" value="$Peacock" height="50%" onEntry="this.lineHeight='1.2';this.borderRadius='25px'; this.padding='9px';" onTouch="this.speak='true';">
                                <lido-image visible="true" src="game-assets/images/file-cao7nm35.jpg" width="90%" height="auto" border-radius="25px" onEntry="this.lineHeight='1.2';this.marginTop='10px';" />
                            </lido-cell>
                            <lido-cell type="click" disable-speak="true" visible="true" layout="col" width="landscape.25%, portrait.100%" value="Sparrow" height="50%" onEntry="this.lineHeight='1.2';this.borderRadius='25px'; this.padding='9px';" margin="landscape.0, portrait.20px 0 0 0" onTouch="this.speak='true';">
                                <lido-image visible="true" src="game-assets/images/file-0mqyrzxi.jpg" width="90%" height="auto" border-radius="25px" onEntry="this.lineHeight='1.2';this.marginTop='10px';" />
                            </lido-cell>
                            <lido-cell type="click" disable-speak="true" visible="true" layout="col" width="landscape.25%, portrait.100%" value="Pigeon" height="50%" onEntry="this.lineHeight='1.2';this.borderRadius='25px'; this.padding='9px';" margin="landscape.0, portrait.20px 0 0 0" onTouch="this.speak='true';">
                                <lido-image visible="true" src="game-assets/images/file-y6n2s00r.jpg" width="90%" height="auto" border-radius="25px" onEntry="this.lineHeight='1.2';this.marginTop='10px';" />
                            </lido-cell>
                        </lido-cell>
                    </lido-cell>
                    
                    <lido-cell layout="flex" height="30%" width="100%" x="landscape.-50px, portrait.100px" y="507px" z="2" bg-color="transparent" visible="landscape.false, portrait.true" onEntry="this.lineHeight='1.2';this.justifyContent='center'; this.alignContent='center'; this.animation='leftToPlace 1.5s linear'; ">
                        
                    </lido-cell>

                </lido-cell>
            </lido-container>
        
            <lido-container disable-speak="true" lang="en" id="lido-container" tab-index="1" value="maincontainer" template-id="palegramcqimages" objective="Potato" aria-label="This is a multiple-option question. Select one option from the list." height="100vh" width="100vw" x="0" y="0" z="0" bg-color="transparent" bg-image="template-assets/bg-images/file-b13ns62n.png" visible="true" audio="background1.mp3" onTouch="" onCorrect="lido-avatar.avatarAnimate='Success'; this.sleep='2000';" onEntry="" onInCorrect="lido-avatar.avatarAnimate='Fail'; this.sleep='2000';" show-check="false" is-continue-on-correct="false" is-allow-only-correct="false">

                
                <lido-cell layout="pos" id="pos1" disable-edit="true" value="pos1" height="350px" width="350px" x="landscape.1228px, portrait.273px" y="landscape.125px, portrait.1200px" aria-hidden="true" z="2" bg-color="transparent" type="" visible="true" audio="" onTouch="" onCorrect="" onEntry="this.lineHeight='1.2';this.animation='leftToPlace 1.5s linear';">
                    <lido-avatar id="lido-avatar" disable-edit="true" visible="true" height="350px" width="350px" src="template-assets/images/file-ntn79pcn.riv" alt-text="{chimpleCharacterRive}" bg-color="transparent">
                    </lido-avatar>
                    <lido-image id="image1" disable-edit="true" value="image1" visible="true" src="template-assets/images/file-mpmmhhz2.png" bg-color="transparent" width="186px" height="40px" x="77px" y="302px" alt-text="{shadowImgae}">
                    </lido-image>
                </lido-cell>


                <lido-cell visible="true" layout="col" width="100%" height="100%" bg-color="transparent">
                    
                    <lido-cell layout="flex" visible="true" width="518px" height="landscape.198px, portrait.25%" bg-color="#FFF5BB" onEntry="this.lineHeight='1.2';this.justifyContent='center'; this.borderRadius='16px'; this.alignContent='center'; this.animation='topToPlace 0.5s linear';" margin="landscape.75px 0px 0px 0px, portrait.0px 0px 0px 0px">
                        <lido-text id="textA" value="Potato" visible="true" width="1000px" height="100px" onEntry="this.lineHeight='1.2';this.boxShadow='unset'; this.fontWeight='700';" string="Potato" font-family="'Baloo 2', serif" font-size="90px" font-color="black" bg-color="transparent" z="0" x="25px" y="20px" onTouch="this.speak='true';" />
                    </lido-cell>
                    
                    
                    <lido-cell layout="flex" visible="true" width="116%" height="90%" bg-color="transparent" onEntry="this.lineHeight='1.2';this.justifyContent='center'; this.alignContent='center'; this.animation='bottomToPlace 1s linear';" margin="landscape.-60px 0px -210px 0px, portrait.0px 0px 0px 0px">
                        <lido-cell visible="true" layout="landscape.row, portrait.wrap" width="landscape.85%, portrait.73%" height="landscape.100%, portrait.auto" bg-color="transparent" gap="landscape.30px, portrait.55px" onEntry="this.lineHeight='1.2';">
                            <lido-cell type="click" disable-speak="true" visible="true" layout="col" width="landscape.25%, portrait.100%" value="Tomato" height="50%" onEntry="this.lineHeight='1.2';this.borderRadius='25px'; this.padding='9px';" onTouch="this.speak='true';">
                                <lido-image visible="true" src="game-assets/images/file-vdzh54ms.jpg" width="90%" height="auto" border-radius="25px" onEntry="this.lineHeight='1.2';this.marginTop='10px';" />
                            </lido-cell>
                            <lido-cell type="click" disable-speak="true" visible="true" layout="col" width="landscape.25%, portrait.100%" value="$Carrot" height="50%" onEntry="this.lineHeight='1.2';this.borderRadius='25px'; this.padding='9px';" onTouch="this.speak='true';">
                                <lido-image visible="true" src="game-assets/images/file-8x3fdby8.jpg" width="90%" height="auto" border-radius="25px" onEntry="this.lineHeight='1.2';this.marginTop='10px';" />
                            </lido-cell>
                            <lido-cell type="click" disable-speak="true" visible="true" layout="col" width="landscape.25%, portrait.100%" value="Cucumber" height="50%" onEntry="this.lineHeight='1.2';this.borderRadius='25px'; this.padding='9px';" margin="landscape.0, portrait.20px 0 0 0" onTouch="this.speak='true';">
                                <lido-image visible="true" src="game-assets/images/file-c4cn6uel.jpg" width="90%" height="auto" border-radius="25px" onEntry="this.lineHeight='1.2';this.marginTop='10px';" />
                            </lido-cell>
                            <lido-cell type="click" disable-speak="true" visible="true" layout="col" width="landscape.25%, portrait.100%" value="Onion" height="50%" onEntry="this.lineHeight='1.2';this.borderRadius='25px'; this.padding='9px';" margin="landscape.0, portrait.20px 0 0 0" onTouch="this.speak='true';">
                                <lido-image visible="true" src="game-assets/images/file-s1tkyq9q.jpg" width="90%" height="auto" border-radius="25px" onEntry="this.lineHeight='1.2';this.marginTop='10px';" />
                            </lido-cell>
                        </lido-cell>
                    </lido-cell>
                    
                    <lido-cell layout="flex" height="30%" width="100%" x="landscape.-50px, portrait.100px" y="507px" z="2" bg-color="transparent" visible="landscape.false, portrait.true" onEntry="this.lineHeight='1.2';this.justifyContent='center'; this.alignContent='center'; this.animation='leftToPlace 1.5s linear'; ">
                        
                    </lido-cell>

                </lido-cell>
            </lido-container>
        
            <lido-container disable-speak="true" lang="en" id="lido-container" tab-index="1" value="maincontainer" template-id="palegramcqimages" objective="Teacher" aria-label="This is a multiple-option question. Select one option from the list." height="100vh" width="100vw" x="0" y="0" z="0" bg-color="transparent" bg-image="template-assets/bg-images/file-b13ns62n.png" visible="true" audio="background1.mp3" onTouch="" onCorrect="lido-avatar.avatarAnimate='Success'; this.sleep='2000';" onEntry="" onInCorrect="lido-avatar.avatarAnimate='Fail'; this.sleep='2000';" show-check="false" is-continue-on-correct="false" is-allow-only-correct="false">

                
                <lido-cell layout="pos" id="pos1" disable-edit="true" value="pos1" height="350px" width="350px" x="landscape.1228px, portrait.273px" y="landscape.125px, portrait.1200px" aria-hidden="true" z="2" bg-color="transparent" type="" visible="true" audio="" onTouch="" onCorrect="" onEntry="this.lineHeight='1.2';this.animation='leftToPlace 1.5s linear';">
                    <lido-avatar id="lido-avatar" disable-edit="true" visible="true" height="350px" width="350px" src="template-assets/images/file-ntn79pcn.riv" alt-text="{chimpleCharacterRive}" bg-color="transparent">
                    </lido-avatar>
                    <lido-image id="image1" disable-edit="true" value="image1" visible="true" src="template-assets/images/file-mpmmhhz2.png" bg-color="transparent" width="186px" height="40px" x="77px" y="302px" alt-text="{shadowImgae}">
                    </lido-image>
                </lido-cell>


                <lido-cell visible="true" layout="col" width="100%" height="100%" bg-color="transparent">
                    
                    <lido-cell layout="flex" visible="true" width="518px" height="landscape.198px, portrait.25%" bg-color="#FFF5BB" onEntry="this.lineHeight='1.2';this.justifyContent='center'; this.borderRadius='16px'; this.alignContent='center'; this.animation='topToPlace 0.5s linear';" margin="landscape.75px 0px 0px 0px, portrait.0px 0px 0px 0px">
                        <lido-text id="textA" value="Teacher" visible="true" width="1000px" height="100px" onEntry="this.lineHeight='1.2';this.boxShadow='unset'; this.fontWeight='700';" string="Teacher" font-family="'Baloo 2', serif" font-size="90px" font-color="black" bg-color="transparent" z="0" x="25px" y="20px" onTouch="this.speak='true';" />
                    </lido-cell>
                    
                    
                    <lido-cell layout="flex" visible="true" width="116%" height="90%" bg-color="transparent" onEntry="this.lineHeight='1.2';this.justifyContent='center'; this.alignContent='center'; this.animation='bottomToPlace 1s linear';" margin="landscape.-60px 0px -210px 0px, portrait.0px 0px 0px 0px">
                        <lido-cell visible="true" layout="landscape.row, portrait.wrap" width="landscape.85%, portrait.73%" height="landscape.100%, portrait.auto" bg-color="transparent" gap="landscape.30px, portrait.55px" onEntry="this.lineHeight='1.2';">
                            <lido-cell type="click" disable-speak="true" visible="true" layout="col" width="landscape.25%, portrait.100%" value="Doctor" height="50%" onEntry="this.lineHeight='1.2';this.borderRadius='25px'; this.padding='9px';" onTouch="this.speak='true';">
                                <lido-image visible="true" src="game-assets/images/file-bn3ffr2j.jpg" width="90%" height="auto" border-radius="25px" onEntry="this.lineHeight='1.2';this.marginTop='10px';" />
                            </lido-cell>
                            <lido-cell type="click" disable-speak="true" visible="true" layout="col" width="landscape.25%, portrait.100%" value="$Police" height="50%" onEntry="this.lineHeight='1.2';this.borderRadius='25px'; this.padding='9px';" onTouch="this.speak='true';">
                                <lido-image visible="true" src="game-assets/images/file-l4jzpwku.jpg" width="90%" height="auto" border-radius="25px" onEntry="this.lineHeight='1.2';this.marginTop='10px';" />
                            </lido-cell>
                            <lido-cell type="click" disable-speak="true" visible="true" layout="col" width="landscape.25%, portrait.100%" value="Farmer" height="50%" onEntry="this.lineHeight='1.2';this.borderRadius='25px'; this.padding='9px';" margin="landscape.0, portrait.20px 0 0 0" onTouch="this.speak='true';">
                                <lido-image visible="true" src="game-assets/images/file-avx4x3dc.jpg" width="90%" height="auto" border-radius="25px" onEntry="this.lineHeight='1.2';this.marginTop='10px';" />
                            </lido-cell>
                            <lido-cell type="click" disable-speak="true" visible="true" layout="col" width="landscape.25%, portrait.100%" value="Teacher" height="50%" onEntry="this.lineHeight='1.2';this.borderRadius='25px'; this.padding='9px';" margin="landscape.0, portrait.20px 0 0 0" onTouch="this.speak='true';">
                                <lido-image visible="true" src="game-assets/images/file-g273i8ok.jpg" width="90%" height="auto" border-radius="25px" onEntry="this.lineHeight='1.2';this.marginTop='10px';" />
                            </lido-cell>
                        </lido-cell>
                    </lido-cell>
                    
                    <lido-cell layout="flex" height="30%" width="100%" x="landscape.-50px, portrait.100px" y="507px" z="2" bg-color="transparent" visible="landscape.false, portrait.true" onEntry="this.lineHeight='1.2';this.justifyContent='center'; this.alignContent='center'; this.animation='leftToPlace 1.5s linear'; ">
                        
                    </lido-cell>

                </lido-cell>
            </lido-container>
        
        <lido-container lang="en" disable-speak="true" template-id="pictureClues" visible="true" id="lido-container" objective="horse" bg-image="template-assets/bg-images/file-hsh8lqh2.png" onInCorrect="lido-avatar.avatarAnimate='Fail';this.sleep='2000';" onCorrect="lido-avatar.avatarAnimate='Success';this.sleep='2000';" is-continue-on-correct="false" is-allow-only-correct="false" onEntry="xy.speak='true';">

    
    <lido-cell layout="pos" id="pos1" disable-edit="true" value="pos2" height="landscape.344px,portrait.402px" width="landscape.296px,portrait.398px" x="landscape.85%, portrait.28%" y="landscape.21%, portrait.77%" aria-hidden="true" z="1" bg-color="transparent" visible="true">
        <lido-avatar id="lido-avatar" disable-edit="true" visible="true" height="100%" width="100%" src="template-assets/images/file-u44n2ikh.riv" alt-text="">
        </lido-avatar>
    </lido-cell>

    
   
    <lido-cell visible="true" layout="col" height="85%" width="98%" bg-color="transparent" margin="61px 0px -58px 0px">
        <lido-cell layout="row" visible="true" height="330px" width="330px" bg-color="transparent">
            <lido-image tab-index="8" visible="true" height="auto" width="auto" src="game-assets/images/file-lnsxtqnc.jpg" />
    
            </lido-cell>
        <lido-cell layout="row" audio="game-assets/audio/file-p2lcz96c.mp3" id="xy" tabindex="111" visible="true" height="270px" width="auto" bg-color="transparent">
         <lido-text visible="true" audio="game-assets/audio/file-yvkf5u5i.mp3" height="100px" tab-index="121" width="auto" id="text1" string="The" font-family="'Baloo Bhai 2'" font-color="black" font-size="80px" bg-color="transparent" onEntry="this.lineHeight='1.2';   this.font-weight='700'; this.border-radius='16px'; this.margin-right='40px';   " />
    <lido-text type="drop" is-allow-only-one-drop="true" audio="game-assets/audio/file-7akaueto.mp3" drop-attr="stretch" tab-index="122" value="horse" id="answer" visible="true" height="136px" width="200px" onEntry="this.lineHeight='1.2'; this.margin-right='40px';    this.border-radius='16px';  " />
    <lido-text visible="true" audio="game-assets/audio/file-fxo7imbo.mp3" height="100px" tab-index="123" width="auto" id="text2" string="runs very fast." font-family="'Baloo Bhai 2'" font-color="black" font-size="80px" bg-color="transparent" onEntry="this.lineHeight='1.2';    this.font-weight='700';   this.border-radius='16px'; this.margin-right='40px'; " />
        </lido-cell>
        <lido-cell layout="row" visible="true" height="270px" width="100%" bg-color="transparent" onEntry="this.lineHeight='1.2';this.align-items='center';this.justify-content='space-around';">
           
            <lido-text visible="true" audio="https://aeakbcdznktpsbrfsgys.supabase.co/storage/v1/object/public/template-assets/fill-upAudio.mp3" height="136px" width="auto" disable-speak="true" type="drag" id="drag1" tab-index="2" string="she" value="she" font-family="'Baloo Bhai 2'" font-color="black" font-size="80px" bg-color="#FFAC4C" onEntry="this.lineHeight='1.2';this.font-weight='700';this.padding='10px 45px';this.border-radius='16px';" />
            
            <lido-text visible="true" audio="https://aeakbcdznktpsbrfsgys.supabase.co/storage/v1/object/public/template-assets/fill-upAudio.mp3" height="136px" width="auto" disable-speak="true" type="drag" id="drag2" tab-index="3" string="horse" value="horse" font-family="'Baloo Bhai 2'" font-color="black" font-size="80px" bg-color="#FFAC4C" onEntry="this.lineHeight='1.2';this.font-weight='700';this.padding='10px 45px';this.border-radius='16px';" />
            
            <lido-text visible="true" audio="https://aeakbcdznktpsbrfsgys.supabase.co/storage/v1/object/public/template-assets/fill-upAudio.mp3" height="136px" width="auto" disable-speak="true" type="drag" id="drag3" tab-index="4" string="I" value="I" font-family="'Baloo Bhai 2'" font-color="black" font-size="80px" bg-color="#FFAC4C" onEntry="this.lineHeight='1.2';this.font-weight='700';this.padding='10px 45px';this.border-radius='16px';" />
            
            <lido-text visible="true" audio="https://aeakbcdznktpsbrfsgys.supabase.co/storage/v1/object/public/template-assets/fill-upAudio.mp3" height="136px" width="auto" disable-speak="true" type="drag" id="drag4" tab-index="5" string="they" value="they" font-family="'Baloo Bhai 2'" font-color="black" font-size="80px" bg-color="#FFAC4C" onEntry="this.lineHeight='1.2';this.font-weight='700';this.padding='10px 45px';this.border-radius='16px';" />
            
            <lido-text visible="true" audio="https://aeakbcdznktpsbrfsgys.supabase.co/storage/v1/object/public/template-assets/fill-upAudio.mp3" height="136px" width="auto" disable-speak="true" type="drag" id="drag5" tab-index="6" string="we" value="we" font-family="'Baloo Bhai 2'" font-color="black" font-size="80px" bg-color="#FFAC4C" onEntry="this.lineHeight='1.2';this.font-weight='700';this.padding='10px 45px';this.border-radius='16px';" />
            
        </lido-cell>
    </lido-cell>

</lido-container>
        
        <lido-container lang="en" disable-speak="true" template-id="pictureClues" visible="true" id="lido-container" objective="Birds" bg-image="template-assets/bg-images/file-hsh8lqh2.png" onInCorrect="lido-avatar.avatarAnimate='Fail';this.sleep='2000';" onCorrect="lido-avatar.avatarAnimate='Success';this.sleep='2000';" is-continue-on-correct="false" is-allow-only-correct="false" onEntry="xy.speak='true';">

    
    <lido-cell layout="pos" id="pos1" disable-edit="true" value="pos2" height="landscape.344px,portrait.402px" width="landscape.296px,portrait.398px" x="landscape.85%, portrait.28%" y="landscape.21%, portrait.77%" aria-hidden="true" z="1" bg-color="transparent" visible="true">
        <lido-avatar id="lido-avatar" disable-edit="true" visible="true" height="100%" width="100%" src="template-assets/images/file-u44n2ikh.riv" alt-text="">
        </lido-avatar>
    </lido-cell>

    
   
    <lido-cell visible="true" layout="col" height="85%" width="98%" bg-color="transparent" margin="61px 0px -58px 0px">
        <lido-cell layout="row" visible="true" height="330px" width="330px" bg-color="transparent">
            <lido-image tab-index="8" visible="true" height="auto" width="auto" src="game-assets/images/file-8m1dd2ef.jpg" />
    
            </lido-cell>
        <lido-cell layout="row" audio="game-assets/audio/file-31bw57im.mp3" id="xy" tabindex="111" visible="true" height="270px" width="auto" bg-color="transparent">
         <lido-text visible="true" audio="game-assets/audio/file-xiufa9ub.mp3" height="100px" tab-index="121" width="auto" id="text1" string="" font-family="'Baloo Bhai 2'" font-color="black" font-size="80px" bg-color="transparent" onEntry="this.lineHeight='1.2';   this.font-weight='700'; this.border-radius='16px'; this.margin-right='40px';   " />
    <lido-text type="drop" is-allow-only-one-drop="true" audio="game-assets/audio/file-7akaueto.mp3" drop-attr="stretch" tab-index="122" value="Birds" id="answer" visible="true" height="136px" width="200px" onEntry="this.lineHeight='1.2'; this.margin-right='40px';    this.border-radius='16px';  " />
    <lido-text visible="true" audio="" height="100px" tab-index="123" width="auto" id="text2" string="fly in the sky." font-family="'Baloo Bhai 2'" font-color="black" font-size="80px" bg-color="transparent" onEntry="this.lineHeight='1.2';    this.font-weight='700';   this.border-radius='16px'; this.margin-right='40px'; " />
        </lido-cell>
        <lido-cell layout="row" visible="true" height="270px" width="100%" bg-color="transparent" onEntry="this.lineHeight='1.2';this.align-items='center';this.justify-content='space-around';">
           
            <lido-text visible="true" audio="https://aeakbcdznktpsbrfsgys.supabase.co/storage/v1/object/public/template-assets/fill-upAudio.mp3" height="136px" width="auto" disable-speak="true" type="drag" id="drag1" tab-index="2" string="Tiger" value="Tiger" font-family="'Baloo Bhai 2'" font-color="black" font-size="80px" bg-color="#FFAC4C" onEntry="this.lineHeight='1.2';this.font-weight='700';this.padding='10px 45px';this.border-radius='16px';" />
            
            <lido-text visible="true" audio="https://aeakbcdznktpsbrfsgys.supabase.co/storage/v1/object/public/template-assets/fill-upAudio.mp3" height="136px" width="auto" disable-speak="true" type="drag" id="drag2" tab-index="3" string="Stone" value="Stone" font-family="'Baloo Bhai 2'" font-color="black" font-size="80px" bg-color="#FFAC4C" onEntry="this.lineHeight='1.2';this.font-weight='700';this.padding='10px 45px';this.border-radius='16px';" />
            
            <lido-text visible="true" audio="https://aeakbcdznktpsbrfsgys.supabase.co/storage/v1/object/public/template-assets/fill-upAudio.mp3" height="136px" width="auto" disable-speak="true" type="drag" id="drag3" tab-index="4" string="Ant" value="Ant" font-family="'Baloo Bhai 2'" font-color="black" font-size="80px" bg-color="#FFAC4C" onEntry="this.lineHeight='1.2';this.font-weight='700';this.padding='10px 45px';this.border-radius='16px';" />
            
            <lido-text visible="true" audio="https://aeakbcdznktpsbrfsgys.supabase.co/storage/v1/object/public/template-assets/fill-upAudio.mp3" height="136px" width="auto" disable-speak="true" type="drag" id="drag4" tab-index="5" string="Elephant" value="Elephant" font-family="'Baloo Bhai 2'" font-color="black" font-size="80px" bg-color="#FFAC4C" onEntry="this.lineHeight='1.2';this.font-weight='700';this.padding='10px 45px';this.border-radius='16px';" />
            
            <lido-text visible="true" audio="https://aeakbcdznktpsbrfsgys.supabase.co/storage/v1/object/public/template-assets/fill-upAudio.mp3" height="136px" width="auto" disable-speak="true" type="drag" id="drag5" tab-index="6" string="Birds" value="Birds" font-family="'Baloo Bhai 2'" font-color="black" font-size="80px" bg-color="#FFAC4C" onEntry="this.lineHeight='1.2';this.font-weight='700';this.padding='10px 45px';this.border-radius='16px';" />
            
        </lido-cell>
    </lido-cell>

</lido-container>
        
        <lido-container lang="en" disable-speak="true" template-id="pictureClues" visible="true" id="lido-container" objective="the" bg-image="template-assets/bg-images/file-hsh8lqh2.png" onInCorrect="lido-avatar.avatarAnimate='Fail';this.sleep='2000';" onCorrect="lido-avatar.avatarAnimate='Success';this.sleep='2000';" is-continue-on-correct="false" is-allow-only-correct="false" onEntry="xy.speak='true';">

    
    <lido-cell layout="pos" id="pos1" disable-edit="true" value="pos2" height="landscape.344px,portrait.402px" width="landscape.296px,portrait.398px" x="landscape.85%, portrait.28%" y="landscape.21%, portrait.77%" aria-hidden="true" z="1" bg-color="transparent" visible="true">
        <lido-avatar id="lido-avatar" disable-edit="true" visible="true" height="100%" width="100%" src="template-assets/images/file-u44n2ikh.riv" alt-text="">
        </lido-avatar>
    </lido-cell>

    
   
    <lido-cell visible="true" layout="col" height="85%" width="98%" bg-color="transparent" margin="61px 0px -58px 0px">
        <lido-cell layout="row" visible="true" height="330px" width="330px" bg-color="transparent">
            <lido-image tab-index="8" visible="true" height="auto" width="auto" src="game-assets/images/file-y2mrluic.jpg" />
    
            </lido-cell>
        <lido-cell layout="row" audio="game-assets/audio/file-9oz8hx8n.mp3" id="xy" tabindex="111" visible="true" height="270px" width="auto" bg-color="transparent">
         <lido-text visible="true" audio="game-assets/audio/file-l11c0gip.mp3" height="100px" tab-index="121" width="auto" id="text1" string="We play in" font-family="'Baloo Bhai 2'" font-color="black" font-size="80px" bg-color="transparent" onEntry="this.lineHeight='1.2';   this.font-weight='700'; this.border-radius='16px'; this.margin-right='40px';   " />
    <lido-text type="drop" is-allow-only-one-drop="true" audio="game-assets/audio/file-7akaueto.mp3" drop-attr="stretch" tab-index="122" value="the" id="answer" visible="true" height="136px" width="200px" onEntry="this.lineHeight='1.2'; this.margin-right='40px';    this.border-radius='16px';  " />
    <lido-text visible="true" audio="game-assets/audio/file-4bv36wzp.mp3" height="100px" tab-index="123" width="auto" id="text2" string="park." font-family="'Baloo Bhai 2'" font-color="black" font-size="80px" bg-color="transparent" onEntry="this.lineHeight='1.2';    this.font-weight='700';   this.border-radius='16px'; this.margin-right='40px'; " />
        </lido-cell>
        <lido-cell layout="row" visible="true" height="270px" width="100%" bg-color="transparent" onEntry="this.lineHeight='1.2';this.align-items='center';this.justify-content='space-around';">
           
            <lido-text visible="true" audio="https://aeakbcdznktpsbrfsgys.supabase.co/storage/v1/object/public/template-assets/fill-upAudio.mp3" height="136px" width="auto" disable-speak="true" type="drag" id="drag1" tab-index="2" string="of" value="of" font-family="'Baloo Bhai 2'" font-color="black" font-size="80px" bg-color="#FFAC4C" onEntry="this.lineHeight='1.2';this.font-weight='700';this.padding='10px 45px';this.border-radius='16px';" />
            
            <lido-text visible="true" audio="https://aeakbcdznktpsbrfsgys.supabase.co/storage/v1/object/public/template-assets/fill-upAudio.mp3" height="136px" width="auto" disable-speak="true" type="drag" id="drag2" tab-index="3" string="the" value="the" font-family="'Baloo Bhai 2'" font-color="black" font-size="80px" bg-color="#FFAC4C" onEntry="this.lineHeight='1.2';this.font-weight='700';this.padding='10px 45px';this.border-radius='16px';" />
            
            <lido-text visible="true" audio="https://aeakbcdznktpsbrfsgys.supabase.co/storage/v1/object/public/template-assets/fill-upAudio.mp3" height="136px" width="auto" disable-speak="true" type="drag" id="drag3" tab-index="4" string="their" value="their" font-family="'Baloo Bhai 2'" font-color="black" font-size="80px" bg-color="#FFAC4C" onEntry="this.lineHeight='1.2';this.font-weight='700';this.padding='10px 45px';this.border-radius='16px';" />
            
            <lido-text visible="true" audio="https://aeakbcdznktpsbrfsgys.supabase.co/storage/v1/object/public/template-assets/fill-upAudio.mp3" height="136px" width="auto" disable-speak="true" type="drag" id="drag4" tab-index="5" string="an" value="an" font-family="'Baloo Bhai 2'" font-color="black" font-size="80px" bg-color="#FFAC4C" onEntry="this.lineHeight='1.2';this.font-weight='700';this.padding='10px 45px';this.border-radius='16px';" />
            
            <lido-text visible="true" audio="https://aeakbcdznktpsbrfsgys.supabase.co/storage/v1/object/public/template-assets/fill-upAudio.mp3" height="136px" width="auto" disable-speak="true" type="drag" id="drag5" tab-index="6" string="on" value="on" font-family="'Baloo Bhai 2'" font-color="black" font-size="80px" bg-color="#FFAC4C" onEntry="this.lineHeight='1.2';this.font-weight='700';this.padding='10px 45px';this.border-radius='16px';" />
            
        </lido-cell>
    </lido-cell>

</lido-container>
        
        <lido-container lang="en" disable-speak="true" template-id="pictureClues" visible="true" id="lido-container" objective="because" bg-image="template-assets/bg-images/file-hsh8lqh2.png" onInCorrect="lido-avatar.avatarAnimate='Fail';this.sleep='2000';" onCorrect="lido-avatar.avatarAnimate='Success';this.sleep='2000';" is-continue-on-correct="false" is-allow-only-correct="false" onEntry="xy.speak='true';">

    
    <lido-cell layout="pos" id="pos1" disable-edit="true" value="pos2" height="landscape.344px,portrait.402px" width="landscape.296px,portrait.398px" x="landscape.85%, portrait.28%" y="landscape.21%, portrait.77%" aria-hidden="true" z="1" bg-color="transparent" visible="true">
        <lido-avatar id="lido-avatar" disable-edit="true" visible="true" height="100%" width="100%" src="template-assets/images/file-u44n2ikh.riv" alt-text="">
        </lido-avatar>
    </lido-cell>

    
   
    <lido-cell visible="true" layout="col" height="85%" width="98%" bg-color="transparent" margin="61px 0px -58px 0px">
        <lido-cell layout="row" visible="true" height="330px" width="330px" bg-color="transparent">
            <lido-image tab-index="8" visible="true" height="auto" width="auto" src="game-assets/images/file-gs8g5019.jpg" />
    
            </lido-cell>
        <lido-cell layout="row" audio="game-assets/audio/file-xt5cbb7c.mp3" id="xy" tabindex="111" visible="true" height="270px" width="auto" bg-color="transparent">
         <lido-text visible="true" audio="game-assets/audio/file-8deckic3.mp3" height="100px" tab-index="121" width="auto" id="text1" string="We stayed home" font-family="'Baloo Bhai 2'" font-color="black" font-size="80px" bg-color="transparent" onEntry="this.lineHeight='1.2';   this.font-weight='700'; this.border-radius='16px'; this.margin-right='40px';   " />
    <lido-text type="drop" is-allow-only-one-drop="true" audio="game-assets/audio/file-7akaueto.mp3" drop-attr="stretch" tab-index="122" value="because" id="answer" visible="true" height="136px" width="200px" onEntry="this.lineHeight='1.2'; this.margin-right='40px';    this.border-radius='16px';  " />
    <lido-text visible="true" audio="game-assets/audio/file-vcptvski.mp3" height="100px" tab-index="123" width="auto" id="text2" string="it rained." font-family="'Baloo Bhai 2'" font-color="black" font-size="80px" bg-color="transparent" onEntry="this.lineHeight='1.2';    this.font-weight='700';   this.border-radius='16px'; this.margin-right='40px'; " />
        </lido-cell>
        <lido-cell layout="row" visible="true" height="270px" width="100%" bg-color="transparent" onEntry="this.lineHeight='1.2';this.align-items='center';this.justify-content='space-around';">
           
            <lido-text visible="true" audio="https://aeakbcdznktpsbrfsgys.supabase.co/storage/v1/object/public/template-assets/fill-upAudio.mp3" height="136px" width="auto" disable-speak="true" type="drag" id="drag1" tab-index="2" string="sorry" value="sorry" font-family="'Baloo Bhai 2'" font-color="black" font-size="80px" bg-color="#FFAC4C" onEntry="this.lineHeight='1.2';this.font-weight='700';this.padding='10px 45px';this.border-radius='16px';" />
            
            <lido-text visible="true" audio="https://aeakbcdznktpsbrfsgys.supabase.co/storage/v1/object/public/template-assets/fill-upAudio.mp3" height="136px" width="auto" disable-speak="true" type="drag" id="drag2" tab-index="3" string="where" value="where" font-family="'Baloo Bhai 2'" font-color="black" font-size="80px" bg-color="#FFAC4C" onEntry="this.lineHeight='1.2';this.font-weight='700';this.padding='10px 45px';this.border-radius='16px';" />
            
            <lido-text visible="true" audio="https://aeakbcdznktpsbrfsgys.supabase.co/storage/v1/object/public/template-assets/fill-upAudio.mp3" height="136px" width="auto" disable-speak="true" type="drag" id="drag3" tab-index="4" string="because" value="because" font-family="'Baloo Bhai 2'" font-color="black" font-size="80px" bg-color="#FFAC4C" onEntry="this.lineHeight='1.2';this.font-weight='700';this.padding='10px 45px';this.border-radius='16px';" />
            
            <lido-text visible="true" audio="https://aeakbcdznktpsbrfsgys.supabase.co/storage/v1/object/public/template-assets/fill-upAudio.mp3" height="136px" width="auto" disable-speak="true" type="drag" id="drag4" tab-index="5" string="tomorrow" value="tomorrow" font-family="'Baloo Bhai 2'" font-color="black" font-size="80px" bg-color="#FFAC4C" onEntry="this.lineHeight='1.2';this.font-weight='700';this.padding='10px 45px';this.border-radius='16px';" />
            
            <lido-text visible="true" audio="https://aeakbcdznktpsbrfsgys.supabase.co/storage/v1/object/public/template-assets/fill-upAudio.mp3" height="136px" width="auto" disable-speak="true" type="drag" id="drag5" tab-index="6" string="anyone" value="anyone" font-family="'Baloo Bhai 2'" font-color="black" font-size="80px" bg-color="#FFAC4C" onEntry="this.lineHeight='1.2';this.font-weight='700';this.padding='10px 45px';this.border-radius='16px';" />
            
        </lido-cell>
    </lido-cell>

</lido-container>
        
        <lido-container lang="en" disable-speak="true" template-id="pictureClues" visible="true" id="lido-container" objective="since" bg-image="template-assets/bg-images/file-hsh8lqh2.png" onInCorrect="lido-avatar.avatarAnimate='Fail';this.sleep='2000';" onCorrect="lido-avatar.avatarAnimate='Success';this.sleep='2000';" is-continue-on-correct="false" is-allow-only-correct="false" onEntry="xy.speak='true';">

    
    <lido-cell layout="pos" id="pos1" disable-edit="true" value="pos2" height="landscape.344px,portrait.402px" width="landscape.296px,portrait.398px" x="landscape.85%, portrait.28%" y="landscape.21%, portrait.77%" aria-hidden="true" z="1" bg-color="transparent" visible="true">
        <lido-avatar id="lido-avatar" disable-edit="true" visible="true" height="100%" width="100%" src="template-assets/images/file-u44n2ikh.riv" alt-text="">
        </lido-avatar>
    </lido-cell>

    
   
    <lido-cell visible="true" layout="col" height="85%" width="98%" bg-color="transparent" margin="61px 0px -58px 0px">
        <lido-cell layout="row" visible="true" height="330px" width="330px" bg-color="transparent">
            <lido-image tab-index="8" visible="true" height="auto" width="auto" src="game-assets/images/file-1xado17j.jpg" />
    
            </lido-cell>
        <lido-cell layout="row" audio="game-assets/audio/file-ms1ywycu.mp3" id="xy" tabindex="111" visible="true" height="270px" width="auto" bg-color="transparent">
         <lido-text visible="true" audio="game-assets/audio/file-zgbckzle.mp3" height="100px" tab-index="121" width="auto" id="text1" string="She was happy" font-family="'Baloo Bhai 2'" font-color="black" font-size="80px" bg-color="transparent" onEntry="this.lineHeight='1.2';   this.font-weight='700'; this.border-radius='16px'; this.margin-right='40px';   " />
    <lido-text type="drop" is-allow-only-one-drop="true" audio="game-assets/audio/file-7akaueto.mp3" drop-attr="stretch" tab-index="122" value="since" id="answer" visible="true" height="136px" width="200px" onEntry="this.lineHeight='1.2'; this.margin-right='40px';    this.border-radius='16px';  " />
    <lido-text visible="true" audio="game-assets/audio/file-ukbbp5ew.mp3" height="100px" tab-index="123" width="auto" id="text2" string="she won." font-family="'Baloo Bhai 2'" font-color="black" font-size="80px" bg-color="transparent" onEntry="this.lineHeight='1.2';    this.font-weight='700';   this.border-radius='16px'; this.margin-right='40px'; " />
        </lido-cell>
        <lido-cell layout="row" visible="true" height="270px" width="100%" bg-color="transparent" onEntry="this.lineHeight='1.2';this.align-items='center';this.justify-content='space-around';">
           
            <lido-text visible="true" audio="https://aeakbcdznktpsbrfsgys.supabase.co/storage/v1/object/public/template-assets/fill-upAudio.mp3" height="136px" width="auto" disable-speak="true" type="drag" id="drag1" tab-index="2" string="there" value="there" font-family="'Baloo Bhai 2'" font-color="black" font-size="80px" bg-color="#FFAC4C" onEntry="this.lineHeight='1.2';this.font-weight='700';this.padding='10px 45px';this.border-radius='16px';" />
            
            <lido-text visible="true" audio="https://aeakbcdznktpsbrfsgys.supabase.co/storage/v1/object/public/template-assets/fill-upAudio.mp3" height="136px" width="auto" disable-speak="true" type="drag" id="drag2" tab-index="3" string="since" value="since" font-family="'Baloo Bhai 2'" font-color="black" font-size="80px" bg-color="#FFAC4C" onEntry="this.lineHeight='1.2';this.font-weight='700';this.padding='10px 45px';this.border-radius='16px';" />
            
            <lido-text visible="true" audio="https://aeakbcdznktpsbrfsgys.supabase.co/storage/v1/object/public/template-assets/fill-upAudio.mp3" height="136px" width="auto" disable-speak="true" type="drag" id="drag3" tab-index="4" string="wince" value="wince" font-family="'Baloo Bhai 2'" font-color="black" font-size="80px" bg-color="#FFAC4C" onEntry="this.lineHeight='1.2';this.font-weight='700';this.padding='10px 45px';this.border-radius='16px';" />
            
            <lido-text visible="true" audio="https://aeakbcdznktpsbrfsgys.supabase.co/storage/v1/object/public/template-assets/fill-upAudio.mp3" height="136px" width="auto" disable-speak="true" type="drag" id="drag4" tab-index="5" string="twice" value="twice" font-family="'Baloo Bhai 2'" font-color="black" font-size="80px" bg-color="#FFAC4C" onEntry="this.lineHeight='1.2';this.font-weight='700';this.padding='10px 45px';this.border-radius='16px';" />
            
            <lido-text visible="true" audio="https://aeakbcdznktpsbrfsgys.supabase.co/storage/v1/object/public/template-assets/fill-upAudio.mp3" height="136px" width="auto" disable-speak="true" type="drag" id="drag5" tab-index="6" string="who" value="who" font-family="'Baloo Bhai 2'" font-color="black" font-size="80px" bg-color="#FFAC4C" onEntry="this.lineHeight='1.2';this.font-weight='700';this.padding='10px 45px';this.border-radius='16px';" />
            
        </lido-cell>
    </lido-cell>

</lido-container>
        
<main>
    <lido-container disable-speak="true" id="lido-container" lang="en" is-continue-on-correct="false" template-id="palStoryMaking" is-allow-only-correct="false" objective="Rohan studies regularly for his exam.,He listens to his teacher in class.,He writes the exam well.,Rohan gets an A+ and feels happy." onCorrect="lido-avatar.avatarAnimate='Success'; this.sleep='2000';" onInCorrect="lido-avatar.avatarAnimate='Fail'; this.sleep='2000';" bg-image="template-assets/bg-images/file-4fdaju7w.png">

	
	<lido-cell layout="pos" id="pos1" disable-edit="true" value="pos2" height="landscape.300px,portrait.402px" width="landscape.250px,portrait.398px" x="landscape.68%, portrait.28%" y="landscape.600px, portrait.77%" aria-hidden="true" z="1" bg-color="transparent" visible="true" onEntry="this.lineHeight='1.2';">
		<lido-avatar id="lido-avatar" disable-edit="true" visible="true" height="100%" width="100%" src="template-assets/images/file-u44n2ikh.riv">
		</lido-avatar>
		<lido-image id="image" disableEdit="true" value="image" visible="true" src="template-assets/images/file-nfhg0ro4.png" bgColor="transparent" width="150px" height="27px" x="45px" y="235px">
		</lido-image>
	</lido-cell>
	
	<lido-cell visible="true" layout="row" width="97%" height="87%" bg-color="transparent" margin="70px 0 0 0">
		
		<lido-cell visible="true" layout="col" width="53%" height="100%" padding="0" bg-color="transparent">
            
			<lido-cell visible="true" layout="row" width="100%" height="22%" bg-color="transparent">
				<lido-image visible="true" width="160px" height="160px" bg-color="white" src="game-assets/images/file-g94zfglk.jpg" />
				<lido-text visible="true" value="Rohan studies regularly for his exam." id="drop1" tab-index="1" disable-speak="true" type="drop" is-allow-only-one-drop="true" width="630px" height="100px" bg-color="white" border-radius="16px" onCorrect="lido-avatar.avatarAnimate='Success';" />
			</lido-cell>
			<lido-cell visible="true" layout="row" width="100%" height="22%" bg-color="transparent">
				<lido-image visible="true" width="160px" height="160px" bg-color="white" src="game-assets/images/file-qz80srsn.jpg" />
				<lido-text visible="true" value="He listens to his teacher in class." id="drop2" tab-index="2" disable-speak="true" type="drop" is-allow-only-one-drop="true" width="630px" height="100px" bg-color="white" border-radius="16px" onCorrect="lido-avatar.avatarAnimate='Success';" />
			</lido-cell>
			<lido-cell visible="true" layout="row" width="100%" height="22%" bg-color="transparent">
				<lido-image visible="true" width="160px" height="160px" bg-color="white" src="game-assets/images/file-v0k6bupc.jpg" />
				<lido-text visible="true" value="He writes the exam well." id="drop3" tab-index="3" disable-speak="true" type="drop" is-allow-only-one-drop="true" width="630px" height="100px" bg-color="white" border-radius="16px" onCorrect="lido-avatar.avatarAnimate='Success';" />
			</lido-cell>
			<lido-cell visible="true" layout="row" width="100%" height="22%" bg-color="transparent">
				<lido-image visible="true" width="160px" height="160px" bg-color="white" src="game-assets/images/file-nn8m5m2o.jpg" />
				<lido-text visible="true" value="Rohan gets an A+ and feels happy." id="drop4" tab-index="4" disable-speak="true" type="drop" is-allow-only-one-drop="true" width="630px" height="100px" bg-color="white" border-radius="16px" onCorrect="lido-avatar.avatarAnimate='Success';" />
			</lido-cell>
		</lido-cell>

		
		<lido-cell visible="true" layout="col" width="42%" height="100%" bg-color="transparent">
			<lido-cell visible="true" layout="col" width="100%" height="70%" bg-color="transparent">
                
				<lido-text id="drag1" visible="true" audio="https://aeakbcdznktpsbrfsgys.supabase.co/storage/v1/object/public/template-assets/fill-upAudio.mp3" value="He listens to his teacher in class." disable-speak="true" type="drag" width="630px" height="100px" bg-color="#FFAC4C" font-size="50px" font-color="black" string="He listens to his teacher in class." border-radius="16px" onEntry="this.lineHeight='1.2';this.fontWeight='600';" />
				<lido-text id="drag2" visible="true" audio="https://aeakbcdznktpsbrfsgys.supabase.co/storage/v1/object/public/template-assets/fill-upAudio.mp3" value="Rohan studies regularly for his exam." disable-speak="true" type="drag" width="630px" height="100px" bg-color="#FFAC4C" font-size="50px" font-color="black" string="Rohan studies regularly for his exam." border-radius="16px" onEntry="this.lineHeight='1.2';this.fontWeight='600';" />
				<lido-text id="drag3" visible="true" audio="https://aeakbcdznktpsbrfsgys.supabase.co/storage/v1/object/public/template-assets/fill-upAudio.mp3" value="Rohan gets an A+ and feels happy." disable-speak="true" type="drag" width="630px" height="100px" bg-color="#FFAC4C" font-size="50px" font-color="black" string="Rohan gets an A+ and feels happy." border-radius="16px" onEntry="this.lineHeight='1.2';this.fontWeight='600';" />
				<lido-text id="drag4" visible="true" audio="https://aeakbcdznktpsbrfsgys.supabase.co/storage/v1/object/public/template-assets/fill-upAudio.mp3" value="He writes the exam well." disable-speak="true" type="drag" width="630px" height="100px" bg-color="#FFAC4C" font-size="50px" font-color="black" string="He writes the exam well." border-radius="16px" onEntry="this.lineHeight='1.2';this.fontWeight='600';" />
			</lido-cell>
			<lido-cell visible="true" height="30%" />
		</lido-cell>
	</lido-cell>
</lido-container>
</main>
             
              <lido-container disable-speak="true" template-id="palStoryTale" lang="en" show-prev-button="false" show-next-button="true" id="lido-container" bg-image="template-assets/bg-images/file-4fdaju7w.png" height="1600px" width="900px" value="mainContainer4" objective="" aria-label="" x="0" y="0" z="0" visible="true" audio="" onTouch="" onCorrect="" onEntry="" onInCorrect="lido-avatar.avatarAnimate='Fail'; this.sleep='2000';" show-check="false" is-continue-on-correct="false">
		<lido-cell layout="row" id="cell1" visible="true" margin="99px 164px 0px 0px" value="cell1" width="landscape.87%,portrait.86%" height="landscape.76%,portrait.80%" x="50px" y="50px" bg-color="transparent" onEntry="">
				
			<lido-text id="text1" tab-index="1" audio="game-assets/audio/file-w36eik5s.mp3" value="text1" visible="true" width="landscape.100%,portrait.90%" height="100%" bg-color="#FFF5BB" font-family="Baloo Bhai 2" font-size="60px" font-color="#000" string="A small caterpillar was floating in a river and could not reach the shore. It tried many times but the water was too strong. A bird sitting on a tree saw the caterpillar in trouble. The bird dropped a leaf into the river and the caterpillar climbed on it to reach the shore. The caterpillar thanked the bird for helping it." onEntry="this.lineHeight='1.2';this.border='2px solid #FFB612'; this.fontWeight='600';this.padding='20px 28px'; this.boxShadow='unset'; this.border-radius='16px'; this.textAlign='start'; this.speak='true';">
			</lido-text>
		</lido-cell>
			
		
            
			<lido-cell layout="pos" id="pos1" disable-edit="true" value="pos1" height="landscape.373px,portrait.401px" width="landscape.344px,portrait.401px" x="landscape.82%, portrait.24%" y="landscape.59%, portrait.83%" aria-hidden="true" z="2" bg-color="transparent" type="" visible="true" audio="" onTouch="" onCorrect="">
		<lido-avatar id="lido-avatar" disable-edit="true" visible="true" height="100%" width="100%" src="template-assets/images/file-ntn79pcn.riv" alt-text="" bg-color="transparent">
		</lido-avatar>
		<lido-image id="image1" disable-edit="true" value="image1" visible="true" src="template-assets/images/file-mpmmhhz2.png" bg-color="transparent" width="203px" height="32px" x="landscape.73px,portrait.111px" y="landscape.302px,portrait.344px" alt-text="">
		</lido-image>
	</lido-cell>
	</lido-container>
        

         <lido-container lang="en" disable-speak="true" id="lido-container" value="maincontainer" visible="true" objective="A caterpillar was in the river." template-id="sentenceMatch" bg-image="template-assets/bg-images/file-bus6ldy1.png" onEntry="text1.speak='true';" is-continue-on-correct="false" onInCorrect="lido-avatar.avatarAnimate='Fail'; this.sleep='2000';" onCorrect="lido-avatar.avatarAnimate='Success'; this.sleep='2000';">
	<lido-cell layout="pos" id="pos1" disable-edit="true" value="pos1" height="landscape.375px,portrait.401px" width="landscape.338px,portrait.401px" x="landscape.1323px, portrait.24%" y="landscape.57%, portrait.83%" aria-hidden="true" z="2" bg-color="transparent" type="" visible="true" audio="" onTouch="" onCorrect="">
		<lido-avatar id="lido-avatar" disable-edit="true" visible="true" height="100%" width="100%" src="template-assets/images/file-ntn79pcn.riv" alt-text="" bg-color="transparent">
		</lido-avatar>
		<lido-image id="image1" disable-edit="true" value="image1" visible="true" src="template-assets/images/file-mpmmhhz2.png" bg-color="transparent" width="203px" height="32px" x="landscape.74px,portrait.111px" y="landscape.309px,portrait.344px" alt-text="">
		</lido-image>
	</lido-cell>

  
    <lido-cell layout="col" visible="true" bg-Color="transparent" width="landscape.100%,portrait.90%" height="68%" margin="landscape.0px,portrait.-107px 0px 0px 0px">

    
          
			<lido-text id="text1" tab-index="1" disable-edit="true" margin="landscape.0px 0px 0px 0px,portrait.0px 0px 60px 0px" audio="game-assets/audio/file-jzr5harb.mp3" value="text1" visible="true" width="landscape.94%,portrait.90%" height="35%" bg-color="#FFF5BB" font-family="'Baloo 2', serif" font-size="60px" font-color="#000" string="Who was in the river?" y="-14%" onEntry="this.lineHeight='1.2';this.position='relative';this.fontWeight='500';this.padding='20px';this.border='2px solid #FFB612'; this.boxShadow='unset';this.border-radius='16px'; this.textAlign='start'; ">
			</lido-text>
		  
    <lido-cell layout="col" visible="true" width="landscape.53%,portrait.108%" height="216px" bg-Color="transparent" margin="landscape.0px 0px 0px 0px,portrait.0px 0px 0px 0px" x="-5%" onEntry="this.lineHeight='1.2';this.align-items='center'; this.justify-content='center';this.position='relative'; this.gap='25px';">
            <lido-text visible="true" audio="game-assets/audio/file-syzl0gdn.mp3" disable-speak="true" id="option1" font-family="'Baloo Bhai 2'" tab-index="2" font-size="62px" border-radius="12px" font-color="black" height="113px" width="1244px" string="A bird was in the river." value="A bird was in the river." type="click" onEntry="this.lineHeight='1.2';this.font-weight='500';this.padding='0px 64px 0px 64px';">
            </lido-text>
			<lido-text visible="true" audio="game-assets/audio/file-00se957e.mp3" disable-speak="true" id="option2" font-family="'Baloo Bhai 2'" tab-index="3" font-size="62px" border-radius="12px" font-color="black" height="113px" width="1244px" string="A caterpillar was in the river." value="A caterpillar was in the river." type="click" onEntry="this.lineHeight='1.2';this.font-weight='500';this.padding='0px 64px 0px 64px';">
            </lido-text>
			<lido-text visible="true" audio="game-assets/audio/file-ebo1qeff.mp3" disable-speak="true" id="option3" font-family="'Baloo Bhai 2'" tab-index="4" font-size="62px" border-radius="12px" font-color="black" height="113px" width="1244px" string="An elephant was in the river." value="An elephant was in the river." type="click" onEntry="this.lineHeight='1.2';this.font-weight='500';this.padding='0px 64px 0px 64px';">
            </lido-text>
			<lido-text visible="true" audio="game-assets/audio/file-y1mln2aj.mp3" disable-speak="true" id="option4" font-family="'Baloo Bhai 2'" tab-index="5" font-size="62px" border-radius="12px" font-color="black" height="113px" width="1244px" string="A kite was in the river." value="A kite was in the river." type="click" onEntry="this.lineHeight='1.2';this.font-weight='500';this.padding='0px 64px 0px 64px';">
            </lido-text>
		</lido-cell>
	</lido-cell>

</lido-container>
        

         <lido-container lang="en" disable-speak="true" id="lido-container" value="maincontainer" visible="true" objective="The water was too strong" template-id="sentenceMatch" bg-image="template-assets/bg-images/file-bus6ldy1.png" onEntry="text1.speak='true';" is-continue-on-correct="false" onInCorrect="lido-avatar.avatarAnimate='Fail'; this.sleep='2000';" onCorrect="lido-avatar.avatarAnimate='Success'; this.sleep='2000';">
	<lido-cell layout="pos" id="pos1" disable-edit="true" value="pos1" height="landscape.375px,portrait.401px" width="landscape.338px,portrait.401px" x="landscape.1323px, portrait.24%" y="landscape.57%, portrait.83%" aria-hidden="true" z="2" bg-color="transparent" type="" visible="true" audio="" onTouch="" onCorrect="">
		<lido-avatar id="lido-avatar" disable-edit="true" visible="true" height="100%" width="100%" src="template-assets/images/file-ntn79pcn.riv" alt-text="" bg-color="transparent">
		</lido-avatar>
		<lido-image id="image1" disable-edit="true" value="image1" visible="true" src="template-assets/images/file-mpmmhhz2.png" bg-color="transparent" width="203px" height="32px" x="landscape.74px,portrait.111px" y="landscape.309px,portrait.344px" alt-text="">
		</lido-image>
	</lido-cell>

  
    <lido-cell layout="col" visible="true" bg-Color="transparent" width="landscape.100%,portrait.90%" height="68%" margin="landscape.0px,portrait.-107px 0px 0px 0px">

    
          
			<lido-text id="text1" tab-index="1" disable-edit="true" margin="landscape.0px 0px 0px 0px,portrait.0px 0px 60px 0px" audio="game-assets/audio/file-dmqeajuv.mp3" value="text1" visible="true" width="landscape.94%,portrait.90%" height="35%" bg-color="#FFF5BB" font-family="'Baloo 2', serif" font-size="60px" font-color="#000" string="Why could the caterpillar not reach the shore?" y="-14%" onEntry="this.lineHeight='1.2';this.position='relative';this.fontWeight='500';this.padding='20px';this.border='2px solid #FFB612'; this.boxShadow='unset';this.border-radius='16px'; this.textAlign='start'; ">
			</lido-text>
		  
    <lido-cell layout="col" visible="true" width="landscape.53%,portrait.108%" height="216px" bg-Color="transparent" margin="landscape.0px 0px 0px 0px,portrait.0px 0px 0px 0px" x="-5%" onEntry="this.lineHeight='1.2';this.align-items='center'; this.justify-content='center';this.position='relative'; this.gap='25px';">
            <lido-text visible="true" audio="game-assets/audio/file-uj3grh5i.mp3" disable-speak="true" id="option1" font-family="'Baloo Bhai 2'" tab-index="2" font-size="62px" border-radius="12px" font-color="black" height="113px" width="1244px" string="The water was too strong" value="The water was too strong" type="click" onEntry="this.lineHeight='1.2';this.font-weight='500';this.padding='0px 64px 0px 64px';">
            </lido-text>
			<lido-text visible="true" audio="game-assets/audio/file-otzgdy1s.mp3" disable-speak="true" id="option2" font-family="'Baloo Bhai 2'" tab-index="3" font-size="62px" border-radius="12px" font-color="black" height="113px" width="1244px" string="The river was dirty" value="The river was dirty" type="click" onEntry="this.lineHeight='1.2';this.font-weight='500';this.padding='0px 64px 0px 64px';">
            </lido-text>
			<lido-text visible="true" audio="game-assets/audio/file-k7xq57rf.mp3" disable-speak="true" id="option3" font-family="'Baloo Bhai 2'" tab-index="4" font-size="62px" border-radius="12px" font-color="black" height="113px" width="1244px" string="It was sleeping" value="It was sleeping" type="click" onEntry="this.lineHeight='1.2';this.font-weight='500';this.padding='0px 64px 0px 64px';">
            </lido-text>
			<lido-text visible="true" audio="game-assets/audio/file-i9undnn1.mp3" disable-speak="true" id="option4" font-family="'Baloo Bhai 2'" tab-index="5" font-size="62px" border-radius="12px" font-color="black" height="113px" width="1244px" string="It was hurt" value="It was hurt" type="click" onEntry="this.lineHeight='1.2';this.font-weight='500';this.padding='0px 64px 0px 64px';">
            </lido-text>
		</lido-cell>
	</lido-cell>

</lido-container>
        

         <lido-container lang="en" disable-speak="true" id="lido-container" value="maincontainer" visible="true" objective="A bird saw the caterpillar in trouble" template-id="sentenceMatch" bg-image="template-assets/bg-images/file-bus6ldy1.png" onEntry="text1.speak='true';" is-continue-on-correct="false" onInCorrect="lido-avatar.avatarAnimate='Fail'; this.sleep='2000';" onCorrect="lido-avatar.avatarAnimate='Success'; this.sleep='2000';">
	<lido-cell layout="pos" id="pos1" disable-edit="true" value="pos1" height="landscape.375px,portrait.401px" width="landscape.338px,portrait.401px" x="landscape.1323px, portrait.24%" y="landscape.57%, portrait.83%" aria-hidden="true" z="2" bg-color="transparent" type="" visible="true" audio="" onTouch="" onCorrect="">
		<lido-avatar id="lido-avatar" disable-edit="true" visible="true" height="100%" width="100%" src="template-assets/images/file-ntn79pcn.riv" alt-text="" bg-color="transparent">
		</lido-avatar>
		<lido-image id="image1" disable-edit="true" value="image1" visible="true" src="template-assets/images/file-mpmmhhz2.png" bg-color="transparent" width="203px" height="32px" x="landscape.74px,portrait.111px" y="landscape.309px,portrait.344px" alt-text="">
		</lido-image>
	</lido-cell>

  
    <lido-cell layout="col" visible="true" bg-Color="transparent" width="landscape.100%,portrait.90%" height="68%" margin="landscape.0px,portrait.-107px 0px 0px 0px">

    
          
			<lido-text id="text1" tab-index="1" disable-edit="true" margin="landscape.0px 0px 0px 0px,portrait.0px 0px 60px 0px" audio="game-assets/audio/file-4vfgu3nx.mp3" value="text1" visible="true" width="landscape.94%,portrait.90%" height="35%" bg-color="#FFF5BB" font-family="'Baloo 2', serif" font-size="60px" font-color="#000" string="Who saw the caterpillar in trouble?" y="-14%" onEntry="this.lineHeight='1.2';this.position='relative';this.fontWeight='500';this.padding='20px';this.border='2px solid #FFB612'; this.boxShadow='unset';this.border-radius='16px'; this.textAlign='start'; ">
			</lido-text>
		  
    <lido-cell layout="col" visible="true" width="landscape.53%,portrait.108%" height="216px" bg-Color="transparent" margin="landscape.0px 0px 0px 0px,portrait.0px 0px 0px 0px" x="-5%" onEntry="this.lineHeight='1.2';this.align-items='center'; this.justify-content='center';this.position='relative'; this.gap='25px';">
            <lido-text visible="true" audio="game-assets/audio/file-myv7hgjs.mp3" disable-speak="true" id="option1" font-family="'Baloo Bhai 2'" tab-index="2" font-size="62px" border-radius="12px" font-color="black" height="113px" width="1244px" string="A dog saw the caterpillar in trouble" value="A dog saw the caterpillar in trouble" type="click" onEntry="this.lineHeight='1.2';this.font-weight='500';this.padding='0px 64px 0px 64px';">
            </lido-text>
			<lido-text visible="true" audio="game-assets/audio/file-93nce33r.mp3" disable-speak="true" id="option2" font-family="'Baloo Bhai 2'" tab-index="3" font-size="62px" border-radius="12px" font-color="black" height="113px" width="1244px" string="A cow saw the caterpillar in trouble" value="A cow saw the caterpillar in trouble" type="click" onEntry="this.lineHeight='1.2';this.font-weight='500';this.padding='0px 64px 0px 64px';">
            </lido-text>
			<lido-text visible="true" audio="game-assets/audio/file-zq9p5510.mp3" disable-speak="true" id="option3" font-family="'Baloo Bhai 2'" tab-index="4" font-size="62px" border-radius="12px" font-color="black" height="113px" width="1244px" string="A cat saw the caterpillar in trouble" value="A cat saw the caterpillar in trouble" type="click" onEntry="this.lineHeight='1.2';this.font-weight='500';this.padding='0px 64px 0px 64px';">
            </lido-text>
			<lido-text visible="true" audio="game-assets/audio/file-vhex7nlr.mp3" disable-speak="true" id="option4" font-family="'Baloo Bhai 2'" tab-index="5" font-size="62px" border-radius="12px" font-color="black" height="113px" width="1244px" string="A bird saw the caterpillar in trouble" value="A bird saw the caterpillar in trouble" type="click" onEntry="this.lineHeight='1.2';this.font-weight='500';this.padding='0px 64px 0px 64px';">
            </lido-text>
		</lido-cell>
	</lido-cell>

</lido-container>
        

         <lido-container lang="en" disable-speak="true" id="lido-container" value="maincontainer" visible="true" objective="The bird dropped a leaf into the river" template-id="sentenceMatch" bg-image="template-assets/bg-images/file-bus6ldy1.png" onEntry="text1.speak='true';" is-continue-on-correct="false" onInCorrect="lido-avatar.avatarAnimate='Fail'; this.sleep='2000';" onCorrect="lido-avatar.avatarAnimate='Success'; this.sleep='2000';">
	<lido-cell layout="pos" id="pos1" disable-edit="true" value="pos1" height="landscape.375px,portrait.401px" width="landscape.338px,portrait.401px" x="landscape.1323px, portrait.24%" y="landscape.57%, portrait.83%" aria-hidden="true" z="2" bg-color="transparent" type="" visible="true" audio="" onTouch="" onCorrect="">
		<lido-avatar id="lido-avatar" disable-edit="true" visible="true" height="100%" width="100%" src="template-assets/images/file-ntn79pcn.riv" alt-text="" bg-color="transparent">
		</lido-avatar>
		<lido-image id="image1" disable-edit="true" value="image1" visible="true" src="template-assets/images/file-mpmmhhz2.png" bg-color="transparent" width="203px" height="32px" x="landscape.74px,portrait.111px" y="landscape.309px,portrait.344px" alt-text="">
		</lido-image>
	</lido-cell>

  
    <lido-cell layout="col" visible="true" bg-Color="transparent" width="landscape.100%,portrait.90%" height="68%" margin="landscape.0px,portrait.-107px 0px 0px 0px">

    
          
			<lido-text id="text1" tab-index="1" disable-edit="true" margin="landscape.0px 0px 0px 0px,portrait.0px 0px 60px 0px" audio="game-assets/audio/file-8mzc2hh1.mp3" value="text1" visible="true" width="landscape.94%,portrait.90%" height="35%" bg-color="#FFF5BB" font-family="'Baloo 2', serif" font-size="60px" font-color="#000" string="What did the bird drop into the river?" y="-14%" onEntry="this.lineHeight='1.2';this.position='relative';this.fontWeight='500';this.padding='20px';this.border='2px solid #FFB612'; this.boxShadow='unset';this.border-radius='16px'; this.textAlign='start'; ">
			</lido-text>
		  
    <lido-cell layout="col" visible="true" width="landscape.53%,portrait.108%" height="216px" bg-Color="transparent" margin="landscape.0px 0px 0px 0px,portrait.0px 0px 0px 0px" x="-5%" onEntry="this.lineHeight='1.2';this.align-items='center'; this.justify-content='center';this.position='relative'; this.gap='25px';">
            <lido-text visible="true" audio="game-assets/audio/file-ol4cfysa.mp3" disable-speak="true" id="option1" font-family="'Baloo Bhai 2'" tab-index="2" font-size="62px" border-radius="12px" font-color="black" height="113px" width="1244px" string="The bird dropped a stone into the river" value="The bird dropped a stone into the river" type="click" onEntry="this.lineHeight='1.2';this.font-weight='500';this.padding='0px 64px 0px 64px';">
            </lido-text>
			<lido-text visible="true" audio="game-assets/audio/file-0nyutd6l.mp3" disable-speak="true" id="option2" font-family="'Baloo Bhai 2'" tab-index="3" font-size="62px" border-radius="12px" font-color="black" height="113px" width="1244px" string="The bird dropped a stick into the river" value="The bird dropped a stick into the river" type="click" onEntry="this.lineHeight='1.2';this.font-weight='500';this.padding='0px 64px 0px 64px';">
            </lido-text>
			<lido-text visible="true" audio="game-assets/audio/file-a8vki6nb.mp3" disable-speak="true" id="option3" font-family="'Baloo Bhai 2'" tab-index="4" font-size="62px" border-radius="12px" font-color="black" height="113px" width="1244px" string="The bird dropped a leaf into the river" value="The bird dropped a leaf into the river" type="click" onEntry="this.lineHeight='1.2';this.font-weight='500';this.padding='0px 64px 0px 64px';">
            </lido-text>
			<lido-text visible="true" audio="game-assets/audio/file-8n1u0krs.mp3" disable-speak="true" id="option4" font-family="'Baloo Bhai 2'" tab-index="5" font-size="62px" border-radius="12px" font-color="black" height="113px" width="1244px" string="The bird dropped a rope into the river" value="The bird dropped a rope into the river" type="click" onEntry="this.lineHeight='1.2';this.font-weight='500';this.padding='0px 64px 0px 64px';">
            </lido-text>
		</lido-cell>
	</lido-cell>

</lido-container>
        

         <lido-container lang="en" disable-speak="true" id="lido-container" value="maincontainer" visible="true" objective="The caterpillar thanked the bird" template-id="sentenceMatch" bg-image="template-assets/bg-images/file-bus6ldy1.png" onEntry="text1.speak='true';" is-continue-on-correct="false" onInCorrect="lido-avatar.avatarAnimate='Fail'; this.sleep='2000';" onCorrect="lido-avatar.avatarAnimate='Success'; this.sleep='2000';">
	<lido-cell layout="pos" id="pos1" disable-edit="true" value="pos1" height="landscape.375px,portrait.401px" width="landscape.338px,portrait.401px" x="landscape.1323px, portrait.24%" y="landscape.57%, portrait.83%" aria-hidden="true" z="2" bg-color="transparent" type="" visible="true" audio="" onTouch="" onCorrect="">
		<lido-avatar id="lido-avatar" disable-edit="true" visible="true" height="100%" width="100%" src="template-assets/images/file-ntn79pcn.riv" alt-text="" bg-color="transparent">
		</lido-avatar>
		<lido-image id="image1" disable-edit="true" value="image1" visible="true" src="template-assets/images/file-mpmmhhz2.png" bg-color="transparent" width="203px" height="32px" x="landscape.74px,portrait.111px" y="landscape.309px,portrait.344px" alt-text="">
		</lido-image>
	</lido-cell>

  
    <lido-cell layout="col" visible="true" bg-Color="transparent" width="landscape.100%,portrait.90%" height="68%" margin="landscape.0px,portrait.-107px 0px 0px 0px">

    
          
			<lido-text id="text1" tab-index="1" disable-edit="true" margin="landscape.0px 0px 0px 0px,portrait.0px 0px 60px 0px" audio="game-assets/audio/file-dzzlxqdb.mp3" value="text1" visible="true" width="landscape.94%,portrait.90%" height="35%" bg-color="#FFF5BB" font-family="'Baloo 2', serif" font-size="60px" font-color="#000" string="What did the caterpillar do at the end?" y="-14%" onEntry="this.lineHeight='1.2';this.position='relative';this.fontWeight='500';this.padding='20px';this.border='2px solid #FFB612'; this.boxShadow='unset';this.border-radius='16px'; this.textAlign='start'; ">
			</lido-text>
		  
    <lido-cell layout="col" visible="true" width="landscape.53%,portrait.108%" height="216px" bg-Color="transparent" margin="landscape.0px 0px 0px 0px,portrait.0px 0px 0px 0px" x="-5%" onEntry="this.lineHeight='1.2';this.align-items='center'; this.justify-content='center';this.position='relative'; this.gap='25px';">
            <lido-text visible="true" audio="game-assets/audio/file-9tegaqqv.mp3" disable-speak="true" id="option1" font-family="'Baloo Bhai 2'" tab-index="2" font-size="62px" border-radius="12px" font-color="black" height="113px" width="1244px" string="The caterpillar went away" value="The caterpillar went away" type="click" onEntry="this.lineHeight='1.2';this.font-weight='500';this.padding='0px 64px 0px 64px';">
            </lido-text>
			<lido-text visible="true" audio="game-assets/audio/file-mi0bst7e.mp3" disable-speak="true" id="option2" font-family="'Baloo Bhai 2'" tab-index="3" font-size="62px" border-radius="12px" font-color="black" height="113px" width="1244px" string="The caterpillar slept" value="The caterpillar slept" type="click" onEntry="this.lineHeight='1.2';this.font-weight='500';this.padding='0px 64px 0px 64px';">
            </lido-text>
			<lido-text visible="true" audio="game-assets/audio/file-lmpgmqdc.mp3" disable-speak="true" id="option3" font-family="'Baloo Bhai 2'" tab-index="4" font-size="62px" border-radius="12px" font-color="black" height="113px" width="1244px" string="The caterpillar flew" value="The caterpillar flew" type="click" onEntry="this.lineHeight='1.2';this.font-weight='500';this.padding='0px 64px 0px 64px';">
            </lido-text>
			<lido-text visible="true" audio="game-assets/audio/file-dqo8433q.mp3" disable-speak="true" id="option4" font-family="'Baloo Bhai 2'" tab-index="5" font-size="62px" border-radius="12px" font-color="black" height="113px" width="1244px" string="The caterpillar thanked the bird" value="The caterpillar thanked the bird" type="click" onEntry="this.lineHeight='1.2';this.font-weight='500';this.padding='0px 64px 0px 64px';">
            </lido-text>
		</lido-cell>
	</lido-cell>

</lido-container>
        
</root>