[1,["345iPotCJItbFKVNyU5Xln","f8p4h5HsFBG6HLREyKI/bN","fcY5unm7lJMaCpOZ9l6G3O","aaJX0pkIJHBopCb9rTWumj"],["_textureSetter"],["cc.SpriteFrame","cc.Texture2D",["cc.AudioClip",["_name","_native","duration"],0],["cc.JsonAsset",["_name","json"],1]],[[2,0,1,2,4],[3,0,1,3]],[[[[0,"ಳ",".mp3",0.504],-1],0,0,[],[],[]],[[{"name":"maths","rect":[0,0,500,188],"offset":[0,0],"originalSize":[500,188],"capInsets":[0,0,0,0]}],[0],0,[0],[0],[0]],[[[0,"ಬೆ",".mp3",0.552],-1],0,0,[],[],[]],[["0,9729,9729,33071,33071,0,0,1",-1],[1],0,[],[],[]],[[[0,"ಪರಿ",".mp3",0.6],-1],0,0,[],[],[]],[[[0,"ನ",".mp3",0.48],-1],0,0,[],[],[]],[[[0,"ಲೆಕ್ಕ",".mp3",0.696],-1],0,0,[],[],[]],[[[0,"ಪರಿಸರ",".mp3",0.84],-1],0,0,[],[],[]],[[[1,"kn3301",{"rows":[["spelldoor","1","Description","ಅ,ಕ್ಷ,ರ","***","0","0","alphabet.png","ಅಕ್ಷರ.mp3"],["phonictractor","1","Description","4","ಮಾನವ","ಮಾನವ.mp3","ಮಾ","ಮಾ.mp3","ನ","ನ.mp3","ವ","ವ.mp3"],["spelldoor","1","Description","ಲೆ,ಕ್ಕ","**","0","0","maths.png","ಲೆಕ್ಕ.mp3"],["phonictractor","1","Description","4","ಬೆಳಕು","ಬೆಳಕು.mp3","ಬೆ","ಬೆ.mp3","ಳ","ಳ.mp3","ಕು","ಕು.mp3"],["spelldoor","1","Description","ಜಾಣ","**","0","0","smart_boy.png","ಜಾಣ.mp3"],["phonictractor","1","Description","4","ಪರಿಸರ","ಪರಿಸರ.mp3","ಪರಿ","ಪರಿ.mp3","ಸರ","ಸರ.mp3"],["spelldoor","1","Description","ಚಿ,ತ್ರ","**","0","0","picture.png","ಚಿತ್ರ.mp3"],["quizliteracy","1","Description","word_word","ನವ","ತುಗಾರ","ನವ","ರುಕಟ್ಟೆ","","ಮಾ____","ಮಾನವ.mp3"],["quizliteracy","1","Description","image_word","ಚಿತ್ರ","ಚಿತ್ರ","ಬೆಳಕು","ನವ","picture.png"],["quizliteracy","1","Description","soundonly_word","ಅಕ್ಷರ","ಜಾಣ","ಬೆಳಕು","ಅಕ್ಷರ","","","ಅಕ್ಷರ.mp3"]]}]],0,0,[],[],[]],[[[0,"ಅಕ್ಷರ",".mp3",0.744],-1],0,0,[],[],[]],[[[0,"ಮಾ",".mp3",0.528],-1],0,0,[],[],[]],[[{"name":"smart_boy","rect":[0,0,512,341],"offset":[0,0],"originalSize":[512,341],"capInsets":[0,0,0,0]}],[0],0,[0],[0],[1]],[["0,9729,9729,33071,33071,0,0,1",-1],[1],0,[],[],[]],[[[0,"ಸರ",".mp3",0.648],-1],0,0,[],[],[]],[[{"name":"picture","rect":[0,0,512,342],"offset":[0,0],"originalSize":[512,342],"capInsets":[0,0,0,0]}],[0],0,[0],[0],[2]],[[[0,"ಕು",".mp3",0.528],-1],0,0,[],[],[]],[[[0,"ಮಾನವ",".mp3",0.744],-1],0,0,[],[],[]],[[[0,"ವ",".mp3",0.48],-1],0,0,[],[],[]],[[[0,"ಬೆಳಕು",".mp3",0.792],-1],0,0,[],[],[]],[[[0,"ಜಾಣ",".mp3",0.72],-1],0,0,[],[],[]],[[[0,"ಚಿತ್ರ",".mp3",0.744],-1],0,0,[],[],[]],[[{"name":"alphabet","rect":[0,0,512,422],"offset":[0,0],"originalSize":[512,422],"capInsets":[0,0,0,0]}],[0],0,[0],[0],[3]],[["0,9729,9729,33071,33071,0,0,1",-1],[1],0,[],[],[]],[["0,9729,9729,33071,33071,0,0,1",-1],[1],0,[],[],[]]]]