[1,["d7eEs1Nq5M+6hDUU21WrpF","d7khwbvOhNiq8nqw2TNgtz","dawOZzDydKq4ROvIcu1uOX","ca4RrNqDdMcJZ4DVer7tEZ","a1/E6ax4NC05G15O9CvWHt","42ijY5zSBC9o6lbs7Zj6Ar","bbAc7xSBFCSJT+uAykSj6V"],["_textureSetter"],["cc.SpriteFrame","cc.Texture2D",["cc.AudioClip",["_name","_native","duration"],0],["cc.JsonAsset",["_name","json"],1]],[[2,0,1,2,4],[3,0,1,3]],[[[[0,"ವಾ",".mp3",0.528],-1],0,0,[],[],[]],[[{"name":"dog","rect":[0,0,800,590],"offset":[0,0],"originalSize":[800,590],"capInsets":[0,0,0,0]}],[0],0,[0],[0],[0]],[[[0,"ಯಾ",".mp3",0.552],-1],0,0,[],[],[]],[[[0,"ನಾಯಿ",".mp3",0.672],-1],0,0,[],[],[]],[[{"name":"lorry","rect":[0,0,533,800],"offset":[0,0],"originalSize":[533,800],"capInsets":[0,0,0,0]}],[0],0,[0],[0],[1]],[["0,9729,9729,33071,33071,0,0,1",-1],[1],0,[],[],[]],[[[0,"ಕಾಳಿ",".mp3",0.696],-1],0,0,[],[],[]],[[[0,"ನಿ",".mp3",0.504],-1],0,0,[],[],[]],[[[0,"ಡು",".mp3",0.528],-1],0,0,[],[],[]],[[[0,"ಲಾರಿ",".mp3",0.72],-1],0,0,[],[],[]],[[[0,"ವಾಣಿ",".mp3",0.672],-1],0,0,[],[],[]],[[{"name":"teacher","rect":[0,0,500,333],"offset":[0,0],"originalSize":[500,333],"capInsets":[0,0,0,0]}],[0],0,[0],[0],[2]],[[[1,"kn1700",{"rows":[["phonictractor","1","Description","4","ವಾಣಿ","ವಾಣಿ.mp3","ವಾ","ವಾ.mp3","ಣಿ","ಣಿ.mp3"],["phonictractor","1","Description","4","ಹಾನಿ","ಹಾನಿ.mp3","ಹಾ","ಹಾ.mp3","ನಿ","ನಿ.mp3"],["spelldoor","1","Description","ಲಾರಿ","**","0","0","lorry.png","ಲಾರಿ.mp3"],["spelldoor","1","Description","ನರಿ","**","0","0","fox.png","ನರಿ.mp3"],["spelldoor","1","Description","ನಾಯಿ","**","0","0","dog.png","ನಾಯಿ.mp3"],["openwindow","1","Description","LEGIT","ಕಾ,ಳಿ","kali.png","teacher.png","ಕಾಳಿ.mp3","ಕಾ,ಳಿ"],["rocket","1","Description","ಹಾರ","ಹಾ,ರ","ಹಾ,ರ","ಹಾರ.mp3","garland.png","False","False"],["spelldoor","1","Description","ಕಾಯಿ","*ಯಿ","0","1","rawfruit.png","ಕಾಯಿ.mp3"],["phonictractor","1","Description","4","ಹಾಡು","ಹಾಡು.mp3","ಹಾ","ಹಾ.mp3","ಡು","ಡು.mp3"],["phonictractor","1","Description","4","ಯಾಗ","ಯಾಗ.mp3","ಯಾ","ಯಾ.mp3","ಗ","ಗ.mp3"],["quizliteracy","1","Description","word_word","ನಾ","ತಾ","ನಾ","ಮಾ","","__ಯಿ","ನಾಯಿ.mp3"],["quizliteracy","1","Description","image_word","ಹಾರ","ಲಾರಿ","ಕಾಯಿ","ಹಾರ","garland.png"],["quizliteracy","1","Description","soundonly_word","ಲಾರಿ","ಹಾರ","ಲಾರಿ","ಕಾಯಿ","","","ಲಾರಿ.mp3"]]}]],0,0,[],[],[]],[[{"name":"garland","rect":[0,0,800,600],"offset":[0,0],"originalSize":[800,600],"capInsets":[0,0,0,0]}],[0],0,[0],[0],[3]],[[[0,"ಹಾರ",".mp3",0.648],-1],0,0,[],[],[]],[[[0,"ಯಾಗ",".mp3",0.696],-1],0,0,[],[],[]],[[[0,"ಹಾನಿ",".mp3",0.696],-1],0,0,[],[],[]],[["0,9729,9729,33071,33071,0,0,1",-1],[1],0,[],[],[]],[[{"name":"rawfruit","rect":[0,0,534,800],"offset":[0,0],"originalSize":[534,800],"capInsets":[0,0,0,0]}],[0],0,[0],[0],[4]],[[{"name":"kali","rect":[0,0,800,533],"offset":[0,0],"originalSize":[800,533],"capInsets":[0,0,0,0]}],[0],0,[0],[0],[5]],[[[0,"ಕಾಯಿ",".mp3",0.696],-1],0,0,[],[],[]],[["0,9729,9729,33071,33071,0,0,1",-1],[1],0,[],[],[]],[["0,9729,9729,33071,33071,0,0,1",-1],[1],0,[],[],[]],[[[0,"ಗ",".mp3",0.528],-1],0,0,[],[],[]],[["0,9729,9729,33071,33071,0,0,1",-1],[1],0,[],[],[]],[["0,9729,9729,33071,33071,0,0,1",-1],[1],0,[],[],[]],[[[0,"ನರಿ",".mp3",0.624],-1],0,0,[],[],[]],[["0,9729,9729,33071,33071,0,0,1",-1],[1],0,[],[],[]],[[[0,"ಹಾ",".mp3",0.528],-1],0,0,[],[],[]],[[[0,"ಣಿ",".mp3",0.528],-1],0,0,[],[],[]],[[{"name":"fox","rect":[0,0,800,666],"offset":[0,0],"originalSize":[800,666],"capInsets":[0,0,0,0]}],[0],0,[0],[0],[6]],[[[0,"ಹಾಡು",".mp3",0.72],-1],0,0,[],[],[]]]]