[1,["9cwuc3VhhBZKf7pWlS8S80","dcximg62lGJaEITtLAdBvT","5eK5g6Of9KqayvSnYliKn2","f9iYCIJiBEI53ymha2A30L"],["_textureSetter"],["cc.SpriteFrame","cc.Texture2D",["cc.AudioClip",["_name","_native","duration"],0],["cc.JsonAsset",["_name","json"],1]],[[2,0,1,2,4],[3,0,1,3]],[[[[0,"eye",".mp3",0.679184],-1],0,0,[],[],[]],[[[0,"Where_are_your_knees",".mp3",1.28],-1],0,0,[],[],[]],[[{"name":"image_22_1","rect":[0,0,845,695],"offset":[0,0],"originalSize":[845,695],"capInsets":[0,0,0,0]}],[0],0,[0],[0],[0]],[[{"name":"image_22_3","rect":[0,0,845,695],"offset":[0,0],"originalSize":[845,695],"capInsets":[0,0,0,0]}],[0],0,[0],[0],[1]],[[[0,"knees",".mp3",0.783673],-1],0,0,[],[],[]],[[{"name":"image_22_4","rect":[0,0,845,695],"offset":[0,0],"originalSize":[845,695],"capInsets":[0,0,0,0]}],[0],0,[0],[0],[2]],[[[0,"this_is_my_eye",".mp3",1.227755],-1],0,0,[],[],[]],[[[0,"face",".mp3",0.809796],-1],0,0,[],[],[]],[[[0,"shoulders",".mp3",1.018776],-1],0,0,[],[],[]],[[[0,"this_is_my_face",".mp3",1.358367],-1],0,0,[],[],[]],[[[0,"mouth",".mp3",0.809796],-1],0,0,[],[],[]],[[[0,"These_are_my_ears",".mp3",1.645714],-1],0,0,[],[],[]],[["1,9729,9729,33071,33071,0,0,1",-1],[1],0,[],[],[]],[[[0,"nose",".mp3",0.809796],-1],0,0,[],[],[]],[[[0,"wrist",".mp3",0.757551],-1],0,0,[],[],[]],[[[0,"chin",".mp3",0.653061],-1],0,0,[],[],[]],[[[0,"Where_is_your_foot",".mp3",1.149388],-1],0,0,[],[],[]],[[[0,"palm",".mp3",0.653061],-1],0,0,[],[],[]],[["1,9729,9729,33071,33071,0,0,1",-1],[1],0,[],[],[]],[[[0,"Where_is_your_chest",".mp3",1.28],-1],0,0,[],[],[]],[[[0,"hands",".mp3",0.862041],-1],0,0,[],[],[]],[[[0,"This_is_my_mouth",".mp3",1.306122],-1],0,0,[],[],[]],[[[0,"finger",".mp3",0.653061],-1],0,0,[],[],[]],[[[1,"sl_en2401",{"rows":[["fillblank","1","Description","These are my [ears].","These_are_my_ears.mp3","eyes","cheeks","head","10"],["fillblank","1","Description","This is my [mouth].","This_is_my_mouth.mp3","chin","nose","eye","10"],["fillblank","1","Description","Touch your [forehead].","Touch_your_forehead.mp3","nose","head","face","10"],["fillblank","1","Description","Where are your [knees]?","Where_are_your_knees.mp3","hair","hands","feet","10"],["fillblank","1","Description","Where is your [chest]?","Where_is_your_chest.mp3","foot","chin","cheek","10"],["fillblank","1","Description","Where is your [foot]?","Where_is_your_foot.mp3","hand","neck","face","10"],["tag","1","Description","image_22_1.jpg","face","280.-1520","face.mp3","eye","258.-1037","eye.mp3","nose","1239.-906","nose.mp3","mouth","298.-699","mouth.mp3"],["tag","1","Description","image_22_2.jpg","face","280.-1520","face.mp3","forehead","1323.-1343","forehead.mp3","cheek","457.-1027","cheek.mp3","chin","1311.-710","chin.mp3"],["tag","1","Description","image_22_3.jpg","body","280.-1520","body.mp3","head","942.-1307","head.mp3","shoulders","1055.-1064","shoulders.mp3","knees","1139.-803","knees.mp3","feet","1157.-540","feet.mp3"],["tag","1","Description","image_22_4.jpg","hands","280.-1520","hands.mp3","palm","1015.-538","palm.mp3","finger","365.-975","finger.mp3","nail","1211.-1029","nail.mp3","wrist","1127.-1241","wrist.mp3"],["quizliteracy","1","Description","word_word","ears","dad","baby","ears","","These are my ____.","These_are_my_ears.mp3"],["quizliteracy","1","Description","word_word","mouth","baby","ears","mouth","","This is my ______.","This_is_my_mouth.mp3"],["quizliteracy","1","Description","word_word","chest","ears","chest","baby","","Where is your ______?","Where_is_your_chest.mp3"],["quizliteracy","1","Description","word_word","eye","dad","ears","eye","","This is my ______.","this_is_my_eye.mp3"],["quizliteracy","1","Description","word_word","face","face","man","ears","","This is my ______.","this_is_my_face.mp3"]]}]],0,0,[],[],[]],[[[0,"head",".mp3",0.548571],-1],0,0,[],[],[]],[[[0,"forehead",".mp3",1.149388],-1],0,0,[],[],[]],[[[0,"Touch_your_forehead",".mp3",1.332245],-1],0,0,[],[],[]],[[{"name":"image_22_2","rect":[0,0,845,695],"offset":[0,0],"originalSize":[845,695],"capInsets":[0,0,0,0]}],[0],0,[0],[0],[3]],[[[0,"nail",".mp3",0.600816],-1],0,0,[],[],[]],[[[0,"feet",".mp3",0.731429],-1],0,0,[],[],[]],[["1,9729,9729,33071,33071,0,0,1",-1],[1],0,[],[],[]],[[[0,"cheek",".mp3",0.653061],-1],0,0,[],[],[]],[[[0,"body",".mp3",0.548571],-1],0,0,[],[],[]],[["1,9729,9729,33071,33071,0,0,1",-1],[1],0,[],[],[]]]]