[1,["66llrNSf1OkrLnu9EEFmbu","c83XbhSOBE2bwSMU0HXnGw","90+GJDkKRHHLd6g3c7Jcqr","5cS9HIlGBJa6E5BEErRbgq","a5Lje/vQJN7bGKJSxtt4ci","f1MHuIhOZBrLpfcPBuRXXo","a6ElK5C55JAbbpZ4zY/Aeb","22GzEjjbxDFIgZB+P+bNLt","78lTUrBzlLnqxWiVJH3KJb","d0sHWIbRBDZJB3nUm1nrOf","08ibPa9YZMPrnM7qwP04M0","63yt/YpTxC9ZSKsMZxX+2/","34x1j/rgxGuKEfZ0aAf6W9","0c5rXiX/BCSqLwuJJXyJXS","97YZ3sT/VGqq2K1m33tXia","0cgOW1XmZGEop7NoGjcp2z","5dIHzNw3FGOIUOF8vMerGe","d3tBOjL1hJHJw1r5BnfcUN","c5a2x6e95EbZ2w4IQH+FeF","03cl7Zua5Dv5zur6CGAVey","672CtxOHVFr6xxWe8tPDi4"],["_textureSetter"],["cc.Texture2D","cc.SpriteFrame",["cc.AudioClip",["_name","_native","duration"],0],["cc.JsonAsset",["_name","json"],1]],[[2,0,1,2,4],[3,0,1,3]],[[[[0,"light",".mp3",0.731429],-1],0,0,[],[],[]],[["0,9729,9729,33071,33071,0,0,1",-1],[0],0,[],[],[]],[["0,9729,9729,33071,33071,0,0,1",-1],[0],0,[],[],[]],[["0,9729,9729,33071,33071,0,0,1",-1],[0],0,[],[],[]],[["0,9729,9729,33071,33071,0,0,1",-1],[0],0,[],[],[]],[[{"name":"book","rect":[0,0,256,248],"offset":[0,0],"originalSize":[256,248],"capInsets":[0,0,0,0]}],[1],0,[0],[0],[0]],[["0,9729,9729,33071,33071,0,0,1",-1],[0],0,[],[],[]],[[{"name":"glass","rect":[0,0,190,256],"offset":[0,0],"originalSize":[190,256],"capInsets":[0,0,0,0]}],[1],0,[0],[0],[1]],[[{"name":"hippo","rect":[0,0,256,189],"offset":[0,0],"originalSize":[256,189],"capInsets":[0,0,0,0]}],[1],0,[0],[0],[2]],[[{"name":"smallbasket","rect":[0,0,256,246],"offset":[0,0],"originalSize":[256,246],"capInsets":[0,0,0,0]}],[1],0,[0],[0],[3]],[[{"name":"pencil","rect":[0,0,247,256],"offset":[0,0],"originalSize":[247,256],"capInsets":[0,0,0,0]}],[1],0,[0],[0],[4]],[[{"name":"elephant","rect":[0,0,256,171],"offset":[0,0],"originalSize":[256,171],"capInsets":[0,0,0,0]}],[1],0,[0],[0],[5]],[[{"name":"papaya","rect":[0,0,256,131],"offset":[0,0],"originalSize":[256,131],"capInsets":[0,0,0,0]}],[1],0,[0],[0],[6]],[["0,9729,9729,33071,33071,0,0,1",-1],[0],0,[],[],[]],[[[1,"sl_en3820",{"rows":[["openwindow1","1","Description","LEGIT","Heavy","stone.png","feather.png","heavy.mp3","abcdefghijklmnopqrstuvwxyz"],["openwindow1","1","Description","LEGIT","Light","mouse.png","elephant.png","light.mp3","abcdefghijklmnopqrstuvwxyz"],["openwindow1","1","Description","LEGIT","Heavy","bucket.png","half_glass.png","heavy.mp3","abcdefghijklmnopqrstuvwxyz"],["openwindow1","1","Description","LEGIT","Light","mango.png","papaya.png","light.mp3","abcdefghijklmnopqrstuvwxyz"],["openwindow1","1","Description","LEGIT","Heavy","hippo.png","rabbit.png","heavy.mp3","abcdefghijklmnopqrstuvwxyz"],["openwindow1","1","Description","LEGIT","Heavy","bigbasket.png","smallbasket.png","heavy.mp3","abcdefghijklmnopqrstuvwxyz"],["openwindow1","1","Description","LEGIT","Heavy","book.png","pencil.png","heavy.mp3","abcdefghijklmnopqrstuvwxyz"],["openwindow1","1","Description","LEGIT","Light","cat.png","cow.png","light.mp3","abcdefghijklmnopqrstuvwxyz"],["quizliteracy","1","Description","soundonly_image","stone.png","stone.png","feather.png","straw.png","","","heavy.mp3"],["quizliteracy","1","Description","soundonly_image","mouse.png","cat.png","mouse.png","elephant.png","","","light.mp3"],["quizliteracy","1","Description","soundonly_image","book.png","pen.png","pencil.png","book.png","","","heavy.mp3"]]}]],0,0,[],[],[]],[["0,9729,9729,33071,33071,0,0,1",-1],[0],0,[],[],[]],[["0,9729,9729,33071,33071,0,0,1",-1],[0],0,[],[],[]],[[{"name":"bucket","rect":[0,0,248,256],"offset":[0,0],"originalSize":[248,256],"capInsets":[0,0,0,0]}],[1],0,[0],[0],[7]],[["0,9729,9729,33071,33071,0,0,1",-1],[0],0,[],[],[]],[["0,9729,9729,33071,33071,0,0,1",-1],[0],0,[],[],[]],[["0,9729,9729,33071,33071,0,0,1",-1],[0],0,[],[],[]],[["0,9729,9729,33071,33071,0,0,1",-1],[0],0,[],[],[]],[[{"name":"mouse","rect":[0,0,222,256],"offset":[0,0],"originalSize":[222,256],"capInsets":[0,0,0,0]}],[1],0,[0],[0],[8]],[[{"name":"bigbasket","rect":[0,0,256,186],"offset":[0,0],"originalSize":[256,186],"capInsets":[0,0,0,0]}],[1],0,[0],[0],[9]],[["0,9729,9729,33071,33071,0,0,1",-1],[0],0,[],[],[]],[["0,9729,9729,33071,33071,0,0,1",-1],[0],0,[],[],[]],[[{"name":"straw","rect":[0,0,256,148],"offset":[0,0],"originalSize":[256,148],"capInsets":[0,0,0,0]}],[1],0,[0],[0],[10]],[[[0,"heavy",".mp3",0.574694],-1],0,0,[],[],[]],[["0,9729,9729,33071,33071,0,0,1",-1],[0],0,[],[],[]],[["0,9729,9729,33071,33071,0,0,1",-1],[0],0,[],[],[]],[[{"name":"smallbasket ","rect":[0,0,512,492],"offset":[0,0],"originalSize":[512,492],"capInsets":[0,0,0,0]}],[1],0,[0],[0],[11]],[["0,9729,9729,33071,33071,0,0,1",-1],[0],0,[],[],[]],[[{"name":"feather","rect":[0,0,256,171],"offset":[0,0],"originalSize":[256,171],"capInsets":[0,0,0,0]}],[1],0,[0],[0],[12]],[["0,9729,9729,33071,33071,0,0,1",-1],[0],0,[],[],[]],[["0,9729,9729,33071,33071,0,0,1",-1],[0],0,[],[],[]],[[{"name":"bigbasket ","rect":[0,0,512,373],"offset":[0,0],"originalSize":[512,373],"capInsets":[0,0,0,0]}],[1],0,[0],[0],[13]],[["0,9729,9729,33071,33071,0,0,1",-1],[0],0,[],[],[]],[[{"name":"stone","rect":[0,0,256,231],"offset":[0,0],"originalSize":[256,231],"capInsets":[0,0,0,0]}],[1],0,[0],[0],[14]],[[{"name":"cow","rect":[0,0,256,256],"offset":[0,0],"originalSize":[256,256],"capInsets":[0,0,0,0]}],[1],0,[0],[0],[15]],[[{"name":"mango","rect":[0,0,252,256],"offset":[0,0],"originalSize":[252,256],"capInsets":[0,0,0,0]}],[1],0,[0],[0],[16]],[["0,9729,9729,33071,33071,0,0,1",-1],[0],0,[],[],[]],[[{"name":"pen","rect":[0,0,256,214],"offset":[0,0],"originalSize":[256,214],"capInsets":[0,0,0,0]}],[1],0,[0],[0],[17]],[[{"name":"half_glass","rect":[0,0,456,512],"offset":[0,0],"originalSize":[456,512],"capInsets":[0,0,0,0]}],[1],0,[0],[0],[18]],[[{"name":"cat","rect":[0,0,247,256],"offset":[0,0],"originalSize":[247,256],"capInsets":[0,0,0,0]}],[1],0,[0],[0],[19]],[[{"name":"rabbit","rect":[0,0,256,251],"offset":[0,0],"originalSize":[256,251],"capInsets":[0,0,0,0]}],[1],0,[0],[0],[20]]]]