[1,["6aBWZJkYlHU4wIilfVa44m","ecrS4ruOFKea/w2Zo7LrWV","6dqjFHA7BEcLlrt1AatsS6","08ijXEIpVLM4ZqGru1RMNb","2dGej26EZANpGkJjaoFA7O","c9m6r27HxDZaKPgC/BvzKU","e5rxRVXk9F849lIyZG3Bq2"],["_textureSetter"],["cc.Texture2D","cc.SpriteFrame",["cc.AudioClip",["_name","_native","duration"],0],["cc.JsonAsset",["_name","json"],1]],[[2,0,1,2,4],[3,0,1,3]],[[["0,9729,9729,33071,33071,0,0,1",-1],[0],0,[],[],[]],[[{"name":"saw","rect":[0,0,800,532],"offset":[0,0],"originalSize":[800,532],"capInsets":[0,0,0,0]}],[1],0,[0],[0],[0]],[["0,9729,9729,33071,33071,0,0,1",-1],[0],0,[],[],[]],[[{"name":"dasara","rect":[0,0,800,533],"offset":[0,0],"originalSize":[800,533],"capInsets":[0,0,0,0]}],[1],0,[0],[0],[1]],[[{"name":"lenience","rect":[0,0,800,532],"offset":[0,0],"originalSize":[800,532],"capInsets":[0,0,0,0]}],[1],0,[0],[0],[2]],[[[0,"ರಸ",".mp3",0.696],-1],0,0,[],[],[]],[[[0,"ಅರಸ",".mp3",1.08],-1],0,0,[],[],[]],[[[1,"kn0005",{"rows":[["rocket","1","Description","ರಸ","ರ,ಸ","ರ,ಸ","ರಸ.mp3","juice.png","False","False"],["spelldoor","1","Description","ರಸ","*ಸ","0","0","juice.png","ರಸ.mp3"],["rocket","1","Description","ಅರಸ","ಅ,ರಸ","ಅ,ರಸ","ಅರಸ.mp3","kind.png","False","False"],["spelldoor","1","Description","ಸದರ","*ದರ","0","0","lenience.png","ಸದರ.mp3"],["rocket","1","Description","ಅರ","ಅ,ರ","ಅ,ರ","ಅರ.mp3","file.png","False","False"],["spelldoor","1","Description","ಅಗಸ","*ಗಸ","0","0","washerman.png","ಅಗಸ.mp3"],["rocket","1","Description","ದಸರ","ದ,ಸ,ರ","ದ,ಸ,ರ","ದಸರ.mp3","dasara.png","False","False"],["spelldoor","1","Description","ಗರಗಸ","*ರಗಸ","0","0","saw.png","ಗರಗಸ.mp3"],["quizliteracy","1","Description","word_word","ರ","ದ","ರ","ಸ","","_ಸ","ರಸ.mp3"],["quizliteracy","1","Description","word_word","ದ","ರ","ಸ","ದ","","ಸ_ರ","ಸದರ.mp3"],["quizliteracy","1","Description","word_word","ಸ","ಸ","ದ","ರ","","ದ_ರ","ದಸರ.mp3"]]}]],0,0,[],[],[]],[["0,9729,9729,33071,33071,0,0,1",-1],[0],0,[],[],[]],[[{"name":"washerman","rect":[0,0,800,800],"offset":[0,0],"originalSize":[800,800],"capInsets":[0,0,0,0]}],[1],0,[0],[0],[3]],[["0,9729,9729,33071,33071,0,0,1",-1],[0],0,[],[],[]],[[[0,"ದಸರ",".mp3",0.744],-1],0,0,[],[],[]],[[[0,"ಸದರ",".mp3",0.744],-1],0,0,[],[],[]],[[{"name":"file","rect":[0,3,500,244],"offset":[0,0],"originalSize":[500,250],"capInsets":[0,0,0,0]}],[1],0,[0],[0],[4]],[[[0,"ಅಗಸ",".mp3",1.056],-1],0,0,[],[],[]],[["0,9729,9729,33071,33071,0,0,1",-1],[0],0,[],[],[]],[[[0,"ಅರ",".mp3",0.768],-1],0,0,[],[],[]],[[{"name":"juice","rect":[0,0,533,800],"offset":[0,0],"originalSize":[533,800],"capInsets":[0,0,0,0]}],[1],0,[0],[0],[5]],[["0,9729,9729,33071,33071,0,0,1",-1],[0],0,[],[],[]],[[{"name":"kind","rect":[0,0,533,800],"offset":[0,0],"originalSize":[533,800],"capInsets":[0,0,0,0]}],[1],0,[0],[0],[6]],[["0,9729,9729,33071,33071,0,0,1",-1],[0],0,[],[],[]],[[[0,"ಗರಗಸ",".mp3",0.912],-1],0,0,[],[],[]]]]