[1,["1b427U9RRIo6D+Ebx01Eee","cfu+Fe2nFGhaHJzP9zulWR","fcZWouXypG4ZXfvHPnHyoZ","6dOc9aitpCE5PQuLc4peR2","a4Vdm92eNFXY0up8nYIbgr","d4d25FT+FCHZb1VT9x4KJs"],["_textureSetter"],["cc.SpriteFrame","cc.Texture2D",["cc.AudioClip",["_name","_native","duration"],0],["cc.JsonAsset",["_name","json"],1]],[[2,0,1,2,4],[3,0,1,3]],[[[{"name":"sun","rect":[9,0,391,400],"offset":[4.5,0],"originalSize":[400,400],"capInsets":[0,0,0,0]}],[0],0,[0],[0],[0]],[[[0,"ಭೂಮಿ_ಹಚ್ಚ_ಹಸಿರನ್ನು_ಹೊದ್ದು_ನಿಂತಿದೆ",".mp3",2.904],-1],0,0,[],[],[]],[[[0,"ನಮಗೆ_ಹಗಲಿನಲ್ಲಿ_ಬೆಳಕನ್ನು_ಕೊಡುವವನು_ಸೂರ್ಯ",".mp3",3.504],-1],0,0,[],[],[]],[[[0,"ಯೋಧ_ದೇಶಕ್ಕಾಗಿ_ಶ್ರಮಿಸುತ್ತಿದ್ದಾನೆ",".mp3",2.808],-1],0,0,[],[],[]],[["0,9729,9729,33071,33071,0,0,1",-1],[1],0,[],[],[]],[[[0,"ರಾತ್ರಿವೇಳೆ_ಬೆಳಕು_ಕೊಡುವವನು_ಚಂದ್ರ",".mp3",2.736],-1],0,0,[],[],[]],[[{"name":"teacher","rect":[0,0,400,400],"offset":[0,0],"originalSize":[400,400],"capInsets":[0,0,0,0]}],[0],0,[0],[0],[1]],[["0,9729,9729,33071,33071,0,0,1",-1],[1],0,[],[],[]],[[{"name":"soldier","rect":[0,0,400,400],"offset":[0,0],"originalSize":[400,400],"capInsets":[0,0,0,0]}],[0],0,[0],[0],[2]],[[{"name":"green_earth","rect":[0,0,400,400],"offset":[0,0],"originalSize":[400,400],"capInsets":[0,0,0,0]}],[0],0,[0],[0],[3]],[[[0,"ರೈತ_ಹೊಲದಲ್ಲಿ_ದುಡಿಯುತ್ತಾನೆ",".mp3",2.28],-1],0,0,[],[],[]],[["0,9729,9729,33071,33071,0,0,1",-1],[1],0,[],[],[]],[[[0,"ವಿದ್ಯೆ_ಕಲಿಸಿ_ಹಿತವ_ನುಡಿವರು_ನಮ್ಮ_ಗುರುಗಳು",".mp3",3.288],-1],0,0,[],[],[]],[[[1,"kn2_1105",{"rows":[["createsentence","1","Description","ನಮಗೆ/ಹಗಲಿನಲ್ಲಿ/ಬೆಳಕನ್ನು/ಕೊಡುವವನು/ಸೂರ್ಯ.","","sun.png","ನಮಗೆ_ಹಗಲಿನಲ್ಲಿ_ಬೆಳಕನ್ನು_ಕೊಡುವವನು_ಸೂರ್ಯ.mp3"],["createsentence","1","Description","ರೈತ/ಹೊಲದಲ್ಲಿ/ದುಡಿಯುತ್ತಾನೆ.","","farmer.png","ರೈತ_ಹೊಲದಲ್ಲಿ_ದುಡಿಯುತ್ತಾನೆ.mp3"],["createsentence","1","Description","ಯೋಧ/ದೇಶಕ್ಕಾಗಿ/ಶ್ರಮಿಸುತ್ತಿದ್ದಾನೆ.","","soldier.png","ಯೋಧ_ದೇಶಕ್ಕಾಗಿ_ಶ್ರಮಿಸುತ್ತಿದ್ದಾನೆ.mp3"],["createsentence","1","Description","ರಾತ್ರಿವೇಳೆ/ಬೆಳಕು/ಕೊಡುವವನು/ಚಂದ್ರ.","","moon.png","ರಾತ್ರಿವೇಳೆ_ಬೆಳಕು_ಕೊಡುವವನು_ಚಂದ್ರ.mp3"],["createsentence","1","Description","ಭೂಮಿ/ಹಚ್ಚ/ಹಸಿರನ್ನು/ಹೊದ್ದು/ನಿಂತಿದೆ.","","green_earth.png","ಭೂಮಿ_ಹಚ್ಚ_ಹಸಿರನ್ನು_ಹೊದ್ದು_ನಿಂತಿದೆ.mp3"],["createsentence","1","Description","ವಿದ್ಯೆ/ಕಲಿಸಿ/ಹಿತವ/ನುಡಿವರು/ನಮ್ಮ/ಗುರುಗಳು.","","teacher.png","ವಿದ್ಯೆ_ಕಲಿಸಿ_ಹಿತವ_ನುಡಿವರು_ನಮ್ಮ_ಗುರುಗಳು.mp3"],["quizliteracy","1","Description","sentence_sentence","ಹೊಲದಲ್ಲಿ","ದೇಶಕ್ಕಾಗಿ","ಹೊಲದಲ್ಲಿ","ಚಂದ್ರ","","ರೈತ _______ ದುಡಿಯುತ್ತಾನೆ .","ರೈತ_ಹೊಲದಲ್ಲಿ_ದುಡಿಯುತ್ತಾನೆ.mp3"],["quizliteracy","1","Description","sentence_sentence","ದೇಶಕ್ಕಾಗಿ","ಹೊಲದಲ್ಲಿ","ಚಂದ್ರ","ದೇಶಕ್ಕಾಗಿ","","ಯೋಧ __________ ಶ್ರಮಿಸುತ್ತಿದ್ದಾನೆ .","ಯೋಧ_ದೇಶಕ್ಕಾಗಿ_ಶ್ರಮಿಸುತ್ತಿದ್ದಾನೆ.mp3"],["quizliteracy","1","Description","sentence_sentence","ಚಂದ್ರ","ಚಂದ್ರ","ದೇಶಕ್ಕಾಗಿ","ಹೊಲದಲ್ಲಿ","","ರಾತ್ರಿವೇಳೆ ಬೆಳಕು ಕೊಡುವವನು ____ .","ರಾತ್ರಿವೇಳೆ_ಬೆಳಕು_ಕೊಡುವವನು_ಚಂದ್ರ.mp3"]]}]],0,0,[],[],[]],[[{"name":"farmer","rect":[0,0,400,400],"offset":[0,0],"originalSize":[400,400],"capInsets":[0,0,0,0]}],[0],0,[0],[0],[4]],[["0,9729,9729,33071,33071,0,0,1",-1],[1],0,[],[],[]],[[{"name":"moon","rect":[0,0,400,400],"offset":[0,0],"originalSize":[400,400],"capInsets":[0,0,0,0]}],[0],0,[0],[0],[5]],[["0,9729,9729,33071,33071,0,0,1",-1],[1],0,[],[],[]],[["0,9729,9729,33071,33071,0,0,1",-1],[1],0,[],[],[]]]]