[1,["0274jB96lOy5S0q8j1dCDL","95WUvqdrJDDrQPkwoX/CKx","bbF4blN8JMbqlY/8J3BMi5","e1sLGETgtIS454GpLXzBW0","b3VctcDsFLqopgSxSDrpB9","88OHG6rjRDtYoVxQxJUqoY","c1aJcc3q1FgKNPxmk+1+LX"],["_textureSetter"],["cc.Texture2D","cc.SpriteFrame",["cc.AudioClip",["_name","_native","duration"],0],["cc.JsonAsset",["_name","json"],1]],[[2,0,1,2,4],[3,0,1,3]],[[["0,9729,9729,33071,33071,0,0,1",-1],[0],0,[],[],[]],[[[0,"सा",".mp3",0.768],-1],0,0,[],[],[]],[[[1,"hi0911",{"rows":[["openwindow","1","Description","LEGIT","कैं,ची","कैंची.png","मछली.png","कैंची.mp3","ज,ग,न,ल,फ,छा,ता,र,थ,व,न,घ,ट्र,क,घो,ड़ा,हा,थी,आ,म,स"],["openwindow","1","Description","LEGIT","कै,दी","कैदी.png","पुलिस.png","कैदी.mp3","कै,दी"],["openwindow","1","Description","LEGIT","कै,री","कैरी.png","सेब.png","कैरी.mp3","कै,री"],["phonictractor","1","Description","6","कैसा","कैसा.mp3","कै","कै.mp3","सा","सा.mp3"],["rocket","1","Description","कैमरा","कै,म,रा","कै,म,रा","कैमरा.mp3","कैमरा.png","false ","true "],["writeletter","1","Description","ड","डकैत"],["bubbletype","1","Description","10","6","के कै को कौ कं कः","","","","","","के कै को कौ कं कः"],["quizliteracy","1","Description","soundonly_word","कै","कू","कै","की","","","कै.mp3"],["quizliteracy","1","Description","image_word","कैंची","कैमरा","डकैत","कैंची","कैंची.png"],["quizliteracy","1","Description","word_word","कै","कै","कू","कृ","","कै"]]}]],0,0,[],[],[]],[[{"name":"सेब","rect":[0,0,400,400],"offset":[0,0],"originalSize":[400,400],"capInsets":[0,0,0,0]}],[1],0,[0],[0],[0]],[[{"name":"पुलिस","rect":[0,0,225,225],"offset":[0,0],"originalSize":[225,225],"capInsets":[0,0,0,0]}],[1],0,[0],[0],[1]],[[[0,"कैंची",".mp3",0.835918],-1],0,0,[],[],[]],[["0,9729,9729,33071,33071,0,0,1",-1],[0],0,[],[],[]],[[{"name":"कैदी","rect":[0,0,225,225],"offset":[0,0],"originalSize":[225,225],"capInsets":[0,0,0,0]}],[1],0,[0],[0],[2]],[[[0,"कैमरा",".mp3",3.186939],-1],0,0,[],[],[]],[["0,9729,9729,33071,33071,0,0,1",-1],[0],0,[],[],[]],[[{"name":"कैंची","rect":[0,0,193,153],"offset":[0,0],"originalSize":[193,153],"capInsets":[0,0,0,0]}],[1],0,[0],[0],[3]],[["0,9729,9729,33071,33071,0,0,1",-1],[0],0,[],[],[]],[[[0,"क",".mp3",0.418],-1],0,0,[],[],[]],[["0,9729,9729,33071,33071,0,0,1",-1],[0],0,[],[],[]],[[[0,"कै",".mp3",0.522449],-1],0,0,[],[],[]],[[{"name":"कैमरा","rect":[0,0,615,461],"offset":[0,0],"originalSize":[615,461],"capInsets":[0,0,0,0]}],[1],0,[0],[0],[4]],[["0,9729,9729,33071,33071,0,0,1",-1],[0],0,[],[],[]],[[[0,"ै",".mp3",1.854694],-1],0,0,[],[],[]],[["0,9729,9729,33071,33071,0,0,1",-1],[0],0,[],[],[]],[[{"name":"कैरी","rect":[0,0,171,148],"offset":[0,0],"originalSize":[171,148],"capInsets":[0,0,0,0]}],[1],0,[0],[0],[5]],[[{"name":"मछली","rect":[0,0,193,153],"offset":[0,0],"originalSize":[193,153],"capInsets":[0,0,0,0]}],[1],0,[0],[0],[6]]]]