[1,["39nDnXbUpIf5n0cjqJlG5C","b4TOPFlHdAOJrAWxoXGor4","e7R39zrn9CDKAuG1ydCfkP"],["_textureSetter"],["cc.SpriteFrame","cc.Texture2D",["cc.AudioClip",["_name","_native","duration"],0],["cc.JsonAsset",["_name","json"],1]],[[2,0,1,2,4],[3,0,1,3]],[[[{"name":"instrument","rect":[0,0,512,393],"offset":[0,0],"originalSize":[512,393],"capInsets":[0,0,0,0]}],[0],0,[0],[0],[0]],[["0,9729,9729,33071,33071,0,0,1",-1],[1],0,[],[],[]],[[[0,"थ",".mp3",0.783673],-1],0,0,[],[],[]],[[[0,"थपी",".mp3",0.940408],-1],0,0,[],[],[]],[[{"name":"thermometer","rect":[0,0,639,383],"offset":[-0.5,0],"originalSize":[640,383],"capInsets":[0,0,0,0]}],[0],0,[0],[0],[1]],[[[0,"थर्मामीटर",".mp3",1.38449],-1],0,0,[],[],[]],[[{"name":"grave","rect":[0,0,640,480],"offset":[0,0],"originalSize":[640,480],"capInsets":[0,0,0,0]}],[0],0,[0],[0],[2]],[["0,9729,9729,33071,33071,0,0,1",-1],[1],0,[],[],[]],[["0,9729,9729,33071,33071,0,0,1",-1],[1],0,[],[],[]],[[[0,"थडगा",".mp3",1.097143],-1],0,0,[],[],[]],[[[1,"mr0116",{"rows":[["balloonpop","1","Description","2","थ","3","त,ण,थ","थ.mp3"],["phonictractor","1","Description","5","थ","थ.mp3","थ","थ.mp3"],["writeletter","1","Description","थ","थर्मामीटर"],["writecard","1","Description","थ","थर्मामीटर","thermometer.png","थर्मामीटर.mp3","थडगा","grave.png","थडगा.mp3","थपी","instrument.png","थपी.mp3"],["quizliteracy","1","Description","soundonly_word","थ","थ","ढ","प","","","थ.mp3"],["quizliteracy","1","Description","word_word","थ","ढ","प","थ","","थ"],["quizliteracy","1","Description","soundonly_word","थ","थ","ढ","प","","","थ.mp3"]]}]],0,0,[],[],[]]]]