[1,["e9Imixa11APrWXoVbro8iP","e2bARO1FJMfYOiOjBQKsLG","e3LRZlHMxO34ZVCsh4qj8m"],["_textureSetter"],["cc.SpriteFrame","cc.Texture2D",["cc.AudioClip",["_name","_native","duration"],0],["cc.JsonAsset",["_name","json"],1]],[[2,0,1,2,4],[3,0,1,3]],[[[{"name":"student reading","rect":[0,0,500,375],"offset":[0,0],"originalSize":[500,375],"capInsets":[0,0,0,0]}],[0],0,[0],[0],[0]],[[{"name":"school","rect":[0,0,500,281],"offset":[0,0],"originalSize":[500,281],"capInsets":[0,0,0,0]}],[0],0,[0],[0],[1]],[[[0,"ಶಾಲೆಯೇ ಬೆಳಕು",".mp3",1.344],-1],0,0,[],[],[]],[[[1,"kn3303",{"rows":[["createsentence","1","Description","ಪದ್ಯವ/ಕಲಿತು/ರಾಗದಿ/ಹಾಡಿ/ಮೆಚ್ಚುಗೆ/ಗಳಿಸಬಹುದು","","student_in_classroom.png","ಪದ್ಯವ ಕಲಿತು ರಾಗದಿ ಹಾಡಿ ಮೆಚ್ಚುಗೆ ಗಳಿಸಬಹುದು.mp3"],["createsentence","1","Description","ಶಾಲೆಯೇ/ಬೆಳಕು","","school.png","ಶಾಲೆಯೇ ಬೆಳಕು.mp3"],["createsentence","1","Description","ಪಾಠವನ್ನು/ಓದಿ,/ಲೆಕ್ಕವನ್ನು/ಮಾಡಿ/ಜಾಣನಾಗಬಹುದು","","student reading.png","ಪಾಠವನ್ನು ಓದಿ, ಲೆಕ್ಕವನ್ನು ಮಾಡಿ ಜಾಣನಾಗಬಹುದು.mp3"],["quizliteracy","1","Description","image_sentence","ಪಾಠವನ್ನು ಓದಿ, ಲೆಕ್ಕವನ್ನು ಮಾಡಿ ಜಾಣನಾಗಬಹುದು","ಪದ್ಯವ ಕಲಿತು ರಾಗದಿ ಹಾಡಿ ಮೆಚ್ಚುಗೆ ಗಳಿಸಬಹುದು","ಪಾಠವನ್ನು ಓದಿ, ಲೆಕ್ಕವನ್ನು ಮಾಡಿ ಜಾಣನಾಗಬಹುದು","ಶಾಲೆಯೇ ಬೆಳಕು","student reading.png","","ಪಾಠವನ್ನು ಓದಿ, ಲೆಕ್ಕವನ್ನು ಮಾಡಿ ಜಾಣನಾಗಬಹುದು.mp3"],["quizliteracy","1","Description","sentence_sentence","ಪದ್ಯವ ಕಲಿತು ರಾಗದಿ ಹಾಡಿ ಮೆಚ್ಚುಗೆ ಗಳಿಸಬಹುದು","ಪದ್ಯವ ಕಲಿತು ರಾಗದಿ ಹಾಡಿ ಮೆಚ್ಚುಗೆ ಗಳಿಸಬಹುದು","ಪದ್ಯವ ಗಳಿಸಬಹುದು ಕಲಿತು ರಾಗದಿ ಮೆಚ್ಚುಗೆ ಹಾಡಿ","ಮೆಚ್ಚುಗೆ ಕಲಿತು ಪದ್ಯವ ಗಳಿಸಬಹುದು ರಾಗದಿ ಹಾಡಿ","","ಸರಿಯಾದದನ್ನು ಆರಿಸಿ","ಪದ್ಯವ ಕಲಿತು ರಾಗದಿ ಹಾಡಿ ಮೆಚ್ಚುಗೆ ಗಳಿಸಬಹುದು.mp3"],["quizliteracy","1","Description","soundonly_sentence","ಶಾಲೆಯೇ ಬೆಳಕು","ಪಾಠವನ್ನು ಓದಿ, ಲೆಕ್ಕವನ್ನು ಮಾಡಿ ಜಾಣನಾಗಬಹುದು","ಶಾಲೆಯೇ ಬೆಳಕು","ಪದ್ಯವ ಕಲಿತು ರಾಗದಿ ಹಾಡಿ ಮೆಚ್ಚುಗೆ ಗಳಿಸಬಹುದು","","","ಶಾಲೆಯೇ ಬೆಳಕು.mp3"]]}]],0,0,[],[],[]],[["0,9729,9729,33071,33071,0,0,1",-1],[1],0,[],[],[]],[["0,9729,9729,33071,33071,0,0,1",-1],[1],0,[],[],[]],[[{"name":"student_in_classroom","rect":[0,0,324,500],"offset":[0,0],"originalSize":[324,500],"capInsets":[0,0,0,0]}],[0],0,[0],[0],[2]],[["0,9729,9729,33071,33071,0,0,1",-1],[1],0,[],[],[]],[[[0,"ಪದ್ಯವ ಕಲಿತು ರಾಗದಿ ಹಾಡಿ ಮೆಚ್ಚುಗೆ ಗಳಿಸಬಹುದು",".mp3",3.264],-1],0,0,[],[],[]],[[[0,"ಪಾಠವನ್ನು ಓದಿ, ಲೆಕ್ಕವನ್ನು ಮಾಡಿ ಜಾಣನಾಗಬಹುದು",".mp3",3.456],-1],0,0,[],[],[]]]]