[1,["25mF/CbqFA6LNgqtgSky89","4f1ES1L25C06FftNa9NxYr","2foDW2MHhPFJlMjCRLg8Mt","93AoERXpBJN7LiVqy6ffTa","33Ma9wsvZK7YwZ9QydGZ1R"],["_textureSetter"],["cc.Texture2D","cc.SpriteFrame",["cc.AudioClip",["_name","_native","duration"],0],["cc.JsonAsset",["_name","json"],1]],[[2,0,1,2,4],[3,0,1,3]],[[["0,9729,9729,33071,33071,0,0,1",-1],[0],0,[],[],[]],[[[0,"Three_fourth_apple",".mp3",1.28],-1],0,0,[],[],[]],[["0,9729,9729,33071,33071,0,0,1",-1],[0],0,[],[],[]],[["0,9729,9729,33071,33071,0,0,1",-1],[0],0,[],[],[]],[[[0,"Three_fourth_moon",".mp3",1.17551],-1],0,0,[],[],[]],[[[0,"Three_fourth_rectangle",".mp3",1.567347],-1],0,0,[],[],[]],[["0,9729,9729,33071,33071,0,0,1",-1],[0],0,[],[],[]],[[{"name":"Quarter_star","rect":[0,0,512,414],"offset":[0,0],"originalSize":[512,414],"capInsets":[0,0,0,0]}],[1],0,[0],[0],[0]],[[[0,"Three_fourth_square",".mp3",1.28],-1],0,0,[],[],[]],[[[0,"Three_fourth_star",".mp3",1.358367],-1],0,0,[],[],[]],[["0,9729,9729,33071,33071,0,0,1",-1],[0],0,[],[],[]],[[{"name":"Quarter_circle","rect":[0,0,512,496],"offset":[0,0],"originalSize":[512,496],"capInsets":[0,0,0,0]}],[1],0,[0],[0],[1]],[[{"name":"Half_star","rect":[0,0,512,421],"offset":[0,0],"originalSize":[512,421],"capInsets":[0,0,0,0]}],[1],0,[0],[0],[2]],[[{"name":"Half_circle","rect":[3,0,506,251],"offset":[0,0],"originalSize":[512,251],"capInsets":[0,0,0,0]}],[1],0,[0],[0],[3]],[[{"name":"half_moon","rect":[0,0,512,464],"offset":[0,0],"originalSize":[512,464],"capInsets":[0,0,0,0]}],[1],0,[0],[0],[4]],[[[0,"Three_fourth_circle",".mp3",1.436735],-1],0,0,[],[],[]],[[[0,"Three_fourth_triangle",".mp3",1.48898],-1],0,0,[],[],[]],[[[0,"Three_fourth_pizza",".mp3",1.306122],-1],0,0,[],[],[]],[[[1,"sl_en3819",{"rows":[["createsentence","1","Description","Three/fourth/apple.","","Three_fourth_apple.png","Three_fourth_apple.mp3"],["createsentence","1","Description","Three/fourth/pizza.","","Three_fourth_pizza.png","Three_fourth_pizza.mp3"],["createsentence","1","Description","Three/fourth/circle.","","Three_fourth_circle.png","Three_fourth_circle.mp3"],["createsentence","1","Description","Three/fourth/square.","","Three_fourth_square.png","Three_fourth_square.mp3"],["createsentence","1","Description","Three/fourth/moon.","","Three_fourth_moon.png","Three_fourth_moon.mp3"],["createsentence","1","Description","Three/fourth/star.","","Three_fourth_star.png","Three_fourth_star.mp3"],["createsentence","1","Description","Three/fourth/triangle.","","Three_fourth_triangle.png","Three_fourth_triangle.mp3"],["createsentence","1","Description","Three/fourth/rectangle.","","Three_fourth_rectangle.png","Three_fourth_rectangle.mp3"],["quizliteracy","1","Description","soundonly_image","Three_fourth_circle.png","Quarter_circle.png","Three_fourth_circle.png","Half_circle.png","","","Three_fourth_circle.mp3"],["quizliteracy","1","Description","soundonly_image","Three_fourth_moon.png","Three_fourth_moon.png","Quarter_moon.png","half_moon.png","","","Three_fourth_moon.mp3"],["quizliteracy","1","Description","soundonly_image","Three_fourth_star.png","Quarter_star.png","Half_star.png","Three_fourth_star.png","","","Three_fourth_star.mp3"]]}]],0,0,[],[],[]]]]