[1,["028+TvxxBJPrwKiEE7SdpQ","0bqNeCH8VKh43BSY6AYp58","c8NfLzFcBDnZOqY2k/copk","b4LokxLOVJh5wnUn7bFP/e","31oQcJWrRPj41n9S20sVvZ","74Syt4NPdJ/rzhqf4EBsv3","4d8Xa4J0hFk5Csj/v0uaNF","1dQUCeaFlLU60e0TmFg3ug","77X0dyx/xK+5fyx+377ec8","08TLvnlOlLV527Y8IJKoj6","3cHAmvpjRNi6ayFmry876Z","b8h24tLQ1Hq4m9pDAISc/I","13H651GkxIortplgKc9xaG","e1JZ/jAXFFeoWxh75NJDWU"],["_textureSetter"],["cc.Texture2D","cc.SpriteFrame",["cc.AudioClip",["_name","_native","duration"],0],["cc.JsonAsset",["_name","json"],1]],[[2,0,1,2,4],[3,0,1,3]],[[[[0,"Quarter_moon",".mp3",0.966531],-1],0,0,[],[],[]],[["0,9729,9729,33071,33071,0,0,1",-1],[0],0,[],[],[]],[["0,9729,9729,33071,33071,0,0,1",-1],[0],0,[],[],[]],[[[0,"Quarter_apple",".mp3",1.044898],-1],0,0,[],[],[]],[["0,9729,9729,33071,33071,0,0,1",-1],[0],0,[],[],[]],[[{"name":"Quarter_apple","rect":[0,0,512,512],"offset":[0,0],"originalSize":[512,512],"capInsets":[0,0,0,0]}],[1],0,[0],[0],[0]],[["0,9729,9729,33071,33071,0,0,1",-1],[0],0,[],[],[]],[["0,9729,9729,33071,33071,0,0,1",-1],[0],0,[],[],[]],[[{"name":"Three_fourth_pizza","rect":[0,0,512,512],"offset":[0,0],"originalSize":[512,512],"capInsets":[0,0,0,0]}],[1],0,[0],[0],[1]],[[[0,"Quarter_square",".mp3",0.966531],-1],0,0,[],[],[]],[[[0,"Quarter_pizza",".mp3",1.149388],-1],0,0,[],[],[]],[[[0,"Quarter_star",".mp3",0.966531],-1],0,0,[],[],[]],[["0,9729,9729,33071,33071,0,0,1",-1],[0],0,[],[],[]],[["0,9729,9729,33071,33071,0,0,1",-1],[0],0,[],[],[]],[[{"name":"Quarter_moon","rect":[0,0,512,394],"offset":[0,0],"originalSize":[512,394],"capInsets":[0,0,0,0]}],[1],0,[0],[0],[2]],[["0,9729,9729,33071,33071,0,0,1",-1],[0],0,[],[],[]],[[{"name":"Quarter_triangle","rect":[0,0,512,410],"offset":[0,0],"originalSize":[512,410],"capInsets":[0,0,0,0]}],[1],0,[0],[0],[3]],[[{"name":"Three_fourth_rectangle","rect":[0,0,512,355],"offset":[0,0],"originalSize":[512,355],"capInsets":[0,0,0,0]}],[1],0,[0],[0],[4]],[[{"name":"Half_pizza","rect":[0,0,1013,891],"offset":[0,0],"originalSize":[1013,891],"capInsets":[0,0,0,0]}],[1],0,[0],[0],[5]],[[[0,"Quarter_circle",".mp3",1.018776],-1],0,0,[],[],[]],[[[0,"Quarter_triangle",".mp3",1.17551],-1],0,0,[],[],[]],[["0,9729,9729,33071,33071,0,0,1",-1],[0],0,[],[],[]],[["0,9729,9729,33071,33071,0,0,1",-1],[0],0,[],[],[]],[[{"name":"Quarter_star","rect":[0,0,512,414],"offset":[0,0],"originalSize":[512,414],"capInsets":[0,0,0,0]}],[1],0,[0],[0],[6]],[[{"name":"Quarter_circle","rect":[0,0,512,496],"offset":[0,0],"originalSize":[512,496],"capInsets":[0,0,0,0]}],[1],0,[0],[0],[7]],[[{"name":"Three_fourth_square","rect":[0,0,512,457],"offset":[0,0],"originalSize":[512,457],"capInsets":[0,0,0,0]}],[1],0,[0],[0],[8]],[[{"name":"Quarter_pizza","rect":[0,0,1013,891],"offset":[0,0],"originalSize":[1013,891],"capInsets":[0,0,0,0]}],[1],0,[0],[0],[9]],[[{"name":"Half_rectangle","rect":[0,0,512,257],"offset":[0,0],"originalSize":[512,257],"capInsets":[0,0,0,0]}],[1],0,[0],[0],[10]],[[{"name":"Quarter_square","rect":[0,0,512,455],"offset":[0,0],"originalSize":[512,455],"capInsets":[0,0,0,0]}],[1],0,[0],[0],[11]],[[[1,"en3618",{"rows":[["createsentence","1","Description","Quarter/apple.","","Quarter_apple.png","Quarter_apple.mp3"],["createsentence","1","Description","Quarter/pizza.","","Quarter_pizza.png","Quarter_pizza.mp3"],["createsentence","1","Description","Quarter/circle.","","Quarter_circle.png","Quarter_circle.mp3"],["createsentence","1","Description","Quarter/square.","","Quarter_square.png","Quarter_square.mp3"],["createsentence","1","Description","Quarter/moon.","","Quarter_moon.png","Quarter_moon.mp3"],["createsentence","1","Description","Quarter/star.","","Quarter_star.png","Quarter_star.mp3"],["createsentence","1","Description","Quarter/triangle.","","Quarter_triangle.png","Quarter_triangle.mp3"],["createsentence","1","Description","Quarter/rectangle.","","Quarter_rectangle.png","Quarter_rectangle.mp3"],["quizliteracy","1","Description","soundonly_image","Quarter_pizza.png","Three_fourth_pizza.png","Half_pizza.png","Quarter_pizza.png","","","Quarter_pizza.mp3"],["quizliteracy","1","Description","soundonly_image","Quarter_square.png","Half_square.png","Quarter_square.png","Three_fourth_square.png","","","Quarter_square.mp3"],["quizliteracy","1","Description","soundonly_image","Quarter_rectangle.png","Quarter_rectangle.png","Half_rectangle.png","Three_fourth_rectangle.png","","","Quarter_rectangle.mp3"]]}]],0,0,[],[],[]],[["0,9729,9729,33071,33071,0,0,1",-1],[0],0,[],[],[]],[["0,9729,9729,33071,33071,0,0,1",-1],[0],0,[],[],[]],[["0,9729,9729,33071,33071,0,0,1",-1],[0],0,[],[],[]],[[[0,"Quarter_rectangle",".mp3",1.306122],-1],0,0,[],[],[]],[[{"name":"Quarter_rectangle","rect":[0,0,512,233],"offset":[0,0],"originalSize":[512,233],"capInsets":[0,0,0,0]}],[1],0,[0],[0],[12]],[[{"name":"Half_square","rect":[0,0,512,448],"offset":[0,0],"originalSize":[512,448],"capInsets":[0,0,0,0]}],[1],0,[0],[0],[13]],[["0,9729,9729,33071,33071,0,0,1",-1],[0],0,[],[],[]]]]