[1,["c84mG0schL0L59Vt5fc62t"],["_textureSetter"],["cc.SpriteFrame","cc.Texture2D",["cc.JsonAsset",["_name","json"],1],["cc.AudioClip",["_name","_native","duration"],0]],[[3,0,1,2,4],[2,0,1,3]],[[[[1,"hi0902",{"rows":[["phonictractor","1","Description","6","ले","ले.mp3","ल","ल.mp3","े","े.mp3"],["phonictractor","1","Description","6","पै","पै.mp3","प","प.mp3","ै","ै.mp3"],["phonictractor","1","Description","6","गो","गो.mp3","ग","ग.mp3","ो","ो.mp3"],["phonictractor","1","Description","6","गौ","गौ.mp3","ग","ग.mp3","ौ","ौ.mp3"],["phonictractor","1","Description","4","णः","णः.mp3","ण","ण.mp3","ः","ः.mp3"],["phonictractor","1","Description","5","हँ","हँ.mp3","ह","ह.mp3"," ँ","ँ.mp3"],["quizliteracy","1","Description","soundonly_word","पै","ले","पै","गौ","","","पै.mp3"],["quizliteracy","1","Description","soundonly_word","गो","था","गो","गौ","","","गो.mp3"],["quizliteracy","1","Description","word_word","हँ","हँ","गौ","पै","","हँ"]]}]],0,0,[],[],[]],[[[0,"गौ",".mp3",0.731429],-1],0,0,[],[],[]],[[[0,"प",".mp3",0.49625],-1],0,0,[],[],[]],[[[0,"ै",".mp3",1.854694],-1],0,0,[],[],[]],[[[0,"हँ",".mp3",0.470204],-1],0,0,[],[],[]],[[[0,"ग",".mp3",0.627],-1],0,0,[],[],[]],[[[0,"ह",".mp3",0.49625],-1],0,0,[],[],[]],[[[0,"ण",".mp3",0.418],-1],0,0,[],[],[]],[[[0,"ः",".mp3",1.567347],-1],0,0,[],[],[]],[[[0,"ले",".mp3",0.626939],-1],0,0,[],[],[]],[[[0,"ल",".mp3",0.47025],-1],0,0,[],[],[]],[[[0,"गो",".mp3",0.626939],-1],0,0,[],[],[]],[[[0,"ँ",".mp3",1.645714],-1],0,0,[],[],[]],[[[0,"ो",".mp3",1.906939],-1],0,0,[],[],[]],[[[0,"े",".mp3",1.541224],-1],0,0,[],[],[]],[[{"name":"खरगोश","rect":[0,0,400,333],"offset":[0,0],"originalSize":[400,333],"capInsets":[0,0,0,0]}],[0],0,[0],[0],[0]],[["0,9729,9729,33071,33071,0,0,1",-1],[1],0,[],[],[]],[[[0,"पै",".mp3",0.470204],-1],0,0,[],[],[]],[[[0,"ौ",".mp3",1.750204],-1],0,0,[],[],[]],[[[0,"णः",".mp3",0.600816],-1],0,0,[],[],[]]]]