[1,["b3GVr3u49JP4mrKU8tGjKu","cbgVS8l0dIV4G3swMXc0US"],["_textureSetter"],["cc.SpriteFrame","cc.Texture2D",["cc.JsonAsset",["_name","json"],1]],[[2,0,1,3]],[[[[0,"drawshape0011",{"rows":[["drawshape","1","Description","trophy-outline-tutorial.png"]]}]],0,0,[],[],[]],[[{"name":"trophy-outline-tutorial","rect":[193,1,610,611],"offset":[-2,-0.5],"originalSize":[1000,612],"capInsets":[0,0,0,0]}],[0],0,[0],[0],[0]],[["0,9729,9729,33071,33071,0,0,1",-1],[1],0,[],[],[]],[[[0,"trophy-outline-tutorial-json",[[{"x":394.5,"y":483.5},{"x":394.5,"y":487.5},{"x":394.5,"y":491.5},{"x":397.5,"y":494.5},{"x":398.5,"y":497.5},{"x":401.5,"y":498.5},{"x":403.5,"y":501.5},{"x":407.5,"y":503.5},{"x":411.5,"y":503.5},{"x":414.5,"y":504.5},{"x":417.5,"y":506.5},{"x":420.5,"y":505.5},{"x":424.5,"y":505.5},{"x":428.5,"y":505.5},{"x":432.5,"y":505.5},{"x":435.5,"y":506.5},{"x":439.5,"y":506.5},{"x":445.5,"y":506.5},{"x":449.5,"y":507.5},{"x":454.5,"y":507.5},{"x":457.5,"y":508.5},{"x":461.5,"y":508.5},{"x":465.5,"y":510.5},{"x":468.5,"y":509.5},{"x":471.5,"y":511.5},{"x":474.5,"y":510.5},{"x":477.5,"y":511.5},{"x":481.5,"y":511.5},{"x":485.5,"y":511.5},{"x":489.5,"y":511.5},{"x":493.5,"y":511.5},{"x":498.5,"y":511.5},{"x":503.5,"y":511.5},{"x":507.5,"y":511.5},{"x":511.5,"y":511.5},{"x":515.5,"y":511.5},{"x":519.5,"y":511.5},{"x":523.5,"y":511.5},{"x":527.5,"y":511.5},{"x":531.5,"y":511.5},{"x":535.5,"y":511.5},{"x":539.5,"y":511.5},{"x":543.5,"y":511.5},{"x":547.5,"y":511.5},{"x":552.5,"y":511.5},{"x":557.5,"y":511.5},{"x":562.5,"y":511.5},{"x":568.5,"y":511.5},{"x":572.5,"y":511.5},{"x":576.5,"y":511.5},{"x":581.5,"y":511.5},{"x":585.5,"y":511.5},{"x":589.5,"y":511.5},{"x":593.5,"y":511.5},{"x":597.5,"y":511.5},{"x":601.5,"y":511.5},{"x":605.5,"y":511.5},{"x":609.5,"y":511.5},{"x":612.5,"y":509.5},{"x":616.5,"y":509.5},{"x":619.5,"y":508.5},{"x":620.5,"y":505.5},{"x":623.5,"y":503.5},{"x":625.5,"y":499.5},{"x":627.5,"y":495.5},{"x":626.5,"y":492.5},{"x":627.5,"y":489.5},{"x":627.5,"y":485.5},{"x":630.5,"y":483.5},{"x":634.5,"y":484.5},{"x":638.5,"y":482.5},{"x":642.5,"y":483.5},{"x":645.5,"y":482.5},{"x":649.5,"y":482.5},{"x":653.5,"y":482.5},{"x":657.5,"y":482.5},{"x":662.5,"y":482.5},{"x":667.5,"y":482.5},{"x":672.5,"y":482.5},{"x":676.5,"y":482.5},{"x":683.5,"y":482.5},{"x":686.5,"y":480.5},{"x":690.5,"y":481.5},{"x":693.5,"y":479.5},{"x":696.5,"y":480.5},{"x":700.5,"y":480.5},{"x":704.5,"y":480.5},{"x":708.5,"y":480.5},{"x":712.5,"y":480.5},{"x":715.5,"y":479.5},{"x":718.5,"y":478.5},{"x":722.5,"y":478.5},{"x":726.5,"y":478.5},{"x":729.5,"y":477.5},{"x":730.5,"y":474.5},{"x":733.5,"y":475.5},{"x":733.5,"y":471.5},{"x":734.5,"y":468.5},{"x":736.5,"y":465.5},{"x":735.5,"y":460.5},{"x":735.5,"y":456.5},{"x":735.5,"y":451.5},{"x":735.5,"y":446.5},{"x":735.5,"y":440.5},{"x":733.5,"y":437.5},{"x":731.5,"y":433.5},{"x":729.5,"y":429.5},{"x":728.5,"y":426.5},{"x":726.5,"y":421.5},{"x":724.5,"y":416.5},{"x":722.5,"y":413.5},{"x":723.5,"y":410.5},{"x":722.5,"y":407.5},{"x":721.5,"y":403.5},{"x":719.5,"y":400.5},{"x":720.5,"y":396.5},{"x":718.5,"y":393.5},{"x":719.5,"y":389.5},{"x":718.5,"y":386.5},{"x":716.5,"y":383.5},{"x":715.5,"y":380.5},{"x":712.5,"y":376.5},{"x":709.5,"y":371.5},{"x":709.5,"y":367.5},{"x":707.5,"y":364.5},{"x":706.5,"y":361.5},{"x":705.5,"y":358.5},{"x":703.5,"y":354.5},{"x":700.5,"y":349.5},{"x":698.5,"y":346.5},{"x":695.5,"y":343.5},{"x":694.5,"y":339.5},{"x":691.5,"y":336.5},{"x":690.5,"y":333.5},{"x":687.5,"y":332.5},{"x":687.5,"y":328.5},{"x":684.5,"y":324.5},{"x":682.5,"y":321.5},{"x":680.5,"y":318.5},{"x":677.5,"y":315.5},{"x":675.5,"y":312.5},{"x":672.5,"y":310.5},{"x":669.5,"y":307.5},{"x":666.5,"y":306.5},{"x":664.5,"y":303.5},{"x":661.5,"y":301.5},{"x":658.5,"y":300.5},{"x":657.5,"y":297.5},{"x":654.5,"y":295.5},{"x":651.5,"y":294.5},{"x":648.5,"y":291.5},{"x":645.5,"y":292.5},{"x":642.5,"y":291.5},{"x":640.5,"y":288.5},{"x":635.5,"y":288.5},{"x":632.5,"y":285.5},{"x":630.5,"y":282.5},{"x":627.5,"y":279.5},{"x":624.5,"y":278.5},{"x":622.5,"y":275.5},{"x":619.5,"y":273.5},{"x":615.5,"y":271.5},{"x":611.5,"y":271.5},{"x":608.5,"y":268.5},{"x":604.5,"y":266.5},{"x":601.5,"y":265.5},{"x":600.5,"y":262.5},{"x":598.5,"y":259.5},{"x":595.5,"y":258.5},{"x":592.5,"y":255.5},{"x":589.5,"y":254.5},{"x":588.5,"y":251.5},{"x":585.5,"y":250.5},{"x":584.5,"y":247.5},{"x":581.5,"y":246.5},{"x":578.5,"y":243.5},{"x":575.5,"y":242.5},{"x":574.5,"y":239.5},{"x":571.5,"y":238.5},{"x":567.5,"y":238.5},{"x":564.5,"y":237.5},{"x":561.5,"y":235.5},{"x":558.5,"y":234.5},{"x":555.5,"y":233.5},{"x":555.5,"y":229.5},{"x":555.5,"y":224.5},{"x":555.5,"y":220.5},{"x":555.5,"y":216.5},{"x":555.5,"y":212.5},{"x":555.5,"y":208.5},{"x":555.5,"y":204.5},{"x":555.5,"y":200.5},{"x":556.5,"y":197.5},{"x":559.5,"y":194.5},{"x":560.5,"y":191.5},{"x":562.5,"y":187.5},{"x":563.5,"y":183.5},{"x":566.5,"y":180.5},{"x":567.5,"y":177.5},{"x":570.5,"y":173.5},{"x":572.5,"y":170.5},{"x":575.5,"y":169.5},{"x":578.5,"y":166.5},{"x":581.5,"y":165.5},{"x":584.5,"y":161.5},{"x":587.5,"y":160.5},{"x":590.5,"y":157.5},{"x":593.5,"y":156.5},{"x":597.5,"y":154.5},{"x":600.5,"y":153.5},{"x":604.5,"y":153.5},{"x":607.5,"y":150.5},{"x":611.5,"y":150.5},{"x":614.5,"y":147.5},{"x":618.5,"y":147.5},{"x":621.5,"y":146.5},{"x":624.5,"y":142.5},{"x":626.5,"y":139.5},{"x":626.5,"y":135.5},{"x":627.5,"y":132.5},{"x":628.5,"y":129.5},{"x":628.5,"y":125.5},{"x":628.5,"y":120.5},{"x":628.5,"y":115.5},{"x":627.5,"y":110.5},{"x":626.5,"y":107.5},{"x":626.5,"y":103.5},{"x":626.5,"y":99.5},{"x":625.5,"y":96.5},{"x":625.5,"y":91.5},{"x":623.5,"y":88.5},{"x":624.5,"y":85.5},{"x":624.5,"y":81.5},{"x":624.5,"y":77.5},{"x":623.5,"y":74.5},{"x":621.5,"y":71.5},{"x":621.5,"y":67.5},{"x":618.5,"y":65.5},{"x":616.5,"y":61.5},{"x":613.5,"y":60.5},{"x":610.5,"y":59.5},{"x":606.5,"y":58.5},{"x":601.5,"y":57.5},{"x":597.5,"y":57.5},{"x":593.5,"y":57.5},{"x":589.5,"y":57.5},{"x":585.5,"y":57.5},{"x":580.5,"y":57.5},{"x":576.5,"y":57.5},{"x":571.5,"y":57.5},{"x":565.5,"y":57.5},{"x":556.5,"y":57.5},{"x":550.5,"y":58.5},{"x":543.5,"y":58.5},{"x":539.5,"y":58.5},{"x":535.5,"y":58.5},{"x":531.5,"y":58.5},{"x":528.5,"y":59.5},{"x":520.5,"y":59.5},{"x":513.5,"y":59.5},{"x":495.5,"y":59.5},{"x":500.5,"y":59.5},{"x":496.5,"y":59.5},{"x":492.5,"y":59.5},{"x":489.5,"y":60.5},{"x":486.5,"y":59.5},{"x":481.5,"y":59.5},{"x":477.5,"y":59.5},{"x":473.5,"y":59.5},{"x":469.5,"y":59.5},{"x":465.5,"y":59.5},{"x":460.5,"y":60.5},{"x":455.5,"y":60.5},{"x":451.5,"y":60.5},{"x":447.5,"y":60.5},{"x":442.5,"y":60.5},{"x":438.5,"y":60.5},{"x":434.5,"y":60.5},{"x":430.5,"y":60.5},{"x":426.5,"y":60.5},{"x":422.5,"y":60.5},{"x":418.5,"y":60.5},{"x":414.5,"y":60.5},{"x":410.5,"y":60.5},{"x":406.5,"y":60.5},{"x":405.5,"y":63.5},{"x":402.5,"y":62.5},{"x":401.5,"y":65.5},{"x":398.5,"y":67.5},{"x":399.5,"y":70.5},{"x":398.5,"y":74.5},{"x":398.5,"y":78.5},{"x":398.5,"y":82.5},{"x":397.5,"y":87.5},{"x":395.5,"y":90.5},{"x":396.5,"y":95.5},{"x":396.5,"y":99.5},{"x":396.5,"y":103.5},{"x":394.5,"y":106.5},{"x":395.5,"y":110.5},{"x":395.5,"y":114.5},{"x":394.5,"y":117.5},{"x":394.5,"y":121.5},{"x":394.5,"y":125.5},{"x":394.5,"y":129.5},{"x":394.5,"y":133.5},{"x":395.5,"y":137.5},{"x":398.5,"y":139.5},{"x":399.5,"y":142.5},{"x":402.5,"y":141.5},{"x":406.5,"y":141.5},{"x":409.5,"y":143.5},{"x":412.5,"y":145.5},{"x":415.5,"y":147.5},{"x":418.5,"y":148.5},{"x":420.5,"y":151.5},{"x":423.5,"y":152.5},{"x":424.5,"y":155.5},{"x":427.5,"y":157.5},{"x":430.5,"y":160.5},{"x":434.5,"y":164.5},{"x":437.5,"y":166.5},{"x":438.5,"y":171.5},{"x":441.5,"y":172.5},{"x":442.5,"y":175.5},{"x":445.5,"y":177.5},{"x":446.5,"y":180.5},{"x":450.5,"y":181.5},{"x":452.5,"y":184.5},{"x":455.5,"y":185.5},{"x":456.5,"y":188.5},{"x":458.5,"y":192.5},{"x":460.5,"y":196.5},{"x":462.5,"y":200.5},{"x":461.5,"y":203.5},{"x":464.5,"y":205.5},{"x":461.5,"y":204.5},{"x":462.5,"y":207.5},{"x":464.5,"y":210.5},{"x":463.5,"y":214.5},{"x":464.5,"y":217.5},{"x":464.5,"y":221.5},{"x":464.5,"y":225.5},{"x":464.5,"y":229.5},{"x":464.5,"y":233.5},{"x":461.5,"y":234.5},{"x":458.5,"y":237.5},{"x":455.5,"y":239.5},{"x":451.5,"y":239.5},{"x":449.5,"y":242.5},{"x":446.5,"y":241.5},{"x":444.5,"y":246.5},{"x":441.5,"y":250.5},{"x":438.5,"y":251.5},{"x":435.5,"y":254.5},{"x":432.5,"y":255.5},{"x":430.5,"y":258.5},{"x":429.5,"y":261.5},{"x":425.5,"y":262.5},{"x":426.5,"y":265.5},{"x":422.5,"y":266.5},{"x":417.5,"y":267.5},{"x":412.5,"y":268.5},{"x":409.5,"y":269.5},{"x":404.5,"y":272.5},{"x":401.5,"y":273.5},{"x":398.5,"y":274.5},{"x":392.5,"y":276.5},{"x":387.5,"y":278.5},{"x":383.5,"y":281.5},{"x":378.5,"y":282.5},{"x":375.5,"y":284.5},{"x":371.5,"y":284.5},{"x":369.5,"y":288.5},{"x":362.5,"y":290.5},{"x":354.5,"y":296.5},{"x":349.5,"y":300.5},{"x":346.5,"y":304.5},{"x":343.5,"y":307.5},{"x":340.5,"y":310.5},{"x":337.5,"y":315.5},{"x":329.5,"y":320.5},{"x":327.5,"y":325.5},{"x":324.5,"y":326.5},{"x":322.5,"y":330.5},{"x":321.5,"y":333.5},{"x":318.5,"y":336.5},{"x":319.5,"y":339.5},{"x":318.5,"y":343.5},{"x":312.5,"y":355.5},{"x":309.5,"y":362.5},{"x":306.5,"y":370.5},{"x":304.5,"y":373.5},{"x":303.5,"y":376.5},{"x":299.5,"y":376.5},{"x":300.5,"y":379.5},{"x":300.5,"y":383.5},{"x":298.5,"y":386.5},{"x":299.5,"y":390.5},{"x":298.5,"y":393.5},{"x":296.5,"y":398.5},{"x":297.5,"y":402.5},{"x":296.5,"y":406.5},{"x":296.5,"y":410.5},{"x":294.5,"y":413.5},{"x":295.5,"y":416.5},{"x":292.5,"y":419.5},{"x":293.5,"y":422.5},{"x":292.5,"y":427.5},{"x":291.5,"y":432.5},{"x":289.5,"y":436.5},{"x":290.5,"y":440.5},{"x":290.5,"y":444.5},{"x":288.5,"y":447.5},{"x":289.5,"y":450.5},{"x":287.5,"y":454.5},{"x":288.5,"y":459.5},{"x":288.5,"y":463.5},{"x":288.5,"y":467.5},{"x":288.5,"y":471.5},{"x":288.5,"y":475.5},{"x":289.5,"y":478.5},{"x":292.5,"y":479.5},{"x":293.5,"y":482.5},{"x":296.5,"y":481.5},{"x":299.5,"y":482.5},{"x":303.5,"y":482.5},{"x":307.5,"y":482.5},{"x":311.5,"y":482.5},{"x":315.5,"y":482.5},{"x":321.5,"y":482.5},{"x":325.5,"y":482.5},{"x":330.5,"y":481.5},{"x":335.5,"y":481.5},{"x":339.5,"y":481.5},{"x":345.5,"y":481.5},{"x":351.5,"y":481.5},{"x":356.5,"y":480.5},{"x":361.5,"y":480.5},{"x":365.5,"y":480.5},{"x":369.5,"y":480.5},{"x":372.5,"y":481.5},{"x":375.5,"y":482.5},{"x":380.5,"y":482.5},{"x":384.5,"y":482.5},{"x":388.5,"y":482.5},{"x":392.5,"y":482.5},{"x":395.5,"y":483.5},{"x":395.5,"y":483.5}]]]],0,0,[],[],[]],[[{"name":"trophy-outline","rect":[203,11,590,591],"offset":[-2,-0.5],"originalSize":[1000,612],"capInsets":[0,0,0,0]}],[0],0,[0],[0],[1]],[["0,9729,9729,33071,33071,0,0,1",-1],[1],0,[],[],[]]]]