[1,["dayV+1PhRARrB6Eauxu9Ds","59V/6gxzREVp5Z2PKi/a0s","98Tqa+ZylNHLRZPPLWXLNj","d1wwhzaGFAdLtxtXsnq8Fw","0eqTWB1DBL8LaxhSk/sJHn","35k9f3eUBD74LLOvqZc1M+","c1v9lzJ0VJxoZyajHgtcu+","cfZijTbFxKqZJ5ncri2JsV","5fdRzgVN5DgagWvb2QCIuH","0fEpCj8X5J2LYj7VfBU0/L","c8Cy3uXU5CWanCo1FA3LO7","929qLiUzpDiI8nZVRy7N2Y","08c1B3xY1GRbamaoGdAPzs","62yKpajylFNI80SJmVAwgh","68F6lB7uhA1rRLaWBaAr9O","baOjHTf3lN1bn2CAG22QUs","d56wUO2LVBRafHWma4u71O","71RUDtPI5P5qJvLhatX9Tl","31S+u8VAVEF5oh10rTrbyf","922Z4W3y9AP41hqVdn37qa","65rMB+27JEqqyr8Yc6CuDG"],["_textureSetter"],["cc.Texture2D","cc.SpriteFrame",["cc.AudioClip",["_name","_native","duration"],0],["cc.Asset",["_name"],2],["cc.JsonAsset",["_name","json"],1]],[[2,0,1,2,4],[3,0,2],[4,0,1,3]],[[["0,9729,9729,33071,33071,0,0,1",-1],[0],0,[],[],[]],[["0,9729,9729,33071,33071,0,0,1",-1],[0],0,[],[],[]],[["0,9729,9729,33071,33071,0,0,1",-1],[0],0,[],[],[]],[[{"name":"boy","rect":[0,0,640,427],"offset":[0,0],"originalSize":[640,427],"capInsets":[0,0,0,0]}],[1],0,[0],[0],[0]],[[{"name":"dawn","rect":[0,0,640,359],"offset":[0,0],"originalSize":[640,359],"capInsets":[0,0,0,0]}],[1],0,[0],[0],[1]],[[{"name":"greens","rect":[0,0,640,428],"offset":[0,0],"originalSize":[640,428],"capInsets":[0,0,0,0]}],[1],0,[0],[0],[2]],[[{"name":"sofa","rect":[10,169,620,303],"offset":[0,-0.5],"originalSize":[640,640],"capInsets":[0,0,0,0]}],[1],0,[0],[0],[3]],[[{"name":"night","rect":[0,0,640,479],"offset":[0,0],"originalSize":[640,479],"capInsets":[0,0,0,0]}],[1],0,[0],[0],[4]],[[{"name":"television","rect":[162,61,316,306],"offset":[0,-0.5],"originalSize":[640,427],"capInsets":[0,0,0,0]}],[1],0,[0],[0],[5]],[["0,9729,9729,33071,33071,0,0,1",-1],[0],0,[],[],[]],[[{"name":"command","rect":[0,0,640,393],"offset":[0,0],"originalSize":[640,393],"capInsets":[0,0,0,0]}],[1],0,[0],[0],[6]],[["0,9729,9729,33071,33071,0,0,1",-1],[0],0,[],[],[]],[[{"name":"river","rect":[0,0,640,480],"offset":[0,0],"originalSize":[640,480],"capInsets":[0,0,0,0]}],[1],0,[0],[0],[7]],[[{"name":"bird","rect":[0,0,640,427],"offset":[0,0],"originalSize":[640,427],"capInsets":[0,0,0,0]}],[1],0,[0],[0],[8]],[[{"name":"percentage","rect":[0,0,615,613],"offset":[0,0],"originalSize":[615,613],"capInsets":[0,0,0,0]}],[1],0,[0],[0],[9]],[[[0,"आज्ञा",".mp3",0.862041],-1],0,0,[],[],[]],[[{"name":"lion","rect":[0,0,640,457],"offset":[0,0],"originalSize":[640,457],"capInsets":[0,0,0,0]}],[1],0,[0],[0],[10]],[[{"name":"sauce","rect":[0,0,640,480],"offset":[0,0],"originalSize":[640,480],"capInsets":[0,0,0,0]}],[1],0,[0],[0],[11]],[["0,9729,9729,33071,33071,0,0,1",-1],[0],0,[],[],[]],[[{"name":"camera","rect":[0,0,640,427],"offset":[0,0],"originalSize":[640,427],"capInsets":[0,0,0,0]}],[1],0,[0],[0],[12]],[["0,9729,9729,33071,33071,0,0,1",-1],[0],0,[],[],[]],[["0,9729,9729,33071,33071,0,0,1",-1],[0],0,[],[],[]],[["0,9729,9729,33071,33071,0,0,1",-1],[0],0,[],[],[]],[["0,9729,9729,33071,33071,0,0,1",-1],[0],0,[],[],[]],[["0,9729,9729,33071,33071,0,0,1",-1],[0],0,[],[],[]],[[[0,"नदी",".mp3",0.809796],-1],0,0,[],[],[]],[[[0,"शतशः",".mp3",1.332245],-1],0,0,[],[],[]],[[{"name":"sky","rect":[0,0,640,480],"offset":[0,0],"originalSize":[640,480],"capInsets":[0,0,0,0]}],[1],0,[0],[0],[13]],[[{"name":"forest","rect":[0,0,640,427],"offset":[0,0],"originalSize":[640,427],"capInsets":[0,0,0,0]}],[1],0,[0],[0],[14]],[[[0,"उषकाल",".mp3",1.227755],-1],0,0,[],[],[]],[["0,9729,9729,33071,33071,0,0,1",-1],[0],0,[],[],[]],[["0,9729,9729,33071,33071,0,0,1",-1],[0],0,[],[],[]],[[[1,"शतश"]],0,0,[],[],[]],[[[0,"साग",".mp3",0.679184],-1],0,0,[],[],[]],[[[0,"कुडी",".mp3",0.705306],-1],0,0,[],[],[]],[["0,9729,9729,33071,33071,0,0,1",-1],[0],0,[],[],[]],[[{"name":"cot","rect":[0,137,640,366],"offset":[0,0],"originalSize":[640,640],"capInsets":[0,0,0,0]}],[1],0,[0],[0],[15]],[[[0,"कॉट",".mp3",0.548571],-1],0,0,[],[],[]],[[{"name":"apple","rect":[112,72,414,490],"offset":[-1,3],"originalSize":[640,640],"capInsets":[0,0,0,0]}],[1],0,[0],[0],[16]],[[[0,"सॉस",".mp3",0.940408],-1],0,0,[],[],[]],[[{"name":"courtyard","rect":[0,0,640,480],"offset":[0,0],"originalSize":[640,480],"capInsets":[0,0,0,0]}],[1],0,[0],[0],[17]],[["0,9729,9729,33071,33071,0,0,1",-1],[0],0,[],[],[]],[[[1,"उष"]],0,0,[],[],[]],[["0,9729,9729,33071,33071,0,0,1",-1],[0],0,[],[],[]],[[[0,"पक्षी",".mp3",0.888163],-1],0,0,[],[],[]],[["0,9729,9729,33071,33071,0,0,1",-1],[0],0,[],[],[]],[["0,9729,9729,33071,33071,0,0,1",-1],[0],0,[],[],[]],[[[2,"mr2104",{"rows":[["openwindow","1","Description","LEGIT","प,क्षी","bird.png","lion.png","पक्षी.mp3","प,क्षी"],["openwindow","1","Description","LEGIT","आ,ज्ञा","command.png","bag.png","आज्ञा.mp3","आ,ज्ञा"],["openwindow","1","Description","LEGIT","कॅ,मे,रा","camera.png","television.png","कॅमेरा.mp3","कॅ,मे,रा"],["openwindow","1","Description","LEGIT","कॉ,ट","cot.png","sofa.png","कॉट.mp3","कॉ,ट"],["openwindow","1","Description","LEGIT","सॉ,स","sauce.png","forest.png","सॉस.mp3","सॉ,स"],["openwindow","1","Description","LEGIT","अं,ग,ण","courtyard.png","river.png","अंगण.mp3","अं,ग,ण"],["openwindow","1","Description","LEGIT","श,त,श:","percentage.png","pizza.png","शतशः.mp3","श,त,श:"],["openwindow","1","Description","LEGIT","उ,ष:,का,ल","dawn.png","night.png","उषकाल.mp3","उ,ष:,का,ल"],["openwindow","1","Description","LEGIT","कु,डी","girl.png","boy.png","कुडी.mp3","कु,डी"],["openwindow","1","Description","LEGIT","न,दी","river.png","sky.png","नदी.mp3","न,दी"],["openwindow","1","Description","LEGIT","सा,ग","greens.png","apple.png","साग.mp3","सा,ग"],["quizliteracy","1","Description","image_word","पक्षी","पक्षी","अंगण","कुडी","bird.png"],["quizliteracy","1","Description","image_word","अंगण","कुडी","पक्षी","अंगण","courtyard.png"],["quizliteracy","1","Description","image_word","कुडी","अंगण","कुडी","पक्षी","girl.png"]]}]],0,0,[],[],[]],[["0,9729,9729,33071,33071,0,0,1",-1],[0],0,[],[],[]],[[{"name":"girl","rect":[0,0,427,640],"offset":[0,0],"originalSize":[427,640],"capInsets":[0,0,0,0]}],[1],0,[0],[0],[18]],[["0,9729,9729,33071,33071,0,0,1",-1],[0],0,[],[],[]],[["0,9729,9729,33071,33071,0,0,1",-1],[0],0,[],[],[]],[[[0,"कॅमेरा",".mp3",0.862041],-1],0,0,[],[],[]],[[{"name":"bag","rect":[0,0,425,640],"offset":[0,0],"originalSize":[425,640],"capInsets":[0,0,0,0]}],[1],0,[0],[0],[19]],[[{"name":"pizza","rect":[0,0,640,426],"offset":[0,0],"originalSize":[640,426],"capInsets":[0,0,0,0]}],[1],0,[0],[0],[20]],[[[0,"अंगण",".mp3",0.757551],-1],0,0,[],[],[]]]]