[1,["f5zgB7A49MqbYOEp0Vf24u","e7SCzPfIpIGqIcvbsbG1KP","a7d/qM9k1CwZS7IzRgSqvy","6bUgY1XARJvKkNh5FozfLp","41xWkOGx5C27BPiMmobesY","6cUUh+4GRHkaLAqPPrcDu+","fbbi6IT95Gx4iL9KchWlhD"],["_textureSetter"],["cc.SpriteFrame","cc.Texture2D",["cc.AudioClip",["_name","_native","duration"],0],["cc.JsonAsset",["_name","json"],1]],[[2,0,1,2,4],[3,0,1,3]],[[[{"name":"donkey","rect":[0,0,512,341],"offset":[0,0],"originalSize":[512,341],"capInsets":[0,0,0,0]}],[0],0,[0],[0],[0]],[[[0,"ಟು",".mp3",0.528],-1],0,0,[],[],[]],[[{"name":"beard","rect":[0,0,500,340],"offset":[0,0],"originalSize":[500,340],"capInsets":[0,0,0,0]}],[0],0,[0],[0],[1]],[[[0,"ಟ್ಟು",".mp3",0.696],-1],0,0,[],[],[]],[[[0,"ಹಚ್ಚೆ",".mp3",0.792],-1],0,0,[],[],[]],[[[0,"ಹಕ್ಕಿ",".mp3",0.696],-1],0,0,[],[],[]],[[[0,"ಬೊ",".mp3",0.552],-1],0,0,[],[],[]],[["0,9729,9729,33071,33071,0,0,1",-1],[1],0,[],[],[]],[["0,9729,9729,33071,33071,0,0,1",-1],[1],0,[],[],[]],[["0,9729,9729,33071,33071,0,0,1",-1],[1],0,[],[],[]],[[[0,"ಮಗ್ಗ",".mp3",0.672],-1],0,0,[],[],[]],[[{"name":"tattoo","rect":[0,0,493,500],"offset":[0,0],"originalSize":[493,500],"capInsets":[0,0,0,0]}],[0],0,[0],[0],[2]],[[[1,"kn2707",{"rows":[["spelldoor","1","Description","ಹ,ಕ್ಕಿ","**","0","0","bird.png","ಹಕ್ಕಿ.mp3"],["spelldoor","1","Description","ಮ,ಗ್ಗ","**","0","0","loom.png","ಮಗ್ಗ.mp3"],["spelldoor","1","Description","ಹ,ಚ್ಚೆ","**","0","0","tattoo.png","ಹಚ್ಚೆ.mp3"],["rocket","1","Description","ಅಜ್ಜ","ಅ,ಜ್ಜ","ಅ,ಜ್ಜ","ಅಜ್ಜ.mp3","grandfather.png","False","False"],["openwindow","1","Description","LEGIT","ಗ,ಡ್ಡ","beard.png","ponytail.png","ಗಡ್ಡ.mp3","ಗ,ಡ್ಡ"],["phonictractor","1","Description","4","ಬೊಟ್ಟು","ಬೊಟ್ಟು.mp3","ಬೊ","ಬೊ.mp3","ಟ್ಟು","ಟು.mp3"],["spelldoor","1","Description","ಕ,ತ್ತೆ","ಕ*","0","0","donkey.png","ಕತ್ತೆ.mp3"],["quizliteracy","1","Description","word_word","ಟ್ಟು","ಟ್ಟು","ಕ್ಕ","ಳ್ಳ","","ಬೊ____","ಬೊಟ್ಟು.mp3"],["quizliteracy","1","Description","image_word","ಅಜ್ಜ","ಹಚ್ಚೆ","ಅಜ್ಜ","ಹಕ್ಕಿ","grandfather.png"],["quizliteracy","1","Description","soundonly_word","ಗಡ್ಡ","ಮಗ್ಗ","ಹಕ್ಕಿ","ಗಡ್ಡ","","","ಗಡ್ಡ.mp3"]]}]],0,0,[],[],[]],[[[0,"ಅಜ್ಜ",".mp3",0.72],-1],0,0,[],[],[]],[["0,9729,9729,33071,33071,0,0,1",-1],[1],0,[],[],[]],[[[0,"ಬೊಟ್ಟು",".mp3",0.744],-1],0,0,[],[],[]],[[{"name":"grandfather","rect":[0,0,500,406],"offset":[0,0],"originalSize":[500,406],"capInsets":[0,0,0,0]}],[0],0,[0],[0],[3]],[[{"name":"loom","rect":[0,0,512,341],"offset":[0,0],"originalSize":[512,341],"capInsets":[0,0,0,0]}],[0],0,[0],[0],[4]],[[{"name":"ponytail","rect":[0,0,512,340],"offset":[0,0],"originalSize":[512,340],"capInsets":[0,0,0,0]}],[0],0,[0],[0],[5]],[[{"name":"bird","rect":[0,0,512,406],"offset":[0,0],"originalSize":[512,406],"capInsets":[0,0,0,0]}],[0],0,[0],[0],[6]],[["0,9729,9729,33071,33071,0,0,1",-1],[1],0,[],[],[]],[[[0,"ಕತ್ತೆ",".mp3",0.744],-1],0,0,[],[],[]],[["0,9729,9729,33071,33071,0,0,1",-1],[1],0,[],[],[]],[[[0,"ಗಡ್ಡ",".mp3",0.672],-1],0,0,[],[],[]],[["0,9729,9729,33071,33071,0,0,1",-1],[1],0,[],[],[]]]]