[1,["f0dZ83IZZJ9arg6CVUyQyf","efty6Y6r9Jz48KzX7vLiMM","96DgqAnRFCr5odvF/zn5XN","52vR/5ZqpOTbKXUUJwdbpj","8am1TgekpP+LTGNlRgLrBj","87TLDHFttO4IT1S58rgrYW"],["_textureSetter"],["cc.SpriteFrame","cc.Texture2D",["cc.AudioClip",["_name","_native","duration"],0],["cc.JsonAsset",["_name","json"],1]],[[2,0,1,2,4],[3,0,1,3]],[[[[0,"February",".mp3",1.128],-1],0,0,[],[],[]],[[[0,"May",".mp3",0.768],-1],0,0,[],[],[]],[[{"name":"January","rect":[0,0,512,377],"offset":[0,0],"originalSize":[512,377],"capInsets":[0,0,0,0]}],[0],0,[0],[0],[0]],[["0,9729,9729,33071,33071,0,0,1",-1],[1],0,[],[],[]],[[[0,"June",".mp3",1.008],-1],0,0,[],[],[]],[[{"name":"April","rect":[0,0,512,377],"offset":[0,0],"originalSize":[512,377],"capInsets":[0,0,0,0]}],[0],0,[0],[0],[1]],[[[1,"en3410",{"rows":[["openwindow1","1","Description","LEGIT","January","January.png","April.png","January.mp3","abcdefghijklmnopqrstuvwxyz"],["openwindow1","1","Description","LEGIT","February","February.png","May.png","February.mp3","abcdefghijklmnopqrstuvwxyz"],["openwindow1","1","Description","LEGIT","March","March.png","June.png","March.mp3","abcdefghijklmnopqrstuvwxyz"],["openwindow1","1","Description","LEGIT","April","April.png","January.png","April.mp3","abcdefghijklmnopqrstuvwxyz"],["openwindow1","1","Description","LEGIT","May","May.png","February.png","May.mp3","abcdefghijklmnopqrstuvwxyz"],["openwindow1","1","Description","LEGIT","June","June.png","March.png","June.mp3","abcdefghijklmnopqrstuvwxyz"],["quizliteracy","1","Description","soundonly_word","January","June","April","January","","","January.mp3"],["quizliteracy","1","Description","soundonly_word","March","March","January","April","","","March.mp3"],["quizliteracy","1","Description","soundonly_word","June","January","June","March","","","June.mp3"]]}]],0,0,[],[],[]],[[{"name":"May","rect":[0,0,512,377],"offset":[0,0],"originalSize":[512,377],"capInsets":[0,0,0,0]}],[0],0,[0],[0],[2]],[[[0,"January",".mp3",1.32],-1],0,0,[],[],[]],[[[0,"April",".mp3",1.008],-1],0,0,[],[],[]],[["0,9729,9729,33071,33071,0,0,1",-1],[1],0,[],[],[]],[["0,9729,9729,33071,33071,0,0,1",-1],[1],0,[],[],[]],[[{"name":"June","rect":[0,0,512,377],"offset":[0,0],"originalSize":[512,377],"capInsets":[0,0,0,0]}],[0],0,[0],[0],[3]],[["0,9729,9729,33071,33071,0,0,1",-1],[1],0,[],[],[]],[[{"name":"March","rect":[0,0,512,377],"offset":[0,0],"originalSize":[512,377],"capInsets":[0,0,0,0]}],[0],0,[0],[0],[4]],[[[0,"March",".mp3",0.984],-1],0,0,[],[],[]],[[{"name":"February","rect":[0,0,512,377],"offset":[0,0],"originalSize":[512,377],"capInsets":[0,0,0,0]}],[0],0,[0],[0],[5]],[["0,9729,9729,33071,33071,0,0,1",-1],[1],0,[],[],[]],[["0,9729,9729,33071,33071,0,0,1",-1],[1],0,[],[],[]]]]