[1,["d18oEGVWVAh5GaSdcJkdOE","0cTiy/PIZBYoOdB7dfeRee","185rvd285BJp5kh3qz9GpQ","f6V9DhC5FNJa4IDcay4Dbv","48FjbikMtDaKMvhUFqscbD","41Um+iVuBKy4BuYZXnv22z","84u/pZCmlFFoggv7WXUPe7","a0MICqwNFBj4qIi5YmWS80","77MsGRgnFKHa5mUtycCVS5","37GzbkaXdOfbOHEdS0wLRO","cf4mnPRK1Hjo5lS01P20Vz","37R/Vwb3pOZ7wiunwxU7fM"],["_textureSetter"],["cc.SpriteFrame","cc.Texture2D",["cc.AudioClip",["_name","_native","duration"],0],["cc.JsonAsset",["_name","json"],1]],[[2,0,1,2,4],[3,0,1,3]],[[[[0,"ಭವನ",".mp3",0.696],-1],0,0,[],[],[]],[[{"name":"wealth","rect":[0,0,800,533],"offset":[0,0],"originalSize":[800,533],"capInsets":[0,0,0,0]}],[0],0,[0],[0],[0]],[["0,9729,9729,33071,33071,0,0,1",-1],[1],0,[],[],[]],[[[0,"ಭಟ",".mp3",0.624],-1],0,0,[],[],[]],[["0,9729,9729,33071,33071,0,0,1",-1],[1],0,[],[],[]],[["0,9729,9729,33071,33071,0,0,1",-1],[1],0,[],[],[]],[["0,9729,9729,33071,33071,0,0,1",-1],[1],0,[],[],[]],[[{"name":"spotlesswhite","rect":[0,0,520,800],"offset":[0,0],"originalSize":[520,800],"capInsets":[0,0,0,0]}],[0],0,[0],[0],[1]],[["0,9729,9729,33071,33071,0,0,1",-1],[1],0,[],[],[]],[[[0,"ಶಪಥ",".mp3",0.84],-1],0,0,[],[],[]],[["0,9729,9729,33071,33071,0,0,1",-1],[1],0,[],[],[]],[[{"name":"soldier","rect":[0,0,500,333],"offset":[0,0],"originalSize":[500,333],"capInsets":[0,0,0,0]}],[0],0,[0],[0],[2]],[[{"name":"oath","rect":[0,0,800,600],"offset":[0,0],"originalSize":[800,600],"capInsets":[0,0,0,0]}],[0],0,[0],[0],[3]],[[[0,"ಢ",".mp3",0.528],-1],0,0,[],[],[]],[[[0,"ಧವಳ",".mp3",0.72],-1],0,0,[],[],[]],[[[0,"ಧನ",".mp3",0.6],-1],0,0,[],[],[]],[[[1,"kn0802",{"rows":[["writecard","1","Description","ಧ","ಧನ","wealth.png","ಧನ.mp3","ಧವಳ","spotlesswhite.png","ಧವಳ.mp3","ಧಗಧಗ","flames.png","ಧಗಧಗ.mp3"],["writecard","1","Description","ಥ","ರಥ","rath.png","ರಥ.mp3","ಥಳಥಳ","shining.png","ಥಳಥಳ.mp3","ಶಪಥ","oath.png","ಶಪಥ.mp3"],["writecard","1","Description","ಢ","ಢಣಢಣ","bellringing.png","ಢಣಢಣ.mp3","ಔಡಲ","castoroilplant.png","ಔಡಲ.mp3","ಢ","ಢ.png","ಢ.mp3"],["writecard","1","Description","ಭ","ಭಟ","soldier.png","ಭಟ.mp3","ಭವ","Shiva.png","ಭವ.mp3","ಭವನ","palace.png","ಭವನ.mp3"],["quizliteracy","1","Description","soundonly_image","spotlesswhite.png","rath.png","wealth.png","spotlesswhite.png","","","ಧವಳ.mp3"],["quizliteracy","1","Description","soundonly_image","shining.png","shining.png","spotlesswhite.png","bellringing.png","","","ಥಳಥಳ.mp3"],["quizliteracy","1","Description","soundonly_image","Shiva.png","spotlesswhite.png","soldier.png","Shiva.png","","","ಭವ.mp3"]]}]],0,0,[],[],[]],[[[0,"ಥಳಥಳ",".mp3",0.84],-1],0,0,[],[],[]],[[{"name":"rath","rect":[0,0,600,800],"offset":[0,0],"originalSize":[600,800],"capInsets":[0,0,0,0]}],[0],0,[0],[0],[4]],[[{"name":"castoroilplant","rect":[0,0,500,333],"offset":[0,0],"originalSize":[500,333],"capInsets":[0,0,0,0]}],[0],0,[0],[0],[5]],[["0,9729,9729,33071,33071,0,0,1",-1],[1],0,[],[],[]],[[{"name":"palace","rect":[0,0,605,800],"offset":[0,0],"originalSize":[605,800],"capInsets":[0,0,0,0]}],[0],0,[0],[0],[6]],[[[0,"ಔಡಲ",".mp3",1.08],-1],0,0,[],[],[]],[["0,9729,9729,33071,33071,0,0,1",-1],[1],0,[],[],[]],[[[0,"ಭವ",".mp3",0.6],-1],0,0,[],[],[]],[["0,9729,9729,33071,33071,0,0,1",-1],[1],0,[],[],[]],[[[0,"ಢಣಢಣ",".mp3",0.792],-1],0,0,[],[],[]],[[[0,"ರಥ",".mp3",0.648],-1],0,0,[],[],[]],[[{"name":"flames","rect":[0,0,800,533],"offset":[0,0],"originalSize":[800,533],"capInsets":[0,0,0,0]}],[0],0,[0],[0],[7]],[["0,9729,9729,33071,33071,0,0,1",-1],[1],0,[],[],[]],[["0,9729,9729,33071,33071,0,0,1",-1],[1],0,[],[],[]],[[{"name":"Shiva","rect":[0,0,599,800],"offset":[0,0],"originalSize":[599,800],"capInsets":[0,0,0,0]}],[0],0,[0],[0],[8]],[[{"name":"bellringing","rect":[0,0,800,533],"offset":[0,0],"originalSize":[800,533],"capInsets":[0,0,0,0]}],[0],0,[0],[0],[9]],[["0,9729,9729,33071,33071,0,0,1",-1],[1],0,[],[],[]],[[[0,"ಧಗಧಗ",".mp3",0.888],-1],0,0,[],[],[]],[[{"name":"ಢ","rect":[0,0,800,660],"offset":[0,0],"originalSize":[800,660],"capInsets":[0,0,0,0]}],[0],0,[0],[0],[10]],[[{"name":"shining","rect":[0,0,800,533],"offset":[0,0],"originalSize":[800,533],"capInsets":[0,0,0,0]}],[0],0,[0],[0],[11]]]]