[1,["0bjaxjIE1IrIMj8+AEDNJf","f9UAX3kKJA0IGYNrfJKbxM","7cTZ8NvCJMNLkKw3GTix0K","828tTftDhFZrONByiWGIZC","cdHX+3+PdLZb5B9mTi08Ur","98s2OnV25PmY+y8sdYHdpN","6aJSFau5JNXo1EmzDXIe8r"],["_textureSetter"],["cc.Texture2D","cc.SpriteFrame",["cc.AudioClip",["_name","_native","duration"],0],["cc.JsonAsset",["_name","json"],1]],[[2,0,1,2,4],[3,0,1,3]],[[[[0,"letter",".mp3",0.936],-1],0,0,[],[],[]],[["0,9729,9729,33071,33071,0,0,1",-1],[0],0,[],[],[]],[[[0,"hat",".mp3",0.984],-1],0,0,[],[],[]],[[[0,"senses",".mp3",1.392],-1],0,0,[],[],[]],[[[0,"nose",".mp3",1.056],-1],0,0,[],[],[]],[[[0,"see",".mp3",0.984],-1],0,0,[],[],[]],[[[0,"postcard",".mp3",1.368],-1],0,0,[],[],[]],[[[0,"tongue",".mp3",0.912],-1],0,0,[],[],[]],[[[0,"stamp",".mp3",1.2],-1],0,0,[],[],[]],[[[0,"jacket",".mp3",1.272],-1],0,0,[],[],[]],[[[0,"shoes",".mp3",1.2],-1],0,0,[],[],[]],[[[0,"mail",".mp3",0.888],-1],0,0,[],[],[]],[[[0,"shorts",".mp3",1.248],-1],0,0,[],[],[]],[[[0,"envelope",".mp3",1.176],-1],0,0,[],[],[]],[[{"name":"eye","rect":[0,38,1367,1058],"offset":[-83.5,-19],"originalSize":[1534,1096],"capInsets":[0,0,0,0]}],[1],0,[0],[0],[0]],[[[0,"short",".mp3",1.176],-1],0,0,[],[],[]],[[[0,"dress",".mp3",1.176],-1],0,0,[],[],[]],[[{"name":"image_19_1","rect":[0,0,845,695],"offset":[0,0],"originalSize":[845,695],"capInsets":[0,0,0,0]}],[1],0,[0],[0],[1]],[[[0,"black",".mp3",1.104],-1],0,0,[],[],[]],[["1,9729,9729,33071,33071,0,0,1",-1],[0],0,[],[],[]],[[[0,"taste",".mp3",1.08],-1],0,0,[],[],[]],[[[0,"ear",".mp3",0.768],-1],0,0,[],[],[]],[[[0,"hair",".mp3",0.936],-1],0,0,[],[],[]],[[{"name":"image_24_4","rect":[0,0,845,695],"offset":[0,0],"originalSize":[845,695],"capInsets":[0,0,0,0]}],[1],0,[0],[0],[2]],[["1,9729,9729,33071,33071,0,0,1",-1],[0],0,[],[],[]],[[{"name":"image_24_3","rect":[0,0,845,695],"offset":[0,0],"originalSize":[845,695],"capInsets":[0,0,0,0]}],[1],0,[0],[0],[3]],[["1,9729,9729,33071,33071,0,0,1",-1],[0],0,[],[],[]],[[[0,"curly",".mp3",1.056],-1],0,0,[],[],[]],[[[0,"address",".mp3",1.224],-1],0,0,[],[],[]],[["1,9729,9729,33071,33071,0,0,1",-1],[0],0,[],[],[]],[[[0,"package",".mp3",1.152],-1],0,0,[],[],[]],[[{"name":"image_26_3","rect":[0,0,845,695],"offset":[0,0],"originalSize":[845,695],"capInsets":[0,0,0,0]}],[1],0,[0],[0],[4]],[[[1,"en1913",{"rows":[["tag","1","Description","image_19_1.jpg","clothes","280.-1520","clothes.mp3","pants","519.-906","pants.mp3","shorts","1022.-1165","shorts.mp3","skirt","1120.-420","skirt.mp3","dress","252.-620","dress.mp3"],["tag","1","Description","image_19_2.jpg","clothes","280.-1520","clothes.mp3","hat","774.-734","hat.mp3","shoes","1351.-410","shoes.mp3","shirt","205.-1116","shirt.mp3","jacket","1342.-1050","jacket.mp3"],["tag","1","Description","image_24_3.jpg","letter","718.-1324","letter.mp3","envelope","358.-1038","envelope.mp3","stamp","1267.-1008","stamp.mp3","address","884.-686","address.mp3"],["tag","1","Description","image_24_4.jpg","mail","280.-1520","mail.mp3","letter","1023.-1312","letter.mp3","postcard","544.-986","postcard.mp3","package","251.-592","package.mp3"],["tag","1","Description","image_26_1.jpg","senses","280.-1520","senses.mp3","eyes","1213.-990","eyes.mp3","see","1224.-1438","see.mp3","nose","332.-749","nose.mp3","smell","264.-1218","smell.mp3","tongue","868.-539","tongue.mp3","taste","1295.-833","taste.mp3"],["tag","1","Description","image_26_3.jpg","hair","280.-1520","hair.mp3","straight","1337.-542","straight.mp3","curly","856.-537","curly.mp3","long","487.-714","long.mp3","short","176.-1143","short.mp3","black","597.-1297","black.mp3","brown","1338.-1350","brown.mp3"],["quizliteracy","1","Description","soundonly_word","shoes","pants","shoes","shorts","","","shoes.mp3"],["quizliteracy","1","Description","soundonly_word","pants","pants","boots","shorts","","","pants.mp3"],["quizliteracy","1","Description","soundonly_word","shorts","pants","boots","shorts","","","shorts.mp3"],["quizliteracy","1","Description","image_word","eye","eye","cheek","nose","eye.png"],["quizliteracy","1","Description","soundonly_word","ear","knee","head","ear","","","ear.mp3"]]}]],0,0,[],[],[]],[[[0,"straight",".mp3",1.296],-1],0,0,[],[],[]],[[[0,"clothes",".mp3",1.152],-1],0,0,[],[],[]],[[[0,"long",".mp3",0.984],-1],0,0,[],[],[]],[[[0,"smell",".mp3",0.984],-1],0,0,[],[],[]],[[[0,"skirt",".mp3",1.224],-1],0,0,[],[],[]],[["1,9729,9729,33071,33071,0,0,1",-1],[0],0,[],[],[]],[[[0,"shirt",".mp3",1.128],-1],0,0,[],[],[]],[[[0,"brown",".mp3",1.104],-1],0,0,[],[],[]],[[{"name":"image_19_2","rect":[0,0,845,695],"offset":[0,0],"originalSize":[845,695],"capInsets":[0,0,0,0]}],[1],0,[0],[0],[5]],[[{"name":"image_26_1","rect":[0,0,845,695],"offset":[0,0],"originalSize":[845,695],"capInsets":[0,0,0,0]}],[1],0,[0],[0],[6]],[[[0,"eyes",".mp3",1.008],-1],0,0,[],[],[]],[[[0,"pants",".mp3",1.152],-1],0,0,[],[],[]],[["1,9729,9729,33071,33071,0,0,1",-1],[0],0,[],[],[]]]]