[1,["35+tC9gLFCdbiGmUsx2l/+","89Ml2h8ChMq5SSkAs0xd9K","3faKfRc8lKoLqa0HxAZAo+","daaxfm7pVM55orn6wuZa5V","f0cPk1AfVAjoQLcKjRMtlt","1fDNaBzBhPYZFJrF8FLTxA","86HiFDgwJH54VurVU9Ohw6","52YALVdSZMDaOMhyB9BKBH","9fLrywriNFOJxfOo6k6SB4","a9XCPxA31BxYRNeUEu8H8n","f3qx4+LAlLh5VNX4EDSpX/","9dCGE+CCxHgaPm5KCUfWUy","e7K1QrMzZLnZ2RWkMNsbpu","43vA0Ru7hJPYMs1T5x2Xrl","4c3K4aoypEHplHw6aBbhim","07UKTmxgRD+73kKnPpXy/K","14WxK4hqRCU5YUrkphUDYz","16ZNLDf6tMKYGfRWXrrdDN","e8rY1ALHdII7xGlFL3Kf7+","f4QZnRp7ZBxZ1rmOJ7+3vU","e30c6awjBJeZ1VtCFgKZtZ","baJbGnQblI4b/n6Hj8EHTD","d3nLhtUvJN85CZQsQPT8VI","2bFNZ4eMBF5L6ukJsObEXk","65ZDccKANH4aibVxQc8JPu","cdnLRcZ49HU7WkP7NUjMCW","25O5f+behASJ7SjYSSHzUT","7aap6R0+pIaoTnzZz9HQTu","76rIUnOPxCbJmB2cKiAAoo","b50/AsmJdGy5GJb2SMxdC8","900CLan61J4IelyY/4aa7F","90D0GeSGtAgb32uvapo2vo","c9nUd87hlPWYIHlKOQ6hfy","b1QWow27lFcKbG9rn/GE4H","250847IadJpocOQwwWI3qe","60SU4TIkVDE5c3o63h65GE","81gFLMMxZLoJG0JV6QlMDN","72xIxmFp1AQ5kVASlRseFL","9dSBcVhxdBmIFsQN+on+5u","9fp3a9Mv1AxJSlUiHXWDln"],["_textureSetter"],["cc.SpriteFrame","cc.Texture2D",["cc.JsonAsset",["_name","json"],1]],[[2,0,1,3]],[[[{"name":"wheel","rect":[3,3,280,280],"offset":[0,0],"originalSize":[286,286],"capInsets":[0,0,0,0]}],[0],0,[0],[0],[0]],[["0,9729,9729,33071,33071,0,0,1",-1],[1],0,[],[],[]],[[{"name":"donut","rect":[0,0,249,249],"offset":[0,0],"originalSize":[249,249],"capInsets":[0,0,0,0]}],[0],0,[0],[0],[1]],[[{"name":"cylinder_blue","rect":[0,0,210,314],"offset":[0,0],"originalSize":[210,314],"capInsets":[0,0,0,0]}],[0],0,[0],[0],[2]],[[{"name":"cone_diagonal","rect":[0,0,289,289],"offset":[-0.5,0.5],"originalSize":[290,290],"capInsets":[0,0,0,0]}],[0],0,[0],[0],[3]],[["0,9729,9729,33071,33071,0,0,1",-1],[1],0,[],[],[]],[["0,9729,9729,33071,33071,0,0,1",-1],[1],0,[],[],[]],[["0,9729,9729,33071,33071,0,0,1",-1],[1],0,[],[],[]],[[{"name":"matchinggame_sphere_object","rect":[48,30,95,94],"offset":[0.5,-2],"originalSize":[190,150],"capInsets":[0,0,0,0]}],[0],0,[0],[0],[4]],[[{"name":"can","rect":[2,2,212,314],"offset":[1,1],"originalSize":[214,320],"capInsets":[0,0,0,0]}],[0],0,[0],[0],[5]],[["0,9729,9729,33071,33071,0,0,1",-1],[1],0,[],[],[]],[["0,9729,9729,33071,33071,0,0,1",-1],[1],0,[],[],[]],[["0,9729,9729,33071,33071,0,0,1",-1],[1],0,[],[],[]],[[{"name":"balloon_orange","rect":[0,0,213,334],"offset":[0,4.5],"originalSize":[213,343],"capInsets":[0,0,0,0]}],[0],0,[0],[0],[6]],[["0,9729,9729,33071,33071,0,0,1",-1],[1],0,[],[],[]],[[{"name":"star_diagonal","rect":[0,0,333,332],"offset":[0,0],"originalSize":[333,332],"capInsets":[0,0,0,0]}],[0],0,[0],[0],[7]],[["0,9729,9729,33071,33071,0,0,1",-1],[1],0,[],[],[]],[["0,9729,9729,33071,33071,0,0,1",-1],[1],0,[],[],[]],[["0,9729,9729,33071,33071,0,0,1",-1],[1],0,[],[],[]],[["0,9729,9729,33071,33071,0,0,1",-1],[1],0,[],[],[]],[[{"name":"battery","rect":[2,5,208,314],"offset":[-1,-2],"originalSize":[214,320],"capInsets":[0,0,0,0]}],[0],0,[0],[0],[8]],[["0,9729,9729,33071,33071,0,0,1",-1],[1],0,[],[],[]],[[[0,"maths1312",{"rows":[["shapepair","1","Description","image","image","matchinggame_cone_object.png","matchinggame_cone_object.png","cone.mp3","matchinggame_cylinder_object.png","matchinggame_cylinder_object.png","cylinder.mp3","matchinggame_cube_object.png","matchinggame_cube_object.png","cube.mp3","matchinggame_sphere_object.png","matchinggame_sphere_object.png","sphere.mp3"],["matchbox","1","Description","8","cone_blue.png","cube_blue.png","cylinder_blue.png","sphere_blue.png","cap.png","present.png","battery.png","orange.png"],["matchbox","1","Description","8","cylinder_purple.png","cone_purple.png","longcube_purple.png","star_purple.png","cylinder_diagonal.png","cone_diagonal.png","longcube_diagonal.png","star_diagonal.png"],["matchbox","1","Description","8","cylinder_red.png","cone_red.png","longcube_red.png","star_red.png","cylinder_purple.png","cone_purple.png","longcube_purple.png","star_purple.png"],["matchbox","1","Description","8","rubbercone.png","dice.png","can.png","basketball.png","cone_blue.png","cube_blue.png","cylinder_blue.png","sphere_blue.png"],["matchbox","1","Description","8","triangleruler.png","television.png","donut.png","mirror.png","triangle.png","window.png","wheel.png","balloon_orange.png"],["matchbox","1","Description","8","triangleruler.png","television.png","donut.png","mirror.png","triangle_blue.png","rectangle_blue.png","circle_blue.png","ellipse_blue.png"],["quizmaths","1","Description","shapes","cylinder","cube","sphere","cone","cylinder","what","what_is_this_shape.mp3","What is this shape?"],["quizmaths","1","Description","shapes","sphere","cube","sphere","cone","cylinder","what","what_is_this_shape.mp3","What is this shape?"],["quizmaths","1","Description","shapes","cube","cube","sphere","cone","cylinder","what","what_is_this_shape.mp3","What is this shape?"]]}]],0,0,[],[],[]],[["0,9729,9729,33071,33071,0,0,1",-1],[1],0,[],[],[]],[[{"name":"rubbercone","rect":[4,2,261,251],"offset":[-1.5,0],"originalSize":[272,255],"capInsets":[0,0,0,0]}],[0],0,[0],[0],[9]],[["0,9729,9729,33071,33071,0,0,1",-1],[1],0,[],[],[]],[[{"name":"circle_blue","rect":[0,0,276,276],"offset":[0,0],"originalSize":[276,276],"capInsets":[0,0,0,0]}],[0],0,[0],[0],[10]],[["0,9729,9729,33071,33071,0,0,1",-1],[1],0,[],[],[]],[[{"name":"longcube_diagonal","rect":[0,0,355,325],"offset":[0,0],"originalSize":[355,325],"capInsets":[0,0,0,0]}],[0],0,[0],[0],[11]],[["0,9729,9729,33071,33071,0,0,1",-1],[1],0,[],[],[]],[[{"name":"triangle","rect":[11,3,270,324],"offset":[3.5,-1.5],"originalSize":[285,327],"capInsets":[0,0,0,0]}],[0],0,[0],[0],[12]],[["0,9729,9729,33071,33071,0,0,1",-1],[1],0,[],[],[]],[[{"name":"cap","rect":[20,3,250,312],"offset":[1,1],"originalSize":[288,320],"capInsets":[0,0,0,0]}],[0],0,[0],[0],[13]],[["0,9729,9729,33071,33071,0,0,1",-1],[1],0,[],[],[]],[["0,9729,9729,33071,33071,0,0,1",-1],[1],0,[],[],[]],[["0,9729,9729,33071,33071,0,0,1",-1],[1],0,[],[],[]],[["0,9729,9729,33071,33071,0,0,1",-1],[1],0,[],[],[]],[["0,9729,9729,33071,33071,0,0,1",-1],[1],0,[],[],[]],[["0,9729,9729,33071,33071,0,0,1",-1],[1],0,[],[],[]],[["0,9729,9729,33071,33071,0,0,1",-1],[1],0,[],[],[]],[["0,9729,9729,33071,33071,0,0,1",-1],[1],0,[],[],[]],[[{"name":"cone_blue","rect":[0,2,254,283],"offset":[0,-1],"originalSize":[254,285],"capInsets":[0,0,0,0]}],[0],0,[0],[0],[14]],[["0,9729,9729,33071,33071,0,0,1",-1],[1],0,[],[],[]],[[{"name":"cone_red","rect":[1,0,285,129],"offset":[0.5,0],"originalSize":[286,129],"capInsets":[0,0,0,0]}],[0],0,[0],[0],[15]],[[{"name":"cylinder_red","rect":[0,0,314,129],"offset":[0,0],"originalSize":[314,129],"capInsets":[0,0,0,0]}],[0],0,[0],[0],[16]],[[{"name":"longcube_red","rect":[0,0,344,176],"offset":[0,0],"originalSize":[344,176],"capInsets":[0,0,0,0]}],[0],0,[0],[0],[17]],[["0,9729,9729,33071,33071,0,0,1",-1],[1],0,[],[],[]],[[{"name":"mirror","rect":[6,14,201,305],"offset":[0,-3],"originalSize":[213,327],"capInsets":[0,0,0,0]}],[0],0,[0],[0],[18]],[["0,9729,9729,33071,33071,0,0,1",-1],[1],0,[],[],[]],[[{"name":"matchinggame_cylinder_object","rect":[52,31,89,88],"offset":[1.5,0],"originalSize":[190,150],"capInsets":[0,0,0,0]}],[0],0,[0],[0],[19]],[["0,9729,9729,33071,33071,0,0,1",-1],[1],0,[],[],[]],[[{"name":"present","rect":[8,22,263,252],"offset":[-1.5,-6],"originalSize":[282,284],"capInsets":[0,0,0,0]}],[0],0,[0],[0],[20]],[[{"name":"cube_blue","rect":[0,0,282,291],"offset":[0,0],"originalSize":[282,291],"capInsets":[0,0,0,0]}],[0],0,[0],[0],[21]],[[{"name":"star_red","rect":[0,0,308,127],"offset":[0,0],"originalSize":[308,127],"capInsets":[0,0,0,0]}],[0],0,[0],[0],[22]],[[{"name":"matchinggame_cube_object","rect":[54,40,86,77],"offset":[2,-3.5],"originalSize":[190,150],"capInsets":[0,0,0,0]}],[0],0,[0],[0],[23]],[[{"name":"star_purple","rect":[0,0,203,279],"offset":[0,0],"originalSize":[203,279],"capInsets":[0,0,0,0]}],[0],0,[0],[0],[24]],[["0,9729,9729,33071,33071,0,0,1",-1],[1],0,[],[],[]],[[{"name":"longcube_purple","rect":[0,0,254,343],"offset":[0,0],"originalSize":[254,343],"capInsets":[0,0,0,0]}],[0],0,[0],[0],[25]],[[{"name":"matchinggame_cone_object","rect":[52,17,84,105],"offset":[-1,5.5],"originalSize":[190,150],"capInsets":[0,0,0,0]}],[0],0,[0],[0],[26]],[["0,9729,9729,33071,33071,0,0,1",-1],[1],0,[],[],[]],[[{"name":"window","rect":[10,3,287,251],"offset":[0,-0.5],"originalSize":[307,256],"capInsets":[0,0,0,0]}],[0],0,[0],[0],[27]],[["0,9729,9729,33071,33071,0,0,1",-1],[1],0,[],[],[]],[["0,9729,9729,33071,33071,0,0,1",-1],[1],0,[],[],[]],[[{"name":"triangleruler","rect":[0,0,286,232],"offset":[0,0],"originalSize":[286,232],"capInsets":[0,0,0,0]}],[0],0,[0],[0],[28]],[["0,9729,9729,33071,33071,0,0,1",-1],[1],0,[],[],[]],[[{"name":"rectangle_blue","rect":[0,0,307,256],"offset":[0,0],"originalSize":[307,256],"capInsets":[0,0,0,0]}],[0],0,[0],[0],[29]],[[{"name":"dice","rect":[4,32,274,245],"offset":[0,-9],"originalSize":[282,291],"capInsets":[0,0,0,0]}],[0],0,[0],[0],[30]],[["0,9729,9729,33071,33071,0,0,1",-1],[1],0,[],[],[]],[["0,9729,9729,33071,33071,0,0,1",-1],[1],0,[],[],[]],[[{"name":"triangle_blue","rect":[0,0,285,249],"offset":[0,0],"originalSize":[285,249],"capInsets":[0,0,0,0]}],[0],0,[0],[0],[31]],[["0,9729,9729,33071,33071,0,0,1",-1],[1],0,[],[],[]],[["0,9729,9729,33071,33071,0,0,1",-1],[1],0,[],[],[]],[["0,9729,9729,33071,33071,0,0,1",-1],[1],0,[],[],[]],[[{"name":"orange","rect":[3,5,298,297],"offset":[-0.5,-1.5],"originalSize":[305,304],"capInsets":[0,0,0,0]}],[0],0,[0],[0],[32]],[[{"name":"ellipse_blue","rect":[0,0,213,316],"offset":[0,0],"originalSize":[213,316],"capInsets":[0,0,0,0]}],[0],0,[0],[0],[33]],[[{"name":"basketball","rect":[2,4,295,294],"offset":[-0.5,-1],"originalSize":[300,300],"capInsets":[0,0,0,0]}],[0],0,[0],[0],[34]],[[{"name":"television","rect":[10,6,288,266],"offset":[0.5,-1],"originalSize":[307,276],"capInsets":[0,0,0,0]}],[0],0,[0],[0],[35]],[[{"name":"sphere_blue","rect":[0,0,300,300],"offset":[0,0],"originalSize":[300,300],"capInsets":[0,0,0,0]}],[0],0,[0],[0],[36]],[[{"name":"cone_purple","rect":[0,2,254,283],"offset":[0,-1],"originalSize":[254,285],"capInsets":[0,0,0,0]}],[0],0,[0],[0],[37]],[[{"name":"cylinder_diagonal","rect":[0,0,330,330],"offset":[0,0],"originalSize":[330,330],"capInsets":[0,0,0,0]}],[0],0,[0],[0],[38]],[[{"name":"cylinder_purple","rect":[0,0,213,320],"offset":[0,0],"originalSize":[213,320],"capInsets":[0,0,0,0]}],[0],0,[0],[0],[39]]]]