[1,["7aLIcp04tNCoHDVuPP8AI9","7fzP8OuodJiZ/a8bsVncvx","dc2y/FMf9DwZIACRlsOhiX","a2NLKImclGnrDIn+AygFJ7","942jrK6R1B2qqSnLz/iPFX","b8NAmRgPRL47t6e3DlAg+l","755vGXUC9Mbq4uNfxsf5We"],["_textureSetter"],["cc.SpriteFrame","cc.Texture2D",["cc.AudioClip",["_name","_native","duration"],0],["cc.JsonAsset",["_name","json"],1]],[[2,0,1,2,4],[3,0,1,3]],[[[{"name":"five","rect":[0,0,512,503],"offset":[0,0],"originalSize":[512,503],"capInsets":[0,0,0,0]}],[0],0,[0],[0],[0]],[[[0,"seven",".mp3",0.757551],-1],0,0,[],[],[]],[[[0,"one",".mp3",0.626939],-1],0,0,[],[],[]],[[{"name":"thirteen","rect":[0,0,512,503],"offset":[0,0],"originalSize":[512,503],"capInsets":[0,0,0,0]}],[0],0,[0],[0],[1]],[[[1,"sl_en3404",{"rows":[["spelldoor","1","Description","thirty","******","4","4","thirty.png","thirty.mp3"],["spelldoor","1","Description","one","***","4","4","one.png","one.mp3"],["spelldoor","1","Description","eight","*****","4","4","eight.png","eight.mp3"],["spelldoor","1","Description","four","*ou*","4","4","four.png","four.mp3"],["spelldoor","1","Description","thirteen","****teen","4","4","thirteen.png","thirteen.mp3"],["spelldoor","1","Description","five","****","4","4","five.png","five.mp3"],["spelldoor","1","Description","seven","se***","4","4","seven.png","seven.mp3"],["quizliteracy","1","Description","word_word","rty","our","rty","ain","","thi___","thirty.mp3"],["quizliteracy","1","Description","soundonly_word","four","fifty","thirteen","four","","","four.mp3"],["quizliteracy","1","Description","image_word","seven","seven","eight","five","seven.png"]]}]],0,0,[],[],[]],[[{"name":"thirty","rect":[0,0,512,503],"offset":[0,0],"originalSize":[512,503],"capInsets":[0,0,0,0]}],[0],0,[0],[0],[2]],[[[0,"five",".mp3",0.835918],-1],0,0,[],[],[]],[[[0,"thirty",".mp3",0.809796],-1],0,0,[],[],[]],[[{"name":"one","rect":[0,0,512,503],"offset":[0,0],"originalSize":[512,503],"capInsets":[0,0,0,0]}],[0],0,[0],[0],[3]],[[{"name":"four","rect":[0,0,512,503],"offset":[0,0],"originalSize":[512,503],"capInsets":[0,0,0,0]}],[0],0,[0],[0],[4]],[[[0,"eight",".mp3",0.679184],-1],0,0,[],[],[]],[["0,9729,9729,33071,33071,0,0,1",-1],[1],0,[],[],[]],[["0,9729,9729,33071,33071,0,0,1",-1],[1],0,[],[],[]],[[{"name":"eight","rect":[0,0,512,503],"offset":[0,0],"originalSize":[512,503],"capInsets":[0,0,0,0]}],[0],0,[0],[0],[5]],[["0,9729,9729,33071,33071,0,0,1",-1],[1],0,[],[],[]],[[{"name":"seven","rect":[0,0,512,503],"offset":[0,0],"originalSize":[512,503],"capInsets":[0,0,0,0]}],[0],0,[0],[0],[6]],[["0,9729,9729,33071,33071,0,0,1",-1],[1],0,[],[],[]],[["0,9729,9729,33071,33071,0,0,1",-1],[1],0,[],[],[]],[[[0,"four",".mp3",0.574694],-1],0,0,[],[],[]],[["0,9729,9729,33071,33071,0,0,1",-1],[1],0,[],[],[]],[["0,9729,9729,33071,33071,0,0,1",-1],[1],0,[],[],[]],[[[0,"thirteen",".mp3",1.07102],-1],0,0,[],[],[]]]]