[1,["fd3peWXD9AIYYdx28pB8kK","09JLJVBLBLnoGFye9RNB2B","c64cs8XzNB9b4t5batfSOb"],["_textureSetter"],["cc.Texture2D","cc.SpriteFrame",["cc.AudioClip",["_name","_native","duration"],0],["cc.JsonAsset",["_name","json"],1]],[[2,0,1,2,4],[3,0,1,3]],[[["0,9729,9729,33071,33071,0,0,1",-1],[0],0,[],[],[]],[[[0,"ink",".mp3",0.888],-1],0,0,[],[],[]],[[[0,"iron",".mp3",0.936],-1],0,0,[],[],[]],[[[1,"en0102",{"rows":[["balloonpop","1","Description","2","i","5","i,h,f","i.mp3"],["writeletter","1","Description","i","-"],["writecard","1","Description","i","ice","ice.png","ice.mp3","ink","ink.png","ink.mp3","iron","iron.png","iron.mp3"],["quizliteracy","1","Description","soundonly_word","i","y","f","i","","","i.mp3"],["quizliteracy","1","Description","word_word","i","i","y","k","","i"],["quizliteracy","1","Description","soundonly_word","i","b","f","i","","","i.mp3"]]}]],0,0,[],[],[]],[[{"name":"ink","rect":[0,0,253,199],"offset":[0,0],"originalSize":[253,199],"capInsets":[0,0,0,0]}],[1],0,[0],[0],[0]],[[{"name":"ice","rect":[116,91,436,475],"offset":[-0.5,0],"originalSize":[669,657],"capInsets":[0,0,0,0]}],[1],0,[0],[0],[1]],[["0,9729,9729,33071,33071,0,0,1",-1],[0],0,[],[],[]],[[[0,"i",".mp3",0.72],-1],0,0,[],[],[]],[[{"name":"iron","rect":[44,122,580,413],"offset":[-0.5,0],"originalSize":[669,657],"capInsets":[0,0,0,0]}],[1],0,[0],[0],[2]],[[[0,"ice",".mp3",0.984],-1],0,0,[],[],[]],[["0,9729,9729,33071,33071,0,0,1",-1],[0],0,[],[],[]]]]