[1,["46WILzTNlJ+b8XAwldOIoO","deTMIhjLVPH7zBlLMI0LU3"],["_textureSetter"],["cc.SpriteFrame","cc.Texture2D",["cc.AudioClip",["_name","_native","duration"],0],["cc.JsonAsset",["_name","json"],1]],[[2,0,1,2,4],[3,0,1,3]],[[[[0,"राम_ऊंची_छलांग_नहीं_लगा_सकता",".mp3",2.873469],-1],0,0,[],[],[]],[[[0,"ला",".mp3",0.679184],-1],0,0,[],[],[]],[[[0,"चलना",".mp3",0.731429],-1],0,0,[],[],[]],[[[0,"चली",".mp3",0.626939],-1],0,0,[],[],[]],[[{"name":"image_7_2","rect":[0,0,845,695],"offset":[0,0],"originalSize":[845,695],"capInsets":[0,0,0,0]}],[0],0,[0],[0],[0]],[[[0,"तैरना",".mp3",0.705306],-1],0,0,[],[],[]],[[[0,"च",".mp3",0.49625],-1],0,0,[],[],[]],[["1,9729,9729,33071,33071,0,0,1",-1],[1],0,[],[],[]],[[[0,"खाना",".mp3",0.835918],-1],0,0,[],[],[]],[[{"name":"image_7_1","rect":[0,0,845,695],"offset":[0,0],"originalSize":[845,695],"capInsets":[0,0,0,0]}],[0],0,[0],[0],[1]],[[[0,"नींद",".mp3",0.626939],-1],0,0,[],[],[]],[[[0,"छलांग",".mp3",0.783673],-1],0,0,[],[],[]],[[[0,"चड",".mp3",0.496327],-1],0,0,[],[],[]],[[[1,"hi1600",{"rows":[["tag","1","Description","image_7_1.jpg","क्रिया","521.-1480","क्रिया.mp3","चलना ","1316.-1295","चलना.mp3","रोना","253.-1149","रोना.mp3","खाना ","313.-490","खाना.mp3","नींद","880.-465","नींद.mp3"],["tag","1","Description","image_7_2.jpg","क्रिया","1118.-1509","क्रिया.mp3","छलांग","1358.-686","छलांग.mp3","लत्ती","710.-1042","लत्ती.mp3","नृत्य","710.-486","नृत्य.mp3","तैरना","230.-1244","तैरना.mp3"],["jumpsentence","1","Description","वह खुश [है]।","वह_खुश_है.mp3","n","unlocked"],["jumpsentence","1","Description","मैं छोटा [हूँ]।","मैं_छोटा_हूँ.mp3","n","unlocked"],["jumpsentence","1","Description","हम तेज [हैं]।","हम_तेज_हैं.mp3","n","unlocked"],["fillblank","1","Description","राम ऊंची [छलांग] नहीं लगा सकता।","राम_ऊंची_छलांग_नहीं_लगा_सकता.mp3","कूद","दौड़","उड़ान ","10"],["phonictractor","1","Description","5","चड़","चड.mp3","च","च.mp3","ड़","ड.mp3"],["phonictractor","1","Description","5","खिला","खिला.mp3","खि","खि.mp3","ला","ला.mp3"],["phonictractor","1","Description","5","चली","चली.mp3","च","च.mp3","ली","ली.mp3"],["quizliteracy","1","Description","sentence_sentence","चलना ","चलना ","जग","ख़त","","क्रिया शब्द चुनें","क्रिया_शब्द_चुनें.m4a"],["quizliteracy","1","Description","sentence_sentence","छलांग","छलांग","मैं","जग","","क्रिया शब्द चुनें","क्रिया_शब्द_चुनें.m4a"],["quizliteracy","1","Description","soundonly_word","चली","था ","चलना ","चली","","","चली.mp3"]]}]],0,0,[],[],[]],[[[0,"खि",".mp3",0.653061],-1],0,0,[],[],[]],[[[0,"नृत्य",".mp3",0.679184],-1],0,0,[],[],[]],[[[0,"रोना",".mp3",0.862041],-1],0,0,[],[],[]],[[[0,"मैं_छोटा_हूँ",".mp3",1.332245],-1],0,0,[],[],[]],[[[0,"वह_खुश_है",".mp3",1.123265],-1],0,0,[],[],[]],[[[0,"क्रिया",".mp3",0.600816],-1],0,0,[],[],[]],[[[0,"खिला",".mp3",0.600816],-1],0,0,[],[],[]],[[[0,"लत्ती",".mp3",0.888163],-1],0,0,[],[],[]],[[[0,"ली",".mp3",0.679184],-1],0,0,[],[],[]],[["1,9729,9729,33071,33071,0,0,1",-1],[1],0,[],[],[]],[[[0,"क्रिया_शब्द_चुनें",".mp3",2.424],-1],0,0,[],[],[]],[[[0,"ड",".mp3",0.496327],-1],0,0,[],[],[]],[[[0,"हम_तेज_हैं",".mp3",1.410612],-1],0,0,[],[],[]]]]