[1,["5fth9eyIZD3Y2J2CbjCFUP","8cdMDofiRKIq7iUp6w6vzC","51cbfbN3hAIpA47iSoYCk2","40BBvbBZVO8aKpqgdiCMiB","86gVaY72RJlYP8TotCIH+9","fc1si/3RZHPrDNjosQShO+"],["_textureSetter"],["cc.SpriteFrame","cc.Texture2D",["cc.JsonAsset",["_name","json"],1],["cc.AudioClip",["_name","_native","duration"],0]],[[3,0,1,2,4],[2,0,1,3]],[[[[1,"kn2_1200",{"rows":[["createsentence","1","Description","ಸೇಂಟ್ ಫಿಲೋಮಿನಾ/ಕ್ಯಾಥೆಡ್ರಲ್.","","philomena_cathedral.png","ಸೇಂಟ್_ಫಿಲೋಮಿನಾ_ಕ್ಯಾಥೆಡ್ರಲ್.mp3"],["createsentence","1","Description","ನಟರಾಜ","","nataraja.png","ನಟರಾಜ.mp3"],["createsentence","1","Description","ಸಾವಿರ ಕಂಬದ/ಬಸದಿ","","Saavira_Kambada_Basadi.png","ಸಾವಿರ_ಕಂಬದ_ಬಸದಿ.mp3"],["createsentence","1","Description","ಕಲ್ಲಿನ ರಥ /ಹಂಪಿ","","Stone_Chariot.png","ಕಲ್ಲಿನ_ರಥ_-_ಹಂಪಿ.mp3"],["createsentence","1","Description","ವಿಕ್ರಮಾದಿತ್ಯ/ದೇವಾಲಯ","","Virupaksha_Temple.png","ವಿಕ್ರಮಾದಿತ್ಯ_ದೇವಾಲಯ.mp3"],["createsentence","1","Description","ಗೊಮ್ಮಟೇಶ್ವರ","","gomateshwara.png","ಗೊಮ್ಮಟೇಶ್ವರ.mp3"],["quizliteracy","1","Description","image_word","ನಟರಾಜ","ಗೋಮಟೇಶ್ವರ","ಸಾವಿರ ಕಂಬದ ಬಸದಿ","ನಟರಾಜ","nataraja.png"],["quizliteracy","1","Description","image_word","ಸಾವಿರ ಕಂಬದ ಬಸದಿ","ಸಾವಿರ ಕಂಬದ ಬಸದಿ","ನಟರಾಜ","ಗೋಮಟೇಶ್ವರ","Saavira_Kambada_Basadi.png"],["quizliteracy","1","Description","image_word","ಗೊಮ್ಮಟೇಶ್ವರ","ನಟರಾಜ","ಗೊಮ್ಮಟೇಶ್ವರ","ಸಾವಿರ ಕಂಬದ ಬಸದಿ","gomateshwara.png"]]}]],0,0,[],[],[]],[[[0,"ಗೊಮ್ಮಟೇಶ್ವರ",".mp3",1.368],-1],0,0,[],[],[]],[[{"name":"philomena_cathedral","rect":[0,0,341,512],"offset":[0,0],"originalSize":[341,512],"capInsets":[0,0,0,0]}],[0],0,[0],[0],[0]],[[[0,"ನಟರಾಜ",".mp3",1.08],-1],0,0,[],[],[]],[[{"name":"Saavira_Kambada_Basadi","rect":[0,0,512,321],"offset":[0,0],"originalSize":[512,321],"capInsets":[0,0,0,0]}],[0],0,[0],[0],[1]],[[[0,"ಕಲ್ಲಿನ_ರಥ_-_ಹಂಪಿ",".mp3",1.776],-1],0,0,[],[],[]],[["0,9729,9729,33071,33071,0,0,1",-1],[1],0,[],[],[]],[[{"name":"Virupaksha_Temple","rect":[0,0,512,391],"offset":[0,0],"originalSize":[512,391],"capInsets":[0,0,0,0]}],[0],0,[0],[0],[2]],[["0,9729,9729,33071,33071,0,0,1",-1],[1],0,[],[],[]],[[{"name":"nataraja","rect":[0,0,400,400],"offset":[0,0],"originalSize":[400,400],"capInsets":[0,0,0,0]}],[0],0,[0],[0],[3]],[["0,9729,9729,33071,33071,0,0,1",-1],[1],0,[],[],[]],[[[0,"ವಿಕ್ರಮಾದಿತ್ಯ_ದೇವಾಲಯ",".mp3",1.992],-1],0,0,[],[],[]],[[[0,"ಸೇಂಟ್_ಫಿಲೋಮಿನಾ_ಕ್ಯಾಥೆಡ್ರಲ್",".mp3",2.16],-1],0,0,[],[],[]],[["0,9729,9729,33071,33071,0,0,1",-1],[1],0,[],[],[]],[["0,9729,9729,33071,33071,0,0,1",-1],[1],0,[],[],[]],[[[0,"ಸಾವಿರ_ಕಂಬದ_ಬಸದಿ",".mp3",1.92],-1],0,0,[],[],[]],[[{"name":"gomateshwara","rect":[0,0,400,400],"offset":[0,0],"originalSize":[400,400],"capInsets":[0,0,0,0]}],[0],0,[0],[0],[4]],[["0,9729,9729,33071,33071,0,0,1",-1],[1],0,[],[],[]],[[{"name":"Stone_Chariot","rect":[0,0,512,342],"offset":[0,0],"originalSize":[512,342],"capInsets":[0,0,0,0]}],[0],0,[0],[0],[5]]]]