[1,["fdMDSwIH9H37/Sh7sp+ety","ccg4hOUR9MJpgZmgA7SmVm","1d0rmSlrFDgIErBaifOexc","d9TD+R2MdBr73N9ZT17Vyz","f9RQarr0FDKaZu4yMJ7sEY"],["_textureSetter"],["cc.Texture2D","cc.SpriteFrame",["cc.JsonAsset",["_name","json"],1],["cc.AudioClip",["_name","_native","duration"],0]],[[3,0,1,2,4],[2,0,1,3]],[[[[1,"hi0305",{"rows":[["grid","1","Description","ठ","ग,र"],["grid","1","Description","न","ग,ल"],["openwindow","1","Description","LEGIT","स,र","सर.png","हाथ.png","सर.mp3","ज,ग,न,ल,फ,छा,ता,र,थ,व,न,घ,ट्र,क,घो,ड़ा,हा,थी,आ,म,स"],["openwindow","1","Description","LEGIT","घ,र","घर.png","लडका.png","घर.mp3","ज,ग,न,ल,फ,छा,ता,र,थ,व,न,घ,ट्र,क,घो,ड़ा,हा,थी,आ,म,स"],["phonictractor","1","Description","5","लट","लट.mp3","ल","ल.mp3","ट","ट.mp3"],["phonictractor","1","Description","5","रट","रट.mp3","र","र.mp3","ट","ट.mp3"],["phonictractor","1","Description","5","जट","जट.mp3","ज","ज.mp3","ट","ट.mp3"],["rocket","1","Description","वन","व,न","व,न","वन.mp3","वन.png","false ","false "],["rocket","1","Description","घर","घ,र","घ,र","घर.mp3","घर.png","false ","false "],["quizliteracy","1","Description","soundonly_word","सर","घर","जट","सर","","","सर.mp3"],["quizliteracy","1","Description","image_word","घर","जट","सर","घर","घर.png"],["quizliteracy","1","Description","soundonly_word","जट","सर","घर","जट","","","जट.mp3"]]}]],0,0,[],[],[]],[["0,9729,9729,33071,33071,0,0,1",-1],[0],0,[],[],[]],[[{"name":"हाथ","rect":[0,0,193,153],"offset":[0,0],"originalSize":[193,153],"capInsets":[0,0,0,0]}],[1],0,[0],[0],[0]],[[[0,"जट",".mp3",0.574694],-1],0,0,[],[],[]],[[{"name":"घर","rect":[0,0,193,153],"offset":[0,0],"originalSize":[193,153],"capInsets":[0,0,0,0]}],[1],0,[0],[0],[1]],[[[0,"ट",".mp3",0.444],-1],0,0,[],[],[]],[[[0,"रट",".mp3",0.496327],-1],0,0,[],[],[]],[[[0,"लट",".mp3",0.600816],-1],0,0,[],[],[]],[[[0,"घर",".mp3",0.731429],-1],0,0,[],[],[]],[[[0,"ल",".mp3",0.47025],-1],0,0,[],[],[]],[[[0,"सर",".mp3",0.888163],-1],0,0,[],[],[]],[[{"name":"सर","rect":[0,0,193,153],"offset":[0,0],"originalSize":[193,153],"capInsets":[0,0,0,0]}],[1],0,[0],[0],[2]],[[[0,"वन",".mp3",0.757551],-1],0,0,[],[],[]],[[[0,"र",".mp3",0.47025],-1],0,0,[],[],[]],[["0,9729,9729,33071,33071,0,0,1",-1],[0],0,[],[],[]],[["0,9729,9729,33071,33071,0,0,1",-1],[0],0,[],[],[]],[[{"name":"लडका","rect":[0,0,193,153],"offset":[0,0],"originalSize":[193,153],"capInsets":[0,0,0,0]}],[1],0,[0],[0],[3]],[[{"name":"वन","rect":[0,0,271,271],"offset":[0,0],"originalSize":[271,271],"capInsets":[0,0,0,0]}],[1],0,[0],[0],[4]],[["0,9729,9729,33071,33071,0,0,1",-1],[0],0,[],[],[]],[["0,9729,9729,33071,33071,0,0,1",-1],[0],0,[],[],[]],[[[0,"ज",".mp3",0.49625],-1],0,0,[],[],[]]]]