[1,["beb6l/wuVCLKfkR0174Xly","8abhbi5VJCjLn9+mrD3pro","4dNWGg+ddI2ob7LZHLoRWG","10w2zPmnhE9qce1RpC2ERO","6bMuAsEbVBXq80n3Bpz1Wl","50iEFc25hH6aFOwCsmb3cU","74FzMfhqBDcpIv8vwrYjed","81JiEI2TxILICpN1Qwgp3y","6dTMr87klCupUjdKcqZdkD","48alFB/MxKIJjn9gBBo7oc","2cD6kt9cRD150UyRTVixkO","c7fjp5pKNLP4/KTXQAf2HR","2eRqb/NbtJQqOrzLZngHEF","57LDsoYRRPs5JG2CkOCUhh","18FfJRZB1F1LIBYhP0Y6P2","94mW3+L8tCUJCL1KV108Ir"],["_textureSetter"],["cc.SpriteFrame","cc.Texture2D",["cc.AudioClip",["_name","_native","duration"],0],["cc.JsonAsset",["_name","json"],1]],[[2,0,1,2,4],[3,0,1,3]],[[[{"name":"elephant","rect":[0,0,640,480],"offset":[0,0],"originalSize":[640,480],"capInsets":[0,0,0,0]}],[0],0,[0],[0],[0]],[[{"name":"raw_mango","rect":[0,0,541,640],"offset":[0,0],"originalSize":[541,640],"capInsets":[0,0,0,0]}],[0],0,[0],[0],[1]],[[[0,"पिशवी",".mp3",0.966531],-1],0,0,[],[],[]],[["0,9729,9729,33071,33071,0,0,1",-1],[1],0,[],[],[]],[["0,9729,9729,33071,33071,0,0,1",-1],[1],0,[],[],[]],[[[0,"भेट",".mp3",0.757551],-1],0,0,[],[],[]],[[[0,"गोड",".mp3",0.888163],-1],0,0,[],[],[]],[["0,9729,9729,33071,33071,0,0,1",-1],[1],0,[],[],[]],[["0,9729,9729,33071,33071,0,0,1",-1],[1],0,[],[],[]],[[{"name":"salt","rect":[0,0,640,427],"offset":[0,0],"originalSize":[640,427],"capInsets":[0,0,0,0]}],[0],0,[0],[0],[2]],[[{"name":"jaggery","rect":[0,0,640,360],"offset":[0,0],"originalSize":[640,360],"capInsets":[0,0,0,0]}],[0],0,[0],[0],[3]],[[{"name":"ball","rect":[0,0,640,640],"offset":[0,0],"originalSize":[640,640],"capInsets":[0,0,0,0]}],[0],0,[0],[0],[4]],[[{"name":"dabba","rect":[0,0,640,640],"offset":[0,0],"originalSize":[640,640],"capInsets":[0,0,0,0]}],[0],0,[0],[0],[5]],[["0,9729,9729,33071,33071,0,0,1",-1],[1],0,[],[],[]],[["0,9729,9729,33071,33071,0,0,1",-1],[1],0,[],[],[]],[["0,9729,9729,33071,33071,0,0,1",-1],[1],0,[],[],[]],[["0,9729,9729,33071,33071,0,0,1",-1],[1],0,[],[],[]],[[[0,"दफ्तार",".mp3",1.097143],-1],0,0,[],[],[]],[["0,9729,9729,33071,33071,0,0,1",-1],[1],0,[],[],[]],[[{"name":"bittergourd","rect":[0,0,640,480],"offset":[0,0],"originalSize":[640,480],"capInsets":[0,0,0,0]}],[0],0,[0],[0],[6]],[["0,9729,9729,33071,33071,0,0,1",-1],[1],0,[],[],[]],[[[1,"mr1100",{"rows":[["openwindow","1","Description","LEGIT","ड,ब्बा","dabba.png","ball.png","डब्बा.mp3","ड,ब्बा"],["openwindow","1","Description","LEGIT","पि,श,वी","bag.png","apple.png","पिशवी.mp3","पि,श,वी"],["openwindow","1","Description","LEGIT","द,प्त,र","schoolbag.png","shiva.png","दफ्तार.mp3","द,प्त,र"],["openwindow","1","Description","LEGIT","भे,ट","gift.png","sky.png","भेट.mp3","भे,ट"],["openwindow","1","Description","LEGIT","गो,ड","jaggery.png","nose.png","गोड.mp3","गो,ड"],["openwindow","1","Description","LEGIT","आं,ब,ट","raw_mango.png","elephant.png","आंबट.mp3","आं,ब,ट"],["openwindow","1","Description","LEGIT","खा,र,ट","salt.png","dog.png","खारट.mp3","खा,र,ट"],["openwindow","1","Description","LEGIT","क,डू","bittergourd.png","bell.png","कडू.mp3","क,डू"],["quizliteracy","1","Description","image_word","दप्तर","भेट","गोड","दप्तर","schoolbag.png"],["quizliteracy","1","Description","image_word","भेट","दप्तर","भेट","गोड","gift.png"],["quizliteracy","1","Description","image_word","गोड","गोड","दप्तर","भेट","jaggery.png"]]}]],0,0,[],[],[]],[[{"name":"sky","rect":[0,0,640,480],"offset":[0,0],"originalSize":[640,480],"capInsets":[0,0,0,0]}],[0],0,[0],[0],[7]],[[[0,"डब्बा",".mp3",0.940408],-1],0,0,[],[],[]],[["0,9729,9729,33071,33071,0,0,1",-1],[1],0,[],[],[]],[[{"name":"nose","rect":[0,0,640,456],"offset":[0,0],"originalSize":[640,456],"capInsets":[0,0,0,0]}],[0],0,[0],[0],[8]],[["0,9729,9729,33071,33071,0,0,1",-1],[1],0,[],[],[]],[[[0,"कडू",".mp3",0.705306],-1],0,0,[],[],[]],[["0,9729,9729,33071,33071,0,0,1",-1],[1],0,[],[],[]],[["0,9729,9729,33071,33071,0,0,1",-1],[1],0,[],[],[]],[[[0,"आंबट",".mp3",0.992653],-1],0,0,[],[],[]],[[{"name":"schoolbag","rect":[0,0,558,640],"offset":[0,0],"originalSize":[558,640],"capInsets":[0,0,0,0]}],[0],0,[0],[0],[9]],[[{"name":"dog","rect":[0,0,640,480],"offset":[0,0],"originalSize":[640,480],"capInsets":[0,0,0,0]}],[0],0,[0],[0],[10]],[["0,9729,9729,33071,33071,0,0,1",-1],[1],0,[],[],[]],[["0,9729,9729,33071,33071,0,0,1",-1],[1],0,[],[],[]],[[[0,"खारट",".mp3",0.966531],-1],0,0,[],[],[]],[[{"name":"bell","rect":[0,0,636,640],"offset":[0,0],"originalSize":[636,640],"capInsets":[0,0,0,0]}],[0],0,[0],[0],[11]],[[{"name":"shiva","rect":[0,0,450,600],"offset":[0,0],"originalSize":[450,600],"capInsets":[0,0,0,0]}],[0],0,[0],[0],[12]],[[{"name":"gift","rect":[7,0,626,623],"offset":[0,1],"originalSize":[640,625],"capInsets":[0,0,0,0]}],[0],0,[0],[0],[13]],[[{"name":"bag","rect":[0,0,425,640],"offset":[0,0],"originalSize":[425,640],"capInsets":[0,0,0,0]}],[0],0,[0],[0],[14]],[[{"name":"apple","rect":[112,72,414,490],"offset":[-1,3],"originalSize":[640,640],"capInsets":[0,0,0,0]}],[0],0,[0],[0],[15]]]]