[1,["68awZBN/dN55BGe4UiasJ3","20DXgJg+5Nl5Dg/Es8QKL1","6bwTiimVJKdb2W7nUNejiO","51N/1ghvtIv6B/eHA3oFYu","5a8jTGFKZAz5iO04t9Vncx","fcPrG6lKtMTJJvQzz7vUIu","e3N+AoDOlGG4t7rYmQtuVP","8fpJPffB9L9oX1El62S3du","1b89mjrOlL4r08wMBgVSEw","75Mg4jW+pBu79ePFzqZZ8h","69wKWORQRD2K6h9RTOtYWJ","fakb4NYOdOj6IUbZnOiHfQ","6bae5NLXRL7bj6iFdvTzMQ","59EpRK6eRIxIXjXiT0e6Lx","abABb5nMNPZIFU09wUBgYM","a20QyRJ8tGkY0jfMyJBSem","49PMBOGspGDoM2C0Tr/J5K","38/gmw+D5DMIaZTjpfqVLe","83YusfeT5PMaSBneawr+hz","edbRi2Y4BDVr/PUy3Mb8Yb"],["_textureSetter"],["cc.SpriteFrame","cc.Texture2D",["cc.AudioClip",["_name","_native","duration"],0],["cc.JsonAsset",["_name","json"],1]],[[2,0,1,2,4],[3,0,1,3]],[[[[0,"He_is_eating_fish",".mp3",1.872],-1],0,0,[],[],[]],[[{"name":"l12_hecantjumphigh","rect":[0,0,868,689],"offset":[0,0],"originalSize":[868,689],"capInsets":[0,0,0,0]}],[0],0,[0],[0],[0]],[[[0,"He_is_a_cook",".mp3",1.368],-1],0,0,[],[],[]],[["0,9729,9729,33071,33071,0,0,1",-1],[1],0,[],[],[]],[[{"name":"l6_shedoctor","rect":[0,0,868,689],"offset":[0,0],"originalSize":[868,689],"capInsets":[0,0,0,0]}],[0],0,[0],[0],[1]],[["0,9729,9729,33071,33071,0,0,1",-1],[1],0,[],[],[]],[[[0,"He_can_jump_high",".mp3",1.92],-1],0,0,[],[],[]],[[[0,"The_boy_is_reading",".mp3",2.064],-1],0,0,[],[],[]],[[{"name":"l6_hecook","rect":[0,0,868,689],"offset":[0,0],"originalSize":[868,689],"capInsets":[0,0,0,0]}],[0],0,[0],[0],[2]],[[{"name":"l8_sheswimmig","rect":[0,0,868,689],"offset":[0,0],"originalSize":[868,689],"capInsets":[0,0,0,0]}],[0],0,[0],[0],[3]],[[[0,"It_is_a_tomato",".mp3",1.728],-1],0,0,[],[],[]],[[[0,"The_boy_is_drawing",".mp3",2.136],-1],0,0,[],[],[]],[["0,9729,9729,33071,33071,0,0,1",-1],[1],0,[],[],[]],[[[0,"The_boy_is_eating",".mp3",1.968],-1],0,0,[],[],[]],[[[0,"He_is_a_driver",".mp3",1.68],-1],0,0,[],[],[]],[[{"name":"l8_heeatingdonut","rect":[0,0,868,689],"offset":[0,0],"originalSize":[868,689],"capInsets":[0,0,0,0]}],[0],0,[0],[0],[4]],[["0,9729,9729,33071,33071,0,0,1",-1],[1],0,[],[],[]],[[[0,"He_is_swimming",".mp3",1.56],-1],0,0,[],[],[]],[["0,9729,9729,33071,33071,0,0,1",-1],[1],0,[],[],[]],[[[0,"He_is_eating_a_donut",".mp3",2.256],-1],0,0,[],[],[]],[["0,9729,9729,33071,33071,0,0,1",-1],[1],0,[],[],[]],[[{"name":"l8_hejumping","rect":[0,0,868,689],"offset":[0,0],"originalSize":[868,689],"capInsets":[0,0,0,0]}],[0],0,[0],[0],[5]],[[{"name":"l8_heeatingsalad","rect":[0,0,868,689],"offset":[0,0],"originalSize":[868,689],"capInsets":[0,0,0,0]}],[0],0,[0],[0],[6]],[["0,9729,9729,33071,33071,0,0,1",-1],[1],0,[],[],[]],[["0,9729,9729,33071,33071,0,0,1",-1],[1],0,[],[],[]],[[{"name":"l6_potato","rect":[0,0,868,689],"offset":[0,0],"originalSize":[868,689],"capInsets":[0,0,0,0]}],[0],0,[0],[0],[7]],[["0,9729,9729,33071,33071,0,0,1",-1],[1],0,[],[],[]],[["0,9729,9729,33071,33071,0,0,1",-1],[1],0,[],[],[]],[["0,9729,9729,33071,33071,0,0,1",-1],[1],0,[],[],[]],[[[0,"They_stand_next_to_the_tree",".mp3",2.784],-1],0,0,[],[],[]],[[[0,"She_is_swimming",".mp3",1.656],-1],0,0,[],[],[]],[["0,9729,9729,33071,33071,0,0,1",-1],[1],0,[],[],[]],[[[0,"It_is_an_onion",".mp3",1.632],-1],0,0,[],[],[]],[["0,9729,9729,33071,33071,0,0,1",-1],[1],0,[],[],[]],[[[0,"He_stands_next_to_the_tree",".mp3",2.688],-1],0,0,[],[],[]],[[{"name":"l9_theystandtree","rect":[0,0,868,689],"offset":[0,0],"originalSize":[868,689],"capInsets":[0,0,0,0]}],[0],0,[0],[0],[8]],[[[1,"en2005",{"rows":[["picturemeaning","1","Description","P","He can't jump high.","l12_hecantjumphigh.png","He_can't_jump_high.mp3","She can't jump high.","l12_shecantjumphigh.png","She_can't_jump_high.mp3","He can jump high.","l12_hecanjumphigh.png","He_can_jump_high.mp3"],["picturemeaning","1","Description","P","He is a cook.","l6_hecook.png","He_is_a_cook.mp3","She is a doctor.","l6_shedoctor.png","She_is_a_doctor.mp3","He is a driver.","l6_hedriver.png","He_is_a_driver.mp3"],["picturemeaning","1","Description","P","He is eating salad.","l8_heeatingsalad.png","He_is_eating_salad.mp3","He is eating a donut.","l8_heeatingdonut.png","He_is_eating_a_donut.mp3","He is eating fish.","l8_heeatingfish.png","He_is_eating_fish.mp3"],["picturemeaning","1","Description","P","He is swimming.","l8_heswimming.png","He_is_swimming.mp3","She is swimming.","l8_sheswimmig.png","She_is_swimming.mp3","He is jumping.","l8_hejumping.png","He_is_jumping.mp3"],["picturemeaning","1","Description","P","He stands next to the tree.","l9_hestandtree.png","He_stands_next_to_the_tree.mp3","She stands next to the tree.","l9_shestandtree.png","She_stands_next_to_the_tree.mp3","They stand next to the tree.","l9_theystandtree.png","They_stand_next_to_the_tree.mp3"],["picturemeaning","1","Description","P","It is a potato.","l6_potato.png","It_is_a_potato.mp3","It is a tomato.","l6_tomato.png","It_is_a_tomato.mp3","It is an onion.","l6_onion.png","It_is_an_onion.mp3"],["picturemeaning","1","Description","S","The boy is drawing.","l8_boydrawing.png","The_boy_is_drawing.mp3","The boy is eating.","l8_heeatingsalad.png","The_boy_is_eating.mp3","The boy is reading.","l8_boyreading.png","The_boy_is_reading.mp3"],["quizliteracy","1","Description","image_sentence","He can't jump high.","She can't jump high.","He can't jump high.","He can jump high.","l12_hecantjumphigh.png","","He_can't_jump_high.mp3"],["quizliteracy","1","Description","image_sentence","He is a cook.","He is a teacher.","He is a driver.","He is a cook.","l6_hecook.png","","He_is_a_cook.mp3"],["quizliteracy","1","Description","image_sentence","He is swimming.","She is swimming.","He is jumping.","He is swimming.","l8_heswimming.png","","He_is_swimming.mp3"],["quizliteracy","1","Description","image_sentence","He stands next to the tree.","They stand next to the tree.","He stands next to the tree.","She stands next to the tree.","l9_hestandtree.png","","He_stands_next_to_the_tree.mp3"],["quizliteracy","1","Description","image_sentence","The boy is drawing.","The boy is drawing.","The boy is eating.","The boy is reading.","l8_boydrawing.png","","The_boy_is_drawing.mp3"]]}]],0,0,[],[],[]],[["0,9729,9729,33071,33071,0,0,1",-1],[1],0,[],[],[]],[[[0,"She_can't_jump_high",".mp3",2.136],-1],0,0,[],[],[]],[[[0,"It_is_a_potato",".mp3",1.728],-1],0,0,[],[],[]],[[{"name":"l9_hestandtree","rect":[0,0,868,689],"offset":[0,0],"originalSize":[868,689],"capInsets":[0,0,0,0]}],[0],0,[0],[0],[9]],[[{"name":"l6_tomato","rect":[0,0,868,689],"offset":[0,0],"originalSize":[868,689],"capInsets":[0,0,0,0]}],[0],0,[0],[0],[10]],[["0,9729,9729,33071,33071,0,0,1",-1],[1],0,[],[],[]],[[[0,"He_is_eating_salad",".mp3",2.016],-1],0,0,[],[],[]],[[{"name":"l12_hecanjumphigh","rect":[0,0,868,689],"offset":[0,0],"originalSize":[868,689],"capInsets":[0,0,0,0]}],[0],0,[0],[0],[11]],[["0,9729,9729,33071,33071,0,0,1",-1],[1],0,[],[],[]],[[{"name":"l8_heeatingfish","rect":[0,0,868,689],"offset":[0,0],"originalSize":[868,689],"capInsets":[0,0,0,0]}],[0],0,[0],[0],[12]],[[{"name":"l8_boydrawing","rect":[0,0,868,689],"offset":[0,0],"originalSize":[868,689],"capInsets":[0,0,0,0]}],[0],0,[0],[0],[13]],[[{"name":"l8_boyreading","rect":[0,0,868,689],"offset":[0,0],"originalSize":[868,689],"capInsets":[0,0,0,0]}],[0],0,[0],[0],[14]],[[[0,"She_stands_next_to_the_tree",".mp3",2.856],-1],0,0,[],[],[]],[[[0,"He_can't_jump_high",".mp3",2.04],-1],0,0,[],[],[]],[[[0,"She_is_a_doctor",".mp3",1.68],-1],0,0,[],[],[]],[[{"name":"l9_shestandtree","rect":[0,0,868,689],"offset":[0,0],"originalSize":[868,689],"capInsets":[0,0,0,0]}],[0],0,[0],[0],[15]],[[{"name":"l12_shecantjumphigh","rect":[0,0,868,689],"offset":[0,0],"originalSize":[868,689],"capInsets":[0,0,0,0]}],[0],0,[0],[0],[16]],[[[0,"He_is_jumping",".mp3",1.68],-1],0,0,[],[],[]],[["0,9729,9729,33071,33071,0,0,1",-1],[1],0,[],[],[]],[[{"name":"l6_onion","rect":[0,0,868,689],"offset":[0,0],"originalSize":[868,689],"capInsets":[0,0,0,0]}],[0],0,[0],[0],[17]],[["0,9729,9729,33071,33071,0,0,1",-1],[1],0,[],[],[]],[[{"name":"l6_hedriver","rect":[0,0,868,689],"offset":[0,0],"originalSize":[868,689],"capInsets":[0,0,0,0]}],[0],0,[0],[0],[18]],[["0,9729,9729,33071,33071,0,0,1",-1],[1],0,[],[],[]],[[{"name":"l8_heswimming","rect":[0,0,868,689],"offset":[0,0],"originalSize":[868,689],"capInsets":[0,0,0,0]}],[0],0,[0],[0],[19]],[["0,9729,9729,33071,33071,0,0,1",-1],[1],0,[],[],[]]]]