[1,["d78ca06XBInZsDkr1mcHg+","47lrlFnqtNia1XWZUEs89U","a5mAfa30ZIGLoJIwuqoOvA","47GBb4vVBIN7TCy8HpUL12","a3NdJUSgRJVa6MtEWDW+ji","37drL99I1GZ4ypUUeNc9bS","d6QgKnvFdKNKUquMJBt8Gh","7brCGnL6JN1bG6j2vAdLBw"],["_textureSetter"],["cc.SpriteFrame","cc.Texture2D",["cc.AudioClip",["_name","_native","duration"],0],["cc.JsonAsset",["_name","json"],1]],[[2,0,1,2,4],[3,0,1,3]],[[[[0,"दोपहर",".mp3",0.966531],-1],0,0,[],[],[]],[[{"name":"ओढ़नी","rect":[0,0,418,379],"offset":[0,0],"originalSize":[418,379],"capInsets":[0,0,0,0]}],[0],0,[0],[0],[0]],[[{"name":"ओढ़नी1","rect":[0,0,193,175],"offset":[0,0],"originalSize":[193,175],"capInsets":[0,0,0,0]}],[0],0,[0],[0],[1]],[[[0,"बोतल",".mp3",0.984],-1],0,0,[],[],[]],[[{"name":"मोगरा","rect":[0,0,370,273],"offset":[0,0],"originalSize":[370,273],"capInsets":[0,0,0,0]}],[0],0,[0],[0],[2]],[[[0,"ओढ़नी",".mp3",2.481633],-1],0,0,[],[],[]],[[[0,"ढोलक",".mp3",0.809796],-1],0,0,[],[],[]],[[[1,"hi0803",{"rows":[["openwindow","1","Description","LEGIT","ओ,ढ़,नी","ओढ़नी1.png","टोपी.png","ओढ़नी.mp3","ज,ग,न,ल,फ,छा,ता,र,थ,व,न,घ,ट्र,क,घो,ड़ा,हा,थी,आ,म,स"],["rocket","1","Description","ओढ़नी","ओ,ढ़,नी","ओ,ढ़,नी","ओढ़नी.mp3","ओढ़नी.png","false ","true "],["rocket","1","Description","दोपहर","दो,प,ह,र","दो,प,ह,र","दोपहर.mp3","दोपहर.png","false ","true "],["spelldoor","1","Description","तोहफा","*हफा","2","1","तोहफा.png","तोहफा.mp3"],["spelldoor","1","Description","बोतल","*तल","2","1","बोतल.png","बोतल.mp3"],["quizliteracy","1","Description","soundonly_word","दोपहर","दोपहर","ओढ़नी","ढोलक","","","दोपहर.mp3"],["quizliteracy","1","Description","image_word","ओढ़नी","ओढ़नी","ढोलक","दोपहर","ओढ़नी.png"],["quizliteracy","1","Description","soundonly_word","ढोलक","ढोलक","दोपहर","ओढ़नी","","","ढोलक.mp3"]]}]],0,0,[],[],[]],[[{"name":"तोहफा","rect":[0,0,569,595],"offset":[0,0],"originalSize":[569,595],"capInsets":[0,0,0,0]}],[0],0,[0],[0],[3]],[["0,9729,9729,33071,33071,0,0,1",-1],[1],0,[],[],[]],[[[0,"तोहफा",".mp3",1.032],-1],0,0,[],[],[]],[["0,9729,9729,33071,33071,0,0,1",-1],[1],0,[],[],[]],[["0,9729,9729,33071,33071,0,0,1",-1],[1],0,[],[],[]],[[{"name":"ढोलक","rect":[0,0,370,273],"offset":[0,0],"originalSize":[370,273],"capInsets":[0,0,0,0]}],[0],0,[0],[0],[4]],[[{"name":"टोपी","rect":[11,0,170,149],"offset":[-0.5,2],"originalSize":[193,153],"capInsets":[0,0,0,0]}],[0],0,[0],[0],[5]],[["0,9729,9729,33071,33071,0,0,1",-1],[1],0,[],[],[]],[[{"name":"दोपहर","rect":[0,0,630,354],"offset":[0,0],"originalSize":[630,354],"capInsets":[0,0,0,0]}],[0],0,[0],[0],[6]],[["0,9729,9729,33071,33071,0,0,1",-1],[1],0,[],[],[]],[["0,9729,9729,33071,33071,0,0,1",-1],[1],0,[],[],[]],[[{"name":"बोतल","rect":[0,0,477,591],"offset":[0,0],"originalSize":[477,591],"capInsets":[0,0,0,0]}],[0],0,[0],[0],[7]],[["0,9729,9729,33071,33071,0,0,1",-1],[1],0,[],[],[]],[["0,9729,9729,33071,33071,0,0,1",-1],[1],0,[],[],[]],[[[0,"मोगरा",".mp3",0.835918],-1],0,0,[],[],[]]]]