[1,["41t/UWh9BCVoZB33zCz3hK","f4jgiz82dPJoYJ55jUGnt5","20uvIpGWhEuqSYdBxTApEx","67QiyT05VPq6alCm8cZywx","99cJLqZvxBP4O/aOPacqxV","94IWxPnIVPO4p03ncUfNIj","31ZVu5ZIlMEoej6IWNt7KX"],["_textureSetter"],["cc.Texture2D","cc.SpriteFrame",["cc.AudioClip",["_name","_native","duration"],0],["cc.JsonAsset",["_name","json"],1]],[[2,0,1,2,4],[3,0,1,3]],[[["0,9729,9729,33071,33071,0,0,1",-1],[0],0,[],[],[]],[[{"name":"1pm_clock","rect":[47,41,574,574],"offset":[-0.5,0.5],"originalSize":[669,657],"capInsets":[0,0,0,0]}],[1],0,[0],[0],[0]],[["0,9729,9729,33071,33071,0,0,1",-1],[0],0,[],[],[]],[[{"name":"2pm_clock","rect":[47,41,574,574],"offset":[-0.5,0.5],"originalSize":[669,657],"capInsets":[0,0,0,0]}],[1],0,[0],[0],[1]],[["0,9729,9729,33071,33071,0,0,1",-1],[0],0,[],[],[]],[[{"name":"9pm_clock","rect":[47,41,574,574],"offset":[-0.5,0.5],"originalSize":[669,657],"capInsets":[0,0,0,0]}],[1],0,[0],[0],[2]],[["0,9729,9729,33071,33071,0,0,1",-1],[0],0,[],[],[]],[[[0,"Good_night",".mp3",1.123265],-1],0,0,[],[],[]],[[[1,"sl_en3616",{"rows":[["createsentence","1","Description","Good/morning.","","8am_clock.png","Good_morning.mp3"],["createsentence","1","Description","Good/night.","","9pm_clock.png","Good_night.mp3"],["createsentence","1","Description","Good/afternoon.","","1pm_clock.png","Good_afternoon.mp3"],["createsentence","1","Description","Good/evening.","","6pm_clock.png","Good_evening.mp3"],["createsentence","1","Description","Good/morning.","","9am_clock.png","Good_morning.mp3"],["createsentence","1","Description","Good/afternoon.","","2pm_clock.png","Good_afternoon.mp3"],["createsentence","1","Description","Good/evening.","","7pm_clock.png","Good_evening.mp3"],["quizliteracy","1","Description","image_sentence","Good morning.","Good evening.","Good afternoon.","Good morning.","8am_clock.png","","Good_morning.mp3"],["quizliteracy","1","Description","image_sentence","Good night.","Good morning.","Good night.","Good afternoon.","9pm_clock.png","","Good_night.mp3"],["quizliteracy","1","Description","image_sentence","Good afternoon.","Good afternoon.","Good morning.","Good evening.","1pm_clock.png","","Good_afternoon.mp3"]]}]],0,0,[],[],[]],[[{"name":"7pm_clock","rect":[47,41,574,574],"offset":[-0.5,0.5],"originalSize":[669,657],"capInsets":[0,0,0,0]}],[1],0,[0],[0],[3]],[[[0,"Good_morning",".mp3",1.097143],-1],0,0,[],[],[]],[["0,9729,9729,33071,33071,0,0,1",-1],[0],0,[],[],[]],[["0,9729,9729,33071,33071,0,0,1",-1],[0],0,[],[],[]],[[{"name":"8am_clock","rect":[47,41,574,574],"offset":[-0.5,0.5],"originalSize":[669,657],"capInsets":[0,0,0,0]}],[1],0,[0],[0],[4]],[[[0,"Good_evening",".mp3",1.17551],-1],0,0,[],[],[]],[[[0,"Good_afternoon",".mp3",1.306122],-1],0,0,[],[],[]],[[{"name":"9am_clock","rect":[47,41,574,574],"offset":[-0.5,0.5],"originalSize":[669,657],"capInsets":[0,0,0,0]}],[1],0,[0],[0],[5]],[[{"name":"6pm_clock","rect":[47,41,574,574],"offset":[-0.5,0.5],"originalSize":[669,657],"capInsets":[0,0,0,0]}],[1],0,[0],[0],[6]],[["0,9729,9729,33071,33071,0,0,1",-1],[0],0,[],[],[]]]]