[1,["4dNTFxyKpIIIakc9iEKoH+","93vVK137JHUK11XMUec2jp","8aDkCHVpJGlK2CvWDEVD6Q"],["_textureSetter"],["cc.SpriteFrame","cc.Texture2D",["cc.AudioClip",["_name","_native","duration"],0],["cc.JsonAsset",["_name","json"],1]],[[2,0,1,2,4],[3,0,1,3]],[[[{"name":"cap","rect":[20,3,250,312],"offset":[1,1],"originalSize":[288,320],"capInsets":[0,0,0,0]}],[0],0,[0],[0],[0]],[[{"name":"hat","rect":[0,23,140,94],"offset":[0,0],"originalSize":[140,140],"capInsets":[0,0,0,0]}],[0],0,[0],[0],[1]],[[[0,"shorts",".mp3",0.888163],-1],0,0,[],[],[]],[["0,9729,9729,33071,33071,0,0,1",-1],[1],0,[],[],[]],[["0,9729,9729,33071,33071,0,0,1",-1],[1],0,[],[],[]],[[{"name":"shoes","rect":[0,0,193,153],"offset":[0,0],"originalSize":[193,153],"capInsets":[0,0,0,0]}],[0],0,[0],[0],[2]],[["0,9729,9729,33071,33071,0,0,1",-1],[1],0,[],[],[]],[[[1,"sl_en1810",{"rows":[["spelldoor","1","Description","mittens","****ens","4","2","mittens.png","mittens.mp3"],["spelldoor","1","Description","cap","***","4","4","cap.png","cap.mp3"],["spelldoor","1","Description","hat","***","2","1","hat.png","hat.mp3"],["spelldoor","1","Description","shoes","sh***","4","1","shoes.png","shoes.mp3"],["spelldoor","1","Description","shorts","***rts","1","0","shorts.png","shorts.mp3"],["spelldoor","1","Description","frock","fr*ck","0","1","frock.png","frock.mp3"],["spelldoor","1","Description","gown","g***","0","2","gown.png","gown.mp3"],["spelldoor","1","Description","raincoat","rainc***","0","1","raincoat.png","raincoat.mp3"],["quizliteracy","1","Description","image_sentence","cap","cap","mittens","shirt","cap.png","","cap.mp3"],["quizliteracy","1","Description","soundonly_image","hat.png","shoes.png","hat.png","frock.png","","","hat.mp3"],["quizliteracy","1","Description","image_sentence","frock","mittens","gown","frock","frock.png","","frock.mp3"]]}]],0,0,[],[],[]],[[[0,"hat",".mp3",0.679184],-1],0,0,[],[],[]],[[[0,"shoes",".mp3",0.835918],-1],0,0,[],[],[]]]]