[1,["ban9MuwrhC7IRu4Fh3b/6O","97HXikRldEaJV6dVec73xk","41EyGffWRJFZThuXtmJJ4o"],["_textureSetter"],["cc.Texture2D","cc.SpriteFrame",["cc.AudioClip",["_name","_native","duration"],0],["cc.JsonAsset",["_name","json"],1]],[[2,0,1,2,4],[3,0,1,3]],[[[[0,"त्रिकोण",".mp3",0.731429],-1],0,0,[],[],[]],[["0,9729,9729,33071,33071,0,0,1",-1],[0],0,[],[],[]],[[{"name":"गोल","rect":[15,12,163,129],"offset":[0,0],"originalSize":[193,153],"capInsets":[0,0,0,0]}],[1],0,[0],[0],[0]],[["0,9729,9729,33071,33071,0,0,1",-1],[0],0,[],[],[]],[[[1,"hi0912",{"rows":[["openwindow","1","Description","LEGIT","त्रि,को,ण","त्रिकोण.png","गोल.png","त्रिकोण.mp3","ज,ग,न,ल,फ,छा,ता,र,थ,व,न,घ,ट्र,क,घो,ड़ा,हा,थी,आ,म,स"],["bubbletype","1","Description","10","6","के कै को कौ कं कः","","","","","","के कै को कौ कं कः"],["quizliteracy","1","Description","soundonly_word","त्रिकोण","मोगरा","गोल","त्रिकोण","","","त्रिकोण.mp3"],["quizliteracy","1","Description","soundonly_word","को","को","कै","को","","","को.mp3"],["quizliteracy","1","Description","word_word","को","कै","को","कृ","","को"]]}]],0,0,[],[],[]],[[{"name":"त्रिकोण","rect":[0,0,193,153],"offset":[0,0],"originalSize":[193,153],"capInsets":[0,0,0,0]}],[1],0,[0],[0],[1]],[["0,9729,9729,33071,33071,0,0,1",-1],[0],0,[],[],[]],[[[0,"को",".mp3",0.552],-1],0,0,[],[],[]],[[{"name":"कैंची","rect":[0,0,193,153],"offset":[0,0],"originalSize":[193,153],"capInsets":[0,0,0,0]}],[1],0,[0],[0],[2]]]]