[1,["9dnK9JUUxPe7XssGobKRNL","1cCiCY9SBH+aPcFCerpWu3","2fc11dHx9HjrnYVNJEt/aq","3evvYIXrdE84FxDd3gb1Aw"],["_textureSetter"],["cc.SpriteFrame","cc.Texture2D",["cc.AudioClip",["_name","_native","duration"],0],["cc.JsonAsset",["_name","json"],1]],[[2,0,1,2,4],[3,0,1,3]],[[[{"name":"clevercat","rect":[0,0,500,417],"offset":[0,0],"originalSize":[500,417],"capInsets":[0,0,0,0]}],[0],0,[0],[0],[0]],[[[0,"दहीहंडी",".mp3",1.436735],-1],0,0,[],[],[]],[["0,9729,9729,33071,33071,0,0,1",-1],[1],0,[],[],[]],[["0,9729,9729,33071,33071,0,0,1",-1],[1],0,[],[],[]],[[[0,"मांजर",".mp3",1.044898],-1],0,0,[],[],[]],[[[0,"आजी",".mp3",0.940408],-1],0,0,[],[],[]],[["0,9729,9729,33071,33071,0,0,1",-1],[1],0,[],[],[]],[[{"name":"grandmother","rect":[0,0,640,522],"offset":[0,0],"originalSize":[640,522],"capInsets":[0,0,0,0]}],[0],0,[0],[0],[1]],[[[0,"हुशार",".mp3",0.783673],-1],0,0,[],[],[]],[[{"name":"curdpot","rect":[0,0,640,427],"offset":[0,0],"originalSize":[640,427],"capInsets":[0,0,0,0]}],[0],0,[0],[0],[2]],[["0,9729,9729,33071,33071,0,0,1",-1],[1],0,[],[],[]],[[{"name":"cat","rect":[0,0,640,403],"offset":[0,0],"originalSize":[640,403],"capInsets":[0,0,0,0]}],[0],0,[0],[0],[3]],[[[1,"mr4401",{"rows":[["spelldoor","1","Description","आजी","*****","4","4","grandmother.png","आजी.mp3"],["spelldoor","1","Description","मांजर","******","4","4","cat.png","मांजर.mp3"],["spelldoor","1","Description","हुशार","******","4","4","clevercat.png","हुशार.mp3"],["spelldoor","1","Description","दहीहंडी","******","4","4","curdpot.png","दहीहंडी.mp3"],["quizliteracy","1","Description","image_word","आजी","आजी","मांजर","दहीहंडी","grandmother.png"],["quizliteracy","1","Description","image_word","मांजर","दहीहंडी","आजी","मांजर","cat.png"],["quizliteracy","1","Description","image_word","दहीहंडी","मांजर","दहीहंडी","आजी","curdpot.png"]]}]],0,0,[],[],[]]]]