[1,["7eNPVDsGlFir1iSSWl045G","9aNEVPvKJFiItBF6jng46N","07yuU9LW5Dg7zmkzYCREEI","25WuDDBkRCdaf2BB51KkP7","7fwb3hrgJAQppsyA5TW83H","d3FMHQjqdOjZbclrbIRzwq","fadYfNdMFKkIKv0FELJZkD"],["_textureSetter"],["cc.Texture2D","cc.SpriteFrame",["cc.AudioClip",["_name","_native","duration"],0],["cc.JsonAsset",["_name","json"],1]],[[2,0,1,2,4],[3,0,1,3]],[[[[0,"ಡೈರಿ",".mp3",0.72],-1],0,0,[],[],[]],[["0,9729,9729,33071,33071,0,0,1",-1],[0],0,[],[],[]],[[{"name":"tyre","rect":[0,0,800,599],"offset":[0,0],"originalSize":[800,599],"capInsets":[0,0,0,0]}],[1],0,[0],[0],[0]],[["0,9729,9729,33071,33071,0,0,1",-1],[0],0,[],[],[]],[[{"name":"jail","rect":[0,0,800,527],"offset":[0,0],"originalSize":[800,527],"capInsets":[0,0,0,0]}],[1],0,[0],[0],[1]],[[{"name":"chain","rect":[0,0,800,533],"offset":[0,0],"originalSize":[800,533],"capInsets":[0,0,0,0]}],[1],0,[0],[0],[2]],[["0,9729,9729,33071,33071,0,0,1",-1],[0],0,[],[],[]],[["0,9729,9729,33071,33071,0,0,1",-1],[0],0,[],[],[]],[[{"name":"diary","rect":[0,0,800,533],"offset":[0,0],"originalSize":[800,533],"capInsets":[0,0,0,0]}],[1],0,[0],[0],[3]],[[[1,"kn2010",{"rows":[["spelldoor","1","Description","ಕೈ","*","0","0","hand.png","ಕೈ.mp3"],["spelldoor","1","Description","ಡೈರಿ","**","0","0","diary.png","ಡೈರಿ.mp3"],["spelldoor","1","Description","ಚೈನು","**","0","0","chain.png","ಚೈನು.mp3"],["rocket","1","Description","ಜೈಲು","ಜೈ,ಲು","ಜೈ,ಲು","ಜೈಲು.mp3","jail.png","False","False"],["openwindow","1","Description","LEGIT","ಟೈ,ರು","tyre.png","door.png","ಟೈರು.mp3","ಟೈ,ರು"],["phonictractor","1","Description","4","ಗೈರು","ಗೈರು.mp3","ಗೈ","ಗೈ.mp3","ರು","ರು.mp3"],["quizliteracy","1","Description","word_word","ಡೈ","ಗೈ","ಡೈ","ಕೈ","","__ರಿ","ಡೈರಿ.mp3"],["quizliteracy","1","Description","image_word","ಕೈ","ಕೈ","ಗೈ","ಡೈ","hand.png"],["quizliteracy","1","Description","soundonly_word","ಜೈಲು","ಡೈರಿ","ಜೈಲು","ಟೈರು","","","ಜೈಲು.mp3"]]}]],0,0,[],[],[]],[[[0,"ಟೈರು",".mp3",0.72],-1],0,0,[],[],[]],[[[0,"ಚೈನು",".mp3",0.744],-1],0,0,[],[],[]],[["0,9729,9729,33071,33071,0,0,1",-1],[0],0,[],[],[]],[[[0,"ರು",".mp3",0.528],-1],0,0,[],[],[]],[[{"name":"door","rect":[0,0,375,500],"offset":[0,0],"originalSize":[375,500],"capInsets":[0,0,0,0]}],[1],0,[0],[0],[4]],[[[0,"ಕೈ",".mp3",0.6],-1],0,0,[],[],[]],[[{"name":"hand","rect":[0,0,500,500],"offset":[0,0],"originalSize":[500,500],"capInsets":[0,0,0,0]}],[1],0,[0],[0],[5]],[[[0,"ಗೈ",".mp3",0.6],-1],0,0,[],[],[]],[["0,9729,9729,33071,33071,0,0,1",-1],[0],0,[],[],[]],[[{"name":"scorpion","rect":[0,0,800,510],"offset":[0,0],"originalSize":[800,510],"capInsets":[0,0,0,0]}],[1],0,[0],[0],[6]],[[[0,"ಗೈರು",".mp3",0.744],-1],0,0,[],[],[]],[[[0,"ಜೈಲು",".mp3",0.768],-1],0,0,[],[],[]],[["0,9729,9729,33071,33071,0,0,1",-1],[0],0,[],[],[]]]]