[1,["19tXT5J8NOw6WhoUW+z3zp"],["_textureSetter"],["cc.SpriteFrame","cc.Texture2D",["cc.AudioClip",["_name","_native","duration"],0],["cc.JsonAsset",["_name","json"],1]],[[2,0,1,2,4],[3,0,1,3]],[[[{"name":"spelling_rat","rect":[0,0,370,273],"offset":[0,0],"originalSize":[370,273],"capInsets":[0,0,0,0]}],[0],0,[0],[0],[0]],[["0,9729,9729,33071,33071,0,0,1",-1],[1],0,[],[],[]],[[[0,"rat",".mp3",1.008],-1],0,0,[],[],[]],[[[0,"hat",".mp3",0.984],-1],0,0,[],[],[]],[[[1,"en1001",{"rows":[["spelldoor","1","Description","rat","*at","1","0","spelling_rat.png","rat.mp3"],["grid","1","Description","c","at,an"],["grid","1","Description","h","am,at"],["grid","1","Description","b","ed,ug,at"],["grid","1","Description","h,r","am,at"],["quizliteracy","1","Description","word_word","at","at","ad","ay","","c__","cat.mp3"],["quizliteracy","1","Description","word_word","at","et","at","ot","","h__","hat.mp3"],["quizliteracy","1","Description","word_word","at","an","am","at","","b__","bat.mp3"]]}]],0,0,[],[],[]],[[[0,"cat",".mp3",0.936],-1],0,0,[],[],[]],[[[0,"bat",".mp3",1.008],-1],0,0,[],[],[]]]]