[1,["b8gMhFMBtBWJhCGEJH9Yxi","5cTSjiPExO/oVId0LV4OCM","73TREoxpdJL4DeZ9bN02zN","b80DGpxI5Gxqr0H4lyaLgd","47vHheCEZMP4eAAgMXPm1x"],["_textureSetter"],["cc.Texture2D","cc.SpriteFrame",["cc.AudioClip",["_name","_native","duration"],0],["cc.JsonAsset",["_name","json"],1]],[[2,0,1,2,4],[3,0,1,3]],[[[[0,"100_rupees",".mp3",2.16],-1],0,0,[],[],[]],[[[0,"rupees_40",".mp3",1.752],-1],0,0,[],[],[]],[["0,9729,9729,33071,33071,0,0,1",-1],[0],0,[],[],[]],[["0,9729,9729,33071,33071,0,0,1",-1],[0],0,[],[],[]],[[[0,"rupees_500",".mp3",2.16],-1],0,0,[],[],[]],[["0,9729,9729,33071,33071,0,0,1",-1],[0],0,[],[],[]],[[{"name":"2x50","rect":[0,0,313,222],"offset":[0,0],"originalSize":[313,222],"capInsets":[0,0,0,0]}],[1],0,[0],[0],[0]],[[{"name":"4x10","rect":[0,0,823,408],"offset":[0,0],"originalSize":[823,408],"capInsets":[0,0,0,0]}],[1],0,[0],[0],[1]],[[[0,"200_rupees",".mp3",2.016],-1],0,0,[],[],[]],[["0,9729,9729,33071,33071,0,0,1",-1],[0],0,[],[],[]],[["0,9729,9729,33071,33071,0,0,1",-1],[0],0,[],[],[]],[[[1,"en3504",{"rows":[["createsentence","1","Description","Rupees/500","600","5x100.png","rupees_500.mp3",""],["createsentence","1","Description","Rupees/40","30","4x10.png","rupees_40.mp3",""],["createsentence","1","Description","200/Rupees ","300","4x50.png","200_rupees.mp3",""],["createsentence","1","Description","100/Rupees ","150","2x50.png","100_rupees.mp3",""],["createsentence","1","Description","200/Rupees ","500","2x100.png","200_rupees.mp3",""],["quizliteracy","1","Description","image_word","Rupees 500","Rupees 100","Rupees 50","Rupees 500","5x100.png",""],["quizliteracy","1","Description","image_word","Rupees 40","Rupees 40","Rupees 50","Rupees 30","4x10.png",""],["quizliteracy","1","Description","image_word","200 Rupees ","100 Rupees","200 Rupees ","20 Rupees","2x100.png",""]]}]],0,0,[],[],[]],[[{"name":"2x100","rect":[0,0,432,310],"offset":[0,0],"originalSize":[432,310],"capInsets":[0,0,0,0]}],[1],0,[0],[0],[2]],[[{"name":"4x50","rect":[0,0,672,372],"offset":[0,0],"originalSize":[672,372],"capInsets":[0,0,0,0]}],[1],0,[0],[0],[3]],[[{"name":"5x100","rect":[0,0,671,460],"offset":[0,0],"originalSize":[671,460],"capInsets":[0,0,0,0]}],[1],0,[0],[0],[4]]]]