[1,["91frJStc1OcYp6kMO+UYkz","b8Vd0xh6xEioniDW1U0Hti","8eARuZoGVNAZBI5bmrBl2Y","5eG4lBfPFFSomSqEbrJi47","022UflhrxI5qIS49uU5YU8","a2CZO0Z2JL14qnSVox4kjt","6a61OJORlOi6n0kdq1sX/B"],["_textureSetter"],["cc.Texture2D","cc.SpriteFrame",["cc.AudioClip",["_name","_native","duration"],0],["cc.JsonAsset",["_name","json"],1]],[[2,0,1,2,4],[3,0,1,3]],[[["0,9729,9729,33071,33071,0,0,1",-1],[0],0,[],[],[]],[[[0,"Thursday",".mp3",0.783673],-1],0,0,[],[],[]],[[{"name":"Friday","rect":[0,0,512,404],"offset":[0,0],"originalSize":[512,404],"capInsets":[0,0,0,0]}],[1],0,[0],[0],[0]],[[[0,"Sunday",".mp3",0.731429],-1],0,0,[],[],[]],[["0,9729,9729,33071,33071,0,0,1",-1],[0],0,[],[],[]],[["0,9729,9729,33071,33071,0,0,1",-1],[0],0,[],[],[]],[[[0,"Saturday",".mp3",0.679184],-1],0,0,[],[],[]],[[{"name":"Thursday","rect":[0,0,512,404],"offset":[0,0],"originalSize":[512,404],"capInsets":[0,0,0,0]}],[1],0,[0],[0],[1]],[[{"name":"Wednesday","rect":[0,0,1060,837],"offset":[0,0],"originalSize":[1060,837],"capInsets":[0,0,0,0]}],[1],0,[0],[0],[2]],[[[1,"sl_en3607",{"rows":[["spelldoor","1","Description","Sunday","***day","4","4","Sunday.png","Sunday.mp3"],["spelldoor","1","Description","Monday","***day","4","4","Monday.png","Monday.mp3"],["spelldoor","1","Description","Tuesday","****day","4","4","Tuesday.png","Tuesday.mp3"],["spelldoor","1","Description","Wednesday","******day","4","4","Wednesday.png","Wednesday.mp3"],["spelldoor","1","Description","Thursday","****day","4","4","Thursday.png","Thursday.mp3"],["spelldoor","1","Description","Friday","***day","4","4","Friday.png","Friday.mp3"],["spelldoor","1","Description","Saturday","*****day","4","4","Saturday.png","Saturday.mp3"],["quizliteracy","1","Description","word_word","Mon","Mon","Wed","Fri","","___day","Monday.mp3"],["quizliteracy","1","Description","soundonly_word","Tuesday","Sunday","Thursday","Tuesday","","","Tuesday.mp3"],["quizliteracy","1","Description","word_word","Thu","Tue","Thu","Sun","","___rsday","Thursday.mp3"]]}]],0,0,[],[],[]],[["0,9729,9729,33071,33071,0,0,1",-1],[0],0,[],[],[]],[["0,9729,9729,33071,33071,0,0,1",-1],[0],0,[],[],[]],[["0,9729,9729,33071,33071,0,0,1",-1],[0],0,[],[],[]],[[[0,"Wednesday",".mp3",0.809796],-1],0,0,[],[],[]],[["0,9729,9729,33071,33071,0,0,1",-1],[0],0,[],[],[]],[[{"name":"Saturday","rect":[0,0,512,404],"offset":[0,0],"originalSize":[512,404],"capInsets":[0,0,0,0]}],[1],0,[0],[0],[3]],[[[0,"Monday",".mp3",0.731429],-1],0,0,[],[],[]],[[[0,"Tuesday",".mp3",0.731429],-1],0,0,[],[],[]],[[{"name":"Sunday","rect":[0,0,512,404],"offset":[0,0],"originalSize":[512,404],"capInsets":[0,0,0,0]}],[1],0,[0],[0],[4]],[[{"name":"Tuesday","rect":[0,0,1060,837],"offset":[0,0],"originalSize":[1060,837],"capInsets":[0,0,0,0]}],[1],0,[0],[0],[5]],[[{"name":"Monday","rect":[0,0,512,404],"offset":[0,0],"originalSize":[512,404],"capInsets":[0,0,0,0]}],[1],0,[0],[0],[6]],[[[0,"Friday",".mp3",0.679184],-1],0,0,[],[],[]]]]