[1,["d5kmP6UuxERrXytNI3R33N","132e3f07xCkaw1hMq/M950","d3oe6PCAhB0YwTdSjaC5yQ","6cDIDrjjBIKasQjj9DkgBQ","b3sDKMxBhNf493zHbLjnj1","3d7G6glKVGlq2alY5yoh6L","a9PhpoJo1Pp6Wcl5cGLOwV"],["_textureSetter"],["cc.Texture2D","cc.SpriteFrame",["cc.AudioClip",["_name","_native","duration"],0],["cc.JsonAsset",["_name","json"],1]],[[2,0,1,2,4],[3,0,1,3]],[[["0,9729,9729,33071,33071,0,0,1",-1],[0],0,[],[],[]],[[{"name":"एक","rect":[28,29,212,213],"offset":[-1.5,0],"originalSize":[271,271],"capInsets":[0,0,0,0]}],[1],0,[0],[0],[0]],[[{"name":"नीला","rect":[0,0,271,271],"offset":[0,0],"originalSize":[271,271],"capInsets":[0,0,0,0]}],[1],0,[0],[0],[1]],[["0,9729,9729,33071,33071,0,0,1",-1],[0],0,[],[],[]],[[[0,"नीला",".mp3",0.705306],-1],0,0,[],[],[]],[[{"name":"पीला","rect":[0,0,271,271],"offset":[0,0],"originalSize":[271,271],"capInsets":[0,0,0,0]}],[1],0,[0],[0],[2]],[[[0,"चार",".mp3",0.914286],-1],0,0,[],[],[]],[[[0,"तीन",".mp3",0.679184],-1],0,0,[],[],[]],[["0,9729,9729,33071,33071,0,0,1",-1],[0],0,[],[],[]],[[[0,"आठ",".mp3",0.731429],-1],0,0,[],[],[]],[[[0,"सीधा",".mp3",1.097143],-1],0,0,[],[],[]],[[{"name":"आठ","rect":[0,0,271,271],"offset":[0,0],"originalSize":[271,271],"capInsets":[0,0,0,0]}],[1],0,[0],[0],[3]],[[{"name":"सीधा","rect":[25,97,151,4],"offset":[0.5,1],"originalSize":[200,200],"capInsets":[0,0,0,0]}],[1],0,[0],[0],[4]],[["0,9729,9729,33071,33071,0,0,1",-1],[0],0,[],[],[]],[[{"name":"तीन","rect":[0,0,271,271],"offset":[0,0],"originalSize":[271,271],"capInsets":[0,0,0,0]}],[1],0,[0],[0],[5]],[["0,9729,9729,33071,33071,0,0,1",-1],[0],0,[],[],[]],[[[1,"hi1500",{"rows":[["rocket","1","Description","एक","ए,क","ए,क","एक.mp3","एक.png","false ","false "],["rocket","1","Description","आठ","आ,ठ","आ,ठ","आठ.mp3","आठ.png","false ","false "],["rocket","1","Description","तीन","ती,न","ती,न","तीन.mp3","तीन.png","false ","false "],["rocket","1","Description","चार","चा,र","चा,र","चार.mp3","चार.png","false ","false "],["rocket","1","Description","पीला","पी,ला","पी,ला","पीला.mp3","पीला.png","false ","false "],["rocket","1","Description","नीला","नी,ला","नी,ला","नीला.mp3","नीला.png","false ","false "],["rocket","1","Description","सीधा","सी,धा","सी,धा","सीधा.mp3","सीधा.png","false ","false "],["quizliteracy","1","Description","soundonly_word","आठ","आठ","पीला","सीधा","","","आठ.mp3"],["quizliteracy","1","Description","soundonly_word","पीला","सीधा","आठ","पीला","","","पीला.mp3"],["quizliteracy","1","Description","soundonly_word","सीधा","पीला","सीधा","आठ","","","सीधा.mp3"]]}]],0,0,[],[],[]],[["0,9729,9729,33071,33071,0,0,1",-1],[0],0,[],[],[]],[["0,9729,9729,33071,33071,0,0,1",-1],[0],0,[],[],[]],[[{"name":"चार","rect":[0,0,271,271],"offset":[0,0],"originalSize":[271,271],"capInsets":[0,0,0,0]}],[1],0,[0],[0],[6]],[[[0,"पीला",".mp3",0.757551],-1],0,0,[],[],[]],[[[0,"एक",".mp3",0.626939],-1],0,0,[],[],[]]]]