[1,["c99k2s+jlNJr4jt5K2xXOV","67cVvlaBdGPLiu9ToUFtgw","08Ze8f5gBLuKWI3qZFtfeh","d2kj/MoTRIW7frGU1GtxyW","dcEmhh0ERA+LaUOUxmUaa7","8f3da6GTVO1a7ZKUTpwfav","8fDaXxfhZDDaGw3h1lltq1"],["_textureSetter"],["cc.Texture2D","cc.SpriteFrame",["cc.AudioClip",["_name","_native","duration"],0],["cc.JsonAsset",["_name","json"],1]],[[2,0,1,2,4],[3,0,1,3]],[[["0,9729,9729,33071,33071,0,0,1",-1],[0],0,[],[],[]],[[{"name":"farm","rect":[0,0,512,321],"offset":[0,0],"originalSize":[512,321],"capInsets":[0,0,0,0]}],[1],0,[0],[0],[0]],[[[0,"square",".mp3",0.835918],-1],0,0,[],[],[]],[[{"name":"river","rect":[0,0,512,341],"offset":[0,0],"originalSize":[512,341],"capInsets":[0,0,0,0]}],[1],0,[0],[0],[1]],[[{"name":"heart","rect":[0,0,512,512],"offset":[0,0],"originalSize":[512,512],"capInsets":[0,0,0,0]}],[1],0,[0],[0],[2]],[[{"name":"rain","rect":[0,0,512,512],"offset":[0,0],"originalSize":[512,512],"capInsets":[0,0,0,0]}],[1],0,[0],[0],[3]],[[[0,"star",".mp3",0.731429],-1],0,0,[],[],[]],[[{"name":"square","rect":[50,31,89,90],"offset":[-2,0.5],"originalSize":[193,153],"capInsets":[0,0,0,0]}],[1],0,[0],[0],[4]],[[[0,"art",".mp3",0.757551],-1],0,0,[],[],[]],[[[0,"arm",".mp3",0.626939],-1],0,0,[],[],[]],[["0,9729,9729,33071,33071,0,0,1",-1],[0],0,[],[],[]],[[[0,"heart",".mp3",0.653061],-1],0,0,[],[],[]],[[[0,"farm",".mp3",0.783673],-1],0,0,[],[],[]],[[[0,"carrot",".mp3",0.835918],-1],0,0,[],[],[]],[[{"name":"carrot","rect":[0,0,512,512],"offset":[0,0],"originalSize":[512,512],"capInsets":[0,0,0,0]}],[1],0,[0],[0],[5]],[["0,9729,9729,33071,33071,0,0,1",-1],[0],0,[],[],[]],[["0,9729,9729,33071,33071,0,0,1",-1],[0],0,[],[],[]],[[[0,"car",".mp3",0.626939],-1],0,0,[],[],[]],[["0,9729,9729,33071,33071,0,0,1",-1],[0],0,[],[],[]],[["0,9729,9729,33071,33071,0,0,1",-1],[0],0,[],[],[]],[["0,9729,9729,33071,33071,0,0,1",-1],[0],0,[],[],[]],[[[1,"sl_en1704",{"rows":[["grid","1","Description","ar","m,t,k"],["grid","1","Description","ar","c,e,my"],["grid","1","Description","c,f,st","ar"],["openwindow","1","Description","LEGIT","farm","farm.png","rain.png","farm.mp3","abcdefghijklmnopqrstuvwxyz"],["openwindow","1","Description","LEGIT","heart","heart.png","river.png","heart.mp3","abcdefghijklmnopqrstuvwxyz"],["openwindow","1","Description","LEGIT","square","square.png","rocket.png","square.mp3","abcdefghijklmnopqrstuvwxyz"],["rocket","1","Description","carrot","a,b,c,d,e,f,g,h,i,j,k,l,m,n,o,p,q,r,s,t,u,v,w,x,y,z","c,a,r,r,o,t","carrot.mp3","carrot.png","false","true"],["rocket","1","Description","farm","f,a,r,m","f,a,r,m","farm.mp3","farm.png","false","false"],["quizliteracy","1","Description","soundonly_word","farm","dish","fish","farm","","","farm.mp3"],["quizliteracy","1","Description","image_word","heart","heart","grass","stick","heart.png"],["quizliteracy","1","Description","soundonly_word","carrot","farm","carrot","heart","","","carrot.mp3"]]}]],0,0,[],[],[]],[[{"name":"rocket","rect":[19,20,148,120],"offset":[-3.5,-3.5],"originalSize":[193,153],"capInsets":[0,0,0,0]}],[1],0,[0],[0],[6]],[[[0,"far",".mp3",0.653061],-1],0,0,[],[],[]]]]