[1,["2eJTUYDS9EdIIYxGEtMp1P","b9qQHlkSxJUY94ryuSPHz7","29LBqxIhJP3L81zqlAzilQ","d4HJw6BVJM2ZfPbzcRgJtY","51a6Zu/dtPvoBAjPSDvsAN","89mtu0nzJC1qckXFZxAeYV","a8huU9XCpCnLAcRWF2zeW9","a8thv0okdOuap0uP86q4N9"],["_textureSetter"],["cc.SpriteFrame","cc.Texture2D",["cc.AudioClip",["_name","_native","duration"],0],["cc.JsonAsset",["_name","json"],1]],[[2,0,1,2,4],[3,0,1,3]],[[[{"name":"elephant","rect":[0,0,512,342],"offset":[0,0],"originalSize":[512,342],"capInsets":[0,0,0,0]}],[0],0,[0],[0],[0]],[["0,9729,9729,33071,33071,0,0,1",-1],[1],0,[],[],[]],[["0,9729,9729,33071,33071,0,0,1",-1],[1],0,[],[],[]],[[{"name":"holiday","rect":[0,0,512,512],"offset":[0,0],"originalSize":[512,512],"capInsets":[0,0,0,0]}],[0],0,[0],[0],[1]],[[{"name":"good_food","rect":[0,0,512,472],"offset":[0,0],"originalSize":[512,472],"capInsets":[0,0,0,0]}],[0],0,[0],[0],[2]],[["0,9729,9729,33071,33071,0,0,1",-1],[1],0,[],[],[]],[[[0,"Oh!_I_lost_my_ticket",".mp3",2.168163],-1],0,0,[],[],[]],[[[0,"Ah!_The_injection_hurts",".mp3",2.716735],-1],0,0,[],[],[]],[[[0,"Hurray!_Tomorrow_is_a_holiday",".mp3",2.76898],-1],0,0,[],[],[]],[[[0,"This_food_is_awesome,_wow!",".mp3",3.056327],-1],0,0,[],[],[]],[[[0,"Whoa!_What_a_huge_elephant",".mp3",3.63102],-1],0,0,[],[],[]],[["0,9729,9729,33071,33071,0,0,1",-1],[1],0,[],[],[]],[[[0,"Hurray!_We_won_the_game",".mp3",2.089796],-1],0,0,[],[],[]],[[[1,"sl_en2811",{"rows":[["createsentence","1","Description","Oh!/I/lost/my/ticket.","","ticket.png","Oh!_I_lost_my_ticket.mp3"],["createsentence","1","Description","Hurray!/We/won/the/game.","","win.png","Hurray!_We_won_the_game.mp3"],["createsentence","1","Description","This/food/is/awesome,/wow!","","good_food.png","This_food_is_awesome,_wow!.mp3"],["createsentence","1","Description","Ah!/The/injection/hurts.","","giving_injection.png","Ah!_The_injection_hurts.mp3"],["createsentence","1","Description","Whoa!/What/a/huge/elephant.","","elephant.png","Whoa!_What_a_huge_elephant.mp3"],["createsentence","1","Description","Eww!/It/is/so/bitter.","","bitter.png","Eww!_It_is_so_bitter.mp3"],["createsentence","1","Description","I/reached/on/time./Yay!","","ontime.png","I_reached_on_time._Yay!.mp3"],["createsentence","1","Description","Hurray!/Tomorrow/is/a/holiday.","","holiday.png","Hurray!_Tomorrow_is_a_holiday.mp3"],["quizliteracy","1","Description","sentence_sentence","Oh!","Oh!","Wow!","Alas!","","___ I lost my ticket.","Oh!_I_lost_my_ticket.mp3"],["quizliteracy","1","Description","sentence_sentence","Ah!","Wow!","Oh!","Ah!","","___ The injection hurts.","Ah!_The_injection_hurts.mp3"],["quizliteracy","1","Description","sentence_sentence","Hurrah!","Hurrah!","Wow!","Oh!","","_______ Tomorrow is a holiday.","Hurray!_Tomorrow_is_a_holiday.mp3"]]}]],0,0,[],[],[]],[[{"name":"giving_injection","rect":[0,0,345,512],"offset":[0,0],"originalSize":[345,512],"capInsets":[0,0,0,0]}],[0],0,[0],[0],[3]],[["0,9729,9729,33071,33071,0,0,1",-1],[1],0,[],[],[]],[["0,9729,9729,33071,33071,0,0,1",-1],[1],0,[],[],[]],[["0,9729,9729,33071,33071,0,0,1",-1],[1],0,[],[],[]],[[[0,"I_reached_on_time._Yay!",".mp3",2.377143],-1],0,0,[],[],[]],[["0,9729,9729,33071,33071,0,0,1",-1],[1],0,[],[],[]],[[[0,"Eww!_It_is_so_bitter",".mp3",2.507755],-1],0,0,[],[],[]],[[{"name":"win","rect":[0,0,800,801],"offset":[0,0],"originalSize":[800,801],"capInsets":[0,0,0,0]}],[0],0,[0],[0],[4]],[[{"name":"bitter","rect":[0,0,512,406],"offset":[0,0],"originalSize":[512,406],"capInsets":[0,0,0,0]}],[0],0,[0],[0],[5]],[[{"name":"ticket","rect":[0,0,512,512],"offset":[0,0],"originalSize":[512,512],"capInsets":[0,0,0,0]}],[0],0,[0],[0],[6]],[[{"name":"ontime","rect":[0,0,450,512],"offset":[0,0],"originalSize":[450,512],"capInsets":[0,0,0,0]}],[0],0,[0],[0],[7]]]]