[1,["84kPzsRYBAGp0pTpHDUH8m","0fLGLG/3lPNKERaseju4Cx","9eBY+eF35DPqxrXWV4EV3A"],["_textureSetter"],["cc.Texture2D","cc.SpriteFrame",["cc.AudioClip",["_name","_native","duration"],0],["cc.JsonAsset",["_name","json"],1]],[[2,0,1,2,4],[3,0,1,3]],[[["0,9729,9729,33071,33071,0,0,1",-1],[0],0,[],[],[]],[[[0,"zero",".mp3",1.08],-1],0,0,[],[],[]],[[[1,"en0306",{"rows":[["balloonpop","1","Description","2","z","5","z,y,x","z.mp3"],["writeletter","1","Description","z","-"],["writecard","1","Description","z","zebra","zebra.png","zebra.mp3","zip","zip.png","zip.mp3","zero","zero.png","zero.mp3"],["quizliteracy","1","Description","soundonly_word","z","z","t","o","","","z.mp3"],["quizliteracy","1","Description","word_word","z","k","l","z","","z"],["quizliteracy","1","Description","soundonly_word","z","s","z","r","","","z.mp3"]]}]],0,0,[],[],[]],[["0,9729,9729,33071,33071,0,0,1",-1],[0],0,[],[],[]],[[[0,"zip",".mp3",0.912],-1],0,0,[],[],[]],[[{"name":"zero","rect":[224,86,766,1096],"offset":[-33,6],"originalSize":[1280,1280],"capInsets":[0,0,0,0]}],[1],0,[0],[0],[0]],[["0,9729,9729,33071,33071,0,0,1",-1],[0],0,[],[],[]],[[[0,"zebra",".mp3",1.152],-1],0,0,[],[],[]],[[{"name":"zebra","rect":[0,0,400,333],"offset":[0,0],"originalSize":[400,333],"capInsets":[0,0,0,0]}],[1],0,[0],[0],[1]],[[{"name":"zip","rect":[0,0,615,615],"offset":[0,0],"originalSize":[615,615],"capInsets":[0,0,0,0]}],[1],0,[0],[0],[2]],[[[0,"z",".mp3",1.032],-1],0,0,[],[],[]]]]