[1,["12CftoMsRF/oj8eoZcMFRE","63TU50Ch5OS5ymiY/77T8Q","a24J3T/uZOsJm/+rhVEyhc","93w47RBDlBhrKeNJUIN9bR","ffyRFORvVNLrzNXYNixYjj","88sakcCjJNqbWMDzWkWhsI"],["_textureSetter"],["cc.Texture2D","cc.SpriteFrame",["cc.AudioClip",["_name","_native","duration"],0],["cc.JsonAsset",["_name","json"],1]],[[2,0,1,2,4],[3,0,1,3]],[[[[0,"ನಾವು_ಜಗ_ಮೆಚ್ಚುವ_ಕೆಲಸ_ಮಾಡಬೇಕು",".mp3",2.904],-1],0,0,[],[],[]],[["0,9729,9729,33071,33071,0,0,1",-1],[0],0,[],[],[]],[[[0,"ತಾಯಿ_ತಾನು_ಮಗುವ_ಹಡೆದು__ಜಗವ_ಮರೆತಳು",".mp3",3.192],-1],0,0,[],[],[]],[[{"name":"snacks","rect":[0,0,400,400],"offset":[0,0],"originalSize":[400,400],"capInsets":[0,0,0,0]}],[1],0,[0],[0],[0]],[[[0,"ಅಮ್ಮನಿಗೆ_ತುಂಬಾ_ಕೆಲಸ_ಇದೆ",".mp3",2.232],-1],0,0,[],[],[]],[[{"name":"mom_child","rect":[0,0,400,400],"offset":[0,0],"originalSize":[400,400],"capInsets":[0,0,0,0]}],[1],0,[0],[0],[1]],[[[1,"kn2_2004",{"rows":[["createsentence","1","Description","ತಾಯಿ ತಾನು ಮಗುವ ಹಡೆದು/ ಜಗವ ಮರೆತಳು.","","mom.png","ತಾಯಿ_ತಾನು_ಮಗುವ_ಹಡೆದು__ಜಗವ_ಮರೆತಳು.mp3"],["createsentence","1","Description","ತನ್ನ ನೂರು ಕಷ್ಟ ಸಹಿಸಿ/ಮಗುವ ಪೊರೆವಳು.","","mom_child.png","ತನ್ನ_ನೂರು_ಕಷ್ಟ_ಸಹಿಸಿ_ಮಗುವ_ಪೊರೆವಳು.mp3"],["createsentence","1","Description","ತಾಯಿ ಮಗುವಿಗೆ/ತಿಂಡಿ ಕೊಡುವಳು.","","mother_feeding_child.png","ತಾಯಿ_ಮಗುವಿಗೆ_ತಿಂಡಿ_ಕೊಡುವಳು.mp3"],["createsentence","1","Description","ನಾವು/ಜಗ/ಮೆಚ್ಚುವ ಕೆಲಸ ಮಾಡಬೇಕು.","","proud.png","ನಾವು_ಜಗ_ಮೆಚ್ಚುವ_ಕೆಲಸ_ಮಾಡಬೇಕು.mp3"],["createsentence","1","Description","ಅಮ್ಮನಿಗೆ ತುಂಬಾ/ಕೆಲಸ/ಇದೆ.","","mom_cooking.png","ಅಮ್ಮನಿಗೆ_ತುಂಬಾ_ಕೆಲಸ_ಇದೆ.mp3"],["createsentence","1","Description","ಅಪ್ಪ ನನಗೆ/ತಿಂಡಿ/ಕೊಟ್ಟರು.","","snacks.png","ಅಪ್ಪ_ನನಗೆ_ತಿಂಡಿ_ಕೊಟ್ಟರು.mp3"],["quizliteracy","1","Description","sentence_sentence","ಜಗವ","ಜಾಗವ","ಜಗವ","ಜಲವ","","ತಾಯಿ ತಾನು ಮಗುವ ಹಡೆದು ____ ಮರೆತಳು.","ತಾಯಿ_ತಾನು_ಮಗುವ_ಹಡೆದು__ಜಗವ_ಮರೆತಳು.mp3"],["quizliteracy","1","Description","sentence_sentence","ತಿಂಡಿ","ಬಿಂದಿ","ತಂದಿ","ತಿಂಡಿ","","ತಾಯಿ ಮಗುವಿಗೆ ___ ಕೊಡುವಳು.","ತಾಯಿ_ಮಗುವಿಗೆ_ತಿಂಡಿ_ಕೊಡುವಳು.mp3"],["quizliteracy","1","Description","sentence_sentence","ಕೆಲಸ","ಕೆಲಸ","ವೆಲಸ","ಕಳಸ","","ಅಮ್ಮನಿಗೆ ತುಂಬಾ _____ ಇದೆ.","ಅಮ್ಮನಿಗೆ_ತುಂಬಾ_ಕೆಲಸ_ಇದೆ.mp3"]]}]],0,0,[],[],[]],[["0,9729,9729,33071,33071,0,0,1",-1],[0],0,[],[],[]],[[{"name":"mother_feeding_child","rect":[0,0,400,400],"offset":[0,0],"originalSize":[400,400],"capInsets":[0,0,0,0]}],[1],0,[0],[0],[2]],[[{"name":"mom","rect":[0,0,400,400],"offset":[0,0],"originalSize":[400,400],"capInsets":[0,0,0,0]}],[1],0,[0],[0],[3]],[[[0,"ತನ್ನ_ನೂರು_ಕಷ್ಟ_ಸಹಿಸಿ_ಮಗುವ_ಪೊರೆವಳು",".mp3",3.168],-1],0,0,[],[],[]],[["0,9729,9729,33071,33071,0,0,1",-1],[0],0,[],[],[]],[["0,9729,9729,33071,33071,0,0,1",-1],[0],0,[],[],[]],[[{"name":"proud","rect":[0,0,400,400],"offset":[0,0],"originalSize":[400,400],"capInsets":[0,0,0,0]}],[1],0,[0],[0],[4]],[["0,9729,9729,33071,33071,0,0,1",-1],[0],0,[],[],[]],[[[0,"ತಾಯಿ_ಮಗುವಿಗೆ_ತಿಂಡಿ_ಕೊಡುವಳು",".mp3",2.328],-1],0,0,[],[],[]],[[[0,"ಅಪ್ಪ_ನನಗೆ_ತಿಂಡಿ_ಕೊಟ್ಟರು",".mp3",2.088],-1],0,0,[],[],[]],[[{"name":"mom_cooking","rect":[0,0,400,400],"offset":[0,0],"originalSize":[400,400],"capInsets":[0,0,0,0]}],[1],0,[0],[0],[5]],[["0,9729,9729,33071,33071,0,0,1",-1],[0],0,[],[],[]]]]