[1,["5fURQajIBGcLSLaIJK2U7y","86BUL5/OlN45zjfNrU0/er","1cDUAbeThL4pIUsDuyh3wT","4b6EvNy1NAwozCh0emmiRJ","0bvW8yqWhGTZKDzHL7uKPY","d41k4ftlhMbKt6rKG6PF/l","41jeEZYbdJh4OZJqzb/BQh","a5eIEN9C5IGZv1zYqz6On4","4eQufUkh5B7pFj7CRWQNc0"],["_textureSetter"],["cc.Texture2D","cc.SpriteFrame",["cc.JsonAsset",["_name","json"],1],["cc.AudioClip",["_name","_native","duration"],0]],[[3,0,1,2,4],[2,0,1,3]],[[[[1,"kn2_1300",{"rows":[["createsentence","1","Description","ಸುಭಾಷ್/ಚಂದ್ರ/ಬೋಸ್.","","Subash_chandra_bose.png","Subhash_Chandra_Bose.mp3"],["createsentence","1","Description","ಮಹಾತ್ಮಾ/ಗಾಂಧಿ.","","mahatmagandhi.png","Mahatma_Gandhi.mp3"],["createsentence","1","Description","ಬಿ.ಆರ್. /ಅಂಬೇಡ್ಕರ್.","","ambedkar.png","B_R_Ambedkar.mp3"],["createsentence","1","Description","ಎ.ಪಿ.ಜೆ. /ಅಬ್ದುಲ್ ಕಲಾಂ.","","abdulkalaam.png","A_P_J_Abdul_Kalam.mp3"],["createsentence","1","Description","ಮದರ್/ತೆರೇಸಾ.","","mother_theresa.png","ಮದರ್_ತೆರೇಸಾ.mp3"],["createsentence","1","Description","ಎಸ್./ರಾಧಾಕೃಷ್ಣನ್.","","radhakrishnan.png","ಎಸ್_ರಾಧಾಕೃಷ್ಣನ್.mp3"],["createsentence","1","Description","ಪ್ರತಿಭಾ/ಪಾಟೀಲ್.","","pratibha_patil.png","Pratibha_Patil.mp3"],["createsentence","1","Description","ಸ್ವಾಮಿ/ವಿವೇಕಾನಂದ.","","swami_vivekananada.png","Swami_Vivekananda.mp3"],["createsentence","1","Description","ಸಾಲು ಮರದ/ತಿಮ್ಮಕ್ಕ.","","salumarada_thimmakka.png","ಸಾಲು_ಮರದ_ತಿಮ್ಮಕ್ಕ.mp3"],["quizliteracy","1","Description","image_sentence","ಸುಭಾಷ್ ಚಂದ್ರ ಬೋಸ್.","ಬಿ.ಆರ್.  ಅಂಬೇಡ್ಕರ್.","ಸುಭಾಷ್ ಚಂದ್ರ ಬೋಸ್.","ಪ್ರತಿಭಾ ಪಾಟೀಲ್.","Subash_chandra_bose.png","","Subhash_Chandra_Bose.mp3"],["quizliteracy","1","Description","image_sentence","ಬಿ.ಆರ್.  ಅಂಬೇಡ್ಕರ್.","ಸುಭಾಷ್ ಚಂದ್ರ ಬೋಸ್.","ಪ್ರತಿಭಾ ಪಾಟೀಲ್.","ಬಿ.ಆರ್.  ಅಂಬೇಡ್ಕರ್.","ambedkar.png","","B_R_Ambedkar.mp3"],["quizliteracy","1","Description","image_sentence","ಪ್ರತಿಭಾ ಪಾಟೀಲ್.","ಪ್ರತಿಭಾ ಪಾಟೀಲ್.","ಬಿ.ಆರ್.  ಅಂಬೇಡ್ಕರ್.","ಸುಭಾಷ್ ಚಂದ್ರ ಬೋಸ್.","pratibha_patil.png","","Pratibha_Patil.mp3"]]}]],0,0,[],[],[]],[["0,9729,9729,33071,33071,0,0,1",-1],[0],0,[],[],[]],[[[0,"ಮದರ್_ತೆರೇಸಾ",".mp3",1.344],-1],0,0,[],[],[]],[[[0,"Pratibha_Patil",".mp3",1.368],-1],0,0,[],[],[]],[[[0,"ಎಸ್_ರಾಧಾಕೃಷ್ಣನ್",".mp3",1.536],-1],0,0,[],[],[]],[["0,9729,9729,33071,33071,0,0,1",-1],[0],0,[],[],[]],[[{"name":"swami_vivekananada","rect":[0,0,400,400],"offset":[0,0],"originalSize":[400,400],"capInsets":[0,0,0,0]}],[1],0,[0],[0],[0]],[[[0,"Subhash_Chandra_Bose",".mp3",1.68],-1],0,0,[],[],[]],[["0,9729,9729,33071,33071,0,0,1",-1],[0],0,[],[],[]],[["0,9729,9729,33071,33071,0,0,1",-1],[0],0,[],[],[]],[["0,9729,9729,33071,33071,0,0,1",-1],[0],0,[],[],[]],[[{"name":"abdulkalaam","rect":[0,0,400,400],"offset":[0,0],"originalSize":[400,400],"capInsets":[0,0,0,0]}],[1],0,[0],[0],[1]],[["0,9729,9729,33071,33071,0,0,1",-1],[0],0,[],[],[]],[[{"name":"salumarada_thimmakka","rect":[0,0,400,400],"offset":[0,0],"originalSize":[400,400],"capInsets":[0,0,0,0]}],[1],0,[0],[0],[2]],[[{"name":"pratibha_patil","rect":[0,0,400,400],"offset":[0,0],"originalSize":[400,400],"capInsets":[0,0,0,0]}],[1],0,[0],[0],[3]],[[{"name":"Subash_chandra_bose","rect":[0,0,400,400],"offset":[0,0],"originalSize":[400,400],"capInsets":[0,0,0,0]}],[1],0,[0],[0],[4]],[["0,9729,9729,33071,33071,0,0,1",-1],[0],0,[],[],[]],[[[0,"S.mp3Radhakrishnan",".mp3",0.624],-1],0,0,[],[],[]],[[{"name":"mahatmagandhi","rect":[0,0,400,400],"offset":[0,0],"originalSize":[400,400],"capInsets":[0,0,0,0]}],[1],0,[0],[0],[5]],[[[0,"A_P_J_Abdul_Kalam",".mp3",1.944],-1],0,0,[],[],[]],[["0,9729,9729,33071,33071,0,0,1",-1],[0],0,[],[],[]],[[{"name":"ambedkar","rect":[0,0,400,400],"offset":[0,0],"originalSize":[400,400],"capInsets":[0,0,0,0]}],[1],0,[0],[0],[6]],[[{"name":"radhakrishnan","rect":[0,0,400,400],"offset":[0,0],"originalSize":[400,400],"capInsets":[0,0,0,0]}],[1],0,[0],[0],[7]],[["0,9729,9729,33071,33071,0,0,1",-1],[0],0,[],[],[]],[[{"name":"mother_theresa","rect":[0,0,400,400],"offset":[0,0],"originalSize":[400,400],"capInsets":[0,0,0,0]}],[1],0,[0],[0],[8]],[[[0,"B_R_Ambedkar",".mp3",1.44],-1],0,0,[],[],[]],[[[0,"ಸಾಲು_ಮರದ_ತಿಮ್ಮಕ್ಕ",".mp3",1.776],-1],0,0,[],[],[]],[[[0,"Mahatma_Gandhi",".mp3",1.512],-1],0,0,[],[],[]],[[[0,"Swami_Vivekananda",".mp3",1.752],-1],0,0,[],[],[]]]]