[1,["0fZGMAelhDo4HGMAqwgMIr","d5YYgKKm1JY4394ZJn/eZA","4ajNsbsJhNU5KNHB2rYkzy","35sHDQh+dLDKW5uN8NUWuS","c5nJ9lG/RN5ps/UMq8xBK2","8aeT7ZA/JDAKchSBbnhru+","6b+paV3GBLKKKmJk3vrbat","23svOraApGUJQrmQ18hUCL","a3pNMInotGr4cJlea/1N4D","20TVPJhUZGBLTmv6Ntk2tV","4bBn72x6pEcrc/opFpWPNa","65ut78lkVMRILfG0D9Tu6W"],["_textureSetter"],["cc.Texture2D","cc.SpriteFrame",["cc.AudioClip",["_name","_native","duration"],0],["cc.JsonAsset",["_name","json"],1]],[[2,0,1,2,4],[3,0,1,3]],[[[[0,"monkey",".mp3",0.653061],-1],0,0,[],[],[]],[[[0,"bee",".mp3",0.496327],-1],0,0,[],[],[]],[[[0,"crow",".mp3",0.626939],-1],0,0,[],[],[]],[["0,9729,9729,33071,33071,0,0,1",-1],[0],0,[],[],[]],[[[0,"squirrel",".mp3",0.940408],-1],0,0,[],[],[]],[[[0,"chicken",".mp3",0.653061],-1],0,0,[],[],[]],[[{"name":"rabbit","rect":[0,0,1200,1000],"offset":[0,0],"originalSize":[1200,1000],"capInsets":[0,0,0,0]}],[1],0,[0],[0],[0]],[[[0,"lion",".mp3",0.783673],-1],0,0,[],[],[]],[["1,9729,9729,33071,33071,0,0,1",-1],[0],0,[],[],[]],[["1,9729,9729,33071,33071,0,0,1",-1],[0],0,[],[],[]],[[[0,"toucan",".mp3",0.783673],-1],0,0,[],[],[]],[[{"name":"pig","rect":[0,0,1301,1300],"offset":[0,0],"originalSize":[1301,1300],"capInsets":[0,0,0,0]}],[1],0,[0],[0],[1]],[[[0,"frog",".mp3",0.653061],-1],0,0,[],[],[]],[[[0,"The_goats_are_in_front_of_the_tree",".mp3",2.377143],-1],0,0,[],[],[]],[["0,9729,9729,33071,33071,0,0,1",-1],[0],0,[],[],[]],[[[0,"insects",".mp3",0.888163],-1],0,0,[],[],[]],[[[0,"barn",".mp3",0.653061],-1],0,0,[],[],[]],[[[0,"wild_cats",".mp3",1.38449],-1],0,0,[],[],[]],[["1,9729,9729,33071,33071,0,0,1",-1],[0],0,[],[],[]],[["1,9729,9729,33071,33071,0,0,1",-1],[0],0,[],[],[]],[[[0,"hen",".mp3",0.600816],-1],0,0,[],[],[]],[[{"name":"image_4_3","rect":[0,0,845,695],"offset":[0,0],"originalSize":[845,695],"capInsets":[0,0,0,0]}],[1],0,[0],[0],[2]],[[[1,"sl_en2411",{"rows":[["fillblank","1","Description","The [chicken] is in the coop.","The_chicken_is_in_the_coop.mp3","hen","lion","zebra","15"],["fillblank","1","Description","The [goats] are in front of the tree.","The_goats_are_in_front_of_the_tree.mp3","sheep","lion","frog","15"],["fillblank","1","Description","The [lions] are sitting next to the tree.","The_lions_are_sitting_next_to_the_tree.mp3","goats","dogs","cats","15"],["tag","1","Description","image_4_1.jpg","animals","758.-1520","animals.mp3","dog","1251.-1045","dog.mp3","cat","972.-373","cat.mp3","cow","297.-767","cow.mp3"],["tag","1","Description","image_4_2.jpg","animals","280.-1520","animals.mp3","bear","757.-899","bear.mp3","snake","1240.-1136","snake.mp3","monkey","751.-577","monkey.mp3"],["tag","1","Description","image_4_3.jpg","cage","280.-1520","cage.mp3","chicken","280.-989","chicken.mp3","chick","1280.-482","chick.mp3","egg","1280.-1235","egg.mp3"],["tag","1","Description","image_4_4.jpg","farm","280.-1520","farm.mp3","barn","394.-438","barn.mp3","pig","1324.-753","pig.mp3","hen","257.-889","hen.mp3","rooster","883.-1146","rooster.mp3"],["tag","1","Description","image_5_1.jpg","wild cats","725.-1520","wild_cats.mp3","leopard","298.-944","leopard.mp3","lion","1250.-1115","lion.mp3","tiger","989.-441","tiger.mp3"],["tag","1","Description","image_5_2.jpg","birds","719.-914","birds.mp3","cock","1250.-368","cock.mp3","crow","299.-1479","crow.mp3","owl","1250.-1479","owl.mp3","goose","299.-368","goose.mp3"],["tag","1","Description","image_5_3.jpg","insects","694.-442","insects.mp3","bee","1274.-832","bee.mp3","fly","394.-1478","fly.mp3","ladybug","617.-802","ladybug.mp3","butterfly","1249.-1359","butterfly.mp3"],["tag","1","Description","image_5_4.jpg","forest","1075.-413","forest.mp3","squirrel","299.-1074","squirrel.mp3","snake","322.-472","snake.mp3","frog","1243.-704","frog.mp3","toucan","1295.-1178","toucan.mp3"],["quizliteracy","1","Description","soundonly_word","goat","hen","lion","goat","","","goat.mp3"],["quizliteracy","1","Description","image_word","bear","bear","dog","cow","bear.png"],["quizliteracy","1","Description","image_word","rabbit","rabbit","bear","leopard","rabbit.png"],["quizliteracy","1","Description","soundonly_word","lion","lion","frog","duck","","","lion.mp3"],["quizliteracy","1","Description","soundonly_image","cow.png","dog.png","pig.png","cow.png","","","cow.mp3"]]}]],0,0,[],[],[]],[[{"name":"bear","rect":[0,0,1200,1000],"offset":[0,0],"originalSize":[1200,1000],"capInsets":[0,0,0,0]}],[1],0,[0],[0],[3]],[["1,9729,9729,33071,33071,0,0,1",-1],[0],0,[],[],[]],[[[0,"pig",".mp3",0.548571],-1],0,0,[],[],[]],[[[0,"chick",".mp3",0.600816],-1],0,0,[],[],[]],[["1,9729,9729,33071,33071,0,0,1",-1],[0],0,[],[],[]],[[[0,"birds",".mp3",0.679184],-1],0,0,[],[],[]],[[[0,"goose",".mp3",0.809796],-1],0,0,[],[],[]],[[[0,"butterfly",".mp3",0.809796],-1],0,0,[],[],[]],[[[0,"owl",".mp3",0.705306],-1],0,0,[],[],[]],[[{"name":"image_5_3","rect":[0,0,845,695],"offset":[0,0],"originalSize":[845,695],"capInsets":[0,0,0,0]}],[1],0,[0],[0],[4]],[[[0,"forest",".mp3",0.966531],-1],0,0,[],[],[]],[[[0,"bear",".mp3",0.600816],-1],0,0,[],[],[]],[[{"name":"dog","rect":[0,20,140,99],"offset":[0,0.5],"originalSize":[140,140],"capInsets":[0,0,0,0]}],[1],0,[0],[0],[5]],[["0,9729,9729,33071,33071,0,0,1",-1],[0],0,[],[],[]],[[[0,"dog",".mp3",0.574694],-1],0,0,[],[],[]],[[{"name":"image_5_1","rect":[0,0,845,695],"offset":[0,0],"originalSize":[845,695],"capInsets":[0,0,0,0]}],[1],0,[0],[0],[6]],[[{"name":"image_4_1","rect":[0,0,845,695],"offset":[0,0],"originalSize":[845,695],"capInsets":[0,0,0,0]}],[1],0,[0],[0],[7]],[[[0,"The_chicken_is_in_the_coop",".mp3",1.776327],-1],0,0,[],[],[]],[[{"name":"image_5_4","rect":[0,0,845,695],"offset":[0,0],"originalSize":[845,695],"capInsets":[0,0,0,0]}],[1],0,[0],[0],[8]],[[[0,"cat",".mp3",0.835918],-1],0,0,[],[],[]],[["1,9729,9729,33071,33071,0,0,1",-1],[0],0,[],[],[]],[[[0,"cage",".mp3",0.862041],-1],0,0,[],[],[]],[[[0,"egg",".mp3",0.496327],-1],0,0,[],[],[]],[[[0,"snake",".mp3",0.783673],-1],0,0,[],[],[]],[[[0,"tiger",".mp3",0.705306],-1],0,0,[],[],[]],[[[0,"fly",".mp3",0.783673],-1],0,0,[],[],[]],[[[0,"cock",".mp3",0.626939],-1],0,0,[],[],[]],[[[0,"cow",".mp3",0.653061],-1],0,0,[],[],[]],[["1,9729,9729,33071,33071,0,0,1",-1],[0],0,[],[],[]],[[[0,"The_lions_are_sitting_next_to_the_tree",".mp3",2.220408],-1],0,0,[],[],[]],[[[0,"animals",".mp3",0.809796],-1],0,0,[],[],[]],[["0,9729,9729,33071,33071,0,0,1",-1],[0],0,[],[],[]],[[{"name":"image_4_4","rect":[0,0,845,695],"offset":[0,0],"originalSize":[845,695],"capInsets":[0,0,0,0]}],[1],0,[0],[0],[9]],[[{"name":"image_4_2","rect":[0,0,845,695],"offset":[0,0],"originalSize":[845,695],"capInsets":[0,0,0,0]}],[1],0,[0],[0],[10]],[[{"name":"image_5_2","rect":[0,0,845,695],"offset":[0,0],"originalSize":[845,695],"capInsets":[0,0,0,0]}],[1],0,[0],[0],[11]],[[[0,"rooster",".mp3",0.835918],-1],0,0,[],[],[]],[[[0,"farm",".mp3",0.783673],-1],0,0,[],[],[]],[[[0,"leopard",".mp3",0.888163],-1],0,0,[],[],[]],[[[0,"goat",".mp3",0.757551],-1],0,0,[],[],[]],[[[0,"ladybug",".mp3",0.862041],-1],0,0,[],[],[]]]]