[1,["47K8b2rU1FMZyQkFcO/phT","8fVwBnFm1EnqdJ9mbMW0pv","54cMOcR61JXLuANO4xM3S3","b5rU1LAE5O1rtTfmmkl5N4","1b9yOLxlxKbJuAOEMAfyc5"],["_textureSetter"],["cc.SpriteFrame","cc.Texture2D",["cc.AudioClip",["_name","_native","duration"],0],["cc.JsonAsset",["_name","json"],1]],[[2,0,1,2,4],[3,0,1,3]],[[[{"name":"book","rect":[0,0,512,378],"offset":[0,0],"originalSize":[512,378],"capInsets":[0,0,0,0]}],[0],0,[0],[0],[0]],[[{"name":"garland","rect":[0,0,512,384],"offset":[0,0],"originalSize":[512,384],"capInsets":[0,0,0,0]}],[0],0,[0],[0],[1]],[[[0,"ಕಾರಿ",".mp3",0.696],-1],0,0,[],[],[]],[["0,9729,9729,33071,33071,0,0,1",-1],[1],0,[],[],[]],[[{"name":"photo","rect":[0,0,461,512],"offset":[0,0],"originalSize":[461,512],"capInsets":[0,0,0,0]}],[0],0,[0],[0],[2]],[[[0,"ರ",".mp3",0.48],-1],0,0,[],[],[]],[["0,9729,9729,33071,33071,0,0,1",-1],[1],0,[],[],[]],[[[0,"ಬಂಧು",".mp3",0.744],-1],0,0,[],[],[]],[["0,9729,9729,33071,33071,0,0,1",-1],[1],0,[],[],[]],[[{"name":"flower","rect":[0,0,512,378],"offset":[0,0],"originalSize":[512,378],"capInsets":[0,0,0,0]}],[0],0,[0],[0],[3]],[[[0,"ಸ",".mp3",0.576],-1],0,0,[],[],[]],[[[0,"ಹೂವು",".mp3",0.696],-1],0,0,[],[],[]],[["0,9729,9729,33071,33071,0,0,1",-1],[1],0,[],[],[]],[[[0,"ಬಂ",".mp3",0.552],-1],0,0,[],[],[]],[[[0,"ಧು",".mp3",0.552],-1],0,0,[],[],[]],[[[0,"ತಿಂಡಿ",".mp3",0.696],-1],0,0,[],[],[]],[["0,9729,9729,33071,33071,0,0,1",-1],[1],0,[],[],[]],[[[1,"kn2501",{"rows":[["phonictractor","1","Description","4","ಬಂಧು","ಬಂಧು.mp3","ಬಂ","ಬಂ.mp3","ಧು","ಧು.mp3"],["spelldoor","1","Description","ಹೂವು","**","0","0","flower.png","ಹೂವು.mp3"],["rocket","1","Description","ಮಾಲೆ","ಮಾ,ಲೆ","ಮಾ,ಲೆ","ಮಾಲೆ.mp3","garland.png","False","False"],["openwindow","1","Description","LEGIT","ಪ,ಟ","photo.png","book.png","ಪಟ.mp3","ಪ,ಟ"],["phonictractor","1","Description","4","ಸರಕಾರಿ","ಸರಕಾರಿ.mp3","ಸ","ಸ.mp3","ರ","ರ.mp3","ಕಾರಿ","ಕಾರಿ.mp3"],["spelldoor","1","Description","ತಿಂಡಿ","*ಡಿ","0","0","sweets.png","ತಿಂಡಿ.mp3"],["quizliteracy","1","Description","image_word","ಹೂವು","ಮಾಲೆ","ಪಟ","ಹೂವು","flower.png","","ಹೂವು.mp3"],["quizliteracy","1","Description","soundonly_word","ಮಾಲೆ","ಸರಕಾರಿ","ಹೂವು","ಮಾಲೆ","","","ಮಾಲೆ.mp3"],["quizliteracy","1","Description","word_word","ಡಿ","ಹೂ","ಲೆ","ಡಿ","","ತಿಂ__","ತಿಂಡಿ.mp3"]]}]],0,0,[],[],[]],[[[0,"ಪಟ",".mp3",0.6],-1],0,0,[],[],[]],[[{"name":"sweets","rect":[0,0,410,512],"offset":[0,0],"originalSize":[410,512],"capInsets":[0,0,0,0]}],[0],0,[0],[0],[4]],[[[0,"ಮಾಲೆ",".mp3",0.696],-1],0,0,[],[],[]],[[[0,"ಸರಕಾರಿ",".mp3",0.936],-1],0,0,[],[],[]]]]