[1,["2fU4Ryq2VNupaHpuyv4S3D","d9OYMv9qJKOYongwbesOtu","537skGt0tKiY4UVsyD0r5Z","b0tVx8+qRL9LnhYsWn/atB","5czMJgc5dKM5DcjtUchY17"],["_textureSetter"],["cc.SpriteFrame","cc.Texture2D",["cc.JsonAsset",["_name","json"],1],["cc.AudioClip",["_name","_native","duration"],0]],[[3,0,1,2,4],[2,0,1,3]],[[[{"name":"rath","rect":[0,0,600,800],"offset":[0,0],"originalSize":[600,800],"capInsets":[0,0,0,0]}],[0],0,[0],[0],[0]],[["0,9729,9729,33071,33071,0,0,1",-1],[1],0,[],[],[]],[[[1,"kn4506",{"rows":[["spelldoor","1","Description","ಚೇಳು ","*ಳು ","0","0","scorpion.png","ಚೇಳು.mp3"],["spelldoor","1","Description","ಮೇಜು ","*ಜು","0","0","desk.png","ಮೇಜು.mp3"],["spelldoor","1","Description","ಮೇಕೆ ","ಮೇ*","0","0","goat.png","ಮೇಕೆ.mp3"],["spelldoor","1","Description","ಸೇಬು ","ಸೇ*","0","0","apple.png","ಸೇಬು.mp3"],["spelldoor","1","Description","ತೇರು ","*ರು","0","0","rath.png","ತೇರು.mp3"]]}]],0,0,[],[],[]],[[{"name":"desk","rect":[0,0,557,800],"offset":[0,0],"originalSize":[557,800],"capInsets":[0,0,0,0]}],[0],0,[0],[0],[1]],[["0,9729,9729,33071,33071,0,0,1",-1],[1],0,[],[],[]],[["0,9729,9729,33071,33071,0,0,1",-1],[1],0,[],[],[]],[[{"name":"goat","rect":[0,0,333,500],"offset":[0,0],"originalSize":[333,500],"capInsets":[0,0,0,0]}],[0],0,[0],[0],[2]],[[[0,"ಮೇಜು",".mp3",0.72],-1],0,0,[],[],[]],[[[0,"ಚೇಳು",".mp3",0.72],-1],0,0,[],[],[]],[[{"name":"apple","rect":[0,0,800,666],"offset":[0,0],"originalSize":[800,666],"capInsets":[0,0,0,0]}],[0],0,[0],[0],[3]],[[{"name":"scorpion","rect":[0,0,800,510],"offset":[0,0],"originalSize":[800,510],"capInsets":[0,0,0,0]}],[0],0,[0],[0],[4]],[["0,9729,9729,33071,33071,0,0,1",-1],[1],0,[],[],[]],[[[0,"ಮೇಕೆ",".mp3",0.72],-1],0,0,[],[],[]],[["0,9729,9729,33071,33071,0,0,1",-1],[1],0,[],[],[]],[[[0,"ತೇರು",".mp3",0.672],-1],0,0,[],[],[]],[[[0,"ಸೇಬು",".mp3",0.744],-1],0,0,[],[],[]]]]