[1,["4f2TLfotxKU5kOo23HkHKs","d05DnYHq1Mr4YUQH3oGNRC","b930mZIGxEp4r8Cmpitcy0"],["_textureSetter"],["cc.Texture2D","cc.SpriteFrame",["cc.AudioClip",["_name","_native","duration"],0],["cc.JsonAsset",["_name","json"],1]],[[2,0,1,2,4],[3,0,1,3]],[[[[0,"नाक",".mp3",0.679184],-1],0,0,[],[],[]],[["0,9729,9729,33071,33071,0,0,1",-1],[0],0,[],[],[]],[[[0,"न",".mp3",0.653],-1],0,0,[],[],[]],[[[1,"hi0119",{"rows":[["balloonpop","1","Description","2","न","5","न","न.mp3"],["phonictractor","1","Description","5","न","न.mp3","न","न.mp3"],["writeletter","1","Description","न","नाक"],["writecard","1","Description","न","नाक","नाक.png","नाक.mp3","नल","नल.png","नल.mp3","नदी","नदी.png","नदी.mp3"],["quizliteracy","1","Description","soundonly_word","न","न","ध","ऐ","","","न.mp3"],["quizliteracy","1","Description","word_word","न","ध","द","न","","न"],["quizliteracy","1","Description","soundonly_word","न","न","प","ध","","","न.mp3"]]}]],0,0,[],[],[]],[[[0,"नल",".mp3",0.574694],-1],0,0,[],[],[]],[[{"name":"नाक","rect":[53,13,301,297],"offset":[3.5,5],"originalSize":[400,333],"capInsets":[0,0,0,0]}],[1],0,[0],[0],[0]],[[[0,"नदी",".mp3",0.705306],-1],0,0,[],[],[]],[[{"name":"नदी","rect":[0,0,400,333],"offset":[0,0],"originalSize":[400,333],"capInsets":[0,0,0,0]}],[1],0,[0],[0],[1]],[["0,9729,9729,33071,33071,0,0,1",-1],[0],0,[],[],[]],[[{"name":"नल","rect":[0,0,400,333],"offset":[0,0],"originalSize":[400,333],"capInsets":[0,0,0,0]}],[1],0,[0],[0],[2]],[["0,9729,9729,33071,33071,0,0,1",-1],[0],0,[],[],[]]]]