[1,["4f2//w4BBKr4o9HoG0usZb","93yDB4rV9KmaxhOfBkpnIP","52w5N5meZDHavw2PY6glRz","32M3/kPIlPbIYsX/Sbkv9i","2fGnXXwNJMPLYWzCsscH/4","f9L4yTRF1Lkbl/IbeYpQbW","596xPD50xK4phSIX67u+F7","36IQK3KjlPPqYOrAxBw5qh","b0NRIT81FGzK20CPELq6wH","2fvV6q0HJNGribhfk0xV/I","f62xfMJBRNh6ztWFChA6Xk","f5g0fintlKHK2i57rSvkfl","72p1UhnsROrpARieNKjOSN","79EZpQd91PhL/WtStTLzi7","4d3ISO23RBQ5qUIZW5UB5n"],["_textureSetter"],["cc.SpriteFrame","cc.Texture2D",["cc.AudioClip",["_name","_native","duration"],0],["cc.JsonAsset",["_name","json"],1]],[[2,0,1,2,4],[3,0,1,3]],[[[{"name":"knife","rect":[0,0,640,449],"offset":[0,0],"originalSize":[640,449],"capInsets":[0,0,0,0]}],[0],0,[0],[0],[0]],[[{"name":"cucumber","rect":[0,0,640,480],"offset":[0,0],"originalSize":[640,480],"capInsets":[0,0,0,0]}],[0],0,[0],[0],[1]],[[{"name":"voice","rect":[31,33,569,567],"offset":[15.5,-16.5],"originalSize":[600,600],"capInsets":[0,0,0,0]}],[0],0,[0],[0],[2]],[[[0,"मैना",".mp3",0.914286],-1],0,0,[],[],[]],[["0,9729,9729,33071,33071,0,0,1",-1],[1],0,[],[],[]],[["0,9729,9729,33071,33071,0,0,1",-1],[1],0,[],[],[]],[["0,9729,9729,33071,33071,0,0,1",-1],[1],0,[],[],[]],[["0,9729,9729,33071,33071,0,0,1",-1],[1],0,[],[],[]],[[{"name":"spinach","rect":[0,0,640,427],"offset":[0,0],"originalSize":[640,427],"capInsets":[0,0,0,0]}],[0],0,[0],[0],[3]],[["0,9729,9729,33071,33071,0,0,1",-1],[1],0,[],[],[]],[["0,9729,9729,33071,33071,0,0,1",-1],[1],0,[],[],[]],[[[0,"काकडी",".mp3",0.966531],-1],0,0,[],[],[]],[["0,9729,9729,33071,33071,0,0,1",-1],[1],0,[],[],[]],[["0,9729,9729,33071,33071,0,0,1",-1],[1],0,[],[],[]],[[[0,"कपाळ",".mp3",0.914286],-1],0,0,[],[],[]],[[{"name":"queen","rect":[0,0,640,640],"offset":[0,0],"originalSize":[640,640],"capInsets":[0,0,0,0]}],[0],0,[0],[0],[4]],[[[0,"पालक",".mp3",0.888163],-1],0,0,[],[],[]],[[{"name":"dog","rect":[0,0,640,480],"offset":[0,0],"originalSize":[640,480],"capInsets":[0,0,0,0]}],[0],0,[0],[0],[5]],[[{"name":"peacock","rect":[0,0,640,424],"offset":[0,0],"originalSize":[640,424],"capInsets":[0,0,0,0]}],[0],0,[0],[0],[6]],[[{"name":"carrot","rect":[0,0,640,336],"offset":[0,0],"originalSize":[640,336],"capInsets":[0,0,0,0]}],[0],0,[0],[0],[7]],[[[0,"लाटणे",".mp3",1.07102],-1],0,0,[],[],[]],[["0,9729,9729,33071,33071,0,0,1",-1],[1],0,[],[],[]],[["0,9729,9729,33071,33071,0,0,1",-1],[1],0,[],[],[]],[[{"name":"park","rect":[0,0,640,293],"offset":[0,0],"originalSize":[640,293],"capInsets":[0,0,0,0]}],[0],0,[0],[0],[8]],[["0,9729,9729,33071,33071,0,0,1",-1],[1],0,[],[],[]],[[{"name":"barber","rect":[0,0,618,458],"offset":[0,0],"originalSize":[618,458],"capInsets":[0,0,0,0]}],[0],0,[0],[0],[9]],[["0,9729,9729,33071,33071,0,0,1",-1],[1],0,[],[],[]],[[{"name":"forehead","rect":[0,0,640,378],"offset":[0,0],"originalSize":[640,378],"capInsets":[0,0,0,0]}],[0],0,[0],[0],[10]],[[[0,"मासे",".mp3",0.966531],-1],0,0,[],[],[]],[[{"name":"rollingpin","rect":[45,39,549,129],"offset":[-0.5,0.5],"originalSize":[640,208],"capInsets":[0,0,0,0]}],[0],0,[0],[0],[11]],[[{"name":"myna","rect":[0,0,640,427],"offset":[0,0],"originalSize":[640,427],"capInsets":[0,0,0,0]}],[0],0,[0],[0],[12]],[[{"name":"chicken","rect":[0,0,640,427],"offset":[0,0],"originalSize":[640,427],"capInsets":[0,0,0,0]}],[0],0,[0],[0],[13]],[[[1,"mr0605",{"rows":[["openwindow","1","Description","LEGIT","ला,ट,णे","rollingpin.png","myna.png","लाटणे.mp3","ला,ट,णे"],["openwindow","1","Description","LEGIT","पा,ल,क","spinach.png","carrot.png","पालक.mp3","पा,ल,क"],["openwindow","1","Description","LEGIT","मा,से","fish.png","chicken.png","मासे.mp3","मा,से"],["openwindow","1","Description","LEGIT","का,क,डी","cucumber.png","park.png","काकडी.mp3","का,क,डी"],["openwindow","1","Description","LEGIT","क,पा,ळ","forehead.png","queen.png","कपाळ.mp3","क,पा,ळ"],["openwindow","1","Description","LEGIT","मो,र","peacock.png","barber.png","मोर.mp3","मो,र"],["openwindow","1","Description","LEGIT","मै,ना","myna.png","dog.png","मैना.mp3","मै,ना"],["openwindow","1","Description","LEGIT","आ,वा,ज","voice.png","knife.png","आवाज.mp3","आ,वा,ज"],["quizliteracy","1","Description","image_word","मासे","मासे","मैना","मोर","fish.png"],["quizliteracy","1","Description","image_word","काकडी","लाटणे","पालक","काकडी","cucumber.png"],["quizliteracy","1","Description","image_word","कपाळ","आवाज","कपाळ","मासे","forehead.png"]]}]],0,0,[],[],[]],[[[0,"मोर",".mp3",0.783673],-1],0,0,[],[],[]],[[{"name":"fish","rect":[0,0,615,435],"offset":[0,0],"originalSize":[615,435],"capInsets":[0,0,0,0]}],[0],0,[0],[0],[14]],[[[0,"आवाज",".mp3",0.914286],-1],0,0,[],[],[]],[["0,9729,9729,33071,33071,0,0,1",-1],[1],0,[],[],[]],[["0,9729,9729,33071,33071,0,0,1",-1],[1],0,[],[],[]],[["0,9729,9729,33071,33071,0,0,1",-1],[1],0,[],[],[]]]]