[1,["07tiBiKohPk56/05zgxmKA","86WzHvVZVMUY/ilZn96OUy","0akSAcgy5NkZ+Nsr4qkU7r","cfkCy3eJ5Oo68aopRadfhN","02xSbDe89AaLtVMF1GBqWE","e7ZwiP9itNBY7muTlHkooC"],["_textureSetter"],["cc.Texture2D","cc.SpriteFrame",["cc.JsonAsset",["_name","json"],1],["cc.AudioClip",["_name","_native","duration"],0]],[[3,0,1,2,4],[2,0,1,3]],[[["0,9729,9729,33071,33071,0,0,1",-1],[0],0,[],[],[]],[["0,9729,9729,33071,33071,0,0,1",-1],[0],0,[],[],[]],[[{"name":"balloons","rect":[11,0,578,600],"offset":[0,0],"originalSize":[600,600],"capInsets":[0,0,0,0]}],[1],0,[0],[0],[0]],[["0,9729,9729,33071,33071,0,0,1",-1],[0],0,[],[],[]],[[[1,"mr3701",{"rows":[["openwindow","1","Description","LEGIT","फुगा","balloon.png","balloons.png","फुगा.mp3","फुगा"],["openwindow","1","Description","LEGIT","फुगे","balloons.png","balloon.png","फुगे.mp3","फुगे"],["openwindow","1","Description","LEGIT","गोटी","marble.png","marbles.png","गोटी.mp3","गोटी"],["openwindow","1","Description","LEGIT","गोट्या","marbles.png","marble.png","गोट्या.mp3","गोट्या"],["openwindow","1","Description","LEGIT","केळं","banana.png","bananas.png","केळं.mp3","केळं"],["openwindow","1","Description","LEGIT","केळी","bananas.png","banana.png","केळी.mp3","केळी"],["quizliteracy","1","Description","image_word","फुगे","फुगे","गोटी","फुगा","balloons.png"],["quizliteracy","1","Description","image_word","गोटी","गोट्या","फुगे","गोटी","marble.png"],["quizliteracy","1","Description","image_word","केळी","गोटी","केळी","केळं","bananas.png"]]}]],0,0,[],[],[]],[[[0,"गोटी",".mp3",0.84],-1],0,0,[],[],[]],[[[0,"केळी",".mp3",0.696],-1],0,0,[],[],[]],[[{"name":"bananas","rect":[0,0,237,168],"offset":[0,0],"originalSize":[237,168],"capInsets":[0,0,0,0]}],[1],0,[0],[0],[1]],[[[0,"फुगे",".mp3",0.768],-1],0,0,[],[],[]],[["0,9729,9729,33071,33071,0,0,1",-1],[0],0,[],[],[]],[[{"name":"balloon","rect":[146,7,299,588],"offset":[-4.5,-1],"originalSize":[600,600],"capInsets":[0,0,0,0]}],[1],0,[0],[0],[2]],[[[0,"फुगा",".mp3",0.792],-1],0,0,[],[],[]],[[{"name":"marble","rect":[0,0,640,425],"offset":[0,0],"originalSize":[640,425],"capInsets":[0,0,0,0]}],[1],0,[0],[0],[3]],[["0,9729,9729,33071,33071,0,0,1",-1],[0],0,[],[],[]],[[{"name":"marbles","rect":[0,0,640,427],"offset":[0,0],"originalSize":[640,427],"capInsets":[0,0,0,0]}],[1],0,[0],[0],[4]],[[{"name":"banana","rect":[0,0,640,564],"offset":[0,0],"originalSize":[640,564],"capInsets":[0,0,0,0]}],[1],0,[0],[0],[5]],[["0,9729,9729,33071,33071,0,0,1",-1],[0],0,[],[],[]],[[[0,"केळं",".mp3",0.731429],-1],0,0,[],[],[]],[[[0,"गोट्या",".mp3",0.864],-1],0,0,[],[],[]]]]