[1,["397asqKcBPOKk351vT6dwC","94dIpayDFAMJ3qzoviwuri","d1/6febstPyJrbaO+VfjKn","99jLuJgHRPYaNCq1g7rc9C"],["_textureSetter"],["cc.SpriteFrame","cc.Texture2D",["cc.AudioClip",["_name","_native","duration"],0],["cc.JsonAsset",["_name","json"],1]],[[2,0,1,2,4],[3,0,1,3]],[[[{"name":"l1_orangeshirt","rect":[0,0,868,689],"offset":[0,0],"originalSize":[868,689],"capInsets":[0,0,0,0]}],[0],0,[0],[0],[0]],[[{"name":"l1_orangehat","rect":[0,0,868,689],"offset":[0,0],"originalSize":[868,689],"capInsets":[0,0,0,0]}],[0],0,[0],[0],[1]],[[[0,"An_orange_hat",".mp3",1.253878],-1],0,0,[],[],[]],[["0,9729,9729,33071,33071,0,0,1",-1],[1],0,[],[],[]],[[[0,"Binta_eats_an_apple",".mp3",1.541224],-1],0,0,[],[],[]],[[[0,"Choose_the_right_one",".mp3",1.38449],-1],0,0,[],[],[]],[[[0,"An_orange_shirt",".mp3",1.332245],-1],0,0,[],[],[]],[["0,9729,9729,33071,33071,0,0,1",-1],[1],0,[],[],[]],[["1,9729,9729,33071,33071,0,0,1",-1],[1],0,[],[],[]],[[{"name":"l1_orangedress","rect":[0,0,868,689],"offset":[0,0],"originalSize":[868,689],"capInsets":[0,0,0,0]}],[0],0,[0],[0],[2]],[[{"name":"Maryeatsan_apple","rect":[0,0,1073,1157],"offset":[0,0],"originalSize":[1073,1157],"capInsets":[0,0,0,0]}],[0],0,[0],[0],[3]],[[[0,"It_is_an_ant",".mp3",1.227755],-1],0,0,[],[],[]],[[[1,"sl_en2702",{"rows":[["createsentence","1","Description","Binta/eats/an apple","","Maryeatsan_apple.jpg","Binta_eats_an_apple.mp3"],["picturemeaning","1","Description","P","An orange hat.","l1_orangehat.png","An_orange_hat.mp3","An orange shirt.","l1_orangeshirt.png","An_orange_shirt.mp3","An orange dress.","l1_orangedress.png","An_orange_dress.mp3"],["jumpsentence","1","Description","It is [an] ant.","It_is_an_ant.mp3","n","unlocked"],["quizliteracy","1","Description","sentence_sentence","Mary eats an apple.","Mary eats a apples.","Mary eats an apple.","Mary eating apple.","","choose the right one","Choose_the_right_one.mp3"],["quizliteracy","1","Description","image_sentence","An orange hat.","An orange shirt.","An orange hat.","An orange orange.","l1_orangehat.png","","An_orange_hat.mp3"],["quizliteracy","1","Description","sentence_sentence","An","The","A","An","","It is ___ ant.","It_is_an_ant.mp3"]]}]],0,0,[],[],[]],[["0,9729,9729,33071,33071,0,0,1",-1],[1],0,[],[],[]],[[[0,"An_orange_dress",".mp3",1.306122],-1],0,0,[],[],[]]]]