[1,["3du5QMs2tIP6AIX3t0Y/Qr","4fA0v4fKZPzKH+WPTxXItC","25Z9j3cCFA34e/uckOzQ4M","5d9xRMQX9NnIm8zrCpjm7F","77E5oGCNVFU6lOo7XsJ6a7","cfRRrBs2VPaqmznVDd/J5A"],["_textureSetter"],["cc.Texture2D","cc.SpriteFrame",["cc.AudioClip",["_name","_native","duration"],0],["cc.JsonAsset",["_name","json"],1]],[[2,0,1,2,4],[3,0,1,3]],[[["0,9729,9729,33071,33071,0,0,1",-1],[0],0,[],[],[]],[[[0,"बिल्ला",".mp3",0.835918],-1],0,0,[],[],[]],[[{"name":"बिल्ला","rect":[0,0,690,900],"offset":[0,0],"originalSize":[690,900],"capInsets":[0,0,0,0]}],[1],0,[0],[0],[0]],[["0,9729,9729,33071,33071,0,0,1",-1],[0],0,[],[],[]],[[{"name":"गल्ला","rect":[0,0,138,92],"offset":[0,0],"originalSize":[138,92],"capInsets":[0,0,0,0]}],[1],0,[0],[0],[1]],[["0,9729,9729,33071,33071,0,0,1",-1],[0],0,[],[],[]],[[{"name":"खाल्ला","rect":[0,0,799,533],"offset":[0,0],"originalSize":[799,533],"capInsets":[0,0,0,0]}],[1],0,[0],[0],[2]],[["0,9729,9729,33071,33071,0,0,1",-1],[0],0,[],[],[]],[[[1,"mr2201",{"rows":[["spelldoor","1","Description","किल्ला","*ल्ला","0","1","किल्ला.png","किल्ला.mp3"],["spelldoor","1","Description","बिल्ला","*ल्ला","0","1","बिल्ला.png","बिल्ला.mp3"],["spelldoor","1","Description","डल्ला","*ल्ला","0","1","डल्ला.png","डल्ला.mp3"],["spelldoor","1","Description","खाल्ला","*ल्ला","0","1","खाल्ला.png","खाल्ला.mp3"],["spelldoor","1","Description","गल्ला","*ल्ला","0","1","गल्ला.png","गल्ला.mp3"],["spelldoor","1","Description","पल्ला","*ल्ला","0","1","पल्ला.png","पल्ला.mp3"],["quizliteracy","1","Description","soundonly_word","बिल्ला","बिल्ला","खाल्ला","पल्ला","","","बिल्ला.mp3"],["quizliteracy","1","Description","soundonly_word","खाल्ला","पल्ला","बिल्ला","खाल्ला","","","खाल्ला.mp3"],["quizliteracy","1","Description","soundonly_word","पल्ला","खाल्ला","पल्ला","बिल्ला","","","पल्ला.mp3"]]}]],0,0,[],[],[]],[[{"name":"पल्ला","rect":[0,0,425,284],"offset":[0,0],"originalSize":[425,284],"capInsets":[0,0,0,0]}],[1],0,[0],[0],[3]],[["0,9729,9729,33071,33071,0,0,1",-1],[0],0,[],[],[]],[[[0,"किल्ला",".mp3",0.783673],-1],0,0,[],[],[]],[[{"name":"किल्ला","rect":[0,0,1200,800],"offset":[0,0],"originalSize":[1200,800],"capInsets":[0,0,0,0]}],[1],0,[0],[0],[4]],[[[0,"पल्ला",".mp3",0.705306],-1],0,0,[],[],[]],[["0,9729,9729,33071,33071,0,0,1",-1],[0],0,[],[],[]],[[[0,"गल्ला",".mp3",0.966531],-1],0,0,[],[],[]],[[[0,"खाल्ला",".mp3",0.914286],-1],0,0,[],[],[]],[[{"name":"डल्ला","rect":[0,0,140,90],"offset":[0,0],"originalSize":[140,90],"capInsets":[0,0,0,0]}],[1],0,[0],[0],[5]],[[[0,"डल्ला",".mp3",0.914286],-1],0,0,[],[],[]]]]