[1,["eeLLnVua1MiJSjO19QbdkT","acrlX/qIRGHpUEMWtYIfBJ","a3ihG0Ic5MnpEZB1To0Hie","35PysVLI1JkYtkz+asDP9K","eb6NK7dmtKYIKEV2Wu4kis","0eMZCz4lxLkY2hAWhBrnkq","fdnOHhna1GD4ghQkHYDewq","6cegqr8C1I5q/9SH0I/oM7","249RdpBLBIkLWYo4aFgBaK","5clJsGsCBMPqx/NRDeQkqi","fe/R7f33JMkZNZKyPMdiW6","f8UXRGs7tDXLgX0m3pWBCL","b0unGJwO1AIJ7wBzEGnqjI"],["_textureSetter"],["cc.SpriteFrame","cc.Texture2D",["cc.AudioClip",["_name","_native","duration"],0],["cc.JsonAsset",["_name","json"],1]],[[2,0,1,2,4],[3,0,1,3]],[[[{"name":"river","rect":[12,24,168,116],"offset":[-0.5,-5.5],"originalSize":[193,153],"capInsets":[0,0,0,0]}],[0],0,[0],[0],[0]],[[{"name":"clock","rect":[43,26,105,108],"offset":[-1,-3.5],"originalSize":[193,153],"capInsets":[0,0,0,0]}],[0],0,[0],[0],[1]],[["0,9729,9729,33071,33071,0,0,1",-1],[1],0,[],[],[]],[[{"name":"door","rect":[0,0,193,153],"offset":[0,0],"originalSize":[193,153],"capInsets":[0,0,0,0]}],[0],0,[0],[0],[2]],[[{"name":"pillow","rect":[17,13,156,119],"offset":[-1.5,4],"originalSize":[193,153],"capInsets":[0,0,0,0]}],[0],0,[0],[0],[3]],[[[0,"win",".mp3",0.816],-1],0,0,[],[],[]],[[[0,"heart",".mp3",1.032],-1],0,0,[],[],[]],[[{"name":"basket","rect":[0,0,193,153],"offset":[0,0],"originalSize":[193,153],"capInsets":[0,0,0,0]}],[0],0,[0],[0],[4]],[[[0,"bin",".mp3",0.864],-1],0,0,[],[],[]],[["0,9729,9729,33071,33071,0,0,1",-1],[1],0,[],[],[]],[[[0,"bad",".mp3",0.936],-1],0,0,[],[],[]],[["0,9729,9729,33071,33071,0,0,1",-1],[1],0,[],[],[]],[[[0,"wet",".mp3",0.912],-1],0,0,[],[],[]],[[{"name":"radio","rect":[35,16,116,110],"offset":[-3.5,5.5],"originalSize":[193,153],"capInsets":[0,0,0,0]}],[0],0,[0],[0],[5]],[[[0,"bun",".mp3",0.936],-1],0,0,[],[],[]],[[{"name":"market","rect":[0,0,193,153],"offset":[0,0],"originalSize":[193,153],"capInsets":[0,0,0,0]}],[0],0,[0],[0],[6]],[["0,9729,9729,33071,33071,0,0,1",-1],[1],0,[],[],[]],[[{"name":"baby","rect":[0,0,370,273],"offset":[0,0],"originalSize":[370,273],"capInsets":[0,0,0,0]}],[0],0,[0],[0],[7]],[[[0,"tree",".mp3",0.816],-1],0,0,[],[],[]],[["0,9729,9729,33071,33071,0,0,1",-1],[1],0,[],[],[]],[[[0,"basket",".mp3",1.368],-1],0,0,[],[],[]],[[[0,"hen",".mp3",0.84],-1],0,0,[],[],[]],[[{"name":"heart","rect":[0,0,193,153],"offset":[0,0],"originalSize":[193,153],"capInsets":[0,0,0,0]}],[0],0,[0],[0],[8]],[["0,9729,9729,33071,33071,0,0,1",-1],[1],0,[],[],[]],[[[0,"sun",".mp3",0.96],-1],0,0,[],[],[]],[[{"name":"color","rect":[22,16,148,119],"offset":[-0.5,1],"originalSize":[193,153],"capInsets":[0,0,0,0]}],[0],0,[0],[0],[9]],[[[0,"house",".mp3",0.96],-1],0,0,[],[],[]],[[[0,"men",".mp3",0.864],-1],0,0,[],[],[]],[["0,9729,9729,33071,33071,0,0,1",-1],[1],0,[],[],[]],[[[0,"bet",".mp3",0.936],-1],0,0,[],[],[]],[[{"name":"book","rect":[27,27,139,97],"offset":[0,1],"originalSize":[193,153],"capInsets":[0,0,0,0]}],[0],0,[0],[0],[10]],[["0,9729,9729,33071,33071,0,0,1",-1],[1],0,[],[],[]],[[[1,"en0905",{"rows":[["openwindow","1","Description","LEGIT","baby","baby.png","door.png","baby.mp3","abcdefghijklmnopqrstuvwxyz"],["openwindow","1","Description","LEGIT","basket","basket.png","pillow.png","basket.mp3","abcdefghijklmnopqrstuvwxyz"],["openwindow","1","Description","LEGIT","book","book.png","door.png","book.mp3","abcdefghijklmnopqrstuvwxyz"],["openwindow","1","Description","LEGIT","color","color.png","clock.png","color.mp3","abcdefghijklmnopqrstuvwxyz"],["openwindow","1","Description","LEGIT","forest","forest.png","market.png","forest.mp3","abcdefghijklmnopqrstuvwxyz"],["openwindow","1","Description","LEGIT","heart","heart.png","river.png","heart.mp3","abcdefghijklmnopqrstuvwxyz"],["openwindow","1","Description","LEGIT","house","house.png","radio.png","house.mp3","abcdefghijklmnopqrstuvwxyz"],["grid","1","Description","m,h","en,ug"],["grid","1","Description","b,w","in,et"],["grid","1","Description","s,b","ad,un"],["quizliteracy","1","Description","soundonly_image","house.png","forest.png","door.png","house.png","","","house.mp3"],["quizliteracy","1","Description","soundonly_word","book","book","van","cat","","","book.mp3"],["quizliteracy","1","Description","soundonly_image","forest.png","market.png","forest.png","basket.png","","","forest.mp3"],["quizliteracy","1","Description","soundonly_word","tree","rain","face","tree","","","tree.mp3"],["quizliteracy","1","Description","image_word","baby","house","door","baby","baby.png"]]}]],0,0,[],[],[]],[[[0,"baby",".mp3",1.128],-1],0,0,[],[],[]],[[{"name":"forest","rect":[0,0,193,153],"offset":[0,0],"originalSize":[193,153],"capInsets":[0,0,0,0]}],[0],0,[0],[0],[11]],[[[0,"forest",".mp3",1.32],-1],0,0,[],[],[]],[[[0,"sad",".mp3",1.008],-1],0,0,[],[],[]],[[[0,"color",".mp3",0.888],-1],0,0,[],[],[]],[[{"name":"house","rect":[0,0,193,153],"offset":[0,0],"originalSize":[193,153],"capInsets":[0,0,0,0]}],[0],0,[0],[0],[12]],[[[0,"hug",".mp3",0.816],-1],0,0,[],[],[]],[[[0,"book",".mp3",0.864],-1],0,0,[],[],[]],[[[0,"mug",".mp3",0.864],-1],0,0,[],[],[]],[["0,9729,9729,33071,33071,0,0,1",-1],[1],0,[],[],[]],[["0,9729,9729,33071,33071,0,0,1",-1],[1],0,[],[],[]],[["0,9729,9729,33071,33071,0,0,1",-1],[1],0,[],[],[]],[["0,9729,9729,33071,33071,0,0,1",-1],[1],0,[],[],[]],[["0,9729,9729,33071,33071,0,0,1",-1],[1],0,[],[],[]]]]