[1,["52RuKBAiZDrKVQu16qvfeO","bfietXKrNFAp9dHuo0lVa4","6baKKLhsZIWLSVKu+0BRkh","13cpUDTJZJe4nFlt51AAj1","d1FHa7K+1EgKOfjnITGf2F","22ddHUnMRMaqH+OO6JB+i4","b5CIVhePZKA6mrcB3JZva2","c4JCXs1qBCvpxiNvLVK4uC","3eHKADQDBFPagyti7hiy3U","f0FfOTscBPZYvxDw/E7oQE","6c5N1+OnFCM589ACvq5ckA","9bbq1/mKZBzL34+4Us85oU","1eVuZEbqVB0KHW2LVcpO+r","7fOf3SU01Mu4kOFppAlaSz","e4q01MBx9MGqwq78NHnri2","3dwGbBaSdG27CtEsF/S0aR","0fTOsjBehCPqf7HwPUsWbY","d2H6uxMhxFSbmLs+1Qo1qs","94/QEgjSpBjaMcVrrT7h2k","f9J52Q7lNC9oeQCdUypIKE","22TavwAhpEyIGBowG+nyzs"],["_textureSetter"],["cc.Texture2D","cc.SpriteFrame",["cc.AudioClip",["_name","_native","duration"],0],["cc.JsonAsset",["_name","json"],1]],[[2,0,1,2,4],[3,0,1,3]],[[[[0,"He_can_cook",".mp3",1.344],-1],0,0,[],[],[]],[[[0,"He_can_make_a_desk",".mp3",1.992],-1],0,0,[],[],[]],[["0,9729,9729,33071,33071,0,0,1",-1],[0],0,[],[],[]],[["0,9729,9729,33071,33071,0,0,1",-1],[0],0,[],[],[]],[["0,9729,9729,33071,33071,0,0,1",-1],[0],0,[],[],[]],[[{"name":"l6_heteacher","rect":[0,0,868,689],"offset":[0,0],"originalSize":[868,689],"capInsets":[0,0,0,0]}],[1],0,[0],[0],[0]],[["0,9729,9729,33071,33071,0,0,1",-1],[0],0,[],[],[]],[["0,9729,9729,33071,33071,0,0,1",-1],[0],0,[],[],[]],[[[0,"He_looks_sick",".mp3",1.632],-1],0,0,[],[],[]],[[{"name":"l16_hecleanhouse","rect":[0,0,868,689],"offset":[0,0],"originalSize":[868,689],"capInsets":[0,0,0,0]}],[1],0,[0],[0],[1]],[[[0,"She_cannot_run_fast",".mp3",2.376],-1],0,0,[],[],[]],[[[0,"He_looks_happy_when_he_drives",".mp3",2.904],-1],0,0,[],[],[]],[[{"name":"l5_heexcited","rect":[0,0,868,689],"offset":[0,0],"originalSize":[868,689],"capInsets":[0,0,0,0]}],[1],0,[0],[0],[2]],[[{"name":"l8_hejumping","rect":[0,0,868,689],"offset":[0,0],"originalSize":[868,689],"capInsets":[0,0,0,0]}],[1],0,[0],[0],[3]],[["0,9729,9729,33071,33071,0,0,1",-1],[0],0,[],[],[]],[["0,9729,9729,33071,33071,0,0,1",-1],[0],0,[],[],[]],[[[0,"He_is_a_doctor",".mp3",1.56],-1],0,0,[],[],[]],[[[0,"He_cannot_run_fast",".mp3",2.28],-1],0,0,[],[],[]],[["0,9729,9729,33071,33071,0,0,1",-1],[0],0,[],[],[]],[[[0,"He_can_drive",".mp3",1.488],-1],0,0,[],[],[]],[[[0,"Choose_the_correct_sentence",".mp3",2.592],-1],0,0,[],[],[]],[[{"name":"l12_hecannotrunfast","rect":[0,0,868,689],"offset":[0,0],"originalSize":[868,689],"capInsets":[0,0,0,0]}],[1],0,[0],[0],[4]],[[[0,"He_can_make_a_house",".mp3",2.04],-1],0,0,[],[],[]],[[[0,"She_is_a_teacher",".mp3",1.704],-1],0,0,[],[],[]],[["0,9729,9729,33071,33071,0,0,1",-1],[0],0,[],[],[]],[["0,9729,9729,33071,33071,0,0,1",-1],[0],0,[],[],[]],[[{"name":"l8_herunning","rect":[0,0,868,689],"offset":[0,0],"originalSize":[868,689],"capInsets":[0,0,0,0]}],[1],0,[0],[0],[5]],[[{"name":"l7_hecanmake_desk","rect":[0,0,868,689],"offset":[0,0],"originalSize":[868,689],"capInsets":[0,0,0,0]}],[1],0,[0],[0],[6]],[[{"name":"l8_hewalking","rect":[0,0,868,689],"offset":[0,0],"originalSize":[868,689],"capInsets":[0,0,0,0]}],[1],0,[0],[0],[7]],[[{"name":"l7_hecanmake_boat","rect":[0,0,868,689],"offset":[0,0],"originalSize":[868,689],"capInsets":[0,0,0,0]}],[1],0,[0],[0],[8]],[[[0,"He_looks_excited",".mp3",2.016],-1],0,0,[],[],[]],[[{"name":"l12_shecannotrunfast","rect":[0,0,868,689],"offset":[0,0],"originalSize":[868,689],"capInsets":[0,0,0,0]}],[1],0,[0],[0],[9]],[[[0,"He_looks_happy_when_he_cooks",".mp3",2.712],-1],0,0,[],[],[]],[["0,9729,9729,33071,33071,0,0,1",-1],[0],0,[],[],[]],[[{"name":"l16_hewillfootball","rect":[0,0,868,689],"offset":[0,0],"originalSize":[868,689],"capInsets":[0,0,0,0]}],[1],0,[0],[0],[10]],[[{"name":"l6_hedoctor","rect":[0,0,868,689],"offset":[0,0],"originalSize":[868,689],"capInsets":[0,0,0,0]}],[1],0,[0],[0],[11]],[[[0,"He_looks_happy_when_he_draws",".mp3",2.856],-1],0,0,[],[],[]],[["0,9729,9729,33071,33071,0,0,1",-1],[0],0,[],[],[]],[[{"name":"l7_hecandraw","rect":[0,0,868,689],"offset":[0,0],"originalSize":[868,689],"capInsets":[0,0,0,0]}],[1],0,[0],[0],[12]],[[[0,"He_will_drink_milk",".mp3",1.992],-1],0,0,[],[],[]],[["0,9729,9729,33071,33071,0,0,1",-1],[0],0,[],[],[]],[[[0,"He_is_walking",".mp3",1.584],-1],0,0,[],[],[]],[[[0,"he_doesnt_dance",".mp3",1.824],-1],0,0,[],[],[]],[[{"name":"l5_hesad","rect":[0,0,868,689],"offset":[0,0],"originalSize":[868,689],"capInsets":[0,0,0,0]}],[1],0,[0],[0],[13]],[["0,9729,9729,33071,33071,0,0,1",-1],[0],0,[],[],[]],[[[0,"He_can_make_a_boat",".mp3",1.992],-1],0,0,[],[],[]],[[{"name":"l12_hecanrunfast","rect":[0,0,868,689],"offset":[0,0],"originalSize":[868,689],"capInsets":[0,0,0,0]}],[1],0,[0],[0],[14]],[["0,9729,9729,33071,33071,0,0,1",-1],[0],0,[],[],[]],[["0,9729,9729,33071,33071,0,0,1",-1],[0],0,[],[],[]],[[{"name":"l7_hecancook","rect":[0,0,868,689],"offset":[0,0],"originalSize":[868,689],"capInsets":[0,0,0,0]}],[1],0,[0],[0],[15]],[[{"name":"l7_hecanmake_house","rect":[0,0,868,689],"offset":[0,0],"originalSize":[868,689],"capInsets":[0,0,0,0]}],[1],0,[0],[0],[16]],[[[0,"he_is_at_school",".mp3",1.728],-1],0,0,[],[],[]],[[[0,"He_is_running",".mp3",1.44],-1],0,0,[],[],[]],[[[0,"He_will_play_football",".mp3",1.992],-1],0,0,[],[],[]],[[[0,"He_can_run_fast",".mp3",2.016],-1],0,0,[],[],[]],[["0,9729,9729,33071,33071,0,0,1",-1],[0],0,[],[],[]],[["0,9729,9729,33071,33071,0,0,1",-1],[0],0,[],[],[]],[[{"name":"l16_hedrinkmilk","rect":[0,0,868,689],"offset":[0,0],"originalSize":[868,689],"capInsets":[0,0,0,0]}],[1],0,[0],[0],[17]],[[[0,"He_is_a_teacher",".mp3",1.584],-1],0,0,[],[],[]],[[{"name":"l6_sheteacher","rect":[0,0,868,689],"offset":[0,0],"originalSize":[868,689],"capInsets":[0,0,0,0]}],[1],0,[0],[0],[18]],[[[0,"He_will_clean_the_house",".mp3",2.232],-1],0,0,[],[],[]],[[{"name":"l5_hesick","rect":[0,0,868,689],"offset":[0,0],"originalSize":[868,689],"capInsets":[0,0,0,0]}],[1],0,[0],[0],[19]],[[[0,"He_looks_sad",".mp3",1.68],-1],0,0,[],[],[]],[[[0,"He_can_draw",".mp3",1.32],-1],0,0,[],[],[]],[[{"name":"l7_hecandrive","rect":[0,0,868,689],"offset":[0,0],"originalSize":[868,689],"capInsets":[0,0,0,0]}],[1],0,[0],[0],[20]],[["0,9729,9729,33071,33071,0,0,1",-1],[0],0,[],[],[]],[[[1,"en2500",{"rows":[["picturemeaning","1","Description","S","He can draw.","l7_hecandraw.png","He_can_draw.mp3","He can cook.","l7_hecancook.png","He_can_cook.mp3","He can drive.","l7_hecandrive.png","He_can_drive.mp3"],["picturemeaning","1","Description","S","He can make a boat.","l7_hecanmake_boat.png","He_can_make_a_boat.mp3","He can make a desk.","l7_hecanmake_desk.png","He_can_make_a_desk.mp3","He can make a house.","l7_hecanmake_house.png","He_can_make_a_house.mp3"],["picturemeaning","1","Description","S","He cannot run fast.","l12_hecannotrunfast.png","He_cannot_run_fast.mp3","She cannot run fast.","l12_shecannotrunfast.png","She_cannot_run_fast.mp3","He can run fast.","l12_hecanrunfast.png","He_can_run_fast.mp3"],["picturemeaning","1","Description","S","He is a teacher.","l6_heteacher.png","He_is_a_teacher.mp3","She is a teacher.","l6_sheteacher.png","She_is_a_teacher.mp3","He is a doctor.","l6_hedoctor.png","He_is_a_doctor.mp3"],["picturemeaning","1","Description","S","He is running.","l8_herunning.png","He_is_running.mp3","He is walking.","l8_hewalking.png","He_is_walking.mp3","He is jumping.","l8_hejumping.png","He_is_jumping.mp3"],["picturemeaning","1","Description","S","He looks happy when he drives.","l7_hecandrive.png","He_looks_happy_when_he_drives.mp3","He looks happy when he draws.","l7_hecandraw.png","He_looks_happy_when_he_draws.mp3","He looks happy when he cooks.","l7_hecancook.png","He_looks_happy_when_he_cooks.mp3"],["picturemeaning","1","Description","S","He looks sad.","l5_hesad.png","He_looks_sad.mp3","He looks sick.","l5_hesick.png","He_looks_sick.mp3","He looks excited.","l5_heexcited.png","He_looks_excited.mp3"],["picturemeaning","1","Description","S","He will play football.","l16_hewillfootball.png","He_will_play_football.mp3","He will clean the house.","l16_hecleanhouse.png","He_will_clean_the_house.mp3","He will drink milk.","l16_hedrinkmilk.png","He_will_drink_milk.mp3"],["quizliteracy","1","Description","image_sentence","He can drive.","He can drive.","She can drive.","He can draw.","l7_hecandrive.png",""],["quizliteracy","1","Description","sentence_sentence","He is my brother.","It is a chair.","He is my brother.","I am a student.","","Who is he?"],["quizliteracy","1","Description","sentence_sentence","He is my teacher.","He am my teacher.","He are my teacher.","He is my teacher.","","","Choose_the_correct_sentence.mp3"],["quizliteracy","1","Description","soundonly_sentence","He is at school.","He is at home.","He is at school.","I am at school.","","","he_is_at_school.mp3"],["quizliteracy","1","Description","soundonly_sentence","He doesn't dance.","He doesn't dance.","He dances well.","He doesn't sing.","","","he_doesnt_dance.mp3"],["quizliteracy","1","Description","sentence_sentence","He","Ram","He","Duck","","____looks sad. ","He_looks_sad.mp3"],["quizliteracy","1","Description","sentence_sentence","He","He","They","Him","","__ is running. ","He_is_running.mp3"]]}]],0,0,[],[],[]],[["0,9729,9729,33071,33071,0,0,1",-1],[0],0,[],[],[]],[[[0,"He_is_jumping",".mp3",1.68],-1],0,0,[],[],[]],[["0,9729,9729,33071,33071,0,0,1",-1],[0],0,[],[],[]]]]