[1,["46PrClqu9G1pnhXwZ/HHdu","acIeqqR2RPC6y0k/qVEXpF"],["_textureSetter"],["cc.Texture2D","cc.SpriteFrame",["cc.JsonAsset",["_name","json"],1],["cc.AudioClip",["_name","_native","duration"],0]],[[3,0,1,2,4],[2,0,1,3]],[[[[1,"mr0206",{"rows":[["bubbletype","1","Description","15","6","क ख ग घ ङ","","","","","","क ख ग घ ङ च छ ज झ ञ $ ट ठ ड ढ ण त थ द ध न $ प फ ब भ म य र ल व $ श ष स ह ळ क्ष त्र श्र ज्ञ"],["bubbletype","1","Description","15","6","च छ ज झ ञ ट ठ ड ढ ण","","","","","","क ख ग घ ङ च छ ज झ ञ $ च छ ज झ ञ ट ठ ड ढ ण $ प फ ब भ म य र ल व $ श ष स ह ळ क्ष त्र श्र ज्ञ"],["bubbletype","1","Description","10","6","त थ द ध न प फ ब भ म","","","","","","त थ द ध न प फ ब भ म $ ट ठ ड ढ ण त थ द ध न $ प फ ब भ म य र ल व $ श ष स ह ळ क्ष त्र श्र ज्ञ"],["bubbletype","1","Description","10","6","य र ल व श ष स ह ळ क्ष त्र श्र ज्ञ","","","","","","क ख ग घ ङ च छ ज झ ञ $ य र ल व श ष स ह ळ क्ष त्र श्र ज्ञ $ प फ ब भ म य र ल व $ श ष स ह ळ क्ष त्र श्र ज्ञ"],["bubbletype","1","Description","10","6","क ख ग घ ङ च छ ज झ ञ ट ठ ड ढ ण त थ द ध न","","","","","","क ख ग घ ङ च छ ज झ ञ $ ट ठ ड ढ ण त थ द ध न $ प फ ब भ म य र ल व $ श ष स ह ळ क्ष त्र श्र ज्ञ"],["bubbletype","1","Description","10","6","प फ ब भ म य र ल व श ष स ह ळ क्ष त्र श्र ज्ञ","","","","","","प फ ब भ म य र ल व श ष $ स ह ळ क्ष त्र श्र ज्ञ थ द ध न $ प फ ब भ म य र ल व $ ट ठ ड ढ ण त थ द"],["quizliteracy","1","Description","image_word","च","प","आ","च","mat.png"],["quizliteracy","1","Description","word_word","ध","ध","द","प","","ध"],["quizliteracy","1","Description","soundonly_word","अ","इ","अ","उ","","","अ.mp3"],["quizliteracy","1","Description","soundonly_word","ऊ","ऊ","अ","उ","","","ऊ.mp3"],["quizliteracy","1","Description","image_word","क","क","ऐ","अः","lotus.png"]]}]],0,0,[],[],[]],[[[0,"अ",".mp3",0.626939],-1],0,0,[],[],[]],[["0,9729,9729,33071,33071,0,0,1",-1],[0],0,[],[],[]],[[{"name":"mat","rect":[0,0,640,262],"offset":[0,0],"originalSize":[640,262],"capInsets":[0,0,0,0]}],[1],0,[0],[0],[0]],[["0,9729,9729,33071,33071,0,0,1",-1],[0],0,[],[],[]],[[{"name":"lotus","rect":[0,0,640,427],"offset":[0,0],"originalSize":[640,427],"capInsets":[0,0,0,0]}],[1],0,[0],[0],[1]],[[[0,"ऊ",".mp3",0.757551],-1],0,0,[],[],[]]]]