[1,["20pmPUXQhL7Zpd4823BUV+","45GFpRYWtDP6Dl9qDzT7Jc","ac7vTWyWZE34Ksw2m8R91K","baFryaMXxDC4wn9+pzIMKU","c2/AGi6OFH/LlUmzyEDv8+","62xeZyUM1GTb64tSbAE4ER"],["_textureSetter"],["cc.Texture2D","cc.SpriteFrame",["cc.JsonAsset",["_name","json"],1],["cc.AudioClip",["_name","_native","duration"],0]],[[3,0,1,2,4],[2,0,1,3]],[[[[1,"kn4715",{"rows":[["spelldoor","1","Description","ಅಂಗಳ","***","0","0","frontyard.png","ಅಂಗಳ.mp3"],["spelldoor","1","Description","ಸುಂದರ","***","0","0","beautiful.png","ಸುಂದರ.mp3"],["spelldoor","1","Description","ವಂದಿಸು","***","0","0","bow or prostrate.png","ವಂದಿಸು.mp3"],["spelldoor","1","Description","ಅನುಕಂಪ","****","0","0","sympathy.png","ಅನುಕಂಪ.mp3"],["spelldoor","1","Description","ಅಂತಃಕರಣ","*****","0","0","mindful.png","ಅಂತಃಕರಣ.mp3"],["spelldoor","1","Description","ಅಂತಃಕಲಹ","*****","0","0","strife_stress.png","ಅಂತಃಕಲಹ.mp3"],["quizliteracy","1","Description","word_word","ಗಳ","ತರ","ಗಳ","ಬೆಗಾಲು","","ಅಂ____","ಅಂಗಳ.mp3"],["quizliteracy","1","Description","image_word","ವಂದಿಸು","ವಂದಿಸು","ನಿಂದಿಸು","ಆಡಿಸು","bow or prostrate.png"],["quizliteracy","1","Description","soundonly_word","ಅನುಕಂಪ","ಅಂತಃಕಲಹ","ಅನುಕಂಪ","ಅಂತಃಕರಣ","","","ಅನುಕಂಪ.mp3"]]}]],0,0,[],[],[]],[["0,9729,9729,33071,33071,0,0,1",-1],[0],0,[],[],[]],[[{"name":"strife_stress","rect":[0,0,800,533],"offset":[0,0],"originalSize":[800,533],"capInsets":[0,0,0,0]}],[1],0,[0],[0],[0]],[[[0,"ಅಂತಃಕರಣ",".mp3",1.08],-1],0,0,[],[],[]],[["0,9729,9729,33071,33071,0,0,1",-1],[0],0,[],[],[]],[[[0,"ಅಂಗಳ",".mp3",1.032],-1],0,0,[],[],[]],[[{"name":"beautiful","rect":[0,0,800,533],"offset":[0,0],"originalSize":[800,533],"capInsets":[0,0,0,0]}],[1],0,[0],[0],[1]],[["0,9729,9729,33071,33071,0,0,1",-1],[0],0,[],[],[]],[[{"name":"frontyard","rect":[0,0,800,601],"offset":[0,0],"originalSize":[800,601],"capInsets":[0,0,0,0]}],[1],0,[0],[0],[2]],[[{"name":"mindful","rect":[0,0,800,530],"offset":[0,0],"originalSize":[800,530],"capInsets":[0,0,0,0]}],[1],0,[0],[0],[3]],[[[0,"ಅನುಕಂಪ",".mp3",0.912],-1],0,0,[],[],[]],[["0,9729,9729,33071,33071,0,0,1",-1],[0],0,[],[],[]],[["0,9729,9729,33071,33071,0,0,1",-1],[0],0,[],[],[]],[["0,9729,9729,33071,33071,0,0,1",-1],[0],0,[],[],[]],[[[0,"ವಂದಿಸು",".mp3",0.888],-1],0,0,[],[],[]],[[[0,"ಅಂತಃಕಲಹ",".mp3",1.104],-1],0,0,[],[],[]],[[{"name":"sympathy","rect":[0,0,800,533],"offset":[0,0],"originalSize":[800,533],"capInsets":[0,0,0,0]}],[1],0,[0],[0],[4]],[[[0,"ಸುಂದರ",".mp3",0.84],-1],0,0,[],[],[]],[[{"name":"bow or prostrate","rect":[0,0,500,337],"offset":[0,0],"originalSize":[500,337],"capInsets":[0,0,0,0]}],[1],0,[0],[0],[5]]]]