[1,["b53bgBGfZLmIwGzXx85q+5","daWekkop9LQarEyejqOIWG","95KeAnruJGTKpUs9nR/wEk","d2AwiNFWhB3KMZNDQDJE4H","a1Hw4b81REBL8Zi15Gl4uf","42MdFvQUNEp66/O+0Y3rGk","17/pFacOVCUJF2/l2A1Mu1"],["_textureSetter"],["cc.SpriteFrame","cc.Texture2D",["cc.AudioClip",["_name","_native","duration"],0],["cc.JsonAsset",["_name","json"],1]],[[2,0,1,2,4],[3,0,1,3]],[[[{"name":"चाकू","rect":[0,4,193,145],"offset":[0,0],"originalSize":[193,153],"capInsets":[0,0,0,0]}],[0],0,[0],[0],[0]],[[[0,"आलू",".mp3",0.862041],-1],0,0,[],[],[]],[[[0,"पूँछ",".mp3",0.705306],-1],0,0,[],[],[]],[["0,9729,9729,33071,33071,0,0,1",-1],[1],0,[],[],[]],[[{"name":"चूहा1","rect":[0,0,640,640],"offset":[0,0],"originalSize":[640,640],"capInsets":[0,0,0,0]}],[0],0,[0],[0],[1]],[[{"name":"आम","rect":[0,0,193,153],"offset":[0,0],"originalSize":[193,153],"capInsets":[0,0,0,0]}],[0],0,[0],[0],[2]],[[[0,"चूहा",".mp3",0.888163],-1],0,0,[],[],[]],[["0,9729,9729,33071,33071,0,0,1",-1],[1],0,[],[],[]],[[{"name":"चीकू","rect":[0,0,193,153],"offset":[0,0],"originalSize":[193,153],"capInsets":[0,0,0,0]}],[0],0,[0],[0],[3]],[[{"name":"चूहा","rect":[0,0,1145,1280],"offset":[0,0],"originalSize":[1145,1280],"capInsets":[0,0,0,0]}],[0],0,[0],[0],[4]],[[[0,"चीकू",".mp3",0.809796],-1],0,0,[],[],[]],[["0,9729,9729,33071,33071,0,0,1",-1],[1],0,[],[],[]],[[[0,"पूँ",".mp3",0.626939],-1],0,0,[],[],[]],[["0,9729,9729,33071,33071,0,0,1",-1],[1],0,[],[],[]],[[[1,"hi0703",{"rows":[["spelldoor","1","Description","चूहा","*हा","0","1","चूहा.png","चूहा.mp3"],["spelldoor","1","Description","चाकू","*कू","0","1","चाकू.png","चाकू.mp3"],["spelldoor","1","Description","चीकू","*कू","0","1","चीकू.png","चीकू.mp3"],["phonictractor","1","Description","6","पूँछ","पूँछ.mp3","पूँ","पूँ.mp3","छ","छ.mp3"],["rocket","1","Description","चूहा","चू,हा","चू,हा","चूहा.mp3","चूहा1.png","false ","false "],["rocket","1","Description","आलू","आ,लू","आ,लू","आलू.mp3","आलू.png","false ","false "],["rocket","1","Description","चाकू","चा,कू","चा,कू","चाकू.mp3","चाकू.png","false ","false "],["openwindow","1","Description","LEGIT","चा,कू","चाकू.png","हथौडा.png","चाकू.mp3","ज,ग,न,ल,फ,छा,ता,र,थ,व,न,घ,ट्र,क,घो,ड़ा,हा,थी,आ,म,स"],["openwindow","1","Description","LEGIT","ची,कू","चीकू.png","आम.png","चीकू.mp3","ज,ग,न,ल,फ,छा,ता,र,थ,व,न,घ,ट्र,क,घो,ड़ा,हा,थी,आ,म,स"],["quizliteracy","1","Description","soundonly_word","चीकू","चाकू","चीकू","पूँछ","","","चीकू.mp3"],["quizliteracy","1","Description","image_word","चाकू","चीकू","पूँछ","चाकू","चाकू.png"],["quizliteracy","1","Description","soundonly_word","पूँछ","पूँछ","चाकू","चीकू","","","पूँछ.mp3"]]}]],0,0,[],[],[]],[[[0,"चाकू",".mp3",0.835918],-1],0,0,[],[],[]],[["0,9729,9729,33071,33071,0,0,1",-1],[1],0,[],[],[]],[[[0,"छ",".mp3",0.653],-1],0,0,[],[],[]],[["0,9729,9729,33071,33071,0,0,1",-1],[1],0,[],[],[]],[[{"name":"हथौडा","rect":[0,0,193,153],"offset":[0,0],"originalSize":[193,153],"capInsets":[0,0,0,0]}],[0],0,[0],[0],[5]],[["0,9729,9729,33071,33071,0,0,1",-1],[1],0,[],[],[]],[[{"name":"आलू","rect":[0,0,271,271],"offset":[0,0],"originalSize":[271,271],"capInsets":[0,0,0,0]}],[0],0,[0],[0],[6]]]]