[1,["1aAFSlJ3VB2ai+7sHPrnS1","02jANOE31FZoU2Xuoh1Ece"],["_textureSetter"],["cc.Texture2D","cc.SpriteFrame",["cc.AudioClip",["_name","_native","duration"],0],["cc.JsonAsset",["_name","json"],1]],[[2,0,1,2,4],[3,0,1,3]],[[["1,9729,9729,33071,33071,0,0,1",-1],[0],0,[],[],[]],[["1,9729,9729,33071,33071,0,0,1",-1],[0],0,[],[],[]],[[[0,"where_is_the_bat",".mp3",1.28],-1],0,0,[],[],[]],[[[0,"Choose_the_right_one",".mp3",1.38449],-1],0,0,[],[],[]],[[[1,"sl_en2903",{"rows":[["jumpsentence","1","Description","[Who] is she[?]","Who_is_she.mp3","y","unlocked"],["createsentence","1","Description","Where/is/the bat?","","Whereisthe_bat.jpg","where_is_the_bat.mp3"],["createsentence","1","Description","Where/is/the cat?","","Whereisthe_cat.jpg","where_is_the_cat.mp3"],["quizliteracy","1","Description","sentence_sentence","Where is the cat?","Where is the cat!","Where is the cat.","Where is the cat?","","choose the right one","Choose_the_right_one.mp3"],["quizliteracy","1","Description","sentence_sentence","Who is she?","Who is she.","Who is she,","Who is she?","","choose the right one","Choose_the_right_one.mp3"],["quizliteracy","1","Description","sentence_sentence","Where is the bat?","Where is the bat,","Where is the bat?","Where is the bat.","","choose the right one","Choose_the_right_one.mp3"]]}]],0,0,[],[],[]],[[{"name":"Whereisthe_cat","rect":[0,0,1200,900],"offset":[0,0],"originalSize":[1200,900],"capInsets":[0,0,0,0]}],[1],0,[0],[0],[0]],[[[0,"Who_is_she",".mp3",0.966531],-1],0,0,[],[],[]],[[[0,"where_is_the_cat",".mp3",1.306122],-1],0,0,[],[],[]],[[{"name":"Whereisthe_bat","rect":[0,0,1073,770],"offset":[0,0],"originalSize":[1073,770],"capInsets":[0,0,0,0]}],[1],0,[0],[0],[1]]]]