[1,["4cbHK8cy9LooTtjM1kdrRN","8btwQewcFOhbOMYBqUJUfM","a8KbdbWLNGK5UORTfJrzun","40HimiZuZDXoKQQfFyz7Wt","fd/e3GJPBIS7fjePvQEcXH","94I+cOz2hPZrW9+9nKle4r","adV7Q+i5xMrIF+icxUxXlo","dbNXjb1ENK1LXnr3uUoY02","21liOYLJpGD7+s6gSo2X29"],["_textureSetter"],["cc.Texture2D","cc.SpriteFrame",["cc.AudioClip",["_name","_native","duration"],0],["cc.JsonAsset",["_name","json"],1]],[[2,0,1,2,4],[3,0,1,3]],[[[[0,"ಭೂಮಿ",".mp3",0.744],-1],0,0,[],[],[]],[["0,9729,9729,33071,33071,0,0,1",-1],[0],0,[],[],[]],[[[0,"ಧೀರ",".mp3",0.696],-1],0,0,[],[],[]],[[{"name":"story","rect":[0,0,512,342],"offset":[0,0],"originalSize":[512,342],"capInsets":[0,0,0,0]}],[1],0,[0],[0],[0]],[[{"name":"warrior","rect":[0,0,410,512],"offset":[0,0],"originalSize":[410,512],"capInsets":[0,0,0,0]}],[1],0,[0],[0],[1]],[[[0,"ಡಣಡಣ",".mp3",0.84],-1],0,0,[],[],[]],[["0,9729,9729,33071,33071,0,0,1",-1],[0],0,[],[],[]],[["0,9729,9729,33071,33071,0,0,1",-1],[0],0,[],[],[]],[[[0,"ಭಾರತ",".mp3",0.816],-1],0,0,[],[],[]],[[[0,"ಭೂಮಿ ",".mp3",0.72],-1],0,0,[],[],[]],[[[0,"ಕಥೆ",".mp3",0.696],-1],0,0,[],[],[]],[["0,9729,9729,33071,33071,0,0,1",-1],[0],0,[],[],[]],[["0,9729,9729,33071,33071,0,0,1",-1],[0],0,[],[],[]],[[{"name":"earth","rect":[0,0,512,499],"offset":[0,0],"originalSize":[512,499],"capInsets":[0,0,0,0]}],[1],0,[0],[0],[2]],[[[0,"ಧೂಳು",".mp3",0.744],-1],0,0,[],[],[]],[["0,9729,9729,33071,33071,0,0,1",-1],[0],0,[],[],[]],[["0,9729,9729,33071,33071,0,0,1",-1],[0],0,[],[],[]],[[{"name":"improve","rect":[0,0,512,340],"offset":[0,0],"originalSize":[512,340],"capInsets":[0,0,0,0]}],[1],0,[0],[0],[3]],[[[0,"ಭಯ",".mp3",0.624],-1],0,0,[],[],[]],[[{"name":"fear","rect":[0,0,512,341],"offset":[0,0],"originalSize":[512,341],"capInsets":[0,0,0,0]}],[1],0,[0],[0],[4]],[[[0,"ಸುಧಾರಣೆ",".mp3",1.008],-1],0,0,[],[],[]],[[{"name":"dust","rect":[0,0,512,341],"offset":[0,0],"originalSize":[512,341],"capInsets":[0,0,0,0]}],[1],0,[0],[0],[5]],[[{"name":"bell_ringing","rect":[0,0,512,341],"offset":[0,0],"originalSize":[512,341],"capInsets":[0,0,0,0]}],[1],0,[0],[0],[6]],[[[1,"kn4504",{"rows":[["writeword","1","Description","ಭಯ","fear.png","ಭಯ.mp3"],["spelldoor","1","Description","ಧೀರ","**","0","0","warrior.png","ಧೀರ.mp3"],["spelldoor","1","Description","ಧೂಳು","**","0","0","dust.png","ಧೂಳು.mp3"],["spelldoor","1","Description","ಭೂಮಿ","**","0","0","earth.png","ಭೂಮಿ.mp3"],["spelldoor","1","Description","ಕಥೆ","**","0","0","story.png","ಕಥೆ.mp3"],["spelldoor","1","Description","ಭಾರತ","***","0","0","India.png","ಭಾರತ.mp3"],["writeword","1","Description","ಡಣಡಣ","bell_ringing.png","ಡಣಡಣ.mp3"],["writeword","1","Description","ಥಳಥಳ","metal_shining.png","ಥಳಥಳ.mp3"],["spelldoor","1","Description","ಸುಧಾರಣೆ","****","0","0","improve.png","ಸುಧಾರಣೆ.mp3"],["quizliteracy","1","Description","word_word","ಡಣ","ಗಣ","ಡಮ","ಡಣ","","ಡಣ_____","ಡಣಡಣ.mp3"],["quizliteracy","1","Description","image_word","ಭಾರತ","ಭಾರತ","ಧೂಳು","ಕಥೆ","India.png"],["quizliteracy","1","Description","soundonly_word","ಭೂಮಿ","ಸುಧಾರಣೆ","ಭೂಮಿ","ಧೀರ","","","ಭೂಮಿ .mp3"]]}]],0,0,[],[],[]],[[[0,"ಥಳಥಳ",".mp3",0.84],-1],0,0,[],[],[]],[["0,9729,9729,33071,33071,0,0,1",-1],[0],0,[],[],[]],[[{"name":"India","rect":[0,0,418,500],"offset":[0,0],"originalSize":[418,500],"capInsets":[0,0,0,0]}],[1],0,[0],[0],[7]],[[{"name":"metal_shining","rect":[0,0,512,340],"offset":[0,0],"originalSize":[512,340],"capInsets":[0,0,0,0]}],[1],0,[0],[0],[8]],[["0,9729,9729,33071,33071,0,0,1",-1],[0],0,[],[],[]]]]