[1,["79baHPZz5LJrumuptB2REH","4e8M7qczdKTZ7jaoTswM7q","03vxHBlh9MTLZi9Yi2KMbh","61qBjSKYhDCYYhlun4XV4D","530FccvedDPrt9yB+mNmop","3dJ6lhmUlCu7UPz7fVdZZR","4fkX7dKhJCfqXwt1ZzK12h","f8JuTwBT9F66NGF6xibpeu","b0SGyFVVJAy6qhuczD+SxN","feHhjzjl9FFKIobwTd0XgZ"],["_textureSetter"],["cc.Texture2D","cc.SpriteFrame",["cc.AudioClip",["_name","_native","duration"],0],["cc.JsonAsset",["_name","json"],1]],[[2,0,1,2,4],[3,0,1,3]],[[["0,9729,9729,33071,33071,0,0,1",-1],[0],0,[],[],[]],[[[0,"ಹಣ",".mp3",0.6],-1],0,0,[],[],[]],[[{"name":"challenge","rect":[0,0,800,533],"offset":[0,0],"originalSize":[800,533],"capInsets":[0,0,0,0]}],[1],0,[0],[0],[0]],[[[0,"ಒಣ",".mp3",0.576],-1],0,0,[],[],[]],[["0,9729,9729,33071,33071,0,0,1",-1],[0],0,[],[],[]],[[[0,"ಋತ",".mp3",0.84],-1],0,0,[],[],[]],[[[0,"ಮಣ",".mp3",0.576],-1],0,0,[],[],[]],[[[0,"ಒಳ",".mp3",0.768],-1],0,0,[],[],[]],[["0,9729,9729,33071,33071,0,0,1",-1],[0],0,[],[],[]],[["0,9729,9729,33071,33071,0,0,1",-1],[0],0,[],[],[]],[[[1,"kn0707",{"rows":[["writeword","1","Description","ಐದಳ","fivepetals.png","ಐದಳ.mp3"],["writeword","1","Description","ಋಣ","debt.png","ಋಣ.mp3"],["writeword","1","Description","ಮಣ","measuringunit.png","ಮಣ.mp3"],["writeword","1","Description","ಒಣ","dry tree.png","ಒಣ.mp3"],["writeword","1","Description","ಛಲ","challenge.png","ಛಲ.mp3"],["writeword","1","Description","ಋತ","justice.png","ಋತ.mp3"],["writeword","1","Description","ಹಣ","money.png","ಹಣ.mp3"],["writeword","1","Description","ಒಳ","inside.png","ಒಳ.mp3"],["writeword","1","Description","ಕಣಜ","granary.png","ಕಣಜ.mp3"],["writeword","1","Description","ಗಣಪ","Ganesha.png","ಗಣಪ.mp3"],["quizliteracy","1","Description","image_word","ಮಣ","ಮಣ","ಕಣಜ","ಗಣಪ","measuringunit.png"],["quizliteracy","1","Description","image_word","ಕಣಜ","ಹವಳ","ಮಣ","ಕಣಜ","granary.png"],["quizliteracy","1","Description","image_word","ಗಣಪ","ಗಣಪ","ಹವಳ","ಹರ","Ganesha.png"]]}]],0,0,[],[],[]],[["0,9729,9729,33071,33071,0,0,1",-1],[0],0,[],[],[]],[[{"name":"money","rect":[0,0,800,590],"offset":[0,0],"originalSize":[800,590],"capInsets":[0,0,0,0]}],[1],0,[0],[0],[1]],[["0,9729,9729,33071,33071,0,0,1",-1],[0],0,[],[],[]],[[{"name":"fivepetals","rect":[0,0,800,800],"offset":[0,0],"originalSize":[800,800],"capInsets":[0,0,0,0]}],[1],0,[0],[0],[2]],[[{"name":"granary","rect":[0,0,533,800],"offset":[0,0],"originalSize":[533,800],"capInsets":[0,0,0,0]}],[1],0,[0],[0],[3]],[[[0,"ಋಣ",".mp3",0.816],-1],0,0,[],[],[]],[[{"name":"justice","rect":[0,0,548,800],"offset":[0,0],"originalSize":[548,800],"capInsets":[0,0,0,0]}],[1],0,[0],[0],[4]],[[{"name":"inside","rect":[0,0,800,450],"offset":[0,0],"originalSize":[800,450],"capInsets":[0,0,0,0]}],[1],0,[0],[0],[5]],[["0,9729,9729,33071,33071,0,0,1",-1],[0],0,[],[],[]],[[[0,"ಗಣಪ",".mp3",0.744],-1],0,0,[],[],[]],[[{"name":"Ganesha","rect":[0,0,800,591],"offset":[0,0],"originalSize":[800,591],"capInsets":[0,0,0,0]}],[1],0,[0],[0],[6]],[[[0,"ಒಣಮರ",".mp3",1.008],-1],0,0,[],[],[]],[[[0,"ಕಣಜ",".mp3",0.744],-1],0,0,[],[],[]],[[{"name":"debt","rect":[0,0,800,533],"offset":[0,0],"originalSize":[800,533],"capInsets":[0,0,0,0]}],[1],0,[0],[0],[7]],[["0,9729,9729,33071,33071,0,0,1",-1],[0],0,[],[],[]],[[{"name":"dry tree","rect":[0,0,800,533],"offset":[0,0],"originalSize":[800,533],"capInsets":[0,0,0,0]}],[1],0,[0],[0],[8]],[[{"name":"measuringunit","rect":[0,0,533,800],"offset":[0,0],"originalSize":[533,800],"capInsets":[0,0,0,0]}],[1],0,[0],[0],[9]],[[[0,"ಛಲ",".mp3",0.648],-1],0,0,[],[],[]],[[[0,"ಐದಳ",".mp3",0.96],-1],0,0,[],[],[]],[["0,9729,9729,33071,33071,0,0,1",-1],[0],0,[],[],[]],[["0,9729,9729,33071,33071,0,0,1",-1],[0],0,[],[],[]]]]