[1,["88SK/A/d1F3Yf7FAc/HP0V","6epc8y+XRJhLLdiKUpUFY0"],["_textureSetter"],["cc.Texture2D","cc.SpriteFrame",["cc.AudioClip",["_name","_native","duration"],0],["cc.JsonAsset",["_name","json"],1]],[[2,0,1,2,4],[3,0,1,3]],[[[[0,"ಜನರ ರಾಜ ನಾಡ ಮಹಾರಾಜಾ",".mp3",1.944],-1],0,0,[],[],[]],[[[1,"kn3805",{"rows":[["createsentence","1","Description","ಜಾಣ/ಬಾಲಕನ/ಗಾಯನ","","boysinging.png","ಜಾಣ ಬಾಲಕನ ಗಾಯನ.mp3"],["createsentence","1","Description","ಜನರ/ರಾಜ/ನಾಡ/ಮಹಾರಾಜಾ","","king.png","ಜನರ ರಾಜ ನಾಡ ಮಹಾರಾಜಾ.mp3"],["quizliteracy","1","Description","image_sentence","ಜಾಣ ಬಾಲಕನ ಗಾಯನ","ಜನರ ರಾಜ ನಾಡ ಮಹಾರಾಜಾ","ಶಶಿ ಸವಿದ ಸಿಹಿಯಾದ ಪಾಯಸ","ಜಾಣ ಬಾಲಕನ ಗಾಯನ","boysinging.png","","ಜಾಣ ಬಾಲಕನ ಗಾಯನ.mp3"],["quizliteracy","1","Description","soundonly_sentence","ಜನರ ರಾಜ ನಾಡ ಮಹಾರಾಜಾ","ಜನರ ರಾಜ ನಾಡ ಮಹಾರಾಜಾ","ಜಾಣ ಬಾಲಕನ ಗಾಯನ","ನದಿಯು ಜುಳು ಜುಳು ಹರಿಯುವುದು","","","ಜನರ ರಾಜ ನಾಡ ಮಹಾರಾಜಾ.mp3"]]}]],0,0,[],[],[]],[["0,9729,9729,33071,33071,0,0,1",-1],[0],0,[],[],[]],[["0,9729,9729,33071,33071,0,0,1",-1],[0],0,[],[],[]],[[[0,"ಜಾಣ ಬಾಲಕನ ಗಾಯನ",".mp3",1.68],-1],0,0,[],[],[]],[[{"name":"king","rect":[0,0,384,512],"offset":[0,0],"originalSize":[384,512],"capInsets":[0,0,0,0]}],[1],0,[0],[0],[0]],[[{"name":"boysinging","rect":[0,0,512,341],"offset":[0,0],"originalSize":[512,341],"capInsets":[0,0,0,0]}],[1],0,[0],[0],[1]]]]