[1,["8frBjuvv1KkoM8f8exGDgl","f89DTjJ7lALLsje05UuBEt","ddPwf0vJtBcK8QupsyuiuO","f20Ol0pq9K9oWOdnvVKkbj"],["_textureSetter"],["cc.SpriteFrame","cc.Texture2D",["cc.AudioClip",["_name","_native","duration"],0],["cc.JsonAsset",["_name","json"],1]],[[2,0,1,2,4],[3,0,1,3]],[[[[0,"heart",".mp3",0.653061],-1],0,0,[],[],[]],[[{"name":"image_18_2","rect":[0,0,845,695],"offset":[0,0],"originalSize":[845,695],"capInsets":[0,0,0,0]}],[0],0,[0],[0],[0]],[[[0,"rectangle",".mp3",1.018776],-1],0,0,[],[],[]],[[[0,"numbers",".mp3",0.835918],-1],0,0,[],[],[]],[[[0,"triangle",".mp3",0.888163],-1],0,0,[],[],[]],[[[0,"oval",".mp3",0.679184],-1],0,0,[],[],[]],[[[0,"six",".mp3",0.809796],-1],0,0,[],[],[]],[[[0,"three",".mp3",0.653061],-1],0,0,[],[],[]],[[{"name":"image_17_2","rect":[0,0,845,695],"offset":[0,0],"originalSize":[845,695],"capInsets":[0,0,0,0]}],[0],0,[0],[0],[1]],[[{"name":"image_17_1","rect":[0,0,845,695],"offset":[0,0],"originalSize":[845,695],"capInsets":[0,0,0,0]}],[0],0,[0],[0],[2]],[[[0,"five",".mp3",0.835918],-1],0,0,[],[],[]],[[[1,"sl_en1820",{"rows":[["tag","1","Description","image_17_1.jpg","shapes","1137.-1516","shapes.mp3","circle","758.-1242","circle.mp3","triangle","1194.-899","triangle.mp3","heart","883.-1072","heart.mp3","square","612.-627","square.mp3"],["tag","1","Description","image_17_2.jpg","shapes","721.-1539","shapes.mp3","diamond","1267.-1163","diamond.mp3","star","853.-452","star.mp3","oval","826.-899","oval.mp3","rectangle","367.-1116","rectangle.mp3"],["tag","1","Description","image_18_1.jpg","numbers","704.-1519","numbers.mp3","one","1035.-466","one.mp3","two","303.-970","two.mp3","three","502.-466","three.mp3","four","781.-969","four.mp3","five","1282.-972","five.mp3"],["tag","1","Description","image_18_2.jpg","numbers","704.-1519","numbers.mp3","six","1282.-972","six.mp3","seven","303.-970","seven.mp3","eight","781.-969","eight.mp3","nine","1035.-466","nine.mp3","ten","502.-466","ten.mp3"],["quizliteracy","1","Description","soundonly_word","circle","two","circle","eight","","","circle.mp3"],["quizliteracy","1","Description","soundonly_word","two","circle","eight","two","","","two.mp3"],["quizliteracy","1","Description","soundonly_word","eight","two","eight","circle","","","eight.mp3"]]}]],0,0,[],[],[]],[[[0,"one",".mp3",0.626939],-1],0,0,[],[],[]],[[[0,"nine",".mp3",0.783673],-1],0,0,[],[],[]],[["1,9729,9729,33071,33071,0,0,1",-1],[1],0,[],[],[]],[[[0,"diamond",".mp3",0.783673],-1],0,0,[],[],[]],[[{"name":"image_18_1","rect":[0,0,845,695],"offset":[0,0],"originalSize":[845,695],"capInsets":[0,0,0,0]}],[0],0,[0],[0],[3]],[[[0,"shapes",".mp3",0.809796],-1],0,0,[],[],[]],[[[0,"four",".mp3",0.574694],-1],0,0,[],[],[]],[[[0,"seven",".mp3",0.757551],-1],0,0,[],[],[]],[[[0,"star",".mp3",0.731429],-1],0,0,[],[],[]],[[[0,"square",".mp3",0.835918],-1],0,0,[],[],[]],[["1,9729,9729,33071,33071,0,0,1",-1],[1],0,[],[],[]],[[[0,"circle",".mp3",0.705306],-1],0,0,[],[],[]],[[[0,"eight",".mp3",0.679184],-1],0,0,[],[],[]],[[[0,"ten",".mp3",0.626939],-1],0,0,[],[],[]],[["1,9729,9729,33071,33071,0,0,1",-1],[1],0,[],[],[]],[[[0,"two",".mp3",0.600816],-1],0,0,[],[],[]],[["1,9729,9729,33071,33071,0,0,1",-1],[1],0,[],[],[]]]]