[1,["8cRS4ufHRNNoJXYPhl89xr","72t7RCKatB+IbJu/BDSnZm","80tVubrhpJNJg5mVWVj1oA"],["_textureSetter"],["cc.SpriteFrame","cc.Texture2D",["cc.AudioClip",["_name","_native","duration"],0],["cc.JsonAsset",["_name","json"],1]],[[2,0,1,2,4],[3,0,1,3]],[[[[0,"चम्मच",".mp3",0.862041],-1],0,0,[],[],[]],[[[0,"चटाई",".mp3",0.731429],-1],0,0,[],[],[]],[[{"name":"चाबी","rect":[0,0,400,333],"offset":[0,0],"originalSize":[400,333],"capInsets":[0,0,0,0]}],[0],0,[0],[0],[0]],[["0,9729,9729,33071,33071,0,0,1",-1],[1],0,[],[],[]],[["0,9729,9729,33071,33071,0,0,1",-1],[1],0,[],[],[]],[["0,9729,9729,33071,33071,0,0,1",-1],[1],0,[],[],[]],[[{"name":"चटाई","rect":[0,0,460,463],"offset":[0,0],"originalSize":[460,463],"capInsets":[0,0,0,0]}],[0],0,[0],[0],[1]],[[{"name":"चम्मच","rect":[0,0,400,333],"offset":[0,0],"originalSize":[400,333],"capInsets":[0,0,0,0]}],[0],0,[0],[0],[2]],[[[0,"चाबी",".mp3",0.705306],-1],0,0,[],[],[]],[[[0,"च",".mp3",0.49625],-1],0,0,[],[],[]],[[[1,"hi0105",{"rows":[["phonictractor","1","Description","5","च","च.mp3","च","च.mp3"],["writeletter","1","Description","च","चाबी"],["writecard","1","Description","च","चाबी","चाबी.png","चाबी.mp3","चटाई","चटाई.png","चटाई.mp3","चम्मच","चम्मच.png","चम्मच.mp3"],["quizliteracy","1","Description","soundonly_word","च","आ","च","प","","","च.mp3"],["quizliteracy","1","Description","word_word","च","च","प","आ","","च"],["quizliteracy","1","Description","soundonly_word","च","प","आ","च","","","च.mp3"]]}]],0,0,[],[],[]]]]