[1,["4fXDwdWWFGS59TCcTlxcsg","f3qNXCjshDg44+3BZvoZOv","58nzNTcdBNLpMAyBigi3ZM","07bFosXxNB9K23SGJ+0HP0","2c5eoDwPxMgaZFGX/jFDsn"],["_textureSetter"],["cc.Texture2D","cc.SpriteFrame",["cc.AudioClip",["_name","_native","duration"],0],["cc.JsonAsset",["_name","json"],1]],[[2,0,1,2,4],[3,0,1,3]],[[[[0,"मि",".mp3",0.914286],-1],0,0,[],[],[]],[["0,9729,9729,33071,33071,0,0,1",-1],[0],0,[],[],[]],[[[0,"जि",".mp3",0.679184],-1],0,0,[],[],[]],[[[0,"खिला",".mp3",0.600816],-1],0,0,[],[],[]],[[{"name":"आम","rect":[0,0,193,153],"offset":[0,0],"originalSize":[193,153],"capInsets":[0,0,0,0]}],[1],0,[0],[0],[0]],[[[0,"दिल",".mp3",0.705306],-1],0,0,[],[],[]],[[{"name":"दिमाग","rect":[0,0,193,153],"offset":[0,0],"originalSize":[193,153],"capInsets":[0,0,0,0]}],[1],0,[0],[0],[1]],[[[0,"मित्र",".mp3",0.626939],-1],0,0,[],[],[]],[["0,9729,9729,33071,33071,0,0,1",-1],[0],0,[],[],[]],[[{"name":"मित्र","rect":[0,0,193,153],"offset":[0,0],"originalSize":[193,153],"capInsets":[0,0,0,0]}],[1],0,[0],[0],[2]],[[[0,"छिला",".mp3",0.626939],-1],0,0,[],[],[]],[[[0,"जिला",".mp3",0.757551],-1],0,0,[],[],[]],[["0,9729,9729,33071,33071,0,0,1",-1],[0],0,[],[],[]],[["0,9729,9729,33071,33071,0,0,1",-1],[0],0,[],[],[]],[[[0,"त्र",".mp3",0.522449],-1],0,0,[],[],[]],[[[0,"पिता",".mp3",0.574694],-1],0,0,[],[],[]],[[{"name":"पिता","rect":[0,0,370,273],"offset":[0,0],"originalSize":[370,273],"capInsets":[0,0,0,0]}],[1],0,[0],[0],[3]],[[{"name":"दिल","rect":[0,0,271,271],"offset":[0,0],"originalSize":[271,271],"capInsets":[0,0,0,0]}],[1],0,[0],[0],[4]],[[[0,"छि",".mp3",0.809796],-1],0,0,[],[],[]],[[[1,"hi0510",{"rows":[["openwindow","1","Description","LEGIT","मि,त्र","मित्र.png","आम.png","मित्र.mp3","ज,ग,न,त्र,छा,ता,र,थ,व,न,घ,ट्र,क,घो,ड़ा,हा,थी,आ,म,स"],["openwindow","1","Description","LEGIT","दि,ल","दिल.png","दिमाग.png","दिल.mp3","ज,ग,न,ल,फ,छा,ता,र,थ,व,न,घ,ट्र,क,घो,ड़ा,हा,थी,आ,म,स"],["phonictractor","1","Description","5","खिला","खिला.mp3","खि","खि.mp3","ला","ला.mp3"],["phonictractor","1","Description","5","छिला","छिला.mp3","छि","छि.mp3","ला","ला.mp3"],["rocket","1","Description","दिल","दि,ल","दि,ल","दिल.mp3","दिल.png","false ","false "],["spelldoor","1","Description","पिता","**","4","3","पिता.png","पिता.mp3"],["phonictractor","1","Description","5","जिला","जिला.mp3","जि","जि.mp3","ला","ला.mp3"],["phonictractor","1","Description","5","मित्र","मित्र.mp3","मि","मि.mp3","त्र","त्र.mp3"],["quizliteracy","1","Description","soundonly_word","दिल","मित्र","दिल","छिला","","","दिल.mp3"],["quizliteracy","1","Description","image_word","मित्र","दिल","छिला","मित्र","मित्र.png"],["quizliteracy","1","Description","soundonly_word","छिला","छिला","मित्र","दिल","","","छिला.mp3"]]}]],0,0,[],[],[]],[["0,9729,9729,33071,33071,0,0,1",-1],[0],0,[],[],[]],[[[0,"ला",".mp3",0.679184],-1],0,0,[],[],[]],[[[0,"खि",".mp3",0.653061],-1],0,0,[],[],[]]]]