[1,["2akAmE3ylFlpbRdJPQNYWh","e0kywwfNRA5KQp22D0cA0T","537scyVU5FwLZG/7O2GJb1","1aR1mejMVEO4twAWdOVuBr","e4Te93q3hCzZyrJpszGFbC","52BuOgYNxFe4zaWJqlT1yZ"],["_textureSetter"],["cc.Texture2D","cc.SpriteFrame",["cc.AudioClip",["_name","_native","duration"],0],["cc.JsonAsset",["_name","json"],1]],[[2,0,1,2,4],[3,0,1,3]],[[[[0,"December",".mp3",1.248],-1],0,0,[],[],[]],[[[0,"November",".mp3",1.176],-1],0,0,[],[],[]],[["0,9729,9729,33071,33071,0,0,1",-1],[0],0,[],[],[]],[[{"name":"November","rect":[0,0,512,377],"offset":[0,0],"originalSize":[512,377],"capInsets":[0,0,0,0]}],[1],0,[0],[0],[0]],[["0,9729,9729,33071,33071,0,0,1",-1],[0],0,[],[],[]],[[{"name":"September","rect":[0,0,512,377],"offset":[0,0],"originalSize":[512,377],"capInsets":[0,0,0,0]}],[1],0,[0],[0],[1]],[[[1,"en3411",{"rows":[["writeword","1","Description","July","July.png","July.mp3"],["writeword","1","Description","August","August.png","August.mp3"],["writeword","1","Description","September","September.png","September.mp3"],["writeword","1","Description","October","October.png","October.mp3"],["writeword","1","Description","November","November.png","November.mp3"],["writeword","1","Description","December","December.png","December.mp3"],["quizliteracy","1","Description","soundonly_word","August","July","August","October","","","August.mp3"],["quizliteracy","1","Description","soundonly_word","October","October","September","July","","","October.mp3"],["quizliteracy","1","Description","soundonly_word","November","September","November","August","","","November.mp3"]]}]],0,0,[],[],[]],[[{"name":"July","rect":[0,0,512,377],"offset":[0,0],"originalSize":[512,377],"capInsets":[0,0,0,0]}],[1],0,[0],[0],[2]],[["0,9729,9729,33071,33071,0,0,1",-1],[0],0,[],[],[]],[[{"name":"October","rect":[0,0,512,377],"offset":[0,0],"originalSize":[512,377],"capInsets":[0,0,0,0]}],[1],0,[0],[0],[3]],[["0,9729,9729,33071,33071,0,0,1",-1],[0],0,[],[],[]],[[{"name":"December","rect":[0,0,512,377],"offset":[0,0],"originalSize":[512,377],"capInsets":[0,0,0,0]}],[1],0,[0],[0],[4]],[[[0,"August",".mp3",1.128],-1],0,0,[],[],[]],[[{"name":"August","rect":[0,0,512,377],"offset":[0,0],"originalSize":[512,377],"capInsets":[0,0,0,0]}],[1],0,[0],[0],[5]],[["0,9729,9729,33071,33071,0,0,1",-1],[0],0,[],[],[]],[[[0,"September",".mp3",1.248],-1],0,0,[],[],[]],[["0,9729,9729,33071,33071,0,0,1",-1],[0],0,[],[],[]],[[[0,"October",".mp3",1.176],-1],0,0,[],[],[]],[[[0,"July",".mp3",1.032],-1],0,0,[],[],[]]]]