[1,["2akAmE3ylFlpbRdJPQNYWh","e0kywwfNRA5KQp22D0cA0T","537scyVU5FwLZG/7O2GJb1","1aR1mejMVEO4twAWdOVuBr","e4Te93q3hCzZyrJpszGFbC","52BuOgYNxFe4zaWJqlT1yZ"],["_textureSetter"],["cc.Texture2D","cc.SpriteFrame",["cc.AudioClip",["_name","_native","duration"],0],["cc.JsonAsset",["_name","json"],1]],[[2,0,1,2,4],[3,0,1,3]],[[[[0,"December",".mp3",1.248],-1],0,0,[],[],[]],[[[0,"November",".mp3",1.176],-1],0,0,[],[],[]],[["0,9729,9729,33071,33071,0,0,1",-1],[0],0,[],[],[]],[[{"name":"November","rect":[0,0,512,377],"offset":[0,0],"originalSize":[512,377],"capInsets":[0,0,0,0]}],[1],0,[0],[0],[0]],[["0,9729,9729,33071,33071,0,0,1",-1],[0],0,[],[],[]],[[{"name":"September","rect":[0,0,512,377],"offset":[0,0],"originalSize":[512,377],"capInsets":[0,0,0,0]}],[1],0,[0],[0],[1]],[[[1,"en3411",{"rows":[["openwindow1","1","Description","LEGIT","July","July.png","October.png","July.mp3","abcdefghijklmnopqrstuvwxyz"],["openwindow1","1","Description","LEGIT","August","August.png","November.png","August.mp3","abcdefghijklmnopqrstuvwxyz"],["openwindow1","1","Description","LEGIT","September","September.png","December.png","September.mp3","abcdefghijklmnopqrstuvwxyz"],["openwindow1","1","Description","LEGIT","October","October.png","July.png","October.mp3","abcdefghijklmnopqrstuvwxyz"],["openwindow1","1","Description","LEGIT","November","November.png","August.png","November.mp3","abcdefghijklmnopqrstuvwxyz"],["openwindow1","1","Description","LEGIT","December","December.png","September.png","December.mp3","abcdefghijklmnopqrstuvwxyz"],["quizliteracy","1","Description","soundonly_word","August","July","August","October","","","August.mp3"],["quizliteracy","1","Description","soundonly_word","October","October","September","July","","","October.mp3"],["quizliteracy","1","Description","soundonly_word","November","September","November","August","","","November.mp3"]]}]],0,0,[],[],[]],[[{"name":"July","rect":[0,0,512,377],"offset":[0,0],"originalSize":[512,377],"capInsets":[0,0,0,0]}],[1],0,[0],[0],[2]],[["0,9729,9729,33071,33071,0,0,1",-1],[0],0,[],[],[]],[[{"name":"October","rect":[0,0,512,377],"offset":[0,0],"originalSize":[512,377],"capInsets":[0,0,0,0]}],[1],0,[0],[0],[3]],[["0,9729,9729,33071,33071,0,0,1",-1],[0],0,[],[],[]],[[{"name":"December","rect":[0,0,512,377],"offset":[0,0],"originalSize":[512,377],"capInsets":[0,0,0,0]}],[1],0,[0],[0],[4]],[[[0,"August",".mp3",1.128],-1],0,0,[],[],[]],[[{"name":"August","rect":[0,0,512,377],"offset":[0,0],"originalSize":[512,377],"capInsets":[0,0,0,0]}],[1],0,[0],[0],[5]],[["0,9729,9729,33071,33071,0,0,1",-1],[0],0,[],[],[]],[[[0,"September",".mp3",1.248],-1],0,0,[],[],[]],[["0,9729,9729,33071,33071,0,0,1",-1],[0],0,[],[],[]],[[[0,"October",".mp3",1.176],-1],0,0,[],[],[]],[[[0,"July",".mp3",1.032],-1],0,0,[],[],[]]]]