[1,["1ceHvM9lpB7YLlsdGdE7xp","d7ulMpwXBI96cdm6kdc0tJ","c2gcvhJf5B44vxtjk5BFF0","95QL5Ba3RLXqw8t8EaXQ4S","b1qjzNhwFFoLVtRLiwnB/Z"],["_textureSetter"],["cc.SpriteFrame","cc.Texture2D",["cc.AudioClip",["_name","_native","duration"],0],["cc.JsonAsset",["_name","json"],1]],[[2,0,1,2,4],[3,0,1,3]],[[[[0,"they",".mp3",0.864],-1],0,0,[],[],[]],[[[0,"ch",".mp3",1.32],-1],0,0,[],[],[]],[[[0,"sh",".mp3",1.224],-1],0,0,[],[],[]],[[[0,"shirt",".mp3",1.128],-1],0,0,[],[],[]],[[[0,"show",".mp3",0.912],-1],0,0,[],[],[]],[[{"name":"feet","rect":[0,0,1534,1096],"offset":[0,0],"originalSize":[1534,1096],"capInsets":[0,0,0,0]}],[0],0,[0],[0],[0]],[["0,9729,9729,33071,33071,0,0,1",-1],[1],0,[],[],[]],[[[0,"stay",".mp3",1.008],-1],0,0,[],[],[]],[[[0,"truck",".mp3",0.912],-1],0,0,[],[],[]],[[[0,"short",".mp3",1.176],-1],0,0,[],[],[]],[[{"name":"hands","rect":[0,0,1534,1096],"offset":[0,0],"originalSize":[1534,1096],"capInsets":[0,0,0,0]}],[0],0,[0],[0],[1]],[[[0,"share",".mp3",0.96],-1],0,0,[],[],[]],[[[0,"s",".mp3",0.912],-1],0,0,[],[],[]],[[[0,"them",".mp3",0.936],-1],0,0,[],[],[]],[[[0,"th",".mp3",1.152],-1],0,0,[],[],[]],[[[0,"chain",".mp3",1.008],-1],0,0,[],[],[]],[[[0,"fresh",".mp3",1.224],-1],0,0,[],[],[]],[[[0,"ship",".mp3",0.912],-1],0,0,[],[],[]],[[[0,"sheep",".mp3",0.984],-1],0,0,[],[],[]],[[[0,"shoulder",".mp3",1.152],-1],0,0,[],[],[]],[[[0,"shoulders",".mp3",1.44],-1],0,0,[],[],[]],[[[0,"push",".mp3",0.912],-1],0,0,[],[],[]],[["0,9729,9729,33071,33071,0,0,1",-1],[1],0,[],[],[]],[[[1,"en1606",{"rows":[["rocket","1","Description","shirt","a,b,c,d,e,f,g,h,i,j,k,l,m,n,o,p,q,r,s,t,u,v,w,x,y,z","s,h,i,rt","shirt.mp3","shirt.png","false","true"],["rocket","1","Description","shoulder","a,b,c,d,e,f,g,h,i,j,k,l,m,n,o,p,q,r,s,t,u,v,w,x,y,z","s,h,o,u,l,d,e,r","shoulder.mp3","shoulder.png","false","true"],["speakingpet","1","Description","ch.mp3","sh.mp3","chap","chap.mp3","A","1,2","chain","chain.mp3","A","1,2","share","share.mp3","B","1,2","ship","ship.mp3","B","1,2"],["speakingpet","1","Description","s.mp3","sh.mp3","sing","sing.mp3","A","1","sheep","sheep.mp3","B","1,2","she","she.mp3","B","1,2","show","show.mp3","B","1,2"],["speakingpet","1","Description","sh.mp3","ck.mp3","fresh","fresh.mp3","A","4,5","push","push.mp3","A","3,4","truck","truck.mp3","B","4,5","rock","rock.mp3","B","3,4"],["speakingpet","1","Description","st.mp3","sh.mp3","stay","stay.mp3","A","1,2","step","step.mp3","A","1,2","shake","shake.mp3","B","1,2","short","short.mp3","B","1,2"],["speakingpet","1","Description","th.mp3","sh.mp3","they","they.mp3","A","1,2","them","them.mp3","A","1,2","shape","shape.mp3","B","1,2","shirt","shirt.mp3","B","1,2"],["spelldoor","1","Description","shoes","*h*es","2","1","spelling_shoes.png","shoes.mp3"],["quizliteracy","1","Description","soundonly_word","shirt","chin","shirt","short","","","shirt.mp3"],["quizliteracy","1","Description","soundonly_image","shoulder.png","feet.png","hands.png","shoulder.png","","","shoulders.mp3"],["quizliteracy","1","Description","word_word","sh","sh","wh","th","","__ip","ship.mp3"],["quizliteracy","1","Description","soundonly_word","fresh","fresh","push","short","","","fresh.mp3"],["quizliteracy","1","Description","word_word","sh","th","wh","sh","","pu__","push.mp3"]]}]],0,0,[],[],[]],[[[0,"she",".mp3",0.912],-1],0,0,[],[],[]],[["0,9729,9729,33071,33071,0,0,1",-1],[1],0,[],[],[]],[[[0,"sing",".mp3",1.032],-1],0,0,[],[],[]],[[[0,"step",".mp3",1.056],-1],0,0,[],[],[]],[["0,9729,9729,33071,33071,0,0,1",-1],[1],0,[],[],[]],[[{"name":"shoulder","rect":[0,0,1534,1096],"offset":[0,0],"originalSize":[1534,1096],"capInsets":[0,0,0,0]}],[0],0,[0],[0],[2]],[[[0,"chap",".mp3",0.936],-1],0,0,[],[],[]],[[[0,"rock",".mp3",1.008],-1],0,0,[],[],[]],[[[0,"shoes",".mp3",1.2],-1],0,0,[],[],[]],[["0,9729,9729,33071,33071,0,0,1",-1],[1],0,[],[],[]],[[{"name":"spelling_shoes","rect":[0,0,370,273],"offset":[0,0],"originalSize":[370,273],"capInsets":[0,0,0,0]}],[0],0,[0],[0],[3]],[[[0,"st",".mp3",1.272],-1],0,0,[],[],[]],[[[0,"shape",".mp3",1.008],-1],0,0,[],[],[]],[[[0,"shake",".mp3",1.056],-1],0,0,[],[],[]],[[{"name":"shirt","rect":[0,0,785,667],"offset":[0,0],"originalSize":[785,667],"capInsets":[0,0,0,0]}],[0],0,[0],[0],[4]],[[[0,"ck",".mp3",1.2],-1],0,0,[],[],[]]]]