[1,["62RujReMNJcKcHnFeVNKeU","33U2wo2ohPLpRmKG7GMphG","a2lGC94rxPYLCBaNas4Fa4","d2zsroN+tEYrk7jzjewzJT","e3dRHi76FBFaDISz3fdfE+","a576AG7FVJCYcUmwBAQcvA","f409+9P55LaZzFBuC7L/0w","5aCQcj4qJIDYQXTO6/dpKR"],["_textureSetter"],["cc.SpriteFrame","cc.Texture2D",["cc.AudioClip",["_name","_native","duration"],0],["cc.JsonAsset",["_name","json"],1],["cc.Asset",["_name"],2]],[[2,0,1,2,4],[3,0,1,3],[4,0,2]],[[[{"name":"grief","rect":[0,0,640,427],"offset":[0,0],"originalSize":[640,427],"capInsets":[0,0,0,0]}],[0],0,[0],[0],[0]],[[[0,"विज्ञान",".mp3",1.28],-1],0,0,[],[],[]],[[[0,"हॅट",".mp3",0.522449],-1],0,0,[],[],[]],[[[1,"mr2103",{"rows":[["rocket","1","Description","क्षि,ती,ज","क्षि,ती,ज","क्षि,ती,ज","क्षितीज.mp3","horizon.png","False","False"],["spelldoor","1","Description","वि,ज्ञा,न","वि*न","0","0","science.png","विज्ञान.mp3"],["rocket","1","Description","हॅ,ट","हॅ,ट","हॅ,ट","हॅट.mp3","hot.png","False","False"],["spelldoor","1","Description","बॉल","*ल","0","0","ball.png","बॉल.mp3"],["rocket","1","Description","मॉ,ल","मॉ,ल","मॉ,ल","मॉल.mp3","mall.png","False","False"],["spelldoor","1","Description","अंगठी","*गठी","0","0","ring.png","अंगठी.mp3"],["rocket","1","Description","अं,जी,र","अं,जी,र","अं,जी,र","अंजीर.mp3","fig.png","False","False"],["spelldoor","1","Description","दु:ख","*ख","0","0","grief.png","दुख.mp3"],["quizliteracy","1","Description","word_word","क्षि","बॉ","क्षि","अं","","_तीज","क्षितीज.mp3"],["quizliteracy","1","Description","word_word","अं","अं","बॉ","क्षि","","_गठी","अंगठी.mp3"],["quizliteracy","1","Description","word_word","बॉ","क्षि","अं","बॉ","","_ल","बॉल.mp3"]]}]],0,0,[],[],[]],[["0,9729,9729,33071,33071,0,0,1",-1],[1],0,[],[],[]],[[{"name":"science","rect":[0,0,640,640],"offset":[0,0],"originalSize":[640,640],"capInsets":[0,0,0,0]}],[0],0,[0],[0],[1]],[["0,9729,9729,33071,33071,0,0,1",-1],[1],0,[],[],[]],[["0,9729,9729,33071,33071,0,0,1",-1],[1],0,[],[],[]],[[{"name":"ring","rect":[0,0,640,425],"offset":[0,0],"originalSize":[640,425],"capInsets":[0,0,0,0]}],[0],0,[0],[0],[2]],[[[0,"बॉल",".mp3",0.653061],-1],0,0,[],[],[]],[[[0,"क्षितीज",".mp3",0.966531],-1],0,0,[],[],[]],[[{"name":"ball","rect":[0,0,640,640],"offset":[0,0],"originalSize":[640,640],"capInsets":[0,0,0,0]}],[0],0,[0],[0],[3]],[[[2,"दु"]],0,0,[],[],[]],[[[0,"मॉल",".mp3",0.705306],-1],0,0,[],[],[]],[[[0,"अंगठी",".mp3",1.07102],-1],0,0,[],[],[]],[["0,9729,9729,33071,33071,0,0,1",-1],[1],0,[],[],[]],[["0,9729,9729,33071,33071,0,0,1",-1],[1],0,[],[],[]],[[{"name":"mall","rect":[0,0,640,426],"offset":[0,0],"originalSize":[640,426],"capInsets":[0,0,0,0]}],[0],0,[0],[0],[4]],[[[0,"अंजीर",".mp3",1.044898],-1],0,0,[],[],[]],[["0,9729,9729,33071,33071,0,0,1",-1],[1],0,[],[],[]],[[{"name":"hot","rect":[18,4,557,596],"offset":[-3.5,-2],"originalSize":[600,600],"capInsets":[0,0,0,0]}],[0],0,[0],[0],[5]],[["0,9729,9729,33071,33071,0,0,1",-1],[1],0,[],[],[]],[[{"name":"fig","rect":[0,0,640,532],"offset":[0,0],"originalSize":[640,532],"capInsets":[0,0,0,0]}],[0],0,[0],[0],[6]],[["0,9729,9729,33071,33071,0,0,1",-1],[1],0,[],[],[]],[[[0,"दुख",".mp3",0.914286],-1],0,0,[],[],[]],[[{"name":"horizon","rect":[0,0,640,360],"offset":[0,0],"originalSize":[640,360],"capInsets":[0,0,0,0]}],[0],0,[0],[0],[7]]]]