[1,["40O8eNDNBCe672ZfNW+8Ys","b9oAUwtLxM3JBJ+Wruhiaz","20JWtgBHVEtp+sq2TjTcYT","dbCz05PVBL3olvTIVR2z8v"],["_textureSetter"],["cc.SpriteFrame","cc.Texture2D",["cc.AudioClip",["_name","_native","duration"],0],["cc.JsonAsset",["_name","json"],1]],[[2,0,1,2,4],[3,0,1,3]],[[[{"name":"Thesnakemovesslowly","rect":[0,0,1073,514],"offset":[0,0],"originalSize":[1073,514],"capInsets":[0,0,0,0]}],[0],0,[0],[0],[0]],[[[0,"The_snake_is_long",".mp3",1.567347],-1],0,0,[],[],[]],[["1,9729,9729,33071,33071,0,0,1",-1],[1],0,[],[],[]],[["1,9729,9729,33071,33071,0,0,1",-1],[1],0,[],[],[]],[[[0,"I_am_happy",".mp3",1.17551],-1],0,0,[],[],[]],[[{"name":"It_is_a_red_ball","rect":[97,0,606,799],"offset":[0,0.5],"originalSize":[800,800],"capInsets":[0,0,0,0]}],[0],0,[0],[0],[1]],[[{"name":"The_treegrowstall","rect":[0,0,1073,780],"offset":[0,0],"originalSize":[1073,780],"capInsets":[0,0,0,0]}],[0],0,[0],[0],[2]],[["0,9729,9729,33071,33071,0,0,1",-1],[1],0,[],[],[]],[[{"name":"the_girl_has_a_purple_dress","rect":[0,0,680,620],"offset":[0,0],"originalSize":[680,620],"capInsets":[0,0,0,0]}],[0],0,[0],[0],[3]],[[[0,"The_tree_is_tall",".mp3",1.593469],-1],0,0,[],[],[]],[[[0,"The_ball_is_red",".mp3",1.48898],-1],0,0,[],[],[]],[["0,9729,9729,33071,33071,0,0,1",-1],[1],0,[],[],[]],[[[1,"sl_en3003",{"rows":[["createsentence","1","Description","The snake/is/long","furry","Thesnakemovesslowly.jpg","The_snake_is_long.mp3"],["createsentence","1","Description","I/am/happy","sad","the_girl_has_a_purple_dress.png","I_am_happy.mp3"],["createsentence","1","Description","The tree/is/tall","dry","The_treegrowstall.jpg","The_tree_is_tall.mp3"],["createsentence","1","Description","The ball/is/red","yellow","It_is_a_red_ball.png","The_ball_is_red.mp3"],["quizliteracy","1","Description","image_sentence","The snake is long.","The snake is short.","The snake is long.","The snake is furry.","Thesnakemovesslowly.jpg","","The_snake_is_long.mp3"],["quizliteracy","1","Description","image_sentence","I am happy.","I am happy.","I am sad.","I am angry.","the_girl_has_a_purple_dress.png","","I_am_happy.mp3"],["quizliteracy","1","Description","image_sentence","The tree is tall.","The tree is dry.","The tree is short.","The tree is tall.","The_treegrowstall.jpg"]]}]],0,0,[],[],[]]]]