[1,["09LfdGZ65A950DBIoGe/Bi","5bHLqCxrBNjJi9yQg05DVo","cacX2I+ahJgqHa5rSkScYO","78ZQCb3XVFnYIqrWfsUG5m","c08Am8O91GBqGKCbqN5KdR","3fK1GDydJBZKk/xFRj/PRk","c0VMN8BLhLJYiaL4JIc1iI","0arH7xhLVJcYLQvupDKtlZ","c13aAKwTBLW7xCnddYdcWN","90bqNHdEBCua+Z6Lq/dnjP","abx17ERE1AV5QHztWwXaGZ","41c6exGTVJmIeEQFQnTogo","e5eoc5GjxNPptb1GGJpBwc","49PTMCB9JCMK8UFiYtBQaI","93jaI3GslJ7Ly7yNxBzlz9","9a85HccAdBCI9Ou0HPnV9r","5dWQHkHf1C+aGLCYUt3b9s","51gOXd9FdFYpKQBvIkfOQu"],["_textureSetter"],["cc.SpriteFrame","cc.Texture2D",["cc.AudioClip",["_name","_native","duration"],0],["cc.JsonAsset",["_name","json"],1]],[[2,0,1,2,4],[3,0,1,3]],[[[{"name":"eraser","rect":[0,0,512,448],"offset":[0,0],"originalSize":[512,448],"capInsets":[0,0,0,0]}],[0],0,[0],[0],[0]],[["0,9729,9729,33071,33071,0,0,1",-1],[1],0,[],[],[]],[["0,9729,9729,33071,33071,0,0,1",-1],[1],0,[],[],[]],[[{"name":"girl","rect":[0,0,433,512],"offset":[0,0],"originalSize":[433,512],"capInsets":[0,0,0,0]}],[0],0,[0],[0],[1]],[[{"name":"longfish ","rect":[0,0,512,227],"offset":[0,0],"originalSize":[512,227],"capInsets":[0,0,0,0]}],[0],0,[0],[0],[2]],[[[0,"tall",".mp3",0.600816],-1],0,0,[],[],[]],[[{"name":"pencil","rect":[0,0,493,512],"offset":[0,0],"originalSize":[493,512],"capInsets":[0,0,0,0]}],[0],0,[0],[0],[3]],[[{"name":"jar","rect":[0,0,467,512],"offset":[0,0],"originalSize":[467,512],"capInsets":[0,0,0,0]}],[0],0,[0],[0],[4]],[["0,9729,9729,33071,33071,0,0,1",-1],[1],0,[],[],[]],[["0,9729,9729,33071,33071,0,0,1",-1],[1],0,[],[],[]],[["0,9729,9729,33071,33071,0,0,1",-1],[1],0,[],[],[]],[[{"name":"cat","rect":[0,0,494,512],"offset":[0,0],"originalSize":[494,512],"capInsets":[0,0,0,0]}],[0],0,[0],[0],[5]],[["0,9729,9729,33071,33071,0,0,1",-1],[1],0,[],[],[]],[["0,9729,9729,33071,33071,0,0,1",-1],[1],0,[],[],[]],[["0,9729,9729,33071,33071,0,0,1",-1],[1],0,[],[],[]],[[{"name":"snake","rect":[0,0,512,196],"offset":[0,0],"originalSize":[512,196],"capInsets":[0,0,0,0]}],[0],0,[0],[0],[6]],[[{"name":"coconut_tree","rect":[0,0,362,512],"offset":[0,0],"originalSize":[362,512],"capInsets":[0,0,0,0]}],[0],0,[0],[0],[7]],[[{"name":"bucket","rect":[0,0,495,512],"offset":[0,0],"originalSize":[495,512],"capInsets":[0,0,0,0]}],[0],0,[0],[0],[8]],[[{"name":"papaya_tree","rect":[0,0,361,512],"offset":[0,0],"originalSize":[361,512],"capInsets":[0,0,0,0]}],[0],0,[0],[0],[9]],[["0,9729,9729,33071,33071,0,0,1",-1],[1],0,[],[],[]],[[{"name":"banana_tree","rect":[0,0,434,512],"offset":[0,0],"originalSize":[434,512],"capInsets":[0,0,0,0]}],[0],0,[0],[0],[10]],[[[1,"sl_en3809",{"rows":[["openwindow1","1","Description","LEGIT","Long","snake.png","worm.png","long.mp3","abcdefghijklmnopqrstuvwxyz"],["openwindow1","1","Description","LEGIT","Short","girl.png","woman.png","short.mp3","abcdefghijklmnopqrstuvwxyz"],["openwindow1","1","Description","LEGIT","Short","half_full_glass.png","jar.png","short.mp3","abcdefghijklmnopqrstuvwxyz"],["openwindow1","1","Description","LEGIT","Long","pencil.png","eraser.png","long.mp3","abcdefghijklmnopqrstuvwxyz"],["openwindow1","1","Description","LEGIT","Tall","coconut_tree.png","papaya_tree.png","tall.mp3","abcdefghijklmnopqrstuvwxyz"],["openwindow1","1","Description","LEGIT","Short","spoon.png","spatula.png","short.mp3","abcdefghijklmnopqrstuvwxyz"],["openwindow1","1","Description","LEGIT","Long","longfish.png","shortfish.png","long.mp3","abcdefghijklmnopqrstuvwxyz"],["openwindow1","1","Description","LEGIT","Short","cat.png","cow.png","short.mp3","abcdefghijklmnopqrstuvwxyz"],["quizliteracy","1","Description","soundonly_image","snake.png","worm.png","snake.png","pencil.png","","","long.mp3"],["quizliteracy","1","Description","soundonly_image","glass.png","half_full_glass.png","jar.png","bucket.png","","","short.mp3"],["quizliteracy","1","Description","soundonly_image","coconut_tree.png","papaya_tree.png","banana_tree.png","coconut_tree.png","","","tall.mp3"]]}]],0,0,[],[],[]],[["0,9729,9729,33071,33071,0,0,1",-1],[1],0,[],[],[]],[["0,9729,9729,33071,33071,0,0,1",-1],[1],0,[],[],[]],[["0,9729,9729,33071,33071,0,0,1",-1],[1],0,[],[],[]],[[[0,"short",".mp3",0.835918],-1],0,0,[],[],[]],[["0,9729,9729,33071,33071,0,0,1",-1],[1],0,[],[],[]],[[{"name":"cow","rect":[0,0,512,512],"offset":[0,0],"originalSize":[512,512],"capInsets":[0,0,0,0]}],[0],0,[0],[0],[11]],[[[0,"long",".mp3",0.757551],-1],0,0,[],[],[]],[[{"name":"woman","rect":[0,0,900,1235],"offset":[0,0],"originalSize":[900,1235],"capInsets":[0,0,0,0]}],[0],0,[0],[0],[12]],[[{"name":"spoon","rect":[0,0,512,375],"offset":[0,0],"originalSize":[512,375],"capInsets":[0,0,0,0]}],[0],0,[0],[0],[13]],[["0,9729,9729,33071,33071,0,0,1",-1],[1],0,[],[],[]],[["0,9729,9729,33071,33071,0,0,1",-1],[1],0,[],[],[]],[["0,9729,9729,33071,33071,0,0,1",-1],[1],0,[],[],[]],[[{"name":"spatula ","rect":[0,0,512,461],"offset":[0,0],"originalSize":[512,461],"capInsets":[0,0,0,0]}],[0],0,[0],[0],[14]],[["0,9729,9729,33071,33071,0,0,1",-1],[1],0,[],[],[]],[[{"name":"worm","rect":[0,0,512,299],"offset":[0,0],"originalSize":[512,299],"capInsets":[0,0,0,0]}],[0],0,[0],[0],[15]],[["0,9729,9729,33071,33071,0,0,1",-1],[1],0,[],[],[]],[[{"name":"shortfish ","rect":[0,0,512,454],"offset":[0,0],"originalSize":[512,454],"capInsets":[0,0,0,0]}],[0],0,[0],[0],[16]],[[{"name":"half_full_glass","rect":[0,0,1111,859],"offset":[0,0],"originalSize":[1111,859],"capInsets":[0,0,0,0]}],[0],0,[0],[0],[17]]]]