[1,["626T1k5v1LLb33FjNUtYLe","60AkMkL1lNmJLIcln9U3Sq","b1szWAG3hGqLc9olRETlwO","3d3ONuV8VKt6hH/Rj+O9he","d4Mqcfa3tBo5jCEC0agkb2","51ld7b1QNChoFwcfWlvmZB","63ZneRzc1B9Ld4cclV3jgA","84dOCtqYVJLb/UchNzuGxE","a9V+TE5ghDjL66sYCKyXW8","31U8Pj5eJKorDy5zBDaOvt","602K3QrGZNDIrjU5ejscNk","37UIaREblGNI7X7pnTvOIh","6ca/0kZDVHYoH4s+TDbjPW"],["_textureSetter"],["cc.SpriteFrame","cc.Texture2D",["cc.AudioClip",["_name","_native","duration"],0],["cc.JsonAsset",["_name","json"],1]],[[2,0,1,2,4],[3,0,1,3]],[[[[0,"mouth",".mp3",0.912],-1],0,0,[],[],[]],[[[0,"eyebrow",".mp3",1.08],-1],0,0,[],[],[]],[[{"name":"mom","rect":[0,3,326,509],"offset":[-1,-1.5],"originalSize":[328,512],"capInsets":[0,0,0,0]}],[0],0,[0],[0],[0]],[[{"name":"hair","rect":[0,0,512,512],"offset":[0,0],"originalSize":[512,512],"capInsets":[0,0,0,0]}],[0],0,[0],[0],[1]],[[{"name":"eyebrow","rect":[0,0,512,480],"offset":[0,0],"originalSize":[512,480],"capInsets":[0,0,0,0]}],[0],0,[0],[0],[2]],[[{"name":"nail","rect":[0,0,576,401],"offset":[0,0],"originalSize":[576,401],"capInsets":[0,0,0,0]}],[0],0,[0],[0],[3]],[[[0,"forehead",".mp3",1.056],-1],0,0,[],[],[]],[["0,9729,9729,33071,33071,0,0,1",-1],[1],0,[],[],[]],[[{"name":"teeth","rect":[0,0,512,391],"offset":[0,0],"originalSize":[512,391],"capInsets":[0,0,0,0]}],[0],0,[0],[0],[4]],[["0,9729,9729,33071,33071,0,0,1",-1],[1],0,[],[],[]],[[{"name":"neck","rect":[0,0,498,483],"offset":[0,0],"originalSize":[498,483],"capInsets":[0,0,0,0]}],[0],0,[0],[0],[5]],[["0,9729,9729,33071,33071,0,0,1",-1],[1],0,[],[],[]],[[[0,"cow",".mp3",0.792],-1],0,0,[],[],[]],[[[0,"knee",".mp3",0.744],-1],0,0,[],[],[]],[["0,9729,9729,33071,33071,0,0,1",-1],[1],0,[],[],[]],[["0,9729,9729,33071,33071,0,0,1",-1],[1],0,[],[],[]],[[[0,"color",".mp3",0.84],-1],0,0,[],[],[]],[["0,9729,9729,33071,33071,0,0,1",-1],[1],0,[],[],[]],[[{"name":"fingers","rect":[0,0,512,368],"offset":[0,0],"originalSize":[512,368],"capInsets":[0,0,0,0]}],[0],0,[0],[0],[6]],[["0,9729,9729,33071,33071,0,0,1",-1],[1],0,[],[],[]],[["0,9729,9729,33071,33071,0,0,1",-1],[1],0,[],[],[]],[[{"name":"tongue","rect":[0,0,960,900],"offset":[0,0],"originalSize":[960,900],"capInsets":[0,0,0,0]}],[0],0,[0],[0],[7]],[["0,9729,9729,33071,33071,0,0,1",-1],[1],0,[],[],[]],[[{"name":"face","rect":[0,0,512,425],"offset":[0,0],"originalSize":[512,425],"capInsets":[0,0,0,0]}],[0],0,[0],[0],[8]],[[[0,"face",".mp3",0.888],-1],0,0,[],[],[]],[["0,9729,9729,33071,33071,0,0,1",-1],[1],0,[],[],[]],[[{"name":"knee","rect":[0,0,1534,1096],"offset":[0,0],"originalSize":[1534,1096],"capInsets":[0,0,0,0]}],[0],0,[0],[0],[9]],[[{"name":"mouth","rect":[19,13,459,353],"offset":[-7.5,-6.5],"originalSize":[512,366],"capInsets":[0,0,0,0]}],[0],0,[0],[0],[10]],[["0,9729,9729,33071,33071,0,0,1",-1],[1],0,[],[],[]],[["0,9729,9729,33071,33071,0,0,1",-1],[1],0,[],[],[]],[[{"name":"lips","rect":[0,0,512,341],"offset":[0,0],"originalSize":[512,341],"capInsets":[0,0,0,0]}],[0],0,[0],[0],[11]],[[[0,"teeth",".mp3",0.84],-1],0,0,[],[],[]],[["0,9729,9729,33071,33071,0,0,1",-1],[1],0,[],[],[]],[[[1,"en2410",{"rows":[["openwindow1","1","Description","LEGIT","knee","knee.png","face.png","knee.mp3","abcdefghijklmnopqrstuvwxyz"],["openwindow1","1","Description","LEGIT","eyebrow","eyebrow.png","nail.png","eyebrow.mp3","abcdefghijklmnopqrstuvwxyz"],["openwindow1","1","Description","LEGIT","forehead","forehead.png","neck.png","forehead.mp3","abcdefghijklmnopqrstuvwxyz"],["openwindow1","1","Description","LEGIT","mouth","mouth.png","tongue.png","mouth.mp3","abcdefghijklmnopqrstuvwxyz"],["openwindow1","1","Description","LEGIT","tongue","tongue.png","mom.png","tongue.mp3","abcdefghijklmnopqrstuvwxyz"],["openwindow1","1","Description","LEGIT","teeth","teeth.png","forehead.png","teeth.mp3","abcdefghijklmnopqrstuvwxyz"],["openwindow1","1","Description","LEGIT","face","face.png","knee.png","face.mp3","abcdefghijklmnopqrstuvwxyz"],["openwindow1","1","Description","LEGIT","nail","nail.png","eyebrow.png","color.mp3","abcdefghijklmnopqrstuvwxyz"],["openwindow1","1","Description","LEGIT","neck","neck.png","forehead.png","cow.mp3","abcdefghijklmnopqrstuvwxyz"],["quizliteracy","1","Description","image_word","lips","eyebrow","forehead","lips","lips.png"],["quizliteracy","1","Description","soundonly_image","face.png","face.png","hair.png","fingers.png","","","face.mp3"],["quizliteracy","1","Description","image_word","teeth","neck","teeth","lips","teeth.png"]]}]],0,0,[],[],[]],[[{"name":"forehead","rect":[19,13,312,353],"offset":[-81,-6.5],"originalSize":[512,366],"capInsets":[0,0,0,0]}],[0],0,[0],[0],[12]],[[[0,"tongue",".mp3",0.792],-1],0,0,[],[],[]]]]