[1,["5baaWajBJDDpx/tbHlcw0N","e0jCldTeBP3JrPErr9nx8a","86+CU7zPtER4yjCJQ87rxi","737Ix6QjtLOpBTgMqze4Ta","71gcxbRpZOv6F3hhTIoCTf","0eKqmResJDR6ZGFIGxtoIk","7aUT/rNxxNBZlPJ6JosX0V","bbYqotbn5K1bj2rKB1mIaM"],["_textureSetter"],["cc.SpriteFrame","cc.Texture2D",["cc.AudioClip",["_name","_native","duration"],0],["cc.JsonAsset",["_name","json"],1]],[[2,0,1,2,4],[3,0,1,3]],[[[{"name":"father","rect":[0,0,402,512],"offset":[0,0],"originalSize":[402,512],"capInsets":[0,0,0,0]}],[0],0,[0],[0],[0]],[[{"name":"child","rect":[0,0,427,512],"offset":[0,0],"originalSize":[427,512],"capInsets":[0,0,0,0]}],[0],0,[0],[0],[1]],[["0,9729,9729,33071,33071,0,0,1",-1],[1],0,[],[],[]],[[{"name":"bug","rect":[36,36,846,594],"offset":[0,0],"originalSize":[918,666],"capInsets":[0,0,0,0]}],[0],0,[0],[0],[2]],[[[0,"dad",".mp3",0.600816],-1],0,0,[],[],[]],[[{"name":"duck","rect":[0,0,800,533],"offset":[0,0],"originalSize":[800,533],"capInsets":[0,0,0,0]}],[0],0,[0],[0],[3]],[[[0,"bug",".mp3",0.626939],-1],0,0,[],[],[]],[["0,9729,9729,33071,33071,0,0,1",-1],[1],0,[],[],[]],[[[0,"hen",".mp3",0.600816],-1],0,0,[],[],[]],[["0,9729,9729,33071,33071,0,0,1",-1],[1],0,[],[],[]],[["1,9729,9729,33071,33071,0,0,1",-1],[1],0,[],[],[]],[["0,9729,9729,33071,33071,0,0,1",-1],[1],0,[],[],[]],[["0,9729,9729,33071,33071,0,0,1",-1],[1],0,[],[],[]],[[[0,"sea",".mp3",0.783673],-1],0,0,[],[],[]],[[{"name":"hen","rect":[0,0,512,491],"offset":[0,0],"originalSize":[512,491],"capInsets":[0,0,0,0]}],[0],0,[0],[0],[4]],[[{"name":"cat","rect":[0,0,494,512],"offset":[0,0],"originalSize":[494,512],"capInsets":[0,0,0,0]}],[0],0,[0],[0],[5]],[[[1,"sl_en2000",{"rows":[["writeword","1","Description","sun","sun.png","sun.mp3"],["writeword","1","Description","bug","bug.png","bug.mp3"],["writeword","1","Description","dad","father.png","dad.mp3"],["writeword","1","Description","hen","hen.png","hen.mp3"],["writeword","1","Description","sea","sea.png","sea.mp3"],["writeword","1","Description","kid","child.png","kid.mp3"],["quizliteracy","1","Description","image_word","sun","hen","dad","sun","sun.png"],["quizliteracy","1","Description","soundonly_word","bug","bug","sea","kid","","","bug.mp3"],["quizliteracy","1","Description","soundonly_word","dad","bed","dad","kid","","","dad.mp3"],["quizliteracy","1","Description","soundonly_image","hen.png","cat.png","duck.jpg","hen.png","","","hen.mp3"],["quizliteracy","1","Description","image_word","sea","sea","hen","bug","sea.png"]]}]],0,0,[],[],[]],[["0,9729,9729,33071,33071,0,0,1",-1],[1],0,[],[],[]],[[{"name":"sun","rect":[0,0,500,333],"offset":[0,0],"originalSize":[500,333],"capInsets":[0,0,0,0]}],[0],0,[0],[0],[6]],[[[0,"kid",".mp3",0.653061],-1],0,0,[],[],[]],[["0,9729,9729,33071,33071,0,0,1",-1],[1],0,[],[],[]],[[[0,"sun",".mp3",0.679184],-1],0,0,[],[],[]],[[{"name":"sea","rect":[21,30,358,253],"offset":[0,2],"originalSize":[400,317],"capInsets":[0,0,0,0]}],[0],0,[0],[0],[7]]]]