[1,["84XXtY99FLuZlc/k7vQuz3","45+iIt1ehEV52gq4beRm6E","d7zUgQEbBNE4suGRfbWVRN","b6K1PMv3JPR4VjkbZHFZl8","8b70ejxMRDo6NDVjUL/PMC","43rkuFdwpOxpd+C+j/PYtn","cefDLmiIlIdK1RTWvmvnn0","b5fKDIgoNG4bx/Q1IeIcmI","a9Wp6XEOhNh71h36ORBhFs","80LrnG7YJGVK6TG+E9sDFD","191lou1ptBbK12RYLR0nDX","9bUJObreJDtJHbKZpHTUMm","53a1ECbu1PrrhH5cTrnVAM","56z/pZvjRGXZl0cxCwgoer","c9WxHW449L+Y8eZxUFK7qS","6eKkCqXPFJubov+833yWKg","d3X9J7IshATb61LUWkEVis"],["_textureSetter"],["cc.SpriteFrame","cc.Texture2D",["cc.AudioClip",["_name","_native","duration"],0],["cc.JsonAsset",["_name","json"],1]],[[2,0,1,2,4],[3,0,1,3]],[[[[0,"what_is_this_shape",".mp3",1.48898],-1],0,0,[],[],[]],[[{"name":"matchinggame_rhombus_2_small","rect":[58,41,75,72],"offset":[0.5,-2],"originalSize":[190,150],"capInsets":[0,0,0,0]}],[0],0,[0],[0],[0]],[[{"name":"matchinggame_rhombus_2_large","rect":[23,3,144,144],"offset":[0,0],"originalSize":[190,150],"capInsets":[0,0,0,0]}],[0],0,[0],[0],[1]],[[{"name":"matchinggame_hexagon_2_small","rect":[56,44,77,71],"offset":[-0.5,-4.5],"originalSize":[190,150],"capInsets":[0,0,0,0]}],[0],0,[0],[0],[2]],[[{"name":"matchinggame_parallelogram_2_medium","rect":[26,47,134,62],"offset":[-2,-3],"originalSize":[190,150],"capInsets":[0,0,0,0]}],[0],0,[0],[0],[3]],[["0,9729,9729,33071,33071,0,0,1",-1],[1],0,[],[],[]],[[[1,"sl_maths1411",{"rows":[["shapepair","1","Description","image","image","matchinggame_hexagon_1_large.png","matchinggame_hexagon_2_medium.png","hexagon.mp3","matchinggame_parallelogram_1_large.png","matchinggame_parallelogram_2_medium.png","parallelogram.mp3","matchinggame_rhombus_1_large.png","matchinggame_rhombus_2_medium.png","rhombus.mp3","matchinggame_oval_1_large.png","matchinggame_oval_2_medium.png","oval.mp3"],["shapepair","1","Description","image","image","matchinggame_hexagon_2_large.png","matchinggame_hexagon_2_small.png","hexagon.mp3","matchinggame_parallelogram_2_large.png","matchinggame_parallelogram_2_small.png","parallelogram.mp3","matchinggame_rhombus_2_large.png","matchinggame_rhombus_2_small.png","rhombus.mp3","matchinggame_oval_2_large.png","matchinggame_oval_2_small.png","oval.mp3"],["shapepair","1","Description","image","image","matchinggame_rhombus_1_large.png","matchinggame_rhombus_2_medium.png","rhombus.mp3","matchinggame_parallelogram_1_large.png","matchinggame_parallelogram_2_medium.png","parallelogram.mp3","matchinggame_hexagon_1_large.png","matchinggame_hexagon_1_large.png","hexagon.mp3","matchinggame_oval_1_medium.png","matchinggame_oval_2_medium.png","oval.mp3"],["quizmaths","1","Description","shapes","trapezoid","pentagon","hexagon","parallelogram","trapezoid","which","which_is_a_trapezoid.mp3","Which is a trapezoid?"],["quizmaths","1","Description","shapes","pentagon","hexagon","parallelogram","trapezoid","pentagon","what","what_is_this_shape.mp3","What is this shape?"],["quizmaths","1","Description","shapes","circle","square","triangle","rectangle","circle","what","what_is_this_shape.mp3","What is this shape?"]]}]],0,0,[],[],[]],[[{"name":"matchinggame_parallelogram_1_large","rect":[6,34,178,84],"offset":[0,-1],"originalSize":[190,150],"capInsets":[0,0,0,0]}],[0],0,[0],[0],[4]],[[[0,"which_is_a_trapezoid",".mp3",2.037551],-1],0,0,[],[],[]],[["0,9729,9729,33071,33071,0,0,1",-1],[1],0,[],[],[]],[["0,9729,9729,33071,33071,0,0,1",-1],[1],0,[],[],[]],[["0,9729,9729,33071,33071,0,0,1",-1],[1],0,[],[],[]],[["0,9729,9729,33071,33071,0,0,1",-1],[1],0,[],[],[]],[[[0,"rhombus",".mp3",1.044898],-1],0,0,[],[],[]],[["0,9729,9729,33071,33071,0,0,1",-1],[1],0,[],[],[]],[[[0,"parallelogram",".mp3",1.201633],-1],0,0,[],[],[]],[[{"name":"matchinggame_hexagon_1_large","rect":[13,4,164,143],"offset":[0,-0.5],"originalSize":[190,150],"capInsets":[0,0,0,0]}],[0],0,[0],[0],[5]],[[{"name":"matchinggame_oval_1_medium","rect":[55,22,80,106],"offset":[0,0],"originalSize":[190,150],"capInsets":[0,0,0,0]}],[0],0,[0],[0],[6]],[[{"name":"matchinggame_oval_2_small","rect":[66,39,59,72],"offset":[0.5,0],"originalSize":[190,150],"capInsets":[0,0,0,0]}],[0],0,[0],[0],[7]],[["0,9729,9729,33071,33071,0,0,1",-1],[1],0,[],[],[]],[[{"name":"matchinggame_parallelogram_2_large","rect":[5,34,180,84],"offset":[0,-1],"originalSize":[190,150],"capInsets":[0,0,0,0]}],[0],0,[0],[0],[8]],[["0,9729,9729,33071,33071,0,0,1",-1],[1],0,[],[],[]],[["0,9729,9729,33071,33071,0,0,1",-1],[1],0,[],[],[]],[["0,9729,9729,33071,33071,0,0,1",-1],[1],0,[],[],[]],[[{"name":"matchinggame_rhombus_1_large","rect":[24,4,142,142],"offset":[0,0],"originalSize":[190,150],"capInsets":[0,0,0,0]}],[0],0,[0],[0],[9]],[[{"name":"matchinggame_parallelogram_2_small","rect":[42,52,104,52],"offset":[-1,-3],"originalSize":[190,150],"capInsets":[0,0,0,0]}],[0],0,[0],[0],[10]],[["0,9729,9729,33071,33071,0,0,1",-1],[1],0,[],[],[]],[[{"name":"matchinggame_hexagon_2_medium","rect":[36,28,117,102],"offset":[-0.5,-4],"originalSize":[190,150],"capInsets":[0,0,0,0]}],[0],0,[0],[0],[11]],[[{"name":"matchinggame_rhombus_2_medium","rect":[36,18,119,118],"offset":[0.5,-2],"originalSize":[190,150],"capInsets":[0,0,0,0]}],[0],0,[0],[0],[12]],[["0,9729,9729,33071,33071,0,0,1",-1],[1],0,[],[],[]],[["0,9729,9729,33071,33071,0,0,1",-1],[1],0,[],[],[]],[[[0,"hexagon",".mp3",0.888163],-1],0,0,[],[],[]],[[{"name":"matchinggame_oval_2_medium","rect":[54,22,82,106],"offset":[0,0],"originalSize":[190,150],"capInsets":[0,0,0,0]}],[0],0,[0],[0],[13]],[[{"name":"matchinggame_oval_1_large","rect":[40,4,110,143],"offset":[0,-0.5],"originalSize":[190,150],"capInsets":[0,0,0,0]}],[0],0,[0],[0],[14]],[[[0,"oval",".mp3",0.835918],-1],0,0,[],[],[]],[["0,9729,9729,33071,33071,0,0,1",-1],[1],0,[],[],[]],[["0,9729,9729,33071,33071,0,0,1",-1],[1],0,[],[],[]],[["0,9729,9729,33071,33071,0,0,1",-1],[1],0,[],[],[]],[["0,9729,9729,33071,33071,0,0,1",-1],[1],0,[],[],[]],[[{"name":"matchinggame_hexagon_2_large","rect":[16,7,158,137],"offset":[0,-0.5],"originalSize":[190,150],"capInsets":[0,0,0,0]}],[0],0,[0],[0],[15]],[[{"name":"matchinggame_oval_2_large","rect":[40,3,110,145],"offset":[0,-0.5],"originalSize":[190,150],"capInsets":[0,0,0,0]}],[0],0,[0],[0],[16]]]]