[1,["f4PqIertJPLbL134ldrwIk","b7zBHfurFG3IP3rfBauI0z"],["_textureSetter"],["cc.SpriteFrame","cc.Texture2D",["cc.AudioClip",["_name","_native","duration"],0],["cc.JsonAsset",["_name","json"],1]],[[2,0,1,2,4],[3,0,1,3]],[[[[0,"गीत",".mp3",0.940408],-1],0,0,[],[],[]],[[{"name":"coldice","rect":[0,0,640,427],"offset":[0,0],"originalSize":[640,427],"capInsets":[0,0,0,0]}],[0],0,[0],[0],[0]],[[[0,"बर्फ थंड आहे",".mp3",1.933061],-1],0,0,[],[],[]],[[[0,"थं",".mp3",0.888163],-1],0,0,[],[],[]],[[[0,"रंगीत",".mp3",0.888163],-1],0,0,[],[],[]],[[[0,"ड",".mp3",0.914286],-1],0,0,[],[],[]],[[{"name":"Colourful_shirt","rect":[5,49,589,501],"offset":[-0.5,0.5],"originalSize":[600,600],"capInsets":[0,0,0,0]}],[0],0,[0],[0],[1]],[[[1,"mr3902",{"rows":[["phonictractor","1","Description","5","बर्फ","बर्फ.mp3","ब","ब.mp3","र्फ","र्फ.mp3"],["phonictractor","1","Description","5","थंड","थंड.mp3","थं","थं.mp3","ड","ड.mp3"],["createsentence","1","Description","बर्फ/कसा/आहे?","","coldice.png","बर्फ_कसा_आहे.mp3"],["createsentence","1","Description","बर्फ/थंड/आहे","","coldice.png","बर्फ थंड आहे.mp3"],["createsentence","1","Description","थंड/काय/आहे?","","coldice.png","थंड काय आहे.mp3"],["createsentence","1","Description","बर्फ/थंड/आहे","","coldice.png","बर्फ थंड आहे.mp3"],["phonictractor","1","Description","5","शर्ट","शर्ट.mp3","श","श.mp3","र्ट","र्ट.mp3"],["phonictractor","1","Description","5","रंगीत","रंगीत.mp3","रं","रं.mp3","गीत","गीत.mp3"],["createsentence","1","Description","शर्ट/कसा/आहे?","","Colourful_shirt.png","शर्ट कसा आहे.mp3"],["createsentence","1","Description","शर्ट/रंगीत/आहे","","Colourful_shirt.png","शर्ट_रंगीत_आहे.mp3"],["createsentence","1","Description","रंगीत/काय/आहे?","","Colourful_shirt.png","रंगीत-काय_आहे.mp3"],["createsentence","1","Description","शर्ट/रंगीत/आहे.","","Colourful_shirt.png","शर्ट_रंगीत_आहे.mp3"],["quizliteracy","1","Description","sentence_sentence","कसा","बर्फ","कसा","रंगीत","","बर्फ ___ आहे?","बर्फ_कसा_आहे.mp3"],["quizliteracy","1","Description","sentence_sentence","बर्फ","कसा","रंगीत","बर्फ","","___ थंड आहे","बर्फ_थंड_आहे.mp3"],["quizliteracy","1","Description","sentence_sentence","रंगीत","रंगीत","बर्फ","कसा","","शर्ट ____ आहे.","शर्ट_रंगीत_आहे.mp3"]]}]],0,0,[],[],[]],[[[0,"शर्ट",".mp3",1.306122],-1],0,0,[],[],[]],[[[0,"श",".mp3",0.809796],-1],0,0,[],[],[]],[[[0,"र्ट",".mp3",1.097143],-1],0,0,[],[],[]],[[[0,"ब",".mp3",0.783673],-1],0,0,[],[],[]],[[[0,"शर्ट_रंगीत_आहे",".mp3",2.298776],-1],0,0,[],[],[]],[[[0,"बर्फ_थंड_आहे",".mp3",1.959184],-1],0,0,[],[],[]],[[[0,"शर्ट कसा आहे",".mp3",2.063673],-1],0,0,[],[],[]],[["0,9729,9729,33071,33071,0,0,1",-1],[1],0,[],[],[]],[[[0,"थंड",".mp3",1.17551],-1],0,0,[],[],[]],[[[0,"रं",".mp3",0.731429],-1],0,0,[],[],[]],[[[0,"बर्फ_कसा_आहे",".mp3",1.854694],-1],0,0,[],[],[]],[[[0,"रंगीत-काय_आहे",".mp3",1.854694],-1],0,0,[],[],[]],[[[0,"र्फ",".mp3",1.17551],-1],0,0,[],[],[]],[[[0,"बर्फ",".mp3",1.018776],-1],0,0,[],[],[]],[["0,9729,9729,33071,33071,0,0,1",-1],[1],0,[],[],[]],[[[0,"थंड काय आहे",".mp3",1.985306],-1],0,0,[],[],[]]]]