[1,["7fbOrfa8BG36pcTa1rTuUO","92UdtWAXBDKIJ91b2kucM1","53R7aQwshFzYIv4AN3frfg","62iv+X1T9H0b0p3imA6o7I","2fEOtf3PZA35wQpKyHReUf","53BzC66AdItoFPw3dKWkSM","bfjIomAo1EeJobx/YVXrO3","23JRwiFblK1aMrGsjhkpcA","3e3YleItdJvrpsdzaRNNnR","99u7eje3lBa63yYLkEvXA0","faBQTpNBlKKKuBjhwS3We3"],["_textureSetter"],["cc.SpriteFrame","cc.Texture2D",["cc.AudioClip",["_name","_native","duration"],0],["cc.JsonAsset",["_name","json"],1]],[[2,0,1,2,4],[3,0,1,3]],[[[{"name":"Blue_taller","rect":[0,0,512,307],"offset":[0,0],"originalSize":[512,307],"capInsets":[0,0,0,0]}],[0],0,[0],[0],[0]],[[[0,"The_orange_ribbon_is_longer",".mp3",3.056327],-1],0,0,[],[],[]],[[[0,"The_branch_at_the_top_is_longer",".mp3",3.395918],-1],0,0,[],[],[]],[[[0,"The_branch_at_bottom_is_shorter",".mp3",2.951837],-1],0,0,[],[],[]],[[{"name":"top_longer","rect":[0,0,512,396],"offset":[0,0],"originalSize":[512,396],"capInsets":[0,0,0,0]}],[0],0,[0],[0],[1]],[[[0,"The_branch_at_the_bottom_is_shorter",".mp3",2.194286],-1],0,0,[],[],[]],[[{"name":"red_ladder","rect":[0,0,512,371],"offset":[0,0],"originalSize":[512,371],"capInsets":[0,0,0,0]}],[0],0,[0],[0],[2]],[[[0,"The_red_ladder_is_taller",".mp3",2.168163],-1],0,0,[],[],[]],[["0,9729,9729,33071,33071,0,0,1",-1],[1],0,[],[],[]],[[[0,"The_blue_pencil_is_shorter",".mp3",2.272653],-1],0,0,[],[],[]],[["0,9729,9729,33071,33071,0,0,1",-1],[1],0,[],[],[]],[[[0,"The_man_is_taller_than_the_boy",".mp3",2.063673],-1],0,0,[],[],[]],[[[0,"The_blue_ribbon_is_shorter_of_the_two",".mp3",2.925714],-1],0,0,[],[],[]],[[[0,"The_blue_ladder_is_shorter",".mp3",2.56],-1],0,0,[],[],[]],[[[0,"The_blue_ribbon_is_shorter",".mp3",1.776327],-1],0,0,[],[],[]],[[[0,"The_orange_caterpillar_is_longer",".mp3",3.004082],-1],0,0,[],[],[]],[["0,9729,9729,33071,33071,0,0,1",-1],[1],0,[],[],[]],[[{"name":"green_caterpillar","rect":[0,0,512,371],"offset":[0,0],"originalSize":[512,371],"capInsets":[0,0,0,0]}],[0],0,[0],[0],[3]],[[{"name":"man_taller","rect":[0,0,503,512],"offset":[0,0],"originalSize":[503,512],"capInsets":[0,0,0,0]}],[0],0,[0],[0],[4]],[[{"name":"brown_rope","rect":[0,0,512,371],"offset":[0,0],"originalSize":[512,371],"capInsets":[0,0,0,0]}],[0],0,[0],[0],[5]],[["0,9729,9729,33071,33071,0,0,1",-1],[1],0,[],[],[]],[["0,9729,9729,33071,33071,0,0,1",-1],[1],0,[],[],[]],[[[0,"The_bottle_is_taller_than_the_can",".mp3",2.35102],-1],0,0,[],[],[]],[[{"name":"blue_pencil","rect":[0,0,1084,492],"offset":[0,0],"originalSize":[1084,492],"capInsets":[0,0,0,0]}],[0],0,[0],[0],[6]],[[[0,"The_coconut_tree_is_taller",".mp3",2.037551],-1],0,0,[],[],[]],[[[1,"sl_en3812",{"rows":[["picturemeaning","1","Description","S","The man is taller than the boy.","man_taller.png","The_man_is_taller_than_the_boy.mp3","The blue ladder is shorter.","red_ladder.png","The_blue_ladder_is_shorter.mp3","The orange ribbon is longer.","ribbons.png","The_orange_ribbon_is_longer.mp3"],["picturemeaning","1","Description","S","The red ladder is taller.","red_ladder.png","The_red_ladder_is_taller.mp3","The boy is shorter than the man.","man_taller.png","The_boy_is_shorter_than_the_man.mp3","The blue ribbon is shorter of the two.","ribbons.png","The_blue_ribbon_is_shorter_of_the_two.mp3"],["picturemeaning","1","Description","S","The blue ribbon is shorter.","ribbons.png","The_blue_ribbon_is_shorter.mp3","The can is shorter than the bottle.","taller_bottle.png","The_can_is_shorter_than_the_bottle.mp3","The branch at the top is longer.","top_longer.png","The_branch_at_the_top_is_longer.mp3"],["picturemeaning","1","Description","S","The bottle is taller than the can.","taller_bottle.png","The_bottle_is_taller_than_the_can.mp3","The red ladder is taller.","red_ladder.png","The_red_ladder_is_taller.mp3","The coconut tree is taller.","coconut_papaya.png","The_coconut_tree_is_taller.mp3"],["picturemeaning","1","Description","S","The branch at bottom is shorter.","top_longer.png","The_branch_at_bottom_is_shorter.mp3","The green caterpillar is shorter.","green_caterpillar.png","The_green_caterpillar_is_shorter.mp3","The blue pencil is shorter.","blue_pencil.png","The_blue_pencil_is_shorter.mp3"],["picturemeaning","1","Description","S","The orange caterpillar is longer.","green_caterpillar.png","The_orange_caterpillar_is_longer.mp3","The man is taller than the boy.","man_taller.png","The_man_is_taller_than_the_boy.mp3","The green rope is shorter.","brown_rope.png","The_green_rope_is_shorter.mp3"],["picturemeaning","1","Description","S","The red pencil is longer.","blue_pencil.png","The_red_pencil_is_longer.mp3","The red ladder is taller.","red_ladder.png","The_red_ladder_is_taller.mp3","The branch at the bottom is shorter.","top_longer.png","The_branch_at_the_bottom_is_shorter.mp3"],["quizliteracy","1","Description","image_sentence","The man is taller than the boy.","The man is taller than the boy.","The red ladder is taller.","The orange caterpillar is longer.","man_taller.png","","The_man_is_taller_than_the_boy.mp3"],["quizliteracy","1","Description","image_sentence","The bottle is taller than the can.","The orange caterpillar is longer.","The bottle is taller than the can.","The red ladder is taller.","taller_bottle.png","","The_bottle_is_taller_than_the_can.mp3"],["quizliteracy","1","Description","image_sentence","The red pencil is longer.","The branch at bottom is shorter.","The blue glass is taller than the red glass.","The red pencil is longer.","blue_pencil.png","","The_red_pencil_is_longer.mp3"]]}]],0,0,[],[],[]],[["0,9729,9729,33071,33071,0,0,1",-1],[1],0,[],[],[]],[[{"name":"taller_bottle","rect":[0,0,458,512],"offset":[0,0],"originalSize":[458,512],"capInsets":[0,0,0,0]}],[0],0,[0],[0],[7]],[[{"name":"coconut_papaya","rect":[0,0,512,481],"offset":[0,0],"originalSize":[512,481],"capInsets":[0,0,0,0]}],[0],0,[0],[0],[8]],[["0,9729,9729,33071,33071,0,0,1",-1],[1],0,[],[],[]],[["0,9729,9729,33071,33071,0,0,1",-1],[1],0,[],[],[]],[["0,9729,9729,33071,33071,0,0,1",-1],[1],0,[],[],[]],[[[0,"The_can_is_shorter_than_the_bottle",".mp3",2.481633],-1],0,0,[],[],[]],[[[0,"The_green_caterpillar_is_shorter",".mp3",2.089796],-1],0,0,[],[],[]],[[{"name":"boy_taller","rect":[0,0,512,505],"offset":[0,0],"originalSize":[512,505],"capInsets":[0,0,0,0]}],[0],0,[0],[0],[9]],[[[0,"The_blue_pencil_is_short",".mp3",2.533878],-1],0,0,[],[],[]],[["0,9729,9729,33071,33071,0,0,1",-1],[1],0,[],[],[]],[[[0,"The_red_pencil_is_longer",".mp3",1.880816],-1],0,0,[],[],[]],[[[0,"The_boy_is_shorter_than_the_man",".mp3",2.742857],-1],0,0,[],[],[]],[[{"name":"ribbons","rect":[0,0,512,231],"offset":[0,0],"originalSize":[512,231],"capInsets":[0,0,0,0]}],[0],0,[0],[0],[10]],[[[0,"The_green_rope_is_shorter",".mp3",1.880816],-1],0,0,[],[],[]],[["0,9729,9729,33071,33071,0,0,1",-1],[1],0,[],[],[]]]]