[1,["32ccUopoZLbbCudrkqm1T8","8ft2zzqj9Lq6P60Im7Rhrq","62DKYfcfFLPblsRroUPXEJ","d65YwdH/dDHZleE0+GjUbu","180IyvLuNJQ6Cj9ml+chyh","bfs0dQ5AZPQ4hU/l4AtoU+","02i+R4elpOa7/qS9qNjIRB","3dKgMePqhDoIs7CIqucOP0","76YYJlJmpBMIXZOglv0tea","ab7tFBGKBCcLn757DQi8a8","e0fjtjmUhJQJKXA7bFDqwu","abLV4CQh9Ma7ZD2I3eq2H2","1961hazv9JGrxM/zQ9UH3l","14TUlVMPdBOLddPMlswn4u","78QlEmukNOD4u3ihZoAjwj","54EjMHtUtAPpHk/RF3cFb0"],["_textureSetter"],["cc.Texture2D","cc.SpriteFrame",["cc.JsonAsset",["_name","json"],1]],[[2,0,1,3]],[[["0,9729,9729,33071,33071,0,0,1",-1],[0],0,[],[],[]],[[{"name":"1_object_blue","rect":[115,75,105,192],"offset":[-14.5,11],"originalSize":[364,364],"capInsets":[0,0,0,0]}],[1],0,[0],[0],[0]],[[{"name":"stick5_piece","rect":[64,61,258,285],"offset":[4,-3.5],"originalSize":[378,400],"capInsets":[0,0,0,0]}],[1],0,[0],[0],[1]],[["0,9729,9729,33071,33071,0,0,1",-1],[0],0,[],[],[]],[["0,9729,9729,33071,33071,0,0,1",-1],[0],0,[],[],[]],[["0,9729,9729,33071,33071,0,0,1",-1],[0],0,[],[],[]],[["0,9729,9729,33071,33071,0,0,1",-1],[0],0,[],[],[]],[["0,9729,9729,33071,33071,0,0,1",-1],[0],0,[],[],[]],[["0,9729,9729,33071,33071,0,0,1",-1],[0],0,[],[],[]],[["0,9729,9729,33071,33071,0,0,1",-1],[0],0,[],[],[]],[[{"name":"6_object_blue","rect":[107,74,134,194],"offset":[-8,11],"originalSize":[364,364],"capInsets":[0,0,0,0]}],[1],0,[0],[0],[2]],[["0,9729,9729,33071,33071,0,0,1",-1],[0],0,[],[],[]],[["0,9729,9729,33071,33071,0,0,1",-1],[0],0,[],[],[]],[[{"name":"woodblock_3","rect":[61,148,257,94],"offset":[0.5,0],"originalSize":[378,390],"capInsets":[0,0,0,0]}],[1],0,[0],[0],[3]],[[{"name":"stick2_piece","rect":[52,64,239,257],"offset":[-17.5,7.5],"originalSize":[378,400],"capInsets":[0,0,0,0]}],[1],0,[0],[0],[4]],[[[0,"puzzle0014",{"rows":[["matchbox","1","Description","8.0","stick5_set.png","stick4_set.png","stick2_set.png","stick1_set.png","stick5_piece.png","stick4_piece.png","stick2_piece.png","stick1_piece.png"],["matchbox","1","Description","8.0","woodblock_6.png","woodblock_4.png","woodblock_3.png","woodblock_1.png","6_object_blue.png","4_object_blue.png","3_object_blue.png","1_object_blue.png"]]}]],0,0,[],[],[]],[["0,9729,9729,33071,33071,0,0,1",-1],[0],0,[],[],[]],[[{"name":"3_object_blue","rect":[111,75,123,191],"offset":[-9.5,11.5],"originalSize":[364,364],"capInsets":[0,0,0,0]}],[1],0,[0],[0],[5]],[[{"name":"stick1_piece","rect":[74,65,215,271],"offset":[-7.5,-0.5],"originalSize":[378,400],"capInsets":[0,0,0,0]}],[1],0,[0],[0],[6]],[[{"name":"stick5_set","rect":[40,28,299,287],"offset":[0.5,28.5],"originalSize":[378,400],"capInsets":[0,0,0,0]}],[1],0,[0],[0],[7]],[[{"name":"stick4_piece","rect":[71,61,225,262],"offset":[-5.5,8],"originalSize":[378,400],"capInsets":[0,0,0,0]}],[1],0,[0],[0],[8]],[[{"name":"woodblock_4","rect":[99,112,181,167],"offset":[0.5,-0.5],"originalSize":[378,390],"capInsets":[0,0,0,0]}],[1],0,[0],[0],[9]],[[{"name":"woodblock_1","rect":[137,148,105,94],"offset":[0.5,0],"originalSize":[378,390],"capInsets":[0,0,0,0]}],[1],0,[0],[0],[10]],[["0,9729,9729,33071,33071,0,0,1",-1],[0],0,[],[],[]],[["0,9729,9729,33071,33071,0,0,1",-1],[0],0,[],[],[]],[[{"name":"4_object_blue","rect":[100,76,147,189],"offset":[-8.5,11.5],"originalSize":[364,364],"capInsets":[0,0,0,0]}],[1],0,[0],[0],[11]],[["0,9729,9729,33071,33071,0,0,1",-1],[0],0,[],[],[]],[["0,9729,9729,33071,33071,0,0,1",-1],[0],0,[],[],[]],[[{"name":"woodblock_6","rect":[61,100,257,191],"offset":[0.5,-0.5],"originalSize":[378,390],"capInsets":[0,0,0,0]}],[1],0,[0],[0],[12]],[["0,9729,9729,33071,33071,0,0,1",-1],[0],0,[],[],[]],[[{"name":"stick4_set","rect":[50,24,272,291],"offset":[-3,30.5],"originalSize":[378,400],"capInsets":[0,0,0,0]}],[1],0,[0],[0],[13]],[[{"name":"stick2_set","rect":[50,62,254,253],"offset":[-12,11.5],"originalSize":[378,400],"capInsets":[0,0,0,0]}],[1],0,[0],[0],[14]],[[{"name":"stick1_set","rect":[53,70,272,260],"offset":[0,0],"originalSize":[378,400],"capInsets":[0,0,0,0]}],[1],0,[0],[0],[15]]]]