[1,["b16VpqgaBLg6/c4K9xa7xg","7fVnFTKqFOE6CRK9vLiaoT","d9R+LTk/dPpY9BDa+7z6UF","856bXObpVEV5MbHwCfjC4W","77In8/9KpKgazwA4kgdD1v","1eoJbrW+ZLsIH0tpGlieJE","c04k/oAgpLXpZqO65sPZhf","4eq7U2vuxB/L4g1nNOjAlK","63wc8eQzVPxbdY5zmFX0dM","afk7EAyBlG8LZmUZ0E+zl6","5cjxdxgSJOK4KTePJTjJ8O","25FxazCcNNP4suYHHSW2c2","2dXKNhmzZGb79R7TEWeASq","4cNZ0tZR5AAJ9Vx3jDZV/x","af4vM6LQxB06+vdjW0HamC","15bzlZ0/pFrYtF/WVND5aU","24+Ojz+dZAHL0Nq5qfhkNY","23ViG8LplOn4p46mb/0bOE","80ilo9Gq5KyouETYnzsRHk","57N6NhKEREGqWMIfDqNDDB","fdV+axvZFNabhoW2/qbdrb","47pI0frt5ForAgVIhtxDmj","0ei7cUHxBAeqK/0xB7WIrw","e1QnuFguFHq6uKlw7QD8zv","39mTf0WpJFtL5WzWJSE9u7","bciWHBzNlHU5N33TLi6zEP"],["_textureSetter"],["cc.SpriteFrame","cc.Texture2D",["cc.JsonAsset",["_name","json"],1]],[[2,0,1,3]],[[[{"name":"school_day","rect":[0,0,378,252],"offset":[0,0],"originalSize":[378,252],"capInsets":[0,0,0,0]}],[0],0,[0],[0],[0]],[[{"name":"8digital","rect":[0,0,378,227],"offset":[0,0],"originalSize":[378,227],"capInsets":[0,0,0,0]}],[0],0,[0],[0],[1]],[["0,9729,9729,33071,33071,0,0,1",-1],[1],0,[],[],[]],[[{"name":"afternoon","rect":[0,0,378,250],"offset":[0,0],"originalSize":[378,250],"capInsets":[0,0,0,0]}],[0],0,[0],[0],[2]],[["0,9729,9729,33071,33071,0,0,1",-1],[1],0,[],[],[]],[["0,9729,9729,33071,33071,0,0,1",-1],[1],0,[],[],[]],[[{"name":"park_evening","rect":[0,0,378,212],"offset":[0,0],"originalSize":[378,212],"capInsets":[0,0,0,0]}],[0],0,[0],[0],[3]],[["0,9729,9729,33071,33071,0,0,1",-1],[1],0,[],[],[]],[["0,9729,9729,33071,33071,0,0,1",-1],[1],0,[],[],[]],[["0,9729,9729,33071,33071,0,0,1",-1],[1],0,[],[],[]],[["0,9729,9729,33071,33071,0,0,1",-1],[1],0,[],[],[]],[[{"name":"11oclock","rect":[1,5,598,595],"offset":[0,-2.5],"originalSize":[600,600],"capInsets":[0,0,0,0]}],[0],0,[0],[0],[4]],[["0,9729,9729,33071,33071,0,0,1",-1],[1],0,[],[],[]],[[{"name":"10oclock","rect":[0,0,225,225],"offset":[0,0],"originalSize":[225,225],"capInsets":[0,0,0,0]}],[0],0,[0],[0],[5]],[["0,9729,9729,33071,33071,0,0,1",-1],[1],0,[],[],[]],[["0,9729,9729,33071,33071,0,0,1",-1],[1],0,[],[],[]],[[{"name":"8oclock","rect":[0,0,225,225],"offset":[0,0],"originalSize":[225,225],"capInsets":[0,0,0,0]}],[0],0,[0],[0],[6]],[[{"name":"8 am","rect":[0,0,375,252],"offset":[0,0],"originalSize":[375,252],"capInsets":[0,0,0,0]}],[0],0,[0],[0],[7]],[["0,9729,9729,33071,33071,0,0,1",-1],[1],0,[],[],[]],[["0,9729,9729,33071,33071,0,0,1",-1],[1],0,[],[],[]],[[{"name":"9oclock","rect":[0,0,225,225],"offset":[0,0],"originalSize":[225,225],"capInsets":[0,0,0,0]}],[0],0,[0],[0],[8]],[[{"name":"2oclock","rect":[1,3,376,375],"offset":[0,-1.5],"originalSize":[378,378],"capInsets":[0,0,0,0]}],[0],0,[0],[0],[9]],[["0,9729,9729,33071,33071,0,0,1",-1],[1],0,[],[],[]],[[{"name":"3digital","rect":[0,0,378,213],"offset":[0,0],"originalSize":[378,213],"capInsets":[0,0,0,0]}],[0],0,[0],[0],[10]],[[[0,"en3403",{"rows":[["matchbox","1","Description","8","10oclock.png","2oclock.png","6oclock.png","9oclock.png","10oclock.png","2oclock.png","6oclock.png","9oclock.png"],["matchbox","1","Description","8","7oclock.png","1oclcok.png","2oclock.png","5oclock.png","wake_up.png","lunch.png","school_day.png","park_evening.png"],["matchbox","1","Description","8","8oclock.png","3oclcok.png","10oclock.png","5oclock.png","8digital.png","3digital.png","10digital.png","5digital.png"],["matchbox","1","Description","8","8 am.png","1 pm .png","6 pm .png","10 pm.png","morning.png","afternoon.png","evening.png","night.png"],["quizliteracy","1","Description","image_word","11 O'clock","10 O'clock","11 O'clock","2 O'clock","11oclock.png"],["quizliteracy","1","Description","image_word","3 O' clock","4 O'clock","10 O'clock","3 O' clock","3oclcok.png"],["quizliteracy","1","Description","image_word","9 O'clock","9 O'clock","11 O'clock","10 O'clock","9oclock.png"]]}]],0,0,[],[],[]],[["0,9729,9729,33071,33071,0,0,1",-1],[1],0,[],[],[]],[[{"name":"3oclcok","rect":[0,0,222,227],"offset":[0,0],"originalSize":[222,227],"capInsets":[0,0,0,0]}],[0],0,[0],[0],[11]],[["0,9729,9729,33071,33071,0,0,1",-1],[1],0,[],[],[]],[[{"name":"5oclock","rect":[21,21,338,338],"offset":[1,-1],"originalSize":[378,378],"capInsets":[0,0,0,0]}],[0],0,[0],[0],[12]],[[{"name":"5digital","rect":[17,16,339,369],"offset":[-1,-6],"originalSize":[375,389],"capInsets":[0,0,0,0]}],[0],0,[0],[0],[13]],[["0,9729,9729,33071,33071,0,0,1",-1],[1],0,[],[],[]],[["0,9729,9729,33071,33071,0,0,1",-1],[1],0,[],[],[]],[[{"name":"10 pm","rect":[0,0,375,252],"offset":[0,0],"originalSize":[375,252],"capInsets":[0,0,0,0]}],[0],0,[0],[0],[14]],[["0,9729,9729,33071,33071,0,0,1",-1],[1],0,[],[],[]],[[{"name":"evening","rect":[0,0,299,169],"offset":[0,0],"originalSize":[299,169],"capInsets":[0,0,0,0]}],[0],0,[0],[0],[15]],[[{"name":"wake_up","rect":[0,0,378,270],"offset":[0,0],"originalSize":[378,270],"capInsets":[0,0,0,0]}],[0],0,[0],[0],[16]],[[{"name":"7oclock","rect":[1,3,376,375],"offset":[0,-1.5],"originalSize":[378,378],"capInsets":[0,0,0,0]}],[0],0,[0],[0],[17]],[[{"name":"6oclock","rect":[0,0,225,225],"offset":[0,0],"originalSize":[225,225],"capInsets":[0,0,0,0]}],[0],0,[0],[0],[18]],[["0,9729,9729,33071,33071,0,0,1",-1],[1],0,[],[],[]],[["0,9729,9729,33071,33071,0,0,1",-1],[1],0,[],[],[]],[[{"name":"morning","rect":[0,0,378,243],"offset":[0,0],"originalSize":[378,243],"capInsets":[0,0,0,0]}],[0],0,[0],[0],[19]],[["0,9729,9729,33071,33071,0,0,1",-1],[1],0,[],[],[]],[["0,9729,9729,33071,33071,0,0,1",-1],[1],0,[],[],[]],[["0,9729,9729,33071,33071,0,0,1",-1],[1],0,[],[],[]],[[{"name":"1oclcok","rect":[0,0,378,378],"offset":[0,0],"originalSize":[378,378],"capInsets":[0,0,0,0]}],[0],0,[0],[0],[20]],[[{"name":"6 pm ","rect":[0,0,375,252],"offset":[0,0],"originalSize":[375,252],"capInsets":[0,0,0,0]}],[0],0,[0],[0],[21]],[[{"name":"1 pm ","rect":[0,0,375,252],"offset":[0,0],"originalSize":[375,252],"capInsets":[0,0,0,0]}],[0],0,[0],[0],[22]],[["0,9729,9729,33071,33071,0,0,1",-1],[1],0,[],[],[]],[[{"name":"lunch","rect":[0,0,378,252],"offset":[0,0],"originalSize":[378,252],"capInsets":[0,0,0,0]}],[0],0,[0],[0],[23]],[["0,9729,9729,33071,33071,0,0,1",-1],[1],0,[],[],[]],[[{"name":"night","rect":[0,0,378,252],"offset":[0,0],"originalSize":[378,252],"capInsets":[0,0,0,0]}],[0],0,[0],[0],[24]],[[{"name":"10digital","rect":[0,0,378,213],"offset":[0,0],"originalSize":[378,213],"capInsets":[0,0,0,0]}],[0],0,[0],[0],[25]],[["0,9729,9729,33071,33071,0,0,1",-1],[1],0,[],[],[]]]]