[1,["3eQvblWdBIFaedqJdokrhu","5ey3lB0s1NI6gHz5DEg/a8","b0m7i4IMBOcqALxThs+E4s","43UM7008JCxIFf+G89YsA9","baqpyKZbVKa6A+2sbegxii","84MmacQyZL/qWT8qwRlFWG","10Ty1z9TBCvYOqvc3f350q","42QlFHMJ5K3agfi+2iFYpo"],["_textureSetter"],["cc.Texture2D","cc.SpriteFrame",["cc.AudioClip",["_name","_native","duration"],0],["cc.JsonAsset",["_name","json"],1]],[[2,0,1,2,4],[3,0,1,3]],[[["0,9729,9729,33071,33071,0,0,1",-1],[0],0,[],[],[]],[[{"name":"वीणा","rect":[0,0,193,153],"offset":[0,0],"originalSize":[193,153],"capInsets":[0,0,0,0]}],[1],0,[0],[0],[0]],[[{"name":"रोशनी","rect":[0,0,370,273],"offset":[0,0],"originalSize":[370,273],"capInsets":[0,0,0,0]}],[1],0,[0],[0],[1]],[[{"name":"मोगरा1","rect":[0,0,370,273],"offset":[0,0],"originalSize":[370,273],"capInsets":[0,0,0,0]}],[1],0,[0],[0],[2]],[[[0,"मोगरा",".mp3",0.966531],-1],0,0,[],[],[]],[["0,9729,9729,33071,33071,0,0,1",-1],[0],0,[],[],[]],[[{"name":"ढोलक","rect":[0,0,450,452],"offset":[0,0],"originalSize":[450,452],"capInsets":[0,0,0,0]}],[1],0,[0],[0],[3]],[["0,9729,9729,33071,33071,0,0,1",-1],[0],0,[],[],[]],[["0,9729,9729,33071,33071,0,0,1",-1],[0],0,[],[],[]],[[[0,"जोखा",".mp3",1.08],-1],0,0,[],[],[]],[["0,9729,9729,33071,33071,0,0,1",-1],[0],0,[],[],[]],[[[0,"चखा",".mp3",0.984],-1],0,0,[],[],[]],[[[1,"hi0802",{"rows":[["grid","1","Description","चो,धो,जो","खा"],["rocket","1","Description","मोगरा","मो,ग,रा","मो,ग,रा","मोगरा.mp3","मोगरा.png","false ","true "],["rocket","1","Description","ढोलक","ढो,ल,क","ढो,ल,क","ढोलक.mp3","ढोलक.png","false ","true "],["openwindow","1","Description","LEGIT","ढो,ल,क","ढोलक1.png","वीणा.png","ढोलक.mp3","ज,ग,न,ल,फ,छा,ता,र,थ,व,न,घ,ट्र,क,घो,ड़ा,हा,थी,आ,म,स"],["openwindow","1","Description","LEGIT","मो,ग,रा","मोगरा1.png","मूंछ.png","मोगरा.mp3","ज,ग,न,ल,फ,छा,ता,र,थ,व,न,घ,ट्र,क,घो,ड़ा,हा,थी,आ,म,स"],["spelldoor","1","Description","रोशनी","*शनी","2","1","रोशनी.png","रोशनी.mp3"],["spelldoor","1","Description","लोमड़ी","*मड़ी","2","1","लोमडी.png","लोमडी.mp3"],["quizliteracy","1","Description","soundonly_word","लोमड़ी","मोगरा","रोशनी","लोमड़ी","","","लोमडी.mp3"],["quizliteracy","1","Description","image_word","मोगरा","रोशनी","लोमड़ी","मोगरा","मोगरा.png"],["quizliteracy","1","Description","soundonly_word","रोशनी","लोमड़ी","मोगरा","रोशनी","","","रोशनी.mp3"]]}]],0,0,[],[],[]],[[[0,"रोशनी",".mp3",0.940408],-1],0,0,[],[],[]],[[[0,"धोखा",".mp3",0.984],-1],0,0,[],[],[]],[["0,9729,9729,33071,33071,0,0,1",-1],[0],0,[],[],[]],[[{"name":"ढोलक1","rect":[0,0,153,154],"offset":[0,0],"originalSize":[153,154],"capInsets":[0,0,0,0]}],[1],0,[0],[0],[4]],[["0,9729,9729,33071,33071,0,0,1",-1],[0],0,[],[],[]],[["0,9729,9729,33071,33071,0,0,1",-1],[0],0,[],[],[]],[[{"name":"मूंछ","rect":[0,22,200,56],"offset":[0,0],"originalSize":[200,100],"capInsets":[0,0,0,0]}],[1],0,[0],[0],[5]],[[{"name":"लोमडी","rect":[0,0,370,273],"offset":[0,0],"originalSize":[370,273],"capInsets":[0,0,0,0]}],[1],0,[0],[0],[6]],[[{"name":"मोगरा","rect":[0,0,370,273],"offset":[0,0],"originalSize":[370,273],"capInsets":[0,0,0,0]}],[1],0,[0],[0],[7]],[[[0,"लोमडी",".mp3",0.992653],-1],0,0,[],[],[]],[[[0,"ढोलक",".mp3",0.966531],-1],0,0,[],[],[]]]]