[1,["03Rg77yKRKwJdm6Yiw5UJi","18Bs/a8hhEvJnplDf2v0BG","13BqrjNUdCJJTRVKQU6sjX","0fQHAIvANO54cwyQohv7h6","95peo6mrhAiKlAZTtkbxrE","6bZTLO7vxNVrlnmKpsaG6Q"],["_textureSetter"],["cc.Texture2D","cc.SpriteFrame",["cc.AudioClip",["_name","_native","duration"],0],["cc.JsonAsset",["_name","json"],1]],[[2,0,1,2,4],[3,0,1,3]],[[[[0,"वह_चलती_है",".mp3",1.201633],-1],0,0,[],[],[]],[["1,9729,9729,33071,33071,0,0,1",-1],[0],0,[],[],[]],[[[1,"hi1302",{"rows":[["createsentence","1","Description","वह/चलती/है","","komalwalks.jpg","वह_चलती_है.mp3"],["createsentence","1","Description","वह/बढ़ता/है","","The_plant_is_green.png","वह_बढ़ता_है.mp3"],["createsentence","1","Description","वह/उछलता/है","","The_ballbounces.jpg","वह_उछलता_है.mp3"],["createsentence","1","Description","यह/तैरता/है","","The_crocodileswims.jpg","यह_तैरता_है.mp3"],["createsentence","1","Description","वे/उड़ते/हैं","","Birdsfly.jpg","वे_उडते_हैं.mp3"],["createsentence","1","Description","यह/खाता/है","","Jayeats.jpg","यह_खाता_है.mp3"],["quizliteracy","1","Description","image_sentence","वह चलती है","वह बढ़ता है","वे उड़ते हैं","वह चलती है","komalwalks.jpg","","वह_चलती_है.mp3"],["quizliteracy","1","Description","sentence_sentence","वह बढ़ता है","वह चलती है","वे उड़ते हैं","वह बढ़ता है","","सही चुनें","वह_बढ़ता_है.mp3"],["quizliteracy","1","Description","soundonly_image","Jayeats.jpg","Birdsfly.jpg","Jayeats.jpg","komalwalks.jpg","","","यह_खाता_है.mp3"],["quizliteracy","1","Description","soundonly_sentence","वे उड़ते हैं","वह बढ़ता है","वे उड़ते हैं","वह चलती है","","","वे_उडते_हैं.mp3"]]}]],0,0,[],[],[]],[["1,9729,9729,33071,33071,0,0,1",-1],[0],0,[],[],[]],[["1,9729,9729,33071,33071,0,0,1",-1],[0],0,[],[],[]],[["1,9729,9729,33071,33071,0,0,1",-1],[0],0,[],[],[]],[[[0,"वे_उडते_हैं",".mp3",1.344],-1],0,0,[],[],[]],[[[0,"यह_तैरता_है",".mp3",1.515102],-1],0,0,[],[],[]],[[{"name":"Birdsfly","rect":[0,0,1073,770],"offset":[0,0],"originalSize":[1073,770],"capInsets":[0,0,0,0]}],[1],0,[0],[0],[0]],[["1,9729,9729,33071,33071,0,0,1",-1],[0],0,[],[],[]],[[[0,"वह_उछलता_है",".mp3",1.227755],-1],0,0,[],[],[]],[[[0,"यह_खाता_है",".mp3",1.358367],-1],0,0,[],[],[]],[["0,9729,9729,33071,33071,0,0,1",-1],[0],0,[],[],[]],[[[0,"वह_बढ़ता_है",".mp3",1.515102],-1],0,0,[],[],[]],[[{"name":"The_crocodileswims","rect":[0,0,1073,770],"offset":[0,0],"originalSize":[1073,770],"capInsets":[0,0,0,0]}],[1],0,[0],[0],[1]],[[{"name":"Jayeats","rect":[0,0,1073,577],"offset":[0,0],"originalSize":[1073,577],"capInsets":[0,0,0,0]}],[1],0,[0],[0],[2]],[[{"name":"komalwalks","rect":[0,0,1073,1188],"offset":[0,0],"originalSize":[1073,1188],"capInsets":[0,0,0,0]}],[1],0,[0],[0],[3]],[[{"name":"The_plant_is_green","rect":[207,28,1986,2344],"offset":[0,0],"originalSize":[2400,2400],"capInsets":[0,0,0,0]}],[1],0,[0],[0],[4]],[[[0,"वह_उडते_हैं",".mp3",4.075102],-1],0,0,[],[],[]],[[{"name":"The_ballbounces","rect":[0,0,1073,772],"offset":[0,0],"originalSize":[1073,772],"capInsets":[0,0,0,0]}],[1],0,[0],[0],[5]]]]