[1,["eb4gaPNxJLmZMwvR+zBxp0","bbdPo62otFOrr6BjRrvgDS","42St/TFwBHtKmao2x5fiDo","eeNRdjRGhK9ohYqA6ohK3p","99un9Dh9tIPLUj763HDj7K","98WXM5yolKQrPnQk+nzmqr","12oljoorJCA5ejfSYL6ETK","27VDmf9fFK54Aio+/0O1Uo","f6vpxee2JDnZqOebIMGqvv","d8kZ7cuzRP068QuI3Z4frQ","0dc3g89SVOn4DgEQc0KPeh","81yqPuALdJJoOQuJ1/gr/t","eeJ3geqWhL2YpssQbD4PyG","de3iWJGxBCZ4ReYWLXf+0b","2fW5gS8vdG27xGiGybtaG+","da4uexeHlAzL7yihpZSNY9"],["_textureSetter"],["cc.SpriteFrame","cc.Texture2D",["cc.AudioClip",["_name","_native","duration"],0],["cc.JsonAsset",["_name","json"],1]],[[2,0,1,2,4],[3,0,1,3]],[[[{"name":"idli","rect":[0,0,640,480],"offset":[0,0],"originalSize":[640,480],"capInsets":[0,0,0,0]}],[0],0,[0],[0],[0]],[["0,9729,9729,33071,33071,0,0,1",-1],[1],0,[],[],[]],[[{"name":"building","rect":[0,0,480,640],"offset":[0,0],"originalSize":[480,640],"capInsets":[0,0,0,0]}],[0],0,[0],[0],[1]],[["0,9729,9729,33071,33071,0,0,1",-1],[1],0,[],[],[]],[[[0,"इमारत",".mp3",0.940408],-1],0,0,[],[],[]],[["0,9729,9729,33071,33071,0,0,1",-1],[1],0,[],[],[]],[[[0,"आई",".mp3",0.783673],-1],0,0,[],[],[]],[[{"name":"boat","rect":[0,0,640,427],"offset":[0,0],"originalSize":[640,427],"capInsets":[0,0,0,0]}],[0],0,[0],[0],[2]],[["0,9729,9729,33071,33071,0,0,1",-1],[1],0,[],[],[]],[["0,9729,9729,33071,33071,0,0,1",-1],[1],0,[],[],[]],[[{"name":"ironbox","rect":[0,0,640,587],"offset":[0,0],"originalSize":[640,587],"capInsets":[0,0,0,0]}],[0],0,[0],[0],[3]],[[[0,"इरले",".mp3",0.940408],-1],0,0,[],[],[]],[[{"name":"empty","rect":[0,0,640,372],"offset":[0,0],"originalSize":[640,372],"capInsets":[0,0,0,0]}],[0],0,[0],[0],[4]],[[[0,"बाबा",".mp3",0.862041],-1],0,0,[],[],[]],[[[0,"घार",".mp3",0.809796],-1],0,0,[],[],[]],[[{"name":"sister","rect":[0,0,640,427],"offset":[0,0],"originalSize":[640,427],"capInsets":[0,0,0,0]}],[0],0,[0],[0],[5]],[[{"name":"इरले","rect":[0,0,434,578],"offset":[0,0],"originalSize":[434,578],"capInsets":[0,0,0,0]}],[0],0,[0],[0],[6]],[[[0,"घेवडा",".mp3",0.992653],-1],0,0,[],[],[]],[[{"name":"bell","rect":[0,0,636,640],"offset":[0,0],"originalSize":[636,640],"capInsets":[0,0,0,0]}],[0],0,[0],[0],[7]],[["0,9729,9729,33071,33071,0,0,1",-1],[1],0,[],[],[]],[[[0,"घंटा",".mp3",1.07102],-1],0,0,[],[],[]],[[[0,"इडली",".mp3",0.940408],-1],0,0,[],[],[]],[[[0,"बादली",".mp3",0.966531],-1],0,0,[],[],[]],[[{"name":"dad","rect":[113,6,376,587],"offset":[1,0.5],"originalSize":[600,600],"capInsets":[0,0,0,0]}],[0],0,[0],[0],[8]],[["0,9729,9729,33071,33071,0,0,1",-1],[1],0,[],[],[]],[["0,9729,9729,33071,33071,0,0,1",-1],[1],0,[],[],[]],[[[1,"mr0703",{"rows":[["writecard","1","Description","इ","इमारत","building.png","इमारत.mp3","इरले","इरले.png","इरले.mp3","इडली","idli.png","इडली.mp3"],["writecard","1","Description","घ","घंटा","bell.png","घंटा.mp3","घार","kite.png","घार.mp3","घेवडा","beans.png","घेवडा.mp3"],["writecard","1","Description","र","राखी","rakhi.png","राखी.mp3","रिकामा","empty.png","रिकामा.mp3","रजई","quilt.png","रजई.mp3"],["writecard","1","Description","ई","आई","mother.png","आई.mp3","ताई","sister.png","ताई.mp3","चटई","mat.png","चटई.mp3"],["writecard","1","Description","ब","बादली","bucket.png","बादली.mp3","बोट","boat.png","बोट.mp3","बाबा","dad.png","बाबा.mp3"],["quizliteracy","1","Description","soundonly_image","idli.png","bucket.png","kite.png","idli.png","","","इडली.mp3"],["quizliteracy","1","Description","soundonly_image","kite.png","kite.png","idli.png","bucket.png","","","घार.mp3"],["quizliteracy","1","Description","soundonly_image","bucket.png","idli.png","bucket.png","kite.png","","","बादली.mp3"]]}]],0,0,[],[],[]],[[{"name":"quilt","rect":[83,0,433,600],"offset":[-0.5,0],"originalSize":[600,600],"capInsets":[0,0,0,0]}],[0],0,[0],[0],[9]],[[[0,"ताई",".mp3",0.757551],-1],0,0,[],[],[]],[[{"name":"mother","rect":[0,0,480,640],"offset":[0,0],"originalSize":[480,640],"capInsets":[0,0,0,0]}],[0],0,[0],[0],[10]],[["0,9729,9729,33071,33071,0,0,1",-1],[1],0,[],[],[]],[[{"name":"mat","rect":[0,0,640,262],"offset":[0,0],"originalSize":[640,262],"capInsets":[0,0,0,0]}],[0],0,[0],[0],[11]],[[[0,"रजई",".mp3",0.966531],-1],0,0,[],[],[]],[[{"name":"kite","rect":[18,23,576,442],"offset":[-14,-11.5],"originalSize":[640,465],"capInsets":[0,0,0,0]}],[0],0,[0],[0],[12]],[[{"name":"rakhi","rect":[0,0,640,426],"offset":[0,0],"originalSize":[640,426],"capInsets":[0,0,0,0]}],[0],0,[0],[0],[13]],[["0,9729,9729,33071,33071,0,0,1",-1],[1],0,[],[],[]],[["0,9729,9729,33071,33071,0,0,1",-1],[1],0,[],[],[]],[[[0,"रिकामा",".mp3",1.097143],-1],0,0,[],[],[]],[["0,9729,9729,33071,33071,0,0,1",-1],[1],0,[],[],[]],[[[0,"बोट",".mp3",0.757551],-1],0,0,[],[],[]],[[[0,"चटई",".mp3",1.097143],-1],0,0,[],[],[]],[[[0,"राखी",".mp3",0.940408],-1],0,0,[],[],[]],[[{"name":"beans","rect":[0,0,640,427],"offset":[0,0],"originalSize":[640,427],"capInsets":[0,0,0,0]}],[0],0,[0],[0],[14]],[["0,9729,9729,33071,33071,0,0,1",-1],[1],0,[],[],[]],[["0,9729,9729,33071,33071,0,0,1",-1],[1],0,[],[],[]],[["0,9729,9729,33071,33071,0,0,1",-1],[1],0,[],[],[]],[["0,9729,9729,33071,33071,0,0,1",-1],[1],0,[],[],[]],[[{"name":"bucket","rect":[0,0,558,640],"offset":[0,0],"originalSize":[558,640],"capInsets":[0,0,0,0]}],[0],0,[0],[0],[15]]]]