[1,["1afOoifJtGJakzYRELHk+l","faaYcWXvhCe4N7dht7nq/f","3de5Qj7IVKvaqz6SQkTh9E","95xrOxKK1I5p4CakyOFcL2","e4pB9ovHBGwqOV/7KyCkzI","5buSSc3mFLb4mKYA6WKB1b"],["_textureSetter"],["cc.Texture2D","cc.SpriteFrame",["cc.AudioClip",["_name","_native","duration"],0],["cc.JsonAsset",["_name","json"],1]],[[2,0,1,2,4],[3,0,1,3]],[[[[0,"pig",".mp3",0.768],-1],0,0,[],[],[]],[["0,9729,9729,33071,33071,0,0,1",-1],[0],0,[],[],[]],[[{"name":"spelling_rat","rect":[0,0,370,273],"offset":[0,0],"originalSize":[370,273],"capInsets":[0,0,0,0]}],[1],0,[0],[0],[0]],[[{"name":"spelling_hen","rect":[0,0,370,273],"offset":[0,0],"originalSize":[370,273],"capInsets":[0,0,0,0]}],[1],0,[0],[0],[1]],[["0,9729,9729,33071,33071,0,0,1",-1],[0],0,[],[],[]],[[[0,"hen",".mp3",0.84],-1],0,0,[],[],[]],[[[0,"dad",".mp3",0.888],-1],0,0,[],[],[]],[["0,9729,9729,33071,33071,0,0,1",-1],[0],0,[],[],[]],[[{"name":"spelling_red","rect":[0,0,370,273],"offset":[0,0],"originalSize":[370,273],"capInsets":[0,0,0,0]}],[1],0,[0],[0],[2]],[[{"name":"spelling_box","rect":[0,0,370,273],"offset":[0,0],"originalSize":[370,273],"capInsets":[0,0,0,0]}],[1],0,[0],[0],[3]],[[[1,"en0805",{"rows":[["spelldoor","1","Description","dad","d*d","0","1","spelling_dad.png","dad.mp3"],["spelldoor","1","Description","rat","r*t","0","1","spelling_rat.png","rat.mp3"],["spelldoor","1","Description","pig","p*g","0","1","spelling_pig.png","pig.mp3"],["spelldoor","1","Description","red","r*d","0","1","spelling_red.png","red.mp3"],["spelldoor","1","Description","hen","h*n","0","1","spelling_hen.png","hen.mp3"],["spelldoor","1","Description","box","b*x","0","1","spelling_box.png","box.mp3"],["spelldoor","1","Description","hen","h*n","0","2","spelling_hen.png","hen.mp3"],["quizliteracy","1","Description","word_word","a","r","b","a","","d_d","dad.mp3"],["quizliteracy","1","Description","word_word","e","e","d","o","","h_n","hen.mp3"],["quizliteracy","1","Description","word_word","a","s","a","p","","r_t","rat.mp3"],["quizliteracy","1","Description","word_word","o","i","d","o","","b_x","box.mp3"],["quizliteracy","1","Description","word_word","e","p","c","e","","r_d","red.mp3"],["quizliteracy","1","Description","word_word","i","i","a","r","","p_g","pig.mp3"]]}]],0,0,[],[],[]],[["0,9729,9729,33071,33071,0,0,1",-1],[0],0,[],[],[]],[[{"name":"spelling_dad","rect":[0,0,370,273],"offset":[0,0],"originalSize":[370,273],"capInsets":[0,0,0,0]}],[1],0,[0],[0],[4]],[[{"name":"spelling_pig","rect":[0,0,370,273],"offset":[0,0],"originalSize":[370,273],"capInsets":[0,0,0,0]}],[1],0,[0],[0],[5]],[[[0,"rat",".mp3",0.912],-1],0,0,[],[],[]],[[[0,"red",".mp3",0.936],-1],0,0,[],[],[]],[["0,9729,9729,33071,33071,0,0,1",-1],[0],0,[],[],[]],[[[0,"box",".mp3",1.152],-1],0,0,[],[],[]],[["0,9729,9729,33071,33071,0,0,1",-1],[0],0,[],[],[]]]]