[1,["dft1N2/Q1Etr85fKXDuJYN","fa0vwUDRdLXoJyNdEGCIqH","afA5udijJE2oMiX0u+DRcQ","72PJM0Pn1Fhpbh3EUjOjUk","34sUc+5YtO/JpB/1WOvcs+","73Uh00ce5J/46FMg/4JT9m","a9FDLoTqhFHZaKXHMhu3x3","cb+FgeQkROZrUuGGgIPa4P","95MeHB+ntDd7GBLqBk8xHK"],["_textureSetter"],["cc.SpriteFrame","cc.Texture2D",["cc.AudioClip",["_name","_native","duration"],0],["cc.JsonAsset",["_name","json"],1]],[[2,0,1,2,4],[3,0,1,3]],[[[{"name":"eagle","rect":[197,62,268,534],"offset":[-3.5,-0.5],"originalSize":[669,657],"capInsets":[0,0,0,0]}],[0],0,[0],[0],[0]],[[[0,"pigeon",".mp3",0.984],-1],0,0,[],[],[]],[[[0,"crow",".mp3",0.816],-1],0,0,[],[],[]],[["0,9729,9729,33071,33071,0,0,1",-1],[1],0,[],[],[]],[[{"name":"goldfish","rect":[0,0,512,456],"offset":[0,0],"originalSize":[512,456],"capInsets":[0,0,0,0]}],[0],0,[0],[0],[1]],[[[1,"en1917",{"rows":[["openwindow1","1","Description","LEGIT","crow","crow.png","sparrow.png","crow.mp3","abcdefghijklmnopqrstuvwxyz"],["openwindow1","1","Description","LEGIT","pigeon","pigeon.png","parrot.png","pigeon.mp3","abcdefghijklmnopqrstuvwxyz"],["openwindow1","1","Description","LEGIT","eagle","eagle.png","crow.png","eagle.mp3","abcdefghijklmnopqrstuvwxyz"],["openwindow1","1","Description","LEGIT","sparrow","sparrow.png","pelican.png","sparrow.mp3","abcdefghijklmnopqrstuvwxyz"],["openwindow1","1","Description","LEGIT","parrot","parrot.png","peacock.png","parrot.mp3","abcdefghijklmnopqrstuvwxyz"],["openwindow1","1","Description","LEGIT","pelican","pelican.png","hen.png","pelican.mp3","abcdefghijklmnopqrstuvwxyz"],["openwindow1","1","Description","LEGIT","hen","hen.png","eagle.png","hen.mp3","abcdefghijklmnopqrstuvwxyz"],["openwindow1","1","Description","LEGIT","peacock","peacock.png","pigeon.png","peacock.mp3","abcdefghijklmnopqrstuvwxyz"],["quizliteracy","1","Description","image_sentence","crow","pigeon","crow","hen","goldfish.png","","crow.mp3"],["quizliteracy","1","Description","soundonly_image","eagle.png","crow.png","sparrow.png","eagle.png","","","eagle.mp3"],["quizliteracy","1","Description","image_sentence","hen","hen","pigeon","crow","parrot.png","","hen.mp3"]]}]],0,0,[],[],[]],[[{"name":"pigeon","rect":[0,0,337,338],"offset":[0,0],"originalSize":[337,338],"capInsets":[0,0,0,0]}],[0],0,[0],[0],[2]],[[{"name":"parrot","rect":[0,0,360,480],"offset":[0,0],"originalSize":[360,480],"capInsets":[0,0,0,0]}],[0],0,[0],[0],[3]],[[[0,"peacock",".mp3",1.104],-1],0,0,[],[],[]],[[{"name":"peacock","rect":[0,0,251,201],"offset":[0,0],"originalSize":[251,201],"capInsets":[0,0,0,0]}],[0],0,[0],[0],[4]],[["0,9729,9729,33071,33071,0,0,1",-1],[1],0,[],[],[]],[["0,9729,9729,33071,33071,0,0,1",-1],[1],0,[],[],[]],[[{"name":"pelican","rect":[0,0,512,432],"offset":[0,0],"originalSize":[512,432],"capInsets":[0,0,0,0]}],[0],0,[0],[0],[5]],[[[0,"eagle",".mp3",0.912],-1],0,0,[],[],[]],[[[0,"pelican",".mp3",1.2],-1],0,0,[],[],[]],[[{"name":"hen","rect":[0,0,512,491],"offset":[0,0],"originalSize":[512,491],"capInsets":[0,0,0,0]}],[0],0,[0],[0],[6]],[["0,9729,9729,33071,33071,0,0,1",-1],[1],0,[],[],[]],[["0,9729,9729,33071,33071,0,0,1",-1],[1],0,[],[],[]],[["0,9729,9729,33071,33071,0,0,1",-1],[1],0,[],[],[]],[[{"name":"crow","rect":[0,0,512,492],"offset":[0,0],"originalSize":[512,492],"capInsets":[0,0,0,0]}],[0],0,[0],[0],[7]],[[{"name":"sparrow","rect":[0,0,446,326],"offset":[0,0],"originalSize":[446,326],"capInsets":[0,0,0,0]}],[0],0,[0],[0],[8]],[["0,9729,9729,33071,33071,0,0,1",-1],[1],0,[],[],[]],[["0,9729,9729,33071,33071,0,0,1",-1],[1],0,[],[],[]],[[[0,"sparrow",".mp3",1.08],-1],0,0,[],[],[]],[[[0,"parrot",".mp3",1.008],-1],0,0,[],[],[]],[["0,9729,9729,33071,33071,0,0,1",-1],[1],0,[],[],[]],[[[0,"hen",".mp3",0.84],-1],0,0,[],[],[]]]]