[1,["b0DXfYsXhIfa77aay3FdLG","8dOuCd/eJIJqsFyvLrBUWR","beuYEJoC1Ei4hWUV1FbiUs"],["_textureSetter"],["cc.SpriteFrame","cc.Texture2D",["cc.JsonAsset",["_name","json"],1],["cc.AudioClip",["_name","_native","duration"],0]],[[3,0,1,2,4],[2,0,1,3]],[[[{"name":"pineapple","rect":[0,0,640,427],"offset":[0,0],"originalSize":[640,427],"capInsets":[0,0,0,0]}],[0],0,[0],[0],[0]],[[[1,"mr0000",{"rows":[["balloonpop","1","Description","2","अ","3","अ,आ,इ","अ.mp3"],["phonictractor","1","Description","5","अ","अ.mp3","अ","अ.mp3"],["writeletter","1","Description","अ","अननस"],["writecard","1","Description","अ","अननस","pineapple.png","अननस.mp3","अजगर","python.png","अजगर.mp3","अत्तर","perfume.png","अत्तर.mp3"],["quizliteracy","1","Description","soundonly_word","अ","इ","अ","उ","","","अ.mp3"],["quizliteracy","1","Description","word_word","अ","ए","इ","अ","","अ"],["quizliteracy","1","Description","soundonly_word","अ","इ","अ","उ","","","अ.mp3"]]}]],0,0,[],[],[]],[[[0,"अ",".mp3",0.626939],-1],0,0,[],[],[]],[[{"name":"python","rect":[0,0,640,405],"offset":[0,0],"originalSize":[640,405],"capInsets":[0,0,0,0]}],[0],0,[0],[0],[1]],[["0,9729,9729,33071,33071,0,0,1",-1],[1],0,[],[],[]],[[[0,"अजगर",".mp3",1.044898],-1],0,0,[],[],[]],[["0,9729,9729,33071,33071,0,0,1",-1],[1],0,[],[],[]],[[[0,"अत्तर",".mp3",0.888163],-1],0,0,[],[],[]],[["0,9729,9729,33071,33071,0,0,1",-1],[1],0,[],[],[]],[[{"name":"perfume","rect":[0,0,590,640],"offset":[0,0],"originalSize":[590,640],"capInsets":[0,0,0,0]}],[0],0,[0],[0],[2]],[[[0,"अननस",".mp3",1.097143],-1],0,0,[],[],[]]]]