[1,["84EvbdanpDAZw4lHr5DO+0","2bfA/p+MZB16zL4Fb/hmwQ","9bpzKDRWpO7KRVfaPqRUj6"],["_textureSetter"],["cc.SpriteFrame","cc.Texture2D",["cc.AudioClip",["_name","_native","duration"],0],["cc.JsonAsset",["_name","json"],1]],[[2,0,1,2,4],[3,0,1,3]],[[[[0,"one",".mp3",0.96],-1],0,0,[],[],[]],[[{"name":"one","rect":[0,0,500,667],"offset":[0,0],"originalSize":[500,667],"capInsets":[0,0,0,0]}],[0],0,[0],[0],[0]],[["0,9729,9729,33071,33071,0,0,1",-1],[1],0,[],[],[]],[[[1,"en0202",{"rows":[["balloonpop","1","Description","2","o","5","o,j,n,m","o.mp3"],["writeletter","1","Description","o","-"],["writecard","1","Description","o","owl","owl.png","owl.mp3","one","one.png","one.mp3","orange","orange.png","orange.mp3"],["quizliteracy","1","Description","soundonly_word","o","e","o","i","","","o.mp3"],["quizliteracy","1","Description","word_word","o","o","c","u","","o"],["quizliteracy","1","Description","soundonly_word","o","b","p","o","","","o.mp3"]]}]],0,0,[],[],[]],[[[0,"o",".mp3",0.72],-1],0,0,[],[],[]],[[[0,"owl",".mp3",0.696],-1],0,0,[],[],[]],[["0,9729,9729,33071,33071,0,0,1",-1],[1],0,[],[],[]],[[[0,"orange",".mp3",1.176],-1],0,0,[],[],[]],[["0,9729,9729,33071,33071,0,0,1",-1],[1],0,[],[],[]],[[{"name":"orange","rect":[0,0,400,333],"offset":[0,0],"originalSize":[400,333],"capInsets":[0,0,0,0]}],[0],0,[0],[0],[1]],[[{"name":"owl","rect":[0,0,500,500],"offset":[0,0],"originalSize":[500,500],"capInsets":[0,0,0,0]}],[0],0,[0],[0],[2]]]]