[1,["27hrCibPhJ/aB/Iqpv8HcG","d7LsmQNJpFt7tZILbZytzN","acIudx6J5JGYw+uQ6F5BFZ","e444xQg5RCgJSIvQW0BaTJ","0bxSbR4/xPG74QH4XMUgjr","d6g676yIhF/pStlNevX0Ru","37rtcUASpC6axWJwgi52Ub"],["_textureSetter"],["cc.SpriteFrame","cc.Texture2D",["cc.AudioClip",["_name","_native","duration"],0],["cc.JsonAsset",["_name","json"],1]],[[2,0,1,2,4],[3,0,1,3]],[[[{"name":"ap2_puzzle6_mom_puzzle","rect":[2,3,247,376],"offset":[-0.5,4],"originalSize":[252,390],"capInsets":[0,0,0,0]}],[0],0,[0],[0],[0]],[["1,9729,9729,33071,33071,0,0,1",-1],[1],0,[],[],[]],[["0,9729,9729,33071,33071,0,0,1",-1],[1],0,[],[],[]],[[{"name":"ap_puzzle3_background","rect":[0,0,802,432],"offset":[0,0],"originalSize":[802,432],"capInsets":[0,0,0,0]}],[0],0,[0],[0],[1]],[["0,9729,9729,33071,33071,0,0,1",-1],[1],0,[],[],[]],[[{"name":"ap_puzzle3_bird2_puzzle","rect":[3,3,118,286],"offset":[0.5,4],"originalSize":[123,300],"capInsets":[0,0,0,0]}],[0],0,[0],[0],[2]],[[{"name":"ap2_puzzle6_baby_puzzle","rect":[3,3,143,178],"offset":[0.5,3.5],"originalSize":[148,191],"capInsets":[0,0,0,0]}],[0],0,[0],[0],[3]],[[{"name":"ap2_puzzle6_background","rect":[0,0,802,432],"offset":[0,0],"originalSize":[802,432],"capInsets":[0,0,0,0]}],[0],0,[0],[0],[4]],[["0,9729,9729,33071,33071,0,0,1",-1],[1],0,[],[],[]],[[{"name":"ap_puzzle3_bird1_puzzle","rect":[4,3,115,297],"offset":[1.5,3.5],"originalSize":[120,310],"capInsets":[0,0,0,0]}],[0],0,[0],[0],[5]],[[[0,"mom_penguin_and_baby_penguin",".mp3",3.605],-1],0,0,[],[],[]],[[[0,"birds",".mp3",0.99275],-1],0,0,[],[],[]],[["0,9729,9729,33071,33071,0,0,1",-1],[1],0,[],[],[]],[["1,9729,9729,33071,33071,0,0,1",-1],[1],0,[],[],[]],[["0,9729,9729,33071,33071,0,0,1",-1],[1],0,[],[],[]],[[[1,"pictureboard0014",{"rows":[["pictureboard","1","Description","Birds","ap_puzzle3_background.jpg","3","","birds.mp3","ap_puzzle3_bird1_puzzle.png","405","28","","ap_puzzle3_bird2_puzzle.png","973","356","","ap_puzzle3_bird3_puzzle.png","1829","-35"]]}]],0,0,[],[],[]],[[{"name":"ap_puzzle3_bird3_puzzle","rect":[4,7,133,238],"offset":[1.5,1.5],"originalSize":[138,255],"capInsets":[0,0,0,0]}],[0],0,[0],[0],[6]]]]