[1,["23zZMYacJDMpHC2E/b/IQl","ea6xV/fSZI7reK0tSQnrjk","4fBvPb7dBJq7gGpSj0yQ2n","dfrzh9XG5Op6XP0j8LS6aI","75HkbG7AlFtJPOxwOxUi33","04F84YKxFKFZIzsfvS3ybS","c5FOPios1PJoYQoK5Utubc","0fwWXc5+ZL+YbRByxWNrLq","19pO9diI1AbalaiIUJgsck","034MFsxn5LaqFHuuRi8/iK","3fqe5BAX9ICYvC8S7nSzIo"],["_textureSetter"],["cc.Texture2D","cc.SpriteFrame",["cc.AudioClip",["_name","_native","duration"],0],["cc.JsonAsset",["_name","json"],1]],[[2,0,1,2,4],[3,0,1,3]],[[["0,9729,9729,33071,33071,0,0,1",-1],[0],0,[],[],[]],[["0,9729,9729,33071,33071,0,0,1",-1],[0],0,[],[],[]],[[[0,"2000_rupees",".mp3",2.064],-1],0,0,[],[],[]],[["0,9729,9729,33071,33071,0,0,1",-1],[0],0,[],[],[]],[[{"name":"50paise","rect":[0,0,300,300],"offset":[0,0],"originalSize":[300,300],"capInsets":[0,0,0,0]}],[1],0,[0],[0],[0]],[["0,9729,9729,33071,33071,0,0,1",-1],[0],0,[],[],[]],[[[0,"1_Rupee",".mp3",1.464],-1],0,0,[],[],[]],[["0,9729,9729,33071,33071,0,0,1",-1],[0],0,[],[],[]],[[{"name":"20note","rect":[0,0,600,305],"offset":[0,0],"originalSize":[600,305],"capInsets":[0,0,0,0]}],[1],0,[0],[0],[1]],[[{"name":"200note","rect":[0,0,1200,542],"offset":[0,0],"originalSize":[1200,542],"capInsets":[0,0,0,0]}],[1],0,[0],[0],[2]],[["0,9729,9729,33071,33071,0,0,1",-1],[0],0,[],[],[]],[[[0,"50Rupees",".mp3",1.8],-1],0,0,[],[],[]],[[{"name":"5rupee","rect":[0,0,300,300],"offset":[0,0],"originalSize":[300,300],"capInsets":[0,0,0,0]}],[1],0,[0],[0],[3]],[[[0,"200_rupees",".mp3",2.016],-1],0,0,[],[],[]],[[[0,"10Rupees",".mp3",1.56],-1],0,0,[],[],[]],[["0,9729,9729,33071,33071,0,0,1",-1],[0],0,[],[],[]],[[[0,"five_Rupeess",".mp3",1.776],-1],0,0,[],[],[]],[["0,9729,9729,33071,33071,0,0,1",-1],[0],0,[],[],[]],[[[0,"5_Rupee_coin",".mp3",2.184],-1],0,0,[],[],[]],[[{"name":"50note","rect":[0,0,1059,519],"offset":[0,0],"originalSize":[1059,519],"capInsets":[0,0,0,0]}],[1],0,[0],[0],[4]],[[[0,"100_rupees",".mp3",2.16],-1],0,0,[],[],[]],[[[1,"en3501",{"rows":[["picturemeaning","1","Description","S","₹2000","2000note.png","2000_rupees.mp3","₹10","10note.png","10Rupees.mp3","₹50","50note.png","50Rupees.mp3"],["picturemeaning","1","Description","P","₹10","10note.png","10Rupees.mp3","₹20","20note.png","20_Rupees.mp3","₹5","5note.png","five_Rupeess.mp3"],["picturemeaning","1","Description","P","₹100","100note.png","100_rupees.mp3","₹500","500note.png","five_hundred_Rupees.mp3","₹2000","2000note.png","2000_rupees.mp3"],["picturemeaning","1","Description","P","1 Rupee ","1rupee.png","1_Rupee.mp3","5 Rupee","5rupee.png","5_Rupee_coin.mp3","50 Paise ","50paise.png","50_paise.mp3"],["picturemeaning","1","Description","P","₹200","200note.png","200_rupees.mp3","₹10","10note.png","10Rupees.mp3","₹50","50note.png","50Rupees.mp3"],["quizliteracy","1","Description","soundonly_image","20note.png","500note.png","20note.png","10note.png","","","20_Rupees.mp3","",""],["quizliteracy","1","Description","image_word","₹200","₹200","₹50","₹20","200note.png","","","",""],["quizliteracy","1","Description","soundonly_image","500note.png","100note.png","50note.png","500note.png","","","five_hundred_Rupees.mp3","",""]]}]],0,0,[],[],[]],[[{"name":"5note","rect":[0,0,1280,720],"offset":[0,0],"originalSize":[1280,720],"capInsets":[0,0,0,0]}],[1],0,[0],[0],[5]],[[{"name":"500note","rect":[0,0,1167,519],"offset":[0,0],"originalSize":[1167,519],"capInsets":[0,0,0,0]}],[1],0,[0],[0],[6]],[[{"name":"2000note","rect":[0,0,1200,482],"offset":[0,0],"originalSize":[1200,482],"capInsets":[0,0,0,0]}],[1],0,[0],[0],[7]],[["0,9729,9729,33071,33071,0,0,1",-1],[0],0,[],[],[]],[[{"name":"1rupee","rect":[0,0,225,225],"offset":[0,0],"originalSize":[225,225],"capInsets":[0,0,0,0]}],[1],0,[0],[0],[8]],[[{"name":"100note","rect":[0,0,627,289],"offset":[0,0],"originalSize":[627,289],"capInsets":[0,0,0,0]}],[1],0,[0],[0],[9]],[["0,9729,9729,33071,33071,0,0,1",-1],[0],0,[],[],[]],[[[0,"five_hundred_Rupees",".mp3",2.184],-1],0,0,[],[],[]],[["0,9729,9729,33071,33071,0,0,1",-1],[0],0,[],[],[]],[[[0,"50_paise",".mp3",1.656],-1],0,0,[],[],[]],[[{"name":"10note","rect":[0,0,1341,648],"offset":[0,0],"originalSize":[1341,648],"capInsets":[0,0,0,0]}],[1],0,[0],[0],[10]],[[[0,"20_Rupees",".mp3",1.776],-1],0,0,[],[],[]]]]