[1,["e6iI3p3edPd4fcOfhf46IH","5f8Ac3TPhOQbPMoxObjwyj","2fWT01hhxJzJ9nVIlengJj","4aUWeeFBBPdp5ctVpNpC4I","c3RFrPeuhLv4+mAOHUwTJg","afEZrp2DRHpp72QhXxQZ6t","c3Ec4wwwVFprDI4FT2va/F","a1E8811w9O4KV+p4uytPUC"],["_textureSetter"],["cc.SpriteFrame","cc.Texture2D",["cc.AudioClip",["_name","_native","duration"],0],["cc.JsonAsset",["_name","json"],1]],[[2,0,1,2,4],[3,0,1,3]],[[[{"name":"child","rect":[60,13,74,124],"offset":[0.5,1.5],"originalSize":[193,153],"capInsets":[0,0,0,0]}],[0],0,[0],[0],[0]],[[[0,"hen",".mp3",0.912],-1],0,0,[],[],[]],[["0,9729,9729,33071,33071,0,0,1",-1],[1],0,[],[],[]],[["0,9729,9729,33071,33071,0,0,1",-1],[1],0,[],[],[]],[[{"name":"hen","rect":[16,16,368,258],"offset":[0,0],"originalSize":[400,290],"capInsets":[0,0,0,0]}],[0],0,[0],[0],[1]],[[[1,"en2100",{"rows":[["writeword","1","Description","sun","sun.png","sun.mp3"],["writeword","1","Description","bug","bug.png","bug.mp3"],["writeword","1","Description","dad","father.png","dad.mp3"],["writeword","1","Description","hen","hen.png","hen.mp3"],["writeword","1","Description","sea","sea.png","sea.mp3"],["writeword","1","Description","kid","child.png","kid.mp3"],["quizliteracy","1","Description","image_word","sun","hen","dad","sun","sun.png"],["quizliteracy","1","Description","soundonly_word","bug","bug","sea","kid","","","bug.mp3"],["quizliteracy","1","Description","soundonly_word","dad","bed","dad","kid","","","dad.mp3"],["quizliteracy","1","Description","soundonly_image","hen.png","cat.png","duck.jpg","hen.png","","","hen.mp3"],["quizliteracy","1","Description","image_word","sea","sea","hen","bug","sea.png"]]}]],0,0,[],[],[]],[["0,9729,9729,33071,33071,0,0,1",-1],[1],0,[],[],[]],[[{"name":"cat","rect":[0,0,1111,820],"offset":[0,0],"originalSize":[1111,820],"capInsets":[0,0,0,0]}],[0],0,[0],[0],[2]],[[[0,"kid",".mp3",0.792],-1],0,0,[],[],[]],[[{"name":"sea","rect":[21,30,358,253],"offset":[0,2],"originalSize":[400,317],"capInsets":[0,0,0,0]}],[0],0,[0],[0],[3]],[[{"name":"bug","rect":[64,20,71,115],"offset":[3,-1],"originalSize":[193,153],"capInsets":[0,0,0,0]}],[0],0,[0],[0],[4]],[["0,9729,9729,33071,33071,0,0,1",-1],[1],0,[],[],[]],[[{"name":"sun","rect":[16,16,368,258],"offset":[0,0],"originalSize":[400,290],"capInsets":[0,0,0,0]}],[0],0,[0],[0],[5]],[["0,9729,9729,33071,33071,0,0,1",-1],[1],0,[],[],[]],[[[0,"bug",".mp3",1.032],-1],0,0,[],[],[]],[["1,9729,9729,33071,33071,0,0,1",-1],[1],0,[],[],[]],[["0,9729,9729,33071,33071,0,0,1",-1],[1],0,[],[],[]],[[[0,"dad",".mp3",0.96],-1],0,0,[],[],[]],[[{"name":"duck","rect":[0,0,800,533],"offset":[0,0],"originalSize":[800,533],"capInsets":[0,0,0,0]}],[0],0,[0],[0],[6]],[["0,9729,9729,33071,33071,0,0,1",-1],[1],0,[],[],[]],[[[0,"sea",".mp3",1.008],-1],0,0,[],[],[]],[[[0,"sun",".mp3",1.056],-1],0,0,[],[],[]],[[{"name":"father","rect":[51,21,90,109],"offset":[-0.5,1],"originalSize":[193,153],"capInsets":[0,0,0,0]}],[0],0,[0],[0],[7]]]]