[1,["58FWGRJOxDe5cKxR31AegW","de6ozPcz1KCbv8BL34YLV0","d8h2a20+xAUYYGfevtx+O7","9bco07TbtH5YYQ9eYokRim","6avOJ14KhMV7kvIIqc1aAE","e5CRXSkDRJdbUky5WGsD0r","39oAfiyCpMxpcSYe12ToCc","bdG/4rN6FIqrrRAzy2NdI4","cd19GIYe9AF6bQcGOqzgvt","13S+qEWyBIAaJLvJVJoQPE","eagc3nI0lHR5A957viGRaN","567OR1WdRG658cent/WesT","21FMPisJNLB7pE/i76johi","11BTDYbsZL/48dEP8DjKjL"],["_textureSetter"],["cc.Texture2D","cc.SpriteFrame",["cc.AudioClip",["_name","_native","duration"],0],["cc.JsonAsset",["_name","json"],1]],[[2,0,1,2,4],[3,0,1,3]],[[[[0,"ಮೈ",".mp3",0.576],-1],0,0,[],[],[]],[["0,9729,9729,33071,33071,0,0,1",-1],[0],0,[],[],[]],[[[0,"ರ",".mp3",0.48],-1],0,0,[],[],[]],[[[0,"ರು",".mp3",0.528],-1],0,0,[],[],[]],[["0,9729,9729,33071,33071,0,0,1",-1],[0],0,[],[],[]],[[[0,"ಕೆನೆ",".mp3",0.648],-1],0,0,[],[],[]],[[{"name":"hen","rect":[0,0,494,500],"offset":[0,0],"originalSize":[494,500],"capInsets":[0,0,0,0]}],[1],0,[0],[0],[0]],[[{"name":"boat","rect":[0,0,410,512],"offset":[0,0],"originalSize":[410,512],"capInsets":[0,0,0,0]}],[1],0,[0],[0],[1]],[[[0,"ಹೈದ",".mp3",0.72],-1],0,0,[],[],[]],[["0,9729,9729,33071,33071,0,0,1",-1],[0],0,[],[],[]],[[[0,"ಸೆಳೆ",".mp3",0.696],-1],0,0,[],[],[]],[[{"name":"enemy","rect":[0,0,512,341],"offset":[0,0],"originalSize":[512,341],"capInsets":[0,0,0,0]}],[1],0,[0],[0],[2]],[[{"name":"world","rect":[0,0,512,340],"offset":[0,0],"originalSize":[512,340],"capInsets":[0,0,0,0]}],[1],0,[0],[0],[3]],[["0,9729,9729,33071,33071,0,0,1",-1],[0],0,[],[],[]],[[{"name":"soldier","rect":[0,0,500,333],"offset":[0,0],"originalSize":[500,333],"capInsets":[0,0,0,0]}],[1],0,[0],[0],[4]],[[{"name":"bottlegourd","rect":[0,0,500,281],"offset":[0,0],"originalSize":[500,281],"capInsets":[0,0,0,0]}],[1],0,[0],[0],[5]],[[{"name":"shiva","rect":[0,0,383,512],"offset":[0,0],"originalSize":[383,512],"capInsets":[0,0,0,0]}],[1],0,[0],[0],[6]],[[[0,"ಳೆ",".mp3",0.552],-1],0,0,[],[],[]],[[[0,"ಚೋ",".mp3",0.6],-1],0,0,[],[],[]],[[[0,"ಸೊಗಸು",".mp3",0.888],-1],0,0,[],[],[]],[[[0,"ಕೈದು",".mp3",0.744],-1],0,0,[],[],[]],[[{"name":"boy","rect":[0,0,512,340],"offset":[0,0],"originalSize":[512,340],"capInsets":[0,0,0,0]}],[1],0,[0],[0],[7]],[[[0,"ಹೊಸ",".mp3",0.672],-1],0,0,[],[],[]],[["0,9729,9729,33071,33071,0,0,1",-1],[0],0,[],[],[]],[["0,9729,9729,33071,33071,0,0,1",-1],[0],0,[],[],[]],[[[0,"ಚೋಳ",".mp3",0.72],-1],0,0,[],[],[]],[[[0,"ಭೈರವ",".mp3",0.792],-1],0,0,[],[],[]],[[[0,"ಕೆ",".mp3",0.552],-1],0,0,[],[],[]],[[[0,"ನೊಣ",".mp3",0.6],-1],0,0,[],[],[]],[["0,9729,9729,33071,33071,0,0,1",-1],[0],0,[],[],[]],[[[0,"ಗ",".mp3",0.528],-1],0,0,[],[],[]],[[[0,"ಮೈಸೂರು",".mp3",0.936],-1],0,0,[],[],[]],[[[0,"ಗೊ",".mp3",0.552],-1],0,0,[],[],[]],[[[0,"ಗೊರಗ",".mp3",0.744],-1],0,0,[],[],[]],[[[0,"ಸೆ",".mp3",0.624],-1],0,0,[],[],[]],[[[0,"ವೈರಿ",".mp3",0.696],-1],0,0,[],[],[]],[["0,9729,9729,33071,33071,0,0,1",-1],[0],0,[],[],[]],[[{"name":"hot_weather","rect":[0,0,512,392],"offset":[0,0],"originalSize":[512,392],"capInsets":[0,0,0,0]}],[1],0,[0],[0],[8]],[[[0,"ಕೊಳೆ",".mp3",0.648],-1],0,0,[],[],[]],[[[0,"ಸೋರೆ",".mp3",0.744],-1],0,0,[],[],[]],[[{"name":"fly","rect":[0,0,512,384],"offset":[0,0],"originalSize":[512,384],"capInsets":[0,0,0,0]}],[1],0,[0],[0],[9]],[[[0,"ಹೊ",".mp3",0.528],-1],0,0,[],[],[]],[["0,9729,9729,33071,33071,0,0,1",-1],[0],0,[],[],[]],[[[0,"ಳ",".mp3",0.504],-1],0,0,[],[],[]],[[[0,"ಶೈವ",".mp3",0.744],-1],0,0,[],[],[]],[[{"name":"friend","rect":[0,0,512,340],"offset":[0,0],"originalSize":[512,340],"capInsets":[0,0,0,0]}],[1],0,[0],[0],[10]],[["0,9729,9729,33071,33071,0,0,1",-1],[0],0,[],[],[]],[[[0,"ಸೆಖೆ",".mp3",0.744],-1],0,0,[],[],[]],[["0,9729,9729,33071,33071,0,0,1",-1],[0],0,[],[],[]],[[{"name":"imprisoned","rect":[0,0,512,341],"offset":[0,0],"originalSize":[512,341],"capInsets":[0,0,0,0]}],[1],0,[0],[0],[11]],[[[0,"ಸೂ",".mp3",0.648],-1],0,0,[],[],[]],[["0,9729,9729,33071,33071,0,0,1",-1],[0],0,[],[],[]],[[[0,"ನೆ",".mp3",0.528],-1],0,0,[],[],[]],[[[0,"ಲೋಕ",".mp3",0.72],-1],0,0,[],[],[]],[[[0,"ದೋಣಿ",".mp3",0.744],-1],0,0,[],[],[]],[["0,9729,9729,33071,33071,0,0,1",-1],[0],0,[],[],[]],[["0,9729,9729,33071,33071,0,0,1",-1],[0],0,[],[],[]],[[[0,"ಕೊ",".mp3",0.552],-1],0,0,[],[],[]],[[{"name":"train","rect":[0,0,500,333],"offset":[0,0],"originalSize":[500,333],"capInsets":[0,0,0,0]}],[1],0,[0],[0],[12]],[[[1,"kn2300",{"rows":[["phonictractor","1","Description","4","ಕೊಳೆ","ಕೊಳೆ.mp3","ಕೊ","ಕೊ.mp3","ಳೆ","ಳೆ.mp3"],["phonictractor","1","Description","4","ಗೊರಗ","ಗೊರಗ.mp3","ಗೊ","ಗೊ.mp3","ರ","ರ.mp3","ಗ","ಗ.mp3"],["spelldoor","1","Description","ನೊಣ","**","0","0","fly.png","ನೊಣ.mp3"],["spelldoor","1","Description","ಸೊಗಸು","***","0","0","beauty.png","ಸೊಗಸು.mp3"],["spelldoor","1","Description","ಕೋಳಿ","**","0","0","hen.png","ಕೋಳಿ.mp3"],["openwindow","1","Description","LEGIT","ದೋ,ಣಿ","boat.png","train.png","ದೋಣಿ.mp3","ದೋ,ಣಿ"],["rocket","1","Description","ಸೋರೆ","ಸೋ,ರೆ","ಸೋ,ರೆ","ಸೋರೆ.mp3","bottlegourd.png","False","False"],["spelldoor","1","Description","ಲೋಕ","*ಕ","0","1","world.png","ಲೋಕ.mp3"],["phonictractor","1","Description","4","ಹೊಸ","ಹೊಸ.mp3","ಹೊ","ಹೊ.mp3","ಸ","ಸ.mp3"],["phonictractor","1","Description","4","ಚೋಳ","ಚೋಳ.mp3","ಚೋ","ಚೋ.mp3","ಳ","ಳ.mp3"],["quizliteracy","1","Description","word_word","ನೊ","ನೊ","ಸೊ","ಡೊ","","__ಣ","ನೊಣ.mp3"],["quizliteracy","1","Description","soundonly_word","ಸೋರೆ","ನೊಣ","ಸೋರೆ","ಕೋಳಿ","","","ಸೋರೆ.mp3"],["quizliteracy","1","Description","image_word","ದೋಣಿ","ಸೋರೆ","ಕೋಳಿ","ದೋಣಿ","boat.png"]]}]],0,0,[],[],[]],[[[0,"ವ",".mp3",0.48],-1],0,0,[],[],[]],[[[0,"ಶೈ",".mp3",0.672],-1],0,0,[],[],[]],[[[0,"ಕೋಳಿ",".mp3",0.696],-1],0,0,[],[],[]],[[{"name":"beauty","rect":[0,0,500,332],"offset":[0,0],"originalSize":[500,332],"capInsets":[0,0,0,0]}],[1],0,[0],[0],[13]],[[[0,"ಸೈನಿಕ",".mp3",0.888],-1],0,0,[],[],[]],[[[0,"ಸ",".mp3",0.576],-1],0,0,[],[],[]]]]