[1,["86euBJuWpLyLeGjEtqmPgZ","fe0s7BOltOEpro7EjQAxEX","4dtsrIZ4FM2KZF1R01/dVM","3a1LiGqxZCYq98V+l7yPCb","c3G8NTwehK7KwShITEhREM","48CysNYaxGNL/2ARuh/Nul","e4iYA/H99Gr5nf7N5FNmjg"],["_textureSetter"],["cc.SpriteFrame","cc.Texture2D",["cc.AudioClip",["_name","_native","duration"],0],["cc.JsonAsset",["_name","json"],1]],[[2,0,1,2,4],[3,0,1,3]],[[[[0,"loud",".mp3",0.757551],-1],0,0,[],[],[]],[[[0,"boat",".mp3",0.653061],-1],0,0,[],[],[]],[[[0,"tub",".mp3",0.653061],-1],0,0,[],[],[]],[[{"name":"spelling_bed","rect":[0,0,370,273],"offset":[0,0],"originalSize":[370,273],"capInsets":[0,0,0,0]}],[0],0,[0],[0],[0]],[[[0,"g_phonic",".mp3",2.45551],-1],0,0,[],[],[]],[[[0,"bug",".mp3",0.626939],-1],0,0,[],[],[]],[[[0,"bed",".mp3",0.600816],-1],0,0,[],[],[]],[[[0,"hug",".mp3",0.548571],-1],0,0,[],[],[]],[[{"name":"spelling_box","rect":[0,0,370,273],"offset":[0,0],"originalSize":[370,273],"capInsets":[0,0,0,0]}],[0],0,[0],[0],[1]],[[[0,"t_phonic",".mp3",1.17551],-1],0,0,[],[],[]],[[[0,"s_phonic",".mp3",1.985306],-1],0,0,[],[],[]],[[{"name":"spelling_pig","rect":[0,0,1301,1300],"offset":[0,0],"originalSize":[1301,1300],"capInsets":[0,0,0,0]}],[0],0,[0],[0],[2]],[[{"name":"spelling_hen","rect":[0,0,370,273],"offset":[0,0],"originalSize":[370,273],"capInsets":[0,0,0,0]}],[0],0,[0],[0],[3]],[["0,9729,9729,33071,33071,0,0,1",-1],[1],0,[],[],[]],[[[0,"cub",".mp3",0.496327],-1],0,0,[],[],[]],[[[0,"bus",".mp3",0.548571],-1],0,0,[],[],[]],[["0,9729,9729,33071,33071,0,0,1",-1],[1],0,[],[],[]],[[[0,"rat",".mp3",0.757551],-1],0,0,[],[],[]],[["0,9729,9729,33071,33071,0,0,1",-1],[1],0,[],[],[]],[[[1,"sl_en0907",{"rows":[["speakingpet","1","Description","b_phonic.mp3","p_phonic.mp3","tub","tub.mp3","A","3","cub","cub.mp3","A","3","lip","lip.mp3","B","3","zip","zip.mp3","B","3"],["spelldoor","1","Description","dad","da*","0","1","spelling_dad.png","dad.mp3"],["spelldoor","1","Description","bed","be*","0","1","spelling_bed.png","bed.mp3"],["spelldoor","1","Description","rat","ra*","0","1","spelling_rat.png","rat.mp3"],["spelldoor","1","Description","pig","pi*","0","1","spelling_pig.png","pig.mp3"],["spelldoor","1","Description","red","re*","0","1","spelling_red.png","red.mp3"],["spelldoor","1","Description","hen","he*","0","1","spelling_hen.png","hen.mp3"],["spelldoor","1","Description","box","bo*","0","1","spelling_box.png","box.mp3"],["speakingpet","1","Description","t_phonic.mp3","d_phonic.mp3","pet","pet.mp3","A","3","boat","boat.mp3","A","4","kid","kid.mp3","B","3","loud","loud.mp3","B","4"],["speakingpet","1","Description","s_phonic.mp3","g_phonic.mp3","gas","gas.mp3","A","3","bus","bus.mp3","A","3","hug","hug.mp3","B","3","bug","bug.mp3","B","3"],["quizliteracy","1","Description","word_word","d","c","u","d","","da_","dad.mp3"],["quizliteracy","1","Description","word_word","d","d","b","a","","re_","red.mp3"],["quizliteracy","1","Description","word_word","x","w","x","q","","bo_","box.mp3"],["quizliteracy","1","Description","word_word","g","h","n","g","","pi_","pig.mp3"],["quizliteracy","1","Description","word_word","t","m","t","z","","ra_","rat.mp3"]]}]],0,0,[],[],[]],[[[0,"pig",".mp3",0.548571],-1],0,0,[],[],[]],[[[0,"hen",".mp3",0.600816],-1],0,0,[],[],[]],[[[0,"zip",".mp3",0.626939],-1],0,0,[],[],[]],[[{"name":"spelling_dad","rect":[0,0,370,273],"offset":[0,0],"originalSize":[370,273],"capInsets":[0,0,0,0]}],[0],0,[0],[0],[4]],[[[0,"lip",".mp3",0.600816],-1],0,0,[],[],[]],[["0,9729,9729,33071,33071,0,0,1",-1],[1],0,[],[],[]],[[[0,"d_phonic",".mp3",1.619592],-1],0,0,[],[],[]],[[[0,"b_phonic",".mp3",1.985306],-1],0,0,[],[],[]],[[[0,"kid",".mp3",0.653061],-1],0,0,[],[],[]],[[[0,"gas",".mp3",0.705306],-1],0,0,[],[],[]],[[{"name":"spelling_red","rect":[0,0,370,273],"offset":[0,0],"originalSize":[370,273],"capInsets":[0,0,0,0]}],[0],0,[0],[0],[5]],[["0,9729,9729,33071,33071,0,0,1",-1],[1],0,[],[],[]],[[{"name":"spelling_rat","rect":[0,0,370,273],"offset":[0,0],"originalSize":[370,273],"capInsets":[0,0,0,0]}],[0],0,[0],[0],[6]],[[[0,"dad",".mp3",0.600816],-1],0,0,[],[],[]],[[[0,"red",".mp3",0.626939],-1],0,0,[],[],[]],[[[0,"box",".mp3",0.705306],-1],0,0,[],[],[]],[[[0,"p_phonic",".mp3",1.567347],-1],0,0,[],[],[]],[["0,9729,9729,33071,33071,0,0,1",-1],[1],0,[],[],[]],[[[0,"pet",".mp3",0.626939],-1],0,0,[],[],[]],[["0,9729,9729,33071,33071,0,0,1",-1],[1],0,[],[],[]]]]