[1,["d7Zc/MPC5E24ryw8+1ebBD","ddR1HcOFpB1KB7ciJYlv2S","99u7Wc4wlHtobi5kl33e/A"],["_textureSetter"],["cc.SpriteFrame","cc.Texture2D",["cc.AudioClip",["_name","_native","duration"],0],["cc.JsonAsset",["_name","json"],1]],[[2,0,1,2,4],[3,0,1,3]],[[[[0,"big",".mp3",0.936],-1],0,0,[],[],[]],[[{"name":"spelling_pig","rect":[0,0,370,273],"offset":[0,0],"originalSize":[370,273],"capInsets":[0,0,0,0]}],[0],0,[0],[0],[0]],[[{"name":"spelling_six","rect":[0,0,370,273],"offset":[0,0],"originalSize":[370,273],"capInsets":[0,0,0,0]}],[0],0,[0],[0],[1]],[["0,9729,9729,33071,33071,0,0,1",-1],[1],0,[],[],[]],[[[0,"six",".mp3",1.152],-1],0,0,[],[],[]],[[[0,"pig",".mp3",0.864],-1],0,0,[],[],[]],[[{"name":"big","rect":[0,0,493,640],"offset":[0,0],"originalSize":[493,640],"capInsets":[0,0,0,0]}],[0],0,[0],[0],[2]],[["0,9729,9729,33071,33071,0,0,1",-1],[1],0,[],[],[]],[["0,9729,9729,33071,33071,0,0,1",-1],[1],0,[],[],[]],[[[1,"en1304",{"rows":[["grid","1","Description","p,w","ig,et"],["grid","1","Description","t,b,g","ig,ap"],["grid","1","Description","t,b,g","ig,ap,ank"],["grid","1","Description","b","ig,us,ake,one"],["rocket","1","Description","big","a,b,c,d,e,f,g,h,i,j,k,l,m,n,o,p,q,r,s,t,u,v,w,x,y,z","b,i,g","big.mp3","big.png","true","false"],["spelldoor","1","Description","pig","*ig","1","0","spelling_pig.png","pig.mp3"],["spelldoor","1","Description","six","s*x","0","2","spelling_six.png","six.mp3"],["grid","1","Description","f","og,ix,un,ace"],["quizliteracy","1","Description","word_word","ig","or","ig","eb","","p___","pig.mp3"],["quizliteracy","1","Description","word_word","ig","ig","co","re","","b___","big.mp3"],["quizliteracy","1","Description","word_word","ix","er","re","ix","","s___","six.mp3"]]}]],0,0,[],[],[]]]]