[1,["61Plmo6PlE9Jy99gqtBIwf","a3H9CV+V1Jw56/FU+OSGMK","87IXSezIxFOJDVxpp4ljBx"],["_textureSetter"],["cc.Texture2D","cc.SpriteFrame",["cc.AudioClip",["_name","_native","duration"],0],["cc.JsonAsset",["_name","json"],1]],[[2,0,1,2,4],[3,0,1,3]],[[[[0,"एक",".mp3",0.626939],-1],0,0,[],[],[]],[[[0,"चल",".mp3",0.705306],-1],0,0,[],[],[]],[[[0,"सज",".mp3",0.705306],-1],0,0,[],[],[]],[[[0,"जब",".mp3",0.522449],-1],0,0,[],[],[]],[["0,9729,9729,33071,33071,0,0,1",-1],[0],0,[],[],[]],[[[0,"अ",".mp3",0.418],-1],0,0,[],[],[]],[[[0,"अब",".mp3",0.339592],-1],0,0,[],[],[]],[[{"name":"मग","rect":[0,0,271,271],"offset":[0,0],"originalSize":[271,271],"capInsets":[0,0,0,0]}],[1],0,[0],[0],[0]],[[{"name":"छत","rect":[0,0,271,271],"offset":[0,0],"originalSize":[271,271],"capInsets":[0,0,0,0]}],[1],0,[0],[0],[1]],[["0,9729,9729,33071,33071,0,0,1",-1],[0],0,[],[],[]],[[[1,"hi0306",{"rows":[["grid","1","Description","ज","ल,ट"],["grid","1","Description","च","ल,ड़"],["phonictractor","1","Description","5","अब","अब.mp3","अ","अ.mp3","ब","ब.mp3"],["phonictractor","1","Description","5","जब","जब.mp3","ज","ज.mp3","ब","ब.mp3"],["phonictractor","1","Description","5","तब","तब.mp3","त","त.mp3","ब","ब.mp3"],["rocket","1","Description","छत","छ,त","छ,त","छत.mp3","छत.png","false ","false "],["rocket","1","Description","एक","ए,क","ए,क","एक.mp3","एक.png","false ","false "],["rocket","1","Description","मग","म,ग","म,ग","मग.mp3","मग.png","false ","false "],["speakingpet","1","Description","ज.mp3","ल.mp3","भज","भज.mp3","A","2","सज","सज.mp3","A","2","नल","नल.mp3","B","2","चल","चल.mp3","B","2"],["quizliteracy","1","Description","soundonly_word","अब","मग","अब","एक","","","अब.mp3"],["quizliteracy","1","Description","image_word","एक","एक","रथ","मग","एक.png"],["quizliteracy","1","Description","soundonly_word","मग","मग","एक","अब","","","मग.mp3"]]}]],0,0,[],[],[]],[[[0,"ज",".mp3",0.522449],-1],0,0,[],[],[]],[[[0,"तब",".mp3",0.444082],-1],0,0,[],[],[]],[[[0,"ल",".mp3",0.470204],-1],0,0,[],[],[]],[[[0,"मग",".mp3",0.731429],-1],0,0,[],[],[]],[["0,9729,9729,33071,33071,0,0,1",-1],[0],0,[],[],[]],[[{"name":"एक","rect":[28,29,212,213],"offset":[-1.5,0],"originalSize":[271,271],"capInsets":[0,0,0,0]}],[1],0,[0],[0],[2]],[[[0,"भज",".mp3",0.653061],-1],0,0,[],[],[]],[[[0,"ब",".mp3",0.5485],-1],0,0,[],[],[]],[[[0,"नल",".mp3",0.496327],-1],0,0,[],[],[]],[[[0,"छत",".mp3",0.757551],-1],0,0,[],[],[]],[[[0,"त",".mp3",0.444],-1],0,0,[],[],[]]]]