[1,["74KkEYa7FBGqBdEqx1tw+W","3b8oz4QiJHgJ2HkQN+HVcw","52ih3SZ69CrJwJDQr/wrAD","5dJrrNMqJL1YGf8i4YMuch","95553kBftJtJVmaYXRP0Lu","c7v77QZ0tHF5qy62fmdJpf","7bjz72QFpC+JGtGtFa0Z3b","29euX9HaNDcJGMZhsraCCz"],["_textureSetter"],["cc.Texture2D","cc.SpriteFrame",["cc.AudioClip",["_name","_native","duration"],0],["cc.JsonAsset",["_name","json"],1]],[[2,0,1,2,4],[3,0,1,3]],[[[[0,"100_rupees",".mp3",2.16],-1],0,0,[],[],[]],[["0,9729,9729,33071,33071,0,0,1",-1],[0],0,[],[],[]],[[[0,"4_50_ notes_ is_ equal_to_1_[200]_note",".mp3",4.68],-1],0,0,[],[],[]],[["0,9729,9729,33071,33071,0,0,1",-1],[0],0,[],[],[]],[[{"name":"500note","rect":[0,0,1167,519],"offset":[0,0],"originalSize":[1167,519],"capInsets":[0,0,0,0]}],[1],0,[0],[0],[0]],[["0,9729,9729,33071,33071,0,0,1",-1],[0],0,[],[],[]],[["0,9729,9729,33071,33071,0,0,1",-1],[0],0,[],[],[]],[[[0,"200_rupees",".mp3",2.016],-1],0,0,[],[],[]],[[[0,"rupees_50",".mp3",1.776],-1],0,0,[],[],[]],[["0,9729,9729,33071,33071,0,0,1",-1],[0],0,[],[],[]],[[[1,"en3503",{"rows":[["createsentence","1","Description","Rupees/2000","","4x500.png","rupees_2000.mp3",""],["createsentence","1","Description","Rupees/50","","5x10.png","rupees_50.mp3",""],["createsentence","1","Description","200/Rupees ","","4x50.png","200_rupees.mp3",""],["createsentence","1","Description","100/Rupees ","","2x50.png","100_rupees.mp3",""],["createsentence","1","Description","200/Rupees ","","2x100.png","200_rupees.mp3",""],["quizliteracy","1","Description","soundonly_image","20note.png","500note.png","20note.png","100note.png","","","20_Rupees.mp3","",""],["quizliteracy","1","Description","image_word","₹100","₹100","₹50","₹20","100note.png","","","",""],["quizliteracy","1","Description","sentence_sentence","₹200","₹2000","₹200","₹400","","4 ₹50 notes is equal to 1 _____ note","4_50_ notes_ is_ equal_to_1_[200]_note.mp3","",""]]}]],0,0,[],[],[]],[["0,9729,9729,33071,33071,0,0,1",-1],[0],0,[],[],[]],[[{"name":"100note","rect":[0,0,627,289],"offset":[0,0],"originalSize":[627,289],"capInsets":[0,0,0,0]}],[1],0,[0],[0],[1]],[[{"name":"5x10","rect":[0,0,826,699],"offset":[0,0],"originalSize":[826,699],"capInsets":[0,0,0,0]}],[1],0,[0],[0],[2]],[["0,9729,9729,33071,33071,0,0,1",-1],[0],0,[],[],[]],[[{"name":"4x50","rect":[0,0,672,372],"offset":[0,0],"originalSize":[672,372],"capInsets":[0,0,0,0]}],[1],0,[0],[0],[3]],[[[0,"20_Rupees",".mp3",1.776],-1],0,0,[],[],[]],[["0,9729,9729,33071,33071,0,0,1",-1],[0],0,[],[],[]],[[{"name":"2x100","rect":[0,0,432,310],"offset":[0,0],"originalSize":[432,310],"capInsets":[0,0,0,0]}],[1],0,[0],[0],[4]],[[{"name":"2x50","rect":[0,0,313,222],"offset":[0,0],"originalSize":[313,222],"capInsets":[0,0,0,0]}],[1],0,[0],[0],[5]],[[{"name":"4x500","rect":[0,0,840,398],"offset":[0,0],"originalSize":[840,398],"capInsets":[0,0,0,0]}],[1],0,[0],[0],[6]],[[{"name":"20note","rect":[0,0,600,305],"offset":[0,0],"originalSize":[600,305],"capInsets":[0,0,0,0]}],[1],0,[0],[0],[7]],[[[0,"rupees_2000",".mp3",2.16],-1],0,0,[],[],[]]]]