[1,["c77shDNztKppmEgjcXpx3Z","45DUHdvRZGBrgSJaCEIKjH","efp6ThyP1Jtr8OLZNnD+cN","22KjT5u/RNbq0yAK34o+AV","494kSBZFFDLbhq8iKdHg91","8faUaUhAZAY5z3pXYOhHbs","acVcXO3ARKqKwr3I74IiBj","62nopptu9Ix7Zahxo4xnJz","5aajF+CgREH4jcTEvqZF5c","91cjl1Di9OV5pcHZjOK4AB","a475VJvdFEWoLBOU9IxqZV","019wLkbahJPoVdV+Oxvjrw","d4FpDTig1Ika348KOFQ6en","19+yLdt0BKopwN42jH+XiV","a33MifKmtEqq69HbPBJesS","1agW4xyA1GM5xzfK2dAQff","96FGZ+rLNIk5w7AOHDVdDv"],["_textureSetter"],["cc.Texture2D","cc.SpriteFrame",["cc.AudioClip",["_name","_native","duration"],0],["cc.JsonAsset",["_name","json"],1]],[[2,0,1,2,4],[3,0,1,3]],[[["0,9729,9729,33071,33071,0,0,1",-1],[0],0,[],[],[]],[[{"name":"airawat","rect":[14,126,555,342],"offset":[-8.5,3],"originalSize":[600,600],"capInsets":[0,0,0,0]}],[1],0,[0],[0],[0]],[[{"name":"saw","rect":[0,0,615,461],"offset":[0,0],"originalSize":[615,461],"capInsets":[0,0,0,0]}],[1],0,[0],[0],[1]],[[{"name":"eagle","rect":[0,0,640,360],"offset":[0,0],"originalSize":[640,360],"capInsets":[0,0,0,0]}],[1],0,[0],[0],[2]],[["0,9729,9729,33071,33071,0,0,1",-1],[0],0,[],[],[]],[["0,9729,9729,33071,33071,0,0,1",-1],[0],0,[],[],[]],[["0,9729,9729,33071,33071,0,0,1",-1],[0],0,[],[],[]],[[{"name":"forest","rect":[0,0,640,427],"offset":[0,0],"originalSize":[640,427],"capInsets":[0,0,0,0]}],[1],0,[0],[0],[3]],[[[0,"दोन",".mp3",0.809796],-1],0,0,[],[],[]],[[[0,"दगड",".mp3",1.044898],-1],0,0,[],[],[]],[[[1,"mr1403",{"rows":[["writecard","1","Description","द","दगड","stone.png","दगड.mp3","दोन","two.png","दोन.mp3","बदक","duck.png","बदक.mp3"],["writecard","1","Description","ड","डब्बा","steel_box.png","डब्बा.mp3","डमरू","damru.png","डमरू.mp3","झाड","tree.png","झाड.mp3"],["writecard","1","Description","व","वन","forest.png","वन.mp3","वेल","creeper.png","वेल.mp3","विळी","विळी.png","विळी.mp3"],["writecard","1","Description","ग","गवत","grass.png","गवत.mp3","गरुड","eagle.png","गरुड.mp3","गदा","mace.png","गदा.mp3"],["writecard","1","Description","ऐ","ऐरण","anvil.png","ऐरण.mp3","ऐक","listen.png","ऐक.mp3","ऐरावत","airawat.png","ऐरावत.mp3"],["quizliteracy","1","Description","soundonly_image","eagle.png","eagle.png","tree.png","stone.png","","","गरुड.mp3"],["quizliteracy","1","Description","soundonly_image","stone.png","tree.png","stone.png","eagle.png","","","दगड.mp3"],["quizliteracy","1","Description","soundonly_image","tree.png","stone.png","eagle.png","tree.png","","","झाड.mp3"]]}]],0,0,[],[],[]],[[{"name":"stone","rect":[0,0,640,480],"offset":[0,0],"originalSize":[640,480],"capInsets":[0,0,0,0]}],[1],0,[0],[0],[4]],[["0,9729,9729,33071,33071,0,0,1",-1],[0],0,[],[],[]],[["0,9729,9729,33071,33071,0,0,1",-1],[0],0,[],[],[]],[[[0,"गदा",".mp3",0.783673],-1],0,0,[],[],[]],[["0,9729,9729,33071,33071,0,0,1",-1],[0],0,[],[],[]],[[{"name":"grass","rect":[0,0,640,427],"offset":[0,0],"originalSize":[640,427],"capInsets":[0,0,0,0]}],[1],0,[0],[0],[5]],[["1,9729,9729,33071,33071,0,0,1",-1],[0],0,[],[],[]],[[{"name":"creeper","rect":[0,0,640,427],"offset":[0,0],"originalSize":[640,427],"capInsets":[0,0,0,0]}],[1],0,[0],[0],[6]],[[[0,"ऐक",".mp3",0.626939],-1],0,0,[],[],[]],[[{"name":"विळी","rect":[0,0,500,375],"offset":[0,0],"originalSize":[500,375],"capInsets":[0,0,0,0]}],[1],0,[0],[0],[7]],[[{"name":"two","rect":[0,0,640,640],"offset":[0,0],"originalSize":[640,640],"capInsets":[0,0,0,0]}],[1],0,[0],[0],[8]],[["0,9729,9729,33071,33071,0,0,1",-1],[0],0,[],[],[]],[["0,9729,9729,33071,33071,0,0,1",-1],[0],0,[],[],[]],[[{"name":"damru","rect":[0,0,640,640],"offset":[0,0],"originalSize":[640,640],"capInsets":[0,0,0,0]}],[1],0,[0],[0],[9]],[[[0,"डमरू",".mp3",1.07102],-1],0,0,[],[],[]],[["0,9729,9729,33071,33071,0,0,1",-1],[0],0,[],[],[]],[[[0,"ऐरण",".mp3",0.966531],-1],0,0,[],[],[]],[[[0,"झाड",".mp3",0.888163],-1],0,0,[],[],[]],[["0,9729,9729,33071,33071,0,0,1",-1],[0],0,[],[],[]],[["0,9729,9729,33071,33071,0,0,1",-1],[0],0,[],[],[]],[[{"name":"anvil","rect":[0,0,897,705],"offset":[0,0],"originalSize":[897,705],"capInsets":[0,0,0,0]}],[1],0,[0],[0],[10]],[[{"name":"tree","rect":[0,0,561,640],"offset":[-7.5,0],"originalSize":[576,640],"capInsets":[0,0,0,0]}],[1],0,[0],[0],[11]],[["0,9729,9729,33071,33071,0,0,1",-1],[0],0,[],[],[]],[[[0,"बदक",".mp3",0.914286],-1],0,0,[],[],[]],[[[0,"ऐरावत",".mp3",1.044898],-1],0,0,[],[],[]],[[{"name":"iron","rect":[0,0,640,379],"offset":[0,0],"originalSize":[640,379],"capInsets":[0,0,0,0]}],[1],0,[0],[0],[12]],[[{"name":"steel_box","rect":[0,0,640,640],"offset":[0,0],"originalSize":[640,640],"capInsets":[0,0,0,0]}],[1],0,[0],[0],[13]],[["0,9729,9729,33071,33071,0,0,1",-1],[0],0,[],[],[]],[[[0,"वेल",".mp3",0.679184],-1],0,0,[],[],[]],[[{"name":"listen","rect":[0,83,600,435],"offset":[0,-0.5],"originalSize":[600,600],"capInsets":[0,0,0,0]}],[1],0,[0],[0],[14]],[["0,9729,9729,33071,33071,0,0,1",-1],[0],0,[],[],[]],[[[0,"वन",".mp3",0.914286],-1],0,0,[],[],[]],[[{"name":"duck","rect":[0,0,640,527],"offset":[0,0],"originalSize":[640,527],"capInsets":[0,0,0,0]}],[1],0,[0],[0],[15]],[[[0,"विळी",".mp3",0.862041],-1],0,0,[],[],[]],[[[0,"गवत",".mp3",1.018776],-1],0,0,[],[],[]],[["0,9729,9729,33071,33071,0,0,1",-1],[0],0,[],[],[]],[[[0,"गरुड",".mp3",0.757551],-1],0,0,[],[],[]],[[{"name":"mace","rect":[6,60,628,197],"offset":[0,1.5],"originalSize":[640,320],"capInsets":[0,0,0,0]}],[1],0,[0],[0],[16]],[[[0,"डब्बा",".mp3",0.940408],-1],0,0,[],[],[]]]]