[1,["df9tsLaa9OE4PK4OcDS9Sq","39mZm9XshF7p41W+49YghY","76l6LwDkpLPaX+opOvjhK+","aazI/Wc+ZPCKOEiH9HsJoN","b4xZ01WxRCQ6qFBgQVeIoJ","03P/XjcYhOp6VyCRb3jMRr"],["_textureSetter"],["cc.Texture2D","cc.SpriteFrame",["cc.AudioClip",["_name","_native","duration"],0],["cc.JsonAsset",["_name","json"],1]],[[2,0,1,2,4],[3,0,1,3]],[[["0,9729,9729,33071,33071,0,0,1",-1],[0],0,[],[],[]],[[[0,"Ram_is_tall",".mp3",1.536],-1],0,0,[],[],[]],[[[0,"Omar_is_a_student.mp3",".mp3",1.880816],-1],0,0,[],[],[]],[[[0,"Rahim_is_a_boy",".mp3",1.584],-1],0,0,[],[],[]],[[{"name":"Jerryreadsa_bookat_school","rect":[0,39,709,664],"offset":[0,-19.5],"originalSize":[709,703],"capInsets":[0,0,0,0]}],[1],0,[0],[0],[0]],[[[0,"Amadu_is_a_boy.mp3",".mp3",1.802449],-1],0,0,[],[],[]],[[[1,"sl_en3305",{"rows":[["createsentence","1","Description","Megan/is/a girl","","aartiisa_girl.png","Megan_is_a_girl.mp3"],["createsentence","1","Description","Omar/is/a student","","Jerryreadsa_bookat_school.png","Omar_is_a_student.mp3"],["createsentence","1","Description","Edward/is/tall","","Chrisisa_tallboy.png","Edward_is_tall.mp3"],["createsentence","1","Description","Pruvah/has/a sister","","Pruvahsister.png","Pruvah_has_a_sister.mp3"],["createsentence","1","Description","Amadu/is/a boy","","Johnisa_boy.png","Amadu_is_a_boy.mp3"],["quizliteracy","1","Description","sentence_sentence","Megan","Megan","Pruvah","Edward","","____ is a girl.","Megan_is_a_girl.mp3"],["quizliteracy","1","Description","sentence_sentence","Omar","Pruvah","Megan","Omar","","__ is a student.","Omar_is_a_student.mp3"],["quizliteracy","1","Description","sentence_sentence","Edward","Pruvah","Edward","Megan","","____ is tall.","Edward_is_tall.mp3"],["quizliteracy","1","Description","image_sentence","Pruvah has a sister.","Edward is tall.","Megan is a girl.","Pruvah has a sister.","Pruvahsister.png","","Pruvah_has_a_sister.mp3"],["quizliteracy","1","Description","image_sentence","Amadu is a boy.","Amadu is a boy.","Pruvah is a sister.","Edward is tall.","Johnisa_boy.png","","Amadu_is_a_boy.mp3"]]}]],0,0,[],[],[]],[[{"name":"aartiisa_girl","rect":[0,0,868,689],"offset":[0,0],"originalSize":[868,689],"capInsets":[0,0,0,0]}],[1],0,[0],[0],[1]],[["0,9729,9729,33071,33071,0,0,1",-1],[0],0,[],[],[]],[[[0,"Pruvah_has_a_sister.mp3",".mp3",1.697959],-1],0,0,[],[],[]],[[{"name":"Natashaisa_helpfulfriend","rect":[0,0,1073,1157],"offset":[0,0],"originalSize":[1073,1157],"capInsets":[0,0,0,0]}],[1],0,[0],[0],[2]],[["1,9729,9729,33071,33071,0,0,1",-1],[0],0,[],[],[]],[[[0,"Edward_is_tall.mp3",".mp3",2.011429],-1],0,0,[],[],[]],[[[0,"Rita_has_a_sister",".mp3",1.872],-1],0,0,[],[],[]],[[{"name":"Johnisa_boy","rect":[0,0,868,689],"offset":[0,0],"originalSize":[868,689],"capInsets":[0,0,0,0]}],[1],0,[0],[0],[3]],[["0,9729,9729,33071,33071,0,0,1",-1],[0],0,[],[],[]],[["0,9729,9729,33071,33071,0,0,1",-1],[0],0,[],[],[]],[[[0,"Megan_is_a_girl.mp3",".mp3",1.38449],-1],0,0,[],[],[]],[[{"name":"Pruvahsister","rect":[0,0,605,594],"offset":[0,0],"originalSize":[605,594],"capInsets":[0,0,0,0]}],[1],0,[0],[0],[4]],[["0,9729,9729,33071,33071,0,0,1",-1],[0],0,[],[],[]],[[{"name":"Chrisisa_tallboy","rect":[0,0,868,689],"offset":[0,0],"originalSize":[868,689],"capInsets":[0,0,0,0]}],[1],0,[0],[0],[5]]]]