[1,["83Psb7ThtE1oTVJ/09Gros","b4ca7AaC1K9qfm8s7bSiTy","9aN0Q98t5P+q5NYvCclamS"],["_textureSetter"],["cc.SpriteFrame","cc.Texture2D",["cc.AudioClip",["_name","_native","duration"],0],["cc.JsonAsset",["_name","json"],1]],[[2,0,1,2,4],[3,0,1,3]],[[[[0,"धन",".mp3",0.600816],-1],0,0,[],[],[]],[[[1,"hi0118",{"rows":[["phonictractor","1","Description","5","ध","ध.mp3","ध","ध.mp3"],["writeletter","1","Description","ध","धन"],["writecard","1","Description","ध","धन","धन.png","धन.mp3","धनुष","धनुष.png","धनुष.mp3","धातु","धातु.png","धातु.mp3"],["quizliteracy","1","Description","soundonly_word","ध","द","ध","ऐ","","","ध.mp3"],["quizliteracy","1","Description","word_word","ध","ध","द","प","","ध"],["quizliteracy","1","Description","soundonly_word","ध","इ","प","ध","","","ध.mp3"]]}]],0,0,[],[],[]],[[[0,"धनुष",".mp3",0.705306],-1],0,0,[],[],[]],[[[0,"धातु",".mp3",0.783673],-1],0,0,[],[],[]],[[{"name":"धनुष","rect":[0,0,400,333],"offset":[0,0],"originalSize":[400,333],"capInsets":[0,0,0,0]}],[0],0,[0],[0],[0]],[[{"name":"धातु","rect":[0,0,259,194],"offset":[0,0],"originalSize":[259,194],"capInsets":[0,0,0,0]}],[0],0,[0],[0],[1]],[["0,9729,9729,33071,33071,0,0,1",-1],[1],0,[],[],[]],[["0,9729,9729,33071,33071,0,0,1",-1],[1],0,[],[],[]],[[[0,"ध",".mp3",0.47025],-1],0,0,[],[],[]],[["0,9729,9729,33071,33071,0,0,1",-1],[1],0,[],[],[]],[[{"name":"धन","rect":[0,0,400,333],"offset":[0,0],"originalSize":[400,333],"capInsets":[0,0,0,0]}],[0],0,[0],[0],[2]]]]