[1,["a0BqQbTyVNVYE9FZ7pEG8n","c8z8wktB1LZ73hjIYdrtY6","8fr8nYbyJBO7eRPkTmW8ZO","a1oBmFnOZG14PRw9XD1n06"],["_textureSetter"],["cc.SpriteFrame","cc.Texture2D",["cc.AudioClip",["_name","_native","duration"],0],["cc.JsonAsset",["_name","json"],1]],[[2,0,1,2,4],[3,0,1,3]],[[[{"name":"folksinger","rect":[0,0,532,800],"offset":[0,0],"originalSize":[532,800],"capInsets":[0,0,0,0]}],[0],0,[0],[0],[0]],[[[0,"ಸೀತಾಳ ತಂಗಿ ನೀತಾ",".mp3",1.608],-1],0,0,[],[],[]],[[[1,"kn1704",{"rows":[["createsentence","1","Description","ಸಾವಿರ/ಹಾಡಿನ/ಸರದಾರ","","folksinger.png","ಸಾವಿರ ಹಾಡಿನ ಸರದಾರ.mp3"],["createsentence","1","Description","ಕಿಟಕಿಯ/ಬಳಿ/ಚಿಮಣಿ/ದೀಪ","","lamp_near_window.png","ಕಿಟಕಿಯ ಬಳಿ ಚಿಮಣಿ ದೀಪ.mp3"],["createsentence","1","Description","ಸೀತಾಳ/ತಂಗಿ/ನೀತಾ","","sisters.png","ಸೀತಾಳ ತಂಗಿ ನೀತಾ.mp3"],["createsentence","1","Description","ನೀತಾ/ಪೀಪೀ/ತಾ","","girlwithflute.png","ನೀತಾ ಪೀಪೀ ತಾ.mp3"],["quizliteracy","1","Description","soundonly_sentence","ಕಿಟಕಿಯ ಬಳಿ ಚಿಮಣಿ ದೀಪ","ನೀತಾ ಪೀಪೀ ತಾ","ಸೀತಾಳ ತಂಗಿ ನೀತಾ","ಕಿಟಕಿಯ ಬಳಿ ಚಿಮಣಿ ದೀಪ","","","ಕಿಟಕಿಯ ಬಳಿ ಚಿಮಣಿ ದೀಪ.mp3"],["quizliteracy","1","Description","soundonly_sentence","ಸೀತಾಳ ತಂಗಿ ನೀತಾ","ಸೀತಾಳ ತಂಗಿ ನೀತಾ","ಕಿಟಕಿಯ ಬಳಿ ಚಿಮಣಿ ದೀಪ","ನೀತಾ ಪೀಪೀ ತಾ","","","ಸೀತಾಳ ತಂಗಿ ನೀತಾ.mp3"],["quizliteracy","1","Description","soundonly_sentence","ನೀತಾ ಪೀಪೀ ತಾ","ಕಿಟಕಿಯ ಬಳಿ ಚಿಮಣಿ ದೀಪ","ನೀತಾ ಪೀಪೀ ತಾ","ಸೀತಾಳ ತಂಗಿ ನೀತಾ","","","ನೀತಾ ಪೀಪೀ ತಾ.mp3"]]}]],0,0,[],[],[]],[["0,9729,9729,33071,33071,0,0,1",-1],[1],0,[],[],[]],[["0,9729,9729,33071,33071,0,0,1",-1],[1],0,[],[],[]],[["0,9729,9729,33071,33071,0,0,1",-1],[1],0,[],[],[]],[[{"name":"sisters","rect":[0,0,500,471],"offset":[0,0],"originalSize":[500,471],"capInsets":[0,0,0,0]}],[0],0,[0],[0],[1]],[[{"name":"lamp_near_window","rect":[0,0,533,800],"offset":[0,0],"originalSize":[533,800],"capInsets":[0,0,0,0]}],[0],0,[0],[0],[2]],[[[0,"ಕಿಟಕಿಯ ಬಳಿ ಚಿಮಣಿ ದೀಪ",".mp3",1.848],-1],0,0,[],[],[]],[[{"name":"girlwithflute","rect":[0,0,531,800],"offset":[0,0],"originalSize":[531,800],"capInsets":[0,0,0,0]}],[0],0,[0],[0],[3]],[[[0,"ಸಾವಿರ ಹಾಡಿನ ಸರದಾರ",".mp3",1.776],-1],0,0,[],[],[]],[["0,9729,9729,33071,33071,0,0,1",-1],[1],0,[],[],[]],[[[0,"ನೀತಾ ಪೀಪೀ ತಾ",".mp3",1.296],-1],0,0,[],[],[]]]]