[1,["33fl7Kx4BHEoabxryTqkRY","c71Pb4R7RHVqwv5hM9gzoU","54ra0YhyhJzKkC1jCR7Gia","07PEiXjfhGn6DST2xe2wM8","6fsf4kTUZCSrIZ8sMtpOow","5bxWFw+WlAH7PnQlq9kNBw","7fXPEDVHxKzqvZo6CwBtri","746lHAid1AEqeMyIa68WjG"],["_textureSetter"],["cc.Texture2D","cc.SpriteFrame",["cc.AudioClip",["_name","_native","duration"],0],["cc.JsonAsset",["_name","json"],1]],[[2,0,1,2,4],[3,0,1,3]],[[["0,9729,9729,33071,33071,0,0,1",-1],[0],0,[],[],[]],[[[0,"Jatin_and_Keya_like_potatoes",".mp3",2.904],-1],0,0,[],[],[]],[[{"name":"house","rect":[0,0,512,365],"offset":[0,0],"originalSize":[512,365],"capInsets":[0,0,0,0]}],[1],0,[0],[0],[0]],[[[0,"table",".mp3",0.679184],-1],0,0,[],[],[]],[[[0,"pen",".mp3",0.809796],-1],0,0,[],[],[]],[[[0,"television",".mp3",0.888163],-1],0,0,[],[],[]],[[[0,"lamp",".mp3",0.548571],-1],0,0,[],[],[]],[[[0,"sink",".mp3",0.862041],-1],0,0,[],[],[]],[[[0,"He_doesn't_have_a_pen",".mp3",1.750204],-1],0,0,[],[],[]],[["0,9729,9729,33071,33071,0,0,1",-1],[0],0,[],[],[]],[[{"name":"image_11_1","rect":[0,0,845,731],"offset":[0,0],"originalSize":[845,731],"capInsets":[0,0,0,0]}],[1],0,[0],[0],[1]],[[[0,"door",".mp3",0.653061],-1],0,0,[],[],[]],[[[0,"There_are_books_on_the_desk",".mp3",1.933061],-1],0,0,[],[],[]],[[{"name":"bus","rect":[67,152,446,181],"offset":[0,-12.5],"originalSize":[580,460],"capInsets":[0,0,0,0]}],[1],0,[0],[0],[2]],[[[0,"roof",".mp3",0.731429],-1],0,0,[],[],[]],[["0,9729,9729,33071,33071,0,0,1",-1],[0],0,[],[],[]],[[[0,"We_need_a_lamp",".mp3",1.436735],-1],0,0,[],[],[]],[["1,9729,9729,33071,33071,0,0,1",-1],[0],0,[],[],[]],[[{"name":"bed","rect":[0,0,512,384],"offset":[0,0],"originalSize":[512,384],"capInsets":[0,0,0,0]}],[1],0,[0],[0],[3]],[["1,9729,9729,33071,33071,0,0,1",-1],[0],0,[],[],[]],[[[0,"living_room",".mp3",0.992653],-1],0,0,[],[],[]],[[[0,"house",".mp3",0.626939],-1],0,0,[],[],[]],[["1,9729,9729,33071,33071,0,0,1",-1],[0],0,[],[],[]],[[[0,"yard",".mp3",0.888163],-1],0,0,[],[],[]],[[[0,"tree",".mp3",0.731429],-1],0,0,[],[],[]],[["0,9729,9729,33071,33071,0,0,1",-1],[0],0,[],[],[]],[[[0,"fence",".mp3",0.705306],-1],0,0,[],[],[]],[[[0,"bed",".mp3",0.600816],-1],0,0,[],[],[]],[[[0,"towel",".mp3",0.731429],-1],0,0,[],[],[]],[[[0,"flower",".mp3",0.835918],-1],0,0,[],[],[]],[[[0,"tent",".mp3",0.940408],-1],0,0,[],[],[]],[[[0,"sofa",".mp3",0.835918],-1],0,0,[],[],[]],[[{"name":"image_11_3","rect":[0,0,845,695],"offset":[0,0],"originalSize":[845,695],"capInsets":[0,0,0,0]}],[1],0,[0],[0],[4]],[[[0,"window",".mp3",0.862041],-1],0,0,[],[],[]],[[[0,"She_likes_the_pink_shoes",".mp3",2.011429],-1],0,0,[],[],[]],[[{"name":"image_11_2","rect":[0,0,845,695],"offset":[0,0],"originalSize":[845,695],"capInsets":[0,0,0,0]}],[1],0,[0],[0],[5]],[[[0,"bubbles",".mp3",0.835918],-1],0,0,[],[],[]],[["1,9729,9729,33071,33071,0,0,1",-1],[0],0,[],[],[]],[[[0,"bathroom",".mp3",0.783673],-1],0,0,[],[],[]],[[[0,"book",".mp3",0.574694],-1],0,0,[],[],[]],[[[0,"There_are_three_beds",".mp3",1.462857],-1],0,0,[],[],[]],[[{"name":"box","rect":[0,7,140,127],"offset":[0,-0.5],"originalSize":[140,140],"capInsets":[0,0,0,0]}],[1],0,[0],[0],[6]],[[{"name":"image_11_4","rect":[0,0,845,695],"offset":[0,0],"originalSize":[845,695],"capInsets":[0,0,0,0]}],[1],0,[0],[0],[7]],[[[1,"sl_en2412",{"rows":[["fillblank","1","Description","He doesn't have a [pen].","He_doesn't_have_a_pen.mp3","desk","paint","paper","10"],["fillblank","1","Description","Jatin and Keya like [potatoes].","Jatin_and_Keya_like_potatoes.mp3","want","love","hate","15"],["fillblank","1","Description","She likes the pink [shoes].","She_likes_the_pink_shoes.mp3","skirts","shirts","shorts","15"],["fillblank","1","Description","There are [books] on the desk.","There_are_books_on_the_desk.mp3","chairs","desks","paint","15"],["fillblank","1","Description","There are three [beds].","There_are_three_beds.mp3","cups","tables","lamps","10"],["fillblank","1","Description","We need a [lamp].","We_need_a_lamp.mp3","table","bed","chair","10"],["tag","1","Description","image_11_1.jpg","house","1112.-1504","house.mp3","window","1245.-1120","window.mp3","door","1130.-580","door.mp3","roof","492.-1242","roof.mp3","yard","430.-606","yard.mp3"],["tag","1","Description","image_11_2.jpg","yard","319.-1488","yard.mp3","tree","1256.-1272","tree.mp3","flower","680.-986","flower.mp3","fence","1256.-745","fence.mp3","tent","627.-554","tent.mp3"],["tag","1","Description","image_11_3.jpg","living room","319.-1488","living_room.mp3","table","1143.-627","table.mp3","sofa","395.-609","sofa.mp3","lamp","654.-1168","lamp.mp3","television","1281.-967","television.mp3"],["tag","1","Description","image_11_4.jpg","bathroom","280.-1520","bathroom.mp3","bathtub","434.-605","bathtub.mp3","sink","934.-690","sink.mp3","soap","1094.-1035","soap.mp3","bubbles","306.-963","bubbles.mp3","towel","838.-1213","towel.mp3"],["quizliteracy","1","Description","word_word","n","a","n","x","","pe_","pen.mp3"],["quizliteracy","1","Description","word_word","oo","ai","oo","ea","","b___k","book.mp3"],["quizliteracy","1","Description","image_word","house","house","paper","clock","house.png"],["quizliteracy","1","Description","soundonly_image","bed.png","bus.png","bed.png","box.png","","","bed.mp3"],["quizliteracy","1","Description","soundonly_word","bathroom","window","bathroom","door","","","bathroom.mp3"]]}]],0,0,[],[],[]],[[[0,"soap",".mp3",0.757551],-1],0,0,[],[],[]],[[[0,"bathtub",".mp3",0.783673],-1],0,0,[],[],[]]]]