[1,["d7I6rMj+VMFYAItTRgXJEX","9e8p1Ze/NBBY/aS2UUj4et","dbpQUc6UpCCLRGLUE+uZO+","80zaN2951JQq7o/LObdE/z","0dRbE+G5FB0YfCWiPCyd5D"],["_textureSetter"],["cc.Texture2D","cc.SpriteFrame",["cc.AudioClip",["_name","_native","duration"],0],["cc.JsonAsset",["_name","json"],1]],[[2,0,1,2,4],[3,0,1,3]],[[["0,9729,9729,33071,33071,0,0,1",-1],[0],0,[],[],[]],[[{"name":"palace","rect":[0,0,605,800],"offset":[0,0],"originalSize":[605,800],"capInsets":[0,0,0,0]}],[1],0,[0],[0],[0]],[[{"name":"nehru","rect":[0,0,800,480],"offset":[0,0],"originalSize":[800,480],"capInsets":[0,0,0,0]}],[1],0,[0],[0],[1]],[[[0,"ನೆಹರು",".mp3",0.744],-1],0,0,[],[],[]],[[{"name":"lake","rect":[0,0,800,450],"offset":[0,0],"originalSize":[800,450],"capInsets":[0,0,0,0]}],[1],0,[0],[0],[2]],[[{"name":"brinjal","rect":[0,0,800,599],"offset":[0,0],"originalSize":[800,599],"capInsets":[0,0,0,0]}],[1],0,[0],[0],[3]],[[[0,"ಅರಮನೆ",".mp3",0.816],-1],0,0,[],[],[]],[[[1,"kn4308",{"rows":[["spelldoor","1","Description","ನೆಹರು","*ಹರು","0","0","nehru.png","ನೆಹರು.mp3"],["spelldoor","1","Description","ಅರಮನೆ","ಅರಮ*","0","0","palace.png","ಅರಮನೆ.mp3"],["spelldoor","1","Description","ಗೆಲುವು","*ಲುವು","0","0","victory.png","ಗೆಲುವು.mp3"],["spelldoor","1","Description","ಕೆರೆ","*ರೆ","0","0","lake.png","ಕೆರೆ.mp3"],["spelldoor","1","Description","ಬದನೆಕಾಯಿ","ಬದ*ಕಾಯಿ","0","0","brinjal.png","ಬದನೆಕಾಯಿ.mp3"],["quizliteracy","1","Description","word_word","ಅರ","ಅರ","ಕೆರೆ","ಗಿರಿ","","____ಮನೆ","ಅರಮನೆ.mp3"],["quizliteracy","1","Description","image_word","ಬದನೆಕಾಯಿ","ಗೆಲುವು","ಬದನೆಕಾಯಿ","ಕೆರೆ","brinjal.png"],["quizliteracy","1","Description","soundonly_word","ಗೆಲುವು","ನೆಹರು","ಅರಮನೆ","ಗೆಲುವು","","","ಗೆಲುವು.mp3"]]}]],0,0,[],[],[]],[["0,9729,9729,33071,33071,0,0,1",-1],[0],0,[],[],[]],[[[0,"ಗೆಲುವು",".mp3",0.816],-1],0,0,[],[],[]],[["0,9729,9729,33071,33071,0,0,1",-1],[0],0,[],[],[]],[[[0,"ಕೆರೆ",".mp3",0.624],-1],0,0,[],[],[]],[["0,9729,9729,33071,33071,0,0,1",-1],[0],0,[],[],[]],[["0,9729,9729,33071,33071,0,0,1",-1],[0],0,[],[],[]],[[{"name":"victory","rect":[0,0,800,460],"offset":[0,0],"originalSize":[800,460],"capInsets":[0,0,0,0]}],[1],0,[0],[0],[4]],[[[0,"ಬದನೆಕಾಯಿ",".mp3",1.08],-1],0,0,[],[],[]]]]