[1,["72QDNknRBPRKDslXp6qwfz","bfkXaBdL5G2rvMYNR3eoxc","9dazhGpgRCZId5PmtydS1i","9fOd6tOrBJYYzlMvlt6B8X","05i++IoelOspqlPfBirmeX","f9ZflCxr5LBatrfDJROyu/"],["_textureSetter"],["cc.Texture2D","cc.SpriteFrame",["cc.AudioClip",["_name","_native","duration"],0],["cc.JsonAsset",["_name","json"],1]],[[2,0,1,2,4],[3,0,1,3]],[[["0,9729,9729,33071,33071,0,0,1",-1],[0],0,[],[],[]],[[{"name":"plant_seed","rect":[0,0,640,429],"offset":[0,0],"originalSize":[640,429],"capInsets":[0,0,0,0]}],[1],0,[0],[0],[0]],[[{"name":"shoots_sprout","rect":[0,0,640,427],"offset":[0,0],"originalSize":[640,427],"capInsets":[0,0,0,0]}],[1],0,[0],[0],[1]],[[[0,"कोंब_फुटले",".mp3",1.227755],-1],0,0,[],[],[]],[[[0,"पाने_आली_फुले_आली",".mp3",2.089796],-1],0,0,[],[],[]],[["0,9729,9729,33071,33071,0,0,1",-1],[0],0,[],[],[]],[[{"name":"plant_grew","rect":[0,0,640,480],"offset":[0,0],"originalSize":[640,480],"capInsets":[0,0,0,0]}],[1],0,[0],[0],[2]],[[[0,"बी_रुजवले",".mp3",1.38449],-1],0,0,[],[],[]],[["0,9729,9729,33071,33071,0,0,1",-1],[0],0,[],[],[]],[["0,9729,9729,33071,33071,0,0,1",-1],[0],0,[],[],[]],[[[0,"रोप_वाढले",".mp3",1.410612],-1],0,0,[],[],[]],[["0,9729,9729,33071,33071,0,0,1",-1],[0],0,[],[],[]],[[{"name":"fruits_plant","rect":[0,0,640,480],"offset":[0,0],"originalSize":[640,480],"capInsets":[0,0,0,0]}],[1],0,[0],[0],[3]],[[[0,"झाडाला_फळे_आली",".mp3",1.880816],-1],0,0,[],[],[]],[[[0,"पाणी_घातले",".mp3",1.38449],-1],0,0,[],[],[]],[[{"name":"Leaves_flowers_plant","rect":[0,0,256,256],"offset":[0,0],"originalSize":[256,256],"capInsets":[0,0,0,0]}],[1],0,[0],[0],[4]],[[{"name":"Watering","rect":[0,0,640,427],"offset":[0,0],"originalSize":[640,427],"capInsets":[0,0,0,0]}],[1],0,[0],[0],[5]],[[[1,"mr2109",{"rows":[["createsentence","1","Description","बी/रुजवले.","","plant_seed.png","बी_रुजवले.mp3"],["createsentence","1","Description","पाणी/घातले.","","Watering.png","पाणी_घातले.mp3"],["createsentence","1","Description","रोप/वाढले","","plant_grew.png","रोप_वाढले.mp3"],["createsentence","1","Description","कोंब/फुटले.","","shoots_sprout.png","कोंब_फुटले.mp3"],["createsentence","1","Description","पाने/आली/फुले/आली.","","Leaves_flowers_plant.png","पाने_आली_फुले_आली.mp3"],["createsentence","1","Description","झाडाला/फळे/आली.","","fruits_plant.png","झाडाला_फळे_आली.mp3"],["quizliteracy","1","Description","soundonly_sentence","पाणी घातले.","पाणी घातले.","रोप वाढले.","कोंब फुटले.","","","पाणी_घातले.mp3"],["quizliteracy","1","Description","soundonly_sentence","रोप वाढले.","कोंब फुटले.","पाणी घातले.","रोप वाढले.","","","रोप_वाढले.mp3"],["quizliteracy","1","Description","soundonly_sentence","कोंब फुटले.","रोप वाढले.","कोंब फुटले.","पाणी घातले.","","","कोंब_फुटले.mp3"]]}]],0,0,[],[],[]],[["0,9729,9729,33071,33071,0,0,1",-1],[0],0,[],[],[]]]]