[1,["39FTK5WeNHb4mWZNflxROT","achFrBAYBIVaNbUBBCdqsK","dfM2uSAYBPnZy41H3klmJf","37wtigif9O0aSbelUIKFYM","3eFvX0lj5FKagBwoL+QmnJ","ecl1k+TgtJrrHJEkoeAozt","57166TFAFC4oMe8nBiqWD/","efU4senFxLOLf8riONouis","18WqjHO5ZC15f1n0iiwQTv"],["_textureSetter"],["cc.SpriteFrame","cc.Texture2D",["cc.AudioClip",["_name","_native","duration"],0],["cc.JsonAsset",["_name","json"],1]],[[2,0,1,2,4],[3,0,1,3]],[[[[0,"climbed",".mp3",1.008],-1],0,0,[],[],[]],[[{"name":"sit","rect":[0,0,322,512],"offset":[0,0],"originalSize":[322,512],"capInsets":[0,0,0,0]}],[0],0,[0],[0],[0]],[["0,9729,9729,33071,33071,0,0,1",-1],[1],0,[],[],[]],[[{"name":"pointed","rect":[0,0,512,512],"offset":[0,0],"originalSize":[512,512],"capInsets":[0,0,0,0]}],[0],0,[0],[0],[1]],[[[0,"pointed",".mp3",1.08],-1],0,0,[],[],[]],[["0,9729,9729,33071,33071,0,0,1",-1],[1],0,[],[],[]],[["0,9729,9729,33071,33071,0,0,1",-1],[1],0,[],[],[]],[[[0,"ate",".mp3",0.792],-1],0,0,[],[],[]],[["0,9729,9729,33071,33071,0,0,1",-1],[1],0,[],[],[]],[[{"name":"walked","rect":[0,0,740,645],"offset":[0,0],"originalSize":[740,645],"capInsets":[0,0,0,0]}],[0],0,[0],[0],[2]],[[{"name":"opened","rect":[0,0,512,364],"offset":[0,0],"originalSize":[512,364],"capInsets":[0,0,0,0]}],[0],0,[0],[0],[3]],[[[1,"en2608",{"rows":[["rocket","1","Description","pointed","p,o,i,n,t,e,d","p,o,i,n,t,e,d","pointed.mp3","pointed.png","False","False"],["spelldoor","1","Description","ran","***","4","2","ran.png","ran.mp3"],["rocket","1","Description","wrote","w,r,o,t,e","w,r,o,t,e","wrote.mp3","wrote.png","False","True"],["spelldoor","1","Description","cooked","coo***","4","1","cooked.png","cooked.mp3"],["rocket","1","Description","ate","a,t,e","a,t,e","ate.mp3","ate.png","False","False"],["spelldoor","1","Description","climbed","clim***","4","1","climbed.png","climbed.mp3"],["openwindow","1","Description","LEGIT","walked","walked.png","sit.png","walked.mp3","abcdefghijklmnopqrstuvwxyz"],["spelldoor","1","Description","opened","*pened","0","2","opened.png","opened.mp3"],["quizliteracy","1","Description","image_word","ran","ran","wrote","climbed","ran.png"],["quizliteracy","1","Description","image_word","wrote","climbed","ran","wrote","wrote.png"],["quizliteracy","1","Description","image_word","climbed","wrote","climbed","ran","climbed.png"]]}]],0,0,[],[],[]],[[{"name":"ate","rect":[0,0,468,512],"offset":[0,0],"originalSize":[468,512],"capInsets":[0,0,0,0]}],[0],0,[0],[0],[4]],[["0,9729,9729,33071,33071,0,0,1",-1],[1],0,[],[],[]],[[{"name":"climbed","rect":[0,0,512,341],"offset":[0,0],"originalSize":[512,341],"capInsets":[0,0,0,0]}],[0],0,[0],[0],[5]],[[[0,"walked",".mp3",0.96],-1],0,0,[],[],[]],[[[0,"wrote",".mp3",0.912],-1],0,0,[],[],[]],[[[0,"ran",".mp3",0.912],-1],0,0,[],[],[]],[[[0,"cooked",".mp3",0.864],-1],0,0,[],[],[]],[["0,9729,9729,33071,33071,0,0,1",-1],[1],0,[],[],[]],[[{"name":"wrote","rect":[0,0,626,626],"offset":[0,0],"originalSize":[626,626],"capInsets":[0,0,0,0]}],[0],0,[0],[0],[6]],[[{"name":"ran","rect":[0,0,411,512],"offset":[0,0],"originalSize":[411,512],"capInsets":[0,0,0,0]}],[0],0,[0],[0],[7]],[["0,9729,9729,33071,33071,0,0,1",-1],[1],0,[],[],[]],[[{"name":"cooked","rect":[0,0,512,341],"offset":[0,0],"originalSize":[512,341],"capInsets":[0,0,0,0]}],[0],0,[0],[0],[8]],[[[0,"opened",".mp3",1.008],-1],0,0,[],[],[]],[["0,9729,9729,33071,33071,0,0,1",-1],[1],0,[],[],[]],[["0,9729,9729,33071,33071,0,0,1",-1],[1],0,[],[],[]]]]