[1,["3fOhW7rPREHIiZLkHdZVQn","cdWoqhpnFCdJK0FMMBUxuE","fbBPyriTZEd7ZHx7PbNCMa"],["_textureSetter"],["cc.Texture2D","cc.SpriteFrame",["cc.JsonAsset",["_name","json"],1],["cc.AudioClip",["_name","_native","duration"],0]],[[3,0,1,2,4],[2,0,1,3]],[[[[1,"kn3200",{"rows":[["phonictractor","1","Description","4","ದಿನಾಲೂ","ದಿನಾಲೂ.mp3","ದಿ","ದಿ.mp3","ನಾ","ನಾ.mp3","ಲೂ","ಲೂ.mp3"],["spelldoor","1","Description","ಅ,ಜ್ಜಿ","**","0","0","grandma.png","ಅಜ್ಜಿ.mp3"],["phonictractor","1","Description","4","ನೀವು","ನೀವು.mp3","ನೀ","ನೀ.mp3","ವು","ವು.mp3"],["spelldoor","1","Description","ಸಂಜೆ","","","","evening.png","ಸಂಜೆ.mp3"],["phonictractor","1","Description","4","ಹೌದು","ಹೌದು.mp3","ಹೌ","ಹೌ.mp3","ದು","ದು.mp3"],["spelldoor","1","Description","ಹೂದೋಟ","***","0","0","flower_garden.png","ಹೂದೋಟ.mp3"],["quizliteracy","1","Description","word_word","ದೋಟ","ಹಾರ","ಗಿಡ","ದೋಟ","","ಹೂ_____","ಹೂದೋಟ.mp3"],["quizliteracy","1","Description","image_word","ಅಜ್ಜಿ","ಅಜ್ಜಿ","ಹೌದು","ನೀವು","grandma.png"],["quizliteracy","1","Description","soundonly_word","ಹೌದು","ನೀವು","ಸಂಜೆ","ಹೌದು","","","ಹೌದು.mp3"]]}]],0,0,[],[],[]],[[[0,"ಹೂದೋಟ",".mp3",0.84],-1],0,0,[],[],[]],[[[0,"ಅಜ್ಜಿ",".mp3",0.744],-1],0,0,[],[],[]],[["0,9729,9729,33071,33071,0,0,1",-1],[0],0,[],[],[]],[[[0,"ಲೂ",".mp3",0.576],-1],0,0,[],[],[]],[[[0,"ಹೌದು",".mp3",0.768],-1],0,0,[],[],[]],[[{"name":"evening","rect":[0,0,512,341],"offset":[0,0],"originalSize":[512,341],"capInsets":[0,0,0,0]}],[1],0,[0],[0],[0]],[[[0,"ನೀ",".mp3",0.528],-1],0,0,[],[],[]],[[[0,"ದಿನಾಲೂ",".mp3",0.816],-1],0,0,[],[],[]],[[[0,"ನೀವು",".mp3",0.696],-1],0,0,[],[],[]],[[[0,"ಹೌ",".mp3",0.624],-1],0,0,[],[],[]],[[[0,"ದು",".mp3",0.552],-1],0,0,[],[],[]],[[{"name":"grandma","rect":[0,0,500,300],"offset":[0,0],"originalSize":[500,300],"capInsets":[0,0,0,0]}],[1],0,[0],[0],[1]],[[[0,"ಸಂಜೆ",".mp3",0.816],-1],0,0,[],[],[]],[["0,9729,9729,33071,33071,0,0,1",-1],[0],0,[],[],[]],[[[0,"ನಾ",".mp3",0.504],-1],0,0,[],[],[]],[[[0,"ವು",".mp3",0.528],-1],0,0,[],[],[]],[[{"name":"flower_garden","rect":[0,0,512,384],"offset":[0,0],"originalSize":[512,384],"capInsets":[0,0,0,0]}],[1],0,[0],[0],[2]],[[[0,"ದಿ",".mp3",0.528],-1],0,0,[],[],[]],[["0,9729,9729,33071,33071,0,0,1",-1],[0],0,[],[],[]]]]