[1,["06jOJussJPL4WC4rY84rVP","bbsw7wCRZGmYCK0uEetHkb","bckk7dGBpOk6/nkD8f8zuf","33Yq7GsNBLNr5x+M66u1nQ","a5TPF/eZNPI6Yx8qN152rX","2foiZkQhJBqL2g568B1Njz","4dkIFCg1dBjLLsLF2G8MIe","71PJ3thcxNnq80I49huX0r","d7FyGNSppA0rd+ntQ+KiHr"],["_textureSetter"],["cc.Texture2D","cc.SpriteFrame",["cc.AudioClip",["_name","_native","duration"],0],["cc.JsonAsset",["_name","json"],1]],[[2,0,1,2,4],[3,0,1,3]],[[[[0,"shoulder",".mp3",0.835918],-1],0,0,[],[],[]],[["0,9729,9729,33071,33071,0,0,1",-1],[0],0,[],[],[]],[[[1,"sl_en2402",{"rows":[["openwindow","1","Description","LEGIT","head","head.png","leg.png","head.mp3","abcdefghijklmnopqrstuvwxyz"],["openwindow","1","Description","LEGIT","lips","lips.png","arm.png","lips.mp3","abcdefghijklmnopqrstuvwxyz"],["openwindow","1","Description","LEGIT","hand","hand.png","feet.png","hand.mp3","abcdefghijklmnopqrstuvwxyz"],["openwindow","1","Description","LEGIT","leg","leg.png","shoulder.png","leg.mp3","abcdefghijklmnopqrstuvwxyz"],["openwindow","1","Description","LEGIT","arm","arm.png","stomach.png","arm.mp3","abcdefghijklmnopqrstuvwxyz"],["openwindow","1","Description","LEGIT","feet","feet.png","head.png","feet.mp3","abcdefghijklmnopqrstuvwxyz"],["openwindow","1","Description","LEGIT","foot","foot.png","lips.png","foot.mp3","abcdefghijklmnopqrstuvwxyz"],["openwindow","1","Description","LEGIT","shoulder","shoulder.png","hand.png","shoulder.mp3","abcdefghijklmnopqrstuvwxyz"],["openwindow","1","Description","LEGIT","stomach","stomach.png","foot.png","stomach.mp3","abcdefghijklmnopqrstuvwxyz"],["quizliteracy","1","Description","image_word","lips","doctor","feet","lips","lips.png"],["quizliteracy","1","Description","image_word","feet","lips","head","feet","feet.png"],["quizliteracy","1","Description","image_word","head","head","feet","lips","head.png"]]}]],0,0,[],[],[]],[[{"name":"leg","rect":[97,0,380,512],"offset":[48.5,0],"originalSize":[477,512],"capInsets":[0,0,0,0]}],[1],0,[0],[0],[0]],[[{"name":"lips","rect":[0,0,512,341],"offset":[0,0],"originalSize":[512,341],"capInsets":[0,0,0,0]}],[1],0,[0],[0],[1]],[["0,9729,9729,33071,33071,0,0,1",-1],[0],0,[],[],[]],[["0,9729,9729,33071,33071,0,0,1",-1],[0],0,[],[],[]],[[[0,"arm",".mp3",0.626939],-1],0,0,[],[],[]],[["0,9729,9729,33071,33071,0,0,1",-1],[0],0,[],[],[]],[[{"name":"arm","rect":[0,0,512,511],"offset":[0,0],"originalSize":[512,511],"capInsets":[0,0,0,0]}],[1],0,[0],[0],[2]],[["0,9729,9729,33071,33071,0,0,1",-1],[0],0,[],[],[]],[[{"name":"foot","rect":[0,0,512,366],"offset":[0,0],"originalSize":[512,366],"capInsets":[0,0,0,0]}],[1],0,[0],[0],[3]],[[{"name":"shoulder","rect":[0,0,476,512],"offset":[0,0],"originalSize":[476,512],"capInsets":[0,0,0,0]}],[1],0,[0],[0],[4]],[["0,9729,9729,33071,33071,0,0,1",-1],[0],0,[],[],[]],[[{"name":"feet","rect":[0,0,512,366],"offset":[0,0],"originalSize":[512,366],"capInsets":[0,0,0,0]}],[1],0,[0],[0],[5]],[["0,9729,9729,33071,33071,0,0,1",-1],[0],0,[],[],[]],[["0,9729,9729,33071,33071,0,0,1",-1],[0],0,[],[],[]],[[[0,"hand",".mp3",0.653061],-1],0,0,[],[],[]],[["0,9729,9729,33071,33071,0,0,1",-1],[0],0,[],[],[]],[[{"name":"stomach","rect":[0,0,512,327],"offset":[0,0],"originalSize":[512,327],"capInsets":[0,0,0,0]}],[1],0,[0],[0],[6]],[[{"name":"head","rect":[0,0,512,366],"offset":[0,0],"originalSize":[512,366],"capInsets":[0,0,0,0]}],[1],0,[0],[0],[7]],[[{"name":"hand","rect":[0,0,512,366],"offset":[0,0],"originalSize":[512,366],"capInsets":[0,0,0,0]}],[1],0,[0],[0],[8]],[[[0,"feet",".mp3",0.731429],-1],0,0,[],[],[]],[[[0,"leg",".mp3",0.548571],-1],0,0,[],[],[]],[[[0,"head",".mp3",0.548571],-1],0,0,[],[],[]]]]