[1,["9dYYk6gW5BJ56riRydrCYk"],["_textureSetter"],["cc.SpriteFrame","cc.Texture2D",["cc.AudioClip",["_name","_native","duration"],0],["cc.JsonAsset",["_name","json"],1]],[[2,0,1,2,4],[3,0,1,3]],[[[[0,"lap",".mp3",0.417959],-1],0,0,[],[],[]],[[[0,"fun",".mp3",0.653061],-1],0,0,[],[],[]],[[[0,"dam",".mp3",0.705306],-1],0,0,[],[],[]],[[[0,"jug",".mp3",0.653061],-1],0,0,[],[],[]],[[[0,"lip",".mp3",0.600816],-1],0,0,[],[],[]],[[[0,"box",".mp3",0.705306],-1],0,0,[],[],[]],[[[0,"lit",".mp3",0.809796],-1],0,0,[],[],[]],[[[0,"fam",".mp3",0.653061],-1],0,0,[],[],[]],[[[0,"fug",".mp3",0.731429],-1],0,0,[],[],[]],[[{"name":"spelling_box","rect":[0,0,370,273],"offset":[0,0],"originalSize":[370,273],"capInsets":[0,0,0,0]}],[0],0,[0],[0],[0]],[[[0,"face",".mp3",0.809796],-1],0,0,[],[],[]],[[[0,"fix",".mp3",0.888163],-1],0,0,[],[],[]],[[[0,"fog",".mp3",0.626939],-1],0,0,[],[],[]],[[[0,"dug",".mp3",0.548571],-1],0,0,[],[],[]],[["0,9729,9729,33071,33071,0,0,1",-1],[1],0,[],[],[]],[[[1,"sl_en1400",{"rows":[["grid","1","Description","d","ot,og"],["grid","1","Description","f","og,ix,un,ace"],["grid","1","Description","f","og,ox"],["grid","1","Description","f,d,j","og,am,ug"],["grid","1","Description","l","og,ap,it"],["grid","1","Description","l,d","ip,og"],["spelldoor","1","Description","box","*ox","1","0","spelling_box.png","box.mp3"],["quizliteracy","1","Description","word_word","ox","il","ox","ol","","b__","box.mp3"],["quizliteracy","1","Description","word_word","ox","ox","ae","er","","f___","fox.mp3"],["quizliteracy","1","Description","word_word","og","er","og","ix","","d___","dog.mp3"],["quizliteracy","1","Description","word_word","og","og","li","il","","l___","log.mp3"]]}]],0,0,[],[],[]],[[[0,"log",".mp3",0.626939],-1],0,0,[],[],[]],[[[0,"fox",".mp3",0.862041],-1],0,0,[],[],[]],[[[0,"jam",".mp3",0.679184],-1],0,0,[],[],[]],[[[0,"dip",".mp3",0.470204],-1],0,0,[],[],[]],[[[0,"jog",".mp3",0.600816],-1],0,0,[],[],[]],[[[0,"dot",".mp3",0.626939],-1],0,0,[],[],[]],[[[0,"dog",".mp3",0.574694],-1],0,0,[],[],[]]]]