[1,["ed6H9EwXtPkoBu1XxiwxjU","08Eq4fS/ZOFJqzem0j9zKm","c2ioR0btJN8J4MIFUwrqGJ","f6XNTI9R1BO5dmulkekKxr","36Q+C/4HRMNKEJo7/2wmz2","baBIDGhThD84XTbeAlQFij","0fx7M+8wxEDrANf3ffEzK7","87jEIO2xxGRaiEdaTucpQD","07RCF0EhxLp6NQXX8kzXrw","40Y9mhb0xMJp5/wQK+WM5H","8czaiTlzJLuL+o8NKXkf5P","cfbOqM3LNL0Ibpf4hPry3O","149WlyWcVHb4pyAFqXNTQD","f0bIOWFJtLBav9mCpT4qu/","4eWwMtQq5HkKXlIs1xgEUe","71oA8/kwJNJJnoOzs4fv1I","8eTYMBaIZPnpdxzmEUzTwT","9bw8CR6/dO16u6qGR/kcie","707xyx4TpF24DkoZiH7H8u","c1iEqQbd9FCKVe0qSJ0mhO","e7A0rpvsJGEL6X0avdskVi","22Zla1obxIUpK0lxHmdK8j","42vWGSwdxGOqhf52bvkw2U","e3Gk0sjxhO9Ys2YkQoMjI6","77/fR3TllBU7KS4DOlTlfA","3b1uaOHD1G5aDJ4vEzjnJ5","864z/x8GFJ5LPuq5c65nVY","8ekBbcVktAkLmVS/hC3VvY","2aTas2GjFKeou3h4sPuM63","162tc2VMdKIauT/K4N5seR","00/GFOg7xGIpzD8yMR7HZ9","0fv9zQjy1OJLDcVBUhs2SS","1clzu+/vdHA5JmJh3pvbD1","26l+7hbFpEEoOG8NGV77Rl","6bkRtqOTtByo6Zg4fClC/d","31Mjb89MRGh44cWHain1hY","19wGGVkLFBXp0GDqpvV6KI","45i1cE0KhIi5peZ5OfbYFU","fdfhrD+7tIMaBDTZb5wm0j","7eqMkgp5FIiLc/MKES2Rt1","39GiREnBhJhLQTz4SHkK3k","350P7Goi5JnbNtkTwHxnOo","f4SW7VnNBNh6x8ju3/JZrE","3axUeUv7ZB1rz8T5uKlAHK","6cKhB6B5RKYKmz5U57UuFV","fbt/Y/TN5Kk567X9a5lXqF","f6DeBd/y5PII5e6b4BVJ2K","6ar9nQgKZAtbY/dmEEPbIQ","c5V4csAWpNrLdU+4NzEkhb","a7lGGCoiJIG70lTnwBcpJt","52zuqkbdtD06hin8orelIY","8amUIsuwFK3q1GQOTudSBa","1eQTkOwFdJtp0YM/tQ9Kpq","94mNsAz0pMuZHLh1w8LB78","663q2DK2tDdoi6X9jZqCic","1bgsc1kVhHqoBFnzzqLLkW","25M7xTwDtFl6bjDk9Zb+y4","147CnQPK5Le63LvXlcdTZm","44j8W9e0BAarbSrvsU978i"],["_textureSetter"],["cc.Texture2D","cc.SpriteFrame",["cc.AudioClip",["_name","_native","duration"],0],["cc.JsonAsset",["_name","json"],1]],[[2,0,1,2,4],[3,0,1,3]],[[["0,9729,9729,33071,33071,0,0,1",-1],[0],0,[],[],[]],[[[0,"actor_actress",".mp3",1.656],-1],0,0,[],[],[]],[["0,9729,9729,33071,33071,0,0,1",-1],[0],0,[],[],[]],[[[0,"boar_sow",".mp3",1.296],-1],0,0,[],[],[]],[["0,9729,9729,33071,33071,0,0,1",-1],[0],0,[],[],[]],[[{"name":"drake","rect":[0,0,238,211],"offset":[0,0],"originalSize":[238,211],"capInsets":[0,0,0,0]}],[1],0,[0],[0],[0]],[[{"name":"gander","rect":[156,37,258,314],"offset":[29,-2],"originalSize":[512,384],"capInsets":[0,0,0,0]}],[1],0,[0],[0],[1]],[[[0,"doctor_doctor",".mp3",1.56],-1],0,0,[],[],[]],[["0,9729,9729,33071,33071,0,0,1",-1],[0],0,[],[],[]],[["0,9729,9729,33071,33071,0,0,1",-1],[0],0,[],[],[]],[[{"name":"horse","rect":[0,0,512,467],"offset":[0,0],"originalSize":[512,467],"capInsets":[0,0,0,0]}],[1],0,[0],[0],[2]],[["0,9729,9729,33071,33071,0,0,1",-1],[0],0,[],[],[]],[["0,9729,9729,33071,33071,0,0,1",-1],[0],0,[],[],[]],[["0,9729,9729,33071,33071,0,0,1",-1],[0],0,[],[],[]],[["0,9729,9729,33071,33071,0,0,1",-1],[0],0,[],[],[]],[[{"name":"daughter","rect":[0,0,512,512],"offset":[0,0],"originalSize":[512,512],"capInsets":[0,0,0,0]}],[1],0,[0],[0],[3]],[["0,9729,9729,33071,33071,0,0,1",-1],[0],0,[],[],[]],[[{"name":"bull","rect":[0,0,502,512],"offset":[0,0],"originalSize":[502,512],"capInsets":[0,0,0,0]}],[1],0,[0],[0],[4]],[["0,9729,9729,33071,33071,0,0,1",-1],[0],0,[],[],[]],[[{"name":"ram","rect":[0,0,238,212],"offset":[0,0],"originalSize":[238,212],"capInsets":[0,0,0,0]}],[1],0,[0],[0],[5]],[["0,9729,9729,33071,33071,0,0,1",-1],[0],0,[],[],[]],[["0,9729,9729,33071,33071,0,0,1",-1],[0],0,[],[],[]],[[{"name":"fox","rect":[0,0,512,512],"offset":[0,0],"originalSize":[512,512],"capInsets":[0,0,0,0]}],[1],0,[0],[0],[6]],[["0,9729,9729,33071,33071,0,0,1",-1],[0],0,[],[],[]],[[{"name":"tigress","rect":[0,0,512,512],"offset":[0,0],"originalSize":[512,512],"capInsets":[0,0,0,0]}],[1],0,[0],[0],[7]],[["0,9729,9729,33071,33071,0,0,1",-1],[0],0,[],[],[]],[["0,9729,9729,33071,33071,0,0,1",-1],[0],0,[],[],[]],[[[0,"tiger_tigress",".mp3",1.728],-1],0,0,[],[],[]],[[{"name":"sister","rect":[0,0,493,512],"offset":[0,0],"originalSize":[493,512],"capInsets":[0,0,0,0]}],[1],0,[0],[0],[8]],[[{"name":"uncle","rect":[0,0,1207,1200],"offset":[0,0],"originalSize":[1207,1200],"capInsets":[0,0,0,0]}],[1],0,[0],[0],[9]],[[{"name":"rooster","rect":[0,0,512,512],"offset":[0,0],"originalSize":[512,512],"capInsets":[0,0,0,0]}],[1],0,[0],[0],[10]],[["0,9729,9729,33071,33071,0,0,1",-1],[0],0,[],[],[]],[[{"name":"niece","rect":[0,0,454,512],"offset":[0,0],"originalSize":[454,512],"capInsets":[0,0,0,0]}],[1],0,[0],[0],[11]],[[{"name":"hostess","rect":[105,4,391,596],"offset":[0.5,-2],"originalSize":[600,600],"capInsets":[0,0,0,0]}],[1],0,[0],[0],[12]],[["0,9729,9729,33071,33071,0,0,1",-1],[0],0,[],[],[]],[["0,9729,9729,33071,33071,0,0,1",-1],[0],0,[],[],[]],[[[0,"drone_bee",".mp3",1.296],-1],0,0,[],[],[]],[["0,9729,9729,33071,33071,0,0,1",-1],[0],0,[],[],[]],[["0,9729,9729,33071,33071,0,0,1",-1],[0],0,[],[],[]],[["0,9729,9729,33071,33071,0,0,1",-1],[0],0,[],[],[]],[["0,9729,9729,33071,33071,0,0,1",-1],[0],0,[],[],[]],[[{"name":"father","rect":[0,0,402,512],"offset":[0,0],"originalSize":[402,512],"capInsets":[0,0,0,0]}],[1],0,[0],[0],[13]],[["0,9729,9729,33071,33071,0,0,1",-1],[0],0,[],[],[]],[["0,9729,9729,33071,33071,0,0,1",-1],[0],0,[],[],[]],[["0,9729,9729,33071,33071,0,0,1",-1],[0],0,[],[],[]],[[[0,"cow_bull",".mp3",1.104],-1],0,0,[],[],[]],[[[0,"husband_wife",".mp3",1.536],-1],0,0,[],[],[]],[[{"name":"lord","rect":[0,0,194,259],"offset":[0,0],"originalSize":[194,259],"capInsets":[0,0,0,0]}],[1],0,[0],[0],[14]],[[{"name":"dog","rect":[0,0,499,512],"offset":[0,0],"originalSize":[499,512],"capInsets":[0,0,0,0]}],[1],0,[0],[0],[15]],[["0,9729,9729,33071,33071,0,0,1",-1],[0],0,[],[],[]],[[{"name":"wife","rect":[62,0,475,600],"offset":[-0.5,0],"originalSize":[600,600],"capInsets":[0,0,0,0]}],[1],0,[0],[0],[16]],[["0,9729,9729,33071,33071,0,0,1",-1],[0],0,[],[],[]],[[{"name":"grandfather","rect":[0,0,430,512],"offset":[0,0],"originalSize":[430,512],"capInsets":[0,0,0,0]}],[1],0,[0],[0],[17]],[[{"name":"wizard","rect":[0,0,549,800],"offset":[0,0],"originalSize":[549,800],"capInsets":[0,0,0,0]}],[1],0,[0],[0],[18]],[[{"name":"duck","rect":[30,21,420,470],"offset":[0,0],"originalSize":[480,512],"capInsets":[0,0,0,0]}],[1],0,[0],[0],[19]],[[{"name":"brother","rect":[0,0,508,512],"offset":[0,0],"originalSize":[508,512],"capInsets":[0,0,0,0]}],[1],0,[0],[0],[20]],[[{"name":"tiger","rect":[7,7,495,502],"offset":[-1.5,-2],"originalSize":[512,512],"capInsets":[0,0,0,0]}],[1],0,[0],[0],[21]],[[{"name":"sow","rect":[0,0,225,225],"offset":[0,0],"originalSize":[225,225],"capInsets":[0,0,0,0]}],[1],0,[0],[0],[22]],[[{"name":"doctor","rect":[183,18,234,570],"offset":[0,-3],"originalSize":[600,600],"capInsets":[0,0,0,0]}],[1],0,[0],[0],[23]],[[[0,"grandfather_grandmother",".mp3",2.256],-1],0,0,[],[],[]],[[[0,"duck_drake",".mp3",1.344],-1],0,0,[],[],[]],[[[1,"en2414",{"rows":[["letterpair","1","Description","image","image","father.png","mother.png","father_mother.mp3","brother.png","sister.png","brother_sister.mp3","grandfather.png","granmother.png","grandfather_grandmother.mp3","son.png","daughter.png","son_daughter.mp3","aunt.png","uncle.png","aunt_uncle.mp3","grandpa.png","grandma.png","grandpa_grandma.mp3"],["letterpair","1","Description","image","image","husband.png","wife.png","husband_wife.mp3","king.png","queen.png","king_queen.mp3","nephew.png","niece.png","nephew_niece.mp3","witch.png","wizard.png","witch_wizard.mp3","actor.png","actress.png","actor_actress.mp3","milkman.png","milkmaid.png","milkman_milkmaid.mp3"],["letterpair","1","Description","image","image","emperor.png","empress.png","emperor_empress.mp3","lord.png","lady.png","lord_lady.mp3","sir.png","madam.png","sir_madam.mp3","host.png","hostess.png","host_hostess.mp3","doctor.png","doctor.png","doctor_doctor.mp3","woman.png","man.png","woman_man.mp3"],["letterpair","1","Description","image","image","horse.png","mare.png","horse_mare.mp3","rooster.png","hen.png","rooster_hen.mp3","cow.png","bull.png","cow_bull.mp3","duck.png","drake.png","duck_drake.mp3","lion.png","lioness.png","lion_lioness.mp3","tiger.png","tigress.png","tiger_tigress.mp3"],["letterpair","1","Description","image","image","drone.png","bee.png","drone_bee.mp3","fox.png","vixen.png","fox_vixen.mp3","ram.png","ewe.png","ram_ewe.mp3","boar.png","sow.png","boar_sow.mp3","goose.png","gander.png","goose_gander.mp3","dog.png","bitch.png","dog_bitch.mp3"],["quizliteracy","1","Description","sentence_sentence","mother","sister","mother","brother","","father X _____","father_mother.mp3"],["quizliteracy","1","Description","sentence_sentence","lady","lady","girl","sister","","lord X _____.","lord_lady.mp3"],["quizliteracy","1","Description","sentence_sentence","tigress","tiger","cub","tigress","","tiger X _____.","tiger_tigress.mp3"]]}]],0,0,[],[],[]],[[[0,"grandpa_grandma",".mp3",1.752],-1],0,0,[],[],[]],[["0,9729,9729,33071,33071,0,0,1",-1],[0],0,[],[],[]],[[[0,"rooster_hen",".mp3",1.464],-1],0,0,[],[],[]],[["0,9729,9729,33071,33071,0,0,1",-1],[0],0,[],[],[]],[["0,9729,9729,33071,33071,0,0,1",-1],[0],0,[],[],[]],[["0,9729,9729,33071,33071,0,0,1",-1],[0],0,[],[],[]],[[{"name":"queen","rect":[0,0,360,512],"offset":[0,0],"originalSize":[360,512],"capInsets":[0,0,0,0]}],[1],0,[0],[0],[24]],[[{"name":"drone","rect":[0,0,512,480],"offset":[0,0],"originalSize":[512,480],"capInsets":[0,0,0,0]}],[1],0,[0],[0],[25]],[["0,9729,9729,33071,33071,0,0,1",-1],[0],0,[],[],[]],[["0,9729,9729,33071,33071,0,0,1",-1],[0],0,[],[],[]],[["0,9729,9729,33071,33071,0,0,1",-1],[0],0,[],[],[]],[[[0,"nephew_niece",".mp3",1.416],-1],0,0,[],[],[]],[[{"name":"king","rect":[0,0,460,512],"offset":[0,0],"originalSize":[460,512],"capInsets":[0,0,0,0]}],[1],0,[0],[0],[26]],[["0,9729,9729,33071,33071,0,0,1",-1],[0],0,[],[],[]],[["0,9729,9729,33071,33071,0,0,1",-1],[0],0,[],[],[]],[[{"name":"goose","rect":[15,24,482,464],"offset":[0,0],"originalSize":[512,512],"capInsets":[0,0,0,0]}],[1],0,[0],[0],[27]],[["0,9729,9729,33071,33071,0,0,1",-1],[0],0,[],[],[]],[[[0,"horse_mare",".mp3",1.248],-1],0,0,[],[],[]],[["0,9729,9729,33071,33071,0,0,1",-1],[0],0,[],[],[]],[["0,9729,9729,33071,33071,0,0,1",-1],[0],0,[],[],[]],[["0,9729,9729,33071,33071,0,0,1",-1],[0],0,[],[],[]],[["0,9729,9729,33071,33071,0,0,1",-1],[0],0,[],[],[]],[[{"name":"milkman","rect":[0,0,512,429],"offset":[0,0],"originalSize":[512,429],"capInsets":[0,0,0,0]}],[1],0,[0],[0],[28]],[[[0,"goose_gander",".mp3",1.464],-1],0,0,[],[],[]],[[[0,"woman_man",".mp3",1.32],-1],0,0,[],[],[]],[[[0,"ram_ewe",".mp3",1.248],-1],0,0,[],[],[]],[["0,9729,9729,33071,33071,0,0,1",-1],[0],0,[],[],[]],[[{"name":"grandpa","rect":[0,0,430,512],"offset":[0,0],"originalSize":[430,512],"capInsets":[0,0,0,0]}],[1],0,[0],[0],[29]],[[{"name":"nephew","rect":[0,0,512,512],"offset":[0,0],"originalSize":[512,512],"capInsets":[0,0,0,0]}],[1],0,[0],[0],[30]],[["0,9729,9729,33071,33071,0,0,1",-1],[0],0,[],[],[]],[[[0,"emperor_empress",".mp3",1.8],-1],0,0,[],[],[]],[[[0,"fox_vixen",".mp3",1.68],-1],0,0,[],[],[]],[[{"name":"milkmaid","rect":[0,0,433,512],"offset":[0,0],"originalSize":[433,512],"capInsets":[0,0,0,0]}],[1],0,[0],[0],[31]],[[{"name":"woman","rect":[0,0,900,1235],"offset":[0,0],"originalSize":[900,1235],"capInsets":[0,0,0,0]}],[1],0,[0],[0],[32]],[[[0,"host_hostess",".mp3",1.584],-1],0,0,[],[],[]],[[{"name":"host","rect":[0,0,171,294],"offset":[0,0],"originalSize":[171,294],"capInsets":[0,0,0,0]}],[1],0,[0],[0],[33]],[[[0,"son_daughter",".mp3",1.392],-1],0,0,[],[],[]],[[{"name":"sir","rect":[0,0,284,512],"offset":[0,0],"originalSize":[284,512],"capInsets":[0,0,0,0]}],[1],0,[0],[0],[34]],[[{"name":"cow","rect":[0,0,512,512],"offset":[0,0],"originalSize":[512,512],"capInsets":[0,0,0,0]}],[1],0,[0],[0],[35]],[[{"name":"boar","rect":[18,98,473,324],"offset":[-1.5,-4],"originalSize":[512,512],"capInsets":[0,0,0,0]}],[1],0,[0],[0],[36]],[["0,9729,9729,33071,33071,0,0,1",-1],[0],0,[],[],[]],[[{"name":"bee","rect":[0,0,400,512],"offset":[0,0],"originalSize":[400,512],"capInsets":[0,0,0,0]}],[1],0,[0],[0],[37]],[[{"name":"witch","rect":[5,55,591,490],"offset":[0.5,0],"originalSize":[600,600],"capInsets":[0,0,0,0]}],[1],0,[0],[0],[38]],[[[0,"dog_bitch",".mp3",1.392],-1],0,0,[],[],[]],[[{"name":"lady","rect":[205,8,103,496],"offset":[0.5,0],"originalSize":[512,512],"capInsets":[0,0,0,0]}],[1],0,[0],[0],[39]],[[{"name":"mare","rect":[0,0,512,346],"offset":[0,0],"originalSize":[512,346],"capInsets":[0,0,0,0]}],[1],0,[0],[0],[40]],[["0,9729,9729,33071,33071,0,0,1",-1],[0],0,[],[],[]],[[{"name":"madam","rect":[0,0,205,512],"offset":[0,0],"originalSize":[205,512],"capInsets":[0,0,0,0]}],[1],0,[0],[0],[41]],[[{"name":"grandma","rect":[0,0,450,512],"offset":[0,0],"originalSize":[450,512],"capInsets":[0,0,0,0]}],[1],0,[0],[0],[42]],[["0,9729,9729,33071,33071,0,0,1",-1],[0],0,[],[],[]],[[{"name":"empress","rect":[0,0,358,500],"offset":[0,0],"originalSize":[358,500],"capInsets":[0,0,0,0]}],[1],0,[0],[0],[43]],[["0,9729,9729,33071,33071,0,0,1",-1],[0],0,[],[],[]],[["0,9729,9729,33071,33071,0,0,1",-1],[0],0,[],[],[]],[[[0,"brother_sister",".mp3",1.536],-1],0,0,[],[],[]],[[[0,"witch_wizard",".mp3",1.416],-1],0,0,[],[],[]],[["0,9729,9729,33071,33071,0,0,1",-1],[0],0,[],[],[]],[[{"name":"lion","rect":[0,0,512,457],"offset":[0,0],"originalSize":[512,457],"capInsets":[0,0,0,0]}],[1],0,[0],[0],[44]],[[{"name":"vixen","rect":[0,0,626,626],"offset":[0,0],"originalSize":[626,626],"capInsets":[0,0,0,0]}],[1],0,[0],[0],[45]],[[{"name":"actor","rect":[0,0,273,185],"offset":[0,0],"originalSize":[273,185],"capInsets":[0,0,0,0]}],[1],0,[0],[0],[46]],[[[0,"father_mother",".mp3",1.416],-1],0,0,[],[],[]],[[[0,"lion_lioness",".mp3",1.68],-1],0,0,[],[],[]],[[{"name":"bitch","rect":[0,0,512,413],"offset":[0,0],"originalSize":[512,413],"capInsets":[0,0,0,0]}],[1],0,[0],[0],[47]],[["0,9729,9729,33071,33071,0,0,1",-1],[0],0,[],[],[]],[[{"name":"mother","rect":[0,0,488,512],"offset":[0,0],"originalSize":[488,512],"capInsets":[0,0,0,0]}],[1],0,[0],[0],[48]],[[[0,"milkman_milkmaid",".mp3",1.848],-1],0,0,[],[],[]],[[{"name":"hen","rect":[0,0,512,491],"offset":[0,0],"originalSize":[512,491],"capInsets":[0,0,0,0]}],[1],0,[0],[0],[49]],[[[0,"king_queen",".mp3",1.248],-1],0,0,[],[],[]],[["0,9729,9729,33071,33071,0,0,1",-1],[0],0,[],[],[]],[[[0,"sir_madam",".mp3",1.392],-1],0,0,[],[],[]],[[{"name":"aunt","rect":[0,0,512,509],"offset":[0,0],"originalSize":[512,509],"capInsets":[0,0,0,0]}],[1],0,[0],[0],[50]],[["0,9729,9729,33071,33071,0,0,1",-1],[0],0,[],[],[]],[[{"name":"ewe","rect":[0,0,257,196],"offset":[0,0],"originalSize":[257,196],"capInsets":[0,0,0,0]}],[1],0,[0],[0],[51]],[[{"name":"man","rect":[0,0,512,512],"offset":[0,0],"originalSize":[512,512],"capInsets":[0,0,0,0]}],[1],0,[0],[0],[52]],[["0,9729,9729,33071,33071,0,0,1",-1],[0],0,[],[],[]],[[[0,"lord_lady",".mp3",1.344],-1],0,0,[],[],[]],[[{"name":"actress","rect":[50,0,412,512],"offset":[0,0],"originalSize":[512,512],"capInsets":[0,0,0,0]}],[1],0,[0],[0],[53]],[["0,9729,9729,33071,33071,0,0,1",-1],[0],0,[],[],[]],[[{"name":"son","rect":[0,0,512,512],"offset":[0,0],"originalSize":[512,512],"capInsets":[0,0,0,0]}],[1],0,[0],[0],[54]],[["0,9729,9729,33071,33071,0,0,1",-1],[0],0,[],[],[]],[["0,9729,9729,33071,33071,0,0,1",-1],[0],0,[],[],[]],[[{"name":"granmother","rect":[0,0,450,512],"offset":[0,0],"originalSize":[450,512],"capInsets":[0,0,0,0]}],[1],0,[0],[0],[55]],[[[0,"aunt_uncle",".mp3",1.32],-1],0,0,[],[],[]],[[{"name":"husband","rect":[55,10,402,492],"offset":[0,0],"originalSize":[512,512],"capInsets":[0,0,0,0]}],[1],0,[0],[0],[56]],[["0,9729,9729,33071,33071,0,0,1",-1],[0],0,[],[],[]],[[{"name":"lioness","rect":[0,0,512,416],"offset":[0,0],"originalSize":[512,416],"capInsets":[0,0,0,0]}],[1],0,[0],[0],[57]],[[{"name":"emperor","rect":[0,0,460,512],"offset":[0,0],"originalSize":[460,512],"capInsets":[0,0,0,0]}],[1],0,[0],[0],[58]],[["0,9729,9729,33071,33071,0,0,1",-1],[0],0,[],[],[]]]]