[1,["7fETDzgkBP0phCKsZK3vuJ","eeoh3L3TBGuYSkhdt8CAuh","67MZqav5lFnbK3CCxPylR3","82gLX3NWBPz42sOQiJdJ3a","38TgIaXcpI+LvPz/Mp7xwn","6bIfnAoq9GsqXxIzfK7fhN","beomYBEwBNfYEp0HmHyylK"],["_textureSetter"],["cc.SpriteFrame","cc.Texture2D",["cc.AudioClip",["_name","_native","duration"],0],["cc.JsonAsset",["_name","json"],1]],[[2,0,1,2,4],[3,0,1,3]],[[[{"name":"rolling_pin","rect":[45,39,549,129],"offset":[-0.5,0.5],"originalSize":[640,208],"capInsets":[0,0,0,0]}],[0],0,[0],[0],[0]],[[{"name":"cup","rect":[0,0,273,184],"offset":[0,0],"originalSize":[273,184],"capInsets":[0,0,0,0]}],[0],0,[0],[0],[1]],[[{"name":"pillow","rect":[0,0,640,640],"offset":[0,0],"originalSize":[640,640],"capInsets":[0,0,0,0]}],[0],0,[0],[0],[2]],[[[0,"पालक",".mp3",0.888163],-1],0,0,[],[],[]],[["0,9729,9729,33071,33071,0,0,1",-1],[1],0,[],[],[]],[[{"name":"spinach","rect":[0,0,640,427],"offset":[0,0],"originalSize":[640,427],"capInsets":[0,0,0,0]}],[0],0,[0],[0],[3]],[[{"name":"rose","rect":[0,0,640,480],"offset":[0,0],"originalSize":[640,480],"capInsets":[0,0,0,0]}],[0],0,[0],[0],[4]],[["0,9729,9729,33071,33071,0,0,1",-1],[1],0,[],[],[]],[[{"name":"cat","rect":[0,0,640,403],"offset":[0,0],"originalSize":[640,403],"capInsets":[0,0,0,0]}],[0],0,[0],[0],[5]],[["0,9729,9729,33071,33071,0,0,1",-1],[1],0,[],[],[]],[["0,9729,9729,33071,33071,0,0,1",-1],[1],0,[],[],[]],[["0,9729,9729,33071,33071,0,0,1",-1],[1],0,[],[],[]],[["0,9729,9729,33071,33071,0,0,1",-1],[1],0,[],[],[]],[[{"name":"fish","rect":[0,0,615,435],"offset":[0,0],"originalSize":[615,435],"capInsets":[0,0,0,0]}],[0],0,[0],[0],[6]],[[[0,"मासा",".mp3",0.966531],-1],0,0,[],[],[]],[["0,9729,9729,33071,33071,0,0,1",-1],[1],0,[],[],[]],[[[0,"लाटण",".mp3",1.032],-1],0,0,[],[],[]],[[[1,"mr0500",{"rows":[["openwindow","1","Description","LEGIT","मासा","fish.png","pillow.png","मासा.mp3","मासा"],["openwindow","1","Description","LEGIT","लाटण","rolling_pin.png","cat.png","लाटण.mp3","लाटण"],["openwindow","1","Description","LEGIT","पालक","spinach.png","rose.png","पालक.mp3","पालक"],["quizliteracy","1","Description","image_word","कप","कप","मासा","पालक","cup.png"],["quizliteracy","1","Description","image_word","मासा","पालक","कप","मासा","fish.png"],["quizliteracy","1","Description","image_word","पालक","मासा","पालक","कप","spinach.png"]]}]],0,0,[],[],[]]]]