[1,["1dFoht2dxHhKRxVrZAfAeP","feon+DdG9GbahAEySAKhog","88V7wqFX9IYLXdNPvVRDjM"],["_textureSetter"],["cc.Texture2D","cc.SpriteFrame",["cc.AudioClip",["_name","_native","duration"],0],["cc.JsonAsset",["_name","json"],1]],[[2,0,1,2,4],[3,0,1,3]],[[[[0,"बैट_कहां_है",".mp3",1.201633],-1],0,0,[],[],[]],[["1,9729,9729,33071,33071,0,0,1",-1],[0],0,[],[],[]],[[{"name":"Whereisthe_cat","rect":[0,0,1073,577],"offset":[0,0],"originalSize":[1073,577],"capInsets":[0,0,0,0]}],[1],0,[0],[0],[0]],[[{"name":"I_eat","rect":[0,0,1073,577],"offset":[0,0],"originalSize":[1073,577],"capInsets":[0,0,0,0]}],[1],0,[0],[0],[1]],[["1,9729,9729,33071,33071,0,0,1",-1],[0],0,[],[],[]],[[{"name":"Whereisthe_bat","rect":[0,0,1073,770],"offset":[0,0],"originalSize":[1073,770],"capInsets":[0,0,0,0]}],[1],0,[0],[0],[2]],[[[0,"आप_किस_समय_सोते_हैं",".mp3",2.063673],-1],0,0,[],[],[]],[[[0,"क्या_हाल_है",".mp3",0.992653],-1],0,0,[],[],[]],[[[0,"क्या_तुमने_अपने_दाँत_माँजे",".mp3",2.246531],-1],0,0,[],[],[]],[[[0,"वह_कौन_है",".mp3",1.123265],-1],0,0,[],[],[]],[[[1,"hi1310",{"rows":[["createsentence","1","Description","बल्ला/कहां/है?","कौन","Whereisthe_bat.jpg","बल्ला_कहां_है.mp3"],["createsentence","1","Description","बिल्ली/कहाँ/है?","क्यों","Whereisthe_cat.jpg","बिल्ली_कहाँ_है.mp3"],["jumpsentence","1","Description","[क्या] वह तेज़ है[?]","क्या_वह_तेज़_है.mp3","y","unlocked"],["jumpsentence","1","Description","[क्या] हाल है[?]","क्या_हाल_है.mp3","y","unlocked"],["jumpsentence","1","Description","वह [कौन] है[?]","वह_कौन_है.mp3","y","unlocked"],["fillblank","1","Description","क्या तुमने अपने [दाँत] माँजे?","क्या_तुमने_अपने_दाँत_माँजे.mp3","बाल","जूते","पैर","15"],["fillblank","1","Description","आप किस समय [सोते] हैं?","आप_किस_समय_सोते_हैं.mp3","धुलाई","उठो","घर जाओ","15"],["quizliteracy","1","Description","image_sentence","बल्ला कहां है?","जय खाता है","क्या वह तेज़ है?","बल्ला कहां है?","Whereisthe_bat.jpg","","बल्ला_कहां_है.mp3"],["quizliteracy","1","Description","sentence_sentence","क्या वह तेज़ है?","क्या वह तेज़ है?","बल्ला कहां है?","रोहन रो रहा है","","सही चुनें","क्या_वह_तेज़_है.mp3"],["quizliteracy","1","Description","soundonly_image","Whereisthe_cat.jpg","I_eat.jpg","Whereisthe_cat.jpg","Whereisthe_bat.jpg","","","बिल्ली_कहाँ_है.mp3"],["quizliteracy","1","Description","soundonly_sentence","क्या तुमने अपने दाँत माँजे?","बल्ला कहां है?","क्या तुमने अपने दाँत माँजे?","क्या वह तेज़ है?","","","क्या_तुमने_अपने_दाँत_माँजे.mp3"]]}]],0,0,[],[],[]],[[[0,"क्या_वह_तेज़_है",".mp3",1.48898],-1],0,0,[],[],[]],[[[0,"बिल्ली_कहाँ_है",".mp3",1.149388],-1],0,0,[],[],[]],[["1,9729,9729,33071,33071,0,0,1",-1],[0],0,[],[],[]]]]