<root>

            <lido-container lang="hi" id="lido-container" objective="" tab-index="1" value="mainContainer1" bg-image="template-assets/bg-images/file-gzzonj17.png" height="1600px" width="900px" bg-color="transparent" visible="true" onCorrect="lido-avatar.avatarAnimate='Success'; this.sleep='2000';" onEntry="this.justifyContent='space-around';" onInCorrect="lido-avatar.avatarAnimate='Fail'; this.sleep='2000';" show-check="false" is-continue-on-correct="false" after-drop="false" show-next-button="true" exit-button-url="template-assets/buttons/file-zr2lbo3o.png" prev-button-url="template-assets/buttons/file-83fhzskz.png" next-button-url="template-assets/buttons/file-0f0nihcj.png" speaker-button-url="template-assets/buttons/file-jm8avtjz.png">

                
                <lido-cell layout="pos" id="pos1" disable-edit="true" value="pos1" height="landscape.600px, portrait.700px" width="landscape.393px, portrait.485px" x="landscape.-24px, portrait.465px" y="landscape.385px, portrait.983px" aria-hidden="true" z="1" bg-color="transparent" visible="true" onEntry="this.flex-shrink='0';">
                    <lido-avatar id="lido-avatar" disable-edit="true" visible="true" height="inherit" width="inherit" src="template-assets/images/file-deek2sqt.riv" alt-text="" onEntry="">
                    </lido-avatar>
                </lido-cell>

                
                <lido-cell layout="pos" id="pos2" disable-edit="true" value="pos2" width="landscape.594px, portrait.754px" height="landscape.725px, portrait.925px" x="landscape.519px, portrait.73px" y="landscape.127px, portrait.172px" aria-hidden="true" z="1" bg-color="transparent" visible="true" onEntry="this.flex-shrink='0';">
                    <lido-flash-card x="50" y="100" width="landscape.594px, portrait.754px" height="landscape.725px, portrait.925px" bg-color="transparent" onEntry="this.border-radius='32px';" onTouch="">
                        <lido-cell layout="col" id="col1" audio="game-assets/audio/file-lh8sqnrf.mp3" slot="front" disable-edit="true" visible="true" width="landscape.594px, portrait.754px" height="landscape.910px, portrait.925px" bg-color="white" type="" tab-index="2" dropAttr="diagonal" onEntry="this.border-radius=32px; this.padding='8px 8px 16px 8px';" y="landscape.5px,portrait.10px">
                            <lido-text id="txt1" width="553px" height="217px" display="flex" onEntry="this.textAlign='center'; this.flexDirection='column'; this.justifyContent='center'; this.alignItems='center'; this.flexShrink='0';" font-family="'Baloo Bhai 2'" font-size="52px" z="1" font-color="black" font-weight="500" color="#303030" string="सहानुभूति" visible="true" y="landscape.15px, portrait.15px" bg-color="white" margin="landscape.45px 0px 45px 0px, portrait.45px 0px 45px 0px" />
                        </lido-cell>
                        <lido-cell layout="col" tab-index="3" id="col2" slot="back" disable-edit="true" visible="true" width="landscape.594px, portrait.754px" height="landscape.910px, portrait.925px" bg-color="white" type="" dropAttr="diagonal" onEntry="this.border-radius=32px; this.padding='8px 8px 16px 8px';" y="landscape.,portrait.">
                            <lido-image visible="true" src="game-assets/images/file-pu75u322.jpg" z="1" width="landscape.578px, portrait.738px" height="landscape.578px, portrait.738px" onEntry="this.flex-shrink='0';" border-radius="24px 24px 6px 6px" alt-text="" />
                        </lido-cell>
                    </lido-flash-card>
                </lido-cell>
            </lido-container>
        
            <lido-container lang="hi" id="lido-container" objective="" tab-index="1" value="mainContainer1" bg-image="template-assets/bg-images/file-gzzonj17.png" height="1600px" width="900px" bg-color="transparent" visible="true" onCorrect="lido-avatar.avatarAnimate='Success'; this.sleep='2000';" onEntry="this.justifyContent='space-around';" onInCorrect="lido-avatar.avatarAnimate='Fail'; this.sleep='2000';" show-check="false" is-continue-on-correct="false" after-drop="false" show-next-button="true" exit-button-url="template-assets/buttons/file-zr2lbo3o.png" prev-button-url="template-assets/buttons/file-83fhzskz.png" next-button-url="template-assets/buttons/file-0f0nihcj.png" speaker-button-url="template-assets/buttons/file-jm8avtjz.png">

                
                <lido-cell layout="pos" id="pos1" disable-edit="true" value="pos1" height="landscape.600px, portrait.700px" width="landscape.393px, portrait.485px" x="landscape.-24px, portrait.465px" y="landscape.385px, portrait.983px" aria-hidden="true" z="1" bg-color="transparent" visible="true" onEntry="this.flex-shrink='0';">
                    <lido-avatar id="lido-avatar" disable-edit="true" visible="true" height="inherit" width="inherit" src="template-assets/images/file-deek2sqt.riv" alt-text="" onEntry="">
                    </lido-avatar>
                </lido-cell>

                
                <lido-cell layout="pos" id="pos2" disable-edit="true" value="pos2" width="landscape.594px, portrait.754px" height="landscape.725px, portrait.925px" x="landscape.519px, portrait.73px" y="landscape.127px, portrait.172px" aria-hidden="true" z="1" bg-color="transparent" visible="true" onEntry="this.flex-shrink='0';">
                    <lido-flash-card x="50" y="100" width="landscape.594px, portrait.754px" height="landscape.725px, portrait.925px" bg-color="transparent" onEntry="this.border-radius='32px';" onTouch="">
                        <lido-cell layout="col" id="col1" audio="game-assets/audio/file-3gorzuwh.mp3" slot="front" disable-edit="true" visible="true" width="landscape.594px, portrait.754px" height="landscape.910px, portrait.925px" bg-color="white" type="" tab-index="2" dropAttr="diagonal" onEntry="this.border-radius=32px; this.padding='8px 8px 16px 8px';" y="landscape.5px,portrait.10px">
                            <lido-text id="txt1" width="553px" height="217px" display="flex" onEntry="this.textAlign='center'; this.flexDirection='column'; this.justifyContent='center'; this.alignItems='center'; this.flexShrink='0';" font-family="'Baloo Bhai 2'" font-size="52px" z="1" font-color="black" font-weight="500" color="#303030" string="बारी बारी से करना" visible="true" y="landscape.15px, portrait.15px" bg-color="white" margin="landscape.45px 0px 45px 0px, portrait.45px 0px 45px 0px" />
                        </lido-cell>
                        <lido-cell layout="col" tab-index="3" id="col2" slot="back" disable-edit="true" visible="true" width="landscape.594px, portrait.754px" height="landscape.910px, portrait.925px" bg-color="white" type="" dropAttr="diagonal" onEntry="this.border-radius=32px; this.padding='8px 8px 16px 8px';" y="landscape.,portrait.">
                            <lido-image visible="true" src="game-assets/images/file-0ctfqq7q.jpg" z="1" width="landscape.578px, portrait.738px" height="landscape.578px, portrait.738px" onEntry="this.flex-shrink='0';" border-radius="24px 24px 6px 6px" alt-text="" />
                        </lido-cell>
                    </lido-flash-card>
                </lido-cell>
            </lido-container>
        
            <lido-container lang="hi" id="lido-container" objective="" tab-index="1" value="mainContainer1" bg-image="template-assets/bg-images/file-gzzonj17.png" height="1600px" width="900px" bg-color="transparent" visible="true" onCorrect="lido-avatar.avatarAnimate='Success'; this.sleep='2000';" onEntry="this.justifyContent='space-around';" onInCorrect="lido-avatar.avatarAnimate='Fail'; this.sleep='2000';" show-check="false" is-continue-on-correct="false" after-drop="false" show-next-button="true" exit-button-url="template-assets/buttons/file-zr2lbo3o.png" prev-button-url="template-assets/buttons/file-83fhzskz.png" next-button-url="template-assets/buttons/file-0f0nihcj.png" speaker-button-url="template-assets/buttons/file-jm8avtjz.png">

                
                <lido-cell layout="pos" id="pos1" disable-edit="true" value="pos1" height="landscape.600px, portrait.700px" width="landscape.393px, portrait.485px" x="landscape.-24px, portrait.465px" y="landscape.385px, portrait.983px" aria-hidden="true" z="1" bg-color="transparent" visible="true" onEntry="this.flex-shrink='0';">
                    <lido-avatar id="lido-avatar" disable-edit="true" visible="true" height="inherit" width="inherit" src="template-assets/images/file-deek2sqt.riv" alt-text="" onEntry="">
                    </lido-avatar>
                </lido-cell>

                
                <lido-cell layout="pos" id="pos2" disable-edit="true" value="pos2" width="landscape.594px, portrait.754px" height="landscape.725px, portrait.925px" x="landscape.519px, portrait.73px" y="landscape.127px, portrait.172px" aria-hidden="true" z="1" bg-color="transparent" visible="true" onEntry="this.flex-shrink='0';">
                    <lido-flash-card x="50" y="100" width="landscape.594px, portrait.754px" height="landscape.725px, portrait.925px" bg-color="transparent" onEntry="this.border-radius='32px';" onTouch="">
                        <lido-cell layout="col" id="col1" audio="game-assets/audio/file-4samtyps.mp3" slot="front" disable-edit="true" visible="true" width="landscape.594px, portrait.754px" height="landscape.910px, portrait.925px" bg-color="white" type="" tab-index="2" dropAttr="diagonal" onEntry="this.border-radius=32px; this.padding='8px 8px 16px 8px';" y="landscape.5px,portrait.10px">
                            <lido-text id="txt1" width="553px" height="217px" display="flex" onEntry="this.textAlign='center'; this.flexDirection='column'; this.justifyContent='center'; this.alignItems='center'; this.flexShrink='0';" font-family="'Baloo Bhai 2'" font-size="52px" z="1" font-color="black" font-weight="500" color="#303030" string="मुस्कुराना" visible="true" y="landscape.15px, portrait.15px" bg-color="white" margin="landscape.45px 0px 45px 0px, portrait.45px 0px 45px 0px" />
                        </lido-cell>
                        <lido-cell layout="col" tab-index="3" id="col2" slot="back" disable-edit="true" visible="true" width="landscape.594px, portrait.754px" height="landscape.910px, portrait.925px" bg-color="white" type="" dropAttr="diagonal" onEntry="this.border-radius=32px; this.padding='8px 8px 16px 8px';" y="landscape.,portrait.">
                            <lido-image visible="true" src="game-assets/images/file-57s8omui.jpg" z="1" width="landscape.578px, portrait.738px" height="landscape.578px, portrait.738px" onEntry="this.flex-shrink='0';" border-radius="24px 24px 6px 6px" alt-text="" />
                        </lido-cell>
                    </lido-flash-card>
                </lido-cell>
            </lido-container>
        
            <lido-container lang="hi" id="lido-container" objective="" tab-index="1" value="mainContainer1" bg-image="template-assets/bg-images/file-gzzonj17.png" height="1600px" width="900px" bg-color="transparent" visible="true" onCorrect="lido-avatar.avatarAnimate='Success'; this.sleep='2000';" onEntry="this.justifyContent='space-around';" onInCorrect="lido-avatar.avatarAnimate='Fail'; this.sleep='2000';" show-check="false" is-continue-on-correct="false" after-drop="false" show-next-button="true" exit-button-url="template-assets/buttons/file-zr2lbo3o.png" prev-button-url="template-assets/buttons/file-83fhzskz.png" next-button-url="template-assets/buttons/file-0f0nihcj.png" speaker-button-url="template-assets/buttons/file-jm8avtjz.png">

                
                <lido-cell layout="pos" id="pos1" disable-edit="true" value="pos1" height="landscape.600px, portrait.700px" width="landscape.393px, portrait.485px" x="landscape.-24px, portrait.465px" y="landscape.385px, portrait.983px" aria-hidden="true" z="1" bg-color="transparent" visible="true" onEntry="this.flex-shrink='0';">
                    <lido-avatar id="lido-avatar" disable-edit="true" visible="true" height="inherit" width="inherit" src="template-assets/images/file-deek2sqt.riv" alt-text="" onEntry="">
                    </lido-avatar>
                </lido-cell>

                
                <lido-cell layout="pos" id="pos2" disable-edit="true" value="pos2" width="landscape.594px, portrait.754px" height="landscape.725px, portrait.925px" x="landscape.519px, portrait.73px" y="landscape.127px, portrait.172px" aria-hidden="true" z="1" bg-color="transparent" visible="true" onEntry="this.flex-shrink='0';">
                    <lido-flash-card x="50" y="100" width="landscape.594px, portrait.754px" height="landscape.725px, portrait.925px" bg-color="transparent" onEntry="this.border-radius='32px';" onTouch="">
                        <lido-cell layout="col" id="col1" audio="game-assets/audio/file-yvs4p5m0.mp3" slot="front" disable-edit="true" visible="true" width="landscape.594px, portrait.754px" height="landscape.910px, portrait.925px" bg-color="white" type="" tab-index="2" dropAttr="diagonal" onEntry="this.border-radius=32px; this.padding='8px 8px 16px 8px';" y="landscape.5px,portrait.10px">
                            <lido-text id="txt1" width="553px" height="217px" display="flex" onEntry="this.textAlign='center'; this.flexDirection='column'; this.justifyContent='center'; this.alignItems='center'; this.flexShrink='0';" font-family="'Baloo Bhai 2'" font-size="52px" z="1" font-color="black" font-weight="500" color="#303030" string="शांत होकर बात करना" visible="true" y="landscape.15px, portrait.15px" bg-color="white" margin="landscape.45px 0px 45px 0px, portrait.45px 0px 45px 0px" />
                        </lido-cell>
                        <lido-cell layout="col" tab-index="3" id="col2" slot="back" disable-edit="true" visible="true" width="landscape.594px, portrait.754px" height="landscape.910px, portrait.925px" bg-color="white" type="" dropAttr="diagonal" onEntry="this.border-radius=32px; this.padding='8px 8px 16px 8px';" y="landscape.,portrait.">
                            <lido-image visible="true" src="game-assets/images/file-zldifpwl.jpg" z="1" width="landscape.578px, portrait.738px" height="landscape.578px, portrait.738px" onEntry="this.flex-shrink='0';" border-radius="24px 24px 6px 6px" alt-text="" />
                        </lido-cell>
                    </lido-flash-card>
                </lido-cell>
            </lido-container>
        <lido-container lang="hi" show-prev-button="false" show-next-button="true" id="lido-container" bg-image="" height="1600px" width="900px" value="mainContainer4" objective="" visible="true" onInCorrect="lido-avatar.avatarAnimate='Fail'; this.sleep='2000';" show-check="false" is-continue-on-correct="false" exit-button-url="template-assets/buttons/file-zr2lbo3o.png" prev-button-url="template-assets/buttons/file-83fhzskz.png" next-button-url="template-assets/buttons/file-0f0nihcj.png" speaker-button-url="template-assets/buttons/file-jm8avtjz.png">
    <lido-cell id="cell1" margin="landscape.140px 0px 0px 0px,portrait.170px 0px 0px 0px" visible="true" layout="landscape.row,portrait.col" disable-edit="true" value="cell1" width="landscape.100%,portrait.86%" height="landscape.100%,portrait.80%" x="50px" y="50px" bg-color="white" onEntry="this.justifyContent='space-evenly'; this.borderRadius='6px'">
        <lido-image id="image1" disable-edit="true" margin="landscape.0px 0px 0px 0px,portrait.-20px 0px 0px 0px" value="image1" visible="true" src="game-assets/images/file-yh4m28zd.jpg" width="landscape.704px,portrait.744px" height="landscape.704px,portrait.707px" bg-color="transparent" alt-text="" onEntry="" />
        <lido-text id="text1" tab-index="1" audio="game-assets/audio/file-8c5e5t3j.mp3" disable-edit="true" margin="landscape.0px 0px 0px 27px,portrait.0px 0px 60px 0px" value="text1" visible="true" width="landscape.47%,portrait.90%" height="100%" bg-color="transparent" font-family="'Baloo 2', serif" font-size="44px" font-color="#000" string="अच्छा संचार मतलब सुनना, विनम्रता से बोलना और दयालु शारीरिक भाषा का उपयोग करना" onEntry="this.fontWeight='500'; this.boxShadow='unset'; this.textAlign='start'; this.speak='true';" />
    </lido-cell>
    <lido-pos id="pos1" disable-edit="true" value="pos1" height="350px" width="350px" x="landscape.1300px, portrait.580px" y="landscape.670px, portrait.1350px" aria-hidden="true" z="1" bg-color="transparent" visible="true">
        <lido-avatar id="lido-avatar" disable-edit="true" visible="true" height="350px" width="350px" src="template-assets/images/file-deek2sqt.riv" alt-text="chimpleCharacterRive" />
    </lido-pos>
</lido-container><lido-container lang="hi" show-prev-button="false" show-next-button="true" id="lido-container" bg-image="" height="1600px" width="900px" value="mainContainer4" objective="" visible="true" onInCorrect="lido-avatar.avatarAnimate='Fail'; this.sleep='2000';" show-check="false" is-continue-on-correct="false" exit-button-url="template-assets/buttons/file-zr2lbo3o.png" prev-button-url="template-assets/buttons/file-83fhzskz.png" next-button-url="template-assets/buttons/file-0f0nihcj.png" speaker-button-url="template-assets/buttons/file-jm8avtjz.png">
    <lido-cell id="cell1" margin="landscape.140px 0px 0px 0px,portrait.170px 0px 0px 0px" visible="true" layout="landscape.row,portrait.col" disable-edit="true" value="cell1" width="landscape.100%,portrait.86%" height="landscape.100%,portrait.80%" x="50px" y="50px" bg-color="white" onEntry="this.justifyContent='space-evenly'; this.borderRadius='6px'">
        <lido-image id="image1" disable-edit="true" margin="landscape.0px 0px 0px 0px,portrait.-20px 0px 0px 0px" value="image1" visible="true" src="game-assets/images/file-57s8omui.jpg" width="landscape.704px,portrait.744px" height="landscape.704px,portrait.707px" bg-color="transparent" alt-text="" onEntry="" />
        <lido-text id="text1" tab-index="1" audio="game-assets/audio/file-xoxj0mim.mp3" disable-edit="true" margin="landscape.0px 0px 0px 27px,portrait.0px 0px 60px 0px" value="text1" visible="true" width="landscape.47%,portrait.90%" height="100%" bg-color="transparent" font-family="'Baloo 2', serif" font-size="44px" font-color="#000" string="नेत्र संपर्क और मुस्कान दूसरों को सहज महसूस कराते हैं" onEntry="this.fontWeight='500'; this.boxShadow='unset'; this.textAlign='start'; this.speak='true';" />
    </lido-cell>
    <lido-pos id="pos1" disable-edit="true" value="pos1" height="350px" width="350px" x="landscape.1300px, portrait.580px" y="landscape.670px, portrait.1350px" aria-hidden="true" z="1" bg-color="transparent" visible="true">
        <lido-avatar id="lido-avatar" disable-edit="true" visible="true" height="350px" width="350px" src="template-assets/images/file-deek2sqt.riv" alt-text="chimpleCharacterRive" />
    </lido-pos>
</lido-container><lido-container lang="hi" show-prev-button="false" show-next-button="true" id="lido-container" bg-image="" height="1600px" width="900px" value="mainContainer4" objective="" visible="true" onInCorrect="lido-avatar.avatarAnimate='Fail'; this.sleep='2000';" show-check="false" is-continue-on-correct="false" exit-button-url="template-assets/buttons/file-zr2lbo3o.png" prev-button-url="template-assets/buttons/file-83fhzskz.png" next-button-url="template-assets/buttons/file-0f0nihcj.png" speaker-button-url="template-assets/buttons/file-jm8avtjz.png">
    <lido-cell id="cell1" margin="landscape.140px 0px 0px 0px,portrait.170px 0px 0px 0px" visible="true" layout="landscape.row,portrait.col" disable-edit="true" value="cell1" width="landscape.100%,portrait.86%" height="landscape.100%,portrait.80%" x="50px" y="50px" bg-color="white" onEntry="this.justifyContent='space-evenly'; this.borderRadius='6px'">
        <lido-image id="image1" disable-edit="true" margin="landscape.0px 0px 0px 0px,portrait.-20px 0px 0px 0px" value="image1" visible="true" src="game-assets/images/file-7kb9gfcv.jpg" width="landscape.704px,portrait.744px" height="landscape.704px,portrait.707px" bg-color="transparent" alt-text="" onEntry="" />
        <lido-text id="text1" tab-index="1" audio="game-assets/audio/file-z2lqt4xa.mp3" disable-edit="true" margin="landscape.0px 0px 0px 27px,portrait.0px 0px 60px 0px" value="text1" visible="true" width="landscape.47%,portrait.90%" height="100%" bg-color="transparent" font-family="'Baloo 2', serif" font-size="44px" font-color="#000" string="संचार हमें शांति से साथ काम करने और खेलने में मदद करता है" onEntry="this.fontWeight='500'; this.boxShadow='unset'; this.textAlign='start'; this.speak='true';" />
    </lido-cell>
    <lido-pos id="pos1" disable-edit="true" value="pos1" height="350px" width="350px" x="landscape.1300px, portrait.580px" y="landscape.670px, portrait.1350px" aria-hidden="true" z="1" bg-color="transparent" visible="true">
        <lido-avatar id="lido-avatar" disable-edit="true" visible="true" height="350px" width="350px" src="template-assets/images/file-deek2sqt.riv" alt-text="chimpleCharacterRive" />
    </lido-pos>
</lido-container><lido-container lang="hi" show-prev-button="false" show-next-button="true" id="lido-container" bg-image="" height="1600px" width="900px" value="mainContainer4" objective="" visible="true" onInCorrect="lido-avatar.avatarAnimate='Fail'; this.sleep='2000';" show-check="false" is-continue-on-correct="false" exit-button-url="template-assets/buttons/file-zr2lbo3o.png" prev-button-url="template-assets/buttons/file-83fhzskz.png" next-button-url="template-assets/buttons/file-0f0nihcj.png" speaker-button-url="template-assets/buttons/file-jm8avtjz.png">
    <lido-cell id="cell1" margin="landscape.140px 0px 0px 0px,portrait.170px 0px 0px 0px" visible="true" layout="landscape.row,portrait.col" disable-edit="true" value="cell1" width="landscape.100%,portrait.86%" height="landscape.100%,portrait.80%" x="50px" y="50px" bg-color="white" onEntry="this.justifyContent='space-evenly'; this.borderRadius='6px'">
        <lido-image id="image1" disable-edit="true" margin="landscape.0px 0px 0px 0px,portrait.-20px 0px 0px 0px" value="image1" visible="true" src="game-assets/images/file-u5env0rx.jpg" width="landscape.704px,portrait.744px" height="landscape.704px,portrait.707px" bg-color="transparent" alt-text="" onEntry="" />
        <lido-text id="text1" tab-index="1" audio="game-assets/audio/file-9tefm8a3.mp3" disable-edit="true" margin="landscape.0px 0px 0px 27px,portrait.0px 0px 60px 0px" value="text1" visible="true" width="landscape.47%,portrait.90%" height="100%" bg-color="transparent" font-family="'Baloo 2', serif" font-size="44px" font-color="#000" string="कृपया और धन्यवाद कहना संचार को सकारात्मक बनाता है" onEntry="this.fontWeight='500'; this.boxShadow='unset'; this.textAlign='start'; this.speak='true';" />
    </lido-cell>
    <lido-pos id="pos1" disable-edit="true" value="pos1" height="350px" width="350px" x="landscape.1300px, portrait.580px" y="landscape.670px, portrait.1350px" aria-hidden="true" z="1" bg-color="transparent" visible="true">
        <lido-avatar id="lido-avatar" disable-edit="true" visible="true" height="350px" width="350px" src="template-assets/images/file-deek2sqt.riv" alt-text="chimpleCharacterRive" />
    </lido-pos>
</lido-container><lido-container lang="hi" show-prev-button="false" show-next-button="true" id="lido-container" bg-image="" height="1600px" width="900px" value="mainContainer4" objective="" visible="true" onInCorrect="lido-avatar.avatarAnimate='Fail'; this.sleep='2000';" show-check="false" is-continue-on-correct="false" exit-button-url="template-assets/buttons/file-zr2lbo3o.png" prev-button-url="template-assets/buttons/file-83fhzskz.png" next-button-url="template-assets/buttons/file-0f0nihcj.png" speaker-button-url="template-assets/buttons/file-jm8avtjz.png">
    <lido-cell id="cell1" margin="landscape.140px 0px 0px 0px,portrait.170px 0px 0px 0px" visible="true" layout="landscape.row,portrait.col" disable-edit="true" value="cell1" width="landscape.100%,portrait.86%" height="landscape.100%,portrait.80%" x="50px" y="50px" bg-color="white" onEntry="this.justifyContent='space-evenly'; this.borderRadius='6px'">
        <lido-image id="image1" disable-edit="true" margin="landscape.0px 0px 0px 0px,portrait.-20px 0px 0px 0px" value="image1" visible="true" src="game-assets/images/file-y4rlknd8.jpg" width="landscape.704px,portrait.744px" height="landscape.704px,portrait.707px" bg-color="transparent" alt-text="" onEntry="" />
        <lido-text id="text1" tab-index="1" audio="game-assets/audio/file-fcguf0wp.mp3" disable-edit="true" margin="landscape.0px 0px 0px 27px,portrait.0px 0px 60px 0px" value="text1" visible="true" width="landscape.47%,portrait.90%" height="100%" bg-color="transparent" font-family="'Baloo 2', serif" font-size="44px" font-color="#000" string="सुनना समझने का पहला कदम है" onEntry="this.fontWeight='500'; this.boxShadow='unset'; this.textAlign='start'; this.speak='true';" />
    </lido-cell>
    <lido-pos id="pos1" disable-edit="true" value="pos1" height="350px" width="350px" x="landscape.1300px, portrait.580px" y="landscape.670px, portrait.1350px" aria-hidden="true" z="1" bg-color="transparent" visible="true">
        <lido-avatar id="lido-avatar" disable-edit="true" visible="true" height="350px" width="350px" src="template-assets/images/file-deek2sqt.riv" alt-text="chimpleCharacterRive" />
    </lido-pos>
</lido-container><lido-container lang="hi" show-prev-button="false" show-next-button="true" id="lido-container" bg-image="" height="1600px" width="900px" value="mainContainer4" objective="" visible="true" onInCorrect="lido-avatar.avatarAnimate='Fail'; this.sleep='2000';" show-check="false" is-continue-on-correct="false" exit-button-url="template-assets/buttons/file-zr2lbo3o.png" prev-button-url="template-assets/buttons/file-83fhzskz.png" next-button-url="template-assets/buttons/file-0f0nihcj.png" speaker-button-url="template-assets/buttons/file-jm8avtjz.png">
    <lido-cell id="cell1" margin="landscape.140px 0px 0px 0px,portrait.170px 0px 0px 0px" visible="true" layout="landscape.row,portrait.col" disable-edit="true" value="cell1" width="landscape.100%,portrait.86%" height="landscape.100%,portrait.80%" x="50px" y="50px" bg-color="white" onEntry="this.justifyContent='space-evenly'; this.borderRadius='6px'">
        <lido-image id="image1" disable-edit="true" margin="landscape.0px 0px 0px 0px,portrait.-20px 0px 0px 0px" value="image1" visible="true" src="game-assets/images/file-7jdzxofe.jpg" width="landscape.704px,portrait.744px" height="landscape.704px,portrait.707px" bg-color="transparent" alt-text="" onEntry="" />
        <lido-text id="text1" tab-index="1" audio="game-assets/audio/file-uk2yxbu6.mp3" disable-edit="true" margin="landscape.0px 0px 0px 27px,portrait.0px 0px 60px 0px" value="text1" visible="true" width="landscape.47%,portrait.90%" height="100%" bg-color="transparent" font-family="'Baloo 2', serif" font-size="44px" font-color="#000" string="मुस्कुराना और सिर हिलाना दिखाते हैं कि आप परवाह करते हैं" onEntry="this.fontWeight='500'; this.boxShadow='unset'; this.textAlign='start'; this.speak='true';" />
    </lido-cell>
    <lido-pos id="pos1" disable-edit="true" value="pos1" height="350px" width="350px" x="landscape.1300px, portrait.580px" y="landscape.670px, portrait.1350px" aria-hidden="true" z="1" bg-color="transparent" visible="true">
        <lido-avatar id="lido-avatar" disable-edit="true" visible="true" height="350px" width="350px" src="template-assets/images/file-deek2sqt.riv" alt-text="chimpleCharacterRive" />
    </lido-pos>
</lido-container><lido-container lang="hi" show-prev-button="false" show-next-button="true" id="lido-container" bg-image="" height="1600px" width="900px" value="mainContainer4" objective="" visible="true" onInCorrect="lido-avatar.avatarAnimate='Fail'; this.sleep='2000';" show-check="false" is-continue-on-correct="false" exit-button-url="template-assets/buttons/file-zr2lbo3o.png" prev-button-url="template-assets/buttons/file-83fhzskz.png" next-button-url="template-assets/buttons/file-0f0nihcj.png" speaker-button-url="template-assets/buttons/file-jm8avtjz.png">
    <lido-cell id="cell1" margin="landscape.140px 0px 0px 0px,portrait.170px 0px 0px 0px" visible="true" layout="landscape.row,portrait.col" disable-edit="true" value="cell1" width="landscape.100%,portrait.86%" height="landscape.100%,portrait.80%" x="50px" y="50px" bg-color="white" onEntry="this.justifyContent='space-evenly'; this.borderRadius='6px'">
        <lido-image id="image1" disable-edit="true" margin="landscape.0px 0px 0px 0px,portrait.-20px 0px 0px 0px" value="image1" visible="true" src="game-assets/images/file-9agquzpv.jpg" width="landscape.704px,portrait.744px" height="landscape.704px,portrait.707px" bg-color="transparent" alt-text="" onEntry="" />
        <lido-text id="text1" tab-index="1" audio="game-assets/audio/file-jgk1xags.mp3" disable-edit="true" margin="landscape.0px 0px 0px 27px,portrait.0px 0px 60px 0px" value="text1" visible="true" width="landscape.47%,portrait.90%" height="100%" bg-color="transparent" font-family="'Baloo 2', serif" font-size="44px" font-color="#000" string="धीमे स्वर में बोलना शांति और नियंत्रण दिखाता है" onEntry="this.fontWeight='500'; this.boxShadow='unset'; this.textAlign='start'; this.speak='true';" />
    </lido-cell>
    <lido-pos id="pos1" disable-edit="true" value="pos1" height="350px" width="350px" x="landscape.1300px, portrait.580px" y="landscape.670px, portrait.1350px" aria-hidden="true" z="1" bg-color="transparent" visible="true">
        <lido-avatar id="lido-avatar" disable-edit="true" visible="true" height="350px" width="350px" src="template-assets/images/file-deek2sqt.riv" alt-text="chimpleCharacterRive" />
    </lido-pos>
</lido-container><lido-container lang="hi" show-prev-button="false" show-next-button="true" id="lido-container" bg-image="" height="1600px" width="900px" value="mainContainer4" objective="" visible="true" onInCorrect="lido-avatar.avatarAnimate='Fail'; this.sleep='2000';" show-check="false" is-continue-on-correct="false" exit-button-url="template-assets/buttons/file-zr2lbo3o.png" prev-button-url="template-assets/buttons/file-83fhzskz.png" next-button-url="template-assets/buttons/file-0f0nihcj.png" speaker-button-url="template-assets/buttons/file-jm8avtjz.png">
    <lido-cell id="cell1" margin="landscape.140px 0px 0px 0px,portrait.170px 0px 0px 0px" visible="true" layout="landscape.row,portrait.col" disable-edit="true" value="cell1" width="landscape.100%,portrait.86%" height="landscape.100%,portrait.80%" x="50px" y="50px" bg-color="white" onEntry="this.justifyContent='space-evenly'; this.borderRadius='6px'">
        <lido-image id="image1" disable-edit="true" margin="landscape.0px 0px 0px 0px,portrait.-20px 0px 0px 0px" value="image1" visible="true" src="game-assets/images/file-5jfcryrm.jpg" width="landscape.704px,portrait.744px" height="landscape.704px,portrait.707px" bg-color="transparent" alt-text="" onEntry="" />
        <lido-text id="text1" tab-index="1" audio="game-assets/audio/file-xpm4etil.mp3" disable-edit="true" margin="landscape.0px 0px 0px 27px,portrait.0px 0px 60px 0px" value="text1" visible="true" width="landscape.47%,portrait.90%" height="100%" bg-color="transparent" font-family="'Baloo 2', serif" font-size="44px" font-color="#000" string="विनम्रता से प्रश्न पूछना सम्मान दर्शाता है" onEntry="this.fontWeight='500'; this.boxShadow='unset'; this.textAlign='start'; this.speak='true';" />
    </lido-cell>
    <lido-pos id="pos1" disable-edit="true" value="pos1" height="350px" width="350px" x="landscape.1300px, portrait.580px" y="landscape.670px, portrait.1350px" aria-hidden="true" z="1" bg-color="transparent" visible="true">
        <lido-avatar id="lido-avatar" disable-edit="true" visible="true" height="350px" width="350px" src="template-assets/images/file-deek2sqt.riv" alt-text="chimpleCharacterRive" />
    </lido-pos>
</lido-container><lido-container lang="hi" show-prev-button="false" show-next-button="true" id="lido-container" bg-image="" height="1600px" width="900px" value="mainContainer4" objective="" visible="true" onInCorrect="lido-avatar.avatarAnimate='Fail'; this.sleep='2000';" show-check="false" is-continue-on-correct="false" exit-button-url="template-assets/buttons/file-zr2lbo3o.png" prev-button-url="template-assets/buttons/file-83fhzskz.png" next-button-url="template-assets/buttons/file-0f0nihcj.png" speaker-button-url="template-assets/buttons/file-jm8avtjz.png">
    <lido-cell id="cell1" margin="landscape.140px 0px 0px 0px,portrait.170px 0px 0px 0px" visible="true" layout="landscape.row,portrait.col" disable-edit="true" value="cell1" width="landscape.100%,portrait.86%" height="landscape.100%,portrait.80%" x="50px" y="50px" bg-color="white" onEntry="this.justifyContent='space-evenly'; this.borderRadius='6px'">
        <lido-image id="image1" disable-edit="true" margin="landscape.0px 0px 0px 0px,portrait.-20px 0px 0px 0px" value="image1" visible="true" src="game-assets/images/file-q43pd9pp.jpg" width="landscape.704px,portrait.744px" height="landscape.704px,portrait.707px" bg-color="transparent" alt-text="" onEntry="" />
        <lido-text id="text1" tab-index="1" audio="game-assets/audio/file-idydq0av.mp3" disable-edit="true" margin="landscape.0px 0px 0px 27px,portrait.0px 0px 60px 0px" value="text1" visible="true" width="landscape.47%,portrait.90%" height="100%" bg-color="transparent" font-family="'Baloo 2', serif" font-size="44px" font-color="#000" string="टीमवर्क की शुरुआत संचार से होती है" onEntry="this.fontWeight='500'; this.boxShadow='unset'; this.textAlign='start'; this.speak='true';" />
    </lido-cell>
    <lido-pos id="pos1" disable-edit="true" value="pos1" height="350px" width="350px" x="landscape.1300px, portrait.580px" y="landscape.670px, portrait.1350px" aria-hidden="true" z="1" bg-color="transparent" visible="true">
        <lido-avatar id="lido-avatar" disable-edit="true" visible="true" height="350px" width="350px" src="template-assets/images/file-deek2sqt.riv" alt-text="chimpleCharacterRive" />
    </lido-pos>
</lido-container><lido-container lang="hi" show-prev-button="false" show-next-button="true" id="lido-container" bg-image="" height="1600px" width="900px" value="mainContainer4" objective="" visible="true" onInCorrect="lido-avatar.avatarAnimate='Fail'; this.sleep='2000';" show-check="false" is-continue-on-correct="false" exit-button-url="template-assets/buttons/file-zr2lbo3o.png" prev-button-url="template-assets/buttons/file-83fhzskz.png" next-button-url="template-assets/buttons/file-0f0nihcj.png" speaker-button-url="template-assets/buttons/file-jm8avtjz.png">
    <lido-cell id="cell1" margin="landscape.140px 0px 0px 0px,portrait.170px 0px 0px 0px" visible="true" layout="landscape.row,portrait.col" disable-edit="true" value="cell1" width="landscape.100%,portrait.86%" height="landscape.100%,portrait.80%" x="50px" y="50px" bg-color="white" onEntry="this.justifyContent='space-evenly'; this.borderRadius='6px'">
        <lido-image id="image1" disable-edit="true" margin="landscape.0px 0px 0px 0px,portrait.-20px 0px 0px 0px" value="image1" visible="true" src="game-assets/images/file-0pcmyo48.jpg" width="landscape.704px,portrait.744px" height="landscape.704px,portrait.707px" bg-color="transparent" alt-text="" onEntry="" />
        <lido-text id="text1" tab-index="1" audio="game-assets/audio/file-pl08gdht.mp3" disable-edit="true" margin="landscape.0px 0px 0px 27px,portrait.0px 0px 60px 0px" value="text1" visible="true" width="landscape.47%,portrait.90%" height="100%" bg-color="transparent" font-family="'Baloo 2', serif" font-size="44px" font-color="#000" string="शब्दों में शक्ति होती है, उनका उपयोग दयालुता से करें" onEntry="this.fontWeight='500'; this.boxShadow='unset'; this.textAlign='start'; this.speak='true';" />
    </lido-cell>
    <lido-pos id="pos1" disable-edit="true" value="pos1" height="350px" width="350px" x="landscape.1300px, portrait.580px" y="landscape.670px, portrait.1350px" aria-hidden="true" z="1" bg-color="transparent" visible="true">
        <lido-avatar id="lido-avatar" disable-edit="true" visible="true" height="350px" width="350px" src="template-assets/images/file-deek2sqt.riv" alt-text="chimpleCharacterRive" />
    </lido-pos>
</lido-container>
</root>