[1,["39eSeyfKNBAoCyCpSIq4is","9dSMaGzThJQKew0Ww9a6IZ","d1R8aV9WJLuojVADX18e++","0aE+XxqV9Fsr9P+ioxrmE/","0aePzozjRAhqND88mo5VB0"],["_textureSetter"],["cc.SpriteFrame","cc.Texture2D",["cc.AudioClip",["_name","_native","duration"],0],["cc.JsonAsset",["_name","json"],1]],[[2,0,1,2,4],[3,0,1,3]],[[[[0,"डिबिया",".mp3",0.731429],-1],0,0,[],[],[]],[[{"name":"साइकिल","rect":[0,0,271,271],"offset":[0,0],"originalSize":[271,271],"capInsets":[0,0,0,0]}],[0],0,[0],[0],[0]],[["0,9729,9729,33071,33071,0,0,1",-1],[1],0,[],[],[]],[["0,9729,9729,33071,33071,0,0,1",-1],[1],0,[],[],[]],[[[0,"अंतरिक्ष",".mp3",1.018776],-1],0,0,[],[],[]],[[[0,"त",".mp3",0.444],-1],0,0,[],[],[]],[[[0,"डि",".mp3",0.39175],-1],0,0,[],[],[]],[[{"name":"अंतरिक्ष","rect":[0,0,271,271],"offset":[0,0],"originalSize":[271,271],"capInsets":[0,0,0,0]}],[0],0,[0],[0],[1]],[["0,9729,9729,33071,33071,0,0,1",-1],[1],0,[],[],[]],[[[0,"ध",".mp3",0.47025],-1],0,0,[],[],[]],[[[0,"नि",".mp3",0.653061],-1],0,0,[],[],[]],[[[0,"धनिया",".mp3",0.809796],-1],0,0,[],[],[]],[[[0,"इलाइची",".mp3",1.123265],-1],0,0,[],[],[]],[[[0,"या",".mp3",0.5485],-1],0,0,[],[],[]],[[{"name":"ऑफिस","rect":[0,0,271,271],"offset":[0,0],"originalSize":[271,271],"capInsets":[0,0,0,0]}],[0],0,[0],[0],[2]],[[[0,"बि",".mp3",0.653061],-1],0,0,[],[],[]],[[[0,"ऑफिस",".mp3",1.018776],-1],0,0,[],[],[]],[[[0,"कि",".mp3",0.470204],-1],0,0,[],[],[]],[[[1,"hi1107",{"rows":[["rocket","1","Description","अंतरिक्ष","अं,त,रि,क्ष","अं,त,रि,क्ष","अंतरिक्ष.mp3","अंतरिक्ष.png","false ","true "],["rocket","1","Description","ऑफिस","ऑ,फि,स","ऑ,फि,स","ऑफिस.mp3","ऑफिस.png","false ","true "],["rocket","1","Description","वैज्ञानिक","वै,ज्ञा,नि,क","वै,ज्ञा,नि,क","वैज्ञानिक.mp3","वैज्ञानिक.png","false ","true "],["rocket","1","Description","इलाइची","इ,ला,इ,ची","इ,ला,इ,ची","इलाइची.mp3","इलाइची.png","false ","true "],["rocket","1","Description","साइकिल","सा,इ,कि,ल","सा,इ,कि,ल","साइकिल.mp3","साइकिल.png","false ","true "],["phonictractor","1","Description","6","डिबिया","डिबिया.mp3","डि","डि.mp3","बि","बि.mp3","या","या.mp3"],["phonictractor","1","Description","6","तकिया","तकिया.mp3","त","त.mp3","कि","कि.mp3","या","या.mp3"],["phonictractor","1","Description","6","धनिया","धनिया.mp3","ध","ध.mp3","नि","नि.mp3","या","या.mp3"],["quizliteracy","1","Description","soundonly_word","इलाइची","वैज्ञानिक","अंतरिक्ष","इलाइची","","","इलाइची.mp3"],["quizliteracy","1","Description","image_word","वैज्ञानिक","इलाइची","वैज्ञानिक","अंतरिक्ष","वैज्ञानिक.png"],["quizliteracy","1","Description","image_word","अंतरिक्ष","अंतरिक्ष","वैज्ञानिक","इलाइची","अंतरिक्ष.png"]]}]],0,0,[],[],[]],[[{"name":"इलाइची","rect":[0,0,271,271],"offset":[0,0],"originalSize":[271,271],"capInsets":[0,0,0,0]}],[0],0,[0],[0],[3]],[["0,9729,9729,33071,33071,0,0,1",-1],[1],0,[],[],[]],[[[0,"वैज्ञानिक",".mp3",1.253878],-1],0,0,[],[],[]],[["0,9729,9729,33071,33071,0,0,1",-1],[1],0,[],[],[]],[[[0,"साइकिल",".mp3",1.123265],-1],0,0,[],[],[]],[[{"name":"वैज्ञानिक","rect":[0,0,271,271],"offset":[0,0],"originalSize":[271,271],"capInsets":[0,0,0,0]}],[0],0,[0],[0],[4]],[[[0,"तकिया",".mp3",0.653061],-1],0,0,[],[],[]]]]