[1,["aaF3lVaNFDCocbJjI/IPgD","90/e17PVlLmZ4acoij2Gad","31DGFXVg5MeIRWCRxAaN+2","33E3MHvilKubkMT2JciVd0","b85wJG2oVL5aSOyHFj3+yY","eadQA+LGJKoYsNx/SvZE8u"],["_textureSetter"],["cc.SpriteFrame","cc.Texture2D",["cc.AudioClip",["_name","_native","duration"],0],["cc.JsonAsset",["_name","json"],1]],[[2,0,1,2,4],[3,0,1,3]],[[[[0,"Can_I_come_with_you,_please",".mp3",1.933061],-1],0,0,[],[],[]],[[{"name":"excuse_me","rect":[0,0,512,512],"offset":[0,0],"originalSize":[512,512],"capInsets":[0,0,0,0]}],[0],0,[0],[0],[0]],[["0,9729,9729,33071,33071,0,0,1",-1],[1],0,[],[],[]],[["0,9729,9729,33071,33071,0,0,1",-1],[1],0,[],[],[]],[[[0,"Excuse_me_please",".mp3",2.115918],-1],0,0,[],[],[]],[[[1,"sl_en1907",{"rows":[["createsentence","1","Description","Will/you/open/this/bottle,/please?","","bottle.png","Will_you_open_this_bottle,_please.mp3"],["createsentence","1","Description","I/am/sorry.","","sorry.png","I_am_sorry.mp3"],["createsentence","1","Description","Excuse/me,/please.","","excuse_me.png","Excuse_me_please.mp3"],["createsentence","1","Description","Pardon/me.","","Pardon_me.png","Pardon_me.mp3"],["createsentence","1","Description","Thank/you.","","thank_you.png","Thank_you.mp3"],["createsentence","1","Description","Can/I/come/with/you,/please?","","come_with_you.png","Can_I_come_with_you,_please.mp3"],["quizliteracy","1","Description","sentence_sentence","sorry","sorry","Excuse","please","","I am _____.","I_am_sorry.mp3"],["quizliteracy","1","Description","sentence_sentence","Excuse","please","sorry","Excuse","","______ me, please.","Excuse_me_please.mp3"],["quizliteracy","1","Description","sentence_sentence","please","Excuse","please","sorry","","Can I come with you, ______?","Can_I_come_with_you,_please.mp3"]]}]],0,0,[],[],[]],[[[0,"Thank_you",".mp3",1.619592],-1],0,0,[],[],[]],[[{"name":"come_with_you","rect":[0,0,512,512],"offset":[0,0],"originalSize":[512,512],"capInsets":[0,0,0,0]}],[0],0,[0],[0],[1]],[[{"name":"thank_you","rect":[0,0,512,447],"offset":[0,0],"originalSize":[512,447],"capInsets":[0,0,0,0]}],[0],0,[0],[0],[2]],[["0,9729,9729,33071,33071,0,0,1",-1],[1],0,[],[],[]],[[[0,"Will_you_open_this_bottle,_please",".mp3",1.828571],-1],0,0,[],[],[]],[["0,9729,9729,33071,33071,0,0,1",-1],[1],0,[],[],[]],[["0,9729,9729,33071,33071,0,0,1",-1],[1],0,[],[],[]],[[{"name":"sorry","rect":[0,0,512,512],"offset":[0,0],"originalSize":[512,512],"capInsets":[0,0,0,0]}],[0],0,[0],[0],[3]],[[[0,"I_am_sorry",".mp3",1.201633],-1],0,0,[],[],[]],[[{"name":"bottle","rect":[0,0,512,460],"offset":[0,0],"originalSize":[512,460],"capInsets":[0,0,0,0]}],[0],0,[0],[0],[4]],[["0,9729,9729,33071,33071,0,0,1",-1],[1],0,[],[],[]],[[{"name":"Pardon_me","rect":[0,0,472,512],"offset":[0,0],"originalSize":[472,512],"capInsets":[0,0,0,0]}],[0],0,[0],[0],[5]],[[[0,"Pardon_me",".mp3",1.149388],-1],0,0,[],[],[]]]]