[1,["3bSMROEzhFi6TMc4r1zAA6","e6PZRA+B5IC6YGpoY5NEIV","75Zv6QzG9NfrVYNrJ0DiaR","e5CGkWj3xKU4rZoZYBa96i","65ZY/fCA9IPparOdqq10Nu"],["_textureSetter"],["cc.SpriteFrame","cc.Texture2D",["cc.AudioClip",["_name","_native","duration"],0],["cc.JsonAsset",["_name","json"],1]],[[2,0,1,2,4],[3,0,1,3]],[[[{"name":"थाली","rect":[0,0,400,333],"offset":[0,0],"originalSize":[400,333],"capInsets":[0,0,0,0]}],[0],0,[0],[0],[0]],[[[0,"थाली",".mp3",0.679184],-1],0,0,[],[],[]],[["0,9729,9729,33071,33071,0,0,1",-1],[1],0,[],[],[]],[[[0,"थर्मामीटर",".mp3",1.149388],-1],0,0,[],[],[]],[["0,9729,9729,33071,33071,0,0,1",-1],[1],0,[],[],[]],[["0,9729,9729,33071,33071,0,0,1",-1],[1],0,[],[],[]],[[[0,"थापी",".mp3",0.96],-1],0,0,[],[],[]],[[{"name":"थर्मामीटर","rect":[0,0,400,333],"offset":[0,0],"originalSize":[400,333],"capInsets":[0,0,0,0]}],[0],0,[0],[0],[1]],[[{"name":"थैली","rect":[0,0,400,333],"offset":[0,0],"originalSize":[400,333],"capInsets":[0,0,0,0]}],[0],0,[0],[0],[2]],[[[0,"थैली",".mp3",0.679184],-1],0,0,[],[],[]],[[[0,"थ",".mp3",0.5485],-1],0,0,[],[],[]],[[{"name":"थापी","rect":[0,0,500,500],"offset":[0,0],"originalSize":[500,500],"capInsets":[0,0,0,0]}],[0],0,[0],[0],[3]],[["0,9729,9729,33071,33071,0,0,1",-1],[1],0,[],[],[]],[["0,9729,9729,33071,33071,0,0,1",-1],[1],0,[],[],[]],[[{"name":"दरवाज़ा","rect":[104,0,191,333],"offset":[-0.5,0],"originalSize":[400,333],"capInsets":[0,0,0,0]}],[0],0,[0],[0],[4]],[[[1,"hi0116",{"rows":[["balloonpop","1","Description","2","थ","5","थ","थ.mp3"],["phonictractor","1","Description","5","थ","थ.mp3","थ","थ.mp3"],["writeletter","1","Description","थ","थापी"],["writecard","1","Description","थ","थापी","थापी.png","थापी.mp3","थाली","थाली.png","थाली.mp3","थैली","थैली.png","थैली.mp3"],["quizliteracy","1","Description","soundonly_word","थ","थ","ढ","प","","","थ.mp3"],["quizliteracy","1","Description","word_word","थ","ढ","प","थ","","थ"],["quizliteracy","1","Description","soundonly_word","थ","थ","ञ","ढ","","","थ.mp3"]]}]],0,0,[],[],[]]]]