[1,["13PDuHOQNAf7Rt3TwQuPn+","7esA4awlxHeKMIvvklYYkj","85cKvCCRZMA63hkNMhO8vd","63bjm6TnxBFo/Ji82c5bVq","ffcreVNmRJ5p0Xtnll3AaL","4ez9z3WchHRZJLmwvpx5eX"],["_textureSetter"],["cc.SpriteFrame","cc.Texture2D",["cc.JsonAsset",["_name","json"],1]],[[2,0,1,3]],[[[{"name":"April","rect":[0,0,512,377],"offset":[0,0],"originalSize":[512,377],"capInsets":[0,0,0,0]}],[0],0,[0],[0],[0]],[[{"name":"September","rect":[0,0,512,377],"offset":[0,0],"originalSize":[512,377],"capInsets":[0,0,0,0]}],[0],0,[0],[0],[1]],[["0,9729,9729,33071,33071,0,0,1",-1],[1],0,[],[],[]],[[{"name":"August","rect":[0,0,512,377],"offset":[0,0],"originalSize":[512,377],"capInsets":[0,0,0,0]}],[0],0,[0],[0],[2]],[[{"name":"October","rect":[0,0,512,377],"offset":[0,0],"originalSize":[512,377],"capInsets":[0,0,0,0]}],[0],0,[0],[0],[3]],[[{"name":"July","rect":[0,0,512,377],"offset":[0,0],"originalSize":[512,377],"capInsets":[0,0,0,0]}],[0],0,[0],[0],[4]],[["0,9729,9729,33071,33071,0,0,1",-1],[1],0,[],[],[]],[["0,9729,9729,33071,33071,0,0,1",-1],[1],0,[],[],[]],[["0,9729,9729,33071,33071,0,0,1",-1],[1],0,[],[],[]],[["0,9729,9729,33071,33071,0,0,1",-1],[1],0,[],[],[]],[[{"name":"December","rect":[0,0,512,377],"offset":[0,0],"originalSize":[512,377],"capInsets":[0,0,0,0]}],[0],0,[0],[0],[5]],[[[0,"sl_en3614",{"rows":[["rocket","1","Description","September","a,b,c,d,e,f,g,h,i,j,k,l,m,n,o,p,q,r,s,t,u,v,w,x,y,z","S,e,p,t,e,m,b,e,r","September.mp3","September.png","False","True"],["rocket","1","Description","April","a,b,c,d,e,f,g,h,i,j,k,l,m,n,o,p,q,r,s,t,u,v,w,x,y,z","A,p,r,i,l","April.mp3","April.png","False","True"],["rocket","1","Description","July","a,b,c,d,e,f,g,h,i,j,k,l,m,n,o,p,q,r,s,t,u,v,w,x,y,z","J,u,l,y","July.mp3","July.png","False","True"],["rocket","1","Description","August","a,b,c,d,e,f,g,h,i,j,k,l,m,n,o,p,q,r,s,t,u,v,w,x,y,z","A,u,g,u,s,t","August.mp3","August.png","False","True"],["rocket","1","Description","December","a,b,c,d,e,f,g,h,i,j,k,l,m,n,o,p,q,r,s,t,u,v,w,x,y,z","D,e,c,e,m,b,e,r","December.mp3","December.png","False","True"],["rocket","1","Description","October","a,b,c,d,e,f,g,h,i,j,k,l,m,n,o,p,q,r,s,t,u,v,w,x,y,z","O,c,t,o,b,e,r","October.mp3","October.png","False","True"],["quizliteracy","1","Description","image_word","April","September","April","January","April.png"],["quizliteracy","1","Description","word_word","ly","es","ne","ly","","Ju__","July.mp3"],["quizliteracy","1","Description","soundonly_word","October","October","December","September","","","October.mp3"]]}]],0,0,[],[],[]],[["0,9729,9729,33071,33071,0,0,1",-1],[1],0,[],[],[]]]]