[1,["24DumgjkJAsYA3Ztph67EO","6fyZ+KeNhA35kKjGUQO2xu","aekOYpz/1HdrufVapUfEGs","25OIOC37tHg7CrOnhOhCuv","6eoC4nVnhC3Ii+qJEXKy0m","83p4WOH8tM1pDlOlGtNEVF","0buc3PojJOHICDm4itrZxZ"],["_textureSetter"],["cc.Texture2D","cc.SpriteFrame",["cc.AudioClip",["_name","_native","duration"],0],["cc.JsonAsset",["_name","json"],1]],[[2,0,1,2,4],[3,0,1,3]],[[[[0,"चीकू",".mp3",0.862041],-1],0,0,[],[],[]],[["0,9729,9729,33071,33071,0,0,1",-1],[0],0,[],[],[]],[[[0,"सूबा",".mp3",0.984],-1],0,0,[],[],[]],[[{"name":"छाता","rect":[0,0,193,153],"offset":[0,0],"originalSize":[193,153],"capInsets":[0,0,0,0]}],[1],0,[0],[0],[0]],[[{"name":"धूल","rect":[0,0,271,271],"offset":[0,0],"originalSize":[271,271],"capInsets":[0,0,0,0]}],[1],0,[0],[0],[1]],[["0,9729,9729,33071,33071,0,0,1",-1],[0],0,[],[],[]],[["0,9729,9729,33071,33071,0,0,1",-1],[0],0,[],[],[]],[[[0,"चा",".mp3",0.522449],-1],0,0,[],[],[]],[[[0,"ची",".mp3",0.783673],-1],0,0,[],[],[]],[[[0,"चाकू",".mp3",0.809796],-1],0,0,[],[],[]],[[[0,"फूल",".mp3",0.835918],-1],0,0,[],[],[]],[[[0,"जूता",".mp3",0.862041],-1],0,0,[],[],[]],[["0,9729,9729,33071,33071,0,0,1",-1],[0],0,[],[],[]],[["0,9729,9729,33071,33071,0,0,1",-1],[0],0,[],[],[]],[[[1,"hi0701",{"rows":[["spelldoor","1","Description","धूल","*ल","1","0","धूल.png","धूल.mp3"],["spelldoor","1","Description","धूप","*प","0","1","धूप.png","धूप.mp3"],["spelldoor","1","Description","फूल","*ल","0","1","फूल.png","फूल.mp3"],["phonictractor","1","Description","5","चीकू","चीकू.mp3","ची","ची.mp3","कू","कू.mp3"],["phonictractor","1","Description","5","चाकू","चाकू.mp3","चा","चा.mp3","कू","कू.mp3"],["grid","1","Description","डू,सू,द,च","बा"],["openwindow","1","Description","LEGIT","आ,लू","आलू.png","किसान.png","आलू.mp3","ज,ग,न,ल,फ,छा,ता,र,थ,व,न,घ,ट्र,क,घो,ड़ा,हा,थी,आ,म,स"],["openwindow","1","Description","LEGIT","जू,ता","जूता.png","छाता.png","जूता.mp3","ज,ग,न,ल,फ,छा,ता,र,थ,व,न,घ,ट्र,क,घो,ड़ा,हा,थी,आ,म,स"],["rocket","1","Description","धूल","धू,ल","धू,ल","धूल.mp3","धूल.png","false ","false "],["rocket","1","Description","फूल","फू,ल","फू,ल","फूल.mp3","फूल.png","false ","false "],["quizliteracy","1","Description","soundonly_word","धूल","फूल","धूल","जूता","","","धूल.mp3"],["quizliteracy","1","Description","image_word","फूल","धूल","जूता","फूल","फूल.png"],["quizliteracy","1","Description","soundonly_word","जूता","जूता","फूल","धूल","","","जूता.mp3"]]}]],0,0,[],[],[]],[[{"name":"जूता","rect":[0,0,193,153],"offset":[0,0],"originalSize":[193,153],"capInsets":[0,0,0,0]}],[1],0,[0],[0],[2]],[["0,9729,9729,33071,33071,0,0,1",-1],[0],0,[],[],[]],[[[0,"धूल",".mp3",0.862041],-1],0,0,[],[],[]],[[[0,"दवा",".mp3",0.936],-1],0,0,[],[],[]],[[[0,"डूबा",".mp3",0.984],-1],0,0,[],[],[]],[["0,9729,9729,33071,33071,0,0,1",-1],[0],0,[],[],[]],[[[0,"चबा",".mp3",0.912],-1],0,0,[],[],[]],[[{"name":"धूप","rect":[0,0,370,273],"offset":[0,0],"originalSize":[370,273],"capInsets":[0,0,0,0]}],[1],0,[0],[0],[3]],[[{"name":"आलू","rect":[0,0,193,153],"offset":[0,0],"originalSize":[193,153],"capInsets":[0,0,0,0]}],[1],0,[0],[0],[4]],[[[0,"धूप",".mp3",2.76898],-1],0,0,[],[],[]],[[{"name":"फूल","rect":[0,0,271,271],"offset":[0,0],"originalSize":[271,271],"capInsets":[0,0,0,0]}],[1],0,[0],[0],[5]],[[[0,"कू",".mp3",0.653061],-1],0,0,[],[],[]],[[{"name":"किसान","rect":[0,0,193,153],"offset":[0,0],"originalSize":[193,153],"capInsets":[0,0,0,0]}],[1],0,[0],[0],[6]],[[[0,"आलू",".mp3",0.705306],-1],0,0,[],[],[]]]]