[1,["f4CleTBidMhZkCp63Dzcc3","91HLralXJIIrMhbNAb888n","74sowOC1NOv6rJUqLDgW/T","5aVocmSaFHPYh1Rqe9mHVV"],["_textureSetter"],["cc.SpriteFrame","cc.Texture2D",["cc.AudioClip",["_name","_native","duration"],0],["cc.JsonAsset",["_name","json"],1]],[[2,0,1,2,4],[3,0,1,3]],[[[[0,"ॲट",".mp3",0.888163],-1],0,0,[],[],[]],[[{"name":"ॲ","rect":[0,0,238,303],"offset":[0,0],"originalSize":[238,303],"capInsets":[0,0,0,0]}],[0],0,[0],[0],[0]],[["0,9729,9729,33071,33071,0,0,1",-1],[1],0,[],[],[]],[[{"name":"arrow","rect":[0,0,640,331],"offset":[0,0],"originalSize":[640,331],"capInsets":[0,0,0,0]}],[0],0,[0],[0],[1]],[[{"name":"angle","rect":[0,0,640,545],"offset":[0,0],"originalSize":[640,545],"capInsets":[0,0,0,0]}],[0],0,[0],[0],[2]],[[[0,"ॲरो",".mp3",0.888163],-1],0,0,[],[],[]],[[[0,"ॲ",".mp3",0.705306],-1],0,0,[],[],[]],[["0,9729,9729,33071,33071,0,0,1",-1],[1],0,[],[],[]],[[[0,"ॲगल",".mp3",1.097143],-1],0,0,[],[],[]],[["0,9729,9729,33071,33071,0,0,1",-1],[1],0,[],[],[]],[[{"name":"ant","rect":[0,0,640,321],"offset":[0,0],"originalSize":[640,321],"capInsets":[0,0,0,0]}],[0],0,[0],[0],[3]],[[[1,"mr0013",{"rows":[["balloonpop","1","Description","2","ॲ","3","अ,ॲ,इ","ॲ.mp3"],["writeletter","1","Description","ॲ","ॲट"],["writecard","1","Description","ॲ","ॲट","ant.png","ॲट.mp3","ॲगल","angle.png","ॲगल.mp3","ॲरो","arrow.png","ॲरो.mp3"],["quizliteracy","1","Description","word_word","ॲ","ॲ","ऐ","इ","","ॲ"],["quizliteracy","1","Description","image_word","ॲ","ऐ","इ","ॲ","ॲ.png"],["quizliteracy","1","Description","word_word","अँ","अँ","ऐ","इ","","अँ"]]}]],0,0,[],[],[]],[["0,9729,9729,33071,33071,0,0,1",-1],[1],0,[],[],[]]]]