[1,["95T/S8dGZFp6JHHeqsQFEj","a2rBiqEARE/rIsvNjjuMCQ","0fbLsvqVZI04yfOuefoLyX","91AmkFYSBJPZ+qxyxT0vSw","01MPg+iGtGF6T0YO+PNRcF","e1CJBFHpRBm7sWUWf72h0I","6f/89i8+RKr6ZLK1Phxak/","54NjDGz01FB4zBfYszLDfk","ea7sMwYZpE87mtGA5m67NS","89sFVHLdxHmZbMivy89gm8","52njp68RpJKbBVyrk2d7xE","f2qI2frcdLdogjaJpNcQqW","47gKIImqFOvZDvBaSnFXfv"],["_textureSetter"],["cc.Texture2D","cc.SpriteFrame",["cc.AudioClip",["_name","_native","duration"],0],["cc.JsonAsset",["_name","json"],1]],[[2,0,1,2,4],[3,0,1,3]],[[["0,9729,9729,33071,33071,0,0,1",-1],[0],0,[],[],[]],[[{"name":"full_glass","rect":[0,0,456,512],"offset":[0,0],"originalSize":[456,512],"capInsets":[0,0,0,0]}],[1],0,[0],[0],[0]],[[{"name":"bigbag ","rect":[0,0,256,254],"offset":[0,0],"originalSize":[256,254],"capInsets":[0,0,0,0]}],[1],0,[0],[0],[1]],[["0,9729,9729,33071,33071,0,0,1",-1],[0],0,[],[],[]],[[{"name":"bigbasket ","rect":[0,0,256,186],"offset":[0,0],"originalSize":[256,186],"capInsets":[0,0,0,0]}],[1],0,[0],[0],[2]],[[[0,"more",".mp3",1.201633],-1],0,0,[],[],[]],[[{"name":"smallbag ","rect":[0,0,256,186],"offset":[0,0],"originalSize":[256,186],"capInsets":[0,0,0,0]}],[1],0,[0],[0],[3]],[[{"name":"smallbasket ","rect":[0,0,256,246],"offset":[0,0],"originalSize":[256,246],"capInsets":[0,0,0,0]}],[1],0,[0],[0],[4]],[["0,9729,9729,33071,33071,0,0,1",-1],[0],0,[],[],[]],[["0,9729,9729,33071,33071,0,0,1",-1],[0],0,[],[],[]],[["0,9729,9729,33071,33071,0,0,1",-1],[0],0,[],[],[]],[[{"name":"bigbottle ","rect":[0,0,208,256],"offset":[0,0],"originalSize":[208,256],"capInsets":[0,0,0,0]}],[1],0,[0],[0],[5]],[[{"name":"tub","rect":[0,0,512,357],"offset":[0,0],"originalSize":[512,357],"capInsets":[0,0,0,0]}],[1],0,[0],[0],[6]],[[{"name":"bucket","rect":[0,0,495,512],"offset":[0,0],"originalSize":[495,512],"capInsets":[0,0,0,0]}],[1],0,[0],[0],[7]],[["0,9729,9729,33071,33071,0,0,1",-1],[0],0,[],[],[]],[[{"name":"half_glass","rect":[0,0,456,512],"offset":[0,0],"originalSize":[456,512],"capInsets":[0,0,0,0]}],[1],0,[0],[0],[8]],[["0,9729,9729,33071,33071,0,0,1",-1],[0],0,[],[],[]],[["0,9729,9729,33071,33071,0,0,1",-1],[0],0,[],[],[]],[["0,9729,9729,33071,33071,0,0,1",-1],[0],0,[],[],[]],[["0,9729,9729,33071,33071,0,0,1",-1],[0],0,[],[],[]],[[{"name":"mug","rect":[0,0,500,333],"offset":[0,0],"originalSize":[500,333],"capInsets":[0,0,0,0]}],[1],0,[0],[0],[9]],[[[1,"sl_en3806",{"rows":[["openwindow1","1","Description","LEGIT","more","bucket.png","half_full_glass.png","more.mp3","abcdefghijklmnopqrstuvwxyz"],["openwindow1","1","Description","LEGIT","less","half_glass.png","full_glass.png","less.mp3","abcdefghijklmnopqrstuvwxyz"],["openwindow1","1","Description","LEGIT","more","tub.png","mug.png","more.mp3","abcdefghijklmnopqrstuvwxyz"],["openwindow1","1","Description","LEGIT","more","jar.png","half_glass.png","more.mp3","abcdefghijklmnopqrstuvwxyz"],["openwindow1","1","Description","LEGIT","less","smallbasket.png","bigbasket.png","less.mp3","abcdefghijklmnopqrstuvwxyz"],["openwindow1","1","Description","LEGIT","more","bigbottle.png","can.png","more.mp3","abcdefghijklmnopqrstuvwxyz"],["openwindow1","1","Description","LEGIT","less","bigbag.png","smallbag.png","less.mp3","abcdefghijklmnopqrstuvwxyz"],["quizliteracy","1","Description","soundonly_image","bucket.png","mug.png","bucket.png","half_glass.png","","","more.mp3"],["quizliteracy","1","Description","soundonly_image","half_glass.png","tub.png","bigbottle.png","","","less.mp3"],["quizliteracy","1","Description","soundonly_image","tub.png","jar.png","half_glass.png","tub.png","","","more.mp3"]]}]],0,0,[],[],[]],[[{"name":"jar","rect":[0,0,467,512],"offset":[0,0],"originalSize":[467,512],"capInsets":[0,0,0,0]}],[1],0,[0],[0],[10]],[[{"name":"can","rect":[106,0,299,512],"offset":[-0.5,0],"originalSize":[512,512],"capInsets":[0,0,0,0]}],[1],0,[0],[0],[11]],[[[0,"less",".mp3",1.17551],-1],0,0,[],[],[]],[["0,9729,9729,33071,33071,0,0,1",-1],[0],0,[],[],[]],[[{"name":"glass","rect":[0,0,190,256],"offset":[0,0],"originalSize":[190,256],"capInsets":[0,0,0,0]}],[1],0,[0],[0],[12]],[["0,9729,9729,33071,33071,0,0,1",-1],[0],0,[],[],[]],[["0,9729,9729,33071,33071,0,0,1",-1],[0],0,[],[],[]]]]