[1,["b3+wLLsJhCAYH/3RGHe/Es","5fxQ/dvNNIPKNzhTb7tYBf","515yRby2JGYI2GskircHjk","02P5lptGFD+6IKjOTdLGqw","14gAmg7EJETozDtS+wqLq4","797fE6hBpAR6CBKXPfB3yb","b9KXjaWmVJq7XPCDf+m5Ti","0bKgmNaWxJjKj4B/SfIaHu","c8hKbI58dDMJQCpHjTeXxw","83YvymXOdLr5q0ISZiDBVl","c7ejbnMSRD/avD4TE+Sz2R","6cXEOlqZtNiYLB9RTzQBbW","43TzSbpLFCg6HJJxYe5zDT","e6LzMuTXhAg5Lowk2004WP","9e59SboKVIWogApQoXX+r6","d4Vao/OVBCnJHPJm0Mlkx5","46m0CcB5RHEK9dmG7RsTaU","15g5DURwJIQ5NBa0/2lkF5","f86/txZEtP2K7DSAVU3Bin"],["_textureSetter"],["cc.SpriteFrame","cc.Texture2D",["cc.AudioClip",["_name","_native","duration"],0],["cc.JsonAsset",["_name","json"],1]],[[2,0,1,2,4],[3,0,1,3]],[[[{"name":"rice","rect":[0,0,800,533],"offset":[0,0],"originalSize":[800,533],"capInsets":[0,0,0,0]}],[0],0,[0],[0],[0]],[["0,9729,9729,33071,33071,0,0,1",-1],[1],0,[],[],[]],[[[0,"ನಖ",".mp3",0.672],-1],0,0,[],[],[]],[[[0,"ಮಠ",".mp3",0.624],-1],0,0,[],[],[]],[["0,9729,9729,33071,33071,0,0,1",-1],[1],0,[],[],[]],[[[0,"ಫಲಕ",".mp3",0.744],-1],0,0,[],[],[]],[[{"name":"hair","rect":[0,0,558,800],"offset":[0,0],"originalSize":[558,800],"capInsets":[0,0,0,0]}],[0],0,[0],[0],[1]],[["0,9729,9729,33071,33071,0,0,1",-1],[1],0,[],[],[]],[["0,9729,9729,33071,33071,0,0,1",-1],[1],0,[],[],[]],[[{"name":"placard","rect":[0,0,357,500],"offset":[0,0],"originalSize":[357,500],"capInsets":[0,0,0,0]}],[0],0,[0],[0],[2]],[[{"name":"pot","rect":[0,0,467,500],"offset":[0,0],"originalSize":[467,500],"capInsets":[0,0,0,0]}],[0],0,[0],[0],[3]],[[[0,"ಸಖ",".mp3",0.744],-1],0,0,[],[],[]],[[{"name":"fruits","rect":[0,0,500,333],"offset":[0,0],"originalSize":[500,333],"capInsets":[0,0,0,0]}],[0],0,[0],[0],[4]],[[{"name":"monasteryl","rect":[0,0,500,373],"offset":[0,0],"originalSize":[500,373],"capInsets":[0,0,0,0]}],[0],0,[0],[0],[5]],[[{"name":"write","rect":[0,0,800,600],"offset":[0,0],"originalSize":[800,600],"capInsets":[0,0,0,0]}],[0],0,[0],[0],[6]],[["0,9729,9729,33071,33071,0,0,1",-1],[1],0,[],[],[]],[[{"name":"friend","rect":[0,0,800,532],"offset":[0,0],"originalSize":[800,532],"capInsets":[0,0,0,0]}],[0],0,[0],[0],[7]],[["0,9729,9729,33071,33071,0,0,1",-1],[1],0,[],[],[]],[[{"name":"vulture","rect":[0,0,800,666],"offset":[0,0],"originalSize":[800,666],"capInsets":[0,0,0,0]}],[0],0,[0],[0],[8]],[["0,9729,9729,33071,33071,0,0,1",-1],[1],0,[],[],[]],[[[0,"ಝಣಝಣ",".mp3",0.864],-1],0,0,[],[],[]],[["0,9729,9729,33071,33071,0,0,1",-1],[1],0,[],[],[]],[[{"name":"tub","rect":[0,0,800,533],"offset":[0,0],"originalSize":[800,533],"capInsets":[0,0,0,0]}],[0],0,[0],[0],[9]],[["0,9729,9729,33071,33071,0,0,1",-1],[1],0,[],[],[]],[["0,9729,9729,33071,33071,0,0,1",-1],[1],0,[],[],[]],[[{"name":"notes","rect":[0,0,800,533],"offset":[0,0],"originalSize":[800,533],"capInsets":[0,0,0,0]}],[0],0,[0],[0],[10]],[["0,9729,9729,33071,33071,0,0,1",-1],[1],0,[],[],[]],[[[0,"ಖಗ",".mp3",0.648],-1],0,0,[],[],[]],[[{"name":"crow","rect":[0,0,800,617],"offset":[0,0],"originalSize":[800,617],"capInsets":[0,0,0,0]}],[0],0,[0],[0],[11]],[[{"name":"coins","rect":[0,0,800,800],"offset":[0,0],"originalSize":[800,800],"capInsets":[0,0,0,0]}],[0],0,[0],[0],[12]],[[{"name":"book","rect":[0,0,800,590],"offset":[0,0],"originalSize":[800,590],"capInsets":[0,0,0,0]}],[0],0,[0],[0],[13]],[["0,9729,9729,33071,33071,0,0,1",-1],[1],0,[],[],[]],[[{"name":"hand","rect":[0,0,500,500],"offset":[0,0],"originalSize":[500,500],"capInsets":[0,0,0,0]}],[0],0,[0],[0],[14]],[[{"name":"dog","rect":[0,0,800,590],"offset":[0,0],"originalSize":[800,590],"capInsets":[0,0,0,0]}],[0],0,[0],[0],[15]],[["0,9729,9729,33071,33071,0,0,1",-1],[1],0,[],[],[]],[[[0,"ಜಠರ",".mp3",0.744],-1],0,0,[],[],[]],[["0,9729,9729,33071,33071,0,0,1",-1],[1],0,[],[],[]],[[{"name":"claw","rect":[0,0,800,533],"offset":[0,0],"originalSize":[800,533],"capInsets":[0,0,0,0]}],[0],0,[0],[0],[16]],[[[1,"kn0903",{"rows":[["openwindow","1","Description","LEGIT","ಘ,ಟ","pot.png","tub.png","ಘಟ.mp3","ಘ,ಟ"],["openwindow","1","Description","LEGIT","ಮ,ಠ","monasteryl.png","hospital.png","ಮಠ.mp3","ಮ,ಠ"],["openwindow","1","Description","LEGIT","ಫ,ಲ,ಕ","placard.png","book.png","ಫಲಕ.mp3","ಫ,ಲ,ಕ"],["openwindow","1","Description","LEGIT","ನ,ಖ","claw.png","hair.png","ನಖ.mp3","ನ,ಖ"],["openwindow","1","Description","LEGIT","ಜ,ಠ,ರ","stomach.png","hand.png","ಜಠರ.mp3","ಜ,ಠ,ರ"],["openwindow","1","Description","LEGIT","ಫ,ಲ","fruits.png","rice.png","ಫಲ.mp3","ಫ,ಲ"],["openwindow","1","Description","LEGIT","ಝ,ಣ,ಝ,ಣ","coins.png","notes.png","ಝಣಝಣ.mp3","ಝ,ಣ,ಝ,ಣ"],["openwindow","1","Description","LEGIT","ಖ,ಗ","vulture.png","dog.png","ಖಗ.mp3","ಖ,ಗ"],["openwindow","1","Description","LEGIT","ಸ,ಖ","friend.png","write.png","ಸಖ.mp3","ಸ,ಖ"],["quizliteracy","1","Description","image_word","ಘಟ","ಫಲಕ","ಮಠ","ಘಟ","pot.png"],["quizliteracy","1","Description","image_word","ಮಠ","ಮಠ","ಘಟ","ಫಲಕ","monasteryl.png"],["quizliteracy","1","Description","image_word","ಫಲಕ","ಘಟ","ಫಲಕ","ಮಠ","placard.png"]]}]],0,0,[],[],[]],[["0,9729,9729,33071,33071,0,0,1",-1],[1],0,[],[],[]],[["0,9729,9729,33071,33071,0,0,1",-1],[1],0,[],[],[]],[[[0,"ಘಟ",".mp3",0.624],-1],0,0,[],[],[]],[["0,9729,9729,33071,33071,0,0,1",-1],[1],0,[],[],[]],[[{"name":"stomach","rect":[0,0,800,533],"offset":[0,0],"originalSize":[800,533],"capInsets":[0,0,0,0]}],[0],0,[0],[0],[17]],[["0,9729,9729,33071,33071,0,0,1",-1],[1],0,[],[],[]],[[{"name":"hospital","rect":[0,0,800,500],"offset":[0,0],"originalSize":[800,500],"capInsets":[0,0,0,0]}],[0],0,[0],[0],[18]],[["0,9729,9729,33071,33071,0,0,1",-1],[1],0,[],[],[]],[[[0,"ಫಲ",".mp3",0.624],-1],0,0,[],[],[]]]]