[1,["fexFvakqZInr5shl5acBNM","faKU5YkHdLVZM6Xn774gEw","13vh71jqpHG6k2PFIGDDbe","dbJpGyVAdI/K17NdNCIOvT","f5lbeKyhJI9IL8gfHWmRuh","7bjyqa4nlN8po0s6rZNm2P","8bcO/mE0hDe4SfoBI7+Vnn","94jwNpbKJLNqsUsQlCX8Ul"],["_textureSetter"],["cc.SpriteFrame","cc.Texture2D",["cc.AudioClip",["_name","_native","duration"],0],["cc.JsonAsset",["_name","json"],1]],[[2,0,1,2,4],[3,0,1,3]],[[[{"name":"sleeping","rect":[0,0,512,355],"offset":[0,0],"originalSize":[512,355],"capInsets":[0,0,0,0]}],[0],0,[0],[0],[0]],[["0,9729,9729,33071,33071,0,0,1",-1],[1],0,[],[],[]],[[[0,"peeling",".mp3",1.008],-1],0,0,[],[],[]],[[[0,"writing",".mp3",1.08],-1],0,0,[],[],[]],[[{"name":"standing","rect":[0,0,449,512],"offset":[0,0],"originalSize":[449,512],"capInsets":[0,0,0,0]}],[0],0,[0],[0],[1]],[[{"name":"writing","rect":[0,0,1979,2259],"offset":[0,0],"originalSize":[1979,2259],"capInsets":[0,0,0,0]}],[0],0,[0],[0],[2]],[[{"name":"dancing","rect":[0,0,512,478],"offset":[0,0],"originalSize":[512,478],"capInsets":[0,0,0,0]}],[0],0,[0],[0],[3]],[[[0,"reading",".mp3",1.032],-1],0,0,[],[],[]],[[{"name":"planting","rect":[0,0,449,512],"offset":[0,0],"originalSize":[449,512],"capInsets":[0,0,0,0]}],[0],0,[0],[0],[4]],[[{"name":"washing","rect":[0,0,3298,2496],"offset":[0,0],"originalSize":[3298,2496],"capInsets":[0,0,0,0]}],[0],0,[0],[0],[5]],[["0,9729,9729,33071,33071,0,0,1",-1],[1],0,[],[],[]],[[[0,"standing",".mp3",1.176],-1],0,0,[],[],[]],[["0,9729,9729,33071,33071,0,0,1",-1],[1],0,[],[],[]],[[{"name":"drawing","rect":[0,0,512,388],"offset":[0,0],"originalSize":[512,388],"capInsets":[0,0,0,0]}],[0],0,[0],[0],[6]],[[[1,"en2609",{"rows":[["openwindow","1","Description","LEGIT","sleeping","sleeping.png","running.png","sleeping.mp3","abcdefghijklmnopqrstuvwxyz"],["spelldoor","1","Description","peeling","*eeling","1","0","peeling.png","peeling.mp3"],["openwindow","1","Description","LEGIT","reading","reading.png","playing.png","reading.mp3","abcdefghijklmnopqrstuvwxyz"],["spelldoor","1","Description","washing","*ashing","2","0","washing.png","washing.mp3"],["openwindow","1","Description","LEGIT","drawing","drawing.png","dancing.png","drawing.mp3","abcdefghijklmnopqrstuvwxyz"],["openwindow","1","Description","LEGIT","standing","standing.png","planting.png","standing.mp3","abcdefghijklmnopqrstuvwxyz"],["rocket","1","Description","writing","a,b,c,d,e,f,g,h,i,j,k,l,m,n,o,p,q,r,s,t,u,v,w,x,y,z","w,r,i,t,i,n,g","writing.mp3","writing.png","True","False"],["quizliteracy","1","Description","image_word","sleeping","running","writing","sleeping","sleeping.png"],["quizliteracy","1","Description","image_word","reading","sleeping","reading","playing","reading.png"],["quizliteracy","1","Description","image_word","standing","standing","sitting","falling","standing.png"]]}]],0,0,[],[],[]],[[{"name":"reading","rect":[0,0,458,512],"offset":[0,0],"originalSize":[458,512],"capInsets":[0,0,0,0]}],[0],0,[0],[0],[7]],[["0,9729,9729,33071,33071,0,0,1",-1],[1],0,[],[],[]],[[[0,"washing",".mp3",1.08],-1],0,0,[],[],[]],[["0,9729,9729,33071,33071,0,0,1",-1],[1],0,[],[],[]],[[[0,"sleeping",".mp3",1.128],-1],0,0,[],[],[]],[[[0,"drawing",".mp3",1.008],-1],0,0,[],[],[]],[["0,9729,9729,33071,33071,0,0,1",-1],[1],0,[],[],[]],[["0,9729,9729,33071,33071,0,0,1",-1],[1],0,[],[],[]],[["0,9729,9729,33071,33071,0,0,1",-1],[1],0,[],[],[]]]]