[1,["40Hs9KYONHVah0fiyxSp5K","0c6vPurMJMAIWPyF5BiyyN"],["_textureSetter"],["cc.Texture2D","cc.SpriteFrame",["cc.AudioClip",["_name","_native","duration"],0],["cc.JsonAsset",["_name","json"],1]],[[2,0,1,2,4],[3,0,1,3]],[[[[0,"ಗಿ",".mp3",0.552],-1],0,0,[],[],[]],[["0,9729,9729,33071,33071,0,0,1",-1],[0],0,[],[],[]],[[[0,"ಡ್ಡ",".mp3",0.624],-1],0,0,[],[],[]],[[[0,"ಲ",".mp3",0.504],-1],0,0,[],[],[]],[[[0,"ಮಗ್ಗ",".mp3",0.672],-1],0,0,[],[],[]],[[[0,"ಉಚ್ಚ",".mp3",0.72],-1],0,0,[],[],[]],[[[0,"ಗದ್ದಲ",".mp3",0.792],-1],0,0,[],[],[]],[[[1,"kn2710",{"rows":[["spelldoor","1","Description","ಮ,ಗ್ಗ","**","0","0","loom.png","ಮಗ್ಗ.mp3"],["phonictractor","1","Description","4","ಗುಗ್ಗುರಿ","ಗುಗ್ಗುರಿ.mp3","ಗು","ಗು.mp3","ಗ್ಗು","ಗ್ಗು.mp3","ರಿ","ರಿ.mp3"],["phonictractor","1","Description","4","ಉಚ್ಚ","ಉಚ್ಚ.mp3","ಉ","ಉ.mp3","ಚ್ಚ","ಚ್ಚ.mp3"],["spelldoor","1","Description","ಹ,ಚ್ಚ,ಡ","***","0","0","rag.png","ಹಚ್ಚಡ.mp3"],["phonictractor","1","Description","4","ಗಿಡ್ಡರು","ಗಿಡ್ಡರು.mp3","ಗಿ","ಗಿ.mp3","ಡ್ಡ","ಡ್ಡ.mp3","ರು","ರು.mp3"],["phonictractor","1","Description","4","ಗಡ್ಡ","ಗಡ್ಡ.mp3","ಗ","ಗ.mp3","ಡ್ಡ","ಡ್ಡ.mp3"],["phonictractor","1","Description","4","ಉದ್ದ","ಉದ್ದ.mp3","ಉ","ಉ.mp3","ದ್ದ","ದ್ದ.mp3"],["phonictractor","1","Description","4","ಗದ್ದಲ","ಗದ್ದಲ.mp3","ಗ","ಗ.mp3","ದ್ದ","ದ್ದ.mp3","ಲ","ಲ.mp3"],["quizliteracy","1","Description","word_word","ದ್ದಲ","ರಗಸ","ದ್ದಲ","ಲಾಟೆ","","ಗ____","ಗದ್ದಲ.mp3"],["quizliteracy","1","Description","image_word","ಮಗ್ಗ","ಮಗ್ಗ","ಗಡ್ಡ","ಉಚ್ಚ","loom.png"],["quizliteracy","1","Description","soundonly_word","ಗುಗ್ಗುರಿ","ಗಿಡ್ಡರು","ಉಚ್ಚ","ಗುಗ್ಗುರಿ","","","ಗುಗ್ಗುರಿ.mp3"]]}]],0,0,[],[],[]],[["0,9729,9729,33071,33071,0,0,1",-1],[0],0,[],[],[]],[[{"name":"loom","rect":[0,0,800,533],"offset":[0,0],"originalSize":[800,533],"capInsets":[0,0,0,0]}],[1],0,[0],[0],[0]],[[[0,"ಗು",".mp3",0.552],-1],0,0,[],[],[]],[[[0,"ಗಡ್ಡ",".mp3",0.672],-1],0,0,[],[],[]],[[[0,"ಉ",".mp3",0.48],-1],0,0,[],[],[]],[[[0,"ಚ್ಚ",".mp3",0.72],-1],0,0,[],[],[]],[[[0,"ಗ್ಗು",".mp3",0.696],-1],0,0,[],[],[]],[[[0,"ಉದ್ದ",".mp3",0.624],-1],0,0,[],[],[]],[[[0,"ದ್ದ",".mp3",0.648],-1],0,0,[],[],[]],[[{"name":"rag","rect":[0,0,800,533],"offset":[0,0],"originalSize":[800,533],"capInsets":[0,0,0,0]}],[1],0,[0],[0],[1]],[[[0,"ರು",".mp3",0.528],-1],0,0,[],[],[]],[[[0,"ಗ",".mp3",0.528],-1],0,0,[],[],[]],[[[0,"ಹಚ್ಚಡ",".mp3",0.816],-1],0,0,[],[],[]],[[[0,"ಗಿಡ್ಡರು",".mp3",0.792],-1],0,0,[],[],[]],[[[0,"ಗುಗ್ಗುರಿ",".mp3",0.816],-1],0,0,[],[],[]],[[[0,"ರಿ",".mp3",0.504],-1],0,0,[],[],[]]]]