[1,["b1B75+k+9CnZNia9xpa0rl","11JTC7vThCUrf6g9rNr52u","47EhJPQNpLTpRY2IAH2phF"],["_textureSetter"],["cc.Texture2D","cc.SpriteFrame",["cc.AudioClip",["_name","_native","duration"],0],["cc.JsonAsset",["_name","json"],1]],[[2,0,1,2,4],[3,0,1,3]],[[[[0,"ರ",".mp3",0.48],-1],0,0,[],[],[]],[["0,9729,9729,33071,33071,0,0,1",-1],[0],0,[],[],[]],[[[1,"kn2807",{"rows":[["phonictractor","1","Description","6","ಸ್ಥ","ಸ್ಥ.mp3","ಸ್","ಸ್.mp3","ಥ","ಥ.mp3"],["phonictractor","1","Description","6","ಸ್ಥಳ","ಸ್ಥಳ.mp3","ಸ್ಥ","ಸ್ಥ.mp3","ಳ","ಳ.mp3"],["phonictractor","1","Description","6","ದ್ರ","ದ್ರ.mp3","ದ್","ದ್.mp3","ರ","ರ.mp3"],["phonictractor","1","Description","6","ದ್ರವ","ದ್ರವ.mp3","ದ್ರ","ದ್ರ.mp3","ವ","ವ.mp3"],["phonictractor","1","Description","6","ಶ್ರ","ಶ್ರ.mp3","ಶ್","ಶ್.mp3","ರ","ರ.mp3"],["spelldoor","1","Description","ಶ್ರ,ವ,ಣ","***","0","0","hearing.png","ಶ್ರವಣ.mp3"],["phonictractor","1","Description","6","ಕ್ರ","ಕ್ರ.mp3","ಕ್","ಕ್.mp3","ರ","ರ.mp3"],["spelldoor","1","Description","ಕ್ರ,ಮ","**","0","0","in_order.png","ಕ್ರಮ.mp3"],["phonictractor","1","Description","6","ಪ್ರೀ","ಪ್ರೀ.mp3","ಪ್","ಪ್.mp3","ರೀ","ರೀ.mp3"],["spelldoor","1","Description","ಪ್ರೀ,ತಿ","**","0","0","affection.png","ಪ್ರೀತಿ.mp3"],["quizliteracy","1","Description","word_word","ವಣ","ವಣ","ಗಮ","ಪಲ","","ಶ್ರ____","ಶ್ರವಣ.mp3"],["quizliteracy","1","Description","image_word","ಪ್ರೀತಿ","ಸ್ಥಳ","ಪ್ರೀತಿ","ದ್ರವ","affection.png"],["quizliteracy","1","Description","soundonly_word","ಕ್ರಮ","ದ್ರವ","ಸ್ಥಳ","ಕ್ರಮ","","","ಕ್ರಮ.mp3"]]}]],0,0,[],[],[]],[[{"name":"hearing","rect":[0,0,800,500],"offset":[0,0],"originalSize":[800,500],"capInsets":[0,0,0,0]}],[1],0,[0],[0],[0]],[[{"name":"in_order","rect":[0,0,800,545],"offset":[0,0],"originalSize":[800,545],"capInsets":[0,0,0,0]}],[1],0,[0],[0],[1]],[[[0,"ಶ್",".mp3",0.6],-1],0,0,[],[],[]],[[[0,"ಕ್",".mp3",0.528],-1],0,0,[],[],[]],[[[0,"ವ",".mp3",0.48],-1],0,0,[],[],[]],[[[0,"ಪ್",".mp3",0.504],-1],0,0,[],[],[]],[["0,9729,9729,33071,33071,0,0,1",-1],[0],0,[],[],[]],[[[0,"ಕ್ರ",".mp3",0.552],-1],0,0,[],[],[]],[[[0,"ದ್ರ",".mp3",0.576],-1],0,0,[],[],[]],[[[0,"ದ್",".mp3",0.504],-1],0,0,[],[],[]],[[[0,"ಥ",".mp3",0.504],-1],0,0,[],[],[]],[[[0,"ಕ್ರಮ",".mp3",0.648],-1],0,0,[],[],[]],[[[0,"ಶ್ರ",".mp3",0.624],-1],0,0,[],[],[]],[[[0,"ಶ್ರವಣ",".mp3",0.792],-1],0,0,[],[],[]],[[[0,"ಳ",".mp3",0.504],-1],0,0,[],[],[]],[[[0,"ದ್ರವ",".mp3",0.648],-1],0,0,[],[],[]],[["0,9729,9729,33071,33071,0,0,1",-1],[0],0,[],[],[]],[[[0,"ಸ್ಥಳ",".mp3",0.72],-1],0,0,[],[],[]],[[[0,"ಸ್ಥ",".mp3",0.648],-1],0,0,[],[],[]],[[[0,"ಪ್ರೀತಿ",".mp3",0.744],-1],0,0,[],[],[]],[[{"name":"affection","rect":[0,0,800,533],"offset":[0,0],"originalSize":[800,533],"capInsets":[0,0,0,0]}],[1],0,[0],[0],[2]],[[[0,"ಪ್ರೀ",".mp3",0.576],-1],0,0,[],[],[]],[[[0,"ಸ್",".mp3",0.624],-1],0,0,[],[],[]],[[[0,"ರೀ",".mp3",0.528],-1],0,0,[],[],[]]]]