[1,["44ENiF4p9D8bOEkS4OtCbb","0bBsA5iFtDM4iN91K8fL5h","2cnsNwE3hPwpGi1mFQeGXL","2czO4txY1PLK+J+x5mq5zf","92Dhp4qWxLP5Aq7Mrdv/KP","82wZqzZLVAc7UMbw8exwzd","c30JPgN1hIdY9ezr3upYdv","beeUgpWKlDW5ybn2HejgLr","e34WKk0dpJBKcz1cferZo8","52n/mlCJBMNKn6jwBPMsea","bb+yPe8QBADaGKwYf6ryhW","47qZH8Ci9DA5GtEqO1SiTh","efAuXhpgVB1IEr8XAtN6aQ","0bci29DJVEbpdCWOe99tWj","d9kQ/xZmpEsaZkWzFqYtu+","97SCUCOClCJYj2TEEvESVQ","d1x/7epNBIk7tjfLKyJhUk","b8gNJzpwpIf531rKBO8cd5"],["_textureSetter"],["cc.SpriteFrame","cc.Texture2D",["cc.AudioClip",["_name","_native","duration"],0],["cc.JsonAsset",["_name","json"],1]],[[2,0,1,2,4],[3,0,1,3]],[[[{"name":"girl","rect":[0,0,433,512],"offset":[0,0],"originalSize":[433,512],"capInsets":[0,0,0,0]}],[0],0,[0],[0],[0]],[[{"name":"mango","rect":[0,0,504,512],"offset":[0,0],"originalSize":[504,512],"capInsets":[0,0,0,0]}],[0],0,[0],[0],[1]],[["0,9729,9729,33071,33071,0,0,1",-1],[1],0,[],[],[]],[["0,9729,9729,33071,33071,0,0,1",-1],[1],0,[],[],[]],[[{"name":"trees","rect":[0,0,1768,1301],"offset":[0,0],"originalSize":[1768,1301],"capInsets":[0,0,0,0]}],[0],0,[0],[0],[2]],[[{"name":"tree","rect":[0,0,1801,1830],"offset":[0,0],"originalSize":[1801,1830],"capInsets":[0,0,0,0]}],[0],0,[0],[0],[3]],[[[0,"bat",".mp3",0.936],-1],0,0,[],[],[]],[["0,9729,9729,33071,33071,0,0,1",-1],[1],0,[],[],[]],[["0,9729,9729,33071,33071,0,0,1",-1],[1],0,[],[],[]],[["0,9729,9729,33071,33071,0,0,1",-1],[1],0,[],[],[]],[["0,9729,9729,33071,33071,0,0,1",-1],[1],0,[],[],[]],[[{"name":"bat","rect":[0,0,512,435],"offset":[0,0],"originalSize":[512,435],"capInsets":[0,0,0,0]}],[0],0,[0],[0],[4]],[[{"name":"cows","rect":[0,0,512,328],"offset":[0,0],"originalSize":[512,328],"capInsets":[0,0,0,0]}],[0],0,[0],[0],[5]],[[{"name":"child","rect":[0,0,427,512],"offset":[0,0],"originalSize":[427,512],"capInsets":[0,0,0,0]}],[0],0,[0],[0],[6]],[[[0,"mangoes",".mp3",1.272],-1],0,0,[],[],[]],[["0,9729,9729,33071,33071,0,0,1",-1],[1],0,[],[],[]],[[[0,"cow",".mp3",0.792],-1],0,0,[],[],[]],[[{"name":"zebras","rect":[0,0,2116,1692],"offset":[0,0],"originalSize":[2116,1692],"capInsets":[0,0,0,0]}],[0],0,[0],[0],[7]],[[{"name":"zebra","rect":[0,0,2555,1692],"offset":[0,0],"originalSize":[2555,1692],"capInsets":[0,0,0,0]}],[0],0,[0],[0],[8]],[[{"name":"babies","rect":[0,0,512,329],"offset":[0,0],"originalSize":[512,329],"capInsets":[0,0,0,0]}],[0],0,[0],[0],[9]],[["0,9729,9729,33071,33071,0,0,1",-1],[1],0,[],[],[]],[[{"name":"pin","rect":[0,0,512,339],"offset":[0,0],"originalSize":[512,339],"capInsets":[0,0,0,0]}],[0],0,[0],[0],[10]],[["0,9729,9729,33071,33071,0,0,1",-1],[1],0,[],[],[]],[[[1,"en3800",{"rows":[["openwindow","1","Description","LEGIT","baby","baby.png","babies.png","baby.mp3","abcdefghijklmnopqrstuvwxyz"],["openwindow","1","Description","LEGIT","zebras","zebras.png","zebra.png","zebras.mp3","abcdefghijklmnopqrstuvwxyz"],["openwindow","1","Description","LEGIT","pins","pins.png","pin.png","pins.mp3","abcdefghijklmnopqrstuvwxyz"],["openwindow","1","Description","LEGIT","bat","bat.png","bats.png","bat.mp3","abcdefghijklmnopqrstuvwxyz"],["openwindow","1","Description","LEGIT","girl","girl.png","girls.png","girl.mp3","abcdefghijklmnopqrstuvwxyz"],["openwindow","1","Description","LEGIT","children","children.png","child.png","children.mp3","abcdefghijklmnopqrstuvwxyz"],["openwindow","1","Description","LEGIT","trees","trees.png","tree.png","trees.mp3","abcdefghijklmnopqrstuvwxyz"],["openwindow","1","Description","LEGIT","mangoes","mangoes.png","mango.png","mangoes.mp3","abcdefghijklmnopqrstuvwxyz"],["openwindow","1","Description","LEGIT","cow","cow.png","cows.png","cow.mp3","abcdefghijklmnopqrstuvwxyz"],["quizliteracy","1","Description","word_word","s","s","es","ies","","zebra_","zebras.mp3"],["quizliteracy","1","Description","word_word","s","ies","es","s","","tree_","trees.mp3"],["quizliteracy","1","Description","word_word","es","ies","es","s","","mango__","mangoes.mp3"]]}]],0,0,[],[],[]],[["0,9729,9729,33071,33071,0,0,1",-1],[1],0,[],[],[]],[[[0,"girl",".mp3",0.912],-1],0,0,[],[],[]],[[[0,"baby",".mp3",0.936],-1],0,0,[],[],[]],[["0,9729,9729,33071,33071,0,0,1",-1],[1],0,[],[],[]],[["0,9729,9729,33071,33071,0,0,1",-1],[1],0,[],[],[]],[["0,9729,9729,33071,33071,0,0,1",-1],[1],0,[],[],[]],[["0,9729,9729,33071,33071,0,0,1",-1],[1],0,[],[],[]],[[[0,"children",".mp3",1.056],-1],0,0,[],[],[]],[[{"name":"baby","rect":[0,0,512,339],"offset":[0,0],"originalSize":[512,339],"capInsets":[0,0,0,0]}],[0],0,[0],[0],[11]],[[{"name":"cow","rect":[0,0,512,512],"offset":[0,0],"originalSize":[512,512],"capInsets":[0,0,0,0]}],[0],0,[0],[0],[12]],[["0,9729,9729,33071,33071,0,0,1",-1],[1],0,[],[],[]],[[{"name":"children","rect":[0,0,512,398],"offset":[0,0],"originalSize":[512,398],"capInsets":[0,0,0,0]}],[0],0,[0],[0],[13]],[["0,9729,9729,33071,33071,0,0,1",-1],[1],0,[],[],[]],[[[0,"zebras",".mp3",1.248],-1],0,0,[],[],[]],[[{"name":"pins","rect":[0,0,512,339],"offset":[0,0],"originalSize":[512,339],"capInsets":[0,0,0,0]}],[0],0,[0],[0],[14]],[["0,9729,9729,33071,33071,0,0,1",-1],[1],0,[],[],[]],[["0,9729,9729,33071,33071,0,0,1",-1],[1],0,[],[],[]],[[{"name":"girls","rect":[0,0,501,512],"offset":[0,0],"originalSize":[501,512],"capInsets":[0,0,0,0]}],[0],0,[0],[0],[15]],[[[0,"pins",".mp3",0.984],-1],0,0,[],[],[]],[[[0,"trees",".mp3",0.984],-1],0,0,[],[],[]],[[{"name":"mangoes","rect":[0,0,512,333],"offset":[0,0],"originalSize":[512,333],"capInsets":[0,0,0,0]}],[0],0,[0],[0],[16]],[[{"name":"bats","rect":[0,0,512,365],"offset":[0,0],"originalSize":[512,365],"capInsets":[0,0,0,0]}],[0],0,[0],[0],[17]]]]