[1,["50J75P2GhD9b91wt+Bisyb","daayw4jwJGvLgOkPGCjJdj","fat/ep7rZIxIH930u3DEjp","c0fE9awgpItZMIwwPbDTCx","feQOGAOTxAsqythKwbawJR"],["_textureSetter"],["cc.SpriteFrame","cc.Texture2D",["cc.AudioClip",["_name","_native","duration"],0],["cc.JsonAsset",["_name","json"],1]],[[2,0,1,2,4],[3,0,1,3]],[[[[0,"ಮಸೀದಿ",".mp3",0.864],-1],0,0,[],[],[]],[[[0,"ದೀಪ",".mp3",0.696],-1],0,0,[],[],[]],[[[1,"kn4007",{"rows":[["spelldoor","1","Description","ದೀಪ","*ಪ","0","0","oil_lamp.png","ದೀಪ.mp3"],["spelldoor","1","Description","ಚೀಲ","*ಲ","0","0","bag.png","ಚೀಲ.mp3"],["spelldoor","1","Description","ಮಸೀದಿ","ಮ*ದಿ","0","0","mosque.png","ಮಸೀದಿ.mp3"],["spelldoor","1","Description","ಬೀಜ","*ಜ","0","0","seed.png","ಬೀಜ.mp3"],["spelldoor","1","Description","ಶರೀರ","ಶ*ರ","0","0","body.png","ಶರೀರ.mp3"],["quizliteracy","1","Description","word_word","ರೀರ","ಮನ","ರೀರ","ತಮಾನ","","ಶ_____","ಶರೀರ.mp3"],["quizliteracy","1","Description","image_word","ದೀಪ","ದೀಪ","ಬೀಜ","ಚೀಲ","oil_lamp.png"],["quizliteracy","1","Description","soundonly_word","ಬೀಜ","ಚೀಲ","ದೀಪ","ಬೀಜ","","","ಬೀಜ.mp3"]]}]],0,0,[],[],[]],[[{"name":"oil_lamp","rect":[0,0,600,800],"offset":[0,0],"originalSize":[600,800],"capInsets":[0,0,0,0]}],[0],0,[0],[0],[0]],[[{"name":"seed","rect":[0,0,533,800],"offset":[0,0],"originalSize":[533,800],"capInsets":[0,0,0,0]}],[0],0,[0],[0],[1]],[["0,9729,9729,33071,33071,0,0,1",-1],[1],0,[],[],[]],[[{"name":"mosque","rect":[0,0,800,533],"offset":[0,0],"originalSize":[800,533],"capInsets":[0,0,0,0]}],[0],0,[0],[0],[2]],[[{"name":"body","rect":[0,0,533,800],"offset":[0,0],"originalSize":[533,800],"capInsets":[0,0,0,0]}],[0],0,[0],[0],[3]],[[[0,"ಚೀಲ",".mp3",0.696],-1],0,0,[],[],[]],[[{"name":"bag","rect":[0,0,674,800],"offset":[0,0],"originalSize":[674,800],"capInsets":[0,0,0,0]}],[0],0,[0],[0],[4]],[[[0,"ಬೀಜ",".mp3",0.72],-1],0,0,[],[],[]],[["0,9729,9729,33071,33071,0,0,1",-1],[1],0,[],[],[]],[[[0,"ಶರೀರ",".mp3",0.84],-1],0,0,[],[],[]],[["0,9729,9729,33071,33071,0,0,1",-1],[1],0,[],[],[]],[["0,9729,9729,33071,33071,0,0,1",-1],[1],0,[],[],[]],[["0,9729,9729,33071,33071,0,0,1",-1],[1],0,[],[],[]]]]