[1,["7999pNnmVIRIu3/EPeWETV","22FTcF9M5Od7/84d0lwDLa","7etwlRoMJB5oVkWCWltgUk","18nW5b59VE3Ih+T4fvfMU/","20+1X2vEJIJ6Q1yNKHXRkJ","24aCrXOiNBEIPvhOv5gxlI","c4kwmo2UtPqrwetuIiwLsO"],["_textureSetter"],["cc.SpriteFrame","cc.Texture2D",["cc.AudioClip",["_name","_native","duration"],0],["cc.JsonAsset",["_name","json"],1]],[[2,0,1,2,4],[3,0,1,3]],[[[[0,"ಹರಸು",".mp3",0.864],-1],0,0,[],[],[]],[[{"name":"forgive","rect":[0,0,400,400],"offset":[0,0],"originalSize":[400,400],"capInsets":[0,0,0,0]}],[0],0,[0],[0],[0]],[["0,9729,9729,33071,33071,0,0,1",-1],[1],0,[],[],[]],[[[0,"ಪ್ರಾಮಾಣಿಕತೆ",".mp3",1.32],-1],0,0,[],[],[]],[["0,9729,9729,33071,33071,0,0,1",-1],[1],0,[],[],[]],[["0,9729,9729,33071,33071,0,0,1",-1],[1],0,[],[],[]],[["0,9729,9729,33071,33071,0,0,1",-1],[1],0,[],[],[]],[[[1,"kn2_1306",{"rows":[["rocket","1","Description","  ಅಭಿಮಾನ","ಅ,ಭಿ,ಮಾ,ನ","ಅ,ಭಿ,ಮಾ,ನ","ಅಭಿಮಾನ.mp3","admire.png","False","False"],["rocket","1","Description","    ಪ್ರಾಮಾಣಿಕತೆ","ಪ್ರಾ,ಮಾ,ಣಿ,ಕ,ತೆ","ಪ್ರಾ,ಮಾ,ಣಿ,ಕ,ತೆ","ಪ್ರಾಮಾಣಿಕತೆ.mp3","honesty.png","False","False"],["rocket","1","Description","ಹರಸು","ಹ,ರ,ಸು","ಹ,ರ,ಸು","ಹರಸು.mp3","bless.png","False","False"],["rocket","1","Description","    ಸತ್ಯವಂತ","ಸ,ತ್ಯ,ವಂ,ತ","ಸ,ತ್ಯ,ವಂ,ತ","ಸತ್ಯವಂತ.mp3","truthful.png","False","False"],["rocket","1","Description","  ಭಾರತ","ಭಾ,ರ,ತ","ಭಾ,ರ,ತ","ಭಾರತ.mp3","india.png","False","False"],["rocket","1","Description","  ಬಾಲಕ","ಬಾ,ಲ,ಕ","ಬಾ,ಲ,ಕ","ಬಾಲಕ.mp3","boy.png","False","False"],["rocket","1","Description","   ಕ್ಷಮಿಸು","ಕ್ಷ,ಮಿ,ಸು","ಕ್ಷ,ಮಿ,ಸು","ಕ್ಷಮಿಸು.mp3","forgive.png","False","False"],["quizliteracy","1","Description","word_word","ಸು","ಭಾ","ಸು","ಮಿ","","ಹರ_","ಹರಸು.mp3"],["quizliteracy","1","Description","word_word","ಭಾ","ಸು","ಮಿ","ಭಾ","","_ರತ","ಭಾರತ.mp3"],["quizliteracy","1","Description","word_word","ಮಿ","ಮಿ","ಭಾ","ಸು","","ಕ್ಷ_ಸು","ಕ್ಷಮಿಸು.mp3"]]}]],0,0,[],[],[]],[[{"name":"boy","rect":[0,0,400,400],"offset":[0,0],"originalSize":[400,400],"capInsets":[0,0,0,0]}],[0],0,[0],[0],[1]],[[[0,"ಭಾರತ",".mp3",0.888],-1],0,0,[],[],[]],[[[0,"ಸತ್ಯವಂತ",".mp3",1.2],-1],0,0,[],[],[]],[[{"name":"truthful","rect":[0,0,400,400],"offset":[0,0],"originalSize":[400,400],"capInsets":[0,0,0,0]}],[0],0,[0],[0],[2]],[[[0,"ಅಭಿಮಾನ",".mp3",0.96],-1],0,0,[],[],[]],[["0,9729,9729,33071,33071,0,0,1",-1],[1],0,[],[],[]],[["0,9729,9729,33071,33071,0,0,1",-1],[1],0,[],[],[]],[[[0,"ಬಾಲಕ",".mp3",0.864],-1],0,0,[],[],[]],[[{"name":"admire","rect":[0,0,400,400],"offset":[0,0],"originalSize":[400,400],"capInsets":[0,0,0,0]}],[0],0,[0],[0],[3]],[["0,9729,9729,33071,33071,0,0,1",-1],[1],0,[],[],[]],[[{"name":"india","rect":[0,0,400,400],"offset":[0,0],"originalSize":[400,400],"capInsets":[0,0,0,0]}],[0],0,[0],[0],[4]],[[[0,"ಕ್ಷಮಿಸು",".mp3",0.984],-1],0,0,[],[],[]],[[{"name":"honesty","rect":[0,0,400,400],"offset":[0,0],"originalSize":[400,400],"capInsets":[0,0,0,0]}],[0],0,[0],[0],[5]],[[{"name":"bless","rect":[0,0,400,400],"offset":[0,0],"originalSize":[400,400],"capInsets":[0,0,0,0]}],[0],0,[0],[0],[6]]]]