[1,["1dhsYG2BBK6Z3MnYp8lcL2","08AsISJrBF2qxbEaquEq4z","5fSWlhq45OgbjjtP/TKiyD","34ZAr/qiJBD7CA1o2H4XSk","a4Yf7uigNPXYY36v+iKx2O","5fV0vnmrZOOZS0zs9GnCrN","7do7tkC8dNvKOSEfNxb/NH","ddo2VAQnVGQpj4ynJ7mAsE","95yvhUlNdDLpkHHJJyN3SK","c9SRpvJv5Bp7VQ1MQkJY2u"],["_textureSetter"],["cc.SpriteFrame","cc.Texture2D",["cc.AudioClip",["_name","_native","duration"],0],["cc.JsonAsset",["_name","json"],1]],[[2,0,1,2,4],[3,0,1,3]],[[[{"name":"बच्चा","rect":[0,0,140,140],"offset":[0,0],"originalSize":[140,140],"capInsets":[0,0,0,0]}],[0],0,[0],[0],[0]],[[[0,"दादी",".mp3",0.679184],-1],0,0,[],[],[]],[["1,9729,9729,33071,33071,0,0,1",-1],[1],0,[],[],[]],[[[0,"लोग",".mp3",0.600816],-1],0,0,[],[],[]],[[[0,"लड़की",".mp3",0.705306],-1],0,0,[],[],[]],[["0,9729,9729,33071,33071,0,0,1",-1],[1],0,[],[],[]],[[[0,"परिवार",".mp3",0.705306],-1],0,0,[],[],[]],[[[0,"मेरी_बहन_एक_छात्रा_है",".mp3",2.272653],-1],0,0,[],[],[]],[[[0,"महिला",".mp3",0.757551],-1],0,0,[],[],[]],[["0,9729,9729,33071,33071,0,0,1",-1],[1],0,[],[],[]],[[[1,"hi1411",{"rows":[["fillblank","1","Description","मेरी [बहन] एक छात्रा है।","मेरी_बहन_एक_छात्रा_है.mp3","माँ","पिता","भाई","10"],["fillblank","1","Description","बूढ़ा [आदमी] थका हुआ लग रहा है।","बूढ़ा_आदमी_थका_हुआ_लग_रहा_है.mp3","महिला","बच्चा","महिलाओं","15"],["fillblank","1","Description","युवा [लड़कियाँ] शर्माती हैं।","युवा_लड़कियाँ_शर्माती_हैं.mp3","महिला","पुरुषों","लड़के","15"],["fillblank","1","Description","यह मेरे [पिता] हैं।","यह_मेरे_पिता_हैं.mp3","माँ","बहन","भाई","10"],["fillblank","1","Description","यह मेरी [माँ] है।","यह_मेरी_माँ_है.mp3","पिता","बच्चा","भाई","10"],["letterpair","1","Description","image","image","बच्चा.png","बच्चा.png","बच्चा.mp3","लडका.png","लडका.png","लडका.mp3","लडकी.png","लडकी.png","लड़की.mp3","दूध.png","दूध.png","दूध.mp3","नल.png","नल.png","नल.mp3","आम.png","आम.png","आम.mp3"],["tag","1","Description","image_3_1.jpg","परिवार","280.-1520","परिवार.mp3","माँ","1280.-1315","माँ.mp3","पिता","248.-537","पिता.mp3","भाई","729.-518","भाई.mp3","बहन","949.-1163","बहन.mp3"],["tag","1","Description","image_3_2.jpg","परिवार","280.-1520","परिवार.mp3","दादी","1108.-928","दादी.mp3","दादा","1304.-1259","दादा.mp3","माँ","899.-732","माँ.mp3","पिता","608.-1285","पिता.mp3"],["tag","1","Description","image_3_3.jpg","लोग","256.-1443","लोग.mp3","आदमी","607.-782","आदमी.mp3","महिला","950.-1256","महिला.mp3","लडका","319.-539","लडका.mp3","लड़की","1185.-720","लड़की.mp3"],["tag","1","Description","image_3_4.jpg","नौकरि","280.-1520","नौकरि.mp3","अध्यापक","248.-537","अध्यापक.mp3","चिकित्सक","811.-463","चिकित्सक.mp3","किसान","1228.-1334","किसान.mp3","पायलट","1252.-633","पायलट.mp3"],["quizliteracy","1","Description","word_word","बहन","माँ","बहन","भाई","","मेरी ______ एक छात्रा है।","मेरी_बहन_एक_छात्रा_है.mp3"],["quizliteracy","1","Description","word_word","पिता","आदमी","भाई","पिता","","यह मेरे _____ हैं।","यह_मेरे_पिता_हैं.mp3"],["quizliteracy","1","Description","word_word","माँ","पिता","माँ","महिला","","यह मेरी _____ है।","यह_मेरी_माँ_है.mp3"],["quizliteracy","1","Description","sentence_sentence","फल","फल","वह","तू","","संज्ञा शब्द चुनें","संज्ञा_शब्द_चुनें.mp3"],["quizliteracy","1","Description","sentence_sentence","पपीता","पपीता","मैंने","आप","","संज्ञा शब्द चुनें","संज्ञा_शब्द_चुनें.mp3"]]}]],0,0,[],[],[]],[[[0,"किसान",".mp3",0.705306],-1],0,0,[],[],[]],[[{"name":"image_3_1","rect":[0,0,845,695],"offset":[0,0],"originalSize":[845,695],"capInsets":[0,0,0,0]}],[0],0,[0],[0],[1]],[[[0,"लडका",".mp3",0.757551],-1],0,0,[],[],[]],[[[0,"दादा",".mp3",0.731429],-1],0,0,[],[],[]],[[{"name":"आम","rect":[0,0,140,140],"offset":[0,0],"originalSize":[140,140],"capInsets":[0,0,0,0]}],[0],0,[0],[0],[2]],[["0,9729,9729,33071,33071,0,0,1",-1],[1],0,[],[],[]],[["1,9729,9729,33071,33071,0,0,1",-1],[1],0,[],[],[]],[[[0,"अध्यापक",".mp3",1.097143],-1],0,0,[],[],[]],[[[0,"नल",".mp3",0.496327],-1],0,0,[],[],[]],[[[0,"यह_मेरे_पिता_हैं",".mp3",1.671837],-1],0,0,[],[],[]],[[{"name":"नल","rect":[0,0,126,140],"offset":[0,0],"originalSize":[126,140],"capInsets":[0,0,0,0]}],[0],0,[0],[0],[3]],[[[0,"आदमी",".mp3",0.731429],-1],0,0,[],[],[]],[["1,9729,9729,33071,33071,0,0,1",-1],[1],0,[],[],[]],[[[0,"युवा_लड़कियाँ_शर्माती_हैं",".mp3",2.76],-1],0,0,[],[],[]],[[{"name":"image_3_4","rect":[0,0,845,695],"offset":[0,0],"originalSize":[845,695],"capInsets":[0,0,0,0]}],[0],0,[0],[0],[4]],[[[0,"आम",".mp3",0.574694],-1],0,0,[],[],[]],[[[0,"पिता",".mp3",0.574694],-1],0,0,[],[],[]],[["0,9729,9729,33071,33071,0,0,1",-1],[1],0,[],[],[]],[["1,9729,9729,33071,33071,0,0,1",-1],[1],0,[],[],[]],[[[0,"बच्चा",".mp3",0.679184],-1],0,0,[],[],[]],[[{"name":"image_3_3","rect":[0,0,845,695],"offset":[0,0],"originalSize":[845,695],"capInsets":[0,0,0,0]}],[0],0,[0],[0],[5]],[[[0,"पायलट",".mp3",0.653061],-1],0,0,[],[],[]],[[[0,"भाई",".mp3",0.731429],-1],0,0,[],[],[]],[[{"name":"image_3_2","rect":[0,0,845,695],"offset":[0,0],"originalSize":[845,695],"capInsets":[0,0,0,0]}],[0],0,[0],[0],[6]],[[[0,"नौकरि",".mp3",1.464],-1],0,0,[],[],[]],[["0,9729,9729,33071,33071,0,0,1",-1],[1],0,[],[],[]],[[[0,"बहन",".mp3",0.731429],-1],0,0,[],[],[]],[[[0,"यह_मेरी_माँ_है",".mp3",1.645714],-1],0,0,[],[],[]],[[[0,"बूढ़ा_आदमी_थका_हुआ_लग_रहा_है",".mp3",2.899592],-1],0,0,[],[],[]],[[[0,"दूध",".mp3",0.548571],-1],0,0,[],[],[]],[["0,9729,9729,33071,33071,0,0,1",-1],[1],0,[],[],[]],[[[0,"संज्ञा_शब्द_चुनें",".mp3",2.592],-1],0,0,[],[],[]],[[{"name":"लडकी","rect":[0,0,140,140],"offset":[0,0],"originalSize":[140,140],"capInsets":[0,0,0,0]}],[0],0,[0],[0],[7]],[[{"name":"दूध","rect":[0,0,140,140],"offset":[0,0],"originalSize":[140,140],"capInsets":[0,0,0,0]}],[0],0,[0],[0],[8]],[[[0,"माँ",".mp3",0.600816],-1],0,0,[],[],[]],[[{"name":"लडका","rect":[0,0,140,140],"offset":[0,0],"originalSize":[140,140],"capInsets":[0,0,0,0]}],[0],0,[0],[0],[9]]]]