[1,["76Ed24MOpEZb9BdwKpTIuv","34PsXSTlxE9Jeg1rcCw/hp","ab50qkiF5P6Kah+ki5FNsL","4cqMcNuQlNNrLk9mBc6AVV","60bKz6GD5EgqDCoQuRUtoy","bfoWVed/xAhLoQojWD9qKK","f0ZX8GXiNEhZgYyD/wQ2iw"],["_textureSetter"],["cc.SpriteFrame","cc.Texture2D",["cc.AudioClip",["_name","_native","duration"],0],["cc.JsonAsset",["_name","json"],1]],[[2,0,1,2,4],[3,0,1,3]],[[[[0,"hear",".mp3",0.888],-1],0,0,[],[],[]],[[[0,"sam_eats",".mp3",1.56],-1],0,0,[],[],[]],[[[0,"play",".mp3",0.72],-1],0,0,[],[],[]],[[[0,"The_students_are_not_strong",".mp3",2.856],-1],0,0,[],[],[]],[[{"name":"image_8_2","rect":[0,0,845,695],"offset":[0,0],"originalSize":[845,695],"capInsets":[0,0,0,0]}],[0],0,[0],[0],[0]],[[{"name":"l8_heeatingsalad","rect":[0,0,868,689],"offset":[0,0],"originalSize":[868,689],"capInsets":[0,0,0,0]}],[0],0,[0],[0],[1]],[[[0,"Their_parents_are_kind",".mp3",2.232],-1],0,0,[],[],[]],[[[0,"The_students_aren't_strong",".mp3",2.64],-1],0,0,[],[],[]],[["0,9729,9729,33071,33071,0,0,1",-1],[1],0,[],[],[]],[[[0,"sing",".mp3",0.936],-1],0,0,[],[],[]],[[[0,"run",".mp3",0.864],-1],0,0,[],[],[]],[[[1,"en2601",{"rows":[["tag","1","Description","image_8_1.jpg","actions","320.-1489","actions.mp3","read","553.-501","read.mp3","write","266.-1184","write.mp3","sing","1134.-501","sing.mp3","run","1260.-1213","run.mp3"],["tag","1","Description","image_8_2.jpg","actions","320.-1489","actions.mp3","eat","245.-972","eat.mp3","swim","271.-540","swim.mp3","kick","1347.-586","kick.mp3","play","1105.-1392","play.mp3"],["tag","1","Description","image_20_3.jpg","senses","280.-1520","senses.mp3","see","1098.-1245","see.mp3","hear","1327.-850","hear.mp3","smell","1270.-577","smell.mp3","taste","301.-1133","taste.mp3","touch","296.-698","touch.mp3"],["fillblank","1","Description","Shekhar [doesn't] want to fish.","Shekhar_doesn't_want_to_fish.mp3","don't","isn't","can't","15"],["fillblank","1","Description","The students [are not] strong.","The_students_are_not_strong.mp3","is not","does not","cannot","15"],["fillblank","1","Description","The students [aren't] strong.","The_students_aren't_strong.mp3","don't","can't","isn't","15"],["fillblank","1","Description","Their parents [are] kind.","Their_parents_are_kind.mp3","do","am","is","10"],["fillblank","1","Description","We [do not] cook at home.","We_do_not_cook_at_home.mp3","are not","does not","is not","10"],["quizliteracy","1","Description","image_sentence","Sam eats.","Sam eats.","Mac plays.","The plant grows.","like_5.png","","sam_eats.mp3"],["quizliteracy","1","Description","image_sentence","He is eating salad.","He is jumping.","He is reading a book.","He is eating salad.","l8_heeatingsalad.png","","he_is_eating_salad.mp3"],["quizliteracy","1","Description","image_word","read","read","sing","swim","l8_boyreading.png"],["quizliteracy","1","Description","image_word","swim","read","sing","swim","l8_heswimming.png"],["quizliteracy","1","Description","soundonly_word","play","fly","clay","play","","","play.mp3"]]}]],0,0,[],[],[]],[["0,9729,9729,33071,33071,0,0,1",-1],[1],0,[],[],[]],[[[0,"swim",".mp3",1.008],-1],0,0,[],[],[]],[[[0,"read",".mp3",0.96],-1],0,0,[],[],[]],[["0,9729,9729,33071,33071,0,0,1",-1],[1],0,[],[],[]],[[{"name":"image_20_3","rect":[0,0,845,695],"offset":[0,0],"originalSize":[845,695],"capInsets":[0,0,0,0]}],[0],0,[0],[0],[2]],[["1,9729,9729,33071,33071,0,0,1",-1],[1],0,[],[],[]],[[[0,"smell",".mp3",0.984],-1],0,0,[],[],[]],[[[0,"actions",".mp3",1.344],-1],0,0,[],[],[]],[[[0,"touch",".mp3",0.96],-1],0,0,[],[],[]],[[[0,"he_is_eating_salad",".mp3",2.016],-1],0,0,[],[],[]],[[[0,"write",".mp3",1.008],-1],0,0,[],[],[]],[[[0,"We_do_not_cook_at_home",".mp3",2.4],-1],0,0,[],[],[]],[[{"name":"l8_boyreading","rect":[0,0,868,689],"offset":[0,0],"originalSize":[868,689],"capInsets":[0,0,0,0]}],[0],0,[0],[0],[3]],[["1,9729,9729,33071,33071,0,0,1",-1],[1],0,[],[],[]],[[[0,"eat",".mp3",0.768],-1],0,0,[],[],[]],[["0,9729,9729,33071,33071,0,0,1",-1],[1],0,[],[],[]],[[{"name":"like_5","rect":[0,0,1000,795],"offset":[0,0],"originalSize":[1000,795],"capInsets":[0,0,0,0]}],[0],0,[0],[0],[4]],[[{"name":"l8_heswimming","rect":[0,0,868,689],"offset":[0,0],"originalSize":[868,689],"capInsets":[0,0,0,0]}],[0],0,[0],[0],[5]],[[[0,"taste",".mp3",1.08],-1],0,0,[],[],[]],[[[0,"see",".mp3",0.984],-1],0,0,[],[],[]],[[[0,"senses",".mp3",1.392],-1],0,0,[],[],[]],[[{"name":"image_8_1","rect":[0,0,845,695],"offset":[0,0],"originalSize":[845,695],"capInsets":[0,0,0,0]}],[0],0,[0],[0],[6]],[["1,9729,9729,33071,33071,0,0,1",-1],[1],0,[],[],[]],[[[0,"kick",".mp3",0.816],-1],0,0,[],[],[]],[[[0,"Shekhar_doesn't_want_to_fish",".mp3",2.784],-1],0,0,[],[],[]]]]