[1,["34CLaHJdFJzJSXgdx14NKP","31EtgyhXlD2pB8d1hHWgAL","68r483WKhKyY1uiSDprh7l","f1vD+o82VJuqm/NrIw+aRs","abtgBR4SxD9IlKi49Zv9E7","24BKQjfERD942AVfEZO1GK","45jNGBvgdMhJj2apdtRAlL","dcK5S2wz1DKre0Fjbgmlhh","0dtYT4EMxG77esAyhnTSyj"],["_textureSetter"],["cc.Texture2D","cc.SpriteFrame",["cc.AudioClip",["_name","_native","duration"],0],["cc.JsonAsset",["_name","json"],1]],[[2,0,1,2,4],[3,0,1,3]],[[["0,9729,9729,33071,33071,0,0,1",-1],[0],0,[],[],[]],[[[0,"electrician",".mp3",1.44],-1],0,0,[],[],[]],[["0,9729,9729,33071,33071,0,0,1",-1],[0],0,[],[],[]],[[[0,"driver",".mp3",1.032],-1],0,0,[],[],[]],[[[0,"mechanic",".mp3",1.2],-1],0,0,[],[],[]],[["0,9729,9729,33071,33071,0,0,1",-1],[0],0,[],[],[]],[["0,9729,9729,33071,33071,0,0,1",-1],[0],0,[],[],[]],[[{"name":"driver","rect":[0,0,512,372],"offset":[0,0],"originalSize":[512,372],"capInsets":[0,0,0,0]}],[1],0,[0],[0],[0]],[[[0,"porter",".mp3",0.936],-1],0,0,[],[],[]],[["0,9729,9729,33071,33071,0,0,1",-1],[0],0,[],[],[]],[[{"name":"plumber","rect":[0,0,512,512],"offset":[0,0],"originalSize":[512,512],"capInsets":[0,0,0,0]}],[1],0,[0],[0],[1]],[[{"name":"porter","rect":[0,0,512,512],"offset":[0,0],"originalSize":[512,512],"capInsets":[0,0,0,0]}],[1],0,[0],[0],[2]],[["0,9729,9729,33071,33071,0,0,1",-1],[0],0,[],[],[]],[[[1,"en2009",{"rows":[["openwindow","1","Description","LEGIT","plumber","plumber.png","electrician.png","plumber.mp3","abcdefghijklmnopqrstuvwxyz"],["openwindow","1","Description","LEGIT","mechanic","mechanic.png","painter.png","mechanic.mp3","abcdefghijklmnopqrstuvwxyz"],["openwindow","1","Description","LEGIT","electrician","electrician.png","driver.png","electrician.mp3","abcdefghijklmnopqrstuvwxyz"],["openwindow","1","Description","LEGIT","porter","porter.png","mechanic.png","porter.mp3","abcdefghijklmnopqrstuvwxyz"],["openwindow","1","Description","LEGIT","driver","driver.png","fire-fighter.png","driver.mp3","abcdefghijklmnopqrstuvwxyz"],["openwindow","1","Description","LEGIT","painter","painter.png","plumber.png","painter.mp3","abcdefghijklmnopqrstuvwxyz"],["openwindow","1","Description","LEGIT","fire-fighter","fire-fighter.png","porter.png","fire-fighter.mp3","abcdefghijklmnopqrstuvwxyz"],["openwindow","1","Description","LEGIT","cleaner","cleaner.png","doctor.png","cleaner.mp3","abcdefghijklmnopqrstuvwxyz"],["quizliteracy","1","Description","image_word","mechanic","mechanic","plumber","driver","mechanic.png"],["quizliteracy","1","Description","image_word","driver","fire-fighter","driver","porter","driver.png"],["quizliteracy","1","Description","image_word","fire-fighter","painter","farmer","fire-fighter","fire-fighter.png"]]}]],0,0,[],[],[]],[[{"name":"fire-fighter","rect":[0,0,512,341],"offset":[0,0],"originalSize":[512,341],"capInsets":[0,0,0,0]}],[1],0,[0],[0],[3]],[[[0,"fire-fighter",".mp3",1.464],-1],0,0,[],[],[]],[[[0,"painter",".mp3",0.984],-1],0,0,[],[],[]],[[{"name":"cleaner","rect":[0,0,436,512],"offset":[0,0],"originalSize":[436,512],"capInsets":[0,0,0,0]}],[1],0,[0],[0],[4]],[["0,9729,9729,33071,33071,0,0,1",-1],[0],0,[],[],[]],[[[0,"cleaner",".mp3",0.936],-1],0,0,[],[],[]],[[{"name":"mechanic","rect":[0,0,512,512],"offset":[0,0],"originalSize":[512,512],"capInsets":[0,0,0,0]}],[1],0,[0],[0],[5]],[[{"name":"doctor","rect":[183,18,234,570],"offset":[0,-3],"originalSize":[600,600],"capInsets":[0,0,0,0]}],[1],0,[0],[0],[6]],[[{"name":"painter","rect":[0,0,461,512],"offset":[0,0],"originalSize":[461,512],"capInsets":[0,0,0,0]}],[1],0,[0],[0],[7]],[["0,9729,9729,33071,33071,0,0,1",-1],[0],0,[],[],[]],[[{"name":"electrician","rect":[0,0,512,512],"offset":[0,0],"originalSize":[512,512],"capInsets":[0,0,0,0]}],[1],0,[0],[0],[8]],[[[0,"plumber",".mp3",1.008],-1],0,0,[],[],[]],[["0,9729,9729,33071,33071,0,0,1",-1],[0],0,[],[],[]]]]