[1,["dawNDQDFxPpqV6h+HCCy/D"],["_textureSetter"],["cc.SpriteFrame","cc.Texture2D",["cc.AudioClip",["_name","_native","duration"],0],["cc.JsonAsset",["_name","json"],1]],[[2,0,1,2,4],[3,0,1,3]],[[[{"name":"spelling_dad","rect":[0,0,370,273],"offset":[0,0],"originalSize":[370,273],"capInsets":[0,0,0,0]}],[0],0,[0],[0],[0]],[[[0,"sad",".mp3",1.104],-1],0,0,[],[],[]],[[[0,"mad",".mp3",1.008],-1],0,0,[],[],[]],[[[1,"en1000",{"rows":[["spelldoor","1","Description","dad","*ad","1","0","spelling_dad.png","dad.mp3"],["grid","1","Description","m","ad,an"],["grid","1","Description","s","ip,ad,un"],["grid","1","Description","p,b","ad,un"],["grid","1","Description","s,b","ad,un"],["grid","1","Description","m,d,s","ad,ug"],["grid","1","Description","m,d,ch","ad,ug,op"],["quizliteracy","1","Description","word_word","ad","an","ad","as","","s__","sad.mp3"],["quizliteracy","1","Description","word_word","ad","eb","od","ad","","m__","mad.mp3"],["quizliteracy","1","Description","word_word","ad","od","ad","ed","","d__","dad.mp3"]]}]],0,0,[],[],[]],[["0,9729,9729,33071,33071,0,0,1",-1],[1],0,[],[],[]],[[[0,"dad",".mp3",0.96],-1],0,0,[],[],[]]]]