[1,["cdbxpg9EVCQLVzBMeq9XoZ","02uKHYjUhG7Z6VBfaHg39f","73kVZsCkRBlIMkOGWKQf37","78JI64yvdLM7NadrTGXyta","99d9IwinNBU6F3mbZI5gRu"],["_textureSetter"],["cc.Texture2D","cc.SpriteFrame",["cc.AudioClip",["_name","_native","duration"],0],["cc.JsonAsset",["_name","json"],1]],[[2,0,1,2,4],[3,0,1,3]],[[["0,9729,9729,33071,33071,0,0,1",-1],[0],0,[],[],[]],[[{"name":"crocodile","rect":[6,3,633,170],"offset":[2.5,2.5],"originalSize":[640,181],"capInsets":[0,0,0,0]}],[1],0,[0],[0],[0]],[[[0,"मगर",".mp3",1.097143],-1],0,0,[],[],[]],[[[0,"आई",".mp3",0.783673],-1],0,0,[],[],[]],[[[0,"आठ",".mp3",0.574694],-1],0,0,[],[],[]],[[{"name":"cup","rect":[0,0,273,184],"offset":[0,0],"originalSize":[273,184],"capInsets":[0,0,0,0]}],[1],0,[0],[0],[1]],[["0,9729,9729,33071,33071,0,0,1",-1],[0],0,[],[],[]],[["0,9729,9729,33071,33071,0,0,1",-1],[0],0,[],[],[]],[["0,9729,9729,33071,33071,0,0,1",-1],[0],0,[],[],[]],[[{"name":"mother","rect":[0,0,480,640],"offset":[0,0],"originalSize":[480,640],"capInsets":[0,0,0,0]}],[1],0,[0],[0],[2]],[[{"name":"cauldron","rect":[127,190,384,327],"offset":[-1,-33.5],"originalSize":[640,640],"capInsets":[0,0,0,0]}],[1],0,[0],[0],[3]],[[{"name":"eight","rect":[126,81,394,486],"offset":[3,-4],"originalSize":[640,640],"capInsets":[0,0,0,0]}],[1],0,[0],[0],[4]],[[[0,"कप",".mp3",0.522449],-1],0,0,[],[],[]],[["0,9729,9729,33071,33071,0,0,1",-1],[0],0,[],[],[]],[[[1,"mr0610",{"rows":[["writeword","1","Description","कप","cup.png","कप.mp3"],["writeword","1","Description","कढई","cauldron.png","कढई.mp3"],["writeword","1","Description","मगर","crocodile.png","मगर.mp3"],["writeword","1","Description","आई","mother.png","आई.mp3"],["writeword","1","Description","आठ","eight.png","आठ.mp3"],["quizliteracy","1","Description","image_word","कढई","कढई","मगर","आई","cauldron.png"],["quizliteracy","1","Description","image_word","मगर","आई","कढई","मगर","crocodile.png"],["quizliteracy","1","Description","image_word","आई","मगर","आई","कढई","mother.png"]]}]],0,0,[],[],[]],[[[0,"कढई",".mp3",1.018776],-1],0,0,[],[],[]]]]