[1,["2139Z2X89G2rTg8k9VndJ6","c7dKje6XJEQr20yJL9V5wU","8bxZIioppNz6P3JgLZ22Z3"],["_textureSetter"],["cc.Texture2D","cc.SpriteFrame",["cc.AudioClip",["_name","_native","duration"],0],["cc.JsonAsset",["_name","json"],1]],[[2,0,1,2,4],[3,0,1,3]],[[[[0,"ऐ",".mp3",0.809796],-1],0,0,[],[],[]],[["0,9729,9729,33071,33071,0,0,1",-1],[0],0,[],[],[]],[[{"name":"eighty","rect":[0,0,640,506],"offset":[0,0],"originalSize":[640,506],"capInsets":[0,0,0,0]}],[1],0,[0],[0],[0]],[[[1,"mr0008",{"rows":[["balloonpop","1","Description","2","ऐ","3","ए,ऐ,ऋ","ऐ.mp3"],["phonictractor","1","Description","5","ऐ","ऐ.mp3","ऐ","ऐ.mp3"],["writeletter","1","Description","ऐ","ऐरण"],["writecard","1","Description","ऐ","ऐरण","anvil.png","ऐरण.mp3","ऐरावत","airawat.png","ऐरावत.mp3","ऐंशी","eighty.png","ऐंशी.mp3"],["quizliteracy","1","Description","soundonly_word","ऐ","ऋ","इ","ऐ","","","ऐ.mp3"],["quizliteracy","1","Description","word_word","ऐ","ऐ","ऊ","ऋ","","ऐ"],["quizliteracy","1","Description","soundonly_word","ऐ","ऋ","इ","ऐ","","","ऐ.mp3"]]}]],0,0,[],[],[]],[[[0,"ऐंशी",".mp3",0.966531],-1],0,0,[],[],[]],[["0,9729,9729,33071,33071,0,0,1",-1],[0],0,[],[],[]],[[[0,"ऐरण",".mp3",0.966531],-1],0,0,[],[],[]],[[{"name":"anvil","rect":[0,0,897,705],"offset":[0,0],"originalSize":[897,705],"capInsets":[0,0,0,0]}],[1],0,[0],[0],[1]],[["0,9729,9729,33071,33071,0,0,1",-1],[0],0,[],[],[]],[[{"name":"airawat","rect":[14,126,555,342],"offset":[-8.5,3],"originalSize":[600,600],"capInsets":[0,0,0,0]}],[1],0,[0],[0],[2]],[[[0,"ऐरावत",".mp3",1.044898],-1],0,0,[],[],[]]]]