[1,["3bCXyxQVRDVojAkWsoYjKP","6bTsJKcERFTYUHiKakGA0C","558bFscOpP6be0G63//fpQ","66z4bWbjhA8ZpK9PFy8e3t","2e9o7JwHJLFKhWkTFE2H9z","e17h3MdnFJLIxrkMose237","f46h0/YABAa5/vBDUWhgYO","8aqN3LvBJIxY+P5VevH2SU","d9mbsQqt1Lb6BUUjG3fFs9","4549uCFA5FeZPVAJuR9kwk","e7XXrajpNJd51DMiCt06bf","86YgsqsQBBZbeCJ8tsW8l7","5cgSq4TwhPGoYoirZ1FZ4M","c4rAMoGOhOLqlkuGEQbj7y","98RwoRLoBD87ZlsjMqqPGt","41rbYeVxNH56alZdEuuvjs","59Ah8LzVxFT6R1mn/nvCKJ","23q6LKazpEE6m/PPewJ5Sx","02Cw6Vv31CiYTE82EzVfN7","d9XaYkeNZB3JboHqnpA1r/","5ei61cH5JFEa/fO9eSa918","bc2/Hd15ZFtpPXyI/k3xFx","5cLPhIpSRLdoCsk33+7WjE","363fEaHT1OK7By7x9E3PqB","29wEl4TYNAp5hkEpeJysoZ","a6OW0kRpdDrZHA8SLaP0eu","5bcjQuHixNH6tHwmX3UG/F","1fAlEfcMpMpb+Prfi4mA2F"],["_textureSetter"],["cc.Texture2D","cc.SpriteFrame",["cc.AudioClip",["_name","_native","duration"],0],["cc.JsonAsset",["_name","json"],1]],[[2,0,1,2,4],[3,0,1,3]],[[["0,9729,9729,33071,33071,0,0,1",-1],[0],0,[],[],[]],[[[0,"five_ants",".mp3",1.253878],-1],0,0,[],[],[]],[[[0,"The_boy_is_tall",".mp3",1.462857],-1],0,0,[],[],[]],[[[0,"He_looks_sick",".mp3",1.097143],-1],0,0,[],[],[]],[[[1,"sl_en1900",{"rows":[["picturemeaning","1","Description","S","Two lions.","l1_2lions.png","Two_lions.mp3","Three birds.","l1_3birds.png","Three_birds.mp3","Four frogs.","l1_4frogs.png","Four_frogs.mp3"],["picturemeaning","1","Description","S","A tall boy.","l1_tallboy.png","A_tall_boy.mp3","A tall girl.","l1_tallgirl.png","A_tall_girl.mp3","A tall man.","l1_tallman.png","A_tall_man.mp3"],["picturemeaning","1","Description","P","A little cat.","l1_littlecat.png","A_little_cat.mp3","A little mouse.","l1_littlemouse.png","A_little_mouse.mp3","A little ant.","l1_littleant.png","A_little_ant.mp3"],["picturemeaning","1","Description","S","She is happy.","l5_shehappy.png","She_is_happy.mp3","She is sad.","l5_shesad.png","She_is_sad.mp3","She is angry.","l5_sheangry.png","She_is_angry.mp3"],["picturemeaning","1","Description","S","He looks sad.","l5_hesad.png","He_looks_sad.mp3","He looks sick.","l5_hesick.png","He_looks_sick.mp3","He looks excited.","l5_heexcited.png","He_looks_excited.mp3"],["picturemeaning","1","Description","S","The boy is tall.","l5_boytall.png","The_boy_is_tall.mp3","The boy is short.","l5_boyshort.png","The_boy_is_short.mp3","The boy is sick.","l5_boysick.png","The_boy_is_sick.mp3"],["picturemeaning","1","Description","P","These boots are dirty.","l5_bootsdirty.png","These_boots_are_dirty.mp3","These boots are clean.","l5_bootsclean.png","These_boots_are_clean.mp3","This shirt is dirty.","l5_shirtdirty.png","This_shirt_is_dirty.mp3"],["picturemeaning","1","Description","P","It is sunny.","l5_sunny.png","It_is_sunny.mp3","It is cloudy.","l5_cloudy.png","It_is_cloudy.mp3","It is rainy.","l5_rainy.png","It_is_rainy.mp3"],["quizliteracy","1","Description","image_sentence","Two lions.","Three birds.","Two lions.","Four frogs.","l1_2lions.png","","Two_lions.mp3"],["quizliteracy","1","Description","image_sentence","Two pails.","Two pails.","Three boxes.","Three pails.","l3_2pails.png","","Two_pails.mp3"],["quizliteracy","1","Description","image_sentence","One boy.","Two boys.","One boy.","Three boys.","l3_1boy.png","","One_boy.mp3"],["quizliteracy","1","Description","image_sentence","Five ants.","Five ants.","Five apples.","Four ants.","l3_5ants.png","","five_ants.mp3"],["quizliteracy","1","Description","image_sentence","Four balls.","Five ants.","Two balls","Four balls.","l3_4balls.png","","Four_balls.mp3"]]}]],0,0,[],[],[]],[[{"name":"l5_shesad","rect":[0,0,868,689],"offset":[0,0],"originalSize":[868,689],"capInsets":[0,0,0,0]}],[1],0,[0],[0],[0]],[[{"name":"l5_shirtdirty","rect":[0,0,868,689],"offset":[0,0],"originalSize":[868,689],"capInsets":[0,0,0,0]}],[1],0,[0],[0],[1]],[[[0,"He_looks_excited",".mp3",1.48898],-1],0,0,[],[],[]],[[{"name":"l1_tallgirl","rect":[0,0,868,689],"offset":[0,0],"originalSize":[868,689],"capInsets":[0,0,0,0]}],[1],0,[0],[0],[2]],[["0,9729,9729,33071,33071,0,0,1",-1],[0],0,[],[],[]],[["0,9729,9729,33071,33071,0,0,1",-1],[0],0,[],[],[]],[["0,9729,9729,33071,33071,0,0,1",-1],[0],0,[],[],[]],[[[0,"A_little_mouse",".mp3",1.567347],-1],0,0,[],[],[]],[["0,9729,9729,33071,33071,0,0,1",-1],[0],0,[],[],[]],[["0,9729,9729,33071,33071,0,0,1",-1],[0],0,[],[],[]],[[{"name":"l5_sheangry","rect":[0,0,868,689],"offset":[0,0],"originalSize":[868,689],"capInsets":[0,0,0,0]}],[1],0,[0],[0],[3]],[["0,9729,9729,33071,33071,0,0,1",-1],[0],0,[],[],[]],[[[0,"He_looks_sad",".mp3",1.07102],-1],0,0,[],[],[]],[[{"name":"l5_sunny","rect":[0,0,868,689],"offset":[0,0],"originalSize":[868,689],"capInsets":[0,0,0,0]}],[1],0,[0],[0],[4]],[["0,9729,9729,33071,33071,0,0,1",-1],[0],0,[],[],[]],[[{"name":"l5_boysick","rect":[0,0,868,689],"offset":[0,0],"originalSize":[868,689],"capInsets":[0,0,0,0]}],[1],0,[0],[0],[5]],[[{"name":"l1_tallboy","rect":[0,0,868,689],"offset":[0,0],"originalSize":[868,689],"capInsets":[0,0,0,0]}],[1],0,[0],[0],[6]],[["0,9729,9729,33071,33071,0,0,1",-1],[0],0,[],[],[]],[[{"name":"l5_hesad","rect":[0,0,868,689],"offset":[0,0],"originalSize":[868,689],"capInsets":[0,0,0,0]}],[1],0,[0],[0],[7]],[[[0,"Four_balls",".mp3",1.227755],-1],0,0,[],[],[]],[["0,9729,9729,33071,33071,0,0,1",-1],[0],0,[],[],[]],[["0,9729,9729,33071,33071,0,0,1",-1],[0],0,[],[],[]],[[{"name":"l1_littlecat","rect":[0,0,868,689],"offset":[0,0],"originalSize":[868,689],"capInsets":[0,0,0,0]}],[1],0,[0],[0],[8]],[["0,9729,9729,33071,33071,0,0,1",-1],[0],0,[],[],[]],[["0,9729,9729,33071,33071,0,0,1",-1],[0],0,[],[],[]],[["0,9729,9729,33071,33071,0,0,1",-1],[0],0,[],[],[]],[[{"name":"l5_boyshort","rect":[0,0,868,689],"offset":[0,0],"originalSize":[868,689],"capInsets":[0,0,0,0]}],[1],0,[0],[0],[9]],[["0,9729,9729,33071,33071,0,0,1",-1],[0],0,[],[],[]],[[[0,"Four_frogs",".mp3",1.358367],-1],0,0,[],[],[]],[[[0,"The_boy_is_sick",".mp3",1.462857],-1],0,0,[],[],[]],[[[0,"Three_birds",".mp3",1.149388],-1],0,0,[],[],[]],[[{"name":"l5_cloudy","rect":[0,0,868,689],"offset":[0,0],"originalSize":[868,689],"capInsets":[0,0,0,0]}],[1],0,[0],[0],[10]],[["0,9729,9729,33071,33071,0,0,1",-1],[0],0,[],[],[]],[[[0,"These_boots_are_dirty",".mp3",1.906939],-1],0,0,[],[],[]],[["0,9729,9729,33071,33071,0,0,1",-1],[0],0,[],[],[]],[[{"name":"l5_heexcited","rect":[0,0,868,689],"offset":[0,0],"originalSize":[868,689],"capInsets":[0,0,0,0]}],[1],0,[0],[0],[11]],[[[0,"Two_pails",".mp3",1.17551],-1],0,0,[],[],[]],[[{"name":"l5_shehappy","rect":[0,0,868,689],"offset":[0,0],"originalSize":[868,689],"capInsets":[0,0,0,0]}],[1],0,[0],[0],[12]],[["0,9729,9729,33071,33071,0,0,1",-1],[0],0,[],[],[]],[[[0,"A_tall_girl",".mp3",1.201633],-1],0,0,[],[],[]],[[{"name":"l1_littleant","rect":[0,0,868,689],"offset":[0,0],"originalSize":[868,689],"capInsets":[0,0,0,0]}],[1],0,[0],[0],[13]],[[{"name":"l5_hesick","rect":[0,0,868,689],"offset":[0,0],"originalSize":[868,689],"capInsets":[0,0,0,0]}],[1],0,[0],[0],[14]],[[[0,"It_is_rainy",".mp3",1.018776],-1],0,0,[],[],[]],[["0,9729,9729,33071,33071,0,0,1",-1],[0],0,[],[],[]],[[[0,"These_boots_are_clean",".mp3",1.567347],-1],0,0,[],[],[]],[[[0,"She_is_happy",".mp3",1.123265],-1],0,0,[],[],[]],[[{"name":"l3_1boy","rect":[0,0,868,689],"offset":[0,0],"originalSize":[868,689],"capInsets":[0,0,0,0]}],[1],0,[0],[0],[15]],[["0,9729,9729,33071,33071,0,0,1",-1],[0],0,[],[],[]],[[{"name":"l1_3birds","rect":[0,0,868,689],"offset":[0,0],"originalSize":[868,689],"capInsets":[0,0,0,0]}],[1],0,[0],[0],[16]],[[[0,"A_tall_man",".mp3",1.306122],-1],0,0,[],[],[]],[[{"name":"l3_2pails","rect":[0,0,868,689],"offset":[0,0],"originalSize":[868,689],"capInsets":[0,0,0,0]}],[1],0,[0],[0],[17]],[[[0,"The_boy_is_short",".mp3",1.671837],-1],0,0,[],[],[]],[["0,9729,9729,33071,33071,0,0,1",-1],[0],0,[],[],[]],[[[0,"A_tall_boy",".mp3",1.227755],-1],0,0,[],[],[]],[[{"name":"l5_bootsclean","rect":[0,0,868,689],"offset":[0,0],"originalSize":[868,689],"capInsets":[0,0,0,0]}],[1],0,[0],[0],[18]],[[[0,"She_is_angry",".mp3",1.593469],-1],0,0,[],[],[]],[["0,9729,9729,33071,33071,0,0,1",-1],[0],0,[],[],[]],[[[0,"A_little_ant",".mp3",1.462857],-1],0,0,[],[],[]],[["0,9729,9729,33071,33071,0,0,1",-1],[0],0,[],[],[]],[[[0,"Two_lions",".mp3",1.123265],-1],0,0,[],[],[]],[[[0,"One_boy",".mp3",0.940408],-1],0,0,[],[],[]],[[[0,"This_shirt_is_dirty",".mp3",1.802449],-1],0,0,[],[],[]],[["0,9729,9729,33071,33071,0,0,1",-1],[0],0,[],[],[]],[["0,9729,9729,33071,33071,0,0,1",-1],[0],0,[],[],[]],[[[0,"A_little_cat",".mp3",1.48898],-1],0,0,[],[],[]],[[[0,"It_is_cloudy",".mp3",1.227755],-1],0,0,[],[],[]],[[{"name":"l5_boytall","rect":[0,0,868,689],"offset":[0,0],"originalSize":[868,689],"capInsets":[0,0,0,0]}],[1],0,[0],[0],[19]],[[{"name":"l1_littlemouse","rect":[0,0,868,689],"offset":[0,0],"originalSize":[868,689],"capInsets":[0,0,0,0]}],[1],0,[0],[0],[20]],[[{"name":"l5_rainy","rect":[0,0,868,689],"offset":[0,0],"originalSize":[868,689],"capInsets":[0,0,0,0]}],[1],0,[0],[0],[21]],[["0,9729,9729,33071,33071,0,0,1",-1],[0],0,[],[],[]],[[{"name":"l3_5ants","rect":[0,0,868,689],"offset":[0,0],"originalSize":[868,689],"capInsets":[0,0,0,0]}],[1],0,[0],[0],[22]],[["0,9729,9729,33071,33071,0,0,1",-1],[0],0,[],[],[]],[[{"name":"l1_tallman","rect":[0,0,868,689],"offset":[0,0],"originalSize":[868,689],"capInsets":[0,0,0,0]}],[1],0,[0],[0],[23]],[[{"name":"l1_4frogs","rect":[0,0,868,689],"offset":[0,0],"originalSize":[868,689],"capInsets":[0,0,0,0]}],[1],0,[0],[0],[24]],[[{"name":"l3_4balls","rect":[0,0,868,689],"offset":[0,0],"originalSize":[868,689],"capInsets":[0,0,0,0]}],[1],0,[0],[0],[25]],[[{"name":"l1_2lions","rect":[0,0,868,689],"offset":[0,0],"originalSize":[868,689],"capInsets":[0,0,0,0]}],[1],0,[0],[0],[26]],[[[0,"She_is_sad",".mp3",1.227755],-1],0,0,[],[],[]],[["0,9729,9729,33071,33071,0,0,1",-1],[0],0,[],[],[]],[[[0,"It_is_sunny",".mp3",1.07102],-1],0,0,[],[],[]],[[{"name":"l5_bootsdirty","rect":[0,0,868,689],"offset":[0,0],"originalSize":[868,689],"capInsets":[0,0,0,0]}],[1],0,[0],[0],[27]]]]