[1,["a6wgPJippJNrTz0nbNMCvT","42yR3scGhHk7LtTjkaAuJO","7dSBrvbgZEeLku8tSBYU0Q","ac8xrtgMNFoY1yTbjF2BbR","bbc9ld6WpHAqBDUqXvfMxi","61zLIZFRdLxbacLWPPnpoN","69YFFST6BPb4Mx7dxnxEmO","658mK0oDZCHLHLwYgRlffn","7cNhMSi6tL6r/NxAbKusWM","04aSPcZqJC94LlH4Y2Fh/G","c2ARNgpBBGgoGWx2E7s8m0","4abu1nFFRLC4ZWPjLRo5jM","aaEctS1ZdI5ocS1BQbjF8w","3bv9mN9b9NP7KsbZx/C/Ob","65DxN0Zt9EOZUyj0grgYj4","eeulbmkiBOOJI2uypFuxyT","d5QB021qRPAIGtX8z9d72K","aeqP0xEcxNDpAgYZLwaRBc","57GPhu1/hL/YDeEMcVV54U","4dW543o8dHTKphA17abrSS","b9cukkyjlKEoujOPGShAca","70ZAs3jIBC573dojr+pj8h","f0WSQQ4DFIwqDChRsQi/qi","01xJUvvN5Marqs8WofM3WC"],["_textureSetter"],["cc.Texture2D","cc.SpriteFrame",["cc.JsonAsset",["_name","json"],1],["cc.AudioClip",["_name","_native","duration"],0]],[[3,0,1,2,4],[2,0,1,3]],[[["0,9729,9729,33071,33071,0,0,1",-1],[0],0,[],[],[]],[["0,9729,9729,33071,33071,0,0,1",-1],[0],0,[],[],[]],[[{"name":"matchinggame_triangle_2_large","rect":[41,26,109,94],"offset":[0.5,2],"originalSize":[190,150],"capInsets":[0,0,0,0]}],[1],0,[0],[0],[0]],[[{"name":"matchinggame_square_1_medium","rect":[64,44,62,63],"offset":[0,-0.5],"originalSize":[190,150],"capInsets":[0,0,0,0]}],[1],0,[0],[0],[1]],[[{"name":"rectangle_blue","rect":[0,0,307,256],"offset":[0,0],"originalSize":[307,256],"capInsets":[0,0,0,0]}],[1],0,[0],[0],[2]],[[{"name":"matchinggame_triangle_1_medium","rect":[62,49,66,57],"offset":[0,-2.5],"originalSize":[190,150],"capInsets":[0,0,0,0]}],[1],0,[0],[0],[3]],[[{"name":"matchinggame_rectangle_object","rect":[60,20,73,114],"offset":[1.5,-2],"originalSize":[190,150],"capInsets":[0,0,0,0]}],[1],0,[0],[0],[4]],[[{"name":"matchinggame_circle_object","rect":[27,41,95,97],"offset":[-0.5,5.5],"originalSize":[150,190],"capInsets":[0,0,0,0]}],[1],0,[0],[0],[5]],[[[1,"sl_maths0503",{"rows":[["shapepair","1","Description","image","image","matchinggame_circle_1_medium.png","matchinggame_circle_object.png","circle.mp3","matchinggame_rectangle_1_medium.png","matchinggame_rectangle_object.png","rectangle.mp3","matchinggame_square_1_medium.png","matchinggame_square_object.png","square.mp3","matchinggame_triangle_1_medium.png","matchinggame_triangle_object.png","triangle.mp3"],["shapepair","1","Description","image","text","matchinggame_circle_1_large.png","circle","circle.mp3","matchinggame_rectangle_1_large.png","rectangle","rectangle.mp3","matchinggame_square_1_large.png","square","square.mp3","matchinggame_triangle_1_large.png","triangle","triangle.mp3"],["shapepair","1","Description","image","text","matchinggame_circle_2_large.png","circle","circle.mp3","matchinggame_rectangle_2_large.png","rectangle","rectangle.mp3","matchinggame_square_2_large.png","square","square.mp3","matchinggame_triangle_2_large.png","triangle","triangle.mp3"],["shapepair","1","Description","image","text","matchinggame_circle_1_medium.png","circle","circle.mp3","matchinggame_rectangle_1_medium.png","rectangle","rectangle.mp3","matchinggame_square_1_medium.png","square","square.mp3","matchinggame_triangle_1_medium.png","triangle","triangle.mp3"],["matchbox","1","Description","8","triangleruler.png","television.png","donut.png","mirror.png","triangle_blue.png","rectangle_blue.png","circle_blue.png","ellipse_blue.png"],["quizmaths","1","Description","shapes","circle","circle","square","triangle","rectangle","which","which_is_a_circle","Which is a circle?"],["quizmaths","1","Description","shapes","triangle","circle","square","triangle","rectangle","which","which_is_a_triangle","Which is a triangle?"],["quizmaths","1","Description","shapes","rectangle","circle","square","triangle","rectangle","which","which_is_a_rectangle","Which is a rectangle?"]]}]],0,0,[],[],[]],[[{"name":"circle_blue","rect":[0,0,276,276],"offset":[0,0],"originalSize":[276,276],"capInsets":[0,0,0,0]}],[1],0,[0],[0],[6]],[[{"name":"matchinggame_circle_1_large","rect":[45,26,101,101],"offset":[0.5,-1.5],"originalSize":[190,150],"capInsets":[0,0,0,0]}],[1],0,[0],[0],[7]],[["0,9729,9729,33071,33071,0,0,1",-1],[0],0,[],[],[]],[[{"name":"matchinggame_square_1_large","rect":[49,29,92,92],"offset":[0,0],"originalSize":[190,150],"capInsets":[0,0,0,0]}],[1],0,[0],[0],[8]],[[[0,"rectangle",".mp3",1.227755],-1],0,0,[],[],[]],[["0,9729,9729,33071,33071,0,0,1",-1],[0],0,[],[],[]],[["0,9729,9729,33071,33071,0,0,1",-1],[0],0,[],[],[]],[[[0,"triangle",".mp3",0.888163],-1],0,0,[],[],[]],[["0,9729,9729,33071,33071,0,0,1",-1],[0],0,[],[],[]],[["0,9729,9729,33071,33071,0,0,1",-1],[0],0,[],[],[]],[[{"name":"matchinggame_circle_2_large","rect":[45,26,101,101],"offset":[0.5,-1.5],"originalSize":[190,150],"capInsets":[0,0,0,0]}],[1],0,[0],[0],[9]],[["0,9729,9729,33071,33071,0,0,1",-1],[0],0,[],[],[]],[[{"name":"triangleruler","rect":[0,0,286,232],"offset":[0,0],"originalSize":[286,232],"capInsets":[0,0,0,0]}],[1],0,[0],[0],[10]],[["0,9729,9729,33071,33071,0,0,1",-1],[0],0,[],[],[]],[["0,9729,9729,33071,33071,0,0,1",-1],[0],0,[],[],[]],[["0,9729,9729,33071,33071,0,0,1",-1],[0],0,[],[],[]],[["0,9729,9729,33071,33071,0,0,1",-1],[0],0,[],[],[]],[[{"name":"matchinggame_triangle_object","rect":[52,17,96,118],"offset":[5,-1],"originalSize":[190,150],"capInsets":[0,0,0,0]}],[1],0,[0],[0],[11]],[["0,9729,9729,33071,33071,0,0,1",-1],[0],0,[],[],[]],[["0,9729,9729,33071,33071,0,0,1",-1],[0],0,[],[],[]],[[[0,"circle",".mp3",1.123265],-1],0,0,[],[],[]],[[{"name":"donut","rect":[0,0,249,249],"offset":[0,0],"originalSize":[249,249],"capInsets":[0,0,0,0]}],[1],0,[0],[0],[12]],[["0,9729,9729,33071,33071,0,0,1",-1],[0],0,[],[],[]],[[{"name":"matchinggame_square_2_large","rect":[49,29,92,92],"offset":[0,0],"originalSize":[190,150],"capInsets":[0,0,0,0]}],[1],0,[0],[0],[13]],[["0,9729,9729,33071,33071,0,0,1",-1],[0],0,[],[],[]],[["0,9729,9729,33071,33071,0,0,1",-1],[0],0,[],[],[]],[[{"name":"triangle_blue","rect":[0,0,285,249],"offset":[0,0],"originalSize":[285,249],"capInsets":[0,0,0,0]}],[1],0,[0],[0],[14]],[[{"name":"mirror","rect":[6,14,201,305],"offset":[0,-3],"originalSize":[213,327],"capInsets":[0,0,0,0]}],[1],0,[0],[0],[15]],[["0,9729,9729,33071,33071,0,0,1",-1],[0],0,[],[],[]],[["0,9729,9729,33071,33071,0,0,1",-1],[0],0,[],[],[]],[["0,9729,9729,33071,33071,0,0,1",-1],[0],0,[],[],[]],[[{"name":"matchinggame_rectangle_1_medium","rect":[72,41,46,68],"offset":[0,0],"originalSize":[190,150],"capInsets":[0,0,0,0]}],[1],0,[0],[0],[16]],[[{"name":"matchinggame_rectangle_1_large","rect":[61,25,68,100],"offset":[0,0],"originalSize":[190,150],"capInsets":[0,0,0,0]}],[1],0,[0],[0],[17]],[["0,9729,9729,33071,33071,0,0,1",-1],[0],0,[],[],[]],[[{"name":"matchinggame_triangle_1_large","rect":[41,26,109,94],"offset":[0.5,2],"originalSize":[190,150],"capInsets":[0,0,0,0]}],[1],0,[0],[0],[18]],[[[0,"square",".mp3",0.966531],-1],0,0,[],[],[]],[["0,9729,9729,33071,33071,0,0,1",-1],[0],0,[],[],[]],[[{"name":"matchinggame_square_object","rect":[49,32,96,88],"offset":[2,-1],"originalSize":[190,150],"capInsets":[0,0,0,0]}],[1],0,[0],[0],[19]],[[{"name":"matchinggame_circle_1_medium","rect":[61,41,67,67],"offset":[-0.5,0.5],"originalSize":[190,150],"capInsets":[0,0,0,0]}],[1],0,[0],[0],[20]],[["0,9729,9729,33071,33071,0,0,1",-1],[0],0,[],[],[]],[["0,9729,9729,33071,33071,0,0,1",-1],[0],0,[],[],[]],[[{"name":"television","rect":[10,6,288,266],"offset":[0.5,-1],"originalSize":[307,276],"capInsets":[0,0,0,0]}],[1],0,[0],[0],[21]],[[{"name":"matchinggame_rectangle_2_large","rect":[61,25,68,100],"offset":[0,0],"originalSize":[190,150],"capInsets":[0,0,0,0]}],[1],0,[0],[0],[22]],[[{"name":"ellipse_blue","rect":[0,0,213,316],"offset":[0,0],"originalSize":[213,316],"capInsets":[0,0,0,0]}],[1],0,[0],[0],[23]]]]