[1,["78PweoFnhEOqER2EpKj+wQ","c8MHGu4lpBYbLkkeCd+QmY","b4nqVbz3FHxJ2b4O1v7O0V","4fiOj8IbFOcpLSjlkBAWs6","7bx4oSySBAAayV845LNZ1o","88L+DrsS9AzL3BULy6JHf5","7fN8AFYtZORLmL443cbs+5","25HoTlePZIL5dCumLKwwM3"],["_textureSetter"],["cc.SpriteFrame","cc.Texture2D",["cc.AudioClip",["_name","_native","duration"],0],["cc.JsonAsset",["_name","json"],1]],[[2,0,1,2,4],[3,0,1,3]],[[[[0,"तरबूज",".mp3",0.940408],-1],0,0,[],[],[]],[[[0,"अंगूठा",".mp3",1.097143],-1],0,0,[],[],[]],[[{"name":"भालू","rect":[0,0,370,273],"offset":[0,0],"originalSize":[370,273],"capInsets":[0,0,0,0]}],[0],0,[0],[0],[0]],[["0,9729,9729,33071,33071,0,0,1",-1],[1],0,[],[],[]],[[[0,"सूरज",".mp3",0.914286],-1],0,0,[],[],[]],[[{"name":"तरबूज","rect":[0,0,271,271],"offset":[0,0],"originalSize":[271,271],"capInsets":[0,0,0,0]}],[0],0,[0],[0],[1]],[[[0,"तूफ़ान",".mp3",3.186939],-1],0,0,[],[],[]],[[[0,"जूता",".mp3",0.783673],-1],0,0,[],[],[]],[["0,9729,9729,33071,33071,0,0,1",-1],[1],0,[],[],[]],[["0,9729,9729,33071,33071,0,0,1",-1],[1],0,[],[],[]],[[[0,"डमरू",".mp3",0.862041],-1],0,0,[],[],[]],[[{"name":"तूफ़ान","rect":[0,0,258,195],"offset":[0,0],"originalSize":[258,195],"capInsets":[0,0,0,0]}],[0],0,[0],[0],[2]],[["0,9729,9729,33071,33071,0,0,1",-1],[1],0,[],[],[]],[["0,9729,9729,33071,33071,0,0,1",-1],[1],0,[],[],[]],[[[1,"hi0705",{"rows":[["spelldoor","1","Description","जूता","जू*","2","0","जूता.png","जूता.mp3"],["spelldoor","1","Description","भालू","भा*","2","0","भालू.png","भालू.mp3"],["spelldoor","1","Description","डमरू","डम*","2","0","डमरू.png","डमरू.mp3"],["spelldoor","1","Description","सूरज","*रज","2","1","सूरज.png","सूरज.mp3"],["spelldoor","1","Description","तूफ़ान","*फ़ान","2","1","तूफ़ान.png","तूफ़ान.mp3"],["spelldoor","1","Description","धूल","**","4","1","धूल.png","धूल.mp3"],["rocket","1","Description","जूता","जू,ता","जू,ता","जूता.mp3","जूता.png","false ","false "],["rocket","1","Description","अंगूठा","अं,गू,ठा","अं,गू,ठा","अंगूठा.mp3","अंगूठा.png","false ","true "],["rocket","1","Description","तूफ़ान","तू,फ़ा,न","तू,फ़ा,न","तूफ़ान.mp3","तूफ़ान.png","false ","true "],["rocket","1","Description","तरबूज","त,र,बू,ज","त,र,बू,ज","तरबूज.mp3","तरबूज.png","false ","true "],["quizliteracy","1","Description","soundonly_word","तूफ़ान","तूफ़ान","तरबूज","अंगूठा","","","तूफ़ान.mp3"],["quizliteracy","1","Description","image_word","अंगूठा","तरबूज","अंगूठा","तूफ़ान","अंगूठा.png"],["quizliteracy","1","Description","soundonly_word","तरबूज","अंगूठा","तूफ़ान","तरबूज","","","तरबूज.mp3"]]}]],0,0,[],[],[]],[[[0,"भालू",".mp3",0.914286],-1],0,0,[],[],[]],[["0,9729,9729,33071,33071,0,0,1",-1],[1],0,[],[],[]],[[{"name":"सूरज","rect":[0,0,370,273],"offset":[0,0],"originalSize":[370,273],"capInsets":[0,0,0,0]}],[0],0,[0],[0],[3]],[[{"name":"डमरू","rect":[0,0,370,273],"offset":[0,0],"originalSize":[370,273],"capInsets":[0,0,0,0]}],[0],0,[0],[0],[4]],[["0,9729,9729,33071,33071,0,0,1",-1],[1],0,[],[],[]],[[{"name":"जूता","rect":[0,0,271,271],"offset":[0,0],"originalSize":[271,271],"capInsets":[0,0,0,0]}],[0],0,[0],[0],[5]],[[{"name":"धूल","rect":[0,0,370,273],"offset":[0,0],"originalSize":[370,273],"capInsets":[0,0,0,0]}],[0],0,[0],[0],[6]],[[[0,"धूल",".mp3",0.731429],-1],0,0,[],[],[]],[["0,9729,9729,33071,33071,0,0,1",-1],[1],0,[],[],[]],[[{"name":"अंगूठा","rect":[0,0,271,271],"offset":[0,0],"originalSize":[271,271],"capInsets":[0,0,0,0]}],[0],0,[0],[0],[7]]]]