[1,["e3cCaFjXJAxLxP5bRSXaHK","b426lwwLRG0IQNoRt7/4kt","58se+LMflOEI2/2Ka4ufPS","737r6ghvNKmLJN+B7Ynsq7","56RseMmdtJVKN4jvBHTB+u","f21kVUVhxLBpih0m8rQCle","5afO8q5HBMeoYmuy3/LXrg","47heMeffZDj6DinKcu+8k8","5dQSxbN51H6ZXLRArkC6tL","96Au5Uh2hJ/JNIJaKvSP1M","6884fAodtOCo1V+N6p/Ym+","a6jrsy9IFDU4nHBVd59r0y"],["_textureSetter"],["cc.Texture2D","cc.SpriteFrame",["cc.AudioClip",["_name","_native","duration"],0],["cc.JsonAsset",["_name","json"],1]],[[2,0,1,2,4],[3,0,1,3]],[[[[0,"वह_अपनी_माँ_को_कपडे_सूखने_में_मदद_कर_रही_है।",".mp3",4.388571],-1],0,0,[],[],[]],[[[0,"बूढ़ा_आदमी_मेज़_को_सफ़ेद_रंग_में_रंग_रहा_है",".mp3",3.744],-1],0,0,[],[],[]],[[[0,"वे_बक्से_से_महल_बना_रहे_हैं।",".mp3",2.638367],-1],0,0,[],[],[]],[[[0,"वह_अपने_पिता_की_बक्से_उठाने_में_मदद_कर_रही_हैं",".mp3",3.816],-1],0,0,[],[],[]],[[[0,"वे_ब्लॉक_के_साथ_एक_महल_बना_रहे_हैं।",".mp3",3.448163],-1],0,0,[],[],[]],[[[0,"प्रतीक_ने_तब_दरवाज़ा_खोला",".mp3",2.568],-1],0,0,[],[],[]],[["0,9729,9729,33071,33071,0,0,1",-1],[0],0,[],[],[]],[[{"name":"l17_shehelpmomdry","rect":[0,0,868,689],"offset":[0,0],"originalSize":[868,689],"capInsets":[0,0,0,0]}],[1],0,[0],[0],[0]],[[{"name":"l17_shehelpdadcarry","rect":[0,0,868,689],"offset":[0,0],"originalSize":[868,689],"capInsets":[0,0,0,0]}],[1],0,[0],[0],[1]],[[[0,"वे_साथ_में_दूध_बेचते_हैं",".mp3",2.638367],-1],0,0,[],[],[]],[["0,9729,9729,33071,33071,0,0,1",-1],[0],0,[],[],[]],[[{"name":"l17_oldmanpaintingchair","rect":[0,0,868,689],"offset":[0,0],"originalSize":[868,689],"capInsets":[0,0,0,0]}],[1],0,[0],[0],[2]],[[{"name":"l17_theymakingsand","rect":[0,0,868,689],"offset":[0,0],"originalSize":[868,689],"capInsets":[0,0,0,0]}],[1],0,[0],[0],[3]],[["0,9729,9729,33071,33071,0,0,1",-1],[0],0,[],[],[]],[[{"name":"l17_theymakingblock","rect":[0,0,868,689],"offset":[0,0],"originalSize":[868,689],"capInsets":[0,0,0,0]}],[1],0,[0],[0],[4]],[["0,9729,9729,33071,33071,0,0,1",-1],[0],0,[],[],[]],[["0,9729,9729,33071,33071,0,0,1",-1],[0],0,[],[],[]],[[{"name":"l17_theymakingbox","rect":[0,0,868,689],"offset":[0,0],"originalSize":[868,689],"capInsets":[0,0,0,0]}],[1],0,[0],[0],[5]],[[{"name":"l17_shehelpmomcook","rect":[0,0,868,689],"offset":[0,0],"originalSize":[868,689],"capInsets":[0,0,0,0]}],[1],0,[0],[0],[6]],[["1,9729,9729,33071,33071,0,0,1",-1],[0],0,[],[],[]],[[{"name":"l17_youngmanpaintingdesk","rect":[0,0,868,689],"offset":[0,0],"originalSize":[868,689],"capInsets":[0,0,0,0]}],[1],0,[0],[0],[7]],[["0,9729,9729,33071,33071,0,0,1",-1],[0],0,[],[],[]],[[{"name":"l17_oldmanpaintingdesk","rect":[0,0,868,689],"offset":[0,0],"originalSize":[868,689],"capInsets":[0,0,0,0]}],[1],0,[0],[0],[8]],[[[0,"मेरे_परिवार_ने_कल_घर_की_सफाई_की",".mp3",3.500408],-1],0,0,[],[],[]],[["1,9729,9729,33071,33071,0,0,1",-1],[0],0,[],[],[]],[[{"name":"The_milkisdelicious","rect":[0,0,1073,1157],"offset":[0,0],"originalSize":[1073,1157],"capInsets":[0,0,0,0]}],[1],0,[0],[0],[9]],[[{"name":"The_cowmakesmilk","rect":[0,0,1073,770],"offset":[0,0],"originalSize":[1073,770],"capInsets":[0,0,0,0]}],[1],0,[0],[0],[10]],[["1,9729,9729,33071,33071,0,0,1",-1],[0],0,[],[],[]],[[[0,"जवान_लड़का_मेज़_को_नीला_रंग_में_रंग_रहा_है",".mp3",3.72],-1],0,0,[],[],[]],[["0,9729,9729,33071,33071,0,0,1",-1],[0],0,[],[],[]],[[[0,"उस_आदमी_ने_कल_अपनी_कार_धो_दी",".mp3",3.160816],-1],0,0,[],[],[]],[[[0,"वह_अपने_पिता_को_बक्से_उठाने_में_मदद_कर_रही_हैं।",".mp3",4.597551],-1],0,0,[],[],[]],[[[0,"बूढ़ा_आदमी_कुर्सी_को_सफेद_रंग_में_रंग_रहा_है।",".mp3",4.231837],-1],0,0,[],[],[]],[[[0,"वे_रेत_से_महल_बना_रहे_हैं।",".mp3",2.612245],-1],0,0,[],[],[]],[[[0,"हर_रात_मेंढक_शोर_करते_हैं",".mp3",2.586122],-1],0,0,[],[],[]],[[[0,"बूढ़ा_आदमी_मेज_को_सफेद_रंग_में_रंग_रहा_है।",".mp3",4.153469],-1],0,0,[],[],[]],[[[0,"वह_अपनी_माँ_की_कपड़े_सुखाने_में_मदद_कर_रही_है",".mp3",3.768],-1],0,0,[],[],[]],[["0,9729,9729,33071,33071,0,0,1",-1],[0],0,[],[],[]],[[[0,"वह_अपनी_माँ_की_खाना_पकाने_में_मदद_कर_रही_है",".mp3",3.744],-1],0,0,[],[],[]],[[{"name":"Thefrogsmakenoiseevery_night","rect":[0,0,1073,1157],"offset":[0,0],"originalSize":[1073,1157],"capInsets":[0,0,0,0]}],[1],0,[0],[0],[11]],[[[0,"वह_अपनी_माँ_को_खाना_पकने_में_मदद_कर_रही_है।",".mp3",3.970612],-1],0,0,[],[],[]],[[[0,"बूढ़ा_आदमी_कुर्सी_को_सफ़ेद_रंग_में_रंग_रहा_है",".mp3",3.816],-1],0,0,[],[],[]],[[[0,"प्रतिक_ने_तब_दरवाजा_खोला",".mp3",2.324898],-1],0,0,[],[],[]],[["0,9729,9729,33071,33071,0,0,1",-1],[0],0,[],[],[]],[[[0,"रमेश_रोज़_दूध_पीता_है",".mp3",2.592],-1],0,0,[],[],[]],[[[0,"रमेश_रोज_दूध_पीता_है",".mp3",2.377143],-1],0,0,[],[],[]],[[[1,"hi1901",{"rows":[["createsentence","1","Description","वे/साथ में/दूध/बेचते हैं","बेचता है","The_cowmakesmilk.jpg","वे_साथ_में_दूध_बेचते_हैं.mp3"],["createsentence","1","Description","रमेश/रोज़/दूध/पीता है","पानी ","The_milkisdelicious.jpg","रमेश_रोज़_दूध_पीता_है.mp3"],["createsentence","1","Description","हर रात/मेंढक/शोर/करते हैं","करता है ","Thefrogsmakenoiseevery_night.jpg","हर_रात_मेंढक_शोर_करते_हैं.mp3"],["fillblank","1","Description","मेरे परिवार ने कल घर की [सफ़ाई] की।","मेरे_परिवार_ने_कल_घर_की_सफ़ाई_की.mp3","धुलाई ","पूजा ","मरम्मत","15"],["fillblank","1","Description","प्रतीक ने तब दरवाज़ा [खोला]।","प्रतीक_ने_तब_दरवाज़ा_खोला.mp3","देखा  ","पकड़ा","छुआ","15"],["fillblank","1","Description","उस आदमी ने कल अपनी कार [धो] दी।","उस_आदमी_ने_कल_अपनी_कार_धो_दी.mp3","बेच  ","तोड़","रख","15"],["picturemeaning","1","Description","P","वह अपनी माँ की कपड़े सुखाने में मदद कर रही है।","l17_shehelpmomdry.png","वह_अपनी_माँ_की_कपड़े_सुखाने_में_मदद_कर_रही_हैp3","वह अपने पिता की बक्से उठाने में मदद कर रही है।","l17_shehelpdadcarry.png","वह_अपने_पिता_की_बक्से_उठाने_में_मदद_कर_रही_हैं.mp3","वह अपनी माँ की खाना पकाने में मदद कर रही है।","l17_shehelpmomcook.png","वह_अपनी_माँ_की_खाना_पकाने_में_मदद_कर_रही_है.mp3"],["picturemeaning","1","Description","P","बूढ़ा आदमी मेज़ को सफ़ेद रंग में रंग रहा है।","l17_oldmanpaintingdesk.png","बूढ़ा_आदमी_मेज़_को_सफेद_रंग_में_रंग_रहा_है।.mp3","बूढ़ा आदमी कुर्सी को सफ़ेद रंग में रंग रहा है।","l17_oldmanpaintingchair.png","बूढ़ा_आदमी_कुर्सी_को_सफ़ेद_रंग_में_रंग_रहा_है.mp3","जवान लडका मेज़ को नीला रंग में रंग रहा है।","l17_youngmanpaintingdesk.png","जवान_लड़का_मेज़_को_नीला_रंग_में_रंग_रहा_है.mp3"],["picturemeaning","1","Description","P","वे रेत से महल बना रहे हैं।","l17_theymakingsand.png","वे_रेत_से_महल_बना_रहे_हैं।.mp3","वे बक्से से महल बना रहे हैं।","l17_theymakingbox.png","वे_बक्से_से_महल_बना_रहे_हैं।.mp3","वे ब्लॉक के साथ एक महल बना रहे हैं।","l17_theymakingblock.png","वे_ब्लॉक_के_साथ_एक_महल_बना_रहे_हैं।.mp3"],["quizliteracy","1","Description","image_sentence","रमेश रोज़ दूध पीता हैl","वह अपनी माँ की कपड़े सुखाने में मदद कर रही है।","रमेश रोज़ दूध पीता हैl","वे रोज़ से महल बना रहे हैं।","The_milkisdelicious.jpg","","रमेश_रोज़_दूध_पीता_है.mp3"],["quizliteracy","1","Description","sentence_sentence","हर रात मेंढक शोर करते हैंl","हर रात मेंढक शोर करते हैंl","वे रेत से महल बना रहे हैं।","रमेश रोज़ दूध पीता हैl","","सही उत्तर चुने","हर_रात_मेंढक_शोर_करते_हैं.mp3"],["quizliteracy","1","Description","soundonly_image","l17_oldmanpaintingdesk.png","l17_shehelpmomdry.png","l17_theymakingsand.png","l17_oldmanpaintingdesk.png","","","बूढ़ा_आदमी_मेज़_को_सफ़ेद_रंग_में_रंग_रहा_है.mp3"]]}]],0,0,[],[],[]]]]