[1,["e6g10BsKBG+bISeRzte9YO","561Hluf4JLBZ/A/3VicDRR","9fa/bW3XtD2rH5wSCTbXHw","47xrmDodpG3ZQ5EA1s0VcT","5by4qC7nBKjoZNw6Xb1HSo","19vfh4THdKGKvXTvOCd9IZ","6awT42XSBA5rAIDc2yjKy2","d8Nw+F1zVAp6hImWQ0ra+S","90YA8tD45NIre/RSx9VfNy","772JZHZ65GUr3WwTKa3BZD","00iqDbaflKW66aRbNIS664","51MJ6/7KhCO5oPtrpoqxQg","acKjrXwCJFX4JnMJwxx0Al","3bgwfyme5EsKV4PDZNiEcn","afeQ3mEoFBQJgGFnsbkgUV","00G9AfsENMb50zmHOoIqof","5d63S0pw1I5LDWj7Acdj2a","d6p63shhBI1KVCuzc8T2lz"],["_textureSetter"],["cc.Texture2D","cc.SpriteFrame",["cc.JsonAsset",["_name","json"],1]],[[2,0,1,3]],[[["0,9729,9729,33071,33071,0,0,1",-1],[0],0,[],[],[]],[["0,9729,9729,33071,33071,0,0,1",-1],[0],0,[],[],[]],[[{"name":"findthematch_lv4_mushroom1","rect":[16,58,134,112],"offset":[-1,-2],"originalSize":[168,224],"capInsets":[0,0,0,0]}],[1],0,[0],[0],[0]],[[{"name":"findthematch_lv4_mushroom2","rect":[27,51,111,128],"offset":[-1.5,-3],"originalSize":[168,224],"capInsets":[0,0,0,0]}],[1],0,[0],[0],[1]],[[{"name":"findthematch_lv4_people1","rect":[44,45,87,136],"offset":[3.5,-1],"originalSize":[168,224],"capInsets":[0,0,0,0]}],[1],0,[0],[0],[2]],[[{"name":"findthematch_lv4_bird2","rect":[36,63,112,100],"offset":[8,-1],"originalSize":[168,224],"capInsets":[0,0,0,0]}],[1],0,[0],[0],[3]],[["0,9729,9729,33071,33071,0,0,1",-1],[0],0,[],[],[]],[[{"name":"findthematch_lv4_fish2","rect":[11,85,146,58],"offset":[0,-2],"originalSize":[168,224],"capInsets":[0,0,0,0]}],[1],0,[0],[0],[4]],[[{"name":"findthematch_lv4_people3","rect":[44,46,81,135],"offset":[0.5,-1.5],"originalSize":[168,224],"capInsets":[0,0,0,0]}],[1],0,[0],[0],[5]],[[{"name":"findthematch_lv4_people2","rect":[39,50,89,131],"offset":[-0.5,-3.5],"originalSize":[168,224],"capInsets":[0,0,0,0]}],[1],0,[0],[0],[6]],[[{"name":"findthematch_lv4_flower1","rect":[46,54,77,122],"offset":[0.5,-3],"originalSize":[168,224],"capInsets":[0,0,0,0]}],[1],0,[0],[0],[7]],[[{"name":"findthematch_lv4_umbrella2","rect":[18,61,134,114],"offset":[1,-6],"originalSize":[168,224],"capInsets":[0,0,0,0]}],[1],0,[0],[0],[8]],[[{"name":"findthematch_lv4_fish1","rect":[11,85,146,48],"offset":[0,3],"originalSize":[168,224],"capInsets":[0,0,0,0]}],[1],0,[0],[0],[9]],[[{"name":"findthematch_lv4_mushroom3","rect":[20,67,132,88],"offset":[2,1],"originalSize":[168,224],"capInsets":[0,0,0,0]}],[1],0,[0],[0],[10]],[["0,9729,9729,33071,33071,0,0,1",-1],[0],0,[],[],[]],[["0,9729,9729,33071,33071,0,0,1",-1],[0],0,[],[],[]],[["0,9729,9729,33071,33071,0,0,1",-1],[0],0,[],[],[]],[[{"name":"findthematch_lv4_flower2","rect":[49,56,72,119],"offset":[1,-3.5],"originalSize":[168,224],"capInsets":[0,0,0,0]}],[1],0,[0],[0],[11]],[["0,9729,9729,33071,33071,0,0,1",-1],[0],0,[],[],[]],[[{"name":"findthematch_lv4_fish3","rect":[11,85,146,53],"offset":[0,0.5],"originalSize":[168,224],"capInsets":[0,0,0,0]}],[1],0,[0],[0],[12]],[["0,9729,9729,33071,33071,0,0,1",-1],[0],0,[],[],[]],[["0,9729,9729,33071,33071,0,0,1",-1],[0],0,[],[],[]],[["0,9729,9729,33071,33071,0,0,1",-1],[0],0,[],[],[]],[["0,9729,9729,33071,33071,0,0,1",-1],[0],0,[],[],[]],[["0,9729,9729,33071,33071,0,0,1",-1],[0],0,[],[],[]],[[{"name":"findthematch_lv4_umbrella1","rect":[21,59,127,111],"offset":[0.5,-2.5],"originalSize":[168,224],"capInsets":[0,0,0,0]}],[1],0,[0],[0],[13]],[["0,9729,9729,33071,33071,0,0,1",-1],[0],0,[],[],[]],[["0,9729,9729,33071,33071,0,0,1",-1],[0],0,[],[],[]],[["0,9729,9729,33071,33071,0,0,1",-1],[0],0,[],[],[]],[[{"name":"findthematch_lv4_bird1","rect":[19,63,133,93],"offset":[1.5,2.5],"originalSize":[168,224],"capInsets":[0,0,0,0]}],[1],0,[0],[0],[14]],[[{"name":"findthematch_lv4_umbrella3","rect":[30,47,114,130],"offset":[3,0],"originalSize":[168,224],"capInsets":[0,0,0,0]}],[1],0,[0],[0],[15]],[["0,9729,9729,33071,33071,0,0,1",-1],[0],0,[],[],[]],[["0,9729,9729,33071,33071,0,0,1",-1],[0],0,[],[],[]],[["0,9729,9729,33071,33071,0,0,1",-1],[0],0,[],[],[]],[[[0,"matchingcard0004",{"rows":[["matchingcard","1","Description","3","findthematch_lv4_bird3.png","findthematch_lv4_bird1.png","findthematch_lv4_bird2.png",""],["matchingcard","1","Description","3","findthematch_lv4_fish3.png","findthematch_lv4_fish1.png","findthematch_lv4_fish2.png",""],["matchingcard","1","Description","3","findthematch_lv4_flower2.png","findthematch_lv4_flower1.png","findthematch_lv4_flower3.png",""],["matchingcard","1","Description","3","findthematch_lv4_mushroom1.png","findthematch_lv4_mushroom2.png","findthematch_lv4_mushroom3.png",""],["matchingcard","1","Description","3","findthematch_lv4_people2.png","findthematch_lv4_people3.png","findthematch_lv4_people1.png",""],["matchingcard","1","Description","3","findthematch_lv4_umbrella1.png","findthematch_lv4_umbrella3.png","findthematch_lv4_umbrella2.png",""]]}]],0,0,[],[],[]],[[{"name":"findthematch_lv4_flower3","rect":[45,55,73,120],"offset":[-2.5,-3],"originalSize":[168,224],"capInsets":[0,0,0,0]}],[1],0,[0],[0],[16]],[[{"name":"findthematch_lv4_bird3","rect":[15,73,141,85],"offset":[1.5,-3.5],"originalSize":[168,224],"capInsets":[0,0,0,0]}],[1],0,[0],[0],[17]]]]