[1,["feyIw1bVJN3LLtYovQUoSg","8aW+5nSvROyZ6UvfmMmqj6","a4WUpO8BFOfKxzwg0b7gL0","b0J8MYRvlFrpi1k80g6ApY"],["_textureSetter"],["cc.SpriteFrame","cc.Texture2D",["cc.AudioClip",["_name","_native","duration"],0],["cc.JsonAsset",["_name","json"],1]],[[2,0,1,2,4],[3,0,1,3]],[[[[0,"ಕೂಸು",".mp3",0.744],-1],0,0,[],[],[]],[[{"name":"baby","rect":[0,0,800,590],"offset":[0,0],"originalSize":[800,590],"capInsets":[0,0,0,0]}],[0],0,[0],[0],[0]],[[[0,"ಕು",".mp3",0.528],-1],0,0,[],[],[]],[[[1,"kn1501",{"rows":[["phonictractor","1","Description","6","ಕು","ಕು.mp3","ಕ","ಕ.mp3","ು","ು.mp3"],["spelldoor","1","Description","ಕುರಿ","**","0","0","lamb.png","ಕುರಿ.mp3"],["phonictractor","1","Description","6","ಕೂ","ಕೂ.mp3","ಕ","ಕ.mp3","ೂ","ೂ.mp3"],["spelldoor","1","Description","ಕೂಸು","**","0","0","baby.png","ಕೂಸು.mp3"],["phonictractor","1","Description","6","ಕೃ","ಕೃ.mp3","ಕ","ಕ.mp3","ೃ","ೃ.mp3"],["spelldoor","1","Description","ಕೃಷಿ","**","0","0","agriculture.png","ಕೃಷಿ.mp3"],["phonictractor","1","Description","6","ಕೆ","ಕೆ.mp3","ಕ","ಕ.mp3","ೆ","ೆ.mp3"],["spelldoor","1","Description","ಕೆರೆ","**","0","0","lake.png","ಕೆರೆ.mp3"],["quizliteracy","1","Description","soundonly_word","ಕು","ಕು","ಕೀ","ಕಾ","","","ಕು.mp3"],["quizliteracy","1","Description","soundonly_word","ಕೂಸು","ಕೃಷಿ","ಕೂಸು","ಕೆರೆ","","","ಕೂಸು.mp3"],["quizliteracy","1","Description","word_word","ಕೆ","ಕು","ಕೃ","ಕೆ","","_ರೆ","ಕೆರೆ.mp3"]]}]],0,0,[],[],[]],[[[0,"ಕೃ",".mp3",0.6],-1],0,0,[],[],[]],[[{"name":"agriculture","rect":[0,0,533,800],"offset":[0,0],"originalSize":[533,800],"capInsets":[0,0,0,0]}],[0],0,[0],[0],[1]],[[[0,"ಕುರಿ",".mp3",0.6],-1],0,0,[],[],[]],[[[0,"ಕೆರೆ",".mp3",0.624],-1],0,0,[],[],[]],[[[0,"ಕ",".mp3",0.504],-1],0,0,[],[],[]],[[[0,"ೂ",".mp3",0.528],-1],0,0,[],[],[]],[["0,9729,9729,33071,33071,0,0,1",-1],[1],0,[],[],[]],[[{"name":"lake","rect":[0,0,800,450],"offset":[0,0],"originalSize":[800,450],"capInsets":[0,0,0,0]}],[0],0,[0],[0],[2]],[[[0,"ೃ",".mp3",0.528],-1],0,0,[],[],[]],[["0,9729,9729,33071,33071,0,0,1",-1],[1],0,[],[],[]],[["0,9729,9729,33071,33071,0,0,1",-1],[1],0,[],[],[]],[[[0,"ೆ",".mp3",0.504],-1],0,0,[],[],[]],[[[0,"ಕೃಷಿ",".mp3",0.744],-1],0,0,[],[],[]],[[{"name":"lamb","rect":[0,0,800,532],"offset":[0,0],"originalSize":[800,532],"capInsets":[0,0,0,0]}],[0],0,[0],[0],[3]],[[[0,"ು",".mp3",0.48],-1],0,0,[],[],[]],[[[0,"ಕೂ",".mp3",0.552],-1],0,0,[],[],[]],[[[0,"ಕೆ",".mp3",0.552],-1],0,0,[],[],[]],[["0,9729,9729,33071,33071,0,0,1",-1],[1],0,[],[],[]]]]