[1,["afYqfU06hKHZ6ffZMrEz7m","1biV4ZEN1CZrQwMbGYxsmh","dcxbpE/2VK3KX8aAdRMKaV","dajiThDnNIXZ1Qdd6sk7L9"],["_textureSetter"],["cc.Texture2D","cc.SpriteFrame",["cc.AudioClip",["_name","_native","duration"],0],["cc.JsonAsset",["_name","json"],1]],[[2,0,1,2,4],[3,0,1,3]],[[[[0,"ಕ",".mp3",0.504],-1],0,0,[],[],[]],[[[0,"ಹೆ",".mp3",0.552],-1],0,0,[],[],[]],[["0,9729,9729,33071,33071,0,0,1",-1],[0],0,[],[],[]],[[[0,"ಮಲ್ಲಿಗೆ",".mp3",0.816],-1],0,0,[],[],[]],[[{"name":"jasmine","rect":[0,0,249,512],"offset":[0,0],"originalSize":[249,512],"capInsets":[0,0,0,0]}],[1],0,[0],[0],[0]],[[[0,"ಮ್ಮ",".mp3",0.624],-1],0,0,[],[],[]],[[[0,"ಅನ್ನ",".mp3",0.624],-1],0,0,[],[],[]],[[[0,"ಡ",".mp3",0.504],-1],0,0,[],[],[]],[[[1,"kn2712",{"rows":[["spelldoor","1","Description","ಅ,ನ್ನ","**","0","0","cookedrice.png","ಅನ್ನ.mp3"],["phonictractor","1","Description","4","ಕನ್ನಡ","ಕನ್ನಡ.mp3","ಕ","ಕ.mp3","ನ್ನ","ನ.mp3","ಡ","ಡ.mp3"],["spelldoor","1","Description","ತ,ಮ್ಮ","**","0","0","brother.png","ತಮ್ಮ.mp3"],["phonictractor","1","Description","4","ಹೆಮ್ಮರ","ಹೆಮ್ಮರ.mp3","ಹೆ","ಹೆ.mp3","ಮ್ಮ","ಮ.mp3","ರ","ರ.mp3"],["spelldoor","1","Description","ಉ,ಯ್ಯಾ,ಲೆ","***","0","0","swing.png","ಉಯ್ಯಾಲೆ.mp3"],["phonictractor","1","Description","4","ಅಯ್ಯ","ಅಯ್ಯ.mp3","ಅ","ಅ.mp3","ಯ್ಯ","ಯ.mp3"],["spelldoor","1","Description","ಮ,ಲ್ಲಿ,ಗೆ","***","0","0","jasmine.png","ಮಲ್ಲಿಗೆ.mp3"],["phonictractor","1","Description","4","ಬೆಲ್ಲ","ಬೆಲ್ಲ.mp3","ಬೆ","ಬೆ.mp3","ಲ್ಲ","ಲ.mp3"],["quizliteracy","1","Description","word_word","ಮಲ್ಲಿ","ಆಗ","ಹೋಳಿ","ಮಲ್ಲಿ","","_____ಗೆ","ಮಲ್ಲಿಗೆ.mp3"],["quizliteracy","1","Description","image_word","ಅನ್ನ","ಅನ್ನ","ಅಯ್ಯ","ಬೆಲ್ಲ","cookedrice.png"],["quizliteracy","1","Description","soundonly_word","ಕನ್ನಡ","ಹೆಮ್ಮರ","ಕನ್ನಡ","ತಮ್ಮ","","","ಕನ್ನಡ.mp3"]]}]],0,0,[],[],[]],[[[0,"ಕನ್ನಡ",".mp3",0.792],-1],0,0,[],[],[]],[[[0,"ಯ",".mp3",0.504],-1],0,0,[],[],[]],[[{"name":"cookedrice","rect":[0,0,512,341],"offset":[0,0],"originalSize":[512,341],"capInsets":[0,0,0,0]}],[1],0,[0],[0],[1]],[[[0,"ತಮ್ಮ",".mp3",0.648],-1],0,0,[],[],[]],[[[0,"ಬೆ",".mp3",0.552],-1],0,0,[],[],[]],[[[0,"ನ",".mp3",0.504],-1],0,0,[],[],[]],[[[0,"ಹೆಮ್ಮರ",".mp3",0.744],-1],0,0,[],[],[]],[[[0,"ಅಯ್ಯ",".mp3",0.648],-1],0,0,[],[],[]],[["0,9729,9729,33071,33071,0,0,1",-1],[0],0,[],[],[]],[[{"name":"brother","rect":[0,0,500,334],"offset":[0,0],"originalSize":[500,334],"capInsets":[0,0,0,0]}],[1],0,[0],[0],[2]],[[[0,"ಮ",".mp3",0.504],-1],0,0,[],[],[]],[[[0,"ಉಯ್ಯಾಲೆ",".mp3",0.888],-1],0,0,[],[],[]],[[[0,"ಯ್ಯ",".mp3",0.648],-1],0,0,[],[],[]],[[{"name":"swing","rect":[0,0,500,348],"offset":[0,0],"originalSize":[500,348],"capInsets":[0,0,0,0]}],[1],0,[0],[0],[3]],[[[0,"ಲ",".mp3",0.48],-1],0,0,[],[],[]],[[[0,"ಬೆಲ್ಲ",".mp3",0.672],-1],0,0,[],[],[]],[["0,9729,9729,33071,33071,0,0,1",-1],[0],0,[],[],[]],[[[0,"ಅ",".mp3",0.456],-1],0,0,[],[],[]],[["0,9729,9729,33071,33071,0,0,1",-1],[0],0,[],[],[]],[[[0,"ರ",".mp3",0.48],-1],0,0,[],[],[]],[[[0,"ಲ್ಲ",".mp3",0.552],-1],0,0,[],[],[]],[[[0,"ಉಯ್ಯಲೆ",".mp3",0.744],-1],0,0,[],[],[]]]]