[1,["b1K6cnZydAtJkp77cydhVU","34nOnNINhMgKWXerJ7aIlC","b51gLM1/lPnLIe+mp//Wir","32S5y/0z5Kg4kjvD6c6TBw","992rCIb5BMNKdNm073+Q9K","739wXs1UhAy5FPwXwZkezg"],["_textureSetter"],["cc.SpriteFrame","cc.Texture2D",["cc.AudioClip",["_name","_native","duration"],0],["cc.JsonAsset",["_name","json"],1]],[[2,0,1,2,4],[3,0,1,3]],[[[{"name":"Parrot","rect":[0,0,800,533],"offset":[0,0],"originalSize":[800,533],"capInsets":[0,0,0,0]}],[0],0,[0],[0],[0]],[[{"name":"Cow","rect":[0,0,800,493],"offset":[0,0],"originalSize":[800,493],"capInsets":[0,0,0,0]}],[0],0,[0],[0],[1]],[[{"name":"Rabbit","rect":[0,0,800,666],"offset":[0,0],"originalSize":[800,666],"capInsets":[0,0,0,0]}],[0],0,[0],[0],[2]],[["0,9729,9729,33071,33071,0,0,1",-1],[1],0,[],[],[]],[["0,9729,9729,33071,33071,0,0,1",-1],[1],0,[],[],[]],[[[0,"ಗಿಳಿ",".mp3",0.624],-1],0,0,[],[],[]],[[[0,"ಪಾರಿವಾಳ",".mp3",0.96],-1],0,0,[],[],[]],[["0,9729,9729,33071,33071,0,0,1",-1],[1],0,[],[],[]],[[[1,"kn2600",{"rows":[["spelldoor","1","Description","ಮೊಲ","**","0","0","Rabbit.png","ಮೊಲ.mp3"],["spelldoor","1","Description","ಹಸು","**","0","0","Cow.png","ಹಸು.mp3"],["spelldoor","1","Description","ಕುದುರೆ","***","0","0","Horse.png","ಕುದುರೆ.mp3"],["spelldoor","1","Description","ಪಾರಿವಾಳ","****","0","0","Pigeon.png","ಪಾರಿವಾಳ.mp3"],["spelldoor","1","Description","ಕೋಣ","**","0","0","Malebuffalo.png","ಕೋಣ.mp3"],["spelldoor","1","Description","ಗಿಳಿ","**","0","0","Parrot.png","ಗಿಳಿ.mp3"],["quizliteracy","1","Description","image_word","ಹಸು","ಪಾರಿವಾಳ","ಕುದುರೆ","ಹಸು","Cow.png"],["quizliteracy","1","Description","image_word","ಕುದುರೆ","ಕುದುರೆ","ಹಸು","ಪಾರಿವಾಳ","Horse.png"],["quizliteracy","1","Description","image_word","ಪಾರಿವಾಳ","ಹಸು","ಪಾರಿವಾಳ","ಕುದುರೆ","Pigeon.png"]]}]],0,0,[],[],[]],[[[0,"ಹಸು",".mp3",0.72],-1],0,0,[],[],[]],[["0,9729,9729,33071,33071,0,0,1",-1],[1],0,[],[],[]],[["0,9729,9729,33071,33071,0,0,1",-1],[1],0,[],[],[]],[["0,9729,9729,33071,33071,0,0,1",-1],[1],0,[],[],[]],[[{"name":"Pigeon","rect":[0,0,533,800],"offset":[0,0],"originalSize":[533,800],"capInsets":[0,0,0,0]}],[0],0,[0],[0],[3]],[[[0,"ಮೊಲ",".mp3",0.6],-1],0,0,[],[],[]],[[[0,"ಕೋಣ",".mp3",0.672],-1],0,0,[],[],[]],[[{"name":"Malebuffalo","rect":[0,0,800,622],"offset":[0,0],"originalSize":[800,622],"capInsets":[0,0,0,0]}],[0],0,[0],[0],[4]],[[[0,"ಕುದುರೆ",".mp3",0.72],-1],0,0,[],[],[]],[[{"name":"Horse","rect":[0,0,527,800],"offset":[0,0],"originalSize":[527,800],"capInsets":[0,0,0,0]}],[0],0,[0],[0],[5]]]]