[1,["b17FWcrdZBHZ97o05JYX6m","99fNrgjc5LNaBFgU7N/DZf","529xDDfUdNGKNQqjf+6Exa","602JdaqeBK+IgdApkkMR3b","07Ak3V6MJKT6OcL3aYBqm8","beKWQhid5M2rPczNR65Z5b","ab6KSlPTlO4rStcWbxIxnK"],["_textureSetter"],["cc.Texture2D","cc.SpriteFrame",["cc.AudioClip",["_name","_native","duration"],0],["cc.JsonAsset",["_name","json"],1]],[[2,0,1,2,4],[3,0,1,3]],[[[[0,"the_earth_has_one_moon",".mp3",2.448],-1],0,0,[],[],[]],[["1,9729,9729,33071,33071,0,0,1",-1],[0],0,[],[],[]],[[[0,"mary_eats_many_apples",".mp3",2.736],-1],0,0,[],[],[]],[[[0,"the_book_has_many_pages",".mp3",2.592],-1],0,0,[],[],[]],[[[0,"the_pond_has_many_frogs",".mp3",2.736],-1],0,0,[],[],[]],[[{"name":"The_pondhasmanyfrogs","rect":[0,0,1073,577],"offset":[0,0],"originalSize":[1073,577],"capInsets":[0,0,0,0]}],[1],0,[0],[0],[0]],[[{"name":"The_bookhasmanypages","rect":[0,0,1073,604],"offset":[0,0],"originalSize":[1073,604],"capInsets":[0,0,0,0]}],[1],0,[0],[0],[1]],[[[0,"Choose_the_right_one",".mp3",2.064],-1],0,0,[],[],[]],[[[0,"the_orange_tree_has_many_oranges",".mp3",3.504],-1],0,0,[],[],[]],[[[1,"en2407",{"rows":[["createsentence","1","Description","Mary/eats/many/apples","","Maryeatsan_appleevery_day.jpg","mary_eats_many_apples.mp3"],["createsentence","1","Description","Mary/eats/three/apples","","Maryeatsan_appleevery_day.jpg","mary_eats_three_apples.mp3"],["createsentence","1","Description","Rani/reads/many/books","","Ranireadsmanybooks.jpg","Rani_reads_many_books.mp3"],["createsentence","1","Description","Rani/reads/ten/books","","Ranireadsmanybooks.jpg","Rani_reads_ten_books.mp3"],["createsentence","1","Description","The orange tree/has/many/oranges","","The_orange_treehasmanyoranges.jpg","the_orange_tree_has_many_oranges.mp3"],["createsentence","1","Description","The pond/has/many/frogs","","The_pondhasmanyfrogs.jpg","the_pond_has_many_frogs.mp3"],["createsentence","1","Description","The book/has/many/pages","","The_bookhasmanypages.jpg","the_book_has_many_pages.mp3"],["createsentence","1","Description","The earth/has/one/moon","","The_earthhasonemoon.jpg","the_earth_has_one_moon.mp3"],["createsentence","1","Description","I/have/many/friends","","Ihavemanyfriends.jpg","i_have_many_friends.mp3"],["quizliteracy","1","Description","sentence_sentence","Mary eats many apples.","Mary eats many apples.","Mary many apples eats.","Mary eating many apples.","","choose the right one","Choose_the_right_one.mp3"],["quizliteracy","1","Description","soundonly_sentence","The pond has many frogs","The pond has three cats","The pond has many frogs","The pond has four dogs","","","the_pond_has_many_frogs.mp3"],["quizliteracy","1","Description","soundonly_sentence","The earth has one moon","The earth has one moon","The earth has many moons","The earth has two stars","","","the_earth_has_one_moon.mp3"]]}]],0,0,[],[],[]],[[[0,"mary_eats_three_apples",".mp3",2.784],-1],0,0,[],[],[]],[["1,9729,9729,33071,33071,0,0,1",-1],[0],0,[],[],[]],[[[0,"i_have_many_friends",".mp3",2.064],-1],0,0,[],[],[]],[[{"name":"Ranireadsmanybooks","rect":[0,0,1073,514],"offset":[0,0],"originalSize":[1073,514],"capInsets":[0,0,0,0]}],[1],0,[0],[0],[2]],[["1,9729,9729,33071,33071,0,0,1",-1],[0],0,[],[],[]],[[[0,"Rani_reads_many_books",".mp3",2.592],-1],0,0,[],[],[]],[["1,9729,9729,33071,33071,0,0,1",-1],[0],0,[],[],[]],[["1,9729,9729,33071,33071,0,0,1",-1],[0],0,[],[],[]],[["1,9729,9729,33071,33071,0,0,1",-1],[0],0,[],[],[]],[[[0,"Rani_reads_ten_books",".mp3",2.64],-1],0,0,[],[],[]],[["1,9729,9729,33071,33071,0,0,1",-1],[0],0,[],[],[]],[[{"name":"The_earthhasonemoon","rect":[0,0,1073,577],"offset":[0,0],"originalSize":[1073,577],"capInsets":[0,0,0,0]}],[1],0,[0],[0],[3]],[[{"name":"The_orange_treehasmanyoranges","rect":[0,0,1073,1543],"offset":[0,0],"originalSize":[1073,1543],"capInsets":[0,0,0,0]}],[1],0,[0],[0],[4]],[[{"name":"Maryeatsan_appleevery_day","rect":[0,0,1073,1157],"offset":[0,0],"originalSize":[1073,1157],"capInsets":[0,0,0,0]}],[1],0,[0],[0],[5]],[[{"name":"Ihavemanyfriends","rect":[0,0,1073,1157],"offset":[0,0],"originalSize":[1073,1157],"capInsets":[0,0,0,0]}],[1],0,[0],[0],[6]]]]