[1,["2bfchXYWVHDI3FeHBdYXQh","c4NJFNd0VEwbRtt7kwu29B","28T0Y5AABOVrTHNiZu45Nh","cccfRLjDJLTpVqlLeKPwZ6","dfpHzX9L9IpIapSNBWvB1I","75YaJ/X9dKyYuMZJmp5ihg","d8QqnHvTNEPIfe0kaDunQR"],["_textureSetter"],["cc.SpriteFrame","cc.Texture2D",["cc.AudioClip",["_name","_native","duration"],0],["cc.JsonAsset",["_name","json"],1]],[[2,0,1,2,4],[3,0,1,3]],[[[{"name":"eighty","rect":[0,0,512,503],"offset":[0,0],"originalSize":[512,503],"capInsets":[0,0,0,0]}],[0],0,[0],[0],[0]],[[[0,"seventeen",".mp3",1.344],-1],0,0,[],[],[]],[[{"name":"nineteen","rect":[0,0,512,503],"offset":[0,0],"originalSize":[512,503],"capInsets":[0,0,0,0]}],[0],0,[0],[0],[1]],[[[0,"eighteen",".mp3",1.08],-1],0,0,[],[],[]],[["0,9729,9729,33071,33071,0,0,1",-1],[1],0,[],[],[]],[[{"name":"hundred","rect":[0,0,512,503],"offset":[0,0],"originalSize":[512,503],"capInsets":[0,0,0,0]}],[0],0,[0],[0],[2]],[["0,9729,9729,33071,33071,0,0,1",-1],[1],0,[],[],[]],[[{"name":"six","rect":[0,0,512,503],"offset":[0,0],"originalSize":[512,503],"capInsets":[0,0,0,0]}],[0],0,[0],[0],[3]],[[[0,"nineteen",".mp3",1.2],-1],0,0,[],[],[]],[[[1,"en3906",{"rows":[["spelldoor","1","Description","seventeen","*****teen","4","4","seventeen.png","seventeen.mp3"],["spelldoor","1","Description","hundred","****red","4","4","hundred.png","hundred.mp3"],["spelldoor","1","Description","eighteen","***ht***","4","4","eighteen.png","eighteen.mp3"],["spelldoor","1","Description","eighty","******","4","4","eighty.png","eighty.mp3"],["spelldoor","1","Description","nineteen","****teen","4","4","nineteen.png","nineteen.mp3"],["spelldoor","1","Description","six","***","4","4","six.png","six.mp3"],["spelldoor","1","Description","twenty","******","4","4","twenty.png","twenty.mp3"],["quizliteracy","1","Description","word_word","red","red","bed","ted","","hund___","hundred.mp3"],["quizliteracy","1","Description","soundonly_word","nineteen","six","nineteen","twenty","","","nineteen.mp3"],["quizliteracy","1","Description","image_word","six","nineteen","eighty","six","six.png"]]}]],0,0,[],[],[]],[[[0,"twenty",".mp3",1.032],-1],0,0,[],[],[]],[["0,9729,9729,33071,33071,0,0,1",-1],[1],0,[],[],[]],[[[0,"hundred",".mp3",1.128],-1],0,0,[],[],[]],[[[0,"eighty",".mp3",0.912],-1],0,0,[],[],[]],[[{"name":"seventeen","rect":[0,0,512,503],"offset":[0,0],"originalSize":[512,503],"capInsets":[0,0,0,0]}],[0],0,[0],[0],[4]],[["0,9729,9729,33071,33071,0,0,1",-1],[1],0,[],[],[]],[["0,9729,9729,33071,33071,0,0,1",-1],[1],0,[],[],[]],[["0,9729,9729,33071,33071,0,0,1",-1],[1],0,[],[],[]],[["0,9729,9729,33071,33071,0,0,1",-1],[1],0,[],[],[]],[[[0,"six",".mp3",0.96],-1],0,0,[],[],[]],[[{"name":"eighteen","rect":[0,0,512,503],"offset":[0,0],"originalSize":[512,503],"capInsets":[0,0,0,0]}],[0],0,[0],[0],[5]],[[{"name":"twenty","rect":[0,0,2109,2070],"offset":[0,0],"originalSize":[2109,2070],"capInsets":[0,0,0,0]}],[0],0,[0],[0],[6]]]]