[1,["59LdehITVK6J3ifO02fDme","90kWxY6tBCqJThUg80QmB7"],["_textureSetter"],["cc.Texture2D","cc.SpriteFrame",["cc.AudioClip",["_name","_native","duration"],0],["cc.JsonAsset",["_name","json"],1]],[[2,0,1,2,4],[3,0,1,3]],[[[[0,"ಅವನ ಪಟ ಪಟಪಟ",".mp3",1.44],-1],0,0,[],[],[]],[[[0,"ಉದಯದ ಸಮಯ",".mp3",1.2],-1],0,0,[],[],[]],[[[1,"kn0208",{"rows":[["createsentence","1","Description","ಉದಯದ/ಸಮಯ","","sunrise.png","ಉದಯದ ಸಮಯ.mp3"],["createsentence","1","Description","ಉದಯದ/ಸಮಯ/ರಸಮಯ","","sunrise.png","ಉದಯದ ಸಮಯ ರಸಮಯ.mp3"],["createsentence","1","Description","ಅವನ/ಪಟ","","boyflyingkite.png","ಅವನ ಪಟ.mp3"],["createsentence","1","Description","ಅವನ/ಪಟ/ಪಟಪಟ","","boyflyingkite.png","ಅವನ ಪಟ ಪಟಪಟ.mp3"],["quizliteracy","1","Description","soundonly_sentence","ಉದಯದ ಸಮಯ","ಅವನ ಪಟ","ಉದಯದ ಸಮಯ","ಗರಗಸದ ಗರಗರ","","","ಉದಯದ ಸಮಯ.mp3"],["quizliteracy","1","Description","sentence_sentence","ಅವನ ಪಟ","ಬಬಗ ದಪ","ಅವನ ಪಟ","ಜಪಗ ತತ","","ಸರಿಯಾದದನ್ನು ಆರಿಸಿ","ಅವನ ಪಟ.mp3"],["quizliteracy","1","Description","image_sentence","ಉದಯದ ಸಮಯ ರಸಮಯ","ಉದಯದ ಸಮಯ ರಸಮಯ","ವನದ ಮರ","ಅವನ ಪಟ","sunrise.png","","ಉದಯದ ಸಮಯ ರಸಮಯ.mp3"]]}]],0,0,[],[],[]],[["0,9729,9729,33071,33071,0,0,1",-1],[0],0,[],[],[]],[[{"name":"boyflyingkite","rect":[0,0,800,237],"offset":[0,0],"originalSize":[800,237],"capInsets":[0,0,0,0]}],[1],0,[0],[0],[0]],[["0,9729,9729,33071,33071,0,0,1",-1],[0],0,[],[],[]],[[[0,"ಉದಯದ ಸಮಯ ರಸಮಯ",".mp3",1.632],-1],0,0,[],[],[]],[[{"name":"sunrise","rect":[0,0,640,800],"offset":[0,0],"originalSize":[640,800],"capInsets":[0,0,0,0]}],[1],0,[0],[0],[1]],[[[0,"ಅವನ ಪಟ",".mp3",0.96],-1],0,0,[],[],[]],[[[0,"ಸರಿಯಾದದನ್ನು ಆರಿಸಿ",".mp3",1.704],-1],0,0,[],[],[]]]]