[1,["1b4pO1u7NP1a0RJt3CBgYh","88U6pbMepDIqqHEtl30xMs","556xIbpBlFjaTIRBXFMN7Y"],["_textureSetter"],["cc.Texture2D","cc.SpriteFrame",["cc.AudioClip",["_name","_native","duration"],0],["cc.JsonAsset",["_name","json"],1]],[[2,0,1,2,4],[3,0,1,3]],[[["0,9729,9729,33071,33071,0,0,1",-1],[0],0,[],[],[]],[[{"name":"session","rect":[0,0,461,378],"offset":[0,0],"originalSize":[461,378],"capInsets":[0,0,0,0]}],[1],0,[0],[0],[0]],[[[0,"संत्र",".mp3",1.044898],-1],0,0,[],[],[]],[["0,9729,9729,33071,33071,0,0,1",-1],[0],0,[],[],[]],[[[0,"त्र",".mp3",0.757551],-1],0,0,[],[],[]],[[{"name":"orange","rect":[17,18,623,583],"offset":[8.5,-5.5],"originalSize":[640,608],"capInsets":[0,0,0,0]}],[1],0,[0],[0],[1]],[["0,9729,9729,33071,33071,0,0,1",-1],[0],0,[],[],[]],[[[0,"पत्र",".mp3",0.940408],-1],0,0,[],[],[]],[[{"name":"letter","rect":[0,0,572,640],"offset":[0,0],"originalSize":[572,640],"capInsets":[0,0,0,0]}],[1],0,[0],[0],[2]],[[[1,"mr0135",{"rows":[["balloonpop","1","Description","2","त्र","3","क्ष,ळ,त्र","त्र.mp3"],["phonictractor","1","Description","5","त्र","त्र.mp3","त्र","त्र.mp3"],["writeletter","1","Description","त्र","पत्र"],["writecard","1","Description","त्र","पत्र","letter.png","पत्र.mp3","सत्र","session.png","सत्र.mp3","संत्र","orange.png","संत्र.mp3"],["quizliteracy","1","Description","soundonly_word","त्र","त्र","क्ष","ह","","","त्र.mp3"],["quizliteracy","1","Description","word_word","त्र","ह","स","त्र","","त्र"],["quizliteracy","1","Description","soundonly_word","त्र","त्र","क्ष","ह","","","त्र.mp3"]]}]],0,0,[],[],[]],[[[0,"सत्र",".mp3",1.097143],-1],0,0,[],[],[]]]]