[1,["0fYsp4Kn5K8rW4uy7JYJEv"],["_textureSetter"],["cc.Texture2D","cc.SpriteFrame",["cc.JsonAsset",["_name","json"],1],["cc.AudioClip",["_name","_native","duration"],0]],[[3,0,1,2,4],[2,0,1,3]],[[["0,9729,9729,33071,33071,0,0,1",-1],[0],0,[],[],[]],[[[1,"en1102",{"rows":[["grid","1","Description","b","ig,us,ake,one"],["grid","1","Description","c","ake,ane,ave"],["grid","1","Description","c,l,b","ute,ake,orn"],["grid","1","Description","c,t,l","ute,ake"],["grid","1","Description","m","ap,om,ud,ake"],["grid","1","Description","m,r","ail,ake,ime"],["grid","1","Description","t,f","ake,ire"],["grid","1","Description","w,n,sh","et,in,ake"],["spelldoor","1","Description","cake","c*ke","0","2","spelling_cake.png","cake.mp3"],["quizliteracy","1","Description","word_word","ake","air","ave","ake","","c___","cake.mp3"],["quizliteracy","1","Description","word_word","ake","ake","ane","ain","","sh___","shake.mp3"],["quizliteracy","1","Description","word_word","ake","ime","est","ake","","l___","lake.mp3"]]}]],0,0,[],[],[]],[[[0,"cake",".mp3",0.912],-1],0,0,[],[],[]],[[[0,"shake",".mp3",1.056],-1],0,0,[],[],[]],[[[0,"lake",".mp3",0.936],-1],0,0,[],[],[]],[[{"name":"spelling_cake","rect":[0,0,370,273],"offset":[0,0],"originalSize":[370,273],"capInsets":[0,0,0,0]}],[1],0,[0],[0],[0]]]]