[1,["7fEpSOLdJP7pxVnsvSbjbi"],["_textureSetter"],["cc.SpriteFrame","cc.Texture2D",["cc.AudioClip",["_name","_native","duration"],0],["cc.JsonAsset",["_name","json"],1]],[[2,0,1,2,4],[3,0,1,3]],[[[{"name":"one","rect":[0,0,500,667],"offset":[0,0],"originalSize":[500,667],"capInsets":[0,0,0,0]}],[0],0,[0],[0],[0]],[[[0,"eight",".mp3",0.679184],-1],0,0,[],[],[]],[[[1,"sl_en3400",{"rows":[["writeword","1","Description","one","one.png","one.mp3"],["writeword","1","Description","two","two.png","two.mp3"],["writeword","1","Description","three","three.png","three.mp3"],["writeword","1","Description","four","four.png","four.mp3"],["writeword","1","Description","five","five.png","five.mp3"],["writeword","1","Description","six","six.png","six.mp3"],["writeword","1","Description","seven","seven.png","seven.mp3"],["writeword","1","Description","eight","eight.png","eight.mp3"],["quizliteracy","1","Description","image_word","two","six","two","three","two.png"],["quizliteracy","1","Description","soundonly_word","six","two","eight","six","","","six.mp3"],["quizliteracy","1","Description","image_word","eight","eight","three","two","eight.png"]]}]],0,0,[],[],[]],[[[0,"six",".mp3",0.809796],-1],0,0,[],[],[]],[[[0,"five",".mp3",0.835918],-1],0,0,[],[],[]],[["0,9729,9729,33071,33071,0,0,1",-1],[1],0,[],[],[]],[[[0,"seven",".mp3",0.757551],-1],0,0,[],[],[]],[[[0,"four",".mp3",0.574694],-1],0,0,[],[],[]],[[[0,"three",".mp3",0.653061],-1],0,0,[],[],[]],[[[0,"one",".mp3",0.626939],-1],0,0,[],[],[]],[[[0,"two",".mp3",0.600816],-1],0,0,[],[],[]]]]