[1,["26Yil3zE9Fob2A/qd/CBK/","3eCPoC5yNFb5ui0nOFowyH"],["_textureSetter"],["cc.Texture2D","cc.SpriteFrame",["cc.AudioClip",["_name","_native","duration"],0],["cc.JsonAsset",["_name","json"],1]],[[2,0,1,2,4],[3,0,1,3]],[[[[0,"m_phonic",".mp3",0.444082],-1],0,0,[],[],[]],[["0,9729,9729,33071,33071,0,0,1",-1],[0],0,[],[],[]],[[[0,"stir",".mp3",0.809796],-1],0,0,[],[],[]],[[[1,"sl_en1612",{"rows":[["grid","1","Description","st","ab,ay,ill"],["grid","1","Description","st","ain,eal,ash"],["grid","1","Description","fir,fa,fi","st"],["phonictractor","1","Description","5","first","first.mp3","f","f_phonic.mp3","ir","ir.mp3","st","st.mp3"],["phonictractor","1","Description","5","stem","stem.mp3","st","st.mp3","e","e_phonic.mp3","m","m_phonic.mp3"],["phonictractor","1","Description","5","step","step.mp3","st","st.mp3","e","e_phonic.mp3","p","p_phonic.mp3"],["phonictractor","1","Description","5","stir","stir.mp3","st","st.mp3","ir","ir.mp3"],["spelldoor","1","Description","stick","*****","4","3","spelling_stick.png","stick.mp3"],["spelldoor","1","Description","forest","******","4","4","spelling_forest.png","forest.mp3"],["quizliteracy","1","Description","soundonly_word","first","stem","step","first","","","first.mp3"],["quizliteracy","1","Description","soundonly_word","stem","step","stem","stir","","","stem.mp3"],["quizliteracy","1","Description","soundonly_word","stick","first","stick","stem","","","stick.mp3"],["quizliteracy","1","Description","soundonly_word","step","stem","step","first","","","step.mp3"],["quizliteracy","1","Description","soundonly_word","stir","step","stem","stir","","","stir.mp3"]]}]],0,0,[],[],[]],[[{"name":"spelling_stick","rect":[0,232,600,136],"offset":[0,0],"originalSize":[600,600],"capInsets":[0,0,0,0]}],[1],0,[0],[0],[0]],[[[0,"stay",".mp3",0.940408],-1],0,0,[],[],[]],[["0,9729,9729,33071,33071,0,0,1",-1],[0],0,[],[],[]],[[[0,"still",".mp3",0.809796],-1],0,0,[],[],[]],[[[0,"p_phonic",".mp3",0.417959],-1],0,0,[],[],[]],[[[0,"st",".mp3",0.888163],-1],0,0,[],[],[]],[[[0,"f_phonic",".mp3",0.470204],-1],0,0,[],[],[]],[[{"name":"spelling_forest","rect":[0,0,370,273],"offset":[0,0],"originalSize":[370,273],"capInsets":[0,0,0,0]}],[1],0,[0],[0],[1]],[[[0,"e_phonic",".mp3",0.600816],-1],0,0,[],[],[]],[[[0,"stick",".mp3",0.809796],-1],0,0,[],[],[]],[[[0,"stab",".mp3",0.757551],-1],0,0,[],[],[]],[[[0,"fast",".mp3",0.757551],-1],0,0,[],[],[]],[[[0,"step",".mp3",0.626939],-1],0,0,[],[],[]],[[[0,"first",".mp3",0.940408],-1],0,0,[],[],[]],[[[0,"stash",".mp3",0.940408],-1],0,0,[],[],[]],[[[0,"steal",".mp3",0.914286],-1],0,0,[],[],[]],[[[0,"ir",".mp3",0.600816],-1],0,0,[],[],[]],[[[0,"fist",".mp3",0.679184],-1],0,0,[],[],[]],[[[0,"stem",".mp3",0.809796],-1],0,0,[],[],[]],[[[0,"forest",".mp3",0.966531],-1],0,0,[],[],[]],[[[0,"stain",".mp3",0.914286],-1],0,0,[],[],[]]]]