[1,["1c+UwgqZpGIZr31KQWi7fa","67dth/WVhC5KnoOfojewsR","1c04jyctxNNKezYvE9JwqC","50KvrCDKNKEbUya3YZ4B17","73UwLDlU9L4p31Dx/WDVwj","e7V6L0Ag1OPLr42Yfzb5T4","77/6k+I5ZNspwKUIjjHqFN","9bkZqihjxJrKhrGNJar0y8","63Y9n8f3VP/6RrDE1pzMTz","28oUMsdY9Nro791q3AaV6e","33elwhUn1MorVEPXs8A257"],["_textureSetter"],["cc.SpriteFrame","cc.Texture2D",["cc.AudioClip",["_name","_native","duration"],0],["cc.JsonAsset",["_name","json"],1]],[[2,0,1,2,4],[3,0,1,3]],[[[{"name":"iron","rect":[0,0,640,379],"offset":[0,0],"originalSize":[640,379],"capInsets":[0,0,0,0]}],[0],0,[0],[0],[0]],[[{"name":"shiva","rect":[0,0,450,600],"offset":[0,0],"originalSize":[450,600],"capInsets":[0,0,0,0]}],[0],0,[0],[0],[1]],[[[0,"बैल",".mp3",0.783673],-1],0,0,[],[],[]],[["0,9729,9729,33071,33071,0,0,1",-1],[1],0,[],[],[]],[["0,9729,9729,33071,33071,0,0,1",-1],[1],0,[],[],[]],[["0,9729,9729,33071,33071,0,0,1",-1],[1],0,[],[],[]],[[[0,"ऐरण",".mp3",0.966531],-1],0,0,[],[],[]],[["0,9729,9729,33071,33071,0,0,1",-1],[1],0,[],[],[]],[["0,9729,9729,33071,33071,0,0,1",-1],[1],0,[],[],[]],[[{"name":"ball","rect":[0,0,640,640],"offset":[0,0],"originalSize":[640,640],"capInsets":[0,0,0,0]}],[0],0,[0],[0],[2]],[["0,9729,9729,33071,33071,0,0,1",-1],[1],0,[],[],[]],[["0,9729,9729,33071,33071,0,0,1",-1],[1],0,[],[],[]],[["0,9729,9729,33071,33071,0,0,1",-1],[1],0,[],[],[]],[["0,9729,9729,33071,33071,0,0,1",-1],[1],0,[],[],[]],[[{"name":"bull","rect":[0,0,640,356],"offset":[0,0],"originalSize":[640,356],"capInsets":[0,0,0,0]}],[0],0,[0],[0],[3]],[[[0,"पैसे",".mp3",0.809796],-1],0,0,[],[],[]],[["0,9729,9729,33071,33071,0,0,1",-1],[1],0,[],[],[]],[[{"name":"apple","rect":[112,72,414,490],"offset":[-1,3],"originalSize":[640,640],"capInsets":[0,0,0,0]}],[0],0,[0],[0],[4]],[[{"name":"airawat","rect":[14,126,555,342],"offset":[-8.5,3],"originalSize":[600,600],"capInsets":[0,0,0,0]}],[0],0,[0],[0],[5]],[[[0,"ऐरावत",".mp3",1.044898],-1],0,0,[],[],[]],[[[0,"कैरी",".mp3",0.783673],-1],0,0,[],[],[]],[[{"name":"money","rect":[0,0,640,421],"offset":[0,0],"originalSize":[640,421],"capInsets":[0,0,0,0]}],[0],0,[0],[0],[6]],[[{"name":"raw_mango","rect":[0,0,541,640],"offset":[0,0],"originalSize":[541,640],"capInsets":[0,0,0,0]}],[0],0,[0],[0],[7]],[[{"name":"sky","rect":[0,0,640,480],"offset":[0,0],"originalSize":[640,480],"capInsets":[0,0,0,0]}],[0],0,[0],[0],[8]],[["0,9729,9729,33071,33071,0,0,1",-1],[1],0,[],[],[]],[[{"name":"anvil","rect":[0,0,897,705],"offset":[0,0],"originalSize":[897,705],"capInsets":[0,0,0,0]}],[0],0,[0],[0],[9]],[[{"name":"nose","rect":[0,0,640,456],"offset":[0,0],"originalSize":[640,456],"capInsets":[0,0,0,0]}],[0],0,[0],[0],[10]],[[[1,"mr1406",{"rows":[["openwindow","1","Description","LEGIT","कै,री","raw_mango.png","ball.png","कैरी.mp3","कै,री"],["openwindow","1","Description","LEGIT","बै,ल","bull.png","apple.png","बैल.mp3","बै,ल"],["openwindow","1","Description","LEGIT","पै,से","money.png","shiva.png","पैसे.mp3","पै,से"],["openwindow","1","Description","LEGIT","ऐ,र,ण","anvil.png","sky.png","ऐरण.mp3","ऐ,र,ण"],["openwindow","1","Description","LEGIT","ऐ,रा,व,त","airawat.png","nose.png","ऐरावत.mp3","ऐ,रा,व,त"],["quizliteracy","1","Description","image_word","कैरी","पैसे","कैरी","बैल","raw_mango.png"],["quizliteracy","1","Description","image_word","बैल","बैल","पैसे","कैरी","bull.png"],["quizliteracy","1","Description","image_word","पैसे","कैरी","बैल","पैसे","money.png"]]}]],0,0,[],[],[]]]]