[1,["40e4xOXgNIcJtiYMtTOi39","abhdnRKEpISbP9j8gcxx3t","74BhWwCS9KdLRVu3tkZssm","a0lf675ONNCoOW2hDFoSW4","21itqveOhJ0ZiUiN/opN8c","f90nWI3INPG5CSEbG2ujDZ","74AolD0rRP+4Byka+Nv54w"],["_textureSetter"],["cc.Texture2D","cc.SpriteFrame",["cc.AudioClip",["_name","_native","duration"],0],["cc.JsonAsset",["_name","json"],1]],[[2,0,1,2,4],[3,0,1,3]],[[["0,9729,9729,33071,33071,0,0,1",-1],[0],0,[],[],[]],[[[0,"कमला",".mp3",0.940408],-1],0,0,[],[],[]],[[[0,"सकाळ",".mp3",0.966531],-1],0,0,[],[],[]],[[[0,"मीरा",".mp3",0.940408],-1],0,0,[],[],[]],[["0,9729,9729,33071,33071,0,0,1",-1],[0],0,[],[],[]],[[{"name":"happiness","rect":[0,0,640,442],"offset":[0,0],"originalSize":[640,442],"capInsets":[0,0,0,0]}],[1],0,[0],[0],[0]],[[{"name":"wind","rect":[0,0,640,426],"offset":[0,0],"originalSize":[640,426],"capInsets":[0,0,0,0]}],[1],0,[0],[0],[1]],[[[1,"mr0607",{"rows":[["rocket","1","Description","का,का","का,का","का,का","का,का.mp3","uncle.png","False","False"],["spelldoor","1","Description","सकाळ","सका*","0","0","dawn.png","सकाळ.mp3"],["rocket","1","Description","झोका","झो,का","झो,का","झोका.mp3","wind.png","False","False"],["spelldoor","1","Description","मीरा","*रा","0","0","girl.png","मीरा.mp3"],["rocket","1","Description","सामान","सा,मा,न","सा,मा,न","सामान.mp3","stuff.png","False","False"],["spelldoor","1","Description","कमला","*मला","0","0","girl.png","कमला.mp3"],["rocket","1","Description","आजी","आ,जी","आ,जी","आजी.mp3","grandmother.png","False","False"],["spelldoor","1","Description","आनंद","*नंद","0","0","happiness.png","आनंद.mp3"],["quizliteracy","1","Description","word_word","मा","मा","क","आ","","सा_न","सामान.mp3"],["quizliteracy","1","Description","word_word","क","आ","मा","क","","_मला","कमला.mp3"],["quizliteracy","1","Description","word_word","आ","क","आ","मा","","_नंद","आनंद.mp3"]]}]],0,0,[],[],[]],[[[0,"झोका",".mp3",0.862041],-1],0,0,[],[],[]],[[{"name":"girl","rect":[0,0,427,640],"offset":[0,0],"originalSize":[427,640],"capInsets":[0,0,0,0]}],[1],0,[0],[0],[2]],[[[0,"का,का",".mp3",1.201633],-1],0,0,[],[],[]],[[{"name":"stuff","rect":[0,0,486,500],"offset":[0,0],"originalSize":[486,500],"capInsets":[0,0,0,0]}],[1],0,[0],[0],[3]],[["0,9729,9729,33071,33071,0,0,1",-1],[0],0,[],[],[]],[["0,9729,9729,33071,33071,0,0,1",-1],[0],0,[],[],[]],[[{"name":"uncle","rect":[120,14,424,605],"offset":[12,3.5],"originalSize":[640,640],"capInsets":[0,0,0,0]}],[1],0,[0],[0],[4]],[[[0,"आजी",".mp3",0.940408],-1],0,0,[],[],[]],[["0,9729,9729,33071,33071,0,0,1",-1],[0],0,[],[],[]],[["0,9729,9729,33071,33071,0,0,1",-1],[0],0,[],[],[]],[[[0,"आनंद",".mp3",1.149388],-1],0,0,[],[],[]],[[[0,"सामान",".mp3",1.07102],-1],0,0,[],[],[]],[[{"name":"dawn","rect":[0,0,640,359],"offset":[0,0],"originalSize":[640,359],"capInsets":[0,0,0,0]}],[1],0,[0],[0],[5]],[[{"name":"grandmother","rect":[0,0,640,522],"offset":[0,0],"originalSize":[640,522],"capInsets":[0,0,0,0]}],[1],0,[0],[0],[6]],[["0,9729,9729,33071,33071,0,0,1",-1],[0],0,[],[],[]]]]