[1,["37UR+gNdJJ9IMu1/15xXx5","93M8Mqb+pKF4vqMKdAPNI0","67x1QuDYpLzaEomiUvl1Ul","d4KEebpndHk5i3rfjuHZ6A","c8thsFpnZGqY2qPbO+mInw","b5CEes6NFJOZ3RMZ2Hcezf","06dp95DYNPOJch3PPkVPHK"],["_textureSetter"],["cc.Texture2D","cc.SpriteFrame",["cc.AudioClip",["_name","_native","duration"],0],["cc.JsonAsset",["_name","json"],1]],[[2,0,1,2,4],[3,0,1,3]],[[["0,9729,9729,33071,33071,0,0,1",-1],[0],0,[],[],[]],[[{"name":"He_has_just_few_hairs_on_his_head","rect":[0,0,332,512],"offset":[0,0],"originalSize":[332,512],"capInsets":[0,0,0,0]}],[1],0,[0],[0],[0]],[[[0,"I_see_stars_in_the_sky",".mp3",2.376],-1],0,0,[],[],[]],[[{"name":"Many_children_come_to_our_school","rect":[0,0,512,284],"offset":[0,0],"originalSize":[512,284],"capInsets":[0,0,0,0]}],[1],0,[0],[0],[1]],[[[0,"Many_children_come_to_our_school",".mp3",2.856],-1],0,0,[],[],[]],[[[0,"Our_library_has_different_books",".mp3",2.856],-1],0,0,[],[],[]],[["0,9729,9729,33071,33071,0,0,1",-1],[0],0,[],[],[]],[[[0,"Children_are_playing_in_the_park",".mp3",2.472],-1],0,0,[],[],[]],[[{"name":"Children_are_playing_in_the_park","rect":[0,0,512,256],"offset":[0,0],"originalSize":[512,256],"capInsets":[0,0,0,0]}],[1],0,[0],[0],[2]],[[[0,"He_has_just_few_hairs_on_his_head",".mp3",3.048],-1],0,0,[],[],[]],[["0,9729,9729,33071,33071,0,0,1",-1],[0],0,[],[],[]],[[{"name":"A_lot_of_apples_in_the_basket_are_rotten","rect":[0,0,512,382],"offset":[0,0],"originalSize":[512,382],"capInsets":[0,0,0,0]}],[1],0,[0],[0],[3]],[[{"name":"Many_birds_have_perched_on_the_tree","rect":[0,0,425,512],"offset":[0,0],"originalSize":[425,512],"capInsets":[0,0,0,0]}],[1],0,[0],[0],[4]],[[{"name":"I_see_stars_in_the_sky","rect":[0,0,512,384],"offset":[0,0],"originalSize":[512,384],"capInsets":[0,0,0,0]}],[1],0,[0],[0],[5]],[["0,9729,9729,33071,33071,0,0,1",-1],[0],0,[],[],[]],[[{"name":"Our_library_has_different_books","rect":[0,0,512,256],"offset":[0,0],"originalSize":[512,256],"capInsets":[0,0,0,0]}],[1],0,[0],[0],[6]],[["0,9729,9729,33071,33071,0,0,1",-1],[0],0,[],[],[]],[[[1,"en2415",{"rows":[["createsentence","1","Description","Children/are/playing/in/the/park.","","Children_are_playing_in_the_park.png","Children_are_playing_in_the_park.mp3"],["createsentence","1","Description","I/see/stars/in/the/sky.","","I_see_stars_in_the_sky.png","I_see_stars_in_the_sky.mp3"],["createsentence","1","Description","He/has/just/few/hairs/on/his/head.","","He_has_just_few_hairs_on_his_head.png","He_has_just_few_hairs_on_his_head.mp3"],["createsentence","1","Description","Our/library/has/different/books.","","Our_library_has_different_books.png","Our_library_has_different_books.mp3"],["createsentence","1","Description","Many/children/come/to/our/school.","","Many_children_come_to_our_school.png","Many_children_come_to_our_school.mp3"],["createsentence","1","Description","A/lot/of/apples/in/the/basket/are/rotten.","","A_lot_of_apples_in_the_basket_are_rotten.png","A_lot_of_apples_in_the_basket_are_rotten.mp3"],["createsentence","1","Description","Many/birds/have/perched/on/the/tree.","","Many_birds_have_perched_on_the_tree.png","Many_birds_have_perched_on_the_tree.mp3"],["quizliteracy","1","Description","1","Description","sentence_sentence","stars","small","big","stars","","I see _____ in the sky.","I_see_stars_in_the_sky.mp3"],["quizliteracy","1","Description","1","Description","sentence_sentence","different","children","different","black","","Our library has _________ books.","Our_library_has_different_books.mp3"],["quizliteracy","1","Description","1","Description","sentence_sentence","lot","lot","morning","short","","A ___ of apples in the basket are rotten.","A_lot_of_apples_in_the_basket_are_rotten.mp3"]]}]],0,0,[],[],[]],[["0,9729,9729,33071,33071,0,0,1",-1],[0],0,[],[],[]],[["0,9729,9729,33071,33071,0,0,1",-1],[0],0,[],[],[]],[[[0,"Many_birds_have_perched_on_the_tree",".mp3",2.856],-1],0,0,[],[],[]],[[[0,"A_lot_of_apples_in_the_basket_are_rotten",".mp3",3.504],-1],0,0,[],[],[]]]]