<root>

    <lido-container lang="hi" visible="true" objective="option_1,option_2,option_3,option_4" show-next-button="true" is-continue-on-correct="true" bg-image="template-assets/bg-images/file-o3gemaie.png" onCorrect="lido-avatar.avatarAnimate='Success'; this.sleep='2000';" onInCorrect="lido-avatar.avatarAnimate='Fail'; this.sleep='2000';" onEntry="this.sleep='1000'; this.slideAnimation='true';" exit-button-url="template-assets/buttons/file-wkvcalge.png" prev-button-url="template-assets/buttons/file-4rhivg8d.png" next-button-url="template-assets/buttons/file-ogbr4atz.png" speaker-button-url="template-assets/buttons/file-o3ybgw6q.png">
        <lido-cell layout="pos" id="pos1" disable-edit="true" value="pos1" height="250px" width="250px" x="landscape.0, portrait.670px" y="landscape.51px, portrait.1315px" aria-hidden="true" z="2" bg-color="transparent" visible="true">
            <lido-avatar id="lido-avatar" disable-edit="true" visible="true" height="100%" width="100%" src="template-assets/images/file-xku0oinc.riv" alt-text="" />
        </lido-cell>
        <lido-cell visible="true" layout="col" width="100%" height="100%" bg-color="transparent">
            <lido-text visible="true" width="70%" height="landscape.10%, portrait.5%" bg-color="transparent" />
            <lido-text tab-index="1" audio="game-assets/audio/file-nlx3kjy6.mp3" visible="true" width="landscape.70%, portrait.62%" height="10%" string="अगर आपके साथ बुरा व्यवहार हो तो क्या कदम उठाएँ।" font-size="42px" onEntry=" this.padding='0px 45px';this.fontWeight='600'; " bg-color="transparent" />
            <lido-cell visible="true" layout="landscape.col, portrait.row" flex-direction="landscape., portrait.row-reverse" align-items="landscape.center, portrait.start" width="100%" height="80%" bg-color="transparent">
                
                <lido-cell visible="true" layout="landscape.row, portrait.col" width="landscape.95%, portrait.26%" height="landscape.65%, portrait.90%" bg-color="#FBCAB5" border-radius="landscape.16px 16px 0 0, portrait.0 16px 16px 0" onEntry="this.flex-shrink='0';this.padding='60px 40px';this.gap='37px'; this.boxSizing='content-box';">
                    <lido-cell tab-index="2" audio="game-assets/audio/file-helhew4o.mp3" visible="true" layout="col" bg-color="white" width="landscape.302px, portrait.154px" height="landscape.100%, portrait.17%" value="option_1" type="slide" onTouch="" border-radius="6px" onEntry="this.flex-shrink='0'; this.border='2px solid #CACACA'; this.paddingTop='50px'; this.boxSizing='content-box';">
    <lido-cell visible="true" layout="pos" width="48px" height="48px" z="1" bg-color="#ff5500" border-radius="5px" onEntry="this.display='flex'; this.alignItems='center';">
        <lido-image visible="true" src="template-assets/images/file-x1nyz2se.png" />
    </lido-cell>
    
    <lido-text visible="true" string="शांत रहो।" font-size="42px" onEntry="this.fontWeight='800'; this.textAlign='left'; this.lineHeight='38px';" />
</lido-cell><lido-cell tab-index="3" audio="game-assets/audio/file-ln85gmwf.mp3" visible="true" layout="col" bg-color="white" width="landscape.302px, portrait.154px" height="landscape.100%, portrait.17%" value="option_3" type="slide" onTouch="" border-radius="6px" onEntry="this.flex-shrink='0'; this.border='2px solid #CACACA'; this.paddingTop='50px'; this.boxSizing='content-box';">
    <lido-cell visible="true" layout="pos" width="48px" height="48px" z="1" bg-color="#ff5500" border-radius="5px" onEntry="this.display='flex'; this.alignItems='center';">
        <lido-image visible="true" src="template-assets/images/file-x1nyz2se.png" />
    </lido-cell>
    
    <lido-text visible="true" string="किसी बड़े को बताना।" font-size="42px" onEntry="this.fontWeight='800'; this.textAlign='left'; this.lineHeight='38px';" />
</lido-cell><lido-cell tab-index="4" audio="game-assets/audio/file-oh4m6s25.mp3" visible="true" layout="col" bg-color="white" width="landscape.302px, portrait.154px" height="landscape.100%, portrait.17%" value="option_2" type="slide" onTouch="" border-radius="6px" onEntry="this.flex-shrink='0'; this.border='2px solid #CACACA'; this.paddingTop='50px'; this.boxSizing='content-box';">
    <lido-cell visible="true" layout="pos" width="48px" height="48px" z="1" bg-color="#ff5500" border-radius="5px" onEntry="this.display='flex'; this.alignItems='center';">
        <lido-image visible="true" src="template-assets/images/file-x1nyz2se.png" />
    </lido-cell>
    
    <lido-text visible="true" string="सुरक्षित तरीके से दूर चले जाना।" font-size="42px" onEntry="this.fontWeight='800'; this.textAlign='left'; this.lineHeight='38px';" />
</lido-cell><lido-cell tab-index="5" audio="game-assets/audio/file-k75suihh.mp3" visible="true" layout="col" bg-color="white" width="landscape.302px, portrait.154px" height="landscape.100%, portrait.17%" value="option_4" type="slide" onTouch="" border-radius="6px" onEntry="this.flex-shrink='0'; this.border='2px solid #CACACA'; this.paddingTop='50px'; this.boxSizing='content-box';">
    <lido-cell visible="true" layout="pos" width="48px" height="48px" z="1" bg-color="#ff5500" border-radius="5px" onEntry="this.display='flex'; this.alignItems='center';">
        <lido-image visible="true" src="template-assets/images/file-x1nyz2se.png" />
    </lido-cell>
    
    <lido-text visible="true" string="दोस्तों के साथ रहो।" font-size="42px" onEntry="this.fontWeight='800'; this.textAlign='left'; this.lineHeight='38px';" />
</lido-cell>
                </lido-cell>
            </lido-cell>
        </lido-cell>
    </lido-container>
    
    <lido-container lang="hi" visible="true" objective="option_1,option_2,option_3,option_4" show-next-button="true" is-continue-on-correct="true" bg-image="template-assets/bg-images/file-o3gemaie.png" onCorrect="lido-avatar.avatarAnimate='Success'; this.sleep='2000';" onInCorrect="lido-avatar.avatarAnimate='Fail'; this.sleep='2000';" onEntry="this.sleep='1000'; this.slideAnimation='true';" exit-button-url="template-assets/buttons/file-wkvcalge.png" prev-button-url="template-assets/buttons/file-4rhivg8d.png" next-button-url="template-assets/buttons/file-ogbr4atz.png" speaker-button-url="template-assets/buttons/file-o3ybgw6q.png">
        <lido-cell layout="pos" id="pos1" disable-edit="true" value="pos1" height="250px" width="250px" x="landscape.0, portrait.670px" y="landscape.51px, portrait.1315px" aria-hidden="true" z="2" bg-color="transparent" visible="true">
            <lido-avatar id="lido-avatar" disable-edit="true" visible="true" height="100%" width="100%" src="template-assets/images/file-xku0oinc.riv" alt-text="" />
        </lido-cell>
        <lido-cell visible="true" layout="col" width="100%" height="100%" bg-color="transparent">
            <lido-text visible="true" width="70%" height="landscape.10%, portrait.5%" bg-color="transparent" />
            <lido-text tab-index="1" audio="game-assets/audio/file-lka4c62f.mp3" visible="true" width="landscape.70%, portrait.62%" height="10%" string="अगर आप बुरा व्यवहार देखें तो आपको क्या करना चाहिए।" font-size="42px" onEntry=" this.padding='0px 45px';this.fontWeight='600'; " bg-color="transparent" />
            <lido-cell visible="true" layout="landscape.col, portrait.row" flex-direction="landscape., portrait.row-reverse" align-items="landscape.center, portrait.start" width="100%" height="80%" bg-color="transparent">
                
                <lido-cell visible="true" layout="landscape.row, portrait.col" width="landscape.95%, portrait.26%" height="landscape.65%, portrait.90%" bg-color="#FBCAB5" border-radius="landscape.16px 16px 0 0, portrait.0 16px 16px 0" onEntry="this.flex-shrink='0';this.padding='60px 40px';this.gap='37px'; this.boxSizing='content-box';">
                    <lido-cell tab-index="2" audio="game-assets/audio/file-obhf9yi2.mp3" visible="true" layout="col" bg-color="white" width="landscape.302px, portrait.154px" height="landscape.100%, portrait.17%" value="option_2" type="slide" onTouch="" border-radius="6px" onEntry="this.flex-shrink='0'; this.border='2px solid #CACACA'; this.paddingTop='50px'; this.boxSizing='content-box';">
    <lido-cell visible="true" layout="pos" width="48px" height="48px" z="1" bg-color="#ff5500" border-radius="5px" onEntry="this.display='flex'; this.alignItems='center';">
        <lido-image visible="true" src="template-assets/images/file-x1nyz2se.png" />
    </lido-cell>
    
    <lido-text visible="true" string="उस व्यक्ति की मदद करना।" font-size="42px" onEntry="this.fontWeight='800'; this.textAlign='left'; this.lineHeight='38px';" />
</lido-cell><lido-cell tab-index="3" audio="game-assets/audio/file-58zgqpxm.mp3" visible="true" layout="col" bg-color="white" width="landscape.302px, portrait.154px" height="landscape.100%, portrait.17%" value="option_1" type="slide" onTouch="" border-radius="6px" onEntry="this.flex-shrink='0'; this.border='2px solid #CACACA'; this.paddingTop='50px'; this.boxSizing='content-box';">
    <lido-cell visible="true" layout="pos" width="48px" height="48px" z="1" bg-color="#ff5500" border-radius="5px" onEntry="this.display='flex'; this.alignItems='center';">
        <lido-image visible="true" src="template-assets/images/file-x1nyz2se.png" />
    </lido-cell>
    
    <lido-text visible="true" string="साथ मत दो।" font-size="42px" onEntry="this.fontWeight='800'; this.textAlign='left'; this.lineHeight='38px';" />
</lido-cell><lido-cell tab-index="4" audio="game-assets/audio/file-h41kxfig.mp3" visible="true" layout="col" bg-color="white" width="landscape.302px, portrait.154px" height="landscape.100%, portrait.17%" value="option_3" type="slide" onTouch="" border-radius="6px" onEntry="this.flex-shrink='0'; this.border='2px solid #CACACA'; this.paddingTop='50px'; this.boxSizing='content-box';">
    <lido-cell visible="true" layout="pos" width="48px" height="48px" z="1" bg-color="#ff5500" border-radius="5px" onEntry="this.display='flex'; this.alignItems='center';">
        <lido-image visible="true" src="template-assets/images/file-x1nyz2se.png" />
    </lido-cell>
    
    <lido-text visible="true" string="शिक्षक को बताना।" font-size="42px" onEntry="this.fontWeight='800'; this.textAlign='left'; this.lineHeight='38px';" />
</lido-cell><lido-cell tab-index="5" audio="game-assets/audio/file-i2hci0id.mp3" visible="true" layout="col" bg-color="white" width="landscape.302px, portrait.154px" height="landscape.100%, portrait.17%" value="option_4" type="slide" onTouch="" border-radius="6px" onEntry="this.flex-shrink='0'; this.border='2px solid #CACACA'; this.paddingTop='50px'; this.boxSizing='content-box';">
    <lido-cell visible="true" layout="pos" width="48px" height="48px" z="1" bg-color="#ff5500" border-radius="5px" onEntry="this.display='flex'; this.alignItems='center';">
        <lido-image visible="true" src="template-assets/images/file-x1nyz2se.png" />
    </lido-cell>
    
    <lido-text visible="true" string="दयालु बनो।" font-size="42px" onEntry="this.fontWeight='800'; this.textAlign='left'; this.lineHeight='38px';" />
</lido-cell>
                </lido-cell>
            </lido-cell>
        </lido-cell>
    </lido-container>
    
    <lido-container lang="hi" visible="true" objective="option_1,option_2,option_3,option_4" show-next-button="true" is-continue-on-correct="true" bg-image="template-assets/bg-images/file-o3gemaie.png" onCorrect="lido-avatar.avatarAnimate='Success'; this.sleep='2000';" onInCorrect="lido-avatar.avatarAnimate='Fail'; this.sleep='2000';" onEntry="this.sleep='1000'; this.slideAnimation='true';" exit-button-url="template-assets/buttons/file-wkvcalge.png" prev-button-url="template-assets/buttons/file-4rhivg8d.png" next-button-url="template-assets/buttons/file-ogbr4atz.png" speaker-button-url="template-assets/buttons/file-o3ybgw6q.png">
        <lido-cell layout="pos" id="pos1" disable-edit="true" value="pos1" height="250px" width="250px" x="landscape.0, portrait.670px" y="landscape.51px, portrait.1315px" aria-hidden="true" z="2" bg-color="transparent" visible="true">
            <lido-avatar id="lido-avatar" disable-edit="true" visible="true" height="100%" width="100%" src="template-assets/images/file-xku0oinc.riv" alt-text="" />
        </lido-cell>
        <lido-cell visible="true" layout="col" width="100%" height="100%" bg-color="transparent">
            <lido-text visible="true" width="70%" height="landscape.10%, portrait.5%" bg-color="transparent" />
            <lido-text tab-index="1" audio="game-assets/audio/file-9g4dduti.mp3" visible="true" width="landscape.70%, portrait.62%" height="10%" string="बातों से झगड़ा कैसे सुलझाएँ।" font-size="42px" onEntry=" this.padding='0px 45px';this.fontWeight='600'; " bg-color="transparent" />
            <lido-cell visible="true" layout="landscape.col, portrait.row" flex-direction="landscape., portrait.row-reverse" align-items="landscape.center, portrait.start" width="100%" height="80%" bg-color="transparent">
                
                <lido-cell visible="true" layout="landscape.row, portrait.col" width="landscape.95%, portrait.26%" height="landscape.65%, portrait.90%" bg-color="#FBCAB5" border-radius="landscape.16px 16px 0 0, portrait.0 16px 16px 0" onEntry="this.flex-shrink='0';this.padding='60px 40px';this.gap='37px'; this.boxSizing='content-box';">
                    <lido-cell tab-index="2" audio="game-assets/audio/file-b34qea1m.mp3" visible="true" layout="col" bg-color="white" width="landscape.302px, portrait.154px" height="landscape.100%, portrait.17%" value="option_3" type="slide" onTouch="" border-radius="6px" onEntry="this.flex-shrink='0'; this.border='2px solid #CACACA'; this.paddingTop='50px'; this.boxSizing='content-box';">
    <lido-cell visible="true" layout="pos" width="48px" height="48px" z="1" bg-color="#ff5500" border-radius="5px" onEntry="this.display='flex'; this.alignItems='center';">
        <lido-image visible="true" src="template-assets/images/file-x1nyz2se.png" />
    </lido-cell>
    
    <lido-text visible="true" string="शांत रहना।" font-size="42px" onEntry="this.fontWeight='800'; this.textAlign='left'; this.lineHeight='38px';" />
</lido-cell><lido-cell tab-index="3" audio="game-assets/audio/file-k33wxt9l.mp3" visible="true" layout="col" bg-color="white" width="landscape.302px, portrait.154px" height="landscape.100%, portrait.17%" value="option_1" type="slide" onTouch="" border-radius="6px" onEntry="this.flex-shrink='0'; this.border='2px solid #CACACA'; this.paddingTop='50px'; this.boxSizing='content-box';">
    <lido-cell visible="true" layout="pos" width="48px" height="48px" z="1" bg-color="#ff5500" border-radius="5px" onEntry="this.display='flex'; this.alignItems='center';">
        <lido-image visible="true" src="template-assets/images/file-x1nyz2se.png" />
    </lido-cell>
    
    <lido-text visible="true" string="सुनो।" font-size="42px" onEntry="this.fontWeight='800'; this.textAlign='left'; this.lineHeight='38px';" />
</lido-cell><lido-cell tab-index="4" audio="game-assets/audio/file-8oq9ysw2.mp3" visible="true" layout="col" bg-color="white" width="landscape.302px, portrait.154px" height="landscape.100%, portrait.17%" value="option_4" type="slide" onTouch="" border-radius="6px" onEntry="this.flex-shrink='0'; this.border='2px solid #CACACA'; this.paddingTop='50px'; this.boxSizing='content-box';">
    <lido-cell visible="true" layout="pos" width="48px" height="48px" z="1" bg-color="#ff5500" border-radius="5px" onEntry="this.display='flex'; this.alignItems='center';">
        <lido-image visible="true" src="template-assets/images/file-x1nyz2se.png" />
    </lido-cell>
    
    <lido-text visible="true" string="मिलकर हल ढूँढो।" font-size="42px" onEntry="this.fontWeight='800'; this.textAlign='left'; this.lineHeight='38px';" />
</lido-cell><lido-cell tab-index="5" audio="game-assets/audio/file-v8ubcg7s.mp3" visible="true" layout="col" bg-color="white" width="landscape.302px, portrait.154px" height="landscape.100%, portrait.17%" value="option_2" type="slide" onTouch="" border-radius="6px" onEntry="this.flex-shrink='0'; this.border='2px solid #CACACA'; this.paddingTop='50px'; this.boxSizing='content-box';">
    <lido-cell visible="true" layout="pos" width="48px" height="48px" z="1" bg-color="#ff5500" border-radius="5px" onEntry="this.display='flex'; this.alignItems='center';">
        <lido-image visible="true" src="template-assets/images/file-x1nyz2se.png" />
    </lido-cell>
    
    <lido-text visible="true" string="नम्रता से बात करना।" font-size="42px" onEntry="this.fontWeight='800'; this.textAlign='left'; this.lineHeight='38px';" />
</lido-cell>
                </lido-cell>
            </lido-cell>
        </lido-cell>
    </lido-container>
    
	<lido-container lang="hi" id="lido-container" exit-button-url="template-assets/buttons/file-wkvcalge.png" prev-button-url="template-assets/buttons/file-4rhivg8d.png" next-button-url="template-assets/buttons/file-ogbr4atz.png" speaker-button-url="template-assets/buttons/file-o3ybgw6q.png" is-allow-only-correct="false" value="maincontainer" objective="अगर,मैं,बुरा व्यवहार,देखूँ,तो,मैं,शिक्षक को,बताता हूँ।" x="0" y="0" z="0" bg-color="transparent" bg-image="template-assets/bg-images/file-cevzpc06.png" visible="true" onCorrect="lido-avatar.avatarAnimate='Success';qustionAudio.speak='true'; pos2.animation='placeToLeft 2.5s linear'; this.sleep='2000';" onEntry="" onInCorrect="lido-avatar.avatarAnimate='Fail'; this.sleep='2000';" show-check="false" is-continue-on-correct="true" appendToDropOnCompletion="true">
		<lido-cell visible="false" id="speak-con">
			<lido-text id="sentenceText" audio="" string="अगर मैं बुरा व्यवहार देखूँ तो मैं शिक्षक को बताता हूँ।" />
		</lido-cell>
		<lido-cell id="row1" layout="col" height="100%" width="100%" visible="true" bg-Color="transparent">
            
			<lido-text tab-index="1" id="qustionAudio" margin="60px 0px -139px 0px" visible="true" bg-color="transparent" y="landscape.30px, portrait.79px" onEntry="this.padding='0px 45px'; this.fontWeight='600'; this.speak='true'" audio="game-assets/audio/file-juskg05h.mp3" width="auto" height="5%" string="इन शब्दों से वाक्य बनाओ।" font-family="'Baloo 2', serif" font-size="36px" z="2" />
			<lido-cell id="col" layout="col" disable-edit="true" value="pos" aria-hidden="true" x="0" y="0" z="0" bg-color="transparent" type="" visible="true" onTouch="" onCorrect="" width="100%" height="100%" onEntry="">
				<lido-cell id="pos2" layout="pos" disable-edit="true" value="pos" aria-hidden="true" x="0" y="landscape.29px,portrait.0px" z="0" bg-color="transparent" type="" visible="true" onTouch="" width="100%" height="100%" onEntry="this.animation='rightToPlace 2.5s linear'; this.sleep='2000';">
					<lido-image width="landscape.122%, portrait.145%" height="landscape.173%, portrait.70%" y="landscape.-32%, portrait.26%" x="landscape.-22%, portrait.-39%" id="image1" disable-edit="true" visible="true" src="template-assets/images/file-nhdovmh3.png" onEntry="" />
					<lido-image width="landscape.16%, portrait.32%" y="landscape.17%, portrait.26%" x="landscape.40%, portrait.35%" z="2" id="image2" margin="-48px 0px 0px 0px" disable-edit="true" visible="true" src="game-assets/images/file-eu3p32qo.jpg" onEntry="" />
					<lido-cell layout="wrap" height="29%" visible="true" width="landscape.80%, portrait.88%" margin="-76px 0px 0px 0px" y="landscape.50%, portrait.48%" x="landscape.11%,portrait.7%" z="2" onEntry="this.gridTemplateColumns = 'repeat(4, 1fr)'; this.position='relative';this.gap='7px';" bg-color="transparent">
                        <lido-text id="drop_zone_1" drop-attr="stretch" value="अगर" tab-index="2" is-allow-only-one-drop="true" visible="true" onEntry="this.background='transparent'; this.borderRadius='15px';" width="300px" height="80px" type="drop" />
						<lido-text id="drop_zone_2" drop-attr="stretch" value="मैं" tab-index="3" is-allow-only-one-drop="true" visible="true" onEntry="this.background='transparent'; this.borderRadius='15px';" width="300px" height="80px" type="drop" />
						<lido-text id="drop_zone_3" drop-attr="stretch" value="बुरा व्यवहार" tab-index="4" is-allow-only-one-drop="true" visible="true" onEntry="this.background='transparent'; this.borderRadius='15px';" width="300px" height="80px" type="drop" />
						<lido-text id="drop_zone_4" drop-attr="stretch" value="देखूँ" tab-index="5" is-allow-only-one-drop="true" visible="true" onEntry="this.background='transparent'; this.borderRadius='15px';" width="300px" height="80px" type="drop" />
						<lido-text id="drop_zone_5" drop-attr="stretch" value="तो" tab-index="6" is-allow-only-one-drop="true" visible="true" onEntry="this.background='transparent'; this.borderRadius='15px';" width="300px" height="80px" type="drop" />
						<lido-text id="drop_zone_6" drop-attr="stretch" value="मैं" tab-index="7" is-allow-only-one-drop="true" visible="true" onEntry="this.background='transparent'; this.borderRadius='15px';" width="300px" height="80px" type="drop" />
						<lido-text id="drop_zone_7" drop-attr="stretch" value="शिक्षक को" tab-index="8" is-allow-only-one-drop="true" visible="true" onEntry="this.background='transparent'; this.borderRadius='15px';" width="300px" height="80px" type="drop" />
						<lido-text id="drop_zone_8" drop-attr="stretch" value="बताता हूँ।" tab-index="9" is-allow-only-one-drop="true" visible="true" onEntry="this.background='transparent'; this.borderRadius='15px';" width="300px" height="80px" type="drop" />
                    </lido-cell>
				</lido-cell>
				<lido-cell layout="wrap" height="230px" delay-visible="2650" visible="true" margin="-78px 0px 0px -113px" width="landscape.80%, portrait.88%" y="landscape.65%, portrait.62%" x="landscape.4%,portrait.0px" z="2" onEntry="this.gridTemplateColumns = 'repeat(4, 1fr)';this.position='relative';this.gap='26px';">
                    <lido-text id="option_item_1" audio="game-assets/audio/file-gp8qf9k8.mp3" value="बताता हूँ।" tab-index="10" visible="true" bg-color="#FCF3B1" onEntry="this.padding='0px 40px';this.borderRadius='25px'; this.boxShadow='unset'; this.fontWeight='800';" width="auto" height="84px" string="बताता हूँ।" font-family="'Baloo 2', serif" font-size="24px" z="2" type="drag" />
					<lido-text id="option_item_2" audio="game-assets/audio/file-d9xsgbrw.mp3" value="मैं" tab-index="11" visible="true" bg-color="#FCF3B1" onEntry="this.padding='0px 40px';this.borderRadius='25px'; this.boxShadow='unset'; this.fontWeight='800';" width="auto" height="84px" string="मैं" font-family="'Baloo 2', serif" font-size="24px" z="2" type="drag" />
					<lido-text id="option_item_3" audio="game-assets/audio/file-bl15tbgw.mp3" value="तो" tab-index="12" visible="true" bg-color="#FCF3B1" onEntry="this.padding='0px 40px';this.borderRadius='25px'; this.boxShadow='unset'; this.fontWeight='800';" width="auto" height="84px" string="तो" font-family="'Baloo 2', serif" font-size="24px" z="2" type="drag" />
					<lido-text id="option_item_4" audio="game-assets/audio/file-8m57cn7b.mp3" value="शिक्षक को" tab-index="13" visible="true" bg-color="#FCF3B1" onEntry="this.padding='0px 40px';this.borderRadius='25px'; this.boxShadow='unset'; this.fontWeight='800';" width="auto" height="84px" string="शिक्षक को" font-family="'Baloo 2', serif" font-size="24px" z="2" type="drag" />
					<lido-text id="option_item_5" audio="game-assets/audio/file-w85v2vv5.mp3" value="अगर" tab-index="14" visible="true" bg-color="#FCF3B1" onEntry="this.padding='0px 40px';this.borderRadius='25px'; this.boxShadow='unset'; this.fontWeight='800';" width="auto" height="84px" string="अगर" font-family="'Baloo 2', serif" font-size="24px" z="2" type="drag" />
					<lido-text id="option_item_6" audio="game-assets/audio/file-p2q7lwxd.mp3" value="देखूँ" tab-index="15" visible="true" bg-color="#FCF3B1" onEntry="this.padding='0px 40px';this.borderRadius='25px'; this.boxShadow='unset'; this.fontWeight='800';" width="auto" height="84px" string="देखूँ" font-family="'Baloo 2', serif" font-size="24px" z="2" type="drag" />
					<lido-text id="option_item_7" audio="game-assets/audio/file-8f8j3v5q.mp3" value="बुरा व्यवहार" tab-index="16" visible="true" bg-color="#FCF3B1" onEntry="this.padding='0px 40px';this.borderRadius='25px'; this.boxShadow='unset'; this.fontWeight='800';" width="auto" height="84px" string="बुरा व्यवहार" font-family="'Baloo 2', serif" font-size="24px" z="2" type="drag" />
					<lido-text id="option_item_8" audio="game-assets/audio/file-d9xsgbrw.mp3" value="मैं" tab-index="17" visible="true" bg-color="#FCF3B1" onEntry="this.padding='0px 40px';this.borderRadius='25px'; this.boxShadow='unset'; this.fontWeight='800';" width="auto" height="84px" string="मैं" font-family="'Baloo 2', serif" font-size="24px" z="2" type="drag" />
				</lido-cell>
				<lido-cell layout="row" visible="true" width="landscape.70%, portrait.88%" y="landscape.21%, portrait.42%" x="0%" z="2" onEntry="this.position='relative'" />
			</lido-cell>
			<lido-cell layout="pos" id="pos1" disable-edit="true" value="pos2" height="landscape.408px,portrait.327px" width="landscape.311px,portrait.294px" x="landscape.85%, portrait.640px" y="landscape.75%, portrait.172px" aria-hidden="true" bg-color="transparent" visible="true" onEntry="this.animation='rightToPlace 2.5s linear';">
				<lido-avatar id="lido-avatar" disable-edit="true" visible="true" height="100%" width="100%" src="template-assets/images/file-xku0oinc.riv" alt-text="" />
			</lido-cell>
		</lido-cell>
	</lido-container>	

	<lido-container lang="hi" id="lido-container" exit-button-url="template-assets/buttons/file-wkvcalge.png" prev-button-url="template-assets/buttons/file-4rhivg8d.png" next-button-url="template-assets/buttons/file-ogbr4atz.png" speaker-button-url="template-assets/buttons/file-o3ybgw6q.png" is-allow-only-correct="false" value="maincontainer" objective="हमें,हमेशा,सबके,प्रति,दयालु,होना,चाहिए।" x="0" y="0" z="0" bg-color="transparent" bg-image="template-assets/bg-images/file-cevzpc06.png" visible="true" onCorrect="lido-avatar.avatarAnimate='Success';qustionAudio.speak='true'; pos2.animation='placeToLeft 2.5s linear'; this.sleep='2000';" onEntry="" onInCorrect="lido-avatar.avatarAnimate='Fail'; this.sleep='2000';" show-check="false" is-continue-on-correct="true" appendToDropOnCompletion="true">
		<lido-cell visible="false" id="speak-con">
			<lido-text id="sentenceText" audio="" string="हमें हमेशा सबके प्रति दयालु होना चाहिए।" />
		</lido-cell>
		<lido-cell id="row1" layout="col" height="100%" width="100%" visible="true" bg-Color="transparent">
            
			<lido-text tab-index="1" id="qustionAudio" margin="60px 0px -139px 0px" visible="true" bg-color="transparent" y="landscape.30px, portrait.79px" onEntry="this.padding='0px 45px'; this.fontWeight='600'; this.speak='true'" audio="game-assets/audio/file-kah608om.mp3" width="auto" height="5%" string="इन शब्दों को मिलाकर वाक्य बनाओ।" font-family="'Baloo 2', serif" font-size="36px" z="2" />
			<lido-cell id="col" layout="col" disable-edit="true" value="pos" aria-hidden="true" x="0" y="0" z="0" bg-color="transparent" type="" visible="true" onTouch="" onCorrect="" width="100%" height="100%" onEntry="">
				<lido-cell id="pos2" layout="pos" disable-edit="true" value="pos" aria-hidden="true" x="0" y="landscape.29px,portrait.0px" z="0" bg-color="transparent" type="" visible="true" onTouch="" width="100%" height="100%" onEntry="this.animation='rightToPlace 2.5s linear'; this.sleep='2000';">
					<lido-image width="landscape.122%, portrait.145%" height="landscape.173%, portrait.70%" y="landscape.-32%, portrait.26%" x="landscape.-22%, portrait.-39%" id="image1" disable-edit="true" visible="true" src="template-assets/images/file-nhdovmh3.png" onEntry="" />
					<lido-image width="landscape.16%, portrait.32%" y="landscape.17%, portrait.26%" x="landscape.40%, portrait.35%" z="2" id="image2" margin="-48px 0px 0px 0px" disable-edit="true" visible="true" src="game-assets/images/file-eu3p32qo.jpg" onEntry="" />
					<lido-cell layout="wrap" height="29%" visible="true" width="landscape.80%, portrait.88%" margin="-76px 0px 0px 0px" y="landscape.50%, portrait.48%" x="landscape.11%,portrait.7%" z="2" onEntry="this.gridTemplateColumns = 'repeat(4, 1fr)'; this.position='relative';this.gap='7px';" bg-color="transparent">
                        <lido-text id="drop_zone_1" drop-attr="stretch" value="हमें" tab-index="2" is-allow-only-one-drop="true" visible="true" onEntry="this.background='transparent'; this.borderRadius='15px';" width="300px" height="80px" type="drop" />
						<lido-text id="drop_zone_2" drop-attr="stretch" value="हमेशा" tab-index="3" is-allow-only-one-drop="true" visible="true" onEntry="this.background='transparent'; this.borderRadius='15px';" width="300px" height="80px" type="drop" />
						<lido-text id="drop_zone_3" drop-attr="stretch" value="सबके" tab-index="4" is-allow-only-one-drop="true" visible="true" onEntry="this.background='transparent'; this.borderRadius='15px';" width="300px" height="80px" type="drop" />
						<lido-text id="drop_zone_4" drop-attr="stretch" value="प्रति" tab-index="5" is-allow-only-one-drop="true" visible="true" onEntry="this.background='transparent'; this.borderRadius='15px';" width="300px" height="80px" type="drop" />
						<lido-text id="drop_zone_5" drop-attr="stretch" value="दयालु" tab-index="6" is-allow-only-one-drop="true" visible="true" onEntry="this.background='transparent'; this.borderRadius='15px';" width="300px" height="80px" type="drop" />
						<lido-text id="drop_zone_6" drop-attr="stretch" value="होना" tab-index="7" is-allow-only-one-drop="true" visible="true" onEntry="this.background='transparent'; this.borderRadius='15px';" width="300px" height="80px" type="drop" />
						<lido-text id="drop_zone_7" drop-attr="stretch" value="चाहिए।" tab-index="8" is-allow-only-one-drop="true" visible="true" onEntry="this.background='transparent'; this.borderRadius='15px';" width="300px" height="80px" type="drop" />
                    </lido-cell>
				</lido-cell>
				<lido-cell layout="wrap" height="230px" delay-visible="2650" visible="true" margin="-78px 0px 0px -113px" width="landscape.80%, portrait.88%" y="landscape.65%, portrait.62%" x="landscape.4%,portrait.0px" z="2" onEntry="this.gridTemplateColumns = 'repeat(4, 1fr)';this.position='relative';this.gap='26px';">
                    <lido-text id="option_item_1" audio="game-assets/audio/file-gu765ebw.mp3" value="चाहिए।" tab-index="9" visible="true" bg-color="#FCF3B1" onEntry="this.padding='0px 40px';this.borderRadius='25px'; this.boxShadow='unset'; this.fontWeight='800';" width="auto" height="84px" string="चाहिए।" font-family="'Baloo 2', serif" font-size="24px" z="2" type="drag" />
					<lido-text id="option_item_2" audio="game-assets/audio/file-nbksoty4.mp3" value="प्रति" tab-index="10" visible="true" bg-color="#FCF3B1" onEntry="this.padding='0px 40px';this.borderRadius='25px'; this.boxShadow='unset'; this.fontWeight='800';" width="auto" height="84px" string="प्रति" font-family="'Baloo 2', serif" font-size="24px" z="2" type="drag" />
					<lido-text id="option_item_3" audio="game-assets/audio/file-qvanb1k7.mp3" value="हमें" tab-index="11" visible="true" bg-color="#FCF3B1" onEntry="this.padding='0px 40px';this.borderRadius='25px'; this.boxShadow='unset'; this.fontWeight='800';" width="auto" height="84px" string="हमें" font-family="'Baloo 2', serif" font-size="24px" z="2" type="drag" />
					<lido-text id="option_item_4" audio="game-assets/audio/file-0921lehz.mp3" value="सबके" tab-index="12" visible="true" bg-color="#FCF3B1" onEntry="this.padding='0px 40px';this.borderRadius='25px'; this.boxShadow='unset'; this.fontWeight='800';" width="auto" height="84px" string="सबके" font-family="'Baloo 2', serif" font-size="24px" z="2" type="drag" />
					<lido-text id="option_item_5" audio="game-assets/audio/file-gm9yifyd.mp3" value="हमेशा" tab-index="13" visible="true" bg-color="#FCF3B1" onEntry="this.padding='0px 40px';this.borderRadius='25px'; this.boxShadow='unset'; this.fontWeight='800';" width="auto" height="84px" string="हमेशा" font-family="'Baloo 2', serif" font-size="24px" z="2" type="drag" />
					<lido-text id="option_item_6" audio="game-assets/audio/file-9hv8isen.mp3" value="दयालु" tab-index="14" visible="true" bg-color="#FCF3B1" onEntry="this.padding='0px 40px';this.borderRadius='25px'; this.boxShadow='unset'; this.fontWeight='800';" width="auto" height="84px" string="दयालु" font-family="'Baloo 2', serif" font-size="24px" z="2" type="drag" />
					<lido-text id="option_item_7" audio="game-assets/audio/file-n40kv7wd.mp3" value="होना" tab-index="15" visible="true" bg-color="#FCF3B1" onEntry="this.padding='0px 40px';this.borderRadius='25px'; this.boxShadow='unset'; this.fontWeight='800';" width="auto" height="84px" string="होना" font-family="'Baloo 2', serif" font-size="24px" z="2" type="drag" />
				</lido-cell>
				<lido-cell layout="row" visible="true" width="landscape.70%, portrait.88%" y="landscape.21%, portrait.42%" x="0%" z="2" onEntry="this.position='relative'" />
			</lido-cell>
			<lido-cell layout="pos" id="pos1" disable-edit="true" value="pos2" height="landscape.408px,portrait.327px" width="landscape.311px,portrait.294px" x="landscape.85%, portrait.640px" y="landscape.75%, portrait.172px" aria-hidden="true" bg-color="transparent" visible="true" onEntry="this.animation='rightToPlace 2.5s linear';">
				<lido-avatar id="lido-avatar" disable-edit="true" visible="true" height="100%" width="100%" src="template-assets/images/file-xku0oinc.riv" alt-text="" />
			</lido-cell>
		</lido-cell>
	</lido-container>	

	<lido-container lang="hi" id="lido-container" exit-button-url="template-assets/buttons/file-wkvcalge.png" prev-button-url="template-assets/buttons/file-4rhivg8d.png" next-button-url="template-assets/buttons/file-ogbr4atz.png" speaker-button-url="template-assets/buttons/file-o3ybgw6q.png" is-allow-only-correct="false" value="maincontainer" objective="दूसरों,के लिए,खड़ा होना,साहस,और,देखभाल,दिखाता,है।" x="0" y="0" z="0" bg-color="transparent" bg-image="template-assets/bg-images/file-cevzpc06.png" visible="true" onCorrect="lido-avatar.avatarAnimate='Success';qustionAudio.speak='true'; pos2.animation='placeToLeft 2.5s linear'; this.sleep='2000';" onEntry="" onInCorrect="lido-avatar.avatarAnimate='Fail'; this.sleep='2000';" show-check="false" is-continue-on-correct="true" appendToDropOnCompletion="true">
		<lido-cell visible="false" id="speak-con">
			<lido-text id="sentenceText" audio="" string="दूसरों के लिए खड़ा होना साहस और देखभाल दिखाता है।" />
		</lido-cell>
		<lido-cell id="row1" layout="col" height="100%" width="100%" visible="true" bg-Color="transparent">
            
			<lido-text tab-index="1" id="qustionAudio" margin="60px 0px -139px 0px" visible="true" bg-color="transparent" y="landscape.30px, portrait.79px" onEntry="this.padding='0px 45px'; this.fontWeight='600'; this.speak='true'" audio="game-assets/audio/file-evtuqx23.mp3" width="auto" height="5%" string="इन शब्दों का उपयोग करके वाक्य बनाओ।" font-family="'Baloo 2', serif" font-size="36px" z="2" />
			<lido-cell id="col" layout="col" disable-edit="true" value="pos" aria-hidden="true" x="0" y="0" z="0" bg-color="transparent" type="" visible="true" onTouch="" onCorrect="" width="100%" height="100%" onEntry="">
				<lido-cell id="pos2" layout="pos" disable-edit="true" value="pos" aria-hidden="true" x="0" y="landscape.29px,portrait.0px" z="0" bg-color="transparent" type="" visible="true" onTouch="" width="100%" height="100%" onEntry="this.animation='rightToPlace 2.5s linear'; this.sleep='2000';">
					<lido-image width="landscape.122%, portrait.145%" height="landscape.173%, portrait.70%" y="landscape.-32%, portrait.26%" x="landscape.-22%, portrait.-39%" id="image1" disable-edit="true" visible="true" src="template-assets/images/file-nhdovmh3.png" onEntry="" />
					<lido-image width="landscape.16%, portrait.32%" y="landscape.17%, portrait.26%" x="landscape.40%, portrait.35%" z="2" id="image2" margin="-48px 0px 0px 0px" disable-edit="true" visible="true" src="game-assets/images/file-eu3p32qo.jpg" onEntry="" />
					<lido-cell layout="wrap" height="29%" visible="true" width="landscape.80%, portrait.88%" margin="-76px 0px 0px 0px" y="landscape.50%, portrait.48%" x="landscape.11%,portrait.7%" z="2" onEntry="this.gridTemplateColumns = 'repeat(4, 1fr)'; this.position='relative';this.gap='7px';" bg-color="transparent">
                        <lido-text id="drop_zone_1" drop-attr="stretch" value="दूसरों" tab-index="2" is-allow-only-one-drop="true" visible="true" onEntry="this.background='transparent'; this.borderRadius='15px';" width="300px" height="80px" type="drop" />
						<lido-text id="drop_zone_2" drop-attr="stretch" value="के लिए" tab-index="3" is-allow-only-one-drop="true" visible="true" onEntry="this.background='transparent'; this.borderRadius='15px';" width="300px" height="80px" type="drop" />
						<lido-text id="drop_zone_3" drop-attr="stretch" value="खड़ा होना" tab-index="4" is-allow-only-one-drop="true" visible="true" onEntry="this.background='transparent'; this.borderRadius='15px';" width="300px" height="80px" type="drop" />
						<lido-text id="drop_zone_4" drop-attr="stretch" value="साहस" tab-index="5" is-allow-only-one-drop="true" visible="true" onEntry="this.background='transparent'; this.borderRadius='15px';" width="300px" height="80px" type="drop" />
						<lido-text id="drop_zone_5" drop-attr="stretch" value="और" tab-index="6" is-allow-only-one-drop="true" visible="true" onEntry="this.background='transparent'; this.borderRadius='15px';" width="300px" height="80px" type="drop" />
						<lido-text id="drop_zone_6" drop-attr="stretch" value="देखभाल" tab-index="7" is-allow-only-one-drop="true" visible="true" onEntry="this.background='transparent'; this.borderRadius='15px';" width="300px" height="80px" type="drop" />
						<lido-text id="drop_zone_7" drop-attr="stretch" value="दिखाता" tab-index="8" is-allow-only-one-drop="true" visible="true" onEntry="this.background='transparent'; this.borderRadius='15px';" width="300px" height="80px" type="drop" />
						<lido-text id="drop_zone_8" drop-attr="stretch" value="है।" tab-index="9" is-allow-only-one-drop="true" visible="true" onEntry="this.background='transparent'; this.borderRadius='15px';" width="300px" height="80px" type="drop" />
                    </lido-cell>
				</lido-cell>
				<lido-cell layout="wrap" height="230px" delay-visible="2650" visible="true" margin="-78px 0px 0px -113px" width="landscape.80%, portrait.88%" y="landscape.65%, portrait.62%" x="landscape.4%,portrait.0px" z="2" onEntry="this.gridTemplateColumns = 'repeat(4, 1fr)';this.position='relative';this.gap='26px';">
                    <lido-text id="option_item_1" audio="game-assets/audio/file-n5z5bir6.mp3" value="साहस" tab-index="10" visible="true" bg-color="#FCF3B1" onEntry="this.padding='0px 40px';this.borderRadius='25px'; this.boxShadow='unset'; this.fontWeight='800';" width="auto" height="84px" string="साहस" font-family="'Baloo 2', serif" font-size="24px" z="2" type="drag" />
					<lido-text id="option_item_2" audio="game-assets/audio/file-flguqpk6.mp3" value="है।" tab-index="11" visible="true" bg-color="#FCF3B1" onEntry="this.padding='0px 40px';this.borderRadius='25px'; this.boxShadow='unset'; this.fontWeight='800';" width="auto" height="84px" string="है।" font-family="'Baloo 2', serif" font-size="24px" z="2" type="drag" />
					<lido-text id="option_item_3" audio="game-assets/audio/file-k2q8ophd.mp3" value="और" tab-index="12" visible="true" bg-color="#FCF3B1" onEntry="this.padding='0px 40px';this.borderRadius='25px'; this.boxShadow='unset'; this.fontWeight='800';" width="auto" height="84px" string="और" font-family="'Baloo 2', serif" font-size="24px" z="2" type="drag" />
					<lido-text id="option_item_4" audio="game-assets/audio/file-nmqtgg4u.mp3" value="दिखाता" tab-index="13" visible="true" bg-color="#FCF3B1" onEntry="this.padding='0px 40px';this.borderRadius='25px'; this.boxShadow='unset'; this.fontWeight='800';" width="auto" height="84px" string="दिखाता" font-family="'Baloo 2', serif" font-size="24px" z="2" type="drag" />
					<lido-text id="option_item_5" audio="game-assets/audio/file-gjiaccaz.mp3" value="के लिए" tab-index="14" visible="true" bg-color="#FCF3B1" onEntry="this.padding='0px 40px';this.borderRadius='25px'; this.boxShadow='unset'; this.fontWeight='800';" width="auto" height="84px" string="के लिए" font-family="'Baloo 2', serif" font-size="24px" z="2" type="drag" />
					<lido-text id="option_item_6" audio="game-assets/audio/file-6p6faxb4.mp3" value="देखभाल" tab-index="15" visible="true" bg-color="#FCF3B1" onEntry="this.padding='0px 40px';this.borderRadius='25px'; this.boxShadow='unset'; this.fontWeight='800';" width="auto" height="84px" string="देखभाल" font-family="'Baloo 2', serif" font-size="24px" z="2" type="drag" />
					<lido-text id="option_item_7" audio="game-assets/audio/file-uasjkktv.mp3" value="दूसरों" tab-index="16" visible="true" bg-color="#FCF3B1" onEntry="this.padding='0px 40px';this.borderRadius='25px'; this.boxShadow='unset'; this.fontWeight='800';" width="auto" height="84px" string="दूसरों" font-family="'Baloo 2', serif" font-size="24px" z="2" type="drag" />
					<lido-text id="option_item_8" audio="game-assets/audio/file-bq20wylw.mp3" value="खड़ा होना" tab-index="17" visible="true" bg-color="#FCF3B1" onEntry="this.padding='0px 40px';this.borderRadius='25px'; this.boxShadow='unset'; this.fontWeight='800';" width="auto" height="84px" string="खड़ा होना" font-family="'Baloo 2', serif" font-size="24px" z="2" type="drag" />
				</lido-cell>
				<lido-cell layout="row" visible="true" width="landscape.70%, portrait.88%" y="landscape.21%, portrait.42%" x="0%" z="2" onEntry="this.position='relative'" />
			</lido-cell>
			<lido-cell layout="pos" id="pos1" disable-edit="true" value="pos2" height="landscape.408px,portrait.327px" width="landscape.311px,portrait.294px" x="landscape.85%, portrait.640px" y="landscape.75%, portrait.172px" aria-hidden="true" bg-color="transparent" visible="true" onEntry="this.animation='rightToPlace 2.5s linear';">
				<lido-avatar id="lido-avatar" disable-edit="true" visible="true" height="100%" width="100%" src="template-assets/images/file-xku0oinc.riv" alt-text="" />
			</lido-cell>
		</lido-cell>
	</lido-container>	

            <lido-container lang="hi" id="lido-container" objective="" tab-index="1" value="mainContainer1" bg-image="template-assets/bg-images/file-39ae5vz5.png" height="1600px" width="900px" bg-color="transparent" visible="true" onCorrect="lido-avatar.avatarAnimate='Success'; this.sleep='2000';" onEntry="this.justifyContent='space-around';" onInCorrect="lido-avatar.avatarAnimate='Fail'; this.sleep='2000';" show-check="false" is-continue-on-correct="false" after-drop="false" show-next-button="true" exit-button-url="template-assets/buttons/file-wkvcalge.png" prev-button-url="template-assets/buttons/file-4rhivg8d.png" next-button-url="template-assets/buttons/file-ogbr4atz.png" speaker-button-url="template-assets/buttons/file-o3ybgw6q.png">

                
                <lido-cell layout="pos" id="pos1" disable-edit="true" value="pos1" height="landscape.600px, portrait.700px" width="landscape.393px, portrait.485px" x="landscape.-24px, portrait.465px" y="landscape.385px, portrait.983px" aria-hidden="true" z="1" bg-color="transparent" visible="true" onEntry="this.flex-shrink='0';">
                    <lido-avatar id="lido-avatar" disable-edit="true" visible="true" height="inherit" width="inherit" src="template-assets/images/file-xku0oinc.riv" alt-text="" onEntry="">
                    </lido-avatar>
                </lido-cell>

                
                <lido-cell layout="pos" id="pos2" disable-edit="true" value="pos2" width="landscape.594px, portrait.754px" height="landscape.725px, portrait.925px" x="landscape.519px, portrait.73px" y="landscape.127px, portrait.172px" aria-hidden="true" z="1" bg-color="transparent" visible="true" onEntry="this.flex-shrink='0';">
                    <lido-flash-card x="50" y="100" width="landscape.594px, portrait.754px" height="landscape.725px, portrait.925px" bg-color="transparent" onEntry="this.border-radius='32px';" onTouch="">
                        <lido-cell layout="col" id="col1" audio="game-assets/audio/file-8f8j3v5q.mp3" slot="front" disable-edit="true" visible="true" width="landscape.594px, portrait.754px" height="landscape.910px, portrait.925px" bg-color="white" type="" tab-index="2" dropAttr="diagonal" onEntry="this.border-radius=32px; this.padding='8px 8px 16px 8px';" y="landscape.5px,portrait.10px">
                            <lido-image visible="true" src="game-assets/images/file-owge0s2f.jpg" z="1" width="landscape.578px, portrait.738px" height="landscape.578px, portrait.738px" onEntry="this.flex-shrink='0';" border-radius="24px 24px 6px 6px" alt-text="" /><lido-text id="txt1" width="553px" height="217px" display="flex" onEntry="this.textAlign='center'; this.flexDirection='column'; this.justifyContent='center'; this.alignItems='center'; this.flexShrink='0';" font-family="'Baloo Bhai 2'" font-size="52px" z="1" font-color="black" font-weight="500" color="#303030" string="बुरा व्यवहार" visible="true" y="landscape.15px, portrait.15px" bg-color="white" margin="landscape.45px 0px 45px 0px, portrait.45px 0px 45px 0px" />
                        </lido-cell>
                        <lido-cell layout="col" tab-index="3" audio="game-assets/audio/file-joje8i1j.mp3" id="col2" slot="back" disable-edit="true" visible="true" width="landscape.594px, portrait.754px" height="landscape.910px, portrait.925px" bg-color="white" type="" dropAttr="diagonal" onEntry="this.border-radius=32px; this.padding='8px 8px 16px 8px';" y="landscape.,portrait.">
                            <lido-text id="txt2" height="480px" width="495px" display="flex" onEntry="this.textAlign='left'; this.lineHeight='1.5';" font-family="'Baloo Bhai 2'" font-size="52px" z="1" font-color="black" font-weight="500" color="#000000" string="किसी को बार-बार शब्दों या कामों से चोट पहुँचाना" visible="true" y="landscape.35px, portrait.15px" bg-color="white" margin="landscape.45px 0px 45px 0px, portrait.45px 0px 45px 0px" />
                        </lido-cell>
                    </lido-flash-card>
                </lido-cell>
            </lido-container>
        
            <lido-container lang="hi" id="lido-container" objective="" tab-index="1" value="mainContainer1" bg-image="template-assets/bg-images/file-39ae5vz5.png" height="1600px" width="900px" bg-color="transparent" visible="true" onCorrect="lido-avatar.avatarAnimate='Success'; this.sleep='2000';" onEntry="this.justifyContent='space-around';" onInCorrect="lido-avatar.avatarAnimate='Fail'; this.sleep='2000';" show-check="false" is-continue-on-correct="false" after-drop="false" show-next-button="true" exit-button-url="template-assets/buttons/file-wkvcalge.png" prev-button-url="template-assets/buttons/file-4rhivg8d.png" next-button-url="template-assets/buttons/file-ogbr4atz.png" speaker-button-url="template-assets/buttons/file-o3ybgw6q.png">

                
                <lido-cell layout="pos" id="pos1" disable-edit="true" value="pos1" height="landscape.600px, portrait.700px" width="landscape.393px, portrait.485px" x="landscape.-24px, portrait.465px" y="landscape.385px, portrait.983px" aria-hidden="true" z="1" bg-color="transparent" visible="true" onEntry="this.flex-shrink='0';">
                    <lido-avatar id="lido-avatar" disable-edit="true" visible="true" height="inherit" width="inherit" src="template-assets/images/file-xku0oinc.riv" alt-text="" onEntry="">
                    </lido-avatar>
                </lido-cell>

                
                <lido-cell layout="pos" id="pos2" disable-edit="true" value="pos2" width="landscape.594px, portrait.754px" height="landscape.725px, portrait.925px" x="landscape.519px, portrait.73px" y="landscape.127px, portrait.172px" aria-hidden="true" z="1" bg-color="transparent" visible="true" onEntry="this.flex-shrink='0';">
                    <lido-flash-card x="50" y="100" width="landscape.594px, portrait.754px" height="landscape.725px, portrait.925px" bg-color="transparent" onEntry="this.border-radius='32px';" onTouch="">
                        <lido-cell layout="col" id="col1" audio="game-assets/audio/file-o33dzya8.mp3" slot="front" disable-edit="true" visible="true" width="landscape.594px, portrait.754px" height="landscape.910px, portrait.925px" bg-color="white" type="" tab-index="2" dropAttr="diagonal" onEntry="this.border-radius=32px; this.padding='8px 8px 16px 8px';" y="landscape.5px,portrait.10px">
                            <lido-image visible="true" src="game-assets/images/file-qrpb7uqa.jpg" z="1" width="landscape.578px, portrait.738px" height="landscape.578px, portrait.738px" onEntry="this.flex-shrink='0';" border-radius="24px 24px 6px 6px" alt-text="" /><lido-text id="txt1" width="553px" height="217px" display="flex" onEntry="this.textAlign='center'; this.flexDirection='column'; this.justifyContent='center'; this.alignItems='center'; this.flexShrink='0';" font-family="'Baloo Bhai 2'" font-size="52px" z="1" font-color="black" font-weight="500" color="#303030" string="सम्मान।" visible="true" y="landscape.15px, portrait.15px" bg-color="white" margin="landscape.45px 0px 45px 0px, portrait.45px 0px 45px 0px" />
                        </lido-cell>
                        <lido-cell layout="col" tab-index="3" audio="game-assets/audio/file-ofn5ywmo.mp3" id="col2" slot="back" disable-edit="true" visible="true" width="landscape.594px, portrait.754px" height="landscape.910px, portrait.925px" bg-color="white" type="" dropAttr="diagonal" onEntry="this.border-radius=32px; this.padding='8px 8px 16px 8px';" y="landscape.,portrait.">
                            <lido-text id="txt2" height="480px" width="495px" display="flex" onEntry="this.textAlign='left'; this.lineHeight='1.5';" font-family="'Baloo Bhai 2'" font-size="52px" z="1" font-color="black" font-weight="500" color="#000000" string="सम्मान का मतलब है सबके साथ दयालुता और न्याय से पेश आना।" visible="true" y="landscape.35px, portrait.15px" bg-color="white" margin="landscape.45px 0px 45px 0px, portrait.45px 0px 45px 0px" />
                        </lido-cell>
                    </lido-flash-card>
                </lido-cell>
            </lido-container>
        
            <lido-container lang="hi" id="lido-container" objective="" tab-index="1" value="mainContainer1" bg-image="template-assets/bg-images/file-39ae5vz5.png" height="1600px" width="900px" bg-color="transparent" visible="true" onCorrect="lido-avatar.avatarAnimate='Success'; this.sleep='2000';" onEntry="this.justifyContent='space-around';" onInCorrect="lido-avatar.avatarAnimate='Fail'; this.sleep='2000';" show-check="false" is-continue-on-correct="false" after-drop="false" show-next-button="true" exit-button-url="template-assets/buttons/file-wkvcalge.png" prev-button-url="template-assets/buttons/file-4rhivg8d.png" next-button-url="template-assets/buttons/file-ogbr4atz.png" speaker-button-url="template-assets/buttons/file-o3ybgw6q.png">

                
                <lido-cell layout="pos" id="pos1" disable-edit="true" value="pos1" height="landscape.600px, portrait.700px" width="landscape.393px, portrait.485px" x="landscape.-24px, portrait.465px" y="landscape.385px, portrait.983px" aria-hidden="true" z="1" bg-color="transparent" visible="true" onEntry="this.flex-shrink='0';">
                    <lido-avatar id="lido-avatar" disable-edit="true" visible="true" height="inherit" width="inherit" src="template-assets/images/file-xku0oinc.riv" alt-text="" onEntry="">
                    </lido-avatar>
                </lido-cell>

                
                <lido-cell layout="pos" id="pos2" disable-edit="true" value="pos2" width="landscape.594px, portrait.754px" height="landscape.725px, portrait.925px" x="landscape.519px, portrait.73px" y="landscape.127px, portrait.172px" aria-hidden="true" z="1" bg-color="transparent" visible="true" onEntry="this.flex-shrink='0';">
                    <lido-flash-card x="50" y="100" width="landscape.594px, portrait.754px" height="landscape.725px, portrait.925px" bg-color="transparent" onEntry="this.border-radius='32px';" onTouch="">
                        <lido-cell layout="col" id="col1" audio="game-assets/audio/file-oneci0v2.mp3" slot="front" disable-edit="true" visible="true" width="landscape.594px, portrait.754px" height="landscape.910px, portrait.925px" bg-color="white" type="" tab-index="2" dropAttr="diagonal" onEntry="this.border-radius=32px; this.padding='8px 8px 16px 8px';" y="landscape.5px,portrait.10px">
                            <lido-image visible="true" src="game-assets/images/file-u1n548gi.jpg" z="1" width="landscape.578px, portrait.738px" height="landscape.578px, portrait.738px" onEntry="this.flex-shrink='0';" border-radius="24px 24px 6px 6px" alt-text="" /><lido-text id="txt1" width="553px" height="217px" display="flex" onEntry="this.textAlign='center'; this.flexDirection='column'; this.justifyContent='center'; this.alignItems='center'; this.flexShrink='0';" font-family="'Baloo Bhai 2'" font-size="52px" z="1" font-color="black" font-weight="500" color="#303030" string="सहानुभूति।" visible="true" y="landscape.15px, portrait.15px" bg-color="white" margin="landscape.45px 0px 45px 0px, portrait.45px 0px 45px 0px" />
                        </lido-cell>
                        <lido-cell layout="col" tab-index="3" audio="game-assets/audio/file-1z0dn7kl.mp3" id="col2" slot="back" disable-edit="true" visible="true" width="landscape.594px, portrait.754px" height="landscape.910px, portrait.925px" bg-color="white" type="" dropAttr="diagonal" onEntry="this.border-radius=32px; this.padding='8px 8px 16px 8px';" y="landscape.,portrait.">
                            <lido-text id="txt2" height="480px" width="495px" display="flex" onEntry="this.textAlign='left'; this.lineHeight='1.5';" font-family="'Baloo Bhai 2'" font-size="52px" z="1" font-color="black" font-weight="500" color="#000000" string="सहानुभूति का मतलब है दूसरों की भावनाएँ समझना और उनकी मदद करना।" visible="true" y="landscape.35px, portrait.15px" bg-color="white" margin="landscape.45px 0px 45px 0px, portrait.45px 0px 45px 0px" />
                        </lido-cell>
                    </lido-flash-card>
                </lido-cell>
            </lido-container>
        <lido-container lang="hi" show-prev-button="false" show-next-button="true" id="lido-container" bg-image="" height="1600px" width="900px" value="mainContainer4" objective="" visible="true" onInCorrect="lido-avatar.avatarAnimate='Fail'; this.sleep='2000';" show-check="false" is-continue-on-correct="false" exit-button-url="template-assets/buttons/file-wkvcalge.png" prev-button-url="template-assets/buttons/file-4rhivg8d.png" next-button-url="template-assets/buttons/file-ogbr4atz.png" speaker-button-url="template-assets/buttons/file-o3ybgw6q.png">
    <lido-cell id="cell1" margin="landscape.140px 0px 0px 0px,portrait.170px 0px 0px 0px" visible="true" layout="landscape.row,portrait.col" disable-edit="true" value="cell1" width="landscape.100%,portrait.86%" height="landscape.100%,portrait.80%" x="50px" y="50px" bg-color="white" onEntry="this.justifyContent='space-evenly'; this.borderRadius='6px'">
        <lido-image id="image1" disable-edit="true" margin="landscape.0px 0px 0px 0px,portrait.-20px 0px 0px 0px" value="image1" visible="true" src="game-assets/images/file-owge0s2f.jpg" width="landscape.704px,portrait.744px" height="landscape.704px,portrait.707px" bg-color="transparent" alt-text="" onEntry="" />
        <lido-text id="text1" tab-index="1" audio="game-assets/audio/file-saxd1204.mp3" disable-edit="true" margin="landscape.0px 0px 0px 27px,portrait.0px 0px 60px 0px" value="text1" visible="true" width="landscape.47%,portrait.90%" height="100%" bg-color="transparent" font-family="'Baloo 2', serif" font-size="44px" font-color="#000" string="हम इसे दयालु बनकर और किसी भरोसेमंद बड़े को बताकर रोक सकते हैं।" onEntry="this.fontWeight='500'; this.boxShadow='unset'; this.textAlign='start'; this.speak='true';" />
    </lido-cell>
    <lido-pos id="pos1" disable-edit="true" value="pos1" height="350px" width="350px" x="landscape.1300px, portrait.580px" y="landscape.670px, portrait.1350px" aria-hidden="true" z="1" bg-color="transparent" visible="true">
        <lido-avatar id="lido-avatar" disable-edit="true" visible="true" height="350px" width="350px" src="template-assets/images/file-xku0oinc.riv" alt-text="chimpleCharacterRive" />
    </lido-pos>
</lido-container><lido-container lang="hi" show-prev-button="false" show-next-button="true" id="lido-container" bg-image="" height="1600px" width="900px" value="mainContainer4" objective="" visible="true" onInCorrect="lido-avatar.avatarAnimate='Fail'; this.sleep='2000';" show-check="false" is-continue-on-correct="false" exit-button-url="template-assets/buttons/file-wkvcalge.png" prev-button-url="template-assets/buttons/file-4rhivg8d.png" next-button-url="template-assets/buttons/file-ogbr4atz.png" speaker-button-url="template-assets/buttons/file-o3ybgw6q.png">
    <lido-cell id="cell1" margin="landscape.140px 0px 0px 0px,portrait.170px 0px 0px 0px" visible="true" layout="landscape.row,portrait.col" disable-edit="true" value="cell1" width="landscape.100%,portrait.86%" height="landscape.100%,portrait.80%" x="50px" y="50px" bg-color="white" onEntry="this.justifyContent='space-evenly'; this.borderRadius='6px'">
        <lido-image id="image1" disable-edit="true" margin="landscape.0px 0px 0px 0px,portrait.-20px 0px 0px 0px" value="image1" visible="true" src="game-assets/images/file-n16r57hl.jpg" width="landscape.704px,portrait.744px" height="landscape.704px,portrait.707px" bg-color="transparent" alt-text="" onEntry="" />
        <lido-text id="text1" tab-index="1" audio="game-assets/audio/file-4vj0ypa7.mp3" disable-edit="true" margin="landscape.0px 0px 0px 27px,portrait.0px 0px 60px 0px" value="text1" visible="true" width="landscape.47%,portrait.90%" height="100%" bg-color="transparent" font-family="'Baloo 2', serif" font-size="44px" font-color="#000" string="हर किसी को न्याय और शामिल होने का हक मिलता है।" onEntry="this.fontWeight='500'; this.boxShadow='unset'; this.textAlign='start'; this.speak='true';" />
    </lido-cell>
    <lido-pos id="pos1" disable-edit="true" value="pos1" height="350px" width="350px" x="landscape.1300px, portrait.580px" y="landscape.670px, portrait.1350px" aria-hidden="true" z="1" bg-color="transparent" visible="true">
        <lido-avatar id="lido-avatar" disable-edit="true" visible="true" height="350px" width="350px" src="template-assets/images/file-xku0oinc.riv" alt-text="chimpleCharacterRive" />
    </lido-pos>
</lido-container><lido-container lang="hi" show-prev-button="false" show-next-button="true" id="lido-container" bg-image="" height="1600px" width="900px" value="mainContainer4" objective="" visible="true" onInCorrect="lido-avatar.avatarAnimate='Fail'; this.sleep='2000';" show-check="false" is-continue-on-correct="false" exit-button-url="template-assets/buttons/file-wkvcalge.png" prev-button-url="template-assets/buttons/file-4rhivg8d.png" next-button-url="template-assets/buttons/file-ogbr4atz.png" speaker-button-url="template-assets/buttons/file-o3ybgw6q.png">
    <lido-cell id="cell1" margin="landscape.140px 0px 0px 0px,portrait.170px 0px 0px 0px" visible="true" layout="landscape.row,portrait.col" disable-edit="true" value="cell1" width="landscape.100%,portrait.86%" height="landscape.100%,portrait.80%" x="50px" y="50px" bg-color="white" onEntry="this.justifyContent='space-evenly'; this.borderRadius='6px'">
        <lido-image id="image1" disable-edit="true" margin="landscape.0px 0px 0px 0px,portrait.-20px 0px 0px 0px" value="image1" visible="true" src="game-assets/images/file-6r1pbymj.jpg" width="landscape.704px,portrait.744px" height="landscape.704px,portrait.707px" bg-color="transparent" alt-text="" onEntry="" />
        <lido-text id="text1" tab-index="1" audio="game-assets/audio/file-xmthq6al.mp3" disable-edit="true" margin="landscape.0px 0px 0px 27px,portrait.0px 0px 60px 0px" value="text1" visible="true" width="landscape.47%,portrait.90%" height="100%" bg-color="transparent" font-family="'Baloo 2', serif" font-size="44px" font-color="#000" string="हमेशा शिक्षक, माता-पिता या किसी भरोसेमंद दोस्त से मदद लो।" onEntry="this.fontWeight='500'; this.boxShadow='unset'; this.textAlign='start'; this.speak='true';" />
    </lido-cell>
    <lido-pos id="pos1" disable-edit="true" value="pos1" height="350px" width="350px" x="landscape.1300px, portrait.580px" y="landscape.670px, portrait.1350px" aria-hidden="true" z="1" bg-color="transparent" visible="true">
        <lido-avatar id="lido-avatar" disable-edit="true" visible="true" height="350px" width="350px" src="template-assets/images/file-xku0oinc.riv" alt-text="chimpleCharacterRive" />
    </lido-pos>
</lido-container>
</root>