[1,["0eS3Bzu5RC6qda45j2iYIK"],["_textureSetter"],["cc.Texture2D","cc.SpriteFrame",["cc.AudioClip",["_name","_native","duration"],0],["cc.JsonAsset",["_name","json"],1]],[[2,0,1,2,4],[3,0,1,3]],[[[[0,"chut",".mp3",0.96],-1],0,0,[],[],[]],[[[0,"hug",".mp3",0.816],-1],0,0,[],[],[]],[[[0,"rut",".mp3",0.936],-1],0,0,[],[],[]],[[[0,"nut",".mp3",0.888],-1],0,0,[],[],[]],[["0,9729,9729,33071,33071,0,0,1",-1],[0],0,[],[],[]],[[{"name":"cut","rect":[0,0,640,461],"offset":[0,0],"originalSize":[640,461],"capInsets":[0,0,0,0]}],[1],0,[0],[0],[0]],[[[0,"not",".mp3",0.912],-1],0,0,[],[],[]],[[[1,"en1503",{"rows":[["grid","1","Description","r","un,ut"],["grid","1","Description","h","ug,ut"],["grid","1","Description","n","ot,ag,ut"],["grid","1","Description","l","ike,ate,ute"],["grid","1","Description","c,l,b","ute,ake,orn"],["grid","1","Description","c,t,l","ute,ake"],["grid","1","Description","ch,sh,h","ip,ut,op"],["grid","1","Description","l,h,t","ut,op,ip"],["phonictractor","1","Description","5","nut","nut.mp3","n","n_phonic.mp3","u","u_phonic.mp3","t","t_phonic.mp3"],["phonictractor","1","Description","5","shut","shut.mp3","sh","sh.mp3","u","u_phonic.mp3","t","t_phonic.mp3"],["rocket","1","Description","cut","a,b,c,d,e,f,g,h,i,j,k,l,m,n,o,p,q,r,s,t,u,v,w,x,y,z","c,u,t","cut.mp3","cut.png","true","false"],["quizliteracy","1","Description","word_word","ut","ug","ut","ot","","c__","cut.mp3"],["quizliteracy","1","Description","word_word","ut","ut","ir","ug","","n__","nut.mp3"],["quizliteracy","1","Description","word_word","ut","op","ug","ut","","sh__","shut.mp3"]]}]],0,0,[],[],[]],[[[0,"take",".mp3",0.816],-1],0,0,[],[],[]],[[[0,"ship",".mp3",0.84],-1],0,0,[],[],[]],[[[0,"hip",".mp3",0.744],-1],0,0,[],[],[]],[[[0,"run",".mp3",0.864],-1],0,0,[],[],[]],[[[0,"cake",".mp3",0.84],-1],0,0,[],[],[]],[[[0,"tut",".mp3",0.864],-1],0,0,[],[],[]],[[[0,"corn",".mp3",0.84],-1],0,0,[],[],[]],[[[0,"sh",".mp3",0.528],-1],0,0,[],[],[]],[[[0,"cute",".mp3",1.008],-1],0,0,[],[],[]],[[[0,"lake",".mp3",0.864],-1],0,0,[],[],[]],[[[0,"n_phonic",".mp3",1.619592],-1],0,0,[],[],[]],[[[0,"lut",".mp3",0.96],-1],0,0,[],[],[]],[[[0,"hut",".mp3",0.864],-1],0,0,[],[],[]],[[[0,"bake",".mp3",0.96],-1],0,0,[],[],[]],[[[0,"bute",".mp3",1.008],-1],0,0,[],[],[]],[[[0,"lop",".mp3",0.84],-1],0,0,[],[],[]],[[[0,"lute",".mp3",0.96],-1],0,0,[],[],[]],[[[0,"late",".mp3",0.912],-1],0,0,[],[],[]],[[[0,"born",".mp3",0.936],-1],0,0,[],[],[]],[[[0,"t_phonic",".mp3",1.17551],-1],0,0,[],[],[]],[[[0,"chip",".mp3",0.792],-1],0,0,[],[],[]],[[[0,"top",".mp3",0.768],-1],0,0,[],[],[]],[[[0,"cut",".mp3",0.864],-1],0,0,[],[],[]],[[[0,"hop",".mp3",0.792],-1],0,0,[],[],[]],[[[0,"tute",".mp3",0.936],-1],0,0,[],[],[]],[[[0,"chop",".mp3",0.888],-1],0,0,[],[],[]],[[[0,"lorn",".mp3",0.912],-1],0,0,[],[],[]],[[[0,"shut",".mp3",0.96],-1],0,0,[],[],[]],[[[0,"lip",".mp3",0.744],-1],0,0,[],[],[]],[[[0,"nag",".mp3",0.936],-1],0,0,[],[],[]],[[[0,"u_phonic",".mp3",2.220408],-1],0,0,[],[],[]],[[[0,"like",".mp3",0.888],-1],0,0,[],[],[]],[[[0,"tip",".mp3",0.696],-1],0,0,[],[],[]],[[[0,"shop",".mp3",0.864],-1],0,0,[],[],[]]]]