[1,["74oeDmfN5Oa5OV253jOcD0","e6duua0VZF1JC9z2oHRM18","c5bdZqMEVL8YV6l2/WaHDW","b5Y0gIz61M3Yy3Pn64ja7q","73H9FG1zdCmJprWuJEpkn8","47xMdtmE5CAZet0McLBdO1"],["_textureSetter"],["cc.SpriteFrame","cc.Texture2D",["cc.AudioClip",["_name","_native","duration"],0],["cc.JsonAsset",["_name","json"],1]],[[2,0,1,2,4],[3,0,1,3]],[[[[0,"dog",".mp3",0.96],-1],0,0,[],[],[]],[[[0,"fox",".mp3",1.128],-1],0,0,[],[],[]],[[{"name":"donkey","rect":[0,0,512,386],"offset":[0,0],"originalSize":[512,386],"capInsets":[0,0,0,0]}],[0],0,[0],[0],[0]],[[{"name":"cane","rect":[0,0,322,382],"offset":[0,0],"originalSize":[322,382],"capInsets":[0,0,0,0]}],[0],0,[0],[0],[1]],[["0,9729,9729,33071,33071,0,0,1",-1],[1],0,[],[],[]],[[{"name":"bug","rect":[0,0,322,382],"offset":[0,0],"originalSize":[322,382],"capInsets":[0,0,0,0]}],[0],0,[0],[0],[2]],[["0,9729,9729,33071,33071,0,0,1",-1],[1],0,[],[],[]],[["0,9729,9729,33071,33071,0,0,1",-1],[1],0,[],[],[]],[[[0,"bug",".mp3",0.936],-1],0,0,[],[],[]],[[[1,"en0903",{"rows":[["rocket","1","Description","bug","b,ug","b,ug","bug.mp3","bug.png","false","false"],["rocket","1","Description","mug","m,ug","m,ug","mug.mp3","mug.png","false","false"],["rocket","1","Description","cane","c,ane","c,ane","cane.mp3","cane.png","false","false"],["rocket","1","Description","baby","ba,by","ba,by","baby.mp3","baby.png","false","false"],["rocket","1","Description","donkey","don,key","don,key","donkey.mp3","donkey.png","false","false"],["grid","1","Description","f","og,ox"],["grid","1","Description","h","op,ot"],["grid","1","Description","d","ot,og"],["quizliteracy","1","Description","soundonly_image","bug.png","bag.png","bug.png","baby.png","","","bug.mp3"],["quizliteracy","1","Description","soundonly_word","cane","rain","car","cane","","","cane.mp3"],["quizliteracy","1","Description","soundonly_image","mug.png","baby.png","donkey.png","mug.png","","","mug.mp3"],["quizliteracy","1","Description","soundonly_word","baby","cane","baby","mug","","","baby.mp3"],["quizliteracy","1","Description","image_word","donkey","cat","donkey","dog","donkey.png"]]}]],0,0,[],[],[]],[[[0,"hot",".mp3",0.888],-1],0,0,[],[],[]],[["0,9729,9729,33071,33071,0,0,1",-1],[1],0,[],[],[]],[[{"name":"mug","rect":[54,116,478,255],"offset":[3,-13.5],"originalSize":[580,460],"capInsets":[0,0,0,0]}],[0],0,[0],[0],[3]],[["0,9729,9729,33071,33071,0,0,1",-1],[1],0,[],[],[]],[[{"name":"bag","rect":[0,0,322,382],"offset":[0,0],"originalSize":[322,382],"capInsets":[0,0,0,0]}],[0],0,[0],[0],[4]],[[[0,"baby",".mp3",1.128],-1],0,0,[],[],[]],[[[0,"mug",".mp3",0.864],-1],0,0,[],[],[]],[[[0,"fog",".mp3",0.984],-1],0,0,[],[],[]],[["0,9729,9729,33071,33071,0,0,1",-1],[1],0,[],[],[]],[[[0,"donkey",".mp3",1.272],-1],0,0,[],[],[]],[[{"name":"baby","rect":[0,0,512,339],"offset":[0,0],"originalSize":[512,339],"capInsets":[0,0,0,0]}],[0],0,[0],[0],[5]],[[[0,"hop",".mp3",0.792],-1],0,0,[],[],[]],[[[0,"dot",".mp3",0.96],-1],0,0,[],[],[]],[[[0,"cane",".mp3",0.816],-1],0,0,[],[],[]]]]