[1,["72msRxLRRP8pTPPaE8a4ZP","af9VilJ/FNmoRs90PNmUCI","22uiRPReNFWZxRnj4B6GjX","4bxJFOndFPYZISFyEYpWin"],["_textureSetter"],["cc.Texture2D","cc.SpriteFrame",["cc.AudioClip",["_name","_native","duration"],0],["cc.JsonAsset",["_name","json"],1]],[[2,0,1,2,4],[3,0,1,3]],[[[[0,"दोपहर",".mp3",0.731429],-1],0,0,[],[],[]],[[[0,"संज्ञा_शब्द_चुनें",".mp3",2.592],-1],0,0,[],[],[]],[[[0,"काली",".mp3",0.705306],-1],0,0,[],[],[]],[[[0,"सूर्योदय",".mp3",0.992653],-1],0,0,[],[],[]],[[[0,"रात",".mp3",0.679184],-1],0,0,[],[],[]],[["1,9729,9729,33071,33071,0,0,1",-1],[0],0,[],[],[]],[[[0,"हिमपात",".mp3",0.809796],-1],0,0,[],[],[]],[[[0,"मौसम",".mp3",0.862041],-1],0,0,[],[],[]],[[[0,"बिजली",".mp3",0.862041],-1],0,0,[],[],[]],[[[0,"सुबह",".mp3",0.653061],-1],0,0,[],[],[]],[[{"name":"image_13_1","rect":[0,0,845,695],"offset":[0,0],"originalSize":[845,695],"capInsets":[0,0,0,0]}],[1],0,[0],[0],[0]],[["1,9729,9729,33071,33071,0,0,1",-1],[0],0,[],[],[]],[[[0,"बरसात",".mp3",0.992653],-1],0,0,[],[],[]],[[[0,"रंग",".mp3",0.626939],-1],0,0,[],[],[]],[[{"name":"image_13_2","rect":[0,0,845,695],"offset":[0,0],"originalSize":[845,695],"capInsets":[0,0,0,0]}],[1],0,[0],[0],[1]],[["1,9729,9729,33071,33071,0,0,1",-1],[0],0,[],[],[]],[[{"name":"image_13_3","rect":[0,0,845,695],"offset":[0,0],"originalSize":[845,695],"capInsets":[0,0,0,0]}],[1],0,[0],[0],[2]],[[[0,"गुलाबी",".mp3",1.632],-1],0,0,[],[],[]],[[[1,"hi1407",{"rows":[["tag","1","Description","image_13_1.jpg","दिन","719.-1451","दिन.mp3","सुबह","366.-416","सुबह.mp3","सूर्योदय","336.-791","सूर्योदय.mp3","शाम","1167.-416","शाम.mp3","सूर्यास्त","1254.-1122","सूर्यास्त.mp3"],["tag","1","Description","image_13_2.jpg","समय","194.-1011","समय.mp3","सुबह","797.-1286","सुबह.mp3","दोपहर","1331.-1140","दोपहर.mp3","शाम","577.-591","शाम.mp3","रात","1331.-608","रात.mp3"],["tag","1","Description","image_13_3.jpg","मौसम","667.-934","मौसम.mp3","बरसात","1298.-409","बरसात.mp3","आंधी","484.-426","आंधी.mp3","हिमपात","704.-1462","हिमपात.mp3","बिजली","1298.-1462","बिजली.mp3"],["tag","1","Description","image_13_4.jpg","रंग ","719.-1520","रंग.mp3","काला","1155.-1147","काला.mp3","सफ़ेद","628.-631","सफेद.mp3","गुलाबी","408.-1147","गुलाबी.mp3","नारंगी","1257.-528","नारंगी.mp3"],["quizliteracy","1","Description","sentence_sentence","दिन","दिन","वह","तू","","संज्ञा शब्द चुनें","संज्ञा_शब्द_चुनें.mp3"],["quizliteracy","1","Description","sentence_sentence","सुबह","तुम","सुबह","आप","","संज्ञा शब्द चुनें","संज्ञा_शब्द_चुनें.mp3"],["quizliteracy","1","Description","sentence_sentence","दोपहर","वह","कौन","दोपहर","","संज्ञा शब्द चुनें","संज्ञा_शब्द_चुनें.mp3"],["quizliteracy","1","Description","sentence_sentence","आंधी","उसे","क्या","आंधी","","संज्ञा शब्द चुनें","संज्ञा_शब्द_चुनें.mp3"]]}]],0,0,[],[],[]],[["1,9729,9729,33071,33071,0,0,1",-1],[0],0,[],[],[]],[[[0,"नारंगी",".mp3",0.940408],-1],0,0,[],[],[]],[[[0,"बैंगनी",".mp3",0.914286],-1],0,0,[],[],[]],[[[0,"शाम",".mp3",0.731429],-1],0,0,[],[],[]],[[[0,"सूर्यास्त",".mp3",0.888163],-1],0,0,[],[],[]],[[{"name":"image_13_4","rect":[0,0,845,695],"offset":[0,0],"originalSize":[845,695],"capInsets":[0,0,0,0]}],[1],0,[0],[0],[3]],[[[0,"समय",".mp3",0.731429],-1],0,0,[],[],[]],[[[0,"दिन",".mp3",0.548571],-1],0,0,[],[],[]],[[[0,"सफेद",".mp3",0.783673],-1],0,0,[],[],[]],[[[0,"आंधी",".mp3",0.783673],-1],0,0,[],[],[]],[[[0,"काला",".mp3",0.888],-1],0,0,[],[],[]]]]