[1,["ecwkiquvBPxaDYbvfTaaw2","effDhK77NMupJlimCUovhA","e1X+F3T5tEQqn3q7zazTzj","6frSnsGRJOgK3s5QTw3991","8foIPw4yVIcYSkkm7hiZyQ"],["_textureSetter"],["cc.SpriteFrame","cc.Texture2D",["cc.AudioClip",["_name","_native","duration"],0],["cc.JsonAsset",["_name","json"],1]],[[2,0,1,2,4],[3,0,1,3]],[[[[0,"ಬೆಲೆ",".mp3",0.648],-1],0,0,[],[],[]],[[[0,"ಮದುವೆ",".mp3",0.768],-1],0,0,[],[],[]],[[[0,"ಜಡೆ",".mp3",0.696],-1],0,0,[],[],[]],[[{"name":"friendship","rect":[0,0,512,287],"offset":[0,0],"originalSize":[512,287],"capInsets":[0,0,0,0]}],[0],0,[0],[0],[0]],[[{"name":"plait","rect":[0,0,512,341],"offset":[0,0],"originalSize":[512,341],"capInsets":[0,0,0,0]}],[0],0,[0],[0],[1]],[[[1,"kn4304",{"rows":[["spelldoor","1","Description","ಎಲೆ","**","0","0","leaf.png","ಎಲೆ.mp3"],["spelldoor","1","Description","ಜಡೆ","**","0","0","plait.png","ಜಡೆ.mp3"],["spelldoor","1","Description","ಬೆಲೆ","**","0","0","price.png","ಬೆಲೆ.mp3"],["spelldoor","1","Description","ಮದುವೆ","***","0","0","marriage.png","ಮದುವೆ.mp3"],["spelldoor","1","Description","ಗೆಳೆತನ","****","0","0","friendship.png","ಗೆಳೆತನ.mp3"],["quizliteracy","1","Description","word_word","ತನ","ಮಳೆ","ತನ","ಗಾರ","","ಗೆಳೆ____","ಗೆಳೆತನ.mp3"],["quizliteracy","1","Description","image_word","ಜಡೆ","ಜಡೆ","ಬೆಲೆ","ಎಲೆ","plait.png"],["quizliteracy","1","Description","soundonly_word","ಮದುವೆ","ಬೆಲೆ","ಗೆಳೆತನ","ಮದುವೆ","","","ಮದುವೆ.mp3"]]}]],0,0,[],[],[]],[[{"name":"marriage","rect":[0,0,512,341],"offset":[0,0],"originalSize":[512,341],"capInsets":[0,0,0,0]}],[0],0,[0],[0],[2]],[["0,9729,9729,33071,33071,0,0,1",-1],[1],0,[],[],[]],[[{"name":"leaf","rect":[0,0,512,378],"offset":[0,0],"originalSize":[512,378],"capInsets":[0,0,0,0]}],[0],0,[0],[0],[3]],[["0,9729,9729,33071,33071,0,0,1",-1],[1],0,[],[],[]],[["0,9729,9729,33071,33071,0,0,1",-1],[1],0,[],[],[]],[[{"name":"price","rect":[0,0,512,341],"offset":[0,0],"originalSize":[512,341],"capInsets":[0,0,0,0]}],[0],0,[0],[0],[4]],[[[0,"ಎಲೆ",".mp3",0.624],-1],0,0,[],[],[]],[["0,9729,9729,33071,33071,0,0,1",-1],[1],0,[],[],[]],[["0,9729,9729,33071,33071,0,0,1",-1],[1],0,[],[],[]],[[[0,"ಗೆಳೆತನ",".mp3",0.84],-1],0,0,[],[],[]]]]