[1,["1cw8vT271NtZvc5STw/+4+","a5/5B/YutDt5QEA8s5m5R2","67xeyCiy9J7INF0kZX7Yg+","b0zysdfvxK47HC7f09Fdo0","0eiViarpxIrbohINZOs73k","9fB/x8s1hMWpifQLYb3JOR"],["_textureSetter"],["cc.SpriteFrame","cc.Texture2D",["cc.JsonAsset",["_name","json"],1],["cc.AudioClip",["_name","_native","duration"],0]],[[3,0,1,2,4],[2,0,1,3]],[[[{"name":"Rita_swims","rect":[0,0,800,398],"offset":[0,0],"originalSize":[800,398],"capInsets":[0,0,0,0]}],[0],0,[0],[0],[0]],[["0,9729,9729,33071,33071,0,0,1",-1],[1],0,[],[],[]],[[[1,"sl_en2300",{"rows":[["jumpsentence","1","Description","[We] [jump.]","We_jump.mp3","y","unlocked"],["jumpsentence","1","Description","[She] [runs.]","She_runs.mp3","y","unlocked"],["jumpsentence","1","Description","[He] [reads.]","He_reads.mp3","y","unlocked"],["createsentence","1","Description","Edward/eats","","I_eat.png","Edward_eats.mp3"],["createsentence","1","Description","Megan/reads","","Zariareadsmanybooks.png","Megan_reads.mp3"],["createsentence","1","Description","Omar/plays","","Omar_plays.png","Omar_plays.mp3"],["createsentence","1","Description","Pruvah/swims","","Pruvah_swims.jpg","Pruvah_swims.mp3"],["createsentence","1","Description","Massa/walks","","komalwalks.jpg","Massa_walks.mp3"],["createsentence","1","Description","Birds/fly","","Birdsfly.jpg","Birds_fly.mp3"],["quizliteracy","1","Description","sentence_sentence","Birds fly.","Birds fly.","birds fly.","biRds flY.","","choose the correct sentence","Choose_the_correct_sentence.mp3"],["quizliteracy","1","Description","soundonly_sentence","We jump.","We jump.","We run.","We swim.","","","We_jump.mp3"],["quizliteracy","1","Description","soundonly_sentence","He reads.","He eats.","He jumps.","He reads.","","","He_reads.mp3"],["quizliteracy","1","Description","image_sentence","Megan reads.","Megan sings.","Megan reads.","Megan runs.","Zariareadsmanybooks.png","","Megan_reads.mp3"],["quizliteracy","1","Description","image_sentence","Edward eats.","Edward eats.","Edward jumps.","Edward reads.","I_eat.png","","Edward_eats.mp3"]]}]],0,0,[],[],[]],[[[0,"Birds_fly",".mp3",1.07102],-1],0,0,[],[],[]],[["1,9729,9729,33071,33071,0,0,1",-1],[1],0,[],[],[]],[[[0,"Pruvah_swims.mp3",".mp3",1.593469],-1],0,0,[],[],[]],[[{"name":"Birdsfly","rect":[0,0,1631,1080],"offset":[0,0],"originalSize":[1631,1080],"capInsets":[0,0,0,0]}],[0],0,[0],[0],[1]],[[[0,"Omar_plays.mp3",".mp3",1.645714],-1],0,0,[],[],[]],[[[0,"He_reads",".mp3",1.044898],-1],0,0,[],[],[]],[["0,9729,9729,33071,33071,0,0,1",-1],[1],0,[],[],[]],[[[0,"She_runs",".mp3",1.07102],-1],0,0,[],[],[]],[[[0,"Edward_eats.mp3",".mp3",1.436735],-1],0,0,[],[],[]],[[[0,"Salma_walks",".mp3",1.608],-1],0,0,[],[],[]],[[[0,"Choose_the_correct_sentence",".mp3",1.854694],-1],0,0,[],[],[]],[["0,9729,9729,33071,33071,0,0,1",-1],[1],0,[],[],[]],[["1,9729,9729,33071,33071,0,0,1",-1],[1],0,[],[],[]],[[[0,"Rita_swims",".mp3",1.608],-1],0,0,[],[],[]],[[[0,"Massa_walks.mp3",".mp3",1.671837],-1],0,0,[],[],[]],[[{"name":"Zariareadsmanybooks","rect":[0,0,384,270],"offset":[0,0],"originalSize":[384,270],"capInsets":[0,0,0,0]}],[0],0,[0],[0],[2]],[["0,9729,9729,33071,33071,0,0,1",-1],[1],0,[],[],[]],[[{"name":"Omar_plays","rect":[146,11,652,609],"offset":[32,-5.5],"originalSize":[880,620],"capInsets":[0,0,0,0]}],[0],0,[0],[0],[3]],[[{"name":"Pruvah_swims","rect":[0,0,880,620],"offset":[0,0],"originalSize":[880,620],"capInsets":[0,0,0,0]}],[0],0,[0],[0],[4]],[[[0,"Megan_reads.mp3",".mp3",1.671837],-1],0,0,[],[],[]],[[[0,"We_jump",".mp3",0.809796],-1],0,0,[],[],[]],[[{"name":"I_eat","rect":[0,0,384,271],"offset":[0,0],"originalSize":[384,271],"capInsets":[0,0,0,0]}],[0],0,[0],[0],[5]]]]