[1,["44zgc1bp9Fi7pIKB1tyTBF","d6SPWBVbxGPa5lA3s9qmlg","7bXKrHhmhMHKyuNeuhAMFj","46/TQNl2BEKYw7ZjNUp7O6","d7VfxgfvZAOoJoEmTblH2M","e0ZViE8qVBKaUGZll9lt7J"],["_textureSetter"],["cc.SpriteFrame","cc.Texture2D",["cc.AudioClip",["_name","_native","duration"],0],["cc.JsonAsset",["_name","json"],1]],[[2,0,1,2,4],[3,0,1,3]],[[[{"name":"May","rect":[0,0,512,377],"offset":[0,0],"originalSize":[512,377],"capInsets":[0,0,0,0]}],[0],0,[0],[0],[0]],[[[0,"January",".mp3",1.410612],-1],0,0,[],[],[]],[[{"name":"January","rect":[0,0,512,377],"offset":[0,0],"originalSize":[512,377],"capInsets":[0,0,0,0]}],[0],0,[0],[0],[1]],[[[0,"February",".mp3",1.332245],-1],0,0,[],[],[]],[[[0,"June",".mp3",0.417959],-1],0,0,[],[],[]],[[[0,"November",".mp3",1.933061],-1],0,0,[],[],[]],[["0,9729,9729,33071,33071,0,0,1",-1],[1],0,[],[],[]],[["0,9729,9729,33071,33071,0,0,1",-1],[1],0,[],[],[]],[[{"name":"November","rect":[0,0,512,377],"offset":[0,0],"originalSize":[512,377],"capInsets":[0,0,0,0]}],[0],0,[0],[0],[2]],[[[0,"March",".mp3",1.332245],-1],0,0,[],[],[]],[["0,9729,9729,33071,33071,0,0,1",-1],[1],0,[],[],[]],[[[1,"sl_en3613",{"rows":[["rocket","1","Description","November","a,b,c,d,e,f,g,h,i,j,k,l,m,n,o,p,q,r,s,t,u,v,w,x,y,z","N,o,v,e,m,b,e,r","November.mp3","November.png","false","true"],["rocket","1","Description","January","a,b,c,d,e,f,g,h,i,j,k,l,m,n,o,p,q,r,s,t,u,v,w,x,y,z","J,a,n,u,a,r,y","January.mp3","January.png","false","true"],["rocket","1","Description","June","a,b,c,d,e,f,g,h,i,j,k,l,m,n,o,p,q,r,s,t,u,v,w,x,y,z","J,u,n,e","June.mp3","June.png","false","true"],["rocket","1","Description","February","a,b,c,d,e,f,g,h,i,j,k,l,m,n,o,p,q,r,s,t,u,v,w,x,y,z","F,e,b,r,u,a,r,y","February.mp3","February.png","false","true"],["rocket","1","Description","May","a,b,c,d,e,f,g,h,i,j,k,l,m,n,o,p,q,r,s,t,u,v,w,x,y,z","M,a,y","May.mp3","May.png","false","true"],["rocket","1","Description","March","a,b,c,d,e,f,g,h,i,j,k,l,m,n,o,p,q,r,s,t,u,v,w,x,y,z","M,a,r,c,h","March.mp3","March.png","false","true"],["quizliteracy","1","Description","image_word","January","November","February","January","January.png"],["quizliteracy","1","Description","word_word","ne","es","ne","in","","Ju__","June.mp3"],["quizliteracy","1","Description","soundonly_word","May","May","February","November","","","May.mp3"]]}]],0,0,[],[],[]],[[{"name":"June","rect":[0,0,512,377],"offset":[0,0],"originalSize":[512,377],"capInsets":[0,0,0,0]}],[0],0,[0],[0],[3]],[[{"name":"February","rect":[0,0,512,377],"offset":[0,0],"originalSize":[512,377],"capInsets":[0,0,0,0]}],[0],0,[0],[0],[4]],[["0,9729,9729,33071,33071,0,0,1",-1],[1],0,[],[],[]],[["0,9729,9729,33071,33071,0,0,1",-1],[1],0,[],[],[]],[[[0,"May",".mp3",1.854694],-1],0,0,[],[],[]],[["0,9729,9729,33071,33071,0,0,1",-1],[1],0,[],[],[]],[[{"name":"March","rect":[0,0,512,377],"offset":[0,0],"originalSize":[512,377],"capInsets":[0,0,0,0]}],[0],0,[0],[0],[5]]]]