[1,["9aqQ47lchFk7A3kaSVJtls","be6gjbtbRMDowId0hC/Pz+"],["_textureSetter"],["cc.SpriteFrame","cc.Texture2D",["cc.JsonAsset",["_name","json"],1],["cc.AudioClip",["_name","_native","duration"],0]],[[3,0,1,2,4],[2,0,1,3]],[[[[1,"en1500",{"rows":[["grid","1","Description","b","un,us"],["grid","1","Description","f","og,ix,un,ace"],["grid","1","Description","f,r","an,un"],["grid","1","Description","r","un,ut"],["grid","1","Description","s","ip,ad,un"],["grid","1","Description","s,b","ad,un"],["phonictractor","1","Description","5","fun","fun.mp3","f","f.mp3","u","u.mp3","n","n.mp3"],["phonictractor","1","Description","5","run","run.mp3","r","r.mp3","u","u.mp3","n","n.mp3"],["rocket","1","Description","run","a,b,c,d,e,f,g,h,i,j,k,l,m,n,o,p,q,r,s,t,u,v,w,x,y,z","r,u,n","run.mp3","run.png","true","false"],["rocket","1","Description","sun","a,b,c,d,e,f,g,h,i,j,k,l,m,n,o,p,q,r,s,t,u,v,w,x,y,z","s,u,n","sun.mp3","sun.png","false","true"],["quizliteracy","1","Description","word_word","un","ir","un","et","","f__","fun.mp3"],["quizliteracy","1","Description","word_word","un","et","in","un","","r__","run.mp3"],["quizliteracy","1","Description","word_word","un","un","am","sn","","s__","sun.mp3"]]}]],0,0,[],[],[]],[[[0,"u",".mp3",0.936],-1],0,0,[],[],[]],[[[0,"sun",".mp3",1.056],-1],0,0,[],[],[]],[[{"name":"run","rect":[0,0,322,382],"offset":[0,0],"originalSize":[322,382],"capInsets":[0,0,0,0]}],[0],0,[0],[0],[0]],[[[0,"f",".mp3",0.84],-1],0,0,[],[],[]],[[[0,"n",".mp3",0.84],-1],0,0,[],[],[]],[[[0,"fun",".mp3",1.008],-1],0,0,[],[],[]],[["0,9729,9729,33071,33071,0,0,1",-1],[1],0,[],[],[]],[[[0,"run",".mp3",0.936],-1],0,0,[],[],[]],[[{"name":"sun","rect":[0,0,322,382],"offset":[0,0],"originalSize":[322,382],"capInsets":[0,0,0,0]}],[0],0,[0],[0],[1]],[["0,9729,9729,33071,33071,0,0,1",-1],[1],0,[],[],[]],[[[0,"r",".mp3",0.84],-1],0,0,[],[],[]]]]