[1,["d19zSK8ZVMUIiFpIZCGI5a","9eCKkI7NxGg608225Jo/Nd","c2DhwyyeNA7ZyZEOP7Krpe"],["_textureSetter"],["cc.SpriteFrame","cc.Texture2D",["cc.AudioClip",["_name","_native","duration"],0],["cc.JsonAsset",["_name","json"],1]],[[2,0,1,2,4],[3,0,1,3]],[[[[0,"ओ",".mp3",0.28725],-1],0,0,[],[],[]],[[[0,"ओखली",".mp3",0.757551],-1],0,0,[],[],[]],[[{"name":"ओकरा","rect":[0,0,400,333],"offset":[0,0],"originalSize":[400,333],"capInsets":[0,0,0,0]}],[0],0,[0],[0],[0]],[[[0,"ओस",".mp3",0.653061],-1],0,0,[],[],[]],[[[1,"hi0009",{"rows":[["balloonpop","1","Description","2","ओ","5","ओ","ओ.mp3"],["phonictractor","1","Description","5","ओ","ओ.mp3","ओ","ओ.mp3"],["writeletter","1","Description","ओ","ओस"],["writecard","1","Description","ओ","ओस","ओस.png","ओस.mp3","ओखली","ओखली.png","ओखली.mp3","ओकरा","ओकरा.png","ओकरा.mp3"],["quizliteracy","1","Description","soundonly_word","ओ","इ","ओ","ऋ","","","ओ.mp3"],["quizliteracy","1","Description","word_word","ओ","ओ","ऐ","ऊ","","ओ"],["quizliteracy","1","Description","soundonly_word","ओ","ऋ","इ","ओ","","","ओ.mp3"]]}]],0,0,[],[],[]],[["0,9729,9729,33071,33071,0,0,1",-1],[1],0,[],[],[]],[[{"name":"ओखली","rect":[0,0,400,333],"offset":[0,0],"originalSize":[400,333],"capInsets":[0,0,0,0]}],[0],0,[0],[0],[1]],[[{"name":"ओस","rect":[0,0,400,333],"offset":[0,0],"originalSize":[400,333],"capInsets":[0,0,0,0]}],[0],0,[0],[0],[2]],[["0,9729,9729,33071,33071,0,0,1",-1],[1],0,[],[],[]],[["0,9729,9729,33071,33071,0,0,1",-1],[1],0,[],[],[]],[[[0,"ओकरा",".mp3",0.783673],-1],0,0,[],[],[]]]]