[1,["c1HH362vZBhrX8YgsrItCp","6dpC2ZLmxOgKjjjr92gnSZ","c5auvVLS5Esq6HajVybPO8","e3TGcd13pMaZy6/jkT3R2e","6fvw/6mT1GtrYYoht094L5","26NTI6a8FM4pAlh8NwzlH1","5dPkWMbxNHjKFmUrWGK1af","9d+bpo1uhLB7DhcYYaXykd","7aG/EQubBNVKYuDqVG8SaM","94uJgJcL5BqLB1zbJxMoz8","514BhLzo1Kr60d4vR6IeCi","9eu1XyxglAIKabxSIXBeH+","bbjvnA92dMIrr5lw6Hh3o/","b37m6oEfdJtrMGCuPkt0W1","cayfwog+JILbe5S35YUwtA","a3OyMk55tEX5+E6cHKALXE","baBzGuFQZEj6EQ7Ud2yrYB","d2QmzHVylO/6rCGmKdghmF","9dRhdScwJHO6rCC6+VeeCc","b3NPiUUYlGWLDs11xlMXA6","d91JeRnTJDE6QRq0FWPBQL","b0dSnWMCdANJ8/SJZ8YQQY","172qXEXnZA54OyWzW0G9EL","a62LwbRY9K8YBKXJOIu/UM","12dk7LA95LAoVB+8uM8Sdi","037NqmssZH8qMX7KVfoagQ","e1vhZzzLJCioHeiveqY/TC"],["_textureSetter"],["cc.SpriteFrame","cc.Texture2D",["cc.AudioClip",["_name","_native","duration"],0],["cc.JsonAsset",["_name","json"],1]],[[2,0,1,2,4],[3,0,1,3]],[[[{"name":"l4_2lemons1tomato","rect":[0,0,868,689],"offset":[0,0],"originalSize":[868,689],"capInsets":[0,0,0,0]}],[0],0,[0],[0],[0]],[[[0,"पांच_गेंद।",".mp3",0.992653],-1],0,0,[],[],[]],[["0,9729,9729,33071,33071,0,0,1",-1],[1],0,[],[],[]],[[[0,"दो_बाल्टियाँ।",".mp3",1.17551],-1],0,0,[],[],[]],[[{"name":"l3_1boy","rect":[0,0,868,689],"offset":[0,0],"originalSize":[868,689],"capInsets":[0,0,0,0]}],[0],0,[0],[0],[1]],[[[0,"दो_चम्मच_और_एक_कांटा।",".mp3",2.089796],-1],0,0,[],[],[]],[["0,9729,9729,33071,33071,0,0,1",-1],[1],0,[],[],[]],[[[0,"दो_नींबू_और_एक_टमाटर।",".mp3",2.377143],-1],0,0,[],[],[]],[[[0,"एक_लडका।",".mp3",1.123265],-1],0,0,[],[],[]],[["0,9729,9729,33071,33071,0,0,1",-1],[1],0,[],[],[]],[[[0,"चार_चींटियाँ।",".mp3",1.306122],-1],0,0,[],[],[]],[[[0,"चार_बाल्टियाँ।",".mp3",3.056327],-1],0,0,[],[],[]],[[[0,"तीन_बाल्टियाँ।",".mp3",3.056327],-1],0,0,[],[],[]],[["0,9729,9729,33071,33071,0,0,1",-1],[1],0,[],[],[]],[[{"name":"l4_2spoons2forks","rect":[0,0,868,689],"offset":[0,0],"originalSize":[868,689],"capInsets":[0,0,0,0]}],[0],0,[0],[0],[2]],[[{"name":"l3_4balls","rect":[0,0,868,689],"offset":[0,0],"originalSize":[868,689],"capInsets":[0,0,0,0]}],[0],0,[0],[0],[3]],[[{"name":"l4_1boy2chairs","rect":[0,0,868,689],"offset":[0,0],"originalSize":[868,689],"capInsets":[0,0,0,0]}],[0],0,[0],[0],[4]],[[{"name":"l3_2pails","rect":[0,0,868,689],"offset":[0,0],"originalSize":[868,689],"capInsets":[0,0,0,0]}],[0],0,[0],[0],[5]],[[[0,"तीन_वर्ग_और_एक_वृत्त_।",".mp3",1.959184],-1],0,0,[],[],[]],[[[0,"तीन_वृत्त_और_एक_वर्ग।",".mp3",2.142041],-1],0,0,[],[],[]],[[{"name":"l3_2ants","rect":[0,0,868,689],"offset":[0,0],"originalSize":[868,689],"capInsets":[0,0,0,0]}],[0],0,[0],[0],[6]],[[[0,"एक_लडका_और_दो_कुर्सियाँ।",".mp3",2.429388],-1],0,0,[],[],[]],[[{"name":"l3_5ants","rect":[0,0,868,689],"offset":[0,0],"originalSize":[868,689],"capInsets":[0,0,0,0]}],[0],0,[0],[0],[7]],[[[1,"hi1508",{"rows":[["picturemeaning","1","Description","P","दो बाल्टियाँ","l3_2pails.png","दो_बाल्टियाँ।.mp3","चार बाल्टियाँ","l3_4pails.png","चार_बाल्टियाँ।.mp3","तीन बाल्टियाँ","l3_3pails.png","तीन_बाल्टियाँ।.mp3"],["picturemeaning","1","Description","S","एक लड़का","l3_1boy.png","एक_लडका।.mp3","दो लड़के","l3_2boys.png","दो_लडके।.mp3","एक लड़की","l3_1girl.png","एक_लडकी।.mp3"],["picturemeaning","1","Description","S","चार गेंद","l3_4balls.png","चार_गेंद।.mp3","तीन गेंदें","l3_3balls.png","तीन_गेंदें।.mp3","पांच गेंद","l3_5balls.png","पांच_गेंद।.mp3"],["picturemeaning","1","Description","S","पाँच चींटियाँ","l3_5ants.png","पाँच_चींटियाँ।.mp3","दो चींटियाँ","l3_2ants.png","दो_चींटियाँ।.mp3","चार चींटियाँ","l3_4ants.png","चार_चींटियाँ।.mp3"],["picturemeaning","1","Description","S","एक कुत्ता और एक बिल्ली","l4_dogcat.png","एक_कुत्ता_और_एक_बिल्ली।.mp3","एक कुत्ता और एक पक्षी","l4_dogbird.png","एक_कुत्ता_और_एक_पक्षी।.mp3","एक बिल्ली और एक पक्षी","l4_catbird.png","एक_बिल्ली_और_एक_पक्षी।.mp3"],["picturemeaning","1","Description","S","दो नींबू और एक टमाटर","l4_2lemons1tomato.png","दो_नींबू_और_एक_टमाटर।.mp3","एक नींबू और दो टमाटर","l4_1lime2tomatos.png","एक_नींबू_और_दो_टमाटर।.mp3","दो नींबू और दो टमाटर","l4_2lemons2tomatos.png","दो_नींबू_और_दो_टमाटर।.mp3"],["picturemeaning","1","Description","P","तीन वृत्त और एक वर्ग","l4_3circles1square.png","तीन_वृत्त_और_एक_वर्ग।.mp3","दो वृत्त और दो वर्ग","l4_2circles2squares.png","दो_वृत्त_और_दो_वर्ग।.mp3","तीन वर्ग और एक वृत्त","l4_1circle3squares.png","तीन_वर्ग_और_एक_वृत्त_।.mp3"],["picturemeaning","1","Description","P","एक लड़का और दो कुर्सियाँ","l4_1boy2chairs.png","एक_लडका_और_दो_कुर्सियाँ।.mp3","एक लड़का और एक कुर्सी","l4_1boy1chair.png","एक_लडका_और_एक_कुर्सी।.mp3","दो लड़के और एक कुर्सी","l4_2boys1chair.png","दो_लडके_और_एक_कुर्सी।.mp3"],["picturemeaning","1","Description","P","एक चम्मच और दो कांटे","l4_1spoon2forks.png","एक_चम्मच_और_दो_कांटे।.mp3","दो चम्मच और दो कांटे","l4_2spoons2forks.png","दो_चम्मच_और_दो_कांटे।.mp3","दो चम्मच और एक कांटा","l4_2spoons1fork.png","दो_चम्मच_और_एक_कांटा।.mp3"],["quizliteracy","1","Description","soundonly_word","चार बाल्टियाँ","तीन वृत्त और एक वर्ग","चार बाल्टियाँ","दो चम्मच और दो कांटे","","","चार_बाल्टियाँ।.mp3"],["quizliteracy","1","Description","soundonly_word","तीन वृत्त और एक वर्ग","दो चम्मच और दो कांटे","चार बाल्टियाँ","तीन वृत्त और एक वर्ग","","","तीन_वृत्त_और_एक_वर्ग।.mp3"],["quizliteracy","1","Description","soundonly_word","दो चम्मच और दो कांटे","तीन वृत्त और एक वर्ग","दो चम्मच और दो कांटे","चार बाल्टियाँ","","","दो_चम्मच_और_दो_कांटे।.mp3"]]}]],0,0,[],[],[]],[[[0,"एक_चम्मच_और_दो_कांटे।",".mp3",2.220408],-1],0,0,[],[],[]],[[[0,"एक_नींबू_और_दो_टमाटर।",".mp3",2.507755],-1],0,0,[],[],[]],[[{"name":"l3_4pails","rect":[0,0,868,689],"offset":[0,0],"originalSize":[868,689],"capInsets":[0,0,0,0]}],[0],0,[0],[0],[8]],[["0,9729,9729,33071,33071,0,0,1",-1],[1],0,[],[],[]],[[{"name":"l3_2boys","rect":[0,0,868,689],"offset":[0,0],"originalSize":[868,689],"capInsets":[0,0,0,0]}],[0],0,[0],[0],[9]],[[{"name":"l4_1boy1chair","rect":[0,0,868,689],"offset":[0,0],"originalSize":[868,689],"capInsets":[0,0,0,0]}],[0],0,[0],[0],[10]],[["0,9729,9729,33071,33071,0,0,1",-1],[1],0,[],[],[]],[[{"name":"l4_1circle3squares","rect":[0,0,868,689],"offset":[0,0],"originalSize":[868,689],"capInsets":[0,0,0,0]}],[0],0,[0],[0],[11]],[[{"name":"l4_3circles1square","rect":[0,0,868,689],"offset":[0,0],"originalSize":[868,689],"capInsets":[0,0,0,0]}],[0],0,[0],[0],[12]],[["0,9729,9729,33071,33071,0,0,1",-1],[1],0,[],[],[]],[["0,9729,9729,33071,33071,0,0,1",-1],[1],0,[],[],[]],[[{"name":"l4_2boys1chair","rect":[0,0,868,689],"offset":[0,0],"originalSize":[868,689],"capInsets":[0,0,0,0]}],[0],0,[0],[0],[13]],[[[0,"दो_नींबू_और_दो_टमाटर।",".mp3",2.377143],-1],0,0,[],[],[]],[[[0,"एक_कुत्ता_और_एक_बिल्ली।",".mp3",2.429388],-1],0,0,[],[],[]],[["0,9729,9729,33071,33071,0,0,1",-1],[1],0,[],[],[]],[[[0,"दो_लडके।",".mp3",1.018776],-1],0,0,[],[],[]],[[[0,"एक_कुत्ता_और_एक_पक्षी।",".mp3",2.377143],-1],0,0,[],[],[]],[[[0,"पाँच_चींटियाँ।",".mp3",1.227755],-1],0,0,[],[],[]],[[[0,"तीन_गेंदें।",".mp3",1.07102],-1],0,0,[],[],[]],[[[0,"एक_लडका_और_एक_कुर्सी।",".mp3",2.429388],-1],0,0,[],[],[]],[[[0,"दो_चम्मच_और_दो_कांटे।",".mp3",2.168163],-1],0,0,[],[],[]],[[[0,"दो_चींटियाँ।",".mp3",1.07102],-1],0,0,[],[],[]],[[{"name":"l4_1lime2tomatos","rect":[0,0,868,689],"offset":[0,0],"originalSize":[868,689],"capInsets":[0,0,0,0]}],[0],0,[0],[0],[14]],[["0,9729,9729,33071,33071,0,0,1",-1],[1],0,[],[],[]],[["0,9729,9729,33071,33071,0,0,1",-1],[1],0,[],[],[]],[["0,9729,9729,33071,33071,0,0,1",-1],[1],0,[],[],[]],[["0,9729,9729,33071,33071,0,0,1",-1],[1],0,[],[],[]],[["0,9729,9729,33071,33071,0,0,1",-1],[1],0,[],[],[]],[[[0,"एक_बिल्ली_और_एक_पक्षी।",".mp3",2.220408],-1],0,0,[],[],[]],[[{"name":"l3_1girl","rect":[0,0,868,689],"offset":[0,0],"originalSize":[868,689],"capInsets":[0,0,0,0]}],[0],0,[0],[0],[15]],[["0,9729,9729,33071,33071,0,0,1",-1],[1],0,[],[],[]],[["0,9729,9729,33071,33071,0,0,1",-1],[1],0,[],[],[]],[[{"name":"l3_5balls","rect":[0,0,868,689],"offset":[0,0],"originalSize":[868,689],"capInsets":[0,0,0,0]}],[0],0,[0],[0],[16]],[["0,9729,9729,33071,33071,0,0,1",-1],[1],0,[],[],[]],[[{"name":"l4_dogbird","rect":[0,0,868,689],"offset":[0,0],"originalSize":[868,689],"capInsets":[0,0,0,0]}],[0],0,[0],[0],[17]],[["0,9729,9729,33071,33071,0,0,1",-1],[1],0,[],[],[]],[["0,9729,9729,33071,33071,0,0,1",-1],[1],0,[],[],[]],[["0,9729,9729,33071,33071,0,0,1",-1],[1],0,[],[],[]],[[[0,"दो_लडके_और_एक_कुर्सी।",".mp3",2.298776],-1],0,0,[],[],[]],[["0,9729,9729,33071,33071,0,0,1",-1],[1],0,[],[],[]],[[[0,"चार_गेंद।",".mp3",1.07102],-1],0,0,[],[],[]],[[{"name":"l4_2circles2squares","rect":[0,0,868,689],"offset":[0,0],"originalSize":[868,689],"capInsets":[0,0,0,0]}],[0],0,[0],[0],[18]],[[{"name":"l3_4ants","rect":[0,0,868,689],"offset":[0,0],"originalSize":[868,689],"capInsets":[0,0,0,0]}],[0],0,[0],[0],[19]],[["0,9729,9729,33071,33071,0,0,1",-1],[1],0,[],[],[]],[[[0,"एक_लडकी।",".mp3",1.227755],-1],0,0,[],[],[]],[[{"name":"l4_1spoon2forks","rect":[0,0,868,689],"offset":[0,0],"originalSize":[868,689],"capInsets":[0,0,0,0]}],[0],0,[0],[0],[20]],[["0,9729,9729,33071,33071,0,0,1",-1],[1],0,[],[],[]],[[[0,"दो_वृत्त_और_दो_वर्ग।",".mp3",1.959184],-1],0,0,[],[],[]],[["0,9729,9729,33071,33071,0,0,1",-1],[1],0,[],[],[]],[[{"name":"l3_3pails","rect":[0,0,868,689],"offset":[0,0],"originalSize":[868,689],"capInsets":[0,0,0,0]}],[0],0,[0],[0],[21]],[["0,9729,9729,33071,33071,0,0,1",-1],[1],0,[],[],[]],[["0,9729,9729,33071,33071,0,0,1",-1],[1],0,[],[],[]],[["0,9729,9729,33071,33071,0,0,1",-1],[1],0,[],[],[]],[[{"name":"l4_2lemons2tomatos","rect":[0,0,868,689],"offset":[0,0],"originalSize":[868,689],"capInsets":[0,0,0,0]}],[0],0,[0],[0],[22]],[[{"name":"l4_2spoons1fork","rect":[0,0,868,689],"offset":[0,0],"originalSize":[868,689],"capInsets":[0,0,0,0]}],[0],0,[0],[0],[23]],[[{"name":"l4_catbird","rect":[0,0,868,689],"offset":[0,0],"originalSize":[868,689],"capInsets":[0,0,0,0]}],[0],0,[0],[0],[24]],[[{"name":"l3_3balls","rect":[0,0,868,689],"offset":[0,0],"originalSize":[868,689],"capInsets":[0,0,0,0]}],[0],0,[0],[0],[25]],[[{"name":"l4_dogcat","rect":[0,0,878,689],"offset":[0,0],"originalSize":[878,689],"capInsets":[0,0,0,0]}],[0],0,[0],[0],[26]]]]