[1,["de7rXQqgZJ5LLQrPP/zMEg","b3CE8On0dAdLtDIgSzexmb","428uSwGdlDQ4/96apuEkqK","246iE0qJ9BSLh9AlqVdcui","ec3WMi3s5C+JNDu1qhMg5t","41pDkHCvNHTphwIFu+xDsO","9a+hZoGaVOYqcJmnint3sa","84vjT+mfJPwr+z8QfuaPCf","97fp5Hid5Ad4kFvA16w5T2","d6OOfqRUhMSosEnmWceady","e5KIT+wtRLKa9b+upIomxp","65bwmMv15IMp50al4acdyR","05q9nRswpFRbrwS9nhAk1i","6a1SXkEZBI7bp1K94Z44z8","67h15T85RDTKX5Tgghv3bT","bczmE4K4lFZ57rs8xucY+H","01R5f6iz1P0pYEv5RtGBzd","4e6gURjDNNy6dNeDAUj0pr","f93c0y6MRHnrDKlsTdfGA5","eaNq6ahYJMkaR/Dc/Tg44v","47d4XFQVNA/5qUOidATgoW","09qKjRMQxKhp6s60GfWBgt","cep7VuJTJOg4YuOO1+PqrP","9auGnM+IJFjb4soztYSTLE","7cq3oTxiRFs5OXS/fys0+N"],["_textureSetter"],["cc.Texture2D","cc.SpriteFrame",["cc.AudioClip",["_name","_native","duration"],0],["cc.JsonAsset",["_name","json"],1]],[[2,0,1,2,4],[3,0,1,3]],[[["0,9729,9729,33071,33071,0,0,1",-1],[0],0,[],[],[]],[[[0,"An_orange_shirt",".mp3",1.896],-1],0,0,[],[],[]],[["0,9729,9729,33071,33071,0,0,1",-1],[0],0,[],[],[]],[["0,9729,9729,33071,33071,0,0,1",-1],[0],0,[],[],[]],[[{"name":"l2_brownbear","rect":[0,0,868,689],"offset":[0,0],"originalSize":[868,689],"capInsets":[0,0,0,0]}],[1],0,[0],[0],[0]],[[[0,"An_orange_hat",".mp3",1.848],-1],0,0,[],[],[]],[[{"name":"l1_bird","rect":[0,0,868,689],"offset":[0,0],"originalSize":[868,689],"capInsets":[0,0,0,0]}],[1],0,[0],[0],[1]],[[{"name":"yellow","rect":[0,0,615,588],"offset":[0,0],"originalSize":[615,588],"capInsets":[0,0,0,0]}],[1],0,[0],[0],[2]],[[{"name":"l1_orangehat","rect":[0,0,868,689],"offset":[0,0],"originalSize":[868,689],"capInsets":[0,0,0,0]}],[1],0,[0],[0],[3]],[[[0,"The_girl_has_green_mangoes",".mp3",3.024],-1],0,0,[],[],[]],[[{"name":"l2_yellowball","rect":[0,0,868,689],"offset":[0,0],"originalSize":[868,689],"capInsets":[0,0,0,0]}],[1],0,[0],[0],[4]],[["0,9729,9729,33071,33071,0,0,1",-1],[0],0,[],[],[]],[[[0,"Blue_balloons",".mp3",1.728],-1],0,0,[],[],[]],[[{"name":"l3_purplesquare","rect":[0,0,868,689],"offset":[0,0],"originalSize":[868,689],"capInsets":[0,0,0,0]}],[1],0,[0],[0],[5]],[[[0,"A_green_star",".mp3",1.704],-1],0,0,[],[],[]],[[[0,"A_green_book",".mp3",1.584],-1],0,0,[],[],[]],[[[0,"A_red_ball",".mp3",1.536],-1],0,0,[],[],[]],[[{"name":"l2_pinkballoons","rect":[0,0,868,689],"offset":[0,0],"originalSize":[868,689],"capInsets":[0,0,0,0]}],[1],0,[0],[0],[6]],[[{"name":"l2_blackbook","rect":[0,0,868,689],"offset":[0,0],"originalSize":[868,689],"capInsets":[0,0,0,0]}],[1],0,[0],[0],[7]],[[[0,"A_blue_ball",".mp3",1.512],-1],0,0,[],[],[]],[[[0,"A_yellow_shoe",".mp3",1.608],-1],0,0,[],[],[]],[[[0,"A_white_bear",".mp3",1.608],-1],0,0,[],[],[]],[["0,9729,9729,33071,33071,0,0,1",-1],[0],0,[],[],[]],[["0,9729,9729,33071,33071,0,0,1",-1],[0],0,[],[],[]],[[{"name":"l2_whitebear","rect":[0,0,868,689],"offset":[0,0],"originalSize":[868,689],"capInsets":[0,0,0,0]}],[1],0,[0],[0],[8]],[["0,9729,9729,33071,33071,0,0,1",-1],[0],0,[],[],[]],[[{"name":"l2_blueballoons","rect":[0,0,868,689],"offset":[0,0],"originalSize":[868,689],"capInsets":[0,0,0,0]}],[1],0,[0],[0],[9]],[[[0,"A_pink_book",".mp3",1.416],-1],0,0,[],[],[]],[[{"name":"l2_redball","rect":[0,0,868,689],"offset":[0,0],"originalSize":[868,689],"capInsets":[0,0,0,0]}],[1],0,[0],[0],[10]],[["0,9729,9729,33071,33071,0,0,1",-1],[0],0,[],[],[]],[[[0,"A_yellow_ball",".mp3",1.584],-1],0,0,[],[],[]],[[{"name":"l11_girlhasgreenbananas","rect":[0,0,868,689],"offset":[0,0],"originalSize":[868,689],"capInsets":[0,0,0,0]}],[1],0,[0],[0],[11]],[[[0,"A_purple_square",".mp3",1.776],-1],0,0,[],[],[]],[[[0,"Yellow_balloons",".mp3",1.752],-1],0,0,[],[],[]],[[{"name":"l1_mango","rect":[0,0,868,689],"offset":[0,0],"originalSize":[868,689],"capInsets":[0,0,0,0]}],[1],0,[0],[0],[12]],[["0,9729,9729,33071,33071,0,0,1",-1],[0],0,[],[],[]],[["0,9729,9729,33071,33071,0,0,1",-1],[0],0,[],[],[]],[["0,9729,9729,33071,33071,0,0,1",-1],[0],0,[],[],[]],[[[0,"A_black_bear",".mp3",1.656],-1],0,0,[],[],[]],[[{"name":"l2_greenstar","rect":[0,0,868,689],"offset":[0,0],"originalSize":[868,689],"capInsets":[0,0,0,0]}],[1],0,[0],[0],[13]],[["0,9729,9729,33071,33071,0,0,1",-1],[0],0,[],[],[]],[["0,9729,9729,33071,33071,0,0,1",-1],[0],0,[],[],[]],[[{"name":"l2_greenbook","rect":[0,0,868,689],"offset":[0,0],"originalSize":[868,689],"capInsets":[0,0,0,0]}],[1],0,[0],[0],[14]],[["0,9729,9729,33071,33071,0,0,1",-1],[0],0,[],[],[]],[[[0,"A_yellow_bird",".mp3",1.656],-1],0,0,[],[],[]],[["0,9729,9729,33071,33071,0,0,1",-1],[0],0,[],[],[]],[["0,9729,9729,33071,33071,0,0,1",-1],[0],0,[],[],[]],[[{"name":"l2_blueball","rect":[0,0,868,689],"offset":[0,0],"originalSize":[868,689],"capInsets":[0,0,0,0]}],[1],0,[0],[0],[15]],[[{"name":"l11_girlshavegreenbananas","rect":[0,0,868,689],"offset":[0,0],"originalSize":[868,689],"capInsets":[0,0,0,0]}],[1],0,[0],[0],[16]],[["0,9729,9729,33071,33071,0,0,1",-1],[0],0,[],[],[]],[[{"name":"l1_orangeshirt","rect":[0,0,868,689],"offset":[0,0],"originalSize":[868,689],"capInsets":[0,0,0,0]}],[1],0,[0],[0],[17]],[["0,9729,9729,33071,33071,0,0,1",-1],[0],0,[],[],[]],[[{"name":"l11_girlhasgreenmangoes","rect":[0,0,868,689],"offset":[0,0],"originalSize":[868,689],"capInsets":[0,0,0,0]}],[1],0,[0],[0],[18]],[[[0,"A_purple_circle",".mp3",1.848],-1],0,0,[],[],[]],[[{"name":"l1_shoe","rect":[0,0,868,689],"offset":[0,0],"originalSize":[868,689],"capInsets":[0,0,0,0]}],[1],0,[0],[0],[19]],[[[0,"green",".mp3",1.104],-1],0,0,[],[],[]],[[[0,"Pink_balloons",".mp3",1.608],-1],0,0,[],[],[]],[["0,9729,9729,33071,33071,0,0,1",-1],[0],0,[],[],[]],[["0,9729,9729,33071,33071,0,0,1",-1],[0],0,[],[],[]],[[[0,"The_girl_has_green_bananas",".mp3",3.096],-1],0,0,[],[],[]],[[{"name":"l2_blackbear","rect":[0,0,868,689],"offset":[0,0],"originalSize":[868,689],"capInsets":[0,0,0,0]}],[1],0,[0],[0],[20]],[["0,9729,9729,33071,33071,0,0,1",-1],[0],0,[],[],[]],[[[0,"A_yellow_mango",".mp3",1.776],-1],0,0,[],[],[]],[[{"name":"l2_yellowballoons","rect":[0,0,868,689],"offset":[0,0],"originalSize":[868,689],"capInsets":[0,0,0,0]}],[1],0,[0],[0],[21]],[[{"name":"l2_purplecircle","rect":[0,0,868,689],"offset":[0,0],"originalSize":[868,689],"capInsets":[0,0,0,0]}],[1],0,[0],[0],[22]],[["0,9729,9729,33071,33071,0,0,1",-1],[0],0,[],[],[]],[[[1,"en2002",{"rows":[["picturemeaning","1","Description","P","An orange hat.","l1_orangehat.png","An_orange_hat.mp3","An orange shirt.","l1_orangeshirt.png","An_orange_shirt.mp3","An orange dress.","l1_orangedress.png","An_orange_dress.mp3"],["picturemeaning","1","Description","S","A red ball.","l2_redball.png","A_red_ball.mp3","A blue ball.","l2_blueball.png","A_blue_ball.mp3","A yellow ball.","l2_yellowball.png","A_yellow_ball.mp3"],["picturemeaning","1","Description","S","A green book.","l2_greenbook.png","A_green_book.mp3","A pink book.","l2_pinkbook.png","A_pink_book.mp3","A black book.","l2_blackbook.png","A_black_book.mp3"],["picturemeaning","1","Description","P","A brown bear.","l2_brownbear.png","A_brown_bear.mp3","A black bear.","l2_blackbear.png","A_black_bear.mp3","A white bear.","l2_whitebear.png","A_white_bear.mp3"],["picturemeaning","1","Description","P","A purple circle.","l2_purplecircle.png","A_purple_circle.mp3","A green star.","l2_greenstar.png","A_green_star.mp3","A purple square.","l3_purplesquare.png","A_purple_square.mp3"],["picturemeaning","1","Description","P","Pink balloons.","l2_pinkballoons.png","Pink_balloons.mp3","Blue balloons.","l2_blueballoons.png","Blue_balloons.mp3","Yellow balloons.","l2_yellowballoons.png","Yellow_balloons.mp3"],["picturemeaning","1","Description","S","A yellow mango.","l1_mango.png","A_yellow_mango.mp3","A yellow bird.","l1_bird.png","A_yellow_bird.mp3","A yellow shoe.","l1_shoe.png","A_yellow_shoe.mp3"],["picturemeaning","1","Description","P","The girl has green bananas.","l11_girlhasgreenbananas.png","The_girl_has_green_bananas.mp3","The girl has green mangoes.","l11_girlhasgreenmangoes.png","The_girl_has_green_mangoes.mp3","The girls have green bananas.","l11_girlshavegreenbananas.png","The_girls_have_green_bananas.mp3"],["quizliteracy","1","Description","image_sentence","An orange hat.","An orange shirt.","An orange hat.","An orange orange.","l1_orangehat.png","","An_orange_hat.mp3"],["quizliteracy","1","Description","image_sentence","A red ball.","A red ball.","An orange hat.","A yellow ball.","l2_redball.png","","A_red_ball.mp3"],["quizliteracy","1","Description","soundonly_word","green","red","green","brown","","","green.mp3"],["quizliteracy","1","Description","image_word","yellow","white","black","yellow","yellow.png"],["quizliteracy","1","Description","image_sentence","A brown bear.","A brown bear.","A black boot.","A black dog.","l2_brownbear.png","","A_brown_bear.mp3"]]}]],0,0,[],[],[]],[["0,9729,9729,33071,33071,0,0,1",-1],[0],0,[],[],[]],[[[0,"An_orange_dress",".mp3",2.04],-1],0,0,[],[],[]],[["0,9729,9729,33071,33071,0,0,1",-1],[0],0,[],[],[]],[[[0,"A_black_book",".mp3",1.584],-1],0,0,[],[],[]],[[[0,"The_girls_have_green_bananas",".mp3",3.192],-1],0,0,[],[],[]],[[{"name":"l2_pinkbook","rect":[0,0,868,689],"offset":[0,0],"originalSize":[868,689],"capInsets":[0,0,0,0]}],[1],0,[0],[0],[23]],[[[0,"A_brown_bear",".mp3",1.68],-1],0,0,[],[],[]],[["0,9729,9729,33071,33071,0,0,1",-1],[0],0,[],[],[]],[[{"name":"l1_orangedress","rect":[0,0,868,689],"offset":[0,0],"originalSize":[868,689],"capInsets":[0,0,0,0]}],[1],0,[0],[0],[24]]]]