[1,["00EahZavxPUKbybPM6rEhY","51OH2wrtVDbJp6KPzD5cDR","8ezOYg+h5BQ4R2P6a1b7Wb","44E23aAKJHhbX3x3EDBxP7","9aiPHYrwhEwoe2bxB6ZhBA","3bqDzpZHBDHL7o50XXwLL1"],["_textureSetter"],["cc.Texture2D","cc.SpriteFrame",["cc.AudioClip",["_name","_native","duration"],0],["cc.JsonAsset",["_name","json"],1]],[[2,0,1,2,4],[3,0,1,3]],[[["1,9729,9729,33071,33071,0,0,1",-1],[0],0,[],[],[]],[[[0,"swing",".mp3",0.809796],-1],0,0,[],[],[]],[[[0,"field",".mp3",0.809796],-1],0,0,[],[],[]],[[[0,"slope",".mp3",0.705306],-1],0,0,[],[],[]],[[[0,"playground",".mp3",0.966531],-1],0,0,[],[],[]],[[{"name":"image_8_4","rect":[0,0,845,695],"offset":[0,0],"originalSize":[845,695],"capInsets":[0,0,0,0]}],[1],0,[0],[0],[0]],[[[0,"marbles",".mp3",0.966531],-1],0,0,[],[],[]],[[[0,"seesaw",".mp3",0.888163],-1],0,0,[],[],[]],[[[1,"sl_en1813",{"rows":[["tag","1","Description","image_10_4.jpg","football","294.-489","football.mp3","goal","918.-1249","goal.mp3","goalkeeper","1280.-1011","goalkeeper.mp3","kicker","530.-933","kicker.mp3","field","1101.-661","field.mp3"],["tag","1","Description","image_21_4.jpg","toys","280.-1520","toys.mp3","robot","583.-529","robot.mp3","vehicles","383.-997","vehicles.mp3","marbles","1249.-1302","marbles.mp3","blocks","1256.-603","blocks.mp3"],["tag","1","Description","image_23_1.jpg","playground","280.-1520","playground.mp3","slide","1096.-968","slide.mp3","swing","1311.-518","swing.mp3","seesaw","307.-513","seesaw.mp3"],["tag","1","Description","image_24_2.jpg","slide","280.-1520","slide.mp3","ladder","1325.-620","ladder.mp3","slope","335.-896","slope.mp3","up","955.-1073","up.mp3","down","223.-494","down.mp3"],["tag","1","Description","image_8_4.jpg","balls","417.-1501","balls.mp3","soccer ball","322.-929","soccerball.mp3","basketball","1123.-1265","basketball.mp3","baseball","1249.-581","baseball.mp3","tennis ball","321.-508","tennis_ball.mp3"],["quizliteracy","1","Description","image_word","football","playground","slide","football","football.png"],["quizliteracy","1","Description","soundonly_word","slide","goal","balls","slide","","","slide.mp3"],["quizliteracy","1","Description","soundonly_word","balls","balls","swing","goal","","","balls.mp3"],["quizliteracy","1","Description","soundonly_word","goal","swing","goal","ladder","","","goal.mp3"],["quizliteracy","1","Description","soundonly_word","swing","goal","bake","swing","","","swing.mp3"]]}]],0,0,[],[],[]],[["1,9729,9729,33071,33071,0,0,1",-1],[0],0,[],[],[]],[[[0,"soccerball",".mp3",0.888163],-1],0,0,[],[],[]],[["1,9729,9729,33071,33071,0,0,1",-1],[0],0,[],[],[]],[[[0,"tennis_ball",".mp3",0.914286],-1],0,0,[],[],[]],[["1,9729,9729,33071,33071,0,0,1",-1],[0],0,[],[],[]],[[{"name":"image_21_4","rect":[0,0,845,695],"offset":[0,0],"originalSize":[845,695],"capInsets":[0,0,0,0]}],[1],0,[0],[0],[1]],[[[0,"blocks",".mp3",0.731429],-1],0,0,[],[],[]],[[{"name":"image_24_2","rect":[0,0,845,695],"offset":[0,0],"originalSize":[845,695],"capInsets":[0,0,0,0]}],[1],0,[0],[0],[2]],[[[0,"kicker",".mp3",0.626939],-1],0,0,[],[],[]],[[[0,"football",".mp3",0.757551],-1],0,0,[],[],[]],[[[0,"baseball",".mp3",0.757551],-1],0,0,[],[],[]],[["1,9729,9729,33071,33071,0,0,1",-1],[0],0,[],[],[]],[[[0,"down",".mp3",0.653061],-1],0,0,[],[],[]],[["0,9729,9729,33071,33071,0,0,1",-1],[0],0,[],[],[]],[[[0,"vehicles",".mp3",0.966531],-1],0,0,[],[],[]],[[[0,"goalkeeper",".mp3",1.07102],-1],0,0,[],[],[]],[[[0,"basketball",".mp3",0.862041],-1],0,0,[],[],[]],[[{"name":"image_10_4","rect":[0,0,845,731],"offset":[0,0],"originalSize":[845,731],"capInsets":[0,0,0,0]}],[1],0,[0],[0],[3]],[[[0,"toys",".mp3",0.966531],-1],0,0,[],[],[]],[[[0,"goal",".mp3",0.679184],-1],0,0,[],[],[]],[[{"name":"football","rect":[0,0,1280,1280],"offset":[0,0],"originalSize":[1280,1280],"capInsets":[0,0,0,0]}],[1],0,[0],[0],[4]],[[[0,"balls",".mp3",0.731429],-1],0,0,[],[],[]],[[[0,"up",".mp3",0.548571],-1],0,0,[],[],[]],[[[0,"slide",".mp3",0.783673],-1],0,0,[],[],[]],[[{"name":"image_23_1","rect":[0,0,845,695],"offset":[0,0],"originalSize":[845,695],"capInsets":[0,0,0,0]}],[1],0,[0],[0],[5]],[[[0,"ladder",".mp3",0.600816],-1],0,0,[],[],[]],[[[0,"robot",".mp3",0.835918],-1],0,0,[],[],[]]]]