[1,["26eumUwMJPJb6srH52S2Zt"],["_textureSetter"],["cc.Texture2D","cc.SpriteFrame",["cc.AudioClip",["_name","_native","duration"],0],["cc.JsonAsset",["_name","json"],1]],[[2,0,1,2,4],[3,0,1,3]],[[[[0,"mice",".mp3",0.984],-1],0,0,[],[],[]],[[[0,"mean",".mp3",0.888],-1],0,0,[],[],[]],[[[0,"drum",".mp3",0.984],-1],0,0,[],[],[]],[["0,9729,9729,33071,33071,0,0,1",-1],[0],0,[],[],[]],[[[0,"gay",".mp3",0.84],-1],0,0,[],[],[]],[[[0,"gut",".mp3",0.936],-1],0,0,[],[],[]],[[[0,"five",".mp3",0.912],-1],0,0,[],[],[]],[[[0,"fume",".mp3",0.96],-1],0,0,[],[],[]],[[[0,"mule",".mp3",0.936],-1],0,0,[],[],[]],[[[0,"sum",".mp3",1.008],-1],0,0,[],[],[]],[[[0,"pray",".mp3",0.744],-1],0,0,[],[],[]],[[[0,"prum",".mp3",0.768],-1],0,0,[],[],[]],[[{"name":"drum","rect":[0,0,322,382],"offset":[0,0],"originalSize":[322,382],"capInsets":[0,0,0,0]}],[1],0,[0],[0],[0]],[[[0,"jean",".mp3",1.008],-1],0,0,[],[],[]],[[[0,"plum",".mp3",0.816],-1],0,0,[],[],[]],[[[0,"face",".mp3",0.984],-1],0,0,[],[],[]],[[[0,"made",".mp3",0.864],-1],0,0,[],[],[]],[[[0,"just",".mp3",1.08],-1],0,0,[],[],[]],[[[0,"mug",".mp3",0.864],-1],0,0,[],[],[]],[[[0,"jug",".mp3",0.96],-1],0,0,[],[],[]],[[[0,"play",".mp3",0.72],-1],0,0,[],[],[]],[[[1,"en1505",{"rows":[["grid","1","Description","g","ay,um,ut"],["grid","1","Description","f","ace,ive,ume"],["grid","1","Description","pr,pl","ay,um"],["rocket","1","Description","drum","dr,um","dr,um","drum.mp3","drum.png","false","false"],["grid","1","Description","m","ule,ice,ade"],["grid","1","Description","j,m","ean,ug,ust"],["quizliteracy","1","Description","word_word","um","ub","um","ot","","g__","gum.mp3"],["quizliteracy","1","Description","word_word","um","um","ir","ub","","dr__","drum.mp3"],["quizliteracy","1","Description","word_word","um","op","ub","um","","s__","sum.mp3"]]}]],0,0,[],[],[]],[[[0,"gum",".mp3",0.864],-1],0,0,[],[],[]],[[[0,"must",".mp3",0.984],-1],0,0,[],[],[]]]]