[1,["f0yuD4/4xO46agMIKNrHzm","ebqORhxfpCc7y4uRL0QT34","c39ZFVTIdIoZVSbb7+L5Ai","5cOTbwnttLPbUJ3FKVjp//","0aTa66zmpKr7zvP0lMf9aT","e5dZLd2yZBAqwrGgMBTMWI","cagSClxBVB7bVXqUbJhsnd","69FKQ5HY5O86MBoGl9aAms"],["_textureSetter"],["cc.Texture2D","cc.SpriteFrame",["cc.AudioClip",["_name","_native","duration"],0],["cc.JsonAsset",["_name","json"],1]],[[2,0,1,2,4],[3,0,1,3]],[[["0,9729,9729,33071,33071,0,0,1",-1],[0],0,[],[],[]],[[[0,"Jatin_and_Keya_like_potatoes",".mp3",3.24],-1],0,0,[],[],[]],[[[0,"roof",".mp3",1.008],-1],0,0,[],[],[]],[[[0,"bubbles",".mp3",1.272],-1],0,0,[],[],[]],[[[0,"sink",".mp3",1.056],-1],0,0,[],[],[]],[[[0,"tent",".mp3",0.984],-1],0,0,[],[],[]],[[[0,"There_are_three_beds",".mp3",2.016],-1],0,0,[],[],[]],[[[0,"There_are_books_on_the_desk",".mp3",2.4],-1],0,0,[],[],[]],[[[0,"bathtub",".mp3",1.248],-1],0,0,[],[],[]],[[[0,"living_room",".mp3",1.368],-1],0,0,[],[],[]],[["1,9729,9729,33071,33071,0,0,1",-1],[0],0,[],[],[]],[[[0,"lamp",".mp3",0.984],-1],0,0,[],[],[]],[[[0,"fence",".mp3",1.2],-1],0,0,[],[],[]],[["0,9729,9729,33071,33071,0,0,1",-1],[0],0,[],[],[]],[[[0,"towel",".mp3",0.912],-1],0,0,[],[],[]],[[[0,"bed",".mp3",0.96],-1],0,0,[],[],[]],[[{"name":"bus","rect":[67,152,446,181],"offset":[0,-12.5],"originalSize":[580,460],"capInsets":[0,0,0,0]}],[1],0,[0],[0],[0]],[[[0,"window",".mp3",1.056],-1],0,0,[],[],[]],[[{"name":"house","rect":[0,0,1200,1000],"offset":[0,0],"originalSize":[1200,1000],"capInsets":[0,0,0,0]}],[1],0,[0],[0],[1]],[[[0,"door",".mp3",0.864],-1],0,0,[],[],[]],[[[0,"book",".mp3",0.864],-1],0,0,[],[],[]],[[{"name":"image_11_4","rect":[0,0,845,695],"offset":[0,0],"originalSize":[845,695],"capInsets":[0,0,0,0]}],[1],0,[0],[0],[2]],[[[0,"pen",".mp3",0.864],-1],0,0,[],[],[]],[[[0,"yard",".mp3",0.984],-1],0,0,[],[],[]],[[[1,"en2405",{"rows":[["fillblank","1","Description","He doesn't have a [pen].","He_doesn't_have_a_pen.mp3","desk","paint","paper","10"],["fillblank","1","Description","Jatin and Keya like [potatoes].","Jatin_and_Keya_like_potatoes.mp3","want","love","hate","15"],["fillblank","1","Description","She likes the pink [shoes].","She_likes_the_pink_shoes.mp3","skirts","shirts","shorts","15"],["fillblank","1","Description","There are [books] on the desk.","There_are_books_on_the_desk.mp3","chairs","desks","paint","15"],["fillblank","1","Description","There are three [beds].","There_are_three_beds.mp3","cups","tables","lamps","10"],["fillblank","1","Description","We need a [lamp].","We_need_a_lamp.mp3","table","bed","chair","10"],["tag","1","Description","image_11_1.jpg","house","1112.-1504","house.mp3","window","1245.-1120","window.mp3","door","1130.-580","door.mp3","roof","492.-1242","roof.mp3","yard","430.-606","yard.mp3"],["tag","1","Description","image_11_2.jpg","yard","319.-1488","yard.mp3","tree","1256.-1272","tree.mp3","flower","680.-986","flower.mp3","fence","1256.-745","fence.mp3","tent","627.-554","tent.mp3"],["tag","1","Description","image_11_3.jpg","living room","319.-1488","living_room.mp3","table","1143.-627","table.mp3","sofa","395.-609","sofa.mp3","lamp","654.-1168","lamp.mp3","television","1281.-967","television.mp3"],["tag","1","Description","image_11_4.jpg","bathroom","280.-1520","bathroom.mp3","bathtub","434.-605","bathtub.mp3","sink","934.-690","sink.mp3","soap","1094.-1035","soap.mp3","bubbles","306.-963","bubbles.mp3","towel","838.-1213","towel.mp3"],["quizliteracy","1","Description","word_word","n","a","n","x","","pe_","pen.mp3"],["quizliteracy","1","Description","word_word","oo","ai","oo","ea","","b___k","book.mp3"],["quizliteracy","1","Description","image_word","house","house","paper","clock","house.png"],["quizliteracy","1","Description","soundonly_image","bed.png","bus.png","bed.png","box.png","","","bed.mp3"],["quizliteracy","1","Description","soundonly_word","bathroom","window","bathroom","door","","","bathroom.mp3"]]}]],0,0,[],[],[]],[[[0,"tree",".mp3",0.888],-1],0,0,[],[],[]],[[[0,"house",".mp3",1.08],-1],0,0,[],[],[]],[[[0,"We_need_a_lamp",".mp3",1.68],-1],0,0,[],[],[]],[[{"name":"image_11_3","rect":[0,0,845,695],"offset":[0,0],"originalSize":[845,695],"capInsets":[0,0,0,0]}],[1],0,[0],[0],[3]],[[[0,"television",".mp3",1.44],-1],0,0,[],[],[]],[[[0,"soap",".mp3",1.08],-1],0,0,[],[],[]],[[[0,"bathroom",".mp3",1.2],-1],0,0,[],[],[]],[["1,9729,9729,33071,33071,0,0,1",-1],[0],0,[],[],[]],[[{"name":"box","rect":[76,92,451,289],"offset":[11.5,-6.5],"originalSize":[580,460],"capInsets":[0,0,0,0]}],[1],0,[0],[0],[4]],[["1,9729,9729,33071,33071,0,0,1",-1],[0],0,[],[],[]],[[[0,"He_doesn't_have_a_pen",".mp3",2.136],-1],0,0,[],[],[]],[[{"name":"image_11_1","rect":[0,0,845,731],"offset":[0,0],"originalSize":[845,731],"capInsets":[0,0,0,0]}],[1],0,[0],[0],[5]],[[{"name":"image_11_2","rect":[0,0,845,695],"offset":[0,0],"originalSize":[845,695],"capInsets":[0,0,0,0]}],[1],0,[0],[0],[6]],[[{"name":"bed","rect":[53,78,470,317],"offset":[-2,-6.5],"originalSize":[580,460],"capInsets":[0,0,0,0]}],[1],0,[0],[0],[7]],[["1,9729,9729,33071,33071,0,0,1",-1],[0],0,[],[],[]],[["0,9729,9729,33071,33071,0,0,1",-1],[0],0,[],[],[]],[[[0,"sofa",".mp3",1.152],-1],0,0,[],[],[]],[["0,9729,9729,33071,33071,0,0,1",-1],[0],0,[],[],[]],[[[0,"She_likes_the_pink_shoes",".mp3",2.664],-1],0,0,[],[],[]],[[[0,"flower",".mp3",1.08],-1],0,0,[],[],[]],[[[0,"table",".mp3",0.984],-1],0,0,[],[],[]]]]