[1,["afKK/IgCFHkZMU/oVOXE/n","9fICiALSRItrrfWoZ6NSkK","9fAa9qkbVKsqS7mRgUbEaB","b6VKrZE1FPA5RjNiJMp8bz","88Xg6oCpJH/orj6CM7DPHb","60s48qh4VOFKENM6oAnxPY","d6Q6wj5hZFGpk/F4RiirNi","73OTYQCplPnL5Luagn/7tw","83e9WsgDZJEIxPcdLXxHIM","b4DoLB6G1CmJM02KNFIVxa"],["_textureSetter"],["cc.SpriteFrame","cc.Texture2D",["cc.AudioClip",["_name","_native","duration"],0],["cc.JsonAsset",["_name","json"],1]],[[2,0,1,2,4],[3,0,1,3]],[[[{"name":"custard apple","rect":[0,0,500,334],"offset":[0,0],"originalSize":[500,334],"capInsets":[0,0,0,0]}],[0],0,[0],[0],[0]],[[[0,"ದ್ರಾಕ್ಷಿ",".mp3",0.864],-1],0,0,[],[],[]],[[[0,"ಬಾಳೆಹಣ್ಣು",".mp3",1.008],-1],0,0,[],[],[]],[[{"name":"pomegranate","rect":[0,0,512,341],"offset":[0,0],"originalSize":[512,341],"capInsets":[0,0,0,0]}],[0],0,[0],[0],[1]],[[[0,"ಸೀಬೆ ಹಣ್ಣು",".mp3",1.104],-1],0,0,[],[],[]],[[[0,"ಪರಂಗಿಹಣ್ಣು",".mp3",1.08],-1],0,0,[],[],[]],[[{"name":"apple","rect":[0,0,512,426],"offset":[0,0],"originalSize":[512,426],"capInsets":[0,0,0,0]}],[0],0,[0],[0],[2]],[[[0,"ದಾಳಿಂಬೆ",".mp3",0.888],-1],0,0,[],[],[]],[[[0,"ಕಿತ್ತಳೆ ಹಣ್ಣು",".mp3",1.2],-1],0,0,[],[],[]],[[[1,"kn3500",{"rows":[["spelldoor","1","Description","ಸೇಬು","**","0","0","apple.png","ಸೇಬು.mp3"],["spelldoor","1","Description","ಬಾ,ಳೆ,ಹ,ಣ್ಣು","****","0","0","banana.png","ಬಾಳೆಹಣ್ಣು.mp3"],["spelldoor","1","Description","ಮಾ,ವಿ,ನ,ಹ,ಣ್ಣು","****","0","0","mango.png","ಮಾವಿನ ಹಣ್ಣು.mp3"],["spelldoor","1","Description","ದ್ರಾ,ಕ್ಷಿ","**","0","0","grapes.png","ದ್ರಾಕ್ಷಿ.mp3"],["spelldoor","1","Description","ಪ,ರಂ,ಗಿ,ಹ,ಣ್ಣು","*****","0","0","papaya.png","ಪರಂಗಿಹಣ್ಣು.mp3"],["spelldoor","1","Description","ಸೀ,ಬೆ,ಹ,ಣ್ಣು","****","0","0","guava.png","ಸೀಬೆ ಹಣ್ಣು.mp3"],["spelldoor","1","Description","ಮೂಸಂಬಿ","***","0","0","mosambi_citrus.png","ಮೂಸಂಬಿ.mp3"],["spelldoor","1","Description","ಸೀತಾಫಲ","****","0","0","custard apple.png","ಸೀತಾಫಲ.mp3"],["spelldoor","1","Description","ಕಿ,ತ್ತ,ಳೆ,ಹ,ಣ್ಣು","*****","0","0","orange.png","ಕಿತ್ತಳೆ ಹಣ್ಣು.mp3"],["spelldoor","1","Description","ದಾಳಿಂಬೆ","***","0","0","pomegranate.png","ದಾಳಿಂಬೆ.mp3"],["quizliteracy","1","Description","word_word","ಹಣ್ಣು","ಗೀಳೆ","ಮರ","ಹಣ್ಣು","","ಬಾಳೆ____","ಬಾಳೆಹಣ್ಣು.mp3"],["quizliteracy","1","Description","image_word","ದ್ರಾಕ್ಷಿ","ಮೂಸಂಬಿ","ದ್ರಾಕ್ಷಿ","ದಾಳಿಂಬೆ","grapes.png"],["quizliteracy","1","Description","soundonly_word","ಸೀತಾಫಲ","ಸೀತಾಫಲ","ಪರಂಗಿಹಣ್ಣು","ಸೇಬು","","","ಸೀತಾಫಲ.mp3"]]}]],0,0,[],[],[]],[["0,9729,9729,33071,33071,0,0,1",-1],[1],0,[],[],[]],[[[0,"ಮಾವಿನ ಹಣ್ಣು",".mp3",1.128],-1],0,0,[],[],[]],[[{"name":"guava","rect":[0,0,512,341],"offset":[0,0],"originalSize":[512,341],"capInsets":[0,0,0,0]}],[0],0,[0],[0],[3]],[["0,9729,9729,33071,33071,0,0,1",-1],[1],0,[],[],[]],[[{"name":"orange","rect":[0,0,500,261],"offset":[0,0],"originalSize":[500,261],"capInsets":[0,0,0,0]}],[0],0,[0],[0],[4]],[["0,9729,9729,33071,33071,0,0,1",-1],[1],0,[],[],[]],[[[0,"ಸೀತಾಫಲ",".mp3",1.056],-1],0,0,[],[],[]],[["0,9729,9729,33071,33071,0,0,1",-1],[1],0,[],[],[]],[[{"name":"banana","rect":[0,0,512,378],"offset":[0,0],"originalSize":[512,378],"capInsets":[0,0,0,0]}],[0],0,[0],[0],[5]],[["0,9729,9729,33071,33071,0,0,1",-1],[1],0,[],[],[]],[["0,9729,9729,33071,33071,0,0,1",-1],[1],0,[],[],[]],[[{"name":"mosambi_citrus","rect":[0,0,512,384],"offset":[0,0],"originalSize":[512,384],"capInsets":[0,0,0,0]}],[0],0,[0],[0],[6]],[[[0,"ಮೂಸಂಬಿ",".mp3",0.864],-1],0,0,[],[],[]],[["0,9729,9729,33071,33071,0,0,1",-1],[1],0,[],[],[]],[["0,9729,9729,33071,33071,0,0,1",-1],[1],0,[],[],[]],[["0,9729,9729,33071,33071,0,0,1",-1],[1],0,[],[],[]],[[[0,"ಸೇಬು",".mp3",0.744],-1],0,0,[],[],[]],[["0,9729,9729,33071,33071,0,0,1",-1],[1],0,[],[],[]],[[{"name":"grapes","rect":[0,0,512,341],"offset":[0,0],"originalSize":[512,341],"capInsets":[0,0,0,0]}],[0],0,[0],[0],[7]],[[{"name":"papaya","rect":[0,0,500,332],"offset":[0,0],"originalSize":[500,332],"capInsets":[0,0,0,0]}],[0],0,[0],[0],[8]],[[[0,"ಮವಿನ ಹಣ್ಣು",".mp3",1.08],-1],0,0,[],[],[]],[[{"name":"mango","rect":[19,19,474,333],"offset":[0,0],"originalSize":[512,371],"capInsets":[0,0,0,0]}],[0],0,[0],[0],[9]]]]