[1,["a9iK/GH3JMl4mTOH6epKdS","3ffLMmsm5LHJJ/p0IOV2kq","70PKKOpetLr5fqObNvTVQs","a4QQU3V7FMpJCCyknX9JKb","40zgji/OJAwJjYPR3tWpXZ"],["_textureSetter"],["cc.SpriteFrame","cc.Texture2D",["cc.AudioClip",["_name","_native","duration"],0],["cc.JsonAsset",["_name","json"],1]],[[2,0,1,2,4],[3,0,1,3]],[[[{"name":"jump","rect":[0,0,512,341],"offset":[0,0],"originalSize":[512,341],"capInsets":[0,0,0,0]}],[0],0,[0],[0],[0]],[[{"name":"rain","rect":[0,0,500,281],"offset":[0,0],"originalSize":[500,281],"capInsets":[0,0,0,0]}],[0],0,[0],[0],[1]],[[[0,"ಹಣತೆ",".mp3",0.768],-1],0,0,[],[],[]],[["0,9729,9729,33071,33071,0,0,1",-1],[1],0,[],[],[]],[["0,9729,9729,33071,33071,0,0,1",-1],[1],0,[],[],[]],[[{"name":"horse","rect":[0,0,337,512],"offset":[0,0],"originalSize":[337,512],"capInsets":[0,0,0,0]}],[0],0,[0],[0],[2]],[[{"name":"school","rect":[0,0,500,281],"offset":[0,0],"originalSize":[500,281],"capInsets":[0,0,0,0]}],[0],0,[0],[0],[3]],[["0,9729,9729,33071,33071,0,0,1",-1],[1],0,[],[],[]],[[[0,"ಶಾಲೆ",".mp3",0.792],-1],0,0,[],[],[]],[["0,9729,9729,33071,33071,0,0,1",-1],[1],0,[],[],[]],[[[0,"ಕುದುರೆ",".mp3",0.72],-1],0,0,[],[],[]],[["0,9729,9729,33071,33071,0,0,1",-1],[1],0,[],[],[]],[[[0,"ಮಳೆ",".mp3",0.648],-1],0,0,[],[],[]],[[{"name":"lamp","rect":[0,0,500,375],"offset":[0,0],"originalSize":[500,375],"capInsets":[0,0,0,0]}],[0],0,[0],[0],[4]],[[[0,"ನೆಗೆದಾಟ",".mp3",0.936],-1],0,0,[],[],[]],[[[1,"kn4305",{"rows":[["spelldoor","1","Description","ಶಾಲೆ","**","0","0","school.png","ಶಾಲೆ.mp3"],["spelldoor","1","Description","ಮಳೆ","**","0","0","rain.png","ಮಳೆ.mp3"],["spelldoor","1","Description","ಹಣತೆ","***","0","0","lamp.png","ಹಣತೆ.mp3"],["spelldoor","1","Description","ಕುದುರೆ","***","0","0","horse.png","ಕುದುರೆ.mp3"],["spelldoor","1","Description","ನೆಗೆದಾಟ","****","0","0","jump.png","ನೆಗೆದಾಟ.mp3"],["quizliteracy","1","Description","word_word","ಣತೆ","ಶಾಲೆ","ಮಳೆ","ಣತೆ","","ಹ____","ಹಣತೆ.mp3"],["quizliteracy","1","Description","image_word","ಮಳೆ","ಮಳೆ","ಶಾಲೆ","ಕುದುರೆ","rain.png"],["quizliteracy","1","Description","soundonly_word","ನೆಗೆದಾಟ","ಕುದುರೆ","ನೆಗೆದಾಟ","ಹಣತೆ","","","ನೆಗೆದಾಟ.mp3"]]}]],0,0,[],[],[]]]]