[1,["b9ygkGbExCXqn4LmsXi+Wx","f5rwFY8eNBrKirHkPVdA0K","75Ye621ttLFbQHYx+42IwX"],["_textureSetter"],["cc.SpriteFrame","cc.Texture2D",["cc.AudioClip",["_name","_native","duration"],0],["cc.JsonAsset",["_name","json"],1]],[[2,0,1,2,4],[3,0,1,3]],[[[{"name":"औषधि","rect":[0,0,400,333],"offset":[0,0],"originalSize":[400,333],"capInsets":[0,0,0,0]}],[0],0,[0],[0],[0]],[[[0,"औषधि",".mp3",0.809796],-1],0,0,[],[],[]],[[[0,"औजार",".mp3",0.835918],-1],0,0,[],[],[]],[[[0,"औरत",".mp3",0.679184],-1],0,0,[],[],[]],[["0,9729,9729,33071,33071,0,0,1",-1],[1],0,[],[],[]],[[[1,"hi0010",{"rows":[["balloonpop","1","Description","2","औ","5","औ","औ.mp3"],["phonictractor","1","Description","5","औ","औ.mp3","औ","औ.mp3"],["writeletter","1","Description","औ","औरत"],["writecard","1","Description","औ","औरत","औरत.png","औरत.mp3","औषधि","औषधि.png","औषधि.mp3","औजार","औजार.png","औजार.mp3"],["quizliteracy","1","Description","soundonly_word","औ","इ","ऐ","औ","","","औ.mp3"],["quizliteracy","1","Description","word_word","औ","औ","ऊ","इ","","औ"],["quizliteracy","1","Description","soundonly_word","औ","इ","औ","ऐ","","","औ.mp3"]]}]],0,0,[],[],[]],[["0,9729,9729,33071,33071,0,0,1",-1],[1],0,[],[],[]],[[{"name":"औजार","rect":[0,0,400,333],"offset":[0,0],"originalSize":[400,333],"capInsets":[0,0,0,0]}],[0],0,[0],[0],[1]],[[[0,"औ",".mp3",0.49625],-1],0,0,[],[],[]],[[{"name":"औरत","rect":[0,0,400,333],"offset":[0,0],"originalSize":[400,333],"capInsets":[0,0,0,0]}],[0],0,[0],[0],[2]],[["0,9729,9729,33071,33071,0,0,1",-1],[1],0,[],[],[]]]]