[1,["f1VhQCopdIsa25lo+B5dbe","afwUpFzrlNfp+ZTS0/YPy8","4dPgW3qV9PtILYAoliVM4b"],["_textureSetter"],["cc.SpriteFrame","cc.Texture2D",["cc.AudioClip",["_name","_native","duration"],0],["cc.JsonAsset",["_name","json"],1]],[[2,0,1,2,4],[3,0,1,3]],[[[[0,"औषध",".mp3",0.966531],-1],0,0,[],[],[]],[[[1,"mr0010",{"rows":[["balloonpop","1","Description","2","औ","3","औ,ऐ,ओ","औ.mp3"],["phonictractor","1","Description","5","औ","औ.mp3","औ","औ.mp3"],["writeletter","1","Description","औ","औषध"],["writecard","1","Description","औ","औषध","medicine.png","औषध.mp3","औषधालय","hospital.png","औषधालय.mp3","औद्योगीक","industrial.png","औद्योगीक.mp3"],["quizliteracy","1","Description","soundonly_word","औ","इ","ऐ","औ","","","औ.mp3"],["quizliteracy","1","Description","word_word","औ","औ","ऊ","इ","","औ"],["quizliteracy","1","Description","soundonly_word","औ","इ","ऐ","औ","","","औ.mp3"]]}]],0,0,[],[],[]],[[{"name":"industrial","rect":[0,0,640,427],"offset":[0,0],"originalSize":[640,427],"capInsets":[0,0,0,0]}],[0],0,[0],[0],[0]],[[{"name":"medicine","rect":[0,0,640,427],"offset":[0,0],"originalSize":[640,427],"capInsets":[0,0,0,0]}],[0],0,[0],[0],[1]],[["0,9729,9729,33071,33071,0,0,1",-1],[1],0,[],[],[]],[[[0,"औ",".mp3",0.705306],-1],0,0,[],[],[]],[["0,9729,9729,33071,33071,0,0,1",-1],[1],0,[],[],[]],[[{"name":"hospital","rect":[6,0,628,640],"offset":[0,0],"originalSize":[640,640],"capInsets":[0,0,0,0]}],[0],0,[0],[0],[2]],[[[0,"औद्योगीक",".mp3",1.149388],-1],0,0,[],[],[]],[[[0,"औषधालय",".mp3",1.436735],-1],0,0,[],[],[]],[["0,9729,9729,33071,33071,0,0,1",-1],[1],0,[],[],[]]]]