[1,["a3vK2yOA9MnaPemhdFRa1u","c1Z4NX0kNNmI21yGiMJ3Bg"],["_textureSetter"],["cc.SpriteFrame","cc.Texture2D",["cc.AudioClip",["_name","_native","duration"],0],["cc.JsonAsset",["_name","json"],1]],[[2,0,1,2,4],[3,0,1,3]],[[[[0,"ವಂತ",".mp3",0.696],-1],0,0,[],[],[]],[[[1,"kn3708",{"rows":[["phonictractor","1","Description","4","ಶುಚಿ","ಶುಚಿ.mp3","ಶು","ಶು.mp3","ಚಿ","ಚಿ.mp3"],["spelldoor","1","Description","ಹಾಲು","**","0","0","milk.png","ಹಾಲು.mp3"],["phonictractor","1","Description","4","ಬುದ್ಧಿವಂತ","ಬುದ್ಧಿವಂತ.mp3","ಬುದ್ಧಿ","ಬುದ್ಧಿ.mp3","ವಂತ","ವಂತ.mp3"],["spelldoor","1","Description","ಬಾಗಿಲು","***","0","0","door.png","ಬಾಗಿಲು.mp3"],["phonictractor","1","Description","4","ಆರೋಗ್ಯವಂತ","ಆರೋಗ್ಯವಂತ.mp3","ಆರೋಗ್ಯ","ಆರೋಗ್ಯ.mp3","ವಂತ","ವಂತ.mp3"],["quizliteracy","1","Description","word_word","ವಂತ","ಹೀನ","ವಂತ","ಯುತ","","ಬುದ್ಧಿ_____","ಬುದ್ಧಿವಂತ.mp3"],["quizliteracy","1","Description","image_word","ಹಾಲು","ಹಾಲು","ಬಾಗಿಲು","ಶುಚಿ","milk.png"],["quizliteracy","1","Description","soundonly_word","ಆರೋಗ್ಯ","ಶುಚಿ","ಆರೋಗ್ಯ","ಬುದ್ಧಿ","","","ಆರೋಗ್ಯ.mp3"]]}]],0,0,[],[],[]],[[{"name":"door","rect":[0,0,375,500],"offset":[0,0],"originalSize":[375,500],"capInsets":[0,0,0,0]}],[0],0,[0],[0],[0]],[[[0,"ಆರೋಗ್ಯವಂತ",".mp3",1.176],-1],0,0,[],[],[]],[[[0,"ಚಿ",".mp3",0.576],-1],0,0,[],[],[]],[[{"name":"milk","rect":[0,0,512,378],"offset":[0,0],"originalSize":[512,378],"capInsets":[0,0,0,0]}],[0],0,[0],[0],[1]],[[[0,"ಬುದ್ಧಿ",".mp3",0.72],-1],0,0,[],[],[]],[[[0,"ಬಾಗಿಲು",".mp3",0.84],-1],0,0,[],[],[]],[[[0,"ಶುಚಿ",".mp3",0.744],-1],0,0,[],[],[]],[["0,9729,9729,33071,33071,0,0,1",-1],[1],0,[],[],[]],[[[0,"ಶು",".mp3",0.6],-1],0,0,[],[],[]],[["0,9729,9729,33071,33071,0,0,1",-1],[1],0,[],[],[]],[[[0,"ಬುದ್ಧಿವಂತ",".mp3",1.032],-1],0,0,[],[],[]],[[[0,"ಆರೋಗ್ಯ",".mp3",0.864],-1],0,0,[],[],[]],[[[0,"ಹಾಲು",".mp3",0.72],-1],0,0,[],[],[]]]]