[1,["17/sZVq6VEDajDfQDaUCuZ","55t8JUQ8xAcKwhJBvilLK/"],["_textureSetter"],["cc.SpriteFrame","cc.Texture2D",["cc.AudioClip",["_name","_native","duration"],0],["cc.JsonAsset",["_name","json"],1]],[[2,0,1,2,4],[3,0,1,3]],[[[[0,"ರಂಬೆ",".mp3",0.72],-1],0,0,[],[],[]],[[[0,"ಬೆ",".mp3",0.552],-1],0,0,[],[],[]],[[{"name":"hundred","rect":[0,0,800,535],"offset":[0,0],"originalSize":[800,535],"capInsets":[0,0,0,0]}],[0],0,[0],[0],[0]],[[[1,"kn2102",{"rows":[["phonictractor","1","Description","4","ಸೇರು","ಸೇರು.mp3","ಸೇ","ಸೇ.mp3","ರು","ರು.mp3"],["phonictractor","1","Description","4","ಮೇಲೆ","ಮೇಲೆ.mp3","ಮೇ","ಮೇ.mp3","ಲೆ","ಲೆ.mp3"],["spelldoor","1","Description","ನೂರು","**","0","0","hundred.png","ನೂರು.mp3"],["spelldoor","1","Description","ಪೈಪು","**","0","0","pipe.png","ಪೈಪು.mp3"],["phonictractor","1","Description","4","ರಂಬೆ","ರಂಬೆ.mp3","ರಂ","ರಂ.mp3","ಬೆ","ಬೆ.mp3"],["phonictractor","1","Description","4","ಹೈದರ","ಹೈದರ.mp3","ಹೈ","ಹೈ.mp3","ದ","ದ.mp3","ರ","ರ.mp3"],["phonictractor","1","Description","4","ಲೈಲಾ","ಲೈಲಾ.mp3","ಲೈ","ಲೈ.mp3","ಲಾ","ಲಾ.mp3"],["phonictractor","1","Description","4","ಮೈಮರೆ","ಮೈಮರೆ.mp3","ಮೈ","ಮೈ.mp3","ಮ","ಮ.mp3","ರೆ","ರೆ.mp3"],["quizliteracy","1","Description","word_word","ಸೇ","ದೇ","ಸೇ","ಪೇ","","__ರು","ಸೇರು.mp3"],["quizliteracy","1","Description","image_word","ನೂರು","ಆರು","ನೂರು","ಐದು","hundred.png"],["quizliteracy","1","Description","soundonly_word","ರಂಬೆ","ಸೇರು","ಮೇಲೆ","ರಂಬೆ","","","ರಂಬೆ.mp3"]]}]],0,0,[],[],[]],[["0,9729,9729,33071,33071,0,0,1",-1],[1],0,[],[],[]],[[[0,"ಲಾ",".mp3",0.552],-1],0,0,[],[],[]],[[[0,"ನೂರು",".mp3",0.696],-1],0,0,[],[],[]],[[[0,"ಹೈ",".mp3",0.6],-1],0,0,[],[],[]],[[{"name":"pipe","rect":[0,0,533,800],"offset":[0,0],"originalSize":[533,800],"capInsets":[0,0,0,0]}],[0],0,[0],[0],[1]],[[[0,"ಸೇರು",".mp3",0.744],-1],0,0,[],[],[]],[[[0,"ಮ",".mp3",0.48],-1],0,0,[],[],[]],[[[0,"ಸೇ",".mp3",0.648],-1],0,0,[],[],[]],[["0,9729,9729,33071,33071,0,0,1",-1],[1],0,[],[],[]],[[[0,"ಲೆ",".mp3",0.552],-1],0,0,[],[],[]],[[[0,"ದ",".mp3",0.504],-1],0,0,[],[],[]],[[[0,"ರು",".mp3",0.528],-1],0,0,[],[],[]],[[[0,"ರಂ",".mp3",0.528],-1],0,0,[],[],[]],[[[0,"ಮೈ",".mp3",0.576],-1],0,0,[],[],[]],[[[0,"ಮೇಲೆ",".mp3",0.696],-1],0,0,[],[],[]],[[[0,"ಮೈಮರೆ",".mp3",0.792],-1],0,0,[],[],[]],[[[0,"ಹೈದರ",".mp3",0.792],-1],0,0,[],[],[]],[[[0,"ಪೈಪು",".mp3",0.744],-1],0,0,[],[],[]],[[[0,"ಲೈಲಾ",".mp3",0.744],-1],0,0,[],[],[]],[[[0,"ರೆ",".mp3",0.528],-1],0,0,[],[],[]],[[[0,"ರ",".mp3",0.48],-1],0,0,[],[],[]],[[[0,"ಲೈ",".mp3",0.6],-1],0,0,[],[],[]],[[[0,"ಮೇ",".mp3",0.552],-1],0,0,[],[],[]]]]