[1,["f185TZt2JI/KdN2DvlrjcX","39Laff2OdIi4Jl1czzP5v9","cc00A9X65Gd6FEDhGhNN3R","baWIQbHv5GB7T5u7XvIGMY","38Ni9/qq9MFYKrLSQNihfc","edhvqwgURLXIEOWu3nHImP","a9m8SLLlJBUo/e3DKQwkLe","afdmwLfNtAxagjp7ecY9Q0","0a109rWw1FpIsvfdK8sLbF","adi7SIbSxF8ZCsEtfZuCW7","7dMUSOXdJKq4cyECMXvbT+","0c+lYD8w1MhJ6YyYg42EpN"],["_textureSetter"],["cc.SpriteFrame","cc.Texture2D",["cc.AudioClip",["_name","_native","duration"],0],["cc.JsonAsset",["_name","json"],1]],[[2,0,1,2,4],[3,0,1,3]],[[[{"name":"claw","rect":[0,0,512,341],"offset":[0,0],"originalSize":[512,341],"capInsets":[0,0,0,0]}],[0],0,[0],[0],[0]],[["0,9729,9729,33071,33071,0,0,1",-1],[1],0,[],[],[]],[["0,9729,9729,33071,33071,0,0,1",-1],[1],0,[],[],[]],[[{"name":"fruits","rect":[0,0,500,333],"offset":[0,0],"originalSize":[500,333],"capInsets":[0,0,0,0]}],[0],0,[0],[0],[1]],[[[0,"ಘಟ",".mp3",0.624],-1],0,0,[],[],[]],[[{"name":"stomach","rect":[0,0,512,341],"offset":[0,0],"originalSize":[512,341],"capInsets":[0,0,0,0]}],[0],0,[0],[0],[2]],[[{"name":"placard","rect":[0,0,357,500],"offset":[0,0],"originalSize":[357,500],"capInsets":[0,0,0,0]}],[0],0,[0],[0],[3]],[[{"name":"shining","rect":[0,0,512,341],"offset":[0,0],"originalSize":[512,341],"capInsets":[0,0,0,0]}],[0],0,[0],[0],[4]],[[[0,"ಫಳಫಳ",".mp3",0.84],-1],0,0,[],[],[]],[[[0,"ಫಲಕ",".mp3",0.744],-1],0,0,[],[],[]],[["0,9729,9729,33071,33071,0,0,1",-1],[1],0,[],[],[]],[["0,9729,9729,33071,33071,0,0,1",-1],[1],0,[],[],[]],[[[0,"ಪಠಣ",".mp3",0.72],-1],0,0,[],[],[]],[[[1,"kn0907",{"rows":[["writeword","1","Description","ಮಠ","monasteryl.png","ಮಠ.mp3"],["writeword","1","Description","ಫಳಫಳ","shining.png","ಫಳಫಳ.mp3"],["writeword","1","Description","ಝಳ","brilliance.png","ಝಳ.mp3"],["writeword","1","Description","ನಖ","claw.png","ನಖ.mp3"],["writeword","1","Description","ಪಠಣ","recite.png","ಪಠಣ.mp3"],["writeword","1","Description","ಫಲಕ","placard.png","ಫಲಕ.mp3"],["writeword","1","Description","ಘಟ","pot.png","ಘಟ.mp3"],["writeword","1","Description","ಜಠರ","stomach.png","ಜಠರ.mp3"],["writeword","1","Description","ಫಲ","fruits.png","ಫಲ.mp3"],["writeword","1","Description","ಝಣ","coins.png","ಝಣ.mp3"],["writeword","1","Description","ಖಗ","vulture.png","ಖಗ.mp3"],["writeword","1","Description","ಸಖ","friend.png","ಸಖ.mp3"],["quizliteracy","1","Description","image_word","ಸಖ","ಸಖ","ನಖ","ಜಠರ","friend.png"],["quizliteracy","1","Description","image_word","ನಖ","ನಖ","ಸಖ","ಘಟ","claw.png"],["quizliteracy","1","Description","image_word","ಜಠರ","ಘಟ","ಜಠರ","ಸಖ","stomach.png"]]}]],0,0,[],[],[]],[[{"name":"brilliance","rect":[0,0,512,319],"offset":[0,0],"originalSize":[512,319],"capInsets":[0,0,0,0]}],[0],0,[0],[0],[5]],[[{"name":"coins","rect":[0,0,512,512],"offset":[0,0],"originalSize":[512,512],"capInsets":[0,0,0,0]}],[0],0,[0],[0],[6]],[[[0,"ನಖ",".mp3",0.672],-1],0,0,[],[],[]],[[[0,"ಫಲ",".mp3",0.624],-1],0,0,[],[],[]],[[[0,"ಮಠ",".mp3",0.624],-1],0,0,[],[],[]],[["0,9729,9729,33071,33071,0,0,1",-1],[1],0,[],[],[]],[[[0,"ಝಣ",".mp3",0.648],-1],0,0,[],[],[]],[[{"name":"vulture","rect":[0,0,512,426],"offset":[0,0],"originalSize":[512,426],"capInsets":[0,0,0,0]}],[0],0,[0],[0],[7]],[[{"name":"friend","rect":[0,0,512,340],"offset":[0,0],"originalSize":[512,340],"capInsets":[0,0,0,0]}],[0],0,[0],[0],[8]],[[{"name":"monasteryl","rect":[0,0,500,373],"offset":[0,0],"originalSize":[500,373],"capInsets":[0,0,0,0]}],[0],0,[0],[0],[9]],[["0,9729,9729,33071,33071,0,0,1",-1],[1],0,[],[],[]],[[[0,"ಸಖ",".mp3",0.744],-1],0,0,[],[],[]],[["0,9729,9729,33071,33071,0,0,1",-1],[1],0,[],[],[]],[["0,9729,9729,33071,33071,0,0,1",-1],[1],0,[],[],[]],[["0,9729,9729,33071,33071,0,0,1",-1],[1],0,[],[],[]],[["0,9729,9729,33071,33071,0,0,1",-1],[1],0,[],[],[]],[[[0,"ಝಳ",".mp3",0.648],-1],0,0,[],[],[]],[[[0,"ಝಣಝಣ",".mp3",0.864],-1],0,0,[],[],[]],[[{"name":"recite","rect":[0,0,341,512],"offset":[0,0],"originalSize":[341,512],"capInsets":[0,0,0,0]}],[0],0,[0],[0],[10]],[[[0,"ಜಠರ",".mp3",0.744],-1],0,0,[],[],[]],[["0,9729,9729,33071,33071,0,0,1",-1],[1],0,[],[],[]],[[[0,"ಖಗ",".mp3",0.648],-1],0,0,[],[],[]],[["0,9729,9729,33071,33071,0,0,1",-1],[1],0,[],[],[]],[[{"name":"pot","rect":[0,0,467,500],"offset":[0,0],"originalSize":[467,500],"capInsets":[0,0,0,0]}],[0],0,[0],[0],[11]]]]