[1,["0eL9qxarhCz5Merpl+IkZH","4fp7sekWtPA4DjuY140GX4","80u85fW/BKN7tR5MVIfRF0","b3ZczzYvpJ5KRAtupAUvTj","38t1+sv+pEo6AgZLrfVNkn","f1yMp79OFATrmVB0lQCg7W","79wYERl4JH3r/Oqw8Vw1K+","6btMC2OtpPDJosW4KECrm2","6egaym7VFIi7tK0rRjVn69","f3KOuAWiROGbFeCqR2MNUY","9aPOihiotA8ZnnIjKGfDla","f1YTd9syVDjYsdgYz+osjt"],["_textureSetter"],["cc.Texture2D","cc.SpriteFrame",["cc.AudioClip",["_name","_native","duration"],0],["cc.JsonAsset",["_name","json"],1]],[[2,0,1,2,4],[3,0,1,3]],[[[[0,"little",".mp3",0.912],-1],0,0,[],[],[]],[["0,9729,9729,33071,33071,0,0,1",-1],[0],0,[],[],[]],[[[0,"football",".mp3",1.2],-1],0,0,[],[],[]],[[{"name":"kitchen","rect":[9,46,622,548],"offset":[0,0],"originalSize":[640,640],"capInsets":[0,0,0,0]}],[1],0,[0],[0],[0]],[[{"name":"carrot","rect":[0,0,630,533],"offset":[0,0],"originalSize":[630,533],"capInsets":[0,0,0,0]}],[1],0,[0],[0],[1]],[[{"name":"football","rect":[0,0,630,630],"offset":[0,0],"originalSize":[630,630],"capInsets":[0,0,0,0]}],[1],0,[0],[0],[2]],[["0,9729,9729,33071,33071,0,0,1",-1],[0],0,[],[],[]],[["0,9729,9729,33071,33071,0,0,1",-1],[0],0,[],[],[]],[[[0,"onion",".mp3",1.104],-1],0,0,[],[],[]],[[{"name":"hands","rect":[0,0,1534,1096],"offset":[0,0],"originalSize":[1534,1096],"capInsets":[0,0,0,0]}],[1],0,[0],[0],[3]],[[[0,"happy",".mp3",1.08],-1],0,0,[],[],[]],[["0,9729,9729,33071,33071,0,0,1",-1],[0],0,[],[],[]],[[[0,"paper",".mp3",0.912],-1],0,0,[],[],[]],[["0,9729,9729,33071,33071,0,0,1",-1],[0],0,[],[],[]],[[{"name":"knees","rect":[0,0,1534,1096],"offset":[0,0],"originalSize":[1534,1096],"capInsets":[0,0,0,0]}],[1],0,[0],[0],[4]],[["0,9729,9729,33071,33071,0,0,1",-1],[0],0,[],[],[]],[["0,9729,9729,33071,33071,0,0,1",-1],[0],0,[],[],[]],[[{"name":"little","rect":[0,0,548,640],"offset":[0,0],"originalSize":[548,640],"capInsets":[0,0,0,0]}],[1],0,[0],[0],[5]],[[{"name":"salad","rect":[0,0,630,586],"offset":[0,0],"originalSize":[630,586],"capInsets":[0,0,0,0]}],[1],0,[0],[0],[6]],[[{"name":"paper","rect":[0,0,413,640],"offset":[0,0],"originalSize":[413,640],"capInsets":[0,0,0,0]}],[1],0,[0],[0],[7]],[[[0,"carrot",".mp3",1.08],-1],0,0,[],[],[]],[[[0,"kitchen",".mp3",0.984],-1],0,0,[],[],[]],[[{"name":"sleep","rect":[0,0,640,387],"offset":[0,0],"originalSize":[640,387],"capInsets":[0,0,0,0]}],[1],0,[0],[0],[8]],[["0,9729,9729,33071,33071,0,0,1",-1],[0],0,[],[],[]],[["0,9729,9729,33071,33071,0,0,1",-1],[0],0,[],[],[]],[[[1,"en0910",{"rows":[["rocket","1","Description","paper","a,b,c,d,e,f,g,h,i,j,k,l,m,n,o,p,q,r,s,t,u,v,w,x,y,z","p,a,e,r","paper.mp3","paper.png","true","false"],["rocket","1","Description","carrot","a,b,c,d,e,f,g,h,i,j,k,l,m,n,o,p,q,r,s,t,u,v,w,x,y,z","c,a,r,o,t","carrot.mp3","carrot.png","true","false"],["rocket","1","Description","salad","a,b,c,d,e,f,g,h,i,j,k,l,m,n,o,p,q,r,s,t,u,v,w,x,y,z","s,a,l,d","salad.mp3","salad.png","true","false"],["rocket","1","Description","sleep","a,b,c,d,e,f,g,h,i,j,k,l,m,n,o,p,q,r,s,t,u,v,w,x,y,z","s,l,e,p","sleep.mp3","sleep.png","true","false"],["rocket","1","Description","happy","a,b,c,d,e,f,g,h,i,j,k,l,m,n,o,p,q,r,s,t,u,v,w,x,y,z","h,a,p,y","happy.mp3","happy.png","true","false"],["rocket","1","Description","football","a,b,c,d,e,f,g,h,i,j,k,l,m,n,o,p,q,r,s,t,u,v,w,x,y,z","f,o,t,b,a,l","football.mp3","football.png","true","false"],["rocket","1","Description","onion","a,b,c,d,e,f,g,h,i,j,k,l,m,n,o,p,q,r,s,t,u,v,w,x,y,z","o,n,i","onion.mp3","onion.png","true","false"],["rocket","1","Description","little","a,b,c,d,e,f,g,h,i,j,k,l,m,n,o,p,q,r,s,t,u,v,w,x,y,z","l,i,t,e","little.mp3","little.png","true","false"],["rocket","1","Description","shoulder","a,b,c,d,e,f,g,h,i,j,k,l,m,n,o,p,q,r,s,t,u,v,w,x,y,z","s,h,o,u,l,d,e,r","shoulder.mp3","shoulder.png","true","false"],["rocket","1","Description","kitchen","a,b,c,d,e,f,g,h,i,j,k,l,m,n,o,p,q,r,s,t,u,v,w,x,y,z","k,i,t,c,h,e,n","kitchen.mp3","kitchen.png","true","false"],["quizliteracy","1","Description","image_word","carrot","apple","fish","carrot","carrot.png"],["quizliteracy","1","Description","soundonly_word","happy","happy","road","house","","","happy.mp3"],["quizliteracy","1","Description","soundonly_word","sleep","boat","sleep","salad","","","sleep.mp3"],["quizliteracy","1","Description","image_word","paper","house","paper","clock","paper.png"],["quizliteracy","1","Description","soundonly_image","shoulder.png","knees.png","hands.png","shoulder.png","","","shoulder.mp3"]]}]],0,0,[],[],[]],[[{"name":"shoulder","rect":[0,0,640,571],"offset":[0,0],"originalSize":[640,571],"capInsets":[0,0,0,0]}],[1],0,[0],[0],[9]],[[[0,"sleep",".mp3",1.008],-1],0,0,[],[],[]],[[[0,"shoulder",".mp3",1.152],-1],0,0,[],[],[]],[[{"name":"happy","rect":[0,0,630,592],"offset":[0,0],"originalSize":[630,592],"capInsets":[0,0,0,0]}],[1],0,[0],[0],[10]],[[[0,"salad",".mp3",1.152],-1],0,0,[],[],[]],[["0,9729,9729,33071,33071,0,0,1",-1],[0],0,[],[],[]],[["0,9729,9729,33071,33071,0,0,1",-1],[0],0,[],[],[]],[["0,9729,9729,33071,33071,0,0,1",-1],[0],0,[],[],[]],[[{"name":"onion","rect":[0,2,627,628],"offset":[-1.5,-1],"originalSize":[630,630],"capInsets":[0,0,0,0]}],[1],0,[0],[0],[11]]]]