[1,["a2E9qR1yJA95/nFN94sQ/7","d2PopHxwpLvqw6gFSwgpxZ","58Z47h4I5Pn6HWcUXZXxeS","db1YzuE2lOBrIdNmJMEmc8","3ceQPCr6RGxZmQDIq5e1Tl","20CQN3pvVL2IjXUBmCT5da","a6sQYjn/FNgYEbaClgwNBU","aaXSrK5jFKIIcwPzqvhCWj","88ZF4OVQFMNLr9pfe5AxNx","e2zNxXYOlAfq82ZD++2NQV","d5QukYBHFLM40SCrfy1xai","e6YTz110dONoasbeetsDZM","80HzMwexhDXqDIl2kzA/yb","41xvJTK2tM8Zu72tqdzrdP","afWjCuWU1KpL1gED3d7Qk8","1dWdvXGUxKm68VhfmBDh9U","4e4EjBHI5PlK8U0f+pnan5","92fqlpqXlMr5S3jE3fpg5p","79shCQDrVKApFn6rBBrsVI","3a80BMg99BkJq/I1AzMS3c"],["_textureSetter"],["cc.SpriteFrame","cc.Texture2D",["cc.AudioClip",["_name","_native","duration"],0],["cc.JsonAsset",["_name","json"],1]],[[2,0,1,2,4],[3,0,1,3]],[[[{"name":"mango","rect":[0,0,504,512],"offset":[0,0],"originalSize":[504,512],"capInsets":[0,0,0,0]}],[0],0,[0],[0],[0]],[[{"name":"boy","rect":[0,0,512,512],"offset":[0,0],"originalSize":[512,512],"capInsets":[0,0,0,0]}],[0],0,[0],[0],[1]],[[{"name":"chair","rect":[0,0,305,512],"offset":[0,0],"originalSize":[305,512],"capInsets":[0,0,0,0]}],[0],0,[0],[0],[2]],[["0,9729,9729,33071,33071,0,0,1",-1],[1],0,[],[],[]],[["0,9729,9729,33071,33071,0,0,1",-1],[1],0,[],[],[]],[["0,9729,9729,33071,33071,0,0,1",-1],[1],0,[],[],[]],[["0,9729,9729,33071,33071,0,0,1",-1],[1],0,[],[],[]],[["0,9729,9729,33071,33071,0,0,1",-1],[1],0,[],[],[]],[[{"name":"bucket","rect":[0,0,495,512],"offset":[0,0],"originalSize":[495,512],"capInsets":[0,0,0,0]}],[0],0,[0],[0],[3]],[["0,9729,9729,33071,33071,0,0,1",-1],[1],0,[],[],[]],[["0,9729,9729,33071,33071,0,0,1",-1],[1],0,[],[],[]],[[{"name":"rabbit","rect":[0,0,512,502],"offset":[0,0],"originalSize":[512,502],"capInsets":[0,0,0,0]}],[0],0,[0],[0],[4]],[["0,9729,9729,33071,33071,0,0,1",-1],[1],0,[],[],[]],[["0,9729,9729,33071,33071,0,0,1",-1],[1],0,[],[],[]],[["0,9729,9729,33071,33071,0,0,1",-1],[1],0,[],[],[]],[[{"name":"papaya","rect":[0,0,512,262],"offset":[0,0],"originalSize":[512,262],"capInsets":[0,0,0,0]}],[0],0,[0],[0],[5]],[[{"name":"cat","rect":[0,0,494,512],"offset":[0,0],"originalSize":[494,512],"capInsets":[0,0,0,0]}],[0],0,[0],[0],[6]],[[{"name":"cow","rect":[0,0,512,512],"offset":[0,0],"originalSize":[512,512],"capInsets":[0,0,0,0]}],[0],0,[0],[0],[7]],[["0,9729,9729,33071,33071,0,0,1",-1],[1],0,[],[],[]],[[{"name":"woman","rect":[0,0,900,1235],"offset":[0,0],"originalSize":[900,1235],"capInsets":[0,0,0,0]}],[0],0,[0],[0],[8]],[[{"name":"bigbasket","rect":[0,0,256,186],"offset":[0,0],"originalSize":[256,186],"capInsets":[0,0,0,0]}],[0],0,[0],[0],[9]],[["0,9729,9729,33071,33071,0,0,1",-1],[1],0,[],[],[]],[["0,9729,9729,33071,33071,0,0,1",-1],[1],0,[],[],[]],[["0,9729,9729,33071,33071,0,0,1",-1],[1],0,[],[],[]],[["0,9729,9729,33071,33071,0,0,1",-1],[1],0,[],[],[]],[[{"name":"hippo","rect":[0,0,512,377],"offset":[0,0],"originalSize":[512,377],"capInsets":[0,0,0,0]}],[0],0,[0],[0],[10]],[[{"name":"man","rect":[0,0,512,512],"offset":[0,0],"originalSize":[512,512],"capInsets":[0,0,0,0]}],[0],0,[0],[0],[11]],[[{"name":"smallbasket","rect":[0,0,256,246],"offset":[0,0],"originalSize":[256,246],"capInsets":[0,0,0,0]}],[0],0,[0],[0],[12]],[[{"name":"pencil","rect":[0,0,493,512],"offset":[0,0],"originalSize":[493,512],"capInsets":[0,0,0,0]}],[0],0,[0],[0],[13]],[[[0,"big",".mp3",0.496327],-1],0,0,[],[],[]],[[{"name":"table","rect":[0,0,256,123],"offset":[0,0],"originalSize":[256,123],"capInsets":[0,0,0,0]}],[0],0,[0],[0],[14]],[["0,9729,9729,33071,33071,0,0,1",-1],[1],0,[],[],[]],[[{"name":"book","rect":[0,0,512,495],"offset":[0,0],"originalSize":[512,495],"capInsets":[0,0,0,0]}],[0],0,[0],[0],[15]],[["0,9729,9729,33071,33071,0,0,1",-1],[1],0,[],[],[]],[["0,9729,9729,33071,33071,0,0,1",-1],[1],0,[],[],[]],[[{"name":"girl","rect":[0,0,433,512],"offset":[0,0],"originalSize":[433,512],"capInsets":[0,0,0,0]}],[0],0,[0],[0],[16]],[["0,9729,9729,33071,33071,0,0,1",-1],[1],0,[],[],[]],[[[0,"small",".mp3",0.862041],-1],0,0,[],[],[]],[["0,9729,9729,33071,33071,0,0,1",-1],[1],0,[],[],[]],[[{"name":"pen","rect":[0,0,512,428],"offset":[0,0],"originalSize":[512,428],"capInsets":[0,0,0,0]}],[0],0,[0],[0],[17]],[[{"name":"lion","rect":[0,0,512,457],"offset":[0,0],"originalSize":[512,457],"capInsets":[0,0,0,0]}],[0],0,[0],[0],[18]],[[[1,"en3608",{"rows":[["openwindow1","1","Description","LEGIT","big","papaya.png","mango.png","big.mp3","abcdefghijklmnopqrstuvwxyz"],["openwindow1","1","Description","LEGIT","big","book.png","pencil.png","big.mp3","abcdefghijklmnopqrstuvwxyz"],["openwindow1","1","Description","LEGIT","small","rabbit.png","hippo.png","small.mp3","abcdefghijklmnopqrstuvwxyz"],["openwindow1","1","Description","LEGIT","big","man.png","girl.png","big.mp3","abcdefghijklmnopqrstuvwxyz"],["openwindow1","1","Description","LEGIT","small","boy.png","woman.png","small.mp3","abcdefghijklmnopqrstuvwxyz"],["openwindow1","1","Description","LEGIT","small","smallbasket.png","bigbasket.png","small.mp3","abcdefghijklmnopqrstuvwxyz"],["openwindow1","1","Description","LEGIT","big","table.png","chair.png","big.mp3","abcdefghijklmnopqrstuvwxyz"],["openwindow1","1","Description","LEGIT","big","cow.png","cat.png","big.mp3","abcdefghijklmnopqrstuvwxyz"],["quizliteracy","1","Description","soundonly_image","papaya.png","papaya.png","mango.png","apple.png","","","big.mp3"],["quizliteracy","1","Description","soundonly_image","bucket.png","pencil.png","pen.png","bucket.png","","","big.mp3"],["quizliteracy","1","Description","soundonly_image","cat.png","cow.png","lion.png","cat.png","","","small.mp3"]]}]],0,0,[],[],[]],[[{"name":"apple","rect":[0,0,512,512],"offset":[0,0],"originalSize":[512,512],"capInsets":[0,0,0,0]}],[0],0,[0],[0],[19]]]]