[1,["36Uf9hs+pMRa+mMT8meiqt","52ug0/NmJE3olrLgUIOKHS","1aL3YhKfhFObBPapRUwEHK","35XMjrHpZAPIRN3T8HvujI","4bb43TzbtGErPOfuwr/Dm2","dd/4n0FAlJYpRI6YFi/4Cg","3asBRehONOhqw1yzUbmVRG"],["_textureSetter"],["cc.Texture2D","cc.SpriteFrame",["cc.AudioClip",["_name","_native","duration"],0],["cc.JsonAsset",["_name","json"],1]],[[2,0,1,2,4],[3,0,1,3]],[[[[0,"सू",".mp3",0.626939],-1],0,0,[],[],[]],[[[0,"डमरू",".mp3",0.992653],-1],0,0,[],[],[]],[["0,9729,9729,33071,33071,0,0,1",-1],[0],0,[],[],[]],[[{"name":"चूहा","rect":[0,0,370,273],"offset":[0,0],"originalSize":[370,273],"capInsets":[0,0,0,0]}],[1],0,[0],[0],[0]],[[[0,"चूहा",".mp3",0.731429],-1],0,0,[],[],[]],[[{"name":"अंगूर","rect":[0,0,271,271],"offset":[0,0],"originalSize":[271,271],"capInsets":[0,0,0,0]}],[1],0,[0],[0],[1]],[["0,9729,9729,33071,33071,0,0,1",-1],[0],0,[],[],[]],[["0,9729,9729,33071,33071,0,0,1",-1],[0],0,[],[],[]],[[{"name":"किसान","rect":[0,0,193,153],"offset":[0,0],"originalSize":[193,153],"capInsets":[0,0,0,0]}],[1],0,[0],[0],[2]],[["0,9729,9729,33071,33071,0,0,1",-1],[0],0,[],[],[]],[["0,9729,9729,33071,33071,0,0,1",-1],[0],0,[],[],[]],[["0,9729,9729,33071,33071,0,0,1",-1],[0],0,[],[],[]],[[{"name":"पहाड","rect":[0,0,193,153],"offset":[0,0],"originalSize":[193,153],"capInsets":[0,0,0,0]}],[1],0,[0],[0],[3]],[[[0,"सूरज",".mp3",0.966531],-1],0,0,[],[],[]],[[[0,"दूध",".mp3",0.679184],-1],0,0,[],[],[]],[[[0,"र",".mp3",0.47025],-1],0,0,[],[],[]],[[[0,"ज",".mp3",0.49625],-1],0,0,[],[],[]],[[[0,"चाकू",".mp3",0.835918],-1],0,0,[],[],[]],[[[1,"hi0704",{"rows":[["spelldoor","1","Description","दूध","*ध","0","1","दूध.png","दूध.mp3"],["spelldoor","1","Description","चूहा","*हा","0","2","चूहा.png","चूहा.mp3"],["spelldoor","1","Description","चाकू","*कू","0","2","चाकू.png","चाकू.mp3"],["phonictractor","1","Description","6","सूरज","सूरज.mp3","सू","सू.mp3","र","र.mp3","ज","ज.mp3"],["rocket","1","Description","दूध","दू,ध","दू,ध","दूध.mp3","दूध.png","true ","false "],["rocket","1","Description","अंगूर","अं,गू,र","अं,गू,र","अंगूर.mp3","अंगूर.png","false ","true "],["openwindow","1","Description","LEGIT","चा,कू","चाकू.png","किसान.png","चाकू.mp3","ज,ग,न,ल,फ,छा,ता,र,थ,व,न,घ,ट्र,क,घो,ड़ा,हा,थी,आ,म,स"],["openwindow","1","Description","LEGIT","ड,म,रू","डमरू.png","पहाड.png","डमरू.mp3","ज,ग,न,ल,फ,छा,ता,र,थ,व,न,घ,ट्र,क,घो,ड़ा,हा,थी,आ,म,स"],["quizliteracy","1","Description","soundonly_word","सूरज","अंगूर","सूरज","डमरू","","","सूरज.mp3"],["quizliteracy","1","Description","image_word","अंगूर","सूरज","डमरू","अंगूर","अंगूर.png"],["quizliteracy","1","Description","soundonly_word","डमरू","डमरू","अंगूर","सूरज","","","डमरू.mp3"]]}]],0,0,[],[],[]],[[{"name":"दूध","rect":[0,0,271,271],"offset":[0,0],"originalSize":[271,271],"capInsets":[0,0,0,0]}],[1],0,[0],[0],[4]],[["0,9729,9729,33071,33071,0,0,1",-1],[0],0,[],[],[]],[[[0,"अंगूर",".mp3",1.097143],-1],0,0,[],[],[]],[[{"name":"चाकू","rect":[0,4,193,145],"offset":[0,0],"originalSize":[193,153],"capInsets":[0,0,0,0]}],[1],0,[0],[0],[5]],[[{"name":"डमरू","rect":[0,0,193,153],"offset":[0,0],"originalSize":[193,153],"capInsets":[0,0,0,0]}],[1],0,[0],[0],[6]]]]