[1,["f2jJR0sdhMeJqitdNW4DB1","a6V7Hw66xEPolz4CK3VFV/","a9ntyPigVHjYlgtgLhUCvF","fbj7weiH9DELW+PSREt46d","0dcEufL/JKzKxYOl2+fDP2","c1q8szkLlK1pCY9EU6xjiv","79grKCP2FEMoWHgqL/zSlv"],["_textureSetter"],["cc.SpriteFrame","cc.Texture2D",["cc.JsonAsset",["_name","json"],1]],[[2,0,1,3]],[[[{"name":"fast","rect":[0,0,512,382],"offset":[0,0],"originalSize":[512,382],"capInsets":[0,0,0,0]}],[0],0,[0],[0],[0]],[["0,9729,9729,33071,33071,0,0,1",-1],[1],0,[],[],[]],[[[0,"sl_en2802",{"rows":[["spelldoor","1","Description","slowly","**owly","0","1","slowly.png","slowly.mp3"],["spelldoor","1","Description","fast","*ast","0","1","fast.png","fast.mp3"],["spelldoor","1","Description","quickly","***ckly","4","1","quickly.png","quickly.mp3"],["spelldoor","1","Description","hard","ha**","4","2","hard.png","hard.mp3"],["spelldoor","1","Description","loudly","loud**","0","2","loudly.png","loudly.mp3"],["createsentence","1","Description","He/is/shouting/angrily.","","angry.png","He_is_shouting_angrily.mp3"],["createsentence","1","Description","He/is/singing/happily.","","singing.png","He_is_singing_happily.mp3"],["createsentence","1","Description","It/is/crawling/slowly.","","snail.png","It_is_crawling_slowly.mp3"],["quizliteracy","1","Description","sentence_sentence","angrily","slowly","quickly","angrily","","He is shouting _______.","He_is_shouting_angrily.mp3"],["quizliteracy","1","Description","image_sentence","quickly","fastly","slowly","loudly","quickly.png","","quickly.mp3"],["quizliteracy","1","Description","image_sentence","slowly","slowly","fast","quickly","","","slowly.mp3"]]}]],0,0,[],[],[]],[[{"name":"snail","rect":[0,0,512,320],"offset":[0,0],"originalSize":[512,320],"capInsets":[0,0,0,0]}],[0],0,[0],[0],[1]],[[{"name":"singing","rect":[0,0,512,321],"offset":[0,0],"originalSize":[512,321],"capInsets":[0,0,0,0]}],[0],0,[0],[0],[2]],[[{"name":"quickly","rect":[0,0,512,285],"offset":[0,0],"originalSize":[512,285],"capInsets":[0,0,0,0]}],[0],0,[0],[0],[3]],[["0,9729,9729,33071,33071,0,0,1",-1],[1],0,[],[],[]],[[{"name":"angry","rect":[0,0,443,512],"offset":[0,0],"originalSize":[443,512],"capInsets":[0,0,0,0]}],[0],0,[0],[0],[4]],[["0,9729,9729,33071,33071,0,0,1",-1],[1],0,[],[],[]],[["0,9729,9729,33071,33071,0,0,1",-1],[1],0,[],[],[]],[["0,9729,9729,33071,33071,0,0,1",-1],[1],0,[],[],[]],[[{"name":"loudly","rect":[0,0,443,512],"offset":[0,0],"originalSize":[443,512],"capInsets":[0,0,0,0]}],[0],0,[0],[0],[5]],[["0,9729,9729,33071,33071,0,0,1",-1],[1],0,[],[],[]],[["0,9729,9729,33071,33071,0,0,1",-1],[1],0,[],[],[]],[[{"name":"hard","rect":[0,0,395,512],"offset":[0,0],"originalSize":[395,512],"capInsets":[0,0,0,0]}],[0],0,[0],[0],[6]]]]