[1,["d3ka7FmeBJF4MsqcIiaiTC","950ml7VpBJnJVS3WvaiiWx","5241iwTmpAgaN7z3YXso1K","9b0gATUyBFpZ6ZZalzi/Oh","55he53ybNJALObXduJXnRq","cbXtHuxVFMxpApcJdP1KAn","6by5+u4etPGpwg5ad9tivp","2aYkEC3g9AqIYT8lY+mMLv","47ZAVlImhLmJpAvXo3nT4c","819ol1TdVHkrJ1xmkT8vPJ","7d6TbCk5VFBK7JqgVJPhj5"],["_textureSetter"],["cc.SpriteFrame","cc.Texture2D",["cc.AudioClip",["_name","_native","duration"],0],["cc.JsonAsset",["_name","json"],1]],[[2,0,1,2,4],[3,0,1,3]],[[[{"name":"dancing","rect":[0,0,512,478],"offset":[0,0],"originalSize":[512,478],"capInsets":[0,0,0,0]}],[0],0,[0],[0],[0]],[[[0,"peeling",".mp3",0.600816],-1],0,0,[],[],[]],[[{"name":"drawing","rect":[0,0,512,388],"offset":[0,0],"originalSize":[512,388],"capInsets":[0,0,0,0]}],[0],0,[0],[0],[1]],[[{"name":"reading","rect":[0,0,458,512],"offset":[0,0],"originalSize":[458,512],"capInsets":[0,0,0,0]}],[0],0,[0],[0],[2]],[[[0,"reading",".mp3",0.626939],-1],0,0,[],[],[]],[["0,9729,9729,33071,33071,0,0,1",-1],[1],0,[],[],[]],[[[0,"standing",".mp3",1.619592],-1],0,0,[],[],[]],[[{"name":"writing","rect":[0,0,1979,2259],"offset":[0,0],"originalSize":[1979,2259],"capInsets":[0,0,0,0]}],[0],0,[0],[0],[3]],[[{"name":"planting","rect":[0,0,449,512],"offset":[0,0],"originalSize":[449,512],"capInsets":[0,0,0,0]}],[0],0,[0],[0],[4]],[[{"name":"running","rect":[0,0,497,662],"offset":[0,0],"originalSize":[497,662],"capInsets":[0,0,0,0]}],[0],0,[0],[0],[5]],[[{"name":"peeling","rect":[0,0,960,667],"offset":[0,0],"originalSize":[960,667],"capInsets":[0,0,0,0]}],[0],0,[0],[0],[6]],[["0,9729,9729,33071,33071,0,0,1",-1],[1],0,[],[],[]],[[[0,"sleeping",".mp3",1.28],-1],0,0,[],[],[]],[["0,9729,9729,33071,33071,0,0,1",-1],[1],0,[],[],[]],[["0,9729,9729,33071,33071,0,0,1",-1],[1],0,[],[],[]],[["0,9729,9729,33071,33071,0,0,1",-1],[1],0,[],[],[]],[[[1,"sl_en2605",{"rows":[["openwindow","1","Description","LEGIT","sleeping","sleeping.png","running.png","sleeping.mp3","abcdefghijklmnopqrstuvwxyz"],["spelldoor","1","Description","peeling","*eeling","1","0","peeling.png","peeling.mp3"],["openwindow","1","Description","LEGIT","reading","reading.png","playing.png","reading.mp3","abcdefghijklmnopqrstuvwxyz"],["spelldoor","1","Description","washing","*ashing","2","0","washing.png","washing.mp3"],["openwindow","1","Description","LEGIT","drawing","drawing.png","dancing.png","drawing.mp3","abcdefghijklmnopqrstuvwxyz"],["openwindow","1","Description","LEGIT","standing","standing.png","planting.png","standing.mp3","abcdefghijklmnopqrstuvwxyz"],["rocket","1","Description","writing","a,b,c,d,e,f,g,h,i,j,k,l,m,n,o,p,q,r,s,t,u,v,w,x,y,z","w,r,i,t,i,n,g","writing.mp3","writing.png","true","false"],["quizliteracy","1","Description","image_word","sleeping","running","writing","sleeping","sleeping.png"],["quizliteracy","1","Description","image_word","reading","sleeping","reading","playing","reading.png"],["quizliteracy","1","Description","image_word","standing","standing","sitting","falling","standing.png"]]}]],0,0,[],[],[]],[["0,9729,9729,33071,33071,0,0,1",-1],[1],0,[],[],[]],[["0,9729,9729,33071,33071,0,0,1",-1],[1],0,[],[],[]],[["0,9729,9729,33071,33071,0,0,1",-1],[1],0,[],[],[]],[[{"name":"sleeping","rect":[0,0,512,355],"offset":[0,0],"originalSize":[512,355],"capInsets":[0,0,0,0]}],[0],0,[0],[0],[7]],[["0,9729,9729,33071,33071,0,0,1",-1],[1],0,[],[],[]],[[{"name":"playing","rect":[0,0,575,857],"offset":[0,0],"originalSize":[575,857],"capInsets":[0,0,0,0]}],[0],0,[0],[0],[8]],[[{"name":"standing","rect":[0,0,449,512],"offset":[0,0],"originalSize":[449,512],"capInsets":[0,0,0,0]}],[0],0,[0],[0],[9]],[["0,9729,9729,33071,33071,0,0,1",-1],[1],0,[],[],[]],[["0,9729,9729,33071,33071,0,0,1",-1],[1],0,[],[],[]],[[[0,"drawing",".mp3",0.705306],-1],0,0,[],[],[]],[[[0,"writing",".mp3",1.358367],-1],0,0,[],[],[]],[[[0,"washing",".mp3",0.835918],-1],0,0,[],[],[]],[[{"name":"washing","rect":[0,0,3298,2496],"offset":[0,0],"originalSize":[3298,2496],"capInsets":[0,0,0,0]}],[0],0,[0],[0],[10]]]]