[1,["f6ySMhVvpMkaoTqrLCGyZB","25gPR0z0hNRYxpA3E2nOzl","7ehFC8JGVGDYgnkrByRVTE"],["_textureSetter"],["cc.Texture2D","cc.SpriteFrame",["cc.JsonAsset",["_name","json"],1],["cc.AudioClip",["_name","_native","duration"],0]],[[3,0,1,2,4],[2,0,1,3]],[[[[1,"mr0001",{"rows":[["balloonpop","1","Description","2","आ","3","अ,आ,इ","आ.mp3"],["phonictractor","1","Description","5","आ","आ.mp3","आ","आ.mp3"],["writeletter","1","Description","आ","आरसा"],["writecard","1","Description","आ","आरसा","mirror.png","आरसा.mp3","आग","fire.png","आग.mp3","आई","mother.png","आई.mp3"],["quizliteracy","1","Description","soundonly_word","आ","आ","इ","ए","","","आ.mp3"],["quizliteracy","1","Description","word_word","आ","ए","उ","आ","","आ"],["quizliteracy","1","Description","soundonly_word","आ","आ","इ","ए","","","आ.mp3"]]}]],0,0,[],[],[]],[["0,9729,9729,33071,33071,0,0,1",-1],[0],0,[],[],[]],[[[0,"आ",".mp3",0.731429],-1],0,0,[],[],[]],[[[0,"आग",".mp3",0.705306],-1],0,0,[],[],[]],[[[0,"आरसा",".mp3",1.018776],-1],0,0,[],[],[]],[["0,9729,9729,33071,33071,0,0,1",-1],[0],0,[],[],[]],[[{"name":"mother","rect":[0,0,480,640],"offset":[0,0],"originalSize":[480,640],"capInsets":[0,0,0,0]}],[1],0,[0],[0],[0]],[[{"name":"fire","rect":[0,0,428,640],"offset":[0,0],"originalSize":[428,640],"capInsets":[0,0,0,0]}],[1],0,[0],[0],[1]],[[{"name":"mirror","rect":[0,0,458,640],"offset":[0,0],"originalSize":[458,640],"capInsets":[0,0,0,0]}],[1],0,[0],[0],[2]],[["0,9729,9729,33071,33071,0,0,1",-1],[0],0,[],[],[]],[[[0,"आई",".mp3",0.783673],-1],0,0,[],[],[]]]]