[1,["dbKaPuhNtPxbIgPmnwnKRQ","52TnwmlgtFKIpU5g1v7EEM","1cV4MegH9CVJtT3/PuK9lS","48i8IVLA9Cz5V/4myEp97q","64OltyTPBMf6hf+tmycB+N","738QyquJhGrKzpvyD/xBj0","d8nk0a/V1A2bsvdT9qy2xp","f0B4RiPPBOFYAroito6K/1","2fJqDZ/RlLr7YT9e6Ulr3q","0cy0n+095OpbUuyuqi7csX","fa5QHEqYxDTY9ePjCB0JF5","32lIUeKINMba1a5pzZBl97","58wr6xYhtHIbS9mTnuk4XC","ac0BrKzFtNwLJY5bR0Yo3p","59H4+Fh9tGu7AwDMN4BTXV","c9lfRlCNZEUIlEQCVog74m","48SrrbrhJPs5EbXfQ9fU+4","4dQ7nphS9PTKtYxQWy49Ul","b2loZI229LtL/S+RG51+nE","86ZenUHGtBAoRx6mQG9JHU","af5UzWRJJPL4wqIoMHqRe1","65UMi2mnFHjLtTzZUZaPUK","09xdQ0B1hNt6hl356z4HDK","6aDw5QjqpOTbX3NpDGwaAo","9dQg1oBzxNmIv7BovBIJEP","17cd4NzqBIvqdkUecWcDHR"],["_textureSetter"],["cc.Texture2D","cc.SpriteFrame",["cc.AudioClip",["_name","_native","duration"],0],["cc.JsonAsset",["_name","json"],1]],[[2,0,1,2,4],[3,0,1,3]],[[[[0,"The_man_is_standing_by_the_bus_stop",".mp3",2.324898],-1],0,0,[],[],[]],[[[0,"She_is_reading_on_the_table",".mp3",1.776327],-1],0,0,[],[],[]],[[[0,"Many_books_are_on_the_desk",".mp3",1.906939],-1],0,0,[],[],[]],[["0,9729,9729,33071,33071,0,0,1",-1],[0],0,[],[],[]],[[[0,"There_is_a_tree_between_the_houses",".mp3",2.45551],-1],0,0,[],[],[]],[["0,9729,9729,33071,33071,0,0,1",-1],[0],0,[],[],[]],[[{"name":"l13_oldmanfrontgirl","rect":[0,0,868,689],"offset":[0,0],"originalSize":[868,689],"capInsets":[0,0,0,0]}],[1],0,[0],[0],[0]],[[{"name":"l15_treebtwhouses","rect":[0,0,868,689],"offset":[0,0],"originalSize":[868,689],"capInsets":[0,0,0,0]}],[1],0,[0],[0],[1]],[[{"name":"l13_dogbtwgoat_sheep","rect":[0,0,868,689],"offset":[0,0],"originalSize":[868,689],"capInsets":[0,0,0,0]}],[1],0,[0],[0],[2]],[[{"name":"l15_housenexttree","rect":[0,0,868,689],"offset":[0,0],"originalSize":[868,689],"capInsets":[0,0,0,0]}],[1],0,[0],[0],[3]],[["0,9729,9729,33071,33071,0,0,1",-1],[0],0,[],[],[]],[[[1,"sl_en2810",{"rows":[["fillblank","1","Description","The boy is [under] the table.","The_boy_is_under_the_table.mp3","on","in","next to","15"],["fillblank","1","Description","The bus stop is [behind] the park.","The_bus_stop_is_behind_the_park.mp3","next to","between","in front of","15"],["picturemeaning","1","Description","P","The school is in front of the park.","l13_schoolfrontpark.png","The_school_is_in_front_of_the_park.mp3","The school is next to the park.","l13_schoolnextpark.png","The_school_is_next_to_the_park.mp3","The bus stop is in front of the school.","l13_busstopfrontschool.png","The_bus_stop_is_in_front_of_the_school.mp3"],["picturemeaning","1","Description","P","The dog is between the goat and the sheep.","l13_dogbtwgoat_sheep.png","The_dog_is_between_the_goat_and_the_sheep.mp3","The dog is between the cow and the goat.","l13_dogbtwcow_goat.png","The_dog_is_between_the_cow_and_the_goat.mp3","The goat is between the cow and the dog.","l13_goatbtwcow_dog.png","The_goat_is_between_the_cow_and_the_dog.mp3"],["picturemeaning","1","Description","P","The old man is between the boys.","l13_oldmanbtwboys.png","The_old_man_is_between_the_boys.mp3","The old man is in front of the girl.","l13_oldmanfrontgirl.png","The_old_man_is_in_front_of_the_girl.mp3","The old man is behind the girl.","l13_oldmanbehindgirl.png","The_old_man_is_behind_the_girl.mp3"],["picturemeaning","1","Description","S","She is reading under the tree.","l15_shereadundertree.png","She_is_reading_under_the_tree.mp3","She is reading under the table.","l15_shereadundertable.png","She_is_reading_under_the_table.mp3","She is reading on the table.","l15_shereadontable.png","She_is_reading_on_the_table.mp3"],["picturemeaning","1","Description","S","The boy is standing between the chairs.","l15_boystandbtwchairs.png","The_boy_is_standing_between_the_chairs.mp3","The boy is standing behind the chiar.","l15_boystandbhdchair.png","The_boy_is_standing_behind_the_chiar.mp3","The boy is standing next to the chair.","l15_boystandnextchair.png","The_boy_is_standing_next_to_the_chair.mp3"],["picturemeaning","1","Description","P","The man is standing by the bus stop.","l15_manstandbybstop.png","The_man_is_standing_by_the_bus_stop.mp3","The man is walking to the bus stop.","l15_manwalkingtobstop.png","The_man_is_walking_to_the_bus_stop.mp3","The man is sitting at the bus stop.","l15_mansittingatbstop.png","The_man_is_sitting_at_the_bus_stop.mp3"],["picturemeaning","1","Description","P","There is a house next to the tree.","l15_housenexttree.png","There_is_a_house_next_to_the_tree.mp3","There is a house between the trees.","l15_housebtwtrees.png","There_is_a_house_between_the_trees.mp3","There is a tree between the houses.","l15_treebtwhouses.png","There_is_a_tree_between_the_houses.mp3"],["picturemeaning","1","Description","P","There are oranges in the box.","l15_orangesinbox.png","There_are_oranges_in_the_box.mp3","There are mangoes in the basket.","l15_mangoesinbasket.png","There_are_mangoes_in_the_basket.mp3","There are oranges on the box.","l15_orangesonbox.png","There_are_oranges_on_the_box.mp3"],["quizliteracy","1","Description","image_sentence","The ball is under the desk.","The ball is on the desk.","The ball is in the desk.","The ball is under the desk.","l10_ballunderdesk.png","","The_ball_is_under_the_desk.mp3"],["quizliteracy","1","Description","image_sentence","The frog is on the leaf.","The frog is on the leaf.","The frog in under the leaf,","The frog is in the water.","l10_frogonleaf.png","","The_frog_is_on_the_leaf.mp3"],["quizliteracy","1","Description","sentence_sentence","on","under","next to","on","","Many books are ___ the desk.","Many_books_are_on_the_desk.mp3"],["quizliteracy","1","Description","sentence_sentence","between","next to","between","in front of","","The boy is _______ Dev and Lily.","The_boy_is_between_Dev_and_Lily.mp3"],["quizliteracy","1","Description","sentence_sentence","behind","behind","on","under","","The lion is ______ the tree.","The_lion_is_behind_the_tree.mp3"]]}]],0,0,[],[],[]],[["0,9729,9729,33071,33071,0,0,1",-1],[0],0,[],[],[]],[[[0,"There_is_a_house_between_the_trees",".mp3",2.168163],-1],0,0,[],[],[]],[[{"name":"l15_shereadontable","rect":[0,0,868,689],"offset":[0,0],"originalSize":[868,689],"capInsets":[0,0,0,0]}],[1],0,[0],[0],[4]],[[[0,"There_is_a_house_next_to_the_tree",".mp3",2.298776],-1],0,0,[],[],[]],[[{"name":"l15_mansittingatbstop","rect":[0,0,868,689],"offset":[0,0],"originalSize":[868,689],"capInsets":[0,0,0,0]}],[1],0,[0],[0],[5]],[[[0,"The_boy_is_under_the_table",".mp3",2.246531],-1],0,0,[],[],[]],[["0,9729,9729,33071,33071,0,0,1",-1],[0],0,[],[],[]],[[[0,"The_old_man_is_in_front_of_the_girl",".mp3",2.272653],-1],0,0,[],[],[]],[["0,9729,9729,33071,33071,0,0,1",-1],[0],0,[],[],[]],[[[0,"The_old_man_is_between_the_boys",".mp3",2.586122],-1],0,0,[],[],[]],[[[0,"The_old_man_is_behind_the_girl",".mp3",2.403265],-1],0,0,[],[],[]],[[{"name":"l15_manstandbybstop","rect":[0,0,868,689],"offset":[0,0],"originalSize":[868,689],"capInsets":[0,0,0,0]}],[1],0,[0],[0],[6]],[[{"name":"l15_shereadundertree","rect":[0,0,868,689],"offset":[0,0],"originalSize":[868,689],"capInsets":[0,0,0,0]}],[1],0,[0],[0],[7]],[[[0,"The_boy_is_standing_between_the_chairs",".mp3",2.873469],-1],0,0,[],[],[]],[["0,9729,9729,33071,33071,0,0,1",-1],[0],0,[],[],[]],[["0,9729,9729,33071,33071,0,0,1",-1],[0],0,[],[],[]],[[{"name":"l15_mangoesinbasket","rect":[0,0,868,689],"offset":[0,0],"originalSize":[868,689],"capInsets":[0,0,0,0]}],[1],0,[0],[0],[8]],[[[0,"The_school_is_next_to_the_park",".mp3",2.220408],-1],0,0,[],[],[]],[["0,9729,9729,33071,33071,0,0,1",-1],[0],0,[],[],[]],[[[0,"The_ball_is_under_the_desk",".mp3",2.063673],-1],0,0,[],[],[]],[[[0,"The_bus_stop_is_in_front_of_the_school",".mp3",2.612245],-1],0,0,[],[],[]],[["0,9729,9729,33071,33071,0,0,1",-1],[0],0,[],[],[]],[["0,9729,9729,33071,33071,0,0,1",-1],[0],0,[],[],[]],[["0,9729,9729,33071,33071,0,0,1",-1],[0],0,[],[],[]],[[[0,"The_bus_stop_is_behind_the_park",".mp3",2.507755],-1],0,0,[],[],[]],[["0,9729,9729,33071,33071,0,0,1",-1],[0],0,[],[],[]],[["0,9729,9729,33071,33071,0,0,1",-1],[0],0,[],[],[]],[["0,9729,9729,33071,33071,0,0,1",-1],[0],0,[],[],[]],[[[0,"The_dog_is_between_the_goat_and_the_sheep",".mp3",2.612245],-1],0,0,[],[],[]],[[[0,"The_boy_is_standing_next_to_the_chair",".mp3",2.586122],-1],0,0,[],[],[]],[[[0,"The_frog_is_on_the_leaf",".mp3",1.802449],-1],0,0,[],[],[]],[["0,9729,9729,33071,33071,0,0,1",-1],[0],0,[],[],[]],[[{"name":"l15_boystandbhdchair","rect":[0,0,868,689],"offset":[0,0],"originalSize":[868,689],"capInsets":[0,0,0,0]}],[1],0,[0],[0],[9]],[["0,9729,9729,33071,33071,0,0,1",-1],[0],0,[],[],[]],[[{"name":"l10_frogonleaf","rect":[0,0,869,689],"offset":[0,0],"originalSize":[869,689],"capInsets":[0,0,0,0]}],[1],0,[0],[0],[10]],[[{"name":"l15_manwalkingtobstop","rect":[0,0,868,689],"offset":[0,0],"originalSize":[868,689],"capInsets":[0,0,0,0]}],[1],0,[0],[0],[11]],[[[0,"She_is_reading_under_the_table",".mp3",2.115918],-1],0,0,[],[],[]],[[{"name":"l15_boystandbtwchairs","rect":[0,0,868,689],"offset":[0,0],"originalSize":[868,689],"capInsets":[0,0,0,0]}],[1],0,[0],[0],[12]],[[[0,"The_goat_is_between_the_cow_and_the_dog",".mp3",2.847347],-1],0,0,[],[],[]],[["0,9729,9729,33071,33071,0,0,1",-1],[0],0,[],[],[]],[[[0,"There_are_oranges_on_the_box",".mp3",2.324898],-1],0,0,[],[],[]],[[[0,"The_man_is_walking_to_the_bus_stop",".mp3",2.011429],-1],0,0,[],[],[]],[[{"name":"l15_orangesonbox","rect":[0,0,864,685],"offset":[0,0],"originalSize":[864,685],"capInsets":[0,0,0,0]}],[1],0,[0],[0],[13]],[["0,9729,9729,33071,33071,0,0,1",-1],[0],0,[],[],[]],[[[0,"The_boy_is_between_Dev_and_Lily",".mp3",2.847347],-1],0,0,[],[],[]],[[{"name":"l10_ballunderdesk","rect":[0,0,868,689],"offset":[0,0],"originalSize":[868,689],"capInsets":[0,0,0,0]}],[1],0,[0],[0],[14]],[["0,9729,9729,33071,33071,0,0,1",-1],[0],0,[],[],[]],[["0,9729,9729,33071,33071,0,0,1",-1],[0],0,[],[],[]],[[[0,"She_is_reading_under_the_tree",".mp3",2.142041],-1],0,0,[],[],[]],[[[0,"The_man_is_sitting_at_the_bus_stop",".mp3",2.037551],-1],0,0,[],[],[]],[[[0,"The_lion_is_behind_the_tree",".mp3",2.011429],-1],0,0,[],[],[]],[[[0,"There_are_mangoes_in_the_basket",".mp3",2.220408],-1],0,0,[],[],[]],[[{"name":"l15_orangesinbox","rect":[0,0,868,689],"offset":[0,0],"originalSize":[868,689],"capInsets":[0,0,0,0]}],[1],0,[0],[0],[15]],[[{"name":"l13_oldmanbehindgirl","rect":[0,0,868,689],"offset":[0,0],"originalSize":[868,689],"capInsets":[0,0,0,0]}],[1],0,[0],[0],[16]],[[[0,"The_school_is_in_front_of_the_park",".mp3",2.35102],-1],0,0,[],[],[]],[["0,9729,9729,33071,33071,0,0,1",-1],[0],0,[],[],[]],[[[0,"The_dog_is_between_the_cow_and_the_goat",".mp3",2.795102],-1],0,0,[],[],[]],[[{"name":"l15_boystandnextchair","rect":[0,0,868,689],"offset":[0,0],"originalSize":[868,689],"capInsets":[0,0,0,0]}],[1],0,[0],[0],[17]],[["0,9729,9729,33071,33071,0,0,1",-1],[0],0,[],[],[]],[[[0,"The_boy_is_standing_behind_the_chiar",".mp3",2.612245],-1],0,0,[],[],[]],[[{"name":"l13_goatbtwcow_dog","rect":[0,0,868,689],"offset":[0,0],"originalSize":[868,689],"capInsets":[0,0,0,0]}],[1],0,[0],[0],[18]],[["0,9729,9729,33071,33071,0,0,1",-1],[0],0,[],[],[]],[[[0,"There_are_oranges_in_the_box",".mp3",2.063673],-1],0,0,[],[],[]],[[{"name":"l13_dogbtwcow_goat","rect":[0,0,868,689],"offset":[0,0],"originalSize":[868,689],"capInsets":[0,0,0,0]}],[1],0,[0],[0],[19]],[[{"name":"l15_housebtwtrees","rect":[0,0,868,689],"offset":[0,0],"originalSize":[868,689],"capInsets":[0,0,0,0]}],[1],0,[0],[0],[20]],[[{"name":"l13_busstopfrontschool","rect":[0,0,868,689],"offset":[0,0],"originalSize":[868,689],"capInsets":[0,0,0,0]}],[1],0,[0],[0],[21]],[[{"name":"l13_schoolfrontpark","rect":[0,0,868,689],"offset":[0,0],"originalSize":[868,689],"capInsets":[0,0,0,0]}],[1],0,[0],[0],[22]],[[{"name":"l13_schoolnextpark","rect":[0,0,868,689],"offset":[0,0],"originalSize":[868,689],"capInsets":[0,0,0,0]}],[1],0,[0],[0],[23]],[["0,9729,9729,33071,33071,0,0,1",-1],[0],0,[],[],[]],[[{"name":"l15_shereadundertable","rect":[0,0,868,689],"offset":[0,0],"originalSize":[868,689],"capInsets":[0,0,0,0]}],[1],0,[0],[0],[24]],[[{"name":"l13_oldmanbtwboys","rect":[0,0,868,689],"offset":[0,0],"originalSize":[868,689],"capInsets":[0,0,0,0]}],[1],0,[0],[0],[25]],[["0,9729,9729,33071,33071,0,0,1",-1],[0],0,[],[],[]]]]