[1,["9baixwlFRN9oA6r4OZb54j","bbI5eY9BBCMLveFcPunlpQ","0dSOGU70tKuoOrv1Pdmhgj","87ui8ETSdOibWMoJ/+BtGh","e3kgk0NY5PXpVSa9Le9BYj","6eTHKAoCFGhZQ7+Ao/LnEW","05NSFGbGJFpJUMk48EvRmb","35h8FY3RhFoIcV9SUk2nek","49hHIY7SNDq4wbi0xccjE9","85s+ezhW5NurNbuj91WjTB","bcU0TXRRFNE6+BVBwtubsJ","f1/oVO0zFMs64fj2RrQVMM"],["_textureSetter"],["cc.Texture2D","cc.SpriteFrame",["cc.AudioClip",["_name","_native","duration"],0],["cc.JsonAsset",["_name","json"],1]],[[2,0,1,2,4],[3,0,1,3]],[[[[0,"mug",".mp3",0.653061],-1],0,0,[],[],[]],[["0,9729,9729,33071,33071,0,0,1",-1],[0],0,[],[],[]],[["0,9729,9729,33071,33071,0,0,1",-1],[0],0,[],[],[]],[[{"name":"bug","rect":[36,36,846,594],"offset":[0,0],"originalSize":[918,666],"capInsets":[0,0,0,0]}],[1],0,[0],[0],[0]],[[[0,"leg",".mp3",0.548571],-1],0,0,[],[],[]],[[[0,"van",".mp3",0.809796],-1],0,0,[],[],[]],[[{"name":"van","rect":[0,0,500,331],"offset":[0,0],"originalSize":[500,331],"capInsets":[0,0,0,0]}],[1],0,[0],[0],[1]],[["0,9729,9729,33071,33071,0,0,1",-1],[0],0,[],[],[]],[[{"name":"bus","rect":[67,152,446,181],"offset":[0,-12.5],"originalSize":[580,460],"capInsets":[0,0,0,0]}],[1],0,[0],[0],[2]],[["0,9729,9729,33071,33071,0,0,1",-1],[0],0,[],[],[]],[[{"name":"mom","rect":[4,8,502,792],"offset":[-1.5,-4],"originalSize":[513,800],"capInsets":[0,0,0,0]}],[1],0,[0],[0],[3]],[[[0,"pet",".mp3",0.626939],-1],0,0,[],[],[]],[[{"name":"bed","rect":[0,31,140,79],"offset":[0,-0.5],"originalSize":[140,140],"capInsets":[0,0,0,0]}],[1],0,[0],[0],[4]],[["0,9729,9729,33071,33071,0,0,1",-1],[0],0,[],[],[]],[[{"name":"mug","rect":[0,0,500,333],"offset":[0,0],"originalSize":[500,333],"capInsets":[0,0,0,0]}],[1],0,[0],[0],[5]],[[{"name":"pig","rect":[0,0,1301,1300],"offset":[0,0],"originalSize":[1301,1300],"capInsets":[0,0,0,0]}],[1],0,[0],[0],[6]],[["0,9729,9729,33071,33071,0,0,1",-1],[0],0,[],[],[]],[["0,9729,9729,33071,33071,0,0,1",-1],[0],0,[],[],[]],[[{"name":"box","rect":[0,7,140,127],"offset":[0,-0.5],"originalSize":[140,140],"capInsets":[0,0,0,0]}],[1],0,[0],[0],[7]],[[[1,"sl_en1001",{"rows":[["openwindow","1","Description","LEGIT","cow","cow.png","bat.png","cow.mp3","abcdefghijklmnopqrstuvwxyz"],["openwindow","1","Description","LEGIT","pig","pig.png","bug.png","pig.mp3","abcdefghijklmnopqrstuvwxyz"],["openwindow","1","Description","LEGIT","man","man.png","mom.png","man.mp3","abcdefghijklmnopqrstuvwxyz"],["rocket","1","Description","bag","a,b,c,d,e,f,g,h,i,j,k,l,m,n,o,p,q,r,s,t,u,v,w,x,y,z","b,a,g","bag.mp3","bag.png","true","false"],["rocket","1","Description","van","a,b,c,d,e,f,g,h,i,j,k,l,m,n,o,p,q,r,s,t,u,v,w,x,y,z","v,a,n","van.mp3","van.png","true","false"],["rocket","1","Description","mug","a,b,c,d,e,f,g,h,i,j,k,l,m,n,o,p,q,r,s,t,u,v,w,x,y,z","m,u,g","mug.mp3","mug.png","true","false"],["grid","1","Description","p","en,et"],["grid","1","Description","b","eg,ed"],["grid","1","Description","l","et,eg"],["quizliteracy","1","Description","soundonly_image","cow.png","bus.png","cow.png","box.png","","","cow.mp3"],["quizliteracy","1","Description","soundonly_word","pig","pig","hug","dog","","","pig.mp3"],["quizliteracy","1","Description","soundonly_image","man.png","man.png","bed.png","box.png","","","man.mp3"],["quizliteracy","1","Description","soundonly_word","van","dad","van","baby","","","van.mp3"],["quizliteracy","1","Description","image_word","bag","grape","apple","bag","bag.png"]]}]],0,0,[],[],[]],[[{"name":"man","rect":[0,0,1906,1366],"offset":[0,0],"originalSize":[1906,1366],"capInsets":[0,0,0,0]}],[1],0,[0],[0],[8]],[["0,9729,9729,33071,33071,0,0,1",-1],[0],0,[],[],[]],[[[0,"man",".mp3",0.731429],-1],0,0,[],[],[]],[[[0,"pen",".mp3",0.809796],-1],0,0,[],[],[]],[["0,9729,9729,33071,33071,0,0,1",-1],[0],0,[],[],[]],[["0,9729,9729,33071,33071,0,0,1",-1],[0],0,[],[],[]],[[{"name":"bat","rect":[10,48,170,64],"offset":[-1.5,-3.5],"originalSize":[193,153],"capInsets":[0,0,0,0]}],[1],0,[0],[0],[9]],[[[0,"bed",".mp3",0.600816],-1],0,0,[],[],[]],[[[0,"bag",".mp3",0.548571],-1],0,0,[],[],[]],[[[0,"cow",".mp3",0.653061],-1],0,0,[],[],[]],[["0,9729,9729,33071,33071,0,0,1",-1],[0],0,[],[],[]],[[[0,"pig",".mp3",0.548571],-1],0,0,[],[],[]],[[{"name":"bag","rect":[0,0,322,382],"offset":[0,0],"originalSize":[322,382],"capInsets":[0,0,0,0]}],[1],0,[0],[0],[10]],[[{"name":"cow","rect":[0,0,512,512],"offset":[0,0],"originalSize":[512,512],"capInsets":[0,0,0,0]}],[1],0,[0],[0],[11]],[["0,9729,9729,33071,33071,0,0,1",-1],[0],0,[],[],[]]]]