[1,["9ePNoWXZtGXLaXLs/OOwTd","abVUa3q3lKJ6rMhQoJo9NU","86P3yvithCUL0jG81tAjKS","84I+U3Ji9CAo1SDnDFzqtS"],["_textureSetter"],["cc.SpriteFrame","cc.Texture2D",["cc.AudioClip",["_name","_native","duration"],0],["cc.JsonAsset",["_name","json"],1]],[[2,0,1,2,4],[3,0,1,3]],[[[{"name":"soldier","rect":[0,0,475,640],"offset":[0,0],"originalSize":[475,640],"capInsets":[0,0,0,0]}],[0],0,[0],[0],[0]],[[{"name":"soldier1","rect":[0,0,275,183],"offset":[0,0],"originalSize":[275,183],"capInsets":[0,0,0,0]}],[0],0,[0],[0],[1]],[[{"name":"laborer","rect":[0,0,640,360],"offset":[0,0],"originalSize":[640,360],"capInsets":[0,0,0,0]}],[0],0,[0],[0],[2]],[[[0,"सैनिक",".mp3",0.966531],-1],0,0,[],[],[]],[[[0,"आपले रक्षण करतात",".mp3",1.959184],-1],0,0,[],[],[]],[[[0,"शेतात कष्ट करतात",".mp3",2.324898],-1],0,0,[],[],[]],[[[1,"mr4000",{"rows":[["picturemeaning","1","Description","P","शेतात कष्ट करतात","farmer.png","शेतकरी.mp3","कारखान्यात काम करतात","laborer.png","कामगार.mp3","आपले रक्षण करतात","soldier.png","सैनिक.mp3"],["picturemeaning","1","Description","P","आपले रक्षण करतात","soldier1.png","सैनिक.mp3","शेतात कष्ट करतात","farmer.png","शेतकरी.mp3","कारखान्यात काम करतात","laborer.png","कामगार.mp3"],["picturemeaning","1","Description","P","कारखान्यात काम करतात","laborer.png","कामगार.mp3","आपले रक्षण करतात","soldier.png","सैनिक.mp3","शेतात कष्ट करतात","farmer.png","शेतकरी.mp3"],["quizliteracy","1","Description","soundonly_image","farmer.png","farmer.png","soldier.png","laborer.png","","","शेतात कष्ट करतात.mp3"],["quizliteracy","1","Description","soundonly_image","soldier.png","laborer.png","farmer.png","soldier.png","","","आपले रक्षण करतात.mp3"],["quizliteracy","1","Description","soundonly_image","laborer.png","soldier.png","laborer.png","farmer.png","","","कारखान्यात काम करतात.mp3"]]}]],0,0,[],[],[]],[[[0,"कामगार",".mp3",1.201633],-1],0,0,[],[],[]],[["0,9729,9729,33071,33071,0,0,1",-1],[1],0,[],[],[]],[["0,9729,9729,33071,33071,0,0,1",-1],[1],0,[],[],[]],[[[0,"कारखान्यात काम करतात",".mp3",2.298776],-1],0,0,[],[],[]],[["0,9729,9729,33071,33071,0,0,1",-1],[1],0,[],[],[]],[[{"name":"farmer","rect":[0,0,640,478],"offset":[0,0],"originalSize":[640,478],"capInsets":[0,0,0,0]}],[0],0,[0],[0],[3]],[["0,9729,9729,33071,33071,0,0,1",-1],[1],0,[],[],[]],[[[0,"शेतकरी",".mp3",0.992653],-1],0,0,[],[],[]]]]