[1,["61s20b9ahCArkf+datT/g9","1b5wYKtvxCc4Ku05NtSUEV","26onRo4SdMBqneF85HFW0n"],["_textureSetter"],["cc.Texture2D","cc.SpriteFrame",["cc.AudioClip",["_name","_native","duration"],0],["cc.JsonAsset",["_name","json"],1]],[[2,0,1,2,4],[3,0,1,3]],[[[[0,"sun",".mp3",0.679184],-1],0,0,[],[],[]],[["0,9729,9729,33071,33071,0,0,1",-1],[0],0,[],[],[]],[["0,9729,9729,33071,33071,0,0,1",-1],[0],0,[],[],[]],[[{"name":"soap","rect":[0,0,1200,1000],"offset":[0,0],"originalSize":[1200,1000],"capInsets":[0,0,0,0]}],[1],0,[0],[0],[0]],[[[0,"sky",".mp3",0.783673],-1],0,0,[],[],[]],[["0,9729,9729,33071,33071,0,0,1",-1],[0],0,[],[],[]],[[{"name":"sky","rect":[0,0,512,341],"offset":[0,0],"originalSize":[512,341],"capInsets":[0,0,0,0]}],[1],0,[0],[0],[1]],[[[1,"sl_en0306",{"rows":[["balloonpop","1","Description","2","s","5","s,r,q","s.mp3"],["writeletter","1","Description","s","-"],["writecard","1","Description","s","sky","sky.png","sky.mp3","soap","soap.png","soap.mp3","sun","sun.png","sun.mp3"],["quizliteracy","1","Description","soundonly_word","s","g","y","s","","","s.mp3"],["quizliteracy","1","Description","word_word","s","c","s","t","","s"],["quizliteracy","1","Description","soundonly_word","s","c","s","z","","","s.mp3"]]}]],0,0,[],[],[]],[[[0,"s",".mp3",0.574694],-1],0,0,[],[],[]],[[[0,"s_phonic",".mp3",1.985306],-1],0,0,[],[],[]],[[[0,"soap",".mp3",0.757551],-1],0,0,[],[],[]],[[{"name":"sun","rect":[0,0,500,333],"offset":[0,0],"originalSize":[500,333],"capInsets":[0,0,0,0]}],[1],0,[0],[0],[2]]]]