[1,["76vtE+ZkBEwLfWp1uIJuUK","56U+ThH1tE85gnZHtDxqW1","9dMPmAtgFCPZDEiHzB3o6Z","1bDXP/hjxKl6tUZ4+H7lvI","dfaMeRnbpKPJCKVEX0wOPe","83sbLmvHxGDJOqQdg7bYDP","44/MgPRP1FXKoOn1HVhF2p","48CjS3tm9Ke6nW2RRqUJGu","c9WrSEgvZLt5l2re0Ja31A","40RDWmGrtOK6dEBfqwOKiC","46nCMvCNxMPJgRH7sJtj4U","eeeBWVjnFDYIlECt8ab0R4","b5/hSJx5lKzq2d/keeoqwt","6bAUFqNQhB4YMaiwpRbcJh","d9Db26muBN+ro9JjWhNXv0"],["_textureSetter"],["cc.SpriteFrame","cc.Texture2D",["cc.AudioClip",["_name","_native","duration"],0],["cc.JsonAsset",["_name","json"],1]],[[2,0,1,2,4],[3,0,1,3]],[[[{"name":"l16_hewantsmangoes","rect":[0,0,868,689],"offset":[0,0],"originalSize":[868,689],"capInsets":[0,0,0,0]}],[0],0,[0],[0],[0]],[[{"name":"l16_hecleanhouse","rect":[0,0,868,689],"offset":[0,0],"originalSize":[868,689],"capInsets":[0,0,0,0]}],[0],0,[0],[0],[1]],[["0,9729,9729,33071,33071,0,0,1",-1],[1],0,[],[],[]],[[[0,"The_girl_wants_to_take_an_airplane",".mp3",2.063673],-1],0,0,[],[],[]],[[[1,"sl_en2607",{"rows":[["fillblank","1","Description","She will [buy] some bananas.","She_will_buy_some_bananas.mp3","like","need","want","15"],["fillblank","1","Description","They have to [clean] their house.","They_have_to_clean_their_house.mp3","eat","make","cry","15"],["picturemeaning","1","Description","S","He will play football.","l16_hewillfootball.png","He_will_play_football.mp3","He will clean the house.","l16_hecleanhouse.png","He_will_clean_the_house.mp3","He will drink milk.","l16_hedrinkmilk.png","He_will_drink_milk.mp3"],["picturemeaning","1","Description","S","They will go swimming.","l16_theywillswimming.png","They_will_go_swimming.mp3","They will go fishing.","l16_theywilfising.png","They_will_go_fishing.mp3","They will go hiking.","l16_theywillhiking.png","They_will_go_hiking.mp3"],["picturemeaning","1","Description","S","The boy wants to be a doctor.","l16_hewantsdoctor.png","The_boy_wants_to_be_a_doctor.mp3","The boy wants to be a teacher.","l16_hewantsteacher.png","The_boy_wants_to_be_a_teacher.mp3","The girl wants to be a doctor.","l16_girlwantsdoctor.png","The_girl_wants_to_be_a_doctor.mp3"],["picturemeaning","1","Description","P","They want to buy bananas.","l16_theywantbananas.png","They_want_to_buy_bananas.mp3","He wants to buy mangoes.","l16_hewantsmangoes.png","He_wants_to_buy_mangoes.mp3","She wants to buy bananas.","l16_shewantsbananas.png","She_wants_to_buy_bananas.mp3"],["picturemeaning","1","Description","P","The girl wants to go to bed.","l16_girlwantsbed.png","The_girl_wants_to_go_to_bed.mp3","The girl wants to take an airplane.","l16_girlwantsairplane.png","The_girl_wants_to_take_an_airplane.mp3","The girl wants to have a bicycle.","l16_girlwantbicycle.png","The_girl_wants_to_have_a_bicycle.mp3"],["quizliteracy","1","Description","image_sentence","He will play football.","This is not a carrot.","He will play football.","He will drink milk.","l16_hewillfootball.png","","He_will_play_football.mp3"],["quizliteracy","1","Description","image_sentence","They want to buy bananas.","He wants to buy mangoes.","They will go fishing.","They want to buy bananas.","l16_theywantbananas.png","","They_want_to_buy_bananas.mp3"],["quizliteracy","1","Description","image_sentence","The girl wants to go to bed.","The girl wants to go to bed.","The girl wants to take an airplane.","The girl wants to have a bicycle.","l16_girlwantsbed.png","","The_girl_wants_to_go_to_bed.mp3"],["quizliteracy","1","Description","sentence_sentence","buy","sing","buy","run","","She will ___ some bananas.","She_will_buy_some_bananas.mp3"],["quizliteracy","1","Description","sentence_sentence","clean","cleaning","cleaned","clean","","They have to _______ their house.","They_have_to_clean_their_house.mp3"]]}]],0,0,[],[],[]],[[[0,"He_wants_to_buy_mangoes",".mp3",1.802449],-1],0,0,[],[],[]],[[{"name":"l16_girlwantsdoctor","rect":[0,0,868,689],"offset":[0,0],"originalSize":[868,689],"capInsets":[0,0,0,0]}],[0],0,[0],[0],[2]],[["0,9729,9729,33071,33071,0,0,1",-1],[1],0,[],[],[]],[[{"name":"l16_theywillhiking","rect":[0,0,868,689],"offset":[0,0],"originalSize":[868,689],"capInsets":[0,0,0,0]}],[0],0,[0],[0],[3]],[["0,9729,9729,33071,33071,0,0,1",-1],[1],0,[],[],[]],[[{"name":"l16_shewantsbananas","rect":[0,0,868,689],"offset":[0,0],"originalSize":[868,689],"capInsets":[0,0,0,0]}],[0],0,[0],[0],[4]],[["0,9729,9729,33071,33071,0,0,1",-1],[1],0,[],[],[]],[["0,9729,9729,33071,33071,0,0,1",-1],[1],0,[],[],[]],[[{"name":"l16_theywilfising","rect":[0,0,868,689],"offset":[0,0],"originalSize":[868,689],"capInsets":[0,0,0,0]}],[0],0,[0],[0],[5]],[["0,9729,9729,33071,33071,0,0,1",-1],[1],0,[],[],[]],[[{"name":"l16_girlwantbicycle","rect":[0,0,868,689],"offset":[0,0],"originalSize":[868,689],"capInsets":[0,0,0,0]}],[0],0,[0],[0],[6]],[[[0,"The_girl_wants_to_be_a_doctor",".mp3",1.906939],-1],0,0,[],[],[]],[["0,9729,9729,33071,33071,0,0,1",-1],[1],0,[],[],[]],[[[0,"The_boy_wants_to_be_a_doctor",".mp3",2.115918],-1],0,0,[],[],[]],[["0,9729,9729,33071,33071,0,0,1",-1],[1],0,[],[],[]],[["0,9729,9729,33071,33071,0,0,1",-1],[1],0,[],[],[]],[[{"name":"l16_theywillswimming","rect":[0,0,868,689],"offset":[0,0],"originalSize":[868,689],"capInsets":[0,0,0,0]}],[0],0,[0],[0],[7]],[[[0,"He_will_play_football",".mp3",1.697959],-1],0,0,[],[],[]],[[{"name":"l16_girlwantsairplane","rect":[0,0,868,689],"offset":[0,0],"originalSize":[868,689],"capInsets":[0,0,0,0]}],[0],0,[0],[0],[8]],[[{"name":"l16_girlwantsbed","rect":[0,0,868,689],"offset":[0,48.5],"originalSize":[868,786],"capInsets":[0,0,0,0]}],[0],0,[0],[0],[9]],[["0,9729,9729,33071,33071,0,0,1",-1],[1],0,[],[],[]],[[[0,"She_wants_to_buy_bananas",".mp3",1.854694],-1],0,0,[],[],[]],[[[0,"The_girl_wants_to_go_to_bed",".mp3",1.802449],-1],0,0,[],[],[]],[[[0,"He_will_clean_the_house",".mp3",1.593469],-1],0,0,[],[],[]],[["0,9729,9729,33071,33071,0,0,1",-1],[1],0,[],[],[]],[[{"name":"l16_hewillfootball","rect":[0,0,868,689],"offset":[0,0],"originalSize":[868,689],"capInsets":[0,0,0,0]}],[0],0,[0],[0],[10]],[[[0,"The_boy_wants_to_be_a_teacher",".mp3",2.115918],-1],0,0,[],[],[]],[[{"name":"l16_hewantsdoctor","rect":[0,0,868,689],"offset":[0,0],"originalSize":[868,689],"capInsets":[0,0,0,0]}],[0],0,[0],[0],[11]],[["0,9729,9729,33071,33071,0,0,1",-1],[1],0,[],[],[]],[[{"name":"l16_hewantsteacher","rect":[0,0,868,689],"offset":[0,0],"originalSize":[868,689],"capInsets":[0,0,0,0]}],[0],0,[0],[0],[12]],[[[0,"They_will_go_fishing",".mp3",1.332245],-1],0,0,[],[],[]],[["0,9729,9729,33071,33071,0,0,1",-1],[1],0,[],[],[]],[[[0,"He_will_drink_milk",".mp3",1.593469],-1],0,0,[],[],[]],[["0,9729,9729,33071,33071,0,0,1",-1],[1],0,[],[],[]],[[[0,"They_want_to_buy_bananas",".mp3",1.750204],-1],0,0,[],[],[]],[["0,9729,9729,33071,33071,0,0,1",-1],[1],0,[],[],[]],[[[0,"They_will_go_swimming",".mp3",1.28],-1],0,0,[],[],[]],[[{"name":"l16_hedrinkmilk","rect":[0,0,868,689],"offset":[0,0],"originalSize":[868,689],"capInsets":[0,0,0,0]}],[0],0,[0],[0],[13]],[[{"name":"l16_theywantbananas","rect":[0,0,868,689],"offset":[0,0],"originalSize":[868,689],"capInsets":[0,0,0,0]}],[0],0,[0],[0],[14]],[[[0,"The_girl_wants_to_have_a_bicycle",".mp3",2.220408],-1],0,0,[],[],[]],[[[0,"They_will_go_hiking",".mp3",1.306122],-1],0,0,[],[],[]],[[[0,"They_have_to_clean_their_house",".mp3",1.776327],-1],0,0,[],[],[]],[[[0,"She_will_buy_some_bananas",".mp3",1.906939],-1],0,0,[],[],[]]]]