[1,["cenq8pdU5DMpPhwuv3cAh9","652AHIB/FGxYjq5yDlvuJN","7aws+KvRtGW7iNyaZUZpo1","72QupRjJdNkb4RsCzYdCw5","93+Ej1RdFOlLqp6EcvSBQk","b6FlGy0YhHsreMpcJMkctx","05l2ZoF9xL2rwWiYpiSTTj"],["_textureSetter"],["cc.Texture2D","cc.SpriteFrame",["cc.AudioClip",["_name","_native","duration"],0],["cc.JsonAsset",["_name","json"],1]],[[2,0,1,2,4],[3,0,1,3]],[[["0,9729,9729,33071,33071,0,0,1",-1],[0],0,[],[],[]],[[{"name":"magenta","rect":[0,0,619,588],"offset":[0,0],"originalSize":[619,588],"capInsets":[0,0,0,0]}],[1],0,[0],[0],[0]],[[[0,"pink",".mp3",0.574694],-1],0,0,[],[],[]],[[{"name":"white","rect":[0,0,619,588],"offset":[0,0],"originalSize":[619,588],"capInsets":[0,0,0,0]}],[1],0,[0],[0],[1]],[[{"name":"grey","rect":[0,0,512,486],"offset":[0,0],"originalSize":[512,486],"capInsets":[0,0,0,0]}],[1],0,[0],[0],[2]],[[[0,"white",".mp3",0.783673],-1],0,0,[],[],[]],[["0,9729,9729,33071,33071,0,0,1",-1],[0],0,[],[],[]],[["0,9729,9729,33071,33071,0,0,1",-1],[0],0,[],[],[]],[[{"name":"cyan","rect":[0,0,512,486],"offset":[0,0],"originalSize":[512,486],"capInsets":[0,0,0,0]}],[1],0,[0],[0],[3]],[["0,9729,9729,33071,33071,0,0,1",-1],[0],0,[],[],[]],[[{"name":"black","rect":[0,0,512,486],"offset":[0,0],"originalSize":[512,486],"capInsets":[0,0,0,0]}],[1],0,[0],[0],[4]],[["0,9729,9729,33071,33071,0,0,1",-1],[0],0,[],[],[]],[[[0,"black",".mp3",0.626939],-1],0,0,[],[],[]],[["0,9729,9729,33071,33071,0,0,1",-1],[0],0,[],[],[]],[[{"name":"maroon","rect":[0,0,619,588],"offset":[0,0],"originalSize":[619,588],"capInsets":[0,0,0,0]}],[1],0,[0],[0],[5]],[["0,9729,9729,33071,33071,0,0,1",-1],[0],0,[],[],[]],[[[1,"sl_en3101",{"rows":[["spelldoor","1","Description","grey","gre*","0","1","grey.png","grey.mp3"],["spelldoor","1","Description","white","w*ite","4","2","white.png","white.mp3"],["spelldoor","1","Description","black","*lack","2","0","black.png","black.mp3"],["spelldoor","1","Description","maroon","mar**n","3","2","maroon.png","maroon.mp3"],["spelldoor","1","Description","pink","*ink","3","2","pink.png","pink.mp3"],["spelldoor","1","Description","magenta","magen**","3","2","magenta.png","magenta.mp3"],["spelldoor","1","Description","cyan","*yan","3","2","cyan.png","cyan.mp3"],["quizliteracy","1","Description","image_word","black","white","black","grey","black.png"],["quizliteracy","1","Description","image_word","pink","pink","grey","white","pink.png"],["quizliteracy","1","Description","image_word","cyan","grey","maroon","cyan","cyan.png"]]}]],0,0,[],[],[]],[[{"name":"pink","rect":[0,0,619,588],"offset":[0,0],"originalSize":[619,588],"capInsets":[0,0,0,0]}],[1],0,[0],[0],[6]]]]