[1,["78hnwW1mJBG6CxT1dzUDZe","baNdN+9PBGdaRD7ZL9bOgY","11lzfsX3JMV5YsFj6OCpjV","154Cs53GtKep0MpMkfp9qY","01pfJCsfNMwbxhWRVbol5F","eaWw1O/tNJL4n5074K/WHh","0afbvUH4BK4Kuw1f2y4MaK","3d1vJrAN5ASI865WuHWo2L","14Q6hCWn9GlKKf4R4tPQQu","40Ul3GmfpKHrBwdKm9lbY8","54uhvyRfZFBosRwRZYZLh9","7dxdM6k59HMrAfeCeVtXjl","f1X8Fqjt1IfIoazowZ2NbT","cdBRVJIJBFE5uNFPkiL0Mw","b0n5EH7GBDoqQmbeaOOze+"],["_textureSetter"],["cc.Texture2D","cc.SpriteFrame",["cc.AudioClip",["_name","_native","duration"],0],["cc.JsonAsset",["_name","json"],1]],[[2,0,1,2,4],[3,0,1,3]],[[["0,9729,9729,33071,33071,0,0,1",-1],[0],0,[],[],[]],[["0,9729,9729,33071,33071,0,0,1",-1],[0],0,[],[],[]],[[{"name":"2tigers","rect":[0,0,256,198],"offset":[0,0],"originalSize":[256,198],"capInsets":[0,0,0,0]}],[1],0,[0],[0],[0]],[["0,9729,9729,33071,33071,0,0,1",-1],[0],0,[],[],[]],[["0,9729,9729,33071,33071,0,0,1",-1],[0],0,[],[],[]],[["0,9729,9729,33071,33071,0,0,1",-1],[0],0,[],[],[]],[[[0,"5",".mp3",0.783673],-1],0,0,[],[],[]],[[[0,"1",".mp3",0.757551],-1],0,0,[],[],[]],[[{"name":"5flowers","rect":[0,0,256,187],"offset":[0,0],"originalSize":[256,187],"capInsets":[0,0,0,0]}],[1],0,[0],[0],[1]],[[{"name":"3chicks","rect":[0,0,256,191],"offset":[0,0],"originalSize":[256,191],"capInsets":[0,0,0,0]}],[1],0,[0],[0],[2]],[[{"name":"5pens","rect":[0,0,256,253],"offset":[0,0],"originalSize":[256,253],"capInsets":[0,0,0,0]}],[1],0,[0],[0],[3]],[["0,9729,9729,33071,33071,0,0,1",-1],[0],0,[],[],[]],[["0,9729,9729,33071,33071,0,0,1",-1],[0],0,[],[],[]],[[{"name":"4girls","rect":[0,0,256,171],"offset":[0,0],"originalSize":[256,171],"capInsets":[0,0,0,0]}],[1],0,[0],[0],[4]],[["0,9729,9729,33071,33071,0,0,1",-1],[0],0,[],[],[]],[[{"name":"1tiger","rect":[0,0,256,256],"offset":[0,0],"originalSize":[256,256],"capInsets":[0,0,0,0]}],[1],0,[0],[0],[5]],[[{"name":"4chicks","rect":[0,0,256,210],"offset":[0,0],"originalSize":[256,210],"capInsets":[0,0,0,0]}],[1],0,[0],[0],[6]],[["0,9729,9729,33071,33071,0,0,1",-1],[0],0,[],[],[]],[["0,9729,9729,33071,33071,0,0,1",-1],[0],0,[],[],[]],[[{"name":"3apples","rect":[0,0,256,230],"offset":[0,0],"originalSize":[256,230],"capInsets":[0,0,0,0]}],[1],0,[0],[0],[7]],[[[0,"4",".mp3",0.705306],-1],0,0,[],[],[]],[[{"name":"3books","rect":[0,0,256,222],"offset":[0,0],"originalSize":[256,222],"capInsets":[0,0,0,0]}],[1],0,[0],[0],[8]],[[[0,"3",".mp3",0.731429],-1],0,0,[],[],[]],[["0,9729,9729,33071,33071,0,0,1",-1],[0],0,[],[],[]],[["0,9729,9729,33071,33071,0,0,1",-1],[0],0,[],[],[]],[[[1,"en4009",{"rows":[["openwindow1","1","Description","LEGIT","two","2dogs.png","1dog.png","2.mp3","abcdefghijklmnopqrstuvwxyz"],["openwindow1","1","Description","LEGIT","five","3books.png","5books.png","5.mp3","abcdefghijklmnopqrstuvwxyz"],["openwindow1","1","Description","LEGIT","three","3pens.png","5pens.png","3.mp3","abcdefghijklmnopqrstuvwxyz"],["openwindow1","1","Description","LEGIT","four","4chicks.png","3chicks.png","4.mp3","abcdefghijklmnopqrstuvwxyz"],["openwindow1","1","Description","LEGIT","two","2girls.png","4girls.png","2.mp3","abcdefghijklmnopqrstuvwxyz"],["openwindow1","1","Description","LEGIT","five","5flowers.png","2flowers.png","4.mp3","abcdefghijklmnopqrstuvwxyz"],["openwindow1","1","Description","LEGIT","one","1tiger.png","2tigers.png","1.mp3","abcdefghijklmnopqrstuvwxyz"],["openwindow1","1","Description","LEGIT","three","3apples.png","5apples.png","3.mp3","abcdefghijklmnopqrstuvwxyz"],["quizliteracy","1","Description","image_sentence","one","one","thirteen","six","1dog.png","","1.mp3"],["quizliteracy","1","Description","image_sentence","two","two","four","three","2girls.png","","2.mp3"],["quizliteracy","1","Description","image_sentence","five","nine","five","seven","5flowers.png","","5.mp3"]]}]],0,0,[],[],[]],[["0,9729,9729,33071,33071,0,0,1",-1],[0],0,[],[],[]],[[{"name":"2dogs","rect":[0,0,256,256],"offset":[0,0],"originalSize":[256,256],"capInsets":[0,0,0,0]}],[1],0,[0],[0],[9]],[[{"name":"1dog","rect":[0,0,249,256],"offset":[0,0],"originalSize":[249,256],"capInsets":[0,0,0,0]}],[1],0,[0],[0],[10]],[[[0,"2",".mp3",0.731429],-1],0,0,[],[],[]],[["0,9729,9729,33071,33071,0,0,1",-1],[0],0,[],[],[]],[[{"name":"3pens","rect":[0,0,208,256],"offset":[0,0],"originalSize":[208,256],"capInsets":[0,0,0,0]}],[1],0,[0],[0],[11]],[[{"name":"5books","rect":[0,0,256,229],"offset":[0,0],"originalSize":[256,229],"capInsets":[0,0,0,0]}],[1],0,[0],[0],[12]],[["0,9729,9729,33071,33071,0,0,1",-1],[0],0,[],[],[]],[[{"name":"5apples","rect":[0,0,256,176],"offset":[0,0],"originalSize":[256,176],"capInsets":[0,0,0,0]}],[1],0,[0],[0],[13]],[[{"name":"2girls","rect":[0,0,205,256],"offset":[0,0],"originalSize":[205,256],"capInsets":[0,0,0,0]}],[1],0,[0],[0],[14]]]]