[1,["763kgLYHJD3oNOaDKt2X41","5amcTEt69BTJFohO+BOOFH","a5jwkNuzJJHY13u4nCQmy3"],["_textureSetter"],["cc.SpriteFrame","cc.Texture2D",["cc.AudioClip",["_name","_native","duration"],0],["cc.JsonAsset",["_name","json"],1]],[[2,0,1,2,4],[3,0,1,3]],[[[[0,"ओम",".mp3",0.783673],-1],0,0,[],[],[]],[[{"name":"burden","rect":[0,0,480,640],"offset":[0,0],"originalSize":[480,640],"capInsets":[0,0,0,0]}],[0],0,[0],[0],[0]],[[{"name":"om","rect":[0,0,640,426],"offset":[0,0],"originalSize":[640,426],"capInsets":[0,0,0,0]}],[0],0,[0],[0],[1]],[["0,9729,9729,33071,33071,0,0,1",-1],[1],0,[],[],[]],[["0,9729,9729,33071,33071,0,0,1",-1],[1],0,[],[],[]],[[[0,"ओठ",".mp3",0.653061],-1],0,0,[],[],[]],[["0,9729,9729,33071,33071,0,0,1",-1],[1],0,[],[],[]],[[{"name":"lips","rect":[0,0,640,372],"offset":[0,0],"originalSize":[640,372],"capInsets":[0,0,0,0]}],[0],0,[0],[0],[2]],[[[0,"ओ",".mp3",0.679184],-1],0,0,[],[],[]],[[[0,"ओझे",".mp3",0.992653],-1],0,0,[],[],[]],[[[1,"mr0009",{"rows":[["balloonpop","1","Description","2","ओ","3","ए,ऐ,ओ","ओ.mp3"],["phonictractor","1","Description","5","ओ","ओ.mp3","ओ","ओ.mp3"],["writeletter","1","Description","ओ","ओम"],["writecard","1","Description","ओ","ओम","om.png","ओम.mp3","ओझे","burden.png","ओझे.mp3","ओठ","lips.png","ओठ.mp3"],["quizliteracy","1","Description","soundonly_word","ओ","इ","ओ","ऋ","","","ओ.mp3"],["quizliteracy","1","Description","word_word","ओ","ओ","ऐ","ऊ","","ओ"],["quizliteracy","1","Description","soundonly_word","ओ","इ","ओ","ऋ","","","ओ.mp3"]]}]],0,0,[],[],[]]]]