[1,["41X4xSCQxC47xun5zADmt1","93cJ7vZ4tMwrWvm0x0Ogyv","30Nh47WWJHnovCK2TbrBqR","3e+RgrgOVGTapLTUswTMz6","ddPAXEVahGSapIC/sor3LW","d3nuTeU/VPpq+4w4mQH33s"],["_textureSetter"],["cc.SpriteFrame","cc.Texture2D",["cc.AudioClip",["_name","_native","duration"],0],["cc.JsonAsset",["_name","json"],1]],[[2,0,1,2,4],[3,0,1,3]],[[[{"name":"spelling_six","rect":[0,0,370,273],"offset":[0,0],"originalSize":[370,273],"capInsets":[0,0,0,0]}],[0],0,[0],[0],[0]],[[[0,"rat",".mp3",0.912],-1],0,0,[],[],[]],[[[1,"en2301",{"rows":[["spelldoor","1","Description","dog","***","4","1","spelling_dog.png","dog.mp3"],["spelldoor","1","Description","rat","***","4","1","spelling_rat.png","rat.mp3"],["spelldoor","1","Description","cat","***","4","1","spelling_cat.png","cat.mp3"],["spelldoor","1","Description","six","***","4","1","spelling_six.png","six.mp3"],["spelldoor","1","Description","bug","***","4","1","spelling_bug.png","bug.mp3"],["spelldoor","1","Description","toy","***","4","1","spelling_toy.jpg","toy.mp3"],["quizliteracy","1","Description","word_word","og","og","ed","ad","","d__","dog.mp3"],["quizliteracy","1","Description","word_word","ug","og","ug","as","","b__","bug.mp3"],["quizliteracy","1","Description","word_word","r","c","h","r","","_at","rat.mp3"],["quizliteracy","1","Description","word_word","si","hi","si","ti","","__x","six.mp3"],["quizliteracy","1","Description","word_word","oy","ot","oy","ox","","t__","toy.mp3"]]}]],0,0,[],[],[]],[[[0,"toy",".mp3",0.864],-1],0,0,[],[],[]],[["0,9729,9729,33071,33071,0,0,1",-1],[1],0,[],[],[]],[["0,9729,9729,33071,33071,0,0,1",-1],[1],0,[],[],[]],[["0,9729,9729,33071,33071,0,0,1",-1],[1],0,[],[],[]],[[{"name":"spelling_bug","rect":[0,0,370,273],"offset":[0,0],"originalSize":[370,273],"capInsets":[0,0,0,0]}],[0],0,[0],[0],[1]],[[[0,"cat",".mp3",0.864],-1],0,0,[],[],[]],[["0,9729,9729,33071,33071,0,0,1",-1],[1],0,[],[],[]],[[[0,"six",".mp3",1.152],-1],0,0,[],[],[]],[[{"name":"spelling_rat","rect":[0,0,370,273],"offset":[0,0],"originalSize":[370,273],"capInsets":[0,0,0,0]}],[0],0,[0],[0],[2]],[[{"name":"spelling_cat","rect":[0,0,370,273],"offset":[0,0],"originalSize":[370,273],"capInsets":[0,0,0,0]}],[0],0,[0],[0],[3]],[[{"name":"spelling_dog","rect":[0,0,370,273],"offset":[0,0],"originalSize":[370,273],"capInsets":[0,0,0,0]}],[0],0,[0],[0],[4]],[["1,9729,9729,33071,33071,0,0,1",-1],[1],0,[],[],[]],[[{"name":"spelling_toy","rect":[0,0,649,800],"offset":[0,0],"originalSize":[649,800],"capInsets":[0,0,0,0]}],[0],0,[0],[0],[5]],[["0,9729,9729,33071,33071,0,0,1",-1],[1],0,[],[],[]],[[[0,"dog",".mp3",0.96],-1],0,0,[],[],[]],[[[0,"bug",".mp3",0.936],-1],0,0,[],[],[]]]]