[1,["83guskXqdCcIGih/MTuhn4","18i0wWVadPYJclN5/Z90A6","75xetAjLBLyLXbeKI/nY61","96o+MHsFhDTqSGrjZ0pYGu"],["_textureSetter"],["cc.SpriteFrame","cc.Texture2D",["cc.AudioClip",["_name","_native","duration"],0],["cc.JsonAsset",["_name","json"],1]],[[2,0,1,2,4],[3,0,1,3]],[[[{"name":"swing","rect":[0,0,500,348],"offset":[0,0],"originalSize":[500,348],"capInsets":[0,0,0,0]}],[0],0,[0],[0],[0]],[[[0,"ಅಭ್ಯಾಸ",".mp3",0.936],-1],0,0,[],[],[]],[[[0,"ಗ್ಯ",".mp3",0.576],-1],0,0,[],[],[]],[["0,9729,9729,33071,33071,0,0,1",-1],[1],0,[],[],[]],[[[0,"ಅ",".mp3",0.456],-1],0,0,[],[],[]],[[[0,"ನಡೆದಾಟ",".mp3",0.912],-1],0,0,[],[],[]],[[[0,"ಗ",".mp3",0.528],-1],0,0,[],[],[]],[[[0,"ಸ",".mp3",0.576],-1],0,0,[],[],[]],[[[0,"ಜಾಣೆ",".mp3",0.744],-1],0,0,[],[],[]],[[[0,"ಭ್ಯಾ",".mp3",0.6],-1],0,0,[],[],[]],[[{"name":"exercise","rect":[0,0,500,332],"offset":[0,0],"originalSize":[500,332],"capInsets":[0,0,0,0]}],[0],0,[0],[0],[1]],[[{"name":"walking","rect":[0,0,800,533],"offset":[0,0],"originalSize":[800,533],"capInsets":[0,0,0,0]}],[0],0,[0],[0],[2]],[[[0,"ವ್ಯಾಯಾಮ",".mp3",0.864],-1],0,0,[],[],[]],[[[0,"ಜೋಕಾಲಿ",".mp3",0.888],-1],0,0,[],[],[]],[["0,9729,9729,33071,33071,0,0,1",-1],[1],0,[],[],[]],[["0,9729,9729,33071,33071,0,0,1",-1],[1],0,[],[],[]],[[[0,"ಅಗತ್ಯ",".mp3",0.816],-1],0,0,[],[],[]],[[[0,"ರೋ",".mp3",0.552],-1],0,0,[],[],[]],[["0,9729,9729,33071,33071,0,0,1",-1],[1],0,[],[],[]],[[[0,"ತ್ಯ",".mp3",0.552],-1],0,0,[],[],[]],[[[0,"ಅರೋಗ್ಯ",".mp3",0.84],-1],0,0,[],[],[]],[[{"name":"smart_girl","rect":[0,0,800,800],"offset":[0,0],"originalSize":[800,800],"capInsets":[0,0,0,0]}],[0],0,[0],[0],[3]],[[[1,"kn3202",{"rows":[["spelldoor","1","Description","ವ್ಯಾ,ಯಾ,ಮ","***","0","0","exercise.png","ವ್ಯಾಯಾಮ.mp3"],["phonictractor","1","Description","4","ಅರೋಗ್ಯ","ಅರೋಗ್ಯ.mp3","ಅ","ಅ.mp3","ರೋ","ರೋ.mp3","ಗ್ಯ","ಗ್ಯ.mp3"],["spelldoor","1","Description","ಜೋ,ಕಾ,ಲಿ","***","0","0","swing.png","ಜೋಕಾಲಿ.mp3"],["phonictractor","1","Description","4","ಅಗತ್ಯ","ಅಗತ್ಯ.mp3","ಅ","ಅ.mp3","ಗ","ಗ.mp3","ತ್ಯ","ತ್ಯ.mp3"],["spelldoor","1","Description","ನಡೆದಾಟ","****","0","0","walking.png","ನಡೆದಾಟ.mp3"],["phonictractor","1","Description","4","ಅಭ್ಯಾಸ","ಅಭ್ಯಾಸ.mp3","ಅ","ಅ.mp3","ಭ್ಯಾ","ಭ್ಯಾ.mp3","ಸ","ಸ.mp3"],["spelldoor","1","Description","ಜಾಣೆ","**","0","0","smart_girl.png","ಜಾಣೆ.mp3"],["quizliteracy","1","Description","word_word","ನಡೆ","ನಡೆ","ಹಿಡಿ","ಪರಿ","","____ದಾಟ","ನಡೆದಾಟ.mp3"],["quizliteracy","1","Description","image_word","ವ್ಯಾಯಾಮ","ಅಗತ್ಯ","ವ್ಯಾಯಾಮ","ಅಭ್ಯಾಸ","exercise.png"],["quizliteracy","1","Description","soundonly_word","ಜಾಣೆ","ಜೋಕಾಲಿ","ಅರೋಗ್ಯ","ಜಾಣೆ","","","ಜಾಣೆ.mp3"]]}]],0,0,[],[],[]]]]