[1,["3btYr9UltH760CMG4EhfN0","9aedOir1FIjo1xyf40bn2q","bdxB6QQUZNxbiS2TIYrWOP"],["_textureSetter"],["cc.SpriteFrame","cc.Texture2D",["cc.AudioClip",["_name","_native","duration"],0],["cc.JsonAsset",["_name","json"],1]],[[2,0,1,2,4],[3,0,1,3]],[[[[0,"floor",".mp3",0.757551],-1],0,0,[],[],[]],[[[0,"flu",".mp3",0.731429],-1],0,0,[],[],[]],[[{"name":"spelling_flower","rect":[0,0,370,273],"offset":[0,0],"originalSize":[370,273],"capInsets":[0,0,0,0]}],[0],0,[0],[0],[0]],[[[0,"flat",".mp3",1.044898],-1],0,0,[],[],[]],[[[0,"bl",".mp3",0.84],-1],0,0,[],[],[]],[["0,9729,9729,33071,33071,0,0,1",-1],[1],0,[],[],[]],[[[0,"flap",".mp3",0.548571],-1],0,0,[],[],[]],[[[0,"flag",".mp3",0.835918],-1],0,0,[],[],[]],[[[1,"sl_en1708",{"rows":[["grid","1","Description","fl","y,u,ow"],["grid","1","Description","fl","ag,at,ap"],["grid","1","Description","fl","oor,eet,ute"],["rocket","1","Description","flower","fl,ower","fl,ower","flower.mp3","flower.png","false","false"],["speakingpet","1","Description","bl.mp3","fl.mp3","blouse","blouse.mp3","A","1,2","fly","fly.mp3","B","1,2","flag","flag.mp3","B","1,2","floor","floor.mp3","B","1,2"],["spelldoor","1","Description","floor","*l*or","2","1","spelling_floor.png","floor.mp3"],["spelldoor","1","Description","flower","******","4","4","spelling_flower.png","flower.mp3"],["quizliteracy","1","Description","soundonly_word","flower","fly","flower","plane","","","flower.mp3"],["quizliteracy","1","Description","soundonly_word","fly","fly","clay","play","","","fly.mp3"],["quizliteracy","1","Description","word_word","fl","al","gr","fl","","___ower","flower.mp3"],["quizliteracy","1","Description","word_word","fl","el","fl","cl","","___oor","floor.mp3"],["quizliteracy","1","Description","word_word","fl","fl","gr","bl","","___ag","flag.mp3"]]}]],0,0,[],[],[]],[[[0,"blouse",".mp3",0.731429],-1],0,0,[],[],[]],[["0,9729,9729,33071,33071,0,0,1",-1],[1],0,[],[],[]],[[{"name":"flower","rect":[0,0,400,290],"offset":[0,0],"originalSize":[400,290],"capInsets":[0,0,0,0]}],[0],0,[0],[0],[1]],[[[0,"fleet",".mp3",0.757551],-1],0,0,[],[],[]],[[[0,"fly",".mp3",0.783673],-1],0,0,[],[],[]],[[{"name":"spelling_floor","rect":[0,0,370,273],"offset":[0,0],"originalSize":[370,273],"capInsets":[0,0,0,0]}],[0],0,[0],[0],[2]],[[[0,"flower",".mp3",0.835918],-1],0,0,[],[],[]],[[[0,"flow",".mp3",1.17551],-1],0,0,[],[],[]],[["0,9729,9729,33071,33071,0,0,1",-1],[1],0,[],[],[]],[[[0,"flute",".mp3",0.809796],-1],0,0,[],[],[]],[[[0,"fl",".mp3",0.912],-1],0,0,[],[],[]]]]