[1,["703CjexzdN4ILwqjIfzQAk","6dfcpKlUJApLtyvDl6VxLb","b25TBlWstL2bVQcbHoc6ea"],["_textureSetter"],["cc.SpriteFrame","cc.Texture2D",["cc.AudioClip",["_name","_native","duration"],0],["cc.JsonAsset",["_name","json"],1]],[[2,0,1,2,4],[3,0,1,3]],[[[[0,"crab",".mp3",0.600816],-1],0,0,[],[],[]],[[[0,"clot",".mp3",0.757551],-1],0,0,[],[],[]],[[[0,"class",".mp3",0.809796],-1],0,0,[],[],[]],[[[0,"clear",".mp3",0.757551],-1],0,0,[],[],[]],[[[1,"sl_en1709",{"rows":[["grid","1","Description","cl","ub,ip,aw"],["grid","1","Description","cl","ap,ay,ot"],["grid","1","Description","cl","ass,ear,ock"],["rocket","1","Description","class","a,b,c,d,e,f,g,h,i,j,k,l,m,n,o,p,q,r,s,t,u,v,w,x,y,z","c,l,a,s,s","class.mp3","class.jpg","false","true"],["rocket","1","Description","clock","cl,ock","cl,ock","clock.mp3","clock.png","false","false"],["speakingpet","1","Description","cr.mp3","cl.mp3","crab","crab.mp3","A","1,2","cream","cream.mp3","A","1,2","clock","clock.mp3","B","1,2","class","class.mp3","B","1,2"],["spelldoor","1","Description","clock","*l*ck","2","1","spelling_clock.png","clock.mp3"],["quizliteracy","1","Description","image_word","clock","card","crab","clock","clock.png"],["quizliteracy","1","Description","soundonly_word","class","crown","class","cloud","","","class.mp3"],["quizliteracy","1","Description","soundonly_word","circle","circle","cloud","clock","","","circle.mp3"]]}]],0,0,[],[],[]],[[[0,"clap",".mp3",0.626939],-1],0,0,[],[],[]],[[{"name":"clock","rect":[0,0,511,512],"offset":[0,0],"originalSize":[511,512],"capInsets":[0,0,0,0]}],[0],0,[0],[0],[0]],[["0,9729,9729,33071,33071,0,0,1",-1],[1],0,[],[],[]],[["0,9729,9729,33071,33071,0,0,1",-1],[1],0,[],[],[]],[[[0,"club",".mp3",0.653061],-1],0,0,[],[],[]],[[[0,"claw",".mp3",0.679184],-1],0,0,[],[],[]],[[{"name":"spelling_clock","rect":[0,0,370,273],"offset":[0,0],"originalSize":[370,273],"capInsets":[0,0,0,0]}],[0],0,[0],[0],[1]],[["1,9729,9729,33071,33071,0,0,1",-1],[1],0,[],[],[]],[[[0,"cream",".mp3",0.705306],-1],0,0,[],[],[]],[[[0,"clip",".mp3",0.339592],-1],0,0,[],[],[]],[[[0,"clock",".mp3",0.653061],-1],0,0,[],[],[]],[[{"name":"class","rect":[0,0,6471,3399],"offset":[0,0],"originalSize":[6471,3399],"capInsets":[0,0,0,0]}],[0],0,[0],[0],[2]],[[[0,"cl",".mp3",0.365714],-1],0,0,[],[],[]],[[[0,"clay",".mp3",0.679184],-1],0,0,[],[],[]],[[[0,"circle",".mp3",0.705306],-1],0,0,[],[],[]],[[[0,"cr",".mp3",0.936],-1],0,0,[],[],[]]]]