[1,["29y+aCCftFlae+ljCzjMjB","16olQCPo9JY6rC9gvV0nu3","eaTBdnbVlGn5cXg4IDHYzX","26iBaN2G1NUK6EWR6lzdLg","fdGyw8PKNJXJIP2CvRhPXr","272cwU325HkbjIk/1OjZDm","c4MsDa+6FNuKY0N1lGsvHW","23jfdqiDVK1biJC9U8o7Jn","e3lMHyRlBEWIgYF8hdyIs0","d7rdpPWARHC55/C9u+vTM6","d0AouyttdFepAAEKK1CWpg","3ayDQ+sUJPqIvaIWrJ33cr","54FsY4m0xDhIlBgZCY8TVj","bdGDjNV2RNYbj2jvEj75X1","efdXfGQxJPOLcF9EErzVgS","d378cOoelEyJJghqtSngfk","c9RyVL2mFKwbsWzgQKbo6K","f3K8F1pjJOaJVe7HCKtaYq","97bvZdq+NLjaI5VKM7mSag","81hE2YiZlDH5BeoPtJdQKe","d1UiclB51NlrUZMoayZwSn","55+0nQFVtLy7nDXl2b3/XK","2c7bF90WlPrJXLFtAWqfdn","5aK5zlJYRJL5digM2oJ1a1","8bMeXJP2BKhJvKaMabnyL5","0fE2ZQjg9Kj5o86EsudDOt","2e7fuDM/dJYKVKIdzKQ0Kk","22BiJ3XIVBjp5yb+4giavM","bfnHzr9xNNL72pqfFfl37L","a5+aGTkcpIRpMhAVZTps6S","42L5Ngha5IpZNxJhTViXWO","a5kjoKVgdNsrklNgFMvkKq","886TetLCNHBJXqW24NeIcj","4eyhDaawRD1Yw96QuIXwwg","df2/QA8Y5E/YQFNy7FEhDG","95Qlnf/JhL5ZfgOnEPW5im","1cEqJFPLNL8IXHW5O4/Ou6","eeyHVPwblCpbpEfgGB2Fmw","1c12AWUxtDdYTFSc+E5QLn","e8/HujzGxFZZb4s2s4ZBHM","0elEHp/OlGTLoodXB44xMp","62t8J06qhH1JPFW5hcuL6X","b8SkjMJ/dA+rYRQa2QLucs","39zgFu0x5MOqh6iUxGxm6Y","9996elMPxPGpQGdxDEUP7p","c1hc9BX/RGvakIaM/PmnWR","0ejwVSo0VI5qU462a/EpHF","d3FBvyCS5PIobINzry7okn","f2ZpHziYRAQJRaD7xYhqcF","e5I948ke9PlIoH2J11FPnM","d0y3itDYlD7686aEnOY7qi","3ezLuvRJZFBosnAs2eb1fz","68vl7eZJ9MnbAWw5utWuNo","73HVtXPVdAZaZInu7ahkjq","bdXoDkLi9B8IGzw7M9eDOB","8ecTW8IOBIeq5JKtwa0HMn","09RpjhFd5M5LF/kTOm6TzH","d9CPQUWk9Fbp6j3fT6AnLf","81pYQBqTREbbouPv+shQKw","09a9slffFIbplDe3S77E7y"],["_textureSetter"],["cc.SpriteFrame","cc.Texture2D",["cc.AudioClip",["_name","_native","duration"],0],["cc.JsonAsset",["_name","json"],1]],[[2,0,1,2,4],[3,0,1,3]],[[[[0,"strong_weak",".mp3",1.488],-1],0,0,[],[],[]],[[{"name":"sharp","rect":[102,0,264,512],"offset":[-10.5,0],"originalSize":[489,512],"capInsets":[0,0,0,0]}],[0],0,[0],[0],[0]],[["0,9729,9729,33071,33071,0,0,1",-1],[1],0,[],[],[]],[["0,9729,9729,33071,33071,0,0,1",-1],[1],0,[],[],[]],[[{"name":"out","rect":[0,0,352,512],"offset":[0,0],"originalSize":[352,512],"capInsets":[0,0,0,0]}],[0],0,[0],[0],[1]],[["0,9729,9729,33071,33071,0,0,1",-1],[1],0,[],[],[]],[["0,9729,9729,33071,33071,0,0,1",-1],[1],0,[],[],[]],[["0,9729,9729,33071,33071,0,0,1",-1],[1],0,[],[],[]],[[{"name":"wrong","rect":[0,0,579,566],"offset":[0,0],"originalSize":[579,566],"capInsets":[0,0,0,0]}],[0],0,[0],[0],[2]],[[{"name":"sweet","rect":[0,0,511,512],"offset":[0,0],"originalSize":[511,512],"capInsets":[0,0,0,0]}],[0],0,[0],[0],[3]],[["0,9729,9729,33071,33071,0,0,1",-1],[1],0,[],[],[]],[[[0,"far_near",".mp3",1.176],-1],0,0,[],[],[]],[[{"name":"short","rect":[0,0,445,512],"offset":[0,0],"originalSize":[445,512],"capInsets":[0,0,0,0]}],[0],0,[0],[0],[4]],[["0,9729,9729,33071,33071,0,0,1",-1],[1],0,[],[],[]],[["0,9729,9729,33071,33071,0,0,1",-1],[1],0,[],[],[]],[[{"name":"wide","rect":[0,0,2560,2980],"offset":[0,0],"originalSize":[2560,2980],"capInsets":[0,0,0,0]}],[0],0,[0],[0],[5]],[[[0,"even_odd",".mp3",1.224],-1],0,0,[],[],[]],[["0,9729,9729,33071,33071,0,0,1",-1],[1],0,[],[],[]],[[[0,"on_off",".mp3",1.08],-1],0,0,[],[],[]],[["0,9729,9729,33071,33071,0,0,1",-1],[1],0,[],[],[]],[["0,9729,9729,33071,33071,0,0,1",-1],[1],0,[],[],[]],[["0,9729,9729,33071,33071,0,0,1",-1],[1],0,[],[],[]],[[{"name":"neat","rect":[0,0,512,497],"offset":[0,0],"originalSize":[512,497],"capInsets":[0,0,0,0]}],[0],0,[0],[0],[6]],[["0,9729,9729,33071,33071,0,0,1",-1],[1],0,[],[],[]],[["0,9729,9729,33071,33071,0,0,1",-1],[1],0,[],[],[]],[["0,9729,9729,33071,33071,0,0,1",-1],[1],0,[],[],[]],[[{"name":"sick","rect":[0,0,461,512],"offset":[0,0],"originalSize":[461,512],"capInsets":[0,0,0,0]}],[0],0,[0],[0],[7]],[[[1,"en2705",{"rows":[["letterpair","1","Description","text","text","good","bad","","up","down","","light","dark","","big","small","","high","low","","tall","short","","fat","thin"],["letterpair","1","Description","image","image","full.png","empty.png","full/empty.mp3","wet.png","dry.png","wet_dry.mp3","smooth.png","rough.png","smooth_rough.mp3","thin.png","thick.png","thin_thick.mp3","right.png","wrong.png","right_wrong.mp3","old.png","young.png","old_young.mp3"],["letterpair","1","Description","image","image","strong.png","weak.png","strong_weak.mp3","poor.png","rich.png","poor_rich.mp3","hot.png","cold.png","hot_cold.mp3","clean.png","dirty.png","clean_dirty.mp3","fast.png","slow.png","fast_slow.mp3","happy.png","sad.png","happy_sad.mp3"],["letterpair","1","Description","image","image","more.png","less.png","more_less.mp3","in.png","out.png","in_out.mp3","night.png","day.png","night_day.mp3","on.png","off.png","on_off.mp3","open.png","close.png","open_close.mp3","enter.png","exit.png","enter_exit.mp3"],["letterpair","1","Description","image","image","healthy.png","sick.png","healthy_sick.mp3","laugh.png","cry.png","laugh_cry.mp3","win.png","lose.png","win_lose.mp3","wide.png","narrow.png","wide_narrow.mp3","awake.png","asleep.png","awake_asleep.mp3","long.png","short.png","long_short.mp3"],["letterpair","1","Description","image","image","sharp.png","blunt.png","sharp_blunt.mp3","hard.png","easy.png","hard_easy.mp3","even.png","odd.png","even_odd.mp3","far.png","near.png","far_near.mp3","messy.png","neat.png","messy_neat.mp3","sweet.png","bitter.png","sweet_bitter.mp3"],["quizliteracy","1","Description","sentence_sentence","empty","empty","less","night","","full X _____","full_empty.mp3"],["quizliteracy","1","Description","sentence_sentence","less","small","empty","less","","more X _____.","more_less.mp3"],["quizliteracy","1","Description","sentence_sentence","night","less","night","empty","","day X _____.","night_day.mp3"]]}]],0,0,[],[],[]],[[[0,"wide_narrow",".mp3",1.416],-1],0,0,[],[],[]],[[[0,"in_out",".mp3",1.104],-1],0,0,[],[],[]],[[{"name":"win","rect":[0,0,800,801],"offset":[0,0],"originalSize":[800,801],"capInsets":[0,0,0,0]}],[0],0,[0],[0],[8]],[[{"name":"on","rect":[0,0,512,508],"offset":[0,0],"originalSize":[512,508],"capInsets":[0,0,0,0]}],[0],0,[0],[0],[9]],[["0,9729,9729,33071,33071,0,0,1",-1],[1],0,[],[],[]],[[{"name":"fast","rect":[0,0,512,382],"offset":[0,0],"originalSize":[512,382],"capInsets":[0,0,0,0]}],[0],0,[0],[0],[10]],[["0,9729,9729,33071,33071,0,0,1",-1],[1],0,[],[],[]],[[{"name":"slow","rect":[0,0,512,468],"offset":[0,0],"originalSize":[512,468],"capInsets":[0,0,0,0]}],[0],0,[0],[0],[11]],[[{"name":"long","rect":[0,0,512,507],"offset":[0,0],"originalSize":[512,507],"capInsets":[0,0,0,0]}],[0],0,[0],[0],[12]],[[[0,"open_close",".mp3",1.44],-1],0,0,[],[],[]],[[{"name":"hard","rect":[0,0,395,512],"offset":[0,0],"originalSize":[395,512],"capInsets":[0,0,0,0]}],[0],0,[0],[0],[13]],[["0,9729,9729,33071,33071,0,0,1",-1],[1],0,[],[],[]],[[{"name":"awake","rect":[0,0,512,491],"offset":[0,0],"originalSize":[512,491],"capInsets":[0,0,0,0]}],[0],0,[0],[0],[14]],[["0,9729,9729,33071,33071,0,0,1",-1],[1],0,[],[],[]],[[{"name":"poor","rect":[0,0,435,512],"offset":[0,0],"originalSize":[435,512],"capInsets":[0,0,0,0]}],[0],0,[0],[0],[15]],[[[0,"thin_thick",".mp3",1.2],-1],0,0,[],[],[]],[[{"name":"laugh","rect":[0,0,420,512],"offset":[0,0],"originalSize":[420,512],"capInsets":[0,0,0,0]}],[0],0,[0],[0],[16]],[[{"name":"near","rect":[0,0,428,370],"offset":[0,0],"originalSize":[428,370],"capInsets":[0,0,0,0]}],[0],0,[0],[0],[17]],[["0,9729,9729,33071,33071,0,0,1",-1],[1],0,[],[],[]],[[[0,"sweet_bitter",".mp3",1.44],-1],0,0,[],[],[]],[[{"name":"thick","rect":[0,0,512,512],"offset":[0,0],"originalSize":[512,512],"capInsets":[0,0,0,0]}],[0],0,[0],[0],[18]],[["0,9729,9729,33071,33071,0,0,1",-1],[1],0,[],[],[]],[["0,9729,9729,33071,33071,0,0,1",-1],[1],0,[],[],[]],[[{"name":"open","rect":[0,0,392,512],"offset":[0,0],"originalSize":[392,512],"capInsets":[0,0,0,0]}],[0],0,[0],[0],[19]],[[[0,"full_empty",".mp3",1.224],-1],0,0,[],[],[]],[[[0,"laugh_cry",".mp3",1.344],-1],0,0,[],[],[]],[[{"name":"in","rect":[0,0,393,512],"offset":[0,0],"originalSize":[393,512],"capInsets":[0,0,0,0]}],[0],0,[0],[0],[20]],[["0,9729,9729,33071,33071,0,0,1",-1],[1],0,[],[],[]],[[{"name":"rich","rect":[0,0,413,512],"offset":[0,0],"originalSize":[413,512],"capInsets":[0,0,0,0]}],[0],0,[0],[0],[21]],[[[0,"win_lose",".mp3",1.272],-1],0,0,[],[],[]],[[[0,"wet_dry",".mp3",1.248],-1],0,0,[],[],[]],[[{"name":"odd","rect":[0,0,445,512],"offset":[0,0],"originalSize":[445,512],"capInsets":[0,0,0,0]}],[0],0,[0],[0],[22]],[[{"name":"dry","rect":[0,0,489,512],"offset":[0,0],"originalSize":[489,512],"capInsets":[0,0,0,0]}],[0],0,[0],[0],[23]],[[[0,"night_day",".mp3",1.104],-1],0,0,[],[],[]],[["0,9729,9729,33071,33071,0,0,1",-1],[1],0,[],[],[]],[[{"name":"full","rect":[0,0,475,512],"offset":[0,0],"originalSize":[475,512],"capInsets":[0,0,0,0]}],[0],0,[0],[0],[24]],[[[0,"hard_easy",".mp3",1.344],-1],0,0,[],[],[]],[["0,9729,9729,33071,33071,0,0,1",-1],[1],0,[],[],[]],[[{"name":"strong","rect":[0,0,421,512],"offset":[0,0],"originalSize":[421,512],"capInsets":[0,0,0,0]}],[0],0,[0],[0],[25]],[[{"name":"more","rect":[0,0,415,512],"offset":[0,0],"originalSize":[415,512],"capInsets":[0,0,0,0]}],[0],0,[0],[0],[26]],[[[0,"clean_dirty",".mp3",1.416],-1],0,0,[],[],[]],[["0,9729,9729,33071,33071,0,0,1",-1],[1],0,[],[],[]],[[{"name":"dirty","rect":[0,0,512,493],"offset":[0,0],"originalSize":[512,493],"capInsets":[0,0,0,0]}],[0],0,[0],[0],[27]],[["0,9729,9729,33071,33071,0,0,1",-1],[1],0,[],[],[]],[["0,9729,9729,33071,33071,0,0,1",-1],[1],0,[],[],[]],[["0,9729,9729,33071,33071,0,0,1",-1],[1],0,[],[],[]],[["0,9729,9729,33071,33071,0,0,1",-1],[1],0,[],[],[]],[[[0,"right_wrong",".mp3",1.248],-1],0,0,[],[],[]],[[{"name":"less","rect":[0,0,512,430],"offset":[0,0],"originalSize":[512,430],"capInsets":[0,0,0,0]}],[0],0,[0],[0],[28]],[["0,9729,9729,33071,33071,0,0,1",-1],[1],0,[],[],[]],[[{"name":"lose","rect":[0,0,512,467],"offset":[0,0],"originalSize":[512,467],"capInsets":[0,0,0,0]}],[0],0,[0],[0],[29]],[[[0,"enter_exit",".mp3",1.536],-1],0,0,[],[],[]],[[{"name":"close","rect":[0,0,447,512],"offset":[0,0],"originalSize":[447,512],"capInsets":[0,0,0,0]}],[0],0,[0],[0],[30]],[["0,9729,9729,33071,33071,0,0,1",-1],[1],0,[],[],[]],[["0,9729,9729,33071,33071,0,0,1",-1],[1],0,[],[],[]],[["0,9729,9729,33071,33071,0,0,1",-1],[1],0,[],[],[]],[[{"name":"thin","rect":[0,0,512,512],"offset":[0,0],"originalSize":[512,512],"capInsets":[0,0,0,0]}],[0],0,[0],[0],[31]],[[[0,"healthy_sick",".mp3",1.44],-1],0,0,[],[],[]],[[{"name":"far","rect":[0,0,512,408],"offset":[0,0],"originalSize":[512,408],"capInsets":[0,0,0,0]}],[0],0,[0],[0],[32]],[[{"name":"exit","rect":[0,0,512,385],"offset":[0,0],"originalSize":[512,385],"capInsets":[0,0,0,0]}],[0],0,[0],[0],[33]],[["0,9729,9729,33071,33071,0,0,1",-1],[1],0,[],[],[]],[["0,9729,9729,33071,33071,0,0,1",-1],[1],0,[],[],[]],[[{"name":"blunt","rect":[107,0,293,512],"offset":[16.5,0],"originalSize":[474,512],"capInsets":[0,0,0,0]}],[0],0,[0],[0],[34]],[[{"name":"night","rect":[0,0,474,512],"offset":[0,0],"originalSize":[474,512],"capInsets":[0,0,0,0]}],[0],0,[0],[0],[35]],[[{"name":"cry","rect":[0,0,512,500],"offset":[0,0],"originalSize":[512,500],"capInsets":[0,0,0,0]}],[0],0,[0],[0],[36]],[[{"name":"rough","rect":[0,0,512,442],"offset":[0,0],"originalSize":[512,442],"capInsets":[0,0,0,0]}],[0],0,[0],[0],[37]],[["0,9729,9729,33071,33071,0,0,1",-1],[1],0,[],[],[]],[[{"name":"bitter","rect":[0,0,512,406],"offset":[0,0],"originalSize":[512,406],"capInsets":[0,0,0,0]}],[0],0,[0],[0],[38]],[[{"name":"cold","rect":[0,0,468,452],"offset":[0,0],"originalSize":[468,452],"capInsets":[0,0,0,0]}],[0],0,[0],[0],[39]],[[{"name":"young","rect":[0,0,605,609],"offset":[0,0],"originalSize":[605,609],"capInsets":[0,0,0,0]}],[0],0,[0],[0],[40]],[["0,9729,9729,33071,33071,0,0,1",-1],[1],0,[],[],[]],[["0,9729,9729,33071,33071,0,0,1",-1],[1],0,[],[],[]],[[[0,"messy_neat",".mp3",1.416],-1],0,0,[],[],[]],[["0,9729,9729,33071,33071,0,0,1",-1],[1],0,[],[],[]],[["0,9729,9729,33071,33071,0,0,1",-1],[1],0,[],[],[]],[[[0,"smooth_rough",".mp3",1.464],-1],0,0,[],[],[]],[[{"name":"weak","rect":[0,0,562,731],"offset":[0,0],"originalSize":[562,731],"capInsets":[0,0,0,0]}],[0],0,[0],[0],[41]],[["0,9729,9729,33071,33071,0,0,1",-1],[1],0,[],[],[]],[[[0,"happy_sad",".mp3",1.368],-1],0,0,[],[],[]],[[{"name":"asleep","rect":[0,0,740,668],"offset":[0,0],"originalSize":[740,668],"capInsets":[0,0,0,0]}],[0],0,[0],[0],[42]],[[{"name":"smooth","rect":[0,0,512,500],"offset":[0,0],"originalSize":[512,500],"capInsets":[0,0,0,0]}],[0],0,[0],[0],[43]],[[{"name":"old","rect":[0,0,512,507],"offset":[0,0],"originalSize":[512,507],"capInsets":[0,0,0,0]}],[0],0,[0],[0],[44]],[[{"name":"narrow","rect":[0,0,440,512],"offset":[0,0],"originalSize":[440,512],"capInsets":[0,0,0,0]}],[0],0,[0],[0],[45]],[["0,9729,9729,33071,33071,0,0,1",-1],[1],0,[],[],[]],[[{"name":"healthy","rect":[0,0,512,488],"offset":[0,0],"originalSize":[512,488],"capInsets":[0,0,0,0]}],[0],0,[0],[0],[46]],[[{"name":"enter","rect":[0,0,512,366],"offset":[0,0],"originalSize":[512,366],"capInsets":[0,0,0,0]}],[0],0,[0],[0],[47]],[[{"name":"off","rect":[0,0,501,512],"offset":[0,0],"originalSize":[501,512],"capInsets":[0,0,0,0]}],[0],0,[0],[0],[48]],[[[0,"sharp_blunt",".mp3",1.488],-1],0,0,[],[],[]],[["0,9729,9729,33071,33071,0,0,1",-1],[1],0,[],[],[]],[["0,9729,9729,33071,33071,0,0,1",-1],[1],0,[],[],[]],[["0,9729,9729,33071,33071,0,0,1",-1],[1],0,[],[],[]],[["0,9729,9729,33071,33071,0,0,1",-1],[1],0,[],[],[]],[["0,9729,9729,33071,33071,0,0,1",-1],[1],0,[],[],[]],[["0,9729,9729,33071,33071,0,0,1",-1],[1],0,[],[],[]],[["0,9729,9729,33071,33071,0,0,1",-1],[1],0,[],[],[]],[[{"name":"hot","rect":[0,0,431,464],"offset":[0,0],"originalSize":[431,464],"capInsets":[0,0,0,0]}],[0],0,[0],[0],[49]],[[{"name":"right","rect":[0,0,509,512],"offset":[0,0],"originalSize":[509,512],"capInsets":[0,0,0,0]}],[0],0,[0],[0],[50]],[[[0,"old_young",".mp3",1.152],-1],0,0,[],[],[]],[[{"name":"easy","rect":[0,0,504,512],"offset":[0,0],"originalSize":[504,512],"capInsets":[0,0,0,0]}],[0],0,[0],[0],[51]],[["0,9729,9729,33071,33071,0,0,1",-1],[1],0,[],[],[]],[[[0,"awake_asleep",".mp3",1.512],-1],0,0,[],[],[]],[[{"name":"even","rect":[0,0,445,512],"offset":[0,0],"originalSize":[445,512],"capInsets":[0,0,0,0]}],[0],0,[0],[0],[52]],[["0,9729,9729,33071,33071,0,0,1",-1],[1],0,[],[],[]],[["0,9729,9729,33071,33071,0,0,1",-1],[1],0,[],[],[]],[[[0,"more_less",".mp3",1.248],-1],0,0,[],[],[]],[["0,9729,9729,33071,33071,0,0,1",-1],[1],0,[],[],[]],[["0,9729,9729,33071,33071,0,0,1",-1],[1],0,[],[],[]],[[{"name":"sad","rect":[0,0,389,512],"offset":[0,0],"originalSize":[389,512],"capInsets":[0,0,0,0]}],[0],0,[0],[0],[53]],[[{"name":"happy","rect":[0,0,466,512],"offset":[0,0],"originalSize":[466,512],"capInsets":[0,0,0,0]}],[0],0,[0],[0],[54]],[[[0,"long_short",".mp3",1.416],-1],0,0,[],[],[]],[["0,9729,9729,33071,33071,0,0,1",-1],[1],0,[],[],[]],[[{"name":"empty","rect":[0,0,483,512],"offset":[0,0],"originalSize":[483,512],"capInsets":[0,0,0,0]}],[0],0,[0],[0],[55]],[["0,9729,9729,33071,33071,0,0,1",-1],[1],0,[],[],[]],[[[0,"poor_rich",".mp3",1.248],-1],0,0,[],[],[]],[[[0,"hot_cold",".mp3",1.32],-1],0,0,[],[],[]],[["0,9729,9729,33071,33071,0,0,1",-1],[1],0,[],[],[]],[["0,9729,9729,33071,33071,0,0,1",-1],[1],0,[],[],[]],[[[0,"fast_slow",".mp3",1.344],-1],0,0,[],[],[]],[[{"name":"clean","rect":[0,0,505,512],"offset":[0,0],"originalSize":[505,512],"capInsets":[0,0,0,0]}],[0],0,[0],[0],[56]],[[{"name":"wet","rect":[0,0,726,699],"offset":[0,0],"originalSize":[726,699],"capInsets":[0,0,0,0]}],[0],0,[0],[0],[57]],[[{"name":"messy","rect":[0,0,511,512],"offset":[0,0],"originalSize":[511,512],"capInsets":[0,0,0,0]}],[0],0,[0],[0],[58]],[["0,9729,9729,33071,33071,0,0,1",-1],[1],0,[],[],[]],[[{"name":"day","rect":[0,0,512,512],"offset":[0,0],"originalSize":[512,512],"capInsets":[0,0,0,0]}],[0],0,[0],[0],[59]]]]