[1,["8emhzs0y9MuLFQkG0GwSFX","52eaIRpcZPs5enbnyqlXOH","4djBDQuJtMJJMZPDpIXSz0"],["_textureSetter"],["cc.SpriteFrame","cc.Texture2D",["cc.AudioClip",["_name","_native","duration"],0],["cc.JsonAsset",["_name","json"],1]],[[2,0,1,2,4],[3,0,1,3]],[[[[0,"कस",".mp3",0.600816],-1],0,0,[],[],[]],[[{"name":"कचरा","rect":[0,0,271,271],"offset":[0,0],"originalSize":[271,271],"capInsets":[0,0,0,0]}],[0],0,[0],[0],[0]],[[[0,"कर",".mp3",0.417959],-1],0,0,[],[],[]],[["0,9729,9729,33071,33071,0,0,1",-1],[1],0,[],[],[]],[["0,9729,9729,33071,33071,0,0,1",-1],[1],0,[],[],[]],[[{"name":"कमल","rect":[0,0,271,271],"offset":[0,0],"originalSize":[271,271],"capInsets":[0,0,0,0]}],[0],0,[0],[0],[1]],[[{"name":"कलश","rect":[0,0,271,271],"offset":[0,0],"originalSize":[271,271],"capInsets":[0,0,0,0]}],[0],0,[0],[0],[2]],[[[1,"hi0903",{"rows":[["phonictractor","1","Description","5","कर","कर.mp3","क","क.mp3","र","र.mp3"],["phonictractor","1","Description","5","कस","कस.mp3","क","क.mp3","स","स.mp3"],["speakingpet","1","Description","क.mp3","ग.mp3","कछुआ","कछुआ.mp3","A","1","कबूतर","कबूतर.mp3","A","1","आग","आग.mp3","B","2","गर्मी","गर्मी.mp3","B","1"],["rocket","1","Description","कचरा","क,च,रा","क,च,रा","कचरा.mp3","कचरा.png","false ","true "],["rocket","1","Description","कमल","क,म,ल","क,म,ल","कमल.mp3","कमल.png","false ","true "],["rocket","1","Description","कलश","क,ल,श","क,ल,श","कलश.mp3","कलश.png","false ","true "],["bubbletype","1","Description","10","6","क का कि की","","","","","","क का कि की"],["quizliteracy","1","Description","soundonly_word","क","प","क","ग","","","क.mp3"],["quizliteracy","1","Description","image_word","कचरा","कचरा","कमल","कलश","कचरा.png"],["quizliteracy","1","Description","word_word","कस","जग","पत्र","कस","","कस"]]}]],0,0,[],[],[]],[[[0,"स",".mp3",0.627],-1],0,0,[],[],[]],[[[0,"ग",".mp3",0.653061],-1],0,0,[],[],[]],[["0,9729,9729,33071,33071,0,0,1",-1],[1],0,[],[],[]],[[[0,"र",".mp3",0.47025],-1],0,0,[],[],[]],[[[0,"गर्मी",".mp3",0.705306],-1],0,0,[],[],[]],[[[0,"कबूतर",".mp3",0.809796],-1],0,0,[],[],[]],[[[0,"कमल",".mp3",0.679184],-1],0,0,[],[],[]],[[[0,"कचरा",".mp3",0.940408],-1],0,0,[],[],[]],[[[0,"क",".mp3",0.417959],-1],0,0,[],[],[]],[[[0,"कछुआ",".mp3",0.731429],-1],0,0,[],[],[]],[[[0,"आग",".mp3",0.574694],-1],0,0,[],[],[]],[[[0,"कलश",".mp3",0.757551],-1],0,0,[],[],[]]]]