[1,["02h37qHVZPMa1Jk7lEOe2A","f4e2nD17FMRL9VVQDql1WI","82ztRbGz9KB6DFTFj9Lro1","9b4jHMtBpNVIeOE8yh8ieB","208EvdmJNMraptQdC+WBWy","e0SkK7DK5Pd5dpwRLUAF/5","2e2Qx+YntABYHZzX0ymGl5","03li16s5RDGqGCG6Td5ref","cfN79F0i5BYYNpAamcapuG","cbCJbbB7tI7IGOPYolVjBV","4aJq5Eu8hPjoWiM+U7fZR3","9eopurYEFCrpNEbDo30SFM","aaYOXj2jhJYJv7OzWMng6B","0cQnGmkCpJkLJjPJCtlS+n","0dTNV45edNsaTRF99j+rFf","1dTLZcA45ELYxxw4OZyj1P","2d82EHuotJ1r+DTPo1XH/i","38VTkVtclEtp5E2weky7v0","77hIOG/TRPGoOGJKf0nE0N","d7K4ShN9tHSZMAbiRZ3v2B","335uvbhQxBx6dScN3yHhPd"],["_textureSetter"],["cc.Texture2D","cc.SpriteFrame",["cc.AudioClip",["_name","_native","duration"],0],["cc.JsonAsset",["_name","json"],1]],[[2,0,1,2,4],[3,0,1,3]],[[["0,9729,9729,33071,33071,0,0,1",-1],[0],0,[],[],[]],[["0,9729,9729,33071,33071,0,0,1",-1],[0],0,[],[],[]],[[[0,"Five_balls",".mp3",1.656],-1],0,0,[],[],[]],[[[0,"Three_cars",".mp3",1.392],-1],0,0,[],[],[]],[["0,9729,9729,33071,33071,0,0,1",-1],[0],0,[],[],[]],[["0,9729,9729,33071,33071,0,0,1",-1],[0],0,[],[],[]],[[{"name":"l4_2lemons1tomato","rect":[0,0,868,689],"offset":[0,0],"originalSize":[868,689],"capInsets":[0,0,0,0]}],[1],0,[0],[0],[0]],[[{"name":"l4_2circles2squares","rect":[0,0,868,689],"offset":[0,0],"originalSize":[868,689],"capInsets":[0,0,0,0]}],[1],0,[0],[0],[1]],[["0,9729,9729,33071,33071,0,0,1",-1],[0],0,[],[],[]],[["0,9729,9729,33071,33071,0,0,1",-1],[0],0,[],[],[]],[[{"name":"l4_2lemons2tomatos","rect":[0,0,868,689],"offset":[0,0],"originalSize":[868,689],"capInsets":[0,0,0,0]}],[1],0,[0],[0],[2]],[[[0,"One_boy",".mp3",1.392],-1],0,0,[],[],[]],[["0,9729,9729,33071,33071,0,0,1",-1],[0],0,[],[],[]],[[{"name":"l3_2boys","rect":[0,0,868,689],"offset":[0,0],"originalSize":[868,689],"capInsets":[0,0,0,0]}],[1],0,[0],[0],[3]],[[{"name":"l4_3circles1square","rect":[0,0,868,689],"offset":[0,0],"originalSize":[868,689],"capInsets":[0,0,0,0]}],[1],0,[0],[0],[4]],[["0,9729,9729,33071,33071,0,0,1",-1],[0],0,[],[],[]],[[{"name":"l3_5ants","rect":[0,0,868,689],"offset":[0,0],"originalSize":[868,689],"capInsets":[0,0,0,0]}],[1],0,[0],[0],[5]],[["0,9729,9729,33071,33071,0,0,1",-1],[0],0,[],[],[]],[["0,9729,9729,33071,33071,0,0,1",-1],[0],0,[],[],[]],[[[0,"Two_lemons_and_two_tomataoes",".mp3",3.12],-1],0,0,[],[],[]],[[{"name":"l4_1lime2tomatos","rect":[0,0,868,689],"offset":[0,0],"originalSize":[868,689],"capInsets":[0,0,0,0]}],[1],0,[0],[0],[6]],[[[0,"One_girl",".mp3",1.32],-1],0,0,[],[],[]],[["0,9729,9729,33071,33071,0,0,1",-1],[0],0,[],[],[]],[[[0,"A_lemon_and_two_tomatoes",".mp3",2.808],-1],0,0,[],[],[]],[[{"name":"l3_3balls","rect":[0,0,868,689],"offset":[0,0],"originalSize":[868,689],"capInsets":[0,0,0,0]}],[1],0,[0],[0],[7]],[[{"name":"l3_3cars","rect":[0,0,868,689],"offset":[0,0],"originalSize":[868,689],"capInsets":[0,0,0,0]}],[1],0,[0],[0],[8]],[[{"name":"l3_2pails","rect":[0,0,868,689],"offset":[0,0],"originalSize":[868,689],"capInsets":[0,0,0,0]}],[1],0,[0],[0],[9]],[[[0,"Four_balls",".mp3",1.608],-1],0,0,[],[],[]],[[{"name":"l3_4pails","rect":[0,0,868,689],"offset":[0,0],"originalSize":[868,689],"capInsets":[0,0,0,0]}],[1],0,[0],[0],[10]],[[[0,"Three_squares_and_a_circle",".mp3",2.64],-1],0,0,[],[],[]],[[[0,"Four_pails",".mp3",1.608],-1],0,0,[],[],[]],[[{"name":"l3_car","rect":[0,0,868,689],"offset":[0,0],"originalSize":[868,689],"capInsets":[0,0,0,0]}],[1],0,[0],[0],[11]],[["0,9729,9729,33071,33071,0,0,1",-1],[0],0,[],[],[]],[[[0,"Two_boys",".mp3",1.368],-1],0,0,[],[],[]],[["0,9729,9729,33071,33071,0,0,1",-1],[0],0,[],[],[]],[[{"name":"l3_1girl","rect":[0,0,868,689],"offset":[0,0],"originalSize":[868,689],"capInsets":[0,0,0,0]}],[1],0,[0],[0],[12]],[[[0,"Two_ants",".mp3",1.416],-1],0,0,[],[],[]],[[[0,"Three_balls",".mp3",1.464],-1],0,0,[],[],[]],[[[0,"Two_circles_and_two_squares",".mp3",2.88],-1],0,0,[],[],[]],[["0,9729,9729,33071,33071,0,0,1",-1],[0],0,[],[],[]],[[[0,"Two_pails",".mp3",1.368],-1],0,0,[],[],[]],[["0,9729,9729,33071,33071,0,0,1",-1],[0],0,[],[],[]],[[{"name":"l3_3pails","rect":[0,0,868,689],"offset":[0,0],"originalSize":[868,689],"capInsets":[0,0,0,0]}],[1],0,[0],[0],[13]],[[{"name":"l3_4balls","rect":[0,0,868,689],"offset":[0,0],"originalSize":[868,689],"capInsets":[0,0,0,0]}],[1],0,[0],[0],[14]],[[[0,"Four_ants",".mp3",1.584],-1],0,0,[],[],[]],[["0,9729,9729,33071,33071,0,0,1",-1],[0],0,[],[],[]],[[{"name":"l3_5balls","rect":[0,0,868,689],"offset":[0,0],"originalSize":[868,689],"capInsets":[0,0,0,0]}],[1],0,[0],[0],[15]],[[[0,"One_car",".mp3",1.272],-1],0,0,[],[],[]],[[{"name":"l3_2cars","rect":[0,0,868,689],"offset":[0,0],"originalSize":[868,689],"capInsets":[0,0,0,0]}],[1],0,[0],[0],[16]],[[{"name":"l3_1boy","rect":[0,0,868,689],"offset":[0,0],"originalSize":[868,689],"capInsets":[0,0,0,0]}],[1],0,[0],[0],[17]],[["0,9729,9729,33071,33071,0,0,1",-1],[0],0,[],[],[]],[[{"name":"l3_2ants","rect":[0,0,868,689],"offset":[0,0],"originalSize":[868,689],"capInsets":[0,0,0,0]}],[1],0,[0],[0],[18]],[["0,9729,9729,33071,33071,0,0,1",-1],[0],0,[],[],[]],[["0,9729,9729,33071,33071,0,0,1",-1],[0],0,[],[],[]],[[[0,"Two_lemons_and_a_tomato",".mp3",2.544],-1],0,0,[],[],[]],[["0,9729,9729,33071,33071,0,0,1",-1],[0],0,[],[],[]],[[{"name":"l4_1circle3squares","rect":[0,0,868,689],"offset":[0,0],"originalSize":[868,689],"capInsets":[0,0,0,0]}],[1],0,[0],[0],[19]],[[[0,"Three_pails",".mp3",1.488],-1],0,0,[],[],[]],[[[1,"en2000",{"rows":[["picturemeaning","1","Description","P","Three cars.","l3_3cars.png","Three_cars.mp3","Two cars.","l3_2cars.png","Two_cars.mp3","One car.","l3_car.png","One_car.mp3"],["picturemeaning","1","Description","P","Two pails.","l3_2pails.png","Two_pails.mp3","Four pails.","l3_4pails.png","Four_pails.mp3","Three pails.","l3_3pails.png","Three_pails.mp3"],["picturemeaning","1","Description","S","One boy.","l3_1boy.png","One_boy.mp3","Two boys.","l3_2boys.png","Two_boys.mp3","One girl.","l3_1girl.png","One_girl.mp3"],["picturemeaning","1","Description","S","Four balls.","l3_4balls.png","Four_balls.mp3","Three balls.","l3_3balls.png","Three_balls.mp3","Five balls.","l3_5balls.png","Five_balls.mp3"],["picturemeaning","1","Description","S","Five ants.","l3_5ants.png","Five_ants.mp3","Two ants.","l3_2ants.png","Two_ants.mp3","Four ants.","l3_4ants.png","Four_ants.mp3"],["picturemeaning","1","Description","S","Two lemons and a tomato.","l4_2lemons1tomato.png","Two_lemons_and_a_tomato.mp3","A lemon and two tomatoes.","l4_1lime2tomatos.png","A_lemon_and_two_tomatoes.mp3","Two lemons and two tomataoes.","l4_2lemons2tomatos.png","Two_lemons_and_two_tomataoes.mp3"],["picturemeaning","1","Description","P","Three circles and a square.","l4_3circles1square.png","Three_circles_and_a_square.mp3","Two circles and two squares.","l4_2circles2squares.png","Two_circles_and_two_squares.mp3","Three squares and a circle.","l4_1circle3squares.png","Three_squares_and_a_circle.mp3"],["quizliteracy","1","Description","image_sentence","Three cars.","Two cars.","Two buses.","Three cars.","l3_3cars.png","","Three_cars.mp3"],["quizliteracy","1","Description","image_sentence","Two pails.","Two pails.","Three boxes.","Three pails.","l3_2pails.png","","Two_pails.mp3"],["quizliteracy","1","Description","image_sentence","One boy.","Two boys.","One boy.","Three boys.","l3_1boy.png","","One_boy.mp3"],["quizliteracy","1","Description","image_sentence","Five ants.","Five ants.","Five apples.","Four ants.","l3_5ants.png","","five_ants.mp3"],["quizliteracy","1","Description","image_sentence","Four balls.","Five ants.","Two balls","Four balls.","l3_4balls.png","","Four_balls.mp3"]]}]],0,0,[],[],[]],[[[0,"Five_ants",".mp3",1.608],-1],0,0,[],[],[]],[[[0,"Three_circles_and_a_square",".mp3",2.568],-1],0,0,[],[],[]],[["0,9729,9729,33071,33071,0,0,1",-1],[0],0,[],[],[]],[[[0,"Two_cars",".mp3",1.32],-1],0,0,[],[],[]],[[{"name":"l3_4ants","rect":[0,0,868,689],"offset":[0,0],"originalSize":[868,689],"capInsets":[0,0,0,0]}],[1],0,[0],[0],[20]]]]