[1,["bapVRAMLFNvY2jHGV780IV","49rqASvjpH4J0CZw12W3NG","98YY0SMC9IgLaVvXtu5sqv"],["_textureSetter"],["cc.SpriteFrame","cc.Texture2D",["cc.AudioClip",["_name","_native","duration"],0],["cc.JsonAsset",["_name","json"],1]],[[2,0,1,2,4],[3,0,1,3]],[[[[0,"bear",".mp3",0.600816],-1],0,0,[],[],[]],[[{"name":"bear","rect":[0,0,1200,1000],"offset":[0,0],"originalSize":[1200,1000],"capInsets":[0,0,0,0]}],[0],0,[0],[0],[0]],[["0,9729,9729,33071,33071,0,0,1",-1],[1],0,[],[],[]],[[[0,"elephant",".mp3",0.862041],-1],0,0,[],[],[]],[[[0,"zebra",".mp3",0.914286],-1],0,0,[],[],[]],[[{"name":"zebra","rect":[0,0,1200,1000],"offset":[0,0],"originalSize":[1200,1000],"capInsets":[0,0,0,0]}],[0],0,[0],[0],[1]],[["0,9729,9729,33071,33071,0,0,1",-1],[1],0,[],[],[]],[[[0,"tiger",".mp3",0.705306],-1],0,0,[],[],[]],[["0,9729,9729,33071,33071,0,0,1",-1],[1],0,[],[],[]],[[{"name":"lion","rect":[16,16,368,258],"offset":[0,0],"originalSize":[400,290],"capInsets":[0,0,0,0]}],[0],0,[0],[0],[2]],[[[1,"sl_en1803",{"rows":[["openwindow","1","Description","LEGIT","lion","lion.png","rhinoceros.png","lion.mp3","abcdefghijklmnopqrstuvwxyz"],["openwindow","1","Description","LEGIT","tiger","tiger.png","hippopotamus.png","tiger.mp3","abcdefghijklmnopqrstuvwxyz"],["openwindow","1","Description","LEGIT","elephant","elephant.png","zebra.png","elephant.mp3","abcdefghijklmnopqrstuvwxyz"],["openwindow","1","Description","LEGIT","bear","bear.png","cow.png","bear.mp3","abcdefghijklmnopqrstuvwxyz"],["openwindow","1","Description","LEGIT","rhinoceros","rhinoceros.png","bear.png","rhinoceros.mp3","abcdefghijklmnopqrstuvwxyz"],["openwindow","1","Description","LEGIT","hippopotamus","hippopotamus.png","lion.png","hippopotamus.mp3","abcdefghijklmnopqrstuvwxyz"],["openwindow","1","Description","LEGIT","zebra","zebra.png","tiger.png","zebra.mp3","abcdefghijklmnopqrstuvwxyz"],["openwindow","1","Description","LEGIT","cheetah","cheetah.png","elephant.png","cheetah.mp3","abcdefghijklmnopqrstuvwxyz"],["quizliteracy","1","Description","image_sentence","elephant","elephant","rhinoceros","lion","elephant.png","","elephant.mp3"],["quizliteracy","1","Description","soundonly_image","hippopotamus.png","bear.png","tiger.png","hippopotamus.png","","","hippopotamus.mp3"],["quizliteracy","1","Description","image_sentence","zebra","lion","zebra","rhinoceros","zebra.png","","zebra.mp3"]]}]],0,0,[],[],[]],[[[0,"lion",".mp3",0.783673],-1],0,0,[],[],[]]]]