[1,["ff/Y+i2QhAg4ag55NBa5Gf","6eFsdsPllPNJr2f6jNqCo6","cdIyPL2/pAyqCQEEe8JF+C","fdmH+YWclOUbB8OSirfvzn","fdUBbYeT9BNL+anQf9GmhL","89Kfl03VlAGpInL2pJPnr2","b8gPXmiLlAfaCMpTdmsfuz","c0c8iCXKFJ4q061vBFBfxE","145PYQ+MxBM55tETE0cWcl","c52/FZGjxJvaUWXiqChPUY"],["_textureSetter"],["cc.Texture2D","cc.SpriteFrame",["cc.JsonAsset",["_name","json"],1]],[[2,0,1,3]],[[["0,9729,9729,33071,33071,0,0,1",-1],[0],0,[],[],[]],[[{"name":"pink_shirt","rect":[0,0,512,347],"offset":[0,0],"originalSize":[512,347],"capInsets":[0,0,0,0]}],[1],0,[0],[0],[0]],[[[0,"sl_en3104",{"rows":[["picturemeaning","1","Description","S","I am wearing a red skirt.","red_skirt.png","I_am_wearing_a_red_skirt.mp3","I am wearing a blue shirt.","blue_shirt.png","I_am_wearing_a_blue_shirt.mp3","I have an orange hat.","orange_hat.png","I_have_an_orange_hat.mp3"],["picturemeaning","1","Description","S","I am wearing black shoes.","black_shoes.png","I_am_wearing_black_shoes.mp3","My shirt is pink.","pink_shirt.png","My_shirt_is_pink.mp3","I am wearing brown pants.","brown_pants.png","I_am_wearing_brown_pants.mp3"],["picturemeaning","1","Description","S","I am wearing white gloves.","white_gloves.png","I_am_wearing_white_gloves.mp3","My ribbon is purple.","purple_ribbon.png","my_ribbob_is_purple.mp3","I love my green dress.","green_dress.png","I_love_my_green_dress.mp3"],["picturemeaning","1","Description","S","My frock is yellow.","yellow_frock.png","my_frock_is_yellow.mp3","I am wearing black shoes.","black_shoes.png","I_am_wearing_black_shoes.mp3","My ribbon is purple.","purple_ribbon.png","my_ribbob_is_purple.mp3"],["picturemeaning","1","Description","S","I have an orange hat.","orange_hat.png","I_have_an_orange_hat.mp3","I am wearing brown pants.","brown_pants.png","I_am_wearing_brown_pants.mp3","My shirt is pink.","pink_shirt.png","My_shirt_is_pink.mp3"],["picturemeaning","1","Description","S","I am wearing a blue shirt.","blue_shirt.png","I_am_wearing_a_blue_shirt.mp3","I have an orange hat.","orange_hat.png","I_have_an_orange_hat.mp3","I am wearing a red skirt.","red_skirt.png","I_am_wearing_a_red_skirt.mp3"],["picturemeaning","1","Description","S","My shirt is pink.","pink_shirt.png","My_shirt_is_pink.mp3","I am wearing brown pants.","brown_pants.png","I_am_wearing_brown_pants.mp3","My ribbon is purple.","purple_ribbon.png","my_ribbob_is_purple.mp3"],["picturemeaning","1","Description","S","My ribbon is purple.","purple_ribbon.png","my_ribbob_is_purple.mp3","I love my green dress.","green_dress.png","I_love_my_green_dress.mp3","","I am wearing a red skirt.","red_skirt.png","I_am_wearing_a_red_skirt.mp3"],["picturemeaning","1","Description","S","I am wearing brown pants.","brown_pants.png","I_am_wearing_brown_pants.mp3","I am wearing a blue shirt.","blue_shirt.png","I_am_wearing_a_blue_shirt.mp3","I have an orange hat.","orange_hat.png","I_have_an_orange_hat.mp3"],["picturemeaning","1","Description","S","I love my green dress.","green_dress.png","I_love_my_green_dress.mp3","I am wearing brown pants.","brown_pants.png","I_am_wearing_brown_pants.mp3","My shirt is pink.","pink_shirt.png","My_shirt_is_pink.mp3"],["quizliteracy","1","Description","image_sentence","I am wearing black shoes.","I am wearing black shoes.","I am wearing a red skirt.","I have an orange hat.","black_shoes.png","","I_am_wearing_black_shoes.mp3"],["quizliteracy","1","Description","image_sentence","My frock is yellow.","I am wearing white gloves.","My frock is yellow.","I am wearing a red skirt.","yellow_frock.png","","my_frock_is_yellow.mp3"],["quizliteracy","1","Description","image_sentence","My ribbon is purple.","I have an orange hat.","I am wearing white gloves.","My ribbon is purple.","purple_ribbon.png","","my_ribbob_is_purple.mp3"]]}]],0,0,[],[],[]],[[{"name":"white_gloves","rect":[0,0,1454,1067],"offset":[0,0],"originalSize":[1454,1067],"capInsets":[0,0,0,0]}],[1],0,[0],[0],[1]],[[{"name":"yellow_frock","rect":[0,0,1755,2082],"offset":[0,0],"originalSize":[1755,2082],"capInsets":[0,0,0,0]}],[1],0,[0],[0],[2]],[[{"name":"purple_ribbon","rect":[0,0,512,361],"offset":[0,0],"originalSize":[512,361],"capInsets":[0,0,0,0]}],[1],0,[0],[0],[3]],[["0,9729,9729,33071,33071,0,0,1",-1],[0],0,[],[],[]],[["0,9729,9729,33071,33071,0,0,1",-1],[0],0,[],[],[]],[[{"name":"orange_hat","rect":[0,0,512,432],"offset":[0,0],"originalSize":[512,432],"capInsets":[0,0,0,0]}],[1],0,[0],[0],[4]],[[{"name":"green_dress","rect":[0,0,282,512],"offset":[0,0],"originalSize":[282,512],"capInsets":[0,0,0,0]}],[1],0,[0],[0],[5]],[["0,9729,9729,33071,33071,0,0,1",-1],[0],0,[],[],[]],[["0,9729,9729,33071,33071,0,0,1",-1],[0],0,[],[],[]],[["0,9729,9729,33071,33071,0,0,1",-1],[0],0,[],[],[]],[["0,9729,9729,33071,33071,0,0,1",-1],[0],0,[],[],[]],[[{"name":"brown_pants","rect":[0,0,355,512],"offset":[0,0],"originalSize":[355,512],"capInsets":[0,0,0,0]}],[1],0,[0],[0],[6]],[[{"name":"black_shoes","rect":[0,0,512,423],"offset":[0,0],"originalSize":[512,423],"capInsets":[0,0,0,0]}],[1],0,[0],[0],[7]],[[{"name":"blue_shirt","rect":[0,0,505,512],"offset":[0,0],"originalSize":[505,512],"capInsets":[0,0,0,0]}],[1],0,[0],[0],[8]],[["0,9729,9729,33071,33071,0,0,1",-1],[0],0,[],[],[]],[["0,9729,9729,33071,33071,0,0,1",-1],[0],0,[],[],[]],[[{"name":"red_skirt","rect":[0,0,512,451],"offset":[0,0],"originalSize":[512,451],"capInsets":[0,0,0,0]}],[1],0,[0],[0],[9]],[["0,9729,9729,33071,33071,0,0,1",-1],[0],0,[],[],[]]]]