[1,["bfHIloThpIzZTEFEOBD3Ai","73yGstB1ND8bBVH73IItdB","641zOjrItKLpHhHg7/JXph","23JdEhL6ZD4Zvszjr8ft06","c2ipQ8dYBLSqsCyRU8lVeI","b27Oh1O5BJ66xRSyJjkZMU","b8vxw6yM9IsqKnBG4QXe+Z","84fMNtNMdFMoGDJeFoIo9w","3c7ApiuypBSa49fmm4xce+","8fWmjovylKtpmDqN7lP48g","c6mQVXckxMz4wCOTG/8r8u","7bYbYD02JFE4B0jsrAg8qr"],["_textureSetter"],["cc.SpriteFrame","cc.Texture2D",["cc.JsonAsset",["_name","json"],1],["cc.AudioClip",["_name","_native","duration"],0]],[[3,0,1,2,4],[2,0,1,3]],[[[[1,"en4001",{"rows":[["openwindow","1","Description","LEGIT","one","1.png","9.png","1.mp3","abcdefghijklmnopqrstuvwxyz"],["openwindow","1","Description","LEGIT","thirteen","13.png","11.png","13.mp3","abcdefghijklmnopqrstuvwxyz"],["openwindow","1","Description","LEGIT","five","5.png","8.png","5.mp3","abcdefghijklmnopqrstuvwxyz"],["openwindow","1","Description","LEGIT","twelve","12.png","14.png","12.mp3","abcdefghijklmnopqrstuvwxyz"],["openwindow","1","Description","LEGIT","six","6.png","1.png","6.mp3","abcdefghijklmnopqrstuvwxyz"],["openwindow","1","Description","LEGIT","three","3.png","13.png","3.mp3","abcdefghijklmnopqrstuvwxyz"],["openwindow","1","Description","LEGIT","fifteen","15.png","5.png","15.mp3","abcdefghijklmnopqrstuvwxyz"],["openwindow","1","Description","LEGIT","seven","7.png","12.png","7.mp3","abcdefghijklmnopqrstuvwxyz"],["quizliteracy","1","Description","image_sentence","one","one","thirteen","six","1.png","","1.mp3"],["quizliteracy","1","Description","image_sentence","five","nine","five","seven","5.png","","5.mp3"],["quizliteracy","1","Description","image_sentence","three","four","two","three","3.png","","3.mp3"]]}]],0,0,[],[],[]],[[{"name":"5","rect":[0,0,512,503],"offset":[0,0],"originalSize":[512,503],"capInsets":[0,0,0,0]}],[0],0,[0],[0],[0]],[["0,9729,9729,33071,33071,0,0,1",-1],[1],0,[],[],[]],[[{"name":"1","rect":[0,0,900,566],"offset":[0,0],"originalSize":[900,566],"capInsets":[0,0,0,0]}],[0],0,[0],[0],[1]],[[{"name":"14","rect":[0,0,143,512],"offset":[0,0],"originalSize":[143,512],"capInsets":[0,0,0,0]}],[0],0,[0],[0],[2]],[[{"name":"8","rect":[0,0,512,503],"offset":[0,0],"originalSize":[512,503],"capInsets":[0,0,0,0]}],[0],0,[0],[0],[3]],[[{"name":"15","rect":[0,0,143,512],"offset":[0,0],"originalSize":[143,512],"capInsets":[0,0,0,0]}],[0],0,[0],[0],[4]],[["0,9729,9729,33071,33071,0,0,1",-1],[1],0,[],[],[]],[[{"name":"13","rect":[0,0,143,512],"offset":[0,0],"originalSize":[143,512],"capInsets":[0,0,0,0]}],[0],0,[0],[0],[5]],[[{"name":"7","rect":[0,0,512,503],"offset":[0,0],"originalSize":[512,503],"capInsets":[0,0,0,0]}],[0],0,[0],[0],[6]],[[[0,"1",".mp3",0.864],-1],0,0,[],[],[]],[[{"name":"3","rect":[0,0,512,503],"offset":[0,0],"originalSize":[512,503],"capInsets":[0,0,0,0]}],[0],0,[0],[0],[7]],[["0,9729,9729,33071,33071,0,0,1",-1],[1],0,[],[],[]],[[[0,"6",".mp3",0.96],-1],0,0,[],[],[]],[["0,9729,9729,33071,33071,0,0,1",-1],[1],0,[],[],[]],[[{"name":"12","rect":[0,0,143,512],"offset":[0,0],"originalSize":[143,512],"capInsets":[0,0,0,0]}],[0],0,[0],[0],[8]],[["0,9729,9729,33071,33071,0,0,1",-1],[1],0,[],[],[]],[["0,9729,9729,33071,33071,0,0,1",-1],[1],0,[],[],[]],[[{"name":"9","rect":[0,0,512,503],"offset":[0,0],"originalSize":[512,503],"capInsets":[0,0,0,0]}],[0],0,[0],[0],[9]],[[[0,"3",".mp3",0.84],-1],0,0,[],[],[]],[["0,9729,9729,33071,33071,0,0,1",-1],[1],0,[],[],[]],[[{"name":"11","rect":[0,0,143,512],"offset":[0,0],"originalSize":[143,512],"capInsets":[0,0,0,0]}],[0],0,[0],[0],[10]],[[{"name":"6","rect":[0,0,512,503],"offset":[0,0],"originalSize":[512,503],"capInsets":[0,0,0,0]}],[0],0,[0],[0],[11]],[["0,9729,9729,33071,33071,0,0,1",-1],[1],0,[],[],[]],[["0,9729,9729,33071,33071,0,0,1",-1],[1],0,[],[],[]],[["0,9729,9729,33071,33071,0,0,1",-1],[1],0,[],[],[]],[["0,9729,9729,33071,33071,0,0,1",-1],[1],0,[],[],[]],[["0,9729,9729,33071,33071,0,0,1",-1],[1],0,[],[],[]],[[[0,"12",".mp3",0.888],-1],0,0,[],[],[]],[[[0,"5",".mp3",0.864],-1],0,0,[],[],[]],[[[0,"15",".mp3",1.176],-1],0,0,[],[],[]],[[[0,"13",".mp3",1.152],-1],0,0,[],[],[]],[[[0,"7",".mp3",1.008],-1],0,0,[],[],[]]]]