[1,["e2FNwJQZlMFbXAfTdZdWfW","5eAXSthylMP4cLd/3yvSci","0eKRUqNcVJ5LH/Oty+jeLI","d4mKi7jJ9CBLspjEmtC6g4","18FwcpcVJAS57KWDTjiwsD","67iw8XJ8xHZJePBPpnOV2b"],["_textureSetter"],["cc.Texture2D","cc.SpriteFrame",["cc.AudioClip",["_name","_native","duration"],0],["cc.JsonAsset",["_name","json"],1]],[[2,0,1,2,4],[3,0,1,3]],[[["0,9729,9729,33071,33071,0,0,1",-1],[0],0,[],[],[]],[[{"name":"plow","rect":[0,0,400,400],"offset":[0,0],"originalSize":[400,400],"capInsets":[0,0,0,0]}],[1],0,[0],[0],[0]],[["0,9729,9729,33071,33071,0,0,1",-1],[0],0,[],[],[]],[[{"name":"yoke","rect":[0,0,400,400],"offset":[0,0],"originalSize":[400,400],"capInsets":[0,0,0,0]}],[1],0,[0],[0],[1]],[[[0,"ಕುಂಟೆ",".mp3",0.768],-1],0,0,[],[],[]],[[{"name":"pickaxe","rect":[0,0,400,400],"offset":[0,0],"originalSize":[400,400],"capInsets":[0,0,0,0]}],[1],0,[0],[0],[2]],[[[0,"ಗುದ್ದಲಿ",".mp3",0.888],-1],0,0,[],[],[]],[["0,9729,9729,33071,33071,0,0,1",-1],[0],0,[],[],[]],[["0,9729,9729,33071,33071,0,0,1",-1],[0],0,[],[],[]],[[[1,"kn2_1500",{"rows":[["openwindow1","1","Description","LEGIT","ಗುದ್ದಲಿ","hoe.png","yoke.png","ಗುದ್ದಲಿ.mp3","ಗುದ್ದಲಿ"],["openwindow1","1","Description","LEGIT","ಕುಂಟೆ","farmer_rake.png","sickle.png","ಕುಂಟೆ.mp3","ಕುಂಟೆ"],["openwindow1","1","Description","LEGIT","ನೇಗಿಲು","plow.png","pickaxe.png","ನೇಗಿಲು.mp3","ನೇಗಿಲು"],["openwindow1","1","Description","LEGIT","ನೊಗ","yoke.png","hoe.png","ನೊಗ.mp3","ನೊಗ"],["openwindow1","1","Description","LEGIT","ಕುಡುಗೋಲು","sickle.png","farmer_rake.png","ಕುಡುಗೋಲು.mp3","ಕುಡುಗೋಲು"],["openwindow1","1","Description","LEGIT","ಪಿಕಾಸಿ","pickaxe.png","plow.png","ಪಿಕಾಸಿ.mp3","ಪಿಕಾಸಿ"],["quizliteracy","1","Description","image_word","ಗುದ್ದಲಿ","ನೇಗಿಲು","ಪಿಕಾಸಿ","ಗುದ್ದಲಿ","hoe.png"],["quizliteracy","1","Description","image_word","ನೇಗಿಲು","ನೊಗ","ನೇಗಿಲು","ಕುಂಟೆ","plow.png"],["quizliteracy","1","Description","image_word","ಕುಡುಗೋಲು","ಕುಡುಗೋಲು","ಕುಂಟೆ","ನೊಗ","sickle.png"]]}]],0,0,[],[],[]],[[{"name":"sickle","rect":[0,0,400,400],"offset":[0,0],"originalSize":[400,400],"capInsets":[0,0,0,0]}],[1],0,[0],[0],[3]],[[{"name":"farmer_rake","rect":[0,0,400,400],"offset":[0,0],"originalSize":[400,400],"capInsets":[0,0,0,0]}],[1],0,[0],[0],[4]],[[[0,"ನೊಗ",".mp3",0.696],-1],0,0,[],[],[]],[[[0,"ಕುಡುಗೋಲು",".mp3",1.08],-1],0,0,[],[],[]],[[[0,"ನೇಗಿಲು",".mp3",0.96],-1],0,0,[],[],[]],[[{"name":"hoe","rect":[0,0,400,400],"offset":[0,0],"originalSize":[400,400],"capInsets":[0,0,0,0]}],[1],0,[0],[0],[5]],[["0,9729,9729,33071,33071,0,0,1",-1],[0],0,[],[],[]],[["0,9729,9729,33071,33071,0,0,1",-1],[0],0,[],[],[]],[[[0,"ಪಿಕಾಸಿ",".mp3",0.912],-1],0,0,[],[],[]]]]