[1,["3ayD4nsMlKLaVb3PxFVK9f","45p35P1mFOTJCWTfmD5zVj","03M8BfdTJChYHjafY6Sy41","26pPKdQ3hKLqHqiamt9zl1","72jHNzVRFA56/NeQDmKmm3","c3Qk83ZStKYp8/OBOy6v97","6bSrAaeCdIkbja17ZlS1x+","70uH39E9RKU62KVA+MqsG0","f54Xtgc0ZNcZAl7nvD1N/1","24ZBpv2D9G/pdgi8AP2Bfa","15XWf2DRRPgJpRWhXscrGP","b9e7AntYNI/rhcUJ1GI0Wp"],["_textureSetter"],["cc.Texture2D","cc.SpriteFrame",["cc.AudioClip",["_name","_native","duration"],0],["cc.JsonAsset",["_name","json"],1]],[[2,0,1,2,4],[3,0,1,3]],[[["0,9729,9729,33071,33071,0,0,1",-1],[0],0,[],[],[]],[[{"name":"monitorlizard","rect":[0,0,800,565],"offset":[0,0],"originalSize":[800,565],"capInsets":[0,0,0,0]}],[1],0,[0],[0],[0]],[[[0,"ದಡ",".mp3",0.624],-1],0,0,[],[],[]],[["0,9729,9729,33071,33071,0,0,1",-1],[0],0,[],[],[]],[[[0,"ನಯನ",".mp3",0.696],-1],0,0,[],[],[]],[[[0,"ಚಮಚ",".mp3",0.792],-1],0,0,[],[],[]],[[[0,"ವಚನ",".mp3",0.72],-1],0,0,[],[],[]],[[{"name":"promise","rect":[0,0,800,533],"offset":[0,0],"originalSize":[800,533],"capInsets":[0,0,0,0]}],[1],0,[0],[0],[1]],[["0,9729,9729,33071,33071,0,0,1",-1],[0],0,[],[],[]],[["0,9729,9729,33071,33071,0,0,1",-1],[0],0,[],[],[]],[[[0,"ಜಯ",".mp3",0.648],-1],0,0,[],[],[]],[[{"name":"riverbank","rect":[0,0,500,283],"offset":[0,0],"originalSize":[500,283],"capInsets":[0,0,0,0]}],[1],0,[0],[0],[2]],[["0,9729,9729,33071,33071,0,0,1",-1],[0],0,[],[],[]],[["0,9729,9729,33071,33071,0,0,1",-1],[0],0,[],[],[]],[[[0,"ನಟ",".mp3",0.624],-1],0,0,[],[],[]],[[[0,"ಉರಗ",".mp3",1.152],-1],0,0,[],[],[]],[["0,9729,9729,33071,33071,0,0,1",-1],[0],0,[],[],[]],[["0,9729,9729,33071,33071,0,0,1",-1],[0],0,[],[],[]],[["0,9729,9729,33071,33071,0,0,1",-1],[0],0,[],[],[]],[[{"name":"meditate","rect":[0,0,688,800],"offset":[0,0],"originalSize":[688,800],"capInsets":[0,0,0,0]}],[1],0,[0],[0],[3]],[[{"name":"yama","rect":[0,0,560,800],"offset":[0,0],"originalSize":[560,800],"capInsets":[0,0,0,0]}],[1],0,[0],[0],[4]],[[[0,"ಜಪ",".mp3",0.648],-1],0,0,[],[],[]],[[{"name":"eye","rect":[0,20,713,551],"offset":[-43.5,-10],"originalSize":[800,571],"capInsets":[0,0,0,0]}],[1],0,[0],[0],[5]],[[{"name":"spoon","rect":[0,0,533,800],"offset":[0,0],"originalSize":[533,800],"capInsets":[0,0,0,0]}],[1],0,[0],[0],[6]],[[[1,"kn0207",{"rows":[["writeword","1","Description","ಪಟ","kite.png","ಪಟ.mp3"],["writeword","1","Description","ಪದರ","onionlayer.png","ಪದರ.mp3"],["writeword","1","Description","ಜಪ","meditate.png","ಜಪ.mp3"],["writeword","1","Description","ಯಮ","yama.png","ಯಮ.mp3"],["writeword","1","Description","ಜಯ","victory.png","ಜಯ.mp3"],["writeword","1","Description","ನಟ","actor.png","ನಟ.mp3"],["writeword","1","Description","ದಡ","riverbank.png","ದಡ.mp3"],["writeword","1","Description","ಉಡ","monitorlizard.png","ಉಡ.mp3"],["writeword","1","Description","ಉರಗ","snake.png","ಉರಗ.mp3"],["writeword","1","Description","ನಯನ","eye.png","ನಯನ.mp3"],["writeword","1","Description","ಚಮಚ","spoon.png","ಚಮಚ.mp3"],["writeword","1","Description","ವಚನ","promise.png","ವಚನ.mp3"],["quizliteracy","1","Description","image_word","ಉರಗ","ಉರಗ","ನಯನ","ಚಮಚ","snake.png"],["quizliteracy","1","Description","image_word","ನಯನ","ಚಮಚ","ಉರಗ","ನಯನ","eye.png"],["quizliteracy","1","Description","image_word","ಚಮಚ","ನಯನ","ಚಮಚ","ಉರಗ","spoon.png"]]}]],0,0,[],[],[]],[[{"name":"onionlayer","rect":[0,0,600,800],"offset":[0,0],"originalSize":[600,800],"capInsets":[0,0,0,0]}],[1],0,[0],[0],[7]],[[[0,"ಪದರ",".mp3",0.696],-1],0,0,[],[],[]],[[{"name":"actor","rect":[0,0,532,800],"offset":[0,0],"originalSize":[532,800],"capInsets":[0,0,0,0]}],[1],0,[0],[0],[8]],[[[0,"ಪಟ",".mp3",0.6],-1],0,0,[],[],[]],[["0,9729,9729,33071,33071,0,0,1",-1],[0],0,[],[],[]],[["0,9729,9729,33071,33071,0,0,1",-1],[0],0,[],[],[]],[[{"name":"victory","rect":[0,0,800,460],"offset":[0,0],"originalSize":[800,460],"capInsets":[0,0,0,0]}],[1],0,[0],[0],[9]],[[[0,"ಉಡ",".mp3",0.984],-1],0,0,[],[],[]],[[{"name":"snake","rect":[0,0,800,535],"offset":[0,0],"originalSize":[800,535],"capInsets":[0,0,0,0]}],[1],0,[0],[0],[10]],[[{"name":"kite","rect":[0,0,800,599],"offset":[0,0],"originalSize":[800,599],"capInsets":[0,0,0,0]}],[1],0,[0],[0],[11]],[["0,9729,9729,33071,33071,0,0,1",-1],[0],0,[],[],[]],[[[0,"ಯಮ",".mp3",0.6],-1],0,0,[],[],[]]]]