[1,["63+EJE0qxAHq7Jpsg2NXJN","6fiYstLmhBAqIut2pWNQXO","76M7GTyy5Eep3pNl316csy","b3YWVMWgRFX6XpnCcrL3Bv","d0TM8HG8BFHYDA6sMsCI2N","b1qsChHp5AWKdvxvNceSas","5edLNhvZJNFrOrCqxpMrfG"],["_textureSetter"],["cc.SpriteFrame","cc.Texture2D",["cc.JsonAsset",["_name","json"],1],["cc.AudioClip",["_name","_native","duration"],0]],[[3,0,1,2,4],[2,0,1,3]],[[[[1,"pictureboard0005",{"rows":[["pictureboard","1","Description","Meerkats","ap_puzzle1_background.jpg","2","","meerkats.mp3","ap_puzzle1_meerkat1_puzzle.png","630","168","","ap_puzzle1_meerkat2_puzzle.png","1348","110"]]}]],0,0,[],[],[]],[[{"name":"ap_puzzle3_bird1_puzzle","rect":[4,3,115,297],"offset":[1.5,3.5],"originalSize":[120,310],"capInsets":[0,0,0,0]}],[0],0,[0],[0],[0]],[[{"name":"ap_puzzle1_meerkat1_puzzle","rect":[0,0,204,240],"offset":[-1,4.5],"originalSize":[206,249],"capInsets":[0,0,0,0]}],[0],0,[0],[0],[1]],[[{"name":"ap_puzzle3_background","rect":[0,0,802,432],"offset":[0,0],"originalSize":[802,432],"capInsets":[0,0,0,0]}],[0],0,[0],[0],[2]],[["0,9729,9729,33071,33071,0,0,1",-1],[1],0,[],[],[]],[["0,9729,9729,33071,33071,0,0,1",-1],[1],0,[],[],[]],[["0,9729,9729,33071,33071,0,0,1",-1],[1],0,[],[],[]],[["1,9729,9729,33071,33071,0,0,1",-1],[1],0,[],[],[]],[[{"name":"ap_puzzle1_background","rect":[0,0,802,432],"offset":[0,0],"originalSize":[802,432],"capInsets":[0,0,0,0]}],[0],0,[0],[0],[3]],[[{"name":"ap_puzzle3_bird2_puzzle","rect":[3,3,118,286],"offset":[0.5,4],"originalSize":[123,300],"capInsets":[0,0,0,0]}],[0],0,[0],[0],[4]],[[[0,"birds",".mp3",0.99275],-1],0,0,[],[],[]],[["0,9729,9729,33071,33071,0,0,1",-1],[1],0,[],[],[]],[["1,9729,9729,33071,33071,0,0,1",-1],[1],0,[],[],[]],[["0,9729,9729,33071,33071,0,0,1",-1],[1],0,[],[],[]],[[{"name":"ap_puzzle1_meerkat2_puzzle","rect":[2,0,130,325],"offset":[0.5,6],"originalSize":[133,337],"capInsets":[0,0,0,0]}],[0],0,[0],[0],[5]],[[[0,"meerkats",".mp3",1.28],-1],0,0,[],[],[]],[[{"name":"ap_puzzle3_bird3_puzzle","rect":[4,7,133,238],"offset":[1.5,1.5],"originalSize":[138,255],"capInsets":[0,0,0,0]}],[0],0,[0],[0],[6]]]]