[1,["25Q1+4xEBOCKp0uQQclj9q","55oOUlO6VEWLnP8Vll/m+N","cf2DYRhlNKB7keKyf1H0YO","42YMq/dKBPVock70CfqvaK","36bl2z6itDgIOJNwUtJ7j5","3cK9eAaEBJUoE1YF4HNsp0","e08gbWSjdCpaQfa1oQbLnx","91knDtzbFJULCNYxlabUdV","23/ykLGh1B3I81d0t3u7xP","437k7P8gFJA6wiV9dKjP2X"],["_textureSetter"],["cc.SpriteFrame","cc.Texture2D",["cc.AudioClip",["_name","_native","duration"],0],["cc.JsonAsset",["_name","json"],1]],[[2,0,1,2,4],[3,0,1,3]],[[[[0,"ऊपर",".mp3",0.600816],-1],0,0,[],[],[]],[[[0,"नीचे",".mp3",0.914286],-1],0,0,[],[],[]],[[{"name":"image_24_1","rect":[0,0,845,695],"offset":[0,0],"originalSize":[845,695],"capInsets":[0,0,0,0]}],[0],0,[0],[0],[0]],[[[1,"hi1700",{"rows":[["tag","1","Description","image_24_1.jpg","स्थान","280.-1520","स्थान.mp3","ऊपर ","1105.-513","ऊपर.mp3","नीचे","412.-1288","नीचे.mp3","में","409.-405","में.mp3","पीछे","1103.-1029","पीछे.mp3"],["fillblank","1","Description","कुत्ता कुर्सी के [नीचे] बैठा है।","कुत्ता_कुर्सी_के_नीचे_बैठा_है.mp3","ऊपर ","पर","के पास","15"],["fillblank","1","Description","पक्षी आकाश [में] उड़ रहे हैं।","पक्षी_आकाश_में_उड_रहे_हैं.mp3","पर","के नीचे","पीछे","15"],["picturemeaning","1","Description","S","वह रसोइघर में है।","l9_shekitchen.png","वह_रसोइघर_में_है।.mp3","वह बेडरूम में है।","l9_shebedroom.png","वह_बेडरूम_में_है।.mp3","वह बाथरूम मैं है।","l9_shebathroom.png","वह_बाथरूम_मैं_है।.mp3"],["picturemeaning","1","Description","S","एक कुत्ता मेज के नीचे है।","l9_dogundertable.png","एक_कुत्ता_मेज_के_नीचे_है।.mp3","एक बिल्ली मेज के नीचे है।","l9_catundertable.png","एक_बिल्ली_मेज_के_नीचे_है।.mp3","एक खरगोश मेज के नीचे है।","l9_rabbitundertable.png","एक_खरगोश_मेज_के_नीचे_है।.mp3"],["picturemeaning","1","Description","P","एक बिल्ली बक्से पर है।","l9_catonbox.png","एक_बिल्ली_बक्से_पर_है।.mp3","एक बिल्ली बक्से में है।","l9_catinbox.png","एक_बिल्ली_बक्से_में_है।.mp3","एक बिल्ली बक्से के नीचे है।","l9_catunderbox.png","एक_बिल्ली_बक्से_के_नीचे_है।.mp3"],["quizliteracy","1","Description","sentence_sentence","नीचे","पर","नीचे","में","","कुत्ता कुर्सी के __  बैठा है।","कुत्ता_कुर्सी_के_नीचे_बैठा_है.mp3"],["quizliteracy","1","Description","sentence_sentence","में","में","पर","नीचे","","पक्षियां आकाश __ उड़ रही हैं।","पक्षियां_आकाश_में_उड_रही_हैं.mp3"],["quizliteracy","1","Description","sentence_sentence","पर","नीचे","में","पर","","एक बिल्ली बक्से __ है।","एक_बिल्ली_बक्से_पर_है।.mp3"]]}]],0,0,[],[],[]],[[[0,"वह_बेडरूम_में_है।",".mp3",1.436735],-1],0,0,[],[],[]],[[[0,"कुत्ता_कुर्सी_के_नीचे_बैठा_है",".mp3",2.586122],-1],0,0,[],[],[]],[[{"name":"l9_shebedroom","rect":[0,0,868,689],"offset":[0,0],"originalSize":[868,689],"capInsets":[0,0,0,0]}],[0],0,[0],[0],[1]],[["0,9729,9729,33071,33071,0,0,1",-1],[1],0,[],[],[]],[["1,9729,9729,33071,33071,0,0,1",-1],[1],0,[],[],[]],[[[0,"एक_कुत्ता_मेज_के_नीचे_है।",".mp3",2.795102],-1],0,0,[],[],[]],[["0,9729,9729,33071,33071,0,0,1",-1],[1],0,[],[],[]],[[[0,"में",".mp3",0.626939],-1],0,0,[],[],[]],[[{"name":"l9_catonbox","rect":[0,0,868,689],"offset":[0,0],"originalSize":[868,689],"capInsets":[0,0,0,0]}],[0],0,[0],[0],[2]],[["0,9729,9729,33071,33071,0,0,1",-1],[1],0,[],[],[]],[["0,9729,9729,33071,33071,0,0,1",-1],[1],0,[],[],[]],[["0,9729,9729,33071,33071,0,0,1",-1],[1],0,[],[],[]],[["0,9729,9729,33071,33071,0,0,1",-1],[1],0,[],[],[]],[[{"name":"l9_rabbitundertable","rect":[0,0,868,689],"offset":[0,0],"originalSize":[868,689],"capInsets":[0,0,0,0]}],[0],0,[0],[0],[3]],[[[0,"पक्षी_आकाश_में_उड_रहे_हैं",".mp3",2.592],-1],0,0,[],[],[]],[[[0,"एक_बिल्ली_बक्से_में_है।",".mp3",2.298776],-1],0,0,[],[],[]],[[[0,"एक_बिल्ली_बक्से_के_नीचे_है।",".mp3",2.481633],-1],0,0,[],[],[]],[[[0,"पीछे",".mp3",0.705306],-1],0,0,[],[],[]],[[{"name":"l9_catunderbox","rect":[0,0,868,689],"offset":[0,0],"originalSize":[868,689],"capInsets":[0,0,0,0]}],[0],0,[0],[0],[4]],[[{"name":"l9_shebathroom","rect":[0,0,868,689],"offset":[0,0],"originalSize":[868,689],"capInsets":[0,0,0,0]}],[0],0,[0],[0],[5]],[[{"name":"l9_dogundertable","rect":[0,0,868,689],"offset":[0,0],"originalSize":[868,689],"capInsets":[0,0,0,0]}],[0],0,[0],[0],[6]],[[[0,"एक_बिल्ली_बक्से_पर_है।",".mp3",2.194286],-1],0,0,[],[],[]],[["0,9729,9729,33071,33071,0,0,1",-1],[1],0,[],[],[]],[[{"name":"l9_shekitchen","rect":[0,0,868,689],"offset":[0,0],"originalSize":[868,689],"capInsets":[0,0,0,0]}],[0],0,[0],[0],[7]],[[{"name":"l9_catinbox","rect":[0,0,868,689],"offset":[0,0],"originalSize":[868,689],"capInsets":[0,0,0,0]}],[0],0,[0],[0],[8]],[[[0,"एक_बिल्ली_मेज_के_नीचे_है।",".mp3",2.481633],-1],0,0,[],[],[]],[[{"name":"l9_catundertable","rect":[0,0,868,689],"offset":[0,0],"originalSize":[868,689],"capInsets":[0,0,0,0]}],[0],0,[0],[0],[9]],[["0,9729,9729,33071,33071,0,0,1",-1],[1],0,[],[],[]],[[[0,"स्थान",".mp3",2.612245],-1],0,0,[],[],[]],[["0,9729,9729,33071,33071,0,0,1",-1],[1],0,[],[],[]],[[[0,"एक_खरगोश_मेज_के_नीचे_है।",".mp3",2.612245],-1],0,0,[],[],[]],[[[0,"वह_बाथरूम_मैं_है।",".mp3",1.515102],-1],0,0,[],[],[]],[[[0,"वह_रसोइघर_में_है।",".mp3",1.671837],-1],0,0,[],[],[]]]]