[1,["020oGt77VKQ4rPccIQHIH5","03xJttQGFC+Zb0HuH067Vq","48YMbd7+tN77SDfdnTmDdK"],["_textureSetter"],["cc.SpriteFrame","cc.Texture2D",["cc.AudioClip",["_name","_native","duration"],0],["cc.JsonAsset",["_name","json"],1]],[[2,0,1,2,4],[3,0,1,3]],[[[{"name":"Whereisthe_bat","rect":[0,0,1073,770],"offset":[0,0],"originalSize":[1073,770],"capInsets":[0,0,0,0]}],[0],0,[0],[0],[0]],[["1,9729,9729,33071,33071,0,0,1",-1],[1],0,[],[],[]],[["1,9729,9729,33071,33071,0,0,1",-1],[1],0,[],[],[]],[[[0,"बल्ला_कहां_है",".mp3",1.56],-1],0,0,[],[],[]],[[[0,"तुम्हारी_छाती_कहाँ_है",".mp3",1.959184],-1],0,0,[],[],[]],[[[0,"क्या_वह_केले_पसंद_करता_है",".mp3",2.220408],-1],0,0,[],[],[]],[[[0,"आपका_बैग_कहां_है",".mp3",1.671837],-1],0,0,[],[],[]],[["1,9729,9729,33071,33071,0,0,1",-1],[1],0,[],[],[]],[[[0,"बैट_कहां_है",".mp3",1.201633],-1],0,0,[],[],[]],[[[0,"तुम्हारा_पैर_कहां_है",".mp3",1.880816],-1],0,0,[],[],[]],[[[1,"hi1309",{"rows":[["createsentence","1","Description","बल्ला/कहाँ/है?","","Whereisthe_bat.jpg","बल्ला_कहां_है.mp3"],["createsentence","1","Description","बिल्ली/कहाँ/है?","","Whereisthe_cat.jpg","बिल्ली_कहाँ_है.mp3"],["jumpsentence","1","Description","क्या [आपको] केले पसंद हैं [?]","क्या_आपको_केले_पसंद_हैं.mp3","y","unlocked"],["jumpsentence","1","Description","क्या [वह] केले पसंद करता है[?]","क्या_वह_केले_पसंद_करता_है.mp3","y","unlocked"],["fillblank","1","Description","आपका [बस्ता] कहाँ है?","आपका_बस्ता_कहां_है.mp3","किताब","डेस्क","गोंद","10"],["fillblank","1","Description","तुम्हारा [पैर] कहाँ है?","तुम्हारा_पैर_कहां_है.mp3","हाथ","गरदन","चेहरा","10"],["fillblank","1","Description","आपके [घुटने] कहाँ हैं?","आपके_घुटने_कहां_हैं.mp3","बाल","हाथ","पैर","10"],["fillblank","1","Description","तुम्हारी [छाती] कहाँ है?","तुम्हारी_छाती_कहाँ_है.mp3","पैर","ठोड़ी","गाल","10"],["quizliteracy","1","Description","image_sentence","बिल्ली कहाँ है?","बल्ला कहाँ है?","क्या आपको केले पसंद हैं ?","बिल्ली कहाँ है?","Whereisthe_cat.jpg","","बिल्ली_कहाँ_है.mp3"],["quizliteracy","1","Description","soundonly_image","Whereisthe_bat.jpg","Whereisthe_cat.jpg","Whereisthe_bat.jpg","komalwalks.jpg","","","बल्ला_कहां_है.mp3"],["quizliteracy","1","Description","sentence_sentence","क्या आपको केले पसंद हैं ?","क्या आपको केले पसंद हैं ?","बल्ला कहां है?","बिल्ली कहाँ है?","","","क्या_आपको_केले_पसंद_हैं.mp3"]]}]],0,0,[],[],[]],[[[0,"आपके_घुटने_कहां_हैं",".mp3",1.854694],-1],0,0,[],[],[]],[[[0,"बिल्ली_कहाँ_है",".mp3",1.149388],-1],0,0,[],[],[]],[[{"name":"komalwalks","rect":[0,0,1073,1188],"offset":[0,0],"originalSize":[1073,1188],"capInsets":[0,0,0,0]}],[0],0,[0],[0],[1]],[[[0,"क्या_आपको_केले_पसंद_हैं",".mp3",1.985306],-1],0,0,[],[],[]],[[{"name":"Whereisthe_cat","rect":[0,0,1073,577],"offset":[0,0],"originalSize":[1073,577],"capInsets":[0,0,0,0]}],[0],0,[0],[0],[2]]]]