[1,["0dY3GI4sNNYZkDiQorS5Ml","a5Amumkx1L/4wCVwGCOm6Y","90qIRVVWxHSJkhUcMmEDN2"],["_textureSetter"],["cc.Texture2D","cc.SpriteFrame",["cc.AudioClip",["_name","_native","duration"],0],["cc.JsonAsset",["_name","json"],1]],[[2,0,1,2,4],[3,0,1,3]],[[["0,9729,9729,33071,33071,0,0,1",-1],[0],0,[],[],[]],[[{"name":"कबूतर","rect":[0,0,400,333],"offset":[0,0],"originalSize":[400,333],"capInsets":[0,0,0,0]}],[1],0,[0],[0],[0]],[[[0,"कमल",".mp3",0.574694],-1],0,0,[],[],[]],[[{"name":"कमल","rect":[0,0,400,333],"offset":[0,0],"originalSize":[400,333],"capInsets":[0,0,0,0]}],[1],0,[0],[0],[1]],[["0,9729,9729,33071,33071,0,0,1",-1],[0],0,[],[],[]],[["0,9729,9729,33071,33071,0,0,1",-1],[0],0,[],[],[]],[[{"name":"कलश","rect":[0,0,271,271],"offset":[0,0],"originalSize":[271,271],"capInsets":[0,0,0,0]}],[1],0,[0],[0],[2]],[[[1,"hi0100",{"rows":[["phonictractor","1","Description","5","क","क.mp3","क","क.mp3"],["writeletter","1","Description","क","कमल"],["writecard","1","Description","क","कमल","कमल.png","कमल.mp3","कबूतर","कबूतर.png","कबूतर.mp3","कलश","कलश.png","कलश.mp3"],["quizliteracy","1","Description","soundonly_word","क","क","इ","अः","","","क.mp3"],["quizliteracy","1","Description","word_word","क","इ","ऐ","क","","क"],["quizliteracy","1","Description","soundonly_word","क","क","ऐ","अः","","","क.mp3"]]}]],0,0,[],[],[]],[[[0,"क",".mp3",0.418],-1],0,0,[],[],[]],[[[0,"कबूतर",".mp3",0.862041],-1],0,0,[],[],[]],[[[0,"कलश",".mp3",0.731429],-1],0,0,[],[],[]]]]