[1,["5c3k8aXQ1D4b6pvMcMAKGG"],["_textureSetter"],["cc.Texture2D","cc.SpriteFrame",["cc.AudioClip",["_name","_native","duration"],0],["cc.JsonAsset",["_name","json"],1]],[[2,0,1,2,4],[3,0,1,3]],[[["0,9729,9729,33071,33071,0,0,1",-1],[0],0,[],[],[]],[[[0,"ए",".mp3",0.783673],-1],0,0,[],[],[]],[[[1,"mr0203",{"rows":[["letterpair","1","Description","text","text","अ","अ","","आ","आ","","इ","इ","","ई","ई","","उ","उ","","ऊ","ऊ","","ऋ","ऋ"],["letterpair","1","Description","text","text","ए","ए","","ऐ","ऐ","","ओ","ओ","","औ","औ","","अं","अं","","अः","अः","","अँ","अँ"],["letterpair","1","Description","text","text","क","क","","ख","ख","","ग","ग","","घ","घ","","ङ","ङ"],["letterpair","1","Description","text","text","च","च","","छ","छ","","ज","ज","","झ","झ","","ञ","ञ"],["letterpair","1","Description","text","text","ट","ट","","ठ","ठ","","ड","ड","","ढ","ढ","","ण","ण"],["quizliteracy","1","Description","soundonly_word","ए","ए","ऊ","इ","","","ए.mp3"],["quizliteracy","1","Description","soundonly_word","ऊ","ऊ","आ","उ","","","ऊ.mp3"],["quizliteracy","1","Description","image_word","च","प","आ","च","mat.png"]]}]],0,0,[],[],[]],[[{"name":"mat","rect":[0,0,640,262],"offset":[0,0],"originalSize":[640,262],"capInsets":[0,0,0,0]}],[1],0,[0],[0],[0]],[[[0,"ऊ",".mp3",0.757551],-1],0,0,[],[],[]]]]