[1,["78l9Y5JjpOhZ79zHZNZAST","3a29F3LetBeorHzyOcBsHL","e5Q7NHYxNJuoK9yTerBItK","e2CKynhuBEar3yuiGAcyfv","b5/lNTbQZEba3Mcrl0bLXO","b79MBNBg9IZb7TIKISJj8U","b53WqyvyVJF6b0DgGL0xMN","0aUFKwqvNDvoW03GuT3rIw"],["_textureSetter"],["cc.Texture2D","cc.SpriteFrame",["cc.AudioClip",["_name","_native","duration"],0],["cc.JsonAsset",["_name","json"],1]],[[2,0,1,2,4],[3,0,1,3]],[[["0,9729,9729,33071,33071,0,0,1",-1],[0],0,[],[],[]],[[{"name":"jacket","rect":[0,0,505,512],"offset":[0,0],"originalSize":[505,512],"capInsets":[0,0,0,0]}],[1],0,[0],[0],[0]],[[[0,"jacket",".mp3",0.757551],-1],0,0,[],[],[]],[["0,9729,9729,33071,33071,0,0,1",-1],[0],0,[],[],[]],[[[0,"skirt",".mp3",0.888163],-1],0,0,[],[],[]],[[{"name":"skirt","rect":[0,0,512,307],"offset":[0,0],"originalSize":[512,307],"capInsets":[0,0,0,0]}],[1],0,[0],[0],[1]],[[{"name":"trouser","rect":[0,0,800,800],"offset":[0,0],"originalSize":[800,800],"capInsets":[0,0,0,0]}],[1],0,[0],[0],[2]],[[{"name":"shirt","rect":[0,0,785,667],"offset":[0,0],"originalSize":[785,667],"capInsets":[0,0,0,0]}],[1],0,[0],[0],[3]],[[[1,"sl_en1809",{"rows":[["spelldoor","1","Description","shirt","**irt","4","2","shirt.png","shirt.mp3"],["spelldoor","1","Description","trouser","t***ser","4","4","trouser.png","trouser.mp3"],["spelldoor","1","Description","skirt","ski**","2","1","skirt.png","skirt.mp3"],["spelldoor","1","Description","scarf","***rf","4","1","scarf.png","scarf.mp3"],["spelldoor","1","Description","socks","*ocks","1","0","socks.png","socks.mp3"],["spelldoor","1","Description","t-shirt","t-s****","0","1","t-shirt.png","t-shirt.mp3"],["spelldoor","1","Description","sweater","****ter","0","2","sweater.png","sweater.mp3"],["spelldoor","1","Description","jacket","ja****","0","1","jacket.png","jacket.mp3"],["quizliteracy","1","Description","image_sentence","socks","socks","trouser","shirt","socks.png","","socks.mp3"],["quizliteracy","1","Description","soundonly_image","shirt.png","skirt.png","shirt.png","sweater.png","","","shirt.mp3"],["quizliteracy","1","Description","image_sentence","skirt","trouser","scarf","skirt","skirt.png","","skirt.mp3"]]}]],0,0,[],[],[]],[[{"name":"socks","rect":[0,0,512,382],"offset":[0,0],"originalSize":[512,382],"capInsets":[0,0,0,0]}],[1],0,[0],[0],[4]],[["0,9729,9729,33071,33071,0,0,1",-1],[0],0,[],[],[]],[[{"name":"sweater","rect":[0,0,512,512],"offset":[0,0],"originalSize":[512,512],"capInsets":[0,0,0,0]}],[1],0,[0],[0],[5]],[["0,9729,9729,33071,33071,0,0,1",-1],[0],0,[],[],[]],[["0,9729,9729,33071,33071,0,0,1",-1],[0],0,[],[],[]],[["0,9729,9729,33071,33071,0,0,1",-1],[0],0,[],[],[]],[[{"name":"scarf","rect":[0,0,512,512],"offset":[0,0],"originalSize":[512,512],"capInsets":[0,0,0,0]}],[1],0,[0],[0],[6]],[[[0,"shirt",".mp3",0.757551],-1],0,0,[],[],[]],[["0,9729,9729,33071,33071,0,0,1",-1],[0],0,[],[],[]],[["0,9729,9729,33071,33071,0,0,1",-1],[0],0,[],[],[]],[[{"name":"t-shirt","rect":[0,0,950,1152],"offset":[0,0],"originalSize":[950,1152],"capInsets":[0,0,0,0]}],[1],0,[0],[0],[7]]]]