[1,["73w82/sYVHU65aWRLpFXkB","f1DjQ+nBZCjZw7nbodX1dt"],["_textureSetter"],["cc.Texture2D","cc.SpriteFrame",["cc.JsonAsset",["_name","json"],1],["cc.AudioClip",["_name","_native","duration"],0]],[[3,0,1,2,4],[2,0,1,3]],[[[[1,"hi1604",{"rows":[["jumpsentence","1","Description","[मैं] एक लड़की [हूँ]।","मैं_एक_लडकी_हूँ.mp3","n","unlocked"],["jumpsentence","1","Description","आप लंबे [हैं]।","आप_लंबे_हैं.mp3","n","unlocked"],["jumpsentence","1","Description","वह बीमार [है]।","वह_बीमार_है.mp3","n","unlocked"],["fillblank","1","Description","मेरी बहन अच्छा [गाती] है।","मेरी_बहन_अच्छा_गाती_है.mp3","नाचती ","पढ़ती ","दौड़ती ","10"],["fillblank","1","Description","मैं भूखा [हूँ]।","मैं_भूखा_हूँ.mp3","था ","रहा ","रहूँगा  ","10"],["fillblank","1","Description","आशा बीमार [है]।","आशा_बीमार_है.mp3","थी  ","होगी  ","होरही ","10"],["createsentence","1","Description","रोहन/खेलता/है।","","rohanplays.jpg","रोहन_खेलता_है.mp3"],["createsentence","1","Description","मारिया/तैरती/है।","","Weswamyesterday.jpg","मारिया_तैरती_है.mp3"],["quizliteracy","1","Description","sentence_sentence","गाती","गाती","पढ़ती ","दौड़ती ","","मेरी बहन अच्छा_______ है।","मेरी_बहन_अच्छा_गाती_है.mp3"],["quizliteracy","1","Description","sentence_sentence","भूखा","नाचती ","भूखा","गाती","","मैं ___ हूँ।","मैं_भूखा_हूँ.mp3"],["quizliteracy","1","Description","sentence_sentence","है","था ","है","थी  ","","आशा बीमार __।","आशा_बीमार_है.mp3"]]}]],0,0,[],[],[]],[[[0,"आशा_बीमार_है",".mp3",1.410612],-1],0,0,[],[],[]],[[[0,"मेरी_बहन_अच्छा_गाती_है",".mp3",2.298776],-1],0,0,[],[],[]],[[[0,"मैं_भूखा_हूँ",".mp3",1.28],-1],0,0,[],[],[]],[[[0,"आप_लंबे_हैं",".mp3",1.392],-1],0,0,[],[],[]],[[[0,"आप_लंबे_है",".mp3",1.28],-1],0,0,[],[],[]],[[[0,"रोहन_खेलता_है",".mp3",1.541224],-1],0,0,[],[],[]],[[[0,"मैं_एक_लडकी_हूँ",".mp3",1.593469],-1],0,0,[],[],[]],[["1,9729,9729,33071,33071,0,0,1",-1],[0],0,[],[],[]],[[[0,"मारिया_तैरती_है",".mp3",1.48898],-1],0,0,[],[],[]],[[{"name":"Weswamyesterday","rect":[0,0,1073,577],"offset":[0,0],"originalSize":[1073,577],"capInsets":[0,0,0,0]}],[1],0,[0],[0],[0]],[[{"name":"rohanplays","rect":[0,0,1073,577],"offset":[0,0],"originalSize":[1073,577],"capInsets":[0,0,0,0]}],[1],0,[0],[0],[1]],[[[0,"वह_बीमार_है",".mp3",1.462857],-1],0,0,[],[],[]],[["1,9729,9729,33071,33071,0,0,1",-1],[0],0,[],[],[]]]]