[1,["6fCzl8h4RE6IZL5vwEdlJO","c3lN6juC9D4IE3fLLgkD4I","55AhBFxR5PxZZcqwsd9IoO","50ic+hHmdEOa3DF7WRhrnp","94Z9MJlPlM24qwfAFl1pM/","5eATBnqW1JYaoC03jkwfYn","98x+g5SytPp5ATBsWNCrBH","e0WEoCttRMsbm5W746y8qS","0bh4ql3/RHRrvo0xvtNZVi"],["_textureSetter"],["cc.Texture2D","cc.SpriteFrame",["cc.AudioClip",["_name","_native","duration"],0],["cc.JsonAsset",["_name","json"],1]],[[2,0,1,2,4],[3,0,1,3]],[[["0,9729,9729,33071,33071,0,0,1",-1],[0],0,[],[],[]],[[{"name":"50paise","rect":[0,0,300,300],"offset":[0,0],"originalSize":[300,300],"capInsets":[0,0,0,0]}],[1],0,[0],[0],[0]],[[[0,"2_100_ notes_ is_ equal_to_1_[200]_note",".mp3",4.597551],-1],0,0,[],[],[]],[[{"name":"25paise","rect":[0,0,500,500],"offset":[0,0],"originalSize":[500,500],"capInsets":[0,0,0,0]}],[1],0,[0],[0],[1]],[[{"name":"200note","rect":[0,0,1200,542],"offset":[0,0],"originalSize":[1200,542],"capInsets":[0,0,0,0]}],[1],0,[0],[0],[2]],[["0,9729,9729,33071,33071,0,0,1",-1],[0],0,[],[],[]],[[{"name":"50note","rect":[0,0,1059,519],"offset":[0,0],"originalSize":[1059,519],"capInsets":[0,0,0,0]}],[1],0,[0],[0],[3]],[["0,9729,9729,33071,33071,0,0,1",-1],[0],0,[],[],[]],[["0,9729,9729,33071,33071,0,0,1",-1],[0],0,[],[],[]],[[[0,"10_paise",".mp3",1.227755],-1],0,0,[],[],[]],[["0,9729,9729,33071,33071,0,0,1",-1],[0],0,[],[],[]],[[{"name":"500note","rect":[0,0,1167,519],"offset":[0,0],"originalSize":[1167,519],"capInsets":[0,0,0,0]}],[1],0,[0],[0],[4]],[[{"name":"10paise","rect":[0,0,416,415],"offset":[0,0],"originalSize":[416,415],"capInsets":[0,0,0,0]}],[1],0,[0],[0],[5]],[["0,9729,9729,33071,33071,0,0,1",-1],[0],0,[],[],[]],[[{"name":"20note","rect":[0,0,600,305],"offset":[0,0],"originalSize":[600,305],"capInsets":[0,0,0,0]}],[1],0,[0],[0],[6]],[[[0,"5_notes_of_100_is_equal_to_1_note_of_500",".mp3",4.858776],-1],0,0,[],[],[]],[["0,9729,9729,33071,33071,0,0,1",-1],[0],0,[],[],[]],[[[1,"sl_en3702",{"rows":[["picturemeaning","1","Description","P","5 Rupee","5rupee.png","5_Rupee.mp3","25 Paise","25paise.png","25_paise.mp3","10 Paise","10paise.png","10_paise.mp3"],["picturemeaning","1","Description","P","₹50","50note.png","fifty_Rupees.mp3","5 Rupee","5rupee.png","5_Rupee.mp3","50 Paise","50paise.png","50_paise.mp3"],["matchbox","1","Description","8","50paise.png","25paise.png","10paise.png","5rupee.png","50paise.png","25paise.png","10paise.png","5rupee.png"],["fillblank","1","Description","2 ₹100 notes is equal to 1 [₹200] note","2_100_ notes_ is_ equal_to_1_[200]_note.mp3","₹2000","₹500","₹50","10"],["fillblank","1","Description","100 paise is equal to [1] rupee.","100_paise_is_equal_to_[1]_rupee.mp3","3","5","10","10"],["fillblank","1","Description","5 notes of ₹100 is equal to 1 note of [₹500].","5_notes_of_100_is_equal_to_1_note_of_500.mp3","₹200","₹2000","₹400","10"],["quizliteracy","1","Description","soundonly_image","20note.png","500note.png","20note.png","10note.png","","","20_Rupees.mp3"],["quizliteracy","1","Description","image_word","₹200","₹200","₹50","₹20","200note.png"],["quizliteracy","1","Description","sentence_sentence","₹200","₹2000","₹200","₹400","","2 ₹100 notes is equal to 1 _____ note","2_100_ notes_ is_ equal_to_1_[200]_note.mp3"]]}]],0,0,[],[],[]],[[[0,"25_paise",".mp3",1.802449],-1],0,0,[],[],[]],[[[0,"50_paise",".mp3",1.097143],-1],0,0,[],[],[]],[["0,9729,9729,33071,33071,0,0,1",-1],[0],0,[],[],[]],[["0,9729,9729,33071,33071,0,0,1",-1],[0],0,[],[],[]],[[{"name":"10note","rect":[0,0,1341,648],"offset":[0,0],"originalSize":[1341,648],"capInsets":[0,0,0,0]}],[1],0,[0],[0],[7]],[[{"name":"5rupee","rect":[0,0,225,225],"offset":[0,0],"originalSize":[225,225],"capInsets":[0,0,0,0]}],[1],0,[0],[0],[8]]]]