[1,["bahZXocrtL7Jk8GVxisRLS"],["_textureSetter"],["cc.SpriteFrame","cc.Texture2D",["cc.AudioClip",["_name","_native","duration"],0],["cc.JsonAsset",["_name","json"],1]],[[2,0,1,2,4],[3,0,1,3]],[[[[0,"m",".mp3",0.816],-1],0,0,[],[],[]],[[{"name":"zebra","rect":[0,0,1200,1000],"offset":[0,0],"originalSize":[1200,1000],"capInsets":[0,0,0,0]}],[0],0,[0],[0],[0]],[[[0,"a",".mp3",0.72],-1],0,0,[],[],[]],[[[1,"en_quiz0000",{"rows":[["quizliteracy","1","Description","word_word","w","w","u","y","","W"],["quizliteracy","1","Description","word_word","D","L","D","T","","d"],["quizliteracy","1","Description","soundonly_word","a","e","a","o","","","a.mp3"],["quizliteracy","1","Description","soundonly_word","u","e","i","u","","","u.mp3"],["quizliteracy","1","Description","word_word","t","t","s","v","","T"],["quizliteracy","1","Description","soundonly_word","k","k","f","p","","","k.mp3"],["quizliteracy","1","Description","soundonly_word","M","N","F","M","","","m.mp3"],["quizliteracy","1","Description","word_word","O","O","C","U","","o"],["quizliteracy","1","Description","soundonly_word","z","s","z","r","","","z.mp3"],["quizliteracy","1","Description","word_word","H","F","P","H","","h"]]}]],0,0,[],[],[]],[[[0,"k",".mp3",0.816],-1],0,0,[],[],[]],[[[0,"z",".mp3",1.032],-1],0,0,[],[],[]],[[[0,"u",".mp3",0.936],-1],0,0,[],[],[]],[["0,9729,9729,33071,33071,0,0,1",-1],[1],0,[],[],[]]]]