[1,["3ceV8qh+hEsITyPQL5KE+/","60BYKeRAhLwKfkUhLDBEgF","d9+YIZo+hAxoD+XtX3JqP6"],["_textureSetter"],["cc.SpriteFrame","cc.Texture2D",["cc.AudioClip",["_name","_native","duration"],0],["cc.JsonAsset",["_name","json"],1]],[[2,0,1,2,4],[3,0,1,3]],[[[[0,"d",".mp3",1.008],-1],0,0,[],[],[]],[[[0,"dog",".mp3",0.96],-1],0,0,[],[],[]],[[[1,"en0003",{"rows":[["balloonpop","1","Description","2","d","5","d,c,b","d.mp3"],["writeletter","1","Description","d","-"],["writecard","1","Description","d","dog","dog.png","dog.mp3","door","door.png","door.mp3","duck","duck.jpg","duck.mp3"],["quizliteracy","1","Description","soundonly_word","d","d","j","h","","","d.mp3"],["quizliteracy","1","Description","word_word","d","l","d","a","","d"],["quizliteracy","1","Description","soundonly_word","d","e","d","a","","","d.mp3"]]}]],0,0,[],[],[]],[[{"name":"duck","rect":[0,0,800,533],"offset":[0,0],"originalSize":[800,533],"capInsets":[0,0,0,0]}],[0],0,[0],[0],[0]],[["1,9729,9729,33071,33071,0,0,1",-1],[1],0,[],[],[]],[[[0,"door",".mp3",0.864],-1],0,0,[],[],[]],[["0,9729,9729,33071,33071,0,0,1",-1],[1],0,[],[],[]],[[{"name":"door","rect":[0,0,500,750],"offset":[0,0],"originalSize":[500,750],"capInsets":[0,0,0,0]}],[0],0,[0],[0],[1]],[[{"name":"dog","rect":[0,20,140,99],"offset":[0,0.5],"originalSize":[140,140],"capInsets":[0,0,0,0]}],[0],0,[0],[0],[2]],[["0,9729,9729,33071,33071,0,0,1",-1],[1],0,[],[],[]],[[[0,"duck",".mp3",0.936],-1],0,0,[],[],[]]]]