[1,["99q4hLRcRPaaNJZaFv1XZQ","eekMpPzBFHK7Uqjb4XX1Na","781brxfr5LlabcZiSKidCM","87YBkQdMNJhJz3hseKVpap","56JFSQhedI2rLQ+I2mf+a7","30Tg2JFIlCMZlxEBOgz9H0","10I+wUielDuZ0pE1f1X22V","f6W71eLLlMrJ4i0Zi+WoWT","a0TNwV5EpEAKa5PsOTMLm3","79RiCn5p9Jt4RhSP1w+n27","6fqlQwDm9NgZW+mCeDvdHZ"],["_textureSetter"],["cc.Texture2D","cc.SpriteFrame",["cc.AudioClip",["_name","_native","duration"],0],["cc.JsonAsset",["_name","json"],1]],[[2,0,1,2,4],[3,0,1,3]],[[[[0,"They_fly",".mp3",0.914286],-1],0,0,[],[],[]],[["0,9729,9729,33071,33071,0,0,1",-1],[0],0,[],[],[]],[[{"name":"Iteats","rect":[0,0,1073,1157],"offset":[0,0],"originalSize":[1073,1157],"capInsets":[0,0,0,0]}],[1],0,[0],[0],[0]],[[[0,"It_eats",".mp3",1.07102],-1],0,0,[],[],[]],[[{"name":"The_ballbounces","rect":[0,0,1073,772],"offset":[0,0],"originalSize":[1073,772],"capInsets":[0,0,0,0]}],[1],0,[0],[0],[1]],[[{"name":"It_swims","rect":[0,0,800,422],"offset":[0,0],"originalSize":[800,422],"capInsets":[0,0,0,0]}],[1],0,[0],[0],[2]],[["0,9729,9729,33071,33071,0,0,1",-1],[0],0,[],[],[]],[[{"name":"Weswamyesterday","rect":[0,0,1200,537],"offset":[0,0],"originalSize":[1200,537],"capInsets":[0,0,0,0]}],[1],0,[0],[0],[3]],[[[0,"She_walks",".mp3",0.992653],-1],0,0,[],[],[]],[["0,9729,9729,33071,33071,0,0,1",-1],[0],0,[],[],[]],[[[0,"She_reads",".mp3",0.966531],-1],0,0,[],[],[]],[[{"name":"heplays","rect":[146,11,652,609],"offset":[32,-5.5],"originalSize":[880,620],"capInsets":[0,0,0,0]}],[1],0,[0],[0],[4]],[["1,9729,9729,33071,33071,0,0,1",-1],[0],0,[],[],[]],[["0,9729,9729,33071,33071,0,0,1",-1],[0],0,[],[],[]],[["1,9729,9729,33071,33071,0,0,1",-1],[0],0,[],[],[]],[["1,9729,9729,33071,33071,0,0,1",-1],[0],0,[],[],[]],[[[1,"sl_en3304",{"rows":[["createsentence","1","Description","I/eat","","Jayeats.jpg","I_eat.mp3"],["createsentence","1","Description","She/reads","","Komalreadsa_book.jpg","She_reads.mp3"],["createsentence","1","Description","He/plays","","Sumanplaysa_game.png","He_plays.mp3"],["createsentence","1","Description","She/swims","","Rita_swims.jpg","She_swims.mp3"],["createsentence","1","Description","She/walks","","komalwalks.jpg","She_walks.mp3"],["createsentence","1","Description","It/grows","","It_grows.png","It_grows.mp3"],["createsentence","1","Description","It/bounces","","The_ballbounces.jpg","It_bounces.mp3"],["createsentence","1","Description","It/swims","","It_swims.png","It_swims.mp3"],["createsentence","1","Description","They/fly","","Birdsfly.jpg","They_fly.mp3"],["createsentence","1","Description","It/eats","","Iteats.jpg","It_eats.mp3"],["quizliteracy","1","Description","image_sentence","He plays.","She swims.","It grows.","He plays.","Sumanplaysa_game.jpg","","He_plays.mp3"],["quizliteracy","1","Description","image_sentence","She swims.","It bounces.","She swims.","It eats.","Weswamyesterday.jpg","","She_swims.mp3"],["quizliteracy","1","Description","image_sentence","She walks.","She walks.","She eats.","She reads.","komalwalks.jpg","","She_walks.mp3"],["quizliteracy","1","Description","soundonly_sentence","They fly.","They swim.","They fly.","They run.","","","They_fly.mp3"],["quizliteracy","1","Description","soundonly_sentence","It eats.","It swims.","It flies.","It eats.","","","It_eats.mp3"]]}]],0,0,[],[],[]],[["1,9729,9729,33071,33071,0,0,1",-1],[0],0,[],[],[]],[["1,9729,9729,33071,33071,0,0,1",-1],[0],0,[],[],[]],[[{"name":"It_grows","rect":[0,0,800,483],"offset":[0,0],"originalSize":[800,483],"capInsets":[0,0,0,0]}],[1],0,[0],[0],[5]],[[[0,"It_grows",".mp3",1.227755],-1],0,0,[],[],[]],[[[0,"It_swims",".mp3",1.253878],-1],0,0,[],[],[]],[[[0,"She_swims",".mp3",1.07102],-1],0,0,[],[],[]],[[{"name":"Sumanplaysa_game","rect":[0,31,788,738],"offset":[-6,0],"originalSize":[800,800],"capInsets":[0,0,0,0]}],[1],0,[0],[0],[6]],[[{"name":"Birdsfly","rect":[0,0,1631,1080],"offset":[0,0],"originalSize":[1631,1080],"capInsets":[0,0,0,0]}],[1],0,[0],[0],[7]],[[[0,"I_eat",".mp3",0.966531],-1],0,0,[],[],[]],[[{"name":"Jayeats","rect":[0,0,1073,577],"offset":[0,0],"originalSize":[1073,577],"capInsets":[0,0,0,0]}],[1],0,[0],[0],[8]],[[{"name":"Komalreadsa_book","rect":[0,0,1073,1157],"offset":[0,0],"originalSize":[1073,1157],"capInsets":[0,0,0,0]}],[1],0,[0],[0],[9]],[[[0,"It_bounces",".mp3",1.149388],-1],0,0,[],[],[]],[[[0,"He_plays",".mp3",0.940408],-1],0,0,[],[],[]],[["1,9729,9729,33071,33071,0,0,1",-1],[0],0,[],[],[]],[["1,9729,9729,33071,33071,0,0,1",-1],[0],0,[],[],[]],[[{"name":"Rita_swims","rect":[0,0,800,398],"offset":[0,0],"originalSize":[800,398],"capInsets":[0,0,0,0]}],[1],0,[0],[0],[10]]]]