[1,["24zc92Ep9GyqJK4NHmDG7m","e8YIXnkFdHEpiyRZXkH5h+","2bji1fTrZHWY28TYYw/jjO"],["_textureSetter"],["cc.Texture2D","cc.SpriteFrame",["cc.JsonAsset",["_name","json"],1],["cc.AudioClip",["_name","_native","duration"],0]],[[3,0,1,2,4],[2,0,1,3]],[[["0,9729,9729,33071,33071,0,0,1",-1],[0],0,[],[],[]],[["0,9729,9729,33071,33071,0,0,1",-1],[0],0,[],[],[]],[[{"name":"छतरी","rect":[0,0,400,333],"offset":[0,0],"originalSize":[400,333],"capInsets":[0,0,0,0]}],[1],0,[0],[0],[0]],[[[1,"hi0106",{"rows":[["balloonpop","1","Description","2","छ","5","छ","छ.mp3"],["phonictractor","1","Description","5","छ","छ.mp3","छ","छ.mp3"],["writeletter","1","Description","छ","छतरी"],["writecard","1","Description","छ","छतरी","छतरी.png","छतरी.mp3","छात्र","छात्र.png","छात्र.mp3","छत","छत.png","छत.mp3"],["quizliteracy","1","Description","soundonly_word","छ","छ","च","प","","","छ.mp3"],["quizliteracy","1","Description","word_word","छ","च","छ","आ","","छ"],["quizliteracy","1","Description","soundonly_word","छ","प","आ","छ","","","छ.mp3"]]}]],0,0,[],[],[]],[[[0,"छात्र",".mp3",0.835918],-1],0,0,[],[],[]],[[[0,"छत",".mp3",0.522449],-1],0,0,[],[],[]],[[[0,"छतरी",".mp3",0.731429],-1],0,0,[],[],[]],[[{"name":"छत","rect":[0,0,400,333],"offset":[0,0],"originalSize":[400,333],"capInsets":[0,0,0,0]}],[1],0,[0],[0],[1]],[[{"name":"छात्र","rect":[0,0,400,333],"offset":[0,0],"originalSize":[400,333],"capInsets":[0,0,0,0]}],[1],0,[0],[0],[2]],[[[0,"छ",".mp3",0.653],-1],0,0,[],[],[]],[["0,9729,9729,33071,33071,0,0,1",-1],[0],0,[],[],[]]]]