[1,["7fkJPtlERHepcqZPZ7VErs","6e6FfNKkpI37iBCCJFMr00"],["_textureSetter"],["cc.SpriteFrame","cc.Texture2D",["cc.AudioClip",["_name","_native","duration"],0],["cc.JsonAsset",["_name","json"],1]],[[2,0,1,2,4],[3,0,1,3]],[[[[0,"Do_you_like_bananas",".mp3",1.410612],-1],0,0,[],[],[]],[[[0,"What_time_do_you_go_to_bed",".mp3",1.933061],-1],0,0,[],[],[]],[[[0,"Does_he_like_bananas",".mp3",1.671837],-1],0,0,[],[],[]],[[[1,"sl_en3301",{"rows":[["jumpsentence","1","Description","[Is] she fast[?]","Is_she_fast.mp3","y","unlocked"],["jumpsentence","1","Description","How [are] you[?]","How_are_you.mp3","n","unlocked"],["jumpsentence","1","Description","[Who] is she[?]","Who_is_she.mp3","y","unlocked"],["jumpsentence","1","Description","Do [you] like bananas[?]","Do_you_like_bananas.mp3","n","unlocked"],["jumpsentence","1","Description","[Does] he [like] bananas[?]","Does_he_like_bananas.mp3","y","unlocked"],["createsentence","1","Description","Where/is/the bat?","are","Whereisthe_bat.jpg","where_is_the_bat.mp3"],["createsentence","1","Description","Where/is/the cat?","are","Whereisthe_cat.jpg","where_is_the_cat.mp3"],["fillblank","1","Description","What time do you [go to bed]?","What_time_do_you_go_to_bed.mp3","wash","wake up","go home","15"],["quizliteracy","1","Description","sentence_sentence","Does he like bananas?","Does he like bananas?","Does he like bananas.","does he like bananas?","","choose the right one","Choose_the_right_one.mp3"],["quizliteracy","1","Description","soundonly_sentence","Is she fast?","Is she fast?","Is she fast.","Is she fast,","","","Is_she_fast.mp3"],["quizliteracy","1","Description","sentence_sentence","Who is she?","Who is she,","Who is she?","Who is she.","","choose the right one","Choose_the_right_one.mp3"],["quizliteracy","1","Description","image_sentence","Where is the bat?","Where is the cow?","Where is the dog?","Where is the bat?","Whereisthe_bat.jpg","","where_is_the_bat.mp3"],["quizliteracy","1","Description","image_sentence","Where is the cat?","Where is the cat?","Where is the lion?","Where is the dog?","Whereisthe_cat.jpg","","Where_is_the_cat.mp3"]]}]],0,0,[],[],[]],[[[0,"How_are_you",".mp3",0.940408],-1],0,0,[],[],[]],[[[0,"where_is_the_cat",".mp3",1.306122],-1],0,0,[],[],[]],[[[0,"where_is_the_bat",".mp3",1.28],-1],0,0,[],[],[]],[[[0,"Who_is_she",".mp3",0.966531],-1],0,0,[],[],[]],[[{"name":"Whereisthe_cat","rect":[0,0,1200,900],"offset":[0,0],"originalSize":[1200,900],"capInsets":[0,0,0,0]}],[0],0,[0],[0],[0]],[["1,9729,9729,33071,33071,0,0,1",-1],[1],0,[],[],[]],[[[0,"Is_she_fast",".mp3",1.097143],-1],0,0,[],[],[]],[["1,9729,9729,33071,33071,0,0,1",-1],[1],0,[],[],[]],[[[0,"Choose_the_right_one",".mp3",1.38449],-1],0,0,[],[],[]],[[{"name":"Whereisthe_bat","rect":[0,0,1073,770],"offset":[0,0],"originalSize":[1073,770],"capInsets":[0,0,0,0]}],[0],0,[0],[0],[1]]]]