[1,["84M8rCKB9Jo5F2lV8cfAug","e9WdRnuxpHHY1gHIS3zG6a","bbJSIsV5FCBLlx6sjvv10L","1aPwJ/SmxJ6q6HSrYXCd9t","75SeNYeE1H3aXB002q8s77","01o75OhwhKdIAnBlFSWEtT","2eJJEs8dRDZKvImB0zn42h"],["_textureSetter"],["cc.Texture2D","cc.SpriteFrame",["cc.JsonAsset",["_name","json"],1],["cc.AudioClip",["_name","_native","duration"],0]],[[2,0,1,3],[3,0,1,2,4]],[[["0,9729,9729,33071,33071,0,0,1",-1],[0],0,[],[],[]],[["0,9729,9729,33071,33071,0,0,1",-1],[0],0,[],[],[]],[["0,9729,9729,33071,33071,0,0,1",-1],[0],0,[],[],[]],[[{"name":"busy_street","rect":[0,0,512,384],"offset":[0,0],"originalSize":[512,384],"capInsets":[0,0,0,0]}],[1],0,[0],[0],[0]],[[{"name":"round_plate","rect":[0,0,512,512],"offset":[0,0],"originalSize":[512,512],"capInsets":[0,0,0,0]}],[1],0,[0],[0],[1]],[[{"name":"snake","rect":[0,0,400,305],"offset":[0,0],"originalSize":[400,305],"capInsets":[0,0,0,0]}],[1],0,[0],[0],[2]],[[[0,"sl_en3005",{"rows":[["createsentence","1","Description","A/broken/bottle.","","broken_bottle.png","a_broken_bottle.mp3"],["createsentence","1","Description","A/busy/street.","","busy_street.png","A_busy_street.mp3"],["createsentence","1","Description","A/round/plate.","","round_plate.png","A_round_plate.mp3"],["createsentence","1","Description","A/huge/elephant.","","huge.png","a_huge_elephant.mp3"],["createsentence","1","Description","A/little/mouse.","","little.png","A_little_mouse.mp3"],["createsentence","1","Description","A/long/snake.","","snake.png","A_long_snake.mp3"],["createsentence","1","Description","A/black/car.","","black_car.png","A_black_car.mp3"],["createsentence","1","Description","A/wet/cat.","","wet_cat.png","A_wet_cat.mp3"],["quizliteracy","1","Description","1","Description","sentence_sentence","busy","busy","round","little","","A ____street.","A_busy_street.mp3"],["quizliteracy","1","Description","1","Description","sentence_sentence","huge","broken","huge","black","","A ____ elelphant.","a_huge_elephant.mp3"],["quizliteracy","1","Description","1","Description","sentence_sentence","black","red","blue","black","","A _____ car.","A_black_car.mp3"]]}]],0,0,[],[],[]],[["0,9729,9729,33071,33071,0,0,1",-1],[0],0,[],[],[]],[[[1,"A_little_mouse",".mp3",1.567347],-1],0,0,[],[],[]],[["0,9729,9729,33071,33071,0,0,1",-1],[0],0,[],[],[]],[[{"name":"black_car","rect":[0,0,512,384],"offset":[0,0],"originalSize":[512,384],"capInsets":[0,0,0,0]}],[1],0,[0],[0],[3]],[["0,9729,9729,33071,33071,0,0,1",-1],[0],0,[],[],[]],[[{"name":"wet_cat","rect":[0,0,307,337],"offset":[0,0],"originalSize":[307,337],"capInsets":[0,0,0,0]}],[1],0,[0],[0],[4]],[[{"name":"little","rect":[0,0,548,640],"offset":[0,0],"originalSize":[548,640],"capInsets":[0,0,0,0]}],[1],0,[0],[0],[5]],[[{"name":"broken_bottle","rect":[0,0,500,500],"offset":[0,0],"originalSize":[500,500],"capInsets":[0,0,0,0]}],[1],0,[0],[0],[6]],[["0,9729,9729,33071,33071,0,0,1",-1],[0],0,[],[],[]]]]