[1,["41fqXkcCtFH5G0gunEn5Wz","dazU1pXy9LEad7oROATIfv","04WKSlzFZFU4GDjwd+cNh0","2aPLiL9ctJfbHRFMCFkSfJ"],["_textureSetter"],["cc.Texture2D","cc.SpriteFrame",["cc.AudioClip",["_name","_native","duration"],0],["cc.JsonAsset",["_name","json"],1]],[[2,0,1,2,4],[3,0,1,3]],[[["1,9729,9729,33071,33071,0,0,1",-1],[0],0,[],[],[]],[[[0,"wet",".mp3",1.008],-1],0,0,[],[],[]],[[[0,"Anand_is_a_boy",".mp3",1.872],-1],0,0,[],[],[]],[[[0,"egg",".mp3",0.792],-1],0,0,[],[],[]],[["1,9729,9729,33071,33071,0,0,1",-1],[0],0,[],[],[]],[[[0,"lion",".mp3",1.032],-1],0,0,[],[],[]],[[[0,"a",".mp3",0.72],-1],0,0,[],[],[]],[["1,9729,9729,33071,33071,0,0,1",-1],[0],0,[],[],[]],[[[1,"en1_PreQuiz",{"rows":[["quizliteracy","1","Description","word_word","w","w","u","y","","w"],["quizliteracy","1","Description","word_word","D","L","D","T","","D"],["quizliteracy","1","Description","word_word","a","e","a","o","","a"],["quizliteracy","1","Description","word_word","t","t","s","v","","t"],["quizliteracy","1","Description","soundonly_word","k","k","f","p","","","k.mp3"],["quizliteracy","1","Description","soundonly_word","M","N","F","M","","","m.mp3"],["quizliteracy","1","Description","word_word","O","O","C","U","","O"],["quizliteracy","1","Description","word_word","H","F","P","H","","H"],["quizliteracy","1","Description","soundonly_word","t+a","t+a","b+a","r+a","","","ta.mp3"],["quizliteracy","1","Description","word_word","y+a","y+a","z+o","m+u","","ya"],["quizliteracy","1","Description","soundonly_word","mu","pu","du","mu","","","mu.mp3"],["quizliteracy","1","Description","word_word","e","i","e","k","","w_t","wet.mp3"],["quizliteracy","1","Description","word_word","e","e","b","m","","_gg","egg.mp3"],["quizliteracy","1","Description","word_word","p","n","o","p","","_ig","pig.mp3"],["quizliteracy","1","Description","soundonly_word","lion","lion","frog","duck","","","lion.mp3"],["quizliteracy","1","Description","image_word","bug","bug","bus","bat","bug.jpg"],["quizliteracy","1","Description","image_word","tree","house","car","tree","tree.jpg"],["quizliteracy","1","Description","sentence_sentence","Birds fly.","Birds fly.","birds fly.","biRds flY.","","","Choose_the_correct_sentence.mp3"],["quizliteracy","1","Description","soundonly_sentence","Salma drinks milk.","Salma drinks milk.","Salma eats salad.","Salma runs fast.","The_milkisdelicious.jpg","","Salma_drinks_milk.mp3"],["quizliteracy","1","Description","image_sentence","Anand is a boy.","Anand is a boy.","Anand is a girl.","Anand is a man.","Johnisa_boy.jpg","","Anand_is_a_boy.mp3"]]}]],0,0,[],[],[]],[[[0,"Salma_drinks_milk",".mp3",2.4],-1],0,0,[],[],[]],[[{"name":"bug","rect":[0,0,501,497],"offset":[0,0],"originalSize":[501,497],"capInsets":[0,0,0,0]}],[1],0,[0],[0],[0]],[[{"name":"Johnisa_boy","rect":[0,0,501,497],"offset":[0,0],"originalSize":[501,497],"capInsets":[0,0,0,0]}],[1],0,[0],[0],[1]],[[[0,"k",".mp3",0.816],-1],0,0,[],[],[]],[[[0,"mu",".mp3",0.912],-1],0,0,[],[],[]],[[[0,"m",".mp3",0.816],-1],0,0,[],[],[]],[[[0,"Choose_the_correct_sentence",".mp3",1.854694],-1],0,0,[],[],[]],[[{"name":"The_milkisdelicious","rect":[0,0,501,497],"offset":[0,0],"originalSize":[501,497],"capInsets":[0,0,0,0]}],[1],0,[0],[0],[2]],[["1,9729,9729,33071,33071,0,0,1",-1],[0],0,[],[],[]],[[[0,"ta",".mp3",0.744],-1],0,0,[],[],[]],[[[0,"pig",".mp3",0.864],-1],0,0,[],[],[]],[[{"name":"tree","rect":[0,0,501,497],"offset":[0,0],"originalSize":[501,497],"capInsets":[0,0,0,0]}],[1],0,[0],[0],[3]]]]