[1,["97BsUQkQpFjI4hMvc52x2S","47ey4xKelM4qJ5fE+SFMsR","eai5fcbYVCapq+kd45fQpR"],["_textureSetter"],["cc.SpriteFrame","cc.Texture2D",["cc.AudioClip",["_name","_native","duration"],0],["cc.JsonAsset",["_name","json"],1]],[[2,0,1,2,4],[3,0,1,3]],[[[{"name":"running","rect":[0,0,800,534],"offset":[0,0],"originalSize":[800,534],"capInsets":[0,0,0,0]}],[0],0,[0],[0],[0]],[[[0,"ಅಜ ಗಜ ಮಜ",".mp3",1.152],-1],0,0,[],[],[]],[[[0,"ಮ",".mp3",0.48],-1],0,0,[],[],[]],[[[0,"ಬ",".mp3",0.504],-1],0,0,[],[],[]],[["0,9729,9729,33071,33071,0,0,1",-1],[1],0,[],[],[]],[[[0,"ಆ ಅಜ ಈ ಗಜ",".mp3",1.248],-1],0,0,[],[],[]],[[[0,"ಓಟ",".mp3",1.008],-1],0,0,[],[],[]],[[[0,"ಅಜ ಗಜದ ಓಟ ಬಹಳ ಮಜ",".mp3",2.04],-1],0,0,[],[],[]],[[{"name":"brahma","rect":[0,0,533,800],"offset":[0,0],"originalSize":[533,800],"capInsets":[0,0,0,0]}],[0],0,[0],[0],[1]],[[[0,"ಹ",".mp3",0.504],-1],0,0,[],[],[]],[[[1,"kn1103",{"rows":[["writecard","1","Description","ಅ","ಅಜ","brahma.png","ಅಜ.mp3","ಅಜ","brahma.png","ಅಜ.mp3","ಅಜ","brahma.png","ಅಜ.mp3"],["writecard","1","Description","ಗ","ಗಜ","elephant.png","ಗಜ.mp3","ಗಜ","elephant.png","ಗಜ.mp3","ಗಜ","elephant.png","ಗಜ.mp3"],["phonictractor","1","Description","4","ಮಜ","ಮಜ.mp3","ಮ","ಮ.mp3","ಜ","ಜ.mp3"],["writeword","1","Description","ಓಟ","running.png","ಓಟ.mp3"],["phonictractor","1","Description","4","ಬಹಳ","ಬಹಳ.mp3","ಬ","ಬ.mp3","ಹ","ಹ.mp3","ಳ","ಳ.mp3"],["createsentence","1","Description","ಆ/ಅಜ/ಈ/ಗಜ","","elephant.png","ಆ ಅಜ ಈ ಗಜ.mp3"],["createsentence","1","Description","ಅಜ/ಗಜ/ಮಜ","","elephant.png","ಅಜ ಗಜ ಮಜ.mp3"],["createsentence","1","Description","ಈಗ/ಅಜ/ಗಜದ/ಓಟ","","elephant.png","ಈಗ ಅಜ ಗಜದ ಓಟ.mp3"],["createsentence","1","Description","ಅಜ/ಗಜದ/ಓಟ/ಬಹಳ/ಮಜ","","elephant.png","ಅಜ ಗಜದ ಓಟ ಬಹಳ ಮಜ.mp3"],["quizliteracy","1","Description","image_word","ಅಜ","ಅಜ","ಮಜ","ಗಜ","brahma.png"],["quizliteracy","1","Description","word_word","ಗ","ಹ","ಗ","ಕ","","_ಜ","ಗಜ.mp3"],["quizliteracy","1","Description","soundonly_sentence","ಅಜ ಗಜ ಮಜ","ಅಮರನ  ಆಟ","ಅಜ ಗಜ ಮಜ","ಬಸವನ ಊಟ","","","ಅಜ ಗಜ ಮಜ.mp3"]]}]],0,0,[],[],[]],[[[0,"ಜ",".mp3",0.528],-1],0,0,[],[],[]],[[[0,"ಬಹಳ",".mp3",0.696],-1],0,0,[],[],[]],[["0,9729,9729,33071,33071,0,0,1",-1],[1],0,[],[],[]],[[[0,"ಅಜ",".mp3",1.056],-1],0,0,[],[],[]],[[[0,"ಈಗ ಅಜ ಗಜದ ಓಟ",".mp3",1.608],-1],0,0,[],[],[]],[[[0,"ಗಜ",".mp3",0.648],-1],0,0,[],[],[]],[[[0,"ಮಜ",".mp3",0.624],-1],0,0,[],[],[]],[[[0,"ಳ",".mp3",0.504],-1],0,0,[],[],[]],[["0,9729,9729,33071,33071,0,0,1",-1],[1],0,[],[],[]],[[{"name":"elephant","rect":[0,0,332,500],"offset":[0,0],"originalSize":[332,500],"capInsets":[0,0,0,0]}],[0],0,[0],[0],[2]]]]