[1,["45FCZ53YdAi6xVpk6gJDNF","55WeGcMddIJbRmlrXWqXw6","80YVvFkT1HdrOnLJXuVpoH","25/VO2aapOf6ExGTJUMywM","672zYkZNNFdrmkSAmlCouL","52BJ2ADwpCxpKUVUm+yskn","1cjoPvjv5KNJwfQre6gaQL","27cyT8J+dM7asLn0OgskNd","a7ZZvr30ZAp70S+AhOGL/s","0bH2cHrWxH4YWvnT2bc3bG","9dzveGjfZEFr8BiQgz9/iM","01YJ5W3UZNF628p2VRvZpn","38t4u0J1dCFps9F43MT9Jq","206YlABLNBGZ/xEmFUpGPM","5540fm3ktAMb+am3+iFh6u","22CaqkwbJPv49rNhFYozdk","a0lBA3Vx9K86b1a6wp30gE","7aYd+uCZZMzaWHmQ8lSu88"],["_textureSetter"],["cc.Texture2D","cc.SpriteFrame",["cc.AudioClip",["_name","_native","duration"],0],["cc.JsonAsset",["_name","json"],1]],[[2,0,1,2,4],[3,0,1,3]],[[["1,9729,9729,33071,33071,0,0,1",-1],[0],0,[],[],[]],[[{"name":"l2_purplecircle","rect":[0,0,868,689],"offset":[0,0],"originalSize":[868,689],"capInsets":[0,0,0,0]}],[1],0,[0],[0],[0]],[["0,9729,9729,33071,33071,0,0,1",-1],[0],0,[],[],[]],[[[0,"A_boy_sits_in_the_chair",".mp3",2.246531],-1],0,0,[],[],[]],[[[0,"A_white_bear",".mp3",1.018776],-1],0,0,[],[],[]],[[[0,"A_little_cat",".mp3",1.48898],-1],0,0,[],[],[]],[["0,9729,9729,33071,33071,0,0,1",-1],[0],0,[],[],[]],[["1,9729,9729,33071,33071,0,0,1",-1],[0],0,[],[],[]],[["0,9729,9729,33071,33071,0,0,1",-1],[0],0,[],[],[]],[[{"name":"l1_littleant","rect":[0,0,868,689],"offset":[0,0],"originalSize":[868,689],"capInsets":[0,0,0,0]}],[1],0,[0],[0],[1]],[["0,9729,9729,33071,33071,0,0,1",-1],[0],0,[],[],[]],[[[0,"A_purple_circle",".mp3",1.332245],-1],0,0,[],[],[]],[["0,9729,9729,33071,33071,0,0,1",-1],[0],0,[],[],[]],[[{"name":"l1_littlemouse","rect":[0,0,868,689],"offset":[0,0],"originalSize":[868,689],"capInsets":[0,0,0,0]}],[1],0,[0],[0],[2]],[["0,9729,9729,33071,33071,0,0,1",-1],[0],0,[],[],[]],[["0,9729,9729,33071,33071,0,0,1",-1],[0],0,[],[],[]],[[[1,"sl_en2701",{"rows":[["picturemeaning","1","Description","P","A boy sits in the chair.","l9_boysitschair.png","A_boy_sits_in_the_chair.mp3","A girl sits in the chair.","l9_girlsitschair.png","A_girl_sits_in_the_chair.mp3","A teacher sits in the chair.","l9_teachersitschair.png","A_teacher_sits_in_the_chair.mp3"],["picturemeaning","1","Description","P","A brown bear.","l2_brownbear.png","A_brown_bear.mp3","A black bear.","l2_blackbear.png","A_black_bear.mp3","A white bear.","l2_whitebear.png","A_white_bear.mp3"],["picturemeaning","1","Description","P","A cat is on the box.","l9_catonbox.png","A_cat_is_on_the_box.mp3","A cat is in the box.","l9_catinbox.png","A_cat_is_in_the_box.mp3","A cat is under the box.","l9_catunderbox.png","A_cat_is_under_the_box.mp3"],["picturemeaning","1","Description","P","A little cat.","l1_littlecat.png","A_little_cat.mp3","A little mouse.","l1_littlemouse.png","A_little_mouse.mp3","A little ant.","l1_littleant.png","A_little_ant.mp3"],["picturemeaning","1","Description","P","A purple circle.","l2_purplecircle.png","A_purple_circle.mp3","A green star.","l2_greenstar.png","A_green_star.mp3","A purple square.","l3_purplesquare.png","A_purple_square.mp3"],["createsentence","1","Description","Maya/reads/a book","","Ranireadsmanybooks.jpg","Maya_reads_a_book.mp3"],["createsentence","1","Description","Rahim/plays/a game","","Raviplaysa_gamealone.jpg","Rahim_plays_a_game.mp3"],["createsentence","1","Description","Rita/sings/a song","","Mirasingsa_song.jpg","Rita_sings_a_song.mp3"],["quizliteracy","1","Description","image_sentence","A brown bear.","A brown bear.","A black bear.","A brown dog.","l2_brownbear.png","","A_brown_bear.mp3"],["quizliteracy","1","Description","soundonly_sentence","A cat is on the box.","A cat is on the chair.","A cat is on the box.","A cat is on the table.","","","A_cat_is_on_the_box.mp3"],["quizliteracy","1","Description","sentence_sentence","A","A","The","An","","__ boy sits in the chair.","A_boy_sits_in_the_chair.mp3"],["quizliteracy","1","Description","sentence_sentence","A","An","A","The","","__ purple circle.","A_purple_circle.mp3"],["quizliteracy","1","Description","sentence_sentence","A","The","A","An","","__ little cat.","A_little_cat.mp3"]]}]],0,0,[],[],[]],[[[0,"A_little_ant",".mp3",1.462857],-1],0,0,[],[],[]],[[[0,"A_green_star",".mp3",1.201633],-1],0,0,[],[],[]],[["0,9729,9729,33071,33071,0,0,1",-1],[0],0,[],[],[]],[["0,9729,9729,33071,33071,0,0,1",-1],[0],0,[],[],[]],[["0,9729,9729,33071,33071,0,0,1",-1],[0],0,[],[],[]],[[[0,"A_black_bear",".mp3",1.253878],-1],0,0,[],[],[]],[[[0,"A_girl_sits_in_the_chair",".mp3",2.063673],-1],0,0,[],[],[]],[[{"name":"l9_catinbox","rect":[0,0,868,689],"offset":[0,0],"originalSize":[868,689],"capInsets":[0,0,0,0]}],[1],0,[0],[0],[3]],[[[0,"A_teacher_sits_in_the_chair",".mp3",2.011429],-1],0,0,[],[],[]],[[[0,"A_little_mouse",".mp3",1.567347],-1],0,0,[],[],[]],[[[0,"A_purple_square",".mp3",1.28],-1],0,0,[],[],[]],[["0,9729,9729,33071,33071,0,0,1",-1],[0],0,[],[],[]],[[{"name":"l9_girlsitschair","rect":[0,0,868,689],"offset":[0,0],"originalSize":[868,689],"capInsets":[0,0,0,0]}],[1],0,[0],[0],[4]],[[{"name":"l1_littlecat","rect":[0,0,868,689],"offset":[0,0],"originalSize":[868,689],"capInsets":[0,0,0,0]}],[1],0,[0],[0],[5]],[["1,9729,9729,33071,33071,0,0,1",-1],[0],0,[],[],[]],[[[0,"A_brown_bear",".mp3",1.149388],-1],0,0,[],[],[]],[["0,9729,9729,33071,33071,0,0,1",-1],[0],0,[],[],[]],[[{"name":"l2_blackbear","rect":[0,0,868,689],"offset":[0,0],"originalSize":[868,689],"capInsets":[0,0,0,0]}],[1],0,[0],[0],[6]],[[[0,"A_cat_is_on_the_box",".mp3",2.246531],-1],0,0,[],[],[]],[[{"name":"l9_catonbox","rect":[0,0,868,689],"offset":[0,0],"originalSize":[868,689],"capInsets":[0,0,0,0]}],[1],0,[0],[0],[7]],[["0,9729,9729,33071,33071,0,0,1",-1],[0],0,[],[],[]],[["0,9729,9729,33071,33071,0,0,1",-1],[0],0,[],[],[]],[["0,9729,9729,33071,33071,0,0,1",-1],[0],0,[],[],[]],[[{"name":"l9_catunderbox","rect":[0,0,868,689],"offset":[0,0],"originalSize":[868,689],"capInsets":[0,0,0,0]}],[1],0,[0],[0],[8]],[[{"name":"l9_boysitschair","rect":[0,0,868,689],"offset":[0,0],"originalSize":[868,689],"capInsets":[0,0,0,0]}],[1],0,[0],[0],[9]],[[{"name":"l9_teachersitschair","rect":[0,0,868,689],"offset":[0,0],"originalSize":[868,689],"capInsets":[0,0,0,0]}],[1],0,[0],[0],[10]],[[{"name":"Raviplaysa_gamealone","rect":[0,0,768,512],"offset":[0,0],"originalSize":[768,512],"capInsets":[0,0,0,0]}],[1],0,[0],[0],[11]],[[{"name":"l2_brownbear","rect":[0,0,868,689],"offset":[0,0],"originalSize":[868,689],"capInsets":[0,0,0,0]}],[1],0,[0],[0],[12]],[[{"name":"Mirasingsa_song","rect":[0,0,1073,1188],"offset":[0,0],"originalSize":[1073,1188],"capInsets":[0,0,0,0]}],[1],0,[0],[0],[13]],[[{"name":"l2_whitebear","rect":[0,0,868,689],"offset":[0,0],"originalSize":[868,689],"capInsets":[0,0,0,0]}],[1],0,[0],[0],[14]],[[{"name":"l2_greenstar","rect":[0,0,868,689],"offset":[0,0],"originalSize":[868,689],"capInsets":[0,0,0,0]}],[1],0,[0],[0],[15]],[[[0,"A_cat_is_under_the_box",".mp3",2.690612],-1],0,0,[],[],[]],[[[0,"A_cat_is_in_the_box",".mp3",2.063673],-1],0,0,[],[],[]],[[{"name":"l3_purplesquare","rect":[0,0,868,689],"offset":[0,0],"originalSize":[868,689],"capInsets":[0,0,0,0]}],[1],0,[0],[0],[16]],[[{"name":"Ranireadsmanybooks","rect":[0,0,1073,514],"offset":[0,0],"originalSize":[1073,514],"capInsets":[0,0,0,0]}],[1],0,[0],[0],[17]]]]