[1,["b2YZRvWJlIx6RxXyx5Czj5","f0EKHxrwtKI7OMkSuLF2fZ","ecjJdW+lhIhrWOEYfQzlWg","4b2rU0m5dH9rzSVUNnupYj","95FkTS25NNpqyODO5K/14l"],["_textureSetter"],["cc.SpriteFrame","cc.Texture2D",["cc.AudioClip",["_name","_native","duration"],0],["cc.JsonAsset",["_name","json"],1]],[[2,0,1,2,4],[3,0,1,3]],[[[{"name":"butter","rect":[0,0,512,341],"offset":[0,0],"originalSize":[512,341],"capInsets":[0,0,0,0]}],[0],0,[0],[0],[0]],[[{"name":"cresent_moon","rect":[0,0,512,322],"offset":[0,0],"originalSize":[512,322],"capInsets":[0,0,0,0]}],[0],0,[0],[0],[1]],[[[0,"ಹವೆ",".mp3",0.648],-1],0,0,[],[],[]],[[[1,"kn2003",{"rows":[["openwindow","1","Description","LEGIT","ಪೆ,ರೆ","cresent_moon.png","sun.png","ಪೆರೆ.mp3","ಪೆ,ರೆ"],["phonictractor","1","Description","4","ಮೆರೆ","ಮೆರೆ.mp3","ಮೆ","ಮೆ.mp3","ರೆ","ರೆ.mp3"],["spelldoor","1","Description","ಬೆಲೆ","**","0","0","price.png","ಬೆಲೆ.mp3"],["spelldoor","1","Description","ಹವೆ","**","0","0","climate.png","ಹವೆ.mp3"],["phonictractor","1","Description","4","ದೆಸೆ","ದೆಸೆ.mp3","ದೆ","ದೆ.mp3","ಸೆ","ಸೆ.mp3"],["spelldoor","1","Description","ಬೆ,ಣ್ಣೆ","*ಣ್ಣೆ","0","0","butter.png","ಬೆಣ್ಣೆ.mp3"],["quizliteracy","1","Description","word_word","ಬೆ","ಳೆ","ಫೆ","ಬೆ","","__ಣ್ಣೆ","ಬೆಣ್ಣೆ.mp3"],["quizliteracy","1","Description","image_word","ಹವೆ","ಜಡೆ","ಬೆಲೆ","ಹವೆ","climate.png"],["quizliteracy","1","Description","soundonly_word","ಬೆಲೆ","ಬೆಲೆ","ಪೆರೆ","ಹವೆ","","","ಬೆಲೆ.mp3"]]}]],0,0,[],[],[]],[[[0,"ಮೆ",".mp3",0.528],-1],0,0,[],[],[]],[[{"name":"sun","rect":[13,0,499,512],"offset":[6.5,0],"originalSize":[512,512],"capInsets":[0,0,0,0]}],[0],0,[0],[0],[2]],[[[0,"ಮೆರೆ",".mp3",0.624],-1],0,0,[],[],[]],[["0,9729,9729,33071,33071,0,0,1",-1],[1],0,[],[],[]],[[[0,"ಬೆಣ್ಣೆ",".mp3",0.72],-1],0,0,[],[],[]],[[[0,"ದೆಸೆ",".mp3",0.72],-1],0,0,[],[],[]],[[[0,"ಪೆರೆ",".mp3",0.624],-1],0,0,[],[],[]],[[{"name":"climate","rect":[0,0,512,349],"offset":[0,0],"originalSize":[512,349],"capInsets":[0,0,0,0]}],[0],0,[0],[0],[3]],[["0,9729,9729,33071,33071,0,0,1",-1],[1],0,[],[],[]],[[[0,"ದೆ",".mp3",0.552],-1],0,0,[],[],[]],[["0,9729,9729,33071,33071,0,0,1",-1],[1],0,[],[],[]],[[[0,"ರೆ",".mp3",0.528],-1],0,0,[],[],[]],[[[0,"ಬೆಲೆ",".mp3",0.648],-1],0,0,[],[],[]],[[[0,"ಸೆ",".mp3",0.624],-1],0,0,[],[],[]],[["0,9729,9729,33071,33071,0,0,1",-1],[1],0,[],[],[]],[["0,9729,9729,33071,33071,0,0,1",-1],[1],0,[],[],[]],[[{"name":"price","rect":[0,0,512,341],"offset":[0,0],"originalSize":[512,341],"capInsets":[0,0,0,0]}],[0],0,[0],[0],[4]]]]