[1,["fciBYEyiNGoruR9gXzwxWh","5bHUGs76RI0owJUY/GID3u"],["_textureSetter"],["cc.SpriteFrame","cc.Texture2D",["cc.JsonAsset",["_name","json"],1]],[[2,0,1,3]],[[[[0,"rectangle-outline-tutorial-json",[[{"x":430,"y":455.5},{"x":434,"y":455.5},{"x":438,"y":455.5},{"x":444,"y":455.5},{"x":448,"y":455.5},{"x":454,"y":455.5},{"x":459,"y":453.5},{"x":463,"y":452.5},{"x":466,"y":453.5},{"x":470,"y":453.5},{"x":474,"y":454.5},{"x":478,"y":455.5},{"x":482,"y":456.5},{"x":488,"y":456.5},{"x":494,"y":456.5},{"x":499,"y":456.5},{"x":503,"y":456.5},{"x":507,"y":456.5},{"x":512,"y":456.5},{"x":520,"y":456.5},{"x":526,"y":456.5},{"x":531,"y":456.5},{"x":536,"y":456.5},{"x":542,"y":456.5},{"x":547,"y":458.5},{"x":551,"y":457.5},{"x":555,"y":457.5},{"x":560,"y":457.5},{"x":565,"y":457.5},{"x":571,"y":457.5},{"x":575,"y":457.5},{"x":580,"y":457.5},{"x":584,"y":458.5},{"x":588,"y":458.5},{"x":593,"y":457.5},{"x":597,"y":457.5},{"x":601,"y":457.5},{"x":605,"y":457.5},{"x":608,"y":456.5},{"x":608,"y":449.5},{"x":608,"y":444.5},{"x":608,"y":440.5},{"x":608,"y":436.5},{"x":606,"y":431.5},{"x":607,"y":426.5},{"x":607,"y":421.5},{"x":607,"y":415.5},{"x":607,"y":411.5},{"x":607,"y":405.5},{"x":607,"y":401.5},{"x":607,"y":397.5},{"x":607,"y":392.5},{"x":607,"y":388.5},{"x":607,"y":383.5},{"x":608,"y":380.5},{"x":608,"y":373.5},{"x":608,"y":368.5},{"x":608,"y":364.5},{"x":608,"y":360.5},{"x":608,"y":356.5},{"x":608,"y":351.5},{"x":608,"y":346.5},{"x":606,"y":342.5},{"x":607,"y":334.5},{"x":607,"y":330.5},{"x":607,"y":325.5},{"x":607,"y":317.5},{"x":607,"y":306.5},{"x":607,"y":302.5},{"x":607,"y":295.5},{"x":607,"y":290.5},{"x":607,"y":286.5},{"x":607,"y":281.5},{"x":607,"y":269.5},{"x":607,"y":265.5},{"x":607,"y":258.5},{"x":607,"y":253.5},{"x":607,"y":248.5},{"x":607,"y":244.5},{"x":607,"y":237.5},{"x":607,"y":231.5},{"x":607,"y":225.5},{"x":606,"y":219.5},{"x":606,"y":212.5},{"x":608,"y":201.5},{"x":607,"y":197.5},{"x":607,"y":192.5},{"x":607,"y":185.5},{"x":607,"y":177.5},{"x":607,"y":173.5},{"x":607,"y":169.5},{"x":607,"y":164.5},{"x":607,"y":156.5},{"x":607,"y":151.5},{"x":607,"y":147.5},{"x":607,"y":141.5},{"x":607,"y":130.5},{"x":607,"y":126.5},{"x":607,"y":122.5},{"x":607,"y":115.5},{"x":607,"y":110.5},{"x":607,"y":104.5},{"x":607,"y":99.5},{"x":607,"y":93.5},{"x":607,"y":89.5},{"x":607,"y":84.5},{"x":607,"y":80.5},{"x":607,"y":74.5},{"x":607,"y":69.5},{"x":608,"y":66.5},{"x":608,"y":62.5},{"x":604,"y":62.5},{"x":601,"y":64.5},{"x":595,"y":65.5},{"x":592,"y":64.5},{"x":586,"y":66.5},{"x":583,"y":65.5},{"x":576,"y":65.5},{"x":570,"y":65.5},{"x":565,"y":65.5},{"x":561,"y":65.5},{"x":558,"y":64.5},{"x":555,"y":63.5},{"x":550,"y":63.5},{"x":546,"y":63.5},{"x":542,"y":63.5},{"x":538,"y":63.5},{"x":533,"y":63.5},{"x":530,"y":61.5},{"x":527,"y":60.5},{"x":519,"y":60.5},{"x":515,"y":60.5},{"x":507,"y":60.5},{"x":504,"y":58.5},{"x":500,"y":59.5},{"x":497,"y":57.5},{"x":493,"y":58.5},{"x":489,"y":58.5},{"x":485,"y":58.5},{"x":477,"y":58.5},{"x":473,"y":58.5},{"x":469,"y":58.5},{"x":466,"y":57.5},{"x":462,"y":57.5},{"x":458,"y":57.5},{"x":452,"y":57.5},{"x":448,"y":57.5},{"x":444,"y":57.5},{"x":439,"y":55.5},{"x":436,"y":56.5},{"x":432,"y":56.5},{"x":428,"y":56.5},{"x":426,"y":61.5},{"x":426,"y":65.5},{"x":428,"y":68.5},{"x":429,"y":73.5},{"x":428,"y":80.5},{"x":428,"y":84.5},{"x":428,"y":90.5},{"x":428,"y":98.5},{"x":428,"y":103.5},{"x":427,"y":108.5},{"x":427,"y":112.5},{"x":427,"y":118.5},{"x":427,"y":122.5},{"x":427,"y":126.5},{"x":427,"y":132.5},{"x":427,"y":143.5},{"x":427,"y":147.5},{"x":425,"y":152.5},{"x":425,"y":158.5},{"x":427,"y":161.5},{"x":426,"y":164.5},{"x":426,"y":170.5},{"x":426,"y":176.5},{"x":426,"y":180.5},{"x":426,"y":185.5},{"x":426,"y":190.5},{"x":428,"y":198.5},{"x":427,"y":204.5},{"x":427,"y":208.5},{"x":427,"y":216.5},{"x":427,"y":221.5},{"x":427,"y":225.5},{"x":426,"y":231.5},{"x":428,"y":238.5},{"x":427,"y":244.5},{"x":427,"y":249.5},{"x":427,"y":253.5},{"x":427,"y":259.5},{"x":429,"y":267.5},{"x":428,"y":271.5},{"x":428,"y":275.5},{"x":427,"y":281.5},{"x":427,"y":287.5},{"x":427,"y":291.5},{"x":427,"y":298.5},{"x":427,"y":303.5},{"x":427,"y":312.5},{"x":427,"y":308.5},{"x":427,"y":315.5},{"x":427,"y":319.5},{"x":427,"y":324.5},{"x":427,"y":328.5},{"x":427,"y":332.5},{"x":426,"y":340.5},{"x":426,"y":349.5},{"x":425,"y":357.5},{"x":425,"y":364.5},{"x":427,"y":369.5},{"x":426,"y":374.5},{"x":424,"y":378.5},{"x":425,"y":384.5},{"x":425,"y":389.5},{"x":425,"y":393.5},{"x":425,"y":397.5},{"x":425,"y":403.5},{"x":425,"y":409.5},{"x":426,"y":413.5},{"x":426,"y":419.5},{"x":426,"y":424.5},{"x":424,"y":427.5},{"x":425,"y":432.5},{"x":427,"y":438.5},{"x":428,"y":445.5},{"x":427,"y":442.5},{"x":427,"y":446.5},{"x":425,"y":449.5},{"x":425,"y":453.5},{"x":425,"y":457.5},{"x":425,"y":456.5}]]]],0,0,[],[],[]],[[{"name":"rectangle-outline-tutorial","rect":[381,74,253,538],"offset":[7.5,-37],"originalSize":[1000,612],"capInsets":[0,0,0,0]}],[0],0,[0],[0],[0]],[["0,9729,9729,33071,33071,0,0,1",-1],[1],0,[],[],[]],[[[0,"drawshape0008",{"rows":[["drawshape","1","Description","rectangle-outline-tutorial.png"]]}]],0,0,[],[],[]],[[{"name":"rectangle-outline","rect":[391,85,233,518],"offset":[7,-37.5],"originalSize":[1001,613],"capInsets":[0,0,0,0]}],[0],0,[0],[0],[1]],[["0,9729,9729,33071,33071,0,0,1",-1],[1],0,[],[],[]]]]