[1,["8e3JW1TW5BfavwP/2SvpYH","dclj9qOhdICqoaDB0uS9vW","b8c/KM55dP0Zmxxe4nIn1S","52M3GvlWBCHaEc2/QyUuqb","300SfHSdtFrK/cj8W3YU4C","3acmPiYw5DtIUnYtvjook/","f9tTqKJcJFp7KzUI3tRPCf","0bKjI0k4ZK05qmU0OFv+QC","48DslKNzhEG4uSyXd+VvEY","0d/W92JKZDMaQdbQXN9TGL","7cQhG4W6xDEYfDeUEagRYD","31OJWACeRJ8LUqAZlE8aYa","aegzxh2BlGL5qjzIOQxaNb","cac+gNUUdNG5dQ6uqex4qE"],["_textureSetter"],["cc.SpriteFrame","cc.Texture2D",["cc.AudioClip",["_name","_native","duration"],0],["cc.JsonAsset",["_name","json"],1]],[[2,0,1,2,4],[3,0,1,3]],[[[[0,"ಸಖ",".mp3",0.744],-1],0,0,[],[],[]],[[{"name":"ಝ","rect":[0,0,800,660],"offset":[0,0],"originalSize":[800,660],"capInsets":[0,0,0,0]}],[0],0,[0],[0],[0]],[["0,9729,9729,33071,33071,0,0,1",-1],[1],0,[],[],[]],[["0,9729,9729,33071,33071,0,0,1",-1],[1],0,[],[],[]],[[[0,"ಫಳಫಳ",".mp3",0.84],-1],0,0,[],[],[]],[[{"name":"fruits","rect":[0,0,500,333],"offset":[0,0],"originalSize":[500,333],"capInsets":[0,0,0,0]}],[0],0,[0],[0],[1]],[[[0,"ಜಠರ",".mp3",0.744],-1],0,0,[],[],[]],[[[0,"ಮಠ",".mp3",0.624],-1],0,0,[],[],[]],[[{"name":"pot","rect":[0,0,467,500],"offset":[0,0],"originalSize":[467,500],"capInsets":[0,0,0,0]}],[0],0,[0],[0],[2]],[[[0,"ಝಳ",".mp3",0.648],-1],0,0,[],[],[]],[["0,9729,9729,33071,33071,0,0,1",-1],[1],0,[],[],[]],[["0,9729,9729,33071,33071,0,0,1",-1],[1],0,[],[],[]],[["0,9729,9729,33071,33071,0,0,1",-1],[1],0,[],[],[]],[[{"name":"vulture","rect":[0,0,800,666],"offset":[0,0],"originalSize":[800,666],"capInsets":[0,0,0,0]}],[0],0,[0],[0],[3]],[[[0,"ಘಟ",".mp3",0.624],-1],0,0,[],[],[]],[["0,9729,9729,33071,33071,0,0,1",-1],[1],0,[],[],[]],[["0,9729,9729,33071,33071,0,0,1",-1],[1],0,[],[],[]],[[{"name":"monasteryl","rect":[0,0,500,373],"offset":[0,0],"originalSize":[500,373],"capInsets":[0,0,0,0]}],[0],0,[0],[0],[4]],[[{"name":"placard","rect":[0,0,357,500],"offset":[0,0],"originalSize":[357,500],"capInsets":[0,0,0,0]}],[0],0,[0],[0],[5]],[[[0,"ಘ",".mp3",0.528],-1],0,0,[],[],[]],[[{"name":"ಘ","rect":[0,0,800,660],"offset":[0,0],"originalSize":[800,660],"capInsets":[0,0,0,0]}],[0],0,[0],[0],[6]],[[[0,"ಪಠಣ",".mp3",0.72],-1],0,0,[],[],[]],[["0,9729,9729,33071,33071,0,0,1",-1],[1],0,[],[],[]],[[{"name":"friend","rect":[0,0,800,532],"offset":[0,0],"originalSize":[800,532],"capInsets":[0,0,0,0]}],[0],0,[0],[0],[7]],[[{"name":"brilliance","rect":[0,0,800,499],"offset":[0,0],"originalSize":[800,499],"capInsets":[0,0,0,0]}],[0],0,[0],[0],[8]],[[{"name":"claw","rect":[0,0,800,533],"offset":[0,0],"originalSize":[800,533],"capInsets":[0,0,0,0]}],[0],0,[0],[0],[9]],[[[1,"kn0902",{"rows":[["writecard","1","Description","ಘ","ಘಟ","pot.png","ಘಟ.mp3","ಘ","ಘ.png","ಘ.mp3","ಘ","ಘ.png","ಘ.mp3"],["writecard","1","Description","ಠ","ಜಠರ","stomach.png","ಜಠರ.mp3","ಮಠ","monasteryl.png","ಮಠ.mp3","ಪಠಣ","recite.png","ಪಠಣ.mp3"],["writecard","1","Description","ಫ","ಫಲ","fruits.png","ಫಲ.mp3","ಫಳಫಳ","shining.png","ಫಳಫಳ.mp3","ಫಲಕ","placard.png","ಫಲಕ.mp3"],["writecard","1","Description","ಝ","ಝಣಝಣ","coins.png","ಝಣಝಣ.mp3","ಝಳ","brilliance.png","ಝಳ.mp3","ಝ","ಝ.png","ಝ.mp3"],["writecard","1","Description","ಖ","ಖಗ","vulture.png","ಖಗ.mp3","ನಖ","claw.png","ನಖ.mp3","ಸಖ","friend.png","ಸಖ.mp3"],["quizliteracy","1","Description","soundonly_image","fruits.png","fruits.png","coins.png","vulture.png","","","ಫಲ.mp3"],["quizliteracy","1","Description","soundonly_image","coins.png","vulture.png","fruits.png","coins.png","","","ಝಣಝಣ.mp3"],["quizliteracy","1","Description","soundonly_image","vulture.png","coins.png","vulture.png","fruits.png","","","ಖಗ.mp3"]]}]],0,0,[],[],[]],[[[0,"ಖಗ",".mp3",0.648],-1],0,0,[],[],[]],[[{"name":"shining","rect":[0,0,800,533],"offset":[0,0],"originalSize":[800,533],"capInsets":[0,0,0,0]}],[0],0,[0],[0],[10]],[["0,9729,9729,33071,33071,0,0,1",-1],[1],0,[],[],[]],[["0,9729,9729,33071,33071,0,0,1",-1],[1],0,[],[],[]],[[[0,"ಝ",".mp3",0.576],-1],0,0,[],[],[]],[["0,9729,9729,33071,33071,0,0,1",-1],[1],0,[],[],[]],[[{"name":"coins","rect":[0,0,800,800],"offset":[0,0],"originalSize":[800,800],"capInsets":[0,0,0,0]}],[0],0,[0],[0],[11]],[[{"name":"recite","rect":[0,0,533,800],"offset":[0,0],"originalSize":[533,800],"capInsets":[0,0,0,0]}],[0],0,[0],[0],[12]],[[[0,"ನಖ",".mp3",0.672],-1],0,0,[],[],[]],[["0,9729,9729,33071,33071,0,0,1",-1],[1],0,[],[],[]],[[[0,"ಝಣಝಣ",".mp3",0.864],-1],0,0,[],[],[]],[["0,9729,9729,33071,33071,0,0,1",-1],[1],0,[],[],[]],[[[0,"ಫಲ",".mp3",0.624],-1],0,0,[],[],[]],[[[0,"ಫಲಕ",".mp3",0.744],-1],0,0,[],[],[]],[["0,9729,9729,33071,33071,0,0,1",-1],[1],0,[],[],[]],[[{"name":"stomach","rect":[0,0,800,533],"offset":[0,0],"originalSize":[800,533],"capInsets":[0,0,0,0]}],[0],0,[0],[0],[13]]]]