[1,["565OEbYfROTZ20gxE45vTk","75SW9Hys5MOJbe7JVv8nNp","68VqtO24lK67+678W/DPzG"],["_textureSetter"],["cc.SpriteFrame","cc.Texture2D",["cc.AudioClip",["_name","_native","duration"],0],["cc.JsonAsset",["_name","json"],1]],[[2,0,1,2,4],[3,0,1,3]],[[[[0,"क्षेत्रफळ",".mp3",1.28],-1],0,0,[],[],[]],[[{"name":"kshatrihya","rect":[0,0,484,640],"offset":[0,0],"originalSize":[484,640],"capInsets":[0,0,0,0]}],[0],0,[0],[0],[0]],[[{"name":"rickshaw","rect":[0,0,640,413],"offset":[0,0],"originalSize":[640,413],"capInsets":[0,0,0,0]}],[0],0,[0],[0],[1]],[["0,9729,9729,33071,33071,0,0,1",-1],[1],0,[],[],[]],[[[0,"क्ष",".mp3",0.862041],-1],0,0,[],[],[]],[["0,9729,9729,33071,33071,0,0,1",-1],[1],0,[],[],[]],[["0,9729,9729,33071,33071,0,0,1",-1],[1],0,[],[],[]],[[[0,"क्षत्रिय",".mp3",1.044898],-1],0,0,[],[],[]],[[[1,"mr0134",{"rows":[["balloonpop","1","Description","2","क्ष","3","क्ष,ळ,ह","क्ष.mp3"],["phonictractor","1","Description","5","क्ष","क्ष.mp3","क्ष","क्ष.mp3"],["writeletter","1","Description","क्ष","रिक्षा"],["writecard","1","Description","क्ष","रिक्षा","rickshaw.png","रिक्षा.mp3","क्षत्रिय","kshatrihya.png","क्षत्रिय.mp3","क्षेत्रफळ","area.png","क्षेत्रफळ.mp3"],["quizliteracy","1","Description","soundonly_word","क्ष","प","क्ष","ह","","","क्ष.mp3"],["quizliteracy","1","Description","word_word","क्ष","ह","स","क्ष","","क्ष"],["quizliteracy","1","Description","soundonly_word","क्ष","प","क्ष","ह","","","क्ष.mp3"]]}]],0,0,[],[],[]],[[{"name":"area","rect":[0,0,611,498],"offset":[0,0],"originalSize":[611,498],"capInsets":[0,0,0,0]}],[0],0,[0],[0],[2]],[[[0,"रिक्षा",".mp3",1.044898],-1],0,0,[],[],[]]]]