[1,["8cNFd/qK1NZJYTbgr2bX4h","9c4pjBCpxCEZ0CuC5LU7wp","3fOXLKRcJHqJXgoUFsn3LG"],["_textureSetter"],["cc.Texture2D","cc.SpriteFrame",["cc.AudioClip",["_name","_native","duration"],0],["cc.JsonAsset",["_name","json"],1]],[[2,0,1,2,4],[3,0,1,3]],[[[[0,"cat",".mp3",0.864],-1],0,0,[],[],[]],[[[0,"cow",".mp3",0.768],-1],0,0,[],[],[]],[[[0,"c",".mp3",0.96],-1],0,0,[],[],[]],[["0,9729,9729,33071,33071,0,0,1",-1],[0],0,[],[],[]],[[{"name":"cow1","rect":[0,0,400,333],"offset":[0,0],"originalSize":[400,333],"capInsets":[0,0,0,0]}],[1],0,[0],[0],[0]],[["0,9729,9729,33071,33071,0,0,1",-1],[0],0,[],[],[]],[["0,9729,9729,33071,33071,0,0,1",-1],[0],0,[],[],[]],[[{"name":"cat","rect":[0,0,1111,820],"offset":[0,0],"originalSize":[1111,820],"capInsets":[0,0,0,0]}],[1],0,[0],[0],[1]],[[[1,"en0002",{"rows":[["balloonpop","1","Description","2","c","5","c,b,a","c.mp3"],["writeletter","1","Description","c","-"],["writecard","1","Description","c","car","car.png","car.mp3","cat","cat.png","cat.mp3","cow","cow1.png","cow.mp3"],["quizliteracy","1","Description","soundonly_word","c","y","d","c","","","c.mp3"],["quizliteracy","1","Description","word_word","c","c","b","a","","c"],["quizliteracy","1","Description","soundonly_word","c","c","s","z","","","c.mp3"]]}]],0,0,[],[],[]],[[[0,"car",".mp3",0.672],-1],0,0,[],[],[]],[[{"name":"car","rect":[0,0,960,621],"offset":[0,0],"originalSize":[960,621],"capInsets":[0,0,0,0]}],[1],0,[0],[0],[2]]]]