[1,["bbJSIsV5FCBLlx6sjvv10L","01o75OhwhKdIAnBlFSWEtT"],["_textureSetter"],["cc.Texture2D","cc.SpriteFrame",["cc.JsonAsset",["_name","json"],1],["cc.AudioClip",["_name","_native","duration"],0]],[[2,0,1,3],[3,0,1,2,4]],[[["0,9729,9729,33071,33071,0,0,1",-1],[0],0,[],[],[]],[[{"name":"snake","rect":[0,0,400,305],"offset":[0,0],"originalSize":[400,305],"capInsets":[0,0,0,0]}],[1],0,[0],[0],[0]],[[[0,"sl_en3005",{"rows":[["createsentence","1","Description","A/broken/bottle.","","broken_bottle.png","a_broken_bottle.mp3"],["createsentence","1","Description","A/busy/street.","","busy_street.png","A_busy_street.mp3"],["createsentence","1","Description","A/round/plate.","","round/plate.png","A_round_plate.mp3"],["createsentence","1","Description","A/huge/elephant.","","huge.png","a_huge_elephant.mp3"],["createsentence","1","Description","A/little/mouse.","","little.png","A_little_mouse.mp3"],["createsentence","1","Description","A/long/snake.","","snake.png","A_long_snake.mp3"],["createsentence","1","Description","A/black/car.","","black_car.png","A_black_car.mp3"],["createsentence","1","Description","A/wet/cat.","","wet_cat.png","A_wet_cat.mp3"],["quizliteracy","1","Description","1","Description","sentence_sentence","busy","busy","round","little","","A ____street.","A_busy_street.mp3"],["quizliteracy","1","Description","1","Description","sentence_sentence","huge","broken","huge","black","","A ____ elelphant.","a_huge_elephant.mp3"],["quizliteracy","1","Description","1","Description","sentence_sentence","black","red","blue","black","","A _____ car.","A_black_car.mp3"]]}]],0,0,[],[],[]],[[[1,"A_little_mouse",".mp3",1.567347],-1],0,0,[],[],[]],[["0,9729,9729,33071,33071,0,0,1",-1],[0],0,[],[],[]],[[{"name":"little","rect":[0,0,548,640],"offset":[0,0],"originalSize":[548,640],"capInsets":[0,0,0,0]}],[1],0,[0],[0],[1]]]]