[1,["ae6EuUX7BETooCl1dC3cJY","fbV5AOnXRBcZPzC7pf6wOP","4ckKQ7aBFCN6C2iSSbYyaf","9cOmPAeVBBMrD4Vz5UrKJS","a4BXenoyRAobq9UMyKyk3d"],["_textureSetter"],["cc.SpriteFrame","cc.Texture2D",["cc.AudioClip",["_name","_native","duration"],0],["cc.JsonAsset",["_name","json"],1]],[[2,0,1,2,4],[3,0,1,3]],[[[{"name":"color","rect":[22,16,148,119],"offset":[-0.5,1],"originalSize":[193,153],"capInsets":[0,0,0,0]}],[0],0,[0],[0],[0]],[[[0,"sh",".mp3",1.224],-1],0,0,[],[],[]],[[[0,"chap",".mp3",0.936],-1],0,0,[],[],[]],[[[0,"train",".mp3",0.984],-1],0,0,[],[],[]],[["0,9729,9729,33071,33071,0,0,1",-1],[1],0,[],[],[]],[[[0,"chain",".mp3",1.008],-1],0,0,[],[],[]],[[[0,"ch",".mp3",1.32],-1],0,0,[],[],[]],[["0,9729,9729,33071,33071,0,0,1",-1],[1],0,[],[],[]],[[{"name":"rain","rect":[36,13,131,123],"offset":[5,2],"originalSize":[193,153],"capInsets":[0,0,0,0]}],[0],0,[0],[0],[1]],[["0,9729,9729,33071,33071,0,0,1",-1],[1],0,[],[],[]],[[{"name":"train","rect":[19,17,159,95],"offset":[2,12],"originalSize":[193,153],"capInsets":[0,0,0,0]}],[0],0,[0],[0],[2]],[["0,9729,9729,33071,33071,0,0,1",-1],[1],0,[],[],[]],[[[0,"share",".mp3",0.96],-1],0,0,[],[],[]],[[{"name":"spelling_rain","rect":[0,0,370,273],"offset":[0,0],"originalSize":[370,273],"capInsets":[0,0,0,0]}],[0],0,[0],[0],[3]],[[[0,"ship",".mp3",0.912],-1],0,0,[],[],[]],[[[1,"en1100",{"rows":[["grid","1","Description","ch","ain,air,art"],["grid","1","Description","ch,g","ap,ain,eese"],["openwindow","1","Description","LEGIT","rain","rain.png","face.png","rain.mp3","abcdefghijklmnopqrstuvwxyz"],["openwindow","1","Description","LEGIT","train","train.png","color.png","train.mp3","abcdefghijklmnopqrstuvwxyz"],["speakingpet","1","Description","ch.mp3","sh.mp3","chap","chap.mp3","A","1,2","chain","chain.mp3","A","1,2","share","share.mp3","B","1,2","ship","ship.mp3","B","1,2"],["spelldoor","1","Description","rain","****","4","2","spelling_rain.png","rain.mp3"],["quizliteracy","1","Description","word_word","ain","air","ain","art","","r___","rain.mp3"],["quizliteracy","1","Description","word_word","ain","ese","ape","ain","","tr___","train.mp3"],["quizliteracy","1","Description","word_word","ain","ain","est","air","","ch___","chain.mp3"]]}]],0,0,[],[],[]],[[[0,"rain",".mp3",0.96],-1],0,0,[],[],[]],[[{"name":"face","rect":[55,21,83,117],"offset":[0,-3],"originalSize":[193,153],"capInsets":[0,0,0,0]}],[0],0,[0],[0],[4]],[["0,9729,9729,33071,33071,0,0,1",-1],[1],0,[],[],[]]]]