[1,["0bZpFXLn5P+Ixf2tca6R5i","efjlHLGQFGHbLankwmabr1","1brqiMA4ZFUJXs4eiankfA"],["_textureSetter"],["cc.Texture2D","cc.SpriteFrame",["cc.AudioClip",["_name","_native","duration"],0],["cc.JsonAsset",["_name","json"],1]],[[2,0,1,2,4],[3,0,1,3]],[[[[0,"जट",".mp3",0.96],-1],0,0,[],[],[]],[[[0,"पर्वत",".mp3",0.912],-1],0,0,[],[],[]],[["1,9729,9729,33071,33071,0,0,1",-1],[0],0,[],[],[]],[[[0,"शे",".mp3",0.792],-1],0,0,[],[],[]],[["1,9729,9729,33071,33071,0,0,1",-1],[0],0,[],[],[]],[[[0,"लो",".mp3",0.768],-1],0,0,[],[],[]],[[{"name":"फल","rect":[0,0,400,400],"offset":[0,0],"originalSize":[400,400],"capInsets":[0,0,0,0]}],[1],0,[0],[0],[0]],[[[0,"अ",".mp3",0.576],-1],0,0,[],[],[]],[[[0,"त",".mp3",0.672],-1],0,0,[],[],[]],[[[0,"बु",".mp3",0.816],-1],0,0,[],[],[]],[[[0,"गृ",".mp3",0.888],-1],0,0,[],[],[]],[[{"name":"मित्र","rect":[0,0,400,400],"offset":[0,0],"originalSize":[400,400],"capInsets":[0,0,0,0]}],[1],0,[0],[0],[1]],[[{"name":"पैर","rect":[0,0,400,400],"offset":[0,0],"originalSize":[400,400],"capInsets":[0,0,0,0]}],[1],0,[0],[0],[2]],[[[0,"स",".mp3",0.768],-1],0,0,[],[],[]],[[[0,"लोमडी",".mp3",1.128],-1],0,0,[],[],[]],[[[0,"ख",".mp3",0.672],-1],0,0,[],[],[]],[[[0,"छत",".mp3",0.912],-1],0,0,[],[],[]],[[[1,"hi1_PreQuiz",{"rows":[["quizliteracy","1","Description","soundonly_word","अ","इ","अ","उ","","","अ.mp3"],["quizliteracy","1","Description","soundonly_word","ख","ऐ","ख","क","","","ख.mp3"],["quizliteracy","1","Description","word_word","घ","ग","इ","घ","","घ"],["quizliteracy","1","Description","soundonly_word","च","आ","च","प","","","च.mp3"],["quizliteracy","1","Description","soundonly_word","त","त","ड","ण","","","त.mp3"],["quizliteracy","1","Description","word_word","य","य","न","म","","य"],["quizliteracy","1","Description","soundonly_word","ह","प","श","ह","","","स.mp3"],["quizliteracy","1","Description","soundonly_word","छत","खत","छत","नल","","","छत.mp3"],["quizliteracy","1","Description","image_word","फल","जल","फल","मत","फल.jpg"],["quizliteracy","1","Description","soundonly_word","जट","सर","घर","जट","","","जट.mp3"],["quizliteracy","1","Description","soundonly_word","ठि","डि","ठि","ढि","","","ठि.mp3"],["quizliteracy","1","Description","soundonly_word","बु","मु","बु","भु","","","बु.mp3"],["quizliteracy","1","Description","soundonly_word","गृ","गृ","मृ","फृ","","","गृ.mp3"],["quizliteracy","1","Description","soundonly_word","शे","वे","शे","ले","","","शे.mp3"],["quizliteracy","1","Description","soundonly_word","लो","जो","लो","गो","","","लो.mp3"],["quizliteracy","1","Description","image_word","पैर","पैर","मैं","कैमरा","पैर.jpg"],["quizliteracy","1","Description","soundonly_word","लोमड़ी","मोगरा","रोशनी","लोमड़ी","","","लोमडी.mp3"],["quizliteracy","1","Description","image_word","मित्र","दिल","छिला","मित्र","मित्र.jpg"],["quizliteracy","1","Description","soundonly_word","झील","पीला","पीठ","झील","","","झील.mp3"],["quizliteracy","1","Description","soundonly_word","पर्वत","पर्वत","प्रश्न","प्रकाश","","","पर्वत.mp3"]]}]],0,0,[],[],[]],[[[0,"च",".mp3",0.648],-1],0,0,[],[],[]],[["1,9729,9729,33071,33071,0,0,1",-1],[0],0,[],[],[]],[[[0,"झील",".mp3",1.032],-1],0,0,[],[],[]],[[[0,"ठि",".mp3",0.768],-1],0,0,[],[],[]]]]