[1,["4aBP0ZI5RM9qs3adLysRNm","09Il2oaPRDJ5OWBW/P5OHy","53ku6n19JEBL574i5c6NxN","d70woLgklAXJhBvkv9t/an","ddS87jOFxEZ7NasmZHHZe9","b5g+rzvOdMr4veFiJQ+DO5"],["_textureSetter"],["cc.Texture2D","cc.SpriteFrame",["cc.AudioClip",["_name","_native","duration"],0],["cc.JsonAsset",["_name","json"],1]],[[2,0,1,2,4],[3,0,1,3]],[[[[0,"December",".mp3",1.248],-1],0,0,[],[],[]],[[[1,"en3414",{"rows":[["rocket","1","Description","September","S,e,p,t,e,m,b,e,r","S,e,p,t,e,m,b,e,r","September.mp3","September.png","False","True"],["rocket","1","Description","April","A,p,r,i,l","A,p,r,i,l","April.mp3","April.png","False","True"],["rocket","1","Description","July","J,u,l,y","J,u,l,y","July.mp3","July.png","False","True"],["rocket","1","Description","August","A,u,g,u,s,t","A,u,g,u,s,t","August.mp3","August.png","False","True"],["rocket","1","Description","December","D,e,c,e,m,b,e,r","D,e,c,e,m,b,e,r","December.mp3","December.png","False","True"],["rocket","1","Description","October","O,c,t,o,b,e,r","O,c,t,o,b,e,r","October.mp3","October.png","False","True"],["quizliteracy","1","Description","image_word","April","September","April","January","April.png"],["quizliteracy","1","Description","word_word","ly","es","ne","ly","","Ju__","July.mp3"],["quizliteracy","1","Description","soundonly_word","October","October","December","September","","","October.mp3"]]}]],0,0,[],[],[]],[[[0,"July",".mp3",1.032],-1],0,0,[],[],[]],[["0,9729,9729,33071,33071,0,0,1",-1],[0],0,[],[],[]],[[{"name":"September","rect":[0,0,512,377],"offset":[0,0],"originalSize":[512,377],"capInsets":[0,0,0,0]}],[1],0,[0],[0],[0]],[[{"name":"April","rect":[0,0,512,377],"offset":[0,0],"originalSize":[512,377],"capInsets":[0,0,0,0]}],[1],0,[0],[0],[1]],[[[0,"April",".mp3",1.008],-1],0,0,[],[],[]],[["0,9729,9729,33071,33071,0,0,1",-1],[0],0,[],[],[]],[["0,9729,9729,33071,33071,0,0,1",-1],[0],0,[],[],[]],[[{"name":"July","rect":[0,0,512,377],"offset":[0,0],"originalSize":[512,377],"capInsets":[0,0,0,0]}],[1],0,[0],[0],[2]],[[[0,"October",".mp3",1.176],-1],0,0,[],[],[]],[[{"name":"August","rect":[0,0,512,377],"offset":[0,0],"originalSize":[512,377],"capInsets":[0,0,0,0]}],[1],0,[0],[0],[3]],[[{"name":"October","rect":[0,0,512,377],"offset":[0,0],"originalSize":[512,377],"capInsets":[0,0,0,0]}],[1],0,[0],[0],[4]],[[[0,"September",".mp3",1.248],-1],0,0,[],[],[]],[[{"name":"December","rect":[0,0,512,377],"offset":[0,0],"originalSize":[512,377],"capInsets":[0,0,0,0]}],[1],0,[0],[0],[5]],[["0,9729,9729,33071,33071,0,0,1",-1],[0],0,[],[],[]],[["0,9729,9729,33071,33071,0,0,1",-1],[0],0,[],[],[]],[["0,9729,9729,33071,33071,0,0,1",-1],[0],0,[],[],[]],[[[0,"August",".mp3",1.128],-1],0,0,[],[],[]]]]