[1,["6eWuJWsv5ObrYr8VlGYiSF","ddCHmJytVD/4PJJbqsmbHB","39jtIH0L5Lf6gFIy0vShG7"],["_textureSetter"],["cc.SpriteFrame","cc.Texture2D",["cc.JsonAsset",["_name","json"],1],["cc.AudioClip",["_name","_native","duration"],0]],[[3,0,1,2,4],[2,0,1,3]],[[[[1,"mr0004",{"rows":[["balloonpop","1","Description","2","उ","3","उ,आ,ई","उ.mp3"],["phonictractor","1","Description","5","उ","उ.mp3","उ","उ.mp3"],["writeletter","1","Description","उ","उखळ"],["writecard","1","Description","उ","उखळ","ukhal.png","उखळ.mp3","उंट","camel.png","उंट.mp3","उशी","pillow.png","उशी.mp3"],["quizliteracy","1","Description","soundonly_word","उ","आ","उ","ए","","","उ.mp3"],["quizliteracy","1","Description","word_word","उ","ए","आ","उ","","उ"],["quizliteracy","1","Description","soundonly_word","उ","आ","उ","ए","","","उ.mp3"]]}]],0,0,[],[],[]],[[{"name":"ukhal","rect":[0,0,640,480],"offset":[0,0],"originalSize":[640,480],"capInsets":[0,0,0,0]}],[0],0,[0],[0],[0]],[["0,9729,9729,33071,33071,0,0,1",-1],[1],0,[],[],[]],[[[0,"उंट",".mp3",0.940408],-1],0,0,[],[],[]],[[[0,"उखळ",".mp3",0.940408],-1],0,0,[],[],[]],[[[0,"उ",".mp3",0.705306],-1],0,0,[],[],[]],[["0,9729,9729,33071,33071,0,0,1",-1],[1],0,[],[],[]],[[{"name":"camel","rect":[0,0,640,428],"offset":[0,0],"originalSize":[640,428],"capInsets":[0,0,0,0]}],[0],0,[0],[0],[1]],[[[0,"उशी",".mp3",0.940408],-1],0,0,[],[],[]],[["0,9729,9729,33071,33071,0,0,1",-1],[1],0,[],[],[]],[[{"name":"pillow","rect":[0,0,640,640],"offset":[0,0],"originalSize":[640,640],"capInsets":[0,0,0,0]}],[0],0,[0],[0],[2]]]]