[1,["debKF7PWxIDp+aOPK2bZcI","2507lbj4BIfYO5UQM2oYsk","f2Z/PP09xIT6+LX5xpc6Qa","cf3YVuKPZFJ6keGjmumLGS","024LDRzjlBnK+yfL3EUX9X"],["_textureSetter"],["cc.Texture2D","cc.SpriteFrame",["cc.AudioClip",["_name","_native","duration"],0],["cc.JsonAsset",["_name","json"],1]],[[2,0,1,2,4],[3,0,1,3]],[[[[0,"रानी_दस_किताबें_पढ़ती_हैं",".mp3",2.377143],-1],0,0,[],[],[]],[["1,9729,9729,33071,33071,0,0,1",-1],[0],0,[],[],[]],[[{"name":"Maryeatsan_appleevery_day","rect":[0,0,1073,1157],"offset":[0,0],"originalSize":[1073,1157],"capInsets":[0,0,0,0]}],[1],0,[0],[0],[0]],[[{"name":"Thesnakemovesslowly","rect":[0,0,1073,514],"offset":[0,0],"originalSize":[1073,514],"capInsets":[0,0,0,0]}],[1],0,[0],[0],[1]],[[[0,"मैरी_कई_सेब_खाती_हैं",".mp3",2.142041],-1],0,0,[],[],[]],[["1,9729,9729,33071,33071,0,0,1",-1],[0],0,[],[],[]],[[[0,"वैन_सडक_से_नीचे_उतर_गई",".mp3",3.24],-1],0,0,[],[],[]],[[[0,"सांप_धीरे-धीरे_चलता_है",".mp3",2.403265],-1],0,0,[],[],[]],[[{"name":"Ranireadsmanybooks","rect":[0,0,1073,514],"offset":[0,0],"originalSize":[1073,514],"capInsets":[0,0,0,0]}],[1],0,[0],[0],[2]],[[{"name":"Thevandrivesdown_the_road","rect":[0,0,1073,1157],"offset":[0,0],"originalSize":[1073,1157],"capInsets":[0,0,0,0]}],[1],0,[0],[0],[3]],[[{"name":"Thesunshinesbrightly","rect":[0,0,1073,793],"offset":[0,0],"originalSize":[1073,793],"capInsets":[0,0,0,0]}],[1],0,[0],[0],[4]],[[[0,"मैरी_तीन_सेब_खाती_है",".mp3",2.142041],-1],0,0,[],[],[]],[["1,9729,9729,33071,33071,0,0,1",-1],[0],0,[],[],[]],[["1,9729,9729,33071,33071,0,0,1",-1],[0],0,[],[],[]],[["1,9729,9729,33071,33071,0,0,1",-1],[0],0,[],[],[]],[[[0,"रानी_कई_किताबें_पढ़ती_हैं",".mp3",2.35102],-1],0,0,[],[],[]],[[[1,"hi1308",{"rows":[["createsentence","1","Description","सूर्य/चमकता/है","","Thesunshinesbrightly.jpg","सूर्य_चमकता_है.mp3"],["createsentence","1","Description","वैन/सड़क से नीचे/उतर गई","","Thevandrivesdown_the_road.jpg","वैन_सडक_से_नीचे_उतर_गई.mp3"],["createsentence","1","Description","सांप/धीरे-धीरे/चलता है","","Thesnakemovesslowly.jpg","सांप_धीरे-धीरे_चलता_है.mp3"],["createsentence","1","Description","मैरी/कई/सेब/खाती हैं","","Maryeatsan_appleevery_day.jpg","मैरी_कई_सेब_खाती_हैं.mp3"],["createsentence","1","Description","मैरी/तीन/सेब/खाती है","","Maryeatsan_appleevery_day.jpg","मैरी_तीन_सेब_खाती_है.mp3"],["createsentence","1","Description","रानी/कई/किताबें/पढ़ती हैं","","Ranireadsmanybooks.jpg","रानी_कई_किताबें_पढ़ती_हैं.mp3"],["createsentence","1","Description","रानी/दस/किताबें/पढ़ती हैं","","Ranireadsmanybooks.jpg","रानी_दस_किताबें_पढ़ती_हैं.mp3"],["quizliteracy","1","Description","image_sentence","सूर्य चमकता है","सूर्य चमकता है","वैन सड़क से नीचे उतर गई","रानी दस किताबें पढ़ती हैं","Thesunshinesbrightly.jpg","","सूर्य_चमकता_है.mp3"],["quizliteracy","1","Description","sentence_sentence","वैन सड़क से नीचे उतर गई","रानी दस किताबें पढ़ती हैं","सूर्य चमकता है","वैन सड़क से नीचे उतर गई","","सही चुनें","वैन_सडक_से_नीचे_उतर_गई.mp3"],["quizliteracy","1","Description","soundonly_image","Thesnakemovesslowly.jpg","Maryeatsan_appleevery_day.jpg","Thesunshinesbrightly.jpg","Thesnakemovesslowly.jpg","","","सांप_धीरे-धीरे_चलता_है.mp3"],["quizliteracy","1","Description","soundonly_sentence","रानी दस किताबें पढ़ती हैं","वैन सड़क से नीचे उतर गई","रानी दस किताबें पढ़ती हैं","सूर्य चमकता है","","","रानी_दस_किताबें_पढ़ती_हैं.mp3"]]}]],0,0,[],[],[]],[[[0,"सूर्य_चमकता_है",".mp3",1.776327],-1],0,0,[],[],[]]]]