[1,["2aX+0Kb31At7SiA+8Rny8q","20//jdISFPd5sCq8mpxfaJ","beeg+fruNPa5QTGAQcDuP6","49CvrUGJpHULGfZq+Ai3cT","1frpXQ1VxNSJuluy6wc5Lc","ea990lu6NDDIVDYvni1M84","daOoTQN2dD5YrxwX3Cbqpa","d1y+d5cUlBBbpLiRhcnC1s","96MTCp9rJMxIgpfK022oOu","99rm36l9lDlL7F+nP4mE0z","1fJy5PVBxCP56HA/SVRUTX","e5ZosrlYhMWazb3ofu+G2g","2aQcp8kAlPNoRkWbR5Uu1c","b4jJ9bbp5P9awMRwDQ9s4i","18aLdS8wxMWrKOFrpa1fVy","b6Zynu2SBNybxiUnsKi1mu"],["_textureSetter"],["cc.SpriteFrame","cc.Texture2D",["cc.JsonAsset",["_name","json"],1]],[[2,0,1,3]],[[[{"name":"heart-outline-tutorial","rect":[153,0,691,612],"offset":[-1.5,0],"originalSize":[1000,612],"capInsets":[0,0,0,0]}],[0],0,[0],[0],[0]],[[[0,"heart-outline-tutorial-json",[[{"x":511,"y":58.5},{"x":508,"y":61.5},{"x":507,"y":64.5},{"x":503,"y":65.5},{"x":500,"y":70.5},{"x":497,"y":73.5},{"x":492,"y":75.5},{"x":491,"y":78.5},{"x":487,"y":80.5},{"x":481,"y":86.5},{"x":478,"y":89.5},{"x":475,"y":91.5},{"x":474,"y":94.5},{"x":471,"y":95.5},{"x":466,"y":99.5},{"x":464,"y":103.5},{"x":459,"y":107.5},{"x":458,"y":110.5},{"x":454,"y":111.5},{"x":452,"y":114.5},{"x":447,"y":117.5},{"x":445,"y":120.5},{"x":441,"y":124.5},{"x":437,"y":126.5},{"x":433,"y":130.5},{"x":429,"y":134.5},{"x":425,"y":135.5},{"x":420,"y":139.5},{"x":417,"y":141.5},{"x":416,"y":144.5},{"x":410,"y":152.5},{"x":407,"y":157.5},{"x":403,"y":162.5},{"x":400,"y":164.5},{"x":397,"y":166.5},{"x":391,"y":169.5},{"x":384,"y":175.5},{"x":380,"y":178.5},{"x":378,"y":181.5},{"x":377,"y":184.5},{"x":370,"y":188.5},{"x":367,"y":190.5},{"x":364,"y":192.5},{"x":363,"y":196.5},{"x":359,"y":199.5},{"x":352,"y":206.5},{"x":349,"y":209.5},{"x":348,"y":212.5},{"x":342,"y":217.5},{"x":342,"y":221.5},{"x":338,"y":221.5},{"x":333,"y":224.5},{"x":330,"y":229.5},{"x":319,"y":238.5},{"x":317,"y":244.5},{"x":314,"y":246.5},{"x":309,"y":253.5},{"x":304,"y":258.5},{"x":303,"y":261.5},{"x":301,"y":264.5},{"x":297,"y":266.5},{"x":293,"y":271.5},{"x":287,"y":276.5},{"x":286,"y":279.5},{"x":284,"y":282.5},{"x":281,"y":284.5},{"x":278,"y":289.5},{"x":276,"y":292.5},{"x":274,"y":299.5},{"x":270,"y":303.5},{"x":269,"y":306.5},{"x":269,"y":311.5},{"x":267,"y":316.5},{"x":266,"y":321.5},{"x":264,"y":328.5},{"x":263,"y":331.5},{"x":261,"y":335.5},{"x":260,"y":339.5},{"x":257,"y":338.5},{"x":256,"y":343.5},{"x":256,"y":347.5},{"x":254,"y":351.5},{"x":254,"y":357.5},{"x":254,"y":361.5},{"x":254,"y":369.5},{"x":254,"y":373.5},{"x":254,"y":377.5},{"x":254,"y":381.5},{"x":254,"y":385.5},{"x":254,"y":389.5},{"x":254,"y":393.5},{"x":256,"y":398.5},{"x":255,"y":402.5},{"x":257,"y":408.5},{"x":258,"y":417.5},{"x":260,"y":420.5},{"x":259,"y":423.5},{"x":262,"y":428.5},{"x":266,"y":434.5},{"x":267,"y":437.5},{"x":270,"y":442.5},{"x":273,"y":445.5},{"x":274,"y":449.5},{"x":277,"y":451.5},{"x":279,"y":454.5},{"x":282,"y":457.5},{"x":283,"y":460.5},{"x":287,"y":461.5},{"x":290,"y":465.5},{"x":291,"y":468.5},{"x":294,"y":469.5},{"x":297,"y":470.5},{"x":301,"y":473.5},{"x":303,"y":476.5},{"x":307,"y":477.5},{"x":309,"y":480.5},{"x":312,"y":482.5},{"x":315,"y":484.5},{"x":318,"y":485.5},{"x":320,"y":488.5},{"x":324,"y":490.5},{"x":329,"y":492.5},{"x":337,"y":497.5},{"x":342,"y":498.5},{"x":345,"y":501.5},{"x":348,"y":503.5},{"x":352,"y":505.5},{"x":357,"y":506.5},{"x":360,"y":505.5},{"x":363,"y":506.5},{"x":365,"y":509.5},{"x":368,"y":508.5},{"x":371,"y":509.5},{"x":375,"y":509.5},{"x":379,"y":511.5},{"x":382,"y":510.5},{"x":386,"y":510.5},{"x":392,"y":510.5},{"x":399,"y":510.5},{"x":403,"y":509.5},{"x":407,"y":508.5},{"x":412,"y":508.5},{"x":416,"y":506.5},{"x":419,"y":507.5},{"x":423,"y":507.5},{"x":426,"y":505.5},{"x":429,"y":504.5},{"x":432,"y":505.5},{"x":437,"y":502.5},{"x":441,"y":499.5},{"x":444,"y":495.5},{"x":448,"y":490.5},{"x":452,"y":489.5},{"x":457,"y":483.5},{"x":460,"y":482.5},{"x":464,"y":480.5},{"x":468,"y":479.5},{"x":469,"y":474.5},{"x":472,"y":472.5},{"x":476,"y":471.5},{"x":478,"y":468.5},{"x":483,"y":465.5},{"x":483,"y":461.5},{"x":485,"y":457.5},{"x":488,"y":452.5},{"x":491,"y":450.5},{"x":493,"y":446.5},{"x":496,"y":442.5},{"x":499,"y":440.5},{"x":502,"y":437.5},{"x":503,"y":434.5},{"x":506,"y":432.5},{"x":507,"y":429.5},{"x":507,"y":425.5},{"x":510,"y":424.5},{"x":511,"y":419.5},{"x":510,"y":415.5},{"x":513,"y":414.5},{"x":512,"y":411.5},{"x":513,"y":416.5},{"x":513,"y":420.5},{"x":515,"y":427.5},{"x":516,"y":431.5},{"x":517,"y":434.5},{"x":520,"y":436.5},{"x":521,"y":441.5},{"x":526,"y":447.5},{"x":529,"y":450.5},{"x":533,"y":454.5},{"x":536,"y":457.5},{"x":539,"y":459.5},{"x":540,"y":463.5},{"x":544,"y":465.5},{"x":548,"y":469.5},{"x":551,"y":470.5},{"x":554,"y":474.5},{"x":557,"y":475.5},{"x":561,"y":479.5},{"x":565,"y":481.5},{"x":568,"y":483.5},{"x":571,"y":486.5},{"x":574,"y":487.5},{"x":575,"y":490.5},{"x":578,"y":492.5},{"x":581,"y":493.5},{"x":585,"y":494.5},{"x":591,"y":499.5},{"x":596,"y":501.5},{"x":600,"y":501.5},{"x":603,"y":504.5},{"x":607,"y":504.5},{"x":613,"y":505.5},{"x":618,"y":507.5},{"x":623,"y":506.5},{"x":630,"y":509.5},{"x":637,"y":508.5},{"x":645,"y":510.5},{"x":650,"y":509.5},{"x":655,"y":509.5},{"x":659,"y":509.5},{"x":665,"y":509.5},{"x":668,"y":507.5},{"x":673,"y":506.5},{"x":677,"y":505.5},{"x":679,"y":502.5},{"x":682,"y":500.5},{"x":686,"y":499.5},{"x":690,"y":497.5},{"x":696,"y":495.5},{"x":698,"y":492.5},{"x":701,"y":490.5},{"x":704,"y":489.5},{"x":708,"y":485.5},{"x":714,"y":481.5},{"x":716,"y":477.5},{"x":717,"y":474.5},{"x":722,"y":470.5},{"x":724,"y":466.5},{"x":728,"y":463.5},{"x":729,"y":460.5},{"x":731,"y":457.5},{"x":738,"y":449.5},{"x":739,"y":445.5},{"x":743,"y":443.5},{"x":744,"y":438.5},{"x":747,"y":432.5},{"x":751,"y":430.5},{"x":752,"y":425.5},{"x":756,"y":419.5},{"x":758,"y":413.5},{"x":757,"y":409.5},{"x":761,"y":406.5},{"x":763,"y":397.5},{"x":764,"y":393.5},{"x":764,"y":389.5},{"x":764,"y":383.5},{"x":764,"y":376.5},{"x":764,"y":371.5},{"x":762,"y":366.5},{"x":761,"y":361.5},{"x":761,"y":357.5},{"x":760,"y":352.5},{"x":760,"y":346.5},{"x":760,"y":340.5},{"x":760,"y":335.5},{"x":760,"y":330.5},{"x":760,"y":326.5},{"x":758,"y":323.5},{"x":757,"y":316.5},{"x":756,"y":309.5},{"x":753,"y":304.5},{"x":755,"y":299.5},{"x":753,"y":296.5},{"x":751,"y":293.5},{"x":746,"y":290.5},{"x":742,"y":282.5},{"x":736,"y":275.5},{"x":733,"y":272.5},{"x":729,"y":272.5},{"x":725,"y":268.5},{"x":724,"y":264.5},{"x":720,"y":263.5},{"x":715,"y":259.5},{"x":711,"y":256.5},{"x":709,"y":253.5},{"x":702,"y":247.5},{"x":697,"y":242.5},{"x":693,"y":238.5},{"x":687,"y":228.5},{"x":684,"y":229.5},{"x":682,"y":226.5},{"x":679,"y":224.5},{"x":674,"y":217.5},{"x":669,"y":213.5},{"x":664,"y":206.5},{"x":660,"y":204.5},{"x":651,"y":199.5},{"x":641,"y":191.5},{"x":634,"y":184.5},{"x":631,"y":180.5},{"x":626,"y":175.5},{"x":625,"y":172.5},{"x":622,"y":170.5},{"x":619,"y":165.5},{"x":615,"y":161.5},{"x":613,"y":156.5},{"x":610,"y":155.5},{"x":607,"y":151.5},{"x":601,"y":145.5},{"x":598,"y":142.5},{"x":593,"y":137.5},{"x":585,"y":131.5},{"x":581,"y":126.5},{"x":577,"y":126.5},{"x":575,"y":122.5},{"x":571,"y":118.5},{"x":568,"y":115.5},{"x":565,"y":110.5},{"x":562,"y":108.5},{"x":557,"y":104.5},{"x":551,"y":100.5},{"x":545,"y":95.5},{"x":542,"y":91.5},{"x":539,"y":86.5},{"x":537,"y":83.5},{"x":532,"y":81.5},{"x":529,"y":76.5},{"x":525,"y":72.5},{"x":523,"y":69.5},{"x":520,"y":67.5},{"x":517,"y":64.5},{"x":516,"y":61.5},{"x":512,"y":59.5},{"x":510,"y":58.5}]]]],0,0,[],[],[]],[["0,9729,9729,33071,33071,0,0,1",-1],[1],0,[],[],[]],[["0,9729,9729,33071,33071,0,0,1",-1],[1],0,[],[],[]],[["0,9729,9729,33071,33071,0,0,1",-1],[1],0,[],[],[]],[["0,9729,9729,33071,33071,0,0,1",-1],[1],0,[],[],[]],[["0,9729,9729,33071,33071,0,0,1",-1],[1],0,[],[],[]],[["0,9729,9729,33071,33071,0,0,1",-1],[1],0,[],[],[]],[[[0,"dog-outline-tutorial-json",[[{"x":410,"y":477.5},{"x":415,"y":477.5},{"x":420,"y":477.5},{"x":425,"y":477.5},{"x":430,"y":478.5},{"x":433,"y":479.5},{"x":437,"y":479.5},{"x":441,"y":479.5},{"x":446,"y":479.5},{"x":453,"y":481.5},{"x":457,"y":482.5},{"x":460,"y":481.5},{"x":465,"y":483.5},{"x":470,"y":484.5},{"x":473,"y":483.5},{"x":478,"y":484.5},{"x":481,"y":486.5},{"x":484,"y":485.5},{"x":489,"y":485.5},{"x":494,"y":485.5},{"x":498,"y":486.5},{"x":506,"y":486.5},{"x":509,"y":488.5},{"x":514,"y":487.5},{"x":522,"y":489.5},{"x":527,"y":488.5},{"x":531,"y":488.5},{"x":536,"y":488.5},{"x":540,"y":488.5},{"x":545,"y":488.5},{"x":553,"y":488.5},{"x":557,"y":488.5},{"x":561,"y":488.5},{"x":567,"y":488.5},{"x":571,"y":488.5},{"x":576,"y":488.5},{"x":582,"y":486.5},{"x":585,"y":487.5},{"x":591,"y":485.5},{"x":596,"y":486.5},{"x":600,"y":485.5},{"x":607,"y":485.5},{"x":611,"y":483.5},{"x":615,"y":482.5},{"x":620,"y":481.5},{"x":623,"y":482.5},{"x":626,"y":480.5},{"x":629,"y":479.5},{"x":633,"y":479.5},{"x":638,"y":476.5},{"x":642,"y":476.5},{"x":646,"y":474.5},{"x":651,"y":475.5},{"x":656,"y":477.5},{"x":659,"y":479.5},{"x":662,"y":483.5},{"x":664,"y":486.5},{"x":668,"y":487.5},{"x":669,"y":492.5},{"x":672,"y":495.5},{"x":675,"y":498.5},{"x":678,"y":501.5},{"x":681,"y":502.5},{"x":684,"y":505.5},{"x":687,"y":506.5},{"x":690,"y":505.5},{"x":694,"y":505.5},{"x":697,"y":503.5},{"x":700,"y":502.5},{"x":705,"y":499.5},{"x":709,"y":496.5},{"x":711,"y":491.5},{"x":716,"y":488.5},{"x":722,"y":482.5},{"x":725,"y":481.5},{"x":727,"y":478.5},{"x":732,"y":473.5},{"x":737,"y":468.5},{"x":740,"y":463.5},{"x":744,"y":459.5},{"x":746,"y":455.5},{"x":749,"y":453.5},{"x":751,"y":449.5},{"x":752,"y":446.5},{"x":755,"y":444.5},{"x":757,"y":439.5},{"x":762,"y":436.5},{"x":766,"y":432.5},{"x":771,"y":425.5},{"x":774,"y":423.5},{"x":775,"y":418.5},{"x":776,"y":415.5},{"x":780,"y":411.5},{"x":783,"y":409.5},{"x":784,"y":406.5},{"x":787,"y":405.5},{"x":788,"y":401.5},{"x":792,"y":398.5},{"x":793,"y":394.5},{"x":795,"y":391.5},{"x":795,"y":387.5},{"x":798,"y":383.5},{"x":796,"y":375.5},{"x":797,"y":372.5},{"x":793,"y":362.5},{"x":793,"y":358.5},{"x":792,"y":353.5},{"x":790,"y":348.5},{"x":789,"y":345.5},{"x":790,"y":342.5},{"x":787,"y":335.5},{"x":788,"y":339.5},{"x":788,"y":331.5},{"x":785,"y":327.5},{"x":785,"y":322.5},{"x":782,"y":320.5},{"x":781,"y":317.5},{"x":779,"y":314.5},{"x":776,"y":311.5},{"x":773,"y":310.5},{"x":768,"y":309.5},{"x":767,"y":306.5},{"x":766,"y":303.5},{"x":763,"y":300.5},{"x":760,"y":295.5},{"x":757,"y":293.5},{"x":755,"y":289.5},{"x":753,"y":286.5},{"x":749,"y":281.5},{"x":747,"y":278.5},{"x":746,"y":275.5},{"x":744,"y":272.5},{"x":742,"y":269.5},{"x":739,"y":268.5},{"x":738,"y":265.5},{"x":735,"y":264.5},{"x":731,"y":264.5},{"x":724,"y":264.5},{"x":718,"y":264.5},{"x":717,"y":267.5},{"x":715,"y":270.5},{"x":715,"y":266.5},{"x":715,"y":258.5},{"x":715,"y":253.5},{"x":715,"y":246.5},{"x":715,"y":241.5},{"x":715,"y":237.5},{"x":715,"y":231.5},{"x":714,"y":228.5},{"x":712,"y":222.5},{"x":712,"y":218.5},{"x":708,"y":216.5},{"x":707,"y":212.5},{"x":704,"y":208.5},{"x":701,"y":204.5},{"x":700,"y":198.5},{"x":699,"y":194.5},{"x":696,"y":190.5},{"x":694,"y":186.5},{"x":691,"y":185.5},{"x":690,"y":181.5},{"x":687,"y":179.5},{"x":683,"y":176.5},{"x":681,"y":173.5},{"x":678,"y":170.5},{"x":675,"y":167.5},{"x":672,"y":166.5},{"x":671,"y":163.5},{"x":668,"y":160.5},{"x":665,"y":156.5},{"x":662,"y":154.5},{"x":659,"y":153.5},{"x":657,"y":148.5},{"x":653,"y":145.5},{"x":651,"y":142.5},{"x":648,"y":141.5},{"x":645,"y":140.5},{"x":643,"y":137.5},{"x":638,"y":135.5},{"x":635,"y":132.5},{"x":632,"y":129.5},{"x":630,"y":126.5},{"x":630,"y":121.5},{"x":626,"y":113.5},{"x":624,"y":108.5},{"x":623,"y":105.5},{"x":621,"y":101.5},{"x":621,"y":96.5},{"x":618,"y":92.5},{"x":618,"y":88.5},{"x":613,"y":84.5},{"x":607,"y":81.5},{"x":606,"y":78.5},{"x":602,"y":76.5},{"x":599,"y":70.5},{"x":594,"y":68.5},{"x":590,"y":65.5},{"x":585,"y":62.5},{"x":580,"y":60.5},{"x":577,"y":58.5},{"x":573,"y":57.5},{"x":564,"y":57.5},{"x":560,"y":57.5},{"x":556,"y":57.5},{"x":551,"y":57.5},{"x":547,"y":57.5},{"x":538,"y":56.5},{"x":534,"y":56.5},{"x":528,"y":56.5},{"x":519,"y":56.5},{"x":514,"y":56.5},{"x":510,"y":56.5},{"x":506,"y":56.5},{"x":497,"y":56.5},{"x":489,"y":57.5},{"x":485,"y":58.5},{"x":482,"y":60.5},{"x":479,"y":59.5},{"x":475,"y":60.5},{"x":472,"y":62.5},{"x":465,"y":66.5},{"x":462,"y":69.5},{"x":458,"y":71.5},{"x":455,"y":73.5},{"x":452,"y":75.5},{"x":449,"y":77.5},{"x":445,"y":79.5},{"x":442,"y":82.5},{"x":441,"y":85.5},{"x":442,"y":89.5},{"x":439,"y":95.5},{"x":436,"y":98.5},{"x":437,"y":103.5},{"x":434,"y":106.5},{"x":434,"y":110.5},{"x":432,"y":114.5},{"x":431,"y":119.5},{"x":429,"y":124.5},{"x":428,"y":128.5},{"x":425,"y":129.5},{"x":424,"y":132.5},{"x":420,"y":135.5},{"x":416,"y":137.5},{"x":413,"y":140.5},{"x":406,"y":145.5},{"x":402,"y":148.5},{"x":398,"y":149.5},{"x":396,"y":155.5},{"x":391,"y":157.5},{"x":389,"y":160.5},{"x":386,"y":161.5},{"x":379,"y":167.5},{"x":373,"y":174.5},{"x":369,"y":178.5},{"x":366,"y":183.5},{"x":364,"y":186.5},{"x":362,"y":193.5},{"x":358,"y":198.5},{"x":355,"y":205.5},{"x":353,"y":209.5},{"x":352,"y":213.5},{"x":349,"y":218.5},{"x":350,"y":223.5},{"x":350,"y":227.5},{"x":350,"y":231.5},{"x":350,"y":238.5},{"x":350,"y":243.5},{"x":350,"y":248.5},{"x":349,"y":253.5},{"x":346,"y":255.5},{"x":347,"y":258.5},{"x":344,"y":260.5},{"x":343,"y":263.5},{"x":343,"y":267.5},{"x":340,"y":268.5},{"x":337,"y":267.5},{"x":335,"y":264.5},{"x":329,"y":262.5},{"x":326,"y":260.5},{"x":322,"y":260.5},{"x":318,"y":260.5},{"x":317,"y":263.5},{"x":315,"y":266.5},{"x":314,"y":270.5},{"x":309,"y":278.5},{"x":307,"y":282.5},{"x":307,"y":286.5},{"x":302,"y":290.5},{"x":298,"y":296.5},{"x":294,"y":300.5},{"x":293,"y":303.5},{"x":291,"y":306.5},{"x":289,"y":309.5},{"x":287,"y":312.5},{"x":286,"y":315.5},{"x":284,"y":318.5},{"x":282,"y":324.5},{"x":277,"y":333.5},{"x":275,"y":338.5},{"x":274,"y":343.5},{"x":272,"y":346.5},{"x":271,"y":349.5},{"x":267,"y":352.5},{"x":267,"y":356.5},{"x":264,"y":361.5},{"x":261,"y":365.5},{"x":259,"y":370.5},{"x":257,"y":376.5},{"x":255,"y":379.5},{"x":255,"y":383.5},{"x":255,"y":389.5},{"x":255,"y":393.5},{"x":257,"y":397.5},{"x":259,"y":402.5},{"x":261,"y":405.5},{"x":264,"y":408.5},{"x":269,"y":414.5},{"x":274,"y":417.5},{"x":275,"y":421.5},{"x":278,"y":425.5},{"x":281,"y":428.5},{"x":284,"y":429.5},{"x":287,"y":433.5},{"x":289,"y":437.5},{"x":293,"y":439.5},{"x":295,"y":443.5},{"x":298,"y":445.5},{"x":303,"y":450.5},{"x":309,"y":458.5},{"x":312,"y":459.5},{"x":314,"y":463.5},{"x":318,"y":464.5},{"x":323,"y":470.5},{"x":327,"y":472.5},{"x":328,"y":476.5},{"x":332,"y":479.5},{"x":335,"y":480.5},{"x":338,"y":484.5},{"x":341,"y":485.5},{"x":343,"y":488.5},{"x":346,"y":489.5},{"x":348,"y":492.5},{"x":351,"y":495.5},{"x":354,"y":497.5},{"x":357,"y":498.5},{"x":360,"y":500.5},{"x":363,"y":503.5},{"x":366,"y":504.5},{"x":371,"y":505.5},{"x":377,"y":505.5},{"x":383,"y":505.5},{"x":387,"y":505.5},{"x":390,"y":504.5},{"x":393,"y":500.5},{"x":398,"y":497.5},{"x":400,"y":493.5},{"x":402,"y":490.5},{"x":404,"y":487.5},{"x":406,"y":481.5},{"x":409,"y":480.5},{"x":410,"y":478.5}]]]],0,0,[],[],[]],[[{"name":"egg-outline-tutorial","rect":[268,7,454,598],"offset":[-5,0],"originalSize":[1000,612],"capInsets":[0,0,0,0]}],[0],0,[0],[0],[1]],[[[0,"flower-outline-tutorial-json",[[{"x":478,"y":469.5},{"x":482,"y":472.5},{"x":485,"y":475.5},{"x":487,"y":478.5},{"x":491,"y":480.5},{"x":494,"y":482.5},{"x":497,"y":485.5},{"x":502,"y":486.5},{"x":504,"y":489.5},{"x":508,"y":489.5},{"x":511,"y":492.5},{"x":515,"y":494.5},{"x":520,"y":494.5},{"x":522,"y":497.5},{"x":525,"y":496.5},{"x":528,"y":497.5},{"x":529,"y":500.5},{"x":533,"y":499.5},{"x":537,"y":499.5},{"x":544,"y":501.5},{"x":548,"y":502.5},{"x":552,"y":503.5},{"x":556,"y":504.5},{"x":560,"y":505.5},{"x":564,"y":506.5},{"x":568,"y":507.5},{"x":573,"y":509.5},{"x":576,"y":510.5},{"x":581,"y":509.5},{"x":585,"y":509.5},{"x":590,"y":509.5},{"x":595,"y":509.5},{"x":600,"y":509.5},{"x":604,"y":507.5},{"x":608,"y":506.5},{"x":613,"y":504.5},{"x":618,"y":502.5},{"x":620,"y":499.5},{"x":626,"y":496.5},{"x":629,"y":494.5},{"x":631,"y":491.5},{"x":632,"y":487.5},{"x":635,"y":485.5},{"x":638,"y":480.5},{"x":643,"y":478.5},{"x":646,"y":476.5},{"x":648,"y":473.5},{"x":648,"y":467.5},{"x":648,"y":463.5},{"x":649,"y":459.5},{"x":650,"y":455.5},{"x":651,"y":450.5},{"x":652,"y":446.5},{"x":653,"y":443.5},{"x":656,"y":440.5},{"x":657,"y":436.5},{"x":659,"y":431.5},{"x":660,"y":425.5},{"x":663,"y":418.5},{"x":665,"y":414.5},{"x":667,"y":411.5},{"x":675,"y":411.5},{"x":676,"y":407.5},{"x":680,"y":407.5},{"x":685,"y":403.5},{"x":689,"y":400.5},{"x":693,"y":398.5},{"x":700,"y":390.5},{"x":703,"y":389.5},{"x":704,"y":385.5},{"x":712,"y":380.5},{"x":714,"y":377.5},{"x":721,"y":370.5},{"x":724,"y":367.5},{"x":732,"y":359.5},{"x":728,"y":363.5},{"x":731,"y":358.5},{"x":732,"y":353.5},{"x":735,"y":352.5},{"x":735,"y":348.5},{"x":738,"y":345.5},{"x":738,"y":340.5},{"x":743,"y":336.5},{"x":744,"y":332.5},{"x":746,"y":328.5},{"x":748,"y":324.5},{"x":750,"y":317.5},{"x":753,"y":315.5},{"x":753,"y":310.5},{"x":753,"y":306.5},{"x":753,"y":302.5},{"x":751,"y":299.5},{"x":752,"y":296.5},{"x":752,"y":289.5},{"x":752,"y":285.5},{"x":752,"y":280.5},{"x":752,"y":274.5},{"x":750,"y":270.5},{"x":749,"y":266.5},{"x":745,"y":261.5},{"x":742,"y":259.5},{"x":740,"y":255.5},{"x":738,"y":252.5},{"x":734,"y":248.5},{"x":733,"y":245.5},{"x":729,"y":241.5},{"x":726,"y":238.5},{"x":721,"y":235.5},{"x":720,"y":231.5},{"x":717,"y":228.5},{"x":714,"y":225.5},{"x":715,"y":222.5},{"x":712,"y":221.5},{"x":710,"y":218.5},{"x":707,"y":215.5},{"x":704,"y":212.5},{"x":701,"y":209.5},{"x":700,"y":203.5},{"x":700,"y":198.5},{"x":698,"y":191.5},{"x":699,"y":187.5},{"x":699,"y":181.5},{"x":699,"y":175.5},{"x":697,"y":171.5},{"x":696,"y":166.5},{"x":697,"y":163.5},{"x":697,"y":158.5},{"x":696,"y":154.5},{"x":694,"y":151.5},{"x":695,"y":148.5},{"x":694,"y":145.5},{"x":693,"y":141.5},{"x":691,"y":137.5},{"x":690,"y":134.5},{"x":689,"y":131.5},{"x":686,"y":124.5},{"x":684,"y":121.5},{"x":681,"y":119.5},{"x":679,"y":116.5},{"x":676,"y":113.5},{"x":673,"y":110.5},{"x":669,"y":106.5},{"x":666,"y":101.5},{"x":662,"y":100.5},{"x":660,"y":95.5},{"x":652,"y":95.5},{"x":647,"y":91.5},{"x":642,"y":91.5},{"x":638,"y":90.5},{"x":633,"y":88.5},{"x":628,"y":86.5},{"x":624,"y":86.5},{"x":619,"y":84.5},{"x":616,"y":82.5},{"x":613,"y":81.5},{"x":609,"y":80.5},{"x":606,"y":79.5},{"x":602,"y":80.5},{"x":598,"y":79.5},{"x":595,"y":77.5},{"x":590,"y":78.5},{"x":586,"y":78.5},{"x":580,"y":78.5},{"x":575,"y":80.5},{"x":571,"y":79.5},{"x":568,"y":80.5},{"x":565,"y":81.5},{"x":562,"y":83.5},{"x":557,"y":85.5},{"x":554,"y":88.5},{"x":551,"y":89.5},{"x":548,"y":90.5},{"x":545,"y":89.5},{"x":544,"y":92.5},{"x":540,"y":91.5},{"x":535,"y":88.5},{"x":531,"y":85.5},{"x":529,"y":82.5},{"x":526,"y":79.5},{"x":521,"y":74.5},{"x":518,"y":75.5},{"x":515,"y":74.5},{"x":509,"y":71.5},{"x":506,"y":70.5},{"x":503,"y":69.5},{"x":496,"y":68.5},{"x":493,"y":67.5},{"x":487,"y":66.5},{"x":483,"y":66.5},{"x":480,"y":64.5},{"x":476,"y":65.5},{"x":472,"y":65.5},{"x":467,"y":65.5},{"x":461,"y":65.5},{"x":457,"y":65.5},{"x":452,"y":65.5},{"x":447,"y":64.5},{"x":443,"y":64.5},{"x":439,"y":64.5},{"x":435,"y":64.5},{"x":431,"y":64.5},{"x":424,"y":66.5},{"x":420,"y":69.5},{"x":414,"y":73.5},{"x":408,"y":75.5},{"x":404,"y":77.5},{"x":400,"y":80.5},{"x":397,"y":82.5},{"x":394,"y":85.5},{"x":391,"y":88.5},{"x":388,"y":91.5},{"x":384,"y":97.5},{"x":380,"y":104.5},{"x":377,"y":107.5},{"x":375,"y":110.5},{"x":373,"y":113.5},{"x":372,"y":117.5},{"x":371,"y":121.5},{"x":368,"y":124.5},{"x":366,"y":127.5},{"x":364,"y":131.5},{"x":365,"y":135.5},{"x":364,"y":142.5},{"x":364,"y":147.5},{"x":364,"y":152.5},{"x":364,"y":156.5},{"x":362,"y":160.5},{"x":362,"y":164.5},{"x":361,"y":168.5},{"x":358,"y":167.5},{"x":351,"y":169.5},{"x":348,"y":170.5},{"x":345,"y":173.5},{"x":339,"y":176.5},{"x":335,"y":176.5},{"x":331,"y":178.5},{"x":330,"y":181.5},{"x":322,"y":184.5},{"x":320,"y":188.5},{"x":314,"y":189.5},{"x":311,"y":190.5},{"x":310,"y":193.5},{"x":305,"y":198.5},{"x":301,"y":200.5},{"x":300,"y":203.5},{"x":299,"y":212.5},{"x":295,"y":218.5},{"x":293,"y":222.5},{"x":291,"y":229.5},{"x":290,"y":235.5},{"x":287,"y":240.5},{"x":284,"y":243.5},{"x":281,"y":245.5},{"x":282,"y":248.5},{"x":281,"y":254.5},{"x":281,"y":262.5},{"x":281,"y":268.5},{"x":280,"y":274.5},{"x":280,"y":278.5},{"x":280,"y":283.5},{"x":282,"y":291.5},{"x":283,"y":296.5},{"x":284,"y":299.5},{"x":285,"y":303.5},{"x":286,"y":306.5},{"x":288,"y":312.5},{"x":290,"y":316.5},{"x":293,"y":317.5},{"x":292,"y":322.5},{"x":296,"y":324.5},{"x":297,"y":328.5},{"x":300,"y":332.5},{"x":302,"y":335.5},{"x":305,"y":338.5},{"x":308,"y":341.5},{"x":309,"y":344.5},{"x":312,"y":345.5},{"x":315,"y":348.5},{"x":316,"y":353.5},{"x":315,"y":357.5},{"x":313,"y":361.5},{"x":314,"y":364.5},{"x":314,"y":369.5},{"x":314,"y":377.5},{"x":314,"y":386.5},{"x":316,"y":389.5},{"x":315,"y":393.5},{"x":315,"y":397.5},{"x":315,"y":402.5},{"x":315,"y":407.5},{"x":315,"y":414.5},{"x":317,"y":417.5},{"x":316,"y":420.5},{"x":319,"y":422.5},{"x":318,"y":425.5},{"x":319,"y":428.5},{"x":321,"y":432.5},{"x":324,"y":437.5},{"x":329,"y":441.5},{"x":330,"y":445.5},{"x":331,"y":448.5},{"x":335,"y":451.5},{"x":340,"y":459.5},{"x":343,"y":461.5},{"x":346,"y":464.5},{"x":349,"y":467.5},{"x":354,"y":468.5},{"x":358,"y":472.5},{"x":364,"y":473.5},{"x":367,"y":474.5},{"x":370,"y":475.5},{"x":374,"y":477.5},{"x":378,"y":476.5},{"x":381,"y":477.5},{"x":384,"y":478.5},{"x":387,"y":479.5},{"x":390,"y":482.5},{"x":393,"y":481.5},{"x":396,"y":483.5},{"x":401,"y":485.5},{"x":404,"y":484.5},{"x":409,"y":486.5},{"x":414,"y":490.5},{"x":418,"y":490.5},{"x":423,"y":490.5},{"x":427,"y":490.5},{"x":430,"y":488.5},{"x":433,"y":489.5},{"x":436,"y":487.5},{"x":440,"y":486.5},{"x":443,"y":487.5},{"x":448,"y":485.5},{"x":454,"y":483.5},{"x":457,"y":481.5},{"x":461,"y":481.5},{"x":464,"y":478.5},{"x":467,"y":475.5},{"x":471,"y":474.5},{"x":473,"y":471.5},{"x":476,"y":470.5},{"x":476,"y":469.5}]]]],0,0,[],[],[]],[["0,9729,9729,33071,33071,0,0,1",-1],[1],0,[],[],[]],[[{"name":"egg-outline","rect":[278,17,435,578],"offset":[-4.5,0],"originalSize":[1000,612],"capInsets":[0,0,0,0]}],[0],0,[0],[0],[2]],[[[0,"bird-outline-tutorial-json",[[{"x":245.5,"y":214.5},{"x":249.5,"y":214.5},{"x":252.5,"y":216.5},{"x":255.5,"y":215.5},{"x":258.5,"y":218.5},{"x":261.5,"y":220.5},{"x":264.5,"y":221.5},{"x":268.5,"y":223.5},{"x":271.5,"y":225.5},{"x":275.5,"y":226.5},{"x":278.5,"y":227.5},{"x":281.5,"y":229.5},{"x":284.5,"y":232.5},{"x":287.5,"y":234.5},{"x":291.5,"y":235.5},{"x":292.5,"y":238.5},{"x":295.5,"y":239.5},{"x":299.5,"y":242.5},{"x":303.5,"y":244.5},{"x":307.5,"y":246.5},{"x":311.5,"y":248.5},{"x":314.5,"y":250.5},{"x":317.5,"y":252.5},{"x":321.5,"y":255.5},{"x":324.5,"y":257.5},{"x":327.5,"y":259.5},{"x":330.5,"y":261.5},{"x":334.5,"y":263.5},{"x":337.5,"y":265.5},{"x":340.5,"y":267.5},{"x":344.5,"y":268.5},{"x":346.5,"y":271.5},{"x":349.5,"y":273.5},{"x":353.5,"y":274.5},{"x":356.5,"y":277.5},{"x":360.5,"y":279.5},{"x":363.5,"y":281.5},{"x":366.5,"y":282.5},{"x":368.5,"y":285.5},{"x":371.5,"y":288.5},{"x":374.5,"y":291.5},{"x":378.5,"y":295.5},{"x":381.5,"y":298.5},{"x":382.5,"y":301.5},{"x":384.5,"y":304.5},{"x":387.5,"y":307.5},{"x":388.5,"y":310.5},{"x":391.5,"y":312.5},{"x":393.5,"y":315.5},{"x":395.5,"y":318.5},{"x":396.5,"y":321.5},{"x":399.5,"y":323.5},{"x":400.5,"y":326.5},{"x":404.5,"y":327.5},{"x":407.5,"y":331.5},{"x":410.5,"y":332.5},{"x":411.5,"y":335.5},{"x":412.5,"y":338.5},{"x":415.5,"y":340.5},{"x":416.5,"y":344.5},{"x":419.5,"y":346.5},{"x":420.5,"y":349.5},{"x":423.5,"y":350.5},{"x":422.5,"y":353.5},{"x":425.5,"y":355.5},{"x":426.5,"y":358.5},{"x":429.5,"y":359.5},{"x":430.5,"y":364.5},{"x":433.5,"y":368.5},{"x":436.5,"y":371.5},{"x":438.5,"y":374.5},{"x":440.5,"y":377.5},{"x":441.5,"y":380.5},{"x":444.5,"y":383.5},{"x":445.5,"y":386.5},{"x":448.5,"y":389.5},{"x":449.5,"y":393.5},{"x":452.5,"y":396.5},{"x":452.5,"y":400.5},{"x":453.5,"y":403.5},{"x":453.5,"y":407.5},{"x":456.5,"y":409.5},{"x":457.5,"y":412.5},{"x":459.5,"y":415.5},{"x":460.5,"y":418.5},{"x":461.5,"y":421.5},{"x":461.5,"y":425.5},{"x":462.5,"y":428.5},{"x":465.5,"y":431.5},{"x":465.5,"y":435.5},{"x":468.5,"y":437.5},{"x":469.5,"y":440.5},{"x":473.5,"y":443.5},{"x":476.5,"y":446.5},{"x":479.5,"y":449.5},{"x":482.5,"y":452.5},{"x":485.5,"y":455.5},{"x":488.5,"y":458.5},{"x":491.5,"y":461.5},{"x":494.5,"y":464.5},{"x":497.5,"y":465.5},{"x":499.5,"y":468.5},{"x":502.5,"y":470.5},{"x":505.5,"y":471.5},{"x":507.5,"y":474.5},{"x":510.5,"y":477.5},{"x":513.5,"y":478.5},{"x":514.5,"y":482.5},{"x":518.5,"y":482.5},{"x":519.5,"y":485.5},{"x":522.5,"y":486.5},{"x":523.5,"y":489.5},{"x":526.5,"y":488.5},{"x":528.5,"y":491.5},{"x":531.5,"y":493.5},{"x":534.5,"y":495.5},{"x":537.5,"y":496.5},{"x":541.5,"y":498.5},{"x":547.5,"y":500.5},{"x":551.5,"y":502.5},{"x":555.5,"y":504.5},{"x":558.5,"y":506.5},{"x":562.5,"y":508.5},{"x":567.5,"y":510.5},{"x":570.5,"y":511.5},{"x":573.5,"y":512.5},{"x":576.5,"y":515.5},{"x":579.5,"y":514.5},{"x":583.5,"y":514.5},{"x":587.5,"y":514.5},{"x":591.5,"y":514.5},{"x":595.5,"y":514.5},{"x":599.5,"y":514.5},{"x":603.5,"y":514.5},{"x":607.5,"y":514.5},{"x":610.5,"y":513.5},{"x":614.5,"y":512.5},{"x":618.5,"y":512.5},{"x":621.5,"y":511.5},{"x":625.5,"y":510.5},{"x":628.5,"y":507.5},{"x":631.5,"y":505.5},{"x":635.5,"y":504.5},{"x":638.5,"y":501.5},{"x":642.5,"y":500.5},{"x":643.5,"y":496.5},{"x":646.5,"y":495.5},{"x":649.5,"y":493.5},{"x":652.5,"y":491.5},{"x":655.5,"y":488.5},{"x":657.5,"y":485.5},{"x":659.5,"y":482.5},{"x":661.5,"y":479.5},{"x":663.5,"y":476.5},{"x":666.5,"y":474.5},{"x":669.5,"y":472.5},{"x":672.5,"y":469.5},{"x":673.5,"y":466.5},{"x":677.5,"y":465.5},{"x":678.5,"y":461.5},{"x":682.5,"y":459.5},{"x":683.5,"y":456.5},{"x":686.5,"y":455.5},{"x":688.5,"y":452.5},{"x":691.5,"y":451.5},{"x":690.5,"y":448.5},{"x":693.5,"y":446.5},{"x":696.5,"y":443.5},{"x":699.5,"y":441.5},{"x":702.5,"y":440.5},{"x":706.5,"y":440.5},{"x":712.5,"y":440.5},{"x":718.5,"y":440.5},{"x":722.5,"y":440.5},{"x":725.5,"y":438.5},{"x":729.5,"y":436.5},{"x":733.5,"y":434.5},{"x":736.5,"y":435.5},{"x":739.5,"y":434.5},{"x":742.5,"y":433.5},{"x":745.5,"y":432.5},{"x":749.5,"y":432.5},{"x":753.5,"y":432.5},{"x":757.5,"y":432.5},{"x":761.5,"y":431.5},{"x":762.5,"y":428.5},{"x":765.5,"y":426.5},{"x":765.5,"y":422.5},{"x":765.5,"y":418.5},{"x":767.5,"y":415.5},{"x":766.5,"y":412.5},{"x":763.5,"y":411.5},{"x":761.5,"y":408.5},{"x":758.5,"y":407.5},{"x":754.5,"y":407.5},{"x":751.5,"y":404.5},{"x":748.5,"y":402.5},{"x":744.5,"y":400.5},{"x":740.5,"y":397.5},{"x":737.5,"y":396.5},{"x":734.5,"y":393.5},{"x":731.5,"y":391.5},{"x":727.5,"y":389.5},{"x":723.5,"y":385.5},{"x":724.5,"y":382.5},{"x":721.5,"y":381.5},{"x":719.5,"y":378.5},{"x":717.5,"y":375.5},{"x":715.5,"y":372.5},{"x":715.5,"y":368.5},{"x":715.5,"y":364.5},{"x":715.5,"y":360.5},{"x":715.5,"y":356.5},{"x":715.5,"y":352.5},{"x":717.5,"y":349.5},{"x":716.5,"y":346.5},{"x":717.5,"y":343.5},{"x":718.5,"y":340.5},{"x":719.5,"y":337.5},{"x":720.5,"y":334.5},{"x":721.5,"y":331.5},{"x":722.5,"y":328.5},{"x":722.5,"y":324.5},{"x":723.5,"y":321.5},{"x":723.5,"y":315.5},{"x":723.5,"y":311.5},{"x":722.5,"y":306.5},{"x":722.5,"y":301.5},{"x":722.5,"y":297.5},{"x":722.5,"y":293.5},{"x":722.5,"y":289.5},{"x":722.5,"y":285.5},{"x":722.5,"y":281.5},{"x":722.5,"y":277.5},{"x":722.5,"y":271.5},{"x":722.5,"y":265.5},{"x":722.5,"y":259.5},{"x":721.5,"y":254.5},{"x":718.5,"y":250.5},{"x":719.5,"y":247.5},{"x":716.5,"y":244.5},{"x":717.5,"y":241.5},{"x":716.5,"y":238.5},{"x":716.5,"y":234.5},{"x":714.5,"y":231.5},{"x":715.5,"y":228.5},{"x":714.5,"y":225.5},{"x":714.5,"y":221.5},{"x":712.5,"y":216.5},{"x":713.5,"y":213.5},{"x":713.5,"y":209.5},{"x":712.5,"y":206.5},{"x":712.5,"y":202.5},{"x":712.5,"y":198.5},{"x":711.5,"y":195.5},{"x":710.5,"y":192.5},{"x":709.5,"y":189.5},{"x":708.5,"y":186.5},{"x":705.5,"y":183.5},{"x":703.5,"y":180.5},{"x":701.5,"y":177.5},{"x":700.5,"y":174.5},{"x":697.5,"y":172.5},{"x":696.5,"y":169.5},{"x":693.5,"y":166.5},{"x":690.5,"y":162.5},{"x":688.5,"y":159.5},{"x":687.5,"y":156.5},{"x":684.5,"y":154.5},{"x":682.5,"y":150.5},{"x":679.5,"y":148.5},{"x":676.5,"y":145.5},{"x":673.5,"y":142.5},{"x":671.5,"y":139.5},{"x":670.5,"y":136.5},{"x":667.5,"y":134.5},{"x":665.5,"y":130.5},{"x":662.5,"y":128.5},{"x":661.5,"y":125.5},{"x":657.5,"y":122.5},{"x":654.5,"y":119.5},{"x":651.5,"y":117.5},{"x":648.5,"y":116.5},{"x":645.5,"y":115.5},{"x":641.5,"y":112.5},{"x":638.5,"y":111.5},{"x":635.5,"y":109.5},{"x":632.5,"y":108.5},{"x":629.5,"y":106.5},{"x":626.5,"y":105.5},{"x":623.5,"y":104.5},{"x":618.5,"y":100.5},{"x":615.5,"y":99.5},{"x":613.5,"y":96.5},{"x":608.5,"y":93.5},{"x":605.5,"y":92.5},{"x":602.5,"y":90.5},{"x":598.5,"y":88.5},{"x":594.5,"y":88.5},{"x":588.5,"y":86.5},{"x":582.5,"y":84.5},{"x":577.5,"y":82.5},{"x":573.5,"y":82.5},{"x":569.5,"y":81.5},{"x":565.5,"y":78.5},{"x":561.5,"y":77.5},{"x":556.5,"y":77.5},{"x":553.5,"y":76.5},{"x":550.5,"y":75.5},{"x":546.5,"y":74.5},{"x":543.5,"y":72.5},{"x":538.5,"y":73.5},{"x":534.5,"y":73.5},{"x":530.5,"y":73.5},{"x":527.5,"y":72.5},{"x":523.5,"y":72.5},{"x":520.5,"y":70.5},{"x":517.5,"y":69.5},{"x":511.5,"y":70.5},{"x":508.5,"y":68.5},{"x":505.5,"y":69.5},{"x":501.5,"y":68.5},{"x":497.5,"y":66.5},{"x":494.5,"y":67.5},{"x":491.5,"y":66.5},{"x":488.5,"y":65.5},{"x":483.5,"y":65.5},{"x":477.5,"y":65.5},{"x":470.5,"y":67.5},{"x":467.5,"y":66.5},{"x":463.5,"y":66.5},{"x":459.5,"y":66.5},{"x":456.5,"y":67.5},{"x":451.5,"y":67.5},{"x":445.5,"y":69.5},{"x":439.5,"y":70.5},{"x":436.5,"y":72.5},{"x":432.5,"y":73.5},{"x":429.5,"y":74.5},{"x":426.5,"y":75.5},{"x":422.5,"y":75.5},{"x":419.5,"y":77.5},{"x":416.5,"y":76.5},{"x":412.5,"y":79.5},{"x":408.5,"y":80.5},{"x":403.5,"y":82.5},{"x":400.5,"y":84.5},{"x":397.5,"y":83.5},{"x":394.5,"y":84.5},{"x":389.5,"y":86.5},{"x":382.5,"y":88.5},{"x":378.5,"y":90.5},{"x":375.5,"y":92.5},{"x":373.5,"y":95.5},{"x":370.5,"y":94.5},{"x":369.5,"y":97.5},{"x":366.5,"y":98.5},{"x":367.5,"y":101.5},{"x":362.5,"y":102.5},{"x":359.5,"y":103.5},{"x":356.5,"y":105.5},{"x":353.5,"y":106.5},{"x":351.5,"y":109.5},{"x":348.5,"y":110.5},{"x":346.5,"y":113.5},{"x":343.5,"y":114.5},{"x":341.5,"y":117.5},{"x":336.5,"y":122.5},{"x":333.5,"y":123.5},{"x":331.5,"y":126.5},{"x":330.5,"y":129.5},{"x":326.5,"y":130.5},{"x":322.5,"y":130.5},{"x":317.5,"y":133.5},{"x":313.5,"y":135.5},{"x":310.5,"y":137.5},{"x":308.5,"y":140.5},{"x":307.5,"y":144.5},{"x":304.5,"y":145.5},{"x":301.5,"y":147.5},{"x":298.5,"y":150.5},{"x":294.5,"y":151.5},{"x":293.5,"y":154.5},{"x":294.5,"y":157.5},{"x":297.5,"y":159.5},{"x":294.5,"y":162.5},{"x":289.5,"y":165.5},{"x":288.5,"y":168.5},{"x":285.5,"y":171.5},{"x":282.5,"y":174.5},{"x":276.5,"y":174.5},{"x":273.5,"y":177.5},{"x":269.5,"y":179.5},{"x":266.5,"y":182.5},{"x":262.5,"y":184.5},{"x":260.5,"y":187.5},{"x":257.5,"y":190.5},{"x":256.5,"y":193.5},{"x":252.5,"y":196.5},{"x":251.5,"y":199.5},{"x":248.5,"y":202.5},{"x":246.5,"y":206.5},{"x":246.5,"y":210.5},{"x":244.5,"y":213.5},{"x":243.5,"y":214.5}]]]],0,0,[],[],[]],[[{"name":"bird-outline-tutorial","rect":[138,2,704,605],"offset":[-10,1.5],"originalSize":[1000,612],"capInsets":[0,0,0,0]}],[0],0,[0],[0],[3]],[[{"name":"dog-outline-tutorial","rect":[154,3,737,609],"offset":[22.5,-1.5],"originalSize":[1000,612],"capInsets":[0,0,0,0]}],[0],0,[0],[0],[4]],[[{"name":"heart-outline","rect":[163,10,671,590],"offset":[-1.5,1],"originalSize":[1000,612],"capInsets":[0,0,0,0]}],[0],0,[0],[0],[5]],[[{"name":"balloon-outline-tutorial","rect":[218,3,574,574],"offset":[5,16],"originalSize":[1000,612],"capInsets":[0,0,0,0]}],[0],0,[0],[0],[6]],[[{"name":"box-outline","rect":[191,11,594,593],"offset":[-12,-1.5],"originalSize":[1000,612],"capInsets":[0,0,0,0]}],[0],0,[0],[0],[7]],[[{"name":"box-outline-tutorial","rect":[181,0,614,612],"offset":[-12,0],"originalSize":[1000,612],"capInsets":[0,0,0,0]}],[0],0,[0],[0],[8]],[["0,9729,9729,33071,33071,0,0,1",-1],[1],0,[],[],[]],[[[0,"box-outline-tutorial-json",[[{"x":276,"y":509.5},{"x":281,"y":509.5},{"x":285,"y":509.5},{"x":290,"y":509.5},{"x":295,"y":509.5},{"x":299,"y":509.5},{"x":303,"y":509.5},{"x":308,"y":509.5},{"x":312,"y":509.5},{"x":316,"y":509.5},{"x":321,"y":509.5},{"x":326,"y":509.5},{"x":331,"y":509.5},{"x":335,"y":509.5},{"x":339,"y":509.5},{"x":343,"y":509.5},{"x":350,"y":509.5},{"x":357,"y":509.5},{"x":365,"y":509.5},{"x":369,"y":509.5},{"x":373,"y":509.5},{"x":377,"y":509.5},{"x":384,"y":509.5},{"x":391,"y":509.5},{"x":398,"y":509.5},{"x":402,"y":509.5},{"x":407,"y":509.5},{"x":413,"y":509.5},{"x":417,"y":509.5},{"x":424,"y":509.5},{"x":430,"y":509.5},{"x":437,"y":509.5},{"x":443,"y":509.5},{"x":449,"y":509.5},{"x":453,"y":509.5},{"x":458,"y":509.5},{"x":463,"y":509.5},{"x":467,"y":509.5},{"x":470,"y":511.5},{"x":475,"y":510.5},{"x":478,"y":512.5},{"x":481,"y":511.5},{"x":488,"y":511.5},{"x":497,"y":511.5},{"x":506,"y":511.5},{"x":509,"y":513.5},{"x":513,"y":512.5},{"x":520,"y":512.5},{"x":527,"y":512.5},{"x":536,"y":512.5},{"x":545,"y":512.5},{"x":549,"y":512.5},{"x":554,"y":512.5},{"x":561,"y":512.5},{"x":571,"y":512.5},{"x":578,"y":512.5},{"x":582,"y":512.5},{"x":587,"y":512.5},{"x":591,"y":512.5},{"x":595,"y":512.5},{"x":601,"y":512.5},{"x":613,"y":512.5},{"x":620,"y":512.5},{"x":627,"y":512.5},{"x":634,"y":512.5},{"x":639,"y":512.5},{"x":647,"y":512.5},{"x":653,"y":512.5},{"x":658,"y":512.5},{"x":665,"y":512.5},{"x":671,"y":512.5},{"x":675,"y":512.5},{"x":680,"y":512.5},{"x":686,"y":512.5},{"x":691,"y":512.5},{"x":697,"y":512.5},{"x":702,"y":512.5},{"x":708,"y":512.5},{"x":714,"y":512.5},{"x":718,"y":512.5},{"x":721,"y":514.5},{"x":725,"y":513.5},{"x":729,"y":513.5},{"x":733,"y":513.5},{"x":733,"y":508.5},{"x":733,"y":502.5},{"x":733,"y":494.5},{"x":733,"y":490.5},{"x":733,"y":486.5},{"x":733,"y":482.5},{"x":731,"y":475.5},{"x":732,"y":472.5},{"x":731,"y":467.5},{"x":730,"y":464.5},{"x":730,"y":460.5},{"x":730,"y":454.5},{"x":730,"y":448.5},{"x":730,"y":444.5},{"x":730,"y":436.5},{"x":730,"y":429.5},{"x":730,"y":424.5},{"x":730,"y":420.5},{"x":730,"y":415.5},{"x":730,"y":410.5},{"x":730,"y":406.5},{"x":730,"y":400.5},{"x":730,"y":396.5},{"x":730,"y":388.5},{"x":730,"y":384.5},{"x":730,"y":379.5},{"x":730,"y":369.5},{"x":730,"y":358.5},{"x":730,"y":351.5},{"x":730,"y":347.5},{"x":730,"y":343.5},{"x":728,"y":335.5},{"x":729,"y":331.5},{"x":729,"y":327.5},{"x":729,"y":322.5},{"x":729,"y":318.5},{"x":729,"y":313.5},{"x":729,"y":309.5},{"x":729,"y":305.5},{"x":729,"y":298.5},{"x":729,"y":293.5},{"x":729,"y":287.5},{"x":729,"y":282.5},{"x":729,"y":277.5},{"x":729,"y":269.5},{"x":729,"y":265.5},{"x":729,"y":261.5},{"x":729,"y":257.5},{"x":729,"y":253.5},{"x":729,"y":249.5},{"x":729,"y":243.5},{"x":729,"y":238.5},{"x":729,"y":234.5},{"x":729,"y":223.5},{"x":729,"y":219.5},{"x":729,"y":212.5},{"x":729,"y":207.5},{"x":729,"y":200.5},{"x":729,"y":196.5},{"x":729,"y":190.5},{"x":731,"y":175.5},{"x":732,"y":179.5},{"x":731,"y":176.5},{"x":731,"y":167.5},{"x":731,"y":163.5},{"x":731,"y":158.5},{"x":731,"y":145.5},{"x":731,"y":141.5},{"x":733,"y":134.5},{"x":732,"y":129.5},{"x":732,"y":124.5},{"x":732,"y":117.5},{"x":732,"y":113.5},{"x":732,"y":109.5},{"x":733,"y":103.5},{"x":733,"y":97.5},{"x":733,"y":91.5},{"x":733,"y":83.5},{"x":733,"y":76.5},{"x":733,"y":72.5},{"x":733,"y":68.5},{"x":731,"y":64.5},{"x":732,"y":61.5},{"x":729,"y":59.5},{"x":726,"y":60.5},{"x":722,"y":58.5},{"x":715,"y":57.5},{"x":710,"y":58.5},{"x":706,"y":56.5},{"x":695,"y":57.5},{"x":690,"y":57.5},{"x":680,"y":57.5},{"x":676,"y":56.5},{"x":669,"y":56.5},{"x":663,"y":56.5},{"x":654,"y":56.5},{"x":650,"y":56.5},{"x":646,"y":56.5},{"x":642,"y":56.5},{"x":638,"y":56.5},{"x":630,"y":58.5},{"x":624,"y":57.5},{"x":619,"y":57.5},{"x":610,"y":57.5},{"x":601,"y":57.5},{"x":594,"y":57.5},{"x":590,"y":57.5},{"x":585,"y":57.5},{"x":579,"y":55.5},{"x":576,"y":56.5},{"x":572,"y":56.5},{"x":567,"y":56.5},{"x":561,"y":56.5},{"x":557,"y":54.5},{"x":552,"y":55.5},{"x":546,"y":55.5},{"x":541,"y":55.5},{"x":534,"y":55.5},{"x":527,"y":55.5},{"x":519,"y":55.5},{"x":515,"y":55.5},{"x":508,"y":55.5},{"x":503,"y":55.5},{"x":497,"y":55.5},{"x":493,"y":55.5},{"x":482,"y":55.5},{"x":478,"y":55.5},{"x":472,"y":56.5},{"x":466,"y":56.5},{"x":461,"y":56.5},{"x":452,"y":58.5},{"x":448,"y":57.5},{"x":443,"y":58.5},{"x":436,"y":58.5},{"x":431,"y":58.5},{"x":421,"y":58.5},{"x":417,"y":58.5},{"x":411,"y":58.5},{"x":404,"y":58.5},{"x":398,"y":56.5},{"x":395,"y":57.5},{"x":391,"y":57.5},{"x":380,"y":56.5},{"x":373,"y":56.5},{"x":364,"y":56.5},{"x":359,"y":56.5},{"x":355,"y":57.5},{"x":351,"y":57.5},{"x":343,"y":57.5},{"x":339,"y":57.5},{"x":335,"y":57.5},{"x":326,"y":57.5},{"x":321,"y":57.5},{"x":317,"y":57.5},{"x":307,"y":57.5},{"x":301,"y":57.5},{"x":295,"y":57.5},{"x":291,"y":57.5},{"x":287,"y":57.5},{"x":282,"y":57.5},{"x":278,"y":57.5},{"x":276,"y":60.5},{"x":277,"y":63.5},{"x":277,"y":68.5},{"x":277,"y":73.5},{"x":278,"y":80.5},{"x":276,"y":86.5},{"x":277,"y":93.5},{"x":274,"y":97.5},{"x":274,"y":103.5},{"x":274,"y":109.5},{"x":274,"y":116.5},{"x":274,"y":123.5},{"x":274,"y":127.5},{"x":274,"y":131.5},{"x":276,"y":135.5},{"x":275,"y":140.5},{"x":275,"y":144.5},{"x":277,"y":148.5},{"x":276,"y":152.5},{"x":276,"y":156.5},{"x":276,"y":161.5},{"x":276,"y":168.5},{"x":276,"y":175.5},{"x":276,"y":179.5},{"x":275,"y":186.5},{"x":275,"y":193.5},{"x":275,"y":202.5},{"x":275,"y":207.5},{"x":275,"y":215.5},{"x":275,"y":222.5},{"x":277,"y":227.5},{"x":276,"y":238.5},{"x":276,"y":234.5},{"x":276,"y":238.5},{"x":274,"y":235.5},{"x":275,"y":238.5},{"x":275,"y":243.5},{"x":275,"y":249.5},{"x":274,"y":253.5},{"x":274,"y":257.5},{"x":274,"y":265.5},{"x":274,"y":271.5},{"x":274,"y":275.5},{"x":274,"y":279.5},{"x":276,"y":283.5},{"x":275,"y":288.5},{"x":277,"y":292.5},{"x":276,"y":295.5},{"x":276,"y":301.5},{"x":276,"y":305.5},{"x":274,"y":308.5},{"x":274,"y":313.5},{"x":274,"y":319.5},{"x":276,"y":327.5},{"x":278,"y":330.5},{"x":277,"y":333.5},{"x":277,"y":339.5},{"x":277,"y":343.5},{"x":277,"y":347.5},{"x":279,"y":351.5},{"x":278,"y":355.5},{"x":278,"y":361.5},{"x":278,"y":371.5},{"x":277,"y":374.5},{"x":277,"y":381.5},{"x":277,"y":385.5},{"x":277,"y":393.5},{"x":277,"y":398.5},{"x":276,"y":401.5},{"x":276,"y":405.5},{"x":276,"y":411.5},{"x":276,"y":416.5},{"x":274,"y":422.5},{"x":274,"y":429.5},{"x":274,"y":434.5},{"x":274,"y":441.5},{"x":272,"y":446.5},{"x":273,"y":450.5},{"x":275,"y":456.5},{"x":274,"y":459.5},{"x":274,"y":465.5},{"x":274,"y":470.5},{"x":275,"y":479.5},{"x":275,"y":485.5},{"x":275,"y":490.5},{"x":276,"y":494.5},{"x":277,"y":497.5},{"x":277,"y":504.5},{"x":279,"y":510.5},{"x":278,"y":510.5}]]]],0,0,[],[],[]],[["0,9729,9729,33071,33071,0,0,1",-1],[1],0,[],[],[]],[[{"name":"dog-outline","rect":[164,13,717,589],"offset":[22.5,-1.5],"originalSize":[1000,612],"capInsets":[0,0,0,0]}],[0],0,[0],[0],[9]],[["0,9729,9729,33071,33071,0,0,1",-1],[1],0,[],[],[]],[["0,9729,9729,33071,33071,0,0,1",-1],[1],0,[],[],[]],[[[0,"arrow-outline-tutorial-json",[[{"x":667.5,"y":472.5},{"x":670.5,"y":470.5},{"x":673.5,"y":469.5},{"x":675.5,"y":466.5},{"x":676.5,"y":463.5},{"x":680.5,"y":461.5},{"x":683.5,"y":458.5},{"x":686.5,"y":455.5},{"x":689.5,"y":452.5},{"x":692.5,"y":450.5},{"x":696.5,"y":449.5},{"x":697.5,"y":446.5},{"x":701.5,"y":445.5},{"x":700.5,"y":442.5},{"x":703.5,"y":443.5},{"x":704.5,"y":440.5},{"x":707.5,"y":437.5},{"x":710.5,"y":434.5},{"x":713.5,"y":431.5},{"x":717.5,"y":430.5},{"x":719.5,"y":426.5},{"x":723.5,"y":422.5},{"x":727.5,"y":420.5},{"x":730.5,"y":417.5},{"x":734.5,"y":415.5},{"x":738.5,"y":412.5},{"x":741.5,"y":409.5},{"x":744.5,"y":408.5},{"x":746.5,"y":405.5},{"x":749.5,"y":402.5},{"x":752.5,"y":400.5},{"x":755.5,"y":397.5},{"x":758.5,"y":396.5},{"x":759.5,"y":393.5},{"x":763.5,"y":390.5},{"x":767.5,"y":388.5},{"x":769.5,"y":385.5},{"x":773.5,"y":381.5},{"x":776.5,"y":380.5},{"x":781.5,"y":377.5},{"x":784.5,"y":375.5},{"x":783.5,"y":372.5},{"x":786.5,"y":370.5},{"x":790.5,"y":368.5},{"x":792.5,"y":365.5},{"x":795.5,"y":364.5},{"x":796.5,"y":360.5},{"x":799.5,"y":359.5},{"x":802.5,"y":356.5},{"x":803.5,"y":353.5},{"x":806.5,"y":350.5},{"x":808.5,"y":346.5},{"x":811.5,"y":342.5},{"x":813.5,"y":338.5},{"x":817.5,"y":337.5},{"x":816.5,"y":334.5},{"x":819.5,"y":332.5},{"x":822.5,"y":331.5},{"x":824.5,"y":328.5},{"x":825.5,"y":325.5},{"x":828.5,"y":322.5},{"x":833.5,"y":320.5},{"x":836.5,"y":316.5},{"x":842.5,"y":312.5},{"x":844.5,"y":309.5},{"x":847.5,"y":308.5},{"x":851.5,"y":306.5},{"x":854.5,"y":303.5},{"x":857.5,"y":300.5},{"x":860.5,"y":297.5},{"x":863.5,"y":294.5},{"x":866.5,"y":292.5},{"x":868.5,"y":289.5},{"x":871.5,"y":288.5},{"x":872.5,"y":285.5},{"x":875.5,"y":283.5},{"x":877.5,"y":280.5},{"x":880.5,"y":279.5},{"x":877.5,"y":276.5},{"x":876.5,"y":273.5},{"x":873.5,"y":271.5},{"x":870.5,"y":268.5},{"x":867.5,"y":265.5},{"x":864.5,"y":262.5},{"x":861.5,"y":261.5},{"x":857.5,"y":256.5},{"x":852.5,"y":251.5},{"x":848.5,"y":247.5},{"x":845.5,"y":244.5},{"x":844.5,"y":241.5},{"x":841.5,"y":238.5},{"x":838.5,"y":235.5},{"x":834.5,"y":233.5},{"x":832.5,"y":230.5},{"x":829.5,"y":229.5},{"x":827.5,"y":226.5},{"x":822.5,"y":224.5},{"x":819.5,"y":221.5},{"x":816.5,"y":220.5},{"x":816.5,"y":216.5},{"x":812.5,"y":215.5},{"x":810.5,"y":212.5},{"x":807.5,"y":209.5},{"x":806.5,"y":206.5},{"x":803.5,"y":205.5},{"x":800.5,"y":202.5},{"x":796.5,"y":198.5},{"x":793.5,"y":195.5},{"x":790.5,"y":193.5},{"x":787.5,"y":192.5},{"x":784.5,"y":189.5},{"x":781.5,"y":186.5},{"x":778.5,"y":185.5},{"x":775.5,"y":182.5},{"x":772.5,"y":178.5},{"x":768.5,"y":176.5},{"x":766.5,"y":173.5},{"x":763.5,"y":170.5},{"x":760.5,"y":169.5},{"x":758.5,"y":165.5},{"x":755.5,"y":162.5},{"x":749.5,"y":156.5},{"x":745.5,"y":152.5},{"x":742.5,"y":149.5},{"x":741.5,"y":146.5},{"x":736.5,"y":144.5},{"x":734.5,"y":141.5},{"x":731.5,"y":138.5},{"x":728.5,"y":136.5},{"x":727.5,"y":133.5},{"x":726.5,"y":130.5},{"x":722.5,"y":127.5},{"x":719.5,"y":124.5},{"x":715.5,"y":123.5},{"x":713.5,"y":120.5},{"x":710.5,"y":117.5},{"x":707.5,"y":114.5},{"x":706.5,"y":111.5},{"x":702.5,"y":108.5},{"x":698.5,"y":106.5},{"x":694.5,"y":101.5},{"x":692.5,"y":96.5},{"x":689.5,"y":94.5},{"x":687.5,"y":91.5},{"x":686.5,"y":88.5},{"x":683.5,"y":87.5},{"x":680.5,"y":84.5},{"x":677.5,"y":83.5},{"x":674.5,"y":80.5},{"x":670.5,"y":79.5},{"x":669.5,"y":76.5},{"x":665.5,"y":76.5},{"x":665.5,"y":80.5},{"x":665.5,"y":84.5},{"x":665.5,"y":88.5},{"x":665.5,"y":92.5},{"x":666.5,"y":96.5},{"x":666.5,"y":100.5},{"x":667.5,"y":103.5},{"x":667.5,"y":107.5},{"x":667.5,"y":112.5},{"x":667.5,"y":116.5},{"x":665.5,"y":119.5},{"x":666.5,"y":122.5},{"x":666.5,"y":128.5},{"x":666.5,"y":135.5},{"x":666.5,"y":139.5},{"x":666.5,"y":143.5},{"x":666.5,"y":149.5},{"x":666.5,"y":154.5},{"x":666.5,"y":158.5},{"x":666.5,"y":165.5},{"x":666.5,"y":169.5},{"x":666.5,"y":173.5},{"x":666.5,"y":177.5},{"x":666.5,"y":183.5},{"x":666.5,"y":187.5},{"x":666.5,"y":191.5},{"x":666.5,"y":196.5},{"x":666.5,"y":200.5},{"x":666.5,"y":204.5},{"x":666.5,"y":208.5},{"x":666.5,"y":213.5},{"x":666.5,"y":217.5},{"x":666.5,"y":223.5},{"x":666.5,"y":228.5},{"x":666.5,"y":232.5},{"x":666.5,"y":236.5},{"x":666.5,"y":240.5},{"x":666.5,"y":246.5},{"x":666.5,"y":253.5},{"x":666.5,"y":258.5},{"x":666.5,"y":262.5},{"x":666.5,"y":266.5},{"x":665.5,"y":270.5},{"x":665.5,"y":276.5},{"x":665.5,"y":281.5},{"x":665.5,"y":287.5},{"x":665.5,"y":291.5},{"x":665.5,"y":295.5},{"x":665.5,"y":300.5},{"x":665.5,"y":304.5},{"x":663.5,"y":308.5},{"x":664.5,"y":313.5},{"x":665.5,"y":318.5},{"x":667.5,"y":324.5},{"x":668.5,"y":327.5},{"x":667.5,"y":331.5},{"x":668.5,"y":335.5},{"x":668.5,"y":339.5},{"x":668.5,"y":343.5},{"x":668.5,"y":347.5},{"x":668.5,"y":351.5},{"x":668.5,"y":355.5},{"x":668.5,"y":360.5},{"x":668.5,"y":364.5},{"x":668.5,"y":368.5},{"x":668.5,"y":373.5},{"x":668.5,"y":377.5},{"x":668.5,"y":381.5},{"x":668.5,"y":385.5},{"x":668.5,"y":389.5},{"x":668.5,"y":394.5},{"x":668.5,"y":399.5},{"x":668.5,"y":404.5},{"x":668.5,"y":409.5},{"x":667.5,"y":412.5},{"x":667.5,"y":417.5},{"x":667.5,"y":422.5},{"x":667.5,"y":426.5},{"x":667.5,"y":430.5},{"x":667.5,"y":435.5},{"x":667.5,"y":439.5},{"x":667.5,"y":443.5},{"x":667.5,"y":447.5},{"x":667.5,"y":453.5},{"x":666.5,"y":456.5},{"x":666.5,"y":461.5},{"x":666.5,"y":466.5},{"x":666.5,"y":473.5},{"x":666.5,"y":477.5},{"x":666.5,"y":481.5},{"x":666.5,"y":482.5}],[{"x":662.5,"y":377.5},{"x":656.5,"y":377.5},{"x":650.5,"y":377.5},{"x":646.5,"y":377.5},{"x":642.5,"y":377.5},{"x":636.5,"y":375.5},{"x":633.5,"y":374.5},{"x":629.5,"y":375.5},{"x":625.5,"y":374.5},{"x":621.5,"y":373.5},{"x":618.5,"y":371.5},{"x":614.5,"y":371.5},{"x":610.5,"y":371.5},{"x":606.5,"y":371.5},{"x":602.5,"y":370.5},{"x":598.5,"y":368.5},{"x":594.5,"y":369.5},{"x":591.5,"y":368.5},{"x":587.5,"y":368.5},{"x":579.5,"y":370.5},{"x":575.5,"y":371.5},{"x":571.5,"y":370.5},{"x":567.5,"y":370.5},{"x":563.5,"y":370.5},{"x":558.5,"y":370.5},{"x":553.5,"y":370.5},{"x":549.5,"y":370.5},{"x":545.5,"y":371.5},{"x":542.5,"y":372.5},{"x":534.5,"y":372.5},{"x":528.5,"y":372.5},{"x":521.5,"y":372.5},{"x":516.5,"y":372.5},{"x":512.5,"y":372.5},{"x":506.5,"y":372.5},{"x":501.5,"y":372.5},{"x":495.5,"y":370.5},{"x":488.5,"y":368.5},{"x":485.5,"y":369.5},{"x":482.5,"y":368.5},{"x":476.5,"y":368.5},{"x":473.5,"y":369.5},{"x":469.5,"y":370.5},{"x":465.5,"y":371.5},{"x":461.5,"y":371.5},{"x":457.5,"y":371.5},{"x":451.5,"y":373.5},{"x":448.5,"y":372.5},{"x":445.5,"y":374.5},{"x":439.5,"y":373.5},{"x":434.5,"y":373.5},{"x":430.5,"y":373.5},{"x":425.5,"y":374.5},{"x":419.5,"y":375.5},{"x":412.5,"y":375.5},{"x":404.5,"y":375.5},{"x":400.5,"y":375.5},{"x":394.5,"y":375.5},{"x":388.5,"y":375.5},{"x":383.5,"y":375.5},{"x":376.5,"y":375.5},{"x":372.5,"y":375.5},{"x":364.5,"y":375.5},{"x":359.5,"y":375.5},{"x":353.5,"y":375.5},{"x":346.5,"y":375.5},{"x":341.5,"y":375.5},{"x":336.5,"y":375.5},{"x":332.5,"y":373.5},{"x":328.5,"y":374.5},{"x":324.5,"y":374.5},{"x":320.5,"y":374.5},{"x":316.5,"y":374.5},{"x":308.5,"y":374.5},{"x":304.5,"y":374.5},{"x":301.5,"y":373.5},{"x":296.5,"y":373.5},{"x":292.5,"y":373.5},{"x":287.5,"y":373.5},{"x":283.5,"y":373.5},{"x":279.5,"y":373.5},{"x":274.5,"y":373.5},{"x":269.5,"y":373.5},{"x":264.5,"y":373.5},{"x":259.5,"y":373.5},{"x":253.5,"y":373.5},{"x":250.5,"y":371.5},{"x":247.5,"y":372.5},{"x":243.5,"y":372.5},{"x":239.5,"y":372.5},{"x":235.5,"y":372.5},{"x":230.5,"y":371.5},{"x":226.5,"y":371.5},{"x":222.5,"y":371.5},{"x":217.5,"y":371.5},{"x":213.5,"y":371.5},{"x":210.5,"y":370.5},{"x":206.5,"y":370.5},{"x":202.5,"y":370.5},{"x":194.5,"y":371.5},{"x":189.5,"y":371.5},{"x":185.5,"y":371.5},{"x":181.5,"y":371.5},{"x":177.5,"y":371.5},{"x":173.5,"y":373.5},{"x":170.5,"y":372.5},{"x":166.5,"y":372.5},{"x":162.5,"y":372.5},{"x":158.5,"y":372.5},{"x":160.5,"y":369.5},{"x":160.5,"y":365.5},{"x":160.5,"y":360.5},{"x":161.5,"y":357.5},{"x":161.5,"y":353.5},{"x":162.5,"y":347.5},{"x":162.5,"y":342.5},{"x":162.5,"y":337.5},{"x":162.5,"y":332.5},{"x":162.5,"y":327.5},{"x":162.5,"y":321.5},{"x":162.5,"y":317.5},{"x":161.5,"y":312.5},{"x":161.5,"y":307.5},{"x":161.5,"y":301.5},{"x":161.5,"y":296.5},{"x":161.5,"y":291.5},{"x":161.5,"y":285.5},{"x":161.5,"y":278.5},{"x":161.5,"y":274.5},{"x":161.5,"y":270.5},{"x":161.5,"y":266.5},{"x":161.5,"y":262.5},{"x":161.5,"y":258.5},{"x":161.5,"y":252.5},{"x":161.5,"y":248.5},{"x":161.5,"y":244.5},{"x":161.5,"y":240.5},{"x":161.5,"y":236.5},{"x":161.5,"y":232.5},{"x":161.5,"y":228.5},{"x":161.5,"y":224.5},{"x":161.5,"y":220.5},{"x":161.5,"y":215.5},{"x":161.5,"y":211.5},{"x":161.5,"y":207.5},{"x":161.5,"y":201.5},{"x":161.5,"y":197.5},{"x":161.5,"y":193.5},{"x":161.5,"y":189.5},{"x":161.5,"y":185.5},{"x":161.5,"y":181.5},{"x":161.5,"y":177.5},{"x":165.5,"y":177.5},{"x":169.5,"y":177.5},{"x":174.5,"y":177.5},{"x":178.5,"y":177.5},{"x":183.5,"y":177.5},{"x":187.5,"y":177.5},{"x":191.5,"y":177.5},{"x":195.5,"y":177.5},{"x":199.5,"y":175.5},{"x":202.5,"y":176.5},{"x":207.5,"y":176.5},{"x":212.5,"y":176.5},{"x":217.5,"y":176.5},{"x":221.5,"y":176.5},{"x":225.5,"y":176.5},{"x":229.5,"y":176.5},{"x":233.5,"y":176.5},{"x":237.5,"y":176.5},{"x":242.5,"y":176.5},{"x":246.5,"y":176.5},{"x":250.5,"y":176.5},{"x":254.5,"y":176.5},{"x":257.5,"y":177.5},{"x":260.5,"y":178.5},{"x":266.5,"y":178.5},{"x":270.5,"y":178.5},{"x":274.5,"y":178.5},{"x":279.5,"y":179.5},{"x":282.5,"y":180.5},{"x":285.5,"y":181.5},{"x":288.5,"y":182.5},{"x":294.5,"y":182.5},{"x":298.5,"y":182.5},{"x":304.5,"y":182.5},{"x":309.5,"y":182.5},{"x":314.5,"y":182.5},{"x":317.5,"y":181.5},{"x":320.5,"y":180.5},{"x":324.5,"y":180.5},{"x":328.5,"y":180.5},{"x":333.5,"y":180.5},{"x":339.5,"y":180.5},{"x":342.5,"y":179.5},{"x":348.5,"y":179.5},{"x":352.5,"y":179.5},{"x":356.5,"y":179.5},{"x":361.5,"y":179.5},{"x":365.5,"y":177.5},{"x":368.5,"y":178.5},{"x":372.5,"y":178.5},{"x":376.5,"y":178.5},{"x":380.5,"y":178.5},{"x":384.5,"y":178.5},{"x":388.5,"y":178.5},{"x":393.5,"y":178.5},{"x":397.5,"y":178.5},{"x":401.5,"y":178.5},{"x":406.5,"y":178.5},{"x":410.5,"y":178.5},{"x":414.5,"y":178.5},{"x":418.5,"y":178.5},{"x":422.5,"y":178.5},{"x":426.5,"y":178.5},{"x":430.5,"y":178.5},{"x":434.5,"y":178.5},{"x":439.5,"y":178.5},{"x":445.5,"y":178.5},{"x":450.5,"y":176.5},{"x":453.5,"y":177.5},{"x":457.5,"y":177.5},{"x":462.5,"y":177.5},{"x":467.5,"y":177.5},{"x":471.5,"y":178.5},{"x":476.5,"y":178.5},{"x":480.5,"y":178.5},{"x":486.5,"y":178.5},{"x":492.5,"y":178.5},{"x":496.5,"y":178.5},{"x":501.5,"y":178.5},{"x":506.5,"y":180.5},{"x":509.5,"y":179.5},{"x":515.5,"y":179.5},{"x":519.5,"y":179.5},{"x":522.5,"y":177.5},{"x":525.5,"y":178.5},{"x":529.5,"y":178.5},{"x":534.5,"y":178.5},{"x":541.5,"y":178.5},{"x":546.5,"y":178.5},{"x":550.5,"y":178.5},{"x":554.5,"y":178.5},{"x":558.5,"y":178.5},{"x":562.5,"y":178.5},{"x":565.5,"y":180.5},{"x":569.5,"y":179.5},{"x":575.5,"y":179.5},{"x":579.5,"y":179.5},{"x":585.5,"y":179.5},{"x":589.5,"y":179.5},{"x":593.5,"y":179.5},{"x":599.5,"y":179.5},{"x":603.5,"y":179.5},{"x":607.5,"y":179.5},{"x":617.5,"y":179.5},{"x":622.5,"y":179.5},{"x":626.5,"y":179.5},{"x":632.5,"y":179.5},{"x":636.5,"y":179.5},{"x":641.5,"y":179.5},{"x":645.5,"y":179.5},{"x":649.5,"y":179.5},{"x":653.5,"y":179.5},{"x":657.5,"y":179.5},{"x":660.5,"y":180.5},{"x":664.5,"y":180.5},{"x":667.5,"y":179.5},{"x":668.5,"y":178.5}]]]],0,0,[],[],[]],[["0,9729,9729,33071,33071,0,0,1",-1],[1],0,[],[],[]],[[{"name":"bird-outline","rect":[148,12,684,585],"offset":[-10,1.5],"originalSize":[1000,612],"capInsets":[0,0,0,0]}],[0],0,[0],[0],[10]],[[{"name":"balloon-outline","rect":[226,13,558,596],"offset":[5,-5],"originalSize":[1000,612],"capInsets":[0,0,0,0]}],[0],0,[0],[0],[11]],[[{"name":"flower-outline","rect":[195,10,626,596],"offset":[8,-2],"originalSize":[1000,612],"capInsets":[0,0,0,0]}],[0],0,[0],[0],[12]],[[[0,"egg-outline-tutorial-json",[[{"x":510,"y":503.5},{"x":504,"y":503.5},{"x":499,"y":503.5},{"x":493,"y":503.5},{"x":489,"y":502.5},{"x":486,"y":501.5},{"x":483,"y":500.5},{"x":480,"y":498.5},{"x":476,"y":497.5},{"x":473,"y":496.5},{"x":470,"y":497.5},{"x":467,"y":494.5},{"x":463,"y":493.5},{"x":460,"y":492.5},{"x":455,"y":490.5},{"x":450,"y":489.5},{"x":447,"y":486.5},{"x":441,"y":484.5},{"x":437,"y":482.5},{"x":434,"y":480.5},{"x":431,"y":479.5},{"x":427,"y":476.5},{"x":425,"y":473.5},{"x":422,"y":471.5},{"x":419,"y":470.5},{"x":415,"y":468.5},{"x":412,"y":465.5},{"x":409,"y":462.5},{"x":408,"y":459.5},{"x":403,"y":455.5},{"x":402,"y":452.5},{"x":400,"y":449.5},{"x":394,"y":443.5},{"x":392,"y":440.5},{"x":390,"y":436.5},{"x":387,"y":433.5},{"x":384,"y":431.5},{"x":382,"y":427.5},{"x":376,"y":422.5},{"x":372,"y":416.5},{"x":370,"y":412.5},{"x":368,"y":409.5},{"x":366,"y":406.5},{"x":364,"y":403.5},{"x":362,"y":400.5},{"x":360,"y":397.5},{"x":358,"y":394.5},{"x":359,"y":391.5},{"x":358,"y":388.5},{"x":356,"y":385.5},{"x":354,"y":382.5},{"x":351,"y":376.5},{"x":348,"y":370.5},{"x":346,"y":365.5},{"x":346,"y":361.5},{"x":342,"y":355.5},{"x":342,"y":351.5},{"x":340,"y":348.5},{"x":339,"y":345.5},{"x":338,"y":342.5},{"x":338,"y":337.5},{"x":337,"y":332.5},{"x":337,"y":327.5},{"x":337,"y":323.5},{"x":337,"y":317.5},{"x":337,"y":313.5},{"x":337,"y":306.5},{"x":335,"y":301.5},{"x":336,"y":297.5},{"x":334,"y":293.5},{"x":334,"y":286.5},{"x":334,"y":281.5},{"x":334,"y":276.5},{"x":333,"y":273.5},{"x":333,"y":269.5},{"x":333,"y":265.5},{"x":333,"y":260.5},{"x":335,"y":255.5},{"x":336,"y":252.5},{"x":338,"y":246.5},{"x":338,"y":242.5},{"x":340,"y":237.5},{"x":341,"y":233.5},{"x":340,"y":230.5},{"x":342,"y":227.5},{"x":342,"y":222.5},{"x":345,"y":219.5},{"x":346,"y":215.5},{"x":348,"y":212.5},{"x":350,"y":208.5},{"x":352,"y":204.5},{"x":354,"y":200.5},{"x":356,"y":196.5},{"x":358,"y":193.5},{"x":358,"y":188.5},{"x":358,"y":184.5},{"x":360,"y":178.5},{"x":359,"y":175.5},{"x":361,"y":172.5},{"x":362,"y":167.5},{"x":362,"y":162.5},{"x":365,"y":159.5},{"x":365,"y":155.5},{"x":369,"y":149.5},{"x":373,"y":144.5},{"x":377,"y":143.5},{"x":380,"y":139.5},{"x":381,"y":136.5},{"x":385,"y":133.5},{"x":388,"y":130.5},{"x":392,"y":127.5},{"x":391,"y":124.5},{"x":395,"y":120.5},{"x":397,"y":116.5},{"x":401,"y":113.5},{"x":402,"y":110.5},{"x":406,"y":109.5},{"x":408,"y":106.5},{"x":413,"y":101.5},{"x":414,"y":98.5},{"x":419,"y":95.5},{"x":423,"y":93.5},{"x":426,"y":91.5},{"x":430,"y":88.5},{"x":434,"y":88.5},{"x":435,"y":85.5},{"x":442,"y":81.5},{"x":448,"y":78.5},{"x":454,"y":75.5},{"x":459,"y":74.5},{"x":462,"y":71.5},{"x":467,"y":72.5},{"x":471,"y":71.5},{"x":475,"y":70.5},{"x":479,"y":68.5},{"x":483,"y":68.5},{"x":486,"y":65.5},{"x":490,"y":66.5},{"x":493,"y":65.5},{"x":497,"y":63.5},{"x":501,"y":64.5},{"x":508,"y":64.5},{"x":513,"y":64.5},{"x":517,"y":64.5},{"x":522,"y":65.5},{"x":527,"y":67.5},{"x":532,"y":66.5},{"x":535,"y":67.5},{"x":539,"y":69.5},{"x":543,"y":68.5},{"x":546,"y":69.5},{"x":550,"y":71.5},{"x":555,"y":73.5},{"x":558,"y":74.5},{"x":560,"y":77.5},{"x":564,"y":79.5},{"x":568,"y":81.5},{"x":571,"y":83.5},{"x":575,"y":85.5},{"x":579,"y":87.5},{"x":581,"y":90.5},{"x":585,"y":90.5},{"x":586,"y":93.5},{"x":590,"y":93.5},{"x":593,"y":95.5},{"x":596,"y":97.5},{"x":600,"y":99.5},{"x":604,"y":100.5},{"x":606,"y":104.5},{"x":609,"y":107.5},{"x":612,"y":110.5},{"x":614,"y":113.5},{"x":617,"y":114.5},{"x":618,"y":118.5},{"x":621,"y":119.5},{"x":623,"y":122.5},{"x":625,"y":126.5},{"x":626,"y":129.5},{"x":631,"y":138.5},{"x":633,"y":141.5},{"x":634,"y":144.5},{"x":635,"y":149.5},{"x":638,"y":150.5},{"x":641,"y":153.5},{"x":644,"y":156.5},{"x":646,"y":159.5},{"x":650,"y":165.5},{"x":651,"y":169.5},{"x":652,"y":173.5},{"x":656,"y":178.5},{"x":657,"y":184.5},{"x":658,"y":189.5},{"x":661,"y":190.5},{"x":661,"y":195.5},{"x":661,"y":201.5},{"x":662,"y":208.5},{"x":663,"y":211.5},{"x":665,"y":215.5},{"x":667,"y":218.5},{"x":666,"y":221.5},{"x":666,"y":226.5},{"x":668,"y":231.5},{"x":669,"y":237.5},{"x":672,"y":240.5},{"x":673,"y":246.5},{"x":672,"y":249.5},{"x":672,"y":256.5},{"x":672,"y":263.5},{"x":672,"y":269.5},{"x":672,"y":274.5},{"x":672,"y":280.5},{"x":674,"y":288.5},{"x":673,"y":291.5},{"x":675,"y":295.5},{"x":674,"y":301.5},{"x":674,"y":305.5},{"x":674,"y":309.5},{"x":674,"y":314.5},{"x":674,"y":324.5},{"x":673,"y":330.5},{"x":672,"y":334.5},{"x":670,"y":339.5},{"x":668,"y":345.5},{"x":667,"y":349.5},{"x":666,"y":353.5},{"x":665,"y":357.5},{"x":664,"y":362.5},{"x":663,"y":368.5},{"x":661,"y":371.5},{"x":660,"y":376.5},{"x":657,"y":381.5},{"x":656,"y":384.5},{"x":655,"y":387.5},{"x":653,"y":393.5},{"x":652,"y":399.5},{"x":651,"y":402.5},{"x":648,"y":408.5},{"x":646,"y":411.5},{"x":644,"y":414.5},{"x":641,"y":418.5},{"x":639,"y":423.5},{"x":635,"y":426.5},{"x":633,"y":430.5},{"x":628,"y":436.5},{"x":624,"y":441.5},{"x":618,"y":444.5},{"x":616,"y":447.5},{"x":612,"y":454.5},{"x":610,"y":459.5},{"x":606,"y":461.5},{"x":603,"y":464.5},{"x":601,"y":467.5},{"x":600,"y":471.5},{"x":597,"y":474.5},{"x":593,"y":479.5},{"x":590,"y":483.5},{"x":585,"y":487.5},{"x":582,"y":486.5},{"x":578,"y":490.5},{"x":573,"y":492.5},{"x":568,"y":494.5},{"x":565,"y":497.5},{"x":560,"y":498.5},{"x":555,"y":497.5},{"x":550,"y":500.5},{"x":547,"y":501.5},{"x":543,"y":502.5},{"x":538,"y":504.5},{"x":534,"y":505.5},{"x":528,"y":504.5},{"x":520,"y":504.5},{"x":517,"y":505.5},{"x":512,"y":505.5},{"x":507,"y":505.5},{"x":503,"y":503.5},{"x":499,"y":504.5},{"x":500,"y":502.5}]]]],0,0,[],[],[]],[[[0,"balloon-outline-tutorial-json",[[{"x":510,"y":506.5},{"x":506,"y":506.5},{"x":502,"y":506.5},{"x":497,"y":506.5},{"x":493,"y":506.5},{"x":489,"y":506.5},{"x":486,"y":504.5},{"x":483,"y":505.5},{"x":480,"y":503.5},{"x":477,"y":504.5},{"x":473,"y":502.5},{"x":469,"y":501.5},{"x":465,"y":500.5},{"x":461,"y":500.5},{"x":458,"y":499.5},{"x":453,"y":498.5},{"x":450,"y":496.5},{"x":445,"y":495.5},{"x":441,"y":494.5},{"x":436,"y":492.5},{"x":433,"y":491.5},{"x":428,"y":489.5},{"x":425,"y":487.5},{"x":422,"y":488.5},{"x":421,"y":485.5},{"x":417,"y":484.5},{"x":413,"y":482.5},{"x":408,"y":480.5},{"x":405,"y":479.5},{"x":404,"y":476.5},{"x":400,"y":474.5},{"x":397,"y":473.5},{"x":393,"y":468.5},{"x":389,"y":464.5},{"x":384,"y":460.5},{"x":381,"y":459.5},{"x":378,"y":456.5},{"x":374,"y":453.5},{"x":372,"y":450.5},{"x":365,"y":444.5},{"x":362,"y":441.5},{"x":361,"y":438.5},{"x":357,"y":433.5},{"x":354,"y":431.5},{"x":353,"y":428.5},{"x":349,"y":426.5},{"x":346,"y":422.5},{"x":345,"y":419.5},{"x":340,"y":415.5},{"x":339,"y":412.5},{"x":336,"y":407.5},{"x":334,"y":403.5},{"x":333,"y":400.5},{"x":332,"y":397.5},{"x":327,"y":392.5},{"x":325,"y":389.5},{"x":322,"y":382.5},{"x":318,"y":377.5},{"x":317,"y":374.5},{"x":315,"y":369.5},{"x":313,"y":364.5},{"x":311,"y":360.5},{"x":312,"y":357.5},{"x":312,"y":353.5},{"x":311,"y":350.5},{"x":309,"y":347.5},{"x":310,"y":343.5},{"x":308,"y":340.5},{"x":309,"y":335.5},{"x":307,"y":331.5},{"x":305,"y":327.5},{"x":306,"y":324.5},{"x":305,"y":321.5},{"x":303,"y":317.5},{"x":304,"y":312.5},{"x":304,"y":308.5},{"x":304,"y":303.5},{"x":304,"y":299.5},{"x":304,"y":294.5},{"x":306,"y":289.5},{"x":305,"y":284.5},{"x":307,"y":278.5},{"x":306,"y":272.5},{"x":306,"y":266.5},{"x":306,"y":260.5},{"x":308,"y":257.5},{"x":309,"y":254.5},{"x":310,"y":251.5},{"x":309,"y":247.5},{"x":310,"y":243.5},{"x":311,"y":239.5},{"x":312,"y":236.5},{"x":313,"y":230.5},{"x":316,"y":228.5},{"x":315,"y":224.5},{"x":317,"y":218.5},{"x":318,"y":215.5},{"x":319,"y":212.5},{"x":320,"y":208.5},{"x":322,"y":204.5},{"x":323,"y":200.5},{"x":326,"y":198.5},{"x":326,"y":192.5},{"x":330,"y":185.5},{"x":332,"y":180.5},{"x":336,"y":175.5},{"x":339,"y":172.5},{"x":342,"y":170.5},{"x":344,"y":167.5},{"x":344,"y":161.5},{"x":349,"y":156.5},{"x":355,"y":149.5},{"x":358,"y":146.5},{"x":360,"y":142.5},{"x":364,"y":139.5},{"x":367,"y":138.5},{"x":374,"y":133.5},{"x":379,"y":130.5},{"x":382,"y":128.5},{"x":385,"y":127.5},{"x":387,"y":124.5},{"x":391,"y":123.5},{"x":393,"y":120.5},{"x":397,"y":120.5},{"x":400,"y":119.5},{"x":405,"y":117.5},{"x":412,"y":112.5},{"x":414,"y":109.5},{"x":418,"y":109.5},{"x":424,"y":105.5},{"x":429,"y":102.5},{"x":432,"y":100.5},{"x":435,"y":101.5},{"x":437,"y":98.5},{"x":440,"y":97.5},{"x":444,"y":98.5},{"x":448,"y":96.5},{"x":451,"y":93.5},{"x":459,"y":92.5},{"x":467,"y":89.5},{"x":470,"y":88.5},{"x":475,"y":88.5},{"x":480,"y":87.5},{"x":485,"y":85.5},{"x":492,"y":83.5},{"x":498,"y":82.5},{"x":501,"y":83.5},{"x":505,"y":83.5},{"x":510,"y":83.5},{"x":516,"y":83.5},{"x":521,"y":83.5},{"x":525,"y":83.5},{"x":530,"y":83.5},{"x":534,"y":84.5},{"x":541,"y":84.5},{"x":546,"y":84.5},{"x":551,"y":85.5},{"x":554,"y":86.5},{"x":561,"y":88.5},{"x":564,"y":87.5},{"x":569,"y":91.5},{"x":573,"y":91.5},{"x":579,"y":94.5},{"x":583,"y":95.5},{"x":586,"y":97.5},{"x":594,"y":99.5},{"x":599,"y":101.5},{"x":604,"y":105.5},{"x":609,"y":108.5},{"x":613,"y":111.5},{"x":621,"y":113.5},{"x":622,"y":116.5},{"x":630,"y":118.5},{"x":633,"y":122.5},{"x":640,"y":125.5},{"x":643,"y":129.5},{"x":648,"y":130.5},{"x":658,"y":138.5},{"x":664,"y":141.5},{"x":666,"y":145.5},{"x":669,"y":148.5},{"x":670,"y":151.5},{"x":673,"y":154.5},{"x":678,"y":158.5},{"x":681,"y":159.5},{"x":684,"y":163.5},{"x":685,"y":166.5},{"x":689,"y":169.5},{"x":690,"y":175.5},{"x":693,"y":182.5},{"x":695,"y":185.5},{"x":697,"y":189.5},{"x":699,"y":192.5},{"x":702,"y":193.5},{"x":703,"y":208.5},{"x":706,"y":209.5},{"x":708,"y":217.5},{"x":711,"y":220.5},{"x":711,"y":226.5},{"x":713,"y":231.5},{"x":714,"y":235.5},{"x":717,"y":237.5},{"x":715,"y":242.5},{"x":719,"y":244.5},{"x":718,"y":250.5},{"x":720,"y":257.5},{"x":721,"y":261.5},{"x":720,"y":267.5},{"x":723,"y":271.5},{"x":723,"y":275.5},{"x":723,"y":279.5},{"x":723,"y":284.5},{"x":725,"y":292.5},{"x":726,"y":299.5},{"x":726,"y":307.5},{"x":726,"y":311.5},{"x":726,"y":315.5},{"x":725,"y":318.5},{"x":724,"y":322.5},{"x":724,"y":332.5},{"x":722,"y":335.5},{"x":721,"y":339.5},{"x":720,"y":342.5},{"x":720,"y":348.5},{"x":716,"y":353.5},{"x":714,"y":361.5},{"x":714,"y":365.5},{"x":713,"y":370.5},{"x":710,"y":371.5},{"x":708,"y":379.5},{"x":705,"y":384.5},{"x":703,"y":388.5},{"x":701,"y":392.5},{"x":701,"y":396.5},{"x":698,"y":400.5},{"x":695,"y":408.5},{"x":693,"y":413.5},{"x":691,"y":416.5},{"x":689,"y":421.5},{"x":684,"y":425.5},{"x":678,"y":431.5},{"x":676,"y":435.5},{"x":673,"y":437.5},{"x":670,"y":440.5},{"x":669,"y":443.5},{"x":666,"y":445.5},{"x":661,"y":448.5},{"x":656,"y":454.5},{"x":649,"y":461.5},{"x":646,"y":463.5},{"x":642,"y":463.5},{"x":634,"y":469.5},{"x":628,"y":473.5},{"x":626,"y":476.5},{"x":623,"y":477.5},{"x":621,"y":480.5},{"x":614,"y":481.5},{"x":605,"y":487.5},{"x":599,"y":490.5},{"x":594,"y":492.5},{"x":587,"y":494.5},{"x":584,"y":495.5},{"x":577,"y":498.5},{"x":574,"y":500.5},{"x":570,"y":502.5},{"x":566,"y":502.5},{"x":561,"y":504.5},{"x":558,"y":503.5},{"x":550,"y":503.5},{"x":546,"y":505.5},{"x":539,"y":506.5},{"x":534,"y":506.5},{"x":531,"y":508.5},{"x":528,"y":507.5},{"x":523,"y":507.5},{"x":519,"y":507.5},{"x":513,"y":507.5},{"x":509,"y":507.5},{"x":505,"y":507.5},{"x":503,"y":507.5}]]]],0,0,[],[],[]],[[{"name":"arrow-outline","rect":[36,65,945,501],"offset":[8.5,-9.5],"originalSize":[1000,612],"capInsets":[0,0,0,0]}],[0],0,[0],[0],[13]],[["0,9729,9729,33071,33071,0,0,1",-1],[1],0,[],[],[]],[[{"name":"arrow-outline-tutorial","rect":[26,42,970,547],"offset":[11,-9.5],"originalSize":[1000,612],"capInsets":[0,0,0,0]}],[0],0,[0],[0],[14]],[["0,9729,9729,33071,33071,0,0,1",-1],[1],0,[],[],[]],[["0,9729,9729,33071,33071,0,0,1",-1],[1],0,[],[],[]],[[{"name":"flower-outline-tutorial","rect":[187,2,640,608],"offset":[7,0],"originalSize":[1000,612],"capInsets":[0,0,0,0]}],[0],0,[0],[0],[15]],[["0,9729,9729,33071,33071,0,0,1",-1],[1],0,[],[],[]],[[[0,"mr0501",{"rows":[["drawshape","1","Description","arrow-outline-tutorial.png"],["drawshape","1","Description","balloon-outline-tutorial.png"],["drawshape","1","Description","bird-outline-tutorial.png"],["drawshape","1","Description","box-outline-tutorial.png"],["drawshape","1","Description","dog-outline-tutorial.png"],["drawshape","1","Description","egg-outline-tutorial.png"],["drawshape","1","Description","flower-outline-tutorial.png"],["drawshape","1","Description","heart-outline-tutorial.png"]]}]],0,0,[],[],[]]]]