[1,["06I4SPcjNEm5EKKaBg+6c4","afhUqlzOVC4L+VeFJDg6fG"],["_textureSetter"],["cc.Texture2D","cc.SpriteFrame",["cc.JsonAsset",["_name","json"],1],["cc.AudioClip",["_name","_native","duration"],0]],[[2,0,1,3],[3,0,1,2,4]],[[["0,9729,9729,33071,33071,0,0,1",-1],[0],0,[],[],[]],[[[0,"hi0914",{"rows":[["openwindow","1","Description","LEGIT","कं,घी","कंघी.png","हवाई_जहाज.png","कंघी.mp3","ज,ग,न,ल,फ,छा,ता,र,थ,व,न,घ,ट्र,क,घो,ड़ा,हा,थी,आ,म,स"],["bubbletype","1","Description","10","6","के कै को कौ कं कः","","","","","","के कै को कौ कं कः"],["quizliteracy","1","Description","word_word","कं","कौ","कं","कृ","","कं"],["quizliteracy","1","Description","word_word","कंघी","कान","कंघी","कौन","","कंघी"]]}]],0,0,[],[],[]],[[{"name":"हवाई_जहाज","rect":[0,0,193,153],"offset":[0,0],"originalSize":[193,153],"capInsets":[0,0,0,0]}],[1],0,[0],[0],[0]],[[{"name":"कंघी","rect":[0,0,193,153],"offset":[0,0],"originalSize":[193,153],"capInsets":[0,0,0,0]}],[1],0,[0],[0],[1]],[["0,9729,9729,33071,33071,0,0,1",-1],[0],0,[],[],[]],[[[1,"कंघी",".mp3",0.757551],-1],0,0,[],[],[]]]]