[1,["b1uszdI3pM7KqlMcwA/rqO","82PqF1IGhCDbTQaO66bsJd","d42M6ueidFx7WFs2toQGe2","f5eTad5KZMaqctxfTIXJDq","93Dt7X85VE+JXxK5A4hyNa","cbD0eTfFZBSZDe3poTHvvG","d9NFgB3IZC8b7wk24Ek/i/","0cD5TlsG1B6pNnEqO6YG7u"],["_textureSetter"],["cc.SpriteFrame","cc.Texture2D",["cc.AudioClip",["_name","_native","duration"],0],["cc.JsonAsset",["_name","json"],1]],[[2,0,1,2,4],[3,0,1,3]],[[[{"name":"image_24_1","rect":[0,0,845,695],"offset":[0,0],"originalSize":[845,695],"capInsets":[0,0,0,0]}],[0],0,[0],[0],[0]],[["1,9729,9729,33071,33071,0,0,1",-1],[1],0,[],[],[]],[[[0,"लिफ़ाफ़ा",".mp3",0.940408],-1],0,0,[],[],[]],[[[0,"पैकेज",".mp3",0.757551],-1],0,0,[],[],[]],[[[0,"मकान",".mp3",0.757551],-1],0,0,[],[],[]],[[[0,"ऊपर",".mp3",0.600816],-1],0,0,[],[],[]],[[[0,"नीचे",".mp3",0.914286],-1],0,0,[],[],[]],[[[0,"पता",".mp3",0.626939],-1],0,0,[],[],[]],[[[0,"ढाल",".mp3",0.705306],-1],0,0,[],[],[]],[[[0,"हवाई_अड्डा",".mp3",1.227755],-1],0,0,[],[],[]],[[[0,"सडक",".mp3",0.653061],-1],0,0,[],[],[]],[[[0,"संज्ञा_शब्द_चुनें",".mp3",2.592],-1],0,0,[],[],[]],[[[0,"खेत",".mp3",0.653061],-1],0,0,[],[],[]],[[[0,"बाल्टी",".mp3",0.914286],-1],0,0,[],[],[]],[[[0,"स्थान",".mp3",2.612245],-1],0,0,[],[],[]],[[[0,"नियंत्रण_टॉवर",".mp3",1.227755],-1],0,0,[],[],[]],[[[0,"सीढ़ी",".mp3",0.705306],-1],0,0,[],[],[]],[[[0,"गाँव",".mp3",0.679184],-1],0,0,[],[],[]],[[{"name":"image_23_2","rect":[0,0,845,695],"offset":[0,0],"originalSize":[845,695],"capInsets":[0,0,0,0]}],[0],0,[0],[0],[1]],[["1,9729,9729,33071,33071,0,0,1",-1],[1],0,[],[],[]],[[{"name":"image_23_3","rect":[0,0,845,695],"offset":[0,0],"originalSize":[845,695],"capInsets":[0,0,0,0]}],[0],0,[0],[0],[2]],[[[0,"पोस्टकार्ड",".mp3",0.888163],-1],0,0,[],[],[]],[[[0,"झूला",".mp3",0.757551],-1],0,0,[],[],[]],[[{"name":"image_23_4","rect":[0,0,845,695],"offset":[0,0],"originalSize":[845,695],"capInsets":[0,0,0,0]}],[0],0,[0],[0],[3]],[[[0,"पत्र",".mp3",0.548571],-1],0,0,[],[],[]],[["1,9729,9729,33071,33071,0,0,1",-1],[1],0,[],[],[]],[[{"name":"image_24_4","rect":[0,0,845,695],"offset":[0,0],"originalSize":[845,695],"capInsets":[0,0,0,0]}],[0],0,[0],[0],[4]],[[[0,"गाय",".mp3",0.757551],-1],0,0,[],[],[]],[[{"name":"image_24_2","rect":[0,0,845,695],"offset":[0,0],"originalSize":[845,695],"capInsets":[0,0,0,0]}],[0],0,[0],[0],[5]],[["1,9729,9729,33071,33071,0,0,1",-1],[1],0,[],[],[]],[[[0,"उतार_चढ़ाव",".mp3",2.112],-1],0,0,[],[],[]],[[[0,"फिसल_पट्टी",".mp3",1.123265],-1],0,0,[],[],[]],[[[0,"खेल_का_मैदान",".mp3",1.358367],-1],0,0,[],[],[]],[[[0,"मार्ग",".mp3",0.653061],-1],0,0,[],[],[]],[[[0,"पीछे",".mp3",0.705306],-1],0,0,[],[],[]],[[[0,"पहाड",".mp3",0.626939],-1],0,0,[],[],[]],[[[0,"स्टांप",".mp3",2.873469],-1],0,0,[],[],[]],[["1,9729,9729,33071,33071,0,0,1",-1],[1],0,[],[],[]],[["1,9729,9729,33071,33071,0,0,1",-1],[1],0,[],[],[]],[[[0,"दूध",".mp3",0.548571],-1],0,0,[],[],[]],[[[0,"में",".mp3",0.626939],-1],0,0,[],[],[]],[["1,9729,9729,33071,33071,0,0,1",-1],[1],0,[],[],[]],[[[0,"मेल",".mp3",0.626939],-1],0,0,[],[],[]],[[{"name":"image_24_3","rect":[0,0,845,695],"offset":[0,0],"originalSize":[845,695],"capInsets":[0,0,0,0]}],[0],0,[0],[0],[6]],[[[0,"विमान",".mp3",0.809796],-1],0,0,[],[],[]],[[{"name":"image_23_1","rect":[0,0,845,695],"offset":[0,0],"originalSize":[845,695],"capInsets":[0,0,0,0]}],[0],0,[0],[0],[7]],[[[0,"पेड़",".mp3",2.638367],-1],0,0,[],[],[]],[[[1,"hi1406",{"rows":[["tag","1","Description","image_24_1.jpg","स्थान","280.-1520","स्थान.mp3","ऊपर ","1105.-513","ऊपर.mp3","नीचे","412.-1288","नीचे.mp3","में","409.-405","में.mp3","पीछे","1103.-1029","पीछे.mp3"],["tag","1","Description","image_24_2.jpg","फिसल पट्टी","280.-1520","फिसल_पट्टी.mp3","सीढ़ी","1325.-620","सीढ़ी.mp3","ढाल","335.-896","ढाल.mp3","ऊपर","955.-1073","ऊपर.mp3","नीचे","223.-494","नीचे.mp3"],["tag","1","Description","image_24_3.jpg","पत्र","718.-1324","पत्र.mp3","लिफ़ाफ़ा","358.-1038","लिफ़ाफ़ा.mp3","स्टांप","1267.-1008","स्टांप.mp3","पता","884.-686","पता.mp3"],["tag","1","Description","image_24_4.jpg","मेल","280.-1520","मेल.mp3","पत्र","1023.-1312","पत्र.mp3","पोस्टकार्ड","544.-986","पोस्टकार्ड.mp3","पैकेज","251.-592","पैकेज.mp3"],["tag","1","Description","image_23_1.jpg","खेल का मैदान","280.-1520","खेल_का_मैदान.mp3","फिसल पट्टी","1096.-968","फिसल_पट्टी.mp3","झूला","1311.-518","झूला.mp3","उतार चढ़ाव","307.-513","उतार_चढ़ाव.mp3"],["tag","1","Description","image_23_2.jpg","हवाई अड्डा","280.-1520","हवाई_अड्डा.mp3","विमान","691.-559","विमान.mp3","मार्ग","481.-1222","मार्ग.mp3","नियंत्रण टॉवर","1058.-1162","नियंत्रण_टॉवर.mp3"],["tag","1","Description","image_23_3.jpg","गाँव","280.-1520","गाँव.mp3","मकान","262.-1205","मकान.mp3","सड़क","884.-571","सडक.mp3","पहाड़","1008.-1074","पहाड.mp3","पेड़","1264.-827","पेड़.mp3"],["tag","1","Description","image_23_4.jpg","खेत","280.-1520","खेत.mp3","किसान","1053.-1178","किसान.mp3","गाय","242.-838","गाय.mp3","दूध","1381.-823","दूध.mp3","बाल्टी","416.-420","बाल्टी.mp3"],["quizliteracy","1","Description","sentence_sentence","पोस्टकार्ड","पोस्टकार्ड","वह","तू","","संज्ञा शब्द चुनें","संज्ञा_शब्द_चुनें.mp3"],["quizliteracy","1","Description","sentence_sentence","पत्र","पपीता","पत्र","आप","","संज्ञा शब्द चुनें","संज्ञा_शब्द_चुनें.mp3"],["quizliteracy","1","Description","sentence_sentence","मेल","वह","मछली","मेल","","संज्ञा शब्द चुनें","संज्ञा_शब्द_चुनें.mp3"],["quizliteracy","1","Description","sentence_sentence","मकान","उसे","क्या","मकान","","संज्ञा शब्द चुनें","संज्ञा_शब्द_चुनें.mp3"]]}]],0,0,[],[],[]],[[[0,"किसान",".mp3",0.705306],-1],0,0,[],[],[]],[["1,9729,9729,33071,33071,0,0,1",-1],[1],0,[],[],[]]]]