[1,["94H+n9TrdHs7x/w2oLv/Nz","af5yHkX0hAH42MUWkTMcgQ","01u6NIhwdNq6zXXM+L/Zsb","fakrWAUcFLa4Tb5wbWurLX","c436wFC8VJ07Lpubepf9im","e78St70BhOi6Du99lV9Knu","924yF7Ff5GNaEjDul+Axy3"],["_textureSetter"],["cc.Texture2D","cc.SpriteFrame",["cc.JsonAsset",["_name","json"],1],["cc.AudioClip",["_name","_native","duration"],0]],[[3,0,1,2,4],[2,0,1,3]],[[["1,9729,9729,33071,33071,0,0,1",-1],[0],0,[],[],[]],[[{"name":"The_ballbounces","rect":[0,0,1073,772],"offset":[0,0],"originalSize":[1073,772],"capInsets":[0,0,0,0]}],[1],0,[0],[0],[0]],[[[1,"hi1300",{"rows":[["createsentence","1","Description","जय/खाता/है|","","I_eat.jpg","जय_खाता_है.mp3"],["createsentence","1","Description","राम/पढ़ता/है|","","Ranireadsmanybooks.jpg","राम_पढ़ता_है.mp3"],["createsentence","1","Description","रोहन/खेलता/है|","","rohanplays.jpg","रोहन_खेलता_है.mp3"],["createsentence","1","Description","मारिया/तैरती/है|","","Weswamyesterday.jpg","मारिया_तैरती_है.mp3"],["createsentence","1","Description","कोमल/चलती/है|","","komalwalks.jpg","कोमल_चलती_है.mp3"],["createsentence","1","Description","पौधा/बढ़ता/है|","","The_plantgrows_(2).jpg","पौधा_बढ़ता_है.mp3"],["createsentence","1","Description","गेंद/उछलती/है|","","The_ballbounces.jpg","गेंद_उछलती_है.mp3"],["quizliteracy","1","Description","image_sentence","जय खाता है|","जय खाता है|","जय पीता है|","जय सो रहा है|","I_eat.jpg","","जय_खाता_है.mp3"],["quizliteracy","1","Description","sentence_sentence","रोहन खेलता है|","रोहन सो रहा है|","रोहन खेलता है|","रोहन रो रहा है|","","सही चुनें","रोहन_खेलता_है.mp3"],["quizliteracy","1","Description","soundonly_image","komalwalks.jpg","I_eat.jpg","The_ballbounces.jpg","komalwalks.jpg","","","कोमल_चलती_है.mp3"],["quizliteracy","1","Description","soundonly_sentence","गेंद उछलती है|","रोहन खेलता है|","गेंद उछलती है|","जय खाता है|","","","गेंद_उछलती_है.mp3"]]}]],0,0,[],[],[]],[[{"name":"I_eat","rect":[0,0,1073,577],"offset":[0,0],"originalSize":[1073,577],"capInsets":[0,0,0,0]}],[1],0,[0],[0],[1]],[[[0,"कोमल_चलती_है",".mp3",1.462857],-1],0,0,[],[],[]],[[[0,"राम_पढ़ता_है",".mp3",1.306122],-1],0,0,[],[],[]],[[[0,"जय_खाता_है",".mp3",1.227755],-1],0,0,[],[],[]],[[[0,"मारिया_तैरती_है",".mp3",1.48898],-1],0,0,[],[],[]],[[[0,"गेंद_उछलती_है",".mp3",1.462857],-1],0,0,[],[],[]],[["1,9729,9729,33071,33071,0,0,1",-1],[0],0,[],[],[]],[["1,9729,9729,33071,33071,0,0,1",-1],[0],0,[],[],[]],[[[0,"रोहन_खेलता_है",".mp3",1.541224],-1],0,0,[],[],[]],[[{"name":"komalwalks","rect":[0,0,1073,1188],"offset":[0,0],"originalSize":[1073,1188],"capInsets":[0,0,0,0]}],[1],0,[0],[0],[2]],[[[0,"पौधा_बढ़ता_है",".mp3",1.567347],-1],0,0,[],[],[]],[[{"name":"The_plantgrows_(2)","rect":[0,0,1073,824],"offset":[0,0],"originalSize":[1073,824],"capInsets":[0,0,0,0]}],[1],0,[0],[0],[3]],[[{"name":"Weswamyesterday","rect":[0,0,1073,577],"offset":[0,0],"originalSize":[1073,577],"capInsets":[0,0,0,0]}],[1],0,[0],[0],[4]],[["1,9729,9729,33071,33071,0,0,1",-1],[0],0,[],[],[]],[[{"name":"rohanplays","rect":[0,0,1073,577],"offset":[0,0],"originalSize":[1073,577],"capInsets":[0,0,0,0]}],[1],0,[0],[0],[5]],[[{"name":"Ranireadsmanybooks","rect":[0,0,1073,514],"offset":[0,0],"originalSize":[1073,514],"capInsets":[0,0,0,0]}],[1],0,[0],[0],[6]],[["1,9729,9729,33071,33071,0,0,1",-1],[0],0,[],[],[]],[["1,9729,9729,33071,33071,0,0,1",-1],[0],0,[],[],[]],[["1,9729,9729,33071,33071,0,0,1",-1],[0],0,[],[],[]]]]