[1,["cdWWSUOcRLjIyK4NiLbhe0","f5/htIzfBIgZM2vR2pEK2Z","18ubkgfexAKpGTecIiYg+q","a5sQMdf3REC5O6yiqRR5kj","e1lLWgGJVGirAa+m44I6Xd","84DfGo3NNLUK38djrc3QXx"],["_textureSetter"],["cc.Texture2D","cc.SpriteFrame",["cc.AudioClip",["_name","_native","duration"],0],["cc.JsonAsset",["_name","json"],1]],[[2,0,1,2,4],[3,0,1,3]],[[["0,9729,9729,33071,33071,0,0,1",-1],[0],0,[],[],[]],[[[0,"ನಾರದ",".mp3",0.816],-1],0,0,[],[],[]],[[[0,"ಹರ",".mp3",0.6],-1],0,0,[],[],[]],[[[1,"kn4310",{"rows":[["spelldoor","1","Description","ಹರ","**","0","0","shiva.png","ಹರ.mp3"],["spelldoor","1","Description","ಮಸೀದಿ ","ಮ*ದಿ","0","0","mosque.png","ಮಸೀದಿ.mp3"],["rocket","1","Description","ಔಡಲ","ಔ,ಡ,ಲ","ಔ,ಡ,ಲ","ಔಡಲ.mp3","castoroilplant.png","False","False"],["spelldoor","1","Description","ಶರೀರ ","ಶ*ರ","0","0","body.png","ಶರೀರ.mp3"],["spelldoor","1","Description","ಜುಮಕಿ ","ಜು*ಕಿ ","0","0","jhumka .png","ಜುಮಕಿ.mp3"],["spelldoor","1","Description","ನಾರದ ","***","0","0","narada.png","ನಾರದ.mp3"]]}]],0,0,[],[],[]],[[{"name":"narada","rect":[0,0,512,384],"offset":[0,0],"originalSize":[512,384],"capInsets":[0,0,0,0]}],[1],0,[0],[0],[0]],[[{"name":"shiva","rect":[0,0,383,512],"offset":[0,0],"originalSize":[383,512],"capInsets":[0,0,0,0]}],[1],0,[0],[0],[1]],[[{"name":"mosque","rect":[0,0,512,341],"offset":[0,0],"originalSize":[512,341],"capInsets":[0,0,0,0]}],[1],0,[0],[0],[2]],[[[0,"ಔಡಲ",".mp3",1.08],-1],0,0,[],[],[]],[["0,9729,9729,33071,33071,0,0,1",-1],[0],0,[],[],[]],[[{"name":"jhumka ","rect":[0,0,512,493],"offset":[0,0],"originalSize":[512,493],"capInsets":[0,0,0,0]}],[1],0,[0],[0],[3]],[[[0,"ಮಸೀದಿ",".mp3",0.864],-1],0,0,[],[],[]],[["0,9729,9729,33071,33071,0,0,1",-1],[0],0,[],[],[]],[[{"name":"castoroilplant","rect":[0,0,500,333],"offset":[0,0],"originalSize":[500,333],"capInsets":[0,0,0,0]}],[1],0,[0],[0],[4]],[["0,9729,9729,33071,33071,0,0,1",-1],[0],0,[],[],[]],[[[0,"ಶರೀರ",".mp3",0.84],-1],0,0,[],[],[]],[["0,9729,9729,33071,33071,0,0,1",-1],[0],0,[],[],[]],[[{"name":"body","rect":[0,0,341,512],"offset":[0,0],"originalSize":[341,512],"capInsets":[0,0,0,0]}],[1],0,[0],[0],[5]],[["0,9729,9729,33071,33071,0,0,1",-1],[0],0,[],[],[]],[[[0,"ಜುಮಕಿ",".mp3",0.864],-1],0,0,[],[],[]]]]