[1,["1bJATx3dVL46cetR4G+FQG","d0cUkloMpHpImmHVv4dfnl","0fJlzjyr5LZbfNj62wNYuo","00KsDd02NFH7jX5DtW7mY9","6boeUjGlNM55Xr9EoexACV","00VeSiwkNILqHn1jllueoE","0dQRH+1NhOJJcWyb48v/WJ","3a4VbjUdNPoKzA2+r2g9hF","98Fjp86npL6oBhZ/ZHjXc3","c0TKvBGABE/JkPmu3VPBVC","b75B2JK8RDOIufH+JHhAvZ"],["_textureSetter"],["cc.Texture2D","cc.SpriteFrame",["cc.AudioClip",["_name","_native","duration"],0],["cc.JsonAsset",["_name","json"],1]],[[2,0,1,2,4],[3,0,1,3]],[[["0,9729,9729,33071,33071,0,0,1",-1],[0],0,[],[],[]],[["0,9729,9729,33071,33071,0,0,1",-1],[0],0,[],[],[]],[[[0,"ಲವಣ",".mp3",0.72],-1],0,0,[],[],[]],[[[0,"ಊಟ",".mp3",1.128],-1],0,0,[],[],[]],[["0,9729,9729,33071,33071,0,0,1",-1],[0],0,[],[],[]],[[{"name":"karagafestival","rect":[0,0,512,341],"offset":[0,0],"originalSize":[512,341],"capInsets":[0,0,0,0]}],[1],0,[0],[0],[0]],[["0,9729,9729,33071,33071,0,0,1",-1],[0],0,[],[],[]],[[[0,"ಕರಗ",".mp3",0.72],-1],0,0,[],[],[]],[[[1,"kn0305",{"rows":[["rocket","1","Description","ಲವಣ","ಲ,ವ,ಣ","ಲ,ವ,ಣ","ಲವಣ.mp3","salt.png","False","False"],["spelldoor","1","Description","ಅಗಲ","ಅಗ*","0","0","wide.png","ಅಗಲ.mp3"],["rocket","1","Description","ಈಚಲ","ಈ,ಚ,ಲ","ಈ,ಚ,ಲ","ಈಚಲ.mp3","palm tree.png","False","False"],["spelldoor","1","Description","ಊಟ","*ಟ","0","0","meal.png","ಊಟ.mp3"],["rocket","1","Description","ಕಡಗ","ಕ,ಡ,ಗ","ಕ,ಡ,ಗ","ಕಡಗ.mp3","bracelet.png","False","False"],["spelldoor","1","Description","ಕದ","ಕ*","0","0","door.png","ಕದ.mp3"],["rocket","1","Description","ಕರ","ಕ,ರ","ಕ,ರ","ಕರ.mp3","hand.png","False","False"],["spelldoor","1","Description","ಕಟಕ","*ಟಕ","0","0","crab.png","ಕಟಕ.mp3"],["rocket","1","Description","ಕರಟ","ಕ,ರ,ಟ","ಕ,ರ,ಟ","ಕರಟ.mp3","coconutshell.png","False","False"],["spelldoor","1","Description","ಕಮಲ","ಕಮ*","0","0","lotus.png","ಕಮಲ.mp3"],["rocket","1","Description","ಕರಗ","ಕ,ರ,ಗ","ಕ,ರ,ಗ","ಕರಗ.mp3","karagafestival.png","False","False"],["quizliteracy","1","Description","word_word","ಲ","ಈ","ಲ","ಕ","","_ವಣ","ಲವಣ.mp3"],["quizliteracy","1","Description","word_word","ಈ","ಲ","ಕ","ಈ","","_ಚಲ","ಈಚಲ.mp3"],["quizliteracy","1","Description","word_word","ಕ","ಕ","ಈ","ಲ","","_ರಟ","ಕರಟ.mp3"]]}]],0,0,[],[],[]],[[{"name":"door","rect":[0,0,375,500],"offset":[0,0],"originalSize":[375,500],"capInsets":[0,0,0,0]}],[1],0,[0],[0],[1]],[["0,9729,9729,33071,33071,0,0,1",-1],[0],0,[],[],[]],[[{"name":"salt","rect":[0,0,500,375],"offset":[0,0],"originalSize":[500,375],"capInsets":[0,0,0,0]}],[1],0,[0],[0],[2]],[["0,9729,9729,33071,33071,0,0,1",-1],[0],0,[],[],[]],[[{"name":"hand","rect":[0,0,500,500],"offset":[0,0],"originalSize":[500,500],"capInsets":[0,0,0,0]}],[1],0,[0],[0],[3]],[[[0,"ಅಗಲ",".mp3",1.176],-1],0,0,[],[],[]],[[{"name":"palm tree","rect":[0,0,383,512],"offset":[0,0],"originalSize":[383,512],"capInsets":[0,0,0,0]}],[1],0,[0],[0],[4]],[[[0,"ಕಡಗ",".mp3",0.72],-1],0,0,[],[],[]],[[[0,"ಕಮಲ",".mp3",0.72],-1],0,0,[],[],[]],[["0,9729,9729,33071,33071,0,0,1",-1],[0],0,[],[],[]],[[[0,"ಕದ",".mp3",0.624],-1],0,0,[],[],[]],[[{"name":"lotus","rect":[0,0,500,333],"offset":[0,0],"originalSize":[500,333],"capInsets":[0,0,0,0]}],[1],0,[0],[0],[5]],[[{"name":"coconutshell","rect":[0,0,512,412],"offset":[0,0],"originalSize":[512,412],"capInsets":[0,0,0,0]}],[1],0,[0],[0],[6]],[["0,9729,9729,33071,33071,0,0,1",-1],[0],0,[],[],[]],[[[0,"ಕಟಕ",".mp3",0.768],-1],0,0,[],[],[]],[[[0,"ಕರಟ",".mp3",0.72],-1],0,0,[],[],[]],[[{"name":"bracelet","rect":[0,0,500,332],"offset":[0,0],"originalSize":[500,332],"capInsets":[0,0,0,0]}],[1],0,[0],[0],[7]],[["0,9729,9729,33071,33071,0,0,1",-1],[0],0,[],[],[]],[["0,9729,9729,33071,33071,0,0,1",-1],[0],0,[],[],[]],[[{"name":"crab","rect":[0,0,410,512],"offset":[0,0],"originalSize":[410,512],"capInsets":[0,0,0,0]}],[1],0,[0],[0],[8]],[[{"name":"meal","rect":[0,0,500,333],"offset":[0,0],"originalSize":[500,333],"capInsets":[0,0,0,0]}],[1],0,[0],[0],[9]],[[{"name":"wide","rect":[0,0,512,341],"offset":[0,0],"originalSize":[512,341],"capInsets":[0,0,0,0]}],[1],0,[0],[0],[10]],[["0,9729,9729,33071,33071,0,0,1",-1],[0],0,[],[],[]],[[[0,"ಕರ",".mp3",0.576],-1],0,0,[],[],[]],[[[0,"ಈಚಲ",".mp3",1.008],-1],0,0,[],[],[]]]]