[1,["86hLa6ynBLKabIqTFDRbvk","01uMm+7hpMVqWnwuso8UK2","530TvhPE1Er54aSWe75mbE","a6AtQx3T5DgZZGLyrFaUnE","a0NVc9YUtIzJEg9aHqcQPd","b6MorojG1PzKJbHDreZ99A","b9lM5H2i5Ok5pPfB/fUQF2","d7hpbBsORN1KTLIh06raSp"],["_textureSetter"],["cc.Texture2D","cc.SpriteFrame",["cc.AudioClip",["_name","_native","duration"],0],["cc.JsonAsset",["_name","json"],1]],[[2,0,1,2,4],[3,0,1,3]],[[["0,9729,9729,33071,33071,0,0,1",-1],[0],0,[],[],[]],[[[0,"school",".mp3",1.128],-1],0,0,[],[],[]],[[[0,"toilet",".mp3",1.104],-1],0,0,[],[],[]],[[{"name":"school","rect":[59,64,454,304],"offset":[-4,14],"originalSize":[580,460],"capInsets":[0,0,0,0]}],[1],0,[0],[0],[0]],[[[0,"number",".mp3",1.056],-1],0,0,[],[],[]],[["0,9729,9729,33071,33071,0,0,1",-1],[0],0,[],[],[]],[[[0,"basket",".mp3",1.368],-1],0,0,[],[],[]],[[{"name":"number","rect":[25,15,140,112],"offset":[-1.5,5.5],"originalSize":[193,153],"capInsets":[0,0,0,0]}],[1],0,[0],[0],[1]],[[[0,"flower",".mp3",1.08],-1],0,0,[],[],[]],[[{"name":"toilet","rect":[140,39,293,373],"offset":[-3.5,4.5],"originalSize":[580,460],"capInsets":[0,0,0,0]}],[1],0,[0],[0],[2]],[["0,9729,9729,33071,33071,0,0,1",-1],[0],0,[],[],[]],[[{"name":"flower","rect":[0,0,400,290],"offset":[0,0],"originalSize":[400,290],"capInsets":[0,0,0,0]}],[1],0,[0],[0],[3]],[[[0,"potato",".mp3",1.224],-1],0,0,[],[],[]],[[{"name":"desert","rect":[8,37,173,91],"offset":[-2,-6],"originalSize":[193,153],"capInsets":[0,0,0,0]}],[1],0,[0],[0],[4]],[["0,9729,9729,33071,33071,0,0,1",-1],[0],0,[],[],[]],[["0,9729,9729,33071,33071,0,0,1",-1],[0],0,[],[],[]],[[[1,"en2103",{"rows":[["writeword","1","Description","flower","flower.png","flower.mp3"],["writeword","1","Description","potato","potato.png","potato.mp3"],["writeword","1","Description","donkey","donkey.png","donkey.mp3"],["writeword","1","Description","desert","desert.png","desert.mp3"],["writeword","1","Description","basket","basket.png","basket.mp3"],["writeword","1","Description","school","school.png","school.mp3"],["writeword","1","Description","toilet","toilet.png","toilet.mp3"],["writeword","1","Description","number","number.png","number.mp3"],["quizliteracy","1","Description","image_word","flower","flower","potato","desert","flower.png"],["quizliteracy","1","Description","image_word","potato","school","flower","potato","potato.png"],["quizliteracy","1","Description","soundonly_image","basket.png","potato.png","basket.png","school.png","","","basket.mp3"],["quizliteracy","1","Description","image_word","toilet","flower","toilet","basket","toilet.png"],["quizliteracy","1","Description","image_word","donkey","donkey","bear","leopard","donkey.png"]]}]],0,0,[],[],[]],[["0,9729,9729,33071,33071,0,0,1",-1],[0],0,[],[],[]],[[{"name":"donkey","rect":[182,30,263,370],"offset":[23.5,15],"originalSize":[580,460],"capInsets":[0,0,0,0]}],[1],0,[0],[0],[5]],[["0,9729,9729,33071,33071,0,0,1",-1],[0],0,[],[],[]],[[[0,"donkey",".mp3",1.272],-1],0,0,[],[],[]],[[{"name":"basket","rect":[128,64,308,329],"offset":[-8,1.5],"originalSize":[580,460],"capInsets":[0,0,0,0]}],[1],0,[0],[0],[6]],[["0,9729,9729,33071,33071,0,0,1",-1],[0],0,[],[],[]],[[[0,"desert",".mp3",1.272],-1],0,0,[],[],[]],[[{"name":"potato","rect":[72,98,452,295],"offset":[8,-15.5],"originalSize":[580,460],"capInsets":[0,0,0,0]}],[1],0,[0],[0],[7]]]]