[1,["e0Ac3GqwRBZ7q892FccPHZ","825TRXdRpLa5JtQ0KWahUM","54o0uRdHlNRKLvg5qPOahH","99sLKbQC9JXI3t8mbbO8WF","5asmmVHbdMwoVLwCUdgDoJ","0cxRWj5hdJLKIH6hSNDfNY"],["_textureSetter"],["cc.Texture2D","cc.SpriteFrame",["cc.AudioClip",["_name","_native","duration"],0],["cc.JsonAsset",["_name","json"],1]],[[2,0,1,2,4],[3,0,1,3]],[[["0,9729,9729,33071,33071,0,0,1",-1],[0],0,[],[],[]],[[{"name":"juice","rect":[0,0,341,512],"offset":[0,0],"originalSize":[341,512],"capInsets":[0,0,0,0]}],[1],0,[0],[0],[0]],[[{"name":"town","rect":[0,0,341,512],"offset":[0,0],"originalSize":[341,512],"capInsets":[0,0,0,0]}],[1],0,[0],[0],[1]],[["0,9729,9729,33071,33071,0,0,1",-1],[0],0,[],[],[]],[["0,9729,9729,33071,33071,0,0,1",-1],[0],0,[],[],[]],[[[0,"ಸಗರ",".mp3",0.744],-1],0,0,[],[],[]],[["0,9729,9729,33071,33071,0,0,1",-1],[0],0,[],[],[]],[[{"name":"king","rect":[0,0,384,512],"offset":[0,0],"originalSize":[384,512],"capInsets":[0,0,0,0]}],[1],0,[0],[0],[2]],[["0,9729,9729,33071,33071,0,0,1",-1],[0],0,[],[],[]],[[[0,"ಅರಸ",".mp3",1.08],-1],0,0,[],[],[]],[[{"name":"dasara","rect":[0,0,512,341],"offset":[0,0],"originalSize":[512,341],"capInsets":[0,0,0,0]}],[1],0,[0],[0],[3]],[[[0,"ರಸ",".mp3",0.696],-1],0,0,[],[],[]],[["0,9729,9729,33071,33071,0,0,1",-1],[0],0,[],[],[]],[[{"name":"washerman","rect":[0,0,512,512],"offset":[0,0],"originalSize":[512,512],"capInsets":[0,0,0,0]}],[1],0,[0],[0],[4]],[[{"name":"darga","rect":[0,0,500,375],"offset":[0,0],"originalSize":[500,375],"capInsets":[0,0,0,0]}],[1],0,[0],[0],[5]],[[[0,"ಅಗಸ",".mp3",1.056],-1],0,0,[],[],[]],[[[1,"kn0601",{"rows":[["writeword","1","Description","ರಸ","juice.png","ರಸ.mp3"],["writeword","1","Description","ಅರಸ","king.png","ಅರಸ.mp3"],["writeword","1","Description","ದಸರ","dasara.png","ದಸರ.mp3"],["writeword","1","Description","ಅಗಸ","washerman.png","ಅಗಸ.mp3"],["writeword","1","Description","ದರಗ","darga.png","ದರಗ.mp3"],["quizliteracy","1","Description","image_word","ರಸ","ರಸ","ದರ","ಸರ","juice.png"],["quizliteracy","1","Description","image_word","ಅಗಸ","ಸರ","ಅಗಸ","ರಸ","washerman.png"],["quizliteracy","1","Description","image_word","ದರಗ","ದಸರ","ಅರಸ","ದರಗ","darga.png"]]}]],0,0,[],[],[]],[[[0,"ದರಗ",".mp3",0.744],-1],0,0,[],[],[]],[[[0,"ದಸರ",".mp3",0.744],-1],0,0,[],[],[]]]]