[1,["72tjP+KC1CUpOqgwOZmuWh","5ecvhrNAhFY4UWDrFUa/yd","6fsIYvez9CRooyHjjCGFJs","f9QjLax8hIerFw8tbfhbeS","4dd739Xs9IVINkI5EU+lJa","aehHeo4c5B/4GPoCWatS9o"],["_textureSetter"],["cc.SpriteFrame","cc.Texture2D",["cc.AudioClip",["_name","_native","duration"],0],["cc.JsonAsset",["_name","json"],1]],[[2,0,1,2,4],[3,0,1,3]],[[[[0,"mouse",".mp3",0.9405],-1],0,0,[],[],[]],[[{"name":"ap_puzzle5_eagle2_puzzle","rect":[5,6,353,192],"offset":[0,3],"originalSize":[363,210],"capInsets":[0,0,0,0]}],[0],0,[0],[0],[0]],[["1,9729,9729,33071,33071,0,0,1",-1],[1],0,[],[],[]],[["0,9729,9729,33071,33071,0,0,1",-1],[1],0,[],[],[]],[["1,9729,9729,33071,33071,0,0,1",-1],[1],0,[],[],[]],[["0,9729,9729,33071,33071,0,0,1",-1],[1],0,[],[],[]],[[[1,"pictureboard0016",{"rows":[["pictureboard","1","Description","Eagle","ap_puzzle5_background.jpg","3","","eagle.mp3","ap_puzzle5_eagle1_puzzle.png","106","236","","ap_puzzle5_eagle2_puzzle.png","730","166","","ap_puzzle5_eagle3_puzzle.png","1115","530"]]}]],0,0,[],[],[]],[[{"name":"ap_puzzle5_eagle1_puzzle","rect":[3,2,341,144],"offset":[1.5,4],"originalSize":[344,156],"capInsets":[0,0,0,0]}],[0],0,[0],[0],[1]],[[{"name":"ap_puzzle5_background","rect":[0,0,802,432],"offset":[0,0],"originalSize":[802,432],"capInsets":[0,0,0,0]}],[0],0,[0],[0],[2]],[[[0,"eagle",".mp3",0.862],-1],0,0,[],[],[]],[["0,9729,9729,33071,33071,0,0,1",-1],[1],0,[],[],[]],[[{"name":"ap2_puzzle4_mouse_puzzle","rect":[3,1,631,327],"offset":[0.5,5],"originalSize":[636,339],"capInsets":[0,0,0,0]}],[0],0,[0],[0],[3]],[[{"name":"ap2_puzzle4_background","rect":[0,0,802,432],"offset":[0,0],"originalSize":[802,432],"capInsets":[0,0,0,0]}],[0],0,[0],[0],[4]],[["0,9729,9729,33071,33071,0,0,1",-1],[1],0,[],[],[]],[[{"name":"ap_puzzle5_eagle3_puzzle","rect":[5,5,368,212],"offset":[0,3],"originalSize":[378,228],"capInsets":[0,0,0,0]}],[0],0,[0],[0],[5]]]]