[1,["08mzr+d2dAXatW8Q9+D6Kh","7fKalwVPxOgYV6EZdk+Wtt"],["_textureSetter"],["cc.Texture2D","cc.SpriteFrame",["cc.AudioClip",["_name","_native","duration"],0],["cc.JsonAsset",["_name","json"],1]],[[2,0,1,2,4],[3,0,1,3]],[[[[0,"fist",".mp3",1.008],-1],0,0,[],[],[]],[["0,9729,9729,33071,33071,0,0,1",-1],[0],0,[],[],[]],[[[0,"stick",".mp3",1.104],-1],0,0,[],[],[]],[[[1,"en1700",{"rows":[["grid","1","Description","st","ab,ay,ill"],["grid","1","Description","st","ain,eal,ash"],["grid","1","Description","fir,fa,fi","st"],["phonictractor","1","Description","5","first","first.mp3","f","f_phonic.mp3","ir","ir.mp3","st","st.mp3"],["phonictractor","1","Description","5","stem","stem.mp3","st","st.mp3","e","e_phonic.mp3","m","m_phonic.mp3"],["phonictractor","1","Description","5","step","step.mp3","st","st.mp3","e","e_phonic.mp3","p","p_phonic.mp3"],["phonictractor","1","Description","5","stir","stir.mp3","st","st.mp3","ir","ir.mp3"],["spelldoor","1","Description","stick","*****","4","3","spelling_stick.png","stick.mp3"],["spelldoor","1","Description","forest","******","4","4","spelling_forest.png","forest.mp3"],["quizliteracy","1","Description","soundonly_word","first","stem","step","first","","","first.mp3"],["quizliteracy","1","Description","soundonly_word","stem","step","stem","stir","","","stem.mp3"],["quizliteracy","1","Description","soundonly_word","stick","first","stick","stem","","","stick.mp3"],["quizliteracy","1","Description","soundonly_word","step","stem","step","first","","","step.mp3"],["quizliteracy","1","Description","soundonly_word","stir","step","stem","stir","","","stir.mp3"]]}]],0,0,[],[],[]],[[[0,"st",".mp3",0.576],-1],0,0,[],[],[]],[[[0,"p_phonic",".mp3",1.567347],-1],0,0,[],[],[]],[[[0,"stain",".mp3",1.032],-1],0,0,[],[],[]],[[[0,"ir",".mp3",0.70525],-1],0,0,[],[],[]],[[[0,"forest",".mp3",1.32],-1],0,0,[],[],[]],[[[0,"stir",".mp3",0.984],-1],0,0,[],[],[]],[["0,9729,9729,33071,33071,0,0,1",-1],[0],0,[],[],[]],[[[0,"first",".mp3",1.08],-1],0,0,[],[],[]],[[[0,"e_phonic",".mp3",2.089796],-1],0,0,[],[],[]],[[[0,"stash",".mp3",1.176],-1],0,0,[],[],[]],[[[0,"stab",".mp3",1.032],-1],0,0,[],[],[]],[[[0,"stem",".mp3",1.08],-1],0,0,[],[],[]],[[[0,"fast",".mp3",1.128],-1],0,0,[],[],[]],[[[0,"m_phonic",".mp3",2.246531],-1],0,0,[],[],[]],[[[0,"f_phonic",".mp3",3.108571],-1],0,0,[],[],[]],[[[0,"steal",".mp3",0.96],-1],0,0,[],[],[]],[[[0,"stay",".mp3",0.912],-1],0,0,[],[],[]],[[{"name":"spelling_forest","rect":[0,0,370,273],"offset":[0,0],"originalSize":[370,273],"capInsets":[0,0,0,0]}],[1],0,[0],[0],[0]],[[[0,"step",".mp3",1.056],-1],0,0,[],[],[]],[[[0,"still",".mp3",0.912],-1],0,0,[],[],[]],[[{"name":"spelling_stick","rect":[0,232,600,136],"offset":[0,0],"originalSize":[600,600],"capInsets":[0,0,0,0]}],[1],0,[0],[0],[1]]]]