[1,["d1fAl1v2RHRqpjGIiAklo7","d5Ry90F6xOOJ2EmpFqZIwc","ffE3odKgpPrpjNseoOamCK"],["_textureSetter"],["cc.SpriteFrame","cc.Texture2D",["cc.JsonAsset",["_name","json"],1],["cc.AudioClip",["_name","_native","duration"],0]],[[3,0,1,2,4],[2,0,1,3]],[[[[1,"hi0000",{"rows":[["balloonpop","1","Description","2","अ","5","अ","अ.mp3"],["phonictractor","1","Description","5","अ","अ.mp3","अ","अ.mp3"],["writeletter","1","Description","अ","अनार"],["writecard","1","Description","अ","अनार","अनार.png","अनार.mp3","अजगर","अजगर.png","अजगर.mp3","अनानास","अनानास.png","अनानास.mp3"],["quizliteracy","1","Description","soundonly_word","अ","इ ","अ","उ ","","","अ.mp3"],["quizliteracy","1","Description","word_word","अ","ए ","इ ","अ","","अ"],["quizliteracy","1","Description","soundonly_word","अ","अ","इ ","उ ","","","अ.mp3"]]}]],0,0,[],[],[]],[[[0,"अनार",".mp3",0.653061],-1],0,0,[],[],[]],[[{"name":"अनानास","rect":[0,0,400,333],"offset":[0,0],"originalSize":[400,333],"capInsets":[0,0,0,0]}],[0],0,[0],[0],[0]],[[{"name":"अनार","rect":[0,0,400,333],"offset":[0,0],"originalSize":[400,333],"capInsets":[0,0,0,0]}],[0],0,[0],[0],[1]],[[{"name":"अजगर","rect":[0,0,400,333],"offset":[0,0],"originalSize":[400,333],"capInsets":[0,0,0,0]}],[0],0,[0],[0],[2]],[[[0,"अ",".mp3",0.418],-1],0,0,[],[],[]],[[[0,"अजगर",".mp3",0.679184],-1],0,0,[],[],[]],[["0,9729,9729,33071,33071,0,0,1",-1],[1],0,[],[],[]],[["0,9729,9729,33071,33071,0,0,1",-1],[1],0,[],[],[]],[[[0,"अनानास",".mp3",1.272],-1],0,0,[],[],[]],[["0,9729,9729,33071,33071,0,0,1",-1],[1],0,[],[],[]]]]