[1,["97EdoLgHFLdqzwNMjRR+p6","234q+qr+xJEJXO/VRmNIAH","9eu9eOzUdBpaNI9Q0lKegn","0bfaf08v5GBaN/0o2qMsI8","ecLfasI6FLsLcx7h1CfeAq","3dSa/mritDxbBQR0x0M1SN","92J8utgvBIVYwECviveTil","0aWUFlbTdIDrw7OJTVgEPX"],["_textureSetter"],["cc.Texture2D","cc.SpriteFrame",["cc.JsonAsset",["_name","json"],1]],[[2,0,1,3]],[[["0,9729,9729,33071,33071,0,0,1",-1],[0],0,[],[],[]],[["0,9729,9729,33071,33071,0,0,1",-1],[0],0,[],[],[]],[[{"name":"matchinggame_cone","rect":[52,17,84,105],"offset":[-1,5.5],"originalSize":[190,150],"capInsets":[0,0,0,0]}],[1],0,[0],[0],[0]],[["0,9729,9729,33071,33071,0,0,1",-1],[0],0,[],[],[]],[[{"name":"matchinggame_cylinder_object","rect":[52,31,89,88],"offset":[1.5,0],"originalSize":[190,150],"capInsets":[0,0,0,0]}],[1],0,[0],[0],[1]],[["0,9729,9729,33071,33071,0,0,1",-1],[0],0,[],[],[]],[[[0,"maths0806",{"rows":[["shapepair","1","Description","image","image","matchinggame_cone_object.png","matchinggame_cone_object.png","cone.mp3","matchinggame_cylinder_object.png","matchinggame_cylinder_object.png","cylinder.mp3","matchinggame_cube_object.png","matchinggame_cube_object.png","cube.mp3","matchinggame_sphere_object.png","matchinggame_sphere_object.png","sphere.mp3"],["shapepair","1","Description","image","text","matchinggame_cone.png","cone","cone.mp3","matchinggame_cylinder.png","cylinder","cylinder.mp3","matchinggame_cube.png","cube","cube.mp3","matchinggame_sphere.png","sphere","sphere.mp3"],["quizmaths","1","Description","shapes","cylinder","cube","sphere","cone","cylinder","what","what_is_this_shape.mp3","What is this shape?"],["quizmaths","1","Description","shapes","cube","cube","sphere","cone","cylinder","what","what_is_this_shape.mp3","What is this shape?"],["quizmaths","1","Description","shapes","sphere","cube","sphere","cone","cylinder","what","what_is_this_shape.mp3","What is this shape?"]]}]],0,0,[],[],[]],[[{"name":"matchinggame_cylinder","rect":[52,31,89,88],"offset":[1.5,0],"originalSize":[190,150],"capInsets":[0,0,0,0]}],[1],0,[0],[0],[2]],[[{"name":"matchinggame_cube","rect":[54,40,86,77],"offset":[2,-3.5],"originalSize":[190,150],"capInsets":[0,0,0,0]}],[1],0,[0],[0],[3]],[[{"name":"matchinggame_cone_object","rect":[52,17,84,105],"offset":[-1,5.5],"originalSize":[190,150],"capInsets":[0,0,0,0]}],[1],0,[0],[0],[4]],[[{"name":"matchinggame_cube_object","rect":[54,40,86,77],"offset":[2,-3.5],"originalSize":[190,150],"capInsets":[0,0,0,0]}],[1],0,[0],[0],[5]],[["0,9729,9729,33071,33071,0,0,1",-1],[0],0,[],[],[]],[["0,9729,9729,33071,33071,0,0,1",-1],[0],0,[],[],[]],[["0,9729,9729,33071,33071,0,0,1",-1],[0],0,[],[],[]],[["0,9729,9729,33071,33071,0,0,1",-1],[0],0,[],[],[]],[[{"name":"matchinggame_sphere","rect":[22,38,106,107],"offset":[0,3.5],"originalSize":[150,190],"capInsets":[0,0,0,0]}],[1],0,[0],[0],[6]],[[{"name":"matchinggame_sphere_object","rect":[48,30,95,94],"offset":[0.5,-2],"originalSize":[190,150],"capInsets":[0,0,0,0]}],[1],0,[0],[0],[7]]]]