[1,["9cVMDM/B1Dc5uicq3SVOWT","7480pRgiZNQ4hKqPNZ7eiq"],["_textureSetter"],["cc.Texture2D","cc.SpriteFrame",["cc.AudioClip",["_name","_native","duration"],0],["cc.JsonAsset",["_name","json"],1]],[[2,0,1,2,4],[3,0,1,3]],[[[[0,"ಹಿಂದೆ",".mp3",0.72],-1],0,0,[],[],[]],[[[0,"ಮುಂದೆ",".mp3",0.72],-1],0,0,[],[],[]],[[[0,"ಬ",".mp3",0.504],-1],0,0,[],[],[]],[[[0,"ರು",".mp3",0.528],-1],0,0,[],[],[]],[[[0,"ತಿ",".mp3",0.504],-1],0,0,[],[],[]],[["0,9729,9729,33071,33071,0,0,1",-1],[0],0,[],[],[]],[[{"name":"dance","rect":[0,0,800,458],"offset":[0,0],"originalSize":[800,458],"capInsets":[0,0,0,0]}],[1],0,[0],[0],[0]],[[[0,"ಕುಣಿ",".mp3",0.624],-1],0,0,[],[],[]],[[[0,"ಕ",".mp3",0.504],-1],0,0,[],[],[]],[["0,9729,9729,33071,33071,0,0,1",-1],[0],0,[],[],[]],[[[0,"ಗಿ",".mp3",0.552],-1],0,0,[],[],[]],[[[0,"ಮುಂ",".mp3",0.504],-1],0,0,[],[],[]],[[{"name":"behind","rect":[0,0,533,800],"offset":[0,0],"originalSize":[533,800],"capInsets":[0,0,0,0]}],[1],0,[0],[0],[1]],[[[0,"ಳಿ",".mp3",0.528],-1],0,0,[],[],[]],[[[0,"ಬಳಿಕ",".mp3",0.744],-1],0,0,[],[],[]],[[[0,"ತಿರುಗಿ",".mp3",0.72],-1],0,0,[],[],[]],[[[0,"ದೆ",".mp3",0.552],-1],0,0,[],[],[]],[[[1,"kn2605",{"rows":[["spelldoor","1","Description","ಕುಣಿ","*ಣಿ","0","0","dance.png","ಕುಣಿ.mp3"],["phonictractor","1","Description","4","ಮುಂದೆ","ಮುಂದೆ.mp3","ಮುಂ","ಮುಂ.mp3","ದೆ","ದೆ.mp3"],["phonictractor","1","Description","4","ತಿರುಗಿ","ತಿರುಗಿ.mp3","ತಿ","ತಿ.mp3","ರು","ರು.mp3","ಗಿ","ಗಿ.mp3"],["spelldoor","1","Description","ಹಿಂದೆ","**","0","0","behind.png","ಹಿಂದೆ.mp3"],["phonictractor","1","Description","4","ಬಳಿಕ","ಬಳಿಕ.mp3","ಬ","ಬ.mp3","ಳಿ","ಳಿ.mp3","ಕ","ಕ.mp3"],["quizliteracy","1","Description","word_word","ಣಿ","ಗಿ","ತ","ಣಿ","","ಕು__","ಕುಣಿ.mp3"],["quizliteracy","1","Description","image_word","ಹಿಂದೆ","ಮುಂದೆ","ಹಿಂದೆ","ತಿರುಗಿ","behind.png"],["quizliteracy","1","Description","soundonly_word","ಬಳಿಕ","ಬಳಿಕ","ಮುಂದೆ","ಹಿಂದೆ","","","ಬಳಿಕ.mp3"]]}]],0,0,[],[],[]]]]