[1,["4451HL2OxJSJK6jqKlQStV","9bZJdJRYdFzrnnWSxNYe1H","c1p11ecUdKHbk2onYmeuTP"],["_textureSetter"],["cc.SpriteFrame","cc.Texture2D",["cc.JsonAsset",["_name","json"],1],["cc.AudioClip",["_name","_native","duration"],0]],[[3,0,1,2,4],[2,0,1,3]],[[[{"name":"mug","rect":[0,0,500,333],"offset":[0,0],"originalSize":[500,333],"capInsets":[0,0,0,0]}],[0],0,[0],[0],[0]],[[[1,"sl_en0300",{"rows":[["balloonpop","1","Description","2","m","5","m,l,k","m.mp3"],["writeletter","1","Description","m","-"],["writecard","1","Description","m","man","man.png","man.mp3","mat","mat.png","mat.mp3","mug","mug.png","mug.mp3"],["quizliteracy","1","Description","soundonly_word","m","l","m","q","","","m.mp3"],["quizliteracy","1","Description","word_word","m","w","m","u","","m"],["quizliteracy","1","Description","soundonly_word","m","b","c","m","","","m.mp3"]]}]],0,0,[],[],[]],[["0,9729,9729,33071,33071,0,0,1",-1],[1],0,[],[],[]],[[[0,"m",".mp3",0.600816],-1],0,0,[],[],[]],[[[0,"mug",".mp3",0.653061],-1],0,0,[],[],[]],[[{"name":"mat","rect":[0,0,225,225],"offset":[0,0],"originalSize":[225,225],"capInsets":[0,0,0,0]}],[0],0,[0],[0],[1]],[[{"name":"man","rect":[0,0,512,512],"offset":[0,0],"originalSize":[512,512],"capInsets":[0,0,0,0]}],[0],0,[0],[0],[2]],[["0,9729,9729,33071,33071,0,0,1",-1],[1],0,[],[],[]],[[[0,"mat",".mp3",0.809796],-1],0,0,[],[],[]],[["0,9729,9729,33071,33071,0,0,1",-1],[1],0,[],[],[]],[[[0,"man",".mp3",0.731429],-1],0,0,[],[],[]]]]