[1,["e1sLGETgtIS454GpLXzBW0","b3VctcDsFLqopgSxSDrpB9","c1aJcc3q1FgKNPxmk+1+LX"],["_textureSetter"],["cc.SpriteFrame","cc.Texture2D",["cc.JsonAsset",["_name","json"],1],["cc.AudioClip",["_name","_native","duration"],0]],[[3,0,1,2,4],[2,0,1,3]],[[[[1,"hi0911",{"rows":[["openwindow","1","Description","LEGIT","कैं,ची","कैंची.png","मछली.png","कैंची.mp3","ज,ग,न,ल,फ,छा,ता,र,थ,व,न,घ,ट्र,क,घो,ड़ा,हा,थी,आ,म,स"],["phonictractor","1","Description","6","कै","कै.mp3","क","क.mp3","ै","ै.mp3"],["rocket","1","Description","कैमरा","कै,म,रा","कै,म,रा","कैमरा.mp3","कैमरा.png","false ","true "],["writeletter","1","Description","ड","डकैत"],["bubbletype","1","Description","10","6","के कै को कौ कं कः","","","","","","के कै को कौ कं कः"],["quizliteracy","1","Description","soundonly_word","कै","कू","कै","की","","","कै.mp3"],["quizliteracy","1","Description","image_word","कैंची","कैमरा","डकैत","कैंची","कैंची.png"],["quizliteracy","1","Description","word_word","कै","कै","कू","कृ","","कै"]]}]],0,0,[],[],[]],[[[0,"कैंची",".mp3",0.835918],-1],0,0,[],[],[]],[[[0,"कैमरा",".mp3",3.186939],-1],0,0,[],[],[]],[[{"name":"कैंची","rect":[0,0,193,153],"offset":[0,0],"originalSize":[193,153],"capInsets":[0,0,0,0]}],[0],0,[0],[0],[0]],[["0,9729,9729,33071,33071,0,0,1",-1],[1],0,[],[],[]],[[[0,"क",".mp3",0.418],-1],0,0,[],[],[]],[[[0,"कै",".mp3",0.522449],-1],0,0,[],[],[]],[[{"name":"कैमरा","rect":[0,0,615,461],"offset":[0,0],"originalSize":[615,461],"capInsets":[0,0,0,0]}],[0],0,[0],[0],[1]],[["0,9729,9729,33071,33071,0,0,1",-1],[1],0,[],[],[]],[[[0,"ै",".mp3",1.854694],-1],0,0,[],[],[]],[["0,9729,9729,33071,33071,0,0,1",-1],[1],0,[],[],[]],[[{"name":"मछली","rect":[0,0,193,153],"offset":[0,0],"originalSize":[193,153],"capInsets":[0,0,0,0]}],[0],0,[0],[0],[2]]]]