[1,["facZS1W21Oi7hNnsEOBCNG","29ag0w98lF/Kc7WMWPQ30e","f76KrDWzBCVquQExHkWzwI","ddEaK3YMpNIYMEwGW4rFtm","50xuIwV55EjrJxwYAeWXP5","07hvVzgBpPvafw2d8CtRkN","2cxk7YIFtG9amZ1F9tFD+Y","23n7jLUQlDBqQy+miAtKNp","dc/s6mZ71Ecq+8GcAIAIrW","f4QC0EtMFOgZQqn9ysV5Mi","adriOfP3tGq57cSy+TwhfH","8f8Qwg2nVByr27IkmcyJLy","27tJ6oqjpEw54TLt7+lDpe","36MkWhEnREbJC+6TTOT8DZ","62swQXBfJM16kDpq7UJbyK","c08HScY91AMqu/RTOW+bPf","42DSlmpXVIrY38ttrHakaj","9bzMNQImBDcLPeKDl93OYu","fbvrbsqpRC4b9VWr2Zgw3I","a6FPEX3ypMMZaqSszzoi/R","faOR/02jRFNpbOSLiQvj6e","51labzSlFByYGjpVumA6zx","d4AKwQdQJDxpJuEfEFqXKb","9fAd/R0GBJKqrP3FnvmhZK","e4jxt3ZXtEXa8FrDukE8kp","3c/D9WJu1K+II7ZqeRElJT","d1jhunU1VG4Y4my5C4iHqf","7a1JExOWFGz4yoQRMZ1+vB","33Vtoh3TBMHZdimDc7uLHU","16Nzev6hdPX7PpHp/kU889","b8/G5KPkpFbpoZC9OEQd7d","0aZ8AAEl5KRZFnvo0ji5bH","27xJz9tAVOxZKa4js9R75z","c41Py1LmtF/JQQaqeY8J2q","3dkaZ+XOZOgaf8h9G1EmVQ","85kii1Q0lGw66qgyC4vtCW","84pZSScZRCL6wfgz5rhmgu","46OFfi6bxMoZ5d1vQlu2iH","4eAXkHxY5LtoPfnQff2s4q","98QZJo6p1NR7zfaz2adaA1","5fCInMfxtL960fTV+FdPvX","cc1siOuudFcpLxpO9g9INk","f98oaAomJKJKSL0wW1N7Sx","127OqM+qpCBqRcR7WqsTMy","67j0eBx05PjLR1THl99JsA","15Mswq6tJGQJbjcNKwxgez","db13r+7ulGIp4frCOezWQ8","0fOCMWvXdN2L5fhDWTOyB9","73smfe8XtDYr6i1VLLRE7t","71TfrgkhFJGrbNbxcCU8lC","60NZMuQKRIKKmZxMmR1p9+","81b2YNXRNNtYt1A4mUGxd5","e55Zr44hNCrJC4bSTNsUiE","440DgI4fFCYZ+4yUUtBBhs","60KSmki0REk44FFqfKqwRJ","d5gol2v+JIB6Nkrj1Z73OL","57jszFk9xGQqCrjnQfuEJ9","63JsOE5INDu4bd6wmCsQwm"],["_textureSetter"],["cc.SpriteFrame","cc.Texture2D",["cc.JsonAsset",["_name","json"],1]],[[2,0,1,3]],[[[{"name":"emperor","rect":[0,0,460,512],"offset":[0,0],"originalSize":[460,512],"capInsets":[0,0,0,0]}],[0],0,[0],[0],[0]],[["0,9729,9729,33071,33071,0,0,1",-1],[1],0,[],[],[]],[["0,9729,9729,33071,33071,0,0,1",-1],[1],0,[],[],[]],[[{"name":"wizard","rect":[0,0,549,800],"offset":[0,0],"originalSize":[549,800],"capInsets":[0,0,0,0]}],[0],0,[0],[0],[1]],[["0,9729,9729,33071,33071,0,0,1",-1],[1],0,[],[],[]],[[{"name":"dog","rect":[0,0,499,512],"offset":[0,0],"originalSize":[499,512],"capInsets":[0,0,0,0]}],[0],0,[0],[0],[2]],[["0,9729,9729,33071,33071,0,0,1",-1],[1],0,[],[],[]],[[{"name":"cow","rect":[0,0,512,512],"offset":[0,0],"originalSize":[512,512],"capInsets":[0,0,0,0]}],[0],0,[0],[0],[3]],[["0,9729,9729,33071,33071,0,0,1",-1],[1],0,[],[],[]],[["0,9729,9729,33071,33071,0,0,1",-1],[1],0,[],[],[]],[[{"name":"boar","rect":[18,98,473,324],"offset":[-1.5,-4],"originalSize":[512,512],"capInsets":[0,0,0,0]}],[0],0,[0],[0],[4]],[[{"name":"milkmaid","rect":[0,0,433,512],"offset":[0,0],"originalSize":[433,512],"capInsets":[0,0,0,0]}],[0],0,[0],[0],[5]],[[{"name":"drake","rect":[0,0,238,211],"offset":[0,0],"originalSize":[238,211],"capInsets":[0,0,0,0]}],[0],0,[0],[0],[6]],[[{"name":"woman","rect":[0,0,900,1235],"offset":[0,0],"originalSize":[900,1235],"capInsets":[0,0,0,0]}],[0],0,[0],[0],[7]],[["0,9729,9729,33071,33071,0,0,1",-1],[1],0,[],[],[]],[[{"name":"nephew","rect":[0,0,512,512],"offset":[0,0],"originalSize":[512,512],"capInsets":[0,0,0,0]}],[0],0,[0],[0],[8]],[["0,9729,9729,33071,33071,0,0,1",-1],[1],0,[],[],[]],[["0,9729,9729,33071,33071,0,0,1",-1],[1],0,[],[],[]],[[{"name":"fox","rect":[0,0,512,512],"offset":[0,0],"originalSize":[512,512],"capInsets":[0,0,0,0]}],[0],0,[0],[0],[9]],[["0,9729,9729,33071,33071,0,0,1",-1],[1],0,[],[],[]],[[{"name":"duck","rect":[30,21,420,470],"offset":[0,0],"originalSize":[480,512],"capInsets":[0,0,0,0]}],[0],0,[0],[0],[10]],[["0,9729,9729,33071,33071,0,0,1",-1],[1],0,[],[],[]],[[[0,"sl_en2409",{"rows":[["letterpair","1","Description","image","image","father.png","mother.png","father_mother.mp3","brother.png","sister.png","brother_sister.mp3","grandfather.png","granmother.png","grandfather_grandmother.mp3","son.png","daughter.png","son_daughter.mp3","aunt.png","uncle.png","aunt_uncle.mp3","grandpa.png","grandma.png","grandpa_grandma.mp3"],["letterpair","1","Description","image","image","husband.png","wife.png","husband_wife.mp3","king.png","queen.png","king_queen.mp3","nephew.png","niece.png","nephew_niece.mp3","witch.png","wizard.png","witch_wizard.mp3","actor.png","actress.png","actor_actress.mp3","milkman.png","milkmaid.png","milkman_milkmaid.mp3"],["letterpair","1","Description","image","image","emperor.png","empress.png","emperor_empress.mp3","lord.png","lady.png","lord_lady.mp3","sir.png","madam.png","sir_madam.mp3","host.png","hostess.png","host_hostess.mp3","doctor.png","doctor.png","doctor_doctor.mp3","woman.png","man.png","woman_man.mp3"],["letterpair","1","Description","image","image","horse.png","mare.png","horse_mare.mp3","rooster.png","hen.png","rooster_hen.mp3","cow.png","bull.png","cow_bull.mp3","duck.png","drake.png","duck_drake.mp3","lion.png","lioness.png","lion_lioness.mp3","tiger.png","tigress.png","tiger_tigress.mp3"],["letterpair","1","Description","image","image","drone.png","bee.png","drone_bee.mp3","fox.png","vixen.png","fox_vixen.mp3","ram.png","ewe.png","ram_ewe.mp3","boar.png","sow.png","boar_sow.mp3","goose.png","gander.png","goose_gander.mp3","dog.png","bitch.png","dog_bitch.mp3"],["quizliteracy","1","Description","sentence_sentence","mother","sister","mother","brother","","father X _____","father_mother.mp3"],["quizliteracy","1","Description","sentence_sentence","lady","lady","girl","sister","","lord X _____.","lord_lady.mp3"],["quizliteracy","1","Description","sentence_sentence","tigress","tiger","cub","tigress","","tiger X _____.","tiger_tigress.mp3"]]}]],0,0,[],[],[]],[[{"name":"ram","rect":[0,0,238,212],"offset":[0,0],"originalSize":[238,212],"capInsets":[0,0,0,0]}],[0],0,[0],[0],[11]],[[{"name":"lord","rect":[0,0,194,259],"offset":[0,0],"originalSize":[194,259],"capInsets":[0,0,0,0]}],[0],0,[0],[0],[12]],[["0,9729,9729,33071,33071,0,0,1",-1],[1],0,[],[],[]],[[{"name":"mare","rect":[0,0,512,346],"offset":[0,0],"originalSize":[512,346],"capInsets":[0,0,0,0]}],[0],0,[0],[0],[13]],[[{"name":"grandma","rect":[0,0,450,512],"offset":[0,0],"originalSize":[450,512],"capInsets":[0,0,0,0]}],[0],0,[0],[0],[14]],[[{"name":"horse","rect":[0,0,512,467],"offset":[0,0],"originalSize":[512,467],"capInsets":[0,0,0,0]}],[0],0,[0],[0],[15]],[[{"name":"goose","rect":[15,24,482,464],"offset":[0,0],"originalSize":[512,512],"capInsets":[0,0,0,0]}],[0],0,[0],[0],[16]],[["0,9729,9729,33071,33071,0,0,1",-1],[1],0,[],[],[]],[[{"name":"uncle","rect":[0,0,1207,1200],"offset":[0,0],"originalSize":[1207,1200],"capInsets":[0,0,0,0]}],[0],0,[0],[0],[17]],[["0,9729,9729,33071,33071,0,0,1",-1],[1],0,[],[],[]],[["0,9729,9729,33071,33071,0,0,1",-1],[1],0,[],[],[]],[[{"name":"son","rect":[0,0,512,512],"offset":[0,0],"originalSize":[512,512],"capInsets":[0,0,0,0]}],[0],0,[0],[0],[18]],[[{"name":"actress","rect":[50,0,412,512],"offset":[0,0],"originalSize":[512,512],"capInsets":[0,0,0,0]}],[0],0,[0],[0],[19]],[[{"name":"brother","rect":[0,0,508,512],"offset":[0,0],"originalSize":[508,512],"capInsets":[0,0,0,0]}],[0],0,[0],[0],[20]],[[{"name":"grandpa","rect":[0,0,430,512],"offset":[0,0],"originalSize":[430,512],"capInsets":[0,0,0,0]}],[0],0,[0],[0],[21]],[["0,9729,9729,33071,33071,0,0,1",-1],[1],0,[],[],[]],[[{"name":"queen","rect":[0,0,360,512],"offset":[0,0],"originalSize":[360,512],"capInsets":[0,0,0,0]}],[0],0,[0],[0],[22]],[["0,9729,9729,33071,33071,0,0,1",-1],[1],0,[],[],[]],[["0,9729,9729,33071,33071,0,0,1",-1],[1],0,[],[],[]],[[{"name":"aunt","rect":[0,0,512,509],"offset":[0,0],"originalSize":[512,509],"capInsets":[0,0,0,0]}],[0],0,[0],[0],[23]],[["0,9729,9729,33071,33071,0,0,1",-1],[1],0,[],[],[]],[["0,9729,9729,33071,33071,0,0,1",-1],[1],0,[],[],[]],[["0,9729,9729,33071,33071,0,0,1",-1],[1],0,[],[],[]],[[{"name":"empress","rect":[0,0,358,500],"offset":[0,0],"originalSize":[358,500],"capInsets":[0,0,0,0]}],[0],0,[0],[0],[24]],[["0,9729,9729,33071,33071,0,0,1",-1],[1],0,[],[],[]],[["0,9729,9729,33071,33071,0,0,1",-1],[1],0,[],[],[]],[["0,9729,9729,33071,33071,0,0,1",-1],[1],0,[],[],[]],[["0,9729,9729,33071,33071,0,0,1",-1],[1],0,[],[],[]],[[{"name":"daughter","rect":[0,0,512,512],"offset":[0,0],"originalSize":[512,512],"capInsets":[0,0,0,0]}],[0],0,[0],[0],[25]],[["0,9729,9729,33071,33071,0,0,1",-1],[1],0,[],[],[]],[["0,9729,9729,33071,33071,0,0,1",-1],[1],0,[],[],[]],[[{"name":"sow","rect":[0,0,225,225],"offset":[0,0],"originalSize":[225,225],"capInsets":[0,0,0,0]}],[0],0,[0],[0],[26]],[[{"name":"lioness","rect":[0,0,512,416],"offset":[0,0],"originalSize":[512,416],"capInsets":[0,0,0,0]}],[0],0,[0],[0],[27]],[["0,9729,9729,33071,33071,0,0,1",-1],[1],0,[],[],[]],[[{"name":"niece","rect":[0,0,454,512],"offset":[0,0],"originalSize":[454,512],"capInsets":[0,0,0,0]}],[0],0,[0],[0],[28]],[["0,9729,9729,33071,33071,0,0,1",-1],[1],0,[],[],[]],[["0,9729,9729,33071,33071,0,0,1",-1],[1],0,[],[],[]],[[{"name":"host","rect":[0,0,171,294],"offset":[0,0],"originalSize":[171,294],"capInsets":[0,0,0,0]}],[0],0,[0],[0],[29]],[["0,9729,9729,33071,33071,0,0,1",-1],[1],0,[],[],[]],[[{"name":"king","rect":[0,0,460,512],"offset":[0,0],"originalSize":[460,512],"capInsets":[0,0,0,0]}],[0],0,[0],[0],[30]],[[{"name":"madam","rect":[0,0,205,512],"offset":[0,0],"originalSize":[205,512],"capInsets":[0,0,0,0]}],[0],0,[0],[0],[31]],[[{"name":"tigress","rect":[0,0,512,512],"offset":[0,0],"originalSize":[512,512],"capInsets":[0,0,0,0]}],[0],0,[0],[0],[32]],[["0,9729,9729,33071,33071,0,0,1",-1],[1],0,[],[],[]],[["0,9729,9729,33071,33071,0,0,1",-1],[1],0,[],[],[]],[["0,9729,9729,33071,33071,0,0,1",-1],[1],0,[],[],[]],[[{"name":"doctor","rect":[183,18,234,570],"offset":[0,-3],"originalSize":[600,600],"capInsets":[0,0,0,0]}],[0],0,[0],[0],[33]],[["0,9729,9729,33071,33071,0,0,1",-1],[1],0,[],[],[]],[["0,9729,9729,33071,33071,0,0,1",-1],[1],0,[],[],[]],[[{"name":"mother","rect":[0,0,488,512],"offset":[0,0],"originalSize":[488,512],"capInsets":[0,0,0,0]}],[0],0,[0],[0],[34]],[[{"name":"lady","rect":[205,8,103,496],"offset":[0.5,0],"originalSize":[512,512],"capInsets":[0,0,0,0]}],[0],0,[0],[0],[35]],[[{"name":"bee","rect":[0,0,400,512],"offset":[0,0],"originalSize":[400,512],"capInsets":[0,0,0,0]}],[0],0,[0],[0],[36]],[["0,9729,9729,33071,33071,0,0,1",-1],[1],0,[],[],[]],[[{"name":"ewe","rect":[0,0,257,196],"offset":[0,0],"originalSize":[257,196],"capInsets":[0,0,0,0]}],[0],0,[0],[0],[37]],[["0,9729,9729,33071,33071,0,0,1",-1],[1],0,[],[],[]],[["0,9729,9729,33071,33071,0,0,1",-1],[1],0,[],[],[]],[[{"name":"bitch","rect":[0,0,512,413],"offset":[0,0],"originalSize":[512,413],"capInsets":[0,0,0,0]}],[0],0,[0],[0],[38]],[["0,9729,9729,33071,33071,0,0,1",-1],[1],0,[],[],[]],[[{"name":"milkman","rect":[0,0,512,429],"offset":[0,0],"originalSize":[512,429],"capInsets":[0,0,0,0]}],[0],0,[0],[0],[39]],[[{"name":"hen","rect":[0,0,512,491],"offset":[0,0],"originalSize":[512,491],"capInsets":[0,0,0,0]}],[0],0,[0],[0],[40]],[["0,9729,9729,33071,33071,0,0,1",-1],[1],0,[],[],[]],[[{"name":"rooster","rect":[0,0,512,512],"offset":[0,0],"originalSize":[512,512],"capInsets":[0,0,0,0]}],[0],0,[0],[0],[41]],[[{"name":"actor","rect":[0,0,273,185],"offset":[0,0],"originalSize":[273,185],"capInsets":[0,0,0,0]}],[0],0,[0],[0],[42]],[[{"name":"hostess","rect":[105,4,391,596],"offset":[0.5,-2],"originalSize":[600,600],"capInsets":[0,0,0,0]}],[0],0,[0],[0],[43]],[[{"name":"sir","rect":[0,0,284,512],"offset":[0,0],"originalSize":[284,512],"capInsets":[0,0,0,0]}],[0],0,[0],[0],[44]],[["0,9729,9729,33071,33071,0,0,1",-1],[1],0,[],[],[]],[[{"name":"husband","rect":[55,10,402,492],"offset":[0,0],"originalSize":[512,512],"capInsets":[0,0,0,0]}],[0],0,[0],[0],[45]],[[{"name":"wife","rect":[62,0,475,600],"offset":[-0.5,0],"originalSize":[600,600],"capInsets":[0,0,0,0]}],[0],0,[0],[0],[46]],[["0,9729,9729,33071,33071,0,0,1",-1],[1],0,[],[],[]],[[{"name":"father","rect":[0,0,402,512],"offset":[0,0],"originalSize":[402,512],"capInsets":[0,0,0,0]}],[0],0,[0],[0],[47]],[[{"name":"bull","rect":[0,0,502,512],"offset":[0,0],"originalSize":[502,512],"capInsets":[0,0,0,0]}],[0],0,[0],[0],[48]],[["0,9729,9729,33071,33071,0,0,1",-1],[1],0,[],[],[]],[[{"name":"lion","rect":[0,0,512,457],"offset":[0,0],"originalSize":[512,457],"capInsets":[0,0,0,0]}],[0],0,[0],[0],[49]],[["0,9729,9729,33071,33071,0,0,1",-1],[1],0,[],[],[]],[["0,9729,9729,33071,33071,0,0,1",-1],[1],0,[],[],[]],[["0,9729,9729,33071,33071,0,0,1",-1],[1],0,[],[],[]],[[{"name":"drone","rect":[0,0,512,480],"offset":[0,0],"originalSize":[512,480],"capInsets":[0,0,0,0]}],[0],0,[0],[0],[50]],[["0,9729,9729,33071,33071,0,0,1",-1],[1],0,[],[],[]],[[{"name":"sister","rect":[0,0,493,512],"offset":[0,0],"originalSize":[493,512],"capInsets":[0,0,0,0]}],[0],0,[0],[0],[51]],[["0,9729,9729,33071,33071,0,0,1",-1],[1],0,[],[],[]],[["0,9729,9729,33071,33071,0,0,1",-1],[1],0,[],[],[]],[[{"name":"witch","rect":[5,55,591,490],"offset":[0.5,0],"originalSize":[600,600],"capInsets":[0,0,0,0]}],[0],0,[0],[0],[52]],[["0,9729,9729,33071,33071,0,0,1",-1],[1],0,[],[],[]],[["0,9729,9729,33071,33071,0,0,1",-1],[1],0,[],[],[]],[[{"name":"gander","rect":[156,37,258,314],"offset":[29,-2],"originalSize":[512,384],"capInsets":[0,0,0,0]}],[0],0,[0],[0],[53]],[[{"name":"man","rect":[0,0,512,512],"offset":[0,0],"originalSize":[512,512],"capInsets":[0,0,0,0]}],[0],0,[0],[0],[54]],[["0,9729,9729,33071,33071,0,0,1",-1],[1],0,[],[],[]],[[{"name":"grandfather","rect":[0,0,430,512],"offset":[0,0],"originalSize":[430,512],"capInsets":[0,0,0,0]}],[0],0,[0],[0],[55]],[["0,9729,9729,33071,33071,0,0,1",-1],[1],0,[],[],[]],[["0,9729,9729,33071,33071,0,0,1",-1],[1],0,[],[],[]],[["0,9729,9729,33071,33071,0,0,1",-1],[1],0,[],[],[]],[["0,9729,9729,33071,33071,0,0,1",-1],[1],0,[],[],[]],[[{"name":"vixen","rect":[0,0,626,626],"offset":[0,0],"originalSize":[626,626],"capInsets":[0,0,0,0]}],[0],0,[0],[0],[56]],[["0,9729,9729,33071,33071,0,0,1",-1],[1],0,[],[],[]],[[{"name":"tiger","rect":[7,7,495,502],"offset":[-1.5,-2],"originalSize":[512,512],"capInsets":[0,0,0,0]}],[0],0,[0],[0],[57]]]]