[1,["4bEOeaKU5C2pK8sv5S0dob","c8Dg0BK75GVofdW5q0xgEb","b0db33W1VDwYKGQwzJO18O","f1Hi0QvhxKhZUoM7/X4NUv","70dvFZVCZKo4gexagaQ+rZ","1evxOls29OKLARDND+Xzel","db/39OYYVJPYJ0lIpcH9zt","4c8NsanppGN5ibBpDIHSm0","d0X2d5wH5MLqM2Jj0IponH","00bwKR9axCjYGxMqUPbOup","efXgWH46BKEZLird+JfH7l","d9bOSzy/RKvY1lPWyATbmU","88sK2EvZdAfpOw9BTuxFd8","267eeSeXlPubTQGwYq5L5V","fa32VsfD5AAarwYkxl3neN","643XgpPYVB/7NjRVowsFv9","d6qk8Bdj9DkaNP6vxPIIgE","51pl1TCOBNtZAjgW3jHYnB","30ZNsau5FGPKqz7zt4inYa","01hWJMvMtOArJFRuV2mhdu"],["_textureSetter"],["cc.Texture2D","cc.SpriteFrame",["cc.AudioClip",["_name","_native","duration"],0],["cc.JsonAsset",["_name","json"],1]],[[2,0,1,2,4],[3,0,1,3]],[[["0,9729,9729,33071,33071,0,0,1",-1],[0],0,[],[],[]],[["0,9729,9729,33071,33071,0,0,1",-1],[0],0,[],[],[]],[[{"name":"tub","rect":[0,0,256,179],"offset":[0,0],"originalSize":[256,179],"capInsets":[0,0,0,0]}],[1],0,[0],[0],[0]],[[[0,"heavy",".mp3",0.574694],-1],0,0,[],[],[]],[["0,9729,9729,33071,33071,0,0,1",-1],[0],0,[],[],[]],[["0,9729,9729,33071,33071,0,0,1",-1],[0],0,[],[],[]],[["0,9729,9729,33071,33071,0,0,1",-1],[0],0,[],[],[]],[[[1,"sl_en3821",{"rows":[["openwindow1","1","Description","LEGIT","Heavy","man.png","girl.png","heavy.mp3","abcdefghijklmnopqrstuvwxyz"],["openwindow1","1","Description","LEGIT","Light","boy.png","woman.png","light.mp3","abcdefghijklmnopqrstuvwxyz"],["openwindow1","1","Description","LEGIT","Heavy","tub.png","mug.png","heavy.mp3","abcdefghijklmnopqrstuvwxyz"],["openwindow1","1","Description","LEGIT","Heavy","4book.png","2books.png","heavy.mp3","abcdefghijklmnopqrstuvwxyz"],["openwindow1","1","Description","LEGIT","Light","rabbit.png","hippo.png","light.mp3","abcdefghijklmnopqrstuvwxyz"],["openwindow1","1","Description","LEGIT","Heavy","bigbasket.png","smallbasket.png","heavy.mp3","abcdefghijklmnopqrstuvwxyz"],["openwindow1","1","Description","LEGIT","Light","pencil.png","book.png","light.mp3","abcdefghijklmnopqrstuvwxyz"],["openwindow1","1","Description","LEGIT","Heavy","cow.png","cat.png","heavy.mp3","abcdefghijklmnopqrstuvwxyz"],["quizliteracy","1","Description","soundonly_image","boy.png","boy.png","woman.png","man.png","","","light.mp3"],["quizliteracy","1","Description","soundonly_image","cow.png","cat.png","mouse.png","cow.png","","","heavy.mp3"],["quizliteracy","1","Description","soundonly_image","pencil.png","tub.png","pencil.png","book.png","","","light.mp3"]]}]],0,0,[],[],[]],[["0,9729,9729,33071,33071,0,0,1",-1],[0],0,[],[],[]],[["0,9729,9729,33071,33071,0,0,1",-1],[0],0,[],[],[]],[["0,9729,9729,33071,33071,0,0,1",-1],[0],0,[],[],[]],[[{"name":"man","rect":[0,0,256,256],"offset":[0,0],"originalSize":[256,256],"capInsets":[0,0,0,0]}],[1],0,[0],[0],[1]],[[[0,"light",".mp3",0.731429],-1],0,0,[],[],[]],[[{"name":"4book","rect":[0,0,256,166],"offset":[0,0],"originalSize":[256,166],"capInsets":[0,0,0,0]}],[1],0,[0],[0],[2]],[[{"name":"mug","rect":[0,0,256,170],"offset":[0,0],"originalSize":[256,170],"capInsets":[0,0,0,0]}],[1],0,[0],[0],[3]],[["0,9729,9729,33071,33071,0,0,1",-1],[0],0,[],[],[]],[[{"name":"boy","rect":[0,0,256,256],"offset":[0,0],"originalSize":[256,256],"capInsets":[0,0,0,0]}],[1],0,[0],[0],[4]],[["0,9729,9729,33071,33071,0,0,1",-1],[0],0,[],[],[]],[[{"name":"cow","rect":[0,0,256,256],"offset":[0,0],"originalSize":[256,256],"capInsets":[0,0,0,0]}],[1],0,[0],[0],[5]],[[{"name":"smallbasket ","rect":[0,0,808,777],"offset":[0,0],"originalSize":[808,777],"capInsets":[0,0,0,0]}],[1],0,[0],[0],[6]],[[{"name":"rabbit","rect":[0,0,256,251],"offset":[0,0],"originalSize":[256,251],"capInsets":[0,0,0,0]}],[1],0,[0],[0],[7]],[["0,9729,9729,33071,33071,0,0,1",-1],[0],0,[],[],[]],[[{"name":"mouse","rect":[0,0,222,256],"offset":[0,0],"originalSize":[222,256],"capInsets":[0,0,0,0]}],[1],0,[0],[0],[8]],[[{"name":"2books","rect":[0,0,256,223],"offset":[0,0],"originalSize":[256,223],"capInsets":[0,0,0,0]}],[1],0,[0],[0],[9]],[[{"name":"girl","rect":[0,0,217,256],"offset":[0,0],"originalSize":[217,256],"capInsets":[0,0,0,0]}],[1],0,[0],[0],[10]],[["0,9729,9729,33071,33071,0,0,1",-1],[0],0,[],[],[]],[[{"name":"woman","rect":[0,0,187,256],"offset":[0,0],"originalSize":[187,256],"capInsets":[0,0,0,0]}],[1],0,[0],[0],[11]],[[{"name":"4book ","rect":[0,0,3081,1999],"offset":[0,0],"originalSize":[3081,1999],"capInsets":[0,0,0,0]}],[1],0,[0],[0],[12]],[[{"name":"pencil","rect":[0,0,247,256],"offset":[0,0],"originalSize":[247,256],"capInsets":[0,0,0,0]}],[1],0,[0],[0],[13]],[["0,9729,9729,33071,33071,0,0,1",-1],[0],0,[],[],[]],[[{"name":"cat","rect":[0,0,247,256],"offset":[0,0],"originalSize":[247,256],"capInsets":[0,0,0,0]}],[1],0,[0],[0],[14]],[["0,9729,9729,33071,33071,0,0,1",-1],[0],0,[],[],[]],[[{"name":"bigbasket ","rect":[0,0,1182,861],"offset":[0,0],"originalSize":[1182,861],"capInsets":[0,0,0,0]}],[1],0,[0],[0],[15]],[[{"name":"hippo","rect":[0,0,256,189],"offset":[0,0],"originalSize":[256,189],"capInsets":[0,0,0,0]}],[1],0,[0],[0],[16]],[[{"name":"book","rect":[0,0,256,248],"offset":[0,0],"originalSize":[256,248],"capInsets":[0,0,0,0]}],[1],0,[0],[0],[17]],[[{"name":"smallbasket","rect":[0,0,256,246],"offset":[0,0],"originalSize":[256,246],"capInsets":[0,0,0,0]}],[1],0,[0],[0],[18]],[["0,9729,9729,33071,33071,0,0,1",-1],[0],0,[],[],[]],[["0,9729,9729,33071,33071,0,0,1",-1],[0],0,[],[],[]],[["0,9729,9729,33071,33071,0,0,1",-1],[0],0,[],[],[]],[["0,9729,9729,33071,33071,0,0,1",-1],[0],0,[],[],[]],[["0,9729,9729,33071,33071,0,0,1",-1],[0],0,[],[],[]],[[{"name":"bigbasket","rect":[0,0,256,186],"offset":[0,0],"originalSize":[256,186],"capInsets":[0,0,0,0]}],[1],0,[0],[0],[19]],[["0,9729,9729,33071,33071,0,0,1",-1],[0],0,[],[],[]]]]