[1,["3bhzwqpRdLR7nu34DCAHnX","c5OwB1+gJDdbp58UcMu6W2","e5UbQze3dES5F5HSdoTmeO","32ep7INCxLtaWHEcL+ThLH","643Pw46yBHrKETGX1J0yT+","69nfx6HANJqrcLZEy31Ehq"],["_textureSetter"],["cc.Texture2D","cc.SpriteFrame",["cc.AudioClip",["_name","_native","duration"],0],["cc.JsonAsset",["_name","json"],1]],[[2,0,1,2,4],[3,0,1,3]],[[[[0,"ninety",".mp3",1.056],-1],0,0,[],[],[]],[[[0,"hundred",".mp3",1.128],-1],0,0,[],[],[]],[["0,9729,9729,33071,33071,0,0,1",-1],[0],0,[],[],[]],[["0,9729,9729,33071,33071,0,0,1",-1],[0],0,[],[],[]],[[[0,"eighty",".mp3",0.912],-1],0,0,[],[],[]],[[{"name":"eighty","rect":[0,0,512,503],"offset":[0,0],"originalSize":[512,503],"capInsets":[0,0,0,0]}],[1],0,[0],[0],[0]],[[[0,"seventy",".mp3",1.2],-1],0,0,[],[],[]],[["0,9729,9729,33071,33071,0,0,1",-1],[0],0,[],[],[]],[["0,9729,9729,33071,33071,0,0,1",-1],[0],0,[],[],[]],[[[0,"sixty",".mp3",1.128],-1],0,0,[],[],[]],[[{"name":"seventy","rect":[0,0,512,503],"offset":[0,0],"originalSize":[512,503],"capInsets":[0,0,0,0]}],[1],0,[0],[0],[1]],[[{"name":"hundred","rect":[0,0,512,503],"offset":[0,0],"originalSize":[512,503],"capInsets":[0,0,0,0]}],[1],0,[0],[0],[2]],[[[0,"fifty",".mp3",1.008],-1],0,0,[],[],[]],[["0,9729,9729,33071,33071,0,0,1",-1],[0],0,[],[],[]],[[[1,"en3903",{"rows":[["writeword","1","Description","fifty","fifty.png","fifty.mp3"],["writeword","1","Description","sixty","sixty.png","sixty.mp3"],["writeword","1","Description","seventy","seventy.png","seventy.mp3"],["writeword","1","Description","eighty","eighty.png","eighty.mp3"],["writeword","1","Description","ninety","ninety.png","ninety.mp3"],["writeword","1","Description","hundred","hundred.png","hundred.mp3"],["quizliteracy","1","Description","image_word","fifty","sixty","fifty","ninety","fifty.png"],["quizliteracy","1","Description","soundonly_word","eighty","fifty","ninety","eighty","","","eighty.mp3"],["quizliteracy","1","Description","image_word","hundred","hundred","sixty","fifty","hundred.png"]]}]],0,0,[],[],[]],[[{"name":"ninety","rect":[0,0,512,503],"offset":[0,0],"originalSize":[512,503],"capInsets":[0,0,0,0]}],[1],0,[0],[0],[3]],[[{"name":"fifty","rect":[0,0,512,503],"offset":[0,0],"originalSize":[512,503],"capInsets":[0,0,0,0]}],[1],0,[0],[0],[4]],[["0,9729,9729,33071,33071,0,0,1",-1],[0],0,[],[],[]],[[{"name":"sixty","rect":[0,0,512,503],"offset":[0,0],"originalSize":[512,503],"capInsets":[0,0,0,0]}],[1],0,[0],[0],[5]]]]