[1,["48cZF4VkxJw4/tPw4EZkCh","66Acjfw6BPN4HYMrPFSRBz","7bI9Uw7apIl4CoW18lriJ/","0aKMsC1b1LYIYO2E+0C8Dd"],["_textureSetter"],["cc.Texture2D","cc.SpriteFrame",["cc.AudioClip",["_name","_native","duration"],0],["cc.JsonAsset",["_name","json"],1]],[[2,0,1,2,4],[3,0,1,3]],[[[[0,"कि",".mp3",0.470204],-1],0,0,[],[],[]],[["0,9729,9729,33071,33071,0,0,1",-1],[0],0,[],[],[]],[[{"name":"खिडकी","rect":[0,0,193,153],"offset":[0,0],"originalSize":[193,153],"capInsets":[0,0,0,0]}],[1],0,[0],[0],[0]],[[[0,"या",".mp3",0.5485],-1],0,0,[],[],[]],[[[1,"hi0512",{"rows":[["phonictractor","1","Description","6","तकिया","तकिया.mp3","त","त.mp3","कि","कि.mp3","या","या.mp3"],["rocket","1","Description","किरण","कि,र,ण","कि,र,ण","किरण.mp3","किरण.png","false ","true "],["openwindow","1","Description","LEGIT","दि,न","दिन.png","खिडकी.png","दिन.mp3","ज,ग,न,ल,फ,छा,ता,र,थ,व,न,घ,ट्र,क,घो,ड़ा,हा,थी,आ,म,स"],["rocket","1","Description","तकिया","त,कि,या","त,कि,या","तकिया.mp3","तकिया.png","false ","true "],["spelldoor","1","Description","किरण","***","4","3","किरण.png","किरण.mp3"],["phonictractor","1","Description","6","धनिया","धनिया.mp3","ध","ध.mp3","नि","नि.mp3","या","या.mp3"],["quizliteracy","1","Description","soundonly_word","तकिया","किरण","तकिया","दिन","","","तकिया.mp3"],["quizliteracy","1","Description","image_word","दिन","दिन","किरण","तकिया","दिन.png"],["quizliteracy","1","Description","soundonly_word","किरण","तकिया","दिन","किरण","","","किरण.mp3"]]}]],0,0,[],[],[]],[["0,9729,9729,33071,33071,0,0,1",-1],[0],0,[],[],[]],[[[0,"किरण",".mp3",0.626939],-1],0,0,[],[],[]],[["0,9729,9729,33071,33071,0,0,1",-1],[0],0,[],[],[]],[["0,9729,9729,33071,33071,0,0,1",-1],[0],0,[],[],[]],[[[0,"दिन",".mp3",0.757551],-1],0,0,[],[],[]],[[[0,"ध",".mp3",0.47025],-1],0,0,[],[],[]],[[[0,"तकिया",".mp3",0.783673],-1],0,0,[],[],[]],[[[0,"नि",".mp3",0.653061],-1],0,0,[],[],[]],[[{"name":"तकिया","rect":[0,0,271,271],"offset":[0,0],"originalSize":[271,271],"capInsets":[0,0,0,0]}],[1],0,[0],[0],[1]],[[{"name":"किरण","rect":[0,0,370,273],"offset":[0,0],"originalSize":[370,273],"capInsets":[0,0,0,0]}],[1],0,[0],[0],[2]],[[[0,"त",".mp3",0.444],-1],0,0,[],[],[]],[[[0,"धनिया",".mp3",0.809796],-1],0,0,[],[],[]],[[{"name":"दिन","rect":[0,0,193,153],"offset":[0,0],"originalSize":[193,153],"capInsets":[0,0,0,0]}],[1],0,[0],[0],[3]]]]