[1,["dbN7Xo+jtDmLS4iP8t5c+J","ea2lNl8M1B6LgTgn9gZlXT","00ZEPdmlRMnanEhsq01xv4","44Ybly3RxJoK22Ly9Lv+kW","ce3Rc+qiFFf7NedJgiL9Uc","7bN4lNahVLGJUFTGUMWZis","e69zECEYpIgpKlXHyGsIs+","e79RkK9rtOVJiHd/MzRWgj","ddmwHYVfFBYpKn/KbLR4+c","66r9Xx3sxPk7YFyxuuCL5v","eeqBvobypCyJJpHxI5M9Ki","db2OjGW9xBH7h+JEjmli2f","e31iihsyxGQqwGsKDrI+6T","5fKsfWGLNHUKT6lzGR45hX","25hUn2lEZOl5G9mD5rryWt","20RnnL0F9NxowS1etgHJuY"],["_textureSetter"],["cc.Texture2D","cc.SpriteFrame",["cc.JsonAsset",["_name","json"],1]],[[2,0,1,3]],[[["0,9729,9729,33071,33071,0,0,1",-1],[0],0,[],[],[]],[[{"name":"dog_big","rect":[6,0,261,205],"offset":[1,1.5],"originalSize":[271,208],"capInsets":[0,0,0,0]}],[1],0,[0],[0],[0]],[[{"name":"cat_all","rect":[42,54,260,231],"offset":[-10,12.5],"originalSize":[364,364],"capInsets":[0,0,0,0]}],[1],0,[0],[0],[1]],[["0,9729,9729,33071,33071,0,0,1",-1],[0],0,[],[],[]],[["0,9729,9729,33071,33071,0,0,1",-1],[0],0,[],[],[]],[[{"name":"cat_back","rect":[84,48,206,252],"offset":[5,8],"originalSize":[364,364],"capInsets":[0,0,0,0]}],[1],0,[0],[0],[2]],[["0,9729,9729,33071,33071,0,0,1",-1],[0],0,[],[],[]],[[{"name":"chicken_big","rect":[1,4,222,255],"offset":[-1,-0.5],"originalSize":[226,262],"capInsets":[0,0,0,0]}],[1],0,[0],[0],[3]],[[{"name":"elephant_back","rect":[56,38,313,339],"offset":[23.5,-12.5],"originalSize":[378,390],"capInsets":[0,0,0,0]}],[1],0,[0],[0],[4]],[["0,9729,9729,33071,33071,0,0,1",-1],[0],0,[],[],[]],[["0,9729,9729,33071,33071,0,0,1",-1],[0],0,[],[],[]],[["0,9729,9729,33071,33071,0,0,1",-1],[0],0,[],[],[]],[[{"name":"fish_back","rect":[71,19,295,356],"offset":[29.5,-2],"originalSize":[378,390],"capInsets":[0,0,0,0]}],[1],0,[0],[0],[5]],[[[0,"puzzle0003",{"rows":[["matchbox","1","Description","8.0","chicken_small.png","cow_small.png","dog_small.png","goat_small.png","chicken_big.png","cow_big.png","dog_big.png","goat_big.png"],["matchbox","1","Description","8.0","cat_back.png","elephant_back.png","tiger_back.png","fish_back.png","cat_all.png","elephant_all.png","tiger_all.png","fish_all.png"]]}]],0,0,[],[],[]],[[{"name":"cow_small","rect":[21,4,228,191],"offset":[5.5,-1.5],"originalSize":[259,196],"capInsets":[0,0,0,0]}],[1],0,[0],[0],[6]],[[{"name":"goat_big","rect":[0,0,285,254],"offset":[0,0],"originalSize":[285,254],"capInsets":[0,0,0,0]}],[1],0,[0],[0],[7]],[[{"name":"elephant_all","rect":[37,0,298,193],"offset":[10,1],"originalSize":[352,195],"capInsets":[0,0,0,0]}],[1],0,[0],[0],[8]],[[{"name":"tiger_all","rect":[2,2,276,230],"offset":[-0.5,3],"originalSize":[281,240],"capInsets":[0,0,0,0]}],[1],0,[0],[0],[9]],[[{"name":"fish_all","rect":[0,5,258,163],"offset":[0,-0.5],"originalSize":[258,172],"capInsets":[0,0,0,0]}],[1],0,[0],[0],[10]],[[{"name":"dog_small","rect":[15,10,137,180],"offset":[1.5,-3],"originalSize":[164,194],"capInsets":[0,0,0,0]}],[1],0,[0],[0],[11]],[["0,9729,9729,33071,33071,0,0,1",-1],[0],0,[],[],[]],[[{"name":"cow_big","rect":[2,3,303,259],"offset":[-2.5,-1.5],"originalSize":[312,262],"capInsets":[0,0,0,0]}],[1],0,[0],[0],[12]],[[{"name":"goat_small","rect":[0,0,199,178],"offset":[0,0],"originalSize":[199,178],"capInsets":[0,0,0,0]}],[1],0,[0],[0],[13]],[["0,9729,9729,33071,33071,0,0,1",-1],[0],0,[],[],[]],[["0,9729,9729,33071,33071,0,0,1",-1],[0],0,[],[],[]],[["0,9729,9729,33071,33071,0,0,1",-1],[0],0,[],[],[]],[[{"name":"tiger_back","rect":[9,64,308,317],"offset":[-26,-27.5],"originalSize":[378,390],"capInsets":[0,0,0,0]}],[1],0,[0],[0],[14]],[["0,9729,9729,33071,33071,0,0,1",-1],[0],0,[],[],[]],[[{"name":"chicken_small","rect":[7,35,142,150],"offset":[-1,-13],"originalSize":[158,194],"capInsets":[0,0,0,0]}],[1],0,[0],[0],[15]],[["0,9729,9729,33071,33071,0,0,1",-1],[0],0,[],[],[]],[["0,9729,9729,33071,33071,0,0,1",-1],[0],0,[],[],[]],[["0,9729,9729,33071,33071,0,0,1",-1],[0],0,[],[],[]],[["0,9729,9729,33071,33071,0,0,1",-1],[0],0,[],[],[]]]]