[1,["0eKWRx4ZpOVYL8q2tspUo8","0aBxGswtlIx4dc0bXMha/i","deSC/jjd9KDJkZDIYFyzVY"],["_textureSetter"],["cc.SpriteFrame","cc.Texture2D",["cc.AudioClip",["_name","_native","duration"],0],["cc.JsonAsset",["_name","json"],1]],[[2,0,1,2,4],[3,0,1,3]],[[[{"name":"sky","rect":[0,0,400,333],"offset":[0,0],"originalSize":[400,333],"capInsets":[0,0,0,0]}],[0],0,[0],[0],[0]],[["0,9729,9729,33071,33071,0,0,1",-1],[1],0,[],[],[]],[["0,9729,9729,33071,33071,0,0,1",-1],[1],0,[],[],[]],[[[0,"s_phonic",".mp3",1.985306],-1],0,0,[],[],[]],[[{"name":"soap","rect":[0,0,400,333],"offset":[0,0],"originalSize":[400,333],"capInsets":[0,0,0,0]}],[0],0,[0],[0],[1]],[[[0,"sky",".mp3",1.056],-1],0,0,[],[],[]],[[[0,"s",".mp3",0.912],-1],0,0,[],[],[]],[[[0,"soap",".mp3",1.08],-1],0,0,[],[],[]],[[{"name":"sun","rect":[0,0,500,333],"offset":[0,0],"originalSize":[500,333],"capInsets":[0,0,0,0]}],[0],0,[0],[0],[2]],[[[0,"sun",".mp3",1.056],-1],0,0,[],[],[]],[["0,9729,9729,33071,33071,0,0,1",-1],[1],0,[],[],[]],[[[1,"en0206",{"rows":[["balloonpop","1","Description","2","s","5","s,r,q","s.mp3"],["writeletter","1","Description","s","-"],["writecard","1","Description","s","sky","sky.png","sky.mp3","soap","soap.png","soap.mp3","sun","sun.png","sun.mp3"],["quizliteracy","1","Description","soundonly_word","s","g","y","s","","","s.mp3"],["quizliteracy","1","Description","word_word","s","c","s","t","","s"],["quizliteracy","1","Description","soundonly_word","s","c","s","z","","","s_phonic.mp3"]]}]],0,0,[],[],[]]]]