[1,["4ase0t5mlC4orXFTa+1REQ","09BhKAVwtMF4v+oXnL7Qot","34EjEbyblNt4S0B9OXnl8q"],["_textureSetter"],["cc.SpriteFrame","cc.Texture2D",["cc.AudioClip",["_name","_native","duration"],0],["cc.JsonAsset",["_name","json"],1]],[[2,0,1,2,4],[3,0,1,3]],[[[{"name":"हाथ","rect":[16,0,380,329],"offset":[6,2],"originalSize":[400,333],"capInsets":[0,0,0,0]}],[0],0,[0],[0],[0]],[["0,9729,9729,33071,33071,0,0,1",-1],[1],0,[],[],[]],[["0,9729,9729,33071,33071,0,0,1",-1],[1],0,[],[],[]],[["0,9729,9729,33071,33071,0,0,1",-1],[1],0,[],[],[]],[[[0,"हरा",".mp3",0.600816],-1],0,0,[],[],[]],[[[0,"हाथी",".mp3",0.574694],-1],0,0,[],[],[]],[[{"name":"हरा","rect":[0,0,400,333],"offset":[0,0],"originalSize":[400,333],"capInsets":[0,0,0,0]}],[0],0,[0],[0],[1]],[[[1,"hi0132",{"rows":[["phonictractor","1","Description","5","ह","ह.mp3","ह","ह.mp3"],["writeletter","1","Description","ह","हाथ"],["writecard","1","Description","ह","हाथ","हाथ.png","हाथ.mp3","हाथी","हाथी.png","हाथी.mp3","हरा","हरा.png","हरा.mp3"],["quizliteracy","1","Description","soundonly_word","ह","प","श","ह","","","ह.mp3"],["quizliteracy","1","Description","word_word","ह","ह","स","ष","","ह"],["quizliteracy","1","Description","soundonly_word","ह","स","ह","प","","","ह.mp3"]]}]],0,0,[],[],[]],[[[0,"हाथ",".mp3",0.653061],-1],0,0,[],[],[]],[[[0,"ह",".mp3",0.600816],-1],0,0,[],[],[]],[[{"name":"हाथी","rect":[0,0,400,333],"offset":[0,0],"originalSize":[400,333],"capInsets":[0,0,0,0]}],[0],0,[0],[0],[2]]]]