[1,["a0KZX4dpZIIrzuPvYjTBm9","28T3/PSG1G966LtdG1kTX8","52tGcPKKJDK59PaUbb2e7G"],["_textureSetter"],["cc.SpriteFrame","cc.Texture2D",["cc.AudioClip",["_name","_native","duration"],0],["cc.JsonAsset",["_name","json"],1]],[[2,0,1,2,4],[3,0,1,3]],[[[{"name":"युवती","rect":[0,0,400,333],"offset":[0,0],"originalSize":[400,333],"capInsets":[0,0,0,0]}],[0],0,[0],[0],[0]],[["0,9729,9729,33071,33071,0,0,1",-1],[1],0,[],[],[]],[[[0,"युवती",".mp3",0.757551],-1],0,0,[],[],[]],[["0,9729,9729,33071,33071,0,0,1",-1],[1],0,[],[],[]],[[[0,"य",".mp3",0.696],-1],0,0,[],[],[]],[[{"name":"याक","rect":[0,0,400,333],"offset":[0,0],"originalSize":[400,333],"capInsets":[0,0,0,0]}],[0],0,[0],[0],[1]],[[[0,"याक",".mp3",0.626939],-1],0,0,[],[],[]],[[[1,"hi0125",{"rows":[["phonictractor","1","Description","5","य","य.mp3","य","य.mp3"],["writeletter","1","Description","य","याक"],["writecard","1","Description","य","याक","याक.png","याक.mp3","यान","यान.png","यान.mp3","युवती","युवती.png","युवती.mp3"],["quizliteracy","1","Description","soundonly_word","य","म","य","न","","","य.mp3"],["quizliteracy","1","Description","word_word","य","य","न","म","","य"],["quizliteracy","1","Description","soundonly_word","य","न","म","य","","","य.mp3"]]}]],0,0,[],[],[]],[["0,9729,9729,33071,33071,0,0,1",-1],[1],0,[],[],[]],[[{"name":"यान","rect":[0,0,400,333],"offset":[0,0],"originalSize":[400,333],"capInsets":[0,0,0,0]}],[0],0,[0],[0],[2]],[[[0,"यान",".mp3",0.626939],-1],0,0,[],[],[]]]]