[1,["a6fKtW7j1Ha43F1npB0rZN","7fDf8hjsBM9Lo6BgYJrutD","55USw/2XFGoYRptYCe7K/+","753+ATtatCMoUCpGXIEXZc"],["_textureSetter"],["cc.SpriteFrame","cc.Texture2D",["cc.AudioClip",["_name","_native","duration"],0],["cc.JsonAsset",["_name","json"],1]],[[2,0,1,2,4],[3,0,1,3]],[[[[0,"ज्ञ",".mp3",0.626939],-1],0,0,[],[],[]],[[[0,"विज्ञापन",".mp3",0.940408],-1],0,0,[],[],[]],[[{"name":"यज्ञ","rect":[0,0,328,300],"offset":[0,0],"originalSize":[328,300],"capInsets":[0,0,0,0]}],[0],0,[0],[0],[0]],[[[0,"ज्ञानी",".mp3",0.914286],-1],0,0,[],[],[]],[["0,9729,9729,33071,33071,0,0,1",-1],[1],0,[],[],[]],[[{"name":"विज्ञापन","rect":[0,0,400,225],"offset":[0,0],"originalSize":[400,225],"capInsets":[0,0,0,0]}],[0],0,[0],[0],[1]],[["0,9729,9729,33071,33071,0,0,1",-1],[1],0,[],[],[]],[["0,9729,9729,33071,33071,0,0,1",-1],[1],0,[],[],[]],[[[0,"यज्ञ",".mp3",0.757551],-1],0,0,[],[],[]],[["0,9729,9729,33071,33071,0,0,1",-1],[1],0,[],[],[]],[[{"name":"श्रदांजलि","rect":[0,0,400,333],"offset":[0,0],"originalSize":[400,333],"capInsets":[0,0,0,0]}],[0],0,[0],[0],[2]],[[[1,"hi0135",{"rows":[["phonictractor","1","Description","5","ज्ञ","ज्ञ.mp3","ज्ञ","ज्ञ.mp3"],["writeletter","1","Description","ज्ञ","ज्ञानी"],["writecard","1","Description","ज्ञ","ज्ञानी","ज्ञानी.png","ज्ञानी.mp3","यज्ञ","यज्ञ.png","यज्ञ.mp3","विज्ञापन","विज्ञापन.png","विज्ञापन.mp3"],["quizliteracy","1","Description","soundonly_word","ज्ञ","त्र","ज्ञ","ह","","","ज्ञ.mp3"],["quizliteracy","1","Description","word_word","ज्ञ","ज्ञ","स","त्र","","ज्ञ"],["quizliteracy","1","Description","soundonly_word","ज्ञ","क्ष","त्र","ज्ञ","","","ज्ञ.mp3"]]}]],0,0,[],[],[]],[[{"name":"ज्ञानी","rect":[0,0,400,333],"offset":[0,0],"originalSize":[400,333],"capInsets":[0,0,0,0]}],[0],0,[0],[0],[3]]]]