[1,["dbUhRNOENC1ZX/dBVq1x45","a7hX/RZeJP569OTV7kwa81","bcFBnIcRdGrLf2i0x5vLYc","7fY0A1dhlC04158xoFwsJP"],["_textureSetter"],["cc.SpriteFrame","cc.Texture2D",["cc.AudioClip",["_name","_native","duration"],0],["cc.JsonAsset",["_name","json"],1]],[[2,0,1,2,4],[3,0,1,3]],[[[[0,"sister",".mp3",1.123265],-1],0,0,[],[],[]],[[{"name":"image_3_3","rect":[0,0,845,695],"offset":[0,0],"originalSize":[845,695],"capInsets":[0,0,0,0]}],[0],0,[0],[0],[0]],[[[0,"This_is_my_dad",".mp3",1.253878],-1],0,0,[],[],[]],[[[0,"My_sister_is_a_student",".mp3",2.194286],-1],0,0,[],[],[]],[[[0,"The_young_girls_look_shy",".mp3",1.854694],-1],0,0,[],[],[]],[[[1,"sl_en2406",{"rows":[["fillblank","1","Description","My [sister] is a student.","My_sister_is_a_student.mp3","mom","dad","brother","10"],["fillblank","1","Description","The old [man] looks tired.","The_old_man_looks_tired.mp3","woman","lady","ladies","15"],["fillblank","1","Description","The young [girls] look shy.","The_young_girls_look_shy.mp3","woman","men","boys","15"],["fillblank","1","Description","This is my [dad].","This_is_my_dad.mp3","mom","sister","brother","10"],["fillblank","1","Description","This is my [mom].","This_is_my_mom.mp3","dad","baby","brother","10"],["tag","1","Description","image_3_1.jpg","family","280.-1520","family.mp3","mom","1280.-1315","mom.mp3","dad","248.-537","dad.mp3","brother","729.-518","brother.mp3","sister","949.-1163","sister.mp3"],["tag","1","Description","image_3_2.jpg","family","280.-1520","family.mp3","grandmother","1108.-928","grandmother.mp3","grandfather","1304.-1259","grandfather.mp3","mother","899.-732","mother.mp3","father","608.-1285","father.mp3"],["tag","1","Description","image_3_3.jpg","people","256.-1443","people.mp3","man","607.-782","man.mp3","woman","950.-1256","woman.mp3","boy","319.-539","boy.mp3","girl","1185.-720","girl.mp3"],["tag","1","Description","image_3_4.jpg","jobs","280.-1520","jobs.mp3","teacher","248.-537","teacher.mp3","doctor","811.-463","doctor.mp3","farmer","1228.-1334","farmer.mp3","pilot","1252.-633","pilot.mp3"],["quizliteracy","1","Description","word_word","sister","mom","sister","brother","","My________ is a student.","My_sister_is_a_student.mp3"],["quizliteracy","1","Description","word_word","man","lady","ladies","man","","The old _____ looks tired.","The_old_man_looks_tired.mp3"],["quizliteracy","1","Description","word_word","girls","men","boys","girls","","The young _____ look shy.","The_young_girls_look_shy.mp3"],["quizliteracy","1","Description","word_word","dad","man","brother","dad","","This is my _____.","This_is_my_dad.mp3"],["quizliteracy","1","Description","word_word","mom","dad","mom","lady","","This is my ___.","This_is_my_mom.mp3"]]}]],0,0,[],[],[]],[[[0,"mom",".mp3",0.574694],-1],0,0,[],[],[]],[[[0,"farmer",".mp3",0.731429],-1],0,0,[],[],[]],[[[0,"mother",".mp3",0.626939],-1],0,0,[],[],[]],[[[0,"father",".mp3",0.888163],-1],0,0,[],[],[]],[[[0,"woman",".mp3",0.757551],-1],0,0,[],[],[]],[[[0,"family",".mp3",0.757551],-1],0,0,[],[],[]],[["1,9729,9729,33071,33071,0,0,1",-1],[1],0,[],[],[]],[[[0,"This_is_my_mom",".mp3",1.201633],-1],0,0,[],[],[]],[[{"name":"image_3_4","rect":[0,0,845,695],"offset":[0,0],"originalSize":[845,695],"capInsets":[0,0,0,0]}],[0],0,[0],[0],[1]],[[[0,"teacher",".mp3",0.705306],-1],0,0,[],[],[]],[[[0,"The_old_man_looks_tired",".mp3",1.906939],-1],0,0,[],[],[]],[["1,9729,9729,33071,33071,0,0,1",-1],[1],0,[],[],[]],[[[0,"jobs",".mp3",0.705306],-1],0,0,[],[],[]],[[[0,"boy",".mp3",0.548571],-1],0,0,[],[],[]],[[[0,"people",".mp3",0.679184],-1],0,0,[],[],[]],[["1,9729,9729,33071,33071,0,0,1",-1],[1],0,[],[],[]],[[[0,"brother",".mp3",0.600816],-1],0,0,[],[],[]],[[{"name":"image_3_2","rect":[0,0,845,695],"offset":[0,0],"originalSize":[845,695],"capInsets":[0,0,0,0]}],[0],0,[0],[0],[2]],[[[0,"doctor",".mp3",0.757551],-1],0,0,[],[],[]],[[[0,"grandmother",".mp3",0.992653],-1],0,0,[],[],[]],[["1,9729,9729,33071,33071,0,0,1",-1],[1],0,[],[],[]],[[[0,"pilot",".mp3",0.940408],-1],0,0,[],[],[]],[[[0,"grandfather",".mp3",0.966531],-1],0,0,[],[],[]],[[{"name":"image_3_1","rect":[0,0,845,695],"offset":[0,0],"originalSize":[845,695],"capInsets":[0,0,0,0]}],[0],0,[0],[0],[3]],[[[0,"man",".mp3",0.731429],-1],0,0,[],[],[]],[[[0,"girl",".mp3",0.783673],-1],0,0,[],[],[]],[[[0,"dad",".mp3",0.600816],-1],0,0,[],[],[]]]]