[1,["49FIAi/p9CwJvW1db1Qlfe","96W9KeAzRBqZ/jVZdUhkcJ"],["_textureSetter"],["cc.Texture2D","cc.SpriteFrame",["cc.AudioClip",["_name","_native","duration"],0],["cc.JsonAsset",["_name","json"],1]],[[2,0,1,2,4],[3,0,1,3]],[[[[0,"house",".mp3",0.626939],-1],0,0,[],[],[]],[[[0,"can",".mp3",0.835918],-1],0,0,[],[],[]],[[[0,"queen",".mp3",0.705306],-1],0,0,[],[],[]],[[[0,"love",".mp3",0.783673],-1],0,0,[],[],[]],[[[0,"find",".mp3",0.783673],-1],0,0,[],[],[]],[[[0,"jam",".mp3",0.679184],-1],0,0,[],[],[]],[[[0,"kiss",".mp3",0.653061],-1],0,0,[],[],[]],[[[0,"boat",".mp3",0.653061],-1],0,0,[],[],[]],[[[0,"cold",".mp3",0.679184],-1],0,0,[],[],[]],[["0,9729,9729,33071,33071,0,0,1",-1],[0],0,[],[],[]],[[[0,"quiet",".mp3",0.914286],-1],0,0,[],[],[]],[[[0,"king",".mp3",0.731429],-1],0,0,[],[],[]],[[[0,"face",".mp3",0.809796],-1],0,0,[],[],[]],[[[0,"lamp",".mp3",0.548571],-1],0,0,[],[],[]],[[[0,"hill",".mp3",0.548571],-1],0,0,[],[],[]],[[[0,"high",".mp3",0.653061],-1],0,0,[],[],[]],[[[0,"leaf",".mp3",0.809796],-1],0,0,[],[],[]],[[{"name":"spelling_nose","rect":[0,0,370,273],"offset":[0,0],"originalSize":[370,273],"capInsets":[0,0,0,0]}],[1],0,[0],[0],[0]],[["0,9729,9729,33071,33071,0,0,1",-1],[0],0,[],[],[]],[[[0,"ball",".mp3",0.444082],-1],0,0,[],[],[]],[[[0,"five",".mp3",0.835918],-1],0,0,[],[],[]],[[[0,"hand",".mp3",0.653061],-1],0,0,[],[],[]],[[{"name":"spelling_leaf","rect":[0,0,370,273],"offset":[0,0],"originalSize":[370,273],"capInsets":[0,0,0,0]}],[1],0,[0],[0],[1]],[[[0,"park",".mp3",0.679184],-1],0,0,[],[],[]],[[[0,"have",".mp3",0.600816],-1],0,0,[],[],[]],[[[0,"key",".mp3",0.626939],-1],0,0,[],[],[]],[[[1,"sl_en0901",{"rows":[["spelldoor","1","Description","nose","*ose","2","0","spelling_nose.png","nose.mp3"],["spelldoor","1","Description","leaf","*eaf","2","0","spelling_leaf.png","leaf.mp3"],["speakingpet","1","Description","f_phonic.mp3","q_phonic.mp3","fun","fun.mp3","A","1","five","five.mp3","A","1","quiet","quiet.mp3","B","1","queen","queen.mp3","B","1"],["speakingpet","1","Description","f_phonic.mp3","v_phonic.mp3","face","face.mp3","A","1","find","find.mp3","A","1","vest","vest.mp3","B","1","visit","visit.mp3","B","1"],["speakingpet","1","Description","g_phonic.mp3","p_phonic.mp3","game","game.mp3","A","1","gift","gift.mp3","A","1","paper","paper.mp3","B","1","park","park.mp3","B","1"],["speakingpet","1","Description","h_phonic.mp3","b_phonic.mp3","have","have.mp3","A","1","high","high.mp3","A","1","ball","ball.mp3","B","1","boat","boat.mp3","B","1"],["speakingpet","1","Description","h_phonic.mp3","k_phonic.mp3","hand","hand.mp3","A","1","house","house.mp3","A","1","king","king.mp3","B","1","kiss","kiss.mp3","B","1"],["speakingpet","1","Description","h_phonic.mp3","k_phonic.mp3","hill","hill.mp3","A","1","can","can.mp3","B","1","cold","cold.mp3","B","1","key","key.mp3","B","1"],["speakingpet","1","Description","j_phonic.mp3","l_phonic.mp3","jump","jump.mp3","A","1","jam","jam.mp3","A","1","lamp","lamp.mp3","B","1","love","love.mp3","B","1"],["quizliteracy","1","Description","word_word","n","v","n","y","","_ose","nose.mp3"],["quizliteracy","1","Description","word_word","h","s","g","h","","_ouse","house.mp3"],["quizliteracy","1","Description","word_word","j","j","w","x","","_am","jam.mp3"],["quizliteracy","1","Description","word_word","g","k","l","g","","_ift","gift.mp3"],["quizliteracy","1","Description","word_word","c","h","c","e","","_an","can.mp3"]]}]],0,0,[],[],[]],[[[0,"game",".mp3",0.862041],-1],0,0,[],[],[]],[[[0,"vest",".mp3",0.888163],-1],0,0,[],[],[]],[[[0,"nose",".mp3",0.809796],-1],0,0,[],[],[]],[[[0,"fun",".mp3",0.653061],-1],0,0,[],[],[]],[[[0,"gift",".mp3",0.835918],-1],0,0,[],[],[]],[[[0,"paper",".mp3",0.653061],-1],0,0,[],[],[]],[[[0,"visit",".mp3",0.862041],-1],0,0,[],[],[]],[[[0,"jump",".mp3",0.679184],-1],0,0,[],[],[]]]]