[1,["91hO0p/zVMQKtAm2C9kPFQ","c54vjYZp9B+IwrvtOTDMn3","d47hio0RxCV7XzFi3o7xrq","6a43901AxNCL51HqAWHIHA","b0SwRrOyFO+rzgv9HxBUBy","4bgcoPOd1IiIb5wyJOLiBw","acjxjdKBVIIJ268szwWb1k","1cnWa/95pJNL+ke9oH1EPS"],["_textureSetter"],["cc.SpriteFrame","cc.Texture2D",["cc.JsonAsset",["_name","json"],1],["cc.AudioClip",["_name","_native","duration"],0]],[[3,0,1,2,4],[2,0,1,3]],[[[[1,"sl_en3103",{"rows":[["createsentence","1","Description","A/green/leaf","","leaf.png","A_green_leaf.mp3"],["createsentence","1","Description","The/blue/sky","","sky.png","The_blue_sky.mp3"],["createsentence","1","Description","A/red/strawberry","","strawberry.png","A_red_strawberry.mp3"],["createsentence","1","Description","An/orange/carrot","","carrot.png","An_orange_carrot.mp3"],["createsentence","1","Description","A/bunch/of/purple/grapes","","grapes.png","A_bunch_of_purple_grapes.mp3"],["createsentence","1","Description","A/black/bat","","bat.png","A_black_bat.mp3"],["createsentence","1","Description","The/white/snow","","snow.png","The_white_snow.mp3"],["createsentence","1","Description","The/brown/wood","","wood.png","The_brown_wood.mp3"],["quizliteracy","1","Description","image_sentence","A green leaf.","A green leaf.","An orange carrot.","The white snow.","leaf.png","","A_green_leaf.mp3"],["quizliteracy","1","Description","image_sentence","An orange carrot.","The white snow.","A green leaf.","An orange carrot.","carrot.png","","An_orange_carrot.mp3"],["quizliteracy","1","Description","image_sentence","The white snow.","An orange carrot.","The white snow.","A green leaf.","snow.png","","The_white_snow.mp3"]]}]],0,0,[],[],[]],[[[0,"A_black_bat",".mp3",1.985306],-1],0,0,[],[],[]],[[{"name":"sky","rect":[0,0,512,341],"offset":[0,0],"originalSize":[512,341],"capInsets":[0,0,0,0]}],[0],0,[0],[0],[0]],[[[0,"A_green_leaf",".mp3",1.880816],-1],0,0,[],[],[]],[["0,9729,9729,33071,33071,0,0,1",-1],[1],0,[],[],[]],[[[0,"The_white_snow",".mp3",1.959184],-1],0,0,[],[],[]],[["0,9729,9729,33071,33071,0,0,1",-1],[1],0,[],[],[]],[[[0,"A_bunch_of_purple_grapes",".mp3",2.690612],-1],0,0,[],[],[]],[[[0,"An_orange_carrot",".mp3",2.011429],-1],0,0,[],[],[]],[[{"name":"bat","rect":[0,0,512,435],"offset":[0,0],"originalSize":[512,435],"capInsets":[0,0,0,0]}],[0],0,[0],[0],[1]],[["0,9729,9729,33071,33071,0,0,1",-1],[1],0,[],[],[]],[[{"name":"carrot","rect":[0,0,512,512],"offset":[0,0],"originalSize":[512,512],"capInsets":[0,0,0,0]}],[0],0,[0],[0],[2]],[[[0,"The_blue_sky",".mp3",2.298776],-1],0,0,[],[],[]],[["0,9729,9729,33071,33071,0,0,1",-1],[1],0,[],[],[]],[[{"name":"wood","rect":[0,0,1060,710],"offset":[0,0],"originalSize":[1060,710],"capInsets":[0,0,0,0]}],[0],0,[0],[0],[3]],[[{"name":"snow","rect":[0,0,512,451],"offset":[0,0],"originalSize":[512,451],"capInsets":[0,0,0,0]}],[0],0,[0],[0],[4]],[["0,9729,9729,33071,33071,0,0,1",-1],[1],0,[],[],[]],[[{"name":"strawberry","rect":[0,0,512,512],"offset":[0,0],"originalSize":[512,512],"capInsets":[0,0,0,0]}],[0],0,[0],[0],[5]],[["0,9729,9729,33071,33071,0,0,1",-1],[1],0,[],[],[]],[[{"name":"grapes","rect":[0,0,512,432],"offset":[0,0],"originalSize":[512,432],"capInsets":[0,0,0,0]}],[0],0,[0],[0],[6]],[["0,9729,9729,33071,33071,0,0,1",-1],[1],0,[],[],[]],[[[0,"A_red_strawberry",".mp3",2.847347],-1],0,0,[],[],[]],[["0,9729,9729,33071,33071,0,0,1",-1],[1],0,[],[],[]],[[[0,"The_brown_wood",".mp3",1.828571],-1],0,0,[],[],[]],[[{"name":"leaf","rect":[0,0,740,740],"offset":[0,0],"originalSize":[740,740],"capInsets":[0,0,0,0]}],[0],0,[0],[0],[7]]]]