[1,["95PXRMHr5LPJ2ROIWLGYhA","d30ODw6vdKq4hAUzdO7hSr","0cnjvNFONBx5SfNFxTszA2","bbWzWHcqxBv7LDE8l1trnt"],["_textureSetter"],["cc.SpriteFrame","cc.Texture2D",["cc.AudioClip",["_name","_native","duration"],0],["cc.JsonAsset",["_name","json"],1]],[[2,0,1,2,4],[3,0,1,3]],[[[{"name":"lion","rect":[0,0,400,400],"offset":[0,0],"originalSize":[400,400],"capInsets":[0,0,0,0]}],[0],0,[0],[0],[0]],[["0,9729,9729,33071,33071,0,0,1",-1],[1],0,[],[],[]],[[[0,"ಕೇ",".mp3",0.6],-1],0,0,[],[],[]],[[[0,"ೋ",".mp3",0.528],-1],0,0,[],[],[]],[[[0,"ಕ",".mp3",0.528],-1],0,0,[],[],[]],[[[0,"ೇ",".mp3",0.552],-1],0,0,[],[],[]],[[[0,"ಕೈ",".mp3",0.552],-1],0,0,[],[],[]],[[[0,"ಕೋ",".mp3",0.576],-1],0,0,[],[],[]],[[[1,"kn2_0312",{"rows":[["phonictractor","1","Description","6","ಕೇ","ಕೇ.mp3","ಕ","ಕ.mp3","ೇ","ೇ.mp3"],["spelldoor","1","Description","ಕೇಸರಿ","***","0","0","lion.png","ಕೇಸರಿ.mp3"],["phonictractor","1","Description","6","ಕೈ","ಕೈ.mp3","ಕ","ಕ.mp3","ೈ","ೈ.mp3"],["spelldoor","1","Description","ಕೈ","*","0","0","hand.png","ಕೈ.mp3"],["phonictractor","1","Description","6","ಕೊ","ಕೊ.mp3","ಕ","ಕ.mp3","ೊ","ೊ.mp3"],["spelldoor","1","Description","ಕೊಡ","***","0","0","pot.png","ಕೊಡ.mp3"],["phonictractor","1","Description","6","ಕೋ","ಕೋ.mp3","ಕ","ಕ.mp3","ೋ","ೋ.mp3"],["spelldoor","1","Description","ಕೋತಿ","**","0","0","monkey.png","ಕೋತಿ.mp3"],["quizliteracy","1","Description","soundonly_word","ಕೊ","ಕೆ","ಕೊ","ಕೈ","","","ಕೊ.mp3"],["quizliteracy","1","Description","soundonly_word","ಕೊಡ","ಕೇಸರಿ","ಕೊಡ","ಕೋತಿ","","","ಕೊಡ.mp3"],["quizliteracy","1","Description","word_word","ಕೇ","ಕೈ","ಕೇ","ಕೋ","","_ಸರಿ","ಕೇಸರಿ.mp3"]]}]],0,0,[],[],[]],[[[0,"ಕೇಸರಿ",".mp3",0.864],-1],0,0,[],[],[]],[[[0,"ೊ",".mp3",0.504],-1],0,0,[],[],[]],[["0,9729,9729,33071,33071,0,0,1",-1],[1],0,[],[],[]],[[{"name":"monkey","rect":[0,0,400,400],"offset":[0,0],"originalSize":[400,400],"capInsets":[0,0,0,0]}],[0],0,[0],[0],[1]],[[[0,"ಕೊ",".mp3",0.528],-1],0,0,[],[],[]],[["0,9729,9729,33071,33071,0,0,1",-1],[1],0,[],[],[]],[[{"name":"pot","rect":[0,0,400,400],"offset":[0,0],"originalSize":[400,400],"capInsets":[0,0,0,0]}],[0],0,[0],[0],[2]],[[[0,"ಕೊಡ",".mp3",0.648],-1],0,0,[],[],[]],[["0,9729,9729,33071,33071,0,0,1",-1],[1],0,[],[],[]],[[[0,"ೈ",".mp3",0.552],-1],0,0,[],[],[]],[[[0,"ಕೋತಿ",".mp3",0.744],-1],0,0,[],[],[]],[[{"name":"hand","rect":[0,0,400,400],"offset":[0,0],"originalSize":[400,400],"capInsets":[0,0,0,0]}],[0],0,[0],[0],[3]]]]