[1,["77OPT0zx9GQqoE5svai9wL","dfuaeyjuVPsYxeAfs1bpvG"],["_textureSetter"],["cc.SpriteFrame","cc.Texture2D",["cc.AudioClip",["_name","_native","duration"],0],["cc.JsonAsset",["_name","json"],1]],[[2,0,1,2,4],[3,0,1,3]],[[[[0,"thin",".mp3",0.757551],-1],0,0,[],[],[]],[[[0,"y_phonic",".mp3",0.574694],-1],0,0,[],[],[]],[[[0,"this",".mp3",0.600816],-1],0,0,[],[],[]],[[[0,"th",".mp3",0.313469],-1],0,0,[],[],[]],[[[0,"thing",".mp3",0.653061],-1],0,0,[],[],[]],[[{"name":"fourth","rect":[0,0,512,299],"offset":[0,0],"originalSize":[512,299],"capInsets":[0,0,0,0]}],[0],0,[0],[0],[0]],[[[0,"chain",".mp3",0.992653],-1],0,0,[],[],[]],[[[0,"brother",".mp3",0.600816],-1],0,0,[],[],[]],[[[0,"m_phonic",".mp3",0.444082],-1],0,0,[],[],[]],[[[0,"they",".mp3",0.574694],-1],0,0,[],[],[]],[["0,9729,9729,33071,33071,0,0,1",-1],[1],0,[],[],[]],[[[0,"earth",".mp3",0.653061],-1],0,0,[],[],[]],[[[0,"chop",".mp3",0.444082],-1],0,0,[],[],[]],[[[0,"n_phonic",".mp3",0.496327],-1],0,0,[],[],[]],[[[0,"that",".mp3",0.731429],-1],0,0,[],[],[]],[[[0,"thick",".mp3",0.679184],-1],0,0,[],[],[]],[[[0,"t_phonic",".mp3",0.391837],-1],0,0,[],[],[]],[[[0,"s_phonic",".mp3",0.653061],-1],0,0,[],[],[]],[[[0,"them",".mp3",0.653061],-1],0,0,[],[],[]],[[[0,"i_phonic",".mp3",0.522449],-1],0,0,[],[],[]],[[[0,"e_phonic",".mp3",0.600816],-1],0,0,[],[],[]],[[{"name":"brother","rect":[0,0,508,512],"offset":[0,0],"originalSize":[508,512],"capInsets":[0,0,0,0]}],[0],0,[0],[0],[1]],[[[0,"fourth",".mp3",0.966531],-1],0,0,[],[],[]],[["0,9729,9729,33071,33071,0,0,1",-1],[1],0,[],[],[]],[[[1,"sl_en1602",{"rows":[["grid","1","Description","th","ick,in,ing"],["phonictractor","1","Description","4","th","th.mp3","th","th.mp3"],["phonictractor","1","Description","5","that","that.mp3","th","th.mp3","a","a_phonic.mp3","t","t_phonic.mp3"],["phonictractor","1","Description","5","them","them.mp3","th","th.mp3","e","e_phonic.mp3","m","m_phonic.mp3"],["phonictractor","1","Description","5","then","then.mp3","th","th.mp3","e","e_phonic.mp3","n","n_phonic.mp3"],["phonictractor","1","Description","5","they","they.mp3","th","th.mp3","e","e_phonic.mp3","y","y_phonic.mp3"],["phonictractor","1","Description","5","this","this.mp3","th","th.mp3","i","i_phonic.mp3","s","s_phonic.mp3"],["rocket","1","Description","brother","a,b,c,d,e,f,g,h,i,j,k,l,m,n,o,p,q,r,s,t,u,v,w,x,y,z","b,r,o,t,h,e","brother.mp3","brother.png","true","false"],["quizliteracy","1","Description","soundonly_word","brother","father","mother","brother","","","fourth.mp3"],["quizliteracy","1","Description","word_word","th","sh","ch","th","","__at","that.mp3"],["quizliteracy","1","Description","word_word","th","th","wh","sh","","__em","them.mp3"],["quizliteracy","1","Description","soundonly_word","this","this","ship","they","","","chop.mp3"],["quizliteracy","1","Description","soundonly_word","they","they","chain","this","","","chain.mp3"]]}]],0,0,[],[],[]],[[[0,"then",".mp3",0.679184],-1],0,0,[],[],[]],[[[0,"a_phonic",".mp3",0.574694],-1],0,0,[],[],[]]]]