[1,["339P0WHFNL765uBxb3IZu9"],["_textureSetter"],["cc.Texture2D","cc.SpriteFrame",["cc.AudioClip",["_name","_native","duration"],0],["cc.JsonAsset",["_name","json"],1]],[[2,0,1,2,4],[3,0,1,3]],[[[[0,"nag",".mp3",0.679184],-1],0,0,[],[],[]],[[[0,"ay",".mp3",0.548571],-1],0,0,[],[],[]],[[[0,"tr",".mp3",0.417959],-1],0,0,[],[],[]],[["0,9729,9729,33071,33071,0,0,1",-1],[0],0,[],[],[]],[[[0,"plum",".mp3",0.757551],-1],0,0,[],[],[]],[[[1,"sl_en1105",{"rows":[["rocket","1","Description","bag","b,ag","b,ag","bag.mp3","bag.png","false","false"],["grid","1","Description","n","ot,ag,ut"],["grid","1","Description","h,w","it,ay"],["grid","1","Description","pr,pl","ay,um"],["phonictractor","1","Description","5","play","play.mp3","pl","pl.mp3","ay","ay.mp3"],["phonictractor","1","Description","5","tray","tray.mp3","tr","tr.mp3","ay","ay.mp3"],["quizliteracy","1","Description","word_word","ag","um","it","ag","","b__","bag.mp3"],["quizliteracy","1","Description","word_word","ay","ot","ay","ug","","pl__","play.mp3"],["quizliteracy","1","Description","word_word","ay","ay","ap","en","","tr__","tray.mp3"]]}]],0,0,[],[],[]],[[[0,"not",".mp3",0.731429],-1],0,0,[],[],[]],[[[0,"way",".mp3",0.679184],-1],0,0,[],[],[]],[[{"name":"bag","rect":[0,0,322,382],"offset":[0,0],"originalSize":[322,382],"capInsets":[0,0,0,0]}],[1],0,[0],[0],[0]],[[[0,"tray",".mp3",0.731429],-1],0,0,[],[],[]],[[[0,"prum",".mp3",0.679184],-1],0,0,[],[],[]],[[[0,"wit",".mp3",0.705306],-1],0,0,[],[],[]],[[[0,"nut",".mp3",0.626939],-1],0,0,[],[],[]],[[[0,"hit",".mp3",0.470204],-1],0,0,[],[],[]],[[[0,"hay",".mp3",0.783673],-1],0,0,[],[],[]],[[[0,"bag",".mp3",0.548571],-1],0,0,[],[],[]],[[[0,"play",".mp3",0.809796],-1],0,0,[],[],[]],[[[0,"pray",".mp3",0.679184],-1],0,0,[],[],[]],[[[0,"pl",".mp3",0.496327],-1],0,0,[],[],[]]]]