[1,["18EsIfNHZCoYe3QKoGJJcZ","0dOLQeJJVIlKeByc++Wxa9","19uBHmAkpJ4bLOfU2XFZzL"],["_textureSetter"],["cc.Texture2D","cc.SpriteFrame",["cc.JsonAsset",["_name","json"],1],["cc.AudioClip",["_name","_native","duration"],0]],[[3,0,1,2,4],[2,0,1,3]],[[["0,9729,9729,33071,33071,0,0,1",-1],[0],0,[],[],[]],[[{"name":"ऋषि","rect":[0,0,400,333],"offset":[0,0],"originalSize":[400,333],"capInsets":[0,0,0,0]}],[1],0,[0],[0],[0]],[["0,9729,9729,33071,33071,0,0,1",-1],[0],0,[],[],[]],[["0,9729,9729,33071,33071,0,0,1",-1],[0],0,[],[],[]],[[[1,"hi0006",{"rows":[["balloonpop","1","Description","2","ऋ","5","ऋ","ऋ.mp3"],["phonictractor","1","Description","5","ऋ","ऋ.mp3","ऋ","ऋ.mp3"],["writeletter","1","Description","ऋ","ऋषि"],["writecard","1","Description","ऋ","ऋषि","ऋषि.png","ऋषि.mp3","ऋतु","ऋतु.png","ऋतु.mp3","ऋग्वेद","ऋग्वेद.png","ऋग्वेद.mp3"],["quizliteracy","1","Description","soundonly_word","ऋ","ऋ","आ","इ","","","ऋ.mp3"],["quizliteracy","1","Description","word_word","ऋ","आ","ऊ","ऋ","","ऋ"],["quizliteracy","1","Description","soundonly_word","ऋ","ऋ","इ","ऊ","","","ऋ.mp3"]]}]],0,0,[],[],[]],[[{"name":"ऋग्वेद","rect":[0,0,400,299],"offset":[0,0],"originalSize":[400,299],"capInsets":[0,0,0,0]}],[1],0,[0],[0],[1]],[[{"name":"ऋतु","rect":[0,0,225,225],"offset":[0,0],"originalSize":[225,225],"capInsets":[0,0,0,0]}],[1],0,[0],[0],[2]],[[[0,"ऋ",".mp3",0.39175],-1],0,0,[],[],[]],[[[0,"ऋग्वेद",".mp3",0.914286],-1],0,0,[],[],[]],[[[0,"ऋतु",".mp3",0.600816],-1],0,0,[],[],[]],[[[0,"ऋषि",".mp3",0.679184],-1],0,0,[],[],[]]]]