[1,["6e4IT/qbFPaLC33uLSiaiW","24bmcScPJObKfmXHqnWn1r","9cITlTRgpCnJUhLfiWfzXN","02hLuoQJ5I4IIHtWQHqh7v","9dYPGwCpBMG6qCTacIIo0b","4f5f8cnkRFFKjGcZBEB8NM","88o71opP1B9aZ6VREch0g9","e9qPF0ovhKTrpW+TppLIZt","5a7DDO7s5AloGF+kcbCYa9"],["_textureSetter"],["cc.Texture2D","cc.SpriteFrame",["cc.AudioClip",["_name","_native","duration"],0],["cc.JsonAsset",["_name","json"],1]],[[2,0,1,2,4],[3,0,1,3]],[[["0,9729,9729,33071,33071,0,0,1",-1],[0],0,[],[],[]],[[{"name":"hand","rect":[0,0,512,366],"offset":[0,0],"originalSize":[512,366],"capInsets":[0,0,0,0]}],[1],0,[0],[0],[0]],[[[0,"leg",".mp3",0.816],-1],0,0,[],[],[]],[[[0,"head",".mp3",0.792],-1],0,0,[],[],[]],[[{"name":"shoulder","rect":[0,0,476,512],"offset":[0,0],"originalSize":[476,512],"capInsets":[0,0,0,0]}],[1],0,[0],[0],[1]],[[[0,"foot",".mp3",0.84],-1],0,0,[],[],[]],[["0,9729,9729,33071,33071,0,0,1",-1],[0],0,[],[],[]],[[[0,"feet",".mp3",0.888],-1],0,0,[],[],[]],[["0,9729,9729,33071,33071,0,0,1",-1],[0],0,[],[],[]],[[{"name":"head","rect":[0,0,512,366],"offset":[0,0],"originalSize":[512,366],"capInsets":[0,0,0,0]}],[1],0,[0],[0],[2]],[["0,9729,9729,33071,33071,0,0,1",-1],[0],0,[],[],[]],[["0,9729,9729,33071,33071,0,0,1",-1],[0],0,[],[],[]],[[[0,"lips",".mp3",0.936],-1],0,0,[],[],[]],[[{"name":"leg","rect":[97,0,380,512],"offset":[48.5,0],"originalSize":[477,512],"capInsets":[0,0,0,0]}],[1],0,[0],[0],[3]],[[[0,"arm",".mp3",0.792],-1],0,0,[],[],[]],[["0,9729,9729,33071,33071,0,0,1",-1],[0],0,[],[],[]],[[{"name":"arm","rect":[0,0,512,511],"offset":[0,0],"originalSize":[512,511],"capInsets":[0,0,0,0]}],[1],0,[0],[0],[4]],[[{"name":"stomach","rect":[0,0,512,327],"offset":[0,0],"originalSize":[512,327],"capInsets":[0,0,0,0]}],[1],0,[0],[0],[5]],[[[0,"stomach",".mp3",1.104],-1],0,0,[],[],[]],[["0,9729,9729,33071,33071,0,0,1",-1],[0],0,[],[],[]],[[{"name":"lips","rect":[0,0,512,341],"offset":[0,0],"originalSize":[512,341],"capInsets":[0,0,0,0]}],[1],0,[0],[0],[6]],[["0,9729,9729,33071,33071,0,0,1",-1],[0],0,[],[],[]],[[[0,"shoulder",".mp3",1.128],-1],0,0,[],[],[]],[[{"name":"feet","rect":[0,0,512,366],"offset":[0,0],"originalSize":[512,366],"capInsets":[0,0,0,0]}],[1],0,[0],[0],[7]],[[{"name":"foot","rect":[0,0,512,366],"offset":[0,0],"originalSize":[512,366],"capInsets":[0,0,0,0]}],[1],0,[0],[0],[8]],[[[1,"en2408",{"rows":[["openwindow","1","Description","LEGIT","head","head.png","leg.png","head.mp3","abcdefghijklmnopqrstuvwxyz"],["openwindow","1","Description","LEGIT","lips","lips.png","arm.png","lips.mp3","abcdefghijklmnopqrstuvwxyz"],["openwindow","1","Description","LEGIT","hand","hand.png","feet.png","hand.mp3","abcdefghijklmnopqrstuvwxyz"],["openwindow","1","Description","LEGIT","leg","leg.png","shoulder.png","leg.mp3","abcdefghijklmnopqrstuvwxyz"],["openwindow","1","Description","LEGIT","arm","arm.png","stomach.png","arm.mp3","abcdefghijklmnopqrstuvwxyz"],["openwindow","1","Description","LEGIT","feet","feet.png","head.png","feet.mp3","abcdefghijklmnopqrstuvwxyz"],["openwindow","1","Description","LEGIT","foot","foot.png","lips.png","foot.mp3","abcdefghijklmnopqrstuvwxyz"],["openwindow","1","Description","LEGIT","shoulder","shoulder.png","hand.png","shoulder.mp3","abcdefghijklmnopqrstuvwxyz"],["openwindow","1","Description","LEGIT","stomach","stomach.png","foot.png","stomach.mp3","abcdefghijklmnopqrstuvwxyz"],["quizliteracy","1","Description","image_word","lips","doctor","feet","lips","lips.png"],["quizliteracy","1","Description","image_word","feet","lips","head","feet","feet.png"],["quizliteracy","1","Description","image_word","head","head","feet","lips","head.png"]]}]],0,0,[],[],[]],[["0,9729,9729,33071,33071,0,0,1",-1],[0],0,[],[],[]],[[[0,"hand",".mp3",0.936],-1],0,0,[],[],[]]]]