[1,["1bpsN4rxhBOp7O2ZKMLlQ8","1amVym59tK5p5/RtbxiJqx","54QyAETxtMI4vB9adooR/W","ced9elmCFPoKeHqM3fgVSi","69BbxD4IdM7IzSVUYGWzJl","53Dxi/NCxH9brDrLJizGd0","b8JPspayRJH7I2c6YxciO6","c5DFX5DltHa4qLp95sSfOx","60tR8faDBBYZWyR7IJaJ1S","5dVczKQExOs7F/+DYLF5FX"],["_textureSetter"],["cc.Texture2D","cc.SpriteFrame",["cc.AudioClip",["_name","_native","duration"],0],["cc.JsonAsset",["_name","json"],1]],[[2,0,1,2,4],[3,0,1,3]],[[[[0,"three",".mp3",0.84],-1],0,0,[],[],[]],[[[0,"books",".mp3",1.128],-1],0,0,[],[],[]],[["0,9729,9729,33071,33071,0,0,1",-1],[0],0,[],[],[]],[[[0,"family",".mp3",1.224],-1],0,0,[],[],[]],[["0,9729,9729,33071,33071,0,0,1",-1],[0],0,[],[],[]],[[{"name":"spelling_water","rect":[0,0,370,273],"offset":[0,0],"originalSize":[370,273],"capInsets":[0,0,0,0]}],[1],0,[0],[0],[0]],[[{"name":"spelling_mirror","rect":[0,0,370,273],"offset":[0,0],"originalSize":[370,273],"capInsets":[0,0,0,0]}],[1],0,[0],[0],[1]],[["0,9729,9729,33071,33071,0,0,1",-1],[0],0,[],[],[]],[["0,9729,9729,33071,33071,0,0,1",-1],[0],0,[],[],[]],[["0,9729,9729,33071,33071,0,0,1",-1],[0],0,[],[],[]],[["0,9729,9729,33071,33071,0,0,1",-1],[0],0,[],[],[]],[["0,9729,9729,33071,33071,0,0,1",-1],[0],0,[],[],[]],[[[0,"water",".mp3",1.032],-1],0,0,[],[],[]],[[{"name":"spelling_three","rect":[0,0,370,273],"offset":[0,0],"originalSize":[370,273],"capInsets":[0,0,0,0]}],[1],0,[0],[0],[2]],[[{"name":"spelling_forest","rect":[0,0,370,273],"offset":[0,0],"originalSize":[370,273],"capInsets":[0,0,0,0]}],[1],0,[0],[0],[3]],[[{"name":"spelling_number","rect":[0,0,370,273],"offset":[0,0],"originalSize":[370,273],"capInsets":[0,0,0,0]}],[1],0,[0],[0],[4]],[[[0,"banana",".mp3",1.224],-1],0,0,[],[],[]],[[{"name":"spelling_family","rect":[0,0,370,273],"offset":[0,0],"originalSize":[370,273],"capInsets":[0,0,0,0]}],[1],0,[0],[0],[5]],[[[0,"number",".mp3",1.056],-1],0,0,[],[],[]],[[{"name":"spelling_books","rect":[0,0,370,273],"offset":[0,0],"originalSize":[370,273],"capInsets":[0,0,0,0]}],[1],0,[0],[0],[6]],[["0,9729,9729,33071,33071,0,0,1",-1],[0],0,[],[],[]],[[[0,"forest",".mp3",1.32],-1],0,0,[],[],[]],[["0,9729,9729,33071,33071,0,0,1",-1],[0],0,[],[],[]],[["0,9729,9729,33071,33071,0,0,1",-1],[0],0,[],[],[]],[[{"name":"spelling_school","rect":[0,0,500,505],"offset":[0,0],"originalSize":[500,505],"capInsets":[0,0,0,0]}],[1],0,[0],[0],[7]],[[{"name":"spelling_flower","rect":[0,0,370,273],"offset":[0,0],"originalSize":[370,273],"capInsets":[0,0,0,0]}],[1],0,[0],[0],[8]],[[[0,"mirror",".mp3",0.888],-1],0,0,[],[],[]],[[[1,"en2304",{"rows":[["spelldoor","1","Description","water","*****","3","2","spelling_water.png","water.mp3"],["spelldoor","1","Description","three","*****","3","2","spelling_three.png","three.mp3"],["spelldoor","1","Description","books","*****","3","2","spelling_books.png","books.mp3"],["spelldoor","1","Description","flower","******","4","4","spelling_flower.png","flower.mp3"],["spelldoor","1","Description","number","******","4","4","spelling_number.png","number.mp3"],["spelldoor","1","Description","mirror","******","4","4","spelling_mirror.png","mirror.mp3"],["spelldoor","1","Description","banana","******","4","4","spelling_banana.png","banana.mp3"],["spelldoor","1","Description","family","******","4","4","spelling_family.png","family.mp3"],["spelldoor","1","Description","school","******","4","4","spelling_school.png","school.mp3"],["spelldoor","1","Description","forest","******","4","4","spelling_forest.png","forest.mp3"],["quizliteracy","1","Description","word_word","ater","tion","ater","oret","","w____","water.mp3"],["quizliteracy","1","Description","word_word","ower","ater","tion","ower","","fl____","flower.mp3"],["quizliteracy","1","Description","word_word","umber","umber","amert","otion","","n_____","number.mp3"],["quizliteracy","1","Description","word_word","nana","ater","nana","tion","","ba____","banana.mp3"],["quizliteracy","1","Description","word_word","rest","tion","rest","ater","","fo___","forest.mp3"]]}]],0,0,[],[],[]],[[[0,"school",".mp3",1.128],-1],0,0,[],[],[]],[[{"name":"spelling_banana","rect":[0,0,370,273],"offset":[0,0],"originalSize":[370,273],"capInsets":[0,0,0,0]}],[1],0,[0],[0],[9]],[[[0,"flower",".mp3",1.08],-1],0,0,[],[],[]]]]