[1,["eb1MdNeapAQ4yiCmoj579D","265swsaqlHiJ+3ie4rVi/e","afdWxg26NCbYJQNsF+xjJm","88rCbQRK5MrZ3LSm8ef8sR","dbSi5l04BHbLyWkpsPSgUf","412ZsOCPNIUI79l4El6vQ3","76R6/obp1EKL5KXpRbyUy+","438QBl0DxJIqPbhKdRnON7","50Cn+1zw1Mlq7NVmVZhzZo","b4YGRo9ahLm5nYSGu3cUnd","a2hGH/9SROf6uWiob5NkoI","93wuKyn1xBPKj9kxI1YW9a","7aKdlwF8VPBpQjOJq4G5cY","cceaeK6utESZs/Em7rvnO1","3e1676HrRJcap0dD+gvvmU","51S1loIcJJOb9n6GcKXKOx","588JD5tahMBIfWgKH/COqi","f7mOJDia9GyLl5y8D4ubR9","8eVPvfFh5J2ov5MG2dx8Ve","bfH3JAsg1Bg466mnyuUR+F","adPY74OO5DMYDq/0ITUlzh","d8jo2w8bZLTaWwEvJsvwp9","4dYSBXHjRDXqQ2ThsC/7yD","37/rRGfQRGb5FVvuRL/GQU","b5mTnWNB1DH5aR12NmUg2B"],["_textureSetter"],["cc.SpriteFrame","cc.Texture2D",["cc.AudioClip",["_name","_native","duration"],0],["cc.JsonAsset",["_name","json"],1]],[[2,0,1,2,4],[3,0,1,3]],[[[[0,"3 o'clock",".mp3",1.123265],-1],0,0,[],[],[]],[[{"name":"2 o'clock","rect":[0,0,1350,1334],"offset":[0,0],"originalSize":[1350,1334],"capInsets":[0,0,0,0]}],[0],0,[0],[0],[0]],[[{"name":"1 o_clock","rect":[0,0,1350,1334],"offset":[0,0],"originalSize":[1350,1334],"capInsets":[0,0,0,0]}],[0],0,[0],[0],[1]],[[{"name":"7 o_clock ","rect":[0,0,1350,1334],"offset":[0,0],"originalSize":[1350,1334],"capInsets":[0,0,0,0]}],[0],0,[0],[0],[2]],[["0,9729,9729,33071,33071,0,0,1",-1],[1],0,[],[],[]],[[[0,"10 o'clock",".mp3",1.149388],-1],0,0,[],[],[]],[[[0,"6 o'clock",".mp3",0.966531],-1],0,0,[],[],[]],[[{"name":"3 o'clock","rect":[0,0,1350,1334],"offset":[0,0],"originalSize":[1350,1334],"capInsets":[0,0,0,0]}],[0],0,[0],[0],[3]],[["0,9729,9729,33071,33071,0,0,1",-1],[1],0,[],[],[]],[["0,9729,9729,33071,33071,0,0,1",-1],[1],0,[],[],[]],[[{"name":"9 o_clock ","rect":[0,0,1350,1334],"offset":[0,0],"originalSize":[1350,1334],"capInsets":[0,0,0,0]}],[0],0,[0],[0],[4]],[["0,9729,9729,33071,33071,0,0,1",-1],[1],0,[],[],[]],[["0,9729,9729,33071,33071,0,0,1",-1],[1],0,[],[],[]],[[[0,"1 o'clock",".mp3",0.966531],-1],0,0,[],[],[]],[["0,9729,9729,33071,33071,0,0,1",-1],[1],0,[],[],[]],[[{"name":"10 o_clock ","rect":[0,0,1350,1334],"offset":[0,0],"originalSize":[1350,1334],"capInsets":[0,0,0,0]}],[0],0,[0],[0],[5]],[[{"name":"1 o'clock","rect":[0,0,1350,1334],"offset":[0,0],"originalSize":[1350,1334],"capInsets":[0,0,0,0]}],[0],0,[0],[0],[6]],[["0,9729,9729,33071,33071,0,0,1",-1],[1],0,[],[],[]],[["0,9729,9729,33071,33071,0,0,1",-1],[1],0,[],[],[]],[[[0,"9 o'clock",".mp3",0.966531],-1],0,0,[],[],[]],[[{"name":"5 o_clock ","rect":[0,0,1350,1334],"offset":[0,0],"originalSize":[1350,1334],"capInsets":[0,0,0,0]}],[0],0,[0],[0],[7]],[["0,9729,9729,33071,33071,0,0,1",-1],[1],0,[],[],[]],[[{"name":"4 o'clock","rect":[0,0,1350,1334],"offset":[0,0],"originalSize":[1350,1334],"capInsets":[0,0,0,0]}],[0],0,[0],[0],[8]],[[{"name":"2 o_clock ","rect":[0,0,1350,1334],"offset":[0,0],"originalSize":[1350,1334],"capInsets":[0,0,0,0]}],[0],0,[0],[0],[9]],[["0,9729,9729,33071,33071,0,0,1",-1],[1],0,[],[],[]],[[{"name":"7 o'clock","rect":[0,0,1350,1334],"offset":[0,0],"originalSize":[1350,1334],"capInsets":[0,0,0,0]}],[0],0,[0],[0],[10]],[["0,9729,9729,33071,33071,0,0,1",-1],[1],0,[],[],[]],[[{"name":"9 o'clock","rect":[0,0,1350,1334],"offset":[0,0],"originalSize":[1350,1334],"capInsets":[0,0,0,0]}],[0],0,[0],[0],[11]],[["0,9729,9729,33071,33071,0,0,1",-1],[1],0,[],[],[]],[["0,9729,9729,33071,33071,0,0,1",-1],[1],0,[],[],[]],[[[1,"sl_en3619",{"rows":[["openwindow1","1","Description","LEGIT","1 o'clock","1 o'clock.png","7 o'clock.png","1 o'clock.mp3","abcdefghijklmnopqrstuvwxyz"],["openwindow1","1","Description","LEGIT","11 o'clock","11 o'clock.png","2 o'clock.png","11 o'clock.mp3","abcdefghijklmnopqrstuvwxyz"],["openwindow1","1","Description","LEGIT","9 o'clock","9 o'clock.png","8 o'clock.png","9 o'clock.mp3","abcdefghijklmnopqrstuvwxyz"],["openwindow1","1","Description","LEGIT","12 o'clock","12 o'clock.png","11 o'clock.png","12 o'clock.mp3","abcdefghijklmnopqrstuvwxyz"],["openwindow1","1","Description","LEGIT","7 o'clock","7 o'clock.png","1 o'clock.png","7 o'clock.mp3","abcdefghijklmnopqrstuvwxyz"],["openwindow1","1","Description","LEGIT","6 o'clock","6 o'clock.png","5 o'clock.png","6 o'clock.mp3","abcdefghijklmnopqrstuvwxyz"],["openwindow1","1","Description","LEGIT","3 o'clock","3 o'clock.png","9 o'clock.png","3 o'clock.mp3","abcdefghijklmnopqrstuvwxyz"],["openwindow1","1","Description","LEGIT","10 o'clock","10 o'clock.png","7 o'clock.png","10 o'clock.mp3","abcdefghijklmnopqrstuvwxyz"],["quizliteracy","1","Description","image_sentence","11 o'clock","10 o'clock","6 o'clock","11 o'clock","11 o'clock.png","","11 o'clock.mp3"],["quizliteracy","1","Description","soundonly_image","6 o'clock.png","6 o'clock.png","12 o'clock.png","3 o'clock.png","","","6 o'clock.mp3"],["quizliteracy","1","Description","image_sentence","10 o'clock","11 o'clock","10 o'clock","6 o'clock",".png","10 o'clock","10 o'clock.mp3"]]}]],0,0,[],[],[]],[["0,9729,9729,33071,33071,0,0,1",-1],[1],0,[],[],[]],[[{"name":"12 o_clock ","rect":[0,0,1350,1334],"offset":[0,0],"originalSize":[1350,1334],"capInsets":[0,0,0,0]}],[0],0,[0],[0],[12]],[[{"name":"11 o'clock","rect":[0,0,1350,1334],"offset":[0,0],"originalSize":[1350,1334],"capInsets":[0,0,0,0]}],[0],0,[0],[0],[13]],[["0,9729,9729,33071,33071,0,0,1",-1],[1],0,[],[],[]],[[{"name":"l7_hecandrive","rect":[0,0,868,689],"offset":[0,0],"originalSize":[868,689],"capInsets":[0,0,0,0]}],[0],0,[0],[0],[14]],[[{"name":"l5_shirtdirty","rect":[0,0,868,689],"offset":[0,0],"originalSize":[868,689],"capInsets":[0,0,0,0]}],[0],0,[0],[0],[15]],[[[0,"12 o'clock",".mp3",1.097143],-1],0,0,[],[],[]],[["0,9729,9729,33071,33071,0,0,1",-1],[1],0,[],[],[]],[["0,9729,9729,33071,33071,0,0,1",-1],[1],0,[],[],[]],[[[0,"6 O' clock",".mp3",0.966531],-1],0,0,[],[],[]],[["0,9729,9729,33071,33071,0,0,1",-1],[1],0,[],[],[]],[["0,9729,9729,33071,33071,0,0,1",-1],[1],0,[],[],[]],[["0,9729,9729,33071,33071,0,0,1",-1],[1],0,[],[],[]],[["0,9729,9729,33071,33071,0,0,1",-1],[1],0,[],[],[]],[[[0,"7 o'clock",".mp3",1.07102],-1],0,0,[],[],[]],[["0,9729,9729,33071,33071,0,0,1",-1],[1],0,[],[],[]],[[{"name":"5 o'clock","rect":[0,0,1350,1334],"offset":[0,0],"originalSize":[1350,1334],"capInsets":[0,0,0,0]}],[0],0,[0],[0],[16]],[["0,9729,9729,33071,33071,0,0,1",-1],[1],0,[],[],[]],[[[0,"11 o'clock",".mp3",1.123265],-1],0,0,[],[],[]],[[{"name":"8 o_clock ","rect":[0,0,1350,1334],"offset":[0,0],"originalSize":[1350,1334],"capInsets":[0,0,0,0]}],[0],0,[0],[0],[17]],[["0,9729,9729,33071,33071,0,0,1",-1],[1],0,[],[],[]],[[{"name":"11 o_clock ","rect":[0,0,1350,1334],"offset":[0,0],"originalSize":[1350,1334],"capInsets":[0,0,0,0]}],[0],0,[0],[0],[18]],[[{"name":"8 o'clock","rect":[0,0,1350,1334],"offset":[0,0],"originalSize":[1350,1334],"capInsets":[0,0,0,0]}],[0],0,[0],[0],[19]],[[{"name":"12 o'clock","rect":[0,0,1350,1334],"offset":[0,0],"originalSize":[1350,1334],"capInsets":[0,0,0,0]}],[0],0,[0],[0],[20]],[[{"name":"3 o_clock ","rect":[0,0,1350,1334],"offset":[0,0],"originalSize":[1350,1334],"capInsets":[0,0,0,0]}],[0],0,[0],[0],[21]],[["0,9729,9729,33071,33071,0,0,1",-1],[1],0,[],[],[]],[[{"name":"6 o'clock","rect":[0,0,1350,1334],"offset":[0,0],"originalSize":[1350,1334],"capInsets":[0,0,0,0]}],[0],0,[0],[0],[22]],[[{"name":"10 o'clock","rect":[0,0,1350,1334],"offset":[0,0],"originalSize":[1350,1334],"capInsets":[0,0,0,0]}],[0],0,[0],[0],[23]],[[{"name":"6 o_clock ","rect":[0,0,1350,1334],"offset":[0,0],"originalSize":[1350,1334],"capInsets":[0,0,0,0]}],[0],0,[0],[0],[24]]]]