[1,["10g4npuIdGganI34kXbbbv","3dd4t2aWVE0o4RqCisWP8W","97d3srqflH0oDRt1EzHxet","baVniYsjhAGIXl9gT7cVqP","91Xg6Z411CiLfUD/URGIDU","09eAnVLLxFQqwiHh3EgW8v","d4O0W0bjhNLYsG6iroyEpl","4aTZGc/GdKwr05gvBG9V4k","55EwVIvL9L3KqLD6eEOq6v","244iH0juxL6I2+YSiqb7WG","d1WEfP0nlAtbWavcXSenFv","b2sYLgcsNDl7Dc1RlZRuSq"],["_textureSetter"],["cc.Texture2D","cc.SpriteFrame",["cc.JsonAsset",["_name","json"],1]],[[2,0,1,3]],[[["0,9729,9729,33071,33071,0,0,1",-1],[0],0,[],[],[]],[[{"name":"longcube_red","rect":[0,0,344,176],"offset":[0,0],"originalSize":[344,176],"capInsets":[0,0,0,0]}],[1],0,[0],[0],[0]],[["0,9729,9729,33071,33071,0,0,1",-1],[0],0,[],[],[]],[[{"name":"star_purple","rect":[0,0,203,279],"offset":[0,0],"originalSize":[203,279],"capInsets":[0,0,0,0]}],[1],0,[0],[0],[1]],[["0,9729,9729,33071,33071,0,0,1",-1],[0],0,[],[],[]],[[{"name":"cylinder_red","rect":[0,0,314,129],"offset":[0,0],"originalSize":[314,129],"capInsets":[0,0,0,0]}],[1],0,[0],[0],[2]],[["0,9729,9729,33071,33071,0,0,1",-1],[0],0,[],[],[]],[[{"name":"star_red","rect":[0,0,308,127],"offset":[0,0],"originalSize":[308,127],"capInsets":[0,0,0,0]}],[1],0,[0],[0],[3]],[["0,9729,9729,33071,33071,0,0,1",-1],[0],0,[],[],[]],[[{"name":"star_diagonal","rect":[0,0,333,332],"offset":[0,0],"originalSize":[333,332],"capInsets":[0,0,0,0]}],[1],0,[0],[0],[4]],[["0,9729,9729,33071,33071,0,0,1",-1],[0],0,[],[],[]],[[{"name":"cone_purple","rect":[0,2,254,283],"offset":[0,-1],"originalSize":[254,285],"capInsets":[0,0,0,0]}],[1],0,[0],[0],[5]],[["0,9729,9729,33071,33071,0,0,1",-1],[0],0,[],[],[]],[[[0,"puzzle0013",{"rows":[["matchbox","1","Description","8.0","cylinder_red.png","cone_red.png","longcube_red.png","star_red.png","cylinder_purple.png","cone_purple.png","longcube_purple.png","star_purple.png"],["matchbox","1","Description","8.0","cylinder_purple.png","cone_purple.png","longcube_purple.png","star_purple.png","cylinder_diagonal.png","cone_diagonal.png","longcube_diagonal.png","star_diagonal.png"]]}]],0,0,[],[],[]],[[{"name":"longcube_purple","rect":[0,0,254,343],"offset":[0,0],"originalSize":[254,343],"capInsets":[0,0,0,0]}],[1],0,[0],[0],[6]],[["0,9729,9729,33071,33071,0,0,1",-1],[0],0,[],[],[]],[[{"name":"cylinder_purple","rect":[0,0,213,320],"offset":[0,0],"originalSize":[213,320],"capInsets":[0,0,0,0]}],[1],0,[0],[0],[7]],[["0,9729,9729,33071,33071,0,0,1",-1],[0],0,[],[],[]],[["0,9729,9729,33071,33071,0,0,1",-1],[0],0,[],[],[]],[[{"name":"cone_red","rect":[1,0,285,129],"offset":[0.5,0],"originalSize":[286,129],"capInsets":[0,0,0,0]}],[1],0,[0],[0],[8]],[["0,9729,9729,33071,33071,0,0,1",-1],[0],0,[],[],[]],[[{"name":"cylinder_diagonal","rect":[0,0,330,330],"offset":[0,0],"originalSize":[330,330],"capInsets":[0,0,0,0]}],[1],0,[0],[0],[9]],[["0,9729,9729,33071,33071,0,0,1",-1],[0],0,[],[],[]],[[{"name":"cone_diagonal","rect":[0,0,289,289],"offset":[-0.5,0.5],"originalSize":[290,290],"capInsets":[0,0,0,0]}],[1],0,[0],[0],[10]],[[{"name":"longcube_diagonal","rect":[0,0,355,325],"offset":[0,0],"originalSize":[355,325],"capInsets":[0,0,0,0]}],[1],0,[0],[0],[11]]]]