[1,["48E3fHgo1PjIKB2AtPLybB","10YMfszf9B+J3rEUnfiico","f3Ug5n7ZRE26k1e02TWfaw","8frreWC0xK+I7cC3pwgXR6","13MjJah7BI1agBoc0/6MS4","933rlpznFHQ4uiKuXSeGIF","d1TULTTlFLZou68dNVCM++","0elkEf+fJJMp2CIqsxjQ7l"],["_textureSetter"],["cc.SpriteFrame","cc.Texture2D",["cc.AudioClip",["_name","_native","duration"],0],["cc.JsonAsset",["_name","json"],1]],[[2,0,1,2,4],[3,0,1,3]],[[[{"name":"hand","rect":[0,0,640,427],"offset":[0,0],"originalSize":[640,427],"capInsets":[0,0,0,0]}],[0],0,[0],[0],[0]],[["0,9729,9729,33071,33071,0,0,1",-1],[1],0,[],[],[]],[["0,9729,9729,33071,33071,0,0,1",-1],[1],0,[],[],[]],[["0,9729,9729,33071,33071,0,0,1",-1],[1],0,[],[],[]],[[{"name":"game","rect":[0,0,640,427],"offset":[0,0],"originalSize":[640,427],"capInsets":[0,0,0,0]}],[0],0,[0],[0],[1]],[[{"name":"hay","rect":[0,0,640,427],"offset":[0,0],"originalSize":[640,427],"capInsets":[0,0,0,0]}],[0],0,[0],[0],[2]],[["0,9729,9729,33071,33071,0,0,1",-1],[1],0,[],[],[]],[[[0,"आंबा",".mp3",0.862041],-1],0,0,[],[],[]],[[[0,"हात",".mp3",0.672],-1],0,0,[],[],[]],[[[0,"हा शब्द कोणता आहे",".mp3",2.064],-1],0,0,[],[],[]],[[[0,"मित्र",".mp3",0.862041],-1],0,0,[],[],[]],[[[0,"माणूस",".mp3",0.940408],-1],0,0,[],[],[]],[["0,9729,9729,33071,33071,0,0,1",-1],[1],0,[],[],[]],[[{"name":"man","rect":[0,0,640,640],"offset":[0,0],"originalSize":[640,640],"capInsets":[0,0,0,0]}],[0],0,[0],[0],[3]],[["0,9729,9729,33071,33071,0,0,1",-1],[1],0,[],[],[]],[[[1,"mr3502",{"rows":[["spelldoor","1","Description","आंबा","आं*","0","0","mango.png","आंबा.mp3"],["openwindow","1","Description","LEGIT","हात","hand.png","leg.png","हात.mp3","हात"],["rocket","1","Description","खेळ","खे,ळ","खे,ळ","खेळ.mp3","game.png","False","False"],["spelldoor","1","Description","माणूस","माणू*","0","0","man.png","माणूस.mp3"],["openwindow","1","Description","LEGIT","मित्र","friend.png","tiger.png","मित्र.mp3","मित्र"],["rocket","1","Description","चारा","चा,रा","चा,रा","चारा.mp3","hay.png","False","False"],["quizliteracy","1","Description","sentence_sentence","आंबा","गाणं","केळं","आंबा","","हा शब्द कोणता आहे?","हा शब्द कोणता आहे.mp3"],["quizliteracy","1","Description","sentence_sentence","खेळ","पान","खेळ","गाणं","","हा शब्द कोणता आहे?","हा शब्द कोणता आहे.mp3"],["quizliteracy","1","Description","sentence_sentence","मित्र","मित्र","फुल","पान","","हा शब्द कोणता आहे?","हा शब्द कोणता आहे.mp3"]]}]],0,0,[],[],[]],[[{"name":"mango","rect":[0,0,640,530],"offset":[0,0],"originalSize":[640,530],"capInsets":[0,0,0,0]}],[0],0,[0],[0],[4]],[["0,9729,9729,33071,33071,0,0,1",-1],[1],0,[],[],[]],[[{"name":"leg","rect":[122,0,475,640],"offset":[61,0],"originalSize":[597,640],"capInsets":[0,0,0,0]}],[0],0,[0],[0],[5]],[[[0,"चारा",".mp3",0.809796],-1],0,0,[],[],[]],[["0,9729,9729,33071,33071,0,0,1",-1],[1],0,[],[],[]],[[{"name":"tiger","rect":[0,0,512,279],"offset":[0,0],"originalSize":[512,279],"capInsets":[0,0,0,0]}],[0],0,[0],[0],[6]],[[[0,"खेळ",".mp3",0.626939],-1],0,0,[],[],[]],[[{"name":"friend","rect":[0,0,640,426],"offset":[0,0],"originalSize":[640,426],"capInsets":[0,0,0,0]}],[0],0,[0],[0],[7]]]]