[1,["b7OeegRx5B5Y2NHXKXE3kp","65qsfWPIFKhZUskhpKcKT+","64RKhRtw9Ey4TrM+K5yn4O"],["_textureSetter"],["cc.Texture2D","cc.SpriteFrame",["cc.AudioClip",["_name","_native","duration"],0],["cc.JsonAsset",["_name","json"],1]],[[2,0,1,2,4],[3,0,1,3]],[[[[0,"shirt",".mp3",1.128],-1],0,0,[],[],[]],[[[0,"sh",".mp3",1.224],-1],0,0,[],[],[]],[[[0,"show",".mp3",0.912],-1],0,0,[],[],[]],[[[0,"i",".mp3",0.72],-1],0,0,[],[],[]],[[[0,"shampoo",".mp3",1.2],-1],0,0,[],[],[]],[[[0,"u",".mp3",0.936],-1],0,0,[],[],[]],[[[0,"t",".mp3",0.816],-1],0,0,[],[],[]],[["0,9729,9729,33071,33071,0,0,1",-1],[0],0,[],[],[]],[["0,9729,9729,33071,33071,0,0,1",-1],[0],0,[],[],[]],[[[1,"en1605",{"rows":[["phonictractor","1","Description","5","ship","ship.mp3","sh","sh.mp3","i","i.mp3","p","p.mp3"],["phonictractor","1","Description","5","shirt","shirt.mp3","sh","sh.mp3","ir","ir.mp3","t","t.mp3"],["phonictractor","1","Description","5","shop","shop.mp3","sh","sh.mp3","o","o.mp3","p","p.mp3"],["phonictractor","1","Description","5","shot","shot.mp3","sh","sh.mp3","o","o.mp3","t","t.mp3"],["phonictractor","1","Description","5","show","show.mp3","sh","sh.mp3","ow","ow.mp3"],["phonictractor","1","Description","5","shut","shut.mp3","sh","sh.mp3","u","u.mp3","t","t.mp3"],["rocket","1","Description","shampoo","sh,a,m,p,oo","sh,a,m,p,oo","shampoo.mp3","shampoo.png","false","false"],["rocket","1","Description","shirt","a,b,c,d,e,f,g,h,i,j,k,l,m,n,o,p,q,r,s,t,u,v,w,x,y,z","s,h,i,r,t","shirt.mp3","shirt.png","true","false"],["quizliteracy","1","Description","word_word","sh","sh","wh","th","","__ip","ship.mp3"],["quizliteracy","1","Description","soundonly_word","shirt","chin","shirt","short","","","shirt.mp3"],["quizliteracy","1","Description","soundonly_image","shampoo.png","shirt.png","shampoo.png","window.png","","","shampoo.mp3"],["quizliteracy","1","Description","soundonly_word","shut","gosh","shop","shut","","","shut.mp3"],["quizliteracy","1","Description","word_word","sh","th","wh","sh","","__ow","show.mp3"]]}]],0,0,[],[],[]],[[[0,"shop",".mp3",0.96],-1],0,0,[],[],[]],[[[0,"ow",".mp3",0.744],-1],0,0,[],[],[]],[[{"name":"shampoo","rect":[37,0,246,640],"offset":[0,0],"originalSize":[320,640],"capInsets":[0,0,0,0]}],[1],0,[0],[0],[0]],[[{"name":"window","rect":[10,3,287,251],"offset":[0,-0.5],"originalSize":[307,256],"capInsets":[0,0,0,0]}],[1],0,[0],[0],[1]],[[[0,"ir",".mp3",1.128],-1],0,0,[],[],[]],[["0,9729,9729,33071,33071,0,0,1",-1],[0],0,[],[],[]],[[[0,"o",".mp3",0.72],-1],0,0,[],[],[]],[[{"name":"shirt","rect":[0,0,785,667],"offset":[0,0],"originalSize":[785,667],"capInsets":[0,0,0,0]}],[1],0,[0],[0],[2]],[[[0,"p",".mp3",0.768],-1],0,0,[],[],[]],[[[0,"ship",".mp3",0.912],-1],0,0,[],[],[]],[[[0,"shut",".mp3",1.08],-1],0,0,[],[],[]],[[[0,"shot",".mp3",1.152],-1],0,0,[],[],[]]]]