[1,["5dP61tEV9KBYgWc8A44meS","5eabJb8VBGcq5wP9xB1iNR","efPj62r4RLt7wiz4Gu877D"],["_textureSetter"],["cc.SpriteFrame","cc.Texture2D",["cc.AudioClip",["_name","_native","duration"],0],["cc.JsonAsset",["_name","json"],1]],[[2,0,1,2,4],[3,0,1,3]],[[[{"name":"कुत्ता","rect":[0,0,499,512],"offset":[0,0],"originalSize":[499,512],"capInsets":[0,0,0,0]}],[0],0,[0],[0],[0]],[[[0,"प्रकृति",".mp3",1.149388],-1],0,0,[],[],[]],[["0,9729,9729,33071,33071,0,0,1",-1],[1],0,[],[],[]],[[{"name":"कृमि","rect":[0,0,512,299],"offset":[0,0],"originalSize":[512,299],"capInsets":[0,0,0,0]}],[0],0,[0],[0],[1]],[["0,9729,9729,33071,33071,0,0,1",-1],[1],0,[],[],[]],[[[1,"hi0909",{"rows":[["rocket","1","Description","प्रकृति","प्र,कृ,ति","प्र,कृ,ति","प्रकृति.mp3","प्रकृति.png","false ","true "],["phonictractor","1","Description","5","कृपा","कृपा.mp3","कृ","कृ.mp3","पा","पा.mp3"],["phonictractor","1","Description","5","कृति","कृति.mp3","कृ","कृ.mp3","ति","ति.mp3"],["openwindow","1","Description","LEGIT","कृ,मि","कृमि.png","कुत्ता.png","कृमि.mp3","कृ,मि"],["bubbletype","1","Description","10","6","क का कि की कु कू कृ","","","","","","क का कि की कु कू कृ"],["quizliteracy","1","Description","soundonly_word","प्रकृति","प्रकृति","बालक","कचरा","","","प्रकृति.mp3"],["quizliteracy","1","Description","image_word","प्रकृति","पुराना","प्रकृति","बारिश","प्रकृति.png"],["quizliteracy","1","Description","word_word","कृ","कृ","के","कू","","कृ"]]}]],0,0,[],[],[]],[[{"name":"प्रकृति","rect":[0,0,271,271],"offset":[0,0],"originalSize":[271,271],"capInsets":[0,0,0,0]}],[0],0,[0],[0],[2]],[[[0,"कृति",".mp3",1.728],-1],0,0,[],[],[]],[["0,9729,9729,33071,33071,0,0,1",-1],[1],0,[],[],[]],[[[0,"कृपा",".mp3",1.296],-1],0,0,[],[],[]]]]