[1,["1fvBtKKt5MypeyTQcHQ6gC","5aPALoCh9EiKDb/2E84Np5"],["_textureSetter"],["cc.Texture2D","cc.SpriteFrame",["cc.AudioClip",["_name","_native","duration"],0],["cc.JsonAsset",["_name","json"],1]],[[2,0,1,2,4],[3,0,1,3]],[[[[0,"ಡ್ಡ",".mp3",0.624],-1],0,0,[],[],[]],[["0,9729,9729,33071,33071,0,0,1",-1],[0],0,[],[],[]],[[[0,"ದೊಡ್ಡ",".mp3",0.672],-1],0,0,[],[],[]],[[[0,"ಕೀವಿ",".mp3",0.696],-1],0,0,[],[],[]],[[{"name":"rabbit_ears","rect":[0,0,800,534],"offset":[0,0],"originalSize":[800,534],"capInsets":[0,0,0,0]}],[1],0,[0],[0],[0]],[[[0,"ದೊ",".mp3",0.552],-1],0,0,[],[],[]],[["0,9729,9729,33071,33071,0,0,1",-1],[0],0,[],[],[]],[[[0,"ಕಿವಿ",".mp3",0.648],-1],0,0,[],[],[]],[[[0,"ಚಂದ",".mp3",0.744],-1],0,0,[],[],[]],[[[0,"ದ",".mp3",0.504],-1],0,0,[],[],[]],[[[0,"ದ್ದು",".mp3",0.696],-1],0,0,[],[],[]],[[[0,"ಎದ್ದು",".mp3",0.696],-1],0,0,[],[],[]],[[{"name":"tail","rect":[0,0,533,800],"offset":[0,0],"originalSize":[533,800],"capInsets":[0,0,0,0]}],[1],0,[0],[0],[1]],[[[0,"ಎ",".mp3",0.504],-1],0,0,[],[],[]],[[[0,"ಬಾಲ",".mp3",0.696],-1],0,0,[],[],[]],[[[0,"ಚಂ",".mp3",0.576],-1],0,0,[],[],[]],[[[1,"kn3602",{"rows":[["spelldoor","1","Description","ಬಾಲ","*ಲ","0","0","tail.png","ಬಾಲ.mp3"],["phonictractor","1","Description","4","ದೊಡ್ಡ","ದೊಡ್ಡ.mp3","ದೊ","ದೊ.mp3","ಡ್ಡ","ಡ್ಡ.mp3"],["spelldoor","1","Description","ಕಿವಿ","**","0","0","rabbit_ears.png","ಕಿವಿ.mp3"],["phonictractor","1","Description","4","ಚಂದ","ಚಂದ.mp3","ಚಂ","ಚಂ.mp3","ದ","ದ.mp3"],["phonictractor","1","Description","4","ಎದ್ದು","ಎದ್ದು.mp3","ಎ","ಎ.mp3","ದ್ದು","ದ್ದು.mp3"],["quizliteracy","1","Description","word_word","ಲ","ಲ","ಗಿಲು","ಲಿಕೆ","","ಬಾ____","ಬಾಲ.mp3"],["quizliteracy","1","Description","image_word","ಕಿವಿ","ಚಂದ","ಕಿವಿ","ಎದ್ದು","rabbit_ears.png"],["quizliteracy","1","Description","soundonly_word","ಎದ್ದು","ಚಂದ","ದೊಡ್ಡ","ಎದ್ದು","","","ಎದ್ದು.mp3"]]}]],0,0,[],[],[]]]]