[1,["935Ot3Nn1EcKlXzy0ZV5fr","78VV8B24JJkLRsgAhxHfVd","06Q1CnFpdPyLUw1YN2pN9N","9fO7BVr4NPPo1VUEAhMEjG","7e8dIhigNJ2qVbrmS6/rL9","bcM8ZLMIlA+YirBhSRLF0F","69PAF85QpFEZiPD6oXuIQb","4eCwbfWPtJUqjehO5IBQ6w","bepK80m5VGVZitkjVFiGai","4eIkzPmDhHho/xcukKOGc1","bf2j+M3gpM34dZp064joMi","b4BARUQ0BCcKmHJ7zC8kXp"],["_textureSetter"],["cc.SpriteFrame","cc.Texture2D",["cc.AudioClip",["_name","_native","duration"],0],["cc.JsonAsset",["_name","json"],1]],[[2,0,1,2,4],[3,0,1,3]],[[[{"name":"15","rect":[0,0,850,560],"offset":[0,0],"originalSize":[850,560],"capInsets":[0,0,0,0]}],[0],0,[0],[0],[0]],[["0,9729,9729,33071,33071,0,0,1",-1],[1],0,[],[],[]],[[{"name":"3","rect":[0,0,512,503],"offset":[0,0],"originalSize":[512,503],"capInsets":[0,0,0,0]}],[0],0,[0],[0],[1]],[[[0,"5",".mp3",0.783673],-1],0,0,[],[],[]],[[{"name":"7","rect":[0,0,512,503],"offset":[0,0],"originalSize":[512,503],"capInsets":[0,0,0,0]}],[0],0,[0],[0],[2]],[[{"name":"14","rect":[0,0,835,560],"offset":[0,0],"originalSize":[835,560],"capInsets":[0,0,0,0]}],[0],0,[0],[0],[3]],[[[0,"12",".mp3",0.992653],-1],0,0,[],[],[]],[[[0,"15",".mp3",0.940408],-1],0,0,[],[],[]],[[{"name":"13","rect":[0,0,842,534],"offset":[0,0],"originalSize":[842,534],"capInsets":[0,0,0,0]}],[0],0,[0],[0],[4]],[[{"name":"11","rect":[0,0,839,566],"offset":[0,0],"originalSize":[839,566],"capInsets":[0,0,0,0]}],[0],0,[0],[0],[5]],[[{"name":"9","rect":[0,0,512,503],"offset":[0,0],"originalSize":[512,503],"capInsets":[0,0,0,0]}],[0],0,[0],[0],[6]],[["0,9729,9729,33071,33071,0,0,1",-1],[1],0,[],[],[]],[["0,9729,9729,33071,33071,0,0,1",-1],[1],0,[],[],[]],[[{"name":"1","rect":[0,0,900,566],"offset":[0,0],"originalSize":[900,566],"capInsets":[0,0,0,0]}],[0],0,[0],[0],[7]],[[{"name":"12","rect":[0,0,854,568],"offset":[0,0],"originalSize":[854,568],"capInsets":[0,0,0,0]}],[0],0,[0],[0],[8]],[["0,9729,9729,33071,33071,0,0,1",-1],[1],0,[],[],[]],[["0,9729,9729,33071,33071,0,0,1",-1],[1],0,[],[],[]],[[[0,"7",".mp3",0.809796],-1],0,0,[],[],[]],[["0,9729,9729,33071,33071,0,0,1",-1],[1],0,[],[],[]],[["0,9729,9729,33071,33071,0,0,1",-1],[1],0,[],[],[]],[[{"name":"8","rect":[0,0,512,503],"offset":[0,0],"originalSize":[512,503],"capInsets":[0,0,0,0]}],[0],0,[0],[0],[9]],[["0,9729,9729,33071,33071,0,0,1",-1],[1],0,[],[],[]],[[{"name":"5","rect":[0,0,512,503],"offset":[0,0],"originalSize":[512,503],"capInsets":[0,0,0,0]}],[0],0,[0],[0],[10]],[["0,9729,9729,33071,33071,0,0,1",-1],[1],0,[],[],[]],[[[0,"6",".mp3",0.835918],-1],0,0,[],[],[]],[["0,9729,9729,33071,33071,0,0,1",-1],[1],0,[],[],[]],[[[1,"sl_en3502",{"rows":[["openwindow1","1","Description","LEGIT","one","1.png","9.png","1.mp3","abcdefghijklmnopqrstuvwxyz"],["openwindow1","1","Description","LEGIT","thirteen","13.png","11.png","13.mp3","abcdefghijklmnopqrstuvwxyz"],["openwindow1","1","Description","LEGIT","five","5.png","8.png","5.mp3","abcdefghijklmnopqrstuvwxyz"],["openwindow1","1","Description","LEGIT","twelve","12.png","14.png","12.mp3","abcdefghijklmnopqrstuvwxyz"],["openwindow1","1","Description","LEGIT","six","6.png","1.png","6.mp3","abcdefghijklmnopqrstuvwxyz"],["openwindow1","1","Description","LEGIT","three","3.png","13.png","3.mp3","abcdefghijklmnopqrstuvwxyz"],["openwindow1","1","Description","LEGIT","fifteen","15.png","5.png","15.mp3","abcdefghijklmnopqrstuvwxyz"],["openwindow1","1","Description","LEGIT","seven","7.png","12.png","7.mp3","abcdefghijklmnopqrstuvwxyz"],["quizliteracy","1","Description","image_sentence","one","one","thirteen","six","1.png","","1.mp3"],["quizliteracy","1","Description","image_sentence","five","nine","five","seven","5.png","","5.mp3"],["quizliteracy","1","Description","image_sentence","three","four","two","three","3.png","","3.mp3"]]}]],0,0,[],[],[]],[["0,9729,9729,33071,33071,0,0,1",-1],[1],0,[],[],[]],[["0,9729,9729,33071,33071,0,0,1",-1],[1],0,[],[],[]],[[[0,"13",".mp3",1.07102],-1],0,0,[],[],[]],[[[0,"1",".mp3",0.757551],-1],0,0,[],[],[]],[[[0,"3",".mp3",0.731429],-1],0,0,[],[],[]],[[{"name":"6","rect":[0,0,512,503],"offset":[0,0],"originalSize":[512,503],"capInsets":[0,0,0,0]}],[0],0,[0],[0],[11]]]]