[1,["04N6N7bqdFmYzQFHXgjhsj"],["_textureSetter"],["cc.Texture2D","cc.SpriteFrame",["cc.JsonAsset",["_name","json"],1]],[[2,0,1,3]],[[["0,9729,9729,33071,33071,0,0,1",-1],[0],0,[],[],[]],[[[0,"sl_en3004",{"rows":[["createsentence","1","Description","I/feel/so/happy/today.","","happy.png","I_feel_so_happy_today.mp3"],["createsentence","1","Description","I/am/sad.","","sad.png","I_am_sad.mp3"],["createsentence","1","Description","He/is/angry.","","angry_boy.png","he_is_angry.mp3"],["createsentence","1","Description","She/is/curious.","","curious_girl.png","she_is_curious.mp3"],["createsentence","1","Description","I/feel/tired.","","tired.png","I_feel_tired.mp3"],["createsentence","1","Description","I/feel/shy.","","shy.png","I_feel_shy.mp3"],["createsentence","1","Description","I/am/afraid.","","afraid.png","I_am_afraid.mp3"],["createsentence","1","Description","I/feel/so/bored.","","bored.png","I_feel_so_bored.mp3"],["quizliteracy","1","Description","1","Description","sentence_sentence","sad","afraid","bored","sad","","I am ___.","I_am_sad.mp3"],["quizliteracy","1","Description","1","Description","sentence_sentence","afraid","sad","afraid","shy","","I am ______.","I_am_afraid.mp3"],["quizliteracy","1","Description","1","Description","sentence_sentence","bored","bored","tired","happy","","I feel so _____.","I_feel_so_bored.mp3"]]}]],0,0,[],[],[]],[[{"name":"happy","rect":[0,0,546,546],"offset":[0,0],"originalSize":[546,546],"capInsets":[0,0,0,0]}],[1],0,[0],[0],[0]]]]