[1,["b21XXGDhNELp7ppUQLgReZ","abCe7gVnVAqYmqtZAvIc+P","93UIthg/hE9Z/64s2SBNSK","88vxtPSwpJCI9lWhEZTDi+","05U+gd8q1N848kYuxDvb5U","7eq2jNNkpHxoZA0nQWUYpp","e6FNKQvBlHGZot6GstiPTa","18dVAZGA1Gt7lE/0+gO04Z","19tk4+375H5IJkFX0+8SS+","97tVjU4FdLlYeV1YOsHpsz"],["_textureSetter"],["cc.Texture2D","cc.SpriteFrame",["cc.AudioClip",["_name","_native","duration"],0],["cc.JsonAsset",["_name","json"],1]],[[2,0,1,2,4],[3,0,1,3]],[[["0,9729,9729,33071,33071,0,0,1",-1],[0],0,[],[],[]],[["0,9729,9729,33071,33071,0,0,1",-1],[0],0,[],[],[]],[["0,9729,9729,33071,33071,0,0,1",-1],[0],0,[],[],[]],[[[0,"घास",".mp3",0.783673],-1],0,0,[],[],[]],[[{"name":"तबला","rect":[0,0,193,153],"offset":[0,0],"originalSize":[193,153],"capInsets":[0,0,0,0]}],[1],0,[0],[0],[0]],[[{"name":"खाना","rect":[0,0,656,604],"offset":[0,0],"originalSize":[656,604],"capInsets":[0,0,0,0]}],[1],0,[0],[0],[1]],[[[0,"हवा",".mp3",0.705306],-1],0,0,[],[],[]],[[{"name":"बाघ","rect":[0,2,271,269],"offset":[0,-1],"originalSize":[271,271],"capInsets":[0,0,0,0]}],[1],0,[0],[0],[2]],[[{"name":"चार","rect":[0,0,271,271],"offset":[0,0],"originalSize":[271,271],"capInsets":[0,0,0,0]}],[1],0,[0],[0],[3]],[["0,9729,9729,33071,33071,0,0,1",-1],[0],0,[],[],[]],[[[0,"घडा",".mp3",0.679184],-1],0,0,[],[],[]],[[[0,"बाल",".mp3",0.653061],-1],0,0,[],[],[]],[["0,9729,9729,33071,33071,0,0,1",-1],[0],0,[],[],[]],[["0,9729,9729,33071,33071,0,0,1",-1],[0],0,[],[],[]],[[{"name":"माता","rect":[0,0,370,273],"offset":[0,0],"originalSize":[370,273],"capInsets":[0,0,0,0]}],[1],0,[0],[0],[4]],[[{"name":"बाल","rect":[0,0,193,153],"offset":[0,0],"originalSize":[193,153],"capInsets":[0,0,0,0]}],[1],0,[0],[0],[5]],[[[0,"बाप",".mp3",0.731429],-1],0,0,[],[],[]],[["0,9729,9729,33071,33071,0,0,1",-1],[0],0,[],[],[]],[[[1,"hi0503",{"rows":[["spelldoor","1","Description","पापा","*प","0","1","बाप.png","पापा.mp3"],["spelldoor","1","Description","माता","मा*","0","1","माता.png","माता.mp3"],["spelldoor","1","Description","घास","*स","0","1","घास.png","घास.mp3"],["spelldoor","1","Description","खाना","*ना","0","1","खाना.png","खाना.mp3"],["spelldoor","1","Description","चार","*र","0","1","चार.png","चार.mp3"],["openwindow","1","Description","LEGIT","बा,ल","बाल.png","घास.png","बाल.mp3","ज,ग,न,ल,फ,छा,ता,र,थ,व,न,घ,ट्र,क,घो,ड़ा,हा,थी,आ,म,स"],["openwindow","1","Description","LEGIT","घ,ड़ा","घडा.png","तबला.png","घडा.mp3","ज,ग,न,ल,फ,छा,ता,र,थ,व,न,घ,ट्र,क,घो,ड़ा,हा,थी,आ,म,स"],["rocket","1","Description","चार","चा,र","चा,र","चार.mp3","चार.png","false ","false "],["rocket","1","Description","बाघ","बा,घ","बा,घ","बाघ.mp3","बाघ.png","false ","false "],["rocket","1","Description","हवा","ह,वा","ह,वा","हवा.mp3","हवा.png","false ","false "],["quizliteracy","1","Description","soundonly_word","माता","खाना","माता","चार","","","माता.mp3"],["quizliteracy","1","Description","image_word","बाप","माता","चार","बाप","बाप.png"],["quizliteracy","1","Description","soundonly_word","बाघ","चार","बाप","बाघ","","","बाघ.mp3"]]}]],0,0,[],[],[]],[[[0,"माता",".mp3",0.757551],-1],0,0,[],[],[]],[["0,9729,9729,33071,33071,0,0,1",-1],[0],0,[],[],[]],[[[0,"पापा",".mp3",0.96],-1],0,0,[],[],[]],[["0,9729,9729,33071,33071,0,0,1",-1],[0],0,[],[],[]],[[{"name":"घडा","rect":[0,0,193,153],"offset":[0,0],"originalSize":[193,153],"capInsets":[0,0,0,0]}],[1],0,[0],[0],[6]],[[[0,"बाघ",".mp3",0.888163],-1],0,0,[],[],[]],[[[0,"खाना",".mp3",0.912],-1],0,0,[],[],[]],[[{"name":"बाप","rect":[0,0,370,273],"offset":[0,0],"originalSize":[370,273],"capInsets":[0,0,0,0]}],[1],0,[0],[0],[7]],[[[0,"चार",".mp3",0.914286],-1],0,0,[],[],[]],[[{"name":"हवा","rect":[0,0,271,271],"offset":[0,0],"originalSize":[271,271],"capInsets":[0,0,0,0]}],[1],0,[0],[0],[8]],[["0,9729,9729,33071,33071,0,0,1",-1],[0],0,[],[],[]],[[{"name":"घास","rect":[0,0,193,153],"offset":[0,0],"originalSize":[193,153],"capInsets":[0,0,0,0]}],[1],0,[0],[0],[9]]]]