[1,["a68s46IF1GvrrR/LgaRbsl","9chy4PzxhMyZ5mZSfho4i5","95c5RCXPVNQKGhsBfMVfP4","54HllOOy9BKrzyX9iI4nQj","97QoBO5KlI64jYpbC155fW"],["_textureSetter"],["cc.SpriteFrame","cc.Texture2D",["cc.AudioClip",["_name","_native","duration"],0],["cc.JsonAsset",["_name","json"],1]],[[2,0,1,2,4],[3,0,1,3]],[[[[0,"ಪಾದ",".mp3",0.696],-1],0,0,[],[],[]],[[{"name":"cobra","rect":[0,0,410,512],"offset":[0,0],"originalSize":[410,512],"capInsets":[0,0,0,0]}],[0],0,[0],[0],[0]],[[[0,"ನಾಗರ",".mp3",0.768],-1],0,0,[],[],[]],[[{"name":"ganapathi","rect":[0,0,512,342],"offset":[0,0],"originalSize":[512,342],"capInsets":[0,0,0,0]}],[0],0,[0],[0],[1]],[[{"name":"foot","rect":[0,0,341,512],"offset":[0,0],"originalSize":[341,512],"capInsets":[0,0,0,0]}],[0],0,[0],[0],[2]],[[[0,"ತಾತ",".mp3",0.696],-1],0,0,[],[],[]],[["0,9729,9729,33071,33071,0,0,1",-1],[1],0,[],[],[]],[[{"name":"grandfather","rect":[0,0,500,406],"offset":[0,0],"originalSize":[500,406],"capInsets":[0,0,0,0]}],[0],0,[0],[0],[3]],[["0,9729,9729,33071,33071,0,0,1",-1],[1],0,[],[],[]],[["0,9729,9729,33071,33071,0,0,1",-1],[1],0,[],[],[]],[["0,9729,9729,33071,33071,0,0,1",-1],[1],0,[],[],[]],[[[0,"ಗಜಾನನಾ",".mp3",0.936],-1],0,0,[],[],[]],[["0,9729,9729,33071,33071,0,0,1",-1],[1],0,[],[],[]],[[[1,"kn3807",{"rows":[["spelldoor","1","Description","ತಾತ","*ತ","0","0","grandfather.png","ತಾತ.mp3"],["spelldoor","1","Description","ದಾರ","*ರ","0","0","thread.png","ದಾರ.mp3"],["spelldoor","1","Description","ನಾಗರ","*ಗರ","0","0","cobra.png","ನಾಗರ.mp3"],["spelldoor","1","Description","ಗಜಾನನಾ","ಗ*ನನಾ","0","0","ganapathi.png","ಗಜಾನನಾ.mp3"],["spelldoor","1","Description","ಪಾದ","*ದ","0","0","foot.png","ಪಾದ.mp3"],["quizliteracy","1","Description","word_word","ಗಜಾ","ಗಜಾ","ಹಮಾ","ಕರಾ","","____ನನಾ","ಗಜಾನನಾ.mp3"],["quizliteracy","1","Description","image_word","ತಾತ","ದಾರ","ತಾತ","ಪಾದ","grandfather.png"],["quizliteracy","1","Description","soundonly_word","ನಾಗರ","ದಾರ","ಪಾದ","ನಾಗರ","","","ನಾಗರ.mp3"]]}]],0,0,[],[],[]],[[[0,"ದಾರ",".mp3",0.696],-1],0,0,[],[],[]],[[{"name":"thread","rect":[0,0,512,512],"offset":[0,0],"originalSize":[512,512],"capInsets":[0,0,0,0]}],[0],0,[0],[0],[4]]]]