[1,["b71aTMl+FM/rmK6lyBW7+O","64qYfvmSpLiqSMSE6bTLrQ","6edpIdM8hDa46YNzC+FZFl","e0FgfUrjpEZZWW9DTBKLwz","621SQx5/9NWImCWxNJZdBZ","bay4QC2e5FQ4hAMdyBQJKR","4a7rMP+YZB4aJiwBv6W7FM","3bD5GiiRBLoJjw/0UlXBqT","9f2V2VrvBJhphHwaE1Cg4a"],["_textureSetter"],["cc.SpriteFrame","cc.Texture2D",["cc.JsonAsset",["_name","json"],1]],[[2,0,1,3]],[[[{"name":"book_en_305_page_1","rect":[0,0,770,517],"offset":[0,0],"originalSize":[770,517],"capInsets":[0,0,0,0]}],[0],0,[0],[0],[0]],[[[0,"bunty_and_bubbly",{"rows":[["story","1","titlePage","1","S","Where is My Bat?","book_en_305_page_0.png","P","book_en_305_page_0_1.m4a"],["story","1","description","2","S","Bill is looking for his sports bat.","book_en_305_page_1.png","P","book_en_305_page_1_1.m4a"],["story","1","description","3","S","Is it behind the door? Let's see.","book_en_305_page_2.png","P","book_en_305_page_2_1.m4a,book_en_305_page_2_2.m4a"],["story","1","description","4","S","Is it on top of the shelf? Hmm. No.","book_en_305_page_3.png","P","book_en_305_page_3_1.m4a,book_en_305_page_3_2.m4a,book_en_305_page_3_3.m4a"],["story","1","description","5","S","Is it under the bed? \"Oh,\" no.","book_en_305_page_4.png","P","book_en_305_page_4_1.m4a,book_en_305_page_4_2.m4a"],["story","1","description","6","S","Is it in the trunk? \"Oh,\" dear.","book_en_305_page_5.png","P","book_en_305_page_5_1.m4a,book_en_305_page_5_2.m4a"],["story","1","description","7","S","Is it upstairs? Uh oh.","book_en_305_page_6.png","P","book_en_305_page_6_1.m4a,book_en_305_page_6_2.m4a"],["story","1","description","8","S","Bill is really confused. Where is his sports bat?","book_en_305_page_7.png","P","book_en_305_page_7_1.m4a,book_en_305_page_7_2.m4a"]]}]],0,0,[],[],[]],[[{"name":"book_en_305_page_8","rect":[0,0,771,517],"offset":[0,0],"originalSize":[771,517],"capInsets":[0,0,0,0]}],[0],0,[0],[0],[1]],[["0,9729,9729,33071,33071,0,0,1",-1],[1],0,[],[],[]],[["0,9729,9729,33071,33071,0,0,1",-1],[1],0,[],[],[]],[[{"name":"book_en_305_page_7","rect":[0,0,772,511],"offset":[0,0],"originalSize":[772,511],"capInsets":[0,0,0,0]}],[0],0,[0],[0],[2]],[[{"name":"book_en_305_page_2","rect":[0,0,772,508],"offset":[0,0],"originalSize":[772,508],"capInsets":[0,0,0,0]}],[0],0,[0],[0],[3]],[["0,9729,9729,33071,33071,0,0,1",-1],[1],0,[],[],[]],[["0,9729,9729,33071,33071,0,0,1",-1],[1],0,[],[],[]],[["0,9729,9729,33071,33071,0,0,1",-1],[1],0,[],[],[]],[[{"name":"book_en_305_page_3","rect":[0,0,643,521],"offset":[0,0],"originalSize":[643,521],"capInsets":[0,0,0,0]}],[0],0,[0],[0],[4]],[[{"name":"book_en_305_page_6","rect":[0,0,767,507],"offset":[0,0],"originalSize":[767,507],"capInsets":[0,0,0,0]}],[0],0,[0],[0],[5]],[["0,9729,9729,33071,33071,0,0,1",-1],[1],0,[],[],[]],[[{"name":"book_en_305_page_0","rect":[0,0,1560,1096],"offset":[0,0],"originalSize":[1560,1096],"capInsets":[0,0,0,0]}],[0],0,[0],[0],[6]],[[{"name":"book_en_305_page_5","rect":[0,0,770,516],"offset":[0,0],"originalSize":[770,516],"capInsets":[0,0,0,0]}],[0],0,[0],[0],[7]],[["0,9729,9729,33071,33071,0,0,1",-1],[1],0,[],[],[]],[["0,9729,9729,33071,33071,0,0,1",-1],[1],0,[],[],[]],[[{"name":"book_en_305_page_4","rect":[0,0,770,514],"offset":[0,0],"originalSize":[770,514],"capInsets":[0,0,0,0]}],[0],0,[0],[0],[8]],[["0,9729,9729,33071,33071,0,0,1",-1],[1],0,[],[],[]]]]