[1,["9edl16dK5I9ILl5svuWktG","acXWMYHWdBdL+ChG3jL8sa","0cGqcKbxNM265zXsTXUMiD","8ebKaPYVdCh65AwjYpgrwC","2fz9Wyl59K1blgH/SVUI5g","b8aoIXgG1FPoheHejL1SuT","13HuD3sH1OlaTXXL8Ix4os","8bXoIXNEBBnYff7gvRVu0P","07vlKalmROAq2w5/j4/yvG","25rW/tIppEPqN9uM5bBCIL","0fr9YzuypNMqMWe88YIvMq","517+ILmcRL0JQ3IoZGP82r","1bXf0TcJ5EH4ReGgUvIR3D","f28P3VKyZIdIIshWHyqYXf","7aaIHOhyVHvKcAcZKTY65g","20TxqOK1ZMPonovCJCZOhT","37c1Y/1V9ClZoLtoMnFNN6","51C/faG2FI1ZJ6jIX3AY1n","864OJfMmJD2Ynv8OWJG459","445a2/mgdNV7FneP/WooWc","769/XfQt5Lx64gUDI0EZCW"],["_textureSetter"],["cc.SpriteFrame","cc.Texture2D",["cc.AudioClip",["_name","_native","duration"],0],["cc.JsonAsset",["_name","json"],1]],[[2,0,1,2,4],[3,0,1,3]],[[[{"name":"l3_3pails","rect":[0,0,868,689],"offset":[0,0],"originalSize":[868,689],"capInsets":[0,0,0,0]}],[0],0,[0],[0],[0]],[["0,9729,9729,33071,33071,0,0,1",-1],[1],0,[],[],[]],[[{"name":"l4_2circles2squares","rect":[0,0,868,689],"offset":[0,0],"originalSize":[868,689],"capInsets":[0,0,0,0]}],[0],0,[0],[0],[1]],[[{"name":"l3_2ants","rect":[0,0,868,689],"offset":[0,0],"originalSize":[868,689],"capInsets":[0,0,0,0]}],[0],0,[0],[0],[2]],[[[0,"One_girl",".mp3",0.992653],-1],0,0,[],[],[]],[["0,9729,9729,33071,33071,0,0,1",-1],[1],0,[],[],[]],[["0,9729,9729,33071,33071,0,0,1",-1],[1],0,[],[],[]],[[{"name":"l3_5ants","rect":[0,0,868,689],"offset":[0,0],"originalSize":[868,689],"capInsets":[0,0,0,0]}],[0],0,[0],[0],[3]],[[{"name":"l4_3circles1square","rect":[0,0,868,689],"offset":[0,0],"originalSize":[868,689],"capInsets":[0,0,0,0]}],[0],0,[0],[0],[4]],[[[0,"One_car",".mp3",1.07102],-1],0,0,[],[],[]],[["0,9729,9729,33071,33071,0,0,1",-1],[1],0,[],[],[]],[[[0,"A_lemon_and_two_tomatoes",".mp3",2.507755],-1],0,0,[],[],[]],[[{"name":"l4_2lemons2tomatos","rect":[0,0,868,689],"offset":[0,0],"originalSize":[868,689],"capInsets":[0,0,0,0]}],[0],0,[0],[0],[5]],[["0,9729,9729,33071,33071,0,0,1",-1],[1],0,[],[],[]],[["0,9729,9729,33071,33071,0,0,1",-1],[1],0,[],[],[]],[["0,9729,9729,33071,33071,0,0,1",-1],[1],0,[],[],[]],[[[0,"Four_pails",".mp3",1.410612],-1],0,0,[],[],[]],[[{"name":"l3_3balls","rect":[0,0,868,689],"offset":[0,0],"originalSize":[868,689],"capInsets":[0,0,0,0]}],[0],0,[0],[0],[6]],[[{"name":"l3_4pails","rect":[0,0,868,689],"offset":[0,0],"originalSize":[868,689],"capInsets":[0,0,0,0]}],[0],0,[0],[0],[7]],[["0,9729,9729,33071,33071,0,0,1",-1],[1],0,[],[],[]],[[{"name":"l4_1lime2tomatos","rect":[0,0,868,689],"offset":[0,0],"originalSize":[868,689],"capInsets":[0,0,0,0]}],[0],0,[0],[0],[8]],[["0,9729,9729,33071,33071,0,0,1",-1],[1],0,[],[],[]],[[[0,"Three_circles_and_a_square",".mp3",1.959184],-1],0,0,[],[],[]],[[[0,"Two_lemons_and_a_tomato",".mp3",1.959184],-1],0,0,[],[],[]],[[{"name":"l3_car","rect":[0,0,868,689],"offset":[0,0],"originalSize":[868,689],"capInsets":[0,0,0,0]}],[0],0,[0],[0],[9]],[[[0,"Two_pails",".mp3",1.17551],-1],0,0,[],[],[]],[["0,9729,9729,33071,33071,0,0,1",-1],[1],0,[],[],[]],[[{"name":"l3_5balls","rect":[0,0,868,689],"offset":[0,0],"originalSize":[868,689],"capInsets":[0,0,0,0]}],[0],0,[0],[0],[10]],[[{"name":"l4_1circle3squares","rect":[0,0,868,689],"offset":[0,0],"originalSize":[868,689],"capInsets":[0,0,0,0]}],[0],0,[0],[0],[11]],[["0,9729,9729,33071,33071,0,0,1",-1],[1],0,[],[],[]],[["0,9729,9729,33071,33071,0,0,1",-1],[1],0,[],[],[]],[[{"name":"l4_2lemons1tomato","rect":[0,0,868,689],"offset":[0,0],"originalSize":[868,689],"capInsets":[0,0,0,0]}],[0],0,[0],[0],[12]],[[[0,"Two_boys",".mp3",1.17551],-1],0,0,[],[],[]],[[{"name":"l3_2boys","rect":[0,0,868,689],"offset":[0,0],"originalSize":[868,689],"capInsets":[0,0,0,0]}],[0],0,[0],[0],[13]],[[[0,"Two_ants",".mp3",1.227755],-1],0,0,[],[],[]],[[{"name":"l3_3cars","rect":[0,0,868,689],"offset":[0,0],"originalSize":[868,689],"capInsets":[0,0,0,0]}],[0],0,[0],[0],[14]],[[[0,"Five_balls",".mp3",1.436735],-1],0,0,[],[],[]],[[[0,"Two_lemons_and_two_tomataoes",".mp3",2.507755],-1],0,0,[],[],[]],[[[0,"Three_cars",".mp3",1.253878],-1],0,0,[],[],[]],[[[0,"Four_balls",".mp3",1.227755],-1],0,0,[],[],[]],[["0,9729,9729,33071,33071,0,0,1",-1],[1],0,[],[],[]],[["0,9729,9729,33071,33071,0,0,1",-1],[1],0,[],[],[]],[[{"name":"l3_2pails","rect":[0,0,868,689],"offset":[0,0],"originalSize":[868,689],"capInsets":[0,0,0,0]}],[0],0,[0],[0],[15]],[["0,9729,9729,33071,33071,0,0,1",-1],[1],0,[],[],[]],[["0,9729,9729,33071,33071,0,0,1",-1],[1],0,[],[],[]],[[[1,"sl_en3500",{"rows":[["picturemeaning","1","Description","P","Three cars.","l3_3cars.png","Three_cars.mp3","Two cars.","l3_2cars.png","Two_cars.mp3","One car.","l3_car.png","One_car.mp3"],["picturemeaning","1","Description","P","Two pails.","l3_2pails.png","Two_pails.mp3","Four pails.","l3_4pails.png","Four_pails.mp3","Three pails.","l3_3pails.png","Three_pails.mp3"],["picturemeaning","1","Description","S","One boy.","l3_1boy.png","One_boy.mp3","Two boys.","l3_2boys.png","Two_boys.mp3","One girl.","l3_1girl.png","One_girl.mp3"],["picturemeaning","1","Description","S","Four balls.","l3_4balls.png","Four_balls.mp3","Three balls.","l3_3balls.png","Three_balls.mp3","Five balls.","l3_5balls.png","Five_balls.mp3"],["picturemeaning","1","Description","S","Five ants.","l3_5ants.png","Five_ants.mp3","Two ants.","l3_2ants.png","Two_ants.mp3","Four ants.","l3_4ants.png","Four_ants.mp3"],["picturemeaning","1","Description","S","Two lemons and a tomato.","l4_2lemons1tomato.png","Two_lemons_and_a_tomato.mp3","A lemon and two tomatoes.","l4_1lime2tomatos.png","A_lemon_and_two_tomatoes.mp3","Two lemons and two tomataoes.","l4_2lemons2tomatos.png","Two_lemons_and_two_tomataoes.mp3"],["picturemeaning","1","Description","P","Three circles and a square.","l4_3circles1square.png","Three_circles_and_a_square.mp3","Two circles and two squares.","l4_2circles2squares.png","Two_circles_and_two_squares.mp3","Three squares and a circle.","l4_1circle3squares.png","Three_squares_and_a_circle.mp3"],["quizliteracy","1","Description","image_sentence","Three cars.","Two cars.","Two buses.","Three cars.","l3_3cars.png","","Three_cars.mp3"],["quizliteracy","1","Description","image_sentence","Two pails.","Two pails.","Three boxes.","Three pails.","l3_2pails.png","","Two_pails.mp3"],["quizliteracy","1","Description","image_sentence","One boy.","Two boys.","One boy.","Three boys.","l3_1boy.png","","One_boy.mp3"],["quizliteracy","1","Description","image_sentence","Five ants.","Five ants.","Five apples.","Four ants.","l3_5ants.png","","five_ants.mp3"],["quizliteracy","1","Description","image_sentence","Four balls.","Five ants.","Two balls","Four balls.","l3_4balls.png","","Four_balls.mp3"]]}]],0,0,[],[],[]],[["0,9729,9729,33071,33071,0,0,1",-1],[1],0,[],[],[]],[[{"name":"l3_1boy","rect":[0,0,868,689],"offset":[0,0],"originalSize":[868,689],"capInsets":[0,0,0,0]}],[0],0,[0],[0],[16]],[[[0,"Three_squares_and_a_circle",".mp3",1.828571],-1],0,0,[],[],[]],[[{"name":"l3_1girl","rect":[0,0,868,689],"offset":[0,0],"originalSize":[868,689],"capInsets":[0,0,0,0]}],[0],0,[0],[0],[17]],[["0,9729,9729,33071,33071,0,0,1",-1],[1],0,[],[],[]],[["0,9729,9729,33071,33071,0,0,1",-1],[1],0,[],[],[]],[[[0,"Two_circles_and_two_squares",".mp3",2.246531],-1],0,0,[],[],[]],[["0,9729,9729,33071,33071,0,0,1",-1],[1],0,[],[],[]],[[[0,"One_boy",".mp3",0.940408],-1],0,0,[],[],[]],[[{"name":"l3_4ants","rect":[0,0,868,689],"offset":[0,0],"originalSize":[868,689],"capInsets":[0,0,0,0]}],[0],0,[0],[0],[18]],[[[0,"Three_balls",".mp3",1.097143],-1],0,0,[],[],[]],[[{"name":"l3_4balls","rect":[0,0,868,689],"offset":[0,0],"originalSize":[868,689],"capInsets":[0,0,0,0]}],[0],0,[0],[0],[19]],[[[0,"Three_pails",".mp3",1.17551],-1],0,0,[],[],[]],[[{"name":"l3_2cars","rect":[0,0,868,689],"offset":[0,0],"originalSize":[868,689],"capInsets":[0,0,0,0]}],[0],0,[0],[0],[20]],[[[0,"Two_cars",".mp3",1.149388],-1],0,0,[],[],[]],[["0,9729,9729,33071,33071,0,0,1",-1],[1],0,[],[],[]],[[[0,"Five_ants",".mp3",1.253878],-1],0,0,[],[],[]],[[[0,"Four_ants",".mp3",1.410612],-1],0,0,[],[],[]]]]