[1,["83My1eUh9LPLq91EyPCscZ","40HaS8SQhNzI6Pgy3FNqTu","42C6eyhtVGooMsn0w1i0ah","a70ONb/V5DSJOgVL/mZYoc","cc8OiiAqBKbKmSwbcfeiuK"],["_textureSetter"],["cc.SpriteFrame","cc.Texture2D",["cc.JsonAsset",["_name","json"],1],["cc.AudioClip",["_name","_native","duration"],0]],[[3,0,1,2,4],[2,0,1,3]],[[[{"name":"apple","rect":[0,0,238,212],"offset":[0,0],"originalSize":[238,212],"capInsets":[0,0,0,0]}],[0],0,[0],[0],[0]],[["0,9729,9729,33071,33071,0,0,1",-1],[1],0,[],[],[]],[["0,9729,9729,33071,33071,0,0,1",-1],[1],0,[],[],[]],[[[1,"sl_en3804",{"rows":[["createsentence","1","Description","Half/pizza","Full","half_pizza.png","half_pizza.mp3"],["createsentence","1","Description","Whole/apple","Half","apple.png","whole_apple.mp3"],["createsentence","1","Description","The/glass/is/half/full","quarter","half_full_glass.png","The_glass_is_half_full.mp3"],["createsentence","1","Description","The/bottle/is/empty","half-full","empty_bottle.png","The_bottle_is_empty.mp3"],["createsentence","1","Description","Quarter/pizza","Half","Quarter_pizza.png","quarter_pizza.mp3"],["quizliteracy","1","Description","image_sentence","The glass is half full","The glass is full","The glass is empty","The glass is half full","half_full_glass.png","","The_glass_is_half_full.mp3"],["quizliteracy","1","Description","image_sentence","Half pizza","Half pizza","Full pizza","Quarter pizza","half_pizza.png","","half_pizza.mp3"],["quizliteracy","1","Description","image_sentence","Whole apple","Half apple","Whole apple","Quarter apple","apple.png","","whole_apple.mp3"]]}]],0,0,[],[],[]],[[{"name":"half_full_glass","rect":[0,0,1111,859],"offset":[0,0],"originalSize":[1111,859],"capInsets":[0,0,0,0]}],[0],0,[0],[0],[1]],[["0,9729,9729,33071,33071,0,0,1",-1],[1],0,[],[],[]],[[{"name":"Quarter_pizza","rect":[0,0,1013,891],"offset":[0,0],"originalSize":[1013,891],"capInsets":[0,0,0,0]}],[0],0,[0],[0],[2]],[["0,9729,9729,33071,33071,0,0,1",-1],[1],0,[],[],[]],[[[0,"The_glass_is_half_full",".mp3",1.776327],-1],0,0,[],[],[]],[["0,9729,9729,33071,33071,0,0,1",-1],[1],0,[],[],[]],[[[0,"whole_apple",".mp3",1.07102],-1],0,0,[],[],[]],[[[0,"quarter_pizza",".mp3",1.149388],-1],0,0,[],[],[]],[[{"name":"half_pizza","rect":[0,0,1013,891],"offset":[0,0],"originalSize":[1013,891],"capInsets":[0,0,0,0]}],[0],0,[0],[0],[3]],[[{"name":"empty_bottle","rect":[0,0,500,500],"offset":[0,0],"originalSize":[500,500],"capInsets":[0,0,0,0]}],[0],0,[0],[0],[4]],[[[0,"half_pizza",".mp3",1.149388],-1],0,0,[],[],[]],[[[0,"The_bottle_is_empty",".mp3",1.724082],-1],0,0,[],[],[]]]]