[1,["86Id0xhqtEmrFcGo68rR5q","dba3zt+NFEa6bxa1UziLU0","55v87rKbRNH5K13CS0MPMa","999BuG9i5N3Ki4lW6rkwKL","8fxhX25O9MHYEi/DTun3ri","832QQFa7lLP6J1VuIrlvuC","425+Zh02xJCLODIE4iV75h","fbiF1l0ptF+74zwrH/lNIh"],["_textureSetter"],["cc.SpriteFrame","cc.Texture2D",["cc.AudioClip",["_name","_native","duration"],0],["cc.JsonAsset",["_name","json"],1]],[[2,0,1,2,4],[3,0,1,3]],[[[[0,"stick",".mp3",0.809796],-1],0,0,[],[],[]],[[[0,"heart",".mp3",0.653061],-1],0,0,[],[],[]],[[{"name":"spelling_train","rect":[0,0,370,273],"offset":[0,0],"originalSize":[370,273],"capInsets":[0,0,0,0]}],[0],0,[0],[0],[0]],[[[0,"paper",".mp3",0.653061],-1],0,0,[],[],[]],[["0,9729,9729,33071,33071,0,0,1",-1],[1],0,[],[],[]],[[[0,"floor",".mp3",0.757551],-1],0,0,[],[],[]],[[{"name":"spelling_floor","rect":[0,0,370,273],"offset":[0,0],"originalSize":[370,273],"capInsets":[0,0,0,0]}],[0],0,[0],[0],[1]],[["0,9729,9729,33071,33071,0,0,1",-1],[1],0,[],[],[]],[[{"name":"spelling_stick","rect":[0,232,600,136],"offset":[0,0],"originalSize":[600,600],"capInsets":[0,0,0,0]}],[0],0,[0],[0],[2]],[[{"name":"spelling_clock","rect":[0,0,370,273],"offset":[0,0],"originalSize":[370,273],"capInsets":[0,0,0,0]}],[0],0,[0],[0],[3]],[[[0,"clock",".mp3",0.653061],-1],0,0,[],[],[]],[[[1,"sl_en2202",{"rows":[["spelldoor","1","Description","stick","*****","4","1","spelling_stick.png","stick.mp3"],["spelldoor","1","Description","shoes","*h*es","2","1","spelling_shoes.png","shoes.mp3"],["spelldoor","1","Description","heart","*e*rt","2","1","spelling_heart.png","heart.mp3"],["spelldoor","1","Description","house","*o*se","2","1","spelling_house.png","house.mp3"],["spelldoor","1","Description","train","*r*in","2","1","spelling_train.png","train.mp3"],["spelldoor","1","Description","clock","*l*ck","2","1","spelling_clock.png","clock.mp3"],["spelldoor","1","Description","paper","*a*er","2","1","spelling_paper.png","paper.mp3"],["spelldoor","1","Description","floor","*l*or","2","1","spelling_floor.png","floor.mp3"],["quizliteracy","1","Description","word_word","ick","ort","ick","ice","","st__","stick.mp3"],["quizliteracy","1","Description","word_word","oes","oes","uge","art","","sh__","shoes.mp3"],["quizliteracy","1","Description","word_word","ouse","urse","ouse","lock","","h_____","house.mp3"],["quizliteracy","1","Description","word_word","lock","lock","urse","urse","","c____","clock.mp3"],["quizliteracy","1","Description","word_word","oor","oot","ooy","oor","","fl___","floor.mp3"]]}]],0,0,[],[],[]],[[{"name":"spelling_heart","rect":[0,0,370,273],"offset":[0,0],"originalSize":[370,273],"capInsets":[0,0,0,0]}],[0],0,[0],[0],[4]],[["0,9729,9729,33071,33071,0,0,1",-1],[1],0,[],[],[]],[["0,9729,9729,33071,33071,0,0,1",-1],[1],0,[],[],[]],[[{"name":"spelling_house","rect":[0,0,370,273],"offset":[0,0],"originalSize":[370,273],"capInsets":[0,0,0,0]}],[0],0,[0],[0],[5]],[["0,9729,9729,33071,33071,0,0,1",-1],[1],0,[],[],[]],[[{"name":"spelling_shoes","rect":[0,0,370,273],"offset":[0,0],"originalSize":[370,273],"capInsets":[0,0,0,0]}],[0],0,[0],[0],[6]],[["0,9729,9729,33071,33071,0,0,1",-1],[1],0,[],[],[]],[[[0,"shoes",".mp3",0.835918],-1],0,0,[],[],[]],[[[0,"house",".mp3",0.626939],-1],0,0,[],[],[]],[["0,9729,9729,33071,33071,0,0,1",-1],[1],0,[],[],[]],[[{"name":"spelling_paper","rect":[0,0,370,273],"offset":[0,0],"originalSize":[370,273],"capInsets":[0,0,0,0]}],[0],0,[0],[0],[7]],[[[0,"train",".mp3",0.835918],-1],0,0,[],[],[]],[["0,9729,9729,33071,33071,0,0,1",-1],[1],0,[],[],[]]]]