[1,["46eeohYnxLNoSBXV7X2AUm","7dCoWvmDlGHqAznEK9FoJF","77ohVfc3RPL63zpqZ2MSSh","9cKzcqWzxHk4osOAVt6aFF","793JOAskxLQ5HjuxF37/8G","27JNLGGaxGyoC3Q8UhJkp+","33M7/JVh9CfJr5JmoGTt5g","5c5TMh1KJKWZbVwmvLDdX5","3cWi02AlhBy40jQ/gvD/pt","d6SyrEoDlF47NAcwvabiAf"],["_textureSetter"],["cc.SpriteFrame","cc.Texture2D",["cc.AudioClip",["_name","_native","duration"],0],["cc.JsonAsset",["_name","json"],1]],[[2,0,1,2,4],[3,0,1,3]],[[[{"name":"spelling_fish","rect":[0,0,370,273],"offset":[0,0],"originalSize":[370,273],"capInsets":[0,0,0,0]}],[0],0,[0],[0],[0]],[[{"name":"spelling_farm","rect":[0,0,370,273],"offset":[0,0],"originalSize":[370,273],"capInsets":[0,0,0,0]}],[0],0,[0],[0],[1]],[["0,9729,9729,33071,33071,0,0,1",-1],[1],0,[],[],[]],[["0,9729,9729,33071,33071,0,0,1",-1],[1],0,[],[],[]],[[[0,"baby",".mp3",0.653061],-1],0,0,[],[],[]],[[[0,"woman",".mp3",0.757551],-1],0,0,[],[],[]],[["0,9729,9729,33071,33071,0,0,1",-1],[1],0,[],[],[]],[["0,9729,9729,33071,33071,0,0,1",-1],[1],0,[],[],[]],[[{"name":"spelling_money","rect":[0,0,370,273],"offset":[0,0],"originalSize":[370,273],"capInsets":[0,0,0,0]}],[0],0,[0],[0],[2]],[[[0,"book",".mp3",0.574694],-1],0,0,[],[],[]],[[[0,"city",".mp3",0.757551],-1],0,0,[],[],[]],[["0,9729,9729,33071,33071,0,0,1",-1],[1],0,[],[],[]],[["0,9729,9729,33071,33071,0,0,1",-1],[1],0,[],[],[]],[["0,9729,9729,33071,33071,0,0,1",-1],[1],0,[],[],[]],[["0,9729,9729,33071,33071,0,0,1",-1],[1],0,[],[],[]],[[{"name":"spelling_chair","rect":[0,0,370,273],"offset":[0,0],"originalSize":[370,273],"capInsets":[0,0,0,0]}],[0],0,[0],[0],[3]],[[[0,"rain",".mp3",0.757551],-1],0,0,[],[],[]],[[{"name":"spelling_rain","rect":[0,0,370,273],"offset":[0,0],"originalSize":[370,273],"capInsets":[0,0,0,0]}],[0],0,[0],[0],[4]],[[{"name":"spelling_woman","rect":[0,0,370,273],"offset":[0,0],"originalSize":[370,273],"capInsets":[0,0,0,0]}],[0],0,[0],[0],[5]],[[[0,"money",".mp3",0.731429],-1],0,0,[],[],[]],[["0,9729,9729,33071,33071,0,0,1",-1],[1],0,[],[],[]],[[{"name":"spelling_city","rect":[0,0,370,273],"offset":[0,0],"originalSize":[370,273],"capInsets":[0,0,0,0]}],[0],0,[0],[0],[6]],[[[0,"fish",".mp3",0.940408],-1],0,0,[],[],[]],[[[0,"meat",".mp3",0.679184],-1],0,0,[],[],[]],[[{"name":"spelling_baby","rect":[0,0,370,273],"offset":[0,0],"originalSize":[370,273],"capInsets":[0,0,0,0]}],[0],0,[0],[0],[7]],[[[1,"sl_en2203",{"rows":[["spelldoor","1","Description","meat","****","4","2","spelling_meat.png","meat.mp3"],["spelldoor","1","Description","farm","****","4","2","spelling_farm.png","farm.mp3"],["spelldoor","1","Description","city","****","4","2","spelling_city.png","city.mp3"],["spelldoor","1","Description","book","****","4","2","spelling_book.png","book.mp3"],["spelldoor","1","Description","fish","****","4","2","spelling_fish.png","fish.mp3"],["spelldoor","1","Description","rain","****","4","2","spelling_rain.png","rain.mp3"],["spelldoor","1","Description","baby","****","4","2","spelling_baby.png","baby.mp3"],["spelldoor","1","Description","money","*****","3","2","spelling_money.png","money.mp3"],["spelldoor","1","Description","woman","*****","3","2","spelling_woman.png","woman.mp3"],["spelldoor","1","Description","chair","*****","3","2","spelling_chair.png","chair.mp3"],["quizliteracy","1","Description","word_word","eat","ort","eat","rat","","m__","meat.mp3"],["quizliteracy","1","Description","word_word","ish","ish","uge","art","","f__","fish.mp3"],["quizliteracy","1","Description","word_word","ney","eat","ney","uge","","mo_____","money.mp3"],["quizliteracy","1","Description","word_word","man","eat","man","ney","","wo____","woman.mp3"],["quizliteracy","1","Description","word_word","air","ney","air","eat","","ch___","chair.mp3"]]}]],0,0,[],[],[]],[["0,9729,9729,33071,33071,0,0,1",-1],[1],0,[],[],[]],[[[0,"chair",".mp3",0.705306],-1],0,0,[],[],[]],[[{"name":"spelling_book","rect":[0,0,370,273],"offset":[0,0],"originalSize":[370,273],"capInsets":[0,0,0,0]}],[0],0,[0],[0],[8]],[[{"name":"spelling_meat","rect":[0,0,370,273],"offset":[0,0],"originalSize":[370,273],"capInsets":[0,0,0,0]}],[0],0,[0],[0],[9]],[[[0,"farm",".mp3",0.783673],-1],0,0,[],[],[]]]]