[1,["52y6JkoAxB6KWpW3v7RlpL","6070ZsL3hD+YoWnZ/pCg9k","cbgRs9pTdAo7IBNn1WIxMT","0e5T+UynhCmLqoY0aOwoTD","9fPzy/WHpCVo/Xem6qgJ2R","c9uJS/1mtIwLO+9GVQgWAe","619qwYfopFNJOMNyVogsk3","51ni8nnMZIRbUts1i1l8AR","d0aLjET6FO67VyU3FK7uMU","dbnyPmEkBNtKon/RdNFBnM","12fWuUUdZC2aVAQCp5jn67"],["_textureSetter"],["cc.SpriteFrame","cc.Texture2D",["cc.AudioClip",["_name","_native","duration"],0],["cc.JsonAsset",["_name","json"],1]],[[2,0,1,2,4],[3,0,1,3]],[[[{"name":"karagafestival","rect":[0,0,512,341],"offset":[0,0],"originalSize":[512,341],"capInsets":[0,0,0,0]}],[0],0,[0],[0],[0]],[[[0,"ಕಲರವ",".mp3",0.816],-1],0,0,[],[],[]],[["0,9729,9729,33071,33071,0,0,1",-1],[1],0,[],[],[]],[["0,9729,9729,33071,33071,0,0,1",-1],[1],0,[],[],[]],[[[0,"ಈಚಲ",".mp3",1.008],-1],0,0,[],[],[]],[[[0,"ಕರಗ",".mp3",0.72],-1],0,0,[],[],[]],[[{"name":"birdschirping","rect":[0,0,431,512],"offset":[0,0],"originalSize":[431,512],"capInsets":[0,0,0,0]}],[0],0,[0],[0],[1]],[[[0,"ಊಟ",".mp3",1.128],-1],0,0,[],[],[]],[[{"name":"shining","rect":[0,0,512,341],"offset":[0,0],"originalSize":[512,341],"capInsets":[0,0,0,0]}],[0],0,[0],[0],[2]],[["0,9729,9729,33071,33071,0,0,1",-1],[1],0,[],[],[]],[["0,9729,9729,33071,33071,0,0,1",-1],[1],0,[],[],[]],[[[0,"ಕರಟ",".mp3",0.72],-1],0,0,[],[],[]],[["0,9729,9729,33071,33071,0,0,1",-1],[1],0,[],[],[]],[[{"name":"door","rect":[0,0,375,500],"offset":[0,0],"originalSize":[375,500],"capInsets":[0,0,0,0]}],[0],0,[0],[0],[3]],[["0,9729,9729,33071,33071,0,0,1",-1],[1],0,[],[],[]],[[[0,"ಕದನ",".mp3",0.696],-1],0,0,[],[],[]],[[{"name":"coconutshell","rect":[0,0,512,412],"offset":[0,0],"originalSize":[512,412],"capInsets":[0,0,0,0]}],[0],0,[0],[0],[4]],[[{"name":"eatingmeals","rect":[0,0,512,341],"offset":[0,0],"originalSize":[512,341],"capInsets":[0,0,0,0]}],[0],0,[0],[0],[5]],[[{"name":"lotus","rect":[0,0,500,333],"offset":[0,0],"originalSize":[500,333],"capInsets":[0,0,0,0]}],[0],0,[0],[0],[6]],[[[0,"ಕದ",".mp3",0.624],-1],0,0,[],[],[]],[[[1,"kn0607",{"rows":[["writeword","1","Description","ಕರ","hand.png","ಕರ.mp3"],["writeword","1","Description","ಕದ","door.png","ಕದ.mp3"],["writeword","1","Description","ಊಟ","eatingmeals.png","ಊಟ.mp3"],["writeword","1","Description","ಕರಗ","karagafestival.png","ಕರಗ.mp3"],["writeword","1","Description","ಕದನ","fight_battle.png","ಕದನ.mp3"],["writeword","1","Description","ಅಗಲ","width.png","ಅಗಲ.mp3"],["writeword","1","Description","ಕಮಲ","lotus.png","ಕಮಲ.mp3"],["writeword","1","Description","ಈಚಲ","palm.png","ಈಚಲ.mp3"],["writeword","1","Description","ಕರಟ","coconutshell.png","ಕರಟ.mp3"],["writeword","1","Description","ಲಕಲಕ","shining.png","ಲಕಲಕ.mp3"],["writeword","1","Description","ಕಲರವ","birdschirping.png","ಕಲರವ.mp3"],["quizliteracy","1","Description","image_word","ಕಮಲ","ಕಮಲ","ಕರ","ಅಗಲ","lotus.png"],["quizliteracy","1","Description","image_word","ಕರ","ಅಗಲ","ಕಮಲ","ಕರ","hand.png"],["quizliteracy","1","Description","image_word","ಅಗಲ","ಕರ","ಅಗಲ","ಕಮಲ","width.png"]]}]],0,0,[],[],[]],[[{"name":"fight_battle","rect":[0,0,512,430],"offset":[0,0],"originalSize":[512,430],"capInsets":[0,0,0,0]}],[0],0,[0],[0],[7]],[["0,9729,9729,33071,33071,0,0,1",-1],[1],0,[],[],[]],[[{"name":"width","rect":[0,0,381,512],"offset":[0,0],"originalSize":[381,512],"capInsets":[0,0,0,0]}],[0],0,[0],[0],[8]],[[[0,"ಅಗಲ",".mp3",1.176],-1],0,0,[],[],[]],[[{"name":"hand","rect":[0,0,500,500],"offset":[0,0],"originalSize":[500,500],"capInsets":[0,0,0,0]}],[0],0,[0],[0],[9]],[[[0,"ಲಕಲಕ",".mp3",0.864],-1],0,0,[],[],[]],[[{"name":"palm","rect":[0,0,500,333],"offset":[0,0],"originalSize":[500,333],"capInsets":[0,0,0,0]}],[0],0,[0],[0],[10]],[[[0,"ಕಮಲ",".mp3",0.72],-1],0,0,[],[],[]],[["0,9729,9729,33071,33071,0,0,1",-1],[1],0,[],[],[]],[["0,9729,9729,33071,33071,0,0,1",-1],[1],0,[],[],[]],[["0,9729,9729,33071,33071,0,0,1",-1],[1],0,[],[],[]],[[[0,"ಕರ",".mp3",0.576],-1],0,0,[],[],[]],[["0,9729,9729,33071,33071,0,0,1",-1],[1],0,[],[],[]]]]