[1,["8beaArrvdMYrKCdHPB5gCR","702Do+76dNJqDs91raD9i3","f5QIEBAmREK49wVHvbkRXV","78Ga/rOLlAJZTcMIVFBBD1","6dyG+bvV1KhbkIh8jzLfDV","d68kLQfNhPRqWgEWC9lDez","e5tW0Q5cJMNoKwh544FnXe","e1KLgFSYpG34b7njB1MnOz"],["_textureSetter"],["cc.SpriteFrame","cc.Texture2D",["cc.AudioClip",["_name","_native","duration"],0],["cc.JsonAsset",["_name","json"],1]],[[2,0,1,2,4],[3,0,1,3]],[[[[0,"ಗೊ",".mp3",0.552],-1],0,0,[],[],[]],[[{"name":"boat","rect":[0,0,410,512],"offset":[0,0],"originalSize":[410,512],"capInsets":[0,0,0,0]}],[0],0,[0],[0],[0]],[[{"name":"queen","rect":[0,0,318,512],"offset":[0,0],"originalSize":[318,512],"capInsets":[0,0,0,0]}],[0],0,[0],[0],[1]],[[[0,"ದೊರೆ",".mp3",0.624],-1],0,0,[],[],[]],[[[0,"ಟೊಮೆಟೊ",".mp3",0.792],-1],0,0,[],[],[]],[[{"name":"friend","rect":[0,0,512,340],"offset":[0,0],"originalSize":[512,340],"capInsets":[0,0,0,0]}],[0],0,[0],[0],[2]],[[[0,"ರ",".mp3",0.48],-1],0,0,[],[],[]],[[{"name":"bigdrum","rect":[0,0,512,383],"offset":[0,0],"originalSize":[512,383],"capInsets":[0,0,0,0]}],[0],0,[0],[0],[3]],[[{"name":"umbrella","rect":[0,0,512,426],"offset":[0,0],"originalSize":[512,426],"capInsets":[0,0,0,0]}],[0],0,[0],[0],[4]],[["0,9729,9729,33071,33071,0,0,1",-1],[1],0,[],[],[]],[["0,9729,9729,33071,33071,0,0,1",-1],[1],0,[],[],[]],[[{"name":"king","rect":[0,0,384,512],"offset":[0,0],"originalSize":[384,512],"capInsets":[0,0,0,0]}],[0],0,[0],[0],[5]],[["0,9729,9729,33071,33071,0,0,1",-1],[1],0,[],[],[]],[[[0,"ಡೋಲು",".mp3",0.72],-1],0,0,[],[],[]],[["0,9729,9729,33071,33071,0,0,1",-1],[1],0,[],[],[]],[[[0,"ಜೊ",".mp3",0.576],-1],0,0,[],[],[]],[[{"name":"ship","rect":[0,0,500,281],"offset":[0,0],"originalSize":[500,281],"capInsets":[0,0,0,0]}],[0],0,[0],[0],[6]],[[[0,"ನೌಕೆ",".mp3",0.744],-1],0,0,[],[],[]],[[[1,"kn2202",{"rows":[["spelldoor","1","Description","ಕೊಡೆ","**","0","0","umbrella.png","ಕೊಡೆ.mp3"],["spelldoor","1","Description","ಡೋಲು","**","0","0","bigdrum.png","ಡೋಲು.mp3"],["spelldoor","1","Description","ನೌಕೆ","**","0","0","ship.png","ನೌಕೆ.mp3"],["rocket","1","Description","ಟೊಮೆಟೊ","ಟೊ,ಮೆ,ಟೊ","ಟೊ,ಮೆ,ಟೊ","ಟೊಮೆಟೊ.mp3","tomato.png","False","False"],["openwindow","1","Description","LEGIT","ದೊ,ರೆ","king.png","queen.png","ದೊರೆ.mp3","ದೊ,ರೆ"],["phonictractor","1","Description","4","ಗೊರವ","ಗೊರವ.mp3","ಗೊ","ಗೊ.mp3","ರ","ರ.mp3","ವ","ವ.mp3"],["phonictractor","1","Description","4","ಜೊತೆ","ಜೊತೆ.mp3","ಜೊ","ಜೊ.mp3","ತೆ","ತೆ.mp3"],["quizliteracy","1","Description","image_word","ಡೋಲು","ಡೋಲು","ಕೊಡೆ","ನೌಕೆ","bigdrum.png"],["quizliteracy","1","Description","word_word","ಕೊ","ಮೊ","ರೊ","ಕೊ","","__ಡೆ","ಕೊಡೆ.mp3"],["quizliteracy","1","Description","soundonly_word","ಜೊತೆ","ಡೋಲು","ಜೊತೆ","ಟೊಮೆಟೊ","","","ಜೊತೆ.mp3"]]}]],0,0,[],[],[]],[[[0,"ತೆ",".mp3",0.528],-1],0,0,[],[],[]],[[[0,"ವ",".mp3",0.48],-1],0,0,[],[],[]],[[[0,"ಗೊರವ",".mp3",0.72],-1],0,0,[],[],[]],[[[0,"ಕೊಡೆ",".mp3",0.648],-1],0,0,[],[],[]],[["0,9729,9729,33071,33071,0,0,1",-1],[1],0,[],[],[]],[["0,9729,9729,33071,33071,0,0,1",-1],[1],0,[],[],[]],[["0,9729,9729,33071,33071,0,0,1",-1],[1],0,[],[],[]],[[[0,"ಜೊತೆ",".mp3",0.696],-1],0,0,[],[],[]],[["0,9729,9729,33071,33071,0,0,1",-1],[1],0,[],[],[]],[[{"name":"tomato","rect":[70,17,383,449],"offset":[11.5,-8.5],"originalSize":[500,466],"capInsets":[0,0,0,0]}],[0],0,[0],[0],[7]]]]