[1,["26+/fRSXdJ+rQoO3KQGblf","eduSA3uFhI+JvpBylZHQ9z","02MjOMMaFNmYjol9OihJ1A","2fFyjHfzhPnKjQBu51ehwz","f5Ddio7FVC/qgw48ird35p","e29J9WPHhLuKPJrK2doOBd","f0iLbaLuVNBpw5blO9D1p5"],["_textureSetter"],["cc.Texture2D","cc.SpriteFrame",["cc.AudioClip",["_name","_native","duration"],0],["cc.JsonAsset",["_name","json"],1]],[[2,0,1,2,4],[3,0,1,3]],[[["0,9729,9729,33071,33071,0,0,1",-1],[0],0,[],[],[]],[[[0,"Good_evening",".mp3",1.2],-1],0,0,[],[],[]],[[{"name":"6pm_clock","rect":[47,41,574,574],"offset":[-0.5,0.5],"originalSize":[669,657],"capInsets":[0,0,0,0]}],[1],0,[0],[0],[0]],[[{"name":"9am_clock","rect":[47,41,574,574],"offset":[-0.5,0.5],"originalSize":[669,657],"capInsets":[0,0,0,0]}],[1],0,[0],[0],[1]],[[[0,"Good_night",".mp3",1.176],-1],0,0,[],[],[]],[[{"name":"9pm_clock","rect":[47,41,574,574],"offset":[-0.5,0.5],"originalSize":[669,657],"capInsets":[0,0,0,0]}],[1],0,[0],[0],[2]],[["0,9729,9729,33071,33071,0,0,1",-1],[0],0,[],[],[]],[["0,9729,9729,33071,33071,0,0,1",-1],[0],0,[],[],[]],[[{"name":"7pm_clock","rect":[47,41,574,574],"offset":[-0.5,0.5],"originalSize":[669,657],"capInsets":[0,0,0,0]}],[1],0,[0],[0],[3]],[[{"name":"2pm_clock","rect":[47,41,574,574],"offset":[-0.5,0.5],"originalSize":[669,657],"capInsets":[0,0,0,0]}],[1],0,[0],[0],[4]],[[[1,"en3416",{"rows":[["createsentence","1","Description","Good/morning.","","8am_clock.png","Good_morning.mp3"],["createsentence","1","Description","Good/night.","","9pm_clock.png","Good_night.mp3"],["createsentence","1","Description","Good/afternoon.","","1pm_clock.png","Good_afternoon.mp3"],["createsentence","1","Description","Good/evening.","","6pm_clock.png","Good_evening.mp3"],["createsentence","1","Description","Good/morning.","","9am_clock.png","Good_morning.mp3"],["createsentence","1","Description","Good/afternoon.","","2pm_clock.png","Good_afternoon.mp3"],["createsentence","1","Description","Good/evening.","","7pm_clock.png","Good_evening.mp3"],["quizliteracy","1","Description","image_sentence","Good morning.","Good evening.","Good afternoon.","Good morning.","8am_clock.png","","Good_morning.mp3"],["quizliteracy","1","Description","image_sentence","Good night.","Good morning.","Good night.","Good afternoon.","9pm_clock.png","","Good_night.mp3"],["quizliteracy","1","Description","image_sentence","Good afternoon.","Good afternoon.","Good morning.","Good evening.","1pm_clock.png","","Good_afternoon.mp3"]]}]],0,0,[],[],[]],[[[0,"Good_morning",".mp3",1.2],-1],0,0,[],[],[]],[[{"name":"8am_clock","rect":[47,41,574,574],"offset":[-0.5,0.5],"originalSize":[669,657],"capInsets":[0,0,0,0]}],[1],0,[0],[0],[5]],[[[0,"Good_afternoon",".mp3",1.392],-1],0,0,[],[],[]],[["0,9729,9729,33071,33071,0,0,1",-1],[0],0,[],[],[]],[["0,9729,9729,33071,33071,0,0,1",-1],[0],0,[],[],[]],[[{"name":"1pm_clock","rect":[47,41,574,574],"offset":[-0.5,0.5],"originalSize":[669,657],"capInsets":[0,0,0,0]}],[1],0,[0],[0],[6]],[["0,9729,9729,33071,33071,0,0,1",-1],[0],0,[],[],[]],[["0,9729,9729,33071,33071,0,0,1",-1],[0],0,[],[],[]]]]