[1,["fcrfE+eLJK5rkpMV6YvDtr","34VCrg4rlAb70GksP8nqLe"],["_textureSetter"],["cc.SpriteFrame","cc.Texture2D",["cc.JsonAsset",["_name","json"],1]],[[2,0,1,3]],[[[{"name":"fish-outline-tutorial","rect":[3,5,987,597],"offset":[-3.5,2.5],"originalSize":[1000,612],"capInsets":[0,0,0,0]}],[0],0,[0],[0],[0]],[[[0,"drawshape0013",{"rows":[["drawshape","1","Description","fish-outline-tutorial.png"]]}]],0,0,[],[],[]],[[{"name":"fish-outline","rect":[11,15,969,577],"offset":[-4.5,2.5],"originalSize":[1000,612],"capInsets":[0,0,0,0]}],[0],0,[0],[0],[1]],[["0,9729,9729,33071,33071,0,0,1",-1],[1],0,[],[],[]],[[[0,"fish-outline-tutorial-json",[[{"x":142.5,"y":314.5},{"x":142.5,"y":318.5},{"x":144.5,"y":321.5},{"x":146.5,"y":324.5},{"x":149.5,"y":327.5},{"x":150.5,"y":330.5},{"x":153.5,"y":331.5},{"x":155.5,"y":334.5},{"x":158.5,"y":337.5},{"x":161.5,"y":338.5},{"x":164.5,"y":342.5},{"x":166.5,"y":345.5},{"x":169.5,"y":347.5},{"x":171.5,"y":350.5},{"x":174.5,"y":351.5},{"x":175.5,"y":354.5},{"x":178.5,"y":357.5},{"x":181.5,"y":360.5},{"x":184.5,"y":363.5},{"x":186.5,"y":366.5},{"x":187.5,"y":369.5},{"x":190.5,"y":371.5},{"x":191.5,"y":374.5},{"x":195.5,"y":375.5},{"x":196.5,"y":378.5},{"x":199.5,"y":381.5},{"x":202.5,"y":384.5},{"x":203.5,"y":387.5},{"x":207.5,"y":390.5},{"x":210.5,"y":393.5},{"x":213.5,"y":396.5},{"x":216.5,"y":399.5},{"x":219.5,"y":401.5},{"x":222.5,"y":403.5},{"x":225.5,"y":405.5},{"x":228.5,"y":406.5},{"x":230.5,"y":409.5},{"x":233.5,"y":410.5},{"x":235.5,"y":414.5},{"x":238.5,"y":415.5},{"x":240.5,"y":418.5},{"x":243.5,"y":419.5},{"x":246.5,"y":423.5},{"x":249.5,"y":425.5},{"x":252.5,"y":427.5},{"x":257.5,"y":429.5},{"x":260.5,"y":432.5},{"x":263.5,"y":434.5},{"x":266.5,"y":435.5},{"x":268.5,"y":438.5},{"x":271.5,"y":440.5},{"x":274.5,"y":442.5},{"x":277.5,"y":444.5},{"x":280.5,"y":446.5},{"x":283.5,"y":448.5},{"x":286.5,"y":449.5},{"x":288.5,"y":452.5},{"x":291.5,"y":453.5},{"x":292.5,"y":456.5},{"x":296.5,"y":458.5},{"x":299.5,"y":460.5},{"x":302.5,"y":462.5},{"x":305.5,"y":464.5},{"x":308.5,"y":466.5},{"x":311.5,"y":468.5},{"x":314.5,"y":470.5},{"x":317.5,"y":471.5},{"x":321.5,"y":473.5},{"x":325.5,"y":473.5},{"x":326.5,"y":476.5},{"x":329.5,"y":475.5},{"x":332.5,"y":478.5},{"x":336.5,"y":480.5},{"x":341.5,"y":480.5},{"x":343.5,"y":483.5},{"x":346.5,"y":482.5},{"x":348.5,"y":485.5},{"x":351.5,"y":484.5},{"x":355.5,"y":485.5},{"x":357.5,"y":488.5},{"x":361.5,"y":490.5},{"x":364.5,"y":491.5},{"x":368.5,"y":491.5},{"x":371.5,"y":492.5},{"x":374.5,"y":493.5},{"x":378.5,"y":493.5},{"x":381.5,"y":494.5},{"x":384.5,"y":496.5},{"x":387.5,"y":495.5},{"x":390.5,"y":496.5},{"x":394.5,"y":496.5},{"x":397.5,"y":498.5},{"x":401.5,"y":497.5},{"x":404.5,"y":499.5},{"x":407.5,"y":498.5},{"x":411.5,"y":498.5},{"x":416.5,"y":499.5},{"x":421.5,"y":502.5},{"x":424.5,"y":503.5},{"x":427.5,"y":504.5},{"x":431.5,"y":504.5},{"x":432.5,"y":507.5},{"x":435.5,"y":508.5},{"x":439.5,"y":508.5},{"x":442.5,"y":509.5},{"x":445.5,"y":510.5},{"x":449.5,"y":510.5},{"x":452.5,"y":511.5},{"x":456.5,"y":511.5},{"x":460.5,"y":511.5},{"x":463.5,"y":510.5},{"x":466.5,"y":509.5},{"x":469.5,"y":508.5},{"x":472.5,"y":507.5},{"x":475.5,"y":506.5},{"x":478.5,"y":505.5},{"x":482.5,"y":505.5},{"x":486.5,"y":505.5},{"x":490.5,"y":505.5},{"x":495.5,"y":505.5},{"x":499.5,"y":505.5},{"x":502.5,"y":504.5},{"x":506.5,"y":502.5},{"x":510.5,"y":500.5},{"x":513.5,"y":499.5},{"x":516.5,"y":498.5},{"x":519.5,"y":495.5},{"x":523.5,"y":493.5},{"x":526.5,"y":492.5},{"x":529.5,"y":493.5},{"x":532.5,"y":492.5},{"x":534.5,"y":489.5},{"x":537.5,"y":487.5},{"x":540.5,"y":486.5},{"x":543.5,"y":485.5},{"x":545.5,"y":482.5},{"x":549.5,"y":482.5},{"x":552.5,"y":479.5},{"x":556.5,"y":479.5},{"x":559.5,"y":478.5},{"x":560.5,"y":475.5},{"x":563.5,"y":476.5},{"x":566.5,"y":475.5},{"x":570.5,"y":475.5},{"x":574.5,"y":475.5},{"x":576.5,"y":472.5},{"x":579.5,"y":471.5},{"x":582.5,"y":469.5},{"x":587.5,"y":469.5},{"x":590.5,"y":466.5},{"x":593.5,"y":465.5},{"x":597.5,"y":465.5},{"x":598.5,"y":462.5},{"x":601.5,"y":463.5},{"x":603.5,"y":460.5},{"x":607.5,"y":459.5},{"x":609.5,"y":456.5},{"x":612.5,"y":453.5},{"x":615.5,"y":450.5},{"x":618.5,"y":449.5},{"x":620.5,"y":446.5},{"x":621.5,"y":443.5},{"x":624.5,"y":441.5},{"x":626.5,"y":438.5},{"x":627.5,"y":435.5},{"x":630.5,"y":434.5},{"x":634.5,"y":432.5},{"x":635.5,"y":429.5},{"x":638.5,"y":427.5},{"x":641.5,"y":425.5},{"x":644.5,"y":423.5},{"x":647.5,"y":420.5},{"x":648.5,"y":417.5},{"x":652.5,"y":416.5},{"x":655.5,"y":414.5},{"x":658.5,"y":413.5},{"x":661.5,"y":412.5},{"x":665.5,"y":410.5},{"x":669.5,"y":409.5},{"x":674.5,"y":408.5},{"x":677.5,"y":407.5},{"x":681.5,"y":404.5},{"x":684.5,"y":403.5},{"x":688.5,"y":403.5},{"x":689.5,"y":400.5},{"x":693.5,"y":399.5},{"x":698.5,"y":396.5},{"x":700.5,"y":393.5},{"x":703.5,"y":392.5},{"x":705.5,"y":389.5},{"x":708.5,"y":386.5},{"x":711.5,"y":385.5},{"x":714.5,"y":381.5},{"x":717.5,"y":379.5},{"x":720.5,"y":378.5},{"x":722.5,"y":375.5},{"x":723.5,"y":372.5},{"x":724.5,"y":369.5},{"x":726.5,"y":366.5},{"x":728.5,"y":363.5},{"x":729.5,"y":360.5},{"x":732.5,"y":358.5},{"x":734.5,"y":355.5},{"x":736.5,"y":351.5},{"x":739.5,"y":347.5},{"x":742.5,"y":343.5},{"x":745.5,"y":341.5},{"x":747.5,"y":338.5},{"x":748.5,"y":335.5},{"x":752.5,"y":334.5},{"x":753.5,"y":331.5},{"x":755.5,"y":328.5},{"x":758.5,"y":326.5},{"x":761.5,"y":325.5},{"x":763.5,"y":322.5},{"x":764.5,"y":319.5},{"x":766.5,"y":316.5},{"x":767.5,"y":312.5},{"x":771.5,"y":311.5},{"x":774.5,"y":314.5},{"x":777.5,"y":316.5},{"x":780.5,"y":319.5},{"x":782.5,"y":322.5},{"x":785.5,"y":325.5},{"x":788.5,"y":328.5},{"x":791.5,"y":332.5},{"x":793.5,"y":335.5},{"x":796.5,"y":338.5},{"x":801.5,"y":343.5},{"x":804.5,"y":345.5},{"x":807.5,"y":348.5},{"x":810.5,"y":351.5},{"x":813.5,"y":352.5},{"x":814.5,"y":355.5},{"x":817.5,"y":356.5},{"x":819.5,"y":359.5},{"x":822.5,"y":360.5},{"x":823.5,"y":363.5},{"x":826.5,"y":365.5},{"x":828.5,"y":368.5},{"x":831.5,"y":371.5},{"x":834.5,"y":373.5},{"x":837.5,"y":374.5},{"x":839.5,"y":377.5},{"x":844.5,"y":380.5},{"x":848.5,"y":383.5},{"x":851.5,"y":387.5},{"x":854.5,"y":390.5},{"x":856.5,"y":393.5},{"x":859.5,"y":396.5},{"x":862.5,"y":399.5},{"x":865.5,"y":402.5},{"x":868.5,"y":403.5},{"x":871.5,"y":406.5},{"x":874.5,"y":409.5},{"x":877.5,"y":410.5},{"x":879.5,"y":413.5},{"x":880.5,"y":410.5},{"x":880.5,"y":405.5},{"x":880.5,"y":401.5},{"x":880.5,"y":397.5},{"x":880.5,"y":393.5},{"x":880.5,"y":386.5},{"x":880.5,"y":380.5},{"x":880.5,"y":375.5},{"x":880.5,"y":370.5},{"x":880.5,"y":365.5},{"x":880.5,"y":361.5},{"x":880.5,"y":357.5},{"x":880.5,"y":353.5},{"x":879.5,"y":350.5},{"x":879.5,"y":346.5},{"x":879.5,"y":339.5},{"x":877.5,"y":333.5},{"x":878.5,"y":330.5},{"x":878.5,"y":326.5},{"x":876.5,"y":322.5},{"x":877.5,"y":318.5},{"x":877.5,"y":312.5},{"x":877.5,"y":307.5},{"x":877.5,"y":303.5},{"x":877.5,"y":299.5},{"x":875.5,"y":295.5},{"x":876.5,"y":292.5},{"x":875.5,"y":287.5},{"x":875.5,"y":283.5},{"x":874.5,"y":277.5},{"x":873.5,"y":272.5},{"x":873.5,"y":268.5},{"x":873.5,"y":264.5},{"x":873.5,"y":259.5},{"x":873.5,"y":255.5},{"x":873.5,"y":251.5},{"x":873.5,"y":247.5},{"x":873.5,"y":243.5},{"x":873.5,"y":239.5},{"x":873.5,"y":235.5},{"x":874.5,"y":232.5},{"x":874.5,"y":226.5},{"x":874.5,"y":221.5},{"x":874.5,"y":217.5},{"x":874.5,"y":213.5},{"x":874.5,"y":209.5},{"x":874.5,"y":205.5},{"x":874.5,"y":201.5},{"x":874.5,"y":197.5},{"x":874.5,"y":193.5},{"x":874.5,"y":189.5},{"x":874.5,"y":185.5},{"x":874.5,"y":181.5},{"x":874.5,"y":177.5},{"x":874.5,"y":173.5},{"x":874.5,"y":169.5},{"x":874.5,"y":165.5},{"x":876.5,"y":161.5},{"x":873.5,"y":160.5},{"x":869.5,"y":163.5},{"x":861.5,"y":170.5},{"x":858.5,"y":173.5},{"x":853.5,"y":176.5},{"x":850.5,"y":177.5},{"x":848.5,"y":182.5},{"x":844.5,"y":182.5},{"x":842.5,"y":185.5},{"x":841.5,"y":188.5},{"x":838.5,"y":191.5},{"x":836.5,"y":195.5},{"x":833.5,"y":197.5},{"x":831.5,"y":201.5},{"x":829.5,"y":204.5},{"x":826.5,"y":208.5},{"x":823.5,"y":210.5},{"x":822.5,"y":213.5},{"x":819.5,"y":214.5},{"x":816.5,"y":217.5},{"x":813.5,"y":222.5},{"x":811.5,"y":225.5},{"x":809.5,"y":228.5},{"x":805.5,"y":230.5},{"x":807.5,"y":233.5},{"x":802.5,"y":236.5},{"x":801.5,"y":240.5},{"x":799.5,"y":243.5},{"x":796.5,"y":247.5},{"x":793.5,"y":249.5},{"x":790.5,"y":252.5},{"x":787.5,"y":255.5},{"x":784.5,"y":258.5},{"x":781.5,"y":259.5},{"x":780.5,"y":262.5},{"x":777.5,"y":264.5},{"x":773.5,"y":265.5},{"x":770.5,"y":268.5},{"x":766.5,"y":270.5},{"x":764.5,"y":266.5},{"x":763.5,"y":263.5},{"x":760.5,"y":258.5},{"x":757.5,"y":253.5},{"x":754.5,"y":249.5},{"x":751.5,"y":246.5},{"x":748.5,"y":243.5},{"x":746.5,"y":240.5},{"x":744.5,"y":237.5},{"x":742.5,"y":233.5},{"x":741.5,"y":229.5},{"x":740.5,"y":226.5},{"x":737.5,"y":224.5},{"x":736.5,"y":220.5},{"x":732.5,"y":219.5},{"x":730.5,"y":215.5},{"x":727.5,"y":214.5},{"x":724.5,"y":211.5},{"x":721.5,"y":208.5},{"x":718.5,"y":206.5},{"x":715.5,"y":203.5},{"x":712.5,"y":201.5},{"x":710.5,"y":198.5},{"x":707.5,"y":193.5},{"x":703.5,"y":192.5},{"x":702.5,"y":189.5},{"x":699.5,"y":188.5},{"x":698.5,"y":185.5},{"x":697.5,"y":182.5},{"x":694.5,"y":181.5},{"x":691.5,"y":178.5},{"x":690.5,"y":174.5},{"x":687.5,"y":173.5},{"x":684.5,"y":170.5},{"x":681.5,"y":167.5},{"x":677.5,"y":164.5},{"x":674.5,"y":161.5},{"x":671.5,"y":160.5},{"x":670.5,"y":157.5},{"x":667.5,"y":154.5},{"x":662.5,"y":151.5},{"x":659.5,"y":150.5},{"x":656.5,"y":147.5},{"x":653.5,"y":144.5},{"x":650.5,"y":143.5},{"x":647.5,"y":139.5},{"x":643.5,"y":140.5},{"x":641.5,"y":137.5},{"x":638.5,"y":136.5},{"x":634.5,"y":135.5},{"x":630.5,"y":133.5},{"x":625.5,"y":129.5},{"x":620.5,"y":127.5},{"x":617.5,"y":125.5},{"x":613.5,"y":123.5},{"x":609.5,"y":122.5},{"x":606.5,"y":121.5},{"x":604.5,"y":118.5},{"x":600.5,"y":116.5},{"x":597.5,"y":114.5},{"x":594.5,"y":112.5},{"x":591.5,"y":109.5},{"x":587.5,"y":108.5},{"x":583.5,"y":108.5},{"x":580.5,"y":107.5},{"x":576.5,"y":105.5},{"x":573.5,"y":104.5},{"x":568.5,"y":102.5},{"x":564.5,"y":98.5},{"x":560.5,"y":100.5},{"x":559.5,"y":97.5},{"x":556.5,"y":96.5},{"x":551.5,"y":94.5},{"x":548.5,"y":95.5},{"x":547.5,"y":92.5},{"x":542.5,"y":92.5},{"x":538.5,"y":91.5},{"x":534.5,"y":88.5},{"x":530.5,"y":88.5},{"x":526.5,"y":85.5},{"x":521.5,"y":83.5},{"x":518.5,"y":82.5},{"x":515.5,"y":81.5},{"x":511.5,"y":81.5},{"x":507.5,"y":81.5},{"x":504.5,"y":80.5},{"x":501.5,"y":78.5},{"x":497.5,"y":78.5},{"x":494.5,"y":77.5},{"x":491.5,"y":76.5},{"x":488.5,"y":75.5},{"x":482.5,"y":75.5},{"x":478.5,"y":73.5},{"x":472.5,"y":73.5},{"x":468.5,"y":72.5},{"x":464.5,"y":69.5},{"x":461.5,"y":70.5},{"x":458.5,"y":69.5},{"x":452.5,"y":68.5},{"x":448.5,"y":68.5},{"x":444.5,"y":66.5},{"x":440.5,"y":67.5},{"x":437.5,"y":65.5},{"x":434.5,"y":66.5},{"x":430.5,"y":64.5},{"x":427.5,"y":65.5},{"x":420.5,"y":65.5},{"x":415.5,"y":65.5},{"x":410.5,"y":65.5},{"x":404.5,"y":65.5},{"x":400.5,"y":65.5},{"x":394.5,"y":65.5},{"x":389.5,"y":65.5},{"x":385.5,"y":65.5},{"x":380.5,"y":65.5},{"x":375.5,"y":67.5},{"x":371.5,"y":66.5},{"x":368.5,"y":68.5},{"x":364.5,"y":68.5},{"x":360.5,"y":70.5},{"x":356.5,"y":71.5},{"x":353.5,"y":72.5},{"x":349.5,"y":74.5},{"x":344.5,"y":73.5},{"x":341.5,"y":75.5},{"x":338.5,"y":76.5},{"x":333.5,"y":78.5},{"x":329.5,"y":80.5},{"x":323.5,"y":80.5},{"x":319.5,"y":82.5},{"x":316.5,"y":84.5},{"x":311.5,"y":87.5},{"x":306.5,"y":89.5},{"x":305.5,"y":92.5},{"x":301.5,"y":92.5},{"x":298.5,"y":95.5},{"x":293.5,"y":95.5},{"x":288.5,"y":100.5},{"x":283.5,"y":101.5},{"x":282.5,"y":104.5},{"x":278.5,"y":104.5},{"x":275.5,"y":107.5},{"x":270.5,"y":110.5},{"x":266.5,"y":113.5},{"x":263.5,"y":114.5},{"x":258.5,"y":117.5},{"x":255.5,"y":120.5},{"x":253.5,"y":123.5},{"x":251.5,"y":127.5},{"x":247.5,"y":129.5},{"x":243.5,"y":133.5},{"x":241.5,"y":136.5},{"x":238.5,"y":141.5},{"x":235.5,"y":143.5},{"x":235.5,"y":147.5},{"x":232.5,"y":148.5},{"x":231.5,"y":151.5},{"x":228.5,"y":155.5},{"x":223.5,"y":158.5},{"x":221.5,"y":161.5},{"x":218.5,"y":164.5},{"x":215.5,"y":167.5},{"x":213.5,"y":172.5},{"x":210.5,"y":174.5},{"x":208.5,"y":178.5},{"x":206.5,"y":181.5},{"x":203.5,"y":183.5},{"x":203.5,"y":187.5},{"x":200.5,"y":188.5},{"x":199.5,"y":192.5},{"x":197.5,"y":195.5},{"x":194.5,"y":197.5},{"x":195.5,"y":201.5},{"x":192.5,"y":202.5},{"x":189.5,"y":203.5},{"x":187.5,"y":209.5},{"x":186.5,"y":212.5},{"x":182.5,"y":216.5},{"x":181.5,"y":220.5},{"x":179.5,"y":223.5},{"x":175.5,"y":225.5},{"x":176.5,"y":230.5},{"x":174.5,"y":233.5},{"x":175.5,"y":236.5},{"x":172.5,"y":238.5},{"x":171.5,"y":242.5},{"x":168.5,"y":245.5},{"x":167.5,"y":250.5},{"x":164.5,"y":257.5},{"x":163.5,"y":260.5},{"x":164.5,"y":265.5},{"x":162.5,"y":268.5},{"x":161.5,"y":271.5},{"x":161.5,"y":276.5},{"x":158.5,"y":281.5},{"x":157.5,"y":284.5},{"x":157.5,"y":289.5},{"x":156.5,"y":293.5},{"x":153.5,"y":297.5},{"x":153.5,"y":302.5},{"x":152.5,"y":305.5},{"x":151.5,"y":308.5},{"x":148.5,"y":311.5},{"x":145.5,"y":312.5},{"x":144.5,"y":313.5}]]]],0,0,[],[],[]],[["0,9729,9729,33071,33071,0,0,1",-1],[1],0,[],[],[]]]]