[1,["67anMl47ZJuY3gik3usca6","f5WApeWoxKgIjx8ik93Je1","48xefW7A9BFa/t2YGh6O4y"],["_textureSetter"],["cc.SpriteFrame","cc.Texture2D",["cc.AudioClip",["_name","_native","duration"],0],["cc.JsonAsset",["_name","json"],1]],[[2,0,1,2,4],[3,0,1,3]],[[[{"name":"8÷4","rect":[0,0,512,377],"offset":[0,0],"originalSize":[512,377],"capInsets":[0,0,0,0]}],[0],0,[0],[0],[0]],[[[0,"6_divided_by_2_is_equal_to_3",".mp3",3.213061],-1],0,0,[],[],[]],[[[0,"4_divided_by_2_is_equal_to_2",".mp3",2.977959],-1],0,0,[],[],[]],[[[0,"8_divided_by_4_is_equal_to_2",".mp3",2.873469],-1],0,0,[],[],[]],[[[1,"sl_en3900",{"rows":[["picturemeaning","1","Description","S","4 divided by 2 is equal to 2","4÷2.png","4_divided_by_2_is_equal_to_2.mp3","2 divided by 2 is equal to 1","2÷2.png","2_divided_by_2_is_equal_to_1.mp3","6 divided by 2 is equal to 3","6÷2.png","6_divided_by_2_is_equal_to_3.mp3"],["picturemeaning","1","Description","S","2 divided by 2 is equal to 1","2÷2.png","2_divided_by_2_is_equal_to_1.mp3","4 divided by 2 is equal to 2","4÷2.png","4_divided_by_2_is_equal_to_2.mp3","6 divided by 3 is equal to","6÷3.png","6_divided_by_3_is_equal_to_2.mp3"],["picturemeaning","1","Description","S","6 divided by 2 is equal to 3","6÷2.png","6_divided_by_2_is_equal_to_3.mp3","8 divided by 2 is equal to 4","8÷2.png","8_divided_by_2_is_equal_to_4.mp3","9 divided by 3 is equal to 3","9÷3.png","9_divided_by_3_is_equal_to_3.mp3"],["picturemeaning","1","Description","S","6 divided by 3 is equal to","6÷3.png","6_divided_by_3_is_equal_to_2.mp3","2 divided by 2 is equal to 1","2÷2.png","2_divided_by_2_is_equal_to_1.mp3","8 divided by 2 is equal to 4","8÷2.png","8_divided_by_2_is_equal_to_4.mp3"],["picturemeaning","1","Description","S","8 divided by 2 is equal to 4","8÷2.png","8_divided_by_2_is_equal_to_4.mp3","6 divided by 2 is equal to 3","6÷2.png","6_divided_by_2_is_equal_to_3.mp3","4 divided by 2 is equal to 2","4÷2.png","4_divided_by_2_is_equal_to_2.mp3"],["picturemeaning","1","Description","S","8 divided by 4 is equal to 2","8÷4.png","8_divided_by_4_is_equal_to_2.mp3","6 divided by 3 is equal to","6÷3.png","6_divided_by_3_is_equal_to_2.mp3","2 divided by 2 is equal to 1","2÷2.png","2_divided_by_2_is_equal_to_1.mp3"],["picturemeaning","1","Description","S","9 divided by 3 is equal to 3","9÷3.png","9_divided_by_3_is_equal_to_3.mp3","4 divided by 2 is equal to 2","4÷2.png","4_divided_by_2_is_equal_to_2.mp3","6 divided by 2 is equal to 3","6÷2.png","6_divided_by_2_is_equal_to_3.mp3"],["quizliteracy","1","Description","image_sentence","4 divided by 2 is equal to 2","4 divided by 2 is equal to 2","6 divided by 2 is equal to 3","8 divided by 2 is equal to 4","4÷2.png","","4_divided_by_2_is_equal_to_2.mp3"],["quizliteracy","1","Description","image_sentence","6 divided by 3 is equal to","9 divided by 3 is equal to 3","2 divided by 2 is equal to 1","6 divided by 3 is equal to","6÷3.png","","6_divided_by_3_is_equal_to_2.mp3"],["quizliteracy","1","Description","image_sentence","9 divided by 3 is equal to 3","6 divided by 3 is equal to","9 divided by 3 is equal to 3","4 divided by 2 is equal to 2","9÷3.png","","9_divided_by_3_is_equal_to_3.mp3"]]}]],0,0,[],[],[]],[["0,9729,9729,33071,33071,0,0,1",-1],[1],0,[],[],[]],[[{"name":"8÷2","rect":[0,0,512,465],"offset":[0,0],"originalSize":[512,465],"capInsets":[0,0,0,0]}],[0],0,[0],[0],[1]],[["0,9729,9729,33071,33071,0,0,1",-1],[1],0,[],[],[]],[[{"name":"9÷3","rect":[0,0,512,428],"offset":[0,0],"originalSize":[512,428],"capInsets":[0,0,0,0]}],[0],0,[0],[0],[2]],[[[0,"9_divided_by_3_is_equal_to_3",".mp3",2.899592],-1],0,0,[],[],[]],[[[0,"6_divided_by_3_is_equal_to_2",".mp3",3.108571],-1],0,0,[],[],[]],[[[0,"8_divided_by_2_is_equal_to_4",".mp3",2.847347],-1],0,0,[],[],[]],[[[0,"2_divided_by_2_is_equal_to_1",".mp3",3.213061],-1],0,0,[],[],[]],[["0,9729,9729,33071,33071,0,0,1",-1],[1],0,[],[],[]]]]