[1,["bb9xPSZahCtJXwLRBFSdkU","c7Hl6v8nBJ+aRq0u1gSlOn","9b0a1MPIVMSp6pcLPJ20Ja","615DE0lyZDYowSb+zlyPNf","f6DqR1xbxHra6OgiLT0KWZ","6efTzcRj9GcqPVwylA4TsZ","16rXHOJn1Hnq6BcRS0HH8b","aaNi9+5O5NnKmNKphV+SJQ","b1F/LXfv5LgYII13cAtGJF","d1L4l9hBJFKaomtQ3FTRwf","a4Sv8TcDVBr5wX8i7JGgzx","77bd391S1HBZ0+/HjysSdh"],["_textureSetter"],["cc.Texture2D","cc.SpriteFrame",["cc.AudioClip",["_name","_native","duration"],0],["cc.JsonAsset",["_name","json"],1]],[[2,0,1,2,4],[3,0,1,3]],[[["0,9729,9729,33071,33071,0,0,1",-1],[0],0,[],[],[]],[[{"name":"width","rect":[0,0,381,512],"offset":[0,0],"originalSize":[381,512],"capInsets":[0,0,0,0]}],[1],0,[0],[0],[0]],[[{"name":"meals","rect":[0,0,512,355],"offset":[0,0],"originalSize":[512,355],"capInsets":[0,0,0,0]}],[1],0,[0],[0],[1]],[[[0,"ಕದ",".mp3",0.624],-1],0,0,[],[],[]],[[{"name":"door","rect":[0,0,375,500],"offset":[0,0],"originalSize":[375,500],"capInsets":[0,0,0,0]}],[1],0,[0],[0],[2]],[[[0,"ಲಕಲಕ",".mp3",0.864],-1],0,0,[],[],[]],[[{"name":"salt","rect":[0,0,500,375],"offset":[0,0],"originalSize":[500,375],"capInsets":[0,0,0,0]}],[1],0,[0],[0],[3]],[[[0,"ಊರು",".mp3",0.744],-1],0,0,[],[],[]],[[[0,"ಈಗ",".mp3",1.44],-1],0,0,[],[],[]],[[[0,"ಲವಣ",".mp3",0.72],-1],0,0,[],[],[]],[[{"name":"village","rect":[0,0,400,400],"offset":[0,0],"originalSize":[400,400],"capInsets":[0,0,0,0]}],[1],0,[0],[0],[4]],[["0,9729,9729,33071,33071,0,0,1",-1],[0],0,[],[],[]],[[[0,"ಈರ",".mp3",0.96],-1],0,0,[],[],[]],[["0,9729,9729,33071,33071,0,0,1",-1],[0],0,[],[],[]],[[{"name":"now","rect":[0,0,512,353],"offset":[0,0],"originalSize":[512,353],"capInsets":[0,0,0,0]}],[1],0,[0],[0],[5]],[["0,9729,9729,33071,33071,0,0,1",-1],[0],0,[],[],[]],[[{"name":"crab","rect":[0,0,410,512],"offset":[0,0],"originalSize":[410,512],"capInsets":[0,0,0,0]}],[1],0,[0],[0],[6]],[[[0,"ಕಟಕ",".mp3",0.768],-1],0,0,[],[],[]],[[{"name":"shining","rect":[0,0,512,341],"offset":[0,0],"originalSize":[512,341],"capInsets":[0,0,0,0]}],[1],0,[0],[0],[7]],[["0,9729,9729,33071,33071,0,0,1",-1],[0],0,[],[],[]],[[[0,"ಅಗಲ",".mp3",1.176],-1],0,0,[],[],[]],[["0,9729,9729,33071,33071,0,0,1",-1],[0],0,[],[],[]],[[[0,"ಕಡಗ",".mp3",0.72],-1],0,0,[],[],[]],[[{"name":"palm","rect":[0,0,500,333],"offset":[0,0],"originalSize":[500,333],"capInsets":[0,0,0,0]}],[1],0,[0],[0],[8]],[[[1,"kn0302",{"rows":[["writecard","1","Description","ಲ","ಲವಣ","salt.png","ಲವಣ.mp3","ಅಗಲ","width.png","ಅಗಲ.mp3","ಲಕಲಕ","shining.png","ಲಕಲಕ.mp3"],["writecard","1","Description","ಈ","ಈಚಲ","palm.png","ಈಚಲ.mp3","ಈಗ","now.png","ಈಗ.mp3","ಈರ","wet_damp.png","ಈರ.mp3"],["writecard","1","Description","ಊ","ಊಟ","meals.png","ಊಟ.mp3","ಊನ","disability.png","ಊನ.mp3","ಊರು","village.png","ಊರು.mp3"],["writecard","1","Description","ಕ","ಕಡಗ","bracelet.png","ಕಡಗ.mp3","ಕದ","door.png","ಕದ.mp3","ಕಟಕ","crab.png","ಕಟಕ.mp3"],["quizliteracy","1","Description","soundonly_image","palm.png","palm.png","meals.png","bracelet.png","","","ಈಚಲ.mp3"],["quizliteracy","1","Description","soundonly_image","meals.png","meals.png","palm.png","bracelet.png","","","ಊಟ.mp3"],["quizliteracy","1","Description","soundonly_image","bracelet.png","meals.png","bracelet.png","palm.png","","","ಕಡಗ.mp3"]]}]],0,0,[],[],[]],[["0,9729,9729,33071,33071,0,0,1",-1],[0],0,[],[],[]],[["0,9729,9729,33071,33071,0,0,1",-1],[0],0,[],[],[]],[[[0,"ಊನ",".mp3",1.152],-1],0,0,[],[],[]],[["0,9729,9729,33071,33071,0,0,1",-1],[0],0,[],[],[]],[["0,9729,9729,33071,33071,0,0,1",-1],[0],0,[],[],[]],[[{"name":"disability","rect":[0,0,512,298],"offset":[0,0],"originalSize":[512,298],"capInsets":[0,0,0,0]}],[1],0,[0],[0],[9]],[["0,9729,9729,33071,33071,0,0,1",-1],[0],0,[],[],[]],[[{"name":"bracelet","rect":[0,0,500,332],"offset":[0,0],"originalSize":[500,332],"capInsets":[0,0,0,0]}],[1],0,[0],[0],[10]],[[[0,"ಊಟ",".mp3",1.128],-1],0,0,[],[],[]],[[[0,"ಈಚಲ",".mp3",1.008],-1],0,0,[],[],[]],[[{"name":"wet_damp","rect":[0,0,341,512],"offset":[0,0],"originalSize":[341,512],"capInsets":[0,0,0,0]}],[1],0,[0],[0],[11]],[["0,9729,9729,33071,33071,0,0,1",-1],[0],0,[],[],[]]]]