[1,["95J1FICv9IwJtJ6XCPkLGe","89M2Lp3ZpOjKIUk6uaizZv","34HejPfLtEA69lbD3o0Vrn","3a/h1rvaVDjJS+nTrDcz20"],["_textureSetter"],["cc.SpriteFrame","cc.Texture2D",["cc.AudioClip",["_name","_native","duration"],0],["cc.JsonAsset",["_name","json"],1]],[[2,0,1,2,4],[3,0,1,3]],[[[{"name":"image_18_1","rect":[0,0,845,695],"offset":[0,0],"originalSize":[845,695],"capInsets":[0,0,0,0]}],[0],0,[0],[0],[0]],[[[0,"four",".mp3",0.936],-1],0,0,[],[],[]],[[[0,"eight",".mp3",0.888],-1],0,0,[],[],[]],[[{"name":"image_17_2","rect":[0,0,845,695],"offset":[0,0],"originalSize":[845,695],"capInsets":[0,0,0,0]}],[0],0,[0],[0],[1]],[[[0,"six",".mp3",1.152],-1],0,0,[],[],[]],[["1,9729,9729,33071,33071,0,0,1",-1],[1],0,[],[],[]],[[[0,"nine",".mp3",1.008],-1],0,0,[],[],[]],[[[0,"five",".mp3",0.984],-1],0,0,[],[],[]],[["1,9729,9729,33071,33071,0,0,1",-1],[1],0,[],[],[]],[[[0,"square",".mp3",1.056],-1],0,0,[],[],[]],[[[0,"heart",".mp3",1.032],-1],0,0,[],[],[]],[[[0,"three",".mp3",0.936],-1],0,0,[],[],[]],[[[0,"shapes",".mp3",1.176],-1],0,0,[],[],[]],[[[0,"star",".mp3",1.032],-1],0,0,[],[],[]],[["1,9729,9729,33071,33071,0,0,1",-1],[1],0,[],[],[]],[[[0,"ten",".mp3",0.888],-1],0,0,[],[],[]],[[[0,"one",".mp3",0.96],-1],0,0,[],[],[]],[["1,9729,9729,33071,33071,0,0,1",-1],[1],0,[],[],[]],[[[0,"two",".mp3",0.816],-1],0,0,[],[],[]],[[[0,"oval",".mp3",0.864],-1],0,0,[],[],[]],[[{"name":"image_18_2","rect":[0,0,845,695],"offset":[0,0],"originalSize":[845,695],"capInsets":[0,0,0,0]}],[0],0,[0],[0],[2]],[[[0,"numbers",".mp3",1.344],-1],0,0,[],[],[]],[[[0,"rectangle",".mp3",1.368],-1],0,0,[],[],[]],[[[0,"circle",".mp3",1.104],-1],0,0,[],[],[]],[[[1,"en1912",{"rows":[["tag","1","Description","image_17_1.jpg","shapes","1137.-1516","shapes.mp3","circle","758.-1242","circle.mp3","triangle","1194.-899","triangle.mp3","heart","883.-1072","heart.mp3","square","612.-627","square.mp3"],["tag","1","Description","image_17_2.jpg","shapes","721.-1539","shapes.mp3","diamond","1267.-1163","diamond.mp3","star","853.-452","star.mp3","oval","826.-899","oval.mp3","rectangle","367.-1116","rectangle.mp3"],["tag","1","Description","image_18_1.jpg","numbers","704.-1519","numbers.mp3","one","1035.-466","one.mp3","two","303.-970","two.mp3","three","502.-466","three.mp3","four","781.-969","four.mp3","five","1282.-972","five.mp3"],["tag","1","Description","image_18_2.jpg","numbers","704.-1519","numbers.mp3","six","1282.-972","six.mp3","seven","303.-970","seven.mp3","eight","781.-969","eight.mp3","nine","1035.-466","nine.mp3","ten","502.-466","ten.mp3"],["quizliteracy","1","Description","soundonly_word","circle","two","circle","eight","","","circle.mp3"],["quizliteracy","1","Description","soundonly_word","two","circle","eight","two","","","two.mp3"],["quizliteracy","1","Description","soundonly_word","eight","two","eight","circle","","","eight.mp3"]]}]],0,0,[],[],[]],[[[0,"diamond",".mp3",1.296],-1],0,0,[],[],[]],[[{"name":"image_17_1","rect":[0,0,845,695],"offset":[0,0],"originalSize":[845,695],"capInsets":[0,0,0,0]}],[0],0,[0],[0],[3]],[[[0,"seven",".mp3",1.08],-1],0,0,[],[],[]],[[[0,"triangle",".mp3",1.296],-1],0,0,[],[],[]]]]