[1,["a3F2q92ItLQbcaNebxzGMF","2dvtTcFiRDLJs5clu+dryj","9ewHMPsvFI8ZYn1nJsJlUC","0eDOHheI5E+b5tT+nSZl5X","71Rgga2IBBNYZkE69kd3yv"],["_textureSetter"],["cc.Texture2D","cc.SpriteFrame",["cc.AudioClip",["_name","_native","duration"],0],["cc.JsonAsset",["_name","json"],1]],[[2,0,1,2,4],[3,0,1,3]],[[[[0,"pile",".mp3",0.792],-1],0,0,[],[],[]],[[[0,"black",".mp3",1.008],-1],0,0,[],[],[]],[[[0,"tie",".mp3",0.744],-1],0,0,[],[],[]],[["0,9729,9729,33071,33071,0,0,1",-1],[0],0,[],[],[]],[[[0,"brown",".mp3",1.104],-1],0,0,[],[],[]],[["0,9729,9729,33071,33071,0,0,1",-1],[0],0,[],[],[]],[[[1,"en1404",{"rows":[["grid","1","Description","p,t","ie,ile,ool"],["spelldoor","1","Description","school","******","4","4","spelling_school.png","school.mp3"],["grid","1","Description","t,d","own,ank,ip"],["rocket","1","Description","brown","br,own","br,own","brown.mp3","brown.png","false","false"],["grid","1","Description","h,bl","ouse,ack,ot"],["openwindow","1","Description","LEGIT","house","house.png","radio.png","house.mp3","abcdefghijklmnopqrstuvwxyz"],["rocket","1","Description","blouse","bl,ouse","bl,ouse","blouse.mp3","blouse.jpg","false","false"],["quizliteracy","1","Description","word_word","ool","ome","ool","ert","","sch___","school.mp3"],["quizliteracy","1","Description","word_word","own","ote","ase","own","","br___","brown.mp3"],["quizliteracy","1","Description","word_word","own","own","omg","oce","","d___","down.mp3"],["quizliteracy","1","Description","word_word","ouse","uunt","ouse","orwe","","bl____","blouse.mp3"],["quizliteracy","1","Description","word_word","ouse","uome","tion","ouse","","h____","house.mp3"]]}]],0,0,[],[],[]],[[[0,"tank",".mp3",0.912],-1],0,0,[],[],[]],[[[0,"tip",".mp3",0.696],-1],0,0,[],[],[]],[[[0,"dip",".mp3",0.912],-1],0,0,[],[],[]],[[[0,"hot",".mp3",0.888],-1],0,0,[],[],[]],[[{"name":"house","rect":[0,0,512,365],"offset":[0,0],"originalSize":[512,365],"capInsets":[0,0,0,0]}],[1],0,[0],[0],[0]],[[[0,"blot",".mp3",1.08],-1],0,0,[],[],[]],[[[0,"down",".mp3",0.984],-1],0,0,[],[],[]],[[[0,"pie",".mp3",0.72],-1],0,0,[],[],[]],[[[0,"blouse",".mp3",1.128],-1],0,0,[],[],[]],[["0,9729,9729,33071,33071,0,0,1",-1],[0],0,[],[],[]],[[[0,"hack",".mp3",0.912],-1],0,0,[],[],[]],[[[0,"house",".mp3",0.96],-1],0,0,[],[],[]],[[[0,"school",".mp3",1.128],-1],0,0,[],[],[]],[[{"name":"radio","rect":[0,0,512,451],"offset":[0,0],"originalSize":[512,451],"capInsets":[0,0,0,0]}],[1],0,[0],[0],[1]],[["1,9729,9729,33071,33071,0,0,1",-1],[0],0,[],[],[]],[[{"name":"blouse","rect":[0,0,800,683],"offset":[0,0],"originalSize":[800,683],"capInsets":[0,0,0,0]}],[1],0,[0],[0],[2]],[["0,9729,9729,33071,33071,0,0,1",-1],[0],0,[],[],[]],[[[0,"pool",".mp3",0.744],-1],0,0,[],[],[]],[[[0,"dank",".mp3",0.984],-1],0,0,[],[],[]],[[[0,"tile",".mp3",0.768],-1],0,0,[],[],[]],[[{"name":"spelling_school","rect":[0,0,500,505],"offset":[0,0],"originalSize":[500,505],"capInsets":[0,0,0,0]}],[1],0,[0],[0],[3]],[[[0,"town",".mp3",0.84],-1],0,0,[],[],[]],[[[0,"tool",".mp3",0.768],-1],0,0,[],[],[]],[[{"name":"brown","rect":[0,0,1200,675],"offset":[0,0],"originalSize":[1200,675],"capInsets":[0,0,0,0]}],[1],0,[0],[0],[4]]]]