[1,["5dcj6hT29HipDHNnMx1ZCA","7dadCQ9RxLvYkbeCiAyiVo"],["_textureSetter"],["cc.Texture2D","cc.SpriteFrame",["cc.AudioClip",["_name","_native","duration"],0],["cc.JsonAsset",["_name","json"],1]],[[2,0,1,2,4],[3,0,1,3]],[[[[0,"केला",".mp3",0.757551],-1],0,0,[],[],[]],[["0,9729,9729,33071,33071,0,0,1",-1],[0],0,[],[],[]],[[{"name":"केला","rect":[0,0,193,153],"offset":[0,0],"originalSize":[193,153],"capInsets":[0,0,0,0]}],[1],0,[0],[0],[0]],[["0,9729,9729,33071,33071,0,0,1",-1],[0],0,[],[],[]],[[[1,"hi0910",{"rows":[["openwindow","1","Description","LEGIT","के,ला","केला.png","नाक.png","केला.mp3","ज,ग,न,ल,फ,छा,ता,र,थ,व,न,घ,ट्र,क,घो,ड़ा,हा,थी,आ,म,स"],["bubbletype","1","Description","10","6","के कै को कौ कं कः","","","","","","के कै को कौ कं कः"],["quizliteracy","1","Description","soundonly_word","केला","मेघ","केला","रेत","","","केला.mp3"],["quizliteracy","1","Description","image_word","केला","रेत","मेघ","केला","केला.png"],["quizliteracy","1","Description","word_word","के","के","कू","कृ","","के"]]}]],0,0,[],[],[]],[[{"name":"नाक","rect":[25,6,146,136],"offset":[1.5,2.5],"originalSize":[193,153],"capInsets":[0,0,0,0]}],[1],0,[0],[0],[1]]]]