[1,["e4kw6Mz49AB7SeQBrqHR0k","61V7Bs2DdIaKTUv6QP4q2g","98l0aB2n1BV64BDvt3qjjC"],["_textureSetter"],["cc.SpriteFrame","cc.Texture2D",["cc.JsonAsset",["_name","json"],1],["cc.AudioClip",["_name","_native","duration"],0]],[[3,0,1,2,4],[2,0,1,3]],[[[{"name":"birds_nest","rect":[0,0,400,400],"offset":[0,0],"originalSize":[400,400],"capInsets":[0,0,0,0]}],[0],0,[0],[0],[0]],[[[1,"kn2_0805",{"rows":[["createsentence","1","Description","ಹಳ್ಳಿಯ/ದಾರಿಯ/ಬದಿಯಲಿ/ಮಾವಿನ/ಮರವಿತ್ತು.","","mango_tree.png","ಹಳ್ಳಿಯ_ದಾರಿಯ_ಬದಿಯಲಿ_ಮಾವಿನ_ಮರವಿತ್ತು.mp3"],["createsentence","1","Description","ಹಕ್ಕಿಗಳು/ಗೂಡನ್ನು/ಮಾವಿನ/ಮರದಲ್ಲಿ/ಕಟ್ಟಿದ್ದವು.","","birds_nest.png","ಹಕ್ಕಿಗಳು_ಗೂಡನ್ನು_ಮಾವಿನ_ಮರದಲ್ಲಿ_ಕಟ್ಟಿದ್ದವು.mp3"],["createsentence","1","Description","ಹಕ್ಕಿಯ/ಮರಿಗಳು/ಚಿಲಿಪಿಲಿ/ಎಂದು/ಹಾಡಿದವು.","","baby_birds.png","ಹಕ್ಕಿಯ_ಮರಿಗಳು_ಚಿಲಿಪಿಲಿ_ಎಂದು_ಹಾಡಿದವು.mp3"],["createsentence","1","Description","ಮಾವಿನ/ಮರದ/ಕಮ್ಮಿನ/ಪರಿಮಳ/ಜನರ/ಮನ/","","mango_tree.png","ಮಾವಿನ_ಮರದ_ಕಮ್ಮಿನ_ಪರಿಮಳ_ಜನರ_ಮನ.mp3"],["quizliteracy","1","Description","sentence_sentence","ಮಾವಿನ ಮರವಿತ್ತು","ತೆಂಗಿನ ಮರವಿತ್ತು","ಸೇಬಿನ ಮರವಿತ್ತು","ಮಾವಿನ ಮರವಿತ್ತು","","ಹಳ್ಳಿಯ ದಾರಿಯ ಬದಿಯಲಿ _____ ______.","ಹಳ್ಳಿಯ_ದಾರಿಯ_ಬದಿಯಲಿ_ಮಾವಿನ_ಮರವಿತ್ತು.mp3"],["quizliteracy","1","Description","sentence_sentence","ಗೂಡನ್ನು","ಗೂಡನ್ನು","ಮನೆಯನ್ನು","ಶಾಲೆಯನ್ನು","","ಹಕ್ಕಿಗಳು ________ ಮಾವಿನ ಮರದಲ್ಲಿ ಕಟ್ಟಿದ್ದವು.","ಹಕ್ಕಿಗಳು_ಗೂಡನ್ನು_ಮಾವಿನ_ಮರದಲ್ಲಿ_ಕಟ್ಟಿದ್ದವು.mp3"],["quizliteracy","1","Description","sentence_sentence","ಚಿಲಿಪಿಲಿ","ಮಿಯಾಂವ್","ಚಿಲಿಪಿಲಿ","ಬೌಬೌ","","ಹಕ್ಕಿಯ ಮರಿಗಳು ______ ಎಂದು ಹಾಡಿದವು.","ಹಕ್ಕಿಯ_ಮರಿಗಳು_ಚಿಲಿಪಿಲಿ_ಎಂದು_ಹಾಡಿದವು.mp3"]]}]],0,0,[],[],[]],[["0,9729,9729,33071,33071,0,0,1",-1],[1],0,[],[],[]],[[{"name":"mango_tree","rect":[0,0,400,400],"offset":[0,0],"originalSize":[400,400],"capInsets":[0,0,0,0]}],[0],0,[0],[0],[1]],[[[0,"ಹಳ್ಳಿಯ_ದಾರಿಯ_ಬದಿಯಲಿ_ಮಾವಿನ_ಮರವಿತ್ತು",".mp3",3.24],-1],0,0,[],[],[]],[[[0,"ಹಕ್ಕಿಯ_ಮರಿಗಳು_ಚಿಲಿಪಿಲಿ_ಎಂದು_ಹಾಡಿದವು",".mp3",3.24],-1],0,0,[],[],[]],[["0,9729,9729,33071,33071,0,0,1",-1],[1],0,[],[],[]],[[{"name":"baby_birds","rect":[0,0,400,400],"offset":[0,0],"originalSize":[400,400],"capInsets":[0,0,0,0]}],[0],0,[0],[0],[2]],[["0,9729,9729,33071,33071,0,0,1",-1],[1],0,[],[],[]],[[[0,"ಮಾವಿನ_ಮರದ_ಕಮ್ಮಿನ_ಪರಿಮಳ_ಜನರ_ಮನ",".mp3",3.12],-1],0,0,[],[],[]],[[[0,"ಹಕ್ಕಿಗಳು_ಗೂಡನ್ನು_ಮಾವಿನ_ಮರದಲ್ಲಿ_ಕಟ್ಟಿದ್ದವು",".mp3",3.6],-1],0,0,[],[],[]]]]