[1,["dc9bnMeqpJMra3I0zaC9/P","a0vHpS1e9IZ7oxpuhsDC8z","5c8B1duZxC7JjBUUhib35N","42SMpaS0dN56p/MrM0AQx2"],["_textureSetter"],["cc.SpriteFrame","cc.Texture2D",["cc.AudioClip",["_name","_native","duration"],0],["cc.JsonAsset",["_name","json"],1]],[[2,0,1,2,4],[3,0,1,3]],[[[{"name":"squirrel","rect":[0,0,500,356],"offset":[0,0],"originalSize":[500,356],"capInsets":[0,0,0,0]}],[0],0,[0],[0],[0]],[[[0,"ಅಳಿಲು ಓಡಿಹೋಗಿ ಮರದ ಕೊಂಬೆಯನ್ನು ಏರಿತು",".mp3",2.784],-1],0,0,[],[],[]],[[[0,"ಕೋತಿ ಮರದ ಮೇಲೆ ಕುಳಿತಿತ್ತು",".mp3",1.992],-1],0,0,[],[],[]],[["0,9729,9729,33071,33071,0,0,1",-1],[1],0,[],[],[]],[[[1,"kn3405",{"rows":[["createsentence","1","Description","ಕೋತಿ/ಮರದ/ಮೇಲೆ/ಕುಳಿತಿತ್ತು","","Monkey_on_tree.png","ಕೋತಿ ಮರದ ಮೇಲೆ ಕುಳಿತಿತ್ತು.mp3"],["createsentence","1","Description","ಕೋತಿಯ/ಬಾಲ/ಹಿಡಿದು/ಅಳಿಲು/ಜೀಕತೊಡಗಿತು","","monkey's tail.png","ಕೋತಿಯ ಬಾಲ ಹಿಡಿದು ಅಳಿಲು ಜೀಕತೊಡಗಿತು.mp3"],["createsentence","1","Description","ಅಳಿಲು/ಹೇಳಿತು","","squirrel.png","ಅಳಿಲು ಹೇಳಿತು.mp3"],["createsentence","1","Description","ಅಳಿಲು/ಓಡಿಹೋಗಿ/ಮರದ/ಕೊಂಬೆಯನ್ನು/ಏರಿತು","","squirrel_climb.png","ಅಳಿಲು ಓಡಿಹೋಗಿ ಮರದ ಕೊಂಬೆಯನ್ನು ಏರಿತು.mp3"],["quizliteracy","1","Description","image_sentence","ಕೋತಿ ಮರದ ಮೇಲೆ ಕುಳಿತಿತ್ತು","ಕೋತಿ ಮರದ ಮೇಲೆ ಕುಳಿತಿತ್ತು","ಅಳಿಲು ಹೇಳಿತು","ಅಳಿಲು ಓಡಿಹೋಗಿ ಮರದ ಕೊಂಬೆಯನ್ನು ಏರಿತು","Monkey_on_tree.png","","ಕೋತಿ ಮರದ ಮೇಲೆ ಕುಳಿತಿತ್ತು.mp3"],["quizliteracy","1","Description","sentence_sentence","ಕೋತಿಯ ಬಾಲ ಹಿಡಿದು ಅಳಿಲು ಜೀಕತೊಡಗಿತು","ಹಿಡಿದು ಕೋತಿಯ ಜೀಕತೊಡಗಿತು ಅಳಿಲು ಬಾಲ","ಕೋತಿಯ ಬಾಲ ಹಿಡಿದು ಅಳಿಲು ಜೀಕತೊಡಗಿತು","ಹಿಡಿದು ಕೋತಿಯ ಜೀಕತೊಡಗಿತು ಬಾಲ ಅಳಿಲು","","ಸರಿಯಾದದನ್ನು ಆರಿಸಿ","ಕೋತಿಯ ಬಾಲ ಹಿಡಿದು ಅಳಿಲು ಜೀಕತೊಡಗಿತು.mp3"],["quizliteracy","1","Description","soundonly_sentence","ಅಳಿಲು ಓಡಿಹೋಗಿ ಮರದ ಕೊಂಬೆಯನ್ನು ಏರಿತು","ಕೋತಿ ಮರದ ಮೇಲೆ ಕುಳಿತಿತ್ತು","ಅಳಿಲು ಓಡಿಹೋಗಿ ಮರದ ಕೊಂಬೆಯನ್ನು ಏರಿತು","ಅಳಿಲು ಹೇಳಿತು","","","ಅಳಿಲು ಓಡಿಹೋಗಿ ಮರದ ಕೊಂಬೆಯನ್ನು ಏರಿತು.mp3"]]}]],0,0,[],[],[]],[["0,9729,9729,33071,33071,0,0,1",-1],[1],0,[],[],[]],[[{"name":"monkey's tail","rect":[0,0,500,333],"offset":[0,0],"originalSize":[500,333],"capInsets":[0,0,0,0]}],[0],0,[0],[0],[1]],[[{"name":"Monkey_on_tree","rect":[0,0,500,333],"offset":[0,0],"originalSize":[500,333],"capInsets":[0,0,0,0]}],[0],0,[0],[0],[2]],[[[0,"ಕೋತಿಯ ಬಾಲ ಹಿಡಿದು ಅಳಿಲು ಜೀಕತೊಡಗಿತು",".mp3",2.784],-1],0,0,[],[],[]],[["0,9729,9729,33071,33071,0,0,1",-1],[1],0,[],[],[]],[[{"name":"squirrel_climb","rect":[0,0,343,500],"offset":[0,0],"originalSize":[343,500],"capInsets":[0,0,0,0]}],[0],0,[0],[0],[3]],[["0,9729,9729,33071,33071,0,0,1",-1],[1],0,[],[],[]],[[[0,"ಅಳಿಲು ಹೇಳಿತು",".mp3",1.152],-1],0,0,[],[],[]]]]