[1,["3eQijBC4ZHxr38xdctmMkf","7d9K6scMdFebatM3fAYy5H","14QHhsDzxDTJ8vPYHGHJbl","7e1TGKr+5HUrmuIqUZcYjs"],["_textureSetter"],["cc.Texture2D","cc.SpriteFrame",["cc.AudioClip",["_name","_native","duration"],0],["cc.JsonAsset",["_name","json"],1]],[[2,0,1,2,4],[3,0,1,3]],[[[[0,"झील",".mp3",0.757551],-1],0,0,[],[],[]],[[[0,"होटल",".mp3",0.731429],-1],0,0,[],[],[]],[["1,9729,9729,33071,33071,0,0,1",-1],[0],0,[],[],[]],[[[0,"सागर",".mp3",0.757551],-1],0,0,[],[],[]],[[[0,"अंधेरा",".mp3",1.018776],-1],0,0,[],[],[]],[[[0,"रेगिस्तान",".mp3",1.123265],-1],0,0,[],[],[]],[[[0,"लोग",".mp3",0.600816],-1],0,0,[],[],[]],[[{"name":"image_25_2","rect":[0,0,845,695],"offset":[0,0],"originalSize":[845,695],"capInsets":[0,0,0,0]}],[1],0,[0],[0],[0]],[["1,9729,9729,33071,33071,0,0,1",-1],[0],0,[],[],[]],[[[0,"विपरीत",".mp3",0.966531],-1],0,0,[],[],[]],[[[0,"गीला",".mp3",0.757551],-1],0,0,[],[],[]],[[[0,"संज्ञा_शब्द_चुनें",".mp3",2.592],-1],0,0,[],[],[]],[[[0,"शहर",".mp3",0.705306],-1],0,0,[],[],[]],[[[0,"टोकरी",".mp3",0.757551],-1],0,0,[],[],[]],[[{"name":"image_25_1","rect":[0,0,845,695],"offset":[0,0],"originalSize":[845,695],"capInsets":[0,0,0,0]}],[1],0,[0],[0],[1]],[[[0,"फलियां",".mp3",0.757551],-1],0,0,[],[],[]],[[[1,"hi1405",{"rows":[["tag","1","Description","image_25_1.jpg","पृथ्वी","280.-1520","पृथ्वी.mp3","सागर","1352.-731","सागर.mp3","पर्वत","396.-801","पर्वत.mp3","रेगिस्तान","357.-1071","रेगिस्तान.mp3","झील","1244.-1369","झील.mp3"],["tag","1","Description","image_25_2.jpg","विपरीत","280.-1520","विपरीत.mp3","ठंडा ","729.-1290","ठंडा.mp3","गरम","232.-1292","गरम.mp3","गीला ","1288.-1277","गीला.mp3","सूखा","1290.-454","सूखा.mp3","उज्ज्वल","721.-718","उज्ज्वल.mp3","अंधेरा","341.-479","अंधेरा.mp3"],["tag","1","Description","image_25_3.jpg","बाजार","280.-1520","बाजार.mp3","फलियां","1338.-1129","फलियां.mp3","ट्रक","927.-567","ट्रक.mp3","मछली","309.-486","मछली.mp3","टोकरी","274.-996","टोकरी.mp3","लोग","1347.-737","लोग.mp3"],["tag","1","Description","image_25_4.jpg","शहर","280.-1520","शहर.mp3","अस्पताल","535.-1317","अस्पताल.mp3","बैंक","1201.-1289","बैंक.mp3","होटल","535.-520","होटल.mp3","पुलिस","1208.-513","पुलिस.mp3"],["quizliteracy","1","Description","sentence_sentence","फल","फल","वह","तू","","संज्ञा शब्द चुनें","संज्ञा_शब्द_चुनें.mp3"],["quizliteracy","1","Description","sentence_sentence","बाजार","क्या","बाजार","आप","","संज्ञा शब्द चुनें","संज्ञा_शब्द_चुनें.mp3"],["quizliteracy","1","Description","sentence_sentence","अस्पताल","वह","वह","अस्पताल","","संज्ञा शब्द चुनें","संज्ञा_शब्द_चुनें.mp3"],["quizliteracy","1","Description","sentence_sentence","पर्वत","उसे","क्या","पर्वत","","संज्ञा शब्द चुनें","संज्ञा_शब्द_चुनें.mp3"]]}]],0,0,[],[],[]],[["1,9729,9729,33071,33071,0,0,1",-1],[0],0,[],[],[]],[["1,9729,9729,33071,33071,0,0,1",-1],[0],0,[],[],[]],[[[0,"मछली",".mp3",0.757551],-1],0,0,[],[],[]],[[[0,"पर्वत",".mp3",0.653061],-1],0,0,[],[],[]],[[[0,"पुलिस",".mp3",0.705306],-1],0,0,[],[],[]],[[[0,"उज्ज्वल",".mp3",0.783673],-1],0,0,[],[],[]],[[[0,"ठंडा",".mp3",0.757551],-1],0,0,[],[],[]],[[[0,"सूखा",".mp3",0.809796],-1],0,0,[],[],[]],[[[0,"पृथ्वी",".mp3",0.731429],-1],0,0,[],[],[]],[[[0,"बैंक",".mp3",0.548571],-1],0,0,[],[],[]],[[[0,"अस्पताल",".mp3",0.914286],-1],0,0,[],[],[]],[[[0,"गरम",".mp3",0.705306],-1],0,0,[],[],[]],[[[0,"बाजार",".mp3",0.783673],-1],0,0,[],[],[]],[[{"name":"image_25_3","rect":[0,0,845,695],"offset":[0,0],"originalSize":[845,695],"capInsets":[0,0,0,0]}],[1],0,[0],[0],[2]],[[{"name":"image_25_4","rect":[0,0,845,695],"offset":[0,0],"originalSize":[845,695],"capInsets":[0,0,0,0]}],[1],0,[0],[0],[3]],[[[0,"ट्रक",".mp3",0.548571],-1],0,0,[],[],[]]]]