[1,["19DzEN5utIxI5ColqAs1PZ","18Vu8LCOhNGonb0B6RDL83"],["_textureSetter"],["cc.Texture2D","cc.SpriteFrame",["cc.AudioClip",["_name","_native","duration"],0],["cc.JsonAsset",["_name","json"],1]],[[2,0,1,2,4],[3,0,1,3]],[[[[0,"ಕಾ",".mp3",0.528],-1],0,0,[],[],[]],[[[0,"ಾ",".mp3",0.504],-1],0,0,[],[],[]],[["0,9729,9729,33071,33071,0,0,1",-1],[0],0,[],[],[]],[["0,9729,9729,33071,33071,0,0,1",-1],[0],0,[],[],[]],[[[0,"ಕರ",".mp3",0.576],-1],0,0,[],[],[]],[[{"name":"crow","rect":[0,0,512,395],"offset":[0,0],"originalSize":[512,395],"capInsets":[0,0,0,0]}],[1],0,[0],[0],[0]],[[[0,"ಕಾಗೆ",".mp3",0.72],-1],0,0,[],[],[]],[[[1,"kn2401",{"rows":[["phonictractor","1","Description","6","ಕ","ಕ.mp3","ಕ","ಕ.mp3"],["writeletter","1","Description","ಕ"],["writeword","1","Description","ಕರ","hand.png","ಕರ.mp3"],["phonictractor","1","Description","6","ಕಾ","ಕಾ.mp3","ಕ","ಕ.mp3","ಾ","ಾ.mp3"],["spelldoor","1","Description","ಕಾಗೆ","**","0","0","crow.png","ಕಾಗೆ.mp3"],["quizliteracy","1","Description","soundonly_word","ಕಾ","ಕಿ","ಕೀ","ಕಾ","","","ಕಾ.mp3"],["quizliteracy","1","Description","soundonly_word","ಕ","ಕಾ","ಕ","ಕಿ","","","ಕ.mp3"],["quizliteracy","1","Description","soundonly_word","ಕಾಗೆ","ಕಾಗೆ","ಕರ","ಕಮಲಾ","","","ಕಾಗೆ.mp3"]]}]],0,0,[],[],[]],[[[0,"ಕ",".mp3",0.504],-1],0,0,[],[],[]],[[{"name":"hand","rect":[0,0,500,500],"offset":[0,0],"originalSize":[500,500],"capInsets":[0,0,0,0]}],[1],0,[0],[0],[1]]]]