[1,["24jpfyhAlLJ5ToAH9bahSC","5ac5Eir8lBLKo44oXlZRUH","251FYAoiZIxpE4UV8V+zG2","7a+rO2XPxJu765ZgDjXMKI","4dUOzlMuhKSaCSoopqVMdl","ebwWBJRtxC7oK9LGvMrkYq","6fL0F92/dDMIk9lbF8fBlF"],["_textureSetter"],["cc.SpriteFrame","cc.Texture2D",["cc.AudioClip",["_name","_native","duration"],0],["cc.JsonAsset",["_name","json"],1]],[[2,0,1,2,4],[3,0,1,3]],[[[{"name":"thirty","rect":[0,0,512,503],"offset":[0,0],"originalSize":[512,503],"capInsets":[0,0,0,0]}],[0],0,[0],[0],[0]],[[{"name":"seven","rect":[0,0,512,503],"offset":[0,0],"originalSize":[512,503],"capInsets":[0,0,0,0]}],[0],0,[0],[0],[1]],[["0,9729,9729,33071,33071,0,0,1",-1],[1],0,[],[],[]],[["0,9729,9729,33071,33071,0,0,1",-1],[1],0,[],[],[]],[[{"name":"four","rect":[0,0,512,503],"offset":[0,0],"originalSize":[512,503],"capInsets":[0,0,0,0]}],[0],0,[0],[0],[2]],[[[0,"five",".mp3",0.864],-1],0,0,[],[],[]],[["0,9729,9729,33071,33071,0,0,1",-1],[1],0,[],[],[]],[["0,9729,9729,33071,33071,0,0,1",-1],[1],0,[],[],[]],[[[0,"seven",".mp3",1.032],-1],0,0,[],[],[]],[[[0,"thirty",".mp3",0.984],-1],0,0,[],[],[]],[[{"name":"thirteen","rect":[0,0,512,503],"offset":[0,0],"originalSize":[512,503],"capInsets":[0,0,0,0]}],[0],0,[0],[0],[3]],[["0,9729,9729,33071,33071,0,0,1",-1],[1],0,[],[],[]],[["0,9729,9729,33071,33071,0,0,1",-1],[1],0,[],[],[]],[[{"name":"eight","rect":[0,0,512,503],"offset":[0,0],"originalSize":[512,503],"capInsets":[0,0,0,0]}],[0],0,[0],[0],[4]],[[[0,"eight",".mp3",0.792],-1],0,0,[],[],[]],[[[1,"en3904",{"rows":[["spelldoor","1","Description","thirty","******","4","4","thirty.png","thirty.mp3"],["spelldoor","1","Description","one","***","4","4","one.png","one.mp3"],["spelldoor","1","Description","eight","*****","4","4","eight.png","eight.mp3"],["spelldoor","1","Description","four","*ou*","4","4","four.png","four.mp3"],["spelldoor","1","Description","thirteen","****teen","4","4","thirteen.png","thirteen.mp3"],["spelldoor","1","Description","five","****","4","4","five.png","five.mp3"],["spelldoor","1","Description","seven","se***","4","4","seven.png","seven.mp3"],["quizliteracy","1","Description","word_word","rty","our","rty","ain","","thi___","thirty.mp3"],["quizliteracy","1","Description","soundonly_word","four","fifty","thirteen","four","","","four.mp3"],["quizliteracy","1","Description","image_word","seven","seven","eight","five","seven.png"]]}]],0,0,[],[],[]],[[[0,"thirteen",".mp3",1.152],-1],0,0,[],[],[]],[[[0,"four",".mp3",0.864],-1],0,0,[],[],[]],[[{"name":"one","rect":[0,0,512,503],"offset":[0,0],"originalSize":[512,503],"capInsets":[0,0,0,0]}],[0],0,[0],[0],[5]],[["0,9729,9729,33071,33071,0,0,1",-1],[1],0,[],[],[]],[[[0,"one",".mp3",0.864],-1],0,0,[],[],[]],[[{"name":"five","rect":[0,0,512,503],"offset":[0,0],"originalSize":[512,503],"capInsets":[0,0,0,0]}],[0],0,[0],[0],[6]]]]