[1,["8e2ZoXO+tCV4hOLvlC70e9","b3Q31eQVFBg7G/YG7O6qEj","8cl3hlUzhBQaE+9Abce6ms","3fnfVDRhVE36kfMExQDZUh"],["_textureSetter"],["cc.SpriteFrame","cc.Texture2D",["cc.AudioClip",["_name","_native","duration"],0],["cc.JsonAsset",["_name","json"],1]],[[2,0,1,2,4],[3,0,1,3]],[[[{"name":"meal","rect":[0,0,500,333],"offset":[0,0],"originalSize":[500,333],"capInsets":[0,0,0,0]}],[0],0,[0],[0],[0]],[[{"name":"rabbit tail","rect":[0,0,410,512],"offset":[0,0],"originalSize":[410,512],"capInsets":[0,0,0,0]}],[0],0,[0],[0],[1]],[[[0,"ಬಳಿ",".mp3",0.624],-1],0,0,[],[],[]],[[[0,"ಳಿ",".mp3",0.528],-1],0,0,[],[],[]],[[[0,"ನಿತ್ಯ",".mp3",0.696],-1],0,0,[],[],[]],[[[0,"ತ್ಯ",".mp3",0.552],-1],0,0,[],[],[]],[["0,9729,9729,33071,33071,0,0,1",-1],[1],0,[],[],[]],[["0,9729,9729,33071,33071,0,0,1",-1],[1],0,[],[],[]],[["0,9729,9729,33071,33071,0,0,1",-1],[1],0,[],[],[]],[[[0,"ಸೊ",".mp3",0.624],-1],0,0,[],[],[]],[[[0,"ಸೊಗಸು",".mp3",0.888],-1],0,0,[],[],[]],[[[0,"ಊಟ",".mp3",1.128],-1],0,0,[],[],[]],[[[1,"kn3601",{"rows":[["phonictractor","1","Description","4","ನಿತ್ಯ","ನಿತ್ಯ.mp3","ನಿ","ನಿ.mp3","ತ್ಯ","ತ್ಯ.mp3"],["phonictractor","1","Description","4","ಬಳಿ","ಬಳಿ.mp3","ಬ","ಬ.mp3","ಳಿ","ಳಿ.mp3"],["spelldoor","1","Description","ಆಟ","**","0","0","play.png","ಆಟ.mp3"],["phonictractor","1","Description","4","ಸೊಗಸು","ಸೊಗಸು.mp3","ಸೊ","ಸೊ.mp3","ಗ","ಗ.mp3","ಸು","ಸು.mp3"],["rocket","1","Description","ಊಟ","ಊ,ಟ","ಊ,ಟ","ಊಟ.mp3","meal.png","False","False"],["openwindow","1","Description","LEGIT","ಗಿ,ಡ್ಡ","rabbit tail.png","horse tail.png","ಗಿಡ್ಡ.mp3","ಗಿ ಡ್ಡ"],["quizliteracy","1","Description","word_word","ಗಸು","ಗಸು","ಬಗು","ಪ್ಪು","","ಸೊ____","ಸೊಗಸು.mp3"],["quizliteracy","1","Description","image_word","ಊಟ","ಆಟ","ಬಳಿ","ಊಟ","meal.png"],["quizliteracy","1","Description","soundonly_word","ಬಳಿ","ನಿತ್ಯ","ಸೊಗಸು","ಬಳಿ","","","ಬಳಿ.mp3"]]}]],0,0,[],[],[]],[[[0,"ನಿ",".mp3",0.504],-1],0,0,[],[],[]],[[[0,"ಗ",".mp3",0.528],-1],0,0,[],[],[]],[["0,9729,9729,33071,33071,0,0,1",-1],[1],0,[],[],[]],[[[0,"ಗಿಡ್ಡ",".mp3",0.672],-1],0,0,[],[],[]],[[{"name":"horse tail","rect":[0,0,512,341],"offset":[0,0],"originalSize":[512,341],"capInsets":[0,0,0,0]}],[0],0,[0],[0],[2]],[[[0,"ಬ",".mp3",0.504],-1],0,0,[],[],[]],[[[0,"ಸು",".mp3",0.624],-1],0,0,[],[],[]],[[[0,"ಆಟ",".mp3",1.056],-1],0,0,[],[],[]],[[{"name":"play","rect":[0,0,500,346],"offset":[0,0],"originalSize":[500,346],"capInsets":[0,0,0,0]}],[0],0,[0],[0],[3]]]]