[1,["2c32kzUllIT4e9MMDMutee","bb8hjfoX5GaY0lIOtwJn/u","24NqVZTstEg61Oj6EfcNYz","36eavLjyVEg6N5lJLEZbjA","ebFEZXQ+VMJaFX/1HgBIUp","10Ve1V5dFOZIatiUFIVLLE","a4V6yVkxlAk6MT3gamUrZz","86Z35jdF9D9YiEbdCyLdUR","b6NtvHa7ZFn6VTnP2fJ52P","fe4kONVGNDWIuiOJlR4Xx5"],["_textureSetter"],["cc.Texture2D","cc.SpriteFrame",["cc.AudioClip",["_name","_native","duration"],0],["cc.JsonAsset",["_name","json"],1]],[[2,0,1,2,4],[3,0,1,3]],[[["0,9729,9729,33071,33071,0,0,1",-1],[0],0,[],[],[]],[[[0,"ತೋಳು",".mp3",0.696],-1],0,0,[],[],[]],[[[1,"kn3711",{"rows":[["spelldoor","1","Description","ಕೈ","*","0","0","hand.png","ಕೈ.mp3"],["spelldoor","1","Description","ಕಾಲು","**","0","0","leg.png","ಕಾಲು.mp3"],["spelldoor","1","Description","ಬೆರಳು","***","0","0","finger.png","ಬೆರಳು.mp3"],["spelldoor","1","Description","ಮೈ","*","0","0","torso.png","ಮೈ.mp3"],["spelldoor","1","Description","ತೋಳು","**","0","0","arm.png","ತೋಳು.mp3"],["spelldoor","1","Description","ಮುಖ","**","0","0","face.png","ಮುಖ.mp3"],["spelldoor","1","Description","ಕ,ಣ್ಣು","**","0","0","eye.png","ಕಣ್ಣು.mp3"],["spelldoor","1","Description","ಮೂಗು","**","0","0","nose.png","ಮೂಗು.mp3"],["spelldoor","1","Description","ಬಾಯಿ","**","0","0","mouth.png","ಬಾಯಿ.mp3"],["spelldoor","1","Description","ಹ,ಲ್ಲು","**","0","0","teeth.png","ಹಲ್ಲು.mp3"],["quizliteracy","1","Description","word_word","ರಳು","ನಕ","ರಳು","ವರು","","ಬೆ_____","ಬೆರಳು.mp3"],["quizliteracy","1","Description","image_word","ಕಾಲು","ಕಾಲು","ಮೂಗು","ಬಾಯಿ","leg.png"],["quizliteracy","1","Description","soundonly_word","ಕಣ್ಣು","ಮುಖ","ಕೈ","ಕಣ್ಣು","","","ಕಣ್ಣು.mp3"]]}]],0,0,[],[],[]],[["0,9729,9729,33071,33071,0,0,1",-1],[0],0,[],[],[]],[[{"name":"finger","rect":[0,0,512,354],"offset":[0,0],"originalSize":[512,354],"capInsets":[0,0,0,0]}],[1],0,[0],[0],[0]],[["0,9729,9729,33071,33071,0,0,1",-1],[0],0,[],[],[]],[["0,9729,9729,33071,33071,0,0,1",-1],[0],0,[],[],[]],[[{"name":"torso","rect":[0,0,410,512],"offset":[0,0],"originalSize":[410,512],"capInsets":[0,0,0,0]}],[1],0,[0],[0],[1]],[[{"name":"face","rect":[0,0,492,512],"offset":[-10,0],"originalSize":[512,512],"capInsets":[0,0,0,0]}],[1],0,[0],[0],[2]],[[[0,"ಮೈ",".mp3",0.576],-1],0,0,[],[],[]],[[{"name":"eye","rect":[0,13,457,352],"offset":[-27.5,-6.5],"originalSize":[512,365],"capInsets":[0,0,0,0]}],[1],0,[0],[0],[3]],[[[0,"ಕಾಲು",".mp3",0.72],-1],0,0,[],[],[]],[[[0,"ಕೈ",".mp3",0.6],-1],0,0,[],[],[]],[[{"name":"hand","rect":[0,0,500,500],"offset":[0,0],"originalSize":[500,500],"capInsets":[0,0,0,0]}],[1],0,[0],[0],[4]],[[[0,"ಹಲ್ಲು",".mp3",0.72],-1],0,0,[],[],[]],[["0,9729,9729,33071,33071,0,0,1",-1],[0],0,[],[],[]],[[{"name":"leg","rect":[0,0,500,334],"offset":[0,0],"originalSize":[500,334],"capInsets":[0,0,0,0]}],[1],0,[0],[0],[5]],[["0,9729,9729,33071,33071,0,0,1",-1],[0],0,[],[],[]],[[[0,"ಮೂಗು",".mp3",0.72],-1],0,0,[],[],[]],[["0,9729,9729,33071,33071,0,0,1",-1],[0],0,[],[],[]],[["0,9729,9729,33071,33071,0,0,1",-1],[0],0,[],[],[]],[[[0,"ಬೆರಳು",".mp3",0.72],-1],0,0,[],[],[]],[[{"name":"nose","rect":[0,0,512,378],"offset":[0,0],"originalSize":[512,378],"capInsets":[0,0,0,0]}],[1],0,[0],[0],[6]],[[[0,"ಬಾಯಿ",".mp3",0.72],-1],0,0,[],[],[]],[[{"name":"teeth","rect":[0,0,512,385],"offset":[0,0],"originalSize":[512,385],"capInsets":[0,0,0,0]}],[1],0,[0],[0],[7]],[[{"name":"arm","rect":[0,0,341,512],"offset":[0,0],"originalSize":[341,512],"capInsets":[0,0,0,0]}],[1],0,[0],[0],[8]],[["0,9729,9729,33071,33071,0,0,1",-1],[0],0,[],[],[]],[[[0,"ಕಣ್ಣು",".mp3",0.696],-1],0,0,[],[],[]],[[[0,"ಮುಖ",".mp3",0.672],-1],0,0,[],[],[]],[[{"name":"mouth","rect":[0,0,341,512],"offset":[0,0],"originalSize":[341,512],"capInsets":[0,0,0,0]}],[1],0,[0],[0],[9]],[["0,9729,9729,33071,33071,0,0,1",-1],[0],0,[],[],[]]]]