[1,["07QTjxKgVATby+mscdsd2i","1eb+Kfy9xFdaJSwndC333S"],["_textureSetter"],["cc.Texture2D","cc.SpriteFrame",["cc.AudioClip",["_name","_native","duration"],0],["cc.JsonAsset",["_name","json"],1]],[[2,0,1,2,4],[3,0,1,3]],[[["0,9729,9729,33071,33071,0,0,1",-1],[0],0,[],[],[]],[[[0,"भज",".mp3",0.984],-1],0,0,[],[],[]],[[[0,"स",".mp3",0.627],-1],0,0,[],[],[]],[[[0,"ह",".mp3",0.49625],-1],0,0,[],[],[]],[[[0,"भर",".mp3",0.816],-1],0,0,[],[],[]],[["0,9729,9729,33071,33071,0,0,1",-1],[0],0,[],[],[]],[[[0,"फसल",".mp3",0.626939],-1],0,0,[],[],[]],[[[0,"ल",".mp3",0.47025],-1],0,0,[],[],[]],[[[0,"क",".mp3",0.418],-1],0,0,[],[],[]],[[[1,"hi0401",{"rows":[["grid","1","Description","ज","ब,ड़,ज"],["grid","1","Description","भ","ज,र,ग"],["phonictractor","1","Description","6","कमल","कमल.mp3","क","क.mp3","म","म.mp3","ल","ल.mp3"],["phonictractor","1","Description","6","फसल","फसल.mp3","फ","फ.mp3","स","स.mp3","ल","ल.mp3"],["phonictractor","1","Description","6","महल","महल.mp3","म","म.mp3","ह","ह.mp3","ल","ल.mp3"],["rocket","1","Description","नमक","न,म,क","न,म,क","नमक.mp3","नमक.png","false ","true "],["rocket","1","Description","कमल","क,म,ल","क,म,ल","कमल.mp3","कमल.png","false ","true "],["quizliteracy","1","Description","soundonly_word","कमल","कमल","महल","नमक","","","कमल.mp3"],["quizliteracy","1","Description","image_word","नमक","महल","नमक","कमल","नमक.png"],["quizliteracy","1","Description","soundonly_word","महल","महल","कमल","नमक","","","महल.mp3"]]}]],0,0,[],[],[]],[[[0,"फ",".mp3",0.418],-1],0,0,[],[],[]],[[[0,"नमक",".mp3",0.626939],-1],0,0,[],[],[]],[[[0,"जज",".mp3",0.936],-1],0,0,[],[],[]],[[[0,"म",".mp3",0.5225],-1],0,0,[],[],[]],[[[0,"जब",".mp3",0.816],-1],0,0,[],[],[]],[[[0,"भग",".mp3",0.888],-1],0,0,[],[],[]],[[[0,"कमल",".mp3",0.679184],-1],0,0,[],[],[]],[[{"name":"कमल","rect":[0,0,271,271],"offset":[0,0],"originalSize":[271,271],"capInsets":[0,0,0,0]}],[1],0,[0],[0],[0]],[[[0,"महल",".mp3",0.731429],-1],0,0,[],[],[]],[[{"name":"नमक","rect":[0,0,271,271],"offset":[0,0],"originalSize":[271,271],"capInsets":[0,0,0,0]}],[1],0,[0],[0],[1]],[[[0,"जड़",".mp3",0.936],-1],0,0,[],[],[]]]]