[1,["b8YUF3h85BS5BUpCZdnM4h","3ejb+jHOJAOKjJjgVQh2e+","04+CFnh2BNW7WWoh3wLCxD","f39EuvIuRHK5bTAhnQzWx5","1dm10AKtJJkJFMf9TQKT8P","52MU7kaPJO/qsVBTa4QXXq","acxSb6wl9BPrQBA/+oMD5Y"],["_textureSetter"],["cc.Texture2D","cc.SpriteFrame",["cc.JsonAsset",["_name","json"],1],["cc.AudioClip",["_name","_native","duration"],0]],[[3,0,1,2,4],[2,0,1,3]],[[["1,9729,9729,33071,33071,0,0,1",-1],[0],0,[],[],[]],[[{"name":"Mirasingsa_song","rect":[0,0,1073,1188],"offset":[0,0],"originalSize":[1073,1188],"capInsets":[0,0,0,0]}],[1],0,[0],[0],[0]],[["1,9729,9729,33071,33071,0,0,1",-1],[0],0,[],[],[]],[[[1,"hi1305",{"rows":[["createsentence","1","Description","चिड़िया/ऊंची/उड़ान भरती है।","","Birdsfly.jpg","चिडिया_ऊंची_उडान_भरती_है.mp3"],["createsentence","1","Description","कुत्‍ते/ज़ोर से/भौंकते है ं।","","Dogsbarkloudly.jpg","कुत्ते_जोर_से_भौंकते_हैं.mp3"],["createsentence","1","Description","मैरी/एक सेब/खाती है।","","Maryeatsan_apple.jpg","मैरी_एक_सेब_खाती_है.mp3"],["createsentence","1","Description","कोमल/ने एक किताब/पढ़ी।","","Ranireadsmanybooks.jpg","कोमल_ने_एक_किताब_पढ़ी.mp3"],["createsentence","1","Description","सुमन/एक खेल/खेलती है।","","Raviplaysa_gamealone.jpg","सुमन_एक_खेल_खेलती_है.mp3"],["createsentence","1","Description","मीरा/एक गीत/गाती है।","","Mirasingsa_song.jpg","मीरा_एक_गीत_गाती_है.mp3"],["createsentence","1","Description","रमेश/दूध/पीता है।","","The_milkisdelicious.jpg","रमेश_दूध_पीता_है.mp3"],["quizliteracy","1","Description","image_sentence","चिड़िया ऊंची उड़ान भरती है।","कुत्‍ते ज़ोर से भौंकते है ं।","चिड़िया ऊंची उड़ान भरती है।","रमेश दूध पीता है।","Birdsfly.jpg","","चिडिया_ऊंची_उडान_भरती_है.mp3"],["quizliteracy","1","Description","sentence_sentence","कुत्‍ते ज़ोर से भौंकते है ं।","चिड़िया ऊंची उड़ान भरती है।","रमेश दूध पीता है।","कुत्‍ते ज़ोर से भौंकते है ं।","","सही चुनें","कुत्ते_जोर_से_भौंकते_हैं.mp3"],["quizliteracy","1","Description","soundonly_image","Ranireadsmanybooks.jpg","Birdsfly.jpg","Mirasingsa_song.jpg","Ranireadsmanybooks.jpg","","","कोमल_ने_एक_किताब_पढ़ी.mp3"],["quizliteracy","1","Description","soundonly_sentence","रमेश दूध पीता है।","रमेश दूध पीता है।","कुत्‍ते ज़ोर से भौंकते है ं।","चिड़िया ऊंची उड़ान भरती है।","","","रमेश_दूध_पीता_है.mp3"]]}]],0,0,[],[],[]],[[{"name":"Maryeatsan_apple","rect":[0,0,1073,1157],"offset":[0,0],"originalSize":[1073,1157],"capInsets":[0,0,0,0]}],[1],0,[0],[0],[1]],[[{"name":"The_milkisdelicious","rect":[0,0,1073,1157],"offset":[0,0],"originalSize":[1073,1157],"capInsets":[0,0,0,0]}],[1],0,[0],[0],[2]],[["1,9729,9729,33071,33071,0,0,1",-1],[0],0,[],[],[]],[[[0,"मैरी_एक_सेब_खाती_है",".mp3",2.328],-1],0,0,[],[],[]],[["1,9729,9729,33071,33071,0,0,1",-1],[0],0,[],[],[]],[[{"name":"Birdsfly","rect":[0,0,1073,770],"offset":[0,0],"originalSize":[1073,770],"capInsets":[0,0,0,0]}],[1],0,[0],[0],[3]],[[[0,"कोमल_ने_एक_किताब_पढ़ी",".mp3",2.256],-1],0,0,[],[],[]],[[[0,"कोमल_एक_किताब_पढ़ी",".mp3",1.906939],-1],0,0,[],[],[]],[[{"name":"Ranireadsmanybooks","rect":[0,0,1073,514],"offset":[0,0],"originalSize":[1073,514],"capInsets":[0,0,0,0]}],[1],0,[0],[0],[4]],[[[0,"चिडिया_ऊंची_उडान_भरती_है",".mp3",2.612245],-1],0,0,[],[],[]],[["0,9729,9729,33071,33071,0,0,1",-1],[0],0,[],[],[]],[["1,9729,9729,33071,33071,0,0,1",-1],[0],0,[],[],[]],[[{"name":"Raviplaysa_gamealone","rect":[0,0,1073,1157],"offset":[0,0],"originalSize":[1073,1157],"capInsets":[0,0,0,0]}],[1],0,[0],[0],[5]],[[[0,"कुत्ते_जोर_से_भौंकते_हैं",".mp3",2.507755],-1],0,0,[],[],[]],[[[0,"सुमन_एक_खेल_खेलती_है",".mp3",2.481633],-1],0,0,[],[],[]],[[{"name":"Dogsbarkloudly","rect":[0,0,1536,1024],"offset":[0,0],"originalSize":[1536,1024],"capInsets":[0,0,0,0]}],[1],0,[0],[0],[6]],[["1,9729,9729,33071,33071,0,0,1",-1],[0],0,[],[],[]],[[[0,"मीरा_एक_गीत_गाती_है",".mp3",2.429388],-1],0,0,[],[],[]],[[[0,"रमेश_दूध_पीता_है",".mp3",1.985306],-1],0,0,[],[],[]]]]