[1,["94wTnonHZGCKiDPOWctzEo","62vwlN1BdN/IjCrxM+R6Pe","38/CyehiJHorX3ECrhpY/a","65S+alM8pPA7ioJM3AWDZ+","5eosfCHm5NeYibewPCnv1P","b44hpDDhtNPrumLi1yG7cQ"],["_textureSetter"],["cc.SpriteFrame","cc.Texture2D",["cc.AudioClip",["_name","_native","duration"],0],["cc.JsonAsset",["_name","json"],1]],[[2,0,1,2,4],[3,0,1,3]],[[[[0,"ನೇಗಿಲು",".mp3",0.816],-1],0,0,[],[],[]],[[{"name":"ricecrop","rect":[0,0,800,450],"offset":[0,0],"originalSize":[800,450],"capInsets":[0,0,0,0]}],[0],0,[0],[0],[0]],[["0,9729,9729,33071,33071,0,0,1",-1],[1],0,[],[],[]],[[[1,"kn2408",{"rows":[["spelldoor","1","Description","ನೇಗಿಲು","***","0","0","plow.png","ನೇಗಿಲು.mp3"],["spelldoor","1","Description","ತೆನೆ","**","0","0","ricecrop.png","ತೆನೆ.mp3"],["spelldoor","1","Description","ತಬಲಾ","***","0","0","tabla.png","ತಬಲಾ.mp3"],["spelldoor","1","Description","ಮೇಜು","**","0","0","desk.png","ಮೇಜು.mp3"],["spelldoor","1","Description","ನವಿಲು","***","0","0","peacock.png","ನವಿಲು.mp3"],["writeword","1","Description","ಭಟ","kings_soldier.png","ಭಟ.mp3"],["quizliteracy","1","Description","word_word","ತೆ","ತೆ","ಕೆ","ರೆ","","__ನೆ","ತೆನೆ.mp3"],["quizliteracy","1","Description","image_word","ತಬಲಾ","ಮೇಜು","ತಬಲಾ","ನವಿಲು","tabla.png","","ತಬಲಾ.mp3"],["quizliteracy","1","Description","soundonly_word","ಮೇಜು","ತಬಲಾ","ನೇಗಿಲು","ಮೇಜು","","","ಮೇಜು.mp3"]]}]],0,0,[],[],[]],[[[0,"ತಬಲಾ",".mp3",0.72],-1],0,0,[],[],[]],[["0,9729,9729,33071,33071,0,0,1",-1],[1],0,[],[],[]],[[[0,"ಮೇಜು",".mp3",0.72],-1],0,0,[],[],[]],[["0,9729,9729,33071,33071,0,0,1",-1],[1],0,[],[],[]],[["0,9729,9729,33071,33071,0,0,1",-1],[1],0,[],[],[]],[[{"name":"desk","rect":[0,0,557,800],"offset":[0,0],"originalSize":[557,800],"capInsets":[0,0,0,0]}],[0],0,[0],[0],[1]],[["0,9729,9729,33071,33071,0,0,1",-1],[1],0,[],[],[]],[[[0,"ತೆನೆ",".mp3",0.624],-1],0,0,[],[],[]],[[{"name":"tabla","rect":[0,0,800,533],"offset":[0,0],"originalSize":[800,533],"capInsets":[0,0,0,0]}],[0],0,[0],[0],[2]],[["0,9729,9729,33071,33071,0,0,1",-1],[1],0,[],[],[]],[[{"name":"peacock","rect":[0,0,800,520],"offset":[0,0],"originalSize":[800,520],"capInsets":[0,0,0,0]}],[0],0,[0],[0],[3]],[[[0,"ನವಿಲು",".mp3",0.744],-1],0,0,[],[],[]],[[{"name":"plow","rect":[0,0,500,333],"offset":[0,0],"originalSize":[500,333],"capInsets":[0,0,0,0]}],[0],0,[0],[0],[4]],[[{"name":"kings_soldier","rect":[0,0,800,533],"offset":[0,0],"originalSize":[800,533],"capInsets":[0,0,0,0]}],[0],0,[0],[0],[5]],[[[0,"ಭಟ",".mp3",0.624],-1],0,0,[],[],[]]]]