[1,["4ckLElVptCcoabM44v0yb6","1doP6+ArRLTq1LYtR2haSc"],["_textureSetter"],["cc.Texture2D","cc.SpriteFrame",["cc.AudioClip",["_name","_native","duration"],0],["cc.JsonAsset",["_name","json"],1]],[[2,0,1,2,4],[3,0,1,3]],[[[[0,"नेहमी_पिलांचे_बोलणे_ऐकून_पाखरांना_वडेशचा_राग_आला",".mp3",5.01551],-1],0,0,[],[],[]],[["0,9729,9729,33071,33071,0,0,1",-1],[0],0,[],[],[]],[[[0,"जाता_येता_पाखरांना_फळे दिसू_लागली",".mp3",3.422041],-1],0,0,[],[],[]],[[[0,"लपाछपी_खेळणारी_पिले",".mp3",2.246531],-1],0,0,[],[],[]],[[[1,"mr2903",{"rows":[["fillblank","1","Description","लपाछपी खेळणारी [पिले]","लपाछपी_खेळणारी_पिले.mp3","कावळा","वडेश","कोकीळ","15"],["fillblank","1","Description","पाखरांची भाषा समजणारा [वडेश]","पाखरांची_भाषा_समजणारा_वडेश.mp3","पिले","कोकीळ","कावळा","10"],["createsentence","1","Description","पिलांच्या/दंग्यामुळे/वडेशची/झोप/मोडायची","","birdsontree.png","पिलांच्या_दंग्यामुळे_वडेशची_झोप_मोडायची.mp3"],["createsentence","1","Description","नेहमी/पिलांचे/बोलणे/ऐकून/पाखरांना/वडेशचा/राग/आला","","birdsontree.png","नेहमी_पिलांचे_बोलणे_ऐकून_पाखरांना_वडेशचा_राग_आला.mp3"],["createsentence","1","Description","जाता/येता/पाखरांना/फळे/दिसू/लागली.","","redfruitsontree.png","जाता_येता_पाखरांना_फळे दिसू_लागली.mp3"],["quizliteracy","1","Description","sentence_sentence","पिले","कावळा","वडेश","पिले","","लपाछपी खेळणारी ____","लपाछपी_खेळणारी_पिले.mp3"],["quizliteracy","1","Description","sentence_sentence","वडेश","पिले","वडेश","कावळा","","पाखरांची भाषा समजणारा ____","पाखरांची_भाषा_समजणारा_वडेश.mp3"],["quizliteracy","1","Description","image_sentence","जाता येता पाखरांना फळे दिसू लागली","वडेश वैतागून जायचा","पाखरे दूर निघून गेली","जाता येता पाखरांना फळे दिसू लागली","redfruitsontree.png","","जाता_येता_पाखरांना_फळे दिसू_लागली.mp3"]]}]],0,0,[],[],[]],[[{"name":"redfruitsontree","rect":[0,0,640,427],"offset":[0,0],"originalSize":[640,427],"capInsets":[0,0,0,0]}],[1],0,[0],[0],[0]],[["0,9729,9729,33071,33071,0,0,1",-1],[0],0,[],[],[]],[[[0,"पाखरांची_भाषा_समजणारा_वडेश",".mp3",3.056327],-1],0,0,[],[],[]],[[[0,"पिलांच्या_दंग्यामुळे_वडेशची_झोप_मोडायची",".mp3",3.657143],-1],0,0,[],[],[]],[[{"name":"birdsontree","rect":[0,0,640,480],"offset":[0,0],"originalSize":[640,480],"capInsets":[0,0,0,0]}],[1],0,[0],[0],[1]]]]