[1,["50AgTgpdFGSLPhbzLsRhUb","33CzcDgdRMjbMtLId4iTRw","4eQJGk7BpNUplbTamfT5CB","91mYYf7n1BJ5JFvW9iOINC","60ODHZ3AxOkbvE3zEFFGxZ","8blIvxDOVEVp2ZiAOViNqQ"],["_textureSetter"],["cc.SpriteFrame","cc.Texture2D",["cc.AudioClip",["_name","_native","duration"],0],["cc.JsonAsset",["_name","json"],1]],[[2,0,1,2,4],[3,0,1,3]],[[[[0,"sleep",".mp3",1.008],-1],0,0,[],[],[]],[[[0,"white",".mp3",1.08],-1],0,0,[],[],[]],[[[0,"square",".mp3",1.056],-1],0,0,[],[],[]],[[{"name":"l6_hedoctor","rect":[0,0,868,689],"offset":[0,0],"originalSize":[868,689],"capInsets":[0,0,0,0]}],[0],0,[0],[0],[0]],[[[0,"whale",".mp3",0.936],-1],0,0,[],[],[]],[["0,9729,9729,33071,33071,0,0,1",-1],[1],0,[],[],[]],[[[0,"brother",".mp3",1.056],-1],0,0,[],[],[]],[["0,9729,9729,33071,33071,0,0,1",-1],[1],0,[],[],[]],[["0,9729,9729,33071,33071,0,0,1",-1],[1],0,[],[],[]],[[[0,"evening",".mp3",1.056],-1],0,0,[],[],[]],[["0,9729,9729,33071,33071,0,0,1",-1],[1],0,[],[],[]],[["0,9729,9729,33071,33071,0,0,1",-1],[1],0,[],[],[]],[["0,9729,9729,33071,33071,0,0,1",-1],[1],0,[],[],[]],[[[0,"train",".mp3",0.888],-1],0,0,[],[],[]],[[{"name":"hands","rect":[0,0,737,707],"offset":[0,0],"originalSize":[737,707],"capInsets":[0,0,0,0]}],[0],0,[0],[0],[1]],[[{"name":"rabbit","rect":[0,0,512,502],"offset":[0,0],"originalSize":[512,502],"capInsets":[0,0,0,0]}],[0],0,[0],[0],[2]],[[{"name":"clock","rect":[0,0,511,512],"offset":[0,0],"originalSize":[511,512],"capInsets":[0,0,0,0]}],[0],0,[0],[0],[3]],[[[1,"en_quiz0002",{"rows":[["quizliteracy","1","Description","soundonly_word","brother","father","mother","brother","","","brother.mp3"],["quizliteracy","1","Description","image_word","paper","house","paper","clock","paper.png"],["quizliteracy","1","Description","word_word","ain","ese","ape","ain","","tr___","train.mp3"],["quizliteracy","1","Description","word_word","are","are","ape","ain","","squ___","square.mp3"],["quizliteracy","1","Description","word_word","ale","ome","ale","ile","","wh___","whale.mp3"],["quizliteracy","1","Description","image_word","doctor","doctor","teacher","farmer","l6_hedoctor.png"],["quizliteracy","1","Description","image_word","rabbit","rabbit","tree","lion","rabbit.png"],["quizliteracy","1","Description","soundonly_word","evening","morning","afternoon","evening","","","evening.mp3"],["quizliteracy","1","Description","soundonly_word","sleep","boat","sleep","salad","","","sleep.mp3"],["quizliteracy","1","Description","soundonly_image","white.png","clock.png","hands.png","white.png","","","white.mp3"]]}]],0,0,[],[],[]],[[{"name":"paper","rect":[0,0,413,640],"offset":[0,0],"originalSize":[413,640],"capInsets":[0,0,0,0]}],[0],0,[0],[0],[4]],[[{"name":"white","rect":[0,0,619,588],"offset":[0,0],"originalSize":[619,588],"capInsets":[0,0,0,0]}],[0],0,[0],[0],[5]]]]