[1,["b5I7A4OINOf4pmttG3hOwZ","51uS/UHB9PiIaqAi5tSvdX","5aYF/xoZtH0Yvegi+FnZMr","8ekOsAnuVCAYAOoZXpOQu1","fbnCF5GhlD+bJMWDhxXhxT","a71s9C44dAraX3PIBgJYQH","01lFRBxBpDE56cwxYL8HzF","d9kCR9BGdAeJ8LrFazuhMx","152p8Io+1ImoW7gVYmCaaO","8bv7WPB3tDRIHBGohKVa4+","0aEx5JOEdCL54OTSSfBaiA","2bm80hhxJCqIxru8AGLwNc"],["_textureSetter"],["cc.Texture2D","cc.SpriteFrame",["cc.JsonAsset",["_name","json"],1],["cc.AudioClip",["_name","_native","duration"],0]],[[3,0,1,2,4],[2,0,1,3]],[[["0,9729,9729,33071,33071,0,0,1",-1],[0],0,[],[],[]],[["0,9729,9729,33071,33071,0,0,1",-1],[0],0,[],[],[]],[[{"name":"strawberry_pumpkin","rect":[0,0,1680,1096],"offset":[0,0],"originalSize":[1680,1096],"capInsets":[0,0,0,0]}],[1],0,[0],[0],[0]],[[{"name":"girl_man","rect":[0,0,520,720],"offset":[0,0],"originalSize":[520,720],"capInsets":[0,0,0,0]}],[1],0,[0],[0],[1]],[["0,9729,9729,33071,33071,0,0,1",-1],[0],0,[],[],[]],[[[1,"en3602",{"rows":[["picturemeaning","1","Description","P","Apple is heavier than strawberry","apple_strawberry.png","Apple_is_heavier_than_strawberry.mp3","Pumpkin is heavier than apple","pumpkin_apple.png","Pumpkin_is_heavier_than_apple.mp3","Strawberry is lighter than pumpkin","strawberry_pumpkin.png","Strawberry_is_lighter_than_pumpkin.mp3"],["picturemeaning","1","Description","S","A pencil is thicker than a straw","pencil_straw.png","A_pencil_is thicker_than_a_straw.mp3","The straw is thinner than a pen","straw_pen.png","The_straw_is_thinner_than_a_pen.mp3","The pen is thicker than the pencil","pen_pencil.png","The_pen_is_thicker_than_the_pencil.mp3"],["picturemeaning","1","Description","P","The house is farther than the tree","house_tree.png","The_house_is_farther_than_the_tree.mp3","The boy is farther than the car","boy_car.png","The_boy_is_farther_than_the_car.mp3","The car is nearer than the tree","car_tree.png","The_car_is_nearer_than_the_tree.mp3"],["picturemeaning","1","Description","P","The boy is taller than the girl","boy_girl.png","The_boy_is_taller_than_the_girl.mp3","The girl is shorter than the man","girl_man.png","The_girl_is_shorter_than_the_man.mp3","The man is taller than the boy","man_boy.png","The_man_is_taller_than_the_boy.mp3"],["quizliteracy","1","Description","image_word","Pumpkin is heavier than apple","Apple is heavier than strawberry","Pumpkin is heavier than apple","Strawberry is lighter than pumpkin","pumpkin_apple.png"],["quizliteracy","1","Description","soundonly_image","man_boy.png","girl_man.png","boy_girl.png","man_boy.png","","","The_man_is_taller_than_the_boy.mp3"],["quizliteracy","1","Description","sentence_sentence","thicker","thicker","heavier","thinner","","A pencil is __________ than a straw","A_pencil_is thicker_than_a_straw.mp3"]]}]],0,0,[],[],[]],[[{"name":"house_tree","rect":[0,0,765,650],"offset":[0,0],"originalSize":[765,650],"capInsets":[0,0,0,0]}],[1],0,[0],[0],[2]],[["0,9729,9729,33071,33071,0,0,1",-1],[0],0,[],[],[]],[[[0,"Strawberry_is_lighter_than_pumpkin",".mp3",3.456],-1],0,0,[],[],[]],[[{"name":"boy_car","rect":[147,115,1363,759],"offset":[41,-57.5],"originalSize":[1575,874],"capInsets":[0,0,0,0]}],[1],0,[0],[0],[3]],[[{"name":"pumpkin_apple","rect":[0,0,1680,1096],"offset":[0,0],"originalSize":[1680,1096],"capInsets":[0,0,0,0]}],[1],0,[0],[0],[4]],[[[0,"The_pen_is_thicker_than_the_pencil",".mp3",3.048],-1],0,0,[],[],[]],[[[0,"The_boy_is_farther_than_the_car",".mp3",2.832],-1],0,0,[],[],[]],[["0,9729,9729,33071,33071,0,0,1",-1],[0],0,[],[],[]],[["0,9729,9729,33071,33071,0,0,1",-1],[0],0,[],[],[]],[[[0,"The_boy_is_taller_than_the_girl",".mp3",2.88],-1],0,0,[],[],[]],[[{"name":"apple_strawberry","rect":[0,0,1343,1130],"offset":[0,0],"originalSize":[1343,1130],"capInsets":[0,0,0,0]}],[1],0,[0],[0],[5]],[[[0,"The_straw_is_thinner_than_a_pen",".mp3",3.12],-1],0,0,[],[],[]],[["0,9729,9729,33071,33071,0,0,1",-1],[0],0,[],[],[]],[["0,9729,9729,33071,33071,0,0,1",-1],[0],0,[],[],[]],[[[0,"The_car_is_nearer_than_the_tree",".mp3",2.976],-1],0,0,[],[],[]],[[[0,"The_girl_is_shorter_than_the_man",".mp3",2.904],-1],0,0,[],[],[]],[[[0,"The_house_is_farther_than_the_tree",".mp3",2.976],-1],0,0,[],[],[]],[["0,9729,9729,33071,33071,0,0,1",-1],[0],0,[],[],[]],[[{"name":"man_boy","rect":[0,0,1528,1692],"offset":[0,0],"originalSize":[1528,1692],"capInsets":[0,0,0,0]}],[1],0,[0],[0],[6]],[["0,9729,9729,33071,33071,0,0,1",-1],[0],0,[],[],[]],[[{"name":"pencil_straw","rect":[0,0,708,531],"offset":[0,0],"originalSize":[708,531],"capInsets":[0,0,0,0]}],[1],0,[0],[0],[7]],[[[0,"A_pencil_is thicker_than_a_straw",".mp3",3.216],-1],0,0,[],[],[]],[[{"name":"boy_girl","rect":[0,0,1849,1692],"offset":[0,0],"originalSize":[1849,1692],"capInsets":[0,0,0,0]}],[1],0,[0],[0],[8]],[[{"name":"straw_pen","rect":[0,0,1298,1121],"offset":[0,0],"originalSize":[1298,1121],"capInsets":[0,0,0,0]}],[1],0,[0],[0],[9]],[["0,9729,9729,33071,33071,0,0,1",-1],[0],0,[],[],[]],[[[0,"The_man_is_taller_than_the_boy",".mp3",2.808],-1],0,0,[],[],[]],[[{"name":"pen_pencil","rect":[0,0,1310,640],"offset":[0,0],"originalSize":[1310,640],"capInsets":[0,0,0,0]}],[1],0,[0],[0],[10]],[[{"name":"car_tree","rect":[0,0,1824,1345],"offset":[0,0],"originalSize":[1824,1345],"capInsets":[0,0,0,0]}],[1],0,[0],[0],[11]],[[[0,"Apple_is_heavier_than_strawberry",".mp3",3.216],-1],0,0,[],[],[]],[[[0,"Pumpkin_is_heavier_than_apple",".mp3",2.952],-1],0,0,[],[],[]],[["0,9729,9729,33071,33071,0,0,1",-1],[0],0,[],[],[]]]]