[1,["62cKb6XnBJxLT0HB9ojc07"],["_textureSetter"],["cc.Texture2D","cc.SpriteFrame",["cc.JsonAsset",["_name","json"],1],["cc.AudioClip",["_name","_native","duration"],0]],[[3,0,1,2,4],[2,0,1,3]],[[[[1,"sl_en1903",{"rows":[["openwindow","1","Description","LEGIT","police","police.png","sweeper.png","police.mp3","abcdefghijklmnopqrstuvwxyz"],["openwindow","1","Description","LEGIT","doctor","doctor.png","grocer.png","doctor.mp3","abcdefghijklmnopqrstuvwxyz"],["openwindow","1","Description","LEGIT","teacher","teacher.png","nurse.png","teacher.mp3","abcdefghijklmnopqrstuvwxyz"],["openwindow","1","Description","LEGIT","barber","barber.png","police.png","barber.mp3","abcdefghijklmnopqrstuvwxyz"],["openwindow","1","Description","LEGIT","sweeper","sweeper.png","doctor.png","sweeper.mp3","abcdefghijklmnopqrstuvwxyz"],["openwindow","1","Description","LEGIT","grocer","grocer.png","teacher.png","grocer.mp3","abcdefghijklmnopqrstuvwxyz"],["openwindow","1","Description","LEGIT","nurse","nurse.png","barber.png","nurse.mp3","abcdefghijklmnopqrstuvwxyz"],["openwindow","1","Description","LEGIT","farmer","farmer.png","doctor.png","farmer.mp3","abcdefghijklmnopqrstuvwxyz"],["quizliteracy","1","Description","image_word","police","police","doctor","barber","police.png"],["quizliteracy","1","Description","image_word","barber","doctor","barber","farmer","barber.png"],["quizliteracy","1","Description","image_word","farmer","nurse","farmer","police","farmer.png"]]}]],0,0,[],[],[]],[["0,9729,9729,33071,33071,0,0,1",-1],[0],0,[],[],[]],[[{"name":"teacher","rect":[0,0,868,689],"offset":[0,0],"originalSize":[868,689],"capInsets":[0,0,0,0]}],[1],0,[0],[0],[0]],[[[0,"farmer",".mp3",0.731429],-1],0,0,[],[],[]],[[[0,"doctor",".mp3",0.757551],-1],0,0,[],[],[]],[[[0,"teacher",".mp3",0.705306],-1],0,0,[],[],[]],[[[0,"police",".mp3",0.705306],-1],0,0,[],[],[]]]]