[1,["8bL51XQKlBeqAFk+AV/DC1","47ETweaClOSqgDkteQvtmE","24gRws+gNHBKH654XqFSmw"],["_textureSetter"],["cc.Texture2D","cc.SpriteFrame",["cc.JsonAsset",["_name","json"],1],["cc.AudioClip",["_name","_native","duration"],0]],[[3,0,1,2,4],[2,0,1,3]],[[[[1,"hi0109",{"rows":[["balloonpop","1","Description","2","ञ","5","ञ","ञ.mp3"],["phonictractor","1","Description","5","ञ","ञ.mp3","ञ","ञ.mp3"],["writeletter","1","Description","ञ","अञ्जन"],["writecard","1","Description","ञ","अञ्जन","अञ्जन.png","अञ्जन.mp3","अञ्चल","अञ्चल.png","अञ्चल.mp3","पञ्छी","पञ्छी.png","पञ्छी.mp3"],["quizliteracy","1","Description","soundonly_word","ञ","ञ","च","प","","","ञ.mp3"],["quizliteracy","1","Description","word_word","ञ","च","प","ञ","","ञ"],["quizliteracy","1","Description","soundonly_word","ञ","प","ञ","च","","","ञ.mp3"]]}]],0,0,[],[],[]],[["0,9729,9729,33071,33071,0,0,1",-1],[0],0,[],[],[]],[[{"name":"पञ्छी","rect":[0,0,400,333],"offset":[0,0],"originalSize":[400,333],"capInsets":[0,0,0,0]}],[1],0,[0],[0],[0]],[[[0,"अञ्जन",".mp3",0.653061],-1],0,0,[],[],[]],[["0,9729,9729,33071,33071,0,0,1",-1],[0],0,[],[],[]],[[{"name":"अञ्चल","rect":[0,0,450,453],"offset":[0,0],"originalSize":[450,453],"capInsets":[0,0,0,0]}],[1],0,[0],[0],[1]],[[[0,"अञ्चल",".mp3",0.600816],-1],0,0,[],[],[]],[["0,9729,9729,33071,33071,0,0,1",-1],[0],0,[],[],[]],[[[0,"पञ्छी",".mp3",0.835918],-1],0,0,[],[],[]],[[{"name":"अञ्जन","rect":[0,0,400,333],"offset":[0,0],"originalSize":[400,333],"capInsets":[0,0,0,0]}],[1],0,[0],[0],[2]],[[[0,"ज्ञ",".mp3",0.626939],-1],0,0,[],[],[]],[[[0,"ञ",".mp3",0.574694],-1],0,0,[],[],[]]]]