[1,["79Xcg20kJIB4j3gtSI1XZg","7fD3AGiStPMYQmcaMpjSur","748PvdTSJAMK/QxdGUK6mF","363oJe6fZFp6AQjLFO2MUa","a5NbelDZVLgZW5xD0Na8Cs","3dVXiaewpGCJRQ24rJdAFA","4agvnYKqlMl7UXxJbzdQWy","66RHXr7jZIzZfydhnzUgtQ"],["_textureSetter"],["cc.SpriteFrame","cc.Texture2D",["cc.AudioClip",["_name","_native","duration"],0],["cc.JsonAsset",["_name","json"],1]],[[2,0,1,2,4],[3,0,1,3]],[[[{"name":"bus","rect":[67,152,446,181],"offset":[0,-12.5],"originalSize":[580,460],"capInsets":[0,0,0,0]}],[0],0,[0],[0],[0]],[[[0,"sun",".mp3",0.679184],-1],0,0,[],[],[]],[[{"name":"image_26_2","rect":[0,0,845,695],"offset":[0,0],"originalSize":[845,695],"capInsets":[0,0,0,0]}],[0],0,[0],[0],[1]],[[{"name":"sun","rect":[0,0,500,333],"offset":[0,0],"originalSize":[500,333],"capInsets":[0,0,0,0]}],[0],0,[0],[0],[2]],[[[0,"stream",".mp3",0.966531],-1],0,0,[],[],[]],[[[0,"nature",".mp3",0.783673],-1],0,0,[],[],[]],[[[0,"clouds",".mp3",0.888163],-1],0,0,[],[],[]],[[[0,"space",".mp3",1.018776],-1],0,0,[],[],[]],[["1,9729,9729,33071,33071,0,0,1",-1],[1],0,[],[],[]],[[[0,"grass",".mp3",0.783673],-1],0,0,[],[],[]],[[[0,"lake",".mp3",0.653061],-1],0,0,[],[],[]],[["1,9729,9729,33071,33071,0,0,1",-1],[1],0,[],[],[]],[[[0,"earth",".mp3",0.653061],-1],0,0,[],[],[]],[[[0,"mountain",".mp3",0.835918],-1],0,0,[],[],[]],[[[0,"sky",".mp3",0.783673],-1],0,0,[],[],[]],[[[1,"sl_en1815",{"rows":[["tag","1","Description","image_12_1.jpg","sky","1106.-510","sky.mp3","sun","1271.-968","sun.mp3","clouds","1044.-1283","clouds.mp3","moon","381.-858","moon.mp3","stars","309.-1283","stars.mp3"],["tag","1","Description","image_12_2.jpg","space","859.-1488","space.mp3","earth","774.-599","earth.mp3","land","281.-913","land.mp3","water","382.-1213","water.mp3","moon","1317.-931","moon.mp3"],["tag","1","Description","image_14_3.jpg","nature","297.-1520","nature.mp3","forest","874.-1230","forest.mp3","stream","1094.-597","stream.mp3","grass","1223.-928","grass.mp3","waterfall","389.-816","waterfall.mp3"],["tag","1","Description","image_25_1.jpg","world","280.-1520","world.mp3","ocean","1352.-731","ocean.mp3","mountain","396.-801","mountain.mp3","desert","357.-1071","desert.mp3","lake","1244.-1369","lake.mp3"],["tag","1","Description","image_26_2.jpg","ocean","280.-1520","ocean.mp3","turtle","1230.-809","turtle.mp3","shell","1299.-1239","shell.mp3","ray","302.-1028","ray.mp3","wings","839.-1344","wings.mp3","octopus","284.-468","octopus.mp3","eight arms","1038.-620","eightarms.mp3"],["quizliteracy","1","Description","soundonly_image","sun.png","sun.png","bus.png","star.png","","","sun.mp3"],["quizliteracy","1","Description","image_word","star","moon","star","earth","star.png"],["quizliteracy","1","Description","soundonly_word","earth","rain","storm","earth","","","earth.mp3"]]}]],0,0,[],[],[]],[["1,9729,9729,33071,33071,0,0,1",-1],[1],0,[],[],[]],[[[0,"turtle",".mp3",0.835918],-1],0,0,[],[],[]],[[[0,"stars",".mp3",0.966531],-1],0,0,[],[],[]],[["0,9729,9729,33071,33071,0,0,1",-1],[1],0,[],[],[]],[[[0,"moon",".mp3",0.653061],-1],0,0,[],[],[]],[[[0,"land",".mp3",0.809796],-1],0,0,[],[],[]],[["0,9729,9729,33071,33071,0,0,1",-1],[1],0,[],[],[]],[[{"name":"image_12_1","rect":[0,0,845,695],"offset":[0,0],"originalSize":[845,695],"capInsets":[0,0,0,0]}],[0],0,[0],[0],[3]],[["0,9729,9729,33071,33071,0,0,1",-1],[1],0,[],[],[]],[["1,9729,9729,33071,33071,0,0,1",-1],[1],0,[],[],[]],[[[0,"waterfall",".mp3",1.149388],-1],0,0,[],[],[]],[[[0,"desert",".mp3",0.914286],-1],0,0,[],[],[]],[[[0,"ray",".mp3",0.626939],-1],0,0,[],[],[]],[[{"name":"image_14_3","rect":[0,0,845,695],"offset":[0,0],"originalSize":[845,695],"capInsets":[0,0,0,0]}],[0],0,[0],[0],[4]],[[[0,"forest",".mp3",0.966531],-1],0,0,[],[],[]],[[{"name":"image_12_2","rect":[0,0,845,695],"offset":[0,0],"originalSize":[845,695],"capInsets":[0,0,0,0]}],[0],0,[0],[0],[5]],[["1,9729,9729,33071,33071,0,0,1",-1],[1],0,[],[],[]],[[[0,"shell",".mp3",0.731429],-1],0,0,[],[],[]],[[{"name":"image_25_1","rect":[0,0,845,695],"offset":[0,0],"originalSize":[845,695],"capInsets":[0,0,0,0]}],[0],0,[0],[0],[6]],[[[0,"water",".mp3",0.809796],-1],0,0,[],[],[]],[[{"name":"star","rect":[0,0,512,483],"offset":[0,0],"originalSize":[512,483],"capInsets":[0,0,0,0]}],[0],0,[0],[0],[7]],[[[0,"eightarms",".mp3",1.28],-1],0,0,[],[],[]],[[[0,"octopus",".mp3",1.018776],-1],0,0,[],[],[]],[[[0,"ocean",".mp3",0.757551],-1],0,0,[],[],[]],[[[0,"world",".mp3",0.809796],-1],0,0,[],[],[]],[[[0,"wings",".mp3",0.940408],-1],0,0,[],[],[]]]]