[1,["43rA2iuBJOxZ3WFKdojdal","00wuwowFFLd7XBR9ci17cQ"],["_textureSetter"],["cc.Texture2D","cc.SpriteFrame",["cc.JsonAsset",["_name","json"],1],["cc.AudioClip",["_name","_native","duration"],0]],[[3,0,1,2,4],[2,0,1,3]],[[["0,9729,9729,33071,33071,0,0,1",-1],[0],0,[],[],[]],[[{"name":"insect","rect":[0,0,800,534],"offset":[0,0],"originalSize":[800,534],"capInsets":[0,0,0,0]}],[1],0,[0],[0],[0]],[[[1,"kn2402",{"rows":[["phonictractor","1","Description","6","ಕಿ","ಕಿ.mp3","ಕ","ಕ.mp3","ಿ","ಿ.mp3"],["spelldoor","1","Description","ಕಿಟಕಿ","***","0","0","window.png","ಕಿಟಕಿ.mp3"],["phonictractor","1","Description","6","ಕೀ","ಕೀ.mp3","ಕ","ಕ.mp3","ೀ","ೀ.mp3"],["spelldoor","1","Description","ಕೀಟ","**","0","0","insect.png","ಕೀಟ.mp3"],["grid","1","Description","ಕ","ಆ,ಇ,ಈ","ಾ,ಿ,ೀ"],["quizliteracy","1","Description","soundonly_word","ಕಿ","ಕಿ","ಕ","ಕಾ","","","ಕಿ.mp3"],["quizliteracy","1","Description","soundonly_word","ಕಿಟಕಿ","ಕಾಗೆ","ಕಿಟಕಿ","ಕಮಲಾ","","","ಕಿಟಕಿ.mp3"],["quizliteracy","1","Description","word_word","ಕೀ","ಕೀ","ಕಾ","ಮ","","_ಟ","ಕೀಟ.mp3"]]}]],0,0,[],[],[]],[["0,9729,9729,33071,33071,0,0,1",-1],[0],0,[],[],[]],[[[0,"ಕೀ",".mp3",0.576],-1],0,0,[],[],[]],[[[0,"ಕೀಟ",".mp3",0.672],-1],0,0,[],[],[]],[[[0,"ಕಿಟಕಿ",".mp3",0.744],-1],0,0,[],[],[]],[[[0,"ೀ",".mp3",0.504],-1],0,0,[],[],[]],[[{"name":"window","rect":[0,0,500,417],"offset":[0,0],"originalSize":[500,417],"capInsets":[0,0,0,0]}],[1],0,[0],[0],[1]],[[[0,"ಕಿ",".mp3",0.528],-1],0,0,[],[],[]],[[[0,"ಕ",".mp3",0.504],-1],0,0,[],[],[]],[[[0,"ಿ",".mp3",0.456],-1],0,0,[],[],[]]]]