[1,["f1fx5d4XdOrJOn+1CGLa0h"],["_textureSetter"],["cc.SpriteFrame","cc.Texture2D",["cc.AudioClip",["_name","_native","duration"],0],["cc.JsonAsset",["_name","json"],1]],[[2,0,1,2,4],[3,0,1,3]],[[[[0,"fox",".mp3",1.248],-1],0,0,[],[],[]],[[[1,"en1400",{"rows":[["grid","1","Description","d","ot,og"],["grid","1","Description","f","og,ix,un,ace"],["grid","1","Description","f","og,ox"],["grid","1","Description","f,d,j","og,am,ug"],["grid","1","Description","l","og,ap,it"],["grid","1","Description","l,d","ip,og"],["spelldoor","1","Description","box","*ox","1","0","spelling_box.png","box.mp3"],["quizliteracy","1","Description","word_word","ox","il","ox","ol","","b__","box.mp3"],["quizliteracy","1","Description","word_word","ox","ox","ae","er","","f___","fox.mp3"],["quizliteracy","1","Description","word_word","og","er","og","ix","","d___","dog.mp3"],["quizliteracy","1","Description","word_word","og","og","li","il","","l___","log.mp3"]]}]],0,0,[],[],[]],[[{"name":"spelling_box","rect":[0,0,370,273],"offset":[0,0],"originalSize":[370,273],"capInsets":[0,0,0,0]}],[0],0,[0],[0],[0]],[[[0,"dog",".mp3",1.08],-1],0,0,[],[],[]],[[[0,"log",".mp3",1.008],-1],0,0,[],[],[]],[[[0,"box",".mp3",1.152],-1],0,0,[],[],[]],[["0,9729,9729,33071,33071,0,0,1",-1],[1],0,[],[],[]]]]