[1,["afL3J6cy1Dya36dyyUEBvY","e0P/huvohO84qE/vFd0dWT","23xMNa1kJBXbJWOjzDaBHV","218zW+BedMsqXejwvnY8us","74dCa1G2xNMLMV3Ss9vgcN","a5jSsGzu1GD602i1/wzR2Q","a6+Id+mWBI+6i1sfSFuDyI","1fQR7/eClKTLeT2uriHtkR"],["_textureSetter"],["cc.SpriteFrame","cc.Texture2D",["cc.AudioClip",["_name","_native","duration"],0],["cc.JsonAsset",["_name","json"],1]],[[2,0,1,2,4],[3,0,1,3]],[[[{"name":"clean","rect":[0,0,512,341],"offset":[0,0],"originalSize":[512,341],"capInsets":[0,0,0,0]}],[0],0,[0],[0],[0]],[[[0,"ಕಡುಬು",".mp3",0.768],-1],0,0,[],[],[]],[[[0,"ಶುಚಿ",".mp3",0.744],-1],0,0,[],[],[]],[[[1,"kn4104",{"rows":[["spelldoor","1","Description","ಹುಳು","**","0","0","worm.png","ಹುಳು.mp3"],["spelldoor","1","Description","ದುಡಿ","**","0","0","work.png","ದುಡಿ.mp3"],["spelldoor","1","Description","ಶುಚಿ","**","0","0","clean.png","ಶುಚಿ.mp3"],["spelldoor","1","Description","ಕಡುಬು","***","0","0","kadubu.png","ಕಡುಬು.mp3"],["spelldoor","1","Description","ನುಣುಪು","***","0","0","smooth.png","ನುಣುಪು.mp3"],["spelldoor","1","Description","ಯುಗಾದಿ","***","0","0","yugadi.png","ಯುಗಾದಿ.mp3"],["spelldoor","1","Description","ಬಾವುಟ","***","0","0","flag.png","ಬಾವುಟ.mp3"],["spelldoor","1","Description","ಕುರಿಮರಿ","****","0","0","lamb.png","ಕುರಿಮರಿ.mp3"],["quizliteracy","1","Description","word_word","ಣುಪು","ತನ","ಮಿಗ","ಣುಪು","","ನು_____","ನುಣುಪು.mp3"],["quizliteracy","1","Description","image_word","ಬಾವುಟ","ಬಾವುಟ","ಕುರಿಮರಿ","ನುಣುಪು","flag.png"],["quizliteracy","1","Description","soundonly_word","ಶುಚಿ","ದುಡಿ","ಶುಚಿ","ಹುಳು","","","ಶುಚಿ.mp3"]]}]],0,0,[],[],[]],[["0,9729,9729,33071,33071,0,0,1",-1],[1],0,[],[],[]],[["0,9729,9729,33071,33071,0,0,1",-1],[1],0,[],[],[]],[["0,9729,9729,33071,33071,0,0,1",-1],[1],0,[],[],[]],[[{"name":"smooth","rect":[0,0,512,319],"offset":[0,0],"originalSize":[512,319],"capInsets":[0,0,0,0]}],[0],0,[0],[0],[1]],[[[0,"ಹುಳು",".mp3",0.648],-1],0,0,[],[],[]],[[[0,"ನುಣುಪು",".mp3",0.768],-1],0,0,[],[],[]],[[[0,"ದುಡಿ",".mp3",0.648],-1],0,0,[],[],[]],[[{"name":"work","rect":[0,0,512,331],"offset":[0,0],"originalSize":[512,331],"capInsets":[0,0,0,0]}],[0],0,[0],[0],[2]],[[[0,"ಬಾವುಟ",".mp3",0.84],-1],0,0,[],[],[]],[[{"name":"flag","rect":[0,0,512,339],"offset":[0,0],"originalSize":[512,339],"capInsets":[0,0,0,0]}],[0],0,[0],[0],[3]],[["0,9729,9729,33071,33071,0,0,1",-1],[1],0,[],[],[]],[[{"name":"lamb","rect":[0,0,512,340],"offset":[0,0],"originalSize":[512,340],"capInsets":[0,0,0,0]}],[0],0,[0],[0],[4]],[[[0,"ಯುಗಾದಿ",".mp3",0.864],-1],0,0,[],[],[]],[[[0,"ಕುರಿಮರಿ",".mp3",0.84],-1],0,0,[],[],[]],[[{"name":"yugadi","rect":[0,0,400,400],"offset":[0,0],"originalSize":[400,400],"capInsets":[0,0,0,0]}],[0],0,[0],[0],[5]],[["0,9729,9729,33071,33071,0,0,1",-1],[1],0,[],[],[]],[["0,9729,9729,33071,33071,0,0,1",-1],[1],0,[],[],[]],[["0,9729,9729,33071,33071,0,0,1",-1],[1],0,[],[],[]],[[{"name":"worm","rect":[0,0,500,333],"offset":[0,0],"originalSize":[500,333],"capInsets":[0,0,0,0]}],[0],0,[0],[0],[6]],[[{"name":"kadubu","rect":[0,0,500,374],"offset":[0,0],"originalSize":[500,374],"capInsets":[0,0,0,0]}],[0],0,[0],[0],[7]],[["0,9729,9729,33071,33071,0,0,1",-1],[1],0,[],[],[]]]]