[1,["77awZa2iFM5IE25yijX99F","dcGE/p0yRCcLWjrKl028IM","eb9sLorUZLt6Q3HEe6baMC"],["_textureSetter"],["cc.SpriteFrame","cc.Texture2D",["cc.JsonAsset",["_name","json"],1],["cc.AudioClip",["_name","_native","duration"],0]],[[3,0,1,2,4],[2,0,1,3]],[[[{"name":"face","rect":[0,0,492,512],"offset":[-10,0],"originalSize":[512,512],"capInsets":[0,0,0,0]}],[0],0,[0],[0],[0]],[[[1,"kn3707",{"rows":[["phonictractor","1","Description","4","ಕೈಕಾಲು","ಕೈಕಾಲು.mp3","ಕೈ","ಕೈ.mp3","ಕಾಲು","ಕಾಲು.mp3"],["spelldoor","1","Description","ತಿಂಡಿ","**","0","0","snacks.png","ತಿಂಡಿ.mp3"],["phonictractor","1","Description","4","ತೊಳೆ","ತೊಳೆ.mp3","ತೊ","ತೊ.mp3","ಳೆ","ಳೆ.mp3"],["spelldoor","1","Description","ಮುಖ","**","0","0","face.png","ಮುಖ.mp3"],["phonictractor","1","Description","4","ಕೊಳಕು","ಕೊಳಕು.mp3","ಕೊ","ಕೊ.mp3","ಳ","ಳ.mp3","ಕು","ಕು.mp3"],["spelldoor","1","Description","ರೋಗಾಣು","***","0","0","germs.png","ರೋಗಾಣು.mp3"],["quizliteracy","1","Description","word_word","ರೋಗಾ","ಪೋರಾ","ರೋಗಾ","ತೀಮಾ","","______ಣು","ರೋಗಾಣು.mp3"],["quizliteracy","1","Description","image_word","ಮುಖ","ಮುಖ","ಕೊಳಕು","ತಿಂಡಿ","face.png"],["quizliteracy","1","Description","soundonly_word","ತಿಂಡಿ","ತೊಳೆ","ತಿಂಡಿ","ಕಾಲು","","","ತಿಂಡಿ.mp3"]]}]],0,0,[],[],[]],[[[0,"ಕೊ",".mp3",0.552],-1],0,0,[],[],[]],[[[0,"ತೊ",".mp3",0.528],-1],0,0,[],[],[]],[[[0,"ಮುಖ",".mp3",0.672],-1],0,0,[],[],[]],[[[0,"ತಿಂಡಿ",".mp3",0.696],-1],0,0,[],[],[]],[["0,9729,9729,33071,33071,0,0,1",-1],[1],0,[],[],[]],[[[0,"ಳ",".mp3",0.504],-1],0,0,[],[],[]],[[{"name":"germs","rect":[0,0,512,372],"offset":[0,0],"originalSize":[512,372],"capInsets":[0,0,0,0]}],[0],0,[0],[0],[1]],[[[0,"ಕೈಕಾಲು",".mp3",0.912],-1],0,0,[],[],[]],[[[0,"ತೊಳೆ",".mp3",0.624],-1],0,0,[],[],[]],[[[0,"ರೋಗಾಣು",".mp3",0.888],-1],0,0,[],[],[]],[[[0,"ಳೆ",".mp3",0.552],-1],0,0,[],[],[]],[["0,9729,9729,33071,33071,0,0,1",-1],[1],0,[],[],[]],[[[0,"ಕು",".mp3",0.528],-1],0,0,[],[],[]],[[[0,"ಕಾಲು",".mp3",0.72],-1],0,0,[],[],[]],[[[0,"ಕೈ",".mp3",0.6],-1],0,0,[],[],[]],[[{"name":"snacks","rect":[0,0,512,344],"offset":[0,0],"originalSize":[512,344],"capInsets":[0,0,0,0]}],[0],0,[0],[0],[2]],[[[0,"ಕೊಳಕು",".mp3",0.792],-1],0,0,[],[],[]],[["0,9729,9729,33071,33071,0,0,1",-1],[1],0,[],[],[]]]]