[1,["cbrvTAv9xDCIa8udUFSgbc","2aX7cybRFMJKeEnnjAYKct","d6KAih+GRHOpPx/0gpFP8N"],["_textureSetter"],["cc.Texture2D","cc.SpriteFrame",["cc.AudioClip",["_name","_native","duration"],0],["cc.JsonAsset",["_name","json"],1]],[[2,0,1,2,4],[3,0,1,3]],[[[[0,"flap",".mp3",0.936],-1],0,0,[],[],[]],[["0,9729,9729,33071,33071,0,0,1",-1],[0],0,[],[],[]],[[[0,"floor",".mp3",0.864],-1],0,0,[],[],[]],[[[0,"flute",".mp3",1.056],-1],0,0,[],[],[]],[[[1,"en1801",{"rows":[["grid","1","Description","fl","y,u,ow"],["grid","1","Description","fl","ag,at,ap"],["grid","1","Description","fl","oor,eet,ute"],["rocket","1","Description","flower","fl,ower","fl,ower","flower.mp3","flower.png","false","false"],["speakingpet","1","Description","bl.mp3","fl.mp3","blouse","blouse.mp3","A","1,2","fly","fly.mp3","B","1,2","flag","flag.mp3","B","1,2","floor","floor.mp3","B","1,2"],["spelldoor","1","Description","floor","*l*or","2","1","spelling_floor.png","floor.mp3"],["spelldoor","1","Description","flower","******","4","4","spelling_flower.png","flower.mp3"],["quizliteracy","1","Description","soundonly_word","flower","fly","flower","plane","","","flower.mp3"],["quizliteracy","1","Description","soundonly_word","fly","fly","clay","play","","","fly.mp3"],["quizliteracy","1","Description","word_word","fl","al","gr","fl","","___ower","flower.mp3"],["quizliteracy","1","Description","word_word","fl","el","fl","cl","","___oor","floor.mp3"],["quizliteracy","1","Description","word_word","fl","fl","gr","bl","","___ag","flag.mp3"]]}]],0,0,[],[],[]],[[[0,"bl",".mp3",0.552],-1],0,0,[],[],[]],[[{"name":"flower","rect":[0,0,400,333],"offset":[0,0],"originalSize":[400,333],"capInsets":[0,0,0,0]}],[1],0,[0],[0],[0]],[[[0,"flag",".mp3",1.008],-1],0,0,[],[],[]],[[[0,"fl",".mp3",0.48],-1],0,0,[],[],[]],[[{"name":"spelling_floor","rect":[0,0,370,273],"offset":[0,0],"originalSize":[370,273],"capInsets":[0,0,0,0]}],[1],0,[0],[0],[1]],[[[0,"flow",".mp3",0.864],-1],0,0,[],[],[]],[["0,9729,9729,33071,33071,0,0,1",-1],[0],0,[],[],[]],[[{"name":"spelling_flower","rect":[0,0,370,273],"offset":[0,0],"originalSize":[370,273],"capInsets":[0,0,0,0]}],[1],0,[0],[0],[2]],[["0,9729,9729,33071,33071,0,0,1",-1],[0],0,[],[],[]],[[[0,"flower",".mp3",1.08],-1],0,0,[],[],[]],[[[0,"flat",".mp3",1.008],-1],0,0,[],[],[]],[[[0,"blouse",".mp3",1.128],-1],0,0,[],[],[]],[[[0,"fleet",".mp3",1.032],-1],0,0,[],[],[]],[[[0,"flu",".mp3",0.912],-1],0,0,[],[],[]],[[[0,"fly",".mp3",0.888],-1],0,0,[],[],[]]]]