[1,["b18F01osZOFrXAAsGwoR+j","35MgBhg2tH4pyBCLH99Xjb","4eSUBUZQ9P1qcdxYdugDdt","29rfz6j+NLDJjT95di8P/S","46Qjb2wlJFPLPii5uV4HoM","bd+MPVH7BGrbmOyolmSXq8","7fvKIVfhdPjJJZuDt/lDZ1","c1xknEDfFLl7XvdfsIhTP5","7a2AgJ/3dEJ5kvMfmF2kKD","a3cp2qQiBH7J331nIP2YQU"],["_textureSetter"],["cc.SpriteFrame","cc.Texture2D",["cc.AudioClip",["_name","_native","duration"],0],["cc.JsonAsset",["_name","json"],1]],[[2,0,1,2,4],[3,0,1,3]],[[[{"name":"sister","rect":[0,0,493,512],"offset":[0,0],"originalSize":[493,512],"capInsets":[0,0,0,0]}],[0],0,[0],[0],[0]],[["0,9729,9729,33071,33071,0,0,1",-1],[1],0,[],[],[]],[["0,9729,9729,33071,33071,0,0,1",-1],[1],0,[],[],[]],[[[0,"brother",".mp3",0.600816],-1],0,0,[],[],[]],[[[0,"baby",".mp3",0.653061],-1],0,0,[],[],[]],[["0,9729,9729,33071,33071,0,0,1",-1],[1],0,[],[],[]],[[{"name":"girl_sister","rect":[0,0,217,256],"offset":[0,0],"originalSize":[217,256],"capInsets":[0,0,0,0]}],[0],0,[0],[0],[1]],[["0,9729,9729,33071,33071,0,0,1",-1],[1],0,[],[],[]],[[[0,"mother",".mp3",0.626939],-1],0,0,[],[],[]],[[{"name":"uncle","rect":[0,0,1207,1200],"offset":[0,0],"originalSize":[1207,1200],"capInsets":[0,0,0,0]}],[0],0,[0],[0],[2]],[["0,9729,9729,33071,33071,0,0,1",-1],[1],0,[],[],[]],[["0,9729,9729,33071,33071,0,0,1",-1],[1],0,[],[],[]],[[[0,"sister",".mp3",1.123265],-1],0,0,[],[],[]],[[{"name":"brother","rect":[0,0,508,512],"offset":[0,0],"originalSize":[508,512],"capInsets":[0,0,0,0]}],[0],0,[0],[0],[3]],[[{"name":"mother","rect":[0,0,488,512],"offset":[0,0],"originalSize":[488,512],"capInsets":[0,0,0,0]}],[0],0,[0],[0],[4]],[[{"name":"baby","rect":[0,0,512,339],"offset":[0,0],"originalSize":[512,339],"capInsets":[0,0,0,0]}],[0],0,[0],[0],[5]],[["0,9729,9729,33071,33071,0,0,1",-1],[1],0,[],[],[]],[["0,9729,9729,33071,33071,0,0,1",-1],[1],0,[],[],[]],[["0,9729,9729,33071,33071,0,0,1",-1],[1],0,[],[],[]],[[[0,"grandmother",".mp3",0.992653],-1],0,0,[],[],[]],[["0,9729,9729,33071,33071,0,0,1",-1],[1],0,[],[],[]],[[[0,"father",".mp3",0.888163],-1],0,0,[],[],[]],[[[1,"sl_en2407",{"rows":[["openwindow1","1","Description","LEGIT","mother","mother.png","father.png","mother.mp3","abcdefghijklmnopqrstuvwxyz"],["openwindow1","1","Description","LEGIT","father","father.png","mother.png","father.mp3","abcdefghijklmnopqrstuvwxyz"],["openwindow1","1","Description","LEGIT","grandmother","grandmother.png","grandfather.png","grandmother.mp3","abcdefghijklmnopqrstuvwxyz"],["openwindow1","1","Description","LEGIT","grandfather","grandfather.png","grandmother.png","grandfather.mp3","abcdefghijklmnopqrstuvwxyz"],["openwindow1","1","Description","LEGIT","baby","baby.png","uncle.png","baby.mp3","abcdefghijklmnopqrstuvwxyz"],["openwindow1","1","Description","LEGIT","brother","brother.png","girl_sister.png","brother.mp3","abcdefghijklmnopqrstuvwxyz"],["openwindow1","1","Description","LEGIT","sister","sister.png","boy_brother.png","sister.mp3","abcdefghijklmnopqrstuvwxyz"],["quizliteracy","1","Description","image_sentence","mother","mother","brother","baby","mother.png","","mother.mp3"],["quizliteracy","1","Description","image_sentence","baby","grandmother","baby","sister","baby.png","","baby.mp3"],["quizliteracy","1","Description","image_sentence","brother","sister","grandmother","brother","brother.png","","brother.mp3"]]}]],0,0,[],[],[]],[[{"name":"boy_brother","rect":[0,0,212,256],"offset":[0,0],"originalSize":[212,256],"capInsets":[0,0,0,0]}],[0],0,[0],[0],[6]],[[{"name":"father","rect":[0,0,402,512],"offset":[0,0],"originalSize":[402,512],"capInsets":[0,0,0,0]}],[0],0,[0],[0],[7]],[[[0,"grandfather",".mp3",0.966531],-1],0,0,[],[],[]],[[{"name":"grandfather","rect":[0,0,430,512],"offset":[0,0],"originalSize":[430,512],"capInsets":[0,0,0,0]}],[0],0,[0],[0],[8]],[[{"name":"grandmother","rect":[0,0,450,512],"offset":[0,0],"originalSize":[450,512],"capInsets":[0,0,0,0]}],[0],0,[0],[0],[9]]]]