[1,["87RIKdIMBA9rlurk0KOgwX","15mspAETtNR6RLZGafjyQL","0683Q72NlHIp/77zSS4emP","9fACZn/5JO1o0TucMnz3xj","076act4hhCOoU4KDMfJjB2","81dRxpzwBB34C02LO3Oiun","f2buQfW7NMoJKTAwG00RE9","afcCfUTq9OeKvbpeIDm0bT","18uiBd/UdNhpT2d1rZeYO7","75SCLbBG1JFaXjlLhprIcM","74+c0UFWZBIJCdSeppjSOQ","7a/ZJuu2tCpovne8EGAtX9","d2aSk/soBE+Zg/iExJcp4b","aeatpn3M9EeLkitmprdfrn","5066XoYtJE8L/gnkXL3sjU"],["_textureSetter"],["cc.Texture2D","cc.SpriteFrame",["cc.AudioClip",["_name","_native","duration"],0],["cc.JsonAsset",["_name","json"],1]],[[2,0,1,2,4],[3,0,1,3]],[[[[0,"whiskers",".mp3",0.862041],-1],0,0,[],[],[]],[["0,9729,9729,33071,33071,0,0,1",-1],[0],0,[],[],[]],[["1,9729,9729,33071,33071,0,0,1",-1],[0],0,[],[],[]],[[[0,"zebra",".mp3",0.914286],-1],0,0,[],[],[]],[["1,9729,9729,33071,33071,0,0,1",-1],[0],0,[],[],[]],[[[1,"sl_en1802",{"rows":[["tag","1","Description","image_17_3.jpg","cats","708.-1508","cats.mp3","big","882.-860","big.mp3","small","1155.-494","small.mp3","stripes","322.-1245","stripes.mp3","spots","361.-567","spots.mp3"],["tag","1","Description","image_18_4.jpg","animals","280.-1520","animals.mp3","fish","1358.-1312","fish.mp3","snake","764.-1259","snake.mp3","flamingo","905.-496","flamingo.mp3","duck","1352.-414","duck.mp3","kitten","182.-957","kitten.mp3","giraffe","573.-750","giraffe.mp3"],["tag","1","Description","image_9_1.jpg","lion","1106.-1477","lion.mp3","teeth","1128.-805","teeth.mp3","mane","468.-1291","mane.mp3","legs","776.-569","legs.mp3"],["tag","1","Description","image_9_2.jpg","rat","1066.-1437","rat.mp3","tail","368.-449","tail.mp3","whiskers","1214.-1085","whiskers.mp3","fur","425.-1085","fur.mp3","paw","1214.-449","paw.mp3"],["tag","1","Description","image_9_3.jpg","bee","1095.-1442","bee.mp3","wing","1231.-871","wing.mp3","antenna","249.-808","antenna.mp3","head","354.-1171","head.mp3","leg","909.-569","leg.mp3"],["tag","1","Description","image_9_4.jpg","elephant","298.-1535","elephant.mp3","trunk","1209.-1244","trunk.mp3","tusk","1302.-674","tusk.mp3","back","354.-1171","back.mp3","ear","575.-674","ear.mp3"],["tag","1","Description","image_6_1.jpg","sea animals","735.-973","sea_animals.mp3","octopus","1054.-465","octopus.mp3","dolphin","1043.-1088","dolphin.mp3","turtle","254.-465","turtle.mp3","starfish","254.-1388","starfish.mp3"],["tag","1","Description","image_6_2.jpg","wild animals","1045.-465","wild_animals.mp3","leopard","1297.-1150","leopard.mp3","boar","1060.-950","boar.mp3","deer","322.-714","deer.mp3","toucan","531.-1479","toucan.mp3"],["tag","1","Description","image_6_3.jpg","farm animals","725.-637","farmanimals.mp3","hen","1321.-1355","hen.mp3","horse","690.-972","horse.mp3","sheep","1355.-842","sheep.mp3","duck","197.-1255","duck.mp3"],["tag","1","Description","image_6_4.jpg","animals","728.-1480","animals.mp3","elephant","1243.-1012","elephant.mp3","giraffe","354.-1105","giraffe.mp3","buffalo","1188.-490","buffalo.mp3","zebra","473.-490","zebra.mp3"],["quizliteracy","1","Description","image_word","rat","rat","red","ram","rat.png"],["quizliteracy","1","Description","soundonly_word","fish","tree","fish","lion","","","fish.mp3"],["quizliteracy","1","Description","soundonly_image","hen.png","cat.png","duck.jpg","hen.png","","","hen.mp3"],["quizliteracy","1","Description","image_word","lion","lion","tiger","bear","lion.png"],["quizliteracy","1","Description","soundonly_image","duck.jpg","cat.png","duck.jpg","hen.png","","","duck.mp3"]]}]],0,0,[],[],[]],[["1,9729,9729,33071,33071,0,0,1",-1],[0],0,[],[],[]],[[[0,"paw",".mp3",0.653061],-1],0,0,[],[],[]],[[[0,"spots",".mp3",1.097143],-1],0,0,[],[],[]],[[[0,"wild_animals",".mp3",1.201633],-1],0,0,[],[],[]],[[[0,"kitten",".mp3",0.600816],-1],0,0,[],[],[]],[[{"name":"image_9_2","rect":[0,0,845,695],"offset":[0,0],"originalSize":[845,695],"capInsets":[0,0,0,0]}],[1],0,[0],[0],[0]],[[{"name":"image_6_1","rect":[0,0,845,695],"offset":[0,0],"originalSize":[845,695],"capInsets":[0,0,0,0]}],[1],0,[0],[0],[1]],[[[0,"giraffe",".mp3",1.018776],-1],0,0,[],[],[]],[[[0,"trunk",".mp3",0.653061],-1],0,0,[],[],[]],[[[0,"elephant",".mp3",0.862041],-1],0,0,[],[],[]],[[[0,"deer",".mp3",0.600816],-1],0,0,[],[],[]],[[{"name":"cat","rect":[0,0,1111,820],"offset":[0,0],"originalSize":[1111,820],"capInsets":[0,0,0,0]}],[1],0,[0],[0],[2]],[[{"name":"rat","rect":[0,0,1880,1253],"offset":[0,0],"originalSize":[1880,1253],"capInsets":[0,0,0,0]}],[1],0,[0],[0],[3]],[[[0,"stripes",".mp3",1.07102],-1],0,0,[],[],[]],[[{"name":"image_9_4","rect":[0,0,845,695],"offset":[0,0],"originalSize":[845,695],"capInsets":[0,0,0,0]}],[1],0,[0],[0],[4]],[[[0,"duck",".mp3",0.626939],-1],0,0,[],[],[]],[[[0,"animals",".mp3",0.809796],-1],0,0,[],[],[]],[[[0,"lion",".mp3",0.783673],-1],0,0,[],[],[]],[["1,9729,9729,33071,33071,0,0,1",-1],[0],0,[],[],[]],[[{"name":"image_6_3","rect":[0,0,845,695],"offset":[0,0],"originalSize":[845,695],"capInsets":[0,0,0,0]}],[1],0,[0],[0],[5]],[[[0,"horse",".mp3",0.626939],-1],0,0,[],[],[]],[[[0,"buffalo",".mp3",0.783673],-1],0,0,[],[],[]],[[[0,"big",".mp3",0.496327],-1],0,0,[],[],[]],[[[0,"starfish",".mp3",1.097143],-1],0,0,[],[],[]],[[{"name":"image_6_2","rect":[0,0,845,695],"offset":[0,0],"originalSize":[845,695],"capInsets":[0,0,0,0]}],[1],0,[0],[0],[6]],[[[0,"fur",".mp3",0.731429],-1],0,0,[],[],[]],[[{"name":"lion","rect":[16,16,368,258],"offset":[0,0],"originalSize":[400,290],"capInsets":[0,0,0,0]}],[1],0,[0],[0],[7]],[[{"name":"image_9_3","rect":[0,0,845,695],"offset":[0,0],"originalSize":[845,695],"capInsets":[0,0,0,0]}],[1],0,[0],[0],[8]],[[[0,"ear",".mp3",0.600816],-1],0,0,[],[],[]],[[[0,"octopus",".mp3",1.018776],-1],0,0,[],[],[]],[["1,9729,9729,33071,33071,0,0,1",-1],[0],0,[],[],[]],[["1,9729,9729,33071,33071,0,0,1",-1],[0],0,[],[],[]],[[[0,"back",".mp3",0.548571],-1],0,0,[],[],[]],[[[0,"wing",".mp3",0.835918],-1],0,0,[],[],[]],[["1,9729,9729,33071,33071,0,0,1",-1],[0],0,[],[],[]],[[[0,"legs",".mp3",0.757551],-1],0,0,[],[],[]],[[[0,"small",".mp3",0.862041],-1],0,0,[],[],[]],[["1,9729,9729,33071,33071,0,0,1",-1],[0],0,[],[],[]],[["1,9729,9729,33071,33071,0,0,1",-1],[0],0,[],[],[]],[[[0,"rat",".mp3",0.757551],-1],0,0,[],[],[]],[[[0,"head",".mp3",0.548571],-1],0,0,[],[],[]],[["0,9729,9729,33071,33071,0,0,1",-1],[0],0,[],[],[]],[[{"name":"image_18_4","rect":[0,0,845,695],"offset":[0,0],"originalSize":[845,695],"capInsets":[0,0,0,0]}],[1],0,[0],[0],[9]],[[{"name":"image_6_4","rect":[0,0,845,695],"offset":[0,0],"originalSize":[845,695],"capInsets":[0,0,0,0]}],[1],0,[0],[0],[10]],[["1,9729,9729,33071,33071,0,0,1",-1],[0],0,[],[],[]],[["0,9729,9729,33071,33071,0,0,1",-1],[0],0,[],[],[]],[[[0,"snake",".mp3",0.783673],-1],0,0,[],[],[]],[[[0,"flamingo",".mp3",0.914286],-1],0,0,[],[],[]],[[{"name":"image_17_3","rect":[0,0,845,731],"offset":[0,0],"originalSize":[845,731],"capInsets":[0,0,0,0]}],[1],0,[0],[0],[11]],[[[0,"turtle",".mp3",0.835918],-1],0,0,[],[],[]],[[[0,"farmanimals",".mp3",1.149388],-1],0,0,[],[],[]],[[[0,"leopard",".mp3",0.888163],-1],0,0,[],[],[]],[[[0,"sea_animals",".mp3",1.436735],-1],0,0,[],[],[]],[[[0,"dolphin",".mp3",0.757551],-1],0,0,[],[],[]],[[[0,"bee",".mp3",0.496327],-1],0,0,[],[],[]],[[{"name":"hen","rect":[0,0,500,334],"offset":[0,0],"originalSize":[500,334],"capInsets":[0,0,0,0]}],[1],0,[0],[0],[12]],[[{"name":"duck","rect":[0,0,800,533],"offset":[0,0],"originalSize":[800,533],"capInsets":[0,0,0,0]}],[1],0,[0],[0],[13]],[[[0,"hen",".mp3",0.600816],-1],0,0,[],[],[]],[[[0,"sheep",".mp3",0.600816],-1],0,0,[],[],[]],[[[0,"toucan",".mp3",0.783673],-1],0,0,[],[],[]],[[[0,"teeth",".mp3",0.496327],-1],0,0,[],[],[]],[["0,9729,9729,33071,33071,0,0,1",-1],[0],0,[],[],[]],[[[0,"tail",".mp3",0.653061],-1],0,0,[],[],[]],[[[0,"boar",".mp3",0.522449],-1],0,0,[],[],[]],[[[0,"tusk",".mp3",0.757551],-1],0,0,[],[],[]],[[{"name":"image_9_1","rect":[0,0,845,695],"offset":[0,0],"originalSize":[845,695],"capInsets":[0,0,0,0]}],[1],0,[0],[0],[14]],[[[0,"leg",".mp3",0.548571],-1],0,0,[],[],[]],[[[0,"cats",".mp3",0.809796],-1],0,0,[],[],[]],[[[0,"antenna",".mp3",0.757551],-1],0,0,[],[],[]],[["1,9729,9729,33071,33071,0,0,1",-1],[0],0,[],[],[]],[[[0,"mane",".mp3",0.705306],-1],0,0,[],[],[]],[[[0,"fish",".mp3",0.940408],-1],0,0,[],[],[]]]]