[1,["ec3/YsuINGVaiaeNcyDn4L","38d3Trn7xJHZ0+A0ejIAuE","b0uO1/dwRO1L8XF3kP8AFq","61MjOzYjdG6pCGvQrJ4xBA","55oapp+F5OkIsqLNb8cww8","e33jKIOcVFWq3fSSp354ma","80+DnPK+JBMKH9ZCoFaV9s","e77xvAbHdGJqHXh1sPzNH8","dasDTr8hFK+7sM/4zepPS0","b9Sh01hbBOjrHn6i0cfX6t"],["_textureSetter"],["cc.Texture2D","cc.SpriteFrame",["cc.AudioClip",["_name","_native","duration"],0],["cc.JsonAsset",["_name","json"],1]],[[2,0,1,2,4],[3,0,1,3]],[[[[0,"हाथी_तेज_दौडता_है",".mp3",2.28],-1],0,0,[],[],[]],[[[0,"कुत्ते_तेजी_से_भागते_हैं",".mp3",2.638367],-1],0,0,[],[],[]],[[[0,"पॉल_जोर_से_चिल्लाता_है",".mp3",2.35102],-1],0,0,[],[],[]],[["1,9729,9729,33071,33071,0,0,1",-1],[0],0,[],[],[]],[[[0,"गेंद_ऊंची_उछलती_है",".mp3",2.089796],-1],0,0,[],[],[]],[[{"name":"vijayrunsfast","rect":[0,0,1073,577],"offset":[0,0],"originalSize":[1073,577],"capInsets":[0,0,0,0]}],[1],0,[0],[0],[0]],[["1,9729,9729,33071,33071,0,0,1",-1],[0],0,[],[],[]],[["1,9729,9729,33071,33071,0,0,1",-1],[0],0,[],[],[]],[[{"name":"Weswamyesterday","rect":[0,0,1073,577],"offset":[0,0],"originalSize":[1073,577],"capInsets":[0,0,0,0]}],[1],0,[0],[0],[1]],[[[0,"रोहन_खेलता_है",".mp3",1.541224],-1],0,0,[],[],[]],[[[0,"कोमल_चलती_है",".mp3",1.462857],-1],0,0,[],[],[]],[["1,9729,9729,33071,33071,0,0,1",-1],[0],0,[],[],[]],[[[0,"पेड_धीरे-धीरे_बढ़ता_है",".mp3",2.403265],-1],0,0,[],[],[]],[[{"name":"The_plantgrows","rect":[0,0,1073,719],"offset":[0,0],"originalSize":[1073,719],"capInsets":[0,0,0,0]}],[1],0,[0],[0],[2]],[[[0,"गेंद_उछलती_है",".mp3",1.462857],-1],0,0,[],[],[]],[[{"name":"komalwalks","rect":[0,0,1073,1188],"offset":[0,0],"originalSize":[1073,1188],"capInsets":[0,0,0,0]}],[1],0,[0],[0],[3]],[[[0,"हम_कल_तैरने_गए",".mp3",2.016],-1],0,0,[],[],[]],[[{"name":"The_ballbounces","rect":[0,0,1073,772],"offset":[0,0],"originalSize":[1073,772],"capInsets":[0,0,0,0]}],[1],0,[0],[0],[4]],[[{"name":"I_eat","rect":[0,0,1073,577],"offset":[0,0],"originalSize":[1073,577],"capInsets":[0,0,0,0]}],[1],0,[0],[0],[5]],[[[0,"जय_तेज_दौडता_है",".mp3",1.802449],-1],0,0,[],[],[]],[["1,9729,9729,33071,33071,0,0,1",-1],[0],0,[],[],[]],[[[0,"जय_खाता_है",".mp3",1.227755],-1],0,0,[],[],[]],[["0,9729,9729,33071,33071,0,0,1",-1],[0],0,[],[],[]],[[{"name":"The_ballbounceshigh","rect":[0,0,1073,772],"offset":[0,0],"originalSize":[1073,772],"capInsets":[0,0,0,0]}],[1],0,[0],[0],[6]],[[[0,"गोपाल_ज़ोर_से_चिल्लाता_है",".mp3",2.592],-1],0,0,[],[],[]],[[{"name":"Paulscreamsloudly","rect":[0,0,1073,861],"offset":[0,0],"originalSize":[1073,861],"capInsets":[0,0,0,0]}],[1],0,[0],[0],[7]],[["1,9729,9729,33071,33071,0,0,1",-1],[0],0,[],[],[]],[[{"name":"The_elephantrunsfast","rect":[0,0,1073,1073],"offset":[0,0],"originalSize":[1073,1073],"capInsets":[0,0,0,0]}],[1],0,[0],[0],[8]],[["1,9729,9729,33071,33071,0,0,1",-1],[0],0,[],[],[]],[["1,9729,9729,33071,33071,0,0,1",-1],[0],0,[],[],[]],[["1,9729,9729,33071,33071,0,0,1",-1],[0],0,[],[],[]],[[{"name":"The_dogsrunfast","rect":[0,0,1536,1024],"offset":[0,0],"originalSize":[1536,1024],"capInsets":[0,0,0,0]}],[1],0,[0],[0],[9]],[[[0,"सुमन_तेजी_से_खाती_है",".mp3",2.142041],-1],0,0,[],[],[]],[[[1,"hi1304",{"rows":[["createsentence","1","Description","सुमन/तेज़ी से/खाती है|","","I_eat.jpg","सुमन_तेजी_से_खाती_है.mp3"],["createsentence","1","Description","जय/तेज़/दौड़ता है|","","vijayrunsfast.jpg","जय_तेज_दौडता_है.mp3"],["createsentence","1","Description","कुत्‍ते/तेज़ी/से/भागते/हैं|","","The_dogsrunfast.jpg","कुत्ते_तेजी_से_भागते_हैं.mp3"],["createsentence","1","Description","गोपाल/ज़ोर से/चिल्लाता/है।","","Paulscreamsloudly.jpg","गोपाल_ज़ोर_से_चिल्लाता_है.mp3"],["createsentence","1","Description","हम/कल/तैरने गए","","Weswamyesterday.jpg","हम_कल_तैरने_गए.mp3"],["createsentence","1","Description","पेड़/धीरे-धीरे/बढ़ता है","","The_plantgrows.jpg","पेड_धीरे-धीरे_बढ़ता_है.mp3"],["createsentence","1","Description","गेंद/ऊंची/उछलती है","","The_ballbounceshigh.jpg","गेंद_ऊंची_उछलती_है.mp3"],["createsentence","1","Description","हाथी/तेज़/दौड़ता है","","The_elephantrunsfast.jpg","हाथी_तेज_दौडता_है.mp3"],["quizliteracy","1","Description","image_sentence","जय तेज़ दौड़ता है।","गेंद ऊंची उछलती है","जय तेज़ दौड़ता है।","कुत्‍ते तेज़ी से भागते हैं।","vijayrunsfast.jpg","","जय_तेज_दौडता_है.mp3"],["quizliteracy","1","Description","sentence_sentence","कुत्‍ते तेज़ी से भागते है ं।","कुत्‍ते तेज़ी से भागते है ं।","गेंद ऊंची उछलती है","जय तेज़ दौड़ता है","","सही उत्तर चुने","कुत्ते_तेजी_से_भागते_हैं.mp3"],["quizliteracy","1","Description","soundonly_image","The_elephantrunsfast.jpg","I_eat.jpg","vijayrunsfast.jpg","The_elephantrunsfast.jpg","","","हाथी_तेज_दौडता_है.mp3"],["quizliteracy","1","Description","soundonly_sentence","गेंद ऊंची उछलती है","जय तेज़ दौड़ता है।","कुत्‍ते तेज़ी से भागते है ं।","गेंद ऊंची उछलती है","","","गेंद_ऊंची_उछलती_है.mp3"]]}]],0,0,[],[],[]]]]