[1,["9e6Dm7WHBIdo1xbF6V9jN0","09feRAqfhGor20era8pI2t","7dBorVUwJD0ZB9mKbhh3/e","89/CFqwp9NoLgsw6tLmB5f","5eeK337DdGpJNNzOjTx5d1","7erGwYu8VJEYAIAHOZZSCV"],["_textureSetter"],["cc.Texture2D","cc.SpriteFrame",["cc.AudioClip",["_name","_native","duration"],0],["cc.JsonAsset",["_name","json"],1]],[[2,0,1,2,4],[3,0,1,3]],[[[[0,"ಅಂತಃಕರಣ",".mp3",1.08],-1],0,0,[],[],[]],[["0,9729,9729,33071,33071,0,0,1",-1],[0],0,[],[],[]],[[[0,"ಅಂಗಳ",".mp3",1.032],-1],0,0,[],[],[]],[[[1,"kn4815",{"rows":[["spelldoor","1","Description","ಅಂಗಳ ","***","0","0","frontyard.png","ಅಂಗಳ.mp3"],["spelldoor","1","Description","ಸುಂದರ ","***","0","0","beautiful.png","ಸುಂದರ.mp3"],["spelldoor","1","Description","ವಂದಿಸು ","***","0","0","bow or prostrate.png","ವಂದಿಸು.mp3"],["spelldoor","1","Description","ಅನುಕಂಪ ","****","0","0","sympathy.png","ಅನುಕಂಪ.mp3"],["spelldoor","1","Description","ಅಂತಃಕರಣ ","*****","0","0","mindful.png","ಅಂತಃಕರಣ.mp3"],["spelldoor","1","Description","ಅಂತಃಕಲಹ ","*****","0","0","strife_stress.png","ಅಂತಃಕಲಹ.mp3"]]}]],0,0,[],[],[]],[[{"name":"sympathy","rect":[0,0,800,533],"offset":[0,0],"originalSize":[800,533],"capInsets":[0,0,0,0]}],[1],0,[0],[0],[0]],[[{"name":"beautiful","rect":[0,0,800,533],"offset":[0,0],"originalSize":[800,533],"capInsets":[0,0,0,0]}],[1],0,[0],[0],[1]],[["0,9729,9729,33071,33071,0,0,1",-1],[0],0,[],[],[]],[[[0,"ಅನುಕಂಪ",".mp3",0.912],-1],0,0,[],[],[]],[["0,9729,9729,33071,33071,0,0,1",-1],[0],0,[],[],[]],[["0,9729,9729,33071,33071,0,0,1",-1],[0],0,[],[],[]],[["0,9729,9729,33071,33071,0,0,1",-1],[0],0,[],[],[]],[[{"name":"strife_stress","rect":[0,0,800,533],"offset":[0,0],"originalSize":[800,533],"capInsets":[0,0,0,0]}],[1],0,[0],[0],[2]],[[{"name":"bow or prostrate","rect":[0,0,500,337],"offset":[0,0],"originalSize":[500,337],"capInsets":[0,0,0,0]}],[1],0,[0],[0],[3]],[["0,9729,9729,33071,33071,0,0,1",-1],[0],0,[],[],[]],[[[0,"ವಂದಿಸು",".mp3",0.888],-1],0,0,[],[],[]],[[{"name":"frontyard","rect":[0,0,800,601],"offset":[0,0],"originalSize":[800,601],"capInsets":[0,0,0,0]}],[1],0,[0],[0],[4]],[[[0,"ಅಂತಃಕಲಹ",".mp3",1.104],-1],0,0,[],[],[]],[[{"name":"mindful","rect":[0,0,800,530],"offset":[0,0],"originalSize":[800,530],"capInsets":[0,0,0,0]}],[1],0,[0],[0],[5]],[[[0,"ಸುಂದರ",".mp3",0.84],-1],0,0,[],[],[]]]]