[1,["2b92B1ebVG0KRX1TY67jeW","14LUt8X2ZJfL0mt5I5LAvc","97XjDft9VDBpAsuF8nzIfC"],["_textureSetter"],["cc.Texture2D","cc.SpriteFrame",["cc.AudioClip",["_name","_native","duration"],0],["cc.JsonAsset",["_name","json"],1]],[[2,0,1,2,4],[3,0,1,3]],[[["0,9729,9729,33071,33071,0,0,1",-1],[0],0,[],[],[]],[[{"name":"game","rect":[0,0,640,427],"offset":[0,0],"originalSize":[640,427],"capInsets":[0,0,0,0]}],[1],0,[0],[0],[0]],[[[0,"भस्म",".mp3",1.044898],-1],0,0,[],[],[]],[[[0,"भवरा",".mp3",1.123265],-1],0,0,[],[],[]],[["0,9729,9729,33071,33071,0,0,1",-1],[0],0,[],[],[]],[[[1,"mr0123",{"rows":[["balloonpop","1","Description","2","भ","3","न,भ,ब","भ.mp3"],["phonictractor","1","Description","5","भ","भ.mp3","भ","भ.mp3"],["writeletter","1","Description","भ","भवरा"],["writecard","1","Description","भ","भवरा","game.png","भवरा.mp3","भस्म","ash.png","भस्म.mp3","भरित","bharith.png","भरित.mp3"],["quizliteracy","1","Description","soundonly_word","भ","न","भ","ऐ","","","भ.mp3"],["quizliteracy","1","Description","word_word","भ","भ","द","न","","भ"],["quizliteracy","1","Description","soundonly_word","भ","न","भ","ऐ","","","भ.mp3"]]}]],0,0,[],[],[]],[[{"name":"bharith","rect":[0,0,640,480],"offset":[0,0],"originalSize":[640,480],"capInsets":[0,0,0,0]}],[1],0,[0],[0],[1]],[["0,9729,9729,33071,33071,0,0,1",-1],[0],0,[],[],[]],[[[0,"भ",".mp3",0.862041],-1],0,0,[],[],[]],[[{"name":"ash","rect":[0,0,640,425],"offset":[0,0],"originalSize":[640,425],"capInsets":[0,0,0,0]}],[1],0,[0],[0],[2]],[[[0,"भरित",".mp3",0.809796],-1],0,0,[],[],[]]]]