[1,["5a5WDhgyhLlKvRHRYPC62+","99tOyXXsBNOY5eqlIbXHnP","51NBZ55ZtHGJPAbzfa98RI","f0Bk1TZ5NKOoXOgtKDEQMy"],["_textureSetter"],["cc.SpriteFrame","cc.Texture2D",["cc.AudioClip",["_name","_native","duration"],0],["cc.JsonAsset",["_name","json"],1]],[[2,0,1,2,4],[3,0,1,3]],[[[[0,"sun",".mp3",1.056],-1],0,0,[],[],[]],[[[0,"circle",".mp3",1.104],-1],0,0,[],[],[]],[[[0,"cl",".mp3",0.936],-1],0,0,[],[],[]],[[[0,"save",".mp3",1.008],-1],0,0,[],[],[]],[[{"name":"clock1","rect":[25,25,580,407],"offset":[0,0],"originalSize":[630,457],"capInsets":[0,0,0,0]}],[0],0,[0],[0],[0]],[[[0,"crab",".mp3",0.96],-1],0,0,[],[],[]],[[[1,"en1802",{"rows":[["rocket","1","Description","class","a,b,c,d,e,f,g,h,i,j,k,l,m,n,o,p,q,r,s,t,u,v,w,x,y,z","c,l,a,s,s","class.mp3","class.png","false","true"],["rocket","1","Description","clock","cl,ock","cl,ock","clock.mp3","clock1.png","false","false"],["speakingpet","1","Description","cr.mp3","cl.mp3","crab","crab.mp3","A","1,2","cream","cream.mp3","A","1,2","clock","clock.mp3","B","1,2","class","class.mp3","B","1,2"],["speakingpet","1","Description","k.mp3","s.mp3","card","card.mp3","A","1","circle","circle.mp3","B","1","sun","sun.mp3","B","1","save","save.mp3","B","1"],["spelldoor","1","Description","clock","*l*ck","2","1","spelling_clock.png","clock.mp3"],["writeword","1","Description","clock","clock.png","clock.mp3"],["quizliteracy","1","Description","image_word","clock","card","crab","clock","clock.png"],["quizliteracy","1","Description","soundonly_word","class","crown","class","cloud","","","class.mp3"],["quizliteracy","1","Description","soundonly_word","circle","circle","cloud","clock","","","circle.mp3"]]}]],0,0,[],[],[]],[["0,9729,9729,33071,33071,0,0,1",-1],[1],0,[],[],[]],[["0,9729,9729,33071,33071,0,0,1",-1],[1],0,[],[],[]],[[{"name":"class","rect":[0,0,630,504],"offset":[0,0],"originalSize":[630,504],"capInsets":[0,0,0,0]}],[0],0,[0],[0],[1]],[[[0,"cream",".mp3",0.912],-1],0,0,[],[],[]],[[{"name":"clock","rect":[16,16,368,258],"offset":[0,0],"originalSize":[400,290],"capInsets":[0,0,0,0]}],[0],0,[0],[0],[2]],[[[0,"clock",".mp3",0.96],-1],0,0,[],[],[]],[[[0,"class",".mp3",1.08],-1],0,0,[],[],[]],[["0,9729,9729,33071,33071,0,0,1",-1],[1],0,[],[],[]],[[[0,"cr",".mp3",1.2],-1],0,0,[],[],[]],[[[0,"s",".mp3",0.912],-1],0,0,[],[],[]],[[[0,"card",".mp3",0.912],-1],0,0,[],[],[]],[[[0,"k",".mp3",0.816],-1],0,0,[],[],[]],[[{"name":"spelling_clock","rect":[0,0,370,273],"offset":[0,0],"originalSize":[370,273],"capInsets":[0,0,0,0]}],[0],0,[0],[0],[3]],[["0,9729,9729,33071,33071,0,0,1",-1],[1],0,[],[],[]]]]