[1,["ee3NQPXztGXooVl1TUHB7u","63NV90EHVD35NIU6I7W5m1","4fzz0Kk/BFFKXLyF5y0aHE","0bZvCvdEdNjayhfyC5gm49","6eIWaPDZlEhJsebHS48YCO","d5ri/7XTdAYpTQUoB9l3kB"],["_textureSetter"],["cc.SpriteFrame","cc.Texture2D",["cc.AudioClip",["_name","_native","duration"],0],["cc.JsonAsset",["_name","json"],1]],[[2,0,1,2,4],[3,0,1,3]],[[[{"name":"spelling_bug","rect":[0,0,370,273],"offset":[0,0],"originalSize":[370,273],"capInsets":[0,0,0,0]}],[0],0,[0],[0],[0]],[["0,9729,9729,33071,33071,0,0,1",-1],[1],0,[],[],[]],[[{"name":"spelling_toy","rect":[0,0,649,800],"offset":[0,0],"originalSize":[649,800],"capInsets":[0,0,0,0]}],[0],0,[0],[0],[1]],[[[0,"bed",".mp3",0.600816],-1],0,0,[],[],[]],[[{"name":"mom","rect":[4,8,502,792],"offset":[-1.5,-4],"originalSize":[513,800],"capInsets":[0,0,0,0]}],[0],0,[0],[0],[2]],[[{"name":"spelling_dog","rect":[0,0,370,273],"offset":[0,0],"originalSize":[370,273],"capInsets":[0,0,0,0]}],[0],0,[0],[0],[3]],[["0,9729,9729,33071,33071,0,0,1",-1],[1],0,[],[],[]],[["1,9729,9729,33071,33071,0,0,1",-1],[1],0,[],[],[]],[["0,9729,9729,33071,33071,0,0,1",-1],[1],0,[],[],[]],[[[0,"mom",".mp3",0.574694],-1],0,0,[],[],[]],[[{"name":"spelling_six","rect":[0,0,370,273],"offset":[0,0],"originalSize":[370,273],"capInsets":[0,0,0,0]}],[0],0,[0],[0],[4]],[[[1,"sl_en0906",{"rows":[["spelldoor","1","Description","six","s*x","0","2","spelling_six.png","six.mp3"],["spelldoor","1","Description","toy","t*y","0","2","spelling_toy.jpg","toy.mp3"],["spelldoor","1","Description","bug","b*g","0","2","spelling_bug.png","bug.mp3"],["spelldoor","1","Description","dog","d*g","0","2","spelling_dog.png","dog.mp3"],["spelldoor","1","Description","mom","m*m","0","2","mom.png","mom.mp3"],["spelldoor","1","Description","bed","b*d","0","2","spelling_bed.png","bed.mp3"],["quizliteracy","1","Description","word_word","e","a","p","e","","b_d","bed.mp3"],["quizliteracy","1","Description","word_word","i","h","d","i","","s_x","six.mp3"],["quizliteracy","1","Description","word_word","u","f","u","g","","b_g","bug.mp3"],["quizliteracy","1","Description","word_word","o","i","d","o","","d_g","dog.mp3"],["quizliteracy","1","Description","word_word","o","e","o","a","","t_y","toy.mp3"],["quizliteracy","1","Description","word_word","o","o","n","u","","m_m","mom.mp3"]]}]],0,0,[],[],[]],[[[0,"toy",".mp3",0.679184],-1],0,0,[],[],[]],[[[0,"bug",".mp3",0.626939],-1],0,0,[],[],[]],[[[0,"dog",".mp3",0.574694],-1],0,0,[],[],[]],[[{"name":"spelling_bed","rect":[0,0,370,273],"offset":[0,0],"originalSize":[370,273],"capInsets":[0,0,0,0]}],[0],0,[0],[0],[5]],[["0,9729,9729,33071,33071,0,0,1",-1],[1],0,[],[],[]],[["0,9729,9729,33071,33071,0,0,1",-1],[1],0,[],[],[]],[[[0,"six",".mp3",0.809796],-1],0,0,[],[],[]]]]