[1,["d8x5YETsRATqQsOgOnIn7H","aeY7XDd2xOarVEtdxmZ4go","302kU3icJC64hsPS3lXKee","bfFGHDF95F/qFFu2aE56ky","6cOQPZgXNFDrqEGRZmfMKl","fdPxojjU5PIJ/QGJG8Gdr2","17Z5sHU61D2ooH3RRB04To","ba4zvVni9BXKLStLRIxv1M","877ooFvOJL/bjy0zXDCsrm","33mrCpE6RJfYhc3yHuA3es","3eGgjSKxdNM7R86ZBfUKqg","77tRy65htH+5w16eYR5GFx"],["_textureSetter"],["cc.SpriteFrame","cc.Texture2D",["cc.JsonAsset",["_name","json"],1],["cc.AudioClip",["_name","_native","duration"],0]],[[3,0,1,2,4],[2,0,1,3]],[[[[1,"sl_en2001",{"rows":[["writeword","1","Description","nest","nest.png","nest.mp3"],["writeword","1","Description","fish","fish.png","fish.mp3"],["writeword","1","Description","lion","lion.png","lion.mp3"],["writeword","1","Description","duck","duck.jpg","duck.mp3"],["writeword","1","Description","book","book.png","book.mp3"],["writeword","1","Description","fire","fire.png","fire.mp3"],["writeword","1","Description","news","news.png","news.mp3"],["writeword","1","Description","farm","farm.png","farm.mp3"],["quizliteracy","1","Description","soundonly_image","nest.png","fish.png","nest.png","sun.png","","","nest.mp3"],["quizliteracy","1","Description","soundonly_word","fish","dish","fish","farm","","","fish.mp3"],["quizliteracy","1","Description","image_word","lion","lion","tiger","bear","lion.png"],["quizliteracy","1","Description","soundonly_image","duck.png","cat.png","duck.png","hen.png","","","duck.mp3"],["quizliteracy","1","Description","image_word","book","book","lion","fire","book.png"]]}]],0,0,[],[],[]],[[[0,"book",".mp3",0.574694],-1],0,0,[],[],[]],[[{"name":"sun","rect":[0,0,500,333],"offset":[0,0],"originalSize":[500,333],"capInsets":[0,0,0,0]}],[0],0,[0],[0],[0]],[["0,9729,9729,33071,33071,0,0,1",-1],[1],0,[],[],[]],[[{"name":"duck","rect":[30,21,420,470],"offset":[0,0],"originalSize":[480,512],"capInsets":[0,0,0,0]}],[0],0,[0],[0],[1]],[[{"name":"fire","rect":[20,0,98,140],"offset":[-1,0],"originalSize":[140,140],"capInsets":[0,0,0,0]}],[0],0,[0],[0],[2]],[["0,9729,9729,33071,33071,0,0,1",-1],[1],0,[],[],[]],[[{"name":"news","rect":[18,28,151,99],"offset":[-3,-1],"originalSize":[193,153],"capInsets":[0,0,0,0]}],[0],0,[0],[0],[3]],[["1,9729,9729,33071,33071,0,0,1",-1],[1],0,[],[],[]],[["0,9729,9729,33071,33071,0,0,1",-1],[1],0,[],[],[]],[[{"name":"hen","rect":[0,0,512,491],"offset":[0,0],"originalSize":[512,491],"capInsets":[0,0,0,0]}],[0],0,[0],[0],[4]],[[{"name":"fish","rect":[16,16,368,258],"offset":[0,0],"originalSize":[400,290],"capInsets":[0,0,0,0]}],[0],0,[0],[0],[5]],[[[0,"lion",".mp3",0.783673],-1],0,0,[],[],[]],[[[0,"farm",".mp3",0.783673],-1],0,0,[],[],[]],[[{"name":"lion","rect":[0,0,512,457],"offset":[0,0],"originalSize":[512,457],"capInsets":[0,0,0,0]}],[0],0,[0],[0],[6]],[["0,9729,9729,33071,33071,0,0,1",-1],[1],0,[],[],[]],[["0,9729,9729,33071,33071,0,0,1",-1],[1],0,[],[],[]],[["0,9729,9729,33071,33071,0,0,1",-1],[1],0,[],[],[]],[[[0,"fish",".mp3",0.940408],-1],0,0,[],[],[]],[[{"name":"nest","rect":[0,0,600,500],"offset":[0,0],"originalSize":[600,500],"capInsets":[0,0,0,0]}],[0],0,[0],[0],[7]],[[[0,"duck",".mp3",0.626939],-1],0,0,[],[],[]],[["0,9729,9729,33071,33071,0,0,1",-1],[1],0,[],[],[]],[[{"name":"cat","rect":[0,0,494,512],"offset":[0,0],"originalSize":[494,512],"capInsets":[0,0,0,0]}],[0],0,[0],[0],[8]],[["0,9729,9729,33071,33071,0,0,1",-1],[1],0,[],[],[]],[[{"name":"duck","rect":[0,0,800,533],"offset":[0,0],"originalSize":[800,533],"capInsets":[0,0,0,0]}],[0],0,[0],[0],[9]],[["0,9729,9729,33071,33071,0,0,1",-1],[1],0,[],[],[]],[["0,9729,9729,33071,33071,0,0,1",-1],[1],0,[],[],[]],[[[0,"nest",".mp3",0.757551],-1],0,0,[],[],[]],[[{"name":"book","rect":[0,0,512,495],"offset":[0,0],"originalSize":[512,495],"capInsets":[0,0,0,0]}],[0],0,[0],[0],[10]],[[[0,"fire",".mp3",0.679184],-1],0,0,[],[],[]],[[[0,"news",".mp3",0.835918],-1],0,0,[],[],[]],[["0,9729,9729,33071,33071,0,0,1",-1],[1],0,[],[],[]],[[{"name":"farm","rect":[0,0,512,321],"offset":[0,0],"originalSize":[512,321],"capInsets":[0,0,0,0]}],[0],0,[0],[0],[11]]]]