[1,["9aTNgpOMJLrbuzTgL4AaNP","8fEEWLYR9AvpoC9gl0kvjq","97yxaQJ2VGPJw9acvQlnpQ","f1UWXt4kFK2IQmPWRHDGl/","74Y7qzTglPIrEurbauXNub","fciBYEyiNGoruR9gXzwxWh","75ZZgiC3BJ8KLez5TXHX58","c7yM2bjdxB/5jOjQUeYvuw","28gH1UsvtFga7f6u0DSdxc","48jk4gb09NPL7SPNhp1rKe","4f8cSededExbYuKIBag4pN","64rCFylktG4qh/zWrb0ppb","5bHUGs76RI0owJUY/GID3u","08oK/EHztNlZ/KzFlXJzd3"],["_textureSetter"],["cc.Texture2D","cc.SpriteFrame",["cc.JsonAsset",["_name","json"],1]],[[2,0,1,3]],[[["0,9729,9729,33071,33071,0,0,1",-1],[0],0,[],[],[]],[[{"name":"house-outline-tutorial","rect":[213,0,564,608],"offset":[-5,2],"originalSize":[1000,612],"capInsets":[0,0,0,0]}],[1],0,[0],[0],[0]],[[{"name":"lamp-outline-tutorial","rect":[78,7,424,605],"offset":[1,-3.5],"originalSize":[578,612],"capInsets":[0,0,0,0]}],[1],0,[0],[0],[1]],[[{"name":"star-outline-tutorial","rect":[164,5,636,604],"offset":[-18,-1],"originalSize":[1000,612],"capInsets":[0,0,0,0]}],[1],0,[0],[0],[2]],[[[0,"lamp-outline-tutorial-json",[[{"x":516,"y":388.5},{"x":516,"y":392.5},{"x":516,"y":396.5},{"x":515,"y":399.5},{"x":514,"y":402.5},{"x":514,"y":406.5},{"x":513,"y":409.5},{"x":512,"y":412.5},{"x":509,"y":415.5},{"x":509,"y":419.5},{"x":508,"y":422.5},{"x":505,"y":424.5},{"x":503,"y":427.5},{"x":501,"y":430.5},{"x":500,"y":433.5},{"x":498,"y":436.5},{"x":496,"y":440.5},{"x":494,"y":444.5},{"x":493,"y":448.5},{"x":492,"y":451.5},{"x":494,"y":448.5},{"x":497,"y":446.5},{"x":500,"y":444.5},{"x":503,"y":443.5},{"x":507,"y":442.5},{"x":511,"y":442.5},{"x":515,"y":439.5},{"x":518,"y":440.5},{"x":522,"y":439.5},{"x":526,"y":438.5},{"x":530,"y":438.5},{"x":535,"y":438.5},{"x":539,"y":438.5},{"x":543,"y":437.5},{"x":547,"y":435.5},{"x":550,"y":436.5},{"x":553,"y":435.5},{"x":557,"y":435.5},{"x":560,"y":433.5},{"x":563,"y":432.5},{"x":566,"y":431.5},{"x":569,"y":429.5},{"x":573,"y":428.5},{"x":575,"y":425.5},{"x":578,"y":424.5},{"x":581,"y":423.5},{"x":584,"y":421.5},{"x":589,"y":421.5},{"x":592,"y":420.5},{"x":594,"y":417.5},{"x":597,"y":416.5},{"x":600,"y":414.5},{"x":602,"y":411.5},{"x":606,"y":411.5},{"x":608,"y":408.5},{"x":610,"y":404.5},{"x":613,"y":401.5},{"x":616,"y":398.5},{"x":620,"y":396.5},{"x":624,"y":394.5},{"x":628,"y":394.5},{"x":631,"y":393.5},{"x":634,"y":391.5},{"x":637,"y":392.5},{"x":640,"y":390.5},{"x":644,"y":391.5},{"x":648,"y":388.5},{"x":651,"y":387.5},{"x":656,"y":384.5},{"x":659,"y":382.5},{"x":662,"y":380.5},{"x":665,"y":379.5},{"x":668,"y":377.5},{"x":672,"y":376.5},{"x":677,"y":374.5},{"x":681,"y":371.5},{"x":684,"y":369.5},{"x":687,"y":368.5},{"x":692,"y":368.5},{"x":695,"y":365.5},{"x":698,"y":362.5},{"x":701,"y":359.5},{"x":709,"y":353.5},{"x":707,"y":356.5},{"x":710,"y":354.5},{"x":714,"y":350.5},{"x":718,"y":349.5},{"x":723,"y":345.5},{"x":726,"y":344.5},{"x":729,"y":343.5},{"x":732,"y":342.5},{"x":733,"y":339.5},{"x":736,"y":340.5},{"x":739,"y":339.5},{"x":742,"y":338.5},{"x":745,"y":337.5},{"x":748,"y":336.5},{"x":751,"y":333.5},{"x":756,"y":331.5},{"x":761,"y":327.5},{"x":764,"y":325.5},{"x":767,"y":322.5},{"x":770,"y":321.5},{"x":776,"y":315.5},{"x":779,"y":312.5},{"x":782,"y":309.5},{"x":782,"y":305.5},{"x":784,"y":300.5},{"x":786,"y":297.5},{"x":787,"y":292.5},{"x":790,"y":289.5},{"x":791,"y":285.5},{"x":792,"y":282.5},{"x":793,"y":279.5},{"x":796,"y":278.5},{"x":795,"y":275.5},{"x":795,"y":271.5},{"x":794,"y":267.5},{"x":791,"y":264.5},{"x":788,"y":261.5},{"x":785,"y":260.5},{"x":784,"y":256.5},{"x":780,"y":254.5},{"x":778,"y":251.5},{"x":775,"y":250.5},{"x":773,"y":246.5},{"x":770,"y":245.5},{"x":769,"y":241.5},{"x":766,"y":239.5},{"x":763,"y":237.5},{"x":762,"y":234.5},{"x":758,"y":233.5},{"x":756,"y":230.5},{"x":755,"y":227.5},{"x":751,"y":225.5},{"x":748,"y":222.5},{"x":745,"y":220.5},{"x":742,"y":219.5},{"x":739,"y":217.5},{"x":732,"y":214.5},{"x":729,"y":212.5},{"x":726,"y":210.5},{"x":723,"y":209.5},{"x":720,"y":208.5},{"x":719,"y":205.5},{"x":716,"y":206.5},{"x":713,"y":205.5},{"x":708,"y":202.5},{"x":703,"y":200.5},{"x":698,"y":197.5},{"x":693,"y":194.5},{"x":690,"y":192.5},{"x":686,"y":190.5},{"x":682,"y":188.5},{"x":679,"y":189.5},{"x":676,"y":188.5},{"x":675,"y":185.5},{"x":671,"y":183.5},{"x":669,"y":180.5},{"x":666,"y":179.5},{"x":663,"y":176.5},{"x":658,"y":176.5},{"x":655,"y":175.5},{"x":653,"y":172.5},{"x":650,"y":171.5},{"x":647,"y":169.5},{"x":646,"y":166.5},{"x":642,"y":163.5},{"x":640,"y":160.5},{"x":639,"y":157.5},{"x":636,"y":155.5},{"x":633,"y":152.5},{"x":630,"y":151.5},{"x":629,"y":148.5},{"x":628,"y":145.5},{"x":623,"y":143.5},{"x":621,"y":140.5},{"x":618,"y":137.5},{"x":615,"y":135.5},{"x":612,"y":134.5},{"x":608,"y":134.5},{"x":607,"y":131.5},{"x":604,"y":132.5},{"x":600,"y":132.5},{"x":596,"y":132.5},{"x":594,"y":135.5},{"x":594,"y":141.5},{"x":595,"y":145.5},{"x":596,"y":148.5},{"x":599,"y":151.5},{"x":599,"y":155.5},{"x":602,"y":157.5},{"x":603,"y":161.5},{"x":606,"y":162.5},{"x":605,"y":165.5},{"x":608,"y":166.5},{"x":608,"y":170.5},{"x":611,"y":171.5},{"x":608,"y":172.5},{"x":603,"y":175.5},{"x":600,"y":176.5},{"x":594,"y":175.5},{"x":591,"y":177.5},{"x":584,"y":176.5},{"x":574,"y":176.5},{"x":569,"y":176.5},{"x":562,"y":176.5},{"x":558,"y":178.5},{"x":553,"y":177.5},{"x":548,"y":179.5},{"x":543,"y":178.5},{"x":540,"y":179.5},{"x":536,"y":179.5},{"x":532,"y":181.5},{"x":527,"y":182.5},{"x":522,"y":183.5},{"x":515,"y":184.5},{"x":511,"y":184.5},{"x":507,"y":185.5},{"x":503,"y":188.5},{"x":499,"y":188.5},{"x":496,"y":191.5},{"x":493,"y":193.5},{"x":490,"y":194.5},{"x":487,"y":195.5},{"x":484,"y":196.5},{"x":480,"y":196.5},{"x":477,"y":198.5},{"x":472,"y":201.5},{"x":468,"y":203.5},{"x":464,"y":204.5},{"x":461,"y":208.5},{"x":458,"y":209.5},{"x":455,"y":211.5},{"x":452,"y":212.5},{"x":449,"y":213.5},{"x":446,"y":214.5},{"x":443,"y":217.5},{"x":440,"y":218.5},{"x":436,"y":220.5},{"x":432,"y":221.5},{"x":427,"y":223.5},{"x":424,"y":225.5},{"x":420,"y":227.5},{"x":417,"y":228.5},{"x":414,"y":229.5},{"x":411,"y":230.5},{"x":407,"y":230.5},{"x":404,"y":231.5},{"x":400,"y":231.5},{"x":396,"y":231.5},{"x":392,"y":232.5},{"x":386,"y":232.5},{"x":381,"y":232.5},{"x":377,"y":232.5},{"x":373,"y":232.5},{"x":369,"y":232.5},{"x":366,"y":231.5},{"x":362,"y":230.5},{"x":359,"y":229.5},{"x":358,"y":226.5},{"x":355,"y":221.5},{"x":351,"y":220.5},{"x":350,"y":217.5},{"x":346,"y":215.5},{"x":344,"y":212.5},{"x":341,"y":210.5},{"x":340,"y":207.5},{"x":338,"y":203.5},{"x":335,"y":201.5},{"x":334,"y":198.5},{"x":332,"y":195.5},{"x":329,"y":194.5},{"x":326,"y":191.5},{"x":323,"y":189.5},{"x":322,"y":186.5},{"x":319,"y":185.5},{"x":316,"y":180.5},{"x":313,"y":178.5},{"x":310,"y":175.5},{"x":308,"y":170.5},{"x":305,"y":167.5},{"x":305,"y":163.5},{"x":303,"y":160.5},{"x":301,"y":157.5},{"x":300,"y":154.5},{"x":298,"y":150.5},{"x":296,"y":146.5},{"x":295,"y":143.5},{"x":292,"y":140.5},{"x":290,"y":137.5},{"x":288,"y":134.5},{"x":287,"y":131.5},{"x":284,"y":129.5},{"x":283,"y":126.5},{"x":280,"y":124.5},{"x":279,"y":121.5},{"x":278,"y":124.5},{"x":278,"y":128.5},{"x":276,"y":131.5},{"x":277,"y":135.5},{"x":277,"y":139.5},{"x":277,"y":145.5},{"x":277,"y":149.5},{"x":277,"y":153.5},{"x":277,"y":157.5},{"x":279,"y":163.5},{"x":279,"y":167.5},{"x":279,"y":172.5},{"x":277,"y":175.5},{"x":278,"y":178.5},{"x":277,"y":183.5},{"x":275,"y":191.5},{"x":276,"y":195.5},{"x":274,"y":204.5},{"x":275,"y":207.5},{"x":275,"y":211.5},{"x":275,"y":215.5},{"x":275,"y":219.5},{"x":275,"y":223.5},{"x":275,"y":229.5},{"x":275,"y":233.5},{"x":275,"y":238.5},{"x":273,"y":242.5},{"x":274,"y":245.5},{"x":272,"y":249.5},{"x":271,"y":254.5},{"x":272,"y":257.5},{"x":272,"y":261.5},{"x":272,"y":265.5},{"x":270,"y":268.5},{"x":271,"y":271.5},{"x":271,"y":275.5},{"x":269,"y":280.5},{"x":269,"y":284.5},{"x":266,"y":288.5},{"x":265,"y":292.5},{"x":265,"y":296.5},{"x":262,"y":298.5},{"x":263,"y":301.5},{"x":260,"y":303.5},{"x":261,"y":306.5},{"x":258,"y":310.5},{"x":258,"y":314.5},{"x":257,"y":317.5},{"x":255,"y":320.5},{"x":253,"y":323.5},{"x":253,"y":327.5},{"x":251,"y":330.5},{"x":250,"y":334.5},{"x":249,"y":339.5},{"x":245,"y":341.5},{"x":246,"y":344.5},{"x":243,"y":345.5},{"x":242,"y":348.5},{"x":240,"y":351.5},{"x":238,"y":355.5},{"x":236,"y":359.5},{"x":234,"y":363.5},{"x":234,"y":367.5},{"x":233,"y":364.5},{"x":235,"y":361.5},{"x":236,"y":358.5},{"x":238,"y":355.5},{"x":241,"y":354.5},{"x":239,"y":351.5},{"x":242,"y":350.5},{"x":243,"y":347.5},{"x":245,"y":344.5},{"x":248,"y":341.5},{"x":251,"y":340.5},{"x":254,"y":338.5},{"x":256,"y":335.5},{"x":259,"y":333.5},{"x":262,"y":331.5},{"x":265,"y":328.5},{"x":268,"y":327.5},{"x":271,"y":324.5},{"x":274,"y":323.5},{"x":277,"y":320.5},{"x":281,"y":318.5},{"x":285,"y":317.5},{"x":288,"y":316.5},{"x":291,"y":313.5},{"x":295,"y":311.5},{"x":299,"y":309.5},{"x":302,"y":307.5},{"x":304,"y":303.5},{"x":307,"y":300.5},{"x":310,"y":297.5},{"x":313,"y":295.5},{"x":317,"y":292.5},{"x":321,"y":290.5},{"x":324,"y":289.5},{"x":325,"y":286.5},{"x":328,"y":287.5},{"x":330,"y":284.5},{"x":333,"y":282.5},{"x":336,"y":283.5},{"x":337,"y":280.5},{"x":342,"y":277.5},{"x":345,"y":278.5},{"x":345,"y":274.5},{"x":348,"y":276.5},{"x":351,"y":273.5},{"x":355,"y":273.5},{"x":358,"y":272.5},{"x":363,"y":270.5},{"x":366,"y":271.5},{"x":371,"y":271.5},{"x":375,"y":271.5},{"x":379,"y":273.5},{"x":382,"y":272.5},{"x":385,"y":273.5},{"x":388,"y":274.5},{"x":391,"y":275.5},{"x":394,"y":276.5},{"x":396,"y":279.5},{"x":400,"y":279.5},{"x":401,"y":282.5},{"x":404,"y":283.5},{"x":408,"y":285.5},{"x":411,"y":287.5},{"x":416,"y":289.5},{"x":419,"y":292.5},{"x":424,"y":293.5},{"x":423,"y":296.5},{"x":426,"y":298.5},{"x":429,"y":299.5},{"x":431,"y":302.5},{"x":435,"y":306.5},{"x":438,"y":307.5},{"x":441,"y":311.5},{"x":446,"y":313.5},{"x":447,"y":317.5},{"x":450,"y":319.5},{"x":453,"y":322.5},{"x":456,"y":325.5},{"x":457,"y":328.5},{"x":460,"y":330.5},{"x":462,"y":333.5},{"x":465,"y":335.5},{"x":468,"y":338.5},{"x":471,"y":341.5},{"x":476,"y":344.5},{"x":478,"y":347.5},{"x":481,"y":350.5},{"x":483,"y":353.5},{"x":486,"y":356.5},{"x":489,"y":357.5},{"x":490,"y":360.5},{"x":493,"y":361.5},{"x":494,"y":364.5},{"x":498,"y":366.5},{"x":501,"y":368.5},{"x":504,"y":369.5},{"x":506,"y":372.5},{"x":509,"y":375.5},{"x":512,"y":378.5},{"x":515,"y":379.5},{"x":515,"y":379.5}]]]],0,0,[],[],[]],[["0,9729,9729,33071,33071,0,0,1",-1],[0],0,[],[],[]],[[{"name":"star-outline","rect":[189,29,586,560],"offset":[-18,-3],"originalSize":[1000,612],"capInsets":[0,0,0,0]}],[1],0,[0],[0],[3]],[[[0,"rectangle-outline-tutorial-json",[[{"x":430,"y":455.5},{"x":434,"y":455.5},{"x":438,"y":455.5},{"x":444,"y":455.5},{"x":448,"y":455.5},{"x":454,"y":455.5},{"x":459,"y":453.5},{"x":463,"y":452.5},{"x":466,"y":453.5},{"x":470,"y":453.5},{"x":474,"y":454.5},{"x":478,"y":455.5},{"x":482,"y":456.5},{"x":488,"y":456.5},{"x":494,"y":456.5},{"x":499,"y":456.5},{"x":503,"y":456.5},{"x":507,"y":456.5},{"x":512,"y":456.5},{"x":520,"y":456.5},{"x":526,"y":456.5},{"x":531,"y":456.5},{"x":536,"y":456.5},{"x":542,"y":456.5},{"x":547,"y":458.5},{"x":551,"y":457.5},{"x":555,"y":457.5},{"x":560,"y":457.5},{"x":565,"y":457.5},{"x":571,"y":457.5},{"x":575,"y":457.5},{"x":580,"y":457.5},{"x":584,"y":458.5},{"x":588,"y":458.5},{"x":593,"y":457.5},{"x":597,"y":457.5},{"x":601,"y":457.5},{"x":605,"y":457.5},{"x":608,"y":456.5},{"x":608,"y":449.5},{"x":608,"y":444.5},{"x":608,"y":440.5},{"x":608,"y":436.5},{"x":606,"y":431.5},{"x":607,"y":426.5},{"x":607,"y":421.5},{"x":607,"y":415.5},{"x":607,"y":411.5},{"x":607,"y":405.5},{"x":607,"y":401.5},{"x":607,"y":397.5},{"x":607,"y":392.5},{"x":607,"y":388.5},{"x":607,"y":383.5},{"x":608,"y":380.5},{"x":608,"y":373.5},{"x":608,"y":368.5},{"x":608,"y":364.5},{"x":608,"y":360.5},{"x":608,"y":356.5},{"x":608,"y":351.5},{"x":608,"y":346.5},{"x":606,"y":342.5},{"x":607,"y":334.5},{"x":607,"y":330.5},{"x":607,"y":325.5},{"x":607,"y":317.5},{"x":607,"y":306.5},{"x":607,"y":302.5},{"x":607,"y":295.5},{"x":607,"y":290.5},{"x":607,"y":286.5},{"x":607,"y":281.5},{"x":607,"y":269.5},{"x":607,"y":265.5},{"x":607,"y":258.5},{"x":607,"y":253.5},{"x":607,"y":248.5},{"x":607,"y":244.5},{"x":607,"y":237.5},{"x":607,"y":231.5},{"x":607,"y":225.5},{"x":606,"y":219.5},{"x":606,"y":212.5},{"x":608,"y":201.5},{"x":607,"y":197.5},{"x":607,"y":192.5},{"x":607,"y":185.5},{"x":607,"y":177.5},{"x":607,"y":173.5},{"x":607,"y":169.5},{"x":607,"y":164.5},{"x":607,"y":156.5},{"x":607,"y":151.5},{"x":607,"y":147.5},{"x":607,"y":141.5},{"x":607,"y":130.5},{"x":607,"y":126.5},{"x":607,"y":122.5},{"x":607,"y":115.5},{"x":607,"y":110.5},{"x":607,"y":104.5},{"x":607,"y":99.5},{"x":607,"y":93.5},{"x":607,"y":89.5},{"x":607,"y":84.5},{"x":607,"y":80.5},{"x":607,"y":74.5},{"x":607,"y":69.5},{"x":608,"y":66.5},{"x":608,"y":62.5},{"x":604,"y":62.5},{"x":601,"y":64.5},{"x":595,"y":65.5},{"x":592,"y":64.5},{"x":586,"y":66.5},{"x":583,"y":65.5},{"x":576,"y":65.5},{"x":570,"y":65.5},{"x":565,"y":65.5},{"x":561,"y":65.5},{"x":558,"y":64.5},{"x":555,"y":63.5},{"x":550,"y":63.5},{"x":546,"y":63.5},{"x":542,"y":63.5},{"x":538,"y":63.5},{"x":533,"y":63.5},{"x":530,"y":61.5},{"x":527,"y":60.5},{"x":519,"y":60.5},{"x":515,"y":60.5},{"x":507,"y":60.5},{"x":504,"y":58.5},{"x":500,"y":59.5},{"x":497,"y":57.5},{"x":493,"y":58.5},{"x":489,"y":58.5},{"x":485,"y":58.5},{"x":477,"y":58.5},{"x":473,"y":58.5},{"x":469,"y":58.5},{"x":466,"y":57.5},{"x":462,"y":57.5},{"x":458,"y":57.5},{"x":452,"y":57.5},{"x":448,"y":57.5},{"x":444,"y":57.5},{"x":439,"y":55.5},{"x":436,"y":56.5},{"x":432,"y":56.5},{"x":428,"y":56.5},{"x":426,"y":61.5},{"x":426,"y":65.5},{"x":428,"y":68.5},{"x":429,"y":73.5},{"x":428,"y":80.5},{"x":428,"y":84.5},{"x":428,"y":90.5},{"x":428,"y":98.5},{"x":428,"y":103.5},{"x":427,"y":108.5},{"x":427,"y":112.5},{"x":427,"y":118.5},{"x":427,"y":122.5},{"x":427,"y":126.5},{"x":427,"y":132.5},{"x":427,"y":143.5},{"x":427,"y":147.5},{"x":425,"y":152.5},{"x":425,"y":158.5},{"x":427,"y":161.5},{"x":426,"y":164.5},{"x":426,"y":170.5},{"x":426,"y":176.5},{"x":426,"y":180.5},{"x":426,"y":185.5},{"x":426,"y":190.5},{"x":428,"y":198.5},{"x":427,"y":204.5},{"x":427,"y":208.5},{"x":427,"y":216.5},{"x":427,"y":221.5},{"x":427,"y":225.5},{"x":426,"y":231.5},{"x":428,"y":238.5},{"x":427,"y":244.5},{"x":427,"y":249.5},{"x":427,"y":253.5},{"x":427,"y":259.5},{"x":429,"y":267.5},{"x":428,"y":271.5},{"x":428,"y":275.5},{"x":427,"y":281.5},{"x":427,"y":287.5},{"x":427,"y":291.5},{"x":427,"y":298.5},{"x":427,"y":303.5},{"x":427,"y":312.5},{"x":427,"y":308.5},{"x":427,"y":315.5},{"x":427,"y":319.5},{"x":427,"y":324.5},{"x":427,"y":328.5},{"x":427,"y":332.5},{"x":426,"y":340.5},{"x":426,"y":349.5},{"x":425,"y":357.5},{"x":425,"y":364.5},{"x":427,"y":369.5},{"x":426,"y":374.5},{"x":424,"y":378.5},{"x":425,"y":384.5},{"x":425,"y":389.5},{"x":425,"y":393.5},{"x":425,"y":397.5},{"x":425,"y":403.5},{"x":425,"y":409.5},{"x":426,"y":413.5},{"x":426,"y":419.5},{"x":426,"y":424.5},{"x":424,"y":427.5},{"x":425,"y":432.5},{"x":427,"y":438.5},{"x":428,"y":445.5},{"x":427,"y":442.5},{"x":427,"y":446.5},{"x":425,"y":449.5},{"x":425,"y":453.5},{"x":425,"y":457.5},{"x":425,"y":456.5}]]]],0,0,[],[],[]],[[{"name":"moon-outline","rect":[18,106,964,482],"offset":[0,-41],"originalSize":[1000,612],"capInsets":[0,0,0,0]}],[1],0,[0],[0],[4]],[["0,9729,9729,33071,33071,0,0,1",-1],[0],0,[],[],[]],[["0,9729,9729,33071,33071,0,0,1",-1],[0],0,[],[],[]],[[{"name":"rectangle-outline-tutorial","rect":[381,74,253,538],"offset":[7.5,-37],"originalSize":[1000,612],"capInsets":[0,0,0,0]}],[1],0,[0],[0],[5]],[["0,9729,9729,33071,33071,0,0,1",-1],[0],0,[],[],[]],[[{"name":"lamp-outline","rect":[276,14,425,586],"offset":[-11.5,-1],"originalSize":[1000,612],"capInsets":[0,0,0,0]}],[1],0,[0],[0],[6]],[[[0,"trophy-outline-tutorial-json",[[{"x":394.5,"y":483.5},{"x":394.5,"y":487.5},{"x":394.5,"y":491.5},{"x":397.5,"y":494.5},{"x":398.5,"y":497.5},{"x":401.5,"y":498.5},{"x":403.5,"y":501.5},{"x":407.5,"y":503.5},{"x":411.5,"y":503.5},{"x":414.5,"y":504.5},{"x":417.5,"y":506.5},{"x":420.5,"y":505.5},{"x":424.5,"y":505.5},{"x":428.5,"y":505.5},{"x":432.5,"y":505.5},{"x":435.5,"y":506.5},{"x":439.5,"y":506.5},{"x":445.5,"y":506.5},{"x":449.5,"y":507.5},{"x":454.5,"y":507.5},{"x":457.5,"y":508.5},{"x":461.5,"y":508.5},{"x":465.5,"y":510.5},{"x":468.5,"y":509.5},{"x":471.5,"y":511.5},{"x":474.5,"y":510.5},{"x":477.5,"y":511.5},{"x":481.5,"y":511.5},{"x":485.5,"y":511.5},{"x":489.5,"y":511.5},{"x":493.5,"y":511.5},{"x":498.5,"y":511.5},{"x":503.5,"y":511.5},{"x":507.5,"y":511.5},{"x":511.5,"y":511.5},{"x":515.5,"y":511.5},{"x":519.5,"y":511.5},{"x":523.5,"y":511.5},{"x":527.5,"y":511.5},{"x":531.5,"y":511.5},{"x":535.5,"y":511.5},{"x":539.5,"y":511.5},{"x":543.5,"y":511.5},{"x":547.5,"y":511.5},{"x":552.5,"y":511.5},{"x":557.5,"y":511.5},{"x":562.5,"y":511.5},{"x":568.5,"y":511.5},{"x":572.5,"y":511.5},{"x":576.5,"y":511.5},{"x":581.5,"y":511.5},{"x":585.5,"y":511.5},{"x":589.5,"y":511.5},{"x":593.5,"y":511.5},{"x":597.5,"y":511.5},{"x":601.5,"y":511.5},{"x":605.5,"y":511.5},{"x":609.5,"y":511.5},{"x":612.5,"y":509.5},{"x":616.5,"y":509.5},{"x":619.5,"y":508.5},{"x":620.5,"y":505.5},{"x":623.5,"y":503.5},{"x":625.5,"y":499.5},{"x":627.5,"y":495.5},{"x":626.5,"y":492.5},{"x":627.5,"y":489.5},{"x":627.5,"y":485.5},{"x":630.5,"y":483.5},{"x":634.5,"y":484.5},{"x":638.5,"y":482.5},{"x":642.5,"y":483.5},{"x":645.5,"y":482.5},{"x":649.5,"y":482.5},{"x":653.5,"y":482.5},{"x":657.5,"y":482.5},{"x":662.5,"y":482.5},{"x":667.5,"y":482.5},{"x":672.5,"y":482.5},{"x":676.5,"y":482.5},{"x":683.5,"y":482.5},{"x":686.5,"y":480.5},{"x":690.5,"y":481.5},{"x":693.5,"y":479.5},{"x":696.5,"y":480.5},{"x":700.5,"y":480.5},{"x":704.5,"y":480.5},{"x":708.5,"y":480.5},{"x":712.5,"y":480.5},{"x":715.5,"y":479.5},{"x":718.5,"y":478.5},{"x":722.5,"y":478.5},{"x":726.5,"y":478.5},{"x":729.5,"y":477.5},{"x":730.5,"y":474.5},{"x":733.5,"y":475.5},{"x":733.5,"y":471.5},{"x":734.5,"y":468.5},{"x":736.5,"y":465.5},{"x":735.5,"y":460.5},{"x":735.5,"y":456.5},{"x":735.5,"y":451.5},{"x":735.5,"y":446.5},{"x":735.5,"y":440.5},{"x":733.5,"y":437.5},{"x":731.5,"y":433.5},{"x":729.5,"y":429.5},{"x":728.5,"y":426.5},{"x":726.5,"y":421.5},{"x":724.5,"y":416.5},{"x":722.5,"y":413.5},{"x":723.5,"y":410.5},{"x":722.5,"y":407.5},{"x":721.5,"y":403.5},{"x":719.5,"y":400.5},{"x":720.5,"y":396.5},{"x":718.5,"y":393.5},{"x":719.5,"y":389.5},{"x":718.5,"y":386.5},{"x":716.5,"y":383.5},{"x":715.5,"y":380.5},{"x":712.5,"y":376.5},{"x":709.5,"y":371.5},{"x":709.5,"y":367.5},{"x":707.5,"y":364.5},{"x":706.5,"y":361.5},{"x":705.5,"y":358.5},{"x":703.5,"y":354.5},{"x":700.5,"y":349.5},{"x":698.5,"y":346.5},{"x":695.5,"y":343.5},{"x":694.5,"y":339.5},{"x":691.5,"y":336.5},{"x":690.5,"y":333.5},{"x":687.5,"y":332.5},{"x":687.5,"y":328.5},{"x":684.5,"y":324.5},{"x":682.5,"y":321.5},{"x":680.5,"y":318.5},{"x":677.5,"y":315.5},{"x":675.5,"y":312.5},{"x":672.5,"y":310.5},{"x":669.5,"y":307.5},{"x":666.5,"y":306.5},{"x":664.5,"y":303.5},{"x":661.5,"y":301.5},{"x":658.5,"y":300.5},{"x":657.5,"y":297.5},{"x":654.5,"y":295.5},{"x":651.5,"y":294.5},{"x":648.5,"y":291.5},{"x":645.5,"y":292.5},{"x":642.5,"y":291.5},{"x":640.5,"y":288.5},{"x":635.5,"y":288.5},{"x":632.5,"y":285.5},{"x":630.5,"y":282.5},{"x":627.5,"y":279.5},{"x":624.5,"y":278.5},{"x":622.5,"y":275.5},{"x":619.5,"y":273.5},{"x":615.5,"y":271.5},{"x":611.5,"y":271.5},{"x":608.5,"y":268.5},{"x":604.5,"y":266.5},{"x":601.5,"y":265.5},{"x":600.5,"y":262.5},{"x":598.5,"y":259.5},{"x":595.5,"y":258.5},{"x":592.5,"y":255.5},{"x":589.5,"y":254.5},{"x":588.5,"y":251.5},{"x":585.5,"y":250.5},{"x":584.5,"y":247.5},{"x":581.5,"y":246.5},{"x":578.5,"y":243.5},{"x":575.5,"y":242.5},{"x":574.5,"y":239.5},{"x":571.5,"y":238.5},{"x":567.5,"y":238.5},{"x":564.5,"y":237.5},{"x":561.5,"y":235.5},{"x":558.5,"y":234.5},{"x":555.5,"y":233.5},{"x":555.5,"y":229.5},{"x":555.5,"y":224.5},{"x":555.5,"y":220.5},{"x":555.5,"y":216.5},{"x":555.5,"y":212.5},{"x":555.5,"y":208.5},{"x":555.5,"y":204.5},{"x":555.5,"y":200.5},{"x":556.5,"y":197.5},{"x":559.5,"y":194.5},{"x":560.5,"y":191.5},{"x":562.5,"y":187.5},{"x":563.5,"y":183.5},{"x":566.5,"y":180.5},{"x":567.5,"y":177.5},{"x":570.5,"y":173.5},{"x":572.5,"y":170.5},{"x":575.5,"y":169.5},{"x":578.5,"y":166.5},{"x":581.5,"y":165.5},{"x":584.5,"y":161.5},{"x":587.5,"y":160.5},{"x":590.5,"y":157.5},{"x":593.5,"y":156.5},{"x":597.5,"y":154.5},{"x":600.5,"y":153.5},{"x":604.5,"y":153.5},{"x":607.5,"y":150.5},{"x":611.5,"y":150.5},{"x":614.5,"y":147.5},{"x":618.5,"y":147.5},{"x":621.5,"y":146.5},{"x":624.5,"y":142.5},{"x":626.5,"y":139.5},{"x":626.5,"y":135.5},{"x":627.5,"y":132.5},{"x":628.5,"y":129.5},{"x":628.5,"y":125.5},{"x":628.5,"y":120.5},{"x":628.5,"y":115.5},{"x":627.5,"y":110.5},{"x":626.5,"y":107.5},{"x":626.5,"y":103.5},{"x":626.5,"y":99.5},{"x":625.5,"y":96.5},{"x":625.5,"y":91.5},{"x":623.5,"y":88.5},{"x":624.5,"y":85.5},{"x":624.5,"y":81.5},{"x":624.5,"y":77.5},{"x":623.5,"y":74.5},{"x":621.5,"y":71.5},{"x":621.5,"y":67.5},{"x":618.5,"y":65.5},{"x":616.5,"y":61.5},{"x":613.5,"y":60.5},{"x":610.5,"y":59.5},{"x":606.5,"y":58.5},{"x":601.5,"y":57.5},{"x":597.5,"y":57.5},{"x":593.5,"y":57.5},{"x":589.5,"y":57.5},{"x":585.5,"y":57.5},{"x":580.5,"y":57.5},{"x":576.5,"y":57.5},{"x":571.5,"y":57.5},{"x":565.5,"y":57.5},{"x":556.5,"y":57.5},{"x":550.5,"y":58.5},{"x":543.5,"y":58.5},{"x":539.5,"y":58.5},{"x":535.5,"y":58.5},{"x":531.5,"y":58.5},{"x":528.5,"y":59.5},{"x":520.5,"y":59.5},{"x":513.5,"y":59.5},{"x":495.5,"y":59.5},{"x":500.5,"y":59.5},{"x":496.5,"y":59.5},{"x":492.5,"y":59.5},{"x":489.5,"y":60.5},{"x":486.5,"y":59.5},{"x":481.5,"y":59.5},{"x":477.5,"y":59.5},{"x":473.5,"y":59.5},{"x":469.5,"y":59.5},{"x":465.5,"y":59.5},{"x":460.5,"y":60.5},{"x":455.5,"y":60.5},{"x":451.5,"y":60.5},{"x":447.5,"y":60.5},{"x":442.5,"y":60.5},{"x":438.5,"y":60.5},{"x":434.5,"y":60.5},{"x":430.5,"y":60.5},{"x":426.5,"y":60.5},{"x":422.5,"y":60.5},{"x":418.5,"y":60.5},{"x":414.5,"y":60.5},{"x":410.5,"y":60.5},{"x":406.5,"y":60.5},{"x":405.5,"y":63.5},{"x":402.5,"y":62.5},{"x":401.5,"y":65.5},{"x":398.5,"y":67.5},{"x":399.5,"y":70.5},{"x":398.5,"y":74.5},{"x":398.5,"y":78.5},{"x":398.5,"y":82.5},{"x":397.5,"y":87.5},{"x":395.5,"y":90.5},{"x":396.5,"y":95.5},{"x":396.5,"y":99.5},{"x":396.5,"y":103.5},{"x":394.5,"y":106.5},{"x":395.5,"y":110.5},{"x":395.5,"y":114.5},{"x":394.5,"y":117.5},{"x":394.5,"y":121.5},{"x":394.5,"y":125.5},{"x":394.5,"y":129.5},{"x":394.5,"y":133.5},{"x":395.5,"y":137.5},{"x":398.5,"y":139.5},{"x":399.5,"y":142.5},{"x":402.5,"y":141.5},{"x":406.5,"y":141.5},{"x":409.5,"y":143.5},{"x":412.5,"y":145.5},{"x":415.5,"y":147.5},{"x":418.5,"y":148.5},{"x":420.5,"y":151.5},{"x":423.5,"y":152.5},{"x":424.5,"y":155.5},{"x":427.5,"y":157.5},{"x":430.5,"y":160.5},{"x":434.5,"y":164.5},{"x":437.5,"y":166.5},{"x":438.5,"y":171.5},{"x":441.5,"y":172.5},{"x":442.5,"y":175.5},{"x":445.5,"y":177.5},{"x":446.5,"y":180.5},{"x":450.5,"y":181.5},{"x":452.5,"y":184.5},{"x":455.5,"y":185.5},{"x":456.5,"y":188.5},{"x":458.5,"y":192.5},{"x":460.5,"y":196.5},{"x":462.5,"y":200.5},{"x":461.5,"y":203.5},{"x":464.5,"y":205.5},{"x":461.5,"y":204.5},{"x":462.5,"y":207.5},{"x":464.5,"y":210.5},{"x":463.5,"y":214.5},{"x":464.5,"y":217.5},{"x":464.5,"y":221.5},{"x":464.5,"y":225.5},{"x":464.5,"y":229.5},{"x":464.5,"y":233.5},{"x":461.5,"y":234.5},{"x":458.5,"y":237.5},{"x":455.5,"y":239.5},{"x":451.5,"y":239.5},{"x":449.5,"y":242.5},{"x":446.5,"y":241.5},{"x":444.5,"y":246.5},{"x":441.5,"y":250.5},{"x":438.5,"y":251.5},{"x":435.5,"y":254.5},{"x":432.5,"y":255.5},{"x":430.5,"y":258.5},{"x":429.5,"y":261.5},{"x":425.5,"y":262.5},{"x":426.5,"y":265.5},{"x":422.5,"y":266.5},{"x":417.5,"y":267.5},{"x":412.5,"y":268.5},{"x":409.5,"y":269.5},{"x":404.5,"y":272.5},{"x":401.5,"y":273.5},{"x":398.5,"y":274.5},{"x":392.5,"y":276.5},{"x":387.5,"y":278.5},{"x":383.5,"y":281.5},{"x":378.5,"y":282.5},{"x":375.5,"y":284.5},{"x":371.5,"y":284.5},{"x":369.5,"y":288.5},{"x":362.5,"y":290.5},{"x":354.5,"y":296.5},{"x":349.5,"y":300.5},{"x":346.5,"y":304.5},{"x":343.5,"y":307.5},{"x":340.5,"y":310.5},{"x":337.5,"y":315.5},{"x":329.5,"y":320.5},{"x":327.5,"y":325.5},{"x":324.5,"y":326.5},{"x":322.5,"y":330.5},{"x":321.5,"y":333.5},{"x":318.5,"y":336.5},{"x":319.5,"y":339.5},{"x":318.5,"y":343.5},{"x":312.5,"y":355.5},{"x":309.5,"y":362.5},{"x":306.5,"y":370.5},{"x":304.5,"y":373.5},{"x":303.5,"y":376.5},{"x":299.5,"y":376.5},{"x":300.5,"y":379.5},{"x":300.5,"y":383.5},{"x":298.5,"y":386.5},{"x":299.5,"y":390.5},{"x":298.5,"y":393.5},{"x":296.5,"y":398.5},{"x":297.5,"y":402.5},{"x":296.5,"y":406.5},{"x":296.5,"y":410.5},{"x":294.5,"y":413.5},{"x":295.5,"y":416.5},{"x":292.5,"y":419.5},{"x":293.5,"y":422.5},{"x":292.5,"y":427.5},{"x":291.5,"y":432.5},{"x":289.5,"y":436.5},{"x":290.5,"y":440.5},{"x":290.5,"y":444.5},{"x":288.5,"y":447.5},{"x":289.5,"y":450.5},{"x":287.5,"y":454.5},{"x":288.5,"y":459.5},{"x":288.5,"y":463.5},{"x":288.5,"y":467.5},{"x":288.5,"y":471.5},{"x":288.5,"y":475.5},{"x":289.5,"y":478.5},{"x":292.5,"y":479.5},{"x":293.5,"y":482.5},{"x":296.5,"y":481.5},{"x":299.5,"y":482.5},{"x":303.5,"y":482.5},{"x":307.5,"y":482.5},{"x":311.5,"y":482.5},{"x":315.5,"y":482.5},{"x":321.5,"y":482.5},{"x":325.5,"y":482.5},{"x":330.5,"y":481.5},{"x":335.5,"y":481.5},{"x":339.5,"y":481.5},{"x":345.5,"y":481.5},{"x":351.5,"y":481.5},{"x":356.5,"y":480.5},{"x":361.5,"y":480.5},{"x":365.5,"y":480.5},{"x":369.5,"y":480.5},{"x":372.5,"y":481.5},{"x":375.5,"y":482.5},{"x":380.5,"y":482.5},{"x":384.5,"y":482.5},{"x":388.5,"y":482.5},{"x":392.5,"y":482.5},{"x":395.5,"y":483.5},{"x":395.5,"y":483.5}]]]],0,0,[],[],[]],[[{"name":"moon-outline-tutorial","rect":[8,85,984,513],"offset":[0,-35.5],"originalSize":[1000,612],"capInsets":[0,0,0,0]}],[1],0,[0],[0],[7]],[["0,9729,9729,33071,33071,0,0,1",-1],[0],0,[],[],[]],[[{"name":"watermelon-outline","rect":[226,31,571,570],"offset":[11.5,-10],"originalSize":[1000,612],"capInsets":[0,0,0,0]}],[1],0,[0],[0],[8]],[[[0,"moon-outline-tutorial-json",[[{"x":146,"y":443.5},{"x":148,"y":440.5},{"x":150,"y":437.5},{"x":153,"y":435.5},{"x":154,"y":432.5},{"x":157,"y":431.5},{"x":160,"y":430.5},{"x":161,"y":427.5},{"x":166,"y":424.5},{"x":169,"y":422.5},{"x":174,"y":420.5},{"x":178,"y":417.5},{"x":182,"y":416.5},{"x":188,"y":414.5},{"x":191,"y":411.5},{"x":194,"y":409.5},{"x":199,"y":408.5},{"x":200,"y":405.5},{"x":205,"y":404.5},{"x":210,"y":401.5},{"x":213,"y":400.5},{"x":214,"y":396.5},{"x":218,"y":393.5},{"x":220,"y":389.5},{"x":223,"y":388.5},{"x":226,"y":387.5},{"x":229,"y":384.5},{"x":232,"y":382.5},{"x":235,"y":381.5},{"x":241,"y":377.5},{"x":244,"y":376.5},{"x":248,"y":375.5},{"x":252,"y":373.5},{"x":256,"y":371.5},{"x":263,"y":368.5},{"x":266,"y":366.5},{"x":269,"y":365.5},{"x":274,"y":363.5},{"x":279,"y":360.5},{"x":281,"y":357.5},{"x":284,"y":356.5},{"x":289,"y":353.5},{"x":292,"y":351.5},{"x":297,"y":347.5},{"x":300,"y":344.5},{"x":304,"y":344.5},{"x":308,"y":341.5},{"x":311,"y":340.5},{"x":315,"y":338.5},{"x":322,"y":335.5},{"x":326,"y":332.5},{"x":329,"y":333.5},{"x":331,"y":329.5},{"x":335,"y":330.5},{"x":339,"y":328.5},{"x":343,"y":326.5},{"x":346,"y":323.5},{"x":349,"y":322.5},{"x":355,"y":322.5},{"x":359,"y":322.5},{"x":366,"y":319.5},{"x":371,"y":318.5},{"x":375,"y":318.5},{"x":380,"y":318.5},{"x":385,"y":318.5},{"x":394,"y":315.5},{"x":397,"y":314.5},{"x":401,"y":314.5},{"x":406,"y":314.5},{"x":412,"y":312.5},{"x":416,"y":311.5},{"x":419,"y":312.5},{"x":422,"y":311.5},{"x":430,"y":309.5},{"x":433,"y":310.5},{"x":438,"y":308.5},{"x":443,"y":308.5},{"x":446,"y":307.5},{"x":450,"y":305.5},{"x":453,"y":306.5},{"x":456,"y":305.5},{"x":460,"y":305.5},{"x":464,"y":303.5},{"x":469,"y":304.5},{"x":475,"y":304.5},{"x":479,"y":304.5},{"x":485,"y":303.5},{"x":489,"y":302.5},{"x":495,"y":302.5},{"x":500,"y":302.5},{"x":504,"y":302.5},{"x":508,"y":302.5},{"x":512,"y":302.5},{"x":519,"y":302.5},{"x":524,"y":302.5},{"x":528,"y":302.5},{"x":533,"y":302.5},{"x":539,"y":302.5},{"x":544,"y":300.5},{"x":550,"y":299.5},{"x":553,"y":300.5},{"x":557,"y":300.5},{"x":561,"y":300.5},{"x":568,"y":300.5},{"x":572,"y":300.5},{"x":578,"y":302.5},{"x":583,"y":301.5},{"x":587,"y":305.5},{"x":592,"y":305.5},{"x":599,"y":305.5},{"x":602,"y":306.5},{"x":606,"y":307.5},{"x":612,"y":309.5},{"x":616,"y":312.5},{"x":622,"y":314.5},{"x":627,"y":316.5},{"x":634,"y":319.5},{"x":638,"y":319.5},{"x":643,"y":323.5},{"x":648,"y":322.5},{"x":652,"y":322.5},{"x":657,"y":323.5},{"x":663,"y":323.5},{"x":666,"y":325.5},{"x":669,"y":326.5},{"x":673,"y":327.5},{"x":676,"y":330.5},{"x":681,"y":331.5},{"x":686,"y":335.5},{"x":694,"y":335.5},{"x":699,"y":337.5},{"x":708,"y":341.5},{"x":714,"y":343.5},{"x":717,"y":344.5},{"x":720,"y":347.5},{"x":725,"y":347.5},{"x":728,"y":351.5},{"x":732,"y":351.5},{"x":738,"y":352.5},{"x":743,"y":355.5},{"x":748,"y":360.5},{"x":751,"y":362.5},{"x":754,"y":363.5},{"x":758,"y":365.5},{"x":762,"y":367.5},{"x":766,"y":370.5},{"x":769,"y":371.5},{"x":773,"y":372.5},{"x":779,"y":373.5},{"x":784,"y":376.5},{"x":788,"y":378.5},{"x":792,"y":380.5},{"x":796,"y":383.5},{"x":799,"y":384.5},{"x":802,"y":386.5},{"x":806,"y":388.5},{"x":811,"y":390.5},{"x":812,"y":393.5},{"x":816,"y":394.5},{"x":821,"y":397.5},{"x":824,"y":400.5},{"x":827,"y":399.5},{"x":827,"y":403.5},{"x":830,"y":404.5},{"x":833,"y":405.5},{"x":835,"y":408.5},{"x":838,"y":409.5},{"x":840,"y":412.5},{"x":843,"y":415.5},{"x":847,"y":416.5},{"x":848,"y":419.5},{"x":852,"y":419.5},{"x":854,"y":422.5},{"x":857,"y":423.5},{"x":859,"y":426.5},{"x":862,"y":428.5},{"x":865,"y":431.5},{"x":867,"y":434.5},{"x":870,"y":437.5},{"x":873,"y":440.5},{"x":875,"y":443.5},{"x":878,"y":446.5},{"x":878,"y":442.5},{"x":878,"y":438.5},{"x":878,"y":434.5},{"x":878,"y":430.5},{"x":879,"y":425.5},{"x":879,"y":419.5},{"x":879,"y":415.5},{"x":879,"y":411.5},{"x":878,"y":408.5},{"x":877,"y":405.5},{"x":875,"y":402.5},{"x":875,"y":396.5},{"x":873,"y":392.5},{"x":872,"y":389.5},{"x":871,"y":385.5},{"x":870,"y":382.5},{"x":871,"y":378.5},{"x":870,"y":372.5},{"x":870,"y":367.5},{"x":867,"y":365.5},{"x":867,"y":361.5},{"x":866,"y":358.5},{"x":864,"y":352.5},{"x":863,"y":349.5},{"x":862,"y":344.5},{"x":860,"y":339.5},{"x":858,"y":336.5},{"x":857,"y":332.5},{"x":856,"y":329.5},{"x":857,"y":326.5},{"x":856,"y":323.5},{"x":854,"y":320.5},{"x":855,"y":317.5},{"x":854,"y":310.5},{"x":852,"y":307.5},{"x":853,"y":304.5},{"x":851,"y":301.5},{"x":850,"y":298.5},{"x":847,"y":296.5},{"x":848,"y":292.5},{"x":847,"y":286.5},{"x":844,"y":283.5},{"x":842,"y":278.5},{"x":841,"y":272.5},{"x":838,"y":269.5},{"x":836,"y":262.5},{"x":833,"y":260.5},{"x":835,"y":263.5},{"x":834,"y":260.5},{"x":832,"y":255.5},{"x":829,"y":251.5},{"x":827,"y":247.5},{"x":826,"y":244.5},{"x":824,"y":240.5},{"x":821,"y":237.5},{"x":820,"y":234.5},{"x":818,"y":231.5},{"x":817,"y":228.5},{"x":811,"y":222.5},{"x":810,"y":219.5},{"x":807,"y":217.5},{"x":806,"y":214.5},{"x":802,"y":210.5},{"x":800,"y":207.5},{"x":798,"y":202.5},{"x":793,"y":197.5},{"x":790,"y":195.5},{"x":787,"y":192.5},{"x":783,"y":188.5},{"x":782,"y":185.5},{"x":777,"y":180.5},{"x":775,"y":177.5},{"x":772,"y":176.5},{"x":774,"y":173.5},{"x":769,"y":172.5},{"x":765,"y":171.5},{"x":762,"y":166.5},{"x":759,"y":165.5},{"x":756,"y":162.5},{"x":754,"y":159.5},{"x":750,"y":155.5},{"x":747,"y":154.5},{"x":741,"y":149.5},{"x":738,"y":145.5},{"x":734,"y":144.5},{"x":729,"y":137.5},{"x":726,"y":134.5},{"x":723,"y":133.5},{"x":716,"y":129.5},{"x":711,"y":125.5},{"x":705,"y":123.5},{"x":701,"y":120.5},{"x":696,"y":118.5},{"x":689,"y":116.5},{"x":686,"y":113.5},{"x":683,"y":111.5},{"x":678,"y":109.5},{"x":673,"y":105.5},{"x":670,"y":104.5},{"x":665,"y":102.5},{"x":659,"y":100.5},{"x":656,"y":97.5},{"x":650,"y":95.5},{"x":648,"y":92.5},{"x":644,"y":92.5},{"x":641,"y":91.5},{"x":638,"y":90.5},{"x":632,"y":88.5},{"x":626,"y":87.5},{"x":624,"y":84.5},{"x":618,"y":84.5},{"x":611,"y":82.5},{"x":607,"y":82.5},{"x":603,"y":77.5},{"x":599,"y":74.5},{"x":593,"y":74.5},{"x":589,"y":74.5},{"x":584,"y":72.5},{"x":580,"y":73.5},{"x":575,"y":72.5},{"x":569,"y":72.5},{"x":564,"y":70.5},{"x":559,"y":69.5},{"x":555,"y":70.5},{"x":552,"y":69.5},{"x":548,"y":69.5},{"x":540,"y":69.5},{"x":534,"y":69.5},{"x":530,"y":69.5},{"x":525,"y":69.5},{"x":521,"y":69.5},{"x":517,"y":69.5},{"x":513,"y":69.5},{"x":507,"y":69.5},{"x":496,"y":69.5},{"x":491,"y":69.5},{"x":487,"y":69.5},{"x":480,"y":69.5},{"x":476,"y":69.5},{"x":469,"y":69.5},{"x":465,"y":69.5},{"x":460,"y":71.5},{"x":453,"y":70.5},{"x":448,"y":72.5},{"x":451,"y":71.5},{"x":444,"y":72.5},{"x":438,"y":74.5},{"x":435,"y":76.5},{"x":431,"y":76.5},{"x":423,"y":76.5},{"x":419,"y":77.5},{"x":413,"y":77.5},{"x":408,"y":78.5},{"x":404,"y":81.5},{"x":400,"y":83.5},{"x":396,"y":84.5},{"x":399,"y":83.5},{"x":393,"y":83.5},{"x":390,"y":85.5},{"x":387,"y":86.5},{"x":383,"y":87.5},{"x":378,"y":87.5},{"x":377,"y":91.5},{"x":369,"y":93.5},{"x":365,"y":95.5},{"x":362,"y":94.5},{"x":358,"y":98.5},{"x":353,"y":99.5},{"x":346,"y":102.5},{"x":345,"y":105.5},{"x":341,"y":104.5},{"x":338,"y":108.5},{"x":334,"y":109.5},{"x":329,"y":111.5},{"x":326,"y":114.5},{"x":320,"y":117.5},{"x":316,"y":118.5},{"x":311,"y":122.5},{"x":307,"y":125.5},{"x":303,"y":127.5},{"x":299,"y":130.5},{"x":295,"y":134.5},{"x":291,"y":136.5},{"x":284,"y":142.5},{"x":280,"y":145.5},{"x":276,"y":150.5},{"x":273,"y":153.5},{"x":266,"y":156.5},{"x":266,"y":160.5},{"x":259,"y":165.5},{"x":258,"y":168.5},{"x":254,"y":169.5},{"x":251,"y":173.5},{"x":246,"y":176.5},{"x":245,"y":179.5},{"x":241,"y":182.5},{"x":239,"y":186.5},{"x":237,"y":189.5},{"x":235,"y":192.5},{"x":231,"y":193.5},{"x":229,"y":196.5},{"x":230,"y":200.5},{"x":226,"y":204.5},{"x":225,"y":210.5},{"x":222,"y":211.5},{"x":221,"y":215.5},{"x":220,"y":219.5},{"x":216,"y":222.5},{"x":212,"y":226.5},{"x":207,"y":233.5},{"x":205,"y":236.5},{"x":202,"y":235.5},{"x":197,"y":242.5},{"x":196,"y":245.5},{"x":193,"y":247.5},{"x":194,"y":250.5},{"x":189,"y":256.5},{"x":187,"y":259.5},{"x":185,"y":264.5},{"x":181,"y":271.5},{"x":177,"y":280.5},{"x":175,"y":284.5},{"x":173,"y":290.5},{"x":172,"y":297.5},{"x":170,"y":300.5},{"x":171,"y":306.5},{"x":169,"y":311.5},{"x":168,"y":319.5},{"x":164,"y":333.5},{"x":163,"y":337.5},{"x":161,"y":343.5},{"x":161,"y":348.5},{"x":157,"y":353.5},{"x":156,"y":356.5},{"x":155,"y":363.5},{"x":154,"y":370.5},{"x":153,"y":373.5},{"x":151,"y":378.5},{"x":149,"y":381.5},{"x":147,"y":390.5},{"x":146,"y":394.5},{"x":143,"y":398.5},{"x":143,"y":403.5},{"x":142,"y":406.5},{"x":142,"y":412.5},{"x":142,"y":418.5},{"x":142,"y":423.5},{"x":142,"y":428.5},{"x":142,"y":432.5},{"x":142,"y":437.5},{"x":142,"y":441.5},{"x":142,"y":446.5},{"x":143,"y":449.5},{"x":143,"y":450.5}]]]],0,0,[],[],[]],[["0,9729,9729,33071,33071,0,0,1",-1],[0],0,[],[],[]],[["0,9729,9729,33071,33071,0,0,1",-1],[0],0,[],[],[]],[[{"name":"house-outline","rect":[242,12,505,585],"offset":[-5.5,1.5],"originalSize":[1000,612],"capInsets":[0,0,0,0]}],[1],0,[0],[0],[9]],[[{"name":"trophy-outline-tutorial","rect":[193,1,610,611],"offset":[-2,-0.5],"originalSize":[1000,612],"capInsets":[0,0,0,0]}],[1],0,[0],[0],[10]],[["0,9729,9729,33071,33071,0,0,1",-1],[0],0,[],[],[]],[[{"name":"watermelon-outline-tutorial","rect":[207,4,609,608],"offset":[11.5,-2],"originalSize":[1000,612],"capInsets":[0,0,0,0]}],[1],0,[0],[0],[11]],[["0,9729,9729,33071,33071,0,0,1",-1],[0],0,[],[],[]],[["0,9729,9729,33071,33071,0,0,1",-1],[0],0,[],[],[]],[[[0,"watermelon-outline-tutorial-json",[[{"x":521,"y":501.5},{"x":519,"y":497.5},{"x":520,"y":494.5},{"x":518,"y":491.5},{"x":515,"y":489.5},{"x":517,"y":485.5},{"x":513,"y":484.5},{"x":513,"y":480.5},{"x":512,"y":477.5},{"x":511,"y":474.5},{"x":506,"y":469.5},{"x":501,"y":464.5},{"x":499,"y":460.5},{"x":494,"y":456.5},{"x":495,"y":453.5},{"x":491,"y":450.5},{"x":492,"y":447.5},{"x":491,"y":444.5},{"x":487,"y":440.5},{"x":485,"y":437.5},{"x":483,"y":432.5},{"x":481,"y":428.5},{"x":477,"y":424.5},{"x":476,"y":420.5},{"x":472,"y":417.5},{"x":471,"y":414.5},{"x":470,"y":409.5},{"x":469,"y":403.5},{"x":466,"y":401.5},{"x":462,"y":394.5},{"x":461,"y":389.5},{"x":459,"y":386.5},{"x":457,"y":382.5},{"x":453,"y":377.5},{"x":454,"y":374.5},{"x":451,"y":375.5},{"x":452,"y":370.5},{"x":447,"y":362.5},{"x":447,"y":358.5},{"x":444,"y":356.5},{"x":444,"y":351.5},{"x":442,"y":347.5},{"x":441,"y":344.5},{"x":440,"y":341.5},{"x":439,"y":336.5},{"x":435,"y":331.5},{"x":433,"y":325.5},{"x":429,"y":322.5},{"x":428,"y":314.5},{"x":425,"y":313.5},{"x":422,"y":306.5},{"x":420,"y":301.5},{"x":416,"y":292.5},{"x":414,"y":287.5},{"x":412,"y":284.5},{"x":411,"y":281.5},{"x":408,"y":275.5},{"x":405,"y":270.5},{"x":401,"y":261.5},{"x":397,"y":256.5},{"x":396,"y":253.5},{"x":394,"y":250.5},{"x":391,"y":243.5},{"x":388,"y":240.5},{"x":386,"y":233.5},{"x":378,"y":224.5},{"x":375,"y":219.5},{"x":373,"y":216.5},{"x":372,"y":213.5},{"x":370,"y":208.5},{"x":367,"y":205.5},{"x":367,"y":200.5},{"x":364,"y":196.5},{"x":361,"y":193.5},{"x":361,"y":189.5},{"x":359,"y":186.5},{"x":359,"y":179.5},{"x":357,"y":176.5},{"x":356,"y":171.5},{"x":356,"y":166.5},{"x":354,"y":163.5},{"x":350,"y":158.5},{"x":347,"y":149.5},{"x":343,"y":144.5},{"x":341,"y":139.5},{"x":337,"y":134.5},{"x":336,"y":131.5},{"x":333,"y":130.5},{"x":332,"y":123.5},{"x":329,"y":118.5},{"x":325,"y":110.5},{"x":322,"y":108.5},{"x":321,"y":104.5},{"x":319,"y":100.5},{"x":315,"y":97.5},{"x":316,"y":91.5},{"x":313,"y":87.5},{"x":311,"y":84.5},{"x":310,"y":79.5},{"x":307,"y":76.5},{"x":305,"y":71.5},{"x":303,"y":67.5},{"x":303,"y":63.5},{"x":302,"y":60.5},{"x":307,"y":60.5},{"x":313,"y":60.5},{"x":316,"y":61.5},{"x":321,"y":61.5},{"x":328,"y":62.5},{"x":333,"y":62.5},{"x":337,"y":62.5},{"x":344,"y":62.5},{"x":349,"y":62.5},{"x":356,"y":60.5},{"x":359,"y":61.5},{"x":365,"y":61.5},{"x":369,"y":61.5},{"x":377,"y":61.5},{"x":381,"y":61.5},{"x":385,"y":61.5},{"x":389,"y":61.5},{"x":393,"y":61.5},{"x":400,"y":61.5},{"x":405,"y":61.5},{"x":409,"y":61.5},{"x":414,"y":61.5},{"x":422,"y":61.5},{"x":428,"y":61.5},{"x":433,"y":61.5},{"x":436,"y":60.5},{"x":448,"y":60.5},{"x":456,"y":60.5},{"x":465,"y":60.5},{"x":464,"y":57.5},{"x":467,"y":58.5},{"x":474,"y":58.5},{"x":479,"y":56.5},{"x":484,"y":57.5},{"x":492,"y":57.5},{"x":498,"y":57.5},{"x":507,"y":57.5},{"x":511,"y":57.5},{"x":520,"y":57.5},{"x":527,"y":57.5},{"x":532,"y":57.5},{"x":541,"y":57.5},{"x":550,"y":57.5},{"x":556,"y":57.5},{"x":559,"y":59.5},{"x":567,"y":58.5},{"x":563,"y":58.5},{"x":568,"y":58.5},{"x":576,"y":58.5},{"x":580,"y":58.5},{"x":583,"y":59.5},{"x":587,"y":59.5},{"x":599,"y":59.5},{"x":603,"y":59.5},{"x":609,"y":59.5},{"x":612,"y":61.5},{"x":616,"y":60.5},{"x":624,"y":60.5},{"x":627,"y":62.5},{"x":630,"y":61.5},{"x":639,"y":61.5},{"x":644,"y":61.5},{"x":649,"y":61.5},{"x":653,"y":61.5},{"x":667,"y":61.5},{"x":673,"y":62.5},{"x":678,"y":63.5},{"x":682,"y":64.5},{"x":686,"y":64.5},{"x":689,"y":62.5},{"x":694,"y":63.5},{"x":697,"y":62.5},{"x":702,"y":62.5},{"x":707,"y":62.5},{"x":713,"y":60.5},{"x":717,"y":60.5},{"x":722,"y":60.5},{"x":726,"y":60.5},{"x":731,"y":60.5},{"x":734,"y":59.5},{"x":738,"y":59.5},{"x":742,"y":59.5},{"x":746,"y":59.5},{"x":743,"y":61.5},{"x":740,"y":64.5},{"x":738,"y":68.5},{"x":736,"y":73.5},{"x":733,"y":74.5},{"x":733,"y":78.5},{"x":731,"y":83.5},{"x":730,"y":86.5},{"x":729,"y":90.5},{"x":728,"y":94.5},{"x":725,"y":96.5},{"x":723,"y":100.5},{"x":720,"y":102.5},{"x":719,"y":106.5},{"x":714,"y":113.5},{"x":713,"y":117.5},{"x":709,"y":123.5},{"x":705,"y":128.5},{"x":704,"y":131.5},{"x":704,"y":136.5},{"x":701,"y":139.5},{"x":697,"y":145.5},{"x":696,"y":148.5},{"x":694,"y":151.5},{"x":691,"y":157.5},{"x":689,"y":162.5},{"x":687,"y":166.5},{"x":685,"y":172.5},{"x":683,"y":175.5},{"x":682,"y":180.5},{"x":681,"y":184.5},{"x":676,"y":190.5},{"x":674,"y":193.5},{"x":671,"y":195.5},{"x":672,"y":198.5},{"x":667,"y":204.5},{"x":666,"y":209.5},{"x":664,"y":212.5},{"x":662,"y":215.5},{"x":661,"y":218.5},{"x":659,"y":227.5},{"x":656,"y":231.5},{"x":653,"y":237.5},{"x":650,"y":241.5},{"x":649,"y":245.5},{"x":647,"y":248.5},{"x":645,"y":251.5},{"x":642,"y":257.5},{"x":640,"y":260.5},{"x":637,"y":267.5},{"x":634,"y":272.5},{"x":635,"y":278.5},{"x":633,"y":282.5},{"x":630,"y":286.5},{"x":629,"y":291.5},{"x":622,"y":298.5},{"x":619,"y":307.5},{"x":616,"y":311.5},{"x":616,"y":315.5},{"x":613,"y":318.5},{"x":610,"y":324.5},{"x":605,"y":328.5},{"x":606,"y":331.5},{"x":604,"y":334.5},{"x":602,"y":340.5},{"x":598,"y":345.5},{"x":597,"y":349.5},{"x":594,"y":353.5},{"x":593,"y":358.5},{"x":591,"y":361.5},{"x":588,"y":368.5},{"x":586,"y":371.5},{"x":584,"y":375.5},{"x":582,"y":380.5},{"x":581,"y":383.5},{"x":579,"y":386.5},{"x":577,"y":390.5},{"x":575,"y":396.5},{"x":573,"y":401.5},{"x":570,"y":404.5},{"x":569,"y":408.5},{"x":567,"y":411.5},{"x":565,"y":416.5},{"x":564,"y":420.5},{"x":563,"y":425.5},{"x":560,"y":429.5},{"x":559,"y":433.5},{"x":556,"y":438.5},{"x":553,"y":444.5},{"x":549,"y":452.5},{"x":547,"y":457.5},{"x":544,"y":459.5},{"x":541,"y":461.5},{"x":539,"y":466.5},{"x":537,"y":469.5},{"x":538,"y":472.5},{"x":537,"y":476.5},{"x":534,"y":479.5},{"x":535,"y":483.5},{"x":531,"y":485.5},{"x":530,"y":488.5},{"x":527,"y":490.5},{"x":525,"y":494.5},{"x":523,"y":498.5},{"x":523,"y":502.5},{"x":522,"y":505.5},{"x":519,"y":506.5},{"x":520,"y":509.5},{"x":520,"y":509.5}]]]],0,0,[],[],[]],[["0,9729,9729,33071,33071,0,0,1",-1],[0],0,[],[],[]],[[{"name":"rectangle-outline","rect":[391,85,233,518],"offset":[7,-37.5],"originalSize":[1001,613],"capInsets":[0,0,0,0]}],[1],0,[0],[0],[12]],[[[0,"star-outline-tutorial-json",[[{"x":429,"y":359.5},{"x":429,"y":363.5},{"x":429,"y":367.5},{"x":431,"y":370.5},{"x":433,"y":375.5},{"x":436,"y":380.5},{"x":438,"y":383.5},{"x":441,"y":385.5},{"x":441,"y":389.5},{"x":443,"y":394.5},{"x":446,"y":397.5},{"x":447,"y":403.5},{"x":448,"y":407.5},{"x":453,"y":413.5},{"x":455,"y":418.5},{"x":457,"y":423.5},{"x":460,"y":424.5},{"x":461,"y":430.5},{"x":464,"y":433.5},{"x":465,"y":437.5},{"x":467,"y":440.5},{"x":466,"y":443.5},{"x":469,"y":446.5},{"x":469,"y":451.5},{"x":472,"y":454.5},{"x":474,"y":459.5},{"x":477,"y":463.5},{"x":480,"y":468.5},{"x":483,"y":471.5},{"x":485,"y":475.5},{"x":488,"y":477.5},{"x":487,"y":480.5},{"x":491,"y":482.5},{"x":490,"y":485.5},{"x":492,"y":488.5},{"x":494,"y":491.5},{"x":494,"y":496.5},{"x":497,"y":497.5},{"x":498,"y":503.5},{"x":499,"y":500.5},{"x":501,"y":495.5},{"x":500,"y":491.5},{"x":501,"y":487.5},{"x":502,"y":483.5},{"x":505,"y":478.5},{"x":506,"y":475.5},{"x":508,"y":472.5},{"x":507,"y":469.5},{"x":508,"y":465.5},{"x":509,"y":462.5},{"x":510,"y":459.5},{"x":513,"y":456.5},{"x":515,"y":453.5},{"x":516,"y":449.5},{"x":518,"y":446.5},{"x":520,"y":443.5},{"x":522,"y":439.5},{"x":525,"y":436.5},{"x":528,"y":434.5},{"x":530,"y":430.5},{"x":535,"y":424.5},{"x":538,"y":420.5},{"x":541,"y":416.5},{"x":543,"y":412.5},{"x":543,"y":408.5},{"x":545,"y":403.5},{"x":546,"y":399.5},{"x":547,"y":395.5},{"x":548,"y":392.5},{"x":549,"y":389.5},{"x":551,"y":385.5},{"x":553,"y":380.5},{"x":558,"y":374.5},{"x":560,"y":371.5},{"x":562,"y":368.5},{"x":563,"y":365.5},{"x":566,"y":363.5},{"x":566,"y":358.5},{"x":567,"y":355.5},{"x":573,"y":357.5},{"x":580,"y":357.5},{"x":587,"y":354.5},{"x":593,"y":353.5},{"x":596,"y":351.5},{"x":601,"y":351.5},{"x":607,"y":351.5},{"x":614,"y":349.5},{"x":620,"y":350.5},{"x":623,"y":349.5},{"x":627,"y":348.5},{"x":633,"y":348.5},{"x":638,"y":345.5},{"x":643,"y":344.5},{"x":647,"y":343.5},{"x":651,"y":342.5},{"x":656,"y":340.5},{"x":661,"y":341.5},{"x":665,"y":341.5},{"x":669,"y":340.5},{"x":677,"y":338.5},{"x":681,"y":338.5},{"x":685,"y":338.5},{"x":690,"y":338.5},{"x":695,"y":338.5},{"x":699,"y":336.5},{"x":702,"y":335.5},{"x":707,"y":336.5},{"x":713,"y":336.5},{"x":716,"y":335.5},{"x":719,"y":333.5},{"x":722,"y":334.5},{"x":726,"y":334.5},{"x":723,"y":329.5},{"x":720,"y":327.5},{"x":718,"y":324.5},{"x":715,"y":321.5},{"x":712,"y":318.5},{"x":707,"y":313.5},{"x":705,"y":310.5},{"x":702,"y":309.5},{"x":700,"y":306.5},{"x":695,"y":303.5},{"x":692,"y":300.5},{"x":690,"y":296.5},{"x":687,"y":294.5},{"x":685,"y":290.5},{"x":682,"y":289.5},{"x":681,"y":286.5},{"x":678,"y":283.5},{"x":675,"y":281.5},{"x":672,"y":280.5},{"x":669,"y":278.5},{"x":665,"y":273.5},{"x":662,"y":272.5},{"x":659,"y":270.5},{"x":656,"y":267.5},{"x":653,"y":263.5},{"x":648,"y":260.5},{"x":647,"y":256.5},{"x":643,"y":253.5},{"x":641,"y":250.5},{"x":640,"y":247.5},{"x":637,"y":245.5},{"x":635,"y":242.5},{"x":632,"y":239.5},{"x":631,"y":236.5},{"x":627,"y":233.5},{"x":623,"y":229.5},{"x":621,"y":224.5},{"x":618,"y":223.5},{"x":617,"y":220.5},{"x":616,"y":217.5},{"x":616,"y":212.5},{"x":616,"y":207.5},{"x":616,"y":203.5},{"x":616,"y":198.5},{"x":616,"y":194.5},{"x":616,"y":189.5},{"x":616,"y":183.5},{"x":616,"y":177.5},{"x":617,"y":173.5},{"x":620,"y":167.5},{"x":620,"y":163.5},{"x":621,"y":158.5},{"x":623,"y":152.5},{"x":624,"y":149.5},{"x":623,"y":146.5},{"x":626,"y":143.5},{"x":627,"y":137.5},{"x":626,"y":134.5},{"x":629,"y":132.5},{"x":628,"y":127.5},{"x":628,"y":121.5},{"x":629,"y":114.5},{"x":631,"y":110.5},{"x":630,"y":106.5},{"x":631,"y":101.5},{"x":633,"y":97.5},{"x":634,"y":93.5},{"x":633,"y":89.5},{"x":634,"y":85.5},{"x":636,"y":81.5},{"x":635,"y":77.5},{"x":635,"y":73.5},{"x":636,"y":70.5},{"x":638,"y":67.5},{"x":640,"y":63.5},{"x":632,"y":64.5},{"x":630,"y":68.5},{"x":626,"y":68.5},{"x":622,"y":71.5},{"x":618,"y":72.5},{"x":613,"y":72.5},{"x":607,"y":76.5},{"x":603,"y":78.5},{"x":600,"y":79.5},{"x":596,"y":81.5},{"x":592,"y":84.5},{"x":587,"y":86.5},{"x":583,"y":90.5},{"x":578,"y":89.5},{"x":572,"y":95.5},{"x":568,"y":94.5},{"x":566,"y":97.5},{"x":563,"y":99.5},{"x":560,"y":100.5},{"x":555,"y":102.5},{"x":552,"y":105.5},{"x":545,"y":109.5},{"x":543,"y":113.5},{"x":540,"y":112.5},{"x":541,"y":115.5},{"x":537,"y":114.5},{"x":534,"y":117.5},{"x":531,"y":118.5},{"x":526,"y":121.5},{"x":523,"y":123.5},{"x":520,"y":124.5},{"x":514,"y":126.5},{"x":509,"y":129.5},{"x":506,"y":132.5},{"x":503,"y":134.5},{"x":499,"y":134.5},{"x":498,"y":137.5},{"x":495,"y":136.5},{"x":491,"y":135.5},{"x":489,"y":132.5},{"x":486,"y":130.5},{"x":481,"y":130.5},{"x":479,"y":126.5},{"x":475,"y":124.5},{"x":470,"y":122.5},{"x":468,"y":119.5},{"x":465,"y":120.5},{"x":461,"y":117.5},{"x":457,"y":115.5},{"x":454,"y":113.5},{"x":451,"y":112.5},{"x":448,"y":110.5},{"x":442,"y":106.5},{"x":436,"y":103.5},{"x":432,"y":102.5},{"x":429,"y":100.5},{"x":422,"y":99.5},{"x":417,"y":95.5},{"x":412,"y":95.5},{"x":409,"y":93.5},{"x":406,"y":92.5},{"x":402,"y":90.5},{"x":398,"y":89.5},{"x":397,"y":86.5},{"x":393,"y":84.5},{"x":390,"y":83.5},{"x":387,"y":80.5},{"x":383,"y":78.5},{"x":378,"y":75.5},{"x":373,"y":74.5},{"x":372,"y":71.5},{"x":369,"y":70.5},{"x":365,"y":68.5},{"x":363,"y":65.5},{"x":360,"y":63.5},{"x":357,"y":62.5},{"x":356,"y":65.5},{"x":356,"y":69.5},{"x":358,"y":72.5},{"x":359,"y":75.5},{"x":360,"y":80.5},{"x":360,"y":86.5},{"x":360,"y":90.5},{"x":360,"y":95.5},{"x":362,"y":99.5},{"x":361,"y":102.5},{"x":363,"y":109.5},{"x":362,"y":112.5},{"x":364,"y":117.5},{"x":365,"y":121.5},{"x":365,"y":126.5},{"x":365,"y":132.5},{"x":367,"y":135.5},{"x":368,"y":140.5},{"x":369,"y":145.5},{"x":370,"y":148.5},{"x":370,"y":153.5},{"x":373,"y":158.5},{"x":374,"y":163.5},{"x":374,"y":167.5},{"x":374,"y":173.5},{"x":374,"y":178.5},{"x":374,"y":182.5},{"x":375,"y":186.5},{"x":375,"y":190.5},{"x":375,"y":195.5},{"x":376,"y":200.5},{"x":376,"y":205.5},{"x":377,"y":208.5},{"x":377,"y":213.5},{"x":379,"y":218.5},{"x":380,"y":221.5},{"x":381,"y":224.5},{"x":378,"y":226.5},{"x":377,"y":229.5},{"x":374,"y":230.5},{"x":371,"y":233.5},{"x":367,"y":237.5},{"x":362,"y":242.5},{"x":357,"y":246.5},{"x":353,"y":247.5},{"x":351,"y":250.5},{"x":347,"y":254.5},{"x":343,"y":256.5},{"x":339,"y":259.5},{"x":337,"y":262.5},{"x":335,"y":266.5},{"x":333,"y":269.5},{"x":330,"y":270.5},{"x":324,"y":273.5},{"x":317,"y":279.5},{"x":313,"y":283.5},{"x":313,"y":287.5},{"x":309,"y":288.5},{"x":307,"y":295.5},{"x":303,"y":295.5},{"x":302,"y":299.5},{"x":299,"y":300.5},{"x":296,"y":304.5},{"x":294,"y":308.5},{"x":292,"y":311.5},{"x":289,"y":313.5},{"x":285,"y":315.5},{"x":282,"y":318.5},{"x":281,"y":321.5},{"x":278,"y":322.5},{"x":274,"y":322.5},{"x":275,"y":325.5},{"x":272,"y":327.5},{"x":270,"y":331.5},{"x":267,"y":334.5},{"x":264,"y":336.5},{"x":269,"y":335.5},{"x":272,"y":334.5},{"x":277,"y":333.5},{"x":281,"y":333.5},{"x":285,"y":333.5},{"x":289,"y":333.5},{"x":293,"y":335.5},{"x":296,"y":338.5},{"x":299,"y":339.5},{"x":303,"y":339.5},{"x":307,"y":340.5},{"x":313,"y":340.5},{"x":319,"y":340.5},{"x":324,"y":340.5},{"x":328,"y":340.5},{"x":331,"y":342.5},{"x":336,"y":341.5},{"x":341,"y":342.5},{"x":345,"y":342.5},{"x":348,"y":343.5},{"x":355,"y":343.5},{"x":362,"y":345.5},{"x":366,"y":346.5},{"x":372,"y":346.5},{"x":377,"y":346.5},{"x":381,"y":346.5},{"x":387,"y":346.5},{"x":394,"y":346.5},{"x":399,"y":348.5},{"x":403,"y":349.5},{"x":408,"y":350.5},{"x":418,"y":354.5},{"x":421,"y":356.5},{"x":425,"y":357.5},{"x":429,"y":357.5},{"x":429,"y":358.5}]]]],0,0,[],[],[]],[[{"name":"trophy-outline","rect":[203,11,590,591],"offset":[-2,-0.5],"originalSize":[1000,612],"capInsets":[0,0,0,0]}],[1],0,[0],[0],[13]],[["0,9729,9729,33071,33071,0,0,1",-1],[0],0,[],[],[]],[[[0,"house-outline-tutorial-json",[[{"x":304,"y":350.5},{"x":308,"y":350.5},{"x":310,"y":353.5},{"x":313,"y":352.5},{"x":315,"y":355.5},{"x":318,"y":357.5},{"x":320,"y":360.5},{"x":323,"y":361.5},{"x":326,"y":365.5},{"x":329,"y":366.5},{"x":333,"y":371.5},{"x":336,"y":372.5},{"x":338,"y":375.5},{"x":341,"y":376.5},{"x":342,"y":379.5},{"x":351,"y":384.5},{"x":355,"y":388.5},{"x":359,"y":392.5},{"x":364,"y":397.5},{"x":367,"y":398.5},{"x":368,"y":401.5},{"x":371,"y":402.5},{"x":374,"y":404.5},{"x":376,"y":407.5},{"x":380,"y":411.5},{"x":387,"y":415.5},{"x":392,"y":420.5},{"x":395,"y":421.5},{"x":400,"y":426.5},{"x":399,"y":423.5},{"x":402,"y":427.5},{"x":405,"y":429.5},{"x":409,"y":431.5},{"x":412,"y":433.5},{"x":415,"y":435.5},{"x":418,"y":439.5},{"x":426,"y":444.5},{"x":431,"y":447.5},{"x":434,"y":449.5},{"x":437,"y":451.5},{"x":439,"y":454.5},{"x":443,"y":456.5},{"x":446,"y":458.5},{"x":448,"y":461.5},{"x":451,"y":462.5},{"x":454,"y":464.5},{"x":456,"y":467.5},{"x":459,"y":470.5},{"x":462,"y":473.5},{"x":465,"y":475.5},{"x":467,"y":478.5},{"x":470,"y":480.5},{"x":473,"y":483.5},{"x":476,"y":484.5},{"x":478,"y":487.5},{"x":483,"y":490.5},{"x":485,"y":493.5},{"x":488,"y":496.5},{"x":491,"y":497.5},{"x":493,"y":500.5},{"x":497,"y":502.5},{"x":501,"y":506.5},{"x":504,"y":507.5},{"x":508,"y":508.5},{"x":511,"y":505.5},{"x":514,"y":502.5},{"x":517,"y":499.5},{"x":520,"y":496.5},{"x":524,"y":494.5},{"x":527,"y":492.5},{"x":531,"y":489.5},{"x":534,"y":487.5},{"x":539,"y":484.5},{"x":541,"y":481.5},{"x":545,"y":479.5},{"x":548,"y":477.5},{"x":552,"y":474.5},{"x":554,"y":471.5},{"x":558,"y":470.5},{"x":560,"y":466.5},{"x":565,"y":466.5},{"x":569,"y":463.5},{"x":573,"y":461.5},{"x":577,"y":459.5},{"x":581,"y":453.5},{"x":587,"y":448.5},{"x":592,"y":445.5},{"x":595,"y":441.5},{"x":599,"y":435.5},{"x":603,"y":433.5},{"x":607,"y":430.5},{"x":613,"y":424.5},{"x":619,"y":423.5},{"x":624,"y":420.5},{"x":632,"y":414.5},{"x":635,"y":411.5},{"x":639,"y":410.5},{"x":644,"y":404.5},{"x":651,"y":399.5},{"x":658,"y":391.5},{"x":661,"y":387.5},{"x":665,"y":386.5},{"x":668,"y":382.5},{"x":676,"y":376.5},{"x":678,"y":373.5},{"x":681,"y":372.5},{"x":685,"y":367.5},{"x":690,"y":362.5},{"x":693,"y":360.5},{"x":697,"y":358.5},{"x":701,"y":356.5},{"x":704,"y":352.5},{"x":708,"y":351.5},{"x":711,"y":348.5},{"x":703,"y":350.5},{"x":700,"y":351.5},{"x":697,"y":350.5},{"x":688,"y":354.5},{"x":685,"y":356.5},{"x":682,"y":357.5},{"x":679,"y":356.5},{"x":674,"y":356.5},{"x":670,"y":356.5},{"x":666,"y":356.5},{"x":662,"y":356.5},{"x":658,"y":356.5},{"x":653,"y":356.5},{"x":647,"y":356.5},{"x":642,"y":356.5},{"x":638,"y":356.5},{"x":633,"y":356.5},{"x":630,"y":354.5},{"x":627,"y":355.5},{"x":623,"y":355.5},{"x":619,"y":355.5},{"x":614,"y":355.5},{"x":607,"y":355.5},{"x":603,"y":353.5},{"x":599,"y":354.5},{"x":595,"y":354.5},{"x":587,"y":354.5},{"x":583,"y":354.5},{"x":577,"y":354.5},{"x":570,"y":352.5},{"x":566,"y":353.5},{"x":557,"y":353.5},{"x":548,"y":353.5},{"x":541,"y":353.5},{"x":537,"y":353.5},{"x":530,"y":353.5},{"x":526,"y":353.5},{"x":519,"y":352.5},{"x":509,"y":352.5},{"x":500,"y":352.5},{"x":497,"y":354.5},{"x":493,"y":353.5},{"x":486,"y":353.5},{"x":479,"y":353.5},{"x":475,"y":353.5},{"x":470,"y":353.5},{"x":462,"y":353.5},{"x":457,"y":353.5},{"x":453,"y":353.5},{"x":441,"y":353.5},{"x":437,"y":353.5},{"x":429,"y":353.5},{"x":425,"y":353.5},{"x":420,"y":353.5},{"x":414,"y":353.5},{"x":410,"y":353.5},{"x":406,"y":353.5},{"x":402,"y":353.5},{"x":396,"y":353.5},{"x":387,"y":353.5},{"x":383,"y":353.5},{"x":379,"y":353.5},{"x":374,"y":353.5},{"x":369,"y":353.5},{"x":363,"y":353.5},{"x":358,"y":353.5},{"x":351,"y":353.5},{"x":347,"y":353.5},{"x":342,"y":353.5},{"x":338,"y":353.5},{"x":334,"y":353.5},{"x":328,"y":353.5},{"x":324,"y":353.5},{"x":320,"y":353.5},{"x":316,"y":353.5},{"x":312,"y":353.5},{"x":308,"y":353.5},{"x":304,"y":351.5},{"x":303,"y":352.5}],[{"x":326,"y":347.5},{"x":326,"y":343.5},{"x":326,"y":338.5},{"x":326,"y":333.5},{"x":326,"y":329.5},{"x":326,"y":324.5},{"x":326,"y":320.5},{"x":324,"y":312.5},{"x":325,"y":305.5},{"x":325,"y":301.5},{"x":323,"y":298.5},{"x":324,"y":295.5},{"x":324,"y":290.5},{"x":324,"y":283.5},{"x":322,"y":275.5},{"x":323,"y":267.5},{"x":323,"y":263.5},{"x":323,"y":259.5},{"x":323,"y":255.5},{"x":323,"y":248.5},{"x":323,"y":244.5},{"x":323,"y":235.5},{"x":323,"y":228.5},{"x":323,"y":224.5},{"x":323,"y":218.5},{"x":321,"y":214.5},{"x":322,"y":210.5},{"x":322,"y":206.5},{"x":322,"y":201.5},{"x":323,"y":195.5},{"x":323,"y":190.5},{"x":323,"y":183.5},{"x":321,"y":174.5},{"x":322,"y":171.5},{"x":322,"y":166.5},{"x":322,"y":161.5},{"x":322,"y":157.5},{"x":324,"y":153.5},{"x":323,"y":150.5},{"x":323,"y":144.5},{"x":324,"y":141.5},{"x":324,"y":137.5},{"x":324,"y":133.5},{"x":324,"y":129.5},{"x":324,"y":123.5},{"x":324,"y":116.5},{"x":324,"y":108.5},{"x":324,"y":104.5},{"x":324,"y":100.5},{"x":324,"y":96.5},{"x":323,"y":93.5},{"x":323,"y":88.5},{"x":323,"y":84.5},{"x":323,"y":79.5},{"x":323,"y":75.5},{"x":323,"y":71.5},{"x":323,"y":67.5},{"x":323,"y":63.5},{"x":326,"y":64.5},{"x":331,"y":64.5},{"x":335,"y":64.5},{"x":339,"y":64.5},{"x":343,"y":64.5},{"x":349,"y":64.5},{"x":353,"y":61.5},{"x":356,"y":62.5},{"x":360,"y":62.5},{"x":365,"y":62.5},{"x":369,"y":62.5},{"x":374,"y":62.5},{"x":377,"y":60.5},{"x":381,"y":61.5},{"x":385,"y":61.5},{"x":390,"y":61.5},{"x":398,"y":61.5},{"x":402,"y":61.5},{"x":406,"y":61.5},{"x":410,"y":61.5},{"x":414,"y":61.5},{"x":418,"y":61.5},{"x":422,"y":63.5},{"x":425,"y":62.5},{"x":430,"y":62.5},{"x":435,"y":62.5},{"x":439,"y":62.5},{"x":445,"y":62.5},{"x":450,"y":62.5},{"x":454,"y":62.5},{"x":458,"y":62.5},{"x":463,"y":62.5},{"x":467,"y":62.5},{"x":474,"y":62.5},{"x":479,"y":62.5},{"x":483,"y":62.5},{"x":489,"y":62.5},{"x":497,"y":62.5},{"x":501,"y":60.5},{"x":508,"y":61.5},{"x":513,"y":61.5},{"x":521,"y":61.5},{"x":525,"y":59.5},{"x":530,"y":60.5},{"x":535,"y":60.5},{"x":541,"y":60.5},{"x":548,"y":58.5},{"x":559,"y":57.5},{"x":562,"y":58.5},{"x":568,"y":58.5},{"x":574,"y":58.5},{"x":581,"y":58.5},{"x":589,"y":62.5},{"x":592,"y":63.5},{"x":597,"y":64.5},{"x":602,"y":64.5},{"x":605,"y":61.5},{"x":609,"y":62.5},{"x":612,"y":61.5},{"x":616,"y":61.5},{"x":620,"y":61.5},{"x":628,"y":61.5},{"x":633,"y":59.5},{"x":636,"y":60.5},{"x":642,"y":60.5},{"x":646,"y":60.5},{"x":655,"y":60.5},{"x":662,"y":60.5},{"x":665,"y":62.5},{"x":668,"y":61.5},{"x":672,"y":61.5},{"x":676,"y":61.5},{"x":682,"y":61.5},{"x":686,"y":61.5},{"x":690,"y":63.5},{"x":693,"y":62.5},{"x":692,"y":65.5},{"x":692,"y":69.5},{"x":692,"y":75.5},{"x":690,"y":82.5},{"x":691,"y":85.5},{"x":691,"y":89.5},{"x":691,"y":95.5},{"x":691,"y":101.5},{"x":691,"y":107.5},{"x":691,"y":112.5},{"x":691,"y":118.5},{"x":693,"y":122.5},{"x":692,"y":126.5},{"x":693,"y":129.5},{"x":693,"y":136.5},{"x":693,"y":141.5},{"x":693,"y":147.5},{"x":693,"y":151.5},{"x":693,"y":157.5},{"x":693,"y":167.5},{"x":693,"y":171.5},{"x":691,"y":178.5},{"x":692,"y":181.5},{"x":692,"y":188.5},{"x":691,"y":193.5},{"x":690,"y":196.5},{"x":689,"y":205.5},{"x":691,"y":211.5},{"x":691,"y":219.5},{"x":692,"y":223.5},{"x":692,"y":227.5},{"x":692,"y":231.5},{"x":692,"y":236.5},{"x":692,"y":240.5},{"x":692,"y":245.5},{"x":690,"y":253.5},{"x":691,"y":257.5},{"x":691,"y":264.5},{"x":689,"y":267.5},{"x":690,"y":270.5},{"x":688,"y":275.5},{"x":689,"y":278.5},{"x":689,"y":282.5},{"x":689,"y":288.5},{"x":689,"y":292.5},{"x":689,"y":300.5},{"x":690,"y":305.5},{"x":690,"y":310.5},{"x":690,"y":316.5},{"x":690,"y":320.5},{"x":690,"y":326.5},{"x":690,"y":331.5},{"x":690,"y":337.5},{"x":690,"y":342.5},{"x":690,"y":346.5},{"x":690,"y":350.5},{"x":690,"y":352.5}]]]],0,0,[],[],[]],[["0,9729,9729,33071,33071,0,0,1",-1],[0],0,[],[],[]],[[[0,"mr0502",{"rows":[["drawshape","1","Description","house-outline-tutorial.png"],["drawshape","1","Description","lamp-outline-tutorial.png"],["drawshape","1","Description","moon-outline-tutorial.png"],["drawshape","1","Description","rectangle-outline-tutorial.png"],["drawshape","1","Description","star-outline-tutorial.png"],["drawshape","1","Description","trophy-outline-tutorial.png"],["drawshape","1","Description","watermelon-outline-tutorial.png"]]}]],0,0,[],[],[]]]]