[1,["0dJgcenttOTJoDjZXnkphT","f2aOOWKhdOX7lLSdDfGi1Z","9di03kFpVH76Y6DGFcBxzI","c4y7twdztNeKGHRWyaQuop","e9wiuwQMVGpZt/X8oJagXq","4fFBxl+pZBi7TUK206+P/l","c1/wGlj61LqILpQt6Uvhmr","74O+vPVKBHJ5BL7/J2RsNC","34cdyLJUhO8Jql6/KeMUbu","8eLUKhWMhIMJsTa9dFOAAx","782Cnyx79PTYXbfs+1hiHZ","adERYw3WRB2a8kwXpxCdwQ","32mYMomTZIKKnXSjIYwPaW","26bTGqFS9Lc4d96ASKDkGU","f1On1efAlGxJMJ/wMkdPGD","barScgkbNC370v0rFUXqdi","3dM6y7VqFNxpIVjhp8TgIm","86Xqq0d2dAnIdu+z8qeyEj","8557X5pf1NsY1/26SeyBS7","f41QZMqNdDqo6d3r7en0Ta","42Xy6+qXZM25HeWmgD2VYX","83q//7wzBLIpS/76OWJzHP","a1YCTWzIRPvLHMUveV1GtT","bcjNACoxpN17x2IIjIfTJd","befB03pYZCD5beqUtaGcZR","d2EqpuPhNE4psE633oimFb","5fpTKMX4xC07ZTp1EXVF+R","c9t9O6TgNDZ6w9BLx3yn1U","12D7+30W9Mr5xgjLNPEOSS","5aCBF/CcZF/Ls7Z5V2NluA","c1q53IxtlPm5sWcxV4w5LT","471fleB2dA3LwPSf9tIJlP","ccy4FT9i5Jh7bcjW7pO1US","d1dpJnbTNLIpHYaPFrBVEj"],["_textureSetter"],["cc.SpriteFrame","cc.Texture2D",["cc.AudioClip",["_name","_native","duration"],0],["cc.JsonAsset",["_name","json"],1]],[[2,0,1,2,4],[3,0,1,3]],[[[[0,"choose_the_right_plural",".mp3",1.968],-1],0,0,[],[],[]],[[[0,"star_stars",".mp3",1.536],-1],0,0,[],[],[]],[[{"name":"cat","rect":[0,0,494,512],"offset":[0,0],"originalSize":[494,512],"capInsets":[0,0,0,0]}],[0],0,[0],[0],[0]],[[{"name":"elephant","rect":[0,0,512,342],"offset":[0,0],"originalSize":[512,342],"capInsets":[0,0,0,0]}],[0],0,[0],[0],[1]],[[[0,"foot_feet",".mp3",1.248],-1],0,0,[],[],[]],[[[1,"en3802",{"rows":[["letterpair","1","Description","image","image","cat.png","cats.png","cat/cats.mp3","cow.png","cows.png","cow_cows.mp3","elephant.png","elephants.png","elephant_elphants.mp3","star.png","stars.png","star_stars.mp3","tooth.png","teeth.png","tooth_teeth.mp3","pencil.png","pencils.png","pencil_pencils.mp3"],["letterpair","1","Description","image","image","man.png","men.png","man/men.mp3","berry.png","berries.png","berry_berries.mp3","moose.png","moose.png","moose_moose.mp3","foot.png","feet.png","foot_feet.mp3","mouse.png","mice.png","mouse_mice.mp3","leaf.png","leaves.png","leaf_leaves.mp3"],["letterpair","1","Description","image","image","woman.png","women.png","woman/women.mp3","sheep.png","sheep.png","sheep_sheep.mp3","dress.png","dresses.png","dress_dresses.mp3","baby.png","babies.png","baby_babies.mp3","ox.png","oxen.png","ox_oxen.mp3","lion.png","lions.png","lion_lions.mp3"],["quizliteracy","1","Description","sentence_sentence","men","men","mans","manies","","man","choose_the_right_plural.mp3"],["quizliteracy","1","Description","sentence_sentence","sheep","sheeps","sheep","sheepies","","sheep","choose_the_right_plural.mp3"],["quizliteracy","1","Description","sentence_sentence","dresses","dressies","dress","dresses","","dress","choose_the_right_plural.mp3"]]}]],0,0,[],[],[]],[[{"name":"lions","rect":[0,0,512,346],"offset":[0,0],"originalSize":[512,346],"capInsets":[0,0,0,0]}],[0],0,[0],[0],[2]],[[[0,"baby_babies",".mp3",1.584],-1],0,0,[],[],[]],[["0,9729,9729,33071,33071,0,0,1",-1],[1],0,[],[],[]],[["0,9729,9729,33071,33071,0,0,1",-1],[1],0,[],[],[]],[[{"name":"dress","rect":[0,0,411,512],"offset":[0,0],"originalSize":[411,512],"capInsets":[0,0,0,0]}],[0],0,[0],[0],[3]],[[[0,"tooth_teeth",".mp3",1.248],-1],0,0,[],[],[]],[[{"name":"stars","rect":[0,0,512,444],"offset":[0,0],"originalSize":[512,444],"capInsets":[0,0,0,0]}],[0],0,[0],[0],[4]],[["0,9729,9729,33071,33071,0,0,1",-1],[1],0,[],[],[]],[[{"name":"man","rect":[0,0,512,512],"offset":[0,0],"originalSize":[512,512],"capInsets":[0,0,0,0]}],[0],0,[0],[0],[5]],[[{"name":"women","rect":[0,0,1678,1156],"offset":[0,0],"originalSize":[1678,1156],"capInsets":[0,0,0,0]}],[0],0,[0],[0],[6]],[["0,9729,9729,33071,33071,0,0,1",-1],[1],0,[],[],[]],[["0,9729,9729,33071,33071,0,0,1",-1],[1],0,[],[],[]],[[[0,"leaf_leaves",".mp3",1.464],-1],0,0,[],[],[]],[[{"name":"oxen","rect":[0,0,512,342],"offset":[0,0],"originalSize":[512,342],"capInsets":[0,0,0,0]}],[0],0,[0],[0],[7]],[["0,9729,9729,33071,33071,0,0,1",-1],[1],0,[],[],[]],[[[0,"mouse_mice",".mp3",1.368],-1],0,0,[],[],[]],[[{"name":"foot","rect":[0,0,512,366],"offset":[0,0],"originalSize":[512,366],"capInsets":[0,0,0,0]}],[0],0,[0],[0],[8]],[["0,9729,9729,33071,33071,0,0,1",-1],[1],0,[],[],[]],[[{"name":"moose","rect":[0,0,512,481],"offset":[0,0],"originalSize":[512,481],"capInsets":[0,0,0,0]}],[0],0,[0],[0],[9]],[[{"name":"ox","rect":[4,6,502,277],"offset":[-1,-2.5],"originalSize":[512,284],"capInsets":[0,0,0,0]}],[0],0,[0],[0],[10]],[["0,9729,9729,33071,33071,0,0,1",-1],[1],0,[],[],[]],[[{"name":"feet","rect":[0,0,512,366],"offset":[0,0],"originalSize":[512,366],"capInsets":[0,0,0,0]}],[0],0,[0],[0],[11]],[["0,9729,9729,33071,33071,0,0,1",-1],[1],0,[],[],[]],[[{"name":"pencil","rect":[0,0,493,512],"offset":[0,0],"originalSize":[493,512],"capInsets":[0,0,0,0]}],[0],0,[0],[0],[12]],[["0,9729,9729,33071,33071,0,0,1",-1],[1],0,[],[],[]],[["0,9729,9729,33071,33071,0,0,1",-1],[1],0,[],[],[]],[[{"name":"dresses","rect":[0,0,512,307],"offset":[0,0],"originalSize":[512,307],"capInsets":[0,0,0,0]}],[0],0,[0],[0],[13]],[[[0,"moose_moose",".mp3",1.392],-1],0,0,[],[],[]],[["0,9729,9729,33071,33071,0,0,1",-1],[1],0,[],[],[]],[[{"name":"teeth","rect":[0,0,512,391],"offset":[0,0],"originalSize":[512,391],"capInsets":[0,0,0,0]}],[0],0,[0],[0],[14]],[["0,9729,9729,33071,33071,0,0,1",-1],[1],0,[],[],[]],[[{"name":"babies","rect":[0,0,512,329],"offset":[0,0],"originalSize":[512,329],"capInsets":[0,0,0,0]}],[0],0,[0],[0],[15]],[[{"name":"cow","rect":[0,0,512,512],"offset":[0,0],"originalSize":[512,512],"capInsets":[0,0,0,0]}],[0],0,[0],[0],[16]],[[[0,"lion_lions",".mp3",1.56],-1],0,0,[],[],[]],[["0,9729,9729,33071,33071,0,0,1",-1],[1],0,[],[],[]],[["0,9729,9729,33071,33071,0,0,1",-1],[1],0,[],[],[]],[["0,9729,9729,33071,33071,0,0,1",-1],[1],0,[],[],[]],[[[0,"ox_oxen",".mp3",1.488],-1],0,0,[],[],[]],[["0,9729,9729,33071,33071,0,0,1",-1],[1],0,[],[],[]],[[[0,"sheep_sheep",".mp3",1.416],-1],0,0,[],[],[]],[[[0,"elephant_elphants",".mp3",1.992],-1],0,0,[],[],[]],[["0,9729,9729,33071,33071,0,0,1",-1],[1],0,[],[],[]],[[[0,"pencil_pencils",".mp3",1.776],-1],0,0,[],[],[]],[[{"name":"elephants","rect":[0,0,512,277],"offset":[0,0],"originalSize":[512,277],"capInsets":[0,0,0,0]}],[0],0,[0],[0],[17]],[["0,9729,9729,33071,33071,0,0,1",-1],[1],0,[],[],[]],[[{"name":"mouse","rect":[0,0,444,512],"offset":[0,0],"originalSize":[444,512],"capInsets":[0,0,0,0]}],[0],0,[0],[0],[18]],[["0,9729,9729,33071,33071,0,0,1",-1],[1],0,[],[],[]],[[[0,"berry_berries",".mp3",1.536],-1],0,0,[],[],[]],[[{"name":"cats","rect":[0,0,512,461],"offset":[0,0],"originalSize":[512,461],"capInsets":[0,0,0,0]}],[0],0,[0],[0],[19]],[["0,9729,9729,33071,33071,0,0,1",-1],[1],0,[],[],[]],[["0,9729,9729,33071,33071,0,0,1",-1],[1],0,[],[],[]],[["0,9729,9729,33071,33071,0,0,1",-1],[1],0,[],[],[]],[[{"name":"tooth","rect":[0,0,883,965],"offset":[0,0],"originalSize":[883,965],"capInsets":[0,0,0,0]}],[0],0,[0],[0],[20]],[["0,9729,9729,33071,33071,0,0,1",-1],[1],0,[],[],[]],[["0,9729,9729,33071,33071,0,0,1",-1],[1],0,[],[],[]],[["0,9729,9729,33071,33071,0,0,1",-1],[1],0,[],[],[]],[[{"name":"leaf","rect":[0,0,740,740],"offset":[0,0],"originalSize":[740,740],"capInsets":[0,0,0,0]}],[0],0,[0],[0],[21]],[[{"name":"sheep","rect":[0,0,502,512],"offset":[0,0],"originalSize":[502,512],"capInsets":[0,0,0,0]}],[0],0,[0],[0],[22]],[["0,9729,9729,33071,33071,0,0,1",-1],[1],0,[],[],[]],[["0,9729,9729,33071,33071,0,0,1",-1],[1],0,[],[],[]],[["0,9729,9729,33071,33071,0,0,1",-1],[1],0,[],[],[]],[["0,9729,9729,33071,33071,0,0,1",-1],[1],0,[],[],[]],[[{"name":"star","rect":[0,0,512,483],"offset":[0,0],"originalSize":[512,483],"capInsets":[0,0,0,0]}],[0],0,[0],[0],[23]],[[{"name":"pencils","rect":[0,0,493,512],"offset":[0,0],"originalSize":[493,512],"capInsets":[0,0,0,0]}],[0],0,[0],[0],[24]],[[{"name":"lion","rect":[0,0,512,457],"offset":[0,0],"originalSize":[512,457],"capInsets":[0,0,0,0]}],[0],0,[0],[0],[25]],[[{"name":"mice","rect":[0,0,512,475],"offset":[0,0],"originalSize":[512,475],"capInsets":[0,0,0,0]}],[0],0,[0],[0],[26]],[[{"name":"men","rect":[0,0,512,512],"offset":[0,0],"originalSize":[512,512],"capInsets":[0,0,0,0]}],[0],0,[0],[0],[27]],[[{"name":"leaves","rect":[0,0,512,357],"offset":[0,0],"originalSize":[512,357],"capInsets":[0,0,0,0]}],[0],0,[0],[0],[28]],[[{"name":"berry","rect":[7,0,465,512],"offset":[-0.5,0],"originalSize":[480,512],"capInsets":[0,0,0,0]}],[0],0,[0],[0],[29]],[[[0,"cow_cows",".mp3",1.272],-1],0,0,[],[],[]],[["0,9729,9729,33071,33071,0,0,1",-1],[1],0,[],[],[]],[[{"name":"cows","rect":[0,0,512,328],"offset":[0,0],"originalSize":[512,328],"capInsets":[0,0,0,0]}],[0],0,[0],[0],[30]],[["0,9729,9729,33071,33071,0,0,1",-1],[1],0,[],[],[]],[["0,9729,9729,33071,33071,0,0,1",-1],[1],0,[],[],[]],[["0,9729,9729,33071,33071,0,0,1",-1],[1],0,[],[],[]],[[{"name":"baby","rect":[0,0,512,339],"offset":[0,0],"originalSize":[512,339],"capInsets":[0,0,0,0]}],[0],0,[0],[0],[31]],[[[0,"dress_dresses",".mp3",1.68],-1],0,0,[],[],[]],[[{"name":"woman","rect":[0,0,900,1235],"offset":[0,0],"originalSize":[900,1235],"capInsets":[0,0,0,0]}],[0],0,[0],[0],[32]],[[{"name":"berries","rect":[0,0,512,346],"offset":[0,0],"originalSize":[512,346],"capInsets":[0,0,0,0]}],[0],0,[0],[0],[33]]]]