[1,["c5a4gBrWhAYZPJHOLGheGn","feOBtN56dCN7MRsI/ZCf9u","87dTOIgP1O/ooTguevd/d7"],["_textureSetter"],["cc.SpriteFrame","cc.Texture2D",["cc.AudioClip",["_name","_native","duration"],0],["cc.JsonAsset",["_name","json"],1]],[[2,0,1,2,4],[3,0,1,3]],[[[[0,"q",".mp3",0.653061],-1],0,0,[],[],[]],[[[1,"sl_en0304",{"rows":[["balloonpop","1","Description","2","q","5","q,p,o","q.mp3"],["writeletter","1","Description","q","-"],["writecard","1","Description","q","quail","quail.png","quail.mp3","queen","queen.png","queen.mp3","quiet","quiet.png","quiet.mp3"],["quizliteracy","1","Description","soundonly_word","q","y","b","q","","","q.mp3"],["quizliteracy","1","Description","word_word","q","z","g","q","","q"],["quizliteracy","1","Description","soundonly_word","q","b","q","s","","","q.mp3"]]}]],0,0,[],[],[]],[[{"name":"queen","rect":[0,0,360,512],"offset":[0,0],"originalSize":[360,512],"capInsets":[0,0,0,0]}],[0],0,[0],[0],[0]],[[{"name":"quiet","rect":[0,0,400,333],"offset":[0,0],"originalSize":[400,333],"capInsets":[0,0,0,0]}],[0],0,[0],[0],[1]],[[[0,"quiet",".mp3",0.914286],-1],0,0,[],[],[]],[["0,9729,9729,33071,33071,0,0,1",-1],[1],0,[],[],[]],[[[0,"queen",".mp3",0.705306],-1],0,0,[],[],[]],[[[0,"quail",".mp3",0.757551],-1],0,0,[],[],[]],[["0,9729,9729,33071,33071,0,0,1",-1],[1],0,[],[],[]],[[{"name":"quail","rect":[0,0,400,363],"offset":[0,0],"originalSize":[400,363],"capInsets":[0,0,0,0]}],[0],0,[0],[0],[2]],[["0,9729,9729,33071,33071,0,0,1",-1],[1],0,[],[],[]]]]