[1,["3foaeIm6ZE9YVINHTKHIYg","e2izl8JiZHxqiw4HeT96a0","39atX/Fs1LVZ0d1VH5+fGT","85tcI3UA5Pd49Xr9qbi9qq"],["_textureSetter"],["cc.Texture2D","cc.SpriteFrame",["cc.AudioClip",["_name","_native","duration"],0],["cc.JsonAsset",["_name","json"],1]],[[2,0,1,2,4],[3,0,1,3]],[[[[0,"ಮಸ್ತಕ",".mp3",0.84],-1],0,0,[],[],[]],[[[0,"ಕ್ತಿ",".mp3",0.672],-1],0,0,[],[],[]],[[[0,"ಪುಸ್ತಕ",".mp3",0.84],-1],0,0,[],[],[]],[[[0,"ಸ್",".mp3",0.624],-1],0,0,[],[],[]],[["0,9729,9729,33071,33071,0,0,1",-1],[0],0,[],[],[]],[["0,9729,9729,33071,33071,0,0,1",-1],[0],0,[],[],[]],[[[0,"ಕುಸ್ತಿ",".mp3",0.744],-1],0,0,[],[],[]],[[{"name":"book","rect":[0,0,800,590],"offset":[0,0],"originalSize":[800,590],"capInsets":[0,0,0,0]}],[1],0,[0],[0],[0]],[[[0,"ಕ್",".mp3",0.528],-1],0,0,[],[],[]],[[[1,"kn2804",{"rows":[["phonictractor","1","Description","6","ಸ್ತಿ","ಸ್ತಿ.mp3","ಸ್","ಸ್.mp3","ತಿ","ತಿ.mp3"],["phonictractor","1","Description","6","ಆಸ್ತಿ","ಆಸ್ತಿ.mp3","ಆ","ಆ.mp3","ಸ್ತಿ","ಸ್ತಿ.mp3"],["phonictractor","1","Description","6","ಜಾಸ್ತಿ","ಜಾಸ್ತಿ.mp3","ಜಾ","ಜಾ.mp3","ಸ್ತಿ","ಸ್ತಿ.mp3"],["spelldoor","1","Description","ಕು,ಸ್ತಿ","**","0","0","wrestling.png","ಕುಸ್ತಿ.mp3"],["phonictractor","1","Description","6","ಕ್ತಿ","ಕ್ತಿ.mp3","ಕ್","ಕ್.mp3","ತಿ","ತಿ.mp3"],["spelldoor","1","Description","ಶ,ಕ್ತಿ","**","0","0","strong.png","ಶಕ್ತಿ.mp3"],["phonictractor","1","Description","6","ಸ್ತ","ಸ್ತ.mp3","ಸ್","ಸ್.mp3","ತ","ತ.mp"],["spelldoor","1","Description","ಪು,ಸ್ತ,ಕ","***","0","0","book.png","ಪುಸ್ತಕ.mp3"],["spelldoor","1","Description","ಮ,ಸ್ತ,ಕ","***","0","0","brain.png","ಮಸ್ತಕ.mp3"],["quizliteracy","1","Description","word_word","ಸ್ತಕ","ಲ್ಲಿಗೆ","ಸ್ತಕ","ನಸ್ಸು","","ಮ____","ಮಸ್ತಕ.mp3"],["quizliteracy","1","Description","image_word","ಪುಸ್ತಕ","ಪುಸ್ತಕ","ಜಾಸ್ತಿ","ಕುಸ್ತಿ","book.png"],["quizliteracy","1","Description","soundonly_word","ಶಕ್ತಿ","ಆಸ್ತಿ","ಜಾಸ್ತಿ","ಶಕ್ತಿ","","","ಶಕ್ತಿ.mp3"]]}]],0,0,[],[],[]],[[[0,"ಜಾಸ್ತಿ",".mp3",0.864],-1],0,0,[],[],[]],[[{"name":"strong","rect":[0,0,601,800],"offset":[0,0],"originalSize":[601,800],"capInsets":[0,0,0,0]}],[1],0,[0],[0],[1]],[[[0,"ಆ",".mp3",0.504],-1],0,0,[],[],[]],[["0,9729,9729,33071,33071,0,0,1",-1],[0],0,[],[],[]],[[[0,"ಸ್ತ",".mp3",0.648],-1],0,0,[],[],[]],[[[0,"ಆಸ್ತಿ",".mp3",0.768],-1],0,0,[],[],[]],[[[0,"ಜಾ",".mp3",0.576],-1],0,0,[],[],[]],[[{"name":"brain","rect":[0,0,354,500],"offset":[0,0],"originalSize":[354,500],"capInsets":[0,0,0,0]}],[1],0,[0],[0],[2]],[[{"name":"wrestling","rect":[0,0,800,600],"offset":[0,0],"originalSize":[800,600],"capInsets":[0,0,0,0]}],[1],0,[0],[0],[3]],[["0,9729,9729,33071,33071,0,0,1",-1],[0],0,[],[],[]],[[[0,"ತಿ",".mp3",0.504],-1],0,0,[],[],[]],[[[0,"ಸ್ತಿ",".mp3",0.696],-1],0,0,[],[],[]],[[[0,"ಶಕ್ತಿ",".mp3",0.744],-1],0,0,[],[],[]]]]