[1,["cbbtS76XdKPL6ExYiptmPV","e8OPncF19PG7yHSnM9Zxpw","ab0dvwY6RGgKdUhjWSPJSH","78wp+/HXhFDJaHrjYWHDF7","a8lMXF5TVFdqJcyJ/yJwXP"],["_textureSetter"],["cc.SpriteFrame","cc.Texture2D",["cc.AudioClip",["_name","_native","duration"],0],["cc.JsonAsset",["_name","json"],1]],[[2,0,1,2,4],[3,0,1,3]],[[[[0,"pet",".mp3",0.84],-1],0,0,[],[],[]],[[[1,"en1200",{"rows":[["spelldoor","1","Description","hen","*en","1","0","spelling_hen.png","hen.mp3"],["grid","1","Description","h","am,ot,en"],["grid","1","Description","h","ug,en,ome,ate"],["grid","1","Description","m,h","en,ug"],["grid","1","Description","p","en,et"],["grid","1","Description","t,m","en,ap"],["grid","1","Description","b","ed,ug,at"],["grid","1","Description","b","eg,ed"],["openwindow","1","Description","LEGIT","bed","bed.png","mom.png","bed.mp3","abcdefghijklmnopqrstuvwxyz"],["spelldoor","1","Description","bed","*ed","1","0","spelling_bed.png","bed.mp3"],["spelldoor","1","Description","red","*ed","1","0","spelling_red.png","red.mp3"],["quizliteracy","1","Description","word_word","en","en","ap","ed","","t__","ten.mp3"],["quizliteracy","1","Description","word_word","ed","ap","en","ed","","b__","bed.mp3"],["quizliteracy","1","Description","word_word","en","be","ed","en","","h__","hen.mp3"],["quizliteracy","1","Description","word_word","ed","ak","ed","or","","r__","red.mp3"]]}]],0,0,[],[],[]],[[[0,"ham",".mp3",0.84],-1],0,0,[],[],[]],[[{"name":"bed","rect":[0,0,512,384],"offset":[0,0],"originalSize":[512,384],"capInsets":[0,0,0,0]}],[0],0,[0],[0],[0]],[[[0,"hen",".mp3",0.84],-1],0,0,[],[],[]],[[[0,"bat",".mp3",0.912],-1],0,0,[],[],[]],[[[0,"men",".mp3",0.864],-1],0,0,[],[],[]],[[[0,"hate",".mp3",0.912],-1],0,0,[],[],[]],[[[0,"red",".mp3",0.936],-1],0,0,[],[],[]],[[[0,"mug",".mp3",0.864],-1],0,0,[],[],[]],[[{"name":"mom","rect":[0,3,326,509],"offset":[-1,-1.5],"originalSize":[328,512],"capInsets":[0,0,0,0]}],[0],0,[0],[0],[1]],[[[0,"beg",".mp3",0.936],-1],0,0,[],[],[]],[["0,9729,9729,33071,33071,0,0,1",-1],[1],0,[],[],[]],[[{"name":"spelling_bed","rect":[0,0,370,273],"offset":[0,0],"originalSize":[370,273],"capInsets":[0,0,0,0]}],[0],0,[0],[0],[2]],[[{"name":"spelling_red","rect":[0,0,370,273],"offset":[0,0],"originalSize":[370,273],"capInsets":[0,0,0,0]}],[0],0,[0],[0],[3]],[[[0,"ten",".mp3",0.816],-1],0,0,[],[],[]],[[[0,"hot",".mp3",0.888],-1],0,0,[],[],[]],[[[0,"bug",".mp3",0.936],-1],0,0,[],[],[]],[[[0,"pen",".mp3",0.768],-1],0,0,[],[],[]],[["0,9729,9729,33071,33071,0,0,1",-1],[1],0,[],[],[]],[["0,9729,9729,33071,33071,0,0,1",-1],[1],0,[],[],[]],[[{"name":"spelling_hen","rect":[0,0,370,273],"offset":[0,0],"originalSize":[370,273],"capInsets":[0,0,0,0]}],[0],0,[0],[0],[4]],[[[0,"map",".mp3",0.84],-1],0,0,[],[],[]],[[[0,"bed",".mp3",0.888],-1],0,0,[],[],[]],[["0,9729,9729,33071,33071,0,0,1",-1],[1],0,[],[],[]],[[[0,"home",".mp3",0.816],-1],0,0,[],[],[]],[[[0,"hug",".mp3",0.816],-1],0,0,[],[],[]],[["0,9729,9729,33071,33071,0,0,1",-1],[1],0,[],[],[]],[[[0,"tap",".mp3",0.744],-1],0,0,[],[],[]]]]