[1,["01NcrWLgRCG711TphcBcnX","57eIT4YCVEV477HhRkyeqf"],["_textureSetter"],["cc.Texture2D","cc.SpriteFrame",["cc.JsonAsset",["_name","json"],1],["cc.AudioClip",["_name","_native","duration"],0]],[[3,0,1,2,4],[2,0,1,3]],[[["0,9729,9729,33071,33071,0,0,1",-1],[0],0,[],[],[]],[[[1,"kn1503",{"rows":[["phonictractor","1","Description","6","ಕೌ","ಕೌ.mp3","ಕ","ಕ.mp3","ೌ","ೌ.mp3"],["spelldoor","1","Description","ಕೌದಿ","**","0","0","quilt.png","ಕೌದಿ.mp3"],["phonictractor","1","Description","6","ಕಂ","ಕಂ.mp3","ಕ","ಕ.mp3","ಂ","ಂ.mp3"],["spelldoor","1","Description","ಕಂಬ","**","0","0","pillar.png","ಕಂಬ.mp3"],["phonictractor","1","Description","6","ಕಃ","ಕಃ.mp3","ಕ","ಕ.mp3","ಃ","ಃ.mp3"],["quizliteracy","1","Description","soundonly_word","ಕೌ","ಕಂ","ಕೌ","ಕಃ","","","ಕೌ.mp3"],["quizliteracy","1","Description","soundonly_word","ಕಂಬ","ಕಂಬ","ಕೌದಿ","ಕೌದಿ","","","ಕಂಬ.mp3"],["quizliteracy","1","Description","soundonly_word","ಕಃ","ಕಂ","ಕೌ","ಕಃ","","","ಕಃ.mp3"]]}]],0,0,[],[],[]],[[[0,"ಃ",".mp3",0.504],-1],0,0,[],[],[]],[[[0,"ಕೌದಿ",".mp3",0.744],-1],0,0,[],[],[]],[[[0,"ಕಂಬ",".mp3",0.672],-1],0,0,[],[],[]],[["0,9729,9729,33071,33071,0,0,1",-1],[0],0,[],[],[]],[[[0,"ೌ",".mp3",0.576],-1],0,0,[],[],[]],[[[0,"ಕಃ",".mp3",0.552],-1],0,0,[],[],[]],[[{"name":"quilt","rect":[0,0,512,426],"offset":[0,0],"originalSize":[512,426],"capInsets":[0,0,0,0]}],[1],0,[0],[0],[0]],[[{"name":"pillar","rect":[0,0,341,512],"offset":[0,0],"originalSize":[341,512],"capInsets":[0,0,0,0]}],[1],0,[0],[0],[1]],[[[0,"ಕೌ",".mp3",0.624],-1],0,0,[],[],[]],[[[0,"ಂ",".mp3",0.504],-1],0,0,[],[],[]],[[[0,"ಕ",".mp3",0.504],-1],0,0,[],[],[]],[[[0,"ಕಂ",".mp3",0.528],-1],0,0,[],[],[]]]]