[1,["ef5WhgQt5D9Y7Ob5DS2euO","9dpzbkGCRLHbJRYetujtQb","65DOO0c/hAaLG5IUPlcja+","faTYvSzmREY5JDMYrHiEzq","56yOtcdSNCMpvek0bD7OVa","72iCRo3jhCH7f6NsIxB7gP","76v0F4JRZDKIuVgauS9f7k","a5DmlrX/5Eopqv9VaJe9PN","4cRpENzGxE3Yn7XsOMDOG9","e9+I6Y1mFATa1R+x0PXVs8","59ynGWyTtI9aT5HvCUEoNZ","34N/87hA9LuoQF7zBVAHEA","1c4E2uYkZIv6CNUTrj4pvq","a0w5V7VF1GOqTygNEz+D8G","34sv4gqK5Au62mfyUJM+x5","7cjhr8jXJOHKyVcWtgv893","1bX5FocNRKIb3h/yeDMixe","69bWL2HHxO+IDUbFmaHLaq","746l3vUNVKELz5ccneVr9i","95l7wCtBBFebKVzsiceJJN","99qC6KtbNI+pAVYj3ks8Fx","4ecrWIAMROGakORfd2dUd7","bdQne3rflBc6b5QniDJIGm","f2GCU5bWFC4o74AeWdYQtJ","9f7GhVNd9E8a/msy4Y8vXN","77FWmj3VdBaKIIhMk7FZri","37QPDQJchA67h61Kn16W5I","f2cbtozUxIfaPUCCbxf/in","01bw1oQk1FToqBCpiizcN6","42VpYr1dBFzJzwsvaJbIff","4evtr8EVdOxrhjv2o6UI74","35jWM88hhNoYb6PWYKwRqt","d0UEBqKzZJTrXfjWYnNmeh","04272rudNC0qLbHIQ2i0WD","ab0p4pWixAzK40OuKAPdwU","f7eu3JRqRMhaSf1qOL45/a","61Tj3EK3RDHZpSbSstUmoF","831453ynNC9InQxQahc7Z7","b9XbSotvdMAK4/sFoFN3xn","50GNMvhdFDO57nRL9wE8dk"],["_textureSetter"],["cc.Texture2D","cc.SpriteFrame",["cc.AudioClip",["_name","_native","duration"],0],["cc.JsonAsset",["_name","json"],1]],[[2,0,1,2,4],[3,0,1,3]],[[["1,9729,9729,33071,33071,0,0,1",-1],[0],0,[],[],[]],[["0,9729,9729,33071,33071,0,0,1",-1],[0],0,[],[],[]],[[{"name":"ap_puzzle9_monkey2_puzzle","rect":[2,1,48,100],"offset":[0.5,5],"originalSize":[51,112],"capInsets":[0,0,0,0]}],[1],0,[0],[0],[0]],[[{"name":"ap_puzzle9_crocodile_puzzle","rect":[3,3,345,115],"offset":[0,7.5],"originalSize":[351,136],"capInsets":[0,0,0,0]}],[1],0,[0],[0],[1]],[["0,9729,9729,33071,33071,0,0,1",-1],[0],0,[],[],[]],[[{"name":"ap_puzzle9_monkey3_puzzle","rect":[5,7,135,179],"offset":[1,3.5],"originalSize":[143,200],"capInsets":[0,0,0,0]}],[1],0,[0],[0],[2]],[["1,9729,9729,33071,33071,0,0,1",-1],[0],0,[],[],[]],[[{"name":"ap_puzzle6_squirrel2_puzzle","rect":[7,5,211,329],"offset":[2,3],"originalSize":[221,345],"capInsets":[0,0,0,0]}],[1],0,[0],[0],[3]],[[{"name":"ap_puzzle1_background","rect":[0,0,802,432],"offset":[0,0],"originalSize":[802,432],"capInsets":[0,0,0,0]}],[1],0,[0],[0],[4]],[[[0,"mom_penguin_and_baby_penguin",".mp3",3.312],-1],0,0,[],[],[]],[[[0,"pig",".mp3",0.768],-1],0,0,[],[],[]],[[{"name":"ap2_puzzle4_background","rect":[0,0,802,432],"offset":[0,0],"originalSize":[802,432],"capInsets":[0,0,0,0]}],[1],0,[0],[0],[5]],[[{"name":"ap2_puzzle8_rabbit_puzzle","rect":[4,0,210,380],"offset":[0,4.5],"originalSize":[218,389],"capInsets":[0,0,0,0]}],[1],0,[0],[0],[6]],[[{"name":"ap2_puzzle2_lizard_puzzle","rect":[1,2,489,129],"offset":[0,4],"originalSize":[491,141],"capInsets":[0,0,0,0]}],[1],0,[0],[0],[7]],[[{"name":"ap_puzzle8_hyena2_puzzle","rect":[3,8,245,207],"offset":[-1.5,1.5],"originalSize":[254,226],"capInsets":[0,0,0,0]}],[1],0,[0],[0],[8]],[["1,9729,9729,33071,33071,0,0,1",-1],[0],0,[],[],[]],[["0,9729,9729,33071,33071,0,0,1",-1],[0],0,[],[],[]],[[[0,"monkeys_and_crocodile",".mp3",2.376],-1],0,0,[],[],[]],[["0,9729,9729,33071,33071,0,0,1",-1],[0],0,[],[],[]],[["0,9729,9729,33071,33071,0,0,1",-1],[0],0,[],[],[]],[[{"name":"ap2_puzzle8_background","rect":[0,0,802,432],"offset":[0,0],"originalSize":[802,432],"capInsets":[0,0,0,0]}],[1],0,[0],[0],[9]],[["0,9729,9729,33071,33071,0,0,1",-1],[0],0,[],[],[]],[[{"name":"ap2_puzzle9_background","rect":[0,0,802,432],"offset":[0,0],"originalSize":[802,432],"capInsets":[0,0,0,0]}],[1],0,[0],[0],[10]],[["0,9729,9729,33071,33071,0,0,1",-1],[0],0,[],[],[]],[["0,9729,9729,33071,33071,0,0,1",-1],[0],0,[],[],[]],[["0,9729,9729,33071,33071,0,0,1",-1],[0],0,[],[],[]],[["0,9729,9729,33071,33071,0,0,1",-1],[0],0,[],[],[]],[[[0,"rabbit_and_flower",".mp3",2.088],-1],0,0,[],[],[]],[[{"name":"ap_puzzle8_background","rect":[0,0,802,432],"offset":[0,0],"originalSize":[802,432],"capInsets":[0,0,0,0]}],[1],0,[0],[0],[11]],[["1,9729,9729,33071,33071,0,0,1",-1],[0],0,[],[],[]],[[{"name":"ap_puzzle9_background","rect":[0,0,802,432],"offset":[0,0],"originalSize":[802,432],"capInsets":[0,0,0,0]}],[1],0,[0],[0],[12]],[["1,9729,9729,33071,33071,0,0,1",-1],[0],0,[],[],[]],[[{"name":"ap_puzzle1_meerkat2_puzzle","rect":[2,0,130,325],"offset":[0.5,6],"originalSize":[133,337],"capInsets":[0,0,0,0]}],[1],0,[0],[0],[13]],[[[0,"zebra",".mp3",1.152],-1],0,0,[],[],[]],[[{"name":"ap_puzzle8_hyena1_puzzle","rect":[11,3,220,103],"offset":[2.5,5],"originalSize":[237,119],"capInsets":[0,0,0,0]}],[1],0,[0],[0],[14]],[["0,9729,9729,33071,33071,0,0,1",-1],[0],0,[],[],[]],[[{"name":"ap2_puzzle4_mouse_puzzle","rect":[3,1,631,327],"offset":[0.5,5],"originalSize":[636,339],"capInsets":[0,0,0,0]}],[1],0,[0],[0],[15]],[["0,9729,9729,33071,33071,0,0,1",-1],[0],0,[],[],[]],[[{"name":"ap_puzzle8_hyena4_puzzle","rect":[3,3,202,214],"offset":[-1,5],"originalSize":[210,230],"capInsets":[0,0,0,0]}],[1],0,[0],[0],[16]],[["1,9729,9729,33071,33071,0,0,1",-1],[0],0,[],[],[]],[[{"name":"ap2_puzzle12_background","rect":[0,0,802,432],"offset":[0,0],"originalSize":[802,432],"capInsets":[0,0,0,0]}],[1],0,[0],[0],[17]],[["1,9729,9729,33071,33071,0,0,1",-1],[0],0,[],[],[]],[["0,9729,9729,33071,33071,0,0,1",-1],[0],0,[],[],[]],[["0,9729,9729,33071,33071,0,0,1",-1],[0],0,[],[],[]],[["0,9729,9729,33071,33071,0,0,1",-1],[0],0,[],[],[]],[[{"name":"ap_puzzle9_monkey1_puzzle","rect":[2,1,69,124],"offset":[0.5,5],"originalSize":[72,136],"capInsets":[0,0,0,0]}],[1],0,[0],[0],[18]],[[{"name":"ap2_puzzle12_zebra2_puzzle","rect":[1,2,244,326],"offset":[-0.5,4],"originalSize":[247,338],"capInsets":[0,0,0,0]}],[1],0,[0],[0],[19]],[["0,9729,9729,33071,33071,0,0,1",-1],[0],0,[],[],[]],[[{"name":"ap_puzzle1_meerkat1_puzzle","rect":[0,0,204,240],"offset":[-1,4.5],"originalSize":[206,249],"capInsets":[0,0,0,0]}],[1],0,[0],[0],[20]],[["1,9729,9729,33071,33071,0,0,1",-1],[0],0,[],[],[]],[[{"name":"pig","rect":[0,0,512,390],"offset":[0,0],"originalSize":[512,390],"capInsets":[0,0,0,0]}],[1],0,[0],[0],[21]],[["0,9729,9729,33071,33071,0,0,1",-1],[0],0,[],[],[]],[[[0,"meerkats",".mp3",1.536],-1],0,0,[],[],[]],[["0,9729,9729,33071,33071,0,0,1",-1],[0],0,[],[],[]],[[{"name":"rabbit","rect":[0,0,512,502],"offset":[0,0],"originalSize":[512,502],"capInsets":[0,0,0,0]}],[1],0,[0],[0],[22]],[[{"name":"ap_puzzle9_monkey4_puzzle","rect":[4,11,89,184],"offset":[-0.5,1],"originalSize":[98,208],"capInsets":[0,0,0,0]}],[1],0,[0],[0],[23]],[["0,9729,9729,33071,33071,0,0,1",-1],[0],0,[],[],[]],[[{"name":"ap2_puzzle2_background","rect":[0,0,802,432],"offset":[0,0],"originalSize":[802,432],"capInsets":[0,0,0,0]}],[1],0,[0],[0],[24]],[["1,9729,9729,33071,33071,0,0,1",-1],[0],0,[],[],[]],[["0,9729,9729,33071,33071,0,0,1",-1],[0],0,[],[],[]],[[{"name":"ap_puzzle8_hyena3_puzzle","rect":[5,6,178,238],"offset":[0.5,4.5],"originalSize":[187,259],"capInsets":[0,0,0,0]}],[1],0,[0],[0],[25]],[["0,9729,9729,33071,33071,0,0,1",-1],[0],0,[],[],[]],[[{"name":"ap2_puzzle8_flower_puzzle","rect":[2,3,127,266],"offset":[-0.5,3.5],"originalSize":[132,279],"capInsets":[0,0,0,0]}],[1],0,[0],[0],[26]],[["0,9729,9729,33071,33071,0,0,1",-1],[0],0,[],[],[]],[[{"name":"ap2_puzzle9_pig1_puzzle","rect":[2,0,250,273],"offset":[0.5,4.5],"originalSize":[253,282],"capInsets":[0,0,0,0]}],[1],0,[0],[0],[27]],[[[0,"turtle",".mp3",0.984],-1],0,0,[],[],[]],[[{"name":"ap_puzzle6_background","rect":[0,0,802,432],"offset":[0,0],"originalSize":[802,432],"capInsets":[0,0,0,0]}],[1],0,[0],[0],[28]],[["0,9729,9729,33071,33071,0,0,1",-1],[0],0,[],[],[]],[["0,9729,9729,33071,33071,0,0,1",-1],[0],0,[],[],[]],[[[0,"squirrel",".mp3",1.152],-1],0,0,[],[],[]],[[{"name":"ap2_puzzle3_turtle_puzzle","rect":[3,2,530,207],"offset":[1,3],"originalSize":[534,217],"capInsets":[0,0,0,0]}],[1],0,[0],[0],[29]],[[[0,"mouse",".mp3",0.984],-1],0,0,[],[],[]],[[{"name":"mouse","rect":[0,0,444,512],"offset":[0,0],"originalSize":[444,512],"capInsets":[0,0,0,0]}],[1],0,[0],[0],[30]],[[{"name":"zebra","rect":[0,0,2555,1692],"offset":[0,0],"originalSize":[2555,1692],"capInsets":[0,0,0,0]}],[1],0,[0],[0],[31]],[[[0,"hyena",".mp3",1.224],-1],0,0,[],[],[]],[["0,9729,9729,33071,33071,0,0,1",-1],[0],0,[],[],[]],[[[1,"en1901",{"rows":[["pictureboard","1","Description","Hyena","ap_puzzle8_background.jpg","4","","hyena.mp3","ap_puzzle8_hyena1_puzzle.png","394","668","","ap_puzzle8_hyena2_puzzle.png","930","572","","ap_puzzle8_hyena3_puzzle.png","394","58","","ap_puzzle8_hyena4_puzzle.png","791","30"],["pictureboard","1","Description","Lizard","ap2_puzzle2_background.jpg","1","","lizard.mp3","ap2_puzzle2_lizard_puzzle.png","340","250"],["pictureboard","1","Description","Meerkats","ap_puzzle1_background.jpg","2","","meerkats.mp3","ap_puzzle1_meerkat1_puzzle.png","630","168","","ap_puzzle1_meerkat2_puzzle.png","1348","110"],["pictureboard","1","Description","Mom Penguin and Baby Penguin","ap2_puzzle6_background.jpg","2","","mom_penguin_and_baby_penguin.mp3","ap2_puzzle6_baby_puzzle.png","1444","88","","ap2_puzzle6_mom_puzzle.png","374","30"],["pictureboard","1","Description","Monkeys and Crocodile","ap_puzzle9_background.jpg","5","","monkeys_and_crocodile.mp3","ap_puzzle9_crocodile_puzzle.png","710","0","","ap_puzzle9_monkey1_puzzle.png","474","530","","ap_puzzle9_monkey2_puzzle.png","654","616","","ap_puzzle9_monkey3_puzzle.png","1510","442","","ap_puzzle9_monkey4_puzzle.png","1966","672"],["pictureboard","1","Description","Mouse","ap2_puzzle4_background.jpg","1","","mouse.mp3","ap2_puzzle4_mouse_puzzle.png","428","56"],["pictureboard","1","Description","Pig","ap2_puzzle9_background.jpg","2","","pig.mp3","ap2_puzzle9_pig1_puzzle.png","635","250","","ap2_puzzle9_pig2_puzzle.png","1118","165"],["pictureboard","1","Description","Rabbit and Flower","ap2_puzzle8_background.jpg","2","","rabbit_and_flower.mp3","ap2_puzzle8_flower_puzzle.png","572","106","","ap2_puzzle8_rabbit_puzzle.png","1228","66"],["pictureboard","1","Description","Squirrel","ap_puzzle6_background.jpg","3","","squirrel.mp3","ap_puzzle6_squirrel1_puzzle.png","780","504","","ap_puzzle6_squirrel2_puzzle.png","1016","0","","ap_puzzle6_squirrel3_puzzle.png","1492","280"],["pictureboard","1","Description","Turtle","ap2_puzzle3_background.jpg","1","","turtle.mp3","ap2_puzzle3_turtle_puzzle.png","548","156"],["pictureboard","1","Description","Zebra","ap2_puzzle12_background.jpg","2","","zebra.mp3","ap2_puzzle12_zebra1_puzzle.png","570","98","","ap2_puzzle12_zebra2_puzzle.png","1030","98"],["quizliteracy","1","Description","image_word","zebra","snake","zebra","rabbit","zebra.png"],["quizliteracy","1","Description","image_word","rabbit","rabbit","bear","leopard","rabbit.png"],["quizliteracy","1","Description","image_word","mouse","zebra","rabbit","mouse","mouse.png"],["quizliteracy","1","Description","image_word","pig","lizard","turtle","pig","pig.png"],["quizliteracy","1","Description","soundonly_word","lizard","meerkats","dog","lizard","","","lizard.mp3"]]}]],0,0,[],[],[]],[[{"name":"ap2_puzzle12_zebra1_puzzle","rect":[2,1,201,333],"offset":[-1,5],"originalSize":[207,345],"capInsets":[0,0,0,0]}],[1],0,[0],[0],[32]],[[{"name":"ap2_puzzle9_pig2_puzzle","rect":[2,1,281,307],"offset":[0,4.5],"originalSize":[285,318],"capInsets":[0,0,0,0]}],[1],0,[0],[0],[33]],[[{"name":"ap_puzzle6_squirrel3_puzzle","rect":[2,2,146,326],"offset":[-0.5,0],"originalSize":[151,330],"capInsets":[0,0,0,0]}],[1],0,[0],[0],[34]],[["1,9729,9729,33071,33071,0,0,1",-1],[0],0,[],[],[]],[[{"name":"ap2_puzzle6_background","rect":[0,0,802,432],"offset":[0,0],"originalSize":[802,432],"capInsets":[0,0,0,0]}],[1],0,[0],[0],[35]],[[{"name":"ap_puzzle6_squirrel1_puzzle","rect":[4,7,184,227],"offset":[1.5,1.5],"originalSize":[189,244],"capInsets":[0,0,0,0]}],[1],0,[0],[0],[36]],[["0,9729,9729,33071,33071,0,0,1",-1],[0],0,[],[],[]],[[{"name":"ap2_puzzle3_background","rect":[0,0,802,432],"offset":[0,0],"originalSize":[802,432],"capInsets":[0,0,0,0]}],[1],0,[0],[0],[37]],[["0,9729,9729,33071,33071,0,0,1",-1],[0],0,[],[],[]],[["0,9729,9729,33071,33071,0,0,1",-1],[0],0,[],[],[]],[[{"name":"ap2_puzzle6_baby_puzzle","rect":[3,3,143,178],"offset":[0.5,3.5],"originalSize":[148,191],"capInsets":[0,0,0,0]}],[1],0,[0],[0],[38]],[["1,9729,9729,33071,33071,0,0,1",-1],[0],0,[],[],[]],[["0,9729,9729,33071,33071,0,0,1",-1],[0],0,[],[],[]],[[{"name":"ap2_puzzle6_mom_puzzle","rect":[2,2,247,377],"offset":[-0.5,4.5],"originalSize":[252,390],"capInsets":[0,0,0,0]}],[1],0,[0],[0],[39]],[[[0,"lizard",".mp3",1.128],-1],0,0,[],[],[]]]]