[1,["5exbGEYZtCNIZe3e6k8/B7","8anvJp/MNHTaNSesWMh5A9","13OzkQHRtI4bZ7HeUaI1w0","69mB8mytlLgIrXSBzIVyhn"],["_textureSetter"],["cc.Texture2D","cc.SpriteFrame",["cc.JsonAsset",["_name","json"],1],["cc.AudioClip",["_name","_native","duration"],0]],[[2,0,1,3],[3,0,1,2,4]],[[["0,9729,9729,33071,33071,0,0,1",-1],[0],0,[],[],[]],[[{"name":"pen","rect":[0,0,800,533],"offset":[0,0],"originalSize":[800,533],"capInsets":[0,0,0,0]}],[1],0,[0],[0],[0]],[["0,9729,9729,33071,33071,0,0,1",-1],[0],0,[],[],[]],[[{"name":"mouse","rect":[0,0,880,620],"offset":[0,0],"originalSize":[880,620],"capInsets":[0,0,0,0]}],[1],0,[0],[0],[1]],[["0,9729,9729,33071,33071,0,0,1",-1],[0],0,[],[],[]],[[{"name":"house","rect":[0,0,1200,1000],"offset":[0,0],"originalSize":[1200,1000],"capInsets":[0,0,0,0]}],[1],0,[0],[0],[2]],[[[0,"sl_en3201",{"rows":[["openwindow","1","Description","LEGIT","calves","calves.png","calf.png","calves.mp3","abcdefghijklmnopqrstuvwxyz"],["openwindow","1","Description","LEGIT","flies","flies.png","fly.png","flies.mp3","abcdefghijklmnopqrstuvwxyz"],["openwindow","1","Description","LEGIT","ring","ring.png","rings.png","ring.mp3","abcdefghijklmnopqrstuvwxyz"],["openwindow","1","Description","LEGIT","houses","houses.png","house.png","houses.mp3","abcdefghijklmnopqrstuvwxyz"],["openwindow","1","Description","LEGIT","bed","bed.png","beds.png","bed.mp3","abcdefghijklmnopqrstuvwxyz"],["openwindow","1","Description","LEGIT","pens","pens.png","pen.png","pens.mp3","abcdefghijklmnopqrstuvwxyz"],["openwindow","1","Description","LEGIT","mice","mice.png","mouse.png","mice.mp3","abcdefghijklmnopqrstuvwxyz"],["openwindow","1","Description","LEGIT","knives","knives.png","knife.png","knives.mp3","abcdefghijklmnopqrstuvwxyz"],["openwindow","1","Description","LEGIT","foxes","foxes.png","fox.png","foxes.mp3","abcdefghijklmnopqrstuvwxyz"],["quizliteracy","1","Description","word_word","ves","s","es","ves","","cal___","calves.mp3"],["quizliteracy","1","Description","word_word","ies","ies","es","s","","fl___","flies.mp3"],["quizliteracy","1","Description","word_word","s","es","s","ies","","house_","houses.mp3"]]}]],0,0,[],[],[]],[["0,9729,9729,33071,33071,0,0,1",-1],[0],0,[],[],[]],[[[1,"bed",".mp3",0.600816],-1],0,0,[],[],[]],[[{"name":"bed","rect":[0,31,140,79],"offset":[0,-0.5],"originalSize":[140,140],"capInsets":[0,0,0,0]}],[1],0,[0],[0],[3]]]]