[1,["52FlqRbqdNtr5glVVyDjEM","c53Pp0+NVL+64dXEOY6ehH","fcHWTV9YBID6aRHi/KDSGP","a6x9B23HlCK5mbUYj7cuWb","ectXf/oOZJ9rRBAN3t1hKl","75kwB45C9FOIP1/8AxueTj","e2sPzVEBpJzZqDMvLWu0Ws"],["_textureSetter"],["cc.SpriteFrame","cc.Texture2D",["cc.AudioClip",["_name","_native","duration"],0],["cc.JsonAsset",["_name","json"],1]],[[2,0,1,2,4],[3,0,1,3]],[[[{"name":"red","rect":[0,0,512,490],"offset":[0,0],"originalSize":[512,490],"capInsets":[0,0,0,0]}],[0],0,[0],[0],[0]],[[[0,"orange",".mp3",1.152],-1],0,0,[],[],[]],[[[0,"red",".mp3",0.864],-1],0,0,[],[],[]],[[[0,"violet",".mp3",1.2],-1],0,0,[],[],[]],[[{"name":"indigo","rect":[0,0,615,588],"offset":[0,0],"originalSize":[615,588],"capInsets":[0,0,0,0]}],[0],0,[0],[0],[1]],[[{"name":"blue","rect":[0,0,615,588],"offset":[0,0],"originalSize":[615,588],"capInsets":[0,0,0,0]}],[0],0,[0],[0],[2]],[[[1,"en3700",{"rows":[["spelldoor","1","Description","red","re*","4","2","red.png","red.mp3"],["spelldoor","1","Description","green","**een","4","4","green.png","green.mp3"],["spelldoor","1","Description","blue","bl*e","2","1","blue.png","blue.mp3"],["spelldoor","1","Description","indigo","indi**","4","1","indigo.png","indigo.mp3"],["spelldoor","1","Description","orange","*range","1","0","orange.png","orange.mp3"],["spelldoor","1","Description","yellow","ye***w","0","1","yellow.png","yellow.mp3"],["spelldoor","1","Description","violet","**olet","0","2","violet.png","violet.mp3"],["quizliteracy","1","Description","image_word","green","green","red","blue","green.png"],["quizliteracy","1","Description","image_word","orange","red","blue","orange","orange.png"],["quizliteracy","1","Description","image_word","violet","yellow","violet","red","violet.png"]]}]],0,0,[],[],[]],[["0,9729,9729,33071,33071,0,0,1",-1],[1],0,[],[],[]],[[[0,"indigo",".mp3",1.08],-1],0,0,[],[],[]],[[{"name":"violet","rect":[0,0,619,588],"offset":[0,0],"originalSize":[619,588],"capInsets":[0,0,0,0]}],[0],0,[0],[0],[3]],[["0,9729,9729,33071,33071,0,0,1",-1],[1],0,[],[],[]],[[{"name":"yellow","rect":[0,0,615,588],"offset":[0,0],"originalSize":[615,588],"capInsets":[0,0,0,0]}],[0],0,[0],[0],[4]],[[{"name":"green","rect":[0,0,512,490],"offset":[0,0],"originalSize":[512,490],"capInsets":[0,0,0,0]}],[0],0,[0],[0],[5]],[[[0,"yellow",".mp3",0.912],-1],0,0,[],[],[]],[[[0,"green",".mp3",1.032],-1],0,0,[],[],[]],[[{"name":"orange","rect":[0,0,615,588],"offset":[0,0],"originalSize":[615,588],"capInsets":[0,0,0,0]}],[0],0,[0],[0],[6]],[["0,9729,9729,33071,33071,0,0,1",-1],[1],0,[],[],[]],[["0,9729,9729,33071,33071,0,0,1",-1],[1],0,[],[],[]],[["0,9729,9729,33071,33071,0,0,1",-1],[1],0,[],[],[]],[[[0,"blue",".mp3",0.864],-1],0,0,[],[],[]],[["0,9729,9729,33071,33071,0,0,1",-1],[1],0,[],[],[]],[["0,9729,9729,33071,33071,0,0,1",-1],[1],0,[],[],[]]]]