[1,["7etVUaadxBRpcLp6Safwu6","01qSM9OO5PZ48iUdaIxN96","c0+mo4paRJzZTde3fMROaq","1fYaFdUCJCh43RqtSz9u4z","d7oXs8x9ZHW7f5ZV4wzkFa","f5zRhjP3lOMaMG9fYI0pIb"],["_textureSetter"],["cc.Texture2D","cc.SpriteFrame",["cc.AudioClip",["_name","_native","duration"],0],["cc.JsonAsset",["_name","json"],1]],[[2,0,1,2,4],[3,0,1,3]],[[["0,9729,9729,33071,33071,0,0,1",-1],[0],0,[],[],[]],[[[0,"ಮೇಕೆ",".mp3",0.72],-1],0,0,[],[],[]],[["0,9729,9729,33071,33071,0,0,1",-1],[0],0,[],[],[]],[[[0,"ಎ",".mp3",0.504],-1],0,0,[],[],[]],[[[0,"ಹೆಡೆ",".mp3",0.648],-1],0,0,[],[],[]],[[[1,"kn2002",{"rows":[["spelldoor","1","Description","ಕೆರೆ","**","0","0","lake.png","ಕೆರೆ.mp3"],["spelldoor","1","Description","ಮೇಕೆ","**","0","0","goat.png","ಮೇಕೆ.mp3"],["spelldoor","1","Description","ಸೈನಿಕ","***","0","0","soldier.png","ಸೈನಿಕ.mp3"],["rocket","1","Description","ಗೆಳೆಯ","ಗೆ,ಳೆ,ಯ","ಗೆ,ಳೆ,ಯ","ಗೆಳೆಯ.mp3","friend.png","False","False"],["openwindow","1","Description","LEGIT","ಹೆ,ಡೆ","cobra_hood.png","bird.png","ಹೆಡೆ.mp3","ಹೆ,ಡೆ"],["phonictractor","1","Description","4","ಎಡೆ","ಎಡೆ.mp3","ಎ","ಎ.mp3","ಡೆ","ಡೆ.mp3"],["phonictractor","1","Description","4","ತೆನೆ","ತೆನೆ.mp3","ತೆ","ತೆ.mp3","ನೆ","ನೆ.mp3"],["quizliteracy","1","Description","word_word","ಮೇ","ತೇ","ಮೇ","ಗೇ","","__ಕೆ","ಮೇಕೆ.mp3"],["quizliteracy","1","Description","image_word","ಗೆಳೆಯ","ಜಡೆ","ಬೆಲೆ","ಗೆಳೆಯ","friend.png"],["quizliteracy","1","Description","soundonly_word","ತೆನೆ","ಬೆಲೆ","ತೆನೆ","ಸೈನಿಕ","","","ತೆನೆ.mp3"]]}]],0,0,[],[],[]],[["0,9729,9729,33071,33071,0,0,1",-1],[0],0,[],[],[]],[[[0,"ಗೆಳೆಯ",".mp3",0.72],-1],0,0,[],[],[]],[[{"name":"bird","rect":[0,0,512,406],"offset":[0,0],"originalSize":[512,406],"capInsets":[0,0,0,0]}],[1],0,[0],[0],[0]],[[[0,"ಸೈನಿಕ",".mp3",0.888],-1],0,0,[],[],[]],[[{"name":"cobra_hood","rect":[0,0,500,333],"offset":[0,0],"originalSize":[500,333],"capInsets":[0,0,0,0]}],[1],0,[0],[0],[1]],[[{"name":"lake","rect":[0,0,512,288],"offset":[0,0],"originalSize":[512,288],"capInsets":[0,0,0,0]}],[1],0,[0],[0],[2]],[[[0,"ತೆನೆ",".mp3",0.624],-1],0,0,[],[],[]],[[{"name":"soldier","rect":[0,0,500,333],"offset":[0,0],"originalSize":[500,333],"capInsets":[0,0,0,0]}],[1],0,[0],[0],[3]],[[[0,"ತೆ",".mp3",0.528],-1],0,0,[],[],[]],[[[0,"ನೆ",".mp3",0.528],-1],0,0,[],[],[]],[["0,9729,9729,33071,33071,0,0,1",-1],[0],0,[],[],[]],[["0,9729,9729,33071,33071,0,0,1",-1],[0],0,[],[],[]],[[[0,"ಕೆರೆ",".mp3",0.624],-1],0,0,[],[],[]],[[[0,"ಎಡೆ",".mp3",0.888],-1],0,0,[],[],[]],[[[0,"ಡೆ",".mp3",0.528],-1],0,0,[],[],[]],[[{"name":"friend","rect":[0,0,512,340],"offset":[0,0],"originalSize":[512,340],"capInsets":[0,0,0,0]}],[1],0,[0],[0],[4]],[["0,9729,9729,33071,33071,0,0,1",-1],[0],0,[],[],[]],[[{"name":"goat","rect":[0,0,333,500],"offset":[0,0],"originalSize":[333,500],"capInsets":[0,0,0,0]}],[1],0,[0],[0],[5]]]]