[1,["cd+YObZCtLxIw0Z4LF4Xjg","97PokkJlNE2KwrdpTJ0Am+","e3158XO5hAgZVcp4xVxJ2M","5ftOhLMT9Aw61okMjBBCrZ","3c5XNTMZ1J3IVoq7Y5qqSh","01hjb6uNVN2ahPYvvuV0kB","93SsTcOClL5pSiUaHLcUlK","84tdyyrz1E3Kx3BG+t+mVH"],["_textureSetter"],["cc.Texture2D","cc.SpriteFrame",["cc.AudioClip",["_name","_native","duration"],0],["cc.JsonAsset",["_name","json"],1]],[[2,0,1,2,4],[3,0,1,3]],[[[[0,"nurse",".mp3",0.96],-1],0,0,[],[],[]],[["0,9729,9729,33071,33071,0,0,1",-1],[0],0,[],[],[]],[[{"name":"police","rect":[0,0,477,512],"offset":[0,0],"originalSize":[477,512],"capInsets":[0,0,0,0]}],[1],0,[0],[0],[0]],[[[0,"grocer",".mp3",1.2],-1],0,0,[],[],[]],[["0,9729,9729,33071,33071,0,0,1",-1],[0],0,[],[],[]],[[{"name":"farmer","rect":[0,0,512,331],"offset":[0,0],"originalSize":[512,331],"capInsets":[0,0,0,0]}],[1],0,[0],[0],[1]],[[{"name":"doctor","rect":[183,18,234,570],"offset":[0,-3],"originalSize":[600,600],"capInsets":[0,0,0,0]}],[1],0,[0],[0],[2]],[[[1,"en2007",{"rows":[["openwindow","1","Description","LEGIT","police","police.png","sweeper.png","police.mp3","abcdefghijklmnopqrstuvwxyz"],["openwindow","1","Description","LEGIT","doctor","doctor.png","grocer.png","doctor.mp3","abcdefghijklmnopqrstuvwxyz"],["openwindow","1","Description","LEGIT","teacher","teacher.png","nurse.png","teacher.mp3","abcdefghijklmnopqrstuvwxyz"],["openwindow","1","Description","LEGIT","barber","barber.png","police.png","barber.mp3","abcdefghijklmnopqrstuvwxyz"],["openwindow","1","Description","LEGIT","sweeper","sweeper.png","doctor.png","sweeper.mp3","abcdefghijklmnopqrstuvwxyz"],["openwindow","1","Description","LEGIT","grocer","grocer.png","teacher.png","grocer.mp3","abcdefghijklmnopqrstuvwxyz"],["openwindow","1","Description","LEGIT","nurse","nurse.png","barber.png","nurse.mp3","abcdefghijklmnopqrstuvwxyz"],["openwindow","1","Description","LEGIT","farmer","farmer.png","doctor.png","farmer.mp3","abcdefghijklmnopqrstuvwxyz"],["quizliteracy","1","Description","image_word","police","police","doctor","barber","police.png"],["quizliteracy","1","Description","image_word","barber","doctor","barber","farmer","barber.png"],["quizliteracy","1","Description","image_word","farmer","nurse","farmer","police","farmer.png"]]}]],0,0,[],[],[]],[["0,9729,9729,33071,33071,0,0,1",-1],[0],0,[],[],[]],[[{"name":"grocer","rect":[0,0,512,442],"offset":[0,0],"originalSize":[512,442],"capInsets":[0,0,0,0]}],[1],0,[0],[0],[3]],[[{"name":"teacher","rect":[0,0,512,315],"offset":[0,0],"originalSize":[512,315],"capInsets":[0,0,0,0]}],[1],0,[0],[0],[4]],[["0,9729,9729,33071,33071,0,0,1",-1],[0],0,[],[],[]],[[[0,"teacher",".mp3",0.96],-1],0,0,[],[],[]],[[{"name":"barber","rect":[0,0,506,512],"offset":[0,0],"originalSize":[506,512],"capInsets":[0,0,0,0]}],[1],0,[0],[0],[5]],[["0,9729,9729,33071,33071,0,0,1",-1],[0],0,[],[],[]],[["0,9729,9729,33071,33071,0,0,1",-1],[0],0,[],[],[]],[[[0,"doctor",".mp3",1.032],-1],0,0,[],[],[]],[[[0,"sweeper",".mp3",1.128],-1],0,0,[],[],[]],[[[0,"farmer",".mp3",1.008],-1],0,0,[],[],[]],[["0,9729,9729,33071,33071,0,0,1",-1],[0],0,[],[],[]],[[[0,"police",".mp3",1.032],-1],0,0,[],[],[]],[[{"name":"nurse","rect":[0,0,512,512],"offset":[0,0],"originalSize":[512,512],"capInsets":[0,0,0,0]}],[1],0,[0],[0],[6]],[[{"name":"sweeper","rect":[0,0,494,512],"offset":[0,0],"originalSize":[494,512],"capInsets":[0,0,0,0]}],[1],0,[0],[0],[7]],[["0,9729,9729,33071,33071,0,0,1",-1],[0],0,[],[],[]],[[[0,"barber",".mp3",1.008],-1],0,0,[],[],[]]]]