[1,["70opOkWUZJKai0RXIRGrGl","03rFwmOW5N9JSeOqZJowtT","7a/VnmKLtOga6b7DuIr7ip","ebsx20b0lNRIUR46WP7vih","a1hTH7aAdP/oCHDdgO23Ne","6d9ALXx0xGlJmhKiWpz/Fl","30756UmSxJFK/R03RT0oLs","297CPSc/NJyo16UXk9xV+E"],["_textureSetter"],["cc.Texture2D","cc.SpriteFrame",["cc.AudioClip",["_name","_native","duration"],0],["cc.JsonAsset",["_name","json"],1]],[[2,0,1,2,4],[3,0,1,3]],[[["0,9729,9729,33071,33071,0,0,1",-1],[0],0,[],[],[]],[["0,9729,9729,33071,33071,0,0,1",-1],[0],0,[],[],[]],[["0,9729,9729,33071,33071,0,0,1",-1],[0],0,[],[],[]],[[{"name":"bee","rect":[0,0,400,512],"offset":[0,0],"originalSize":[400,512],"capInsets":[0,0,0,0]}],[1],0,[0],[0],[0]],[[{"name":"mosquito","rect":[0,0,511,512],"offset":[0,0],"originalSize":[511,512],"capInsets":[0,0,0,0]}],[1],0,[0],[0],[1]],[["0,9729,9729,33071,33071,0,0,1",-1],[0],0,[],[],[]],[["0,9729,9729,33071,33071,0,0,1",-1],[0],0,[],[],[]],[[[0,"cockroach",".mp3",1.392],-1],0,0,[],[],[]],[["0,9729,9729,33071,33071,0,0,1",-1],[0],0,[],[],[]],[[[1,"en1918",{"rows":[["openwindow","1","Description","LEGIT","ant","ant.png","house-fly.png","ant.mp3","abcdefghijklmnopqrstuvwxyz"],["openwindow","1","Description","LEGIT","butterfly","butterfly.png","ladybug.png","butterfly.mp3","abcdefghijklmnopqrstuvwxyz"],["openwindow","1","Description","LEGIT","house-fly","house-fly.png","bee.png","house-fly.mp3","abcdefghijklmnopqrstuvwxyz"],["openwindow","1","Description","LEGIT","cockroach","cockroach.png","mosquito.png","cockroach.mp3","abcdefghijklmnopqrstuvwxyz"],["openwindow","1","Description","LEGIT","ladybug","ladybug.png","ant.png","ladybug.mp3","abcdefghijklmnopqrstuvwxyz"],["openwindow","1","Description","LEGIT","bee","bee.png","wasp.png","bee.mp3","abcdefghijklmnopqrstuvwxyz"],["openwindow","1","Description","LEGIT","wasp","wasp.png","butterfly.png","wasp.mp3","abcdefghijklmnopqrstuvwxyz"],["openwindow","1","Description","LEGIT","mosquito","mosquito.png","cockroach.png","mosquito.mp3","abcdefghijklmnopqrstuvwxyz"],["quizliteracy","1","Description","image_sentence","ant","ant","butterfly","wasp","ant.png","","ant.mp3"],["quizliteracy","1","Description","soundonly_image","cockroach.png","mosquito.png","cockroach.png","wasp.png","","","cockroach.mp3"],["quizliteracy","1","Description","image_sentence","bee","butterfly","wasp","bee","bee.png","","bee.mp3"]]}]],0,0,[],[],[]],[[{"name":"wasp","rect":[0,0,710,599],"offset":[0,0],"originalSize":[710,599],"capInsets":[0,0,0,0]}],[1],0,[0],[0],[2]],[[[0,"ladybug",".mp3",1.2],-1],0,0,[],[],[]],[[[0,"ant",".mp3",0.84],-1],0,0,[],[],[]],[[[0,"butterfly",".mp3",1.272],-1],0,0,[],[],[]],[[{"name":"ladybug","rect":[0,0,510,512],"offset":[0,0],"originalSize":[510,512],"capInsets":[0,0,0,0]}],[1],0,[0],[0],[3]],[[{"name":"ant","rect":[0,0,786,879],"offset":[0,0],"originalSize":[786,879],"capInsets":[0,0,0,0]}],[1],0,[0],[0],[4]],[[[0,"house-fly",".mp3",1.32],-1],0,0,[],[],[]],[[[0,"mosquito",".mp3",1.272],-1],0,0,[],[],[]],[[{"name":"cockroach","rect":[0,0,474,512],"offset":[0,0],"originalSize":[474,512],"capInsets":[0,0,0,0]}],[1],0,[0],[0],[5]],[["0,9729,9729,33071,33071,0,0,1",-1],[0],0,[],[],[]],[[{"name":"butterfly","rect":[0,0,512,512],"offset":[0,0],"originalSize":[512,512],"capInsets":[0,0,0,0]}],[1],0,[0],[0],[6]],[[[0,"wasp",".mp3",1.008],-1],0,0,[],[],[]],[[[0,"bee",".mp3",0.792],-1],0,0,[],[],[]],[["0,9729,9729,33071,33071,0,0,1",-1],[0],0,[],[],[]],[[{"name":"house-fly","rect":[0,0,512,512],"offset":[0,0],"originalSize":[512,512],"capInsets":[0,0,0,0]}],[1],0,[0],[0],[7]]]]