[1,["d5rh1/ZvNH2ZVDz+NGFgjy","11/tNSfpRF1Zj6r8QU79A/","14bS8SfaxOKZS5AR/aKD5+","6e7d75mNdNh50S4s7iQ7hs","50UMjWXm5KyZWdnRnvz2lw","d6jLHiBCtOnrTgmQLqH+sy"],["_textureSetter"],["cc.SpriteFrame","cc.Texture2D",["cc.AudioClip",["_name","_native","duration"],0],["cc.JsonAsset",["_name","json"],1]],[[2,0,1,2,4],[3,0,1,3]],[[[{"name":"सर","rect":[0,0,370,273],"offset":[0,0],"originalSize":[370,273],"capInsets":[0,0,0,0]}],[0],0,[0],[0],[0]],[[[0,"जग",".mp3",0.574694],-1],0,0,[],[],[]],[[{"name":"जग","rect":[0,0,370,273],"offset":[0,0],"originalSize":[370,273],"capInsets":[0,0,0,0]}],[0],0,[0],[0],[1]],[["0,9729,9729,33071,33071,0,0,1",-1],[1],0,[],[],[]],[["0,9729,9729,33071,33071,0,0,1",-1],[1],0,[],[],[]],[[{"name":"लट","rect":[0,0,370,273],"offset":[0,0],"originalSize":[370,273],"capInsets":[0,0,0,0]}],[0],0,[0],[0],[2]],[["0,9729,9729,33071,33071,0,0,1",-1],[1],0,[],[],[]],[[[0,"मग",".mp3",0.574694],-1],0,0,[],[],[]],[[[0,"सर",".mp3",0.574694],-1],0,0,[],[],[]],[[[1,"hi0301",{"rows":[["spelldoor","1","Description","एक","*क","1","0","एक.png","एक.mp3"],["spelldoor","1","Description","मग","*ग","1","0","मग.png","मग.mp3"],["spelldoor","1","Description","लट","*ट","1","0","लट.png","लट.mp3"],["spelldoor","1","Description","सर","*र","1","0","सर.png","सर.mp3"],["spelldoor","1","Description","पर","*र","1","0","पर.png","पर.mp3"],["spelldoor","1","Description","जग","ज*","1","0","जग.png","जग.mp3"],["quizliteracy","1","Description","soundonly_word","एक","एक","लट","पर","","","एक.mp3"],["quizliteracy","1","Description","image_word","लट","लट","एक","पर","लट.png"],["quizliteracy","1","Description","soundonly_word","पर","हर","पर","लट","","","पर.mp3"]]}]],0,0,[],[],[]],[["0,9729,9729,33071,33071,0,0,1",-1],[1],0,[],[],[]],[[[0,"एक",".mp3",0.653061],-1],0,0,[],[],[]],[[[0,"पर",".mp3",0.391837],-1],0,0,[],[],[]],[[[0,"लट",".mp3",0.600816],-1],0,0,[],[],[]],[[{"name":"एक","rect":[120,0,127,272],"offset":[-1.5,0.5],"originalSize":[370,273],"capInsets":[0,0,0,0]}],[0],0,[0],[0],[3]],[["0,9729,9729,33071,33071,0,0,1",-1],[1],0,[],[],[]],[["0,9729,9729,33071,33071,0,0,1",-1],[1],0,[],[],[]],[[{"name":"पर","rect":[0,0,370,273],"offset":[0,0],"originalSize":[370,273],"capInsets":[0,0,0,0]}],[0],0,[0],[0],[4]],[[{"name":"मग","rect":[0,0,370,273],"offset":[0,0],"originalSize":[370,273],"capInsets":[0,0,0,0]}],[0],0,[0],[0],[5]]]]