[1,["0cONK4zVRG/6M/EYf4gFqI","78uWWMFgdEBKQ1U+NBOK64","0aDyYpnrZNJ6io1BhPZz7y","d3itABSRtEjZuiOTLunKak","9fsA4e/zlLILbjPkUzEr7U","ecHP0Ivq9E8Kx7EzzXmfkS","153FjjWDNE3Jq8wz5Vpq1k","f4fVy2V+JGqZJxRqyhc70P","18pu3WZX1Cx7x3nHajZOLm","adNZdL1xxPc7QEqy0BZ7bV","7dIFYDTUdO1o/hc+PRoS1y","50yBydpoxOLIrRa/OSmNmv","04oE8DutlHgqkHEzY04hn1","aejzh59EVIcrgjPsogpTPa","89Np4waAdNW70aIPAyuihb","deUQz2ZhtF7qkT7ZzT1paX","2dUPyvBgRHYY9YLKXAQDBw"],["_textureSetter"],["cc.SpriteFrame","cc.Texture2D",["cc.AudioClip",["_name","_native","duration"],0],["cc.JsonAsset",["_name","json"],1]],[[2,0,1,2,4],[3,0,1,3]],[[[[0,"ಒಂದು",".mp3",0.96],-1],0,0,[],[],[]],[[{"name":"measuringunit","rect":[0,0,533,800],"offset":[0,0],"originalSize":[533,800],"capInsets":[0,0,0,0]}],[0],0,[0],[0],[0]],[[[0,"ಒಣ ಮರ",".mp3",0.792],-1],0,0,[],[],[]],[["0,9729,9729,33071,33071,0,0,1",-1],[1],0,[],[],[]],[[{"name":"justice","rect":[0,0,548,800],"offset":[0,0],"originalSize":[548,800],"capInsets":[0,0,0,0]}],[0],0,[0],[0],[1]],[[{"name":"horse","rect":[0,0,527,800],"offset":[0,0],"originalSize":[527,800],"capInsets":[0,0,0,0]}],[0],0,[0],[0],[2]],[["0,9729,9729,33071,33071,0,0,1",-1],[1],0,[],[],[]],[["0,9729,9729,33071,33071,0,0,1",-1],[1],0,[],[],[]],[["0,9729,9729,33071,33071,0,0,1",-1],[1],0,[],[],[]],[["0,9729,9729,33071,33071,0,0,1",-1],[1],0,[],[],[]],[[{"name":"dry tree","rect":[0,0,800,533],"offset":[0,0],"originalSize":[800,533],"capInsets":[0,0,0,0]}],[0],0,[0],[0],[3]],[[{"name":"ಐ","rect":[0,0,800,660],"offset":[0,0],"originalSize":[800,660],"capInsets":[0,0,0,0]}],[0],0,[0],[0],[4]],[[[0,"ಋ",".mp3",0.528],-1],0,0,[],[],[]],[[[0,"ಛಲ",".mp3",0.648],-1],0,0,[],[],[]],[["0,9729,9729,33071,33071,0,0,1",-1],[1],0,[],[],[]],[[[0,"ಒಳ",".mp3",0.768],-1],0,0,[],[],[]],[[{"name":"granary","rect":[0,0,533,800],"offset":[0,0],"originalSize":[533,800],"capInsets":[0,0,0,0]}],[0],0,[0],[0],[5]],[["0,9729,9729,33071,33071,0,0,1",-1],[1],0,[],[],[]],[[[0,"ಛಂದ",".mp3",0.744],-1],0,0,[],[],[]],[[[0,"ಕಣಜ",".mp3",0.744],-1],0,0,[],[],[]],[[{"name":"fivepetals","rect":[0,0,800,800],"offset":[0,0],"originalSize":[800,800],"capInsets":[0,0,0,0]}],[0],0,[0],[0],[6]],[[{"name":"challenge","rect":[0,0,800,533],"offset":[0,0],"originalSize":[800,533],"capInsets":[0,0,0,0]}],[0],0,[0],[0],[7]],[[[0,"ಋತ",".mp3",0.84],-1],0,0,[],[],[]],[[{"name":"money","rect":[0,0,800,590],"offset":[0,0],"originalSize":[800,590],"capInsets":[0,0,0,0]}],[0],0,[0],[0],[8]],[[{"name":"inside","rect":[0,0,800,450],"offset":[0,0],"originalSize":[800,450],"capInsets":[0,0,0,0]}],[0],0,[0],[0],[9]],[["0,9729,9729,33071,33071,0,0,1",-1],[1],0,[],[],[]],[["0,9729,9729,33071,33071,0,0,1",-1],[1],0,[],[],[]],[["0,9729,9729,33071,33071,0,0,1",-1],[1],0,[],[],[]],[[{"name":"beautiful","rect":[0,0,800,533],"offset":[0,0],"originalSize":[800,533],"capInsets":[0,0,0,0]}],[0],0,[0],[0],[10]],[[{"name":"five","rect":[0,0,533,800],"offset":[0,0],"originalSize":[533,800],"capInsets":[0,0,0,0]}],[0],0,[0],[0],[11]],[["0,9729,9729,33071,33071,0,0,1",-1],[1],0,[],[],[]],[["0,9729,9729,33071,33071,0,0,1",-1],[1],0,[],[],[]],[["0,9729,9729,33071,33071,0,0,1",-1],[1],0,[],[],[]],[[[0,"ಛ",".mp3",0.552],-1],0,0,[],[],[]],[[{"name":"one","rect":[0,0,800,524],"offset":[0,0],"originalSize":[800,524],"capInsets":[0,0,0,0]}],[0],0,[0],[0],[12]],[[{"name":"debt","rect":[0,0,800,533],"offset":[0,0],"originalSize":[800,533],"capInsets":[0,0,0,0]}],[0],0,[0],[0],[13]],[["0,9729,9729,33071,33071,0,0,1",-1],[1],0,[],[],[]],[[[0,"ಐದು",".mp3",0.888],-1],0,0,[],[],[]],[[[1,"kn0702",{"rows":[["writecard","1","Description","ಐ","ಐದಳ","fivepetals.png","ಐದಳ.mp3","ಐದು","five.png","ಐದು.mp3","ಐ","ಐ.png","ಐ.mp3"],["writecard","1","Description","ಋ","ಋಣ","debt.png","ಋಣ.mp3","ಋತ","justice.png","ಋತ.mp3","ಋ","ಋ.png","ಋ.mp3"],["writecard","1","Description","ಣ","ಮಣ","measuringunit.png","ಮಣ.mp3","ಹಣ","money.png","ಹಣ.mp3","ಕಣಜ","granary.png","ಕಣಜ.mp3"],["writecard","1","Description","ಒ","ಒಣಮರ","dry tree.png","ಒಣ ಮರ.mp3","ಒಳ","inside.png","ಒಳ.mp3","ಒಂದು","one.png","ಒಂದು.mp3"],["writecard","1","Description","ಛ","ಛಲ","challenge.png","ಛಲ.mp3","ಛಂದ","beautiful.png","ಛಂದ.mp3","ಛ","ಛ.png","ಛ.mp3"],["quizliteracy","1","Description","soundonly_image","money.png","horse.png","arrow.png","money.png","","","ಹಣ.mp3"],["quizliteracy","1","Description","soundonly_image","inside.png","inside.png","money.png","horse.png","","","ಒಳ.mp3"],["quizliteracy","1","Description","soundonly_image","beautiful.png","money.png","beautiful.png","arrow.png","","","ಛಂದ.mp3"]]}]],0,0,[],[],[]],[[{"name":"ಋ","rect":[0,0,800,660],"offset":[0,0],"originalSize":[800,660],"capInsets":[0,0,0,0]}],[0],0,[0],[0],[14]],[["0,9729,9729,33071,33071,0,0,1",-1],[1],0,[],[],[]],[[[0,"ಐ",".mp3",0.576],-1],0,0,[],[],[]],[[[0,"ಐದಳ",".mp3",0.96],-1],0,0,[],[],[]],[[[0,"ಹಣ",".mp3",0.6],-1],0,0,[],[],[]],[["0,9729,9729,33071,33071,0,0,1",-1],[1],0,[],[],[]],[[{"name":"arrow","rect":[0,0,500,500],"offset":[0,0],"originalSize":[500,500],"capInsets":[0,0,0,0]}],[0],0,[0],[0],[15]],[[{"name":"ಛ","rect":[0,0,800,660],"offset":[0,0],"originalSize":[800,660],"capInsets":[0,0,0,0]}],[0],0,[0],[0],[16]],[["0,9729,9729,33071,33071,0,0,1",-1],[1],0,[],[],[]],[[[0,"ಮಣ",".mp3",0.576],-1],0,0,[],[],[]],[[[0,"ಋಣ",".mp3",0.816],-1],0,0,[],[],[]]]]