[1,["der1TNb/1Jlo6VCXz4ApzD","b3rvhlxPND96AODWVYBgGX","058Loj5aFHmKSHUQZ69OA2","61DlFW21hP5brFsMkHC9sO","4dQiLTyKZCIoION0E6FOUL","06IHlczDdD27eXbypH4z8c","637wefpPBDPqemwnrwKXOc","c1Hch8T9hIar0cYbb5nU4V","d9hM5B5ipKU6kroKsFn56T","3fWnmS4Y1I55mZzQPxWAVV","e1+bM2i9tDy7VCo11O8iCV","03FcKLmJdKabrrgiWYG6/u","bdFkLf2atOxZw3Dv64yizN","acClWXC+BIn5vgWXb2iB6o","edPvNXnKhHpqK8sKYn/QAW","6flLENSotMqrxY03EfMlP0"],["_textureSetter"],["cc.Texture2D","cc.SpriteFrame",["cc.AudioClip",["_name","_native","duration"],0],["cc.JsonAsset",["_name","json"],1]],[[2,0,1,2,4],[3,0,1,3]],[[["0,9729,9729,33071,33071,0,0,1",-1],[0],0,[],[],[]],[["0,9729,9729,33071,33071,0,0,1",-1],[0],0,[],[],[]],[["0,9729,9729,33071,33071,0,0,1",-1],[0],0,[],[],[]],[[{"name":"people","rect":[0,0,512,337],"offset":[0,0],"originalSize":[512,337],"capInsets":[0,0,0,0]}],[1],0,[0],[0],[0]],[[{"name":"man","rect":[0,0,400,500],"offset":[0,0],"originalSize":[400,500],"capInsets":[0,0,0,0]}],[1],0,[0],[0],[1]],[[{"name":"lotus","rect":[0,0,500,333],"offset":[0,0],"originalSize":[500,333],"capInsets":[0,0,0,0]}],[1],0,[0],[0],[2]],[[{"name":"bull","rect":[0,0,512,288],"offset":[0,0],"originalSize":[512,288],"capInsets":[0,0,0,0]}],[1],0,[0],[0],[3]],[[[0,"ವನ",".mp3",0.576],-1],0,0,[],[],[]],[[[0,"ನರ",".mp3",0.576],-1],0,0,[],[],[]],[[[0,"ಮರ",".mp3",0.576],-1],0,0,[],[],[]],[[[0,"ಜವ",".mp3",0.624],-1],0,0,[],[],[]],[[{"name":"son","rect":[0,0,341,512],"offset":[0,0],"originalSize":[341,512],"capInsets":[0,0,0,0]}],[1],0,[0],[0],[4]],[["0,9729,9729,33071,33071,0,0,1",-1],[0],0,[],[],[]],[[[0,"ನಗರ",".mp3",0.696],-1],0,0,[],[],[]],[[[0,"ವರ",".mp3",0.576],-1],0,0,[],[],[]],[["0,9729,9729,33071,33071,0,0,1",-1],[0],0,[],[],[]],[[[0,"ಮನ",".mp3",0.576],-1],0,0,[],[],[]],[[{"name":"yama","rect":[0,0,358,512],"offset":[0,0],"originalSize":[358,512],"capInsets":[0,0,0,0]}],[1],0,[0],[0],[5]],[["0,9729,9729,33071,33071,0,0,1",-1],[0],0,[],[],[]],[[[0,"ಬರ",".mp3",0.6],-1],0,0,[],[],[]],[["0,9729,9729,33071,33071,0,0,1",-1],[0],0,[],[],[]],[[{"name":"dasara","rect":[0,0,512,341],"offset":[0,0],"originalSize":[512,341],"capInsets":[0,0,0,0]}],[1],0,[0],[0],[6]],[[{"name":"city","rect":[0,0,512,378],"offset":[0,0],"originalSize":[512,378],"capInsets":[0,0,0,0]}],[1],0,[0],[0],[7]],[["0,9729,9729,33071,33071,0,0,1",-1],[0],0,[],[],[]],[[[0,"ಬಸವ",".mp3",0.744],-1],0,0,[],[],[]],[[{"name":"boon","rect":[0,0,512,342],"offset":[0,0],"originalSize":[512,342],"capInsets":[0,0,0,0]}],[1],0,[0],[0],[8]],[[{"name":"tree","rect":[0,0,512,378],"offset":[0,0],"originalSize":[512,378],"capInsets":[0,0,0,0]}],[1],0,[0],[0],[9]],[[[0,"ಬನ",".mp3",0.6],-1],0,0,[],[],[]],[[[1,"kn0102",{"rows":[["writecard","1","Description","ಜ","ಜನ","people.png","ಜನ.mp3","ಜವ","yama.png","ಜವ.mp3","ಜಗ","world.png","ಜಗ.mp3"],["writecard","1","Description","ವ","ವನ","mini forest.png","ವನ.mp3","ವರ","boon.png","ವರ.mp3","ವನಜ","lotus.png","ವನಜ.mp3"],["writecard","1","Description","ಮ","ಮರ","tree.png","ಮರ.mp3","ಮನ","mind.png","ಮನ.mp3","ಮಗ","son.png","ಮಗ.mp3"],["writecard","1","Description","ಬ","ಬನ","garden.png","ಬನ.mp3","ಬರ","famine.png","ಬರ.mp3","ಬಸವ","bull.png","ಬಸವ.mp3"],["writecard","1","Description","ನ","ನಗರ","city.png","ನಗರ.mp3","ನರ","man.png","ನರ.mp3","ನಗ","money.png","ನಗ.mp3"],["quizliteracy","1","Description","soundonly_image","people.png","people.png","city.png","tree.png","","","ಜನ.mp3"],["quizliteracy","1","Description","soundonly_image","tree.png","city.png","tree.png","dasara.png","","","ಮರ.mp3"],["quizliteracy","1","Description","soundonly_image","city.png","tree.png","city.png","people.png","","","ನಗರ.mp3"]]}]],0,0,[],[],[]],[[[0,"ನಗ",".mp3",0.624],-1],0,0,[],[],[]],[[{"name":"money","rect":[0,0,512,378],"offset":[0,0],"originalSize":[512,378],"capInsets":[0,0,0,0]}],[1],0,[0],[0],[10]],[[[0,"ಮಗ",".mp3",0.6],-1],0,0,[],[],[]],[["0,9729,9729,33071,33071,0,0,1",-1],[0],0,[],[],[]],[[{"name":"garden","rect":[0,0,512,341],"offset":[0,0],"originalSize":[512,341],"capInsets":[0,0,0,0]}],[1],0,[0],[0],[11]],[["0,9729,9729,33071,33071,0,0,1",-1],[0],0,[],[],[]],[["0,9729,9729,33071,33071,0,0,1",-1],[0],0,[],[],[]],[["0,9729,9729,33071,33071,0,0,1",-1],[0],0,[],[],[]],[[{"name":"mini forest","rect":[0,0,512,341],"offset":[0,0],"originalSize":[512,341],"capInsets":[0,0,0,0]}],[1],0,[0],[0],[12]],[[[0,"ಜಗ",".mp3",0.672],-1],0,0,[],[],[]],[["0,9729,9729,33071,33071,0,0,1",-1],[0],0,[],[],[]],[["0,9729,9729,33071,33071,0,0,1",-1],[0],0,[],[],[]],[["0,9729,9729,33071,33071,0,0,1",-1],[0],0,[],[],[]],[[[0,"ವನಜ",".mp3",0.72],-1],0,0,[],[],[]],[[[0,"ಜನ",".mp3",0.624],-1],0,0,[],[],[]],[["0,9729,9729,33071,33071,0,0,1",-1],[0],0,[],[],[]],[[{"name":"world","rect":[0,0,512,340],"offset":[0,0],"originalSize":[512,340],"capInsets":[0,0,0,0]}],[1],0,[0],[0],[13]],[[{"name":"mind","rect":[0,0,512,384],"offset":[0,0],"originalSize":[512,384],"capInsets":[0,0,0,0]}],[1],0,[0],[0],[14]],[[{"name":"famine","rect":[0,0,512,341],"offset":[0,0],"originalSize":[512,341],"capInsets":[0,0,0,0]}],[1],0,[0],[0],[15]]]]