[1,["bcFplsoPxBi4RIf4RxbOqR","1ctraqdD9N2LpUpdmFCbez","48/Tljgk1H1o0AVywrefYz","492UiIA2lOnZS5Jxf5ZGkD","11ppfcBA5B/7ijGI2Ywr65","79ltSfa3VIPZmWUU4e1YCu","f193Qsc/xNFbAqSxOBx28e","ef8PYKdLRPT7SowjdE+w7E","14hqW91HxA+72r0nJoj/si","3fcHdunC1GW45HHpPDUdK4","36BqfU8PhLG67eCRL4JqpX","3cyLFex85Pgpo7vO0xdFqa","25ZhRvncVBJY9PFc3rYm7m","d2pQy6AXVDK63C8rKmDzpU","faOJ/Jxp9GNoRaPmbNKlth","7698QQO5pDb6sBXm9OfGjk","a1EcHh+cBE5KXTJZ6U26r/","c5rbchXUhM9ZGLUCZJbRer"],["_textureSetter"],["cc.Texture2D","cc.SpriteFrame",["cc.AudioClip",["_name","_native","duration"],0],["cc.JsonAsset",["_name","json"],1]],[[2,0,1,2,4],[3,0,1,3]],[[["0,9729,9729,33071,33071,0,0,1",-1],[0],0,[],[],[]],[["0,9729,9729,33071,33071,0,0,1",-1],[0],0,[],[],[]],[[[0,"long",".mp3",0.757551],-1],0,0,[],[],[]],[["0,9729,9729,33071,33071,0,0,1",-1],[0],0,[],[],[]],[["0,9729,9729,33071,33071,0,0,1",-1],[0],0,[],[],[]],[[{"name":"shorthair ","rect":[0,0,445,512],"offset":[0,0],"originalSize":[445,512],"capInsets":[0,0,0,0]}],[1],0,[0],[0],[0]],[["0,9729,9729,33071,33071,0,0,1",-1],[0],0,[],[],[]],[[{"name":"boy","rect":[0,0,512,512],"offset":[0,0],"originalSize":[512,512],"capInsets":[0,0,0,0]}],[1],0,[0],[0],[1]],[["0,9729,9729,33071,33071,0,0,1",-1],[0],0,[],[],[]],[["0,9729,9729,33071,33071,0,0,1",-1],[0],0,[],[],[]],[[{"name":"bucket","rect":[0,0,495,512],"offset":[0,0],"originalSize":[495,512],"capInsets":[0,0,0,0]}],[1],0,[0],[0],[2]],[["0,9729,9729,33071,33071,0,0,1",-1],[0],0,[],[],[]],[["0,9729,9729,33071,33071,0,0,1",-1],[0],0,[],[],[]],[[{"name":"longhair ","rect":[0,0,512,454],"offset":[0,0],"originalSize":[512,454],"capInsets":[0,0,0,0]}],[1],0,[0],[0],[3]],[[[1,"en3610",{"rows":[["openwindow1","1","Description","LEGIT","Tall","giraffe.png","lion.png","tall.mp3","abcdefghijklmnopqrstuvwxyz"],["openwindow1","1","Description","LEGIT","Short","boy.png","man.png","short.mp3","abcdefghijklmnopqrstuvwxyz"],["openwindow1","1","Description","LEGIT","Tall","tallwoman.png","shortman.png","tall.mp3","abcdefghijklmnopqrstuvwxyz"],["openwindow1","1","Description","LEGIT","Short","shortrope.png","longrope.png","long.mp3","abcdefghijklmnopqrstuvwxyz"],["openwindow1","1","Description","LEGIT","Tall","longpole.png","shortpole.png","tall.mp3","abcdefghijklmnopqrstuvwxyz"],["openwindow1","1","Description","LEGIT","Short","cup.png","half_full_glass.png","short.mp3","abcdefghijklmnopqrstuvwxyz"],["openwindow1","1","Description","LEGIT","Long","longhair.png","shorthair.png","long.mp3","abcdefghijklmnopqrstuvwxyz"],["openwindow1","1","Description","LEGIT","Short","cow.png","elephant.png","short.mp3","abcdefghijklmnopqrstuvwxyz"],["quizliteracy","1","Description","soundonly_image","giraffe.png","cow.png","lion.png","giraffe.png","","","tall.mp3"],["quizliteracy","1","Description","soundonly_image","longhair.png","shorthair.png","veryshorthair.png","","","long.mp3"],["quizliteracy","1","Description","soundonly_image","cup.png","cup.png","half_full_glass.png","bucket.png","","","short.mp3"]]}]],0,0,[],[],[]],[[{"name":"shortpole ","rect":[0,0,420,512],"offset":[0,0],"originalSize":[420,512],"capInsets":[0,0,0,0]}],[1],0,[0],[0],[4]],[[{"name":"shortman ","rect":[0,0,421,512],"offset":[0,0],"originalSize":[421,512],"capInsets":[0,0,0,0]}],[1],0,[0],[0],[5]],[[{"name":"man","rect":[0,0,512,512],"offset":[0,0],"originalSize":[512,512],"capInsets":[0,0,0,0]}],[1],0,[0],[0],[6]],[["0,9729,9729,33071,33071,0,0,1",-1],[0],0,[],[],[]],[["0,9729,9729,33071,33071,0,0,1",-1],[0],0,[],[],[]],[[{"name":"longpole ","rect":[0,0,420,512],"offset":[0,0],"originalSize":[420,512],"capInsets":[0,0,0,0]}],[1],0,[0],[0],[7]],[[{"name":"cup","rect":[0,80,512,352],"offset":[0,0],"originalSize":[512,512],"capInsets":[0,0,0,0]}],[1],0,[0],[0],[8]],[["0,9729,9729,33071,33071,0,0,1",-1],[0],0,[],[],[]],[[[0,"tall",".mp3",0.600816],-1],0,0,[],[],[]],[[{"name":"shortrope ","rect":[0,0,512,458],"offset":[0,0],"originalSize":[512,458],"capInsets":[0,0,0,0]}],[1],0,[0],[0],[9]],[[{"name":"longrope ","rect":[0,0,512,458],"offset":[0,0],"originalSize":[512,458],"capInsets":[0,0,0,0]}],[1],0,[0],[0],[10]],[["0,9729,9729,33071,33071,0,0,1",-1],[0],0,[],[],[]],[["0,9729,9729,33071,33071,0,0,1",-1],[0],0,[],[],[]],[[{"name":"tallwoman ","rect":[0,0,476,512],"offset":[0,0],"originalSize":[476,512],"capInsets":[0,0,0,0]}],[1],0,[0],[0],[11]],[["0,9729,9729,33071,33071,0,0,1",-1],[0],0,[],[],[]],[[[0,"short",".mp3",0.835918],-1],0,0,[],[],[]],[[{"name":"half_full_glass","rect":[0,0,1111,859],"offset":[0,0],"originalSize":[1111,859],"capInsets":[0,0,0,0]}],[1],0,[0],[0],[12]],[[{"name":"cow","rect":[0,0,512,512],"offset":[0,0],"originalSize":[512,512],"capInsets":[0,0,0,0]}],[1],0,[0],[0],[13]],[[{"name":"elephant","rect":[0,0,512,342],"offset":[0,0],"originalSize":[512,342],"capInsets":[0,0,0,0]}],[1],0,[0],[0],[14]],[[{"name":"veryshorthair ","rect":[0,0,507,512],"offset":[0,0],"originalSize":[507,512],"capInsets":[0,0,0,0]}],[1],0,[0],[0],[15]],[["0,9729,9729,33071,33071,0,0,1",-1],[0],0,[],[],[]],[["0,9729,9729,33071,33071,0,0,1",-1],[0],0,[],[],[]],[[{"name":"lion","rect":[0,0,512,457],"offset":[0,0],"originalSize":[512,457],"capInsets":[0,0,0,0]}],[1],0,[0],[0],[16]],[["0,9729,9729,33071,33071,0,0,1",-1],[0],0,[],[],[]],[[{"name":"giraffe","rect":[0,0,360,476],"offset":[0,0],"originalSize":[360,476],"capInsets":[0,0,0,0]}],[1],0,[0],[0],[17]]]]