[1,["193nUOaNJLOrFKbVGRt67S","39euW4nLpGM7JaWwMqkxvi","4fuixn6TZMpqMBCUezWaJx","69aZSngZ5Irbu3hBSi12cj","2a8/o4aAdEKInvV2iRJaO+","e8lv1xAthNjaFcy/MtrOAs","c0PR5/I4tK3b86UW7FQxtX","b8qSAvJpNARZToseYMck/0","51ljnDMn9H2Yhk84jCwTjh","63fQB366VD1ZSWJtaacaAa","0cReaiYCRGMr9t2yO0naZZ","98ujjfEqlKJJoq/eUQK7O0"],["_textureSetter"],["cc.Texture2D","cc.SpriteFrame",["cc.JsonAsset",["_name","json"],1]],[[2,0,1,3]],[[[[0,"puzzle0006",{"rows":[["matchbox","1","Description","8.0","match_triangle.png","match_square.png","match_pentagon.png","match_hexagon.png","dotline_triangle.png","dotline_square.png","dotline_pentagon.png","dotline_hexagon.png"],["matchbox","1","Description","8.0","dotline_triangle.png","dotline_square.png","dotline_pentagon.png","dotline_hexagon.png","triangle_orange.png","square_orange.png","pentagon_orange.png","hexagon_orange.png"]]}]],0,0,[],[],[]],[["0,9729,9729,33071,33071,0,0,1",-1],[0],0,[],[],[]],[[{"name":"pentagon_orange","rect":[0,0,302,288],"offset":[0,0],"originalSize":[302,288],"capInsets":[0,0,0,0]}],[1],0,[0],[0],[0]],[["0,9729,9729,33071,33071,0,0,1",-1],[0],0,[],[],[]],[[{"name":"hexagon_orange","rect":[0,0,320,276],"offset":[0,0.5],"originalSize":[320,277],"capInsets":[0,0,0,0]}],[1],0,[0],[0],[1]],[["0,9729,9729,33071,33071,0,0,1",-1],[0],0,[],[],[]],[["0,9729,9729,33071,33071,0,0,1",-1],[0],0,[],[],[]],[[{"name":"dotline_square","rect":[0,0,264,264],"offset":[0,0],"originalSize":[264,264],"capInsets":[0,0,0,0]}],[1],0,[0],[0],[2]],[["0,9729,9729,33071,33071,0,0,1",-1],[0],0,[],[],[]],[["0,9729,9729,33071,33071,0,0,1",-1],[0],0,[],[],[]],[[{"name":"match_hexagon","rect":[3,3,335,297],"offset":[0.5,0],"originalSize":[340,303],"capInsets":[0,0,0,0]}],[1],0,[0],[0],[3]],[[{"name":"match_square","rect":[6,11,249,244],"offset":[-1.5,-1],"originalSize":[264,264],"capInsets":[0,0,0,0]}],[1],0,[0],[0],[4]],[[{"name":"dotline_hexagon","rect":[0,0,328,285],"offset":[0,0],"originalSize":[328,285],"capInsets":[0,0,0,0]}],[1],0,[0],[0],[5]],[[{"name":"dotline_pentagon","rect":[0,0,310,297],"offset":[0,0],"originalSize":[310,297],"capInsets":[0,0,0,0]}],[1],0,[0],[0],[6]],[["0,9729,9729,33071,33071,0,0,1",-1],[0],0,[],[],[]],[["0,9729,9729,33071,33071,0,0,1",-1],[0],0,[],[],[]],[["0,9729,9729,33071,33071,0,0,1",-1],[0],0,[],[],[]],[[{"name":"dotline_triangle","rect":[0,0,292,257],"offset":[0,0],"originalSize":[292,257],"capInsets":[0,0,0,0]}],[1],0,[0],[0],[7]],[["0,9729,9729,33071,33071,0,0,1",-1],[0],0,[],[],[]],[["0,9729,9729,33071,33071,0,0,1",-1],[0],0,[],[],[]],[[{"name":"match_triangle","rect":[31,25,226,208],"offset":[8.5,-6.5],"originalSize":[271,245],"capInsets":[0,0,0,0]}],[1],0,[0],[0],[8]],[[{"name":"triangle_orange","rect":[0,2,285,247],"offset":[0,-1],"originalSize":[285,249],"capInsets":[0,0,0,0]}],[1],0,[0],[0],[9]],[["0,9729,9729,33071,33071,0,0,1",-1],[0],0,[],[],[]],[[{"name":"match_pentagon","rect":[5,6,301,289],"offset":[-2,-1],"originalSize":[315,299],"capInsets":[0,0,0,0]}],[1],0,[0],[0],[10]],[[{"name":"square_orange","rect":[0,0,256,256],"offset":[0,0],"originalSize":[256,256],"capInsets":[0,0,0,0]}],[1],0,[0],[0],[11]]]]