[1,["34krxmHMdD/bUSXu9DFavJ"],["_textureSetter"],["cc.Texture2D","cc.SpriteFrame",["cc.AudioClip",["_name","_native","duration"],0],["cc.JsonAsset",["_name","json"],1]],[[2,0,1,2,4],[3,0,1,3]],[[[[0,"दीपा_कधी_आली",".mp3",1.462857],-1],0,0,[],[],[]],[["0,9729,9729,33071,33071,0,0,1",-1],[0],0,[],[],[]],[[[0,"ओजस_कुठे_राहतो",".mp3",1.776327],-1],0,0,[],[],[]],[[[1,"mr1800",{"rows":[["createsentence","1","Description","दीपा/कधी/आली","","question.png","दीपा_कधी_आली.mp3"],["createsentence","1","Description","रोहन/कुठे/आहे","","question.png","रोहन_कुठे_आहे.mp3"],["createsentence","1","Description","सीमा/काय/करते","","question.png","सीमा_काय_करते.mp3"],["createsentence","1","Description","चेतन/कसा/आला","","question.png","चेतन_कसा_आला.mp3"],["createsentence","1","Description","ओजस/कुठे/राहतो","","question.png","ओजस_कुठे_राहतो.mp3"],["createsentence","1","Description","पूजा/कधी/आली","","question.png","पूजा_कधी_आली.mp3"],["quizliteracy","1","Description","soundonly_sentence","सीमा काय करते?","सीमा काय करते?","चेतन कसा आला?","ओजस कुठे राहतो?","","","सीमा_काय_करते.mp3"],["quizliteracy","1","Description","sentence_sentence","चेतन कसा आला?","ओजस कुठे राहतो?","सीमा काय करते?","चेतन कसा आला?","","योग्य निवडा","योग्य निवडा.mp3"],["quizliteracy","1","Description","soundonly_sentence","ओजस कुठे राहतो","ओजस कुठे राहतो","चेतन कसा आला?","सीमा काय करते?","","","ओजस_कुठे_राहतो.mp3"]]}]],0,0,[],[],[]],[[{"name":"question","rect":[0,0,640,640],"offset":[0,0],"originalSize":[640,640],"capInsets":[0,0,0,0]}],[1],0,[0],[0],[0]],[[[0,"पूजा_कधी_आली",".mp3",1.541224],-1],0,0,[],[],[]],[[[0,"चेतन_कसा_आला",".mp3",1.697959],-1],0,0,[],[],[]],[[[0,"सीमा_काय_करते",".mp3",1.828571],-1],0,0,[],[],[]],[[[0,"योग्य निवडा",".mp3",1.149388],-1],0,0,[],[],[]],[[[0,"रोहन_कुठे_आहे",".mp3",1.593469],-1],0,0,[],[],[]]]]