[1,["871pEq1HlIe5LxGYZ0vj8u","2ecdoLVW9LZZDS1FkkRDnM","e5sF1NFr5JkYQWiPXLDcvH","1aUd/AuV1Ds7Eym3uuDR1O"],["_textureSetter"],["cc.SpriteFrame","cc.Texture2D",["cc.AudioClip",["_name","_native","duration"],0],["cc.JsonAsset",["_name","json"],1]],[[2,0,1,2,4],[3,0,1,3]],[[[{"name":"image_1_3","rect":[0,0,845,695],"offset":[0,0],"originalSize":[845,695],"capInsets":[0,0,0,0]}],[0],0,[0],[0],[0]],[["1,9729,9729,33071,33071,0,0,1",-1],[1],0,[],[],[]],[["1,9729,9729,33071,33071,0,0,1",-1],[1],0,[],[],[]],[[[0,"टमाटर",".mp3",0.835918],-1],0,0,[],[],[]],[[{"name":"image_1_4","rect":[0,0,845,695],"offset":[0,0],"originalSize":[845,695],"capInsets":[0,0,0,0]}],[0],0,[0],[0],[1]],[[[0,"नारंगी",".mp3",0.940408],-1],0,0,[],[],[]],[[[0,"संज्ञा_शब्द_चुनें",".mp3",2.592],-1],0,0,[],[],[]],[[[0,"सब्जियां",".mp3",0.862041],-1],0,0,[],[],[]],[[[0,"आहार",".mp3",0.731429],-1],0,0,[],[],[]],[[[0,"प्याज",".mp3",0.731429],-1],0,0,[],[],[]],[[[0,"चेरी",".mp3",0.626939],-1],0,0,[],[],[]],[[{"name":"image_1_1","rect":[0,0,845,695],"offset":[0,0],"originalSize":[845,695],"capInsets":[0,0,0,0]}],[0],0,[0],[0],[2]],[["1,9729,9729,33071,33071,0,0,1",-1],[1],0,[],[],[]],[[[0,"दूध",".mp3",0.548571],-1],0,0,[],[],[]],[[[0,"आम",".mp3",0.574694],-1],0,0,[],[],[]],[[[0,"अनानास",".mp3",0.940408],-1],0,0,[],[],[]],[[[0,"नारियल",".mp3",0.888163],-1],0,0,[],[],[]],[[[0,"फल",".mp3",0.548571],-1],0,0,[],[],[]],[[[1,"hi1412",{"rows":[["tag","1","Description","image_1_1.jpg","आहार","280.-1520","आहार.mp3","अंडा","1305.-725","अंडा.mp3","रोटी","253.-899","रोटी.mp3","दूध","995.-1252","दूध.mp3"],["tag","1","Description","image_1_2.jpg","सब्जियां","280.-1520","सब्जियां.mp3","टमाटर","292.-607","टमाटर.mp3","आलू","1298.-740","आलू.mp3","प्याज","1078.-1243","प्याज.mp3"],["tag","1","Description","image_1_3.jpg","फल","280.-1520","फल.mp3","केला","1247.-753","केला.mp3","नारंगी","253.-899","नारंगी.mp3","चेरी","806.-1198","चेरी.mp3"],["tag","1","Description","image_1_4.jpg","फल","280.-1520","फल.mp3","आम","1188.-1172","आम.mp3","अनानास","531.-1265","अनानास.mp3","नारियल","531.-463","नारियल.mp3"],["quizliteracy","1","Description","sentence_sentence","फल","फल","वह","तू","","संज्ञा शब्द चुनें","संज्ञा_शब्द_चुनें.mp3"],["quizliteracy","1","Description","sentence_sentence","पपीता","पपीता","मैंने","आप","","संज्ञा शब्द चुनें","संज्ञा_शब्द_चुनें.mp3"],["quizliteracy","1","Description","sentence_sentence","मछली","वह","मछली","बंसी","","संज्ञा शब्द चुनें","संज्ञा_शब्द_चुनें.mp3"],["quizliteracy","1","Description","sentence_sentence","बैंगन","उसे","क्या","बैंगन","","संज्ञा शब्द चुनें","संज्ञा_शब्द_चुनें.mp3"]]}]],0,0,[],[],[]],[[[0,"आलू",".mp3",0.679184],-1],0,0,[],[],[]],[[[0,"केला",".mp3",0.653061],-1],0,0,[],[],[]],[[{"name":"image_1_2","rect":[0,0,845,695],"offset":[0,0],"originalSize":[845,695],"capInsets":[0,0,0,0]}],[0],0,[0],[0],[3]],[["1,9729,9729,33071,33071,0,0,1",-1],[1],0,[],[],[]],[[[0,"रोटी",".mp3",0.835918],-1],0,0,[],[],[]],[[[0,"अंडा",".mp3",0.757551],-1],0,0,[],[],[]]]]