[1,["04X5LSg7BFoaprrfc+gsZ7"],["_textureSetter"],["cc.Texture2D","cc.SpriteFrame",["cc.AudioClip",["_name","_native","duration"],0],["cc.JsonAsset",["_name","json"],1]],[[2,0,1,2,4],[3,0,1,3]],[[["0,9729,9729,33071,33071,0,0,1",-1],[0],0,[],[],[]],[[[0,"hit",".mp3",0.84],-1],0,0,[],[],[]],[[[0,"way",".mp3",0.768],-1],0,0,[],[],[]],[[[0,"play",".mp3",0.72],-1],0,0,[],[],[]],[[{"name":"bag","rect":[0,0,322,382],"offset":[0,0],"originalSize":[322,382],"capInsets":[0,0,0,0]}],[1],0,[0],[0],[0]],[[[0,"wit",".mp3",0.888],-1],0,0,[],[],[]],[[[0,"ay",".mp3",0.67925],-1],0,0,[],[],[]],[[[0,"nag",".mp3",0.936],-1],0,0,[],[],[]],[[[0,"not",".mp3",0.912],-1],0,0,[],[],[]],[[[0,"bag",".mp3",1.032],-1],0,0,[],[],[]],[[[0,"plum",".mp3",0.816],-1],0,0,[],[],[]],[[[0,"prum",".mp3",0.768],-1],0,0,[],[],[]],[[[0,"nut",".mp3",0.888],-1],0,0,[],[],[]],[[[0,"tray",".mp3",0.768],-1],0,0,[],[],[]],[[[1,"en1005",{"rows":[["rocket","1","Description","bag","b,ag","b,ag","bag.mp3","bag.png","false","false"],["grid","1","Description","n","ot,ag,ut"],["grid","1","Description","h,w","it,ay"],["grid","1","Description","pr,pl","ay,um"],["phonictractor","1","Description","5","play","play.mp3","pl","pl.mp3","ay","ay.mp3"],["phonictractor","1","Description","5","tray","tray.mp3","tr","tr.mp3","ay","ay.mp3"],["quizliteracy","1","Description","word_word","ag","um","it","ag","","b__","bag.mp3"],["quizliteracy","1","Description","word_word","ay","ot","ay","ug","","pl__","play.mp3"],["quizliteracy","1","Description","word_word","ay","ay","ap","en","","tr__","tray.mp3"]]}]],0,0,[],[],[]],[[[0,"hay",".mp3",0.835918],-1],0,0,[],[],[]],[[[0,"tr",".mp3",0.70525],-1],0,0,[],[],[]],[[[0,"pl",".mp3",0.39175],-1],0,0,[],[],[]],[[[0,"pray",".mp3",0.744],-1],0,0,[],[],[]]]]