[1,["4cQ8LBCDBJ/595HC6oTQBk","d6kLhvhVhArKX+tKpLMQwi"],["_textureSetter"],["cc.SpriteFrame","cc.Texture2D",["cc.AudioClip",["_name","_native","duration"],0],["cc.JsonAsset",["_name","json"],1]],[[2,0,1,2,4],[3,0,1,3]],[[[[0,"choose",".mp3",1.08],-1],0,0,[],[],[]],[[[0,"inch",".mp3",0.888],-1],0,0,[],[],[]],[[[0,"chest",".mp3",1.128],-1],0,0,[],[],[]],[[[0,"th",".mp3",0.6],-1],0,0,[],[],[]],[[{"name":"touch","rect":[24,0,268,630],"offset":[0.5,0],"originalSize":[315,630],"capInsets":[0,0,0,0]}],[0],0,[0],[0],[0]],[[[1,"en1601",{"rows":[["grid","1","Description","mu,su,ea","ch"],["grid","1","Description","ri,in,cat","ch"],["phonictractor","1","Description","4","chop","chop.mp3","ch","ch.mp3","o","o_phonic.mp3","p","p_phonic.mp3"],["rocket","1","Description","touch","a,b,c,d,e,f,g,h,i,j,k,l,m,n,o,p,q,r,s,t,u,v,w,x,y,z","t,o,u,ch","touch.mp3","touch.png","true","false"],["speakingpet","1","Description","ch.mp3","sh.mp3","chap","chap.mp3","A","1,2","chain","chain.mp3","A","1,2","share","share.mp3","B","1,2","ship","ship.mp3","B","1,2"],["speakingpet","1","Description","k_phonic.mp3","ch.mp3","coat","coat.mp3","A","1","check","check.mp3","B","1,2","chest","chest.mp3","B","1,2","chop","chop.mp3","B","1,2"],["speakingpet","1","Description","th.mp3","ch.mp3","there","there.mp3","A","1,2","them","them.mp3","A","1,2","chat","chat.mp3","B","1,2","chew","chew.mp3","B","1,2"],["speakingpet","1","Description","tr.mp3","ch.mp3","truck","truck.mp3","A","1,2","tree","tree.mp3","A","1,2","cheek","cheek.mp3","B","1,2","child","child.mp3","B","1,2"],["speakingpet","1","Description","wh.mp3","ch.mp3","whale","whale.mp3","A","1,2","why","why.mp3","A","1,2","choose","choose.mp3","B","1,2","chick","chick.mp3","B","1,2"],["spelldoor","1","Description","chair","**air","2","0","spelling_chair.png","chair.mp3"],["quizliteracy","1","Description","soundonly_word","touch","touch","church","chair","","","touch.mp3"],["quizliteracy","1","Description","soundonly_word","chop","chop","ship","chick","","","chop.mp3"],["quizliteracy","1","Description","soundonly_word","chain","chop","chain","coat","","","chain.mp3"],["quizliteracy","1","Description","sentence_sentence","choose, chick","child, that","choose, chick","shape, whale","","choose pair with same first sound","choosepairwithsamefirstsound.mp3"]]}]],0,0,[],[],[]],[[[0,"cheek",".mp3",1.008],-1],0,0,[],[],[]],[[[0,"there",".mp3",0.888],-1],0,0,[],[],[]],[[[0,"o_phonic",".mp3",2.220408],-1],0,0,[],[],[]],[[[0,"wh",".mp3",0.456],-1],0,0,[],[],[]],[["0,9729,9729,33071,33071,0,0,1",-1],[1],0,[],[],[]],[[{"name":"spelling_chair","rect":[0,0,370,273],"offset":[0,0],"originalSize":[370,273],"capInsets":[0,0,0,0]}],[0],0,[0],[0],[1]],[[[0,"why",".mp3",0.792],-1],0,0,[],[],[]],[[[0,"chick",".mp3",0.936],-1],0,0,[],[],[]],[[[0,"chop",".mp3",0.888],-1],0,0,[],[],[]],[[[0,"ship",".mp3",0.84],-1],0,0,[],[],[]],[[[0,"child",".mp3",1.008],-1],0,0,[],[],[]],[[[0,"k_phonic",".mp3",1.306122],-1],0,0,[],[],[]],[[[0,"truck",".mp3",0.84],-1],0,0,[],[],[]],[[[0,"share",".mp3",0.96],-1],0,0,[],[],[]],[[[0,"such",".mp3",1.032],-1],0,0,[],[],[]],[[[0,"tree",".mp3",0.816],-1],0,0,[],[],[]],[[[0,"check",".mp3",0.888],-1],0,0,[],[],[]],[[[0,"each",".mp3",0.84],-1],0,0,[],[],[]],[[[0,"chap",".mp3",0.864],-1],0,0,[],[],[]],[[[0,"coat",".mp3",0.864],-1],0,0,[],[],[]],[[[0,"touch",".mp3",0.96],-1],0,0,[],[],[]],[[[0,"Choose_pair_with_same_first_sound",".mp3",3.384],-1],0,0,[],[],[]],[[[0,"them",".mp3",0.936],-1],0,0,[],[],[]],[[[0,"tr",".mp3",0.70525],-1],0,0,[],[],[]],[[[0,"catch",".mp3",0.936],-1],0,0,[],[],[]],[[[0,"much",".mp3",0.912],-1],0,0,[],[],[]],[["0,9729,9729,33071,33071,0,0,1",-1],[1],0,[],[],[]],[[[0,"ch",".mp3",0.504],-1],0,0,[],[],[]],[[[0,"whale",".mp3",0.936],-1],0,0,[],[],[]],[[[0,"p_phonic",".mp3",1.567347],-1],0,0,[],[],[]],[[[0,"chew",".mp3",0.864],-1],0,0,[],[],[]],[[[0,"sh",".mp3",0.528],-1],0,0,[],[],[]],[[[0,"rich",".mp3",0.912],-1],0,0,[],[],[]],[[[0,"chain",".mp3",0.912],-1],0,0,[],[],[]],[[[0,"chair",".mp3",0.888],-1],0,0,[],[],[]],[[[0,"chat",".mp3",1.008],-1],0,0,[],[],[]]]]