[1,["895Iq4PgBAgrWkcrNMKJcE","bfQGhznH5HrbQ5CuiQzSU1","e2d4qosvpKFpwIKwscJJer","e5DXWIS6ZMwJpPKWY5FUOr","078USBEudLUaTCFoa/2Uyx"],["_textureSetter"],["cc.Texture2D","cc.SpriteFrame",["cc.AudioClip",["_name","_native","duration"],0],["cc.JsonAsset",["_name","json"],1]],[[2,0,1,2,4],[3,0,1,3]],[[["0,9729,9729,33071,33071,0,0,1",-1],[0],0,[],[],[]],[[{"name":"ap_puzzle1_meerkat2_puzzle","rect":[2,0,130,325],"offset":[0.5,6],"originalSize":[133,337],"capInsets":[0,0,0,0]}],[1],0,[0],[0],[0]],[[{"name":"ap_puzzle1_meerkat1_puzzle","rect":[0,0,204,240],"offset":[-1,4.5],"originalSize":[206,249],"capInsets":[0,0,0,0]}],[1],0,[0],[0],[1]],[[[0,"meerkats",".mp3",1.28],-1],0,0,[],[],[]],[[[0,"mouse",".mp3",0.9405],-1],0,0,[],[],[]],[[{"name":"ap2_puzzle4_background","rect":[0,0,802,432],"offset":[0,0],"originalSize":[802,432],"capInsets":[0,0,0,0]}],[1],0,[0],[0],[2]],[["0,9729,9729,33071,33071,0,0,1",-1],[0],0,[],[],[]],[[[1,"pictureboard0002",{"rows":[["pictureboard","1","Description","Mouse","ap2_puzzle4_background.jpg","1","","mouse.mp3","ap2_puzzle4_mouse_puzzle.png","428","56"]]}]],0,0,[],[],[]],[["0,9729,9729,33071,33071,0,0,1",-1],[0],0,[],[],[]],[[{"name":"ap_puzzle1_background","rect":[0,0,802,432],"offset":[0,0],"originalSize":[802,432],"capInsets":[0,0,0,0]}],[1],0,[0],[0],[3]],[[{"name":"ap2_puzzle4_mouse_puzzle","rect":[3,1,631,327],"offset":[0.5,5],"originalSize":[636,339],"capInsets":[0,0,0,0]}],[1],0,[0],[0],[4]],[["1,9729,9729,33071,33071,0,0,1",-1],[0],0,[],[],[]],[["1,9729,9729,33071,33071,0,0,1",-1],[0],0,[],[],[]]]]