[1,["c94Uk4Zy9OIYAXWajsZr5f","63MKrVtsNMSZeCGc8FQES+","ceyb5EcXtMELxBgfMxir0Q","b3R7mR+39FMrkHIvFmhbaX","8bCSJ/qbRMj7pOMT8MGqP4","e5cbSXTK5Pr6qP2FVN6BdQ","120XB9RRFF2pjLQ9KnE0ox","ff1cY7O65BFYhpLpmQRiMT","defDcr9SNGjrM8WN3YXBlP","ddxr4HRVlNC7xxiaqeICqR","5bE1aupGlJZaq1AIpo7nBg","44lzdwcIVBYJU73VrFXy8O","f1W/UZDwdOSaaPQdu6eS6V","07RR68fKdNj7kpE7MyN6VE","ec9bn7VMVBILdHb/R3LN5k","13lYUKJ1RPbLZJch3uS13R","0eyClSjjxKSqwhDGRNzY07","e16B2WDihH4IHJDtrsFdnK","echLC3vOlI7aY6g7wxHDwd","4ahy0Aco5KILYPr8l4nkVs","821w4ijcJO1rMgbmIKJ5tf","ac0RjUws1CE4KAU2SRyzdl","682oNH1cdBgZka76a/R572","e0HspcWqRD5qj+ZjRYuYa8"],["_textureSetter"],["cc.SpriteFrame","cc.Texture2D",["cc.AudioClip",["_name","_native","duration"],0],["cc.JsonAsset",["_name","json"],1]],[[2,0,1,2,4],[3,0,1,3]],[[[{"name":"l17_theyplayfootball","rect":[0,0,868,689],"offset":[0,0],"originalSize":[868,689],"capInsets":[0,0,0,0]}],[0],0,[0],[0],[0]],[[[0,"They_can_run_fast",".mp3",2.112],-1],0,0,[],[],[]],[[{"name":"l17_theyjumpingrain","rect":[0,0,868,689],"offset":[0,0],"originalSize":[868,689],"capInsets":[0,0,0,0]}],[0],0,[0],[0],[1]],[["0,9729,9729,33071,33071,0,0,1",-1],[1],0,[],[],[]],[[{"name":"l17_theymakingblock","rect":[0,0,868,689],"offset":[0,0],"originalSize":[868,689],"capInsets":[0,0,0,0]}],[0],0,[0],[0],[2]],[["0,9729,9729,33071,33071,0,0,1",-1],[1],0,[],[],[]],[[{"name":"l17_theymakingsand","rect":[0,0,868,689],"offset":[0,0],"originalSize":[868,689],"capInsets":[0,0,0,0]}],[0],0,[0],[0],[3]],[[[0,"They_are_making_a_castle_out_of_sand",".mp3",3.408],-1],0,0,[],[],[]],[["0,9729,9729,33071,33071,0,0,1",-1],[1],0,[],[],[]],[["0,9729,9729,33071,33071,0,0,1",-1],[1],0,[],[],[]],[[{"name":"l17_theymakingbox","rect":[0,0,868,689],"offset":[0,0],"originalSize":[868,689],"capInsets":[0,0,0,0]}],[0],0,[0],[0],[4]],[[[0,"She_can_cook_well",".mp3",1.8],-1],0,0,[],[],[]],[[[0,"They_are_running_to_school_in_the_rain",".mp3",2.928],-1],0,0,[],[],[]],[[{"name":"l11_theyhaveeggplants","rect":[0,0,868,689],"offset":[0,0],"originalSize":[868,689],"capInsets":[0,0,0,0]}],[0],0,[0],[0],[5]],[[{"name":"l7_theyrun","rect":[0,0,868,689],"offset":[0,0],"originalSize":[868,689],"capInsets":[0,0,0,0]}],[0],0,[0],[0],[6]],[[{"name":"l11_theyhaveoranges","rect":[0,0,868,689],"offset":[0,0],"originalSize":[868,689],"capInsets":[0,0,0,0]}],[0],0,[0],[0],[7]],[[[0,"They_cannot_cook_well",".mp3",2.04],-1],0,0,[],[],[]],[[[1,"en2503",{"rows":[["picturemeaning","1","Description","P","They are making a castle out of sand.","l17_theymakingsand.png","They_are_making_a_castle_out_of_sand.mp3","They are making a castle out of boxes.","l17_theymakingbox.png","They_are_making_a_castle_out_of_boxes.mp3","They are making a castle with blocks.","l17_theymakingblock.png","They_are_making_a_castle_with_blocks.mp3"],["picturemeaning","1","Description","P","They cannot cook well.","l12_theycannotcookwell.png","They_cannot_cook_well.mp3","She can cook well.","l12_shecancookwell.png","She_can_cook_well.mp3","He can't cook well.","l12_hecantcookwell.png","He_can't_cook_well.mp3"],["picturemeaning","1","Description","P","They want to buy bananas.","l16_theywantbananas.png","They_want_to_buy_bananas.mp3","He wants to buy mangoes.","l16_hewantsmangoes.png","He_wants_to_buy_mangoes.mp3","She wants to buy bananas.","l16_shewantsbananas.png","She_wants_to_buy_bananas.mp3"],["picturemeaning","1","Description","S","They are running to school in the rain.","l17_theyrunschool.png","They_are_running_to_school_in_the_rain.mp3","They are playing football in the rain.","l17_theyplayfootball.png","They_are_playing_football_in_the_rain.mp3","They are jumping in the rain.","l17_theyjumpingrain.png","They_are_jumping_in_the_rain.mp3"],["picturemeaning","1","Description","S","They can jump high.","l7_theyjump.png","They_can_jump_high.mp3","They can run fast.","l7_theyrun.png","They_can_run_fast.mp3","They can cook well.","l7_theycook.png","They_can_cook_well.mp3"],["picturemeaning","1","Description","S","They don't eat fish.","l14_theyxfish.png","They_don't_eat_fish.mp3","They don't eat salad.","l14_theyxsalad.png","They_don't_eat_salad.mp3","They eat fish.","l14_theyfish.png","They_eat_fish.mp3"],["picturemeaning","1","Description","S","They have mangoes.","l11_theyhavemangoes.png","They_have_mangoes.mp3","They have oranges.","l11_theyhaveoranges.png","They_have_oranges.mp3","They have eggplants.","l11_theyhaveeggplants.png","They_have_eggplants.mp3"],["picturemeaning","1","Description","S","They will go swimming.","l16_theywillswimming.png","They_will_go_swimming.mp3","They will go fishing.","l16_theywilfising.png","They_will_go_fishing.mp3","They will go hiking.","l16_theywillhiking.png","They_will_go_hiking.mp3"],["quizliteracy","1","Description","sentence_sentence","they","here","there","they","","Choose the pronoun","Choose_the_right_one.mp3"],["quizliteracy","1","Description","sentence_sentence","Are they students?","Raju is a student","Are they students?","Is Suma a student?","","Choose the pronoun","Choose_the_right_one.mp3"],["quizliteracy","1","Description","sentence_sentence","They ","Fast","They","Slow","","____ don't eat fish.","They_don't_eat_fish.mp3"],["quizliteracy","1","Description","sentence_sentence","They ","Here","They","Him","","____ have mangoes.","Choose_the_right_one.mp3"],["quizliteracy","1","Description","sentence_sentence","They","Her","Tall","They","","____ will go swimming.","They_will_go_swimming.mp3"]]}]],0,0,[],[],[]],[[[0,"They_can_jump_high",".mp3",1.992],-1],0,0,[],[],[]],[[[0,"He_can't_cook_well",".mp3",1.848],-1],0,0,[],[],[]],[[{"name":"l11_theyhavemangoes","rect":[0,0,868,689],"offset":[0,0],"originalSize":[868,689],"capInsets":[0,0,0,0]}],[0],0,[0],[0],[8]],[[{"name":"l16_theywillhiking","rect":[0,0,868,689],"offset":[0,0],"originalSize":[868,689],"capInsets":[0,0,0,0]}],[0],0,[0],[0],[9]],[[[0,"They_are_jumping_in_the_rain",".mp3",2.544],-1],0,0,[],[],[]],[[[0,"He_wants_to_buy_mangoes",".mp3",2.52],-1],0,0,[],[],[]],[[[0,"They_will_go_swimming",".mp3",1.968],-1],0,0,[],[],[]],[[{"name":"l16_theywilfising","rect":[0,0,868,689],"offset":[0,0],"originalSize":[868,689],"capInsets":[0,0,0,0]}],[0],0,[0],[0],[10]],[["0,9729,9729,33071,33071,0,0,1",-1],[1],0,[],[],[]],[["0,9729,9729,33071,33071,0,0,1",-1],[1],0,[],[],[]],[[{"name":"l14_theyxfish","rect":[0,0,868,689],"offset":[0,0],"originalSize":[868,689],"capInsets":[0,0,0,0]}],[0],0,[0],[0],[11]],[[{"name":"l7_theyjump","rect":[0,0,868,689],"offset":[0,0],"originalSize":[868,689],"capInsets":[0,0,0,0]}],[0],0,[0],[0],[12]],[[[0,"They_want_to_buy_bananas",".mp3",2.52],-1],0,0,[],[],[]],[[{"name":"l16_theywantbananas","rect":[0,0,868,689],"offset":[0,0],"originalSize":[868,689],"capInsets":[0,0,0,0]}],[0],0,[0],[0],[13]],[["0,9729,9729,33071,33071,0,0,1",-1],[1],0,[],[],[]],[[{"name":"l7_theycook","rect":[0,0,868,689],"offset":[0,0],"originalSize":[868,689],"capInsets":[0,0,0,0]}],[0],0,[0],[0],[14]],[[[0,"They_don't_eat_fish",".mp3",1.992],-1],0,0,[],[],[]],[[{"name":"l16_shewantsbananas","rect":[0,0,868,689],"offset":[0,0],"originalSize":[868,689],"capInsets":[0,0,0,0]}],[0],0,[0],[0],[15]],[["0,9729,9729,33071,33071,0,0,1",-1],[1],0,[],[],[]],[[{"name":"l14_theyxsalad","rect":[0,0,868,689],"offset":[0,0],"originalSize":[868,689],"capInsets":[0,0,0,0]}],[0],0,[0],[0],[16]],[["0,9729,9729,33071,33071,0,0,1",-1],[1],0,[],[],[]],[[[0,"They_can_cook_well",".mp3",1.776],-1],0,0,[],[],[]],[[[0,"They_have_oranges",".mp3",1.968],-1],0,0,[],[],[]],[[[0,"They_have_mangoes",".mp3",1.968],-1],0,0,[],[],[]],[[[0,"They_are_making_a_castle_with_blocks",".mp3",3.36],-1],0,0,[],[],[]],[[[0,"They_have_eggplants",".mp3",2.136],-1],0,0,[],[],[]],[["0,9729,9729,33071,33071,0,0,1",-1],[1],0,[],[],[]],[[{"name":"l12_shecancookwell","rect":[0,0,868,689],"offset":[0,0],"originalSize":[868,689],"capInsets":[0,0,0,0]}],[0],0,[0],[0],[17]],[[[0,"She_wants_to_buy_bananas",".mp3",2.688],-1],0,0,[],[],[]],[["0,9729,9729,33071,33071,0,0,1",-1],[1],0,[],[],[]],[[[0,"They_don't_eat_salad",".mp3",2.064],-1],0,0,[],[],[]],[[[0,"They_are_making_a_castle_out_of_boxes",".mp3",3.6],-1],0,0,[],[],[]],[[{"name":"l16_theywillswimming","rect":[0,0,868,689],"offset":[0,0],"originalSize":[868,689],"capInsets":[0,0,0,0]}],[0],0,[0],[0],[18]],[[[0,"Choose_the_right_one",".mp3",2.064],-1],0,0,[],[],[]],[[{"name":"l16_hewantsmangoes","rect":[0,0,868,689],"offset":[0,0],"originalSize":[868,689],"capInsets":[0,0,0,0]}],[0],0,[0],[0],[19]],[["0,9729,9729,33071,33071,0,0,1",-1],[1],0,[],[],[]],[[{"name":"l12_theycannotcookwell","rect":[0,0,868,689],"offset":[0,0],"originalSize":[868,689],"capInsets":[0,0,0,0]}],[0],0,[0],[0],[20]],[[{"name":"l17_theyrunschool","rect":[0,0,868,689],"offset":[0,0],"originalSize":[868,689],"capInsets":[0,0,0,0]}],[0],0,[0],[0],[21]],[["0,9729,9729,33071,33071,0,0,1",-1],[1],0,[],[],[]],[[[0,"They_will_go_fishing",".mp3",1.896],-1],0,0,[],[],[]],[[[0,"They_will_go_hiking",".mp3",1.944],-1],0,0,[],[],[]],[["0,9729,9729,33071,33071,0,0,1",-1],[1],0,[],[],[]],[["0,9729,9729,33071,33071,0,0,1",-1],[1],0,[],[],[]],[[[0,"They_eat_fish",".mp3",1.728],-1],0,0,[],[],[]],[[{"name":"l12_hecantcookwell","rect":[0,0,868,689],"offset":[0,0],"originalSize":[868,689],"capInsets":[0,0,0,0]}],[0],0,[0],[0],[22]],[["0,9729,9729,33071,33071,0,0,1",-1],[1],0,[],[],[]],[["0,9729,9729,33071,33071,0,0,1",-1],[1],0,[],[],[]],[["0,9729,9729,33071,33071,0,0,1",-1],[1],0,[],[],[]],[["0,9729,9729,33071,33071,0,0,1",-1],[1],0,[],[],[]],[["0,9729,9729,33071,33071,0,0,1",-1],[1],0,[],[],[]],[["0,9729,9729,33071,33071,0,0,1",-1],[1],0,[],[],[]],[["0,9729,9729,33071,33071,0,0,1",-1],[1],0,[],[],[]],[["0,9729,9729,33071,33071,0,0,1",-1],[1],0,[],[],[]],[[{"name":"l14_theyfish","rect":[0,0,868,689],"offset":[0,0],"originalSize":[868,689],"capInsets":[0,0,0,0]}],[0],0,[0],[0],[23]],[[[0,"They_are_playing_football_in_the_rain",".mp3",3.096],-1],0,0,[],[],[]],[["0,9729,9729,33071,33071,0,0,1",-1],[1],0,[],[],[]]]]