[1,["330b+Mz2xLDa/wU8N12KNj","38lTJ566dMLptKaCbqP6cN","3eQtmeBsZMypzCFuKt/GM+","4ayd8BWhZMY4nXYXWlJWIk","b0fttd+x5KSKY+RYftRANy","e816OcnjpIWr9pwkTK8WmN","eakQM5M0dMsJsNOK8ESF0F","aarccgrN9ER74cHiTPR7uM","971dwwfCdFqIAXsmIltFtF","02isQpzQRMfar7hR0DaGWY","2dZKjVLA5A8p704Y7Is3NW","70BEs6KdpLurU/4UG2EKLA"],["_textureSetter"],["cc.Texture2D","cc.SpriteFrame",["cc.JsonAsset",["_name","json"],1]],[[2,0,1,3]],[[["0,9729,9729,33071,33071,0,0,1",-1],[0],0,[],[],[]],[[{"name":"crescent_check","rect":[0,1,274,198],"offset":[0,0.5],"originalSize":[274,201],"capInsets":[0,0,0,0]}],[1],0,[0],[0],[0]],[["0,9729,9729,33071,33071,0,0,1",-1],[0],0,[],[],[]],[[[0,"puzzle0007",{"rows":[["matchbox","1","Description","8.0","star_dotcolor.png","heart_dotcolor.png","crescent_dotcolor.png","house_dotcolor.png","star_purple.png","heart_purple.png","crescent_purple.png","house_purple.png"],["matchbox","1","Description","8.0","star_purple.png","heart_purple.png","crescent_purple.png","house_purple.png","star_check.png","heart_check.png","crescent_check.png","house_check.png"]]}]],0,0,[],[],[]],[["0,9729,9729,33071,33071,0,0,1",-1],[0],0,[],[],[]],[[{"name":"star_check","rect":[0,0,284,297],"offset":[0,0],"originalSize":[284,297],"capInsets":[0,0,0,0]}],[1],0,[0],[0],[1]],[["0,9729,9729,33071,33071,0,0,1",-1],[0],0,[],[],[]],[["0,9729,9729,33071,33071,0,0,1",-1],[0],0,[],[],[]],[[{"name":"crescent_purple","rect":[3,0,199,275],"offset":[1.5,0],"originalSize":[202,275],"capInsets":[0,0,0,0]}],[1],0,[0],[0],[2]],[[{"name":"heart_check","rect":[0,0,248,293],"offset":[0,0],"originalSize":[248,293],"capInsets":[0,0,0,0]}],[1],0,[0],[0],[3]],[["0,9729,9729,33071,33071,0,0,1",-1],[0],0,[],[],[]],[["0,9729,9729,33071,33071,0,0,1",-1],[0],0,[],[],[]],[[{"name":"star_dotcolor","rect":[0,0,284,297],"offset":[0,0],"originalSize":[284,297],"capInsets":[0,0,0,0]}],[1],0,[0],[0],[4]],[[{"name":"crescent_dotcolor","rect":[0,1,274,198],"offset":[0,0.5],"originalSize":[274,201],"capInsets":[0,0,0,0]}],[1],0,[0],[0],[5]],[[{"name":"heart_purple","rect":[0,8,294,234],"offset":[0,-0.5],"originalSize":[294,249],"capInsets":[0,0,0,0]}],[1],0,[0],[0],[6]],[["0,9729,9729,33071,33071,0,0,1",-1],[0],0,[],[],[]],[[{"name":"house_dotcolor","rect":[0,0,280,309],"offset":[0,0],"originalSize":[280,309],"capInsets":[0,0,0,0]}],[1],0,[0],[0],[7]],[[{"name":"star_purple","rect":[0,1,297,282],"offset":[0,-0.5],"originalSize":[297,283],"capInsets":[0,0,0,0]}],[1],0,[0],[0],[8]],[["0,9729,9729,33071,33071,0,0,1",-1],[0],0,[],[],[]],[["0,9729,9729,33071,33071,0,0,1",-1],[0],0,[],[],[]],[[{"name":"house_purple","rect":[0,0,309,280],"offset":[0,0],"originalSize":[309,280],"capInsets":[0,0,0,0]}],[1],0,[0],[0],[9]],[[{"name":"house_check","rect":[0,0,280,309],"offset":[0,0],"originalSize":[280,309],"capInsets":[0,0,0,0]}],[1],0,[0],[0],[10]],[[{"name":"heart_dotcolor","rect":[0,0,248,293],"offset":[0,0],"originalSize":[248,293],"capInsets":[0,0,0,0]}],[1],0,[0],[0],[11]],[["0,9729,9729,33071,33071,0,0,1",-1],[0],0,[],[],[]],[["0,9729,9729,33071,33071,0,0,1",-1],[0],0,[],[],[]]]]