[1,["66un6AXSlCY6Z6eDYgdj4t","5dTqsuv5pAOZUZeryv5g81"],["_textureSetter"],["cc.Texture2D","cc.SpriteFrame",["cc.JsonAsset",["_name","json"],1],["cc.AudioClip",["_name","_native","duration"],0]],[[3,0,1,2,4],[2,0,1,3]],[[[[1,"kn4005",{"rows":[["createsentence","1","Description","ರಾಜನ/ಕಿರೀಟ/ಮಣಿಗಳ/ಕಿರೀಟ","","crown.png","ರಾಜನ ಕಿರೀಟ ಮಣಿಗಳ ಕಿರೀಟ.mp3"],["createsentence","1","Description","ಗೀತಳ/ಪೀಪಿ/ತಗಡಿನ/ಪೀಪಿ","","long_whistle.png","ಗೀತಳ ಪೀಪಿ ತಗಡಿನ ಪೀಪಿ.mp3"],["quizliteracy","1","Description","image_sentence","ರಾಜನ ಕಿರೀಟ ಮಣಿಗಳ ಕಿರೀಟ","ಗೀತಳ ಪೀಪಿ ತಗಡಿನ ಪೀಪಿ","ಗುರುಗಳು ಹಾಡನು  ಹಾಡುವರು","ರಾಜನ ಕಿರೀಟ ಮಣಿಗಳ ಕಿರೀಟ","crown.png","","ರಾಜನ ಕಿರೀಟ ಮಣಿಗಳ ಕಿರೀಟ.mp3"],["quizliteracy","1","Description","sentence_sentence","ಗೀತಳ ಪೀಪಿ ತಗಡಿನ ಪೀಪಿ","ಗೀತಳ ಪೀಪಿ ತಗಡಿನ ಪೀಪಿ","ಗೀತಳ ತಗಡಿನ ಪೀಪಿ ಪೀಪಿ","ಪೀಪಿ ಪೀಪಿ ತಗಡಿನ ಗೀತಳ","","ಸರಿಯಾದದನ್ನು ಆರಿಸಿ","ಗೀತಳ ಪೀಪಿ ತಗಡಿನ ಪೀಪಿ.mp3"],["quizliteracy","1","Description","soundonly_sentence","ಗೀತಳ ಪೀಪಿ ತಗಡಿನ ಪೀಪಿ","ರಾಜನ ಕಿರೀಟ ಮಣಿಗಳ ಕಿರೀಟ","ಗೀತಳ ಪೀಪಿ ತಗಡಿನ ಪೀಪಿ","ನದಿಯು ಜುಳು ಜುಳು ಹರಿಯುವುದು","","","ಗೀತಳ ಪೀಪಿ ತಗಡಿನ ಪೀಪಿ.mp3"]]}]],0,0,[],[],[]],[["0,9729,9729,33071,33071,0,0,1",-1],[0],0,[],[],[]],[["0,9729,9729,33071,33071,0,0,1",-1],[0],0,[],[],[]],[[[0,"ರಾಜನ ಕಿರೀಟ ಮಣಿಗಳ ಕಿರೀಟ",".mp3",2.112],-1],0,0,[],[],[]],[[[0,"ಗೀತಳ ಪೀಪಿ ತಗಡಿನ ಪೀಪಿ",".mp3",1.968],-1],0,0,[],[],[]],[[{"name":"long_whistle","rect":[0,0,800,637],"offset":[0,0],"originalSize":[800,637],"capInsets":[0,0,0,0]}],[1],0,[0],[0],[0]],[[{"name":"crown","rect":[0,0,782,800],"offset":[0,0],"originalSize":[782,800],"capInsets":[0,0,0,0]}],[1],0,[0],[0],[1]]]]