[1,["a9QJVMs6xO1LqPeWE1H3uJ","6b3SJAA6FEFIdh38vT7yHs","52iqJ7xI9KQqbBfltICwlD","754kAT/jFDM5v9WQIbsMDg"],["_textureSetter"],["cc.SpriteFrame","cc.Texture2D",["cc.AudioClip",["_name","_native","duration"],0],["cc.JsonAsset",["_name","json"],1]],[[2,0,1,2,4],[3,0,1,3]],[[[[0,"fawn",".mp3",0.862041],-1],0,0,[],[],[]],[[[0,"branches",".mp3",1.018776],-1],0,0,[],[],[]],[[{"name":"image_14_2","rect":[0,0,845,695],"offset":[0,0],"originalSize":[845,695],"capInsets":[0,0,0,0]}],[0],0,[0],[0],[0]],[[[0,"forest",".mp3",0.966531],-1],0,0,[],[],[]],[[[0,"pond",".mp3",0.809796],-1],0,0,[],[],[]],[[[0,"waterfall",".mp3",1.149388],-1],0,0,[],[],[]],[["1,9729,9729,33071,33071,0,0,1",-1],[1],0,[],[],[]],[["1,9729,9729,33071,33071,0,0,1",-1],[1],0,[],[],[]],[["1,9729,9729,33071,33071,0,0,1",-1],[1],0,[],[],[]],[[{"name":"image_14_4","rect":[0,0,845,695],"offset":[0,0],"originalSize":[845,695],"capInsets":[0,0,0,0]}],[0],0,[0],[0],[1]],[[[1,"sl_en1819",{"rows":[["tag","1","Description","image_14_3.jpg","nature","297.-1520","nature.mp3","forest","874.-1230","forest.mp3","stream","1094.-597","stream.mp3","grass","1223.-928","grass.mp3","waterfall","389.-816","waterfall.mp3"],["tag","1","Description","image_14_4.jpg","forest","319.-1488","forest.mp3","fawn","892.-536","fawn.mp3","stream","353.-853","stream.mp3","rock","1280.-871","rock.mp3","tree","1060.-1190","tree.mp3"],["tag","1","Description","image_14_1.jpg","tree","485.-1520","tree.mp3","roots","680.-566","roots.mp3","trunk","1171.-954","trunk.mp3","branches","1121.-1241","branches.mp3","leaves","355.-1168","leaves.mp3"],["tag","1","Description","image_14_2.jpg","pond","297.-1520","pond.mp3","duck","1223.-879","duck.mp3","stone","702.-430","stone.mp3","grass","535.-1131","grass.mp3"],["quizliteracy","1","Description","soundonly_word","tree","stone","tree","pond","","","tree.mp3"],["quizliteracy","1","Description","soundonly_word","stone","pond","stone","tree","","","stone.mp3"],["quizliteracy","1","Description","soundonly_word","pond","tree","pond","stone","","","pond.mp3"]]}]],0,0,[],[],[]],[[[0,"grass",".mp3",0.783673],-1],0,0,[],[],[]],[[{"name":"image_14_3","rect":[0,0,845,695],"offset":[0,0],"originalSize":[845,695],"capInsets":[0,0,0,0]}],[0],0,[0],[0],[2]],[["1,9729,9729,33071,33071,0,0,1",-1],[1],0,[],[],[]],[[{"name":"image_14_1","rect":[0,0,845,695],"offset":[0,0],"originalSize":[845,695],"capInsets":[0,0,0,0]}],[0],0,[0],[0],[3]],[[[0,"roots",".mp3",0.757551],-1],0,0,[],[],[]],[[[0,"nature",".mp3",0.783673],-1],0,0,[],[],[]],[[[0,"leaves",".mp3",0.914286],-1],0,0,[],[],[]],[[[0,"rock",".mp3",0.653061],-1],0,0,[],[],[]],[[[0,"stream",".mp3",0.966531],-1],0,0,[],[],[]],[[[0,"duck",".mp3",0.626939],-1],0,0,[],[],[]],[[[0,"stone",".mp3",0.940408],-1],0,0,[],[],[]],[[[0,"tree",".mp3",0.731429],-1],0,0,[],[],[]],[[[0,"trunk",".mp3",0.653061],-1],0,0,[],[],[]]]]