[1,["75xw5tVXhOX6KN+gg0QmA+","bdS4dGuxtNtbzZo3er+utW","5dV3spz/tFN5UEo6zWXLE1","69vuPIvIpEXp5/rap0q08S","585f8ecBVBc5LcdMtA0ti6","6brbey0klBlZkjtuFPsBrx","71LXbKbndArIiKxS3YNS5S","0aTcLqeT5BTYTazcHHhN5u","1fNCfjuO1Fxrr+rO43LnEL","d1wwO3FKpETLZYqT5hCL5H","a7Ivoiq+RG571tfVHPOSK4","b42BVkAIhM6LSsMeIO4f3X","22kMFnyCJDhpIjUUUsGlKS","06GEGeo+BKQaxp+IV+KAU/","3d4oUxNZZCB7nnGL5IY/lp","fduETjD7tNRL9SYC2iDo9t","51I8g0IwJBBpsCvlre0Z+Q","183T8cop5O7JW8RK9mBO1E","e8+X60bo9EZqdPPqM2kKI7","267cQlklJPQoPbsw/hj4Kd","ee8TEOp2FNgIcC7ezEVwrL","79Q6a7N6FOVJCJUMVCdPzc","7216QlknpNQLRavD53xo8Q","e3zBKwCPdOsoLs/6L0pSWq","48UomJczpKJ6PoFBQ1jNR5","6fYnDbQ2VN3bGwRdeADKbY"],["_textureSetter"],["cc.SpriteFrame","cc.Texture2D",["cc.AudioClip",["_name","_native","duration"],0],["cc.JsonAsset",["_name","json"],1]],[[2,0,1,2,4],[3,0,1,3]],[[[[0,"She_is_cooking",".mp3",1.436735],-1],0,0,[],[],[]],[[{"name":"l7_theyjump","rect":[0,0,868,689],"offset":[0,0],"originalSize":[868,689],"capInsets":[0,0,0,0]}],[0],0,[0],[0],[0]],[["0,9729,9729,33071,33071,0,0,1",-1],[1],0,[],[],[]],[["0,9729,9729,33071,33071,0,0,1",-1],[1],0,[],[],[]],[[[0,"Fish_can_swim",".mp3",1.306122],-1],0,0,[],[],[]],[[[0,"She_is_swimming",".mp3",1.044898],-1],0,0,[],[],[]],[[[0,"He_is_eating_fish",".mp3",1.645714],-1],0,0,[],[],[]],[["0,9729,9729,33071,33071,0,0,1",-1],[1],0,[],[],[]],[[{"name":"l8_herunning","rect":[0,0,868,689],"offset":[0,0],"originalSize":[868,689],"capInsets":[0,0,0,0]}],[0],0,[0],[0],[1]],[["0,9729,9729,33071,33071,0,0,1",-1],[1],0,[],[],[]],[["0,9729,9729,33071,33071,0,0,1",-1],[1],0,[],[],[]],[["0,9729,9729,33071,33071,0,0,1",-1],[1],0,[],[],[]],[[[0,"They_can_cook_well",".mp3",1.306122],-1],0,0,[],[],[]],[[[0,"He_can_make_a_house",".mp3",1.38449],-1],0,0,[],[],[]],[[[0,"He_can_draw",".mp3",1.149388],-1],0,0,[],[],[]],[[{"name":"l7_theycook","rect":[0,0,868,689],"offset":[0,0],"originalSize":[868,689],"capInsets":[0,0,0,0]}],[0],0,[0],[0],[2]],[[{"name":"l7_duckcanswim","rect":[0,0,868,689],"offset":[0,0],"originalSize":[868,689],"capInsets":[0,0,0,0]}],[0],0,[0],[0],[3]],[[[0,"She_can_run",".mp3",1.07102],-1],0,0,[],[],[]],[["0,9729,9729,33071,33071,0,0,1",-1],[1],0,[],[],[]],[[[0,"He_can_cook",".mp3",1.123265],-1],0,0,[],[],[]],[[[0,"He_is_walking",".mp3",1.306122],-1],0,0,[],[],[]],[["0,9729,9729,33071,33071,0,0,1",-1],[1],0,[],[],[]],[[[0,"He_can_drive",".mp3",1.358367],-1],0,0,[],[],[]],[["0,9729,9729,33071,33071,0,0,1",-1],[1],0,[],[],[]],[[{"name":"l8_shewashinghand","rect":[0,0,868,689],"offset":[0,0],"originalSize":[868,689],"capInsets":[0,0,0,0]}],[0],0,[0],[0],[4]],[["0,9729,9729,33071,33071,0,0,1",-1],[1],0,[],[],[]],[["0,9729,9729,33071,33071,0,0,1",-1],[1],0,[],[],[]],[[[0,"Frogs_can_swim",".mp3",1.462857],-1],0,0,[],[],[]],[[[0,"She_can_swim",".mp3",1.201633],-1],0,0,[],[],[]],[["0,9729,9729,33071,33071,0,0,1",-1],[1],0,[],[],[]],[["0,9729,9729,33071,33071,0,0,1",-1],[1],0,[],[],[]],[["0,9729,9729,33071,33071,0,0,1",-1],[1],0,[],[],[]],[["0,9729,9729,33071,33071,0,0,1",-1],[1],0,[],[],[]],[["0,9729,9729,33071,33071,0,0,1",-1],[1],0,[],[],[]],[[[0,"She_is_washing_her_hands",".mp3",1.802449],-1],0,0,[],[],[]],[["0,9729,9729,33071,33071,0,0,1",-1],[1],0,[],[],[]],[["0,9729,9729,33071,33071,0,0,1",-1],[1],0,[],[],[]],[[{"name":"l7_fishcanswim","rect":[0,0,868,689],"offset":[0,0],"originalSize":[868,689],"capInsets":[0,0,0,0]}],[0],0,[0],[0],[5]],[[{"name":"l7_shecanrun","rect":[0,0,868,689],"offset":[0,0],"originalSize":[868,689],"capInsets":[0,0,0,0]}],[0],0,[0],[0],[6]],[[{"name":"l7_hecancook","rect":[0,0,868,689],"offset":[0,0],"originalSize":[868,689],"capInsets":[0,0,0,0]}],[0],0,[0],[0],[7]],[[{"name":"l8_heeatingdonut","rect":[0,0,868,689],"offset":[0,0],"originalSize":[868,689],"capInsets":[0,0,0,0]}],[0],0,[0],[0],[8]],[[[0,"He_is_running",".mp3",1.28],-1],0,0,[],[],[]],[[{"name":"l7_shecanswim","rect":[0,0,868,689],"offset":[0,0],"originalSize":[868,689],"capInsets":[0,0,0,0]}],[0],0,[0],[0],[9]],[[{"name":"l8_heeatingfish","rect":[0,0,868,689],"offset":[0,0],"originalSize":[868,689],"capInsets":[0,0,0,0]}],[0],0,[0],[0],[10]],[["0,9729,9729,33071,33071,0,0,1",-1],[1],0,[],[],[]],[[[0,"She_is_sleeping",".mp3",1.227755],-1],0,0,[],[],[]],[[{"name":"l7_hecanmake_house","rect":[0,0,868,689],"offset":[0,0],"originalSize":[868,689],"capInsets":[0,0,0,0]}],[0],0,[0],[0],[11]],[["0,9729,9729,33071,33071,0,0,1",-1],[1],0,[],[],[]],[[{"name":"l8_shesleeping","rect":[0,0,868,689],"offset":[0,0],"originalSize":[868,689],"capInsets":[0,0,0,0]}],[0],0,[0],[0],[12]],[[{"name":"l7_frogcanswim","rect":[0,0,868,689],"offset":[0,0],"originalSize":[868,689],"capInsets":[0,0,0,0]}],[0],0,[0],[0],[13]],[[[0,"They_can_jump_high",".mp3",1.48898],-1],0,0,[],[],[]],[[[1,"sl_en1906",{"rows":[["picturemeaning","1","Description","P","She can jump.","l7_shecanjump.png","She_can_jump.mp3","She can swim.","l7_shecanswim.png","She_can_swim.mp3","She can run.","l7_shecanrun.png","She_can_run.mp3"],["picturemeaning","1","Description","P","Frogs can swim.","l7_frogcanswim.png","Frogs_can_swim.mp3","Fish can swim.","l7_fishcanswim.png","Fish_can_swim.mp3","Ducks can swim.","l7_duckcanswim.png","Ducks_can_swim.mp3"],["picturemeaning","1","Description","S","He can draw.","l7_hecandraw.png","He_can_draw.mp3","He can cook.","l7_hecancook.png","He_can_cook.mp3","He can drive.","l7_hecandrive.png","He_can_drive.mp3"],["picturemeaning","1","Description","S","They can jump high.","l7_theyjump.png","They_can_jump_high.mp3","They can run fast.","l7_theyrun.png","They_can_run_fast.mp3","They can cook well.","l7_theycook.png","They_can_cook_well.mp3"],["picturemeaning","1","Description","S","He can make a boat.","l7_hecanmake_boat.png","He_can_make_a_boat.mp3","He can make a desk.","l7_hecanmake_desk.png","He_can_make_a_desk.mp3","He can make a house.","l7_hecanmake_house.png","He_can_make_a_house.mp3"],["picturemeaning","1","Description","S","She is cooking.","l8_shecooking.png","She_is_cooking.mp3","She is sleeping.","l8_shesleeping.png","She_is_sleeping.mp3","She is washing her hands.","l8_shewashinghand.png","She_is_washing_her_hands.mp3"],["picturemeaning","1","Description","S","He is running.","l8_herunning.png","He_is_running.mp3","He is walking.","l8_hewalking.png","He_is_walking.mp3","He is jumping.","l8_hejumping.png","He_is_jumping.mp3"],["picturemeaning","1","Description","P","He is swimming.","l8_heswimming.png","He_is_swimming.mp3","She is swimming.","l8_sheswimmig.png","She_is_swimming.mp3","He is jumping.","l8_hejumping.png","He_is_jumping.mp3"],["picturemeaning","1","Description","P","He is eating salad.","l8_heeatingsalad.png","He_is_eating_salad.mp3","He is eating a donut.","l8_heeatingdonut.png","He_is_eating_a_donut.mp3","He is eating fish.","l8_heeatingfish.png","He_is_eating_fish.mp3"],["quizliteracy","1","Description","image_sentence","She can jump.","She can run.","She can swim.","She can jump.","l7_shecanjump.png","","She_can_jump.mp3"],["quizliteracy","1","Description","sentence_sentence","Frogs can swim.","Frogs can fly","Frogs can swim.","Frogs can sing","","choose the correct sentence","Choose_the_correct_sentence.mp3"],["quizliteracy","1","Description","image_sentence","She is cooking.","She is cooking.","She is sleeping.","She is washing her hands.","l8_shecooking.png","","She_is_cooking.mp3"],["quizliteracy","1","Description","image_sentence","He is eating salad.","He is eating a donut.","He is eating salad.","He is eating fish.","l8_heeatingsalad.png","","He_is_eating_salad.mp3"],["quizliteracy","1","Description","image_sentence","He is running.","He is walking.","He is jumping.","He is running.","l8_herunning.png","","He_is_running.mp3"]]}]],0,0,[],[],[]],[["0,9729,9729,33071,33071,0,0,1",-1],[1],0,[],[],[]],[[{"name":"l8_sheswimmig","rect":[0,0,868,689],"offset":[0,0],"originalSize":[868,689],"capInsets":[0,0,0,0]}],[0],0,[0],[0],[14]],[[[0,"Ducks_can_swim",".mp3",1.28],-1],0,0,[],[],[]],[[{"name":"l7_shecanjump","rect":[0,0,868,689],"offset":[0,0],"originalSize":[868,689],"capInsets":[0,0,0,0]}],[0],0,[0],[0],[15]],[[[0,"He_is_swimming",".mp3",1.149388],-1],0,0,[],[],[]],[[{"name":"l8_shecooking","rect":[0,0,868,689],"offset":[0,0],"originalSize":[868,689],"capInsets":[0,0,0,0]}],[0],0,[0],[0],[16]],[["0,9729,9729,33071,33071,0,0,1",-1],[1],0,[],[],[]],[[[0,"He_is_eating_a_donut",".mp3",1.802449],-1],0,0,[],[],[]],[[{"name":"l8_heeatingsalad","rect":[0,0,868,689],"offset":[0,0],"originalSize":[868,689],"capInsets":[0,0,0,0]}],[0],0,[0],[0],[17]],[[[0,"He_can_make_a_desk",".mp3",1.462857],-1],0,0,[],[],[]],[[{"name":"l7_hecandrive","rect":[0,0,868,689],"offset":[0,0],"originalSize":[868,689],"capInsets":[0,0,0,0]}],[0],0,[0],[0],[18]],[[{"name":"l7_theyrun","rect":[0,0,868,689],"offset":[0,0],"originalSize":[868,689],"capInsets":[0,0,0,0]}],[0],0,[0],[0],[19]],[[[0,"He_is_jumping",".mp3",1.38449],-1],0,0,[],[],[]],[[{"name":"l7_hecandraw","rect":[0,0,868,689],"offset":[0,0],"originalSize":[868,689],"capInsets":[0,0,0,0]}],[0],0,[0],[0],[20]],[[{"name":"l8_heswimming","rect":[0,0,868,689],"offset":[0,0],"originalSize":[868,689],"capInsets":[0,0,0,0]}],[0],0,[0],[0],[21]],[["0,9729,9729,33071,33071,0,0,1",-1],[1],0,[],[],[]],[[{"name":"l8_hejumping","rect":[0,0,868,689],"offset":[0,0],"originalSize":[868,689],"capInsets":[0,0,0,0]}],[0],0,[0],[0],[22]],[[[0,"Choose_the_correct_sentence",".mp3",1.854694],-1],0,0,[],[],[]],[[[0,"He_is_eating_salad",".mp3",1.567347],-1],0,0,[],[],[]],[[{"name":"l7_hecanmake_desk","rect":[0,0,868,689],"offset":[0,0],"originalSize":[868,689],"capInsets":[0,0,0,0]}],[0],0,[0],[0],[23]],[["0,9729,9729,33071,33071,0,0,1",-1],[1],0,[],[],[]],[[[0,"She_can_jump",".mp3",1.123265],-1],0,0,[],[],[]],[[[0,"He_can_make_a_boat",".mp3",1.436735],-1],0,0,[],[],[]],[[[0,"They_can_run_fast",".mp3",1.697959],-1],0,0,[],[],[]],[[{"name":"l8_hewalking","rect":[0,0,868,689],"offset":[0,0],"originalSize":[868,689],"capInsets":[0,0,0,0]}],[0],0,[0],[0],[24]],[["0,9729,9729,33071,33071,0,0,1",-1],[1],0,[],[],[]],[[{"name":"l7_hecanmake_boat","rect":[0,0,868,689],"offset":[0,0],"originalSize":[868,689],"capInsets":[0,0,0,0]}],[0],0,[0],[0],[25]],[["0,9729,9729,33071,33071,0,0,1",-1],[1],0,[],[],[]]]]