[1,["f76KrDWzBCVquQExHkWzwI","23n7jLUQlDBqQy+miAtKNp","adriOfP3tGq57cSy+TwhfH","62swQXBfJM16kDpq7UJbyK","faOR/02jRFNpbOSLiQvj6e","d4AKwQdQJDxpJuEfEFqXKb","b8/G5KPkpFbpoZC9OEQd7d","3dkaZ+XOZOgaf8h9G1EmVQ","5fCInMfxtL960fTV+FdPvX","0fOCMWvXdN2L5fhDWTOyB9","71TfrgkhFJGrbNbxcCU8lC","81b2YNXRNNtYt1A4mUGxd5","60KSmki0REk44FFqfKqwRJ"],["_textureSetter"],["cc.Texture2D","cc.SpriteFrame",["cc.JsonAsset",["_name","json"],1]],[[2,0,1,3]],[[["0,9729,9729,33071,33071,0,0,1",-1],[0],0,[],[],[]],[[{"name":"dog","rect":[0,20,140,99],"offset":[0,0.5],"originalSize":[140,140],"capInsets":[0,0,0,0]}],[1],0,[0],[0],[0]],[[{"name":"woman","rect":[46,15,108,124],"offset":[3.5,-0.5],"originalSize":[193,153],"capInsets":[0,0,0,0]}],[1],0,[0],[0],[1]],[["0,9729,9729,33071,33071,0,0,1",-1],[0],0,[],[],[]],[[{"name":"duck","rect":[0,2,140,135],"offset":[0,0.5],"originalSize":[140,140],"capInsets":[0,0,0,0]}],[1],0,[0],[0],[2]],[[[0,"sl_en2409",{"rows":[["letterpair","1","Description","image","image","father.png","mother.png","father_mother.mp3","brother.png","sister.png","brother_sister.mp3","grandfather.png","granmother.png","grandfather_grandmother.mp3","son.png","daughter.png","son_daughter.mp3","aunt.png","uncle.png","aunt_uncle.mp3","grandpa.png","grandma.png","grandpa_grandma.mp3"],["letterpair","1","Description","image","image","husband.png","wife.png","husband_wife.mp3","king.png","queen.png","king_queen.mp3","nephew.png","niece.png","nephew_niece.mp3","witch.png","wizard.png","witch_wizard.mp3","actor.png","actress.png","actor_actress.mp3","milkman.png","milkmaid.png","milkman_milkmaid.mp3"],["letterpair","1","Description","image","image","emperor.png","empress.png","emperor_empress.mp3","lord.png","lady.png","lord_lady.mp3","sir.png","madam.png","sir_madam.mp3","host.png","hostess.png","host_hostess.mp3","doctor.png","doctor.png","doctor_doctor.mp3","woman.png","man.png","woman_man.mp3"],["letterpair","1","Description","image","image","horse.png","mare.png","horse_mare.mp3","rooster.png","hen.png","rooster_hen.mp3","cow.png","bull.png","cow_bull.mp3","duck.png","drake.png","duck_drake.mp3","lion.png","lioness.png","lion_lioness.mp3","tiger.png","tigress.png","tiger_tigress.mp3"],["letterpair","1","Description","image","image","drone.png","bee.png","drone_bee.mp3","fox.png","vixen.png","fox_vixen.mp3","ram.png","ewe.png","ram_ewe.mp3","boar.png","sow.png","boar_sow.mp3","goose.png","gander.png","goose_gander.mp3","dog.png","bitch.png","dog_bitch.mp3"],["quizliteracy","1","Description","sentence_sentence","mother","sister","mother","brother","","father X _____","father_mother.mp3"],["quizliteracy","1","Description","sentence_sentence","lady","lady","girl","sister","","lord X _____.","lord_lady.mp3"],["quizliteracy","1","Description","sentence_sentence","tigress","tiger","cub","tigress","","tiger X _____.","tiger_tigress.mp3"]]}]],0,0,[],[],[]],[[{"name":"grandma","rect":[0,0,322,382],"offset":[0,0],"originalSize":[322,382],"capInsets":[0,0,0,0]}],[1],0,[0],[0],[3]],[["0,9729,9729,33071,33071,0,0,1",-1],[0],0,[],[],[]],[[{"name":"brother","rect":[247,371,1881,1660],"offset":[-12.5,-1],"originalSize":[2400,2400],"capInsets":[0,0,0,0]}],[1],0,[0],[0],[4]],[[{"name":"queen","rect":[0,0,710,1011],"offset":[0,0],"originalSize":[710,1011],"capInsets":[0,0,0,0]}],[1],0,[0],[0],[5]],[["0,9729,9729,33071,33071,0,0,1",-1],[0],0,[],[],[]],[["0,9729,9729,33071,33071,0,0,1",-1],[0],0,[],[],[]],[["0,9729,9729,33071,33071,0,0,1",-1],[0],0,[],[],[]],[["0,9729,9729,33071,33071,0,0,1",-1],[0],0,[],[],[]],[[{"name":"king","rect":[0,0,1734,1928],"offset":[0,0],"originalSize":[1734,1928],"capInsets":[0,0,0,0]}],[1],0,[0],[0],[6]],[["0,9729,9729,33071,33071,0,0,1",-1],[0],0,[],[],[]],[[{"name":"mother","rect":[0,0,1200,1000],"offset":[0,0],"originalSize":[1200,1000],"capInsets":[0,0,0,0]}],[1],0,[0],[0],[7]],[["0,9729,9729,33071,33071,0,0,1",-1],[0],0,[],[],[]],[[{"name":"hen","rect":[0,0,500,334],"offset":[0,0],"originalSize":[500,334],"capInsets":[0,0,0,0]}],[1],0,[0],[0],[8]],[["0,9729,9729,33071,33071,0,0,1",-1],[0],0,[],[],[]],[[{"name":"father","rect":[36,36,846,594],"offset":[0,0],"originalSize":[918,666],"capInsets":[0,0,0,0]}],[1],0,[0],[0],[9]],[[{"name":"lion","rect":[16,16,368,258],"offset":[0,0],"originalSize":[400,290],"capInsets":[0,0,0,0]}],[1],0,[0],[0],[10]],[["0,9729,9729,33071,33071,0,0,1",-1],[0],0,[],[],[]],[[{"name":"sister","rect":[0,0,1200,1000],"offset":[0,0],"originalSize":[1200,1000],"capInsets":[0,0,0,0]}],[1],0,[0],[0],[11]],[[{"name":"man","rect":[0,0,1906,1366],"offset":[0,0],"originalSize":[1906,1366],"capInsets":[0,0,0,0]}],[1],0,[0],[0],[12]],[["0,9729,9729,33071,33071,0,0,1",-1],[0],0,[],[],[]],[["0,9729,9729,33071,33071,0,0,1",-1],[0],0,[],[],[]]]]