[1,["9aMKpftUpFkKpWOM5TYK9B","769Tzm/ptHK69JaLXXzOID","cbThYgGkJCF7xL9/s3ZrUR","1bTVAFknpOkKRwycPgysHo","eaPDcTYctNP5QijxqEAGjU","d9geFakYNAaZIqXFTLuVxy"],["_textureSetter"],["cc.SpriteFrame","cc.Texture2D",["cc.AudioClip",["_name","_native","duration"],0],["cc.JsonAsset",["_name","json"],1]],[[2,0,1,2,4],[3,0,1,3]],[[[{"name":"spring","rect":[0,0,512,341],"offset":[0,0],"originalSize":[512,341],"capInsets":[0,0,0,0]}],[0],0,[0],[0],[0]],[[[0,"ವಸಂತ",".mp3",0.864],-1],0,0,[],[],[]],[[{"name":"roof_tile","rect":[0,0,512,288],"offset":[0,0],"originalSize":[512,288],"capInsets":[0,0,0,0]}],[0],0,[0],[0],[1]],[[{"name":"shirt","rect":[0,0,256,512],"offset":[0,0],"originalSize":[256,512],"capInsets":[0,0,0,0]}],[0],0,[0],[0],[2]],[["0,9729,9729,33071,33071,0,0,1",-1],[1],0,[],[],[]],[[{"name":"child","rect":[0,0,500,336],"offset":[0,0],"originalSize":[500,336],"capInsets":[0,0,0,0]}],[0],0,[0],[0],[3]],[["0,9729,9729,33071,33071,0,0,1",-1],[1],0,[],[],[]],[[[0,"ಅಂಗಿ",".mp3",0.696],-1],0,0,[],[],[]],[[{"name":"backyard","rect":[0,0,512,341],"offset":[0,0],"originalSize":[512,341],"capInsets":[0,0,0,0]}],[0],0,[0],[0],[4]],[["0,9729,9729,33071,33071,0,0,1",-1],[1],0,[],[],[]],[[[0,"ಚೆಂಡು",".mp3",0.792],-1],0,0,[],[],[]],[[{"name":"ball","rect":[0,0,500,500],"offset":[0,0],"originalSize":[500,500],"capInsets":[0,0,0,0]}],[0],0,[0],[0],[5]],[[[0,"ಹೆಂಚು",".mp3",0.792],-1],0,0,[],[],[]],[["0,9729,9729,33071,33071,0,0,1",-1],[1],0,[],[],[]],[["0,9729,9729,33071,33071,0,0,1",-1],[1],0,[],[],[]],[["0,9729,9729,33071,33071,0,0,1",-1],[1],0,[],[],[]],[[[0,"ಕಂದ",".mp3",0.72],-1],0,0,[],[],[]],[[[1,"kn4714",{"rows":[["spelldoor","1","Description","ಕಂದ","**","0","0","child.png","ಕಂದ.mp3"],["spelldoor","1","Description","ಹೆಂಚು","**","0","0","roof_tile.png","ಹೆಂಚು.mp3"],["spelldoor","1","Description","ಚೆಂಡು","**","0","0","ball.png","ಚೆಂಡು.mp3"],["spelldoor","1","Description","ಅಂಗಿ","**","0","0","shirt.png","ಅಂಗಿ.mp3"],["spelldoor","1","Description","ಹಿಂಭಾಗ","***","0","0","backyard.png","ಹಿಂಭಾಗ.mp3"],["spelldoor","1","Description","ವಸಂತ","***","0","0","spring.png","ವಸಂತ.mp3"],["quizliteracy","1","Description","word_word","ದ","ಬಿ","ದ","ಸ","","ಕಂ____","ಕಂದ.mp3"],["quizliteracy","1","Description","image_word","ಹೆಂಚು","ಕಂಬಿ","ಹೆಂಚು","ನೆಲ","roof_tile.png"],["quizliteracy","1","Description","soundonly_word","ಅಂಗಿ","ಅಂಗಿ","ಅಮ್ಮ","ತಂಗಿ","","","ಅಂಗಿ.mp3"]]}]],0,0,[],[],[]],[[[0,"ಹಿಂಭಾಗ",".mp3",0.912],-1],0,0,[],[],[]]]]