[1,["08aEiwPVRG66hcNkSnPQxX","58wYhXCdxMU4Rxy3NwXIhp","190K623KFLE6JedEVADnj0","ecvnIOy01K1YUC73XTmc0s"],["_textureSetter"],["cc.Texture2D","cc.SpriteFrame",["cc.AudioClip",["_name","_native","duration"],0],["cc.JsonAsset",["_name","json"],1]],[[2,0,1,2,4],[3,0,1,3]],[[[[0,"ತ್",".mp3",0.552],-1],0,0,[],[],[]],[["0,9729,9729,33071,33071,0,0,1",-1],[0],0,[],[],[]],[[[0,"ಸತ್ಕವಿ",".mp3",0.864],-1],0,0,[],[],[]],[[[0,"ಡ್ಗ",".mp3",0.624],-1],0,0,[],[],[]],[[{"name":"poet","rect":[0,0,512,341],"offset":[0,0],"originalSize":[512,341],"capInsets":[0,0,0,0]}],[1],0,[0],[0],[0]],[[[0,"ಕಾ",".mp3",0.528],-1],0,0,[],[],[]],[[[0,"ದ",".mp3",0.504],-1],0,0,[],[],[]],[["0,9729,9729,33071,33071,0,0,1",-1],[0],0,[],[],[]],[[{"name":"namaste","rect":[0,0,311,512],"offset":[0,0],"originalSize":[311,512],"capInsets":[0,0,0,0]}],[1],0,[0],[0],[1]],[[[1,"kn2802",{"rows":[["phonictractor","1","Description","6","ಸ್ಕಾ","ಸ್ಕಾ.mp3","ಸ್","ಸ್.mp3","ಕಾ","ಕಾ.mp3"],["spelldoor","1","Description","ನ,ಮ,ಸ್ಕಾ,ರ","****","0","0","namaste.png","ನಮಸ್ಕಾರ.mp3"],["phonictractor","1","Description","6","ತ್ಕ","ತ್ಕ.mp3","ತ್","ತ್.mp3","ಕ","ಕ.mp3"],["spelldoor","1","Description","ಸ,ತ್ಕ,ವಿ","***","0","0","poet.png","ಸತ್ಕವಿ.mp3"],["phonictractor","1","Description","6","ಡ್ಗ","ಡ್ಗ.mp3","ಡ್","ಡ್.mp3","ಗ","ಗ.mp3"],["spelldoor","1","Description","ಖ,ಡ್ಗ","**","0","0","sword.png","ಖಡ್ಗ.mp3"],["phonictractor","1","Description","6","ಬ್ದ","ಬ್ದ.mp3","ಬ್","ಬ್.mp3","ದ","ದ.mp3"],["spelldoor","1","Description","ಶ,ಬ್ದ","**","0","0","sound.png","ಶಬ್ದ.mp3"],["quizliteracy","1","Description","word_word","ಸ್ಕಾರ","ನತೆ","ಸ್ಕಾರ","ತಾಯಿ","","ನಮ_____","ನಮಸ್ಕಾರ.mp3"],["quizliteracy","1","Description","image_word","ಖಡ್ಗ","ಖಡ್ಗ","ಶಬ್ದ","ಸತ್ಕವಿ","sword.png"],["quizliteracy","1","Description","soundonly_word","ಶಬ್ದ","ಸತ್ಕವಿ","ಖಡ್ಗ","ಶಬ್ದ","","","ಶಬ್ದ.mp3"]]}]],0,0,[],[],[]],[[[0,"ಕ",".mp3",0.504],-1],0,0,[],[],[]],[[[0,"ಶಬ್ದ",".mp3",0.744],-1],0,0,[],[],[]],[[[0,"ಡ್",".mp3",0.504],-1],0,0,[],[],[]],[[[0,"ಬ್ದ",".mp3",0.648],-1],0,0,[],[],[]],[["0,9729,9729,33071,33071,0,0,1",-1],[0],0,[],[],[]],[[{"name":"sword","rect":[0,0,512,341],"offset":[0,0],"originalSize":[512,341],"capInsets":[0,0,0,0]}],[1],0,[0],[0],[2]],[[[0,"ಬ್",".mp3",0.48],-1],0,0,[],[],[]],[[[0,"ಸ್ಕಾ",".mp3",0.672],-1],0,0,[],[],[]],[[[0,"ನಮಸ್ಕಾರ",".mp3",0.984],-1],0,0,[],[],[]],[[[0,"ತ್ಕ",".mp3",0.624],-1],0,0,[],[],[]],[[[0,"ಗ",".mp3",0.528],-1],0,0,[],[],[]],[[[0,"ಸ್",".mp3",0.624],-1],0,0,[],[],[]],[[[0,"ಖಡ್ಗ",".mp3",0.696],-1],0,0,[],[],[]],[[{"name":"sound","rect":[0,0,500,346],"offset":[0,0],"originalSize":[500,346],"capInsets":[0,0,0,0]}],[1],0,[0],[0],[3]],[["0,9729,9729,33071,33071,0,0,1",-1],[0],0,[],[],[]]]]