[1,["8byqk4AIJEMZKMi4wrLZFU","1dvagxxbJI14VjXbpBMkfC","158qV4ISVFbo01TEGZouYP","ec0jMm031OdIp+7L6c8YOr","2fnTUIqk1E+7V/v2myqH0b","d7vrMebQBNl6Q9ZEDncUNF","22NICUgkRChoYP0C3OMESl","cayMLS9B5MdKJXI5ORUicm"],["_textureSetter"],["cc.Texture2D","cc.SpriteFrame",["cc.JsonAsset",["_name","json"],1],["cc.AudioClip",["_name","_native","duration"],0]],[[3,0,1,2,4],[2,0,1,3]],[[["0,9729,9729,33071,33071,0,0,1",-1],[0],0,[],[],[]],[[[1,"sl_maths1410",{"rows":[["shapepair","1","Description","image","text","matchinggame_hexagon_1_large.png","hexagon","hexagon.mp3","matchinggame_parallelogram_1_large.png","parallelogram","parallelogram.mp3","matchinggame_rhombus_1_large.png","rhombus","rhombus.mp3","matchinggame_oval_1_large.png","oval","oval.mp3"],["shapepair","1","Description","image","text","matchinggame_hexagon_2_large.png","hexagon","hexagon.mp3","matchinggame_parallelogram_2_large.png","parallelogram","parallelogram.mp3","matchinggame_rhombus_2_large.png","rhombus","rhombus.mp3","matchinggame_oval_2_large.png","oval","oval.mp3"],["quizmaths","1","Description","shapes","pentagon","pentagon","hexagon","parallelogram","trapezoid","which","which_is_a_pentagon.mp3","Which is a pentagon?"],["quizmaths","1","Description","shapes","hexagon","pentagon","hexagon","parallelogram","trapezoid","which","which_is_a_hexagon.mp3","Which is a hexagon?"],["quizmaths","1","Description","shapes","parallelogram","pentagon","hexagon","parallelogram","trapezoid","which","which_is_a_parallelogram.mp3","Which is a parallelogram?"]]}]],0,0,[],[],[]],[["0,9729,9729,33071,33071,0,0,1",-1],[0],0,[],[],[]],[[[0,"parallelogram",".mp3",1.201633],-1],0,0,[],[],[]],[["0,9729,9729,33071,33071,0,0,1",-1],[0],0,[],[],[]],[[[0,"which_is_a_hexagon",".mp3",1.724082],-1],0,0,[],[],[]],[[[0,"oval",".mp3",0.835918],-1],0,0,[],[],[]],[["0,9729,9729,33071,33071,0,0,1",-1],[0],0,[],[],[]],[[[0,"which_is_a_parallelogram",".mp3",2.246531],-1],0,0,[],[],[]],[[{"name":"matchinggame_parallelogram_1_large","rect":[6,34,178,84],"offset":[0,-1],"originalSize":[190,150],"capInsets":[0,0,0,0]}],[1],0,[0],[0],[0]],[[{"name":"matchinggame_oval_2_large","rect":[40,3,110,145],"offset":[0,-0.5],"originalSize":[190,150],"capInsets":[0,0,0,0]}],[1],0,[0],[0],[1]],[[[0,"hexagon",".mp3",0.888163],-1],0,0,[],[],[]],[[{"name":"matchinggame_oval_1_large","rect":[40,4,110,143],"offset":[0,-0.5],"originalSize":[190,150],"capInsets":[0,0,0,0]}],[1],0,[0],[0],[2]],[["0,9729,9729,33071,33071,0,0,1",-1],[0],0,[],[],[]],[[{"name":"matchinggame_rhombus_2_large","rect":[23,3,144,144],"offset":[0,0],"originalSize":[190,150],"capInsets":[0,0,0,0]}],[1],0,[0],[0],[3]],[[[0,"which_is_a_pentagon",".mp3",1.854694],-1],0,0,[],[],[]],[[{"name":"matchinggame_parallelogram_2_large","rect":[5,34,180,84],"offset":[0,-1],"originalSize":[190,150],"capInsets":[0,0,0,0]}],[1],0,[0],[0],[4]],[[{"name":"matchinggame_hexagon_1_large","rect":[13,4,164,143],"offset":[0,-0.5],"originalSize":[190,150],"capInsets":[0,0,0,0]}],[1],0,[0],[0],[5]],[["0,9729,9729,33071,33071,0,0,1",-1],[0],0,[],[],[]],[["0,9729,9729,33071,33071,0,0,1",-1],[0],0,[],[],[]],[[[0,"rhombus",".mp3",1.044898],-1],0,0,[],[],[]],[[{"name":"matchinggame_rhombus_1_large","rect":[24,4,142,142],"offset":[0,0],"originalSize":[190,150],"capInsets":[0,0,0,0]}],[1],0,[0],[0],[6]],[["0,9729,9729,33071,33071,0,0,1",-1],[0],0,[],[],[]],[[{"name":"matchinggame_hexagon_2_large","rect":[16,7,158,137],"offset":[0,-0.5],"originalSize":[190,150],"capInsets":[0,0,0,0]}],[1],0,[0],[0],[7]]]]