[1,["41D7kWhyFGY7q4NDlzkazn","31vIlawANFZqnzLlSuHBfc","6aoKpq6+5BVaCIpoemqt7E","a8Anh32NZGRZegUtSgEj26"],["node","_spriteFrame","_textureSetter","label","scene","_parent"],[["cc.Node",["_name","_id","_components","_contentSize","_color","_trs","_parent","_children"],1,9,5,5,7,1,2],"cc.SpriteFrame",["cc.Widget",["_alignFlags","_originalWidth","_originalHeight","_wasAlignOnce","node"],-1,1],["cc.Sprite",["_type","_sizeMode","node","_spriteFrame"],1,1,6],["cc.SceneAsset",["_name","asyncLoadAssets"],1],["cc.Node",["_name","_parent","_components","_contentSize","_trs"],2,1,2,5,7],["cc.Canvas",["node"],3,1],["e1b90/rohdEk4SdmmEZANaD",["node","label"],3,1,1],["cc.Scene",["_name","_children","_anchorPoint","_trs"],2,2,5,7],["cc.Label",["_string","_fontSize","_lineHeight","_N$horizontalAlign","_N$verticalAlign","node"],-2,1]],[[4,0,1,3],[0,0,1,7,2,4,3,5,3],[0,0,6,2,4,3,2],[0,0,6,2,3,5,2],[5,0,1,2,3,4,2],[6,0,1],[7,0,1,1],[2,0,4,2],[2,0,1,2,3,4,5],[3,0,1,2,3,3],[3,2,3,1],[8,0,1,2,3,2],[9,0,1,2,3,4,5,6]],[[[[0,"helloworld",null],[1,"Canvas","a286bbGknJLZpRpxROV6M94",[-5,-6,-7],[[5,-1],[6,-3,-2],[7,45,-4]],[4,4294769916],[5,960,640],[480,320,0,0,0,0,1,1,1,1]],[2,"background",1,[[8,45,200,150,{},-8],[9,1,0,-9,0]],[4,4281214491],[5,960,640]],[11,"New Node",[1],[0,0,0],[0,0,0,0,0,0,1,1,1,1]],[3,"cocos",1,[[10,-10,1]],[5,195,270],[0,50,0,0,0,0,1,1,1,1]],[4,"label",1,[-11],[5,342.33,60],[0,-180,0,0,0,0,1,1,1,1]],[12,"Hello, World!",60,60,1,1,5]],0,[0,0,1,0,3,6,0,0,1,0,0,1,0,-1,2,0,-2,4,0,-3,5,0,0,2,0,0,2,0,0,4,0,-1,6,0,4,3,1,5,3,11],[0,0],[1,1],[0,1]],[[{"name":"HelloWorld","rect":[0,0,195,270],"offset":[0,0],"originalSize":[195,270],"capInsets":[0,0,0,0]}],[1],0,[0],[2],[2]],[[{"name":"singleColor","rect":[0,0,2,2],"offset":[0,0],"originalSize":[2,2],"capInsets":[0,0,0,0]}],[1],0,[0],[2],[3]]]]