[1,["93jeMMIcFObrHuKKsN8tpl","c3ETF0i0pHxolDsRWTJh0k","67BMCtXjZJDJs1oLB5KOr9","19NdhnTAJPKZ/GplC2ym+v","7eE8tvA+lNgKcanPaporC7","6973HlYL5MPbQFuBbiOHIz","709UV2I0hFpICyEr/oEeVO","40qd100S9FsbPQ5Hckrrth","1bLdU+9wFHEL0pMq1bKazb","7bKtgpcFdHU6Vk2Co4CxAU","3e/EsFKkNIqJc+QrcXvDGK","2eNmPL8btB2Z0rLOet/2SY","42FQ1+QplLnYuhaRtb6NPp","10mwJFZr9P9Jne5gszzwWH","c4yGlhV9NMwqyMK1cf8Jj2","5ds3vo55hJk7kfoCeYHbOQ","12jg4wm0hBrbb8AAWkbkai","d2NJM3X9BFj7nPfY9R1WtH","af3qLI/9JMDKZRBxFrNjLz","037CP1EYhAhoraA6cRgjiW","f3fme5QVxBMo/8URFijvxD"],["_textureSetter"],["cc.Texture2D","cc.SpriteFrame",["cc.AudioClip",["_name","_native","duration"],0],["cc.JsonAsset",["_name","json"],1]],[[2,0,1,2,4],[3,0,1,3]],[[["0,9729,9729,33071,33071,0,0,1",-1],[0],0,[],[],[]],[[[0,"The_frog_is_under_the_leaf",".mp3",2.220408],-1],0,0,[],[],[]],[[{"name":"l10_grapesinbasket","rect":[0,0,868,689],"offset":[0,0],"originalSize":[868,689],"capInsets":[0,0,0,0]}],[1],0,[0],[0],[0]],[[{"name":"l10_bagunderbed","rect":[0,0,868,689],"offset":[0,0],"originalSize":[868,689],"capInsets":[0,0,0,0]}],[1],0,[0],[0],[1]],[[[0,"The_ball_is_under_the_desk",".mp3",2.063673],-1],0,0,[],[],[]],[[[0,"The_grapes_are_in_the_basket",".mp3",2.089796],-1],0,0,[],[],[]],[["0,9729,9729,33071,33071,0,0,1",-1],[0],0,[],[],[]],[[[0,"The_apples_are_in_the_basket",".mp3",2.063673],-1],0,0,[],[],[]],[["0,9729,9729,33071,33071,0,0,1",-1],[0],0,[],[],[]],[[{"name":"l10_bagnextbed","rect":[0,0,868,689],"offset":[0,0],"originalSize":[868,689],"capInsets":[0,0,0,0]}],[1],0,[0],[0],[2]],[["0,9729,9729,33071,33071,0,0,1",-1],[0],0,[],[],[]],[[{"name":"l10_applesinbasket","rect":[0,0,868,689],"offset":[0,0],"originalSize":[868,689],"capInsets":[0,0,0,0]}],[1],0,[0],[0],[3]],[["0,9729,9729,33071,33071,0,0,1",-1],[0],0,[],[],[]],[[{"name":"l13_lionbetweentrees","rect":[0,0,868,689],"offset":[0,0],"originalSize":[868,689],"capInsets":[0,0,0,0]}],[1],0,[0],[0],[4]],[[[0,"The_lion_is_next_to_the_tree",".mp3",2.298776],-1],0,0,[],[],[]],[[[0,"The_bag_is_next_to_the_bed",".mp3",1.933061],-1],0,0,[],[],[]],[["0,9729,9729,33071,33071,0,0,1",-1],[0],0,[],[],[]],[[[0,"The_apples_are_under_the_basket",".mp3",2.298776],-1],0,0,[],[],[]],[[[0,"The_birds_are_in_the_sky",".mp3",1.880816],-1],0,0,[],[],[]],[[{"name":"l10_bagonbed","rect":[0,0,868,689],"offset":[0,0],"originalSize":[868,689],"capInsets":[0,0,0,0]}],[1],0,[0],[0],[5]],[["0,9729,9729,33071,33071,0,0,1",-1],[0],0,[],[],[]],[["0,9729,9729,33071,33071,0,0,1",-1],[0],0,[],[],[]],[["0,9729,9729,33071,33071,0,0,1",-1],[0],0,[],[],[]],[[{"name":"l10_applesunderbasket","rect":[0,0,868,689],"offset":[0,0],"originalSize":[868,689],"capInsets":[0,0,0,0]}],[1],0,[0],[0],[6]],[[[0,"The_frog_is_on_the_leaf",".mp3",1.802449],-1],0,0,[],[],[]],[[[0,"The_cat_is_between_the_boxes",".mp3",2.56],-1],0,0,[],[],[]],[["0,9729,9729,33071,33071,0,0,1",-1],[0],0,[],[],[]],[["0,9729,9729,33071,33071,0,0,1",-1],[0],0,[],[],[]],[[{"name":"l13_catfrontbox","rect":[0,0,868,689],"offset":[0,0],"originalSize":[868,689],"capInsets":[0,0,0,0]}],[1],0,[0],[0],[7]],[["0,9729,9729,33071,33071,0,0,1",-1],[0],0,[],[],[]],[[[0,"The_lion_is_between_the_trees",".mp3",2.194286],-1],0,0,[],[],[]],[[[0,"The_birds_are_on_the_roof",".mp3",1.828571],-1],0,0,[],[],[]],[["0,9729,9729,33071,33071,0,0,1",-1],[0],0,[],[],[]],[[{"name":"l13_catbetweenboxes","rect":[0,0,868,689],"offset":[0,0],"originalSize":[868,689],"capInsets":[0,0,0,0]}],[1],0,[0],[0],[8]],[[{"name":"l10_ballonchair","rect":[0,0,868,689],"offset":[0,0],"originalSize":[868,689],"capInsets":[0,0,0,0]}],[1],0,[0],[0],[9]],[["0,9729,9729,33071,33071,0,0,1",-1],[0],0,[],[],[]],[["0,9729,9729,33071,33071,0,0,1",-1],[0],0,[],[],[]],[[[0,"Many_books_are_on_the_desk",".mp3",1.906939],-1],0,0,[],[],[]],[[[0,"The_boy_is_between_Dev_and_Lily",".mp3",2.847347],-1],0,0,[],[],[]],[[{"name":"l10_frogonleaf","rect":[0,0,869,689],"offset":[0,0],"originalSize":[869,689],"capInsets":[0,0,0,0]}],[1],0,[0],[0],[10]],[[{"name":"l10_ballunderdesk","rect":[0,0,868,689],"offset":[0,0],"originalSize":[868,689],"capInsets":[0,0,0,0]}],[1],0,[0],[0],[11]],[["0,9729,9729,33071,33071,0,0,1",-1],[0],0,[],[],[]],[[[0,"The_bag_is_on_the_bed",".mp3",1.802449],-1],0,0,[],[],[]],[["0,9729,9729,33071,33071,0,0,1",-1],[0],0,[],[],[]],[[[0,"The_bag_is_under_the_bed",".mp3",2.089796],-1],0,0,[],[],[]],[[{"name":"l10_ballondesk","rect":[0,0,868,689],"offset":[0,0],"originalSize":[868,689],"capInsets":[0,0,0,0]}],[1],0,[0],[0],[12]],[[{"name":"l10_birdsinnest","rect":[0,0,868,689],"offset":[0,0],"originalSize":[868,689],"capInsets":[0,0,0,0]}],[1],0,[0],[0],[13]],[["0,9729,9729,33071,33071,0,0,1",-1],[0],0,[],[],[]],[["0,9729,9729,33071,33071,0,0,1",-1],[0],0,[],[],[]],[[{"name":"l13_catbehindbox","rect":[0,0,868,689],"offset":[0,0],"originalSize":[868,689],"capInsets":[0,0,0,0]}],[1],0,[0],[0],[14]],[[[0,"The_lion_is_behind_the_tree",".mp3",2.011429],-1],0,0,[],[],[]],[[[1,"sl_en2809",{"rows":[["fillblank","1","Description","Many books are [on] the desk.","Many_books_are_on_the_desk.mp3","in","under","next to","15"],["fillblank","1","Description","The boy is [between] Dev and Lily.","The_boy_is_between_Dev_and_Lily.mp3","behind","next to","in front of","15"],["picturemeaning","1","Description","P","The ball is under the desk.","l10_ballunderdesk.png","The_ball_is_under_the_desk.mp3","The ball is on the desk.","l10_ballondesk.png","The_ball_is_on_the_desk.mp3","The ball is on the chair.","l10_ballonchair.png","The_ball_is_on_the_chair.mp3"],["picturemeaning","1","Description","P","The apples are in the basket.","l10_applesinbasket.png","The_apples_are_in_the_basket.mp3","The grapes are in the basket.","l10_grapesinbasket.png","The_grapes_are_in_the_basket.mp3","The apples are under the basket.","l10_applesunderbasket.png","The_apples_are_under_the_basket.mp3"],["picturemeaning","1","Description","S","The frog is on the leaf.","l10_frogonleaf.png","The_frog_is_on_the_leaf.mp3","The frog is under the leaf.","l10_frogunderleaf.png","The_frog_is_under_the_leaf.mp3","The frog is in the water.","l10_froginwater.png","The_frog_is_in_the_water.mp3"],["picturemeaning","1","Description","S","The bag is under the bed.","l10_bagunderbed.png","The_bag_is_under_the_bed.mp3","The bag is on the bed.","l10_bagonbed.png","The_bag_is_on_the_bed.mp3","The bag is next to the bed.","l10_bagnextbed.png","The_bag_is_next_to_the_bed.mp3"],["picturemeaning","1","Description","S","The birds are in the sky.","l10_birdsinsky.png","The_birds_are_in_the_sky.mp3","The birds are on the roof.","l10_birdsonroof.png","The_birds_are_on_the_roof.mp3","The birds are in the nest.","l10_birdsinnest.png","The_birds_are_in_the_nest.mp3"],["picturemeaning","1","Description","S","The cat is in front of the box.","l13_catfrontbox.png","The_cat_is_in_front_of_the_box.mp3","The cat is behind the box.","l13_catbehindbox.png","The_cat_is_behind_the_box.mp3","The cat is between the boxes.","l13_catbetweenboxes.png","The_cat_is_between_the_boxes.mp3"],["picturemeaning","1","Description","S","The lion is behind the tree.","l13_lionbehindtree.png","The_lion_is_behind_the_tree.mp3","The lion is between the trees.","l13_lionbetweentrees.png","The_lion_is_between_the_trees.mp3","The lion is next to the tree.","l13_lionnexttree.png","The_lion_is_next_to_the_tree.mp3"],["quizliteracy","1","Description","image_sentence","The ball is under the desk.","The ball is on the desk.","The ball is in the desk.","The ball is under the desk.","l10_ballunderdesk.png","","The_ball_is_under_the_desk.mp3"],["quizliteracy","1","Description","image_sentence","The frog is on the leaf.","The frog is on the leaf.","The frog in under the leaf,","The frog is in the water.","l10_frogonleaf.png","","The_frog_is_on_the_leaf.mp3"],["quizliteracy","1","Description","sentence_sentence","on","under","next to","on","","Many books are ___ the desk.","Many_books_are_on_the_desk.mp3"],["quizliteracy","1","Description","sentence_sentence","between","next to","between","in front of","","The boy is _______ Dev and Lily.","The_boy_is_between_Dev_and_Lily.mp3"],["quizliteracy","1","Description","sentence_sentence","behind","behind","on","under","","The lion is ______ the tree.","The_lion_is_behind_the_tree.mp3"]]}]],0,0,[],[],[]],[[{"name":"l10_frogunderleaf","rect":[0,0,868,689],"offset":[0,0],"originalSize":[868,689],"capInsets":[0,0,0,0]}],[1],0,[0],[0],[15]],[["0,9729,9729,33071,33071,0,0,1",-1],[0],0,[],[],[]],[[{"name":"l10_birdsinsky","rect":[0,0,868,689],"offset":[0,0],"originalSize":[868,689],"capInsets":[0,0,0,0]}],[1],0,[0],[0],[16]],[[{"name":"l10_froginwater","rect":[0,0,868,689],"offset":[0,0],"originalSize":[868,689],"capInsets":[0,0,0,0]}],[1],0,[0],[0],[17]],[[{"name":"l13_lionnexttree","rect":[0,0,868,689],"offset":[0,0],"originalSize":[868,689],"capInsets":[0,0,0,0]}],[1],0,[0],[0],[18]],[[[0,"The_cat_is_in_front_of_the_box",".mp3",2.638367],-1],0,0,[],[],[]],[[[0,"The_frog_is_in_the_water",".mp3",1.776327],-1],0,0,[],[],[]],[[{"name":"l10_birdsonroof","rect":[0,0,868,689],"offset":[0,0],"originalSize":[868,689],"capInsets":[0,0,0,0]}],[1],0,[0],[0],[19]],[[[0,"The_birds_are_in_the_nest",".mp3",1.854694],-1],0,0,[],[],[]],[[[0,"The_cat_is_behind_the_box",".mp3",2.377143],-1],0,0,[],[],[]],[[[0,"The_ball_is_on_the_chair",".mp3",1.671837],-1],0,0,[],[],[]],[["0,9729,9729,33071,33071,0,0,1",-1],[0],0,[],[],[]],[[[0,"The_ball_is_on_the_desk",".mp3",1.802449],-1],0,0,[],[],[]],[[{"name":"l13_lionbehindtree","rect":[0,0,868,689],"offset":[0,0],"originalSize":[868,689],"capInsets":[0,0,0,0]}],[1],0,[0],[0],[20]]]]