[1,["93la+p4ndGsbivdmXJjCux","8dIGMQaZRMsbWw34RT/ZyM","48m2cjK0xBuICTGseNkdPw","fe8buKu5hGW4Qy890J4bAc","f2QWehv6tDaoAzgdCujHy6","14+C7Kcu9K3aWq1p/xgCD1"],["_textureSetter"],["cc.SpriteFrame","cc.Texture2D",["cc.AudioClip",["_name","_native","duration"],0],["cc.JsonAsset",["_name","json"],1]],[[2,0,1,2,4],[3,0,1,3]],[[[{"name":"August","rect":[0,0,512,377],"offset":[0,0],"originalSize":[512,377],"capInsets":[0,0,0,0]}],[0],0,[0],[0],[0]],[["0,9729,9729,33071,33071,0,0,1",-1],[1],0,[],[],[]],[[{"name":"November","rect":[0,0,512,377],"offset":[0,0],"originalSize":[512,377],"capInsets":[0,0,0,0]}],[0],0,[0],[0],[1]],[[{"name":"December","rect":[0,0,512,377],"offset":[0,0],"originalSize":[512,377],"capInsets":[0,0,0,0]}],[0],0,[0],[0],[2]],[[[0,"August",".mp3",1.358367],-1],0,0,[],[],[]],[["0,9729,9729,33071,33071,0,0,1",-1],[1],0,[],[],[]],[[[1,"sl_en3611",{"rows":[["openwindow1","1","Description","LEGIT","July","July.png","October.png","July.mp3",""],["openwindow1","1","Description","LEGIT","August","August.png","November.png","August.mp3",""],["openwindow1","1","Description","LEGIT","September","September.png","December.png","September.mp3",""],["openwindow1","1","Description","LEGIT","October","October.png","July.png","October.mp3",""],["openwindow1","1","Description","LEGIT","November","November.png","August.png","November.mp3",""],["openwindow1","1","Description","LEGIT","December","December.png","September.png","December.mp3",""],["quizliteracy","1","Description","soundonly_word","August","July","August","October","","","August.mp3"],["quizliteracy","1","Description","soundonly_word","October","October","September","July","","","October.mp3"],["quizliteracy","1","Description","soundonly_word","November","September","November","August","","","November.mp3"]]}]],0,0,[],[],[]],[[[0,"September",".mp3",1.776327],-1],0,0,[],[],[]],[[[0,"November",".mp3",1.933061],-1],0,0,[],[],[]],[[[0,"December",".mp3",1.828571],-1],0,0,[],[],[]],[["0,9729,9729,33071,33071,0,0,1",-1],[1],0,[],[],[]],[[[0,"October",".mp3",2.089796],-1],0,0,[],[],[]],[["0,9729,9729,33071,33071,0,0,1",-1],[1],0,[],[],[]],[[{"name":"September","rect":[0,0,512,377],"offset":[0,0],"originalSize":[512,377],"capInsets":[0,0,0,0]}],[0],0,[0],[0],[3]],[[{"name":"July","rect":[0,0,512,377],"offset":[0,0],"originalSize":[512,377],"capInsets":[0,0,0,0]}],[0],0,[0],[0],[4]],[["0,9729,9729,33071,33071,0,0,1",-1],[1],0,[],[],[]],[[[0,"July",".mp3",1.123265],-1],0,0,[],[],[]],[[{"name":"October","rect":[0,0,512,377],"offset":[0,0],"originalSize":[512,377],"capInsets":[0,0,0,0]}],[0],0,[0],[0],[5]],[["0,9729,9729,33071,33071,0,0,1",-1],[1],0,[],[],[]]]]