[1,["da96iiWqlCx5EKf1VahJ0y","55MY4080VJILAOJRjzy79S","f4CPnJhNhHSJKsQFt7yhmG","acmoGyjSZCe4J0rjQ9VVj2","2en0f07NRFG7SoqO48YlBd","28BUskSkROKYM9H62946+T"],["_textureSetter"],["cc.SpriteFrame","cc.Texture2D",["cc.AudioClip",["_name","_native","duration"],0],["cc.JsonAsset",["_name","json"],1]],[[2,0,1,2,4],[3,0,1,3]],[[[{"name":"teacher","rect":[0,0,500,333],"offset":[0,0],"originalSize":[500,333],"capInsets":[0,0,0,0]}],[0],0,[0],[0],[0]],[[{"name":"dad","rect":[0,0,500,333],"offset":[0,0],"originalSize":[500,333],"capInsets":[0,0,0,0]}],[0],0,[0],[0],[1]],[[[0,"ಕೋಳಿಗೆ ಅಯ್ಯೋ ಪಾಪ ಅನಿಸಿತು",".mp3",2.04],-1],0,0,[],[],[]],[["0,9729,9729,33071,33071,0,0,1",-1],[1],0,[],[],[]],[["0,9729,9729,33071,33071,0,0,1",-1],[1],0,[],[],[]],[[[0,"ಬೆಳೆಸಿದ ತಂದೆಗೆ ವಂದನೆ",".mp3",1.776],-1],0,0,[],[],[]],[[{"name":"farmer","rect":[0,0,500,333],"offset":[0,0],"originalSize":[500,333],"capInsets":[0,0,0,0]}],[0],0,[0],[0],[2]],[[{"name":"mom","rect":[0,0,500,333],"offset":[0,0],"originalSize":[500,333],"capInsets":[0,0,0,0]}],[0],0,[0],[0],[3]],[["0,9729,9729,33071,33071,0,0,1",-1],[1],0,[],[],[]],[[[0,"ಹರಸಿದ ಗುರುವಿಗೆ ವಂದನೆ",".mp3",1.776],-1],0,0,[],[],[]],[[[0,"ರೈತಗೆ ವಂದನೆ",".mp3",1.296],-1],0,0,[],[],[]],[[{"name":"lady_doctor","rect":[0,0,500,333],"offset":[0,0],"originalSize":[500,333],"capInsets":[0,0,0,0]}],[0],0,[0],[0],[4]],[[[0,"ಯೋಧಗೆ ಮಾಡುವೆ ವಂದನೆ",".mp3",1.728],-1],0,0,[],[],[]],[["0,9729,9729,33071,33071,0,0,1",-1],[1],0,[],[],[]],[[[0,"ವೈದ್ಯಗೆ ಮಾಡುವೆ ವಂದನೆ",".mp3",1.776],-1],0,0,[],[],[]],[[[0,"ಹೆತ್ತು ಸಾಕಿದ ತಾಯಿಗೆ ವಂದನೆ",".mp3",2.016],-1],0,0,[],[],[]],[[[1,"kn2904",{"rows":[["createsentence","1","Description","ಹೆತ್ತು/ಸಾಕಿದ/ತಾಯಿಗೆ/ವಂದನೆ","","mom.png","ಹೆತ್ತು ಸಾಕಿದ ತಾಯಿಗೆ ವಂದನೆ.mp3"],["createsentence","1","Description","ಬೆಳೆಸಿದ/ತಂದೆಗೆ/ವಂದನೆ","","dad.png","ಬೆಳೆಸಿದ ತಂದೆಗೆ ವಂದನೆ.mp3"],["createsentence","1","Description","ಹರಸಿದ/ಗುರುವಿಗೆ/ವಂದನೆ","","teacher.png","ಹರಸಿದ ಗುರುವಿಗೆ ವಂದನೆ.mp3"],["createsentence","1","Description","ವೈದ್ಯಗೆ/ಮಾಡುವೆ/ವಂದನೆ","","lady_doctor.png","ವೈದ್ಯಗೆ ಮಾಡುವೆ ವಂದನೆ.mp3"],["createsentence","1","Description","ರೈತಗೆ/ವಂದನೆ","","farmer.png","ರೈತಗೆ ವಂದನೆ.mp3"],["createsentence","1","Description","ಯೋಧಗೆ/ಮಾಡುವೆ/ವಂದನೆ","","soldier.png","ಯೋಧಗೆ ಮಾಡುವೆ ವಂದನೆ.mp3"],["quizliteracy","1","Description","image_sentence","ಹೆತ್ತು ಸಾಕಿದ ತಾಯಿಗೆ ವಂದನೆ","ಬೆಳೆಸಿದ ತಂದೆಗೆ ವಂದನೆ","ಹೆತ್ತು ಸಾಕಿದ ತಾಯಿಗೆ ವಂದನೆ","ಹರಸಿದ ಗುರುವಿಗೆ ವಂದನೆ","mom.png","","ಹೆತ್ತು ಸಾಕಿದ ತಾಯಿಗೆ ವಂದನೆ.mp3"],["quizliteracy","1","Description","sentence_sentence","ವೈದ್ಯಗೆ ಮಾಡುವೆ ವಂದನೆ","ವೈದ್ಯಗೆ ಮಾಡುವೆ ವಂದನೆ","ವೈದ್ಯಗೆ ಕೂರುವೆ ವಂದನೆ","ವೈದ್ಯಗೆ ಮಾಡುವೆ ತಿರಸ್ಕಾರ","","ಸರಿಯಾದದನ್ನು ಆರಿಸಿ","ವೈದ್ಯಗೆ ಮಾಡುವೆ ವಂದನೆ.mp3"],["quizliteracy","1","Description","soundonly_sentence","ಕೋಳಿಗೆ ಅಯ್ಯೋ ಪಾಪ ಅನಿಸಿತು","ಕೋಳಿಯು ತನ್ನ ಮರಿಗಳನ್ನು ಕೂಡಿಕೊಂಡು ರಾಗಿಯ ತೆನೆಗಳನ್ನು ಕೊಯ್ದಿತು","ಗುಬ್ಬಚ್ಚಿ ಮತ್ತು ಪಾರಿವಾಳಗಳಿಗೆ ತಮ್ಮ ತಪ್ಪು ತಿಳಿಯಿತು","ಕೋಳಿಗೆ ಅಯ್ಯೋ ಪಾಪ ಅನಿಸಿತು","","","ಕೋಳಿಗೆ ಅಯ್ಯೋ ಪಾಪ ಅನಿಸಿತು.mp3"]]}]],0,0,[],[],[]],[["0,9729,9729,33071,33071,0,0,1",-1],[1],0,[],[],[]],[[{"name":"soldier","rect":[0,0,500,333],"offset":[0,0],"originalSize":[500,333],"capInsets":[0,0,0,0]}],[0],0,[0],[0],[5]],[["0,9729,9729,33071,33071,0,0,1",-1],[1],0,[],[],[]]]]