[1,["3ejvqAf6dD6KxlzOnK12le","abqcMKfRBCf7/ZHN70rtgF","b9PNBXHv5H8ZJeN3XLoCHQ","1d8UBnMa9HR6HAt8Mvmj65"],["_textureSetter"],["cc.SpriteFrame","cc.Texture2D",["cc.AudioClip",["_name","_native","duration"],0],["cc.JsonAsset",["_name","json"],1]],[[2,0,1,2,4],[3,0,1,3]],[[[{"name":"image_23_3","rect":[0,0,845,695],"offset":[0,0],"originalSize":[845,695],"capInsets":[0,0,0,0]}],[0],0,[0],[0],[0]],[[[0,"उतार_चढ़ाव",".mp3",2.112],-1],0,0,[],[],[]],[[[0,"दूध",".mp3",0.548571],-1],0,0,[],[],[]],[["1,9729,9729,33071,33071,0,0,1",-1],[1],0,[],[],[]],[[[0,"पेड़",".mp3",2.638367],-1],0,0,[],[],[]],[[[0,"फिसल_पट्टी",".mp3",1.123265],-1],0,0,[],[],[]],[["1,9729,9729,33071,33071,0,0,1",-1],[1],0,[],[],[]],[[[0,"खेल_का_मैदान",".mp3",1.358367],-1],0,0,[],[],[]],[[{"name":"image_23_4","rect":[0,0,845,695],"offset":[0,0],"originalSize":[845,695],"capInsets":[0,0,0,0]}],[0],0,[0],[0],[1]],[[[0,"गाँव",".mp3",0.679184],-1],0,0,[],[],[]],[[[1,"hi1403",{"rows":[["tag","1","Description","image_23_1.jpg","खेल का मैदान","280.-1520","खेल_का_मैदान.mp3","फिसल पट्टी","1096.-968","फिसल_पट्टी.mp3","झूला","1311.-518","झूला.mp3","उतार चढ़ाव","307.-513","उतार_चढ़ाव.mp3"],["tag","1","Description","image_23_2.jpg","हवाई अड्डा","280.-1520","हवाई_अड्डा.mp3","विमान","691.-559","विमान.mp3","मार्ग","481.-1222","मार्ग.mp3","नियंत्रण टॉवर","1058.-1162","नियंत्रण_टॉवर.mp3"],["tag","1","Description","image_23_3.jpg","गाँव","280.-1520","गाँव.mp3","मकान","262.-1205","मकान.mp3","सड़क","884.-571","सडक.mp3","पहाड़","1008.-1074","पहाड.mp3","पेड़","1264.-827","पेड़.mp3"],["tag","1","Description","image_23_4.jpg","खेत","280.-1520","खेत.mp3","किसान","1053.-1178","किसान.mp3","गाय","242.-838","गाय.mp3","दूध","1381.-823","दूध.mp3","बाल्टी","416.-420","बाल्टी.mp3"],["quizliteracy","1","Description","sentence_sentence","फिसल पट्टी","फिसल पट्टी","वह","तू","","संज्ञा शब्द चुनें","संज्ञा_शब्द_चुनें.mp3"],["quizliteracy","1","Description","sentence_sentence","मार्ग","मार्ग","मैंने","आप","","संज्ञा शब्द चुनें","संज्ञा_शब्द_चुनें.mp3"],["quizliteracy","1","Description","sentence_sentence","मकान","वह","मकान","क्या","","संज्ञा शब्द चुनें","संज्ञा_शब्द_चुनें.mp3"],["quizliteracy","1","Description","sentence_sentence","गाँव","उसे","क्या","गाँव","","संज्ञा शब्द चुनें","संज्ञा_शब्द_चुनें.mp3"]]}]],0,0,[],[],[]],[[[0,"विमान",".mp3",0.809796],-1],0,0,[],[],[]],[[[0,"खेत",".mp3",0.653061],-1],0,0,[],[],[]],[[{"name":"image_23_1","rect":[0,0,845,695],"offset":[0,0],"originalSize":[845,695],"capInsets":[0,0,0,0]}],[0],0,[0],[0],[2]],[[[0,"झूला",".mp3",0.757551],-1],0,0,[],[],[]],[[[0,"बाल्टी",".mp3",0.914286],-1],0,0,[],[],[]],[[[0,"गाय",".mp3",0.757551],-1],0,0,[],[],[]],[[[0,"मार्ग",".mp3",0.653061],-1],0,0,[],[],[]],[[[0,"पहाड",".mp3",0.626939],-1],0,0,[],[],[]],[[[0,"संज्ञा_शब्द_चुनें",".mp3",2.592],-1],0,0,[],[],[]],[[[0,"किसान",".mp3",0.705306],-1],0,0,[],[],[]],[["1,9729,9729,33071,33071,0,0,1",-1],[1],0,[],[],[]],[[[0,"नियंत्रण_टॉवर",".mp3",1.227755],-1],0,0,[],[],[]],[["1,9729,9729,33071,33071,0,0,1",-1],[1],0,[],[],[]],[[[0,"मकान",".mp3",0.757551],-1],0,0,[],[],[]],[[[0,"हवाई_अड्डा",".mp3",1.227755],-1],0,0,[],[],[]],[[[0,"सडक",".mp3",0.653061],-1],0,0,[],[],[]],[[{"name":"image_23_2","rect":[0,0,845,695],"offset":[0,0],"originalSize":[845,695],"capInsets":[0,0,0,0]}],[0],0,[0],[0],[3]]]]