[1,["0drDdgZD9HjKi6FkzQpP+n","97mBQRudBMIoduIfQ+ShRL","466T8PRFJN855TlD45ywnY","b7R43r4AFJXpLx0dTNElPz","c0BYFWpU1HGbML20Efpl5W","62iiuhDZxPfrAooSV8lGA2"],["_textureSetter"],["cc.Texture2D","cc.SpriteFrame",["cc.AudioClip",["_name","_native","duration"],0],["cc.JsonAsset",["_name","json"],1]],[[2,0,1,2,4],[3,0,1,3]],[[[[0,"Half_circle",".mp3",1.593469],-1],0,0,[],[],[]],[[[0,"Half_moon",".mp3",0.966531],-1],0,0,[],[],[]],[["0,9729,9729,33071,33071,0,0,1",-1],[0],0,[],[],[]],[[{"name":"Half_triangle","rect":[0,0,512,345],"offset":[0,0],"originalSize":[512,345],"capInsets":[0,0,0,0]}],[1],0,[0],[0],[0]],[[{"name":"Half_rectangle","rect":[0,0,512,257],"offset":[0,0],"originalSize":[512,257],"capInsets":[0,0,0,0]}],[1],0,[0],[0],[1]],[[[0,"Half_triangle",".mp3",1.07102],-1],0,0,[],[],[]],[["0,9729,9729,33071,33071,0,0,1",-1],[0],0,[],[],[]],[[[0,"Half_star",".mp3",0.966531],-1],0,0,[],[],[]],[["0,9729,9729,33071,33071,0,0,1",-1],[0],0,[],[],[]],[[[0,"Half_apple",".mp3",1.358367],-1],0,0,[],[],[]],[[{"name":"Half_moon","rect":[0,0,512,464],"offset":[0,0],"originalSize":[512,464],"capInsets":[0,0,0,0]}],[1],0,[0],[0],[2]],[["0,9729,9729,33071,33071,0,0,1",-1],[0],0,[],[],[]],[[{"name":"Half_star","rect":[0,0,512,421],"offset":[0,0],"originalSize":[512,421],"capInsets":[0,0,0,0]}],[1],0,[0],[0],[3]],[[{"name":"Half_circle","rect":[3,0,506,251],"offset":[0,0],"originalSize":[512,251],"capInsets":[0,0,0,0]}],[1],0,[0],[0],[4]],[["0,9729,9729,33071,33071,0,0,1",-1],[0],0,[],[],[]],[[[0,"Half_rectangle",".mp3",1.201633],-1],0,0,[],[],[]],[["0,9729,9729,33071,33071,0,0,1",-1],[0],0,[],[],[]],[[[0,"Half_pizza",".mp3",1.149388],-1],0,0,[],[],[]],[[{"name":"Half_pizza","rect":[0,0,1013,891],"offset":[0,0],"originalSize":[1013,891],"capInsets":[0,0,0,0]}],[1],0,[0],[0],[5]],[[[1,"sl_en3817",{"rows":[["createsentence","1","Description","Half/apple.","","Half_apple.png","Half_apple.mp3"],["createsentence","1","Description","Half/pizza.","","Half_pizza.png","Half_pizza.mp3"],["createsentence","1","Description","Half/circle.","","Half_circle.png","Half_circle.mp3"],["createsentence","1","Description","Half/square.","","Half_square.png","Half_square.mp3"],["createsentence","1","Description","Half/moon.","","Half_moon.png","Half_moon.mp3"],["createsentence","1","Description","Half/star.","","Half_star.png","Half_star.mp3"],["createsentence","1","Description","Half/triangle.","","Half_triangle.png","Half_triangle.mp3"],["createsentence","1","Description","Half/rectangle.","","Half_rectangle.png","Half_rectangle.mp3"],["quizliteracy","1","Description","soundonly_image","Half_apple.png","Half_apple.png","Half_square.png","Half_triangle.png","","","Half_apple.mp3"],["quizliteracy","1","Description","soundonly_image","Half_square.png","Half_triangle.png","Half_apple.png","Half_square.png","","","Half_square.mp3"],["quizliteracy","1","Description","soundonly_image","Half_triangle.png","Half_square.png","Half_triangle.png","Half_apple.png","","","Half_triangle.mp3"]]}]],0,0,[],[],[]],[[[0,"Half_square",".mp3",0.992653],-1],0,0,[],[],[]]]]