[1,["b4jJ9bbp5P9awMRwDQ9s4i","18aLdS8wxMWrKOFrpa1fVy"],["_textureSetter"],["cc.Texture2D","cc.SpriteFrame",["cc.JsonAsset",["_name","json"],1]],[[2,0,1,3]],[[["0,9729,9729,33071,33071,0,0,1",-1],[0],0,[],[],[]],[[[0,"drawshape0015",{"rows":[["drawshape","1","Description","arrow-outline-tutorial.png"]]}]],0,0,[],[],[]],[["0,9729,9729,33071,33071,0,0,1",-1],[0],0,[],[],[]],[[[0,"arrow-outline-tutorial-json",[[{"x":667.5,"y":472.5},{"x":670.5,"y":470.5},{"x":673.5,"y":469.5},{"x":675.5,"y":466.5},{"x":676.5,"y":463.5},{"x":680.5,"y":461.5},{"x":683.5,"y":458.5},{"x":686.5,"y":455.5},{"x":689.5,"y":452.5},{"x":692.5,"y":450.5},{"x":696.5,"y":449.5},{"x":697.5,"y":446.5},{"x":701.5,"y":445.5},{"x":700.5,"y":442.5},{"x":703.5,"y":443.5},{"x":704.5,"y":440.5},{"x":707.5,"y":437.5},{"x":710.5,"y":434.5},{"x":713.5,"y":431.5},{"x":717.5,"y":430.5},{"x":719.5,"y":426.5},{"x":723.5,"y":422.5},{"x":727.5,"y":420.5},{"x":730.5,"y":417.5},{"x":734.5,"y":415.5},{"x":738.5,"y":412.5},{"x":741.5,"y":409.5},{"x":744.5,"y":408.5},{"x":746.5,"y":405.5},{"x":749.5,"y":402.5},{"x":752.5,"y":400.5},{"x":755.5,"y":397.5},{"x":758.5,"y":396.5},{"x":759.5,"y":393.5},{"x":763.5,"y":390.5},{"x":767.5,"y":388.5},{"x":769.5,"y":385.5},{"x":773.5,"y":381.5},{"x":776.5,"y":380.5},{"x":781.5,"y":377.5},{"x":784.5,"y":375.5},{"x":783.5,"y":372.5},{"x":786.5,"y":370.5},{"x":790.5,"y":368.5},{"x":792.5,"y":365.5},{"x":795.5,"y":364.5},{"x":796.5,"y":360.5},{"x":799.5,"y":359.5},{"x":802.5,"y":356.5},{"x":803.5,"y":353.5},{"x":806.5,"y":350.5},{"x":808.5,"y":346.5},{"x":811.5,"y":342.5},{"x":813.5,"y":338.5},{"x":817.5,"y":337.5},{"x":816.5,"y":334.5},{"x":819.5,"y":332.5},{"x":822.5,"y":331.5},{"x":824.5,"y":328.5},{"x":825.5,"y":325.5},{"x":828.5,"y":322.5},{"x":833.5,"y":320.5},{"x":836.5,"y":316.5},{"x":842.5,"y":312.5},{"x":844.5,"y":309.5},{"x":847.5,"y":308.5},{"x":851.5,"y":306.5},{"x":854.5,"y":303.5},{"x":857.5,"y":300.5},{"x":860.5,"y":297.5},{"x":863.5,"y":294.5},{"x":866.5,"y":292.5},{"x":868.5,"y":289.5},{"x":871.5,"y":288.5},{"x":872.5,"y":285.5},{"x":875.5,"y":283.5},{"x":877.5,"y":280.5},{"x":880.5,"y":279.5},{"x":877.5,"y":276.5},{"x":876.5,"y":273.5},{"x":873.5,"y":271.5},{"x":870.5,"y":268.5},{"x":867.5,"y":265.5},{"x":864.5,"y":262.5},{"x":861.5,"y":261.5},{"x":857.5,"y":256.5},{"x":852.5,"y":251.5},{"x":848.5,"y":247.5},{"x":845.5,"y":244.5},{"x":844.5,"y":241.5},{"x":841.5,"y":238.5},{"x":838.5,"y":235.5},{"x":834.5,"y":233.5},{"x":832.5,"y":230.5},{"x":829.5,"y":229.5},{"x":827.5,"y":226.5},{"x":822.5,"y":224.5},{"x":819.5,"y":221.5},{"x":816.5,"y":220.5},{"x":816.5,"y":216.5},{"x":812.5,"y":215.5},{"x":810.5,"y":212.5},{"x":807.5,"y":209.5},{"x":806.5,"y":206.5},{"x":803.5,"y":205.5},{"x":800.5,"y":202.5},{"x":796.5,"y":198.5},{"x":793.5,"y":195.5},{"x":790.5,"y":193.5},{"x":787.5,"y":192.5},{"x":784.5,"y":189.5},{"x":781.5,"y":186.5},{"x":778.5,"y":185.5},{"x":775.5,"y":182.5},{"x":772.5,"y":178.5},{"x":768.5,"y":176.5},{"x":766.5,"y":173.5},{"x":763.5,"y":170.5},{"x":760.5,"y":169.5},{"x":758.5,"y":165.5},{"x":755.5,"y":162.5},{"x":749.5,"y":156.5},{"x":745.5,"y":152.5},{"x":742.5,"y":149.5},{"x":741.5,"y":146.5},{"x":736.5,"y":144.5},{"x":734.5,"y":141.5},{"x":731.5,"y":138.5},{"x":728.5,"y":136.5},{"x":727.5,"y":133.5},{"x":726.5,"y":130.5},{"x":722.5,"y":127.5},{"x":719.5,"y":124.5},{"x":715.5,"y":123.5},{"x":713.5,"y":120.5},{"x":710.5,"y":117.5},{"x":707.5,"y":114.5},{"x":706.5,"y":111.5},{"x":702.5,"y":108.5},{"x":698.5,"y":106.5},{"x":694.5,"y":101.5},{"x":692.5,"y":96.5},{"x":689.5,"y":94.5},{"x":687.5,"y":91.5},{"x":686.5,"y":88.5},{"x":683.5,"y":87.5},{"x":680.5,"y":84.5},{"x":677.5,"y":83.5},{"x":674.5,"y":80.5},{"x":670.5,"y":79.5},{"x":669.5,"y":76.5},{"x":665.5,"y":76.5},{"x":665.5,"y":80.5},{"x":665.5,"y":84.5},{"x":665.5,"y":88.5},{"x":665.5,"y":92.5},{"x":666.5,"y":96.5},{"x":666.5,"y":100.5},{"x":667.5,"y":103.5},{"x":667.5,"y":107.5},{"x":667.5,"y":112.5},{"x":667.5,"y":116.5},{"x":665.5,"y":119.5},{"x":666.5,"y":122.5},{"x":666.5,"y":128.5},{"x":666.5,"y":135.5},{"x":666.5,"y":139.5},{"x":666.5,"y":143.5},{"x":666.5,"y":149.5},{"x":666.5,"y":154.5},{"x":666.5,"y":158.5},{"x":666.5,"y":165.5},{"x":666.5,"y":169.5},{"x":666.5,"y":173.5},{"x":666.5,"y":177.5},{"x":666.5,"y":183.5},{"x":666.5,"y":187.5},{"x":666.5,"y":191.5},{"x":666.5,"y":196.5},{"x":666.5,"y":200.5},{"x":666.5,"y":204.5},{"x":666.5,"y":208.5},{"x":666.5,"y":213.5},{"x":666.5,"y":217.5},{"x":666.5,"y":223.5},{"x":666.5,"y":228.5},{"x":666.5,"y":232.5},{"x":666.5,"y":236.5},{"x":666.5,"y":240.5},{"x":666.5,"y":246.5},{"x":666.5,"y":253.5},{"x":666.5,"y":258.5},{"x":666.5,"y":262.5},{"x":666.5,"y":266.5},{"x":665.5,"y":270.5},{"x":665.5,"y":276.5},{"x":665.5,"y":281.5},{"x":665.5,"y":287.5},{"x":665.5,"y":291.5},{"x":665.5,"y":295.5},{"x":665.5,"y":300.5},{"x":665.5,"y":304.5},{"x":663.5,"y":308.5},{"x":664.5,"y":313.5},{"x":665.5,"y":318.5},{"x":667.5,"y":324.5},{"x":668.5,"y":327.5},{"x":667.5,"y":331.5},{"x":668.5,"y":335.5},{"x":668.5,"y":339.5},{"x":668.5,"y":343.5},{"x":668.5,"y":347.5},{"x":668.5,"y":351.5},{"x":668.5,"y":355.5},{"x":668.5,"y":360.5},{"x":668.5,"y":364.5},{"x":668.5,"y":368.5},{"x":668.5,"y":373.5},{"x":668.5,"y":377.5},{"x":668.5,"y":381.5},{"x":668.5,"y":385.5},{"x":668.5,"y":389.5},{"x":668.5,"y":394.5},{"x":668.5,"y":399.5},{"x":668.5,"y":404.5},{"x":668.5,"y":409.5},{"x":667.5,"y":412.5},{"x":667.5,"y":417.5},{"x":667.5,"y":422.5},{"x":667.5,"y":426.5},{"x":667.5,"y":430.5},{"x":667.5,"y":435.5},{"x":667.5,"y":439.5},{"x":667.5,"y":443.5},{"x":667.5,"y":447.5},{"x":667.5,"y":453.5},{"x":666.5,"y":456.5},{"x":666.5,"y":461.5},{"x":666.5,"y":466.5},{"x":666.5,"y":473.5},{"x":666.5,"y":477.5},{"x":666.5,"y":481.5},{"x":666.5,"y":482.5}],[{"x":662.5,"y":377.5},{"x":656.5,"y":377.5},{"x":650.5,"y":377.5},{"x":646.5,"y":377.5},{"x":642.5,"y":377.5},{"x":636.5,"y":375.5},{"x":633.5,"y":374.5},{"x":629.5,"y":375.5},{"x":625.5,"y":374.5},{"x":621.5,"y":373.5},{"x":618.5,"y":371.5},{"x":614.5,"y":371.5},{"x":610.5,"y":371.5},{"x":606.5,"y":371.5},{"x":602.5,"y":370.5},{"x":598.5,"y":368.5},{"x":594.5,"y":369.5},{"x":591.5,"y":368.5},{"x":587.5,"y":368.5},{"x":579.5,"y":370.5},{"x":575.5,"y":371.5},{"x":571.5,"y":370.5},{"x":567.5,"y":370.5},{"x":563.5,"y":370.5},{"x":558.5,"y":370.5},{"x":553.5,"y":370.5},{"x":549.5,"y":370.5},{"x":545.5,"y":371.5},{"x":542.5,"y":372.5},{"x":534.5,"y":372.5},{"x":528.5,"y":372.5},{"x":521.5,"y":372.5},{"x":516.5,"y":372.5},{"x":512.5,"y":372.5},{"x":506.5,"y":372.5},{"x":501.5,"y":372.5},{"x":495.5,"y":370.5},{"x":488.5,"y":368.5},{"x":485.5,"y":369.5},{"x":482.5,"y":368.5},{"x":476.5,"y":368.5},{"x":473.5,"y":369.5},{"x":469.5,"y":370.5},{"x":465.5,"y":371.5},{"x":461.5,"y":371.5},{"x":457.5,"y":371.5},{"x":451.5,"y":373.5},{"x":448.5,"y":372.5},{"x":445.5,"y":374.5},{"x":439.5,"y":373.5},{"x":434.5,"y":373.5},{"x":430.5,"y":373.5},{"x":425.5,"y":374.5},{"x":419.5,"y":375.5},{"x":412.5,"y":375.5},{"x":404.5,"y":375.5},{"x":400.5,"y":375.5},{"x":394.5,"y":375.5},{"x":388.5,"y":375.5},{"x":383.5,"y":375.5},{"x":376.5,"y":375.5},{"x":372.5,"y":375.5},{"x":364.5,"y":375.5},{"x":359.5,"y":375.5},{"x":353.5,"y":375.5},{"x":346.5,"y":375.5},{"x":341.5,"y":375.5},{"x":336.5,"y":375.5},{"x":332.5,"y":373.5},{"x":328.5,"y":374.5},{"x":324.5,"y":374.5},{"x":320.5,"y":374.5},{"x":316.5,"y":374.5},{"x":308.5,"y":374.5},{"x":304.5,"y":374.5},{"x":301.5,"y":373.5},{"x":296.5,"y":373.5},{"x":292.5,"y":373.5},{"x":287.5,"y":373.5},{"x":283.5,"y":373.5},{"x":279.5,"y":373.5},{"x":274.5,"y":373.5},{"x":269.5,"y":373.5},{"x":264.5,"y":373.5},{"x":259.5,"y":373.5},{"x":253.5,"y":373.5},{"x":250.5,"y":371.5},{"x":247.5,"y":372.5},{"x":243.5,"y":372.5},{"x":239.5,"y":372.5},{"x":235.5,"y":372.5},{"x":230.5,"y":371.5},{"x":226.5,"y":371.5},{"x":222.5,"y":371.5},{"x":217.5,"y":371.5},{"x":213.5,"y":371.5},{"x":210.5,"y":370.5},{"x":206.5,"y":370.5},{"x":202.5,"y":370.5},{"x":194.5,"y":371.5},{"x":189.5,"y":371.5},{"x":185.5,"y":371.5},{"x":181.5,"y":371.5},{"x":177.5,"y":371.5},{"x":173.5,"y":373.5},{"x":170.5,"y":372.5},{"x":166.5,"y":372.5},{"x":162.5,"y":372.5},{"x":158.5,"y":372.5},{"x":160.5,"y":369.5},{"x":160.5,"y":365.5},{"x":160.5,"y":360.5},{"x":161.5,"y":357.5},{"x":161.5,"y":353.5},{"x":162.5,"y":347.5},{"x":162.5,"y":342.5},{"x":162.5,"y":337.5},{"x":162.5,"y":332.5},{"x":162.5,"y":327.5},{"x":162.5,"y":321.5},{"x":162.5,"y":317.5},{"x":161.5,"y":312.5},{"x":161.5,"y":307.5},{"x":161.5,"y":301.5},{"x":161.5,"y":296.5},{"x":161.5,"y":291.5},{"x":161.5,"y":285.5},{"x":161.5,"y":278.5},{"x":161.5,"y":274.5},{"x":161.5,"y":270.5},{"x":161.5,"y":266.5},{"x":161.5,"y":262.5},{"x":161.5,"y":258.5},{"x":161.5,"y":252.5},{"x":161.5,"y":248.5},{"x":161.5,"y":244.5},{"x":161.5,"y":240.5},{"x":161.5,"y":236.5},{"x":161.5,"y":232.5},{"x":161.5,"y":228.5},{"x":161.5,"y":224.5},{"x":161.5,"y":220.5},{"x":161.5,"y":215.5},{"x":161.5,"y":211.5},{"x":161.5,"y":207.5},{"x":161.5,"y":201.5},{"x":161.5,"y":197.5},{"x":161.5,"y":193.5},{"x":161.5,"y":189.5},{"x":161.5,"y":185.5},{"x":161.5,"y":181.5},{"x":161.5,"y":177.5},{"x":165.5,"y":177.5},{"x":169.5,"y":177.5},{"x":174.5,"y":177.5},{"x":178.5,"y":177.5},{"x":183.5,"y":177.5},{"x":187.5,"y":177.5},{"x":191.5,"y":177.5},{"x":195.5,"y":177.5},{"x":199.5,"y":175.5},{"x":202.5,"y":176.5},{"x":207.5,"y":176.5},{"x":212.5,"y":176.5},{"x":217.5,"y":176.5},{"x":221.5,"y":176.5},{"x":225.5,"y":176.5},{"x":229.5,"y":176.5},{"x":233.5,"y":176.5},{"x":237.5,"y":176.5},{"x":242.5,"y":176.5},{"x":246.5,"y":176.5},{"x":250.5,"y":176.5},{"x":254.5,"y":176.5},{"x":257.5,"y":177.5},{"x":260.5,"y":178.5},{"x":266.5,"y":178.5},{"x":270.5,"y":178.5},{"x":274.5,"y":178.5},{"x":279.5,"y":179.5},{"x":282.5,"y":180.5},{"x":285.5,"y":181.5},{"x":288.5,"y":182.5},{"x":294.5,"y":182.5},{"x":298.5,"y":182.5},{"x":304.5,"y":182.5},{"x":309.5,"y":182.5},{"x":314.5,"y":182.5},{"x":317.5,"y":181.5},{"x":320.5,"y":180.5},{"x":324.5,"y":180.5},{"x":328.5,"y":180.5},{"x":333.5,"y":180.5},{"x":339.5,"y":180.5},{"x":342.5,"y":179.5},{"x":348.5,"y":179.5},{"x":352.5,"y":179.5},{"x":356.5,"y":179.5},{"x":361.5,"y":179.5},{"x":365.5,"y":177.5},{"x":368.5,"y":178.5},{"x":372.5,"y":178.5},{"x":376.5,"y":178.5},{"x":380.5,"y":178.5},{"x":384.5,"y":178.5},{"x":388.5,"y":178.5},{"x":393.5,"y":178.5},{"x":397.5,"y":178.5},{"x":401.5,"y":178.5},{"x":406.5,"y":178.5},{"x":410.5,"y":178.5},{"x":414.5,"y":178.5},{"x":418.5,"y":178.5},{"x":422.5,"y":178.5},{"x":426.5,"y":178.5},{"x":430.5,"y":178.5},{"x":434.5,"y":178.5},{"x":439.5,"y":178.5},{"x":445.5,"y":178.5},{"x":450.5,"y":176.5},{"x":453.5,"y":177.5},{"x":457.5,"y":177.5},{"x":462.5,"y":177.5},{"x":467.5,"y":177.5},{"x":471.5,"y":178.5},{"x":476.5,"y":178.5},{"x":480.5,"y":178.5},{"x":486.5,"y":178.5},{"x":492.5,"y":178.5},{"x":496.5,"y":178.5},{"x":501.5,"y":178.5},{"x":506.5,"y":180.5},{"x":509.5,"y":179.5},{"x":515.5,"y":179.5},{"x":519.5,"y":179.5},{"x":522.5,"y":177.5},{"x":525.5,"y":178.5},{"x":529.5,"y":178.5},{"x":534.5,"y":178.5},{"x":541.5,"y":178.5},{"x":546.5,"y":178.5},{"x":550.5,"y":178.5},{"x":554.5,"y":178.5},{"x":558.5,"y":178.5},{"x":562.5,"y":178.5},{"x":565.5,"y":180.5},{"x":569.5,"y":179.5},{"x":575.5,"y":179.5},{"x":579.5,"y":179.5},{"x":585.5,"y":179.5},{"x":589.5,"y":179.5},{"x":593.5,"y":179.5},{"x":599.5,"y":179.5},{"x":603.5,"y":179.5},{"x":607.5,"y":179.5},{"x":617.5,"y":179.5},{"x":622.5,"y":179.5},{"x":626.5,"y":179.5},{"x":632.5,"y":179.5},{"x":636.5,"y":179.5},{"x":641.5,"y":179.5},{"x":645.5,"y":179.5},{"x":649.5,"y":179.5},{"x":653.5,"y":179.5},{"x":657.5,"y":179.5},{"x":660.5,"y":180.5},{"x":664.5,"y":180.5},{"x":667.5,"y":179.5},{"x":668.5,"y":178.5}]]]],0,0,[],[],[]],[[{"name":"arrow-outline","rect":[36,65,945,501],"offset":[8.5,-9.5],"originalSize":[1000,612],"capInsets":[0,0,0,0]}],[1],0,[0],[0],[0]],[[{"name":"arrow-outline-tutorial","rect":[26,42,970,547],"offset":[11,-9.5],"originalSize":[1000,612],"capInsets":[0,0,0,0]}],[1],0,[0],[0],[1]]]]