[1,["65cAum0idHwrS3v68dWqGd","c7wTnZL1FBhoRFrE5i/VSM","38E8j1y7tJF7pbjvPEAg/D"],["_textureSetter"],["cc.SpriteFrame","cc.Texture2D",["cc.AudioClip",["_name","_native","duration"],0],["cc.JsonAsset",["_name","json"],1]],[[2,0,1,2,4],[3,0,1,3]],[[[{"name":"raja","rect":[0,0,400,400],"offset":[0,0],"originalSize":[400,400],"capInsets":[0,0,0,0]}],[0],0,[0],[0],[0]],[["0,9729,9729,33071,33071,0,0,1",-1],[1],0,[],[],[]],[[{"name":"mantri_daughter","rect":[0,0,400,400],"offset":[0,0],"originalSize":[400,400],"capInsets":[0,0,0,0]}],[0],0,[0],[0],[1]],[["0,9729,9729,33071,33071,0,0,1",-1],[1],0,[],[],[]],[[[0,"ಮಂತ್ರಿ_ಮಗಳ_ಆಸೆಯಂತೆ",".mp3",1.968],-1],0,0,[],[],[]],[[{"name":"old_button","rect":[0,0,400,400],"offset":[0,0],"originalSize":[400,400],"capInsets":[0,0,0,0]}],[0],0,[0],[0],[2]],[[[1,"kn2_0505",{"rows":[["createsentence","1","Description","ಊರಿಗೊಬ್ಬ/ರಾಜನಂತೆ","ಆಸೆಯಂತೆ","raja.png","ಊರಿಗೊಬ್ಬ_ರಾಜನಂತೆ.mp3"],["createsentence","1","Description","ಗುಂಡಿ/ಬಲು/ಹಳೆಯದಂತೆ","ರಾಜನಂತೆ","old_button.png","ಗುಂಡಿ_ಬಲು_ಹಳೆಯದಂತೆ.mp3"],["createsentence","1","Description","ಮಂತ್ರಿ/ಮಗಳ/ಆಸೆಯಂತೆ","ಬರುವನಂತೆ","mantri_daughter.png","ಮಂತ್ರಿ_ಮಗಳ_ಆಸೆಯಂತೆ.mp3"],["createsentence","1","Description","ಊರಿನ/ರಾಜ/ಬರುವನಂತೆ","ಹಳೆಯದಂತೆ","raja.png","ಊರಿನ_ರಾಜ_ಬರುವನಂತೆ.mp3"],["quizliteracy","1","Description","sentence_sentence","ರಾಜನಂತೆ","ರಾಜನಂತೆ","ಹಳೆಯದಂತೆ","ಆಸೆಯಂತೆ","","ಊರಿಗೊಬ್ಬ _________","ಊರಿಗೊಬ್ಬ_ರಾಜನಂತೆ.mp3"],["quizliteracy","1","Description","sentence_sentence","ಹಳೆಯದಂತೆ","ಆಸೆಯಂತೆ","ರಾಜನಂತೆ","ಹಳೆಯದಂತೆ","","ಗುಂಡಿ ಬಲು ________","ಗುಂಡಿ_ಬಲು_ಹಳೆಯದಂತೆ.mp3"],["quizliteracy","1","Description","sentence_sentence","ಆಸೆಯಂತೆ","ಹಳೆಯದಂತೆ","ಆಸೆಯಂತೆ","ರಾಜನಂತೆ","","ಮಂತ್ರಿ ಮಗಳ _______","ಮಂತ್ರಿ_ಮಗಳ_ಆಸೆಯಂತೆ.mp3"]]}]],0,0,[],[],[]],[["0,9729,9729,33071,33071,0,0,1",-1],[1],0,[],[],[]],[[[0,"ಗುಂಡಿ_ಬಲು_ಹಳೆಯದಂತೆ",".mp3",1.944],-1],0,0,[],[],[]],[[[0,"ಊರಿಗೊಬ್ಬ_ರಾಜನಂತೆ",".mp3",1.896],-1],0,0,[],[],[]],[[[0,"ಊರಿನ_ರಾಜ_ಬರುವನಂತೆ",".mp3",2.04],-1],0,0,[],[],[]]]]