[1,["15JmY6SdBDZ65vF9LRCC2q","derpbjc1lFhLssjLL6xZK7","925PNaKyJF1qt840Uqrqdz","43K0BcHGdIso33TUCdWo6j","21HLM4nLhOSoMd0+autcWw","943ZsiGvNK8JpR35Wa9x+i","5fmNhibPNDw6exaqV3zr3c","85y+nu8E1I+KLqAtyue3H+","de+rSctR1IL6/bc6yIwFw+"],["_textureSetter"],["cc.SpriteFrame","cc.Texture2D",["cc.AudioClip",["_name","_native","duration"],0],["cc.JsonAsset",["_name","json"],1]],[[2,0,1,2,4],[3,0,1,3]],[[[{"name":"l5_shesad","rect":[0,0,868,689],"offset":[0,0],"originalSize":[868,689],"capInsets":[0,0,0,0]}],[0],0,[0],[0],[0]],[[{"name":"happy","rect":[0,0,466,512],"offset":[0,0],"originalSize":[466,512],"capInsets":[0,0,0,0]}],[0],0,[0],[0],[1]],[[[0,"black",".mp3",0.626939],-1],0,0,[],[],[]],[[[0,"taste",".mp3",0.783673],-1],0,0,[],[],[]],[[[0,"white",".mp3",0.783673],-1],0,0,[],[],[]],[["0,9729,9729,33071,33071,0,0,1",-1],[1],0,[],[],[]],[[[0,"colors",".mp3",0.809796],-1],0,0,[],[],[]],[["1,9729,9729,33071,33071,0,0,1",-1],[1],0,[],[],[]],[["1,9729,9729,33071,33071,0,0,1",-1],[1],0,[],[],[]],[[{"name":"purple","rect":[0,0,400,333],"offset":[0,0],"originalSize":[400,333],"capInsets":[0,0,0,0]}],[0],0,[0],[0],[2]],[["0,9729,9729,33071,33071,0,0,1",-1],[1],0,[],[],[]],[[[0,"excited",".mp3",1.018776],-1],0,0,[],[],[]],[[{"name":"image_20_1","rect":[0,0,845,695],"offset":[0,0],"originalSize":[845,695],"capInsets":[0,0,0,0]}],[0],0,[0],[0],[3]],[["1,9729,9729,33071,33071,0,0,1",-1],[1],0,[],[],[]],[[[0,"angry",".mp3",0.757551],-1],0,0,[],[],[]],[["0,9729,9729,33071,33071,0,0,1",-1],[1],0,[],[],[]],[["1,9729,9729,33071,33071,0,0,1",-1],[1],0,[],[],[]],[[{"name":"image_20_4","rect":[0,0,845,695],"offset":[0,0],"originalSize":[845,695],"capInsets":[0,0,0,0]}],[0],0,[0],[0],[4]],[[[0,"sweet",".mp3",0.835918],-1],0,0,[],[],[]],[[[0,"cool",".mp3",0.705306],-1],0,0,[],[],[]],[[[0,"surprised",".mp3",1.044898],-1],0,0,[],[],[]],[[[0,"happy",".mp3",0.600816],-1],0,0,[],[],[]],[[[0,"hot",".mp3",0.574694],-1],0,0,[],[],[]],[[{"name":"image_20_2","rect":[0,0,845,695],"offset":[0,0],"originalSize":[845,695],"capInsets":[0,0,0,0]}],[0],0,[0],[0],[5]],[[{"name":"black","rect":[0,0,512,486],"offset":[0,0],"originalSize":[512,486],"capInsets":[0,0,0,0]}],[0],0,[0],[0],[6]],[[{"name":"image_13_4","rect":[0,0,845,695],"offset":[0,0],"originalSize":[845,695],"capInsets":[0,0,0,0]}],[0],0,[0],[0],[7]],[[[0,"scared",".mp3",0.835918],-1],0,0,[],[],[]],[[[0,"sour",".mp3",0.888163],-1],0,0,[],[],[]],[[[0,"feelings",".mp3",1.07102],-1],0,0,[],[],[]],[[[0,"sad",".mp3",0.835918],-1],0,0,[],[],[]],[["0,9729,9729,33071,33071,0,0,1",-1],[1],0,[],[],[]],[["0,9729,9729,33071,33071,0,0,1",-1],[1],0,[],[],[]],[[[0,"purple",".mp3",0.705306],-1],0,0,[],[],[]],[[{"name":"white","rect":[0,0,619,588],"offset":[0,0],"originalSize":[619,588],"capInsets":[0,0,0,0]}],[0],0,[0],[0],[8]],[[[0,"orange",".mp3",0.862041],-1],0,0,[],[],[]],[[[1,"sl_en3001",{"rows":[["tag","1","Description","image_20_1.jpg","feelings","280.-1520","feelings.mp3","happy","223.-1010","happy.mp3","sad","219.-520","sad.mp3","angry","1304.-1294","angry.mp3","surprised","1321.-829","surprised.mp3"],["tag","1","Description","image_20_2.jpg","feelings","280.-1520","feelings.mp3","scared","219.-520","scared.mp3","sad","1321.-829","sad.mp3","excited","223.-1010","excited.mp3","sleepy","1304.-1294","sleepy.mp3"],["tag","1","Description","image_20_4.jpg","taste","280.-1520","taste.mp3","hot","1333.-1350","hot.mp3","cool","284.-1307","cool.mp3","sweet","243.-839","sweet.mp3","sour","1210.-926","sour.mp3"],["tag","1","Description","image_13_4.jpg","colors","719.-1520","colors.mp3","black","1155.-1147","black.mp3","white","628.-631","white.mp3","purple","408.-1147","purple.mp3","orange","1257.-528","orange.mp3"],["quizliteracy","1","Description","image_sentence","happy","sad","scared","happy","happy.png","","happy.mp3"],["quizliteracy","1","Description","image_sentence","sad","sad","scared","happy","l5_shesad.png","","sad.mp3"],["quizliteracy","1","Description","image_sentence","black","white","black","purple","black.png","","black.mp3"],["quizliteracy","1","Description","image_word","white","black","white","purple","white.png"],["quizliteracy","1","Description","image_word","purple","purple","orange","white","purple.png"]]}]],0,0,[],[],[]],[[[0,"sleepy",".mp3",0.835918],-1],0,0,[],[],[]]]]