[1,["09B6mw9hBMNbOe55HLPWw4","9b2Gyw2VZGiaSoxxUhCF5B","2cYMkkQKlJj5eT8/u49mOG","3fsAbG2TNH7ZwYY5pF7LQj"],["_textureSetter"],["cc.Texture2D","cc.SpriteFrame",["cc.AudioClip",["_name","_native","duration"],0],["cc.JsonAsset",["_name","json"],1]],[[2,0,1,2,4],[3,0,1,3]],[[[[0,"कॉकपिट",".mp3",0.679184],-1],0,0,[],[],[]],[["1,9729,9729,33071,33071,0,0,1",-1],[0],0,[],[],[]],[[[0,"विमान",".mp3",0.809796],-1],0,0,[],[],[]],[[{"name":"image_16_1","rect":[0,0,845,695],"offset":[0,0],"originalSize":[845,695],"capInsets":[0,0,0,0]}],[1],0,[0],[0],[0]],[[{"name":"image_16_3","rect":[0,0,845,695],"offset":[0,0],"originalSize":[845,695],"capInsets":[0,0,0,0]}],[1],0,[0],[0],[1]],[["1,9729,9729,33071,33071,0,0,1",-1],[0],0,[],[],[]],[["1,9729,9729,33071,33071,0,0,1",-1],[0],0,[],[],[]],[[[0,"रेल_गाडी",".mp3",1.097143],-1],0,0,[],[],[]],[[[0,"आईना",".mp3",0.731429],-1],0,0,[],[],[]],[[[0,"पायलट",".mp3",0.653061],-1],0,0,[],[],[]],[[[0,"हेलीकॉप्टर",".mp3",0.966531],-1],0,0,[],[],[]],[[{"name":"image_16_2","rect":[0,0,845,695],"offset":[0,0],"originalSize":[845,695],"capInsets":[0,0,0,0]}],[1],0,[0],[0],[2]],[[[0,"संज्ञा_शब्द_चुनें",".mp3",2.592],-1],0,0,[],[],[]],[[[0,"दरवाजा",".mp3",1.044898],-1],0,0,[],[],[]],[[[0,"बाइक",".mp3",0.679184],-1],0,0,[],[],[]],[[[0,"हेडलाइट",".mp3",0.731429],-1],0,0,[],[],[]],[[[0,"पंख",".mp3",0.574694],-1],0,0,[],[],[]],[["1,9729,9729,33071,33071,0,0,1",-1],[0],0,[],[],[]],[[[0,"इंजन",".mp3",0.783673],-1],0,0,[],[],[]],[[[0,"वाहन",".mp3",0.757551],-1],0,0,[],[],[]],[[[1,"hi1404",{"rows":[["tag","1","Description","image_16_1.jpg","वाहन","311.-1513","वाहन.mp3","विमान","531.-1250","विमान.mp3","हेलीकॉप्टर","425.-729","हेलीकॉप्टर.mp3","ट्रक","1318.-1317","ट्रक.mp3","बाइक","1285.-516","बाइक.mp3"],["tag","1","Description","image_16_2.jpg","वाहन","311.-1513","वाहन.mp3","बस","1280.-514","बस.mp3","गाड़ी","267.-855","गाडी.mp3","मोटर साइकिल","1230.-993","मोटर_साइकिल.mp3","रेल गाडी","639.-1297","रेल_गाडी.mp3"],["tag","1","Description","image_16_3.jpg","गाड़ी","297.-1427","गाडी.mp3","आईना","1184.-1084","आईना.mp3","पहिया","601.-410","पहिया.mp3","दरवाजा ","1224.-410","दरवाजा.mp3","हेडलाइट","381.-926","हेडलाइट.mp3"],["tag","1","Description","image_16_4.jpg","विमान","319.-1488","विमान.mp3","इंजन","1280.-934","इंजन.mp3","पंख","1083.-593","पंख.mp3","कॉकपिट","281.-999","कॉकपिट.mp3","पायलट","1004.-1263","पायलट.mp3"],["quizliteracy","1","Description","sentence_sentence","वाहन","वाहन","वह","तू","","संज्ञा शब्द चुनें","संज्ञा_शब्द_चुनें.mp3"],["quizliteracy","1","Description","sentence_sentence","गाड़ी","तू","गाड़ी","आप","","संज्ञा शब्द चुनें","संज्ञा_शब्द_चुनें.mp3"],["quizliteracy","1","Description","sentence_sentence","विमान","वह","क्या","विमान","","संज्ञा शब्द चुनें","संज्ञा_शब्द_चुनें.mp3"],["quizliteracy","1","Description","sentence_sentence","पंख","उसे","क्या","पंख","","संज्ञा शब्द चुनें","संज्ञा_शब्द_चुनें.mp3"]]}]],0,0,[],[],[]],[[[0,"ट्रक",".mp3",0.548571],-1],0,0,[],[],[]],[[{"name":"image_16_4","rect":[0,0,845,695],"offset":[0,0],"originalSize":[845,695],"capInsets":[0,0,0,0]}],[1],0,[0],[0],[3]],[[[0,"मोटर_साइकिल",".mp3",1.306122],-1],0,0,[],[],[]],[[[0,"पहिया",".mp3",0.653061],-1],0,0,[],[],[]],[[[0,"गाडी",".mp3",0.783673],-1],0,0,[],[],[]],[[[0,"बस",".mp3",0.731429],-1],0,0,[],[],[]]]]