[1,["d4sBIPGFJHGY1QxCDr/waW","3cGHDsTetBLKIYxZj+XrjO","0cYbbCbWpKXYzqVpPGqIqP","97JgcL/gdEeqNfn7Mpedje","b4dvmBEhNDS4S4JmQNaTNr","cclcU+8zVHn7qyedK4cS43","31ZdVqFo1OiJ1/H1mVF1qb","92EHQ8G1RJR6ehrAw87ZaD","c2deC34vtEr7+uyg1hSH/T","caLuuCWxFOoays1ypGlF7o","56v2xx/AtLzKYp/vzMkfGw","3fkvIg5kFOoLkJqqdMizsc"],["_textureSetter"],["cc.Texture2D","cc.SpriteFrame",["cc.JsonAsset",["_name","json"],1]],[[2,0,1,3]],[[["0,9729,9729,33071,33071,0,0,1",-1],[0],0,[],[],[]],[[{"name":"4oclock","rect":[0,0,400,400],"offset":[0,0],"originalSize":[400,400],"capInsets":[0,0,0,0]}],[1],0,[0],[0],[0]],[[{"name":"5oclock","rect":[21,21,338,338],"offset":[1,-1],"originalSize":[378,378],"capInsets":[0,0,0,0]}],[1],0,[0],[0],[1]],[["0,9729,9729,33071,33071,0,0,1",-1],[0],0,[],[],[]],[[{"name":"1oclcok","rect":[0,0,378,378],"offset":[0,0],"originalSize":[378,378],"capInsets":[0,0,0,0]}],[1],0,[0],[0],[2]],[["0,9729,9729,33071,33071,0,0,1",-1],[0],0,[],[],[]],[["0,9729,9729,33071,33071,0,0,1",-1],[0],0,[],[],[]],[[{"name":"2oclock","rect":[1,3,376,375],"offset":[0,-1.5],"originalSize":[378,378],"capInsets":[0,0,0,0]}],[1],0,[0],[0],[3]],[[{"name":"12oclock","rect":[0,0,225,225],"offset":[0,0],"originalSize":[225,225],"capInsets":[0,0,0,0]}],[1],0,[0],[0],[4]],[[[0,"sl_en3602",{"rows":[["picturemeaning","1","Description","S","10 O'clock","10oclock.png","10 O'clock.mp3","2 O'clock","2oclock.png","2 O'clock.mp3","7 O'clock","7oclock.png","7 O'clock.mp3"],["picturemeaning","1","Description","P","5 O' clock","5oclock.png","5 O' clock.mp3","8 O'clock","8oclock.png","8 O'clock.mp3","11 O'clock","11oclock.png","11 O'clock.mp3"],["picturemeaning","1","Description","P","3 O' clock","3oclcok.png","3 O' clock.mp3","1 O'clock","1oclcok.png","1 O'clock.mp3","9 O'clock","9oclock.png","9 O'clock.mp3"],["picturemeaning","1","Description","P","2 O'clock","2oclock.png","2 O'clock.mp3","11 O'clock","11oclock.png","11 O'clock.mp3","4 O'clock","4oclock.png","4 O'clock.mp3"],["picturemeaning","1","Description","P","12 O'clock","12oclock.png","12 O'clock.mp3","3 O' clock","3oclcok.png","3 O' clock.mp3","7 O'clock","7oclock.png","7 O'clock.mp3"],["picturemeaning","1","Description","P","6 O' clock","6oclock.png","6 O' clock.mp3","9 O'clock","9oclock.png","9 O'clock.mp3","1 O'clock","1oclcok.png","1 O'clock.mp3"],["quizliteracy","1","Description","image_word","2 O'clock","10 O'clock","1 O'clock","2 O'clock","2oclock.png"],["quizliteracy","1","Description","image_word","11 O'clock","11 O'clock","10 O'clock","9 O'clock","11oclock.png"],["quizliteracy","1","Description","image_word","4 O'clock","1 O'clock","4 O'clock","10 O'clock","4oclock.png"]]}]],0,0,[],[],[]],[[{"name":"7oclock","rect":[1,3,376,375],"offset":[0,-1.5],"originalSize":[378,378],"capInsets":[0,0,0,0]}],[1],0,[0],[0],[5]],[[{"name":"3oclcok","rect":[0,0,222,227],"offset":[0,0],"originalSize":[222,227],"capInsets":[0,0,0,0]}],[1],0,[0],[0],[6]],[["0,9729,9729,33071,33071,0,0,1",-1],[0],0,[],[],[]],[[{"name":"9oclock","rect":[0,0,225,225],"offset":[0,0],"originalSize":[225,225],"capInsets":[0,0,0,0]}],[1],0,[0],[0],[7]],[[{"name":"10oclock","rect":[0,0,225,225],"offset":[0,0],"originalSize":[225,225],"capInsets":[0,0,0,0]}],[1],0,[0],[0],[8]],[["0,9729,9729,33071,33071,0,0,1",-1],[0],0,[],[],[]],[["0,9729,9729,33071,33071,0,0,1",-1],[0],0,[],[],[]],[["0,9729,9729,33071,33071,0,0,1",-1],[0],0,[],[],[]],[["0,9729,9729,33071,33071,0,0,1",-1],[0],0,[],[],[]],[["0,9729,9729,33071,33071,0,0,1",-1],[0],0,[],[],[]],[["0,9729,9729,33071,33071,0,0,1",-1],[0],0,[],[],[]],[[{"name":"11oclock","rect":[1,5,598,595],"offset":[0,-2.5],"originalSize":[600,600],"capInsets":[0,0,0,0]}],[1],0,[0],[0],[9]],[["0,9729,9729,33071,33071,0,0,1",-1],[0],0,[],[],[]],[[{"name":"8oclock","rect":[0,0,225,225],"offset":[0,0],"originalSize":[225,225],"capInsets":[0,0,0,0]}],[1],0,[0],[0],[10]],[[{"name":"6oclock","rect":[0,0,225,225],"offset":[0,0],"originalSize":[225,225],"capInsets":[0,0,0,0]}],[1],0,[0],[0],[11]]]]