[1,["6bC/M+SRFOG6AmHRmRNoiL","11xzb5vMtHr4iNX8N04ZcS","71x07kprlOfahDUZBJbrS+"],["_textureSetter"],["cc.Texture2D","cc.SpriteFrame",["cc.AudioClip",["_name","_native","duration"],0],["cc.JsonAsset",["_name","json"],1]],[[2,0,1,2,4],[3,0,1,3]],[[["0,9729,9729,33071,33071,0,0,1",-1],[0],0,[],[],[]],[[{"name":"toy","rect":[0,0,500,335],"offset":[0,0],"originalSize":[500,335],"capInsets":[0,0,0,0]}],[1],0,[0],[0],[0]],[[[0,"toy",".mp3",0.679184],-1],0,0,[],[],[]],[["0,9729,9729,33071,33071,0,0,1",-1],[0],0,[],[],[]],[["0,9729,9729,33071,33071,0,0,1",-1],[0],0,[],[],[]],[[[0,"train",".mp3",0.835918],-1],0,0,[],[],[]],[[[0,"t",".mp3",0.522449],-1],0,0,[],[],[]],[[{"name":"top","rect":[0,0,608,516],"offset":[0,0],"originalSize":[608,516],"capInsets":[0,0,0,0]}],[1],0,[0],[0],[1]],[[{"name":"train","rect":[59,52,476,280],"offset":[7,38],"originalSize":[580,460],"capInsets":[0,0,0,0]}],[1],0,[0],[0],[2]],[[[1,"sl_en0400",{"rows":[["balloonpop","1","Description","2","t","5","t,s,r","t.mp3"],["writeletter","1","Description","t","-"],["writecard","1","Description","t","toy","toy.png","toy.mp3","top","top.png","top.mp3","train","train.png","train.mp3"],["quizliteracy","1","Description","soundonly_word","t","t","s","z","","","t.mp3"],["quizliteracy","1","Description","word_word","t","t","y","d","","t"],["quizliteracy","1","Description","soundonly_word","t","t","s","v","","","t.mp3"]]}]],0,0,[],[],[]],[[[0,"top",".mp3",0.548571],-1],0,0,[],[],[]]]]