[1,["9c2eNVWcpHR6Wp0VbykCb+","16vjBMa5tGx4hIWwVKaFwc","86++5G2ydJurRAMiCabsjN","83F+3dqr9HU4+UDCnpaiKr"],["_textureSetter"],["cc.Texture2D","cc.SpriteFrame",["cc.AudioClip",["_name","_native","duration"],0],["cc.JsonAsset",["_name","json"],1]],[[2,0,1,2,4],[3,0,1,3]],[[[[0,"ಸಡಗರ",".mp3",0.864],-1],0,0,[],[],[]],[[[0,"ಬೆಳ",".mp3",0.6],-1],0,0,[],[],[]],[["0,9729,9729,33071,33071,0,0,1",-1],[0],0,[],[],[]],[[{"name":"teacher","rect":[0,0,500,333],"offset":[0,0],"originalSize":[500,333],"capInsets":[0,0,0,0]}],[1],0,[0],[0],[0]],[[[0,"ಬೆಳವಣಿಗೆ",".mp3",0.984],-1],0,0,[],[],[]],[[[1,"kn2505",{"rows":[["phonictractor","1","Description","4","ಸಡಗರ","ಸಡಗರ.mp3","ಸಡ","ಸಡ.mp3","ಗರ","ಗರ.mp3"],["spelldoor","1","Description","ಹಂಚು","ಹಂ*","0","0","distribute.png","ಹಂಚು.mp3"],["spelldoor","1","Description","ಭಾಷಣ","***","0","0","speech.png","ಭಾಷಣ.mp3"],["rocket","1","Description","ಗುರುಗಳು","ಗು,ರು,ಗ,ಳು","ಗು,ರು,ಗ,ಳು","ಗುರುಗಳು.mp3","teacher.png","False","False"],["phonictractor","1","Description","4","ಬೆಳವಣಿಗೆ","ಬೆಳವಣಿಗೆ.mp3","ಬೆಳ","ಬೆಳ.mp3","ವಣಿ","ವಣಿ.mp3","ಗೆ","ಗೆ.mp3"],["quizliteracy","1","Description","image_word","ಭಾಷಣ","ಭಾಷಣ","ಹಂಚು","ಸಡಗರ","speech.png","","ಭಾಷಣ.mp3"],["quizliteracy","1","Description","soundonly_word","ಗುರುಗಳು","ಮರಳು","ಗುರುಗಳು","ಭಾಷಣ","","","ಗುರುಗಳು.mp3"],["quizliteracy","1","Description","word_word","ವಣಿಗೆ","ತನಿಗೆ","ರಾದಿತೇ","ವಣಿಗೆ","","ಬೆಳ___","ಬೆಳವಣಿಗೆ.mp3"]]}]],0,0,[],[],[]],[[{"name":"distribute","rect":[0,0,800,533],"offset":[0,0],"originalSize":[800,533],"capInsets":[0,0,0,0]}],[1],0,[0],[0],[1]],[[[0,"ಭಾಷಣ",".mp3",0.816],-1],0,0,[],[],[]],[[[0,"ಸಡ",".mp3",0.648],-1],0,0,[],[],[]],[["0,9729,9729,33071,33071,0,0,1",-1],[0],0,[],[],[]],[["0,9729,9729,33071,33071,0,0,1",-1],[0],0,[],[],[]],[[[0,"ಹಂಚು",".mp3",0.792],-1],0,0,[],[],[]],[[[0,"ಗುರುಗಳು",".mp3",0.84],-1],0,0,[],[],[]],[["0,9729,9729,33071,33071,0,0,1",-1],[0],0,[],[],[]],[[[0,"ಗೆ",".mp3",0.576],-1],0,0,[],[],[]],[[[0,"ವಣಿ",".mp3",0.624],-1],0,0,[],[],[]],[[{"name":"speech","rect":[0,0,512,340],"offset":[0,0],"originalSize":[512,340],"capInsets":[0,0,0,0]}],[1],0,[0],[0],[2]],[[[0,"ಗರ",".mp3",0.6],-1],0,0,[],[],[]],[[{"name":"eye","rect":[0,20,713,551],"offset":[-43.5,-10],"originalSize":[800,571],"capInsets":[0,0,0,0]}],[1],0,[0],[0],[3]]]]