[1,["c9ouyvZvBEcK8NpClKc+GV","80VK6YAGtEQ7qbkbT6h9JB","df5eepLu5OV6DA4S7L3hdB","e8ffblCqdAjpPNWUJm0VE2"],["_textureSetter"],["cc.Texture2D","cc.SpriteFrame",["cc.AudioClip",["_name","_native","duration"],0],["cc.JsonAsset",["_name","json"],1]],[[2,0,1,2,4],[3,0,1,3]],[[[[0,"mom",".mp3",0.864],-1],0,0,[],[],[]],[[[0,"sister",".mp3",1.2],-1],0,0,[],[],[]],[[[0,"girl",".mp3",0.96],-1],0,0,[],[],[]],[[[0,"This_is_my_dad",".mp3",1.824],-1],0,0,[],[],[]],[[[0,"farmer",".mp3",1.104],-1],0,0,[],[],[]],[[[0,"dad",".mp3",0.888],-1],0,0,[],[],[]],[[[0,"father",".mp3",1.08],-1],0,0,[],[],[]],[[[0,"pilot",".mp3",1.104],-1],0,0,[],[],[]],[[[0,"The_old_man_looks_tired",".mp3",2.712],-1],0,0,[],[],[]],[[[0,"mother",".mp3",0.96],-1],0,0,[],[],[]],[[[0,"jobs",".mp3",1.32],-1],0,0,[],[],[]],[["1,9729,9729,33071,33071,0,0,1",-1],[0],0,[],[],[]],[[[0,"grandmother",".mp3",1.464],-1],0,0,[],[],[]],[[[0,"man",".mp3",0.888],-1],0,0,[],[],[]],[[{"name":"image_3_3","rect":[0,0,845,695],"offset":[0,0],"originalSize":[845,695],"capInsets":[0,0,0,0]}],[1],0,[0],[0],[0]],[[[0,"woman",".mp3",1.008],-1],0,0,[],[],[]],[[[0,"people",".mp3",0.936],-1],0,0,[],[],[]],[[[0,"The_young_girls_look_shy",".mp3",2.592],-1],0,0,[],[],[]],[[{"name":"image_3_4","rect":[0,0,845,695],"offset":[0,0],"originalSize":[845,695],"capInsets":[0,0,0,0]}],[1],0,[0],[0],[1]],[[[1,"en2402",{"rows":[["fillblank","1","Description","My [sister] is a student.","My_sister_is_a_student.mp3","mom","dad","brother","10"],["fillblank","1","Description","The old [man] looks tired.","The_old_man_looks_tired.mp3","woman","lady","ladies","15"],["fillblank","1","Description","The young [girls] look shy.","The_young_girls_look_shy.mp3","woman","men","boys","15"],["fillblank","1","Description","This is my [dad].","This_is_my_dad.mp3","mom","sister","brother","10"],["fillblank","1","Description","This is my [mom].","This_is_my_mom.mp3","dad","baby","brother","10"],["tag","1","Description","image_3_1.jpg","family","280.-1520","family.mp3","mom","1280.-1315","mom.mp3","dad","248.-537","dad.mp3","brother","729.-518","brother.mp3","sister","949.-1163","sister.mp3"],["tag","1","Description","image_3_2.jpg","family","280.-1520","family.mp3","grandmother","1108.-928","grandmother.mp3","grandfather","1304.-1259","grandfather.mp3","mother","899.-732","mother.mp3","father","608.-1285","father.mp3"],["tag","1","Description","image_3_3.jpg","people","256.-1443","people.mp3","man","607.-782","man.mp3","woman","950.-1256","woman.mp3","boy","319.-539","boy.mp3","girl","1185.-720","girl.mp3"],["tag","1","Description","image_3_4.jpg","jobs","280.-1520","jobs.mp3","teacher","248.-537","teacher.mp3","doctor","811.-463","doctor.mp3","farmer","1228.-1334","farmer.mp3","pilot","1252.-633","pilot.mp3"],["quizliteracy","1","Description","word_word","sister","mom","sister","brother","","My________ is a student.","My_sister_is_a_student.mp3"],["quizliteracy","1","Description","word_word","man","lady","ladies","man","","The old _____ looks tired.","The_old_man_looks_tired.mp3"],["quizliteracy","1","Description","word_word","girls","men","boys","girls","","The young _____ look shy.","The_young_girls_look_shy.mp3"],["quizliteracy","1","Description","word_word","dad","man","brother","dad","","This is my _____.","This_is_my_dad.mp3"],["quizliteracy","1","Description","word_word","mom","dad","mom","lady","","This is my ___.","This_is_my_mom.mp3"]]}]],0,0,[],[],[]],[[[0,"teacher",".mp3",0.984],-1],0,0,[],[],[]],[[[0,"My_sister_is_a_student",".mp3",2.808],-1],0,0,[],[],[]],[["1,9729,9729,33071,33071,0,0,1",-1],[0],0,[],[],[]],[[[0,"brother",".mp3",1.056],-1],0,0,[],[],[]],[[[0,"This_is_my_mom",".mp3",1.824],-1],0,0,[],[],[]],[[[0,"grandfather",".mp3",1.632],-1],0,0,[],[],[]],[[[0,"family",".mp3",1.224],-1],0,0,[],[],[]],[["1,9729,9729,33071,33071,0,0,1",-1],[0],0,[],[],[]],[["1,9729,9729,33071,33071,0,0,1",-1],[0],0,[],[],[]],[[[0,"boy",".mp3",0.912],-1],0,0,[],[],[]],[[{"name":"image_3_2","rect":[0,0,845,695],"offset":[0,0],"originalSize":[845,695],"capInsets":[0,0,0,0]}],[1],0,[0],[0],[2]],[[[0,"doctor",".mp3",1.08],-1],0,0,[],[],[]],[[{"name":"image_3_1","rect":[0,0,845,695],"offset":[0,0],"originalSize":[845,695],"capInsets":[0,0,0,0]}],[1],0,[0],[0],[3]]]]