[1,["e7XFxmX89LAYzuTJJoW/sW","444TUp3N5J1aylveiJEr/2","85E5vrVZBOxIi094Y++dWv","7d/B4IJJ5FILX3j0zPOg9S","85Z3Z638JMs7piixdWq4C2","bfWUE+osVM6qxgl8JRHx3m"],["_textureSetter"],["cc.SpriteFrame","cc.Texture2D",["cc.AudioClip",["_name","_native","duration"],0],["cc.JsonAsset",["_name","json"],1]],[[2,0,1,2,4],[3,0,1,3]],[[[[0,"Aarthi_reads",".mp3",1.704],-1],0,0,[],[],[]],[[[0,"Ram_eats",".mp3",1.536],-1],0,0,[],[],[]],[[{"name":"Rita_swims","rect":[0,0,800,398],"offset":[0,0],"originalSize":[800,398],"capInsets":[0,0,0,0]}],[0],0,[0],[0],[0]],[[[1,"en3200",{"rows":[["jumpsentence","1","Description","[We] [jump.]","We_jump.mp3","y","unlocked"],["jumpsentence","1","Description","[She] [runs.]","She_runs.mp3","y","unlocked"],["jumpsentence","1","Description","[He] [reads.]","He_reads.mp3","y","unlocked"],["createsentence","1","Description","Ram/eats","","I_eat.jpg","Ram_eats.mp3"],["createsentence","1","Description","Aarthi/reads","","Ranireadsmanybooks.jpg","Aarthi_reads.mp3"],["createsentence","1","Description","Manju/plays","","Manju_plays.png","Manju_plays.mp3"],["createsentence","1","Description","Rita/swims","","Rita_swims.jpg","Rita_swims.mp3"],["createsentence","1","Description","Salma/walks","","komalwalks.jpg","Salma_walks.mp3"],["createsentence","1","Description","Birds/fly","","Birdsfly.jpg","Birds_fly.mp3"],["quizliteracy","1","Description","sentence_sentence","Birds fly.","Birds fly.","birds fly.","biRds flY.","","choose the right one","Choose_the_correct_sentence.mp3"],["quizliteracy","1","Description","soundonly_sentence","We jump. ","We jump. ","We run. ","We swim. ","","","We_jump.mp3"],["quizliteracy","1","Description","soundonly_sentence","He reads. ","He eats. ","He jumps. ","He reads. ","","","He_reads.mp3"],["quizliteracy","1","Description","image_sentence","Aarthi reads. ","Aarthi sings. ","Aarthi reads. ","Aarthi runs. ","Ranireadsmanybooks.jpg","","Aarthi_reads.mp3"],["quizliteracy","1","Description","image_sentence","Ram eats. ","Ram eats. ","Ram jumps. ","Ram reads. ","I_eat.jpg","","Ram_eats.mp3"]]}]],0,0,[],[],[]],[[[0,"She_runs",".mp3",1.32],-1],0,0,[],[],[]],[[[0,"We_jump",".mp3",1.344],-1],0,0,[],[],[]],[[{"name":"Birdsfly","rect":[0,0,768,512],"offset":[0,0],"originalSize":[768,512],"capInsets":[0,0,0,0]}],[0],0,[0],[0],[1]],[[[0,"Rita_swims",".mp3",1.776],-1],0,0,[],[],[]],[["1,9729,9729,33071,33071,0,0,1",-1],[1],0,[],[],[]],[[[0,"He_reads",".mp3",1.32],-1],0,0,[],[],[]],[[[0,"Salma_walks",".mp3",1.872],-1],0,0,[],[],[]],[[{"name":"Ranireadsmanybooks","rect":[0,0,1073,514],"offset":[0,0],"originalSize":[1073,514],"capInsets":[0,0,0,0]}],[0],0,[0],[0],[2]],[["1,9729,9729,33071,33071,0,0,1",-1],[1],0,[],[],[]],[[{"name":"komalwalks","rect":[0,0,1073,1188],"offset":[0,0],"originalSize":[1073,1188],"capInsets":[0,0,0,0]}],[0],0,[0],[0],[3]],[["1,9729,9729,33071,33071,0,0,1",-1],[1],0,[],[],[]],[["1,9729,9729,33071,33071,0,0,1",-1],[1],0,[],[],[]],[[[0,"Choose_the_correct_sentence",".mp3",2.592],-1],0,0,[],[],[]],[["0,9729,9729,33071,33071,0,0,1",-1],[1],0,[],[],[]],[[[0,"Manju_plays",".mp3",1.776],-1],0,0,[],[],[]],[[{"name":"I_eat","rect":[0,0,1073,577],"offset":[0,0],"originalSize":[1073,577],"capInsets":[0,0,0,0]}],[0],0,[0],[0],[4]],[[[0,"Birds_fly",".mp3",1.512],-1],0,0,[],[],[]],[["1,9729,9729,33071,33071,0,0,1",-1],[1],0,[],[],[]],[[{"name":"Manju_plays","rect":[0,95,2364,2210],"offset":[-18,0],"originalSize":[2400,2400],"capInsets":[0,0,0,0]}],[0],0,[0],[0],[5]]]]