[1,["b0VqKr16tNy5LMlpW7J12W","386wtw6gBGx42tmSC+0r7K","026Z+j8jBJOZ0UIW4IKtZq","a92AqfdXVPfoGq7UpOmVep","2bBN4vHttA84gq4ZWi9vF3","5f5BCD9VlJlZlETITnxzI1","fed7cib3BLh6tJjJqB+h+T","33ZvA7vitOoYFFUsDzoGJi","14fxix6ZxGoac5fVNOHjje","03qDKkhCZEOYI0tB3dTN1c","fcU7YMgKJAbpJu8VpmdzBC","9b1XvBJ5hE8ZNTb6dIw21U"],["_textureSetter"],["cc.Texture2D","cc.SpriteFrame",["cc.AudioClip",["_name","_native","duration"],0],["cc.JsonAsset",["_name","json"],1]],[[2,0,1,2,4],[3,0,1,3]],[[["0,9729,9729,33071,33071,0,0,1",-1],[0],0,[],[],[]],[["0,9729,9729,33071,33071,0,0,1",-1],[0],0,[],[],[]],[[{"name":"3","rect":[0,0,512,503],"offset":[0,0],"originalSize":[512,503],"capInsets":[0,0,0,0]}],[1],0,[0],[0],[0]],[[[0,"10",".mp3",0.792],-1],0,0,[],[],[]],[["0,9729,9729,33071,33071,0,0,1",-1],[0],0,[],[],[]],[[[0,"2",".mp3",0.744],-1],0,0,[],[],[]],[["0,9729,9729,33071,33071,0,0,1",-1],[0],0,[],[],[]],[[[0,"11",".mp3",1.08],-1],0,0,[],[],[]],[["0,9729,9729,33071,33071,0,0,1",-1],[0],0,[],[],[]],[[{"name":"7","rect":[0,0,512,503],"offset":[0,0],"originalSize":[512,503],"capInsets":[0,0,0,0]}],[1],0,[0],[0],[1]],[["0,9729,9729,33071,33071,0,0,1",-1],[0],0,[],[],[]],[[[0,"4",".mp3",0.864],-1],0,0,[],[],[]],[[[1,"en4002",{"rows":[["openwindow","1","Description","LEGIT","four","4.png","12.png","4.mp3","abcdefghijklmnopqrstuvwxyz"],["openwindow","1","Description","LEGIT","ten","10.png","6.png","10.mp3","abcdefghijklmnopqrstuvwxyz"],["openwindow","1","Description","LEGIT","two","2.png","3.png","2.mp3","abcdefghijklmnopqrstuvwxyz"],["openwindow","1","Description","LEGIT","nine","9.png","15.png","9.mp3","abcdefghijklmnopqrstuvwxyz"],["openwindow","1","Description","LEGIT","eleven","11.png","7.png","11.mp3","abcdefghijklmnopqrstuvwxyz"],["openwindow","1","Description","LEGIT","eight","8.png","10.png","8.mp3","abcdefghijklmnopqrstuvwxyz"],["openwindow","1","Description","LEGIT","fourteen","14.png","2.png","14.mp3","abcdefghijklmnopqrstuvwxyz"],["quizliteracy","1","Description","image_sentence","ten","one","ten","six","10.png","","10.mp3"],["quizliteracy","1","Description","image_sentence","nine","nine","five","seven","9.png","","9.mp3"],["quizliteracy","1","Description","image_sentence","eight","four","two","eight","8.png","","8.mp3"]]}]],0,0,[],[],[]],[[[0,"8",".mp3",0.792],-1],0,0,[],[],[]],[["0,9729,9729,33071,33071,0,0,1",-1],[0],0,[],[],[]],[[{"name":"12","rect":[0,0,143,512],"offset":[0,0],"originalSize":[143,512],"capInsets":[0,0,0,0]}],[1],0,[0],[0],[2]],[["0,9729,9729,33071,33071,0,0,1",-1],[0],0,[],[],[]],[[{"name":"10","rect":[0,0,143,512],"offset":[0,0],"originalSize":[143,512],"capInsets":[0,0,0,0]}],[1],0,[0],[0],[3]],[["0,9729,9729,33071,33071,0,0,1",-1],[0],0,[],[],[]],[["0,9729,9729,33071,33071,0,0,1",-1],[0],0,[],[],[]],[[{"name":"14","rect":[0,0,143,512],"offset":[0,0],"originalSize":[143,512],"capInsets":[0,0,0,0]}],[1],0,[0],[0],[4]],[[{"name":"6","rect":[0,0,512,503],"offset":[0,0],"originalSize":[512,503],"capInsets":[0,0,0,0]}],[1],0,[0],[0],[5]],[[{"name":"4","rect":[0,0,512,502],"offset":[0,0],"originalSize":[512,502],"capInsets":[0,0,0,0]}],[1],0,[0],[0],[6]],[[[0,"9",".mp3",0.936],-1],0,0,[],[],[]],[[{"name":"15","rect":[0,0,143,512],"offset":[0,0],"originalSize":[143,512],"capInsets":[0,0,0,0]}],[1],0,[0],[0],[7]],[[{"name":"9","rect":[0,0,512,503],"offset":[0,0],"originalSize":[512,503],"capInsets":[0,0,0,0]}],[1],0,[0],[0],[8]],[[[0,"14",".mp3",1.176],-1],0,0,[],[],[]],[[{"name":"8","rect":[0,0,512,503],"offset":[0,0],"originalSize":[512,503],"capInsets":[0,0,0,0]}],[1],0,[0],[0],[9]],[[{"name":"2","rect":[0,0,900,566],"offset":[0,0],"originalSize":[900,566],"capInsets":[0,0,0,0]}],[1],0,[0],[0],[10]],[[{"name":"11","rect":[0,0,143,512],"offset":[0,0],"originalSize":[143,512],"capInsets":[0,0,0,0]}],[1],0,[0],[0],[11]],[["0,9729,9729,33071,33071,0,0,1",-1],[0],0,[],[],[]],[["0,9729,9729,33071,33071,0,0,1",-1],[0],0,[],[],[]]]]