[1,["e873WcyttGX5IaWUT2l/Yh","ce0pdiAdFJbJPG4wslihFk","3fYAla6QVLRY1VGlnQHmp0","c1lknKxEBCAbPLFGMLN+Kc","c2X/N3YIdGkpQL7fW6ssz3","645OTKYLpMJpV0/3i8dPzh","75SdYDpw9Bvap4wGzdAqjf","3fs89TRb5PBrJO/31UtwYx","a8I/+Z8d9IjIKyBb18Wdnu","89oPTzXIRDUo3QrhmgEhKQ","7f22YQQgNODbEyFPB86waD","0dv/sdhApBK4arm0C5Ds7W","60rxpcMiZN5IeiJPdo8S7e","03sJjueZdB5JCBVQXDNCaR","020Fknz+dJUJKvkEVdCgg5"],["_textureSetter"],["cc.Texture2D","cc.SpriteFrame",["cc.AudioClip",["_name","_native","duration"],0],["cc.JsonAsset",["_name","json"],1]],[[2,0,1,2,4],[3,0,1,3]],[[["0,9729,9729,33071,33071,0,0,1",-1],[0],0,[],[],[]],[["0,9729,9729,33071,33071,0,0,1",-1],[0],0,[],[],[]],[[[0,"यह_सेब_लाल_है",".mp3",1.68],-1],0,0,[],[],[]],[[[0,"एक_हरी_किताब।",".mp3",1.410612],-1],0,0,[],[],[]],[[{"name":"l2_greenstar","rect":[0,0,868,689],"offset":[0,0],"originalSize":[868,689],"capInsets":[0,0,0,0]}],[1],0,[0],[0],[0]],[["0,9729,9729,33071,33071,0,0,1",-1],[0],0,[],[],[]],[[{"name":"l2_blackbook","rect":[0,0,868,689],"offset":[0,0],"originalSize":[868,689],"capInsets":[0,0,0,0]}],[1],0,[0],[0],[1]],[[{"name":"l2_brownbear","rect":[0,0,868,689],"offset":[0,0],"originalSize":[868,689],"capInsets":[0,0,0,0]}],[1],0,[0],[0],[2]],[[{"name":"l2_purplecircle","rect":[0,0,868,689],"offset":[0,0],"originalSize":[868,689],"capInsets":[0,0,0,0]}],[1],0,[0],[0],[3]],[[[0,"उसके_जूते_सफेद_है ं",".mp3",2.04],-1],0,0,[],[],[]],[[[0,"वह_गुलाबी_जूते_पसंद_करती_है",".mp3",2.76898],-1],0,0,[],[],[]],[[[0,"एक_काली_किताब।",".mp3",1.48898],-1],0,0,[],[],[]],[[[0,"यह_गेंद_नारंगी_हैं",".mp3",1.776327],-1],0,0,[],[],[]],[["0,9729,9729,33071,33071,0,0,1",-1],[0],0,[],[],[]],[["0,9729,9729,33071,33071,0,0,1",-1],[0],0,[],[],[]],[[[1,"hi1503",{"rows":[["fillblank","1","Description","यह सेब [लाल] है।","यह_सेब_लाल_है.mp3","नीला","हरा","पीला","10"],["fillblank","1","Description","उसके जूते [सफ़ेद] हैं।","उसके_जूते_सफेद_हैं.mp3","हरा","पीला","काला","10"],["fillblank","1","Description","केला [पीला] होता है।","केला_पीला_होता_है.mp3","नीला","हरा","लाल","10"],["picturemeaning","1","Description","S","एक लाल गेंद","l2_redball.png","एक_लाल_गेंद।.mp3","एक नीली गेंद","l2_blueball.png","एक_नीली_गेंद।.mp3","एक पीली गेंद","l2_yellowball.png","एक_पीली_गेंद।.mp3"],["picturemeaning","1","Description","S","एक हरी किताब","l2_greenbook.png","एक_हरी_किताब।.mp3","एक गुलाबी किताब","l2_pinkbook.png","एक_गुलाबी_किताब।.mp3","एक काली किताब","l2_blackbook.png","एक_काली_किताब।.mp3"],["picturemeaning","1","Description","P","एक भूरा भालू","l2_brownbear.png","एक_भूरा_भालू।.mp3","एक काला भालू","l2_blackbear.png","एक_काला_भालू।.mp3","एक सफ़ेद भालू","l2_whitebear.png","एक_सफेद_भालू।.mp3"],["picturemeaning","1","Description","P","एक बैंगनी वृत्त","l2_purplecircle.png","एक_बैंगनी_वृत्त।.mp3","एक हरा तारा","l2_greenstar.png","एक_हरा_तारा।.mp3","एक बैंगनी वर्ग","l3_purplesquare.png","एक_बैंगनी_वर्ग।.mp3"],["picturemeaning","1","Description","P","गुलाबी गुब्बारे","l2_pinkballoons.png","गुलाबी_गुब्बारे।.mp3","नीले गुब्बारे","l2_blueballoons.png","नीले_गुब्बारे।.mp3","पीले गुब्बारे","l2_yellowballoons.png","पीले_गुब्बारे।.mp3"],["fillblank","1","Description","वह [गुलाबी] जूते पसंद करती है।","वह_गुलाबी_जूते_पसंद_करती_है.mp3","लाल","हरा","काला","15"],["quizliteracy","1","Description","sentence_sentence","लाल","चमकीला","काली","लाल","","यह सेब ____है।","यह_सेब_लाल_है ं.mp3"],["quizliteracy","1","Description","sentence_sentence","सफ़ेद","सफ़ेद","पीला","नीला","","उसके जूते _____ है ं।","उसके_जूते_सफेद_है ं.mp3"],["quizliteracy","1","Description","sentence_sentence","पीला","नारंगी","हरा","पीला","","केला ____ होता है।","केला_पीला_होता_है.mp3"]]}]],0,0,[],[],[]],[[{"name":"l2_pinkbook","rect":[0,0,868,689],"offset":[0,0],"originalSize":[868,689],"capInsets":[0,0,0,0]}],[1],0,[0],[0],[4]],[[[0,"पीले_गुब्बारे।",".mp3",1.253878],-1],0,0,[],[],[]],[[[0,"एक_बैंगनी_वृत्त।",".mp3",1.48898],-1],0,0,[],[],[]],[[[0,"आसमान_नीला_है",".mp3",1.541224],-1],0,0,[],[],[]],[[{"name":"l2_blueballoons","rect":[0,0,868,689],"offset":[0,0],"originalSize":[868,689],"capInsets":[0,0,0,0]}],[1],0,[0],[0],[5]],[["0,9729,9729,33071,33071,0,0,1",-1],[0],0,[],[],[]],[["0,9729,9729,33071,33071,0,0,1",-1],[0],0,[],[],[]],[[{"name":"l2_yellowballoons","rect":[0,0,868,689],"offset":[0,0],"originalSize":[868,689],"capInsets":[0,0,0,0]}],[1],0,[0],[0],[6]],[["0,9729,9729,33071,33071,0,0,1",-1],[0],0,[],[],[]],[[[0,"एक_बैंगनी_वर्ग।",".mp3",1.541224],-1],0,0,[],[],[]],[["0,9729,9729,33071,33071,0,0,1",-1],[0],0,[],[],[]],[["0,9729,9729,33071,33071,0,0,1",-1],[0],0,[],[],[]],[[[0,"केला_पीला_होता_है",".mp3",1.776327],-1],0,0,[],[],[]],[[{"name":"l2_redball","rect":[0,0,868,689],"offset":[0,0],"originalSize":[868,689],"capInsets":[0,0,0,0]}],[1],0,[0],[0],[7]],[[[0,"नीले_गुब्बारे।",".mp3",1.306122],-1],0,0,[],[],[]],[[[0,"एक_भूरा_भालू।",".mp3",1.567347],-1],0,0,[],[],[]],[[{"name":"l2_greenbook","rect":[0,0,868,689],"offset":[0,0],"originalSize":[868,689],"capInsets":[0,0,0,0]}],[1],0,[0],[0],[8]],[[{"name":"l3_purplesquare","rect":[0,0,868,689],"offset":[0,0],"originalSize":[868,689],"capInsets":[0,0,0,0]}],[1],0,[0],[0],[9]],[["0,9729,9729,33071,33071,0,0,1",-1],[0],0,[],[],[]],[[[0,"गुलाबी_गुब्बारे।",".mp3",1.541224],-1],0,0,[],[],[]],[[[0,"एक_गुलाबी_किताब।",".mp3",1.697959],-1],0,0,[],[],[]],[[[0,"यह_सेब_लाल_है ं",".mp3",1.656],-1],0,0,[],[],[]],[[[0,"उसके_जूते_सफेद_हैं",".mp3",1.880816],-1],0,0,[],[],[]],[[[0,"एक_सफेद_भालू।",".mp3",1.541224],-1],0,0,[],[],[]],[[{"name":"l2_pinkballoons","rect":[0,0,868,689],"offset":[0,0],"originalSize":[868,689],"capInsets":[0,0,0,0]}],[1],0,[0],[0],[10]],[[[0,"एक_काला_भालू।",".mp3",1.515102],-1],0,0,[],[],[]],[["0,9729,9729,33071,33071,0,0,1",-1],[0],0,[],[],[]],[["0,9729,9729,33071,33071,0,0,1",-1],[0],0,[],[],[]],[[[0,"एक_लाल_गेंद।",".mp3",1.410612],-1],0,0,[],[],[]],[[[0,"एक_पीली_गेंद।",".mp3",1.515102],-1],0,0,[],[],[]],[["0,9729,9729,33071,33071,0,0,1",-1],[0],0,[],[],[]],[[[0,"एक_नीली_गेंद।",".mp3",1.462857],-1],0,0,[],[],[]],[[{"name":"l2_blueball","rect":[0,0,868,689],"offset":[0,0],"originalSize":[868,689],"capInsets":[0,0,0,0]}],[1],0,[0],[0],[11]],[[{"name":"l2_blackbear","rect":[0,0,868,689],"offset":[0,0],"originalSize":[868,689],"capInsets":[0,0,0,0]}],[1],0,[0],[0],[12]],[[[0,"यह_सेब_लाल_हैं",".mp3",1.645714],-1],0,0,[],[],[]],[[{"name":"l2_whitebear","rect":[0,0,868,689],"offset":[0,0],"originalSize":[868,689],"capInsets":[0,0,0,0]}],[1],0,[0],[0],[13]],[["0,9729,9729,33071,33071,0,0,1",-1],[0],0,[],[],[]],[[[0,"एक_हरा_तारा।",".mp3",1.462857],-1],0,0,[],[],[]],[[[0,"बिल्लियाँ_काली_हैं",".mp3",1.38449],-1],0,0,[],[],[]],[[{"name":"l2_yellowball","rect":[0,0,868,689],"offset":[0,0],"originalSize":[868,689],"capInsets":[0,0,0,0]}],[1],0,[0],[0],[14]]]]