[1,["6cVBZAlKdKMK2foIKcCCiq","e5ymj3ja1KvIrdkzdi2Eyn","ddZuOR5TlG1JLe7QKjLaSo"],["_textureSetter"],["cc.SpriteFrame","cc.Texture2D",["cc.AudioClip",["_name","_native","duration"],0],["cc.JsonAsset",["_name","json"],1]],[[2,0,1,2,4],[3,0,1,3]],[[[[0,"ಜೌಗು",".mp3",0.792],-1],0,0,[],[],[]],[[{"name":"spatula","rect":[0,0,800,533],"offset":[0,0],"originalSize":[800,533],"capInsets":[0,0,0,0]}],[0],0,[0],[0],[0]],[[{"name":"scorpion","rect":[0,0,800,510],"offset":[0,0],"originalSize":[800,510],"capInsets":[0,0,0,0]}],[0],0,[0],[0],[1]],[[[0,"ಜೌ",".mp3",0.672],-1],0,0,[],[],[]],[[[0,"ಲು",".mp3",0.528],-1],0,0,[],[],[]],[[[0,"ವ",".mp3",0.48],-1],0,0,[],[],[]],[[[0,"ಗೌರವ",".mp3",0.84],-1],0,0,[],[],[]],[[[0,"ಕೌ",".mp3",0.624],-1],0,0,[],[],[]],[[[0,"ಸೌಟು",".mp3",0.84],-1],0,0,[],[],[]],[[[0,"ಡೌ",".mp3",0.624],-1],0,0,[],[],[]],[["0,9729,9729,33071,33071,0,0,1",-1],[1],0,[],[],[]],[[[0,"ಡೌಲು",".mp3",0.768],-1],0,0,[],[],[]],[[{"name":"mixture","rect":[0,0,500,321],"offset":[0,0],"originalSize":[500,321],"capInsets":[0,0,0,0]}],[0],0,[0],[0],[2]],[[[0,"ಗೌ",".mp3",0.624],-1],0,0,[],[],[]],[[[0,"ಚೌಚೌ",".mp3",0.912],-1],0,0,[],[],[]],[[[0,"ಗು",".mp3",0.552],-1],0,0,[],[],[]],[[[0,"ರ",".mp3",0.48],-1],0,0,[],[],[]],[["0,9729,9729,33071,33071,0,0,1",-1],[1],0,[],[],[]],[["0,9729,9729,33071,33071,0,0,1",-1],[1],0,[],[],[]],[[[0,"ಕೌರವ",".mp3",0.816],-1],0,0,[],[],[]],[[[1,"kn2210",{"rows":[["spelldoor","1","Description","ಚೌಚೌ","**","0","0","mixture.png","ಚೌಚೌ.mp3"],["spelldoor","1","Description","ಸೌಟು","**","0","0","spatula.png","ಸೌಟು.mp3"],["phonictractor","1","Description","4","ಜೌಗು","ಜೌಗು.mp3","ಜೌ","ಜೌ.mp3","ಗು","ಗು.mp3"],["phonictractor","1","Description","4","ಡೌಲು","ಡೌಲು.mp3","ಡೌ","ಡೌ.mp3","ಲು","ಲು.mp3"],["phonictractor","1","Description","4","ಕೌರವ","ಕೌರವ.mp3","ಕೌ","ಕೌ.mp3","ರ","ರ.mp3","ವ","ವ.mp3"],["phonictractor","1","Description","4","ಗೌರವ","ಗೌರವ.mp3","ಗೌ","ಗೌ.mp3","ರ","ರ.mp3","ವ","ವ.mp3"],["quizliteracy","1","Description","word_word","ಡೌ","ಜೌ","ಸೌ","ಡೌ","","__ಲು","ಡೌಲು.mp3"],["quizliteracy","1","Description","soundonly_word","ಚೌಚೌ","ಜೌಗು","ಡೌಲು","ಚೌಚೌ","","","ಚೌಚೌ.mp3"],["quizliteracy","1","Description","image_word","ಸೌಟು","ಸೌಟು","ಚೌಚೌ","ಕೌರವ","spatula.png"]]}]],0,0,[],[],[]]]]