[1,["56JNgxjHZBjrilrGmGrQ1Y","0euvzLCINAlbHtcMpjON2I","ffebArPttObpgKMqumvnkE","44NtShEQFM34mLW5/hNWZA","4ddFkPJAlH6IVp2RdxW0uS","195Iw9BKNEgJyqS6w60eF1","d1wrrIKP9ODq5lQnBk9MNU","04UOcaKKhKHpCckFn//ebw"],["_textureSetter"],["cc.Texture2D","cc.SpriteFrame",["cc.JsonAsset",["_name","json"],1]],[[2,0,1,3]],[[["0,9729,9729,33071,33071,0,0,1",-1],[0],0,[],[],[]],[["0,9729,9729,33071,33071,0,0,1",-1],[0],0,[],[],[]],[["0,9729,9729,33071,33071,0,0,1",-1],[0],0,[],[],[]],[[{"name":"matchinggame_oval_1_large","rect":[40,4,110,143],"offset":[0,-0.5],"originalSize":[190,150],"capInsets":[0,0,0,0]}],[1],0,[0],[0],[0]],[["0,9729,9729,33071,33071,0,0,1",-1],[0],0,[],[],[]],[["0,9729,9729,33071,33071,0,0,1",-1],[0],0,[],[],[]],[["0,9729,9729,33071,33071,0,0,1",-1],[0],0,[],[],[]],[[{"name":"matchinggame_parallelogram_1_large","rect":[0,31,190,90],"offset":[0,-1],"originalSize":[190,150],"capInsets":[0,0,0,0]}],[1],0,[0],[0],[1]],[[{"name":"matchinggame_parallelogram_2_large","rect":[0,31,190,90],"offset":[0,-1],"originalSize":[190,150],"capInsets":[0,0,0,0]}],[1],0,[0],[0],[2]],[[{"name":"matchinggame_hexagon_1_large","rect":[12,3,166,145],"offset":[0,-0.5],"originalSize":[190,150],"capInsets":[0,0,0,0]}],[1],0,[0],[0],[3]],[[{"name":"matchinggame_oval_2_large","rect":[39,2,112,147],"offset":[0,-0.5],"originalSize":[190,150],"capInsets":[0,0,0,0]}],[1],0,[0],[0],[4]],[[{"name":"matchinggame_rhombus_1_large","rect":[20,0,150,150],"offset":[0,0],"originalSize":[190,150],"capInsets":[0,0,0,0]}],[1],0,[0],[0],[5]],[[[0,"maths1310",{"rows":[["shapepair","1","Description","image","text","matchinggame_hexagon_1_large.png","hexagon","hexagon.mp3","matchinggame_parallelogram_1_large.png","parallelogram","parallelogram.mp3","matchinggame_rhombus_1_large.png","rhombus","rhombus.mp3","matchinggame_oval_1_large.png","oval","oval.mp3"],["shapepair","1","Description","image","text","matchinggame_hexagon_2_large.png","hexagon","hexagon.mp3","matchinggame_parallelogram_2_large.png","parallelogram","parallelogram.mp3","matchinggame_rhombus_2_large.png","rhombus","rhombus.mp3","matchinggame_oval_2_large.png","oval","oval.mp3"],["quizmaths","1","Description","shapes","pentagon","pentagon","hexagon","parallelogram","trapezoid","which","which_is_a_pentagon.mp3","Which is a pentagon?"],["quizmaths","1","Description","shapes","hexagon","pentagon","hexagon","parallelogram","trapezoid","which","which_is_a_hexagon.mp3","Which is a hexagon?"],["quizmaths","1","Description","shapes","parallelogram","pentagon","hexagon","parallelogram","trapezoid","which","which_is_a_parallelogram.mp3","Which is a parallelogram?"]]}]],0,0,[],[],[]],[["0,9729,9729,33071,33071,0,0,1",-1],[0],0,[],[],[]],[[{"name":"matchinggame_hexagon_2_large","rect":[13,4,164,143],"offset":[0,-0.5],"originalSize":[190,150],"capInsets":[0,0,0,0]}],[1],0,[0],[0],[6]],[[{"name":"matchinggame_rhombus_2_large","rect":[20,0,150,150],"offset":[0,0],"originalSize":[190,150],"capInsets":[0,0,0,0]}],[1],0,[0],[0],[7]],[["0,9729,9729,33071,33071,0,0,1",-1],[0],0,[],[],[]]]]