[1,["c8eKELiWNMrb9qDSU1pGgK","1ctraqdD9N2LpUpdmFCbez","48/Tljgk1H1o0AVywrefYz","2ed2UKtiBBNLDrX5ddAMnN","f193Qsc/xNFbAqSxOBx28e","de48j9vVhL2pJM8Q3+393z","f6CJu+xzdCWYVKzA81tFRR","deS7xJ6oxBxbFTbdvmgWbZ","14hqW91HxA+72r0nJoj/si","b64/pW/l9Ov5WKUy0kwupo","2ehYzd7lpPiJAwUBQiJzmq","8breTkG9ZPW5lyT/evQX5j","83SGHwoEZEx4NQlF5bzKCv","7b2UrISsJCO6vKQ2QXxa2p","d2pQy6AXVDK63C8rKmDzpU","faOJ/Jxp9GNoRaPmbNKlth","a1EcHh+cBE5KXTJZ6U26r/","c5rbchXUhM9ZGLUCZJbRer"],["_textureSetter"],["cc.Texture2D","cc.SpriteFrame",["cc.AudioClip",["_name","_native","duration"],0],["cc.JsonAsset",["_name","json"],1]],[[2,0,1,2,4],[3,0,1,3]],[[["0,9729,9729,33071,33071,0,0,1",-1],[0],0,[],[],[]],[[[0,"long",".mp3",0.757551],-1],0,0,[],[],[]],[["0,9729,9729,33071,33071,0,0,1",-1],[0],0,[],[],[]],[[{"name":"shortrope ","rect":[0,0,512,458],"offset":[0,0],"originalSize":[512,458],"capInsets":[0,0,0,0]}],[1],0,[0],[0],[0]],[["0,9729,9729,33071,33071,0,0,1",-1],[0],0,[],[],[]],[["0,9729,9729,33071,33071,0,0,1",-1],[0],0,[],[],[]],[[{"name":"boy","rect":[0,0,512,512],"offset":[0,0],"originalSize":[512,512],"capInsets":[0,0,0,0]}],[1],0,[0],[0],[1]],[[{"name":"bucket","rect":[0,0,495,512],"offset":[0,0],"originalSize":[495,512],"capInsets":[0,0,0,0]}],[1],0,[0],[0],[2]],[["0,9729,9729,33071,33071,0,0,1",-1],[0],0,[],[],[]],[[{"name":"shortman ","rect":[0,0,421,512],"offset":[0,0],"originalSize":[421,512],"capInsets":[0,0,0,0]}],[1],0,[0],[0],[3]],[[{"name":"man","rect":[0,0,512,512],"offset":[0,0],"originalSize":[512,512],"capInsets":[0,0,0,0]}],[1],0,[0],[0],[4]],[[{"name":"longrope ","rect":[0,0,512,458],"offset":[0,0],"originalSize":[512,458],"capInsets":[0,0,0,0]}],[1],0,[0],[0],[5]],[["0,9729,9729,33071,33071,0,0,1",-1],[0],0,[],[],[]],[[{"name":"veryshorthair ","rect":[0,0,507,512],"offset":[0,0],"originalSize":[507,512],"capInsets":[0,0,0,0]}],[1],0,[0],[0],[6]],[["0,9729,9729,33071,33071,0,0,1",-1],[0],0,[],[],[]],[["0,9729,9729,33071,33071,0,0,1",-1],[0],0,[],[],[]],[[{"name":"tallwoman ","rect":[0,0,476,512],"offset":[0,0],"originalSize":[476,512],"capInsets":[0,0,0,0]}],[1],0,[0],[0],[7]],[[[1,"sl_en3810",{"rows":[["openwindow1","1","Description","LEGIT","Tall","giraffe.png","lion.png","tall.mp3","abcdefghijklmnopqrstuvwxyz"],["openwindow1","1","Description","LEGIT","Short","boy.png","man.png","short.mp3","abcdefghijklmnopqrstuvwxyz"],["openwindow1","1","Description","LEGIT","Tall","tallwoman.png","shortman.png","tall.mp3","abcdefghijklmnopqrstuvwxyz"],["openwindow1","1","Description","LEGIT","Short","shortrope.png","longrope.png","long.mp3","abcdefghijklmnopqrstuvwxyz"],["openwindow1","1","Description","LEGIT","Tall","longpole.png","shortpole.png","tall.mp3","abcdefghijklmnopqrstuvwxyz"],["openwindow1","1","Description","LEGIT","Short","cup.png","half_full_glass.png","short.mp3","abcdefghijklmnopqrstuvwxyz"],["openwindow1","1","Description","LEGIT","Long","longhair.png","shorthair.png","long.mp3","abcdefghijklmnopqrstuvwxyz"],["openwindow1","1","Description","LEGIT","Short","cow.png","elephant.png","short.mp3","abcdefghijklmnopqrstuvwxyz"],["quizliteracy","1","Description","soundonly_image","giraffe.png","cow.png","lion.png","giraffe.png","","","tall.mp3"],["quizliteracy","1","Description","soundonly_image","longhair.png","shorthair.png","veryshorthair.png","","","long.mp3"],["quizliteracy","1","Description","soundonly_image","cup.png","cup.png","half_full_glass.png","bucket.png","","","short.mp3"]]}]],0,0,[],[],[]],[[{"name":"cup","rect":[0,80,512,352],"offset":[0,0],"originalSize":[512,512],"capInsets":[0,0,0,0]}],[1],0,[0],[0],[8]],[["0,9729,9729,33071,33071,0,0,1",-1],[0],0,[],[],[]],[[[0,"tall",".mp3",0.600816],-1],0,0,[],[],[]],[[{"name":"longhair ","rect":[0,0,512,454],"offset":[0,0],"originalSize":[512,454],"capInsets":[0,0,0,0]}],[1],0,[0],[0],[9]],[[{"name":"shortpole ","rect":[0,0,420,512],"offset":[0,0],"originalSize":[420,512],"capInsets":[0,0,0,0]}],[1],0,[0],[0],[10]],[[{"name":"half_full_glass","rect":[0,0,1111,859],"offset":[0,0],"originalSize":[1111,859],"capInsets":[0,0,0,0]}],[1],0,[0],[0],[11]],[[{"name":"shorthair ","rect":[0,0,445,512],"offset":[0,0],"originalSize":[445,512],"capInsets":[0,0,0,0]}],[1],0,[0],[0],[12]],[["0,9729,9729,33071,33071,0,0,1",-1],[0],0,[],[],[]],[[{"name":"longpole ","rect":[0,0,420,512],"offset":[0,0],"originalSize":[420,512],"capInsets":[0,0,0,0]}],[1],0,[0],[0],[13]],[["0,9729,9729,33071,33071,0,0,1",-1],[0],0,[],[],[]],[["0,9729,9729,33071,33071,0,0,1",-1],[0],0,[],[],[]],[["0,9729,9729,33071,33071,0,0,1",-1],[0],0,[],[],[]],[[[0,"short",".mp3",0.835918],-1],0,0,[],[],[]],[[{"name":"cow","rect":[0,0,512,512],"offset":[0,0],"originalSize":[512,512],"capInsets":[0,0,0,0]}],[1],0,[0],[0],[14]],[["0,9729,9729,33071,33071,0,0,1",-1],[0],0,[],[],[]],[["0,9729,9729,33071,33071,0,0,1",-1],[0],0,[],[],[]],[[{"name":"elephant","rect":[0,0,512,342],"offset":[0,0],"originalSize":[512,342],"capInsets":[0,0,0,0]}],[1],0,[0],[0],[15]],[["0,9729,9729,33071,33071,0,0,1",-1],[0],0,[],[],[]],[["0,9729,9729,33071,33071,0,0,1",-1],[0],0,[],[],[]],[[{"name":"lion","rect":[0,0,512,457],"offset":[0,0],"originalSize":[512,457],"capInsets":[0,0,0,0]}],[1],0,[0],[0],[16]],[["0,9729,9729,33071,33071,0,0,1",-1],[0],0,[],[],[]],[[{"name":"giraffe","rect":[0,0,360,476],"offset":[0,0],"originalSize":[360,476],"capInsets":[0,0,0,0]}],[1],0,[0],[0],[17]]]]