[1,["b4if1b0SdG5rkn2jo96usE","d25h82xopATrFy9Vlb/F48","a7zn8CZRtENok+6f1RIhDs","9eOO6bl/tEzptyG6BYtUnV","a3ylbBUR5C55MRxtRV6hor","023iHRm9hMwKnZt7o1/Hue"],["_textureSetter"],["cc.Texture2D","cc.SpriteFrame",["cc.AudioClip",["_name","_native","duration"],0],["cc.JsonAsset",["_name","json"],1]],[[2,0,1,2,4],[3,0,1,3]],[[["0,9729,9729,33071,33071,0,0,1",-1],[0],0,[],[],[]],[[[0,"eighty",".mp3",0.574694],-1],0,0,[],[],[]],[[[0,"fifty",".mp3",0.835918],-1],0,0,[],[],[]],[[{"name":"seventy","rect":[0,0,512,503],"offset":[0,0],"originalSize":[512,503],"capInsets":[0,0,0,0]}],[1],0,[0],[0],[0]],[[[0,"seventy",".mp3",0.757551],-1],0,0,[],[],[]],[[{"name":"hundred","rect":[0,0,512,503],"offset":[0,0],"originalSize":[512,503],"capInsets":[0,0,0,0]}],[1],0,[0],[0],[1]],[[[0,"sixty",".mp3",0.888163],-1],0,0,[],[],[]],[[[1,"sl_en3403",{"rows":[["writeword","1","Description","fifty","fifty.png","fifty.mp3"],["writeword","1","Description","sixty","sixty.png","sixty.mp3"],["writeword","1","Description","seventy","seventy.png","seventy.mp3"],["writeword","1","Description","eighty","eighty.png","eighty.mp3"],["writeword","1","Description","ninety","ninety.png","ninety.mp3"],["writeword","1","Description","hundred","hundred.png","hundred.mp3"],["quizliteracy","1","Description","image_word","fifty","sixty","fifty","ninety","fifty.png"],["quizliteracy","1","Description","soundonly_word","eighty","fifty","ninety","eighty","","","eighty.mp3"],["quizliteracy","1","Description","image_word","hundred","hundred","sixty","fifty","hundred.png"]]}]],0,0,[],[],[]],[[{"name":"sixty","rect":[0,0,512,503],"offset":[0,0],"originalSize":[512,503],"capInsets":[0,0,0,0]}],[1],0,[0],[0],[2]],[["0,9729,9729,33071,33071,0,0,1",-1],[0],0,[],[],[]],[["0,9729,9729,33071,33071,0,0,1",-1],[0],0,[],[],[]],[["0,9729,9729,33071,33071,0,0,1",-1],[0],0,[],[],[]],[[{"name":"ninety","rect":[0,0,512,503],"offset":[0,0],"originalSize":[512,503],"capInsets":[0,0,0,0]}],[1],0,[0],[0],[3]],[["0,9729,9729,33071,33071,0,0,1",-1],[0],0,[],[],[]],[[{"name":"eighty","rect":[0,0,512,503],"offset":[0,0],"originalSize":[512,503],"capInsets":[0,0,0,0]}],[1],0,[0],[0],[4]],[[[0,"hundred",".mp3",0.470204],-1],0,0,[],[],[]],[[{"name":"fifty","rect":[0,0,512,503],"offset":[0,0],"originalSize":[512,503],"capInsets":[0,0,0,0]}],[1],0,[0],[0],[5]],[[[0,"ninety",".mp3",0.914286],-1],0,0,[],[],[]],[["0,9729,9729,33071,33071,0,0,1",-1],[0],0,[],[],[]]]]