[1,["de+E/U2LJL2pQGS0mS243M","e3bcS5839CB6s07hMhkG2O","10oQJE5uJLI5i8CdEAMk2i","7c4Rm0WjtC/LzetUtiW86b","64Nl/p/RNHZrRldoFnlvgJ","camx3e+4VG7YGsY2XFi1w9","85FkL8sWFGGZaHX9h5KgeX","efN8W0ibBDhq/MEEGdyo3U","6e3s28ALJJ27UGPqZLk/4K","77Ost+/c1N27Da8yHgRTld","d9PtZiBo1CJ6nyiHYbYto8","763Y/UdqZC3ZzOkJmTM8ny","57GmwlQNFN5pj+ySSBWeBt","66iQNj/YBHl5qZ68cUkQbI","b7lxBVYa5Cq4Q+a0PH4OsM","26ucduBqxHC41mKPL7k0eK","02ldz0VK1BQ4dJ4IJknVgE","74h5E8yHhPbKyhMAqpKhp/","5e/Gt9DdlC143Epq7dW6G2","59Z5vgbvhFUqbjtz03Gi8j","10NRA0eU5KcpG2UHAOnshK","81OQLThJNF8a7Ql6qSDWwn","19bhx2dyxODaSkrk5fTjHe","7axPaTOflNS4eo0SsHJ+Wp"],["_textureSetter"],["cc.Texture2D","cc.SpriteFrame",["cc.AudioClip",["_name","_native","duration"],0],["cc.JsonAsset",["_name","json"],1]],[[2,0,1,2,4],[3,0,1,3]],[[["0,9729,9729,33071,33071,0,0,1",-1],[0],0,[],[],[]],[["0,9729,9729,33071,33071,0,0,1",-1],[0],0,[],[],[]],[["0,9729,9729,33071,33071,0,0,1",-1],[0],0,[],[],[]],[[{"name":"scale2down ","rect":[0,0,753,742],"offset":[0,0],"originalSize":[753,742],"capInsets":[0,0,0,0]}],[1],0,[0],[0],[0]],[["0,9729,9729,33071,33071,0,0,1",-1],[0],0,[],[],[]],[[{"name":"scale_down","rect":[0,0,220,256],"offset":[0,0],"originalSize":[220,256],"capInsets":[0,0,0,0]}],[1],0,[0],[0],[1]],[["0,9729,9729,33071,33071,0,0,1",-1],[0],0,[],[],[]],[[{"name":"balance_up","rect":[0,0,185,256],"offset":[0,0],"originalSize":[185,256],"capInsets":[0,0,0,0]}],[1],0,[0],[0],[2]],[[{"name":"scale2down","rect":[0,0,256,252],"offset":[0,0],"originalSize":[256,252],"capInsets":[0,0,0,0]}],[1],0,[0],[0],[3]],[[{"name":"balanceup ","rect":[0,0,409,477],"offset":[0,0],"originalSize":[409,477],"capInsets":[0,0,0,0]}],[1],0,[0],[0],[4]],[[{"name":"scaledown ","rect":[0,0,708,756],"offset":[0,0],"originalSize":[708,756],"capInsets":[0,0,0,0]}],[1],0,[0],[0],[5]],[[{"name":"balance_down ","rect":[0,0,454,400],"offset":[0,0],"originalSize":[454,400],"capInsets":[0,0,0,0]}],[1],0,[0],[0],[6]],[["0,9729,9729,33071,33071,0,0,1",-1],[0],0,[],[],[]],[[{"name":"scale_up ","rect":[0,0,380,445],"offset":[0,0],"originalSize":[380,445],"capInsets":[0,0,0,0]}],[1],0,[0],[0],[7]],[["0,9729,9729,33071,33071,0,0,1",-1],[0],0,[],[],[]],[["0,9729,9729,33071,33071,0,0,1",-1],[0],0,[],[],[]],[[{"name":"balance_up ","rect":[0,0,319,441],"offset":[0,0],"originalSize":[319,441],"capInsets":[0,0,0,0]}],[1],0,[0],[0],[8]],[[[0,"light",".mp3",0.731429],-1],0,0,[],[],[]],[["0,9729,9729,33071,33071,0,0,1",-1],[0],0,[],[],[]],[[{"name":"balancedown ","rect":[0,0,461,426],"offset":[0,0],"originalSize":[461,426],"capInsets":[0,0,0,0]}],[1],0,[0],[0],[9]],[[{"name":"scale2up ","rect":[0,0,713,810],"offset":[0,0],"originalSize":[713,810],"capInsets":[0,0,0,0]}],[1],0,[0],[0],[10]],[["0,9729,9729,33071,33071,0,0,1",-1],[0],0,[],[],[]],[[{"name":"balanceup","rect":[0,0,220,256],"offset":[0,0],"originalSize":[220,256],"capInsets":[0,0,0,0]}],[1],0,[0],[0],[11]],[["0,9729,9729,33071,33071,0,0,1",-1],[0],0,[],[],[]],[["0,9729,9729,33071,33071,0,0,1",-1],[0],0,[],[],[]],[[{"name":"balancedown","rect":[0,0,256,237],"offset":[0,0],"originalSize":[256,237],"capInsets":[0,0,0,0]}],[1],0,[0],[0],[12]],[["0,9729,9729,33071,33071,0,0,1",-1],[0],0,[],[],[]],[["0,9729,9729,33071,33071,0,0,1",-1],[0],0,[],[],[]],[["0,9729,9729,33071,33071,0,0,1",-1],[0],0,[],[],[]],[["0,9729,9729,33071,33071,0,0,1",-1],[0],0,[],[],[]],[["0,9729,9729,33071,33071,0,0,1",-1],[0],0,[],[],[]],[[{"name":"scale2up","rect":[0,0,225,256],"offset":[0,0],"originalSize":[225,256],"capInsets":[0,0,0,0]}],[1],0,[0],[0],[13]],[["0,9729,9729,33071,33071,0,0,1",-1],[0],0,[],[],[]],[[{"name":"scaledown","rect":[0,0,240,256],"offset":[0,0],"originalSize":[240,256],"capInsets":[0,0,0,0]}],[1],0,[0],[0],[14]],[[{"name":"scaleup ","rect":[0,0,725,756],"offset":[0,0],"originalSize":[725,756],"capInsets":[0,0,0,0]}],[1],0,[0],[0],[15]],[[{"name":"scale1up ","rect":[0,0,680,756],"offset":[0,0],"originalSize":[680,756],"capInsets":[0,0,0,0]}],[1],0,[0],[0],[16]],[[[1,"sl_en3823",{"rows":[["openwindow1","1","Description","LEGIT","Light","balanceup.png","balancedown.png","light.mp3","abcdefghijklmnopqrstuvwxyz"],["openwindow1","1","Description","LEGIT","Heavy","balance_down.png","balance_up.png","heavy.mp3","abcdefghijklmnopqrstuvwxyz"],["openwindow1","1","Description","LEGIT","Light","scale_up.png","scale_down.png","light.mp3","abcdefghijklmnopqrstuvwxyz"],["openwindow1","1","Description","LEGIT","Heavy","scaledown.png","scaleup.png","heavy.mp3","abcdefghijklmnopqrstuvwxyz"],["openwindow1","1","Description","LEGIT","Light","scale1up.png","scale1down.png","light.mp3","abcdefghijklmnopqrstuvwxyz"],["openwindow1","1","Description","LEGIT","Heavy","scale1down.png","scale1up.png","heavy.mp3","abcdefghijklmnopqrstuvwxyz"],["openwindow1","1","Description","LEGIT","Light","scale2up.png","scale2down.png","light.mp3","abcdefghijklmnopqrstuvwxyz"],["openwindow1","1","Description","LEGIT","Heavy","scale2down.png","scale2up.png","heavy.mp3","abcdefghijklmnopqrstuvwxyz"],["quizliteracy","1","Description","soundonly_image","balance_down.png","balance_down.png","balance_up.png","balanceup.png","","","heavy.mp3"],["quizliteracy","1","Description","soundonly_image","scale_up.png","scale_down.png","scale1down.png","scale_up.png","","","light.mp3"],["quizliteracy","1","Description","soundonly_image","scale2down.png","scale2down.png","scale2up.png","scale1down.png","","","heavy.mp3"]]}]],0,0,[],[],[]],[[{"name":"balance_down","rect":[0,0,256,226],"offset":[0,0],"originalSize":[256,226],"capInsets":[0,0,0,0]}],[1],0,[0],[0],[17]],[["0,9729,9729,33071,33071,0,0,1",-1],[0],0,[],[],[]],[[[0,"heavy",".mp3",0.574694],-1],0,0,[],[],[]],[["0,9729,9729,33071,33071,0,0,1",-1],[0],0,[],[],[]],[[{"name":"scale1down ","rect":[0,0,744,756],"offset":[0,0],"originalSize":[744,756],"capInsets":[0,0,0,0]}],[1],0,[0],[0],[18]],[["0,9729,9729,33071,33071,0,0,1",-1],[0],0,[],[],[]],[[{"name":"scale_down ","rect":[0,0,383,445],"offset":[0,0],"originalSize":[383,445],"capInsets":[0,0,0,0]}],[1],0,[0],[0],[19]],[["0,9729,9729,33071,33071,0,0,1",-1],[0],0,[],[],[]],[["0,9729,9729,33071,33071,0,0,1",-1],[0],0,[],[],[]],[[{"name":"scaleup","rect":[0,0,246,256],"offset":[0,0],"originalSize":[246,256],"capInsets":[0,0,0,0]}],[1],0,[0],[0],[20]],[[{"name":"scale1up","rect":[0,0,230,256],"offset":[0,0],"originalSize":[230,256],"capInsets":[0,0,0,0]}],[1],0,[0],[0],[21]],[["0,9729,9729,33071,33071,0,0,1",-1],[0],0,[],[],[]],[[{"name":"scale1down","rect":[0,0,252,256],"offset":[0,0],"originalSize":[252,256],"capInsets":[0,0,0,0]}],[1],0,[0],[0],[22]],[[{"name":"scale_up","rect":[0,0,219,256],"offset":[0,0],"originalSize":[219,256],"capInsets":[0,0,0,0]}],[1],0,[0],[0],[23]]]]