[1,["0cVAEpITVIj5aye21NGrct","68g3PqQ45Jy5HNNKaOSbb6","ceYkHBWW9Op5/YkiznX4LL"],["_textureSetter"],["cc.Texture2D","cc.SpriteFrame",["cc.AudioClip",["_name","_native","duration"],0],["cc.JsonAsset",["_name","json"],1]],[[2,0,1,2,4],[3,0,1,3]],[[["0,9729,9729,33071,33071,0,0,1",-1],[0],0,[],[],[]],[[{"name":"house","rect":[0,0,640,512],"offset":[0,0],"originalSize":[640,512],"capInsets":[0,0,0,0]}],[1],0,[0],[0],[0]],[["0,9729,9729,33071,33071,0,0,1",-1],[0],0,[],[],[]],[[[0,"घ",".mp3",0.992653],-1],0,0,[],[],[]],[[[0,"घंटा",".mp3",1.07102],-1],0,0,[],[],[]],[[[1,"mr0103",{"rows":[["balloonpop","1","Description","2","घ","3","ग,ख,घ","घ.mp3"],["phonictractor","1","Description","5","घ","घ.mp3","घ","घ.mp3"],["writeletter","1","Description","घ","घर"],["writecard","1","Description","घ","घर","house.png","घर.mp3","घरटे","nest.png","घरटे.mp3","घंटा","bell.png","घंटा.mp3"],["quizliteracy","1","Description","soundonly_word","घ","घ","आ","ग","","","घ.mp3"],["quizliteracy","1","Description","word_word","घ","ग","इ","घ","","घ"],["quizliteracy","1","Description","soundonly_word","घ","घ","आ","ग","","","घ.mp3"]]}]],0,0,[],[],[]],[[[0,"घर",".mp3",0.862041],-1],0,0,[],[],[]],[[{"name":"nest","rect":[0,0,640,480],"offset":[0,0],"originalSize":[640,480],"capInsets":[0,0,0,0]}],[1],0,[0],[0],[1]],[[[0,"घरटे",".mp3",1.097143],-1],0,0,[],[],[]],[["0,9729,9729,33071,33071,0,0,1",-1],[0],0,[],[],[]],[[{"name":"bell","rect":[0,0,636,640],"offset":[0,0],"originalSize":[636,640],"capInsets":[0,0,0,0]}],[1],0,[0],[0],[2]]]]