[1,["867T1XC6VAirrEiwsZXLCl","e2zJulI+5AZqFFJKfyN723","3c0XptopFDmIp0UE72y2cH","913gIqOg9EsLpIO+Cbyf+1","87Hw2xqR9HU7V8VQz5/Xwv","6b8MjIBKpIQ7eYQTLUUVY9","b34FSWC01I0IfwovN57WCT","85l5pey/5FwKMCY+c9Rs/2","f18gKdUbVGXpZm40/xKwnD","6a3CocC8dGVrMhpBtBgsew","5cQzGkSAFBfJgSbbGrio27","460z5xTQ5OD6rbTJLlmweJ","4dsg3+zUJDYa0Dsg41J051","7fHJiVcMtGm6Dp5xgP63tM","6dgz3nzFxC0Y3/oxJVkxN3","02qt4ciBJIKKOf0axScBJa","6ackL7wVhOU4kbOEfMCbvY","8e1jwHnx1Gw4b33TOF2aLN"],["_textureSetter"],["cc.Texture2D","cc.SpriteFrame",["cc.AudioClip",["_name","_native","duration"],0],["cc.JsonAsset",["_name","json"],1]],[[2,0,1,2,4],[3,0,1,3]],[[["0,9729,9729,33071,33071,0,0,1",-1],[0],0,[],[],[]],[[{"name":"sky","rect":[0,0,500,332],"offset":[0,0],"originalSize":[500,332],"capInsets":[0,0,0,0]}],[1],0,[0],[0],[0]],[[[0,"ತಳ",".mp3",0.576],-1],0,0,[],[],[]],[[{"name":"river","rect":[0,0,512,378],"offset":[0,0],"originalSize":[512,378],"capInsets":[0,0,0,0]}],[1],0,[0],[0],[1]],[[{"name":"singlepetal","rect":[0,0,500,335],"offset":[0,0],"originalSize":[500,335],"capInsets":[0,0,0,0]}],[1],0,[0],[0],[2]],[[[0,"ಎಡ",".mp3",0.912],-1],0,0,[],[],[]],[[[0,"ಆಗಸ",".mp3",1.344],-1],0,0,[],[],[]],[[{"name":"lotus","rect":[0,0,500,333],"offset":[0,0],"originalSize":[500,333],"capInsets":[0,0,0,0]}],[1],0,[0],[0],[3]],[[{"name":"left","rect":[0,0,512,341],"offset":[0,0],"originalSize":[512,341],"capInsets":[0,0,0,0]}],[1],0,[0],[0],[4]],[["0,9729,9729,33071,33071,0,0,1",-1],[0],0,[],[],[]],[[{"name":"up","rect":[0,0,512,426],"offset":[0,0],"originalSize":[512,426],"capInsets":[0,0,0,0]}],[1],0,[0],[0],[5]],[[{"name":"sun","rect":[13,0,499,512],"offset":[6.5,0],"originalSize":[512,512],"capInsets":[0,0,0,0]}],[1],0,[0],[0],[6]],[["0,9729,9729,33071,33071,0,0,1",-1],[0],0,[],[],[]],[[{"name":"tap","rect":[0,0,500,333],"offset":[0,0],"originalSize":[500,333],"capInsets":[0,0,0,0]}],[1],0,[0],[0],[7]],[["0,9729,9729,33071,33071,0,0,1",-1],[0],0,[],[],[]],[[{"name":"write","rect":[0,0,512,384],"offset":[0,0],"originalSize":[512,384],"capInsets":[0,0,0,0]}],[1],0,[0],[0],[8]],[[[1,"kn0403",{"rows":[["openwindow","1","Description","LEGIT","ಎ,ಡ","left.png","up.png","ಎಡ.mp3","ಎ,ಡ"],["openwindow","1","Description","LEGIT","ಇ,ನ","sun.png","moon.png","ಇನ.mp3","ಇ,ನ"],["openwindow","1","Description","LEGIT","ಆ,ಗ,ಸ","sky.png","ocean.png","ಆಗಸ.mp3","ಆ,ಗ,ಸ"],["openwindow","1","Description","LEGIT","ತ,ನ,ಯ","son.png","daughter.png","ತನಯ.mp3","ತ,ನ,ಯ"],["openwindow","1","Description","LEGIT","ನ,ಳ","tap.png","river.png","ನಳ.mp3","ನ,ಳ"],["openwindow","1","Description","LEGIT","ಏ,ಕ,ದ,ಳ","singlepetal.png","lotus.png","ಏಕದಳ.mp3","ಏ,ಕ,ದ,ಳ"],["openwindow","1","Description","LEGIT","ಆ,ಲ","Banyan.png","coconut palm.png","ಆಲ.mp3","ಆ,ಲ"],["openwindow","1","Description","LEGIT","ತ,ಳ","bottom.png","hill.png","ತಳ.mp3","ತ,ಳ"],["openwindow","1","Description","LEGIT","ಆ,ಟ","play.png","write.png","ಆಟ.mp3","ಆ,ಟ"],["quizliteracy","1","Description","image_word","ತನಯ","ಆಟ","ಆಗಸ","ತನಯ","son.png"],["quizliteracy","1","Description","image_word","ಆಟ","ತನಯ","ಆಟ","ಆಗಸ","play.png"],["quizliteracy","1","Description","image_word","ಆಗಸ","ಆಗಸ","ತನಯ","ಆಟ","sky.png"]]}]],0,0,[],[],[]],[["0,9729,9729,33071,33071,0,0,1",-1],[0],0,[],[],[]],[[[0,"ನಳ",".mp3",0.576],-1],0,0,[],[],[]],[[{"name":"hill","rect":[0,0,512,288],"offset":[0,0],"originalSize":[512,288],"capInsets":[0,0,0,0]}],[1],0,[0],[0],[9]],[[[0,"ಆಟ",".mp3",1.056],-1],0,0,[],[],[]],[["0,9729,9729,33071,33071,0,0,1",-1],[0],0,[],[],[]],[["0,9729,9729,33071,33071,0,0,1",-1],[0],0,[],[],[]],[["0,9729,9729,33071,33071,0,0,1",-1],[0],0,[],[],[]],[["0,9729,9729,33071,33071,0,0,1",-1],[0],0,[],[],[]],[[{"name":"bottom","rect":[0,0,500,334],"offset":[0,0],"originalSize":[500,334],"capInsets":[0,0,0,0]}],[1],0,[0],[0],[10]],[["0,9729,9729,33071,33071,0,0,1",-1],[0],0,[],[],[]],[["0,9729,9729,33071,33071,0,0,1",-1],[0],0,[],[],[]],[["0,9729,9729,33071,33071,0,0,1",-1],[0],0,[],[],[]],[["0,9729,9729,33071,33071,0,0,1",-1],[0],0,[],[],[]],[["0,9729,9729,33071,33071,0,0,1",-1],[0],0,[],[],[]],[[{"name":"play","rect":[0,0,500,346],"offset":[0,0],"originalSize":[500,346],"capInsets":[0,0,0,0]}],[1],0,[0],[0],[11]],[["0,9729,9729,33071,33071,0,0,1",-1],[0],0,[],[],[]],[[{"name":"Banyan","rect":[0,0,512,341],"offset":[0,0],"originalSize":[512,341],"capInsets":[0,0,0,0]}],[1],0,[0],[0],[12]],[[{"name":"ocean","rect":[0,0,512,340],"offset":[0,0],"originalSize":[512,340],"capInsets":[0,0,0,0]}],[1],0,[0],[0],[13]],[[{"name":"son","rect":[0,0,341,512],"offset":[0,0],"originalSize":[341,512],"capInsets":[0,0,0,0]}],[1],0,[0],[0],[14]],[["0,9729,9729,33071,33071,0,0,1",-1],[0],0,[],[],[]],[[[0,"ಇನ",".mp3",0.84],-1],0,0,[],[],[]],[[{"name":"daughter","rect":[0,0,512,341],"offset":[0,0],"originalSize":[512,341],"capInsets":[0,0,0,0]}],[1],0,[0],[0],[15]],[[{"name":"moon","rect":[0,0,512,500],"offset":[0,0],"originalSize":[512,500],"capInsets":[0,0,0,0]}],[1],0,[0],[0],[16]],[[[0,"ಆಲ",".mp3",1.08],-1],0,0,[],[],[]],[[[0,"ತನಯ",".mp3",0.696],-1],0,0,[],[],[]],[["0,9729,9729,33071,33071,0,0,1",-1],[0],0,[],[],[]],[[[0,"ಏಕದಳ",".mp3",1.32],-1],0,0,[],[],[]],[["0,9729,9729,33071,33071,0,0,1",-1],[0],0,[],[],[]],[[{"name":"coconut palm","rect":[0,0,512,341],"offset":[0,0],"originalSize":[512,341],"capInsets":[0,0,0,0]}],[1],0,[0],[0],[17]]]]