[1,["77blmo+KFBN5NIqNqoNUfk","e7K4BYhGRH/LgSrL3dT1Kw","1cTleGE2NMm5N9LLqi3Pnd"],["_textureSetter"],["cc.Texture2D","cc.SpriteFrame",["cc.JsonAsset",["_name","json"],1],["cc.AudioClip",["_name","_native","duration"],0]],[[3,0,1,2,4],[2,0,1,3]],[[["0,9729,9729,33071,33071,0,0,1",-1],[0],0,[],[],[]],[[[1,"hi0013",{"rows":[["writeletter","1","Description","अँ","आँख"],["writecard","1","Description","अँ","आँख","आँख.png","आँख.mp3","माँ","माँ.png","माँ.mp3","चाँद","चाँद.png","चाँद.mp3"],["quizliteracy","1","Description","word_word","अँ","अँ","ऐ","इ","","अँ"],["quizliteracy","1","Description","word_word","अँ","ऐ","इ","अँ","","अँ"]]}]],0,0,[],[],[]],[[[0,"चाँद",".mp3",0.600816],-1],0,0,[],[],[]],[[[0,"आँख",".mp3",0.574694],-1],0,0,[],[],[]],[[{"name":"आँख","rect":[0,0,400,253],"offset":[0,0],"originalSize":[400,253],"capInsets":[0,0,0,0]}],[1],0,[0],[0],[0]],[[{"name":"चाँद","rect":[0,0,400,283],"offset":[0,0],"originalSize":[400,283],"capInsets":[0,0,0,0]}],[1],0,[0],[0],[1]],[["0,9729,9729,33071,33071,0,0,1",-1],[0],0,[],[],[]],[[[0,"माँ",".mp3",0.522449],-1],0,0,[],[],[]],[["0,9729,9729,33071,33071,0,0,1",-1],[0],0,[],[],[]],[[{"name":"माँ","rect":[0,0,374,333],"offset":[0,0],"originalSize":[374,333],"capInsets":[0,0,0,0]}],[1],0,[0],[0],[2]]]]