[1,["87otu+Tj9A17HYM4NueKKi","24u5xfo/JAua1BE89EeD/X","2ccrnnhTxCIIahxY9QCj7f","97HBfDAQhO54LvVin9DRZX","2d6flNoflPH49SA7pAANjz"],["_textureSetter"],["cc.Texture2D","cc.SpriteFrame",["cc.AudioClip",["_name","_native","duration"],0],["cc.JsonAsset",["_name","json"],1]],[[2,0,1,2,4],[3,0,1,3]],[[["0,9729,9729,33071,33071,0,0,1",-1],[0],0,[],[],[]],[["0,9729,9729,33071,33071,0,0,1",-1],[0],0,[],[],[]],[["0,9729,9729,33071,33071,0,0,1",-1],[0],0,[],[],[]],[[[0,"ಶೃಂಗ",".mp3",0.816],-1],0,0,[],[],[]],[[[0,"ಜ",".mp3",0.528],-1],0,0,[],[],[]],[[{"name":"bee","rect":[0,0,512,364],"offset":[0,0],"originalSize":[512,364],"capInsets":[0,0,0,0]}],[1],0,[0],[0],[0]],[[[0,"ಮೃಡ",".mp3",0.672],-1],0,0,[],[],[]],[["0,9729,9729,33071,33071,0,0,1",-1],[0],0,[],[],[]],[["0,9729,9729,33071,33071,0,0,1",-1],[0],0,[],[],[]],[[[1,"kn1809",{"rows":[["spelldoor","1","Description","ಮೃ,ಡ","*ಡ","0","0","shiva.png","ಮೃಡ.mp3"],["spelldoor","1","Description","ಭೃಂ,ಗ","**","0","0","bee.png","ಭೃಂಗ.mp3"],["rocket","1","Description","ಹೃದಯ","ಹೃ,ದ,ಯ","ಹೃ,ದ,ಯ","ಹೃದಯ.mp3","heart.png","False","False"],["phonictractor","1","Description","4","ಸೃಜನ","ಸೃಜನ.mp3","ಸೃ","ಸೃ.mp3","ಜ","ಜ.mp3","ನ","ನ.mp3"],["spelldoor","1","Description","ಶೃಂ,ಗ","**","0","0","peak.png","ಶೃಂಗ.mp3"],["spelldoor","1","Description","ಘೃ,ತ","**","0","0","ghee.png","ಘೃತ.mp3"],["quizliteracy","1","Description","word_word","ಮೃ","ವ್ರ","ಗೃ","ಮೃ","","__ಡ","ಮೃಡ.mp3"],["quizliteracy","1","Description","image_word","ಹೃದಯ","ಸೃಜನ","ಹೃದಯ","ಮೃಡ","heart.png"],["quizliteracy","1","Description","soundonly_word","ಭೃಂಗ","ಭೃಂಗ","ಸೃಜನ","ಹೃದಯ","","","ಭೃಂಗ.mp3"]]}]],0,0,[],[],[]],[[[0,"ಹೃದಯ",".mp3",0.768],-1],0,0,[],[],[]],[[{"name":"shiva","rect":[0,0,383,512],"offset":[0,0],"originalSize":[383,512],"capInsets":[0,0,0,0]}],[1],0,[0],[0],[1]],[[[0,"ಘೃತ",".mp3",0.744],-1],0,0,[],[],[]],[[[0,"ಭೃಂಗ",".mp3",0.744],-1],0,0,[],[],[]],[[[0,"ಸೃಜನ",".mp3",0.864],-1],0,0,[],[],[]],[[{"name":"peak","rect":[0,0,341,512],"offset":[0,0],"originalSize":[341,512],"capInsets":[0,0,0,0]}],[1],0,[0],[0],[2]],[[[0,"ನ",".mp3",0.48],-1],0,0,[],[],[]],[[[0,"ಸೃ",".mp3",0.696],-1],0,0,[],[],[]],[[{"name":"heart","rect":[0,0,512,378],"offset":[0,0],"originalSize":[512,378],"capInsets":[0,0,0,0]}],[1],0,[0],[0],[3]],[[{"name":"ghee","rect":[0,0,500,500],"offset":[0,0],"originalSize":[500,500],"capInsets":[0,0,0,0]}],[1],0,[0],[0],[4]]]]