[1,["39O2lPP7BH1Yds4hTRrG1z","c2Zy8MTkJPcqpfl4xskXBE","34BJnvua9HL5kJcP+GizQh","b6KfXcNdZA0IVxVijfcVcp","74snTtMixAc4Wm6NycFd6b","49GBaCbK1NaKwzKPPGwhmT","22XUiQEgJADaf1WeeKtZ6H","3a0QcQM/pHvrD53tE5xnK9","81Ygp3hUNG3JksOHpTjG71","78qvik1m5OEY1wbDoc7Ip1","6ahrJnnwlDVqHXw+4T8j1O","c2LI/twWJBSYZVhMvn53J0","b3I5jhoElG4bZyKng4RdHO","3aqicdKjBNYbBYr0t+nlUv","5fa9ABn5ZIT62CSSq99+a9","dcMv7UoGpE76BWX/FRzdwL","7dzqH23d9LbaCqJx+XYpGz","b3yEy/o5JBHZJeZe/avWsv","ae9hvIcWJPXrzyK3xl2DD9","d4LWhfp1RIM60BkzMGKVsZ","ec34vUvhtNxIEKTIdraXUU","8dGircmKtBBp+nK5Ps4vnj","fdTU7fN6ZKG7t22bMcVj94","98tyJoumtBl6VZMx/KXw/n","c3/mQav5FIUYYCuUBC5RmF","e6qp4exD1Oz4AlswldeOkV","aauw+k6l1EIYR/mwr11j2S","32lG4k9cBHTL8x7EHDOlON","91Fta1cPJK17F8ytJfm/lh","c9uD7GYvhGILOm2lnAgQBv","3ctejZb1VGk4NuXkZlWvJf","34lv/eACdCoa0G7Y4d3T1C","c32bK7UEFIiIET3Rfu3Lyi","153LadpJ1GlIGBozZ2ROB0","eaRoxpHtxGWogPx3a18Lw2","86R0aE4JRFCo4Unw+87Pvm","fclh6TMYFFvo6R3zn9p1tn","aa48rqSldFPpbXbOj2GXlE","ed3RB32opDMr2YyvrHiBuN","b6Vy6CUdxJ/a5NKJHRExNK","81TU2KNhpCjbkJBcq+rM1u","b0n5OMsNdML4q5dpxmOZwU","abpP+bYjVCS4y7hxcdYxXI","4fdeyVuSFLTKGaEIIrB207","15h+pexORK367RRi1GK+bx","273ZOiZwhAQIxMZAxNRkIQ","1b/l+2FtxD768tGa2+YRff","d4NfICw3pEPID2tX0bSNtq","e4cCR57U9Ikp8647FieMhh","550JjP93xAGbq2+TqdJkJO","45Mp1rlqBB7aUA9Qb/Agc0","e5P2hVM0VGS7uplnptAk4i","aaT2XPfOVF8ITjw2zGyojg","50bSgWTnpC+a9qlk688kAN","337e7INm9FZJxn5aPAJ8pU","9eiVbToYZG3YeBnbGa/6nu","18fT6TIqFIn6pA8P4w3o33","3dMUDx78VIsa3EUBu3zBb4","e0loDT2CpJoY1A/FCYE3MW","1cqm0PL95KXpDTra5Bave8"],["_textureSetter"],["cc.SpriteFrame","cc.Texture2D",["cc.AudioClip",["_name","_native","duration"],0],["cc.JsonAsset",["_name","json"],1]],[[2,0,1,2,4],[3,0,1,3]],[[[[0,"in_out",".mp3",1.018776],-1],0,0,[],[],[]],[[{"name":"in","rect":[0,0,393,512],"offset":[0,0],"originalSize":[393,512],"capInsets":[0,0,0,0]}],[0],0,[0],[0],[0]],[[[0,"hot_cold",".mp3",1.123265],-1],0,0,[],[],[]],[[{"name":"on","rect":[0,0,512,508],"offset":[0,0],"originalSize":[512,508],"capInsets":[0,0,0,0]}],[0],0,[0],[0],[1]],[[{"name":"cry","rect":[0,0,512,500],"offset":[0,0],"originalSize":[512,500],"capInsets":[0,0,0,0]}],[0],0,[0],[0],[2]],[[[0,"more_less",".mp3",1.097143],-1],0,0,[],[],[]],[[{"name":"fast","rect":[0,0,512,382],"offset":[0,0],"originalSize":[512,382],"capInsets":[0,0,0,0]}],[0],0,[0],[0],[3]],[["0,9729,9729,33071,33071,0,0,1",-1],[1],0,[],[],[]],[["0,9729,9729,33071,33071,0,0,1",-1],[1],0,[],[],[]],[[[0,"strong_weak",".mp3",1.17551],-1],0,0,[],[],[]],[["0,9729,9729,33071,33071,0,0,1",-1],[1],0,[],[],[]],[[{"name":"far","rect":[0,0,512,408],"offset":[0,0],"originalSize":[512,408],"capInsets":[0,0,0,0]}],[0],0,[0],[0],[4]],[["0,9729,9729,33071,33071,0,0,1",-1],[1],0,[],[],[]],[["0,9729,9729,33071,33071,0,0,1",-1],[1],0,[],[],[]],[[{"name":"weak","rect":[0,0,394,512],"offset":[0,0],"originalSize":[394,512],"capInsets":[0,0,0,0]}],[0],0,[0],[0],[5]],[[{"name":"lose","rect":[0,0,512,467],"offset":[0,0],"originalSize":[512,467],"capInsets":[0,0,0,0]}],[0],0,[0],[0],[6]],[[[0,"fast_slow",".mp3",1.227755],-1],0,0,[],[],[]],[[[0,"up",".mp3",0.548571],-1],0,0,[],[],[]],[["0,9729,9729,33071,33071,0,0,1",-1],[1],0,[],[],[]],[[{"name":"sweet","rect":[0,0,511,512],"offset":[0,0],"originalSize":[511,512],"capInsets":[0,0,0,0]}],[0],0,[0],[0],[7]],[[{"name":"enter","rect":[0,0,512,366],"offset":[0,0],"originalSize":[512,366],"capInsets":[0,0,0,0]}],[0],0,[0],[0],[8]],[[{"name":"narrow","rect":[0,0,440,512],"offset":[0,0],"originalSize":[440,512],"capInsets":[0,0,0,0]}],[0],0,[0],[0],[9]],[[{"name":"win","rect":[0,0,511,512],"offset":[0,0],"originalSize":[511,512],"capInsets":[0,0,0,0]}],[0],0,[0],[0],[10]],[[[0,"dark",".mp3",0.522449],-1],0,0,[],[],[]],[["0,9729,9729,33071,33071,0,0,1",-1],[1],0,[],[],[]],[[[0,"clean_dirty",".mp3",1.253878],-1],0,0,[],[],[]],[[{"name":"thick","rect":[0,0,512,512],"offset":[0,0],"originalSize":[512,512],"capInsets":[0,0,0,0]}],[0],0,[0],[0],[11]],[["0,9729,9729,33071,33071,0,0,1",-1],[1],0,[],[],[]],[[[0,"down",".mp3",0.653061],-1],0,0,[],[],[]],[["0,9729,9729,33071,33071,0,0,1",-1],[1],0,[],[],[]],[["0,9729,9729,33071,33071,0,0,1",-1],[1],0,[],[],[]],[["0,9729,9729,33071,33071,0,0,1",-1],[1],0,[],[],[]],[["0,9729,9729,33071,33071,0,0,1",-1],[1],0,[],[],[]],[[{"name":"out","rect":[0,0,352,512],"offset":[0,0],"originalSize":[352,512],"capInsets":[0,0,0,0]}],[0],0,[0],[0],[12]],[["0,9729,9729,33071,33071,0,0,1",-1],[1],0,[],[],[]],[["0,9729,9729,33071,33071,0,0,1",-1],[1],0,[],[],[]],[["0,9729,9729,33071,33071,0,0,1",-1],[1],0,[],[],[]],[["0,9729,9729,33071,33071,0,0,1",-1],[1],0,[],[],[]],[[[0,"wide_narrow",".mp3",1.28],-1],0,0,[],[],[]],[[{"name":"healthy","rect":[0,0,512,488],"offset":[0,0],"originalSize":[512,488],"capInsets":[0,0,0,0]}],[0],0,[0],[0],[13]],[[[0,"enter_exit",".mp3",1.28],-1],0,0,[],[],[]],[["0,9729,9729,33071,33071,0,0,1",-1],[1],0,[],[],[]],[["0,9729,9729,33071,33071,0,0,1",-1],[1],0,[],[],[]],[[[1,"sl_en2805",{"rows":[["letterpair","1","Description","text","text","good","bad","","up","down","","light","dark","","big","small","","high","low","","tall","short","","fat","thin"],["letterpair","1","Description","image","image","full.png","empty.png","full_empty.mp3","wet.png","dry.png","wet_dry.mp3","smooth.png","rough.png","smooth_rough.mp3","thin.png","thick.png","thin_thick.mp3","right.png","wrong.png","right_wrong.mp3","old.png","young.png","old_young.mp3"],["letterpair","1","Description","image","image","strong.png","weak.png","strong_weak.mp3","poor.png","rich.png","poor_rich.mp3","hot.png","cold.png","hot_cold.mp3","clean.png","dirty.png","clean_dirty.mp3","fast.png","slow.png","fast_slow.mp3","happy.png","sad.png","happy_sad.mp3"],["letterpair","1","Description","image","image","more.png","less.png","more_less.mp3","in.png","out.png","in_out.mp3","night.png","day.png","night_day.mp3","on.png","off.png","on_off.mp3","open.png","close.png","open_close.mp3","enter.png","exit.png","enter_exit.mp3"],["letterpair","1","Description","image","image","healthy.png","sick.png","healthy_sick.mp3","laugh.png","cry.png","laugh_cry.mp3","win.png","lose.png","win_lose.mp3","wide.png","narrow.png","wide_narrow.mp3","awake.png","asleep.png","awake_asleep.mp3","long.png","short.png","long_short.mp3"],["letterpair","1","Description","image","image","sharp.png","blunt.png","sharp_blunt.mp3","hard.png","easy.png","hard_easy.mp3","even.png","odd.png","even_odd.mp3","far.png","near.png","far_near.mp3","messy.png","neat.png","messy_neat.mp3","sweet.png","bitter.png","sweet_bitter.mp3"],["quizliteracy","1","Description","sentence_sentence","empty","empty","less","night","","full X _____","full_empty.mp3"],["quizliteracy","1","Description","sentence_sentence","less","small","empty","less","","more X _____.","more_less.mp3"],["quizliteracy","1","Description","sentence_sentence","night","less","night","empty","","day X _____.","night_day.mp3"]]}]],0,0,[],[],[]],[[[0,"happy_sad",".mp3",1.149388],-1],0,0,[],[],[]],[[{"name":"awake","rect":[0,0,512,491],"offset":[0,0],"originalSize":[512,491],"capInsets":[0,0,0,0]}],[0],0,[0],[0],[14]],[["0,9729,9729,33071,33071,0,0,1",-1],[1],0,[],[],[]],[[{"name":"short","rect":[0,0,445,512],"offset":[0,0],"originalSize":[445,512],"capInsets":[0,0,0,0]}],[0],0,[0],[0],[15]],[["0,9729,9729,33071,33071,0,0,1",-1],[1],0,[],[],[]],[[[0,"awake_asleep",".mp3",1.227755],-1],0,0,[],[],[]],[[{"name":"exit","rect":[0,0,512,385],"offset":[0,0],"originalSize":[512,385],"capInsets":[0,0,0,0]}],[0],0,[0],[0],[16]],[[{"name":"hard","rect":[0,0,395,512],"offset":[0,0],"originalSize":[395,512],"capInsets":[0,0,0,0]}],[0],0,[0],[0],[17]],[["0,9729,9729,33071,33071,0,0,1",-1],[1],0,[],[],[]],[[{"name":"rough","rect":[0,0,100,86],"offset":[0,0],"originalSize":[100,86],"capInsets":[0,0,0,0]}],[0],0,[0],[0],[18]],[[{"name":"dry","rect":[0,0,100,105],"offset":[0,0],"originalSize":[100,105],"capInsets":[0,0,0,0]}],[0],0,[0],[0],[19]],[[[0,"on_off",".mp3",0.992653],-1],0,0,[],[],[]],[[[0,"old_young",".mp3",1.28],-1],0,0,[],[],[]],[[{"name":"sharp","rect":[104,0,259,512],"offset":[-11,0],"originalSize":[489,512],"capInsets":[0,0,0,0]}],[0],0,[0],[0],[20]],[["0,9729,9729,33071,33071,0,0,1",-1],[1],0,[],[],[]],[[{"name":"near","rect":[0,0,428,370],"offset":[0,0],"originalSize":[428,370],"capInsets":[0,0,0,0]}],[0],0,[0],[0],[21]],[[{"name":"more","rect":[0,0,415,512],"offset":[0,0],"originalSize":[415,512],"capInsets":[0,0,0,0]}],[0],0,[0],[0],[22]],[[{"name":"full","rect":[0,0,100,108],"offset":[0,0],"originalSize":[100,108],"capInsets":[0,0,0,0]}],[0],0,[0],[0],[23]],[[[0,"tall",".mp3",0.600816],-1],0,0,[],[],[]],[["0,9729,9729,33071,33071,0,0,1",-1],[1],0,[],[],[]],[[{"name":"cold","rect":[0,0,468,452],"offset":[0,0],"originalSize":[468,452],"capInsets":[0,0,0,0]}],[0],0,[0],[0],[24]],[[{"name":"off","rect":[0,0,501,512],"offset":[0,0],"originalSize":[501,512],"capInsets":[0,0,0,0]}],[0],0,[0],[0],[25]],[[[0,"messy_neat",".mp3",1.227755],-1],0,0,[],[],[]],[[{"name":"less","rect":[0,0,512,430],"offset":[0,0],"originalSize":[512,430],"capInsets":[0,0,0,0]}],[0],0,[0],[0],[26]],[["0,9729,9729,33071,33071,0,0,1",-1],[1],0,[],[],[]],[["0,9729,9729,33071,33071,0,0,1",-1],[1],0,[],[],[]],[[[0,"long_short",".mp3",1.253878],-1],0,0,[],[],[]],[[[0,"good",".mp3",0.731429],-1],0,0,[],[],[]],[[[0,"night_day",".mp3",1.07102],-1],0,0,[],[],[]],[["0,9729,9729,33071,33071,0,0,1",-1],[1],0,[],[],[]],[[{"name":"even","rect":[0,0,445,512],"offset":[0,0],"originalSize":[445,512],"capInsets":[0,0,0,0]}],[0],0,[0],[0],[27]],[["0,9729,9729,33071,33071,0,0,1",-1],[1],0,[],[],[]],[["0,9729,9729,33071,33071,0,0,1",-1],[1],0,[],[],[]],[[[0,"short",".mp3",0.835918],-1],0,0,[],[],[]],[[{"name":"sad","rect":[0,0,389,512],"offset":[0,0],"originalSize":[389,512],"capInsets":[0,0,0,0]}],[0],0,[0],[0],[28]],[[{"name":"dirty","rect":[0,0,512,493],"offset":[0,0],"originalSize":[512,493],"capInsets":[0,0,0,0]}],[0],0,[0],[0],[29]],[[{"name":"sick","rect":[0,0,461,512],"offset":[0,0],"originalSize":[461,512],"capInsets":[0,0,0,0]}],[0],0,[0],[0],[30]],[[{"name":"hot","rect":[0,0,431,464],"offset":[0,0],"originalSize":[431,464],"capInsets":[0,0,0,0]}],[0],0,[0],[0],[31]],[[{"name":"open","rect":[0,0,392,512],"offset":[0,0],"originalSize":[392,512],"capInsets":[0,0,0,0]}],[0],0,[0],[0],[32]],[[{"name":"bitter","rect":[0,0,512,406],"offset":[0,0],"originalSize":[512,406],"capInsets":[0,0,0,0]}],[0],0,[0],[0],[33]],[["0,9729,9729,33071,33071,0,0,1",-1],[1],0,[],[],[]],[[[0,"even_odd",".mp3",1.227755],-1],0,0,[],[],[]],[[[0,"full_empty",".mp3",1.436735],-1],0,0,[],[],[]],[[[0,"poor_rich",".mp3",1.07102],-1],0,0,[],[],[]],[["0,9729,9729,33071,33071,0,0,1",-1],[1],0,[],[],[]],[[[0,"smooth_rough",".mp3",1.123265],-1],0,0,[],[],[]],[["0,9729,9729,33071,33071,0,0,1",-1],[1],0,[],[],[]],[[[0,"hard_easy",".mp3",1.358367],-1],0,0,[],[],[]],[["0,9729,9729,33071,33071,0,0,1",-1],[1],0,[],[],[]],[[[0,"wet_dry",".mp3",1.149388],-1],0,0,[],[],[]],[[{"name":"wide","rect":[0,0,440,512],"offset":[0,0],"originalSize":[440,512],"capInsets":[0,0,0,0]}],[0],0,[0],[0],[34]],[[{"name":"wet","rect":[0,0,100,96],"offset":[0,0],"originalSize":[100,96],"capInsets":[0,0,0,0]}],[0],0,[0],[0],[35]],[[[0,"laugh_cry",".mp3",1.227755],-1],0,0,[],[],[]],[["0,9729,9729,33071,33071,0,0,1",-1],[1],0,[],[],[]],[[{"name":"odd","rect":[0,0,445,512],"offset":[0,0],"originalSize":[445,512],"capInsets":[0,0,0,0]}],[0],0,[0],[0],[36]],[[{"name":"neat","rect":[0,0,512,497],"offset":[0,0],"originalSize":[512,497],"capInsets":[0,0,0,0]}],[0],0,[0],[0],[37]],[[{"name":"poor","rect":[0,0,435,512],"offset":[0,0],"originalSize":[435,512],"capInsets":[0,0,0,0]}],[0],0,[0],[0],[38]],[[{"name":"rich","rect":[0,0,413,512],"offset":[0,0],"originalSize":[413,512],"capInsets":[0,0,0,0]}],[0],0,[0],[0],[39]],[[[0,"open_close",".mp3",1.28],-1],0,0,[],[],[]],[[{"name":"slow","rect":[0,0,512,468],"offset":[0,0],"originalSize":[512,468],"capInsets":[0,0,0,0]}],[0],0,[0],[0],[40]],[["0,9729,9729,33071,33071,0,0,1",-1],[1],0,[],[],[]],[["0,9729,9729,33071,33071,0,0,1",-1],[1],0,[],[],[]],[["0,9729,9729,33071,33071,0,0,1",-1],[1],0,[],[],[]],[[{"name":"messy","rect":[0,0,511,512],"offset":[0,0],"originalSize":[511,512],"capInsets":[0,0,0,0]}],[0],0,[0],[0],[41]],[["0,9729,9729,33071,33071,0,0,1",-1],[1],0,[],[],[]],[[{"name":"day","rect":[0,0,512,512],"offset":[0,0],"originalSize":[512,512],"capInsets":[0,0,0,0]}],[0],0,[0],[0],[42]],[[[0,"small",".mp3",0.862041],-1],0,0,[],[],[]],[[{"name":"blunt","rect":[107,0,291,512],"offset":[15.5,0],"originalSize":[474,512],"capInsets":[0,0,0,0]}],[0],0,[0],[0],[43]],[["0,9729,9729,33071,33071,0,0,1",-1],[1],0,[],[],[]],[[[0,"high",".mp3",0.653061],-1],0,0,[],[],[]],[["0,9729,9729,33071,33071,0,0,1",-1],[1],0,[],[],[]],[[{"name":"happy","rect":[0,0,466,512],"offset":[0,0],"originalSize":[466,512],"capInsets":[0,0,0,0]}],[0],0,[0],[0],[44]],[[[0,"win_lose",".mp3",1.253878],-1],0,0,[],[],[]],[["0,9729,9729,33071,33071,0,0,1",-1],[1],0,[],[],[]],[["0,9729,9729,33071,33071,0,0,1",-1],[1],0,[],[],[]],[["0,9729,9729,33071,33071,0,0,1",-1],[1],0,[],[],[]],[["0,9729,9729,33071,33071,0,0,1",-1],[1],0,[],[],[]],[[[0,"big",".mp3",0.496327],-1],0,0,[],[],[]],[[[0,"sweet_bitter",".mp3",1.123265],-1],0,0,[],[],[]],[[{"name":"clean","rect":[0,0,505,512],"offset":[0,0],"originalSize":[505,512],"capInsets":[0,0,0,0]}],[0],0,[0],[0],[45]],[[{"name":"night","rect":[0,0,474,512],"offset":[0,0],"originalSize":[474,512],"capInsets":[0,0,0,0]}],[0],0,[0],[0],[46]],[["0,9729,9729,33071,33071,0,0,1",-1],[1],0,[],[],[]],[["0,9729,9729,33071,33071,0,0,1",-1],[1],0,[],[],[]],[[{"name":"right","rect":[0,0,509,512],"offset":[0,0],"originalSize":[509,512],"capInsets":[0,0,0,0]}],[0],0,[0],[0],[47]],[["0,9729,9729,33071,33071,0,0,1",-1],[1],0,[],[],[]],[["0,9729,9729,33071,33071,0,0,1",-1],[1],0,[],[],[]],[[[0,"right_wrong",".mp3",1.28],-1],0,0,[],[],[]],[[{"name":"wrong","rect":[0,0,512,501],"offset":[0,0],"originalSize":[512,501],"capInsets":[0,0,0,0]}],[0],0,[0],[0],[48]],[["0,9729,9729,33071,33071,0,0,1",-1],[1],0,[],[],[]],[[[0,"thin_thick",".mp3",1.17551],-1],0,0,[],[],[]],[[{"name":"asleep","rect":[0,0,512,462],"offset":[0,0],"originalSize":[512,462],"capInsets":[0,0,0,0]}],[0],0,[0],[0],[49]],[[{"name":"old","rect":[0,0,100,99],"offset":[0,0],"originalSize":[100,99],"capInsets":[0,0,0,0]}],[0],0,[0],[0],[50]],[["0,9729,9729,33071,33071,0,0,1",-1],[1],0,[],[],[]],[["0,9729,9729,33071,33071,0,0,1",-1],[1],0,[],[],[]],[[{"name":"easy","rect":[0,0,504,512],"offset":[0,0],"originalSize":[504,512],"capInsets":[0,0,0,0]}],[0],0,[0],[0],[51]],[[{"name":"young","rect":[0,0,509,512],"offset":[0,0],"originalSize":[509,512],"capInsets":[0,0,0,0]}],[0],0,[0],[0],[52]],[["0,9729,9729,33071,33071,0,0,1",-1],[1],0,[],[],[]],[[[0,"far_near",".mp3",1.018776],-1],0,0,[],[],[]],[["0,9729,9729,33071,33071,0,0,1",-1],[1],0,[],[],[]],[[[0,"sharp_blunt",".mp3",1.38449],-1],0,0,[],[],[]],[[{"name":"smooth","rect":[0,0,100,98],"offset":[0,0],"originalSize":[100,98],"capInsets":[0,0,0,0]}],[0],0,[0],[0],[53]],[["0,9729,9729,33071,33071,0,0,1",-1],[1],0,[],[],[]],[["0,9729,9729,33071,33071,0,0,1",-1],[1],0,[],[],[]],[[{"name":"laugh","rect":[0,0,420,512],"offset":[0,0],"originalSize":[420,512],"capInsets":[0,0,0,0]}],[0],0,[0],[0],[54]],[["0,9729,9729,33071,33071,0,0,1",-1],[1],0,[],[],[]],[[{"name":"strong","rect":[0,0,421,512],"offset":[0,0],"originalSize":[421,512],"capInsets":[0,0,0,0]}],[0],0,[0],[0],[55]],[["0,9729,9729,33071,33071,0,0,1",-1],[1],0,[],[],[]],[[[0,"healthy_sick",".mp3",1.123265],-1],0,0,[],[],[]],[[{"name":"close","rect":[0,0,447,512],"offset":[0,0],"originalSize":[447,512],"capInsets":[0,0,0,0]}],[0],0,[0],[0],[56]],[["0,9729,9729,33071,33071,0,0,1",-1],[1],0,[],[],[]],[["0,9729,9729,33071,33071,0,0,1",-1],[1],0,[],[],[]],[[{"name":"thin","rect":[0,0,512,512],"offset":[0,0],"originalSize":[512,512],"capInsets":[0,0,0,0]}],[0],0,[0],[0],[57]],[[[0,"light",".mp3",0.731429],-1],0,0,[],[],[]],[[{"name":"long","rect":[0,0,512,507],"offset":[0,0],"originalSize":[512,507],"capInsets":[0,0,0,0]}],[0],0,[0],[0],[58]],[[{"name":"empty","rect":[0,0,100,106],"offset":[0,0],"originalSize":[100,106],"capInsets":[0,0,0,0]}],[0],0,[0],[0],[59]],[["0,9729,9729,33071,33071,0,0,1",-1],[1],0,[],[],[]],[["0,9729,9729,33071,33071,0,0,1",-1],[1],0,[],[],[]]]]