[1,["f4q08UMxlJGoJnjG84Q5IR","61/nkgFyBEjK8eHv84ijc8","d1q4GImk5FQpHPYFidDyS+"],["_textureSetter"],["cc.SpriteFrame","cc.Texture2D",["cc.AudioClip",["_name","_native","duration"],0],["cc.JsonAsset",["_name","json"],1]],[[2,0,1,2,4],[3,0,1,3]],[[[{"name":"ink","rect":[0,0,253,199],"offset":[0,0],"originalSize":[253,199],"capInsets":[0,0,0,0]}],[0],0,[0],[0],[0]],[[{"name":"ice","rect":[0,0,1733,1300],"offset":[0,0],"originalSize":[1733,1300],"capInsets":[0,0,0,0]}],[0],0,[0],[0],[1]],[[[0,"iron",".mp3",0.705306],-1],0,0,[],[],[]],[["0,9729,9729,33071,33071,0,0,1",-1],[1],0,[],[],[]],[[[0,"i",".mp3",0.574694],-1],0,0,[],[],[]],[[{"name":"iron","rect":[0,0,400,333],"offset":[0,0],"originalSize":[400,333],"capInsets":[0,0,0,0]}],[0],0,[0],[0],[2]],[[[1,"sl_en0202",{"rows":[["balloonpop","1","Description","2","i","5","i,h,f","i.mp3"],["writeletter","1","Description","i","-"],["writecard","1","Description","i","ice","ice.png","ice.mp3","ink","ink.png","ink.mp3","iron","iron.png","iron.mp3"],["quizliteracy","1","Description","soundonly_word","i","y","f","i","","","i.mp3"],["quizliteracy","1","Description","word_word","i","i","y","k","","i"],["quizliteracy","1","Description","soundonly_word","i","b","f","i","","","i.mp3"]]}]],0,0,[],[],[]],[[[0,"ice",".mp3",0.679184],-1],0,0,[],[],[]],[["0,9729,9729,33071,33071,0,0,1",-1],[1],0,[],[],[]],[[[0,"ink",".mp3",0.548571],-1],0,0,[],[],[]],[["0,9729,9729,33071,33071,0,0,1",-1],[1],0,[],[],[]]]]