[1,["864oxsFTZDpbArfYLq7H5F","38cJ5CGUhE+IzkhBXPz8JU","35DtgX5plHmZ9QHqMQbraL","30mrhRrvRMpawDkk9PvDu5","ebz/27z8BOgKRcO+p1BLZz","d1zzPDcrNDZI6cfzTNRjFA","d2xOkrNVhAvbjM6kFhAgyW","b30x34AN1LwL0p9Rs+s/0L"],["_textureSetter"],["cc.Texture2D","cc.SpriteFrame",["cc.AudioClip",["_name","_native","duration"],0],["cc.JsonAsset",["_name","json"],1]],[[2,0,1,2,4],[3,0,1,3]],[[[[0,"छत्री",".mp3",1.123265],-1],0,0,[],[],[]],[[[0,"ट्रक",".mp3",0.496327],-1],0,0,[],[],[]],[["0,9729,9729,33071,33071,0,0,1",-1],[0],0,[],[],[]],[["0,9729,9729,33071,33071,0,0,1",-1],[0],0,[],[],[]],[["0,9729,9729,33071,33071,0,0,1",-1],[0],0,[],[],[]],[[[0,"बॅट",".mp3",0.626939],-1],0,0,[],[],[]],[[{"name":"book","rect":[0,0,640,360],"offset":[0,0],"originalSize":[640,360],"capInsets":[0,0,0,0]}],[1],0,[0],[0],[0]],[[{"name":"bat","rect":[275,71,75,442],"offset":[12.5,8],"originalSize":[600,600],"capInsets":[0,0,0,0]}],[1],0,[0],[0],[1]],[[{"name":"dog","rect":[0,0,640,480],"offset":[0,0],"originalSize":[640,480],"capInsets":[0,0,0,0]}],[1],0,[0],[0],[2]],[[{"name":"moon","rect":[0,0,640,480],"offset":[0,0],"originalSize":[640,480],"capInsets":[0,0,0,0]}],[1],0,[0],[0],[3]],[[{"name":"truck","rect":[71,222,522,310],"offset":[32,-77],"originalSize":[600,600],"capInsets":[0,0,0,0]}],[1],0,[0],[0],[4]],[["0,9729,9729,33071,33071,0,0,1",-1],[0],0,[],[],[]],[[[0,"पुस्तक",".mp3",0.757551],-1],0,0,[],[],[]],[[{"name":"buffalo","rect":[0,0,640,458],"offset":[0,0],"originalSize":[640,458],"capInsets":[0,0,0,0]}],[1],0,[0],[0],[5]],[[{"name":"spectacles","rect":[4,0,628,285],"offset":[-2,12],"originalSize":[640,309],"capInsets":[0,0,0,0]}],[1],0,[0],[0],[6]],[[{"name":"umbrella","rect":[46,66,479,451],"offset":[-14.5,8.5],"originalSize":[600,600],"capInsets":[0,0,0,0]}],[1],0,[0],[0],[7]],[[[0,"म्हैस",".mp3",0.783673],-1],0,0,[],[],[]],[[[0,"चष्मा",".mp3",0.940408],-1],0,0,[],[],[]],[["0,9729,9729,33071,33071,0,0,1",-1],[0],0,[],[],[]],[[[0,"चंद्र",".mp3",0.768],-1],0,0,[],[],[]],[["0,9729,9729,33071,33071,0,0,1",-1],[0],0,[],[],[]],[["0,9729,9729,33071,33071,0,0,1",-1],[0],0,[],[],[]],[[[1,"mr3301",{"rows":[["openwindow","1","Description","LEGIT","म्हैस","buffalo.png","truck.png","म्हैस.mp3","म्हैस"],["spelldoor","1","Description","ट्रक","ट्र*","0","0","truck.png","ट्रक.mp3"],["openwindow","1","Description","LEGIT","पुस्तक","book.png","buffalo.png","पुस्तक.mp3","पुस्तक"],["spelldoor","1","Description","कुत्रा","*त्रा","0","0","dog.png","कुत्रा.mp3"],["openwindow","1","Description","LEGIT","चंद्र","moon.png","truck.png","चंद्र.mp3","चंद्र"],["spelldoor","1","Description","चष्मा","*ष्मा","0","0","spectacles.png","चष्मा.mp3"],["openwindow","1","Description","LEGIT","छत्री","umbrella.png","book.png","छत्री.mp3","छत्री"],["spelldoor","1","Description","बॅट","*ट","0","0","bat.png","बॅट.mp3"],["quizliteracy","1","Description","image_word","म्हैस","म्हैस","चंद्र","छत्री","buffalo.png"],["quizliteracy","1","Description","image_word","चंद्र","छत्री","म्हैस","चंद्र","moon.png"],["quizliteracy","1","Description","image_word","छत्री","चंद्र","छत्री","म्हैस","umbrella.png"]]}]],0,0,[],[],[]],[["0,9729,9729,33071,33071,0,0,1",-1],[0],0,[],[],[]],[[[0,"कुत्रा",".mp3",0.757551],-1],0,0,[],[],[]]]]