[1,["2fkZY2gBlK2KDwygmtvl8u","dcET3XRGVLg4Onb53PXwy+","2bbMmpsuVKN77kj5fwbQf9","8ftqwAbj5F96SBq8q+lGk+"],["_textureSetter"],["cc.SpriteFrame","cc.Texture2D",["cc.AudioClip",["_name","_native","duration"],0],["cc.JsonAsset",["_name","json"],1]],[[2,0,1,2,4],[3,0,1,3]],[[[[0,"हलका",".mp3",2.56],-1],0,0,[],[],[]],[[[0,"दिल",".mp3",0.522449],-1],0,0,[],[],[]],[[{"name":"image_17_1","rect":[0,0,845,695],"offset":[0,0],"originalSize":[845,695],"capInsets":[0,0,0,0]}],[0],0,[0],[0],[0]],[[[0,"वर्ग",".mp3",0.574694],-1],0,0,[],[],[]],[[[1,"hi1409",{"rows":[["tag","1","Description","image_17_1.jpg","आकार","1137.-1516","आकार.mp3","वृत्त","758.-1242","वृत्त.mp3","त्रिकोण","1194.-899","त्रिकोण.mp3","दिल","883.-1072","दिल.mp3","वर्ग","612.-627","वर्ग.mp3"],["tag","1","Description","image_17_2.jpg","आकार","721.-1539","आकार.mp3","हीरा","1267.-1163","हीरा.mp3","तारा","853.-452","तारा.mp3","अंडाकार","826.-899","अंडाकार.mp3","आयत","367.-1116","आयत.mp3"],["tag","1","Description","image_17_3.jpg","बिल्ली ","708.-1508","बिल्ली.mp3","बड़ा ","882.-860","बडा.mp3","छोटा","1155.-494","छोटा.mp3","धारियों","322.-1245","धारियों.mp3","स्पॉट","361.-567","स्पॉट.mp3"],["tag","1","Description","image_17_4.jpg","विलोम","700.-1533","विलोम.mp3","लंबा","1316.-952","लंबा.mp3","नाटा","1313.-482","नाटा.mp3","भारी","267.-1137","भारी.mp3","हलका","1215.-1311","हलका.mp3","समान","440.-831","समान.mp3","विभिन्न","726.-482","विभिन्न.mp3"],["quizliteracy","1","Description","sentence_sentence","फल","फल","वह","तू","","संज्ञा शब्द चुनें","संज्ञा_शब्द_चुनें.mp3"],["quizliteracy","1","Description","sentence_sentence","पपीता","पपीता","मैंने","आप","","संज्ञा शब्द चुनें","संज्ञा_शब्द_चुनें.mp3"],["quizliteracy","1","Description","sentence_sentence","मछली","वह","मछली","बंसी","","संज्ञा शब्द चुनें","संज्ञा_शब्द_चुनें.mp3"],["quizliteracy","1","Description","sentence_sentence","त्रिकोण","उसे","क्या","त्रिकोण","","संज्ञा शब्द चुनें","संज्ञा_शब्द_चुनें.mp3"]]}]],0,0,[],[],[]],[[[0,"भारी",".mp3",0.835918],-1],0,0,[],[],[]],[[[0,"संज्ञा_शब्द_चुनें",".mp3",2.592],-1],0,0,[],[],[]],[["1,9729,9729,33071,33071,0,0,1",-1],[1],0,[],[],[]],[["1,9729,9729,33071,33071,0,0,1",-1],[1],0,[],[],[]],[[[0,"विभिन्न",".mp3",0.862041],-1],0,0,[],[],[]],[[[0,"हीरा",".mp3",0.757551],-1],0,0,[],[],[]],[[[0,"आकार",".mp3",0.757551],-1],0,0,[],[],[]],[[[0,"छोटा",".mp3",0.757551],-1],0,0,[],[],[]],[[[0,"वृत्त",".mp3",0.548571],-1],0,0,[],[],[]],[[[0,"विलोम",".mp3",0.783673],-1],0,0,[],[],[]],[[[0,"लंबा",".mp3",0.757551],-1],0,0,[],[],[]],[[{"name":"image_17_2","rect":[0,0,845,695],"offset":[0,0],"originalSize":[845,695],"capInsets":[0,0,0,0]}],[0],0,[0],[0],[1]],[[[0,"नाटा",".mp3",0.757551],-1],0,0,[],[],[]],[["1,9729,9729,33071,33071,0,0,1",-1],[1],0,[],[],[]],[[[0,"धारियों",".mp3",0.862041],-1],0,0,[],[],[]],[[[0,"बिल्ली",".mp3",0.862041],-1],0,0,[],[],[]],[[[0,"त्रिकोण",".mp3",0.731429],-1],0,0,[],[],[]],[[[0,"स्पॉट",".mp3",0.783673],-1],0,0,[],[],[]],[[[0,"तारा",".mp3",0.653061],-1],0,0,[],[],[]],[[[0,"समान",".mp3",0.809796],-1],0,0,[],[],[]],[[{"name":"image_17_3","rect":[0,0,845,695],"offset":[0,0],"originalSize":[845,695],"capInsets":[0,0,0,0]}],[0],0,[0],[0],[2]],[[{"name":"image_17_4","rect":[0,0,845,695],"offset":[0,0],"originalSize":[845,695],"capInsets":[0,0,0,0]}],[0],0,[0],[0],[3]],[["1,9729,9729,33071,33071,0,0,1",-1],[1],0,[],[],[]],[[[0,"आयत",".mp3",0.679184],-1],0,0,[],[],[]],[[[0,"बडा",".mp3",0.626939],-1],0,0,[],[],[]],[[[0,"अंडाकार",".mp3",1.018776],-1],0,0,[],[],[]]]]