[1,["31conyhRpF16EFmQJ3sORK","cd4qS20WdO7qdlHroQ+t6A","76BPZ588FKZLN41mTSPcLE"],["_textureSetter"],["cc.SpriteFrame","cc.Texture2D",["cc.AudioClip",["_name","_native","duration"],0],["cc.JsonAsset",["_name","json"],1]],[[2,0,1,2,4],[3,0,1,3]],[[[{"name":"van","rect":[0,0,500,331],"offset":[0,0],"originalSize":[500,331],"capInsets":[0,0,0,0]}],[0],0,[0],[0],[0]],[[{"name":"vest","rect":[0,0,400,333],"offset":[0,0],"originalSize":[400,333],"capInsets":[0,0,0,0]}],[0],0,[0],[0],[1]],[[[0,"v",".mp3",0.96],-1],0,0,[],[],[]],[[[0,"van",".mp3",1.032],-1],0,0,[],[],[]],[["0,9729,9729,33071,33071,0,0,1",-1],[1],0,[],[],[]],[[[0,"vase",".mp3",1.128],-1],0,0,[],[],[]],[[[0,"vest",".mp3",1.128],-1],0,0,[],[],[]],[["0,9729,9729,33071,33071,0,0,1",-1],[1],0,[],[],[]],[[{"name":"vase","rect":[0,0,400,333],"offset":[0,0],"originalSize":[400,333],"capInsets":[0,0,0,0]}],[0],0,[0],[0],[2]],[["0,9729,9729,33071,33071,0,0,1",-1],[1],0,[],[],[]],[[[1,"en0302",{"rows":[["balloonpop","1","Description","2","v","5","v,u,s","v.mp3"],["writeletter","1","Description","v","-"],["writecard","1","Description","v","van","van.png","van.mp3","vase","vase.png","vase.mp3","vest","vest.png","vest.mp3"],["quizliteracy","1","Description","soundonly_word","v","u","y","v","","","v.mp3"],["quizliteracy","1","Description","word_word","v","v","r","u","","v"],["quizliteracy","1","Description","soundonly_word","v","v","f","z","","","v.mp3"]]}]],0,0,[],[],[]]]]