[1,["79zCQAE3pGU4fOb8m4lZfg","93aD8ZiK1LlagPyjT707+g","63nnydValG7bIeSgvzByZH","c5X1v7P5pDjrkt7mXF8GJ7","67HMAhdtNAKoDhTObApQBV","6dJWUzcuRDqpBgxaeNnB1R","1f45ldw6NIqZbZCGmEc1HZ","efNxtdieBBn5LDvHBJkeeL","d2rpUPsj9BjYwHDlYDDOdA"],["_textureSetter"],["cc.SpriteFrame","cc.Texture2D",["cc.AudioClip",["_name","_native","duration"],0],["cc.JsonAsset",["_name","json"],1]],[[2,0,1,2,4],[3,0,1,3]],[[[{"name":"donkey","rect":[0,0,512,386],"offset":[0,0],"originalSize":[512,386],"capInsets":[0,0,0,0]}],[0],0,[0],[0],[0]],[["0,9729,9729,33071,33071,0,0,1",-1],[1],0,[],[],[]],[[[0,"donkey",".mp3",1.128],-1],0,0,[],[],[]],[[{"name":"cow","rect":[0,0,512,512],"offset":[0,0],"originalSize":[512,512],"capInsets":[0,0,0,0]}],[0],0,[0],[0],[1]],[[{"name":"goat","rect":[0,0,456,512],"offset":[0,0],"originalSize":[456,512],"capInsets":[0,0,0,0]}],[0],0,[0],[0],[2]],[[[0,"pig",".mp3",0.768],-1],0,0,[],[],[]],[["0,9729,9729,33071,33071,0,0,1",-1],[1],0,[],[],[]],[["0,9729,9729,33071,33071,0,0,1",-1],[1],0,[],[],[]],[[[0,"goat",".mp3",0.936],-1],0,0,[],[],[]],[["0,9729,9729,33071,33071,0,0,1",-1],[1],0,[],[],[]],[[[0,"sheep",".mp3",0.984],-1],0,0,[],[],[]],[["0,9729,9729,33071,33071,0,0,1",-1],[1],0,[],[],[]],[[[0,"horse",".mp3",0.984],-1],0,0,[],[],[]],[["0,9729,9729,33071,33071,0,0,1",-1],[1],0,[],[],[]],[[{"name":"bat","rect":[0,0,512,435],"offset":[0,0],"originalSize":[512,435],"capInsets":[0,0,0,0]}],[0],0,[0],[0],[3]],[[{"name":"horse","rect":[0,0,512,467],"offset":[0,0],"originalSize":[512,467],"capInsets":[0,0,0,0]}],[0],0,[0],[0],[4]],[[{"name":"turkey","rect":[0,0,596,600],"offset":[0,0],"originalSize":[596,600],"capInsets":[0,0,0,0]}],[0],0,[0],[0],[5]],[[[0,"cow",".mp3",0.792],-1],0,0,[],[],[]],[[[1,"en1915",{"rows":[["openwindow","1","Description","LEGIT","cow","cow.png","bat.png","cow.mp3","abcdefghijklmnopqrstuvwxyz"],["openwindow","1","Description","LEGIT","pig","pig.png","horse.png","pig.mp3","abcdefghijklmnopqrstuvwxyz"],["openwindow","1","Description","LEGIT","hen","hen.png","goat.png","hen.mp3","abcdefghijklmnopqrstuvwxyz"],["openwindow","1","Description","LEGIT","horse","horse.png","cow.png","horse.mp3","abcdefghijklmnopqrstuvwxyz"],["openwindow","1","Description","LEGIT","sheep","sheep.png","donkey.png","sheep.mp3","abcdefghijklmnopqrstuvwxyz"],["openwindow","1","Description","LEGIT","goat","goat.png","hen.png","goat.mp3","abcdefghijklmnopqrstuvwxyz"],["openwindow","1","Description","LEGIT","donkey","donkey.png","turkey.png","donkey.mp3","abcdefghijklmnopqrstuvwxyz"],["openwindow","1","Description","LEGIT","turkey","turkey.png","sheep.png","turkey.mp3","abcdefghijklmnopqrstuvwxyz"],["quizliteracy","1","Description","image_sentence","pig","cow","hen","pig","pig.png","","pig.mp3"],["quizliteracy","1","Description","soundonly_image","sheep.png","cow.png","sheep.png","horse.png","","","sheep.mp3"],["quizliteracy","1","Description","image_sentence","turkey","turkey","cow","sheep","turkey.png","","turkey.mp3"]]}]],0,0,[],[],[]],[["0,9729,9729,33071,33071,0,0,1",-1],[1],0,[],[],[]],[["0,9729,9729,33071,33071,0,0,1",-1],[1],0,[],[],[]],[[[0,"hen",".mp3",0.84],-1],0,0,[],[],[]],[[{"name":"pig","rect":[0,0,512,390],"offset":[0,0],"originalSize":[512,390],"capInsets":[0,0,0,0]}],[0],0,[0],[0],[6]],[[[0,"turkey",".mp3",1.008],-1],0,0,[],[],[]],[[{"name":"sheep","rect":[0,0,502,512],"offset":[0,0],"originalSize":[502,512],"capInsets":[0,0,0,0]}],[0],0,[0],[0],[7]],[["0,9729,9729,33071,33071,0,0,1",-1],[1],0,[],[],[]],[[{"name":"hen","rect":[0,0,512,491],"offset":[0,0],"originalSize":[512,491],"capInsets":[0,0,0,0]}],[0],0,[0],[0],[8]]]]