[1,["65bCVTrNBAnbVBA8K324RO","c91Qsktu5J6aZcOLGIZdjV","04KMq0NAdOKJ68Qepj92Q7"],["_textureSetter"],["cc.Texture2D","cc.SpriteFrame",["cc.AudioClip",["_name","_native","duration"],0],["cc.JsonAsset",["_name","json"],1]],[[2,0,1,2,4],[3,0,1,3]],[[["0,9729,9729,33071,33071,0,0,1",-1],[0],0,[],[],[]],[[[0,"ईख",".mp3",0.574694],-1],0,0,[],[],[]],[[[0,"ई",".mp3",0.49625],-1],0,0,[],[],[]],[[[1,"hi0003",{"rows":[["phonictractor","1","Description","5","ई","ई.mp3","ई","ई.mp3"],["writeletter","1","Description","ई","ईख"],["writecard","1","Description","ई","ईख","ईख.png","ईख.mp3","ईंट","ईंट.png","ईंट.mp3","ईद","ईद.png","ईद.mp3"],["quizliteracy","1","Description","soundonly_word","ई","आ","उ ","ई","","","ई.mp3"],["quizliteracy","1","Description","word_word","ई","उ ","ई","आ","","ई"],["quizliteracy","1","Description","soundonly_word","ई","ई","आ","उ ","","","ई.mp3"]]}]],0,0,[],[],[]],[["0,9729,9729,33071,33071,0,0,1",-1],[0],0,[],[],[]],[[{"name":"ईख","rect":[0,0,400,333],"offset":[0,0],"originalSize":[400,333],"capInsets":[0,0,0,0]}],[1],0,[0],[0],[0]],[["0,9729,9729,33071,33071,0,0,1",-1],[0],0,[],[],[]],[[{"name":"ईद","rect":[0,0,400,333],"offset":[0,0],"originalSize":[400,333],"capInsets":[0,0,0,0]}],[1],0,[0],[0],[1]],[[{"name":"ईंट","rect":[0,0,400,333],"offset":[0,0],"originalSize":[400,333],"capInsets":[0,0,0,0]}],[1],0,[0],[0],[2]],[[[0,"ईद",".mp3",0.548571],-1],0,0,[],[],[]],[[[0,"ईंट",".mp3",0.574694],-1],0,0,[],[],[]]]]