[1,["76xw5pOVJIALWOG2Vx8kiO","2bz6wnCWJCNKvdEKouyZZ3","fcKpdIbbFPyY0kudRl8B6R","496jz5EXxCfJN4uBd6VPca","cbDZuCkBhPCZIXjbgIiozm","2dJSf0jbtBP4hDSsdezL7c","732x3MEVhMgZT+Xwf8H6yM","0dgBfC9GdHJYSfEEilIK9u","795Igofl9MTbdYhOmCq/nC","92ONqu1tZFUKPldlvW1bvT","21Gf2UXchLN4BF8lR5ZuGq","96i8UIuVFPEqh05g6JvjdA","ac9vgDv/RLUaznRHf+DLxF","20+p6RxwtN/qwcQn0LHZ/Z","366stEnalIxbxEI7WJBR4B","28tIP8YhBC+J8S37RVuMOP","30UFIyF9VFD5BGsmeTedu4","e1cb5QhgtK/LhiXXcsfZrO","96a2LicSFH1qwl3iMYDsmn","bfjqsOkQdH7KxNJ6NcRVww","40DTxQFjBKeLoy794Y1h96","0cT7d/J5RNyI9Rsqwx/ole","c3KpJMNARNoIc92w0xSJNx","94cCHihDFD9pLMAx8kZo4D"],["_textureSetter"],["cc.SpriteFrame","cc.Texture2D",["cc.JsonAsset",["_name","json"],1]],[[2,0,1,3]],[[[{"name":"plant4","rect":[20,30,136,156],"offset":[4,4],"originalSize":[168,224],"capInsets":[0,0,0,0]}],[0],0,[0],[0],[0]],[[{"name":"cup3","rect":[27,38,110,156],"offset":[-2,-4],"originalSize":[168,224],"capInsets":[0,0,0,0]}],[0],0,[0],[0],[1]],[["0,9729,9729,33071,33071,0,0,1",-1],[1],0,[],[],[]],[[{"name":"bicycle2","rect":[11,64,143,99],"offset":[-1.5,-1.5],"originalSize":[168,224],"capInsets":[0,0,0,0]}],[0],0,[0],[0],[2]],[["0,9729,9729,33071,33071,0,0,1",-1],[1],0,[],[],[]],[["0,9729,9729,33071,33071,0,0,1",-1],[1],0,[],[],[]],[["0,9729,9729,33071,33071,0,0,1",-1],[1],0,[],[],[]],[[{"name":"icecream2","rect":[40,27,87,171],"offset":[-0.5,-0.5],"originalSize":[168,224],"capInsets":[0,0,0,0]}],[0],0,[0],[0],[3]],[["0,9729,9729,33071,33071,0,0,1",-1],[1],0,[],[],[]],[["0,9729,9729,33071,33071,0,0,1",-1],[1],0,[],[],[]],[["0,9729,9729,33071,33071,0,0,1",-1],[1],0,[],[],[]],[["0,9729,9729,33071,33071,0,0,1",-1],[1],0,[],[],[]],[[{"name":"bicycle3","rect":[11,69,143,94],"offset":[-1.5,-4],"originalSize":[168,224],"capInsets":[0,0,0,0]}],[0],0,[0],[0],[4]],[["0,9729,9729,33071,33071,0,0,1",-1],[1],0,[],[],[]],[[{"name":"plant3","rect":[20,30,136,156],"offset":[4,4],"originalSize":[168,224],"capInsets":[0,0,0,0]}],[0],0,[0],[0],[5]],[["0,9729,9729,33071,33071,0,0,1",-1],[1],0,[],[],[]],[[{"name":"bicycle4","rect":[11,69,143,94],"offset":[-1.5,-4],"originalSize":[168,224],"capInsets":[0,0,0,0]}],[0],0,[0],[0],[6]],[["0,9729,9729,33071,33071,0,0,1",-1],[1],0,[],[],[]],[[{"name":"bus4","rect":[12,86,142,57],"offset":[-1,-2.5],"originalSize":[168,224],"capInsets":[0,0,0,0]}],[0],0,[0],[0],[7]],[[{"name":"cup4","rect":[27,32,110,162],"offset":[-2,-1],"originalSize":[168,224],"capInsets":[0,0,0,0]}],[0],0,[0],[0],[8]],[["0,9729,9729,33071,33071,0,0,1",-1],[1],0,[],[],[]],[[{"name":"plant2","rect":[20,19,136,167],"offset":[4,9.5],"originalSize":[168,224],"capInsets":[0,0,0,0]}],[0],0,[0],[0],[9]],[["0,9729,9729,33071,33071,0,0,1",-1],[1],0,[],[],[]],[[{"name":"cup1","rect":[27,38,110,156],"offset":[-2,-4],"originalSize":[168,224],"capInsets":[0,0,0,0]}],[0],0,[0],[0],[10]],[["0,9729,9729,33071,33071,0,0,1",-1],[1],0,[],[],[]],[[{"name":"plant1","rect":[20,30,136,156],"offset":[4,4],"originalSize":[168,224],"capInsets":[0,0,0,0]}],[0],0,[0],[0],[11]],[[{"name":"shell3","rect":[14,40,138,140],"offset":[-1,2],"originalSize":[168,224],"capInsets":[0,0,0,0]}],[0],0,[0],[0],[12]],[[{"name":"bus3","rect":[12,86,142,57],"offset":[-1,-2.5],"originalSize":[168,224],"capInsets":[0,0,0,0]}],[0],0,[0],[0],[13]],[["0,9729,9729,33071,33071,0,0,1",-1],[1],0,[],[],[]],[["0,9729,9729,33071,33071,0,0,1",-1],[1],0,[],[],[]],[["0,9729,9729,33071,33071,0,0,1",-1],[1],0,[],[],[]],[["0,9729,9729,33071,33071,0,0,1",-1],[1],0,[],[],[]],[[{"name":"icecream1","rect":[40,37,87,161],"offset":[-0.5,-5.5],"originalSize":[168,224],"capInsets":[0,0,0,0]}],[0],0,[0],[0],[14]],[[[0,"matchingcard0007",{"rows":[["matchingcard","1","Description","4","bicycle4.png","bicycle2.png","bicycle1.png","bicycle3.png",""],["matchingcard","1","Description","4","bus3.png","bus1.png","bus4.png","bus2.png",""],["matchingcard","1","Description","4","cup1.png","cup2.png","cup3.png","cup4.png",""],["matchingcard","1","Description","4","icecream4.png","icecream3.png","icecream1.png","icecream2.png",""],["matchingcard","1","Description","4","plant2.png","plant1.png","plant3.png","plant4.png",""],["matchingcard","1","Description","4","shell3.png","shell4.png","shell1.png","shell2.png",""]]}]],0,0,[],[],[]],[[{"name":"bicycle1","rect":[11,69,143,94],"offset":[-1.5,-4],"originalSize":[168,224],"capInsets":[0,0,0,0]}],[0],0,[0],[0],[15]],[["0,9729,9729,33071,33071,0,0,1",-1],[1],0,[],[],[]],[[{"name":"shell4","rect":[14,40,138,140],"offset":[-1,2],"originalSize":[168,224],"capInsets":[0,0,0,0]}],[0],0,[0],[0],[16]],[[{"name":"shell1","rect":[14,40,138,140],"offset":[-1,2],"originalSize":[168,224],"capInsets":[0,0,0,0]}],[0],0,[0],[0],[17]],[[{"name":"icecream3","rect":[40,37,87,161],"offset":[-0.5,-5.5],"originalSize":[168,224],"capInsets":[0,0,0,0]}],[0],0,[0],[0],[18]],[["0,9729,9729,33071,33071,0,0,1",-1],[1],0,[],[],[]],[["0,9729,9729,33071,33071,0,0,1",-1],[1],0,[],[],[]],[["0,9729,9729,33071,33071,0,0,1",-1],[1],0,[],[],[]],[[[0,"matchingcard0008",{"rows":[["matchingcard","1","Description","4","bicycle4.png","bicycle2.png","bicycle1.png","bicycle3.png",""],["matchingcard","1","Description","4","bus3.png","bus1.png","bus4.png","bus2.png",""],["matchingcard","1","Description","4","cup1.png","cup2.png","cup3.png","cup4.png",""],["matchingcard","1","Description","4","icecream4.png","icecream3.png","icecream1.png","icecream2.png",""],["matchingcard","1","Description","4","plant2.png","plant1.png","plant3.png","plant4.png",""],["matchingcard","1","Description","4","shell3.png","shell4.png","shell1.png","shell2.png",""]]}]],0,0,[],[],[]],[[{"name":"bus1","rect":[12,86,140,57],"offset":[-2,-2.5],"originalSize":[168,224],"capInsets":[0,0,0,0]}],[0],0,[0],[0],[19]],[["0,9729,9729,33071,33071,0,0,1",-1],[1],0,[],[],[]],[[{"name":"icecream4","rect":[40,37,87,161],"offset":[-0.5,-5.5],"originalSize":[168,224],"capInsets":[0,0,0,0]}],[0],0,[0],[0],[20]],[[{"name":"shell2","rect":[14,40,138,140],"offset":[-1,2],"originalSize":[168,224],"capInsets":[0,0,0,0]}],[0],0,[0],[0],[21]],[["0,9729,9729,33071,33071,0,0,1",-1],[1],0,[],[],[]],[[{"name":"bus2","rect":[12,86,139,57],"offset":[-2.5,-2.5],"originalSize":[168,224],"capInsets":[0,0,0,0]}],[0],0,[0],[0],[22]],[[{"name":"cup2","rect":[24,38,113,156],"offset":[-3.5,-4],"originalSize":[168,224],"capInsets":[0,0,0,0]}],[0],0,[0],[0],[23]]]]