[1,["66XHSED5lBsaVgP16kE1Jr"],["_textureSetter"],["cc.Texture2D","cc.SpriteFrame",["cc.AudioClip",["_name","_native","duration"],0],["cc.JsonAsset",["_name","json"],1]],[[2,0,1,2,4],[3,0,1,3]],[[[[0,"cheese",".mp3",0.96],-1],0,0,[],[],[]],[[[0,"hint",".mp3",0.912],-1],0,0,[],[],[]],[[[0,"chap",".mp3",0.864],-1],0,0,[],[],[]],[["0,9729,9729,33071,33071,0,0,1",-1],[0],0,[],[],[]],[[[0,"meat",".mp3",0.888],-1],0,0,[],[],[]],[[{"name":"spelling_meat","rect":[0,0,370,273],"offset":[0,0],"originalSize":[370,273],"capInsets":[0,0,0,0]}],[1],0,[0],[0],[0]],[[[0,"teat",".mp3",0.84],-1],0,0,[],[],[]],[[[0,"geese",".mp3",1.008],-1],0,0,[],[],[]],[[[0,"mint",".mp3",0.912],-1],0,0,[],[],[]],[[[0,"gap",".mp3",0.888],-1],0,0,[],[],[]],[[[0,"hall",".mp3",0.816],-1],0,0,[],[],[]],[[[0,"tint",".mp3",0.888],-1],0,0,[],[],[]],[[[0,"tall",".mp3",0.768],-1],0,0,[],[],[]],[[[1,"en1203",{"rows":[["grid","1","Description","ch,g","ap,ain,eese"],["grid","1","Description","m,h,t","int,eat,all"],["spelldoor","1","Description","meat","*eat","2","0","spelling_meat.png","meat.mp3"],["quizliteracy","1","Description","word_word","eese","ait","oom","eese","","ch___"],["quizliteracy","1","Description","word_word","eat","ark","int","eat","","m___","meat.mp3"],["quizliteracy","1","Description","word_word","eat","eat","ark","ust","","h___"]]}]],0,0,[],[],[]],[[[0,"gain",".mp3",0.888],-1],0,0,[],[],[]],[[[0,"mall",".mp3",0.816],-1],0,0,[],[],[]],[[[0,"heat",".mp3",0.864],-1],0,0,[],[],[]],[[[0,"chain",".mp3",0.912],-1],0,0,[],[],[]]]]