[1,["20Ch8woOBGLZF4IS+CkoES","e31cmicE9M4bd3ME0hSdAh","f52QLmivxFdJ8qOtUjWigJ","44k4NURcBPzpRpaga/A3Cb","6e0oNxAZhB0bKipZgEJgLl","b4C/hWCupOR525Bhh6E59Q","9cVkyff0xAuJmupQ8sYtnS"],["_textureSetter"],["cc.SpriteFrame","cc.Texture2D",["cc.AudioClip",["_name","_native","duration"],0],["cc.JsonAsset",["_name","json"],1]],[[2,0,1,2,4],[3,0,1,3]],[[[{"name":"hen in farm","rect":[0,0,500,332],"offset":[0,0],"originalSize":[500,332],"capInsets":[0,0,0,0]}],[0],0,[0],[0],[0]],[[{"name":"hen and chicks","rect":[0,0,500,286],"offset":[0,0],"originalSize":[500,286],"capInsets":[0,0,0,0]}],[0],0,[0],[0],[1]],[[[0,"ಹಳ್ಳಿಯ ಹೆಸರು ಮಲ್ಲಿಗೆ ಹಳ್ಳಿ",".mp3",1.944],-1],0,0,[],[],[]],[["0,9729,9729,33071,33071,0,0,1",-1],[1],0,[],[],[]],[[{"name":"village","rect":[0,0,500,332],"offset":[0,0],"originalSize":[500,332],"capInsets":[0,0,0,0]}],[0],0,[0],[0],[2]],[[[0,"ಕೋಳಿಗೆ ಅಯ್ಯೋ ಪಾಪ ಅನಿಸಿತು",".mp3",2.04],-1],0,0,[],[],[]],[["0,9729,9729,33071,33071,0,0,1",-1],[1],0,[],[],[]],[[{"name":"hen_bird","rect":[0,0,500,286],"offset":[0,0],"originalSize":[500,286],"capInsets":[0,0,0,0]}],[0],0,[0],[0],[3]],[[[0,"ಕೋಳಿಯು ತೋಟದಲ್ಲಿ ವಾಸವಾಗಿತ್ತು",".mp3",2.208],-1],0,0,[],[],[]],[[[0,"ರಾಗಿಯ ಪೈರಿನಲ್ಲಿ ತೆನೆಗಳು ಬಿಟ್ಟವು",".mp3",2.328],-1],0,0,[],[],[]],[[[0,"ಕೋಳಿಯು ತನ್ನ ಮರಿಗಳನ್ನು ಕೂಡಿಕೊಂಡು ರಾಗಿಯ ತೆನೆಗಳನ್ನು ಕೊಯ್ದಿತು",".mp3",3.864],-1],0,0,[],[],[]],[["0,9729,9729,33071,33071,0,0,1",-1],[1],0,[],[],[]],[[[1,"kn3005",{"rows":[["createsentence","1","Description","ಹಳ್ಳಿಯ/ಹೆಸರು/ಮಲ್ಲಿಗೆ/ಹಳ್ಳಿ","","village.png","ಹಳ್ಳಿಯ ಹೆಸರು ಮಲ್ಲಿಗೆ ಹಳ್ಳಿ.mp3"],["createsentence","1","Description","ಕೋಳಿಯು/ತೋಟದಲ್ಲಿ/ವಾಸವಾಗಿತ್ತು","","hen in farm.png","ಕೋಳಿಯು ತೋಟದಲ್ಲಿ ವಾಸವಾಗಿತ್ತು.mp3"],["createsentence","1","Description","ಕೋಳಿಯು/ರಾಗಿಯ/ಕಾಳನ್ನು/ಬಿತ್ತಲು/ಗುಬಚ್ಚಿಯ/ಸಹಾಯ/ಕೇಳಿತು","","hen_bird.png","ಕೋಳಿಯು ರಾಗಿಯ ಕಾಳನ್ನು ಬಿತ್ತಲು ಗುಬಚ್ಚಿಯ ಸಹಾಯ ಕೇಳಿತು.mp3"],["createsentence","1","Description","ರಾಗಿಯ/ಪೈರಿನಲ್ಲಿ/ತೆನೆಗಳು/ಬಿಟ್ಟವು","","ragi field.png","ರಾಗಿಯ ಪೈರಿನಲ್ಲಿ ತೆನೆಗಳು ಬಿಟ್ಟವು.mp3"],["createsentence","1","Description","ಕೋಳಿಯು/ತನ್ನ/ಮರಿಗಳನ್ನು/ಕೂಡಿಕೊಂಡು/ರಾಗಿಯ/ತೆನೆಗಳನ್ನು/ಕೊಯ್ದಿತು","","hen and chicks.png","ಕೋಳಿಯು ತನ್ನ ಮರಿಗಳನ್ನು ಕೂಡಿಕೊಂಡು ರಾಗಿಯ ತೆನೆಗಳನ್ನು ಕೊಯ್ದಿತು.mp3"],["createsentence","1","Description","ಗುಬ್ಬಚ್ಚಿ/ಮತ್ತು/ಪಾರಿವಾಳಗಳಿಗೆ/ತಮ್ಮ/ತಪ್ಪು/ತಿಳಿಯಿತು","","pigeon and bird.png","ಗುಬ್ಬಚ್ಚಿ ಮತ್ತು ಪಾರಿವಾಳಗಳಿಗೆ ತಮ್ಮ ತಪ್ಪು ತಿಳಿಯಿತು.mp3"],["createsentence","1","Description","ಕೋಳಿಗೆ/ಅಯ್ಯೋ/ಪಾಪ/ಅನಿಸಿತು","","hen.png","ಕೋಳಿಗೆ ಅಯ್ಯೋ ಪಾಪ ಅನಿಸಿತು.mp3"],["quizliteracy","1","Description","image_sentence","ಕೋಳಿಯು ತೋಟದಲ್ಲಿ ವಾಸವಾಗಿತ್ತು","ಹಳ್ಳಿಯ ಹೆಸರು ಮಲ್ಲಿಗೆ ಹಳ್ಳಿ","ಕೋಳಿಯು ತೋಟದಲ್ಲಿ ವಾಸವಾಗಿತ್ತು","ರಾಗಿಯ ಪೈರಿನಲ್ಲಿ ತೆನೆಗಳು ಬಿಟ್ಟವು","hen in farm.png","","ಕೋಳಿಯು ತೋಟದಲ್ಲಿ ವಾಸವಾಗಿತ್ತು.mp3"],["quizliteracy","1","Description","sentence_sentence","ಕೋಳಿಯು ರಾಗಿಯ ಕಾಳನ್ನು ಬಿತ್ತಲು ಗುಬಚ್ಚಿಯ ಸಹಾಯ ಕೇಳಿತು","ಕೋಳಿಯು ರಾಗಿಯ ಕಾಳನ್ನು ಬಿತ್ತಲು ಗುಬಚ್ಚಿಯ ಸಹಾಯ ಕೇಳಿತು","ಗುಬಚ್ಚಿಯ ಬಿತ್ತಲು ಕಾಳನ್ನು ಕೋಳಿಯು ರಾಗಿಯ ಸಹಾಯ ಕೇಳಿತು","ಸಹಾಯ ಬಿತ್ತಲು ಕಾಳನ್ನು ಕೋಳಿಯು ರಾಗಿಯ ಗುಬಚ್ಚಿಯ ಕೇಳಿತು","","ಸರಿಯಾದದನ್ನು ಆರಿಸಿ","ಕೋಳಿಯು ರಾಗಿಯ ಕಾಳನ್ನು ಬಿತ್ತಲು ಗುಬಚ್ಚಿಯ ಸಹಾಯ ಕೇಳಿತು.mp3"],["quizliteracy","1","Description","soundonly_sentence","ಕೋಳಿಗೆ ಅಯ್ಯೋ ಪಾಪ ಅನಿಸಿತು","ಕೋಳಿಯು ತನ್ನ ಮರಿಗಳನ್ನು ಕೂಡಿಕೊಂಡು ರಾಗಿಯ ತೆನೆಗಳನ್ನು ಕೊಯ್ದಿತು","ಗುಬ್ಬಚ್ಚಿ ಮತ್ತು ಪಾರಿವಾಳಗಳಿಗೆ ತಮ್ಮ ತಪ್ಪು ತಿಳಿಯಿತು","ಕೋಳಿಗೆ ಅಯ್ಯೋ ಪಾಪ ಅನಿಸಿತು","","","ಕೋಳಿಗೆ ಅಯ್ಯೋ ಪಾಪ ಅನಿಸಿತು.mp3"]]}]],0,0,[],[],[]],[["0,9729,9729,33071,33071,0,0,1",-1],[1],0,[],[],[]],[[[0,"ಗುಬ್ಬಚ್ಚಿ ಮತ್ತು ಪಾರಿವಾಳಗಳಿಗೆ ತಮ್ಮ ತಪ್ಪು ತಿಳಿಯಿತು",".mp3",3.408],-1],0,0,[],[],[]],[[[0,"ಕೋಳಿಯು ರಾಗಿಯ ಕಾಳನ್ನು ಬಿತ್ತಲು ಗುಬಚ್ಚಿಯ ಸಹಾಯ ಕೇಳಿತು",".mp3",3.648],-1],0,0,[],[],[]],[[{"name":"ragi field","rect":[0,0,500,359],"offset":[0,0],"originalSize":[500,359],"capInsets":[0,0,0,0]}],[0],0,[0],[0],[4]],[["0,9729,9729,33071,33071,0,0,1",-1],[1],0,[],[],[]],[[{"name":"pigeon and bird","rect":[0,0,500,281],"offset":[0,0],"originalSize":[500,281],"capInsets":[0,0,0,0]}],[0],0,[0],[0],[5]],[[{"name":"hen","rect":[0,0,494,500],"offset":[0,0],"originalSize":[494,500],"capInsets":[0,0,0,0]}],[0],0,[0],[0],[6]],[["0,9729,9729,33071,33071,0,0,1",-1],[1],0,[],[],[]],[["0,9729,9729,33071,33071,0,0,1",-1],[1],0,[],[],[]]]]