[1,["b16E3iMX1LtaEYdLEOFV5h","12KHrY9AxMtpBC5HgpJMwf","73jvJo8+FGw7aCcqUJ5FOu","cfDEmKUHFBfpaR79Yqp6a7","32GAKO5jtGeYU8WDUcnk+1","bel0IdPj5Ex6UEsT5Nt7aR","f4MiNv6wNI/LM+ufSRzSHb","2cU/56EsRAnIhRve5CRuem"],["_textureSetter"],["cc.SpriteFrame","cc.Texture2D",["cc.AudioClip",["_name","_native","duration"],0],["cc.JsonAsset",["_name","json"],1]],[[2,0,1,2,4],[3,0,1,3]],[[[[0,"play_with_your_friends",".mp3",2.168163],-1],0,0,[],[],[]],[[{"name":"play_with_your_friends","rect":[0,0,256,171],"offset":[0,0],"originalSize":[256,171],"capInsets":[0,0,0,0]}],[0],0,[0],[0],[0]],[[[0,"wash_hands_legs_andface",".mp3",3.291429],-1],0,0,[],[],[]],[["0,9729,9729,33071,33071,0,0,1",-1],[1],0,[],[],[]],[["0,9729,9729,33071,33071,0,0,1",-1],[1],0,[],[],[]],[[[0,"learn_your_lessons",".mp3",1.802449],-1],0,0,[],[],[]],[["0,9729,9729,33071,33071,0,0,1",-1],[1],0,[],[],[]],[[{"name":"enjoy_your_leisure","rect":[0,0,256,236],"offset":[0,0],"originalSize":[256,236],"capInsets":[0,0,0,0]}],[0],0,[0],[0],[1]],[[{"name":"be_safe_on_road","rect":[0,0,256,256],"offset":[0,0],"originalSize":[256,256],"capInsets":[0,0,0,0]}],[0],0,[0],[0],[2]],[[[0,"eat_your_food_neatly",".mp3",1.619592],-1],0,0,[],[],[]],[["0,9729,9729,33071,33071,0,0,1",-1],[1],0,[],[],[]],[[{"name":"learn_your_lessons","rect":[0,0,512,406],"offset":[0,0],"originalSize":[512,406],"capInsets":[0,0,0,0]}],[0],0,[0],[0],[3]],[[[0,"talk_to_your_family",".mp3",1.985306],-1],0,0,[],[],[]],[[[0,"do_your_homework",".mp3",1.593469],-1],0,0,[],[],[]],[[{"name":"talk_to_your_family","rect":[0,0,256,256],"offset":[0,0],"originalSize":[256,256],"capInsets":[0,0,0,0]}],[0],0,[0],[0],[4]],[[{"name":"eat_your_food_neatly","rect":[0,0,256,230],"offset":[0,0],"originalSize":[256,230],"capInsets":[0,0,0,0]}],[0],0,[0],[0],[5]],[[[0,"enjoy_your_leisure",".mp3",1.750204],-1],0,0,[],[],[]],[[{"name":"do_your_homework","rect":[0,0,256,256],"offset":[0,0],"originalSize":[256,256],"capInsets":[0,0,0,0]}],[0],0,[0],[0],[6]],[["0,9729,9729,33071,33071,0,0,1",-1],[1],0,[],[],[]],[["0,9729,9729,33071,33071,0,0,1",-1],[1],0,[],[],[]],[[[1,"en2611",{"rows":[["createsentence","1","Description","Learn/your/lessons.","","learn_your_lessons.png","learn_your_lessons.mp3"],["createsentence","1","Description","Play/with/your/friends.","","play_with_your_friends.png","play_with_your_friends.mp3"],["createsentence","1","Description","Be/safe/on/road.","","be_safe_on_road.png","be_safe_on_road.mp3"],["createsentence","1","Description","Wash/hands/legs/andface.","","wash_hands_legs_andface.png","wash_hands_legs_andface.mp3"],["createsentence","1","Description","Eat/your/food/neatly.","","eat_your_food_neatly.png","eat_your_food_neatly.mp3"],["createsentence","1","Description","Do/your/homework.","","do_your_homework.png","do_your_homework.mp3"],["createsentence","1","Description","Enjoy/your/leisure.","","enjoy_your_leisure.png","enjoy_your_leisure.mp3"],["createsentence","1","Description","Talk/to/your/family.","","talk_to_your_family.png","talk_to_your_family.mp3"],["quizliteracy","1","Description","image_sentence","Learn your lessons","Wash hands, legs, and face.","Talk to your family","Learn your lessons","learn_your_lessons.png","","learn_your_lessons.mp3"],["quizliteracy","1","Description","image_sentence","Wash hands, legs, and face.","Talk to your family","Wash hands, legs, and face.","Eat your food neatly.","wash_hands_legs_andface.png","","wash_hands_legs_andface.mp3"],["quizliteracy","1","Description","image_sentence","Talk to your family","Learn your lessons","Talk to your family","Wash hands, legs, and face.","talk_to_your_family.png","","talk_to_your_family.mp3"]]}]],0,0,[],[],[]],[["0,9729,9729,33071,33071,0,0,1",-1],[1],0,[],[],[]],[[[0,"be_safe_on_road",".mp3",1.959184],-1],0,0,[],[],[]],[["0,9729,9729,33071,33071,0,0,1",-1],[1],0,[],[],[]],[[{"name":"wash_hands_legs_andface","rect":[0,0,256,256],"offset":[0,0],"originalSize":[256,256],"capInsets":[0,0,0,0]}],[0],0,[0],[0],[7]]]]