[1,["c9Rr+YFrZHC6NdKCkXOoiY","11MyAJzkZF0IDXATFW6zio","6dt+D9OXtPbb7gJcIfvE3d","dcXYpicqBCcre8ZYHIm/Q1","3eswi9OKdLWZJsjNpTfyLU","31yMIEkB9ENYnsa56fowWL","1fPoLiBbhPqKpiE+T9kpY7","95DDrFR8hFsZYay0fz/IzE","2e3+2+/uVAZYEksOJUHjEq","c4AwkUOMJCpaDuNGL56h2X","6aerjE+7BKgbwFolh1l38V","cdAGoFVw5Mr7G532qpkITA","70lvj3DktIBrcmnpEQRDLy","1eqZ3/EPVMGqFkWtF8Kntc","c90Lt1UxpPcIYLdosRwrti","a65QqCZqxGjJXYDC2iZrTe","42UvTmZwVCj7fLYanqY7qK","f2mzaPPGdARJrEngQL0TwT","fbvi5hU7dFd47aPDETvBUX","f6dLA9yfBC85f7tIOzHNH7","e1tWjNKzpB4pngCn2Lq8eP","8cF70opGlP0p9aO+xcuHVV","2dYpuB0M9A04hVM4fYwMWu","03ncarhJFASJEcJHUebV+E","ca9kgCVVtPkJeGcJknRTve","1291i4In9Cr6OKF6CCb+fu","76CSY7XGNBdbzwndbBDcET","e9uzUENWVGOI8+hcSAr+7W","07zQgnRA9LALlQCdRdACBI","6cyfiMHlJH5LP3k6bp0uZs","383odMsxVLYb5A5/2c4Kaa","210HttRLRP06TwzfJHO2K/","cfeFg97UhMYLdQCUXAaqFY","2bp8jf/PlDSalT2D0Muq49"],["_textureSetter"],["cc.SpriteFrame","cc.Texture2D",["cc.JsonAsset",["_name","json"],1]],[[2,0,1,3]],[[[{"name":"stars","rect":[0,0,694,500],"offset":[0,0],"originalSize":[694,500],"capInsets":[0,0,0,0]}],[0],0,[0],[0],[0]],[[{"name":"oxen","rect":[0,0,512,342],"offset":[0,0],"originalSize":[512,342],"capInsets":[0,0,0,0]}],[0],0,[0],[0],[1]],[[{"name":"pencils","rect":[0,0,493,512],"offset":[0,0],"originalSize":[493,512],"capInsets":[0,0,0,0]}],[0],0,[0],[0],[2]],[["0,9729,9729,33071,33071,0,0,1",-1],[1],0,[],[],[]],[[{"name":"elephants","rect":[0,0,512,277],"offset":[0,0],"originalSize":[512,277],"capInsets":[0,0,0,0]}],[0],0,[0],[0],[3]],[["0,9729,9729,33071,33071,0,0,1",-1],[1],0,[],[],[]],[[{"name":"man","rect":[0,0,1906,1366],"offset":[0,0],"originalSize":[1906,1366],"capInsets":[0,0,0,0]}],[0],0,[0],[0],[4]],[["0,9729,9729,33071,33071,0,0,1",-1],[1],0,[],[],[]],[["0,9729,9729,33071,33071,0,0,1",-1],[1],0,[],[],[]],[["0,9729,9729,33071,33071,0,0,1",-1],[1],0,[],[],[]],[["0,9729,9729,33071,33071,0,0,1",-1],[1],0,[],[],[]],[[{"name":"cat","rect":[0,0,1111,820],"offset":[0,0],"originalSize":[1111,820],"capInsets":[0,0,0,0]}],[0],0,[0],[0],[5]],[["0,9729,9729,33071,33071,0,0,1",-1],[1],0,[],[],[]],[[{"name":"baby","rect":[0,0,512,339],"offset":[0,0],"originalSize":[512,339],"capInsets":[0,0,0,0]}],[0],0,[0],[0],[6]],[["0,9729,9729,33071,33071,0,0,1",-1],[1],0,[],[],[]],[["0,9729,9729,33071,33071,0,0,1",-1],[1],0,[],[],[]],[["0,9729,9729,33071,33071,0,0,1",-1],[1],0,[],[],[]],[["0,9729,9729,33071,33071,0,0,1",-1],[1],0,[],[],[]],[[{"name":"leaves","rect":[0,0,512,357],"offset":[0,0],"originalSize":[512,357],"capInsets":[0,0,0,0]}],[0],0,[0],[0],[7]],[["0,9729,9729,33071,33071,0,0,1",-1],[1],0,[],[],[]],[["0,9729,9729,33071,33071,0,0,1",-1],[1],0,[],[],[]],[[{"name":"elephant","rect":[0,0,512,342],"offset":[0,0],"originalSize":[512,342],"capInsets":[0,0,0,0]}],[0],0,[0],[0],[8]],[["0,9729,9729,33071,33071,0,0,1",-1],[1],0,[],[],[]],[[{"name":"mouse","rect":[0,0,880,620],"offset":[0,0],"originalSize":[880,620],"capInsets":[0,0,0,0]}],[0],0,[0],[0],[9]],[[[0,"sl_en3202",{"rows":[["letterpair","1","Description","image","image","cat.png","cats.png","cat/cats.mp3","cow.png","cows.png","cow_cows.mp3","elephant.png","elephants.png","elephant_elphants.mp3","star.png","stars.png","star_stars.mp3","tooth.png","teeth.png","tooth_teeth.mp3","pencil.png","pencils.png","pencil_pencils.mp3"],["letterpair","1","Description","image","image","man.png","men.png","man/men.mp3","berry.png","berries.png","berry_berries.mp3","moose.png","moose.png","moose_moose.mp3","foot.png","feet.png","foot_feet.mp3","mouse.png","mice.png","mouse_mice.mp3","leaf.png","leaves.png","leaf_leaves.mp3"],["letterpair","1","Description","image","image","woman.png","women.png","woman/women.mp3","sheep.png","sheep.png","sheep_sheep.mp3","dress.png","dresses.png","dress_dresses.mp3","baby.png","babies.png","baby_babies.mp3","ox.png","oxen.png","ox_oxen.mp3","lion.png","lions.png","lion_lions.mp3"],["quizliteracy","1","Description","sentence_sentence","men","men","mans","manies","","man","choose_the_right_plural.mp3"],["quizliteracy","1","Description","sentence_sentence","sheep","sheeps","sheep","sheepies","","sheep","choose_the_right_plural.mp3"],["quizliteracy","1","Description","sentence_sentence","dresses","dressies","dress","dresses","","dress","choose_the_right_plural.mp3"]]}]],0,0,[],[],[]],[[{"name":"leaf","rect":[15,1,105,137],"offset":[-2.5,0.5],"originalSize":[140,140],"capInsets":[0,0,0,0]}],[0],0,[0],[0],[10]],[["0,9729,9729,33071,33071,0,0,1",-1],[1],0,[],[],[]],[["0,9729,9729,33071,33071,0,0,1",-1],[1],0,[],[],[]],[["0,9729,9729,33071,33071,0,0,1",-1],[1],0,[],[],[]],[[{"name":"moose","rect":[0,0,512,481],"offset":[0,0],"originalSize":[512,481],"capInsets":[0,0,0,0]}],[0],0,[0],[0],[11]],[[{"name":"woman","rect":[46,15,108,124],"offset":[3.5,-0.5],"originalSize":[193,153],"capInsets":[0,0,0,0]}],[0],0,[0],[0],[12]],[["0,9729,9729,33071,33071,0,0,1",-1],[1],0,[],[],[]],[["0,9729,9729,33071,33071,0,0,1",-1],[1],0,[],[],[]],[[{"name":"berry","rect":[7,0,465,512],"offset":[-0.5,0],"originalSize":[480,512],"capInsets":[0,0,0,0]}],[0],0,[0],[0],[13]],[[{"name":"teeth","rect":[0,0,512,391],"offset":[0,0],"originalSize":[512,391],"capInsets":[0,0,0,0]}],[0],0,[0],[0],[14]],[[{"name":"dress","rect":[0,0,411,512],"offset":[0,0],"originalSize":[411,512],"capInsets":[0,0,0,0]}],[0],0,[0],[0],[15]],[["0,9729,9729,33071,33071,0,0,1",-1],[1],0,[],[],[]],[[{"name":"berries","rect":[0,0,512,346],"offset":[0,0],"originalSize":[512,346],"capInsets":[0,0,0,0]}],[0],0,[0],[0],[16]],[[{"name":"feet","rect":[0,0,1534,1096],"offset":[0,0],"originalSize":[1534,1096],"capInsets":[0,0,0,0]}],[0],0,[0],[0],[17]],[["0,9729,9729,33071,33071,0,0,1",-1],[1],0,[],[],[]],[[{"name":"babies","rect":[0,0,512,329],"offset":[0,0],"originalSize":[512,329],"capInsets":[0,0,0,0]}],[0],0,[0],[0],[18]],[[{"name":"star","rect":[1,22,139,104],"offset":[0.5,-4],"originalSize":[140,140],"capInsets":[0,0,0,0]}],[0],0,[0],[0],[19]],[["0,9729,9729,33071,33071,0,0,1",-1],[1],0,[],[],[]],[[{"name":"lion","rect":[16,16,368,258],"offset":[0,0],"originalSize":[400,290],"capInsets":[0,0,0,0]}],[0],0,[0],[0],[20]],[[{"name":"cows","rect":[0,0,512,328],"offset":[0,0],"originalSize":[512,328],"capInsets":[0,0,0,0]}],[0],0,[0],[0],[21]],[[{"name":"tooth","rect":[0,0,883,965],"offset":[0,0],"originalSize":[883,965],"capInsets":[0,0,0,0]}],[0],0,[0],[0],[22]],[[{"name":"foot","rect":[0,0,512,366],"offset":[0,0],"originalSize":[512,366],"capInsets":[0,0,0,0]}],[0],0,[0],[0],[23]],[[{"name":"cow","rect":[0,0,512,512],"offset":[0,0],"originalSize":[512,512],"capInsets":[0,0,0,0]}],[0],0,[0],[0],[24]],[[{"name":"ox","rect":[4,6,502,277],"offset":[-1,-2.5],"originalSize":[512,284],"capInsets":[0,0,0,0]}],[0],0,[0],[0],[25]],[["0,9729,9729,33071,33071,0,0,1",-1],[1],0,[],[],[]],[[{"name":"mice","rect":[0,0,512,475],"offset":[0,0],"originalSize":[512,475],"capInsets":[0,0,0,0]}],[0],0,[0],[0],[26]],[[{"name":"lions","rect":[0,0,512,346],"offset":[0,0],"originalSize":[512,346],"capInsets":[0,0,0,0]}],[0],0,[0],[0],[27]],[["0,9729,9729,33071,33071,0,0,1",-1],[1],0,[],[],[]],[["0,9729,9729,33071,33071,0,0,1",-1],[1],0,[],[],[]],[["0,9729,9729,33071,33071,0,0,1",-1],[1],0,[],[],[]],[["0,9729,9729,33071,33071,0,0,1",-1],[1],0,[],[],[]],[["0,9729,9729,33071,33071,0,0,1",-1],[1],0,[],[],[]],[[{"name":"pencil","rect":[0,0,493,512],"offset":[0,0],"originalSize":[493,512],"capInsets":[0,0,0,0]}],[0],0,[0],[0],[28]],[[{"name":"dresses","rect":[0,0,512,307],"offset":[0,0],"originalSize":[512,307],"capInsets":[0,0,0,0]}],[0],0,[0],[0],[29]],[[{"name":"cats","rect":[0,0,512,461],"offset":[0,0],"originalSize":[512,461],"capInsets":[0,0,0,0]}],[0],0,[0],[0],[30]],[[{"name":"men","rect":[0,0,512,512],"offset":[0,0],"originalSize":[512,512],"capInsets":[0,0,0,0]}],[0],0,[0],[0],[31]],[["0,9729,9729,33071,33071,0,0,1",-1],[1],0,[],[],[]],[["0,9729,9729,33071,33071,0,0,1",-1],[1],0,[],[],[]],[["0,9729,9729,33071,33071,0,0,1",-1],[1],0,[],[],[]],[[{"name":"sheep","rect":[0,0,502,512],"offset":[0,0],"originalSize":[502,512],"capInsets":[0,0,0,0]}],[0],0,[0],[0],[32]],[["0,9729,9729,33071,33071,0,0,1",-1],[1],0,[],[],[]],[[{"name":"women","rect":[0,0,1678,1156],"offset":[0,0],"originalSize":[1678,1156],"capInsets":[0,0,0,0]}],[0],0,[0],[0],[33]],[["0,9729,9729,33071,33071,0,0,1",-1],[1],0,[],[],[]],[["0,9729,9729,33071,33071,0,0,1",-1],[1],0,[],[],[]]]]