[1,["b4j+ujNwBFEKinOqYIj8N6","0dd5AF4iNGZqV7CXiJIM2k","fcq6PvI3pAZo+Huwj8S4Nq"],["_textureSetter"],["cc.Texture2D","cc.SpriteFrame",["cc.AudioClip",["_name","_native","duration"],0],["cc.JsonAsset",["_name","json"],1]],[[2,0,1,2,4],[3,0,1,3]],[[[[0,"इ",".mp3",0.626939],-1],0,0,[],[],[]],[["0,9729,9729,33071,33071,0,0,1",-1],[0],0,[],[],[]],[[{"name":"building","rect":[0,0,480,640],"offset":[0,0],"originalSize":[480,640],"capInsets":[0,0,0,0]}],[1],0,[0],[0],[0]],[[{"name":"ironbox","rect":[0,0,640,587],"offset":[0,0],"originalSize":[640,587],"capInsets":[0,0,0,0]}],[1],0,[0],[0],[1]],[[{"name":"injury","rect":[0,0,640,480],"offset":[0,0],"originalSize":[640,480],"capInsets":[0,0,0,0]}],[1],0,[0],[0],[2]],[[[0,"इमारत",".mp3",0.940408],-1],0,0,[],[],[]],[["0,9729,9729,33071,33071,0,0,1",-1],[0],0,[],[],[]],[[[0,"इजा",".mp3",0.835918],-1],0,0,[],[],[]],[[[1,"mr0002",{"rows":[["balloonpop","1","Description","2","इ","3","अ,आ,इ","इ.mp3"],["phonictractor","1","Description","5","इ","इ.mp3","इ","इ.mp3"],["writeletter","1","Description","इ","इस्त्री"],["writecard","1","Description","इ","इस्त्री","ironbox.png","इस्त्री.mp3","इमारत","building.png","इमारत.mp3","इजा","injury.png","इजा.mp3"],["quizliteracy","1","Description","soundonly_word","इ","इ","आ","ए","","","इ.mp3"],["quizliteracy","1","Description","word_word","इ","ए","उ","इ","","इ"],["quizliteracy","1","Description","soundonly_word","इ","इ","आ","ए","","","इ.mp3"]]}]],0,0,[],[],[]],[[[0,"इस्त्री",".mp3",1.044898],-1],0,0,[],[],[]],[["0,9729,9729,33071,33071,0,0,1",-1],[0],0,[],[],[]]]]