[1,["6fFR+mxihFxquuLG7p9Bsd","58Xi0ZE7ZJxa4gWcYlQwog"],["_textureSetter"],["cc.Texture2D","cc.SpriteFrame",["cc.AudioClip",["_name","_native","duration"],0],["cc.JsonAsset",["_name","json"],1]],[[2,0,1,2,4],[3,0,1,3]],[[[[0,"माया_अच्छा_नाचती_है",".mp3",2.088],-1],0,0,[],[],[]],[[[0,"माया_अच्छा_नृत्य_करती_है",".mp3",2.324898],-1],0,0,[],[],[]],[[[1,"hi1602",{"rows":[["jumpsentence","1","Description","वह [खेलता] है[।]","वह_खेलता_है.mp3","n","locked"],["jumpsentence","1","Description","[वह] चलती [है][।]","वह_चलती_है.mp3","n","locked"],["jumpsentence","1","Description","[वह] बढ़ता है[।]","वह_बढ़ता_है.mp3","n","locked"],["fillblank","1","Description","मेरा भाई [चलकर] पाठशाला जाता है।","मेरा_भाई_चलकर_पाठशाला_जाता_है.mp3","दौड़कर ","तैरकर ","कूदकर ","10"],["fillblank","1","Description","माया अच्छा [नाचती] है।","माया_अच्छा_नाचती_है.mp3","कूदती","तैरती","दौड़ती","10"],["fillblank","1","Description","रूद्र [तैर] नहीं सकता।","रूद्र_तैर_नहीं_सकता.mp3","गा","पढ़","कूद","10"],["createsentence","1","Description","जय/खाता/है","","I_eat.jpg","जय_खाता_है.mp3"],["createsentence","1","Description","राम/पढ़ता/है","","Ranireadsmanybooks.jpg","राम_पढ़ता_है.mp3"],["quizliteracy","1","Description","sentence_sentence","नाचती","कूद","तैर","नाचती","","माया अच्छा ________ है।","माया_अच्छा_नृत्य_करती_है.mp3"],["quizliteracy","1","Description","sentence_sentence","तैर","गा","तैर","कूद","","रूद्र_______  नहीं सकता।","रूद्र_तैर_नहीं_सकता.mp3"],["quizliteracy","1","Description","sentence_sentence","खेलता","कूद","खेलता","गा","","वह ______है।","वह_खेलता_है.mp3"]]}]],0,0,[],[],[]],[[[0,"रूद्र_तैर_नहीं_सकता",".mp3",1.854694],-1],0,0,[],[],[]],[["1,9729,9729,33071,33071,0,0,1",-1],[0],0,[],[],[]],[[[0,"वह_बढ़ता_है",".mp3",1.358367],-1],0,0,[],[],[]],[["1,9729,9729,33071,33071,0,0,1",-1],[0],0,[],[],[]],[[[0,"मेरा_भाई_चलकर_स्कूल_जाता_है",".mp3",2.742857],-1],0,0,[],[],[]],[[[0,"जय_खाता_है",".mp3",1.227755],-1],0,0,[],[],[]],[[{"name":"I_eat","rect":[0,0,1073,577],"offset":[0,0],"originalSize":[1073,577],"capInsets":[0,0,0,0]}],[1],0,[0],[0],[0]],[[[0,"वह_खेलता_है",".mp3",1.253878],-1],0,0,[],[],[]],[[[0,"वह_चलती_है",".mp3",1.462857],-1],0,0,[],[],[]],[[{"name":"Ranireadsmanybooks","rect":[0,0,1073,514],"offset":[0,0],"originalSize":[1073,514],"capInsets":[0,0,0,0]}],[1],0,[0],[0],[1]],[[[0,"मेरा_भाई_चलकर_पाठशाला_जाता_है",".mp3",3.168],-1],0,0,[],[],[]],[[[0,"राम_पढ़ता_है",".mp3",1.306122],-1],0,0,[],[],[]]]]