[1,["demL5+X7JKVoX/RpdhTSxi","c5HxPaGsdJpbQX0bsAHL3S","9bAt0Uj8lDa4jVviRo1zNx","95PufTFcROVLeczymqXCOa","9cW82AAY5EnYf0yqSwy/fz"],["_textureSetter"],["cc.SpriteFrame","cc.Texture2D",["cc.AudioClip",["_name","_native","duration"],0],["cc.JsonAsset",["_name","json"],1]],[[2,0,1,2,4],[3,0,1,3]],[[[{"name":"tendercoconut","rect":[0,0,512,512],"offset":[0,0],"originalSize":[512,512],"capInsets":[0,0,0,0]}],[0],0,[0],[0],[0]],[[{"name":"school_bell","rect":[0,0,512,288],"offset":[0,0],"originalSize":[512,288],"capInsets":[0,0,0,0]}],[0],0,[0],[0],[1]],[[[0,"ರಂಗನ ರಂಗು ರಂಗಿನ ಅಂಗಿ",".mp3",1.824],-1],0,0,[],[],[]],[[[0,"ಶಾಲೆಯ ಘಂಟೆಯ ನಾದ ಕೇಳಿಸಿತು",".mp3",2.184],-1],0,0,[],[],[]],[["0,9729,9729,33071,33071,0,0,1",-1],[1],0,[],[],[]],[[{"name":"temple bell","rect":[0,0,512,290],"offset":[0,0],"originalSize":[512,290],"capInsets":[0,0,0,0]}],[0],0,[0],[0],[2]],[["0,9729,9729,33071,33071,0,0,1",-1],[1],0,[],[],[]],[["0,9729,9729,33071,33071,0,0,1",-1],[1],0,[],[],[]],[["0,9729,9729,33071,33071,0,0,1",-1],[1],0,[],[],[]],[["0,9729,9729,33071,33071,0,0,1",-1],[1],0,[],[],[]],[[{"name":"colourful shirt","rect":[0,0,512,287],"offset":[0,0],"originalSize":[512,287],"capInsets":[0,0,0,0]}],[0],0,[0],[0],[3]],[[[0,"ಏಳನೀರು ಕುಡಿದರೆ ಬಲು ತಂಪು",".mp3",2.04],-1],0,0,[],[],[]],[[[1,"kn4816",{"rows":[["createsentence","1","Description","ಚೆಂಡಿನ/ಆಟ/ಹರುಷದ/ಆಟ","","ball_game.png","ಚೆಂಡಿನ ಆಟ ಹರುಷದ ಆಟ.mp3"],["createsentence","1","Description","ಶಾಲೆಯ/ಘಂಟೆಯ/ನಾದ/ಕೇಳಿಸಿತು","","school_bell.png","ಶಾಲೆಯ ಘಂಟೆಯ ನಾದ ಕೇಳಿಸಿತು.mp3"],["createsentence","1","Description","ರಂಗನ/ರಂಗು/ರಂಗಿನ/ಅಂಗಿ","","colourful shirt.png","ರಂಗನ ರಂಗು ರಂಗಿನ ಅಂಗಿ.mp3"],["createsentence","1","Description","ದೇವರ/ಗುಡಿಯಲಿ/ಘಂಟೆಯ/ನಾದ","","temple bell.png","ದೇವರ ಗುಡಿಯಲಿ ಘಂಟೆಯ ನಾದ.mp3 "],["createsentence","1","Description","ಏಳನೀರು/ಕುಡಿದರೆ/ಬಲು/ತಂಪು","","tendercoconut.png","ಏಳನೀರು ಕುಡಿದರೆ ಬಲು ತಂಪು.mp3"]]}]],0,0,[],[],[]],[[{"name":"ball_game","rect":[0,0,512,341],"offset":[0,0],"originalSize":[512,341],"capInsets":[0,0,0,0]}],[0],0,[0],[0],[4]],[[[0,"ಚೆಂಡಿನ ಆಟ ಹರುಷದ ಆಟ",".mp3",1.896],-1],0,0,[],[],[]]]]