[1,["26aZxjj5NOJavReh6OUP4j"],["_textureSetter"],["cc.Texture2D","cc.SpriteFrame",["cc.AudioClip",["_name","_native","duration"],0],["cc.JsonAsset",["_name","json"],1]],[[2,0,1,2,4],[3,0,1,3]],[[[[0,"bus",".mp3",0.548571],-1],0,0,[],[],[]],[["0,9729,9729,33071,33071,0,0,1",-1],[0],0,[],[],[]],[[[0,"cake",".mp3",0.679184],-1],0,0,[],[],[]],[[[0,"big",".mp3",0.496327],-1],0,0,[],[],[]],[[[0,"map",".mp3",0.574694],-1],0,0,[],[],[]],[[[0,"cane",".mp3",0.757551],-1],0,0,[],[],[]],[[[1,"sl_en1108",{"rows":[["grid","1","Description","b","ig,us,ake,one"],["grid","1","Description","c","ake,ane,ave"],["grid","1","Description","c,l,b","ute,ake,orn"],["grid","1","Description","c,t,l","ute,ake"],["grid","1","Description","m","ap,om,ud,ake"],["grid","1","Description","m,r","ail,ake,ime"],["grid","1","Description","t,f","ake,ire"],["grid","1","Description","w,n,sh","et,in,ake"],["spelldoor","1","Description","cake","c*ke","0","2","spelling_cake.png","cake.mp3"],["quizliteracy","1","Description","word_word","ake","air","ave","ake","","c___","cake.mp3"],["quizliteracy","1","Description","word_word","ake","ake","ane","ain","","sh___","shake.mp3"],["quizliteracy","1","Description","word_word","ake","ime","est","ake","","l___","lake.mp3"]]}]],0,0,[],[],[]],[[[0,"born",".mp3",0.653061],-1],0,0,[],[],[]],[[[0,"mail",".mp3",0.679184],-1],0,0,[],[],[]],[[[0,"wet",".mp3",0.757551],-1],0,0,[],[],[]],[[[0,"rail",".mp3",0.679184],-1],0,0,[],[],[]],[[[0,"shake",".mp3",0.705306],-1],0,0,[],[],[]],[[[0,"fire",".mp3",0.679184],-1],0,0,[],[],[]],[[[0,"bone",".mp3",0.600816],-1],0,0,[],[],[]],[[{"name":"spelling_cake","rect":[0,0,370,273],"offset":[0,0],"originalSize":[370,273],"capInsets":[0,0,0,0]}],[1],0,[0],[0],[0]],[[[0,"lake",".mp3",0.653061],-1],0,0,[],[],[]],[[[0,"net",".mp3",0.653061],-1],0,0,[],[],[]],[[[0,"mom",".mp3",0.574694],-1],0,0,[],[],[]]]]