[1,["4d05P2MrNCk6kukXvAFOcm","05vInzE3JGpJv6k595JQcj","12RrsIdMxGjpYo9DYA7e0q"],["_textureSetter"],["cc.Texture2D","cc.SpriteFrame",["cc.JsonAsset",["_name","json"],1],["cc.AudioClip",["_name","_native","duration"],0]],[[3,0,1,2,4],[2,0,1,3]],[[["0,9729,9729,33071,33071,0,0,1",-1],[0],0,[],[],[]],[["0,9729,9729,33071,33071,0,0,1",-1],[0],0,[],[],[]],[[[1,"hi0108",{"rows":[["phonictractor","1","Description","5","झ","झ.mp3","झ","झ.mp3"],["writeletter","1","Description","झ","झंडा"],["writecard","1","Description","झ","झंडा","झंडा.png","झंडा.mp3","झरना","झरना.png","झरना.mp3","झूला","झूला.png","झूला.mp3"],["quizliteracy","1","Description","soundonly_word","झ","झ","ओ","इ","","","झ.mp3"],["quizliteracy","1","Description","word_word","झ","इ","अं","झ","","झ"],["quizliteracy","1","Description","soundonly_word","झ","अं","झ","ऋ","","","झ.mp3"]]}]],0,0,[],[],[]],[["0,9729,9729,33071,33071,0,0,1",-1],[0],0,[],[],[]],[[[0,"झरना",".mp3",0.888163],-1],0,0,[],[],[]],[[[0,"झूला",".mp3",0.835918],-1],0,0,[],[],[]],[[{"name":"झंडा","rect":[0,0,400,333],"offset":[0,0],"originalSize":[400,333],"capInsets":[0,0,0,0]}],[1],0,[0],[0],[0]],[[[0,"झंडा",".mp3",0.809796],-1],0,0,[],[],[]],[[{"name":"झूला","rect":[0,0,400,333],"offset":[0,0],"originalSize":[400,333],"capInsets":[0,0,0,0]}],[1],0,[0],[0],[1]],[[[0,"झ",".mp3",0.627],-1],0,0,[],[],[]],[[{"name":"झरना","rect":[0,0,400,333],"offset":[0,0],"originalSize":[400,333],"capInsets":[0,0,0,0]}],[1],0,[0],[0],[2]]]]