[1,["26l8YKf5ROcqOpn0/EIPB8","44c66XT9tFZ7jwG1csrPeB","0aG5fbwBJJg4DOrjHbFahb","0eet187c1M07wa74wOK/t5","3c5AYdR4BNhZQv4WE9pk5Y"],["_textureSetter"],["cc.Texture2D","cc.SpriteFrame",["cc.AudioClip",["_name","_native","duration"],0],["cc.JsonAsset",["_name","json"],1]],[[2,0,1,2,4],[3,0,1,3]],[[["0,9729,9729,33071,33071,0,0,1",-1],[0],0,[],[],[]],[["0,9729,9729,33071,33071,0,0,1",-1],[0],0,[],[],[]],[[[0,"ಜೇನುಹುಳು",".mp3",0.984],-1],0,0,[],[],[]],[["0,9729,9729,33071,33071,0,0,1",-1],[0],0,[],[],[]],[[[0,"ಗಣೇಶ",".mp3",0.864],-1],0,0,[],[],[]],[["0,9729,9729,33071,33071,0,0,1",-1],[0],0,[],[],[]],[["0,9729,9729,33071,33071,0,0,1",-1],[0],0,[],[],[]],[[{"name":"ganapathi","rect":[0,0,512,342],"offset":[0,0],"originalSize":[512,342],"capInsets":[0,0,0,0]}],[1],0,[0],[0],[0]],[[{"name":"bee","rect":[0,0,512,364],"offset":[0,0],"originalSize":[512,364],"capInsets":[0,0,0,0]}],[1],0,[0],[0],[1]],[[[0,"ದೇವಾಲಯ",".mp3",0.984],-1],0,0,[],[],[]],[[{"name":"temple","rect":[0,0,512,400],"offset":[0,0],"originalSize":[512,400],"capInsets":[0,0,0,0]}],[1],0,[0],[0],[2]],[[{"name":"root","rect":[0,0,288,512],"offset":[0,0],"originalSize":[288,512],"capInsets":[0,0,0,0]}],[1],0,[0],[0],[3]],[[[1,"kn4507",{"rows":[["spelldoor","1","Description","ಗಣೇಶ ","ಗ*ಶ","0","0","ganapathi.png","ಗಣೇಶ.mp3"],["spelldoor","1","Description","ನೇಗಿಲು ","*ಗಿಲು","0","0","plow.png","ನೇಗಿಲು.mp3"],["spelldoor","1","Description","ದೇವಾಲಯ ","*ವಾಲಯ","0","0","temple.png","ದೇವಾಲಯ.mp3"],["spelldoor","1","Description","ಬೇರು ","*ರು ","0","0","root.png","ಬೇರು.mp3"],["spelldoor","1","Description","ಜೇನುಹುಳು ","*ನುಹುಳು","0","0","bee.png","ಜೇನುಹುಳು.mp3"]]}]],0,0,[],[],[]],[[{"name":"plow","rect":[0,0,500,333],"offset":[0,0],"originalSize":[500,333],"capInsets":[0,0,0,0]}],[1],0,[0],[0],[4]],[[[0,"ಬೇರು",".mp3",0.744],-1],0,0,[],[],[]],[[[0,"ನೇಗಿಲು",".mp3",0.816],-1],0,0,[],[],[]]]]