[1,["68FgVYE7pD1L0lukkHpEyJ","ebXa6Vc2RPeoVaZJLJl9DO","3dH3ra29RJqrsHKmZ0jtaY","98qb+ewzBJ8YGQvUCqqiPh","2aUYGHUl1IkKCoYI6m8bVd","6cA/1pzHZHcJYXvg2aBFPK","39HfxPGhVBkIyQTcRUDiup","1cPaXZ3iFGKKtpUlyGYB3n","7e6ZZO2aVAt75nY4FDnapc","c4OaUdNGdBroSYjkCOslRM","a7joQNa2xOLJJhkvF1bw73"],["_textureSetter"],["cc.SpriteFrame","cc.Texture2D",["cc.AudioClip",["_name","_native","duration"],0],["cc.JsonAsset",["_name","json"],1]],[[2,0,1,2,4],[3,0,1,3]],[[[{"name":"mango","rect":[0,0,504,512],"offset":[0,0],"originalSize":[504,512],"capInsets":[0,0,0,0]}],[0],0,[0],[0],[0]],[[[0,"fruits",".mp3",0.940408],-1],0,0,[],[],[]],[[{"name":"image_2_1","rect":[0,0,845,695],"offset":[0,0],"originalSize":[845,695],"capInsets":[0,0,0,0]}],[0],0,[0],[0],[1]],[["1,9729,9729,33071,33071,0,0,1",-1],[1],0,[],[],[]],[[[0,"jackfruit",".mp3",0.966531],-1],0,0,[],[],[]],[[[0,"orange",".mp3",0.862041],-1],0,0,[],[],[]],[["0,9729,9729,33071,33071,0,0,1",-1],[1],0,[],[],[]],[[[0,"tomato",".mp3",0.966531],-1],0,0,[],[],[]],[[[0,"pomegranate",".mp3",1.044898],-1],0,0,[],[],[]],[[[0,"vegetables",".mp3",1.018776],-1],0,0,[],[],[]],[[[0,"peach",".mp3",0.731429],-1],0,0,[],[],[]],[[[0,"tropical_fruits",".mp3",1.332245],-1],0,0,[],[],[]],[["1,9729,9729,33071,33071,0,0,1",-1],[1],0,[],[],[]],[["1,9729,9729,33071,33071,0,0,1",-1],[1],0,[],[],[]],[[{"name":"image_2_2","rect":[0,0,845,695],"offset":[0,0],"originalSize":[845,695],"capInsets":[0,0,0,0]}],[0],0,[0],[0],[2]],[[{"name":"image_1_2","rect":[0,0,845,695],"offset":[0,0],"originalSize":[845,695],"capInsets":[0,0,0,0]}],[0],0,[0],[0],[3]],[[{"name":"tomato","rect":[81,68,431,321],"offset":[6.5,1.5],"originalSize":[580,460],"capInsets":[0,0,0,0]}],[0],0,[0],[0],[4]],[[[0,"cherry",".mp3",0.679184],-1],0,0,[],[],[]],[[{"name":"image_1_4","rect":[0,0,845,695],"offset":[0,0],"originalSize":[845,695],"capInsets":[0,0,0,0]}],[0],0,[0],[0],[5]],[["0,9729,9729,33071,33071,0,0,1",-1],[1],0,[],[],[]],[[[0,"onion",".mp3",0.679184],-1],0,0,[],[],[]],[["1,9729,9729,33071,33071,0,0,1",-1],[1],0,[],[],[]],[[{"name":"image_21_2","rect":[0,0,845,695],"offset":[0,0],"originalSize":[845,695],"capInsets":[0,0,0,0]}],[0],0,[0],[0],[6]],[[[0,"papaya",".mp3",0.783673],-1],0,0,[],[],[]],[[{"name":"image_21_3","rect":[0,0,845,695],"offset":[0,0],"originalSize":[845,695],"capInsets":[0,0,0,0]}],[0],0,[0],[0],[7]],[["1,9729,9729,33071,33071,0,0,1",-1],[1],0,[],[],[]],[[[0,"carrot",".mp3",0.835918],-1],0,0,[],[],[]],[[[0,"pineapple",".mp3",0.809796],-1],0,0,[],[],[]],[[{"name":"image_1_3","rect":[0,0,845,695],"offset":[0,0],"originalSize":[845,695],"capInsets":[0,0,0,0]}],[0],0,[0],[0],[8]],[[[1,"sl_en1812",{"rows":[["tag","1","Description","image_1_3.jpg","fruits","280.-1520","fruits.mp3","banana","1247.-753","banana.mp3","orange","253.-899","orange.mp3","cherry","806.-1198","cherry.mp3"],["tag","1","Description","image_1_4.jpg","tropical fruits","280.-1520","tropical_fruits.mp3","mango","1188.-1172","mango.mp3","pineapple","531.-1265","pineapple.mp3","coconut","531.-463","coconut.mp3"],["tag","1","Description","image_21_3.jpg","tropical fruits","280.-1520","tropical_fruits.mp3","pomegranate","520.-1263","pomegranate.mp3","papaya","1325.-1082","papaya.mp3","jackfruit","1176.-475","jackfruit.mp3","guava","403.-424","guava.mp3"],["tag","1","Description","image_2_1.jpg","fruits","280.-1520","fruits.mp3","apple","1116.-1019","apple.mp3","papaya","373.-577","papaya.mp3","grapes","1305.-448","grapes.mp3","peach","814.-1200","peach.mp3"],["tag","1","Description","image_2_2.jpg","fruits","280.-1520","fruits.mp3","coconut","313.-692","coconut.mp3","shell","313.-457","shell.mp3","papaya","1239.-1282","papaya.mp3","seeds","1239.-1028","seeds.mp3"],["tag","1","Description","image_1_2.jpg","vegetables","280.-1520","vegetables.mp3","tomato","292.-607","tomato.mp3","potato","1298.-740","potato.mp3","onion","1078.-1243","onion.mp3"],["tag","1","Description","image_21_2.jpg","vegetables","280.-1520","vegetables.mp3","carrot","1296.-1025","carrot.mp3","eggplant","405.-592","eggplant.mp3","pepper","247.-1197","pepper.mp3","broccoli","962.-1295","broccoli.mp3"],["quizliteracy","1","Description","image_word","apple","apple","fish","mango","apple.png"],["quizliteracy","1","Description","image_word","mango","fish","mango","nest","mango.png"],["quizliteracy","1","Description","image_word","onion","lemon","onion","apple","onion.png"],["quizliteracy","1","Description","image_word","tomato","tomato","coconut","mango","tomato.png"],["quizliteracy","1","Description","soundonly_word","cherry","lemon","banana","cherry","","","cherry.mp3"]]}]],0,0,[],[],[]],[["1,9729,9729,33071,33071,0,0,1",-1],[1],0,[],[],[]],[[[0,"pepper",".mp3",0.757551],-1],0,0,[],[],[]],[[[0,"mango",".mp3",0.966531],-1],0,0,[],[],[]],[["0,9729,9729,33071,33071,0,0,1",-1],[1],0,[],[],[]],[[[0,"grapes",".mp3",0.835918],-1],0,0,[],[],[]],[["0,9729,9729,33071,33071,0,0,1",-1],[1],0,[],[],[]],[[[0,"seeds",".mp3",0.862041],-1],0,0,[],[],[]],[[[0,"banana",".mp3",0.783673],-1],0,0,[],[],[]],[[{"name":"onion","rect":[1,5,1271,1275],"offset":[-3.5,-2.5],"originalSize":[1280,1280],"capInsets":[0,0,0,0]}],[0],0,[0],[0],[9]],[[[0,"potato",".mp3",0.835918],-1],0,0,[],[],[]],[[{"name":"apple","rect":[0,0,512,512],"offset":[0,0],"originalSize":[512,512],"capInsets":[0,0,0,0]}],[0],0,[0],[0],[10]],[[[0,"guava",".mp3",0.757551],-1],0,0,[],[],[]],[["1,9729,9729,33071,33071,0,0,1",-1],[1],0,[],[],[]],[[[0,"apple",".mp3",0.600816],-1],0,0,[],[],[]],[[[0,"eggplant",".mp3",0.888163],-1],0,0,[],[],[]],[[[0,"coconut",".mp3",0.862041],-1],0,0,[],[],[]],[[[0,"broccoli",".mp3",0.679184],-1],0,0,[],[],[]],[[[0,"shell",".mp3",0.731429],-1],0,0,[],[],[]]]]