[1,["68Z4D1dB5KHanVsa3xTMSt","0em2e0xsNAiZ5Du1m0Fz0O","8b+vmjpdJDQa1rVA2ch9nb"],["_textureSetter"],["cc.Texture2D","cc.SpriteFrame",["cc.AudioClip",["_name","_native","duration"],0],["cc.JsonAsset",["_name","json"],1]],[[2,0,1,2,4],[3,0,1,3]],[[[[0,"डिब्बा",".mp3",0.705306],-1],0,0,[],[],[]],[["0,9729,9729,33071,33071,0,0,1",-1],[0],0,[],[],[]],[[{"name":"डंडा","rect":[0,110,400,112],"offset":[0,0.5],"originalSize":[400,333],"capInsets":[0,0,0,0]}],[1],0,[0],[0],[0]],[[{"name":"डकैत","rect":[0,0,400,333],"offset":[0,0],"originalSize":[400,333],"capInsets":[0,0,0,0]}],[1],0,[0],[0],[1]],[["0,9729,9729,33071,33071,0,0,1",-1],[0],0,[],[],[]],[[{"name":"डिब्बा","rect":[0,0,400,333],"offset":[0,0],"originalSize":[400,333],"capInsets":[0,0,0,0]}],[1],0,[0],[0],[2]],[["0,9729,9729,33071,33071,0,0,1",-1],[0],0,[],[],[]],[[[0,"डंडा",".mp3",0.835918],-1],0,0,[],[],[]],[[[1,"hi0112",{"rows":[["phonictractor","1","Description","5","ड","ड.mp3","ड","ड.mp3"],["writeletter","1","Description","ड","डकैत"],["writecard","1","Description","ड","डकैत","डकैत.png","डकैत.mp3","डिब्बा","डिब्बा.png","डिब्बा.mp3","डंडा","डंडा.png","डंडा.mp3"],["quizliteracy","1","Description","soundonly_word","ड","ठ","ड","ऋ","","","ड.mp3"],["quizliteracy","1","Description","word_word","ड","ड","ठ","ऊ","","ड"],["quizliteracy","1","Description","soundonly_word","ड","ऋ","इ","ड","","","ड.mp3"]]}]],0,0,[],[],[]],[[[0,"डकैत",".mp3",0.862041],-1],0,0,[],[],[]],[[[0,"ड",".mp3",0.548571],-1],0,0,[],[],[]]]]