[1,["d3wSYKnVJHn6TI7BrVYy9E","34N/c3Iu1KrYLMovnDbWTX","64nRs9a2RMNK3/Vjb841SF","91R0vbQFhHLJSwm0BXDeim","3bIYMZWBZDto+Cgb/eoERA","49gH4zfQ5LF5SglDlnOsRv"],["_textureSetter"],["cc.Texture2D","cc.SpriteFrame",["cc.AudioClip",["_name","_native","duration"],0],["cc.JsonAsset",["_name","json"],1]],[[2,0,1,2,4],[3,0,1,3]],[[[[0,"मोळी",".mp3",0.862041],-1],0,0,[],[],[]],[["0,9729,9729,33071,33071,0,0,1",-1],[0],0,[],[],[]],[[{"name":"करंगळी","rect":[0,0,450,600],"offset":[0,0],"originalSize":[450,600],"capInsets":[0,0,0,0]}],[1],0,[0],[0],[0]],[["0,9729,9729,33071,33071,0,0,1",-1],[0],0,[],[],[]],[["0,9729,9729,33071,33071,0,0,1",-1],[0],0,[],[],[]],[[{"name":"पाकळी","rect":[0,0,1024,813],"offset":[0,0],"originalSize":[1024,813],"capInsets":[0,0,0,0]}],[1],0,[0],[0],[1]],[["0,9729,9729,33071,33071,0,0,1",-1],[0],0,[],[],[]],[[{"name":"टाळी","rect":[0,0,1834,1920],"offset":[0,0],"originalSize":[1834,1920],"capInsets":[0,0,0,0]}],[1],0,[0],[0],[2]],[[[0,"कळी",".mp3",0.757551],-1],0,0,[],[],[]],[[{"name":"पुरणपोळी","rect":[0,0,800,496],"offset":[0,0],"originalSize":[800,496],"capInsets":[0,0,0,0]}],[1],0,[0],[0],[3]],[["0,9729,9729,33071,33071,0,0,1",-1],[0],0,[],[],[]],[[[0,"पाकळी",".mp3",0.862041],-1],0,0,[],[],[]],[[{"name":"मोळी","rect":[0,0,800,600],"offset":[0,0],"originalSize":[800,600],"capInsets":[0,0,0,0]}],[1],0,[0],[0],[4]],[[[0,"पुरणपोळी",".mp3",1.044898],-1],0,0,[],[],[]],[[[1,"mr2503",{"rows":[["picturemeaning","1","Description","P","हाताचे शेवटचे बोट - करंगळी","करंगळी.png","करंगळी.mp3","लाकडे एकत्र बांधून केलेली - मोळी","मोळी.png","मोळी.mp3","न उमललेले फूल - कळी","कळी.png","कळी.mp3"],["picturemeaning","1","Description","P","पुरण घालून करतात ती - पुरणपोळी","पुरणपोळी.png","पुरणपोळी.mp3","एका हाताने वाजत नाही ती - टाळी","टाळी.png","टाळी.mp3","फुलाचा भाग - पाकळी","पाकळी.png","पाकळी.mp3"],["picturemeaning","1","Description","P","फुलाचा भाग - पाकळी","पाकळी.png","पाकळी.mp3","हाताचे शेवटचे बोट - करंगळी","करंगळी.png","करंगळी.mp3","लाकडे एकत्र बांधून केलेली - मोळी","मोळी.png","मोळी.mp3"],["picturemeaning","1","Description","P","न उमललेले फूल - कळी","कळी.png","कळी.mp3","एका हाताने वाजत नाही ती - टाळी","टाळी.png","टाळी.mp3","पुरण घालून करतात ती - पुरणपोळी","पुरणपोळी.png","पुरणपोळी.mp3"],["picturemeaning","1","Description","P","एका हाताने वाजत नाही ती - टाळी","टाळी.png","टाळी.mp3","न उमललेले फूल - कळी","कळी.png","कळी.mp3","हाताचे शेवटचे बोट - करंगळी","करंगळी.png","करंगळी.mp3"],["picturemeaning","1","Description","P","लाकडे एकत्र बांधून केलेली - मोळी","मोळी.png","मोळी.mp3","फुलाचा भाग - पाकळी","पाकळी.png","पाकळी.mp3","एका हाताने वाजत नाही ती - टाळी","टाळी.png","टाळी.mp3"],["quizliteracy","1","Description","image_sentence","हाताचे शेवटचे बोट - करंगळी","पुरण घालून करतात ती - पुरणपोळी","हाताचे शेवटचे बोट - करंगळी","न उमललेले फूल - कळी","करंगळी.png","","करंगळी.mp3"],["quizliteracy","1","Description","image_sentence","न उमललेले फूल - कळी","न उमललेले फूल - कळी","पुरण घालून करतात ती - पुरणपोळी","हाताचे शेवटचे बोट - करंगळी","कळी.png","","कळी.mp3"],["quizliteracy","1","Description","image_sentence","पुरण घालून करतात ती - पुरणपोळी","हाताचे शेवटचे बोट - करंगळी","न उमललेले फूल - कळी","पुरण घालून करतात ती - पुरणपोळी","पुरणपोळी.png","","पुरणपोळी.mp3"]]}]],0,0,[],[],[]],[["0,9729,9729,33071,33071,0,0,1",-1],[0],0,[],[],[]],[[[0,"करंगळी",".mp3",0.940408],-1],0,0,[],[],[]],[[[0,"टाळी",".mp3",0.705306],-1],0,0,[],[],[]],[[{"name":"कळी","rect":[0,0,1920,1280],"offset":[0,0],"originalSize":[1920,1280],"capInsets":[0,0,0,0]}],[1],0,[0],[0],[5]]]]