[1,["36PYR7U11FBqUezlV0u4Aj","44iLNetCtDiI4IfZ2p+KsY"],["_textureSetter"],["cc.SpriteFrame","cc.Texture2D",["cc.AudioClip",["_name","_native","duration"],0],["cc.JsonAsset",["_name","json"],1]],[[2,0,1,2,4],[3,0,1,3]],[[[[0,"ಕಃ",".mp3",0.6],-1],0,0,[],[],[]],[[{"name":"quilt","rect":[0,0,390,282],"offset":[0,0],"originalSize":[390,282],"capInsets":[0,0,0,0]}],[0],0,[0],[0],[0]],[["0,9729,9729,33071,33071,0,0,1",-1],[1],0,[],[],[]],[["0,9729,9729,33071,33071,0,0,1",-1],[1],0,[],[],[]],[[[0,"ೌ",".mp3",0.624],-1],0,0,[],[],[]],[[[0,"ಕಂ",".mp3",0.528],-1],0,0,[],[],[]],[[[0,"ಕ",".mp3",0.528],-1],0,0,[],[],[]],[[[0,"ಕೌ",".mp3",0.648],-1],0,0,[],[],[]],[[[0,"ಕೌದಿ",".mp3",0.816],-1],0,0,[],[],[]],[[[0,"ಂ",".mp3",0.48],-1],0,0,[],[],[]],[[{"name":"pillar","rect":[0,0,400,400],"offset":[0,0],"originalSize":[400,400],"capInsets":[0,0,0,0]}],[0],0,[0],[0],[1]],[[[0,"ಕಂಬ",".mp3",0.696],-1],0,0,[],[],[]],[[[1,"kn2_0313",{"rows":[["phonictractor","1","Description","6","ಕೌ","ಕೌ.mp3","ಕ","ಕ.mp3","ೌ","ೌ.mp3"],["spelldoor","1","Description","ಕೌದಿ","**","0","0","quilt.png","ಕೌದಿ.mp3"],["phonictractor","1","Description","6","ಕಂ","ಕಂ.mp3","ಕ","ಕ.mp3","ಂ","ಂ.mp3"],["spelldoor","1","Description","ಕಂಬ","**","0","0","pillar.png","ಕಂಬ.mp3"],["phonictractor","1","Description","6","ಕಃ","ಕಃ.mp3","ಕ","ಕ.mp3","ಃ","ಃ.mp3"],["quizliteracy","1","Description","soundonly_word","ಕೌ","ಕಂ","ಕೌ","ಕಃ","","","ಕೌ.mp3"],["quizliteracy","1","Description","soundonly_word","ಕಂಬ","ಕಂಬ","ಕೌದಿ","ಕೌದಿ","","","ಕಂಬ.mp3"],["quizliteracy","1","Description","soundonly_word","ಕಃ","ಕಂ","ಕೌ","ಕಃ","","","ಕಃ.mp3"]]}]],0,0,[],[],[]],[[[0,"ಃ",".mp3",0.528],-1],0,0,[],[],[]]]]