<root>
<lido-container show-prev-button="false" show-next-button="true" id="lido-container" bg-image="" height="1600px" width="900px" value="mainContainer4" objective="" visible="true" onInCorrect="lido-avatar.avatarAnimate='Fail'; this.sleep='2000';" show-check="false" is-continue-on-correct="true" exit-button-url="template-assets/buttons/file-6zwk6dtq.svg" prev-button-url="template-assets/buttons/file-9usfme5p.svg" next-button-url="template-assets/buttons/file-25gs1zzw.svg" speaker-button-url="template-assets/buttons/file-6c7iy4bh.svg">
    <lido-cell id="cell1" margin="landscape.140px 0px 0px 0px,portrait.170px 0px 0px 0px" visible="true" layout="landscape.row,portrait.col" disable-edit="true" value="cell1" width="landscape.100%,portrait.86%" height="landscape.100%,portrait.80%" x="50px" y="50px" bg-color="white" onEntry="this.justifyContent='space-evenly'; this.borderRadius='6px'">
        <lido-image id="image1" disable-edit="true" margin="landscape.0px 0px 0px 0px,portrait.-20px 0px 0px 0px" value="image1" visible="true" src="game-assets/images/file-ffbjnwxl.jpg" width="landscape.704px,portrait.744px" height="landscape.704px,portrait.707px" bg-color="transparent" alt-text="" onEntry="" />
        <lido-text id="text1" tab-index="1" audio="game-assets/audio/file-mvbmk26s.wav" disable-edit="true" margin="landscape.0px 0px 0px 27px,portrait.0px 0px 60px 0px" value="text1" visible="true" width="landscape.47%,portrait.90%" height="100%" bg-color="transparent" font-family="'Baloo 2', serif" font-size="44px" font-color="#000" string="डिजिटल साक्षरता का मतलब है फ़ोन, टैबलेट और कंप्यूटर का समझदारी और सुरक्षित तरीके से इस्तेमाल करना।" onEntry="this.fontWeight='500'; this.boxShadow='unset'; this.textAlign='start'; this.speak='true';" />
    </lido-cell>
    <lido-pos id="pos1" disable-edit="true" value="pos1" height="350px" width="350px" x="landscape.1300px, portrait.580px" y="landscape.670px, portrait.1350px" aria-hidden="true" z="1" bg-color="transparent" visible="true">
        <lido-avatar id="lido-avatar" disable-edit="true" visible="true" height="350px" width="350px" src="template-assets/images/file-avejkzfx.riv" alt-text="chimpleCharacterRive" />
    </lido-pos>
</lido-container><lido-container show-prev-button="false" show-next-button="true" id="lido-container" bg-image="" height="1600px" width="900px" value="mainContainer4" objective="" visible="true" onInCorrect="lido-avatar.avatarAnimate='Fail'; this.sleep='2000';" show-check="false" is-continue-on-correct="true" exit-button-url="template-assets/buttons/file-6zwk6dtq.svg" prev-button-url="template-assets/buttons/file-9usfme5p.svg" next-button-url="template-assets/buttons/file-25gs1zzw.svg" speaker-button-url="template-assets/buttons/file-6c7iy4bh.svg">
    <lido-cell id="cell1" margin="landscape.140px 0px 0px 0px,portrait.170px 0px 0px 0px" visible="true" layout="landscape.row,portrait.col" disable-edit="true" value="cell1" width="landscape.100%,portrait.86%" height="landscape.100%,portrait.80%" x="50px" y="50px" bg-color="white" onEntry="this.justifyContent='space-evenly'; this.borderRadius='6px'">
        <lido-image id="image1" disable-edit="true" margin="landscape.0px 0px 0px 0px,portrait.-20px 0px 0px 0px" value="image1" visible="true" src="game-assets/images/file-wp7jdjt2.jpg" width="landscape.704px,portrait.744px" height="landscape.704px,portrait.707px" bg-color="transparent" alt-text="" onEntry="" />
        <lido-text id="text1" tab-index="1" audio="game-assets/audio/file-wdzycq4j.wav" disable-edit="true" margin="landscape.0px 0px 0px 27px,portrait.0px 0px 60px 0px" value="text1" visible="true" width="landscape.47%,portrait.90%" height="100%" bg-color="transparent" font-family="'Baloo 2', serif" font-size="44px" font-color="#000" string="इसका मतलब है ऑनलाइन अच्छी जानकारी कहाँ खोजनी है, यह जानना।" onEntry="this.fontWeight='500'; this.boxShadow='unset'; this.textAlign='start'; this.speak='true';" />
    </lido-cell>
    <lido-pos id="pos1" disable-edit="true" value="pos1" height="350px" width="350px" x="landscape.1300px, portrait.580px" y="landscape.670px, portrait.1350px" aria-hidden="true" z="1" bg-color="transparent" visible="true">
        <lido-avatar id="lido-avatar" disable-edit="true" visible="true" height="350px" width="350px" src="template-assets/images/file-avejkzfx.riv" alt-text="chimpleCharacterRive" />
    </lido-pos>
</lido-container><lido-container show-prev-button="false" show-next-button="true" id="lido-container" bg-image="" height="1600px" width="900px" value="mainContainer4" objective="" visible="true" onInCorrect="lido-avatar.avatarAnimate='Fail'; this.sleep='2000';" show-check="false" is-continue-on-correct="true" exit-button-url="template-assets/buttons/file-6zwk6dtq.svg" prev-button-url="template-assets/buttons/file-9usfme5p.svg" next-button-url="template-assets/buttons/file-25gs1zzw.svg" speaker-button-url="template-assets/buttons/file-6c7iy4bh.svg">
    <lido-cell id="cell1" margin="landscape.140px 0px 0px 0px,portrait.170px 0px 0px 0px" visible="true" layout="landscape.row,portrait.col" disable-edit="true" value="cell1" width="landscape.100%,portrait.86%" height="landscape.100%,portrait.80%" x="50px" y="50px" bg-color="white" onEntry="this.justifyContent='space-evenly'; this.borderRadius='6px'">
        <lido-image id="image1" disable-edit="true" margin="landscape.0px 0px 0px 0px,portrait.-20px 0px 0px 0px" value="image1" visible="true" src="game-assets/images/file-3k2by057.jpg" width="landscape.704px,portrait.744px" height="landscape.704px,portrait.707px" bg-color="transparent" alt-text="" onEntry="" />
        <lido-text id="text1" tab-index="1" audio="game-assets/audio/file-liln8n72.wav" disable-edit="true" margin="landscape.0px 0px 0px 27px,portrait.0px 0px 60px 0px" value="text1" visible="true" width="landscape.47%,portrait.90%" height="100%" bg-color="transparent" font-family="'Baloo 2', serif" font-size="44px" font-color="#000" string="यह आपकी गोपनीयता की रक्षा करने और पासवर्ड सुरक्षित रखने से भी जुड़ा है।" onEntry="this.fontWeight='500'; this.boxShadow='unset'; this.textAlign='start'; this.speak='true';" />
    </lido-cell>
    <lido-pos id="pos1" disable-edit="true" value="pos1" height="350px" width="350px" x="landscape.1300px, portrait.580px" y="landscape.670px, portrait.1350px" aria-hidden="true" z="1" bg-color="transparent" visible="true">
        <lido-avatar id="lido-avatar" disable-edit="true" visible="true" height="350px" width="350px" src="template-assets/images/file-avejkzfx.riv" alt-text="chimpleCharacterRive" />
    </lido-pos>
</lido-container><lido-container show-prev-button="false" show-next-button="true" id="lido-container" bg-image="" height="1600px" width="900px" value="mainContainer4" objective="" visible="true" onInCorrect="lido-avatar.avatarAnimate='Fail'; this.sleep='2000';" show-check="false" is-continue-on-correct="true" exit-button-url="template-assets/buttons/file-6zwk6dtq.svg" prev-button-url="template-assets/buttons/file-9usfme5p.svg" next-button-url="template-assets/buttons/file-25gs1zzw.svg" speaker-button-url="template-assets/buttons/file-6c7iy4bh.svg">
    <lido-cell id="cell1" margin="landscape.140px 0px 0px 0px,portrait.170px 0px 0px 0px" visible="true" layout="landscape.row,portrait.col" disable-edit="true" value="cell1" width="landscape.100%,portrait.86%" height="landscape.100%,portrait.80%" x="50px" y="50px" bg-color="white" onEntry="this.justifyContent='space-evenly'; this.borderRadius='6px'">
        <lido-image id="image1" disable-edit="true" margin="landscape.0px 0px 0px 0px,portrait.-20px 0px 0px 0px" value="image1" visible="true" src="game-assets/images/file-u0koxyjt.jpg" width="landscape.704px,portrait.744px" height="landscape.704px,portrait.707px" bg-color="transparent" alt-text="" onEntry="" />
        <lido-text id="text1" tab-index="1" audio="game-assets/audio/file-9tn73ltb.wav" disable-edit="true" margin="landscape.0px 0px 0px 27px,portrait.0px 0px 60px 0px" value="text1" visible="true" width="landscape.47%,portrait.90%" height="100%" bg-color="transparent" font-family="'Baloo 2', serif" font-size="44px" font-color="#000" string="ऑनलाइन दयालु होना सभी को सुरक्षित और खुश महसूस कराता है।" onEntry="this.fontWeight='500'; this.boxShadow='unset'; this.textAlign='start'; this.speak='true';" />
    </lido-cell>
    <lido-pos id="pos1" disable-edit="true" value="pos1" height="350px" width="350px" x="landscape.1300px, portrait.580px" y="landscape.670px, portrait.1350px" aria-hidden="true" z="1" bg-color="transparent" visible="true">
        <lido-avatar id="lido-avatar" disable-edit="true" visible="true" height="350px" width="350px" src="template-assets/images/file-avejkzfx.riv" alt-text="chimpleCharacterRive" />
    </lido-pos>
</lido-container><lido-container show-prev-button="false" show-next-button="true" id="lido-container" bg-image="" height="1600px" width="900px" value="mainContainer4" objective="" visible="true" onInCorrect="lido-avatar.avatarAnimate='Fail'; this.sleep='2000';" show-check="false" is-continue-on-correct="true" exit-button-url="template-assets/buttons/file-6zwk6dtq.svg" prev-button-url="template-assets/buttons/file-9usfme5p.svg" next-button-url="template-assets/buttons/file-25gs1zzw.svg" speaker-button-url="template-assets/buttons/file-6c7iy4bh.svg">
    <lido-cell id="cell1" margin="landscape.140px 0px 0px 0px,portrait.170px 0px 0px 0px" visible="true" layout="landscape.row,portrait.col" disable-edit="true" value="cell1" width="landscape.100%,portrait.86%" height="landscape.100%,portrait.80%" x="50px" y="50px" bg-color="white" onEntry="this.justifyContent='space-evenly'; this.borderRadius='6px'">
        <lido-image id="image1" disable-edit="true" margin="landscape.0px 0px 0px 0px,portrait.-20px 0px 0px 0px" value="image1" visible="true" src="game-assets/images/file-8l6gkywa.jpg" width="landscape.704px,portrait.744px" height="landscape.704px,portrait.707px" bg-color="transparent" alt-text="" onEntry="" />
        <lido-text id="text1" tab-index="1" audio="game-assets/audio/file-3qao1j4c.wav" disable-edit="true" margin="landscape.0px 0px 0px 27px,portrait.0px 0px 60px 0px" value="text1" visible="true" width="landscape.47%,portrait.90%" height="100%" bg-color="transparent" font-family="'Baloo 2', serif" font-size="44px" font-color="#000" string="तकनीक का समझदारी से उपयोग करना हमें रोज़ नई बातें सीखने में मदद करता है।" onEntry="this.fontWeight='500'; this.boxShadow='unset'; this.textAlign='start'; this.speak='true';" />
    </lido-cell>
    <lido-pos id="pos1" disable-edit="true" value="pos1" height="350px" width="350px" x="landscape.1300px, portrait.580px" y="landscape.670px, portrait.1350px" aria-hidden="true" z="1" bg-color="transparent" visible="true">
        <lido-avatar id="lido-avatar" disable-edit="true" visible="true" height="350px" width="350px" src="template-assets/images/file-avejkzfx.riv" alt-text="chimpleCharacterRive" />
    </lido-pos>
</lido-container><lido-container show-prev-button="false" show-next-button="true" id="lido-container" bg-image="" height="1600px" width="900px" value="mainContainer4" objective="" visible="true" onInCorrect="lido-avatar.avatarAnimate='Fail'; this.sleep='2000';" show-check="false" is-continue-on-correct="true" exit-button-url="template-assets/buttons/file-6zwk6dtq.svg" prev-button-url="template-assets/buttons/file-9usfme5p.svg" next-button-url="template-assets/buttons/file-25gs1zzw.svg" speaker-button-url="template-assets/buttons/file-6c7iy4bh.svg">
    <lido-cell id="cell1" margin="landscape.140px 0px 0px 0px,portrait.170px 0px 0px 0px" visible="true" layout="landscape.row,portrait.col" disable-edit="true" value="cell1" width="landscape.100%,portrait.86%" height="landscape.100%,portrait.80%" x="50px" y="50px" bg-color="white" onEntry="this.justifyContent='space-evenly'; this.borderRadius='6px'">
        <lido-image id="image1" disable-edit="true" margin="landscape.0px 0px 0px 0px,portrait.-20px 0px 0px 0px" value="image1" visible="true" src="game-assets/images/file-o4mvre3q.jpg" width="landscape.704px,portrait.744px" height="landscape.704px,portrait.707px" bg-color="transparent" alt-text="" onEntry="" />
        <lido-text id="text1" tab-index="1" audio="game-assets/audio/file-zfoa06hb.wav" disable-edit="true" margin="landscape.0px 0px 0px 27px,portrait.0px 0px 60px 0px" value="text1" visible="true" width="landscape.47%,portrait.90%" height="100%" bg-color="transparent" font-family="'Baloo 2', serif" font-size="44px" font-color="#000" string="यह हमें दोस्तों और परिवार से सुरक्षित रूप से जुड़े रहने में भी मदद करता है।" onEntry="this.fontWeight='500'; this.boxShadow='unset'; this.textAlign='start'; this.speak='true';" />
    </lido-cell>
    <lido-pos id="pos1" disable-edit="true" value="pos1" height="350px" width="350px" x="landscape.1300px, portrait.580px" y="landscape.670px, portrait.1350px" aria-hidden="true" z="1" bg-color="transparent" visible="true">
        <lido-avatar id="lido-avatar" disable-edit="true" visible="true" height="350px" width="350px" src="template-assets/images/file-avejkzfx.riv" alt-text="chimpleCharacterRive" />
    </lido-pos>
</lido-container><lido-container show-prev-button="false" show-next-button="true" id="lido-container" bg-image="" height="1600px" width="900px" value="mainContainer4" objective="" visible="true" onInCorrect="lido-avatar.avatarAnimate='Fail'; this.sleep='2000';" show-check="false" is-continue-on-correct="true" exit-button-url="template-assets/buttons/file-6zwk6dtq.svg" prev-button-url="template-assets/buttons/file-9usfme5p.svg" next-button-url="template-assets/buttons/file-25gs1zzw.svg" speaker-button-url="template-assets/buttons/file-6c7iy4bh.svg">
    <lido-cell id="cell1" margin="landscape.140px 0px 0px 0px,portrait.170px 0px 0px 0px" visible="true" layout="landscape.row,portrait.col" disable-edit="true" value="cell1" width="landscape.100%,portrait.86%" height="landscape.100%,portrait.80%" x="50px" y="50px" bg-color="white" onEntry="this.justifyContent='space-evenly'; this.borderRadius='6px'">
        <lido-image id="image1" disable-edit="true" margin="landscape.0px 0px 0px 0px,portrait.-20px 0px 0px 0px" value="image1" visible="true" src="game-assets/images/file-9ya2kzpd.jpg" width="landscape.704px,portrait.744px" height="landscape.704px,portrait.707px" bg-color="transparent" alt-text="" onEntry="" />
        <lido-text id="text1" tab-index="1" audio="game-assets/audio/file-hsgl4pev.wav" disable-edit="true" margin="landscape.0px 0px 0px 27px,portrait.0px 0px 60px 0px" value="text1" visible="true" width="landscape.47%,portrait.90%" height="100%" bg-color="transparent" font-family="'Baloo 2', serif" font-size="44px" font-color="#000" string="जब हम तकनीक का समझदारी और सुरक्षा के साथ उपयोग करते हैं, तो हम शानदार विचार बना सकते हैं और ज़िम्मेदारी से मज़ा ले सकते हैं।" onEntry="this.fontWeight='500'; this.boxShadow='unset'; this.textAlign='start'; this.speak='true';" />
    </lido-cell>
    <lido-pos id="pos1" disable-edit="true" value="pos1" height="350px" width="350px" x="landscape.1300px, portrait.580px" y="landscape.670px, portrait.1350px" aria-hidden="true" z="1" bg-color="transparent" visible="true">
        <lido-avatar id="lido-avatar" disable-edit="true" visible="true" height="350px" width="350px" src="template-assets/images/file-avejkzfx.riv" alt-text="chimpleCharacterRive" />
    </lido-pos>
</lido-container>
    <lido-container id="lido-container" value="maincontainer" objective="option_1" aria-label="This is a multiple-option question. Select one option from the list." height="100vh" width="100vw" x="0" y="0" z="0" bg-color="transparent" bg-image="template-assets/bg-images/file-bo1dez03.png" visible="true" onCorrect="lido-avatar.avatarAnimate='Success'; this.sleep='2000';" onInCorrect="lido-avatar.avatarAnimate='Fail'; this.sleep='2000';" show-check="false" is-continue-on-correct="true" onEntry="" exit-button-url="template-assets/buttons/file-6zwk6dtq.svg" prev-button-url="template-assets/buttons/file-9usfme5p.svg" next-button-url="template-assets/buttons/file-25gs1zzw.svg" speaker-button-url="template-assets/buttons/file-6c7iy4bh.svg">

    
    <lido-cell layout="pos" id="pos1" disable-edit="true" value="pos1" height="300px" width="300px" x="landscape.-20px, portrait.-20px" y="landscape.100px, portrait.400px" aria-hidden="true" z="2" bg-color="transparent" visible="true">

      <lido-avatar id="lido-avatar" disable-edit="true" visible="true" height="100%" width="100%" src="template-assets/images/file-avejkzfx.riv" alt-text="" bg-color="transparent">
      </lido-avatar>

      <lido-image id="shadow1" disable-edit="true" value="image1" visible="true" src="template-assets/images/file-f1la68sw.png" bg-color="transparent" width="186px" height="40px" x="55px" y="248px" alt-text="">
      </lido-image>
    </lido-cell>

    <lido-cell visible="true" layout="col" width="100%" height="100%" bg-color="transparent">
      <lido-text visible="true" width="80%" height="10%" bg-color="transparent" />

      <lido-text tab-index="1" audio="game-assets/audio/file-8idorxdy.wav" visible="true" id="lido-question" width="landscape.65%, portrait.80%" height="10%" bg-color="#FFF5BB" string="डिजिटल साक्षरता का क्या मतलब है?" border-radius="16px" onEntry="this.border='1px solid black'; this.fontWeight='500'; this.padding='50px';" font-size="36px">
      </lido-text>

      <lido-cell visible="true" width="100%" height="landscape.68%, portrait.100%" bg-color="transparent" layout="landscape.row, portrait.col" margin="landscape.0, portrait.-108px 0 0 0">

        

        <lido-cell visible="true" layout="wrap" width="landscape.70%, portrait.80%" height="landscape.97%, portrait.auto" bg-color="transparent" gap="40px" onEntry="this.gridTemplateColumns='1fr 1fr';" margin="landscape.0, portrait.-195px 0 0 0">

          
          
          <lido-cell tab-index="2" visible="true" layout="col" width="100%" type="click" audio="game-assets/audio/file-2bbr7dle.wav" value="option_3" height="landscape.250px, portrait.270px" onEntry="this.borderRadius='25px'; this.padding='0';" onCorrect="this.cellBorderAnimate='#65BC46';" onInCorrect="this.vibrate='horizontal-shake';" onTouch="">
                
            <lido-text visible="true" font-size="36px" font-color="black" string="दोस्तों के साथ पासवर्ड साझा करना" width="fit-content" bg-color="transparent" onEntry="this.fontWeight='500'; this.padding='0 20px';">
            </lido-text>
          </lido-cell>
					
          
          <lido-cell tab-index="3" visible="true" layout="col" width="100%" type="click" audio="game-assets/audio/file-noqeqzeh.wav" value="option_2" height="landscape.250px, portrait.270px" onEntry="this.borderRadius='25px'; this.padding='0';" onCorrect="this.cellBorderAnimate='#65BC46';" onInCorrect="this.vibrate='horizontal-shake';" onTouch="">
                
            <lido-text visible="true" font-size="36px" font-color="black" string="पूरे दिन खेल खेलना" width="fit-content" bg-color="transparent" onEntry="this.fontWeight='500'; this.padding='0 20px';">
            </lido-text>
          </lido-cell>
					
          
          <lido-cell tab-index="4" visible="true" layout="col" width="100%" type="click" audio="game-assets/audio/file-fzek0lrr.wav" value="option_4" height="landscape.250px, portrait.270px" onEntry="this.borderRadius='25px'; this.padding='0';" onCorrect="this.cellBorderAnimate='#65BC46';" onInCorrect="this.vibrate='horizontal-shake';" onTouch="">
                
            <lido-text visible="true" font-size="36px" font-color="black" string="ऑनलाइन बुरा व्यवहार करना" width="fit-content" bg-color="transparent" onEntry="this.fontWeight='500'; this.padding='0 20px';">
            </lido-text>
          </lido-cell>
					
          
          <lido-cell tab-index="5" visible="true" layout="col" width="100%" type="click" audio="game-assets/audio/file-07eafo9d.wav" value="option_1" height="landscape.250px, portrait.270px" onEntry="this.borderRadius='25px'; this.padding='0';" onCorrect="this.cellBorderAnimate='#65BC46';" onInCorrect="this.vibrate='horizontal-shake';" onTouch="">
                
            <lido-text visible="true" font-size="36px" font-color="black" string="तकनीक का समझदारी और सुरक्षित तरीके से उपयोग करना" width="fit-content" bg-color="transparent" onEntry="this.fontWeight='500'; this.padding='0 20px';">
            </lido-text>
          </lido-cell>

        </lido-cell>
      </lido-cell>
    </lido-cell>
  </lido-container>

        <lido-container id="lido-container" exit-button-url="template-assets/buttons/file-6zwk6dtq.svg" prev-button-url="template-assets/buttons/file-9usfme5p.svg" next-button-url="template-assets/buttons/file-25gs1zzw.svg" speaker-button-url="template-assets/buttons/file-6c7iy4bh.svg" is-allow-only-correct="true" value="mainContainer1" bg-image="template-assets/bg-images/file-j8dok58i.png" objective="जानकारी" height="100%" width="100%" bg-color="transparent" visible="true" onCorrect="lido-avatar.avatarAnimate='Success';fullSentence.speak='true';this.sleep='2000';" onEntry="this.justifyContent='space-around';" onInCorrect="lido-avatar.avatarAnimate='Fail'; this.sleep='2000';" show-check="false" is-continue-on-correct="true" after-drop="false">
            <lido-text id="fullSentence" visible="false" onEntry="this.display='none';" string="डिजिटल साक्षरता हमें ऑनलाइन अच्छी जानकारी ढूँढने में मदद करती है।" audio="game-assets/audio/file-6vt33fpa.wav" />
            
            <lido-cell layout="pos" id="pos1" disable-edit="true" value="pos2" height="landscape.448px,portrait.402px" width="landscape.350px,portrait.398px" x="landscape.-227px, portrait.541px" y="landscape.470px, portrait.1304px" aria-hidden="true" z="1" bg-color="transparent" visible="true" onEntry="this.animation='leftToPlace 2.5s linear';">
                <lido-avatar id="lido-avatar" disable-edit="true" visible="true" height="100%" width="100%" src="template-assets/images/file-avejkzfx.riv" alt-text="Chimple Character">
                </lido-avatar>
            </lido-cell>
            
		    <lido-cell layout="col" visible="true" width="100%" height="100%" bg-color="transparent" margin="landscape.0,portrait.-90px 0px 0px 0px">
			
			<lido-cell visible="true" margin="landscape.12px 0px -17px 0px, portrait.0px 0px 0px;">
				<lido-text id="heading" tab-index="1" width="landscape.770px,portrait.433px" visible="true" audio="template-assets/audio/file-ij5idzri.mp3" string="रिक्त स्थान भरें" font-family="'Baloo Bhai 2'" fontColor="black" font-size="landscape.45px, portrait.45px" bg-color="transparent" onEntry=" this.fontWeight='700';" margin="landscape.32px 0px 4px 0px,portrait.18px 0px 0px 0px">
                </lido-text>
			</lido-cell>
			
                 <lido-cell audio="game-assets/audio/file-6vt33fpa.wav" layout="landscape.row, portrait.col" visible="true" width="landscape.90%, portrait.100%" height="landscape.70%, portrait.80%" bg-color="white" onEntry="this.borderRadius='10px'; this.padding='8px';" margin="landscape.0 , portrait.-18px 0px 0px 0px">

                      
                    <lido-image id="image1" disable-edit="true" visible="true" src="game-assets/images/file-wp7jdjt2.jpg" width="landscape.542px, portrait.100%" height="landscape.100%, portrait.62%" margin="landscape.0px 0px 0px 0px , portrait. 0" />
                    
                    <lido-cell layout="flex" bg-Color="transparent" visible="true" height="landscape.100%,portrait.80%" width="landscape.754px, portrait.100%" onEntry="this.align-content='center'; this.gap='32px';this.display='ruby';" margin="landscape.21px 0px 0px 61px, portrait.45px 6px 0px 64px">
  
                         <lido-text font-family="'Baloo Bhai 2'" visible="true" font-size="landscape.46px,portrait.45px" y="-10px" string="डिजिटल साक्षरता हमें ऑनलाइन अच्छी " bg-color="transparent" onEntry="this.position='relative'; this.fontWeight='600';this.display='inline'; this.padding='0px 20px 0px 0px'; " /> 
<lido-text tab-index="3" drop-attr="stretch" id="drop_1" disable-edit="true" visible="true" width="164px" height="landscape.73px,portrait.77px" value="जानकारी" type="drop" is-allow-only-one-drop="true" drop-Attr="stretch" onEntry="this.border-radius='10px';this.box-shoadow='';this.fontWeight='600'; this.margin-right='35px';" />
<lido-text font-family="'Baloo Bhai 2'" visible="true" font-size="landscape.46px,portrait.45px" y="-10px" string=" ढूँढने में मदद करती है।" bg-color="transparent" onEntry="this.position='relative'; this.fontWeight='600';this.display='inline'; this.padding='0px 20px 0px 0px'; " /> 
                    </lido-cell>
                </lido-cell>
              <lido-cell layout="landscape.row, portrait.wrap" childElementsLength="4" onEntry="this.gap='28px';    this.gridTemplateColumns = 'repeat(2, 1fr)';  this.gridTemplateRows = 'repeat(2, 1fr)';" visible="true" margin="landscape.6px 0px 74px 0px, portrait.34px 128px 0px 130px">
				<lido-text font-family="'Baloo Bhai 2'" audio="game-assets/audio/file-q623cpvr.wav" id="option_3" value="अफ़वाहें" tab-index="7" visible="true" bg-color="#fcf3b1" onEntry="this.padding='0px 48px'; this.borderRadius='24px'; this.line-height='34px'; this.fontWeight='600';" width="auto" height="landscape.87px, portrait.91px" string="अफ़वाहें" fontColor="black" font-size="landscape.46px,portrait.45px" type="drag"> </lido-text>
<lido-text font-family="'Baloo Bhai 2'" audio="game-assets/audio/file-1x0q8pr6.wav" id="option_1" value="जानकारी" tab-index="5" visible="true" bg-color="#fcf3b1" onEntry="this.padding='0px 48px'; this.borderRadius='24px'; this.line-height='34px'; this.fontWeight='600';" width="auto" height="landscape.87px, portrait.91px" string="जानकारी" fontColor="black" font-size="landscape.46px,portrait.45px" type="drag"> </lido-text>
<lido-text font-family="'Baloo Bhai 2'" audio="game-assets/audio/file-cw9rurso.wav" id="option_2" value="खेल" tab-index="6" visible="true" bg-color="#fcf3b1" onEntry="this.padding='0px 48px'; this.borderRadius='24px'; this.line-height='34px'; this.fontWeight='600';" width="auto" height="landscape.87px, portrait.91px" string="खेल" fontColor="black" font-size="landscape.46px,portrait.45px" type="drag"> </lido-text>
                </lido-cell>
            </lido-cell>
        </lido-container>
        
            <lido-container id="lido-container" onCorrect="lido-avatar.avatarAnimate='Success'; this.sleep='2000';" is-allow-only-correct="true" objective="शैक्षिक वीडियो देखना,दोस्ताना संदेश भेजना,पासवर्ड सुरक्षित रखना,परिवार को वीडियो कॉल करना" visible="true" bg-image="template-assets/bg-images/file-m0bjpipd.png" dropAttr="EnableAnimation" exit-button-url="template-assets/buttons/file-6zwk6dtq.svg" prev-button-url="template-assets/buttons/file-9usfme5p.svg" next-button-url="template-assets/buttons/file-25gs1zzw.svg" speaker-button-url="template-assets/buttons/file-6c7iy4bh.svg">

                
                <lido-cell layout="pos" id="pos1" disableEdit="true" value="pos2" height="landscape.205px,portrait.195px" width="landscape.209px,portrait.209px" x="landscape.2%,portrait.80%" y="landscape.85px,portrait.146px" ariaHidden="true" bgColor="transparent" visible="true" onEntry="">
                    <lido-avatar id="lido-avatar" disableEdit="true" visible="true" height="100%" width="100%" src="template-assets/images/file-avejkzfx.riv" altText="{chimpleCharacterRive}">
                    </lido-avatar>
                </lido-cell>

                
                
        <lido-text id="heading" audio="game-assets/audio/file-kcghsv7e.wav" width="landscape.80%,portrait.70%" tabIndex="20" visible="true" string="काम को उसके लाभ के साथ मिलाओ।" font-family="'Baloo Bhai 2'" fontColor="#323232" font-size="landscape.36px,portrait.36px" bg-Color="transparent" onEntry="this.padding='0px 45px';this.fontWeight='600';" margin="landscape.120px 0px -25px 0px, portrait.160px 0px -39px 0px">
        </lido-text>
        

                <lido-cell visible="true" flex-direction="landscape., portrait.row-reverse" bg-color="transparent" layout="portrait.row,landscape.col" width="100%" height="100%" onEntry="">
                    <lido-cell visible="true" margin="20px 0px 0px 0px" bg-color="transparent" layout="landscape.row,portrait.col" height="landscape.50%,portrait.96%" width="landscape.100%,portrait.100%" onEntry="this.gap='10px';">
                        
        <lido-cell layout="row" visible="true" bg-color="transparent" height="landscape.100%,portrait.20%" width="landscape.20%,portrait.100%">
            <lido-cell layout="random" visible="true" width="100%" height="100%" bg-color="transparent">
                
        <lido-cell id="drop_pair_1" border-radius="8px" audio="game-assets/audio/file-kh1wol77.wav" value="शैक्षिक वीडियो देखना" tab-index="2" height="landscape.270px,portrait.240px" width="landscape.266px,portrait.260px" type="drop" layout="col" visible="true" bg-Color="white" onEntry="this.padding='0px'; this.borderRadius='8px';" onCorrect="this.speak='true'; drag_pair_1.speak='true';">
            
        <lido-text visible="true" height="100%" font-family="'Baloo Bhai 2'" font-size="40px" string="नई चीज़ें सीखना" bg-Color="transparent" onEntry="this.fontWeight='600';">
        </lido-text>
        
        </lido-cell>
        
            </lido-cell>
        </lido-cell>
        
				
        <lido-cell layout="row" visible="true" bg-color="transparent" height="landscape.100%,portrait.20%" width="landscape.20%,portrait.100%">
            <lido-cell layout="random" visible="true" width="100%" height="100%" bg-color="transparent">
                
        <lido-cell id="drop_pair_2" border-radius="8px" audio="game-assets/audio/file-9ptp1vd8.wav" value="दोस्ताना संदेश भेजना" tab-index="3" height="landscape.270px,portrait.240px" width="landscape.266px,portrait.260px" type="drop" layout="col" visible="true" bg-Color="white" onEntry="this.padding='0px'; this.borderRadius='8px';" onCorrect="this.speak='true'; drag_pair_2.speak='true';">
            
        <lido-text visible="true" height="100%" font-family="'Baloo Bhai 2'" font-size="40px" string="दूसरों को सुरक्षित महसूस कराना" bg-Color="transparent" onEntry="this.fontWeight='600';">
        </lido-text>
        
        </lido-cell>
        
            </lido-cell>
        </lido-cell>
        
				
        <lido-cell layout="row" visible="true" bg-color="transparent" height="landscape.100%,portrait.20%" width="landscape.20%,portrait.100%">
            <lido-cell layout="random" visible="true" width="100%" height="100%" bg-color="transparent">
                
        <lido-cell id="drop_pair_3" border-radius="8px" audio="game-assets/audio/file-qind3k0l.wav" value="पासवर्ड सुरक्षित रखना" tab-index="4" height="landscape.270px,portrait.240px" width="landscape.266px,portrait.260px" type="drop" layout="col" visible="true" bg-Color="white" onEntry="this.padding='0px'; this.borderRadius='8px';" onCorrect="this.speak='true'; drag_pair_3.speak='true';">
            
        <lido-text visible="true" height="100%" font-family="'Baloo Bhai 2'" font-size="40px" string="गोपनीयता की रक्षा करना" bg-Color="transparent" onEntry="this.fontWeight='600';">
        </lido-text>
        
        </lido-cell>
        
            </lido-cell>
        </lido-cell>
        
				
        <lido-cell layout="row" visible="true" bg-color="transparent" height="landscape.100%,portrait.20%" width="landscape.20%,portrait.100%">
            <lido-cell layout="random" visible="true" width="100%" height="100%" bg-color="transparent">
                
        <lido-cell id="drop_pair_4" border-radius="8px" audio="game-assets/audio/file-lc0b2e9m.wav" value="परिवार को वीडियो कॉल करना" tab-index="5" height="landscape.270px,portrait.240px" width="landscape.266px,portrait.260px" type="drop" layout="col" visible="true" bg-Color="white" onEntry="this.padding='0px'; this.borderRadius='8px';" onCorrect="this.speak='true'; drag_pair_4.speak='true';">
            
        <lido-text visible="true" height="100%" font-family="'Baloo Bhai 2'" font-size="40px" string="जुड़े रहना" bg-Color="transparent" onEntry="this.fontWeight='600';">
        </lido-text>
        
        </lido-cell>
        
            </lido-cell>
        </lido-cell>
        
                    </lido-cell>
                    <lido-cell visible="true" margin="landscape.0px 0px 0px 0px,portrait.0px 0px 0px 0px" bg-color="transparent" layout="landscape.row,portrait.col" height="landscape.40%,portrait.96%" width="100%" onEntry="">
                        
        <lido-cell layout="row" visible="true" bg-color="transparent" height="landscape.100%,portrait.20%" width="landscape.20%,portrait.100%">
            <lido-cell layout="random" visible="true" width="100%" height="100%" bg-color="transparent">
                
        <lido-cell id="drag_pair_4" border-radius="8px" audio="game-assets/audio/file-9l69wykp.wav" value="परिवार को वीडियो कॉल करना" tab-index="6" height="landscape.270px,portrait.240px" width="landscape.266px,portrait.260px" type="drag" layout="col" visible="true" bg-Color="white" onEntry="this.padding='0px'; this.borderRadius='8px';">
            
        <lido-text visible="true" height="100%" font-family="'Baloo Bhai 2'" font-size="40px" string="परिवार को वीडियो कॉल करना" bg-Color="transparent" onEntry="this.fontWeight='600';">
        </lido-text>
        
        </lido-cell>
        
            </lido-cell>
        </lido-cell>
        
				
        <lido-cell layout="row" visible="true" bg-color="transparent" height="landscape.100%,portrait.20%" width="landscape.20%,portrait.100%">
            <lido-cell layout="random" visible="true" width="100%" height="100%" bg-color="transparent">
                
        <lido-cell id="drag_pair_2" border-radius="8px" audio="game-assets/audio/file-93pw7jhs.wav" value="दोस्ताना संदेश भेजना" tab-index="7" height="landscape.270px,portrait.240px" width="landscape.266px,portrait.260px" type="drag" layout="col" visible="true" bg-Color="white" onEntry="this.padding='0px'; this.borderRadius='8px';">
            
        <lido-text visible="true" height="100%" font-family="'Baloo Bhai 2'" font-size="40px" string="दोस्ताना संदेश भेजना" bg-Color="transparent" onEntry="this.fontWeight='600';">
        </lido-text>
        
        </lido-cell>
        
            </lido-cell>
        </lido-cell>
        
				
        <lido-cell layout="row" visible="true" bg-color="transparent" height="landscape.100%,portrait.20%" width="landscape.20%,portrait.100%">
            <lido-cell layout="random" visible="true" width="100%" height="100%" bg-color="transparent">
                
        <lido-cell id="drag_pair_3" border-radius="8px" audio="game-assets/audio/file-t0qhy7m6.wav" value="पासवर्ड सुरक्षित रखना" tab-index="8" height="landscape.270px,portrait.240px" width="landscape.266px,portrait.260px" type="drag" layout="col" visible="true" bg-Color="white" onEntry="this.padding='0px'; this.borderRadius='8px';">
            
        <lido-text visible="true" height="100%" font-family="'Baloo Bhai 2'" font-size="40px" string="पासवर्ड सुरक्षित रखना" bg-Color="transparent" onEntry="this.fontWeight='600';">
        </lido-text>
        
        </lido-cell>
        
            </lido-cell>
        </lido-cell>
        
				
        <lido-cell layout="row" visible="true" bg-color="transparent" height="landscape.100%,portrait.20%" width="landscape.20%,portrait.100%">
            <lido-cell layout="random" visible="true" width="100%" height="100%" bg-color="transparent">
                
        <lido-cell id="drag_pair_1" border-radius="8px" audio="game-assets/audio/file-0ap8xvtm.wav" value="शैक्षिक वीडियो देखना" tab-index="9" height="landscape.270px,portrait.240px" width="landscape.266px,portrait.260px" type="drag" layout="col" visible="true" bg-Color="white" onEntry="this.padding='0px'; this.borderRadius='8px';">
            
        <lido-text visible="true" height="100%" font-family="'Baloo Bhai 2'" font-size="40px" string="शैक्षिक वीडियो देखना" bg-Color="transparent" onEntry="this.fontWeight='600';">
        </lido-text>
        
        </lido-cell>
        
            </lido-cell>
        </lido-cell>
        
                    </lido-cell>
                </lido-cell>
            </lido-container>
        <lido-container id="lido-container" exit-button-url="template-assets/buttons/file-6zwk6dtq.svg" prev-button-url="template-assets/buttons/file-9usfme5p.svg" next-button-url="template-assets/buttons/file-25gs1zzw.svg" speaker-button-url="template-assets/buttons/file-6c7iy4bh.svg" show-next-button="true" show-drop-border="false" tabIndex="0" value="mainContainer1" bg-Color="#FFF" height="100%" width="100%" visible="true" objective="(opt_0|opt_1|opt_2|opt_3),(opt_4|opt_5|opt_6|opt_7)" show-Check="false" is-Continue-On-Correct="true" after-Drop="false" onCorrect="lido-avatar.avatarAnimate='Success'; this.sleep='2000';" onInCorrect="lido-avatar.avatarAnimate='Fail'; this.sleep='2000';" is-allow-only-correct="false"> 
		<lido-cell layout="col" visible="true" height="100%" width="98%" bgColor="transparent" margin="landscape.83px 0px 0px 0px, portrait.36px 0px -49px 0px">
			<lido-cell layout="pos" id="pos1" disableEdit="true" value="pos2" height="landscape.205px,portrait.195px" width="landscape.209px,portrait.209px" x="landscape.12px,portrait.-17px" y="landscape.68px,portrait.146px" ariaHidden="true" bgColor="transparent" visible="true" onEntry="">
				<lido-avatar id="lido-avatar" disableEdit="true" visible="true" height="100%" width="100%" src="template-assets/images/file-avejkzfx.riv" altText="{chimpleCharacterRive}">
				</lido-avatar>
			</lido-cell>
            
			<lido-text id="heading" tabIndex="2" width="1400px" audio="game-assets/audio/file-vnzygiln.wav" visible="true" string="ऑनलाइन सुरक्षित और असुरक्षित कार्यों को अलग करो।" font-family="'Baloo Bhai 2'" fontColor="#323232" font-size="landscape.44px,portrait.32px" bg-Color="transparent" onEntry="this.padding='0px 47px'; this.line-height='45px'; this.fontWeight='400';" margin="landscape.26px 0px -25px 0px, portrait.80px 0px -62px">
            </lido-text>


			<lido-cell layout="row" visible="true" onEntry="head1.speak='true'; head2.speak='true'" height="landscape.38%,portrait.41%" width="100%" bg-Color="transparent" margin="landscape.7px 0px 0px 0px,portrait.55px 0px -73px 0px">
				<lido-cell id="cate1" z="100" visible="true" audio="game-assets/audio/file-rma0o0e2.wav" width="landscape.48%,portrait.30%" height="100%" bg-Color="#E3F5FC" onEntry="this.border-radius='6px';this.border=' 2px dashed #326B80';this.display='flex';this.flex-direction='column';this.align-items='center';" onTouch="this.addClass='highlight-element'; cate2.removeClass='highlight-element';">
    <lido-text visible="true" id="head1" audio="game-assets/audio/file-rma0o0e2.wav" font-family="'Baloo Bhai 2'" font-size="landscape.32px,portrait.32px" string="सुरक्षित ऑनलाइन क्रियाएँ" bg-Color="transparent" onEntry="this.padding='10px 47px'; this.line-height='26px'; this.fontWeight='600';" z="1" />
    <lido-cell layout="landscape.wrap,portrait.col" id="category1" scrollbar-width="14px" visible="true" value="opt_0,opt_1,opt_2,opt_3" tab-index="3" type="category" height="1000px" width="100%" bg-color="#E3F5FC" onEntry="this.padding='23px';this.overflow=' hidden'; this.justify-items='center';  this.grid-template-columns=' repeat(2, 1fr)'; this.gap=' 10px'; this.overflow-y=' auto';" margin="landscape.-15px 0px 0px 0px,portrait.0px" />
</lido-cell>
				<lido-cell id="cate2" z="100" visible="true" audio="game-assets/audio/file-m7h8sldv.wav" width="landscape.48%,portrait.30%" height="100%" bg-Color="#F2EAFC" onEntry="this.border-radius='6px';this.border=' 2px dashed #67428F';this.display='flex';this.flex-direction='column';this.align-items='center';" onTouch="this.addClass='highlight-element'; cate1.removeClass='highlight-element';">
    <lido-text visible="true" id="head2" audio="game-assets/audio/file-m7h8sldv.wav" font-family="'Baloo Bhai 2'" font-size="landscape.32px,portrait.32px" string="असुरक्षित ऑनलाइन क्रियाएँ" bg-Color="transparent" onEntry="this.padding='10px 47px'; this.line-height='26px'; this.fontWeight='600';" z="1" />
    <lido-cell layout="landscape.wrap,portrait.col" id="category2" scrollbar-width="14px" visible="true" value="opt_4,opt_5,opt_6,opt_7" tab-index="4" type="category" height="1000px" width="100%" bg-color="#F2EAFC" onEntry="this.padding='23px';this.overflow=' hidden'; this.justify-items='center';  this.grid-template-columns=' repeat(2, 1fr)'; this.gap=' 10px'; this.overflow-y=' auto';" margin="landscape.-15px 0px 0px 0px,portrait.0px" />
</lido-cell>
			</lido-cell>
			<lido-cell layout="landscape.row,portrait.wrap" z="0" visible="true" type="optionArea" height="landscape.32%,portrait.38%" width="landscape.99%,portrait.98%" bg-Color="#FEEDE6" margin="landscape.-33px 0px 32px 0px, portrait.23px 0px 18px 0px" onEntry=" this.border='1px solid #FAB89C';this.overflow=' hidden'; this.gap='25px'; this.align-items='center'; this.justify-content='center';this.border-radius='6px';">
				 <lido-cell layout="col" onTouch="" z="1" audio="game-assets/audio/file-2kcxusnn.wav" x="29px" y="-221px" visible="true" type="option" tab-index="5" id="i1" value="opt_3" height="240px" width="166px" bg-Color="white" onEntry="this.padding='0px';this.flex-shrink='0';this.box-sizing='unset';this.align-items='center';this.justify-content='center';this.border-radius='6px';this. box-shadow=' 0px 8px 0px -2px rgba(0, 0, 0, 0.1)'"> <lido-text visible="true" onTouch="" height="31px" width="145px" string="तकनीक का समझदारी से उपयोग करना" font-family="'Baloo Bhai 2'" font-size="32px" margin="17px 0px 0px 0px" onEntry="this.pointer-events=' none';this.border-radius='0px'; this.line-height='30px'; this.fontWeight='500';" bg-Color="white" /></lido-cell>
				 <lido-cell layout="col" onTouch="" z="1" audio="game-assets/audio/file-ev19k9ug.wav" x="29px" y="-221px" visible="true" type="option" tab-index="6" id="i2" value="opt_2" height="240px" width="166px" bg-Color="white" onEntry="this.padding='0px';this.flex-shrink='0';this.box-sizing='unset';this.align-items='center';this.justify-content='center';this.border-radius='6px';this. box-shadow=' 0px 8px 0px -2px rgba(0, 0, 0, 0.1)'"> <lido-text visible="true" onTouch="" height="31px" width="145px" string="अच्छी जानकारी ढूँढना" font-family="'Baloo Bhai 2'" font-size="32px" margin="17px 0px 0px 0px" onEntry="this.pointer-events=' none';this.border-radius='0px'; this.line-height='30px'; this.fontWeight='500';" bg-Color="white" /></lido-cell>
				 <lido-cell layout="col" onTouch="" z="1" audio="game-assets/audio/file-dhuj7731.wav" x="29px" y="-221px" visible="true" type="option" tab-index="7" id="i3" value="opt_7" height="240px" width="166px" bg-Color="white" onEntry="this.padding='0px';this.flex-shrink='0';this.box-sizing='unset';this.align-items='center';this.justify-content='center';this.border-radius='6px';this. box-shadow=' 0px 8px 0px -2px rgba(0, 0, 0, 0.1)'"> <lido-text visible="true" onTouch="" height="31px" width="145px" string="व्यक्तिगत जानकारी देना" font-family="'Baloo Bhai 2'" font-size="32px" margin="17px 0px 0px 0px" onEntry="this.pointer-events=' none';this.border-radius='0px'; this.line-height='30px'; this.fontWeight='500';" bg-Color="white" /></lido-cell>
				 <lido-cell layout="col" onTouch="" z="1" audio="game-assets/audio/file-lqzbe8rw.wav" x="29px" y="-221px" visible="true" type="option" tab-index="8" id="i4" value="opt_1" height="240px" width="166px" bg-Color="white" onEntry="this.padding='0px';this.flex-shrink='0';this.box-sizing='unset';this.align-items='center';this.justify-content='center';this.border-radius='6px';this. box-shadow=' 0px 8px 0px -2px rgba(0, 0, 0, 0.1)'"> <lido-text visible="true" onTouch="" height="31px" width="145px" string="ऑनलाइन दयालु होना" font-family="'Baloo Bhai 2'" font-size="32px" margin="17px 0px 0px 0px" onEntry="this.pointer-events=' none';this.border-radius='0px'; this.line-height='30px'; this.fontWeight='500';" bg-Color="white" /></lido-cell>
				 <lido-cell layout="col" onTouch="" z="1" audio="game-assets/audio/file-9f6aboks.wav" x="29px" y="-221px" visible="true" type="option" tab-index="9" id="i5" value="opt_4" height="240px" width="166px" bg-Color="white" onEntry="this.padding='0px';this.flex-shrink='0';this.box-sizing='unset';this.align-items='center';this.justify-content='center';this.border-radius='6px';this. box-shadow=' 0px 8px 0px -2px rgba(0, 0, 0, 0.1)'"> <lido-text visible="true" onTouch="" height="31px" width="145px" string="पासवर्ड साझा करना" font-family="'Baloo Bhai 2'" font-size="32px" margin="17px 0px 0px 0px" onEntry="this.pointer-events=' none';this.border-radius='0px'; this.line-height='30px'; this.fontWeight='500';" bg-Color="white" /></lido-cell>
				 <lido-cell layout="col" onTouch="" z="1" audio="game-assets/audio/file-24wne6q9.wav" x="29px" y="-221px" visible="true" type="option" tab-index="10" id="i6" value="opt_0" height="240px" width="166px" bg-Color="white" onEntry="this.padding='0px';this.flex-shrink='0';this.box-sizing='unset';this.align-items='center';this.justify-content='center';this.border-radius='6px';this. box-shadow=' 0px 8px 0px -2px rgba(0, 0, 0, 0.1)'"> <lido-text visible="true" onTouch="" height="31px" width="145px" string="पासवर्ड को निजी रखना" font-family="'Baloo Bhai 2'" font-size="32px" margin="17px 0px 0px 0px" onEntry="this.pointer-events=' none';this.border-radius='0px'; this.line-height='30px'; this.fontWeight='500';" bg-Color="white" /></lido-cell>
				 <lido-cell layout="col" onTouch="" z="1" audio="game-assets/audio/file-j6yqjahn.wav" x="29px" y="-221px" visible="true" type="option" tab-index="11" id="i7" value="opt_5" height="240px" width="166px" bg-Color="white" onEntry="this.padding='0px';this.flex-shrink='0';this.box-sizing='unset';this.align-items='center';this.justify-content='center';this.border-radius='6px';this. box-shadow=' 0px 8px 0px -2px rgba(0, 0, 0, 0.1)'"> <lido-text visible="true" onTouch="" height="31px" width="145px" string="बुरा" font-family="'Baloo Bhai 2'" font-size="32px" margin="17px 0px 0px 0px" onEntry="this.pointer-events=' none';this.border-radius='0px'; this.line-height='30px'; this.fontWeight='500';" bg-Color="white" /></lido-cell>
				 <lido-cell layout="col" onTouch="" z="1" audio="game-assets/audio/file-apv8njzw.wav" x="29px" y="-221px" visible="true" type="option" tab-index="12" id="i8" value="opt_6" height="240px" width="166px" bg-Color="white" onEntry="this.padding='0px';this.flex-shrink='0';this.box-sizing='unset';this.align-items='center';this.justify-content='center';this.border-radius='6px';this. box-shadow=' 0px 8px 0px -2px rgba(0, 0, 0, 0.1)'"> <lido-text visible="true" onTouch="" height="31px" width="145px" string="अनजान लिंक पर क्लिक करना" font-family="'Baloo Bhai 2'" font-size="32px" margin="17px 0px 0px 0px" onEntry="this.pointer-events=' none';this.border-radius='0px'; this.line-height='30px'; this.fontWeight='500';" bg-Color="white" /></lido-cell>
			</lido-cell>
		</lido-cell>
</lido-container>
	<lido-container id="lido-container" exit-button-url="template-assets/buttons/file-6zwk6dtq.svg" prev-button-url="template-assets/buttons/file-9usfme5p.svg" next-button-url="template-assets/buttons/file-25gs1zzw.svg" speaker-button-url="template-assets/buttons/file-6c7iy4bh.svg" is-allow-only-correct="true" value="maincontainer" objective="स्मार्ट,चुनाव,सुरक्षा,और,ऑनलाइन,दयालुता।" x="0" y="0" z="0" bg-color="transparent" bg-image="template-assets/bg-images/file-ukukylar.png" visible="true" onCorrect="lido-avatar.avatarAnimate='Success';qustionAudio.speak='true'; pos2.animation='placeToLeft 2.5s linear'; this.sleep='2000';" onEntry="" onInCorrect="lido-avatar.avatarAnimate='Fail'; this.sleep='2000';" show-check="false" is-continue-on-correct="false" appendToDropOnCompletion="true">
		<lido-cell visible="false" id="speak-con">
			<lido-text id="sentenceText" audio="" string="स्मार्ट चुनाव सुरक्षा और ऑनलाइन दयालुता।" />
		</lido-cell>
		<lido-cell id="row1" layout="col" height="100%" width="100%" visible="true" bg-Color="transparent">
            
			<lido-text tab-index="1" id="qustionAudio" margin="60px 0px -139px 0px" visible="true" bg-color="transparent" y="landscape.30px, portrait.79px" onEntry="this.padding='0px 45px'; this.fontWeight='600'; this.speak='true'" audio="game-assets/audio/file-uzdbhvee.wav" width="auto" height="5%" string="क्या चीज़ हमें तकनीक का सुरक्षित और समझदारी से उपयोग करने में मदद करती है?" font-family="'Baloo 2', serif" font-size="36px" z="2" />
			<lido-cell id="col" layout="col" disable-edit="true" value="pos" aria-hidden="true" x="0" y="0" z="0" bg-color="transparent" type="" visible="true" onTouch="" onCorrect="" width="100%" height="100%" onEntry="">
				<lido-cell id="pos2" layout="pos" disable-edit="true" value="pos" aria-hidden="true" x="0" y="landscape.29px,portrait.0px" z="0" bg-color="transparent" type="" visible="true" onTouch="" width="100%" height="100%" onEntry="this.animation='rightToPlace 2.5s linear'; this.sleep='2000';">
					<lido-image width="landscape.122%, portrait.145%" height="landscape.173%, portrait.70%" y="landscape.-32%, portrait.26%" x="landscape.-22%, portrait.-39%" id="image1" disable-edit="true" visible="true" src="template-assets/images/file-38kc8nrh.png" onEntry="" />
					<lido-image width="landscape.16%, portrait.32%" y="landscape.17%, portrait.26%" x="landscape.40%, portrait.35%" z="2" id="image2" margin="-48px 0px 0px 0px" disable-edit="true" visible="true" src="game-assets/images/file-9ya2kzpd.jpg" onEntry="" />
					<lido-cell layout="wrap" height="29%" visible="true" width="landscape.80%, portrait.88%" margin="-76px 0px 0px 0px" y="landscape.50%, portrait.48%" x="landscape.11%,portrait.7%" z="2" onEntry="this.gridTemplateColumns = 'repeat(4, 1fr)'; this.position='relative';this.gap='7px';" bg-color="transparent">
                        <lido-text id="drop_zone_1" drop-attr="stretch" value="स्मार्ट" tab-index="2" is-allow-only-one-drop="true" visible="true" onEntry="this.background='transparent'; this.borderRadius='15px';" width="300px" height="80px" type="drop" />
						<lido-text id="drop_zone_2" drop-attr="stretch" value="चुनाव" tab-index="3" is-allow-only-one-drop="true" visible="true" onEntry="this.background='transparent'; this.borderRadius='15px';" width="300px" height="80px" type="drop" />
						<lido-text id="drop_zone_3" drop-attr="stretch" value="सुरक्षा" tab-index="4" is-allow-only-one-drop="true" visible="true" onEntry="this.background='transparent'; this.borderRadius='15px';" width="300px" height="80px" type="drop" />
						<lido-text id="drop_zone_4" drop-attr="stretch" value="और" tab-index="5" is-allow-only-one-drop="true" visible="true" onEntry="this.background='transparent'; this.borderRadius='15px';" width="300px" height="80px" type="drop" />
						<lido-text id="drop_zone_5" drop-attr="stretch" value="ऑनलाइन" tab-index="6" is-allow-only-one-drop="true" visible="true" onEntry="this.background='transparent'; this.borderRadius='15px';" width="300px" height="80px" type="drop" />
						<lido-text id="drop_zone_6" drop-attr="stretch" value="दयालुता।" tab-index="7" is-allow-only-one-drop="true" visible="true" onEntry="this.background='transparent'; this.borderRadius='15px';" width="300px" height="80px" type="drop" />
                    </lido-cell>
				</lido-cell>
				<lido-cell layout="wrap" height="230px" delay-visible="2650" visible="true" margin="-78px 0px 0px -113px" width="landscape.80%, portrait.88%" y="landscape.65%, portrait.62%" x="landscape.4%,portrait.0px" z="2" onEntry="this.gridTemplateColumns = 'repeat(4, 1fr)';this.position='relative';this.gap='26px';">
                    <lido-text id="option_item_1" audio="game-assets/audio/file-7lp9ovl4.wav" value="स्मार्ट" tab-index="8" visible="true" bg-color="#FCF3B1" onEntry="this.padding='0px 40px';this.borderRadius='25px'; this.boxShadow='unset'; this.fontWeight='800';" width="auto" height="84px" string="स्मार्ट" font-family="'Baloo 2', serif" font-size="24px" z="2" type="drag" />
					<lido-text id="option_item_2" audio="game-assets/audio/file-y65wonzf.wav" value="ऑनलाइन" tab-index="9" visible="true" bg-color="#FCF3B1" onEntry="this.padding='0px 40px';this.borderRadius='25px'; this.boxShadow='unset'; this.fontWeight='800';" width="auto" height="84px" string="ऑनलाइन" font-family="'Baloo 2', serif" font-size="24px" z="2" type="drag" />
					<lido-text id="option_item_3" audio="game-assets/audio/file-s1bkeky5.wav" value="सुरक्षा" tab-index="10" visible="true" bg-color="#FCF3B1" onEntry="this.padding='0px 40px';this.borderRadius='25px'; this.boxShadow='unset'; this.fontWeight='800';" width="auto" height="84px" string="सुरक्षा" font-family="'Baloo 2', serif" font-size="24px" z="2" type="drag" />
					<lido-text id="option_item_4" audio="game-assets/audio/file-gd2fnns2.wav" value="दयालुता।" tab-index="11" visible="true" bg-color="#FCF3B1" onEntry="this.padding='0px 40px';this.borderRadius='25px'; this.boxShadow='unset'; this.fontWeight='800';" width="auto" height="84px" string="दयालुता।" font-family="'Baloo 2', serif" font-size="24px" z="2" type="drag" />
					<lido-text id="option_item_5" audio="game-assets/audio/file-1wnr8ldz.wav" value="चुनाव" tab-index="12" visible="true" bg-color="#FCF3B1" onEntry="this.padding='0px 40px';this.borderRadius='25px'; this.boxShadow='unset'; this.fontWeight='800';" width="auto" height="84px" string="चुनाव" font-family="'Baloo 2', serif" font-size="24px" z="2" type="drag" />
					<lido-text id="option_item_6" audio="game-assets/audio/file-z0lue8i2.wav" value="और" tab-index="13" visible="true" bg-color="#FCF3B1" onEntry="this.padding='0px 40px';this.borderRadius='25px'; this.boxShadow='unset'; this.fontWeight='800';" width="auto" height="84px" string="और" font-family="'Baloo 2', serif" font-size="24px" z="2" type="drag" />
				</lido-cell>
				<lido-cell layout="row" visible="true" width="landscape.70%, portrait.88%" y="landscape.21%, portrait.42%" x="0%" z="2" onEntry="this.position='relative'" />
			</lido-cell>
			<lido-cell layout="pos" id="pos1" disable-edit="true" value="pos2" height="landscape.408px,portrait.327px" width="landscape.311px,portrait.294px" x="landscape.85%, portrait.640px" y="landscape.75%, portrait.172px" aria-hidden="true" bg-color="transparent" visible="true" onEntry="this.animation='rightToPlace 2.5s linear';">
				<lido-avatar id="lido-avatar" disable-edit="true" visible="true" height="100%" width="100%" src="template-assets/images/file-avejkzfx.riv" alt-text="" />
			</lido-cell>
		</lido-cell>
	</lido-container>	

</root>