[1,["a8JTtd1V5H7ZEakpp1AIiv","47oEr6iRBMHIBBsC2XLG+S","1f/UPYSR9MSLyQS9/GszY9","4bxOC6MhpDO5OF92QYoweo","856u4GKMFH+ac+oeumVjwC","50LdM9FUhGcL9yJJtYQZC5"],["_textureSetter"],["cc.Texture2D","cc.SpriteFrame",["cc.AudioClip",["_name","_native","duration"],0],["cc.JsonAsset",["_name","json"],1]],[[2,0,1,2,4],[3,0,1,3]],[[["0,9729,9729,33071,33071,0,0,1",-1],[0],0,[],[],[]],[[[0,"ಅವನು_ಒಂದು_ಹೆಜ್ಜೆ_ಮುಂದೆ_ಇಡಲಿಲ್ಲ",".mp3",2.664],-1],0,0,[],[],[]],[[{"name":"maths","rect":[0,0,400,400],"offset":[0,0],"originalSize":[400,400],"capInsets":[0,0,0,0]}],[1],0,[0],[0],[0]],[[{"name":"gopalakrishna_gokale","rect":[0,0,400,400],"offset":[0,0],"originalSize":[400,400],"capInsets":[0,0,0,0]}],[1],0,[0],[0],[1]],[["0,9729,9729,33071,33071,0,0,1",-1],[0],0,[],[],[]],[["0,9729,9729,33071,33071,0,0,1",-1],[0],0,[],[],[]],[[[0,"ಇವರು_ಮಹಿಳೆಯರಿಗೂ_ಶಿಕ್ಷಣ_ಬೇಕೆಂದು_ಹೇಳಿದರು",".mp3",3.504],-1],0,0,[],[],[]],[["0,9729,9729,33071,33071,0,0,1",-1],[0],0,[],[],[]],[[[0,"ಭೇಷ್,_ನೀನು_ಜಾಣ",".mp3",1.608],-1],0,0,[],[],[]],[[[0,"ಬಾಲಕನಿಗೆ_ಸುಳ್ಳು_ಹೇಳಲು_ಮನಸ್ಸು_ಬರಲಿಲ್ಲ",".mp3",3.36],-1],0,0,[],[],[]],[[[0,"ಸತ್ಯವಂತ_ಬಾಲಕನ_ಹೆಸರು_ಗೋಪಾಲಕೃಷ್ಣಗೋಖಲೆ",".mp3",3.84],-1],0,0,[],[],[]],[["0,9729,9729,33071,33071,0,0,1",-1],[0],0,[],[],[]],[[{"name":"boy","rect":[0,0,400,400],"offset":[0,0],"originalSize":[400,400],"capInsets":[0,0,0,0]}],[1],0,[0],[0],[2]],[[{"name":"front_row","rect":[0,0,400,400],"offset":[0,0],"originalSize":[400,400],"capInsets":[0,0,0,0]}],[1],0,[0],[0],[3]],[["0,9729,9729,33071,33071,0,0,1",-1],[0],0,[],[],[]],[[[1,"kn2_1305",{"rows":[["createsentence","1","Description","ಗುರುಗಳು/ತರಗತಿಗೆ/ಬಂದರು.","","classroom.png","ಗುರುಗಳು_ತರಗತಿಗೆ_ಬಂದರು.mp3"],["createsentence","1","Description","ಗುರುಗಳೇ/ನಾನು/ಲೆಕ್ಕಗಳನ್ನು/ಮಾಡಿ/ತಂದಿದ್ದೇನೆ.","","maths.png","ಗುರುಗಳೇ_ನಾನು_ಲೆಕ್ಕಗಳನ್ನು_ಮಾಡಿ_ತಂದಿದ್ದೇನೆ.mp3"],["createsentence","1","Description","ಗುರುಗಳು/ಹುಡುಗನನ್ನು/ಮುಂದಿನ/ಸಾಲಿನಲ್ಲಿ/ಕುಳಿತುಕೊಳ್ಳಲು/ಹೇಳಿದರು.","","front_row.png","ಗುರುಗಳು_ಹುಡುಗನನ್ನು_ಮುಂದಿನ_ಸಾಲಿನಲ್ಲಿ_ಕುಳಿತುಕೊಳ್ಳಲು_ಹೇಳಿದರು.mp3"],["createsentence","1","Description","ಬಾಲಕನಿಗೆ/ಸುಳ್ಳು/ಹೇಳಲು/ಮನಸ್ಸು/ಬರಲಿಲ್ಲ.","","boy.png","ಬಾಲಕನಿಗೆ_ಸುಳ್ಳು_ಹೇಳಲು_ಮನಸ್ಸು_ಬರಲಿಲ್ಲ.mp3"],["createsentence","1","Description","ಗುರುಗಳಿಗೆ/ಹುಡುಗನ/ಪ್ರಾಮಾಣಿಕತೆಯನ್ನು/ಕಂಡು/ಅಚ್ಚರಿ/ಮತ್ತು/ಆನಂದವಾಯಿತು.","","teacher_student.png","ಗುರುಗಳಿಗೆ_ಹುಡುಗನ_ಪ್ರಾಮಾಣಿಕತೆಯನ್ನು_ಕಂಡು_ಅಚ್ಚರಿ_ಮತ್ತು_ಆನಂದವಾಯಿತು.mp3"],["createsentence","1","Description","ಸತ್ಯವಂತ/ಬಾಲಕನ/ಹೆಸರು/ಗೋಪಾಲಕೃಷ್ಣ ಗೋಖಲೆ.","","gopalakrishna_gokale.png","ಸತ್ಯವಂತ_ಬಾಲಕನ_ಹೆಸರು_ಗೋಪಾಲಕೃಷ್ಣಗೋಖಲೆ.mp3"],["fillblank","1","Description","ಭೇಷ್, ನೀನು [ಜಾಣ].","ಭೇಷ್,_ನೀನು_ಜಾಣ.mp3","ಪ್ರಾಣ","ಮಾನ","ಜೇನು","15"],["fillblank","1","Description","ಅವನು ಒಂದು [ಹೆಜ್ಜೆ] ಮುಂದೆ ಇಡಲಿಲ್ಲ.","ಅವನು_ಒಂದು_ಹೆಜ್ಜೆ_ಮುಂದೆ_ಇಡಲಿಲ್ಲ.mp3","ಗೆಜ್ಜೆ","ಹಚ್ಚೆ","ದೆಜ್ಜೆ","10"],["fillblank","1","Description","ಇವರು ಮಹಿಳೆಯರಿಗೂ [ಶಿಕ್ಷಣ] ಬೇಕೆಂದು ಹೇಳಿದರು.","ಇವರು_ಮಹಿಳೆಯರಿಗೂ_ಶಿಕ್ಷಣ_ಬೇಕೆಂದು_ಹೇಳಿದರು.mp3","ಊಟ","ಆಟ","ಕೆಲಸ","15"],["quizliteracy","1","Description","sentence_sentence","ತರಗತಿಗೆ","ತರಗತಿಗೆ","ಜಾಣ","ಸುಳ್ಳು","","ಗುರುಗಳು ______ ಬಂದರು.","ಗುರುಗಳು_ತರಗತಿಗೆ_ಬಂದರು.mp3"],["quizliteracy","1","Description","sentence_sentence","ಜಾಣ","ಸುಳ್ಳು","ತರಗತಿಗೆ","ಜಾಣ","","ಭೇಷ್, ನೀನು ____.","ಭೇಷ್,_ನೀನು_ಜಾಣ.mp3"],["quizliteracy","1","Description","sentence_sentence","ಸುಳ್ಳು","ಜಾಣ","ಸುಳ್ಳು","ತರಗತಿಗೆ","","ಬಾಲಕನಿಗೆ ___ ಹೇಳಲು ಮನಸ್ಸು ಬರಲಿಲ್ಲ.","ಬಾಲಕನಿಗೆ_ಸುಳ್ಳು_ಹೇಳಲು_ಮನಸ್ಸು_ಬರಲಿಲ್ಲ.mp3"]]}]],0,0,[],[],[]],[[[0,"ಗುರುಗಳು_ಹುಡುಗನನ್ನು_ಮುಂದಿನ_ಸಾಲಿನಲ್ಲಿ_ಕುಳಿತುಕೊಳ್ಳಲು_ಹೇಳಿದರು",".mp3",4.68],-1],0,0,[],[],[]],[[[0,"ಗುರುಗಳೇ_ನಾನು_ಲೆಕ್ಕಗಳನ್ನು_ಮಾಡಿ_ತಂದಿದ್ದೇನೆ",".mp3",3.6],-1],0,0,[],[],[]],[[[0,"ಗುರುಗಳಿಗೆ_ಹುಡುಗನ_ಪ್ರಾಮಾಣಿಕತೆಯನ್ನು_ಕಂಡು_ಅಚ್ಚರಿ_ಮತ್ತು_ಆನಂದವಾಯಿತು",".mp3",5.4],-1],0,0,[],[],[]],[[{"name":"teacher_student","rect":[0,0,400,400],"offset":[0,0],"originalSize":[400,400],"capInsets":[0,0,0,0]}],[1],0,[0],[0],[4]],[[{"name":"classroom","rect":[0,0,512,288],"offset":[0,0],"originalSize":[512,288],"capInsets":[0,0,0,0]}],[1],0,[0],[0],[5]],[[[0,"ಗುರುಗಳು_ತರಗತಿಗೆ_ಬಂದರು",".mp3",2.256],-1],0,0,[],[],[]]]]