[1,["0fbfjo+vdFR429cDaf5ivS","5dTKwkmMJEfLODOEEfpGRx","12oPJ8JGNJXrSRKSFkUjRm","43kszS+x9FtbRUdDwOD8P+","1f6qxRFYRGeZXNMZIwzvFc","4f9ZHHuxNM3aiWojn5V7hU","5fhy6duoFOVrzA1QhP8+qZ","a0HzXlnLFATKDTGBH/PiT6","a1hXEX+XZGhYpNXcHFlAnB"],["_textureSetter"],["cc.SpriteFrame","cc.Texture2D",["cc.AudioClip",["_name","_native","duration"],0],["cc.JsonAsset",["_name","json"],1]],[[2,0,1,2,4],[3,0,1,3]],[[[{"name":"hundred","rect":[0,0,512,342],"offset":[0,0],"originalSize":[512,342],"capInsets":[0,0,0,0]}],[0],0,[0],[0],[0]],[["0,9729,9729,33071,33071,0,0,1",-1],[1],0,[],[],[]],[["0,9729,9729,33071,33071,0,0,1",-1],[1],0,[],[],[]],[["0,9729,9729,33071,33071,0,0,1",-1],[1],0,[],[],[]],[[{"name":"weigh","rect":[0,0,512,340],"offset":[0,0],"originalSize":[512,340],"capInsets":[0,0,0,0]}],[0],0,[0],[0],[1]],[[{"name":"rush","rect":[0,0,512,384],"offset":[0,0],"originalSize":[512,384],"capInsets":[0,0,0,0]}],[0],0,[0],[0],[2]],[[{"name":"three","rect":[0,0,512,378],"offset":[0,0],"originalSize":[512,378],"capInsets":[0,0,0,0]}],[0],0,[0],[0],[3]],[[[0,"ಸೂಜಿ",".mp3",0.816],-1],0,0,[],[],[]],[[[0,"ಪೂಜಾರಿ",".mp3",0.888],-1],0,0,[],[],[]],[[[0,"ಮೂಗುತಿ",".mp3",0.864],-1],0,0,[],[],[]],[["0,9729,9729,33071,33071,0,0,1",-1],[1],0,[],[],[]],[["0,9729,9729,33071,33071,0,0,1",-1],[1],0,[],[],[]],[["0,9729,9729,33071,33071,0,0,1",-1],[1],0,[],[],[]],[["0,9729,9729,33071,33071,0,0,1",-1],[1],0,[],[],[]],[[[0,"ಮೂರು",".mp3",0.696],-1],0,0,[],[],[]],[[{"name":"poojari","rect":[0,0,342,512],"offset":[0,0],"originalSize":[342,512],"capInsets":[0,0,0,0]}],[0],0,[0],[0],[4]],[[{"name":"boot","rect":[0,0,384,512],"offset":[0,0],"originalSize":[384,512],"capInsets":[0,0,0,0]}],[0],0,[0],[0],[5]],[[[0,"ಜಾದೂಗಾರ",".mp3",1.08],-1],0,0,[],[],[]],[[[0,"ನೂರು",".mp3",0.696],-1],0,0,[],[],[]],[["0,9729,9729,33071,33071,0,0,1",-1],[1],0,[],[],[]],[["0,9729,9729,33071,33071,0,0,1",-1],[1],0,[],[],[]],[[{"name":"nosepin","rect":[0,0,512,340],"offset":[0,0],"originalSize":[512,340],"capInsets":[0,0,0,0]}],[0],0,[0],[0],[6]],[[[0,"ತೂಕಹಾಕು",".mp3",1.056],-1],0,0,[],[],[]],[[{"name":"needle","rect":[0,0,512,358],"offset":[0,0],"originalSize":[512,358],"capInsets":[0,0,0,0]}],[0],0,[0],[0],[7]],[[{"name":"magician","rect":[0,0,512,340],"offset":[0,0],"originalSize":[512,340],"capInsets":[0,0,0,0]}],[0],0,[0],[0],[8]],[[[0,"ತೂರಾಟ",".mp3",0.864],-1],0,0,[],[],[]],[[[1,"kn4204",{"rows":[["spelldoor","1","Description","ನೂರು","**","0","0","hundred.png","ನೂರು.mp3"],["spelldoor","1","Description","ಬೂಟು","**","0","0","boot.png","ಬೂಟು.mp3"],["spelldoor","1","Description","ಸೂಜಿ","**","0","0","needle.png","ಸೂಜಿ.mp3"],["spelldoor","1","Description","ಮೂರು","**","0","0","three.png","ಮೂರು.mp3"],["spelldoor","1","Description","ತೂರಾಟ","***","0","0","rush.png","ತೂರಾಟ.mp3"],["spelldoor","1","Description","ಪೂಜಾರಿ","***","0","0","poojari.png","ಪೂಜಾರಿ.mp3"],["spelldoor","1","Description","ಮೂಗುತಿ","***","0","0","nosepin.png","ಮೂಗುತಿ.mp3"],["spelldoor","1","Description","ಜಾದೂಗಾರ","****","0","0","magician.png","ಜಾದೂಗಾರ.mp3"],["spelldoor","1","Description","ತೂಕಹಾಕು","****","0","0","weigh.png","ತೂಕಹಾಕು.mp3"],["quizliteracy","1","Description","word_word","ಹಾಕು","ವಿದೆ","ಹಾಕು","ಭಾರ","","ತೂಕ_____","ತೂಕಹಾಕು.mp3"],["quizliteracy","1","Description","image_word","ಪೂಜಾರಿ","ಜಾದೂಗಾರ","ತೂರಾಟ","ಪೂಜಾರಿ","poojari.png"],["quizliteracy","1","Description","soundonly_word","ನೂರು","ನೂರು","ಬೂಟು","ಸೂಜಿ","","","ನೂರು.mp3"]]}]],0,0,[],[],[]],[[[0,"ಬೂಟು",".mp3",0.768],-1],0,0,[],[],[]]]]