[1,["aau4wUqcFH9YeF7dBCIwqU","8aSJKk3jtGg7jgse6bIkbW","768ueUPtpOMbEtPUrVgZBx"],["_textureSetter"],["cc.SpriteFrame","cc.Texture2D",["cc.AudioClip",["_name","_native","duration"],0],["cc.JsonAsset",["_name","json"],1]],[[2,0,1,2,4],[3,0,1,3]],[[[[0,"आकाश",".mp3",0.862041],-1],0,0,[],[],[]],[[[0,"आग",".mp3",0.574694],-1],0,0,[],[],[]],[[[0,"आ",".mp3",0.444],-1],0,0,[],[],[]],[[{"name":"आकाश","rect":[0,0,400,333],"offset":[0,0],"originalSize":[400,333],"capInsets":[0,0,0,0]}],[0],0,[0],[0],[0]],[["0,9729,9729,33071,33071,0,0,1",-1],[1],0,[],[],[]],[[{"name":"आग","rect":[0,0,400,333],"offset":[0,0],"originalSize":[400,333],"capInsets":[0,0,0,0]}],[0],0,[0],[0],[1]],[["0,9729,9729,33071,33071,0,0,1",-1],[1],0,[],[],[]],[[[0,"आम",".mp3",0.522449],-1],0,0,[],[],[]],[["0,9729,9729,33071,33071,0,0,1",-1],[1],0,[],[],[]],[[[1,"hi0001",{"rows":[["balloonpop","1","Description","2","आ","5","आ","आ.mp3"],["phonictractor","1","Description","5","आ","आ.mp3","आ","आ.mp3"],["writeletter","1","Description","आ","आम"],["writecard","1","Description","आ","आम","आम.png","आम.mp3","आग","आग.png","आग.mp3","आकाश","आकाश.png","आकाश.mp3"],["quizliteracy","1","Description","soundonly_word","आ","आ","इ ","ए ","","","आ.mp3"],["quizliteracy","1","Description","word_word","आ","ए ","उ ","आ","","आ"],["quizliteracy","1","Description","soundonly_word","आ","आ","उ ","इ ","","","आ.mp3"]]}]],0,0,[],[],[]],[[{"name":"आम","rect":[0,0,400,333],"offset":[0,0],"originalSize":[400,333],"capInsets":[0,0,0,0]}],[0],0,[0],[0],[2]]]]