[1,["8b/WZpxexN+LL+IsfFHKu6","7ap5/FRAxGP52V7gmkmgr0","eaqOdPGWVH7afEP15mDZ8l","b8C3+wvVhCNYajf/0UffEr","81z3/Tz4lBIauo+wHUFz5u","46uXdn6KhKhKF/ISO37qN+","95ILUp/BRNAI/r3eRKLD6c","8buGdSxjlC06WJ6UpEzGS5"],["_textureSetter"],["cc.SpriteFrame","cc.Texture2D",["cc.AudioClip",["_name","_native","duration"],0],["cc.JsonAsset",["_name","json"],1]],[[2,0,1,2,4],[3,0,1,3]],[[[{"name":"soup","rect":[0,0,640,549],"offset":[0,0],"originalSize":[640,549],"capInsets":[0,0,0,0]}],[0],0,[0],[0],[0]],[[[0,"कमल_सूप_उचल",".mp3",1.724082],-1],0,0,[],[],[]],[[{"name":"girl_walking","rect":[0,0,212,500],"offset":[0,0],"originalSize":[212,500],"capInsets":[0,0,0,0]}],[0],0,[0],[0],[1]],[[{"name":"rain","rect":[0,0,602,640],"offset":[0,0],"originalSize":[602,640],"capInsets":[0,0,0,0]}],[0],0,[0],[0],[2]],[[{"name":"boy_home","rect":[0,0,427,640],"offset":[0,0],"originalSize":[427,640],"capInsets":[0,0,0,0]}],[0],0,[0],[0],[3]],[[[0,"ताई_पाऊस_आला",".mp3",1.671837],-1],0,0,[],[],[]],[["0,9729,9729,33071,33071,0,0,1",-1],[1],0,[],[],[]],[[[0,"ताई_घरी_आली",".mp3",1.536],-1],0,0,[],[],[]],[["0,9729,9729,33071,33071,0,0,1",-1],[1],0,[],[],[]],[[{"name":"sherbat","rect":[0,0,640,425],"offset":[0,0],"originalSize":[640,425],"capInsets":[0,0,0,0]}],[0],0,[0],[0],[4]],[[{"name":"boy_working","rect":[28,0,544,600],"offset":[0,0],"originalSize":[600,600],"capInsets":[0,0,0,0]}],[0],0,[0],[0],[5]],[[[0,"चेतन_घरी_आला",".mp3",1.593469],-1],0,0,[],[],[]],[["0,9729,9729,33071,33071,0,0,1",-1],[1],0,[],[],[]],[["0,9729,9729,33071,33071,0,0,1",-1],[1],0,[],[],[]],[["0,9729,9729,33071,33071,0,0,1",-1],[1],0,[],[],[]],[["0,9729,9729,33071,33071,0,0,1",-1],[1],0,[],[],[]],[[[0,"कमल_काम_कर",".mp3",1.541224],-1],0,0,[],[],[]],[[[0,"लता_घरी_चल",".mp3",1.541224],-1],0,0,[],[],[]],[[[0,"चेतन_चहा_कर",".mp3",1.802449],-1],0,0,[],[],[]],[["0,9729,9729,33071,33071,0,0,1",-1],[1],0,[],[],[]],[[{"name":"mom_home","rect":[0,0,640,405],"offset":[0,0],"originalSize":[640,405],"capInsets":[0,0,0,0]}],[0],0,[0],[0],[6]],[[[1,"mr1300",{"rows":[["createsentence","1","Description","ताई/घरी/आली.","","mom_home.png","ताई_घरी_आली.mp3"],["createsentence","1","Description","चेतन/चहा/कर","","tea.png","चेतन_चहा_कर.mp3"],["createsentence","1","Description","लता/सरबत/पी","","sherbat.png","लता_सरबत_पी.mp3"],["createsentence","1","Description","कमल/सूप/उचल","","soup.png","कमल_सूप_उचल.mp3"],["createsentence","1","Description","ताई/पाऊस/आला","","rain.png","ताई_पाऊस_आला.mp3"],["createsentence","1","Description","लता/घरी/चल","","girl_walking.png","लता_घरी_चल.mp3"],["createsentence","1","Description","कमल/काम/कर","","boy_working.png","कमल_काम_कर.mp3"],["createsentence","1","Description","चेतन/घरी/आला","","boy_home.png","चेतन_घरी_आला.mp3"],["quizliteracy","1","Description","soundonly_sentence","ताई घरी आली","ताई घरी आली","लता सरबत पी","कमल काम कर","","","ताई_घरी_आली.mp3"],["quizliteracy","1","Description","sentence_sentence","लता सरबत पी","कमल काम कर","ताई घरी आली","लता सरबत पी","","योग्य निवडा","लता_सरबत_पी.mp3"],["quizliteracy","1","Description","image_sentence","कमल सूप उचल","लता सरबत पी","कमल सूप उचल","ताई घरी आली","boy_home.png","","कमल_सूप_उचल.mp3"]]}]],0,0,[],[],[]],[[[0,"लता_सरबत_पी",".mp3",1.697959],-1],0,0,[],[],[]],[["0,9729,9729,33071,33071,0,0,1",-1],[1],0,[],[],[]],[[{"name":"tea","rect":[0,0,640,427],"offset":[0,0],"originalSize":[640,427],"capInsets":[0,0,0,0]}],[0],0,[0],[0],[7]]]]