[1,["91hO0p/zVMQKtAm2C9kPFQ","c54vjYZp9B+IwrvtOTDMn3","d47hio0RxCV7XzFi3o7xrq","1cnWa/95pJNL+ke9oH1EPS"],["_textureSetter"],["cc.SpriteFrame","cc.Texture2D",["cc.JsonAsset",["_name","json"],1]],[[2,0,1,3]],[[[[0,"sl_en3103",{"rows":[["createsentence","1","Description","A/green/leaf","","leaf.png","A_green_leaf.mp3"],["createsentence","1","Description","The/blue/sky","","sky.png","The_blue_sky.mp3"],["createsentence","1","Description","A/red/strawberry","","strawberry.png","A_red_strawberry.mp3"],["createsentence","1","Description","An/orange/carrot","","carrot.png","An_orange_carrot.mp3"],["createsentence","1","Description","A/bunch/of/purple/grapes","","grapes.png","A_bunch_of_purple_grapes.mp3"],["createsentence","1","Description","A/black/bat","","bat.png","A_black_bat.mp3"],["createsentence","1","Description","The/white/snow","","snow.png","The_white_snow.mp3"],["createsentence","1","Description","The/brown/wood","","wood.png","The_brown_wood.mp3"],["quizliteracy","1","Description","image_sentence","A green leaf.","A green leaf.","An orange carrot.","The white snow.","leaf.png","","A_green_leaf.mp3"],["quizliteracy","1","Description","image_sentence","An orange carrot.","The white snow.","A green leaf.","An orange carrot.","carrot.png","","An_orange_carrot.mp3"],["quizliteracy","1","Description","image_sentence","The white snow.","An orange carrot.","The white snow.","A green leaf.","snow.png","","The_white_snow.mp3"]]}]],0,0,[],[],[]],[[{"name":"sky","rect":[0,0,400,333],"offset":[0,0],"originalSize":[400,333],"capInsets":[0,0,0,0]}],[0],0,[0],[0],[0]],[["0,9729,9729,33071,33071,0,0,1",-1],[1],0,[],[],[]],[[{"name":"bat","rect":[10,48,170,64],"offset":[-1.5,-3.5],"originalSize":[193,153],"capInsets":[0,0,0,0]}],[0],0,[0],[0],[1]],[[{"name":"carrot","rect":[0,0,630,533],"offset":[0,0],"originalSize":[630,533],"capInsets":[0,0,0,0]}],[0],0,[0],[0],[2]],[["0,9729,9729,33071,33071,0,0,1",-1],[1],0,[],[],[]],[["0,9729,9729,33071,33071,0,0,1",-1],[1],0,[],[],[]],[["0,9729,9729,33071,33071,0,0,1",-1],[1],0,[],[],[]],[[{"name":"leaf","rect":[15,1,105,137],"offset":[-2.5,0.5],"originalSize":[140,140],"capInsets":[0,0,0,0]}],[0],0,[0],[0],[3]]]]