[1,["1aaGvF5pREJqOZmOq3OOzE","01CMARDAtFx6pbUYeFekpH","aeTJ60KJ5NrI09J3nFEAGN","80j0aTwbtDHKkIqEAu0pgQ","86AIVMmulFiYwNU1rumhWX","ac2Geifv9CpJSV932QrC0l","33eSeKTMJPNJnDOipTjsfl","1bjJwr5zdPBpHSIYoK+bVm","e9H/9xZVtDkaRQ2LF2v3cm"],["_textureSetter"],["cc.Texture2D","cc.SpriteFrame",["cc.JsonAsset",["_name","json"],1],["cc.AudioClip",["_name","_native","duration"],0]],[[2,0,1,3],[3,0,1,2,4]],[[["0,9729,9729,33071,33071,0,0,1",-1],[0],0,[],[],[]],[[{"name":"porter","rect":[0,0,512,512],"offset":[0,0],"originalSize":[512,512],"capInsets":[0,0,0,0]}],[1],0,[0],[0],[0]],[["0,9729,9729,33071,33071,0,0,1",-1],[0],0,[],[],[]],[["0,9729,9729,33071,33071,0,0,1",-1],[0],0,[],[],[]],[[{"name":"doctor","rect":[183,18,234,570],"offset":[0,-3],"originalSize":[600,600],"capInsets":[0,0,0,0]}],[1],0,[0],[0],[1]],[["0,9729,9729,33071,33071,0,0,1",-1],[0],0,[],[],[]],[[{"name":"electrician","rect":[0,0,512,512],"offset":[0,0],"originalSize":[512,512],"capInsets":[0,0,0,0]}],[1],0,[0],[0],[2]],[[{"name":"driver","rect":[0,0,512,372],"offset":[0,0],"originalSize":[512,372],"capInsets":[0,0,0,0]}],[1],0,[0],[0],[3]],[["0,9729,9729,33071,33071,0,0,1",-1],[0],0,[],[],[]],[["0,9729,9729,33071,33071,0,0,1",-1],[0],0,[],[],[]],[[{"name":"plumber","rect":[0,0,512,512],"offset":[0,0],"originalSize":[512,512],"capInsets":[0,0,0,0]}],[1],0,[0],[0],[4]],[["0,9729,9729,33071,33071,0,0,1",-1],[0],0,[],[],[]],[["0,9729,9729,33071,33071,0,0,1",-1],[0],0,[],[],[]],[[[0,"sl_en1905",{"rows":[["openwindow","1","Description","LEGIT","plumber","plumber.png","electrician.png","plumber.mp3","abcdefghijklmnopqrstuvwxyz"],["openwindow","1","Description","LEGIT","mechanic","mechanic.png","painter.png","mechanic.mp3","abcdefghijklmnopqrstuvwxyz"],["openwindow","1","Description","LEGIT","electrician","electrician.png","driver.png","electrician.mp3","abcdefghijklmnopqrstuvwxyz"],["openwindow","1","Description","LEGIT","porter","porter.png","mechanic.png","porter.mp3","abcdefghijklmnopqrstuvwxyz"],["openwindow","1","Description","LEGIT","driver","driver.png","fire-fighter.png","driver.mp3","abcdefghijklmnopqrstuvwxyz"],["openwindow","1","Description","LEGIT","painter","painter.png","plumber.png","painter.mp3","abcdefghijklmnopqrstuvwxyz"],["openwindow","1","Description","LEGIT","fire-fighter","fire-fighter.png","porter.png","fire-fighter.mp3","abcdefghijklmnopqrstuvwxyz"],["openwindow","1","Description","LEGIT","cleaner","cleaner.png","doctor.png","cleaner.mp3","abcdefghijklmnopqrstuvwxyz"],["quizliteracy","1","Description","image_word","mechanic","mechanic","plumber","driver","mechanic.png"],["quizliteracy","1","Description","image_word","driver","fire-fighter","driver","porter","driver.png"],["quizliteracy","1","Description","image_word","fire-fighter","painter","farmer","fire-fighter","fire-fighter.png"]]}]],0,0,[],[],[]],[[{"name":"painter","rect":[0,0,461,512],"offset":[0,0],"originalSize":[461,512],"capInsets":[0,0,0,0]}],[1],0,[0],[0],[5]],[[{"name":"fire-fighter","rect":[0,0,512,341],"offset":[0,0],"originalSize":[512,341],"capInsets":[0,0,0,0]}],[1],0,[0],[0],[6]],[[{"name":"mechanic","rect":[0,0,512,512],"offset":[0,0],"originalSize":[512,512],"capInsets":[0,0,0,0]}],[1],0,[0],[0],[7]],[["0,9729,9729,33071,33071,0,0,1",-1],[0],0,[],[],[]],[[{"name":"cleaner","rect":[0,0,436,512],"offset":[0,0],"originalSize":[436,512],"capInsets":[0,0,0,0]}],[1],0,[0],[0],[8]],[[[1,"painter",".mp3",0.783673],-1],0,0,[],[],[]]]]