[1,["49HIq1jQ1FKbn/SnJhuvn7","b5Y/4f/QRC3IzyUz1DrNe8","e9Q+rntzVEW7IZmsinO/7d","b4VFhWROFKsp4KezxiwEEu","f1gkecoDNNLZDU7MMXeUom","a3iCa0AtVBtLa78Bo69gc7","a1rWHFp6JIVLWgodrtYjEA","c4nIqfXdpJTpF8yHZKRLwp"],["_textureSetter"],["cc.SpriteFrame","cc.Texture2D",["cc.AudioClip",["_name","_native","duration"],0],["cc.JsonAsset",["_name","json"],1]],[[2,0,1,2,4],[3,0,1,3]],[[[{"name":"ap2_puzzle9_pig2_puzzle","rect":[2,1,281,307],"offset":[0,4.5],"originalSize":[285,318],"capInsets":[0,0,0,0]}],[0],0,[0],[0],[0]],[["0,9729,9729,33071,33071,0,0,1",-1],[1],0,[],[],[]],[[[0,"hyena",".mp3",1.071],-1],0,0,[],[],[]],[[{"name":"ap_puzzle8_hyena1_puzzle","rect":[11,3,220,103],"offset":[2.5,5],"originalSize":[237,119],"capInsets":[0,0,0,0]}],[0],0,[0],[0],[1]],[[[0,"pig",".mp3",0.67925],-1],0,0,[],[],[]],[[{"name":"ap_puzzle8_hyena4_puzzle","rect":[3,3,202,214],"offset":[-1,5],"originalSize":[210,230],"capInsets":[0,0,0,0]}],[0],0,[0],[0],[2]],[[{"name":"ap2_puzzle9_background","rect":[0,0,802,432],"offset":[0,0],"originalSize":[802,432],"capInsets":[0,0,0,0]}],[0],0,[0],[0],[3]],[[{"name":"ap_puzzle8_hyena2_puzzle","rect":[3,8,245,207],"offset":[-1.5,1.5],"originalSize":[254,226],"capInsets":[0,0,0,0]}],[0],0,[0],[0],[4]],[[{"name":"ap2_puzzle9_pig1_puzzle","rect":[2,1,250,272],"offset":[0.5,4],"originalSize":[253,282],"capInsets":[0,0,0,0]}],[0],0,[0],[0],[5]],[["1,9729,9729,33071,33071,0,0,1",-1],[1],0,[],[],[]],[["0,9729,9729,33071,33071,0,0,1",-1],[1],0,[],[],[]],[[{"name":"ap_puzzle8_background","rect":[0,0,802,432],"offset":[0,0],"originalSize":[802,432],"capInsets":[0,0,0,0]}],[0],0,[0],[0],[6]],[["1,9729,9729,33071,33071,0,0,1",-1],[1],0,[],[],[]],[["0,9729,9729,33071,33071,0,0,1",-1],[1],0,[],[],[]],[["0,9729,9729,33071,33071,0,0,1",-1],[1],0,[],[],[]],[["0,9729,9729,33071,33071,0,0,1",-1],[1],0,[],[],[]],[[{"name":"ap_puzzle8_hyena3_puzzle","rect":[5,7,178,237],"offset":[0.5,4],"originalSize":[187,259],"capInsets":[0,0,0,0]}],[0],0,[0],[0],[7]],[["0,9729,9729,33071,33071,0,0,1",-1],[1],0,[],[],[]],[[[1,"pictureboard0012",{"rows":[["pictureboard","1","Description","Pig","ap2_puzzle9_background.jpg","2","","pig.mp3","ap2_puzzle9_pig1_puzzle.png","635","250","","ap2_puzzle9_pig2_puzzle.png","1118","165"]]}]],0,0,[],[],[]]]]