[1,["89JcIVCPRCAYIPNMEL3gml","3d47aSjNNIzJUpJmu9faQs","3f/YqFP6tNf7Powf9XnG4I","87H5je5HpGWIRb04yVlvlr","f3+haAvNJPBKKO4Os8t8bP","f0CHQ2CGtNsY2gLLO8B6qH","46Lt7LFf9CCoK7MccvnHXi","eeKrcONHVI6IXXvlFKDerJ","c0+AhFg7ZNBaLdroAKiPlC"],["_textureSetter"],["cc.SpriteFrame","cc.Texture2D",["cc.JsonAsset",["_name","json"],1],["cc.AudioClip",["_name","_native","duration"],0]],[[3,0,1,2,4],[2,0,1,3]],[[[{"name":"drytree","rect":[0,0,800,533],"offset":[0,0],"originalSize":[800,533],"capInsets":[0,0,0,0]}],[0],0,[0],[0],[0]],[[{"name":"fivepetals","rect":[0,0,800,800],"offset":[0,0],"originalSize":[800,800],"capInsets":[0,0,0,0]}],[0],0,[0],[0],[1]],[[[1,"kn0705",{"rows":[["rocket","1","Description","ಹಣ","ಹ,ಣ","ಹ,ಣ","ಹಣ.mp3","money.png","False","False"],["spelldoor","1","Description","ಋತ","*ತ","0","0","rushi.png","ಋತ.mp3"],["rocket","1","Description","ಐದಳ","ಐ,ದ,ಳ","ಐ,ದ,ಳ","ಐದಳ.mp3","fivepetals.png","False","False"],["spelldoor","1","Description","ಬಣ","ಬ*","0","0","colours.png","ಬಣ.mp3"],["rocket","1","Description","ಬಡಗಣ","ಬ,ಡ,ಗ,ಣ","ಬ,ಡ,ಗ,ಣ","ಬಡಗಣ.mp3","north.png","False","False"],["spelldoor","1","Description","ಒಣಮರ","*ಣಮರ","0","0","drytree.png","ಒಣಮರ.mp3"],["rocket","1","Description","ಛಲ","ಛ,ಲ","ಛ,ಲ","ಛಲ.mp3","Challenge.png","False","False"],["spelldoor","1","Description","ಕಣ","*ಣ","0","0","small_grain.png","ಕಣ.mp3"],["rocket","1","Description","ಋಣ","ಋ,ಣ","ಋ,ಣ","ಋಣ.mp3","debt.png","False","False"],["quizliteracy","1","Description","word_word","ಣ","ಣ","ಒ","ಷ","","ಹ_","ಹಣ.mp3"],["quizliteracy","1","Description","word_word","ಐ","ಶ","ಐ","ಮ","","_ದಳ","ಐದಳ.mp3"],["quizliteracy","1","Description","word_word","ಋ","ಪ","ಔ","ಋ","","_ತ","ಋತ.mp3"]]}]],0,0,[],[],[]],[[[0,"ಕಣ",".mp3",0.6],-1],0,0,[],[],[]],[[[0,"ಬಣ",".mp3",0.6],-1],0,0,[],[],[]],[["0,9729,9729,33071,33071,0,0,1",-1],[1],0,[],[],[]],[["0,9729,9729,33071,33071,0,0,1",-1],[1],0,[],[],[]],[["0,9729,9729,33071,33071,0,0,1",-1],[1],0,[],[],[]],[[{"name":"colours","rect":[0,0,800,533],"offset":[0,0],"originalSize":[800,533],"capInsets":[0,0,0,0]}],[0],0,[0],[0],[2]],[[{"name":"north","rect":[0,0,533,800],"offset":[0,0],"originalSize":[533,800],"capInsets":[0,0,0,0]}],[0],0,[0],[0],[3]],[[{"name":"money","rect":[0,0,800,590],"offset":[0,0],"originalSize":[800,590],"capInsets":[0,0,0,0]}],[0],0,[0],[0],[4]],[[[0,"ಛಲ",".mp3",0.648],-1],0,0,[],[],[]],[["0,9729,9729,33071,33071,0,0,1",-1],[1],0,[],[],[]],[["0,9729,9729,33071,33071,0,0,1",-1],[1],0,[],[],[]],[[{"name":"small_grain","rect":[0,0,800,585],"offset":[0,0],"originalSize":[800,585],"capInsets":[0,0,0,0]}],[0],0,[0],[0],[5]],[[{"name":"debt","rect":[0,0,800,533],"offset":[0,0],"originalSize":[800,533],"capInsets":[0,0,0,0]}],[0],0,[0],[0],[6]],[[[0,"ಬಡಗಣ",".mp3",0.816],-1],0,0,[],[],[]],[["0,9729,9729,33071,33071,0,0,1",-1],[1],0,[],[],[]],[[[0,"ಐದಳ",".mp3",0.96],-1],0,0,[],[],[]],[[[0,"ಋಣ",".mp3",0.816],-1],0,0,[],[],[]],[[[0,"ಹಣ",".mp3",0.6],-1],0,0,[],[],[]],[[{"name":"rushi","rect":[0,0,532,800],"offset":[0,0],"originalSize":[532,800],"capInsets":[0,0,0,0]}],[0],0,[0],[0],[7]],[[[0,"ಋತ",".mp3",0.84],-1],0,0,[],[],[]],[["0,9729,9729,33071,33071,0,0,1",-1],[1],0,[],[],[]],[["0,9729,9729,33071,33071,0,0,1",-1],[1],0,[],[],[]],[["0,9729,9729,33071,33071,0,0,1",-1],[1],0,[],[],[]],[[{"name":"Challenge","rect":[0,0,800,533],"offset":[0,0],"originalSize":[800,533],"capInsets":[0,0,0,0]}],[0],0,[0],[0],[8]],[[[0,"ಒಣಮರ",".mp3",1.008],-1],0,0,[],[],[]]]]