[1,["78628pzJ5HzKIgcQ0UT2TM","31jJcgLvdM64VXS+D8t4j6","4d2odN6XdOkoqeyXOndqOq","d1J7BZ+FxNkIWzeoXnJQsV","16/SL4CaJF9a490r4fL3SZ","4cRhhnnklPkoRGPfud7otf","76tkYtTiJIiJtfMzNmW2lt","6ekQfNcYFJ/5g2Slubp1r2","a1wLdxRQdBGLeH8TemWfRz","9fF4JaTJ5CU7EJTm+uiXKp","b6bjPUu09L2qhKmvx1G/LN","d7Kb/jtRZNxpmzbPePc83N","89mXHP+DhLC6OgF/59P6Qy","7bX4XwzUxNHYhZ6bx7U3a+","25v+Gbu+tAz6+XuMqGSTZI","34waTzPzNPubD/yhHkJSqC"],["_textureSetter"],["cc.SpriteFrame","cc.Texture2D",["cc.JsonAsset",["_name","json"],1]],[[2,0,1,3]],[[[{"name":"matchinggame_rectangle_object","rect":[60,20,73,114],"offset":[1.5,-2],"originalSize":[190,150],"capInsets":[0,0,0,0]}],[0],0,[0],[0],[0]],[["0,9729,9729,33071,33071,0,0,1",-1],[1],0,[],[],[]],[["0,9729,9729,33071,33071,0,0,1",-1],[1],0,[],[],[]],[["0,9729,9729,33071,33071,0,0,1",-1],[1],0,[],[],[]],[["0,9729,9729,33071,33071,0,0,1",-1],[1],0,[],[],[]],[[{"name":"matchinggame_circle_2_large","rect":[45,26,101,101],"offset":[0.5,-1.5],"originalSize":[190,150],"capInsets":[0,0,0,0]}],[0],0,[0],[0],[1]],[["0,9729,9729,33071,33071,0,0,1",-1],[1],0,[],[],[]],[["0,9729,9729,33071,33071,0,0,1",-1],[1],0,[],[],[]],[[{"name":"matchinggame_circle_object","rect":[27,41,95,97],"offset":[-0.5,5.5],"originalSize":[150,190],"capInsets":[0,0,0,0]}],[0],0,[0],[0],[2]],[[{"name":"matchinggame_triangle_1_large","rect":[41,26,109,94],"offset":[0.5,2],"originalSize":[190,150],"capInsets":[0,0,0,0]}],[0],0,[0],[0],[3]],[[{"name":"matchinggame_triangle_2_large","rect":[41,26,109,94],"offset":[0.5,2],"originalSize":[190,150],"capInsets":[0,0,0,0]}],[0],0,[0],[0],[4]],[[{"name":"matchinggame_rectangle_2_large","rect":[61,25,68,100],"offset":[0,0],"originalSize":[190,150],"capInsets":[0,0,0,0]}],[0],0,[0],[0],[5]],[["0,9729,9729,33071,33071,0,0,1",-1],[1],0,[],[],[]],[["0,9729,9729,33071,33071,0,0,1",-1],[1],0,[],[],[]],[["0,9729,9729,33071,33071,0,0,1",-1],[1],0,[],[],[]],[["0,9729,9729,33071,33071,0,0,1",-1],[1],0,[],[],[]],[[{"name":"matchinggame_triangle_1_medium","rect":[62,49,66,57],"offset":[0,-2.5],"originalSize":[190,150],"capInsets":[0,0,0,0]}],[0],0,[0],[0],[6]],[[{"name":"matchinggame_square_1_large","rect":[49,29,92,92],"offset":[0,0],"originalSize":[190,150],"capInsets":[0,0,0,0]}],[0],0,[0],[0],[7]],[["0,9729,9729,33071,33071,0,0,1",-1],[1],0,[],[],[]],[[[0,"maths0402",{"rows":[["shapepair","1","Description","image","image","matchinggame_circle_2_large.png","matchinggame_circle_object.png","circle.mp3","matchinggame_rectangle_2_large.png","matchinggame_rectangle_object.png","rectangle.mp3","matchinggame_square_2_large.png","matchinggame_square_object.png","square.mp3","matchinggame_triangle_2_large.png","matchinggame_triangle_object.png","triangle.mp3"],["shapepair","1","Description","image","image","matchinggame_circle_1_medium.png","matchinggame_circle_object.png","circle.mp3","matchinggame_rectangle_1_medium.png","matchinggame_rectangle_object.png","rectangle.mp3","matchinggame_square_1_medium.png","matchinggame_square_object.png","square.mp3","matchinggame_triangle_1_medium.png","matchinggame_triangle_object.png","triangle.mp3"],["shapepair","1","Description","image","image","matchinggame_circle_2_large.png","matchinggame_circle_object.png","circle.mp3","matchinggame_rectangle_2_large.png","matchinggame_rectangle_object.png","rectangle.mp3","matchinggame_square_2_large.png","matchinggame_square_object.png","square.mp3","matchinggame_triangle_2_large.png","matchinggame_triangle_object.png","triangle.mp3"],["shapepair","1","Description","image","image","matchinggame_circle_1_large.png","matchinggame_circle_object.png","circle.mp3","matchinggame_rectangle_1_large.png","matchinggame_rectangle_object.png","rectangle.mp3","matchinggame_square_1_large.png","matchinggame_square_object.png","square.mp3","matchinggame_triangle_1_large.png","matchinggame_triangle_object.png","triangle.mp3"],["quizmaths","1","Description","shapes","rectangle","circle","square","triangle","rectangle","which","which_is_a_rectangle","Which is a rectangle?"],["quizmaths","1","Description","shapes","triangle","circle","square","triangle","rectangle","which","which_is_a_triangle","Which is a triangle?"],["quizmaths","1","Description","shapes","square","circle","square","triangle","rectangle","which","which_is_a_square","Which is a square?"]]}]],0,0,[],[],[]],[["0,9729,9729,33071,33071,0,0,1",-1],[1],0,[],[],[]],[["0,9729,9729,33071,33071,0,0,1",-1],[1],0,[],[],[]],[[{"name":"matchinggame_square_object","rect":[49,32,96,88],"offset":[2,-1],"originalSize":[190,150],"capInsets":[0,0,0,0]}],[0],0,[0],[0],[8]],[[{"name":"matchinggame_square_2_large","rect":[49,29,92,92],"offset":[0,0],"originalSize":[190,150],"capInsets":[0,0,0,0]}],[0],0,[0],[0],[9]],[["0,9729,9729,33071,33071,0,0,1",-1],[1],0,[],[],[]],[[{"name":"matchinggame_rectangle_1_medium","rect":[72,41,46,68],"offset":[0,0],"originalSize":[190,150],"capInsets":[0,0,0,0]}],[0],0,[0],[0],[10]],[[{"name":"matchinggame_triangle_object","rect":[52,17,96,118],"offset":[5,-1],"originalSize":[190,150],"capInsets":[0,0,0,0]}],[0],0,[0],[0],[11]],[[{"name":"matchinggame_rectangle_1_large","rect":[61,25,68,100],"offset":[0,0],"originalSize":[190,150],"capInsets":[0,0,0,0]}],[0],0,[0],[0],[12]],[["0,9729,9729,33071,33071,0,0,1",-1],[1],0,[],[],[]],[["0,9729,9729,33071,33071,0,0,1",-1],[1],0,[],[],[]],[[{"name":"matchinggame_square_1_medium","rect":[64,44,62,63],"offset":[0,-0.5],"originalSize":[190,150],"capInsets":[0,0,0,0]}],[0],0,[0],[0],[13]],[[{"name":"matchinggame_circle_1_large","rect":[45,26,101,101],"offset":[0.5,-1.5],"originalSize":[190,150],"capInsets":[0,0,0,0]}],[0],0,[0],[0],[14]],[[{"name":"matchinggame_circle_1_medium","rect":[61,41,67,67],"offset":[-0.5,0.5],"originalSize":[190,150],"capInsets":[0,0,0,0]}],[0],0,[0],[0],[15]]]]