[1,["cdXetaXKJCqYXuyY+AtqVw","c4VCzX82lMK7Iv5FQTO11X","c2upATGq5PBZv+ztzLC52F","b9y0lEWrZGyJVi/tn0ahgg","81TKpT2AZK7bojmfjTABi9","48gxxmZShDB4DNfpeOR7nH","a4/+yPI0ZE4IqJN8JZCQqV","cc1VZ8gndDAJa+AKuJ8Sju","cfbF+CToFCgb3TySZyDFvc","26PR1ir/dHIIcANfkmRZto","2f0xbl2eZNxJn+g9fgeNEn","de1/xJXQdFxLxgVsjWPi58"],["_textureSetter"],["cc.SpriteFrame","cc.Texture2D",["cc.JsonAsset",["_name","json"],1]],[[2,0,1,3]],[[[{"name":"2_object_blue","rect":[105,75,136,190],"offset":[-9,12],"originalSize":[364,364],"capInsets":[0,0,0,0]}],[0],0,[0],[0],[0]],[[{"name":"5_object_blue","rect":[117,77,116,191],"offset":[-7,9.5],"originalSize":[364,364],"capInsets":[0,0,0,0]}],[0],0,[0],[0],[1]],[[{"name":"3_object_blue","rect":[111,75,123,191],"offset":[-9.5,11.5],"originalSize":[364,364],"capInsets":[0,0,0,0]}],[0],0,[0],[0],[2]],[[{"name":"candy_5","rect":[8,63,363,273],"offset":[0.5,-4.5],"originalSize":[378,390],"capInsets":[0,0,0,0]}],[0],0,[0],[0],[3]],[["0,9729,9729,33071,33071,0,0,1",-1],[1],0,[],[],[]],[[{"name":"onecolorcrayon_3","rect":[44,20,292,334],"offset":[1,8],"originalSize":[378,390],"capInsets":[0,0,0,0]}],[0],0,[0],[0],[4]],[["0,9729,9729,33071,33071,0,0,1",-1],[1],0,[],[],[]],[[{"name":"cup_1","rect":[106,93,202,203],"offset":[18,0.5],"originalSize":[378,390],"capInsets":[0,0,0,0]}],[0],0,[0],[0],[5]],[["0,9729,9729,33071,33071,0,0,1",-1],[1],0,[],[],[]],[[{"name":"line_1","rect":[177,60,24,270],"offset":[0,0],"originalSize":[378,390],"capInsets":[0,0,0,0]}],[0],0,[0],[0],[6]],[[{"name":"1_object_blue","rect":[115,75,105,192],"offset":[-14.5,11],"originalSize":[364,364],"capInsets":[0,0,0,0]}],[0],0,[0],[0],[7]],[[{"name":"line_2","rect":[149,60,81,270],"offset":[0.5,0],"originalSize":[378,390],"capInsets":[0,0,0,0]}],[0],0,[0],[0],[8]],[["0,9729,9729,33071,33071,0,0,1",-1],[1],0,[],[],[]],[["0,9729,9729,33071,33071,0,0,1",-1],[1],0,[],[],[]],[["0,9729,9729,33071,33071,0,0,1",-1],[1],0,[],[],[]],[["0,9729,9729,33071,33071,0,0,1",-1],[1],0,[],[],[]],[["0,9729,9729,33071,33071,0,0,1",-1],[1],0,[],[],[]],[["0,9729,9729,33071,33071,0,0,1",-1],[1],0,[],[],[]],[["0,9729,9729,33071,33071,0,0,1",-1],[1],0,[],[],[]],[["0,9729,9729,33071,33071,0,0,1",-1],[1],0,[],[],[]],[[{"name":"button_2","rect":[20,27,337,337],"offset":[-0.5,-0.5],"originalSize":[378,390],"capInsets":[0,0,0,0]}],[0],0,[0],[0],[9]],[["0,9729,9729,33071,33071,0,0,1",-1],[1],0,[],[],[]],[[{"name":"line_3","rect":[120,60,138,270],"offset":[0,0],"originalSize":[378,390],"capInsets":[0,0,0,0]}],[0],0,[0],[0],[10]],[[[0,"puzzle0008",{"rows":[["matchbox","1","Description","8.0","onecolorcrayon_3.png","button_2.png","candy_5.png","cup_1.png","line_3.png","line_2.png","line_5.png","line_1.png"],["matchbox","1","Description","8.0","line_3.png","line_2.png","line_5.png","line_1.png","3_object_blue.png","2_object_blue.png","5_object_blue.png","1_object_blue.png"]]}]],0,0,[],[],[]],[[{"name":"line_5","rect":[63,60,259,270],"offset":[3.5,0],"originalSize":[378,390],"capInsets":[0,0,0,0]}],[0],0,[0],[0],[11]]]]