[1,["06I4SPcjNEm5EKKaBg+6c4","afhUqlzOVC4L+VeFJDg6fG"],["_textureSetter"],["cc.Texture2D","cc.SpriteFrame",["cc.AudioClip",["_name","_native","duration"],0],["cc.JsonAsset",["_name","json"],1]],[[2,0,1,2,4],[3,0,1,3]],[[["0,9729,9729,33071,33071,0,0,1",-1],[0],0,[],[],[]],[[[0,"कंदील",".mp3",0.984],-1],0,0,[],[],[]],[[[0,"कंचा",".mp3",1.008],-1],0,0,[],[],[]],[[[0,"कंबल",".mp3",0.936],-1],0,0,[],[],[]],[[[1,"hi0914",{"rows":[["openwindow","1","Description","LEGIT","कं,घी","कंघी.png","हवाई_जहाज.png","कंघी.mp3","ज,ग,न,ल,फ,छा,ता,र,थ,व,न,घ,ट्र,क,घो,ड़ा,हा,थी,आ,म,स"],["openwindow","1","Description","LEGIT","कं,ब,ल","कंबल.png","हवाई_जहाज.png","कंबल.mp3","कं,ब,ल"],["openwindow","1","Description","LEGIT","कं,चा","कंचा.png","हवाई_जहाज.png","कंचा.mp3","कं,चा"],["openwindow","1","Description","LEGIT","कं,ठ","कंठ.png","हवाई_जहाज.png","कंठ.mp3","कं,ठ"],["openwindow","1","Description","LEGIT","कं,द,रा","कंदरा.png","हवाई_जहाज.png","कंदरा.mp3","कं,द,रा"],["openwindow","1","Description","LEGIT","कं,दी,ल","कंदील.png","हवाई_जहाज.png","कंदील.mp3","कं,दी,ल"],["bubbletype","1","Description","10","6","के कै को कौ कं कः","","","","","","के कै को कौ कं कः"],["quizliteracy","1","Description","word_word","कं","कौ","कं","कृ","","कं"],["quizliteracy","1","Description","word_word","कंघी","कान","कंघी","कौन","","कंघी"]]}]],0,0,[],[],[]],[[{"name":"हवाई_जहाज","rect":[0,0,193,153],"offset":[0,0],"originalSize":[193,153],"capInsets":[0,0,0,0]}],[1],0,[0],[0],[0]],[[[0,"कंदरा",".mp3",1.008],-1],0,0,[],[],[]],[[{"name":"कंघी","rect":[0,0,193,153],"offset":[0,0],"originalSize":[193,153],"capInsets":[0,0,0,0]}],[1],0,[0],[0],[1]],[["0,9729,9729,33071,33071,0,0,1",-1],[0],0,[],[],[]],[[[0,"कंघी",".mp3",0.757551],-1],0,0,[],[],[]],[[[0,"कंठ",".mp3",0.864],-1],0,0,[],[],[]]]]