[1,["729GiUhSpLnoobIke3o6cj","9cebU+FpNArI9LVsQ88ZUM","68qpmnEQZBU5B9Eugs309z","cdsPdsrs9N96H6LLZx8R27","b2etezl3JOd4K5gm6hvKtF","a4n1GHL0pBI6isswwXZpQG","7f/Q9l4GFHbLmo3HtvU87H","8dK3n23o9Pg5Lwfk8cplrl"],["_textureSetter"],["cc.SpriteFrame","cc.Texture2D",["cc.JsonAsset",["_name","json"],1]],[[2,0,1,3]],[[[{"name":"button_green","rect":[2,3,244,244],"offset":[0,-1],"originalSize":[248,248],"capInsets":[0,0,0,0]}],[0],0,[0],[0],[0]],[[{"name":"doll_green","rect":[19,27,202,252],"offset":[1,-5],"originalSize":[238,296],"capInsets":[0,0,0,0]}],[0],0,[0],[0],[1]],[[{"name":"glove_orange","rect":[0,0,256,292],"offset":[-0.5,0],"originalSize":[257,292],"capInsets":[0,0,0,0]}],[0],0,[0],[0],[2]],[["0,9729,9729,33071,33071,0,0,1",-1],[1],0,[],[],[]],[["0,9729,9729,33071,33071,0,0,1",-1],[1],0,[],[],[]],[["0,9729,9729,33071,33071,0,0,1",-1],[1],0,[],[],[]],[[{"name":"car_yellow","rect":[1,19,291,181],"offset":[0.5,-4],"originalSize":[292,211],"capInsets":[0,0,0,0]}],[0],0,[0],[0],[3]],[[[0,"puzzle0000",{"rows":[["matchbox","1","Description","8.0","cup_blue.png","button_green.png","car_yellow.png","glove_orange.png","cup_blue.png","button_green.png","car_yellow.png","glove_orange.png"],["matchbox","1","Description","8.0","horse_blue.png","doll_green.png","scissors_yellow.png","note_orange.png","horse_blue.png","doll_green.png","scissors_yellow.png","note_orange.png"]]}]],0,0,[],[],[]],[[{"name":"cup_blue","rect":[21,2,199,199],"offset":[10.5,-1],"originalSize":[220,201],"capInsets":[0,0,0,0]}],[0],0,[0],[0],[4]],[["0,9729,9729,33071,33071,0,0,1",-1],[1],0,[],[],[]],[["0,9729,9729,33071,33071,0,0,1",-1],[1],0,[],[],[]],[["0,9729,9729,33071,33071,0,0,1",-1],[1],0,[],[],[]],[["0,9729,9729,33071,33071,0,0,1",-1],[1],0,[],[],[]],[["0,9729,9729,33071,33071,0,0,1",-1],[1],0,[],[],[]],[[{"name":"note_orange","rect":[6,29,167,243],"offset":[-6,-6],"originalSize":[191,289],"capInsets":[0,0,0,0]}],[0],0,[0],[0],[5]],[[{"name":"horse_blue","rect":[0,0,293,252],"offset":[0,0],"originalSize":[293,252],"capInsets":[0,0,0,0]}],[0],0,[0],[0],[6]],[[{"name":"scissors_yellow","rect":[1,0,243,270],"offset":[0.5,7],"originalSize":[244,284],"capInsets":[0,0,0,0]}],[0],0,[0],[0],[7]]]]