[1,["6epWeSbqNCC4oVzOqJXyb3","3czKfduPNGC4QGy/dVZlyJ","02MLKev7RNo5n/slruoe96","85qsBAOjBESIDhMd9yuvSD","6aJtaIutlHWrd3KrnaTKZf"],["_textureSetter"],["cc.Texture2D","cc.SpriteFrame",["cc.AudioClip",["_name","_native","duration"],0],["cc.JsonAsset",["_name","json"],1]],[[2,0,1,2,4],[3,0,1,3]],[[["0,9729,9729,33071,33071,0,0,1",-1],[0],0,[],[],[]],[[[0,"ವ್ರಥಾ",".mp3",0.72],-1],0,0,[],[],[]],[[[0,"ಗೃಹ",".mp3",0.696],-1],0,0,[],[],[]],[[[0,"ತಿ",".mp3",0.504],-1],0,0,[],[],[]],[["0,9729,9729,33071,33071,0,0,1",-1],[0],0,[],[],[]],[[[0,"ತೃಣ",".mp3",0.672],-1],0,0,[],[],[]],[[{"name":"novel","rect":[0,0,533,800],"offset":[0,0],"originalSize":[533,800],"capInsets":[0,0,0,0]}],[1],0,[0],[0],[0]],[["0,9729,9729,33071,33071,0,0,1",-1],[0],0,[],[],[]],[["0,9729,9729,33071,33071,0,0,1",-1],[0],0,[],[],[]],[[{"name":"house","rect":[0,0,800,590],"offset":[0,0],"originalSize":[800,590],"capInsets":[0,0,0,0]}],[1],0,[0],[0],[1]],[["0,9729,9729,33071,33071,0,0,1",-1],[0],0,[],[],[]],[[[0,"ನೃಪ",".mp3",0.672],-1],0,0,[],[],[]],[[{"name":"king","rect":[0,0,600,800],"offset":[0,0],"originalSize":[600,800],"capInsets":[0,0,0,0]}],[1],0,[0],[0],[2]],[[{"name":"grass","rect":[0,0,800,590],"offset":[0,0],"originalSize":[800,590],"capInsets":[0,0,0,0]}],[1],0,[0],[0],[3]],[[[0,"ಮದುವೆ",".mp3",0.768],-1],0,0,[],[],[]],[[[1,"kn1808",{"rows":[["phonictractor","1","Description","4","ವ್ರಥಾ","ವ್ರಥಾ.mp3","ವ್ರ","ವ್ರ.mp3","ಥಾ","ಥಾ.mp3"],["phonictractor","1","Description","4","ಧೃತಿ","ಧೃತಿ.mp3","ಧೃ","ಧೃ.mp3","ತಿ","ತಿ.mp3"],["openwindow","1","Description","LEGIT","ಕೃ,ತಿ","novel.png","bag.png","ಕೃತಿ.mp3","ಕೃ,ತಿ"],["spelldoor","1","Description","ಗೃ,ಹ","*ಹ","0","0","house.png","ಗೃಹ.mp3"],["spelldoor","1","Description","ತೃ,ಣ","**","0","0","grass.png","ತೃಣ.mp3"],["spelldoor","1","Description","ನೃ,ಪ","**","0","0","king.png","ನೃಪ.mp3"],["quizliteracy","1","Description","word_word","ವ್ರ","ವ್ರ","ಗೃ","ನೃ","","__ಥಾ","ವ್ರಥಾ.mp3"],["quizliteracy","1","Description","image_word","ಗೃಹ","ನೃಪ","ವ್ರಥಾ","ಗೃಹ","house.png"],["quizliteracy","1","Description","soundonly_word","ನೃಪ","ಗೃಹ","ನೃಪ","ವ್ರಥಾ","","","ನೃಪ.mp3"]]}]],0,0,[],[],[]],[[[0,"ಧೃ",".mp3",0.6],-1],0,0,[],[],[]],[[[0,"ಧೃತಿ",".mp3",0.72],-1],0,0,[],[],[]],[[{"name":"bag","rect":[0,0,674,800],"offset":[0,0],"originalSize":[674,800],"capInsets":[0,0,0,0]}],[1],0,[0],[0],[4]],[[[0,"ಕೃತಿ",".mp3",0.696],-1],0,0,[],[],[]],[[[0,"ವ್ರ",".mp3",0.528],-1],0,0,[],[],[]],[[[0,"ಥಾ",".mp3",0.528],-1],0,0,[],[],[]]]]