[1,["01EgMUMwZGnKCxMZyi3Pa7","e62tbtNPpJz4IeaIaICezv","2f996ThkBA3JyHwC/Q7+nf","58bTZfT81DbpUSovIK4lhI","4dBx9DpSNM5Z/VF2M5xBmX","9eNAursDxGMZGJa6Fgofle","57PPfhECJGdqKGTvZvKwOq","68ZdbC8YZHrLodnuBj7igE","7arjo1FiBNU4ftA8WLnQ/d"],["_textureSetter"],["cc.Texture2D","cc.SpriteFrame",["cc.JsonAsset",["_name","json"],1],["cc.AudioClip",["_name","_native","duration"],0]],[[3,0,1,2,4],[2,0,1,3]],[[["0,9729,9729,33071,33071,0,0,1",-1],[0],0,[],[],[]],[[{"name":"lion","rect":[0,0,512,457],"offset":[0,0],"originalSize":[512,457],"capInsets":[0,0,0,0]}],[1],0,[0],[0],[0]],[[[1,"en1914",{"rows":[["openwindow1","1","Description","LEGIT","lion","lion.png","rhinoceros.png","lion.mp3","abcdefghijklmnopqrstuvwxyz"],["openwindow1","1","Description","LEGIT","tiger","tiger.png","hippopotamus.png","tiger.mp3","abcdefghijklmnopqrstuvwxyz"],["openwindow1","1","Description","LEGIT","elephant","elephant.png","zebra.png","elephant.mp3","abcdefghijklmnopqrstuvwxyz"],["openwindow1","1","Description","LEGIT","bear","bear.png","cow.png","bear.mp3","abcdefghijklmnopqrstuvwxyz"],["openwindow1","1","Description","LEGIT","rhinoceros","rhinoceros.png","bear.png","rhinoceros.mp3","abcdefghijklmnopqrstuvwxyz"],["openwindow1","1","Description","LEGIT","hippopotamus","hippopotamus.png","lion.png","hippopotamus.mp3","abcdefghijklmnopqrstuvwxyz"],["openwindow1","1","Description","LEGIT","zebra","zebra.png","tiger.png","zebra.mp3","abcdefghijklmnopqrstuvwxyz"],["openwindow1","1","Description","LEGIT","cheetah","cheetah.png","elephant.png","cheetah.mp3","abcdefghijklmnopqrstuvwxyz"],["quizliteracy","1","Description","image_sentence","elephant","elephant","rhinoceros","lion","elephant.png","","elephant.mp3"],["quizliteracy","1","Description","soundonly_image","hippopotamus.png","bear.png","tiger.png","hippopotamus.png","","","hippopotamus.mp3"],["quizliteracy","1","Description","image_sentence","zebra","lion","zebra","rhinoceros","zebra.png","","zebra.mp3"]]}]],0,0,[],[],[]],[[{"name":"rhinoceros","rect":[0,0,512,512],"offset":[0,0],"originalSize":[512,512],"capInsets":[0,0,0,0]}],[1],0,[0],[0],[1]],[[{"name":"cheetah","rect":[0,0,512,320],"offset":[0,0],"originalSize":[512,320],"capInsets":[0,0,0,0]}],[1],0,[0],[0],[2]],[[[0,"bear",".mp3",0.864],-1],0,0,[],[],[]],[[{"name":"cow","rect":[0,0,512,512],"offset":[0,0],"originalSize":[512,512],"capInsets":[0,0,0,0]}],[1],0,[0],[0],[3]],[["0,9729,9729,33071,33071,0,0,1",-1],[0],0,[],[],[]],[[[0,"cheetah",".mp3",1.08],-1],0,0,[],[],[]],[[[0,"hippopotamus",".mp3",1.68],-1],0,0,[],[],[]],[["0,9729,9729,33071,33071,0,0,1",-1],[0],0,[],[],[]],[[{"name":"hippopotamus","rect":[0,0,512,285],"offset":[0,0],"originalSize":[512,285],"capInsets":[0,0,0,0]}],[1],0,[0],[0],[4]],[["0,9729,9729,33071,33071,0,0,1",-1],[0],0,[],[],[]],[["0,9729,9729,33071,33071,0,0,1",-1],[0],0,[],[],[]],[["0,9729,9729,33071,33071,0,0,1",-1],[0],0,[],[],[]],[[{"name":"tiger","rect":[7,7,495,502],"offset":[-1.5,-2],"originalSize":[512,512],"capInsets":[0,0,0,0]}],[1],0,[0],[0],[5]],[[[0,"zebra",".mp3",1.104],-1],0,0,[],[],[]],[[[0,"tiger",".mp3",1.008],-1],0,0,[],[],[]],[[[0,"lion",".mp3",1.008],-1],0,0,[],[],[]],[["0,9729,9729,33071,33071,0,0,1",-1],[0],0,[],[],[]],[["0,9729,9729,33071,33071,0,0,1",-1],[0],0,[],[],[]],[[[0,"elephant",".mp3",1.176],-1],0,0,[],[],[]],[[{"name":"zebra","rect":[0,0,2555,1692],"offset":[0,0],"originalSize":[2555,1692],"capInsets":[0,0,0,0]}],[1],0,[0],[0],[6]],[[{"name":"elephant","rect":[0,0,512,342],"offset":[0,0],"originalSize":[512,342],"capInsets":[0,0,0,0]}],[1],0,[0],[0],[7]],[[{"name":"bear","rect":[0,0,512,495],"offset":[0,0],"originalSize":[512,495],"capInsets":[0,0,0,0]}],[1],0,[0],[0],[8]],[["0,9729,9729,33071,33071,0,0,1",-1],[0],0,[],[],[]],[[[0,"rhinoceros",".mp3",1.68],-1],0,0,[],[],[]]]]