[1,["4ftSm1K3NDH4e6mQFt5mhC","7eS0vKVUdNwopgoRgwHNrT","b5MAwauohC75IgBdqnzTOP","b1rJLBgGdHcKIhTOoWy4IL","80H208979CEZxVFT1ge+Ai","03+zOfbBZNn4gL7ydtPKzP"],["_textureSetter"],["cc.Texture2D","cc.SpriteFrame",["cc.AudioClip",["_name","_native","duration"],0],["cc.JsonAsset",["_name","json"],1]],[[2,0,1,2,4],[3,0,1,3]],[[["0,9729,9729,33071,33071,0,0,1",-1],[0],0,[],[],[]],[[{"name":"heart","rect":[0,0,800,590],"offset":[0,0],"originalSize":[800,590],"capInsets":[0,0,0,0]}],[1],0,[0],[0],[0]],[[{"name":"top","rect":[0,0,500,500],"offset":[0,0],"originalSize":[500,500],"capInsets":[0,0,0,0]}],[1],0,[0],[0],[1]],[[[0,"ಕೂಸಿನ ನಗು ಕಿಲಕಿಲ",".mp3",1.56],-1],0,0,[],[],[]],[["0,9729,9729,33071,33071,0,0,1",-1],[0],0,[],[],[]],[[{"name":"laughing_baby","rect":[0,0,800,600],"offset":[0,0],"originalSize":[800,600],"capInsets":[0,0,0,0]}],[1],0,[0],[0],[2]],[[[0,"ಫಾತಿಮಾ ಚೂಟಿ ಹುಡುಗಿ",".mp3",1.68],-1],0,0,[],[],[]],[["0,9729,9729,33071,33071,0,0,1",-1],[0],0,[],[],[]],[["0,9729,9729,33071,33071,0,0,1",-1],[0],0,[],[],[]],[[[0,"ನೃಪನ ಹೃದಯ ಡವಡವ",".mp3",1.632],-1],0,0,[],[],[]],[[[1,"kn1903",{"rows":[["createsentence","1","Description","ಇಲಿಯ/ಕಿವಿ/ಕಿರಿದು","","mouse.png","ಇಲಿಯ ಕಿವಿ ಕಿರಿದು.mp3"],["createsentence","1","Description","ಬುಗುರಿ/ಗಿರಿಗಿರಿ/ತಿರುಗಿತು","","top.png","ಬುಗುರಿ ಗಿರಿಗಿರಿ ತಿರುಗಿತು.mp3"],["createsentence","1","Description","ಹೂಜಿಯ/ನೀರು/ಕುಡಿಯಿರಿ","","longneckedjug.png","ಹೂಜಿಯ ನೀರು ಕುಡಿಯಿರಿ.mp3"],["createsentence","1","Description","ಫಾತಿಮಾ/ಚೂಟಿ/ಹುಡುಗಿ","","smart_girl.png","ಫಾತಿಮಾ ಚೂಟಿ ಹುಡುಗಿ.mp3"],["createsentence","1","Description","ಕೂಸಿನ/ನಗು/ಕಿಲಕಿಲ","","laughing_baby.png","ಕೂಸಿನ ನಗು ಕಿಲಕಿಲ.mp3"],["createsentence","1","Description","ನೃಪನ/ಹೃದಯ/ಡವಡವ","","heart.png","ನೃಪನ ಹೃದಯ ಡವಡವ.mp3"],["quizliteracy","1","Description","image_sentence","ಇಲಿಯ ಕಿವಿ ಕಿರಿದು","ಕೂಸಿನ ನಗು ಕಿಲಕಿಲ","ಇಲಿಯ ಕಿವಿ ಕಿರಿದು","ಬುಗುರಿ ಗಿರಿಗಿರಿ ತಿರುಗಿತು","mouse.png","","ಇಲಿಯ ಕಿವಿ ಕಿರಿದು.mp3"],["quizliteracy","1","Description","sentence_sentence","ಬುಗುರಿ ಗಿರಿಗಿರಿ ತಿರುಗಿತು","ಬುಗುರಿ ಗಿರಿಗಿರಿ ತಿರುಗಿತು","ಕೂಸಿನ ನಗು ಕಿಲಕಿಲ","ಇಲಿಯ ಕಿವಿ ಕಿರಿದು","","ಸರಿಯಾದದನ್ನು ಆರಿಸಿ","ಬುಗುರಿ ಗಿರಿಗಿರಿ ತಿರುಗಿತು.mp3"],["quizliteracy","1","Description","soundonly_sentence","ಕೂಸಿನ ನಗು ಕಿಲಕಿಲ","ಇಲಿಯ ಕಿವಿ ಕಿರಿದು","ಹೂವನು ದಾರೇದಿ ಬಿಗಿದು ಮಾಡಿದ ಹೂವಿನ ಹಾರ","ಕೂಸಿನ ನಗು ಕಿಲಕಿಲ","","","ಕೂಸಿನ ನಗು ಕಿಲಕಿಲ.mp3"]]}]],0,0,[],[],[]],[[{"name":"smart_girl","rect":[0,0,800,800],"offset":[0,0],"originalSize":[800,800],"capInsets":[0,0,0,0]}],[1],0,[0],[0],[3]],[["0,9729,9729,33071,33071,0,0,1",-1],[0],0,[],[],[]],[["0,9729,9729,33071,33071,0,0,1",-1],[0],0,[],[],[]],[[{"name":"longneckedjug","rect":[0,0,500,500],"offset":[0,0],"originalSize":[500,500],"capInsets":[0,0,0,0]}],[1],0,[0],[0],[4]],[[{"name":"mouse","rect":[0,0,500,375],"offset":[0,0],"originalSize":[500,375],"capInsets":[0,0,0,0]}],[1],0,[0],[0],[5]],[[[0,"ಹೂಜಿಯ ನೀರು ಕುಡಿಯಿರಿ",".mp3",1.536],-1],0,0,[],[],[]],[[[0,"ಇಲಿಯ ಕಿವಿ ಕಿರಿದು",".mp3",1.392],-1],0,0,[],[],[]],[[[0,"ಬುಗುರಿ ಗಿರಿಗಿರಿ ತಿರುಗಿತು",".mp3",1.704],-1],0,0,[],[],[]]]]