[1,["7cpY0o3IZGzJl6lHp+++6V","78X+Pw/P5NM4jUflp2m3q/","d27UizTP9Fg7Ph+dim0YvM"],["_textureSetter"],["cc.SpriteFrame","cc.Texture2D",["cc.AudioClip",["_name","_native","duration"],0],["cc.JsonAsset",["_name","json"],1]],[[2,0,1,2,4],[3,0,1,3]],[[[[0,"ढपली",".mp3",0.809796],-1],0,0,[],[],[]],[[[0,"ढक्कन",".mp3",0.757551],-1],0,0,[],[],[]],[[[0,"ढोलक",".mp3",0.783673],-1],0,0,[],[],[]],[[{"name":"ढपली","rect":[0,0,400,333],"offset":[0,0],"originalSize":[400,333],"capInsets":[0,0,0,0]}],[0],0,[0],[0],[0]],[["0,9729,9729,33071,33071,0,0,1",-1],[1],0,[],[],[]],[["0,9729,9729,33071,33071,0,0,1",-1],[1],0,[],[],[]],[[{"name":"ढक्कन","rect":[0,0,400,333],"offset":[0,0],"originalSize":[400,333],"capInsets":[0,0,0,0]}],[0],0,[0],[0],[1]],[[[0,"ढ",".mp3",0.627],-1],0,0,[],[],[]],[[[1,"hi0113",{"rows":[["balloonpop","1","Description","2","ढ","5","ढ","ढ.mp3"],["phonictractor","1","Description","5","ढ","ढ.mp3","ढ","ढ.mp3"],["writeletter","1","Description","ढ","ढक्कन"],["writecard","1","Description","ढ","ढक्कन","ढक्कन.png","ढक्कन.mp3","ढोलक","ढोलक.png","ढोलक.mp3","ढपली","ढपली.png","ढपली.mp3"],["quizliteracy","1","Description","soundonly_word","ढ","ञ","ढ","प","","","ढ.mp3"],["quizliteracy","1","Description","word_word","ढ","ढ","प","ञ","","ढ"],["quizliteracy","1","Description","soundonly_word","ढ","प","ञ","ढ","","","ढ.mp3"]]}]],0,0,[],[],[]],[[{"name":"ढोलक","rect":[0,0,450,452],"offset":[0,0],"originalSize":[450,452],"capInsets":[0,0,0,0]}],[0],0,[0],[0],[2]],[["0,9729,9729,33071,33071,0,0,1",-1],[1],0,[],[],[]]]]