[1,["c5akjgIbtFUot8smbnK3Jv","dcEvoLq4BCLqUdOLxwttz/","da8/Dbr6hIYqCx0dKR4WBM","243gSmhBlKYaY/bfvjREsE","4267CmrZBJMIcr8E1yVpdR","3fIy1lbStMorDdRwb/LHhI","e0ceFwTSZI+JA38FJ1B0jH","73KrVv0XxNNKZAWsYvU1Um"],["_textureSetter"],["cc.SpriteFrame","cc.Texture2D",["cc.JsonAsset",["_name","json"],1],["cc.AudioClip",["_name","_native","duration"],0]],[[3,0,1,2,4],[2,0,1,3]],[[[{"name":"green_snake","rect":[0,0,512,400],"offset":[0,0],"originalSize":[512,400],"capInsets":[0,0,0,0]}],[0],0,[0],[0],[0]],[[{"name":"boy-shortest","rect":[0,0,483,512],"offset":[0,0],"originalSize":[483,512],"capInsets":[0,0,0,0]}],[0],0,[0],[0],[1]],[[[1,"sl_en3813",{"rows":[["createsentence","1","Description","The/blue/pole/is/the/shortest.","red","blue_pole_shortest.png","The_blue_pole_is_the_shortest.mp3"],["createsentence","1","Description","The/boat/with/green/dot/is/the/shortest.","blue","boats_length.png","The_boat_with_green_dot_is_the_shortest.mp3"],["createsentence","1","Description","The/blue/ribbon/is/the longest.","green","blue_ribbon_longest.png","The_blue_ribbon_is_the_longest.mp3"],["createsentence","1","Description","The/man/in/the/white/shirt/is/the/tallest.","orange","boy-shortest.png","The_man_in_the_white_shirt_is_the_tallest.mp3"],["createsentence","1","Description","The/yellow/snake/is/the/shortest.","brown","green_snake.png","The_yellow_snake_is_the_shortest.mp3"],["createsentence","1","Description","The/green/plank/is/the/longest.","blue","Greenplank.png","The_green_plank_is_the_longest.mp3"],["createsentence","1","Description","The/lady/in/pink/is/tallest.","green","pink_tallest.png","The_lady_in_pink_is_tallest.mp3"],["createsentence","1","Description","The/white/feather/is/the/longest.","orange","white-feather.png","The_white_feather_is_the_longest.mp3"],["quizliteracy","1","Description","soundonly_image","blue_pole_shortest.png","blue_pole_shortest.png","pink_tallest.png","white-feather.png","","","The_blue_pole_is_the_shortest.mp3"],["quizliteracy","1","Description","soundonly_image","green_snake.png","green_snake.png","blue_pole_shortest.png","boy-shortest.png","","","The_yellow_snake_is_the_shortest.mp3"],["quizliteracy","1","Description","soundonly_image","pink_tallest.png","pink_tallest.png","boy-shortest.png","green_snake.png","","","The_lady_in_pink_is_tallest.mp3"]]}]],0,0,[],[],[]],[["0,9729,9729,33071,33071,0,0,1",-1],[1],0,[],[],[]],[[[0,"The_blue_pole_is_the_shortest",".mp3",2.716735],-1],0,0,[],[],[]],[[[0,"The_green_plank_is_the_longest",".mp3",1.880816],-1],0,0,[],[],[]],[["0,9729,9729,33071,33071,0,0,1",-1],[1],0,[],[],[]],[["0,9729,9729,33071,33071,0,0,1",-1],[1],0,[],[],[]],[[{"name":"blue_ribbon_longest","rect":[0,0,512,358],"offset":[0,0],"originalSize":[512,358],"capInsets":[0,0,0,0]}],[0],0,[0],[0],[2]],[[[0,"The_yellow_snake_is_the_shortest",".mp3",2.899592],-1],0,0,[],[],[]],[["0,9729,9729,33071,33071,0,0,1",-1],[1],0,[],[],[]],[[[0,"The_blue_ribbon_is_the_longest",".mp3",2.037551],-1],0,0,[],[],[]],[[[0,"The_boat_with_green_dot_is_the_shortest",".mp3",3.787755],-1],0,0,[],[],[]],[[{"name":"blue_pole_shortest","rect":[0,0,512,308],"offset":[0,0],"originalSize":[512,308],"capInsets":[0,0,0,0]}],[0],0,[0],[0],[3]],[[[0,"The_white_feather_is_the_longest",".mp3",2.324898],-1],0,0,[],[],[]],[[[0,"The_man_in_the_white_shirt_is_the_tallest",".mp3",2.56],-1],0,0,[],[],[]],[[{"name":"boats_length","rect":[0,0,460,512],"offset":[0,0],"originalSize":[460,512],"capInsets":[0,0,0,0]}],[0],0,[0],[0],[4]],[["0,9729,9729,33071,33071,0,0,1",-1],[1],0,[],[],[]],[[{"name":"pink_tallest","rect":[0,0,512,510],"offset":[0,0],"originalSize":[512,510],"capInsets":[0,0,0,0]}],[0],0,[0],[0],[5]],[[{"name":"Greenplank","rect":[0,0,512,387],"offset":[0,0],"originalSize":[512,387],"capInsets":[0,0,0,0]}],[0],0,[0],[0],[6]],[[{"name":"white-feather","rect":[0,0,512,497],"offset":[0,0],"originalSize":[512,497],"capInsets":[0,0,0,0]}],[0],0,[0],[0],[7]],[[[0,"The_lady_in_pink_is_tallest",".mp3",3.369796],-1],0,0,[],[],[]],[["0,9729,9729,33071,33071,0,0,1",-1],[1],0,[],[],[]],[["0,9729,9729,33071,33071,0,0,1",-1],[1],0,[],[],[]],[["0,9729,9729,33071,33071,0,0,1",-1],[1],0,[],[],[]]]]