[1,["56O0RrTl9HhpdLv6OnE8Sn","dd4U3EV8FOjJV6pnjhzMUl","4e8hVlXxFB7oY0s+tKJOeR","b4TrOmHCRNda71wqgaEYKq","70txsEftpFvp3sh9tHP8mK","82mHrdwaxPl7PsanezQ4T+","6bZOvtwf5H253ZQKRicjdF","76r6F2kBxJSKBkCmQj0XaU"],["_textureSetter"],["cc.SpriteFrame","cc.Texture2D",["cc.AudioClip",["_name","_native","duration"],0],["cc.JsonAsset",["_name","json"],1]],[[2,0,1,2,4],[3,0,1,3]],[[[[0,"ಕಂಠ",".mp3",0.696],-1],0,0,[],[],[]],[[[0,"ಅಂಕ",".mp3",0.912],-1],0,0,[],[],[]],[[{"name":"marks","rect":[0,0,512,468],"offset":[0,0],"originalSize":[512,468],"capInsets":[0,0,0,0]}],[0],0,[0],[0],[0]],[[{"name":"column","rect":[0,0,341,512],"offset":[0,0],"originalSize":[341,512],"capInsets":[0,0,0,0]}],[0],0,[0],[0],[1]],[[[0,"ಮಂಗ",".mp3",0.672],-1],0,0,[],[],[]],[[[0,"ರಂಗ",".mp3",0.696],-1],0,0,[],[],[]],[["0,9729,9729,33071,33071,0,0,1",-1],[1],0,[],[],[]],[["0,9729,9729,33071,33071,0,0,1",-1],[1],0,[],[],[]],[["0,9729,9729,33071,33071,0,0,1",-1],[1],0,[],[],[]],[["0,9729,9729,33071,33071,0,0,1",-1],[1],0,[],[],[]],[["0,9729,9729,33071,33071,0,0,1",-1],[1],0,[],[],[]],[[[1,"kn1005",{"rows":[["rocket","1","Description","ಅಂಕ","ಅಂ,ಕ","ಅಂ,ಕ","ಅಂಕ.mp3","marks.png","False","False"],["spelldoor","1","Description","ಅಂಗ","*ಗ","0","0","body.png","ಅಂಗ.mp3"],["rocket","1","Description","ಮಂಗ","ಮಂ,ಗ","ಮಂ,ಗ","ಮಂಗ.mp3","monkey.png","False","False"],["spelldoor","1","Description","ಕಂಠ","*ಠ","0","0","throat.png","ಕಂಠ.mp3"],["rocket","1","Description","ರಂಗ","ರಂ,ಗ","ರಂ,ಗ","ರಂಗ.mp3","arena.png","False","False"],["spelldoor","1","Description","ಅಂಗಳ","*ಗಳ","0","0","frontyard.png","ಅಂಗಳ.mp3"],["rocket","1","Description","ಅಂಕಣ","ಅಂ,ಕ,ಣ","ಅಂ,ಕ,ಣ","ಅಂಕಣ.mp3","column.png","False","False"],["spelldoor","1","Description","ಅಂತಃಪುರ","*ತಃಪುರ","0","0","queens_chamber.png","ಅಂತಃಪುರ.mp3"],["quizliteracy","1","Description","word_word","ಅಂ","ಮಂ","ಅಂ","ರಂ","","_ಕ","ಅಂಕ.mp3"],["quizliteracy","1","Description","word_word","ಮಂ","ರಂ","ಮಂ","ಅಂ","","_ಗ","ಮಂಗ.mp3"],["quizliteracy","1","Description","word_word","ರಂ","ಅಂ","ರಂ","ಮಂ","","_ಗ","ರಂಗ.mp3"]]}]],0,0,[],[],[]],[["0,9729,9729,33071,33071,0,0,1",-1],[1],0,[],[],[]],[[{"name":"throat","rect":[0,0,341,512],"offset":[0,0],"originalSize":[341,512],"capInsets":[0,0,0,0]}],[0],0,[0],[0],[2]],[[[0,"ಅಂಗ",".mp3",0.864],-1],0,0,[],[],[]],[[{"name":"arena","rect":[0,0,512,235],"offset":[0,0],"originalSize":[512,235],"capInsets":[0,0,0,0]}],[0],0,[0],[0],[3]],[[[0,"ಅಂತಃಪುರ",".mp3",1.296],-1],0,0,[],[],[]],[[[0,"ಅಂಕಣ",".mp3",1.032],-1],0,0,[],[],[]],[["0,9729,9729,33071,33071,0,0,1",-1],[1],0,[],[],[]],[[{"name":"frontyard","rect":[0,0,512,385],"offset":[0,0],"originalSize":[512,385],"capInsets":[0,0,0,0]}],[0],0,[0],[0],[4]],[[[0,"ಅಂಗಳ",".mp3",1.032],-1],0,0,[],[],[]],[[{"name":"body","rect":[0,0,400,342],"offset":[0,0],"originalSize":[400,342],"capInsets":[0,0,0,0]}],[0],0,[0],[0],[5]],[["0,9729,9729,33071,33071,0,0,1",-1],[1],0,[],[],[]],[[{"name":"monkey","rect":[0,0,512,341],"offset":[0,0],"originalSize":[512,341],"capInsets":[0,0,0,0]}],[0],0,[0],[0],[6]],[[{"name":"queens_chamber","rect":[0,0,512,341],"offset":[0,0],"originalSize":[512,341],"capInsets":[0,0,0,0]}],[0],0,[0],[0],[7]]]]