[1,["bcPoOVih1MF5S6du4GbUD5","e6wMEZ9n9NgrJRECEtsxJk","22k49kKkNEPKN+gqF2ZM2f","6fK9LpHepHRapl1ccd0Cwe","7fdKKY6c5FYZ/sr7Gcdv5X","7dUhPNMHFHRJMYw9u9tqWa","986TFQCHtNe6Fn7NkgfISN","cbvlZ0WfdHw66REjz67Psq","5eubA9S/dKM4TwkLsoEV3r","06tOoCSjNJ96NOPQZKUyQg"],["_textureSetter"],["cc.SpriteFrame","cc.Texture2D",["cc.AudioClip",["_name","_native","duration"],0],["cc.JsonAsset",["_name","json"],1]],[[2,0,1,2,4],[3,0,1,3]],[[[[0,"ಶಪಥ",".mp3",0.84],-1],0,0,[],[],[]],[[{"name":"soldier","rect":[0,0,500,333],"offset":[0,0],"originalSize":[500,333],"capInsets":[0,0,0,0]}],[0],0,[0],[0],[0]],[["0,9729,9729,33071,33071,0,0,1",-1],[1],0,[],[],[]],[[{"name":"bell","rect":[0,0,341,512],"offset":[0,0],"originalSize":[341,512],"capInsets":[0,0,0,0]}],[0],0,[0],[0],[1]],[[{"name":"fire","rect":[0,0,512,378],"offset":[0,0],"originalSize":[512,378],"capInsets":[0,0,0,0]}],[0],0,[0],[0],[2]],[[[0,"ಪಥ",".mp3",0.648],-1],0,0,[],[],[]],[["0,9729,9729,33071,33071,0,0,1",-1],[1],0,[],[],[]],[[{"name":"rath","rect":[0,0,384,512],"offset":[0,0],"originalSize":[384,512],"capInsets":[0,0,0,0]}],[0],0,[0],[0],[3]],[[{"name":"money","rect":[0,0,512,337],"offset":[0,0],"originalSize":[512,337],"capInsets":[0,0,0,0]}],[0],0,[0],[0],[4]],[["0,9729,9729,33071,33071,0,0,1",-1],[1],0,[],[],[]],[["0,9729,9729,33071,33071,0,0,1",-1],[1],0,[],[],[]],[["0,9729,9729,33071,33071,0,0,1",-1],[1],0,[],[],[]],[[[0,"ಭಯ",".mp3",0.624],-1],0,0,[],[],[]],[["0,9729,9729,33071,33071,0,0,1",-1],[1],0,[],[],[]],[[[0,"ಢಣಢಣ",".mp3",0.792],-1],0,0,[],[],[]],[["0,9729,9729,33071,33071,0,0,1",-1],[1],0,[],[],[]],[[[1,"kn0805",{"rows":[["rocket","1","Description","ಧನ","ಧ,ನ","ಧ,ನ","ಧನ.mp3","money.png","False","False"],["spelldoor","1","Description","ಶಪಥ","ಶಪ*","0","0","oath.png","ಶಪಥ.mp3"],["rocket","1","Description","ಢಣಢಣ","ಢ,ಣ,ಢ,ಣ","ಢ,ಣ,ಢ,ಣ","ಢಣಢಣ.mp3","bell.png","False","False"],["spelldoor","1","Description","ಪಥ","ಪ*","0","0","path.png","ಪಥ.mp3"],["rocket","1","Description","ಭಟ","ಭ,ಟ","ಭ,ಟ","ಭಟ.mp3","bhata.png","False","False"],["spelldoor","1","Description","ಧಗಧಗ","*ಗಧಗ","0","0","fire.png","ಧಗಧಗ.mp3"],["rocket","1","Description","ರಥ","ರ,ಥ","ರ,ಥ","ರಥ.mp3","rath.png","False","False"],["spelldoor","1","Description","ಭಯ","*ಯ","0","0","fear.png","ಭಯ.mp3"],["rocket","1","Description","ಭವ","ಭ,ವ","ಭ,ವ","ಭವ.mp3","shiva.png","False","False"],["quizliteracy","1","Description","word_word","ಥ","ಭ","ಥ","ಧ","","ರ_","ರಥ.mp3"],["quizliteracy","1","Description","word_word","ಭ","ಥ","ಧ","ಭ","","_ಟ","ಭಟ.mp3"],["quizliteracy","1","Description","word_word","ಧ","ಧ","ಭ","ಥ","","_ನ","ಧನ.mp3"]]}]],0,0,[],[],[]],[[{"name":"oath","rect":[0,0,512,384],"offset":[0,0],"originalSize":[512,384],"capInsets":[0,0,0,0]}],[0],0,[0],[0],[5]],[[{"name":"bhata","rect":[0,0,512,496],"offset":[0,0],"originalSize":[512,496],"capInsets":[0,0,0,0]}],[0],0,[0],[0],[6]],[["0,9729,9729,33071,33071,0,0,1",-1],[1],0,[],[],[]],[[[0,"ಭಟ",".mp3",0.624],-1],0,0,[],[],[]],[["0,9729,9729,33071,33071,0,0,1",-1],[1],0,[],[],[]],[[[0,"ರಥ",".mp3",0.648],-1],0,0,[],[],[]],[[{"name":"shiva","rect":[0,0,383,512],"offset":[0,0],"originalSize":[383,512],"capInsets":[0,0,0,0]}],[0],0,[0],[0],[7]],[[[0,"ಧಗಧಗ",".mp3",0.888],-1],0,0,[],[],[]],[["0,9729,9729,33071,33071,0,0,1",-1],[1],0,[],[],[]],[[[0,"ಭವ",".mp3",0.6],-1],0,0,[],[],[]],[[[0,"ಧನ",".mp3",0.6],-1],0,0,[],[],[]],[[{"name":"fear","rect":[0,0,512,341],"offset":[0,0],"originalSize":[512,341],"capInsets":[0,0,0,0]}],[0],0,[0],[0],[8]],[[{"name":"path","rect":[0,0,512,384],"offset":[0,0],"originalSize":[512,384],"capInsets":[0,0,0,0]}],[0],0,[0],[0],[9]]]]