[1,["9dMN7aY3RDGrAQ0/M04yQP","3eTi7qNp5IEIqoB8QCvPSi","4bWGhyVHJKWbv7M+EDo54s","e9FHghC4hF1axDNYoTE2JM","2d2NPAvN1PIIYMRnKnY1/3","0cWVt9blZF6I51ZiH7A+Rc","e8S3qG0S5NWr2i6ZeOzED+","9ddsn/VQhD1IezqJgajCpM"],["_textureSetter"],["cc.SpriteFrame","cc.Texture2D",["cc.JsonAsset",["_name","json"],1]],[[2,0,1,3]],[[[{"name":"son","rect":[0,0,512,512],"offset":[0,0],"originalSize":[512,512],"capInsets":[0,0,0,0]}],[0],0,[0],[0],[0]],[["0,9729,9729,33071,33071,0,0,1",-1],[1],0,[],[],[]],[[{"name":"uncle","rect":[0,0,1207,1200],"offset":[0,0],"originalSize":[1207,1200],"capInsets":[0,0,0,0]}],[0],0,[0],[0],[1]],[["0,9729,9729,33071,33071,0,0,1",-1],[1],0,[],[],[]],[["0,9729,9729,33071,33071,0,0,1",-1],[1],0,[],[],[]],[[[0,"sl_en2408",{"rows":[["openwindow","1","Description","LEGIT","uncle","uncle.png","baby.png","uncle.mp3","abcdefghijklmnopqrstuvwxyz"],["openwindow","1","Description","LEGIT","aunt","aunt.png","cousin.png","aunt.mp3","abcdefghijklmnopqrstuvwxyz"],["openwindow","1","Description","LEGIT","cousin","cousin.png","aunt.png","cousin.mp3","abcdefghijklmnopqrstuvwxyz"],["openwindow","1","Description","LEGIT","niece","niece.png","nephew.png","niece.mp3","abcdefghijklmnopqrstuvwxyz"],["openwindow","1","Description","LEGIT","nephew","nephew.png","niece.png","nephew.mp3","abcdefghijklmnopqrstuvwxyz"],["openwindow","1","Description","LEGIT","son","son.png","daughter.png","son .mp3","abcdefghijklmnopqrstuvwxyz"],["openwindow","1","Description","LEGIT","daughter","daughter.png","son.png","daughter.mp3","abcdefghijklmnopqrstuvwxyz"],["quizliteracy","1","Description","image_sentence","uncle","cousin","niece","uncle","uncle.png","","uncle.mp3"],["quizliteracy","1","Description","image_sentence","nephew","niece","nephew","son","nephew.png","","nephew.mp3"],["quizliteracy","1","Description","image_sentence","daughter","daughter","son","cousin","daughter.png","","daughter.mp3"]]}]],0,0,[],[],[]],[["0,9729,9729,33071,33071,0,0,1",-1],[1],0,[],[],[]],[[{"name":"cousin","rect":[0,0,456,512],"offset":[0,0],"originalSize":[456,512],"capInsets":[0,0,0,0]}],[0],0,[0],[0],[2]],[[{"name":"nephew","rect":[0,0,512,512],"offset":[0,0],"originalSize":[512,512],"capInsets":[0,0,0,0]}],[0],0,[0],[0],[3]],[["0,9729,9729,33071,33071,0,0,1",-1],[1],0,[],[],[]],[["0,9729,9729,33071,33071,0,0,1",-1],[1],0,[],[],[]],[[{"name":"aunt","rect":[0,0,512,509],"offset":[0,0],"originalSize":[512,509],"capInsets":[0,0,0,0]}],[0],0,[0],[0],[4]],[[{"name":"niece","rect":[0,0,454,512],"offset":[0,0],"originalSize":[454,512],"capInsets":[0,0,0,0]}],[0],0,[0],[0],[5]],[[{"name":"daughter","rect":[0,0,512,512],"offset":[0,0],"originalSize":[512,512],"capInsets":[0,0,0,0]}],[0],0,[0],[0],[6]],[["0,9729,9729,33071,33071,0,0,1",-1],[1],0,[],[],[]],[["0,9729,9729,33071,33071,0,0,1",-1],[1],0,[],[],[]],[[{"name":"baby","rect":[0,0,512,339],"offset":[0,0],"originalSize":[512,339],"capInsets":[0,0,0,0]}],[0],0,[0],[0],[7]]]]