[1,["62qXs1b5JIy6uyuVVxGGwb","b0T5GUqLNCXYT5GfJeT/9T","87mXSdMetK3Y2i72O4dCtt","a2n9aZOy9OQLRcHq0gFWPt","1dhRaWqwxN5oomJ/WlrixX"],["_textureSetter"],["cc.SpriteFrame","cc.Texture2D",["cc.AudioClip",["_name","_native","duration"],0],["cc.JsonAsset",["_name","json"],1]],[[2,0,1,2,4],[3,0,1,3]],[[[{"name":"rabbit_tail","rect":[0,0,410,512],"offset":[0,0],"originalSize":[410,512],"capInsets":[0,0,0,0]}],[0],0,[0],[0],[0]],[["0,9729,9729,33071,33071,0,0,1",-1],[1],0,[],[],[]],[[{"name":"rabbit_ears","rect":[0,0,512,342],"offset":[0,0],"originalSize":[512,342],"capInsets":[0,0,0,0]}],[0],0,[0],[0],[1]],[[[0,"ಮೊಲದ ಕೀವಿ ದೊಡ್ಡದಾಗಿದೆ",".mp3",1.8],-1],0,0,[],[],[]],[[{"name":"rabbit","rect":[0,0,512,426],"offset":[0,0],"originalSize":[512,426],"capInsets":[0,0,0,0]}],[0],0,[0],[0],[2]],[[[0,"ಮೊಲದ ಬಾಲ  ಗಿಡ್ಡವಾಗಿದೆ",".mp3",1.8],-1],0,0,[],[],[]],[[[0,"ಗಿಡದ ಚಿಗುರು ಮೊಲದ ಊಟ",".mp3",1.752],-1],0,0,[],[],[]],[["0,9729,9729,33071,33071,0,0,1",-1],[1],0,[],[],[]],[[{"name":"rabbit_eating","rect":[0,0,500,466],"offset":[0,0],"originalSize":[500,466],"capInsets":[0,0,0,0]}],[0],0,[0],[0],[3]],[["0,9729,9729,33071,33071,0,0,1",-1],[1],0,[],[],[]],[[[1,"kn3604",{"rows":[["createsentence","1","Description","ಮೊಲದ/ಮರಿ/ಚುಪುಕೆ/ಚುಪುಕೆ/ಎಂದು/ನೆಗೆದು/ಬರುತ್ತದೆ","","rabbit.png","ಮೊಲದ ಮರಿ ಚುಪುಕೆ ಚುಪುಕೆ ಎಂದು ನೆಗೆದು ಬರುತ್ತದೆ.mp3"],["createsentence","1","Description","ಗಿಡದ/ಚಿಗುರು/ಮೊಲದ/ಊಟ","","rabbit_eating.png","ಗಿಡದ ಚಿಗುರು ಮೊಲದ ಊಟ.mp3"],["createsentence","1","Description","ಮೊಲದ/ಬಾಲ /ಗಿಡ್ಡವಾಗಿದೆ","","rabbit_tail.png","ಮೊಲದ ಬಾಲ  ಗಿಡ್ಡವಾಗಿದೆ.mp3"],["createsentence","1","Description","ಮೊಲದ/ಕಿವಿ/ದೊಡ್ಡದಾಗಿದೆ","","rabbit_ears.png","ಮೊಲದ ಕಿವಿ ದೊಡ್ಡದಾಗಿದೆ.mp3"],["createsentence","1","Description","ಮೊಲ/ಪೊದರ/ಬಳಿ/ಆಡುತ್ತದೆ","","bush.png","ಮೊಲ ಪೊದರ ಬಳಿ ಆಡುತ್ತದೆ.mp3"],["quizliteracy","1","Description","image_sentence","ಮೊಲದ ಮರಿ ಚುಪುಕೆ ಚುಪುಕೆ ಎಂದು ನೆಗೆದು ಬರುತ್ತದೆ","ಗಿಡದ ಚಿಗುರು ಮೊಲದ ಊಟ","ಮೊಲ ಪೊದರ ಬಳಿ ಆಡುತ್ತದೆ","ಮೊಲದ ಮರಿ ಚುಪುಕೆ ಚುಪುಕೆ ಎಂದು ನೆಗೆದು ಬರುತ್ತದೆ","rabbit.png","","ಮೊಲದ ಮರಿ ಚುಪುಕೆ ಚುಪುಕೆ ಎಂದು ನೆಗೆದು ಬರುತ್ತದೆ.mp3"],["quizliteracy","1","Description","sentence_sentence","ಮೊಲದ ಬಾಲ  ಗಿಡ್ಡವಾಗಿದೆ","ಮೊಲದ ಕಿವಿ ದೊಡ್ಡದಾಗಿದೆ","ಮೊಲದ ಬಾಲ  ಗಿಡ್ಡವಾಗಿದೆ","ಮೊಲ ಪೊದರ ಬಳಿ ಆಡುತ್ತದೆ","","ಸರಿಯಾದದನ್ನು ಆರಿಸಿ","ಮೊಲದ ಬಾಲ  ಗಿಡ್ಡವಾಗಿದೆ.mp3"],["quizliteracy","1","Description","soundonly_sentence","ಮೊಲ ಪೊದರ ಬಳಿ ಆಡುತ್ತದೆ","ಮೊಲ ಪೊದರ ಬಳಿ ಆಡುತ್ತದೆ","ಮೊಲದ ಕಿವಿ ದೊಡ್ಡದಾಗಿದೆ","ಮೊಲದ ಬಾಲ  ಗಿಡ್ಡವಾಗಿದೆ","","","ಮೊಲ ಪೊದರ ಬಳಿ ಆಡುತ್ತದೆ.mp3"]]}]],0,0,[],[],[]],[["0,9729,9729,33071,33071,0,0,1",-1],[1],0,[],[],[]],[[[0,"ಮೊಲದ ಮರಿ ಚುಪುಕೆ ಚುಪುಕೆ ಎಂದು ನೆಗೆದು ಬರುತ್ತದೆ",".mp3",3.192],-1],0,0,[],[],[]],[["0,9729,9729,33071,33071,0,0,1",-1],[1],0,[],[],[]],[[{"name":"bush","rect":[0,0,512,342],"offset":[0,0],"originalSize":[512,342],"capInsets":[0,0,0,0]}],[0],0,[0],[0],[4]],[[[0,"ಮೊಲ ಪೊದರ ಬಳಿ ಆಡುತ್ತದೆ",".mp3",1.8],-1],0,0,[],[],[]],[[[0,"ಮೊಲದ ಕಿವಿ ದೊಡ್ಡದಾಗಿದೆ",".mp3",1.704],-1],0,0,[],[],[]]]]