[1,["c3Gm74t0FLJa4mDAyXNIAp","862Sbw7chLxqLAP8yu+vzH","66Bnds2JhHab0wEGI8Pi8H","dd7lvMO1dKYLzuwLswAu0q","66ItPnHvJLNJYiESUsAfYL","c3r/2p4D9Ep7Wkw9aBPbbX","96WscTPSBPFZ+xcnAnw35b","5eb3Rnw7NJ0aKgwKUWkfcQ"],["_textureSetter"],["cc.SpriteFrame","cc.Texture2D",["cc.AudioClip",["_name","_native","duration"],0],["cc.JsonAsset",["_name","json"],1]],[[2,0,1,2,4],[3,0,1,3]],[[[[0,"chain",".mp3",0.992653],-1],0,0,[],[],[]],[[[0,"paint",".mp3",0.888163],-1],0,0,[],[],[]],[[{"name":"spelling_chair","rect":[0,0,370,273],"offset":[0,0],"originalSize":[370,273],"capInsets":[0,0,0,0]}],[0],0,[0],[0],[0]],[[[0,"ou",".mp3",0.862041],-1],0,0,[],[],[]],[[{"name":"spelling_train","rect":[0,0,370,273],"offset":[0,0],"originalSize":[370,273],"capInsets":[0,0,0,0]}],[0],0,[0],[0],[1]],[["0,9729,9729,33071,33071,0,0,1",-1],[1],0,[],[],[]],[["0,9729,9729,33071,33071,0,0,1",-1],[1],0,[],[],[]],[["0,9729,9729,33071,33071,0,0,1",-1],[1],0,[],[],[]],[[[0,"farm",".mp3",0.783673],-1],0,0,[],[],[]],[[[1,"sl_en1718",{"rows":[["openwindow","1","Description","LEGIT","face","face.png","rain.png","face.mp3","abcdefghijklmnopqrstuvwxyz"],["openwindow","1","Description","LEGIT","farm","farm.png","rain.png","farm.mp3","abcdefghijklmnopqrstuvwxyz"],["openwindow","1","Description","LEGIT","train","train.png","color.png","train.mp3","abcdefghijklmnopqrstuvwxyz"],["speakingpet","1","Description","ou.mp3","ai.mp3","mouse","mouse.mp3","A","2,3","count","count.mp3","A","2,3","paint","paint.mp3","B","2,3","rain","rain.mp3","B","2,3"],["spelldoor","1","Description","chair","ch**r","2","2","spelling_chair.png","chair.mp3"],["spelldoor","1","Description","rain","r**n","4","2","spelling_rain.png","rain.mp3"],["spelldoor","1","Description","train","tr**in","2","2","spelling_train.png","train.mp3"],["quizliteracy","1","Description","soundonly_word","rain","rain","storm","earth","","","rain.mp3"],["quizliteracy","1","Description","soundonly_word","chair","shop","church","chair","","","chair.mp3"],["quizliteracy","1","Description","word_word","ai","ea","ar","ai","","tr__n","train.mp3"],["quizliteracy","1","Description","word_word","ai","re","ai","ve","","ch__n","chain.mp3"],["quizliteracy","1","Description","word_word","ai","ai","sa","tu","","p__nt","paint.mp3"]]}]],0,0,[],[],[]],[[[0,"train",".mp3",0.835918],-1],0,0,[],[],[]],[[[0,"count",".mp3",0.835918],-1],0,0,[],[],[]],[[[0,"mouse",".mp3",0.783673],-1],0,0,[],[],[]],[["0,9729,9729,33071,33071,0,0,1",-1],[1],0,[],[],[]],[[[0,"hair",".mp3",0.653061],-1],0,0,[],[],[]],[["0,9729,9729,33071,33071,0,0,1",-1],[1],0,[],[],[]],[[{"name":"rain","rect":[0,0,512,512],"offset":[0,0],"originalSize":[512,512],"capInsets":[0,0,0,0]}],[0],0,[0],[0],[2]],[[{"name":"color","rect":[22,16,148,119],"offset":[-0.5,1],"originalSize":[193,153],"capInsets":[0,0,0,0]}],[0],0,[0],[0],[3]],[[[0,"rain",".mp3",0.757551],-1],0,0,[],[],[]],[[{"name":"train","rect":[59,52,476,280],"offset":[7,38],"originalSize":[580,460],"capInsets":[0,0,0,0]}],[0],0,[0],[0],[4]],[[{"name":"spelling_rain","rect":[0,0,370,273],"offset":[0,0],"originalSize":[370,273],"capInsets":[0,0,0,0]}],[0],0,[0],[0],[5]],[[[0,"chair",".mp3",0.705306],-1],0,0,[],[],[]],[["0,9729,9729,33071,33071,0,0,1",-1],[1],0,[],[],[]],[["0,9729,9729,33071,33071,0,0,1",-1],[1],0,[],[],[]],[[[0,"ai",".mp3",1.097143],-1],0,0,[],[],[]],[[{"name":"farm","rect":[0,0,512,321],"offset":[0,0],"originalSize":[512,321],"capInsets":[0,0,0,0]}],[0],0,[0],[0],[6]],[["0,9729,9729,33071,33071,0,0,1",-1],[1],0,[],[],[]],[[[0,"face",".mp3",0.809796],-1],0,0,[],[],[]],[[{"name":"face","rect":[0,0,512,425],"offset":[0,0],"originalSize":[512,425],"capInsets":[0,0,0,0]}],[0],0,[0],[0],[7]]]]