<root>
<lido-container show-prev-button="false" show-next-button="true" id="lido-container" bg-image="" height="1600px" width="900px" value="mainContainer4" objective="" visible="true" onInCorrect="lido-avatar.avatarAnimate='Fail'; this.sleep='2000';" show-check="false" is-continue-on-correct="true" exit-button-url="template-assets/buttons/file-zktzg97y.svg" prev-button-url="template-assets/buttons/file-lks2qleo.svg" next-button-url="template-assets/buttons/file-479rlw2b.svg" speaker-button-url="template-assets/buttons/file-nteaixrp.svg">
    <lido-cell id="cell1" margin="landscape.140px 0px 0px 0px,portrait.170px 0px 0px 0px" visible="true" layout="landscape.row,portrait.col" disable-edit="true" value="cell1" width="landscape.100%,portrait.86%" height="landscape.100%,portrait.80%" x="50px" y="50px" bg-color="white" onEntry="this.justifyContent='space-evenly'; this.borderRadius='6px'">
        <lido-image id="image1" disable-edit="true" margin="landscape.0px 0px 0px 0px,portrait.-20px 0px 0px 0px" value="image1" visible="true" src="game-assets/images/file-xqe6ct6s.jpg" width="landscape.704px,portrait.744px" height="landscape.704px,portrait.707px" bg-color="transparent" alt-text="" onEntry="" />
        <lido-text id="text1" tab-index="1" audio="" disable-edit="true" margin="landscape.0px 0px 0px 27px,portrait.0px 0px 60px 0px" value="text1" visible="true" width="landscape.47%,portrait.90%" height="100%" bg-color="transparent" font-family="'Baloo 2', serif" font-size="44px" font-color="#000" string="That afternoon, when the rain stopped, Mina and Asha walked home together under one umbrella. Mina felt lighter, almost sunny inside." onEntry="this.fontWeight='500'; this.boxShadow='unset'; this.textAlign='start'; this.speak='true';" />
    </lido-cell>
    <lido-pos id="pos1" disable-edit="true" value="pos1" height="350px" width="350px" x="landscape.1300px, portrait.580px" y="landscape.670px, portrait.1350px" aria-hidden="true" z="1" bg-color="transparent" visible="true">
        <lido-avatar id="lido-avatar" disable-edit="true" visible="true" height="350px" width="350px" src="template-assets/images/file-095q1jcx.riv" alt-text="chimpleCharacterRive" />
    </lido-pos>
</lido-container><lido-container show-prev-button="false" show-next-button="true" id="lido-container" bg-image="" height="1600px" width="900px" value="mainContainer4" objective="" visible="true" onInCorrect="lido-avatar.avatarAnimate='Fail'; this.sleep='2000';" show-check="false" is-continue-on-correct="true" exit-button-url="template-assets/buttons/file-zktzg97y.svg" prev-button-url="template-assets/buttons/file-lks2qleo.svg" next-button-url="template-assets/buttons/file-479rlw2b.svg" speaker-button-url="template-assets/buttons/file-nteaixrp.svg">
    <lido-cell id="cell1" margin="landscape.140px 0px 0px 0px,portrait.170px 0px 0px 0px" visible="true" layout="landscape.row,portrait.col" disable-edit="true" value="cell1" width="landscape.100%,portrait.86%" height="landscape.100%,portrait.80%" x="50px" y="50px" bg-color="white" onEntry="this.justifyContent='space-evenly'; this.borderRadius='6px'">
        <lido-image id="image1" disable-edit="true" margin="landscape.0px 0px 0px 0px,portrait.-20px 0px 0px 0px" value="image1" visible="true" src="game-assets/images/file-tws3fk9j.jpg" width="landscape.704px,portrait.744px" height="landscape.704px,portrait.707px" bg-color="transparent" alt-text="" onEntry="" />
        <lido-text id="text1" tab-index="1" audio="" disable-edit="true" margin="landscape.0px 0px 0px 27px,portrait.0px 0px 60px 0px" value="text1" visible="true" width="landscape.47%,portrait.90%" height="100%" bg-color="transparent" font-family="'Baloo 2', serif" font-size="44px" font-color="#000" string="That night, Mina pinned Asha’s drawing above her bed. She whispered, &quot;Caring for others makes the clouds go away.&quot;" onEntry="this.fontWeight='500'; this.boxShadow='unset'; this.textAlign='start'; this.speak='true';" />
    </lido-cell>
    <lido-pos id="pos1" disable-edit="true" value="pos1" height="350px" width="350px" x="landscape.1300px, portrait.580px" y="landscape.670px, portrait.1350px" aria-hidden="true" z="1" bg-color="transparent" visible="true">
        <lido-avatar id="lido-avatar" disable-edit="true" visible="true" height="350px" width="350px" src="template-assets/images/file-095q1jcx.riv" alt-text="chimpleCharacterRive" />
    </lido-pos>
</lido-container>
    <lido-container id="lido-container" value="maincontainer" objective="option_3" aria-label="This is a multiple-option question. Select one option from the list." height="100vh" width="100vw" x="0" y="0" z="0" bg-color="transparent" bg-image="template-assets/bg-images/file-y9cwccso.png" visible="true" onCorrect="lido-avatar.avatarAnimate='Success'; this.sleep='2000';" onInCorrect="lido-avatar.avatarAnimate='Fail'; this.sleep='2000';" show-check="false" is-continue-on-correct="true" onEntry="" exit-button-url="template-assets/buttons/file-zktzg97y.svg" prev-button-url="template-assets/buttons/file-lks2qleo.svg" next-button-url="template-assets/buttons/file-479rlw2b.svg" speaker-button-url="template-assets/buttons/file-nteaixrp.svg">

    
    <lido-cell layout="pos" id="pos1" disable-edit="true" value="pos1" height="300px" width="300px" x="landscape.-20px, portrait.-20px" y="landscape.100px, portrait.400px" aria-hidden="true" z="2" bg-color="transparent" visible="true">

      <lido-avatar id="lido-avatar" disable-edit="true" visible="true" height="100%" width="100%" src="template-assets/images/file-095q1jcx.riv" alt-text="" bg-color="transparent">
      </lido-avatar>

      <lido-image id="shadow1" disable-edit="true" value="image1" visible="true" src="template-assets/images/file-h384hg3s.png" bg-color="transparent" width="186px" height="40px" x="55px" y="248px" alt-text="">
      </lido-image>
    </lido-cell>

    <lido-cell visible="true" layout="col" width="100%" height="100%" bg-color="transparent">
      <lido-text visible="true" width="80%" height="10%" bg-color="transparent" />

      <lido-text tab-index="1" audio="" visible="true" id="lido-question" width="landscape.65%, portrait.80%" height="10%" bg-color="#FFF5BB" string="How do you feel when you get a present or win a prize?" border-radius="16px" onEntry="this.border='1px solid black'; this.fontWeight='500'; this.padding='50px';" font-size="36px">
      </lido-text>

      <lido-cell visible="true" width="100%" height="landscape.68%, portrait.100%" bg-color="transparent" layout="landscape.row, portrait.col" margin="landscape.0, portrait.-108px 0 0 0">

        

        <lido-cell visible="true" layout="wrap" width="landscape.70%, portrait.80%" height="landscape.97%, portrait.auto" bg-color="transparent" gap="40px" onEntry="this.gridTemplateColumns='1fr 1fr';" margin="landscape.0, portrait.-195px 0 0 0">

          
          
          <lido-cell tab-index="2" visible="true" layout="col" width="100%" type="click" audio="" value="option_1" height="landscape.250px, portrait.270px" onEntry="this.borderRadius='25px'; this.padding='0';" onCorrect="this.cellBorderAnimate='#65BC46';" onInCorrect="this.vibrate='horizontal-shake';" onTouch="">
                <lido-image visible="true" src="game-assets/images/file-h10cz5jl.jpg" bg-color="white" height="landscape.60%, portrait.67%" border-radius="6px" onEntry="this.border='5px solid white';" />
            <lido-text visible="true" font-size="36px" font-color="black" string="Angry" width="fit-content" bg-color="transparent" onEntry="this.fontWeight='500'; this.padding='0 20px';">
            </lido-text>
          </lido-cell>
					
          
          <lido-cell tab-index="3" visible="true" layout="col" width="100%" type="click" audio="" value="option_3" height="landscape.250px, portrait.270px" onEntry="this.borderRadius='25px'; this.padding='0';" onCorrect="this.cellBorderAnimate='#65BC46';" onInCorrect="this.vibrate='horizontal-shake';" onTouch="">
                <lido-image visible="true" src="game-assets/images/file-syus5igz.jpg" bg-color="white" height="landscape.60%, portrait.67%" border-radius="6px" onEntry="this.border='5px solid white';" />
            <lido-text visible="true" font-size="36px" font-color="black" string="Happy" width="fit-content" bg-color="transparent" onEntry="this.fontWeight='500'; this.padding='0 20px';">
            </lido-text>
          </lido-cell>
					
          
          <lido-cell tab-index="4" visible="true" layout="col" width="100%" type="click" audio="" value="option_4" height="landscape.250px, portrait.270px" onEntry="this.borderRadius='25px'; this.padding='0';" onCorrect="this.cellBorderAnimate='#65BC46';" onInCorrect="this.vibrate='horizontal-shake';" onTouch="">
                <lido-image visible="true" src="game-assets/images/file-e7i1l4bd.jpg" bg-color="white" height="landscape.60%, portrait.67%" border-radius="6px" onEntry="this.border='5px solid white';" />
            <lido-text visible="true" font-size="36px" font-color="black" string="Scared" width="fit-content" bg-color="transparent" onEntry="this.fontWeight='500'; this.padding='0 20px';">
            </lido-text>
          </lido-cell>
					
          
          <lido-cell tab-index="5" visible="true" layout="col" width="100%" type="click" audio="" value="option_2" height="landscape.250px, portrait.270px" onEntry="this.borderRadius='25px'; this.padding='0';" onCorrect="this.cellBorderAnimate='#65BC46';" onInCorrect="this.vibrate='horizontal-shake';" onTouch="">
                <lido-image visible="true" src="game-assets/images/file-c8s6hlr3.jpg" bg-color="white" height="landscape.60%, portrait.67%" border-radius="6px" onEntry="this.border='5px solid white';" />
            <lido-text visible="true" font-size="36px" font-color="black" string="Sad" width="fit-content" bg-color="transparent" onEntry="this.fontWeight='500'; this.padding='0 20px';">
            </lido-text>
          </lido-cell>

        </lido-cell>
      </lido-cell>
    </lido-cell>
  </lido-container>
    <lido-container id="lido-container" value="maincontainer" objective="option_2" aria-label="This is a multiple-option question. Select one option from the list." height="100vh" width="100vw" x="0" y="0" z="0" bg-color="transparent" bg-image="template-assets/bg-images/file-y9cwccso.png" visible="true" onCorrect="lido-avatar.avatarAnimate='Success'; this.sleep='2000';" onInCorrect="lido-avatar.avatarAnimate='Fail'; this.sleep='2000';" show-check="false" is-continue-on-correct="true" onEntry="" exit-button-url="template-assets/buttons/file-zktzg97y.svg" prev-button-url="template-assets/buttons/file-lks2qleo.svg" next-button-url="template-assets/buttons/file-479rlw2b.svg" speaker-button-url="template-assets/buttons/file-nteaixrp.svg">

    
    <lido-cell layout="pos" id="pos1" disable-edit="true" value="pos1" height="300px" width="300px" x="landscape.-20px, portrait.-20px" y="landscape.100px, portrait.400px" aria-hidden="true" z="2" bg-color="transparent" visible="true">

      <lido-avatar id="lido-avatar" disable-edit="true" visible="true" height="100%" width="100%" src="template-assets/images/file-095q1jcx.riv" alt-text="" bg-color="transparent">
      </lido-avatar>

      <lido-image id="shadow1" disable-edit="true" value="image1" visible="true" src="template-assets/images/file-h384hg3s.png" bg-color="transparent" width="186px" height="40px" x="55px" y="248px" alt-text="">
      </lido-image>
    </lido-cell>

    <lido-cell visible="true" layout="col" width="100%" height="100%" bg-color="transparent">
      <lido-text visible="true" width="80%" height="10%" bg-color="transparent" />

      <lido-text tab-index="1" audio="" visible="true" id="lido-question" width="landscape.65%, portrait.80%" height="10%" bg-color="#FFF5BB" string="How might you feel if thunder is very loud?" border-radius="16px" onEntry="this.border='1px solid black'; this.fontWeight='500'; this.padding='50px';" font-size="36px">
      </lido-text>

      <lido-cell visible="true" width="100%" height="landscape.68%, portrait.100%" bg-color="transparent" layout="landscape.row, portrait.col" margin="landscape.0, portrait.-108px 0 0 0">

        

        <lido-cell visible="true" layout="wrap" width="landscape.70%, portrait.80%" height="landscape.97%, portrait.auto" bg-color="transparent" gap="40px" onEntry="this.gridTemplateColumns='1fr 1fr';" margin="landscape.0, portrait.-195px 0 0 0">

          
          
          <lido-cell tab-index="2" visible="true" layout="col" width="100%" type="click" audio="" value="option_1" height="landscape.250px, portrait.270px" onEntry="this.borderRadius='25px'; this.padding='0';" onCorrect="this.cellBorderAnimate='#65BC46';" onInCorrect="this.vibrate='horizontal-shake';" onTouch="">
                <lido-image visible="true" src="game-assets/images/file-0dj41bxu.jpg" bg-color="white" height="landscape.60%, portrait.67%" border-radius="6px" onEntry="this.border='5px solid white';" />
            <lido-text visible="true" font-size="36px" font-color="black" string="Excited" width="fit-content" bg-color="transparent" onEntry="this.fontWeight='500'; this.padding='0 20px';">
            </lido-text>
          </lido-cell>
					
          
          <lido-cell tab-index="3" visible="true" layout="col" width="100%" type="click" audio="" value="option_3" height="landscape.250px, portrait.270px" onEntry="this.borderRadius='25px'; this.padding='0';" onCorrect="this.cellBorderAnimate='#65BC46';" onInCorrect="this.vibrate='horizontal-shake';" onTouch="">
                <lido-image visible="true" src="game-assets/images/file-syus5igz.jpg" bg-color="white" height="landscape.60%, portrait.67%" border-radius="6px" onEntry="this.border='5px solid white';" />
            <lido-text visible="true" font-size="36px" font-color="black" string="Happy" width="fit-content" bg-color="transparent" onEntry="this.fontWeight='500'; this.padding='0 20px';">
            </lido-text>
          </lido-cell>
					
          
          <lido-cell tab-index="4" visible="true" layout="col" width="100%" type="click" audio="" value="option_2" height="landscape.250px, portrait.270px" onEntry="this.borderRadius='25px'; this.padding='0';" onCorrect="this.cellBorderAnimate='#65BC46';" onInCorrect="this.vibrate='horizontal-shake';" onTouch="">
                <lido-image visible="true" src="game-assets/images/file-e7i1l4bd.jpg" bg-color="white" height="landscape.60%, portrait.67%" border-radius="6px" onEntry="this.border='5px solid white';" />
            <lido-text visible="true" font-size="36px" font-color="black" string="Scared" width="fit-content" bg-color="transparent" onEntry="this.fontWeight='500'; this.padding='0 20px';">
            </lido-text>
          </lido-cell>
					
          
          <lido-cell tab-index="5" visible="true" layout="col" width="100%" type="click" audio="" value="option_4" height="landscape.250px, portrait.270px" onEntry="this.borderRadius='25px'; this.padding='0';" onCorrect="this.cellBorderAnimate='#65BC46';" onInCorrect="this.vibrate='horizontal-shake';" onTouch="">
                <lido-image visible="true" src="game-assets/images/file-rfhm14wo.jpg" bg-color="white" height="landscape.60%, portrait.67%" border-radius="6px" onEntry="this.border='5px solid white';" />
            <lido-text visible="true" font-size="36px" font-color="black" string="Jealous" width="fit-content" bg-color="transparent" onEntry="this.fontWeight='500'; this.padding='0 20px';">
            </lido-text>
          </lido-cell>

        </lido-cell>
      </lido-cell>
    </lido-cell>
  </lido-container>
    <lido-container id="lido-container" value="maincontainer" objective="option_1" aria-label="This is a multiple-option question. Select one option from the list." height="100vh" width="100vw" x="0" y="0" z="0" bg-color="transparent" bg-image="template-assets/bg-images/file-y9cwccso.png" visible="true" onCorrect="lido-avatar.avatarAnimate='Success'; this.sleep='2000';" onInCorrect="lido-avatar.avatarAnimate='Fail'; this.sleep='2000';" show-check="false" is-continue-on-correct="true" onEntry="" exit-button-url="template-assets/buttons/file-zktzg97y.svg" prev-button-url="template-assets/buttons/file-lks2qleo.svg" next-button-url="template-assets/buttons/file-479rlw2b.svg" speaker-button-url="template-assets/buttons/file-nteaixrp.svg">

    
    <lido-cell layout="pos" id="pos1" disable-edit="true" value="pos1" height="300px" width="300px" x="landscape.-20px, portrait.-20px" y="landscape.100px, portrait.400px" aria-hidden="true" z="2" bg-color="transparent" visible="true">

      <lido-avatar id="lido-avatar" disable-edit="true" visible="true" height="100%" width="100%" src="template-assets/images/file-095q1jcx.riv" alt-text="" bg-color="transparent">
      </lido-avatar>

      <lido-image id="shadow1" disable-edit="true" value="image1" visible="true" src="template-assets/images/file-h384hg3s.png" bg-color="transparent" width="186px" height="40px" x="55px" y="248px" alt-text="">
      </lido-image>
    </lido-cell>

    <lido-cell visible="true" layout="col" width="100%" height="100%" bg-color="transparent">
      <lido-text visible="true" width="80%" height="10%" bg-color="transparent" />

      <lido-text tab-index="1" audio="" visible="true" id="lido-question" width="landscape.65%, portrait.80%" height="10%" bg-color="#FFF5BB" string="If your friend has a new toy and you want it too, what feeling might you have?" border-radius="16px" onEntry="this.border='1px solid black'; this.fontWeight='500'; this.padding='50px';" font-size="36px">
      </lido-text>

      <lido-cell visible="true" width="100%" height="landscape.68%, portrait.100%" bg-color="transparent" layout="landscape.row, portrait.col" margin="landscape.0, portrait.-108px 0 0 0">

        

        <lido-cell visible="true" layout="wrap" width="landscape.70%, portrait.80%" height="landscape.97%, portrait.auto" bg-color="transparent" gap="40px" onEntry="this.gridTemplateColumns='1fr 1fr';" margin="landscape.0, portrait.-195px 0 0 0">

          
          
          <lido-cell tab-index="2" visible="true" layout="col" width="100%" type="click" audio="" value="option_1" height="landscape.250px, portrait.270px" onEntry="this.borderRadius='25px'; this.padding='0';" onCorrect="this.cellBorderAnimate='#65BC46';" onInCorrect="this.vibrate='horizontal-shake';" onTouch="">
                <lido-image visible="true" src="game-assets/images/file-rfhm14wo.jpg" bg-color="white" height="landscape.60%, portrait.67%" border-radius="6px" onEntry="this.border='5px solid white';" />
            <lido-text visible="true" font-size="36px" font-color="black" string="Jealous" width="fit-content" bg-color="transparent" onEntry="this.fontWeight='500'; this.padding='0 20px';">
            </lido-text>
          </lido-cell>
					
          
          <lido-cell tab-index="3" visible="true" layout="col" width="100%" type="click" audio="" value="option_3" height="landscape.250px, portrait.270px" onEntry="this.borderRadius='25px'; this.padding='0';" onCorrect="this.cellBorderAnimate='#65BC46';" onInCorrect="this.vibrate='horizontal-shake';" onTouch="">
                <lido-image visible="true" src="game-assets/images/file-c8s6hlr3.jpg" bg-color="white" height="landscape.60%, portrait.67%" border-radius="6px" onEntry="this.border='5px solid white';" />
            <lido-text visible="true" font-size="36px" font-color="black" string="Sad" width="fit-content" bg-color="transparent" onEntry="this.fontWeight='500'; this.padding='0 20px';">
            </lido-text>
          </lido-cell>
					
          
          <lido-cell tab-index="4" visible="true" layout="col" width="100%" type="click" audio="" value="option_4" height="landscape.250px, portrait.270px" onEntry="this.borderRadius='25px'; this.padding='0';" onCorrect="this.cellBorderAnimate='#65BC46';" onInCorrect="this.vibrate='horizontal-shake';" onTouch="">
                <lido-image visible="true" src="game-assets/images/file-0dj41bxu.jpg" bg-color="white" height="landscape.60%, portrait.67%" border-radius="6px" onEntry="this.border='5px solid white';" />
            <lido-text visible="true" font-size="36px" font-color="black" string="Excited" width="fit-content" bg-color="transparent" onEntry="this.fontWeight='500'; this.padding='0 20px';">
            </lido-text>
          </lido-cell>
					
          
          <lido-cell tab-index="5" visible="true" layout="col" width="100%" type="click" audio="" value="option_2" height="landscape.250px, portrait.270px" onEntry="this.borderRadius='25px'; this.padding='0';" onCorrect="this.cellBorderAnimate='#65BC46';" onInCorrect="this.vibrate='horizontal-shake';" onTouch="">
                <lido-image visible="true" src="game-assets/images/file-h10cz5jl.jpg" bg-color="white" height="landscape.60%, portrait.67%" border-radius="6px" onEntry="this.border='5px solid white';" />
            <lido-text visible="true" font-size="36px" font-color="black" string="Angry" width="fit-content" bg-color="transparent" onEntry="this.fontWeight='500'; this.padding='0 20px';">
            </lido-text>
          </lido-cell>

        </lido-cell>
      </lido-cell>
    </lido-cell>
  </lido-container>
    <lido-container id="lido-container" value="maincontainer" objective="option_2" aria-label="This is a multiple-option question. Select one option from the list." height="100vh" width="100vw" x="0" y="0" z="0" bg-color="transparent" bg-image="template-assets/bg-images/file-y9cwccso.png" visible="true" onCorrect="lido-avatar.avatarAnimate='Success'; this.sleep='2000';" onInCorrect="lido-avatar.avatarAnimate='Fail'; this.sleep='2000';" show-check="false" is-continue-on-correct="true" onEntry="" exit-button-url="template-assets/buttons/file-zktzg97y.svg" prev-button-url="template-assets/buttons/file-lks2qleo.svg" next-button-url="template-assets/buttons/file-479rlw2b.svg" speaker-button-url="template-assets/buttons/file-nteaixrp.svg">

    
    <lido-cell layout="pos" id="pos1" disable-edit="true" value="pos1" height="300px" width="300px" x="landscape.-20px, portrait.-20px" y="landscape.100px, portrait.400px" aria-hidden="true" z="2" bg-color="transparent" visible="true">

      <lido-avatar id="lido-avatar" disable-edit="true" visible="true" height="100%" width="100%" src="template-assets/images/file-095q1jcx.riv" alt-text="" bg-color="transparent">
      </lido-avatar>

      <lido-image id="shadow1" disable-edit="true" value="image1" visible="true" src="template-assets/images/file-h384hg3s.png" bg-color="transparent" width="186px" height="40px" x="55px" y="248px" alt-text="">
      </lido-image>
    </lido-cell>

    <lido-cell visible="true" layout="col" width="100%" height="100%" bg-color="transparent">
      <lido-text visible="true" width="80%" height="10%" bg-color="transparent" />

      <lido-text tab-index="1" audio="" visible="true" id="lido-question" width="landscape.65%, portrait.80%" height="10%" bg-color="#FFF5BB" string="How do you feel when you can’t find your favorite toy?" border-radius="16px" onEntry="this.border='1px solid black'; this.fontWeight='500'; this.padding='50px';" font-size="36px">
      </lido-text>

      <lido-cell visible="true" width="100%" height="landscape.68%, portrait.100%" bg-color="transparent" layout="landscape.row, portrait.col" margin="landscape.0, portrait.-108px 0 0 0">

        

        <lido-cell visible="true" layout="wrap" width="landscape.70%, portrait.80%" height="landscape.97%, portrait.auto" bg-color="transparent" gap="40px" onEntry="this.gridTemplateColumns='1fr 1fr';" margin="landscape.0, portrait.-195px 0 0 0">

          
          
          <lido-cell tab-index="2" visible="true" layout="col" width="100%" type="click" audio="" value="option_1" height="landscape.250px, portrait.270px" onEntry="this.borderRadius='25px'; this.padding='0';" onCorrect="this.cellBorderAnimate='#65BC46';" onInCorrect="this.vibrate='horizontal-shake';" onTouch="">
                <lido-image visible="true" src="game-assets/images/file-syus5igz.jpg" bg-color="white" height="landscape.60%, portrait.67%" border-radius="6px" onEntry="this.border='5px solid white';" />
            <lido-text visible="true" font-size="36px" font-color="black" string="Happy" width="fit-content" bg-color="transparent" onEntry="this.fontWeight='500'; this.padding='0 20px';">
            </lido-text>
          </lido-cell>
					
          
          <lido-cell tab-index="3" visible="true" layout="col" width="100%" type="click" audio="" value="option_2" height="landscape.250px, portrait.270px" onEntry="this.borderRadius='25px'; this.padding='0';" onCorrect="this.cellBorderAnimate='#65BC46';" onInCorrect="this.vibrate='horizontal-shake';" onTouch="">
                <lido-image visible="true" src="game-assets/images/file-c8s6hlr3.jpg" bg-color="white" height="landscape.60%, portrait.67%" border-radius="6px" onEntry="this.border='5px solid white';" />
            <lido-text visible="true" font-size="36px" font-color="black" string="Sad" width="fit-content" bg-color="transparent" onEntry="this.fontWeight='500'; this.padding='0 20px';">
            </lido-text>
          </lido-cell>
					
          
          <lido-cell tab-index="4" visible="true" layout="col" width="100%" type="click" audio="" value="option_3" height="landscape.250px, portrait.270px" onEntry="this.borderRadius='25px'; this.padding='0';" onCorrect="this.cellBorderAnimate='#65BC46';" onInCorrect="this.vibrate='horizontal-shake';" onTouch="">
                <lido-image visible="true" src="game-assets/images/file-0dj41bxu.jpg" bg-color="white" height="landscape.60%, portrait.67%" border-radius="6px" onEntry="this.border='5px solid white';" />
            <lido-text visible="true" font-size="36px" font-color="black" string="Excited" width="fit-content" bg-color="transparent" onEntry="this.fontWeight='500'; this.padding='0 20px';">
            </lido-text>
          </lido-cell>
					
          
          <lido-cell tab-index="5" visible="true" layout="col" width="100%" type="click" audio="" value="option_4" height="landscape.250px, portrait.270px" onEntry="this.borderRadius='25px'; this.padding='0';" onCorrect="this.cellBorderAnimate='#65BC46';" onInCorrect="this.vibrate='horizontal-shake';" onTouch="">
                <lido-image visible="true" src="game-assets/images/file-et0abbqf.jpg" bg-color="white" height="landscape.60%, portrait.67%" border-radius="6px" onEntry="this.border='5px solid white';" />
            <lido-text visible="true" font-size="36px" font-color="black" string="Proud" width="fit-content" bg-color="transparent" onEntry="this.fontWeight='500'; this.padding='0 20px';">
            </lido-text>
          </lido-cell>

        </lido-cell>
      </lido-cell>
    </lido-cell>
  </lido-container>
    <lido-container id="lido-container" value="maincontainer" objective="option_3" aria-label="This is a multiple-option question. Select one option from the list." height="100vh" width="100vw" x="0" y="0" z="0" bg-color="transparent" bg-image="template-assets/bg-images/file-y9cwccso.png" visible="true" onCorrect="lido-avatar.avatarAnimate='Success'; this.sleep='2000';" onInCorrect="lido-avatar.avatarAnimate='Fail'; this.sleep='2000';" show-check="false" is-continue-on-correct="true" onEntry="" exit-button-url="template-assets/buttons/file-zktzg97y.svg" prev-button-url="template-assets/buttons/file-lks2qleo.svg" next-button-url="template-assets/buttons/file-479rlw2b.svg" speaker-button-url="template-assets/buttons/file-nteaixrp.svg">

    
    <lido-cell layout="pos" id="pos1" disable-edit="true" value="pos1" height="300px" width="300px" x="landscape.-20px, portrait.-20px" y="landscape.100px, portrait.400px" aria-hidden="true" z="2" bg-color="transparent" visible="true">

      <lido-avatar id="lido-avatar" disable-edit="true" visible="true" height="100%" width="100%" src="template-assets/images/file-095q1jcx.riv" alt-text="" bg-color="transparent">
      </lido-avatar>

      <lido-image id="shadow1" disable-edit="true" value="image1" visible="true" src="template-assets/images/file-h384hg3s.png" bg-color="transparent" width="186px" height="40px" x="55px" y="248px" alt-text="">
      </lido-image>
    </lido-cell>

    <lido-cell visible="true" layout="col" width="100%" height="100%" bg-color="transparent">
      <lido-text visible="true" width="80%" height="10%" bg-color="transparent" />

      <lido-text tab-index="1" audio="" visible="true" id="lido-question" width="landscape.65%, portrait.80%" height="10%" bg-color="#FFF5BB" string="How would you feel if your friend stopped talking to you?" border-radius="16px" onEntry="this.border='1px solid black'; this.fontWeight='500'; this.padding='50px';" font-size="36px">
      </lido-text>

      <lido-cell visible="true" width="100%" height="landscape.68%, portrait.100%" bg-color="transparent" layout="landscape.row, portrait.col" margin="landscape.0, portrait.-108px 0 0 0">

        

        <lido-cell visible="true" layout="wrap" width="landscape.70%, portrait.80%" height="landscape.97%, portrait.auto" bg-color="transparent" gap="40px" onEntry="this.gridTemplateColumns='1fr 1fr';" margin="landscape.0, portrait.-195px 0 0 0">

          
          
          <lido-cell tab-index="2" visible="true" layout="col" width="100%" type="click" audio="" value="option_3" height="landscape.250px, portrait.270px" onEntry="this.borderRadius='25px'; this.padding='0';" onCorrect="this.cellBorderAnimate='#65BC46';" onInCorrect="this.vibrate='horizontal-shake';" onTouch="">
                <lido-image visible="true" src="game-assets/images/file-5t6vndte.jpg" bg-color="white" height="landscape.60%, portrait.67%" border-radius="6px" onEntry="this.border='5px solid white';" />
            <lido-text visible="true" font-size="36px" font-color="black" string="Lonely" width="fit-content" bg-color="transparent" onEntry="this.fontWeight='500'; this.padding='0 20px';">
            </lido-text>
          </lido-cell>
					
          
          <lido-cell tab-index="3" visible="true" layout="col" width="100%" type="click" audio="" value="option_4" height="landscape.250px, portrait.270px" onEntry="this.borderRadius='25px'; this.padding='0';" onCorrect="this.cellBorderAnimate='#65BC46';" onInCorrect="this.vibrate='horizontal-shake';" onTouch="">
                <lido-image visible="true" src="game-assets/images/file-0dj41bxu.jpg" bg-color="white" height="landscape.60%, portrait.67%" border-radius="6px" onEntry="this.border='5px solid white';" />
            <lido-text visible="true" font-size="36px" font-color="black" string="Excited" width="fit-content" bg-color="transparent" onEntry="this.fontWeight='500'; this.padding='0 20px';">
            </lido-text>
          </lido-cell>
					
          
          <lido-cell tab-index="4" visible="true" layout="col" width="100%" type="click" audio="" value="option_2" height="landscape.250px, portrait.270px" onEntry="this.borderRadius='25px'; this.padding='0';" onCorrect="this.cellBorderAnimate='#65BC46';" onInCorrect="this.vibrate='horizontal-shake';" onTouch="">
                <lido-image visible="true" src="game-assets/images/file-e7i1l4bd.jpg" bg-color="white" height="landscape.60%, portrait.67%" border-radius="6px" onEntry="this.border='5px solid white';" />
            <lido-text visible="true" font-size="36px" font-color="black" string="Scared" width="fit-content" bg-color="transparent" onEntry="this.fontWeight='500'; this.padding='0 20px';">
            </lido-text>
          </lido-cell>
					
          
          <lido-cell tab-index="5" visible="true" layout="col" width="100%" type="click" audio="" value="option_1" height="landscape.250px, portrait.270px" onEntry="this.borderRadius='25px'; this.padding='0';" onCorrect="this.cellBorderAnimate='#65BC46';" onInCorrect="this.vibrate='horizontal-shake';" onTouch="">
                <lido-image visible="true" src="game-assets/images/file-h10cz5jl.jpg" bg-color="white" height="landscape.60%, portrait.67%" border-radius="6px" onEntry="this.border='5px solid white';" />
            <lido-text visible="true" font-size="36px" font-color="black" string="Angry" width="fit-content" bg-color="transparent" onEntry="this.fontWeight='500'; this.padding='0 20px';">
            </lido-text>
          </lido-cell>

        </lido-cell>
      </lido-cell>
    </lido-cell>
  </lido-container>
    <lido-container id="lido-container" value="maincontainer" objective="option_2" aria-label="This is a multiple-option question. Select one option from the list." height="100vh" width="100vw" x="0" y="0" z="0" bg-color="transparent" bg-image="template-assets/bg-images/file-y9cwccso.png" visible="true" onCorrect="lido-avatar.avatarAnimate='Success'; this.sleep='2000';" onInCorrect="lido-avatar.avatarAnimate='Fail'; this.sleep='2000';" show-check="false" is-continue-on-correct="true" onEntry="" exit-button-url="template-assets/buttons/file-zktzg97y.svg" prev-button-url="template-assets/buttons/file-lks2qleo.svg" next-button-url="template-assets/buttons/file-479rlw2b.svg" speaker-button-url="template-assets/buttons/file-nteaixrp.svg">

    
    <lido-cell layout="pos" id="pos1" disable-edit="true" value="pos1" height="300px" width="300px" x="landscape.-20px, portrait.-20px" y="landscape.100px, portrait.400px" aria-hidden="true" z="2" bg-color="transparent" visible="true">

      <lido-avatar id="lido-avatar" disable-edit="true" visible="true" height="100%" width="100%" src="template-assets/images/file-095q1jcx.riv" alt-text="" bg-color="transparent">
      </lido-avatar>

      <lido-image id="shadow1" disable-edit="true" value="image1" visible="true" src="template-assets/images/file-h384hg3s.png" bg-color="transparent" width="186px" height="40px" x="55px" y="248px" alt-text="">
      </lido-image>
    </lido-cell>

    <lido-cell visible="true" layout="col" width="100%" height="100%" bg-color="transparent">
      <lido-text visible="true" width="80%" height="10%" bg-color="transparent" />

      <lido-text tab-index="1" audio="" visible="true" id="lido-question" width="landscape.65%, portrait.80%" height="10%" bg-color="#FFF5BB" string="How do you feel before going on a school picnic or party?" border-radius="16px" onEntry="this.border='1px solid black'; this.fontWeight='500'; this.padding='50px';" font-size="36px">
      </lido-text>

      <lido-cell visible="true" width="100%" height="landscape.68%, portrait.100%" bg-color="transparent" layout="landscape.row, portrait.col" margin="landscape.0, portrait.-108px 0 0 0">

        

        <lido-cell visible="true" layout="wrap" width="landscape.70%, portrait.80%" height="landscape.97%, portrait.auto" bg-color="transparent" gap="40px" onEntry="this.gridTemplateColumns='1fr 1fr';" margin="landscape.0, portrait.-195px 0 0 0">

          
          
          <lido-cell tab-index="2" visible="true" layout="col" width="100%" type="click" audio="" value="option_1" height="landscape.250px, portrait.270px" onEntry="this.borderRadius='25px'; this.padding='0';" onCorrect="this.cellBorderAnimate='#65BC46';" onInCorrect="this.vibrate='horizontal-shake';" onTouch="">
                <lido-image visible="true" src="game-assets/images/file-6g0jzk5t.jpg" bg-color="white" height="landscape.60%, portrait.67%" border-radius="6px" onEntry="this.border='5px solid white';" />
            <lido-text visible="true" font-size="36px" font-color="black" string="Bored" width="fit-content" bg-color="transparent" onEntry="this.fontWeight='500'; this.padding='0 20px';">
            </lido-text>
          </lido-cell>
					
          
          <lido-cell tab-index="3" visible="true" layout="col" width="100%" type="click" audio="" value="option_4" height="landscape.250px, portrait.270px" onEntry="this.borderRadius='25px'; this.padding='0';" onCorrect="this.cellBorderAnimate='#65BC46';" onInCorrect="this.vibrate='horizontal-shake';" onTouch="">
                <lido-image visible="true" src="game-assets/images/file-m1kzbs9j.jpg" bg-color="white" height="landscape.60%, portrait.67%" border-radius="6px" onEntry="this.border='5px solid white';" />
            <lido-text visible="true" font-size="36px" font-color="black" string="Tired" width="fit-content" bg-color="transparent" onEntry="this.fontWeight='500'; this.padding='0 20px';">
            </lido-text>
          </lido-cell>
					
          
          <lido-cell tab-index="4" visible="true" layout="col" width="100%" type="click" audio="" value="option_2" height="landscape.250px, portrait.270px" onEntry="this.borderRadius='25px'; this.padding='0';" onCorrect="this.cellBorderAnimate='#65BC46';" onInCorrect="this.vibrate='horizontal-shake';" onTouch="">
                <lido-image visible="true" src="game-assets/images/file-0dj41bxu.jpg" bg-color="white" height="landscape.60%, portrait.67%" border-radius="6px" onEntry="this.border='5px solid white';" />
            <lido-text visible="true" font-size="36px" font-color="black" string="Excited" width="fit-content" bg-color="transparent" onEntry="this.fontWeight='500'; this.padding='0 20px';">
            </lido-text>
          </lido-cell>
					
          
          <lido-cell tab-index="5" visible="true" layout="col" width="100%" type="click" audio="" value="option_3" height="landscape.250px, portrait.270px" onEntry="this.borderRadius='25px'; this.padding='0';" onCorrect="this.cellBorderAnimate='#65BC46';" onInCorrect="this.vibrate='horizontal-shake';" onTouch="">
                <lido-image visible="true" src="game-assets/images/file-c8s6hlr3.jpg" bg-color="white" height="landscape.60%, portrait.67%" border-radius="6px" onEntry="this.border='5px solid white';" />
            <lido-text visible="true" font-size="36px" font-color="black" string="Sad" width="fit-content" bg-color="transparent" onEntry="this.fontWeight='500'; this.padding='0 20px';">
            </lido-text>
          </lido-cell>

        </lido-cell>
      </lido-cell>
    </lido-cell>
  </lido-container>
    <lido-container id="lido-container" value="maincontainer" objective="option_2" aria-label="This is a multiple-option question. Select one option from the list." height="100vh" width="100vw" x="0" y="0" z="0" bg-color="transparent" bg-image="template-assets/bg-images/file-y9cwccso.png" visible="true" onCorrect="lido-avatar.avatarAnimate='Success'; this.sleep='2000';" onInCorrect="lido-avatar.avatarAnimate='Fail'; this.sleep='2000';" show-check="false" is-continue-on-correct="true" onEntry="" exit-button-url="template-assets/buttons/file-zktzg97y.svg" prev-button-url="template-assets/buttons/file-lks2qleo.svg" next-button-url="template-assets/buttons/file-479rlw2b.svg" speaker-button-url="template-assets/buttons/file-nteaixrp.svg">

    
    <lido-cell layout="pos" id="pos1" disable-edit="true" value="pos1" height="300px" width="300px" x="landscape.-20px, portrait.-20px" y="landscape.100px, portrait.400px" aria-hidden="true" z="2" bg-color="transparent" visible="true">

      <lido-avatar id="lido-avatar" disable-edit="true" visible="true" height="100%" width="100%" src="template-assets/images/file-095q1jcx.riv" alt-text="" bg-color="transparent">
      </lido-avatar>

      <lido-image id="shadow1" disable-edit="true" value="image1" visible="true" src="template-assets/images/file-h384hg3s.png" bg-color="transparent" width="186px" height="40px" x="55px" y="248px" alt-text="">
      </lido-image>
    </lido-cell>

    <lido-cell visible="true" layout="col" width="100%" height="100%" bg-color="transparent">
      <lido-text visible="true" width="80%" height="10%" bg-color="transparent" />

      <lido-text tab-index="1" audio="" visible="true" id="lido-question" width="landscape.65%, portrait.80%" height="10%" bg-color="#FFF5BB" string="If someone pushes you while playing, how might you feel?" border-radius="16px" onEntry="this.border='1px solid black'; this.fontWeight='500'; this.padding='50px';" font-size="36px">
      </lido-text>

      <lido-cell visible="true" width="100%" height="landscape.68%, portrait.100%" bg-color="transparent" layout="landscape.row, portrait.col" margin="landscape.0, portrait.-108px 0 0 0">

        

        <lido-cell visible="true" layout="wrap" width="landscape.70%, portrait.80%" height="landscape.97%, portrait.auto" bg-color="transparent" gap="40px" onEntry="this.gridTemplateColumns='1fr 1fr';" margin="landscape.0, portrait.-195px 0 0 0">

          
          
          <lido-cell tab-index="2" visible="true" layout="col" width="100%" type="click" audio="" value="option_1" height="landscape.250px, portrait.270px" onEntry="this.borderRadius='25px'; this.padding='0';" onCorrect="this.cellBorderAnimate='#65BC46';" onInCorrect="this.vibrate='horizontal-shake';" onTouch="">
                <lido-image visible="true" src="game-assets/images/file-syus5igz.jpg" bg-color="white" height="landscape.60%, portrait.67%" border-radius="6px" onEntry="this.border='5px solid white';" />
            <lido-text visible="true" font-size="36px" font-color="black" string="Happy" width="fit-content" bg-color="transparent" onEntry="this.fontWeight='500'; this.padding='0 20px';">
            </lido-text>
          </lido-cell>
					
          
          <lido-cell tab-index="3" visible="true" layout="col" width="100%" type="click" audio="" value="option_4" height="landscape.250px, portrait.270px" onEntry="this.borderRadius='25px'; this.padding='0';" onCorrect="this.cellBorderAnimate='#65BC46';" onInCorrect="this.vibrate='horizontal-shake';" onTouch="">
                <lido-image visible="true" src="game-assets/images/file-615f5d1s.jpg" bg-color="white" height="landscape.60%, portrait.67%" border-radius="6px" onEntry="this.border='5px solid white';" />
            <lido-text visible="true" font-size="36px" font-color="black" string="Thankful" width="fit-content" bg-color="transparent" onEntry="this.fontWeight='500'; this.padding='0 20px';">
            </lido-text>
          </lido-cell>
					
          
          <lido-cell tab-index="4" visible="true" layout="col" width="100%" type="click" audio="" value="option_2" height="landscape.250px, portrait.270px" onEntry="this.borderRadius='25px'; this.padding='0';" onCorrect="this.cellBorderAnimate='#65BC46';" onInCorrect="this.vibrate='horizontal-shake';" onTouch="">
                <lido-image visible="true" src="game-assets/images/file-h10cz5jl.jpg" bg-color="white" height="landscape.60%, portrait.67%" border-radius="6px" onEntry="this.border='5px solid white';" />
            <lido-text visible="true" font-size="36px" font-color="black" string="Angry" width="fit-content" bg-color="transparent" onEntry="this.fontWeight='500'; this.padding='0 20px';">
            </lido-text>
          </lido-cell>
					
          
          <lido-cell tab-index="5" visible="true" layout="col" width="100%" type="click" audio="" value="option_3" height="landscape.250px, portrait.270px" onEntry="this.borderRadius='25px'; this.padding='0';" onCorrect="this.cellBorderAnimate='#65BC46';" onInCorrect="this.vibrate='horizontal-shake';" onTouch="">
                <lido-image visible="true" src="game-assets/images/file-pifgqrkx.jpg" bg-color="white" height="landscape.60%, portrait.67%" border-radius="6px" onEntry="this.border='5px solid white';" />
            <lido-text visible="true" font-size="36px" font-color="black" string="Calm" width="fit-content" bg-color="transparent" onEntry="this.fontWeight='500'; this.padding='0 20px';">
            </lido-text>
          </lido-cell>

        </lido-cell>
      </lido-cell>
    </lido-cell>
  </lido-container>
    <lido-container id="lido-container" value="maincontainer" objective="option_1" aria-label="This is a multiple-option question. Select one option from the list." height="100vh" width="100vw" x="0" y="0" z="0" bg-color="transparent" bg-image="template-assets/bg-images/file-y9cwccso.png" visible="true" onCorrect="lido-avatar.avatarAnimate='Success'; this.sleep='2000';" onInCorrect="lido-avatar.avatarAnimate='Fail'; this.sleep='2000';" show-check="false" is-continue-on-correct="true" onEntry="" exit-button-url="template-assets/buttons/file-zktzg97y.svg" prev-button-url="template-assets/buttons/file-lks2qleo.svg" next-button-url="template-assets/buttons/file-479rlw2b.svg" speaker-button-url="template-assets/buttons/file-nteaixrp.svg">

    
    <lido-cell layout="pos" id="pos1" disable-edit="true" value="pos1" height="300px" width="300px" x="landscape.-20px, portrait.-20px" y="landscape.100px, portrait.400px" aria-hidden="true" z="2" bg-color="transparent" visible="true">

      <lido-avatar id="lido-avatar" disable-edit="true" visible="true" height="100%" width="100%" src="template-assets/images/file-095q1jcx.riv" alt-text="" bg-color="transparent">
      </lido-avatar>

      <lido-image id="shadow1" disable-edit="true" value="image1" visible="true" src="template-assets/images/file-h384hg3s.png" bg-color="transparent" width="186px" height="40px" x="55px" y="248px" alt-text="">
      </lido-image>
    </lido-cell>

    <lido-cell visible="true" layout="col" width="100%" height="100%" bg-color="transparent">
      <lido-text visible="true" width="80%" height="10%" bg-color="transparent" />

      <lido-text tab-index="1" audio="" visible="true" id="lido-question" width="landscape.65%, portrait.80%" height="10%" bg-color="#FFF5BB" string="When your teacher smiles and says “Well done!”, what do you feel?" border-radius="16px" onEntry="this.border='1px solid black'; this.fontWeight='500'; this.padding='50px';" font-size="36px">
      </lido-text>

      <lido-cell visible="true" width="100%" height="landscape.68%, portrait.100%" bg-color="transparent" layout="landscape.row, portrait.col" margin="landscape.0, portrait.-108px 0 0 0">

        

        <lido-cell visible="true" layout="wrap" width="landscape.70%, portrait.80%" height="landscape.97%, portrait.auto" bg-color="transparent" gap="40px" onEntry="this.gridTemplateColumns='1fr 1fr';" margin="landscape.0, portrait.-195px 0 0 0">

          
          
          <lido-cell tab-index="2" visible="true" layout="col" width="100%" type="click" audio="" value="option_1" height="landscape.250px, portrait.270px" onEntry="this.borderRadius='25px'; this.padding='0';" onCorrect="this.cellBorderAnimate='#65BC46';" onInCorrect="this.vibrate='horizontal-shake';" onTouch="">
                <lido-image visible="true" src="game-assets/images/file-et0abbqf.jpg" bg-color="white" height="landscape.60%, portrait.67%" border-radius="6px" onEntry="this.border='5px solid white';" />
            <lido-text visible="true" font-size="36px" font-color="black" string="Proud" width="fit-content" bg-color="transparent" onEntry="this.fontWeight='500'; this.padding='0 20px';">
            </lido-text>
          </lido-cell>
					
          
          <lido-cell tab-index="3" visible="true" layout="col" width="100%" type="click" audio="" value="option_2" height="landscape.250px, portrait.270px" onEntry="this.borderRadius='25px'; this.padding='0';" onCorrect="this.cellBorderAnimate='#65BC46';" onInCorrect="this.vibrate='horizontal-shake';" onTouch="">
                <lido-image visible="true" src="game-assets/images/file-rfhm14wo.jpg" bg-color="white" height="landscape.60%, portrait.67%" border-radius="6px" onEntry="this.border='5px solid white';" />
            <lido-text visible="true" font-size="36px" font-color="black" string="Jealous" width="fit-content" bg-color="transparent" onEntry="this.fontWeight='500'; this.padding='0 20px';">
            </lido-text>
          </lido-cell>
					
          
          <lido-cell tab-index="4" visible="true" layout="col" width="100%" type="click" audio="" value="option_4" height="landscape.250px, portrait.270px" onEntry="this.borderRadius='25px'; this.padding='0';" onCorrect="this.cellBorderAnimate='#65BC46';" onInCorrect="this.vibrate='horizontal-shake';" onTouch="">
                <lido-image visible="true" src="game-assets/images/file-5t6vndte.jpg" bg-color="white" height="landscape.60%, portrait.67%" border-radius="6px" onEntry="this.border='5px solid white';" />
            <lido-text visible="true" font-size="36px" font-color="black" string="Lonely" width="fit-content" bg-color="transparent" onEntry="this.fontWeight='500'; this.padding='0 20px';">
            </lido-text>
          </lido-cell>
					
          
          <lido-cell tab-index="5" visible="true" layout="col" width="100%" type="click" audio="" value="option_3" height="landscape.250px, portrait.270px" onEntry="this.borderRadius='25px'; this.padding='0';" onCorrect="this.cellBorderAnimate='#65BC46';" onInCorrect="this.vibrate='horizontal-shake';" onTouch="">
                <lido-image visible="true" src="game-assets/images/file-ockxitn7.jpg" bg-color="white" height="landscape.60%, portrait.67%" border-radius="6px" onEntry="this.border='5px solid white';" />
            <lido-text visible="true" font-size="36px" font-color="black" string="Nervous" width="fit-content" bg-color="transparent" onEntry="this.fontWeight='500'; this.padding='0 20px';">
            </lido-text>
          </lido-cell>

        </lido-cell>
      </lido-cell>
    </lido-cell>
  </lido-container>
    <lido-container id="lido-container" value="maincontainer" objective="option_2" aria-label="This is a multiple-option question. Select one option from the list." height="100vh" width="100vw" x="0" y="0" z="0" bg-color="transparent" bg-image="template-assets/bg-images/file-y9cwccso.png" visible="true" onCorrect="lido-avatar.avatarAnimate='Success'; this.sleep='2000';" onInCorrect="lido-avatar.avatarAnimate='Fail'; this.sleep='2000';" show-check="false" is-continue-on-correct="true" onEntry="" exit-button-url="template-assets/buttons/file-zktzg97y.svg" prev-button-url="template-assets/buttons/file-lks2qleo.svg" next-button-url="template-assets/buttons/file-479rlw2b.svg" speaker-button-url="template-assets/buttons/file-nteaixrp.svg">

    
    <lido-cell layout="pos" id="pos1" disable-edit="true" value="pos1" height="300px" width="300px" x="landscape.-20px, portrait.-20px" y="landscape.100px, portrait.400px" aria-hidden="true" z="2" bg-color="transparent" visible="true">

      <lido-avatar id="lido-avatar" disable-edit="true" visible="true" height="100%" width="100%" src="template-assets/images/file-095q1jcx.riv" alt-text="" bg-color="transparent">
      </lido-avatar>

      <lido-image id="shadow1" disable-edit="true" value="image1" visible="true" src="template-assets/images/file-h384hg3s.png" bg-color="transparent" width="186px" height="40px" x="55px" y="248px" alt-text="">
      </lido-image>
    </lido-cell>

    <lido-cell visible="true" layout="col" width="100%" height="100%" bg-color="transparent">
      <lido-text visible="true" width="80%" height="10%" bg-color="transparent" />

      <lido-text tab-index="1" audio="" visible="true" id="lido-question" width="landscape.65%, portrait.80%" height="10%" bg-color="#FFF5BB" string="If you see a big dog barking loudly, what feeling might you have?" border-radius="16px" onEntry="this.border='1px solid black'; this.fontWeight='500'; this.padding='50px';" font-size="36px">
      </lido-text>

      <lido-cell visible="true" width="100%" height="landscape.68%, portrait.100%" bg-color="transparent" layout="landscape.row, portrait.col" margin="landscape.0, portrait.-108px 0 0 0">

        

        <lido-cell visible="true" layout="wrap" width="landscape.70%, portrait.80%" height="landscape.97%, portrait.auto" bg-color="transparent" gap="40px" onEntry="this.gridTemplateColumns='1fr 1fr';" margin="landscape.0, portrait.-195px 0 0 0">

          
          
          <lido-cell tab-index="2" visible="true" layout="col" width="100%" type="click" audio="" value="option_3" height="landscape.250px, portrait.270px" onEntry="this.borderRadius='25px'; this.padding='0';" onCorrect="this.cellBorderAnimate='#65BC46';" onInCorrect="this.vibrate='horizontal-shake';" onTouch="">
                <lido-image visible="true" src="game-assets/images/file-syus5igz.jpg" bg-color="white" height="landscape.60%, portrait.67%" border-radius="6px" onEntry="this.border='5px solid white';" />
            <lido-text visible="true" font-size="36px" font-color="black" string="Happy" width="fit-content" bg-color="transparent" onEntry="this.fontWeight='500'; this.padding='0 20px';">
            </lido-text>
          </lido-cell>
					
          
          <lido-cell tab-index="3" visible="true" layout="col" width="100%" type="click" audio="" value="option_2" height="landscape.250px, portrait.270px" onEntry="this.borderRadius='25px'; this.padding='0';" onCorrect="this.cellBorderAnimate='#65BC46';" onInCorrect="this.vibrate='horizontal-shake';" onTouch="">
                <lido-image visible="true" src="game-assets/images/file-e7i1l4bd.jpg" bg-color="white" height="landscape.60%, portrait.67%" border-radius="6px" onEntry="this.border='5px solid white';" />
            <lido-text visible="true" font-size="36px" font-color="black" string="Scared" width="fit-content" bg-color="transparent" onEntry="this.fontWeight='500'; this.padding='0 20px';">
            </lido-text>
          </lido-cell>
					
          
          <lido-cell tab-index="4" visible="true" layout="col" width="100%" type="click" audio="" value="option_1" height="landscape.250px, portrait.270px" onEntry="this.borderRadius='25px'; this.padding='0';" onCorrect="this.cellBorderAnimate='#65BC46';" onInCorrect="this.vibrate='horizontal-shake';" onTouch="">
                <lido-image visible="true" src="game-assets/images/file-0dj41bxu.jpg" bg-color="white" height="landscape.60%, portrait.67%" border-radius="6px" onEntry="this.border='5px solid white';" />
            <lido-text visible="true" font-size="36px" font-color="black" string="Excited" width="fit-content" bg-color="transparent" onEntry="this.fontWeight='500'; this.padding='0 20px';">
            </lido-text>
          </lido-cell>
					
          
          <lido-cell tab-index="5" visible="true" layout="col" width="100%" type="click" audio="" value="option_4" height="landscape.250px, portrait.270px" onEntry="this.borderRadius='25px'; this.padding='0';" onCorrect="this.cellBorderAnimate='#65BC46';" onInCorrect="this.vibrate='horizontal-shake';" onTouch="">
                <lido-image visible="true" src="game-assets/images/file-et0abbqf.jpg" bg-color="white" height="landscape.60%, portrait.67%" border-radius="6px" onEntry="this.border='5px solid white';" />
            <lido-text visible="true" font-size="36px" font-color="black" string="Proud" width="fit-content" bg-color="transparent" onEntry="this.fontWeight='500'; this.padding='0 20px';">
            </lido-text>
          </lido-cell>

        </lido-cell>
      </lido-cell>
    </lido-cell>
  </lido-container>
    <lido-container id="lido-container" value="maincontainer" objective="option_2" aria-label="This is a multiple-option question. Select one option from the list." height="100vh" width="100vw" x="0" y="0" z="0" bg-color="transparent" bg-image="template-assets/bg-images/file-y9cwccso.png" visible="true" onCorrect="lido-avatar.avatarAnimate='Success'; this.sleep='2000';" onInCorrect="lido-avatar.avatarAnimate='Fail'; this.sleep='2000';" show-check="false" is-continue-on-correct="true" onEntry="" exit-button-url="template-assets/buttons/file-zktzg97y.svg" prev-button-url="template-assets/buttons/file-lks2qleo.svg" next-button-url="template-assets/buttons/file-479rlw2b.svg" speaker-button-url="template-assets/buttons/file-nteaixrp.svg">

    
    <lido-cell layout="pos" id="pos1" disable-edit="true" value="pos1" height="300px" width="300px" x="landscape.-20px, portrait.-20px" y="landscape.100px, portrait.400px" aria-hidden="true" z="2" bg-color="transparent" visible="true">

      <lido-avatar id="lido-avatar" disable-edit="true" visible="true" height="100%" width="100%" src="template-assets/images/file-095q1jcx.riv" alt-text="" bg-color="transparent">
      </lido-avatar>

      <lido-image id="shadow1" disable-edit="true" value="image1" visible="true" src="template-assets/images/file-h384hg3s.png" bg-color="transparent" width="186px" height="40px" x="55px" y="248px" alt-text="">
      </lido-image>
    </lido-cell>

    <lido-cell visible="true" layout="col" width="100%" height="100%" bg-color="transparent">
      <lido-text visible="true" width="80%" height="10%" bg-color="transparent" />

      <lido-text tab-index="1" audio="" visible="true" id="lido-question" width="landscape.65%, portrait.80%" height="10%" bg-color="#FFF5BB" string="When your friend shares their food with you, how do you feel?" border-radius="16px" onEntry="this.border='1px solid black'; this.fontWeight='500'; this.padding='50px';" font-size="36px">
      </lido-text>

      <lido-cell visible="true" width="100%" height="landscape.68%, portrait.100%" bg-color="transparent" layout="landscape.row, portrait.col" margin="landscape.0, portrait.-108px 0 0 0">

        

        <lido-cell visible="true" layout="wrap" width="landscape.70%, portrait.80%" height="landscape.97%, portrait.auto" bg-color="transparent" gap="40px" onEntry="this.gridTemplateColumns='1fr 1fr';" margin="landscape.0, portrait.-195px 0 0 0">

          
          
          <lido-cell tab-index="2" visible="true" layout="col" width="100%" type="click" audio="" value="option_3" height="landscape.250px, portrait.270px" onEntry="this.borderRadius='25px'; this.padding='0';" onCorrect="this.cellBorderAnimate='#65BC46';" onInCorrect="this.vibrate='horizontal-shake';" onTouch="">
                <lido-image visible="true" src="game-assets/images/file-c8s6hlr3.jpg" bg-color="white" height="landscape.60%, portrait.67%" border-radius="6px" onEntry="this.border='5px solid white';" />
            <lido-text visible="true" font-size="36px" font-color="black" string="Sad" width="fit-content" bg-color="transparent" onEntry="this.fontWeight='500'; this.padding='0 20px';">
            </lido-text>
          </lido-cell>
					
          
          <lido-cell tab-index="3" visible="true" layout="col" width="100%" type="click" audio="" value="option_4" height="landscape.250px, portrait.270px" onEntry="this.borderRadius='25px'; this.padding='0';" onCorrect="this.cellBorderAnimate='#65BC46';" onInCorrect="this.vibrate='horizontal-shake';" onTouch="">
                <lido-image visible="true" src="game-assets/images/file-e7i1l4bd.jpg" bg-color="white" height="landscape.60%, portrait.67%" border-radius="6px" onEntry="this.border='5px solid white';" />
            <lido-text visible="true" font-size="36px" font-color="black" string="Scared" width="fit-content" bg-color="transparent" onEntry="this.fontWeight='500'; this.padding='0 20px';">
            </lido-text>
          </lido-cell>
					
          
          <lido-cell tab-index="4" visible="true" layout="col" width="100%" type="click" audio="" value="option_1" height="landscape.250px, portrait.270px" onEntry="this.borderRadius='25px'; this.padding='0';" onCorrect="this.cellBorderAnimate='#65BC46';" onInCorrect="this.vibrate='horizontal-shake';" onTouch="">
                <lido-image visible="true" src="game-assets/images/file-h10cz5jl.jpg" bg-color="white" height="landscape.60%, portrait.67%" border-radius="6px" onEntry="this.border='5px solid white';" />
            <lido-text visible="true" font-size="36px" font-color="black" string="Angry" width="fit-content" bg-color="transparent" onEntry="this.fontWeight='500'; this.padding='0 20px';">
            </lido-text>
          </lido-cell>
					
          
          <lido-cell tab-index="5" visible="true" layout="col" width="100%" type="click" audio="" value="option_2" height="landscape.250px, portrait.270px" onEntry="this.borderRadius='25px'; this.padding='0';" onCorrect="this.cellBorderAnimate='#65BC46';" onInCorrect="this.vibrate='horizontal-shake';" onTouch="">
                <lido-image visible="true" src="game-assets/images/file-615f5d1s.jpg" bg-color="white" height="landscape.60%, portrait.67%" border-radius="6px" onEntry="this.border='5px solid white';" />
            <lido-text visible="true" font-size="36px" font-color="black" string="Thankful" width="fit-content" bg-color="transparent" onEntry="this.fontWeight='500'; this.padding='0 20px';">
            </lido-text>
          </lido-cell>

        </lido-cell>
      </lido-cell>
    </lido-cell>
  </lido-container>

        <lido-container id="lido-container" exit-button-url="template-assets/buttons/file-zktzg97y.svg" prev-button-url="template-assets/buttons/file-lks2qleo.svg" next-button-url="template-assets/buttons/file-479rlw2b.svg" speaker-button-url="template-assets/buttons/file-nteaixrp.svg" is-allow-only-correct="true" value="mainContainer1" bg-image="template-assets/bg-images/file-v6ea4oub.png" objective="happy" height="100%" width="100%" bg-color="transparent" visible="true" onCorrect="lido-avatar.avatarAnimate='Success';fullSentence.speak='true';this.sleep='2000';" onEntry="this.justifyContent='space-around';" onInCorrect="lido-avatar.avatarAnimate='Fail'; this.sleep='2000';" show-check="false" is-continue-on-correct="true" after-drop="false">
            <lido-text id="fullSentence" visible="false" onEntry="this.display='none';" string="When I play with friends, I feel happy." audio="" />
            
            <lido-cell layout="pos" id="pos1" disable-edit="true" value="pos2" height="landscape.448px,portrait.402px" width="landscape.350px,portrait.398px" x="landscape.-87px, portrait.541px" y="landscape.350px, portrait.1304px" aria-hidden="true" z="1" bg-color="transparent" visible="true" onEntry="this.animation='leftToPlace 2.5s linear';">
                <lido-avatar id="lido-avatar" disable-edit="true" visible="true" height="100%" width="100%" src="template-assets/images/file-095q1jcx.riv" alt-text="Chimple Character">
                </lido-avatar>
            </lido-cell>
            
		    <lido-cell layout="col" visible="true" width="100%" height="100%" bg-color="transparent" margin="landscape.0,portrait.-90px 0px 0px 0px">
			
			<lido-cell visible="true" margin="landscape.12px 0px -17px 0px, portrait.0px 0px 0px;">
				<lido-text id="heading" tab-index="1" width="landscape.770px,portrait.433px" visible="true" audio="template-assets/audio/file-u3zaeqq2.mp3" string="Preencha os espaços em branco" font-family="'Baloo Bhai 2'" fontColor="black" font-size="landscape.45px, portrait.45px" bg-color="transparent" onEntry=" this.fontWeight='700';" margin="landscape.32px 0px 4px 0px,portrait.18px 0px 0px 0px">
                </lido-text>
			</lido-cell>
			
                 <lido-cell audio="" layout="landscape.row, portrait.col" visible="true" width="landscape.90%, portrait.100%" height="landscape.70%, portrait.80%" bg-color="white" onEntry="this.borderRadius='10px'; this.padding='8px';" margin="landscape.0 , portrait.-18px 0px 0px 0px">

                      
                    
                    
                    <lido-cell layout="flex" bg-Color="transparent" visible="true" height="landscape.100%,portrait.80%" width="landscape.754px, portrait.100%" onEntry="this.align-content='center'; this.gap='32px';this.display='ruby';" margin="landscape.21px 0px 0px 61px, portrait.45px 6px 0px 64px">
  
                         <lido-text font-family="'Baloo Bhai 2'" visible="true" font-size="landscape.46px,portrait.45px" y="-10px" string="When I play with friends, I feel " bg-color="transparent" onEntry="this.position='relative'; this.fontWeight='600';this.display='inline'; this.padding='0px 20px 0px 0px'; " /> 
<lido-text tab-index="3" drop-attr="stretch" id="drop_1" disable-edit="true" visible="true" width="164px" height="landscape.73px,portrait.77px" value="happy" type="drop" is-allow-only-one-drop="true" drop-Attr="stretch" onEntry="this.border-radius='10px';this.box-shoadow='';this.fontWeight='600'; this.margin-right='35px';" />
<lido-text font-family="'Baloo Bhai 2'" visible="true" font-size="landscape.46px,portrait.45px" y="-10px" string="." bg-color="transparent" onEntry="this.position='relative'; this.fontWeight='600';this.display='inline'; this.padding='0px 20px 0px 0px'; " /> 
                    </lido-cell>
                </lido-cell>
              <lido-cell layout="landscape.row, portrait.wrap" childElementsLength="4" onEntry="this.gap='28px';    this.gridTemplateColumns = 'repeat(2, 1fr)';  this.gridTemplateRows = 'repeat(2, 1fr)';" visible="true" margin="landscape.6px 0px 74px 0px, portrait.34px 128px 0px 130px">
				<lido-text font-family="'Baloo Bhai 2'" audio="" id="option_3" value="angry" tab-index="7" visible="true" bg-color="#fcf3b1" onEntry="this.padding='0px 48px'; this.borderRadius='24px'; this.line-height='34px'; this.fontWeight='600';" width="auto" height="landscape.87px, portrait.91px" string="angry" fontColor="black" font-size="landscape.46px,portrait.45px" type="drag"> </lido-text>
<lido-text font-family="'Baloo Bhai 2'" audio="" id="option_1" value="happy" tab-index="5" visible="true" bg-color="#fcf3b1" onEntry="this.padding='0px 48px'; this.borderRadius='24px'; this.line-height='34px'; this.fontWeight='600';" width="auto" height="landscape.87px, portrait.91px" string="happy" fontColor="black" font-size="landscape.46px,portrait.45px" type="drag"> </lido-text>
<lido-text font-family="'Baloo Bhai 2'" audio="" id="option_2" value="sad" tab-index="6" visible="true" bg-color="#fcf3b1" onEntry="this.padding='0px 48px'; this.borderRadius='24px'; this.line-height='34px'; this.fontWeight='600';" width="auto" height="landscape.87px, portrait.91px" string="sad" fontColor="black" font-size="landscape.46px,portrait.45px" type="drag"> </lido-text>
                </lido-cell>
            </lido-cell>
        </lido-container>
        

        <lido-container id="lido-container" exit-button-url="template-assets/buttons/file-zktzg97y.svg" prev-button-url="template-assets/buttons/file-lks2qleo.svg" next-button-url="template-assets/buttons/file-479rlw2b.svg" speaker-button-url="template-assets/buttons/file-nteaixrp.svg" is-allow-only-correct="true" value="mainContainer1" bg-image="template-assets/bg-images/file-v6ea4oub.png" objective="sad" height="100%" width="100%" bg-color="transparent" visible="true" onCorrect="lido-avatar.avatarAnimate='Success';fullSentence.speak='true';this.sleep='2000';" onEntry="this.justifyContent='space-around';" onInCorrect="lido-avatar.avatarAnimate='Fail'; this.sleep='2000';" show-check="false" is-continue-on-correct="true" after-drop="false">
            <lido-text id="fullSentence" visible="false" onEntry="this.display='none';" string="If my ice cream falls down, I feel sad." audio="" />
            
            <lido-cell layout="pos" id="pos1" disable-edit="true" value="pos2" height="landscape.448px,portrait.402px" width="landscape.350px,portrait.398px" x="landscape.-87px, portrait.541px" y="landscape.350px, portrait.1304px" aria-hidden="true" z="1" bg-color="transparent" visible="true" onEntry="this.animation='leftToPlace 2.5s linear';">
                <lido-avatar id="lido-avatar" disable-edit="true" visible="true" height="100%" width="100%" src="template-assets/images/file-095q1jcx.riv" alt-text="Chimple Character">
                </lido-avatar>
            </lido-cell>
            
		    <lido-cell layout="col" visible="true" width="100%" height="100%" bg-color="transparent" margin="landscape.0,portrait.-90px 0px 0px 0px">
			
			<lido-cell visible="true" margin="landscape.12px 0px -17px 0px, portrait.0px 0px 0px;">
				<lido-text id="heading" tab-index="1" width="landscape.770px,portrait.433px" visible="true" audio="template-assets/audio/file-u3zaeqq2.mp3" string="Preencha os espaços em branco" font-family="'Baloo Bhai 2'" fontColor="black" font-size="landscape.45px, portrait.45px" bg-color="transparent" onEntry=" this.fontWeight='700';" margin="landscape.32px 0px 4px 0px,portrait.18px 0px 0px 0px">
                </lido-text>
			</lido-cell>
			
                 <lido-cell audio="" layout="landscape.row, portrait.col" visible="true" width="landscape.90%, portrait.100%" height="landscape.70%, portrait.80%" bg-color="white" onEntry="this.borderRadius='10px'; this.padding='8px';" margin="landscape.0 , portrait.-18px 0px 0px 0px">

                      
                    
                    
                    <lido-cell layout="flex" bg-Color="transparent" visible="true" height="landscape.100%,portrait.80%" width="landscape.754px, portrait.100%" onEntry="this.align-content='center'; this.gap='32px';this.display='ruby';" margin="landscape.21px 0px 0px 61px, portrait.45px 6px 0px 64px">
  
                         <lido-text font-family="'Baloo Bhai 2'" visible="true" font-size="landscape.46px,portrait.45px" y="-10px" string="If my ice cream falls down, I feel " bg-color="transparent" onEntry="this.position='relative'; this.fontWeight='600';this.display='inline'; this.padding='0px 20px 0px 0px'; " /> 
<lido-text tab-index="3" drop-attr="stretch" id="drop_1" disable-edit="true" visible="true" width="164px" height="landscape.73px,portrait.77px" value="sad" type="drop" is-allow-only-one-drop="true" drop-Attr="stretch" onEntry="this.border-radius='10px';this.box-shoadow='';this.fontWeight='600'; this.margin-right='35px';" />
<lido-text font-family="'Baloo Bhai 2'" visible="true" font-size="landscape.46px,portrait.45px" y="-10px" string="." bg-color="transparent" onEntry="this.position='relative'; this.fontWeight='600';this.display='inline'; this.padding='0px 20px 0px 0px'; " /> 
                    </lido-cell>
                </lido-cell>
              <lido-cell layout="landscape.row, portrait.wrap" childElementsLength="4" onEntry="this.gap='28px';    this.gridTemplateColumns = 'repeat(2, 1fr)';  this.gridTemplateRows = 'repeat(2, 1fr)';" visible="true" margin="landscape.6px 0px 74px 0px, portrait.34px 128px 0px 130px">
				<lido-text font-family="'Baloo Bhai 2'" audio="" id="option_2" value="jealous" tab-index="6" visible="true" bg-color="#fcf3b1" onEntry="this.padding='0px 48px'; this.borderRadius='24px'; this.line-height='34px'; this.fontWeight='600';" width="auto" height="landscape.87px, portrait.91px" string="jealous" fontColor="black" font-size="landscape.46px,portrait.45px" type="drag"> </lido-text>
<lido-text font-family="'Baloo Bhai 2'" audio="" id="option_3" value="happy" tab-index="7" visible="true" bg-color="#fcf3b1" onEntry="this.padding='0px 48px'; this.borderRadius='24px'; this.line-height='34px'; this.fontWeight='600';" width="auto" height="landscape.87px, portrait.91px" string="happy" fontColor="black" font-size="landscape.46px,portrait.45px" type="drag"> </lido-text>
<lido-text font-family="'Baloo Bhai 2'" audio="" id="option_1" value="sad" tab-index="5" visible="true" bg-color="#fcf3b1" onEntry="this.padding='0px 48px'; this.borderRadius='24px'; this.line-height='34px'; this.fontWeight='600';" width="auto" height="landscape.87px, portrait.91px" string="sad" fontColor="black" font-size="landscape.46px,portrait.45px" type="drag"> </lido-text>
                </lido-cell>
            </lido-cell>
        </lido-container>
        

        <lido-container id="lido-container" exit-button-url="template-assets/buttons/file-zktzg97y.svg" prev-button-url="template-assets/buttons/file-lks2qleo.svg" next-button-url="template-assets/buttons/file-479rlw2b.svg" speaker-button-url="template-assets/buttons/file-nteaixrp.svg" is-allow-only-correct="true" value="mainContainer1" bg-image="template-assets/bg-images/file-v6ea4oub.png" objective="excited" height="100%" width="100%" bg-color="transparent" visible="true" onCorrect="lido-avatar.avatarAnimate='Success';fullSentence.speak='true';this.sleep='2000';" onEntry="this.justifyContent='space-around';" onInCorrect="lido-avatar.avatarAnimate='Fail'; this.sleep='2000';" show-check="false" is-continue-on-correct="true" after-drop="false">
            <lido-text id="fullSentence" visible="false" onEntry="this.display='none';" string="Before going on a school trip, I feel excited." audio="" />
            
            <lido-cell layout="pos" id="pos1" disable-edit="true" value="pos2" height="landscape.448px,portrait.402px" width="landscape.350px,portrait.398px" x="landscape.-87px, portrait.541px" y="landscape.350px, portrait.1304px" aria-hidden="true" z="1" bg-color="transparent" visible="true" onEntry="this.animation='leftToPlace 2.5s linear';">
                <lido-avatar id="lido-avatar" disable-edit="true" visible="true" height="100%" width="100%" src="template-assets/images/file-095q1jcx.riv" alt-text="Chimple Character">
                </lido-avatar>
            </lido-cell>
            
		    <lido-cell layout="col" visible="true" width="100%" height="100%" bg-color="transparent" margin="landscape.0,portrait.-90px 0px 0px 0px">
			
			<lido-cell visible="true" margin="landscape.12px 0px -17px 0px, portrait.0px 0px 0px;">
				<lido-text id="heading" tab-index="1" width="landscape.770px,portrait.433px" visible="true" audio="template-assets/audio/file-u3zaeqq2.mp3" string="Preencha os espaços em branco" font-family="'Baloo Bhai 2'" fontColor="black" font-size="landscape.45px, portrait.45px" bg-color="transparent" onEntry=" this.fontWeight='700';" margin="landscape.32px 0px 4px 0px,portrait.18px 0px 0px 0px">
                </lido-text>
			</lido-cell>
			
                 <lido-cell audio="" layout="landscape.row, portrait.col" visible="true" width="landscape.90%, portrait.100%" height="landscape.70%, portrait.80%" bg-color="white" onEntry="this.borderRadius='10px'; this.padding='8px';" margin="landscape.0 , portrait.-18px 0px 0px 0px">

                      
                    
                    
                    <lido-cell layout="flex" bg-Color="transparent" visible="true" height="landscape.100%,portrait.80%" width="landscape.754px, portrait.100%" onEntry="this.align-content='center'; this.gap='32px';this.display='ruby';" margin="landscape.21px 0px 0px 61px, portrait.45px 6px 0px 64px">
  
                         <lido-text font-family="'Baloo Bhai 2'" visible="true" font-size="landscape.46px,portrait.45px" y="-10px" string="Before going on a school trip, I feel " bg-color="transparent" onEntry="this.position='relative'; this.fontWeight='600';this.display='inline'; this.padding='0px 20px 0px 0px'; " /> 
<lido-text tab-index="3" drop-attr="stretch" id="drop_1" disable-edit="true" visible="true" width="164px" height="landscape.73px,portrait.77px" value="excited" type="drop" is-allow-only-one-drop="true" drop-Attr="stretch" onEntry="this.border-radius='10px';this.box-shoadow='';this.fontWeight='600'; this.margin-right='35px';" />
<lido-text font-family="'Baloo Bhai 2'" visible="true" font-size="landscape.46px,portrait.45px" y="-10px" string="." bg-color="transparent" onEntry="this.position='relative'; this.fontWeight='600';this.display='inline'; this.padding='0px 20px 0px 0px'; " /> 
                    </lido-cell>
                </lido-cell>
              <lido-cell layout="landscape.row, portrait.wrap" childElementsLength="4" onEntry="this.gap='28px';    this.gridTemplateColumns = 'repeat(2, 1fr)';  this.gridTemplateRows = 'repeat(2, 1fr)';" visible="true" margin="landscape.6px 0px 74px 0px, portrait.34px 128px 0px 130px">
				<lido-text font-family="'Baloo Bhai 2'" audio="" id="option_2" value="scared" tab-index="6" visible="true" bg-color="#fcf3b1" onEntry="this.padding='0px 48px'; this.borderRadius='24px'; this.line-height='34px'; this.fontWeight='600';" width="auto" height="landscape.87px, portrait.91px" string="scared" fontColor="black" font-size="landscape.46px,portrait.45px" type="drag"> </lido-text>
<lido-text font-family="'Baloo Bhai 2'" audio="" id="option_3" value="jealous" tab-index="7" visible="true" bg-color="#fcf3b1" onEntry="this.padding='0px 48px'; this.borderRadius='24px'; this.line-height='34px'; this.fontWeight='600';" width="auto" height="landscape.87px, portrait.91px" string="jealous" fontColor="black" font-size="landscape.46px,portrait.45px" type="drag"> </lido-text>
<lido-text font-family="'Baloo Bhai 2'" audio="" id="option_1" value="excited" tab-index="5" visible="true" bg-color="#fcf3b1" onEntry="this.padding='0px 48px'; this.borderRadius='24px'; this.line-height='34px'; this.fontWeight='600';" width="auto" height="landscape.87px, portrait.91px" string="excited" fontColor="black" font-size="landscape.46px,portrait.45px" type="drag"> </lido-text>
                </lido-cell>
            </lido-cell>
        </lido-container>
        
</root>