[1,["58wlEvv0JPpLYBJo2Fq2Ox","c7BlymrZJCG50SSK5tui4g","bc7c354zlNDrqHtrARw7j1","beAjoaWM1PS6WXQj20FBvr","97bSWt/JZHC5l0FSSK2wWO","3dIQ8KyApHibHB1XVFA4vz","11kGJvUcJHIo19IUx6atVZ","b0H4qUN1lFloE6MloUDdby","d9yc05Ge5M3LWaAJyr2LRn","0bi9OY75NDfpnJrrVs0rFu","bbjSYsvdhL/Y7arQsCTaVS","76GDYAqrxLua27+HvgymPU","75PhTrZzBGGKxfhYWl8V4I","04S0vohWBAHa6T5oErX9lx","daEgNM/npLe5FPheSD9tVD","6bne921WpCoYZstECGZ/uO","b2pY/ftX9KkZYTZKhUt5wG","1eoNX3WFlBVLOOerNuS2N6","56zllOo2tETKpYl2lLniJT","76uZRIGYtCeL6qjaawCFI9","75cSkPCUFGiLcyeU9a1lWL","17LEUcWC9OSYJvDFIb9dsJ","4fbP44CahHRIzqiLrCxNLg","93iCJJNzNCvpU2Hl/1u6Dd","f9MnzYKhxNO6/mS7w7zneY"],["_textureSetter"],["cc.Texture2D","cc.SpriteFrame",["cc.AudioClip",["_name","_native","duration"],0],["cc.JsonAsset",["_name","json"],1]],[[2,0,1,2,4],[3,0,1,3]],[[[[0,"मांजर",".mp3",1.044898],-1],0,0,[],[],[]],[["0,9729,9729,33071,33071,0,0,1",-1],[0],0,[],[],[]],[[[0,"लाल",".mp3",0.835918],-1],0,0,[],[],[]],[["0,9729,9729,33071,33071,0,0,1",-1],[0],0,[],[],[]],[[{"name":"eight","rect":[126,81,394,486],"offset":[3,-4],"originalSize":[640,640],"capInsets":[0,0,0,0]}],[1],0,[0],[0],[0]],[[{"name":"king","rect":[0,0,427,640],"offset":[0,0],"originalSize":[427,640],"capInsets":[0,0,0,0]}],[1],0,[0],[0],[1]],[["0,9729,9729,33071,33071,0,0,1",-1],[0],0,[],[],[]],[[{"name":"mirror","rect":[0,0,458,640],"offset":[0,0],"originalSize":[458,640],"capInsets":[0,0,0,0]}],[1],0,[0],[0],[2]],[[[0,"आठ",".mp3",0.574694],-1],0,0,[],[],[]],[["0,9729,9729,33071,33071,0,0,1",-1],[0],0,[],[],[]],[[[0,"मामा",".mp3",0.888163],-1],0,0,[],[],[]],[["0,9729,9729,33071,33071,0,0,1",-1],[0],0,[],[],[]],[[[0,"आई",".mp3",0.783673],-1],0,0,[],[],[]],[[[0,"माकड",".mp3",1.07102],-1],0,0,[],[],[]],[[{"name":"red","rect":[0,0,615,461],"offset":[0,0],"originalSize":[615,461],"capInsets":[0,0,0,0]}],[1],0,[0],[0],[3]],[[[0,"आपण",".mp3",0.940408],-1],0,0,[],[],[]],[[{"name":"maize","rect":[0,0,640,427],"offset":[0,0],"originalSize":[640,427],"capInsets":[0,0,0,0]}],[1],0,[0],[0],[4]],[["0,9729,9729,33071,33071,0,0,1",-1],[0],0,[],[],[]],[[[0,"लाडू",".mp3",0.914286],-1],0,0,[],[],[]],[[{"name":"kerchief","rect":[0,0,640,480],"offset":[0,0],"originalSize":[640,480],"capInsets":[0,0,0,0]}],[1],0,[0],[0],[5]],[[[0,"आंबा",".mp3",0.862041],-1],0,0,[],[],[]],[["0,9729,9729,33071,33071,0,0,1",-1],[0],0,[],[],[]],[[{"name":"me","rect":[125,3,349,594],"offset":[-0.5,0],"originalSize":[600,600],"capInsets":[0,0,0,0]}],[1],0,[0],[0],[6]],[["0,9729,9729,33071,33071,0,0,1",-1],[0],0,[],[],[]],[[{"name":"corn","rect":[144,0,311,600],"offset":[-0.5,0],"originalSize":[600,600],"capInsets":[0,0,0,0]}],[1],0,[0],[0],[7]],[["0,9729,9729,33071,33071,0,0,1",-1],[0],0,[],[],[]],[[{"name":"today","rect":[0,0,764,729],"offset":[0,0],"originalSize":[764,729],"capInsets":[0,0,0,0]}],[1],0,[0],[0],[8]],[[[0,"वेल",".mp3",0.679184],-1],0,0,[],[],[]],[["0,9729,9729,33071,33071,0,0,1",-1],[0],0,[],[],[]],[[[0,"बैल",".mp3",0.783673],-1],0,0,[],[],[]],[[[0,"रुमाल",".mp3",0.888163],-1],0,0,[],[],[]],[[[0,"कप",".mp3",0.522449],-1],0,0,[],[],[]],[["0,9729,9729,33071,33071,0,0,1",-1],[0],0,[],[],[]],[["0,9729,9729,33071,33071,0,0,1",-1],[0],0,[],[],[]],[[{"name":"mother","rect":[0,0,480,640],"offset":[0,0],"originalSize":[480,640],"capInsets":[0,0,0,0]}],[1],0,[0],[0],[9]],[["0,9729,9729,33071,33071,0,0,1",-1],[0],0,[],[],[]],[["0,9729,9729,33071,33071,0,0,1",-1],[0],0,[],[],[]],[[[0,"आज",".mp3",0.705306],-1],0,0,[],[],[]],[[{"name":"work","rect":[0,23,600,554],"offset":[0,0],"originalSize":[600,600],"capInsets":[0,0,0,0]}],[1],0,[0],[0],[10]],[[{"name":"uncle","rect":[120,14,424,605],"offset":[12,3.5],"originalSize":[640,640],"capInsets":[0,0,0,0]}],[1],0,[0],[0],[11]],[[{"name":"bud","rect":[0,0,518,640],"offset":[0,0],"originalSize":[518,640],"capInsets":[0,0,0,0]}],[1],0,[0],[0],[12]],[["0,9729,9729,33071,33071,0,0,1",-1],[0],0,[],[],[]],[[{"name":"laddoo","rect":[0,0,640,427],"offset":[0,0],"originalSize":[640,427],"capInsets":[0,0,0,0]}],[1],0,[0],[0],[13]],[["0,9729,9729,33071,33071,0,0,1",-1],[0],0,[],[],[]],[[[0,"कणीस",".mp3",0.888163],-1],0,0,[],[],[]],[[[0,"मका",".mp3",0.914286],-1],0,0,[],[],[]],[["0,9729,9729,33071,33071,0,0,1",-1],[0],0,[],[],[]],[["0,9729,9729,33071,33071,0,0,1",-1],[0],0,[],[],[]],[[{"name":"mango","rect":[0,0,640,530],"offset":[0,0],"originalSize":[640,530],"capInsets":[0,0,0,0]}],[1],0,[0],[0],[14]],[[{"name":"bull","rect":[0,0,640,356],"offset":[0,0],"originalSize":[640,356],"capInsets":[0,0,0,0]}],[1],0,[0],[0],[15]],[["0,9729,9729,33071,33071,0,0,1",-1],[0],0,[],[],[]],[[[0,"मगर",".mp3",1.097143],-1],0,0,[],[],[]],[["0,9729,9729,33071,33071,0,0,1",-1],[0],0,[],[],[]],[["0,9729,9729,33071,33071,0,0,1",-1],[0],0,[],[],[]],[[{"name":"crocodile","rect":[6,3,633,170],"offset":[2.5,2.5],"originalSize":[640,181],"capInsets":[0,0,0,0]}],[1],0,[0],[0],[16]],[["0,9729,9729,33071,33071,0,0,1",-1],[0],0,[],[],[]],[[{"name":"cup","rect":[0,0,273,184],"offset":[0,0],"originalSize":[273,184],"capInsets":[0,0,0,0]}],[1],0,[0],[0],[17]],[[[1,"mr0604",{"rows":[["writecard","1","Description","क","कप","cup.png","कप.mp3","कढई","cauldron.png","कढई.mp3","कपाट","cupboard.png","कपाट.mp3"],["writecard","1","Description","म","मगर","crocodile.png","मगर.mp3","मका","maize.png","मका.mp3","माकड","monkey.png","माकड.mp3"],["writecard","1","Description","आ","आपण","me.png","आपण.mp3","आज","today.png","आज.mp3","आई","mother.png","आई.mp3"],["writecard","1","Description","ल","लसूण","garlic.png","लसूण.mp3","लाडू","laddoo.png","लाडू.mp3","रुमाल","kerchief.png","रुमाल.mp3"],["writecard","1","Description","क","कणीस","corn.png","कणीस.mp3","कळी","bud.png","कळी.mp3","नाक","nose.png","नाक.mp3"],["writecard","1","Description","म","मांजर","cat.png","मांजर.mp3","मामा","uncle.png","मामा.mp3","काम","work.png","काम.mp3"],["writecard","1","Description","आ","आरसा","mirror.png","आरसा.mp3","आंबा","mango.png","आंबा.mp3","आठ","eight.png","आठ.mp3"],["writecard","1","Description","ल","वेल","vine.png","वेल.mp3","लाल","red.png","लाल.mp3","बैल","bull.png","बैल.mp3"],["quizliteracy","1","Description","soundonly_image","crocodile.png","cat.png","kerchief.png","crocodile.png","","","मगर.mp3"],["quizliteracy","1","Description","soundonly_image","kerchief.png","king.png","mirror.png","kerchief.png","","","रुमाल.mp3"],["quizliteracy","1","Description","soundonly_image","garlic.png","kerchief.png","garlic.png","mirror.png","","","लसूण.mp3"]]}]],0,0,[],[],[]],[[[0,"लसूण",".mp3",0.992653],-1],0,0,[],[],[]],[[[0,"कढई",".mp3",1.018776],-1],0,0,[],[],[]],[[{"name":"cauldron","rect":[127,190,384,327],"offset":[-1,-33.5],"originalSize":[640,640],"capInsets":[0,0,0,0]}],[1],0,[0],[0],[18]],[[{"name":"vine","rect":[72,72,496,496],"offset":[0,0],"originalSize":[640,640],"capInsets":[0,0,0,0]}],[1],0,[0],[0],[19]],[["0,9729,9729,33071,33071,0,0,1",-1],[0],0,[],[],[]],[["0,9729,9729,33071,33071,0,0,1",-1],[0],0,[],[],[]],[[{"name":"nose","rect":[0,0,640,456],"offset":[0,0],"originalSize":[640,456],"capInsets":[0,0,0,0]}],[1],0,[0],[0],[20]],[[[0,"आरसा",".mp3",1.018776],-1],0,0,[],[],[]],[[[0,"कपाट",".mp3",0.783673],-1],0,0,[],[],[]],[[[0,"काम",".mp3",0.705306],-1],0,0,[],[],[]],[[[0,"कळी",".mp3",0.757551],-1],0,0,[],[],[]],[[{"name":"monkey","rect":[0,0,640,427],"offset":[0,0],"originalSize":[640,427],"capInsets":[0,0,0,0]}],[1],0,[0],[0],[21]],[[{"name":"cat","rect":[0,0,640,403],"offset":[0,0],"originalSize":[640,403],"capInsets":[0,0,0,0]}],[1],0,[0],[0],[22]],[[{"name":"garlic","rect":[0,0,640,480],"offset":[0,0],"originalSize":[640,480],"capInsets":[0,0,0,0]}],[1],0,[0],[0],[23]],[[[0,"नाक",".mp3",0.626939],-1],0,0,[],[],[]],[["0,9729,9729,33071,33071,0,0,1",-1],[0],0,[],[],[]],[[{"name":"cupboard","rect":[14,26,590,444],"offset":[-11,-3.5],"originalSize":[640,489],"capInsets":[0,0,0,0]}],[1],0,[0],[0],[24]]]]