[1,["e0FTnu2PVJnbtRX+s/d9TU"],["_textureSetter"],["cc.Texture2D","cc.SpriteFrame",["cc.AudioClip",["_name","_native","duration"],0],["cc.JsonAsset",["_name","json"],1]],[[2,0,1,2,4],[3,0,1,3]],[[[[0,"crab",".mp3",0.96],-1],0,0,[],[],[]],[[[0,"class",".mp3",1.08],-1],0,0,[],[],[]],[[[0,"dress",".mp3",1.176],-1],0,0,[],[],[]],[[[0,"cl",".mp3",0.936],-1],0,0,[],[],[]],[[[0,"cr",".mp3",1.2],-1],0,0,[],[],[]],[[[0,"cry",".mp3",0.888],-1],0,0,[],[],[]],[[[0,"a",".mp3",0.72],-1],0,0,[],[],[]],[[[0,"kick",".mp3",0.816],-1],0,0,[],[],[]],[[[1,"en1611",{"rows":[["phonictractor","1","Description","5","crab","crab.mp3","cr","cr.mp3","a","a.mp3","b","b.mp3"],["phonictractor","1","Description","5","crib","crib.mp3","cr","cr.mp3","i","i.mp3","b","b.mp3"],["rocket","1","Description","cross","a,b,c,d,e,f,g,h,i,j,k,l,m,n,o,p,q,r,s,t,u,v,w,x,y,z","c,r,o,s,s","cross.mp3","cross.png","false","true"],["speakingpet","1","Description","ck.mp3","i.mp3","kick","kick.mp3","A","3,4","duck","duck.mp3","A","3,4","sky","sky.mp3","B","3","cry","cry.mp3","B","3"],["speakingpet","1","Description","cr.mp3","cl.mp3","crab","crab.mp3","A","1,2","cream","cream.mp3","A","1,2","clock","clock.mp3","B","1,2","class","class.mp3","B","1,2"],["speakingpet","1","Description","dr.mp3","cr.mp3","dress","dress.mp3","A","1,2","drive","drive.mp3","A","1,2","crab","crab.mp3","B","1,2","cross","cross.mp3","B","1,2"],["quizliteracy","1","Description","soundonly_word","crab","duck","crab","nest","","","crab.mp3"],["quizliteracy","1","Description","soundonly_word","cream","crown","cream","cloud","","","cream.mp3"],["quizliteracy","1","Description","image_word","cross","cross","grass","cream","cross.png"]]}]],0,0,[],[],[]],[[[0,"sky",".mp3",1.056],-1],0,0,[],[],[]],[[[0,"clock",".mp3",0.96],-1],0,0,[],[],[]],[[[0,"cross",".mp3",1.08],-1],0,0,[],[],[]],[[[0,"duck",".mp3",1.032],-1],0,0,[],[],[]],[[[0,"ck",".mp3",1.2],-1],0,0,[],[],[]],[[[0,"i",".mp3",0.72],-1],0,0,[],[],[]],[[[0,"b",".mp3",0.912],-1],0,0,[],[],[]],[[[0,"cream",".mp3",0.912],-1],0,0,[],[],[]],[[[0,"crib",".mp3",0.888],-1],0,0,[],[],[]],[[[0,"drive",".mp3",1.104],-1],0,0,[],[],[]],[["0,9729,9729,33071,33071,0,0,1",-1],[0],0,[],[],[]],[[{"name":"cross","rect":[0,0,640,435],"offset":[0,0],"originalSize":[640,435],"capInsets":[0,0,0,0]}],[1],0,[0],[0],[0]],[[[0,"dr",".mp3",1.08],-1],0,0,[],[],[]]]]