[1,["1aRhoQKGtJ5I5RUQS5g7Zr","c3xg4WuNlOmqFTB51HanEC","e0JCs1SnxCW4bCWXs0cgiK","f000GG+ORM4qPXUB+l8J5Y","0csCHd+yBJnLr/9Duel/WS","c4SbE4btBNYYKLr36VlApW","daVuR+rJdDepGU+CYxVqud","78Pg0b2dZGabj9JXOaaiXI","4cbjldrYFITJ7pl/9Himsm","a48EcUCbpOEYhmiEzDbg2k"],["_textureSetter"],["cc.Texture2D","cc.SpriteFrame",["cc.AudioClip",["_name","_native","duration"],0],["cc.JsonAsset",["_name","json"],1]],[[2,0,1,2,4],[3,0,1,3]],[[[[0,"ಎರಡು",".mp3",0.72],-1],0,0,[],[],[]],[["0,9729,9729,33071,33071,0,0,1",-1],[0],0,[],[],[]],[[{"name":"೬","rect":[0,0,800,660],"offset":[0,0],"originalSize":[800,660],"capInsets":[0,0,0,0]}],[1],0,[0],[0],[0]],[[[0,"ಎಂಟು",".mp3",0.696],-1],0,0,[],[],[]],[["0,9729,9729,33071,33071,0,0,1",-1],[0],0,[],[],[]],[[[0,"ಒಂದು",".mp3",0.96],-1],0,0,[],[],[]],[[[0,"ಹತ್ತು",".mp3",0.72],-1],0,0,[],[],[]],[[[0,"ಐದು",".mp3",0.888],-1],0,0,[],[],[]],[["0,9729,9729,33071,33071,0,0,1",-1],[0],0,[],[],[]],[[{"name":"೫","rect":[0,0,800,660],"offset":[0,0],"originalSize":[800,660],"capInsets":[0,0,0,0]}],[1],0,[0],[0],[1]],[[[0,"ಒಂಬತ್ತು",".mp3",0.864],-1],0,0,[],[],[]],[[{"name":"೮","rect":[0,0,800,660],"offset":[0,0],"originalSize":[800,660],"capInsets":[0,0,0,0]}],[1],0,[0],[0],[2]],[["0,9729,9729,33071,33071,0,0,1",-1],[0],0,[],[],[]],[[{"name":"೧","rect":[0,0,800,660],"offset":[0,0],"originalSize":[800,660],"capInsets":[0,0,0,0]}],[1],0,[0],[0],[3]],[[{"name":"೭","rect":[0,0,800,660],"offset":[0,0],"originalSize":[800,660],"capInsets":[0,0,0,0]}],[1],0,[0],[0],[4]],[["0,9729,9729,33071,33071,0,0,1",-1],[0],0,[],[],[]],[[{"name":"೯","rect":[0,0,800,660],"offset":[0,0],"originalSize":[800,660],"capInsets":[0,0,0,0]}],[1],0,[0],[0],[5]],[[{"name":"೨","rect":[0,0,800,660],"offset":[0,0],"originalSize":[800,660],"capInsets":[0,0,0,0]}],[1],0,[0],[0],[6]],[[[1,"kn3101",{"rows":[["spelldoor","1","Description","ಒಂದು","**","0","0","೧.png","ಒಂದು.mp3"],["spelldoor","1","Description","ಎರಡು","***","0","0","೨.png","ಎರಡು.mp3"],["spelldoor","1","Description","ಮೂರು","**","0","0","೩.png","ಮೂರು.mp3"],["spelldoor","1","Description","ನಾ,ಲ್ಕು","**","0","0","೪.png","ನಾಲ್ಕು.mp3"],["spelldoor","1","Description","ಐದು","**","0","0","೫.png","ಐದು.mp3"],["spelldoor","1","Description","ಆರು","**","0","0","೬.png","ಆರು.mp3"],["spelldoor","1","Description","ಏಳು","**","0","0","೭.png","ಏಳು.mp3"],["spelldoor","1","Description","ಎಂಟು","**","0","0","೮.png","ಎಂಟು.mp3"],["spelldoor","1","Description","ಒಂ,ಬ,ತ್ತು","***","0","0","೯.png","ಒಂಬತ್ತು.mp3"],["spelldoor","1","Description","ಹ,ತ್ತು","**","0","0","೧೦.png","ಹತ್ತು.mp3"],["quizliteracy","1","Description","word_word","ಒಂ","ಪರ","ಯಾ","ಒಂ","","__ಬತ್ತು","ಒಂಬತ್ತು.mp3"],["quizliteracy","1","Description","image_word","ಐದು","ಐದು","ಎಂಟು","ಮೂರು","೫.png"],["quizliteracy","1","Description","soundonly_word","ಹತ್ತು","ಏಳು","ಹತ್ತು","ಆರು","","","ಹತ್ತು.mp3"]]}]],0,0,[],[],[]],[["0,9729,9729,33071,33071,0,0,1",-1],[0],0,[],[],[]],[["0,9729,9729,33071,33071,0,0,1",-1],[0],0,[],[],[]],[[[0,"ಮೂರು",".mp3",0.696],-1],0,0,[],[],[]],[[{"name":"೪","rect":[0,0,800,660],"offset":[0,0],"originalSize":[800,660],"capInsets":[0,0,0,0]}],[1],0,[0],[0],[7]],[["0,9729,9729,33071,33071,0,0,1",-1],[0],0,[],[],[]],[[[0,"ಏಳು",".mp3",0.648],-1],0,0,[],[],[]],[["0,9729,9729,33071,33071,0,0,1",-1],[0],0,[],[],[]],[[{"name":"೧೦","rect":[0,0,800,660],"offset":[0,0],"originalSize":[800,660],"capInsets":[0,0,0,0]}],[1],0,[0],[0],[8]],[[[0,"ಆರು",".mp3",0.672],-1],0,0,[],[],[]],[["0,9729,9729,33071,33071,0,0,1",-1],[0],0,[],[],[]],[[[0,"ನಾಲ್ಕು",".mp3",0.816],-1],0,0,[],[],[]],[[{"name":"೩","rect":[0,0,800,660],"offset":[0,0],"originalSize":[800,660],"capInsets":[0,0,0,0]}],[1],0,[0],[0],[9]]]]