[1,["4dlrvovlVGEJhFXi3/KKDw","151aXTruVARLtKq5fmtmcn","c0lt9TOX5HNK/AfHMdJXl7","fb2PMdEW1DxqBhGVURueMn","31WTs/QWtM/Z0GhXJMYX5p","27AKHNtedM85249qU24U3Z","bcELWX/j5OVLWlIjlizXSn","6aYnRBUlFJXbu0qFBZas9x"],["_textureSetter"],["cc.Texture2D","cc.SpriteFrame",["cc.AudioClip",["_name","_native","duration"],0],["cc.JsonAsset",["_name","json"],1]],[[2,0,1,2,4],[3,0,1,3]],[[[[0,"baby",".mp3",0.936],-1],0,0,[],[],[]],[["0,9729,9729,33071,33071,0,0,1",-1],[0],0,[],[],[]],[[{"name":"grandfather","rect":[0,0,430,512],"offset":[0,0],"originalSize":[430,512],"capInsets":[0,0,0,0]}],[1],0,[0],[0],[0]],[["0,9729,9729,33071,33071,0,0,1",-1],[0],0,[],[],[]],[["0,9729,9729,33071,33071,0,0,1",-1],[0],0,[],[],[]],[[{"name":"mother","rect":[0,0,488,512],"offset":[0,0],"originalSize":[488,512],"capInsets":[0,0,0,0]}],[1],0,[0],[0],[1]],[[{"name":"sister","rect":[0,0,493,512],"offset":[0,0],"originalSize":[493,512],"capInsets":[0,0,0,0]}],[1],0,[0],[0],[2]],[["0,9729,9729,33071,33071,0,0,1",-1],[0],0,[],[],[]],[[{"name":"uncle","rect":[0,0,1207,1200],"offset":[0,0],"originalSize":[1207,1200],"capInsets":[0,0,0,0]}],[1],0,[0],[0],[3]],[[{"name":"brother","rect":[0,0,508,512],"offset":[0,0],"originalSize":[508,512],"capInsets":[0,0,0,0]}],[1],0,[0],[0],[4]],[[[1,"en2412",{"rows":[["openwindow1","1","Description","LEGIT","mother","mother.png","father.png","mother.mp3","abcdefghijklmnopqrstuvwxyz"],["openwindow1","1","Description","LEGIT","father","father.png","mother.png","father.mp3","abcdefghijklmnopqrstuvwxyz"],["openwindow1","1","Description","LEGIT","grandmother","grandmother.png","grandfather.png","grandmother.mp3","abcdefghijklmnopqrstuvwxyz"],["openwindow1","1","Description","LEGIT","grandfather","grandfather.png","grandmother.png","grandfather.mp3","abcdefghijklmnopqrstuvwxyz"],["openwindow1","1","Description","LEGIT","baby","baby.png","uncle.png","baby.mp3","abcdefghijklmnopqrstuvwxyz"],["openwindow1","1","Description","LEGIT","brother","brother.png","sister.png","brother .mp3","abcdefghijklmnopqrstuvwxyz"],["openwindow1","1","Description","LEGIT","sister","sister.png","brother.png","sister.mp3","abcdefghijklmnopqrstuvwxyz"],["quizliteracy","1","Description","image_sentence","mother","mother","brother","baby","mother.png","","mother.mp3"],["quizliteracy","1","Description","image_sentence","baby","grandmother","baby","sister","baby.png","","baby.mp3"],["quizliteracy","1","Description","image_sentence","brother","sister","grandmother","brother","brother.png","","brother .mp3"]]}]],0,0,[],[],[]],[["0,9729,9729,33071,33071,0,0,1",-1],[0],0,[],[],[]],[[[0,"mother",".mp3",0.864],-1],0,0,[],[],[]],[[[0,"father",".mp3",0.96],-1],0,0,[],[],[]],[[[0,"grandmother",".mp3",1.32],-1],0,0,[],[],[]],[[{"name":"father","rect":[0,0,402,512],"offset":[0,0],"originalSize":[402,512],"capInsets":[0,0,0,0]}],[1],0,[0],[0],[5]],[[[0,"sister",".mp3",1.032],-1],0,0,[],[],[]],[[[0,"grandfather",".mp3",1.392],-1],0,0,[],[],[]],[["0,9729,9729,33071,33071,0,0,1",-1],[0],0,[],[],[]],[[{"name":"baby","rect":[0,0,512,339],"offset":[0,0],"originalSize":[512,339],"capInsets":[0,0,0,0]}],[1],0,[0],[0],[6]],[["0,9729,9729,33071,33071,0,0,1",-1],[0],0,[],[],[]],[[{"name":"grandmother","rect":[0,0,450,512],"offset":[0,0],"originalSize":[450,512],"capInsets":[0,0,0,0]}],[1],0,[0],[0],[7]],[["0,9729,9729,33071,33071,0,0,1",-1],[0],0,[],[],[]],[[[0,"brother ",".mp3",0.984],-1],0,0,[],[],[]]]]