[1,["bb04r0A4xDqLGJhUeNyWOF","4alvhJBdhCHYVZeD5FbKBC","c0rXRR3k9CiYBrV1uB1bGt","25gyRWiqBEYZbz7+OiYYhw","ca1I2hfHFDO4H6N8pgz4je","f7nRXIomNAI6FWvoiDgUdS","eeJ65SwvBPoKZl0H49YXvf","b1AU9qMmNAcpL4ejfilmrN","51h4+1ea1JOK+p4m7s3pOl","78WGOCu2VLOJYVTrGZJ91/","53WelUJx9Ng7JNLPBbC3py","a2TWxPkQZBi4yNFhc1DzNW","43EfnJWGhKwK3TvyD4AvNm","a7P1oNODZAepJOVpNd9MpF","05DLy7SRdK5Yns9mnZaxBS"],["_textureSetter"],["cc.Texture2D","cc.SpriteFrame",["cc.AudioClip",["_name","_native","duration"],0],["cc.JsonAsset",["_name","json"],1]],[[2,0,1,2,4],[3,0,1,3]],[[["0,9729,9729,33071,33071,0,0,1",-1],[0],0,[],[],[]],[[{"name":"l16_hewantsmangoes","rect":[0,0,868,689],"offset":[0,0],"originalSize":[868,689],"capInsets":[0,0,0,0]}],[1],0,[0],[0],[0]],[[{"name":"l16_hecleanhouse","rect":[0,0,868,689],"offset":[0,0],"originalSize":[868,689],"capInsets":[0,0,0,0]}],[1],0,[0],[0],[1]],[[[0,"The_boy_wants_to_be_a_doctor",".mp3",2.736],-1],0,0,[],[],[]],[[[0,"They_will_go_fishing",".mp3",1.896],-1],0,0,[],[],[]],[[{"name":"l16_girlwantsbed","rect":[0,0,868,689],"offset":[0,48.5],"originalSize":[868,786],"capInsets":[0,0,0,0]}],[1],0,[0],[0],[2]],[[[0,"He_will_drink_milk",".mp3",1.992],-1],0,0,[],[],[]],[["0,9729,9729,33071,33071,0,0,1",-1],[0],0,[],[],[]],[[{"name":"l16_theywilfising","rect":[0,0,868,689],"offset":[0,0],"originalSize":[868,689],"capInsets":[0,0,0,0]}],[1],0,[0],[0],[3]],[[{"name":"l16_hedrinkmilk","rect":[0,0,868,689],"offset":[0,0],"originalSize":[868,689],"capInsets":[0,0,0,0]}],[1],0,[0],[0],[4]],[["0,9729,9729,33071,33071,0,0,1",-1],[0],0,[],[],[]],[[[0,"The_boy_wants_to_be_a_teacher",".mp3",2.688],-1],0,0,[],[],[]],[["0,9729,9729,33071,33071,0,0,1",-1],[0],0,[],[],[]],[["0,9729,9729,33071,33071,0,0,1",-1],[0],0,[],[],[]],[[[0,"They_will_go_swimming",".mp3",1.968],-1],0,0,[],[],[]],[["0,9729,9729,33071,33071,0,0,1",-1],[0],0,[],[],[]],[[[0,"He_wants_to_buy_mangoes",".mp3",2.52],-1],0,0,[],[],[]],[[[0,"The_girl_wants_to_have_a_bicycle",".mp3",2.928],-1],0,0,[],[],[]],[[[0,"He_will_clean_the_house",".mp3",2.232],-1],0,0,[],[],[]],[["0,9729,9729,33071,33071,0,0,1",-1],[0],0,[],[],[]],[[{"name":"l16_theywillswimming","rect":[0,0,868,689],"offset":[0,0],"originalSize":[868,689],"capInsets":[0,0,0,0]}],[1],0,[0],[0],[5]],[[{"name":"l16_theywantbananas","rect":[0,0,868,689],"offset":[0,0],"originalSize":[868,689],"capInsets":[0,0,0,0]}],[1],0,[0],[0],[6]],[[[0,"They_want_to_buy_bananas",".mp3",2.52],-1],0,0,[],[],[]],[[{"name":"l16_hewantsteacher","rect":[0,0,868,689],"offset":[0,0],"originalSize":[868,689],"capInsets":[0,0,0,0]}],[1],0,[0],[0],[7]],[[[0,"He_will_play_football",".mp3",1.992],-1],0,0,[],[],[]],[[{"name":"l16_shewantsbananas","rect":[0,0,868,689],"offset":[0,0],"originalSize":[868,689],"capInsets":[0,0,0,0]}],[1],0,[0],[0],[8]],[["0,9729,9729,33071,33071,0,0,1",-1],[0],0,[],[],[]],[[{"name":"l16_girlwantsairplane","rect":[0,0,868,689],"offset":[0,0],"originalSize":[868,689],"capInsets":[0,0,0,0]}],[1],0,[0],[0],[9]],[["0,9729,9729,33071,33071,0,0,1",-1],[0],0,[],[],[]],[["0,9729,9729,33071,33071,0,0,1",-1],[0],0,[],[],[]],[[[0,"They_have_to_clean_their_house",".mp3",2.592],-1],0,0,[],[],[]],[[{"name":"l16_girlwantbicycle","rect":[0,0,868,689],"offset":[0,0],"originalSize":[868,689],"capInsets":[0,0,0,0]}],[1],0,[0],[0],[10]],[["0,9729,9729,33071,33071,0,0,1",-1],[0],0,[],[],[]],[[[0,"She_will_buy_some_bananas",".mp3",2.712],-1],0,0,[],[],[]],[["0,9729,9729,33071,33071,0,0,1",-1],[0],0,[],[],[]],[[[0,"They_will_go_hiking",".mp3",1.944],-1],0,0,[],[],[]],[[[0,"The_girl_wants_to_take_an_airplane",".mp3",3.192],-1],0,0,[],[],[]],[["0,9729,9729,33071,33071,0,0,1",-1],[0],0,[],[],[]],[[[1,"en2604",{"rows":[["fillblank","1","Description","She will [buy] some bananas.","She_will_buy_some_bananas.mp3","like","need","want","15"],["fillblank","1","Description","They have to [clean] their house.","They_have_to_clean_their_house.mp3","eat","make","cry","15"],["picturemeaning","1","Description","S","He will play football.","l16_hewillfootball.png","He_will_play_football.mp3","He will clean the house.","l16_hecleanhouse.png","He_will_clean_the_house.mp3","He will drink milk.","l16_hedrinkmilk.png","He_will_drink_milk.mp3"],["picturemeaning","1","Description","S","They will go swimming.","l16_theywillswimming.png","They_will_go_swimming.mp3","They will go fishing.","l16_theywilfising.png","They_will_go_fishing.mp3","They will go hiking.","l16_theywillhiking.png","They_will_go_hiking.mp3"],["picturemeaning","1","Description","S","The boy wants to be a doctor.","l16_hewantsdoctor.png","The_boy_wants_to_be_a_doctor.mp3","The boy wants to be a teacher.","l16_hewantsteacher.png","The_boy_wants_to_be_a_teacher.mp3","The girl wants to be a doctor.","l16_girlwantsdoctor.png","The_girl_wants_to_be_a_doctor.mp3"],["picturemeaning","1","Description","P","They want to buy bananas.","l16_theywantbananas.png","They_want_to_buy_bananas.mp3","He wants to buy mangoes.","l16_hewantsmangoes.png","He_wants_to_buy_mangoes.mp3","She wants to buy bananas.","l16_shewantsbananas.png","She_wants_to_buy_bananas.mp3"],["picturemeaning","1","Description","P","The girl wants to go to bed.","l16_girlwantsbed.png","The_girl_wants_to_go_to_bed.mp3","The girl wants to take an airplane.","l16_girlwantsairplane.png","The_girl_wants_to_take_an_airplane.mp3","The girl wants to have a bicycle.","l16_girlwantbicycle.png","The_girl_wants_to_have_a_bicycle.mp3"],["quizliteracy","1","Description","image_sentence","He will play football.","This is not a carrot.","He will play football.","He will drink milk.","l16_hewillfootball.png","","He_will_play_football.mp3"],["quizliteracy","1","Description","image_sentence","They want to buy bananas.","He wants to buy mangoes.","They will go fishing.","They want to buy bananas.","l16_theywantbananas.png","","They_want_to_buy_bananas.mp3"],["quizliteracy","1","Description","image_sentence","The girl wants to go to bed.","The girl wants to go to bed.","The girl wants to take an airplane.","The girl wants to have a bicycle.","l16_girlwantsbed.png","","The_girl_wants_to_go_to_bed.mp3"],["quizliteracy","1","Description","sentence_sentence","buy","sing","buy","run","","She will ___ some bananas.","She_will_buy_some_bananas.mp3"],["quizliteracy","1","Description","sentence_sentence","clean","cleaning","cleaned","clean","","They have to _______ their house.","They_have_to_clean_their_house.mp3"]]}]],0,0,[],[],[]],[[{"name":"l16_theywillhiking","rect":[0,0,868,689],"offset":[0,0],"originalSize":[868,689],"capInsets":[0,0,0,0]}],[1],0,[0],[0],[11]],[[[0,"She_wants_to_buy_bananas",".mp3",2.688],-1],0,0,[],[],[]],[[[0,"The_girl_wants_to_go_to_bed",".mp3",2.664],-1],0,0,[],[],[]],[[[0,"The_girl_wants_to_be_a_doctor",".mp3",2.712],-1],0,0,[],[],[]],[[{"name":"l16_hewillfootball","rect":[0,0,868,689],"offset":[0,0],"originalSize":[868,689],"capInsets":[0,0,0,0]}],[1],0,[0],[0],[12]],[["0,9729,9729,33071,33071,0,0,1",-1],[0],0,[],[],[]],[[{"name":"l16_hewantsdoctor","rect":[0,0,868,689],"offset":[0,0],"originalSize":[868,689],"capInsets":[0,0,0,0]}],[1],0,[0],[0],[13]],[["0,9729,9729,33071,33071,0,0,1",-1],[0],0,[],[],[]],[[{"name":"l16_girlwantsdoctor","rect":[0,0,868,689],"offset":[0,0],"originalSize":[868,689],"capInsets":[0,0,0,0]}],[1],0,[0],[0],[14]]]]