[1,["d8tCrz+L1G4qeBQGJrwLmd","4fDO06jQNMK7V6BaIAvbIX","9cmiQeEmJFz55/ikUxqskO"],["_textureSetter"],["cc.SpriteFrame","cc.Texture2D",["cc.AudioClip",["_name","_native","duration"],0],["cc.JsonAsset",["_name","json"],1]],[[2,0,1,2,4],[3,0,1,3]],[[[[0,"टमाटर",".mp3",0.862041],-1],0,0,[],[],[]],[[{"name":"टहनी","rect":[0,0,400,333],"offset":[0,0],"originalSize":[400,333],"capInsets":[0,0,0,0]}],[0],0,[0],[0],[0]],[[[1,"hi0110",{"rows":[["balloonpop","1","Description","2","ट","5","ट","ट.mp3"],["phonictractor","1","Description","5","ट","ट.mp3","ट","ट.mp3"],["writeletter","1","Description","ट","टमाटर"],["writecard","1","Description","ट","टमाटर","टमाटर.png","टमाटर.mp3","टहनी","टहनी.png","टहनी.mp3","टोकरी","टोकरी.png","टोकरी.mp3"],["quizliteracy","1","Description","soundonly_word","ट","प","ट","ऐ","","","ट.mp3"],["quizliteracy","1","Description","word_word","ट","ट","ऐ","प","","ट"],["quizliteracy","1","Description","soundonly_word","ट","इ","प","ट","","","ट.mp3"]]}]],0,0,[],[],[]],[["0,9729,9729,33071,33071,0,0,1",-1],[1],0,[],[],[]],[[[0,"टहनी",".mp3",0.679184],-1],0,0,[],[],[]],[[[0,"टोकरी",".mp3",0.705306],-1],0,0,[],[],[]],[["0,9729,9729,33071,33071,0,0,1",-1],[1],0,[],[],[]],[[{"name":"टमाटर","rect":[0,0,400,333],"offset":[0,0],"originalSize":[400,333],"capInsets":[0,0,0,0]}],[0],0,[0],[0],[1]],[[[0,"ट",".mp3",0.444],-1],0,0,[],[],[]],[["0,9729,9729,33071,33071,0,0,1",-1],[1],0,[],[],[]],[[{"name":"टोकरी","rect":[0,0,400,333],"offset":[0,0],"originalSize":[400,333],"capInsets":[0,0,0,0]}],[0],0,[0],[0],[2]]]]