[1,["76mBXsQeRGA4dRpA4tv7yx","f0Lcagwm5LZqXlHxYb6Agc","b6iE7JV3FDR4xzTsFM4IO4"],["_textureSetter"],["cc.SpriteFrame","cc.Texture2D",["cc.JsonAsset",["_name","json"],1],["cc.AudioClip",["_name","_native","duration"],0]],[[3,0,1,2,4],[2,0,1,3]],[[[[1,"hi0104",{"rows":[["phonictractor","1","Description","5","ङ","ङ.mp3","ङ","ङ.mp3"],["writeletter","1","Description","ङ","पङ्क"],["writecard","1","Description","ङ","पङ्क","पङ्क.png","पङ्क.mp3","पङ्ख","पङ्ख.png","पङ्ख.mp3","गङ्गा","गङ्गा.png","गङ्गा.mp3"],["quizliteracy","1","Description","soundonly_word","ङ","ग","ध","ङ","","","ङ.mp3"],["quizliteracy","1","Description","word_word","ङ","ग","ङ","ध","","ङ"],["quizliteracy","1","Description","soundonly_word","ङ","ङ","ध","ग","","","ङ.mp3"]]}]],0,0,[],[],[]],[[[0,"पङ्क",".mp3",0.470204],-1],0,0,[],[],[]],[[{"name":"पङ्ख","rect":[0,0,460,463],"offset":[0,0],"originalSize":[460,463],"capInsets":[0,0,0,0]}],[0],0,[0],[0],[0]],[[{"name":"पङ्क","rect":[0,114,400,106],"offset":[0,-0.5],"originalSize":[400,333],"capInsets":[0,0,0,0]}],[0],0,[0],[0],[1]],[[{"name":"गङ्गा","rect":[0,0,195,259],"offset":[0,0],"originalSize":[195,259],"capInsets":[0,0,0,0]}],[0],0,[0],[0],[2]],[["0,9729,9729,33071,33071,0,0,1",-1],[1],0,[],[],[]],[[[0,"पङ्ख",".mp3",0.548571],-1],0,0,[],[],[]],[[[0,"ङ",".mp3",0.496327],-1],0,0,[],[],[]],[[[0,"गङ्गा",".mp3",0.705306],-1],0,0,[],[],[]],[["0,9729,9729,33071,33071,0,0,1",-1],[1],0,[],[],[]],[["0,9729,9729,33071,33071,0,0,1",-1],[1],0,[],[],[]]]]