[1,["f5Kq8y5/NHxY8EVuOzQ/x/","d1e5wfeslO5LRK3kfObgPH","75A1675kVE4qiL/1BlAe0X","47VSF/b0pHH5XyIVfVfegK","6bCUKlEHFLer9rJ+UXgOx1","b6oiO5si5OBbmgX4UZaVfq","7152iU/D9KVY2s++Dsxv1D","31e95cyulL4a0S2S+e7syu","aaT4Ao04ROO6SAWCfx6H0H"],["_textureSetter"],["cc.SpriteFrame","cc.Texture2D",["cc.AudioClip",["_name","_native","duration"],0],["cc.JsonAsset",["_name","json"],1]],[[2,0,1,2,4],[3,0,1,3]],[[[[0,"टांग",".mp3",0.574694],-1],0,0,[],[],[]],[[[0,"आँख",".mp3",0.626939],-1],0,0,[],[],[]],[[{"name":"गाँव","rect":[0,0,630,630],"offset":[0,0],"originalSize":[630,630],"capInsets":[0,0,0,0]}],[0],0,[0],[0],[0]],[["0,9729,9729,33071,33071,0,0,1",-1],[1],0,[],[],[]],[[{"name":"पतंग","rect":[0,0,370,273],"offset":[0,0],"originalSize":[370,273],"capInsets":[0,0,0,0]}],[0],0,[0],[0],[1]],[[{"name":"जंगल","rect":[0,0,370,273],"offset":[0,0],"originalSize":[370,273],"capInsets":[0,0,0,0]}],[0],0,[0],[0],[2]],[["0,9729,9729,33071,33071,0,0,1",-1],[1],0,[],[],[]],[[{"name":"चांद1","rect":[0,0,630,630],"offset":[0,0],"originalSize":[630,630],"capInsets":[0,0,0,0]}],[0],0,[0],[0],[3]],[[[0,"साँप",".mp3",0.914286],-1],0,0,[],[],[]],[[[1,"hi0810",{"rows":[["rocket","1","Description","टांग","टां,ग","टां,ग","टांग.mp3","टांग.png","false ","false "],["rocket","1","Description","चाँद","चाँ,द","चाँ,द","चांद.mp3","चांद1.png","false ","false "],["rocket","1","Description","गाँव","गाँ,व","गाँ,व","गाँव.mp3","गाँव.png","false ","false "],["rocket","1","Description","आँख","आँ,ख","आँ,ख","आँख.mp3","आँख.png","false ","false "],["rocket","1","Description","दाँत","दाँ,त","दाँ,त","दाँत.mp3","दाँत.png","false ","false "],["rocket","1","Description","साँप","साँ,प","साँ,प","साँप.mp3","साँप.png","false ","false "],["spelldoor","1","Description","पतंग","प*ग","2","1","पतंग.png","पतंग.mp3"],["spelldoor","1","Description","जंगल","*गल","2","1","जंगल.png","जंगल.mp3"],["quizliteracy","1","Description","soundonly_word","टांग","चांद","टांग","दाँत","","","टांग.mp3"],["quizliteracy","1","Description","image_word","चांद","टांग","दाँत","चांद","चांद.png"],["quizliteracy","1","Description","soundonly_word","दाँत","दाँत","चांद","टांग","","","दाँत.mp3"]]}]],0,0,[],[],[]],[[{"name":"टांग","rect":[0,0,630,630],"offset":[0,0],"originalSize":[630,630],"capInsets":[0,0,0,0]}],[0],0,[0],[0],[4]],[["0,9729,9729,33071,33071,0,0,1",-1],[1],0,[],[],[]],[["0,9729,9729,33071,33071,0,0,1",-1],[1],0,[],[],[]],[["0,9729,9729,33071,33071,0,0,1",-1],[1],0,[],[],[]],[[{"name":"आँख","rect":[0,0,630,630],"offset":[0,0],"originalSize":[630,630],"capInsets":[0,0,0,0]}],[0],0,[0],[0],[5]],[[{"name":"चांद","rect":[0,0,271,271],"offset":[0,0],"originalSize":[271,271],"capInsets":[0,0,0,0]}],[0],0,[0],[0],[6]],[[[0,"गाँव",".mp3",0.757551],-1],0,0,[],[],[]],[[[0,"चांद",".mp3",0.940408],-1],0,0,[],[],[]],[[[0,"पतंग",".mp3",0.626939],-1],0,0,[],[],[]],[["0,9729,9729,33071,33071,0,0,1",-1],[1],0,[],[],[]],[[[0,"जंगल",".mp3",0.809796],-1],0,0,[],[],[]],[[{"name":"साँप","rect":[0,0,630,630],"offset":[0,0],"originalSize":[630,630],"capInsets":[0,0,0,0]}],[0],0,[0],[0],[7]],[["0,9729,9729,33071,33071,0,0,1",-1],[1],0,[],[],[]],[[[0,"दाँत",".mp3",0.600816],-1],0,0,[],[],[]],[["0,9729,9729,33071,33071,0,0,1",-1],[1],0,[],[],[]],[[{"name":"दाँत","rect":[0,0,630,630],"offset":[0,0],"originalSize":[630,630],"capInsets":[0,0,0,0]}],[0],0,[0],[0],[8]],[["0,9729,9729,33071,33071,0,0,1",-1],[1],0,[],[],[]]]]