[1,["36WDCGf01JC6Iqptiigb9/","6dAmBV7DpPUp1/NCtrK25O","6eV3Y/McxPIZ4hmcTyWVuC"],["_textureSetter"],["cc.SpriteFrame","cc.Texture2D",["cc.JsonAsset",["_name","json"],1],["cc.AudioClip",["_name","_native","duration"],0]],[[3,0,1,2,4],[2,0,1,3]],[[[{"name":"सेब","rect":[0,0,400,333],"offset":[0,0],"originalSize":[400,333],"capInsets":[0,0,0,0]}],[0],0,[0],[0],[0]],[["0,9729,9729,33071,33071,0,0,1",-1],[1],0,[],[],[]],[["0,9729,9729,33071,33071,0,0,1",-1],[1],0,[],[],[]],[["0,9729,9729,33071,33071,0,0,1",-1],[1],0,[],[],[]],[[[1,"hi0131",{"rows":[["phonictractor","1","Description","5","स","स.mp3","स","स.mp3"],["writeletter","1","Description","स","सेब"],["writecard","1","Description","स","सेब","सेब.png","सेब.mp3","समुद्र","समुद्र.png","समुद्र.mp3","संतरा","संतरा.png","संतरा.mp3"],["quizliteracy","1","Description","soundonly_word","स","ष","श","स","","","स.mp3"],["quizliteracy","1","Description","word_word","स","श","स","ष","","स"],["quizliteracy","1","Description","soundonly_word","स","स","ष","श","","","स.mp3"]]}]],0,0,[],[],[]],[[[0,"समुद्र",".mp3",0.914286],-1],0,0,[],[],[]],[[[0,"संतरा",".mp3",0.809796],-1],0,0,[],[],[]],[[{"name":"समुद्र","rect":[0,0,400,333],"offset":[0,0],"originalSize":[400,333],"capInsets":[0,0,0,0]}],[0],0,[0],[0],[1]],[[[0,"सेब",".mp3",0.653061],-1],0,0,[],[],[]],[[{"name":"संतरा","rect":[0,0,400,333],"offset":[0,0],"originalSize":[400,333],"capInsets":[0,0,0,0]}],[0],0,[0],[0],[2]],[[[0,"स",".mp3",0.627],-1],0,0,[],[],[]]]]