[1,["c3/FjhKx1JqpV/tQsItN16","d2/KNu1xVP/qJFBWWTauDH","48qVZqKFpAEIK4QkOFVeGK","0cCVwdG1xFLYCxHh6y+gBV","02XnCqNoFDNpzIU8OSGWFP","05FgBgoRdJHoLRGjd7xWpk","c81a1/iENKZqbOdqGDMQSz"],["_textureSetter"],["cc.Texture2D","cc.SpriteFrame",["cc.AudioClip",["_name","_native","duration"],0],["cc.JsonAsset",["_name","json"],1]],[[2,0,1,2,4],[3,0,1,3]],[[["0,9729,9729,33071,33071,0,0,1",-1],[0],0,[],[],[]],[["0,9729,9729,33071,33071,0,0,1",-1],[0],0,[],[],[]],[[[0,"ಪುಸ್ತಕ",".mp3",0.888],-1],0,0,[],[],[]],[[[0,"ಕುರ್ಸಿ",".mp3",0.768],-1],0,0,[],[],[]],[["0,9729,9729,33071,33071,0,0,1",-1],[0],0,[],[],[]],[[{"name":"ball","rect":[0,0,400,400],"offset":[0,0],"originalSize":[400,400],"capInsets":[0,0,0,0]}],[1],0,[0],[0],[0]],[[{"name":"bucket","rect":[0,0,400,400],"offset":[0,0],"originalSize":[400,400],"capInsets":[0,0,0,0]}],[1],0,[0],[0],[1]],[["0,9729,9729,33071,33071,0,0,1",-1],[0],0,[],[],[]],[[[0,"ಲೇಖನಿ_ಪೆನ್ನು",".mp3",1.296],-1],0,0,[],[],[]],[[[0,"ಲೋಟ",".mp3",0.744],-1],0,0,[],[],[]],[[[0,"ಚೆಂಡು",".mp3",0.816],-1],0,0,[],[],[]],[[[1,"kn2_0800",{"rows":[["openwindow1","1","Description","LEGIT","ಚೆಂಡು","ball.png","pen.png","ಚೆಂಡು.mp3","ಚೆಂಡು"],["openwindow1","1","Description","LEGIT","ಕುರ್ಸಿ","chair.png","book.png","ಕುರ್ಸಿ.mp3","ಕುರ್ಸಿ"],["openwindow1","1","Description","LEGIT","ಬಕೆಟ್/ಬಾಲ್ಡಿ","bucket.png","clock.png","ಬಕೆಟ್ಬಾ_ಲ್ಡಿ.mp3","ಬಕೆಟ್/ಬಾಲ್ಡಿ"],["openwindow1","1","Description","LEGIT","ಲೇಖನಿ/ಪೆನ್ನು","pen.png","glass.png","ಲೇಖನಿ_ಪೆನ್ನು.mp3","ಲೇಖನಿ/ಪೆನ್ನು"],["openwindow1","1","Description","LEGIT","ಪುಸ್ತಕ","book.png","ball.png","ಪುಸ್ತಕ.mp3","ಪುಸ್ತಕ"],["openwindow1","1","Description","LEGIT","ಗಡಿಯಾರ","clock.png","chair.png","ಗಡಿಯಾರ.mp3","ಗಡಿಯಾರ"],["openwindow1","1","Description","LEGIT","ಲೋಟ","glass.png","bucket.png","ಲೋಟ.mp3","ಲೋಟ"],["quizliteracy","1","Description","image_word","ಚೆಂಡು","ಚೆಂಡು","ಕುರ್ಸಿ","ಗಡಿಯಾರ","ball.png"],["quizliteracy","1","Description","image_word","ಪುಸ್ತಕ","ಕುರ್ಸಿ","ಲೋಟ","ಪುಸ್ತಕ","book.png"],["quizliteracy","1","Description","image_word","ಗಡಿಯಾರ","ಪುಸ್ತಕ","ಗಡಿಯಾರ","ಚೆಂಡು","clock.png"]]}]],0,0,[],[],[]],[["0,9729,9729,33071,33071,0,0,1",-1],[0],0,[],[],[]],[[{"name":"book","rect":[0,0,400,400],"offset":[0,0],"originalSize":[400,400],"capInsets":[0,0,0,0]}],[1],0,[0],[0],[2]],[["0,9729,9729,33071,33071,0,0,1",-1],[0],0,[],[],[]],[[{"name":"pen","rect":[0,0,400,400],"offset":[0,0],"originalSize":[400,400],"capInsets":[0,0,0,0]}],[1],0,[0],[0],[3]],[[{"name":"clock","rect":[0,0,400,400],"offset":[0,0],"originalSize":[400,400],"capInsets":[0,0,0,0]}],[1],0,[0],[0],[4]],[["0,9729,9729,33071,33071,0,0,1",-1],[0],0,[],[],[]],[[{"name":"chair","rect":[0,0,400,400],"offset":[0,0],"originalSize":[400,400],"capInsets":[0,0,0,0]}],[1],0,[0],[0],[5]],[[{"name":"glass","rect":[0,0,400,400],"offset":[0,0],"originalSize":[400,400],"capInsets":[0,0,0,0]}],[1],0,[0],[0],[6]],[[[0,"ಗಡಿಯಾರ",".mp3",0.984],-1],0,0,[],[],[]],[[[0,"ಬಕೆಟ್ಬಾ_ಲ್ಡಿ",".mp3",1.32],-1],0,0,[],[],[]]]]