[1,["10W0HV9PdAfaCQEQVO2hvP","bdLWHJ1KJNLZru2o2xBzDq","48+k/Yr/dDa6gO1RDwZxx5"],["_textureSetter"],["cc.Texture2D","cc.SpriteFrame",["cc.JsonAsset",["_name","json"],1],["cc.AudioClip",["_name","_native","duration"],0]],[[3,0,1,2,4],[2,0,1,3]],[[["0,9729,9729,33071,33071,0,0,1",-1],[0],0,[],[],[]],[[{"name":"lotus","rect":[0,0,500,333],"offset":[0,0],"originalSize":[500,333],"capInsets":[0,0,0,0]}],[1],0,[0],[0],[0]],[["0,9729,9729,33071,33071,0,0,1",-1],[0],0,[],[],[]],[[{"name":"goat","rect":[0,0,333,500],"offset":[0,0],"originalSize":[333,500],"capInsets":[0,0,0,0]}],[1],0,[0],[0],[1]],[[{"name":"soldiers","rect":[0,0,500,250],"offset":[0,0],"originalSize":[500,250],"capInsets":[0,0,0,0]}],[1],0,[0],[0],[2]],[[[1,"kn2103",{"rows":[["createsentence","1","Description","ಕೆರೆಯ/ಏರಿಯಾ/ಮೇಲೆ/ಮೇಕೆ/ಇದೆ","","goat.png","ಕೆರೆಯ ಏರಿಯಾ ಮೇಲೆ ಮೇಕೆ ಇದೆ.mp3"],["createsentence","1","Description","ಸೈನಿಕರು/ದೇಶದ/ಗಡಿ/ಕಾಯುವರು","","soldiers.png","ಸೈನಿಕರು ದೇಶದ ಗಡಿ ಕಾಯುವರು.mp3"],["createsentence","1","Description","ನೀರಿಗೆ/ನೈದಿಲೆ/ಶೃಂಗಾರ","","lotus.png","ನೀರಿಗೆ ನೈದಿಲೆ ಶೃಂಗಾರ.mp3"],["quizliteracy","1","Description","image_sentence","ಸೈನಿಕರು ದೇಶದ ಗಡಿ ಕಾಯುವರು","ಸೈನಿಕರು ದೇಶದ ಗಡಿ ಕಾಯುವರು","ಕೆರೆಯ ಏರಿಯಾ ಮೇಲೆ ಮೇಕೆ ಇದೆ","ನೀರಿಗೆ ನೈದಿಲೆ ಶೃಂಗಾರ","soldiers.png","","ಸೈನಿಕರು ದೇಶದ ಗಡಿ ಕಾಯುವರು.mp3"],["quizliteracy","1","Description","sentence_sentence","ನೀರಿಗೆ ನೈದಿಲೆ ಶೃಂಗಾರ","ನೀರಿಗೆ ನೈದಿಲೆ ಶೃಂಗಾರ","ಕೆರೆಯ ಏರಿಯಾ ಮೇಲೆ ಮೇಕೆ ಇದೆ","ಸೈನಿಕರು ದೇಶದ ಗಡಿ ಕಾಯುವರು","","ಸರಿಯಾದದನ್ನು ಆರಿಸಿ","ನೀರಿಗೆ ನೈದಿಲೆ ಶೃಂಗಾರ.mp3"],["quizliteracy","1","Description","soundonly_sentence","ಕೆರೆಯ ಏರಿಯಾ ಮೇಲೆ ಮೇಕೆ ಇದೆ","ನೀರಿಗೆ ನೈದಿಲೆ ಶೃಂಗಾರ","ಸೈನಿಕರು ದೇಶದ ಗಡಿ ಕಾಯುವರು","ಕೆರೆಯ ಏರಿಯಾ ಮೇಲೆ ಮೇಕೆ ಇದೆ","","","ಕೆರೆಯ ಏರಿಯಾ ಮೇಲೆ ಮೇಕೆ ಇದೆ.mp3"]]}]],0,0,[],[],[]],[[[0,"ನೀರಿಗೆ ನೈದಿಲೆ ಶೃಂಗಾರ",".mp3",1.824],-1],0,0,[],[],[]],[[[0,"ಸೈನಿಕರು ದೇಶದ ಗಡಿ ಕಾಯುವರು",".mp3",2.16],-1],0,0,[],[],[]],[["0,9729,9729,33071,33071,0,0,1",-1],[0],0,[],[],[]],[[[0,"ಕೆರೆಯ ಏರಿಯಾ ಮೇಲೆ ಮೇಕೆ ಇದೆ",".mp3",2.256],-1],0,0,[],[],[]]]]