[1,["dc+eImz1pKbLUkmfhgR+gm","8aaJG40FBNB6zDhpAuFiO/","dcIUP2D8RAf4lXRYYno/Fo","3a3BureU1Prp0+wUINTuY0","078yIerTBKLIYKIZrLyOuE","88E46aoMRGAqJLEL61F52D","cecVU9DPZDJZznsY/RHFOO","ee6pL8C1dHCKnmUvG8AEOP","dcK6exAqpAd45rN68GY3xk","78pazUFL5BCoGMpY5SHLtH","7cJsIE+TFErKMTF+0cS4yg","f3br+xMpRKwodjk1qBT/VL","bbv5uEOvlORaSLMhr5huqA","afZtlcRzZO4olyULoOFCk6"],["_textureSetter"],["cc.SpriteFrame","cc.Texture2D",["cc.AudioClip",["_name","_native","duration"],0],["cc.JsonAsset",["_name","json"],1]],[[2,0,1,2,4],[3,0,1,3]],[[[{"name":"night7","rect":[0,0,256,256],"offset":[0,0],"originalSize":[256,256],"capInsets":[0,0,0,0]}],[0],0,[0],[0],[0]],[["0,9729,9729,33071,33071,0,0,1",-1],[1],0,[],[],[]],[[{"name":"day2","rect":[0,0,256,253],"offset":[0,0],"originalSize":[256,253],"capInsets":[0,0,0,0]}],[0],0,[0],[0],[1]],[[{"name":"day4","rect":[0,0,256,256],"offset":[0,0],"originalSize":[256,256],"capInsets":[0,0,0,0]}],[0],0,[0],[0],[2]],[["0,9729,9729,33071,33071,0,0,1",-1],[1],0,[],[],[]],[[{"name":"night5","rect":[0,0,256,171],"offset":[0,0],"originalSize":[256,171],"capInsets":[0,0,0,0]}],[0],0,[0],[0],[3]],[[{"name":"day3","rect":[0,0,256,256],"offset":[0,0],"originalSize":[256,256],"capInsets":[0,0,0,0]}],[0],0,[0],[0],[4]],[[{"name":"night2","rect":[0,0,256,226],"offset":[0,0],"originalSize":[256,226],"capInsets":[0,0,0,0]}],[0],0,[0],[0],[5]],[["0,9729,9729,33071,33071,0,0,1",-1],[1],0,[],[],[]],[[[0,"day",".mp3",0.600816],-1],0,0,[],[],[]],[[{"name":"night4","rect":[0,0,227,256],"offset":[0,0],"originalSize":[227,256],"capInsets":[0,0,0,0]}],[0],0,[0],[0],[6]],[["0,9729,9729,33071,33071,0,0,1",-1],[1],0,[],[],[]],[["0,9729,9729,33071,33071,0,0,1",-1],[1],0,[],[],[]],[["0,9729,9729,33071,33071,0,0,1",-1],[1],0,[],[],[]],[[[0,"night",".mp3",0.679184],-1],0,0,[],[],[]],[["0,9729,9729,33071,33071,0,0,1",-1],[1],0,[],[],[]],[[{"name":"day1","rect":[0,0,256,256],"offset":[0,0],"originalSize":[256,256],"capInsets":[0,0,0,0]}],[0],0,[0],[0],[7]],[["0,9729,9729,33071,33071,0,0,1",-1],[1],0,[],[],[]],[[{"name":"day6","rect":[0,0,256,145],"offset":[0,0],"originalSize":[256,145],"capInsets":[0,0,0,0]}],[0],0,[0],[0],[8]],[[{"name":"night1","rect":[0,0,256,196],"offset":[0,0],"originalSize":[256,196],"capInsets":[0,0,0,0]}],[0],0,[0],[0],[9]],[["0,9729,9729,33071,33071,0,0,1",-1],[1],0,[],[],[]],[[{"name":"day5","rect":[0,0,256,171],"offset":[0,0],"originalSize":[256,171],"capInsets":[0,0,0,0]}],[0],0,[0],[0],[10]],[["0,9729,9729,33071,33071,0,0,1",-1],[1],0,[],[],[]],[["0,9729,9729,33071,33071,0,0,1",-1],[1],0,[],[],[]],[["0,9729,9729,33071,33071,0,0,1",-1],[1],0,[],[],[]],[[{"name":"day7","rect":[0,0,256,181],"offset":[0,0],"originalSize":[256,181],"capInsets":[0,0,0,0]}],[0],0,[0],[0],[11]],[[{"name":"night3","rect":[0,0,256,190],"offset":[0,0],"originalSize":[256,190],"capInsets":[0,0,0,0]}],[0],0,[0],[0],[12]],[[{"name":"night6","rect":[0,0,256,256],"offset":[0,0],"originalSize":[256,256],"capInsets":[0,0,0,0]}],[0],0,[0],[0],[13]],[["0,9729,9729,33071,33071,0,0,1",-1],[1],0,[],[],[]],[["0,9729,9729,33071,33071,0,0,1",-1],[1],0,[],[],[]],[[[1,"sl_en3620",{"rows":[["openwindow1","1","Description","LEGIT","day","day1.png","night1.png","day.mp3","abcdefghijklmnopqrstuvwxyz"],["openwindow1","1","Description","LEGIT","night","night1.png","day1.png","night.mp3","abcdefghijklmnopqrstuvwxyz"],["openwindow1","1","Description","LEGIT","night","night2.png","day2.png","night.mp3","abcdefghijklmnopqrstuvwxyz"],["openwindow1","1","Description","LEGIT","day","day3.png","night3.png","day.mp3","abcdefghijklmnopqrstuvwxyz"],["openwindow1","1","Description","LEGIT","night","night4.png","day4.png","night.mp3","abcdefghijklmnopqrstuvwxyz"],["openwindow1","1","Description","LEGIT","day","day5.png","night5.png","day.mp3","abcdefghijklmnopqrstuvwxyz"],["openwindow1","1","Description","LEGIT","day","day6.png","night6.png","day.mp3","abcdefghijklmnopqrstuvwxyz"],["openwindow1","1","Description","LEGIT","night","night7.png","day7.png","night.mp3","abcdefghijklmnopqrstuvwxyz"],["quizliteracy","1","Description","soundonly_image","day1.png","day1.png","night6.png","night2.png","","","day.mp3"],["quizliteracy","1","Description","soundonly_image","night2.png","day3.png","night2.png","day5.png","","","night.mp3"],["quizliteracy","1","Description","soundonly_image","day6.png","night5.png","day6.png","night1.png","","","day.mp3"]]}]],0,0,[],[],[]]]]