[1,["d7JwkHlYVApZ73xU2TQqj+","3eYFHl5WxBgJlvX7GLvmHw","d8g8hiHqtAP5nRxTuMEzHH","2djeLHVjlJn40Xmx4luEIf","f9y7dPPUBPM7hxqea7ksN6","60mNKV4gdGpL4Ex5eGL74+","e1OyBjrs9DrLXMCcbJXzV9","1cxGI1UO1MPq4KvKSqy2Mp"],["_textureSetter"],["cc.Texture2D","cc.SpriteFrame",["cc.AudioClip",["_name","_native","duration"],0],["cc.JsonAsset",["_name","json"],1]],[[2,0,1,2,4],[3,0,1,3]],[[[[0,"ज्ञानेशमामाला_साखरेसारखा_गोड_फणस_आवडतो",".mp3",4.04898],-1],0,0,[],[],[]],[["0,9729,9729,33071,33071,0,0,1",-1],[0],0,[],[],[]],[["0,9729,9729,33071,33071,0,0,1",-1],[0],0,[],[],[]],[[{"name":"sugarcane","rect":[0,0,640,480],"offset":[0,0],"originalSize":[640,480],"capInsets":[0,0,0,0]}],[1],0,[0],[0],[0]],[["0,9729,9729,33071,33071,0,0,1",-1],[0],0,[],[],[]],[["0,9729,9729,33071,33071,0,0,1",-1],[0],0,[],[],[]],[[[0,"सायंकाळी_आकाशात_पक्षी_उडतात",".mp3",2.899592],-1],0,0,[],[],[]],[[[0,"शेजारची_समीक्षा_मातीची-दिवा_तयार_करते",".mp3",3.474286],-1],0,0,[],[],[]],[[{"name":"diya","rect":[20,130,603,481],"offset":[2,-50.5],"originalSize":[639,640],"capInsets":[0,0,0,0]}],[1],0,[0],[0],[1]],[[{"name":"paperboat","rect":[0,0,640,425],"offset":[0,0],"originalSize":[640,425],"capInsets":[0,0,0,0]}],[1],0,[0],[0],[2]],[[[0,"टेकडीवर_मोर_थुई_थुई-नाचू_लागला",".mp3",2.821224],-1],0,0,[],[],[]],[[{"name":"cloud","rect":[0,0,640,480],"offset":[0,0],"originalSize":[640,480],"capInsets":[0,0,0,0]}],[1],0,[0],[0],[3]],[[{"name":"greens","rect":[0,0,640,428],"offset":[0,0],"originalSize":[640,428],"capInsets":[0,0,0,0]}],[1],0,[0],[0],[4]],[[{"name":"jackfruit","rect":[0,0,640,460],"offset":[0,0],"originalSize":[640,460],"capInsets":[0,0,0,0]}],[1],0,[0],[0],[5]],[[{"name":"birds","rect":[0,0,640,427],"offset":[0,0],"originalSize":[640,427],"capInsets":[0,0,0,0]}],[1],0,[0],[0],[6]],[[[0,"आई_भाकरी_करते_शेजारची_छाया_भाजी_निवडायला_मदत_करते",".mp3",5.355102],-1],0,0,[],[],[]],[[{"name":"peacock","rect":[0,0,640,424],"offset":[0,0],"originalSize":[640,424],"capInsets":[0,0,0,0]}],[1],0,[0],[0],[7]],[["0,9729,9729,33071,33071,0,0,1",-1],[0],0,[],[],[]],[["0,9729,9729,33071,33071,0,0,1",-1],[0],0,[],[],[]],[["0,9729,9729,33071,33071,0,0,1",-1],[0],0,[],[],[]],[[[0,"दादाने_पाहिले,_आकाशात_ढग_आल",".mp3",3.448163],-1],0,0,[],[],[]],[[[0,"ऊस_पासून_साखर_तयार_होते",".mp3",2.429388],-1],0,0,[],[],[]],[[[1,"mr2502",{"rows":[["createsentence","1","Description","दादाने/पाहिले,/आकाशात/ढग /आल","","cloud.png","दादाने_पाहिले,_आकाशात_ढग_आल.mp3"],["createsentence","1","Description","टेकडीवर/मोर/थुई/थुई/नाचू/लागला","","peacock.png","टेकडीवर_मोर_थुई_थुई-नाचू_लागला.mp3"],["createsentence","1","Description","ऊस/पासून/साखर/तयार/होते.","","sugarcane.png","ऊस_पासून_साखर_तयार_होते.mp3"],["createsentence","1","Description","ज्ञानेशमामाला/साखरेसारखा/गोड/फणस/आवडतो.","","jackfruit.png","ज्ञानेशमामाला_साखरेसारखा_गोड_फणस_आवडतो.mp3"],["createsentence","1","Description","आई/भाकरी/करते/शेजारची/छाया/भाजी/निवडायला/मदत/करते.","","greens.png","आई_भाकरी_करते_शेजारची_छाया_भाजी_निवडायला_मदत_करते.mp3"],["createsentence","1","Description","शेजारची/समीक्षा/मातीची/दिवा/तयार/करते.","","diya.png","शेजारची_समीक्षा_मातीची-दिवा_तयार_करते.mp3"],["createsentence","1","Description","अनिता/कागदाची/होडी/तयार/करते","","paperboat.png","अनिता_कागदाची_होडी_तयार_करते.mp3"],["createsentence","1","Description","सायंकाळी/आकाशात/पक्षी/उडतात","","birds.png","सायंकाळी_आकाशात_पक्षी_उडतात.mp3"],["quizliteracy","1","Description","soundonly_sentence","दादाने पाहिले, आकाशात ढग आल","अनिता कागदाची होडी तयार करते","ऊस पासून साखर तयार होते.","दादाने पाहिले, आकाशात ढग आल","","","दादाने_पाहिले,_आकाशात_ढग_आल.mp3"],["quizliteracy","1","Description","soundonly_sentence","ऊस पासून साखर तयार होते.","ऊस पासून साखर तयार होते.","दादाने पाहिले, आकाशात ढग आल","अनिता कागदाची होडी तयार करते","","","ऊस_पासून_साखर_तयार_होते.mp3"],["quizliteracy","1","Description","soundonly_sentence","अनिता कागदाची होडी तयार करते","दादाने पाहिले, आकाशात ढग आल","अनिता कागदाची होडी तयार करते","ऊस पासून साखर तयार होते.","","","अनिता_कागदाची_होडी_तयार_करते.mp3"]]}]],0,0,[],[],[]],[[[0,"अनिता_कागदाची_होडी_तयार_करते",".mp3",2.56],-1],0,0,[],[],[]],[["0,9729,9729,33071,33071,0,0,1",-1],[0],0,[],[],[]]]]