[1,["7fWTVRi1BFup9WdQWuWRNC","35j1nf7LVHooo5mjARBnEz","deX/6PK6JDDJmGzZLjA+iP"],["_textureSetter"],["cc.Texture2D","cc.SpriteFrame",["cc.AudioClip",["_name","_native","duration"],0],["cc.JsonAsset",["_name","json"],1]],[[2,0,1,2,4],[3,0,1,3]],[[[[0,"n",".mp3",0.84],-1],0,0,[],[],[]],[[[0,"net",".mp3",1.008],-1],0,0,[],[],[]],[["0,9729,9729,33071,33071,0,0,1",-1],[0],0,[],[],[]],[[{"name":"nest","rect":[0,0,400,333],"offset":[0,0],"originalSize":[400,333],"capInsets":[0,0,0,0]}],[1],0,[0],[0],[0]],[[[1,"en0201",{"rows":[["balloonpop","1","Description","2","n","5","n,k,m,l","n.mp3"],["writeletter","1","Description","n","-"],["writecard","1","Description","n","nut","nut.png","nut.mp3","net","net.png","net.mp3","nest","nest.png","nest.mp3"],["quizliteracy","1","Description","soundonly_word","n","n","m","l","","","n.mp3"],["quizliteracy","1","Description","word_word","n","n","w","m","","n"],["quizliteracy","1","Description","soundonly_word","n","n","h","f","","","n.mp3"]]}]],0,0,[],[],[]],[[{"name":"nut","rect":[0,0,500,500],"offset":[0,0],"originalSize":[500,500],"capInsets":[0,0,0,0]}],[1],0,[0],[0],[1]],[[[0,"nest",".mp3",1.128],-1],0,0,[],[],[]],[["0,9729,9729,33071,33071,0,0,1",-1],[0],0,[],[],[]],[[{"name":"net","rect":[0,0,400,333],"offset":[0,0],"originalSize":[400,333],"capInsets":[0,0,0,0]}],[1],0,[0],[0],[2]],[["0,9729,9729,33071,33071,0,0,1",-1],[0],0,[],[],[]],[[[0,"nut",".mp3",0.96],-1],0,0,[],[],[]]]]