[1,["feyII1WKhIOLxO/sWn0WFV","8ce2hXYfZPdoHvptSO9lB6","43qWJKItBBFrayTg9s6azJ"],["_textureSetter"],["cc.SpriteFrame","cc.Texture2D",["cc.AudioClip",["_name","_native","duration"],0],["cc.JsonAsset",["_name","json"],1]],[[2,0,1,2,4],[3,0,1,3]],[[[[0,"ಕತೆ",".mp3",0.648],-1],0,0,[],[],[]],[[[0,"ನೇ",".mp3",0.528],-1],0,0,[],[],[]],[[[0,"ಭಾಗವಿಹಿಸು",".mp3",1.128],-1],0,0,[],[],[]],[[[0,"ತಾ",".mp3",0.528],-1],0,0,[],[],[]],[[{"name":"poem","rect":[0,0,800,533],"offset":[0,0],"originalSize":[800,533],"capInsets":[0,0,0,0]}],[0],0,[0],[0],[0]],[[{"name":"story","rect":[0,0,800,534],"offset":[0,0],"originalSize":[800,534],"capInsets":[0,0,0,0]}],[0],0,[0],[0],[1]],[[[0,"ಓದು",".mp3",0.672],-1],0,0,[],[],[]],[[[0,"ಳು",".mp3",0.528],-1],0,0,[],[],[]],[["0,9729,9729,33071,33071,0,0,1",-1],[1],0,[],[],[]],[[[0,"ಮರಳು",".mp3",0.696],-1],0,0,[],[],[]],[[{"name":"read","rect":[0,0,500,261],"offset":[0,0],"originalSize":[500,261],"capInsets":[0,0,0,0]}],[0],0,[0],[0],[2]],[[[0,"ರ",".mp3",0.48],-1],0,0,[],[],[]],[[[0,"ಕವಿತೆ",".mp3",0.744],-1],0,0,[],[],[]],[["0,9729,9729,33071,33071,0,0,1",-1],[1],0,[],[],[]],[[[0,"ಭಾಗ",".mp3",0.72],-1],0,0,[],[],[]],[[[0,"ವಿಹಿ",".mp3",0.648],-1],0,0,[],[],[]],[[[0,"ಮ",".mp3",0.48],-1],0,0,[],[],[]],[[[0,"ನೇತಾರ",".mp3",0.84],-1],0,0,[],[],[]],[[[0,"ಸು",".mp3",0.624],-1],0,0,[],[],[]],[["0,9729,9729,33071,33071,0,0,1",-1],[1],0,[],[],[]],[[[1,"kn2504",{"rows":[["spelldoor","1","Description","ಕತೆ","*ತೆ","0","0","story.png","ಕತೆ.mp3"],["phonictractor","1","Description","4","ಭಾಗವಿಹಿಸು","ಭಾಗವಿಹಿಸು.mp3","ಭಾಗ","ಭಾಗ.mp3","ವಿಹಿ","ವಿಹಿ.mp3","ಸು","ಸು.mp3"],["phonictractor","1","Description","4","ಮರಳು","ಮರಳು.mp3","ಮ","ಮ.mp3","ರ","ರ.mp3","ಳು","ಳು.mp3"],["spelldoor","1","Description","ಕವಿತೆ","***","0","0","poem.png","ಕವಿತೆ.mp3"],["rocket","1","Description","ಓದು","ಓ,ದು","ಓ,ದು","ಓದು.mp3","read.png","False","False"],["phonictractor","1","Description","4","ನೇತಾರ","ನೇತಾರ.mp3","ನೇ","ನೇ.mp3","ತಾ","ತಾ.mp3","ರ","ರ.mp3"],["quizliteracy","1","Description","image_word","ಕತೆ","ಕವಿತೆ","ಮರಳು","ಕತೆ","story.png","","ಕತೆ.mp3"],["quizliteracy","1","Description","soundonly_word","ಮರಳು","ಮರಳು","ಕತೆ","ಕವಿತೆ","","","ಮರಳು.mp3"],["quizliteracy","1","Description","word_word","ದು","ಮು","ದು","ರು","","ಓ__","ಓದು.mp3"]]}]],0,0,[],[],[]]]]