[1,["4dMf843uJLWoKI1wEzQJcr","d8gGRDYGhHcoy43hpd30Q0","d40AGbtGdE96A0GsHbll9u","63+K55UlFJSqopey0nr7Uf","41ApKeRSBC6b7YWyV1vsCN","5f2AEgT/5Jt58yl0OArRPo","9cxusiP3hCh4tDClLHmXii"],["_textureSetter"],["cc.SpriteFrame","cc.Texture2D",["cc.AudioClip",["_name","_native","duration"],0],["cc.JsonAsset",["_name","json"],1]],[[2,0,1,2,4],[3,0,1,3]],[[[[0,"dad",".mp3",0.600816],-1],0,0,[],[],[]],[[[0,"bone",".mp3",0.600816],-1],0,0,[],[],[]],[[[0,"rat",".mp3",0.757551],-1],0,0,[],[],[]],[[{"name":"spelling_dad","rect":[0,0,370,273],"offset":[0,0],"originalSize":[370,273],"capInsets":[0,0,0,0]}],[0],0,[0],[0],[0]],[["0,9729,9729,33071,33071,0,0,1",-1],[1],0,[],[],[]],[[{"name":"spelling_pig","rect":[0,0,1301,1300],"offset":[0,0],"originalSize":[1301,1300],"capInsets":[0,0,0,0]}],[0],0,[0],[0],[1]],[["0,9729,9729,33071,33071,0,0,1",-1],[1],0,[],[],[]],[[{"name":"spelling_bed","rect":[0,0,370,273],"offset":[0,0],"originalSize":[370,273],"capInsets":[0,0,0,0]}],[0],0,[0],[0],[2]],[["0,9729,9729,33071,33071,0,0,1",-1],[1],0,[],[],[]],[["0,9729,9729,33071,33071,0,0,1",-1],[1],0,[],[],[]],[[[0,"pig",".mp3",0.548571],-1],0,0,[],[],[]],[[{"name":"spelling_box","rect":[0,0,370,273],"offset":[0,0],"originalSize":[370,273],"capInsets":[0,0,0,0]}],[0],0,[0],[0],[3]],[[[0,"zero",".mp3",0.835918],-1],0,0,[],[],[]],[[{"name":"spelling_hen","rect":[0,0,370,273],"offset":[0,0],"originalSize":[370,273],"capInsets":[0,0,0,0]}],[0],0,[0],[0],[4]],[[[0,"baby",".mp3",0.653061],-1],0,0,[],[],[]],[[[0,"z_phonic",".mp3",2.115918],-1],0,0,[],[],[]],[[[0,"red",".mp3",0.626939],-1],0,0,[],[],[]],[["0,9729,9729,33071,33071,0,0,1",-1],[1],0,[],[],[]],[[[0,"p_phonic",".mp3",1.567347],-1],0,0,[],[],[]],[[[0,"son",".mp3",0.757551],-1],0,0,[],[],[]],[[[0,"box",".mp3",0.705306],-1],0,0,[],[],[]],[[[0,"s_phonic",".mp3",1.985306],-1],0,0,[],[],[]],[[[0,"bed",".mp3",0.600816],-1],0,0,[],[],[]],[[[0,"hen",".mp3",0.600816],-1],0,0,[],[],[]],[[{"name":"spelling_rat","rect":[0,0,370,273],"offset":[0,0],"originalSize":[370,273],"capInsets":[0,0,0,0]}],[0],0,[0],[0],[5]],[[[0,"salad",".mp3",0.783673],-1],0,0,[],[],[]],[["0,9729,9729,33071,33071,0,0,1",-1],[1],0,[],[],[]],[["0,9729,9729,33071,33071,0,0,1",-1],[1],0,[],[],[]],[[[1,"sl_en0900",{"rows":[["speakingpet","1","Description","b_phonic.mp3","p_phonic.mp3","baby","baby.mp3","A","1","bone","bone.mp3","A","1","pan","pan.mp3","B","1","pink","pink.mp3","B","1"],["spelldoor","1","Description","dad","*ad","1","0","spelling_dad.png","dad.mp3"],["spelldoor","1","Description","bed","*ed","1","0","spelling_bed.png","bed.mp3"],["spelldoor","1","Description","rat","*at","1","0","spelling_rat.png","rat.mp3"],["spelldoor","1","Description","pig","*ig","1","0","spelling_pig.png","pig.mp3"],["spelldoor","1","Description","red","*ed","1","0","spelling_red.png","red.mp3"],["spelldoor","1","Description","hen","*en","1","0","spelling_hen.png","hen.mp3"],["spelldoor","1","Description","box","*ox","1","0","spelling_box.png","box.mp3"],["speakingpet","1","Description","z_phonic.mp3","s_phonic.mp3","zip","zip.mp3","A","1","zero","zero.mp3","A","1","son","son.mp3","B","1","salad","salad.mp3","B","1"],["speakingpet","1","Description","b_phonic.mp3","p_phonic.mp3","baby","baby.mp3","A","1","bone","bone.mp3","A","1","pan","pan.mp3","B","1","pink","pink.mp3","B","1"],["quizliteracy","1","Description","word_word","d","d","e","f","","_ad","dad.mp3"],["quizliteracy","1","Description","word_word","b","b","c","h","","_ed","bed.mp3"],["quizliteracy","1","Description","word_word","r","c","r","b","","_at","rat.mp3"],["quizliteracy","1","Description","word_word","p","n","o","p","","_ig","pig.mp3"],["quizliteracy","1","Description","word_word","h","d","e","h","","_en","hen.mp3"],["quizliteracy","1","Description","word_word","b","d","f","b","","_ox","box.mp3"]]}]],0,0,[],[],[]],[[[0,"pan",".mp3",0.783673],-1],0,0,[],[],[]],[[[0,"zip",".mp3",0.626939],-1],0,0,[],[],[]],[[[0,"b_phonic",".mp3",1.985306],-1],0,0,[],[],[]],[[[0,"pink",".mp3",0.574694],-1],0,0,[],[],[]],[[{"name":"spelling_red","rect":[0,0,370,273],"offset":[0,0],"originalSize":[370,273],"capInsets":[0,0,0,0]}],[0],0,[0],[0],[6]]]]