[1,["38Jwk5lDxLfolXAJPkn4U7","d62N/16NpF0YXtonLT5t7+","aaYTJiKFxGhKb/l4fZdDGn"],["_textureSetter"],["cc.Texture2D","cc.SpriteFrame",["cc.AudioClip",["_name","_native","duration"],0],["cc.JsonAsset",["_name","json"],1]],[[2,0,1,2,4],[3,0,1,3]],[[["0,9729,9729,33071,33071,0,0,1",-1],[0],0,[],[],[]],[[[0,"ण",".mp3",0.418],-1],0,0,[],[],[]],[[[0,"उपकरण",".mp3",0.862041],-1],0,0,[],[],[]],[[[1,"hi0114",{"rows":[["phonictractor","1","Description","5","ण","ण.mp3","ण","ण.mp3"],["writeletter","1","Description","ण","ब्राह्मण"],["writecard","1","Description","ण","ब्राह्मण","ब्राह्मण.png","ब्राह्मण.mp3","उपकरण","उपकरण.png","उपकरण.mp3","उच्चारण","उच्चारण.png","उच्चारण.mp3"],["quizliteracy","1","Description","soundonly_word","ण","ऐ","ख","ण","","","ण.mp3"],["quizliteracy","1","Description","word_word","ण","ञ","ण","ऐ","","ण"],["quizliteracy","1","Description","soundonly_word","ण","क","ञ","ण","","","ण.mp3"]]}]],0,0,[],[],[]],[[[0,"उच्चारण",".mp3",0.809796],-1],0,0,[],[],[]],[[{"name":"ब्राह्मण","rect":[0,0,400,333],"offset":[0,0],"originalSize":[400,333],"capInsets":[0,0,0,0]}],[1],0,[0],[0],[0]],[[{"name":"उच्चारण","rect":[0,0,225,225],"offset":[0,0],"originalSize":[225,225],"capInsets":[0,0,0,0]}],[1],0,[0],[0],[1]],[["0,9729,9729,33071,33071,0,0,1",-1],[0],0,[],[],[]],[[{"name":"उपकरण","rect":[0,0,450,450],"offset":[0,0],"originalSize":[450,450],"capInsets":[0,0,0,0]}],[1],0,[0],[0],[2]],[["0,9729,9729,33071,33071,0,0,1",-1],[0],0,[],[],[]],[[[0,"ब्राह्मण",".mp3",0.731429],-1],0,0,[],[],[]]]]