[1,["83AXJzxwRKVo3sqwIfgAcB","66Czjby+NBtq7iAL7HIuUF","9asUwJzRtMIIokTCGLdEOa"],["_textureSetter"],["cc.SpriteFrame","cc.Texture2D",["cc.AudioClip",["_name","_native","duration"],0],["cc.JsonAsset",["_name","json"],1]],[[2,0,1,2,4],[3,0,1,3]],[[[{"name":"मेष","rect":[0,0,415,373],"offset":[0,0],"originalSize":[415,373],"capInsets":[0,0,0,0]}],[0],0,[0],[0],[0]],[[[0,"मेष",".mp3",0.679184],-1],0,0,[],[],[]],[["0,9729,9729,33071,33071,0,0,1",-1],[1],0,[],[],[]],[[[0,"षटकोण",".mp3",0.966531],-1],0,0,[],[],[]],[["0,9729,9729,33071,33071,0,0,1",-1],[1],0,[],[],[]],[["0,9729,9729,33071,33071,0,0,1",-1],[1],0,[],[],[]],[[[0,"वृषभ",".mp3",0.809796],-1],0,0,[],[],[]],[[[1,"hi0130",{"rows":[["phonictractor","1","Description","5","ष","ष.mp3","ष","ष.mp3"],["writeletter","1","Description","ष","षटकोण"],["writecard","1","Description","ष","षटकोण","षटकोण.png","षटकोण.mp3","वृषभ","वृषभ.png","वृषभ.mp3","मेष","मेष.png","मेष.mp3"],["quizliteracy","1","Description","soundonly_word","ष","ष","श","र","","","ष.mp3"],["quizliteracy","1","Description","word_word","ष","प","र","ष","","ष"],["quizliteracy","1","Description","soundonly_word","ष","र","ष","श","","","ष.mp3"]]}]],0,0,[],[],[]],[[[0,"ष",".mp3",0.522449],-1],0,0,[],[],[]],[[{"name":"षटकोण","rect":[19,11,374,313],"offset":[6,-1],"originalSize":[400,333],"capInsets":[0,0,0,0]}],[0],0,[0],[0],[1]],[[{"name":"वृषभ","rect":[0,0,332,333],"offset":[-0.5,0],"originalSize":[333,333],"capInsets":[0,0,0,0]}],[0],0,[0],[0],[2]]]]