[1,["06x3KVQvhKvZ5yPj5yHT1R","42dXFpIFNLq4+fYj6PtOSS","b9C+5wmk9JFobVBGvH2g3y","16ts1GAeFBjr/uKvuVpfvu"],["_textureSetter"],["cc.SpriteFrame","cc.Texture2D",["cc.AudioClip",["_name","_native","duration"],0],["cc.JsonAsset",["_name","json"],1]],[[2,0,1,2,4],[3,0,1,3]],[[[{"name":"Thesnakemovesslowly","rect":[0,0,1073,514],"offset":[0,0],"originalSize":[1073,514],"capInsets":[0,0,0,0]}],[0],0,[0],[0],[0]],[["1,9729,9729,33071,33071,0,0,1",-1],[1],0,[],[],[]],[["0,9729,9729,33071,33071,0,0,1",-1],[1],0,[],[],[]],[[{"name":"The_treegrowstall","rect":[0,0,1073,780],"offset":[0,0],"originalSize":[1073,780],"capInsets":[0,0,0,0]}],[0],0,[0],[0],[1]],[[[0,"The_ball_is_red",".mp3",1.968],-1],0,0,[],[],[]],[["1,9729,9729,33071,33071,0,0,1",-1],[1],0,[],[],[]],[[[0,"The_tree_is_beautiful",".mp3",2.256],-1],0,0,[],[],[]],[[[0,"I_am_happy",".mp3",1.416],-1],0,0,[],[],[]],[[{"name":"It_is_a_red_ball","rect":[97,0,606,799],"offset":[0,0.5],"originalSize":[800,800],"capInsets":[0,0,0,0]}],[0],0,[0],[0],[2]],[[[0,"The_snake_is_long",".mp3",2.088],-1],0,0,[],[],[]],[["0,9729,9729,33071,33071,0,0,1",-1],[1],0,[],[],[]],[[{"name":"the_girl_has_a_purple_dress","rect":[0,0,676,732],"offset":[0,0],"originalSize":[676,732],"capInsets":[0,0,0,0]}],[0],0,[0],[0],[3]],[[[1,"en3103",{"rows":[["createsentence","1","Description","The snake/is/long","furry","Thesnakemovesslowly.jpg","The_snake_is_long.mp3"],["createsentence","1","Description","I/am/happy","sad","the_girl_has_a_purple_dress.png","I_am_happy.mp3"],["createsentence","1","Description","The tree/is/beautiful","dry","The_treegrowstall.jpg","The_tree_is_beautiful.mp3"],["createsentence","1","Description","The ball/is/red","yellow","It_is_a_red_ball.png","The_ball_is_red.mp3"],["quizliteracy","1","Description","image_sentence","The snake is long. ","The snake is short. ","The snake is long. ","The snake is furry. ","Thesnakemovesslowly.jpg","","The_snake_is_long.mp3"],["quizliteracy","1","Description","image_sentence","I am happy.","I am happy.","I am sad.","I am angry.","the_girl_has_a_purple_dress.png","","I_am_happy.mp3"],["quizliteracy","1","Description","image_sentence","The tree is beautiful.","The tree is dry. ","The tree is short. ","The tree is beautiful.","The_treegrowstall.jpg",""]]}]],0,0,[],[],[]]]]