[1,["67/feqKf5NT53WXKNiWLy5","d7zirBaz1LE4reWgTOfl1D","0bqhRKuiBFgor3+Vh3Qi2n"],["_textureSetter"],["cc.SpriteFrame","cc.Texture2D",["cc.AudioClip",["_name","_native","duration"],0],["cc.JsonAsset",["_name","json"],1]],[[2,0,1,2,4],[3,0,1,3]],[[[{"name":"worm","rect":[0,0,512,299],"offset":[0,0],"originalSize":[512,299],"capInsets":[0,0,0,0]}],[0],0,[0],[0],[0]],[["0,9729,9729,33071,33071,0,0,1",-1],[1],0,[],[],[]],[[{"name":"wing","rect":[0,0,309,163],"offset":[0,0],"originalSize":[309,163],"capInsets":[0,0,0,0]}],[0],0,[0],[0],[1]],[[[0,"worm",".mp3",0.757551],-1],0,0,[],[],[]],[[[0,"wing",".mp3",0.835918],-1],0,0,[],[],[]],[[[0,"w",".mp3",0.705306],-1],0,0,[],[],[]],[["0,9729,9729,33071,33071,0,0,1",-1],[1],0,[],[],[]],[[[1,"sl_en0403",{"rows":[["balloonpop","1","Description","2","w","5","w,v,u","w.mp3"],["writeletter","1","Description","w","-"],["writecard","1","Description","w","worm","worm.png","worm.mp3","water","water.png","water.mp3","wing","wing.png","wing.mp3"],["quizliteracy","1","Description","soundonly_word","w","v","d","w","","","w.mp3"],["quizliteracy","1","Description","word_word","w","w","u","y","","w"],["quizliteracy","1","Description","soundonly_word","w","s","n","w","","","w.mp3"]]}]],0,0,[],[],[]],[["0,9729,9729,33071,33071,0,0,1",-1],[1],0,[],[],[]],[[[0,"water",".mp3",0.809796],-1],0,0,[],[],[]],[[{"name":"water","rect":[0,0,400,333],"offset":[0,0],"originalSize":[400,333],"capInsets":[0,0,0,0]}],[0],0,[0],[0],[2]]]]