[1,["c04ODpe8dAVKNPCwpWqNBT","d9owxz/YdB8qGSrQXtWOAT","0aEFL3rSpGcZPa9HJqkwN8"],["_textureSetter"],["cc.Texture2D","cc.SpriteFrame",["cc.AudioClip",["_name","_native","duration"],0],["cc.JsonAsset",["_name","json"],1]],[[2,0,1,2,4],[3,0,1,3]],[[["0,9729,9729,33071,33071,0,0,1",-1],[0],0,[],[],[]],[[{"name":"frog","rect":[0,0,400,333],"offset":[0,0],"originalSize":[400,333],"capInsets":[0,0,0,0]}],[1],0,[0],[0],[0]],[[[0,"frog",".mp3",1.128],-1],0,0,[],[],[]],[[[0,"f",".mp3",0.84],-1],0,0,[],[],[]],[[[0,"fan",".mp3",0.912],-1],0,0,[],[],[]],[[[1,"en0005",{"rows":[["balloonpop","1","Description","2","f","5","f,e,d","f.mp3"],["writeletter","1","Description","f","-"],["writecard","1","Description","f","fan","fan.png","fan.mp3","frog","frog.png","frog.mp3","fish","fish1.png","fish.mp3"],["quizliteracy","1","Description","soundonly_word","f","g","f","q","","","f.mp3"],["quizliteracy","1","Description","word_word","f","h","f","q","","f"],["quizliteracy","1","Description","soundonly_word","f","b","f","h","","","f.mp3"]]}]],0,0,[],[],[]],[[[0,"fish",".mp3",0.936],-1],0,0,[],[],[]],[[{"name":"fan","rect":[0,0,500,423],"offset":[0,0],"originalSize":[500,423],"capInsets":[0,0,0,0]}],[1],0,[0],[0],[1]],[["0,9729,9729,33071,33071,0,0,1",-1],[0],0,[],[],[]],[[{"name":"fish1","rect":[15,18,370,297],"offset":[0,0],"originalSize":[400,333],"capInsets":[0,0,0,0]}],[1],0,[0],[0],[2]],[["0,9729,9729,33071,33071,0,0,1",-1],[0],0,[],[],[]]]]