[1,["fb6WiZ8xxCjpQjn9ETagfN","05ni8Pi2JDipl/01mW5zB8"],["_textureSetter"],["cc.Texture2D","cc.SpriteFrame",["cc.AudioClip",["_name","_native","duration"],0],["cc.JsonAsset",["_name","json"],1]],[[2,0,1,2,4],[3,0,1,3]],[[["0,9729,9729,33071,33071,0,0,1",-1],[0],0,[],[],[]],[[[0,"8 o'clock",".mp3",1.018776],-1],0,0,[],[],[]],[[{"name":"l7_hecandrive","rect":[0,0,868,689],"offset":[0,0],"originalSize":[868,689],"capInsets":[0,0,0,0]}],[1],0,[0],[0],[0]],[[[0,"2 o'clock",".mp3",1.07102],-1],0,0,[],[],[]],[[[0,"10 o'clock",".mp3",1.149388],-1],0,0,[],[],[]],[[[0,"7 o'clock",".mp3",1.07102],-1],0,0,[],[],[]],[[[0,"4 o'clock",".mp3",1.07102],-1],0,0,[],[],[]],[[[0,"5 o'clock",".mp3",0.940408],-1],0,0,[],[],[]],[[{"name":"l5_shirtdirty","rect":[0,0,868,689],"offset":[0,0],"originalSize":[868,689],"capInsets":[0,0,0,0]}],[1],0,[0],[0],[1]],[["0,9729,9729,33071,33071,0,0,1",-1],[0],0,[],[],[]],[[[1,"sl_en3618",{"rows":[["openwindow1","1","Description","LEGIT","2 o'clock","2 o'clock.png","8 o'clock.png","2 o'clock.mp3","abcdefghijklmnopqrstuvwxyz"],["openwindow1","1","Description","LEGIT","10 o'clock","10 o'clock.png","11 o'clock.png","10 o'clock.mp3","abcdefghijklmnopqrstuvwxyz"],["openwindow1","1","Description","LEGIT","3 o'clock","3 o'clock.png","1 o'clock.png","3 o'clock.mp3","abcdefghijklmnopqrstuvwxyz"],["openwindow1","1","Description","LEGIT","7 o'clock","7 o'clock.png","5 o'clock.png","7 o'clock.mp3","abcdefghijklmnopqrstuvwxyz"],["openwindow1","1","Description","LEGIT","8 o'clock","8 o'clock.png","9 o'clock.png","8 o'clock.mp3","abcdefghijklmnopqrstuvwxyz"],["openwindow1","1","Description","LEGIT","6 o'clock","6 o'clock.png","7 o'clock.png","6 o'clock.mp3","abcdefghijklmnopqrstuvwxyz"],["openwindow1","1","Description","LEGIT","5 o'clock","5 o'clock.png","7 o'clock.png","5 o'clock.mp3","abcdefghijklmnopqrstuvwxyz"],["openwindow1","1","Description","LEGIT","4 o'clock","3 o'clock.png","2 o'clock.png","4 o'clock.mp3","abcdefghijklmnopqrstuvwxyz"],["quizliteracy","1","Description","image_sentence","2 o'clock","2 o'clock","6 o'clock","3 o'clock","l7_hecandrive.png","","2 o'clock.mp3"],["quizliteracy","1","Description","soundonly_image","7 o'clock.png","5 o'clock.png","7 o'clock.png","10 o'clock.png","","","7 o'clock.mp3"],["quizliteracy","1","Description","image_sentence","3 o'clock","6 o'clock","2 o'clock","3 o'clock","l5_shirtdirty.png","","3 o'clock.mp3"]]}]],0,0,[],[],[]]]]