[1,["ef6XwumLJFPakcYU2gkQKG","778CBhUY5J6oBlJV8Upd3e","a4LwgEYCtK7peLhY7NUJYz","0d+PwGH9BPQ4qgjiuTpGEb","34uK0R8StP2bxsw2SVXUeK","70J+Zj7yFGaZV2Xb7+XLx7","fb6WiZ8xxCjpQjn9ETagfN","1cggUN7h5Ja4D8T4rJAdGK","b6RzRvVodCA7Njxl/adMbM","29d/UGak9HQr17jcX/Eklk","136/OT8RFLUrpaeVO8izYS","952QprAVxM8aNCb1rxhKhP","9bRLqhaERI/YNvqfWj5khL","4bq85+NLBGzYg7x4hWLREk","83wtbGC/9JF4qx2T3lFqpk","bc+BxZHoBICp3tzDHwfARi","b0i49RxwdO8Z/8ZRpzLrd0","1fH2sU5gRJgLJgWAu71I8u","09AAH16blJbq+e8/zq8q8c","c8hpGCjchDLqHmo0m2ijJP","011V1pwMlPi6ru8oh+s6Er","05ni8Pi2JDipl/01mW5zB8","04lt7XXKhLjZHYYwQ+e2mS","1c9KvgtrBFKoTHuepKWWKD","2fyQtYH2FO8pPfX47q8Fza"],["_textureSetter"],["cc.Texture2D","cc.SpriteFrame",["cc.AudioClip",["_name","_native","duration"],0],["cc.JsonAsset",["_name","json"],1]],[[2,0,1,2,4],[3,0,1,3]],[[["0,9729,9729,33071,33071,0,0,1",-1],[0],0,[],[],[]],[[{"name":"11 o_clock ","rect":[0,0,1350,1334],"offset":[0,0],"originalSize":[1350,1334],"capInsets":[0,0,0,0]}],[1],0,[0],[0],[0]],[["0,9729,9729,33071,33071,0,0,1",-1],[0],0,[],[],[]],[["0,9729,9729,33071,33071,0,0,1",-1],[0],0,[],[],[]],[["0,9729,9729,33071,33071,0,0,1",-1],[0],0,[],[],[]],[["0,9729,9729,33071,33071,0,0,1",-1],[0],0,[],[],[]],[["0,9729,9729,33071,33071,0,0,1",-1],[0],0,[],[],[]],[["0,9729,9729,33071,33071,0,0,1",-1],[0],0,[],[],[]],[["0,9729,9729,33071,33071,0,0,1",-1],[0],0,[],[],[]],[["0,9729,9729,33071,33071,0,0,1",-1],[0],0,[],[],[]],[[{"name":"1 o'clock","rect":[0,0,256,253],"offset":[0,0],"originalSize":[256,253],"capInsets":[0,0,0,0]}],[1],0,[0],[0],[1]],[[{"name":"10 o_clock ","rect":[0,0,1350,1334],"offset":[0,0],"originalSize":[1350,1334],"capInsets":[0,0,0,0]}],[1],0,[0],[0],[2]],[["0,9729,9729,33071,33071,0,0,1",-1],[0],0,[],[],[]],[[[0,"8 o'clock",".mp3",1.018776],-1],0,0,[],[],[]],[["0,9729,9729,33071,33071,0,0,1",-1],[0],0,[],[],[]],[[{"name":"7 o_clock ","rect":[0,0,1350,1334],"offset":[0,0],"originalSize":[1350,1334],"capInsets":[0,0,0,0]}],[1],0,[0],[0],[3]],[["0,9729,9729,33071,33071,0,0,1",-1],[0],0,[],[],[]],[[{"name":"6 o_clock ","rect":[0,0,1350,1334],"offset":[0,0],"originalSize":[1350,1334],"capInsets":[0,0,0,0]}],[1],0,[0],[0],[4]],[[{"name":"2 o'clock","rect":[0,0,256,253],"offset":[0,0],"originalSize":[256,253],"capInsets":[0,0,0,0]}],[1],0,[0],[0],[5]],[[{"name":"l7_hecandrive","rect":[0,0,868,689],"offset":[0,0],"originalSize":[868,689],"capInsets":[0,0,0,0]}],[1],0,[0],[0],[6]],[[{"name":"2 o_clock ","rect":[0,0,1350,1334],"offset":[0,0],"originalSize":[1350,1334],"capInsets":[0,0,0,0]}],[1],0,[0],[0],[7]],[[{"name":"9 o'clock","rect":[0,0,256,253],"offset":[0,0],"originalSize":[256,253],"capInsets":[0,0,0,0]}],[1],0,[0],[0],[8]],[["0,9729,9729,33071,33071,0,0,1",-1],[0],0,[],[],[]],[[{"name":"8 o'clock","rect":[0,0,256,253],"offset":[0,0],"originalSize":[256,253],"capInsets":[0,0,0,0]}],[1],0,[0],[0],[9]],[[{"name":"5 o'clock","rect":[0,0,256,253],"offset":[0,0],"originalSize":[256,253],"capInsets":[0,0,0,0]}],[1],0,[0],[0],[10]],[[{"name":"4 o_clock ","rect":[0,0,1350,1334],"offset":[0,0],"originalSize":[1350,1334],"capInsets":[0,0,0,0]}],[1],0,[0],[0],[11]],[[{"name":"1 o_clock","rect":[0,0,1350,1334],"offset":[0,0],"originalSize":[1350,1334],"capInsets":[0,0,0,0]}],[1],0,[0],[0],[12]],[[[1,"sl_en3618",{"rows":[["openwindow1","1","Description","LEGIT","2 o'clock","2 o'clock.png","8 o'clock.png","2 o'clock.mp3","abcdefghijklmnopqrstuvwxyz"],["openwindow1","1","Description","LEGIT","10 o'clock","10 o'clock.png","11 o'clock.png","10 o'clock.mp3","abcdefghijklmnopqrstuvwxyz"],["openwindow1","1","Description","LEGIT","3 o'clock","3 o'clock.png","1 o'clock.png","3 o'clock.mp3","abcdefghijklmnopqrstuvwxyz"],["openwindow1","1","Description","LEGIT","7 o'clock","7 o'clock.png","5 o'clock.png","7 o'clock.mp3","abcdefghijklmnopqrstuvwxyz"],["openwindow1","1","Description","LEGIT","8 o'clock","8 o'clock.png","9 o'clock.png","8 o'clock.mp3","abcdefghijklmnopqrstuvwxyz"],["openwindow1","1","Description","LEGIT","6 o'clock","6 o'clock.png","7 o'clock.png","6 o'clock.mp3","abcdefghijklmnopqrstuvwxyz"],["openwindow1","1","Description","LEGIT","5 o'clock","5 o'clock.png","7 o'clock.png","5 o'clock.mp3","abcdefghijklmnopqrstuvwxyz"],["openwindow1","1","Description","LEGIT","4 o'clock","4 o'clock.png","3 o'clock.png","4 o'clock.mp3","abcdefghijklmnopqrstuvwxyz"],["quizliteracy","1","Description","image_sentence","2 o'clock","2 o'clock","6 o'clock","3 o'clock",".png","2 o'clock","2 o'clock.mp3"],["quizliteracy","1","Description","soundonly_image","7 o'clock.png","5 o'clock.png","7 o'clock.png","10 o'clock.png","","","7 o'clock.mp3"],["quizliteracy","1","Description","image_sentence","3 o'clock","6 o'clock","2 o'clock","3 o'clock",".png","3 o'clock","3 o'clock.mp3"]]}]],0,0,[],[],[]],[[{"name":"5 o_clock ","rect":[0,0,1350,1334],"offset":[0,0],"originalSize":[1350,1334],"capInsets":[0,0,0,0]}],[1],0,[0],[0],[13]],[[[0,"2 o'clock",".mp3",1.07102],-1],0,0,[],[],[]],[[{"name":"9 o_clock ","rect":[0,0,1350,1334],"offset":[0,0],"originalSize":[1350,1334],"capInsets":[0,0,0,0]}],[1],0,[0],[0],[14]],[["0,9729,9729,33071,33071,0,0,1",-1],[0],0,[],[],[]],[[[0,"10 o'clock",".mp3",1.149388],-1],0,0,[],[],[]],[[[0,"7 o'clock",".mp3",1.07102],-1],0,0,[],[],[]],[["0,9729,9729,33071,33071,0,0,1",-1],[0],0,[],[],[]],[[[0,"6 o'clock",".mp3",0.966531],-1],0,0,[],[],[]],[["0,9729,9729,33071,33071,0,0,1",-1],[0],0,[],[],[]],[[[0,"4 o'clock",".mp3",1.07102],-1],0,0,[],[],[]],[[{"name":"3 o_clock ","rect":[0,0,1350,1334],"offset":[0,0],"originalSize":[1350,1334],"capInsets":[0,0,0,0]}],[1],0,[0],[0],[15]],[["0,9729,9729,33071,33071,0,0,1",-1],[0],0,[],[],[]],[["0,9729,9729,33071,33071,0,0,1",-1],[0],0,[],[],[]],[[{"name":"10 o'clock","rect":[0,0,256,253],"offset":[0,0],"originalSize":[256,253],"capInsets":[0,0,0,0]}],[1],0,[0],[0],[16]],[["0,9729,9729,33071,33071,0,0,1",-1],[0],0,[],[],[]],[["0,9729,9729,33071,33071,0,0,1",-1],[0],0,[],[],[]],[["0,9729,9729,33071,33071,0,0,1",-1],[0],0,[],[],[]],[["0,9729,9729,33071,33071,0,0,1",-1],[0],0,[],[],[]],[[{"name":"6 o'clock","rect":[0,0,256,253],"offset":[0,0],"originalSize":[256,253],"capInsets":[0,0,0,0]}],[1],0,[0],[0],[17]],[[{"name":"8 o_clock ","rect":[0,0,1350,1334],"offset":[0,0],"originalSize":[1350,1334],"capInsets":[0,0,0,0]}],[1],0,[0],[0],[18]],[[[0,"5 o'clock",".mp3",0.940408],-1],0,0,[],[],[]],[["0,9729,9729,33071,33071,0,0,1",-1],[0],0,[],[],[]],[[[0,"3 o'clock",".mp3",1.123265],-1],0,0,[],[],[]],[[{"name":"4 o'clock","rect":[0,0,256,253],"offset":[0,0],"originalSize":[256,253],"capInsets":[0,0,0,0]}],[1],0,[0],[0],[19]],[[{"name":"7 o'clock","rect":[0,0,256,253],"offset":[0,0],"originalSize":[256,253],"capInsets":[0,0,0,0]}],[1],0,[0],[0],[20]],[[{"name":"l5_shirtdirty","rect":[0,0,868,689],"offset":[0,0],"originalSize":[868,689],"capInsets":[0,0,0,0]}],[1],0,[0],[0],[21]],[[{"name":"12 o'clock","rect":[0,0,256,253],"offset":[0,0],"originalSize":[256,253],"capInsets":[0,0,0,0]}],[1],0,[0],[0],[22]],[["0,9729,9729,33071,33071,0,0,1",-1],[0],0,[],[],[]],[[{"name":"3 o'clock","rect":[0,0,256,253],"offset":[0,0],"originalSize":[256,253],"capInsets":[0,0,0,0]}],[1],0,[0],[0],[23]],[["0,9729,9729,33071,33071,0,0,1",-1],[0],0,[],[],[]],[[{"name":"11 o'clock","rect":[0,0,256,253],"offset":[0,0],"originalSize":[256,253],"capInsets":[0,0,0,0]}],[1],0,[0],[0],[24]]]]