[1,["1eZixDnPVJoKeOwrcHBapv","8c6oI9CMFCv5DyULhSFm4W","ceHdtxz9tMd5yCLVihcO3t"],["_textureSetter"],["cc.Texture2D","cc.SpriteFrame",["cc.AudioClip",["_name","_native","duration"],0],["cc.JsonAsset",["_name","json"],1]],[[2,0,1,2,4],[3,0,1,3]],[[[[0,"xylophone",".mp3",1.488],-1],0,0,[],[],[]],[["0,9729,9729,33071,33071,0,0,1",-1],[0],0,[],[],[]],[[[0,"x",".mp3",0.96],-1],0,0,[],[],[]],[[{"name":"xylophone","rect":[0,0,1000,1000],"offset":[0,0],"originalSize":[1000,1000],"capInsets":[0,0,0,0]}],[1],0,[0],[0],[0]],[[{"name":"x_mas","rect":[0,0,960,640],"offset":[0,0],"originalSize":[960,640],"capInsets":[0,0,0,0]}],[1],0,[0],[0],[1]],[[[0,"x-ray",".mp3",1.176],-1],0,0,[],[],[]],[["0,9729,9729,33071,33071,0,0,1",-1],[0],0,[],[],[]],[[[1,"en0304",{"rows":[["balloonpop","1","Description","2","x","5","x,w,v","x.mp3"],["writeletter","1","Description","x","-"],["writecard","1","Description","x","x-ray","x-ray.png","x-ray.mp3","x'mas","x_mas.png","x'mas.mp3","xylophone","xylophone.png","xylophone.mp3"],["quizliteracy","1","Description","soundonly_word","x","x","k","z","","","x.mp3"],["quizliteracy","1","Description","word_word","x","x","q","b","","x"],["quizliteracy","1","Description","soundonly_word","x","m","r","x","","","x.mp3"]]}]],0,0,[],[],[]],[[{"name":"x-ray","rect":[0,0,400,333],"offset":[0,0],"originalSize":[400,333],"capInsets":[0,0,0,0]}],[1],0,[0],[0],[2]],[["0,9729,9729,33071,33071,0,0,1",-1],[0],0,[],[],[]],[[[0,"x'mas",".mp3",1.44],-1],0,0,[],[],[]]]]