[1,["303xs3yGhOU5Rg327hNO+D","15fS0cQONCgJFJ2cZV7qF9","cearBvhEpFR5W/JiGx6Yym","b6ZiHFyYVE3bRHfP4rYHvH","19T06EkuFFbqT2YIbCduCb","b08aqVBYhCEol+Th1PJzhM","70S8Bu3ZdLWZ2iFlZqzFWA","61I0kdpc9CoZ9xSrJw9g9u","4a6azxlq5F7KIW1fp1Aih1","c1ACvIAk1DhonYZG/QVi5a","2alIoST5xIepdDCyUtuSl9","92m6dwl1xKvoWddhtXSqwZ","d2kg1qBSNDzJLxMzbEEucR","dcFzyMh9pCIIHXgOM99z6h","8bKypnGMNNQ7bll13RmMeV"],["_textureSetter"],["cc.SpriteFrame","cc.Texture2D",["cc.AudioClip",["_name","_native","duration"],0],["cc.JsonAsset",["_name","json"],1]],[[2,0,1,2,4],[3,0,1,3]],[[[{"name":"cart","rect":[10,7,615,303],"offset":[-2.5,4],"originalSize":[640,325],"capInsets":[0,0,0,0]}],[0],0,[0],[0],[0]],[[{"name":"carpenter","rect":[0,0,640,359],"offset":[0,0],"originalSize":[640,359],"capInsets":[0,0,0,0]}],[0],0,[0],[0],[1]],[[[0,"गा",".mp3",0.835918],-1],0,0,[],[],[]],[[{"name":"axe","rect":[24,107,592,213],"offset":[0,0],"originalSize":[640,427],"capInsets":[0,0,0,0]}],[0],0,[0],[0],[2]],[[{"name":"pearl","rect":[0,0,640,398],"offset":[0,0],"originalSize":[640,398],"capInsets":[0,0,0,0]}],[0],0,[0],[0],[3]],[["0,9729,9729,33071,33071,0,0,1",-1],[1],0,[],[],[]],[[{"name":"high","rect":[0,0,640,480],"offset":[0,0],"originalSize":[640,480],"capInsets":[0,0,0,0]}],[0],0,[0],[0],[4]],[[[0,"मोगरा",".mp3",0.992653],-1],0,0,[],[],[]],[["0,9729,9729,33071,33071,0,0,1",-1],[1],0,[],[],[]],[[{"name":"sugarcane","rect":[0,0,640,480],"offset":[0,0],"originalSize":[640,480],"capInsets":[0,0,0,0]}],[0],0,[0],[0],[5]],[[[0,"उ",".mp3",0.705306],-1],0,0,[],[],[]],[[{"name":"stone","rect":[0,0,640,480],"offset":[0,0],"originalSize":[640,480],"capInsets":[0,0,0,0]}],[0],0,[0],[0],[6]],[[[0,"दवाखाना",".mp3",1.032],-1],0,0,[],[],[]],[[[0,"मोदक",".mp3",0.84],-1],0,0,[],[],[]],[["0,9729,9729,33071,33071,0,0,1",-1],[1],0,[],[],[]],[[{"name":"mogra","rect":[0,0,640,360],"offset":[0,0],"originalSize":[640,360],"capInsets":[0,0,0,0]}],[0],0,[0],[0],[7]],[[{"name":"door","rect":[0,0,461,615],"offset":[0,0],"originalSize":[461,615],"capInsets":[0,0,0,0]}],[0],0,[0],[0],[8]],[[[0,"मो",".mp3",0.679184],-1],0,0,[],[],[]],[["0,9729,9729,33071,33071,0,0,1",-1],[1],0,[],[],[]],[[{"name":"cold","rect":[0,0,640,425],"offset":[0,0],"originalSize":[640,425],"capInsets":[0,0,0,0]}],[0],0,[0],[0],[9]],[["0,9729,9729,33071,33071,0,0,1",-1],[1],0,[],[],[]],[[[0,"दगड",".mp3",1.044898],-1],0,0,[],[],[]],[[[0,"उंट",".mp3",0.940408],-1],0,0,[],[],[]],[["0,9729,9729,33071,33071,0,0,1",-1],[1],0,[],[],[]],[[[0,"उंदीर",".mp3",0.992653],-1],0,0,[],[],[]],[[{"name":"dispensary","rect":[0,0,640,480],"offset":[0,0],"originalSize":[640,480],"capInsets":[0,0,0,0]}],[0],0,[0],[0],[10]],[["0,9729,9729,33071,33071,0,0,1",-1],[1],0,[],[],[]],[[{"name":"cheek","rect":[0,0,640,400],"offset":[0,0],"originalSize":[640,400],"capInsets":[0,0,0,0]}],[0],0,[0],[0],[11]],[[[0,"द",".mp3",0.809796],-1],0,0,[],[],[]],[[{"name":"modak","rect":[0,0,640,427],"offset":[0,0],"originalSize":[640,427],"capInsets":[0,0,0,0]}],[0],0,[0],[0],[12]],[[[0,"सुतार",".mp3",0.792],-1],0,0,[],[],[]],[[[0,"गाल",".mp3",0.862041],-1],0,0,[],[],[]],[["0,9729,9729,33071,33071,0,0,1",-1],[1],0,[],[],[]],[["0,9729,9729,33071,33071,0,0,1",-1],[1],0,[],[],[]],[[[1,"mr2901",{"rows":[["phonictractor","1","Description","5","उ","उ.mp3","उ","उ.mp3"],["writecard","1","Description","उ","उंदीर","mouse.png","उंदीर.mp3","उंच","high.png","उंच.mp3","उंट","camel.png","उंट.mp3"],["phonictractor","1","Description","5","द","द.mp3","द","द.mp3"],["writecard","1","Description","द","दगड","stone.png","दगड.mp3","दरवाजा","door.png","दरवाजा.mp3","दवाखाना","dispensary.png","दवाखाना.mp3"],["phonictractor","1","Description","5","मो","मो.mp3","मो","मो.mp3"],["writecard","1","Description","म","मोदक","modak.png","मोदक.mp3","मोती","pearl.png","मोती.mp3","मोगरा","mogra.png","मोगरा.mp3"],["phonictractor","1","Description","5","गा","गा.mp3","गा","गा.mp3"],["writecard","1","Description","ग","गारवा","cold.png","गारवा.mp3","गाडी","cart.png","गाडी.mp3","गाल","cheek.png","गाल.mp3"],["phonictractor","1","Description","5","सु","सु.mp3","सु","सु.mp3"],["writecard","1","Description","स","सुगरण","sugarcane.png","सुगरण.mp3","सुगंध","axe.png","सुगंध.mp3","सुतार","carpenter.png","सुतार.mp3"],["quizliteracy","1","Description","soundonly_word","द","गा","द","सु","","","द.mp3"],["quizliteracy","1","Description","soundonly_word","गा","द","सु","गा","","","गा.mp3"],["quizliteracy","1","Description","soundonly_word","सु","सु","गा","द","","","सु.mp3"]]}]],0,0,[],[],[]],[[[0,"गारवा",".mp3",1.097143],-1],0,0,[],[],[]],[[{"name":"camel","rect":[0,0,640,428],"offset":[0,0],"originalSize":[640,428],"capInsets":[0,0,0,0]}],[0],0,[0],[0],[13]],[["0,9729,9729,33071,33071,0,0,1",-1],[1],0,[],[],[]],[["0,9729,9729,33071,33071,0,0,1",-1],[1],0,[],[],[]],[[[0,"सुगरण",".mp3",0.84],-1],0,0,[],[],[]],[[[0,"सु",".mp3",0.888163],-1],0,0,[],[],[]],[["0,9729,9729,33071,33071,0,0,1",-1],[1],0,[],[],[]],[[[0,"सुगंध",".mp3",1.08],-1],0,0,[],[],[]],[["0,9729,9729,33071,33071,0,0,1",-1],[1],0,[],[],[]],[["0,9729,9729,33071,33071,0,0,1",-1],[1],0,[],[],[]],[["0,9729,9729,33071,33071,0,0,1",-1],[1],0,[],[],[]],[[[0,"गाडी",".mp3",0.84],-1],0,0,[],[],[]],[[{"name":"mouse","rect":[0,0,640,425],"offset":[0,0],"originalSize":[640,425],"capInsets":[0,0,0,0]}],[0],0,[0],[0],[14]],[[[0,"दरवाजा",".mp3",0.96],-1],0,0,[],[],[]],[[[0,"उंच",".mp3",0.835918],-1],0,0,[],[],[]]]]