[1,["7b2QBBJ2tFkYAnzHtpokxC","2eU8Rp9fVArJyorBNfTJqm","7b37FX+k9F8pSXX2FWbhG9"],["_textureSetter"],["cc.Texture2D","cc.SpriteFrame",["cc.AudioClip",["_name","_native","duration"],0],["cc.JsonAsset",["_name","json"],1]],[[2,0,1,2,4],[3,0,1,3]],[[[[0,"hat",".mp3",0.679184],-1],0,0,[],[],[]],[[[0,"hen",".mp3",0.600816],-1],0,0,[],[],[]],[["0,9729,9729,33071,33071,0,0,1",-1],[0],0,[],[],[]],[[[1,"sl_en0201",{"rows":[["balloonpop","1","Description","2","h","5","h,f,g","h.mp3"],["writeletter","1","Description","h","-"],["writecard","1","Description","h","hen","hen.png","hen.mp3","hand","hand.png","hand.mp3","hat","hat1.png","hat.mp3"],["quizliteracy","1","Description","soundonly_word","h","h","d","m","","","h.mp3"],["quizliteracy","1","Description","word_word","h","j","t","h","","h"],["quizliteracy","1","Description","soundonly_word","h","b","f","h","","","h.mp3"]]}]],0,0,[],[],[]],[[[0,"h",".mp3",0.653061],-1],0,0,[],[],[]],[["0,9729,9729,33071,33071,0,0,1",-1],[0],0,[],[],[]],[["0,9729,9729,33071,33071,0,0,1",-1],[0],0,[],[],[]],[[[0,"hand",".mp3",0.653061],-1],0,0,[],[],[]],[[{"name":"hand","rect":[0,0,512,366],"offset":[0,0],"originalSize":[512,366],"capInsets":[0,0,0,0]}],[1],0,[0],[0],[0]],[[{"name":"hat1","rect":[0,0,400,333],"offset":[0,0],"originalSize":[400,333],"capInsets":[0,0,0,0]}],[1],0,[0],[0],[1]],[[{"name":"hen","rect":[0,0,512,491],"offset":[0,0],"originalSize":[512,491],"capInsets":[0,0,0,0]}],[1],0,[0],[0],[2]]]]