[1,["544CO7nJhEMII4co/RULXz","2eeVRpLJ9B8425tr7pWMh9","dcd+GgtitFeKJHGPcC7v7B","75gR8RuPFPKrJuZ0IJ+Bla","88ldd0UBdBiZ28NTq1grK9","01gT6ihRhLubqVS2pdSefM","79TLHNNmNAvqJvrtiMlqdV"],["_textureSetter"],["cc.Texture2D","cc.SpriteFrame",["cc.AudioClip",["_name","_native","duration"],0],["cc.JsonAsset",["_name","json"],1]],[[2,0,1,2,4],[3,0,1,3]],[[["0,9729,9729,33071,33071,0,0,1",-1],[0],0,[],[],[]],[[{"name":"I_see_with_my_eyes","rect":[0,0,512,465],"offset":[0,0],"originalSize":[512,465],"capInsets":[0,0,0,0]}],[1],0,[0],[0],[0]],[[[0,"I_see_with_my_eyes",".mp3",2.04],-1],0,0,[],[],[]],[[[0,"I_bite_with_my_teeth",".mp3",2.136],-1],0,0,[],[],[]],[["0,9729,9729,33071,33071,0,0,1",-1],[0],0,[],[],[]],[[{"name":"I_walk_with_my_legs","rect":[0,0,413,512],"offset":[0,0],"originalSize":[413,512],"capInsets":[0,0,0,0]}],[1],0,[0],[0],[1]],[[{"name":"I_bite_with_my_teeth","rect":[0,0,512,270],"offset":[0,0],"originalSize":[512,270],"capInsets":[0,0,0,0]}],[1],0,[0],[0],[2]],[[[0,"I_walk_with_my_legs",".mp3",2.112],-1],0,0,[],[],[]],[["0,9729,9729,33071,33071,0,0,1",-1],[0],0,[],[],[]],[[{"name":"I_write_with_my_hand","rect":[0,0,512,327],"offset":[0,0],"originalSize":[512,327],"capInsets":[0,0,0,0]}],[1],0,[0],[0],[3]],[[[0,"I_hear_with_my_ears",".mp3",2.112],-1],0,0,[],[],[]],[["0,9729,9729,33071,33071,0,0,1",-1],[0],0,[],[],[]],[["0,9729,9729,33071,33071,0,0,1",-1],[0],0,[],[],[]],[["0,9729,9729,33071,33071,0,0,1",-1],[0],0,[],[],[]],[[{"name":"I_hear_with_my_ears","rect":[0,0,512,319],"offset":[0,0],"originalSize":[512,319],"capInsets":[0,0,0,0]}],[1],0,[0],[0],[4]],[[[0,"I_write_with_my_hand",".mp3",2.112],-1],0,0,[],[],[]],[[[0,"I_eat_with_my_mouth",".mp3",2.064],-1],0,0,[],[],[]],[[[0,"I_smell_with_my_nose",".mp3",2.136],-1],0,0,[],[],[]],[[{"name":"I_smell_with_my_nose","rect":[0,0,410,512],"offset":[0,0],"originalSize":[410,512],"capInsets":[0,0,0,0]}],[1],0,[0],[0],[5]],[[{"name":"I_eat_with_my_mouth","rect":[0,0,512,460],"offset":[0,0],"originalSize":[512,460],"capInsets":[0,0,0,0]}],[1],0,[0],[0],[6]],[[[1,"en2411",{"rows":[["createsentence","1","Description","I/see/with/my/eyes.","mouth","I_see_with_my_eyes.png","I_see_with_my_eyes.mp3"],["createsentence","1","Description","I/eat/with/my/mouth.","ears","I_eat_with_my_mouth.png","I_eat_with_my_mouth.mp3"],["createsentence","1","Description","I/walk/with/my/legs.","hands","I_walk_with_my_legs.png","I_walk_with_my_legs.mp3"],["createsentence","1","Description","I/see/with/my/eyes.","fingers","I_see_with_my_eyes.png","I_see_with_my_eyes.mp3"],["createsentence","1","Description","I/hear/with/my/ears.","eyes","I_hear_with_my_ears.png","I_hear_with_my_ears.mp3"],["createsentence","1","Description","I/smell/with/my/nose.","legs","I_smell_with_my_nose.png","I_smell_with_my_nose.mp3"],["createsentence","1","Description","I/write/with/my/hand.","knee","I_write_with_my_hand.png","I_write_with_my_hand.mp3"],["createsentence","1","Description","I/bite/with/my/teeth.","","I_bite_with_my_teeth.png","I_bite_with_my_teeth.mp3"],["quizliteracy","1","Description","sentence_sentence","mouth","eyes","mouth","head","","I eat with my  _____.","I_eat_with_my_mouth.mp3"],["quizliteracy","1","Description","sentence_sentence","nose","fingers","ears","nose","","I smell with my _____.","I_smell_with_my_nose.mp3"],["quizliteracy","1","Description","sentence_sentence","teeth","teeth","nails","hair","","I bite with my _____.","I_bite_with_my_teeth.mp3"]]}]],0,0,[],[],[]],[["0,9729,9729,33071,33071,0,0,1",-1],[0],0,[],[],[]]]]