[1,["dfmk0XjMZMqr5ejDVvrJin","091lTzgulFhbMFhuUgrubG"],["_textureSetter"],["cc.Texture2D","cc.SpriteFrame",["cc.AudioClip",["_name","_native","duration"],0],["cc.JsonAsset",["_name","json"],1]],[[2,0,1,2,4],[3,0,1,3]],[[["0,9729,9729,33071,33071,0,0,1",-1],[0],0,[],[],[]],[[[0,"ಸನ್ಮಾನ",".mp3",0.912],-1],0,0,[],[],[]],[[[0,"ವಾಗ್ಮಿ",".mp3",0.744],-1],0,0,[],[],[]],[[[0,"ನ್ಮಾ",".mp3",0.6],-1],0,0,[],[],[]],[[[0,"ಗ್",".mp3",0.576],-1],0,0,[],[],[]],[[[0,"ವ್ಯಾ",".mp3",0.576],-1],0,0,[],[],[]],[[{"name":"hand","rect":[0,0,400,398],"offset":[0,0],"originalSize":[400,398],"capInsets":[0,0,0,0]}],[1],0,[0],[0],[0]],[[[0,"ಸ್",".mp3",0.624],-1],0,0,[],[],[]],[[[0,"ವಿಖ್ಯಾತ",".mp3",0.888],-1],0,0,[],[],[]],[[[0,"ನ್",".mp3",0.504],-1],0,0,[],[],[]],[[[0,"ಗ್ಮಿ",".mp3",0.672],-1],0,0,[],[],[]],[[[0,"ಮಿ",".mp3",0.504],-1],0,0,[],[],[]],[[[0,"ಮ",".mp3",0.48],-1],0,0,[],[],[]],[[[0,"ಖ್ಯಾ",".mp3",0.6],-1],0,0,[],[],[]],[[[1,"kn2805",{"rows":[["phonictractor","1","Description","6","ಸ್ತ","ಸ್ತ.mp3","ಸ್","ಸ್.mp3","ತ","ತ.mp"],["spelldoor","1","Description","ಹ,ಸ್ತ","**","0","0","hand.png","ಹಸ್ತ.mp3"],["phonictractor","1","Description","6","ನ್ಮಾ","ನ್ಮಾ.mp3","ನ್","ನ್.mp3","ಮಾ","ಮಾ.mp3"],["phonictractor","1","Description","6","ಸನ್ಮಾನ","ಸನ್ಮಾನ.mp3","ಸ","ಸ.mp3","ನ್ಮಾ","ನ್ಮಾ.mp3","ನ","ನ.mp3"],["phonictractor","1","Description","6","ಗ್ಮಿ","ಗ್ಮಿ.mp3","ಗ್","ಗ್.mp3","ಮಿ","ಮಿ.mp3"],["phonictractor","1","Description","6","ವಾಗ್ಮಿ","ವಾಗ್ಮಿ.mp3","ವಾ","ವಾ.mp3","ಗ್ಮಿ","ಗ್ಮಿ.mp3"],["phonictractor","1","Description","6","ಖ್ಯಾ","ಖ್ಯಾ.mp3","ಖ್","ಖ್.mp3","ಯಾ","ಯಾ.mp3"],["phonictractor","1","Description","6","ವಿಖ್ಯಾತ","ವಿಖ್ಯಾತ.mp3","ವಿ","ವಿ.mp3","ಖ್ಯಾ","ಖ್ಯಾ.mp3","ತ","ತ.mp"],["phonictractor","1","Description","6","ವ್ಯಾ","ವ್ಯಾ.mp3","ವ್","ವ್.mp3","ಯಾ","ಯಾ.mp3"],["phonictractor","1","Description","6","ವ್ಯಾಯಾಮ","ವ್ಯಾಯಾಮ.mp3","ವ್ಯಾ","ವ್ಯಾ.mp3","ಯಾ","ಯಾ.mp3","ಮ","ಮ.mp3"],["phonictractor","1","Description","6","ದ್ಯಾ","ದ್ಯಾ.mp3","ದ್","ದ್.mp3","ಯಾ","ಯಾ.mp3"],["spelldoor","1","Description","ಉ,ದ್ಯಾ,ನ","***","0","0","garden.png","ಉದ್ಯಾನ.mp3"],["quizliteracy","1","Description","word_word","ಯಾಮ","ಕುಲ","ಯಾಮ","ಸರ","","ವ್ಯಾ_____","ವ್ಯಾಯಾಮ.mp3"],["quizliteracy","1","Description","soundonly_word","ಸನ್ಮಾನ","ಸನ್ಮಾನ","ವಿಖ್ಯಾತ","ವಾಗ್ಮಿ","","","ಸನ್ಮಾನ.mp3"],["quizliteracy","1","Description","soundonly_word","ವಿಖ್ಯಾತ","ವ್ಯಾಯಾಮ","ಸನ್ಮಾನ","ವಿಖ್ಯಾತ","","","ವಿಖ್ಯಾತ.mp3"]]}]],0,0,[],[],[]],[[{"name":"garden","rect":[0,0,512,341],"offset":[0,0],"originalSize":[512,341],"capInsets":[0,0,0,0]}],[1],0,[0],[0],[1]],[[[0,"ಖ್",".mp3",0.576],-1],0,0,[],[],[]],[[[0,"ದ್",".mp3",0.504],-1],0,0,[],[],[]],[[[0,"ಮಾ",".mp3",0.528],-1],0,0,[],[],[]],[[[0,"ವಿ",".mp3",0.528],-1],0,0,[],[],[]],[[[0,"ಯಾ",".mp3",0.552],-1],0,0,[],[],[]],[[[0,"ನ",".mp3",0.48],-1],0,0,[],[],[]],[[[0,"ಹಸ್ತ",".mp3",0.744],-1],0,0,[],[],[]],[[[0,"ಸ",".mp3",0.576],-1],0,0,[],[],[]],[[[0,"ಉದ್ಯಾನ",".mp3",0.816],-1],0,0,[],[],[]],[[[0,"ವಾ",".mp3",0.528],-1],0,0,[],[],[]],[[[0,"ಸ್ತ",".mp3",0.648],-1],0,0,[],[],[]],[["0,9729,9729,33071,33071,0,0,1",-1],[0],0,[],[],[]],[[[0,"ವ್",".mp3",0.48],-1],0,0,[],[],[]],[[[0,"ದ್ಯಾ",".mp3",0.6],-1],0,0,[],[],[]],[[[0,"ವ್ಯಾಯಾಮ",".mp3",0.864],-1],0,0,[],[],[]]]]