[1,["26eumUwMJPJb6srH52S2Zt"],["_textureSetter"],["cc.Texture2D","cc.SpriteFrame",["cc.AudioClip",["_name","_native","duration"],0],["cc.JsonAsset",["_name","json"],1]],[[2,0,1,2,4],[3,0,1,3]],[[[[0,"drum",".mp3",0.984],-1],0,0,[],[],[]],[["0,9729,9729,33071,33071,0,0,1",-1],[0],0,[],[],[]],[[[0,"sum",".mp3",1.008],-1],0,0,[],[],[]],[[{"name":"drum","rect":[0,0,322,382],"offset":[0,0],"originalSize":[322,382],"capInsets":[0,0,0,0]}],[1],0,[0],[0],[0]],[[[1,"en1505",{"rows":[["grid","1","Description","g","ay,um,ut"],["grid","1","Description","f","ace,ive,ume"],["grid","1","Description","pr,pl","ay,um"],["rocket","1","Description","drum","dr,um","dr,um","drum.mp3","drum.png","false","false"],["grid","1","Description","m","ule,ice,ade"],["grid","1","Description","j,m","ean,ug,ust"],["quizliteracy","1","Description","word_word","um","ub","um","ot","","g__","gum.mp3"],["quizliteracy","1","Description","word_word","um","um","ir","ub","","dr__","drum.mp3"],["quizliteracy","1","Description","word_word","um","op","ub","um","","s__","sum.mp3"]]}]],0,0,[],[],[]],[[[0,"gum",".mp3",0.936],-1],0,0,[],[],[]]]]