[1,["d9c8m3uPtGvILdPIq3VLL8","6dNYJAyGFJ3bLhM76jUwjp","25WXeIXDxCZ46jYtTOgz8a","faGWV2PWRPRIlVy5WdRGZb","bfCysKoYlC3oe4xGFmwDRe","b6rhAV0cdFRquUjHqkoE2q","03/sQ9iXFB/4NP7tIpjvaG","50GvIzZ4tKzb5leMm7rVsm","b3odTTT51O+7IMN0lxaVAF"],["_textureSetter"],["cc.Texture2D","cc.SpriteFrame",["cc.AudioClip",["_name","_native","duration"],0],["cc.JsonAsset",["_name","json"],1]],[[2,0,1,2,4],[3,0,1,3]],[[[[0,"ऊल",".mp3",0.417959],-1],0,0,[],[],[]],[["0,9729,9729,33071,33071,0,0,1",-1],[0],0,[],[],[]],[[[0,"खीरा",".mp3",0.679184],-1],0,0,[],[],[]],[[[0,"चूल",".mp3",0.470204],-1],0,0,[],[],[]],[[[0,"रो",".mp3",0.548571],-1],0,0,[],[],[]],[[[0,"नीली",".mp3",0.757551],-1],0,0,[],[],[]],[[[0,"छडी",".mp3",0.809796],-1],0,0,[],[],[]],[["0,9729,9729,33071,33071,0,0,1",-1],[0],0,[],[],[]],[[[0,"कंघी",".mp3",0.757551],-1],0,0,[],[],[]],[[{"name":"टमाटर","rect":[0,0,193,153],"offset":[0,0],"originalSize":[193,153],"capInsets":[0,0,0,0]}],[1],0,[0],[0],[0]],[[[0,"घंटी",".mp3",0.835918],-1],0,0,[],[],[]],[["0,9729,9729,33071,33071,0,0,1",-1],[0],0,[],[],[]],[[[0,"रोटी",".mp3",0.888163],-1],0,0,[],[],[]],[[[0,"पानी",".mp3",0.862041],-1],0,0,[],[],[]],[["0,9729,9729,33071,33071,0,0,1",-1],[0],0,[],[],[]],[[[0,"झील",".mp3",0.731429],-1],0,0,[],[],[]],[[[0,"घं",".mp3",0.600816],-1],0,0,[],[],[]],[[[0,"धूल",".mp3",0.705306],-1],0,0,[],[],[]],[[{"name":"छडी","rect":[0,0,271,271],"offset":[0,0],"originalSize":[271,271],"capInsets":[0,0,0,0]}],[1],0,[0],[0],[1]],[[{"name":"जीभ","rect":[0,0,370,273],"offset":[0,0],"originalSize":[370,273],"capInsets":[0,0,0,0]}],[1],0,[0],[0],[2]],[[[0,"जीभ",".mp3",0.679184],-1],0,0,[],[],[]],[[{"name":"पानी","rect":[0,0,271,271],"offset":[0,0],"originalSize":[271,271],"capInsets":[0,0,0,0]}],[1],0,[0],[0],[3]],[["0,9729,9729,33071,33071,0,0,1",-1],[0],0,[],[],[]],[[[0,"टी",".mp3",0.496327],-1],0,0,[],[],[]],[["0,9729,9729,33071,33071,0,0,1",-1],[0],0,[],[],[]],[["0,9729,9729,33071,33071,0,0,1",-1],[0],0,[],[],[]],[[[0,"नदी",".mp3",0.731429],-1],0,0,[],[],[]],[[{"name":"नदी","rect":[0,0,370,273],"offset":[0,0],"originalSize":[370,273],"capInsets":[0,0,0,0]}],[1],0,[0],[0],[4]],[[{"name":"झील","rect":[0,0,271,271],"offset":[0,0],"originalSize":[271,271],"capInsets":[0,0,0,0]}],[1],0,[0],[0],[5]],[[{"name":"हवाई_जहाज","rect":[0,0,193,153],"offset":[0,0],"originalSize":[193,153],"capInsets":[0,0,0,0]}],[1],0,[0],[0],[6]],[["0,9729,9729,33071,33071,0,0,1",-1],[0],0,[],[],[]],[[{"name":"खीरा","rect":[0,0,193,153],"offset":[0,0],"originalSize":[193,153],"capInsets":[0,0,0,0]}],[1],0,[0],[0],[7]],[[{"name":"कंघी","rect":[0,0,193,153],"offset":[0,0],"originalSize":[193,153],"capInsets":[0,0,0,0]}],[1],0,[0],[0],[8]],[["0,9729,9729,33071,33071,0,0,1",-1],[0],0,[],[],[]],[[[0,"ईली",".mp3",0.600816],-1],0,0,[],[],[]],[[[1,"hi0603",{"rows":[["spelldoor","1","Description","नदी","न*","1","0","नदी.png","नदी.mp3"],["spelldoor","1","Description","जीभ","*भ","0","1","जीभ.png","जीभ.mp3"],["openwindow","1","Description","LEGIT","खी,रा","खीरा.png","टमाटर.png","खीरा.mp3","ज,ग,न,ल,फ,छा,ता,र,थ,व,न,घ,ट्र,क,घो,ड़ा,हा,थी,आ,म,स"],["openwindow","1","Description","LEGIT","कं,घी","कंघी.png","हवाई_जहाज.png","कंघी.mp3","ज,ग,न,ल,फ,छा,ता,र,थ,व,न,घ,ट्र,क,घो,ड़ा,हा,थी,आ,म,स"],["phonictractor","1","Description","5","घंटी","घंटी.mp3","घं","घं.mp3","टी","टी.mp3"],["phonictractor","1","Description","5","रोटी","रोटी.mp3","रो","रो.mp3","टी","टी.mp3"],["rocket","1","Description","झील","झी,ल","झी,ल","झील.mp3","झील.png","false ","false "],["rocket","1","Description","छड़ी","छ,ड़ी","छ,ड़ी","छडी.mp3","छडी.png","false ","false "],["rocket","1","Description","पानी","पा,नी","पा,नी","पानी.mp3","पानी.png","false ","false "],["speakingpet","1","Description","ईली.mp3","ऊल.mp3","नीली","नीली.mp3","A","2","पीली","पीली.mp3","A","2","धूल","धूल.mp3","B","2","चूल","चूल.mp3","B","2"],["quizliteracy","1","Description","soundonly_word","नदी","नदी","पानी","छड़ी","","","नदी.mp3"],["quizliteracy","1","Description","soundonly_word","छड़ी","पानी","छड़ी","नदी","छडी.mp3"],["quizliteracy","1","Description","soundonly_word","पानी","छड़ी","नदी","पानी","","","पानी.mp3"]]}]],0,0,[],[],[]],[[[0,"पीली",".mp3",0.548571],-1],0,0,[],[],[]]]]