[1,["8eNvnfMWFF6ISQ62oi/qf/","0cOoJvVONDs7xw5waN0Kfc","a2znpBsMZFsadC5j/it2ZJ"],["_textureSetter"],["cc.SpriteFrame","cc.Texture2D",["cc.AudioClip",["_name","_native","duration"],0],["cc.JsonAsset",["_name","json"],1]],[[2,0,1,2,4],[3,0,1,3]],[[[{"name":"कुत्ता","rect":[0,0,271,271],"offset":[0,0],"originalSize":[271,271],"capInsets":[0,0,0,0]}],[0],0,[0],[0],[0]],[["0,9729,9729,33071,33071,0,0,1",-1],[1],0,[],[],[]],[[[0,"कुछ",".mp3",0.548571],-1],0,0,[],[],[]],[[[0,"आं",".mp3",0.496327],-1],0,0,[],[],[]],[[[0,"कुंआ",".mp3",0.626939],-1],0,0,[],[],[]],[[[0,"छ",".mp3",0.653],-1],0,0,[],[],[]],[["0,9729,9729,33071,33071,0,0,1",-1],[1],0,[],[],[]],[["0,9729,9729,33071,33071,0,0,1",-1],[1],0,[],[],[]],[[{"name":"बिल्ली","rect":[0,0,193,153],"offset":[0,0],"originalSize":[193,153],"capInsets":[0,0,0,0]}],[0],0,[0],[0],[1]],[[[0,"कुत्ता",".mp3",0.940408],-1],0,0,[],[],[]],[[{"name":"कुंआ","rect":[108,26,149,222],"offset":[-2.5,-0.5],"originalSize":[370,273],"capInsets":[0,0,0,0]}],[0],0,[0],[0],[2]],[[[0,"कुआं",".mp3",0.705306],-1],0,0,[],[],[]],[[[0,"कु",".mp3",0.444082],-1],0,0,[],[],[]],[[[0,"कुं",".mp3",0.574694],-1],0,0,[],[],[]],[[[1,"hi0907",{"rows":[["phonictractor","1","Description","5","कुआं","कुआं.mp3","कुं","कुं.mp3","आं","आं.mp3"],["openwindow","1","Description","LEGIT","कु,त्ता","कुत्ता.png","बिल्ली.png","कुत्ता.mp3","ज,ग,न,ल,फ,छा,ता,र,थ,व,न,घ,ट्र,क,घो,ड़ा,हा,थी,आ,म,स"],["phonictractor","1","Description","6","कुछ","कुछ.mp3","कु","कु.mp3","छ","छ.mp3"],["rocket","1","Description","कुत्ता","कु,त्ता","कु,त्ता","कुत्ता.mp3","कुत्ता.png","false ","false "],["rocket","1","Description","कुंआ","कुं,आ","कुं,आ","कुंआ.mp3","कुंआ.png","true ","false "],["spelldoor","1","Description","कुंआ","*आ","0","2","कुंआ.png","कुंआ.mp3"],["bubbletype","1","Description","10","6","क का कि की कु कू","","","","","","क का कि की कु कू"],["quizliteracy","1","Description","soundonly_word","कुआं","कुछ","कुत्ता","कुआं","","","कुआं.mp3"],["quizliteracy","1","Description","image_word","कुत्ता","कुत्ता","कुआं","कुछ","कुत्ता.png"],["quizliteracy","1","Description","word_word","कुछ","कुआं","कुछ","कुत्ता","","कुछ"]]}]],0,0,[],[],[]]]]