[1,["7c65/jLZRH7bOR11RnoLnz","8f+TEVJzNMLpzK5FA6HZ1y","30GyigShhLBYwT6MuGIbWS"],["_textureSetter"],["cc.Texture2D","cc.SpriteFrame",["cc.AudioClip",["_name","_native","duration"],0],["cc.JsonAsset",["_name","json"],1]],[[2,0,1,2,4],[3,0,1,3]],[[[[0,"ಮಟಮಟ",".mp3",0.912],-1],0,0,[],[],[]],[[[0,"ಒಂದುಪವಾಸವ",".mp3",1.44],-1],0,0,[],[],[]],[["0,9729,9729,33071,33071,0,0,1",-1],[0],0,[],[],[]],[[{"name":"monkeys","rect":[0,0,400,400],"offset":[0,0],"originalSize":[400,400],"capInsets":[0,0,0,0]}],[1],0,[0],[0],[0]],[[[0,"ಬಾಳೆಹಣ್ಣು",".mp3",1.104],-1],0,0,[],[],[]],[[[0,"ಮಂಗಗಳು_ಕಾಡಿನಲ್ಲಿ_ವಾಸಿಸುತ್ತಿದ್ದವು",".mp3",2.904],-1],0,0,[],[],[]],[[[0,"ಸುಲಿದು",".mp3",0.936],-1],0,0,[],[],[]],[["0,9729,9729,33071,33071,0,0,1",-1],[0],0,[],[],[]],[[[0,"ಬಾಯೊಳಗಿಟ್ಟರೆ",".mp3",1.416],-1],0,0,[],[],[]],[[{"name":"monkey_eat_banana","rect":[0,0,400,400],"offset":[0,0],"originalSize":[400,400],"capInsets":[0,0,0,0]}],[1],0,[0],[0],[1]],[[[0,"ಏನೂ_ತಿನ್ನದೇ_ಮಟಮಟ_ನೋಡುತ_ಇದ್ದವು",".mp3",3.048],-1],0,0,[],[],[]],[["0,9729,9729,33071,33071,0,0,1",-1],[0],0,[],[],[]],[[[1,"kn2_1403",{"rows":[["createsentence","1","Description","ಮಂಗಗಳು/ಕಾಡಿನಲ್ಲಿ/ವಾಸಿಸುತ್ತಿದ್ದವು.","","monkeys.png","ಮಂಗಗಳು_ಕಾಡಿನಲ್ಲಿ_ವಾಸಿಸುತ್ತಿದ್ದವು.mp3"],["createsentence","1","Description","ಮಂಗಗಳು/ಬಾಳೆಯ/ತೋಟಕ್ಕೆ/ಹಾರಿದವು.","","monkeys_banana.png","ಮಂಗಗಳು_ಬಾಳೆಯ_ತೋಟಕ್ಕೆ_ಹಾರಿದವು.mp3"],["createsentence","1","Description","ಮಂಗಗಳು/ಸುಲಿದ/ಬಾಳೆಹಣ್ಣನ್ನು/ಬಾಯೊಳಗೆ/ಇಟ್ಟುಕೊಂಡವು.","","monkey_eat_banana.png","ಮಂಗಗಳು_ಸುಲಿದ_ಬಾಳೆಹಣ್ಣನ್ನು_ಬಾಯೊಳಗೆ_ಇಟ್ಟುಕೊಂಡವು.mp3"],["fillblank","1","Description","ಮರಿಕಪಿ ಬಾಳೆಹಣ್ಣು [ಸುಲಿದು]ಇಡುವ                ಎಂದಿತು.","ಸುಲಿದು.mp3","ಬೇಯಿಸಿ","ಹರಿದು","ಮುರಿದು","15"],["fillblank","1","Description","ಮಂಗಗಳು [ಬಾಳೆಹಣ್ಣು]ನುಂಗಿ ಉಪವಾಸ                           ಮುಗಿಸಿದವು.","ಬಾಳೆಹಣ್ಣು.mp3","ಸೇಬು","ದ್ರಾಕ್ಷಿ","ದಾಳಿಂಬೆ","10"],["fillblank","1","Description","ಮಂಗಗಳೆಲ್ಲವೂ  ಒಟ್ಟಿಗೆ  ಸೇರುತ                        [ಒಂದುಪವಾಸವ] ಮಾಡಿದವು.","ಒಂದುಪವಾಸವ.mp3","ಒಂದಾಟ","ಒಂದೂಟ","ಬಂದುವಾಸ","15"],["fillblank","1","Description","ಏನೂ ತಿನ್ನದೇ [ಮಟಮಟ] ನೋಡುತ ಇದ್ದವು.","ಮಟಮಟ.mp3","ಛಟಛಟ","ವಟವಟ","ಪಟಪಟ","15"],["fillblank","1","Description","ಕೈಯಲ್ಲೇತಕೆ [ಬಾಯೊಳಗಿಟ್ಟರೆ] ಆಗದೆ","ಬಾಯೊಳಗಿಟ್ಟರೆ.mp3","ಕೈಯೊಳಗಿಟ್ಟರೆ","ಚೀಲದಲ್ಲಿಟ್ಟರೆ","ಕೆಳಗಿಟ್ಟರೆ","10"],["quizliteracy","1","Description","sentence_sentence","ಕಾಡಿನಲ್ಲಿ","ನಾಡಿನಲ್ಲಿ","ಕಾಡಿನಲ್ಲಿ","ಪೇಟೆಯಲ್ಲಿ","","ಮಂಗಗಳು _______ ವಾಸಿಸುತ್ತಿದ್ದವು.","ಮಂಗಗಳು_ಕಾಡಿನಲ್ಲಿ_ವಾಸಿಸುತ್ತಿದ್ದವು.mp3"],["quizliteracy","1","Description","sentence_sentence","ಬಾಳೆಯ","ಬಾಳೆಯ","ಸೇಬಿನ","ದ್ರಾಕ್ಷಿಯ","","ಮಂಗಗಳು _______ ತೋಟಕ್ಕೆ ಹಾರಿದವು.","ಮಂಗಗಳು_ಬಾಳೆಯ_ತೋಟಕ್ಕೆ_ಹಾರಿದವು.mp3"],["quizliteracy","1","Description","sentence_sentence","ಮಟಮಟ","ವಟವಟ","ಪಟಪಟ","ಮಟಮಟ","","ಏನೂ ತಿನ್ನದೇ ____ ನೋಡುತ ಇದ್ದವು.","ಏನೂ_ತಿನ್ನದೇ_ಮಟಮಟ_ನೋಡುತ_ಇದ್ದವು.mp3"]]}]],0,0,[],[],[]],[[[0,"ಮಂಗಗಳು_ಸುಲಿದ_ಬಾಳೆಹಣ್ಣನ್ನು_ಬಾಯೊಳಗೆ_ಇಟ್ಟುಕೊಂಡವು",".mp3",4.104],-1],0,0,[],[],[]],[[{"name":"monkeys_banana","rect":[0,0,400,400],"offset":[0,0],"originalSize":[400,400],"capInsets":[0,0,0,0]}],[1],0,[0],[0],[2]],[[[0,"ಮಂಗಗಳು_ಬಾಳೆಯ_ತೋಟಕ್ಕೆ_ಹಾರಿದವು",".mp3",2.88],-1],0,0,[],[],[]]]]