[1,["6cSFNiJWxNg4Y59CO35NOb","a2j/lqWVZJsb5bXXALdQ1y","6aNJlBM/hA8Ijar17WUIRm","54P54VzUlK+5IKfFwWI+5g","57fJK7N8FNA5KCug2qlqfo","cccXhGT2RExbdL7yP3L/8w","79FdSFAltNPag1sY/4mRLU","e8fsLUGjFClLeE3IO3xvDB","e4uJH+RGRE06z9ifhmO+5H","dbKs4bCZNOsLvF8W+lTb1W","29IZCb6OtEZ4WfK3yRpNFs","55K/o2joRIeaiQjBvmWWOy","f85RJRDkFLCYaw7klgk/nX","d2Kc16o9dFBZotKAzd2Xk+","016xrLAUBNAIzGT8irR+ui","c4YdufeHVHbIdoTMtzSep8","dfL00QtclEqLkY4sA16yR7","42k6ikxhBPU5h32oXKvkA7"],["_textureSetter"],["cc.Texture2D","cc.SpriteFrame",["cc.AudioClip",["_name","_native","duration"],0],["cc.JsonAsset",["_name","json"],1]],[[2,0,1,2,4],[3,0,1,3]],[[["0,9729,9729,33071,33071,0,0,1",-1],[0],0,[],[],[]],[[{"name":"l11_shelikespinkhat","rect":[0,0,868,689],"offset":[0,0],"originalSize":[868,689],"capInsets":[0,0,0,0]}],[1],0,[0],[0],[0]],[[{"name":"l11_shelikespinkshoes","rect":[0,0,868,689],"offset":[0,0],"originalSize":[868,689],"capInsets":[0,0,0,0]}],[1],0,[0],[0],[1]],[[{"name":"l11_catshavestripes","rect":[0,0,868,689],"offset":[0,0],"originalSize":[868,689],"capInsets":[0,0,0,0]}],[1],0,[0],[0],[2]],[[[0,"The_zebra_has_stripes",".mp3",2.592],-1],0,0,[],[],[]],[[{"name":"l11_hehasball","rect":[0,20,868,689],"offset":[0,-10],"originalSize":[868,709],"capInsets":[0,0,0,0]}],[1],0,[0],[0],[3]],[["0,9729,9729,33071,33071,0,0,1",-1],[0],0,[],[],[]],[[[0,"The_cats_have_stripes",".mp3",2.472],-1],0,0,[],[],[]],[[{"name":"l5_cloudy","rect":[0,0,868,689],"offset":[0,0],"originalSize":[868,689],"capInsets":[0,0,0,0]}],[1],0,[0],[0],[4]],[[{"name":"l11_cathasstripes","rect":[0,0,868,689],"offset":[0,0],"originalSize":[868,689],"capInsets":[0,0,0,0]}],[1],0,[0],[0],[5]],[[[0,"It_is_sunny",".mp3",1.536],-1],0,0,[],[],[]],[[[0,"The_cat_has_stripes",".mp3",2.328],-1],0,0,[],[],[]],[["0,9729,9729,33071,33071,0,0,1",-1],[0],0,[],[],[]],[[[1,"en2006",{"rows":[["picturemeaning","1","Description","P","It is sunny.","l5_sunny.png","It_is_sunny.mp3","It is cloudy.","l5_cloudy.png","It_is_cloudy.mp3","It is rainy.","l5_rainy.png","It_is_rainy.mp3"],["picturemeaning","1","Description","S","They have mangoes.","l11_theyhavemangoes.png","They_have_mangoes.mp3","They have oranges.","l11_theyhaveoranges.png","They_have_oranges.mp3","They have eggplants.","l11_theyhaveeggplants.png","They_have_eggplants.mp3"],["picturemeaning","1","Description","S","She has a ball.","l11_shehasball.png","She_has_a_ball.mp3","He has a ball.","l11_hehasball.png","He_has_a_ball.mp3","She has a balloon.","l11_shehasballoon.png","She_has_a_balloon.mp3"],["picturemeaning","1","Description","P","She likes the pink shoes.","l11_shelikespinkshoes.png","She_likes_the_pink_shoes.mp3","She likes the yellow shoes.","l11_shelikesyellowshoes.png","She_likes_the_yellow_shoes.mp3","She likes the pink hat.","l11_shelikespinkhat.png","She_likes_the_pink_hat.mp3"],["picturemeaning","1","Description","P","The cat has stripes.","l11_cathasstripes.png","The_cat_has_stripes.mp3","The zebra has stripes.","l11_zebrastripes.png","The_zebra_has_stripes.mp3","The cats have stripes.","l11_catshavestripes.png","The_cats_have_stripes.mp3"],["picturemeaning","1","Description","S","The man has goats.","l14_manhasgoats.png","The_man_has_goats.mp3","The woman has goats.","l14_womanhasgoat.png","The_woman_has_goats.mp3","The man doesn't have goats.","l14_manhasxgoat.png","The_man_doesn't_have_goats.mp3"],["quizliteracy","1","Description","image_sentence","It is sunny.","It is cloudy.","It is sunny.","It is rainy.","l5_sunny.png","","It_is_sunny.mp3"],["quizliteracy","1","Description","image_sentence","They have mangoes.","They have mangoes.","They have oranges.","They have eggplants.","l11_theyhavemangoes.png","","They_have_mangoes.mp3"],["quizliteracy","1","Description","image_sentence","She has a ball.","He has a ball.","She has a balloon.","She has a ball.","l11_shehasball.png","","She_has_a_ball.mp3"],["quizliteracy","1","Description","image_sentence","She likes the pink shoes.","She likes the pink hat.","She likes the yellow shoes.","She likes the pink shoes.","l11_shelikespinkshoes.png","","She_likes_the_pink_shoes.mp3"],["quizliteracy","1","Description","image_sentence","The cat has stripes.","The cat has stripes.","The zebra has stripes.","The cats have stripes.","l11_cathasstripes.png","","The_cat_has_stripes.mp3"]]}]],0,0,[],[],[]],[[{"name":"l11_theyhavemangoes","rect":[0,0,868,689],"offset":[0,0],"originalSize":[868,689],"capInsets":[0,0,0,0]}],[1],0,[0],[0],[6]],[[{"name":"l14_manhasgoats","rect":[0,0,868,689],"offset":[0,0],"originalSize":[868,689],"capInsets":[0,0,0,0]}],[1],0,[0],[0],[7]],[["0,9729,9729,33071,33071,0,0,1",-1],[0],0,[],[],[]],[["0,9729,9729,33071,33071,0,0,1",-1],[0],0,[],[],[]],[["0,9729,9729,33071,33071,0,0,1",-1],[0],0,[],[],[]],[[[0,"It_is_cloudy",".mp3",1.656],-1],0,0,[],[],[]],[[{"name":"l11_zebrastripes","rect":[0,0,868,689],"offset":[0,0],"originalSize":[868,689],"capInsets":[0,0,0,0]}],[1],0,[0],[0],[8]],[["0,9729,9729,33071,33071,0,0,1",-1],[0],0,[],[],[]],[["0,9729,9729,33071,33071,0,0,1",-1],[0],0,[],[],[]],[[{"name":"l14_womanhasgoat","rect":[0,0,868,689],"offset":[0,0],"originalSize":[868,689],"capInsets":[0,0,0,0]}],[1],0,[0],[0],[9]],[[{"name":"l11_shehasballoon","rect":[0,0,868,689],"offset":[0,0],"originalSize":[868,689],"capInsets":[0,0,0,0]}],[1],0,[0],[0],[10]],[["0,9729,9729,33071,33071,0,0,1",-1],[0],0,[],[],[]],[[{"name":"l5_rainy","rect":[0,0,868,689],"offset":[0,0],"originalSize":[868,689],"capInsets":[0,0,0,0]}],[1],0,[0],[0],[11]],[[{"name":"l11_theyhaveoranges","rect":[0,0,868,689],"offset":[0,0],"originalSize":[868,689],"capInsets":[0,0,0,0]}],[1],0,[0],[0],[12]],[[{"name":"l5_sunny","rect":[0,0,868,689],"offset":[0,0],"originalSize":[868,689],"capInsets":[0,0,0,0]}],[1],0,[0],[0],[13]],[[[0,"She_likes_the_pink_hat",".mp3",2.592],-1],0,0,[],[],[]],[[[0,"She_has_a_ball",".mp3",1.632],-1],0,0,[],[],[]],[[{"name":"l14_manhasxgoat","rect":[0,0,868,689],"offset":[0,0],"originalSize":[868,689],"capInsets":[0,0,0,0]}],[1],0,[0],[0],[14]],[[[0,"She_likes_the_pink_shoes",".mp3",2.664],-1],0,0,[],[],[]],[[[0,"The_woman_has_goats",".mp3",2.184],-1],0,0,[],[],[]],[[[0,"He_has_a_ball",".mp3",1.488],-1],0,0,[],[],[]],[["0,9729,9729,33071,33071,0,0,1",-1],[0],0,[],[],[]],[[[0,"It_is_rainy",".mp3",1.584],-1],0,0,[],[],[]],[[[0,"They_have_mangoes",".mp3",1.968],-1],0,0,[],[],[]],[[[0,"She_has_a_balloon",".mp3",1.8],-1],0,0,[],[],[]],[[{"name":"l11_theyhaveeggplants","rect":[0,0,868,689],"offset":[0,0],"originalSize":[868,689],"capInsets":[0,0,0,0]}],[1],0,[0],[0],[15]],[[{"name":"l11_shelikesyellowshoes","rect":[0,0,868,689],"offset":[0,0],"originalSize":[868,689],"capInsets":[0,0,0,0]}],[1],0,[0],[0],[16]],[["0,9729,9729,33071,33071,0,0,1",-1],[0],0,[],[],[]],[["0,9729,9729,33071,33071,0,0,1",-1],[0],0,[],[],[]],[[[0,"They_have_eggplants",".mp3",2.136],-1],0,0,[],[],[]],[["0,9729,9729,33071,33071,0,0,1",-1],[0],0,[],[],[]],[[[0,"She_likes_the_yellow_shoes",".mp3",2.784],-1],0,0,[],[],[]],[["0,9729,9729,33071,33071,0,0,1",-1],[0],0,[],[],[]],[["0,9729,9729,33071,33071,0,0,1",-1],[0],0,[],[],[]],[[{"name":"l11_shehasball","rect":[0,0,868,689],"offset":[0,0],"originalSize":[868,689],"capInsets":[0,0,0,0]}],[1],0,[0],[0],[17]],[[[0,"The_man_doesn't_have_goats",".mp3",2.76],-1],0,0,[],[],[]],[[[0,"The_man_has_goats",".mp3",2.16],-1],0,0,[],[],[]],[["0,9729,9729,33071,33071,0,0,1",-1],[0],0,[],[],[]],[["0,9729,9729,33071,33071,0,0,1",-1],[0],0,[],[],[]],[["0,9729,9729,33071,33071,0,0,1",-1],[0],0,[],[],[]],[[[0,"They_have_oranges",".mp3",1.968],-1],0,0,[],[],[]]]]