[1,["28sFCnCANCiathw2W06rzJ","0cbh9ajSBCqqDoJ/7R11PK","1dsupYzCRJc7YTuyeOOHzn","e1TzTMc/REeZQ2suQ0Pw/h","1cmewBtxtKCpaBitOz+MSi","a7Od1hCFlCc6jHwRChWF9B","fefVjBP7hIAbIvm4mNbKfJ","acAE9GGvBAJrATswiIeEl4","62AqAoR4tHH5pivTFvqRoB","48B1HkTVNJQpj8OBPVyENa"],["_textureSetter"],["cc.Texture2D","cc.SpriteFrame",["cc.JsonAsset",["_name","json"],1],["cc.AudioClip",["_name","_native","duration"],0]],[[3,0,1,2,4],[2,0,1,3]],[[["0,9729,9729,33071,33071,0,0,1",-1],[0],0,[],[],[]],[[[1,"en2409",{"rows":[["openwindow","1","Description","LEGIT","fingers","fingers.png","eyes.png","fingers.mp3","abcdefghijklmnopqrstuvwxyz"],["openwindow","1","Description","LEGIT","toes","toes.png","ears.png","toes.mp3","abcdefghijklmnopqrstuvwxyz"],["openwindow","1","Description","LEGIT","hair","hair.png","nose.png","hair.mp3","abcdefghijklmnopqrstuvwxyz"],["openwindow","1","Description","LEGIT","eyes","eyes.png","cheeks.png","eyes.mp3","abcdefghijklmnopqrstuvwxyz"],["openwindow","1","Description","LEGIT","nose","nose.png","chin.png","nose.mp3","abcdefghijklmnopqrstuvwxyz"],["openwindow","1","Description","LEGIT","cheeks","cheeks.png","ankle.png","cheeks.mp3","abcdefghijklmnopqrstuvwxyz"],["openwindow","1","Description","LEGIT","chin","chin.png","fingers.png","chin.mp3","abcdefghijklmnopqrstuvwxyz"],["openwindow","1","Description","LEGIT","ears","ears.png","toes.png","ears.mp3","abcdefghijklmnopqrstuvwxyz"],["openwindow","1","Description","LEGIT","ankle","ankle.png","hair.png","ankle.mp3","abcdefghijklmnopqrstuvwxyz"],["quizliteracy","1","Description","soundonly_image","hair.png","chin.png","hair.png","fingers.png","","","hair.mp3"],["quizliteracy","1","Description","soundonly_image","cheeks.png","ankle.png","hands.png","cheeks.png","","","cheeks.mp3"],["quizliteracy","1","Description","soundonly_image","ears.png","ears.png","ankle.png","chin.png","","","ears.mp3"]]}]],0,0,[],[],[]],[["0,9729,9729,33071,33071,0,0,1",-1],[0],0,[],[],[]],[["0,9729,9729,33071,33071,0,0,1",-1],[0],0,[],[],[]],[[[0,"cheeks",".mp3",1.08],-1],0,0,[],[],[]],[["0,9729,9729,33071,33071,0,0,1",-1],[0],0,[],[],[]],[[{"name":"chin","rect":[19,13,305,353],"offset":[-84.5,-6.5],"originalSize":[512,366],"capInsets":[0,0,0,0]}],[1],0,[0],[0],[0]],[[{"name":"cheeks","rect":[19,13,336,353],"offset":[-69,-6.5],"originalSize":[512,366],"capInsets":[0,0,0,0]}],[1],0,[0],[0],[1]],[[[0,"eyes",".mp3",0.864],-1],0,0,[],[],[]],[[[0,"ears",".mp3",0.888],-1],0,0,[],[],[]],[[[0,"toes",".mp3",0.912],-1],0,0,[],[],[]],[["0,9729,9729,33071,33071,0,0,1",-1],[0],0,[],[],[]],[[[0,"chin",".mp3",0.888],-1],0,0,[],[],[]],[[{"name":"fingers","rect":[0,0,512,368],"offset":[0,0],"originalSize":[512,368],"capInsets":[0,0,0,0]}],[1],0,[0],[0],[2]],[[{"name":"nose","rect":[0,13,478,353],"offset":[-17,-6.5],"originalSize":[512,366],"capInsets":[0,0,0,0]}],[1],0,[0],[0],[3]],[["0,9729,9729,33071,33071,0,0,1",-1],[0],0,[],[],[]],[[{"name":"eyes","rect":[0,13,458,353],"offset":[-27,-6.5],"originalSize":[512,366],"capInsets":[0,0,0,0]}],[1],0,[0],[0],[4]],[[[0,"ankle",".mp3",0.984],-1],0,0,[],[],[]],[[{"name":"ears","rect":[0,0,786,879],"offset":[0,0],"originalSize":[786,879],"capInsets":[0,0,0,0]}],[1],0,[0],[0],[5]],[[{"name":"ankle","rect":[0,0,512,512],"offset":[0,0],"originalSize":[512,512],"capInsets":[0,0,0,0]}],[1],0,[0],[0],[6]],[[[0,"fingers",".mp3",1.128],-1],0,0,[],[],[]],[[{"name":"hands","rect":[0,0,737,707],"offset":[0,0],"originalSize":[737,707],"capInsets":[0,0,0,0]}],[1],0,[0],[0],[7]],[["0,9729,9729,33071,33071,0,0,1",-1],[0],0,[],[],[]],[["0,9729,9729,33071,33071,0,0,1",-1],[0],0,[],[],[]],[[[0,"hair",".mp3",0.816],-1],0,0,[],[],[]],[[{"name":"hair","rect":[0,0,512,512],"offset":[0,0],"originalSize":[512,512],"capInsets":[0,0,0,0]}],[1],0,[0],[0],[8]],[["0,9729,9729,33071,33071,0,0,1",-1],[0],0,[],[],[]],[[{"name":"toes","rect":[0,0,512,329],"offset":[0,0],"originalSize":[512,329],"capInsets":[0,0,0,0]}],[1],0,[0],[0],[9]],[[[0,"nose",".mp3",0.912],-1],0,0,[],[],[]],[["0,9729,9729,33071,33071,0,0,1",-1],[0],0,[],[],[]]]]