[1,["b6IJK8yH9DMZViAcdBZesx","8dJYvJ4CFBNa7FDAeXpP4C","b6AzELYWdHFJb3QGQ/6QJy","75TLUqoo1IB7J4k68CN7w4","5bNAQElB1KR7rXtip+Yx4u","900MXQeKtOfKSRYvcVjJw+","dbPXuYwBFEl5MMZWZEfvXw","c4aLcm5xpKmYES//+ARI6j","13omkw8XpML6Zmup7r15Hm","26cBJ3109Np45gGMz1iQ5r"],["_textureSetter"],["cc.Texture2D","cc.SpriteFrame",["cc.AudioClip",["_name","_native","duration"],0],["cc.JsonAsset",["_name","json"],1]],[[2,0,1,2,4],[3,0,1,3]],[[[[0,"A_dog_is_under_the_table",".mp3",2.376],-1],0,0,[],[],[]],[[[0,"Where_is_your_chest",".mp3",1.992],-1],0,0,[],[],[]],[[[0,"hecandrive",".mp3",1.358367],-1],0,0,[],[],[]],[[[0,"Kasish_can't_swim",".mp3",2.064],-1],0,0,[],[],[]],[["0,9729,9729,33071,33071,0,0,1",-1],[0],0,[],[],[]],[[[0,"choosetherightone",".mp3",1.38449],-1],0,0,[],[],[]],[[{"name":"The_dogsrunfast","rect":[0,0,799,526],"offset":[0,0],"originalSize":[799,526],"capInsets":[0,0,0,0]}],[1],0,[0],[0],[0]],[[[0,"The_dogs_run_fast",".mp3",2.376],-1],0,0,[],[],[]],[["0,9729,9729,33071,33071,0,0,1",-1],[0],0,[],[],[]],[[{"name":"l7_hecandrive","rect":[0,0,868,689],"offset":[0,0],"originalSize":[868,689],"capInsets":[0,0,0,0]}],[1],0,[0],[0],[1]],[[[0,"choose_pair_with_opposites",".mp3",2.328],-1],0,0,[],[],[]],[[[0,"whereisthebat",".mp3",2.351],-1],0,0,[],[],[]],[[[1,"en2_PreQuiz",{"rows":[["quizliteracy","1","Description","word_word","chest","ears","chest","baby","","Where is your ______?","Where_is_your_chest.mp3"],["quizliteracy","1","Description","word_word","dad","man","brother","dad","","This is my _____.","This_is_my_dad.mp3"],["quizliteracy","1","Description","image_sentence","He can drive.","He can drive.","She can drive.","He can draw.","l7_hecandrive.png","","hecandrive.mp3"],["quizliteracy","1","Description","sentence_sentence","He","He","They","Him","","__ is running.","He_is_running.mp3"],["quizliteracy","1","Description","sentence_sentence","We","His","Her","We","","____ swam yesterday.","We_swam_yesterday.mp3"],["quizliteracy","1","Description","sentence_sentence","can't","want","see","can't","","Kasish ____ swim.","Kasish_can't_swim.mp3"],["quizliteracy","1","Description","image_word","read","read","sing","swim","l8_boyreading.png"],["quizliteracy","1","Description","image_sentence","These are bananas.","This are bananas.","These are bananas.","These are grapes.","l6_bananas.png","","These_are_bananas.mp3"],["quizliteracy","1","Description","image_sentence","The dogs run fast.","The dogs run fast.","The dogs eat fast.","The dogs swims fast.","The_dogsrunfast.jpg","","The_dogs_run_fast.mp3"],["quizliteracy","1","Description","sentence_sentence","wet, dry","wet, dry","lake, pond","sea, river","","choose pair with opposites","choose_pair_with_opposites.mp3"],["quizliteracy","1","Description","sentence_sentence","The","The","A","An","","___ lion is strong.","The_lion_is_strong.mp3"],["quizliteracy","1","Description","sentence_sentence","under","in","under","on","","A dog is ______ the table.","A_dog_is_under_the_table.mp3"],["quizliteracy","1","Description","sentence_sentence","behind","behind","on","under","","The lion is ______ the tree.","The_lion_is_behind_the_tree.mp3"],["jumpsentence","1","Description","It is a cat[.]","It_is_a_cat.mp3","n","locked"],["quizliteracy","1","Description","sentence_sentence","Four cups.","Four cups.","Fourcups,","Four    cups.","","choose the right one","choosetherightone.mp3"],["quizliteracy","1","Description","image_sentence","Where is the bat?","Where is the cow?","Where is the dog?","Where is the bat?","Whereisthe_bat.jpg","","whereisthebat.mp3"],["quizliteracy","1","Description","soundonly_image","l12_hecantcookwell.png","l12_shecancookwell.png","l12_theycannotcookwell.png","l12_hecantcookwell.png","","","He_can't_cook_well.mp3"],["quizliteracy","1","Description","soundonly_sentence","She doesn't like cats.","She doesn't like cats.","She likes cats.","She doesn't have dogs.","","","She_doesn_t_like_cats.mp3"],["quizliteracy","1","Description","image_sentence","The doctor is treating a patient.","The nurse is taking care of a baby.","He is going to make a house.","The doctor is treating a patient.","l6_hedoctor.png","","The_doctor_is_treating_a_patient.mp3"],["quizliteracy","1","Description","soundonly_image","The woman is washing her hands in the bathroom.","The woman is sleeping in the bedroom.","The woman is cooking in the kitchen.","The woman is washing her hands in the bathroom.","l9_shebathroom.png","","The_woman_is_washing_her_hands_in_the_bathroom.mp3"]]}]],0,0,[],[],[]],[[{"name":"l12_shecancookwell","rect":[0,0,868,689],"offset":[0,0],"originalSize":[868,689],"capInsets":[0,0,0,0]}],[1],0,[0],[0],[2]],[[{"name":"l12_theycannotcookwell","rect":[0,0,868,689],"offset":[0,0],"originalSize":[868,689],"capInsets":[0,0,0,0]}],[1],0,[0],[0],[3]],[[{"name":"l9_shebathroom","rect":[0,0,868,689],"offset":[0,0],"originalSize":[868,689],"capInsets":[0,0,0,0]}],[1],0,[0],[0],[4]],[[[0,"The_lion_is_strong",".mp3",2.352],-1],0,0,[],[],[]],[[[0,"It_is_a_cat",".mp3",1.512],-1],0,0,[],[],[]],[[[0,"He_can't_cook_well",".mp3",1.541224],-1],0,0,[],[],[]],[[[0,"The_lion_is_behind_the_tree",".mp3",2.808],-1],0,0,[],[],[]],[["0,9729,9729,33071,33071,0,0,1",-1],[0],0,[],[],[]],[[[0,"The_doctor_is_treating_a_patient",".mp3",3.168],-1],0,0,[],[],[]],[[[0,"She_doesn_t_like_cats",".mp3",1.567347],-1],0,0,[],[],[]],[["0,9729,9729,33071,33071,0,0,1",-1],[0],0,[],[],[]],[[{"name":"l12_hecantcookwell","rect":[0,0,868,689],"offset":[0,0],"originalSize":[868,689],"capInsets":[0,0,0,0]}],[1],0,[0],[0],[5]],[[[0,"The_woman_is_washing_her_hands_in_the_bathroom",".mp3",3.768],-1],0,0,[],[],[]],[["0,9729,9729,33071,33071,0,0,1",-1],[0],0,[],[],[]],[["0,9729,9729,33071,33071,0,0,1",-1],[0],0,[],[],[]],[[[0,"This_is_my_dad",".mp3",1.824],-1],0,0,[],[],[]],[[[0,"He_is_running",".mp3",1.44],-1],0,0,[],[],[]],[["0,9729,9729,33071,33071,0,0,1",-1],[0],0,[],[],[]],[["1,9729,9729,33071,33071,0,0,1",-1],[0],0,[],[],[]],[["0,9729,9729,33071,33071,0,0,1",-1],[0],0,[],[],[]],[[{"name":"Whereisthe_bat","rect":[0,0,1073,770],"offset":[0,0],"originalSize":[1073,770],"capInsets":[0,0,0,0]}],[1],0,[0],[0],[6]],[[[0,"We_swam_yesterday",".mp3",2.208],-1],0,0,[],[],[]],[[[0,"opposites",".mp3",1.224],-1],0,0,[],[],[]],[["1,9729,9729,33071,33071,0,0,1",-1],[0],0,[],[],[]],[[{"name":"l6_hedoctor","rect":[0,0,868,689],"offset":[0,0],"originalSize":[868,689],"capInsets":[0,0,0,0]}],[1],0,[0],[0],[7]],[[{"name":"l8_boyreading","rect":[0,0,868,689],"offset":[0,0],"originalSize":[868,689],"capInsets":[0,0,0,0]}],[1],0,[0],[0],[8]],[[{"name":"l6_bananas","rect":[0,0,868,689],"offset":[0,0],"originalSize":[868,689],"capInsets":[0,0,0,0]}],[1],0,[0],[0],[9]],[[[0,"These_are_bananas",".mp3",2.064],-1],0,0,[],[],[]]]]