[1,["a3n5qPBHdC97cAXjObVB5M","8fndrk7yJHwpijP3KBIjHt","2er9PNGPlGnpMP+gDfYh9R","e5h7KDngpNs6X+fmHvR/+G","42z7djD+lIQIpwm5Sw0J5R"],["_textureSetter"],["cc.SpriteFrame","cc.Texture2D",["cc.AudioClip",["_name","_native","duration"],0],["cc.JsonAsset",["_name","json"],1]],[[2,0,1,2,4],[3,0,1,3]],[[[{"name":"The_lionisstrong","rect":[0,0,1280,1112],"offset":[0,0],"originalSize":[1280,1112],"capInsets":[0,0,0,0]}],[0],0,[0],[0],[0]],[[{"name":"Rameshdrinksmilk","rect":[0,0,1073,1157],"offset":[0,0],"originalSize":[1073,1157],"capInsets":[0,0,0,0]}],[0],0,[0],[0],[1]],[["0,9729,9729,33071,33071,0,0,1",-1],[1],0,[],[],[]],[["1,9729,9729,33071,33071,0,0,1",-1],[1],0,[],[],[]],[[{"name":"The_plant_is_green","rect":[69,9,662,782],"offset":[0,0],"originalSize":[800,800],"capInsets":[0,0,0,0]}],[0],0,[0],[0],[2]],[[[0,"The_airplane_is_big",".mp3",1.671837],-1],0,0,[],[],[]],[["1,9729,9729,33071,33071,0,0,1",-1],[1],0,[],[],[]],[["0,9729,9729,33071,33071,0,0,1",-1],[1],0,[],[],[]],[[{"name":"The_elephantisbig","rect":[0,0,1073,1157],"offset":[0,0],"originalSize":[1073,1157],"capInsets":[0,0,0,0]}],[0],0,[0],[0],[3]],[[[0,"The_plant_is_green",".mp3",1.619592],-1],0,0,[],[],[]],[[[1,"sl_en2700",{"rows":[["createsentence","1","Description","The airplane/is/big","","The_planeflies.jpg","The_airplane_is_big.mp3"],["createsentence","1","Description","The plant/is/green","","The_plant_is_green.png","The_plant_is_green.mp3"],["createsentence","1","Description","The milk/is/delicious","","Rameshdrinksmilk.jpg","The_milk_is_delicious.mp3"],["createsentence","1","Description","The elephant/is/big","","The_elephantisbig.jpg","The_elephant_is_big.mp3"],["createsentence","1","Description","The lion/is/strong","","The_lionisstrong.png","The_lion_is_strong.mp3"],["quizliteracy","1","Description","image_sentence","The plant is green.","An plant is green","A plant is green.","The plant is green.","The_plant_is_green.png","","The_plant_is_green.mp3"],["quizliteracy","1","Description","image_sentence","The milk is delicious.","The milk is delicious.","A milk is delicious.","An milk is delicious.","Rameshdrinksmilk.jpg","","The_milk_is_delicious.mp3"],["quizliteracy","1","Description","sentence_sentence","The","A","The","An","","___ airplane is big.","The_airplane_is_big.mp3"],["quizliteracy","1","Description","sentence_sentence","The","An","A","The","","___ elephant is big.","The_elephant_is_big.mp3"],["quizliteracy","1","Description","sentence_sentence","The","The","A","An","","___ lion is strong.","The_lion_is_strong.mp3"]]}]],0,0,[],[],[]],[[[0,"The_milk_is_delicious",".mp3",2.089796],-1],0,0,[],[],[]],[["1,9729,9729,33071,33071,0,0,1",-1],[1],0,[],[],[]],[[[0,"The_lion_is_strong",".mp3",1.697959],-1],0,0,[],[],[]],[[[0,"The_elephant_is_big",".mp3",1.724082],-1],0,0,[],[],[]],[[{"name":"The_planeflies","rect":[0,0,1073,580],"offset":[0,0],"originalSize":[1073,580],"capInsets":[0,0,0,0]}],[0],0,[0],[0],[4]]]]