[1,["e1rEEFLHtLR6kBTlzN7PfO","98HYOnVpVIKYE21yjnVJs7"],["_textureSetter"],["cc.Texture2D","cc.SpriteFrame",["cc.JsonAsset",["_name","json"],1],["cc.AudioClip",["_name","_native","duration"],0]],[[3,0,1,2,4],[2,0,1,3]],[[[[1,"hi1601",{"rows":[["tag","1","Description","image_7_4.jpg","खेल","293.-1474","खेल.mp3","तैरना","857.-1168","तैरना.mp3","दौड़ना","1263.-443","दौडना.mp3","साइकिल चलाना","745.-447","साइकिल_चलाना.mp3","स्कीइंग","375.-1231","स्कीइंग.mp3"],["tag","1","Description","image_8_1.jpg","क्रिया","320.-1489","क्रिया.mp3","पढ़ना","553.-501","पढ़ना.mp3","लिखना","266.-1184","लिखना.mp3","गाना ","1134.-501","गाना.mp3","दौड़ना ","1260.-1213","दौडना.mp3"],["phonictractor","1","Description","5","हँस","हँस.mp3","हँ","हँ.mp3","स","स.mp3"],["phonictractor","1","Description","5","सज","सज.mp3","स","स.mp3","ज","ज.mp3"],["phonictractor","1","Description","5","कस","कस.mp3","क","क.mp3","स","स.mp3"],["phonictractor","1","Description","5","चल","चल.mp3","च","च.mp3","ल","ल.mp3"],["jumpsentence","1","Description","[वह] खाता है[।]","वह_खाता_है.mp3","n","locked"],["fillblank","1","Description","बच्चों ने ऊँची [छलांग] लगाई।","बच्चों_ने_ऊंची_छलांग_लगाई.mp3","इमारत","पेड़","कूद","15"],["jumpsentence","1","Description","वह [तैरती] है[।]","वह_तैरती_है.mp3","n","locked"],["jumpsentence","1","Description","[चिड़ियाँ] उड़ती हैं [।]","चिडियाँ_उडती_है.mp3","n","locked"],["quizliteracy","1","Description","sentence_sentence","खाता","वह","खाता","पर","","क्रिया शब्द चुनें","क्रिया_शब्द_चुनें.m4a"],["quizliteracy","1","Description","sentence_sentence","पढ़ना","साथ","पढ़ना","एक","","क्रिया शब्द चुनें","क्रिया_शब्द_चुनें.m4a"],["quizliteracy","1","Description","sentence_sentence","लिखना","इस","शब्द","लिखना","","क्रिया शब्द चुनें","क्रिया_शब्द_चुनें.m4a"]]}]],0,0,[],[],[]],[[[0,"क्रिया",".mp3",0.600816],-1],0,0,[],[],[]],[[[0,"ट",".mp3",0.444],-1],0,0,[],[],[]],[[[0,"स",".mp3",0.627],-1],0,0,[],[],[]],[[[0,"सज",".mp3",0.679184],-1],0,0,[],[],[]],[[[0,"हँस",".mp3",0.912],-1],0,0,[],[],[]],[[[0,"वह_खाता_है",".mp3",1.227755],-1],0,0,[],[],[]],[[[0,"च",".mp3",0.49625],-1],0,0,[],[],[]],[[[0,"रट",".mp3",0.496327],-1],0,0,[],[],[]],[[[0,"वह_तैरती_है",".mp3",1.512],-1],0,0,[],[],[]],[[[0,"कस",".mp3",0.600816],-1],0,0,[],[],[]],[[[0,"तैरना",".mp3",0.984],-1],0,0,[],[],[]],[[[0,"साइकिल_चलाना",".mp3",1.436735],-1],0,0,[],[],[]],[[[0,"खेल",".mp3",0.653061],-1],0,0,[],[],[]],[[[0,"तैराकी",".mp3",0.940408],-1],0,0,[],[],[]],[[[0,"दौडना",".mp3",0.731429],-1],0,0,[],[],[]],[[[0,"चल",".mp3",0.470204],-1],0,0,[],[],[]],[[[0,"ज",".mp3",0.49625],-1],0,0,[],[],[]],[[[0,"पढ़ना",".mp3",0.783673],-1],0,0,[],[],[]],[[[0,"क्रिया_शब्द_चुनें",".mp3",2.424],-1],0,0,[],[],[]],[[[0,"वो_तैरती_है",".mp3",1.358367],-1],0,0,[],[],[]],[["1,9729,9729,33071,33071,0,0,1",-1],[0],0,[],[],[]],[[[0,"र",".mp3",0.47025],-1],0,0,[],[],[]],[[[0,"लिखना",".mp3",0.835918],-1],0,0,[],[],[]],[[{"name":"image_8_1","rect":[0,0,845,695],"offset":[0,0],"originalSize":[845,695],"capInsets":[0,0,0,0]}],[1],0,[0],[0],[0]],[[[0,"स्कीइंग",".mp3",0.914286],-1],0,0,[],[],[]],[[[0,"ल",".mp3",0.47025],-1],0,0,[],[],[]],[[{"name":"image_7_4","rect":[0,0,845,695],"offset":[0,0],"originalSize":[845,695],"capInsets":[0,0,0,0]}],[1],0,[0],[0],[1]],[[[0,"क",".mp3",0.418],-1],0,0,[],[],[]],[["1,9729,9729,33071,33071,0,0,1",-1],[0],0,[],[],[]],[[[0,"बच्चों_ने_ऊंची_छलांग_लगाई",".mp3",2.66449],-1],0,0,[],[],[]],[[[0,"गाना",".mp3",0.862041],-1],0,0,[],[],[]],[[[0,"चिडियाँ_उडती_है",".mp3",1.436735],-1],0,0,[],[],[]]]]