[1,["58khABgzNJm7Cur7l+hUL3","72nwQg8ghG6qucyVwIkjaU","4cg5yLXFhC+IPEZRxOKGwc","c9zU87hFVBuI8POz5UieHn","8bP8s1+Z1I+KgSLz0aTVY4","bakXZ5xHdJJJirGTX+Sshe","65zA/gm5xL+ZPcP2yFSZhv","6965Omx85KL4RvI3JUwNhB","554Q4oexFBVauD9HhGWfsI","01w3dDwXJIH6zqY+P/zr/8","176J9yAqdNIqLj3nGMq25U","deDMj8CwRLG4FzcxqhRNT/","05JqTZnq1DOaH1livzkdZn"],["_textureSetter"],["cc.Texture2D","cc.SpriteFrame",["cc.AudioClip",["_name","_native","duration"],0],["cc.JsonAsset",["_name","json"],1]],[[2,0,1,2,4],[3,0,1,3]],[[["0,9729,9729,33071,33071,0,0,1",-1],[0],0,[],[],[]],[["0,9729,9729,33071,33071,0,0,1",-1],[0],0,[],[],[]],[[[0,"lop",".mp3",0.417959],-1],0,0,[],[],[]],[[[0,"fog",".mp3",0.626939],-1],0,0,[],[],[]],[["0,9729,9729,33071,33071,0,0,1",-1],[0],0,[],[],[]],[[{"name":"river","rect":[0,0,512,341],"offset":[0,0],"originalSize":[512,341],"capInsets":[0,0,0,0]}],[1],0,[0],[0],[0]],[[[0,"jam",".mp3",0.679184],-1],0,0,[],[],[]],[[[0,"jug",".mp3",0.653061],-1],0,0,[],[],[]],[[{"name":"market","rect":[0,0,512,256],"offset":[0,0],"originalSize":[512,256],"capInsets":[0,0,0,0]}],[1],0,[0],[0],[1]],[[[0,"mid",".mp3",0.862041],-1],0,0,[],[],[]],[["0,9729,9729,33071,33071,0,0,1",-1],[0],0,[],[],[]],[[[0,"mot",".mp3",0.705306],-1],0,0,[],[],[]],[[{"name":"news","rect":[18,28,151,99],"offset":[-3,-1],"originalSize":[193,153],"capInsets":[0,0,0,0]}],[1],0,[0],[0],[2]],[[{"name":"fish","rect":[16,16,368,258],"offset":[0,0],"originalSize":[400,290],"capInsets":[0,0,0,0]}],[1],0,[0],[0],[3]],[[[0,"police",".mp3",0.705306],-1],0,0,[],[],[]],[["0,9729,9729,33071,33071,0,0,1",-1],[0],0,[],[],[]],[[[0,"lip",".mp3",0.600816],-1],0,0,[],[],[]],[["0,9729,9729,33071,33071,0,0,1",-1],[0],0,[],[],[]],[[{"name":"police","rect":[0,0,1252,1675],"offset":[0,0],"originalSize":[1252,1675],"capInsets":[0,0,0,0]}],[1],0,[0],[0],[4]],[[[0,"dug",".mp3",0.548571],-1],0,0,[],[],[]],[[[0,"rot",".mp3",0.757551],-1],0,0,[],[],[]],[["0,9729,9729,33071,33071,0,0,1",-1],[0],0,[],[],[]],[["0,9729,9729,33071,33071,0,0,1",-1],[0],0,[],[],[]],[[[0,"lut",".mp3",0.653061],-1],0,0,[],[],[]],[["0,9729,9729,33071,33071,0,0,1",-1],[0],0,[],[],[]],[[[0,"river",".mp3",0.653061],-1],0,0,[],[],[]],[[{"name":"family","rect":[0,0,1560,1092],"offset":[0,0],"originalSize":[1560,1092],"capInsets":[0,0,0,0]}],[1],0,[0],[0],[5]],[[{"name":"forest","rect":[0,0,512,285],"offset":[0,0],"originalSize":[512,285],"capInsets":[0,0,0,0]}],[1],0,[0],[0],[6]],[[[0,"top",".mp3",0.548571],-1],0,0,[],[],[]],[[[0,"radio",".mp3",0.862041],-1],0,0,[],[],[]],[["1,9729,9729,33071,33071,0,0,1",-1],[0],0,[],[],[]],[[[0,"rid",".mp3",0.600816],-1],0,0,[],[],[]],[[[0,"dan",".mp3",0.731429],-1],0,0,[],[],[]],[[[0,"dog",".mp3",0.574694],-1],0,0,[],[],[]],[[{"name":"bird","rect":[0,0,868,689],"offset":[0,0],"originalSize":[868,689],"capInsets":[0,0,0,0]}],[1],0,[0],[0],[7]],[[{"name":"woman","rect":[0,0,900,1235],"offset":[0,0],"originalSize":[900,1235],"capInsets":[0,0,0,0]}],[1],0,[0],[0],[8]],[[[0,"did",".mp3",0.653061],-1],0,0,[],[],[]],[[[0,"news",".mp3",0.835918],-1],0,0,[],[],[]],[[[0,"bird",".mp3",0.626939],-1],0,0,[],[],[]],[[{"name":"shoes","rect":[0,0,512,507],"offset":[0,0],"originalSize":[512,507],"capInsets":[0,0,0,0]}],[1],0,[0],[0],[9]],[[[0,"dam",".mp3",0.705306],-1],0,0,[],[],[]],[[[0,"fam",".mp3",0.653061],-1],0,0,[],[],[]],[["0,9729,9729,33071,33071,0,0,1",-1],[0],0,[],[],[]],[[[0,"ran",".mp3",0.626939],-1],0,0,[],[],[]],[["0,9729,9729,33071,33071,0,0,1",-1],[0],0,[],[],[]],[[[0,"girl",".mp3",0.783673],-1],0,0,[],[],[]],[[[0,"jog",".mp3",0.600816],-1],0,0,[],[],[]],[[[0,"hut",".mp3",0.757551],-1],0,0,[],[],[]],[[[0,"tut",".mp3",0.757551],-1],0,0,[],[],[]],[[{"name":"girl","rect":[0,0,433,512],"offset":[0,0],"originalSize":[433,512],"capInsets":[0,0,0,0]}],[1],0,[0],[0],[10]],[[[0,"man",".mp3",0.731429],-1],0,0,[],[],[]],[["0,9729,9729,33071,33071,0,0,1",-1],[0],0,[],[],[]],[[[0,"hip",".mp3",0.391837],-1],0,0,[],[],[]],[[[1,"sl_en1006",{"rows":[["openwindow","1","Description","LEGIT","news","news.png","fish.png","news.mp3","abcdefghijklmnopqrstuvwxyz"],["openwindow","1","Description","LEGIT","police","police.jpg","family.png","police.mp3","abcdefghijklmnopqrstuvwxyz"],["openwindow","1","Description","LEGIT","radio","radio.png","woman.png","radio.mp3","abcdefghijklmnopqrstuvwxyz"],["openwindow","1","Description","LEGIT","river","river1.png","shoes.png","river.mp3","abcdefghijklmnopqrstuvwxyz"],["rocket","1","Description","bird","a,b,c,d,e,f,g,h,i,j,k,l,m,n,o,p,q,r,s,t,u,v,w,x,y,z","b,i,r,d","bird.mp3","bird.png","true","false"],["rocket","1","Description","river","a,b,c,d,e,f,g,h,i,j,k,l,m,n,o,p,q,r,s,t,u,v,w,x,y,z","r,i,v,e,r","river.mp3","river.png","true","false"],["rocket","1","Description","girl","a,b,c,d,e,f,g,h,i,j,k,l,m,n,o,p,q,r,s,t,u,v,w,x,y,z","g,i,r,l","girl.mp3","girl.png","true","false"],["grid","1","Description","l,h,t","ut,op,ip"],["grid","1","Description","f,d,j","og,am,ug"],["grid","1","Description","d,r,m","id,ot,an"],["quizliteracy","1","Description","soundonly_image","bird.png","girl.png","fish.png","bird.png","","","bird.mp3"],["quizliteracy","1","Description","soundonly_word","girl","boy","girl","rain","","","girl.mp3"],["quizliteracy","1","Description","soundonly_image","river.png","river.png","forest.png","market.png","","","river.mp3"],["quizliteracy","1","Description","soundonly_word","police","radio","police","woman","","","police.mp3"],["quizliteracy","1","Description","image_word","radio","baby","forest","radio","radio.png"]]}]],0,0,[],[],[]],[[[0,"tip",".mp3",0.470204],-1],0,0,[],[],[]],[[[0,"fug",".mp3",0.731429],-1],0,0,[],[],[]],[[{"name":"river1","rect":[0,0,193,153],"offset":[0,0],"originalSize":[193,153],"capInsets":[0,0,0,0]}],[1],0,[0],[0],[11]],[[[0,"hop",".mp3",0.548571],-1],0,0,[],[],[]],[[[0,"dot",".mp3",0.626939],-1],0,0,[],[],[]],[[{"name":"radio","rect":[0,0,512,451],"offset":[0,0],"originalSize":[512,451],"capInsets":[0,0,0,0]}],[1],0,[0],[0],[12]]]]