[1,["be5wWhKG9JfYeRUXd+UpFo","f42A1Or2JNEoI1y7FQaRa1","7aLRE52ttBqq/VLUuBK3EM","1c2W6TcGBDToinRsNINoyQ","5atkmDrMlNA6sjYeLl2/QJ","c48wAq9VhN7J0rPbTpjSOx","b6BcTFCWpA47NZSWQH0oTj"],["_textureSetter"],["cc.Texture2D","cc.SpriteFrame",["cc.AudioClip",["_name","_native","duration"],0],["cc.JsonAsset",["_name","json"],1]],[[2,0,1,2,4],[3,0,1,3]],[[[[0,"beans",".mp3",0.783673],-1],0,0,[],[],[]],[[[0,"teacher",".mp3",0.705306],-1],0,0,[],[],[]],[["1,9729,9729,33071,33071,0,0,1",-1],[0],0,[],[],[]],[[[0,"milk",".mp3",0.679184],-1],0,0,[],[],[]],[[{"name":"image_15_2","rect":[0,0,845,695],"offset":[0,0],"originalSize":[845,695],"capInsets":[0,0,0,0]}],[1],0,[0],[0],[0]],[[{"name":"forest","rect":[36,101,506,257],"offset":[-1,0.5],"originalSize":[580,460],"capInsets":[0,0,0,0]}],[1],0,[0],[0],[1]],[[{"name":"image_25_3","rect":[0,0,845,695],"offset":[0,0],"originalSize":[845,695],"capInsets":[0,0,0,0]}],[1],0,[0],[0],[2]],[[[0,"rock",".mp3",0.653061],-1],0,0,[],[],[]],[[[0,"hill",".mp3",0.548571],-1],0,0,[],[],[]],[[[0,"tree",".mp3",0.731429],-1],0,0,[],[],[]],[[[0,"stream",".mp3",0.966531],-1],0,0,[],[],[]],[[[0,"desk",".mp3",0.600816],-1],0,0,[],[],[]],[[[0,"road",".mp3",0.731429],-1],0,0,[],[],[]],[["1,9729,9729,33071,33071,0,0,1",-1],[0],0,[],[],[]],[[{"name":"image_23_4","rect":[0,0,845,695],"offset":[0,0],"originalSize":[845,695],"capInsets":[0,0,0,0]}],[1],0,[0],[0],[3]],[[[0,"classroom",".mp3",0.862041],-1],0,0,[],[],[]],[[[0,"farmer",".mp3",0.731429],-1],0,0,[],[],[]],[[[0,"market",".mp3",0.809796],-1],0,0,[],[],[]],[["1,9729,9729,33071,33071,0,0,1",-1],[0],0,[],[],[]],[[[0,"fish",".mp3",0.940408],-1],0,0,[],[],[]],[[[0,"pail",".mp3",0.731429],-1],0,0,[],[],[]],[[[1,"sl_en1816",{"rows":[["tag","1","Description","image_14_4.jpg","forest","319.-1488","forest.mp3","fawn","892.-536","fawn.mp3","stream","353.-853","stream.mp3","rock","1280.-871","rock.mp3","tree","1060.-1190","tree.mp3"],["tag","1","Description","image_15_1.jpg","classroom","297.-1520","classroom.mp3","student","1223.-540","student.mp3","teacher","682.-852","teacher.mp3","blackboard","1003.-1303","blackboard.mp3"],["tag","1","Description","image_15_2.jpg","classroom","1098.-1508","classroom.mp3","desk","1280.-567","desk.mp3","chair","751.-640","chair.mp3","book","363.-1162","book.mp3"],["tag","1","Description","image_23_3.jpg","village","280.-1520","village.mp3","house","262.-1205","house.mp3","road","884.-571","road.mp3","hill","1008.-1074","hill.mp3","tree","1264.-827","tree.mp3"],["tag","1","Description","image_23_4.jpg","farm","280.-1520","farm.mp3","farmer","1053.-1178","farmer.mp3","cow","242.-838","cow.mp3","milk","1381.-823","milk.mp3","pail","416.-420","pail.mp3"],["tag","1","Description","image_25_3.jpg","market","280.-1520","market.mp3","beans","1338.-1129","beans.mp3","truck","927.-567","truck.mp3","fish","309.-486","fish.mp3","basket","274.-996","basket.mp3","people","1347.-737","people.mp3"],["quizliteracy","1","Description","soundonly_word","student","teacher","student","classroom","","","student.mp3"],["quizliteracy","1","Description","soundonly_word","fish","dish","fish","farm","","","fish.mp3"],["quizliteracy","1","Description","image_word","forest","market","forest","hill","forest.png"]]}]],0,0,[],[],[]],[[[0,"truck",".mp3",0.653061],-1],0,0,[],[],[]],[[[0,"student",".mp3",1.044898],-1],0,0,[],[],[]],[["1,9729,9729,33071,33071,0,0,1",-1],[0],0,[],[],[]],[[{"name":"image_15_1","rect":[0,0,845,695],"offset":[0,0],"originalSize":[845,695],"capInsets":[0,0,0,0]}],[1],0,[0],[0],[4]],[[[0,"cow",".mp3",0.653061],-1],0,0,[],[],[]],[["1,9729,9729,33071,33071,0,0,1",-1],[0],0,[],[],[]],[[[0,"forest",".mp3",0.966531],-1],0,0,[],[],[]],[[{"name":"image_14_4","rect":[0,0,845,695],"offset":[0,0],"originalSize":[845,695],"capInsets":[0,0,0,0]}],[1],0,[0],[0],[5]],[[[0,"house",".mp3",0.626939],-1],0,0,[],[],[]],[["1,9729,9729,33071,33071,0,0,1",-1],[0],0,[],[],[]],[[[0,"basket",".mp3",0.835918],-1],0,0,[],[],[]],[[[0,"fawn",".mp3",0.862041],-1],0,0,[],[],[]],[[[0,"chair",".mp3",0.705306],-1],0,0,[],[],[]],[[[0,"book",".mp3",0.574694],-1],0,0,[],[],[]],[[[0,"blackboard",".mp3",0.835918],-1],0,0,[],[],[]],[[[0,"village",".mp3",0.783673],-1],0,0,[],[],[]],[[{"name":"image_23_3","rect":[0,0,845,695],"offset":[0,0],"originalSize":[845,695],"capInsets":[0,0,0,0]}],[1],0,[0],[0],[6]],[[[0,"people",".mp3",0.679184],-1],0,0,[],[],[]],[[[0,"farm",".mp3",0.783673],-1],0,0,[],[],[]],[["0,9729,9729,33071,33071,0,0,1",-1],[0],0,[],[],[]]]]