[1,["c9BQn2iw9HFZGGVa+vEnXx","2ad/aILNNA8oMSEB6X+hvO","5evyjVupRHtoUhehHiysLl"],["_textureSetter"],["cc.Texture2D","cc.SpriteFrame",["cc.AudioClip",["_name","_native","duration"],0],["cc.JsonAsset",["_name","json"],1]],[[2,0,1,2,4],[3,0,1,3]],[[[[0,"ऊन",".mp3",0.496327],-1],0,0,[],[],[]],[[[0,"ऊपर",".mp3",0.626939],-1],0,0,[],[],[]],[["0,9729,9729,33071,33071,0,0,1",-1],[0],0,[],[],[]],[[[1,"hi0005",{"rows":[["phonictractor","1","Description","5","ऊ","ऊ.mp3","ऊ","ऊ.mp3"],["writeletter","1","Description","ऊ","ऊंट"],["writecard","1","Description","ऊ","ऊंट","ऊंट.png","ऊंट.mp3","ऊन","ऊन.png","ऊन.mp3","ऊपर","ऊपर.png","ऊपर.mp3"],["quizliteracy","1","Description","soundonly_word","ऊ","ऊ","आ","उ","","","ऊ.mp3"],["quizliteracy","1","Description","word_word","ऊ","इ","ऊ","आ","","ऊ"],["quizliteracy","1","Description","soundonly_word","ऊ","आ","उ","ऊ","","","ऊ.mp3"]]}]],0,0,[],[],[]],[["0,9729,9729,33071,33071,0,0,1",-1],[0],0,[],[],[]],[[{"name":"ऊंट","rect":[0,0,400,333],"offset":[0,0],"originalSize":[400,333],"capInsets":[0,0,0,0]}],[1],0,[0],[0],[0]],[[[0,"ऊ",".mp3",0.28725],-1],0,0,[],[],[]],[[[0,"ऊंट",".mp3",0.548571],-1],0,0,[],[],[]],[[{"name":"ऊन","rect":[0,0,400,333],"offset":[0,0],"originalSize":[400,333],"capInsets":[0,0,0,0]}],[1],0,[0],[0],[1]],[[{"name":"ऊपर","rect":[56,31,298,324],"offset":[5,7],"originalSize":[400,400],"capInsets":[0,0,0,0]}],[1],0,[0],[0],[2]],[["0,9729,9729,33071,33071,0,0,1",-1],[0],0,[],[],[]]]]