[1,["a6l67OmyBOmpDGf1lPytaC","15qs8zLG1EW7Hkbsdok6Dy"],["_textureSetter"],["cc.Texture2D","cc.SpriteFrame",["cc.AudioClip",["_name","_native","duration"],0],["cc.JsonAsset",["_name","json"],1]],[[2,0,1,2,4],[3,0,1,3]],[[[[0,"हुशार",".mp3",0.783673],-1],0,0,[],[],[]],[["0,9729,9729,33071,33071,0,0,1",-1],[0],0,[],[],[]],[[[0,"हु",".mp3",0.574694],-1],0,0,[],[],[]],[[[0,"दू",".mp3",0.862041],-1],0,0,[],[],[]],[[[0,"हुशार_कोण_आहे",".mp3",1.567347],-1],0,0,[],[],[]],[[[0,"सो",".mp3",0.783673],-1],0,0,[],[],[]],[[[0,"ग",".mp3",0.940408],-1],0,0,[],[],[]],[[{"name":"hotmilk","rect":[0,0,640,480],"offset":[0,0],"originalSize":[640,480],"capInsets":[0,0,0,0]}],[1],0,[0],[0],[0]],[[[0,"गरम",".mp3",1.123265],-1],0,0,[],[],[]],[[[1,"mr3901",{"rows":[["phonictractor","1","Description","5","सोनाली","सोनाली.mp3","सो","सो.mp3","नाली","नाली.mp3"],["phonictractor","1","Description","5","हुशार","हुशार.mp3","हु","हु.mp3","शार","शार.mp3"],["createsentence","1","Description","सोनाली/कशी/आहे?","","sonali.png","सोनाली_कशी_आहे.mp3"],["createsentence","1","Description","सोनाली/हुशार/आहे","","sonali.png","सोनाली_हुशार_आहे.mp3"],["createsentence","1","Description","हुशार/कोण/आहे?","","sonali.png","हुशार_कोण_आहे.mp3"],["createsentence","1","Description","सोनाली/हुशार/आहे.","","sonali.png","सोनाली_हुशार_आहे.mp3"],["phonictractor","1","Description","5","दूध","दूध.mp3","दू","दू.mp3","ध","ध.mp3"],["phonictractor","1","Description","5","गरम","गरम.mp3","ग","ग.mp3","रम","रम.mp3"],["createsentence","1","Description","दूध/कसे/आहे?","","hotmilk.png","दूध_कसे_आहे.mp3"],["createsentence","1","Description","दुध/गरम/आहे.","","hotmilk.png","दुध_गरम_आहे.mp3"],["createsentence","1","Description","गरम/काय/आहे?","","hotmilk.png","गरम_काय_आहे.mp3"],["createsentence","1","Description","दुध/गरम/आहे","","hotmilk.png","दुध_गरम_आहे.mp3"],["quizliteracy","1","Description","sentence_sentence","गरम","काय","सोनाली","गरम","","दुध ____ आहे.","दुध_गरम_आहे.mp3"],["quizliteracy","1","Description","sentence_sentence","सोनाली","सोनाली","गरम","काय","","____ हुशार आहे.","सोनाली_हुशार_आहे.mp3"],["quizliteracy","1","Description","sentence_sentence","काय","गरम","काय","सोनाली","","गरम ___ आहे?","गरम_काय_आहे.mp3"]]}]],0,0,[],[],[]],[[[0,"नाली",".mp3",1.097143],-1],0,0,[],[],[]],[[[0,"सोनाली_हुशार_आहे",".mp3",1.728],-1],0,0,[],[],[]],[[[0,"गरम_काय_आहे",".mp3",2.089796],-1],0,0,[],[],[]],[[[0,"सोनाली",".mp3",0.940408],-1],0,0,[],[],[]],[[[0,"दूध_कसे_आहे",".mp3",1.933061],-1],0,0,[],[],[]],[["0,9729,9729,33071,33071,0,0,1",-1],[0],0,[],[],[]],[[[0,"ध",".mp3",0.835918],-1],0,0,[],[],[]],[[[0,"सोनाली_कशी_आहे",".mp3",1.750204],-1],0,0,[],[],[]],[[[0,"दूध",".mp3",1.097143],-1],0,0,[],[],[]],[[[0,"दुध_गरम_आहे",".mp3",1.906939],-1],0,0,[],[],[]],[[[0,"रम",".mp3",0.757551],-1],0,0,[],[],[]],[[[0,"शार",".mp3",1.044898],-1],0,0,[],[],[]],[[{"name":"sonali","rect":[180,12,240,576],"offset":[0,0],"originalSize":[600,600],"capInsets":[0,0,0,0]}],[1],0,[0],[0],[1]]]]