[1,["9dunxRVmlOAYanvIE3FYso","b0pB1CSW1A97mCplZOYUJe","32ZhebTuNE47whR7/kDWWg","c4I8De5btBe4exOLQEn2Je","88V1Zdt6xJvrXKJmNoRk8H","2fZjTuxJhPUbvMH9YHbw/J"],["_textureSetter"],["cc.SpriteFrame","cc.Texture2D",["cc.AudioClip",["_name","_native","duration"],0],["cc.JsonAsset",["_name","json"],1]],[[2,0,1,2,4],[3,0,1,3]],[[[{"name":"rain","rect":[0,0,602,640],"offset":[0,0],"originalSize":[602,640],"capInsets":[0,0,0,0]}],[0],0,[0],[0],[0]],[[{"name":"lemonade","rect":[0,0,640,427],"offset":[0,0],"originalSize":[640,427],"capInsets":[0,0,0,0]}],[0],0,[0],[0],[1]],[[{"name":"cup","rect":[0,0,273,184],"offset":[0,0],"originalSize":[273,184],"capInsets":[0,0,0,0]}],[0],0,[0],[0],[2]],[["0,9729,9729,33071,33071,0,0,1",-1],[1],0,[],[],[]],[["0,9729,9729,33071,33071,0,0,1",-1],[1],0,[],[],[]],[[{"name":"boy_fast_walk","rect":[0,0,480,640],"offset":[0,0],"originalSize":[480,640],"capInsets":[0,0,0,0]}],[0],0,[0],[0],[3]],[[[0,"रमा_इमारत_बघ",".mp3",1.776327],-1],0,0,[],[],[]],[[[0,"उमा_सरबत_कर",".mp3",1.776327],-1],0,0,[],[],[]],[[{"name":"Boy_drink","rect":[0,0,427,640],"offset":[0,0],"originalSize":[427,640],"capInsets":[0,0,0,0]}],[0],0,[0],[0],[4]],[["0,9729,9729,33071,33071,0,0,1",-1],[1],0,[],[],[]],[["0,9729,9729,33071,33071,0,0,1",-1],[1],0,[],[],[]],[[[0,"कमल_पाऊस_बघ",".mp3",1.593469],-1],0,0,[],[],[]],[[[0,"समीर_सरबत_पी",".mp3",1.828571],-1],0,0,[],[],[]],[["0,9729,9729,33071,33071,0,0,1",-1],[1],0,[],[],[]],[["0,9729,9729,33071,33071,0,0,1",-1],[1],0,[],[],[]],[[[1,"mr1200",{"rows":[["createsentence","1","Description","कमल/पाऊस/बघ.","","rain.png","कमल_पाऊस_बघ.mp3"],["createsentence","1","Description","रमा/इमारत/बघ","","building.png","रमा_इमारत_बघ.mp3"],["createsentence","1","Description","उमा/सरबत/कर","","lemonade.png","उमा_सरबत_कर.mp3"],["createsentence","1","Description","सलीम/लवकर/चल","","boy_fast_walk.png","सलीम_लवकर_चल.mp3"],["createsentence","1","Description","समीर/सरबत/पी","","Boy_drink.png","समीर_सरबत_पी.mp3"],["createsentence","1","Description","नाना/कप/उचल","","cup.png","नाना_कप_उचल.mp3"],["quizliteracy","1","Description","soundonly_sentence","रमा इमारत बघ","उमा सरबत कर","रमा इमारत बघ","सलीम लवकर चल","","","रमा_इमारत_बघ.mp3"],["quizliteracy","1","Description","sentence_sentence","उमा सरबत कर","रमा इमारत बघ","सलीम लवकर चल","उमा सरबत कर","","योग्य निवडा","उमा_सरबत_कर.mp3"],["quizliteracy","1","Description","image_sentence","सलीम लवकर चल","सलीम लवकर चल","उमा सरबत कर","रमा इमारत बघ","boy_fast_walk.png","","सलीम_लवकर_चल.mp3"]]}]],0,0,[],[],[]],[[[0,"सलीम_लवकर_चल",".mp3",1.828571],-1],0,0,[],[],[]],[[[0,"नाना_कप_उचल",".mp3",1.776327],-1],0,0,[],[],[]],[[{"name":"building","rect":[0,0,480,640],"offset":[0,0],"originalSize":[480,640],"capInsets":[0,0,0,0]}],[0],0,[0],[0],[5]]]]