[1,["e5wI6+Jw1Fe5RfLN3HUhrR","3bnc22LeBEO6FVS94Z8GFO","89ReNiPnhLz49W2zeuL8bm","31LZF/ZptC86Qg2ur+mU4a","11G9D2yhxICbeK74nDpvVk","b3YH4Xa5RCYLrdtlLEsVUL","a9XXI8zL1CzIJTdZI7PF52"],["_textureSetter"],["cc.SpriteFrame","cc.Texture2D",["cc.AudioClip",["_name","_native","duration"],0],["cc.JsonAsset",["_name","json"],1]],[[2,0,1,2,4],[3,0,1,3]],[[[{"name":"spatula","rect":[0,0,512,341],"offset":[0,0],"originalSize":[512,341],"capInsets":[0,0,0,0]}],[0],0,[0],[0],[0]],[["0,9729,9729,33071,33071,0,0,1",-1],[1],0,[],[],[]],[[{"name":"hen","rect":[0,0,494,500],"offset":[0,0],"originalSize":[494,500],"capInsets":[0,0,0,0]}],[0],0,[0],[0],[1]],[[[0,"ಚೇಳು",".mp3",0.72],-1],0,0,[],[],[]],[["0,9729,9729,33071,33071,0,0,1",-1],[1],0,[],[],[]],[["0,9729,9729,33071,33071,0,0,1",-1],[1],0,[],[],[]],[[[0,"ಕೆರೆ",".mp3",0.624],-1],0,0,[],[],[]],[[{"name":"soldier","rect":[0,0,500,333],"offset":[0,0],"originalSize":[500,333],"capInsets":[0,0,0,0]}],[0],0,[0],[0],[2]],[[[0,"ಸೈನಿಕ",".mp3",0.888],-1],0,0,[],[],[]],[[[0,"ಕೋಳಿ",".mp3",0.696],-1],0,0,[],[],[]],[[[0,"ನೊಣ",".mp3",0.6],-1],0,0,[],[],[]],[["0,9729,9729,33071,33071,0,0,1",-1],[1],0,[],[],[]],[[{"name":"lake","rect":[0,0,512,288],"offset":[0,0],"originalSize":[512,288],"capInsets":[0,0,0,0]}],[0],0,[0],[0],[3]],[["0,9729,9729,33071,33071,0,0,1",-1],[1],0,[],[],[]],[[[0,"ಗೋಡೆ",".mp3",0.72],-1],0,0,[],[],[]],[["0,9729,9729,33071,33071,0,0,1",-1],[1],0,[],[],[]],[[{"name":"scorpion","rect":[0,0,512,326],"offset":[0,0],"originalSize":[512,326],"capInsets":[0,0,0,0]}],[0],0,[0],[0],[4]],[[{"name":"wall","rect":[0,0,500,333],"offset":[0,0],"originalSize":[500,333],"capInsets":[0,0,0,0]}],[0],0,[0],[0],[5]],[[{"name":"fly","rect":[0,0,512,384],"offset":[0,0],"originalSize":[512,384],"capInsets":[0,0,0,0]}],[0],0,[0],[0],[6]],[["0,9729,9729,33071,33071,0,0,1",-1],[1],0,[],[],[]],[[[1,"kn2410",{"rows":[["spelldoor","1","Description","ನೊಣ","**","0","0","fly.png","ನೊಣ.mp3"],["spelldoor","1","Description","ಗೋಡೆ","**","0","0","wall.png","ಗೋಡೆ.mp3"],["spelldoor","1","Description","ಚೇಳು","**","0","0","scorpion.png","ಚೇಳು.mp3"],["spelldoor","1","Description","ಕೆರೆ","**","0","0","lake.png","ಕೆರೆ.mp3"],["spelldoor","1","Description","ಸೈನಿಕ","***","0","0","soldier.png","ಸೈನಿಕ.mp3"],["spelldoor","1","Description","ಸೌಟು","**","0","0","spatula.png","ಸೌಟು.mp3"],["spelldoor","1","Description","ಕೋಳಿ","**","0","0","hen.png","ಕೋಳಿ.mp3"],["quizliteracy","1","Description","word_word","ನೊ","ನೊ","ಸೊ","ಡೊ","","__ಣ","ನೊಣ.mp3"],["quizliteracy","1","Description","image_word","ಚೇಳು","ಸೈನಿಕ","ಚೇಳು","ಕೋಳಿ","scorpion.png","","ಚೇಳು.mp3"],["quizliteracy","1","Description","image_word","ಸೌಟು","ಸೌಟು","ಕೆರೆ","ನೊಣ","spatula.png","","ಸೌಟು.mp3"]]}]],0,0,[],[],[]],[[[0,"ಸೌಟು",".mp3",0.84],-1],0,0,[],[],[]]]]