[1,["42Q7/lwRJNgYW4m31358RR","a31XH8tw1FRLs0Z56uQ91c","5d6xBJe5xHOY/0Tr6nl28A"],["_textureSetter"],["cc.SpriteFrame","cc.Texture2D",["cc.AudioClip",["_name","_native","duration"],0],["cc.JsonAsset",["_name","json"],1]],[[2,0,1,2,4],[3,0,1,3]],[[[[0,"बस",".mp3",0.914286],-1],0,0,[],[],[]],[[{"name":"almond","rect":[0,0,640,427],"offset":[0,0],"originalSize":[640,427],"capInsets":[0,0,0,0]}],[0],0,[0],[0],[0]],[[[0,"बदाम",".mp3",1.018776],-1],0,0,[],[],[]],[[[0,"ब",".mp3",0.783673],-1],0,0,[],[],[]],[["0,9729,9729,33071,33071,0,0,1",-1],[1],0,[],[],[]],[["0,9729,9729,33071,33071,0,0,1",-1],[1],0,[],[],[]],[["0,9729,9729,33071,33071,0,0,1",-1],[1],0,[],[],[]],[[[0,"बदक",".mp3",0.914286],-1],0,0,[],[],[]],[[{"name":"bus","rect":[0,0,640,480],"offset":[0,0],"originalSize":[640,480],"capInsets":[0,0,0,0]}],[0],0,[0],[0],[1]],[[[1,"mr0122",{"rows":[["balloonpop","1","Description","2","ब","3","न,फ,ब","ब.mp3"],["phonictractor","1","Description","5","ब","ब.mp3","ब","ब.mp3"],["writeletter","1","Description","ब","बदाम"],["writecard","1","Description","ब","बदाम","almond.png","बदाम.mp3","बदक","duck.png","बदक.mp3","बस","bus.png","बस.mp3"],["quizliteracy","1","Description","soundonly_word","ब","द","ब","ऐ","","","ब.mp3"],["quizliteracy","1","Description","word_word","ब","ट","द","ब","","ब"],["quizliteracy","1","Description","soundonly_word","ब","द","ब","ऐ","","","ब.mp3"]]}]],0,0,[],[],[]],[[{"name":"duck","rect":[0,0,640,527],"offset":[0,0],"originalSize":[640,527],"capInsets":[0,0,0,0]}],[0],0,[0],[0],[2]]]]