[1,["88GO7myDFIYKGjeHx4fUpj","f8P8xAcVlI0KF61ZKsi41s","2fTF5pbDdPWJZdD3fLr2l+","3f7wfqKVFInZoyVLfvVRBX","91ur4fBa9HuoxEta/xio5E","b3zXrUCbBHAbBtFab7J0MM","44UdIGNy5DdL4YBcgXzldr","1fFvKt/6NMFa5aBwHnqsF5","a8eEvhWPdGzrL1VzjBKu3e","0ewzTqocpB/rFD57p4fckG","6d2y5+a9lJL7pLEZVhGTVf","8cD8HuaOFBELcN2v6fOYBp","6dhN63qTxNjLXKlHkqmSzE","9dRLM3+QtDFL6bDr13iQsL","05j2bl7+VMnIpObbiqQhHG"],["_textureSetter"],["cc.Texture2D","cc.SpriteFrame",["cc.AudioClip",["_name","_native","duration"],0],["cc.JsonAsset",["_name","json"],1]],[[2,0,1,2,4],[3,0,1,3]],[[[[0,"starfish",".mp3",1.488],-1],0,0,[],[],[]],[[[0,"cats",".mp3",1.032],-1],0,0,[],[],[]],[["1,9729,9729,33071,33071,0,0,1",-1],[0],0,[],[],[]],[[[0,"head",".mp3",0.888],-1],0,0,[],[],[]],[[[0,"spots",".mp3",1.248],-1],0,0,[],[],[]],[[[0,"elephant",".mp3",1.272],-1],0,0,[],[],[]],[["0,9729,9729,33071,33071,0,0,1",-1],[0],0,[],[],[]],[[[0,"trunk",".mp3",1.056],-1],0,0,[],[],[]],[[[0,"big",".mp3",0.936],-1],0,0,[],[],[]],[[[0,"deer",".mp3",1.008],-1],0,0,[],[],[]],[[[0,"fur",".mp3",0.84],-1],0,0,[],[],[]],[["1,9729,9729,33071,33071,0,0,1",-1],[0],0,[],[],[]],[[[0,"hen",".mp3",0.912],-1],0,0,[],[],[]],[[[0,"duck",".mp3",1.032],-1],0,0,[],[],[]],[[[0,"toucan",".mp3",1.008],-1],0,0,[],[],[]],[["1,9729,9729,33071,33071,0,0,1",-1],[0],0,[],[],[]],[[[0,"antenna",".mp3",1.104],-1],0,0,[],[],[]],[[[0,"leopard",".mp3",1.152],-1],0,0,[],[],[]],[[[0,"fish",".mp3",1.032],-1],0,0,[],[],[]],[[{"name":"image_9_2","rect":[0,0,845,695],"offset":[0,0],"originalSize":[845,695],"capInsets":[0,0,0,0]}],[1],0,[0],[0],[0]],[[[0,"boar",".mp3",0.96],-1],0,0,[],[],[]],[["1,9729,9729,33071,33071,0,0,1",-1],[0],0,[],[],[]],[[[0,"legs",".mp3",1.104],-1],0,0,[],[],[]],[["1,9729,9729,33071,33071,0,0,1",-1],[0],0,[],[],[]],[[{"name":"image_9_1","rect":[0,0,845,695],"offset":[0,0],"originalSize":[845,695],"capInsets":[0,0,0,0]}],[1],0,[0],[0],[1]],[[{"name":"image_6_3","rect":[0,0,845,695],"offset":[0,0],"originalSize":[845,695],"capInsets":[0,0,0,0]}],[1],0,[0],[0],[2]],[[[0,"tusk",".mp3",1.056],-1],0,0,[],[],[]],[[{"name":"image_6_4","rect":[0,0,845,695],"offset":[0,0],"originalSize":[845,695],"capInsets":[0,0,0,0]}],[1],0,[0],[0],[3]],[[[0,"rat",".mp3",1.008],-1],0,0,[],[],[]],[[{"name":"image_18_4","rect":[0,0,845,695],"offset":[0,0],"originalSize":[845,695],"capInsets":[0,0,0,0]}],[1],0,[0],[0],[4]],[[[0,"stripes",".mp3",1.416],-1],0,0,[],[],[]],[[[0,"farmanimals",".mp3",1.776],-1],0,0,[],[],[]],[[{"name":"lion","rect":[36,36,846,594],"offset":[0,0],"originalSize":[918,666],"capInsets":[0,0,0,0]}],[1],0,[0],[0],[5]],[[[0,"wild_animals",".mp3",1.848],-1],0,0,[],[],[]],[[[0,"octopus",".mp3",1.488],-1],0,0,[],[],[]],[[[0,"flamingo",".mp3",1.32],-1],0,0,[],[],[]],[[[0,"snake",".mp3",1.152],-1],0,0,[],[],[]],[[{"name":"image_9_4","rect":[0,0,845,695],"offset":[0,0],"originalSize":[845,695],"capInsets":[0,0,0,0]}],[1],0,[0],[0],[6]],[[[0,"whiskers",".mp3",1.32],-1],0,0,[],[],[]],[["1,9729,9729,33071,33071,0,0,1",-1],[0],0,[],[],[]],[["1,9729,9729,33071,33071,0,0,1",-1],[0],0,[],[],[]],[[[1,"en1902",{"rows":[["tag","1","Description","image_17_3.jpg","cats","708.-1508","cats.mp3","big","882.-860","big.mp3","small","1155.-494","small.mp3","stripes","322.-1245","stripes.mp3","spots","361.-567","spots.mp3"],["tag","1","Description","image_18_4.jpg","animals","280.-1520","animals.mp3","fish","1358.-1312","fish.mp3","snake","764.-1259","snake.mp3","flamingo","905.-496","flamingo.mp3","duck","1352.-414","duck.mp3","kitten","182.-957","kitten.mp3","giraffe","573.-750","giraffe.mp3"],["tag","1","Description","image_9_1.jpg","lion","1106.-1477","lion.mp3","teeth","1128.-805","teeth.mp3","mane","468.-1291","mane.mp3","legs","776.-569","legs.mp3"],["tag","1","Description","image_9_2.jpg","rat","1066.-1437","rat.mp3","tail","368.-449","tail.mp3","whiskers","1214.-1085","whiskers.mp3","fur","425.-1085","fur.mp3","paw","1214.-449","paw.mp3"],["tag","1","Description","image_9_3.jpg","bee","1095.-1442","bee.mp3","wing","1231.-871","wing.mp3","antenna","249.-808","antenna.mp3","head","354.-1171","head.mp3","leg","909.-569","leg.mp3"],["tag","1","Description","image_9_4.jpg","elephant","298.-1535","elephant.mp3","trunk","1209.-1244","trunk.mp3","tusk","1302.-674","tusk.mp3","back","354.-1171","back.mp3","ear","575.-674","ear.mp3"],["tag","1","Description","image_6_1.jpg","sea animals","735.-973","sea_animals.mp3","octopus","1054.-465","octopus.mp3","dolphin","1043.-1088","dolphin.mp3","turtle","254.-465","turtle.mp3","starfish","254.-1388","starfish.mp3"],["tag","1","Description","image_6_2.jpg","wild animals","1045.-465","wild_animals.mp3","leopard","1297.-1150","leopard.mp3","boar","1060.-950","boar.mp3","deer","322.-714","deer.mp3","toucan","531.-1479","toucan.mp3"],["tag","1","Description","image_6_3.jpg","farm animals","725.-637","farmanimals.mp3","hen","1321.-1355","hen.mp3","horse","690.-972","horse.mp3","sheep","1355.-842","sheep.mp3","duck","197.-1255","duck.mp3"],["tag","1","Description","image_6_4.jpg","animals","728.-1480","animals.mp3","elephant","1243.-1012","elephant.mp3","giraffe","354.-1105","giraffe.mp3","buffalo","1188.-490","buffalo.mp3","zebra","473.-490","zebra.mp3"],["quizliteracy","1","Description","image_word","rat","rat","red","ram","rat.png"],["quizliteracy","1","Description","soundonly_word","fish","tree","fish","lion","","","fish.mp3"],["quizliteracy","1","Description","soundonly_image","hen.png","cat.png","duck.jpg","hen.png","","","hen.mp3"],["quizliteracy","1","Description","image_word","lion","lion","tiger","bear","lion.png"],["quizliteracy","1","Description","soundonly_image","duck.jpg","cat.png","duck.jpg","hen.png","","","duck.mp3"]]}]],0,0,[],[],[]],[[[0,"wing",".mp3",0.936],-1],0,0,[],[],[]],[[{"name":"image_9_3","rect":[0,0,845,695],"offset":[0,0],"originalSize":[845,695],"capInsets":[0,0,0,0]}],[1],0,[0],[0],[7]],[[[0,"horse",".mp3",1.128],-1],0,0,[],[],[]],[[{"name":"image_6_1","rect":[0,0,845,695],"offset":[0,0],"originalSize":[845,695],"capInsets":[0,0,0,0]}],[1],0,[0],[0],[8]],[["1,9729,9729,33071,33071,0,0,1",-1],[0],0,[],[],[]],[["0,9729,9729,33071,33071,0,0,1",-1],[0],0,[],[],[]],[[{"name":"rat","rect":[0,0,1200,1000],"offset":[0,0],"originalSize":[1200,1000],"capInsets":[0,0,0,0]}],[1],0,[0],[0],[9]],[[[0,"ear",".mp3",0.768],-1],0,0,[],[],[]],[["1,9729,9729,33071,33071,0,0,1",-1],[0],0,[],[],[]],[[[0,"leg",".mp3",0.96],-1],0,0,[],[],[]],[[[0,"animals",".mp3",1.296],-1],0,0,[],[],[]],[["0,9729,9729,33071,33071,0,0,1",-1],[0],0,[],[],[]],[[[0,"turtle",".mp3",0.984],-1],0,0,[],[],[]],[[[0,"lion",".mp3",1.032],-1],0,0,[],[],[]],[[[0,"mane",".mp3",1.056],-1],0,0,[],[],[]],[[[0,"kitten",".mp3",0.96],-1],0,0,[],[],[]],[["1,9729,9729,33071,33071,0,0,1",-1],[0],0,[],[],[]],[[[0,"teeth",".mp3",0.888],-1],0,0,[],[],[]],[[[0,"buffalo",".mp3",1.224],-1],0,0,[],[],[]],[["0,9729,9729,33071,33071,0,0,1",-1],[0],0,[],[],[]],[[{"name":"duck","rect":[0,0,800,533],"offset":[0,0],"originalSize":[800,533],"capInsets":[0,0,0,0]}],[1],0,[0],[0],[10]],[[[0,"back",".mp3",1.008],-1],0,0,[],[],[]],[[{"name":"cat","rect":[0,0,1111,820],"offset":[0,0],"originalSize":[1111,820],"capInsets":[0,0,0,0]}],[1],0,[0],[0],[11]],[[{"name":"image_6_2","rect":[0,0,845,695],"offset":[0,0],"originalSize":[845,695],"capInsets":[0,0,0,0]}],[1],0,[0],[0],[12]],[[[0,"giraffe",".mp3",1.32],-1],0,0,[],[],[]],[[[0,"bee",".mp3",0.936],-1],0,0,[],[],[]],[[[0,"dolphin",".mp3",1.224],-1],0,0,[],[],[]],[[[0,"tail",".mp3",0.864],-1],0,0,[],[],[]],[[[0,"sheep",".mp3",0.984],-1],0,0,[],[],[]],[[{"name":"hen","rect":[36,36,846,594],"offset":[0,0],"originalSize":[918,666],"capInsets":[0,0,0,0]}],[1],0,[0],[0],[13]],[[[0,"small",".mp3",1.08],-1],0,0,[],[],[]],[[[0,"zebra",".mp3",1.152],-1],0,0,[],[],[]],[[{"name":"image_17_3","rect":[0,0,845,731],"offset":[0,0],"originalSize":[845,731],"capInsets":[0,0,0,0]}],[1],0,[0],[0],[14]],[["1,9729,9729,33071,33071,0,0,1",-1],[0],0,[],[],[]],[[[0,"sea_animals",".mp3",1.728],-1],0,0,[],[],[]],[[[0,"paw",".mp3",0.72],-1],0,0,[],[],[]]]]