[1,["5a6DFtjMxEm6Lol4WoOH31","96QUpGO4NME7P/FHEVOvPL","25djOnzmpDSaBe+dgHFTmp","f8Eby6/dlHqZNTvsFsypOl"],["_textureSetter"],["cc.SpriteFrame","cc.Texture2D",["cc.AudioClip",["_name","_native","duration"],0],["cc.JsonAsset",["_name","json"],1]],[[2,0,1,2,4],[3,0,1,3]],[[[{"name":"spelling_three","rect":[0,0,370,273],"offset":[0,0],"originalSize":[370,273],"capInsets":[0,0,0,0]}],[0],0,[0],[0],[0]],[[[0,"there",".mp3",0.888],-1],0,0,[],[],[]],[[[0,"shape",".mp3",1.008],-1],0,0,[],[],[]],[[{"name":"brother","rect":[141,78,293,298],"offset":[-2.5,3],"originalSize":[580,460],"capInsets":[0,0,0,0]}],[0],0,[0],[0],[1]],[["0,9729,9729,33071,33071,0,0,1",-1],[1],0,[],[],[]],[[[0,"test",".mp3",1.08],-1],0,0,[],[],[]],[["0,9729,9729,33071,33071,0,0,1",-1],[1],0,[],[],[]],[[[0,"chat",".mp3",1.008],-1],0,0,[],[],[]],[[[0,"them",".mp3",0.936],-1],0,0,[],[],[]],[[[1,"en1603",{"rows":[["rocket","1","Description","father","a,b,c,d,e,f,g,h,i,j,k,l,m,n,o,p,q,r,s,t,u,v,w,x,y,z","f,a,t,h,e,r","father.mp3","father.png","true","false"],["rocket","1","Description","mother","a,b,c,d,e,f,g,h,i,j,k,l,m,n,o,p,q,r,s,t,u,v,w,x,y,z","m,o,t,h,e,r","mother.mp3","mother.png","true","false"],["speakingpet","1","Description","th.mp3","ch.mp3","there","there.mp3","A","1,2","them","them.mp3","A","1,2","chat","chat.mp3","B","1,2","chew","chew.mp3","B","1,2"],["speakingpet","1","Description","th.mp3","sh.mp3","they","they.mp3","A","1,2","them","them.mp3","A","1,2","shape","shape.mp3","B","1,2","shirt","shirt.mp3","B","1,2"],["speakingpet","1","Description","th.mp3","t.mp3","that","that.mp3","A","1,2","tall","tall.mp3","B","1","team","team.mp3","B","1","test","test.mp3","B","1"],["spelldoor","1","Description","three","*****","3","2","spelling_three.png","three.mp3"],["spelldoor","1","Description","three","*hree","2","0","spelling_three.png","three.mp3"],["quizliteracy","1","Description","soundonly_word","father","father","mother","brother","","","father.mp3"],["quizliteracy","1","Description","soundonly_image","mother.png","father.png","mother.png","brother.png","","","mother.mp3"],["quizliteracy","1","Description","word_word","th","th","wh","sh","","__ree","three.mp3"],["quizliteracy","1","Description","soundonly_word","there","this","there","they","","","there.mp3"],["quizliteracy","1","Description","soundonly_word","that","they","that","this","","","that.mp3"]]}]],0,0,[],[],[]],[[[0,"tall",".mp3",0.864],-1],0,0,[],[],[]],[[[0,"that",".mp3",0.984],-1],0,0,[],[],[]],[[[0,"three",".mp3",0.936],-1],0,0,[],[],[]],[[[0,"mother",".mp3",0.96],-1],0,0,[],[],[]],[["0,9729,9729,33071,33071,0,0,1",-1],[1],0,[],[],[]],[[[0,"chew",".mp3",0.936],-1],0,0,[],[],[]],[[[0,"father",".mp3",1.08],-1],0,0,[],[],[]],[[[0,"ch",".mp3",1.32],-1],0,0,[],[],[]],[[[0,"sh",".mp3",1.224],-1],0,0,[],[],[]],[[[0,"th",".mp3",1.152],-1],0,0,[],[],[]],[[[0,"team",".mp3",0.84],-1],0,0,[],[],[]],[[[0,"they",".mp3",0.864],-1],0,0,[],[],[]],[[[0,"t",".mp3",0.816],-1],0,0,[],[],[]],[[{"name":"mother","rect":[137,46,324,367],"offset":[9,0.5],"originalSize":[580,460],"capInsets":[0,0,0,0]}],[0],0,[0],[0],[2]],[[[0,"shirt",".mp3",1.128],-1],0,0,[],[],[]],[[{"name":"father","rect":[153,65,269,322],"offset":[-2.5,4],"originalSize":[580,460],"capInsets":[0,0,0,0]}],[0],0,[0],[0],[3]],[["0,9729,9729,33071,33071,0,0,1",-1],[1],0,[],[],[]]]]