[1,["dbQl9hMftCjK3h1e5LrZMG","b4vrOsLPpF7qgmzAq2qSjk","e1jh6CHqJBY7yxXBfOuqlk","9dhdrkFxBCQZTeOtC5NxFl","9f4W+ZoKtBAIC2aFxn5S1A","49w4Ajb6VJb5IkEvjV7F1t","91R9JZrnxIj7RVXp6+/EXR","1aJ77ibXdH6azP2JP9+iPk","52LMnbBBdBo7vRQfVLvNaz","ad9SOcTLhBp7jG+y4ZK0fX","12dG7C9NlCqqFXuau+dKEQ","ea4mHkVm5JUaI0y08ArJxb","d7ijOEys1D6oG4SdjhzL8q","36hS7UMbNFUJ5BsxABZa8c","6cZGF2oTFOr48UV/4pEa9Z","b1EklZ0lxD/pgk8nIKK0JO","51EjO8wVpGnLuNP26C2SV7","d7MIbiWPlD4KDLONLtCi3G","6at9+3PRdKGZ8uVNnL52X0"],["_textureSetter"],["cc.Texture2D","cc.SpriteFrame",["cc.JsonAsset",["_name","json"],1],["cc.AudioClip",["_name","_native","duration"],0]],[[3,0,1,2,4],[2,0,1,3]],[[["0,9729,9729,33071,33071,0,0,1",-1],[0],0,[],[],[]],[[[1,"mr0900",{"rows":[["openwindow","1","Description","LEGIT","ती,न","three.png","ball.png","तीन.mp3","ती,न"],["openwindow","1","Description","LEGIT","ता,ट","plate.png","apple.png","ताट.mp3","ता,ट"],["openwindow","1","Description","LEGIT","मा,सा","fish.png","shiva.png","मासा.mp3","मा,सा"],["openwindow","1","Description","LEGIT","दा,दा","brother.png","sky.png","दादा.mp3","दा,दा"],["openwindow","1","Description","LEGIT","वि,मा,न","aeroplane.png","nose.png","विमान.mp3","वि,मा,न"],["openwindow","1","Description","LEGIT","चि,म,णी","sparrow.png","elephant.png","चिमणी.mp3","चि,म,णी"],["openwindow","1","Description","LEGIT","र,वी","sun.png","dog.png","रवी.mp3","र,वी"],["openwindow","1","Description","LEGIT","क,णी,स","corn.png","bell.png","कणीस.mp3","क,णी,स"],["openwindow","1","Description","LEGIT","बा,हु,ली","doll.png","doctor.png","बाहुली.mp3","बा,हु,ली"],["openwindow","1","Description","LEGIT","झु,र,ळ","cockroach.png","plate.png","झुरळ.mp3","झु,र,ळ"],["quizliteracy","1","Description","image_word","मासा","मासा","चिमणी","बाहुली","fish.png"],["quizliteracy","1","Description","image_word","चिमणी","बाहुली","मासा","चिमणी","sparrow.png"],["quizliteracy","1","Description","image_word","बाहुली","चिमणी","बाहुली","मासा","doll.png"]]}]],0,0,[],[],[]],[["0,9729,9729,33071,33071,0,0,1",-1],[0],0,[],[],[]],[[[0,"चिमणी",".mp3",0.992653],-1],0,0,[],[],[]],[[[0,"तीन",".mp3",0.783673],-1],0,0,[],[],[]],[[[0,"मासा",".mp3",0.966531],-1],0,0,[],[],[]],[["0,9729,9729,33071,33071,0,0,1",-1],[0],0,[],[],[]],[[{"name":"cockroach","rect":[0,0,640,387],"offset":[0,0],"originalSize":[640,387],"capInsets":[0,0,0,0]}],[1],0,[0],[0],[0]],[[[0,"ताट",".mp3",0.705306],-1],0,0,[],[],[]],[[{"name":"brother","rect":[0,0,640,427],"offset":[0,0],"originalSize":[640,427],"capInsets":[0,0,0,0]}],[1],0,[0],[0],[1]],[["0,9729,9729,33071,33071,0,0,1",-1],[0],0,[],[],[]],[[{"name":"nose","rect":[0,0,640,456],"offset":[0,0],"originalSize":[640,456],"capInsets":[0,0,0,0]}],[1],0,[0],[0],[2]],[[[0,"विमान",".mp3",1.044898],-1],0,0,[],[],[]],[["0,9729,9729,33071,33071,0,0,1",-1],[0],0,[],[],[]],[["0,9729,9729,33071,33071,0,0,1",-1],[0],0,[],[],[]],[[{"name":"apple","rect":[112,72,414,490],"offset":[-1,3],"originalSize":[640,640],"capInsets":[0,0,0,0]}],[1],0,[0],[0],[3]],[[{"name":"three","rect":[194,136,310,426],"offset":[29,-29],"originalSize":[640,640],"capInsets":[0,0,0,0]}],[1],0,[0],[0],[4]],[[{"name":"sun","rect":[0,0,640,427],"offset":[0,0],"originalSize":[640,427],"capInsets":[0,0,0,0]}],[1],0,[0],[0],[5]],[["0,9729,9729,33071,33071,0,0,1",-1],[0],0,[],[],[]],[["0,9729,9729,33071,33071,0,0,1",-1],[0],0,[],[],[]],[[[0,"कणीस",".mp3",0.888163],-1],0,0,[],[],[]],[["0,9729,9729,33071,33071,0,0,1",-1],[0],0,[],[],[]],[[{"name":"ball","rect":[0,0,640,640],"offset":[0,0],"originalSize":[640,640],"capInsets":[0,0,0,0]}],[1],0,[0],[0],[6]],[["0,9729,9729,33071,33071,0,0,1",-1],[0],0,[],[],[]],[["0,9729,9729,33071,33071,0,0,1",-1],[0],0,[],[],[]],[[{"name":"sparrow","rect":[0,0,640,411],"offset":[0,0],"originalSize":[640,411],"capInsets":[0,0,0,0]}],[1],0,[0],[0],[7]],[[{"name":"bell","rect":[0,0,636,640],"offset":[0,0],"originalSize":[636,640],"capInsets":[0,0,0,0]}],[1],0,[0],[0],[8]],[["0,9729,9729,33071,33071,0,0,1",-1],[0],0,[],[],[]],[["0,9729,9729,33071,33071,0,0,1",-1],[0],0,[],[],[]],[[{"name":"plate","rect":[0,0,606,640],"offset":[0,0],"originalSize":[606,640],"capInsets":[0,0,0,0]}],[1],0,[0],[0],[9]],[[[0,"दादा",".mp3",0.914286],-1],0,0,[],[],[]],[["0,9729,9729,33071,33071,0,0,1",-1],[0],0,[],[],[]],[[{"name":"fish","rect":[0,0,615,435],"offset":[0,0],"originalSize":[615,435],"capInsets":[0,0,0,0]}],[1],0,[0],[0],[10]],[[{"name":"doctor","rect":[49,0,503,600],"offset":[0.5,0],"originalSize":[600,600],"capInsets":[0,0,0,0]}],[1],0,[0],[0],[11]],[[[0,"बाहुली",".mp3",1.07102],-1],0,0,[],[],[]],[[{"name":"aeroplane","rect":[0,0,640,483],"offset":[0,0],"originalSize":[640,483],"capInsets":[0,0,0,0]}],[1],0,[0],[0],[12]],[[{"name":"doll","rect":[0,0,640,640],"offset":[0,0],"originalSize":[640,640],"capInsets":[0,0,0,0]}],[1],0,[0],[0],[13]],[[[0,"झुरळ",".mp3",0.992653],-1],0,0,[],[],[]],[[{"name":"dog","rect":[0,0,640,480],"offset":[0,0],"originalSize":[640,480],"capInsets":[0,0,0,0]}],[1],0,[0],[0],[14]],[[[0,"रवी",".mp3",0.966531],-1],0,0,[],[],[]],[["0,9729,9729,33071,33071,0,0,1",-1],[0],0,[],[],[]],[["0,9729,9729,33071,33071,0,0,1",-1],[0],0,[],[],[]],[["0,9729,9729,33071,33071,0,0,1",-1],[0],0,[],[],[]],[[{"name":"shiva","rect":[0,0,450,600],"offset":[0,0],"originalSize":[450,600],"capInsets":[0,0,0,0]}],[1],0,[0],[0],[15]],[["0,9729,9729,33071,33071,0,0,1",-1],[0],0,[],[],[]],[[{"name":"corn","rect":[144,0,311,600],"offset":[-0.5,0],"originalSize":[600,600],"capInsets":[0,0,0,0]}],[1],0,[0],[0],[16]],[[{"name":"sky","rect":[0,0,640,480],"offset":[0,0],"originalSize":[640,480],"capInsets":[0,0,0,0]}],[1],0,[0],[0],[17]],[["0,9729,9729,33071,33071,0,0,1",-1],[0],0,[],[],[]],[[{"name":"elephant","rect":[0,0,640,480],"offset":[0,0],"originalSize":[640,480],"capInsets":[0,0,0,0]}],[1],0,[0],[0],[18]]]]