[1,["5eVc91jhJIDpAZLqcpIStq","02ZjRMTJ9Edb1AfAlYRX5E","089YID2hNNTYmecduwZuBW","15U8QFNY9BZ7jRVeszLdIR","acTUgXvDJH36ntVPdl+/kl","9eupiBJCBNr5W/J0BN2bG1","20cTupDLZF4rXjbofskdGa","efoRlWPAlPTqg4MqxIeaxm","eaNz+68g5EBaKRzHkz+Ba/","22+tY2n2tD6b+fj12xRzbc","e6Eup7JfNGrqjz45d3Ay26","24wjuB5PhKC4IG7QxeTGrj"],["_textureSetter"],["cc.Texture2D","cc.SpriteFrame",["cc.AudioClip",["_name","_native","duration"],0],["cc.JsonAsset",["_name","json"],1]],[[2,0,1,2,4],[3,0,1,3]],[[[[0,"मुर्गे_रोज_सुबह_कुकुडुकु_करती_हैं",".mp3",3.213061],-1],0,0,[],[],[]],[["1,9729,9729,33071,33071,0,0,1",-1],[0],0,[],[],[]],[["0,9729,9729,33071,33071,0,0,1",-1],[0],0,[],[],[]],[["0,9729,9729,33071,33071,0,0,1",-1],[0],0,[],[],[]],[[[0,"बच्चों_ने_ऊँची_छलांग_लगाई",".mp3",2.688],-1],0,0,[],[],[]],[[{"name":"l2_pinkballoons","rect":[0,0,868,689],"offset":[0,0],"originalSize":[868,689],"capInsets":[0,0,0,0]}],[1],0,[0],[0],[0]],[["0,9729,9729,33071,33071,0,0,1",-1],[0],0,[],[],[]],[["0,9729,9729,33071,33071,0,0,1",-1],[0],0,[],[],[]],[[{"name":"Theroostercrowsevery_morning","rect":[0,0,1073,1157],"offset":[0,0],"originalSize":[1073,1157],"capInsets":[0,0,0,0]}],[1],0,[0],[0],[1]],[[{"name":"l2_yellowballoons","rect":[0,0,868,689],"offset":[0,0],"originalSize":[868,689],"capInsets":[0,0,0,0]}],[1],0,[0],[0],[2]],[["0,9729,9729,33071,33071,0,0,1",-1],[0],0,[],[],[]],[[{"name":"l2_blueballoons","rect":[0,0,868,689],"offset":[0,0],"originalSize":[868,689],"capInsets":[0,0,0,0]}],[1],0,[0],[0],[3]],[[[0,"पक्षी_कुत्ते_से_छोटा_होता_है।",".mp3",2.638367],-1],0,0,[],[],[]],[[[0,"वैन_सडक_से_नीचे_उतर_गई",".mp3",3.24],-1],0,0,[],[],[]],[[{"name":"l3_4balls","rect":[0,0,868,689],"offset":[0,0],"originalSize":[868,689],"capInsets":[0,0,0,0]}],[1],0,[0],[0],[4]],[[{"name":"Thesunshinesbrightly","rect":[0,0,1073,793],"offset":[0,0],"originalSize":[1073,793],"capInsets":[0,0,0,0]}],[1],0,[0],[0],[5]],[[{"name":"l4_dogbird","rect":[0,0,868,689],"offset":[0,0],"originalSize":[868,689],"capInsets":[0,0,0,0]}],[1],0,[0],[0],[6]],[[[0,"दिशा_ने_पिछले_हफ़्ते_अपने_पिता_की_मदद_करी",".mp3",3.648],-1],0,0,[],[],[]],[[[0,"सभी_गेंदों_का_रंग_समान_है।",".mp3",2.690612],-1],0,0,[],[],[]],[[[0,"सूर्य_चमकता_है",".mp3",1.776327],-1],0,0,[],[],[]],[["0,9729,9729,33071,33071,0,0,1",-1],[0],0,[],[],[]],[[[0,"सभी_बाल्टियों_के_रंग_अलग-अलग_हैं",".mp3",2.904],-1],0,0,[],[],[]],[[[1,"hi1902",{"rows":[["createsentence","1","Description","मुर्गे/रोज़/सुबह/कुकुडुकु करते हैं","कुकुडुकु करती हैं","Theroostercrowsevery_morning.jpg","मुर्गे_रोज़_सुबह_कुकुडुकु_करती_हैं.mp3"],["createsentence","1","Description","सूर्य/चमकता/है","ज़ोर","Thesunshinesbrightly.jpg","सूर्य_चमकता_है.mp3"],["createsentence","1","Description","वैन/सड़क से नीचे/उतर गई","सड़क नीचे","Thevandrivesdown_the_road.jpg","वैन_सडक_से_नीचे_उतर_गई.mp3"],["fillblank","1","Description","अखिल कल डरा हुआ [दिख] रहा था।","अखिल_कल_डरा_हुआ_दिख_रहा_था.mp3","सो ","रो","भाग","15"],["fillblank","1","Description","दिशा ने पिछले हफ़्ते अपने पिता की [मदद] करी।","दिशा_ने_पिछले_हफ़्ते_अपने_पिता_की_मदद_करी.mp3","पूजा  ","छलना","चित्रकारी","15"],["fillblank","1","Description","बच्चों ने ऊँची [छलांग] लगाई।","बच्चों_ने_ऊँची_छलांग_लगाई.mp3","इमारत","पेड़","कूद","15"],["picturemeaning","1","Description","P","सभी बाल्टियों के रंग अलग-अलग हैं।","l3_3pails.png","सभी_बाल्टियों_के_रंग_अलग-अलग_हैं.mp3","सभी गेंदों का रंग समान है।","l3_4balls.png","सभी_गेंदों_का_रंग_समान_है।.mp3","सभी गाड़ियों के रंग अलग-अलग हैं।","l3_3cars.png","सभी_गाडियों_के_रंग_अलग-अलग_हैं।.mp3"],["picturemeaning","1","Description","P","बिल्ली कुत्ते से छोटी होती है।","l4_dogcat.png","बिल्ली_कुत्ते_से_छोटी_होती_है।.mp3","बिल्ली पक्षी से बड़ी होती है।","l4_catbird.png","बिल्ली_पक्षी_से_बडी_होती_है।.mp3","पक्षी कुत्ते से छोटा होता है।","l4_dogbird.png","पक्षी_कुत्ते_से_छोटा_होता_है।.mp3"],["picturemeaning","1","Description","P","सभी नीले गुब्बारे उड़ रहे हैं।","l2_blueballoons.png","सभी_नीले_गुब्बारे_उड_रहे_हैं।.mp3","सभी पीले गुब्बारे उड़ रहे हैं।","l2_yellowballoons.png","सभी_पीले_गुब्बारे_उड_रहे_हैं।.mp3","सभी गुलाबी गुब्बारे उड़ रहे हैं।","l2_pinkballoons.png","सभी_गुलाबी_गुब्बारे_उड_रहे_हैं।.mp3"],["quizliteracy","1","Description","image_sentence","मुर्गे रोज़ सुबह कुकुडुकु करते हैं","बिल्ली कुत्ते से छोटी होती है।","सूर्य चमकता है","मुर्गे रोज सुबह कुकुडुकु करते हैं","Theroostercrowsevery_morning.jpg","","मुर्गे_रोज़_सुबह_कुकुडुकु_करती_हैं.mp3"],["quizliteracy","1","Description","sentence_sentence","सूर्य चमकता है","सूर्य चमकता है","बिल्ली कुत्ते से छोटी होती है।","सभी नीले गुब्बारे उड़ रहे हैं।","","सही उत्तर चुने","सूर्य_चमकता_है.mp3"],["quizliteracy","1","Description","soundonly_image","l3_3pails.png","l3_4balls.png","l3_3pails.png","l3_3cars.png","","","सभी_बाल्टियों_के_रंग_अलग-अलग_हैं.mp3"]]}]],0,0,[],[],[]],[[{"name":"l4_catbird","rect":[0,0,868,689],"offset":[0,0],"originalSize":[868,689],"capInsets":[0,0,0,0]}],[1],0,[0],[0],[7]],[[[0,"बिल्ली_कुत्ते_से_छोटी_होती_है।",".mp3",2.56],-1],0,0,[],[],[]],[[[0,"सभी_बाल्टियों_के_रंग_अलग-अलग_होते_हैं।",".mp3",3.291429],-1],0,0,[],[],[]],[[[0,"दिशा_ने_पिछले_हफ्ते_अपने_पिता_की_मदद_की",".mp3",4.075102],-1],0,0,[],[],[]],[[[0,"मुर्गे_रोज़_सुबह_कुकुडुकु_करती_हैं",".mp3",3.192],-1],0,0,[],[],[]],[[{"name":"Thevandrivesdown_the_road","rect":[0,0,1073,1157],"offset":[0,0],"originalSize":[1073,1157],"capInsets":[0,0,0,0]}],[1],0,[0],[0],[8]],[[{"name":"l4_dogcat","rect":[0,0,878,689],"offset":[0,0],"originalSize":[878,689],"capInsets":[0,0,0,0]}],[1],0,[0],[0],[9]],[["1,9729,9729,33071,33071,0,0,1",-1],[0],0,[],[],[]],[["0,9729,9729,33071,33071,0,0,1",-1],[0],0,[],[],[]],[[[0,"अखिल_कल_डरा_हुआ_दिख_रहा_था",".mp3",2.507755],-1],0,0,[],[],[]],[[[0,"सभी_पीले_गुब्बारे_उड_रहे_हैं।",".mp3",2.873469],-1],0,0,[],[],[]],[[[0,"बच्चों_ने_ऊंची_छलांग_लगाई",".mp3",2.66449],-1],0,0,[],[],[]],[[{"name":"l3_3cars","rect":[0,0,868,689],"offset":[0,0],"originalSize":[868,689],"capInsets":[0,0,0,0]}],[1],0,[0],[0],[10]],[[{"name":"l3_3pails","rect":[0,0,868,689],"offset":[0,0],"originalSize":[868,689],"capInsets":[0,0,0,0]}],[1],0,[0],[0],[11]],[[[0,"सभी_नीले_गुब्बारे_उड_रहे_हैं।",".mp3",2.795102],-1],0,0,[],[],[]],[[[0,"बिल्ली_पक्षी_से_बडी_होती_है।",".mp3",2.56],-1],0,0,[],[],[]],[[[0,"सभी_गाडियों_के_रंग_अलग-अलग_हैं।",".mp3",5.146122],-1],0,0,[],[],[]],[[[0,"सभी_गुलाबी_गुब्बारे_उड_रहे_हैं।",".mp3",2.847347],-1],0,0,[],[],[]],[["0,9729,9729,33071,33071,0,0,1",-1],[0],0,[],[],[]],[["1,9729,9729,33071,33071,0,0,1",-1],[0],0,[],[],[]],[["0,9729,9729,33071,33071,0,0,1",-1],[0],0,[],[],[]]]]