[1,["890pf7LgVB8440l+12WWXL","f4dcERcvVA76OB+YooTj8K","6fbm1rG4dCNKW9OxqlTnO9","73MlbQCbRMqr99DWRdRRpJ"],["_textureSetter"],["cc.SpriteFrame","cc.Texture2D",["cc.AudioClip",["_name","_native","duration"],0],["cc.JsonAsset",["_name","json"],1]],[[2,0,1,2,4],[3,0,1,3]],[[[[0,"ಬಾಳೆಹಣ್ಣು",".mp3",1.008],-1],0,0,[],[],[]],[[[1,"kn3007",{"rows":[["spelldoor","1","Description","ತಾವರೆ","***","0","0","lotus.png","ತಾವರೆ.mp3"],["spelldoor","1","Description","ಬಾ,ಳೆ,ಹ,ಣ್ಣು","****","0","0","banana.png","ಬಾಳೆಹಣ್ಣು.mp3"],["spelldoor","1","Description","ಕ್ಯಾ,ರೆ,ಟ್ಟು","***","0","0","carrot.png","ಕ್ಯಾರೆಟ್ಟು.mp3"],["spelldoor","1","Description","ಕುಂಬಳ","***","0","0","pumpkin.png","ಕುಂಬಳ.mp3"],["quizliteracy","1","Description","word_word","ಹಣ್ಣು","ಕಾಯಿ","ಹಣ್ಣು","ಗಿಡ","","ಬಾಳೆ____","ಬಾಳೆಹಣ್ಣು.mp3"],["quizliteracy","1","Description","image_word","ತಾವರೆ","ತಾವರೆ","ಕ್ಯಾರೆಟ್ಟು","ಕುಂಬಳ","lotus.png"],["quizliteracy","1","Description","soundonly_word","ಕುಂಬಳ","ತಾವರೆ","ಕ್ಯಾರೆಟ್ಟು","ಕುಂಬಳ","","","ಕುಂಬಳ.mp3"]]}]],0,0,[],[],[]],[[{"name":"lotus","rect":[0,0,500,333],"offset":[0,0],"originalSize":[500,333],"capInsets":[0,0,0,0]}],[0],0,[0],[0],[0]],[[[0,"ತಾವರೆ",".mp3",0.792],-1],0,0,[],[],[]],[[[0,"ಕುಂಬಳ",".mp3",0.768],-1],0,0,[],[],[]],[[[0,"ಕ್ಯಾರೆಟ್ಟು",".mp3",0.936],-1],0,0,[],[],[]],[["0,9729,9729,33071,33071,0,0,1",-1],[1],0,[],[],[]],[["0,9729,9729,33071,33071,0,0,1",-1],[1],0,[],[],[]],[[{"name":"pumpkin","rect":[0,0,512,426],"offset":[0,0],"originalSize":[512,426],"capInsets":[0,0,0,0]}],[0],0,[0],[0],[1]],[[{"name":"carrot","rect":[0,0,512,433],"offset":[0,0],"originalSize":[512,433],"capInsets":[0,0,0,0]}],[0],0,[0],[0],[2]],[["0,9729,9729,33071,33071,0,0,1",-1],[1],0,[],[],[]],[[{"name":"banana","rect":[0,0,512,378],"offset":[0,0],"originalSize":[512,378],"capInsets":[0,0,0,0]}],[0],0,[0],[0],[3]],[["0,9729,9729,33071,33071,0,0,1",-1],[1],0,[],[],[]]]]