[1,["d4bbqbIGFGRb1aZ0xnkdgC","f3EQIP9H1MYpEBsZFK5FSa","3ced9j21lMOqOAoH+Zcsog","e9lvhw4M1LNJjdwy7FH9PI","dfm3d5ETRHm4oQXzvkn4oZ"],["_textureSetter"],["cc.Texture2D","cc.SpriteFrame",["cc.AudioClip",["_name","_native","duration"],0],["cc.JsonAsset",["_name","json"],1]],[[2,0,1,2,4],[3,0,1,3]],[[[[0,"कोमल_चलती_है",".mp3",1.462857],-1],0,0,[],[],[]],[[[0,"गेंद_उछलती_है",".mp3",1.462857],-1],0,0,[],[],[]],[["1,9729,9729,33071,33071,0,0,1",-1],[0],0,[],[],[]],[[{"name":"The_ballbounces","rect":[0,0,1073,772],"offset":[0,0],"originalSize":[1073,772],"capInsets":[0,0,0,0]}],[1],0,[0],[0],[0]],[[[1,"hi1605",{"rows":[["fillblank","1","Description","मेरे भाई छात्र [हैं]।","मेरे_भाई_छात्र_हैं.mp3","थे","रहेंगे ","होंगे ","10"],["fillblank","1","Description","गौरव के पिता एक शिक्षक [हैं]।","गौरव_के_पिता_एक_शिक्षक_हैं.mp3","बनेंगे ","थे","होंगे ","10"],["fillblank","1","Description","मैं प्यासा [हूँ]।","मैं_प्यासा_हूँ.mp3","रहूँगा ","था ","रहा ","10"],["createsentence","1","Description","कोमल/चलती/है","","komalwalks.jpg","कोमल_चलती_है.mp3"],["createsentence","1","Description","पौधा/बढ़ता/है","","The_plantgrows_(2).jpg","पौधा_बढ़ता_है.mp3"],["createsentence","1","Description","गेंद/उछलती/है","","The_ballbounces.jpg","गेंद_उछलती_है.mp3"],["createsentence","1","Description","चिड़िया/उड़ती/है","","Birdsfly.jpg","चिड़िया_उड़ती_है.mp3"],["createsentence","1","Description","गाय/खाती/है","","Iteats.jpg","गाय_खाती_है.mp3"],["quizliteracy","1","Description","sentence_sentence","हैं","बनेंगे ","हैं","होंगे ","","गौरव के पिता एक शिक्षक _______ ।","गौरव_के_पिता_एक_शिक्षक_हैं.mp3"],["quizliteracy","1","Description","sentence_sentence","हूँ","रहूँगा ","था ","हूँ","","मैं प्यासा _______ ।","मैं_प्यासा_हूँ.mp3"],["quizliteracy","1","Description","sentence_sentence","उछलती","नाचती ","उछलती","गाती","","गेंद _______है","गेंद_उछलती_है.mp3"]]}]],0,0,[],[],[]],[[[0,"मैं_प्यासा_हूँ",".mp3",1.227755],-1],0,0,[],[],[]],[[{"name":"The_plantgrows_(2)","rect":[0,0,1073,824],"offset":[0,0],"originalSize":[1073,824],"capInsets":[0,0,0,0]}],[1],0,[0],[0],[1]],[[{"name":"Iteats","rect":[0,0,1073,1157],"offset":[0,0],"originalSize":[1073,1157],"capInsets":[0,0,0,0]}],[1],0,[0],[0],[2]],[[[0,"पौधा_बढ़ता_है",".mp3",1.567347],-1],0,0,[],[],[]],[[{"name":"komalwalks","rect":[0,0,1073,1188],"offset":[0,0],"originalSize":[1073,1188],"capInsets":[0,0,0,0]}],[1],0,[0],[0],[3]],[[{"name":"Birdsfly","rect":[0,0,1073,770],"offset":[0,0],"originalSize":[1073,770],"capInsets":[0,0,0,0]}],[1],0,[0],[0],[4]],[[[0,"चिड़िया_उड़ती_है",".mp3",2.424],-1],0,0,[],[],[]],[[[0,"गौरव_के_पिता_एक_शिक्षक_हैं",".mp3",2.76898],-1],0,0,[],[],[]],[[[0,"गाय_खाती_है",".mp3",1.619592],-1],0,0,[],[],[]],[["1,9729,9729,33071,33071,0,0,1",-1],[0],0,[],[],[]],[[[0,"मेरे_भाई_छात्र_हैं",".mp3",1.802449],-1],0,0,[],[],[]],[["1,9729,9729,33071,33071,0,0,1",-1],[0],0,[],[],[]],[["1,9729,9729,33071,33071,0,0,1",-1],[0],0,[],[],[]],[["1,9729,9729,33071,33071,0,0,1",-1],[0],0,[],[],[]]]]