[1,["e7hLRdSklIW6DxsKnsnCF1","15p+5lC69JQ6MXM5vQ1tg7","43U3eeMitAy6PSOEwQNv5d"],["_textureSetter"],["cc.Texture2D","cc.SpriteFrame",["cc.AudioClip",["_name","_native","duration"],0],["cc.JsonAsset",["_name","json"],1]],[[2,0,1,2,4],[3,0,1,3]],[[["0,9729,9729,33071,33071,0,0,1",-1],[0],0,[],[],[]],[["0,9729,9729,33071,33071,0,0,1",-1],[0],0,[],[],[]],[[[0,"ण",".mp3",0.783673],-1],0,0,[],[],[]],[[{"name":"feet","rect":[0,0,640,480],"offset":[0,0],"originalSize":[640,480],"capInsets":[0,0,0,0]}],[1],0,[0],[0],[0]],[[[1,"mr0114",{"rows":[["balloonpop","1","Description","2","ण","3","ड,ण,ढ","ण.mp3"],["phonictractor","1","Description","5","ण","ण.mp3","ण","ण.mp3"],["writeletter","1","Description","ण","ब्राह्मण"],["writecard","1","Description","ण","ब्राह्मण","brahmin.png","ब्राह्मण.mp3","चरण","feet.png","चरण.mp3","बटण","button.png","बटण.mp3"],["quizliteracy","1","Description","soundonly_word","ण","ऐ","ख","ण","","","ण.mp3"],["quizliteracy","1","Description","word_word","ण","ञ","ण","ऐ","","ण"],["quizliteracy","1","Description","soundonly_word","ण","ऐ","ख","ण","","","ण.mp3"]]}]],0,0,[],[],[]],[[[0,"बटण",".mp3",1.044898],-1],0,0,[],[],[]],[[[0,"ब्राह्मण",".mp3",1.097143],-1],0,0,[],[],[]],[[{"name":"brahmin","rect":[0,0,435,640],"offset":[0,0],"originalSize":[435,640],"capInsets":[0,0,0,0]}],[1],0,[0],[0],[1]],[[[0,"चरण",".mp3",0.966531],-1],0,0,[],[],[]],[["0,9729,9729,33071,33071,0,0,1",-1],[0],0,[],[],[]],[[{"name":"button","rect":[0,0,640,640],"offset":[0,0],"originalSize":[640,640],"capInsets":[0,0,0,0]}],[1],0,[0],[0],[2]]]]