[1,["f0Bc35y8xKR6ZVz/m5lj1i","48rcdcVzlDAa4qG+QtOAs3","dc3La5MbVF96FbkgqYYp1z","bepTuBWydPmpnui9S0dI5W","50hQzq82VLA4/7cJdqvcZn","56EWvu7FJGf5/Kfmhk38Rl","399i6RcPVEm53OgHVfVqH7","b1at1MYqBGC487401G5isO","4bqbJS7UNNkqKukwwoFNzz"],["_textureSetter"],["cc.SpriteFrame","cc.Texture2D",["cc.JsonAsset",["_name","json"],1],["cc.AudioClip",["_name","_native","duration"],0]],[[3,0,1,2,4],[2,0,1,3]],[[[[1,"hi0708",{"rows":[["spelldoor","1","Description","पेट","*ट","1","0","पेट.png","पेट.mp3"],["spelldoor","1","Description","रेत","*त","0","1","रेत.png","रेत.mp3"],["spelldoor","1","Description","पेड़","*ड़","0","1","पेड.png","पेड.mp3"],["rocket","1","Description","ठटेरा","ठ,टे,रा","ठ,टे,रा","ठटेरा.mp3","ठटेरा.png","false ","true "],["phonictractor","1","Description","5","शेर","शेर.mp3","शे","शे.mp3","र","र.mp3"],["openwindow","1","Description","LEGIT","गें,द","गेंद.png","मुर्गी.png","गेंद.mp3","ज,ग,न,ल,फ,छा,ता,र,थ,व,न,घ,ट्र,क,घो,ड़ा,हा,थी,आ,म,स"],["openwindow","1","Description","LEGIT","के,ला","केला.png","नाक.png","केला.mp3","ज,ग,न,ल,फ,छा,ता,र,थ,व,न,घ,ट्र,क,घो,ड़ा,हा,थी,आ,म,स"],["openwindow","1","Description","LEGIT","पे,ट","पेट.png","सर.png","पेट.mp3","ज,ग,न,ल,फ,छा,ता,र,थ,व,न,घ,ट्र,क,घो,ड़ा,हा,थी,आ,म,स"],["quizliteracy","1","Description","soundonly_word","केला","रेत","केला","पेड़","","","केला.mp3"],["quizliteracy","1","Description","image_word","पेड़","केला","पेड़","रेत","पेड.png"],["quizliteracy","1","Description","soundonly_word","रेत","पेड़","रेत","केला","","","रेत.mp3"]]}]],0,0,[],[],[]],[[{"name":"नाक","rect":[25,6,146,136],"offset":[1.5,2.5],"originalSize":[193,153],"capInsets":[0,0,0,0]}],[0],0,[0],[0],[0]],[[{"name":"ठटेरा","rect":[0,0,771,546],"offset":[0,0],"originalSize":[771,546],"capInsets":[0,0,0,0]}],[0],0,[0],[0],[1]],[[[0,"केला",".mp3",0.757551],-1],0,0,[],[],[]],[[[0,"दा",".mp3",0.626939],-1],0,0,[],[],[]],[["0,9729,9729,33071,33071,0,0,1",-1],[1],0,[],[],[]],[[{"name":"पेड","rect":[0,0,370,273],"offset":[0,0],"originalSize":[370,273],"capInsets":[0,0,0,0]}],[0],0,[0],[0],[2]],[["0,9729,9729,33071,33071,0,0,1",-1],[1],0,[],[],[]],[[{"name":"सर","rect":[0,0,193,153],"offset":[0,0],"originalSize":[193,153],"capInsets":[0,0,0,0]}],[0],0,[0],[0],[3]],[["0,9729,9729,33071,33071,0,0,1",-1],[1],0,[],[],[]],[[[0,"ठटेरा",".mp3",1.464],-1],0,0,[],[],[]],[["0,9729,9729,33071,33071,0,0,1",-1],[1],0,[],[],[]],[["0,9729,9729,33071,33071,0,0,1",-1],[1],0,[],[],[]],[[[0,"गें",".mp3",0.600816],-1],0,0,[],[],[]],[[{"name":"मुर्गी","rect":[0,0,193,153],"offset":[0,0],"originalSize":[193,153],"capInsets":[0,0,0,0]}],[0],0,[0],[0],[4]],[[{"name":"केला","rect":[0,0,193,153],"offset":[0,0],"originalSize":[193,153],"capInsets":[0,0,0,0]}],[0],0,[0],[0],[5]],[[[0,"रेत",".mp3",0.679184],-1],0,0,[],[],[]],[[[0,"शेर",".mp3",0.96],-1],0,0,[],[],[]],[[{"name":"रेत","rect":[0,0,370,273],"offset":[0,0],"originalSize":[370,273],"capInsets":[0,0,0,0]}],[0],0,[0],[0],[6]],[[{"name":"पेट","rect":[0,0,193,153],"offset":[0,0],"originalSize":[193,153],"capInsets":[0,0,0,0]}],[0],0,[0],[0],[7]],[["0,9729,9729,33071,33071,0,0,1",-1],[1],0,[],[],[]],[[[0,"पेट",".mp3",0.835918],-1],0,0,[],[],[]],[["0,9729,9729,33071,33071,0,0,1",-1],[1],0,[],[],[]],[[[0,"गेंद",".mp3",0.914286],-1],0,0,[],[],[]],[[[0,"शे",".mp3",0.792],-1],0,0,[],[],[]],[[[0,"गेंदा",".mp3",0.757551],-1],0,0,[],[],[]],[["0,9729,9729,33071,33071,0,0,1",-1],[1],0,[],[],[]],[["0,9729,9729,33071,33071,0,0,1",-1],[1],0,[],[],[]],[[[0,"पेड",".mp3",0.600816],-1],0,0,[],[],[]],[[{"name":"गेंद","rect":[0,0,193,153],"offset":[0,0],"originalSize":[193,153],"capInsets":[0,0,0,0]}],[0],0,[0],[0],[8]]]]