[1,["a87SijN/tN66bw2nqZRDa7","55TBx+q5dJaaRoKsJMdkzK","37t/EwWsBBs4cifJicRrsx","2dkBUOQzJKxYYj/SC4QIyg","7buV6tt2hIf4pk9AjsJbYC","f1FpO6vnxHYLW8cmXsuD25","04zz7s0GBEja40nO+Mc5TR","21ZCMUxFRPS7CFWnXp6nIR","a7rXeLD5NOEY5Wo966kaMO","89zWp5yAhNGqT57tcXYZck","ab1AiwX1NOS4s9htQoDprR","65YYKAyflOaocOVtv2OdXR"],["_textureSetter"],["cc.Texture2D","cc.SpriteFrame",["cc.AudioClip",["_name","_native","duration"],0],["cc.JsonAsset",["_name","json"],1]],[[2,0,1,2,4],[3,0,1,3]],[[["0,9729,9729,33071,33071,0,0,1",-1],[0],0,[],[],[]],[[[0,"ದೋಣಿ",".mp3",0.72],-1],0,0,[],[],[]],[[{"name":"train","rect":[0,0,400,400],"offset":[0,0],"originalSize":[400,400],"capInsets":[0,0,0,0]}],[1],0,[0],[0],[0]],[[{"name":"lion","rect":[0,0,400,400],"offset":[0,0],"originalSize":[400,400],"capInsets":[0,0,0,0]}],[1],0,[0],[0],[1]],[["0,9729,9729,33071,33071,0,0,1",-1],[0],0,[],[],[]],[["0,9729,9729,33071,33071,0,0,1",-1],[0],0,[],[],[]],[["0,9729,9729,33071,33071,0,0,1",-1],[0],0,[],[],[]],[[[0,"ಮುತ್ತುಸಿಂಪಿ",".mp3",1.2],-1],0,0,[],[],[]],[[[1,"kn2_1700",{"rows":[["openwindow1","1","Description","LEGIT","ಮೀನು","goldfish.png","frog.png","ಮೀನು.mp3","ಮೀನು"],["openwindow1","1","Description","LEGIT","ಶಂಖ","conch.png","lion.png","ಶಂಖ.mp3","ಶಂಖ"],["openwindow1","1","Description","LEGIT","ಮುತ್ತು ಸಿಂಪಿ","pearl_oyster.png","diamond.png","ಮುತ್ತುಸಿಂಪಿ.mp3","ಮುತ್ತು ಸಿಂಪಿ"],["openwindow1","1","Description","LEGIT","ದೋಣಿ","sailboat.png","car.png","ದೋಣಿ.mp3","ದೋಣಿ"],["openwindow1","1","Description","LEGIT","ಹಡಗು","ship.png","train.png","ಹಡಗು.mp3","ಹಡಗು"],["openwindow1","1","Description","LEGIT","ಹರಿಗೋಲು","coracle.png","bicycle.png","ಹರಿಗೋಲು.mp3","ಹರಿಗೋಲು"],["quizliteracy","1","Description","image_word","ಮೀನು","ಮೀನು","ದೋಣಿ","ಹಡಗು","goldfish.png"],["quizliteracy","1","Description","image_word","ಶಂಖ","ದೋಣಿ","ಮೀನು","ಶಂಖ","conch.png"],["quizliteracy","1","Description","image_word","ಹಡಗು","ಶಂಖ","ಹಡಗು","ಹರಿಗೋಲು","ship.png"]]}]],0,0,[],[],[]],[[{"name":"conch","rect":[0,0,400,400],"offset":[0,0],"originalSize":[400,400],"capInsets":[0,0,0,0]}],[1],0,[0],[0],[2]],[[{"name":"frog","rect":[0,0,400,400],"offset":[0,0],"originalSize":[400,400],"capInsets":[0,0,0,0]}],[1],0,[0],[0],[3]],[["0,9729,9729,33071,33071,0,0,1",-1],[0],0,[],[],[]],[[{"name":"coracle","rect":[0,0,400,400],"offset":[0,0],"originalSize":[400,400],"capInsets":[0,0,0,0]}],[1],0,[0],[0],[4]],[[{"name":"diamond","rect":[0,0,400,400],"offset":[0,0],"originalSize":[400,400],"capInsets":[0,0,0,0]}],[1],0,[0],[0],[5]],[["0,9729,9729,33071,33071,0,0,1",-1],[0],0,[],[],[]],[[[0,"ಮೀನು",".mp3",0.624],-1],0,0,[],[],[]],[["0,9729,9729,33071,33071,0,0,1",-1],[0],0,[],[],[]],[["0,9729,9729,33071,33071,0,0,1",-1],[0],0,[],[],[]],[[{"name":"pearl_oyster","rect":[0,0,400,400],"offset":[0,0],"originalSize":[400,400],"capInsets":[0,0,0,0]}],[1],0,[0],[0],[6]],[[[0,"ಹಡಗು",".mp3",0.84],-1],0,0,[],[],[]],[[{"name":"car","rect":[0,0,400,400],"offset":[0,0],"originalSize":[400,400],"capInsets":[0,0,0,0]}],[1],0,[0],[0],[7]],[[[0,"ಹರಿಗೋಲು",".mp3",1.08],-1],0,0,[],[],[]],[["0,9729,9729,33071,33071,0,0,1",-1],[0],0,[],[],[]],[[{"name":"goldfish","rect":[0,0,400,400],"offset":[0,0],"originalSize":[400,400],"capInsets":[0,0,0,0]}],[1],0,[0],[0],[8]],[["0,9729,9729,33071,33071,0,0,1",-1],[0],0,[],[],[]],[[[0,"ಶಂಖ",".mp3",0.792],-1],0,0,[],[],[]],[["0,9729,9729,33071,33071,0,0,1",-1],[0],0,[],[],[]],[[{"name":"bicycle","rect":[0,0,400,400],"offset":[0,0],"originalSize":[400,400],"capInsets":[0,0,0,0]}],[1],0,[0],[0],[9]],[[{"name":"sailboat","rect":[0,0,400,400],"offset":[0,0],"originalSize":[400,400],"capInsets":[0,0,0,0]}],[1],0,[0],[0],[10]],[[{"name":"ship","rect":[0,0,400,400],"offset":[0,0],"originalSize":[400,400],"capInsets":[0,0,0,0]}],[1],0,[0],[0],[11]],[["0,9729,9729,33071,33071,0,0,1",-1],[0],0,[],[],[]]]]