[1,["bairdPMUZIU46eMAyFQft3","934DI9A/xH3Lm1xGapFVYD","11ni2t31NHvIaDEwjE4nTy","8bLiVR7LZM8KQtVgVRh2vi","b4fw83E5ZBa74EJ6WFQrxa","d5ygyxiKhCV4HSgV3vqv4H"],["_textureSetter"],["cc.SpriteFrame","cc.Texture2D",["cc.JsonAsset",["_name","json"],1],["cc.AudioClip",["_name","_native","duration"],0]],[[3,0,1,2,4],[2,0,1,3]],[[[{"name":"इंद्रधनुष","rect":[0,0,193,153],"offset":[0,0],"originalSize":[193,153],"capInsets":[0,0,0,0]}],[0],0,[0],[0],[0]],[["0,9729,9729,33071,33071,0,0,1",-1],[1],0,[],[],[]],[[[1,"hi0808",{"rows":[["grid","1","Description","खं,लं,तां","बा"],["grid","1","Description","रं,पें,निं","दा"],["openwindow","1","Description","LEGIT","अं,डा","अंडा.png","आलू.png","अंडा.mp3","ज,ग,न,ल,फ,छा,ता,र,थ,व,न,घ,ट्र,क,घो,ड़ा,हा,थी,आ,म,स"],["openwindow","1","Description","LEGIT","घं,टी","घंटी.png","इंद्रधनुष.png","घंटी.mp3","ज,ग,न,ल,फ,छा,ता,र,थ,व,न,घ,ट्र,क,घो,ड़ा,हा,थी,आ,म,स"],["grid","1","Description","दं,गं,नं,रं","गा"],["grid","1","Description","लहं,महं","गा"],["openwindow","1","Description","LEGIT","अं,गू,र","अंगूर.png","पपीता.png","अंगूर.mp3","ज,ग,न,ल,फ,छा,ता,र,थ,व,न,घ,ट्र,क,घो,ड़ा,हा,थी,आ,म,स"],["quizliteracy","1","Description","soundonly_word","घंटी","अंडा","घंटी","अंगूर","","","घंटी.mp3"],["quizliteracy","1","Description","image_word","अंडा","घंटी","अंगूर","अंडा","अंडा.png"],["quizliteracy","1","Description","soundonly_word","अंगूर","अंगूर","अंडा","घंटी","","","अंगूर.mp3"]]}]],0,0,[],[],[]],[[[0,"अंडा",".mp3",0.705306],-1],0,0,[],[],[]],[[[0,"खंबा",".mp3",0.984],-1],0,0,[],[],[]],[[{"name":"आलू","rect":[0,0,193,153],"offset":[0,0],"originalSize":[193,153],"capInsets":[0,0,0,0]}],[0],0,[0],[0],[1]],[[{"name":"पपीता","rect":[0,0,193,153],"offset":[0,0],"originalSize":[193,153],"capInsets":[0,0,0,0]}],[0],0,[0],[0],[2]],[[{"name":"घंटी","rect":[0,0,193,153],"offset":[0,0],"originalSize":[193,153],"capInsets":[0,0,0,0]}],[0],0,[0],[0],[3]],[[[0,"अंगूर",".mp3",0.757551],-1],0,0,[],[],[]],[["0,9729,9729,33071,33071,0,0,1",-1],[1],0,[],[],[]],[[{"name":"अंगूर","rect":[0,0,193,153],"offset":[0,0],"originalSize":[193,153],"capInsets":[0,0,0,0]}],[0],0,[0],[0],[4]],[[[0,"घंटी",".mp3",0.888163],-1],0,0,[],[],[]],[["0,9729,9729,33071,33071,0,0,1",-1],[1],0,[],[],[]],[[[0,"लंबा",".mp3",0.936],-1],0,0,[],[],[]],[["0,9729,9729,33071,33071,0,0,1",-1],[1],0,[],[],[]],[["0,9729,9729,33071,33071,0,0,1",-1],[1],0,[],[],[]],[[[0,"तंबा",".mp3",1.008],-1],0,0,[],[],[]],[["0,9729,9729,33071,33071,0,0,1",-1],[1],0,[],[],[]],[[{"name":"अंडा","rect":[0,0,193,153],"offset":[0,0],"originalSize":[193,153],"capInsets":[0,0,0,0]}],[0],0,[0],[0],[5]]]]