[1,["df9ybi0v5O5pyOnid1PHwp","7eXcYzf15Boq/72g/HT/wq","ba0Q4bc2dJ7Id+IwevPyrm","87hOt1/NdNkI8jCIhkRONA","7d1JafPl9F/opKt5VKYvBS","94oQbmNptEB5YX5qmUVfPF"],["_textureSetter"],["cc.SpriteFrame","cc.Texture2D",["cc.AudioClip",["_name","_native","duration"],0],["cc.JsonAsset",["_name","json"],1]],[[2,0,1,2,4],[3,0,1,3]],[[[[0,"शाम",".mp3",0.783673],-1],0,0,[],[],[]],[[[0,"आम",".mp3",0.574694],-1],0,0,[],[],[]],[[{"name":"नाक","rect":[88,11,198,243],"offset":[2,4],"originalSize":[370,273],"capInsets":[0,0,0,0]}],[0],0,[0],[0],[0]],[[[0,"गाना",".mp3",0.783673],-1],0,0,[],[],[]],[[[0,"नाक",".mp3",0.757551],-1],0,0,[],[],[]],[[[0,"कान",".mp3",0.731429],-1],0,0,[],[],[]],[[[0,"हवा",".mp3",0.653061],-1],0,0,[],[],[]],[["0,9729,9729,33071,33071,0,0,1",-1],[1],0,[],[],[]],[[[0,"म",".mp3",0.5225],-1],0,0,[],[],[]],[["0,9729,9729,33071,33071,0,0,1",-1],[1],0,[],[],[]],[[{"name":"कान","rect":[0,0,370,273],"offset":[0,0],"originalSize":[370,273],"capInsets":[0,0,0,0]}],[0],0,[0],[0],[1]],[["0,9729,9729,33071,33071,0,0,1",-1],[1],0,[],[],[]],[[{"name":"गाना","rect":[62,0,245,273],"offset":[-0.5,0],"originalSize":[370,273],"capInsets":[0,0,0,0]}],[0],0,[0],[0],[2]],[[[0,"शा",".mp3",0.548571],-1],0,0,[],[],[]],[["0,9729,9729,33071,33071,0,0,1",-1],[1],0,[],[],[]],[[[1,"hi0504",{"rows":[["spelldoor","1","Description","बाघ","*घ","0","1","बाघ.png","बाघ.mp3"],["spelldoor","1","Description","हवा","ह*","0","1","हवा.png","हवा.mp3"],["spelldoor","1","Description","कान","*न","0","1","कान.png","कान.mp3"],["spelldoor","1","Description","नाक","*क","0","1","नाक.png","नाक.mp3"],["spelldoor","1","Description","नाना","*ना","2","0","नाना.png","नाना.mp3"],["spelldoor","1","Description","गाना","*ना","2","0","गाना.png","गाना.mp3"],["phonictractor","1","Description","5","आम","आम.mp3","आ","आ.mp3","म","म.mp3"],["phonictractor","1","Description","5","शाम","शाम.mp3","शा","शा.mp3","म","म.mp3"],["quizliteracy","1","Description","soundonly_word","बाघ","नाक","बाघ","गाना","","","बाघ.mp3"],["quizliteracy","1","Description","image_word","नाक","बाघ","गाना","नाक","नाक.png"],["quizliteracy","1","Description","soundonly_word","गाना","गाना","नाक","बाघ","","","गाना.mp3"]]}]],0,0,[],[],[]],[[[0,"बाघ",".mp3",0.888163],-1],0,0,[],[],[]],[["0,9729,9729,33071,33071,0,0,1",-1],[1],0,[],[],[]],[[{"name":"हवा","rect":[42,0,285,273],"offset":[-0.5,0],"originalSize":[370,273],"capInsets":[0,0,0,0]}],[0],0,[0],[0],[3]],[["0,9729,9729,33071,33071,0,0,1",-1],[1],0,[],[],[]],[[[0,"आ",".mp3",0.444],-1],0,0,[],[],[]],[[[0,"नाना",".mp3",0.835918],-1],0,0,[],[],[]],[[{"name":"नाना","rect":[0,0,370,273],"offset":[0,0],"originalSize":[370,273],"capInsets":[0,0,0,0]}],[0],0,[0],[0],[4]],[[{"name":"बाघ","rect":[0,0,370,273],"offset":[0,0],"originalSize":[370,273],"capInsets":[0,0,0,0]}],[0],0,[0],[0],[5]]]]