[1,["7bBp1/Hz5HSLypfzr6pDZh","d5A07+fIRMFoDA6mcuxwvU","9ceivO2EVMI4vMshO7lfTl","c4Gt+l86xEIZ828aLzOoXO","89b+F+MntNhoRtMmz+dmpW","b9/Nn36aRLrZCPOmqFC+hr","bfnjNl3+1F8ozVg3ZoNRg9","2b4/vd/wRBmZ7nblCiKTlc","c140QhvWFBXK4uBvvnx9Ec","10tDSMecVI45sAJHiMaPK5","6bsKa7MzhDs4Rs/lQQI/SG","7cdclp0chP5Kv/fnaop2fl","0csNgqN7JOU4AMCmYJ4e4b","abyIoYXkBAk5wm4p7GzuVT","8fTFEbP4tH1KTUN2cIBVNF","4avQYs6HxFgIhSlnbD/uMg","b7RIrR4W5IF4VdGErMn9kE","fcFmB90KFLUZUFwQjUFm+G","a7tqSdkaVJwIkVX4qjEGDj","beINtUYrlEPIyeYRYeI7qn","84EygHskNIM7aDZthfpO91","1f7CKJHgNJfJO4mPXp8hmO","05IKwf/rFJ/pgfPAduZ/ga","e05got0wFPO6X6sAIxGoOR","198mFXiAZM6owZ1oM76L+g","88cex13UVN/I0gBYjHI/Br","98WZDC4kRDUqjs+8ap74rB","64hh0Nm7ZN+ogk7qxBbdYi","727O1WN6NO1bCLKy8wE/+n"],["_textureSetter"],["cc.SpriteFrame","cc.Texture2D",["cc.AudioClip",["_name","_native","duration"],0],["cc.JsonAsset",["_name","json"],1]],[[2,0,1,2,4],[3,0,1,3]],[[[{"name":"l17_theymakingblock","rect":[0,0,868,689],"offset":[0,0],"originalSize":[868,689],"capInsets":[0,0,0,0]}],[0],0,[0],[0],[0]],[["0,9729,9729,33071,33071,0,0,1",-1],[1],0,[],[],[]],[[[0,"The_cat_is_smaller_than_the_dog",".mp3",2.429388],-1],0,0,[],[],[]],[[[0,"She_is_giving_the_cows_water",".mp3",2.063673],-1],0,0,[],[],[]],[[{"name":"l17_theyplayfootball","rect":[0,0,868,689],"offset":[0,0],"originalSize":[868,689],"capInsets":[0,0,0,0]}],[0],0,[0],[0],[1]],[["0,9729,9729,33071,33071,0,0,1",-1],[1],0,[],[],[]],[[{"name":"l4_catbird","rect":[0,0,902,744],"offset":[0,0],"originalSize":[902,744],"capInsets":[0,0,0,0]}],[0],0,[0],[0],[2]],[["0,9729,9729,33071,33071,0,0,1",-1],[1],0,[],[],[]],[[{"name":"l3_3cars","rect":[0,0,868,689],"offset":[0,0],"originalSize":[868,689],"capInsets":[0,0,0,0]}],[0],0,[0],[0],[3]],[[{"name":"l17_theyrunschool","rect":[0,0,868,689],"offset":[0,0],"originalSize":[868,689],"capInsets":[0,0,0,0]}],[0],0,[0],[0],[4]],[["0,9729,9729,33071,33071,0,0,1",-1],[1],0,[],[],[]],[[[0,"They_are_making_a_castle_out_of_boxes",".mp3",2.76898],-1],0,0,[],[],[]],[["0,9729,9729,33071,33071,0,0,1",-1],[1],0,[],[],[]],[[[0,"They_are_making_a_castle_with_blocks",".mp3",2.533878],-1],0,0,[],[],[]],[[[0,"There_are_all_yellow_balloons_flying",".mp3",2.429388],-1],0,0,[],[],[]],[[[0,"The_young_boy_is_painting_the_desk_blue",".mp3",2.586122],-1],0,0,[],[],[]],[["0,9729,9729,33071,33071,0,0,1",-1],[1],0,[],[],[]],[[{"name":"l17_shegivingbread","rect":[0,0,868,689],"offset":[0,0],"originalSize":[868,689],"capInsets":[0,0,0,0]}],[0],0,[0],[0],[5]],[[{"name":"l17_shegivingmilk","rect":[0,0,868,689],"offset":[0,0],"originalSize":[868,689],"capInsets":[0,0,0,0]}],[0],0,[0],[0],[6]],[[[0,"There_are_more_boys_than_chairs",".mp3",2.35102],-1],0,0,[],[],[]],[["0,9729,9729,33071,33071,0,0,1",-1],[1],0,[],[],[]],[[[0,"The_pails_all_have_different_colors",".mp3",2.324898],-1],0,0,[],[],[]],[[{"name":"l17_shehelpdadcarry","rect":[0,0,868,689],"offset":[0,0],"originalSize":[868,689],"capInsets":[0,0,0,0]}],[0],0,[0],[0],[7]],[[[0,"The_old_man_is_painting_the_chair_white",".mp3",2.66449],-1],0,0,[],[],[]],[["0,9729,9729,33071,33071,0,0,1",-1],[1],0,[],[],[]],[[[0,"There_are_more_chairs_than_boys",".mp3",2.403265],-1],0,0,[],[],[]],[[{"name":"l17_oldmanpaintingchair","rect":[0,0,868,689],"offset":[0,0],"originalSize":[868,689],"capInsets":[0,0,0,0]}],[0],0,[0],[0],[8]],[[[0,"She_is_giving_the_boys_bread",".mp3",2.142041],-1],0,0,[],[],[]],[[[0,"They_are_jumping_in_the_rain",".mp3",1.906939],-1],0,0,[],[],[]],[["0,9729,9729,33071,33071,0,0,1",-1],[1],0,[],[],[]],[["0,9729,9729,33071,33071,0,0,1",-1],[1],0,[],[],[]],[[[1,"sl_en3303",{"rows":[["picturemeaning","1","Description","S","She is giving the boys bread.","l17_shegivingbread.png","She_is_giving_the_boys_bread.mp3","She is giving the boys milk.","l17_shegivingmilk.png","She_is_giving_the_boys_milk.mp3","She is giving the cows water.","l17_shegivingwater.png","She_is_giving_the_cows_water.mp3"],["picturemeaning","1","Description","S","They are running to school in the rain.","l17_theyrunschool.png","They_are_running_to_school_in_the_rain.mp3","They are playing football in the rain.","l17_theyplayfootball.png","They_are_playing_football_in_the_rain.mp3","They are jumping in the rain.","l17_theyjumpingrain.png","They_are_jumping_in_the_rain.mp3"],["picturemeaning","1","Description","P","She is helping her mom dry clothes.","l17_shehelpmomdry.png","She_is_helping_her_mom_dry_clothes.mp3","She is helping her dad carry boxes.","l17_shehelpdadcarry.png","She_is_helping_her_dad_carry_boxes.mp3","She is helping her mom cook dinner.","l17_shehelpmomcook.png","She_is_helping_her_mom_cook_dinner.mp3"],["picturemeaning","1","Description","P","The old man is painting the desk white.","l17_oldmanpaintingdesk.png","The_old_man_is_painting_the_desk_white.mp3","The old man is painting the chair white.","l17_oldmanpaintingchair.png","The_old_man_is_painting_the_chair_white.mp3","The young boy is painting the desk blue.","l17_youngmanpaintingdesk.png","The_young_boy_is_painting_the_desk_blue.mp3"],["picturemeaning","1","Description","P","They are making a castle out of sand.","l17_theymakingsand.png","They_are_making_a_castle_out_of_sand.mp3","They are making a castle out of boxes.","l17_theymakingbox.png","They_are_making_a_castle_out_of_boxes.mp3","They are making a castle with blocks.","l17_theymakingblock.png","They_are_making_a_castle_with_blocks.mp3"],["picturemeaning","1","Description","P","The pails all have different colors.","l3_3pails.png","The_pails_all_have_different_colors.mp3","The balls all have the same color.","l3_4balls.png","The_balls_all_have_the_same_color.mp3","The cars all have different colors.","l3_3cars.png","The_cars_all_have_different_colors.mp3"],["picturemeaning","1","Description","P","The cat is smaller than the dog.","l4_dogcat.png","The_cat_is_smaller_than_the_dog.mp3","The cat is bigger than the bird.","l4_catbird.png","The_cat_is_bigger_than_the_bird.mp3","The bird is smaller than the dog.","l4_dogbird.png","The_bird_is_smaller_than_the_dog.mp3"],["picturemeaning","1","Description","P","There are all blue balloons flying.","l2_blueballoons.png","There_are_all_blue_balloons_flying.mp3","There are all yellow balloons flying.","l2_yellowballoons.png","There_are_all_yellow_balloons_flying.mp3","There are all pink balloons flying.","l2_pinkballoons.png","There_are_all_pink_balloons_flying.mp3"],["picturemeaning","1","Description","S","There are more chairs than boys.","l4_2boys3chairs","There_are_more_chairs_than_boys.mp3","There are more boys than chairs.","l4_2boys1chair.png","There_are_more_boys_than_chairs.mp3","There are more circles than squares.","l15_boystandbhdchair.png","The_boy_is_standing_behind_the_chiar.mp3"],["picturemeaning","1","Description","S","There are the same number of tomatoes and lemons.","l4_2lemons2tomatos.png","There_are_the_same_number_of_tomatoes_and_lemons.mp3","There are more lemons than tomatos.","l4_2lemons1tomato.png","There_are_more_lemons_than_tomatos.mp3","There are the same number of spoons and forks.","l4_2spoons2forks.png","There_are_the_same_number_of_spoons_and_forks.mp3"],["quizliteracy","1","Description","image_sentence","She is helping her mom dry clothes.","She is helping her mom dry clothes.","She is helping her dad carry boxes.","She is helping her mom cook dinner.","l17_shehelpmomdry.png","","She_is_helping_her_mom_dry_clothes.mp3"],["quizliteracy","1","Description","image_sentence","She is giving the boys bread.","She is giving the boys milk.","She is giving the boys bread.","She is giving the cows water.","l17_shegivingbread.png","","She_is_giving_the_boys_bread.mp3"],["quizliteracy","1","Description","image_sentence","They are running to school in the rain.","They are playing football in the rain.","They are jumping in the rain.","They are running to school in the rain.","l17_theyrunschool.png","","They_are_running_to_school_in_the_rain.mp3"],["quizliteracy","1","Description","image_sentence","The cat is smaller than the dog.","The cat is bigger than the bird.","The cat is smaller than the dog.","The bird is smaller than the dog.","l4_dogcat.png","","The_cat_is_smaller_than_the_dog.mp3"],["quizliteracy","1","Description","image_sentence","There are the same number of tomatoes and lemons.","There are the same number of tomatoes and lemons.","There are more lemons than tomatos.","There are the same number of spoons and forks.","l4_2lemons2tomatos.png","","There_are_the_same_number_of_tomatoes_and_lemons.mp3"]]}]],0,0,[],[],[]],[[[0,"She_is_giving_the_boys_milk",".mp3",1.933061],-1],0,0,[],[],[]],[["0,9729,9729,33071,33071,0,0,1",-1],[1],0,[],[],[]],[["0,9729,9729,33071,33071,0,0,1",-1],[1],0,[],[],[]],[[{"name":"l15_boystandbhdchair","rect":[0,0,868,689],"offset":[0,0],"originalSize":[868,689],"capInsets":[0,0,0,0]}],[0],0,[0],[0],[9]],[[[0,"There_are_more_lemons_than_tomatos",".mp3",2.56],-1],0,0,[],[],[]],[[{"name":"l2_yellowballoons","rect":[0,0,868,689],"offset":[0,0],"originalSize":[868,689],"capInsets":[0,0,0,0]}],[0],0,[0],[0],[10]],[["0,9729,9729,33071,33071,0,0,1",-1],[1],0,[],[],[]],[["0,9729,9729,33071,33071,0,0,1",-1],[1],0,[],[],[]],[["0,9729,9729,33071,33071,0,0,1",-1],[1],0,[],[],[]],[[{"name":"l17_theyjumpingrain","rect":[0,0,868,689],"offset":[0,0],"originalSize":[868,689],"capInsets":[0,0,0,0]}],[0],0,[0],[0],[11]],[[{"name":"l4_2spoons2forks","rect":[0,0,868,689],"offset":[0,0],"originalSize":[868,689],"capInsets":[0,0,0,0]}],[0],0,[0],[0],[12]],[["0,9729,9729,33071,33071,0,0,1",-1],[1],0,[],[],[]],[[[0,"There_are_all_pink_balloons_flying",".mp3",2.481633],-1],0,0,[],[],[]],[["0,9729,9729,33071,33071,0,0,1",-1],[1],0,[],[],[]],[["0,9729,9729,33071,33071,0,0,1",-1],[1],0,[],[],[]],[[[0,"They_are_making_a_castle_out_of_sand",".mp3",2.66449],-1],0,0,[],[],[]],[[{"name":"l17_theymakingbox","rect":[0,0,868,689],"offset":[0,0],"originalSize":[868,689],"capInsets":[0,0,0,0]}],[0],0,[0],[0],[13]],[[[0,"There_are_the_same_number_of_tomatoes_and_lemons",".mp3",3.239184],-1],0,0,[],[],[]],[[{"name":"l17_theymakingsand","rect":[0,0,868,689],"offset":[0,0],"originalSize":[868,689],"capInsets":[0,0,0,0]}],[0],0,[0],[0],[14]],[[[0,"The_old_man_is_painting_the_desk_white",".mp3",2.716735],-1],0,0,[],[],[]],[[{"name":"l4_2lemons1tomato","rect":[0,0,868,689],"offset":[0,0],"originalSize":[868,689],"capInsets":[0,0,0,0]}],[0],0,[0],[0],[15]],[["0,9729,9729,33071,33071,0,0,1",-1],[1],0,[],[],[]],[[[0,"The_cat_is_bigger_than_the_bird",".mp3",2.403265],-1],0,0,[],[],[]],[[[0,"They_are_running_to_school_in_the_rain",".mp3",2.45551],-1],0,0,[],[],[]],[[{"name":"l3_4balls","rect":[0,0,868,689],"offset":[0,0],"originalSize":[868,689],"capInsets":[0,0,0,0]}],[0],0,[0],[0],[16]],[["0,9729,9729,33071,33071,0,0,1",-1],[1],0,[],[],[]],[[{"name":"l17_oldmanpaintingdesk","rect":[0,0,868,689],"offset":[0,0],"originalSize":[868,689],"capInsets":[0,0,0,0]}],[0],0,[0],[0],[17]],[[[0,"She_is_helping_her_mom_dry_clothes",".mp3",2.507755],-1],0,0,[],[],[]],[[{"name":"l17_shegivingwater","rect":[0,0,868,689],"offset":[0,0],"originalSize":[868,689],"capInsets":[0,0,0,0]}],[0],0,[0],[0],[18]],[[{"name":"l2_blueballoons","rect":[0,0,868,689],"offset":[0,0],"originalSize":[868,689],"capInsets":[0,0,0,0]}],[0],0,[0],[0],[19]],[["0,9729,9729,33071,33071,0,0,1",-1],[1],0,[],[],[]],[["0,9729,9729,33071,33071,0,0,1",-1],[1],0,[],[],[]],[[{"name":"l17_shehelpmomcook","rect":[0,0,868,689],"offset":[0,0],"originalSize":[868,689],"capInsets":[0,0,0,0]}],[0],0,[0],[0],[20]],[["0,9729,9729,33071,33071,0,0,1",-1],[1],0,[],[],[]],[[{"name":"l4_dogcat","rect":[0,0,1280,1017],"offset":[0,0],"originalSize":[1280,1017],"capInsets":[0,0,0,0]}],[0],0,[0],[0],[21]],[[[0,"The_cars_all_have_different_colors",".mp3",2.272653],-1],0,0,[],[],[]],[["0,9729,9729,33071,33071,0,0,1",-1],[1],0,[],[],[]],[["0,9729,9729,33071,33071,0,0,1",-1],[1],0,[],[],[]],[["0,9729,9729,33071,33071,0,0,1",-1],[1],0,[],[],[]],[[{"name":"l2_pinkballoons","rect":[0,0,868,689],"offset":[0,0],"originalSize":[868,689],"capInsets":[0,0,0,0]}],[0],0,[0],[0],[22]],[[{"name":"l3_3pails","rect":[0,0,868,689],"offset":[0,0],"originalSize":[868,689],"capInsets":[0,0,0,0]}],[0],0,[0],[0],[23]],[[{"name":"l17_shehelpmomdry","rect":[0,0,868,689],"offset":[0,0],"originalSize":[868,689],"capInsets":[0,0,0,0]}],[0],0,[0],[0],[24]],[["0,9729,9729,33071,33071,0,0,1",-1],[1],0,[],[],[]],[[[0,"She_is_helping_her_dad_carry_boxes",".mp3",2.481633],-1],0,0,[],[],[]],[[[0,"The_balls_all_have_the_same_color",".mp3",2.298776],-1],0,0,[],[],[]],[[[0,"She_is_helping_her_mom_cook_dinner",".mp3",2.586122],-1],0,0,[],[],[]],[[[0,"The_bird_is_smaller_than_the_dog",".mp3",2.377143],-1],0,0,[],[],[]],[[{"name":"l17_youngmanpaintingdesk","rect":[0,0,868,689],"offset":[0,0],"originalSize":[868,689],"capInsets":[0,0,0,0]}],[0],0,[0],[0],[25]],[["0,9729,9729,33071,33071,0,0,1",-1],[1],0,[],[],[]],[[[0,"They_are_playing_football_in_the_rain",".mp3",2.220408],-1],0,0,[],[],[]],[[[0,"There_are_all_blue_balloons_flying",".mp3",2.377143],-1],0,0,[],[],[]],[[[0,"There_are_the_same_number_of_spoons_and_forks",".mp3",3.004082],-1],0,0,[],[],[]],[[{"name":"l4_dogbird","rect":[0,0,1078,934],"offset":[0,0],"originalSize":[1078,934],"capInsets":[0,0,0,0]}],[0],0,[0],[0],[26]],[[[0,"The_boy_is_standing_behind_the_chiar",".mp3",2.612245],-1],0,0,[],[],[]],[[{"name":"l4_2boys1chair","rect":[0,0,868,689],"offset":[0,0],"originalSize":[868,689],"capInsets":[0,0,0,0]}],[0],0,[0],[0],[27]],[["0,9729,9729,33071,33071,0,0,1",-1],[1],0,[],[],[]],[[{"name":"l4_2lemons2tomatos","rect":[0,0,868,689],"offset":[0,0],"originalSize":[868,689],"capInsets":[0,0,0,0]}],[0],0,[0],[0],[28]]]]