[1,["93KuY9jMNDQ6GsoBIZlfdT","13VzOn0x5Bsa2CUNgf1zaA","7dxJukSMhHrrSill10QWZ2","77U03qyy5LCKWwe/c0Gof0","2e/tcsdIpCWYcvXWn7mlNq","1b3cFu+hxH1qa5t18Swys2","10Si9aF2FBV6auLTGa+Qrf","e0uMBed2dOa612uaxb6U6j","f2x5kQJglJE7tzpIEzWWkF","f4nFBUnq1Dqrk6Nw6kkxTd","05mTBiyptElYVygfzL1LG7","f6CEqO/t5PRYGim0eLHqY7"],["_textureSetter"],["cc.Texture2D","cc.SpriteFrame",["cc.JsonAsset",["_name","json"],1]],[[2,0,1,3]],[[["0,9729,9729,33071,33071,0,0,1",-1],[0],0,[],[],[]],[["0,9729,9729,33071,33071,0,0,1",-1],[0],0,[],[],[]],[["0,9729,9729,33071,33071,0,0,1",-1],[0],0,[],[],[]],[["0,9729,9729,33071,33071,0,0,1",-1],[0],0,[],[],[]],[[{"name":"cone_blue","rect":[0,2,254,283],"offset":[0,-1],"originalSize":[254,285],"capInsets":[0,0,0,0]}],[1],0,[0],[0],[0]],[["0,9729,9729,33071,33071,0,0,1",-1],[0],0,[],[],[]],[[{"name":"cube_blue","rect":[0,0,282,291],"offset":[0,0],"originalSize":[282,291],"capInsets":[0,0,0,0]}],[1],0,[0],[0],[1]],[[{"name":"present","rect":[8,22,263,252],"offset":[-1.5,-6],"originalSize":[282,284],"capInsets":[0,0,0,0]}],[1],0,[0],[0],[2]],[[{"name":"sphere_blue","rect":[0,0,300,300],"offset":[0,0],"originalSize":[300,300],"capInsets":[0,0,0,0]}],[1],0,[0],[0],[3]],[[{"name":"cylinder_blue","rect":[0,0,210,314],"offset":[0,0],"originalSize":[210,314],"capInsets":[0,0,0,0]}],[1],0,[0],[0],[4]],[["0,9729,9729,33071,33071,0,0,1",-1],[0],0,[],[],[]],[["0,9729,9729,33071,33071,0,0,1",-1],[0],0,[],[],[]],[["0,9729,9729,33071,33071,0,0,1",-1],[0],0,[],[],[]],[[{"name":"orange","rect":[3,5,298,297],"offset":[-0.5,-1.5],"originalSize":[305,304],"capInsets":[0,0,0,0]}],[1],0,[0],[0],[5]],[[{"name":"battery","rect":[2,5,208,314],"offset":[-1,-2],"originalSize":[214,320],"capInsets":[0,0,0,0]}],[1],0,[0],[0],[6]],[[{"name":"basketball","rect":[2,4,295,294],"offset":[-0.5,-1],"originalSize":[300,300],"capInsets":[0,0,0,0]}],[1],0,[0],[0],[7]],[[{"name":"rubbercone","rect":[4,2,261,251],"offset":[-1.5,0],"originalSize":[272,255],"capInsets":[0,0,0,0]}],[1],0,[0],[0],[8]],[[{"name":"cap","rect":[20,3,250,312],"offset":[1,1],"originalSize":[288,320],"capInsets":[0,0,0,0]}],[1],0,[0],[0],[9]],[[{"name":"dice","rect":[4,32,274,245],"offset":[0,-9],"originalSize":[282,291],"capInsets":[0,0,0,0]}],[1],0,[0],[0],[10]],[["0,9729,9729,33071,33071,0,0,1",-1],[0],0,[],[],[]],[[{"name":"can","rect":[2,2,212,314],"offset":[1,1],"originalSize":[214,320],"capInsets":[0,0,0,0]}],[1],0,[0],[0],[11]],[[[0,"puzzle0012",{"rows":[["matchbox","1","Description","8.0","rubbercone.png","dice.png","can.png","basketball.png","cone_blue.png","cube_blue.png","cylinder_blue.png","sphere_blue.png"],["matchbox","1","Description","8.0","cone_blue.png","cube_blue.png","cylinder_blue.png","sphere_blue.png","cap.png","present.png","battery.png","orange.png"]]}]],0,0,[],[],[]],[["0,9729,9729,33071,33071,0,0,1",-1],[0],0,[],[],[]],[["0,9729,9729,33071,33071,0,0,1",-1],[0],0,[],[],[]],[["0,9729,9729,33071,33071,0,0,1",-1],[0],0,[],[],[]]]]