[1,["62I6xrLAdO9I0f/z0Hv7Gh"],["_textureSetter"],["cc.Texture2D","cc.SpriteFrame",["cc.JsonAsset",["_name","json"],1],["cc.AudioClip",["_name","_native","duration"],0]],[[2,0,1,3],[3,0,1,2,4]],[[[[0,"mr0205",{"rows":[["letterpair","1","Description","text","text","अ","अ","","इ","इ","","उ","उ","","ए","ए","","ओ","ओ","","अं","अं","","अः","अः"],["letterpair","1","Description","text","text","क","क","","च","च","","ट","ट","","त","त","","प","प","","य","य"],["letterpair","1","Description","text","text","ग","ग","","ज","ज","","ड","ड","","द","द","","ब","ब","","ल","ल"],["quizliteracy","1","Description","soundonly_word","ब","द","ब","ऐ","","","ब.mp3"],["quizliteracy","1","Description","word_word","ध","ध","द","प","","ध"],["quizliteracy","1","Description","image_word","फ","फ","द","प","fruit.png"]]}]],0,0,[],[],[]],[[[1,"ब",".mp3",0.783673],-1],0,0,[],[],[]],[["0,9729,9729,33071,33071,0,0,1",-1],[0],0,[],[],[]],[[{"name":"fruit","rect":[0,0,640,426],"offset":[0,0],"originalSize":[640,426],"capInsets":[0,0,0,0]}],[1],0,[0],[0],[0]]]]