[1,["36uYH/2clCYagvbOXGUcr/","dcFe/kivVKhZ8yaaQDUJC/"],["_textureSetter"],["cc.SpriteFrame","cc.Texture2D",["cc.AudioClip",["_name","_native","duration"],0],["cc.JsonAsset",["_name","json"],1]],[[2,0,1,2,4],[3,0,1,3]],[[[{"name":"चटाई","rect":[1,120,1279,397],"offset":[0.5,1.5],"originalSize":[1280,640],"capInsets":[0,0,0,0]}],[0],0,[0],[0],[0]],[[[0,"अ",".mp3",0.417959],-1],0,0,[],[],[]],[[{"name":"कमल","rect":[0,0,370,273],"offset":[0,0],"originalSize":[370,273],"capInsets":[0,0,0,0]}],[0],0,[0],[0],[1]],[["0,9729,9729,33071,33071,0,0,1",-1],[1],0,[],[],[]],[[[0,"ऊ",".mp3",0.287347],-1],0,0,[],[],[]],[[[1,"hi0206",{"rows":[["bubbletype","1","Description","15","6","क ख ग घ ङ","","","","","","क ख ग घ ङ च छ ज झ ञ $ ट ठ ड ढ ण त थ द ध न $ प फ ब भ म य र ल व"],["bubbletype","1","Description","15","6","च छ ज झ ञ ट ठ ड ढ ण","","","","","","क ख ग घ ङ च छ ज झ ञ $ ट ठ ड ढ ण त थ द ध न $ प फ ब भ म य र ल व"],["bubbletype","1","Description","10","6","त थ द ध न प फ ब भ म","","","","","","क ख ग घ ङ च छ ज झ ञ $ ट ठ ड ढ ण त थ द ध न $ प फ ब भ म य र ल व"],["bubbletype","1","Description","10","6","य र ल व श ष स ह क्ष त्र श्र ज्ञ","","","","","","ट ठ ड ढ ण त थ द ध न $ प फ ब भ म य र ल व $ श ष स ह क्ष त्र श्र ज्ञ"],["bubbletype","1","Description","10","6","क च ज ञ ढ ण त द प ब भ ल व","","","","","","क ख ग घ ङ च छ ज झ ञ $ ट ठ ड ढ ण त थ द ध न $ प फ ब भ म य र ल व"],["quizliteracy","1","Description","word_word","ध","ध","द","प","","ध"],["quizliteracy","1","Description","soundonly_word","अ","इ ","अ","उ ","","","अ.mp3"],["quizliteracy","1","Description","soundonly_word","ऊ","ऊ","अ","उ ","","","ऊ.mp3"]]}]],0,0,[],[],[]],[["0,9729,9729,33071,33071,0,0,1",-1],[1],0,[],[],[]]]]