[1,["15h+pexORK367RRi1GK+bx","1b/l+2FtxD768tGa2+YRff"],["_textureSetter"],["cc.Texture2D","cc.SpriteFrame",["cc.JsonAsset",["_name","json"],1]],[[2,0,1,3]],[[["0,9729,9729,33071,33071,0,0,1",-1],[0],0,[],[],[]],[["0,9729,9729,33071,33071,0,0,1",-1],[0],0,[],[],[]],[[[0,"sl_en2805",{"rows":[["letterpair","1","Description","text","text","good","bad","","up","down","","light","dark","","big","small","","high","low","","tall","short","","fat","thin"],["letterpair","1","Description","image","image","full.png","empty.png","full/empty.mp3","wet.png","dry.png","wet_dry.mp3","smooth.png","rough.png","smooth_rough.mp3","thin.png","thick.png","thin_thick.mp3","right.png","wrong.png","right_wrong.mp3","old.png","young.png","old_young.mp3"],["letterpair","1","Description","image","image","strong.png","weak.png","strong_weak.mp3","poor.png","rich.png","poor_rich.mp3","hot.png","cold.png","hot_cold.mp3","clean.png","dirty.png","clean_dirty.mp3","fast.png","slow.png","fast_slow.mp3","happy.png","sad.png","happy_sad.mp3"],["letterpair","1","Description","image","image","more.png","less.png","more_less.mp3","in.png","out.png","in_out.mp3","night.png","day.png","night_day.mp3","on.png","off.png","on_off.mp3","open.png","close.png","open_close.mp3","enter.png","exit.png","enter_exit.mp3"],["letterpair","1","Description","image","image","healthy.png","sick.png","healthy_sick.mp3","laugh.png","cry.png","laugh_cry.mp3","win.png","lose.png","win_lose.mp3","wide.png","narrow.png","wide_narrow.mp3","awake.png","asleep.png","awake_asleep.mp3","long.png","short.png","long_short.mp3"],["letterpair","1","Description","image","image","sharp.png","blunt.png","sharp_blunt.mp3","hard.png","easy.png","hard_easy.mp3","even.png","odd.png","even_odd.mp3","far.png","near.png","far_near.mp3","messy.png","neat.png","messy_neat.mp3","sweet.png","bitter.png","sweet_bitter.mp3"],["quizliteracy","1","Description","sentence_sentence","empty","empty","less","night","","full X _____","full/empty.mp3"],["quizliteracy","1","Description","sentence_sentence","less","small","empty","less","","more X _____.","more_less.mp3"],["quizliteracy","1","Description","sentence_sentence","night","less","night","empty","","day X _____.","night_day.mp3"]]}]],0,0,[],[],[]],[[{"name":"happy","rect":[0,0,546,546],"offset":[0,0],"originalSize":[546,546],"capInsets":[0,0,0,0]}],[1],0,[0],[0],[0]],[[{"name":"night","rect":[0,0,378,252],"offset":[0,0],"originalSize":[378,252],"capInsets":[0,0,0,0]}],[1],0,[0],[0],[1]]]]