[1,["75oCf8V5BJHI3i5KT/uKSc","aeTEj/tlJK5ooMW1zfKKfU","1aA/aYgE9FKps100XksrQp","9bZTkOTAJO/IW6qyzvgwBY","43Vi4Z8/9I0YW1/krQ8J0O","265JTd0pNGXLQYGpXmCYHd"],["_textureSetter"],["cc.Texture2D","cc.SpriteFrame",["cc.AudioClip",["_name","_native","duration"],0],["cc.JsonAsset",["_name","json"],1]],[[2,0,1,2,4],[3,0,1,3]],[[[[0,"toy",".mp3",0.679184],-1],0,0,[],[],[]],[["1,9729,9729,33071,33071,0,0,1",-1],[0],0,[],[],[]],[[{"name":"spelling_dog","rect":[0,0,370,273],"offset":[0,0],"originalSize":[370,273],"capInsets":[0,0,0,0]}],[1],0,[0],[0],[0]],[["0,9729,9729,33071,33071,0,0,1",-1],[0],0,[],[],[]],[[[0,"rat",".mp3",0.757551],-1],0,0,[],[],[]],[[[0,"bug",".mp3",0.626939],-1],0,0,[],[],[]],[["0,9729,9729,33071,33071,0,0,1",-1],[0],0,[],[],[]],[[[0,"six",".mp3",0.809796],-1],0,0,[],[],[]],[[[1,"sl_en2201",{"rows":[["spelldoor","1","Description","dog","***","4","1","spelling_dog.png","dog.mp3"],["spelldoor","1","Description","rat","***","4","1","spelling_rat.png","rat.mp3"],["spelldoor","1","Description","cat","***","4","1","spelling_cat.png","cat.mp3"],["spelldoor","1","Description","six","***","4","1","spelling_six.png","six.mp3"],["spelldoor","1","Description","bug","***","4","1","spelling_bug.png","bug.mp3"],["spelldoor","1","Description","toy","***","4","1","spelling_toy.jpg","toy.mp3"],["quizliteracy","1","Description","word_word","og","og","ed","ad","","d__","dog.mp3"],["quizliteracy","1","Description","word_word","ug","og","ug","as","","b__","bug.mp3"],["quizliteracy","1","Description","word_word","r","c","h","r","","_at","rat.mp3"],["quizliteracy","1","Description","word_word","si","hi","si","ti","","__x","six.mp3"],["quizliteracy","1","Description","word_word","oy","ot","oy","ox","","t__","toy.mp3"]]}]],0,0,[],[],[]],[["0,9729,9729,33071,33071,0,0,1",-1],[0],0,[],[],[]],[[[0,"cat",".mp3",0.835918],-1],0,0,[],[],[]],[["0,9729,9729,33071,33071,0,0,1",-1],[0],0,[],[],[]],[[{"name":"spelling_rat","rect":[0,0,370,273],"offset":[0,0],"originalSize":[370,273],"capInsets":[0,0,0,0]}],[1],0,[0],[0],[1]],[["0,9729,9729,33071,33071,0,0,1",-1],[0],0,[],[],[]],[[[0,"dog",".mp3",0.574694],-1],0,0,[],[],[]],[[{"name":"spelling_toy","rect":[0,0,649,800],"offset":[0,0],"originalSize":[649,800],"capInsets":[0,0,0,0]}],[1],0,[0],[0],[2]],[[{"name":"spelling_bug","rect":[0,0,370,273],"offset":[0,0],"originalSize":[370,273],"capInsets":[0,0,0,0]}],[1],0,[0],[0],[3]],[[{"name":"spelling_cat","rect":[0,0,370,273],"offset":[0,0],"originalSize":[370,273],"capInsets":[0,0,0,0]}],[1],0,[0],[0],[4]],[[{"name":"spelling_six","rect":[0,0,370,273],"offset":[0,0],"originalSize":[370,273],"capInsets":[0,0,0,0]}],[1],0,[0],[0],[5]]]]