[1,["691GxS4W1AcaV5k0gyecMS","54s0WPLalHcrgQOn1zAn/M","bd8i54L6RGLKthESc71yBN","039LfjOn5CRooiIlmX4yMb","adRVQJPtRJybiJzl5QBdeT","5b3YyHjhBOvJs8l/BqFl5z","91hV4EFCZIDZFAgboSV1C7","92PpZvlCxO16GLZq6oVNYK","1dA8SRjQ9PE6GRal9O3ytl"],["_textureSetter"],["cc.SpriteFrame","cc.Texture2D",["cc.AudioClip",["_name","_native","duration"],0],["cc.JsonAsset",["_name","json"],1]],[[2,0,1,2,4],[3,0,1,3]],[[[{"name":"monkey","rect":[0,0,512,341],"offset":[0,0],"originalSize":[512,341],"capInsets":[0,0,0,0]}],[0],0,[0],[0],[0]],[["0,9729,9729,33071,33071,0,0,1",-1],[1],0,[],[],[]],[[[0,"ಅಂಕಣ",".mp3",1.032],-1],0,0,[],[],[]],[["0,9729,9729,33071,33071,0,0,1",-1],[1],0,[],[],[]],[[[0,"ಅಂಗಳ",".mp3",1.032],-1],0,0,[],[],[]],[[{"name":"column","rect":[0,0,341,512],"offset":[0,0],"originalSize":[341,512],"capInsets":[0,0,0,0]}],[0],0,[0],[0],[1]],[[[0,"ಕಂಬ",".mp3",0.672],-1],0,0,[],[],[]],[["0,9729,9729,33071,33071,0,0,1",-1],[1],0,[],[],[]],[[[1,"kn1007",{"rows":[["spelldoor","1","Description","ಅಂದ","**","0","0","beautiful.png","ಅಂದ.mp3"],["spelldoor","1","Description","ಅಂಗಳ","***","0","0","yard.png","ಅಂಗಳ.mp3"],["spelldoor","1","Description","ಮಂಗ","**","0","0","monkey.png","ಮಂಗ.mp3"],["spelldoor","1","Description","ಕಂಠ","**","0","0","throat.png","ಕಂಠ.mp3"],["spelldoor","1","Description","ಕಂಪನ","***","0","0","shivering.png","ಕಂಪನ.mp3"],["spelldoor","1","Description","ಕಂಬ","**","0","0","pillar.png","ಕಂಬ.mp3"],["spelldoor","1","Description","ಅಂಕಣ","***","0","0","column.png","ಅಂಕಣ.mp3"],["spelldoor","1","Description","ಅಂಗದ","***","0","0","armlet_bracelet.png","ಅಂಗದ.mp3"],["spelldoor","1","Description","ಅಂಧ","**","0","0","blind.png","ಅಂಧ.mp3"],["quizliteracy","1","Description","image_word","ಅಂದ","ಅಂದ","ಮಂಗ","ಕಂಬ","beautiful.png"],["quizliteracy","1","Description","image_word","ಮಂಗ","ಕಂಪನ","ಅಂದ","ಮಂಗ","monkey.png"],["quizliteracy","1","Description","image_word","ಕಂಬ","ಅಂಗದ","ಕಂಬ","ಅಂದ","pillar.png"]]}]],0,0,[],[],[]],[["0,9729,9729,33071,33071,0,0,1",-1],[1],0,[],[],[]],[[[0,"ಕಂಠ",".mp3",0.696],-1],0,0,[],[],[]],[[{"name":"blind","rect":[0,0,512,342],"offset":[0,0],"originalSize":[512,342],"capInsets":[0,0,0,0]}],[0],0,[0],[0],[2]],[["0,9729,9729,33071,33071,0,0,1",-1],[1],0,[],[],[]],[[{"name":"beautiful","rect":[0,0,512,341],"offset":[0,0],"originalSize":[512,341],"capInsets":[0,0,0,0]}],[0],0,[0],[0],[3]],[[{"name":"pillar","rect":[0,0,341,512],"offset":[0,0],"originalSize":[341,512],"capInsets":[0,0,0,0]}],[0],0,[0],[0],[4]],[[[0,"ಅಂಧ",".mp3",1.032],-1],0,0,[],[],[]],[[[0,"ಮಂಗ",".mp3",0.672],-1],0,0,[],[],[]],[[[0,"ಅಂದ",".mp3",0.672],-1],0,0,[],[],[]],[[[0,"ಅಂಗದ",".mp3",1.128],-1],0,0,[],[],[]],[["0,9729,9729,33071,33071,0,0,1",-1],[1],0,[],[],[]],[["0,9729,9729,33071,33071,0,0,1",-1],[1],0,[],[],[]],[["0,9729,9729,33071,33071,0,0,1",-1],[1],0,[],[],[]],[["0,9729,9729,33071,33071,0,0,1",-1],[1],0,[],[],[]],[[{"name":"shivering","rect":[0,0,512,384],"offset":[0,0],"originalSize":[512,384],"capInsets":[0,0,0,0]}],[0],0,[0],[0],[5]],[[[0,"ಕಂಪನ",".mp3",0.792],-1],0,0,[],[],[]],[[{"name":"yard","rect":[0,0,341,512],"offset":[0,0],"originalSize":[341,512],"capInsets":[0,0,0,0]}],[0],0,[0],[0],[6]],[[{"name":"armlet_bracelet","rect":[0,0,512,341],"offset":[0,0],"originalSize":[512,341],"capInsets":[0,0,0,0]}],[0],0,[0],[0],[7]],[[{"name":"throat","rect":[0,0,341,512],"offset":[0,0],"originalSize":[341,512],"capInsets":[0,0,0,0]}],[0],0,[0],[0],[8]]]]