[1,["138GlzToxC5Z13AvdngLi9","0e7ye7UQVGu5Iv5h0NwGWu","4atiwVDTlCsaAwifam6rRb","17ZqBq+5VAWLh8zq0NfQRt","0btzqK3gJPeISss1MW4POK","8aQ3PyfL5Dd7vaZ1IjLIkD"],["_textureSetter"],["cc.Texture2D","cc.SpriteFrame",["cc.AudioClip",["_name","_native","duration"],0],["cc.JsonAsset",["_name","json"],1]],[[2,0,1,2,4],[3,0,1,3]],[[["0,9729,9729,33071,33071,0,0,1",-1],[0],0,[],[],[]],[["0,9729,9729,33071,33071,0,0,1",-1],[0],0,[],[],[]],[["0,9729,9729,33071,33071,0,0,1",-1],[0],0,[],[],[]],[["0,9729,9729,33071,33071,0,0,1",-1],[0],0,[],[],[]],[[{"name":"March","rect":[0,0,512,377],"offset":[0,0],"originalSize":[512,377],"capInsets":[0,0,0,0]}],[1],0,[0],[0],[0]],[["0,9729,9729,33071,33071,0,0,1",-1],[0],0,[],[],[]],[[{"name":"January","rect":[0,0,512,377],"offset":[0,0],"originalSize":[512,377],"capInsets":[0,0,0,0]}],[1],0,[0],[0],[1]],[[[0,"February",".mp3",1.128],-1],0,0,[],[],[]],[[{"name":"June","rect":[0,0,512,377],"offset":[0,0],"originalSize":[512,377],"capInsets":[0,0,0,0]}],[1],0,[0],[0],[2]],[[[0,"November",".mp3",1.176],-1],0,0,[],[],[]],[["0,9729,9729,33071,33071,0,0,1",-1],[0],0,[],[],[]],[[[0,"March",".mp3",0.984],-1],0,0,[],[],[]],[[{"name":"May","rect":[0,0,512,377],"offset":[0,0],"originalSize":[512,377],"capInsets":[0,0,0,0]}],[1],0,[0],[0],[3]],[[{"name":"February","rect":[0,0,512,377],"offset":[0,0],"originalSize":[512,377],"capInsets":[0,0,0,0]}],[1],0,[0],[0],[4]],[[[0,"January",".mp3",1.32],-1],0,0,[],[],[]],[[{"name":"November","rect":[0,0,512,377],"offset":[0,0],"originalSize":[512,377],"capInsets":[0,0,0,0]}],[1],0,[0],[0],[5]],[[[1,"en3413",{"rows":[["rocket","1","Description","November","N,o,v,e,m,b,e,r","N,o,v,e,m,b,e,r","November.mp3","November.png","False","True"],["rocket","1","Description","January","J,a,n,u,a,r,y","J,a,n,u,a,r,y","January.mp3","January.png","False","True"],["rocket","1","Description","June","J,u,n,e","J,u,n,e","June.mp3","June.png","False","True"],["rocket","1","Description","February","F,e,b,r,u,a,r,y","F,e,b,r,u,a,r,y","February.mp3","February.png","False","True"],["rocket","1","Description","May","M,a,y","M,a,y","May.mp3","May.png","False","True"],["rocket","1","Description","March","M,a,r,c,h","M,a,r,c,h","March.mp3","March.png","False","True"],["quizliteracy","1","Description","image_word","January","November","February","January","January.png"],["quizliteracy","1","Description","word_word","ne","es","ne","in","","Ju__","June.mp3"],["quizliteracy","1","Description","soundonly_word","May","May","February","November","","","May.mp3"]]}]],0,0,[],[],[]],[[[0,"May",".mp3",0.768],-1],0,0,[],[],[]],[[[0,"June",".mp3",1.008],-1],0,0,[],[],[]]]]