[1,["83J9EFrjNEm43CIdfGBu/Y","fbuVYbSmlLO7yCoAfHk4eS","95QqIZScdCfoFEU9sKnPtJ","21WKX/0NpFarG9TC/zpFM+"],["_textureSetter"],["cc.Texture2D","cc.SpriteFrame",["cc.AudioClip",["_name","_native","duration"],0],["cc.JsonAsset",["_name","json"],1]],[[2,0,1,2,4],[3,0,1,3]],[[[[0,"ಷ್ಟು",".mp3",0.744],-1],0,0,[],[],[]],[[[0,"ರೂಪಾಯಿ",".mp3",0.84],-1],0,0,[],[],[]],[["0,9729,9729,33071,33071,0,0,1",-1],[0],0,[],[],[]],[[[0,"ಚೆನ್ನಾಗಿ",".mp3",0.912],-1],0,0,[],[],[]],[[[0,"ನಲವತ್ತೊಂದು",".mp3",1.152],-1],0,0,[],[],[]],[[{"name":"rupee","rect":[0,0,800,533],"offset":[0,0],"originalSize":[800,533],"capInsets":[0,0,0,0]}],[1],0,[0],[0],[0]],[[[0,"ಲೆ",".mp3",0.552],-1],0,0,[],[],[]],[[{"name":"41","rect":[0,0,800,660],"offset":[0,0],"originalSize":[800,660],"capInsets":[0,0,0,0]}],[1],0,[0],[0],[1]],[[[0,"ಗಿ",".mp3",0.552],-1],0,0,[],[],[]],[[[0,"ಎಷ್ಟು",".mp3",0.744],-1],0,0,[],[],[]],[["0,9729,9729,33071,33071,0,0,1",-1],[0],0,[],[],[]],[[[0,"ಎ",".mp3",0.504],-1],0,0,[],[],[]],[[{"name":"brother","rect":[0,0,500,334],"offset":[0,0],"originalSize":[500,334],"capInsets":[0,0,0,0]}],[1],0,[0],[0],[2]],[[[0,"ಬೆ",".mp3",0.552],-1],0,0,[],[],[]],[[{"name":"namaste","rect":[0,0,486,800],"offset":[0,0],"originalSize":[486,800],"capInsets":[0,0,0,0]}],[1],0,[0],[0],[3]],[["0,9729,9729,33071,33071,0,0,1",-1],[0],0,[],[],[]],[[[0,"ಅಣ್ಣ",".mp3",0.624],-1],0,0,[],[],[]],[[[0,"ನ್ನಾ",".mp3",0.576],-1],0,0,[],[],[]],[[[0,"ಚೆ",".mp3",0.576],-1],0,0,[],[],[]],[[[1,"kn3501",{"rows":[["phonictractor","1","Description","4","ಎಷ್ಟು","ಎಷ್ಟು.mp3","ಎ","ಎ.mp3","ಷ್ಟು","ಷ್ಟು.mp3"],["spelldoor","1","Description","ನ,ಮ,ಸ್ಕಾ,ರ","****","0","0","namaste.png","ನಮಸ್ಕಾರ.mp3"],["rocket","1","Description","ಅಣ್ಣ","ಅ,ಣ್ಣ","ಅ,ಣ್ಣ","ಅಣ್ಣ.mp3","brother.png","False","False"],["phonictractor","1","Description","4","ಬೆಲೆ","ಬೆಲೆ.mp3","ಬೆ","ಬೆ.mp3","ಲೆ","ಲೆ.mp3"],["spelldoor","1","Description","ರೂಪಾಯಿ","*ಪಾಯಿ","0","0","rupee.png","ರೂಪಾಯಿ.mp3"],["spelldoor","1","Description","ನ,ಲ,ವ,ತ್ತೊಂ,ದು","*****","0","0","41.png","ನಲವತ್ತೊಂದು.mp3"],["phonictractor","1","Description","4","ಚೆನ್ನಾಗಿ","ಚೆನ್ನಾಗಿ.mp3","ಚೆ","ಚೆ.mp3","ನ್ನಾ","ನ್ನಾ.mp3","ಗಿ","ಗಿ.mp3"],["quizliteracy","1","Description","word_word","ಪಾಯಿ","ಮು","ಪಾಯಿ","ಮಾಲು","","ರೂ_____","ರೂಪಾಯಿ.mp3"],["quizliteracy","1","Description","image_word","ನಮಸ್ಕಾರ","ನಮಸ್ಕಾರ","ಚೆನ್ನಾಗಿ","ನಲವತ್ತೊಂದು","namaste.png"],["quizliteracy","1","Description","soundonly_word","ಅಣ್ಣ","ಬೆಲೆ","ಅಣ್ಣ","ಎಷ್ಟು","","","ಅಣ್ಣ.mp3"]]}]],0,0,[],[],[]],[[[0,"ನಮಸ್ಕಾರ",".mp3",0.984],-1],0,0,[],[],[]],[[[0,"ಬೆಲೆ",".mp3",0.648],-1],0,0,[],[],[]],[["0,9729,9729,33071,33071,0,0,1",-1],[0],0,[],[],[]]]]