[1,["13hxlFkEFEe440SCcWqR83","6a5M/Y7BVJEox6me96GN7u","e0Ij+r5bZBGZ3nfDtJ+fSL"],["_textureSetter"],["cc.Texture2D","cc.SpriteFrame",["cc.AudioClip",["_name","_native","duration"],0],["cc.JsonAsset",["_name","json"],1]],[[2,0,1,2,4],[3,0,1,3]],[[[[0,"य",".mp3",0.914286],-1],0,0,[],[],[]],[["0,9729,9729,33071,33071,0,0,1",-1],[0],0,[],[],[]],[[[0,"यज्ञ",".mp3",1.123265],-1],0,0,[],[],[]],[[{"name":"liver","rect":[0,0,640,449],"offset":[0,0],"originalSize":[640,449],"capInsets":[0,0,0,0]}],[1],0,[0],[0],[0]],[[{"name":"yajna","rect":[0,0,640,480],"offset":[0,0],"originalSize":[640,480],"capInsets":[0,0,0,0]}],[1],0,[0],[0],[1]],[["0,9729,9729,33071,33071,0,0,1",-1],[0],0,[],[],[]],[[{"name":"yamraj","rect":[0,0,192,256],"offset":[0,0],"originalSize":[192,256],"capInsets":[0,0,0,0]}],[1],0,[0],[0],[2]],[[[0,"यकृत",".mp3",0.914286],-1],0,0,[],[],[]],[[[1,"mr0125",{"rows":[["balloonpop","1","Description","2","य","3","म,भ,य","य.mp3"],["phonictractor","1","Description","5","य","य.mp3","य","य.mp3"],["writeletter","1","Description","य","यकृत"],["writecard","1","Description","य","यकृत","liver.png","यकृत.mp3","यज्ञ","yajna.png","यज्ञ.mp3","यमराज","yamraj.png","यमराज.mp3"],["quizliteracy","1","Description","soundonly_word","य","म","य","न","","","य.mp3"],["quizliteracy","1","Description","word_word","य","य","न","म","","य"],["quizliteracy","1","Description","soundonly_word","य","म","य","न","","","य.mp3"]]}]],0,0,[],[],[]],[["0,9729,9729,33071,33071,0,0,1",-1],[0],0,[],[],[]],[[[0,"यमराज",".mp3",1.123265],-1],0,0,[],[],[]]]]