[1,["4bygAbu6pNjqO9TLTQZt8L","b8GGN5IhlHcYAlY8H4vzm4","47dEtTw3pDUpkNInWZMLmd","e8NMCU8AxBc4U5PTzmszWK","a56/gUq5FCz4uVLHl124O1","a7Pc7KjM1N5ZQbOlH30BYT","579UK5GFRKwLuDzJlfa+4z"],["_textureSetter"],["cc.SpriteFrame","cc.Texture2D",["cc.AudioClip",["_name","_native","duration"],0],["cc.JsonAsset",["_name","json"],1]],[[2,0,1,2,4],[3,0,1,3]],[[[[0,"ನು",".mp3",0.504],-1],0,0,[],[],[]],[[[0,"ರು",".mp3",0.528],-1],0,0,[],[],[]],[[[0,"ಗು",".mp3",0.552],-1],0,0,[],[],[]],[[[0,"ವ",".mp3",0.48],-1],0,0,[],[],[]],[[{"name":"happy","rect":[0,0,500,333],"offset":[0,0],"originalSize":[500,333],"capInsets":[0,0,0,0]}],[0],0,[0],[0],[0]],[[[0,"ಸುಗುಣ",".mp3",0.792],-1],0,0,[],[],[]],[["0,9729,9729,33071,33071,0,0,1",-1],[1],0,[],[],[]],[["0,9729,9729,33071,33071,0,0,1",-1],[1],0,[],[],[]],[[[0,"ಣ",".mp3",0.504],-1],0,0,[],[],[]],[["0,9729,9729,33071,33071,0,0,1",-1],[1],0,[],[],[]],[[[0,"ಹುಳಿ",".mp3",0.624],-1],0,0,[],[],[]],[[{"name":"aim","rect":[0,0,800,534],"offset":[0,0],"originalSize":[800,534],"capInsets":[0,0,0,0]}],[0],0,[0],[0],[1]],[[[0,"ನ",".mp3",0.48],-1],0,0,[],[],[]],[[[1,"kn1900",{"rows":[["phonictractor","1","Description","4","ಚುರುಕು","ಚುರುಕು.mp3","ಚು","ಚು.mp3","ರು","ರು.mp3","ಕು","ಕು.mp3"],["phonictractor","1","Description","4","ನುಣುಪು","ನುಣುಪು.mp3","ನು","ನು.mp3","ಣು","ಣು.mp3","ಪು","ಪು.mp3"],["spelldoor","1","Description","ಕುರಿ","**","0","0","sheep.png","ಕುರಿ.mp3"],["spelldoor","1","Description","ಗುರಿ","**","0","0","aim.png","ಗುರಿ.mp3"],["spelldoor","1","Description","ಬುಗುರಿ","***","0","0","top.png","ಬುಗುರಿ.mp3"],["openwindow","1","Description","LEGIT","ಹು,ಳಿ","sour.png","sweet.png","ಹುಳಿ.mp3","ಹು,ಳಿ"],["rocket","1","Description","ಖುಷಿ","ಖು,ಷಿ","ಖು,ಷಿ","ಖುಷಿ.mp3","happy.png","False","False"],["spelldoor","1","Description","ಮುನಿ","*ನಿ","0","1","monk.png","ಮುನಿ.mp3"],["phonictractor","1","Description","4","ಸುಗುಣ","ಸುಗುಣ.mp3","ಸು","ಸು.mp3","ಗು","ಗು.mp3","ಣ","ಣ.mp3"],["phonictractor","1","Description","4","ಭುವನ","ಭುವನ.mp3","ಭು","ಭು.mp3","ವ","ವ.mp3","ನ","ನ.mp3"],["quizliteracy","1","Description","word_word","ಕು","ಮು","ಕು","ಬು","","__ರಿ","ಕುರಿ.mp3"],["quizliteracy","1","Description","image_word","ಬುಗುರಿ","ಮುನಿ","ಬುಗುರಿ","ಖುಷಿ","top.png"],["quizliteracy","1","Description","soundonly_word","ಮುನಿ","ಬುಗುರಿ","ಮುನಿ","ಗುರಿ","","","ಮುನಿ.mp3"]]}]],0,0,[],[],[]],[[{"name":"sweet","rect":[0,0,800,533],"offset":[0,0],"originalSize":[800,533],"capInsets":[0,0,0,0]}],[0],0,[0],[0],[2]],[[[0,"ನುಣುಪು",".mp3",0.768],-1],0,0,[],[],[]],[[[0,"ಪು",".mp3",0.528],-1],0,0,[],[],[]],[[[0,"ಕುರಿ",".mp3",0.6],-1],0,0,[],[],[]],[[[0,"ಸು",".mp3",0.624],-1],0,0,[],[],[]],[[{"name":"sheep","rect":[0,0,601,800],"offset":[0,0],"originalSize":[601,800],"capInsets":[0,0,0,0]}],[0],0,[0],[0],[3]],[["0,9729,9729,33071,33071,0,0,1",-1],[1],0,[],[],[]],[["0,9729,9729,33071,33071,0,0,1",-1],[1],0,[],[],[]],[[[0,"ಣು",".mp3",0.528],-1],0,0,[],[],[]],[[[0,"ಚುರುಕು",".mp3",0.816],-1],0,0,[],[],[]],[[[0,"ಬುಗುರಿ",".mp3",0.744],-1],0,0,[],[],[]],[["0,9729,9729,33071,33071,0,0,1",-1],[1],0,[],[],[]],[[[0,"ಖುಷಿ",".mp3",0.696],-1],0,0,[],[],[]],[[[0,"ಚು",".mp3",0.576],-1],0,0,[],[],[]],[[[0,"ಭು",".mp3",0.552],-1],0,0,[],[],[]],[[{"name":"monk","rect":[0,0,532,800],"offset":[0,0],"originalSize":[532,800],"capInsets":[0,0,0,0]}],[0],0,[0],[0],[4]],[[{"name":"top","rect":[0,0,500,500],"offset":[0,0],"originalSize":[500,500],"capInsets":[0,0,0,0]}],[0],0,[0],[0],[5]],[[{"name":"sour","rect":[0,0,800,532],"offset":[0,0],"originalSize":[800,532],"capInsets":[0,0,0,0]}],[0],0,[0],[0],[6]],[[[0,"ಗುರಿ",".mp3",0.648],-1],0,0,[],[],[]],[[[0,"ಭುವನ",".mp3",0.72],-1],0,0,[],[],[]],[["0,9729,9729,33071,33071,0,0,1",-1],[1],0,[],[],[]],[[[0,"ಕು",".mp3",0.528],-1],0,0,[],[],[]],[[[0,"ಮುನಿ",".mp3",0.624],-1],0,0,[],[],[]]]]