[1,["c3/w7XnWJByauZuvqBBta/","85U54xWe9GpZeyl0eUBd3I","4awVL+9x9Hsai6zybp6PGE","22PTZ9YdVDJbkACALglABQ","d7kz9xYQ5ATLPJyLMFjahr","e2XyG4jDVGu6rO4Hq9cEsO","7d/Pz8+YRKRYNebYrLoOI3","c7hsPgsVZHyJcRcUfkvRpD"],["_textureSetter"],["cc.SpriteFrame","cc.Texture2D",["cc.AudioClip",["_name","_native","duration"],0],["cc.JsonAsset",["_name","json"],1]],[[2,0,1,2,4],[3,0,1,3]],[[[{"name":"stomach","rect":[0,0,512,341],"offset":[0,0],"originalSize":[512,341],"capInsets":[0,0,0,0]}],[0],0,[0],[0],[0]],[["0,9729,9729,33071,33071,0,0,1",-1],[1],0,[],[],[]],[[[0,"ಫಲಕ",".mp3",0.744],-1],0,0,[],[],[]],[[{"name":"placard","rect":[0,0,357,500],"offset":[0,0],"originalSize":[357,500],"capInsets":[0,0,0,0]}],[0],0,[0],[0],[1]],[["0,9729,9729,33071,33071,0,0,1",-1],[1],0,[],[],[]],[[{"name":"fruits","rect":[0,0,500,333],"offset":[0,0],"originalSize":[500,333],"capInsets":[0,0,0,0]}],[0],0,[0],[0],[2]],[[{"name":"nail","rect":[0,0,500,333],"offset":[0,0],"originalSize":[500,333],"capInsets":[0,0,0,0]}],[0],0,[0],[0],[3]],[[[0,"ಫಲ",".mp3",0.624],-1],0,0,[],[],[]],[[{"name":"villain","rect":[0,0,512,341],"offset":[0,0],"originalSize":[512,341],"capInsets":[0,0,0,0]}],[0],0,[0],[0],[4]],[["0,9729,9729,33071,33071,0,0,1",-1],[1],0,[],[],[]],[[[1,"kn0905",{"rows":[["rocket","1","Description","ಜಠರ","ಜ,ಠ,ರ","ಜ,ಠ,ರ","ಜಠರ.mp3","stomach.png","False","False"],["spelldoor","1","Description","ಕಫ","ಕ*","0","0","phlegm.png","ಕಫ.mp3"],["rocket","1","Description","ಖಗ","ಖ,ಗ","ಖ,ಗ","ಖಗ.mp3","vulture.png","False","False"],["spelldoor","1","Description","ಖಳ","*ಳ","0","0","villain.png","ಖಳ.mp3"],["rocket","1","Description","ಫಲಕ","ಫ,ಲ,ಕ","ಫ,ಲ,ಕ","ಫಲಕ.mp3","placard.png","False","False"],["spelldoor","1","Description","ನಖ","ಖ*","0","0","nail.png","ನಖ.mp3"],["rocket","1","Description","ಫಲ","ಫ,ಲ","ಫ,ಲ","ಫಲ.mp3","fruits.png","False","False"],["spelldoor","1","Description","ಪಠಣ","ಪ*ಣ","0","0","recite.png","ಪಠಣ.mp3"],["quizliteracy","1","Description","word_word","ಫ","ಫ","ಖ","ಠ","","ಕ_","ಕಫ.mp3"],["quizliteracy","1","Description","word_word","ಖ","ಠ","ಫ","ಖ","","_ಳ","ಖಳ.mp3"],["quizliteracy","1","Description","word_word","ಠ","ಖ","ಠ","ಫ","","ಪ_ಣ","ಪಠಣ.mp3"]]}]],0,0,[],[],[]],[["0,9729,9729,33071,33071,0,0,1",-1],[1],0,[],[],[]],[[[0,"ಪಠಣ",".mp3",0.72],-1],0,0,[],[],[]],[[{"name":"recite","rect":[0,0,341,512],"offset":[0,0],"originalSize":[341,512],"capInsets":[0,0,0,0]}],[0],0,[0],[0],[5]],[[{"name":"vulture","rect":[0,0,512,426],"offset":[0,0],"originalSize":[512,426],"capInsets":[0,0,0,0]}],[0],0,[0],[0],[6]],[[[0,"ಖಳ",".mp3",0.624],-1],0,0,[],[],[]],[["0,9729,9729,33071,33071,0,0,1",-1],[1],0,[],[],[]],[["0,9729,9729,33071,33071,0,0,1",-1],[1],0,[],[],[]],[[[0,"ಕಫ",".mp3",0.624],-1],0,0,[],[],[]],[[[0,"ನಖ",".mp3",0.672],-1],0,0,[],[],[]],[["0,9729,9729,33071,33071,0,0,1",-1],[1],0,[],[],[]],[["0,9729,9729,33071,33071,0,0,1",-1],[1],0,[],[],[]],[[[0,"ಖಗ",".mp3",0.648],-1],0,0,[],[],[]],[[[0,"ಜಠರ",".mp3",0.744],-1],0,0,[],[],[]],[[{"name":"phlegm","rect":[12,14,342,477],"offset":[-7,3.5],"originalSize":[380,512],"capInsets":[0,0,0,0]}],[0],0,[0],[0],[7]]]]