[1,["d72UbB1KRGkIsFdk+1zWVS","22C8JYg9tOZ6xW2W8E7gNZ","beRW1FJqdK77qAUOAyVT89","c1ogm00xFFl6XugiJuABqt","58HWBDLJ5D15Qb5e3Bww7C","a6wX+SV9NM/pEDeQZ9Op6O","88Fu+IQZxBxJbdsFR4qItx","33wlFezKVKNKLvmOEAqKVk","f6XdU6U1RGFp8cO1dv2cV1","5cYgrszi5FEZCjDeIEoIkE","f0n0ooyDVLjoaBlUy5SOJP","757bvWhDNJe7mTzREnQCds","35pKm8z4tF857NWEsomP5T","a1t6T+kQVCyLE102VAEA8T","90opVFgjtMy6Lr0Ib6LYpd","feWBDhzm9O8IxLva2OKvHp","76qSHv7/ZCwZA52PwHK//I"],["_textureSetter"],["cc.SpriteFrame","cc.Texture2D",["cc.AudioClip",["_name","_native","duration"],0],["cc.JsonAsset",["_name","json"],1]],[[2,0,1,2,4],[3,0,1,3]],[[[{"name":"l8_heswimming","rect":[0,0,868,689],"offset":[0,0],"originalSize":[868,689],"capInsets":[0,0,0,0]}],[0],0,[0],[0],[0]],[[{"name":"l8_herunning","rect":[0,0,868,689],"offset":[0,0],"originalSize":[868,689],"capInsets":[0,0,0,0]}],[0],0,[0],[0],[1]],[[[0,"एक_लडकी_कुर्सी_पर_बैठती_है।",".mp3",2.56],-1],0,0,[],[],[]],[[[0,"वह_भाग_रहा_है।",".mp3",1.567347],-1],0,0,[],[],[]],[[{"name":"l8_shesleeping","rect":[0,0,868,689],"offset":[0,0],"originalSize":[868,689],"capInsets":[0,0,0,0]}],[0],0,[0],[0],[2]],[["0,9729,9729,33071,33071,0,0,1",-1],[1],0,[],[],[]],[[[0,"वह_खाना_पका_रही_है।",".mp3",2.115918],-1],0,0,[],[],[]],[["0,9729,9729,33071,33071,0,0,1",-1],[1],0,[],[],[]],[["0,9729,9729,33071,33071,0,0,1",-1],[1],0,[],[],[]],[[{"name":"l8_boyreading","rect":[0,0,868,689],"offset":[0,0],"originalSize":[868,689],"capInsets":[0,0,0,0]}],[0],0,[0],[0],[3]],[[{"name":"l9_girlsitschair","rect":[0,0,868,689],"offset":[0,0],"originalSize":[868,689],"capInsets":[0,0,0,0]}],[0],0,[0],[0],[4]],[[{"name":"l9_boysitschair","rect":[0,0,868,689],"offset":[0,0],"originalSize":[868,689],"capInsets":[0,0,0,0]}],[0],0,[0],[0],[5]],[[[0,"लडके_अब_स्कूल_जाते_हैं",".mp3",2.194286],-1],0,0,[],[],[]],[[{"name":"l8_shewashinghand","rect":[0,0,868,689],"offset":[0,0],"originalSize":[868,689],"capInsets":[0,0,0,0]}],[0],0,[0],[0],[6]],[["0,9729,9729,33071,33071,0,0,1",-1],[1],0,[],[],[]],[[{"name":"l8_hewalking","rect":[0,0,868,689],"offset":[0,0],"originalSize":[868,689],"capInsets":[0,0,0,0]}],[0],0,[0],[0],[7]],[["0,9729,9729,33071,33071,0,0,1",-1],[1],0,[],[],[]],[[[0,"वह_तैर_रही_है।",".mp3",1.48898],-1],0,0,[],[],[]],[[[0,"वह_पेड_के_बगल_में_खडा_है।",".mp3",2.586122],-1],0,0,[],[],[]],[["0,9729,9729,33071,33071,0,0,1",-1],[1],0,[],[],[]],[["0,9729,9729,33071,33071,0,0,1",-1],[1],0,[],[],[]],[[{"name":"l8_hejumping","rect":[0,0,868,689],"offset":[0,0],"originalSize":[868,689],"capInsets":[0,0,0,0]}],[0],0,[0],[0],[8]],[[[0,"एक_लडका_कुर्सी_पर_बैठता_है।",".mp3",2.821224],-1],0,0,[],[],[]],[[[0,"वो_कूद_रहा_है।",".mp3",1.462857],-1],0,0,[],[],[]],[["0,9729,9729,33071,33071,0,0,1",-1],[1],0,[],[],[]],[[[0,"वह_हाथ_धो_रही_है।",".mp3",2.35102],-1],0,0,[],[],[]],[["0,9729,9729,33071,33071,0,0,1",-1],[1],0,[],[],[]],[[{"name":"l8_shecooking","rect":[0,0,868,689],"offset":[0,0],"originalSize":[868,689],"capInsets":[0,0,0,0]}],[0],0,[0],[0],[9]],[[{"name":"l8_sheswimmig","rect":[0,0,868,689],"offset":[0,0],"originalSize":[868,689],"capInsets":[0,0,0,0]}],[0],0,[0],[0],[10]],[[[0,"वह_सो_रही_है।",".mp3",1.48898],-1],0,0,[],[],[]],[["0,9729,9729,33071,33071,0,0,1",-1],[1],0,[],[],[]],[["0,9729,9729,33071,33071,0,0,1",-1],[1],0,[],[],[]],[[[0,"वह_पेड_के_बगल_में_खडी_है।",".mp3",2.821224],-1],0,0,[],[],[]],[[{"name":"l9_shestandtree","rect":[0,0,868,689],"offset":[0,0],"originalSize":[868,689],"capInsets":[0,0,0,0]}],[0],0,[0],[0],[11]],[[[0,"उनके_माता-पिता_दयालु_हैं",".mp3",2.298776],-1],0,0,[],[],[]],[[[0,"वह_तैर_रहा_है।",".mp3",1.48898],-1],0,0,[],[],[]],[[{"name":"l8_heeatingsalad","rect":[0,0,868,689],"offset":[0,0],"originalSize":[868,689],"capInsets":[0,0,0,0]}],[0],0,[0],[0],[12]],[[[0,"लडका_चित्र_बना_रहा_है।",".mp3",2.220408],-1],0,0,[],[],[]],[["0,9729,9729,33071,33071,0,0,1",-1],[1],0,[],[],[]],[[[0,"लडका_पढ़_रहा_है।",".mp3",1.776327],-1],0,0,[],[],[]],[["0,9729,9729,33071,33071,0,0,1",-1],[1],0,[],[],[]],[[{"name":"l9_teachersitschair","rect":[0,0,868,689],"offset":[0,0],"originalSize":[868,689],"capInsets":[0,0,0,0]}],[0],0,[0],[0],[13]],[[[0,"उन्हें_अपना_घर_साफ_करना_होगा",".mp3",2.638367],-1],0,0,[],[],[]],[[[0,"वो_चल_रहा_है।",".mp3",1.38449],-1],0,0,[],[],[]],[[[0,"एक_शिक्षक_कुर्सी_पर_बैठता_है।",".mp3",2.612245],-1],0,0,[],[],[]],[[{"name":"l9_theystandtree","rect":[0,0,868,689],"offset":[0,0],"originalSize":[868,689],"capInsets":[0,0,0,0]}],[0],0,[0],[0],[14]],[["0,9729,9729,33071,33071,0,0,1",-1],[1],0,[],[],[]],[[[0,"लडका_खा_रहा_है।",".mp3",1.697959],-1],0,0,[],[],[]],[["0,9729,9729,33071,33071,0,0,1",-1],[1],0,[],[],[]],[["0,9729,9729,33071,33071,0,0,1",-1],[1],0,[],[],[]],[[[0,"आप_किस_समय_सोते_हैं",".mp3",2.063673],-1],0,0,[],[],[]],[[[1,"hi1606",{"rows":[["fillblank","1","Description","उनके माता-पिता दयालु [हैं]।","उनके_माता-पिता_दयालु_हैं.mp3","रहे","थे","बनेंगे ","10"],["fillblank","1","Description","लड़के अब स्कूल [जाते] हैं।","लडके_अब_स्कूल_जाते_हैं.mp3","भागते ","निकलते ","दौड़ते ","10"],["fillblank","1","Description","आप किस समय [सोते] हैं?","आप_किस_समय_सोते_हैं.mp3","धुलाई","उठो","घर जाओ","15"],["fillblank","1","Description","उन्हें अपना घर [साफ] करना होगा।","उन्हें_अपना_घर_साफ_करना_होगा.mp3","मिलाये ","दिखाए","सुखाये","15"],["picturemeaning","1","Description","P","एक लड़का कुर्सी पर बैठता है।","l9_boysitschair.png","एक_लडका_कुर्सी_पर_बैठता_है।.mp3","एक लड़की कुर्सी पर बैठती है।","l9_girlsitschair.png","एक_लडकी_कुर्सी_पर_बैठती_है।.mp3","एक शिक्षक कुर्सी पर बैठता है।","l9_teachersitschair.png","एक_शिक्षक_कुर्सी_पर_बैठता_है।.mp3"],["picturemeaning","1","Description","P","वह पेड़ के बगल में खड़ा है।","l9_hestandtree.png","वह_पेड_के_बगल_में_खडा_है।.mp3","वह पेड़ के बगल में खड़ी है।","l9_shestandtree.png","वह_पेड_के_बगल_में_खडी_है।.mp3","वे पेड़ के बगल में खड़े हैं।","l9_theystandtree.png","वे_पेड_के_बगल_में_खडे_हैं।.mp3"],["picturemeaning","1","Description","S","वह खाना पका रही है।","l8_shecooking.png","वह_खाना_पका_रही_है।.mp3","वह सो रही है।","l8_shesleeping.png","वह_सो_रही_है।.mp3","वह हाथ धो रही है।","l8_shewashinghand.png","वह_हाथ_धो_रही_है।.mp3"],["picturemeaning","1","Description","S","वह भाग रहा है।","l8_herunning.png","वह_भाग_रहा_है।.mp3","वो चल रहा है।","l8_hewalking.png","वो_चल_रहा_है।.mp3","वो कूद रहा है।","l8_hejumping.png","वो_कूद_रहा_है।.mp3"],["picturemeaning","1","Description","S","लड़का चित्र बना रहा है।","l8_boydrawing.png","लडका_चित्र_बना_रहा_है।.mp3","लड़का खा रहा है।","l8_heeatingsalad.png","लडका_खा_रहा_है।.mp3","लड़का पढ़ रहा है।","l8_boyreading.png","लडका_पढ़_रहा_है।.mp3"],["picturemeaning","1","Description","P","वह तैर रहा है।","l8_heswimming.png","वह_तैर_रहा_है।.mp3","वह तैर रही है।","l8_sheswimmig.png","वह_तैर_रही_है।.mp3","वो कूद रहा है।","l8_hejumping.png","वो_कूद_रहा_है।.mp3"],["quizliteracy","1","Description","sentence_sentence","हैं","रहे","हैं","बनेंगे ","","उनके माता-पिता दयालु _।","उनके_माता-पिता_दयालु_हैं.mp3"],["quizliteracy","1","Description","sentence_sentence","जाते","भागते ","निकलते ","जाते","","लड़के अब स्कूल ____ हैं।","लडके_अब_स्कूल_जाते_हैं.mp3"],["quizliteracy","1","Description","sentence_sentence","बना","बना","खाना","रहा  ","","लड़का चित्र ___ रहा है।","लडका_चित्र_बना_रहा_है।.mp3"]]}]],0,0,[],[],[]],[[{"name":"l8_boydrawing","rect":[0,0,868,689],"offset":[0,0],"originalSize":[868,689],"capInsets":[0,0,0,0]}],[0],0,[0],[0],[15]],[[[0,"वे_पेड_के_बगल_में_खडे_हैं।",".mp3",2.533878],-1],0,0,[],[],[]],[["0,9729,9729,33071,33071,0,0,1",-1],[1],0,[],[],[]],[[{"name":"l9_hestandtree","rect":[0,0,868,689],"offset":[0,0],"originalSize":[868,689],"capInsets":[0,0,0,0]}],[0],0,[0],[0],[16]]]]