[1,["a2NLKImclGnrDIn+AygFJ7"],["_textureSetter"],["cc.SpriteFrame","cc.Texture2D",["cc.AudioClip",["_name","_native","duration"],0],["cc.JsonAsset",["_name","json"],1]],[[2,0,1,2,4],[3,0,1,3]],[[[[0,"seven",".mp3",0.757551],-1],0,0,[],[],[]],[[[0,"one",".mp3",0.626939],-1],0,0,[],[],[]],[[[1,"sl_en3404",{"rows":[["spelldoor","1","Description","thirty","******","4","4","thirty.png","thirty.mp3"],["spelldoor","1","Description","one","***","4","4","one.png","one.mp3"],["spelldoor","1","Description","eight","*****","4","4","eight.png","eight.mp3"],["spelldoor","1","Description","four","*ou*","4","4","four.png","four.mp3"],["spelldoor","1","Description","thirteen","****teen","4","4","thirteen.png","thirteen.mp3"],["spelldoor","1","Description","five","****","4","4","five.png","five.mp3"],["spelldoor","1","Description","seven","se***","4","4","seven.png","seven.mp3"],["quizliteracy","1","Description","word_word","rty","our","rty","ain","","thi___","thirty.mp3"],["quizliteracy","1","Description","soundonly_word","four","fifty","thirteen","four","","","four.mp3"],["quizliteracy","1","Description","image_word","seven","seven","eight","five","seven.png"]]}]],0,0,[],[],[]],[[[0,"five",".mp3",0.835918],-1],0,0,[],[],[]],[[{"name":"one","rect":[0,0,500,667],"offset":[0,0],"originalSize":[500,667],"capInsets":[0,0,0,0]}],[0],0,[0],[0],[0]],[[[0,"eight",".mp3",0.679184],-1],0,0,[],[],[]],[["0,9729,9729,33071,33071,0,0,1",-1],[1],0,[],[],[]],[[[0,"four",".mp3",0.574694],-1],0,0,[],[],[]]]]