[1,["09TyHxha9LF4Dgz+SUwQb3","7f8RMVA/ZDa4O0yjaFBY2V","70PJNmgStIgKfnoRBRAjux","43+aE0im5NSod228i41IrM","d6q00OiGpEyoKABaLPkO+y","a3z6S18ZBC37OYYM8hlAv7","360o9376RO1ZcuckThTh0+","eelBP2065Hnpsow/WqOhss","d5xGRFN/ZDf7EfuvK6c/Uk","b7tcHwJhBBqphigUsVCiO6","c0VOH2qIVJrZKYOgZcFdtI","87zIfHd/ZESKPXfqEq9MOF","d7lZ1yNLFOT40Zvp+RCQa+","be/N7SMXlMM65/uzXQKfiQ","19TnArWXZFX62GQPuBZgTH","89wEeU0xRH+YCw7ep7o1ZX","bawianQBZBhL2sMAl4Dg2F","29+56V+yZCD6McuyJBV1Sp","f0A/KB1SpLsr7zZNvwUxEl","b65GDQ+4hAOYOZ71uoZEuD"],["_textureSetter"],["cc.SpriteFrame","cc.Texture2D",["cc.JsonAsset",["_name","json"],1]],[[2,0,1,3]],[[[{"name":"matchinggame_rectangle_2_large","rect":[61,25,68,100],"offset":[0,0],"originalSize":[190,150],"capInsets":[0,0,0,0]}],[0],0,[0],[0],[0]],[[{"name":"matchinggame_rectangle_2_medium","rect":[72,41,46,68],"offset":[0,0],"originalSize":[190,150],"capInsets":[0,0,0,0]}],[0],0,[0],[0],[1]],[[[0,"maths0401",{"rows":[["shapepair","1","Description","image","image","matchinggame_circle_1_large.png","matchinggame_circle_2_large.png","circle.mp3","matchinggame_rectangle_1_large.png","matchinggame_rectangle_2_large.png","rectangle.mp3","matchinggame_square_1_large.png","matchinggame_square_2_large.png","square.mp3","matchinggame_triangle_1_large.png","matchinggame_triangle_2_large.png","triangle.mp3"],["shapepair","1","Description","image","image","matchinggame_circle_1_large.png","matchinggame_circle_2_medium.png","circle.mp3","matchinggame_rectangle_1_large.png","matchinggame_rectangle_2_medium.png","rectangle.mp3","matchinggame_square_1_large.png","matchinggame_square_2_medium.png","square.mp3","matchinggame_triangle_1_large.png","matchinggame_triangle_2_medium.png","triangle.mp3"],["shapepair","1","Description","image","image","matchinggame_circle_1_large.png","matchinggame_circle_2_small.png","circle.mp3","matchinggame_rectangle_1_large.png","matchinggame_rectangle_2_small.png","rectangle.mp3","matchinggame_square_1_large.png","matchinggame_square_2_small.png","square.mp3","matchinggame_triangle_1_large.png","matchinggame_triangle_2_small.png","triangle.mp3"],["shapepair","1","Description","image","image","matchinggame_circle_1_large.png","matchinggame_circle_object.png","circle.mp3","matchinggame_rectangle_1_large.png","matchinggame_rectangle_object.png","rectangle.mp3","matchinggame_square_1_large.png","matchinggame_square_object.png","square.mp3","matchinggame_triangle_1_large.png","matchinggame_triangle_object.png","triangle.mp3"],["quizmaths","1","Description","shapes","circle","circle","square","triangle","rectangle","which","which_is_a_circle","Which is a circle?"],["quizmaths","1","Description","shapes","square","circle","square","triangle","rectangle","which","which_is_a_square","Which is a square?"],["quizmaths","1","Description","shapes","triangle","circle","square","triangle","rectangle","which","which_is_a_triangle","Which is a triangle?"]]}]],0,0,[],[],[]],[["0,9729,9729,33071,33071,0,0,1",-1],[1],0,[],[],[]],[["0,9729,9729,33071,33071,0,0,1",-1],[1],0,[],[],[]],[[{"name":"matchinggame_circle_object","rect":[27,41,95,97],"offset":[-0.5,5.5],"originalSize":[150,190],"capInsets":[0,0,0,0]}],[0],0,[0],[0],[2]],[["0,9729,9729,33071,33071,0,0,1",-1],[1],0,[],[],[]],[[{"name":"matchinggame_triangle_2_large","rect":[41,26,109,94],"offset":[0.5,2],"originalSize":[190,150],"capInsets":[0,0,0,0]}],[0],0,[0],[0],[3]],[["0,9729,9729,33071,33071,0,0,1",-1],[1],0,[],[],[]],[[{"name":"matchinggame_circle_2_medium","rect":[61,41,67,67],"offset":[-0.5,0.5],"originalSize":[190,150],"capInsets":[0,0,0,0]}],[0],0,[0],[0],[4]],[[{"name":"matchinggame_square_2_medium","rect":[64,44,63,63],"offset":[0.5,-0.5],"originalSize":[190,150],"capInsets":[0,0,0,0]}],[0],0,[0],[0],[5]],[[{"name":"matchinggame_circle_2_small","rect":[77,57,35,34],"offset":[-0.5,1],"originalSize":[190,150],"capInsets":[0,0,0,0]}],[0],0,[0],[0],[6]],[["0,9729,9729,33071,33071,0,0,1",-1],[1],0,[],[],[]],[[{"name":"matchinggame_triangle_2_small","rect":[78,66,34,30],"offset":[0,-6],"originalSize":[190,150],"capInsets":[0,0,0,0]}],[0],0,[0],[0],[7]],[[{"name":"matchinggame_triangle_1_large","rect":[41,26,109,94],"offset":[0.5,2],"originalSize":[190,150],"capInsets":[0,0,0,0]}],[0],0,[0],[0],[8]],[[{"name":"matchinggame_circle_2_large","rect":[45,26,101,101],"offset":[0.5,-1.5],"originalSize":[190,150],"capInsets":[0,0,0,0]}],[0],0,[0],[0],[9]],[[{"name":"matchinggame_triangle_2_medium","rect":[62,48,66,58],"offset":[0,-2],"originalSize":[190,150],"capInsets":[0,0,0,0]}],[0],0,[0],[0],[10]],[[{"name":"matchinggame_square_object","rect":[49,32,96,88],"offset":[2,-1],"originalSize":[190,150],"capInsets":[0,0,0,0]}],[0],0,[0],[0],[11]],[["0,9729,9729,33071,33071,0,0,1",-1],[1],0,[],[],[]],[[{"name":"matchinggame_rectangle_2_small","rect":[82,55,26,40],"offset":[0,0],"originalSize":[190,150],"capInsets":[0,0,0,0]}],[0],0,[0],[0],[12]],[["0,9729,9729,33071,33071,0,0,1",-1],[1],0,[],[],[]],[["0,9729,9729,33071,33071,0,0,1",-1],[1],0,[],[],[]],[["0,9729,9729,33071,33071,0,0,1",-1],[1],0,[],[],[]],[[{"name":"matchinggame_triangle_object","rect":[52,17,96,118],"offset":[5,-1],"originalSize":[190,150],"capInsets":[0,0,0,0]}],[0],0,[0],[0],[13]],[[{"name":"matchinggame_rectangle_object","rect":[60,20,73,114],"offset":[1.5,-2],"originalSize":[190,150],"capInsets":[0,0,0,0]}],[0],0,[0],[0],[14]],[["0,9729,9729,33071,33071,0,0,1",-1],[1],0,[],[],[]],[[{"name":"matchinggame_square_2_large","rect":[49,29,92,92],"offset":[0,0],"originalSize":[190,150],"capInsets":[0,0,0,0]}],[0],0,[0],[0],[15]],[["0,9729,9729,33071,33071,0,0,1",-1],[1],0,[],[],[]],[["0,9729,9729,33071,33071,0,0,1",-1],[1],0,[],[],[]],[[{"name":"matchinggame_square_2_small","rect":[76,56,38,38],"offset":[0,0],"originalSize":[190,150],"capInsets":[0,0,0,0]}],[0],0,[0],[0],[16]],[["0,9729,9729,33071,33071,0,0,1",-1],[1],0,[],[],[]],[["0,9729,9729,33071,33071,0,0,1",-1],[1],0,[],[],[]],[[{"name":"matchinggame_circle_1_large","rect":[45,26,101,101],"offset":[0.5,-1.5],"originalSize":[190,150],"capInsets":[0,0,0,0]}],[0],0,[0],[0],[17]],[["0,9729,9729,33071,33071,0,0,1",-1],[1],0,[],[],[]],[["0,9729,9729,33071,33071,0,0,1",-1],[1],0,[],[],[]],[["0,9729,9729,33071,33071,0,0,1",-1],[1],0,[],[],[]],[["0,9729,9729,33071,33071,0,0,1",-1],[1],0,[],[],[]],[[{"name":"matchinggame_rectangle_1_large","rect":[61,25,68,100],"offset":[0,0],"originalSize":[190,150],"capInsets":[0,0,0,0]}],[0],0,[0],[0],[18]],[["0,9729,9729,33071,33071,0,0,1",-1],[1],0,[],[],[]],[["0,9729,9729,33071,33071,0,0,1",-1],[1],0,[],[],[]],[[{"name":"matchinggame_square_1_large","rect":[49,29,92,92],"offset":[0,0],"originalSize":[190,150],"capInsets":[0,0,0,0]}],[0],0,[0],[0],[19]]]]