[1,["5fh0FDy5VJd7UesmLzJ9fC","73gPc+HRlI4IT+rlL3qJ9T","6dFzEqEFpOwaij5WibSNcp","e685B2totMNIILbqmJBkxN","7djfBK669M9rGCm0LdQOCK","76gp/GuGVBu6nU37SYK3Ga","1diTtafTJD8aPeUgkunXLD","c2vugh4U1BrbRsO8YnAaSD","d4vaOwbAFDlqy+doHHbffx","fcE1N/Vq1Ctr8TcWgPeiL4","527jchSXFOvYUU9u6DxtXb"],["_textureSetter"],["cc.Texture2D","cc.SpriteFrame",["cc.AudioClip",["_name","_native","duration"],0],["cc.JsonAsset",["_name","json"],1]],[[2,0,1,2,4],[3,0,1,3]],[[[[0,"ಜವ",".mp3",0.624],-1],0,0,[],[],[]],[["0,9729,9729,33071,33071,0,0,1",-1],[0],0,[],[],[]],[[[0,"ನಟ",".mp3",0.624],-1],0,0,[],[],[]],[[[0,"ಚಮಚ",".mp3",0.792],-1],0,0,[],[],[]],[[[0,"ನಯನ",".mp3",0.696],-1],0,0,[],[],[]],[[[0,"ನಗರ",".mp3",0.696],-1],0,0,[],[],[]],[[{"name":"promise","rect":[0,0,512,341],"offset":[0,0],"originalSize":[512,341],"capInsets":[0,0,0,0]}],[1],0,[0],[0],[0]],[["0,9729,9729,33071,33071,0,0,1",-1],[0],0,[],[],[]],[[[0,"ಉರಗ",".mp3",1.152],-1],0,0,[],[],[]],[[{"name":"eye","rect":[0,13,457,352],"offset":[-27.5,-6.5],"originalSize":[512,365],"capInsets":[0,0,0,0]}],[1],0,[0],[0],[1]],[[{"name":"kite","rect":[0,0,512,383],"offset":[0,0],"originalSize":[512,383],"capInsets":[0,0,0,0]}],[1],0,[0],[0],[2]],[["0,9729,9729,33071,33071,0,0,1",-1],[0],0,[],[],[]],[["0,9729,9729,33071,33071,0,0,1",-1],[0],0,[],[],[]],[["0,9729,9729,33071,33071,0,0,1",-1],[0],0,[],[],[]],[[[0,"ಜಪ",".mp3",0.648],-1],0,0,[],[],[]],[["0,9729,9729,33071,33071,0,0,1",-1],[0],0,[],[],[]],[[{"name":"meditate","rect":[0,0,440,512],"offset":[0,0],"originalSize":[440,512],"capInsets":[0,0,0,0]}],[1],0,[0],[0],[3]],[[{"name":"monitorlizard","rect":[0,0,512,362],"offset":[0,0],"originalSize":[512,362],"capInsets":[0,0,0,0]}],[1],0,[0],[0],[4]],[["0,9729,9729,33071,33071,0,0,1",-1],[0],0,[],[],[]],[[[0,"ಪದರ",".mp3",0.696],-1],0,0,[],[],[]],[[{"name":"yama","rect":[0,0,358,512],"offset":[0,0],"originalSize":[358,512],"capInsets":[0,0,0,0]}],[1],0,[0],[0],[5]],[[{"name":"spoon","rect":[0,0,341,512],"offset":[0,0],"originalSize":[341,512],"capInsets":[0,0,0,0]}],[1],0,[0],[0],[6]],[[[0,"ಉಡ",".mp3",0.984],-1],0,0,[],[],[]],[[{"name":"snake","rect":[0,0,512,342],"offset":[0,0],"originalSize":[512,342],"capInsets":[0,0,0,0]}],[1],0,[0],[0],[7]],[[[0,"ವಚನ",".mp3",0.72],-1],0,0,[],[],[]],[["0,9729,9729,33071,33071,0,0,1",-1],[0],0,[],[],[]],[[[0,"ಯಮ",".mp3",0.6],-1],0,0,[],[],[]],[[{"name":"actor","rect":[0,0,340,512],"offset":[0,0],"originalSize":[340,512],"capInsets":[0,0,0,0]}],[1],0,[0],[0],[8]],[[{"name":"victory","rect":[0,0,512,294],"offset":[0,0],"originalSize":[512,294],"capInsets":[0,0,0,0]}],[1],0,[0],[0],[9]],[["0,9729,9729,33071,33071,0,0,1",-1],[0],0,[],[],[]],[[[0,"ಜಯ",".mp3",0.648],-1],0,0,[],[],[]],[[[1,"kn0205",{"rows":[["rocket","1","Description","ಪಟ","ಪ,ಟ","ಪ,ಟ","ಪಟ.mp3","kite.png","False","False"],["spelldoor","1","Description","ಪದರ","*ದರ","0","0","onion_layer.png","ಪದರ.mp3"],["rocket","1","Description","ಜಪ","ಜ,ಪ","ಜ,ಪ","ಜಪ.mp3","meditate.png","False","False"],["spelldoor","1","Description","ಯಮ","*ಯಮ","0","0","yama.png","ಯಮ.mp3"],["rocket","1","Description","ನಯನ","ನ,ಯ,ನ","ನ,ಯ,ನ","ನಯನ.mp3","eye.png","False","False"],["spelldoor","1","Description","ಜಯ","ಜ*","0","0","victory.png","ಜಯ.mp3"],["rocket","1","Description","ಉಡ","ಉ,ಡ","ಉ,ಡ","ಉಡ.mp3","monitorlizard.png","False","False"],["spelldoor","1","Description","ಉರಗ","*ರಗ","0","0","snake.png","ಉರಗ.mp3"],["rocket","1","Description","ನಟ","ನ,ಟ","ನ,ಟ","ನಟ.mp3","actor.png","False","False"],["spelldoor","1","Description","ಚಮಚ","*ಮಚ","0","0","spoon.png","ಚಮಚ.mp3"],["rocket","1","Description","ವಚನ","ವ,ಚ,ನ","ವ,ಚ,ನ","ವಚನ.mp3","promise.png","False","False"],["quizliteracy","1","Description","word_word","ಜ","ಮ","ನ","ಜ","","_ವ","ಜವ.mp3"],["quizliteracy","1","Description","word_word","ನ","ನ","ಜ","ಮ","","_ಗರ","ನಗರ.mp3"],["quizliteracy","1","Description","word_word","ಮ","ಜ","ಮ","ನ","","_ರ","ಮರ.mp3"]]}]],0,0,[],[],[]],[[{"name":"onion_layer","rect":[0,0,512,341],"offset":[0,0],"originalSize":[512,341],"capInsets":[0,0,0,0]}],[1],0,[0],[0],[10]],[["0,9729,9729,33071,33071,0,0,1",-1],[0],0,[],[],[]],[[[0,"ಪಟ",".mp3",0.6],-1],0,0,[],[],[]],[[[0,"ಮರ",".mp3",0.576],-1],0,0,[],[],[]],[["0,9729,9729,33071,33071,0,0,1",-1],[0],0,[],[],[]]]]