[1,["44WtP90tBJ8ow5Nr0ENJHC","e0yZEtMFlJjZkgXV1YlgQI","6dzq3fiatHD7RUNc13TEQy","8fM236hk5AnIiIwFv0rocV","fcczc1Kr5Ec5CHtylgZ6ot","93yMzptAZAT6sBTFJGWzvf","1cdZAo+odFIIxpiBfBCwEm","e7BUnvd6FOkb0Fv5PvCOFY"],["_textureSetter"],["cc.Texture2D","cc.SpriteFrame",["cc.AudioClip",["_name","_native","duration"],0],["cc.JsonAsset",["_name","json"],1]],[[2,0,1,2,4],[3,0,1,3]],[[[[0,"The_green_rope_is_shorter",".mp3",1.880816],-1],0,0,[],[],[]],[["0,9729,9729,33071,33071,0,0,1",-1],[0],0,[],[],[]],[[{"name":"coconut_papaya","rect":[0,0,512,481],"offset":[0,0],"originalSize":[512,481],"capInsets":[0,0,0,0]}],[1],0,[0],[0],[0]],[[[0,"The_papaya_tree_is_shorter_than_the_coconut_tree",".mp3",4.101224],-1],0,0,[],[],[]],[["0,9729,9729,33071,33071,0,0,1",-1],[0],0,[],[],[]],[[[0,"The_blue_glass_is_taller_than_the_red_glass",".mp3",3.63102],-1],0,0,[],[],[]],[[[0,"The_blue_building_is_taller",".mp3",2.795102],-1],0,0,[],[],[]],[[[0,"The_blue_pencil_is_short",".mp3",2.533878],-1],0,0,[],[],[]],[[{"name":"boy_taller","rect":[0,0,512,505],"offset":[0,0],"originalSize":[512,505],"capInsets":[0,0,0,0]}],[1],0,[0],[0],[1]],[["0,9729,9729,33071,33071,0,0,1",-1],[0],0,[],[],[]],[[{"name":"man_taller","rect":[0,0,503,512],"offset":[0,0],"originalSize":[503,512],"capInsets":[0,0,0,0]}],[1],0,[0],[0],[2]],[[[0,"The_coconut_tree_is_taller",".mp3",2.037551],-1],0,0,[],[],[]],[[[0,"The_blue_building_is_taller_of_the_two",".mp3",2.481633],-1],0,0,[],[],[]],[[[0,"The_red_pencil_is_longer",".mp3",1.880816],-1],0,0,[],[],[]],[[{"name":"Blue_taller","rect":[0,0,512,307],"offset":[0,0],"originalSize":[512,307],"capInsets":[0,0,0,0]}],[1],0,[0],[0],[3]],[[[0,"The_brown_rope_is_longer",".mp3",4.231837],-1],0,0,[],[],[]],[[[0,"The_boy_is_taller_than_the_girl",".mp3",2.324898],-1],0,0,[],[],[]],[["0,9729,9729,33071,33071,0,0,1",-1],[0],0,[],[],[]],[["0,9729,9729,33071,33071,0,0,1",-1],[0],0,[],[],[]],[[{"name":"brown_rope","rect":[0,0,512,371],"offset":[0,0],"originalSize":[512,371],"capInsets":[0,0,0,0]}],[1],0,[0],[0],[4]],[[[0,"The_green_caterpillar_is_shorter",".mp3",2.089796],-1],0,0,[],[],[]],[[[0,"The_brown_builder_is_shorter",".mp3",2.037551],-1],0,0,[],[],[]],[[[0,"The_boy_is_shorter_than_the_man",".mp3",2.742857],-1],0,0,[],[],[]],[[[0,"The_papaya_tree_is_shorter",".mp3",2.873469],-1],0,0,[],[],[]],[[{"name":"blue_pencil","rect":[0,0,512,232],"offset":[0,0],"originalSize":[512,232],"capInsets":[0,0,0,0]}],[1],0,[0],[0],[5]],[[{"name":"red_shorter","rect":[0,0,512,336],"offset":[0,0],"originalSize":[512,336],"capInsets":[0,0,0,0]}],[1],0,[0],[0],[6]],[[{"name":"green_caterpillar","rect":[0,0,512,371],"offset":[0,0],"originalSize":[512,371],"capInsets":[0,0,0,0]}],[1],0,[0],[0],[7]],[[[0,"The_green_rope_is_shorter_than_the_brown_rope",".mp3",2.66449],-1],0,0,[],[],[]],[["0,9729,9729,33071,33071,0,0,1",-1],[0],0,[],[],[]],[["0,9729,9729,33071,33071,0,0,1",-1],[0],0,[],[],[]],[[[1,"en3611",{"rows":[["picturemeaning","1","Description","S","The blue pencil is short.","blue_pencil.png","The_blue_pencil_is_short.mp3","The boy is taller than the girl.","boy_taller.png","The_boy_is_taller_than_the_girl.mp3","The brown rope is longer.","brown_rope.png","The_brown_rope_is_longer.mp3"],["picturemeaning","1","Description","S","The blue building is taller.","Blue_taller.png","The_blue_building_is_taller.mp3","The boy is shorter than the man.","man_taller.png","The_boy_is_shorter_than_the_man.mp3","The green caterpillar is shorter.","green_caterpillar.png","The_green_caterpillar_is_shorter.mp3"],["picturemeaning","1","Description","S","The boy is taller than the girl.","boy_taller.png","The_boy_is_taller_than_the_girl.mp3","The coconut tree is taller.","coconut_papaya.png","The_coconut_tree_is_taller.mp3","The green rope is shorter than the brown rope.","brown_rope.png","The_green_rope_is_shorter_than_the_brown_rope.mp3"],["picturemeaning","1","Description","S","The brown rope is longer.","brown_rope.png","The_brown_rope_is_longer.mp3","The green caterpillar is shorter.","green_caterpillar.png","The_green_caterpillar_is_shorter.mp3","The red pencil is longer.","blue_pencil.png","The_red_pencil_is_longer.mp3"],["picturemeaning","1","Description","S","The papaya tree is shorter.","coconut_papaya.png","The_papaya_tree_is_shorter.mp3","The red glass is shorter.","red_shorter.png","The_red_glass_is_shorter.mp3","The brown builder is shorter.","Blue_taller.png","The_brown_builder_is_shorter.mp3"],["picturemeaning","1","Description","S","The green caterpillar is shorter.","green_caterpillar.png","The_green_caterpillar_is_shorter.mp3","The red pencil is longer.","blue_pencil.png","The_red_pencil_is_longer.mp3","The blue building is taller of the two.","Blue_taller.png","The_blue_building_is_taller_of_the_two.mp3"],["picturemeaning","1","Description","S","The blue glass is taller than the red glass.","red_shorter.png","The_blue_glass_is_taller_than_the_red_glass.mp3","The green rope is shorter.","brown_rope.png","The_green_rope_is_shorter.mp3","The papaya tree is shorter than the coconut tree.","coconut_papaya.png","The_papaya_tree_is_shorter_than_the_coconut_tree.mp3"],["quizliteracy","1","Description","image_sentence","The blue building is taller.","The blue building is taller.","The blue pencil is short.","The papaya tree is shorter.","Blue_taller.png","","The_blue_building_is_taller.mp3"],["quizliteracy","1","Description","image_sentence","The boy is taller than the girl.","The brown rope is longer.","The papaya tree is shorter.","The boy is taller than the girl.","boy_taller.png","","The_boy_is_taller_than_the_girl.mp3"],["quizliteracy","1","Description","image_sentence","The green caterpillar is shorter.","The green caterpillar is shorter.","The blue glass is taller than the red glass.","The blue building is taller.","green_caterpillar.png","","The_green_caterpillar_is_shorter.mp3"]]}]],0,0,[],[],[]],[["0,9729,9729,33071,33071,0,0,1",-1],[0],0,[],[],[]],[[[0,"The_red_glass_is_shorter",".mp3",2.429388],-1],0,0,[],[],[]]]]