[1,["2f6G5DJ8NJRJkxFqXhf19m","efJKALPqFFsKXM7Sri7aeV","90uD5fnjdC4bVrQTNSucmj"],["_textureSetter"],["cc.Texture2D","cc.SpriteFrame",["cc.AudioClip",["_name","_native","duration"],0],["cc.JsonAsset",["_name","json"],1]],[[2,0,1,2,4],[3,0,1,3]],[[[[0,"wet",".mp3",0.757551],-1],0,0,[],[],[]],[[[0,"bank",".mp3",0.548571],-1],0,0,[],[],[]],[[[0,"bone",".mp3",0.600816],-1],0,0,[],[],[]],[[[0,"bap",".mp3",0.548571],-1],0,0,[],[],[]],[["0,9729,9729,33071,33071,0,0,1",-1],[0],0,[],[],[]],[[[0,"bus",".mp3",0.548571],-1],0,0,[],[],[]],[[{"name":"big","rect":[0,0,493,640],"offset":[0,0],"originalSize":[493,640],"capInsets":[0,0,0,0]}],[1],0,[0],[0],[0]],[[[0,"pet",".mp3",0.626939],-1],0,0,[],[],[]],[[[0,"tig",".mp3",0.574694],-1],0,0,[],[],[]],[[{"name":"spelling_six","rect":[0,0,370,273],"offset":[0,0],"originalSize":[370,273],"capInsets":[0,0,0,0]}],[1],0,[0],[0],[1]],[[[0,"gank",".mp3",0.705306],-1],0,0,[],[],[]],[[[0,"gap",".mp3",0.365714],-1],0,0,[],[],[]],[[[0,"fix",".mp3",0.888163],-1],0,0,[],[],[]],[[[0,"wig",".mp3",0.731429],-1],0,0,[],[],[]],[["0,9729,9729,33071,33071,0,0,1",-1],[0],0,[],[],[]],[[[0,"fog",".mp3",0.626939],-1],0,0,[],[],[]],[[[0,"gig",".mp3",0.679184],-1],0,0,[],[],[]],[[[1,"sl_en1304",{"rows":[["grid","1","Description","p,w","ig,et"],["grid","1","Description","t,b,g","ig,ap"],["grid","1","Description","t,b,g","ig,ap,ank"],["grid","1","Description","b","ig,us,ake,one"],["rocket","1","Description","big","a,b,c,d,e,f,g,h,i,j,k,l,m,n,o,p,q,r,s,t,u,v,w,x,y,z","b,i,g","big.mp3","big.png","true","false"],["spelldoor","1","Description","pig","*ig","1","0","spelling_pig.png","pig.mp3"],["spelldoor","1","Description","six","s*x","0","2","spelling_six.png","six.mp3"],["grid","1","Description","f","og,ix,un,ace"],["quizliteracy","1","Description","word_word","ig","or","ig","eb","","p___","pig.mp3"],["quizliteracy","1","Description","word_word","ig","ig","co","re","","b___","big.mp3"],["quizliteracy","1","Description","word_word","ix","er","re","ix","","s___","six.mp3"]]}]],0,0,[],[],[]],[[[0,"big",".mp3",0.496327],-1],0,0,[],[],[]],[[[0,"tap",".mp3",0.496327],-1],0,0,[],[],[]],[[[0,"tank",".mp3",0.835918],-1],0,0,[],[],[]],[[[0,"pig",".mp3",0.548571],-1],0,0,[],[],[]],[[[0,"face",".mp3",0.809796],-1],0,0,[],[],[]],[["0,9729,9729,33071,33071,0,0,1",-1],[0],0,[],[],[]],[[[0,"fun",".mp3",0.653061],-1],0,0,[],[],[]],[[[0,"bake",".mp3",0.653061],-1],0,0,[],[],[]],[[[0,"six",".mp3",0.809796],-1],0,0,[],[],[]],[[{"name":"spelling_pig","rect":[0,0,1301,1300],"offset":[0,0],"originalSize":[1301,1300],"capInsets":[0,0,0,0]}],[1],0,[0],[0],[2]]]]