[1,["6dkZS1FtZEzYLwyqJb4+FG","daBYf+cDNAUJNxR1DBd8bz","a7kcS9yb1Pv7H1/B/N7b+a"],["_textureSetter"],["cc.SpriteFrame","cc.Texture2D",["cc.AudioClip",["_name","_native","duration"],0],["cc.JsonAsset",["_name","json"],1]],[[2,0,1,2,4],[3,0,1,3]],[[[[0,"प",".mp3",0.49625],-1],0,0,[],[],[]],[[{"name":"पपीता","rect":[0,0,400,333],"offset":[0,0],"originalSize":[400,333],"capInsets":[0,0,0,0]}],[0],0,[0],[0],[0]],[[[1,"hi0120",{"rows":[["balloonpop","1","Description","2","प","5","प","प.mp3"],["phonictractor","1","Description","5","प","प.mp3","प","प.mp3"],["writeletter","1","Description","प","पपीता"],["writecard","1","Description","प","पपीता","पपीता.png","पपीता.mp3","पतंग","पतंग.png","पतंग.mp3","पलंग","पलंग.png","पलंग.mp3"],["quizliteracy","1","Description","soundonly_word","प","न","ध","प","","","प.mp3"],["quizliteracy","1","Description","word_word","प","प","द","न","","प"],["quizliteracy","1","Description","soundonly_word","प","न","द","प","","","प.mp3"]]}]],0,0,[],[],[]],[[[0,"पतंग",".mp3",0.653061],-1],0,0,[],[],[]],[[[0,"पपीता",".mp3",0.809796],-1],0,0,[],[],[]],[["0,9729,9729,33071,33071,0,0,1",-1],[1],0,[],[],[]],[[{"name":"पलंग","rect":[0,0,400,333],"offset":[0,0],"originalSize":[400,333],"capInsets":[0,0,0,0]}],[0],0,[0],[0],[1]],[["0,9729,9729,33071,33071,0,0,1",-1],[1],0,[],[],[]],[[[0,"पलंग",".mp3",0.705306],-1],0,0,[],[],[]],[[{"name":"पतंग","rect":[0,0,400,333],"offset":[0,0],"originalSize":[400,333],"capInsets":[0,0,0,0]}],[0],0,[0],[0],[2]],[["0,9729,9729,33071,33071,0,0,1",-1],[1],0,[],[],[]]]]