[1,["56lKKx8ppIUL/0CCw+atXK","3eLmKStL5J87CEPNhbOcBr","a8BFQhLsJMzqBK038VUBhb","b8O0wvty5BMYmg69MWkssf","a809MwlCBChLzJ3l3B7EaN","dfsMeRD4NOcKjcXX2gCR9S","cbbG6nDtJPdbeqhuOa5Tfc","60rmX4S0RNBLNLHMD7p8/c","660PElGXpM9K69lF7mtkxw","fcrHU6ZsNHD71TuO3mMwzs","12CSIhC/5IYJzck2T95OVg"],["_textureSetter"],["cc.Texture2D","cc.SpriteFrame",["cc.AudioClip",["_name","_native","duration"],0],["cc.JsonAsset",["_name","json"],1]],[[2,0,1,2,4],[3,0,1,3]],[[[[0,"ಹವಳ",".mp3",0.696],-1],0,0,[],[],[]],[[[0,"ಶಯನ",".mp3",0.768],-1],0,0,[],[],[]],[[[0,"ಓಲಗ",".mp3",1.08],-1],0,0,[],[],[]],[["0,9729,9729,33071,33071,0,0,1",-1],[0],0,[],[],[]],[[[0,"ಉಷ",".mp3",0.984],-1],0,0,[],[],[]],[[{"name":"arrow","rect":[0,0,500,500],"offset":[0,0],"originalSize":[500,500],"capInsets":[0,0,0,0]}],[1],0,[0],[0],[0]],[["0,9729,9729,33071,33071,0,0,1",-1],[0],0,[],[],[]],[[{"name":"coral","rect":[0,0,500,333],"offset":[0,0],"originalSize":[500,333],"capInsets":[0,0,0,0]}],[1],0,[0],[0],[1]],[[{"name":"horse","rect":[0,0,337,512],"offset":[0,0],"originalSize":[337,512],"capInsets":[0,0,0,0]}],[1],0,[0],[0],[2]],[[{"name":"running","rect":[0,0,512,342],"offset":[0,0],"originalSize":[512,342],"capInsets":[0,0,0,0]}],[1],0,[0],[0],[3]],[["0,9729,9729,33071,33071,0,0,1",-1],[0],0,[],[],[]],[[[0,"ಹಯ",".mp3",0.624],-1],0,0,[],[],[]],[[{"name":"layingdown","rect":[0,0,512,284],"offset":[0,0],"originalSize":[512,284],"capInsets":[0,0,0,0]}],[1],0,[0],[0],[4]],[[[0,"ಶರ",".mp3",0.648],-1],0,0,[],[],[]],[["0,9729,9729,33071,33071,0,0,1",-1],[0],0,[],[],[]],[[{"name":"shahanyi","rect":[0,0,512,384],"offset":[0,0],"originalSize":[512,384],"capInsets":[0,0,0,0]}],[1],0,[0],[0],[5]],[[[0,"ಔಷದ",".mp3",0.816],-1],0,0,[],[],[]],[["0,9729,9729,33071,33071,0,0,1",-1],[0],0,[],[],[]],[[{"name":"era","rect":[0,0,341,512],"offset":[0,0],"originalSize":[341,512],"capInsets":[0,0,0,0]}],[1],0,[0],[0],[6]],[[[1,"kn0507",{"rows":[["writeword","1","Description","ಓಟ","running.png","ಓಟ.mp3"],["writeword","1","Description","ಔಡಲ","castoroilplant.png","ಔಡಲ.mp3"],["writeword","1","Description","ಹಯ","horse.png","ಹಯ.mp3"],["writeword","1","Description","ಶರ","arrow.png","ಶರ.mp3"],["writeword","1","Description","ಉಷ","lightrays.png","ಉಷ.mp3"],["writeword","1","Description","ಓಲಗ","shahanyi.png","ಓಲಗ.mp3"],["writeword","1","Description","ಶಕ","era.png","ಶಕ.mp3"],["writeword","1","Description","ಹರ","shiva.png","ಹರ.mp3"],["writeword","1","Description","ಔಷದ","medicine.png","ಔಷದ.mp3"],["writeword","1","Description","ಹವಳ","coral.png","ಹವಳ.mp3"],["writeword","1","Description","ಶಯನ","layingdown.png","ಶಯನ.mp3"],["quizliteracy","1","Description","image_word","ಹರ","ಹರ","ಔಷದ","ಹವಳ","shiva.png"],["quizliteracy","1","Description","image_word","ಔಷದ","ಹವಳ","ಹರ","ಔಷದ","medicine.png"],["quizliteracy","1","Description","image_word","ಹವಳ","ಔಷದ","ಹವಳ","ಹರ","coral.png"]]}]],0,0,[],[],[]],[["0,9729,9729,33071,33071,0,0,1",-1],[0],0,[],[],[]],[["0,9729,9729,33071,33071,0,0,1",-1],[0],0,[],[],[]],[[[0,"ಓಟ",".mp3",1.008],-1],0,0,[],[],[]],[[{"name":"castoroilplant","rect":[0,0,500,333],"offset":[0,0],"originalSize":[500,333],"capInsets":[0,0,0,0]}],[1],0,[0],[0],[7]],[[[0,"ಹರ",".mp3",0.6],-1],0,0,[],[],[]],[["0,9729,9729,33071,33071,0,0,1",-1],[0],0,[],[],[]],[[{"name":"lightrays","rect":[0,0,341,512],"offset":[0,0],"originalSize":[341,512],"capInsets":[0,0,0,0]}],[1],0,[0],[0],[8]],[[[0,"ಶಕ",".mp3",0.696],-1],0,0,[],[],[]],[["0,9729,9729,33071,33071,0,0,1",-1],[0],0,[],[],[]],[[[0,"ಔಡಲ",".mp3",1.08],-1],0,0,[],[],[]],[[{"name":"shiva","rect":[0,0,383,512],"offset":[0,0],"originalSize":[383,512],"capInsets":[0,0,0,0]}],[1],0,[0],[0],[9]],[["0,9729,9729,33071,33071,0,0,1",-1],[0],0,[],[],[]],[["0,9729,9729,33071,33071,0,0,1",-1],[0],0,[],[],[]],[[{"name":"medicine","rect":[0,0,500,403],"offset":[0,0],"originalSize":[500,403],"capInsets":[0,0,0,0]}],[1],0,[0],[0],[10]]]]