[1,["9a8elT9tZKB7L5+w1vHYPA","d4HCgxPchJQ6jSC77BHbiS","a9Zy3MiOBDwrcE56n05vWm","d8FlSNM5FCnpwMId1o/0/A","14PVgwDFpAVKisNltdl516","92hVMY+1FIqKSSOA9Qa9s1","97ZY1WXC5IrqDQ8nHLCXXo","37lsxC6HxAi7KzJjgQxvgV"],["_textureSetter"],["cc.Texture2D","cc.SpriteFrame",["cc.AudioClip",["_name","_native","duration"],0],["cc.JsonAsset",["_name","json"],1]],[[2,0,1,2,4],[3,0,1,3]],[[[[0,"ಲುಂಗಿ",".mp3",0.744],-1],0,0,[],[],[]],[["0,9729,9729,33071,33071,0,0,1",-1],[0],0,[],[],[]],[[[0,"ಪುನುಗು",".mp3",0.744],-1],0,0,[],[],[]],[["0,9729,9729,33071,33071,0,0,1",-1],[0],0,[],[],[]],[[{"name":"lungi","rect":[0,0,400,365],"offset":[0,0],"originalSize":[400,365],"capInsets":[0,0,0,0]}],[1],0,[0],[0],[0]],[[{"name":"signature","rect":[81,22,314,216],"offset":[-12,7.5],"originalSize":[500,275],"capInsets":[0,0,0,0]}],[1],0,[0],[0],[1]],[[[0,"ಯುವ",".mp3",0.576],-1],0,0,[],[],[]],[[{"name":"snake","rect":[0,0,512,342],"offset":[0,0],"originalSize":[512,342],"capInsets":[0,0,0,0]}],[1],0,[0],[0],[2]],[[[0,"ಚುರುಮುರಿ",".mp3",0.864],-1],0,0,[],[],[]],[[{"name":"sit","rect":[0,0,500,335],"offset":[0,0],"originalSize":[500,335],"capInsets":[0,0,0,0]}],[1],0,[0],[0],[3]],[[[0,"ಚು",".mp3",0.576],-1],0,0,[],[],[]],[[{"name":"dog","rect":[0,0,512,378],"offset":[0,0],"originalSize":[512,378],"capInsets":[0,0,0,0]}],[1],0,[0],[0],[4]],[[{"name":"jumpin","rect":[0,0,512,315],"offset":[0,0],"originalSize":[512,315],"capInsets":[0,0,0,0]}],[1],0,[0],[0],[5]],[["0,9729,9729,33071,33071,0,0,1",-1],[0],0,[],[],[]],[["0,9729,9729,33071,33071,0,0,1",-1],[0],0,[],[],[]],[["0,9729,9729,33071,33071,0,0,1",-1],[0],0,[],[],[]],[[[0,"ಮುರಿ",".mp3",0.6],-1],0,0,[],[],[]],[["0,9729,9729,33071,33071,0,0,1",-1],[0],0,[],[],[]],[[[0,"ಹಾವು",".mp3",0.72],-1],0,0,[],[],[]],[[[0,"ರುಜು",".mp3",0.696],-1],0,0,[],[],[]],[[{"name":"perfume","rect":[0,0,512,372],"offset":[0,0],"originalSize":[512,372],"capInsets":[0,0,0,0]}],[1],0,[0],[0],[6]],[[{"name":"youthl","rect":[0,0,512,341],"offset":[0,0],"originalSize":[512,341],"capInsets":[0,0,0,0]}],[1],0,[0],[0],[7]],[["0,9729,9729,33071,33071,0,0,1",-1],[0],0,[],[],[]],[["0,9729,9729,33071,33071,0,0,1",-1],[0],0,[],[],[]],[[[0,"ಡುಮುಕಿ",".mp3",0.792],-1],0,0,[],[],[]],[[[1,"kn1803",{"rows":[["openwindow","1","Description","LEGIT","ಡು,ಮು,ಕಿ","jumpin.png","sit.png","ಡುಮುಕಿ.mp3","ಡು,ಮು,ಕಿ"],["phonictractor","1","Description","4","ಚುರುಮುರಿ","ಚುರುಮುರಿ.mp3","ಚು","ಚು.mp3","ರು","ರು.mp3","ಮುರಿ","ಮುರಿ.mp3"],["spelldoor","1","Description","ಪುನುಗು","***","0","0","perfume.png","ಪುನುಗು.mp3"],["spelldoor","1","Description","ಯುವ","**","0","0","youthl.png","ಯುವ.mp3"],["openwindow","1","Description","LEGIT","ಹಾ,ವು","snake.png","dog.png","ಹಾವು.mp3","ಹಾ,ವು"],["rocket","1","Description","ರುಜು","ರು,ಜು","ರು,ಜು","ರುಜು.mp3","signature.png","False","False"],["spelldoor","1","Description","ಲುಂಗಿ","*ಗಿ","0","0","lungi.png","ಲುಂಗಿ.mp3"],["quizliteracy","1","Description","word_word","ಡು","ಗು","ನು","ಡು","","___ಮುಕಿ","ಡುಮುಕಿ.mp3"],["quizliteracy","1","Description","image_word","ಯುವ","ಡುಮುಕಿ","ಹಾವು","ಯುವ","youthl.png"],["quizliteracy","1","Description","soundonly_word","ರುಜು","ರುಜು","ಪುನುಗು","ಲುಂಗಿ","","","ರುಜು.mp3"]]}]],0,0,[],[],[]],[[[0,"ರು",".mp3",0.528],-1],0,0,[],[],[]]]]