[1,["2cZoYD9O5I3pb3a8Esdt5m","ebT3XojdNGCbJKOt1ar4NO","4b3Q8uyOtBqac/2t8yOsFX","417ZMQhTlEqKhjf6IBvR9r","843+og0YtDcpLfZqtajZpG","f5CkMc/wVOs7DivdW5jBOn","73w1QRUepNWocLbMutqtpj","933mx3ay1IiomqA+C4uZ1A"],["_textureSetter"],["cc.SpriteFrame","cc.Texture2D",["cc.AudioClip",["_name","_native","duration"],0],["cc.JsonAsset",["_name","json"],1]],[[2,0,1,2,4],[3,0,1,3]],[[[[0,"Hurray!_Tomorrow_is_a_holiday",".mp3",2.832],-1],0,0,[],[],[]],[[{"name":"giving_injection","rect":[0,0,345,512],"offset":[0,0],"originalSize":[345,512],"capInsets":[0,0,0,0]}],[0],0,[0],[0],[0]],[["0,9729,9729,33071,33071,0,0,1",-1],[1],0,[],[],[]],[[[0,"Whoa!_What_a_huge_elephant",".mp3",2.928],-1],0,0,[],[],[]],[[{"name":"ticket","rect":[0,0,512,512],"offset":[0,0],"originalSize":[512,512],"capInsets":[0,0,0,0]}],[0],0,[0],[0],[1]],[["0,9729,9729,33071,33071,0,0,1",-1],[1],0,[],[],[]],[["0,9729,9729,33071,33071,0,0,1",-1],[1],0,[],[],[]],[[[0,"Hurray!_We_won_the_game",".mp3",2.496],-1],0,0,[],[],[]],[[[0,"Oh!_I_lost_my_ticket",".mp3",2.568],-1],0,0,[],[],[]],[[[0,"This_food_is_awesome,_wow!",".mp3",2.808],-1],0,0,[],[],[]],[["0,9729,9729,33071,33071,0,0,1",-1],[1],0,[],[],[]],[["0,9729,9729,33071,33071,0,0,1",-1],[1],0,[],[],[]],[[{"name":"good_food","rect":[0,0,512,472],"offset":[0,0],"originalSize":[512,472],"capInsets":[0,0,0,0]}],[0],0,[0],[0],[2]],[[{"name":"ontime","rect":[0,0,450,512],"offset":[0,0],"originalSize":[450,512],"capInsets":[0,0,0,0]}],[0],0,[0],[0],[3]],[[{"name":"elephant","rect":[0,0,512,342],"offset":[0,0],"originalSize":[512,342],"capInsets":[0,0,0,0]}],[0],0,[0],[0],[4]],[[[0,"I_reached_on_time._Yay!",".mp3",2.784],-1],0,0,[],[],[]],[["0,9729,9729,33071,33071,0,0,1",-1],[1],0,[],[],[]],[[[1,"en2707",{"rows":[["createsentence","1","Description","Oh!/I/lost/my/ticket.","","ticket.png","Oh!_I_lost_my_ticket.mp3"],["createsentence","1","Description","Hurray!/We/won/the/game.","","win.png","Hurray!_We_won_the_game.mp3"],["createsentence","1","Description","This/food/is/awesome,/wow!","","good_food.png","This_food_is_awesome,_wow!.mp3"],["createsentence","1","Description","Ah!/The/injection/hurts.","","giving_injection.png","Ah!_The_injection_hurts.mp3"],["createsentence","1","Description","Whoa!/What/a/huge/elephant.","","elephant.png","Whoa!_What_a_huge_elephant.mp3"],["createsentence","1","Description","Eww!/It/is/so/bitter.","","bitter.png","Eww!_It_is_so_bitter.mp3"],["createsentence","1","Description","I/reached/on/time./Yay!","","ontime.png","I_reached_on_time._Yay!.mp3"],["createsentence","1","Description","Hurray!/Tomorrow/is/a/holiday.","","holiday.png","Hurray!_Tomorrow_is_a_holiday.mp3"],["quizliteracy","1","Description","sentence_sentence","Oh!","Oh!","Wow!","Alas!","","___ I lost my ticket.","Oh!_I_lost_my_ticket.mp3"],["quizliteracy","1","Description","sentence_sentence","Ah!","Wow!","Oh!","Ah!","","___ The injection hurts.","Ah!_The_injection_hurts.mp3"],["quizliteracy","1","Description","sentence_sentence","Hurrah!","Hurrah!","Wow!","Oh!","","_______ Tomorrow is a holiday.","Hurray!_Tomorrow_is_a_holiday.mp3"]]}]],0,0,[],[],[]],[[{"name":"holiday","rect":[0,0,512,512],"offset":[0,0],"originalSize":[512,512],"capInsets":[0,0,0,0]}],[0],0,[0],[0],[5]],[[{"name":"bitter","rect":[0,0,512,406],"offset":[0,0],"originalSize":[512,406],"capInsets":[0,0,0,0]}],[0],0,[0],[0],[6]],[[[0,"Ah!_The_injection_hurts",".mp3",2.856],-1],0,0,[],[],[]],[[[0,"Eww!_It_is_so_bitter",".mp3",3.432],-1],0,0,[],[],[]],[[{"name":"win","rect":[0,0,800,801],"offset":[0,0],"originalSize":[800,801],"capInsets":[0,0,0,0]}],[0],0,[0],[0],[7]],[["0,9729,9729,33071,33071,0,0,1",-1],[1],0,[],[],[]],[["0,9729,9729,33071,33071,0,0,1",-1],[1],0,[],[],[]]]]