[1,["d4zPAz2PtPcZLJUNLe5jYT"],["_textureSetter"],["cc.SpriteFrame","cc.Texture2D",["cc.AudioClip",["_name","_native","duration"],0],["cc.JsonAsset",["_name","json"],1]],[[2,0,1,2,4],[3,0,1,3]],[[[[0,"sake",".mp3",0.731429],-1],0,0,[],[],[]],[[[0,"high",".mp3",0.653061],-1],0,0,[],[],[]],[[[0,"b_phonic",".mp3",0.600816],-1],0,0,[],[],[]],[[[0,"h_phonic",".mp3",0.417959],-1],0,0,[],[],[]],[[[0,"man",".mp3",0.731429],-1],0,0,[],[],[]],[[[0,"boat",".mp3",0.653061],-1],0,0,[],[],[]],[[[0,"card",".mp3",0.862041],-1],0,0,[],[],[]],[[[0,"cake",".mp3",0.679184],-1],0,0,[],[],[]],[[[1,"sl_en1109",{"rows":[["grid","1","Description","c,s","ake,ane,ave"],["grid","1","Description","c,p,d","an,ane"],["grid","1","Description","c,m,d,f","an,ane"],["rocket","1","Description","cane","c,ane","c,ane","cane.mp3","cane.png","false","false"],["speakingpet","1","Description","h_phonic.mp3","b_phonic.mp3","have","have.mp3","A","1","high","high.mp3","A","1","ball","ball.mp3","B","1","boat","boat.mp3","B","1"],["speakingpet","1","Description","k_phonic.mp3","s_phonic.mp3","card","card.mp3","A","1","circle","circle.mp3","B","1","sun","sun.mp3","B","1","save","save.mp3","B","1"],["quizliteracy","1","Description","word_word","ane","air","ave","ane","","c___","cane.mp3"],["quizliteracy","1","Description","word_word","ane","ake","ane","ace","","m___","mane.mp3"],["quizliteracy","1","Description","word_word","ave","ime","ave","ake","","h___","have.mp3"],["quizliteracy","1","Description","word_word","ave","ime","est","ave","","s___","save.mp3"]]}]],0,0,[],[],[]],[[[0,"can",".mp3",0.835918],-1],0,0,[],[],[]],[[[0,"sane",".mp3",0.862041],-1],0,0,[],[],[]],[[{"name":"cane","rect":[0,0,322,382],"offset":[0,0],"originalSize":[322,382],"capInsets":[0,0,0,0]}],[0],0,[0],[0],[0]],[[[0,"fan",".mp3",0.809796],-1],0,0,[],[],[]],[[[0,"dane",".mp3",0.653061],-1],0,0,[],[],[]],[[[0,"cane",".mp3",0.757551],-1],0,0,[],[],[]],[[[0,"dan",".mp3",0.731429],-1],0,0,[],[],[]],[[[0,"k_phonic",".mp3",0.548571],-1],0,0,[],[],[]],[[[0,"cave",".mp3",0.783673],-1],0,0,[],[],[]],[[[0,"pan",".mp3",0.783673],-1],0,0,[],[],[]],[[[0,"save",".mp3",0.835918],-1],0,0,[],[],[]],[[[0,"fane",".mp3",0.705306],-1],0,0,[],[],[]],[[[0,"ball",".mp3",0.444082],-1],0,0,[],[],[]],[[[0,"sun",".mp3",0.679184],-1],0,0,[],[],[]],[[[0,"s_phonic",".mp3",0.653061],-1],0,0,[],[],[]],[[[0,"have",".mp3",0.600816],-1],0,0,[],[],[]],[["0,9729,9729,33071,33071,0,0,1",-1],[1],0,[],[],[]],[[[0,"circle",".mp3",0.705306],-1],0,0,[],[],[]],[[[0,"mane",".mp3",0.705306],-1],0,0,[],[],[]],[[[0,"pane",".mp3",0.626939],-1],0,0,[],[],[]]]]