[1,["40SDjEFbNHzZh+fGGEXwny","c7ooD5pJlD457ozixIDmqC","7f13EmYT9KUYufRbwxE0vP","b87SLahxRLcauFCWkOzU2M","ef5RCZgkFPYIz1F2ix5zmp","f5yB01LsNJebw0gbBUsFsI","c3M/8al8xI3ZbO/dQIV56G"],["_textureSetter"],["cc.SpriteFrame","cc.Texture2D",["cc.JsonAsset",["_name","json"],1]],[[2,0,1,3]],[[[{"name":"12 o'clock","rect":[33,29,445,444],"offset":[-0.5,0.5],"originalSize":[512,503],"capInsets":[0,0,0,0]}],[0],0,[0],[0],[0]],[[{"name":"11 o'clock","rect":[33,29,445,444],"offset":[-0.5,0.5],"originalSize":[512,503],"capInsets":[0,0,0,0]}],[0],0,[0],[0],[1]],[["0,9729,9729,33071,33071,0,0,1",-1],[1],0,[],[],[]],[[{"name":"8 o'clock","rect":[47,41,574,574],"offset":[-0.5,0.5],"originalSize":[669,657],"capInsets":[0,0,0,0]}],[0],0,[0],[0],[2]],[[{"name":"9 o'clock","rect":[33,29,445,444],"offset":[-0.5,0.5],"originalSize":[512,503],"capInsets":[0,0,0,0]}],[0],0,[0],[0],[3]],[[{"name":"7 o'clock","rect":[33,29,445,444],"offset":[-0.5,0.5],"originalSize":[512,503],"capInsets":[0,0,0,0]}],[0],0,[0],[0],[4]],[["0,9729,9729,33071,33071,0,0,1",-1],[1],0,[],[],[]],[[{"name":"5 o'clock","rect":[33,29,445,444],"offset":[-0.5,0.5],"originalSize":[512,503],"capInsets":[0,0,0,0]}],[0],0,[0],[0],[5]],[[{"name":"1 o'clock","rect":[47,41,574,574],"offset":[-0.5,0.5],"originalSize":[669,657],"capInsets":[0,0,0,0]}],[0],0,[0],[0],[6]],[["0,9729,9729,33071,33071,0,0,1",-1],[1],0,[],[],[]],[["0,9729,9729,33071,33071,0,0,1",-1],[1],0,[],[],[]],[["0,9729,9729,33071,33071,0,0,1",-1],[1],0,[],[],[]],[[[0,"sl_en3617",{"rows":[["openwindow","1","Description","LEGIT","8 o'clock","8 o'clock.png","5 o'clock.png","8 o'clock.mp3","abcdefghijklmnopqrstuvwxyz"],["openwindow","1","Description","LEGIT","11 o'clock","11 o'clock.png","9 o'clock.png","11 o'clock.mp3","abcdefghijklmnopqrstuvwxyz"],["openwindow","1","Description","LEGIT","1 o'clock","1 o'clock.png","12 o'clock.png","1 o'clock.mp3","abcdefghijklmnopqrstuvwxyz"],["openwindow","1","Description","LEGIT","5 o'clock","5 o'clock.png","7 o'clock.png","5 o'clock.mp3","abcdefghijklmnopqrstuvwxyz"],["openwindow","1","Description","LEGIT","9 o'clock","9 o'clock.png","8 o'clock.png","9 o'clock.mp3","abcdefghijklmnopqrstuvwxyz"],["openwindow","1","Description","LEGIT","12 o'clock","12 o'clock.png","11 o'clock.png","12 o'clock.mp3","abcdefghijklmnopqrstuvwxyz"],["openwindow","1","Description","LEGIT","7 o'clock","7 o'clock.png","1 o'clock.png","7 o'clock.mp3","abcdefghijklmnopqrstuvwxyz"],["quizliteracy","1","Description","image_sentence","11 o'clock","11 o'clock","5 o'clock","7 o'clock","11 o'clock.png","","11 o'clock.mp3"],["quizliteracy","1","Description","image_sentence","5 o'clock","7 o'clock","11 o'clock","5 o'clock","5 o'clock.png","","5 o'clock.mp3"],["quizliteracy","1","Description","image_sentence","7 o'clock","5 o'clock","7 o'clock","11 o'clock","7 o'clock.png","","7 o'clock.mp3"]]}]],0,0,[],[],[]],[["0,9729,9729,33071,33071,0,0,1",-1],[1],0,[],[],[]],[["0,9729,9729,33071,33071,0,0,1",-1],[1],0,[],[],[]]]]