[1,["61mTn4YthADrfGcG12vI63","a0eUh49h5C8aKIrvhDJgVe","5eCPzSrwFEuKFa/5l8djMc","f6RL8+F8ZLIbjuGSAi7bEn","c8mGaN5HxJiq70SX41r2Ua","9earJ5McJOeae/AqUKeXhM","6crxqAEPxGHaVgUvuhReUK","c73UaRy49F5rjzbBLL3N2r","bd5sRdbP9AA6CPWZBpwhDD"],["_textureSetter"],["cc.SpriteFrame","cc.Texture2D",["cc.AudioClip",["_name","_native","duration"],0],["cc.JsonAsset",["_name","json"],1]],[[2,0,1,2,4],[3,0,1,3]],[[[{"name":"firecracker flower","rect":[0,0,400,400],"offset":[0,0],"originalSize":[400,400],"capInsets":[0,0,0,0]}],[0],0,[0],[0],[0]],[[{"name":"jasmin","rect":[0,0,400,400],"offset":[0,0],"originalSize":[400,400],"capInsets":[0,0,0,0]}],[0],0,[0],[0],[1]],[[[0,"ಸೇವಂತಿಗೆ",".mp3",1.224],-1],0,0,[],[],[]],[[{"name":"hibiscus","rect":[0,0,400,400],"offset":[0,0],"originalSize":[400,400],"capInsets":[0,0,0,0]}],[0],0,[0],[0],[2]],[[[0,"ಪಾರಿಜಾತ",".mp3",1.128],-1],0,0,[],[],[]],[[{"name":"chrysanthemum","rect":[0,0,400,400],"offset":[0,0],"originalSize":[400,400],"capInsets":[0,0,0,0]}],[0],0,[0],[0],[3]],[[[1,"kn2_0900",{"rows":[["openwindow1","1","Description","LEGIT","ಗುಲಾಬಿ","rose.png","sunflower.png","ಗುಲಾಬಿ.mp3","ಗು,ಲಾ,ಬಿ"],["openwindow1","1","Description","LEGIT","ಚೆಂಡುಹೂ","mari-gold.png","firecracker flower.png","ಚೆಂಡುಹೂ.mp3","ಚೆಂ,ಡು, ಹೂ"],["openwindow1","1","Description","LEGIT","ದಾಸವಾಳ","hibiscus.png","champa.png","ದಾಸವಾಳ.mp3","ದಾ,ಸ,ವಾ,ಳ"],["openwindow1","1","Description","LEGIT","ಮಲ್ಲಿಗೆ","jasmin.png","chrysanthemum.png","ಮಲ್ಲಿಗೆ.mp3","ಮ,ಲ್ಲಿ,ಗೆ"],["openwindow1","1","Description","LEGIT","ಸೂರ್ಯಕಾಂತಿ","sunflower.png","night_jasmine.png","ಸೂರ್ಯಕಾಂತಿ.mp3","ಸೂ,ರ್ಯ,ಕಾಂ,ತಿ"],["openwindow1","1","Description","LEGIT","ಕನಕಾಂಬರ","firecracker flower.png","rose.png","ಕನಕಾಂಬರ.mp3","ಕ,ನ,ಕಾಂ,ಬ,ರ"],["openwindow1","1","Description","LEGIT","ಸಂಪಿಗೆ","champa.png","mari-gold.png","ಸಂಪಿಗೆ.mp3","ಸಂ,ಪಿ,ಗೆ"],["openwindow1","1","Description","LEGIT","ಸೇವಂತಿಗೆ","chrysanthemum.png","hibiscus.png","ಸೇವಂತಿಗೆ.mp3","ಸೇ,ವಂ,ತಿ,ಗೆ"],["openwindow1","1","Description","LEGIT","ಪಾರಿಜಾತ","night_jasmine.png","jasmin.png","ಪಾರಿಜಾತ.mp3","ಪಾ,ರಿ,ಜಾ,ತ"],["quizliteracy","1","Description","word_word","ವಾಳ","ಮೀರ","ವಾಳ","ಲೋಕ","","ದಾಸ_____","ದಾಸವಾಳ.mp3"],["quizliteracy","1","Description","image_word","ಮಲ್ಲಿಗೆ","ಮಲ್ಲಿಗೆ","ಚೆಂಡುಹೂ","ಗುಲಾಬಿ","jasmin.png"],["quizliteracy","1","Description","soundonly_word","ಸೂರ್ಯಕಾಂತಿ","ಕನಕಾಂಬರ","ಚೆಂಡುಹೂ","ಸೂರ್ಯಕಾಂತಿ","","","ಸೂರ್ಯಕಾಂತಿ.mp3"]]}]],0,0,[],[],[]],[[[0,"ಮಲ್ಲಿಗೆ",".mp3",0.912],-1],0,0,[],[],[]],[[[0,"ಸಂಪಿಗೆ",".mp3",1.008],-1],0,0,[],[],[]],[[[0,"ಸೂರ್ಯಕಾಂತಿ",".mp3",1.32],-1],0,0,[],[],[]],[["0,9729,9729,33071,33071,0,0,1",-1],[1],0,[],[],[]],[["0,9729,9729,33071,33071,0,0,1",-1],[1],0,[],[],[]],[["0,9729,9729,33071,33071,0,0,1",-1],[1],0,[],[],[]],[[{"name":"champa","rect":[0,0,400,400],"offset":[0,0],"originalSize":[400,400],"capInsets":[0,0,0,0]}],[0],0,[0],[0],[4]],[[{"name":"mari-gold","rect":[0,0,400,400],"offset":[0,0],"originalSize":[400,400],"capInsets":[0,0,0,0]}],[0],0,[0],[0],[5]],[[[0,"ದಾಸವಾಳ",".mp3",1.128],-1],0,0,[],[],[]],[["0,9729,9729,33071,33071,0,0,1",-1],[1],0,[],[],[]],[["0,9729,9729,33071,33071,0,0,1",-1],[1],0,[],[],[]],[["0,9729,9729,33071,33071,0,0,1",-1],[1],0,[],[],[]],[[[0,"ಕನಕಾಂಬರ",".mp3",1.2],-1],0,0,[],[],[]],[["0,9729,9729,33071,33071,0,0,1",-1],[1],0,[],[],[]],[["0,9729,9729,33071,33071,0,0,1",-1],[1],0,[],[],[]],[[{"name":"rose","rect":[0,0,400,400],"offset":[0,0],"originalSize":[400,400],"capInsets":[0,0,0,0]}],[0],0,[0],[0],[6]],[[[0,"ಗುಲಾಬಿ",".mp3",0.888],-1],0,0,[],[],[]],[[{"name":"night_jasmine","rect":[0,0,400,400],"offset":[0,0],"originalSize":[400,400],"capInsets":[0,0,0,0]}],[0],0,[0],[0],[7]],[[[0,"ಚೆಂಡುಹೂ",".mp3",0.984],-1],0,0,[],[],[]],[["0,9729,9729,33071,33071,0,0,1",-1],[1],0,[],[],[]],[[{"name":"sunflower","rect":[0,0,400,400],"offset":[0,0],"originalSize":[400,400],"capInsets":[0,0,0,0]}],[0],0,[0],[0],[8]]]]