[1,["daOoTQN2dD5YrxwX3Cbqpa","e5ZosrlYhMWazb3ofu+G2g"],["_textureSetter"],["cc.SpriteFrame","cc.Texture2D",["cc.JsonAsset",["_name","json"],1]],[[2,0,1,3]],[[[{"name":"balloon-outline-tutorial","rect":[218,3,574,574],"offset":[5,16],"originalSize":[1000,612],"capInsets":[0,0,0,0]}],[0],0,[0],[0],[0]],[[[0,"drawshape0000",{"rows":[["drawshape","1","Description","balloon-outline-tutorial.png"]]}]],0,0,[],[],[]],[[{"name":"balloon-outline","rect":[226,13,558,596],"offset":[5,-5],"originalSize":[1000,612],"capInsets":[0,0,0,0]}],[0],0,[0],[0],[1]],[[[0,"balloon-outline-tutorial-json",[[{"x":510,"y":506.5},{"x":506,"y":506.5},{"x":502,"y":506.5},{"x":497,"y":506.5},{"x":493,"y":506.5},{"x":489,"y":506.5},{"x":486,"y":504.5},{"x":483,"y":505.5},{"x":480,"y":503.5},{"x":477,"y":504.5},{"x":473,"y":502.5},{"x":469,"y":501.5},{"x":465,"y":500.5},{"x":461,"y":500.5},{"x":458,"y":499.5},{"x":453,"y":498.5},{"x":450,"y":496.5},{"x":445,"y":495.5},{"x":441,"y":494.5},{"x":436,"y":492.5},{"x":433,"y":491.5},{"x":428,"y":489.5},{"x":425,"y":487.5},{"x":422,"y":488.5},{"x":421,"y":485.5},{"x":417,"y":484.5},{"x":413,"y":482.5},{"x":408,"y":480.5},{"x":405,"y":479.5},{"x":404,"y":476.5},{"x":400,"y":474.5},{"x":397,"y":473.5},{"x":393,"y":468.5},{"x":389,"y":464.5},{"x":384,"y":460.5},{"x":381,"y":459.5},{"x":378,"y":456.5},{"x":374,"y":453.5},{"x":372,"y":450.5},{"x":365,"y":444.5},{"x":362,"y":441.5},{"x":361,"y":438.5},{"x":357,"y":433.5},{"x":354,"y":431.5},{"x":353,"y":428.5},{"x":349,"y":426.5},{"x":346,"y":422.5},{"x":345,"y":419.5},{"x":340,"y":415.5},{"x":339,"y":412.5},{"x":336,"y":407.5},{"x":334,"y":403.5},{"x":333,"y":400.5},{"x":332,"y":397.5},{"x":327,"y":392.5},{"x":325,"y":389.5},{"x":322,"y":382.5},{"x":318,"y":377.5},{"x":317,"y":374.5},{"x":315,"y":369.5},{"x":313,"y":364.5},{"x":311,"y":360.5},{"x":312,"y":357.5},{"x":312,"y":353.5},{"x":311,"y":350.5},{"x":309,"y":347.5},{"x":310,"y":343.5},{"x":308,"y":340.5},{"x":309,"y":335.5},{"x":307,"y":331.5},{"x":305,"y":327.5},{"x":306,"y":324.5},{"x":305,"y":321.5},{"x":303,"y":317.5},{"x":304,"y":312.5},{"x":304,"y":308.5},{"x":304,"y":303.5},{"x":304,"y":299.5},{"x":304,"y":294.5},{"x":306,"y":289.5},{"x":305,"y":284.5},{"x":307,"y":278.5},{"x":306,"y":272.5},{"x":306,"y":266.5},{"x":306,"y":260.5},{"x":308,"y":257.5},{"x":309,"y":254.5},{"x":310,"y":251.5},{"x":309,"y":247.5},{"x":310,"y":243.5},{"x":311,"y":239.5},{"x":312,"y":236.5},{"x":313,"y":230.5},{"x":316,"y":228.5},{"x":315,"y":224.5},{"x":317,"y":218.5},{"x":318,"y":215.5},{"x":319,"y":212.5},{"x":320,"y":208.5},{"x":322,"y":204.5},{"x":323,"y":200.5},{"x":326,"y":198.5},{"x":326,"y":192.5},{"x":330,"y":185.5},{"x":332,"y":180.5},{"x":336,"y":175.5},{"x":339,"y":172.5},{"x":342,"y":170.5},{"x":344,"y":167.5},{"x":344,"y":161.5},{"x":349,"y":156.5},{"x":355,"y":149.5},{"x":358,"y":146.5},{"x":360,"y":142.5},{"x":364,"y":139.5},{"x":367,"y":138.5},{"x":374,"y":133.5},{"x":379,"y":130.5},{"x":382,"y":128.5},{"x":385,"y":127.5},{"x":387,"y":124.5},{"x":391,"y":123.5},{"x":393,"y":120.5},{"x":397,"y":120.5},{"x":400,"y":119.5},{"x":405,"y":117.5},{"x":412,"y":112.5},{"x":414,"y":109.5},{"x":418,"y":109.5},{"x":424,"y":105.5},{"x":429,"y":102.5},{"x":432,"y":100.5},{"x":435,"y":101.5},{"x":437,"y":98.5},{"x":440,"y":97.5},{"x":444,"y":98.5},{"x":448,"y":96.5},{"x":451,"y":93.5},{"x":459,"y":92.5},{"x":467,"y":89.5},{"x":470,"y":88.5},{"x":475,"y":88.5},{"x":480,"y":87.5},{"x":485,"y":85.5},{"x":492,"y":83.5},{"x":498,"y":82.5},{"x":501,"y":83.5},{"x":505,"y":83.5},{"x":510,"y":83.5},{"x":516,"y":83.5},{"x":521,"y":83.5},{"x":525,"y":83.5},{"x":530,"y":83.5},{"x":534,"y":84.5},{"x":541,"y":84.5},{"x":546,"y":84.5},{"x":551,"y":85.5},{"x":554,"y":86.5},{"x":561,"y":88.5},{"x":564,"y":87.5},{"x":569,"y":91.5},{"x":573,"y":91.5},{"x":579,"y":94.5},{"x":583,"y":95.5},{"x":586,"y":97.5},{"x":594,"y":99.5},{"x":599,"y":101.5},{"x":604,"y":105.5},{"x":609,"y":108.5},{"x":613,"y":111.5},{"x":621,"y":113.5},{"x":622,"y":116.5},{"x":630,"y":118.5},{"x":633,"y":122.5},{"x":640,"y":125.5},{"x":643,"y":129.5},{"x":648,"y":130.5},{"x":658,"y":138.5},{"x":664,"y":141.5},{"x":666,"y":145.5},{"x":669,"y":148.5},{"x":670,"y":151.5},{"x":673,"y":154.5},{"x":678,"y":158.5},{"x":681,"y":159.5},{"x":684,"y":163.5},{"x":685,"y":166.5},{"x":689,"y":169.5},{"x":690,"y":175.5},{"x":693,"y":182.5},{"x":695,"y":185.5},{"x":697,"y":189.5},{"x":699,"y":192.5},{"x":702,"y":193.5},{"x":703,"y":208.5},{"x":706,"y":209.5},{"x":708,"y":217.5},{"x":711,"y":220.5},{"x":711,"y":226.5},{"x":713,"y":231.5},{"x":714,"y":235.5},{"x":717,"y":237.5},{"x":715,"y":242.5},{"x":719,"y":244.5},{"x":718,"y":250.5},{"x":720,"y":257.5},{"x":721,"y":261.5},{"x":720,"y":267.5},{"x":723,"y":271.5},{"x":723,"y":275.5},{"x":723,"y":279.5},{"x":723,"y":284.5},{"x":725,"y":292.5},{"x":726,"y":299.5},{"x":726,"y":307.5},{"x":726,"y":311.5},{"x":726,"y":315.5},{"x":725,"y":318.5},{"x":724,"y":322.5},{"x":724,"y":332.5},{"x":722,"y":335.5},{"x":721,"y":339.5},{"x":720,"y":342.5},{"x":720,"y":348.5},{"x":716,"y":353.5},{"x":714,"y":361.5},{"x":714,"y":365.5},{"x":713,"y":370.5},{"x":710,"y":371.5},{"x":708,"y":379.5},{"x":705,"y":384.5},{"x":703,"y":388.5},{"x":701,"y":392.5},{"x":701,"y":396.5},{"x":698,"y":400.5},{"x":695,"y":408.5},{"x":693,"y":413.5},{"x":691,"y":416.5},{"x":689,"y":421.5},{"x":684,"y":425.5},{"x":678,"y":431.5},{"x":676,"y":435.5},{"x":673,"y":437.5},{"x":670,"y":440.5},{"x":669,"y":443.5},{"x":666,"y":445.5},{"x":661,"y":448.5},{"x":656,"y":454.5},{"x":649,"y":461.5},{"x":646,"y":463.5},{"x":642,"y":463.5},{"x":634,"y":469.5},{"x":628,"y":473.5},{"x":626,"y":476.5},{"x":623,"y":477.5},{"x":621,"y":480.5},{"x":614,"y":481.5},{"x":605,"y":487.5},{"x":599,"y":490.5},{"x":594,"y":492.5},{"x":587,"y":494.5},{"x":584,"y":495.5},{"x":577,"y":498.5},{"x":574,"y":500.5},{"x":570,"y":502.5},{"x":566,"y":502.5},{"x":561,"y":504.5},{"x":558,"y":503.5},{"x":550,"y":503.5},{"x":546,"y":505.5},{"x":539,"y":506.5},{"x":534,"y":506.5},{"x":531,"y":508.5},{"x":528,"y":507.5},{"x":523,"y":507.5},{"x":519,"y":507.5},{"x":513,"y":507.5},{"x":509,"y":507.5},{"x":505,"y":507.5},{"x":503,"y":507.5}]]]],0,0,[],[],[]],[["0,9729,9729,33071,33071,0,0,1",-1],[1],0,[],[],[]],[["0,9729,9729,33071,33071,0,0,1",-1],[1],0,[],[],[]]]]