[1,["35kvj2wBZPTYdPMf9/J5Sz","2cjb3U8XdCzIQtqGhFGekL","ees7Uk8IdEhoxIhfSISPnA","9eay0UDn1LFLAs+zcNada3","010FnSP6tC045pmeoAEK8+","60xgTIc1hMnqDQ2OWpj7M7","e2zKS00Q9BWrrRq28+i0eN","f51WGeL6NKJ4QW/D7NPwED","4993B93qlGo7QsuAZk8AeY","42UKO7MVtOVbzh1X3D6Xrx","63MYsmRtVOa4xiyhTunlGa","2d26ZoOKBEWZ/QJCJia1CQ","8921l6rnlNlo+k2CckeHcB","28sDdA/URCmInaft8h5Bb5","aaT8jGyj1MV4EFN6ka1qzu","11SiAVb3ZMmreTEjnvm8XC","86JABuhFNDvrsHcbT0fbEF","edh46vHjNJ+puJ4mycNPGl"],["_textureSetter"],["cc.Texture2D","cc.SpriteFrame",["cc.JsonAsset",["_name","json"],1]],[[2,0,1,3]],[[["0,9729,9729,33071,33071,0,0,1",-1],[0],0,[],[],[]],[[[0,"matchingcard0002",{"rows":[["matchingcard","1","Description","3","findthematch_lv2_bugs2.png","findthematch_lv2_bugs3.png","findthematch_lv2_bugs1.png",""],["matchingcard","1","Description","3","findthematch_lv2_butterfly3.png","findthematch_lv2_butterfly2.png","findthematch_lv2_butterfly1.png",""],["matchingcard","1","Description","3","findthematch_lv2_monkey2.png","findthematch_lv2_monkey1.png","findthematch_lv2_monkey3.png",""],["matchingcard","1","Description","3","findthematch_lv2_plants3.png","findthematch_lv2_plants2.png","findthematch_lv2_plants1.png",""],["matchingcard","1","Description","3","findthematch_lv2_tree3.png","findthematch_lv2_tree2.png","findthematch_lv2_tree1.png",""],["matchingcard","1","Description","3","findthematch_lv3_3.png","findthematch_lv3_10.png","findthematch_lv3_6.png",""]]}]],0,0,[],[],[]],[[{"name":"findthematch_lv2_monkey3","rect":[28,39,121,137],"offset":[4.5,4.5],"originalSize":[168,224],"capInsets":[0,0,0,0]}],[1],0,[0],[0],[0]],[["0,9729,9729,33071,33071,0,0,1",-1],[0],0,[],[],[]],[[{"name":"findthematch_lv2_plants3","rect":[21,64,125,83],"offset":[-0.5,6.5],"originalSize":[168,224],"capInsets":[0,0,0,0]}],[1],0,[0],[0],[1]],[["0,9729,9729,33071,33071,0,0,1",-1],[0],0,[],[],[]],[["0,9729,9729,33071,33071,0,0,1",-1],[0],0,[],[],[]],[["0,9729,9729,33071,33071,0,0,1",-1],[0],0,[],[],[]],[["0,9729,9729,33071,33071,0,0,1",-1],[0],0,[],[],[]],[[{"name":"findthematch_lv2_bugs2","rect":[42,71,85,91],"offset":[0.5,-4.5],"originalSize":[168,224],"capInsets":[0,0,0,0]}],[1],0,[0],[0],[2]],[[{"name":"findthematch_lv2_butterfly3","rect":[22,69,126,96],"offset":[1,-5],"originalSize":[168,224],"capInsets":[0,0,0,0]}],[1],0,[0],[0],[3]],[["0,9729,9729,33071,33071,0,0,1",-1],[0],0,[],[],[]],[["0,9729,9729,33071,33071,0,0,1",-1],[0],0,[],[],[]],[["0,9729,9729,33071,33071,0,0,1",-1],[0],0,[],[],[]],[["0,9729,9729,33071,33071,0,0,1",-1],[0],0,[],[],[]],[[{"name":"findthematch_lv2_plants2","rect":[28,53,122,167],"offset":[5,-24.5],"originalSize":[168,224],"capInsets":[0,0,0,0]}],[1],0,[0],[0],[4]],[[{"name":"findthematch_lv2_monkey1","rect":[46,29,75,177],"offset":[-0.5,-5.5],"originalSize":[168,224],"capInsets":[0,0,0,0]}],[1],0,[0],[0],[5]],[[{"name":"findthematch_lv2_butterfly2","rect":[30,71,105,90],"offset":[-1.5,-4],"originalSize":[168,224],"capInsets":[0,0,0,0]}],[1],0,[0],[0],[6]],[[{"name":"findthematch_lv2_bugs3","rect":[28,70,111,91],"offset":[-0.5,-3.5],"originalSize":[168,224],"capInsets":[0,0,0,0]}],[1],0,[0],[0],[7]],[["0,9729,9729,33071,33071,0,0,1",-1],[0],0,[],[],[]],[["0,9729,9729,33071,33071,0,0,1",-1],[0],0,[],[],[]],[[{"name":"findthematch_lv2_plants1","rect":[26,49,112,111],"offset":[-2,7.5],"originalSize":[168,224],"capInsets":[0,0,0,0]}],[1],0,[0],[0],[8]],[[{"name":"findthematch_lv2_tree3","rect":[14,49,141,138],"offset":[0.5,-6],"originalSize":[168,224],"capInsets":[0,0,0,0]}],[1],0,[0],[0],[9]],[["0,9729,9729,33071,33071,0,0,1",-1],[0],0,[],[],[]],[[{"name":"findthematch_lv2_tree2","rect":[36,14,96,183],"offset":[0,6.5],"originalSize":[168,224],"capInsets":[0,0,0,0]}],[1],0,[0],[0],[10]],[[{"name":"findthematch_lv2_bugs1","rect":[37,65,94,99],"offset":[0,-2.5],"originalSize":[168,224],"capInsets":[0,0,0,0]}],[1],0,[0],[0],[11]],[["0,9729,9729,33071,33071,0,0,1",-1],[0],0,[],[],[]],[[{"name":"findthematch_lv2_monkey2","rect":[28,44,120,138],"offset":[4,-1],"originalSize":[168,224],"capInsets":[0,0,0,0]}],[1],0,[0],[0],[12]],[[{"name":"findthematch_lv2_tree1","rect":[25,29,120,159],"offset":[1,3.5],"originalSize":[168,224],"capInsets":[0,0,0,0]}],[1],0,[0],[0],[13]],[[{"name":"findthematch_lv3_6","rect":[15,25,123,170],"offset":[-7.5,2],"originalSize":[168,224],"capInsets":[0,0,0,0]}],[1],0,[0],[0],[14]],[[{"name":"findthematch_lv3_10","rect":[27,27,118,168],"offset":[2,1],"originalSize":[168,224],"capInsets":[0,0,0,0]}],[1],0,[0],[0],[15]],[["0,9729,9729,33071,33071,0,0,1",-1],[0],0,[],[],[]],[[{"name":"findthematch_lv2_butterfly1","rect":[19,69,131,86],"offset":[0.5,0],"originalSize":[168,224],"capInsets":[0,0,0,0]}],[1],0,[0],[0],[16]],[["0,9729,9729,33071,33071,0,0,1",-1],[0],0,[],[],[]],[["0,9729,9729,33071,33071,0,0,1",-1],[0],0,[],[],[]],[[{"name":"findthematch_lv3_3","rect":[13,15,136,184],"offset":[-3,5],"originalSize":[168,224],"capInsets":[0,0,0,0]}],[1],0,[0],[0],[17]],[["0,9729,9729,33071,33071,0,0,1",-1],[0],0,[],[],[]]]]