[1,["0ec9fZHu5MeJIbiJj6n8qv","b2blPue+NJgoLzCNihUprL","dcdZD5J0BN2LxXVSfnZkSQ","1elc8sOblFC6a6PZOZ9Lps","21E83MUC9OuaFEjcu1MEFY","749ZAibexOcY45umlyqAyS","50i4J02SdPoYgwudIJCbe/","73aYGuTqJD6ae28htq32O5","ef0ZZDB5tG37PjbfDq1am0","f70yP3TUxFnqFDozoNm0+o","bbv38tKzpEJJyWecjXCAf+","5aJgtDxgRHMqzlqjcCIG8o","91F1Gak2dNxJ7JdMj7WszT","e5SMhvDkdMU7VLd5z/JxEG","04du1FEztH36TnN5ziPySS","0b8ixpYkJI4KG6E1iBaI1T","b3LhCHE+lBp4raKpvhTwbi","a0WIk7bllNqbjzomfwkX2p"],["_textureSetter"],["cc.Texture2D","cc.SpriteFrame",["cc.AudioClip",["_name","_native","duration"],0],["cc.JsonAsset",["_name","json"],1]],[[2,0,1,2,4],[3,0,1,3]],[[["0,9729,9729,33071,33071,0,0,1",-1],[0],0,[],[],[]],[[[0,"A_purple_square",".mp3",1.776],-1],0,0,[],[],[]],[[{"name":"l2_purplecircle","rect":[0,0,868,689],"offset":[0,0],"originalSize":[868,689],"capInsets":[0,0,0,0]}],[1],0,[0],[0],[0]],[["1,9729,9729,33071,33071,0,0,1",-1],[0],0,[],[],[]],[["0,9729,9729,33071,33071,0,0,1",-1],[0],0,[],[],[]],[[{"name":"l9_teachersitschair","rect":[0,0,868,689],"offset":[0,0],"originalSize":[868,689],"capInsets":[0,0,0,0]}],[1],0,[0],[0],[1]],[[[0,"A_purple_circle",".mp3",1.848],-1],0,0,[],[],[]],[[[0,"Rita_sings_a_song",".mp3",2.112],-1],0,0,[],[],[]],[[{"name":"l1_littlemouse","rect":[0,0,868,689],"offset":[0,0],"originalSize":[868,689],"capInsets":[0,0,0,0]}],[1],0,[0],[0],[2]],[["1,9729,9729,33071,33071,0,0,1",-1],[0],0,[],[],[]],[["0,9729,9729,33071,33071,0,0,1",-1],[0],0,[],[],[]],[[[0,"A_little_ant",".mp3",1.608],-1],0,0,[],[],[]],[[[0,"A_cat_is_in_the_box",".mp3",2.28],-1],0,0,[],[],[]],[[[0,"A_little_mouse",".mp3",1.704],-1],0,0,[],[],[]],[[{"name":"Mirasingsa_song","rect":[0,0,1073,1188],"offset":[0,0],"originalSize":[1073,1188],"capInsets":[0,0,0,0]}],[1],0,[0],[0],[3]],[[{"name":"l2_blackbear","rect":[0,0,868,689],"offset":[0,0],"originalSize":[868,689],"capInsets":[0,0,0,0]}],[1],0,[0],[0],[4]],[[[0,"Maya_reads_a_book",".mp3",2.04],-1],0,0,[],[],[]],[[[0,"Rahim_plays_a_game",".mp3",2.064],-1],0,0,[],[],[]],[["0,9729,9729,33071,33071,0,0,1",-1],[0],0,[],[],[]],[[[0,"A_white_bear",".mp3",1.608],-1],0,0,[],[],[]],[[{"name":"l9_catonbox","rect":[0,0,868,689],"offset":[0,0],"originalSize":[868,689],"capInsets":[0,0,0,0]}],[1],0,[0],[0],[5]],[["0,9729,9729,33071,33071,0,0,1",-1],[0],0,[],[],[]],[[[1,"en2801",{"rows":[["picturemeaning","1","Description","P","A boy sits in the chair.","l9_boysitschair.png","A_boy_sits_in_the_chair.mp3","A girl sits in the chair.","l9_girlsitschair.png","A_girl_sits_in_the_chair.mp3","A teacher sits in the chair.","l9_teachersitschair.png","A_teacher_sits_in_the_chair.mp3"],["picturemeaning","1","Description","P","A brown bear.","l2_brownbear.png","A_brown_bear.mp3","A black bear.","l2_blackbear.png","A_black_bear.mp3","A white bear.","l2_whitebear.png","A_white_bear.mp3"],["picturemeaning","1","Description","P","A cat is on the box.","l9_catonbox.png","A_cat_is_on_the_box.mp3","A cat is in the box.","l9_catinbox.png","A_cat_is_in_the_box.mp3","A cat is under the box.","l9_catunderbox.png","A_cat_is_under_the_box.mp3"],["picturemeaning","1","Description","P","A little cat.","l1_littlecat.png","A_little_cat.mp3","A little mouse.","l1_littlemouse.png","A_little_mouse.mp3","A little ant.","l1_littleant.png","A_little_ant.mp3"],["picturemeaning","1","Description","P","A purple circle.","l2_purplecircle.png","A_purple_circle.mp3","A green star.","l2_greenstar.png","A_green_star.mp3","A purple square.","l3_purplesquare.png","A_purple_square.mp3"],["createsentence","1","Description","Maya/reads/a book","","Ranireadsmanybooks.jpg","Maya_reads_a_book.mp3"],["createsentence","1","Description","Rahim/plays/a game","","Raviplaysa_gamealone.jpg","Rahim_plays_a_game.mp3"],["createsentence","1","Description","Rita/sings/a song","","Mirasingsa_song.jpg","Rita_sings_a_song.mp3"],["quizliteracy","1","Description","image_sentence","A brown bear.","A brown bear.","A black bear.","A brown dog. ","l2_brownbear.png","","A_brown_bear.mp3"],["quizliteracy","1","Description","soundonly_sentence","A cat is on the box.","A cat is on the chair.","A cat is on the box.","A cat is on the table.","","","A_cat_is_on_the_box.mp3"],["quizliteracy","1","Description","sentence_sentence","A","A","The","An","","__ boy sits in the chair.","A_boy_sits_in_the_chair.mp3"],["quizliteracy","1","Description","sentence_sentence","A","An","A","The","","__ purple circle.","A_purple_circle.mp3"],["quizliteracy","1","Description","sentence_sentence","A","The","A","An","","__ little cat.","A_little_cat.mp3"]]}]],0,0,[],[],[]],[[{"name":"l9_catunderbox","rect":[0,0,868,689],"offset":[0,0],"originalSize":[868,689],"capInsets":[0,0,0,0]}],[1],0,[0],[0],[6]],[[{"name":"l2_whitebear","rect":[0,0,868,689],"offset":[0,0],"originalSize":[868,689],"capInsets":[0,0,0,0]}],[1],0,[0],[0],[7]],[[[0,"A_green_star",".mp3",1.704],-1],0,0,[],[],[]],[[[0,"A_cat_is_under_the_box",".mp3",2.472],-1],0,0,[],[],[]],[["0,9729,9729,33071,33071,0,0,1",-1],[0],0,[],[],[]],[[[0,"A_cat_is_on_the_box",".mp3",2.328],-1],0,0,[],[],[]],[["0,9729,9729,33071,33071,0,0,1",-1],[0],0,[],[],[]],[[{"name":"l9_boysitschair","rect":[0,0,868,689],"offset":[0,0],"originalSize":[868,689],"capInsets":[0,0,0,0]}],[1],0,[0],[0],[8]],[[[0,"A_teacher_sits_in_the_chair",".mp3",2.592],-1],0,0,[],[],[]],[[{"name":"Ranireadsmanybooks","rect":[0,0,1073,514],"offset":[0,0],"originalSize":[1073,514],"capInsets":[0,0,0,0]}],[1],0,[0],[0],[9]],[["0,9729,9729,33071,33071,0,0,1",-1],[0],0,[],[],[]],[[{"name":"l2_greenstar","rect":[0,0,868,689],"offset":[0,0],"originalSize":[868,689],"capInsets":[0,0,0,0]}],[1],0,[0],[0],[10]],[[[0,"A_brown_bear",".mp3",1.68],-1],0,0,[],[],[]],[[{"name":"l3_purplesquare","rect":[0,0,868,689],"offset":[0,0],"originalSize":[868,689],"capInsets":[0,0,0,0]}],[1],0,[0],[0],[11]],[[[0,"A_black_bear",".mp3",1.656],-1],0,0,[],[],[]],[["0,9729,9729,33071,33071,0,0,1",-1],[0],0,[],[],[]],[["0,9729,9729,33071,33071,0,0,1",-1],[0],0,[],[],[]],[["0,9729,9729,33071,33071,0,0,1",-1],[0],0,[],[],[]],[[{"name":"l9_girlsitschair","rect":[0,0,868,689],"offset":[0,0],"originalSize":[868,689],"capInsets":[0,0,0,0]}],[1],0,[0],[0],[12]],[[{"name":"l1_littleant","rect":[0,0,868,689],"offset":[0,0],"originalSize":[868,689],"capInsets":[0,0,0,0]}],[1],0,[0],[0],[13]],[[[0,"A_little_cat",".mp3",1.656],-1],0,0,[],[],[]],[["0,9729,9729,33071,33071,0,0,1",-1],[0],0,[],[],[]],[[{"name":"l1_littlecat","rect":[0,0,868,689],"offset":[0,0],"originalSize":[868,689],"capInsets":[0,0,0,0]}],[1],0,[0],[0],[14]],[[[0,"A_boy_sits_in_the_chair",".mp3",2.424],-1],0,0,[],[],[]],[[{"name":"Raviplaysa_gamealone","rect":[0,0,768,512],"offset":[0,0],"originalSize":[768,512],"capInsets":[0,0,0,0]}],[1],0,[0],[0],[15]],[["0,9729,9729,33071,33071,0,0,1",-1],[0],0,[],[],[]],[["0,9729,9729,33071,33071,0,0,1",-1],[0],0,[],[],[]],[[{"name":"l9_catinbox","rect":[0,0,868,689],"offset":[0,0],"originalSize":[868,689],"capInsets":[0,0,0,0]}],[1],0,[0],[0],[16]],[["0,9729,9729,33071,33071,0,0,1",-1],[0],0,[],[],[]],[[{"name":"l2_brownbear","rect":[0,0,868,689],"offset":[0,0],"originalSize":[868,689],"capInsets":[0,0,0,0]}],[1],0,[0],[0],[17]],[["1,9729,9729,33071,33071,0,0,1",-1],[0],0,[],[],[]],[[[0,"A_girl_sits_in_the_chair",".mp3",2.52],-1],0,0,[],[],[]]]]