[1,["91KTpw+yJLtqVDjuIL7F5z","b4c6H1W3RHzotgAk3XvMZF","10RcAQpfRPdoPXYTPag+I4","2ePZ0LkCJNKZVlYMx303fk","d87bs/awlFvLp/IklfI3Xb","3aUcFbHWdAoLkm4De6LcZm","86q7qzyXBHo7TtVRq0qrYZ"],["_textureSetter"],["cc.SpriteFrame","cc.Texture2D",["cc.AudioClip",["_name","_native","duration"],0],["cc.JsonAsset",["_name","json"],1]],[[2,0,1,2,4],[3,0,1,3]],[[[{"name":"tree","rect":[0,0,1801,1830],"offset":[0,0],"originalSize":[1801,1830],"capInsets":[0,0,0,0]}],[0],0,[0],[0],[0]],[["0,9729,9729,33071,33071,0,0,1",-1],[1],0,[],[],[]],[[[0,"train",".mp3",0.835918],-1],0,0,[],[],[]],[["0,9729,9729,33071,33071,0,0,1",-1],[1],0,[],[],[]],[["0,9729,9729,33071,33071,0,0,1",-1],[1],0,[],[],[]],[[[0,"child",".mp3",0.731429],-1],0,0,[],[],[]],[[[0,"tray",".mp3",0.731429],-1],0,0,[],[],[]],[[{"name":"train","rect":[59,52,476,280],"offset":[7,38],"originalSize":[580,460],"capInsets":[0,0,0,0]}],[0],0,[0],[0],[1]],[[{"name":"spelling_tree","rect":[0,0,370,273],"offset":[0,0],"originalSize":[370,273],"capInsets":[0,0,0,0]}],[0],0,[0],[0],[2]],[[{"name":"truck","rect":[0,0,1200,1000],"offset":[0,0],"originalSize":[1200,1000],"capInsets":[0,0,0,0]}],[0],0,[0],[0],[3]],[[[0,"tr",".mp3",0.417959],-1],0,0,[],[],[]],[["0,9729,9729,33071,33071,0,0,1",-1],[1],0,[],[],[]],[["0,9729,9729,33071,33071,0,0,1",-1],[1],0,[],[],[]],[[[0,"truck",".mp3",0.653061],-1],0,0,[],[],[]],[[[0,"cheek",".mp3",0.653061],-1],0,0,[],[],[]],[[[1,"sl_en1700",{"rows":[["openwindow","1","Description","LEGIT","train","train.png","color.png","train.mp3","abcdefghijklmnopqrstuvwxyz"],["openwindow","1","Description","LEGIT","tree","tree.png","song.png","tree.mp3","abcdefghijklmnopqrstuvwxyz"],["phonictractor","1","Description","5","tray","tray.mp3","tr","tr.mp3","ay","ay.mp3"],["speakingpet","1","Description","tr.mp3","ch.mp3","truck","truck.mp3","A","1,2","tree","tree.mp3","A","1,2","cheek","cheek.mp3","B","1,2","child","child.mp3","B","1,2"],["spelldoor","1","Description","train","*r*in","2","1","spelling_train.png","train.mp3"],["spelldoor","1","Description","tree","tr*e","0","2","spelling_tree.png","tree.mp3"],["quizliteracy","1","Description","image_word","truck","truck","key","lemon","truck.png"],["quizliteracy","1","Description","image_word","tree","tree","there","tire","tree.png"],["quizliteracy","1","Description","soundonly_word","train","train","clay","truck","","","train.mp3"],["quizliteracy","1","Description","soundonly_word","tray","truck","tray","train","","","tray.mp3"]]}]],0,0,[],[],[]],[["0,9729,9729,33071,33071,0,0,1",-1],[1],0,[],[],[]],[[[0,"tree",".mp3",0.731429],-1],0,0,[],[],[]],[[{"name":"color","rect":[22,16,148,119],"offset":[-0.5,1],"originalSize":[193,153],"capInsets":[0,0,0,0]}],[0],0,[0],[0],[4]],[[[0,"ay",".mp3",0.548571],-1],0,0,[],[],[]],[[{"name":"spelling_train","rect":[0,0,370,273],"offset":[0,0],"originalSize":[370,273],"capInsets":[0,0,0,0]}],[0],0,[0],[0],[5]],[[{"name":"song","rect":[49,68,481,339],"offset":[-0.5,-7.5],"originalSize":[580,460],"capInsets":[0,0,0,0]}],[0],0,[0],[0],[6]],[["0,9729,9729,33071,33071,0,0,1",-1],[1],0,[],[],[]],[[[0,"ch",".mp3",0.365714],-1],0,0,[],[],[]]]]