[1,["d9hMTlwXBFDZOMFBMvjmww","b9QigJXR1LmJkCLXBkpOoK"],["_textureSetter"],["cc.Texture2D","cc.SpriteFrame",["cc.AudioClip",["_name","_native","duration"],0],["cc.JsonAsset",["_name","json"],1]],[[2,0,1,2,4],[3,0,1,3]],[[[[0,"sun",".mp3",0.679184],-1],0,0,[],[],[]],[[[0,"save",".mp3",0.835918],-1],0,0,[],[],[]],[[[0,"park",".mp3",0.679184],-1],0,0,[],[],[]],[[[0,"phone",".mp3",0.835918],-1],0,0,[],[],[]],[[[1,"sl_en1705",{"rows":[["grid","1","Description","ar","ea,ch,ak"],["grid","1","Description","ar","row,ise,mor"],["grid","1","Description","ye,sc,li","ar"],["rocket","1","Description","park","p,ark","p,ark","park.mp3","park.png","false","false"],["speakingpet","1","Description","ar.mp3","oa.mp3","arm","arm.mp3","A","1","art","art.mp3","A","1","only","only.mp3","B","1","old","old.mp3","B","1"],["speakingpet","1","Description","k_sound.mp3","s_sound.mp3","card","card.mp3","A","1","circle","circle.mp3","B","1","sun","sun.mp3","B","1","save","save.mp3","B","1"],["speakingpet","1","Description","p_sound.mp3","f_sound.mp3","park","park.mp3","A","1","fan","fan.mp3","B","1","phone","phone.mp3","B","1,2","far","far.mp3","B","1"],["spelldoor","1","Description","farm","****","4","2","spelling_farm.png","farm.mp3"],["quizliteracy","1","Description","image_word","farm","heart","grass","farm","farm.png"],["quizliteracy","1","Description","soundonly_word","park","arm","park","card","","","park.mp3"],["quizliteracy","1","Description","soundonly_word","arm","card","arm","park","","","arm.mp3"]]}]],0,0,[],[],[]],[[[0,"far",".mp3",0.653061],-1],0,0,[],[],[]],[[[0,"fan",".mp3",0.809796],-1],0,0,[],[],[]],[[[0,"ar",".mp3",0.522449],-1],0,0,[],[],[]],[[[0,"old",".mp3",0.653061],-1],0,0,[],[],[]],[[[0,"circle",".mp3",0.705306],-1],0,0,[],[],[]],[[[0,"card",".mp3",0.862041],-1],0,0,[],[],[]],[[[0,"farm",".mp3",0.783673],-1],0,0,[],[],[]],[["0,9729,9729,33071,33071,0,0,1",-1],[0],0,[],[],[]],[[{"name":"spelling_farm","rect":[0,0,370,273],"offset":[0,0],"originalSize":[370,273],"capInsets":[0,0,0,0]}],[1],0,[0],[0],[0]],[[[0,"oa",".mp3",0.626939],-1],0,0,[],[],[]],[[[0,"arm",".mp3",0.626939],-1],0,0,[],[],[]],[[[0,"only",".mp3",0.731429],-1],0,0,[],[],[]],[["0,9729,9729,33071,33071,0,0,1",-1],[0],0,[],[],[]],[[{"name":"park","rect":[0,0,482,482],"offset":[0,0],"originalSize":[482,482],"capInsets":[0,0,0,0]}],[1],0,[0],[0],[1]],[[[0,"art",".mp3",0.757551],-1],0,0,[],[],[]]]]