[1,["5350MSrX5HiaP0KBgtVv8Q","e7oyh3/uJK3KbOsWcPh55e","117hSkR6pL3pIfJm/MwWLi"],["_textureSetter"],["cc.Texture2D","cc.SpriteFrame",["cc.JsonAsset",["_name","json"],1],["cc.AudioClip",["_name","_native","duration"],0]],[[2,0,1,3],[3,0,1,2,4]],[[["0,9729,9729,33071,33071,0,0,1",-1],[0],0,[],[],[]],[[{"name":"ap_puzzle2_background","rect":[0,0,802,432],"offset":[0,0],"originalSize":[802,432],"capInsets":[0,0,0,0]}],[1],0,[0],[0],[0]],[[[0,"pictureboard0006",{"rows":[["pictureboard","1","Description","Bugs","ap_puzzle2_background.jpg","2","","bugs.mp3","ap_puzzle2_ladybug1_puzzle.png","250","424","","ap_puzzle2_ladybug2_puzzle.png","1390","188"]]}]],0,0,[],[],[]],[["1,9729,9729,33071,33071,0,0,1",-1],[0],0,[],[],[]],[[{"name":"ap_puzzle2_ladybug2_puzzle","rect":[3,3,230,150],"offset":[-2.5,3.5],"originalSize":[241,163],"capInsets":[0,0,0,0]}],[1],0,[0],[0],[1]],[[{"name":"ap_puzzle2_ladybug1_puzzle","rect":[3,1,380,220],"offset":[1,5],"originalSize":[384,232],"capInsets":[0,0,0,0]}],[1],0,[0],[0],[2]],[[[1,"bugs",".mp3",0.88825],-1],0,0,[],[],[]],[["0,9729,9729,33071,33071,0,0,1",-1],[0],0,[],[],[]]]]