[1,["02oY+tEHNLXYVSWF6tWL3/","9aOAfvn55MSo0JwZujIhPi","62NMz2HUxJBoTps81QGkuT","88tO6bZUBMrZwBZLzs0E/+","c3tBiXAzZJZb+AA7xBBz9e"],["_textureSetter"],["cc.Texture2D","cc.SpriteFrame",["cc.AudioClip",["_name","_native","duration"],0],["cc.JsonAsset",["_name","json"],1]],[[2,0,1,2,4],[3,0,1,3]],[[["0,9729,9729,33071,33071,0,0,1",-1],[0],0,[],[],[]],[[{"name":"ऐटदार","rect":[0,0,798,540],"offset":[0,0],"originalSize":[798,540],"capInsets":[0,0,0,0]}],[1],0,[0],[0],[0]],[[[0,"भाजीपाला",".mp3",1.38449],-1],0,0,[],[],[]],[[[1,"mr4101",{"rows":[["rocket","1","Description","घरकुल","घ,र,कु,ल","घ,र,कु,ल","घरकुल.mp3","home.png","False","False"],["rocket","1","Description","भाजीपाला","भा,जी,पा,ला","भा,जी,पा,ला","भाजीपाला.mp3","vegetables.png","False","False"],["rocket","1","Description","ऐटदार","ऐ,ट,दा,र","ऐ,ट,दा,र","ऐटदार.mp3","ऐटदार.png","False","False"],["rocket","1","Description","अहमदनगर","अ,ह,म,द,न,ग,र","अ,ह,म,द,न,ग,र","अहमदनगर.mp3","ahmednagar.png","False","False"],["rocket","1","Description","बालभारती","बा,ल,भा,र,ती","बा,ल,भा,र,ती","बालभारती.mp3","balbharati.png","False","False"],["quizliteracy","1","Description","word_word","कुल","पाला","कुल","भारती","","घर__","घरकुल.mp3"],["quizliteracy","1","Description","word_word","पाला","कुल","भारती","पाला","","भाजी__","भाजीपाला.mp3"],["quizliteracy","1","Description","word_word","भारती","भारती","पाला","कुल","","बाल_____","बालभारती.mp3"]]}]],0,0,[],[],[]],[[[0,"ऐटदार",".mp3",0.966531],-1],0,0,[],[],[]],[[[0,"अहमदनगर",".mp3",1.149388],-1],0,0,[],[],[]],[[[0,"बालभारती",".mp3",1.17551],-1],0,0,[],[],[]],[[{"name":"balbharati","rect":[0,0,457,637],"offset":[0,0],"originalSize":[457,637],"capInsets":[0,0,0,0]}],[1],0,[0],[0],[1]],[["0,9729,9729,33071,33071,0,0,1",-1],[0],0,[],[],[]],[[[0,"घरकुल",".mp3",1.38449],-1],0,0,[],[],[]],[["0,9729,9729,33071,33071,0,0,1",-1],[0],0,[],[],[]],[["0,9729,9729,33071,33071,0,0,1",-1],[0],0,[],[],[]],[[{"name":"vegetables","rect":[0,0,640,588],"offset":[0,0],"originalSize":[640,588],"capInsets":[0,0,0,0]}],[1],0,[0],[0],[2]],[["0,9729,9729,33071,33071,0,0,1",-1],[0],0,[],[],[]],[[{"name":"home","rect":[43,102,524,425],"offset":[-15,5.5],"originalSize":[640,640],"capInsets":[0,0,0,0]}],[1],0,[0],[0],[3]],[[{"name":"ahmednagar","rect":[0,0,640,480],"offset":[0,0],"originalSize":[640,480],"capInsets":[0,0,0,0]}],[1],0,[0],[0],[4]]]]