[1,["57jmtjq8FA27pOCRfSpza/","05Spzi1J9M7pbMCoBAsNGZ","3akZmGon1Bqq133Y9ltrOj"],["_textureSetter"],["cc.Texture2D","cc.SpriteFrame",["cc.AudioClip",["_name","_native","duration"],0],["cc.JsonAsset",["_name","json"],1]],[[2,0,1,2,4],[3,0,1,3]],[[["0,9729,9729,33071,33071,0,0,1",-1],[0],0,[],[],[]],[["0,9729,9729,33071,33071,0,0,1",-1],[0],0,[],[],[]],[[[0,"ऋषीमुनी",".mp3",1.17551],-1],0,0,[],[],[]],[[[0,"ऋग्वेद",".mp3",1.018776],-1],0,0,[],[],[]],[["0,9729,9729,33071,33071,0,0,1",-1],[0],0,[],[],[]],[[[0,"ऋषी",".mp3",0.912],-1],0,0,[],[],[]],[[{"name":"season","rect":[0,0,640,427],"offset":[0,0],"originalSize":[640,427],"capInsets":[0,0,0,0]}],[1],0,[0],[0],[0]],[[{"name":"rugved","rect":[0,0,640,241],"offset":[0,0],"originalSize":[640,241],"capInsets":[0,0,0,0]}],[1],0,[0],[0],[1]],[[[1,"mr0006",{"rows":[["balloonpop","1","Description","2","ऋ","3","उ,ऊ,ऋ","ऋ.mp3"],["phonictractor","1","Description","5","ऋ","ऋ.mp3","ऋ","ऋ.mp3"],["writeletter","1","Description","ऋ","ऋषी"],["writecard","1","Description","ऋ","ऋषी","rushi.png","ऋषी.mp3","ऋतु","season.png","ऋतु.mp3","ऋग्वेद","rugved.png","ऋग्वेद.mp3"],["quizliteracy","1","Description","soundonly_word","ऋ","ऋ","आ","इ","","","ऋ.mp3"],["quizliteracy","1","Description","word_word","ऋ","आ","ऊ","ऋ","","ऋ"],["quizliteracy","1","Description","soundonly_word","ऋ","ऋ","आ","इ","","","ऋ.mp3"]]}]],0,0,[],[],[]],[[[0,"ऋतु",".mp3",1.044898],-1],0,0,[],[],[]],[[[0,"ऋ",".mp3",0.783673],-1],0,0,[],[],[]],[[{"name":"rushi","rect":[0,0,426,640],"offset":[0,0],"originalSize":[426,640],"capInsets":[0,0,0,0]}],[1],0,[0],[0],[2]]]]