[1,["da4Tyr+BBFDI84063E1wry"],["_textureSetter"],["cc.SpriteFrame","cc.Texture2D",["cc.AudioClip",["_name","_native","duration"],0],["cc.JsonAsset",["_name","json"],1]],[[2,0,1,2,4],[3,0,1,3]],[[[[0,"tile",".mp3",0.862041],-1],0,0,[],[],[]],[[[0,"tool",".mp3",0.888163],-1],0,0,[],[],[]],[[[0,"kick",".mp3",0.731429],-1],0,0,[],[],[]],[[[0,"cry",".mp3",0.626939],-1],0,0,[],[],[]],[[[0,"still",".mp3",0.809796],-1],0,0,[],[],[]],[[[0,"lip",".mp3",0.600816],-1],0,0,[],[],[]],[[[0,"make",".mp3",0.757551],-1],0,0,[],[],[]],[[[0,"stare",".mp3",1.123265],-1],0,0,[],[],[]],[[[0,"thick",".mp3",0.679184],-1],0,0,[],[],[]],[[[0,"mime",".mp3",0.809796],-1],0,0,[],[],[]],[[[0,"spill",".mp3",0.940408],-1],0,0,[],[],[]],[[[0,"sky",".mp3",0.783673],-1],0,0,[],[],[]],[[[0,"rime",".mp3",0.835918],-1],0,0,[],[],[]],[[[0,"rake",".mp3",0.783673],-1],0,0,[],[],[]],[[{"name":"spelling_stick","rect":[0,232,600,136],"offset":[0,0],"originalSize":[600,600],"capInsets":[0,0,0,0]}],[0],0,[0],[0],[0]],[[[0,"duck",".mp3",0.626939],-1],0,0,[],[],[]],[[[0,"spare",".mp3",0.940408],-1],0,0,[],[],[]],[[[0,"ck",".mp3",0.783673],-1],0,0,[],[],[]],[[[0,"pile",".mp3",0.835918],-1],0,0,[],[],[]],[[[0,"pie",".mp3",0.809796],-1],0,0,[],[],[]],[[[0,"thing",".mp3",0.653061],-1],0,0,[],[],[]],[[[0,"i_phonic",".mp3",0.522449],-1],0,0,[],[],[]],[[[0,"tie",".mp3",0.835918],-1],0,0,[],[],[]],[[[0,"stick",".mp3",0.809796],-1],0,0,[],[],[]],[[[0,"pool",".mp3",0.835918],-1],0,0,[],[],[]],[["0,9729,9729,33071,33071,0,0,1",-1],[1],0,[],[],[]],[[[0,"hill",".mp3",0.548571],-1],0,0,[],[],[]],[[[0,"thin",".mp3",0.757551],-1],0,0,[],[],[]],[[[0,"mail",".mp3",0.679184],-1],0,0,[],[],[]],[[[0,"rail",".mp3",0.679184],-1],0,0,[],[],[]],[[[1,"sl_en1306",{"rows":[["grid","1","Description","p,t","ie,ile,ool"],["grid","1","Description","th","ick,in,ing"],["speakingpet","1","Description","ck.mp3","i_phonic.mp3","kick","kick.mp3","A","3,4","duck","duck.mp3","A","3,4","sky","sky.mp3","B","3","cry","cry.mp3","B","3"],["spelldoor","1","Description","stick","*****","4","3","spelling_stick.png","stick.mp3"],["grid","1","Description","sp,st","ill,are"],["grid","1","Description","m,r","ail,ake,ime"],["quizliteracy","1","Description","word_word","ick","ing","ick","ool","","k__","kick.mp3"],["quizliteracy","1","Description","word_word","ick","ick","ool","ole","","st___","stick.mp3"],["quizliteracy","1","Description","word_word","ill","ere","ill","ixe","","h___","hill.mp3"],["quizliteracy","1","Description","word_word","ill","ole","eer","ill","","sp___","spill.mp3"],["quizliteracy","1","Description","word_word","ip","ip","ill","ire","","l___","lip.mp3"]]}]],0,0,[],[],[]]]]