[1,["c9Iy/2UiBBH6pgRPEvFYSV","e3wfwNzM1PEYIGzhWOjQPT","0bUNxR8NBFPLu2cf8wqBv/","e2MRBeRItG+7MxJa5FywYe","f1AXUU1XJH3ruEAptlpEsL","89WeGrzeFF1pVhjtRgmNKc","abDXXKBSFEGKoB/ys05mx7","15NWI4Hc9CyI3Z/Lbe//Nf"],["_textureSetter"],["cc.Texture2D","cc.SpriteFrame",["cc.AudioClip",["_name","_native","duration"],0],["cc.JsonAsset",["_name","json"],1]],[[2,0,1,2,4],[3,0,1,3]],[[["0,9729,9729,33071,33071,0,0,1",-1],[0],0,[],[],[]],[["0,9729,9729,33071,33071,0,0,1",-1],[0],0,[],[],[]],[[{"name":"fourteen","rect":[0,0,512,503],"offset":[0,0],"originalSize":[512,503],"capInsets":[0,0,0,0]}],[1],0,[0],[0],[0]],[[{"name":"sixty","rect":[0,0,512,503],"offset":[0,0],"originalSize":[512,503],"capInsets":[0,0,0,0]}],[1],0,[0],[0],[1]],[[[0,"sixty",".mp3",1.128],-1],0,0,[],[],[]],[[{"name":"ten","rect":[0,0,512,503],"offset":[0,0],"originalSize":[512,503],"capInsets":[0,0,0,0]}],[1],0,[0],[0],[2]],[[[0,"forty",".mp3",1.008],-1],0,0,[],[],[]],[[{"name":"seventy","rect":[0,0,512,503],"offset":[0,0],"originalSize":[512,503],"capInsets":[0,0,0,0]}],[1],0,[0],[0],[3]],[[[0,"ninety",".mp3",1.056],-1],0,0,[],[],[]],[[[0,"nineteen",".mp3",1.2],-1],0,0,[],[],[]],[[{"name":"ninety","rect":[0,0,512,503],"offset":[0,0],"originalSize":[512,503],"capInsets":[0,0,0,0]}],[1],0,[0],[0],[4]],[[[0,"two",".mp3",0.744],-1],0,0,[],[],[]],[["0,9729,9729,33071,33071,0,0,1",-1],[0],0,[],[],[]],[[[0,"seventy",".mp3",1.2],-1],0,0,[],[],[]],[[{"name":"two","rect":[0,0,2109,2070],"offset":[0,0],"originalSize":[2109,2070],"capInsets":[0,0,0,0]}],[1],0,[0],[0],[5]],[["0,9729,9729,33071,33071,0,0,1",-1],[0],0,[],[],[]],[[[1,"en3907",{"rows":[["spelldoor","1","Description","forty","*****","4","4","forty.png","forty.mp3"],["spelldoor","1","Description","sixty","*****","4","4","sixty.png","sixty.mp3"],["spelldoor","1","Description","seventy","*******","4","4","seventy.png","seventy.mp3"],["spelldoor","1","Description","ninety","******","4","4","ninety.png","ninety.mp3"],["spelldoor","1","Description","two","***","4","4","two.png","two.mp3"],["spelldoor","1","Description","fourteen","****teen","4","4","fourteen.png","fourteen.mp3"],["spelldoor","1","Description","ten","***","4","4","ten.png","ten.mp3"],["quizliteracy","1","Description","word_word","red","red","bed","ted","","hund___","hundred.mp3"],["quizliteracy","1","Description","soundonly_word","nineteen","six","nineteen","twenty","","","nineteen.mp3"],["quizliteracy","1","Description","image_word","six","nineteen","eighty","six","six.png"]]}]],0,0,[],[],[]],[[{"name":"forty","rect":[0,0,512,503],"offset":[0,0],"originalSize":[512,503],"capInsets":[0,0,0,0]}],[1],0,[0],[0],[6]],[[[0,"fourteen",".mp3",1.176],-1],0,0,[],[],[]],[["0,9729,9729,33071,33071,0,0,1",-1],[0],0,[],[],[]],[[{"name":"six","rect":[0,0,512,503],"offset":[0,0],"originalSize":[512,503],"capInsets":[0,0,0,0]}],[1],0,[0],[0],[7]],[[[0,"ten",".mp3",0.792],-1],0,0,[],[],[]],[[[0,"hundred",".mp3",1.128],-1],0,0,[],[],[]],[["0,9729,9729,33071,33071,0,0,1",-1],[0],0,[],[],[]],[["0,9729,9729,33071,33071,0,0,1",-1],[0],0,[],[],[]],[["0,9729,9729,33071,33071,0,0,1",-1],[0],0,[],[],[]]]]