[1,["08mzr+d2dAXatW8Q9+D6Kh","7fKalwVPxOgYV6EZdk+Wtt"],["_textureSetter"],["cc.Texture2D","cc.SpriteFrame",["cc.AudioClip",["_name","_native","duration"],0],["cc.JsonAsset",["_name","json"],1]],[[2,0,1,2,4],[3,0,1,3]],[[[[0,"p",".mp3",0.768],-1],0,0,[],[],[]],[["0,9729,9729,33071,33071,0,0,1",-1],[0],0,[],[],[]],[[[0,"stick",".mp3",1.104],-1],0,0,[],[],[]],[[[0,"m",".mp3",0.816],-1],0,0,[],[],[]],[[[1,"en1700",{"rows":[["phonictractor","1","Description","5","first","first.mp3","f","f.mp3","ir","ir.mp3","st","st.mp3"],["phonictractor","1","Description","5","stem","stem.mp3","st","st.mp3","e","e.mp3","m","m.mp3"],["phonictractor","1","Description","5","step","step.mp3","st","st.mp3","e","e.mp3","p","p.mp3"],["phonictractor","1","Description","5","stir","stir.mp3","st","st.mp3","ir","ir.mp3"],["spelldoor","1","Description","stick","*****","4","3","spelling_stick.png","stick.mp3"],["spelldoor","1","Description","forest","******","4","4","spelling_forest.png","forest.mp3"],["quizliteracy","1","Description","soundonly_word","first","stem","step","first","","","first.mp3"],["quizliteracy","1","Description","soundonly_word","stick","step","stick","stir","","","stick.mp3"],["quizliteracy","1","Description","soundonly_word","stick","first","stick","stem","","","stick.mp3"],["quizliteracy","1","Description","soundonly_word","step","stem","step","first","","","step.mp3"],["quizliteracy","1","Description","soundonly_word","stir","step","stem","stir","","","stir.mp3"]]}]],0,0,[],[],[]],[[[0,"f",".mp3",0.84],-1],0,0,[],[],[]],[[[0,"st",".mp3",1.272],-1],0,0,[],[],[]],[[[0,"ir",".mp3",1.128],-1],0,0,[],[],[]],[[[0,"forest",".mp3",1.32],-1],0,0,[],[],[]],[[[0,"stir",".mp3",0.984],-1],0,0,[],[],[]],[["0,9729,9729,33071,33071,0,0,1",-1],[0],0,[],[],[]],[[[0,"first",".mp3",1.176],-1],0,0,[],[],[]],[[[0,"stem",".mp3",1.08],-1],0,0,[],[],[]],[[[0,"e",".mp3",0.696],-1],0,0,[],[],[]],[[{"name":"spelling_forest","rect":[0,0,370,273],"offset":[0,0],"originalSize":[370,273],"capInsets":[0,0,0,0]}],[1],0,[0],[0],[0]],[[[0,"step",".mp3",1.056],-1],0,0,[],[],[]],[[{"name":"spelling_stick","rect":[0,232,600,136],"offset":[0,0],"originalSize":[600,600],"capInsets":[0,0,0,0]}],[1],0,[0],[0],[1]]]]