[1,["5ar6J/dBlCpb0gpvDMVaJI","38qs7JQJtM36dwJjB+HIU3","9fSiEiqhJIYL0iXiTMXoWW","fcadE9LVhE064ai1aQacLj","753Dp9CKRCcKSLTS4YMZz0","faWVw6hpJMSJFILHSULrg1","87JSwxZ6tAmb1dqgQ/136L"],["_textureSetter"],["cc.SpriteFrame","cc.Texture2D",["cc.AudioClip",["_name","_native","duration"],0],["cc.JsonAsset",["_name","json"],1]],[[2,0,1,2,4],[3,0,1,3]],[[[{"name":"sixteen","rect":[0,0,512,503],"offset":[0,0],"originalSize":[512,503],"capInsets":[0,0,0,0]}],[0],0,[0],[0],[0]],[[[0,"thirty",".mp3",0.809796],-1],0,0,[],[],[]],[[{"name":"twenty","rect":[0,0,2109,2070],"offset":[0,0],"originalSize":[2109,2070],"capInsets":[0,0,0,0]}],[0],0,[0],[0],[1]],[[[0,"nineteen",".mp3",1.07102],-1],0,0,[],[],[]],[["0,9729,9729,33071,33071,0,0,1",-1],[1],0,[],[],[]],[["0,9729,9729,33071,33071,0,0,1",-1],[1],0,[],[],[]],[[{"name":"eighteen","rect":[0,0,512,503],"offset":[0,0],"originalSize":[512,503],"capInsets":[0,0,0,0]}],[0],0,[0],[0],[2]],[["0,9729,9729,33071,33071,0,0,1",-1],[1],0,[],[],[]],[[[0,"sixteen",".mp3",1.17551],-1],0,0,[],[],[]],[["0,9729,9729,33071,33071,0,0,1",-1],[1],0,[],[],[]],[[{"name":"thirty","rect":[0,0,512,503],"offset":[0,0],"originalSize":[512,503],"capInsets":[0,0,0,0]}],[0],0,[0],[0],[3]],[[{"name":"nineteen","rect":[0,0,512,503],"offset":[0,0],"originalSize":[512,503],"capInsets":[0,0,0,0]}],[0],0,[0],[0],[4]],[[{"name":"seventeen","rect":[0,0,512,503],"offset":[0,0],"originalSize":[512,503],"capInsets":[0,0,0,0]}],[0],0,[0],[0],[5]],[["0,9729,9729,33071,33071,0,0,1",-1],[1],0,[],[],[]],[[[0,"eighteen",".mp3",1.018776],-1],0,0,[],[],[]],[[{"name":"forty","rect":[0,0,512,503],"offset":[0,0],"originalSize":[512,503],"capInsets":[0,0,0,0]}],[0],0,[0],[0],[6]],[[[0,"forty",".mp3",0.966531],-1],0,0,[],[],[]],[[[0,"twenty",".mp3",0.862041],-1],0,0,[],[],[]],[[[0,"seventeen",".mp3",1.149388],-1],0,0,[],[],[]],[["0,9729,9729,33071,33071,0,0,1",-1],[1],0,[],[],[]],[[[1,"sl_en3402",{"rows":[["writeword","1","Description","sixteen","sixteen.png","sixteen.mp3"],["writeword","1","Description","seventeen","seventeen.png","seventeen.mp3"],["writeword","1","Description","eighteen","eighteen.png","eighteen.mp3"],["writeword","1","Description","nineteen","nineteen.png","nineteen.mp3"],["writeword","1","Description","twenty","twenty.png","twenty.mp3"],["writeword","1","Description","thirty","thirty.png","thirty.mp3"],["writeword","1","Description","forty","forty.png","forty.mp3"],["quizliteracy","1","Description","image_word","seventeen","seventeen","sixteen","forty","seventeen.png"],["quizliteracy","1","Description","soundonly_word","nineteen","sixteen","nineteen","seventeen","","","nineteen.mp3"],["quizliteracy","1","Description","image_word","forty","nineteen","forty","twenty","forty.png"]]}]],0,0,[],[],[]],[["0,9729,9729,33071,33071,0,0,1",-1],[1],0,[],[],[]]]]