[1,["737YzRKd5LGpXnjZLtvuqL","19FkBJzi5NN6wiOu3DX3F3","08raFSgDBHh5UMQPsPvK83","4f7uOReXJN0Zge28HZHkvj","8fYOrNrSFKw6f0QDfDNrR+","4ehxCA2q9I75/T8ZD5xWbx","e03NTKa2RKMaRK++QRPMsA","d0obMm6gVCTY1Op8vdp6TI","13E3vKTyZGEa9s+6z85b1K","0cwUv3VLhK1amqr0Xwn/IC","106kMmnA9CE6wF3uOc9hIW","4bN8f8jdpC35d6K1cdvvFT","a02KgjETVBrqY2XuOkJXW0","b7LY9/dF1IWq9NfXl6R4Qp","e6SF1ab0pDJLZYnguL7fOc","65tI/mT8FOd5J8BLTwwgTv","bac4vpPkhJh5cNx49CI0F2","b0kfLTBsNMkaPjGuly1InR","71aqKN7sZH1r9WCgY5ygYF","54ez2AX31B7p3SJ+z2cYYx","38/hM1rv5CtpJEk/Sro1pi","01oHlKpo5NRbsyesGWgMrz","eaqN3Rgp1NM5rAtdjWIMOL","bauZ9yQVZP4Y7u20aUUNws","bajxkWKl5FpqZRfVlTxMQy","98i8lGXLNEcruJFbSQ04t4","dcNO4h3ntDvrWafpHEei+f","d4kIAv7MNKbaQxZ+u6Ocsr","6dsAtABqhK7IB4en+pZmpx","baRUx3oV1DVpDm3HkBNJOA","8aHFJNCRBAn7HyUarh0zC9","a3DaOsKXxBT48WJefIb7m1","a0SJtWSgBMx6zBMyJeyIM0","43ERn96ShCqI++Zq+8GUD5","38VTdx8W1K3a6gKoFzGUow","edTF8Sn4ZOkJf/3Uo7B4+v","bbiZIK8+1EnI4LvY904KLq","9fJj4RN3hJNq36xBbivp8R","1bq3qEh8dB8YtrECh9w1B5","57sr1wHmRODpj1PJ+kX4Wj"],["_textureSetter"],["cc.Texture2D","cc.SpriteFrame",["cc.AudioClip",["_name","_native","duration"],0],["cc.JsonAsset",["_name","json"],1]],[[2,0,1,2,4],[3,0,1,3]],[[["0,9729,9729,33071,33071,0,0,1",-1],[0],0,[],[],[]],[[[0,"sphere",".mp3",0.966531],-1],0,0,[],[],[]],[[{"name":"matchinggame_cylinder_object","rect":[52,31,89,88],"offset":[1.5,0],"originalSize":[190,150],"capInsets":[0,0,0,0]}],[1],0,[0],[0],[0]],[[{"name":"cone_diagonal","rect":[0,0,289,289],"offset":[-0.5,0.5],"originalSize":[290,290],"capInsets":[0,0,0,0]}],[1],0,[0],[0],[1]],[["0,9729,9729,33071,33071,0,0,1",-1],[0],0,[],[],[]],[["0,9729,9729,33071,33071,0,0,1",-1],[0],0,[],[],[]],[[{"name":"balloon_orange","rect":[0,0,213,334],"offset":[0,4.5],"originalSize":[213,343],"capInsets":[0,0,0,0]}],[1],0,[0],[0],[2]],[[{"name":"mirror","rect":[6,14,201,305],"offset":[0,-3],"originalSize":[213,327],"capInsets":[0,0,0,0]}],[1],0,[0],[0],[3]],[["0,9729,9729,33071,33071,0,0,1",-1],[0],0,[],[],[]],[["0,9729,9729,33071,33071,0,0,1",-1],[0],0,[],[],[]],[["0,9729,9729,33071,33071,0,0,1",-1],[0],0,[],[],[]],[[{"name":"cone_purple","rect":[0,2,254,283],"offset":[0,-1],"originalSize":[254,285],"capInsets":[0,0,0,0]}],[1],0,[0],[0],[4]],[["0,9729,9729,33071,33071,0,0,1",-1],[0],0,[],[],[]],[[{"name":"matchinggame_sphere_object","rect":[48,30,95,94],"offset":[0.5,-2],"originalSize":[190,150],"capInsets":[0,0,0,0]}],[1],0,[0],[0],[5]],[[{"name":"cylinder_red","rect":[0,0,314,129],"offset":[0,0],"originalSize":[314,129],"capInsets":[0,0,0,0]}],[1],0,[0],[0],[6]],[[{"name":"longcube_purple","rect":[0,0,254,343],"offset":[0,0],"originalSize":[254,343],"capInsets":[0,0,0,0]}],[1],0,[0],[0],[7]],[[{"name":"longcube_diagonal","rect":[0,0,355,325],"offset":[0,0],"originalSize":[355,325],"capInsets":[0,0,0,0]}],[1],0,[0],[0],[8]],[["0,9729,9729,33071,33071,0,0,1",-1],[0],0,[],[],[]],[["0,9729,9729,33071,33071,0,0,1",-1],[0],0,[],[],[]],[[{"name":"cube_blue","rect":[0,0,282,291],"offset":[0,0],"originalSize":[282,291],"capInsets":[0,0,0,0]}],[1],0,[0],[0],[9]],[[{"name":"can","rect":[2,2,212,314],"offset":[1,1],"originalSize":[214,320],"capInsets":[0,0,0,0]}],[1],0,[0],[0],[10]],[[{"name":"battery","rect":[2,5,208,314],"offset":[-1,-2],"originalSize":[214,320],"capInsets":[0,0,0,0]}],[1],0,[0],[0],[11]],[["0,9729,9729,33071,33071,0,0,1",-1],[0],0,[],[],[]],[[{"name":"ellipse_blue","rect":[0,0,213,316],"offset":[0,0],"originalSize":[213,316],"capInsets":[0,0,0,0]}],[1],0,[0],[0],[12]],[["0,9729,9729,33071,33071,0,0,1",-1],[0],0,[],[],[]],[[{"name":"cylinder_purple","rect":[0,0,213,320],"offset":[0,0],"originalSize":[213,320],"capInsets":[0,0,0,0]}],[1],0,[0],[0],[13]],[["0,9729,9729,33071,33071,0,0,1",-1],[0],0,[],[],[]],[["0,9729,9729,33071,33071,0,0,1",-1],[0],0,[],[],[]],[[{"name":"circle_blue","rect":[0,0,276,276],"offset":[0,0],"originalSize":[276,276],"capInsets":[0,0,0,0]}],[1],0,[0],[0],[14]],[["0,9729,9729,33071,33071,0,0,1",-1],[0],0,[],[],[]],[[{"name":"matchinggame_cube_object","rect":[54,40,86,77],"offset":[2,-3.5],"originalSize":[190,150],"capInsets":[0,0,0,0]}],[1],0,[0],[0],[15]],[[{"name":"triangle_blue","rect":[0,0,285,249],"offset":[0,0],"originalSize":[285,249],"capInsets":[0,0,0,0]}],[1],0,[0],[0],[16]],[["0,9729,9729,33071,33071,0,0,1",-1],[0],0,[],[],[]],[[{"name":"sphere_blue","rect":[0,0,300,300],"offset":[0,0],"originalSize":[300,300],"capInsets":[0,0,0,0]}],[1],0,[0],[0],[17]],[[{"name":"star_purple","rect":[0,0,203,279],"offset":[0,0],"originalSize":[203,279],"capInsets":[0,0,0,0]}],[1],0,[0],[0],[18]],[[{"name":"longcube_red","rect":[0,0,344,176],"offset":[0,0],"originalSize":[344,176],"capInsets":[0,0,0,0]}],[1],0,[0],[0],[19]],[["0,9729,9729,33071,33071,0,0,1",-1],[0],0,[],[],[]],[[{"name":"cylinder_diagonal","rect":[0,0,330,330],"offset":[0,0],"originalSize":[330,330],"capInsets":[0,0,0,0]}],[1],0,[0],[0],[20]],[["0,9729,9729,33071,33071,0,0,1",-1],[0],0,[],[],[]],[["0,9729,9729,33071,33071,0,0,1",-1],[0],0,[],[],[]],[["0,9729,9729,33071,33071,0,0,1",-1],[0],0,[],[],[]],[[{"name":"rubbercone","rect":[4,2,261,251],"offset":[-1.5,0],"originalSize":[272,255],"capInsets":[0,0,0,0]}],[1],0,[0],[0],[21]],[[{"name":"cylinder_blue","rect":[0,0,210,314],"offset":[0,0],"originalSize":[210,314],"capInsets":[0,0,0,0]}],[1],0,[0],[0],[22]],[[{"name":"star_red","rect":[0,0,308,127],"offset":[0,0],"originalSize":[308,127],"capInsets":[0,0,0,0]}],[1],0,[0],[0],[23]],[[{"name":"cone_red","rect":[1,0,285,129],"offset":[0.5,0],"originalSize":[286,129],"capInsets":[0,0,0,0]}],[1],0,[0],[0],[24]],[[{"name":"present","rect":[8,22,263,252],"offset":[-1.5,-6],"originalSize":[282,284],"capInsets":[0,0,0,0]}],[1],0,[0],[0],[25]],[["0,9729,9729,33071,33071,0,0,1",-1],[0],0,[],[],[]],[["0,9729,9729,33071,33071,0,0,1",-1],[0],0,[],[],[]],[[{"name":"cap","rect":[20,3,250,312],"offset":[1,1],"originalSize":[288,320],"capInsets":[0,0,0,0]}],[1],0,[0],[0],[26]],[[{"name":"dice","rect":[4,32,274,245],"offset":[0,-9],"originalSize":[282,291],"capInsets":[0,0,0,0]}],[1],0,[0],[0],[27]],[["0,9729,9729,33071,33071,0,0,1",-1],[0],0,[],[],[]],[["0,9729,9729,33071,33071,0,0,1",-1],[0],0,[],[],[]],[["0,9729,9729,33071,33071,0,0,1",-1],[0],0,[],[],[]],[["0,9729,9729,33071,33071,0,0,1",-1],[0],0,[],[],[]],[["0,9729,9729,33071,33071,0,0,1",-1],[0],0,[],[],[]],[[{"name":"triangle","rect":[11,3,270,324],"offset":[3.5,-1.5],"originalSize":[285,327],"capInsets":[0,0,0,0]}],[1],0,[0],[0],[28]],[[{"name":"window","rect":[10,3,287,251],"offset":[0,-0.5],"originalSize":[307,256],"capInsets":[0,0,0,0]}],[1],0,[0],[0],[29]],[[{"name":"orange","rect":[0,0,400,333],"offset":[0,0],"originalSize":[400,333],"capInsets":[0,0,0,0]}],[1],0,[0],[0],[30]],[["0,9729,9729,33071,33071,0,0,1",-1],[0],0,[],[],[]],[[[0,"cone",".mp3",0.862041],-1],0,0,[],[],[]],[[{"name":"cone_blue","rect":[0,2,254,283],"offset":[0,-1],"originalSize":[254,285],"capInsets":[0,0,0,0]}],[1],0,[0],[0],[31]],[["0,9729,9729,33071,33071,0,0,1",-1],[0],0,[],[],[]],[["0,9729,9729,33071,33071,0,0,1",-1],[0],0,[],[],[]],[["0,9729,9729,33071,33071,0,0,1",-1],[0],0,[],[],[]],[["0,9729,9729,33071,33071,0,0,1",-1],[0],0,[],[],[]],[["0,9729,9729,33071,33071,0,0,1",-1],[0],0,[],[],[]],[["0,9729,9729,33071,33071,0,0,1",-1],[0],0,[],[],[]],[[{"name":"rectangle_blue","rect":[0,0,307,256],"offset":[0,0],"originalSize":[307,256],"capInsets":[0,0,0,0]}],[1],0,[0],[0],[32]],[[[0,"cube",".mp3",0.862041],-1],0,0,[],[],[]],[[{"name":"television","rect":[10,6,288,266],"offset":[0.5,-1],"originalSize":[307,276],"capInsets":[0,0,0,0]}],[1],0,[0],[0],[33]],[[[0,"what_is_this_shape",".mp3",1.48898],-1],0,0,[],[],[]],[[[1,"sl_maths1412",{"rows":[["shapepair","1","Description","image","image","matchinggame_cone_object.png","matchinggame_cone_object.png","cone.mp3","matchinggame_cylinder_object.png","matchinggame_cylinder_object.png","cylinder.mp3","matchinggame_cube_object.png","matchinggame_cube_object.png","cube.mp3","matchinggame_sphere_object.png","matchinggame_sphere_object.png","sphere.mp3"],["matchbox","1","Description","8","cone_blue.png","cube_blue.png","cylinder_blue.png","sphere_blue.png","cap.png","present.png","battery.png","orange.png"],["matchbox","1","Description","8","cylinder_purple.png","cone_purple.png","longcube_purple.png","star_purple.png","cylinder_diagonal.png","cone_diagonal.png","longcube_diagonal.png","star_diagonal.png"],["matchbox","1","Description","8","cylinder_red.png","cone_red.png","longcube_red.png","star_red.png","cylinder_purple.png","cone_purple.png","longcube_purple.png","star_purple.png"],["matchbox","1","Description","8","rubbercone.png","dice.png","can.png","basketball.png","cone_blue.png","cube_blue.png","cylinder_blue.png","sphere_blue.png"],["matchbox","1","Description","8","triangleruler.png","television.png","donut.png","mirror.png","triangle.png","window.png","wheel.png","balloon_orange.png"],["matchbox","1","Description","8","triangleruler.png","television.png","donut.png","mirror.png","triangle_blue.png","rectangle_blue.png","circle_blue.png","ellipse_blue.png"],["quizmaths","1","Description","shapes","cylinder","cube","sphere","cone","cylinder","what","what_is_this_shape.mp3","What is this shape?"],["quizmaths","1","Description","shapes","sphere","cube","sphere","cone","cylinder","what","what_is_this_shape.mp3","What is this shape?"],["quizmaths","1","Description","shapes","cube","cube","sphere","cone","cylinder","what","what_is_this_shape.mp3","What is this shape?"]]}]],0,0,[],[],[]],[[{"name":"triangleruler","rect":[0,0,286,232],"offset":[0,0],"originalSize":[286,232],"capInsets":[0,0,0,0]}],[1],0,[0],[0],[34]],[[{"name":"star_diagonal","rect":[0,0,333,332],"offset":[0,0],"originalSize":[333,332],"capInsets":[0,0,0,0]}],[1],0,[0],[0],[35]],[[{"name":"donut","rect":[0,0,249,249],"offset":[0,0],"originalSize":[249,249],"capInsets":[0,0,0,0]}],[1],0,[0],[0],[36]],[[[0,"cylinder",".mp3",0.966531],-1],0,0,[],[],[]],[["0,9729,9729,33071,33071,0,0,1",-1],[0],0,[],[],[]],[["0,9729,9729,33071,33071,0,0,1",-1],[0],0,[],[],[]],[["0,9729,9729,33071,33071,0,0,1",-1],[0],0,[],[],[]],[[{"name":"wheel","rect":[3,3,280,280],"offset":[0,0],"originalSize":[286,286],"capInsets":[0,0,0,0]}],[1],0,[0],[0],[37]],[["0,9729,9729,33071,33071,0,0,1",-1],[0],0,[],[],[]],[["0,9729,9729,33071,33071,0,0,1",-1],[0],0,[],[],[]],[["0,9729,9729,33071,33071,0,0,1",-1],[0],0,[],[],[]],[["0,9729,9729,33071,33071,0,0,1",-1],[0],0,[],[],[]],[[{"name":"basketball","rect":[2,4,295,294],"offset":[-0.5,-1],"originalSize":[300,300],"capInsets":[0,0,0,0]}],[1],0,[0],[0],[38]],[[{"name":"matchinggame_cone_object","rect":[52,17,84,105],"offset":[-1,5.5],"originalSize":[190,150],"capInsets":[0,0,0,0]}],[1],0,[0],[0],[39]]]]