[1,["9aqZRQmKxNd64iL7QPlyI5"],["_textureSetter"],["cc.SpriteFrame","cc.Texture2D",["cc.AudioClip",["_name","_native","duration"],0],["cc.JsonAsset",["_name","json"],1]],[[2,0,1,2,4],[3,0,1,3]],[[[[0,"She_is_a_teacher",".mp3",1.645714],-1],0,0,[],[],[]],[[[1,"sl_en3300",{"rows":[["jumpsentence","1","Description","[I] have [a] car[.]","I_have_a_car.mp3","y","unlocked"],["jumpsentence","1","Description","She is [a] teacher[.]","She_is_a_teacher.mp3","n","unlocked"],["jumpsentence","1","Description","[He] has [a] book[.]","He_has_a_book.mp3","y","unlocked"],["jumpsentence","1","Description","They [don't] eat fish[.]","They_don't_eat_fish.mp3","n","unlocked"],["jumpsentence","1","Description","[She] doesn't [like] cats[.]","She_doesn't_like_cats.mp3","y","unlocked"],["jumpsentence","1","Description","[I] can't read[.]","I_can't_read.mp3","y","unlocked"],["jumpsentence","1","Description","We like [bananas][.]","We_like_bananas.mp3","n","unlocked"],["createsentence","1","Description","It/is/a strong/lion","","Itisa_stronglion.jpg","it_is_a_strong_lion.mp3"],["quizliteracy","1","Description","image_sentence","It is a strong lion.","It is a weak lion.","It is a strong lion.","It is a small lion.","Itisa_stronglion.jpg","","it_is_a_strong_lion.mp3"],["quizliteracy","1","Description","soundonly_sentence","I have a car.","A car have I.","Have a car I.","I have a car.","","","I_have_a_car.mp3"],["quizliteracy","1","Description","soundonly_sentence","She is a teacher.","She is a teacher.","She is farmer.","She is a singer.","","","She_is_a_teacher.mp3"],["quizliteracy","1","Description","soundonly_sentence","They don't eat fish.","They don't eat fish.","They are eating fish.","They don't catch frogs.","","","They_don't_eat_fish.mp3"],["quizliteracy","1","Description","soundonly_sentence","I can't read.","I can't eat.","I can't read.","I can't walk.","","","I_can't_read.mp3"]]}]],0,0,[],[],[]],[[{"name":"Itisa_stronglion","rect":[0,0,5334,4000],"offset":[0,0],"originalSize":[5334,4000],"capInsets":[0,0,0,0]}],[0],0,[0],[0],[0]],[[[0,"it_is_a_strong_lion",".mp3",1.671837],-1],0,0,[],[],[]],[[[0,"I_have_a_car",".mp3",1.227755],-1],0,0,[],[],[]],[["1,9729,9729,33071,33071,0,0,1",-1],[1],0,[],[],[]],[[[0,"He_has_a_book",".mp3",1.306122],-1],0,0,[],[],[]],[[[0,"We_like_bananas",".mp3",1.541224],-1],0,0,[],[],[]]]]