[1,["12HNqi2m1Fl72/5xO/1GO3","2dYblF3wBA1bMPjbuxOVd6","e0O4g3AZBN5L7TvQauJOQP"],["_textureSetter"],["cc.Texture2D","cc.SpriteFrame",["cc.AudioClip",["_name","_native","duration"],0],["cc.JsonAsset",["_name","json"],1]],[[2,0,1,2,4],[3,0,1,3]],[[["0,9729,9729,33071,33071,0,0,1",-1],[0],0,[],[],[]],[[[0,"पतंग",".mp3",1.018776],-1],0,0,[],[],[]],[[[0,"प",".mp3",0.653061],-1],0,0,[],[],[]],[[[0,"पपई",".mp3",0.992653],-1],0,0,[],[],[]],[["0,9729,9729,33071,33071,0,0,1",-1],[0],0,[],[],[]],[[{"name":"feather","rect":[0,0,441,640],"offset":[0,0],"originalSize":[441,640],"capInsets":[0,0,0,0]}],[1],0,[0],[0],[0]],[[{"name":"papaya","rect":[0,0,500,515],"offset":[0,0],"originalSize":[500,515],"capInsets":[0,0,0,0]}],[1],0,[0],[0],[1]],[[{"name":"kite","rect":[18,23,576,442],"offset":[-14,-11.5],"originalSize":[640,465],"capInsets":[0,0,0,0]}],[1],0,[0],[0],[2]],[[[1,"mr0120",{"rows":[["balloonpop","1","Description","2","प","3","न,ध,प","प.mp3"],["phonictractor","1","Description","5","प","प.mp3","प","प.mp3"],["writeletter","1","Description","प","पतंग"],["writecard","1","Description","प","पतंग","kite.png","पतंग.mp3","पपई","papaya.png","पपई.mp3","पंखा","feather.png","पंखा.mp3"],["quizliteracy","1","Description","soundonly_word","प","न","ध","प","","","प.mp3"],["quizliteracy","1","Description","word_word","प","प","द","न","","प"],["quizliteracy","1","Description","soundonly_word","प","न","ध","प","","","प.mp3"]]}]],0,0,[],[],[]],[["0,9729,9729,33071,33071,0,0,1",-1],[0],0,[],[],[]],[[[0,"पंखा",".mp3",1.044898],-1],0,0,[],[],[]]]]