[1,["bf7Hgg82RAS6XJGQzpwP6p","4fz6j7wkBODK7CFr079XlI","36QfM0TqxNkIU52eJosIyo","f0mArTOudJaZZXeT2LgDWl"],["_textureSetter"],["cc.SpriteFrame","cc.Texture2D",["cc.AudioClip",["_name","_native","duration"],0],["cc.JsonAsset",["_name","json"],1]],[[2,0,1,2,4],[3,0,1,3]],[[[[0,"ocean",".mp3",0.757551],-1],0,0,[],[],[]],[[{"name":"unicorn","rect":[0,0,400,333],"offset":[0,0],"originalSize":[400,333],"capInsets":[0,0,0,0]}],[0],0,[0],[0],[0]],[[[0,"eagle",".mp3",0.653061],-1],0,0,[],[],[]],[[[0,"unicorn",".mp3",1.044898],-1],0,0,[],[],[]],[["0,9729,9729,33071,33071,0,0,1",-1],[1],0,[],[],[]],[["0,9729,9729,33071,33071,0,0,1",-1],[1],0,[],[],[]],[[{"name":"iron","rect":[0,0,400,333],"offset":[0,0],"originalSize":[400,333],"capInsets":[0,0,0,0]}],[0],0,[0],[0],[1]],[[[0,"ear",".mp3",0.600816],-1],0,0,[],[],[]],[[[0,"ice",".mp3",0.679184],-1],0,0,[],[],[]],[[{"name":"ear","rect":[0,0,400,333],"offset":[0,0],"originalSize":[400,333],"capInsets":[0,0,0,0]}],[0],0,[0],[0],[2]],[["0,9729,9729,33071,33071,0,0,1",-1],[1],0,[],[],[]],[[[0,"eat",".mp3",0.653061],-1],0,0,[],[],[]],[[[0,"old",".mp3",0.653061],-1],0,0,[],[],[]],[[{"name":"ice","rect":[0,0,1733,1300],"offset":[0,0],"originalSize":[1733,1300],"capInsets":[0,0,0,0]}],[0],0,[0],[0],[3]],[["0,9729,9729,33071,33071,0,0,1",-1],[1],0,[],[],[]],[[[1,"sl_en0705",{"rows":[["writecard","1","Description","a","ape","ape.png","ape.mp3","alien","alien.png","alien.mp3","apron","apron.png","apron.mp3"],["writecard","1","Description","a","aim","aim.png","aim.mp3","acorn","acorn.png","acorn.mp3","angel","angel.png","angel.mp3"],["writecard","1","Description","e","eagle","eagle.png","eagle.mp3","even","even.png","even.mp3","eel","eel.png","eel.mp3"],["writecard","1","Description","e","eat","eat.png","eat.mp3","ear","ear.png","ear.mp3","east","east.png","east.mp3"],["writecard","1","Description","i","iron","iron.png","iron.mp3","ice","ice.png","ice.mp3","idol","idol.png","idol.mp3"],["writecard","1","Description","i","island","island.png","island.mp3","ivy","ivy.png","ivy.mp3","ivory","ivory.png","ivory.mp3"],["writecard","1","Description","o","oar","oar.png","oar.mp3","oats","oats.png","oats.mp3","old","old.png","old.mp3"],["writecard","1","Description","u","open","open.png","open.mp3","ocean","ocean.png","ocean.mp3","oak","oak.png","oak.mp3"],["writecard","1","Description","u","unity","unity.png","unity.mp3","unicorn","unicorn.png","unicorn.mp3","use","use.png","use.mp3"],["writecard","1","Description","u","uniform","uniform.png","uniform.mp3","universe","universe.png","universe.mp3","unit","unit.png","unit.mp3"],["quizliteracy","1","Description","1","Description","image_sentence","ape","eagle","ape","iron","ape.png","","ape.mp3"],["quizliteracy","1","Description","1","Description","image_sentence","ivory","eel","oats","ivory","ivory.png","","ivory.mp3"],["quizliteracy","1","Description","1","Description","image_sentence","unicorn","unicorn","ocean","angel","unicorn.png","","unicorn.mp3"]]}]],0,0,[],[],[]],[[[0,"iron",".mp3",0.705306],-1],0,0,[],[],[]]]]