[1,["04rHKUpcdMQb9qtv+oIKtP","42hrgxxBBB+4jxgLakc9xU","bf7Hgg82RAS6XJGQzpwP6p","41NOR4FhVIgIj5IP0kx+1Y","98JE4rC6pFSYtItNBbZVA7","74oWd0exFEWaVIRrzJriL7","2a1ytV19lOaLap9EpiV507","15jmktrWtFu5v5+eLLvdYC","31haL+ikdEIpLtJk6C2lYV","4fz6j7wkBODK7CFr079XlI","7fsVkpzBxBqKSRiC/apbU0","46sutbMB5OOKkXNjiq6HkZ","36QfM0TqxNkIU52eJosIyo","75ptZHouJKeY8V6Q9LaOnw","9dcfAMyetDq6XhCX2mDXvE","f0mArTOudJaZZXeT2LgDWl","e6QhIF8MBCrrDdePENVoLj"],["_textureSetter"],["cc.SpriteFrame","cc.Texture2D",["cc.AudioClip",["_name","_native","duration"],0],["cc.JsonAsset",["_name","json"],1]],[[2,0,1,2,4],[3,0,1,3]],[[[{"name":"eat","rect":[12,40,486,408],"offset":[-1,7.5],"originalSize":[512,503],"capInsets":[0,0,0,0]}],[0],0,[0],[0],[0]],[["0,9729,9729,33071,33071,0,0,1",-1],[1],0,[],[],[]],[[{"name":"open","rect":[0,0,392,512],"offset":[0,0],"originalSize":[392,512],"capInsets":[0,0,0,0]}],[0],0,[0],[0],[1]],[[[0,"ocean",".mp3",0.757551],-1],0,0,[],[],[]],[["0,9729,9729,33071,33071,0,0,1",-1],[1],0,[],[],[]],[[{"name":"unicorn","rect":[0,0,400,333],"offset":[0,0],"originalSize":[400,333],"capInsets":[0,0,0,0]}],[0],0,[0],[0],[2]],[[{"name":"ape","rect":[55,75,535,543],"offset":[-12,-18],"originalSize":[669,657],"capInsets":[0,0,0,0]}],[0],0,[0],[0],[3]],[[{"name":"angel","rect":[85,25,464,597],"offset":[-17.5,5],"originalSize":[669,657],"capInsets":[0,0,0,0]}],[0],0,[0],[0],[4]],[[{"name":"aim","rect":[0,33,669,578],"offset":[0,6.5],"originalSize":[669,657],"capInsets":[0,0,0,0]}],[0],0,[0],[0],[5]],[[[0,"eagle",".mp3",0.653061],-1],0,0,[],[],[]],[["0,9729,9729,33071,33071,0,0,1",-1],[1],0,[],[],[]],[["0,9729,9729,33071,33071,0,0,1",-1],[1],0,[],[],[]],[[{"name":"oak","rect":[16,132,636,424],"offset":[-0.5,-15.5],"originalSize":[669,657],"capInsets":[0,0,0,0]}],[0],0,[0],[0],[6]],[[[0,"unicorn",".mp3",1.044898],-1],0,0,[],[],[]],[["0,9729,9729,33071,33071,0,0,1",-1],[1],0,[],[],[]],[["0,9729,9729,33071,33071,0,0,1",-1],[1],0,[],[],[]],[["0,9729,9729,33071,33071,0,0,1",-1],[1],0,[],[],[]],[["0,9729,9729,33071,33071,0,0,1",-1],[1],0,[],[],[]],[["0,9729,9729,33071,33071,0,0,1",-1],[1],0,[],[],[]],[[{"name":"even","rect":[0,0,445,512],"offset":[0,0],"originalSize":[445,512],"capInsets":[0,0,0,0]}],[0],0,[0],[0],[7]],[[{"name":"acorn","rect":[96,20,499,617],"offset":[11,0],"originalSize":[669,657],"capInsets":[0,0,0,0]}],[0],0,[0],[0],[8]],[[{"name":"iron","rect":[0,0,400,333],"offset":[0,0],"originalSize":[400,333],"capInsets":[0,0,0,0]}],[0],0,[0],[0],[9]],[[{"name":"old","rect":[0,0,512,507],"offset":[0,0],"originalSize":[512,507],"capInsets":[0,0,0,0]}],[0],0,[0],[0],[10]],[["0,9729,9729,33071,33071,0,0,1",-1],[1],0,[],[],[]],[["0,9729,9729,33071,33071,0,0,1",-1],[1],0,[],[],[]],[[[0,"ear",".mp3",0.600816],-1],0,0,[],[],[]],[["0,9729,9729,33071,33071,0,0,1",-1],[1],0,[],[],[]],[["0,9729,9729,33071,33071,0,0,1",-1],[1],0,[],[],[]],[["0,9729,9729,33071,33071,0,0,1",-1],[1],0,[],[],[]],[[{"name":"ocean","rect":[3,0,666,655],"offset":[1.5,1],"originalSize":[669,657],"capInsets":[0,0,0,0]}],[0],0,[0],[0],[11]],[[[0,"ice",".mp3",0.679184],-1],0,0,[],[],[]],[[{"name":"ear","rect":[0,0,400,333],"offset":[0,0],"originalSize":[400,333],"capInsets":[0,0,0,0]}],[0],0,[0],[0],[12]],[[{"name":"island","rect":[0,0,669,657],"offset":[0,0],"originalSize":[669,657],"capInsets":[0,0,0,0]}],[0],0,[0],[0],[13]],[["0,9729,9729,33071,33071,0,0,1",-1],[1],0,[],[],[]],[[[0,"eat",".mp3",0.653061],-1],0,0,[],[],[]],[[{"name":"apron","rect":[11,128,646,383],"offset":[-0.5,9],"originalSize":[669,657],"capInsets":[0,0,0,0]}],[0],0,[0],[0],[14]],[[[0,"old",".mp3",0.653061],-1],0,0,[],[],[]],[[{"name":"ice","rect":[0,0,1733,1300],"offset":[0,0],"originalSize":[1733,1300],"capInsets":[0,0,0,0]}],[0],0,[0],[0],[15]],[["0,9729,9729,33071,33071,0,0,1",-1],[1],0,[],[],[]],[["0,9729,9729,33071,33071,0,0,1",-1],[1],0,[],[],[]],[[{"name":"eagle","rect":[197,62,268,534],"offset":[-3.5,-0.5],"originalSize":[669,657],"capInsets":[0,0,0,0]}],[0],0,[0],[0],[16]],[[[1,"sl_en0705",{"rows":[["writecard","1","Description","a","ape","ape.png","ape.mp3","alien","alien.png","alien.mp3","apron","apron.png","apron.mp3"],["writecard","1","Description","a","aim","aim.png","aim.mp3","acorn","acorn.png","acorn.mp3","angel","angel.png","angel.mp3"],["writecard","1","Description","e","eagle","eagle.png","eagle.mp3","even","even.png","even.mp3","eel","eel.png","eel.mp3"],["writecard","1","Description","e","eat","eat.png","eat.mp3","ear","ear.png","ear.mp3","east","east.png","east.mp3"],["writecard","1","Description","i","iron","iron.png","iron.mp3","ice","ice.png","ice.mp3","idol","idol.png","idol.mp3"],["writecard","1","Description","i","island","island.png","island.mp3","ivy","ivy.png","ivy.mp3","ivory","ivory.png","ivory.mp3"],["writecard","1","Description","o","oar","oar.png","oar.mp3","oats","oats.png","oats.mp3","old","old.png","old.mp3"],["writecard","1","Description","u","open","open.png","open.mp3","ocean","ocean.png","ocean.mp3","oak","oak.png","oak.mp3"],["writecard","1","Description","u","unity","unity.png","unity.mp3","unicorn","unicorn.png","unicorn.mp3","use","use.png","use.mp3"],["writecard","1","Description","u","uniform","uniform.png","uniform.mp3","universe","universe.png","universe.mp3","unit","unit.png","unit.mp3"],["quizliteracy","1","Description","1","Description","image_sentence","ape","eagle","ape","iron","ape.png","","ape.mp3"],["quizliteracy","1","Description","1","Description","image_sentence","ivory","eel","oats","ivory","ivory.png","","ivory.mp3"],["quizliteracy","1","Description","1","Description","image_sentence","unicorn","unicorn","ocean","angel","unicorn.png","","unicorn.mp3"]]}]],0,0,[],[],[]],[[[0,"iron",".mp3",0.705306],-1],0,0,[],[],[]]]]