[1,["293qELoohBzoENVbv7h3Gk","c4a+GpLItKC4o0IwTw1u4I","0bcEWC1JtMcLEEtm99YKSX","f4o+XV/9pOTLQ8PtnfI94R","72plWcD8RPuJ5Y6/6SDLzS","85tfmMOKhDkaRFNWzmive4","1cex8hWDJFf6FLQNckcCqN","79R+Ys25ZEYotxafaBD+dQ","e4jw9N1+VJPrt5arrZRPJN","00gMVhjzJIao1F7UnYK7Cx"],["_textureSetter"],["cc.Texture2D","cc.SpriteFrame",["cc.AudioClip",["_name","_native","duration"],0],["cc.JsonAsset",["_name","json"],1]],[[2,0,1,2,4],[3,0,1,3]],[[["0,9729,9729,33071,33071,0,0,1",-1],[0],0,[],[],[]],[[{"name":"pink","rect":[0,0,670,670],"offset":[0,0],"originalSize":[670,670],"capInsets":[0,0,0,0]}],[1],0,[0],[0],[0]],[[[0,"flower",".mp3",1.08],-1],0,0,[],[],[]],[["0,9729,9729,33071,33071,0,0,1",-1],[0],0,[],[],[]],[[[0,"window",".mp3",1.056],-1],0,0,[],[],[]],[["0,9729,9729,33071,33071,0,0,1",-1],[0],0,[],[],[]],[[[0,"park",".mp3",0.864],-1],0,0,[],[],[]],[[[0,"bank",".mp3",1.08],-1],0,0,[],[],[]],[[[0,"blouse",".mp3",1.248],-1],0,0,[],[],[]],[["0,9729,9729,33071,33071,0,0,1",-1],[0],0,[],[],[]],[[[0,"pink",".mp3",0.912],-1],0,0,[],[],[]],[[{"name":"brown","rect":[0,0,1200,675],"offset":[0,0],"originalSize":[1200,675],"capInsets":[0,0,0,0]}],[1],0,[0],[0],[1]],[[[0,"shampoo",".mp3",1.2],-1],0,0,[],[],[]],[[{"name":"phone","rect":[0,0,670,670],"offset":[0,0],"originalSize":[670,670],"capInsets":[0,0,0,0]}],[1],0,[0],[0],[2]],[["0,9729,9729,33071,33071,0,0,1",-1],[0],0,[],[],[]],[["1,9729,9729,33071,33071,0,0,1",-1],[0],0,[],[],[]],[[{"name":"farm","rect":[0,0,670,670],"offset":[0,0],"originalSize":[670,670],"capInsets":[0,0,0,0]}],[1],0,[0],[0],[3]],[["0,9729,9729,33071,33071,0,0,1",-1],[0],0,[],[],[]],[[{"name":"window","rect":[0,0,670,670],"offset":[0,0],"originalSize":[670,670],"capInsets":[0,0,0,0]}],[1],0,[0],[0],[4]],[[{"name":"shampoo","rect":[37,0,246,640],"offset":[0,0],"originalSize":[320,640],"capInsets":[0,0,0,0]}],[1],0,[0],[0],[5]],[["0,9729,9729,33071,33071,0,0,1",-1],[0],0,[],[],[]],[[[0,"phone",".mp3",1.032],-1],0,0,[],[],[]],[[{"name":"park","rect":[0,0,670,670],"offset":[0,0],"originalSize":[670,670],"capInsets":[0,0,0,0]}],[1],0,[0],[0],[6]],[[[0,"brown",".mp3",1.104],-1],0,0,[],[],[]],[[[0,"farm",".mp3",0.96],-1],0,0,[],[],[]],[["0,9729,9729,33071,33071,0,0,1",-1],[0],0,[],[],[]],[[{"name":"blouse","rect":[0,0,800,683],"offset":[0,0],"originalSize":[800,683],"capInsets":[0,0,0,0]}],[1],0,[0],[0],[7]],[[{"name":"bank","rect":[0,0,670,670],"offset":[0,0],"originalSize":[670,670],"capInsets":[0,0,0,0]}],[1],0,[0],[0],[8]],[[{"name":"flower","rect":[0,0,670,670],"offset":[0,0],"originalSize":[670,670],"capInsets":[0,0,0,0]}],[1],0,[0],[0],[9]],[["0,9729,9729,33071,33071,0,0,1",-1],[0],0,[],[],[]],[[[1,"en0908",{"rows":[["rocket","1","Description","window","win,dow","win,dow","window.mp3","window.png","false","false"],["rocket","1","Description","brown","br,own","br,own","brown.mp3","brown.png","false","false"],["rocket","1","Description","flower","fl,ower","fl,ower","flower.mp3","flower.png","false","false"],["rocket","1","Description","blouse","bl,ouse","bl,ouse","blouse.mp3","blouse.jpg","false","false"],["rocket","1","Description","shampoo","sham,poo","sham,poo","shampoo.mp3","shampoo.png","false","false"],["rocket","1","Description","phone","ph,one","ph,one","phone.mp3","phone.png","false","false"],["rocket","1","Description","pink","p,ink","p,ink","pink.mp3","pink.png","false","false"],["rocket","1","Description","bank","b,ank","b,ank","bank.mp3","bank.png","false","false"],["rocket","1","Description","farm","f,arm","f,arm","farm.mp3","farm.png","false","false"],["rocket","1","Description","park","p,ark","p,ark","park.mp3","park.png","false","false"],["quizliteracy","1","Description","soundonly_word","window","window","bathroom","door","","","window.mp3"],["quizliteracy","1","Description","soundonly_word","farm","cane","fish","farm","","","farm.mp3"],["quizliteracy","1","Description","soundonly_word","brown","sweet","green","brown","","","brown.mp3"],["quizliteracy","1","Description","image_word","bank","zebra","bank","phone","bank.png"],["quizliteracy","1","Description","image_word","flower","basket","toilet","flower","flower.png"]]}]],0,0,[],[],[]]]]