[1,["7aTLz1LVBO+7ZwHrKif9Ug","4dn/NSoIVLdJ25Oltb6pLQ"],["_textureSetter"],["cc.Texture2D","cc.SpriteFrame",["cc.AudioClip",["_name","_native","duration"],0],["cc.JsonAsset",["_name","json"],1]],[[2,0,1,2,4],[3,0,1,3]],[[[[0,"swimming",".mp3",0.888163],-1],0,0,[],[],[]],[[[0,"swim",".mp3",0.809796],-1],0,0,[],[],[]],[[[0,"She_does_not_like_dogs",".mp3",1.802449],-1],0,0,[],[],[]],[["1,9729,9729,33071,33071,0,0,1",-1],[0],0,[],[],[]],[[[1,"sl_en2600",{"rows":[["tag","1","Description","image_7_2.jpg","actions","1118.-1509","actions.mp3","jump","1358.-686","jump.mp3","kick","710.-1042","kick.mp3","dance","710.-486","dance.mp3","swim","230.-1244","swim.mp3"],["tag","1","Description","image_7_4.jpg","sports","293.-1474","sports.mp3","swimming","857.-1168","swimming.mp3","running","1263.-443","running.mp3","cycling","745.-447","cycling.mp3","skiing","375.-1231","skiing.mp3"],["fillblank","1","Description","Gaurav's father [is] a teacher.","Gaurav's_father_is_a_teacher.mp3","do","are","am","10"],["fillblank","1","Description","I [am] thirsty.","I_am_thirsty.mp3","do","are","is","10"],["fillblank","1","Description","It [is not] cold today.","It_is_not_cold_today.mp3","are not","does not","cannot","10"],["fillblank","1","Description","Kasish [can't] swim.","Kasish_can't_swim.mp3","isn't","doesn't","don't","10"],["fillblank","1","Description","Kasish [cannot] swim.","Kasish_cannot_swim.mp3","are not","does not","is not","10"],["fillblank","1","Description","She [does not] like dogs.","She_does_not_like_dogs.mp3","are not","do not","is not","10"],["quizliteracy","1","Description","sentence_sentence","walk, run","child, that","walk, run","shape, whale","","Choose the action words.","actions.mp3"],["quizliteracy","1","Description","sentence_sentence","swimming, cycling","car, dog","lake, room","swimming, cycling","","Choose the action words.","actions.mp3"],["quizliteracy","1","Description","sentence_sentence","am","are","am","he","","I __ thirsty.","I_am_thirsty.mp3"],["quizliteracy","1","Description","sentence_sentence","can't","want","see","can't","","Kasish ____ swim.","Kasish_can't_swim.mp3"],["quizliteracy","1","Description","sentence_sentence","does not","is not","does not","are not","","She __________ like dogs.","She_does_not_like_dogs.mp3"]]}]],0,0,[],[],[]],[[[0,"kick",".mp3",0.731429],-1],0,0,[],[],[]],[[[0,"I_am_thirsty",".mp3",1.358367],-1],0,0,[],[],[]],[[{"name":"image_7_2","rect":[0,0,845,695],"offset":[0,0],"originalSize":[845,695],"capInsets":[0,0,0,0]}],[1],0,[0],[0],[0]],[["1,9729,9729,33071,33071,0,0,1",-1],[0],0,[],[],[]],[[[0,"sports",".mp3",1.018776],-1],0,0,[],[],[]],[[[0,"dance",".mp3",0.757551],-1],0,0,[],[],[]],[[[0,"running",".mp3",0.679184],-1],0,0,[],[],[]],[[{"name":"image_7_4","rect":[0,0,845,695],"offset":[0,0],"originalSize":[845,695],"capInsets":[0,0,0,0]}],[1],0,[0],[0],[1]],[[[0,"It_is_not_cold_today",".mp3",1.593469],-1],0,0,[],[],[]],[[[0,"cycling",".mp3",0.940408],-1],0,0,[],[],[]],[[[0,"actions",".mp3",0.888163],-1],0,0,[],[],[]],[[[0,"skiing",".mp3",1.07102],-1],0,0,[],[],[]],[[[0,"jump",".mp3",0.679184],-1],0,0,[],[],[]]]]