[1,["0bEe1d6VNAyoJDBvfOZP1b","eePZft4rZEX6VdPQYV7fJv","5cUoqWkfFCMKxWTWOIVAXv","67Q1WNIuxGopE9Z6n1dP5i","34dfYZbmtBwIa7E9z+90ss","76SR8q0lJI/pgyu13knR0E","3bXSR3ZyhKL4gLpPhOPO1a","b1aRaWG25L+JAWJtJZcamo","0aiLkKj/ZMdqNkfoOZxcuj"],["_textureSetter"],["cc.Texture2D","cc.SpriteFrame",["cc.AudioClip",["_name","_native","duration"],0],["cc.JsonAsset",["_name","json"],1]],[[2,0,1,2,4],[3,0,1,3]],[[[[0,"वरण",".mp3",0.914286],-1],0,0,[],[],[]],[["0,9729,9729,33071,33071,0,0,1",-1],[0],0,[],[],[]],[["0,9729,9729,33071,33071,0,0,1",-1],[0],0,[],[],[]],[[{"name":"carrot","rect":[0,0,640,336],"offset":[0,0],"originalSize":[640,336],"capInsets":[0,0,0,0]}],[1],0,[0],[0],[0]],[[[0,"घरी",".mp3",0.888163],-1],0,0,[],[],[]],[[[0,"आली",".mp3",0.835918],-1],0,0,[],[],[]],[[[0,"लीला",".mp3",1.018776],-1],0,0,[],[],[]],[[{"name":"girl","rect":[0,0,427,640],"offset":[0,0],"originalSize":[427,640],"capInsets":[0,0,0,0]}],[1],0,[0],[0],[1]],[["0,9729,9729,33071,33071,0,0,1",-1],[0],0,[],[],[]],[[[0,"सरबत",".mp3",0.992653],-1],0,0,[],[],[]],[["0,9729,9729,33071,33071,0,0,1",-1],[0],0,[],[],[]],[[{"name":"at_home","rect":[0,0,640,512],"offset":[0,0],"originalSize":[640,512],"capInsets":[0,0,0,0]}],[1],0,[0],[0],[2]],[[[1,"mr0708",{"rows":[["rocket","1","Description","काकी","का,की","का,की","काकी.mp3","aunt.png","False","False"],["spelldoor","1","Description","लीला","*ला","0","0","girl.png","लीला.mp3"],["rocket","1","Description","घरी","घ,री","घ,री","घरी.mp3","at_home.png","False","False"],["spelldoor","1","Description","आली","*ली","0","0","came.png","आली.mp3"],["rocket","1","Description","बिरबल","बिरबल","बिरबल","बिरबल.mp3","birbal.png","False","False"],["spelldoor","1","Description","वरण","वर*","0","0","dish.png","वरण.mp3"],["rocket","1","Description","किलबिल","कि,ल,बि,ल","कि,ल,बि,ल","किलबिल.mp3","birds_chirping.png","False","False"],["spelldoor","1","Description","सरबत","स*बत","0","0","sherbat.png","सरबत.mp3"],["rocket","1","Description","गाजर","गा,ज,र","गा,ज,र","गाजर.mp3","carrot.png","False","False"],["quizliteracy","1","Description","word_word","व","व","घ","र","","_रण","वरण.mp3"],["quizliteracy","1","Description","word_word","घ","र","व","घ","","_री","घरी.mp3"],["quizliteracy","1","Description","word_word","र","घ","र","व","","गाज_","गाजर.mp3"]]}]],0,0,[],[],[]],[["0,9729,9729,33071,33071,0,0,1",-1],[0],0,[],[],[]],[[{"name":"birbal","rect":[0,0,192,256],"offset":[0,0],"originalSize":[192,256],"capInsets":[0,0,0,0]}],[1],0,[0],[0],[3]],[["0,9729,9729,33071,33071,0,0,1",-1],[0],0,[],[],[]],[[[0,"बिरबल",".mp3",1.018776],-1],0,0,[],[],[]],[["0,9729,9729,33071,33071,0,0,1",-1],[0],0,[],[],[]],[[{"name":"sherbat","rect":[0,0,640,425],"offset":[0,0],"originalSize":[640,425],"capInsets":[0,0,0,0]}],[1],0,[0],[0],[4]],[[[0,"काकी",".mp3",0.809796],-1],0,0,[],[],[]],[[[0,"किलबिल",".mp3",1.044898],-1],0,0,[],[],[]],[[{"name":"birds_chirping","rect":[0,0,640,427],"offset":[0,0],"originalSize":[640,427],"capInsets":[0,0,0,0]}],[1],0,[0],[0],[5]],[["0,9729,9729,33071,33071,0,0,1",-1],[0],0,[],[],[]],[[{"name":"aunt","rect":[0,0,640,640],"offset":[0,0],"originalSize":[640,640],"capInsets":[0,0,0,0]}],[1],0,[0],[0],[6]],[[[0,"गाजर",".mp3",0.966531],-1],0,0,[],[],[]],[[[0,"ನಗರ",".mp3",2.0619],-1],0,0,[],[],[]],[["0,9729,9729,33071,33071,0,0,1",-1],[0],0,[],[],[]],[[{"name":"dish","rect":[0,0,640,480],"offset":[0,0],"originalSize":[640,480],"capInsets":[0,0,0,0]}],[1],0,[0],[0],[7]],[[{"name":"came","rect":[0,0,256,254],"offset":[0,0],"originalSize":[256,254],"capInsets":[0,0,0,0]}],[1],0,[0],[0],[8]]]]