[1,["2cRBwAcWtDLrTLhspgk8uu","86OFSVWOZKnohU/l6dn9VR","d0+gRZBe5Plp1KrLUfxQ2N","6fhtmq+o9OS4I0OnqtgpoS","f1nmZOctJCkJtH3lVvDhRX","f6yQSN+XJMRr46Vzg/TdLO","efSdsx4oRDhaw6B+pcdtIe","d5yEv12TtHobbFhmjgcQsD","ccQU0kY91HjqbLJ9pzfWef","99QKlauGdAlZ2GTG4cdFit"],["_textureSetter"],["cc.SpriteFrame","cc.Texture2D",["cc.AudioClip",["_name","_native","duration"],0],["cc.JsonAsset",["_name","json"],1]],[[2,0,1,2,4],[3,0,1,3]],[[[[0,"इमली",".mp3",0.757551],-1],0,0,[],[],[]],[[{"name":"ककडी","rect":[0,0,271,271],"offset":[0,0],"originalSize":[271,271],"capInsets":[0,0,0,0]}],[0],0,[0],[0],[0]],[[{"name":"बीज","rect":[0,0,370,273],"offset":[0,0],"originalSize":[370,273],"capInsets":[0,0,0,0]}],[0],0,[0],[0],[1]],[["0,9729,9729,33071,33071,0,0,1",-1],[1],0,[],[],[]],[[{"name":"धरती","rect":[0,0,271,271],"offset":[0,0],"originalSize":[271,271],"capInsets":[0,0,0,0]}],[0],0,[0],[0],[2]],[[[0,"तितली",".mp3",0.705306],-1],0,0,[],[],[]],[[{"name":"ककड़ी","rect":[0,0,920,317],"offset":[0,0],"originalSize":[920,317],"capInsets":[0,0,0,0]}],[0],0,[0],[0],[3]],[[{"name":"इमली","rect":[0,0,370,273],"offset":[0,0],"originalSize":[370,273],"capInsets":[0,0,0,0]}],[0],0,[0],[0],[4]],[[[0,"कीडा",".mp3",0.679184],-1],0,0,[],[],[]],[[[0,"आदमी",".mp3",0.914286],-1],0,0,[],[],[]],[["0,9729,9729,33071,33071,0,0,1",-1],[1],0,[],[],[]],[[{"name":"आदमी","rect":[0,0,271,271],"offset":[0,0],"originalSize":[271,271],"capInsets":[0,0,0,0]}],[0],0,[0],[0],[5]],[[{"name":"बिजली","rect":[0,0,271,271],"offset":[0,0],"originalSize":[271,271],"capInsets":[0,0,0,0]}],[0],0,[0],[0],[6]],[["0,9729,9729,33071,33071,0,0,1",-1],[1],0,[],[],[]],[[[1,"hi0606",{"rows":[["spelldoor","1","Description","कीड़ा","*ड़ा","0","1","कीडा.png","कीडा.mp3"],["spelldoor","1","Description","बीज","*ज","0","1","बीज.png","बीज.mp3"],["rocket","1","Description","धरती","ध,र,ती","ध,र,ती","धरती.mp3","धरती.png","false ","true "],["rocket","1","Description","आदमी","आ,द,मी","आ,द,मी","आदमी.mp3","आदमी.png","false ","true "],["rocket","1","Description","बिजली","बि,ज,ली","बि,ज,ली","बिजली.mp3","बिजली.png","false ","true "],["spelldoor","1","Description","तितली","ति*ली","2","0","तितली.png","तितली.mp3"],["spelldoor","1","Description","इमली","इ*ली","2","0","इमली.png","इमली.mp3"],["spelldoor","1","Description","कीचड़","की*ड़","2","0","कीचड.png","कीचड.mp3"],["rocket","1","Description","ककड़ी","क,क,ड़ी","क,क,ड़ी","ककडी.mp3","ककडी.png","false ","true "],["quizliteracy","1","Description","soundonly_word","धरती","आदमी","धरती","तितली","","","धरती.mp3"],["quizliteracy","1","Description","image_word","आदमी","धरती","तितली","आदमी","आदमी.png"],["quizliteracy","1","Description","soundonly_word","तितली","तितली","आदमी","धरती","","","तितली.mp3"]]}]],0,0,[],[],[]],[[[0,"कीचड",".mp3",0.653061],-1],0,0,[],[],[]],[[{"name":"कीडा","rect":[0,0,370,273],"offset":[0,0],"originalSize":[370,273],"capInsets":[0,0,0,0]}],[0],0,[0],[0],[7]],[["0,9729,9729,33071,33071,0,0,1",-1],[1],0,[],[],[]],[[[0,"ककडी",".mp3",3.369796],-1],0,0,[],[],[]],[[[0,"बीज",".mp3",0.757551],-1],0,0,[],[],[]],[[{"name":"कीचड","rect":[0,0,370,273],"offset":[0,0],"originalSize":[370,273],"capInsets":[0,0,0,0]}],[0],0,[0],[0],[8]],[[[0,"धरती",".mp3",0.914286],-1],0,0,[],[],[]],[[{"name":"तितली","rect":[0,0,370,273],"offset":[0,0],"originalSize":[370,273],"capInsets":[0,0,0,0]}],[0],0,[0],[0],[9]],[["0,9729,9729,33071,33071,0,0,1",-1],[1],0,[],[],[]],[["0,9729,9729,33071,33071,0,0,1",-1],[1],0,[],[],[]],[["0,9729,9729,33071,33071,0,0,1",-1],[1],0,[],[],[]],[["0,9729,9729,33071,33071,0,0,1",-1],[1],0,[],[],[]],[["0,9729,9729,33071,33071,0,0,1",-1],[1],0,[],[],[]],[[[0,"बिजली",".mp3",0.914286],-1],0,0,[],[],[]],[["0,9729,9729,33071,33071,0,0,1",-1],[1],0,[],[],[]]]]