[1,["2bsbo/LPFCw5gQBwTl6D2R","4cokhnjitFeby3zij/hY7u","7dTkgmdQxIk4NMmU4VWFXm"],["_textureSetter"],["cc.Texture2D","cc.SpriteFrame",["cc.JsonAsset",["_name","json"],1],["cc.AudioClip",["_name","_native","duration"],0]],[[3,0,1,2,4],[2,0,1,3]],[[[[1,"mr0102",{"rows":[["balloonpop","1","Description","2","ग","3","क,ग,ख","ग.mp3"],["phonictractor","1","Description","5","ग","ग.mp3","ग","ग.mp3"],["writeletter","1","Description","ग","गवत"],["writecard","1","Description","ग","गवत","grass.png","गवत.mp3","गणपती","Ganesh.png","गणपती.mp3","गड","fort.png","गड.mp3"],["quizliteracy","1","Description","soundonly_word","ग","ख","इ","ग","","","ग.mp3"],["quizliteracy","1","Description","word_word","ग","ऊ","ग","इ","","ग"],["quizliteracy","1","Description","soundonly_word","ग","ख","इ","ग","","","ग.mp3"]]}]],0,0,[],[],[]],[["0,9729,9729,33071,33071,0,0,1",-1],[0],0,[],[],[]],[[[0,"गवत",".mp3",1.018776],-1],0,0,[],[],[]],[["0,9729,9729,33071,33071,0,0,1",-1],[0],0,[],[],[]],[[{"name":"fort","rect":[0,0,640,480],"offset":[0,0],"originalSize":[640,480],"capInsets":[0,0,0,0]}],[1],0,[0],[0],[0]],[["0,9729,9729,33071,33071,0,0,1",-1],[0],0,[],[],[]],[[[0,"गणपती",".mp3",1.28],-1],0,0,[],[],[]],[[[0,"ग",".mp3",0.940408],-1],0,0,[],[],[]],[[{"name":"Ganesh","rect":[0,0,640,427],"offset":[0,0],"originalSize":[640,427],"capInsets":[0,0,0,0]}],[1],0,[0],[0],[1]],[[[0,"गड",".mp3",0.809796],-1],0,0,[],[],[]],[[{"name":"grass","rect":[0,0,640,427],"offset":[0,0],"originalSize":[640,427],"capInsets":[0,0,0,0]}],[1],0,[0],[0],[2]]]]