[1,["bfSEfCY6BDYLr5u/PjmndD"],["_textureSetter"],["cc.SpriteFrame","cc.Texture2D",["cc.AudioClip",["_name","_native","duration"],0],["cc.JsonAsset",["_name","json"],1]],[[2,0,1,2,4],[3,0,1,3]],[[[[0,"ರು",".mp3",0.528],-1],0,0,[],[],[]],[[[0,"ಮೌನ",".mp3",0.696],-1],0,0,[],[],[]],[[[0,"ಚೌ",".mp3",0.672],-1],0,0,[],[],[]],[[[0,"ತೌ",".mp3",0.624],-1],0,0,[],[],[]],[[{"name":"bark","rect":[0,0,512,340],"offset":[0,0],"originalSize":[512,340],"capInsets":[0,0,0,0]}],[0],0,[0],[0],[0]],[[[0,"ಪೌ",".mp3",0.624],-1],0,0,[],[],[]],[[[0,"ಲ",".mp3",0.504],-1],0,0,[],[],[]],[[[0,"ನ",".mp3",0.48],-1],0,0,[],[],[]],[[[0,"ಬೌಬೌ",".mp3",0.864],-1],0,0,[],[],[]],[[[0,"ರ",".mp3",0.48],-1],0,0,[],[],[]],[[[0,"ವ",".mp3",0.48],-1],0,0,[],[],[]],[[[0,"ಚೌಲ",".mp3",0.744],-1],0,0,[],[],[]],[["0,9729,9729,33071,33071,0,0,1",-1],[1],0,[],[],[]],[[[0,"ಪೌರ",".mp3",0.696],-1],0,0,[],[],[]],[[[0,"ತೌರು",".mp3",0.744],-1],0,0,[],[],[]],[[[0,"ಯೌವನ",".mp3",0.792],-1],0,0,[],[],[]],[[[1,"kn2211",{"rows":[["spelldoor","1","Description","ಬೌಬೌ","**","0","0","bark.png","ಬೌಬೌ.mp3"],["phonictractor","1","Description","4","ಪೌರ","ಪೌರ.mp3","ಪೌ","ಪೌ.mp3","ರ","ರ.mp3"],["phonictractor","1","Description","4","ತೌರು","ತೌರು.mp3","ತೌ","ತೌ.mp3","ರು","ರು.mp3"],["phonictractor","1","Description","4","ಮೌನ","ಮೌನ.mp3","ಮೌ","ಮೌ.mp3","ನ","ನ.mp3"],["phonictractor","1","Description","4","ಯೌವನ","ಯೌವನ.mp3","ಯೌ","ಯೌ.mp3","ವ","ವ.mp3","ನ","ನ.mp3"],["phonictractor","1","Description","4","ಚೌಲ","ಚೌಲ.mp3","ಚೌ","ಚೌ.mp3","ಲ","ಲ.mp3"],["quizliteracy","1","Description","soundonly_word","ತೌರು","ಚೌಲ","ಮೌನ","ತೌರು","","","ತೌರು.mp3"],["quizliteracy","1","Description","soundonly_word","ಮೌನ","ಮೌನ","ತೌರು","ಪೌರ","","","ಮೌನ.mp3"],["quizliteracy","1","Description","soundonly_word","ಯೌವನ","ತೌರು","ಯೌವನ","ಮೌನ","","","ಯೌವನ.mp3"]]}]],0,0,[],[],[]],[[[0,"ಯೌ",".mp3",0.648],-1],0,0,[],[],[]],[[[0,"ಮೌ",".mp3",0.624],-1],0,0,[],[],[]]]]