[1,["abIhMUzPBFdog79x0F7X3i","280UoCW/ZItp39uoU7E/mm","98o3I8q+VExb4KCpGa/Ahu","fezztTRNFKjp89wxzdnlm7","22teQeMJ5LsI/jgHwdC++q","f2nE1SCX9Elb9aBuF4B/Oa","32toqWKLtPJbgWoZ7MGY/t","b9u+P1WR5L04AKzQKRJZFx","f3O5pS1/lPPKly8ggoyIvi","1dFnPBNAlBpqoLrraPZ8SB","40Con82sJP9rPV8qBgJRpI"],["_textureSetter"],["cc.Texture2D","cc.SpriteFrame",["cc.AudioClip",["_name","_native","duration"],0],["cc.JsonAsset",["_name","json"],1]],[[2,0,1,2,4],[3,0,1,3]],[[[[0,"It_bounces",".mp3",1.704],-1],0,0,[],[],[]],[["1,9729,9729,33071,33071,0,0,1",-1],[0],0,[],[],[]],[["0,9729,9729,33071,33071,0,0,1",-1],[0],0,[],[],[]],[[{"name":"Jayeats","rect":[0,0,1073,577],"offset":[0,0],"originalSize":[1073,577],"capInsets":[0,0,0,0]}],[1],0,[0],[0],[0]],[[{"name":"komalwalks","rect":[0,0,1073,1188],"offset":[0,0],"originalSize":[1073,1188],"capInsets":[0,0,0,0]}],[1],0,[0],[0],[1]],[["1,9729,9729,33071,33071,0,0,1",-1],[0],0,[],[],[]],[[{"name":"Iteats","rect":[0,0,1073,1157],"offset":[0,0],"originalSize":[1073,1157],"capInsets":[0,0,0,0]}],[1],0,[0],[0],[2]],[[[0,"She_swims",".mp3",1.56],-1],0,0,[],[],[]],[["1,9729,9729,33071,33071,0,0,1",-1],[0],0,[],[],[]],[[[0,"They_fly",".mp3",1.272],-1],0,0,[],[],[]],[[[0,"I_eat",".mp3",1.176],-1],0,0,[],[],[]],[["0,9729,9729,33071,33071,0,0,1",-1],[0],0,[],[],[]],[[[0,"She_walks",".mp3",1.44],-1],0,0,[],[],[]],[[[0,"It_swims",".mp3",1.464],-1],0,0,[],[],[]],[[{"name":"The_ballbounces","rect":[0,0,1073,772],"offset":[0,0],"originalSize":[1073,772],"capInsets":[0,0,0,0]}],[1],0,[0],[0],[3]],[[[1,"en3304",{"rows":[["createsentence","1","Description","I/eat","","Jayeats.jpg","I_eat.mp3"],["createsentence","1","Description","She/reads","","Komalreadsa_book.jpg","She_reads.mp3"],["createsentence","1","Description","He/plays","","Sumanplaysa_game.png","He_plays.mp3"],["createsentence","1","Description","She/swims","","Rita_swims.jpg","She_swims.mp3"],["createsentence","1","Description","She/walks","","komalwalks.jpg","She_walks.mp3"],["createsentence","1","Description","It/grows","","It_grows.png","It_grows.mp3"],["createsentence","1","Description","It/bounces","","The_ballbounces.jpg","It_bounces.mp3"],["createsentence","1","Description","It/swims","","It_swims.png","It_swims.mp3"],["createsentence","1","Description","They/fly","","Birdsfly.jpg","They_fly.mp3"],["createsentence","1","Description","It/eats","","Iteats.jpg","It_eats.mp3"],["quizliteracy","1","Description","image_sentence","He plays. ","She swims.","It grows. ","He plays. ","Sumanplaysa_game.jpg","","He_plays.mp3"],["quizliteracy","1","Description","image_sentence","She swims. ","It bounces. ","She swims. ","It eats. ","Weswamyesterday.jpg","","She_swims.mp3"],["quizliteracy","1","Description","image_sentence","She walks. ","She walks. ","She eats. ","She reads. ","komalwalks.jpg","","She_walks.mp3"],["quizliteracy","1","Description","soundonly_sentence","They fly. ","They swim. ","They fly. ","They run. ","","","They_fly.mp3"],["quizliteracy","1","Description","soundonly_sentence","It eats. ","It swims. ","It flies. ","It eats. ","","","It_eats.mp3"]]}]],0,0,[],[],[]],[[{"name":"It_swims","rect":[0,0,800,422],"offset":[0,0],"originalSize":[800,422],"capInsets":[0,0,0,0]}],[1],0,[0],[0],[4]],[[{"name":"Weswamyesterday","rect":[0,0,1200,537],"offset":[0,0],"originalSize":[1200,537],"capInsets":[0,0,0,0]}],[1],0,[0],[0],[5]],[[{"name":"Birdsfly","rect":[0,0,1631,1080],"offset":[0,0],"originalSize":[1631,1080],"capInsets":[0,0,0,0]}],[1],0,[0],[0],[6]],[["1,9729,9729,33071,33071,0,0,1",-1],[0],0,[],[],[]],[[{"name":"Sumanplaysa_game","rect":[0,31,788,738],"offset":[-6,0],"originalSize":[800,800],"capInsets":[0,0,0,0]}],[1],0,[0],[0],[7]],[[[0,"He_plays",".mp3",1.224],-1],0,0,[],[],[]],[["1,9729,9729,33071,33071,0,0,1",-1],[0],0,[],[],[]],[["0,9729,9729,33071,33071,0,0,1",-1],[0],0,[],[],[]],[[[0,"It_eats",".mp3",1.224],-1],0,0,[],[],[]],[[[0,"She_reads",".mp3",1.44],-1],0,0,[],[],[]],[[{"name":"Rita_swims","rect":[0,0,800,398],"offset":[0,0],"originalSize":[800,398],"capInsets":[0,0,0,0]}],[1],0,[0],[0],[8]],[[{"name":"Komalreadsa_book","rect":[0,0,1073,1157],"offset":[0,0],"originalSize":[1073,1157],"capInsets":[0,0,0,0]}],[1],0,[0],[0],[9]],[["1,9729,9729,33071,33071,0,0,1",-1],[0],0,[],[],[]],[["1,9729,9729,33071,33071,0,0,1",-1],[0],0,[],[],[]],[[[0,"It_grows",".mp3",1.32],-1],0,0,[],[],[]],[[{"name":"It_grows","rect":[0,0,800,483],"offset":[0,0],"originalSize":[800,483],"capInsets":[0,0,0,0]}],[1],0,[0],[0],[10]],[["1,9729,9729,33071,33071,0,0,1",-1],[0],0,[],[],[]]]]