[1,["69jhSueedGEZCrAVS9vOhm","bd/iZ3pVtKB6OYMMgy6ZL4","65p57d3/hBppd6xjmyoQ71","98xdGzUUREPo8hN7fFOcND","35nw/rNcVMDJgVOa6AXekw","ccdvQFYNxEK7lWiJhzxd3c","8avCbVRL1CQJTBpnDq+t0n","d5a3PGdSBCZqNVgh9liHjH","99m8LbYixP+494at8JuiD4","d9MXA1KJ1JEJAN3wWmV3n5","62W+4qOrNPebEvkP639b/y","63gQDgW3FOBKz+n5kKEwuV"],["_textureSetter"],["cc.SpriteFrame","cc.Texture2D",["cc.AudioClip",["_name","_native","duration"],0],["cc.JsonAsset",["_name","json"],1]],[[2,0,1,2,4],[3,0,1,3]],[[[{"name":"sky","rect":[0,0,500,332],"offset":[0,0],"originalSize":[500,332],"capInsets":[0,0,0,0]}],[0],0,[0],[0],[0]],[[[0,"ಏತ",".mp3",0.96],-1],0,0,[],[],[]],[[{"name":"bottom","rect":[0,0,500,334],"offset":[0,0],"originalSize":[500,334],"capInsets":[0,0,0,0]}],[0],0,[0],[0],[1]],[[{"name":"son","rect":[0,0,533,800],"offset":[0,0],"originalSize":[533,800],"capInsets":[0,0,0,0]}],[0],0,[0],[0],[2]],[[[0,"ಆಗಸ",".mp3",1.344],-1],0,0,[],[],[]],[[[0,"ಮತ",".mp3",0.624],-1],0,0,[],[],[]],[["0,9729,9729,33071,33071,0,0,1",-1],[1],0,[],[],[]],[[{"name":"chalk","rect":[0,0,500,331],"offset":[0,0],"originalSize":[500,331],"capInsets":[0,0,0,0]}],[0],0,[0],[0],[3]],[[[0,"ಆಟ",".mp3",1.056],-1],0,0,[],[],[]],[[{"name":"he","rect":[0,0,800,532],"offset":[0,0],"originalSize":[800,532],"capInsets":[0,0,0,0]}],[0],0,[0],[0],[4]],[[{"name":"play","rect":[0,0,500,346],"offset":[0,0],"originalSize":[500,346],"capInsets":[0,0,0,0]}],[0],0,[0],[0],[5]],[[{"name":"bright","rect":[0,0,800,599],"offset":[0,0],"originalSize":[800,599],"capInsets":[0,0,0,0]}],[0],0,[0],[0],[6]],[[{"name":"vote","rect":[0,0,800,533],"offset":[0,0],"originalSize":[800,533],"capInsets":[0,0,0,0]}],[0],0,[0],[0],[7]],[[[0,"ತವಕ",".mp3",0.744],-1],0,0,[],[],[]],[["0,9729,9729,33071,33071,0,0,1",-1],[1],0,[],[],[]],[["0,9729,9729,33071,33071,0,0,1",-1],[1],0,[],[],[]],[["0,9729,9729,33071,33071,0,0,1",-1],[1],0,[],[],[]],[[[0,"ತನಯ",".mp3",0.696],-1],0,0,[],[],[]],[["0,9729,9729,33071,33071,0,0,1",-1],[1],0,[],[],[]],[[[0,"ಬಳಪ",".mp3",0.72],-1],0,0,[],[],[]],[[[0,"ತಳ",".mp3",0.576],-1],0,0,[],[],[]],[[{"name":"eagerness","rect":[0,0,800,510],"offset":[0,0],"originalSize":[800,510],"capInsets":[0,0,0,0]}],[0],0,[0],[0],[8]],[[{"name":"eager","rect":[0,0,800,533],"offset":[0,0],"originalSize":[800,533],"capInsets":[0,0,0,0]}],[0],0,[0],[0],[9]],[[[1,"kn0405",{"rows":[["rocket","1","Description","ತಳ","ತ,ಳ","ತ,ಳ","ತಳ.mp3","bottom.png","False","False"],["spelldoor","1","Description","ಪಳಪಳ","ಪ*ಪಳ","0","0","bright.png","ಪಳಪಳ.mp3"],["rocket","1","Description","ಆಟ","ಆ,ಟ","ಆ,ಟ","ಆಟ.mp3","play.png","False","False"],["spelldoor","1","Description","ಏತ","*ತ","0","0","waterpulley.png","ಏತ.mp3"],["rocket","1","Description","ಆಗಸ","ಆ,ಗ,ಸ","ಆ,ಗ,ಸ","ಆಗಸ.mp3","sky.png","False","False"],["spelldoor","1","Description","ತವಕ","*ವಕ","0","0","eager.png","ತವಕ.mp3"],["rocket","1","Description","ಆತ","ಆ,ತ","ಆ,ತ","ಆತ.mp3","he.png","False","False"],["spelldoor","1","Description","ತನಯ","*ನಯ","0","0","son.png","ತನಯ.mp3"],["rocket","1","Description","ಮತ","ಮ,ತ","ಮ,ತ","ಮತ.mp3","vote.png","False","False"],["spelldoor","1","Description","ಆಲ","*ಲ","0","0","banyan.png","ಆಲ.mp3"],["rocket","1","Description","ಬಳಪ","ಬ,ಳ,ಪ","ಬ,ಳ,ಪ","ಬಳಪ.mp3","chalk.png","False","False"],["quizliteracy","1","Description","word_word","ಏ","ತ","ಏ","ಬ","","_ತ","ಏತ.mp3"],["quizliteracy","1","Description","word_word","ತ","ಏ","ಬ","ತ","","_ನಯ","ತನಯ.mp3"],["quizliteracy","1","Description","word_word","ಬ","ಬ","ತ","ಏ","","_ಳಪ","ಬಳಪ.mp3"]]}]],0,0,[],[],[]],[["0,9729,9729,33071,33071,0,0,1",-1],[1],0,[],[],[]],[[{"name":"waterpulley","rect":[0,0,800,532],"offset":[0,0],"originalSize":[800,532],"capInsets":[0,0,0,0]}],[0],0,[0],[0],[10]],[[[0,"ಆತ",".mp3",1.32],-1],0,0,[],[],[]],[["0,9729,9729,33071,33071,0,0,1",-1],[1],0,[],[],[]],[["0,9729,9729,33071,33071,0,0,1",-1],[1],0,[],[],[]],[[[0,"ಆಲ",".mp3",1.08],-1],0,0,[],[],[]],[["0,9729,9729,33071,33071,0,0,1",-1],[1],0,[],[],[]],[["0,9729,9729,33071,33071,0,0,1",-1],[1],0,[],[],[]],[[{"name":"banyan","rect":[0,0,800,533],"offset":[0,0],"originalSize":[800,533],"capInsets":[0,0,0,0]}],[0],0,[0],[0],[11]],[["0,9729,9729,33071,33071,0,0,1",-1],[1],0,[],[],[]],[["0,9729,9729,33071,33071,0,0,1",-1],[1],0,[],[],[]],[[[0,"ಪಳಪಳ",".mp3",0.792],-1],0,0,[],[],[]]]]