[1,["1cH0WltBVPSZI3d81KzoIw","3eZMKEBdhItJ9TX99tiZXB","ccVaZ7wSpFYJmm8hpYzJkO","deespcdbBOhL+XFr1+rwmM","d81PupE/hMgYKkzyzmJ9Sh","40ZPyeGydGYbthN4gofai4","3c8GtuC71G9rECx6T0Bqb0","c05cDFRgtAgp3MumDv1jXG","94B7YRpKZEAaYby6v6gA/s","a1EQHvndBDG6YDYxA7K6Bd","bf3GExj65FtIBLAZH+elD9","73c+n1WapMfZPNT7OJKIVl","1c+MlGc8BKNat+L/Bvr0ZW","b3W9VjOQdMTabB8p6H0XXc","5babduxTNLp6lWmesLcA/Z","0ekjBXlnlAQ6uIKCNCxv5b","57DD8ZoNBGC7X56+FMjUye","ecZgSExBhFi6sDJDMYRP83","941gi05hdBVarqy2NcjUci","56PyAIVThKs6VsxY1AFulK","c2Sn6IodtJHqp2ZsKZTjuI","98+THbHsJEL6xs/q2SGu2I","00BiC2WodGsqxidNwZmlg5","94+xEJgEVKW7McDhUuEFts","30fT+HKwpJDI0xokIhC8CN","53AfF5VaRNNIYNF9a01Tqi"],["_textureSetter"],["cc.Texture2D","cc.SpriteFrame",["cc.AudioClip",["_name","_native","duration"],0],["cc.JsonAsset",["_name","json"],1]],[[2,0,1,2,4],[3,0,1,3]],[[["0,9729,9729,33071,33071,0,0,1",-1],[0],0,[],[],[]],[[{"name":"l8_heswimming","rect":[0,0,868,689],"offset":[0,0],"originalSize":[868,689],"capInsets":[0,0,0,0]}],[1],0,[0],[0],[0]],[[{"name":"l8_shecooking","rect":[0,0,868,689],"offset":[0,0],"originalSize":[868,689],"capInsets":[0,0,0,0]}],[1],0,[0],[0],[1]],[["0,9729,9729,33071,33071,0,0,1",-1],[0],0,[],[],[]],[[[0,"Choose_the_correct_sentence",".mp3",2.592],-1],0,0,[],[],[]],[[{"name":"l7_hecancook","rect":[0,0,868,689],"offset":[0,0],"originalSize":[868,689],"capInsets":[0,0,0,0]}],[1],0,[0],[0],[2]],[[[0,"He_is_jumping",".mp3",1.68],-1],0,0,[],[],[]],[[[0,"He_is_eating_fish",".mp3",1.872],-1],0,0,[],[],[]],[["0,9729,9729,33071,33071,0,0,1",-1],[0],0,[],[],[]],[["0,9729,9729,33071,33071,0,0,1",-1],[0],0,[],[],[]],[[{"name":"l7_hecanmake_house","rect":[0,0,868,689],"offset":[0,0],"originalSize":[868,689],"capInsets":[0,0,0,0]}],[1],0,[0],[0],[3]],[[{"name":"l7_shecanjump","rect":[0,0,868,689],"offset":[0,0],"originalSize":[868,689],"capInsets":[0,0,0,0]}],[1],0,[0],[0],[4]],[[{"name":"l8_shesleeping","rect":[0,0,868,689],"offset":[0,0],"originalSize":[868,689],"capInsets":[0,0,0,0]}],[1],0,[0],[0],[5]],[[[0,"Ducks_can_swim",".mp3",1.848],-1],0,0,[],[],[]],[[{"name":"l8_shewashinghand","rect":[0,0,868,689],"offset":[0,0],"originalSize":[868,689],"capInsets":[0,0,0,0]}],[1],0,[0],[0],[6]],[["0,9729,9729,33071,33071,0,0,1",-1],[0],0,[],[],[]],[[{"name":"l8_heeatingsalad","rect":[0,0,868,689],"offset":[0,0],"originalSize":[868,689],"capInsets":[0,0,0,0]}],[1],0,[0],[0],[7]],[[[0,"He_can_draw",".mp3",1.32],-1],0,0,[],[],[]],[[{"name":"l7_shecanrun","rect":[0,0,868,689],"offset":[0,0],"originalSize":[868,689],"capInsets":[0,0,0,0]}],[1],0,[0],[0],[8]],[["0,9729,9729,33071,33071,0,0,1",-1],[0],0,[],[],[]],[[{"name":"l7_duckcanswim","rect":[0,0,868,689],"offset":[0,0],"originalSize":[868,689],"capInsets":[0,0,0,0]}],[1],0,[0],[0],[9]],[["0,9729,9729,33071,33071,0,0,1",-1],[0],0,[],[],[]],[["0,9729,9729,33071,33071,0,0,1",-1],[0],0,[],[],[]],[[{"name":"l7_fishcanswim","rect":[0,0,868,689],"offset":[0,0],"originalSize":[868,689],"capInsets":[0,0,0,0]}],[1],0,[0],[0],[10]],[[[0,"She_is_sleeping",".mp3",1.704],-1],0,0,[],[],[]],[[{"name":"l7_theyrun","rect":[0,0,868,689],"offset":[0,0],"originalSize":[868,689],"capInsets":[0,0,0,0]}],[1],0,[0],[0],[11]],[["0,9729,9729,33071,33071,0,0,1",-1],[0],0,[],[],[]],[[[0,"He_can_make_a_desk",".mp3",1.992],-1],0,0,[],[],[]],[[[0,"He_is_eating_a_donut",".mp3",2.256],-1],0,0,[],[],[]],[["0,9729,9729,33071,33071,0,0,1",-1],[0],0,[],[],[]],[[[0,"They_can_jump_high",".mp3",1.992],-1],0,0,[],[],[]],[["0,9729,9729,33071,33071,0,0,1",-1],[0],0,[],[],[]],[[{"name":"l8_heeatingfish","rect":[0,0,868,689],"offset":[0,0],"originalSize":[868,689],"capInsets":[0,0,0,0]}],[1],0,[0],[0],[12]],[["0,9729,9729,33071,33071,0,0,1",-1],[0],0,[],[],[]],[[[0,"They_can_run_fast",".mp3",2.112],-1],0,0,[],[],[]],[[[0,"He_can_cook",".mp3",1.344],-1],0,0,[],[],[]],[[[0,"Frogs_can_swim",".mp3",2.04],-1],0,0,[],[],[]],[[[0,"She_can_jump",".mp3",1.608],-1],0,0,[],[],[]],[["0,9729,9729,33071,33071,0,0,1",-1],[0],0,[],[],[]],[[{"name":"l7_frogcanswim","rect":[0,0,868,689],"offset":[0,0],"originalSize":[868,689],"capInsets":[0,0,0,0]}],[1],0,[0],[0],[13]],[[{"name":"l7_hecandraw","rect":[0,0,868,689],"offset":[0,0],"originalSize":[868,689],"capInsets":[0,0,0,0]}],[1],0,[0],[0],[14]],[[[0,"He_is_eating_salad",".mp3",2.016],-1],0,0,[],[],[]],[[{"name":"l8_heeatingdonut","rect":[0,0,868,689],"offset":[0,0],"originalSize":[868,689],"capInsets":[0,0,0,0]}],[1],0,[0],[0],[15]],[[[0,"Fish_can_swim",".mp3",1.752],-1],0,0,[],[],[]],[[{"name":"l7_theyjump","rect":[0,0,868,689],"offset":[0,0],"originalSize":[868,689],"capInsets":[0,0,0,0]}],[1],0,[0],[0],[16]],[[[0,"He_is_running",".mp3",1.44],-1],0,0,[],[],[]],[[{"name":"l7_hecanmake_desk","rect":[0,0,868,689],"offset":[0,0],"originalSize":[868,689],"capInsets":[0,0,0,0]}],[1],0,[0],[0],[17]],[["0,9729,9729,33071,33071,0,0,1",-1],[0],0,[],[],[]],[["0,9729,9729,33071,33071,0,0,1",-1],[0],0,[],[],[]],[["0,9729,9729,33071,33071,0,0,1",-1],[0],0,[],[],[]],[[[0,"She_can_run",".mp3",1.44],-1],0,0,[],[],[]],[["0,9729,9729,33071,33071,0,0,1",-1],[0],0,[],[],[]],[[[0,"He_is_walking",".mp3",1.584],-1],0,0,[],[],[]],[[[0,"She_can_swim",".mp3",1.56],-1],0,0,[],[],[]],[["0,9729,9729,33071,33071,0,0,1",-1],[0],0,[],[],[]],[[[0,"She_is_washing_her_hands",".mp3",2.544],-1],0,0,[],[],[]],[[[1,"en2004",{"rows":[["picturemeaning","1","Description","P","She can jump.","l7_shecanjump.png","She_can_jump.mp3","She can swim.","l7_shecanswim.png","She_can_swim.mp3","She can run.","l7_shecanrun.png","She_can_run.mp3"],["picturemeaning","1","Description","P","Frogs can swim.","l7_frogcanswim.png","Frogs_can_swim.mp3","Fish can swim.","l7_fishcanswim.png","Fish_can_swim.mp3","Ducks can swim.","l7_duckcanswim.png","Ducks_can_swim.mp3"],["picturemeaning","1","Description","S","He can draw.","l7_hecandraw.png","He_can_draw.mp3","He can cook.","l7_hecancook.png","He_can_cook.mp3","He can drive.","l7_hecandrive.png","He_can_drive.mp3"],["picturemeaning","1","Description","S","They can jump high.","l7_theyjump.png","They_can_jump_high.mp3","They can run fast.","l7_theyrun.png","They_can_run_fast.mp3","They can cook well.","l7_theycook.png","They_can_cook_well.mp3"],["picturemeaning","1","Description","S","He can make a boat.","l7_hecanmake_boat.png","He_can_make_a_boat.mp3","He can make a desk.","l7_hecanmake_desk.png","He_can_make_a_desk.mp3","He can make a house.","l7_hecanmake_house.png","He_can_make_a_house.mp3"],["picturemeaning","1","Description","S","She is cooking.","l8_shecooking.png","She_is_cooking.mp3","She is sleeping.","l8_shesleeping.png","She_is_sleeping.mp3","She is washing her hands.","l8_shewashinghand.png","She_is_washing_her_hands.mp3"],["picturemeaning","1","Description","S","He is running.","l8_herunning.png","He_is_running.mp3","He is walking.","l8_hewalking.png","He_is_walking.mp3","He is jumping.","l8_hejumping.png","He_is_jumping.mp3"],["picturemeaning","1","Description","P","He is swimming.","l8_heswimming.png","He_is_swimming.mp3","She is swimming.","l8_sheswimmig.png","She_is_swimming.mp3","He is jumping.","l8_hejumping.png","He_is_jumping.mp3"],["picturemeaning","1","Description","P","He is eating salad.","l8_heeatingsalad.png","He_is_eating_salad.mp3","He is eating a donut.","l8_heeatingdonut.png","He_is_eating_a_donut.mp3","He is eating fish.","l8_heeatingfish.png","He_is_eating_fish.mp3"],["quizliteracy","1","Description","image_sentence","She can jump.","She can run.","She can swim.","She can jump.","l7_shecanjump.png","","She_can_jump.mp3"],["quizliteracy","1","Description","sentence_sentence","Frogs can swim.","Frogs can fly","Frogs can swim.","Frogs can sing","","choose the right one","Choose_the_correct_sentence.mp3"],["quizliteracy","1","Description","image_sentence","She is cooking.","She is cooking.","She is sleeping.","She is washing her hands.","l8_shecooking.png","","She_is_cooking.mp3"],["quizliteracy","1","Description","image_sentence","He is eating salad.","He is eating a donut.","He is eating salad.","He is eating fish.","l8_heeatingsalad.png","","He_is_eating_salad.mp3"],["quizliteracy","1","Description","image_sentence","He is running.","He is walking.","He is jumping.","He is running.","l8_herunning.png","","He_is_running.mp3"]]}]],0,0,[],[],[]],[["0,9729,9729,33071,33071,0,0,1",-1],[0],0,[],[],[]],[[[0,"He_can_drive",".mp3",1.488],-1],0,0,[],[],[]],[[[0,"He_is_swimming",".mp3",1.56],-1],0,0,[],[],[]],[["0,9729,9729,33071,33071,0,0,1",-1],[0],0,[],[],[]],[["0,9729,9729,33071,33071,0,0,1",-1],[0],0,[],[],[]],[["0,9729,9729,33071,33071,0,0,1",-1],[0],0,[],[],[]],[[{"name":"l8_sheswimmig","rect":[0,0,868,689],"offset":[0,0],"originalSize":[868,689],"capInsets":[0,0,0,0]}],[1],0,[0],[0],[18]],[["0,9729,9729,33071,33071,0,0,1",-1],[0],0,[],[],[]],[[[0,"She_is_swimming",".mp3",1.656],-1],0,0,[],[],[]],[["0,9729,9729,33071,33071,0,0,1",-1],[0],0,[],[],[]],[[[0,"They_can_cook_well",".mp3",1.776],-1],0,0,[],[],[]],[["0,9729,9729,33071,33071,0,0,1",-1],[0],0,[],[],[]],[[{"name":"l7_theycook","rect":[0,0,868,689],"offset":[0,0],"originalSize":[868,689],"capInsets":[0,0,0,0]}],[1],0,[0],[0],[19]],[[{"name":"l7_hecandrive","rect":[0,0,868,689],"offset":[0,0],"originalSize":[868,689],"capInsets":[0,0,0,0]}],[1],0,[0],[0],[20]],[[[0,"He_can_make_a_house",".mp3",2.04],-1],0,0,[],[],[]],[[[0,"He_can_make_a_boat",".mp3",1.992],-1],0,0,[],[],[]],[[{"name":"l8_hejumping","rect":[0,0,868,689],"offset":[0,0],"originalSize":[868,689],"capInsets":[0,0,0,0]}],[1],0,[0],[0],[21]],[["0,9729,9729,33071,33071,0,0,1",-1],[0],0,[],[],[]],[[[0,"She_is_cooking",".mp3",1.56],-1],0,0,[],[],[]],[[{"name":"l7_hecanmake_boat","rect":[0,0,868,689],"offset":[0,0],"originalSize":[868,689],"capInsets":[0,0,0,0]}],[1],0,[0],[0],[22]],[[{"name":"l7_shecanswim","rect":[0,0,868,689],"offset":[0,0],"originalSize":[868,689],"capInsets":[0,0,0,0]}],[1],0,[0],[0],[23]],[[{"name":"l8_hewalking","rect":[0,0,868,689],"offset":[0,0],"originalSize":[868,689],"capInsets":[0,0,0,0]}],[1],0,[0],[0],[24]],[[{"name":"l8_herunning","rect":[0,0,868,689],"offset":[0,0],"originalSize":[868,689],"capInsets":[0,0,0,0]}],[1],0,[0],[0],[25]]]]