[1,["56M6k4WFJLSrncOoQ8I6yv","0fYNsVsz1OZ4VauBBhQDxb","6e+HwUTrZHK7CQjUpmYnue","48crsiJ+tFPLafM1vSYOi3","0eNY5icwJGTYHM4xs/lr66","9bq7Rq3+1NHqPQC3P5EKib","6dH6yeAwBLX5CzZ6BT107p","c3namepxNIWYHAhFP71J83","26yXJ6OQRHgZg/lYqJZPC/","8aTDtbfJZDWqkbI9u6e8aQ","ac634nYJ1IyJ1dJBUNMVLi","aaOkPHLNZD+rcvQJSvZr0b"],["_textureSetter"],["cc.SpriteFrame","cc.Texture2D",["cc.JsonAsset",["_name","json"],1]],[[2,0,1,3]],[[[{"name":"window","rect":[10,3,287,251],"offset":[0,-0.5],"originalSize":[307,256],"capInsets":[0,0,0,0]}],[0],0,[0],[0],[0]],[["0,9729,9729,33071,33071,0,0,1",-1],[1],0,[],[],[]],[["0,9729,9729,33071,33071,0,0,1",-1],[1],0,[],[],[]],[[[0,"puzzle0004",{"rows":[["matchbox","1","Description","8.0","triangleruler.png","television.png","donut.png","mirror.png","triangle_blue.png","rectangle_blue.png","circle_blue.png","ellipse_blue.png"],["matchbox","1","Description","8.0","triangleruler.png","television.png","donut.png","mirror.png","triangle.png","window.png","wheel.png","balloon_orange.png"]]}]],0,0,[],[],[]],[[{"name":"triangleruler","rect":[0,0,286,232],"offset":[0,0],"originalSize":[286,232],"capInsets":[0,0,0,0]}],[0],0,[0],[0],[1]],[[{"name":"wheel","rect":[3,3,280,280],"offset":[0,0],"originalSize":[286,286],"capInsets":[0,0,0,0]}],[0],0,[0],[0],[2]],[[{"name":"rectangle_blue","rect":[0,0,307,256],"offset":[0,0],"originalSize":[307,256],"capInsets":[0,0,0,0]}],[0],0,[0],[0],[3]],[["0,9729,9729,33071,33071,0,0,1",-1],[1],0,[],[],[]],[[{"name":"television","rect":[10,6,288,266],"offset":[0.5,-1],"originalSize":[307,276],"capInsets":[0,0,0,0]}],[0],0,[0],[0],[4]],[[{"name":"balloon_orange","rect":[0,0,213,334],"offset":[0,4.5],"originalSize":[213,343],"capInsets":[0,0,0,0]}],[0],0,[0],[0],[5]],[["0,9729,9729,33071,33071,0,0,1",-1],[1],0,[],[],[]],[[{"name":"triangle","rect":[11,3,270,324],"offset":[3.5,-1.5],"originalSize":[285,327],"capInsets":[0,0,0,0]}],[0],0,[0],[0],[6]],[["0,9729,9729,33071,33071,0,0,1",-1],[1],0,[],[],[]],[[{"name":"mirror","rect":[6,14,201,305],"offset":[0,-3],"originalSize":[213,327],"capInsets":[0,0,0,0]}],[0],0,[0],[0],[7]],[[{"name":"ellipse_blue","rect":[0,0,213,316],"offset":[0,0],"originalSize":[213,316],"capInsets":[0,0,0,0]}],[0],0,[0],[0],[8]],[["0,9729,9729,33071,33071,0,0,1",-1],[1],0,[],[],[]],[["0,9729,9729,33071,33071,0,0,1",-1],[1],0,[],[],[]],[[{"name":"circle_blue","rect":[0,0,276,276],"offset":[0,0],"originalSize":[276,276],"capInsets":[0,0,0,0]}],[0],0,[0],[0],[9]],[["0,9729,9729,33071,33071,0,0,1",-1],[1],0,[],[],[]],[[{"name":"triangle_blue","rect":[0,0,285,249],"offset":[0,0],"originalSize":[285,249],"capInsets":[0,0,0,0]}],[0],0,[0],[0],[10]],[["0,9729,9729,33071,33071,0,0,1",-1],[1],0,[],[],[]],[["0,9729,9729,33071,33071,0,0,1",-1],[1],0,[],[],[]],[["0,9729,9729,33071,33071,0,0,1",-1],[1],0,[],[],[]],[["0,9729,9729,33071,33071,0,0,1",-1],[1],0,[],[],[]],[[{"name":"donut","rect":[0,0,249,249],"offset":[0,0],"originalSize":[249,249],"capInsets":[0,0,0,0]}],[0],0,[0],[0],[11]]]]