[1,["00dx1IQGBPmYZk+woRy1/b","96dWS3EW9E4IMdxKUON5qJ","fb76lcj7BCcJ2aJtZHghr2","edNawfW2VAw7L85ImwVz5g","e0kcdYC5JOIoKlQGsRj7Cb","7b8NLrKtpN27yfiR1hNY28","dcOLiMe0RCobEezRiA7K82","6b4mO+Ft5Nl6nQmoPKqFeK","d58cKXm89KFYRH4qJjTPPa","6ee9LVwWRLQKVDy5OhUaGs","60S9eHDCNGB6c782C1dyXL","81oWpQyk9NjIiHrPfhnm+y","9613zOKjZN66BLmU7DdLwB"],["_textureSetter"],["cc.Texture2D","cc.SpriteFrame",["cc.AudioClip",["_name","_native","duration"],0],["cc.JsonAsset",["_name","json"],1]],[[2,0,1,2,4],[3,0,1,3]],[[["0,9729,9729,33071,33071,0,0,1",-1],[0],0,[],[],[]],[[[0,"ಮಗ",".mp3",0.6],-1],0,0,[],[],[]],[[[0,"ಮರ",".mp3",0.576],-1],0,0,[],[],[]],[[{"name":"man","rect":[0,0,400,500],"offset":[0,0],"originalSize":[400,500],"capInsets":[0,0,0,0]}],[1],0,[0],[0],[0]],[[[0,"ಬನ",".mp3",0.6],-1],0,0,[],[],[]],[[[0,"ವರ",".mp3",0.576],-1],0,0,[],[],[]],[[[0,"ನಗರ",".mp3",0.696],-1],0,0,[],[],[]],[[{"name":"hurry","rect":[0,0,500,333],"offset":[0,0],"originalSize":[500,333],"capInsets":[0,0,0,0]}],[1],0,[0],[0],[1]],[[{"name":"son","rect":[0,0,341,512],"offset":[0,0],"originalSize":[341,512],"capInsets":[0,0,0,0]}],[1],0,[0],[0],[2]],[["0,9729,9729,33071,33071,0,0,1",-1],[0],0,[],[],[]],[[[0,"ದವಸ",".mp3",0.792],-1],0,0,[],[],[]],[[{"name":"yama","rect":[0,0,358,512],"offset":[0,0],"originalSize":[358,512],"capInsets":[0,0,0,0]}],[1],0,[0],[0],[3]],[["0,9729,9729,33071,33071,0,0,1",-1],[0],0,[],[],[]],[["0,9729,9729,33071,33071,0,0,1",-1],[0],0,[],[],[]],[[[0,"ಅವಸರ",".mp3",1.2],-1],0,0,[],[],[]],[[{"name":"boon","rect":[0,0,512,342],"offset":[0,0],"originalSize":[512,342],"capInsets":[0,0,0,0]}],[1],0,[0],[0],[4]],[["0,9729,9729,33071,33071,0,0,1",-1],[0],0,[],[],[]],[[[1,"kn0105",{"rows":[["rocket","1","Description","ಜನ","ಜ,ನ","ಜ,ನ","ಜನ.mp3","people.png","False","False"],["spelldoor","1","Description","ಜವ","*ವ","0","0","yama.png","ಜವ.mp3"],["rocket","1","Description","ವರ","ವ,ರ","ವ,ರ","ವರ.mp3","boon.png","False","False"],["spelldoor","1","Description","ದವಸ","ದ*ಸ","0","0","grains.png","ದವಸ.mp3"],["rocket","1","Description","ಮಗ","ಮ,ಗ","ಮ,ಗ","ಮಗ.mp3","son.png","False","False"],["spelldoor","1","Description","ಅವಸರ","ಅ*ಸರ","0","0","hurry.png","ಅವಸರ.mp3"],["rocket","1","Description","ಬನ","ಬ,ನ","ಬ,ನ","ಬನ.mp3","garden.png","False","False"],["spelldoor","1","Description","ನಗರ","*ಗರ","0","0","city.png","ನಗರ.mp3"],["rocket","1","Description","ನರ","ನ,ರ","ನ,ರ","ನರ.mp3","man.png","False","False"],["spelldoor","1","Description","ಬಸವ","*ಸವ","0","0","bull.png","ಬಸವ.mp3"],["rocket","1","Description","ವನಜ","ವ,ನಜ","ವ,ನಜ","ವನಜ.mp3","lotus.png","False","False"],["spelldoor","1","Description","ಜಗ","*ಗ","0","0","world.png","ಜಗ.mp3"],["rocket","1","Description","ಮರ","ಮ,ರ","ಮ,ರ","ಮರ.mp3","tree.png","False","False"],["quizliteracy","1","Description","word_word","ಜ","ಮ","ನ","ಜ","","_ವ","ಜವ.mp3"],["quizliteracy","1","Description","word_word","ನ","ನ","ಜ","ಮ","","_ಗರ","ನಗರ.mp3"],["quizliteracy","1","Description","word_word","ಮ","ಜ","ಮ","ನ","","_ರ","ಮರ.mp3"]]}]],0,0,[],[],[]],[["0,9729,9729,33071,33071,0,0,1",-1],[0],0,[],[],[]],[[[0,"ಬಸವ",".mp3",0.744],-1],0,0,[],[],[]],[["0,9729,9729,33071,33071,0,0,1",-1],[0],0,[],[],[]],[[{"name":"world","rect":[0,0,512,340],"offset":[0,0],"originalSize":[512,340],"capInsets":[0,0,0,0]}],[1],0,[0],[0],[5]],[["0,9729,9729,33071,33071,0,0,1",-1],[0],0,[],[],[]],[[{"name":"city","rect":[0,0,512,378],"offset":[0,0],"originalSize":[512,378],"capInsets":[0,0,0,0]}],[1],0,[0],[0],[6]],[[[0,"ನರ",".mp3",0.576],-1],0,0,[],[],[]],[[[0,"ಜಗ",".mp3",0.672],-1],0,0,[],[],[]],[[{"name":"tree","rect":[0,0,512,378],"offset":[0,0],"originalSize":[512,378],"capInsets":[0,0,0,0]}],[1],0,[0],[0],[7]],[[{"name":"lotus","rect":[0,0,500,333],"offset":[0,0],"originalSize":[500,333],"capInsets":[0,0,0,0]}],[1],0,[0],[0],[8]],[[[0,"ಜವ",".mp3",0.624],-1],0,0,[],[],[]],[[{"name":"people","rect":[0,0,512,337],"offset":[0,0],"originalSize":[512,337],"capInsets":[0,0,0,0]}],[1],0,[0],[0],[9]],[["0,9729,9729,33071,33071,0,0,1",-1],[0],0,[],[],[]],[["0,9729,9729,33071,33071,0,0,1",-1],[0],0,[],[],[]],[[[0,"ವನಜ",".mp3",0.72],-1],0,0,[],[],[]],[["0,9729,9729,33071,33071,0,0,1",-1],[0],0,[],[],[]],[[[0,"ಜನ",".mp3",0.624],-1],0,0,[],[],[]],[[{"name":"grains","rect":[0,0,512,340],"offset":[0,0],"originalSize":[512,340],"capInsets":[0,0,0,0]}],[1],0,[0],[0],[10]],[["0,9729,9729,33071,33071,0,0,1",-1],[0],0,[],[],[]],[[{"name":"bull","rect":[0,0,512,288],"offset":[0,0],"originalSize":[512,288],"capInsets":[0,0,0,0]}],[1],0,[0],[0],[11]],[["0,9729,9729,33071,33071,0,0,1",-1],[0],0,[],[],[]],[[{"name":"garden","rect":[0,0,512,341],"offset":[0,0],"originalSize":[512,341],"capInsets":[0,0,0,0]}],[1],0,[0],[0],[12]]]]