[1,["22QtsU8SNMuYEHwuvEVOrv","a8Tuy6I6lNSqMbD3rREMXz","40Avvg7uBGUoQ7GK/rHfcK","76wBupljpIxLCKYOWyqBAJ","72KTCuzmdIgIuhTI5Row+v","2eY/4FRw5INYRVEO+CmVx/","11hLfq8T9EBZW+NTl013IT"],["_textureSetter"],["cc.SpriteFrame","cc.Texture2D",["cc.AudioClip",["_name","_native","duration"],0],["cc.JsonAsset",["_name","json"],1]],[[2,0,1,2,4],[3,0,1,3]],[[[[0,"ತಾಯಿ",".mp3",0.696],-1],0,0,[],[],[]],[[{"name":"cricketer","rect":[0,0,500,333],"offset":[0,0],"originalSize":[500,333],"capInsets":[0,0,0,0]}],[0],0,[0],[0],[0]],[["0,9729,9729,33071,33071,0,0,1",-1],[1],0,[],[],[]],[[[0,"ಸೈನಿಕ",".mp3",0.888],-1],0,0,[],[],[]],[["0,9729,9729,33071,33071,0,0,1",-1],[1],0,[],[],[]],[["0,9729,9729,33071,33071,0,0,1",-1],[1],0,[],[],[]],[["0,9729,9729,33071,33071,0,0,1",-1],[1],0,[],[],[]],[[{"name":"dad","rect":[0,0,500,333],"offset":[0,0],"originalSize":[500,333],"capInsets":[0,0,0,0]}],[0],0,[0],[0],[1]],[[{"name":"queen","rect":[0,0,318,512],"offset":[0,0],"originalSize":[318,512],"capInsets":[0,0,0,0]}],[0],0,[0],[0],[2]],[["0,9729,9729,33071,33071,0,0,1",-1],[1],0,[],[],[]],[[[0,"ವೈದ್ಯೆ",".mp3",0.816],-1],0,0,[],[],[]],[["0,9729,9729,33071,33071,0,0,1",-1],[1],0,[],[],[]],[[{"name":"soldier","rect":[0,0,500,333],"offset":[0,0],"originalSize":[500,333],"capInsets":[0,0,0,0]}],[0],0,[0],[0],[3]],[[{"name":"mom","rect":[0,0,500,333],"offset":[0,0],"originalSize":[500,333],"capInsets":[0,0,0,0]}],[0],0,[0],[0],[4]],[["0,9729,9729,33071,33071,0,0,1",-1],[1],0,[],[],[]],[[[0,"ತಂದೆ",".mp3",0.72],-1],0,0,[],[],[]],[[[0,"ರೈತ",".mp3",0.72],-1],0,0,[],[],[]],[[[1,"kn2900",{"rows":[["openwindow","1","Description","LEGIT","ತಾ,ಯಿ","mom.png","dad.png","ತಾಯಿ.mp3","ತಾ,ಯಿ"],["openwindow","1","Description","LEGIT","ರೈ,ತ","farmer.png","doctor.png","ರೈತ.mp3","ರೈ,ತ"],["openwindow","1","Description","LEGIT","ವೈ,ದ್ಯೆ","doctor.png","queen.png","ವೈದ್ಯೆ.mp3","ವೈ,ದ್ಯೆ"],["openwindow","1","Description","LEGIT","ಸೈ,ನಿ,ಕ","soldier.png","cricketer.png","ಸೈನಿಕ.mp3","ಸೈ,ನಿ,ಕ"],["openwindow","1","Description","LEGIT","ತಂ,ದೆ","dad.png","mom.png","ತಂದೆ.mp3","ತಂ,ದೆ"],["quizliteracy","1","Description","word_word","ನಿಕ","ನಿಕ","ಯುಧ","ಕಲ್ಲು","","ಸೈ____","ಸೈನಿಕ.mp3"],["quizliteracy","1","Description","image_word","ರೈತ","ತಂದೆ","ರೈತ","ವೈದ್ಯೆ","farmer.png"],["quizliteracy","1","Description","soundonly_word","ತಾಯಿ","ರೈತ","ವೈದ್ಯೆ","ತಾಯಿ","","","ತಾಯಿ.mp3"]]}]],0,0,[],[],[]],[[{"name":"farmer","rect":[0,0,500,333],"offset":[0,0],"originalSize":[500,333],"capInsets":[0,0,0,0]}],[0],0,[0],[0],[5]],[[{"name":"doctor","rect":[0,0,500,333],"offset":[0,0],"originalSize":[500,333],"capInsets":[0,0,0,0]}],[0],0,[0],[0],[6]]]]