[1,["d7q4G+CkpN756HKUjM6pDY","87PsA3uQ5Dj6wPtLbn0yIT","b8f6BM6vtBWIVyfZWE/BjK","d2D2IwbvNOjoJUaBSCBbEL","43IiObdEJGH5Ng6YKIHvGW","37YUa2bAhIT69XNSCoGvav","48fZ0YyF5H1agDRDSCiIob"],["_textureSetter"],["cc.SpriteFrame","cc.Texture2D",["cc.AudioClip",["_name","_native","duration"],0],["cc.JsonAsset",["_name","json"],1]],[[2,0,1,2,4],[3,0,1,3]],[[[{"name":"sixtieth","rect":[0,0,512,368],"offset":[0,0],"originalSize":[512,368],"capInsets":[0,0,0,0]}],[0],0,[0],[0],[0]],[[{"name":"seventieth","rect":[0,0,512,368],"offset":[0,0],"originalSize":[512,368],"capInsets":[0,0,0,0]}],[0],0,[0],[0],[1]],[["0,9729,9729,33071,33071,0,0,1",-1],[1],0,[],[],[]],[[[0,"seventieth",".mp3",1.128],-1],0,0,[],[],[]],[["0,9729,9729,33071,33071,0,0,1",-1],[1],0,[],[],[]],[["0,9729,9729,33071,33071,0,0,1",-1],[1],0,[],[],[]],[[[0,"eightieth",".mp3",0.912],-1],0,0,[],[],[]],[[{"name":"fiftieth","rect":[0,0,512,368],"offset":[0,0],"originalSize":[512,368],"capInsets":[0,0,0,0]}],[0],0,[0],[0],[2]],[[[1,"sl_en3507",{"rows":[["openwindow1","1","Description","LEGIT","fortieth","fortieth.png","seventieth.png","fortieth.mp3",""],["openwindow1","1","Description","LEGIT","fiftieth","fiftieth.png","ninetieth.png","fiftieth.mp3",""],["openwindow1","1","Description","LEGIT","sixtieth","sixtieth.png","seventieth.png","sixtieth.mp3",""],["openwindow1","1","Description","LEGIT","seventieth","seventieth.png","fortieth.png","seventieth.mp3",""],["openwindow1","1","Description","LEGIT","eightieth","eightieth.png","hundredth.png","eightieth.mp3",""],["openwindow1","1","Description","LEGIT","ninetieth","ninetieth.png","eightieth.png","ninetieth.mp3",""],["openwindow1","1","Description","LEGIT","hundredth","hundredth.png","sixtieth.png","hundredth.mp3",""],["quizliteracy","1","Description","image_sentence","fortieth","fortieth","sixtieth","hundredth","fortieth.png","","fortieth.mp3"],["quizliteracy","1","Description","image_sentence","sixtieth","hundredth","fortieth","sixtieth","sixtieth.png","","sixtieth.mp3"],["quizliteracy","1","Description","image_sentence","hundredth","sixtieth","hundredth","fortieth","hundredth.png","","hundredth.mp3"]]}]],0,0,[],[],[]],[[{"name":"eightieth","rect":[0,0,512,368],"offset":[0,0],"originalSize":[512,368],"capInsets":[0,0,0,0]}],[0],0,[0],[0],[3]],[["0,9729,9729,33071,33071,0,0,1",-1],[1],0,[],[],[]],[[[0,"sixtieth",".mp3",1.128],-1],0,0,[],[],[]],[[[0,"hundredth",".mp3",0.936],-1],0,0,[],[],[]],[[{"name":"fortieth","rect":[0,0,512,368],"offset":[0,0],"originalSize":[512,368],"capInsets":[0,0,0,0]}],[0],0,[0],[0],[4]],[["0,9729,9729,33071,33071,0,0,1",-1],[1],0,[],[],[]],[[[0,"ninetieth",".mp3",1.008],-1],0,0,[],[],[]],[["0,9729,9729,33071,33071,0,0,1",-1],[1],0,[],[],[]],[["0,9729,9729,33071,33071,0,0,1",-1],[1],0,[],[],[]],[[[0,"fiftieth",".mp3",1.032],-1],0,0,[],[],[]],[[{"name":"hundredth","rect":[0,0,512,368],"offset":[0,0],"originalSize":[512,368],"capInsets":[0,0,0,0]}],[0],0,[0],[0],[5]],[[{"name":"ninetieth","rect":[0,0,512,368],"offset":[0,0],"originalSize":[512,368],"capInsets":[0,0,0,0]}],[0],0,[0],[0],[6]],[[[0,"fortieth",".mp3",1.032],-1],0,0,[],[],[]]]]