[1,["39L52vTlJBvZijvvWvHM6z","ccifJd3KFBHLpG2rLfmprD","6ewQyPDYVCv4BdhkbCz1mI"],["_textureSetter"],["cc.Texture2D","cc.SpriteFrame",["cc.JsonAsset",["_name","json"],1],["cc.AudioClip",["_name","_native","duration"],0]],[[2,0,1,3],[3,0,1,2,4]],[[["1,9729,9729,33071,33071,0,0,1",-1],[0],0,[],[],[]],[["0,9729,9729,33071,33071,0,0,1",-1],[0],0,[],[],[]],[[{"name":"ap2_puzzle10_background","rect":[0,0,802,432],"offset":[0,0],"originalSize":[802,432],"capInsets":[0,0,0,0]}],[1],0,[0],[0],[0]],[[{"name":"ap2_puzzle10_goat1_puzzle","rect":[4,1,247,325],"offset":[2,5],"originalSize":[251,337],"capInsets":[0,0,0,0]}],[1],0,[0],[0],[1]],[[[0,"pictureboard0011",{"rows":[["pictureboard","1","Description","Goat","ap2_puzzle10_background.jpg","2","","goat.mp3","ap2_puzzle10_goat1_puzzle.png","590","154","","ap2_puzzle10_goat2_puzzle.png","1345","110"]]}]],0,0,[],[],[]],[[{"name":"ap2_puzzle10_goat2_puzzle","rect":[0,2,224,280],"offset":[-1,4.5],"originalSize":[226,293],"capInsets":[0,0,0,0]}],[1],0,[0],[0],[2]],[["0,9729,9729,33071,33071,0,0,1",-1],[0],0,[],[],[]],[[[1,"goat",".m4a",1.927256],-1],0,0,[],[],[]]]]