[1,["7bsG9G9mdFbJs/1FftQIFV","cd/THEP9FAwJlKYsZybHup","e4KczzDwFOYJIHgsT/VHHt","00Mb5fiPJCfpecBRNEIiz5","39ualQ/o1NJ6gXookluPAz","f4r0OoWw9I5rDnH7lcyi6p","3cNk7jaZZDD5/y4VPMrKI8","5esLcjol9IBI2FR+yrLcPg","e4gxal/CFBx6ItU2ipF22N","f1RSTqZyBP3af60cipWVu6","ef1V1gyw1JoqeKgiQ/OqGp","93KtHA5sJFQJ1GWydY5fvO","58kEWpbwpD0JArY5suFIeM","5f2AD82WRJ8LuSObHfaloo","d0cT5tX6VNWIrB/db8EP3w"],["_textureSetter"],["cc.Texture2D","cc.SpriteFrame",["cc.AudioClip",["_name","_native","duration"],0],["cc.JsonAsset",["_name","json"],1]],[[2,0,1,2,4],[3,0,1,3]],[[["0,9729,9729,33071,33071,0,0,1",-1],[0],0,[],[],[]],[[{"name":"mouse","rect":[0,0,400,400],"offset":[0,0],"originalSize":[400,400],"capInsets":[0,0,0,0]}],[1],0,[0],[0],[0]],[[[0,"ಮೇಕೆ",".mp3",0.768],-1],0,0,[],[],[]],[[[0,"ಎಮ್ಮೆ",".mp3",0.672],-1],0,0,[],[],[]],[["0,9729,9729,33071,33071,0,0,1",-1],[0],0,[],[],[]],[["0,9729,9729,33071,33071,0,0,1",-1],[0],0,[],[],[]],[[{"name":"sparrow","rect":[0,0,400,400],"offset":[0,0],"originalSize":[400,400],"capInsets":[0,0,0,0]}],[1],0,[0],[0],[1]],[[{"name":"hen","rect":[0,0,400,400],"offset":[0,0],"originalSize":[400,400],"capInsets":[0,0,0,0]}],[1],0,[0],[0],[2]],[["0,9729,9729,33071,33071,0,0,1",-1],[0],0,[],[],[]],[[{"name":"cow","rect":[0,0,400,400],"offset":[0,0],"originalSize":[400,400],"capInsets":[0,0,0,0]}],[1],0,[0],[0],[3]],[["0,9729,9729,33071,33071,0,0,1",-1],[0],0,[],[],[]],[["0,9729,9729,33071,33071,0,0,1",-1],[0],0,[],[],[]],[[[0,"ಕುದುರೆ",".mp3",0.792],-1],0,0,[],[],[]],[[{"name":"peacock","rect":[0,0,400,400],"offset":[0,0],"originalSize":[400,400],"capInsets":[0,0,0,0]}],[1],0,[0],[0],[4]],[["0,9729,9729,33071,33071,0,0,1",-1],[0],0,[],[],[]],[[{"name":"goat","rect":[0,0,400,400],"offset":[0,0],"originalSize":[400,400],"capInsets":[0,0,0,0]}],[1],0,[0],[0],[5]],[[{"name":"donkey","rect":[0,0,400,400],"offset":[0,0],"originalSize":[400,400],"capInsets":[0,0,0,0]}],[1],0,[0],[0],[6]],[[[0,"ಹಸು",".mp3",0.744],-1],0,0,[],[],[]],[["0,9729,9729,33071,33071,0,0,1",-1],[0],0,[],[],[]],[[{"name":"tagaru","rect":[0,0,400,400],"offset":[0,0],"originalSize":[400,400],"capInsets":[0,0,0,0]}],[1],0,[0],[0],[7]],[[{"name":"dog","rect":[0,0,400,400],"offset":[0,0],"originalSize":[400,400],"capInsets":[0,0,0,0]}],[1],0,[0],[0],[8]],[[{"name":"rooster","rect":[0,0,400,400],"offset":[0,0],"originalSize":[400,400],"capInsets":[0,0,0,0]}],[1],0,[0],[0],[9]],[[{"name":"buffalo","rect":[0,0,400,400],"offset":[0,0],"originalSize":[400,400],"capInsets":[0,0,0,0]}],[1],0,[0],[0],[10]],[[{"name":"horse","rect":[0,0,400,400],"offset":[0,0],"originalSize":[400,400],"capInsets":[0,0,0,0]}],[1],0,[0],[0],[11]],[["0,9729,9729,33071,33071,0,0,1",-1],[0],0,[],[],[]],[["0,9729,9729,33071,33071,0,0,1",-1],[0],0,[],[],[]],[[{"name":"squirrel","rect":[0,0,400,400],"offset":[0,0],"originalSize":[400,400],"capInsets":[0,0,0,0]}],[1],0,[0],[0],[12]],[[{"name":"sheep","rect":[0,0,400,400],"offset":[0,0],"originalSize":[400,400],"capInsets":[0,0,0,0]}],[1],0,[0],[0],[13]],[[[0,"ಕುರಿ",".mp3",0.6],-1],0,0,[],[],[]],[["0,9729,9729,33071,33071,0,0,1",-1],[0],0,[],[],[]],[["0,9729,9729,33071,33071,0,0,1",-1],[0],0,[],[],[]],[[[1,"kn2_1006",{"rows":[["openwindow1","1","Description","LEGIT","ಹಸು","cow.png","mouse.png","ಹಸು.mp3","ಅಳಿಲು"],["openwindow1","1","Description","LEGIT","ಕುರಿ","sheep.png","goat.png","ಕುರಿ.mp3","ನವಿಲು"],["openwindow1","1","Description","LEGIT","ಕೋಳಿ","hen.png","tagaru.png","ಕೋಳಿ.mp3","ಹುಂಜ"],["openwindow1","1","Description","LEGIT","ಬೆಕ್ಕು","cat.png","sparrow.png","ಬೆಕ್ಕು.mp3","ಬೆಕ್ಕು"],["openwindow1","1","Description","LEGIT","ಕತ್ತೆ","donkey.png","dog.png","ಕತ್ತೆ.mp3","ಇಲಿ"],["openwindow1","1","Description","LEGIT","ಮೇಕೆ","goat.png","squirrel.png","ಮೇಕೆ.mp3","ಮೇಕೆ"],["openwindow1","1","Description","LEGIT","ಕುದುರೆ","horse.png","peacock.png","ಕುದುರೆ.mp3","ಟಗರು"],["openwindow1","1","Description","LEGIT","ಎಮ್ಮೆ","buffalo.png","rooster.png","ಎಮ್ಮೆ.mp3","ಗುಬ್ಬಚ್ಚಿ"],["openwindow1","1","Description","LEGIT","ನಾಯಿ","dog.png","cat.png","ನಾಯಿ.mp3","ನಾಯಿ"],["quizliteracy","1","Description","soundonly_image","cow.png","cow.png","peacock.png","rooster.png","","","ಹಸು.mp3"],["quizliteracy","1","Description","soundonly_image","donkey.png","rooster.png","donkey.png","sheep.png","","","ಕತ್ತೆ.mp3"],["quizliteracy","1","Description","soundonly_image","dog.png","buffalo.png","goat.png","dog.png","","","ನಾಯಿ.mp3"]]}]],0,0,[],[],[]],[[[0,"ನಾಯಿ",".mp3",0.696],-1],0,0,[],[],[]],[[[0,"ಬೆಕ್ಕು",".mp3",0.744],-1],0,0,[],[],[]],[["0,9729,9729,33071,33071,0,0,1",-1],[0],0,[],[],[]],[[[0,"ಕೋಳಿ",".mp3",0.72],-1],0,0,[],[],[]],[["0,9729,9729,33071,33071,0,0,1",-1],[0],0,[],[],[]],[["0,9729,9729,33071,33071,0,0,1",-1],[0],0,[],[],[]],[[{"name":"cat","rect":[0,0,400,400],"offset":[0,0],"originalSize":[400,400],"capInsets":[0,0,0,0]}],[1],0,[0],[0],[14]],[[[0,"ಕತ್ತೆ",".mp3",0.768],-1],0,0,[],[],[]]]]