[1,["b5xaot6VhJmbg+t90kP+va","eel86fRI9PQI0qk+9XDk5k","27kIOIZ7tDxKVTlRQsiP5b","e4fFlJOqZDL7lB1YlWXeFy"],["_textureSetter"],["cc.Texture2D","cc.SpriteFrame",["cc.AudioClip",["_name","_native","duration"],0],["cc.JsonAsset",["_name","json"],1]],[[2,0,1,2,4],[3,0,1,3]],[[["0,9729,9729,33071,33071,0,0,1",-1],[0],0,[],[],[]],[[{"name":"Tomato Rasam","rect":[0,0,500,375],"offset":[0,0],"originalSize":[500,375],"capInsets":[0,0,0,0]}],[1],0,[0],[0],[0]],[[{"name":"rain_umbrella","rect":[0,0,500,375],"offset":[0,0],"originalSize":[500,375],"capInsets":[0,0,0,0]}],[1],0,[0],[0],[1]],[[[0,"ಡಮಡಮ ಡೋಲು ಬಡಿದು ಕುಣಿದ ಬಾಲು",".mp3",2.328],-1],0,0,[],[],[]],[[[0,"ಟೊಮಾಟೊ ಸಾರು ಬಲು ರುಚಿ",".mp3",1.752],-1],0,0,[],[],[]],[[[0,"ಹುಡುಗರು ಟೋಪಿಯ ಆಟ ಆಡಿದರು",".mp3",2.064],-1],0,0,[],[],[]],[[[0,"ಮಳೆ ಮಳೆ ಮಳೆ ಕೊಡೆ ಹಿಡಿದು ನಡೆ",".mp3",2.184],-1],0,0,[],[],[]],[[{"name":"Dol dance","rect":[0,0,500,382],"offset":[0,0],"originalSize":[500,382],"capInsets":[0,0,0,0]}],[1],0,[0],[0],[2]],[[[1,"kn2303",{"rows":[["createsentence","1","Description","ಹುಡುಗರು/ಟೋಪಿಯ/ಆಟ/ಆಡಿದರು","","capgame.png","ಹುಡುಗರು ಟೋಪಿಯ ಆಟ ಆಡಿದರು.mp3"],["createsentence","1","Description","ಮಳೆ/ಮಳೆ/ಮಳೆ/ಕೊಡೆ/ಹಿಡಿದು/ನಡೆ","","rain_umbrella.png","ಮಳೆ ಮಳೆ ಮಳೆ ಕೊಡೆ ಹಿಡಿದು ನಡೆ.mp3"],["createsentence","1","Description","ಟೊಮಾಟೊ/ಸಾರು/ಬಲು/ರುಚಿ","","Tomato Rasam.png","ಟೊಮಾಟೊ ಸಾರು ಬಲು ರುಚಿ.mp3"],["createsentence","1","Description","ಡಮಡಮ/ಡೋಲು/ಬಡಿದು/ಕುಣಿದ/ಬಾಲು","","Dol dance.png","ಡಮಡಮ ಡೋಲು ಬಡಿದು ಕುಣಿದ ಬಾಲು.mp3"],["quizliteracy","1","Description","image_sentence","ಹುಡುಗರು ಟೋಪಿಯ ಆಟ ಆಡಿದರು","ಹುಡುಗರು ಟೋಪಿಯ ಆಟ ಆಡಿದರು","ಮಳೆ ಮಳೆ ಮಳೆ ಕೊಡೆ ಹಿಡಿದು ನಡೆ","ಟೊಮಾಟೊ ಸಾರು ಬಲು ರುಚಿ","capgame.png","","ಹುಡುಗರು ಟೋಪಿಯ ಆಟ ಆಡಿದರು.mp3"],["quizliteracy","1","Description","sentence_sentence","ಮಳೆ ಮಳೆ ಮಳೆ ಕೊಡೆ ಹಿಡಿದು ನಡೆ","ಟೊಮಾಟೊ ಸಾರು ಬಲು ರುಚಿ","ಹುಡುಗರು ಟೋಪಿಯ ಆಟ ಆಡಿದರು","ಮಳೆ ಮಳೆ ಮಳೆ ಕೊಡೆ ಹಿಡಿದು ನಡೆ","","ಸರಿಯಾದದನ್ನು ಆರಿಸಿ","ಮಳೆ ಮಳೆ ಮಳೆ ಕೊಡೆ ಹಿಡಿದು ನಡೆ.mp3"],["quizliteracy","1","Description","soundonly_sentence","ಟೊಮಾಟೊ ಸಾರು ಬಲು ರುಚಿ","ಮಳೆ ಮಳೆ ಮಳೆ ಕೊಡೆ ಹಿಡಿದು ನಡೆ","ಟೊಮಾಟೊ ಸಾರು ಬಲು ರುಚಿ","ಹುಡುಗರು ಟೋಪಿಯ ಆಟ ಆಡಿದರು","","","ಟೊಮಾಟೊ ಸಾರು ಬಲು ರುಚಿ.mp3"]]}]],0,0,[],[],[]],[["0,9729,9729,33071,33071,0,0,1",-1],[0],0,[],[],[]],[[{"name":"capgame","rect":[0,0,500,365],"offset":[0,0],"originalSize":[500,365],"capInsets":[0,0,0,0]}],[1],0,[0],[0],[3]],[["0,9729,9729,33071,33071,0,0,1",-1],[0],0,[],[],[]],[["0,9729,9729,33071,33071,0,0,1",-1],[0],0,[],[],[]]]]