[1,["f2XbJT8IJPK4nuyR87d3/4","4fkrNB8w9MPqHfYyfBpWmG","5bYMg8RM1N+ZfM1Q+/4IWT","d1P4Fa85lPQ6Pm/yyJmZNI","c0WjrxJq1CN4p96hAcaRQF","c6kvAmPMREhbdXRgE+wZnJ","27jx0xvElAapHcGOC0HaUU","59CUkDbx1Jwb0MuPCfe5WJ","9cOvzz34pPPq5ioGgUrs5E"],["_textureSetter"],["cc.Texture2D","cc.SpriteFrame",["cc.AudioClip",["_name","_native","duration"],0],["cc.JsonAsset",["_name","json"],1]],[[2,0,1,2,4],[3,0,1,3]],[[[[0,"They_are_students",".mp3",1.848],-1],0,0,[],[],[]],[[[0,"Anand_is_a_boy",".mp3",1.872],-1],0,0,[],[],[]],[[[0,"Salma_is_a_helpful_friend",".mp3",3.216],-1],0,0,[],[],[]],[["1,9729,9729,33071,33071,0,0,1",-1],[0],0,[],[],[]],[[[0,"Anand_is_a_good_farmer",".mp3",2.568],-1],0,0,[],[],[]],[[[0,"Mary_is_a_girl",".mp3",1.776],-1],0,0,[],[],[]],[[{"name":"Salma_and_Rita_are_students","rect":[0,0,800,595],"offset":[0,0],"originalSize":[800,595],"capInsets":[0,0,0,0]}],[1],0,[0],[0],[0]],[["1,9729,9729,33071,33071,0,0,1",-1],[0],0,[],[],[]],[[{"name":"Malaisa_smartkid","rect":[0,0,1073,578],"offset":[0,0],"originalSize":[1073,578],"capInsets":[0,0,0,0]}],[1],0,[0],[0],[1]],[["1,9729,9729,33071,33071,0,0,1",-1],[0],0,[],[],[]],[["1,9729,9729,33071,33071,0,0,1",-1],[0],0,[],[],[]],[[[0,"Anand_is_a_farmer",".mp3",2.088],-1],0,0,[],[],[]],[[[0,"Salma_and_Rita_are_students",".mp3",3.384],-1],0,0,[],[],[]],[[{"name":"aartiisa_girl","rect":[0,0,1073,1542],"offset":[0,0],"originalSize":[1073,1542],"capInsets":[0,0,0,0]}],[1],0,[0],[0],[2]],[[[0,"Nita_is_a_fast_swimmer",".mp3",2.832],-1],0,0,[],[],[]],[[{"name":"They_are_students","rect":[0,0,800,533],"offset":[0,0],"originalSize":[800,533],"capInsets":[0,0,0,0]}],[1],0,[0],[0],[3]],[["1,9729,9729,33071,33071,0,0,1",-1],[0],0,[],[],[]],[[[0,"Mary_is_a_smart_kid",".mp3",2.496],-1],0,0,[],[],[]],[[{"name":"Johnisa_boy","rect":[0,0,1073,513],"offset":[0,0],"originalSize":[1073,513],"capInsets":[0,0,0,0]}],[1],0,[0],[0],[4]],[[{"name":"Chrisisa_tallboy","rect":[0,0,1073,1157],"offset":[0,0],"originalSize":[1073,1157],"capInsets":[0,0,0,0]}],[1],0,[0],[0],[5]],[[[0,"Anand_is_a_tall_boy",".mp3",2.376],-1],0,0,[],[],[]],[[{"name":"Hinaisa_helpfulfriend","rect":[0,0,1073,1157],"offset":[0,0],"originalSize":[1073,1157],"capInsets":[0,0,0,0]}],[1],0,[0],[0],[6]],[["1,9729,9729,33071,33071,0,0,1",-1],[0],0,[],[],[]],[[[1,"en3203",{"rows":[["createsentence","1","Description","Mary/is/a girl","a boy","aartiisa_girl.jpg","Mary_is_a_girl.mp3"],["createsentence","1","Description","Anand/is/a boy","a girl","Johnisa_boy.jpg","Anand_is_a_boy.mp3"],["createsentence","1","Description","Salma and Rita/are/students","doctors","Salma_and_Rita_are_students.jpg","Salma_and_Rita_are_students.mp3"],["createsentence","1","Description","They/are/students","doctors","They_are_students.jpg","They_are_students.mp3"],["createsentence","1","Description","Anand/is/a farmer","a lion","Gopiisa_goodfarmer.jpg","Anand_is_a_farmer.mp3"],["createsentence","1","Description","Mary/is/a smart/kid","","Malaisa_smartkid.jpg","Mary_is_a_smart_kid.mp3"],["createsentence","1","Description","Salma/is/a helpful/friend","","Hinaisa_helpfulfriend.jpg","Salma_is_a_helpful_friend.mp3"],["createsentence","1","Description","Anand/is/a tall/boy","","Chrisisa_tallboy.jpg","Anand_is_a_tall_boy.mp3"],["createsentence","1","Description","Nita/is/a fast/swimmer","","Nitaisa_fastswimmer.jpg","Nita_is_a_fast_swimmer.mp3"],["createsentence","1","Description","Anand/is/a good/farmer","","Gopiisa_goodfarmer.jpg","Anand_is_a_good_farmer.mp3"],["quizliteracy","1","Description","image_sentence","Anand is a boy. ","Anand is a boy. ","Anand is a girl. ","Anand is a man. ","Johnisa_boy.jpg","","Anand_is_a_boy.mp3"],["quizliteracy","1","Description","image_sentence","Salma and Rita are students. ","Salma and Rita are doctors. ","Salma and Rita are students. ","Salma and Rita are farmers. ","Salma_and_Rita_are_students.jpg","","Salma_and_Rita_are_students.mp3"],["quizliteracy","1","Description","image_sentence","Mary is a smart kid. ","Mary is a smart kid. ","Smart kid is Mary. ","Kid Mary is smart. ","Malaisa_smartkid.jpg","","Mary_is_a_smart_kid.mp3"],["quizliteracy","1","Description","image_sentence","Nita is a fast swimmer. ","Fast swimmer is Nita. ","Swimmer fast is Nita. ","Nita is a fast swimmer. ","Nitaisa_fastswimmer.jpg","","Nita_is_a_fast_swimmer.mp3"],["quizliteracy","1","Description","image_sentence","Anand is a tall boy. ","Anand is a tall boy. ","Tall boy is Anand. ","Boy tall is Anand. ","Chrisisa_tallboy.jpg","","Anand_is_a_tall_boy.mp3"]]}]],0,0,[],[],[]],[[{"name":"Nitaisa_fastswimmer","rect":[0,0,1920,957],"offset":[0,0],"originalSize":[1920,957],"capInsets":[0,0,0,0]}],[1],0,[0],[0],[7]],[["1,9729,9729,33071,33071,0,0,1",-1],[0],0,[],[],[]],[["1,9729,9729,33071,33071,0,0,1",-1],[0],0,[],[],[]],[[{"name":"Gopiisa_goodfarmer","rect":[0,0,1073,1157],"offset":[0,0],"originalSize":[1073,1157],"capInsets":[0,0,0,0]}],[1],0,[0],[0],[8]],[["1,9729,9729,33071,33071,0,0,1",-1],[0],0,[],[],[]]]]