[1,["abjaiSSYRBqr4RIG/IN5TQ","f4Tk65McVCLpNA0KHHisev","e7kn1cQVdBX79go+qZ6wBS"],["_textureSetter"],["cc.SpriteFrame","cc.Texture2D",["cc.JsonAsset",["_name","json"],1],["cc.AudioClip",["_name","_native","duration"],0]],[[3,0,1,2,4],[2,0,1,3]],[[[[1,"sl_en0101",{"rows":[["balloonpop","1","Description","2","b","5","b,a","b.mp3"],["writeletter","1","Description","b","-"],["writecard","1","Description","b","bag","bag.png","bag.mp3","bat","bat.png","bat.mp3","ball","ball.png","ball.mp3"],["quizliteracy","1","Description","soundonly_word","b","b","r","e","","","b.mp3"],["quizliteracy","1","Description","word_word","b","p","d","b","","b"],["quizliteracy","1","Description","soundonly_word","b","b","f","h","","","b.mp3"]]}]],0,0,[],[],[]],[[[0,"bat",".mp3",0.600816],-1],0,0,[],[],[]],[[[0,"ball",".mp3",0.444082],-1],0,0,[],[],[]],[[{"name":"bat","rect":[0,0,512,435],"offset":[0,0],"originalSize":[512,435],"capInsets":[0,0,0,0]}],[0],0,[0],[0],[0]],[[[0,"b",".mp3",0.548571],-1],0,0,[],[],[]],[["0,9729,9729,33071,33071,0,0,1",-1],[1],0,[],[],[]],[[{"name":"ball","rect":[0,0,500,333],"offset":[0,0],"originalSize":[500,333],"capInsets":[0,0,0,0]}],[0],0,[0],[0],[1]],[[[0,"bag",".mp3",0.548571],-1],0,0,[],[],[]],[["0,9729,9729,33071,33071,0,0,1",-1],[1],0,[],[],[]],[["0,9729,9729,33071,33071,0,0,1",-1],[1],0,[],[],[]],[[{"name":"bag","rect":[0,0,322,382],"offset":[0,0],"originalSize":[322,382],"capInsets":[0,0,0,0]}],[0],0,[0],[0],[2]]]]