[1,["16buvPpQRCdrDX7MmvlO/5","3b8JO6819O8rZxwFr5/fP/","7dfe1cUi5NSLmtrLl9WMPN","70vDSW8clKHIyw5K/CV8e2","f1eUvcwi1Aaq1paRdCxDlw","39giidR7NCJod9YO+RONs4","50UIMkq/hCSIHNxbYuKtGu","61uvI/qnBGfqUWCb8V4ibo"],["_textureSetter"],["cc.SpriteFrame","cc.Texture2D",["cc.JsonAsset",["_name","json"],1],["cc.AudioClip",["_name","_native","duration"],0]],[[3,0,1,2,4],[2,0,1,3]],[[[[1,"sl_en2003",{"rows":[["writeword","1","Description","flower","flower.png","flower.mp3"],["writeword","1","Description","potato","potato.png","potato.mp3"],["writeword","1","Description","donkey","donkey.png","donkey.mp3"],["writeword","1","Description","desert","desert.png","desert.mp3"],["writeword","1","Description","basket","basket.png","basket.mp3"],["writeword","1","Description","school","school.png","school.mp3"],["writeword","1","Description","toilet","toilet.png","toilet.mp3"],["writeword","1","Description","number","number.png","number.mp3"],["quizliteracy","1","Description","image_word","flower","flower","potato","desert","flower.png"],["quizliteracy","1","Description","image_word","potato","school","flower","potato","potato.png"],["quizliteracy","1","Description","soundonly_image","basket.png","potato.png","basket.png","school.png","","","basket.mp3"],["quizliteracy","1","Description","image_word","toilet","flower","toilet","basket","toilet.png"],["quizliteracy","1","Description","image_word","donkey","donkey","bear","leopard","donkey.png"]]}]],0,0,[],[],[]],[[[0,"desert",".mp3",0.914286],-1],0,0,[],[],[]],[[{"name":"basket","rect":[128,64,308,329],"offset":[-8,1.5],"originalSize":[580,460],"capInsets":[0,0,0,0]}],[0],0,[0],[0],[0]],[[[0,"potato",".mp3",0.835918],-1],0,0,[],[],[]],[[{"name":"number","rect":[25,15,140,112],"offset":[-1.5,5.5],"originalSize":[193,153],"capInsets":[0,0,0,0]}],[0],0,[0],[0],[1]],[[[0,"flower",".mp3",0.835918],-1],0,0,[],[],[]],[["0,9729,9729,33071,33071,0,0,1",-1],[1],0,[],[],[]],[[{"name":"potato","rect":[72,98,452,295],"offset":[8,-15.5],"originalSize":[580,460],"capInsets":[0,0,0,0]}],[0],0,[0],[0],[2]],[["0,9729,9729,33071,33071,0,0,1",-1],[1],0,[],[],[]],[["0,9729,9729,33071,33071,0,0,1",-1],[1],0,[],[],[]],[[{"name":"donkey","rect":[0,0,512,386],"offset":[0,0],"originalSize":[512,386],"capInsets":[0,0,0,0]}],[0],0,[0],[0],[3]],[[[0,"toilet",".mp3",0.835918],-1],0,0,[],[],[]],[["0,9729,9729,33071,33071,0,0,1",-1],[1],0,[],[],[]],[[[0,"number",".mp3",0.757551],-1],0,0,[],[],[]],[["0,9729,9729,33071,33071,0,0,1",-1],[1],0,[],[],[]],[["0,9729,9729,33071,33071,0,0,1",-1],[1],0,[],[],[]],[[{"name":"flower","rect":[0,0,400,290],"offset":[0,0],"originalSize":[400,290],"capInsets":[0,0,0,0]}],[0],0,[0],[0],[4]],[["0,9729,9729,33071,33071,0,0,1",-1],[1],0,[],[],[]],[[{"name":"school","rect":[59,64,454,304],"offset":[-4,14],"originalSize":[580,460],"capInsets":[0,0,0,0]}],[0],0,[0],[0],[5]],[[[0,"donkey",".mp3",0.757551],-1],0,0,[],[],[]],[[{"name":"toilet","rect":[140,39,293,373],"offset":[-3.5,4.5],"originalSize":[580,460],"capInsets":[0,0,0,0]}],[0],0,[0],[0],[6]],[[[0,"basket",".mp3",0.835918],-1],0,0,[],[],[]],[[[0,"school",".mp3",0.757551],-1],0,0,[],[],[]],[[{"name":"desert","rect":[8,37,173,91],"offset":[-2,-6],"originalSize":[193,153],"capInsets":[0,0,0,0]}],[0],0,[0],[0],[7]],[["0,9729,9729,33071,33071,0,0,1",-1],[1],0,[],[],[]]]]