[1,["a89EP/rnRGuLRptT8e2NFq","b7AMQ8h4xOEq54YEm841zp","75ej7pt39Gx4pFDvoP1WSl"],["_textureSetter"],["cc.SpriteFrame","cc.Texture2D",["cc.AudioClip",["_name","_native","duration"],0],["cc.JsonAsset",["_name","json"],1]],[[2,0,1,2,4],[3,0,1,3]],[[[{"name":"Chocolate","rect":[0,0,512,321],"offset":[0,0],"originalSize":[512,321],"capInsets":[0,0,0,0]}],[0],0,[0],[0],[0]],[[{"name":"Biscuit","rect":[0,0,512,341],"offset":[0,0],"originalSize":[512,341],"capInsets":[0,0,0,0]}],[0],0,[0],[0],[1]],[[[0,"ಪಾಠ",".mp3",0.72],-1],0,0,[],[],[]],[[[0,"ಪ",".mp3",0.504],-1],0,0,[],[],[]],[[[0,"ದ್ಯ",".mp3",0.576],-1],0,0,[],[],[]],[[[0,"ಪದ್ಯ",".mp3",0.696],-1],0,0,[],[],[]],[[[0,"ಬಿಸ್ಕೇಟ್",".mp3",0.84],-1],0,0,[],[],[]],[[[0,"ರಾ",".mp3",0.504],-1],0,0,[],[],[]],[[[0,"ಠ",".mp3",0.528],-1],0,0,[],[],[]],[["0,9729,9729,33071,33071,0,0,1",-1],[1],0,[],[],[]],[[{"name":"school","rect":[0,0,500,281],"offset":[0,0],"originalSize":[500,281],"capInsets":[0,0,0,0]}],[0],0,[0],[0],[2]],[[[1,"kn3300",{"rows":[["phonictractor","1","Description","4","ಪದ್ಯ","ಪದ್ಯ.mp3","ಪ","ಪ.mp3","ದ್ಯ","ದ್ಯ.mp3"],["spelldoor","1","Description","ಬಿ,ಸ್ಕೇ,ಟ್","***","0","0","Biscuit.png","ಬಿಸ್ಕೇಟ್.mp3"],["phonictractor","1","Description","4","ರಾಗ","ರಾಗ.mp3","ರಾ","ರಾ.mp3","ಗ","ಗ.mp3"],["spelldoor","1","Description","ಚಾ,ಕ್ಲೇ,ಟ್","***","0","0","Chocolate.png","ಚಾಕ್ಲೇಟ್.mp3"],["phonictractor","1","Description","4","ಪಾಠ","ಪಾಠ.mp3","ಪಾ","ಪಾ.mp3","ಠ","ಠ.mp3"],["spelldoor","1","Description","ಶಾಲೆ","**","0","0","school.png","ಶಾಲೆ.mp3"],["quizliteracy","1","Description","word_word","ರಾ","ಬೀ","ರಾ","ತೇ","","__ಗ","ರಾಗ.mp3"],["quizliteracy","1","Description","image_word","ಶಾಲೆ","ಶಾಲೆ","ರಾಗ","ಪದ್ಯ","school.png"],["quizliteracy","1","Description","soundonly_word","ಪದ್ಯ","ಪಾಠ","ಶಾಲೆ","ಪದ್ಯ","","","ಪದ್ಯ.mp3"]]}]],0,0,[],[],[]],[[[0,"ಪಾ",".mp3",0.528],-1],0,0,[],[],[]],[[[0,"ಗ",".mp3",0.528],-1],0,0,[],[],[]],[["0,9729,9729,33071,33071,0,0,1",-1],[1],0,[],[],[]],[["0,9729,9729,33071,33071,0,0,1",-1],[1],0,[],[],[]],[[[0,"ಚಾಕ್ಲೇಟ್",".mp3",0.888],-1],0,0,[],[],[]],[[[0,"ಶಾಲೆ",".mp3",0.792],-1],0,0,[],[],[]],[[[0,"ರಾಗ",".mp3",0.696],-1],0,0,[],[],[]]]]