[1,["1eWrRbByBNp6znAwSiHx5v","323ARbdd1BJrgd6QqCV11E"],["_textureSetter"],["cc.Texture2D","cc.SpriteFrame",["cc.JsonAsset",["_name","json"],1],["cc.AudioClip",["_name","_native","duration"],0]],[[3,0,1,2,4],[2,0,1,3]],[[["0,9729,9729,33071,33071,0,0,1",-1],[0],0,[],[],[]],[[{"name":"bayaweaver","rect":[0,0,512,256],"offset":[0,0],"originalSize":[512,256],"capInsets":[0,0,0,0]}],[1],0,[0],[0],[0]],[[[1,"kn4205",{"rows":[["createsentence","1","Description","ಮರದಲಿ/ತೂಗುವ/ಗೀಜಗನ/ಗೂಡು","","bayaweaver.png","ಮರದಲಿ ತೂಗುವ ಗೀಜಗನ ಗೂಡು.mp3"],["createsentence","1","Description","ಹೂವನು/ದಾರೇದಿ/ಬಿಗಿದು/ಮಾಡಿದ/ಹೂವಿನ/ಹಾರ","","garland.png","ಹೂವನು ದಾರೇದಿ ಬಿಗಿದು ಮಾಡಿದ ಹೂವಿನ ಹಾರ.mp3"],["quizliteracy","1","Description","image_sentence","ಮರದಲಿ ತೂಗುವ ಗೀಜಗನ ಗೂಡು","ಹೂವನು ದಾರೇದಿ ಬಿಗಿದು ಮಾಡಿದ ಹೂವಿನ ಹಾರ.mp3","ನದಿಯ ಬಳಿ ಋಷಿಯ ಕುಟೀರ","ಮರದಲಿ ತೂಗುವ ಗೀಜಗನ ಗೂಡು","bayaweaver.png","","ಮರದಲಿ ತೂಗುವ ಗೀಜಗನ ಗೂಡು.mp3"],["quizliteracy","1","Description","sentence_sentence","ಹೂವನು ದಾರೇದಿ ಬಿಗಿದು ಮಾಡಿದ ಹೂವಿನ ಹಾರ","ಹಾರ ಮಾಡಿದ ದಾರೇದಿ ಹೂವನು ಬಿಗಿದು ಹೂವಿನ","ಹೂವನು ಹೂವಿನ ಬಿಗಿದು ಮಾಡಿದ ಹಾರ ದಾರೇದಿ","ಹೂವನು ದಾರೇದಿ ಬಿಗಿದು ಮಾಡಿದ ಹೂವಿನ ಹಾರ","","ಸರಿಯಾದದನ್ನು ಆರಿಸಿ","ಹೂವನು ದಾರೇದಿ ಬಿಗಿದು ಮಾಡಿದ ಹೂವಿನ ಹಾರ.mp3"],["quizliteracy","1","Description","soundonly_sentence","ಮರದಲಿ ತೂಗುವ ಗೀಜಗನ ಗೂಡು","ಮರದಲಿ ತೂಗುವ ಗೀಜಗನ ಗೂಡು","ಹೂವನು ದಾರೇದಿ ಬಿಗಿದು ಮಾಡಿದ ಹೂವಿನ ಹಾರ","ಗೀತಳ ಪೀಪಿ ತಗಡಿನ ಪೀಪಿ","","","ಮರದಲಿ ತೂಗುವ ಗೀಜಗನ ಗೂಡು.mp3"]]}]],0,0,[],[],[]],[["0,9729,9729,33071,33071,0,0,1",-1],[0],0,[],[],[]],[[{"name":"garland","rect":[0,0,512,384],"offset":[0,0],"originalSize":[512,384],"capInsets":[0,0,0,0]}],[1],0,[0],[0],[1]],[[[0,"ಹೂವನು ದಾರೇದಿ ಬಿಗಿದು ಮಾಡಿದ ಹೂವಿನ ಹಾರ",".mp3",2.808],-1],0,0,[],[],[]],[[[0,"ಮರದಲಿ ತೂಗುವ ಗೀಜಗನ ಗೂಡು",".mp3",2.184],-1],0,0,[],[],[]]]]