[1,["1b2TGjRwlBKb/GMVLQczgh","deHgBBufRNELsgsKBd0IYw","cd1f28jU5EsIPPiaMgzL8h","4fkDYcl75GlJ0uaVEkg3ok","d7Y3dFVvpMJ5OnxjpQOmMD","dcsIPROHtPAbGx4hNPFXzI","4cABLt7sVH4YhX35mn9IGf","55TyxwHgVGH5kBSdTOSFey"],["_textureSetter"],["cc.SpriteFrame","cc.Texture2D",["cc.AudioClip",["_name","_native","duration"],0],["cc.JsonAsset",["_name","json"],1]],[[2,0,1,2,4],[3,0,1,3]],[[[[0,"कुत्ता",".mp3",0.940408],-1],0,0,[],[],[]],[[{"name":"कुत्ता","rect":[0,0,271,271],"offset":[0,0],"originalSize":[271,271],"capInsets":[0,0,0,0]}],[0],0,[0],[0],[0]],[[{"name":"जामुन","rect":[0,0,370,273],"offset":[0,0],"originalSize":[370,273],"capInsets":[0,0,0,0]}],[0],0,[0],[0],[1]],[[[0,"आं",".mp3",0.496327],-1],0,0,[],[],[]],[[[0,"कुंआ",".mp3",0.940408],-1],0,0,[],[],[]],[[[0,"कुं",".mp3",0.574694],-1],0,0,[],[],[]],[["0,9729,9729,33071,33071,0,0,1",-1],[1],0,[],[],[]],[[{"name":"घुटना","rect":[0,0,193,153],"offset":[0,0],"originalSize":[193,153],"capInsets":[0,0,0,0]}],[0],0,[0],[0],[2]],[[{"name":"नाख़ुन","rect":[0,0,370,273],"offset":[0,0],"originalSize":[370,273],"capInsets":[0,0,0,0]}],[0],0,[0],[0],[3]],[["0,9729,9729,33071,33071,0,0,1",-1],[1],0,[],[],[]],[["0,9729,9729,33071,33071,0,0,1",-1],[1],0,[],[],[]],[[[0,"घुटना",".mp3",0.731429],-1],0,0,[],[],[]],[["0,9729,9729,33071,33071,0,0,1",-1],[1],0,[],[],[]],[[{"name":"सुबह","rect":[0,0,271,271],"offset":[0,0],"originalSize":[271,271],"capInsets":[0,0,0,0]}],[0],0,[0],[0],[4]],[[{"name":"हाथी","rect":[0,0,193,153],"offset":[0,0],"originalSize":[193,153],"capInsets":[0,0,0,0]}],[0],0,[0],[0],[5]],[[[0,"कुआं",".mp3",0.705306],-1],0,0,[],[],[]],[[[0,"नाख़ुन",".mp3",0.966531],-1],0,0,[],[],[]],[[[0,"जामुन",".mp3",0.888163],-1],0,0,[],[],[]],[[[0,"मुँ",".mp3",0.992653],-1],0,0,[],[],[]],[[{"name":"आंख","rect":[0,0,193,153],"offset":[0,0],"originalSize":[193,153],"capInsets":[0,0,0,0]}],[0],0,[0],[0],[6]],[["0,9729,9729,33071,33071,0,0,1",-1],[1],0,[],[],[]],[[[0,"ह",".mp3",0.49625],-1],0,0,[],[],[]],[["0,9729,9729,33071,33071,0,0,1",-1],[1],0,[],[],[]],[[[0,"मुँह",".mp3",0.470204],-1],0,0,[],[],[]],[[[0,"सुबह",".mp3",0.835918],-1],0,0,[],[],[]],[["0,9729,9729,33071,33071,0,0,1",-1],[1],0,[],[],[]],[["0,9729,9729,33071,33071,0,0,1",-1],[1],0,[],[],[]],[[[1,"hi0610",{"rows":[["phonictractor","1","Description","5","कुआं","कुआं.mp3","कुं","कुं.mp3","आं","आं.mp3"],["phonictractor","1","Description","5","मुँह","मुँह.mp3","मुँ","मुँ.mp3","ह","ह.mp3"],["openwindow","1","Description","LEGIT","कुं,आ","कुंआ.png","आंख.png","कुंआ.mp3","ज,ग,न,ल,फ,छा,ता,र,थ,व,न,घ,ट्र,क,घो,ड़ा,हा,थी,आ,म,स"],["openwindow","1","Description","LEGIT","घु,ट,ना","घुटना.png","हाथी.png","घुटना.mp3","ज,ग,न,ल,फ,छा,ता,र,थ,व,न,घ,ट्र,क,घो,ड़ा,हा,थी,आ,म,स"],["rocket","1","Description","कुत्ता","कु,त्ता","कु,त्ता","कुत्ता.mp3","कुत्ता.png","false ","false "],["rocket","1","Description","कुंआ","कुं,आ","कुं,आ","कुंआ.mp3","कुंआ.png","true ","false "],["rocket","1","Description","सुबह","सु,ब,ह","सु,ब,ह","सुबह.mp3","सुबह.png","false ","true "],["spelldoor","1","Description","घुटना","*टना","2","0","घुटना.png","घुटना.mp3"],["spelldoor","1","Description","नाख़ुन","ना*न","2","0","नाख़ुन.png","नाख़ुन.mp3"],["spelldoor","1","Description","जामुन","जामु*","2","0","जामुन.png","जामुन.mp3"],["quizliteracy","1","Description","soundonly_word","जामुन","मुँह","जामुन","कुआं","","","जामुन.mp3"],["quizliteracy","1","Description","image_word","जामुन","कुआं","मुँह","जामुन","जामुन.png","","",""],["quizliteracy","1","Description","soundonly_word","कुआं","जामुन","कुआं","मुँह","","","कुआं.mp3"]]}]],0,0,[],[],[]],[[{"name":"कुंआ","rect":[0,0,271,271],"offset":[0,0],"originalSize":[271,271],"capInsets":[0,0,0,0]}],[0],0,[0],[0],[7]]]]