[1,["60bZ42Z11I/6ITcQXqCRw8"],["_textureSetter"],["cc.Texture2D","cc.SpriteFrame",["cc.JsonAsset",["_name","json"],1],["cc.AudioClip",["_name","_native","duration"],0]],[[3,0,1,2,4],[2,0,1,3]],[[[[1,"mr0104",{"rows":[["balloonpop","1","Description","2","ङ","3","ग,ङ,घ","ङ.mp3"],["phonictractor","1","Description","5","ङ","ड.mp3","ङ","ड.mp3"],["writeletter","1","Description","ङ","ङ"],["writecard","1","Description","ङ","ङ","ङ.png","ङ.mp3","ङ","ङ.png","ङ.mp3","ङ","ङ.png","ङ.mp3"],["quizliteracy","1","Description","soundonly_word","ङ","ग","ध","ङ","","","ड.mp3"],["quizliteracy","1","Description","word_word","ङ","ग","ङ","ध","","ङ"],["quizliteracy","1","Description","soundonly_word","ङ","ग","ध","ङ","","","ड.mp3"]]}]],0,0,[],[],[]],[["0,9729,9729,33071,33071,0,0,1",-1],[0],0,[],[],[]],[[[0,"ड",".mp3",0.914286],-1],0,0,[],[],[]],[[[0,"ङ",".mp3",0.888163],-1],0,0,[],[],[]],[[{"name":"ङ","rect":[0,0,238,303],"offset":[0,0],"originalSize":[238,303],"capInsets":[0,0,0,0]}],[1],0,[0],[0],[0]]]]