[1,["67Vwfh8BlOrrYw/F79cmTG","57i8MDU2FMXKQkf1KksDUe","46AOKrdbFBHZ+ewXhGe5hv"],["_textureSetter"],["cc.Texture2D","cc.SpriteFrame",["cc.JsonAsset",["_name","json"],1],["cc.AudioClip",["_name","_native","duration"],0]],[[3,0,1,2,4],[2,0,1,3]],[[[[1,"sl_en0406",{"rows":[["balloonpop","1","Description","2","z","5","z,y,x","z.mp3"],["writeletter","1","Description","z","-"],["writecard","1","Description","z","zebra","zebra.png","zebra.mp3","zip","zip.png","zip.mp3","zero","zero.png","zero.mp3"],["quizliteracy","1","Description","soundonly_word","z","z","t","o","","","z.mp3"],["quizliteracy","1","Description","word_word","z","k","l","z","","z"],["quizliteracy","1","Description","soundonly_word","z","s","z","r","","","z.mp3"]]}]],0,0,[],[],[]],[[[0,"zero",".mp3",0.835918],-1],0,0,[],[],[]],[["0,9729,9729,33071,33071,0,0,1",-1],[0],0,[],[],[]],[[[0,"z",".mp3",0.653061],-1],0,0,[],[],[]],[[{"name":"zero","rect":[224,86,766,1096],"offset":[-33,6],"originalSize":[1280,1280],"capInsets":[0,0,0,0]}],[1],0,[0],[0],[0]],[["0,9729,9729,33071,33071,0,0,1",-1],[0],0,[],[],[]],[["0,9729,9729,33071,33071,0,0,1",-1],[0],0,[],[],[]],[[[0,"zip",".mp3",0.626939],-1],0,0,[],[],[]],[[[0,"zebra",".mp3",0.914286],-1],0,0,[],[],[]],[[{"name":"zip","rect":[0,0,615,615],"offset":[0,0],"originalSize":[615,615],"capInsets":[0,0,0,0]}],[1],0,[0],[0],[1]],[[{"name":"zebra","rect":[0,0,2555,1692],"offset":[0,0],"originalSize":[2555,1692],"capInsets":[0,0,0,0]}],[1],0,[0],[0],[2]]]]