[1,["92ou8zVUpESIjSrk7WpspU","f2l9/YOtJKlril4sS9fIO5","5ak6YIjqxEhossadRaicTd"],["_textureSetter"],["cc.SpriteFrame","cc.Texture2D",["cc.AudioClip",["_name","_native","duration"],0],["cc.JsonAsset",["_name","json"],1]],[[2,0,1,2,4],[3,0,1,3]],[[[[0,"ಮೂರನೆಯ_ಕಲ್ಲು_ಸುಂದರ_ಮೂರ್ತಿಯಾಯಿತು",".mp3",2.88],-1],0,0,[],[],[]],[[[0,"ಜನರು_ಶಿಲ್ಪಿಯನ್ನು_ಬಾಯಿತುಂಬ_ಹೊಗಳಿದರು",".mp3",3.072],-1],0,0,[],[],[]],[[{"name":"threestones","rect":[0,0,400,400],"offset":[0,0],"originalSize":[400,400],"capInsets":[0,0,0,0]}],[0],0,[0],[0],[0]],[["0,9729,9729,33071,33071,0,0,1",-1],[1],0,[],[],[]],[[[0,"ಆ_ಕಲ್ಲು_ತಾಳ್ಮೆಯಿಂದ_ಎಲ್ಲಾ_ಏಟುಗಳನ್ನು_ಸಹಿಸಿಕೊಂಡಿತು",".mp3",4.104],-1],0,0,[],[],[]],[[{"name":"idol","rect":[0,0,400,400],"offset":[0,0],"originalSize":[400,400],"capInsets":[0,0,0,0]}],[0],0,[0],[0],[1]],[["0,9729,9729,33071,33071,0,0,1",-1],[1],0,[],[],[]],[[[0,"ಶಿಲ್ಪಿ_ಮೂರ್ತಿಗಳನ್ನು_ಕೆತ್ತಲು_ಮೂರು_ಕಲ್ಲುಗಳನ್ನು_ತಂದನು",".mp3",4.128],-1],0,0,[],[],[]],[[{"name":"chisel_hammer","rect":[0,0,400,400],"offset":[0,0],"originalSize":[400,400],"capInsets":[0,0,0,0]}],[0],0,[0],[0],[2]],[[[0,"ಶಿಲ್ಪಿಯು_ಕಲ್ಲನ್ನು_ಕೆತ್ತಲು_ಉಳಿ_ಮತ್ತು_ಸುತ್ತಿಗೆಯನ್ನು_ಬಳಸಿದನು",".mp3",4.44],-1],0,0,[],[],[]],[[[0,"ಒಬ್ಬ_ಶಿಲ್ಪಿ_ಸುಂದರವಾದ_ಮೂರ್ತಿಗಳನ್ನು_ಕೆತ್ತಲು_ಮೂರು_ಕಲ್ಲುಗಳನ್ನು_ತಂದನು",".mp3",5.28],-1],0,0,[],[],[]],[[[1,"kn2_1204",{"rows":[["createsentence","1","Description","ಶಿಲ್ಪಿ/ಮೂರ್ತಿಗಳನ್ನು/ಕೆತ್ತಲು/ಮೂರು/ಕಲ್ಲುಗಳನ್ನು/ತಂದನು.","","threestones.png","ಶಿಲ್ಪಿ_ಮೂರ್ತಿಗಳನ್ನು_ಕೆತ್ತಲು_ಮೂರು_ಕಲ್ಲುಗಳನ್ನು_ತಂದನು.mp3"],["createsentence","1","Description","ಶಿಲ್ಪಿಯು/ಕಲ್ಲನ್ನು/ಕೆತ್ತಲು/ಉಳಿ/ಮತ್ತು/ಸುತ್ತಿಗೆಯನ್ನು/ಬಳಸಿದನು.","","chisel_hammer.png","ಶಿಲ್ಪಿಯು_ಕಲ್ಲನ್ನು_ಕೆತ್ತಲು_ಉಳಿ_ಮತ್ತು_ಸುತ್ತಿಗೆಯನ್ನು_ಬಳಸಿದನು.mp3"],["createsentence","1","Description","ಮೂರನೆಯ/ಕಲ್ಲು/ಸುಂದರ/ಮೂರ್ತಿಯಾಯಿತು.","","idol.png","ಮೂರನೆಯ_ಕಲ್ಲು_ಸುಂದರ_ಮೂರ್ತಿಯಾಯಿತು.mp3"],["fillblank","1","Description","ಒಬ್ಬ ಶಿಲ್ಪಿ ಸುಂದರವಾದ [ಮೂರ್ತಿಗಳನ್ನು]                       ಕೆತ್ತಲು ಮೂರು ಕಲ್ಲುಗಳನ್ನು ತಂದನು.","ಒಬ್ಬ_ಶಿಲ್ಪಿ_ಸುಂದರವಾದ_ಮೂರ್ತಿಗಳನ್ನು_ಕೆತ್ತಲು_ಮೂರು_ಕಲ್ಲುಗಳನ್ನು_ತಂದನು.mp3","ಪುಸ್ತಕಗಳನ್ನು","ಸಾಮಾನುಗಳನ್ನು","ಆಟಿಕೆಗಳನ್ನು","15"],["fillblank","1","Description","ಆ ಕಲ್ಲು ತಾಳ್ಮೆಯಿಂದ ಎಲ್ಲಾ [ಏಟುಗಳನ್ನು]                   ಸಹಿಸಿಕೊಂಡಿತು.","ಆ_ಕಲ್ಲು_ತಾಳ್ಮೆಯಿಂದ_ಎಲ್ಲಾ_ಏಟುಗಳನ್ನು_ಸಹಿಸಿಕೊಂಡಿತು.mp3","ಪಾಠವನ್ನು","ಮಾತುಗಳನ್ನು","ಹಾಡನ್ನು","10"],["fillblank","1","Description","ಜನರು ಶಿಲ್ಪಿಯನ್ನು ಬಾಯಿತುಂಬ [ಹೊಗಳಿದರು].","ಜನರು_ಶಿಲ್ಪಿಯನ್ನು_ಬಾಯಿತುಂಬ_ಹೊಗಳಿದರು.mp3","ತೆಗಳಿದರು","ಹೊಡೆದರು","ತೋರಿಸಿದರು","15"],["quizliteracy","1","Description","sentence_sentence","ಮೂರ್ತಿಗಳನ್ನು","ಮೂರನೆಯ","ಮೂರ್ತಿಗಳನ್ನು","ಹೊಗಳಿದರು","","ಶಿಲ್ಪಿ _______ ಕೆತ್ತಲು ಮೂರೂ ಕಲ್ಲುಗಳನ್ನು ತಂದನು.","ಶಿಲ್ಪಿ_ಮೂರ್ತಿಗಳನ್ನು_ಕೆತ್ತಲು_ಮೂರು_ಕಲ್ಲುಗಳನ್ನು_ತಂದನು.mp3"],["quizliteracy","1","Description","sentence_sentence","ಮೂರನೆಯ","ಮೂರ್ತಿಗಳನ್ನು","ಹೊಗಳಿದರು","ಮೂರನೆಯ","","_____ ಕಲ್ಲು ಸುಂದರ ಮೂರ್ತಿಯಾಯಿತು.","ಮೂರನೆಯ_ಕಲ್ಲು_ಸುಂದರ_ಮೂರ್ತಿಯಾಯಿತು.mp3"],["quizliteracy","1","Description","sentence_sentence","ಹೊಗಳಿದರು","ಹೊಗಳಿದರು","ಮೂರನೆಯ","ಮೂರ್ತಿಗಳನ್ನು","","ಜನರು ಶಿಲ್ಪಿಯನ್ನು ಬಾಯಿತುಂಬ _______.","ಜನರು_ಶಿಲ್ಪಿಯನ್ನು_ಬಾಯಿತುಂಬ_ಹೊಗಳಿದರು.mp3"]]}]],0,0,[],[],[]],[["0,9729,9729,33071,33071,0,0,1",-1],[1],0,[],[],[]]]]