[1,["1dofjvY1xBeI7MqicmTjt2","b0Jn3n3GNHn70ZUQMtYx7+","67hUZYyVVHOr1s/POb6BpD","c7se/pSslAMKvzGtESvNjn","3cNtYsu2NKGLxvAfBaMYG0","0eWerrcSZKda3dj9ZT0U+z","afimHEhsND+oODVam+EVIF","7fZzQl6bNLdauu7mew+TNn","00sBDamDpPZZ4dEHfbpgU0"],["_textureSetter"],["cc.Texture2D","cc.SpriteFrame",["cc.AudioClip",["_name","_native","duration"],0],["cc.JsonAsset",["_name","json"],1]],[[2,0,1,2,4],[3,0,1,3]],[[["0,9729,9729,33071,33071,0,0,1",-1],[0],0,[],[],[]],[[{"name":"color","rect":[22,16,148,119],"offset":[-0.5,1],"originalSize":[193,153],"capInsets":[0,0,0,0]}],[1],0,[0],[0],[0]],[[[0,"shoes",".mp3",1.2],-1],0,0,[],[],[]],[["0,9729,9729,33071,33071,0,0,1",-1],[0],0,[],[],[]],[[{"name":"basket","rect":[0,0,193,153],"offset":[0,0],"originalSize":[193,153],"capInsets":[0,0,0,0]}],[1],0,[0],[0],[1]],[[[0,"tomato",".mp3",1.2],-1],0,0,[],[],[]],[[{"name":"shoes","rect":[0,0,512,507],"offset":[0,0],"originalSize":[512,507],"capInsets":[0,0,0,0]}],[1],0,[0],[0],[2]],[["0,9729,9729,33071,33071,0,0,1",-1],[0],0,[],[],[]],[[[0,"g_phonic",".mp3",2.45551],-1],0,0,[],[],[]],[[[0,"s_phonic",".mp3",1.985306],-1],0,0,[],[],[]],[[{"name":"square","rect":[0,0,193,153],"offset":[0,0],"originalSize":[193,153],"capInsets":[0,0,0,0]}],[1],0,[0],[0],[3]],[["0,9729,9729,33071,33071,0,0,1",-1],[0],0,[],[],[]],[[[0,"gosh",".mp3",1.176],-1],0,0,[],[],[]],[[[0,"train",".mp3",0.888],-1],0,0,[],[],[]],[[[0,"ck",".mp3",0.26125],-1],0,0,[],[],[]],[[[0,"r_phonic",".mp3",2.037551],-1],0,0,[],[],[]],[["0,9729,9729,33071,33071,0,0,1",-1],[0],0,[],[],[]],[[[0,"o_phonic",".mp3",2.220408],-1],0,0,[],[],[]],[[[0,"square",".mp3",1.056],-1],0,0,[],[],[]],[[{"name":"dog","rect":[0,0,499,512],"offset":[0,0],"originalSize":[499,512],"capInsets":[0,0,0,0]}],[1],0,[0],[0],[4]],[[[0,"u_phonic",".mp3",2.220408],-1],0,0,[],[],[]],[["0,9729,9729,33071,33071,0,0,1",-1],[0],0,[],[],[]],[[{"name":"hippo","rect":[0,0,193,153],"offset":[0,0],"originalSize":[193,153],"capInsets":[0,0,0,0]}],[1],0,[0],[0],[5]],[[[0,"d_phonic",".mp3",1.619592],-1],0,0,[],[],[]],[[[0,"sh",".mp3",0.528],-1],0,0,[],[],[]],[["0,9729,9729,33071,33071,0,0,1",-1],[0],0,[],[],[]],[["0,9729,9729,33071,33071,0,0,1",-1],[0],0,[],[],[]],[[{"name":"rocket","rect":[0,0,193,153],"offset":[0,0],"originalSize":[193,153],"capInsets":[0,0,0,0]}],[1],0,[0],[0],[6]],[[{"name":"tomato","rect":[0,0,193,153],"offset":[0,0],"originalSize":[193,153],"capInsets":[0,0,0,0]}],[1],0,[0],[0],[7]],[[[1,"en0907",{"rows":[["phonictractor","1","Description","5","rush","rush.mp3","r","r_phonic.mp3","u","u_phonic.mp3","sh","sh.mp3"],["openwindow","1","Description","LEGIT","train","train.png","color.png","train.mp3","abcdefghijklmnopqrstuvwxyz"],["openwindow","1","Description","LEGIT","shoes","shoes.png","hippo.png","shoes.mp3","abcdefghijklmnopqrstuvwxyz"],["openwindow","1","Description","LEGIT","square","square.png","rocket.png","square.mp3","abcdefghijklmnopqrstuvwxyz"],["openwindow","1","Description","LEGIT","tomato","tomato.png","basket.png","tomato.mp3","abcdefghijklmnopqrstuvwxyz"],["phonictractor","1","Description","5","duck","duck.mp3","d","d_phonic.mp3","u","u_phonic.mp3","ck","ck.mp3"],["phonictractor","1","Description","5","such","such.mp3","s","s_phonic.mp3","u","u_phonic.mp3","ch","ch.mp3"],["phonictractor","1","Description","5","much","much.mp3","m","m_phonic.mp3","u","u_phonic.mp3","ch","ch.mp3"],["phonictractor","1","Description","5","gosh","gosh.mp3","g","g_phonic.mp3","o","o_phonic.mp3","sh","sh.mp3"],["quizliteracy","1","Description","soundonly_image","tomato.png","tomato.png","dog.png","rocket.png","","","tomato.mp3"],["quizliteracy","1","Description","soundonly_word","train","colour","train","tree","","","train.mp3"],["quizliteracy","1","Description","soundonly_image","shoes.png","hippo.png","shoes.png","basket.png","","","shoes.mp3"],["quizliteracy","1","Description","soundonly_word","duck","hen","lion","duck","","","duck.mp3"],["quizliteracy","1","Description","image_word","square","rocket","square","shoes","square.png"]]}]],0,0,[],[],[]],[[[0,"such",".mp3",1.032],-1],0,0,[],[],[]],[[[0,"m_phonic",".mp3",2.246531],-1],0,0,[],[],[]],[[{"name":"train","rect":[19,17,159,95],"offset":[2,12],"originalSize":[193,153],"capInsets":[0,0,0,0]}],[1],0,[0],[0],[8]],[["0,9729,9729,33071,33071,0,0,1",-1],[0],0,[],[],[]],[[[0,"duck",".mp3",0.936],-1],0,0,[],[],[]],[[[0,"ch",".mp3",0.504],-1],0,0,[],[],[]],[[[0,"much",".mp3",0.912],-1],0,0,[],[],[]],[[[0,"rush",".mp3",1.056],-1],0,0,[],[],[]]]]