[1,["2cJW+mf1JOm7JjXQzWJXF8","2c4c9AnzpNBKL5L39qggwA","21dsSGJ4lJzpUvwIykuIWZ"],["_textureSetter"],["cc.Texture2D","cc.SpriteFrame",["cc.JsonAsset",["_name","json"],1],["cc.AudioClip",["_name","_native","duration"],0]],[[3,0,1,2,4],[2,0,1,3]],[[[[1,"mr0118",{"rows":[["balloonpop","1","Description","2","ध","3","द,ण,ध","ध.mp3"],["phonictractor","1","Description","5","ध","ध.mp3","ध","ध.mp3"],["writeletter","1","Description","ध","धन"],["writecard","1","Description","ध","धन","money.png","धन.mp3","धरण","dam.png","धरण.mp3","धबधबा","waterfalls.png","धबधबा.mp3"],["quizliteracy","1","Description","soundonly_word","ध","द","ध","ऐ","","","ध.mp3"],["quizliteracy","1","Description","word_word","ध","ध","द","प","","ध"],["quizliteracy","1","Description","soundonly_word","ध","द","ध","ऐ","","","ध.mp3"]]}]],0,0,[],[],[]],[["0,9729,9729,33071,33071,0,0,1",-1],[0],0,[],[],[]],[[[0,"ध",".mp3",0.835918],-1],0,0,[],[],[]],[["0,9729,9729,33071,33071,0,0,1",-1],[0],0,[],[],[]],[["0,9729,9729,33071,33071,0,0,1",-1],[0],0,[],[],[]],[[[0,"धबधबा",".mp3",1.097143],-1],0,0,[],[],[]],[[[0,"धरण",".mp3",1.097143],-1],0,0,[],[],[]],[[{"name":"dam","rect":[0,0,640,480],"offset":[0,0],"originalSize":[640,480],"capInsets":[0,0,0,0]}],[1],0,[0],[0],[0]],[[{"name":"waterfalls","rect":[0,0,640,426],"offset":[0,0],"originalSize":[640,426],"capInsets":[0,0,0,0]}],[1],0,[0],[0],[1]],[[{"name":"money","rect":[0,0,640,421],"offset":[0,0],"originalSize":[640,421],"capInsets":[0,0,0,0]}],[1],0,[0],[0],[2]],[[[0,"धन",".mp3",1.018776],-1],0,0,[],[],[]]]]