[1,["f1O0TqUmBCT60RiWIDf2HT","57qTvrom1GIaXcrVdeJpUl","760Abvy9tCe5fuwqFm4C9Q","7aUgN6951AgJW2ojFpDKAP","6exDWunkRNb5gWNB8pq3lz","1fSfe0IMlPVKWtRJcU9iPc","ebeTLf4MtGxauAPuBHBER0","983/ADWmZOJ7pEN/YmtB3W","4dI0bydfVPLpaZshetMlO0","4fj9d4OfhEOY9GjSR6gTxZ"],["_textureSetter"],["cc.SpriteFrame","cc.Texture2D",["cc.AudioClip",["_name","_native","duration"],0],["cc.JsonAsset",["_name","json"],1]],[[2,0,1,2,4],[3,0,1,3]],[[[[0,"सुबह",".mp3",0.653061],-1],0,0,[],[],[]],[[{"name":"सुबह","rect":[0,0,370,273],"offset":[0,0],"originalSize":[370,273],"capInsets":[0,0,0,0]}],[0],0,[0],[0],[0]],[[{"name":"करेला","rect":[0,0,193,153],"offset":[0,0],"originalSize":[193,153],"capInsets":[0,0,0,0]}],[0],0,[0],[0],[1]],[[[0,"बुरा",".mp3",0.914286],-1],0,0,[],[],[]],[["0,9729,9729,33071,33071,0,0,1",-1],[1],0,[],[],[]],[[[1,"hi0609",{"rows":[["openwindow","1","Description","LEGIT","गु,ला,ब","गुलाब.png","अंजीर.png","गुलाब.mp3","ज,ग,न,ल,फ,छा,ता,र,थ,व,न,घ,ट्र,क,घो,ड़ा,हा,थी,आ,म,स"],["phonictractor","1","Description","5","धुआं","धुआं.mp3","धु","धु.mp3","आं","आं.mp3"],["openwindow","1","Description","LEGIT","कु,त्ता","कुत्ता.png","बिल्ली.png","कुत्ता.mp3","ज,ग,न,ल,फ,छा,ता,र,थ,व,न,घ,ट्र,क,घो,ड़ा,हा,थी,आ,म,स"],["openwindow","1","Description","LEGIT","ल,ह,सु,न","लसुन.png","करेला.png","लसुन.mp3","ल,ह,सु,न"],["phonictractor","1","Description","4","धुप","धुप.mp3","धु","धु.mp3","प","प.mp3"],["rocket","1","Description","धुप","धु,प","धु,प","धुप.mp3","धुप.png","false ","false "],["rocket","1","Description","बुरा","बु,रा","बु,रा","बुरा.mp3","बुरा.png","false ","false "],["spelldoor","1","Description","कुंआ","*आ","0","1","कुंआ.png","कुंआ.mp3"],["spelldoor","1","Description","सुबह","*बह","2","0","सुबह.png","सुबह.mp3"],["spelldoor","1","Description","गुलाब","*लाब","2","0","गुलाब.png","गुलाब.mp3"],["quizliteracy","1","Description","soundonly_word","धुप","धुप","गुलाब","सुबह","","","धुप.mp3"],["quizliteracy","1","Description","image_word","गुलाब","सुबह","धुप","गुलाब","गुलाब.png"],["quizliteracy","1","Description","soundonly_word","सुबह","गुलाब","सुबह","धुप","","","सुबह.mp3"]]}]],0,0,[],[],[]],[[{"name":"अंजीर","rect":[0,0,193,153],"offset":[0,0],"originalSize":[193,153],"capInsets":[0,0,0,0]}],[0],0,[0],[0],[2]],[[[0,"कुत्ता",".mp3",0.626939],-1],0,0,[],[],[]],[[{"name":"कुंआ","rect":[108,26,149,222],"offset":[-2.5,-0.5],"originalSize":[370,273],"capInsets":[0,0,0,0]}],[0],0,[0],[0],[3]],[["0,9729,9729,33071,33071,0,0,1",-1],[1],0,[],[],[]],[[[0,"आं",".mp3",0.496327],-1],0,0,[],[],[]],[["0,9729,9729,33071,33071,0,0,1",-1],[1],0,[],[],[]],[["0,9729,9729,33071,33071,0,0,1",-1],[1],0,[],[],[]],[[[0,"धुआं",".mp3",0.809796],-1],0,0,[],[],[]],[[[0,"धु",".mp3",0.522449],-1],0,0,[],[],[]],[[{"name":"बुरा","rect":[0,0,271,271],"offset":[0,0],"originalSize":[271,271],"capInsets":[0,0,0,0]}],[0],0,[0],[0],[4]],[["0,9729,9729,33071,33071,0,0,1",-1],[1],0,[],[],[]],[["0,9729,9729,33071,33071,0,0,1",-1],[1],0,[],[],[]],[["0,9729,9729,33071,33071,0,0,1",-1],[1],0,[],[],[]],[[[0,"गुलाब",".mp3",0.705306],-1],0,0,[],[],[]],[[{"name":"धुप","rect":[0,0,271,271],"offset":[0,0],"originalSize":[271,271],"capInsets":[0,0,0,0]}],[0],0,[0],[0],[5]],[[{"name":"बिल्ली","rect":[0,0,193,153],"offset":[0,0],"originalSize":[193,153],"capInsets":[0,0,0,0]}],[0],0,[0],[0],[6]],[[[0,"लसुन",".mp3",0.992653],-1],0,0,[],[],[]],[[[0,"धुप",".mp3",0.705306],-1],0,0,[],[],[]],[["0,9729,9729,33071,33071,0,0,1",-1],[1],0,[],[],[]],[[[0,"कुंआ",".mp3",0.626939],-1],0,0,[],[],[]],[[{"name":"कुत्ता","rect":[0,0,193,153],"offset":[0,0],"originalSize":[193,153],"capInsets":[0,0,0,0]}],[0],0,[0],[0],[7]],[[{"name":"गुलाब","rect":[0,0,193,153],"offset":[0,0],"originalSize":[193,153],"capInsets":[0,0,0,0]}],[0],0,[0],[0],[8]],[["0,9729,9729,33071,33071,0,0,1",-1],[1],0,[],[],[]],[[{"name":"लसुन","rect":[0,0,193,153],"offset":[0,0],"originalSize":[193,153],"capInsets":[0,0,0,0]}],[0],0,[0],[0],[9]],[["0,9729,9729,33071,33071,0,0,1",-1],[1],0,[],[],[]],[[[0,"प",".mp3",0.49625],-1],0,0,[],[],[]]]]