[1,["f0KAbhGU5B7IIRx73PkYFV","65WimrlotP8YeRs338Ei6o","f2/3sNxHBIsoMwgJFYtGPJ","d4jtE31/JMM6t3lgm6i7d6","2b6SKJJP1Gf694jugiBdvb","4afrzJ2ThIer1LNa0zz+p8","ca7ShN2DpFJID5zfXyT6Or","64LrME7HNFTajwLaY7dUkZ","b3KaUpURRI1KVMdWl9Rzpu","78LRph1hlA6qduUTu6vGfh","b801ad7ohERb26Jj69+oGA"],["_textureSetter"],["cc.SpriteFrame","cc.Texture2D",["cc.AudioClip",["_name","_native","duration"],0],["cc.JsonAsset",["_name","json"],1]],[[2,0,1,2,4],[3,0,1,3]],[[[{"name":"shahanyi","rect":[0,0,800,600],"offset":[0,0],"originalSize":[800,600],"capInsets":[0,0,0,0]}],[0],0,[0],[0],[0]],[[[0,"ಹರ",".mp3",0.6],-1],0,0,[],[],[]],[[{"name":"horse","rect":[0,0,527,800],"offset":[0,0],"originalSize":[527,800],"capInsets":[0,0,0,0]}],[0],0,[0],[0],[1]],[[{"name":"layingdown","rect":[0,0,800,444],"offset":[0,0],"originalSize":[800,444],"capInsets":[0,0,0,0]}],[0],0,[0],[0],[2]],[[[0,"ಓಲಗ",".mp3",1.08],-1],0,0,[],[],[]],[[[0,"ಶಯನ",".mp3",0.768],-1],0,0,[],[],[]],[[[0,"ಹಯ",".mp3",0.624],-1],0,0,[],[],[]],[["0,9729,9729,33071,33071,0,0,1",-1],[1],0,[],[],[]],[[{"name":"coral","rect":[0,0,500,333],"offset":[0,0],"originalSize":[500,333],"capInsets":[0,0,0,0]}],[0],0,[0],[0],[3]],[["0,9729,9729,33071,33071,0,0,1",-1],[1],0,[],[],[]],[[[0,"ಹವಳ",".mp3",0.696],-1],0,0,[],[],[]],[[{"name":"running","rect":[0,0,800,534],"offset":[0,0],"originalSize":[800,534],"capInsets":[0,0,0,0]}],[0],0,[0],[0],[4]],[[[0,"ಔಡಲ",".mp3",1.08],-1],0,0,[],[],[]],[["0,9729,9729,33071,33071,0,0,1",-1],[1],0,[],[],[]],[["0,9729,9729,33071,33071,0,0,1",-1],[1],0,[],[],[]],[["0,9729,9729,33071,33071,0,0,1",-1],[1],0,[],[],[]],[[{"name":"medicine","rect":[0,0,500,403],"offset":[0,0],"originalSize":[500,403],"capInsets":[0,0,0,0]}],[0],0,[0],[0],[5]],[[{"name":"lightrays","rect":[0,0,533,800],"offset":[0,0],"originalSize":[533,800],"capInsets":[0,0,0,0]}],[0],0,[0],[0],[6]],[[[0,"ಔಷದ",".mp3",0.816],-1],0,0,[],[],[]],[[{"name":"castoroilplant","rect":[0,0,500,333],"offset":[0,0],"originalSize":[500,333],"capInsets":[0,0,0,0]}],[0],0,[0],[0],[7]],[[{"name":"shiva","rect":[0,0,599,800],"offset":[0,0],"originalSize":[599,800],"capInsets":[0,0,0,0]}],[0],0,[0],[0],[8]],[[{"name":"era","rect":[0,0,533,800],"offset":[0,0],"originalSize":[533,800],"capInsets":[0,0,0,0]}],[0],0,[0],[0],[9]],[[[0,"ಶರ",".mp3",0.648],-1],0,0,[],[],[]],[[[0,"ಶಕ",".mp3",0.696],-1],0,0,[],[],[]],[["0,9729,9729,33071,33071,0,0,1",-1],[1],0,[],[],[]],[["0,9729,9729,33071,33071,0,0,1",-1],[1],0,[],[],[]],[[[0,"ಉಷ",".mp3",0.984],-1],0,0,[],[],[]],[[{"name":"arrow","rect":[0,0,500,500],"offset":[0,0],"originalSize":[500,500],"capInsets":[0,0,0,0]}],[0],0,[0],[0],[10]],[["0,9729,9729,33071,33071,0,0,1",-1],[1],0,[],[],[]],[["0,9729,9729,33071,33071,0,0,1",-1],[1],0,[],[],[]],[[[0,"ಓಟ",".mp3",1.008],-1],0,0,[],[],[]],[[[1,"kn0611",{"rows":[["writeword","1","Description","ಓಟ","running.png","ಓಟ.mp3"],["writeword","1","Description","ಔಡಲ","castoroilplant.png","ಔಡಲ.mp3"],["writeword","1","Description","ಹಯ","horse.png","ಹಯ.mp3"],["writeword","1","Description","ಶರ","arrow.png","ಶರ.mp3"],["writeword","1","Description","ಉಷ","lightrays.png","ಉಷ.mp3"],["writeword","1","Description","ಓಲಗ","shahanyi.png","ಓಲಗ.mp3"],["writeword","1","Description","ಶಕ","era.png","ಶಕ.mp3"],["writeword","1","Description","ಹರ","shiva.png","ಹರ.mp3"],["writeword","1","Description","ಔಷದ","medicine.png","ಔಷದ.mp3"],["writeword","1","Description","ಹವಳ","coral.png","ಹವಳ.mp3"],["writeword","1","Description","ಶಯನ","layingdown.png","ಶಯನ.mp3"],["quizliteracy","1","Description","image_word","ಹರ","ಹರ","ಓಟ","ಹವಳ","shiva.png"],["quizliteracy","1","Description","image_word","ಓಟ","ಹವಳ","ಹರ","ಓಟ","running.png"],["quizliteracy","1","Description","image_word","ಹವಳ","ಓಟ","ಹವಳ","ಹರ","coral.png"]]}]],0,0,[],[],[]],[["0,9729,9729,33071,33071,0,0,1",-1],[1],0,[],[],[]],[["0,9729,9729,33071,33071,0,0,1",-1],[1],0,[],[],[]]]]