[1,["ed00PNSkxEiYe7niprkBmz","bfS4KV7vdGXIfdKt4WPgUk","07TVJxEqpPGYWKPnWXoQ/m","6f+mxtz1BCk7U4g5QZJxOv","bdRL6ttOhKqKoHhILaMUq3","197/2HHuZDzbABFpotaTn1","93Eo+QlhpNMLGvJ8hBtLod","5dbD1c+B9GJrln+YU/8C5h","8aYejW6HZOt4H29WVvIia+","44wK7PSRFB56p9y+uYrBWO","8ckdJy+UBCor9Rx/be0PA7"],["_textureSetter"],["cc.Texture2D","cc.SpriteFrame",["cc.AudioClip",["_name","_native","duration"],0],["cc.JsonAsset",["_name","json"],1]],[[2,0,1,2,4],[3,0,1,3]],[[[[0,"20_Leones",".mp3",1.985306],-1],0,0,[],[],[]],[["0,9729,9729,33071,33071,0,0,1",-1],[0],0,[],[],[]],[[[0,"10_Leones",".mp3",1.227755],-1],0,0,[],[],[]],[[[0,"100_Leones",".mp3",1.906939],-1],0,0,[],[],[]],[[[0,"5_Leone",".mp3",0.809796],-1],0,0,[],[],[]],[[[0,"50_cent",".mp3",1.38449],-1],0,0,[],[],[]],[["0,9729,9729,33071,33071,0,0,1",-1],[0],0,[],[],[]],[[{"name":"50note","rect":[0,0,322,156],"offset":[0,0],"originalSize":[322,156],"capInsets":[0,0,0,0]}],[1],0,[0],[0],[0]],[["0,9729,9729,33071,33071,0,0,1",-1],[0],0,[],[],[]],[[[0,"50_Leones",".mp3",1.593469],-1],0,0,[],[],[]],[[{"name":"1Leone","rect":[0,0,227,222],"offset":[0,0],"originalSize":[227,222],"capInsets":[0,0,0,0]}],[1],0,[0],[0],[1]],[[[0,"500_Leones",".mp3",1.854694],-1],0,0,[],[],[]],[[[0,"1_Leone",".mp3",0.809796],-1],0,0,[],[],[]],[[{"name":"5note","rect":[0,0,500,500],"offset":[0,0],"originalSize":[500,500],"capInsets":[0,0,0,0]}],[1],0,[0],[0],[2]],[[[0,"5_Leone_coin",".mp3",1.227755],-1],0,0,[],[],[]],[["0,9729,9729,33071,33071,0,0,1",-1],[0],0,[],[],[]],[[[0,"2000_Leones",".mp3",1.906939],-1],0,0,[],[],[]],[["0,9729,9729,33071,33071,0,0,1",-1],[0],0,[],[],[]],[[{"name":"100note","rect":[0,0,600,552],"offset":[0,0],"originalSize":[600,552],"capInsets":[0,0,0,0]}],[1],0,[0],[0],[3]],[[[0,"200_Leones",".mp3",1.880816],-1],0,0,[],[],[]],[["0,9729,9729,33071,33071,0,0,1",-1],[0],0,[],[],[]],[["0,9729,9729,33071,33071,0,0,1",-1],[0],0,[],[],[]],[["0,9729,9729,33071,33071,0,0,1",-1],[0],0,[],[],[]],[[{"name":"500note","rect":[0,0,223,226],"offset":[0,0],"originalSize":[223,226],"capInsets":[0,0,0,0]}],[1],0,[0],[0],[4]],[[{"name":"10note","rect":[0,0,600,552],"offset":[0,0],"originalSize":[600,552],"capInsets":[0,0,0,0]}],[1],0,[0],[0],[5]],[[{"name":"20note","rect":[0,0,472,435],"offset":[0,0],"originalSize":[472,435],"capInsets":[0,0,0,0]}],[1],0,[0],[0],[6]],[[{"name":"2000note","rect":[0,0,225,224],"offset":[0,0],"originalSize":[225,224],"capInsets":[0,0,0,0]}],[1],0,[0],[0],[7]],[["0,9729,9729,33071,33071,0,0,1",-1],[0],0,[],[],[]],[["0,9729,9729,33071,33071,0,0,1",-1],[0],0,[],[],[]],[[{"name":"5Leone","rect":[0,0,311,162],"offset":[0,0],"originalSize":[311,162],"capInsets":[0,0,0,0]}],[1],0,[0],[0],[8]],[[[1,"sl_en3701",{"rows":[["picturemeaning","1","Description","S","Le2000","2000note.png","2000_Leones.mp3","Le10","10note.png","10_Leones.mp3","Le50","50note.png","50_Leones.mp3"],["picturemeaning","1","Description","P","Le10","10note.png","10_Leones.mp3","Le20","20note.png","20_Leones.mp3","Le5","5note.png","5_Leone.mp3"],["picturemeaning","1","Description","P","Le100","100note.png","100_Leones.mp3","Le500","500note.png","500_Leones.mp3","Le2000","2000note.png","2000_Leones.mp3"],["picturemeaning","1","Description","P","1 Leone","1Leone.png","1_Leone.mp3","5 Leone","5Leone.png","5_Leone_coin.mp3","50 cent","50cent.png","50_cent.mp3"],["picturemeaning","1","Description","P","Le200","200note.png","200_Leones.mp3","Le10","10note.png","10_Leones.mp3","Le50","50note.png","50_Leones.mp3"],["quizliteracy","1","Description","soundonly_image","20note.png","500note.png","20note.png","10note.png","","","20_Leones.mp3"],["quizliteracy","1","Description","image_word","Le200","Le200","Le50","Le20","200note.png"],["quizliteracy","1","Description","soundonly_image","500note.png","100note.png","50note.png","500note.png","","","500_Leones.mp3"]]}]],0,0,[],[],[]],[[{"name":"50cent","rect":[0,0,362,365],"offset":[0,0],"originalSize":[362,365],"capInsets":[0,0,0,0]}],[1],0,[0],[0],[9]],[[{"name":"200note","rect":[0,0,1200,542],"offset":[0,0],"originalSize":[1200,542],"capInsets":[0,0,0,0]}],[1],0,[0],[0],[10]],[["0,9729,9729,33071,33071,0,0,1",-1],[0],0,[],[],[]]]]