[1,["35AAY7OAVCf4tasuRysgu4","c89JmP1qVFgJu1RxAeErbr","12OhYKPApKFrLUFN40HqF3"],["_textureSetter"],["cc.Texture2D","cc.SpriteFrame",["cc.JsonAsset",["_name","json"],1],["cc.AudioClip",["_name","_native","duration"],0]],[[3,0,1,2,4],[2,0,1,3]],[[[[1,"hi0008",{"rows":[["phonictractor","1","Description","5","ऐ","ऐ.mp3","ऐ","ऐ.mp3"],["writeletter","1","Description","ऐ","ऐनक"],["writecard","1","Description","ऐ","ऐनक","ऐनक.png","ऐनक.mp3","ऐरावत","ऐरावत.png","ऐरावत.mp3","ऐडमिरल","ऐडमिरल.png","ऐडमिरल.mp3"],["quizliteracy","1","Description","soundonly_word","ऐ","ऋ","इ","ऐ","","","ऐ.mp3"],["quizliteracy","1","Description","word_word","ऐ","ऐ","ऊ","ऋ","","ऐ"],["quizliteracy","1","Description","soundonly_word","ऐ","ऋ","ऐ","इ","","","ऐ.mp3"]]}]],0,0,[],[],[]],[["0,9729,9729,33071,33071,0,0,1",-1],[0],0,[],[],[]],[["0,9729,9729,33071,33071,0,0,1",-1],[0],0,[],[],[]],[[{"name":"ऐरावत","rect":[0,0,400,289],"offset":[0,0],"originalSize":[400,289],"capInsets":[0,0,0,0]}],[1],0,[0],[0],[0]],[[[0,"ऐडमिरल",".mp3",0.862041],-1],0,0,[],[],[]],[[{"name":"ऐनक","rect":[0,0,400,333],"offset":[0,0],"originalSize":[400,333],"capInsets":[0,0,0,0]}],[1],0,[0],[0],[1]],[[[0,"ऐनक",".mp3",0.731429],-1],0,0,[],[],[]],[["0,9729,9729,33071,33071,0,0,1",-1],[0],0,[],[],[]],[[[0,"ऐ",".mp3",0.47025],-1],0,0,[],[],[]],[[{"name":"ऐडमिरल","rect":[0,0,203,333],"offset":[0,0],"originalSize":[203,333],"capInsets":[0,0,0,0]}],[1],0,[0],[0],[2]],[[[0,"ऐरावत",".mp3",0.940408],-1],0,0,[],[],[]]]]