[1,["c4ScOQa6pLPrea27JPJotj"],["_textureSetter"],["cc.Texture2D","cc.SpriteFrame",["cc.AudioClip",["_name","_native","duration"],0],["cc.JsonAsset",["_name","json"],1]],[[2,0,1,2,4],[3,0,1,3]],[[[[0,"drive",".mp3",1.104],-1],0,0,[],[],[]],[[[0,"mike",".mp3",1.008],-1],0,0,[],[],[]],[[[0,"dr",".mp3",1.08],-1],0,0,[],[],[]],[[[1,"en1307",{"rows":[["grid","1","Description","t,f","ake,ire"],["spelldoor","1","Description","fire","f*re","0","2","spelling_fire.png","fire.mp3"],["grid","1","Description","m,p","ale,ile"],["grid","1","Description","p,t","ie,ile,ool"],["grid","1","Description","f","ace,ive,ume"],["speakingpet","1","Description","dr.mp3","cr.mp3","dress","dress.mp3","A","1,2","drive","drive.mp3","A","1,2","crab","crab.mp3","B","1,2","cross","cross.mp3","B","1,2"],["grid","1","Description","l","ike,ate,ute"],["grid","1","Description","v,f,m","ase,ike"],["quizliteracy","1","Description","word_word","ire","ire","ick","ool","","f__","fire.mp3"],["quizliteracy","1","Description","word_word","ive","ick","ool","ive","","dr___","drive.mp3"],["quizliteracy","1","Description","word_word","ike","ole","ike","ill","","b___","bike.mp3"],["quizliteracy","1","Description","word_word","ike","ike","ill","ire","","m___","mike.mp3"]]}]],0,0,[],[],[]],[[[0,"crab",".mp3",0.96],-1],0,0,[],[],[]],[[[0,"cr",".mp3",1.2],-1],0,0,[],[],[]],[[[0,"dress",".mp3",1.176],-1],0,0,[],[],[]],[[[0,"fire",".mp3",1.056],-1],0,0,[],[],[]],[[[0,"bike",".mp3",1.032],-1],0,0,[],[],[]],[["0,9729,9729,33071,33071,0,0,1",-1],[0],0,[],[],[]],[[[0,"cross",".mp3",1.08],-1],0,0,[],[],[]],[[{"name":"spelling_fire","rect":[0,0,370,273],"offset":[0,0],"originalSize":[370,273],"capInsets":[0,0,0,0]}],[1],0,[0],[0],[0]]]]