[1,["89l+ZUPrRAKJlB0PGilAfA","99GrsdFJlI+bPwGR60QArh","24zg/2xrFAi4Zd3kaqJTIB","d8RJGd6M1M3Y4bSBUlaYxu","b88w88vQJMRL88mujgLD4N","b7yimAk/5PkLWNeVlIppzX"],["_textureSetter"],["cc.Texture2D","cc.SpriteFrame",["cc.AudioClip",["_name","_native","duration"],0],["cc.JsonAsset",["_name","json"],1]],[[2,0,1,2,4],[3,0,1,3]],[[["0,9729,9729,33071,33071,0,0,1",-1],[0],0,[],[],[]],[[[0,"Thank_you",".mp3",1.104],-1],0,0,[],[],[]],[[[0,"Can_I_come_with_you,_please",".mp3",2.544],-1],0,0,[],[],[]],[[[0,"Excuse_me_please",".mp3",1.92],-1],0,0,[],[],[]],[[{"name":"come_with_you","rect":[0,0,512,512],"offset":[0,0],"originalSize":[512,512],"capInsets":[0,0,0,0]}],[1],0,[0],[0],[0]],[[{"name":"bottle","rect":[0,0,512,460],"offset":[0,0],"originalSize":[512,460],"capInsets":[0,0,0,0]}],[1],0,[0],[0],[1]],[[{"name":"excuse_me","rect":[0,0,512,512],"offset":[0,0],"originalSize":[512,512],"capInsets":[0,0,0,0]}],[1],0,[0],[0],[2]],[[[0,"Pardon_me",".mp3",1.152],-1],0,0,[],[],[]],[[[0,"Will_you_open_this_bottle,_please",".mp3",3.072],-1],0,0,[],[],[]],[["0,9729,9729,33071,33071,0,0,1",-1],[0],0,[],[],[]],[[{"name":"sorry","rect":[0,0,512,512],"offset":[0,0],"originalSize":[512,512],"capInsets":[0,0,0,0]}],[1],0,[0],[0],[3]],[["0,9729,9729,33071,33071,0,0,1",-1],[0],0,[],[],[]],[[[1,"en2010",{"rows":[["createsentence","1","Description","Will/you/open/this/bottle,/please?","","bottle.png","Will_you_open_this_bottle,_please.mp3"],["createsentence","1","Description","I/am/sorry.","","sorry.png","I_am_sorry.mp3"],["createsentence","1","Description","Excuse/me,/please.","","excuse_me.png","Excuse_me_please.mp3"],["createsentence","1","Description","Pardon/me.","","Pardon_me.png","Pardon_me.mp3"],["createsentence","1","Description","Thank/you.","","thank_you.png","Thank_you.mp3"],["createsentence","1","Description","Can/I/come/with/you,/please?","","come_with_you.png","Can_I_come_with_you,_please.mp3"],["quizliteracy","1","Description","sentence_sentence","sorry","sorry","Excuse","please","","I am _____.","I_am_sorry.mp3"],["quizliteracy","1","Description","sentence_sentence","Excuse","please","sorry","Excuse","","______ me, please.","Excuse_me_please.mp3"],["quizliteracy","1","Description","sentence_sentence","please","Excuse","please","sorry","","Can I come with you, ______?","Can_I_come_with_you,_please.mp3"]]}]],0,0,[],[],[]],[["0,9729,9729,33071,33071,0,0,1",-1],[0],0,[],[],[]],[["0,9729,9729,33071,33071,0,0,1",-1],[0],0,[],[],[]],[[[0,"I_am_sorry",".mp3",1.272],-1],0,0,[],[],[]],[["0,9729,9729,33071,33071,0,0,1",-1],[0],0,[],[],[]],[[{"name":"Pardon_me","rect":[0,0,472,512],"offset":[0,0],"originalSize":[472,512],"capInsets":[0,0,0,0]}],[1],0,[0],[0],[4]],[[{"name":"thank_you","rect":[0,0,512,447],"offset":[0,0],"originalSize":[512,447],"capInsets":[0,0,0,0]}],[1],0,[0],[0],[5]]]]