[1,["2bGzJwWzhKhZeGOPLlgH6i","18vSbjYZlOpoqyyolS7S3U","d0GY9PrMVOura5DJRyULhr","96FkQP0QlO0r/xdIcJsPB5","3bp784WKdIq5XZIF6NjViL","b0/rGsTCpII6K3LETlr961"],["_textureSetter"],["cc.SpriteFrame","cc.Texture2D",["cc.AudioClip",["_name","_native","duration"],0],["cc.JsonAsset",["_name","json"],1]],[[2,0,1,2,4],[3,0,1,3]],[[[[0,"three",".mp3",0.653061],-1],0,0,[],[],[]],[[{"name":"spelling_river","rect":[0,0,370,273],"offset":[0,0],"originalSize":[370,273],"capInsets":[0,0,0,0]}],[0],0,[0],[0],[0]],[["0,9729,9729,33071,33071,0,0,1",-1],[1],0,[],[],[]],[["0,9729,9729,33071,33071,0,0,1",-1],[1],0,[],[],[]],[[{"name":"spelling_three","rect":[0,0,370,273],"offset":[0,0],"originalSize":[370,273],"capInsets":[0,0,0,0]}],[0],0,[0],[0],[1]],[["0,9729,9729,33071,33071,0,0,1",-1],[1],0,[],[],[]],[[[0,"chair",".mp3",0.705306],-1],0,0,[],[],[]],[[[1,"sl_en0904",{"rows":[["spelldoor","1","Description","water","*ater","2","0","spelling_water.png","water.mp3"],["spelldoor","1","Description","chair","*hair","2","0","spelling_chair.png","chair.mp3"],["spelldoor","1","Description","river","*iver","2","0","spelling_river.png","river.mp3"],["spelldoor","1","Description","three","*hree","2","0","spelling_three.png","three.mp3"],["spelldoor","1","Description","house","*ouse","2","0","spelling_house.png","house.mp3"],["spelldoor","1","Description","books","*ooks","2","0","spelling_books.png","books.mp3"],["quizliteracy","1","Description","word_word","w","k","n","w","","_ater","water.mp3"],["quizliteracy","1","Description","word_word","h","d","c","h","","_ouse","house.mp3"],["quizliteracy","1","Description","word_word","t","t","q","p","","_hree","three.mp3"],["quizliteracy","1","Description","word_word","r","b","r","z","","_iver","river.mp3"],["quizliteracy","1","Description","word_word","c","o","j","c","","_hair","chair.mp3"],["quizliteracy","1","Description","word_word","b","v","b","e","","_ooks","books.mp3"]]}]],0,0,[],[],[]],[[[0,"books",".mp3",0.705306],-1],0,0,[],[],[]],[["0,9729,9729,33071,33071,0,0,1",-1],[1],0,[],[],[]],[[[0,"water",".mp3",0.809796],-1],0,0,[],[],[]],[["0,9729,9729,33071,33071,0,0,1",-1],[1],0,[],[],[]],[[[0,"house",".mp3",0.626939],-1],0,0,[],[],[]],[[{"name":"spelling_water","rect":[0,0,370,273],"offset":[0,0],"originalSize":[370,273],"capInsets":[0,0,0,0]}],[0],0,[0],[0],[2]],[[{"name":"spelling_books","rect":[0,0,370,273],"offset":[0,0],"originalSize":[370,273],"capInsets":[0,0,0,0]}],[0],0,[0],[0],[3]],[[[0,"river",".mp3",0.653061],-1],0,0,[],[],[]],[["0,9729,9729,33071,33071,0,0,1",-1],[1],0,[],[],[]],[[{"name":"spelling_house","rect":[0,0,370,273],"offset":[0,0],"originalSize":[370,273],"capInsets":[0,0,0,0]}],[0],0,[0],[0],[4]],[[{"name":"spelling_chair","rect":[0,0,370,273],"offset":[0,0],"originalSize":[370,273],"capInsets":[0,0,0,0]}],[0],0,[0],[0],[5]]]]