[1,["cfLx28lYtJWZo+aZ23yJOV","7c1oZgphZOTL8AEQ0QpvSz","14DXSy2Q5ELZK8uRz7XRf/","94rQybZrlD3L9M1L77zD40","3dN+SyV3hC7Izgv8/JVzJM","c9RQvPt8hPfITfCK7KgVJt","53znbxioBADoDzZf16oAx+","e9zTR5jF1GO401JSsWETA3"],["_textureSetter"],["cc.Texture2D","cc.SpriteFrame",["cc.JsonAsset",["_name","json"],1],["cc.AudioClip",["_name","_native","duration"],0]],[[3,0,1,2,4],[2,0,1,3]],[[[[1,"kn1605",{"rows":[["phonictractor","1","Description","4","ಪಿರಿಪಿರಿ","ಪಿರಿಪಿರಿ.mp3","ಪಿರಿ","ಪಿರಿ.mp3","ಪಿರಿ","ಪಿರಿ.mp3"],["phonictractor","1","Description","4","ದಿನ","ದಿನ.mp3","ದಿ","ದಿ.mp3","ನ","ನ.mp3"],["spelldoor","1","Description","ಗಿಳಿ","**","0","0","parrot.png","ಗಿಳಿ.mp3"],["spelldoor","1","Description","ಜಾಜಿ","**","0","0","jasmine.png","ಜಾಜಿ.mp3"],["spelldoor","1","Description","ಇಣಚಿ","***","0","0","squirrel.png","ಇಣಚಿ.mp3"],["openwindow","1","Description","LEGIT","ಕಿ,ಟ,ಕಿ","window.png","write.png","ಕಿಟಕಿ.mp3","ಕಿ,ಟ,ಕಿ"],["rocket","1","Description","ಗಿರಿ","ಗಿ,ರಿ","ಗಿ,ರಿ","ಗಿರಿ.mp3","mountain.png","False","False"],["spelldoor","1","Description","ಗಾಡಿ","ಗಾ*","0","1","cart.png","ಗಾಡಿ.mp3"],["quizliteracy","1","Description","word_word","ಡಿ","ವಿ","ದಿ","ಡಿ","","ಗಾ__","ಗಾಡಿ.mp3"],["quizliteracy","1","Description","image_word","ಗಿಳಿ","ಗಿಳಿ","ಜಾಜಿ","ಇಣಚಿ","parrot.png"],["quizliteracy","1","Description","soundonly_word","ದಿನ","ಗಾಡಿ","ದಿನ","ಗಿರಿ","","","ದಿನ.mp3"]]}]],0,0,[],[],[]],[[[0,"ದಿ",".mp3",0.528],-1],0,0,[],[],[]],[["0,9729,9729,33071,33071,0,0,1",-1],[0],0,[],[],[]],[[[0,"ದಿನ",".mp3",0.6],-1],0,0,[],[],[]],[[[0,"ಜಾಜಿ",".mp3",0.768],-1],0,0,[],[],[]],[[{"name":"window","rect":[0,0,500,417],"offset":[0,0],"originalSize":[500,417],"capInsets":[0,0,0,0]}],[1],0,[0],[0],[0]],[["0,9729,9729,33071,33071,0,0,1",-1],[0],0,[],[],[]],[[[0,"ಇಣಚಿ",".mp3",0.744],-1],0,0,[],[],[]],[["0,9729,9729,33071,33071,0,0,1",-1],[0],0,[],[],[]],[[{"name":"squirrel","rect":[0,0,500,356],"offset":[0,0],"originalSize":[500,356],"capInsets":[0,0,0,0]}],[1],0,[0],[0],[1]],[[{"name":"write","rect":[0,0,512,384],"offset":[0,0],"originalSize":[512,384],"capInsets":[0,0,0,0]}],[1],0,[0],[0],[2]],[["0,9729,9729,33071,33071,0,0,1",-1],[0],0,[],[],[]],[[[0,"ನ",".mp3",0.48],-1],0,0,[],[],[]],[[[0,"ಕಿಟಕಿ",".mp3",0.744],-1],0,0,[],[],[]],[[{"name":"sing","rect":[0,0,512,288],"offset":[0,0],"originalSize":[512,288],"capInsets":[0,0,0,0]}],[1],0,[0],[0],[3]],[["0,9729,9729,33071,33071,0,0,1",-1],[0],0,[],[],[]],[[{"name":"parrot","rect":[0,0,512,341],"offset":[0,0],"originalSize":[512,341],"capInsets":[0,0,0,0]}],[1],0,[0],[0],[4]],[["0,9729,9729,33071,33071,0,0,1",-1],[0],0,[],[],[]],[[[0,"ಗಾಡಿ",".mp3",0.744],-1],0,0,[],[],[]],[["0,9729,9729,33071,33071,0,0,1",-1],[0],0,[],[],[]],[[[0,"ಪಿರಿ",".mp3",0.6],-1],0,0,[],[],[]],[[[0,"ಗಿಳಿ",".mp3",0.624],-1],0,0,[],[],[]],[[[0,"ಪಿರಿಪಿರಿ",".mp3",0.816],-1],0,0,[],[],[]],[[{"name":"cart","rect":[0,0,512,302],"offset":[0,0],"originalSize":[512,302],"capInsets":[0,0,0,0]}],[1],0,[0],[0],[5]],[[{"name":"mountain","rect":[0,0,512,288],"offset":[0,0],"originalSize":[512,288],"capInsets":[0,0,0,0]}],[1],0,[0],[0],[6]],[[[0,"ಗಿರಿ",".mp3",0.624],-1],0,0,[],[],[]],[["0,9729,9729,33071,33071,0,0,1",-1],[0],0,[],[],[]],[[{"name":"jasmine","rect":[0,0,249,512],"offset":[0,0],"originalSize":[249,512],"capInsets":[0,0,0,0]}],[1],0,[0],[0],[7]]]]