[1,["40RYTPKIRNo4i/LblhNZwQ","6dJr5Lr8tFuIJuQPsVvIVI","25Rf2fKHdBkoqiXhPbdEeR","9bPL7xadxGZrRxFEHhz8U8","64ItvzpJ1OmIm1+Fe9ve/j","a4OEWFNilKZ60JITiyxv25","2b7c0R0fdPMYsz3ddG6Ls3","d3WNrTiSBA4Z6HIQkot5Wk","68QdAtwR1NgIVvXuPU7ToP","19r4UOx7hHlKkxeKt+v3a4","c7Jaj8a1pM0peheplli8U3","c9NX0lsP9LmIyEtH2kHpbF","4428Mr2NxD0LEyK/SxB+5K","41gMC7FW5LAbmazsDnS4ib","a0sn+QqXxOC6ev/czJQdUl","a3wEAg9/FAOrowp7f1lfE0"],["_textureSetter"],["cc.SpriteFrame","cc.Texture2D",["cc.AudioClip",["_name","_native","duration"],0],["cc.JsonAsset",["_name","json"],1]],[[2,0,1,2,4],[3,0,1,3]],[[[{"name":"fish","rect":[0,0,400,400],"offset":[0,0],"originalSize":[400,400],"capInsets":[0,0,0,0]}],[0],0,[0],[0],[0]],[[{"name":"gandhi","rect":[0,0,400,400],"offset":[0,0],"originalSize":[400,400],"capInsets":[0,0,0,0]}],[0],0,[0],[0],[1]],[["0,9729,9729,33071,33071,0,0,1",-1],[1],0,[],[],[]],[[{"name":"elephant_trunk","rect":[0,0,400,400],"offset":[0,0],"originalSize":[400,400],"capInsets":[0,0,0,0]}],[0],0,[0],[0],[2]],[[[0,"ಸೊಂಡಿಲು",".mp3",1.056],-1],0,0,[],[],[]],[[{"name":"Nehru","rect":[0,0,400,400],"offset":[0,0],"originalSize":[400,400],"capInsets":[0,0,0,0]}],[0],0,[0],[0],[3]],[[{"name":"elephant_leg","rect":[0,0,400,400],"offset":[0,0],"originalSize":[400,400],"capInsets":[0,0,0,0]}],[0],0,[0],[0],[4]],[["0,9729,9729,33071,33071,0,0,1",-1],[1],0,[],[],[]],[["0,9729,9729,33071,33071,0,0,1",-1],[1],0,[],[],[]],[[{"name":"banyan","rect":[0,0,400,400],"offset":[0,0],"originalSize":[400,400],"capInsets":[0,0,0,0]}],[0],0,[0],[0],[5]],[[{"name":"rabbit_ear","rect":[0,0,400,400],"offset":[0,0],"originalSize":[400,400],"capInsets":[0,0,0,0]}],[0],0,[0],[0],[6]],[["0,9729,9729,33071,33071,0,0,1",-1],[1],0,[],[],[]],[["0,9729,9729,33071,33071,0,0,1",-1],[1],0,[],[],[]],[[{"name":"golden_cloth","rect":[0,0,400,382],"offset":[0,0],"originalSize":[400,382],"capInsets":[0,0,0,0]}],[0],0,[0],[0],[7]],[["0,9729,9729,33071,33071,0,0,1",-1],[1],0,[],[],[]],[["0,9729,9729,33071,33071,0,0,1",-1],[1],0,[],[],[]],[["0,9729,9729,33071,33071,0,0,1",-1],[1],0,[],[],[]],[[{"name":"claw","rect":[0,0,400,400],"offset":[0,0],"originalSize":[400,400],"capInsets":[0,0,0,0]}],[0],0,[0],[0],[8]],[["0,9729,9729,33071,33071,0,0,1",-1],[1],0,[],[],[]],[[{"name":"elephant","rect":[0,0,400,400],"offset":[0,0],"originalSize":[400,400],"capInsets":[0,0,0,0]}],[0],0,[0],[0],[9]],[[[0,"ಕಾಲು",".mp3",0.816],-1],0,0,[],[],[]],[[[0,"ಗಾಂಧಿಜಿ",".mp3",1.032],-1],0,0,[],[],[]],[[{"name":"elephant_bell","rect":[0,0,400,400],"offset":[0,0],"originalSize":[400,400],"capInsets":[0,0,0,0]}],[0],0,[0],[0],[10]],[[[0,"ಕಿವಿ",".mp3",0.648],-1],0,0,[],[],[]],[[[0,"ಕೊರಳಲಿ_ಗಂಟೆ",".mp3",1.416],-1],0,0,[],[],[]],[[[0,"ಆನೆ",".mp3",0.72],-1],0,0,[],[],[]],[[[0,"ಚಿನ್ನದ ಬಟ್ಟೆ",".mp3",1.32],-1],0,0,[],[],[]],[[[0,"ಬಾಲ",".mp3",0.72],-1],0,0,[],[],[]],[["0,9729,9729,33071,33071,0,0,1",-1],[1],0,[],[],[]],[[{"name":"elephant_ear","rect":[0,0,400,400],"offset":[0,0],"originalSize":[400,400],"capInsets":[0,0,0,0]}],[0],0,[0],[0],[11]],[[[1,"kn2_0101",{"rows":[["openwindow1","1","Description","LEGIT","ಆನೆ","elephant.png","fish.png","ಆನೆ.mp3","ಆನೆ"],["openwindow1","1","Description","LEGIT","ಸೊಂಡಿಲು","elephant_trunk.png","wing.png","ಸೊಂಡಿಲು.mp3","ಸೊಂಡಿಲು"],["openwindow1","1","Description","LEGIT","ಕಾಲು","elephant_leg.png","claw.png","ಕಾಲು.mp3","ಕಾಲು"],["openwindow1","1","Description","LEGIT","ಕಿವಿ","elephant_ear.png","wing.png","ಕಿವಿ.mp3","ಕಿವಿ"],["openwindow1","1","Description","LEGIT","ಬಾಲ","elephant_tail.png","elephant_leg.png","ಬಾಲ.mp3","ಬಾಲ"],["openwindow1","1","Description","LEGIT","ಕೊರಳಲಿ ಗಂಟೆ","elephant_bell.png","golden_cloth.png","ಕೊರಳಲಿ_ಗಂಟೆ.mp3","ಕೊರಳಲಿಗಂಟೆ"],["openwindow1","1","Description","LEGIT","ಚಿನ್ನದ ಬಟ್ಟೆ","golden_cloth.png","elephant_bell.png","ಚಿನ್ನದ ಬಟ್ಟೆ.mp3","ಚಿನ್ನದ ಬಟ್ಟೆ"],["openwindow1","1","Description","LEGIT","ಗಾಂಧಿಜಿ","gandhi.png","Nehru.png","ಗಾಂಧಿಜಿ.mp3","ಗಾಂಧಿಜಿ"],["openwindow1","1","Description","LEGIT","ಗೂಳಿ","bull.png","golden_cloth.png","ಗೂಳಿ.mp3","ಗೂಳಿ"],["openwindow1","1","Description","LEGIT","ತೆಂಗಿನ ಮರ","coconut_tree.png","banyan.png","ತೆಂಗಿನ ಮರ .mp3","ತೆಂಗಿನ ಮರ"],["quizliteracy","1","Description","image_word","ಸೊಂಡಿಲು","ಸೊಂಡಿಲು","ಕಾಲು","ಬಾಲ","elephant_trunk.png"],["quizliteracy","1","Description","image_word","ಕಾಲು","ಕಿವಿ","ಬಾಲ","ಕಾಲು","elephant_leg.png"],["quizliteracy","1","Description","image_word","ಕಿವಿ","ಬಾಲ","ಕಿವಿ","ಸೊಂಡಿಲು","elephant_ear.png"]]}]],0,0,[],[],[]],[["0,9729,9729,33071,33071,0,0,1",-1],[1],0,[],[],[]],[["0,9729,9729,33071,33071,0,0,1",-1],[1],0,[],[],[]],[["0,9729,9729,33071,33071,0,0,1",-1],[1],0,[],[],[]],[[{"name":"wing","rect":[0,0,400,400],"offset":[0,0],"originalSize":[400,400],"capInsets":[0,0,0,0]}],[0],0,[0],[0],[12]],[[{"name":"elephant_tail","rect":[0,0,400,400],"offset":[0,0],"originalSize":[400,400],"capInsets":[0,0,0,0]}],[0],0,[0],[0],[13]],[[{"name":"coconut_tree","rect":[0,0,400,400],"offset":[0,0],"originalSize":[400,400],"capInsets":[0,0,0,0]}],[0],0,[0],[0],[14]],[[[0,"ತೆಂಗಿನ ಮರ ",".mp3",1.104],-1],0,0,[],[],[]],[["0,9729,9729,33071,33071,0,0,1",-1],[1],0,[],[],[]],[["0,9729,9729,33071,33071,0,0,1",-1],[1],0,[],[],[]],[[[0,"ಗೂಳಿ",".mp3",0.744],-1],0,0,[],[],[]],[["0,9729,9729,33071,33071,0,0,1",-1],[1],0,[],[],[]],[[{"name":"bull","rect":[0,0,400,400],"offset":[0,0],"originalSize":[400,400],"capInsets":[0,0,0,0]}],[0],0,[0],[0],[15]]]]