[1,["02b+oveLNM16zrJfkhT1E7","beo7Vd/EBNvpP9Vye0Dc3m","61PKm7mkJIeooVyTKEzOY6"],["_textureSetter"],["cc.Texture2D","cc.SpriteFrame",["cc.AudioClip",["_name","_native","duration"],0],["cc.JsonAsset",["_name","json"],1]],[[2,0,1,2,4],[3,0,1,3]],[[["0,9729,9729,33071,33071,0,0,1",-1],[0],0,[],[],[]],[[{"name":"वन","rect":[0,0,400,333],"offset":[0,0],"originalSize":[400,333],"capInsets":[0,0,0,0]}],[1],0,[0],[0],[0]],[[[0,"वृक्ष",".mp3",0.626939],-1],0,0,[],[],[]],[["0,9729,9729,33071,33071,0,0,1",-1],[0],0,[],[],[]],[[[0,"वन",".mp3",0.548571],-1],0,0,[],[],[]],[[[0,"व",".mp3",0.47025],-1],0,0,[],[],[]],[[[1,"hi0128",{"rows":[["balloonpop","1","Description","2","व","5","व","व.mp3"],["phonictractor","1","Description","5","व","व.mp3","व","व.mp3"],["writeletter","1","Description","व","वन"],["writecard","1","Description","व","वन","वन.png","वन.mp3","वृक्ष","वृक्ष.png","वृक्ष.mp3","वर्षा","वर्षा.png","वर्षा.mp3"],["quizliteracy","1","Description","soundonly_word","व","व","ल","र","","","व.mp3"],["quizliteracy","1","Description","word_word","व","ल","र","व","","व"],["quizliteracy","1","Description","soundonly_word","व","र","व","ल","","","व.mp3"]]}]],0,0,[],[],[]],[[{"name":"वर्षा","rect":[0,0,400,333],"offset":[0,0],"originalSize":[400,333],"capInsets":[0,0,0,0]}],[1],0,[0],[0],[1]],[[[0,"वर्षा",".mp3",0.679184],-1],0,0,[],[],[]],[["0,9729,9729,33071,33071,0,0,1",-1],[0],0,[],[],[]],[[{"name":"वृक्ष","rect":[0,0,400,333],"offset":[0,0],"originalSize":[400,333],"capInsets":[0,0,0,0]}],[1],0,[0],[0],[2]]]]