[1,["17LbNuJyVNPq7d7RgzJYtv","caleUo/79MLLBkZgK8FZoW","1765KsXBZB4I+W24QgaEU0","43Y2+mejBAu42aYbsJFWTM","66nk4FI5xF6J3ybJUBEdif","27g0n2kLxH2rPGtj+B7WIa","a2LaNaV6VPhLGAg+i4kKcS"],["_textureSetter"],["cc.SpriteFrame","cc.Texture2D",["cc.AudioClip",["_name","_native","duration"],0],["cc.JsonAsset",["_name","json"],1]],[[2,0,1,2,4],[3,0,1,3]],[[[{"name":"छत","rect":[0,0,400,333],"offset":[0,0],"originalSize":[400,333],"capInsets":[0,0,0,0]}],[0],0,[0],[0],[0]],[[[0,"छत",".mp3",0.522449],-1],0,0,[],[],[]],[["0,9729,9729,33071,33071,0,0,1",-1],[1],0,[],[],[]],[["0,9729,9729,33071,33071,0,0,1",-1],[1],0,[],[],[]],[[{"name":"जल","rect":[0,0,400,333],"offset":[0,0],"originalSize":[400,333],"capInsets":[0,0,0,0]}],[0],0,[0],[0],[1]],[["0,9729,9729,33071,33071,0,0,1",-1],[1],0,[],[],[]],[[[0,"एक",".mp3",0.574694],-1],0,0,[],[],[]],[["0,9729,9729,33071,33071,0,0,1",-1],[1],0,[],[],[]],[[{"name":"एक","rect":[10,0,373,332],"offset":[-3.5,0.5],"originalSize":[400,333],"capInsets":[0,0,0,0]}],[0],0,[0],[0],[2]],[["0,9729,9729,33071,33071,0,0,1",-1],[1],0,[],[],[]],[[[0,"बस",".mp3",0.731429],-1],0,0,[],[],[]],[[{"name":"नल","rect":[0,0,400,333],"offset":[0,0],"originalSize":[400,333],"capInsets":[0,0,0,0]}],[0],0,[0],[0],[3]],[["0,9729,9729,33071,33071,0,0,1",-1],[1],0,[],[],[]],[[[0,"फल",".mp3",0.496327],-1],0,0,[],[],[]],[[[0,"रथ",".mp3",0.574694],-1],0,0,[],[],[]],[["0,9729,9729,33071,33071,0,0,1",-1],[1],0,[],[],[]],[[{"name":"फल","rect":[0,0,400,333],"offset":[0,0],"originalSize":[400,333],"capInsets":[0,0,0,0]}],[0],0,[0],[0],[4]],[[{"name":"बस","rect":[1,42,351,178],"offset":[-8.5,5.5],"originalSize":[370,273],"capInsets":[0,0,0,0]}],[0],0,[0],[0],[5]],[[{"name":"रथ","rect":[0,0,370,273],"offset":[0,0],"originalSize":[370,273],"capInsets":[0,0,0,0]}],[0],0,[0],[0],[6]],[[[1,"hi1200",{"rows":[["writeword","1","Description","नल","नल.png","नल.mp3"],["writeword","1","Description","फल","फल.png","फल.mp3"],["writeword","1","Description","जल","जल.png","जल.mp3"],["writeword","1","Description","बस","बस.png","बस.mp3"],["writeword","1","Description","रथ","रथ.png","रथ.mp3"],["writeword","1","Description","छत","छत.png","छत.mp3"],["writeword","1","Description","एक","एक.png","एक.mp3"],["quizliteracy","1","Description","soundonly_word","फल","फल","एक","बस","","","फल.mp3"],["quizliteracy","1","Description","image_word","बस","एक","बस","फल","बस.png"],["quizliteracy","1","Description","image_word","एक","बस","फल","एक","एक.png"]]}]],0,0,[],[],[]],[[[0,"जल",".mp3",0.653061],-1],0,0,[],[],[]],[[[0,"नल",".mp3",0.574694],-1],0,0,[],[],[]]]]