[1,["6abpy1+BxFDZactecwxLu5"],["_textureSetter"],["cc.Texture2D","cc.SpriteFrame",["cc.AudioClip",["_name","_native","duration"],0],["cc.JsonAsset",["_name","json"],1]],[[2,0,1,2,4],[3,0,1,3]],[[["0,9729,9729,33071,33071,0,0,1",-1],[0],0,[],[],[]],[[[0,"ज्ञ",".mp3",0.809796],-1],0,0,[],[],[]],[[[1,"mr0109",{"rows":[["balloonpop","1","Description","2","ञ","3","झ,ज,ञ","ञ.mp3"],["phonictractor","1","Description","5","ञ","ज्ञ.mp3","ञ","ज्ञ.mp3"],["writeletter","1","Description","ञ"],["writecard","1","Description","ञ","ञ","ञ.png","ञ.mp3","ञ","ञ.png","ञ.mp3","ञ","ञ.png","ञ.mp3"],["quizliteracy","1","Description","soundonly_word","ञ","ञ","च","प","","","ञ.mp3"],["quizliteracy","1","Description","word_word","ञ","च","प","ञ","","ञ"],["quizliteracy","1","Description","soundonly_word","ञ","ञ","च","प","","","ञ.mp3"]]}]],0,0,[],[],[]],[[{"name":"ञ","rect":[0,0,311,329],"offset":[0,0],"originalSize":[311,329],"capInsets":[0,0,0,0]}],[1],0,[0],[0],[0]]]]