[1,["6a/+FayMtN6ZUbMSsN3fIu","3ddq/XcPNMT7/EfCs67e0F","4f6IVOyFROe6WzGUwbmDWE","68MwKM2KdLWaGQiDRiH3FG","17V7/xZ9RH8qGCp3cE7hvl","ba5GZLESVOy7LnimQvnOPp"],["_textureSetter"],["cc.SpriteFrame","cc.Texture2D",["cc.AudioClip",["_name","_native","duration"],0],["cc.JsonAsset",["_name","json"],1]],[[2,0,1,2,4],[3,0,1,3]],[[[{"name":"flower_garden","rect":[0,0,640,480],"offset":[0,0],"originalSize":[640,480],"capInsets":[0,0,0,0]}],[0],0,[0],[0],[0]],[["0,9729,9729,33071,33071,0,0,1",-1],[1],0,[],[],[]],[[[0,"फुलांप्रमाणे_आणखी_फुलपाखरांचे_मन_निर्मल_सुंदर_असते",".mp3",4.858776],-1],0,0,[],[],[]],[[{"name":"flower","rect":[0,0,480,640],"offset":[0,0],"originalSize":[480,640],"capInsets":[0,0,0,0]}],[0],0,[0],[0],[1]],[["0,9729,9729,33071,33071,0,0,1",-1],[1],0,[],[],[]],[[[0,"फुले_गमतीने_डोलतात_कारण_वाऱ्याची_झोत_वाहते",".mp3",4.179592],-1],0,0,[],[],[]],[[[1,"mr3001",{"rows":[["createsentence","1","Description","फुलांप्रमाणे/आणखी/मधाचा/सुगंध/सगळीकडे/पसरतो","","nector.png","फुलांप्रमाणे_आणखी_मधाचा_सुगंध_सगळीकडे_पसरतो.mp3"],["createsentence","1","Description","फुलांप्रमाणे/आणखी/फुलपाखरांचे/मन/निर्मल/सुंदर/असते","","butterfly.png","फुलांप्रमाणे_आणखी_फुलपाखरांचे_मन_निर्मल_सुंदर_असते.mp3"],["createsentence","1","Description","मला/गुलाबाचा/रंग/व/वास/आवडतो","","rose.png","मला_गुलाबाचा_रंग व_वास_आवडतो.mp3"],["createsentence","1","Description","त्यांना/त्यांचा/सुगंध/सगळ्यांना/द्यायला/आवडतो","","flower_garden.png","त्यांना_त्यांचा_सुगंध_सगळ्यांना_द्यायला_आवडतो.mp3"],["createsentence","1","Description","फुले/नाजुक/आहेत","","flower.png","फुले_नाजुक_आहेत.mp3"],["createsentence","1","Description","फुले/गमतीने/डोलतात/कारण/वाऱ्याची/झोत/वाहते","","flowers_sway.png","फुले_गमतीने_डोलतात_कारण_वाऱ्याची_झोत_वाहते.mp3"],["quizliteracy","1","Description","sentence_sentence","रंग","सुगंध","नाजुक","रंग","","मला गुलाबाचा __ व वास आवडतो.","मला_गुलाबाचा_रंग व_वास_आवडतो.mp3"],["quizliteracy","1","Description","sentence_sentence","सुगंध","हासुन","रंग","सुगंध","","त्यांना त्यांचा _____सगळ्यांना द्यायला आवडतो","त्यांना_त्यांचा_सुगंध_सगळ्यांना_द्यायला_आवडतो.mp3"],["quizliteracy","1","Description","sentence_sentence","नाजुक","नाजुक","हासुन","जगती","","फुले _____आहेत","फुले_नाजुक_आहेत.mp3"]]}]],0,0,[],[],[]],[[{"name":"butterfly","rect":[0,0,640,427],"offset":[0,0],"originalSize":[640,427],"capInsets":[0,0,0,0]}],[0],0,[0],[0],[2]],[["0,9729,9729,33071,33071,0,0,1",-1],[1],0,[],[],[]],[[{"name":"rose","rect":[0,0,640,480],"offset":[0,0],"originalSize":[640,480],"capInsets":[0,0,0,0]}],[0],0,[0],[0],[3]],[["0,9729,9729,33071,33071,0,0,1",-1],[1],0,[],[],[]],[["0,9729,9729,33071,33071,0,0,1",-1],[1],0,[],[],[]],[[[0,"मला_गुलाबाचा_रंग व_वास_आवडतो",".mp3",3.448163],-1],0,0,[],[],[]],[[{"name":"nector","rect":[0,0,640,497],"offset":[0,0],"originalSize":[640,497],"capInsets":[0,0,0,0]}],[0],0,[0],[0],[4]],[["0,9729,9729,33071,33071,0,0,1",-1],[1],0,[],[],[]],[[{"name":"flowers_sway","rect":[0,0,640,422],"offset":[0,0],"originalSize":[640,422],"capInsets":[0,0,0,0]}],[0],0,[0],[0],[5]],[[[0,"त्यांना_त्यांचा_सुगंध_सगळ्यांना_द्यायला_आवडतो",".mp3",3.918367],-1],0,0,[],[],[]],[[[0,"फुले_नाजुक_आहेत",".mp3",1.515102],-1],0,0,[],[],[]],[[[0,"फुलांप्रमाणे_आणखी_मधाचा_सुगंध_सगळीकडे_पसरतो",".mp3",4.649796],-1],0,0,[],[],[]]]]