[1,["41uy84HLtHa5jZXAnzL/r9","45nS1vfv1LSoqZrDVAskD2","a7JuMtf5NDT56tTFWPHnOm","22ykssBWhIgIg4f2D99X8H","24zd5gapBIDYId3D6V003j"],["_textureSetter"],["cc.SpriteFrame","cc.Texture2D",["cc.AudioClip",["_name","_native","duration"],0],["cc.JsonAsset",["_name","json"],1]],[[2,0,1,2,4],[3,0,1,3]],[[[[0,"ಅರಮನೆ",".mp3",0.816],-1],0,0,[],[],[]],[[{"name":"nehru","rect":[0,0,512,307],"offset":[0,0],"originalSize":[512,307],"capInsets":[0,0,0,0]}],[0],0,[0],[0],[0]],[["0,9729,9729,33071,33071,0,0,1",-1],[1],0,[],[],[]],[["0,9729,9729,33071,33071,0,0,1",-1],[1],0,[],[],[]],[[{"name":"victory","rect":[0,0,512,294],"offset":[0,0],"originalSize":[512,294],"capInsets":[0,0,0,0]}],[0],0,[0],[0],[1]],[["0,9729,9729,33071,33071,0,0,1",-1],[1],0,[],[],[]],[["0,9729,9729,33071,33071,0,0,1",-1],[1],0,[],[],[]],[[[0,"ಬದನೆಕಾಯಿ",".mp3",1.08],-1],0,0,[],[],[]],[[{"name":"palace","rect":[0,0,387,512],"offset":[0,0],"originalSize":[387,512],"capInsets":[0,0,0,0]}],[0],0,[0],[0],[2]],[[{"name":"lake","rect":[0,0,512,288],"offset":[0,0],"originalSize":[512,288],"capInsets":[0,0,0,0]}],[0],0,[0],[0],[3]],[[[0,"ಕೆರೆ",".mp3",0.624],-1],0,0,[],[],[]],[[{"name":"brinjal","rect":[0,0,512,383],"offset":[0,0],"originalSize":[512,383],"capInsets":[0,0,0,0]}],[0],0,[0],[0],[4]],[["0,9729,9729,33071,33071,0,0,1",-1],[1],0,[],[],[]],[[[0,"ಗೆಲುವು",".mp3",0.816],-1],0,0,[],[],[]],[[[1,"kn4408",{"rows":[["spelldoor","1","Description","ನೆಹರು ","*ಹರು ","0","0","nehru.png","ನೆಹರು.mp3"],["spelldoor","1","Description","ಅರಮನೆ ","ಅರಮ*","0","0","palace.png","ಅರಮನೆ.mp3"],["spelldoor","1","Description","ಗೆಲುವು ","*ಲುವು ","0","0","victory.png","ಗೆಲುವು.mp3"],["spelldoor","1","Description","ಕೆರೆ ","*ರೆ ","0","0","lake.png","ಕೆರೆ.mp3"],["spelldoor","1","Description","ಬದನೆಕಾಯಿ ","ಬದ*ಕಾಯಿ","0","0","brinjal.png","ಬದನೆಕಾಯಿ.mp3"]]}]],0,0,[],[],[]],[[[0,"ನೆಹರು",".mp3",0.744],-1],0,0,[],[],[]]]]