[1,["70ZzhM+xVIKJMSaPl48PuM","04qSYG4KZOZr8qK+ThIdcX","28g4gncUNDU4lVOcvOZJcg"],["_textureSetter"],["cc.Texture2D","cc.SpriteFrame",["cc.JsonAsset",["_name","json"],1],["cc.AudioClip",["_name","_native","duration"],0]],[[3,0,1,2,4],[2,0,1,3]],[[["0,9729,9729,33071,33071,0,0,1",-1],[0],0,[],[],[]],[[{"name":"pig","rect":[0,0,512,390],"offset":[0,0],"originalSize":[512,390],"capInsets":[0,0,0,0]}],[1],0,[0],[0],[0]],[["0,9729,9729,33071,33071,0,0,1",-1],[0],0,[],[],[]],[[{"name":"pot","rect":[0,0,800,535],"offset":[0,0],"originalSize":[800,535],"capInsets":[0,0,0,0]}],[1],0,[0],[0],[1]],[[[1,"sl_en0303",{"rows":[["balloonpop","1","Description","2","p","5","p,o,n","p.mp3"],["writeletter","1","Description","p","-"],["writecard","1","Description","p","pen","pen.png","pen.mp3","pig","pig.png","pig.mp3","pot","pot.png","pot.mp3"],["quizliteracy","1","Description","soundonly_word","p","c","j","p","","","p.mp3"],["quizliteracy","1","Description","word_word","p","p","u","d","","p"],["quizliteracy","1","Description","soundonly_word","p","b","p","q","","","p.mp3"]]}]],0,0,[],[],[]],[["0,9729,9729,33071,33071,0,0,1",-1],[0],0,[],[],[]],[[[0,"pot",".mp3",0.548571],-1],0,0,[],[],[]],[[[0,"pen",".mp3",0.809796],-1],0,0,[],[],[]],[[[0,"p",".mp3",0.548571],-1],0,0,[],[],[]],[[{"name":"pen","rect":[0,0,512,428],"offset":[0,0],"originalSize":[512,428],"capInsets":[0,0,0,0]}],[1],0,[0],[0],[2]],[[[0,"pig",".mp3",0.548571],-1],0,0,[],[],[]]]]