[1,["0ayoEyXqVLhYZUbnpGyIOA","a5Yq+Erj1HvZZPMF+dYD/b","03LZ1DT01AUJZRoAvPplG9"],["_textureSetter"],["cc.Texture2D","cc.SpriteFrame",["cc.AudioClip",["_name","_native","duration"],0],["cc.JsonAsset",["_name","json"],1]],[[2,0,1,2,4],[3,0,1,3]],[[["0,9729,9729,33071,33071,0,0,1",-1],[0],0,[],[],[]],[["0,9729,9729,33071,33071,0,0,1",-1],[0],0,[],[],[]],[[{"name":"orange","rect":[17,18,623,583],"offset":[8.5,-5.5],"originalSize":[640,608],"capInsets":[0,0,0,0]}],[1],0,[0],[0],[0]],[[[0,"ऑ",".mp3",0.705306],-1],0,0,[],[],[]],[[[0,"ऑलिव्ह",".mp3",0.940408],-1],0,0,[],[],[]],[[[1,"mr0014",{"rows":[["balloonpop","1","Description","2","ऑ","3","ऑ,ॲ,इ","ऑ.mp3"],["writeletter","1","Description","ऑ","ॲट"],["writecard","1","Description","ऑ","ऑफिस","office.png","ऑफिस.mp3","ऑरेंज","orange.png","ऑरेंज.mp3","ऑलिव्ह","olive.png","ऑलिव्ह.mp3"],["quizliteracy","1","Description","soundonly_word","ऑ","ऑ","अः","ऐ","","","ऑ.mp3"],["quizliteracy","1","Description","word_word","ऑ","अः","ऑ","इ","","ऑ"],["quizliteracy","1","Description","soundonly_word","ऑ","इ","अः","ऑ","","","ऑ.mp3"]]}]],0,0,[],[],[]],[["0,9729,9729,33071,33071,0,0,1",-1],[0],0,[],[],[]],[[{"name":"office","rect":[0,0,640,427],"offset":[0,0],"originalSize":[640,427],"capInsets":[0,0,0,0]}],[1],0,[0],[0],[1]],[[{"name":"olive","rect":[0,0,640,376],"offset":[0,0],"originalSize":[640,376],"capInsets":[0,0,0,0]}],[1],0,[0],[0],[2]],[[[0,"ऑफिस",".mp3",1.07102],-1],0,0,[],[],[]],[[[0,"ऑरेंज",".mp3",1.123265],-1],0,0,[],[],[]]]]