[1,["66+KZRN+xNXoGWAa7T9Iec","bc0rEdT4FHMZsCNlP9Vweo","4cSazBItFBGa60Xkc6xIX0","50vgOwsRhBzrhrcmEb30cR","0ciamiD8RP7ryleEsZrS+u","a0MKur5cNNAYV/zIVCeULx","26OYdgNL1HdIvkdSPvlISY","10XRl/ScBDqZBfC8W1s+OU","e73JxQmK9FXLkwNLk+x2mb","d4p5LV915OQq9XsI2xp05V","7eMoDsbp9JHILvd7Im6Klr","dc2HOp7t1KbIQIxX7gGW00","5fEo9KEzdN+ZIFrlREiNbK","b4frqNdRJP6Kovbec2ur1d","6bIwBd8jRIvJQd8ylqpY//"],["_textureSetter"],["cc.Texture2D","cc.SpriteFrame",["cc.AudioClip",["_name","_native","duration"],0],["cc.JsonAsset",["_name","json"],1]],[[2,0,1,2,4],[3,0,1,3]],[[[[0,"विष",".mp3",0.783673],-1],0,0,[],[],[]],[["0,9729,9729,33071,33071,0,0,1",-1],[0],0,[],[],[]],[["0,9729,9729,33071,33071,0,0,1",-1],[0],0,[],[],[]],[[[0,"षटकोन",".mp3",1.201633],-1],0,0,[],[],[]],[["0,9729,9729,33071,33071,0,0,1",-1],[0],0,[],[],[]],[[[0,"टेबल",".mp3",0.757551],-1],0,0,[],[],[]],[[{"name":"topi","rect":[0,0,640,427],"offset":[0,0],"originalSize":[640,427],"capInsets":[0,0,0,0]}],[1],0,[0],[0],[0]],[[{"name":"stamp","rect":[0,0,640,480],"offset":[0,0],"originalSize":[640,480],"capInsets":[0,0,0,0]}],[1],0,[0],[0],[1]],[[{"name":"hexagon","rect":[3,3,634,550],"offset":[0,0],"originalSize":[640,556],"capInsets":[0,0,0,0]}],[1],0,[0],[0],[2]],[[{"name":"doorbell","rect":[0,0,369,640],"offset":[0,0],"originalSize":[369,640],"capInsets":[0,0,0,0]}],[1],0,[0],[0],[3]],[[{"name":"stick","rect":[207,4,186,593],"offset":[0,-0.5],"originalSize":[600,600],"capInsets":[0,0,0,0]}],[1],0,[0],[0],[4]],[["0,9729,9729,33071,33071,0,0,1",-1],[0],0,[],[],[]],[["0,9729,9729,33071,33071,0,0,1",-1],[0],0,[],[],[]],[[[0,"छल्ला",".mp3",0.835918],-1],0,0,[],[],[]],[["0,9729,9729,33071,33071,0,0,1",-1],[0],0,[],[],[]],[[{"name":"poison","rect":[169,0,261,600],"offset":[-0.5,0],"originalSize":[600,600],"capInsets":[0,0,0,0]}],[1],0,[0],[0],[5]],[["0,9729,9729,33071,33071,0,0,1",-1],[0],0,[],[],[]],[[{"name":"back","rect":[0,0,624,640],"offset":[0,0],"originalSize":[624,640],"capInsets":[0,0,0,0]}],[1],0,[0],[0],[6]],[[[0,"ढग",".mp3",0.888163],-1],0,0,[],[],[]],[["0,9729,9729,33071,33071,0,0,1",-1],[0],0,[],[],[]],[[[0,"छडी",".mp3",0.940408],-1],0,0,[],[],[]],[[[0,"टोपली",".mp3",0.888163],-1],0,0,[],[],[]],[["0,9729,9729,33071,33071,0,0,1",-1],[0],0,[],[],[]],[[[0,"ठनठन",".mp3",0.835918],-1],0,0,[],[],[]],[[{"name":"shield","rect":[0,0,512,498],"offset":[0,0],"originalSize":[512,498],"capInsets":[0,0,0,0]}],[1],0,[0],[0],[7]],[[{"name":"basket","rect":[0,0,640,480],"offset":[0,0],"originalSize":[640,480],"capInsets":[0,0,0,0]}],[1],0,[0],[0],[8]],[[[1,"mr2003",{"rows":[["writecard","1","Description","ट","टोपली","basket.png","टोपली.mp3","टेबल","table.png","टेबल.mp3","टोपी","topi.png","टोपी.mp3"],["writecard","1","Description","ढ","ढग","cloud.png","ढग.mp3","ढाल","shield.png","ढाल.mp3","ढोल","dhol.png","ढोल.mp3"],["writecard","1","Description","ठ","ठनठन","doorbell.png","ठनठन.mp3","ठसा","stamp.png","ठसा.mp3","पीठ","back.png","पीठ.mp3"],["writecard","1","Description","छ","छत्री","umbrella.png","छत्री.mp3","छडी","stick.png","छडी.mp3","छल्ला","ring.png","छल्ला.mp3"],["writecard","1","Description","ष","षटकोन","hexagon.png","षटकोन.mp3","चषक","trophy_cup.png","चषक.mp3","विष","poison.png","विष.mp3"],["quizliteracy","1","Description","soundonly_image","cloud.png","basket.png","cloud.png","shield.png","","","ढग.mp3"],["quizliteracy","1","Description","soundonly_image","topi.png","shield.png","basket.png","topi.png","","","टोपी.mp3"],["quizliteracy","1","Description","soundonly_image","hexagon.png","hexagon.png","stamp.png","stick.png","","","षटकोन.mp3"]]}]],0,0,[],[],[]],[["0,9729,9729,33071,33071,0,0,1",-1],[0],0,[],[],[]],[[[0,"छत्री",".mp3",1.123265],-1],0,0,[],[],[]],[[{"name":"ring","rect":[0,0,640,425],"offset":[0,0],"originalSize":[640,425],"capInsets":[0,0,0,0]}],[1],0,[0],[0],[9]],[[[0,"टोपी",".mp3",0.809796],-1],0,0,[],[],[]],[["0,9729,9729,33071,33071,0,0,1",-1],[0],0,[],[],[]],[["0,9729,9729,33071,33071,0,0,1",-1],[0],0,[],[],[]],[[{"name":"umbrella","rect":[46,66,479,451],"offset":[-14.5,8.5],"originalSize":[600,600],"capInsets":[0,0,0,0]}],[1],0,[0],[0],[10]],[[[0,"ढोल",".mp3",0.809796],-1],0,0,[],[],[]],[[{"name":"cloud","rect":[0,0,640,480],"offset":[0,0],"originalSize":[640,480],"capInsets":[0,0,0,0]}],[1],0,[0],[0],[11]],[[[0,"चषक",".mp3",0.835918],-1],0,0,[],[],[]],[[[0,"पीठ",".mp3",0.600816],-1],0,0,[],[],[]],[["0,9729,9729,33071,33071,0,0,1",-1],[0],0,[],[],[]],[[{"name":"dhol","rect":[0,0,600,441],"offset":[0,0],"originalSize":[600,441],"capInsets":[0,0,0,0]}],[1],0,[0],[0],[12]],[[{"name":"table","rect":[0,108,600,384],"offset":[0,0],"originalSize":[600,600],"capInsets":[0,0,0,0]}],[1],0,[0],[0],[13]],[["0,9729,9729,33071,33071,0,0,1",-1],[0],0,[],[],[]],[["0,9729,9729,33071,33071,0,0,1",-1],[0],0,[],[],[]],[[[0,"ठसा",".mp3",0.914286],-1],0,0,[],[],[]],[[[0,"ढाल",".mp3",0.600816],-1],0,0,[],[],[]],[[{"name":"trophy_cup","rect":[120,41,406,556],"offset":[3,1],"originalSize":[640,640],"capInsets":[0,0,0,0]}],[1],0,[0],[0],[14]]]]