<root>

    <lido-container id="lido-container" value="maincontainer" objective="option_2" aria-label="This is a multiple-option question. Select one option from the list." height="100vh" width="100vw" x="0" y="0" z="0" bg-color="transparent" bg-image="template-assets/bg-images/file-ka6o8emk.png" visible="true" onCorrect="lido-avatar.avatarAnimate='Success'; this.sleep='2000';" onInCorrect="lido-avatar.avatarAnimate='Fail'; this.sleep='2000';" show-check="false" is-continue-on-correct="true" onEntry="" exit-button-url="template-assets/buttons/file-1gry7w0q.svg" prev-button-url="template-assets/buttons/file-wst89gb6.svg" next-button-url="template-assets/buttons/file-lsgtlwfe.svg" speaker-button-url="template-assets/buttons/file-cp0vplry.svg">

    
    <lido-cell layout="pos" id="pos1" disable-edit="true" value="pos1" height="300px" width="300px" x="landscape.-20px, portrait.-20px" y="landscape.100px, portrait.400px" aria-hidden="true" z="2" bg-color="transparent" visible="true">

      <lido-avatar id="lido-avatar" disable-edit="true" visible="true" height="100%" width="100%" src="template-assets/images/file-h6genfyr.riv" alt-text="" bg-color="transparent">
      </lido-avatar>

      <lido-image id="shadow1" disable-edit="true" value="image1" visible="true" src="template-assets/images/file-hyi4mbio.png" bg-color="transparent" width="186px" height="40px" x="55px" y="248px" alt-text="">
      </lido-image>
    </lido-cell>

    <lido-cell visible="true" layout="col" width="100%" height="100%" bg-color="transparent">
      <lido-text visible="true" width="80%" height="10%" bg-color="transparent" />

      <lido-text tab-index="1" audio="game-assets/audio/file-cjex9nqv.wav" visible="true" id="lido-question" width="landscape.65%, portrait.80%" height="10%" bg-color="#FFF5BB" string="अगर कोई अजनबी आपको ऑनलाइन संदेश भेजे, तो आपको क्या करना चाहिए?" border-radius="16px" onEntry="this.border='1px solid black'; this.fontWeight='500'; this.padding='50px';" font-size="36px">
      </lido-text>

      <lido-cell visible="true" width="100%" height="landscape.68%, portrait.100%" bg-color="transparent" layout="landscape.row, portrait.col" margin="landscape.0, portrait.-108px 0 0 0">

        

        <lido-cell visible="true" layout="wrap" width="landscape.70%, portrait.80%" height="landscape.97%, portrait.auto" bg-color="transparent" gap="40px" onEntry="this.gridTemplateColumns='1fr 1fr';" margin="landscape.0, portrait.-195px 0 0 0">

          
          
          <lido-cell tab-index="2" visible="true" layout="col" width="100%" type="click" audio="game-assets/audio/file-j69xu308.wav" value="option_1" height="landscape.250px, portrait.270px" onEntry="this.borderRadius='25px'; this.padding='0';" onCorrect="this.cellBorderAnimate='#65BC46';" onInCorrect="this.vibrate='horizontal-shake';" onTouch="">
                
            <lido-text visible="true" font-size="36px" font-color="black" string="जवाब देना और फ़ोटो साझा करना" width="fit-content" bg-color="transparent" onEntry="this.fontWeight='500'; this.padding='0 20px';">
            </lido-text>
          </lido-cell>
					
          
          <lido-cell tab-index="3" visible="true" layout="col" width="100%" type="click" audio="game-assets/audio/file-la6tkyf6.wav" value="option_3" height="landscape.250px, portrait.270px" onEntry="this.borderRadius='25px'; this.padding='0';" onCorrect="this.cellBorderAnimate='#65BC46';" onInCorrect="this.vibrate='horizontal-shake';" onTouch="">
                
            <lido-text visible="true" font-size="36px" font-color="black" string="चैट करते रहना" width="fit-content" bg-color="transparent" onEntry="this.fontWeight='500'; this.padding='0 20px';">
            </lido-text>
          </lido-cell>
					
          
          <lido-cell tab-index="4" visible="true" layout="col" width="100%" type="click" audio="game-assets/audio/file-rk904xfw.wav" value="option_2" height="landscape.250px, portrait.270px" onEntry="this.borderRadius='25px'; this.padding='0';" onCorrect="this.cellBorderAnimate='#65BC46';" onInCorrect="this.vibrate='horizontal-shake';" onTouch="">
                
            <lido-text visible="true" font-size="36px" font-color="black" string="किसी बड़े को बताना और उन्हें ब्लॉक करना" width="fit-content" bg-color="transparent" onEntry="this.fontWeight='500'; this.padding='0 20px';">
            </lido-text>
          </lido-cell>
					
          
          <lido-cell tab-index="5" visible="true" layout="col" width="100%" type="click" audio="game-assets/audio/file-pnsr2hum.wav" value="option_4" height="landscape.250px, portrait.270px" onEntry="this.borderRadius='25px'; this.padding='0';" onCorrect="this.cellBorderAnimate='#65BC46';" onInCorrect="this.vibrate='horizontal-shake';" onTouch="">
                
            <lido-text visible="true" font-size="36px" font-color="black" string="हमेशा के लिए नज़रअंदाज़ करना" width="fit-content" bg-color="transparent" onEntry="this.fontWeight='500'; this.padding='0 20px';">
            </lido-text>
          </lido-cell>

        </lido-cell>
      </lido-cell>
    </lido-cell>
  </lido-container>

        <lido-container id="lido-container" exit-button-url="template-assets/buttons/file-1gry7w0q.svg" prev-button-url="template-assets/buttons/file-wst89gb6.svg" next-button-url="template-assets/buttons/file-lsgtlwfe.svg" speaker-button-url="template-assets/buttons/file-cp0vplry.svg" is-allow-only-correct="true" value="mainContainer1" bg-image="template-assets/bg-images/file-pb9jncmf.png" objective="फ़ोन नंबर" height="100%" width="100%" bg-color="transparent" visible="true" onCorrect="lido-avatar.avatarAnimate='Success';fullSentence.speak='true';this.sleep='2000';" onEntry="this.justifyContent='space-around';" onInCorrect="lido-avatar.avatarAnimate='Fail'; this.sleep='2000';" show-check="false" is-continue-on-correct="true" after-drop="false">
            <lido-text id="fullSentence" visible="false" onEntry="this.display='none';" string="अपना फ़ोन नंबर या पता कभी भी ऑनलाइन किसी के साथ साझा न करें।" audio="game-assets/audio/file-kgtn7jx6.wav" />
            
            <lido-cell layout="pos" id="pos1" disable-edit="true" value="pos2" height="landscape.448px,portrait.402px" width="landscape.350px,portrait.398px" x="landscape.-227px, portrait.541px" y="landscape.470px, portrait.1304px" aria-hidden="true" z="1" bg-color="transparent" visible="true" onEntry="this.animation='leftToPlace 2.5s linear';">
                <lido-avatar id="lido-avatar" disable-edit="true" visible="true" height="100%" width="100%" src="template-assets/images/file-h6genfyr.riv" alt-text="Chimple Character">
                </lido-avatar>
            </lido-cell>
            
		    <lido-cell layout="col" visible="true" width="100%" height="100%" bg-color="transparent" margin="landscape.0,portrait.-90px 0px 0px 0px">
			
			<lido-cell visible="true" margin="landscape.12px 0px -17px 0px, portrait.0px 0px 0px;">
				<lido-text id="heading" tab-index="1" width="landscape.770px,portrait.433px" visible="true" audio="template-assets/audio/file-buojh4qs.mp3" string="रिक्त स्थान भरें" font-family="'Baloo Bhai 2'" fontColor="black" font-size="landscape.45px, portrait.45px" bg-color="transparent" onEntry=" this.fontWeight='700';" margin="landscape.32px 0px 4px 0px,portrait.18px 0px 0px 0px">
                </lido-text>
			</lido-cell>
			
                 <lido-cell audio="game-assets/audio/file-kgtn7jx6.wav" layout="landscape.row, portrait.col" visible="true" width="landscape.90%, portrait.100%" height="landscape.70%, portrait.80%" bg-color="white" onEntry="this.borderRadius='10px'; this.padding='8px';" margin="landscape.0 , portrait.-18px 0px 0px 0px">

                      
                    <lido-image id="image1" disable-edit="true" visible="true" src="game-assets/images/file-e3oce4w8.jpg" width="landscape.542px, portrait.100%" height="landscape.100%, portrait.62%" margin="landscape.0px 0px 0px 0px , portrait. 0" />
                    
                    <lido-cell layout="flex" bg-Color="transparent" visible="true" height="landscape.100%,portrait.80%" width="landscape.754px, portrait.100%" onEntry="this.align-content='center'; this.gap='32px';this.display='ruby';" margin="landscape.21px 0px 0px 61px, portrait.45px 6px 0px 64px">
  
                         <lido-text font-family="'Baloo Bhai 2'" visible="true" font-size="landscape.46px,portrait.45px" y="-10px" string="अपना " bg-color="transparent" onEntry="this.position='relative'; this.fontWeight='600';this.display='inline'; this.padding='0px 20px 0px 0px'; " /> 
<lido-text tab-index="3" drop-attr="stretch" id="drop_1" disable-edit="true" visible="true" width="164px" height="landscape.73px,portrait.77px" value="फ़ोन नंबर" type="drop" is-allow-only-one-drop="true" drop-Attr="stretch" onEntry="this.border-radius='10px';this.box-shoadow='';this.fontWeight='600'; this.margin-right='35px';" />
<lido-text font-family="'Baloo Bhai 2'" visible="true" font-size="landscape.46px,portrait.45px" y="-10px" string=" या पता कभी भी ऑनलाइन किसी के साथ साझा न करें।" bg-color="transparent" onEntry="this.position='relative'; this.fontWeight='600';this.display='inline'; this.padding='0px 20px 0px 0px'; " /> 
                    </lido-cell>
                </lido-cell>
              <lido-cell layout="landscape.row, portrait.wrap" childElementsLength="4" onEntry="this.gap='28px';    this.gridTemplateColumns = 'repeat(2, 1fr)';  this.gridTemplateRows = 'repeat(2, 1fr)';" visible="true" margin="landscape.6px 0px 74px 0px, portrait.34px 128px 0px 130px">
				<lido-text font-family="'Baloo Bhai 2'" audio="game-assets/audio/file-296k4ok7.wav" id="option_3" value="पासवर्ड" tab-index="7" visible="true" bg-color="#fcf3b1" onEntry="this.padding='0px 48px'; this.borderRadius='24px'; this.line-height='34px'; this.fontWeight='600';" width="auto" height="landscape.87px, portrait.91px" string="पासवर्ड" fontColor="black" font-size="landscape.46px,portrait.45px" type="drag"> </lido-text>
<lido-text font-family="'Baloo Bhai 2'" audio="game-assets/audio/file-fj0g7nbh.wav" id="option_2" value="फ़ोटो" tab-index="6" visible="true" bg-color="#fcf3b1" onEntry="this.padding='0px 48px'; this.borderRadius='24px'; this.line-height='34px'; this.fontWeight='600';" width="auto" height="landscape.87px, portrait.91px" string="फ़ोटो" fontColor="black" font-size="landscape.46px,portrait.45px" type="drag"> </lido-text>
<lido-text font-family="'Baloo Bhai 2'" audio="game-assets/audio/file-hkb56ijv.wav" id="option_1" value="फ़ोन नंबर" tab-index="5" visible="true" bg-color="#fcf3b1" onEntry="this.padding='0px 48px'; this.borderRadius='24px'; this.line-height='34px'; this.fontWeight='600';" width="auto" height="landscape.87px, portrait.91px" string="फ़ोन नंबर" fontColor="black" font-size="landscape.46px,portrait.45px" type="drag"> </lido-text>
                </lido-cell>
            </lido-cell>
        </lido-container>
        
            <lido-container id="lido-container" onCorrect="lido-avatar.avatarAnimate='Success'; this.sleep='2000';" is-allow-only-correct="true" objective="अजनबी आपको संदेश भेजे,दोस्त को तंग किया जा रहा हो,कोई ऑनलाइन बुरा व्यवहार कर रहा हो,क्लास चैट में बुरे मज़ाक शेयर किए जा रहे हों" visible="true" bg-image="template-assets/bg-images/file-1dpggdoh.png" dropAttr="EnableAnimation" exit-button-url="template-assets/buttons/file-1gry7w0q.svg" prev-button-url="template-assets/buttons/file-wst89gb6.svg" next-button-url="template-assets/buttons/file-lsgtlwfe.svg" speaker-button-url="template-assets/buttons/file-cp0vplry.svg">

                
                <lido-cell layout="pos" id="pos1" disableEdit="true" value="pos2" height="landscape.205px,portrait.195px" width="landscape.209px,portrait.209px" x="landscape.2%,portrait.80%" y="landscape.85px,portrait.146px" ariaHidden="true" bgColor="transparent" visible="true" onEntry="">
                    <lido-avatar id="lido-avatar" disableEdit="true" visible="true" height="100%" width="100%" src="template-assets/images/file-h6genfyr.riv" altText="{chimpleCharacterRive}">
                    </lido-avatar>
                </lido-cell>

                
                
        <lido-text id="heading" audio="game-assets/audio/file-0bo08epl.wav" width="landscape.80%,portrait.70%" tabIndex="20" visible="true" string="ऑनलाइन किए गए काम को उसके सही कदम से मिलाओ।" font-family="'Baloo Bhai 2'" fontColor="#323232" font-size="landscape.36px,portrait.36px" bg-Color="transparent" onEntry="this.padding='0px 45px';this.fontWeight='600';" margin="landscape.120px 0px -25px 0px, portrait.160px 0px -39px 0px">
        </lido-text>
        

                <lido-cell visible="true" flex-direction="landscape., portrait.row-reverse" bg-color="transparent" layout="portrait.row,landscape.col" width="100%" height="100%" onEntry="">
                    <lido-cell visible="true" margin="20px 0px 0px 0px" bg-color="transparent" layout="landscape.row,portrait.col" height="landscape.50%,portrait.96%" width="landscape.100%,portrait.100%" onEntry="this.gap='10px';">
                        
        <lido-cell layout="row" visible="true" bg-color="transparent" height="landscape.100%,portrait.20%" width="landscape.20%,portrait.100%">
            <lido-cell layout="random" visible="true" width="100%" height="100%" bg-color="transparent">
                
        <lido-cell id="drop_pair_1" border-radius="8px" audio="game-assets/audio/file-lt9ycrki.wav" value="अजनबी आपको संदेश भेजे" tab-index="2" height="landscape.270px,portrait.240px" width="landscape.266px,portrait.260px" type="drop" layout="col" visible="true" bg-Color="white" onEntry="this.padding='0px'; this.borderRadius='8px';" onCorrect="this.speak='true'; drag_pair_1.speak='true';">
            
        <lido-text visible="true" height="100%" font-family="'Baloo Bhai 2'" font-size="40px" string="किसी बड़े को बताओ" bg-Color="transparent" onEntry="this.fontWeight='600';">
        </lido-text>
        
        </lido-cell>
        
            </lido-cell>
        </lido-cell>
        
				
        <lido-cell layout="row" visible="true" bg-color="transparent" height="landscape.100%,portrait.20%" width="landscape.20%,portrait.100%">
            <lido-cell layout="random" visible="true" width="100%" height="100%" bg-color="transparent">
                
        <lido-cell id="drop_pair_2" border-radius="8px" audio="game-assets/audio/file-o28t3mr6.wav" value="दोस्त को तंग किया जा रहा हो" tab-index="3" height="landscape.270px,portrait.240px" width="landscape.266px,portrait.260px" type="drop" layout="col" visible="true" bg-Color="white" onEntry="this.padding='0px'; this.borderRadius='8px';" onCorrect="this.speak='true'; drag_pair_2.speak='true';">
            
        <lido-text visible="true" height="100%" font-family="'Baloo Bhai 2'" font-size="40px" string="नम्रता से बोलकर रोकने की कोशिश करो" bg-Color="transparent" onEntry="this.fontWeight='600';">
        </lido-text>
        
        </lido-cell>
        
            </lido-cell>
        </lido-cell>
        
				
        <lido-cell layout="row" visible="true" bg-color="transparent" height="landscape.100%,portrait.20%" width="landscape.20%,portrait.100%">
            <lido-cell layout="random" visible="true" width="100%" height="100%" bg-color="transparent">
                
        <lido-cell id="drop_pair_3" border-radius="8px" audio="game-assets/audio/file-gye4k99n.wav" value="कोई ऑनलाइन बुरा व्यवहार कर रहा हो" tab-index="4" height="landscape.270px,portrait.240px" width="landscape.266px,portrait.260px" type="drop" layout="col" visible="true" bg-Color="white" onEntry="this.padding='0px'; this.borderRadius='8px';" onCorrect="this.speak='true'; drag_pair_3.speak='true';">
            
        <lido-text visible="true" height="100%" font-family="'Baloo Bhai 2'" font-size="40px" string="ब्लॉक करो और रिपोर्ट करो" bg-Color="transparent" onEntry="this.fontWeight='600';">
        </lido-text>
        
        </lido-cell>
        
            </lido-cell>
        </lido-cell>
        
				
        <lido-cell layout="row" visible="true" bg-color="transparent" height="landscape.100%,portrait.20%" width="landscape.20%,portrait.100%">
            <lido-cell layout="random" visible="true" width="100%" height="100%" bg-color="transparent">
                
        <lido-cell id="drop_pair_4" border-radius="8px" audio="game-assets/audio/file-520guxhv.wav" value="क्लास चैट में बुरे मज़ाक शेयर किए जा रहे हों" tab-index="5" height="landscape.270px,portrait.240px" width="landscape.266px,portrait.260px" type="drop" layout="col" visible="true" bg-Color="white" onEntry="this.padding='0px'; this.borderRadius='8px';" onCorrect="this.speak='true'; drag_pair_4.speak='true';">
            
        <lido-text visible="true" height="100%" font-family="'Baloo Bhai 2'" font-size="40px" string="चैट छोड़ दो या रोक दो" bg-Color="transparent" onEntry="this.fontWeight='600';">
        </lido-text>
        
        </lido-cell>
        
            </lido-cell>
        </lido-cell>
        
                    </lido-cell>
                    <lido-cell visible="true" margin="landscape.0px 0px 0px 0px,portrait.0px 0px 0px 0px" bg-color="transparent" layout="landscape.row,portrait.col" height="landscape.40%,portrait.96%" width="100%" onEntry="">
                        
        <lido-cell layout="row" visible="true" bg-color="transparent" height="landscape.100%,portrait.20%" width="landscape.20%,portrait.100%">
            <lido-cell layout="random" visible="true" width="100%" height="100%" bg-color="transparent">
                
        <lido-cell id="drag_pair_2" border-radius="8px" audio="game-assets/audio/file-fkpa8lch.wav" value="दोस्त को तंग किया जा रहा हो" tab-index="6" height="landscape.270px,portrait.240px" width="landscape.266px,portrait.260px" type="drag" layout="col" visible="true" bg-Color="white" onEntry="this.padding='0px'; this.borderRadius='8px';">
            
        <lido-text visible="true" height="100%" font-family="'Baloo Bhai 2'" font-size="40px" string="दोस्त को तंग किया जा रहा हो" bg-Color="transparent" onEntry="this.fontWeight='600';">
        </lido-text>
        
        </lido-cell>
        
            </lido-cell>
        </lido-cell>
        
				
        <lido-cell layout="row" visible="true" bg-color="transparent" height="landscape.100%,portrait.20%" width="landscape.20%,portrait.100%">
            <lido-cell layout="random" visible="true" width="100%" height="100%" bg-color="transparent">
                
        <lido-cell id="drag_pair_4" border-radius="8px" audio="game-assets/audio/file-hgpcilcm.wav" value="क्लास चैट में बुरे मज़ाक शेयर किए जा रहे हों" tab-index="7" height="landscape.270px,portrait.240px" width="landscape.266px,portrait.260px" type="drag" layout="col" visible="true" bg-Color="white" onEntry="this.padding='0px'; this.borderRadius='8px';">
            
        <lido-text visible="true" height="100%" font-family="'Baloo Bhai 2'" font-size="40px" string="क्लास चैट में बुरे मज़ाक शेयर किए जा रहे हों" bg-Color="transparent" onEntry="this.fontWeight='600';">
        </lido-text>
        
        </lido-cell>
        
            </lido-cell>
        </lido-cell>
        
				
        <lido-cell layout="row" visible="true" bg-color="transparent" height="landscape.100%,portrait.20%" width="landscape.20%,portrait.100%">
            <lido-cell layout="random" visible="true" width="100%" height="100%" bg-color="transparent">
                
        <lido-cell id="drag_pair_3" border-radius="8px" audio="game-assets/audio/file-w1qcwm4d.wav" value="कोई ऑनलाइन बुरा व्यवहार कर रहा हो" tab-index="8" height="landscape.270px,portrait.240px" width="landscape.266px,portrait.260px" type="drag" layout="col" visible="true" bg-Color="white" onEntry="this.padding='0px'; this.borderRadius='8px';">
            
        <lido-text visible="true" height="100%" font-family="'Baloo Bhai 2'" font-size="40px" string="कोई ऑनलाइन बुरा व्यवहार कर रहा हो" bg-Color="transparent" onEntry="this.fontWeight='600';">
        </lido-text>
        
        </lido-cell>
        
            </lido-cell>
        </lido-cell>
        
				
        <lido-cell layout="row" visible="true" bg-color="transparent" height="landscape.100%,portrait.20%" width="landscape.20%,portrait.100%">
            <lido-cell layout="random" visible="true" width="100%" height="100%" bg-color="transparent">
                
        <lido-cell id="drag_pair_1" border-radius="8px" audio="game-assets/audio/file-ub2j9gxk.wav" value="अजनबी आपको संदेश भेजे" tab-index="9" height="landscape.270px,portrait.240px" width="landscape.266px,portrait.260px" type="drag" layout="col" visible="true" bg-Color="white" onEntry="this.padding='0px'; this.borderRadius='8px';">
            
        <lido-text visible="true" height="100%" font-family="'Baloo Bhai 2'" font-size="40px" string="अजनबी आपको संदेश भेजे" bg-Color="transparent" onEntry="this.fontWeight='600';">
        </lido-text>
        
        </lido-cell>
        
            </lido-cell>
        </lido-cell>
        
                    </lido-cell>
                </lido-cell>
            </lido-container>
        <lido-container id="lido-container" exit-button-url="template-assets/buttons/file-1gry7w0q.svg" prev-button-url="template-assets/buttons/file-wst89gb6.svg" next-button-url="template-assets/buttons/file-lsgtlwfe.svg" speaker-button-url="template-assets/buttons/file-cp0vplry.svg" show-next-button="true" show-drop-border="false" tabIndex="0" value="mainContainer1" bg-Color="#FFF" height="100%" width="100%" visible="true" objective="(opt_0|opt_1),(opt_2|opt_3)" show-Check="false" is-Continue-On-Correct="true" after-Drop="false" onCorrect="lido-avatar.avatarAnimate='Success'; this.sleep='2000';" onInCorrect="lido-avatar.avatarAnimate='Fail'; this.sleep='2000';" is-allow-only-correct="false"> 
		<lido-cell layout="col" visible="true" height="100%" width="98%" bgColor="transparent" margin="landscape.83px 0px 0px 0px, portrait.36px 0px -49px 0px">
			<lido-cell layout="pos" id="pos1" disableEdit="true" value="pos2" height="landscape.205px,portrait.195px" width="landscape.209px,portrait.209px" x="landscape.12px,portrait.-17px" y="landscape.68px,portrait.146px" ariaHidden="true" bgColor="transparent" visible="true" onEntry="">
				<lido-avatar id="lido-avatar" disableEdit="true" visible="true" height="100%" width="100%" src="template-assets/images/file-h6genfyr.riv" altText="{chimpleCharacterRive}">
				</lido-avatar>
			</lido-cell>
            
			<lido-text id="heading" tabIndex="2" width="1400px" audio="game-assets/audio/file-rv77btps.wav" visible="true" string="ऑनलाइन सुरक्षित और असुरक्षित कार्यों को अलग करो।" font-family="'Baloo Bhai 2'" fontColor="#323232" font-size="landscape.44px,portrait.32px" bg-Color="transparent" onEntry="this.padding='0px 47px'; this.line-height='45px'; this.fontWeight='400';" margin="landscape.26px 0px -25px 0px, portrait.80px 0px -62px">
            </lido-text>


			<lido-cell layout="row" visible="true" onEntry="head1.speak='true'; head2.speak='true'" height="landscape.38%,portrait.41%" width="100%" bg-Color="transparent" margin="landscape.7px 0px 0px 0px,portrait.55px 0px -73px 0px">
				<lido-cell id="cate1" z="100" visible="true" audio="game-assets/audio/file-0i02ffwk.wav" width="landscape.48%,portrait.30%" height="100%" bg-Color="#E3F5FC" onEntry="this.border-radius='6px';this.border=' 2px dashed #326B80';this.display='flex';this.flex-direction='column';this.align-items='center';" onTouch="this.addClass='highlight-element'; cate2.removeClass='highlight-element';">
    <lido-text visible="true" id="head1" audio="game-assets/audio/file-0i02ffwk.wav" font-family="'Baloo Bhai 2'" font-size="landscape.32px,portrait.32px" string="ऑनलाइन सुरक्षित" bg-Color="transparent" onEntry="this.padding='10px 47px'; this.line-height='26px'; this.fontWeight='600';" z="1" />
    <lido-cell layout="landscape.wrap,portrait.col" id="category1" scrollbar-width="14px" visible="true" value="opt_0,opt_1" tab-index="3" type="category" height="1000px" width="100%" bg-color="#E3F5FC" onEntry="this.padding='23px';this.overflow=' hidden'; this.justify-items='center';  this.grid-template-columns=' repeat(2, 1fr)'; this.gap=' 10px'; this.overflow-y=' auto';" margin="landscape.-15px 0px 0px 0px,portrait.0px" />
</lido-cell>
				<lido-cell id="cate2" z="100" visible="true" audio="game-assets/audio/file-9ymtuqdv.wav" width="landscape.48%,portrait.30%" height="100%" bg-Color="#F2EAFC" onEntry="this.border-radius='6px';this.border=' 2px dashed #67428F';this.display='flex';this.flex-direction='column';this.align-items='center';" onTouch="this.addClass='highlight-element'; cate1.removeClass='highlight-element';">
    <lido-text visible="true" id="head2" audio="game-assets/audio/file-9ymtuqdv.wav" font-family="'Baloo Bhai 2'" font-size="landscape.32px,portrait.32px" string="ऑनलाइन असुरक्षित" bg-Color="transparent" onEntry="this.padding='10px 47px'; this.line-height='26px'; this.fontWeight='600';" z="1" />
    <lido-cell layout="landscape.wrap,portrait.col" id="category2" scrollbar-width="14px" visible="true" value="opt_2,opt_3" tab-index="4" type="category" height="1000px" width="100%" bg-color="#F2EAFC" onEntry="this.padding='23px';this.overflow=' hidden'; this.justify-items='center';  this.grid-template-columns=' repeat(2, 1fr)'; this.gap=' 10px'; this.overflow-y=' auto';" margin="landscape.-15px 0px 0px 0px,portrait.0px" />
</lido-cell>
			</lido-cell>
			<lido-cell layout="landscape.row,portrait.wrap" z="0" visible="true" type="optionArea" height="landscape.32%,portrait.38%" width="landscape.99%,portrait.98%" bg-Color="#FEEDE6" margin="landscape.-33px 0px 32px 0px, portrait.23px 0px 18px 0px" onEntry=" this.border='1px solid #FAB89C';this.overflow=' hidden'; this.gap='25px'; this.align-items='center'; this.justify-content='center';this.border-radius='6px';">
				 <lido-cell layout="col" onTouch="" z="1" audio="game-assets/audio/file-hr7qc3in.wav" x="29px" y="-221px" visible="true" type="option" tab-index="5" id="i1" value="opt_1" height="240px" width="166px" bg-Color="white" onEntry="this.padding='0px';this.flex-shrink='0';this.box-sizing='unset';this.align-items='center';this.justify-content='center';this.border-radius='6px';this. box-shadow=' 0px 8px 0px -2px rgba(0, 0, 0, 0.1)'"> <lido-text visible="true" onTouch="" height="31px" width="145px" string="माता-पिता को बताना" font-family="'Baloo Bhai 2'" font-size="32px" margin="17px 0px 0px 0px" onEntry="this.pointer-events=' none';this.border-radius='0px'; this.line-height='30px'; this.fontWeight='500';" bg-Color="white" /></lido-cell>
				 <lido-cell layout="col" onTouch="" z="1" audio="game-assets/audio/file-m0f45yvk.wav" x="29px" y="-221px" visible="true" type="option" tab-index="6" id="i2" value="opt_3" height="240px" width="166px" bg-Color="white" onEntry="this.padding='0px';this.flex-shrink='0';this.box-sizing='unset';this.align-items='center';this.justify-content='center';this.border-radius='6px';this. box-shadow=' 0px 8px 0px -2px rgba(0, 0, 0, 0.1)'"> <lido-text visible="true" onTouch="" height="31px" width="145px" string="सेल्फ़ी को सार्वजनिक रूप से पोस्ट करना" font-family="'Baloo Bhai 2'" font-size="32px" margin="17px 0px 0px 0px" onEntry="this.pointer-events=' none';this.border-radius='0px'; this.line-height='30px'; this.fontWeight='500';" bg-Color="white" /></lido-cell>
				 <lido-cell layout="col" onTouch="" z="1" audio="game-assets/audio/file-7s9xc60z.wav" x="29px" y="-221px" visible="true" type="option" tab-index="7" id="i3" value="opt_2" height="240px" width="166px" bg-Color="white" onEntry="this.padding='0px';this.flex-shrink='0';this.box-sizing='unset';this.align-items='center';this.justify-content='center';this.border-radius='6px';this. box-shadow=' 0px 8px 0px -2px rgba(0, 0, 0, 0.1)'"> <lido-text visible="true" onTouch="" height="31px" width="145px" string="पासवर्ड साझा करना" font-family="'Baloo Bhai 2'" font-size="32px" margin="17px 0px 0px 0px" onEntry="this.pointer-events=' none';this.border-radius='0px'; this.line-height='30px'; this.fontWeight='500';" bg-Color="white" /></lido-cell>
				 <lido-cell layout="col" onTouch="" z="1" audio="game-assets/audio/file-5hsg1wbi.wav" x="29px" y="-221px" visible="true" type="option" tab-index="8" id="i4" value="opt_0" height="240px" width="166px" bg-Color="white" onEntry="this.padding='0px';this.flex-shrink='0';this.box-sizing='unset';this.align-items='center';this.justify-content='center';this.border-radius='6px';this. box-shadow=' 0px 8px 0px -2px rgba(0, 0, 0, 0.1)'"> <lido-text visible="true" onTouch="" height="31px" width="145px" string="अजनबी को ब्लॉक करना" font-family="'Baloo Bhai 2'" font-size="32px" margin="17px 0px 0px 0px" onEntry="this.pointer-events=' none';this.border-radius='0px'; this.line-height='30px'; this.fontWeight='500';" bg-Color="white" /></lido-cell>
			</lido-cell>
		</lido-cell>
</lido-container>
	<lido-container id="lido-container" exit-button-url="template-assets/buttons/file-1gry7w0q.svg" prev-button-url="template-assets/buttons/file-wst89gb6.svg" next-button-url="template-assets/buttons/file-lsgtlwfe.svg" speaker-button-url="template-assets/buttons/file-cp0vplry.svg" is-allow-only-correct="true" value="maincontainer" objective="अगर कोई अजनबी,मुझे संदेश भेजे,तो मैं,किसी विश्वसनीय बड़े,को बताता हूँ।" x="0" y="0" z="0" bg-color="transparent" bg-image="template-assets/bg-images/file-4xvfuhho.png" visible="true" onCorrect="lido-avatar.avatarAnimate='Success';qustionAudio.speak='true'; pos2.animation='placeToLeft 2.5s linear'; this.sleep='2000';" onEntry="" onInCorrect="lido-avatar.avatarAnimate='Fail'; this.sleep='2000';" show-check="false" is-continue-on-correct="false" appendToDropOnCompletion="true">
		<lido-cell visible="false" id="speak-con">
			<lido-text id="sentenceText" audio="" string="अगर कोई अजनबी मुझे संदेश भेजे तो मैं किसी विश्वसनीय बड़े को बताता हूँ।" />
		</lido-cell>
		<lido-cell id="row1" layout="col" height="100%" width="100%" visible="true" bg-Color="transparent">
            
			<lido-text tab-index="1" id="qustionAudio" margin="60px 0px -139px 0px" visible="true" bg-color="transparent" y="landscape.30px, portrait.79px" onEntry="this.padding='0px 45px'; this.fontWeight='600'; this.speak='true'" audio="game-assets/audio/file-qntmk1aq.wav" width="auto" height="5%" string="इन शब्दों से एक वाक्य बनाओ।" font-family="'Baloo 2', serif" font-size="36px" z="2" />
			<lido-cell id="col" layout="col" disable-edit="true" value="pos" aria-hidden="true" x="0" y="0" z="0" bg-color="transparent" type="" visible="true" onTouch="" onCorrect="" width="100%" height="100%" onEntry="">
				<lido-cell id="pos2" layout="pos" disable-edit="true" value="pos" aria-hidden="true" x="0" y="landscape.29px,portrait.0px" z="0" bg-color="transparent" type="" visible="true" onTouch="" width="100%" height="100%" onEntry="this.animation='rightToPlace 2.5s linear'; this.sleep='2000';">
					<lido-image width="landscape.122%, portrait.145%" height="landscape.173%, portrait.70%" y="landscape.-32%, portrait.26%" x="landscape.-22%, portrait.-39%" id="image1" disable-edit="true" visible="true" src="template-assets/images/file-4cfjvsk3.png" onEntry="" />
					<lido-image width="landscape.16%, portrait.32%" y="landscape.17%, portrait.26%" x="landscape.40%, portrait.35%" z="2" id="image2" margin="-48px 0px 0px 0px" disable-edit="true" visible="true" src="game-assets/images/file-1icluiac.jpg" onEntry="" />
					<lido-cell layout="wrap" height="29%" visible="true" width="landscape.80%, portrait.88%" margin="-76px 0px 0px 0px" y="landscape.50%, portrait.48%" x="landscape.11%,portrait.7%" z="2" onEntry="this.gridTemplateColumns = 'repeat(4, 1fr)'; this.position='relative';this.gap='7px';" bg-color="transparent">
                        <lido-text id="drop_zone_1" drop-attr="stretch" value="अगर कोई अजनबी" tab-index="2" is-allow-only-one-drop="true" visible="true" onEntry="this.background='transparent'; this.borderRadius='15px';" width="300px" height="80px" type="drop" />
						<lido-text id="drop_zone_2" drop-attr="stretch" value="मुझे संदेश भेजे" tab-index="3" is-allow-only-one-drop="true" visible="true" onEntry="this.background='transparent'; this.borderRadius='15px';" width="300px" height="80px" type="drop" />
						<lido-text id="drop_zone_3" drop-attr="stretch" value="तो मैं" tab-index="4" is-allow-only-one-drop="true" visible="true" onEntry="this.background='transparent'; this.borderRadius='15px';" width="300px" height="80px" type="drop" />
						<lido-text id="drop_zone_4" drop-attr="stretch" value="किसी विश्वसनीय बड़े" tab-index="5" is-allow-only-one-drop="true" visible="true" onEntry="this.background='transparent'; this.borderRadius='15px';" width="300px" height="80px" type="drop" />
						<lido-text id="drop_zone_5" drop-attr="stretch" value="को बताता हूँ।" tab-index="6" is-allow-only-one-drop="true" visible="true" onEntry="this.background='transparent'; this.borderRadius='15px';" width="300px" height="80px" type="drop" />
                    </lido-cell>
				</lido-cell>
				<lido-cell layout="wrap" height="230px" delay-visible="2650" visible="true" margin="-78px 0px 0px -113px" width="landscape.80%, portrait.88%" y="landscape.65%, portrait.62%" x="landscape.4%,portrait.0px" z="2" onEntry="this.gridTemplateColumns = 'repeat(4, 1fr)';this.position='relative';this.gap='26px';">
                    <lido-text id="option_item_1" audio="game-assets/audio/file-t3pdv23l.wav" value="मुझे संदेश भेजे" tab-index="7" visible="true" bg-color="#FCF3B1" onEntry="this.padding='0px 40px';this.borderRadius='25px'; this.boxShadow='unset'; this.fontWeight='800';" width="auto" height="84px" string="मुझे संदेश भेजे" font-family="'Baloo 2', serif" font-size="24px" z="2" type="drag" />
					<lido-text id="option_item_2" audio="game-assets/audio/file-5snt6pyr.wav" value="किसी विश्वसनीय बड़े" tab-index="8" visible="true" bg-color="#FCF3B1" onEntry="this.padding='0px 40px';this.borderRadius='25px'; this.boxShadow='unset'; this.fontWeight='800';" width="auto" height="84px" string="किसी विश्वसनीय बड़े" font-family="'Baloo 2', serif" font-size="24px" z="2" type="drag" />
					<lido-text id="option_item_3" audio="game-assets/audio/file-cv81hm0s.wav" value="को बताता हूँ।" tab-index="9" visible="true" bg-color="#FCF3B1" onEntry="this.padding='0px 40px';this.borderRadius='25px'; this.boxShadow='unset'; this.fontWeight='800';" width="auto" height="84px" string="को बताता हूँ।" font-family="'Baloo 2', serif" font-size="24px" z="2" type="drag" />
					<lido-text id="option_item_4" audio="game-assets/audio/file-rud5tq9z.wav" value="तो मैं" tab-index="10" visible="true" bg-color="#FCF3B1" onEntry="this.padding='0px 40px';this.borderRadius='25px'; this.boxShadow='unset'; this.fontWeight='800';" width="auto" height="84px" string="तो मैं" font-family="'Baloo 2', serif" font-size="24px" z="2" type="drag" />
					<lido-text id="option_item_5" audio="game-assets/audio/file-rfkxh242.wav" value="अगर कोई अजनबी" tab-index="11" visible="true" bg-color="#FCF3B1" onEntry="this.padding='0px 40px';this.borderRadius='25px'; this.boxShadow='unset'; this.fontWeight='800';" width="auto" height="84px" string="अगर कोई अजनबी" font-family="'Baloo 2', serif" font-size="24px" z="2" type="drag" />
				</lido-cell>
				<lido-cell layout="row" visible="true" width="landscape.70%, portrait.88%" y="landscape.21%, portrait.42%" x="0%" z="2" onEntry="this.position='relative'" />
			</lido-cell>
			<lido-cell layout="pos" id="pos1" disable-edit="true" value="pos2" height="landscape.408px,portrait.327px" width="landscape.311px,portrait.294px" x="landscape.85%, portrait.640px" y="landscape.75%, portrait.172px" aria-hidden="true" bg-color="transparent" visible="true" onEntry="this.animation='rightToPlace 2.5s linear';">
				<lido-avatar id="lido-avatar" disable-edit="true" visible="true" height="100%" width="100%" src="template-assets/images/file-h6genfyr.riv" alt-text="" />
			</lido-cell>
		</lido-cell>
	</lido-container>	

</root>