[1,["26y3BbapZOuJIYpY4BmJUL","12l23EpLlEraksgVwsbALZ","c8ZGsnMOpLT7W90xsY0D2z","e1ZqQuzbtGRbvBPfu+B4Av"],["_textureSetter"],["cc.SpriteFrame","cc.Texture2D",["cc.AudioClip",["_name","_native","duration"],0],["cc.JsonAsset",["_name","json"],1]],[[2,0,1,2,4],[3,0,1,3]],[[[{"name":"coin","rect":[0,0,346,512],"offset":[0,0],"originalSize":[346,512],"capInsets":[0,0,0,0]}],[0],0,[0],[0],[0]],[["0,9729,9729,33071,33071,0,0,1",-1],[1],0,[],[],[]],[[[0,"ಪೋ",".mp3",0.552],-1],0,0,[],[],[]],[["0,9729,9729,33071,33071,0,0,1",-1],[1],0,[],[],[]],[[[0,"ರೋಟಿ",".mp3",0.72],-1],0,0,[],[],[]],[[[0,"ನೋಟು",".mp3",0.72],-1],0,0,[],[],[]],[[[0,"ಜೋ",".mp3",0.576],-1],0,0,[],[],[]],[[[0,"ರ",".mp3",0.48],-1],0,0,[],[],[]],[[[0,"ಜೋಗುಳ",".mp3",0.816],-1],0,0,[],[],[]],[[[1,"kn2207",{"rows":[["phonictractor","1","Description","4","ಪೋರ","ಪೋರ.mp3","ಪೋ","ಪೋ.mp3","ರ","ರ.mp3"],["openwindow","1","Description","LEGIT","ನೋ,ಟು","note.png","coin.png","ನೋಟು.mp3","ನೋ,ಟು"],["phonictractor","1","Description","4","ಜೋಗುಳ","ಜೋಗುಳ.mp3","ಜೋ","ಜೋ.mp3","ಗು","ಗು.mp3","ಳ","ಳ.mp3"],["spelldoor","1","Description","ಮೋಡ","**","0","0","clouds.png","ಮೋಡ.mp3"],["spelldoor","1","Description","ರೋಟಿ","**","0","0","roti.png","ರೋಟಿ.mp3"],["phonictractor","1","Description","4","ಬೋರಾ","ಬೋರಾ.mp3","ಬೋ","ಬೋ.mp3","ರಾ","ರಾ.mp3"],["quizliteracy","1","Description","word_word","ಪೋ","ದೋ","ಚೋ","ಪೋ","","__ರ","ಪೋರ.mp3"],["quizliteracy","1","Description","image_word","ಮೋಡ","ಮೋಡ","ಪೋರ","ರೋಟಿ","clouds.png"],["quizliteracy","1","Description","soundonly_word","ಬೋರಾ","ಜೋಗುಳ","ಬೋರಾ","ನೋಟು","","","ಬೋರಾ.mp3"]]}]],0,0,[],[],[]],[[[0,"ಮೋಡ",".mp3",0.672],-1],0,0,[],[],[]],[[{"name":"note","rect":[0,0,512,340],"offset":[0,0],"originalSize":[512,340],"capInsets":[0,0,0,0]}],[0],0,[0],[0],[1]],[[[0,"ರಾ",".mp3",0.504],-1],0,0,[],[],[]],[[[0,"ಪೋರ",".mp3",0.648],-1],0,0,[],[],[]],[[{"name":"roti","rect":[0,0,512,341],"offset":[0,0],"originalSize":[512,341],"capInsets":[0,0,0,0]}],[0],0,[0],[0],[2]],[[[0,"ಗು",".mp3",0.552],-1],0,0,[],[],[]],[["0,9729,9729,33071,33071,0,0,1",-1],[1],0,[],[],[]],[["0,9729,9729,33071,33071,0,0,1",-1],[1],0,[],[],[]],[[{"name":"clouds","rect":[0,0,512,340],"offset":[0,0],"originalSize":[512,340],"capInsets":[0,0,0,0]}],[0],0,[0],[0],[3]],[[[0,"ಳ",".mp3",0.504],-1],0,0,[],[],[]],[[[0,"ಬೋ",".mp3",0.576],-1],0,0,[],[],[]],[[[0,"ಬೋರಾ",".mp3",0.72],-1],0,0,[],[],[]]]]