[1,["f4+mm3kIBB4aZ81firMIiD","71sr66AptB17eZDewzCV/D","f3tevN5IRKOZdZFCnO4XAd","aaJc+WTKZFHI58Jb9U7MSB"],["_textureSetter"],["cc.SpriteFrame","cc.Texture2D",["cc.JsonAsset",["_name","json"],1],["cc.AudioClip",["_name","_native","duration"],0]],[[3,0,1,2,4],[2,0,1,3]],[[[[1,"kn2_1004",{"rows":[["createsentence","1","Description","ಕಾಡಿನಲ್ಲಿ/ಆಹಾರ/ಹುಡುಕುತ್ತಾ/ನರಿ/ಮತ್ತು/ಅದರ/ಮರಿ/ಬಂದಿತು.","","fox_baby.png","ಕಾಡಿನಲ್ಲಿ_ಆಹಾರ_ಹುಡುಕುತ್ತಾ_ನರಿ_ಮತ್ತು_ಅದರ_ಮರಿ_ಬಂದಿತು.mp3"],["createsentence","1","Description","ನರಿಗೆ/ತೋಟದ/ಕಡೆಯಿಂದ/ಕ್ಕೋ/ಕ್ಕೋ/ಕ್ಕೋ/ಎನ್ನುವ/ಸದ್ದು/ಕೇಳಿಸಿತು.","","hens.png","ನರಿಗೆ_ತೋಟದ_ಕಡೆಯಿಂದ_ಕ್ಕೋ_ಕ್ಕೋ_ಕ್ಕೋ_ಎನ್ನುವ_ಸದ್ದು_ಕೇಳಿಸಿತು.mp3"],["createsentence","1","Description","ನರಿಯ/ಮರಿ/ಬಲೆಯಲ್ಲಿ/ಸಿಕ್ಕಿಕೊಂಡಿತು.","","net.png","ನರಿಯ_ಮರಿ_ಬಲೆಯಲ್ಲಿ_ಸಿಕ್ಕಿಕೊಂಡಿತು.mp3"],["createsentence","1","Description","ನರಿಯು/ಬಲೆಯಿಂದ/ತಪ್ಪಿಸಿಕೊಳ್ಳಲು/ಇಲಿಗಳು/ಸಹಾಯ/ಮಾಡಿತು.","","mice.png","ನರಿಯು_ಬಲೆಯಿಂದ_ತಪ್ಪಿಸಿಕೊಳ್ಳಲು_ಇಲಿಗಳು_ಸಹಾಯ_ಮಾಡಿತು.mp3"],["quizliteracy","1","Description","sentence_sentence","ಕ್ಕೋ ಕ್ಕೋ ಕ್ಕೋ","ಕಾವ್ ಕಾವ್ ಕಾವ್","ಬೌ ಬೌ ಬೌ","ಕ್ಕೋ ಕ್ಕೋ ಕ್ಕೋ","","ನರಿಗೆ ತೋಟದ ಕಡೆಯಿಂದ __________ ಎನ್ನುವ ಸದ್ದು ಕೇಳಿಸಿತು.","ನರಿಗೆ_ತೋಟದ_ಕಡೆಯಿಂದ_ಕ್ಕೋ_ಕ್ಕೋ_ಕ್ಕೋ_ಎನ್ನುವ_ಸದ್ದು_ಕೇಳಿಸಿತು.mp3"],["quizliteracy","1","Description","sentence_sentence","ಬಲೆಯಲ್ಲಿ","ಬಲೆಯಲ್ಲಿ","ನೆಲೆಯಲ್ಲಿ","ನೀರಲ್ಲಿ","","ನರಿಯ ಮರಿ ________ ಸಿಕ್ಕಿಕೊಂಡಿತು.","ನರಿಯ_ಮರಿ_ಬಲೆಯಲ್ಲಿ_ಸಿಕ್ಕಿಕೊಂಡಿತು.mp3"],["quizliteracy","1","Description","sentence_sentence","ಇಲಿಗಳು","ಹಕ್ಕಿಗಳು","ಇಲಿಗಳು","ಹುಲಿಗಳು","","ನರಿಯು ಬಲೆಯಿಂದ ತಪ್ಪಿಸಿಕೊಳ್ಳಲು _______ ಸಹಾಯ ಮಾಡಿತು.","ನರಿಯು_ಬಲೆಯಿಂದ_ತಪ್ಪಿಸಿಕೊಳ್ಳಲು_ಇಲಿಗಳು_ಸಹಾಯ_ಮಾಡಿತು.mp3"]]}]],0,0,[],[],[]],[[[0,"ನರಿಗೆ_ತೋಟದ_ಕಡೆಯಿಂದ_ಕ್ಕೋ_ಕ್ಕೋ_ಕ್ಕೋ_ಎನ್ನುವ_ಸದ್ದು_ಕೇಳಿಸಿತು",".mp3",4.536],-1],0,0,[],[],[]],[[{"name":"fox_baby","rect":[0,0,400,400],"offset":[0,0],"originalSize":[400,400],"capInsets":[0,0,0,0]}],[0],0,[0],[0],[0]],[[{"name":"mice","rect":[0,0,400,400],"offset":[0,0],"originalSize":[400,400],"capInsets":[0,0,0,0]}],[0],0,[0],[0],[1]],[["0,9729,9729,33071,33071,0,0,1",-1],[1],0,[],[],[]],[[{"name":"net","rect":[0,0,400,400],"offset":[0,0],"originalSize":[400,400],"capInsets":[0,0,0,0]}],[0],0,[0],[0],[2]],[[[0,"ಕಾಡಿನಲ್ಲಿ_ಆಹಾರ_ಹುಡುಕುತ್ತಾ_ನರಿ_ಮತ್ತು_ಅದರ_ಮರಿ_ಬಂದಿತು",".mp3",4.44],-1],0,0,[],[],[]],[["0,9729,9729,33071,33071,0,0,1",-1],[1],0,[],[],[]],[[[0,"ನರಿಯ_ಮರಿ_ಬಲೆಯಲ್ಲಿ_ಸಿಕ್ಕಿಕೊಂಡಿತು",".mp3",2.616],-1],0,0,[],[],[]],[["0,9729,9729,33071,33071,0,0,1",-1],[1],0,[],[],[]],[["0,9729,9729,33071,33071,0,0,1",-1],[1],0,[],[],[]],[[{"name":"hens","rect":[0,0,400,400],"offset":[0,0],"originalSize":[400,400],"capInsets":[0,0,0,0]}],[0],0,[0],[0],[3]],[[[0,"ನರಿಯು_ಬಲೆಯಿಂದ_ತಪ್ಪಿಸಿಕೊಳ್ಳಲು_ಇಲಿಗಳು_ಸಹಾಯ_ಮಾಡಿತು",".mp3",4.2],-1],0,0,[],[],[]]]]