[1,["a32wEGbJtNoLT3KLG8VkLR","caSZMHA49D5LG3AEBGmiyj","2dmyBu0VBKtaLl8v+/Schd","97G8LUTThKi7OM3gfSqm3q","92i9c8y0JEBoYt9YKTli1G","06xSXNTfFCnIaEqR9JSyd1"],["_textureSetter"],["cc.Texture2D","cc.SpriteFrame",["cc.AudioClip",["_name","_native","duration"],0],["cc.JsonAsset",["_name","json"],1]],[[2,0,1,2,4],[3,0,1,3]],[[["0,9729,9729,33071,33071,0,0,1",-1],[0],0,[],[],[]],[[[0,"ಕುರಿ",".mp3",0.6],-1],0,0,[],[],[]],[[{"name":"Cock","rect":[0,0,800,533],"offset":[0,0],"originalSize":[800,533],"capInsets":[0,0,0,0]}],[1],0,[0],[0],[0]],[[[0,"ನಾಯಿ",".mp3",0.672],-1],0,0,[],[],[]],[["0,9729,9729,33071,33071,0,0,1",-1],[0],0,[],[],[]],[[[0,"ಹುಂಜ",".mp3",0.744],-1],0,0,[],[],[]],[[{"name":"Ram","rect":[0,0,800,600],"offset":[0,0],"originalSize":[800,600],"capInsets":[0,0,0,0]}],[1],0,[0],[0],[1]],[[[1,"kn2601",{"rows":[["spelldoor","1","Description","ಕೋಳಿ","**","0","0","Chicken.png","ಕೋಳಿ.mp3"],["spelldoor","1","Description","ಕುರಿ","**","0","0","Sheep.png","ಕುರಿ.mp3"],["spelldoor","1","Description","ನಾಯಿ","**","0","0","dog.png","ನಾಯಿ.mp3"],["spelldoor","1","Description","ಹುಂಜ","**","0","0","Cock.png","ಹುಂಜ.mp3"],["spelldoor","1","Description","ಟಗರು","***","0","0","Ram.png","ಟಗರು.mp3"],["spelldoor","1","Description","ಮೇಕೆ","**","0","0","goat.png","ಮೇಕೆ.mp3"],["quizliteracy","1","Description","image_word","ಕೋಳಿ","ಕೋಳಿ","ಕುದುರೆ","ಹಸು","Chicken.png"],["quizliteracy","1","Description","image_word","ನಾಯಿ","ಹುಂಜ","ಕೋಳಿ","ನಾಯಿ","dog.png"],["quizliteracy","1","Description","image_word","ಮೇಕೆ","ನಾಯಿ","ಮೇಕೆ","ಕೋಳಿ","goat.png"]]}]],0,0,[],[],[]],[[[0,"ಕೋಳಿ",".mp3",0.696],-1],0,0,[],[],[]],[["0,9729,9729,33071,33071,0,0,1",-1],[0],0,[],[],[]],[["0,9729,9729,33071,33071,0,0,1",-1],[0],0,[],[],[]],[["0,9729,9729,33071,33071,0,0,1",-1],[0],0,[],[],[]],[[{"name":"Sheep","rect":[0,0,601,800],"offset":[0,0],"originalSize":[601,800],"capInsets":[0,0,0,0]}],[1],0,[0],[0],[2]],[["0,9729,9729,33071,33071,0,0,1",-1],[0],0,[],[],[]],[[[0,"ಟಗರು",".mp3",0.744],-1],0,0,[],[],[]],[[[0,"ಮೇಕೆ",".mp3",0.72],-1],0,0,[],[],[]],[[{"name":"Chicken","rect":[129,26,536,754],"offset":[-3,-3],"originalSize":[800,800],"capInsets":[0,0,0,0]}],[1],0,[0],[0],[3]],[[{"name":"goat","rect":[0,0,333,500],"offset":[0,0],"originalSize":[333,500],"capInsets":[0,0,0,0]}],[1],0,[0],[0],[4]],[[{"name":"dog","rect":[0,0,800,590],"offset":[0,0],"originalSize":[800,590],"capInsets":[0,0,0,0]}],[1],0,[0],[0],[5]]]]