[1,["12fVh+vl5AOYvVZKXDk1FX","0481hR+0NNrrtjSLeSoqJR","393ANSlyVHuYD02IYMJ9KV","b6JpLAHRBIdp93H/TLgpFx","0cZ5ocrL1CFqtFBwVk9eaX","71yYORZfpKmbKpt0nK4KTu","a9ZTPzFQpASo8qLyUv45cc","99gmlwCJJFCoG9jc7wznWO","58Ufw5EvRPua5w0uTcXXTt","70b+Di+jFBo7lYFtPw4kT0","e3wctsRIVDTqOxa4KAkqWg","a4XsEdLUdNkqWrniCsAsYK"],["_textureSetter"],["cc.Texture2D","cc.SpriteFrame",["cc.AudioClip",["_name","_native","duration"],0],["cc.JsonAsset",["_name","json"],1]],[[2,0,1,2,4],[3,0,1,3]],[[["0,9729,9729,33071,33071,0,0,1",-1],[0],0,[],[],[]],[["0,9729,9729,33071,33071,0,0,1",-1],[0],0,[],[],[]],[[{"name":"1_5","rect":[0,0,1213,1119],"offset":[0,0],"originalSize":[1213,1119],"capInsets":[0,0,0,0]}],[1],0,[0],[0],[0]],[["0,9729,9729,33071,33071,0,0,1",-1],[0],0,[],[],[]],[[[0,"half",".mp3",0.888],-1],0,0,[],[],[]],[[[1,"en3605",{"rows":[["letterpair","1","Description","image","image","1.png","whole_circle.png","whole.mp3","1_2.png","half_circle.png","half.mp3","1_3.png","onethirdcircle.png","one_third.mp3","1_4.png","quarter_circle.png","quarter.mp3","1_5.png","One_fifth_circle.png","one_fifth.mp3","1_8.png","one_eighth_circle.png","one_eighth.mp3"],["quizliteracy","1","Description","soundonly_image","half_circle.png","half_circle.png","onethirdcircle.png","quarter_circle.png","","","half.mp3"],["quizliteracy","1","Description","soundonly_image","onethirdcircle.png","quarter_circle.png","half_circle.png","onethirdcircle.png","","","one_third.mp3"],["quizliteracy","1","Description","soundonly_image","quarter_circle.png","onethirdcircle.png","quarter_circle.png","half_circle.png","","","quarter.mp3"]]}]],0,0,[],[],[]],[[{"name":"One_fifth_circle","rect":[0,0,512,472],"offset":[0,0],"originalSize":[512,472],"capInsets":[0,0,0,0]}],[1],0,[0],[0],[1]],[[[0,"quarter",".mp3",0.936],-1],0,0,[],[],[]],[["0,9729,9729,33071,33071,0,0,1",-1],[0],0,[],[],[]],[[{"name":"1_3","rect":[0,0,1213,1119],"offset":[0,0],"originalSize":[1213,1119],"capInsets":[0,0,0,0]}],[1],0,[0],[0],[2]],[[[0,"whole",".mp3",0.864],-1],0,0,[],[],[]],[[{"name":"quarter_circle","rect":[0,0,512,496],"offset":[0,0],"originalSize":[512,496],"capInsets":[0,0,0,0]}],[1],0,[0],[0],[3]],[[[0,"one_third",".mp3",1.296],-1],0,0,[],[],[]],[["0,9729,9729,33071,33071,0,0,1",-1],[0],0,[],[],[]],[[{"name":"1_8","rect":[0,0,1213,1119],"offset":[0,0],"originalSize":[1213,1119],"capInsets":[0,0,0,0]}],[1],0,[0],[0],[4]],[["0,9729,9729,33071,33071,0,0,1",-1],[0],0,[],[],[]],[["0,9729,9729,33071,33071,0,0,1",-1],[0],0,[],[],[]],[[{"name":"onethirdcircle","rect":[0,0,512,472],"offset":[0,0],"originalSize":[512,472],"capInsets":[0,0,0,0]}],[1],0,[0],[0],[5]],[[{"name":"one_eighth_circle","rect":[0,0,512,472],"offset":[0,0],"originalSize":[512,472],"capInsets":[0,0,0,0]}],[1],0,[0],[0],[6]],[["0,9729,9729,33071,33071,0,0,1",-1],[0],0,[],[],[]],[["0,9729,9729,33071,33071,0,0,1",-1],[0],0,[],[],[]],[["0,9729,9729,33071,33071,0,0,1",-1],[0],0,[],[],[]],[[{"name":"1_4","rect":[0,0,1213,1119],"offset":[0,0],"originalSize":[1213,1119],"capInsets":[0,0,0,0]}],[1],0,[0],[0],[7]],[[{"name":"half_circle","rect":[3,0,506,251],"offset":[0,0],"originalSize":[512,251],"capInsets":[0,0,0,0]}],[1],0,[0],[0],[8]],[["0,9729,9729,33071,33071,0,0,1",-1],[0],0,[],[],[]],[[{"name":"1_2","rect":[0,0,1040,1119],"offset":[0,0],"originalSize":[1040,1119],"capInsets":[0,0,0,0]}],[1],0,[0],[0],[9]],[[{"name":"whole_circle","rect":[0,0,1133,965],"offset":[0,0],"originalSize":[1133,965],"capInsets":[0,0,0,0]}],[1],0,[0],[0],[10]],[["0,9729,9729,33071,33071,0,0,1",-1],[0],0,[],[],[]],[[{"name":"1","rect":[0,0,900,566],"offset":[0,0],"originalSize":[900,566],"capInsets":[0,0,0,0]}],[1],0,[0],[0],[11]],[[[0,"one_eighth",".mp3",1.176],-1],0,0,[],[],[]],[[[0,"one_fifth",".mp3",1.32],-1],0,0,[],[],[]]]]