[1,["e4i5+UWhpNgq0uVU+5lIwi","81o3R+BpdHaKkwHztgsUOR","beWz54DJZJxIviGD5XcYEP","c82DHhItBAYZQrEBnlH9fc","4eWzRwg1NGroTEfxCv5yFa","10FIIc4CtOsZ0kway2DPoU","feVqxttzNIJr048cUMAZka","68rQPjGIpAuY8fDqkHrBqE","0b9e9PsYtPlK5g5ghJOoHx","38XdZihIdG/74TjNnQCJ4+","8a0KfJzPNBQoiya3PzDCp7","a11i8mhlZA0r/uy26sdXMq","f67NdcGDRDb6236IMUUiCv","33xIgmjwNEJKb2s3QCqdOh","d4LaqYc3ZBf7CgvD8gQ2kT"],["_textureSetter"],["cc.Texture2D","cc.SpriteFrame",["cc.AudioClip",["_name","_native","duration"],0],["cc.JsonAsset",["_name","json"],1]],[[2,0,1,2,4],[3,0,1,3]],[[["0,9729,9729,33071,33071,0,0,1",-1],[0],0,[],[],[]],[[{"name":"mouse","rect":[0,0,500,375],"offset":[0,0],"originalSize":[500,375],"capInsets":[0,0,0,0]}],[1],0,[0],[0],[0]],[["0,9729,9729,33071,33071,0,0,1",-1],[0],0,[],[],[]],[[{"name":"ಔರಸ","rect":[0,0,500,283],"offset":[0,0],"originalSize":[500,283],"capInsets":[0,0,0,0]}],[1],0,[0],[0],[1]],[[{"name":"shahanyi","rect":[0,0,800,600],"offset":[0,0],"originalSize":[800,600],"capInsets":[0,0,0,0]}],[1],0,[0],[0],[2]],[[{"name":"castoroilplant","rect":[0,0,500,333],"offset":[0,0],"originalSize":[500,333],"capInsets":[0,0,0,0]}],[1],0,[0],[0],[3]],[[[0,"ಓಲಗ",".mp3",1.08],-1],0,0,[],[],[]],[[{"name":"layingdown","rect":[0,0,800,444],"offset":[0,0],"originalSize":[800,444],"capInsets":[0,0,0,0]}],[1],0,[0],[0],[4]],[["0,9729,9729,33071,33071,0,0,1",-1],[0],0,[],[],[]],[["0,9729,9729,33071,33071,0,0,1",-1],[0],0,[],[],[]],[[[0,"ಷ",".mp3",0.552],-1],0,0,[],[],[]],[[{"name":"running","rect":[0,0,800,534],"offset":[0,0],"originalSize":[800,534],"capInsets":[0,0,0,0]}],[1],0,[0],[0],[5]],[[[0,"ಓಟ",".mp3",1.008],-1],0,0,[],[],[]],[[[0,"ಶಯನ",".mp3",0.768],-1],0,0,[],[],[]],[[{"name":"era","rect":[0,0,533,800],"offset":[0,0],"originalSize":[533,800],"capInsets":[0,0,0,0]}],[1],0,[0],[0],[6]],[[{"name":"coral","rect":[0,0,500,333],"offset":[0,0],"originalSize":[500,333],"capInsets":[0,0,0,0]}],[1],0,[0],[0],[7]],[["0,9729,9729,33071,33071,0,0,1",-1],[0],0,[],[],[]],[[[0,"ಹವಳ",".mp3",0.696],-1],0,0,[],[],[]],[[[0,"ಹರ",".mp3",0.6],-1],0,0,[],[],[]],[[[0,"ಶಕ",".mp3",0.696],-1],0,0,[],[],[]],[[[0,"ಹಯ",".mp3",0.624],-1],0,0,[],[],[]],[[{"name":"arrow","rect":[0,0,500,500],"offset":[0,0],"originalSize":[500,500],"capInsets":[0,0,0,0]}],[1],0,[0],[0],[8]],[[[0,"ಉಷ",".mp3",0.984],-1],0,0,[],[],[]],[["0,9729,9729,33071,33071,0,0,1",-1],[0],0,[],[],[]],[[[1,"kn0502",{"rows":[["writecard","1","Description","ಓ","ಓಟ","running.png","ಓಟ.mp3","ಓಲಗ","shahanyi.png","ಓಲಗ.mp3","ಓ","ಓ.png","ಓ.mp3"],["writecard","1","Description","ಔ","ಔಡಲ","castoroilplant.png","ಔಡಲ.mp3","ಔರಸ","ಔರಸ.png","ಔರಸ.mp3","ಔಷದ","medicine.png","ಔಷದ.mp3"],["writecard","1","Description","ಹ","ಹಯ","horse.png","ಹಯ.mp3","ಹರ","shiva.png","ಹರ.mp3","ಹವಳ","coral.png","ಹವಳ.mp3"],["writecard","1","Description","ಶ","ಶರ","arrow.png","ಶರ.mp3","ಶಕ","era.png","ಶಕ.mp3","ಶಯನ","layingdown.png","ಶಯನ.mp3"],["writecard","1","Description","ಷ","ಉಷ","lightrays.png","ಉಷ.mp3","ಷ","ಷ.png","ಷ.mp3","ಮೂಷಿಕ","mouse.png","ಮೂಷಿಕ.mp3"],["quizliteracy","1","Description","soundonly_image","running.png","horse.png","arrow.png","running.png","","","ಓಟ.mp3"],["quizliteracy","1","Description","soundonly_image","arrow.png","arrow.png","running.png","horse.png","","","ಶರ.mp3"],["quizliteracy","1","Description","soundonly_image","horse.png","running.png","horse.png","arrow.png","","","ಹಯ.mp3"]]}]],0,0,[],[],[]],[[{"name":"ಷ","rect":[0,0,800,660],"offset":[0,0],"originalSize":[800,660],"capInsets":[0,0,0,0]}],[1],0,[0],[0],[9]],[[{"name":"medicine","rect":[0,0,500,403],"offset":[0,0],"originalSize":[500,403],"capInsets":[0,0,0,0]}],[1],0,[0],[0],[10]],[[[0,"ಓ",".mp3",0.528],-1],0,0,[],[],[]],[["0,9729,9729,33071,33071,0,0,1",-1],[0],0,[],[],[]],[[{"name":"shiva","rect":[0,0,599,800],"offset":[0,0],"originalSize":[599,800],"capInsets":[0,0,0,0]}],[1],0,[0],[0],[11]],[["0,9729,9729,33071,33071,0,0,1",-1],[0],0,[],[],[]],[[[0,"ಶರ",".mp3",0.648],-1],0,0,[],[],[]],[[{"name":"horse","rect":[0,0,527,800],"offset":[0,0],"originalSize":[527,800],"capInsets":[0,0,0,0]}],[1],0,[0],[0],[12]],[[{"name":"ಓ","rect":[0,0,800,660],"offset":[0,0],"originalSize":[800,660],"capInsets":[0,0,0,0]}],[1],0,[0],[0],[13]],[["0,9729,9729,33071,33071,0,0,1",-1],[0],0,[],[],[]],[[[0,"ಮೂಷಿಕ",".mp3",0.84],-1],0,0,[],[],[]],[[[0,"ಔಷದ",".mp3",0.816],-1],0,0,[],[],[]],[[[0,"ಔರಸ",".mp3",0.84],-1],0,0,[],[],[]],[["0,9729,9729,33071,33071,0,0,1",-1],[0],0,[],[],[]],[["0,9729,9729,33071,33071,0,0,1",-1],[0],0,[],[],[]],[["0,9729,9729,33071,33071,0,0,1",-1],[0],0,[],[],[]],[[{"name":"lightrays","rect":[0,0,533,800],"offset":[0,0],"originalSize":[533,800],"capInsets":[0,0,0,0]}],[1],0,[0],[0],[14]],[[[0,"ಔಡಲ",".mp3",1.08],-1],0,0,[],[],[]],[["0,9729,9729,33071,33071,0,0,1",-1],[0],0,[],[],[]],[["0,9729,9729,33071,33071,0,0,1",-1],[0],0,[],[],[]],[["0,9729,9729,33071,33071,0,0,1",-1],[0],0,[],[],[]]]]