[1,["48im4r7lxIn4/2HpnQIB+b","dbryX0+I9BmJptryUxrV7R","8dkAcwmwZD/ZV2ovR0Sd5h","9esyAw0/9EzqLKBHGZc3dL","855aDWifFPOrSNwFPV0acI","23SmIzlQpAPKUScXWMSDs4"],["_textureSetter"],["cc.Texture2D","cc.SpriteFrame",["cc.AudioClip",["_name","_native","duration"],0],["cc.JsonAsset",["_name","json"],1]],[[2,0,1,2,4],[3,0,1,3]],[[[[0,"या",".mp3",0.5485],-1],0,0,[],[],[]],[[[0,"चि",".mp3",0.626939],-1],0,0,[],[],[]],[[[0,"बारिश",".mp3",0.888163],-1],0,0,[],[],[]],[["0,9729,9729,33071,33071,0,0,1",-1],[0],0,[],[],[]],[["0,9729,9729,33071,33071,0,0,1",-1],[0],0,[],[],[]],[[{"name":"पिता","rect":[0,0,193,153],"offset":[0,0],"originalSize":[193,153],"capInsets":[0,0,0,0]}],[1],0,[0],[0],[0]],[[[0,"डि",".mp3",0.39175],-1],0,0,[],[],[]],[[[0,"चित्र",".mp3",0.757551],-1],0,0,[],[],[]],[[[0,"त्र",".mp3",0.522449],-1],0,0,[],[],[]],[[{"name":"पानी","rect":[0,0,193,153],"offset":[0,0],"originalSize":[193,153],"capInsets":[0,0,0,0]}],[1],0,[0],[0],[1]],[["0,9729,9729,33071,33071,0,0,1",-1],[0],0,[],[],[]],[[[0,"पिता",".mp3",0.783673],-1],0,0,[],[],[]],[["0,9729,9729,33071,33071,0,0,1",-1],[0],0,[],[],[]],[[[1,"hi0511",{"rows":[["openwindow","1","Description","LEGIT","पि,ता","पिता.png","गाय.png","पिता.mp3","ज,ग,न,ल,फ,छा,ता,र,थ,व,न,घ,ट्र,क,घो,ड़ा,हा,थी,आ,म,स"],["openwindow","1","Description","LEGIT","कि,ता,ब","किताब.png","पानी.png","किताब.mp3","ज,ग,न,ल,फ,छा,ता,र,थ,व,न,घ,ट्र,क,घो,ड़ा,हा,थी,आ,म,स"],["phonictractor","1","Description","5","चित्र","चित्र.mp3","चि","चि.mp3","त्र","त्र.mp3"],["spelldoor","1","Description","दिल","*ल","0","1","दिल.png","दिल.mp3"],["phonictractor","1","Description","6","डिबिया","डिबिया.mp3","डि","डि.mp3","बि","बि.mp3","या","या.mp3"],["rocket","1","Description","बारिश","बा,रि,श","बा,रि,श","बारिश.mp3","बारिश.png","false ","true "],["quizliteracy","1","Description","soundonly_word","पिता","पिता","बारिश","किताब","","","पिता.mp3"],["quizliteracy","1","Description","image_word","किताब","किताब","पिता","बारिश","किताब.png"],["quizliteracy","1","Description","soundonly_word","बारिश","बारिश","किताब","पिता","","","बारिश.mp3"]]}]],0,0,[],[],[]],[["0,9729,9729,33071,33071,0,0,1",-1],[0],0,[],[],[]],[[{"name":"किताब","rect":[0,0,193,153],"offset":[0,0],"originalSize":[193,153],"capInsets":[0,0,0,0]}],[1],0,[0],[0],[2]],[[[0,"बि",".mp3",0.653061],-1],0,0,[],[],[]],[[[0,"किताब",".mp3",0.757551],-1],0,0,[],[],[]],[[[0,"डिबिया",".mp3",0.731429],-1],0,0,[],[],[]],[[{"name":"बारिश","rect":[0,0,271,271],"offset":[0,0],"originalSize":[271,271],"capInsets":[0,0,0,0]}],[1],0,[0],[0],[3]],[[[0,"दिल",".mp3",0.574694],-1],0,0,[],[],[]],[[{"name":"गाय","rect":[0,0,193,153],"offset":[0,0],"originalSize":[193,153],"capInsets":[0,0,0,0]}],[1],0,[0],[0],[4]],[[{"name":"दिल","rect":[0,0,370,273],"offset":[0,0],"originalSize":[370,273],"capInsets":[0,0,0,0]}],[1],0,[0],[0],[5]],[["0,9729,9729,33071,33071,0,0,1",-1],[0],0,[],[],[]]]]