[1,["7d79MkrTlD9YyDgzBivIeN","21fsNP/DdKI4UqObCK6jsy","dfXTNvratG3oUMy8+UBTxr","938pC7ZXxJ8qFj+NW+RoaO","24Eu9dkhdJz6YSFVh3IuBx","4bqkpZZQhFW5sGZjJmG5Or"],["_textureSetter"],["cc.Texture2D","cc.SpriteFrame",["cc.AudioClip",["_name","_native","duration"],0],["cc.JsonAsset",["_name","json"],1]],[[2,0,1,2,4],[3,0,1,3]],[[[[0,"soccerball",".mp3",1.584],-1],0,0,[],[],[]],[[[0,"down",".mp3",1.08],-1],0,0,[],[],[]],[["1,9729,9729,33071,33071,0,0,1",-1],[0],0,[],[],[]],[[[0,"ladder",".mp3",1.008],-1],0,0,[],[],[]],[[[0,"robot",".mp3",1.176],-1],0,0,[],[],[]],[["1,9729,9729,33071,33071,0,0,1",-1],[0],0,[],[],[]],[[{"name":"football","rect":[0,0,1280,1280],"offset":[0,0],"originalSize":[1280,1280],"capInsets":[0,0,0,0]}],[1],0,[0],[0],[0]],[[[1,"en1905",{"rows":[["tag","1","Description","image_10_4.jpg","football","294.-489","football.mp3","goal","918.-1249","goal.mp3","goalkeeper","1280.-1011","goalkeeper.mp3","kicker","530.-933","kicker.mp3","field","1101.-661","field.mp3"],["tag","1","Description","image_21_4.jpg","toys","280.-1520","toys.mp3","robot","583.-529","robot.mp3","vehicles","383.-997","vehicles.mp3","marbles","1249.-1302","marbles.mp3","blocks","1256.-603","blocks.mp3"],["tag","1","Description","image_23_1.jpg","playground","280.-1520","playground.mp3","slide","1096.-968","slide.mp3","swing","1311.-518","swing.mp3","seesaw","307.-513","seesaw.mp3"],["tag","1","Description","image_24_2.jpg","slide","280.-1520","slide.mp3","ladder","1325.-620","ladder.mp3","slope","335.-896","slope.mp3","up","955.-1073","up.mp3","down","223.-494","down.mp3"],["tag","1","Description","image_8_4.jpg","balls","417.-1501","balls.mp3","soccer ball","322.-929","soccerball.mp3","basketball","1123.-1265","basketball.mp3","baseball","1249.-581","baseball.mp3","tennis ball","321.-508","tennis_ball.mp3"],["quizliteracy","1","Description","image_word","football","playground","slide","football","football.png"],["quizliteracy","1","Description","soundonly_word","slide","goal","balls","slide","","","slide.mp3"],["quizliteracy","1","Description","soundonly_word","balls","balls","swing","goal","","","balls.mp3"],["quizliteracy","1","Description","soundonly_word","goal","swing","goal","ladder","","","goal.mp3"],["quizliteracy","1","Description","soundonly_word","swing","goal","bake","swing","","","swing.mp3"]]}]],0,0,[],[],[]],[[[0,"vehicles",".mp3",0.936],-1],0,0,[],[],[]],[[[0,"goalkeeper",".mp3",1.344],-1],0,0,[],[],[]],[[{"name":"image_8_4","rect":[0,0,845,695],"offset":[0,0],"originalSize":[845,695],"capInsets":[0,0,0,0]}],[1],0,[0],[0],[1]],[["1,9729,9729,33071,33071,0,0,1",-1],[0],0,[],[],[]],[[[0,"football",".mp3",1.2],-1],0,0,[],[],[]],[[[0,"playground",".mp3",1.32],-1],0,0,[],[],[]],[[[0,"seesaw",".mp3",1.128],-1],0,0,[],[],[]],[["0,9729,9729,33071,33071,0,0,1",-1],[0],0,[],[],[]],[[[0,"baseball",".mp3",1.32],-1],0,0,[],[],[]],[["1,9729,9729,33071,33071,0,0,1",-1],[0],0,[],[],[]],[[[0,"toys",".mp3",1.032],-1],0,0,[],[],[]],[[[0,"kicker",".mp3",0.912],-1],0,0,[],[],[]],[[[0,"tennis_ball",".mp3",1.464],-1],0,0,[],[],[]],[[[0,"marbles",".mp3",1.368],-1],0,0,[],[],[]],[[[0,"field",".mp3",1.08],-1],0,0,[],[],[]],[[[0,"blocks",".mp3",1.248],-1],0,0,[],[],[]],[[{"name":"image_21_4","rect":[0,0,845,695],"offset":[0,0],"originalSize":[845,695],"capInsets":[0,0,0,0]}],[1],0,[0],[0],[2]],[[[0,"slope",".mp3",1.08],-1],0,0,[],[],[]],[[[0,"basketball",".mp3",1.536],-1],0,0,[],[],[]],[[[0,"slide",".mp3",1.152],-1],0,0,[],[],[]],[[[0,"swing",".mp3",1.152],-1],0,0,[],[],[]],[["1,9729,9729,33071,33071,0,0,1",-1],[0],0,[],[],[]],[[[0,"up",".mp3",0.696],-1],0,0,[],[],[]],[[[0,"car",".mp3",0.72],-1],0,0,[],[],[]],[[{"name":"image_23_1","rect":[0,0,845,695],"offset":[0,0],"originalSize":[845,695],"capInsets":[0,0,0,0]}],[1],0,[0],[0],[3]],[[[0,"balls",".mp3",1.176],-1],0,0,[],[],[]],[[[0,"goal",".mp3",0.96],-1],0,0,[],[],[]],[[{"name":"image_24_2","rect":[0,0,845,695],"offset":[0,0],"originalSize":[845,695],"capInsets":[0,0,0,0]}],[1],0,[0],[0],[4]],[[{"name":"image_10_4","rect":[0,0,845,731],"offset":[0,0],"originalSize":[845,731],"capInsets":[0,0,0,0]}],[1],0,[0],[0],[5]]]]