[1,["34vseiJKFNv79FZzvmT1r2","03+FYso3xM9aVM2/+umddb","afmsfdVndJZph99Ftko2lF"],["_textureSetter"],["cc.Texture2D","cc.SpriteFrame",["cc.AudioClip",["_name","_native","duration"],0],["cc.JsonAsset",["_name","json"],1]],[[2,0,1,2,4],[3,0,1,3]],[[["0,9729,9729,33071,33071,0,0,1",-1],[0],0,[],[],[]],[[[0,"ಸ",".mp3",0.576],-1],0,0,[],[],[]],[[[0,"ತ್",".mp3",0.552],-1],0,0,[],[],[]],[[[0,"ಞ",".mp3",0.528],-1],0,0,[],[],[]],[[[0,"ಲ್ಕು",".mp3",0.72],-1],0,0,[],[],[]],[["0,9729,9729,33071,33071,0,0,1",-1],[0],0,[],[],[]],[[[0,"ಜ್ಞಾ",".mp3",0.648],-1],0,0,[],[],[]],[[[0,"ನಾಲ್ಕು",".mp3",0.816],-1],0,0,[],[],[]],[[[0,"ಕು",".mp3",0.528],-1],0,0,[],[],[]],[[[0,"ಕಾ",".mp3",0.528],-1],0,0,[],[],[]],[[[0,"ವಿಜ್ಞಾನ",".mp3",0.864],-1],0,0,[],[],[]],[[[0,"ಮುಷ್ಕರ",".mp3",0.792],-1],0,0,[],[],[]],[[[0,"ವಿಜ್ನಾನ",".mp3",0.864],-1],0,0,[],[],[]],[[[0,"ಕ",".mp3",0.504],-1],0,0,[],[],[]],[[[0,"ತ್ಕಾ",".mp3",0.696],-1],0,0,[],[],[]],[[[0,"ಷ್ಕ",".mp3",0.672],-1],0,0,[],[],[]],[[[0,"ರ",".mp3",0.48],-1],0,0,[],[],[]],[[[0,"ಜ್ನಾ",".mp3",0.624],-1],0,0,[],[],[]],[[[1,"kn2801",{"rows":[["phonictractor","1","Description","6","ಜ್ಞಾ","ಜ್ಞಾ.mp3","ಜ್","ಜ್.mp3","ಞ","ಞ.mp3"],["spelldoor","1","Description","ವಿ,ಜ್ಞಾ,ನ","***","0","0","science.png","ವಿಜ್ಞಾನ.mp3"],["phonictractor","1","Description","6","ಷ್ಕ","ಷ್ಕ.mp3","ಷ್","ಷ್.mp3","ಕ","ಕ.mp3"],["spelldoor","1","Description","ಮು,ಷ್ಕ,ರ","***","0","0","protest.png","ಮುಷ್ಕರ.mp3"],["phonictractor","1","Description","6","ತ್ಕಾ","ತ್ಕಾ.mp3","ತ್","ತ್.mp3","ಕಾ","ಕಾ.mp3"],["phonictractor","1","Description","6","ಸತ್ಕಾರ","ಸತ್ಕಾರ.mp3","ಸ","ಸ.mp3","ತ್ಕಾ","ತ್ಕಾ.mp3","ರ","ರ.mp3"],["phonictractor","1","Description","6","ಲ್ಕು","ಲ್ಕು.mp3","ಲ್","ಲ್.mp3","ಕು","ಕು.mp3"],["spelldoor","1","Description","ನಾ,ಲ್ಕು","**","0","0","four.png","ನಾಲ್ಕು.mp3"],["quizliteracy","1","Description","word_word","ಜ್ಞಾನ","ರಾಗ","ಜ್ಞಾನ","ಶಾಲ","","ವಿ_____","ವಿಜ್ಞಾನ.mp3"],["quizliteracy","1","Description","image_word","ಮುಷ್ಕರ","ಸತ್ಕಾರ","ವಿಜ್ಞಾನ","ಮುಷ್ಕರ","protest.png"],["quizliteracy","1","Description","soundonly_word","ನಾಲ್ಕು","ನಾಲ್ಕು","ಜ್ಞಾನ","ಸತ್ಕಾರ","","","ನಾಲ್ಕು.mp3"]]}]],0,0,[],[],[]],[[{"name":"four","rect":[0,0,512,341],"offset":[0,0],"originalSize":[512,341],"capInsets":[0,0,0,0]}],[1],0,[0],[0],[0]],[["0,9729,9729,33071,33071,0,0,1",-1],[0],0,[],[],[]],[[{"name":"protest","rect":[0,0,341,512],"offset":[0,0],"originalSize":[341,512],"capInsets":[0,0,0,0]}],[1],0,[0],[0],[1]],[[[0,"ಲ್",".mp3",0.504],-1],0,0,[],[],[]],[[[0,"ಜ್",".mp3",0.576],-1],0,0,[],[],[]],[[[0,"ನಾ",".mp3",0.504],-1],0,0,[],[],[]],[[{"name":"science","rect":[0,0,512,339],"offset":[0,0],"originalSize":[512,339],"capInsets":[0,0,0,0]}],[1],0,[0],[0],[2]],[[[0,"ಸತ್ಕಾರ",".mp3",0.912],-1],0,0,[],[],[]],[[[0,"ಷ್",".mp3",0.6],-1],0,0,[],[],[]]]]