[1,["c9Rr+YFrZHC6NdKCkXOoiY","3eswi9OKdLWZJsjNpTfyLU","31yMIEkB9ENYnsa56fowWL","c4AwkUOMJCpaDuNGL56h2X","6aerjE+7BKgbwFolh1l38V","70lvj3DktIBrcmnpEQRDLy","f2mzaPPGdARJrEngQL0TwT","f6dLA9yfBC85f7tIOzHNH7","e1tWjNKzpB4pngCn2Lq8eP"],["_textureSetter"],["cc.SpriteFrame","cc.Texture2D",["cc.JsonAsset",["_name","json"],1]],[[2,0,1,3]],[[[{"name":"stars","rect":[0,0,694,500],"offset":[0,0],"originalSize":[694,500],"capInsets":[0,0,0,0]}],[0],0,[0],[0],[0]],[[{"name":"man","rect":[0,0,1906,1366],"offset":[0,0],"originalSize":[1906,1366],"capInsets":[0,0,0,0]}],[0],0,[0],[0],[1]],[[{"name":"cat","rect":[0,0,1111,820],"offset":[0,0],"originalSize":[1111,820],"capInsets":[0,0,0,0]}],[0],0,[0],[0],[2]],[["0,9729,9729,33071,33071,0,0,1",-1],[1],0,[],[],[]],[["0,9729,9729,33071,33071,0,0,1",-1],[1],0,[],[],[]],[[{"name":"mouse","rect":[0,0,880,620],"offset":[0,0],"originalSize":[880,620],"capInsets":[0,0,0,0]}],[0],0,[0],[0],[3]],[[[0,"sl_en3202",{"rows":[["letterpair","1","Description","image","image","cat.png","cats.png","cat/cats.mp3","cow.png","cows.png","cow_cows.mp3","elephant.png","elephants.png","elephant_elphants.mp3","star.png","stars.png","star_stars.mp3","tooth.png","teeth.png","tooth_teeth.mp3","pencil.png","pencils.png","pencil_pencils.mp3"],["letterpair","1","Description","image","image","man.png","men.png","man/men.mp3","berry.png","berries.png","berry_berries.mp3","moose.png","moose.png","moose_moose.mp3","foot.png","feet.png","foot_feet.mp3","mouse.png","mice.png","mouse_mice.mp3","leaf.png","leaves.png","leaf_leaves.mp3"],["letterpair","1","Description","image","image","woman.png","women.png","woman/women.mp3","sheep.png","sheep.png","sheep_sheep.mp3","dress.png","dresses.png","dress_dresses.mp3","baby.png","babies.png","baby_babies.mp3","ox.png","oxen.png","ox_oxen.mp3","lion.png","lions.png","lion_lions.mp3"],["quizliteracy","1","Description","sentence_sentence","men","men","mans","manies","","man","choose_the_right_plural.mp3"],["quizliteracy","1","Description","sentence_sentence","sheep","sheeps","sheep","sheepies","","sheep","choose_the_right_plural.mp3"],["quizliteracy","1","Description","sentence_sentence","dresses","dressies","dress","dresses","","dress","choose_the_right_plural.mp3"]]}]],0,0,[],[],[]],[[{"name":"leaf","rect":[15,1,105,137],"offset":[-2.5,0.5],"originalSize":[140,140],"capInsets":[0,0,0,0]}],[0],0,[0],[0],[4]],[["0,9729,9729,33071,33071,0,0,1",-1],[1],0,[],[],[]],[[{"name":"woman","rect":[46,15,108,124],"offset":[3.5,-0.5],"originalSize":[193,153],"capInsets":[0,0,0,0]}],[0],0,[0],[0],[5]],[["0,9729,9729,33071,33071,0,0,1",-1],[1],0,[],[],[]],[[{"name":"feet","rect":[0,0,1534,1096],"offset":[0,0],"originalSize":[1534,1096],"capInsets":[0,0,0,0]}],[0],0,[0],[0],[6]],[[{"name":"star","rect":[1,22,139,104],"offset":[0.5,-4],"originalSize":[140,140],"capInsets":[0,0,0,0]}],[0],0,[0],[0],[7]],[[{"name":"lion","rect":[16,16,368,258],"offset":[0,0],"originalSize":[400,290],"capInsets":[0,0,0,0]}],[0],0,[0],[0],[8]],[["0,9729,9729,33071,33071,0,0,1",-1],[1],0,[],[],[]],[["0,9729,9729,33071,33071,0,0,1",-1],[1],0,[],[],[]],[["0,9729,9729,33071,33071,0,0,1",-1],[1],0,[],[],[]],[["0,9729,9729,33071,33071,0,0,1",-1],[1],0,[],[],[]],[["0,9729,9729,33071,33071,0,0,1",-1],[1],0,[],[],[]]]]