[1,["b4x3Y6FlJOfJyiaZqJlQfz","faU+FuOmBIxZjz3OJzVKHt","f3RlLHIFJC84nKzACYGG3p"],["_textureSetter"],["cc.SpriteFrame","cc.Texture2D",["cc.AudioClip",["_name","_native","duration"],0],["cc.JsonAsset",["_name","json"],1]],[[2,0,1,2,4],[3,0,1,3]],[[[[0,"ಸುಮಾ ಜೋಕಾಲಿ ಆಡಿದಳು",".mp3",1.776],-1],0,0,[],[],[]],[[[0,"ನಡೆಯುವುದು ದೇಹಕ್ಕೆ ಒಳ್ಳೆಯ ವ್ಯಾಯಾಮ",".mp3",2.232],-1],0,0,[],[],[]],[[{"name":"grandma","rect":[0,0,500,300],"offset":[0,0],"originalSize":[500,300],"capInsets":[0,0,0,0]}],[0],0,[0],[0],[0]],[[{"name":"walking_in_park","rect":[0,0,500,281],"offset":[0,0],"originalSize":[500,281],"capInsets":[0,0,0,0]}],[0],0,[0],[0],[1]],[[[0,"ಅಜ್ಜಿ ದಿನಾಲು ಸಂಜೆ ಹೂದೋಟಕ್ಕೆ ಹೋಗುತ್ತಿದ್ದರು",".mp3",3],-1],0,0,[],[],[]],[["0,9729,9729,33071,33071,0,0,1",-1],[1],0,[],[],[]],[[{"name":"girl_on_swing","rect":[0,0,500,279],"offset":[0,0],"originalSize":[500,279],"capInsets":[0,0,0,0]}],[0],0,[0],[0],[2]],[[[1,"kn3204",{"rows":[["createsentence","1","Description","ಅಜ್ಜಿ/ದಿನಾಲು/ಸಂಜೆ/ಹೂದೋಟಕ್ಕ/ ಹೋಗುತ್ತಿದ್ದರು","","grandma.png","ಅಜ್ಜಿ ದಿನಾಲು ಸಂಜೆ ಹೂದೋಟಕ್ಕೆ ಹೋಗುತ್ತಿದ್ದರು.mp3"],["createsentence","1","Description","ನಡೆಯುವುದು/ದೇಹಕ್ಕೆ/ಒಳ್ಳೆಯ/ವ್ಯಾಯಾಮ.","","walking_in_park.png","ನಡೆಯುವುದು ದೇಹಕ್ಕೆ ಒಳ್ಳೆಯ ವ್ಯಾಯಾಮ.mp3"],["createsentence","1","Description","ಸುಮಾ/ಜೋಕಾಲಿ/ಆಡಿದಳು","","girl_on_swing.png","ಸುಮಾ ಜೋಕಾಲಿ ಆಡಿದಳು.mp3"],["quizliteracy","1","Description","image_sentence","ಅಜ್ಜಿ ದಿನಾಲು ಸಂಜೆ ಹೂದೋಟಕ್ಕೆ ಹೋಗುತ್ತಿದ್ದರು","ಅಜ್ಜಿ ದಿನಾಲು ಸಂಜೆ ಹೂದೋಟಕ್ಕೆ ಹೋಗುತ್ತಿದ್ದರು","ನಡೆಯುವುದು ದೇಹಕ್ಕೆ ಒಳ್ಳೆಯ ವ್ಯಾಯಾಮ","ಸುಮಾ ಜೋಕಾಲಿ ಆಡಿದಳು","grandma.png","","ಅಜ್ಜಿ ದಿನಾಲು ಸಂಜೆ ಹೂದೋಟಕ್ಕೆ ಹೋಗುತ್ತಿದ್ದರು.mp3"],["quizliteracy","1","Description","sentence_sentence","ನಡೆಯುವುದು ದೇಹಕ್ಕೆ ಒಳ್ಳೆಯ ವ್ಯಾಯಾಮ","ಮಲಗುವುದು ದೇಹಕ್ಕೆ ಒಳ್ಳೆಯ ವ್ಯಾಯಾಮ","ನಡೆಯುವುದು ದೇಹಕ್ಕೆ ಒಳ್ಳೆಯ ವ್ಯಾಯಾಮ","ನಡೆಯುವುದು ದೇಹಕ್ಕೆ ಕೆಟ್ಟ ವ್ಯಾಯಾಮ","","ಸರಿಯಾದದನ್ನು ಆರಿಸಿ","ನಡೆಯುವುದು ದೇಹಕ್ಕೆ ಒಳ್ಳೆಯ ವ್ಯಾಯಾಮ.mp3"],["quizliteracy","1","Description","soundonly_sentence","ಸುಮಾ ಜೋಕಾಲಿ ಆಡಿದಳು","ಅಜ್ಜಿ ದಿನಾಲು ಸಂಜೆ ಹೂದೋಟಕ್ಕೆ ಹೋಗುತ್ತಿದ್ದರು","ನಡೆಯುವುದು ದೇಹಕ್ಕೆ ಒಳ್ಳೆಯ ವ್ಯಾಯಾಮ","ಸುಮಾ ಜೋಕಾಲಿ ಆಡಿದಳು","","","ಸುಮಾ ಜೋಕಾಲಿ ಆಡಿದಳು.mp3"]]}]],0,0,[],[],[]],[["0,9729,9729,33071,33071,0,0,1",-1],[1],0,[],[],[]],[["0,9729,9729,33071,33071,0,0,1",-1],[1],0,[],[],[]]]]