[1,["73m7pASs9NebzkeJvThRGW","c3mCnbxylD65SMEPwy2/na","15J2Qd9zVO1rrO6XsrZmJ4","c1I0skJ4hJIaCHwBLKK9YQ","32oHV2JeRKJq4GlXCiRZUu","9f++oIKzNCrYSF+tAbWTiD","97OYDtV+5HBYKJFCBbmXsJ","8aRks2HIxAE50mKGNLv6sD"],["_textureSetter"],["cc.Texture2D","cc.SpriteFrame",["cc.AudioClip",["_name","_native","duration"],0],["cc.JsonAsset",["_name","json"],1]],[[2,0,1,2,4],[3,0,1,3]],[[[[0,"run",".mp3",0.84],-1],0,0,[],[],[]],[["0,9729,9729,33071,33071,0,0,1",-1],[0],0,[],[],[]],[[{"name":"clap","rect":[0,0,489,512],"offset":[0,0],"originalSize":[489,512],"capInsets":[0,0,0,0]}],[1],0,[0],[0],[0]],[[{"name":"cook","rect":[0,0,512,406],"offset":[0,0],"originalSize":[512,406],"capInsets":[0,0,0,0]}],[1],0,[0],[0],[1]],[["0,9729,9729,33071,33071,0,0,1",-1],[0],0,[],[],[]],[[{"name":"swim","rect":[0,0,512,418],"offset":[0,0],"originalSize":[512,418],"capInsets":[0,0,0,0]}],[1],0,[0],[0],[2]],[["0,9729,9729,33071,33071,0,0,1",-1],[0],0,[],[],[]],[[{"name":"play","rect":[0,0,311,512],"offset":[0,0],"originalSize":[311,512],"capInsets":[0,0,0,0]}],[1],0,[0],[0],[3]],[[{"name":"drink","rect":[0,0,512,512],"offset":[0,0],"originalSize":[512,512],"capInsets":[0,0,0,0]}],[1],0,[0],[0],[4]],[["0,9729,9729,33071,33071,0,0,1",-1],[0],0,[],[],[]],[[[0,"eat",".mp3",0.792],-1],0,0,[],[],[]],[["0,9729,9729,33071,33071,0,0,1",-1],[0],0,[],[],[]],[["0,9729,9729,33071,33071,0,0,1",-1],[0],0,[],[],[]],[[[0,"clap",".mp3",0.912],-1],0,0,[],[],[]],[[[0,"cook",".mp3",0.744],-1],0,0,[],[],[]],[["0,9729,9729,33071,33071,0,0,1",-1],[0],0,[],[],[]],[["0,9729,9729,33071,33071,0,0,1",-1],[0],0,[],[],[]],[[[0,"play",".mp3",0.768],-1],0,0,[],[],[]],[[{"name":"eat","rect":[12,40,486,408],"offset":[-1,7.5],"originalSize":[512,503],"capInsets":[0,0,0,0]}],[1],0,[0],[0],[5]],[[{"name":"ride","rect":[0,0,729,795],"offset":[0,0],"originalSize":[729,795],"capInsets":[0,0,0,0]}],[1],0,[0],[0],[6]],[[[0,"ride",".mp3",0.936],-1],0,0,[],[],[]],[[{"name":"run","rect":[0,0,411,512],"offset":[0,0],"originalSize":[411,512],"capInsets":[0,0,0,0]}],[1],0,[0],[0],[7]],[[[1,"en2607",{"rows":[["spelldoor","1","Description","ride","r*de","0","1","ride.png","ride.mp3"],["spelldoor","1","Description","play","p***","2","1","play.png","play.mp3"],["openwindow","1","Description","LEGIT","eat","eat.png","drink.png","eat.mp3","abcdefghijklmnopqrstuvwxyz"],["rocket","1","Description","clap","c,l,a,p","c,l,a,p","clap.mp3","clap.png","False","False"],["openwindow","1","Description","LEGIT","run","run.png","swim.png","run.mp3","abcdefghijklmnopqrstuvwxyz"],["spelldoor","1","Description","cook","coo*","0","1","cook.png","cook.mp3"],["quizliteracy","1","Description","image_word","play","cook","clap","play","play.png"],["quizliteracy","1","Description","image_word","clap","clap","play","cook","clap.png"],["quizliteracy","1","Description","image_word","cook","play","cook","clap","cook.png"]]}]],0,0,[],[],[]]]]