[1,["9e6ctcbD5Nprd6HmfXv+u/","290FJ7HKxD/I2Y+YH3NXnz","d4YkkxSPFBao/MsP4f6OTf","c5PBh3ra1MabMSsFCI2P/k","d7t8NhbqVPP798gz2f03qY","2aACDrf/NNdp7yfj93Kg8x","6dZdbd1iZDcq8ChJaaUKyr","f1pI4bFghPfpDkYKNZnugD"],["_textureSetter"],["cc.Texture2D","cc.SpriteFrame",["cc.AudioClip",["_name","_native","duration"],0],["cc.JsonAsset",["_name","json"],1]],[[2,0,1,2,4],[3,0,1,3]],[[[[0,"दूध",".mp3",0.548571],-1],0,0,[],[],[]],[[[0,"चॉकलेट",".mp3",0.757551],-1],0,0,[],[],[]],[[[0,"चित्रकार",".mp3",0.835918],-1],0,0,[],[],[]],[[[0,"खिलौने",".mp3",0.914286],-1],0,0,[],[],[]],[[[0,"बाल्टी",".mp3",0.914286],-1],0,0,[],[],[]],[[[0,"व्यंजन",".mp3",0.862041],-1],0,0,[],[],[]],[[[0,"बेलन",".mp3",0.731429],-1],0,0,[],[],[]],[[[0,"अमरूद",".mp3",0.653061],-1],0,0,[],[],[]],[[[1,"hi1401",{"rows":[["tag","1","Description","image_10_1.jpg","व्यंजन","713.-1513","व्यंजन.mp3","अंडा","1261.-812","अंडा.mp3","दूध","1304.-1176","दूध.mp3","आटा","397.-879","आटा.mp3","चीनी","898.-506","चीनी.mp3","मक्खन","641.-1154","मक्खन.mp3"],["tag","1","Description","image_10_2.jpg","चित्रकारी","719.-1488","चित्रकारी.mp3","रंग","1251.-733","रंग.mp3","ब्रश","306.-733","ब्रश.mp3","बेलन","367.-1090","बेलन.mp3","चित्रकार","1175.-1082","चित्रकार.mp3"],["tag","1","Description","image_10_3.jpg","मछली पकड़ना","1073.-497","मछली_पकडना.mp3","मछली","1162.-772","मछली.mp3","बंसी","1226.-1296","बंसी.mp3","बाल्टी","309.-1150","बाल्टी.mp3","मछुआ","477.-882","मछुआ.mp3"],["tag","1","Description","image_10_4.jpg","फ़ुटबॉल","294.-489","फ़ुटबॉल.mp3","लक्ष्य","918.-1249","लक्ष्य.mp3","गोलकीपर","1280.-1011","गोलकीपर.mp3","फ़ुटबॉल किकर","530.-933","फ़ुटबॉल_किकर.mp3","मैदान","1101.-661","मैदान.mp3"],["tag","1","Description","image_21_1.jpg","भोजन","280.-1520","भोजन.mp3","लाल मिर्च","1216.-777","लाल_मिर्च.mp3","आइसक्रीम","332.-1244","आइसक्रीम.mp3","नींबू","339.-844","नींबू.mp3","चॉकलेट","1217.-1249","चॉकलेट.mp3"],["tag","1","Description","image_21_2.jpg","सब्ज़ियाँ","280.-1520","सब्जियां.mp3","गाजर","1296.-1025","गाजर.mp3","बैंगन","405.-592","बैंगन.mp3","मिर्च","247.-1197","मिर्च.mp3","ब्रोकोली","962.-1295","ब्रोकोली.mp3"],["tag","1","Description","image_21_3.jpg","फल","280.-1520","फल.mp3","अनार","520.-1263","अनार.mp3","पपीता","1325.-1082","पपीता.mp3","कटहल","1176.-475","कटहल.mp3","अमरूद","403.-424","अमरूद.mp3"],["tag","1","Description","image_21_4.jpg","खिलौने","280.-1520","खिलौने.mp3","रोबोट","583.-529","रोबोट.mp3","गाड़ी","383.-997","गाडी.mp3","कंचे","1249.-1302","कंचे.mp3","ब्लॉक","1256.-603","ब्लॉक.mp3"],["fillblank","1","Description","जतिन और  केया [आलू] पसंद करते हैं।","जतिन_और_केया_आलू_पसंद_करते_हैं.mp3","गाजर ","टमाटर ","मूली  ","15"],["fillblank","1","Description","[आम] अच्छे दिख रहे हैं।","आम_अच्छे_दिख_रहे_हैं.mp3","अमरूद","सेब","केला","10"],["fillblank","1","Description","वह कुछ [केले] खरीदेगी।","वह_कुछ_केले_खरीदेगी.mp3","अमरूद","पपीत","अंगूर","15"],["quizliteracy","1","Description","sentence_sentence","फल","फल","वह","तू","","संज्ञा शब्द चुनें","संज्ञा_शब्द_चुनें.mp3"],["quizliteracy","1","Description","sentence_sentence","पपीता","पपीता","मैंने","आप","","संज्ञा शब्द चुनें","संज्ञा_शब्द_चुनें.mp3"],["quizliteracy","1","Description","sentence_sentence","मछली","वह","मछली","बंसी","","संज्ञा शब्द चुनें","संज्ञा_शब्द_चुनें.mp3"],["quizliteracy","1","Description","sentence_sentence","बैंगन","उसे","क्या","बैंगन","","संज्ञा शब्द चुनें","संज्ञा_शब्द_चुनें.mp3"]]}]],0,0,[],[],[]],[[[0,"आइसक्रीम",".mp3",0.914286],-1],0,0,[],[],[]],[[[0,"संज्ञा_शब्द_चुनें",".mp3",2.592],-1],0,0,[],[],[]],[["1,9729,9729,33071,33071,0,0,1",-1],[0],0,[],[],[]],[["1,9729,9729,33071,33071,0,0,1",-1],[0],0,[],[],[]],[[{"name":"image_21_2","rect":[0,0,845,695],"offset":[0,0],"originalSize":[845,695],"capInsets":[0,0,0,0]}],[1],0,[0],[0],[0]],[[[0,"चित्रकारी",".mp3",1.044898],-1],0,0,[],[],[]],[[[0,"फ़ुटबॉल_किकर",".mp3",1.28],-1],0,0,[],[],[]],[[[0,"मछली",".mp3",0.757551],-1],0,0,[],[],[]],[[[0,"गाजर",".mp3",0.783673],-1],0,0,[],[],[]],[[[0,"मिर्च",".mp3",0.731429],-1],0,0,[],[],[]],[[[0,"ब्लॉक",".mp3",0.626939],-1],0,0,[],[],[]],[[[0,"जतिन_और_केया_आलू_पसंद_करते_हैं",".mp3",3.291429],-1],0,0,[],[],[]],[[{"name":"image_10_1","rect":[0,0,845,695],"offset":[0,0],"originalSize":[845,695],"capInsets":[0,0,0,0]}],[1],0,[0],[0],[1]],[[[0,"अंडा",".mp3",0.757551],-1],0,0,[],[],[]],[[[0,"लाल_मिर्च",".mp3",1.097143],-1],0,0,[],[],[]],[[[0,"ब्रश",".mp3",0.731429],-1],0,0,[],[],[]],[[[0,"बंसी",".mp3",0.835918],-1],0,0,[],[],[]],[[[0,"भोजन",".mp3",0.835918],-1],0,0,[],[],[]],[[[0,"वह_कुछ_केले_खरीदेगी",".mp3",2.272653],-1],0,0,[],[],[]],[[[0,"ब्रोकोली",".mp3",0.731429],-1],0,0,[],[],[]],[[[0,"मछली_पकडना",".mp3",1.332245],-1],0,0,[],[],[]],[[[0,"चीनी",".mp3",0.783673],-1],0,0,[],[],[]],[[[0,"कटहल",".mp3",0.600816],-1],0,0,[],[],[]],[[[0,"गाडी",".mp3",0.783673],-1],0,0,[],[],[]],[["1,9729,9729,33071,33071,0,0,1",-1],[0],0,[],[],[]],[[{"name":"image_10_4","rect":[0,0,845,695],"offset":[0,0],"originalSize":[845,695],"capInsets":[0,0,0,0]}],[1],0,[0],[0],[2]],[[{"name":"image_21_3","rect":[0,0,845,695],"offset":[0,0],"originalSize":[845,695],"capInsets":[0,0,0,0]}],[1],0,[0],[0],[3]],[[[0,"रोबोट",".mp3",0.862041],-1],0,0,[],[],[]],[[[0,"सब्जियां",".mp3",0.862041],-1],0,0,[],[],[]],[[[0,"रंग",".mp3",0.626939],-1],0,0,[],[],[]],[[{"name":"image_10_2","rect":[0,0,845,695],"offset":[0,0],"originalSize":[845,695],"capInsets":[0,0,0,0]}],[1],0,[0],[0],[4]],[["1,9729,9729,33071,33071,0,0,1",-1],[0],0,[],[],[]],[[[0,"गोलकीपर",".mp3",0.888163],-1],0,0,[],[],[]],[[[0,"बैंगन",".mp3",0.809796],-1],0,0,[],[],[]],[[[0,"मक्खन",".mp3",0.783673],-1],0,0,[],[],[]],[[{"name":"image_21_4","rect":[0,0,845,695],"offset":[0,0],"originalSize":[845,695],"capInsets":[0,0,0,0]}],[1],0,[0],[0],[5]],[[[0,"पपीता",".mp3",0.731429],-1],0,0,[],[],[]],[[[0,"मैदान",".mp3",2.272653],-1],0,0,[],[],[]],[[[0,"अनार",".mp3",0.679184],-1],0,0,[],[],[]],[[[0,"कंचे",".mp3",0.936],-1],0,0,[],[],[]],[[[0,"नींबू",".mp3",0.783673],-1],0,0,[],[],[]],[[[0,"आटा",".mp3",0.731429],-1],0,0,[],[],[]],[[[0,"फल",".mp3",0.548571],-1],0,0,[],[],[]],[["1,9729,9729,33071,33071,0,0,1",-1],[0],0,[],[],[]],[["1,9729,9729,33071,33071,0,0,1",-1],[0],0,[],[],[]],[[[0,"पत्थर",".mp3",0.757551],-1],0,0,[],[],[]],[[{"name":"image_10_3","rect":[0,0,845,695],"offset":[0,0],"originalSize":[845,695],"capInsets":[0,0,0,0]}],[1],0,[0],[0],[6]],[["1,9729,9729,33071,33071,0,0,1",-1],[0],0,[],[],[]],[[[0,"मछुआ",".mp3",0.835918],-1],0,0,[],[],[]],[[[0,"आम_अच्छे_दिख_रहे_हैं",".mp3",1.880816],-1],0,0,[],[],[]],[[[0,"फ़ुटबॉल",".mp3",0.809796],-1],0,0,[],[],[]],[[{"name":"image_21_1","rect":[0,0,845,695],"offset":[0,0],"originalSize":[845,695],"capInsets":[0,0,0,0]}],[1],0,[0],[0],[7]],[[[0,"लक्ष्य",".mp3",0.731429],-1],0,0,[],[],[]],[["1,9729,9729,33071,33071,0,0,1",-1],[0],0,[],[],[]]]]