[1,["8c7qSzZMdH5JCS9QT9tCsZ","91cuRUnY9MxItHlfmctXKz","7ckG9zR+1ITK6F7axPTOLH","fdl73cOHJN74UW8Prsz4bj","67XMsPrhFKQZerdWCfEZVj","a6JJk3n0tGUY4d3ZWFiWUw","20eBXzcEFHZZMsWRD/4C2R","00MElRFW1CqaoxLxznzNK5","ecCGoAr+pEH5yegth9aZ8w","4790Fz4QZLwo2zaZqYQcIe","95bSop7KpOZIPSAjpZ7ODL","a71pNvE7hHKIASUBg8I0xF","5dgqdiRLdPo7W672ilGuWq","81cnXVQzJDloWIKF5dTkrd","fbuEFj8yVHn7j68t6fhYmL","35XHfcwkhM95iSRmGSKSNI","12e44M4b5GY5NBAbDkRdCE","bbrnc3cfdHtrbFdCBl9Nt+","ea6IOyEihJ/qkaiuHdYt8G","01nUSuWcpCdYG11s/UY4BJ","2blC1N52FMeqEZ4CQITrjo","02hfcWgJlA3JXcG3qUt2xD","6bPLU2mARO9Jcu6uljDxkM"],["_textureSetter"],["cc.Texture2D","cc.SpriteFrame",["cc.AudioClip",["_name","_native","duration"],0],["cc.JsonAsset",["_name","json"],1]],[[2,0,1,2,4],[3,0,1,3]],[[["0,9729,9729,33071,33071,0,0,1",-1],[0],0,[],[],[]],[["0,9729,9729,33071,33071,0,0,1",-1],[0],0,[],[],[]],[["0,9729,9729,33071,33071,0,0,1",-1],[0],0,[],[],[]],[[{"name":"elephant","rect":[0,0,640,480],"offset":[0,0],"originalSize":[640,480],"capInsets":[0,0,0,0]}],[1],0,[0],[0],[0]],[[{"name":"cloud","rect":[0,0,640,480],"offset":[0,0],"originalSize":[640,480],"capInsets":[0,0,0,0]}],[1],0,[0],[0],[1]],[["0,9729,9729,33071,33071,0,0,1",-1],[0],0,[],[],[]],[[{"name":"here","rect":[0,115,640,300],"offset":[0,-25],"originalSize":[640,480],"capInsets":[0,0,0,0]}],[1],0,[0],[0],[2]],[[{"name":"sun","rect":[0,0,640,427],"offset":[0,0],"originalSize":[640,427],"capInsets":[0,0,0,0]}],[1],0,[0],[0],[3]],[[{"name":"jasmine","rect":[0,0,640,480],"offset":[0,0],"originalSize":[640,480],"capInsets":[0,0,0,0]}],[1],0,[0],[0],[4]],[[{"name":"fruits","rect":[0,0,640,426],"offset":[0,0],"originalSize":[640,426],"capInsets":[0,0,0,0]}],[1],0,[0],[0],[5]],[["0,9729,9729,33071,33071,0,0,1",-1],[0],0,[],[],[]],[[[0,"मामी ",".mp3",0.966531],-1],0,0,[],[],[]],[["0,9729,9729,33071,33071,0,0,1",-1],[0],0,[],[],[]],[["0,9729,9729,33071,33071,0,0,1",-1],[0],0,[],[],[]],[[{"name":"fast","rect":[0,65,617,326],"offset":[-11.5,-15.5],"originalSize":[640,425],"capInsets":[0,0,0,0]}],[1],0,[0],[0],[6]],[[{"name":"aunt","rect":[0,0,640,640],"offset":[0,0],"originalSize":[640,640],"capInsets":[0,0,0,0]}],[1],0,[0],[0],[7]],[["0,9729,9729,33071,33071,0,0,1",-1],[0],0,[],[],[]],[[{"name":"traditionallamp","rect":[163,0,274,600],"offset":[0,0],"originalSize":[600,600],"capInsets":[0,0,0,0]}],[1],0,[0],[0],[8]],[[[1,"mr0704",{"rows":[["openwindow","1","Description","LEGIT","मे,घ,ना","cloud.png","animals.png","मेघना.mp3","मे,घ,ना"],["openwindow","1","Description","LEGIT","इ,रा","earth.png","sun.png","इरा.mp3","इ,रा"],["openwindow","1","Description","LEGIT","इ,क,डे","here.png","stone.png","इकडे.mp3","इ,क,डे"],["openwindow","1","Description","LEGIT","घ,म,घ,म","fast.png","building.png","घमघम.mp3","घ,म,घ,म"],["openwindow","1","Description","LEGIT","इ,थे","here.png","forest.png","इते.mp3","इ,थे"],["openwindow","1","Description","LEGIT","स,म,ई","traditionallamp.png","man.png","समई.mp3","स,म,ई"],["openwindow","1","Description","LEGIT","पे,रू","guava.png","girl.png","पेरू .mp3","पे,रू"],["openwindow","1","Description","LEGIT","स,न,ई","sanai.png","pond.png","सनई.mp3","स,न,ई"],["openwindow","1","Description","LEGIT","गा,र,वा","cold.png","rose.png","गारवा.mp3","गा,र,वा"],["openwindow","1","Description","LEGIT","जा,ई","jasmine.png","daughter.png","जाई .mp3","जा,ई"],["openwindow","1","Description","LEGIT","क,डु,निं,ब","neem.png","elephant.png","कडुनिंब.mp3","क,डु,निं,ब"],["openwindow","1","Description","LEGIT","मा,मी","aunt.png","fruits.png","मामी .mp3","मा,मी"],["quizliteracy","1","Description","image_word","मामी","जाई","पेरू","मामी","aunt.png"],["quizliteracy","1","Description","image_word","पेरू","पेरू","मामी","जाई","guava.png"],["quizliteracy","1","Description","image_word","जाई","मामी","जाई","पेरू","jasmine.png"]]}]],0,0,[],[],[]],[[[0,"कडुनिंब",".mp3",1.201633],-1],0,0,[],[],[]],[[[0,"सनई",".mp3",1.097143],-1],0,0,[],[],[]],[["0,9729,9729,33071,33071,0,0,1",-1],[0],0,[],[],[]],[[{"name":"guava","rect":[7,174,593,386],"offset":[3.5,-67],"originalSize":[600,600],"capInsets":[0,0,0,0]}],[1],0,[0],[0],[9]],[[{"name":"pond","rect":[0,0,640,509],"offset":[0,0],"originalSize":[640,509],"capInsets":[0,0,0,0]}],[1],0,[0],[0],[10]],[["0,9729,9729,33071,33071,0,0,1",-1],[0],0,[],[],[]],[[[0,"समई",".mp3",1.17551],-1],0,0,[],[],[]],[["0,9729,9729,33071,33071,0,0,1",-1],[0],0,[],[],[]],[[[0,"मेघना",".mp3",0.966531],-1],0,0,[],[],[]],[["0,9729,9729,33071,33071,0,0,1",-1],[0],0,[],[],[]],[["0,9729,9729,33071,33071,0,0,1",-1],[0],0,[],[],[]],[[{"name":"building","rect":[0,0,480,640],"offset":[0,0],"originalSize":[480,640],"capInsets":[0,0,0,0]}],[1],0,[0],[0],[11]],[["0,9729,9729,33071,33071,0,0,1",-1],[0],0,[],[],[]],[[{"name":"stone","rect":[0,0,640,480],"offset":[0,0],"originalSize":[640,480],"capInsets":[0,0,0,0]}],[1],0,[0],[0],[12]],[[[0,"इकडे",".mp3",0.914286],-1],0,0,[],[],[]],[["0,9729,9729,33071,33071,0,0,1",-1],[0],0,[],[],[]],[["0,9729,9729,33071,33071,0,0,1",-1],[0],0,[],[],[]],[[{"name":"rose","rect":[0,0,640,480],"offset":[0,0],"originalSize":[640,480],"capInsets":[0,0,0,0]}],[1],0,[0],[0],[13]],[[[0,"गारवा",".mp3",1.097143],-1],0,0,[],[],[]],[[{"name":"girl","rect":[0,0,427,640],"offset":[0,0],"originalSize":[427,640],"capInsets":[0,0,0,0]}],[1],0,[0],[0],[14]],[[[0,"घमघम",".mp3",1.018776],-1],0,0,[],[],[]],[[[0,"पेरू ",".mp3",0.862041],-1],0,0,[],[],[]],[[{"name":"sanai","rect":[0,0,640,366],"offset":[0,0],"originalSize":[640,366],"capInsets":[0,0,0,0]}],[1],0,[0],[0],[15]],[["0,9729,9729,33071,33071,0,0,1",-1],[0],0,[],[],[]],[[[0,"इरा",".mp3",0.835918],-1],0,0,[],[],[]],[["0,9729,9729,33071,33071,0,0,1",-1],[0],0,[],[],[]],[[{"name":"man","rect":[0,0,640,640],"offset":[0,0],"originalSize":[640,640],"capInsets":[0,0,0,0]}],[1],0,[0],[0],[16]],[["0,9729,9729,33071,33071,0,0,1",-1],[0],0,[],[],[]],[[{"name":"animals","rect":[20,18,568,564],"offset":[4,0],"originalSize":[600,600],"capInsets":[0,0,0,0]}],[1],0,[0],[0],[17]],[[{"name":"daughter","rect":[0,0,640,640],"offset":[0,0],"originalSize":[640,640],"capInsets":[0,0,0,0]}],[1],0,[0],[0],[18]],[[{"name":"earth","rect":[0,0,640,640],"offset":[0,0],"originalSize":[640,640],"capInsets":[0,0,0,0]}],[1],0,[0],[0],[19]],[[{"name":"forest","rect":[0,0,640,427],"offset":[0,0],"originalSize":[640,427],"capInsets":[0,0,0,0]}],[1],0,[0],[0],[20]],[[[0,"जाई ",".mp3",0.914286],-1],0,0,[],[],[]],[[[0,"इते",".mp3",0.914286],-1],0,0,[],[],[]],[[{"name":"neem","rect":[0,0,640,360],"offset":[0,0],"originalSize":[640,360],"capInsets":[0,0,0,0]}],[1],0,[0],[0],[21]],[["0,9729,9729,33071,33071,0,0,1",-1],[0],0,[],[],[]],[["0,9729,9729,33071,33071,0,0,1",-1],[0],0,[],[],[]],[[{"name":"cold","rect":[0,0,640,425],"offset":[0,0],"originalSize":[640,425],"capInsets":[0,0,0,0]}],[1],0,[0],[0],[22]],[["0,9729,9729,33071,33071,0,0,1",-1],[0],0,[],[],[]],[["0,9729,9729,33071,33071,0,0,1",-1],[0],0,[],[],[]]]]