[1,["3cl71WIIdEnKMu0ckve9Yc","f4XV0/ZeJKTJX8uyiwGbjw","88oDIn9yJOa7DUaVWTTt+d"],["_textureSetter"],["cc.Texture2D","cc.SpriteFrame",["cc.AudioClip",["_name","_native","duration"],0],["cc.JsonAsset",["_name","json"],1]],[[2,0,1,2,4],[3,0,1,3]],[[[[0,"फ",".mp3",0.574694],-1],0,0,[],[],[]],[[[0,"रज",".mp3",0.600816],-1],0,0,[],[],[]],[[[0,"रख",".mp3",0.548571],-1],0,0,[],[],[]],[[[0,"स्वर्ग",".mp3",0.757551],-1],0,0,[],[],[]],[[[0,"पालिश",".mp3",0.679184],-1],0,0,[],[],[]],[[[0,"प्रदेश",".mp3",0.809796],-1],0,0,[],[],[]],[[[0,"ओंच",".mp3",0.600816],-1],0,0,[],[],[]],[["0,9729,9729,33071,33071,0,0,1",-1],[0],0,[],[],[]],[[[0,"वाह",".mp3",0.444082],-1],0,0,[],[],[]],[[[0,"पक्ष",".mp3",0.600816],-1],0,0,[],[],[]],[[[0,"ढ़",".mp3",1.28],-1],0,0,[],[],[]],[[[0,"उठ",".mp3",0.470204],-1],0,0,[],[],[]],[[[0,"मूरख",".mp3",0.679184],-1],0,0,[],[],[]],[[[1,"hi1106",{"rows":[["speakingpet","1","Description","र्ग.mp3","च.mp3","स्वर्ग","स्वर्ग.mp3","A","3,4","मार्ग","मार्ग.mp3","A","2,3","चोंच","चोंच.mp3","B","2","खोंच","खोंच.mp3","B","2"],["speakingpet","1","Description","रख.mp3","फ.mp3","परख","परख.mp3","A","2,3","रखना","रखना.mp3","A","2,3","साफ़","साफ.mp3","B","2","माफ़","माफ.mp3","B","2"],["speakingpet","1","Description","ढ़.mp3","वाह.mp3","बाढ़","बाढ़.mp3","A","2","गाढ़ा","गाढ़ा.mp3","A","2","गवाह","गवाह.mp3","B","2,3","विवाह","विवाह.mp3","B","2,3"],["speakingpet","1","Description","ठ.mp3","ख.mp3","झूठ","झूठ.mp3","A","2","उठ","उठ.mp3","A","2","भीख","भीख.mp3","B","2","चीख","चीख.mp3","B","2"],["speakingpet","1","Description","देश.mp3","क्ष.mp3","प्रदेश","प्रदेश.mp3","A","3,4","निदेश","निदेश.mp3","A","2,3","लक्ष","लक्ष.mp3","B","2,3","पक्ष","पक्ष.mp3","B","2,3"],["speakingpet","1","Description","लिश.mp3","रज.mp3","मालिश","मालिश.mp3","A","2,3","पालिश","पालिश.mp3","A","2,3","धीरज","धीरज.mp3","B","2,3","सूरज","सूरज.mp3","B","2,3"],["rocket","1","Description","छिपकली","छि,प,क,ली","छि,प,क,ली","छिपकली.mp3","छिपकली.png","false ","true "],["rocket","1","Description","नमस्ते","न,म,स्ते","न,म,स्ते","नमस्ते.mp3","नमस्ते.png","false ","true "],["rocket","1","Description","महासागर","म,हा,सा,ग,र","म,हा,सा,ग,र","महासागर.mp3","महासागर.png","false ","true "],["quizliteracy","1","Description","soundonly_word","मार्ग","झूठ","मार्ग","छिपकली","","","मार्ग.mp3"],["quizliteracy","1","Description","word_word","झूठ","छिपकली","झूठ","मार्ग","","झूठ"],["quizliteracy","1","Description","soundonly_word","छिपकली","मार्ग","छिपकली","झूठ","","","छिपकली.mp3"]]}]],0,0,[],[],[]],[[[0,"महासागर",".mp3",1.253878],-1],0,0,[],[],[]],[[{"name":"छिपकली","rect":[0,0,206,245],"offset":[0,0],"originalSize":[206,245],"capInsets":[0,0,0,0]}],[1],0,[0],[0],[0]],[[[0,"खोंच",".mp3",0.679184],-1],0,0,[],[],[]],[[{"name":"महासागर","rect":[0,0,271,271],"offset":[0,0],"originalSize":[271,271],"capInsets":[0,0,0,0]}],[1],0,[0],[0],[1]],[[[0,"ख",".mp3",0.600816],-1],0,0,[],[],[]],[[[0,"चीख",".mp3",0.574694],-1],0,0,[],[],[]],[[[0,"गाढ़ा",".mp3",1.008],-1],0,0,[],[],[]],[[[0,"परख",".mp3",0.600816],-1],0,0,[],[],[]],[[[0,"मालिश",".mp3",0.835918],-1],0,0,[],[],[]],[[[0,"लक्ष",".mp3",0.731429],-1],0,0,[],[],[]],[["0,9729,9729,33071,33071,0,0,1",-1],[0],0,[],[],[]],[[[0,"विवाह",".mp3",0.653061],-1],0,0,[],[],[]],[[[0,"देश",".mp3",0.679184],-1],0,0,[],[],[]],[[[0,"गाढ",".mp3",0.548571],-1],0,0,[],[],[]],[[[0,"धीरज",".mp3",0.835918],-1],0,0,[],[],[]],[[[0,"आढ",".mp3",0.522449],-1],0,0,[],[],[]],[[[0,"लिश",".mp3",0.936],-1],0,0,[],[],[]],[[[0,"छिपकली",".mp3",2.847347],-1],0,0,[],[],[]],[[[0,"क्ष",".mp3",0.444082],-1],0,0,[],[],[]],[[[0,"माफ",".mp3",0.653061],-1],0,0,[],[],[]],[[[0,"मार्ग",".mp3",2.377143],-1],0,0,[],[],[]],[[[0,"चोंच",".mp3",0.653061],-1],0,0,[],[],[]],[[[0,"ठ",".mp3",0.574694],-1],0,0,[],[],[]],[[{"name":"नमस्ते","rect":[0,0,271,271],"offset":[0,0],"originalSize":[271,271],"capInsets":[0,0,0,0]}],[1],0,[0],[0],[2]],[[[0,"झूठ",".mp3",0.653061],-1],0,0,[],[],[]],[[[0,"बाढ",".mp3",0.574694],-1],0,0,[],[],[]],[[[0,"साफ",".mp3",0.626939],-1],0,0,[],[],[]],[[[0,"गवाह",".mp3",0.809796],-1],0,0,[],[],[]],[[[0,"नमस्ते",".mp3",1.018776],-1],0,0,[],[],[]],[[[0,"सूरज",".mp3",0.835918],-1],0,0,[],[],[]],[[[0,"र्ग",".mp3",0.496327],-1],0,0,[],[],[]],[[[0,"निदेश",".mp3",0.888163],-1],0,0,[],[],[]],[[[0,"च",".mp3",1.332245],-1],0,0,[],[],[]],[["0,9729,9729,33071,33071,0,0,1",-1],[0],0,[],[],[]],[[[0,"भीख",".mp3",0.679184],-1],0,0,[],[],[]]]]