[1,["a9Ekruu6NKcaI/H8GXBqSH","bduSp6tUFE8ZsBtZcBljVl","81BMXktEFPUq2TZMBjxyry","5eisVpZMFFMrnXNsn1DZKz","5d0emq8sJNLoCIgZFsT0VE","c5YuSOL5RIXo5tz4HbpiJF","b12+LDiyFHLpDTfk9s8zkH","73H7GjWOBEQ4HyloR2Y6N+"],["_textureSetter"],["cc.SpriteFrame","cc.Texture2D",["cc.AudioClip",["_name","_native","duration"],0],["cc.JsonAsset",["_name","json"],1]],[[2,0,1,2,4],[3,0,1,3]],[[[{"name":"I_wrote_my_exam_yesterday","rect":[0,0,512,512],"offset":[0,0],"originalSize":[512,512],"capInsets":[0,0,0,0]}],[0],0,[0],[0],[0]],[[{"name":"Yesterday_I_fell_down","rect":[0,0,1133,965],"offset":[0,0],"originalSize":[1133,965],"capInsets":[0,0,0,0]}],[0],0,[0],[0],[1]],[[{"name":"We_will_study_tomorrow","rect":[0,0,740,740],"offset":[0,0],"originalSize":[740,740],"capInsets":[0,0,0,0]}],[0],0,[0],[0],[2]],[[[0,"Tomorrow_is_a_holiday",".mp3",1.619592],-1],0,0,[],[],[]],[[{"name":"It_is_going_to_rain_tomorrow","rect":[0,0,512,512],"offset":[0,0],"originalSize":[512,512],"capInsets":[0,0,0,0]}],[0],0,[0],[0],[3]],[[{"name":"We_played_yesterday","rect":[0,0,740,740],"offset":[0,0],"originalSize":[740,740],"capInsets":[0,0,0,0]}],[0],0,[0],[0],[4]],[["0,9729,9729,33071,33071,0,0,1",-1],[1],0,[],[],[]],[["0,9729,9729,33071,33071,0,0,1",-1],[1],0,[],[],[]],[["0,9729,9729,33071,33071,0,0,1",-1],[1],0,[],[],[]],[[[1,"sl_en3615",{"rows":[["createsentence","1","Description","I/wrote/my/exam/yesterday.","","I_wrote_my_exam_yesterday.png","I_wrote_my_exam_yesterday.mp3"],["createsentence","1","Description","I/play/today.","","I_play_today.png","I_play_today.mp3"],["createsentence","1","Description","Tomorrow/is/a/holiday.","","Tomorrow_is_a_holiday.png","Tomorrow_is_a_holiday.mp3"],["createsentence","1","Description","Yesterday/I/fell/down.","","Yesterday_I_fell_down.png","Yesterday_I_fell_down.mp3"],["createsentence","1","Description","It/is/going/to/rain/tomorrow.","","It_is_going_to_rain_tomorrow.png","It_is_going_to_rain_tomorrow.mp3"],["createsentence","1","Description","She/is/eating/bread/today.","","She_is_eating_bread_today.png","She_is_eating_bread_today.mp3"],["createsentence","1","Description","We/will/study/tomorrow.","","We_will_study_tomorrow.png","We_will_study_tomorrow.mp3"],["createsentence","1","Description","We/played/yesterday.","","We_played_yesterday.png","We_played_yesterday.mp3"],["quizliteracy","1","Description","sentence_sentence","play","play","played","playing","","I ____ today.","I_play_today.mp3"],["quizliteracy","1","Description","sentence_sentence","fell","fall","fell","falling","","Yesterday I ____ down.","Yesterday_I_fell_down.mp3"],["quizliteracy","1","Description","sentence_sentence","played","playing","play","played","","We ______ yesterday.","We_played_yesterday.mp3"]]}]],0,0,[],[],[]],[[{"name":"I_play_today","rect":[0,0,344,512],"offset":[0,0],"originalSize":[344,512],"capInsets":[0,0,0,0]}],[0],0,[0],[0],[5]],[[{"name":"She_is_eating_bread_today","rect":[0,0,512,512],"offset":[0,0],"originalSize":[512,512],"capInsets":[0,0,0,0]}],[0],0,[0],[0],[6]],[["0,9729,9729,33071,33071,0,0,1",-1],[1],0,[],[],[]],[[[0,"She_is_eating_bread_today",".mp3",2.56],-1],0,0,[],[],[]],[[[0,"We_will_study_tomorrow",".mp3",2.324898],-1],0,0,[],[],[]],[[[0,"We_played_yesterday",".mp3",2.011429],-1],0,0,[],[],[]],[[{"name":"Tomorrow_is_a_holiday","rect":[0,0,512,470],"offset":[0,0],"originalSize":[512,470],"capInsets":[0,0,0,0]}],[0],0,[0],[0],[7]],[["0,9729,9729,33071,33071,0,0,1",-1],[1],0,[],[],[]],[["0,9729,9729,33071,33071,0,0,1",-1],[1],0,[],[],[]],[[[0,"It_is_going_to_rain_tomorrow",".mp3",2.272653],-1],0,0,[],[],[]],[["0,9729,9729,33071,33071,0,0,1",-1],[1],0,[],[],[]],[["0,9729,9729,33071,33071,0,0,1",-1],[1],0,[],[],[]],[[[0,"I_play_today",".mp3",1.462857],-1],0,0,[],[],[]],[[[0,"I_wrote_my_exam_yesterday",".mp3",2.533878],-1],0,0,[],[],[]],[[[0,"Yesterday_I_fell_down",".mp3",1.933061],-1],0,0,[],[],[]]]]