[1,["7aJ9hTazdEwrBm5g1MH6+I","70T+W0qlBBHY1TDjtT8Edb","bbhw7nLzlA3bNoE/41FFet"],["_textureSetter"],["cc.SpriteFrame","cc.Texture2D",["cc.AudioClip",["_name","_native","duration"],0],["cc.JsonAsset",["_name","json"],1],["cc.Asset",["_name"],2]],[[2,0,1,2,4],[3,0,1,3],[4,0,2]],[[[[0,"दप्तर",".mp3",1.17551],-1],0,0,[],[],[]],[[[0,"रात्र",".mp3",0.912],-1],0,0,[],[],[]],[[[0,"खात्री",".mp3",0.940408],-1],0,0,[],[],[]],[[[0,"स्क",".mp3",0.757551],-1],0,0,[],[],[]],[[[0,"तः",".mp3",0.705306],-1],0,0,[],[],[]],[[[0,"व",".mp3",0.835918],-1],0,0,[],[],[]],[[[0,"गोष्ट",".mp3",1.07102],-1],0,0,[],[],[]],[[[0,"गो",".mp3",0.783673],-1],0,0,[],[],[]],[[{"name":"night","rect":[0,0,640,479],"offset":[0,0],"originalSize":[640,479],"capInsets":[0,0,0,0]}],[0],0,[0],[0],[0]],[[[0,"वि",".mp3",0.574694],-1],0,0,[],[],[]],[[[0,"स्व",".mp3",0.757551],-1],0,0,[],[],[]],[["0,9729,9729,33071,33071,0,0,1",-1],[1],0,[],[],[]],[["0,9729,9729,33071,33071,0,0,1",-1],[1],0,[],[],[]],[[[0,"त्री",".mp3",0.626939],-1],0,0,[],[],[]],[[[0,"प्र",".mp3",0.548571],-1],0,0,[],[],[]],[[[0,"टणे",".mp3",0.653061],-1],0,0,[],[],[]],[[[1,"mr3403",{"rows":[["phonictractor","1","Description","4","वर्ष","वर्ष.mp3","व","व.mp3","र्ष","र्ष.mp3"],["openwindow","1","Description","LEGIT","रात्र","night.png","dance.png","रात्र.mp3","रात्र"],["spelldoor","1","Description","दप्तर","*प्तर","0","0","backpack.png","दप्तर.mp3"],["phonictractor","1","Description","4","प्रवास","प्रवास.mp3","प्र","प्र.mp3","वा","वा.mp3","स","स.mp3"],["phonictractor","1","Description","4","खात्री","खात्री.mp3","खा","खा.mp3","त्री","त्री.mp3"],["phonictractor","1","Description","4","स्वत:","स्वत.mp3","स्व","स्व.mp3","त:","तः.mp3"],["phonictractor","1","Description","4","विस्कटणे","विस्कटणे.mp3","वि","वि.mp3","स्क","स्क.mp3","टणे","टणे.mp3"],["phonictractor","1","Description","4","गोष्ट","गोष्ट.mp3","गो","गो.mp3","ष्ट","ष्ट.mp3"],["quizliteracy","1","Description","word_word","र्ष","र्ष","त्री","त्य","","व__","वर्ष.mp3"],["quizliteracy","1","Description","word_word","त्री","त्या","र्ष","त्री","","खा___","खात्री.mp3"],["quizliteracy","1","Description","word_word","ष्ट","त्री","ष्ट","र्ष","","गो__","गोष्ट.mp3"]]}]],0,0,[],[],[]],[["0,9729,9729,33071,33071,0,0,1",-1],[1],0,[],[],[]],[[[0,"र्ष",".mp3",0.809796],-1],0,0,[],[],[]],[[[0,"वर्ष",".mp3",0.783673],-1],0,0,[],[],[]],[[{"name":"backpack","rect":[0,0,640,582],"offset":[0,0],"originalSize":[640,582],"capInsets":[0,0,0,0]}],[0],0,[0],[0],[1]],[[[0,"स्वत",".mp3",1.123265],-1],0,0,[],[],[]],[[[0,"स",".mp3",0.888163],-1],0,0,[],[],[]],[[[0,"ष्ट",".mp3",0.809796],-1],0,0,[],[],[]],[[[0,"प्रवास",".mp3",0.783673],-1],0,0,[],[],[]],[[[2,"स्वत"]],0,0,[],[],[]],[[{"name":"dance","rect":[0,0,640,427],"offset":[0,0],"originalSize":[640,427],"capInsets":[0,0,0,0]}],[0],0,[0],[0],[2]],[[[0,"विस्कटणे",".mp3",1.149388],-1],0,0,[],[],[]],[[[0,"खा",".mp3",0.757551],-1],0,0,[],[],[]],[[[0,"वा",".mp3",0.731429],-1],0,0,[],[],[]]]]