[1,["67mhqH/l1MH7/WMm/7Vpsu","4bJrs0rZlAzZ6GG95EFVQX","f98BO3rjNHSJzqobacd6NF","79hIj6fP1IXrCa+lQqM+td","c1383kvt9EWpuFinx2dye4","f7SEquZRhL4Y052PNhetq2","8aJfLguLBM4IZyFEfHOqRo","0b/TdvpSxCC5dCUouq0zFb","f0I0xAefxLCI6UjEUDSN+G","b0d86pEWpAMrZO5vmfV/jf","90FZ68YSRBvKrFcVWXhmks","93VrE5l7xLP7Ir1CLp6ZID","95o7On6dhCb69Z3lZOITOT","f97C1ahglJ0by6s+xYTNvJ","00fc19r9FKcr7DHMknZK2f","127zgQLLBFp4auGZK75S3z","b6BM0GM9dDkJ0hG+3Qgo9r","4cgGOPYaNPtLwxWALBe9sg"],["_textureSetter"],["cc.Texture2D","cc.SpriteFrame",["cc.AudioClip",["_name","_native","duration"],0],["cc.JsonAsset",["_name","json"],1]],[[2,0,1,2,4],[3,0,1,3]],[[["0,9729,9729,33071,33071,0,0,1",-1],[0],0,[],[],[]],[["0,9729,9729,33071,33071,0,0,1",-1],[0],0,[],[],[]],[[{"name":"child","rect":[0,0,427,512],"offset":[0,0],"originalSize":[427,512],"capInsets":[0,0,0,0]}],[1],0,[0],[0],[0]],[["0,9729,9729,33071,33071,0,0,1",-1],[0],0,[],[],[]],[[{"name":"pin","rect":[0,0,512,339],"offset":[0,0],"originalSize":[512,339],"capInsets":[0,0,0,0]}],[1],0,[0],[0],[1]],[[{"name":"mangoes","rect":[0,0,512,333],"offset":[0,0],"originalSize":[512,333],"capInsets":[0,0,0,0]}],[1],0,[0],[0],[2]],[[{"name":"girls","rect":[0,0,501,512],"offset":[0,0],"originalSize":[501,512],"capInsets":[0,0,0,0]}],[1],0,[0],[0],[3]],[[{"name":"tree","rect":[0,0,1801,1830],"offset":[0,0],"originalSize":[1801,1830],"capInsets":[0,0,0,0]}],[1],0,[0],[0],[4]],[[{"name":"pins","rect":[0,0,512,339],"offset":[0,0],"originalSize":[512,339],"capInsets":[0,0,0,0]}],[1],0,[0],[0],[5]],[[{"name":"bats","rect":[0,0,512,365],"offset":[0,0],"originalSize":[512,365],"capInsets":[0,0,0,0]}],[1],0,[0],[0],[6]],[[{"name":"baby","rect":[0,0,512,339],"offset":[0,0],"originalSize":[512,339],"capInsets":[0,0,0,0]}],[1],0,[0],[0],[7]],[["0,9729,9729,33071,33071,0,0,1",-1],[0],0,[],[],[]],[["0,9729,9729,33071,33071,0,0,1",-1],[0],0,[],[],[]],[[[0,"bat",".mp3",0.600816],-1],0,0,[],[],[]],[["0,9729,9729,33071,33071,0,0,1",-1],[0],0,[],[],[]],[[{"name":"bat","rect":[0,0,512,435],"offset":[0,0],"originalSize":[512,435],"capInsets":[0,0,0,0]}],[1],0,[0],[0],[8]],[[{"name":"zebra","rect":[0,0,2555,1692],"offset":[0,0],"originalSize":[2555,1692],"capInsets":[0,0,0,0]}],[1],0,[0],[0],[9]],[["0,9729,9729,33071,33071,0,0,1",-1],[0],0,[],[],[]],[[{"name":"zebras","rect":[0,0,2116,1692],"offset":[0,0],"originalSize":[2116,1692],"capInsets":[0,0,0,0]}],[1],0,[0],[0],[10]],[[[1,"sl_en3200",{"rows":[["openwindow","1","Description","LEGIT","baby","baby.png","babies.png","baby.mp3","abcdefghijklmnopqrstuvwxyz"],["openwindow","1","Description","LEGIT","zebras","zebras.png","zebra.png","zebras.mp3","abcdefghijklmnopqrstuvwxyz"],["openwindow","1","Description","LEGIT","pins","pins.png","pin.png","pins.mp3","abcdefghijklmnopqrstuvwxyz"],["openwindow","1","Description","LEGIT","bat","bat.png","bats.png","bat.mp3","abcdefghijklmnopqrstuvwxyz"],["openwindow","1","Description","LEGIT","girl","girl.png","girls.png","girl.mp3","abcdefghijklmnopqrstuvwxyz"],["openwindow","1","Description","LEGIT","children","children.png","child.png","children.mp3","abcdefghijklmnopqrstuvwxyz"],["openwindow","1","Description","LEGIT","trees","trees.png","tree.png","trees.mp3","abcdefghijklmnopqrstuvwxyz"],["openwindow","1","Description","LEGIT","mangoes","mangoes.png","mango.png","mangoes.mp3","abcdefghijklmnopqrstuvwxyz"],["openwindow","1","Description","LEGIT","cow","cow.png","cows.png","cow.mp3","abcdefghijklmnopqrstuvwxyz"],["quizliteracy","1","Description","word_word","s","s","es","ies","","zebra_","zebras.mp3"],["quizliteracy","1","Description","word_word","s","ies","es","s","","tree_","trees.mp3"],["quizliteracy","1","Description","word_word","es","ies","es","s","","mango__","mangoes.mp3"]]}]],0,0,[],[],[]],[["0,9729,9729,33071,33071,0,0,1",-1],[0],0,[],[],[]],[["0,9729,9729,33071,33071,0,0,1",-1],[0],0,[],[],[]],[["0,9729,9729,33071,33071,0,0,1",-1],[0],0,[],[],[]],[["0,9729,9729,33071,33071,0,0,1",-1],[0],0,[],[],[]],[["0,9729,9729,33071,33071,0,0,1",-1],[0],0,[],[],[]],[["0,9729,9729,33071,33071,0,0,1",-1],[0],0,[],[],[]],[[[0,"cow",".mp3",0.653061],-1],0,0,[],[],[]],[["0,9729,9729,33071,33071,0,0,1",-1],[0],0,[],[],[]],[[{"name":"girl","rect":[0,0,433,512],"offset":[0,0],"originalSize":[433,512],"capInsets":[0,0,0,0]}],[1],0,[0],[0],[11]],[[[0,"girl",".mp3",0.783673],-1],0,0,[],[],[]],[[[0,"baby",".mp3",0.653061],-1],0,0,[],[],[]],[[{"name":"children","rect":[0,0,512,398],"offset":[0,0],"originalSize":[512,398],"capInsets":[0,0,0,0]}],[1],0,[0],[0],[12]],[[{"name":"cow","rect":[0,0,512,512],"offset":[0,0],"originalSize":[512,512],"capInsets":[0,0,0,0]}],[1],0,[0],[0],[13]],[[{"name":"babies","rect":[0,0,512,329],"offset":[0,0],"originalSize":[512,329],"capInsets":[0,0,0,0]}],[1],0,[0],[0],[14]],[[{"name":"cows","rect":[0,0,512,328],"offset":[0,0],"originalSize":[512,328],"capInsets":[0,0,0,0]}],[1],0,[0],[0],[15]],[["0,9729,9729,33071,33071,0,0,1",-1],[0],0,[],[],[]],[[{"name":"trees","rect":[0,0,1768,1301],"offset":[0,0],"originalSize":[1768,1301],"capInsets":[0,0,0,0]}],[1],0,[0],[0],[16]],[["0,9729,9729,33071,33071,0,0,1",-1],[0],0,[],[],[]],[[{"name":"mango","rect":[0,0,504,512],"offset":[0,0],"originalSize":[504,512],"capInsets":[0,0,0,0]}],[1],0,[0],[0],[17]],[["0,9729,9729,33071,33071,0,0,1",-1],[0],0,[],[],[]],[["0,9729,9729,33071,33071,0,0,1",-1],[0],0,[],[],[]]]]