[1,["0cuGbsye1EZLCDBH0fjl82","bcKdzef1RMCIFRjFeT3p7W","590NYuFOdLrbCAQVPShF3e","40a2b0AjFDTpCTmMZh1JRF","b6m1O3ZmtC6p4rsu26mN8m","99wcNYy5hMLrHM4CfykQUh","cb72m2lodAMpPPEmKtORRs","63clVV/ztMeaakQ/Rp17XM","9aXVvyauNAdIjbw78Sv2xn"],["_textureSetter"],["cc.Texture2D","cc.SpriteFrame",["cc.AudioClip",["_name","_native","duration"],0],["cc.JsonAsset",["_name","json"],1]],[[2,0,1,2,4],[3,0,1,3]],[[["0,9729,9729,33071,33071,0,0,1",-1],[0],0,[],[],[]],[[{"name":"Independence_day","rect":[0,0,800,533],"offset":[0,0],"originalSize":[800,533],"capInsets":[0,0,0,0]}],[1],0,[0],[0],[0]],[[{"name":"kannda_rajyostava","rect":[0,0,800,800],"offset":[0,0],"originalSize":[800,800],"capInsets":[0,0,0,0]}],[1],0,[0],[0],[1]],[[[0,"ಜವಾಹರ್ ನೆಹರು ಜನುಮದಿನ",".mp3",1.824],-1],0,0,[],[],[]],[[{"name":"swamy_vivekananda","rect":[0,0,626,800],"offset":[0,0],"originalSize":[626,800],"capInsets":[0,0,0,0]}],[1],0,[0],[0],[2]],[[[0,"ಕನ್ನಡ ರಾಜ್ಯೋತ್ಸವ",".mp3",1.488],-1],0,0,[],[],[]],[["0,9729,9729,33071,33071,0,0,1",-1],[0],0,[],[],[]],[[[0,"ಭಾರತದ ಗಣರಾಜ್ಯೋತ್ಸವ",".mp3",1.848],-1],0,0,[],[],[]],[[[0,"ಯೇಸು ಕ್ರಿಸ್ತರ ಜನುಮದಿನ",".mp3",1.776],-1],0,0,[],[],[]],[["0,9729,9729,33071,33071,0,0,1",-1],[0],0,[],[],[]],[["0,9729,9729,33071,33071,0,0,1",-1],[0],0,[],[],[]],[[[0,"ಬಾಬಾ ಸಾಹೇಬ್ ಅಂಬೇಡ್ಕರ್ ಜನುಮದಿನ",".mp3",2.304],-1],0,0,[],[],[]],[[[1,"kn2500",{"rows":[["picturemeaning","1","Description","S","ಜನವರಿ 12","swamy_vivekananda.png","ಸ್ವಾಮಿ ವಿವೇಕಾನಂದರ ಜನುಮದಿನ.mp3","ಏಪ್ರಿಲ್ 14","Ambedkar.png","ಬಾಬಾ ಸಾಹೇಬ್ ಅಂಬೇಡ್ಕರ್ ಜನುಮದಿನ.mp3","ಅಕ್ಟೋಬರ್ 2","Mahatma_Gandhi.png","ಮಹಾತ್ಮಾ ಗಾಂಧಿ ಜನುಮದಿನ.mp3"],["picturemeaning","1","Description","S","ಜನವರಿ 26","Indian_republicday.png","ಭಾರತದ ಗಣರಾಜ್ಯೋತ್ಸವ.mp3","ಆಗಸ್ಟ್ 15","Independence_day.png","ಭಾರತದ ಸ್ವಾತಂತ್ರ್ಯೋತ್ಸವ.mp3","ನವೆಂಬರ್ 1","kannda_rajyostava.png","ಕನ್ನಡ ರಾಜ್ಯೋತ್ಸವ.mp3"],["picturemeaning","1","Description","S","ಏಪ್ರಿಲ್ 14","Ambedkar.png","ಬಾಬಾ ಸಾಹೇಬ್ ಅಂಬೇಡ್ಕರ್ ಜನುಮದಿನ.mp3","ನವೆಂಬರ್ 14","Nehru.png","ಜವಾಹರ್ ನೆಹರು ಜನುಮದಿನ.mp3","ಜನವರಿ 12","swamy_vivekananda.png","ಸ್ವಾಮಿ ವಿವೇಕಾನಂದರ ಜನುಮದಿನ.mp3"],["picturemeaning","1","Description","S","ಆಗಸ್ಟ್ 15","Independence_day.png","ಭಾರತದ ಸ್ವಾತಂತ್ರ್ಯೋತ್ಸವ.mp3","ನವೆಂಬರ್ 1","kannda_rajyostava.png","ಕನ್ನಡ ರಾಜ್ಯೋತ್ಸವ.mp3","ಜನವರಿ 26","Indian_republicday.png","ಭಾರತದ ಗಣರಾಜ್ಯೋತ್ಸವ.mp3"],["picturemeaning","1","Description","S","ಸೆಪ್ಟೆಂಬರ್ 5","Dr S Radhakrishnan.png","ಡಾ ಎಸ್ ರಾಧಾಕೃಷ್ಣನ್ ರ ಜನುಮದಿನ.mp3","ಡಿಸೆಂಬರ್ 25","christmas.png","ಯೇಸು ಕ್ರಿಸ್ತರ ಜನುಮದಿನ.mp3","ಜನವರಿ 12","swamy_vivekananda.png","ಸ್ವಾಮಿ ವಿವೇಕಾನಂದರ ಜನುಮದಿನ.mp3"],["picturemeaning","1","Description","S","ಅಕ್ಟೋಬರ್ 2","Mahatma_Gandhi.png","ಮಹಾತ್ಮಾ ಗಾಂಧಿ ಜನುಮದಿನ.mp3","ನವೆಂಬರ್ 14","Nehru.png","ಜವಾಹರ್ ನೆಹರು ಜನುಮದಿನ.mp3","ಏಪ್ರಿಲ್ 14","Ambedkar.png","ಬಾಬಾ ಸಾಹೇಬ್ ಅಂಬೇಡ್ಕರ್ ಜನುಮದಿನ.mp3"],["picturemeaning","1","Description","S","ನವೆಂಬರ್ 1","kannda_rajyostava.png","ಕನ್ನಡ ರಾಜ್ಯೋತ್ಸವ.mp3","ಆಗಸ್ಟ್ 15","Independence_day.png","ಭಾರತದ ಸ್ವಾತಂತ್ರ್ಯೋತ್ಸವ.mp3","ಜನವರಿ 26","Indian_republicday.png","ಭಾರತದ ಗಣರಾಜ್ಯೋತ್ಸವ.mp3"],["picturemeaning","1","Description","S","ನವೆಂಬರ್ 14","Nehru.png","ಜವಾಹರ್ ನೆಹರು ಜನುಮದಿನ.mp3","ಜನವರಿ 12","swamy_vivekananda.png","ಸ್ವಾಮಿ ವಿವೇಕಾನಂದರ ಜನುಮದಿನ.mp3","ಏಪ್ರಿಲ್ 14","Ambedkar.png","ಬಾಬಾ ಸಾಹೇಬ್ ಅಂಬೇಡ್ಕರ್ ಜನುಮದಿನ.mp3"],["picturemeaning","1","Description","S","ಡಿಸೆಂಬರ್ 25","christmas.png","ಯೇಸು ಕ್ರಿಸ್ತರ ಜನುಮದಿನ.mp3","ಅಕ್ಟೋಬರ್ 2","Mahatma_Gandhi.png","ಮಹಾತ್ಮಾ ಗಾಂಧಿ ಜನುಮದಿನ.mp3","ನವೆಂಬರ್ 14","Nehru.png","ಜವಾಹರ್ ನೆಹರು ಜನುಮದಿನ.mp3"],["quizliteracy","1","Description","image_sentence","ಜನವರಿ 12","ಜನವರಿ 12","ನವೆಂಬರ್ 14","ಏಪ್ರಿಲ್ 14","swamy_vivekananda.png","","ಸ್ವಾಮಿ ವಿವೇಕಾನಂದರ ಜನುಮದಿನ.mp3"],["quizliteracy","1","Description","image_sentence","ಏಪ್ರಿಲ್ 14","ಜನವರಿ 26","ಏಪ್ರಿಲ್ 14","ಆಗಸ್ಟ್ 15","Ambedkar.png","","ಬಾಬಾ ಸಾಹೇಬ್ ಅಂಬೇಡ್ಕರ್ ಜನುಮದಿನ.mp3"],["quizliteracy","1","Description","image_sentence","ಅಕ್ಟೋಬರ್ 2","ಏಪ್ರಿಲ್ 14","ಆಗಸ್ಟ್ 15","ಅಕ್ಟೋಬರ್ 2","Mahatma_Gandhi.png","","ಮಹಾತ್ಮಾ ಗಾಂಧಿ ಜನುಮದಿನ.mp3"]]}]],0,0,[],[],[]],[[{"name":"Mahatma_Gandhi","rect":[0,0,800,551],"offset":[0,0],"originalSize":[800,551],"capInsets":[0,0,0,0]}],[1],0,[0],[0],[3]],[[[0,"ಮಹಾತ್ಮಾ ಗಾಂಧಿ ಜನುಮದಿನ",".mp3",1.872],-1],0,0,[],[],[]],[[{"name":"Ambedkar","rect":[0,0,800,448],"offset":[0,0],"originalSize":[800,448],"capInsets":[0,0,0,0]}],[1],0,[0],[0],[4]],[["0,9729,9729,33071,33071,0,0,1",-1],[0],0,[],[],[]],[[{"name":"Nehru","rect":[0,0,800,480],"offset":[0,0],"originalSize":[800,480],"capInsets":[0,0,0,0]}],[1],0,[0],[0],[5]],[["0,9729,9729,33071,33071,0,0,1",-1],[0],0,[],[],[]],[[{"name":"Indian_republicday","rect":[0,0,500,375],"offset":[0,0],"originalSize":[500,375],"capInsets":[0,0,0,0]}],[1],0,[0],[0],[6]],[[[0,"ಭಾರತದ ಸ್ವಾತಂತ್ರ್ಯೋತ್ಸವ",".mp3",1.92],-1],0,0,[],[],[]],[[[0,"ಸ್ವಾಮಿ ವಿವೇಕಾನಂದರ ಜನುಮದಿನ",".mp3",2.256],-1],0,0,[],[],[]],[["0,9729,9729,33071,33071,0,0,1",-1],[0],0,[],[],[]],[["0,9729,9729,33071,33071,0,0,1",-1],[0],0,[],[],[]],[[{"name":"Dr S Radhakrishnan","rect":[0,0,621,800],"offset":[0,0],"originalSize":[621,800],"capInsets":[0,0,0,0]}],[1],0,[0],[0],[7]],[[[0,"ಡಾ ಎಸ್ ರಾಧಾಕೃಷ್ಣನ್ ರ ಜನುಮದಿನ",".mp3",2.976],-1],0,0,[],[],[]],[["0,9729,9729,33071,33071,0,0,1",-1],[0],0,[],[],[]],[[{"name":"christmas","rect":[0,0,533,800],"offset":[0,0],"originalSize":[533,800],"capInsets":[0,0,0,0]}],[1],0,[0],[0],[8]]]]