[1,["b9vZcAqiFKvJ02L25+ENE+","83JDvE4nFO8rFzOo612EQR","a4ykaQxOdONLotIACWMFZY","9agQ0OEFhI0paieXveihcV","08Ha5sizpP8bbI0PPizSw0","90RwLh/41J/qVExmkbFSPH","ccRVOUQJhELqxdsO6oYlDZ","27ySiDxAVFNaRjwCKRKkR9"],["_textureSetter"],["cc.Texture2D","cc.SpriteFrame",["cc.AudioClip",["_name","_native","duration"],0],["cc.JsonAsset",["_name","json"],1]],[[2,0,1,2,4],[3,0,1,3]],[[[[0,"ಕೆ",".mp3",0.552],-1],0,0,[],[],[]],[["0,9729,9729,33071,33071,0,0,1",-1],[0],0,[],[],[]],[[[0,"ಸೆಖೆ",".mp3",0.744],-1],0,0,[],[],[]],[[[0,"ವೈರಿ",".mp3",0.696],-1],0,0,[],[],[]],[[[0,"ಹೈದ",".mp3",0.72],-1],0,0,[],[],[]],[["0,9729,9729,33071,33071,0,0,1",-1],[0],0,[],[],[]],[[[0,"ಕೆನೆ",".mp3",0.648],-1],0,0,[],[],[]],[[{"name":"soldier","rect":[0,0,500,333],"offset":[0,0],"originalSize":[500,333],"capInsets":[0,0,0,0]}],[1],0,[0],[0],[0]],[[[0,"ಮೈ",".mp3",0.576],-1],0,0,[],[],[]],[[{"name":"friend","rect":[0,0,800,532],"offset":[0,0],"originalSize":[800,532],"capInsets":[0,0,0,0]}],[1],0,[0],[0],[1]],[[{"name":"imprisoned","rect":[0,0,800,533],"offset":[0,0],"originalSize":[800,533],"capInsets":[0,0,0,0]}],[1],0,[0],[0],[2]],[[[0,"ಮೈಸೂರು",".mp3",0.936],-1],0,0,[],[],[]],[[[0,"ಕೈದು",".mp3",0.744],-1],0,0,[],[],[]],[[[0,"ರು",".mp3",0.528],-1],0,0,[],[],[]],[[{"name":"hot_weather","rect":[0,0,500,375],"offset":[0,0],"originalSize":[500,375],"capInsets":[0,0,0,0]}],[1],0,[0],[0],[3]],[[[0,"ಶೈ",".mp3",0.672],-1],0,0,[],[],[]],[[{"name":"bhairava","rect":[0,0,500,281],"offset":[0,0],"originalSize":[500,281],"capInsets":[0,0,0,0]}],[1],0,[0],[0],[4]],[[[0,"ಶೈವ",".mp3",0.744],-1],0,0,[],[],[]],[["0,9729,9729,33071,33071,0,0,1",-1],[0],0,[],[],[]],[[[1,"kn2100",{"rows":[["phonictractor","1","Description","4","ಮೈಸೂರು","ಮೈಸೂರು.mp3","ಮೈ","ಮೈ.mp3","ಸೂ","ಸೂ.mp3","ರು","ರು.mp3"],["phonictractor","1","Description","4","ಶೈವ","ಶೈವ.mp3","ಶೈ","ಶೈ.mp3","ವ","ವ.mp3"],["spelldoor","1","Description","ಭೈರವ","***","0","0","bhairava.png","ಭೈರವ.mp3"],["spelldoor","1","Description","ಹೈದ","**","0","0","boy.png","ಹೈದ.mp3"],["spelldoor","1","Description","ಸೈನಿಕ","***","0","0","soldier.png","ಸೈನಿಕ.mp3"],["openwindow","1","Description","LEGIT","ವೈ,ರಿ","enemy.png","friend.png","ವೈರಿ.mp3","ವೈ,ರಿ"],["rocket","1","Description","ಕೈದು","ಕೈ,ದು","ಕೈ,ದು","ಕೈದು.mp3","imprisoned.png","False","False"],["spelldoor","1","Description","ಸೆಖೆ","*ಖೆ","0","1","hot_weather.png","ಸೆಖೆ.mp3"],["phonictractor","1","Description","4","ಸೆಳೆ","ಸೆಳೆ.mp3","ಸೆ","ಸೆ.mp3","ಳೆ","ಳೆ.mp3"],["phonictractor","1","Description","4","ಕೆನೆ","ಕೆನೆ.mp3","ಕೆ","ಕೆ.mp3","ನೆ","ನೆ.mp3"],["quizliteracy","1","Description","word_word","ಮೈ","ಹಾ","ಮೈ","ಪ","","__ಸೂರು","ಮೈಸೂರು.mp3"],["quizliteracy","1","Description","image_word","ಭೈರವ","ಭೈರವ","ಮೈಸೂರು","ಹೈದ","shiva.png"],["quizliteracy","1","Description","soundonly_word","ಕೈದು","ಸೆಳೆ","ವೈರಿ","ಕೈದು","","","ಕೈದು.mp3"]]}]],0,0,[],[],[]],[[{"name":"boy","rect":[0,0,800,532],"offset":[0,0],"originalSize":[800,532],"capInsets":[0,0,0,0]}],[1],0,[0],[0],[5]],[[[0,"ಸೆ",".mp3",0.624],-1],0,0,[],[],[]],[["0,9729,9729,33071,33071,0,0,1",-1],[0],0,[],[],[]],[["0,9729,9729,33071,33071,0,0,1",-1],[0],0,[],[],[]],[[{"name":"shiva","rect":[0,0,599,800],"offset":[0,0],"originalSize":[599,800],"capInsets":[0,0,0,0]}],[1],0,[0],[0],[6]],[["0,9729,9729,33071,33071,0,0,1",-1],[0],0,[],[],[]],[[[0,"ಸೆಳೆ",".mp3",0.696],-1],0,0,[],[],[]],[[[0,"ಸೈನಿಕ",".mp3",0.888],-1],0,0,[],[],[]],[[[0,"ಸೂ",".mp3",0.648],-1],0,0,[],[],[]],[[{"name":"enemy","rect":[0,0,800,533],"offset":[0,0],"originalSize":[800,533],"capInsets":[0,0,0,0]}],[1],0,[0],[0],[7]],[["0,9729,9729,33071,33071,0,0,1",-1],[0],0,[],[],[]],[[[0,"ನೆ",".mp3",0.528],-1],0,0,[],[],[]],[["0,9729,9729,33071,33071,0,0,1",-1],[0],0,[],[],[]],[[[0,"ವ",".mp3",0.48],-1],0,0,[],[],[]],[[[0,"ಳೆ",".mp3",0.552],-1],0,0,[],[],[]],[[[0,"ಭೈರವ",".mp3",0.792],-1],0,0,[],[],[]]]]