[1,["10q0iT4KdDQ6Uf3Qp15/Ht","fcEvOeeMRANYcLflF1l8lO","fdzmdSiVRBFJ+Xpo/lQDA5","22uSObzMZKHof3GDzQqmvB","4eLtywm2dAqqLHp2L4bAML","c1hYQcKQ5Ct5FWBk7rrB9f"],["_textureSetter"],["cc.SpriteFrame","cc.Texture2D",["cc.AudioClip",["_name","_native","duration"],0],["cc.JsonAsset",["_name","json"],1]],[[2,0,1,2,4],[3,0,1,3]],[[[{"name":"cane","rect":[0,0,322,382],"offset":[0,0],"originalSize":[322,382],"capInsets":[0,0,0,0]}],[0],0,[0],[0],[0]],[["0,9729,9729,33071,33071,0,0,1",-1],[1],0,[],[],[]],[[[0,"fox",".mp3",0.862041],-1],0,0,[],[],[]],[["0,9729,9729,33071,33071,0,0,1",-1],[1],0,[],[],[]],[[{"name":"bag","rect":[0,0,322,382],"offset":[0,0],"originalSize":[322,382],"capInsets":[0,0,0,0]}],[0],0,[0],[0],[1]],[[[0,"bug",".mp3",0.626939],-1],0,0,[],[],[]],[[{"name":"donkey","rect":[4,0,131,140],"offset":[-0.5,0],"originalSize":[140,140],"capInsets":[0,0,0,0]}],[0],0,[0],[0],[2]],[[{"name":"mug","rect":[0,0,500,333],"offset":[0,0],"originalSize":[500,333],"capInsets":[0,0,0,0]}],[0],0,[0],[0],[3]],[["0,9729,9729,33071,33071,0,0,1",-1],[1],0,[],[],[]],[[{"name":"bug","rect":[36,36,846,594],"offset":[0,0],"originalSize":[918,666],"capInsets":[0,0,0,0]}],[0],0,[0],[0],[4]],[[{"name":"baby","rect":[0,0,512,339],"offset":[0,0],"originalSize":[512,339],"capInsets":[0,0,0,0]}],[0],0,[0],[0],[5]],[[[0,"hot",".mp3",0.574694],-1],0,0,[],[],[]],[[[1,"sl_en1003",{"rows":[["rocket","1","Description","bug","b,ug","b,ug","bug.mp3","bug.png","false","false"],["rocket","1","Description","mug","m,ug","m,ug","mug.mp3","mug.png","false","false"],["rocket","1","Description","cane","c,ane","c,ane","cane.mp3","cane.png","false","false"],["rocket","1","Description","baby","ba,by","ba,by","baby.mp3","baby.png","false","false"],["rocket","1","Description","donkey","don,key","don,key","donkey.mp3","donkey.png","false","false"],["grid","1","Description","f","og,ox"],["grid","1","Description","h","op,ot"],["grid","1","Description","d","ot,og"],["quizliteracy","1","Description","soundonly_image","bug.png","bag.png","bug.png","baby.png","","","bug.mp3"],["quizliteracy","1","Description","soundonly_word","cane","rain","car","cane","","","cane.mp3"],["quizliteracy","1","Description","soundonly_image","mug.png","baby.png","donkey.png","mug.png","","","mug.mp3"],["quizliteracy","1","Description","soundonly_word","baby","cane","baby","mug","","","baby.mp3"],["quizliteracy","1","Description","image_word","donkey","cat","donkey","dog","donkey.png"]]}]],0,0,[],[],[]],[[[0,"mug",".mp3",0.653061],-1],0,0,[],[],[]],[[[0,"dog",".mp3",0.574694],-1],0,0,[],[],[]],[[[0,"cane",".mp3",0.757551],-1],0,0,[],[],[]],[[[0,"baby",".mp3",0.653061],-1],0,0,[],[],[]],[["0,9729,9729,33071,33071,0,0,1",-1],[1],0,[],[],[]],[[[0,"donkey",".mp3",0.757551],-1],0,0,[],[],[]],[["0,9729,9729,33071,33071,0,0,1",-1],[1],0,[],[],[]],[["0,9729,9729,33071,33071,0,0,1",-1],[1],0,[],[],[]]]]