[1,["5cLPBBkC1Ii4PGi60vGQTB","15GDoBPMhEvp9okvRnInRR","d7zBavpzxNGJ66PQ39uLDu","10BZTi2bdH8qGRPZjG5e4P","c0Yvo4nshLP4ng2F2Cllcn","e5f8CrbkJLcrL4qSjPj8eS","5fWEU1DVNAtbprIYtdETCB","9eFl9YPmxAJallwEv3b5M4","88IbfH2I5IOpFG7gfD2old"],["_textureSetter"],["cc.SpriteFrame","cc.Texture2D",["cc.AudioClip",["_name","_native","duration"],0],["cc.JsonAsset",["_name","json"],1]],[[2,0,1,2,4],[3,0,1,3]],[[[{"name":"l6_hedoctor","rect":[0,0,868,689],"offset":[0,0],"originalSize":[868,689],"capInsets":[0,0,0,0]}],[0],0,[0],[0],[0]],[[[0,"He_is_a_teacher",".mp3",1.584],-1],0,0,[],[],[]],[["0,9729,9729,33071,33071,0,0,1",-1],[1],0,[],[],[]],[["0,9729,9729,33071,33071,0,0,1",-1],[1],0,[],[],[]],[[{"name":"l6_shedoctor","rect":[0,0,868,689],"offset":[0,0],"originalSize":[868,689],"capInsets":[0,0,0,0]}],[0],0,[0],[0],[1]],[[[0,"He_is_a_cook",".mp3",1.368],-1],0,0,[],[],[]],[[[1,"en2003",{"rows":[["picturemeaning","1","Description","S","He is a teacher.","l6_heteacher.png","He_is_a_teacher.mp3","She is a teacher.","l6_sheteacher.png","She_is_a_teacher.mp3","He is a doctor.","l6_hedoctor.png","He_is_a_doctor.mp3"],["picturemeaning","1","Description","S","She is a nurse.","l6_shenurse.png","She_is_a_nurse.mp3","He is a farmer.","l6_farmer.png","He_is_a_farmer.mp3","She is a singer.","l6_shesinger.png","She_is_a_singer.mp3"],["picturemeaning","1","Description","P","He is a cook.","l6_hecook.png","He_is_a_cook.mp3","She is a doctor.","l6_shedoctor.png","She_is_a_doctor.mp3","He is a driver.","l6_hedriver.png","He_is_a_driver.mp3"],["quizliteracy","1","Description","image_sentence","He is a teacher.","He is a teacher.","She is a singer.","She is a nurse.","l6_heteacher.png","","He_is_a_teacher.mp3"],["quizliteracy","1","Description","image_word","doctor","doctor","teacher","farmer","l6_hedoctor.png"],["quizliteracy","1","Description","soundonly_sentence","He is a farmer.","He is a farmer.","She is a singer.","She is a nurse.","","","He_is_a_farmer.mp3"]]}]],0,0,[],[],[]],[[{"name":"l6_farmer","rect":[0,0,868,689],"offset":[0,0],"originalSize":[868,689],"capInsets":[0,0,0,0]}],[0],0,[0],[0],[2]],[[[0,"She_is_a_nurse",".mp3",1.632],-1],0,0,[],[],[]],[[{"name":"l6_heteacher","rect":[0,0,868,689],"offset":[0,0],"originalSize":[868,689],"capInsets":[0,0,0,0]}],[0],0,[0],[0],[3]],[[{"name":"l6_hecook","rect":[0,0,868,689],"offset":[0,0],"originalSize":[868,689],"capInsets":[0,0,0,0]}],[0],0,[0],[0],[4]],[["0,9729,9729,33071,33071,0,0,1",-1],[1],0,[],[],[]],[["0,9729,9729,33071,33071,0,0,1",-1],[1],0,[],[],[]],[[[0,"She_is_a_teacher",".mp3",1.704],-1],0,0,[],[],[]],[[{"name":"l6_sheteacher","rect":[0,0,868,689],"offset":[0,0],"originalSize":[868,689],"capInsets":[0,0,0,0]}],[0],0,[0],[0],[5]],[["0,9729,9729,33071,33071,0,0,1",-1],[1],0,[],[],[]],[[[0,"She_is_a_singer",".mp3",1.728],-1],0,0,[],[],[]],[["0,9729,9729,33071,33071,0,0,1",-1],[1],0,[],[],[]],[["0,9729,9729,33071,33071,0,0,1",-1],[1],0,[],[],[]],[[[0,"He_is_a_farmer",".mp3",1.584],-1],0,0,[],[],[]],[[{"name":"l6_shenurse","rect":[0,0,868,689],"offset":[0,0],"originalSize":[868,689],"capInsets":[0,0,0,0]}],[0],0,[0],[0],[6]],[["0,9729,9729,33071,33071,0,0,1",-1],[1],0,[],[],[]],[[{"name":"l6_shesinger","rect":[0,0,868,689],"offset":[0,0],"originalSize":[868,689],"capInsets":[0,0,0,0]}],[0],0,[0],[0],[7]],[[[0,"He_is_a_doctor",".mp3",1.56],-1],0,0,[],[],[]],[["0,9729,9729,33071,33071,0,0,1",-1],[1],0,[],[],[]],[[{"name":"l6_hedriver","rect":[0,0,868,689],"offset":[0,0],"originalSize":[868,689],"capInsets":[0,0,0,0]}],[0],0,[0],[0],[8]],[[[0,"He_is_a_driver",".mp3",1.68],-1],0,0,[],[],[]],[[[0,"She_is_a_doctor",".mp3",1.68],-1],0,0,[],[],[]]]]