[1,["08DklKyr9AM7PewPOxbMmm","09vfgGsrlEj7Ym7FKLMXVv","eaukFh4ZdHzrXsDURlrKso","bd0EXiHS5BHZMhrxTVIKeY","67sfjXnp9A4oZouuFk+b7K","59bPGJBuVGRqA1zqvAYbTb","4furpge3ZDD5pwVvRtfl+z","fedDfbbUZI/ZZ30PIH0hTr","d7UdsuJ/hBOINhBtsw72P5","eeYnzlQt5I3IA8T6U6wjUy","c8EfBJRd5Eorr6fZNDFifc","16yCSUcY5KoKi/91ldqRua","0et2mMVRZO57NtBAVv/qNn","3a5FjmVUVL+LhrBvrahbF3","64+stRV9NMQ7IpQzc9f+FO","92gIdcjNxKU6zq5j2xyjux","1dMsU/LS9PiZSgthAmiHQM","b3PfJHHWFAY7nQiE6TzZFn","13xhnGz5RGUoBbkokM89y5","e2ZeSGni1CC6+rNpQXviIj","89kYoo5nxAU5K4RwA3tvJL","b9vzNySCdD3IjL4619Gq8l","c6mQljXD1AmrAkUC+pjDU3","e8DBzisCJK+rotG6t8brBJ","e8xePkBplHJKiffJyotfD2","a7FDUu8bRF27kYaLEo8FdT","2bh3mPqfBNroDpG0m5/2DW","4cShtoY6RPZ7gYHgsA/G/r","bdvdodTc1PcIe7svH9Qzr+","5cHuqnnXVDhbT6olant4uc","1bmHtt5pdJ4pd8naNZ0GdP","60GHbpHO1AqIVxEpd4w8QD"],["_textureSetter"],["cc.Texture2D","cc.SpriteFrame",["cc.AudioClip",["_name","_native","duration"],0],["cc.JsonAsset",["_name","json"],1]],[[2,0,1,2,4],[3,0,1,3]],[[[[0,"drum",".mp3",0.984],-1],0,0,[],[],[]],[[[0,"cake",".mp3",0.912],-1],0,0,[],[],[]],[["0,9729,9729,33071,33071,0,0,1",-1],[0],0,[],[],[]],[["0,9729,9729,33071,33071,0,0,1",-1],[0],0,[],[],[]],[[[0,"kid",".mp3",0.792],-1],0,0,[],[],[]],[["0,9729,9729,33071,33071,0,0,1",-1],[0],0,[],[],[]],[[{"name":"bed","rect":[0,31,140,79],"offset":[0,-0.5],"originalSize":[140,140],"capInsets":[0,0,0,0]}],[1],0,[0],[0],[0]],[[{"name":"sister","rect":[0,25,140,97],"offset":[0,-3.5],"originalSize":[140,140],"capInsets":[0,0,0,0]}],[1],0,[0],[0],[1]],[[{"name":"father","rect":[0,21,140,98],"offset":[0,0],"originalSize":[140,140],"capInsets":[0,0,0,0]}],[1],0,[0],[0],[2]],[["0,9729,9729,33071,33071,0,0,1",-1],[0],0,[],[],[]],[["0,9729,9729,33071,33071,0,0,1",-1],[0],0,[],[],[]],[["0,9729,9729,33071,33071,0,0,1",-1],[0],0,[],[],[]],[["0,9729,9729,33071,33071,0,0,1",-1],[0],0,[],[],[]],[[[0,"bug",".mp3",1.032],-1],0,0,[],[],[]],[[[0,"tree",".mp3",0.888],-1],0,0,[],[],[]],[[[0,"donkey",".mp3",1.272],-1],0,0,[],[],[]],[[[0,"hat",".mp3",0.984],-1],0,0,[],[],[]],[[[0,"bed",".mp3",0.96],-1],0,0,[],[],[]],[["0,9729,9729,33071,33071,0,0,1",-1],[0],0,[],[],[]],[[[0,"pig",".mp3",0.864],-1],0,0,[],[],[]],[[{"name":"dog","rect":[0,20,140,99],"offset":[0,0.5],"originalSize":[140,140],"capInsets":[0,0,0,0]}],[1],0,[0],[0],[3]],[[{"name":"face","rect":[0,0,134,140],"offset":[-3,0],"originalSize":[140,140],"capInsets":[0,0,0,0]}],[1],0,[0],[0],[4]],[[{"name":"milk","rect":[13,1,114,139],"offset":[0,-0.5],"originalSize":[140,140],"capInsets":[0,0,0,0]}],[1],0,[0],[0],[5]],[["0,9729,9729,33071,33071,0,0,1",-1],[0],0,[],[],[]],[[[0,"mother",".mp3",0.96],-1],0,0,[],[],[]],[[[0,"dog",".mp3",1.08],-1],0,0,[],[],[]],[[[1,"en2400",{"rows":[["letterpair","1","Description","image","image","cat.png","cat.png","cat.mp3","dog.png","dog.png","dog.mp3","bug.png","bug.png","bug.mp3","bed.png","bed.png","bed.mp3","hen.png","hen.png","hen.mp3","sun.png","sun.png","sun.mp3"],["letterpair","1","Description","image","image","duck.png","duck.png","duck.mp3","chicken.png","chicken.png","chicken.mp3","dog.png","dog.png","dog.mp3","cow.png","cow.png","cow.mp3","cat.png","cat.png","cat.mp3","donkey.png","donkey.png","donkey.mp3"],["letterpair","1","Description","image","image","duck.png","duck.png","duck.mp3","leaf.png","leaf.png","leaf.mp3","frog.png","frog.png","frog.mp3","star.png","star.png","star.mp3","baby.png","baby.png","baby.mp3","milk.png","milk.png","milk.mp3"],["letterpair","1","Description","image","image","father.png","father.png","father.mp3","mother.png","mother.png","mother.mp3","grandfather.png","grandfather.png","grandpa.mp3","grandmother.png","grandmother.png","grandma.mp3","sister.png","sister.png","sister.mp3","brother.png","brother.png","brother.mp3"],["letterpair","1","Description","image","image","pig.png","pig.png","pig.mp3","toy.png","toy.png","toy.mp3","kid.png","kid.png","kid.mp3","hat.png","hat.png","hat.mp3","cow.png","cow.png","cow.mp3","box.png","box.png","box.mp3"],["letterpair","1","Description","image","image","tree.png","tree.png","tree.mp3","drum.png","drum.png","drum.mp3","face.png","face.png","face.mp3","fire.png","fire.png","fire.mp3","cake.png","cake.png","cake.mp3","book.png","book.png","book.mp3"],["quizliteracy","1","Description","sentence_sentence","duck","run","laugh","duck","","Choose the Noun","Choose_the_right_one.mp3"],["quizliteracy","1","Description","sentence_sentence","cat","eat","sad","cat","","Choose the Noun","Choose_the_right_one.mp3"],["quizliteracy","1","Description","sentence_sentence","frog","frog","happy","write","","Choose the Noun","Choose_the_right_one.mp3"],["quizliteracy","1","Description","sentence_sentence","drum","cry","drum","cook","","Choose the Noun","Choose_the_right_one.mp3"],["quizliteracy","1","Description","sentence_sentence","leaf","leaf","live","see","","Choose the Noun","Choose_the_right_one.mp3"]]}]],0,0,[],[],[]],[[{"name":"fire","rect":[20,0,98,140],"offset":[-1,0],"originalSize":[140,140],"capInsets":[0,0,0,0]}],[1],0,[0],[0],[6]],[["0,9729,9729,33071,33071,0,0,1",-1],[0],0,[],[],[]],[[{"name":"mother","rect":[10,2,121,138],"offset":[0.5,-1],"originalSize":[140,140],"capInsets":[0,0,0,0]}],[1],0,[0],[0],[7]],[[{"name":"cat","rect":[20,0,100,140],"offset":[0,0],"originalSize":[140,140],"capInsets":[0,0,0,0]}],[1],0,[0],[0],[8]],[["0,9729,9729,33071,33071,0,0,1",-1],[0],0,[],[],[]],[[[0,"face",".mp3",1.104],-1],0,0,[],[],[]],[["0,9729,9729,33071,33071,0,0,1",-1],[0],0,[],[],[]],[[{"name":"grandfather","rect":[42,0,57,140],"offset":[0.5,0],"originalSize":[140,140],"capInsets":[0,0,0,0]}],[1],0,[0],[0],[9]],[["0,9729,9729,33071,33071,0,0,1",-1],[0],0,[],[],[]],[["0,9729,9729,33071,33071,0,0,1",-1],[0],0,[],[],[]],[[[0,"brother",".mp3",1.056],-1],0,0,[],[],[]],[["0,9729,9729,33071,33071,0,0,1",-1],[0],0,[],[],[]],[[{"name":"star","rect":[1,22,139,104],"offset":[0.5,-4],"originalSize":[140,140],"capInsets":[0,0,0,0]}],[1],0,[0],[0],[10]],[[[0,"hen",".mp3",0.912],-1],0,0,[],[],[]],[["0,9729,9729,33071,33071,0,0,1",-1],[0],0,[],[],[]],[[[0,"star",".mp3",1.032],-1],0,0,[],[],[]],[[[0,"box",".mp3",1.152],-1],0,0,[],[],[]],[[[0,"chicken",".mp3",1.056],-1],0,0,[],[],[]],[[{"name":"cow","rect":[4,21,131,98],"offset":[-0.5,0],"originalSize":[140,140],"capInsets":[0,0,0,0]}],[1],0,[0],[0],[11]],[[{"name":"leaf","rect":[15,1,105,137],"offset":[-2.5,0.5],"originalSize":[140,140],"capInsets":[0,0,0,0]}],[1],0,[0],[0],[12]],[[[0,"grandma",".mp3",1.272],-1],0,0,[],[],[]],[[{"name":"sun","rect":[4,0,136,140],"offset":[2,0],"originalSize":[140,140],"capInsets":[0,0,0,0]}],[1],0,[0],[0],[13]],[[{"name":"chicken","rect":[23,5,93,131],"offset":[-0.5,-0.5],"originalSize":[140,140],"capInsets":[0,0,0,0]}],[1],0,[0],[0],[14]],[["0,9729,9729,33071,33071,0,0,1",-1],[0],0,[],[],[]],[[{"name":"hat","rect":[0,23,140,94],"offset":[0,0],"originalSize":[140,140],"capInsets":[0,0,0,0]}],[1],0,[0],[0],[15]],[[{"name":"frog","rect":[0,0,140,139],"offset":[0,0.5],"originalSize":[140,140],"capInsets":[0,0,0,0]}],[1],0,[0],[0],[16]],[[{"name":"kid","rect":[28,1,86,139],"offset":[1,-0.5],"originalSize":[140,140],"capInsets":[0,0,0,0]}],[1],0,[0],[0],[17]],[[[0,"cow",".mp3",0.84],-1],0,0,[],[],[]],[["0,9729,9729,33071,33071,0,0,1",-1],[0],0,[],[],[]],[[[0,"grandpa",".mp3",1.32],-1],0,0,[],[],[]],[[{"name":"brother","rect":[28,1,86,139],"offset":[1,-0.5],"originalSize":[140,140],"capInsets":[0,0,0,0]}],[1],0,[0],[0],[18]],[[[0,"fire",".mp3",1.056],-1],0,0,[],[],[]],[[[0,"milk",".mp3",0.984],-1],0,0,[],[],[]],[["0,9729,9729,33071,33071,0,0,1",-1],[0],0,[],[],[]],[[[0,"sister",".mp3",1.2],-1],0,0,[],[],[]],[[[0,"frog",".mp3",1.128],-1],0,0,[],[],[]],[[{"name":"toy","rect":[0,0,130,140],"offset":[-5,0],"originalSize":[140,140],"capInsets":[0,0,0,0]}],[1],0,[0],[0],[19]],[[[0,"toy",".mp3",0.864],-1],0,0,[],[],[]],[["0,9729,9729,33071,33071,0,0,1",-1],[0],0,[],[],[]],[[{"name":"donkey","rect":[4,0,131,140],"offset":[-0.5,0],"originalSize":[140,140],"capInsets":[0,0,0,0]}],[1],0,[0],[0],[20]],[["0,9729,9729,33071,33071,0,0,1",-1],[0],0,[],[],[]],[[[0,"father",".mp3",1.08],-1],0,0,[],[],[]],[["0,9729,9729,33071,33071,0,0,1",-1],[0],0,[],[],[]],[["0,9729,9729,33071,33071,0,0,1",-1],[0],0,[],[],[]],[[{"name":"hen","rect":[4,0,126,140],"offset":[-3,0],"originalSize":[140,140],"capInsets":[0,0,0,0]}],[1],0,[0],[0],[21]],[[{"name":"pig","rect":[0,0,1301,1300],"offset":[0,0],"originalSize":[1301,1300],"capInsets":[0,0,0,0]}],[1],0,[0],[0],[22]],[[[0,"baby",".mp3",1.128],-1],0,0,[],[],[]],[[{"name":"box","rect":[0,7,140,127],"offset":[0,-0.5],"originalSize":[140,140],"capInsets":[0,0,0,0]}],[1],0,[0],[0],[23]],[["0,9729,9729,33071,33071,0,0,1",-1],[0],0,[],[],[]],[[[0,"sun",".mp3",1.056],-1],0,0,[],[],[]],[["0,9729,9729,33071,33071,0,0,1",-1],[0],0,[],[],[]],[[[0,"book",".mp3",0.864],-1],0,0,[],[],[]],[[[0,"cat",".mp3",0.936],-1],0,0,[],[],[]],[[[0,"Choose_the_right_one",".mp3",2.064],-1],0,0,[],[],[]],[[{"name":"drum","rect":[14,0,112,140],"offset":[0,0],"originalSize":[140,140],"capInsets":[0,0,0,0]}],[1],0,[0],[0],[24]],[["0,9729,9729,33071,33071,0,0,1",-1],[0],0,[],[],[]],[[{"name":"baby","rect":[0,0,370,273],"offset":[0,0],"originalSize":[370,273],"capInsets":[0,0,0,0]}],[1],0,[0],[0],[25]],[[{"name":"book","rect":[0,37,140,68],"offset":[0,-1],"originalSize":[140,140],"capInsets":[0,0,0,0]}],[1],0,[0],[0],[26]],[[{"name":"tree","rect":[19,20,98,101],"offset":[-2,-0.5],"originalSize":[140,140],"capInsets":[0,0,0,0]}],[1],0,[0],[0],[27]],[["0,9729,9729,33071,33071,0,0,1",-1],[0],0,[],[],[]],[[[0,"duck",".mp3",1.032],-1],0,0,[],[],[]],[[{"name":"cake","rect":[0,6,140,128],"offset":[0,0],"originalSize":[140,140],"capInsets":[0,0,0,0]}],[1],0,[0],[0],[28]],[["0,9729,9729,33071,33071,0,0,1",-1],[0],0,[],[],[]],[[{"name":"bug","rect":[15,11,110,120],"offset":[0,-1],"originalSize":[140,140],"capInsets":[0,0,0,0]}],[1],0,[0],[0],[29]],[["0,9729,9729,33071,33071,0,0,1",-1],[0],0,[],[],[]],[["0,9729,9729,33071,33071,0,0,1",-1],[0],0,[],[],[]],[[{"name":"grandmother","rect":[22,0,92,140],"offset":[-2,0],"originalSize":[140,140],"capInsets":[0,0,0,0]}],[1],0,[0],[0],[30]],[["0,9729,9729,33071,33071,0,0,1",-1],[0],0,[],[],[]],[[{"name":"duck","rect":[0,2,140,135],"offset":[0,0.5],"originalSize":[140,140],"capInsets":[0,0,0,0]}],[1],0,[0],[0],[31]],[[[0,"leaf",".mp3",1.008],-1],0,0,[],[],[]],[["0,9729,9729,33071,33071,0,0,1",-1],[0],0,[],[],[]]]]