[1,["69hVn4gpFM2bqNPEKTFjWG","2cmjJnoUJIX7Uwfep5QgJs","6dbkkkp59MNKsnZ1t3wV2T"],["_textureSetter"],["cc.Texture2D","cc.SpriteFrame",["cc.AudioClip",["_name","_native","duration"],0],["cc.JsonAsset",["_name","json"],1]],[[2,0,1,2,4],[3,0,1,3]],[[["0,9729,9729,33071,33071,0,0,1",-1],[0],0,[],[],[]],[[[0,"एकदंत",".mp3",0.914286],-1],0,0,[],[],[]],[[{"name":"एड़ी","rect":[0,1,400,253],"offset":[0,-0.5],"originalSize":[400,254],"capInsets":[0,0,0,0]}],[1],0,[0],[0],[0]],[[{"name":"एकदंत","rect":[0,0,400,333],"offset":[0,0],"originalSize":[400,333],"capInsets":[0,0,0,0]}],[1],0,[0],[0],[1]],[["0,9729,9729,33071,33071,0,0,1",-1],[0],0,[],[],[]],[["0,9729,9729,33071,33071,0,0,1",-1],[0],0,[],[],[]],[[[0,"एक",".mp3",0.574694],-1],0,0,[],[],[]],[[[0,"ए",".mp3",0.47025],-1],0,0,[],[],[]],[[{"name":"एक","rect":[10,0,373,332],"offset":[-3.5,0.5],"originalSize":[400,333],"capInsets":[0,0,0,0]}],[1],0,[0],[0],[2]],[[[1,"hi0007",{"rows":[["balloonpop","1","Description","2","ए","5","ए","ए.mp3"],["phonictractor","1","Description","5","ए","ए.mp3","ए","ए.mp3"],["writeletter","1","Description","ए","एड़ी"],["writecard","1","Description","ए","एड़ी","एड़ी.png","एड़ी.mp3","एकदंत","एकदंत.png","एकदंत.mp3","एक","एक.png","एक.mp3"],["quizliteracy","1","Description","soundonly_word","ए","ए","ऊ","इ","","","ए.mp3"],["quizliteracy","1","Description","word_word","ए","इ","आ","ए","","ए"],["quizliteracy","1","Description","soundonly_word","ए","ऊ","इ","ए","","","ए.mp3"]]}]],0,0,[],[],[]],[[[0,"एड़ी",".mp3",2.142041],-1],0,0,[],[],[]]]]