[1,["e9V+8QPKtNzqwqs7A816U/","9cFQwR2KNGYpEHa9Uz2zZk","26h5ageeBNN4MPFwyJIi4H","06Z1dt9MdFC7ukeCwhejsY","3a5mNWCm9IA6PsWX/BAOFf","11ZSmHXa5CiIjVDsoOhQuh","dcV/yAi9RDu77ZVYT5dgcf","e8PdoDi9VCz5xJTajOpFtL","d53HsB72NPf7ZQe7lzKh17","8fBsfunIxAbLKa3ONOWXSl"],["_textureSetter"],["cc.SpriteFrame","cc.Texture2D",["cc.JsonAsset",["_name","json"],1],["cc.AudioClip",["_name","_native","duration"],0]],[[3,0,1,2,4],[2,0,1,3]],[[[{"name":"दाँत","rect":[0,0,193,153],"offset":[0,0],"originalSize":[193,153],"capInsets":[0,0,0,0]}],[0],0,[0],[0],[0]],[[{"name":"होंठ","rect":[0,0,193,153],"offset":[0,0],"originalSize":[193,153],"capInsets":[0,0,0,0]}],[0],0,[0],[0],[1]],[["0,9729,9729,33071,33071,0,0,1",-1],[1],0,[],[],[]],[["0,9729,9729,33071,33071,0,0,1",-1],[1],0,[],[],[]],[[{"name":"नाक","rect":[25,6,146,136],"offset":[1.5,2.5],"originalSize":[193,153],"capInsets":[0,0,0,0]}],[0],0,[0],[0],[2]],[["0,9729,9729,33071,33071,0,0,1",-1],[1],0,[],[],[]],[[[1,"hi0807",{"rows":[["openwindow","1","Description","LEGIT","आँ,ख","आँख.png","नाक.png","आँख.mp3","ज,ग,न,ल,फ,छा,ता,र,थ,व,न,घ,ट्र,क,घो,ड़ा,हा,थी,आ,म,स"],["openwindow","1","Description","LEGIT","दाँ,त","दाँत.png","होंठ.png","दाँत.mp3","ज,ग,न,ल,फ,छा,ता,र,थ,व,न,घ,ट्र,क,घो,ड़ा,हा,थी,आ,म,स"],["phonictractor","1","Description","4","साँप","साँप.mp3","साँ","साँ.mp3","प","प.mp3"],["openwindow","1","Description","LEGIT","साँ,प","साँप.png","चूहा.png","साँप.mp3","ज,ग,न,ल,फ,छा,ता,र,थ,व,न,घ,ट्र,क,घो,ड़ा,हा,थी,आ,म,स"],["openwindow","1","Description","LEGIT","गाँ,व","गाँव.png","गाय.png","गाँव.mp3","ज,ग,न,ल,फ,छा,ता,र,थ,व,न,घ,ट्र,क,घो,ड़ा,हा,थी,आ,म,स"],["phonictractor","1","Description","5","आँख","आँख.mp3","आँ","आँ.mp3","ख","ख.mp3"],["rocket","1","Description","पाँच","पाँ,च","पाँ,च","पाँच.mp3","पाँच.png","false ","false "],["quizliteracy","1","Description","soundonly_word","आँख","दाँत","साँप","आँख","","","आँख.mp3"],["quizliteracy","1","Description","image_word","दाँत","साँप","आँख","दाँत","दाँत.png"],["quizliteracy","1","Description","soundonly_word","साँप","आँख","दाँत","साँप","","","साँप.mp3"]]}]],0,0,[],[],[]],[["0,9729,9729,33071,33071,0,0,1",-1],[1],0,[],[],[]],[[[0,"पौधा",".mp3",0.914286],-1],0,0,[],[],[]],[[{"name":"पाँच","rect":[28,29,212,213],"offset":[-1.5,0],"originalSize":[271,271],"capInsets":[0,0,0,0]}],[0],0,[0],[0],[3]],[[{"name":"चूहा","rect":[0,0,193,153],"offset":[0,0],"originalSize":[193,153],"capInsets":[0,0,0,0]}],[0],0,[0],[0],[4]],[[[0,"पाँच",".mp3",0.888163],-1],0,0,[],[],[]],[[{"name":"गाय","rect":[0,0,193,153],"offset":[0,0],"originalSize":[193,153],"capInsets":[0,0,0,0]}],[0],0,[0],[0],[5]],[[[0,"गाँव",".mp3",0.783673],-1],0,0,[],[],[]],[[[0,"प",".mp3",0.49625],-1],0,0,[],[],[]],[[{"name":"साँप","rect":[0,0,193,153],"offset":[0,0],"originalSize":[193,153],"capInsets":[0,0,0,0]}],[0],0,[0],[0],[6]],[["0,9729,9729,33071,33071,0,0,1",-1],[1],0,[],[],[]],[["0,9729,9729,33071,33071,0,0,1",-1],[1],0,[],[],[]],[[[0,"खिलौना",".mp3",0.809796],-1],0,0,[],[],[]],[[[0,"आँ",".mp3",0.49625],-1],0,0,[],[],[]],[[{"name":"आँख","rect":[0,0,193,153],"offset":[0,0],"originalSize":[193,153],"capInsets":[0,0,0,0]}],[0],0,[0],[0],[7]],[[[0,"दाँत",".mp3",0.835918],-1],0,0,[],[],[]],[[{"name":"लौकी","rect":[0,0,193,153],"offset":[0,0],"originalSize":[193,153],"capInsets":[0,0,0,0]}],[0],0,[0],[0],[8]],[[[0,"साँप",".mp3",0.835918],-1],0,0,[],[],[]],[["0,9729,9729,33071,33071,0,0,1",-1],[1],0,[],[],[]],[["0,9729,9729,33071,33071,0,0,1",-1],[1],0,[],[],[]],[[[0,"आँख",".mp3",0.679184],-1],0,0,[],[],[]],[[[0,"साँ",".mp3",0.653061],-1],0,0,[],[],[]],[[[0,"ख",".mp3",0.5225],-1],0,0,[],[],[]],[["0,9729,9729,33071,33071,0,0,1",-1],[1],0,[],[],[]],[["0,9729,9729,33071,33071,0,0,1",-1],[1],0,[],[],[]],[[{"name":"गाँव","rect":[0,0,193,153],"offset":[0,0],"originalSize":[193,153],"capInsets":[0,0,0,0]}],[0],0,[0],[0],[9]]]]