[1,["19+TaKvOlBKp6S6bp5FI2z"],["_textureSetter"],["cc.Texture2D","cc.SpriteFrame",["cc.AudioClip",["_name","_native","duration"],0],["cc.JsonAsset",["_name","json"],1]],[[2,0,1,2,4],[3,0,1,3]],[[["1,9729,9729,33071,33071,0,0,1",-1],[0],0,[],[],[]],[[[0,"where_is_the_cat",".mp3",1.824],-1],0,0,[],[],[]],[[[1,"en3202",{"rows":[["jumpsentence","1","Description","[The] [girl] [is] [@hungry.]","The_girl_is_hungry.mp3","y","unlocked"],["jumpsentence","1","Description","[They] [are] [my] [@brothers.]","They_are_my_brothers.mp3","y","unlocked"],["createsentence","1","Description","Where/is/the cat?","","Whereisthe_cat.jpg","where_is_the_cat.mp3"],["jumpsentence","1","Description","[He] [likes] [@oranges.]","He_likes_oranges.mp3","y","unlocked"],["quizliteracy","1","Description","soundonly_sentence","The girl is hungry. ","The girl is running. ","The girl is cute. ","The girl is hungry. ","","","The_girl_is_hungry.mp3"],["quizliteracy","1","Description","soundonly_sentence","They are my brothers. ","They are my brothers. ","He are my brothers. ","They is my brothers. ","","","They_are_my_brothers.mp3"],["quizliteracy","1","Description","soundonly_sentence","He likes oranges. ","Oranges he likes. ","He likes oranges. ","He oranges like. ","","","He_likes_oranges.mp3"]]}]],0,0,[],[],[]],[[{"name":"Whereisthe_cat","rect":[0,0,1200,900],"offset":[0,0],"originalSize":[1200,900],"capInsets":[0,0,0,0]}],[1],0,[0],[0],[0]],[[[0,"He_likes_oranges",".mp3",2.136],-1],0,0,[],[],[]],[[[0,"The_girl_is_hungry",".mp3",2.112],-1],0,0,[],[],[]],[[[0,"They_are_my_brothers",".mp3",1.968],-1],0,0,[],[],[]]]]