[1,["55lHfISrRJ3YizMjlIgvS2","5eL5v2PORLxKKxgefE20MS","c2TSclMcFAXZJusoda7aDp","31LiyDyBRF6qfNqzL7hN7A","09bGb3EIxGlqMd415oY3ka","ebJmGFUU5JcKWzjF5GLa+U","90qiBCLo9BgpJTbYQeLguv","4b/fV8GFdC+IlaRljT3LD5","16cuvphSpK54Vi1cDU/GjR"],["_textureSetter"],["cc.Texture2D","cc.SpriteFrame",["cc.AudioClip",["_name","_native","duration"],0],["cc.JsonAsset",["_name","json"],1]],[[2,0,1,2,4],[3,0,1,3]],[[["0,9729,9729,33071,33071,0,0,1",-1],[0],0,[],[],[]],[[[0,"boat",".mp3",0.653061],-1],0,0,[],[],[]],[["0,9729,9729,33071,33071,0,0,1",-1],[0],0,[],[],[]],[[[0,"count",".mp3",0.835918],-1],0,0,[],[],[]],[[{"name":"radio","rect":[0,0,512,451],"offset":[0,0],"originalSize":[512,451],"capInsets":[0,0,0,0]}],[1],0,[0],[0],[0]],[[[0,"house",".mp3",0.626939],-1],0,0,[],[],[]],[["0,9729,9729,33071,33071,0,0,1",-1],[0],0,[],[],[]],[[{"name":"shoulders","rect":[0,0,1534,1096],"offset":[0,0],"originalSize":[1534,1096],"capInsets":[0,0,0,0]}],[1],0,[0],[0],[1]],[[{"name":"shoulder","rect":[0,0,476,512],"offset":[0,0],"originalSize":[476,512],"capInsets":[0,0,0,0]}],[1],0,[0],[0],[2]],[["0,9729,9729,33071,33071,0,0,1",-1],[0],0,[],[],[]],[[[0,"touch",".mp3",0.835918],-1],0,0,[],[],[]],[[[0,"hack",".mp3",0.600816],-1],0,0,[],[],[]],[["0,9729,9729,33071,33071,0,0,1",-1],[0],0,[],[],[]],[[[0,"blot",".mp3",0.679184],-1],0,0,[],[],[]],[[[0,"black",".mp3",0.626939],-1],0,0,[],[],[]],[[[0,"sour",".mp3",0.888163],-1],0,0,[],[],[]],[["0,9729,9729,33071,33071,0,0,1",-1],[0],0,[],[],[]],[[[0,"loud",".mp3",0.757551],-1],0,0,[],[],[]],[[[0,"mouse",".mp3",0.783673],-1],0,0,[],[],[]],[[[0,"ou",".mp3",0.862041],-1],0,0,[],[],[]],[[[0,"shoulder",".mp3",0.835918],-1],0,0,[],[],[]],[[[0,"rain",".mp3",0.757551],-1],0,0,[],[],[]],[["0,9729,9729,33071,33071,0,0,1",-1],[0],0,[],[],[]],[[[0,"hot",".mp3",0.574694],-1],0,0,[],[],[]],[[[0,"ai",".mp3",1.097143],-1],0,0,[],[],[]],[[[0,"d_phonic",".mp3",0.522449],-1],0,0,[],[],[]],[[{"name":"spelling_house","rect":[0,0,370,273],"offset":[0,0],"originalSize":[370,273],"capInsets":[0,0,0,0]}],[1],0,[0],[0],[3]],[["0,9729,9729,33071,33071,0,0,1",-1],[0],0,[],[],[]],[[{"name":"touch","rect":[24,0,268,630],"offset":[0.5,0],"originalSize":[315,630],"capInsets":[0,0,0,0]}],[1],0,[0],[0],[4]],[[{"name":"blouse","rect":[0,47,600,505],"offset":[0,0.5],"originalSize":[600,600],"capInsets":[0,0,0,0]}],[1],0,[0],[0],[5]],[[[0,"paint",".mp3",0.888163],-1],0,0,[],[],[]],[[{"name":"feet","rect":[0,0,512,366],"offset":[0,0],"originalSize":[512,366],"capInsets":[0,0,0,0]}],[1],0,[0],[0],[6]],[[[0,"pet",".mp3",0.626939],-1],0,0,[],[],[]],[[{"name":"house","rect":[0,0,512,365],"offset":[0,0],"originalSize":[512,365],"capInsets":[0,0,0,0]}],[1],0,[0],[0],[7]],[["0,9729,9729,33071,33071,0,0,1",-1],[0],0,[],[],[]],[[[0,"blouse",".mp3",0.731429],-1],0,0,[],[],[]],[[[1,"sl_en1717",{"rows":[["grid","1","Description","h,bl","ouse,ack,ot"],["openwindow","1","Description","LEGIT","house","house.png","radio.png","house.mp3","abcdefghijklmnopqrstuvwxyz"],["rocket","1","Description","blouse","bl,ouse","bl,ouse","blouse.mp3","blouse.png","false","false"],["rocket","1","Description","shoulder","a,b,c,d,e,f,g,h,i,j,k,l,m,n,o,p,q,r,s,t,u,v,w,x,y,z","s,h,o,u,l,d,e,r","shoulder.mp3","shoulder.png","false","false"],["rocket","1","Description","touch","a,b,c,d,e,f,g,h,i,j,k,l,m,n,o,p,q,r,s,t,u,v,w,x,y,z","t,o,u,c,h","touch.mp3","touch.png","false","true"],["speakingpet","1","Description","ou.mp3","ai.mp3","mouse","mouse.mp3","A","2,3","count","count.mp3","A","2,3","paint","paint.mp3","B","2,3","rain","rain.mp3","B","2,3"],["speakingpet","1","Description","t_phonic.mp3","d_phonic.mp3","pet","pet.mp3","A","3","boat","boat.mp3","A","4","kid","kid.mp3","B","3","loud","loud.mp3","B","4"],["spelldoor","1","Description","house","h**se","2","2","spelling_house.png","house.mp3"],["quizliteracy","1","Description","soundonly_word","house","happy","road","house","","","house.mp3"],["quizliteracy","1","Description","soundonly_word","blouse","flower","yellow","blouse","","","blouse.mp3"],["quizliteracy","1","Description","soundonly_image","shoulder.png","feet.png","hands.png","shoulders.png","","","shoulder.mp3"],["quizliteracy","1","Description","soundonly_word","count","mouse","count","house","","","count.mp3"],["quizliteracy","1","Description","soundonly_word","mouse","mouse","blouse","house","","","mouse.mp3"]]}]],0,0,[],[],[]],[[[0,"kid",".mp3",0.653061],-1],0,0,[],[],[]],[[{"name":"hands","rect":[0,0,737,707],"offset":[0,0],"originalSize":[737,707],"capInsets":[0,0,0,0]}],[1],0,[0],[0],[8]],[[[0,"t_phonic",".mp3",0.391837],-1],0,0,[],[],[]]]]