[1,["d4EPGo5ZRD4q3D+TkYRGrc"],["_textureSetter"],["cc.SpriteFrame","cc.Texture2D",["cc.AudioClip",["_name","_native","duration"],0],["cc.JsonAsset",["_name","json"],1]],[[2,0,1,2,4],[3,0,1,3]],[[[[0,"ea",".mp3",1.056],-1],0,0,[],[],[]],[[[0,"have",".mp3",0.864],-1],0,0,[],[],[]],[[[0,"b",".mp3",0.912],-1],0,0,[],[],[]],[[[0,"ar",".mp3",0.696],-1],0,0,[],[],[]],[[[0,"check",".mp3",0.96],-1],0,0,[],[],[]],[[{"name":"soap","rect":[0,0,400,333],"offset":[0,0],"originalSize":[400,333],"capInsets":[0,0,0,0]}],[0],0,[0],[0],[0]],[[[0,"coat",".mp3",0.936],-1],0,0,[],[],[]],[[[0,"high",".mp3",0.888],-1],0,0,[],[],[]],[[[0,"goat",".mp3",1.08],-1],0,0,[],[],[]],[[[0,"s",".mp3",0.912],-1],0,0,[],[],[]],[[[0,"read",".mp3",0.96],-1],0,0,[],[],[]],[[[0,"kick",".mp3",0.816],-1],0,0,[],[],[]],[[[0,"ch",".mp3",1.32],-1],0,0,[],[],[]],[[[0,"arm",".mp3",0.84],-1],0,0,[],[],[]],[[[0,"kid",".mp3",0.792],-1],0,0,[],[],[]],[[[0,"loud",".mp3",1.008],-1],0,0,[],[],[]],[[[0,"oa",".mp3",0.864],-1],0,0,[],[],[]],[[[0,"pet",".mp3",0.912],-1],0,0,[],[],[]],[[[0,"k",".mp3",0.816],-1],0,0,[],[],[]],[[[0,"boat",".mp3",1.032],-1],0,0,[],[],[]],[[[1,"en1803",{"rows":[["speakingpet","1","Description","ar.mp3","oa.mp3","arm","arm.mp3","A","1","art","art.mp3","A","1","boat","boat.mp3","B","1","goat","goat.mp3","B","1"],["speakingpet","1","Description","h.mp3","b.mp3","have","have.mp3","A","1","high","high.mp3","A","1","ball","ball.mp3","B","1","boat","boat.mp3","B","1"],["speakingpet","1","Description","k.mp3","ch.mp3","coat","coat.mp3","A","1","check","check.mp3","B","1","chest","chest.mp3","B","1,2","chop","chop.mp3","B","1,2"],["speakingpet","1","Description","oa.mp3","ea.mp3","boat","boat.mp3","A","2,3","goat","goat.mp3","A","2,3","meal","meal.mp3","B","2,3","read","read.mp3","B","2,3"],["speakingpet","1","Description","s.mp3","k.mp3","sit","sit.mp3","A","1","soap","soap.mp3","A","1","key","key.mp3","B","1","kick","kick.mp3","B","1"],["speakingpet","1","Description","t.mp3","d.mp3","pet","pet.mp3","A","3","boat","boat.mp3","A","4","kid","kid.mp3","B","3","loud","loud.mp3","B","4"],["quizliteracy","1","Description","soundonly_word","goat","gift","pet","goat","","","goat.mp3"],["quizliteracy","1","Description","soundonly_word","boat","boat","lunch","have","","","boat.mp3"],["quizliteracy","1","Description","image_word","soap","soap","net","water","soap.png"]]}]],0,0,[],[],[]],[[[0,"h",".mp3",0.96],-1],0,0,[],[],[]],[[[0,"chop",".mp3",0.984],-1],0,0,[],[],[]],[[[0,"d",".mp3",1.008],-1],0,0,[],[],[]],[[[0,"ball",".mp3",0.96],-1],0,0,[],[],[]],[["0,9729,9729,33071,33071,0,0,1",-1],[1],0,[],[],[]],[[[0,"t",".mp3",0.816],-1],0,0,[],[],[]],[[[0,"key",".mp3",0.768],-1],0,0,[],[],[]],[[[0,"meal",".mp3",0.888],-1],0,0,[],[],[]],[[[0,"art",".mp3",0.912],-1],0,0,[],[],[]],[[[0,"soap",".mp3",1.08],-1],0,0,[],[],[]],[[[0,"chest",".mp3",1.128],-1],0,0,[],[],[]],[[[0,"sit",".mp3",1.032],-1],0,0,[],[],[]]]]