[1,["8blqAsR15Gw6ww6NlBVzsP","b2lKXgBWRDq4oRLXNO8aJW","782sQSLoVGCKaA0ujXvmDr","f3YMfi765BgbUYy27o3AuD","67TjqrXx9BF6vsLmPklmru","4djVAVE+tOYq2pV35XfGI5"],["_textureSetter"],["cc.SpriteFrame","cc.Texture2D",["cc.JsonAsset",["_name","json"],1],["cc.AudioClip",["_name","_native","duration"],0]],[[3,0,1,2,4],[2,0,1,3]],[[[{"name":"telephone","rect":[0,0,800,450],"offset":[0,0],"originalSize":[800,450],"capInsets":[0,0,0,0]}],[0],0,[0],[0],[0]],[[{"name":"birdnest","rect":[0,0,800,532],"offset":[0,0],"originalSize":[800,532],"capInsets":[0,0,0,0]}],[0],0,[0],[0],[1]],[[{"name":"hair","rect":[0,0,558,800],"offset":[0,0],"originalSize":[558,800],"capInsets":[0,0,0,0]}],[0],0,[0],[0],[2]],[[[1,"kn4207",{"rows":[["spelldoor","1","Description","ದೂರವಾಣಿ","*ರವಾಣಿ","0","0","telephone.png","ದೂರವಾಣಿ.mp3"],["spelldoor","1","Description","ಜಾದೂಗಾರ","ಜಾ*ಗಾರ","0","0","magician.png","ಜಾದೂಗಾರ.mp3"],["spelldoor","1","Description","ಕೂದಲು","*ದಲು","0","0","hair.png","ಕೂದಲು.mp3"],["spelldoor","1","Description","ಮೂರು","*ರು","0","0","three.png","ಮೂರು.mp3"],["spelldoor","1","Description","ಬಲೂನು","ಬ*ನು","0","0","balloon.png","ಬಲೂನು.mp3"],["spelldoor","1","Description","ಗೂಡು","*ಡು","0","0","birdnest.png","ಗೂಡು.mp3"],["quizliteracy","1","Description","word_word","ದಲು","ದಲು","ರಿಸು","ಸು","","ಕೂ__","ಕೂದಲು.mp3"],["quizliteracy","1","Description","image_word","ಗೂಡು","ಬಲೂನು","ಗೂಡು","ಜಾದೂಗಾರ","birdnest.png"],["quizliteracy","1","Description","soundonly_word","ಜಾದೂಗಾರ","ದೂರವಾಣಿ","ಮೂರು","ಜಾದೂಗಾರ","","","ಜಾದೂಗಾರ.mp3"]]}]],0,0,[],[],[]],[[[0,"ದೂರವಾಣಿ",".mp3",0.984],-1],0,0,[],[],[]],[["0,9729,9729,33071,33071,0,0,1",-1],[1],0,[],[],[]],[[[0,"ಗೂಡು",".mp3",0.72],-1],0,0,[],[],[]],[[[0,"ಕೂದಲು",".mp3",0.816],-1],0,0,[],[],[]],[["0,9729,9729,33071,33071,0,0,1",-1],[1],0,[],[],[]],[["0,9729,9729,33071,33071,0,0,1",-1],[1],0,[],[],[]],[[{"name":"three","rect":[0,0,800,590],"offset":[0,0],"originalSize":[800,590],"capInsets":[0,0,0,0]}],[0],0,[0],[0],[3]],[["0,9729,9729,33071,33071,0,0,1",-1],[1],0,[],[],[]],[[[0,"ಜಾದೂಗಾರ",".mp3",1.08],-1],0,0,[],[],[]],[[[0,"ಬಲೂನು",".mp3",0.84],-1],0,0,[],[],[]],[["0,9729,9729,33071,33071,0,0,1",-1],[1],0,[],[],[]],[[{"name":"magician","rect":[0,0,800,532],"offset":[0,0],"originalSize":[800,532],"capInsets":[0,0,0,0]}],[0],0,[0],[0],[4]],[[{"name":"balloon","rect":[0,0,800,600],"offset":[0,0],"originalSize":[800,600],"capInsets":[0,0,0,0]}],[0],0,[0],[0],[5]],[["0,9729,9729,33071,33071,0,0,1",-1],[1],0,[],[],[]],[[[0,"ಮೂರು",".mp3",0.696],-1],0,0,[],[],[]]]]