[1,["35D6QpDoZFMqeBvldmsXXQ","06/WmZ0BJAzbmgNCFLFbhK","cdeRVZ731I66UH82NsjDdj","70htKaOnVL7qZMebFFngf0"],["_textureSetter"],["cc.SpriteFrame","cc.Texture2D",["cc.AudioClip",["_name","_native","duration"],0],["cc.JsonAsset",["_name","json"],1]],[[2,0,1,2,4],[3,0,1,3]],[[[[0,"ch",".mp3",1.32],-1],0,0,[],[],[]],[[{"name":"clock","rect":[36,36,846,594],"offset":[0,0],"originalSize":[918,666],"capInsets":[0,0,0,0]}],[0],0,[0],[0],[0]],[[[0,"ck",".mp3",1.2],-1],0,0,[],[],[]],[["0,9729,9729,33071,33071,0,0,1",-1],[1],0,[],[],[]],[[[0,"tr",".mp3",1.08],-1],0,0,[],[],[]],[["0,9729,9729,33071,33071,0,0,1",-1],[1],0,[],[],[]],[[[0,"choose",".mp3",1.08],-1],0,0,[],[],[]],[[[0,"child",".mp3",1.128],-1],0,0,[],[],[]],[[[0,"fresh",".mp3",1.224],-1],0,0,[],[],[]],[[[0,"tree",".mp3",0.888],-1],0,0,[],[],[]],[[[0,"k",".mp3",0.816],-1],0,0,[],[],[]],[[[0,"clock",".mp3",0.96],-1],0,0,[],[],[]],[[[0,"key",".mp3",0.768],-1],0,0,[],[],[]],[[[0,"s",".mp3",0.912],-1],0,0,[],[],[]],[[[0,"chick",".mp3",0.936],-1],0,0,[],[],[]],[[{"name":"truck","rect":[0,0,1200,1000],"offset":[0,0],"originalSize":[1200,1000],"capInsets":[0,0,0,0]}],[0],0,[0],[0],[1]],[["1,9729,9729,33071,33071,0,0,1",-1],[1],0,[],[],[]],[[[0,"push",".mp3",0.912],-1],0,0,[],[],[]],[[[0,"sh",".mp3",1.224],-1],0,0,[],[],[]],[[[0,"soap",".mp3",1.08],-1],0,0,[],[],[]],[[[0,"sit",".mp3",1.032],-1],0,0,[],[],[]],[[[0,"rock",".mp3",1.008],-1],0,0,[],[],[]],[[[0,"wh",".mp3",1.656],-1],0,0,[],[],[]],[[{"name":"spelling_clock","rect":[0,0,370,273],"offset":[0,0],"originalSize":[370,273],"capInsets":[0,0,0,0]}],[0],0,[0],[0],[2]],[[[0,"cheek",".mp3",1.008],-1],0,0,[],[],[]],[[[0,"truck",".mp3",0.912],-1],0,0,[],[],[]],[["0,9729,9729,33071,33071,0,0,1",-1],[1],0,[],[],[]],[[[0,"whale",".mp3",0.936],-1],0,0,[],[],[]],[[[0,"kick",".mp3",0.816],-1],0,0,[],[],[]],[[[0,"why",".mp3",0.864],-1],0,0,[],[],[]],[[{"name":"duck","rect":[0,0,800,533],"offset":[0,0],"originalSize":[800,533],"capInsets":[0,0,0,0]}],[0],0,[0],[0],[3]],[[[0,"duck",".mp3",1.032],-1],0,0,[],[],[]],[[[1,"en1609",{"rows":[["speakingpet","1","Description","s.mp3","k.mp3","sit","sit.mp3","A","1","soap","soap.mp3","A","1","key","key.mp3","B","1","kick","kick.mp3","B","1"],["speakingpet","1","Description","sh.mp3","ck.mp3","fresh","fresh.mp3","A","4,5","push","push.mp3","A","3,4","truck","truck.mp3","B","4,5","rock","rock.mp3","B","3,4"],["speakingpet","1","Description","tr.mp3","ch.mp3","truck","truck.mp3","A","1,2","tree","tree.mp3","A","1,2","cheek","cheek.mp3","B","1,2","child","child.mp3","B","1,2"],["speakingpet","1","Description","wh.mp3","ch.mp3","whale","whale.mp3","A","1,2","why","why.mp3","A","1,2","choose","choose.mp3","B","1,2","chick","chick.mp3","B","1,2"],["spelldoor","1","Description","clock","*****","4","3","spelling_clock.png","clock.mp3"],["writeword","1","Description","duck","duck.jpg","duck.mp3"],["writeword","1","Description","clock","clock.png","clock.mp3"],["quizliteracy","1","Description","soundonly_word","kick","black","crab","kick","","","kick.mp3"],["quizliteracy","1","Description","image_word","duck","duck","crab","nest","duck.jpg"],["quizliteracy","1","Description","image_word","truck","truck","key","lemon","truck.png"],["quizliteracy","1","Description","image_word","clock","house","paper","clock","clock.png"]]}]],0,0,[],[],[]]]]