[1,["a2g41NxVNKs71hLDT0s0D6","54TxJMFhVG8ZCnhrWsPY76","54NoJmbdZHFbHX01ogLMch","c9t2w7vVdBKaBj90ZFI/+7","47hk3wj99A2bPdntdP5Szy"],["_textureSetter"],["cc.SpriteFrame","cc.Texture2D",["cc.AudioClip",["_name","_native","duration"],0],["cc.JsonAsset",["_name","json"],1]],[[2,0,1,2,4],[3,0,1,3]],[[[{"name":"Half_glass_milk","rect":[0,0,512,512],"offset":[0,0],"originalSize":[512,512],"capInsets":[0,0,0,0]}],[0],0,[0],[0],[0]],[[[0,"Half_bag_of_rice",".mp3",1.645714],-1],0,0,[],[],[]],[[{"name":"Half_bucket_water","rect":[59,25,288,473],"offset":[-7,-5.5],"originalSize":[420,512],"capInsets":[0,0,0,0]}],[0],0,[0],[0],[1]],[["0,9729,9729,33071,33071,0,0,1",-1],[1],0,[],[],[]],[[[0,"Half_plate_fruits",".mp3",1.828571],-1],0,0,[],[],[]],[["0,9729,9729,33071,33071,0,0,1",-1],[1],0,[],[],[]],[["0,9729,9729,33071,33071,0,0,1",-1],[1],0,[],[],[]],[[{"name":"Tub_half_filled_with_water","rect":[0,0,404,473],"offset":[0,0],"originalSize":[404,473],"capInsets":[0,0,0,0]}],[0],0,[0],[0],[2]],[[[1,"sl_en3815",{"rows":[["createsentence","1","Description","Half/bag/of/rice.","Full","Half_bag_of_rice.png","Half_bag_of_rice.mp3"],["createsentence","1","Description","Half/glass/milk.","Full","Half_glass_milk.png","Half_glass_milk.mp3"],["createsentence","1","Description","Half/plate/fruits.","Full","Half_plate_fruits.png","Half_plate_fruits.mp3"],["createsentence","1","Description","Half/bucket/water.","Full","Half_bucket_water.png","Half_bucket_water.mp3"],["createsentence","1","Description","Jar/half/full/of/candies.","full","Jar_half_full_of_candies.png","Jar_half_full_of_candies.mp3"],["createsentence","1","Description","Tub/half/filled/with/water.","full","Tub_half_filled_with_water.png","Tub_half_filled_with_water.mp3"],["quizliteracy","1","Description","image_sentence","Half bag of rice.","Half bag of rice.","Half plate fruits.","Jar half full of candies.","Half_bag_of_rice.png","","Half_bag_of_rice.mp3"],["quizliteracy","1","Description","image_sentence","Half plate fruits.","Jar half full of candies.","Half bag of rice.","Half plate fruits.","Half_plate_fruits.png","","Half_plate_fruits.mp3"],["quizliteracy","1","Description","image_sentence","Jar half full of candies.","Half plate fruits.","Jar half full of candies.","Half bag of rice.","Jar_half_full_of_candies.png","","Jar_half_full_of_candies.mp3"]]}]],0,0,[],[],[]],[[{"name":"Jar_half_full_of_candies","rect":[0,0,360,439],"offset":[0,0],"originalSize":[360,439],"capInsets":[0,0,0,0]}],[0],0,[0],[0],[3]],[[[0,"Half_glass_milk",".mp3",1.645714],-1],0,0,[],[],[]],[[[0,"Half_bucket_water",".mp3",1.410612],-1],0,0,[],[],[]],[["0,9729,9729,33071,33071,0,0,1",-1],[1],0,[],[],[]],[[{"name":"Half_plate_fruits","rect":[0,0,512,384],"offset":[0,0],"originalSize":[512,384],"capInsets":[0,0,0,0]}],[0],0,[0],[0],[4]],[[[0,"Jar_half_full_of_candies",".mp3",2.142041],-1],0,0,[],[],[]],[["0,9729,9729,33071,33071,0,0,1",-1],[1],0,[],[],[]],[[[0,"Tub_half_filled_with_water",".mp3",2.795102],-1],0,0,[],[],[]]]]