[1,["db1GYxjqZK/LM2NQxJC45O","55vC6vvdpOiLG9Gbv6msAh","7825rLhItKdaBlSCeOz1xS","bfvmDMlBFBC6gnr2blSzMu","48UQpZUxJFV7IamT6+FN9t","6a5db5LtpJJbUQU8/2Avap","82tV6GUL5BdZPQbuq1kvps","e6somqJUpLI5kmjRQvBcvl","5amd0E8CBIOIj/JFDvPUjt","3b1HGs4AhMbKW4eYhRV4yh","26oW2blSBGb6aVYDDP6FVk","88rx/8aPZOqICwcOVcdu9n"],["_textureSetter"],["cc.SpriteFrame","cc.Texture2D",["cc.AudioClip",["_name","_native","duration"],0],["cc.JsonAsset",["_name","json"],1]],[[2,0,1,2,4],[3,0,1,3]],[[[{"name":"matchinggame_rectangle_level1_medium","rect":[72,41,46,68],"offset":[0,0],"originalSize":[190,150],"capInsets":[0,0,0,0]}],[0],0,[0],[0],[0]],[[{"name":"matchinggame_square_level1_small","rect":[76,56,38,38],"offset":[0,0],"originalSize":[190,150],"capInsets":[0,0,0,0]}],[0],0,[0],[0],[1]],[[{"name":"matchinggame_triangle_level1_large","rect":[41,26,109,94],"offset":[0.5,2],"originalSize":[190,150],"capInsets":[0,0,0,0]}],[0],0,[0],[0],[2]],[[{"name":"matchinggame_triangle_level1_medium","rect":[62,49,66,57],"offset":[0,-2.5],"originalSize":[190,150],"capInsets":[0,0,0,0]}],[0],0,[0],[0],[3]],[["0,9729,9729,33071,33071,0,0,1",-1],[1],0,[],[],[]],[["0,9729,9729,33071,33071,0,0,1",-1],[1],0,[],[],[]],[[{"name":"matchinggame_circle_level1_medium","rect":[61,41,67,67],"offset":[-0.5,0.5],"originalSize":[190,150],"capInsets":[0,0,0,0]}],[0],0,[0],[0],[4]],[["0,9729,9729,33071,33071,0,0,1",-1],[1],0,[],[],[]],[[{"name":"matchinggame_rectangle_level1_small","rect":[82,55,26,40],"offset":[0,0],"originalSize":[190,150],"capInsets":[0,0,0,0]}],[0],0,[0],[0],[5]],[["0,9729,9729,33071,33071,0,0,1",-1],[1],0,[],[],[]],[["0,9729,9729,33071,33071,0,0,1",-1],[1],0,[],[],[]],[[[0,"triangle",".mp3",0.888163],-1],0,0,[],[],[]],[["0,9729,9729,33071,33071,0,0,1",-1],[1],0,[],[],[]],[[{"name":"matchinggame_triangle_level1_small","rect":[78,66,34,30],"offset":[0,-6],"originalSize":[190,150],"capInsets":[0,0,0,0]}],[0],0,[0],[0],[6]],[[{"name":"matchinggame_square_level1_medium","rect":[64,44,63,63],"offset":[0.5,-0.5],"originalSize":[190,150],"capInsets":[0,0,0,0]}],[0],0,[0],[0],[7]],[[{"name":"matchinggame_rectangle_level1_large","rect":[61,25,68,100],"offset":[0,0],"originalSize":[190,150],"capInsets":[0,0,0,0]}],[0],0,[0],[0],[8]],[["0,9729,9729,33071,33071,0,0,1",-1],[1],0,[],[],[]],[[[0,"circle",".mp3",1.123265],-1],0,0,[],[],[]],[["0,9729,9729,33071,33071,0,0,1",-1],[1],0,[],[],[]],[["0,9729,9729,33071,33071,0,0,1",-1],[1],0,[],[],[]],[[{"name":"matchinggame_circle_level1_small","rect":[77,57,35,35],"offset":[-0.5,0.5],"originalSize":[190,150],"capInsets":[0,0,0,0]}],[0],0,[0],[0],[9]],[[[1,"sl_maths0500",{"rows":[["shapepair","1","Description","image","image","matchinggame_circle_level1_large.png","matchinggame_circle_level1_large.png","circle.mp3","matchinggame_rectangle_level1_large.png","matchinggame_rectangle_level1_large.png","rectangle.mp3","matchinggame_square_level1_large.png","matchinggame_square_level1_large.png","square.mp3","matchinggame_triangle_level1_large.png","matchinggame_triangle_level1_large.png","triangle.mp3"],["shapepair","1","Description","image","image","matchinggame_circle_level1_large.png","matchinggame_circle_level1_medium.png","circle.mp3","matchinggame_rectangle_level1_large.png","matchinggame_rectangle_level1_medium.png","rectangle.mp3","matchinggame_square_level1_large.png","matchinggame_square_level1_medium.png","square.mp3","matchinggame_triangle_level1_large.png","matchinggame_triangle_level1_medium.png","triangle.mp3"],["shapepair","1","Description","image","image","matchinggame_circle_level1_large.png","matchinggame_circle_level1_small.png","circle.mp3","matchinggame_rectangle_level1_large.png","matchinggame_rectangle_level1_small.png","rectangle.mp3","matchinggame_square_level1_large.png","matchinggame_square_level1_small.png","square.mp3","matchinggame_triangle_level1_large.png","matchinggame_triangle_level1_small.png","triangle.mp3"],["quizmaths","1","Description","shapes","square","circle","square","triangle","rectangle","which","which_is_a_square","Which is a square?"],["quizmaths","1","Description","shapes","triangle","circle","square","triangle","rectangle","which","which_is_a_triangle","Which is a triangle?"],["quizmaths","1","Description","shapes","rectangle","circle","square","triangle","rectangle","which","which_is_a_rectangle","Which is a rectangle?"]]}]],0,0,[],[],[]],[[[0,"rectangle",".mp3",1.227755],-1],0,0,[],[],[]],[[[0,"square",".mp3",0.966531],-1],0,0,[],[],[]],[["0,9729,9729,33071,33071,0,0,1",-1],[1],0,[],[],[]],[["0,9729,9729,33071,33071,0,0,1",-1],[1],0,[],[],[]],[[{"name":"matchinggame_square_level1_large","rect":[49,29,92,92],"offset":[0,0],"originalSize":[190,150],"capInsets":[0,0,0,0]}],[0],0,[0],[0],[10]],[[{"name":"matchinggame_circle_level1_large","rect":[45,26,101,101],"offset":[0.5,-1.5],"originalSize":[190,150],"capInsets":[0,0,0,0]}],[0],0,[0],[0],[11]],[["0,9729,9729,33071,33071,0,0,1",-1],[1],0,[],[],[]]]]