[1,["07NpHxQNRKHLt7q33T1Aoj","bckpF3M6hFlI3/58Z3o28y","fd0ma7fchMf56BS9YQUodw","c6fI1eUQxHhbJ8SXRkT6yA","50rER8uv5JYKbJX5D4PJ3F","d6wDXsrwpFbaMTdbQ3mA6I","04EQ+/CtFDs5zynVJn1tnj","a4eV9BqWZKQ7dWFmRWh9tl","d8LXzz3S9KdYZu1BEs0M3A","e1hxknm5tOCYB1V34urSkO","5ctLUda+xDJa74WZzq4400","bfFYJuUUJJq66+U9NSCvgc"],["_textureSetter"],["cc.Texture2D","cc.SpriteFrame",["cc.AudioClip",["_name","_native","duration"],0],["cc.JsonAsset",["_name","json"],1]],[[2,0,1,2,4],[3,0,1,3]],[[["1,9729,9729,33071,33071,0,0,1",-1],[0],0,[],[],[]],[["1,9729,9729,33071,33071,0,0,1",-1],[0],0,[],[],[]],[[{"name":"The_elephantrunsfast","rect":[0,0,1073,1073],"offset":[0,0],"originalSize":[1073,1073],"capInsets":[0,0,0,0]}],[1],0,[0],[0],[0]],[[[0,"The_ball_bounces_high",".mp3",1.593469],-1],0,0,[],[],[]],[[[0,"Dogs_bark_loudly",".mp3",1.697959],-1],0,0,[],[],[]],[[[0,"The_dogs_run_fast",".mp3",1.567347],-1],0,0,[],[],[]],[[{"name":"motorbike","rect":[0,0,740,740],"offset":[0,0],"originalSize":[740,740],"capInsets":[0,0,0,0]}],[1],0,[0],[0],[1]],[[{"name":"He_can_run_fast","rect":[0,0,543,800],"offset":[0,0],"originalSize":[543,800],"capInsets":[0,0,0,0]}],[1],0,[0],[0],[2]],[[[0,"The_motorbike_is_fast",".mp3",1.985306],-1],0,0,[],[],[]],[[{"name":"Dogsbarkloudly","rect":[0,0,1600,973],"offset":[0,0],"originalSize":[1600,973],"capInsets":[0,0,0,0]}],[1],0,[0],[0],[3]],[[{"name":"Weswamyesterday","rect":[0,0,1200,537],"offset":[0,0],"originalSize":[1200,537],"capInsets":[0,0,0,0]}],[1],0,[0],[0],[4]],[[[0,"He_can_run_fast",".mp3",1.515102],-1],0,0,[],[],[]],[["1,9729,9729,33071,33071,0,0,1",-1],[0],0,[],[],[]],[[{"name":"Paulscreamsloudly","rect":[0,0,1073,861],"offset":[0,0],"originalSize":[1073,861],"capInsets":[0,0,0,0]}],[1],0,[0],[0],[5]],[["1,9729,9729,33071,33071,0,0,1",-1],[0],0,[],[],[]],[[[1,"sl_en2801",{"rows":[["createsentence","1","Description","John/eats/fast","","I_eat.png","John_eats_fast.mp3"],["createsentence","1","Description","He/can/run/fast","","He_can_run_fast.png","He_can_run_fast.mp3"],["createsentence","1","Description","The dogs/run/fast","","The_dogsrunfast.jpg","The_dogs_run_fast.mp3"],["createsentence","1","Description","Paul/screams/loudly","","Paulscreamsloudly.jpg","Paul_screams_loudly.mp3"],["createsentence","1","Description","We/swam/yesterday","","Weswamyesterday.jpg","We_swam_yesterday.mp3"],["createsentence","1","Description","The tree/grows/slowly","","The_plantgrows.jpg","The_tree_grows_slowly.mp3"],["createsentence","1","Description","The ball/bounces/high","","The_ballbounceshigh.jpg","The_ball_bounces_high.mp3"],["createsentence","1","Description","The elephant/runs/fast","","The_elephantrunsfast.jpg","The_elephant_runs_fast.mp3"],["createsentence","1","Description","The bird/flies/high","","Birdsfly.jpg","The_bird_flies_high.mp3"],["createsentence","1","Description","Dogs/bark/loudly","","Dogsbarkloudly.jpg","Dogs_bark_loudly.mp3"],["createsentence","1","Description","The motorbike/is/fast","slow","motorbike.png","The_motorbike_is_fast.mp3"],["quizliteracy","1","Description","image_sentence","John eats fast.","John runs fast.","John eats fast.","John swims fast.","I_eat.jpg","","John_eats_fast.mp3"],["quizliteracy","1","Description","image_sentence","The dogs run fast.","The dogs run fast.","The dogs eat fast.","The dogs swims fast.","The_dogsrunfast.jpg","","The_dogs_run_fast.mp3"],["quizliteracy","1","Description","sentence_sentence","yesterday","today","yesterday","tomorrow","","We swam _________.","We_swam_yesterday.mp3"],["quizliteracy","1","Description","sentence_sentence","loudly","loudly","slowly","quickly","","Mabinty screams _______.","Mabinty_screams_loudly.mp3"],["quizliteracy","1","Description","sentence_sentence","fast","slow","quick","fast","","The motorbike is ____.","The_motorbike_is_fast.mp3"]]}]],0,0,[],[],[]],[[{"name":"The_ballbounceshigh","rect":[0,0,1073,772],"offset":[0,0],"originalSize":[1073,772],"capInsets":[0,0,0,0]}],[1],0,[0],[0],[6]],[[{"name":"The_dogsrunfast","rect":[0,0,799,526],"offset":[0,0],"originalSize":[799,526],"capInsets":[0,0,0,0]}],[1],0,[0],[0],[7]],[[[0,"We_swam_yesterday",".mp3",1.880816],-1],0,0,[],[],[]],[[{"name":"I_eat","rect":[261,32,423,588],"offset":[32.5,-16],"originalSize":[880,620],"capInsets":[0,0,0,0]}],[1],0,[0],[0],[8]],[[[0,"The_elephant_runs_fast",".mp3",2.377143],-1],0,0,[],[],[]],[[{"name":"Birdsfly","rect":[0,0,1631,1080],"offset":[0,0],"originalSize":[1631,1080],"capInsets":[0,0,0,0]}],[1],0,[0],[0],[9]],[["1,9729,9729,33071,33071,0,0,1",-1],[0],0,[],[],[]],[[[0,"The_tree_grows_slowly",".mp3",1.697959],-1],0,0,[],[],[]],[["0,9729,9729,33071,33071,0,0,1",-1],[0],0,[],[],[]],[[{"name":"The_plantgrows","rect":[0,0,800,536],"offset":[0,0],"originalSize":[800,536],"capInsets":[0,0,0,0]}],[1],0,[0],[0],[10]],[["1,9729,9729,33071,33071,0,0,1",-1],[0],0,[],[],[]],[["1,9729,9729,33071,33071,0,0,1",-1],[0],0,[],[],[]],[["1,9729,9729,33071,33071,0,0,1",-1],[0],0,[],[],[]],[[{"name":"The_truckcarriesthings","rect":[0,0,1073,1157],"offset":[0,0],"originalSize":[1073,1157],"capInsets":[0,0,0,0]}],[1],0,[0],[0],[11]],[["0,9729,9729,33071,33071,0,0,1",-1],[0],0,[],[],[]],[[[0,"Mabinty_screams_loudly",".mp3",2.142041],-1],0,0,[],[],[]],[["1,9729,9729,33071,33071,0,0,1",-1],[0],0,[],[],[]],[[[0,"The_bird_flies_high",".mp3",1.724082],-1],0,0,[],[],[]],[[[0,"Paul_screams_loudly",".mp3",1.985306],-1],0,0,[],[],[]],[["0,9729,9729,33071,33071,0,0,1",-1],[0],0,[],[],[]],[[[0,"John_eats_fast",".mp3",1.38449],-1],0,0,[],[],[]]]]