[1,["ecI5jODLtNSLF0CUVVZGyD","19hFRWiM9Nz4qdkkEVu7Nw","deOzWC92hH5aNpUb4QuN/N","1elKQ+iB1IhplYybhFjnka"],["_textureSetter"],["cc.SpriteFrame","cc.Texture2D",["cc.JsonAsset",["_name","json"],1],["cc.AudioClip",["_name","_native","duration"],0]],[[3,0,1,2,4],[2,0,1,3]],[[[{"name":"red","rect":[0,0,750,500],"offset":[0,0],"originalSize":[750,500],"capInsets":[0,0,0,0]}],[0],0,[0],[0],[0]],[["0,9729,9729,33071,33071,0,0,1",-1],[1],0,[],[],[]],[["0,9729,9729,33071,33071,0,0,1",-1],[1],0,[],[],[]],[[[1,"sl_en3102",{"rows":[["writeword","1","Description","violet","violet.png","violet.mp3"],["writeword","1","Description","indigo","indigo.png","indigo.mp3"],["writeword","1","Description","blue","blue.png","blue.mp3"],["writeword","1","Description","green","green.png","green.mp3"],["writeword","1","Description","yellow","yellow.png","yellow.mp3"],["writeword","1","Description","orange","orange.png","orange.mp3"],["writeword","1","Description","red","red.png","red.mp3"],["quizliteracy","1","Description","image_word","violet","blue","indigo","violet","violet.png"],["quizliteracy","1","Description","image_word","green","indigo","green","blue","green.png"],["quizliteracy","1","Description","image_word","red","red","blue","yellow","red.png"]]}]],0,0,[],[],[]],[[{"name":"yellow","rect":[36,36,846,594],"offset":[0,0],"originalSize":[918,666],"capInsets":[0,0,0,0]}],[0],0,[0],[0],[1]],[[{"name":"green","rect":[0,0,322,382],"offset":[0,0],"originalSize":[322,382],"capInsets":[0,0,0,0]}],[0],0,[0],[0],[2]],[[[0,"green",".mp3",0.731429],-1],0,0,[],[],[]],[[[0,"blue",".mp3",0.522449],-1],0,0,[],[],[]],[[[0,"yellow",".mp3",0.888163],-1],0,0,[],[],[]],[[[0,"orange",".mp3",0.862041],-1],0,0,[],[],[]],[[[0,"red",".mp3",0.626939],-1],0,0,[],[],[]],[["0,9729,9729,33071,33071,0,0,1",-1],[1],0,[],[],[]],[["0,9729,9729,33071,33071,0,0,1",-1],[1],0,[],[],[]],[[{"name":"orange","rect":[0,0,400,333],"offset":[0,0],"originalSize":[400,333],"capInsets":[0,0,0,0]}],[0],0,[0],[0],[3]]]]