[1,["3dWwqzueFCj4BNTKRgMVBj","25mbx32ZhIOb/EHxXggt7V","43KAmrIkNHcYsdbROCbB2j","78g8ujhEhIBrJIlLex+X0h","a2KaKgUzxCHYPu2gBeWWCg","33/yannBJNTKYPhmUZCWbo","29rg8S0x9HMLm5F6nVu1PZ","e1WiQzO7JKV6oVYlj/6m8y"],["_textureSetter"],["cc.SpriteFrame","cc.Texture2D",["cc.AudioClip",["_name","_native","duration"],0],["cc.JsonAsset",["_name","json"],1]],[[2,0,1,2,4],[3,0,1,3]],[[[{"name":"पीठ","rect":[0,0,370,273],"offset":[0,0],"originalSize":[370,273],"capInsets":[0,0,0,0]}],[0],0,[0],[0],[0]],[[[0,"सींग",".mp3",0.914286],-1],0,0,[],[],[]],[[{"name":"नदी","rect":[0,0,370,273],"offset":[0,0],"originalSize":[370,273],"capInsets":[0,0,0,0]}],[0],0,[0],[0],[1]],[[{"name":"सींग","rect":[0,0,271,271],"offset":[0,0],"originalSize":[271,271],"capInsets":[0,0,0,0]}],[0],0,[0],[0],[2]],[[[0,"खीरा",".mp3",0.835918],-1],0,0,[],[],[]],[[[0,"लकडी",".mp3",0.783673],-1],0,0,[],[],[]],[[[0,"नदी",".mp3",0.731429],-1],0,0,[],[],[]],[["0,9729,9729,33071,33071,0,0,1",-1],[1],0,[],[],[]],[["0,9729,9729,33071,33071,0,0,1",-1],[1],0,[],[],[]],[[{"name":"बीज","rect":[0,0,370,273],"offset":[0,0],"originalSize":[370,273],"capInsets":[0,0,0,0]}],[0],0,[0],[0],[3]],[[{"name":"झील","rect":[0,0,370,273],"offset":[0,0],"originalSize":[370,273],"capInsets":[0,0,0,0]}],[0],0,[0],[0],[4]],[["0,9729,9729,33071,33071,0,0,1",-1],[1],0,[],[],[]],[["0,9729,9729,33071,33071,0,0,1",-1],[1],0,[],[],[]],[["0,9729,9729,33071,33071,0,0,1",-1],[1],0,[],[],[]],[[{"name":"गली","rect":[0,0,370,273],"offset":[0,0],"originalSize":[370,273],"capInsets":[0,0,0,0]}],[0],0,[0],[0],[5]],[[[0,"तितली",".mp3",0.653061],-1],0,0,[],[],[]],[[{"name":"खीरा","rect":[0,0,271,271],"offset":[0,0],"originalSize":[271,271],"capInsets":[0,0,0,0]}],[0],0,[0],[0],[6]],[[{"name":"साथी","rect":[0,0,271,271],"offset":[0,0],"originalSize":[271,271],"capInsets":[0,0,0,0]}],[0],0,[0],[0],[7]],[[[0,"ली",".mp3",0.496327],-1],0,0,[],[],[]],[["0,9729,9729,33071,33071,0,0,1",-1],[1],0,[],[],[]],[[[0,"मछली",".mp3",0.783673],-1],0,0,[],[],[]],[[[0,"साथी",".mp3",1.097143],-1],0,0,[],[],[]],[[[0,"बीज",".mp3",0.757551],-1],0,0,[],[],[]],[[[0,"डी",".mp3",0.626939],-1],0,0,[],[],[]],[["0,9729,9729,33071,33071,0,0,1",-1],[1],0,[],[],[]],[[[0,"गली",".mp3",0.679184],-1],0,0,[],[],[]],[[[1,"hi0604",{"rows":[["rocket","1","Description","सींग","सीं,ग","सीं,ग","सींग.mp3","सींग.png","false ","false "],["rocket","1","Description","खीरा","खी,रा","खी,रा","खीरा.mp3","खीरा.png","false ","false "],["rocket","1","Description","साथी","सा,थी","सा,थी","साथी.mp3","साथी.png","false ","false "],["spelldoor","1","Description","पीठ","*ठ","0","1","पीठ.png","पीठ.mp3"],["spelldoor","1","Description","बीज","*ज","0","1","बीज.png","बीज.mp3"],["spelldoor","1","Description","झील","*ल","0","1","झील.png","झील.mp3"],["spelldoor","1","Description","नदी","न*","0","1","नदी.png","नदी.mp3"],["spelldoor","1","Description","गली","ग*","0","1","गली.png","गली.mp3"],["speakingpet","1","Description","ली.mp3","डी.mp3","तितली","तितली.mp3","A","3","मछली","मछली.mp3","A","3","लकड़ी","लकडी.mp3","B","3","खिलाड़ी","खिलाडी.mp3","B","3"],["quizliteracy","1","Description","soundonly_word","साथी","गली","साथी","बीज","","","साथी.mp3"],["quizliteracy","1","Description","image_word","गली","साथी","बीज","गली","गली.png"],["quizliteracy","1","Description","soundonly_word","बीज","बीज","गली","साथी","","","बीज.mp3"]]}]],0,0,[],[],[]],[[[0,"पीठ",".mp3",0.574694],-1],0,0,[],[],[]],[["0,9729,9729,33071,33071,0,0,1",-1],[1],0,[],[],[]],[[[0,"झील",".mp3",0.757551],-1],0,0,[],[],[]],[[[0,"खिलाडी",".mp3",0.731429],-1],0,0,[],[],[]]]]