[1,["ddMr4stEpNjaukEOy27gJU","dcc1JgiltAt5NhLzZl2+kG","0ew6BAhFJGo5bkCEYpqQBg"],["_textureSetter"],["cc.Texture2D","cc.SpriteFrame",["cc.AudioClip",["_name","_native","duration"],0],["cc.JsonAsset",["_name","json"],1]],[[2,0,1,2,4],[3,0,1,3]],[[[[0,"ईश्वर",".mp3",1.097143],-1],0,0,[],[],[]],[[[1,"mr0003",{"rows":[["balloonpop","1","Description","2","ई","3","ई,आ,इ","ई.mp3"],["phonictractor","1","Description","5","ई","ई.mp3","ई","ई.mp3"],["writeletter","1","Description","ई","ईडलिंबू"],["writecard","1","Description","ई","ईडलिंबू","lemon.png","ईडलिंबू.mp3","ईश्वर","eshwar.png","ईश्वर.mp3","ईद","ईद.png","ईद.mp3"],["quizliteracy","1","Description","soundonly_word","ई","आ","उ","ई","","","ई.mp3"],["quizliteracy","1","Description","word_word","ई","उ","ई","आ","","ई"],["quizliteracy","1","Description","soundonly_word","ई","आ","उ","ई","","","ई.mp3"]]}]],0,0,[],[],[]],[["0,9729,9729,33071,33071,0,0,1",-1],[0],0,[],[],[]],[[[0,"ईडलिंबू",".mp3",1.149388],-1],0,0,[],[],[]],[[[0,"ईद",".mp3",0.757551],-1],0,0,[],[],[]],[[[0,"ई",".mp3",0.705306],-1],0,0,[],[],[]],[[{"name":"lemon","rect":[0,0,640,427],"offset":[0,0],"originalSize":[640,427],"capInsets":[0,0,0,0]}],[1],0,[0],[0],[0]],[[{"name":"eshwar","rect":[0,0,480,640],"offset":[0,0],"originalSize":[480,640],"capInsets":[0,0,0,0]}],[1],0,[0],[0],[1]],[[{"name":"ईद","rect":[0,0,1920,974],"offset":[0,0],"originalSize":[1920,974],"capInsets":[0,0,0,0]}],[1],0,[0],[0],[2]],[["0,9729,9729,33071,33071,0,0,1",-1],[0],0,[],[],[]],[["0,9729,9729,33071,33071,0,0,1",-1],[0],0,[],[],[]]]]