[1,["8eb/ehKF1AzrMTwg2W9iZV","0bCNvMXKxNlYu1WSngXTDN","10CbB0GXNIY7TWQ4ymTBF1"],["_textureSetter"],["cc.SpriteFrame","cc.Texture2D",["cc.AudioClip",["_name","_native","duration"],0],["cc.JsonAsset",["_name","json"],1]],[[2,0,1,2,4],[3,0,1,3]],[[[{"name":"तरबूज","rect":[0,0,400,333],"offset":[0,0],"originalSize":[400,333],"capInsets":[0,0,0,0]}],[0],0,[0],[0],[0]],[["0,9729,9729,33071,33071,0,0,1",-1],[1],0,[],[],[]],[["0,9729,9729,33071,33071,0,0,1",-1],[1],0,[],[],[]],[[[0,"तरकारी",".mp3",0.914286],-1],0,0,[],[],[]],[[[0,"ताला",".mp3",0.679184],-1],0,0,[],[],[]],[["0,9729,9729,33071,33071,0,0,1",-1],[1],0,[],[],[]],[[{"name":"ताला","rect":[0,0,400,333],"offset":[0,0],"originalSize":[400,333],"capInsets":[0,0,0,0]}],[0],0,[0],[0],[1]],[[{"name":"तरकारी","rect":[0,0,400,333],"offset":[0,0],"originalSize":[400,333],"capInsets":[0,0,0,0]}],[0],0,[0],[0],[2]],[[[0,"त",".mp3",0.444],-1],0,0,[],[],[]],[[[1,"hi0115",{"rows":[["phonictractor","1","Description","5","त","त.mp3","त","त.mp3"],["writeletter","1","Description","त","ताला"],["writecard","1","Description","त","ताला","ताला.png","ताला.mp3","तरकारी","तरकारी.png","तरकारी.mp3","तरबूज","तरबूज.png","तरबूज.mp3"],["quizliteracy","1","Description","soundonly_word","त","त","ड","ण","","","त.mp3"],["quizliteracy","1","Description","word_word","त","ण","ल","त","","त"],["quizliteracy","1","Description","soundonly_word","त","त","ण","ड","","","त.mp3"]]}]],0,0,[],[],[]],[[[0,"तरबूज",".mp3",0.966531],-1],0,0,[],[],[]]]]