[1,["d167PHHMtJCqSMn26GApuO","11inBjaMJJFIXHlB4E9E57","98UuruuCRHRJSK/PpTObUR","c0j8lum9VEI6we0u6kFK3a","c4n7Di1CVG4IZTBuGmbyH6","d9DWnrEWtM/JS4hZt8Q6fG","e6ErgxHf5NyoOAyt96jQ4G","62dlimvnBF9Yk/4qjmf7Ym"],["_textureSetter"],["cc.Texture2D","cc.SpriteFrame",["cc.AudioClip",["_name","_native","duration"],0],["cc.JsonAsset",["_name","json"],1]],[[2,0,1,2,4],[3,0,1,3]],[[[[0,"पिचकारी",".mp3",1.044898],-1],0,0,[],[],[]],[["0,9729,9729,33071,33071,0,0,1",-1],[0],0,[],[],[]],[[[0,"क्षितीज",".mp3",0.966531],-1],0,0,[],[],[]],[[[0,"टिकली",".mp3",0.679184],-1],0,0,[],[],[]],[[{"name":"pichkari","rect":[0,0,640,640],"offset":[0,0],"originalSize":[640,640],"capInsets":[0,0,0,0]}],[1],0,[0],[0],[0]],[[[0,"दुपार",".mp3",0.809796],-1],0,0,[],[],[]],[[[0,"अंगठी",".mp3",1.07102],-1],0,0,[],[],[]],[[[0,"हौद",".mp3",0.600816],-1],0,0,[],[],[]],[["0,9729,9729,33071,33071,0,0,1",-1],[0],0,[],[],[]],[[{"name":"ओळख","rect":[0,100,600,401],"offset":[0,-0.5],"originalSize":[600,600],"capInsets":[0,0,0,0]}],[1],0,[0],[0],[1]],[["0,9729,9729,33071,33071,0,0,1",-1],[0],0,[],[],[]],[[[0,"सैनिक",".mp3",0.966531],-1],0,0,[],[],[]],[[{"name":"ऐटदार","rect":[0,0,798,540],"offset":[0,0],"originalSize":[798,540],"capInsets":[0,0,0,0]}],[1],0,[0],[0],[2]],[[{"name":"noon","rect":[0,0,640,438],"offset":[0,0],"originalSize":[640,438],"capInsets":[0,0,0,0]}],[1],0,[0],[0],[3]],[[[0,"ओळख",".mp3",0.600816],-1],0,0,[],[],[]],[[[0,"ऐटदार",".mp3",0.966531],-1],0,0,[],[],[]],[[{"name":"tank","rect":[0,72,600,455],"offset":[0,0.5],"originalSize":[600,600],"capInsets":[0,0,0,0]}],[1],0,[0],[0],[4]],[["0,9729,9729,33071,33071,0,0,1",-1],[0],0,[],[],[]],[["0,9729,9729,33071,33071,0,0,1",-1],[0],0,[],[],[]],[[[1,"mr2108",{"rows":[["spelldoor","1","Description","ऐटदार","*टदार","2","0","ऐटदार.png","ऐटदार.mp3"],["spelldoor","1","Description","सैनिक","*निक","2","0","soldier.png","सैनिक.mp3"],["spelldoor","1","Description","टिकली","*कली","2","0","टिकली.png","टिकली.mp3"],["spelldoor","1","Description","पिचकारी","*चकारी","2","0","pichkari.png","पिचकारी.mp3"],["spelldoor","1","Description","ओळख","*ळख","2","0","ओळख.png","ओळख.mp3"],["spelldoor","1","Description","हौद","*द","2","0","tank.png","हौद.mp3"],["spelldoor","1","Description","दुपार","*पार","2","0","noon.png","दुपार.mp3"],["spelldoor","1","Description","संध्याकाळ","*ध्याकाळ","2","0","evening.png","संध्याकाळ.mp3"],["quizliteracy","1","Description","word_word","क्षि","बॉ","क्षि","अं","","_तीज","क्षितीज.mp3"],["quizliteracy","1","Description","word_word","अं","अं","बॉ","क्षि","","_गठी","अंगठी.mp3"],["quizliteracy","1","Description","word_word","बॉ","क्षि","अं","बॉ","","_ल","बॉल.mp3"]]}]],0,0,[],[],[]],[["0,9729,9729,33071,33071,0,0,1",-1],[0],0,[],[],[]],[[{"name":"टिकली","rect":[3,161,596,271],"offset":[1,3.5],"originalSize":[600,600],"capInsets":[0,0,0,0]}],[1],0,[0],[0],[5]],[["0,9729,9729,33071,33071,0,0,1",-1],[0],0,[],[],[]],[[[0,"बॉल",".mp3",0.653061],-1],0,0,[],[],[]],[["0,9729,9729,33071,33071,0,0,1",-1],[0],0,[],[],[]],[[{"name":"evening","rect":[0,0,640,379],"offset":[0,0],"originalSize":[640,379],"capInsets":[0,0,0,0]}],[1],0,[0],[0],[6]],[[[0,"संध्याकाळ",".mp3",1.149388],-1],0,0,[],[],[]],[[{"name":"soldier","rect":[0,0,475,640],"offset":[0,0],"originalSize":[475,640],"capInsets":[0,0,0,0]}],[1],0,[0],[0],[7]]]]