[1,["6efDQ0pb9BdL47Zyp95sJH","ffo69N2PhGBbvDYmv1zkWZ","3aVdQnBBtKk4R7e92ChVA3","6boatiqVlKuIxoifZ3W89O","f9+SORjRRGPIvWmzSIPlFe","34wzf9w6ZKUI+AVAM8gtJH","f0Df73vrVFF6mNoQnBExTx","0fjnZ9hLpJCr5pB4mzLRWf","4eS270ACdDP4ZJ6R9IJiN2","1eKBZH9wpHs7D1b4b2cPGe","46w09oiRZCgJiSLT/5TiuK","01P4o7gUhIDrSwumZS1WFl","3biNc+4KhAyLR33l6EKXha","75o5aSvPVKlIKOnBtefhcq","1e/KDPHjdPfYz53N7U+WFt","9e1bzvBmpMXLOdXSuN+nKL","af+ODamFhMzpLYBc5h8m4o","1dracCuKVMVKbG7c6GMwg/","34QRE8kjBOJKMcZz33BJmJ","d2B901kO1IjoFpgKO6E44g","2e/uH+KzFJRorvZ6Fq8r2o","4fcjC6QYxHPq1p+9vWzV9O","19UNTSvLVHz6hJE2KhJBYy","beYk60inBF0qlEUtf+4KXg","90Dx17xhxM6bQtr4YrldYo","c5E6NcQS5Pjorjr7AVzEzN","01zpD6o1tE7p1cZDiHoP8t"],["_textureSetter"],["cc.Texture2D","cc.SpriteFrame",["cc.AudioClip",["_name","_native","duration"],0],["cc.JsonAsset",["_name","json"],1]],[[2,0,1,2,4],[3,0,1,3]],[[["0,9729,9729,33071,33071,0,0,1",-1],[0],0,[],[],[]],[["0,9729,9729,33071,33071,0,0,1",-1],[0],0,[],[],[]],[[[0,"She_is_a_nurse",".mp3",1.697959],-1],0,0,[],[],[]],[[[0,"He_has_a_ball",".mp3",1.227755],-1],0,0,[],[],[]],[[[0,"She_is_giving_the_boys_milk",".mp3",1.933061],-1],0,0,[],[],[]],[[{"name":"l9_shekitchen","rect":[0,0,868,689],"offset":[0,0],"originalSize":[868,689],"capInsets":[0,0,0,0]}],[1],0,[0],[0],[0]],[["0,9729,9729,33071,33071,0,0,1",-1],[0],0,[],[],[]],[["0,9729,9729,33071,33071,0,0,1",-1],[0],0,[],[],[]],[["0,9729,9729,33071,33071,0,0,1",-1],[0],0,[],[],[]],[["0,9729,9729,33071,33071,0,0,1",-1],[0],0,[],[],[]],[["0,9729,9729,33071,33071,0,0,1",-1],[0],0,[],[],[]],[[[0,"She_has_a_ball",".mp3",1.28],-1],0,0,[],[],[]],[[{"name":"l5_sheangry","rect":[0,0,868,689],"offset":[0,0],"originalSize":[868,689],"capInsets":[0,0,0,0]}],[1],0,[0],[0],[1]],[["0,9729,9729,33071,33071,0,0,1",-1],[0],0,[],[],[]],[[[0,"He_doesn't_like_dogs",".mp3",1.671837],-1],0,0,[],[],[]],[["0,9729,9729,33071,33071,0,0,1",-1],[0],0,[],[],[]],[["0,9729,9729,33071,33071,0,0,1",-1],[0],0,[],[],[]],[["0,9729,9729,33071,33071,0,0,1",-1],[0],0,[],[],[]],[["0,9729,9729,33071,33071,0,0,1",-1],[0],0,[],[],[]],[[{"name":"l6_farmer","rect":[0,0,868,689],"offset":[0,0],"originalSize":[868,689],"capInsets":[0,0,0,0]}],[1],0,[0],[0],[2]],[[{"name":"l12_hecannotreadwell","rect":[0,0,868,689],"offset":[0,0],"originalSize":[868,689],"capInsets":[0,0,0,0]}],[1],0,[0],[0],[3]],[["0,9729,9729,33071,33071,0,0,1",-1],[0],0,[],[],[]],[[[0,"He_is_a_farmer",".mp3",1.28],-1],0,0,[],[],[]],[["0,9729,9729,33071,33071,0,0,1",-1],[0],0,[],[],[]],[[[0,"choose_the_pronoun",".mp3",1.410612],-1],0,0,[],[],[]],[["0,9729,9729,33071,33071,0,0,1",-1],[0],0,[],[],[]],[[{"name":"l8_shewashinghand","rect":[0,0,868,689],"offset":[0,0],"originalSize":[868,689],"capInsets":[0,0,0,0]}],[1],0,[0],[0],[4]],[[[0,"She_cannot_read_well",".mp3",1.750204],-1],0,0,[],[],[]],[[{"name":"l15_shereadundertree","rect":[0,0,868,689],"offset":[0,0],"originalSize":[868,689],"capInsets":[0,0,0,0]}],[1],0,[0],[0],[5]],[[[0,"She_is_washing_her_hands",".mp3",1.802449],-1],0,0,[],[],[]],[[[0,"She_is_in_the_kitchen",".mp3",1.541224],-1],0,0,[],[],[]],[[{"name":"l5_shesad","rect":[0,0,868,689],"offset":[0,0],"originalSize":[868,689],"capInsets":[0,0,0,0]}],[1],0,[0],[0],[6]],[[[0,"She_is_in_the_bathroom",".mp3",1.48898],-1],0,0,[],[],[]],[[[0,"She_is_giving_the_cows_water",".mp3",2.063673],-1],0,0,[],[],[]],[[{"name":"l15_shereadontable","rect":[0,0,868,689],"offset":[0,0],"originalSize":[868,689],"capInsets":[0,0,0,0]}],[1],0,[0],[0],[7]],[[{"name":"l6_shesinger","rect":[0,0,868,689],"offset":[0,0],"originalSize":[868,689],"capInsets":[0,0,0,0]}],[1],0,[0],[0],[8]],[["0,9729,9729,33071,33071,0,0,1",-1],[0],0,[],[],[]],[["0,9729,9729,33071,33071,0,0,1",-1],[0],0,[],[],[]],[[[0,"She_is_angry",".mp3",1.593469],-1],0,0,[],[],[]],[["0,9729,9729,33071,33071,0,0,1",-1],[0],0,[],[],[]],[[[0,"She_is_reading_under_the_table",".mp3",2.115918],-1],0,0,[],[],[]],[[{"name":"l11_shehasball","rect":[0,0,868,689],"offset":[0,0],"originalSize":[868,689],"capInsets":[0,0,0,0]}],[1],0,[0],[0],[9]],[[{"name":"l15_shereadundertable","rect":[0,0,868,689],"offset":[0,0],"originalSize":[868,689],"capInsets":[0,0,0,0]}],[1],0,[0],[0],[10]],[["0,9729,9729,33071,33071,0,0,1",-1],[0],0,[],[],[]],[[[0,"She_has_a_balloon",".mp3",1.436735],-1],0,0,[],[],[]],[[[1,"sl_en2501",{"rows":[["picturemeaning","1","Description","S","She cannot read well.","l12_shecannotreadwell.png","She_cannot_read_well.mp3","She cannot write well.","l12_shecannotwritewell.png","She_cannot_write_well.mp3","He cannot read well.","l12_hecannotreadwell.png","He_cannot_read_well.mp3"],["picturemeaning","1","Description","S","She doesn't like dogs.","l14_shexlikedog.png","She_doesn't_like_dogs.mp3","He doesn't like dogs.","l14_hexlikedog.png","He_doesn't_like_dogs.mp3","She doesn't like cats.","l14_shexlikecat.png","She_doesn't_like_cats.mp3"],["picturemeaning","1","Description","S","She has a ball.","l11_shehasball.png","She_has_a_ball.mp3","He has a ball.","l11_hehasball.png","He_has_a_ball.mp3","She has a balloon.","l11_shehasballoon.png","She_has_a_balloon.mp3"],["picturemeaning","1","Description","S","She is a nurse.","l6_shenurse.png","She_is_a_nurse.mp3","He is a farmer.","l6_farmer.png","He_is_a_farmer.mp3","She is a singer.","l6_shesinger.png","She_is_a_singer.mp3"],["picturemeaning","1","Description","S","She is cooking.","l8_shecooking.png","She_is_cooking.mp3","She is sleeping.","l8_shesleeping.png","She_is_sleeping.mp3","She is washing her hands.","l8_shewashinghand.png","She_is_washing_her_hands.mp3"],["picturemeaning","1","Description","S","She is giving the boys bread.","l17_shegivingbread.png","She_is_giving_the_boys_bread.mp3","She is giving the boys milk.","l17_shegivingmilk.png","She_is_giving_the_boys_milk.mp3","She is giving the cows water.","l17_shegivingwater.png","She_is_giving_the_cows_water.mp3"],["picturemeaning","1","Description","S","She is happy.","l5_shehappy.png","She_is_happy.mp3","She is sad.","l5_shesad.png","She_is_sad.mp3","She is angry.","l5_sheangry.png","She_is_angry.mp3"],["picturemeaning","1","Description","S","She is in the kitchen.","l9_shekitchen.png","She_is_in_the_kitchen.mp3","She is in the bedroom.","l9_shebedroom.png","She_is_in_the_bedroom.mp3","She is in the bathroom.","l9_shebathroom.png","She_is_in_the_bathroom.mp3"],["picturemeaning","1","Description","S","She is reading under the tree.","l15_shereadundertree.png","She_is_reading_under_the_tree.mp3","She is reading under the table.","l15_shereadundertable.png","She_is_reading_under_the_table.mp3","She is reading on the table.","l15_shereadontable.png","She_is_reading_on_the_table.mp3"],["quizliteracy","1","Description","sentence_sentence","She","Edward","Binta","She","","____ cannot read well.","She_cannot_read_well.mp3"],["quizliteracy","1","Description","sentence_sentence","She","She","They","her","","___ is reading under the tree.","She_is_reading_under_the_tree.mp3"],["quizliteracy","1","Description","image_sentence","She cannot write well.","She cannot write well.","She cannot cook well.","She cannot jump well.","l12_shecannotwritewell.png"],["quizliteracy","1","Description","image_sentence","She is a singer.","She is a teacher.","She is a singer.","She is a nurse.","l6_shesinger.png"],["quizliteracy","1","Description","sentence_sentence","she","run","laugh","she","","Choose the Pronoun","choose_the_pronoun.mp3"],["quizliteracy","1","Description","sentence_sentence","she","she","sad","eat","","Choose the Pronoun","choose_the_pronoun.mp3"]]}]],0,0,[],[],[]],[[[0,"She_is_sad",".mp3",1.227755],-1],0,0,[],[],[]],[[[0,"She_is_sleeping",".mp3",1.227755],-1],0,0,[],[],[]],[[{"name":"l9_shebathroom","rect":[0,0,868,689],"offset":[0,0],"originalSize":[868,689],"capInsets":[0,0,0,0]}],[1],0,[0],[0],[11]],[["0,9729,9729,33071,33071,0,0,1",-1],[0],0,[],[],[]],[[[0,"She_is_happy",".mp3",1.123265],-1],0,0,[],[],[]],[[{"name":"l11_hehasball","rect":[0,20,868,689],"offset":[0,-10],"originalSize":[868,709],"capInsets":[0,0,0,0]}],[1],0,[0],[0],[12]],[[{"name":"l12_shecannotreadwell","rect":[0,0,868,689],"offset":[0,0],"originalSize":[868,689],"capInsets":[0,0,0,0]}],[1],0,[0],[0],[13]],[["0,9729,9729,33071,33071,0,0,1",-1],[0],0,[],[],[]],[[{"name":"l17_shegivingbread","rect":[0,0,868,689],"offset":[0,0],"originalSize":[868,689],"capInsets":[0,0,0,0]}],[1],0,[0],[0],[14]],[[{"name":"l8_shecooking","rect":[0,0,868,689],"offset":[0,0],"originalSize":[868,689],"capInsets":[0,0,0,0]}],[1],0,[0],[0],[15]],[[[0,"She_cannot_write_well",".mp3",1.697959],-1],0,0,[],[],[]],[["0,9729,9729,33071,33071,0,0,1",-1],[0],0,[],[],[]],[[{"name":"l17_shegivingwater","rect":[0,0,868,689],"offset":[0,0],"originalSize":[868,689],"capInsets":[0,0,0,0]}],[1],0,[0],[0],[16]],[["0,9729,9729,33071,33071,0,0,1",-1],[0],0,[],[],[]],[[{"name":"l5_shehappy","rect":[0,0,868,689],"offset":[0,0],"originalSize":[868,689],"capInsets":[0,0,0,0]}],[1],0,[0],[0],[17]],[[[0,"He_cannot_read_well",".mp3",1.38449],-1],0,0,[],[],[]],[[[0,"She_is_in_the_bedroom",".mp3",1.462857],-1],0,0,[],[],[]],[["0,9729,9729,33071,33071,0,0,1",-1],[0],0,[],[],[]],[[[0,"She_doesn't_like_dogs",".mp3",1.567347],-1],0,0,[],[],[]],[[{"name":"l14_shexlikecat","rect":[0,0,868,689],"offset":[0,0],"originalSize":[868,689],"capInsets":[0,0,0,0]}],[1],0,[0],[0],[18]],[[[0,"She_is_a_singer",".mp3",1.462857],-1],0,0,[],[],[]],[[[0,"She_doesn't_like_cats",".mp3",1.541224],-1],0,0,[],[],[]],[[{"name":"l12_shecannotwritewell","rect":[0,0,868,689],"offset":[0,0],"originalSize":[868,689],"capInsets":[0,0,0,0]}],[1],0,[0],[0],[19]],[[{"name":"l14_hexlikedog","rect":[0,0,868,689],"offset":[0,0],"originalSize":[868,689],"capInsets":[0,0,0,0]}],[1],0,[0],[0],[20]],[[[0,"She_is_reading_on_the_table",".mp3",1.776327],-1],0,0,[],[],[]],[[{"name":"l17_shegivingmilk","rect":[0,0,868,689],"offset":[0,0],"originalSize":[868,689],"capInsets":[0,0,0,0]}],[1],0,[0],[0],[21]],[[{"name":"l8_shesleeping","rect":[0,0,868,689],"offset":[0,0],"originalSize":[868,689],"capInsets":[0,0,0,0]}],[1],0,[0],[0],[22]],[[{"name":"l14_shexlikedog","rect":[0,0,868,689],"offset":[0,0],"originalSize":[868,689],"capInsets":[0,0,0,0]}],[1],0,[0],[0],[23]],[[[0,"She_is_cooking",".mp3",1.436735],-1],0,0,[],[],[]],[["0,9729,9729,33071,33071,0,0,1",-1],[0],0,[],[],[]],[[{"name":"l11_shehasballoon","rect":[0,0,868,689],"offset":[0,0],"originalSize":[868,689],"capInsets":[0,0,0,0]}],[1],0,[0],[0],[24]],[[[0,"She_is_giving_the_boys_bread",".mp3",2.142041],-1],0,0,[],[],[]],[[[0,"She_is_reading_under_the_tree",".mp3",2.142041],-1],0,0,[],[],[]],[[{"name":"l9_shebedroom","rect":[0,0,868,689],"offset":[0,0],"originalSize":[868,689],"capInsets":[0,0,0,0]}],[1],0,[0],[0],[25]],[["0,9729,9729,33071,33071,0,0,1",-1],[0],0,[],[],[]],[[{"name":"l6_shenurse","rect":[0,0,868,689],"offset":[0,0],"originalSize":[868,689],"capInsets":[0,0,0,0]}],[1],0,[0],[0],[26]],[["0,9729,9729,33071,33071,0,0,1",-1],[0],0,[],[],[]]]]