[1,["b35sVSlj5OGZ0eLlQO7UMf","bbGfdgh9RMRLfv/+YugWDS","52hiia2mRAnLWZZcyR1Q5a","08YPRpZ+9JA5D0zzEnLskb","01tUUXWv9IWZ/Oh/Pge25/","b6YWSKN5ZFAq6OP1pJVyX2","69eBFtfb5M0ZUV9brTh5+Z"],["_textureSetter"],["cc.Texture2D","cc.SpriteFrame",["cc.JsonAsset",["_name","json"],1],["cc.AudioClip",["_name","_native","duration"],0]],[[3,0,1,2,4],[2,0,1,3]],[[["0,9729,9729,33071,33071,0,0,1",-1],[0],0,[],[],[]],[["0,9729,9729,33071,33071,0,0,1",-1],[0],0,[],[],[]],[[{"name":"जड","rect":[0,0,271,271],"offset":[0,0],"originalSize":[271,271],"capInsets":[0,0,0,0]}],[1],0,[0],[0],[0]],[[{"name":"कलश","rect":[0,0,370,273],"offset":[0,0],"originalSize":[370,273],"capInsets":[0,0,0,0]}],[1],0,[0],[0],[1]],[[[1,"hi0400",{"rows":[["spelldoor","1","Description","महल","***","3","0","महल.png","महल.mp3"],["spelldoor","1","Description","नमक","***","3","0","नमक.png","नमक.mp3"],["spelldoor","1","Description","कमल","***","3","0","कमल.png","कमल.mp3"],["spelldoor","1","Description","कलश","***","3","0","कलश.png","कलश.mp3"],["spelldoor","1","Description","सड़क","***","3","0","सडक.png","सडक.mp3"],["spelldoor","1","Description","भजन","***","3","0","भजन.png","भजन.mp3"],["quizliteracy","1","Description","soundonly_word","नमक","सड़क","नमक","भजन","","","नमक.mp3"],["quizliteracy","1","Description","image_word","सड़क","नमक","भजन","सड़क","सडक.png"],["quizliteracy","1","Description","soundonly_word","भजन","सड़क","भजन","नमक","","","भजन.mp3"]]}]],0,0,[],[],[]],[[{"name":"नमक","rect":[0,0,370,273],"offset":[0,0],"originalSize":[370,273],"capInsets":[0,0,0,0]}],[1],0,[0],[0],[2]],[["0,9729,9729,33071,33071,0,0,1",-1],[0],0,[],[],[]],[[[0,"नमक",".mp3",0.731429],-1],0,0,[],[],[]],[["0,9729,9729,33071,33071,0,0,1",-1],[0],0,[],[],[]],[[{"name":"कमल","rect":[0,0,370,273],"offset":[0,0],"originalSize":[370,273],"capInsets":[0,0,0,0]}],[1],0,[0],[0],[3]],[[[0,"यह",".mp3",0.548571],-1],0,0,[],[],[]],[[{"name":"भजन","rect":[0,0,370,273],"offset":[0,0],"originalSize":[370,273],"capInsets":[0,0,0,0]}],[1],0,[0],[0],[4]],[[{"name":"सडक","rect":[0,0,370,273],"offset":[0,0],"originalSize":[370,273],"capInsets":[0,0,0,0]}],[1],0,[0],[0],[5]],[[{"name":"महल","rect":[0,0,370,273],"offset":[0,0],"originalSize":[370,273],"capInsets":[0,0,0,0]}],[1],0,[0],[0],[6]],[["0,9729,9729,33071,33071,0,0,1",-1],[0],0,[],[],[]],[["0,9729,9729,33071,33071,0,0,1",-1],[0],0,[],[],[]],[["0,9729,9729,33071,33071,0,0,1",-1],[0],0,[],[],[]],[[[0,"कमल",".mp3",0.626939],-1],0,0,[],[],[]],[[[0,"सडक",".mp3",0.731429],-1],0,0,[],[],[]],[[[0,"गज",".mp3",0.679184],-1],0,0,[],[],[]],[[[0,"कलश",".mp3",0.731429],-1],0,0,[],[],[]],[[[0,"भजन",".mp3",0.705306],-1],0,0,[],[],[]],[[[0,"महल",".mp3",0.705306],-1],0,0,[],[],[]]]]