[1,["20U3zfNJxJb4p4FeIJnYZw","24+/i+5bdIVbkkFQaEQi4t","827U0DARpOf4Y3sq+QuqxJ","d7hnonpxxN9YpPHDIPGWo4","6aRNPnqrFNXp0J/Z1xg5UD","1aSWixtKtOpZrxY/Zc4I3C","509a2+CblLsYQ2heqfVKIW","dclJW70JdGGKUtnwmEnidK","c12sJmuepOdq9KBhwBMpqs","23u2YRk8ROKZX7wBQMfO4R","acJGY5zYtNupBe+eLdO5Sz","f9521nQP1CMp+kqbKNdBwz","f3dlh7nh5CZrVz58pLQsmK","ecxOOhSBJLf7mF+K9/KuzC","beimTmxKBAnqyI9EeeoHWZ","c3LmA1ZZZEhKCI9X15zi8G","ebwBK+BFpA1LOcAzgefFVR","1fy6PcwOlG2YEWN/tRL1Xj","bau9wqNxlOspv67/NiN66c","5cPv37rL5NQ6ly4T0s9dbg","7eeyn2UJlPBbiEok4IyqU4","42mzX/f0hCvoxjsQtQGO6+","10pUD42oNHbYjH1HXAVcoS","0cHMwfnCBL0LqM1AsjuX4/","f6x8WpkzNIIYgbv8FKbxRE","67VsFbe91Gl60P6LLziGr7","73CkxERIdNJbXpKQsF4pD7","5blJ9qCCBGBpb4NwL8JkPC"],["_textureSetter"],["cc.SpriteFrame","cc.Texture2D",["cc.AudioClip",["_name","_native","duration"],0],["cc.JsonAsset",["_name","json"],1]],[[2,0,1,2,4],[3,0,1,3]],[[[{"name":"afternoon","rect":[0,0,960,635],"offset":[0,0],"originalSize":[960,635],"capInsets":[0,0,0,0]}],[0],0,[0],[0],[0]],[[[0,"we_sleep_at_night",".mp3",2.016],-1],0,0,[],[],[]],[["0,9729,9729,33071,33071,0,0,1",-1],[1],0,[],[],[]],[[{"name":"3oclcok","rect":[0,0,222,227],"offset":[0,0],"originalSize":[222,227],"capInsets":[0,0,0,0]}],[0],0,[0],[0],[1]],[["0,9729,9729,33071,33071,0,0,1",-1],[1],0,[],[],[]],[[{"name":"10digital","rect":[0,0,852,480],"offset":[0,0],"originalSize":[852,480],"capInsets":[0,0,0,0]}],[0],0,[0],[0],[2]],[[{"name":"noon","rect":[0,0,2576,1932],"offset":[0,0],"originalSize":[2576,1932],"capInsets":[0,0,0,0]}],[0],0,[0],[0],[3]],[["0,9729,9729,33071,33071,0,0,1",-1],[1],0,[],[],[]],[["0,9729,9729,33071,33071,0,0,1",-1],[1],0,[],[],[]],[["0,9729,9729,33071,33071,0,0,1",-1],[1],0,[],[],[]],[[{"name":"3digital","rect":[0,0,852,480],"offset":[0,0],"originalSize":[852,480],"capInsets":[0,0,0,0]}],[0],0,[0],[0],[4]],[["0,9729,9729,33071,33071,0,0,1",-1],[1],0,[],[],[]],[["0,9729,9729,33071,33071,0,0,1",-1],[1],0,[],[],[]],[[{"name":"school_day","rect":[0,0,1280,853],"offset":[0,0],"originalSize":[1280,853],"capInsets":[0,0,0,0]}],[0],0,[0],[0],[5]],[[{"name":"4oclock","rect":[0,0,400,400],"offset":[0,0],"originalSize":[400,400],"capInsets":[0,0,0,0]}],[0],0,[0],[0],[6]],[[[0,"noon",".mp3",0.984],-1],0,0,[],[],[]],[[{"name":"sleep","rect":[0,0,750,500],"offset":[0,0],"originalSize":[750,500],"capInsets":[0,0,0,0]}],[0],0,[0],[0],[7]],[[{"name":"5oclock","rect":[34,34,536,536],"offset":[2,-2],"originalSize":[600,600],"capInsets":[0,0,0,0]}],[0],0,[0],[0],[8]],[[[0,"The_sun_rises_in_the_morning",".mp3",2.76],-1],0,0,[],[],[]],[[{"name":"9oclock","rect":[0,0,225,225],"offset":[0,0],"originalSize":[225,225],"capInsets":[0,0,0,0]}],[0],0,[0],[0],[9]],[["0,9729,9729,33071,33071,0,0,1",-1],[1],0,[],[],[]],[[{"name":"10oclock","rect":[0,0,225,225],"offset":[0,0],"originalSize":[225,225],"capInsets":[0,0,0,0]}],[0],0,[0],[0],[10]],[[{"name":"11oclock","rect":[1,5,598,595],"offset":[0,-2.5],"originalSize":[600,600],"capInsets":[0,0,0,0]}],[0],0,[0],[0],[11]],[[{"name":"5digital","rect":[0,0,1600,1689],"offset":[0,0],"originalSize":[1600,1689],"capInsets":[0,0,0,0]}],[0],0,[0],[0],[12]],[["0,9729,9729,33071,33071,0,0,1",-1],[1],0,[],[],[]],[["0,9729,9729,33071,33071,0,0,1",-1],[1],0,[],[],[]],[[{"name":"night","rect":[0,0,615,410],"offset":[0,0],"originalSize":[615,410],"capInsets":[0,0,0,0]}],[0],0,[0],[0],[13]],[["0,9729,9729,33071,33071,0,0,1",-1],[1],0,[],[],[]],[[{"name":"lunch","rect":[0,0,910,607],"offset":[0,0],"originalSize":[910,607],"capInsets":[0,0,0,0]}],[0],0,[0],[0],[14]],[["0,9729,9729,33071,33071,0,0,1",-1],[1],0,[],[],[]],[["0,9729,9729,33071,33071,0,0,1",-1],[1],0,[],[],[]],[[{"name":"park_evening","rect":[0,0,1024,574],"offset":[0,0],"originalSize":[1024,574],"capInsets":[0,0,0,0]}],[0],0,[0],[0],[15]],[[[0,"we_go_to_school_during_day",".mp3",2.736],-1],0,0,[],[],[]],[["0,9729,9729,33071,33071,0,0,1",-1],[1],0,[],[],[]],[[[0,"We_wake_up_early_in_the_morning",".mp3",2.88],-1],0,0,[],[],[]],[["0,9729,9729,33071,33071,0,0,1",-1],[1],0,[],[],[]],[[{"name":"12oclock","rect":[0,0,225,225],"offset":[0,0],"originalSize":[225,225],"capInsets":[0,0,0,0]}],[0],0,[0],[0],[16]],[["0,9729,9729,33071,33071,0,0,1",-1],[1],0,[],[],[]],[[[1,"en3401",{"rows":[["picturemeaning","1","Description","S","Morning","morning.png","morning.mp3","Noon","noon.png","noon.mp3","Night","night.png","night.mp3"],["picturemeaning","1","Description","P","We wake up early in the morning.","wake_up.png","We_wake_up_early_in_the_morning.mp3","We sleep at night","sleep.png","we_sleep_at_night.mp3","We go to school during day.","school.png","we_go_to_school_during_day.mp3"],["createsentence","1","Description","The/sun/rises/in/the/morning.","","morning.png","The_sun_rises_in_the_morning.mp3"],["createsentence","1","Description","The/sun/sets/in/the/evening.","","evening.png","the_sun_sets_in_the_evening.mp3"],["createsentence","1","Description","We/eat/breakfast/in/the/morning.","","breakfast.png","we_eat_breakfast_in_the_morning.mp3"],["quizliteracy","1","Description","image_word","Morning","Noon","Morning","Night","morning.png"],["quizliteracy","1","Description","soundonly_image","breakfast.png","school.png","breakfast.png","sleep.png","","","we_eat_breakfast_in_the_morning.mp3"],["quizliteracy","1","Description","sentence_sentence","wake-up","wake-up","play","go to school","","We _______ early in the morning.","We_wake_up_early_in_the_morning.mp3"]]}]],0,0,[],[],[]],[[{"name":"1oclcok","rect":[0,0,400,400],"offset":[0,0],"originalSize":[400,400],"capInsets":[0,0,0,0]}],[0],0,[0],[0],[17]],[[{"name":"6oclock","rect":[0,0,225,225],"offset":[0,0],"originalSize":[225,225],"capInsets":[0,0,0,0]}],[0],0,[0],[0],[18]],[[{"name":"8digital","rect":[0,0,600,360],"offset":[0,0],"originalSize":[600,360],"capInsets":[0,0,0,0]}],[0],0,[0],[0],[19]],[[{"name":"8oclock","rect":[0,0,225,225],"offset":[0,0],"originalSize":[225,225],"capInsets":[0,0,0,0]}],[0],0,[0],[0],[20]],[["0,9729,9729,33071,33071,0,0,1",-1],[1],0,[],[],[]],[[{"name":"7oclock","rect":[1,5,598,595],"offset":[0,-2.5],"originalSize":[600,600],"capInsets":[0,0,0,0]}],[0],0,[0],[0],[21]],[["0,9729,9729,33071,33071,0,0,1",-1],[1],0,[],[],[]],[[{"name":"wake_up","rect":[0,0,700,500],"offset":[0,0],"originalSize":[700,500],"capInsets":[0,0,0,0]}],[0],0,[0],[0],[22]],[[{"name":"breakfast","rect":[0,0,1280,853],"offset":[0,0],"originalSize":[1280,853],"capInsets":[0,0,0,0]}],[0],0,[0],[0],[23]],[[[0,"we_eat_breakfast_in_the_morning",".mp3",2.976],-1],0,0,[],[],[]],[[[0,"morning",".mp3",0.72],-1],0,0,[],[],[]],[["0,9729,9729,33071,33071,0,0,1",-1],[1],0,[],[],[]],[["0,9729,9729,33071,33071,0,0,1",-1],[1],0,[],[],[]],[[[0,"monring",".mp3",1.272],-1],0,0,[],[],[]],[["0,9729,9729,33071,33071,0,0,1",-1],[1],0,[],[],[]],[[{"name":"morning","rect":[0,0,960,617],"offset":[0,0],"originalSize":[960,617],"capInsets":[0,0,0,0]}],[0],0,[0],[0],[24]],[[{"name":"evening","rect":[0,0,299,169],"offset":[0,0],"originalSize":[299,169],"capInsets":[0,0,0,0]}],[0],0,[0],[0],[25]],[[{"name":"school","rect":[0,0,1024,768],"offset":[0,0],"originalSize":[1024,768],"capInsets":[0,0,0,0]}],[0],0,[0],[0],[26]],[["0,9729,9729,33071,33071,0,0,1",-1],[1],0,[],[],[]],[[[0,"night",".mp3",1.008],-1],0,0,[],[],[]],[["0,9729,9729,33071,33071,0,0,1",-1],[1],0,[],[],[]],[[{"name":"2oclock","rect":[1,5,598,595],"offset":[0,-2.5],"originalSize":[600,600],"capInsets":[0,0,0,0]}],[0],0,[0],[0],[27]],[["0,9729,9729,33071,33071,0,0,1",-1],[1],0,[],[],[]],[["0,9729,9729,33071,33071,0,0,1",-1],[1],0,[],[],[]],[["0,9729,9729,33071,33071,0,0,1",-1],[1],0,[],[],[]],[["0,9729,9729,33071,33071,0,0,1",-1],[1],0,[],[],[]],[[[0,"the_sun_sets_in_the_evening",".mp3",2.616],-1],0,0,[],[],[]],[["0,9729,9729,33071,33071,0,0,1",-1],[1],0,[],[],[]]]]