[1,["93w7xjpcNKBrAVmrPvvMeN"],["_textureSetter"],["cc.Texture2D","cc.SpriteFrame",["cc.AudioClip",["_name","_native","duration"],0],["cc.JsonAsset",["_name","json"],1]],[[2,0,1,2,4],[3,0,1,3]],[[[[0,"second",".mp3",0.862041],-1],0,0,[],[],[]],[[[0,"first",".mp3",0.940408],-1],0,0,[],[],[]],[["1,9729,9729,33071,33071,0,0,1",-1],[0],0,[],[],[]],[[[0,"race",".mp3",0.731429],-1],0,0,[],[],[]],[[[1,"sl_en2807",{"rows":[["tag","1","Description","image_18_3.jpg","race","280.-1520","race.mp3","first","1335.-881","first.mp3","second","748.-1165","second.mp3","third","860.-481","third.mp3","fourth","249.-1203","fourth.mp3"],["quizliteracy","1","Description","soundonly_word","first","second","fourth","first","","","first.mp3"],["quizliteracy","1","Description","soundonly_word","second","fourth","second","first","","","second.mp3"],["quizliteracy","1","Description","soundonly_word","fourth","second","fourth","third","","","fourth.mp3"]]}]],0,0,[],[],[]],[[[0,"third",".mp3",0.731429],-1],0,0,[],[],[]],[[{"name":"image_18_3","rect":[0,0,845,695],"offset":[0,0],"originalSize":[845,695],"capInsets":[0,0,0,0]}],[1],0,[0],[0],[0]],[[[0,"fourth",".mp3",0.966531],-1],0,0,[],[],[]]]]