[1,["c6MxV1QdJFdJVgY+wWsmgC","95cK81qFZOI4kU7jZiC3Z0","0aFyz9lUJKq400gUZR08/K","98ysYw8iBMN6Is1vPrUfRl","b8Sz78beROAJR591TGFRm8","72IcD2RX5NHaSADshCEQqb","71pyc5VJ9LUoA4Trth++Qu","20h0SNaCxJ74iH7W1h1gMK","0btL97+flPVY9nv9+cAgaB","d3Fq8175hKkaupOdTh/5bg","84vzRxmE5ILpgD4cRW32Lg","ff+kBZyIdH2Jm4fvaAD7VM","a5w2UDadZPcKzLKPe0mMSw","0asUr8nq9H2YDppk3Dr+UW","f07Ya0YiBEYoXHiT7lGOCJ","c6q2FNU39Bw7sxs39RG3im","a2dvGvGi9F856LWAN0OwLb","b9JILAYH1P2720jkL0gi2h","95bXxPE+pIwZSZqHwiYBOp","5e8hHHCMlBDL57ELWWJuM9"],["_textureSetter"],["cc.Texture2D","cc.SpriteFrame",["cc.AudioClip",["_name","_native","duration"],0],["cc.JsonAsset",["_name","json"],1]],[[2,0,1,2,4],[3,0,1,3]],[[["0,9729,9729,33071,33071,0,0,1",-1],[0],0,[],[],[]],[["0,9729,9729,33071,33071,0,0,1",-1],[0],0,[],[],[]],[["0,9729,9729,33071,33071,0,0,1",-1],[0],0,[],[],[]],[[{"name":"matchinggame_circle_2_small","rect":[77,57,35,34],"offset":[-0.5,1],"originalSize":[190,150],"capInsets":[0,0,0,0]}],[1],0,[0],[0],[0]],[[[0,"rectangle",".mp3",1.227755],-1],0,0,[],[],[]],[["0,9729,9729,33071,33071,0,0,1",-1],[0],0,[],[],[]],[[[0,"square",".mp3",0.966531],-1],0,0,[],[],[]],[[{"name":"matchinggame_rectangle_2_small","rect":[82,55,26,40],"offset":[0,0],"originalSize":[190,150],"capInsets":[0,0,0,0]}],[1],0,[0],[0],[1]],[[[1,"sl_maths0501",{"rows":[["shapepair","1","Description","image","image","matchinggame_circle_1_large.png","matchinggame_circle_2_large.png","circle.mp3","matchinggame_rectangle_1_large.png","matchinggame_rectangle_2_large.png","rectangle.mp3","matchinggame_square_1_large.png","matchinggame_square_2_large.png","square.mp3","matchinggame_triangle_1_large.png","matchinggame_triangle_2_large.png","triangle.mp3"],["shapepair","1","Description","image","image","matchinggame_circle_1_large.png","matchinggame_circle_2_medium.png","circle.mp3","matchinggame_rectangle_1_large.png","matchinggame_rectangle_2_medium.png","rectangle.mp3","matchinggame_square_1_large.png","matchinggame_square_2_medium.png","square.mp3","matchinggame_triangle_1_large.png","matchinggame_triangle_2_medium.png","triangle.mp3"],["shapepair","1","Description","image","image","matchinggame_circle_1_large.png","matchinggame_circle_2_small.png","circle.mp3","matchinggame_rectangle_1_large.png","matchinggame_rectangle_2_small.png","rectangle.mp3","matchinggame_square_1_large.png","matchinggame_square_2_small.png","square.mp3","matchinggame_triangle_1_large.png","matchinggame_triangle_2_small.png","triangle.mp3"],["shapepair","1","Description","image","image","matchinggame_circle_1_large.png","matchinggame_circle_object.png","circle.mp3","matchinggame_rectangle_1_large.png","matchinggame_rectangle_object.png","rectangle.mp3","matchinggame_square_1_large.png","matchinggame_square_object.png","square.mp3","matchinggame_triangle_1_large.png","matchinggame_triangle_object.png","triangle.mp3"],["quizmaths","1","Description","shapes","circle","circle","square","triangle","rectangle","which","which_is_a_circle","Which is a circle?"],["quizmaths","1","Description","shapes","square","circle","square","triangle","rectangle","which","which_is_a_square","Which is a square?"],["quizmaths","1","Description","shapes","triangle","circle","square","triangle","rectangle","which","which_is_a_triangle","Which is a triangle?"]]}]],0,0,[],[],[]],[[{"name":"matchinggame_circle_1_large","rect":[45,26,101,101],"offset":[0.5,-1.5],"originalSize":[190,150],"capInsets":[0,0,0,0]}],[1],0,[0],[0],[2]],[["0,9729,9729,33071,33071,0,0,1",-1],[0],0,[],[],[]],[[{"name":"matchinggame_triangle_object","rect":[52,17,96,118],"offset":[5,-1],"originalSize":[190,150],"capInsets":[0,0,0,0]}],[1],0,[0],[0],[3]],[[{"name":"matchinggame_triangle_2_medium","rect":[62,48,66,58],"offset":[0,-2],"originalSize":[190,150],"capInsets":[0,0,0,0]}],[1],0,[0],[0],[4]],[[{"name":"matchinggame_square_2_small","rect":[76,56,38,38],"offset":[0,0],"originalSize":[190,150],"capInsets":[0,0,0,0]}],[1],0,[0],[0],[5]],[["0,9729,9729,33071,33071,0,0,1",-1],[0],0,[],[],[]],[["0,9729,9729,33071,33071,0,0,1",-1],[0],0,[],[],[]],[[{"name":"matchinggame_triangle_1_large","rect":[41,26,109,94],"offset":[0.5,2],"originalSize":[190,150],"capInsets":[0,0,0,0]}],[1],0,[0],[0],[6]],[["0,9729,9729,33071,33071,0,0,1",-1],[0],0,[],[],[]],[[{"name":"matchinggame_square_2_medium","rect":[64,44,63,63],"offset":[0.5,-0.5],"originalSize":[190,150],"capInsets":[0,0,0,0]}],[1],0,[0],[0],[7]],[["0,9729,9729,33071,33071,0,0,1",-1],[0],0,[],[],[]],[["0,9729,9729,33071,33071,0,0,1",-1],[0],0,[],[],[]],[[{"name":"matchinggame_rectangle_2_large","rect":[61,25,68,100],"offset":[0,0],"originalSize":[190,150],"capInsets":[0,0,0,0]}],[1],0,[0],[0],[8]],[["0,9729,9729,33071,33071,0,0,1",-1],[0],0,[],[],[]],[[{"name":"matchinggame_triangle_2_large","rect":[41,26,109,94],"offset":[0.5,2],"originalSize":[190,150],"capInsets":[0,0,0,0]}],[1],0,[0],[0],[9]],[["0,9729,9729,33071,33071,0,0,1",-1],[0],0,[],[],[]],[["0,9729,9729,33071,33071,0,0,1",-1],[0],0,[],[],[]],[[{"name":"matchinggame_circle_2_medium","rect":[61,41,67,67],"offset":[-0.5,0.5],"originalSize":[190,150],"capInsets":[0,0,0,0]}],[1],0,[0],[0],[10]],[[{"name":"matchinggame_circle_2_large","rect":[45,26,101,101],"offset":[0.5,-1.5],"originalSize":[190,150],"capInsets":[0,0,0,0]}],[1],0,[0],[0],[11]],[["0,9729,9729,33071,33071,0,0,1",-1],[0],0,[],[],[]],[["0,9729,9729,33071,33071,0,0,1",-1],[0],0,[],[],[]],[[{"name":"matchinggame_circle_object","rect":[27,41,95,97],"offset":[-0.5,5.5],"originalSize":[150,190],"capInsets":[0,0,0,0]}],[1],0,[0],[0],[12]],[[{"name":"matchinggame_square_2_large","rect":[49,29,92,92],"offset":[0,0],"originalSize":[190,150],"capInsets":[0,0,0,0]}],[1],0,[0],[0],[13]],[[{"name":"matchinggame_square_object","rect":[49,32,96,88],"offset":[2,-1],"originalSize":[190,150],"capInsets":[0,0,0,0]}],[1],0,[0],[0],[14]],[["0,9729,9729,33071,33071,0,0,1",-1],[0],0,[],[],[]],[["0,9729,9729,33071,33071,0,0,1",-1],[0],0,[],[],[]],[[{"name":"matchinggame_square_1_large","rect":[49,29,92,92],"offset":[0,0],"originalSize":[190,150],"capInsets":[0,0,0,0]}],[1],0,[0],[0],[15]],[[[0,"circle",".mp3",1.123265],-1],0,0,[],[],[]],[["0,9729,9729,33071,33071,0,0,1",-1],[0],0,[],[],[]],[[[0,"triangle",".mp3",0.888163],-1],0,0,[],[],[]],[[{"name":"matchinggame_rectangle_1_large","rect":[61,25,68,100],"offset":[0,0],"originalSize":[190,150],"capInsets":[0,0,0,0]}],[1],0,[0],[0],[16]],[[{"name":"matchinggame_triangle_2_small","rect":[78,66,34,30],"offset":[0,-6],"originalSize":[190,150],"capInsets":[0,0,0,0]}],[1],0,[0],[0],[17]],[["0,9729,9729,33071,33071,0,0,1",-1],[0],0,[],[],[]],[[{"name":"matchinggame_rectangle_2_medium","rect":[72,41,46,68],"offset":[0,0],"originalSize":[190,150],"capInsets":[0,0,0,0]}],[1],0,[0],[0],[18]],[[{"name":"matchinggame_rectangle_object","rect":[60,20,73,114],"offset":[1.5,-2],"originalSize":[190,150],"capInsets":[0,0,0,0]}],[1],0,[0],[0],[19]],[["0,9729,9729,33071,33071,0,0,1",-1],[0],0,[],[],[]]]]