[1,["64OLVRUbdLVY+kMNPY+zZ6","c8CgvwCPZAwrOLi0uO+YTm","36XOG8QiZP15T4n/ZwZf6L","33WaW0PNBJZZI1xRKS7Nd9","ffGfLDYN5G9ZT6Wjr/dM07"],["_textureSetter"],["cc.SpriteFrame","cc.Texture2D",["cc.AudioClip",["_name","_native","duration"],0],["cc.JsonAsset",["_name","json"],1]],[[2,0,1,2,4],[3,0,1,3]],[[[[0,"ಕಿರೀಟ",".mp3",0.792],-1],0,0,[],[],[]],[[{"name":"long_whistle","rect":[0,0,800,637],"offset":[0,0],"originalSize":[800,637],"capInsets":[0,0,0,0]}],[0],0,[0],[0],[0]],[[[0,"ಬೀಗ",".mp3",0.696],-1],0,0,[],[],[]],[["0,9729,9729,33071,33071,0,0,1",-1],[1],0,[],[],[]],[[{"name":"baya_weaver","rect":[0,0,800,465],"offset":[0,0],"originalSize":[800,465],"capInsets":[0,0,0,0]}],[0],0,[0],[0],[1]],[["0,9729,9729,33071,33071,0,0,1",-1],[1],0,[],[],[]],[[[0,"ಪೀಪಿ",".mp3",0.72],-1],0,0,[],[],[]],[[{"name":"lock","rect":[0,0,800,533],"offset":[0,0],"originalSize":[800,533],"capInsets":[0,0,0,0]}],[0],0,[0],[0],[2]],[["0,9729,9729,33071,33071,0,0,1",-1],[1],0,[],[],[]],[[[1,"kn4006",{"rows":[["spelldoor","1","Description","ಗೀಜಗ","*ಜಗ","0","0","baya_weaver.png","ಗೀಜಗ.mp3"],["spelldoor","1","Description","ಬೀಗ","*ಗ","0","0","lock.png","ಬೀಗ.mp3"],["spelldoor","1","Description","ವೀರ","*ರ","0","0","warrior.png","ವೀರ.mp3"],["spelldoor","1","Description","ಪೀಪಿ","*ಪಿ","0","0","long_whistle.png","ಪೀಪಿ.mp3"],["spelldoor","1","Description","ಕಿರೀಟ","ಕಿ*ಟ","0","0","crown.png","ಕಿರೀಟ.mp3"],["quizliteracy","1","Description","word_word","ಗೀಜ","ಖಡ","ಕರ","ಗೀಜ","","____ಗ","ಗೀಜಗ.mp3"],["quizliteracy","1","Description","image_word","ಪೀಪಿ","ವೀರ","ಬೀಗ","ಪೀಪಿ","long_whistle.png"],["quizliteracy","1","Description","soundonly_word","ಕಿರೀಟ","ಕಿರೀಟ","ಗೀಜಗ","ವೀರ","","","ಕಿರೀಟ.mp3"]]}]],0,0,[],[],[]],[[{"name":"warrior","rect":[0,0,640,800],"offset":[0,0],"originalSize":[640,800],"capInsets":[0,0,0,0]}],[0],0,[0],[0],[3]],[[[0,"ವೀರ",".mp3",0.648],-1],0,0,[],[],[]],[[{"name":"crown","rect":[0,0,782,800],"offset":[0,0],"originalSize":[782,800],"capInsets":[0,0,0,0]}],[0],0,[0],[0],[4]],[["0,9729,9729,33071,33071,0,0,1",-1],[1],0,[],[],[]],[[[0,"ಗೀಜಗ",".mp3",0.816],-1],0,0,[],[],[]],[["0,9729,9729,33071,33071,0,0,1",-1],[1],0,[],[],[]]]]