[1,["aeXxTnFlpPaI27enf/zWWH","39GraeGgZN16pFEGqKQgzv","daNSzOV0BNQ4QPLHtDo/yv","d0oqPyNM9LIpgdCJ8evblK","4bNpXcKhBOOoP/5JszGxHX","94epzdp+hLEb2vuZ9gzPzs","5biCwn1sdGkqSh/WRXcEQ4","eb5LOsK81J66avcYWmubj+","6dl172yNlF3LMy9jTGTTFZ","cdT/WdXQlCK4Gaxw+00ROt","b3JsRpUZRICoMn0nmvQYbT","11lplo+4VOeI8TGPfamODv"],["_textureSetter"],["cc.SpriteFrame","cc.Texture2D",["cc.JsonAsset",["_name","json"],1]],[[2,0,1,3]],[[[{"name":"frame_7","rect":[23,94,332,202],"offset":[0,0],"originalSize":[378,390],"capInsets":[0,0,0,0]}],[0],0,[0],[0],[0]],[["0,9729,9729,33071,33071,0,0,1",-1],[1],0,[],[],[]],[[{"name":"6_object_red","rect":[107,74,134,194],"offset":[-8,11],"originalSize":[364,364],"capInsets":[0,0,0,0]}],[0],0,[0],[0],[1]],[[{"name":"dotpattern_3","rect":[40,48,298,298],"offset":[0,-2],"originalSize":[378,390],"capInsets":[0,0,0,0]}],[0],0,[0],[0],[2]],[[[0,"puzzle0009",{"rows":[["matchbox","1","Description","8.0","frame_7.png","frame_5.png","frame_3.png","frame_6.png","dotpattern_7.png","dotpattern_5.png","dotpattern_3.png","dotpattern_6.png"],["matchbox","1","Description","8.0","dotpattern_7.png","dotpattern_5.png","dotpattern_3.png","dotpattern_6.png","7_object_red.png","5_object_red.png","3_object_red.png","6_object_red.png"]]}]],0,0,[],[],[]],[["0,9729,9729,33071,33071,0,0,1",-1],[1],0,[],[],[]],[["0,9729,9729,33071,33071,0,0,1",-1],[1],0,[],[],[]],[["0,9729,9729,33071,33071,0,0,1",-1],[1],0,[],[],[]],[[{"name":"frame_3","rect":[23,94,332,202],"offset":[0,0],"originalSize":[378,390],"capInsets":[0,0,0,0]}],[0],0,[0],[0],[3]],[["0,9729,9729,33071,33071,0,0,1",-1],[1],0,[],[],[]],[[{"name":"dotpattern_6","rect":[40,48,298,298],"offset":[0,-2],"originalSize":[378,390],"capInsets":[0,0,0,0]}],[0],0,[0],[0],[4]],[["0,9729,9729,33071,33071,0,0,1",-1],[1],0,[],[],[]],[[{"name":"frame_6","rect":[23,94,332,202],"offset":[0,0],"originalSize":[378,390],"capInsets":[0,0,0,0]}],[0],0,[0],[0],[5]],[["0,9729,9729,33071,33071,0,0,1",-1],[1],0,[],[],[]],[[{"name":"dotpattern_5","rect":[40,48,298,298],"offset":[0,-2],"originalSize":[378,390],"capInsets":[0,0,0,0]}],[0],0,[0],[0],[6]],[["0,9729,9729,33071,33071,0,0,1",-1],[1],0,[],[],[]],[[{"name":"dotpattern_7","rect":[40,48,298,298],"offset":[0,-2],"originalSize":[378,390],"capInsets":[0,0,0,0]}],[0],0,[0],[0],[7]],[["0,9729,9729,33071,33071,0,0,1",-1],[1],0,[],[],[]],[["0,9729,9729,33071,33071,0,0,1",-1],[1],0,[],[],[]],[[{"name":"3_object_red","rect":[111,75,123,191],"offset":[-9.5,11.5],"originalSize":[364,364],"capInsets":[0,0,0,0]}],[0],0,[0],[0],[8]],[["0,9729,9729,33071,33071,0,0,1",-1],[1],0,[],[],[]],[[{"name":"5_object_red","rect":[117,77,116,191],"offset":[-7,9.5],"originalSize":[364,364],"capInsets":[0,0,0,0]}],[0],0,[0],[0],[9]],[["0,9729,9729,33071,33071,0,0,1",-1],[1],0,[],[],[]],[[{"name":"frame_5","rect":[23,94,332,202],"offset":[0,0],"originalSize":[378,390],"capInsets":[0,0,0,0]}],[0],0,[0],[0],[10]],[[{"name":"7_object_red","rect":[114,78,123,188],"offset":[-6.5,10],"originalSize":[364,364],"capInsets":[0,0,0,0]}],[0],0,[0],[0],[11]]]]