[1,["30CWcvIkdCnaFIf2nJ57ou","22YyNK1e9PoqFas14yxnQA","21AjcsIvhMtLsmC1wqWQAB","ecaTWDi45Om5jXiVUJH9T1","036G+sCZFO3ZKbvTEwQK90","88+GjPXrtGs4/8x/mDfPvo","273Re5Ur1EspafsTx5tGYb","50cC3oIYxDn6eF6iQFXTIR"],["_textureSetter"],["cc.Texture2D","cc.SpriteFrame",["cc.AudioClip",["_name","_native","duration"],0],["cc.JsonAsset",["_name","json"],1]],[[2,0,1,2,4],[3,0,1,3]],[[["0,9729,9729,33071,33071,0,0,1",-1],[0],0,[],[],[]],[[[0,"The_blue_sky",".mp3",1.464],-1],0,0,[],[],[]],[["0,9729,9729,33071,33071,0,0,1",-1],[0],0,[],[],[]],[["0,9729,9729,33071,33071,0,0,1",-1],[0],0,[],[],[]],[["0,9729,9729,33071,33071,0,0,1",-1],[0],0,[],[],[]],[["0,9729,9729,33071,33071,0,0,1",-1],[0],0,[],[],[]],[[{"name":"carrot","rect":[0,0,512,512],"offset":[0,0],"originalSize":[512,512],"capInsets":[0,0,0,0]}],[1],0,[0],[0],[0]],[[[0,"A_bunch_of_purple_grapes",".mp3",2.52],-1],0,0,[],[],[]],[[[0,"An_orange_carrot",".mp3",1.872],-1],0,0,[],[],[]],[[{"name":"bat","rect":[0,0,512,435],"offset":[0,0],"originalSize":[512,435],"capInsets":[0,0,0,0]}],[1],0,[0],[0],[1]],[["0,9729,9729,33071,33071,0,0,1",-1],[0],0,[],[],[]],[[{"name":"snow","rect":[0,0,512,451],"offset":[0,0],"originalSize":[512,451],"capInsets":[0,0,0,0]}],[1],0,[0],[0],[2]],[["0,9729,9729,33071,33071,0,0,1",-1],[0],0,[],[],[]],[[[0,"A_black_bat",".mp3",1.536],-1],0,0,[],[],[]],[[{"name":"grapes","rect":[0,0,512,432],"offset":[0,0],"originalSize":[512,432],"capInsets":[0,0,0,0]}],[1],0,[0],[0],[3]],[[{"name":"leaf","rect":[0,0,740,740],"offset":[0,0],"originalSize":[740,740],"capInsets":[0,0,0,0]}],[1],0,[0],[0],[4]],[[[1,"en3703",{"rows":[["createsentence","1","Description","A/green/leaf","","leaf.png","A_green_leaf.mp3"],["createsentence","1","Description","The/blue/sky","","sky.png","The_blue_sky.mp3"],["createsentence","1","Description","A/red/strawberry","","strawberry.png","A_red_strawberry.mp3"],["createsentence","1","Description","An/orange/carrot","","carrot.png","An_orange_carrot.mp3"],["createsentence","1","Description","A/bunch/of/purple/grapes","","grapes.png","A_bunch_of_purple_grapes.mp3"],["createsentence","1","Description","A/black/bat","","bat.png","A_black_bat.mp3"],["createsentence","1","Description","The/white/snow","","snow.png","The_white_snow.mp3"],["createsentence","1","Description","The/brown/wood","","wood.png","The_brown_wood.mp3"],["quizliteracy","1","Description","image_sentence","A green leaf.","A green leaf.","An orange carrot.","The white snow.","leaf.png","","A_green_leaf.mp3"],["quizliteracy","1","Description","image_sentence","An orange carrot.","The white snow.","A green leaf.","An orange carrot.","carrot.png","","An_orange_carrot.mp3"],["quizliteracy","1","Description","image_sentence","The white snow.","An orange carrot.","The white snow.","A green leaf.","snow.png","","The_white_snow.mp3"]]}]],0,0,[],[],[]],[[[0,"A_green_leaf",".mp3",1.584],-1],0,0,[],[],[]],[[{"name":"strawberry","rect":[0,0,512,512],"offset":[0,0],"originalSize":[512,512],"capInsets":[0,0,0,0]}],[1],0,[0],[0],[5]],[[[0,"The_white_snow",".mp3",1.464],-1],0,0,[],[],[]],[[[0,"The_brown_wood",".mp3",1.512],-1],0,0,[],[],[]],[[{"name":"wood","rect":[0,0,1060,710],"offset":[0,0],"originalSize":[1060,710],"capInsets":[0,0,0,0]}],[1],0,[0],[0],[6]],[[[0,"A_red_strawberry",".mp3",1.752],-1],0,0,[],[],[]],[["0,9729,9729,33071,33071,0,0,1",-1],[0],0,[],[],[]],[[{"name":"sky","rect":[0,0,512,341],"offset":[0,0],"originalSize":[512,341],"capInsets":[0,0,0,0]}],[1],0,[0],[0],[7]]]]