[1,["777LCdWBZOKqfkxRx0auJQ","63NeXuwU9FwpqsPBZzDv9T","14H6pasDxC4JHn1Af6vhml","24l+EC9nZBZJNM6yNlviAD","8f2QMLUzdFja3BdWpipjv2","acGI2rw4lJBLVSU5R69jx8","b68mZW6/RFuqzDwKBkqjPV","d3/dAPcwxB7aaahNyvLyoQ","67pXv1e0VGC7AldEN2hYSh"],["_textureSetter"],["cc.Texture2D","cc.SpriteFrame",["cc.AudioClip",["_name","_native","duration"],0],["cc.JsonAsset",["_name","json"],1]],[[2,0,1,2,4],[3,0,1,3]],[[[[0,"रोटी",".mp3",0.809796],-1],0,0,[],[],[]],[[[0,"पीला",".mp3",0.835918],-1],0,0,[],[],[]],[[[0,"झील",".mp3",0.757551],-1],0,0,[],[],[]],[[[0,"सिटी",".mp3",0.626939],-1],0,0,[],[],[]],[["0,9729,9729,33071,33071,0,0,1",-1],[0],0,[],[],[]],[[[0,"ली",".mp3",0.496327],-1],0,0,[],[],[]],[["0,9729,9729,33071,33071,0,0,1",-1],[0],0,[],[],[]],[[[0,"चली",".mp3",0.626939],-1],0,0,[],[],[]],[[{"name":"हरा","rect":[0,0,193,153],"offset":[0,0],"originalSize":[193,153],"capInsets":[0,0,0,0]}],[1],0,[0],[0],[0]],[[{"name":"झील","rect":[0,0,370,273],"offset":[0,0],"originalSize":[370,273],"capInsets":[0,0,0,0]}],[1],0,[0],[0],[1]],[[[1,"hi0602",{"rows":[["spelldoor","1","Description","पीठ","*ठ","1","0","पीठ.png","पीठ.mp3"],["spelldoor","1","Description","बीज","*ज","1","0","बीज.png","बीज.mp3"],["spelldoor","1","Description","झील","*ल","1","0","झील.png","झील.mp3"],["phonictractor","1","Description","5","पीली","पीली.mp3","पी","पी.mp3","ली","ली.mp3"],["phonictractor","1","Description","5","सिटी","सिटी.mp3","सि","सि.mp3","टी","टी.mp3"],["openwindow","1","Description","LEGIT","पी,ला","पीला.png","हरा.png","पीला.mp3","ज,ग,न,ल,फ,छा,ता,र,थ,व,न,घ,ट्र,क,घो,ड़ा,हा,थी,आ,म,स"],["openwindow","1","Description","LEGIT","नी,ला","नीला.png","घुटना.png","नीला.mp3","ज,ग,न,ल,फ,छा,ता,र,थ,व,न,घ,ट्र,क,घो,ड़ा,हा,थी,आ,म,स"],["rocket","1","Description","नदी","न,दी","न,दी","नदी.mp3","नदी.png","false ","false "],["rocket","1","Description","गली","ग,ली","ग,ली","गली.mp3","गली.png","false ","false "],["speakingpet","1","Description","ली.mp3","टी.mp3","चली","चली.mp3","A","2","गली","गली.mp3","A","2","सिटी","सिटी.mp3","B","2","रोटी","रोटी.mp3","B","2"],["quizliteracy","1","Description","soundonly_word","पीठ","पीठ","झील","पीला","","","पीठ.mp3"],["quizliteracy","1","Description","image_word","पीला","झील","पीला","पीठ","पीला.png"],["quizliteracy","1","Description","soundonly_word","झील","पीला","पीठ","झील","","","झील.mp3"]]}]],0,0,[],[],[]],[[[0,"पी",".mp3",0.522449],-1],0,0,[],[],[]],[[[0,"गली",".mp3",0.600816],-1],0,0,[],[],[]],[[[0,"नीला",".mp3",0.888163],-1],0,0,[],[],[]],[["0,9729,9729,33071,33071,0,0,1",-1],[0],0,[],[],[]],[[{"name":"बीज","rect":[0,0,370,273],"offset":[0,0],"originalSize":[370,273],"capInsets":[0,0,0,0]}],[1],0,[0],[0],[2]],[["0,9729,9729,33071,33071,0,0,1",-1],[0],0,[],[],[]],[[{"name":"पीला","rect":[1,5,190,141],"offset":[-0.5,1],"originalSize":[193,153],"capInsets":[0,0,0,0]}],[1],0,[0],[0],[3]],[["0,9729,9729,33071,33071,0,0,1",-1],[0],0,[],[],[]],[[[0,"टी",".mp3",0.522449],-1],0,0,[],[],[]],[[[0,"नदी",".mp3",0.757551],-1],0,0,[],[],[]],[[{"name":"पीठ","rect":[0,0,370,273],"offset":[0,0],"originalSize":[370,273],"capInsets":[0,0,0,0]}],[1],0,[0],[0],[4]],[["0,9729,9729,33071,33071,0,0,1",-1],[0],0,[],[],[]],[[{"name":"नीला","rect":[0,0,193,153],"offset":[0,0],"originalSize":[193,153],"capInsets":[0,0,0,0]}],[1],0,[0],[0],[5]],[[[0,"पीठ",".mp3",0.574694],-1],0,0,[],[],[]],[[[0,"बीज",".mp3",0.757551],-1],0,0,[],[],[]],[["0,9729,9729,33071,33071,0,0,1",-1],[0],0,[],[],[]],[[{"name":"गली","rect":[0,0,271,271],"offset":[0,0],"originalSize":[271,271],"capInsets":[0,0,0,0]}],[1],0,[0],[0],[6]],[["0,9729,9729,33071,33071,0,0,1",-1],[0],0,[],[],[]],[[[0,"सि",".mp3",0.522449],-1],0,0,[],[],[]],[[[0,"पीली",".mp3",0.679184],-1],0,0,[],[],[]],[["0,9729,9729,33071,33071,0,0,1",-1],[0],0,[],[],[]],[[{"name":"घुटना","rect":[0,0,193,153],"offset":[0,0],"originalSize":[193,153],"capInsets":[0,0,0,0]}],[1],0,[0],[0],[7]],[[{"name":"नदी","rect":[0,0,271,271],"offset":[0,0],"originalSize":[271,271],"capInsets":[0,0,0,0]}],[1],0,[0],[0],[8]]]]