[1,["8cf9bma/1DPoc197Uxmqui","e93YF+bt5B+YdjI6gotV98","6ehhE+peRNFK+n+anX9AXO","50r6d4jTNKvrLoLxM/sgwb","050qL1PZlIBIzR0HkScqDG","c0WNObFpVKNrJP7BYyxDpn","d21RW8dDFMl6vl+4LPWCzD","0cgHG6h4RPYopCQzW1XTzt","9cp+QPrnVGQrcnQCqGNJHU","76QXkHEY5AIpTPhKJ2QWzu","8asrdu6cNAxpnwIqyV1LHl","57Q52/B2pOg6ea5JT3mxKL"],["_textureSetter"],["cc.Texture2D","cc.SpriteFrame",["cc.JsonAsset",["_name","json"],1]],[[2,0,1,3]],[[["0,9729,9729,33071,33071,0,0,1",-1],[0],0,[],[],[]],[["0,9729,9729,33071,33071,0,0,1",-1],[0],0,[],[],[]],[[{"name":"balloon_purple","rect":[0,0,202,322],"offset":[0,0],"originalSize":[202,322],"capInsets":[0,0,0,0]}],[1],0,[0],[0],[0]],[[{"name":"shoes_orange","rect":[0,23,294,211],"offset":[-2,-11],"originalSize":[298,235],"capInsets":[0,0,0,0]}],[1],0,[0],[0],[1]],[[[0,"puzzle0001",{"rows":[["matchbox","1","Description","8.0","crayon_blue.png","cap_green.png","doll_yellow.png","horse_orange.png","crayon_blue.png","cap_green.png","doll_yellow.png","horse_orange.png"],["matchbox","1","Description","8.0","shoes_blue.png","shoes_orange.png","shoes_purple.png","shoes_red.png","balloon_blue.png","balloon_orange.png","balloon_purple.png","balloon_red.png"]]}]],0,0,[],[],[]],[[{"name":"shoes_red","rect":[2,50,269,127],"offset":[0.5,8.5],"originalSize":[272,244],"capInsets":[0,0,0,0]}],[1],0,[0],[0],[2]],[[{"name":"shoes_purple","rect":[4,31,232,292],"offset":[2,-12],"originalSize":[236,330],"capInsets":[0,0,0,0]}],[1],0,[0],[0],[3]],[[{"name":"cap_green","rect":[1,34,291,142],"offset":[-1,16.5],"originalSize":[295,243],"capInsets":[0,0,0,0]}],[1],0,[0],[0],[4]],[["0,9729,9729,33071,33071,0,0,1",-1],[0],0,[],[],[]],[["0,9729,9729,33071,33071,0,0,1",-1],[0],0,[],[],[]],[["0,9729,9729,33071,33071,0,0,1",-1],[0],0,[],[],[]],[[{"name":"shoes_blue","rect":[2,80,292,123],"offset":[0,-13.5],"originalSize":[296,256],"capInsets":[0,0,0,0]}],[1],0,[0],[0],[5]],[["0,9729,9729,33071,33071,0,0,1",-1],[0],0,[],[],[]],[[{"name":"crayon_blue","rect":[0,1,237,236],"offset":[-0.5,0],"originalSize":[238,238],"capInsets":[0,0,0,0]}],[1],0,[0],[0],[6]],[["0,9729,9729,33071,33071,0,0,1",-1],[0],0,[],[],[]],[["0,9729,9729,33071,33071,0,0,1",-1],[0],0,[],[],[]],[[{"name":"balloon_red","rect":[0,0,284,290],"offset":[0,3],"originalSize":[284,296],"capInsets":[0,0,0,0]}],[1],0,[0],[0],[7]],[["0,9729,9729,33071,33071,0,0,1",-1],[0],0,[],[],[]],[[{"name":"balloon_blue","rect":[0,0,294,293],"offset":[0,2],"originalSize":[294,297],"capInsets":[0,0,0,0]}],[1],0,[0],[0],[8]],[["0,9729,9729,33071,33071,0,0,1",-1],[0],0,[],[],[]],[["0,9729,9729,33071,33071,0,0,1",-1],[0],0,[],[],[]],[[{"name":"doll_yellow","rect":[19,27,202,252],"offset":[1,-5],"originalSize":[238,296],"capInsets":[0,0,0,0]}],[1],0,[0],[0],[9]],[["0,9729,9729,33071,33071,0,0,1",-1],[0],0,[],[],[]],[[{"name":"horse_orange","rect":[0,0,293,252],"offset":[0,0],"originalSize":[293,252],"capInsets":[0,0,0,0]}],[1],0,[0],[0],[10]],[[{"name":"balloon_orange","rect":[0,0,213,334],"offset":[0,4.5],"originalSize":[213,343],"capInsets":[0,0,0,0]}],[1],0,[0],[0],[11]]]]