[1,["e4lmHBC0dO6JQnAtQ1OAo4","caK6p0LSZG8ZprsALNNt4S","09ZBC8uNpLT5F3siGFa+vD","ddSuJNpERCU7l/Cutjo/cr","a0HFUZ0yJExLTSkhZzLX3f","5ftPJwTBtHDrCbNHcYEDLE","37ngNIZRhCOKhZD8yExmG6"],["_textureSetter"],["cc.Texture2D","cc.SpriteFrame",["cc.AudioClip",["_name","_native","duration"],0],["cc.JsonAsset",["_name","json"],1]],[[2,0,1,2,4],[3,0,1,3]],[[["0,9729,9729,33071,33071,0,0,1",-1],[0],0,[],[],[]],[[[0,"side",".mp3",1.008],-1],0,0,[],[],[]],[[{"name":"heart","rect":[0,0,512,512],"offset":[0,0],"originalSize":[512,512],"capInsets":[0,0,0,0]}],[1],0,[0],[0],[0]],[[[0,"pide",".mp3",0.84],-1],0,0,[],[],[]],[[[1,"en1804",{"rows":[["grid","1","Description","ea","r,t,st"],["grid","1","Description","ea","ch,rn,se"],["grid","1","Description","ar,id,pl","ea"],["grid","1","Description","t,s,p","ea,ide,an"],["openwindow","1","Description","LEGIT","heart","heart.png","river.png","heart.mp3","abcdefghijklmnopqrstuvwxyz"],["rocket","1","Description","leaf","l,ea,f","l,ea,f","leaf.mp3","leaf.png","false","false"],["rocket","1","Description","teacher","a,b,c,d,e,f,g,h,i,j,k,l,m,n,o,p,q,r,s,t,u,v,w,x,y,z","t,e,a,c,h,e,r","teacher.mp3","teacher.png","false","true"],["quizliteracy","1","Description","soundonly_word","teacher","teacher","student","classroom","","","teacher.mp3"],["quizliteracy","1","Description","soundonly_word","sea","egg","sea","dad","","","sea.mp3"],["quizliteracy","1","Description","soundonly_image","leaf.png","baby.png","leaf.png","fire.png","","","leaf.mp3"]]}]],0,0,[],[],[]],[[{"name":"teacher","rect":[0,0,512,315],"offset":[0,0],"originalSize":[512,315],"capInsets":[0,0,0,0]}],[1],0,[0],[0],[1]],[[{"name":"leaf1","rect":[0,0,640,448],"offset":[0,0],"originalSize":[640,448],"capInsets":[0,0,0,0]}],[1],0,[0],[0],[2]],[[[0,"idea",".mp3",0.96],-1],0,0,[],[],[]],[[{"name":"fire","rect":[36,36,846,594],"offset":[0,0],"originalSize":[918,666],"capInsets":[0,0,0,0]}],[1],0,[0],[0],[3]],[[[0,"tea",".mp3",0.72],-1],0,0,[],[],[]],[["0,9729,9729,33071,33071,0,0,1",-1],[0],0,[],[],[]],[[[0,"san",".mp3",0.96],-1],0,0,[],[],[]],[[[0,"area",".mp3",0.912],-1],0,0,[],[],[]],[[[0,"east",".mp3",0.936],-1],0,0,[],[],[]],[[[0,"each",".mp3",0.84],-1],0,0,[],[],[]],[[[0,"teacher",".mp3",0.984],-1],0,0,[],[],[]],[[[0,"leaf",".mp3",1.008],-1],0,0,[],[],[]],[["0,9729,9729,33071,33071,0,0,1",-1],[0],0,[],[],[]],[[[0,"ear",".mp3",0.696],-1],0,0,[],[],[]],[[[0,"plea",".mp3",0.768],-1],0,0,[],[],[]],[[[0,"earn",".mp3",0.72],-1],0,0,[],[],[]],[[{"name":"baby","rect":[0,0,512,339],"offset":[0,0],"originalSize":[512,339],"capInsets":[0,0,0,0]}],[1],0,[0],[0],[4]],[[[0,"tan",".mp3",0.84],-1],0,0,[],[],[]],[["0,9729,9729,33071,33071,0,0,1",-1],[0],0,[],[],[]],[[[0,"tide",".mp3",0.912],-1],0,0,[],[],[]],[[[0,"pea",".mp3",0.696],-1],0,0,[],[],[]],[[{"name":"river","rect":[0,0,512,341],"offset":[0,0],"originalSize":[512,341],"capInsets":[0,0,0,0]}],[1],0,[0],[0],[5]],[[{"name":"leaf","rect":[0,0,740,740],"offset":[0,0],"originalSize":[740,740],"capInsets":[0,0,0,0]}],[1],0,[0],[0],[6]],[["0,9729,9729,33071,33071,0,0,1",-1],[0],0,[],[],[]],[[[0,"sea",".mp3",0.936],-1],0,0,[],[],[]],[["0,9729,9729,33071,33071,0,0,1",-1],[0],0,[],[],[]],[[[0,"pan",".mp3",0.816],-1],0,0,[],[],[]],[["0,9729,9729,33071,33071,0,0,1",-1],[0],0,[],[],[]],[[[0,"heart",".mp3",1.032],-1],0,0,[],[],[]],[[[0,"ease",".mp3",0.864],-1],0,0,[],[],[]],[[[0,"eat",".mp3",0.768],-1],0,0,[],[],[]]]]