[1,["0evT4mTrRDu6k+idWqC6AA","e5pCzob5pHA5iEZGwSthxU","f0Ey5Qs6RG5JJmWjzr1G8R","89LDHoHxpO8Lss5pmG7i2f","53S4LGuE1NfYsmVOszphh7","1cS+Xj6B5PdoUnA2YuNozz"],["_textureSetter"],["cc.Texture2D","cc.SpriteFrame",["cc.AudioClip",["_name","_native","duration"],0],["cc.JsonAsset",["_name","json"],1]],[[2,0,1,2,4],[3,0,1,3]],[[[[0,"horse",".mp3",0.626939],-1],0,0,[],[],[]],[[[0,"rabbit",".mp3",0.835918],-1],0,0,[],[],[]],[["0,9729,9729,33071,33071,0,0,1",-1],[0],0,[],[],[]],[["0,9729,9729,33071,33071,0,0,1",-1],[0],0,[],[],[]],[["0,9729,9729,33071,33071,0,0,1",-1],[0],0,[],[],[]],[[{"name":"horse","rect":[0,0,512,467],"offset":[0,0],"originalSize":[512,467],"capInsets":[0,0,0,0]}],[1],0,[0],[0],[0]],[[[1,"sl_en1805",{"rows":[["openwindow1","1","Description","LEGIT","dog","dog.png","goldfish.png","dog.mp3","abcdefghijklmnopqrstuvwxyz"],["openwindow1","1","Description","LEGIT","cat","cat.png","rabbit.png","cat.mp3","abcdefghijklmnopqrstuvwxyz"],["openwindow1","1","Description","LEGIT","goldfish","goldfish.png","dog.png","goldfish.mp3","abcdefghijklmnopqrstuvwxyz"],["openwindow1","1","Description","LEGIT","horse","horse.png","parrot.png","horse.mp3","abcdefghijklmnopqrstuvwxyz"],["openwindow1","1","Description","LEGIT","rabbit","rabbit.png","horse.png","rabbit.mp3","abcdefghijklmnopqrstuvwxyz"],["openwindow1","1","Description","LEGIT","parrot","parrot.png","cat.png","parrot.mp3","abcdefghijklmnopqrstuvwxyz"],["quizliteracy","1","Description","image_sentence","goldfish","dog","goldfish","cat","goldfish.png","","goldfish.mp3"],["quizliteracy","1","Description","soundonly_image","rabbit.png","rabbit.png","dog.png","goldfish.png","","","rabbit.mp3"],["quizliteracy","1","Description","image_sentence","parrot","dog","cat","parrot","parrot.png","","parrot.mp3"]]}]],0,0,[],[],[]],[["0,9729,9729,33071,33071,0,0,1",-1],[0],0,[],[],[]],[[{"name":"goldfish","rect":[0,0,512,456],"offset":[0,0],"originalSize":[512,456],"capInsets":[0,0,0,0]}],[1],0,[0],[0],[1]],[[[0,"parrot",".mp3",0.548571],-1],0,0,[],[],[]],[[[0,"dog",".mp3",0.574694],-1],0,0,[],[],[]],[[[0,"goldfish",".mp3",0.835918],-1],0,0,[],[],[]],[[{"name":"parrot","rect":[0,0,360,480],"offset":[0,0],"originalSize":[360,480],"capInsets":[0,0,0,0]}],[1],0,[0],[0],[2]],[[{"name":"dog","rect":[0,0,499,512],"offset":[0,0],"originalSize":[499,512],"capInsets":[0,0,0,0]}],[1],0,[0],[0],[3]],[[{"name":"cat","rect":[0,0,494,512],"offset":[0,0],"originalSize":[494,512],"capInsets":[0,0,0,0]}],[1],0,[0],[0],[4]],[[{"name":"rabbit","rect":[0,0,512,502],"offset":[0,0],"originalSize":[512,502],"capInsets":[0,0,0,0]}],[1],0,[0],[0],[5]],[["0,9729,9729,33071,33071,0,0,1",-1],[0],0,[],[],[]],[[[0,"cat",".mp3",0.835918],-1],0,0,[],[],[]],[["0,9729,9729,33071,33071,0,0,1",-1],[0],0,[],[],[]]]]