[1,["4ecKVgwWFI47iPQnpepEK5"],["_textureSetter"],["cc.Texture2D","cc.SpriteFrame",["cc.AudioClip",["_name","_native","duration"],0],["cc.JsonAsset",["_name","json"],1]],[[2,0,1,2,4],[3,0,1,3]],[[[[0,"बहीण",".mp3",0.731429],-1],0,0,[],[],[]],[[[1,"mr2500",{"rows":[["tag","1","Description","image_3_1.png","कुटुंब","280.-1520","कुटुंब.mp3","आई","1280.-1315","आई.mp3","बाबा","248.-537","बाबा.mp3","भाऊ","729.-518","भाऊ.mp3","बहीण","949.-1163","बहीण.mp3"],["fillblank","1","Description","हे आमचे [घर]. घरात आई, बाबा, दादा, आजी-आजोबा व मी राहत.","हे_आमचे _घर._घरात_आई,_बाबा,_दादा,_आजी_आजोबा _ मी_राहत.mp3","दुकान","शाळा","पार्क","15"],["fillblank","1","Description","आई घरी [लॅपटॉप] वर काम करते.","आई_घरी_लॅपटॉप_वर_काम_करते.mp3","बस","सोफा","झाड","10"],["fillblank","1","Description","मी [सायकल] चालवत","मी _सायकल_चालवत.mp3","बस","लॉरी","जहाज","15"],["fillblank","1","Description","आजोबांसाठी [औषध]आणत","आजोबांसाठी_औषध_आणत.mp3","मिरची","पेन्सिल","सायकल","15"],["quizliteracy","1","Description","sentence_sentence","घर","दुकान","शाळा","घर","","हे आमचे __","हे_आमचे _घर.mp3"],["quizliteracy","1","Description","sentence_sentence","सायकल","सायकल","सोफा","झाड","","मी ____ चालवत","मी _सायकल_चालवत.mp3"],["quizliteracy","1","Description","sentence_sentence","औषध","मिरची","औषध","पेन्सिल","","आजोबांसाठी _____आणत","आजोबांसाठी_औषध_आणत.mp3"]]}]],0,0,[],[],[]],[[[0,"बाबा",".mp3",0.862041],-1],0,0,[],[],[]],[["0,9729,9729,33071,33071,0,0,1",-1],[0],0,[],[],[]],[[[0,"कुटुंब",".mp3",1.018776],-1],0,0,[],[],[]],[[[0,"आई",".mp3",0.783673],-1],0,0,[],[],[]],[[[0,"भाऊ",".mp3",0.835918],-1],0,0,[],[],[]],[[[0,"मी _सायकल_चालवत",".mp3",2.377143],-1],0,0,[],[],[]],[[[0,"आजोबांसाठी_औषध_आणत",".mp3",2.847347],-1],0,0,[],[],[]],[[{"name":"image_3_1","rect":[0,0,640,526],"offset":[0,0],"originalSize":[640,526],"capInsets":[0,0,0,0]}],[1],0,[0],[0],[0]],[[[0,"हे_आमचे _घर",".mp3",1.149388],-1],0,0,[],[],[]],[[[0,"हे_आमचे _घर._घरात_आई,_बाबा,_दादा,_आजी_आजोबा _ मी_राहत",".mp3",8.071837],-1],0,0,[],[],[]]]]