[1,["b2cO7f/H1ErZ5PsoolHTVR","69iFbl78ZNVofZbhMKQwVx","f7KWCfbhlLE6ylHax+H+ch","a28Z34F/lOkIU3ILsAWsyW","f0IusJR9RE86op34BsGEiq","ccet4YFhpOQKuAZSObpZPD","2cgt+OpI5LcrX2P7nUnSZt","e3L5WC/9dCWKLVKSSlbxXZ","02DiYiLLdIEqJ1MvGU+ivs"],["_textureSetter"],["cc.Texture2D","cc.SpriteFrame",["cc.AudioClip",["_name","_native","duration"],0],["cc.JsonAsset",["_name","json"],1]],[[2,0,1,2,4],[3,0,1,3]],[[["1,9729,9729,33071,33071,0,0,1",-1],[0],0,[],[],[]],[[{"name":"jaya_reads_book_at_school","rect":[0,0,800,533],"offset":[0,0],"originalSize":[800,533],"capInsets":[0,0,0,0]}],[1],0,[0],[0],[0]],[[{"name":"The_milkisdelicious","rect":[0,0,1073,1157],"offset":[0,0],"originalSize":[1073,1157],"capInsets":[0,0,0,0]}],[1],0,[0],[0],[1]],[["1,9729,9729,33071,33071,0,0,1",-1],[0],0,[],[],[]],[[[0,"the_rooster_crows_everymorning",".mp3",2.35102],-1],0,0,[],[],[]],[[{"name":"Raviplaysa_gamealone","rect":[0,0,768,512],"offset":[0,0],"originalSize":[768,512],"capInsets":[0,0,0,0]}],[1],0,[0],[0],[2]],[[[0,"Binta_eats_an_apple_everyday",".mp3",2.507755],-1],0,0,[],[],[]],[[[0,"the_sunshines_brightly",".mp3",1.593469],-1],0,0,[],[],[]],[[[0,"ramesh_drinks_milk_everyday",".mp3",2.76],-1],0,0,[],[],[]],[["1,9729,9729,33071,33071,0,0,1",-1],[0],0,[],[],[]],[[{"name":"Theroostercrowsevery_morning","rect":[0,0,1073,1157],"offset":[0,0],"originalSize":[1073,1157],"capInsets":[0,0,0,0]}],[1],0,[0],[0],[3]],[[[0,"they_sell_milk_together",".mp3",1.619592],-1],0,0,[],[],[]],[["1,9729,9729,33071,33071,0,0,1",-1],[0],0,[],[],[]],[[{"name":"Thefrogsmakenoiseevery_night","rect":[0,0,1920,1230],"offset":[0,0],"originalSize":[1920,1230],"capInsets":[0,0,0,0]}],[1],0,[0],[0],[4]],[["1,9729,9729,33071,33071,0,0,1",-1],[0],0,[],[],[]],[[[0,"the_van_drives_down_the_road",".mp3",2.037551],-1],0,0,[],[],[]],[[[0,"ravi_plays_a_game_alone",".mp3",2.376],-1],0,0,[],[],[]],[[{"name":"Maryeatsan_appleevery_day","rect":[0,0,1073,1157],"offset":[0,0],"originalSize":[1073,1157],"capInsets":[0,0,0,0]}],[1],0,[0],[0],[5]],[[[1,"sl_en2304",{"rows":[["createsentence","1","Description","Binta/eats/an apple/every day","","Maryeatsan_appleevery_day.jpg","Binta_eats_an_apple_everyday.mp3"],["createsentence","1","Description","Jaya/reads/a book/at school","","jaya_reads_book_at_school.jpg","jaya_reads_book_at_school.mp3"],["createsentence","1","Description","Ravi/plays/a game/alone","","Raviplaysa_gamealone.jpg","ravi_plays_a_game_alone.mp3"],["createsentence","1","Description","They/sell/milk/together","","theysellmilktogether.jpg","they_sell_milk_together.mp3"],["createsentence","1","Description","Ramesh/drinks/milk/every day","","The_milkisdelicious.jpg","ramesh_drinks_milk_everyday.mp3"],["createsentence","1","Description","The/frogs/make/noise/every night","","Thefrogsmakenoiseevery_night.jpg","the_frogs_make_noise_everynight.mp3"],["createsentence","1","Description","The/rooster/crows/every morning","","Theroostercrowsevery_morning.jpg","the_rooster_crows_everymorning.mp3"],["createsentence","1","Description","The/sun/shines/brightly","","Thesunshinesbrightly.jpg","the_sunshines_brightly.mp3"],["createsentence","1","Description","The/van/drives/down the road","","Thevandrivesdown_the_road.jpg","the_van_drives_down_the_road.mp3"],["quizliteracy","1","Description","sentence_sentence","Binta eats an apple.","Binta eats a apples.","Binta eats an apple.","Binta eating apple.","","choose the right one","Choose_the_right_one.mp3"],["quizliteracy","1","Description","sentence_sentence","The van drives down the road.","The van drive down the road.","The van drives down the road.","The van driving down the road.","","choose the right one","Choose_the_right_one.mp3"],["quizliteracy","1","Description","sentence_sentence","They sell milk together.","They sell milk together.","They sells milk together.","They selling milk together.","","choose the right one","Choose_the_right_one.mp3"],["quizliteracy","1","Description","image_sentence","The frogs make noise every night.","The frogs are silent.","The birds make noise every night.","The frogs make noise every night.","Thefrogsmakenoiseevery_night.jpg","","the_frogs_make_noise_everynight.mp3"],["quizliteracy","1","Description","image_sentence","The sun shines brightly.","The sun shines brightly.","The stone shines brightly.","The tree shines brightly.","Thesunshinesbrightly.jpg","","the_sunshines_brightly.mp3"]]}]],0,0,[],[],[]],[["1,9729,9729,33071,33071,0,0,1",-1],[0],0,[],[],[]],[[{"name":"Thevandrivesdown_the_road","rect":[0,0,1073,1157],"offset":[0,0],"originalSize":[1073,1157],"capInsets":[0,0,0,0]}],[1],0,[0],[0],[6]],[[{"name":"theysellmilktogether","rect":[0,0,800,533],"offset":[0,0],"originalSize":[800,533],"capInsets":[0,0,0,0]}],[1],0,[0],[0],[7]],[["1,9729,9729,33071,33071,0,0,1",-1],[0],0,[],[],[]],[["1,9729,9729,33071,33071,0,0,1",-1],[0],0,[],[],[]],[[[0,"jaya_reads_book_at_school",".mp3",2.664],-1],0,0,[],[],[]],[[{"name":"Thesunshinesbrightly","rect":[0,0,1073,793],"offset":[0,0],"originalSize":[1073,793],"capInsets":[0,0,0,0]}],[1],0,[0],[0],[8]],[[[0,"Choose_the_right_one",".mp3",1.38449],-1],0,0,[],[],[]],[["1,9729,9729,33071,33071,0,0,1",-1],[0],0,[],[],[]],[[[0,"the_frogs_make_noise_everynight",".mp3",2.638367],-1],0,0,[],[],[]]]]