[1,["02TKWo5nlJvr9DqPzk5E3Z","69sG9HFQlLJ5zm3rcIBUrN","0cg6Th+GlK0pqzaNopGFPv","9cNtEHmd9FcIvsgvfsCNj7","baJdnwH35EVLW1lHxPUL86","adbgvgNABM5KKIhnlvtyVk","b7w8YbNtJFPLMUBc3YWiRQ","6cZX4wZHZEC5yIEcsQl1bk","81Cd/tyCtF4ZKnsqRpLq8B"],["_textureSetter"],["cc.Texture2D","cc.SpriteFrame",["cc.JsonAsset",["_name","json"],1],["cc.AudioClip",["_name","_native","duration"],0]],[[3,0,1,2,4],[2,0,1,3]],[[["0,9729,9729,33071,33071,0,0,1",-1],[0],0,[],[],[]],[["0,9729,9729,33071,33071,0,0,1",-1],[0],0,[],[],[]],[[{"name":"stream","rect":[0,0,800,533],"offset":[0,0],"originalSize":[800,533],"capInsets":[0,0,0,0]}],[1],0,[0],[0],[0]],[[[1,"kn4608",{"rows":[["spelldoor","1","Description","ಝರಿ","**","0","0","stream.png","ಝರಿ.mp3"],["writeword","1","Description","ಘಟ","pot.png","ಘಟ.mp3"],["writeword","1","Description","ಫಲಕ","board.png","ಫಲಕ.mp3"],["spelldoor","1","Description","ಖನಿಜ","***","0","0","ores.png","ಖನಿಜ.mp3"],["writeword","1","Description","ಪಠಣ","recite.png","ಪಠಣ.mp3"],["spelldoor","1","Description","ವಠಾರ","***","0","0","commonplace.png","ವಠಾರ.mp3"],["writeword","1","Description","ಝಣ","coins.png","ಝಣ.mp3"],["writeword","1","Description","ಘಮ","smell.png","ಘಮ.mp3"],["quizliteracy","1","Description","word_word","ಫ","ಬ","ಫ","ಗ","","____ಲಕ","ಫಲಕ.mp3"],["quizliteracy","1","Description","image_word","ಝರಿ","ಘಟ","ಝರಿ","ಝಣ","stream.png"],["quizliteracy","1","Description","soundonly_word","ಘಮ","ಘಮ","ಪಠಣ","ಖನಿಜ","","","ಘಮ.mp3"]]}]],0,0,[],[],[]],[[[0,"ಘಟ",".mp3",0.624],-1],0,0,[],[],[]],[[{"name":"pot","rect":[0,0,467,500],"offset":[0,0],"originalSize":[467,500],"capInsets":[0,0,0,0]}],[1],0,[0],[0],[1]],[[[0,"ಪಠಣ",".mp3",0.72],-1],0,0,[],[],[]],[[[0,"ಝಣಝಣ",".mp3",0.864],-1],0,0,[],[],[]],[[[0,"ಝಣ",".mp3",0.648],-1],0,0,[],[],[]],[[{"name":"recite","rect":[0,0,533,800],"offset":[0,0],"originalSize":[533,800],"capInsets":[0,0,0,0]}],[1],0,[0],[0],[2]],[["0,9729,9729,33071,33071,0,0,1",-1],[0],0,[],[],[]],[["0,9729,9729,33071,33071,0,0,1",-1],[0],0,[],[],[]],[[[0,"ವಠಾರ",".mp3",0.792],-1],0,0,[],[],[]],[[{"name":"mango","rect":[31,30,738,520],"offset":[0,0],"originalSize":[800,580],"capInsets":[0,0,0,0]}],[1],0,[0],[0],[3]],[["0,9729,9729,33071,33071,0,0,1",-1],[0],0,[],[],[]],[[{"name":"smell","rect":[0,0,540,404],"offset":[0,0],"originalSize":[540,404],"capInsets":[0,0,0,0]}],[1],0,[0],[0],[4]],[["0,9729,9729,33071,33071,0,0,1",-1],[0],0,[],[],[]],[[{"name":"ores","rect":[0,0,800,532],"offset":[0,0],"originalSize":[800,532],"capInsets":[0,0,0,0]}],[1],0,[0],[0],[5]],[["0,9729,9729,33071,33071,0,0,1",-1],[0],0,[],[],[]],[[[0,"ಝರಿ",".mp3",0.696],-1],0,0,[],[],[]],[[[0,"ಖನಿಜ",".mp3",0.792],-1],0,0,[],[],[]],[["0,9729,9729,33071,33071,0,0,1",-1],[0],0,[],[],[]],[[{"name":"commonplace","rect":[0,0,599,800],"offset":[0,0],"originalSize":[599,800],"capInsets":[0,0,0,0]}],[1],0,[0],[0],[6]],[["0,9729,9729,33071,33071,0,0,1",-1],[0],0,[],[],[]],[[[0,"ಫಲಕ",".mp3",0.744],-1],0,0,[],[],[]],[[{"name":"board","rect":[0,0,800,532],"offset":[0,0],"originalSize":[800,532],"capInsets":[0,0,0,0]}],[1],0,[0],[0],[7]],[[{"name":"coins","rect":[0,0,800,800],"offset":[0,0],"originalSize":[800,800],"capInsets":[0,0,0,0]}],[1],0,[0],[0],[8]],[[[0,"ಘಮಘಮ",".mp3",0.84],-1],0,0,[],[],[]],[[[0,"ಘಮ",".mp3",0.624],-1],0,0,[],[],[]]]]