[1,["a7MgKalytKXZtJgqkM6TWj","a0mG9IdWJONLUFHhgLM68j","c5kXgBSjFJzI2uvXbt7iL6","93r6M5gC5PwIKfgwir01y/","caWKHpF8lLkLtRJ3q7rXNP","7exARTvvlG+ZyQfm+S7vF8"],["_textureSetter"],["cc.SpriteFrame","cc.Texture2D",["cc.JsonAsset",["_name","json"],1],["cc.AudioClip",["_name","_native","duration"],0]],[[3,0,1,2,4],[2,0,1,3]],[[[{"name":"peacock","rect":[0,0,400,400],"offset":[0,0],"originalSize":[400,400],"capInsets":[0,0,0,0]}],[0],0,[0],[0],[0]],[[[1,"kn2_0400",{"rows":[["openwindow1","1","Description","LEGIT","ಗಿಳಿ","parrot.png","crow.png","ಗಿಳಿ.mp3","ಗಿಳಿ"],["openwindow1","1","Description","LEGIT","ಹುಂಜ","rooster.png","pigeon.png","ಹುಂಜ.mp3","ಹುಂಜ"],["openwindow1","1","Description","LEGIT","ನವಿಲು","peacock.png","sparrow.png","ನವಿಲು.mp3","ನವಿಲು"],["openwindow1","1","Description","LEGIT","ಕಾಗೆ","crow.png","parrot.png","ಕಾಗೆ.mp3","ಕಾಗೆ"],["openwindow1","1","Description","LEGIT","ಪಾರಿವಾಳ","pigeon.png","rooster.png","ಪಾರಿವಾಳ.mp3","ಪಾರಿವಾಳ"],["openwindow1","1","Description","LEGIT","ಗುಬ್ಬಚ್ಚಿ","sparrow.png","peacock.png","ಗುಬ್ಬಚ್ಚಿ.mp3","ಗುಬ್ಬಚ್ಚಿ"],["quizliteracy","1","Description","image_word","ಹುಂಜ","ಹುಂಜ","ಗಿಳಿ","ಪಾರಿವಾಳ","rooster.png"],["quizliteracy","1","Description","image_word","ನವಿಲು","ಗಿಳಿ","ನವಿಲು","ಗುಬ್ಬಚ್ಚಿ","peacock.png"],["quizliteracy","1","Description","image_word","ಪಾರಿವಾಳ","ನವಿಲು","ಪಾರಿವಾಳ","ಹುಂಜ","pigeon.png"]]}]],0,0,[],[],[]],[[[0,"ಗಿಳಿ",".mp3",0.648],-1],0,0,[],[],[]],[[[0,"ಪಾರಿವಾಳ",".mp3",1.056],-1],0,0,[],[],[]],[[{"name":"sparrow","rect":[0,0,400,400],"offset":[0,0],"originalSize":[400,400],"capInsets":[0,0,0,0]}],[0],0,[0],[0],[1]],[[{"name":"rooster","rect":[0,0,400,400],"offset":[0,0],"originalSize":[400,400],"capInsets":[0,0,0,0]}],[0],0,[0],[0],[2]],[[{"name":"crow","rect":[0,0,400,400],"offset":[0,0],"originalSize":[400,400],"capInsets":[0,0,0,0]}],[0],0,[0],[0],[3]],[["0,9729,9729,33071,33071,0,0,1",-1],[1],0,[],[],[]],[["0,9729,9729,33071,33071,0,0,1",-1],[1],0,[],[],[]],[["0,9729,9729,33071,33071,0,0,1",-1],[1],0,[],[],[]],[["0,9729,9729,33071,33071,0,0,1",-1],[1],0,[],[],[]],[["0,9729,9729,33071,33071,0,0,1",-1],[1],0,[],[],[]],[["0,9729,9729,33071,33071,0,0,1",-1],[1],0,[],[],[]],[[{"name":"parrot","rect":[0,0,400,400],"offset":[0,0],"originalSize":[400,400],"capInsets":[0,0,0,0]}],[0],0,[0],[0],[4]],[[[0,"ಗುಬ್ಬಚ್ಚಿ",".mp3",1.032],-1],0,0,[],[],[]],[[[0,"ಹುಂಜ",".mp3",0.768],-1],0,0,[],[],[]],[[{"name":"pigeon","rect":[0,0,400,400],"offset":[0,0],"originalSize":[400,400],"capInsets":[0,0,0,0]}],[0],0,[0],[0],[5]],[[[0,"ಕಾಗೆ",".mp3",0.768],-1],0,0,[],[],[]],[[[0,"ನವಿಲು",".mp3",0.864],-1],0,0,[],[],[]]]]