[1,["a81x2GbcxCI5GlTJ7D0Rbk","37bKKM0x1I04qKe/WC2/Qs","ebL/EDgE9J9qC0LeNfNeoV"],["_textureSetter"],["cc.SpriteFrame","cc.Texture2D",["cc.AudioClip",["_name","_native","duration"],0],["cc.JsonAsset",["_name","json"],1]],[[2,0,1,2,4],[3,0,1,3]],[[[{"name":"उल्लू","rect":[0,0,400,333],"offset":[0,0],"originalSize":[400,333],"capInsets":[0,0,0,0]}],[0],0,[0],[0],[0]],[["0,9729,9729,33071,33071,0,0,1",-1],[1],0,[],[],[]],[[[0,"उ",".mp3",0.418],-1],0,0,[],[],[]],[[[0,"उपवन",".mp3",0.705306],-1],0,0,[],[],[]],[["0,9729,9729,33071,33071,0,0,1",-1],[1],0,[],[],[]],[[[0,"उपहार",".mp3",0.888163],-1],0,0,[],[],[]],[[{"name":"उपहार","rect":[0,0,400,333],"offset":[0,0],"originalSize":[400,333],"capInsets":[0,0,0,0]}],[0],0,[0],[0],[1]],[[[0,"उल्लू",".mp3",0.626939],-1],0,0,[],[],[]],[[{"name":"उपवन","rect":[0,0,400,333],"offset":[0,0],"originalSize":[400,333],"capInsets":[0,0,0,0]}],[0],0,[0],[0],[2]],[["0,9729,9729,33071,33071,0,0,1",-1],[1],0,[],[],[]],[[[1,"hi0004",{"rows":[["phonictractor","1","Description","5","उ","उ.mp3","उ","उ.mp3"],["writeletter","1","Description","उ","उल्लू"],["writecard","1","Description","उ","उल्लू","उल्लू.png","उल्लू.mp3","उपहार","उपहार.png","उपहार.mp3","उपवन","उपवन.png","उपवन.mp3"],["quizliteracy","1","Description","soundonly_word","उ","आ","उ","ए ","","","उ.mp3"],["quizliteracy","1","Description","word_word","उ","ए ","आ","उ","","उ"],["quizliteracy","1","Description","soundonly_word","उ","उ","इ ","आ","","","उ.mp3"]]}]],0,0,[],[],[]]]]