[1,["39rJUbrSZJQp2aYOYX2Pvt"],["_textureSetter"],["cc.SpriteFrame","cc.Texture2D",["cc.AudioClip",["_name","_native","duration"],0],["cc.JsonAsset",["_name","json"],1]],[[2,0,1,2,4],[3,0,1,3]],[[[[0,"ball",".mp3",0.96],-1],0,0,[],[],[]],[[[0,"s",".mp3",0.912],-1],0,0,[],[],[]],[[{"name":"cane","rect":[0,0,322,382],"offset":[0,0],"originalSize":[322,382],"capInsets":[0,0,0,0]}],[0],0,[0],[0],[0]],[["0,9729,9729,33071,33071,0,0,1",-1],[1],0,[],[],[]],[[[0,"card",".mp3",0.912],-1],0,0,[],[],[]],[[[0,"k",".mp3",0.816],-1],0,0,[],[],[]],[[[0,"high",".mp3",0.888],-1],0,0,[],[],[]],[[[1,"en1103",{"rows":[["grid","1","Description","c,s","ake,ane,ave"],["grid","1","Description","c,p,d","an,ane"],["grid","1","Description","c,m,d,f","an,ane"],["rocket","1","Description","cane","c,ane","c,ane","cane.mp3","cane.png","false","false"],["speakingpet","1","Description","h.mp3","b.mp3","have","have.mp3","A","1","high","high.mp3","A","1","ball","ball.mp3","B","1","boat","boat.mp3","B","1"],["speakingpet","1","Description","k.mp3","s.mp3","card","card.mp3","A","1","circle","circle.mp3","B","1","sun","sun.mp3","B","1","save","save.mp3","B","1"],["quizliteracy","1","Description","word_word","ane","air","ave","ane","","c___","cane.mp3"],["quizliteracy","1","Description","word_word","ane","ake","ane","ace","","m___","mane.mp3"],["quizliteracy","1","Description","word_word","ave","ime","ave","ake","","h___","have.mp3"],["quizliteracy","1","Description","word_word","ave","ime","est","ave","","s___","save.mp3"]]}]],0,0,[],[],[]],[[[0,"sun",".mp3",1.056],-1],0,0,[],[],[]],[[[0,"save",".mp3",1.008],-1],0,0,[],[],[]],[[[0,"circle",".mp3",1.104],-1],0,0,[],[],[]],[[[0,"mane",".mp3",1.056],-1],0,0,[],[],[]],[[[0,"b",".mp3",0.912],-1],0,0,[],[],[]],[[[0,"have",".mp3",0.864],-1],0,0,[],[],[]],[[[0,"boat",".mp3",1.032],-1],0,0,[],[],[]],[[[0,"cane",".mp3",0.888],-1],0,0,[],[],[]],[[[0,"h",".mp3",0.96],-1],0,0,[],[],[]]]]