[1,["edvrLEgYdAnK+wKsfo6PVO","acFqP7qbRNoblGQRfWJEY8","81dtPYrZdEm5cpdww0vYI4","cc/whTrvFDSqFuKiW5n1OK","cdBC/4g5JAuI4FbLD6WDxf","244w8j7eZD+qyvYE5JHXzx","02SAagaYJA8YzewkUsKS1h","ecIXZOUYlEFq6wI6kn2vaF","1as9XtYdNN1JHV74ZtVSj7","c54q2+8lpMi5r0NB1uZ6AQ","9a5bvC8VtIpZ9/EoXaF6id","43i/fDFANBN6l6DwyDy45b","49rVo5g8VITLjkYaU6hXKU","eb8/9BkilNJLY8cpiz6A5s","2dy4PzmqxJSY/fETKR+71S","e7JWQXFsVFo6V3QZHQW+1q"],["_textureSetter"],["cc.Texture2D","cc.SpriteFrame",["cc.AudioClip",["_name","_native","duration"],0],["cc.JsonAsset",["_name","json"],1]],[[2,0,1,2,4],[3,0,1,3]],[[["0,9729,9729,33071,33071,0,0,1",-1],[0],0,[],[],[]],[[[0,"खराटा",".mp3",1.097143],-1],0,0,[],[],[]],[[{"name":"ironbox","rect":[0,0,640,587],"offset":[0,0],"originalSize":[640,587],"capInsets":[0,0,0,0]}],[1],0,[0],[0],[0]],[[{"name":"tools","rect":[0,127,600,345],"offset":[0,0.5],"originalSize":[600,600],"capInsets":[0,0,0,0]}],[1],0,[0],[0],[1]],[[[0,"नथ",".mp3",0.757551],-1],0,0,[],[],[]],[["0,9729,9729,33071,33071,0,0,1",-1],[0],0,[],[],[]],[["0,9729,9729,33071,33071,0,0,1",-1],[0],0,[],[],[]],[[{"name":"pumpkin","rect":[0,0,615,410],"offset":[0,0],"originalSize":[615,410],"capInsets":[0,0,0,0]}],[1],0,[0],[0],[2]],[["0,9729,9729,33071,33071,0,0,1",-1],[0],0,[],[],[]],[[[0,"भेंडी",".mp3",0.783673],-1],0,0,[],[],[]],[["0,9729,9729,33071,33071,0,0,1",-1],[0],0,[],[],[]],[[{"name":"arrow","rect":[0,0,640,331],"offset":[0,0],"originalSize":[640,331],"capInsets":[0,0,0,0]}],[1],0,[0],[0],[3]],[["0,9729,9729,33071,33071,0,0,1",-1],[0],0,[],[],[]],[[{"name":"deer","rect":[0,0,640,393],"offset":[0,0],"originalSize":[640,393],"capInsets":[0,0,0,0]}],[1],0,[0],[0],[4]],[[[0,"भोपळा",".mp3",0.835918],-1],0,0,[],[],[]],[[{"name":"chalk","rect":[0,0,640,427],"offset":[0,0],"originalSize":[640,427],"capInsets":[0,0,0,0]}],[1],0,[0],[0],[5]],[[{"name":"waterdrop","rect":[112,0,380,600],"offset":[2,0],"originalSize":[600,600],"capInsets":[0,0,0,0]}],[1],0,[0],[0],[6]],[[[0,"बाण",".mp3",0.679184],-1],0,0,[],[],[]],[[{"name":"anvil","rect":[0,0,897,705],"offset":[0,0],"originalSize":[897,705],"capInsets":[0,0,0,0]}],[1],0,[0],[0],[7]],[["0,9729,9729,33071,33071,0,0,1",-1],[0],0,[],[],[]],[[{"name":"okra","rect":[0,14,640,289],"offset":[0,-7],"originalSize":[640,303],"capInsets":[0,0,0,0]}],[1],0,[0],[0],[8]],[[[0,"हरीण",".mp3",0.862041],-1],0,0,[],[],[]],[[[1,"mr1903",{"rows":[["writecard","1","Description","ण","हरीण","deer.png","हरीण.mp3","बाण","arrow.png","बाण.mp3","ऐरण","anvil.png","ऐरण.mp3"],["writecard","1","Description","ख","खडू","chalk.png","खडू.mp3","खार","squirrel.png","खार.mp3","खराटा","broom.png","खराटा.mp3"],["writecard","1","Description","थ","थवा","birds_flock.png","थवा.mp3","थेंब","waterdrop.png","थेंब.mp3","नथ","nosering.png","नथ.mp3"],["writecard","1","Description","औ","औषध","medicine.png","औषध.mp3","औजार","tools.png","औजार.mp3","औदार्य","charity.png","औदार्य.mp3"],["writecard","1","Description","भ","भोपळा","pumpkin.png","भोपळा.mp3","भेंडी","okra.png","भेंडी.mp3","भोवरा","top.png","भोवरा.mp3"],["quizliteracy","1","Description","soundonly_image","deer.png","broom.png","squirrel.png","deer.png","","","हरीण.mp3"],["quizliteracy","1","Description","soundonly_image","nosering.png","nosering.png","broom.png","arrow.png","","","नथ.mp3"],["quizliteracy","1","Description","soundonly_image","chalk.png","squirrel.png","chalk.png","nosering.png","","","खडू.mp3"]]}]],0,0,[],[],[]],[[[0,"खार",".mp3",0.626939],-1],0,0,[],[],[]],[["0,9729,9729,33071,33071,0,0,1",-1],[0],0,[],[],[]],[[[0,"औषध",".mp3",0.966531],-1],0,0,[],[],[]],[[[0,"औदार्य",".mp3",1.018776],-1],0,0,[],[],[]],[[{"name":"nosering","rect":[0,0,640,475],"offset":[0,0],"originalSize":[640,475],"capInsets":[0,0,0,0]}],[1],0,[0],[0],[9]],[["0,9729,9729,33071,33071,0,0,1",-1],[0],0,[],[],[]],[[[0,"थवा",".mp3",0.705306],-1],0,0,[],[],[]],[[{"name":"top","rect":[0,0,640,386],"offset":[0,0],"originalSize":[640,386],"capInsets":[0,0,0,0]}],[1],0,[0],[0],[10]],[[[0,"ऐरण",".mp3",0.966531],-1],0,0,[],[],[]],[[{"name":"charity","rect":[0,0,640,435],"offset":[0,0],"originalSize":[640,435],"capInsets":[0,0,0,0]}],[1],0,[0],[0],[11]],[[[0,"औजार",".mp3",0.862041],-1],0,0,[],[],[]],[["0,9729,9729,33071,33071,0,0,1",-1],[0],0,[],[],[]],[[{"name":"medicine","rect":[0,0,640,427],"offset":[0,0],"originalSize":[640,427],"capInsets":[0,0,0,0]}],[1],0,[0],[0],[12]],[["0,9729,9729,33071,33071,0,0,1",-1],[0],0,[],[],[]],[["0,9729,9729,33071,33071,0,0,1",-1],[0],0,[],[],[]],[[{"name":"squirrel","rect":[0,0,640,480],"offset":[0,0],"originalSize":[640,480],"capInsets":[0,0,0,0]}],[1],0,[0],[0],[13]],[[[0,"थेंब",".mp3",0.679184],-1],0,0,[],[],[]],[[{"name":"broom","rect":[0,0,500,500],"offset":[0,0],"originalSize":[500,500],"capInsets":[0,0,0,0]}],[1],0,[0],[0],[14]],[["0,9729,9729,33071,33071,0,0,1",-1],[0],0,[],[],[]],[["0,9729,9729,33071,33071,0,0,1",-1],[0],0,[],[],[]],[["0,9729,9729,33071,33071,0,0,1",-1],[0],0,[],[],[]],[["0,9729,9729,33071,33071,0,0,1",-1],[0],0,[],[],[]],[[[0,"भोवरा",".mp3",0.888163],-1],0,0,[],[],[]],[[{"name":"birds_flock","rect":[0,0,640,427],"offset":[0,0],"originalSize":[640,427],"capInsets":[0,0,0,0]}],[1],0,[0],[0],[15]],[[[0,"खडू",".mp3",0.940408],-1],0,0,[],[],[]]]]