[1,["514gRLmtFID4sSNFDr4JD7","9c8tDwkB9Km58xEa1sa5ZH","0fJur02INKmKCNXpCV5MdW","8ft58FFghCY7U6unrUvoDA","934779HkJL/oSKL2otCFHQ","ca9a1ntmJB36VSKlG/rPjB","91pozzda5OkJqfEC3VMoqj","94JSlY7x9COqNNLbJyuvTY","6eJXpxGbFCXqTxrMWNAzg4","7fGa/1rwBOJbjuJv+NQKrq","89dRndMVtOZ6VQLGBghjN4"],["_textureSetter"],["cc.SpriteFrame","cc.Texture2D",["cc.AudioClip",["_name","_native","duration"],0],["cc.JsonAsset",["_name","json"],1]],[[2,0,1,2,4],[3,0,1,3]],[[[{"name":"beach","rect":[0,0,640,800],"offset":[0,0],"originalSize":[640,800],"capInsets":[0,0,0,0]}],[0],0,[0],[0],[0]],[[[0,"ಮನೆ",".mp3",0.624],-1],0,0,[],[],[]],[[[1,"kn1400",{"rows":[["openwindow","1","Description","LEGIT","ಅ,ಗ,ಸ","sky.png","ocean.png","ಅಗಸ.mp3","ಅ,ಗ,ಸ"],["rocket","1","Description","ಚಂದಿರ","ಚಂ,ದಿ,ರ","ಚಂ,ದಿ,ರ","ಚಂದಿರ.mp3","moon.png","False","False"],["openwindow","1","Description","LEGIT","ತಾ,ರೆ","star.png","sun.png","ತಾರೆ.mp3","ತಾ,ರೆ"],["rocket","1","Description","ರವಿ","ರ,ವಿ","ರ,ವಿ","ರವಿ.mp3","sun.png","False","False"],["openwindow","1","Description","LEGIT","ಮೋ,ಡ","clouds.png","beach.png","ಮೋಡ.mp3","ಮೋ,ಡ"],["rocket","1","Description","ಮನೆ","ಮ,ನೆ","ಮ,ನೆ","ಮನೆ.mp3","house.png","False","False"],["openwindow","1","Description","LEGIT","ದೀ,ಪ","lamp.png","bell.png","ದೀಪ.mp3","ದೀ,ಪ"],["rocket","1","Description","ಅಲೆ","ಅ,ಲೆ","ಅ,ಲೆ","ನೀರಿನ ಅಲೆ.mp3","seawave.png","False","False"],["quizliteracy","1","Description","image_word","ಅಗಸ","ಆಟ","ಆಗಸ","ತನಯ","sky.png"],["quizliteracy","1","Description","soundonly_image","moon.png","ocean.png","lamp.png","moon.png","","","ಚಂದಿರ.mp3"],["quizliteracy","1","Description","image_word","ಮನೆ","ಮನೆ","ದೀಪ","ಚಂದಿರ","house.png"]]}]],0,0,[],[],[]],[["0,9729,9729,33071,33071,0,0,1",-1],[1],0,[],[],[]],[[{"name":"sky","rect":[0,0,500,332],"offset":[0,0],"originalSize":[500,332],"capInsets":[0,0,0,0]}],[0],0,[0],[0],[1]],[[{"name":"sun","rect":[20,0,780,800],"offset":[10,0],"originalSize":[800,800],"capInsets":[0,0,0,0]}],[0],0,[0],[0],[2]],[["0,9729,9729,33071,33071,0,0,1",-1],[1],0,[],[],[]],[[{"name":"moon","rect":[0,0,800,781],"offset":[0,0],"originalSize":[800,781],"capInsets":[0,0,0,0]}],[0],0,[0],[0],[3]],[["0,9729,9729,33071,33071,0,0,1",-1],[1],0,[],[],[]],[[[0,"ನೀರಿನ ಅಲೆ",".mp3",1.056],-1],0,0,[],[],[]],[["0,9729,9729,33071,33071,0,0,1",-1],[1],0,[],[],[]],[[[0,"ತಾರೆ",".mp3",0.696],-1],0,0,[],[],[]],[["0,9729,9729,33071,33071,0,0,1",-1],[1],0,[],[],[]],[["0,9729,9729,33071,33071,0,0,1",-1],[1],0,[],[],[]],[["0,9729,9729,33071,33071,0,0,1",-1],[1],0,[],[],[]],[["0,9729,9729,33071,33071,0,0,1",-1],[1],0,[],[],[]],[["0,9729,9729,33071,33071,0,0,1",-1],[1],0,[],[],[]],[[{"name":"ocean","rect":[0,0,800,532],"offset":[0,0],"originalSize":[800,532],"capInsets":[0,0,0,0]}],[0],0,[0],[0],[4]],[["0,9729,9729,33071,33071,0,0,1",-1],[1],0,[],[],[]],[[[0,"ರವಿ",".mp3",0.624],-1],0,0,[],[],[]],[[{"name":"clouds","rect":[0,0,800,532],"offset":[0,0],"originalSize":[800,532],"capInsets":[0,0,0,0]}],[0],0,[0],[0],[5]],[[[0,"ಮೋಡ",".mp3",0.672],-1],0,0,[],[],[]],[["0,9729,9729,33071,33071,0,0,1",-1],[1],0,[],[],[]],[[[0,"ಅಗಸ",".mp3",1.056],-1],0,0,[],[],[]],[[{"name":"bell","rect":[0,0,533,800],"offset":[0,0],"originalSize":[533,800],"capInsets":[0,0,0,0]}],[0],0,[0],[0],[6]],[[{"name":"house","rect":[0,0,800,590],"offset":[0,0],"originalSize":[800,590],"capInsets":[0,0,0,0]}],[0],0,[0],[0],[7]],[[{"name":"star","rect":[4,123,796,600],"offset":[2,-23],"originalSize":[800,800],"capInsets":[0,0,0,0]}],[0],0,[0],[0],[8]],[[[0,"ದೀಪ",".mp3",0.696],-1],0,0,[],[],[]],[[{"name":"lamp","rect":[0,0,500,375],"offset":[0,0],"originalSize":[500,375],"capInsets":[0,0,0,0]}],[0],0,[0],[0],[9]],[[{"name":"seawave","rect":[0,0,800,533],"offset":[0,0],"originalSize":[800,533],"capInsets":[0,0,0,0]}],[0],0,[0],[0],[10]],[[[0,"ಚಂದಿರ",".mp3",0.816],-1],0,0,[],[],[]]]]