[1,["71zP7wemhH+Y11vQf9sdpe","b3b478q65KWJphMjzvRaF5","96x5+7wylKxr83BGWstVFi","32tTk6HS1D47IN0JDVuqrI","b0EO87lYBAPIZveGnpI6ZR","70FsDf7zdPJ4zD5JoNV5mJ","79W4VBF8NDY7kIewU8J/Tu"],["_textureSetter"],["cc.SpriteFrame","cc.Texture2D",["cc.AudioClip",["_name","_native","duration"],0],["cc.JsonAsset",["_name","json"],1]],[[2,0,1,2,4],[3,0,1,3]],[[[[0,"Saturday",".mp3",0.679184],-1],0,0,[],[],[]],[[{"name":"Thursday","rect":[0,0,512,404],"offset":[0,0],"originalSize":[512,404],"capInsets":[0,0,0,0]}],[0],0,[0],[0],[0]],[[[0,"Wednesday",".mp3",0.809796],-1],0,0,[],[],[]],[[[1,"sl_en3606",{"rows":[["openwindow1","1","Description","LEGIT","Sunday","Sunday.png","Wednesday.png","Sunday.mp3",""],["openwindow1","1","Description","LEGIT","Monday","Monday.png","Thursday.png","Monday.mp3",""],["openwindow1","1","Description","LEGIT","Tuesday","Tuesday.png","Friday.png","Tuesday.mp3",""],["openwindow1","1","Description","LEGIT","Wednesday","Wednesday.png","Saturday.png","Wednesday.mp3",""],["openwindow1","1","Description","LEGIT","Thursday","Thursday.png","Sunday.png","Thursday.mp3",""],["openwindow1","1","Description","LEGIT","Friday","Friday.png","Monday.png","Friday.mp3",""],["openwindow1","1","Description","LEGIT","Saturday","Saturday.png","Tuesday.png","Saturday.mp3",""],["quizliteracy","1","Description","word_word","Wed","Mon","Wed","Fri","","___nesday","Wednesday.mp3"],["quizliteracy","1","Description","soundonly_word","Sunday","Sunday","Thursday","Tuesday","","","Sunday.mp3"],["quizliteracy","1","Description","word_word","Tue","Sat","Wed","Sun","","___tuday","Saturday.mp3"]]}]],0,0,[],[],[]],[["0,9729,9729,33071,33071,0,0,1",-1],[1],0,[],[],[]],[[{"name":"Sunday","rect":[0,0,512,404],"offset":[0,0],"originalSize":[512,404],"capInsets":[0,0,0,0]}],[0],0,[0],[0],[1]],[[[0,"Thursday",".mp3",0.783673],-1],0,0,[],[],[]],[["0,9729,9729,33071,33071,0,0,1",-1],[1],0,[],[],[]],[["0,9729,9729,33071,33071,0,0,1",-1],[1],0,[],[],[]],[["0,9729,9729,33071,33071,0,0,1",-1],[1],0,[],[],[]],[[[0,"Friday",".mp3",0.679184],-1],0,0,[],[],[]],[["0,9729,9729,33071,33071,0,0,1",-1],[1],0,[],[],[]],[[{"name":"Friday","rect":[0,0,512,404],"offset":[0,0],"originalSize":[512,404],"capInsets":[0,0,0,0]}],[0],0,[0],[0],[2]],[[{"name":"Wednesday","rect":[0,0,1060,837],"offset":[0,0],"originalSize":[1060,837],"capInsets":[0,0,0,0]}],[0],0,[0],[0],[3]],[[{"name":"Monday","rect":[0,0,512,404],"offset":[0,0],"originalSize":[512,404],"capInsets":[0,0,0,0]}],[0],0,[0],[0],[4]],[["0,9729,9729,33071,33071,0,0,1",-1],[1],0,[],[],[]],[["0,9729,9729,33071,33071,0,0,1",-1],[1],0,[],[],[]],[[[0,"Monday",".mp3",0.731429],-1],0,0,[],[],[]],[[[0,"Tuesday",".mp3",0.731429],-1],0,0,[],[],[]],[[{"name":"Tuesday","rect":[0,0,1060,837],"offset":[0,0],"originalSize":[1060,837],"capInsets":[0,0,0,0]}],[0],0,[0],[0],[5]],[[[0,"Sunday",".mp3",0.731429],-1],0,0,[],[],[]],[[{"name":"Saturday","rect":[0,0,512,404],"offset":[0,0],"originalSize":[512,404],"capInsets":[0,0,0,0]}],[0],0,[0],[0],[6]]]]