[1,["bam1eIj6RFjojdET8O3s4m","466xgs0UJCHZFf/a7YMQa8","04gemGFhdCnYfE37Knq577","4aOcDc0P5OMolzuqrtacEr","b4kTBQsD9Op55zoXpHdM2A","01Yq2TytNOdp/qmzQsP72m"],["_textureSetter"],["cc.Texture2D","cc.SpriteFrame",["cc.AudioClip",["_name","_native","duration"],0],["cc.JsonAsset",["_name","json"],1]],[[2,0,1,2,4],[3,0,1,3]],[[["0,9729,9729,33071,33071,0,0,1",-1],[0],0,[],[],[]],[["0,9729,9729,33071,33071,0,0,1",-1],[0],0,[],[],[]],[["0,9729,9729,33071,33071,0,0,1",-1],[0],0,[],[],[]],[["0,9729,9729,33071,33071,0,0,1",-1],[0],0,[],[],[]],[[{"name":"firecracker flower","rect":[0,0,500,332],"offset":[0,0],"originalSize":[500,332],"capInsets":[0,0,0,0]}],[1],0,[0],[0],[0]],[[[0,"ಗುಲಾಬಿ",".mp3",0.816],-1],0,0,[],[],[]],[[[0,"ದಾಸವಾಳ",".mp3",1.032],-1],0,0,[],[],[]],[[[0,"ಕನಕಾಂಬರ",".mp3",1.056],-1],0,0,[],[],[]],[[{"name":"sunflower","rect":[0,0,333,500],"offset":[0,0],"originalSize":[333,500],"capInsets":[0,0,0,0]}],[1],0,[0],[0],[1]],[[{"name":"hibiscus","rect":[0,0,333,500],"offset":[0,0],"originalSize":[333,500],"capInsets":[0,0,0,0]}],[1],0,[0],[0],[2]],[[[0,"ಚೆಂಡುಹೂ",".mp3",0.888],-1],0,0,[],[],[]],[[{"name":"rose","rect":[0,0,500,334],"offset":[0,0],"originalSize":[500,334],"capInsets":[0,0,0,0]}],[1],0,[0],[0],[3]],[[{"name":"jasmin","rect":[0,0,500,290],"offset":[0,0],"originalSize":[500,290],"capInsets":[0,0,0,0]}],[1],0,[0],[0],[4]],[["0,9729,9729,33071,33071,0,0,1",-1],[0],0,[],[],[]],[["0,9729,9729,33071,33071,0,0,1",-1],[0],0,[],[],[]],[[{"name":"mari-gold","rect":[0,0,500,333],"offset":[0,0],"originalSize":[500,333],"capInsets":[0,0,0,0]}],[1],0,[0],[0],[5]],[[[0,"ಮಲ್ಲಿಗೆ",".mp3",0.816],-1],0,0,[],[],[]],[[[0,"ಸೂರ್ಯಕಾಂತಿ",".mp3",1.152],-1],0,0,[],[],[]],[[[1,"kn3205",{"rows":[["openwindow1","1","Description","LEGIT","ಗುಲಾಬಿ","rose.png","sunflower.png","ಗುಲಾಬಿ.mp3","ಗು,ಲಾ,ಬಿ"],["openwindow1","1","Description","LEGIT","ಚೆಂಡುಹೂ","mari-gold.png","jasmin.png","ಚೆಂಡುಹೂ.mp3","ಚೆಂ,ಡು, ಹೂ"],["openwindow1","1","Description","LEGIT","ದಾಸವಾಳ","hibiscus.png","firecracker flower.png","ದಾಸವಾಳ.mp3","ದಾ,ಸ,ವಾ,ಳ"],["openwindow1","1","Description","LEGIT","ಮಲ್ಲಿಗೆ","jasmin.png","mari-gold.png","ಮಲ್ಲಿಗೆ.mp3","ಮ,ಲ್ಲಿ,ಗೆ"],["openwindow1","1","Description","LEGIT","ಸೂರ್ಯಕಾಂತಿ","sunflower.png","rose.png","ಸೂರ್ಯಕಾಂತಿ.mp3","ಸೂ,ರ್ಯ,ಕಾಂ,ತಿ"],["openwindow1","1","Description","LEGIT","ಕನಕಾಂಬರ","firecracker flower.png","hibiscus.png","ಕನಕಾಂಬರ.mp3","ಕ,ನ,ಕಾಂ,ಬ,ರ"],["quizliteracy","1","Description","word_word","ವಾಳ","ಮೀರ","ವಾಳ","ಲೋಕ","","ದಾಸ_____","ದಾಸವಾಳ.mp3"],["quizliteracy","1","Description","image_word","ಮಲ್ಲಿಗೆ","ಮಲ್ಲಿಗೆ","ಚೆಂಡುಹೂ","ಗುಲಾಬಿ","jasmin.png"],["quizliteracy","1","Description","soundonly_word","ಸೂರ್ಯಕಾಂತಿ","ಕನಕಾಂಬರ","ಚೆಂಡುಹೂ","ಸೂರ್ಯಕಾಂತಿ","","","ಸೂರ್ಯಕಾಂತಿ.mp3"]]}]],0,0,[],[],[]]]]