[1,["6as5e76IlG2a0VQrjP0U6N","479QAibJJGc5luA5qsxM33","a71aH/2BdCuoFXPU5wPPJd","9boXNsp4pOgoTx+JzzS5Hc"],["_textureSetter"],["cc.Texture2D","cc.SpriteFrame",["cc.JsonAsset",["_name","json"],1],["cc.AudioClip",["_name","_native","duration"],0]],[[3,0,1,2,4],[2,0,1,3]],[[[[1,"sl_en2404",{"rows":[["openwindow","1","Description","LEGIT","knee","knee.png","face.png","knee.mp3","abcdefghijklmnopqrstuvwxyz"],["openwindow","1","Description","LEGIT","eyebrow","eyebrow.png","nail.png","eyebrow.mp3","abcdefghijklmnopqrstuvwxyz"],["openwindow","1","Description","LEGIT","forehead","forehead.png","neck.png","forehead.mp3","abcdefghijklmnopqrstuvwxyz"],["openwindow","1","Description","LEGIT","mouth","mouth.png","tongue.png","mouth.mp3","abcdefghijklmnopqrstuvwxyz"],["openwindow","1","Description","LEGIT","tongue","tongue.png","mom.png","tongue.mp3","abcdefghijklmnopqrstuvwxyz"],["openwindow","1","Description","LEGIT","teeth","teeth.png","forehead.png","teeth.mp3","abcdefghijklmnopqrstuvwxyz"],["openwindow","1","Description","LEGIT","face","face.png","knee.png","face.mp3","abcdefghijklmnopqrstuvwxyz"],["openwindow","1","Description","LEGIT","nail","nail.png","eyebrow.png","color.mp3","abcdefghijklmnopqrstuvwxyz"],["openwindow","1","Description","LEGIT","neck","neck.png","forehead.png","cow.mp3","abcdefghijklmnopqrstuvwxyz"],["quizliteracy","1","Description","image_word","nail","eyebrow","forehead","nail","lips.png"],["quizliteracy","1","Description","soundonly_image","face.png","face.png","hair.png","fingers.png","","","face.mp3"],["quizliteracy","1","Description","image_word","teeth","neck","teeth","lips","teeth.png"]]}]],0,0,[],[],[]],[[[0,"forehead",".mp3",1.149388],-1],0,0,[],[],[]],[[[0,"mouth",".mp3",0.809796],-1],0,0,[],[],[]],[["0,9729,9729,33071,33071,0,0,1",-1],[0],0,[],[],[]],[["0,9729,9729,33071,33071,0,0,1",-1],[0],0,[],[],[]],[[{"name":"mom","rect":[4,8,502,792],"offset":[-1.5,-4],"originalSize":[513,800],"capInsets":[0,0,0,0]}],[1],0,[0],[0],[0]],[["0,9729,9729,33071,33071,0,0,1",-1],[0],0,[],[],[]],[[{"name":"face","rect":[0,0,134,140],"offset":[-3,0],"originalSize":[140,140],"capInsets":[0,0,0,0]}],[1],0,[0],[0],[1]],[[{"name":"mouth","rect":[63,39,1364,1057],"offset":[-22,-19.5],"originalSize":[1534,1096],"capInsets":[0,0,0,0]}],[1],0,[0],[0],[2]],[["0,9729,9729,33071,33071,0,0,1",-1],[0],0,[],[],[]],[[{"name":"forehead","rect":[63,39,922,1057],"offset":[-243,-19.5],"originalSize":[1534,1096],"capInsets":[0,0,0,0]}],[1],0,[0],[0],[3]],[[[0,"teeth",".mp3",0.496327],-1],0,0,[],[],[]],[[[0,"cow",".mp3",0.653061],-1],0,0,[],[],[]],[[[0,"color",".mp3",0.574694],-1],0,0,[],[],[]],[[[0,"tongue",".mp3",0.783673],-1],0,0,[],[],[]],[[[0,"face",".mp3",0.809796],-1],0,0,[],[],[]]]]